ativo_objeto,ticker_opcao,tipo,strike,vencimento,dte,categoria_vencimento,ultimo_preco,liquidez_score,cenario,estruturas_sugeridas,score,status,motivo
ENEV3,ENEVR245,PUT,24.5,2026-06-19,23,CURTO,0.62,100.0,PROTECAO_CARTEIRA,"Protective Put, Collar",95.0,CANDIDATA_PROXIMO_PREGAO,Liquidez score 100.0 ≥ 50 com vencimento CURTO — candidata para próximo pregão.
B3SA3,B3SAF167,CALL,16.72,2026-06-19,23,CURTO,0.75,100.0,RECUPERACAO_APOS_QUEDA,"Call Longa, Trava de Alta, Call Debit Spread",95.0,CANDIDATA_PROXIMO_PREGAO,Liquidez score 100.0 ≥ 50 com vencimento CURTO — candidata para próximo pregão.
B3SA3,B3SAR170,PUT,16.97,2026-06-19,23,CURTO,0.79,100.0,RECUPERACAO_APOS_QUEDA,"Call Longa, Trava de Alta, Call Debit Spread",95.0,CANDIDATA_PROXIMO_PREGAO,Liquidez score 100.0 ≥ 50 com vencimento CURTO — candidata para próximo pregão.
ENEV3,ENEVR250,PUT,25.0,2026-06-19,23,CURTO,0.93,100.0,PROTECAO_CARTEIRA,"Protective Put, Collar",95.0,CANDIDATA_PROXIMO_PREGAO,Liquidez score 100.0 ≥ 50 com vencimento CURTO — candidata para próximo pregão.
B3SA3,B3SAF165,CALL,16.47,2026-06-19,23,CURTO,0.88,100.0,RECUPERACAO_APOS_QUEDA,"Call Longa, Trava de Alta, Call Debit Spread",95.0,CANDIDATA_PROXIMO_PREGAO,Liquidez score 100.0 ≥ 50 com vencimento CURTO — candidata para próximo pregão.
ENEV3,ENEVF250,CALL,25.0,2026-06-19,23,CURTO,1.56,100.0,PROTECAO_CARTEIRA,"Protective Put, Collar",95.0,CANDIDATA_PROXIMO_PREGAO,Liquidez score 100.0 ≥ 50 com vencimento CURTO — candidata para próximo pregão.
B3SA3,B3SAF170,CALL,16.97,2026-06-19,23,CURTO,0.59,100.0,RECUPERACAO_APOS_QUEDA,"Call Longa, Trava de Alta, Call Debit Spread",95.0,CANDIDATA_PROXIMO_PREGAO,Liquidez score 100.0 ≥ 50 com vencimento CURTO — candidata para próximo pregão.
B3SA3,B3SAR165,PUT,16.47,2026-06-19,23,CURTO,0.54,100.0,RECUPERACAO_APOS_QUEDA,"Call Longa, Trava de Alta, Call Debit Spread",95.0,CANDIDATA_PROXIMO_PREGAO,Liquidez score 100.0 ≥ 50 com vencimento CURTO — candidata para próximo pregão.
B3SA3,B3SAR167,PUT,16.72,2026-06-19,23,CURTO,0.65,100.0,RECUPERACAO_APOS_QUEDA,"Call Longa, Trava de Alta, Call Debit Spread",95.0,CANDIDATA_PROXIMO_PREGAO,Liquidez score 100.0 ≥ 50 com vencimento CURTO — candidata para próximo pregão.
PETR4,PETRR452,PUT,44.69,2026-06-19,23,CURTO,1.64,100.0,CONTINUACAO_BAIXA,"Trava de Baixa, Put Debit Spread",90.0,CANDIDATA_PROXIMO_PREGAO,Liquidez score 100.0 ≥ 50 com vencimento CURTO — candidata para próximo pregão.
PETR4,PETRR454,PUT,44.94,2026-06-19,23,CURTO,1.78,100.0,CONTINUACAO_BAIXA,"Trava de Baixa, Put Debit Spread",90.0,CANDIDATA_PROXIMO_PREGAO,Liquidez score 100.0 ≥ 50 com vencimento CURTO — candidata para próximo pregão.
ITUB4,ITUBR431,PUT,39.36,2026-06-19,23,CURTO,0.87,100.0,RECUPERACAO_APOS_QUEDA,"Call Longa, Trava de Alta, Call Debit Spread",90.0,CANDIDATA_PROXIMO_PREGAO,Liquidez score 100.0 ≥ 50 com vencimento CURTO — candidata para próximo pregão.
PETR4,PETRR457,PUT,45.19,2026-06-19,23,CURTO,1.92,100.0,CONTINUACAO_BAIXA,"Trava de Baixa, Put Debit Spread",90.0,CANDIDATA_PROXIMO_PREGAO,Liquidez score 100.0 ≥ 50 com vencimento CURTO — candidata para próximo pregão.
ITUB4,ITUBF404,CALL,40.09,2026-06-19,23,CURTO,1.0,100.0,RECUPERACAO_APOS_QUEDA,"Call Longa, Trava de Alta, Call Debit Spread",90.0,CANDIDATA_PROXIMO_PREGAO,Liquidez score 100.0 ≥ 50 com vencimento CURTO — candidata para próximo pregão.
ITUB4,ITUBF429,CALL,39.11,2026-06-19,23,CURTO,1.5,100.0,RECUPERACAO_APOS_QUEDA,"Call Longa, Trava de Alta, Call Debit Spread",90.0,CANDIDATA_PROXIMO_PREGAO,Liquidez score 100.0 ≥ 50 com vencimento CURTO — candidata para próximo pregão.
ITUB4,ITUBF430,CALL,38.87,2026-06-19,23,CURTO,1.71,100.0,RECUPERACAO_APOS_QUEDA,"Call Longa, Trava de Alta, Call Debit Spread",90.0,CANDIDATA_PROXIMO_PREGAO,Liquidez score 100.0 ≥ 50 com vencimento CURTO — candidata para próximo pregão.
ITUB4,ITUBF431,CALL,39.36,2026-06-19,23,CURTO,1.3,100.0,RECUPERACAO_APOS_QUEDA,"Call Longa, Trava de Alta, Call Debit Spread",90.0,CANDIDATA_PROXIMO_PREGAO,Liquidez score 100.0 ≥ 50 com vencimento CURTO — candidata para próximo pregão.
ITUB4,ITUBF434,CALL,39.6,2026-06-19,23,CURTO,1.15,100.0,RECUPERACAO_APOS_QUEDA,"Call Longa, Trava de Alta, Call Debit Spread",90.0,CANDIDATA_PROXIMO_PREGAO,Liquidez score 100.0 ≥ 50 com vencimento CURTO — candidata para próximo pregão.
ITUB4,ITUBF436,CALL,39.84,2026-06-19,23,CURTO,1.07,100.0,RECUPERACAO_APOS_QUEDA,"Call Longa, Trava de Alta, Call Debit Spread",90.0,CANDIDATA_PROXIMO_PREGAO,Liquidez score 100.0 ≥ 50 com vencimento CURTO — candidata para próximo pregão.
ITUB4,ITUBR404,PUT,40.09,2026-06-19,23,CURTO,1.23,100.0,RECUPERACAO_APOS_QUEDA,"Call Longa, Trava de Alta, Call Debit Spread",90.0,CANDIDATA_PROXIMO_PREGAO,Liquidez score 100.0 ≥ 50 com vencimento CURTO — candidata para próximo pregão.
ITUB4,ITUBR429,PUT,39.11,2026-06-19,23,CURTO,0.79,100.0,RECUPERACAO_APOS_QUEDA,"Call Longa, Trava de Alta, Call Debit Spread",90.0,CANDIDATA_PROXIMO_PREGAO,Liquidez score 100.0 ≥ 50 com vencimento CURTO — candidata para próximo pregão.
WEGE3,WEGEF435,CALL,43.53,2026-06-19,23,CURTO,1.32,100.0,RECUPERACAO_APOS_QUEDA,"Call Longa, Trava de Alta, Call Debit Spread",90.0,CANDIDATA_PROXIMO_PREGAO,Liquidez score 100.0 ≥ 50 com vencimento CURTO — candidata para próximo pregão.
PETR4,PETRF454,CALL,44.94,2026-06-19,23,CURTO,1.7,100.0,CONTINUACAO_BAIXA,"Trava de Baixa, Put Debit Spread",90.0,CANDIDATA_PROXIMO_PREGAO,Liquidez score 100.0 ≥ 50 com vencimento CURTO — candidata para próximo pregão.
ITUB4,ITUBR434,PUT,39.6,2026-06-19,23,CURTO,0.98,100.0,RECUPERACAO_APOS_QUEDA,"Call Longa, Trava de Alta, Call Debit Spread",90.0,CANDIDATA_PROXIMO_PREGAO,Liquidez score 100.0 ≥ 50 com vencimento CURTO — candidata para próximo pregão.
ITUB4,ITUBR430,PUT,38.87,2026-06-19,23,CURTO,0.69,100.0,RECUPERACAO_APOS_QUEDA,"Call Longa, Trava de Alta, Call Debit Spread",90.0,CANDIDATA_PROXIMO_PREGAO,Liquidez score 100.0 ≥ 50 com vencimento CURTO — candidata para próximo pregão.
BBDC4,BBDCF200,CALL,17.51,2026-06-19,23,CURTO,0.67,100.0,RECUPERACAO_APOS_QUEDA,"Call Longa, Trava de Alta, Call Debit Spread",90.0,CANDIDATA_PROXIMO_PREGAO,Liquidez score 100.0 ≥ 50 com vencimento CURTO — candidata para próximo pregão.
PETR4,PETRQ447W5,PUT,44.21,2026-05-29,2,CURTO,0.72,100.0,CONTINUACAO_BAIXA,"Trava de Baixa, Put Debit Spread",90.0,CANDIDATA_PROXIMO_PREGAO,Liquidez score 100.0 ≥ 50 com vencimento CURTO — candidata para próximo pregão.
GGBR4,GGBRR244,PUT,24.18,2026-06-19,23,CURTO,0.77,100.0,CONTINUACAO_ALTA,"Trava de Alta, Call Debit Spread",90.0,CANDIDATA_PROXIMO_PREGAO,Liquidez score 100.0 ≥ 50 com vencimento CURTO — candidata para próximo pregão.
GGBR4,GGBRR239,PUT,23.68,2026-06-19,23,CURTO,0.6,100.0,CONTINUACAO_ALTA,"Trava de Alta, Call Debit Spread",90.0,CANDIDATA_PROXIMO_PREGAO,Liquidez score 100.0 ≥ 50 com vencimento CURTO — candidata para próximo pregão.
ENEV3,ENEVR230,PUT,23.0,2026-06-19,23,CURTO,0.29,100.0,PROTECAO_CARTEIRA,"Protective Put, Collar",90.0,CANDIDATA_PROXIMO_PREGAO,Liquidez score 100.0 ≥ 50 com vencimento CURTO — candidata para próximo pregão.
ENEV3,ENEVF255,CALL,25.5,2026-06-19,23,CURTO,0.78,100.0,PROTECAO_CARTEIRA,"Protective Put, Collar",90.0,CANDIDATA_PROXIMO_PREGAO,Liquidez score 100.0 ≥ 50 com vencimento CURTO — candidata para próximo pregão.
BPAC11,BPACR535,PUT,53.55,2026-06-19,23,CURTO,1.53,100.0,RECUPERACAO_APOS_QUEDA,"Call Longa, Trava de Alta, Call Debit Spread",90.0,CANDIDATA_PROXIMO_PREGAO,Liquidez score 100.0 ≥ 50 com vencimento CURTO — candidata para próximo pregão.
ENEV3,ENEVF260,CALL,26.0,2026-06-19,23,CURTO,1.12,100.0,PROTECAO_CARTEIRA,"Protective Put, Collar",90.0,CANDIDATA_PROXIMO_PREGAO,Liquidez score 100.0 ≥ 50 com vencimento CURTO — candidata para próximo pregão.
ENEV3,ENEVF275,CALL,27.5,2026-06-19,23,CURTO,0.33,100.0,PROTECAO_CARTEIRA,"Protective Put, Collar",90.0,CANDIDATA_PROXIMO_PREGAO,Liquidez score 100.0 ≥ 50 com vencimento CURTO — candidata para próximo pregão.
BPAC11,BPACF540,CALL,54.05,2026-06-19,23,CURTO,2.03,100.0,RECUPERACAO_APOS_QUEDA,"Call Longa, Trava de Alta, Call Debit Spread",90.0,CANDIDATA_PROXIMO_PREGAO,Liquidez score 100.0 ≥ 50 com vencimento CURTO — candidata para próximo pregão.
RENT3,RENTR443,PUT,43.87,2026-06-19,23,CURTO,1.95,100.0,RECUPERACAO_APOS_QUEDA,"Call Longa, Trava de Alta, Call Debit Spread",90.0,CANDIDATA_PROXIMO_PREGAO,Liquidez score 100.0 ≥ 50 com vencimento CURTO — candidata para próximo pregão.
SUZB3,SUZBR421,PUT,42.17,2026-06-19,23,CURTO,0.95,100.0,RECUPERACAO_APOS_QUEDA,"Call Longa, Trava de Alta, Call Debit Spread",90.0,CANDIDATA_PROXIMO_PREGAO,Liquidez score 100.0 ≥ 50 com vencimento CURTO — candidata para próximo pregão.
PETR4,PETRR449,PUT,44.44,2026-06-19,23,CURTO,1.52,100.0,CONTINUACAO_BAIXA,"Trava de Baixa, Put Debit Spread",90.0,CANDIDATA_PROXIMO_PREGAO,Liquidez score 100.0 ≥ 50 com vencimento CURTO — candidata para próximo pregão.
ITUB4,ITUBR436,PUT,39.84,2026-06-19,23,CURTO,1.1,100.0,RECUPERACAO_APOS_QUEDA,"Call Longa, Trava de Alta, Call Debit Spread",90.0,CANDIDATA_PROXIMO_PREGAO,Liquidez score 100.0 ≥ 50 com vencimento CURTO — candidata para próximo pregão.
PETR4,PETRR447,PUT,44.19,2026-06-19,23,CURTO,1.42,100.0,CONTINUACAO_BAIXA,"Trava de Baixa, Put Debit Spread",90.0,CANDIDATA_PROXIMO_PREGAO,Liquidez score 100.0 ≥ 50 com vencimento CURTO — candidata para próximo pregão.
PETR4,PETRR444,PUT,43.94,2026-06-19,23,CURTO,1.31,100.0,CONTINUACAO_BAIXA,"Trava de Baixa, Put Debit Spread",90.0,CANDIDATA_PROXIMO_PREGAO,Liquidez score 100.0 ≥ 50 com vencimento CURTO — candidata para próximo pregão.
PETR4,PETRQ455W5,PUT,44.96,2026-05-29,2,CURTO,1.07,100.0,CONTINUACAO_BAIXA,"Trava de Baixa, Put Debit Spread",90.0,CANDIDATA_PROXIMO_PREGAO,Liquidez score 100.0 ≥ 50 com vencimento CURTO — candidata para próximo pregão.
PETR4,PETRF442,CALL,43.69,2026-06-19,23,CURTO,2.36,100.0,CONTINUACAO_BAIXA,"Trava de Baixa, Put Debit Spread",90.0,CANDIDATA_PROXIMO_PREGAO,Liquidez score 100.0 ≥ 50 com vencimento CURTO — candidata para próximo pregão.
BBDC4,BBDCR4,PUT,17.76,2026-06-19,23,CURTO,0.5,100.0,RECUPERACAO_APOS_QUEDA,"Call Longa, Trava de Alta, Call Debit Spread",90.0,CANDIDATA_PROXIMO_PREGAO,Liquidez score 100.0 ≥ 50 com vencimento CURTO — candidata para próximo pregão.
BBAS3,BBASF206,CALL,20.6,2026-06-19,23,CURTO,0.88,100.0,RECUPERACAO_APOS_QUEDA,"Call Longa, Trava de Alta, Call Debit Spread",90.0,CANDIDATA_PROXIMO_PREGAO,Liquidez score 100.0 ≥ 50 com vencimento CURTO — candidata para próximo pregão.
BBAS3,BBASF210,CALL,20.85,2026-06-19,23,CURTO,0.75,100.0,RECUPERACAO_APOS_QUEDA,"Call Longa, Trava de Alta, Call Debit Spread",90.0,CANDIDATA_PROXIMO_PREGAO,Liquidez score 100.0 ≥ 50 com vencimento CURTO — candidata para próximo pregão.
BBAS3,BBASF213,CALL,21.35,2026-06-19,23,CURTO,0.47,100.0,RECUPERACAO_APOS_QUEDA,"Call Longa, Trava de Alta, Call Debit Spread",90.0,CANDIDATA_PROXIMO_PREGAO,Liquidez score 100.0 ≥ 50 com vencimento CURTO — candidata para próximo pregão.
BBAS3,BBASF214,CALL,21.1,2026-06-19,23,CURTO,0.58,100.0,RECUPERACAO_APOS_QUEDA,"Call Longa, Trava de Alta, Call Debit Spread",90.0,CANDIDATA_PROXIMO_PREGAO,Liquidez score 100.0 ≥ 50 com vencimento CURTO — candidata para próximo pregão.
BBAS3,BBASR206,PUT,20.6,2026-06-19,23,CURTO,0.38,100.0,RECUPERACAO_APOS_QUEDA,"Call Longa, Trava de Alta, Call Debit Spread",90.0,CANDIDATA_PROXIMO_PREGAO,Liquidez score 100.0 ≥ 50 com vencimento CURTO — candidata para próximo pregão.
BBAS3,BBASR210,PUT,20.85,2026-06-19,23,CURTO,0.53,100.0,RECUPERACAO_APOS_QUEDA,"Call Longa, Trava de Alta, Call Debit Spread",90.0,CANDIDATA_PROXIMO_PREGAO,Liquidez score 100.0 ≥ 50 com vencimento CURTO — candidata para próximo pregão.
BBAS3,BBASR213,PUT,21.35,2026-06-19,23,CURTO,0.71,100.0,RECUPERACAO_APOS_QUEDA,"Call Longa, Trava de Alta, Call Debit Spread",90.0,CANDIDATA_PROXIMO_PREGAO,Liquidez score 100.0 ≥ 50 com vencimento CURTO — candidata para próximo pregão.
BBAS3,BBASR214,PUT,21.1,2026-06-19,23,CURTO,0.57,100.0,RECUPERACAO_APOS_QUEDA,"Call Longa, Trava de Alta, Call Debit Spread",90.0,CANDIDATA_PROXIMO_PREGAO,Liquidez score 100.0 ≥ 50 com vencimento CURTO — candidata para próximo pregão.
PETR4,PETRF444,CALL,43.94,2026-06-19,23,CURTO,2.19,100.0,CONTINUACAO_BAIXA,"Trava de Baixa, Put Debit Spread",90.0,CANDIDATA_PROXIMO_PREGAO,Liquidez score 100.0 ≥ 50 com vencimento CURTO — candidata para próximo pregão.
PETR4,PETRR442,PUT,43.69,2026-06-19,23,CURTO,1.22,100.0,CONTINUACAO_BAIXA,"Trava de Baixa, Put Debit Spread",90.0,CANDIDATA_PROXIMO_PREGAO,Liquidez score 100.0 ≥ 50 com vencimento CURTO — candidata para próximo pregão.
PETR4,PETRF457,CALL,45.19,2026-06-19,23,CURTO,1.58,100.0,CONTINUACAO_BAIXA,"Trava de Baixa, Put Debit Spread",90.0,CANDIDATA_PROXIMO_PREGAO,Liquidez score 100.0 ≥ 50 com vencimento CURTO — candidata para próximo pregão.
B3SA3,B3SAF172,CALL,17.22,2026-06-19,23,CURTO,0.48,100.0,RECUPERACAO_APOS_QUEDA,"Call Longa, Trava de Alta, Call Debit Spread",90.0,CANDIDATA_PROXIMO_PREGAO,Liquidez score 100.0 ≥ 50 com vencimento CURTO — candidata para próximo pregão.
B3SA3,B3SAF177,CALL,17.72,2026-06-19,23,CURTO,0.33,100.0,RECUPERACAO_APOS_QUEDA,"Call Longa, Trava de Alta, Call Debit Spread",90.0,CANDIDATA_PROXIMO_PREGAO,Liquidez score 100.0 ≥ 50 com vencimento CURTO — candidata para próximo pregão.
B3SA3,B3SAF180,CALL,17.97,2026-06-19,23,CURTO,0.28,100.0,RECUPERACAO_APOS_QUEDA,"Call Longa, Trava de Alta, Call Debit Spread",90.0,CANDIDATA_PROXIMO_PREGAO,Liquidez score 100.0 ≥ 50 com vencimento CURTO — candidata para próximo pregão.
B3SA3,B3SAG163,CALL,16.39,2026-07-17,51,MEDIO,1.24,100.0,RECUPERACAO_APOS_QUEDA,"Call Longa, Trava de Alta, Call Debit Spread",90.0,MONITORAR_NO_RTD,Liquidez score 100.0 ≥ 30 — monitorar confirmação via RTD.
B3SA3,B3SAG166,CALL,16.64,2026-07-17,51,MEDIO,1.06,100.0,RECUPERACAO_APOS_QUEDA,"Call Longa, Trava de Alta, Call Debit Spread",90.0,MONITORAR_NO_RTD,Liquidez score 100.0 ≥ 30 — monitorar confirmação via RTD.
B3SA3,B3SAR162,PUT,16.22,2026-06-19,23,CURTO,0.42,100.0,RECUPERACAO_APOS_QUEDA,"Call Longa, Trava de Alta, Call Debit Spread",90.0,CANDIDATA_PROXIMO_PREGAO,Liquidez score 100.0 ≥ 50 com vencimento CURTO — candidata para próximo pregão.
PETR4,PETRF447,CALL,44.19,2026-06-19,23,CURTO,2.07,100.0,CONTINUACAO_BAIXA,"Trava de Baixa, Put Debit Spread",90.0,CANDIDATA_PROXIMO_PREGAO,Liquidez score 100.0 ≥ 50 com vencimento CURTO — candidata para próximo pregão.
PETR4,PETRF449,CALL,44.44,2026-06-19,23,CURTO,1.92,100.0,CONTINUACAO_BAIXA,"Trava de Baixa, Put Debit Spread",90.0,CANDIDATA_PROXIMO_PREGAO,Liquidez score 100.0 ≥ 50 com vencimento CURTO — candidata para próximo pregão.
BBDC4,BBDCR200,PUT,17.51,2026-06-19,23,CURTO,0.38,100.0,RECUPERACAO_APOS_QUEDA,"Call Longa, Trava de Alta, Call Debit Spread",90.0,CANDIDATA_PROXIMO_PREGAO,Liquidez score 100.0 ≥ 50 com vencimento CURTO — candidata para próximo pregão.
BBDC4,BBDCF4,CALL,17.76,2026-06-19,23,CURTO,0.53,100.0,RECUPERACAO_APOS_QUEDA,"Call Longa, Trava de Alta, Call Debit Spread",90.0,CANDIDATA_PROXIMO_PREGAO,Liquidez score 100.0 ≥ 50 com vencimento CURTO — candidata para próximo pregão.
PETR4,PETRF452,CALL,44.69,2026-06-19,23,CURTO,1.8,100.0,CONTINUACAO_BAIXA,"Trava de Baixa, Put Debit Spread",90.0,CANDIDATA_PROXIMO_PREGAO,Liquidez score 100.0 ≥ 50 com vencimento CURTO — candidata para próximo pregão.
PETR4,PETRQ452W5,PUT,44.71,2026-05-29,2,CURTO,0.95,100.0,CONTINUACAO_BAIXA,"Trava de Baixa, Put Debit Spread",90.0,CANDIDATA_PROXIMO_PREGAO,Liquidez score 100.0 ≥ 50 com vencimento CURTO — candidata para próximo pregão.
PETR4,PETRF455,CALL,44.96,2026-06-19,23,CURTO,5.56,99.8,CONTINUACAO_BAIXA,"Trava de Baixa, Put Debit Spread",89.9,CANDIDATA_PROXIMO_PREGAO,Liquidez score 99.8 ≥ 50 com vencimento CURTO — candidata para próximo pregão.
WEGE3,WEGEF424W1,CALL,42.42,2026-06-05,9,CURTO,1.31,99.1,RECUPERACAO_APOS_QUEDA,"Call Longa, Trava de Alta, Call Debit Spread",89.7,CANDIDATA_PROXIMO_PREGAO,Liquidez score 99.1 ≥ 50 com vencimento CURTO — candidata para próximo pregão.
SUZB3,SUZBR411,PUT,41.17,2026-06-19,23,CURTO,0.53,98.8,RECUPERACAO_APOS_QUEDA,"Call Longa, Trava de Alta, Call Debit Spread",89.6,CANDIDATA_PROXIMO_PREGAO,Liquidez score 98.8 ≥ 50 com vencimento CURTO — candidata para próximo pregão.
HAPV3,HAPVF122,CALL,12.25,2026-06-19,23,CURTO,0.65,98.1,CONTINUACAO_BAIXA,"Trava de Baixa, Put Debit Spread",89.4,CANDIDATA_PROXIMO_PREGAO,Liquidez score 98.1 ≥ 50 com vencimento CURTO — candidata para próximo pregão.
B3SA3,B3SAR163,PUT,15.97,2026-06-19,23,CURTO,0.34,97.3,RECUPERACAO_APOS_QUEDA,"Call Longa, Trava de Alta, Call Debit Spread",89.2,CANDIDATA_PROXIMO_PREGAO,Liquidez score 97.3 ≥ 50 com vencimento CURTO — candidata para próximo pregão.
PETR4,PETRQ457W5,PUT,45.21,2026-05-29,2,CURTO,1.36,95.2,CONTINUACAO_BAIXA,"Trava de Baixa, Put Debit Spread",88.6,CANDIDATA_PROXIMO_PREGAO,Liquidez score 95.2 ≥ 50 com vencimento CURTO — candidata para próximo pregão.
B3SA3,B3SAG169,CALL,16.89,2026-07-17,51,MEDIO,0.97,93.4,RECUPERACAO_APOS_QUEDA,"Call Longa, Trava de Alta, Call Debit Spread",88.0,MONITORAR_NO_RTD,Liquidez score 93.4 ≥ 30 — monitorar confirmação via RTD.
PETR4,PETRQ450W5,PUT,44.46,2026-05-29,2,CURTO,0.84,92.9,CONTINUACAO_BAIXA,"Trava de Baixa, Put Debit Spread",87.9,CANDIDATA_PROXIMO_PREGAO,Liquidez score 92.9 ≥ 50 com vencimento CURTO — candidata para próximo pregão.
PETR4,PETRQ445W5,PUT,43.96,2026-05-29,2,CURTO,0.63,92.5,CONTINUACAO_BAIXA,"Trava de Baixa, Put Debit Spread",87.8,CANDIDATA_PROXIMO_PREGAO,Liquidez score 92.5 ≥ 50 com vencimento CURTO — candidata para próximo pregão.
B3SA3,B3SAS169,PUT,16.89,2026-07-17,51,MEDIO,0.86,92.1,RECUPERACAO_APOS_QUEDA,"Call Longa, Trava de Alta, Call Debit Spread",87.6,MONITORAR_NO_RTD,Liquidez score 92.1 ≥ 30 — monitorar confirmação via RTD.
HAPV3,HAPVF120,CALL,12.0,2026-06-19,23,CURTO,0.78,91.7,CONTINUACAO_BAIXA,"Trava de Baixa, Put Debit Spread",87.5,CANDIDATA_PROXIMO_PREGAO,Liquidez score 91.7 ≥ 50 com vencimento CURTO — candidata para próximo pregão.
BBAS3,BBASE206W5,CALL,20.6,2026-05-29,2,CURTO,0.53,89.7,RECUPERACAO_APOS_QUEDA,"Call Longa, Trava de Alta, Call Debit Spread",86.9,CANDIDATA_PROXIMO_PREGAO,Liquidez score 89.7 ≥ 50 com vencimento CURTO — candidata para próximo pregão.
ENEV3,ENEVR240,PUT,24.0,2026-06-19,23,CURTO,0.57,89.6,PROTECAO_CARTEIRA,"Protective Put, Collar",86.9,CANDIDATA_PROXIMO_PREGAO,Liquidez score 89.6 ≥ 50 com vencimento CURTO — candidata para próximo pregão.
BPAC11,BPACR540,PUT,54.05,2026-06-19,23,CURTO,1.71,89.2,RECUPERACAO_APOS_QUEDA,"Call Longa, Trava de Alta, Call Debit Spread",86.8,CANDIDATA_PROXIMO_PREGAO,Liquidez score 89.2 ≥ 50 com vencimento CURTO — candidata para próximo pregão.
WEGE3,WEGEF420,CALL,41.92,2026-06-19,23,CURTO,2.19,89.2,RECUPERACAO_APOS_QUEDA,"Call Longa, Trava de Alta, Call Debit Spread",86.8,CANDIDATA_PROXIMO_PREGAO,Liquidez score 89.2 ≥ 50 com vencimento CURTO — candidata para próximo pregão.
ENEV3,ENEVF247,CALL,24.75,2026-06-19,23,CURTO,1.69,70.8,PROTECAO_CARTEIRA,"Protective Put, Collar",86.2,CANDIDATA_PROXIMO_PREGAO,Liquidez score 70.8 ≥ 50 com vencimento CURTO — candidata para próximo pregão.
SUZB3,SUZBF416,CALL,41.67,2026-06-19,23,CURTO,1.3,85.9,RECUPERACAO_APOS_QUEDA,"Call Longa, Trava de Alta, Call Debit Spread",85.8,CANDIDATA_PROXIMO_PREGAO,Liquidez score 85.9 ≥ 50 com vencimento CURTO — candidata para próximo pregão.
WEGE3,WEGER42,PUT,42.53,2026-06-19,23,CURTO,1.04,86.0,RECUPERACAO_APOS_QUEDA,"Call Longa, Trava de Alta, Call Debit Spread",85.8,CANDIDATA_PROXIMO_PREGAO,Liquidez score 86.0 ≥ 50 com vencimento CURTO — candidata para próximo pregão.
ABEV3,ABEVF164,CALL,16.42,2026-06-19,23,CURTO,0.45,85.2,CONTINUACAO_ALTA,"Trava de Alta, Call Debit Spread",85.6,CANDIDATA_PROXIMO_PREGAO,Liquidez score 85.2 ≥ 50 com vencimento CURTO — candidata para próximo pregão.
BBAS3,BBASQ211W5,PUT,21.1,2026-05-29,2,CURTO,0.38,85.1,RECUPERACAO_APOS_QUEDA,"Call Longa, Trava de Alta, Call Debit Spread",85.5,CANDIDATA_PROXIMO_PREGAO,Liquidez score 85.1 ≥ 50 com vencimento CURTO — candidata para próximo pregão.
PETR4,PETRF487,CALL,48.19,2026-06-19,23,CURTO,0.65,100.0,CONTINUACAO_BAIXA,"Trava de Baixa, Put Debit Spread",85.0,CANDIDATA_PROXIMO_PREGAO,Liquidez score 100.0 ≥ 50 com vencimento CURTO — candidata para próximo pregão.
B3SA3,B3SAR175,PUT,17.47,2026-06-19,23,CURTO,1.05,100.0,RECUPERACAO_APOS_QUEDA,"Call Longa, Trava de Alta, Call Debit Spread",85.0,CANDIDATA_PROXIMO_PREGAO,Liquidez score 100.0 ≥ 50 com vencimento CURTO — candidata para próximo pregão.
B3SA3,B3SAR172,PUT,17.22,2026-06-19,23,CURTO,0.9,100.0,RECUPERACAO_APOS_QUEDA,"Call Longa, Trava de Alta, Call Debit Spread",85.0,CANDIDATA_PROXIMO_PREGAO,Liquidez score 100.0 ≥ 50 com vencimento CURTO — candidata para próximo pregão.
PETR4,PETRF472,CALL,46.69,2026-06-19,23,CURTO,1.02,100.0,CONTINUACAO_BAIXA,"Trava de Baixa, Put Debit Spread",85.0,CANDIDATA_PROXIMO_PREGAO,Liquidez score 100.0 ≥ 50 com vencimento CURTO — candidata para próximo pregão.
PETR4,PETRF474,CALL,46.94,2026-06-19,23,CURTO,0.98,100.0,CONTINUACAO_BAIXA,"Trava de Baixa, Put Debit Spread",85.0,CANDIDATA_PROXIMO_PREGAO,Liquidez score 100.0 ≥ 50 com vencimento CURTO — candidata para próximo pregão.
PETR4,PETRF477,CALL,47.19,2026-06-19,23,CURTO,0.87,100.0,CONTINUACAO_BAIXA,"Trava de Baixa, Put Debit Spread",85.0,CANDIDATA_PROXIMO_PREGAO,Liquidez score 100.0 ≥ 50 com vencimento CURTO — candidata para próximo pregão.
PETR4,PETRF479,CALL,47.44,2026-06-19,23,CURTO,0.81,100.0,CONTINUACAO_BAIXA,"Trava de Baixa, Put Debit Spread",85.0,CANDIDATA_PROXIMO_PREGAO,Liquidez score 100.0 ≥ 50 com vencimento CURTO — candidata para próximo pregão.
PETR4,PETRF482,CALL,47.69,2026-06-19,23,CURTO,0.71,100.0,CONTINUACAO_BAIXA,"Trava de Baixa, Put Debit Spread",85.0,CANDIDATA_PROXIMO_PREGAO,Liquidez score 100.0 ≥ 50 com vencimento CURTO — candidata para próximo pregão.
ENEV3,ENEVR260,PUT,26.0,2026-06-19,23,CURTO,1.53,100.0,PROTECAO_CARTEIRA,"Protective Put, Collar",85.0,CANDIDATA_PROXIMO_PREGAO,Liquidez score 100.0 ≥ 50 com vencimento CURTO — candidata para próximo pregão.
B3SA3,B3SAG175,CALL,17.14,2026-07-17,51,MEDIO,0.84,100.0,RECUPERACAO_APOS_QUEDA,"Call Longa, Trava de Alta, Call Debit Spread",85.0,MONITORAR_NO_RTD,Liquidez score 100.0 ≥ 30 — monitorar confirmação via RTD.
SUZB3,SUZBF426,CALL,42.67,2026-06-19,23,CURTO,0.75,100.0,RECUPERACAO_APOS_QUEDA,"Call Longa, Trava de Alta, Call Debit Spread",85.0,CANDIDATA_PROXIMO_PREGAO,Liquidez score 100.0 ≥ 50 com vencimento CURTO — candidata para próximo pregão.
PETR4,PETRS45,PUT,44.44,2026-07-17,51,MEDIO,1.91,100.0,CONTINUACAO_BAIXA,"Trava de Baixa, Put Debit Spread",85.0,MONITORAR_NO_RTD,Liquidez score 100.0 ≥ 30 — monitorar confirmação via RTD.
PETR4,PETRF489,CALL,48.44,2026-06-19,23,CURTO,0.59,100.0,CONTINUACAO_BAIXA,"Trava de Baixa, Put Debit Spread",85.0,CANDIDATA_PROXIMO_PREGAO,Liquidez score 100.0 ≥ 50 com vencimento CURTO — candidata para próximo pregão.
PETR4,PETRF492,CALL,48.69,2026-06-19,23,CURTO,0.52,100.0,CONTINUACAO_BAIXA,"Trava de Baixa, Put Debit Spread",85.0,CANDIDATA_PROXIMO_PREGAO,Liquidez score 100.0 ≥ 50 com vencimento CURTO — candidata para próximo pregão.
PETR4,PETRS445,PUT,43.94,2026-07-17,51,MEDIO,1.72,100.0,CONTINUACAO_BAIXA,"Trava de Baixa, Put Debit Spread",85.0,MONITORAR_NO_RTD,Liquidez score 100.0 ≥ 30 — monitorar confirmação via RTD.
SUZB3,SUZBF436,CALL,43.67,2026-06-19,23,CURTO,0.43,100.0,RECUPERACAO_APOS_QUEDA,"Call Longa, Trava de Alta, Call Debit Spread",85.0,CANDIDATA_PROXIMO_PREGAO,Liquidez score 100.0 ≥ 50 com vencimento CURTO — candidata para próximo pregão.
SUZB3,SUZBG413,CALL,41.38,2026-07-17,51,MEDIO,2.45,100.0,RECUPERACAO_APOS_QUEDA,"Call Longa, Trava de Alta, Call Debit Spread",85.0,MONITORAR_NO_RTD,Liquidez score 100.0 ≥ 30 — monitorar confirmação via RTD.
B3SA3,B3SAF163,CALL,15.97,2026-06-19,23,CURTO,1.18,100.0,RECUPERACAO_APOS_QUEDA,"Call Longa, Trava de Alta, Call Debit Spread",85.0,CANDIDATA_PROXIMO_PREGAO,Liquidez score 100.0 ≥ 50 com vencimento CURTO — candidata para próximo pregão.
PETR4,PETRF462,CALL,45.69,2026-06-19,23,CURTO,1.38,100.0,CONTINUACAO_BAIXA,"Trava de Baixa, Put Debit Spread",85.0,CANDIDATA_PROXIMO_PREGAO,Liquidez score 100.0 ≥ 50 com vencimento CURTO — candidata para próximo pregão.
B3SA3,B3SAR180,PUT,17.97,2026-06-19,23,CURTO,1.43,100.0,RECUPERACAO_APOS_QUEDA,"Call Longa, Trava de Alta, Call Debit Spread",85.0,CANDIDATA_PROXIMO_PREGAO,Liquidez score 100.0 ≥ 50 com vencimento CURTO — candidata para próximo pregão.
ITUB4,ITUBF417,CALL,41.44,2026-06-19,23,CURTO,0.46,100.0,RECUPERACAO_APOS_QUEDA,"Call Longa, Trava de Alta, Call Debit Spread",85.0,CANDIDATA_PROXIMO_PREGAO,Liquidez score 100.0 ≥ 50 com vencimento CURTO — candidata para próximo pregão.
BBDC4,BBDCF187,CALL,18.01,2026-06-19,23,CURTO,0.43,100.0,RECUPERACAO_APOS_QUEDA,"Call Longa, Trava de Alta, Call Debit Spread",85.0,CANDIDATA_PROXIMO_PREGAO,Liquidez score 100.0 ≥ 50 com vencimento CURTO — candidata para próximo pregão.
BBDC4,BBDCF18,CALL,18.26,2026-06-19,23,CURTO,0.32,100.0,RECUPERACAO_APOS_QUEDA,"Call Longa, Trava de Alta, Call Debit Spread",85.0,CANDIDATA_PROXIMO_PREGAO,Liquidez score 100.0 ≥ 50 com vencimento CURTO — candidata para próximo pregão.
PETR4,PETRS447,PUT,44.19,2026-07-17,51,MEDIO,1.81,100.0,CONTINUACAO_BAIXA,"Trava de Baixa, Put Debit Spread",85.0,MONITORAR_NO_RTD,Liquidez score 100.0 ≥ 30 — monitorar confirmação via RTD.
B3SA3,B3SAR177,PUT,17.72,2026-06-19,23,CURTO,1.21,100.0,RECUPERACAO_APOS_QUEDA,"Call Longa, Trava de Alta, Call Debit Spread",85.0,CANDIDATA_PROXIMO_PREGAO,Liquidez score 100.0 ≥ 50 com vencimento CURTO — candidata para próximo pregão.
B3SA3,B3SAF162,CALL,16.22,2026-06-19,23,CURTO,1.01,100.0,RECUPERACAO_APOS_QUEDA,"Call Longa, Trava de Alta, Call Debit Spread",85.0,CANDIDATA_PROXIMO_PREGAO,Liquidez score 100.0 ≥ 50 com vencimento CURTO — candidata para próximo pregão.
B3SA3,B3SAR182,PUT,18.22,2026-06-19,23,CURTO,1.61,100.0,RECUPERACAO_APOS_QUEDA,"Call Longa, Trava de Alta, Call Debit Spread",85.0,CANDIDATA_PROXIMO_PREGAO,Liquidez score 100.0 ≥ 50 com vencimento CURTO — candidata para próximo pregão.
PETR4,PETRF469,CALL,46.44,2026-06-19,23,CURTO,1.04,100.0,CONTINUACAO_BAIXA,"Trava de Baixa, Put Debit Spread",85.0,CANDIDATA_PROXIMO_PREGAO,Liquidez score 100.0 ≥ 50 com vencimento CURTO — candidata para próximo pregão.
PETR4,PETRH457,CALL,45.19,2026-08-21,86,MEDIO,3.3,100.0,CONTINUACAO_BAIXA,"Trava de Baixa, Put Debit Spread",85.0,MONITORAR_NO_RTD,Liquidez score 100.0 ≥ 30 — monitorar confirmação via RTD.
B3SA3,B3SAF158,CALL,15.47,2026-06-19,23,CURTO,1.55,100.0,RECUPERACAO_APOS_QUEDA,"Call Longa, Trava de Alta, Call Debit Spread",85.0,CANDIDATA_PROXIMO_PREGAO,Liquidez score 100.0 ≥ 50 com vencimento CURTO — candidata para próximo pregão.
B3SA3,B3SAF157,CALL,15.72,2026-06-19,23,CURTO,1.4,100.0,RECUPERACAO_APOS_QUEDA,"Call Longa, Trava de Alta, Call Debit Spread",85.0,CANDIDATA_PROXIMO_PREGAO,Liquidez score 100.0 ≥ 50 com vencimento CURTO — candidata para próximo pregão.
PETR4,PETRF494,CALL,48.94,2026-06-19,23,CURTO,0.51,100.0,CONTINUACAO_BAIXA,"Trava de Baixa, Put Debit Spread",85.0,CANDIDATA_PROXIMO_PREGAO,Liquidez score 100.0 ≥ 50 com vencimento CURTO — candidata para próximo pregão.
PETR4,PETRF459,CALL,45.44,2026-06-19,23,CURTO,1.46,100.0,CONTINUACAO_BAIXA,"Trava de Baixa, Put Debit Spread",85.0,CANDIDATA_PROXIMO_PREGAO,Liquidez score 100.0 ≥ 50 com vencimento CURTO — candidata para próximo pregão.
BBAS3,BBASS21,PUT,20.76,2026-07-17,51,MEDIO,0.59,100.0,RECUPERACAO_APOS_QUEDA,"Call Longa, Trava de Alta, Call Debit Spread",85.0,MONITORAR_NO_RTD,Liquidez score 100.0 ≥ 30 — monitorar confirmação via RTD.
PETR4,PETRG442,CALL,43.69,2026-07-17,51,MEDIO,3.2,100.0,CONTINUACAO_BAIXA,"Trava de Baixa, Put Debit Spread",85.0,MONITORAR_NO_RTD,Liquidez score 100.0 ≥ 30 — monitorar confirmação via RTD.
BBAS3,BBASS213,PUT,21.01,2026-07-17,51,MEDIO,0.68,100.0,RECUPERACAO_APOS_QUEDA,"Call Longa, Trava de Alta, Call Debit Spread",85.0,MONITORAR_NO_RTD,Liquidez score 100.0 ≥ 30 — monitorar confirmação via RTD.
PETR4,PETRG445,CALL,43.94,2026-07-17,51,MEDIO,3.08,100.0,CONTINUACAO_BAIXA,"Trava de Baixa, Put Debit Spread",85.0,MONITORAR_NO_RTD,Liquidez score 100.0 ≥ 30 — monitorar confirmação via RTD.
PETR4,PETRG447,CALL,44.19,2026-07-17,51,MEDIO,2.92,100.0,CONTINUACAO_BAIXA,"Trava de Baixa, Put Debit Spread",85.0,MONITORAR_NO_RTD,Liquidez score 100.0 ≥ 30 — monitorar confirmação via RTD.
PETR4,PETRG45,CALL,44.44,2026-07-17,51,MEDIO,2.79,100.0,CONTINUACAO_BAIXA,"Trava de Baixa, Put Debit Spread",85.0,MONITORAR_NO_RTD,Liquidez score 100.0 ≥ 30 — monitorar confirmação via RTD.
PETR4,PETRG452,CALL,44.69,2026-07-17,51,MEDIO,2.65,100.0,CONTINUACAO_BAIXA,"Trava de Baixa, Put Debit Spread",85.0,MONITORAR_NO_RTD,Liquidez score 100.0 ≥ 30 — monitorar confirmação via RTD.
PETR4,PETRG455,CALL,44.94,2026-07-17,51,MEDIO,2.54,100.0,CONTINUACAO_BAIXA,"Trava de Baixa, Put Debit Spread",85.0,MONITORAR_NO_RTD,Liquidez score 100.0 ≥ 30 — monitorar confirmação via RTD.
PETR4,PETRG457,CALL,45.19,2026-07-17,51,MEDIO,2.43,100.0,CONTINUACAO_BAIXA,"Trava de Baixa, Put Debit Spread",85.0,MONITORAR_NO_RTD,Liquidez score 100.0 ≥ 30 — monitorar confirmação via RTD.
PETR4,PETRS442,PUT,43.69,2026-07-17,51,MEDIO,1.62,100.0,CONTINUACAO_BAIXA,"Trava de Baixa, Put Debit Spread",85.0,MONITORAR_NO_RTD,Liquidez score 100.0 ≥ 30 — monitorar confirmação via RTD.
PETR4,PETRE455W5,CALL,44.96,2026-05-29,2,CURTO,0.71,83.3,CONTINUACAO_BAIXA,"Trava de Baixa, Put Debit Spread",85.0,CANDIDATA_PROXIMO_PREGAO,Liquidez score 83.3 ≥ 50 com vencimento CURTO — candidata para próximo pregão.
PETR4,PETRF497,CALL,49.19,2026-06-19,23,CURTO,0.47,100.0,CONTINUACAO_BAIXA,"Trava de Baixa, Put Debit Spread",85.0,CANDIDATA_PROXIMO_PREGAO,Liquidez score 100.0 ≥ 50 com vencimento CURTO — candidata para próximo pregão.
SUZB3,SUZBF431,CALL,43.17,2026-06-19,23,CURTO,0.57,100.0,RECUPERACAO_APOS_QUEDA,"Call Longa, Trava de Alta, Call Debit Spread",85.0,CANDIDATA_PROXIMO_PREGAO,Liquidez score 100.0 ≥ 50 com vencimento CURTO — candidata para próximo pregão.
PETR4,PETRR446,PUT,42.69,2026-06-19,23,CURTO,0.87,100.0,CONTINUACAO_BAIXA,"Trava de Baixa, Put Debit Spread",85.0,CANDIDATA_PROXIMO_PREGAO,Liquidez score 100.0 ≥ 50 com vencimento CURTO — candidata para próximo pregão.
PETR4,PETRF464,CALL,45.94,2026-06-19,23,CURTO,1.27,100.0,CONTINUACAO_BAIXA,"Trava de Baixa, Put Debit Spread",85.0,CANDIDATA_PROXIMO_PREGAO,Liquidez score 100.0 ≥ 50 com vencimento CURTO — candidata para próximo pregão.
ABEV3,ABEVG159,CALL,15.92,2026-07-17,51,MEDIO,0.89,100.0,CONTINUACAO_ALTA,"Trava de Alta, Call Debit Spread",85.0,MONITORAR_NO_RTD,Liquidez score 100.0 ≥ 30 — monitorar confirmação via RTD.
PETR4,PETRF467,CALL,46.19,2026-06-19,23,CURTO,1.19,100.0,CONTINUACAO_BAIXA,"Trava de Baixa, Put Debit Spread",85.0,CANDIDATA_PROXIMO_PREGAO,Liquidez score 100.0 ≥ 50 com vencimento CURTO — candidata para próximo pregão.
ENEV3,ENEVR275,PUT,27.5,2026-06-19,23,CURTO,2.6,100.0,PROTECAO_CARTEIRA,"Protective Put, Collar",85.0,CANDIDATA_PROXIMO_PREGAO,Liquidez score 100.0 ≥ 50 com vencimento CURTO — candidata para próximo pregão.
ITUB4,ITUBF420,CALL,41.69,2026-06-19,23,CURTO,0.41,100.0,RECUPERACAO_APOS_QUEDA,"Call Longa, Trava de Alta, Call Debit Spread",85.0,CANDIDATA_PROXIMO_PREGAO,Liquidez score 100.0 ≥ 50 com vencimento CURTO — candidata para próximo pregão.
PETR4,PETRF484,CALL,47.94,2026-06-19,23,CURTO,0.7,100.0,CONTINUACAO_BAIXA,"Trava de Baixa, Put Debit Spread",85.0,CANDIDATA_PROXIMO_PREGAO,Liquidez score 100.0 ≥ 50 com vencimento CURTO — candidata para próximo pregão.
PETR4,PETRR439,PUT,43.44,2026-06-19,23,CURTO,1.13,100.0,CONTINUACAO_BAIXA,"Trava de Baixa, Put Debit Spread",85.0,CANDIDATA_PROXIMO_PREGAO,Liquidez score 100.0 ≥ 50 com vencimento CURTO — candidata para próximo pregão.
PETR4,PETRE487W5,CALL,48.21,2026-05-29,2,CURTO,0.07,100.0,CONTINUACAO_BAIXA,"Trava de Baixa, Put Debit Spread",85.0,CANDIDATA_PROXIMO_PREGAO,Liquidez score 100.0 ≥ 50 com vencimento CURTO — candidata para próximo pregão.
BBAS3,BBASG21,CALL,20.76,2026-07-17,51,MEDIO,1.14,100.0,RECUPERACAO_APOS_QUEDA,"Call Longa, Trava de Alta, Call Debit Spread",85.0,MONITORAR_NO_RTD,Liquidez score 100.0 ≥ 30 — monitorar confirmação via RTD.
BBAS3,BBASF224,CALL,22.1,2026-06-19,23,CURTO,0.22,100.0,RECUPERACAO_APOS_QUEDA,"Call Longa, Trava de Alta, Call Debit Spread",85.0,CANDIDATA_PROXIMO_PREGAO,Liquidez score 100.0 ≥ 50 com vencimento CURTO — candidata para próximo pregão.
BBAS3,BBASF221,CALL,21.85,2026-06-19,23,CURTO,0.3,100.0,RECUPERACAO_APOS_QUEDA,"Call Longa, Trava de Alta, Call Debit Spread",85.0,CANDIDATA_PROXIMO_PREGAO,Liquidez score 100.0 ≥ 50 com vencimento CURTO — candidata para próximo pregão.
BBAS3,BBASF218,CALL,21.6,2026-06-19,23,CURTO,0.37,100.0,RECUPERACAO_APOS_QUEDA,"Call Longa, Trava de Alta, Call Debit Spread",85.0,CANDIDATA_PROXIMO_PREGAO,Liquidez score 100.0 ≥ 50 com vencimento CURTO — candidata para próximo pregão.
ITUB4,ITUBF40,CALL,40.44,2026-06-19,23,CURTO,0.79,100.0,RECUPERACAO_APOS_QUEDA,"Call Longa, Trava de Alta, Call Debit Spread",85.0,CANDIDATA_PROXIMO_PREGAO,Liquidez score 100.0 ≥ 50 com vencimento CURTO — candidata para próximo pregão.
BBDC4,BBDCF3,CALL,18.51,2026-06-19,23,CURTO,0.25,100.0,RECUPERACAO_APOS_QUEDA,"Call Longa, Trava de Alta, Call Debit Spread",85.0,CANDIDATA_PROXIMO_PREGAO,Liquidez score 100.0 ≥ 50 com vencimento CURTO — candidata para próximo pregão.
BBAS3,BBASR196,PUT,19.6,2026-06-19,23,CURTO,0.15,100.0,RECUPERACAO_APOS_QUEDA,"Call Longa, Trava de Alta, Call Debit Spread",85.0,CANDIDATA_PROXIMO_PREGAO,Liquidez score 100.0 ≥ 50 com vencimento CURTO — candidata para próximo pregão.
BBAS3,BBASR198,PUT,19.85,2026-06-19,23,CURTO,0.19,100.0,RECUPERACAO_APOS_QUEDA,"Call Longa, Trava de Alta, Call Debit Spread",85.0,CANDIDATA_PROXIMO_PREGAO,Liquidez score 100.0 ≥ 50 com vencimento CURTO — candidata para próximo pregão.
RENT3,RENTF481,CALL,48.12,2026-06-19,23,CURTO,0.65,100.0,RECUPERACAO_APOS_QUEDA,"Call Longa, Trava de Alta, Call Debit Spread",85.0,CANDIDATA_PROXIMO_PREGAO,Liquidez score 100.0 ≥ 50 com vencimento CURTO — candidata para próximo pregão.
PETR4,PETRS455,PUT,44.94,2026-07-17,51,MEDIO,2.16,100.0,CONTINUACAO_BAIXA,"Trava de Baixa, Put Debit Spread",85.0,MONITORAR_NO_RTD,Liquidez score 100.0 ≥ 30 — monitorar confirmação via RTD.
BBAS3,BBASG213,CALL,21.01,2026-07-17,51,MEDIO,1.0,100.0,RECUPERACAO_APOS_QUEDA,"Call Longa, Trava de Alta, Call Debit Spread",85.0,MONITORAR_NO_RTD,Liquidez score 100.0 ≥ 30 — monitorar confirmação via RTD.
HAPV3,HAPVF130,CALL,13.0,2026-06-19,23,CURTO,0.39,100.0,CONTINUACAO_BAIXA,"Trava de Baixa, Put Debit Spread",85.0,CANDIDATA_PROXIMO_PREGAO,Liquidez score 100.0 ≥ 50 com vencimento CURTO — candidata para próximo pregão.
ITUB4,ITUBF415,CALL,41.19,2026-06-19,23,CURTO,0.54,100.0,RECUPERACAO_APOS_QUEDA,"Call Longa, Trava de Alta, Call Debit Spread",85.0,CANDIDATA_PROXIMO_PREGAO,Liquidez score 100.0 ≥ 50 com vencimento CURTO — candidata para próximo pregão.
EGIE3,EGIEG322,CALL,32.25,2026-07-17,51,MEDIO,1.32,100.0,RECUPERACAO_APOS_QUEDA,"Call Longa, Trava de Alta, Call Debit Spread",85.0,MONITORAR_NO_RTD,Liquidez score 100.0 ≥ 30 — monitorar confirmação via RTD.
RENT3,RENTR410,PUT,40.62,2026-06-19,23,CURTO,0.85,100.0,RECUPERACAO_APOS_QUEDA,"Call Longa, Trava de Alta, Call Debit Spread",85.0,CANDIDATA_PROXIMO_PREGAO,Liquidez score 100.0 ≥ 50 com vencimento CURTO — candidata para próximo pregão.
PETR4,PETRS452,PUT,44.69,2026-07-17,51,MEDIO,2.01,100.0,CONTINUACAO_BAIXA,"Trava de Baixa, Put Debit Spread",85.0,MONITORAR_NO_RTD,Liquidez score 100.0 ≥ 30 — monitorar confirmação via RTD.
ITUB4,ITUBF408,CALL,40.5,2026-06-19,23,CURTO,0.75,100.0,RECUPERACAO_APOS_QUEDA,"Call Longa, Trava de Alta, Call Debit Spread",85.0,CANDIDATA_PROXIMO_PREGAO,Liquidez score 100.0 ≥ 50 com vencimento CURTO — candidata para próximo pregão.
BBDC4,BBDCG175,CALL,17.66,2026-07-17,51,MEDIO,0.88,100.0,RECUPERACAO_APOS_QUEDA,"Call Longa, Trava de Alta, Call Debit Spread",85.0,MONITORAR_NO_RTD,Liquidez score 100.0 ≥ 30 — monitorar confirmação via RTD.
ITUB4,ITUBF410,CALL,40.69,2026-06-19,23,CURTO,0.69,100.0,RECUPERACAO_APOS_QUEDA,"Call Longa, Trava de Alta, Call Debit Spread",85.0,CANDIDATA_PROXIMO_PREGAO,Liquidez score 100.0 ≥ 50 com vencimento CURTO — candidata para próximo pregão.
ITUB4,ITUBF412,CALL,40.94,2026-06-19,23,CURTO,0.61,100.0,RECUPERACAO_APOS_QUEDA,"Call Longa, Trava de Alta, Call Debit Spread",85.0,CANDIDATA_PROXIMO_PREGAO,Liquidez score 100.0 ≥ 50 com vencimento CURTO — candidata para próximo pregão.
BBAS3,BBASR201,PUT,20.1,2026-06-19,23,CURTO,0.24,100.0,RECUPERACAO_APOS_QUEDA,"Call Longa, Trava de Alta, Call Debit Spread",85.0,CANDIDATA_PROXIMO_PREGAO,Liquidez score 100.0 ≥ 50 com vencimento CURTO — candidata para próximo pregão.
BBDC4,BBDCR17,PUT,17.26,2026-06-19,23,CURTO,0.29,100.0,RECUPERACAO_APOS_QUEDA,"Call Longa, Trava de Alta, Call Debit Spread",85.0,CANDIDATA_PROXIMO_PREGAO,Liquidez score 100.0 ≥ 50 com vencimento CURTO — candidata para próximo pregão.
BBDC4,BBDCG2,CALL,17.41,2026-07-17,51,MEDIO,1.03,100.0,RECUPERACAO_APOS_QUEDA,"Call Longa, Trava de Alta, Call Debit Spread",85.0,MONITORAR_NO_RTD,Liquidez score 100.0 ≥ 30 — monitorar confirmação via RTD.
PETR4,PETRS457,PUT,45.19,2026-07-17,51,MEDIO,2.28,100.0,CONTINUACAO_BAIXA,"Trava de Baixa, Put Debit Spread",85.0,MONITORAR_NO_RTD,Liquidez score 100.0 ≥ 30 — monitorar confirmação via RTD.
BBAS3,BBASR203,PUT,20.35,2026-06-19,23,CURTO,0.3,100.0,RECUPERACAO_APOS_QUEDA,"Call Longa, Trava de Alta, Call Debit Spread",85.0,CANDIDATA_PROXIMO_PREGAO,Liquidez score 100.0 ≥ 50 com vencimento CURTO — candidata para próximo pregão.
BBDC4,BBDCF196,CALL,19.01,2026-06-19,23,CURTO,0.14,100.0,RECUPERACAO_APOS_QUEDA,"Call Longa, Trava de Alta, Call Debit Spread",85.0,CANDIDATA_PROXIMO_PREGAO,Liquidez score 100.0 ≥ 50 com vencimento CURTO — candidata para próximo pregão.
BBDC4,BBDCF194,CALL,18.76,2026-06-19,23,CURTO,0.18,100.0,RECUPERACAO_APOS_QUEDA,"Call Longa, Trava de Alta, Call Debit Spread",85.0,CANDIDATA_PROXIMO_PREGAO,Liquidez score 100.0 ≥ 50 com vencimento CURTO — candidata para próximo pregão.
ITUB4,ITUBS433,PUT,39.52,2026-07-17,51,MEDIO,1.19,100.0,RECUPERACAO_APOS_QUEDA,"Call Longa, Trava de Alta, Call Debit Spread",85.0,MONITORAR_NO_RTD,Liquidez score 100.0 ≥ 30 — monitorar confirmação via RTD.
ITUB4,ITUBS429,PUT,39.28,2026-07-17,51,MEDIO,1.07,100.0,RECUPERACAO_APOS_QUEDA,"Call Longa, Trava de Alta, Call Debit Spread",85.0,MONITORAR_NO_RTD,Liquidez score 100.0 ≥ 30 — monitorar confirmação via RTD.
ITUB4,ITUBS424,PUT,38.79,2026-07-17,51,MEDIO,0.89,100.0,RECUPERACAO_APOS_QUEDA,"Call Longa, Trava de Alta, Call Debit Spread",85.0,MONITORAR_NO_RTD,Liquidez score 100.0 ≥ 30 — monitorar confirmação via RTD.
PETR4,PETRR437,PUT,43.19,2026-06-19,23,CURTO,1.03,100.0,CONTINUACAO_BAIXA,"Trava de Baixa, Put Debit Spread",85.0,CANDIDATA_PROXIMO_PREGAO,Liquidez score 100.0 ≥ 50 com vencimento CURTO — candidata para próximo pregão.
ITUB4,ITUBF425,CALL,42.19,2026-06-19,23,CURTO,0.32,100.0,RECUPERACAO_APOS_QUEDA,"Call Longa, Trava de Alta, Call Debit Spread",85.0,CANDIDATA_PROXIMO_PREGAO,Liquidez score 100.0 ≥ 50 com vencimento CURTO — candidata para próximo pregão.
BPAC11,BPACF550,CALL,55.05,2026-06-19,23,CURTO,1.57,100.0,RECUPERACAO_APOS_QUEDA,"Call Longa, Trava de Alta, Call Debit Spread",85.0,CANDIDATA_PROXIMO_PREGAO,Liquidez score 100.0 ≥ 50 com vencimento CURTO — candidata para próximo pregão.
BPAC11,BPACF560,CALL,56.05,2026-06-19,23,CURTO,1.15,100.0,RECUPERACAO_APOS_QUEDA,"Call Longa, Trava de Alta, Call Debit Spread",85.0,CANDIDATA_PROXIMO_PREGAO,Liquidez score 100.0 ≥ 50 com vencimento CURTO — candidata para próximo pregão.
ENEV3,ENEVS230,PUT,23.0,2026-07-17,51,MEDIO,0.57,100.0,PROTECAO_CARTEIRA,"Protective Put, Collar",85.0,MONITORAR_NO_RTD,Liquidez score 100.0 ≥ 30 — monitorar confirmação via RTD.
ITUB4,ITUBR416,PUT,37.9,2026-06-19,23,CURTO,0.4,100.0,RECUPERACAO_APOS_QUEDA,"Call Longa, Trava de Alta, Call Debit Spread",85.0,CANDIDATA_PROXIMO_PREGAO,Liquidez score 100.0 ≥ 50 com vencimento CURTO — candidata para próximo pregão.
WEGE3,WEGES449,PUT,42.96,2026-07-17,51,MEDIO,1.61,100.0,RECUPERACAO_APOS_QUEDA,"Call Longa, Trava de Alta, Call Debit Spread",85.0,MONITORAR_NO_RTD,Liquidez score 100.0 ≥ 30 — monitorar confirmação via RTD.
PETR4,PETRR434,PUT,42.94,2026-06-19,23,CURTO,0.95,100.0,CONTINUACAO_BAIXA,"Trava de Baixa, Put Debit Spread",85.0,CANDIDATA_PROXIMO_PREGAO,Liquidez score 100.0 ≥ 50 com vencimento CURTO — candidata para próximo pregão.
PETR4,PETRR417,PUT,41.19,2026-06-19,23,CURTO,0.48,100.0,CONTINUACAO_BAIXA,"Trava de Baixa, Put Debit Spread",85.0,CANDIDATA_PROXIMO_PREGAO,Liquidez score 100.0 ≥ 50 com vencimento CURTO — candidata para próximo pregão.
BBDC4,BBDCG179,CALL,17.91,2026-07-17,51,MEDIO,0.78,100.0,RECUPERACAO_APOS_QUEDA,"Call Longa, Trava de Alta, Call Debit Spread",85.0,MONITORAR_NO_RTD,Liquidez score 100.0 ≥ 30 — monitorar confirmação via RTD.
PETR4,PETRR419,PUT,41.44,2026-06-19,23,CURTO,0.51,100.0,CONTINUACAO_BAIXA,"Trava de Baixa, Put Debit Spread",85.0,CANDIDATA_PROXIMO_PREGAO,Liquidez score 100.0 ≥ 50 com vencimento CURTO — candidata para próximo pregão.
ITUB4,ITUBG433,CALL,39.52,2026-07-17,51,MEDIO,1.84,100.0,RECUPERACAO_APOS_QUEDA,"Call Longa, Trava de Alta, Call Debit Spread",85.0,MONITORAR_NO_RTD,Liquidez score 100.0 ≥ 30 — monitorar confirmação via RTD.
ITUB4,ITUBG429,CALL,39.28,2026-07-17,51,MEDIO,1.97,100.0,RECUPERACAO_APOS_QUEDA,"Call Longa, Trava de Alta, Call Debit Spread",85.0,MONITORAR_NO_RTD,Liquidez score 100.0 ≥ 30 — monitorar confirmação via RTD.
ITUB4,ITUBG428,CALL,39.04,2026-07-17,51,MEDIO,2.15,100.0,RECUPERACAO_APOS_QUEDA,"Call Longa, Trava de Alta, Call Debit Spread",85.0,MONITORAR_NO_RTD,Liquidez score 100.0 ≥ 30 — monitorar confirmação via RTD.
ITUB4,ITUBG424,CALL,38.79,2026-07-17,51,MEDIO,2.3,100.0,RECUPERACAO_APOS_QUEDA,"Call Longa, Trava de Alta, Call Debit Spread",85.0,MONITORAR_NO_RTD,Liquidez score 100.0 ≥ 30 — monitorar confirmação via RTD.
PETR4,PETRR422,PUT,41.69,2026-06-19,23,CURTO,0.59,100.0,CONTINUACAO_BAIXA,"Trava de Baixa, Put Debit Spread",85.0,CANDIDATA_PROXIMO_PREGAO,Liquidez score 100.0 ≥ 50 com vencimento CURTO — candidata para próximo pregão.
PETR4,PETRR424,PUT,41.94,2026-06-19,23,CURTO,0.66,100.0,CONTINUACAO_BAIXA,"Trava de Baixa, Put Debit Spread",85.0,CANDIDATA_PROXIMO_PREGAO,Liquidez score 100.0 ≥ 50 com vencimento CURTO — candidata para próximo pregão.
PETR4,PETRR427,PUT,42.19,2026-06-19,23,CURTO,0.73,100.0,CONTINUACAO_BAIXA,"Trava de Baixa, Put Debit Spread",85.0,CANDIDATA_PROXIMO_PREGAO,Liquidez score 100.0 ≥ 50 com vencimento CURTO — candidata para próximo pregão.
PETR4,PETRR429,PUT,42.44,2026-06-19,23,CURTO,0.79,100.0,CONTINUACAO_BAIXA,"Trava de Baixa, Put Debit Spread",85.0,CANDIDATA_PROXIMO_PREGAO,Liquidez score 100.0 ≥ 50 com vencimento CURTO — candidata para próximo pregão.
ITUB4,ITUBF440,CALL,40.25,2026-06-19,23,CURTO,0.86,100.0,RECUPERACAO_APOS_QUEDA,"Call Longa, Trava de Alta, Call Debit Spread",85.0,CANDIDATA_PROXIMO_PREGAO,Liquidez score 100.0 ≥ 50 com vencimento CURTO — candidata para próximo pregão.
SUZB3,SUZBF421,CALL,42.17,2026-06-19,23,CURTO,0.97,82.8,RECUPERACAO_APOS_QUEDA,"Call Longa, Trava de Alta, Call Debit Spread",84.8,CANDIDATA_PROXIMO_PREGAO,Liquidez score 82.8 ≥ 50 com vencimento CURTO — candidata para próximo pregão.
CPLE6,CPLEF152,CALL,15.03,2026-06-19,23,CURTO,0.36,99.2,CONTINUACAO_ALTA,"Trava de Alta, Call Debit Spread",84.8,CANDIDATA_PROXIMO_PREGAO,Liquidez score 99.2 ≥ 50 com vencimento CURTO — candidata para próximo pregão.
PETR4,PETRE450W5,CALL,44.46,2026-05-29,2,CURTO,0.93,81.4,CONTINUACAO_BAIXA,"Trava de Baixa, Put Debit Spread",84.4,CANDIDATA_PROXIMO_PREGAO,Liquidez score 81.4 ≥ 50 com vencimento CURTO — candidata para próximo pregão.
B3SA3,B3SAG178,CALL,17.39,2026-07-17,51,MEDIO,0.72,97.9,RECUPERACAO_APOS_QUEDA,"Call Longa, Trava de Alta, Call Debit Spread",84.4,MONITORAR_NO_RTD,Liquidez score 97.9 ≥ 30 — monitorar confirmação via RTD.
PETR4,PETRE452W5,CALL,44.71,2026-05-29,2,CURTO,0.83,80.8,CONTINUACAO_BAIXA,"Trava de Baixa, Put Debit Spread",84.2,CANDIDATA_PROXIMO_PREGAO,Liquidez score 80.8 ≥ 50 com vencimento CURTO — candidata para próximo pregão.
RADL3,RADLR176,PUT,17.62,2026-06-19,23,CURTO,0.4,97.0,CONTINUACAO_BAIXA,"Trava de Baixa, Put Debit Spread",84.1,CANDIDATA_PROXIMO_PREGAO,Liquidez score 97.0 ≥ 50 com vencimento CURTO — candidata para próximo pregão.
RENT3,RENTR421W4,PUT,42.12,2026-06-26,30,CURTO,1.22,96.6,RECUPERACAO_APOS_QUEDA,"Call Longa, Trava de Alta, Call Debit Spread",84.0,CANDIDATA_PROXIMO_PREGAO,Liquidez score 96.6 ≥ 50 com vencimento CURTO — candidata para próximo pregão.
PETR4,PETRE457W5,CALL,45.21,2026-05-29,2,CURTO,0.6,79.6,CONTINUACAO_BAIXA,"Trava de Baixa, Put Debit Spread",83.9,CANDIDATA_PROXIMO_PREGAO,Liquidez score 79.6 ≥ 50 com vencimento CURTO — candidata para próximo pregão.
PETR4,PETRR414,PUT,40.94,2026-06-19,23,CURTO,0.45,96.2,CONTINUACAO_BAIXA,"Trava de Baixa, Put Debit Spread",83.9,CANDIDATA_PROXIMO_PREGAO,Liquidez score 96.2 ≥ 50 com vencimento CURTO — candidata para próximo pregão.
B3SA3,B3SAF185,CALL,18.47,2026-06-19,23,CURTO,0.16,77.4,RECUPERACAO_APOS_QUEDA,"Call Longa, Trava de Alta, Call Debit Spread",83.2,CANDIDATA_PROXIMO_PREGAO,Liquidez score 77.4 ≥ 50 com vencimento CURTO — candidata para próximo pregão.
B3SA3,B3SAF160,CALL,15.22,2026-06-19,23,CURTO,1.8,93.7,RECUPERACAO_APOS_QUEDA,"Call Longa, Trava de Alta, Call Debit Spread",83.1,CANDIDATA_PROXIMO_PREGAO,Liquidez score 93.7 ≥ 50 com vencimento CURTO — candidata para próximo pregão.
CMIG4,CMIGR129,PUT,11.24,2026-06-19,23,CURTO,0.24,76.8,RECUPERACAO_APOS_QUEDA,"Call Longa, Trava de Alta, Call Debit Spread",83.0,CANDIDATA_PROXIMO_PREGAO,Liquidez score 76.8 ≥ 50 com vencimento CURTO — candidata para próximo pregão.
B3SA3,B3SAR160,PUT,15.22,2026-06-19,23,CURTO,0.16,76.5,RECUPERACAO_APOS_QUEDA,"Call Longa, Trava de Alta, Call Debit Spread",83.0,CANDIDATA_PROXIMO_PREGAO,Liquidez score 76.5 ≥ 50 com vencimento CURTO — candidata para próximo pregão.
BPAC11,BPACF530,CALL,53.05,2026-06-19,23,CURTO,2.47,76.8,RECUPERACAO_APOS_QUEDA,"Call Longa, Trava de Alta, Call Debit Spread",83.0,CANDIDATA_PROXIMO_PREGAO,Liquidez score 76.8 ≥ 50 com vencimento CURTO — candidata para próximo pregão.
RENT3,RENTF443,CALL,43.87,2026-06-19,23,CURTO,2.05,76.8,RECUPERACAO_APOS_QUEDA,"Call Longa, Trava de Alta, Call Debit Spread",83.0,CANDIDATA_PROXIMO_PREGAO,Liquidez score 76.8 ≥ 50 com vencimento CURTO — candidata para próximo pregão.
TAEE11,TAEER400,PUT,38.64,2026-06-19,23,CURTO,0.7,76.1,RECUPERACAO_APOS_QUEDA,"Call Longa, Trava de Alta, Call Debit Spread",82.8,CANDIDATA_PROXIMO_PREGAO,Liquidez score 76.1 ≥ 50 com vencimento CURTO — candidata para próximo pregão.
BPAC11,BPACE535W5,CALL,53.55,2026-05-29,2,CURTO,1.22,75.8,RECUPERACAO_APOS_QUEDA,"Call Longa, Trava de Alta, Call Debit Spread",82.7,CANDIDATA_PROXIMO_PREGAO,Liquidez score 75.8 ≥ 50 com vencimento CURTO — candidata para próximo pregão.
B3SA3,B3SAR157,PUT,15.72,2026-06-19,23,CURTO,0.29,75.8,RECUPERACAO_APOS_QUEDA,"Call Longa, Trava de Alta, Call Debit Spread",82.7,CANDIDATA_PROXIMO_PREGAO,Liquidez score 75.8 ≥ 50 com vencimento CURTO — candidata para próximo pregão.
BBDC4,BBDCH186,CALL,17.64,2026-08-21,86,MEDIO,1.49,92.0,RECUPERACAO_APOS_QUEDA,"Call Longa, Trava de Alta, Call Debit Spread",82.6,MONITORAR_NO_RTD,Liquidez score 92.0 ≥ 30 — monitorar confirmação via RTD.
WEGE3,WEGER425,PUT,40.78,2026-06-19,23,CURTO,0.54,91.9,RECUPERACAO_APOS_QUEDA,"Call Longa, Trava de Alta, Call Debit Spread",82.6,CANDIDATA_PROXIMO_PREGAO,Liquidez score 91.9 ≥ 50 com vencimento CURTO — candidata para próximo pregão.
ABEV3,ABEVR16,PUT,16.17,2026-06-19,23,CURTO,0.36,75.0,CONTINUACAO_ALTA,"Trava de Alta, Call Debit Spread",82.5,CANDIDATA_PROXIMO_PREGAO,Liquidez score 75.0 ≥ 50 com vencimento CURTO — candidata para próximo pregão.
B3SA3,B3SAF182W4,CALL,18.22,2026-06-26,30,CURTO,0.34,74.8,RECUPERACAO_APOS_QUEDA,"Call Longa, Trava de Alta, Call Debit Spread",82.4,CANDIDATA_PROXIMO_PREGAO,Liquidez score 74.8 ≥ 50 com vencimento CURTO — candidata para próximo pregão.
WEGE3,WEGER431W2,PUT,43.17,2026-06-12,16,CURTO,0.6,74.2,RECUPERACAO_APOS_QUEDA,"Call Longa, Trava de Alta, Call Debit Spread",82.3,CANDIDATA_PROXIMO_PREGAO,Liquidez score 74.2 ≥ 50 com vencimento CURTO — candidata para próximo pregão.
ENEV3,ENEVF245,CALL,24.5,2026-06-19,23,CURTO,1.8,57.6,PROTECAO_CARTEIRA,"Protective Put, Collar",82.3,CANDIDATA_PROXIMO_PREGAO,Liquidez score 57.6 ≥ 50 com vencimento CURTO — candidata para próximo pregão.
B3SA3,B3SAF175,CALL,17.47,2026-06-19,23,CURTO,0.39,74.0,RECUPERACAO_APOS_QUEDA,"Call Longa, Trava de Alta, Call Debit Spread",82.2,CANDIDATA_PROXIMO_PREGAO,Liquidez score 74.0 ≥ 50 com vencimento CURTO — candidata para próximo pregão.
ABEV3,ABEVF16,CALL,16.17,2026-06-19,23,CURTO,0.48,74.1,CONTINUACAO_ALTA,"Trava de Alta, Call Debit Spread",82.2,CANDIDATA_PROXIMO_PREGAO,Liquidez score 74.1 ≥ 50 com vencimento CURTO — candidata para próximo pregão.
PETR4,PETRE445W5,CALL,43.96,2026-05-29,2,CURTO,1.19,72.9,CONTINUACAO_BAIXA,"Trava de Baixa, Put Debit Spread",81.9,CANDIDATA_PROXIMO_PREGAO,Liquidez score 72.9 ≥ 50 com vencimento CURTO — candidata para próximo pregão.
HAPV3,HAPVR120,PUT,12.0,2026-06-19,23,CURTO,0.7,73.1,CONTINUACAO_BAIXA,"Trava de Baixa, Put Debit Spread",81.9,CANDIDATA_PROXIMO_PREGAO,Liquidez score 73.1 ≥ 50 com vencimento CURTO — candidata para próximo pregão.
ENEV3,ENEVG245,CALL,24.5,2026-07-17,51,MEDIO,2.42,72.8,PROTECAO_CARTEIRA,"Protective Put, Collar",81.8,MONITORAR_NO_RTD,Liquidez score 72.8 ≥ 30 — monitorar confirmação via RTD.
B3SA3,B3SAE168W5,CALL,16.81,2026-05-29,2,CURTO,0.31,55.5,RECUPERACAO_APOS_QUEDA,"Call Longa, Trava de Alta, Call Debit Spread",81.7,CANDIDATA_PROXIMO_PREGAO,Liquidez score 55.5 ≥ 50 com vencimento CURTO — candidata para próximo pregão.
RENT3,RENTF466W4,CALL,46.62,2026-06-26,30,CURTO,1.15,88.7,RECUPERACAO_APOS_QUEDA,"Call Longa, Trava de Alta, Call Debit Spread",81.6,CANDIDATA_PROXIMO_PREGAO,Liquidez score 88.7 ≥ 50 com vencimento CURTO — candidata para próximo pregão.
CMIG4,CMIGF129,CALL,11.24,2026-06-19,23,CURTO,0.36,72.1,RECUPERACAO_APOS_QUEDA,"Call Longa, Trava de Alta, Call Debit Spread",81.6,CANDIDATA_PROXIMO_PREGAO,Liquidez score 72.1 ≥ 50 com vencimento CURTO — candidata para próximo pregão.
B3SA3,B3SAS163,PUT,16.39,2026-07-17,51,MEDIO,0.64,71.2,RECUPERACAO_APOS_QUEDA,"Call Longa, Trava de Alta, Call Debit Spread",81.4,MONITORAR_NO_RTD,Liquidez score 71.2 ≥ 30 — monitorar confirmação via RTD.
BPAC11,BPACF540W2,CALL,54.0,2026-06-12,16,CURTO,9.25,70.7,RECUPERACAO_APOS_QUEDA,"Call Longa, Trava de Alta, Call Debit Spread",81.2,CANDIDATA_PROXIMO_PREGAO,Liquidez score 70.7 ≥ 50 com vencimento CURTO — candidata para próximo pregão.
ITUB4,ITUBF432,CALL,42.94,2026-06-19,23,CURTO,0.2,86.9,RECUPERACAO_APOS_QUEDA,"Call Longa, Trava de Alta, Call Debit Spread",81.1,CANDIDATA_PROXIMO_PREGAO,Liquidez score 86.9 ≥ 50 com vencimento CURTO — candidata para próximo pregão.
PETR4,PETRR412,PUT,40.69,2026-06-19,23,CURTO,0.39,86.6,CONTINUACAO_BAIXA,"Trava de Baixa, Put Debit Spread",81.0,CANDIDATA_PROXIMO_PREGAO,Liquidez score 86.6 ≥ 50 com vencimento CURTO — candidata para próximo pregão.
SUZB3,SUZBG418,CALL,41.88,2026-07-17,51,MEDIO,1.92,86.5,RECUPERACAO_APOS_QUEDA,"Call Longa, Trava de Alta, Call Debit Spread",81.0,MONITORAR_NO_RTD,Liquidez score 86.5 ≥ 30 — monitorar confirmação via RTD.
ABEV3,ABEVG16,CALL,16.17,2026-07-17,51,MEDIO,0.72,85.9,CONTINUACAO_ALTA,"Trava de Alta, Call Debit Spread",80.8,MONITORAR_NO_RTD,Liquidez score 85.9 ≥ 30 — monitorar confirmação via RTD.
SUZB3,SUZBR416,PUT,41.67,2026-06-19,23,CURTO,0.71,68.9,RECUPERACAO_APOS_QUEDA,"Call Longa, Trava de Alta, Call Debit Spread",80.7,CANDIDATA_PROXIMO_PREGAO,Liquidez score 68.9 ≥ 50 com vencimento CURTO — candidata para próximo pregão.
HAPV3,HAPVR110,PUT,11.0,2026-06-19,23,CURTO,0.29,85.8,CONTINUACAO_BAIXA,"Trava de Baixa, Put Debit Spread",80.7,CANDIDATA_PROXIMO_PREGAO,Liquidez score 85.8 ≥ 50 com vencimento CURTO — candidata para próximo pregão.
B3SA3,B3SAG182,CALL,18.14,2026-07-17,51,MEDIO,0.46,85.4,RECUPERACAO_APOS_QUEDA,"Call Longa, Trava de Alta, Call Debit Spread",80.6,MONITORAR_NO_RTD,Liquidez score 85.4 ≥ 30 — monitorar confirmação via RTD.
B3SA3,B3SAS166,PUT,16.64,2026-07-17,51,MEDIO,0.77,68.2,RECUPERACAO_APOS_QUEDA,"Call Longa, Trava de Alta, Call Debit Spread",80.5,MONITORAR_NO_RTD,Liquidez score 68.2 ≥ 30 — monitorar confirmação via RTD.
BBDC4,BBDCE176W5,CALL,17.66,2026-05-29,2,CURTO,0.27,67.9,RECUPERACAO_APOS_QUEDA,"Call Longa, Trava de Alta, Call Debit Spread",80.4,CANDIDATA_PROXIMO_PREGAO,Liquidez score 67.9 ≥ 50 com vencimento CURTO — candidata para próximo pregão.
ENEV3,ENEVF262,CALL,26.25,2026-06-19,23,CURTO,0.97,67.2,PROTECAO_CARTEIRA,"Protective Put, Collar",80.2,CANDIDATA_PROXIMO_PREGAO,Liquidez score 67.2 ≥ 50 com vencimento CURTO — candidata para próximo pregão.
GGBR4,GGBRF239,CALL,23.68,2026-06-19,23,CURTO,1.0,66.9,CONTINUACAO_ALTA,"Trava de Alta, Call Debit Spread",80.1,CANDIDATA_PROXIMO_PREGAO,Liquidez score 66.9 ≥ 50 com vencimento CURTO — candidata para próximo pregão.
PETR4,PETRE460W5,CALL,45.46,2026-05-29,2,CURTO,0.5,83.7,CONTINUACAO_BAIXA,"Trava de Baixa, Put Debit Spread",80.1,CANDIDATA_PROXIMO_PREGAO,Liquidez score 83.7 ≥ 50 com vencimento CURTO — candidata para próximo pregão.
VALE3,VALEF897,CALL,82.18,2026-06-19,23,CURTO,3.23,100.0,LATERALIDADE,Monitorar — Iron Condor futuro,80.0,CANDIDATA_PROXIMO_PREGAO,Liquidez score 100.0 ≥ 50 com vencimento CURTO — candidata para próximo pregão.
VALE3,VALEF896,CALL,84.68,2026-06-19,23,CURTO,1.93,100.0,LATERALIDADE,Monitorar — Iron Condor futuro,80.0,CANDIDATA_PROXIMO_PREGAO,Liquidez score 100.0 ≥ 50 com vencimento CURTO — candidata para próximo pregão.
VALE3,VALEF891,CALL,84.18,2026-06-19,23,CURTO,2.1,100.0,LATERALIDADE,Monitorar — Iron Condor futuro,80.0,CANDIDATA_PROXIMO_PREGAO,Liquidez score 100.0 ≥ 50 com vencimento CURTO — candidata para próximo pregão.
VALE3,VALEF886,CALL,83.68,2026-06-19,23,CURTO,2.31,100.0,LATERALIDADE,Monitorar — Iron Condor futuro,80.0,CANDIDATA_PROXIMO_PREGAO,Liquidez score 100.0 ≥ 50 com vencimento CURTO — candidata para próximo pregão.
VALE3,VALEF866,CALL,81.68,2026-06-19,23,CURTO,3.53,100.0,LATERALIDADE,Monitorar — Iron Condor futuro,80.0,CANDIDATA_PROXIMO_PREGAO,Liquidez score 100.0 ≥ 50 com vencimento CURTO — candidata para próximo pregão.
VALE3,VALEF881,CALL,83.18,2026-06-19,23,CURTO,2.66,100.0,LATERALIDADE,Monitorar — Iron Condor futuro,80.0,CANDIDATA_PROXIMO_PREGAO,Liquidez score 100.0 ≥ 50 com vencimento CURTO — candidata para próximo pregão.
VALE3,VALEF876,CALL,82.68,2026-06-19,23,CURTO,2.88,100.0,LATERALIDADE,Monitorar — Iron Condor futuro,80.0,CANDIDATA_PROXIMO_PREGAO,Liquidez score 100.0 ≥ 50 com vencimento CURTO — candidata para próximo pregão.
VALE3,VALER896,PUT,84.68,2026-06-19,23,CURTO,2.92,100.0,LATERALIDADE,Monitorar — Iron Condor futuro,80.0,CANDIDATA_PROXIMO_PREGAO,Liquidez score 100.0 ≥ 50 com vencimento CURTO — candidata para próximo pregão.
VALE3,VALEE830W5,CALL,83.0,2026-05-29,2,CURTO,1.13,100.0,LATERALIDADE,Monitorar — Iron Condor futuro,80.0,CANDIDATA_PROXIMO_PREGAO,Liquidez score 100.0 ≥ 50 com vencimento CURTO — candidata para próximo pregão.
VALE3,VALEE820W5,CALL,82.0,2026-05-29,2,CURTO,1.74,100.0,LATERALIDADE,Monitorar — Iron Condor futuro,80.0,CANDIDATA_PROXIMO_PREGAO,Liquidez score 100.0 ≥ 50 com vencimento CURTO — candidata para próximo pregão.
PETR4,PETRT422,PUT,41.69,2026-08-21,86,MEDIO,1.2,100.0,CONTINUACAO_BAIXA,"Trava de Baixa, Put Debit Spread",80.0,MONITORAR_NO_RTD,Liquidez score 100.0 ≥ 30 — monitorar confirmação via RTD.
PETR4,PETRS44,PUT,42.69,2026-07-17,51,MEDIO,1.27,100.0,CONTINUACAO_BAIXA,"Trava de Baixa, Put Debit Spread",80.0,MONITORAR_NO_RTD,Liquidez score 100.0 ≥ 30 — monitorar confirmação via RTD.
PETR4,PETRS434,PUT,42.94,2026-07-17,51,MEDIO,1.33,100.0,CONTINUACAO_BAIXA,"Trava de Baixa, Put Debit Spread",80.0,MONITORAR_NO_RTD,Liquidez score 100.0 ≥ 30 — monitorar confirmação via RTD.
VALE3,VALER840W1,PUT,84.0,2026-06-05,9,CURTO,2.04,100.0,LATERALIDADE,Monitorar — Iron Condor futuro,80.0,CANDIDATA_PROXIMO_PREGAO,Liquidez score 100.0 ≥ 50 com vencimento CURTO — candidata para próximo pregão.
VALE3,VALER897,PUT,82.18,2026-06-19,23,CURTO,1.75,100.0,LATERALIDADE,Monitorar — Iron Condor futuro,80.0,CANDIDATA_PROXIMO_PREGAO,Liquidez score 100.0 ≥ 50 com vencimento CURTO — candidata para próximo pregão.
VALE3,VALEQ830W5,PUT,83.0,2026-05-29,2,CURTO,1.11,100.0,LATERALIDADE,Monitorar — Iron Condor futuro,80.0,CANDIDATA_PROXIMO_PREGAO,Liquidez score 100.0 ≥ 50 com vencimento CURTO — candidata para próximo pregão.
BBDC4,BBDCF174,CALL,16.76,2026-06-19,23,CURTO,1.19,100.0,RECUPERACAO_APOS_QUEDA,"Call Longa, Trava de Alta, Call Debit Spread",80.0,CANDIDATA_PROXIMO_PREGAO,Liquidez score 100.0 ≥ 50 com vencimento CURTO — candidata para próximo pregão.
VALE3,VALER866,PUT,81.68,2026-06-19,23,CURTO,1.56,100.0,LATERALIDADE,Monitorar — Iron Condor futuro,80.0,CANDIDATA_PROXIMO_PREGAO,Liquidez score 100.0 ≥ 50 com vencimento CURTO — candidata para próximo pregão.
B3SA3,B3SAG156,CALL,15.64,2026-07-17,51,MEDIO,1.72,100.0,RECUPERACAO_APOS_QUEDA,"Call Longa, Trava de Alta, Call Debit Spread",80.0,MONITORAR_NO_RTD,Liquidez score 100.0 ≥ 30 — monitorar confirmação via RTD.
B3SA3,B3SAR312,PUT,31.22,2026-06-19,23,CURTO,13.97,100.0,RECUPERACAO_APOS_QUEDA,"Call Longa, Trava de Alta, Call Debit Spread",80.0,CANDIDATA_PROXIMO_PREGAO,Liquidez score 100.0 ≥ 50 com vencimento CURTO — candidata para próximo pregão.
SUZB3,SUZBF396,CALL,39.67,2026-06-19,23,CURTO,2.82,100.0,RECUPERACAO_APOS_QUEDA,"Call Longa, Trava de Alta, Call Debit Spread",80.0,CANDIDATA_PROXIMO_PREGAO,Liquidez score 100.0 ≥ 50 com vencimento CURTO — candidata para próximo pregão.
B3SA3,B3SAQ213W5,PUT,21.31,2026-05-29,2,CURTO,4.58,100.0,RECUPERACAO_APOS_QUEDA,"Call Longa, Trava de Alta, Call Debit Spread",80.0,CANDIDATA_PROXIMO_PREGAO,Liquidez score 100.0 ≥ 50 com vencimento CURTO — candidata para próximo pregão.
B3SA3,B3SAQ203W5,PUT,20.31,2026-05-29,2,CURTO,3.62,100.0,RECUPERACAO_APOS_QUEDA,"Call Longa, Trava de Alta, Call Debit Spread",80.0,CANDIDATA_PROXIMO_PREGAO,Liquidez score 100.0 ≥ 50 com vencimento CURTO — candidata para próximo pregão.
B3SA3,B3SAI174,CALL,17.39,2026-09-18,114,LONGO,1.36,100.0,RECUPERACAO_APOS_QUEDA,"Call Longa, Trava de Alta, Call Debit Spread",80.0,MONITORAR_NO_RTD,Liquidez score 100.0 ≥ 30 — monitorar confirmação via RTD.
B3SA3,B3SAG158,CALL,15.89,2026-07-17,51,MEDIO,1.53,100.0,RECUPERACAO_APOS_QUEDA,"Call Longa, Trava de Alta, Call Debit Spread",80.0,MONITORAR_NO_RTD,Liquidez score 100.0 ≥ 30 — monitorar confirmação via RTD.
BBDC4,BBDCR194,PUT,18.76,2026-06-19,23,CURTO,1.13,100.0,RECUPERACAO_APOS_QUEDA,"Call Longa, Trava de Alta, Call Debit Spread",80.0,CANDIDATA_PROXIMO_PREGAO,Liquidez score 100.0 ≥ 50 com vencimento CURTO — candidata para próximo pregão.
VALE3,VALER876,PUT,82.68,2026-06-19,23,CURTO,1.95,100.0,LATERALIDADE,Monitorar — Iron Condor futuro,80.0,CANDIDATA_PROXIMO_PREGAO,Liquidez score 100.0 ≥ 50 com vencimento CURTO — candidata para próximo pregão.
BBDC4,BBDCF179,CALL,17.01,2026-06-19,23,CURTO,0.99,100.0,RECUPERACAO_APOS_QUEDA,"Call Longa, Trava de Alta, Call Debit Spread",80.0,CANDIDATA_PROXIMO_PREGAO,Liquidez score 100.0 ≥ 50 com vencimento CURTO — candidata para próximo pregão.
PETR4,PETRS43,PUT,43.44,2026-07-17,51,MEDIO,1.5,100.0,CONTINUACAO_BAIXA,"Trava de Baixa, Put Debit Spread",80.0,MONITORAR_NO_RTD,Liquidez score 100.0 ≥ 30 — monitorar confirmação via RTD.
BPAC11,BPACG551,CALL,55.19,2026-07-17,51,MEDIO,2.39,100.0,RECUPERACAO_APOS_QUEDA,"Call Longa, Trava de Alta, Call Debit Spread",80.0,MONITORAR_NO_RTD,Liquidez score 100.0 ≥ 30 — monitorar confirmação via RTD.
VALE3,VALER891,PUT,84.18,2026-06-19,23,CURTO,2.62,100.0,LATERALIDADE,Monitorar — Iron Condor futuro,80.0,CANDIDATA_PROXIMO_PREGAO,Liquidez score 100.0 ≥ 50 com vencimento CURTO — candidata para próximo pregão.
VALE3,VALER886,PUT,83.68,2026-06-19,23,CURTO,2.38,100.0,LATERALIDADE,Monitorar — Iron Condor futuro,80.0,CANDIDATA_PROXIMO_PREGAO,Liquidez score 100.0 ≥ 50 com vencimento CURTO — candidata para próximo pregão.
VALE3,VALER881,PUT,83.18,2026-06-19,23,CURTO,2.2,100.0,LATERALIDADE,Monitorar — Iron Condor futuro,80.0,CANDIDATA_PROXIMO_PREGAO,Liquidez score 100.0 ≥ 50 com vencimento CURTO — candidata para próximo pregão.
ITUB4,ITUBF416,CALL,37.9,2026-06-19,23,CURTO,2.36,100.0,RECUPERACAO_APOS_QUEDA,"Call Longa, Trava de Alta, Call Debit Spread",80.0,CANDIDATA_PROXIMO_PREGAO,Liquidez score 100.0 ≥ 50 com vencimento CURTO — candidata para próximo pregão.
ITUB4,ITUBR412,PUT,40.94,2026-06-19,23,CURTO,1.75,100.0,RECUPERACAO_APOS_QUEDA,"Call Longa, Trava de Alta, Call Debit Spread",80.0,CANDIDATA_PROXIMO_PREGAO,Liquidez score 100.0 ≥ 50 com vencimento CURTO — candidata para próximo pregão.
BBDC4,BBDCF17,CALL,17.26,2026-06-19,23,CURTO,0.82,100.0,RECUPERACAO_APOS_QUEDA,"Call Longa, Trava de Alta, Call Debit Spread",80.0,CANDIDATA_PROXIMO_PREGAO,Liquidez score 100.0 ≥ 50 com vencimento CURTO — candidata para próximo pregão.
PETR4,PETRF412,CALL,40.69,2026-06-19,23,CURTO,4.53,100.0,CONTINUACAO_BAIXA,"Trava de Baixa, Put Debit Spread",80.0,CANDIDATA_PROXIMO_PREGAO,Liquidez score 100.0 ≥ 50 com vencimento CURTO — candidata para próximo pregão.
PETR4,PETRF424,CALL,41.94,2026-06-19,23,CURTO,3.56,100.0,CONTINUACAO_BAIXA,"Trava de Baixa, Put Debit Spread",80.0,CANDIDATA_PROXIMO_PREGAO,Liquidez score 100.0 ≥ 50 com vencimento CURTO — candidata para próximo pregão.
PETR4,PETRF434,CALL,42.94,2026-06-19,23,CURTO,2.84,100.0,CONTINUACAO_BAIXA,"Trava de Baixa, Put Debit Spread",80.0,CANDIDATA_PROXIMO_PREGAO,Liquidez score 100.0 ≥ 50 com vencimento CURTO — candidata para próximo pregão.
PETR4,PETRF437,CALL,43.19,2026-06-19,23,CURTO,2.67,100.0,CONTINUACAO_BAIXA,"Trava de Baixa, Put Debit Spread",80.0,CANDIDATA_PROXIMO_PREGAO,Liquidez score 100.0 ≥ 50 com vencimento CURTO — candidata para próximo pregão.
PETR4,PETRF439,CALL,43.44,2026-06-19,23,CURTO,2.5,100.0,CONTINUACAO_BAIXA,"Trava de Baixa, Put Debit Spread",80.0,CANDIDATA_PROXIMO_PREGAO,Liquidez score 100.0 ≥ 50 com vencimento CURTO — candidata para próximo pregão.
PETR4,PETRF429,CALL,42.44,2026-06-19,23,CURTO,3.17,100.0,CONTINUACAO_BAIXA,"Trava de Baixa, Put Debit Spread",80.0,CANDIDATA_PROXIMO_PREGAO,Liquidez score 100.0 ≥ 50 com vencimento CURTO — candidata para próximo pregão.
PETR4,PETRE427W5,CALL,42.21,2026-05-29,2,CURTO,2.23,100.0,CONTINUACAO_BAIXA,"Trava de Baixa, Put Debit Spread",80.0,CANDIDATA_PROXIMO_PREGAO,Liquidez score 100.0 ≥ 50 com vencimento CURTO — candidata para próximo pregão.
PETR4,PETRE447W5,CALL,44.21,2026-05-29,2,CURTO,1.06,66.8,CONTINUACAO_BAIXA,"Trava de Baixa, Put Debit Spread",80.0,CANDIDATA_PROXIMO_PREGAO,Liquidez score 66.8 ≥ 50 com vencimento CURTO — candidata para próximo pregão.
BBAS3,BBASF201,CALL,20.1,2026-06-19,23,CURTO,1.24,100.0,RECUPERACAO_APOS_QUEDA,"Call Longa, Trava de Alta, Call Debit Spread",80.0,CANDIDATA_PROXIMO_PREGAO,Liquidez score 100.0 ≥ 50 com vencimento CURTO — candidata para próximo pregão.
PETR4,PETRF417,CALL,41.19,2026-06-19,23,CURTO,4.06,100.0,CONTINUACAO_BAIXA,"Trava de Baixa, Put Debit Spread",80.0,CANDIDATA_PROXIMO_PREGAO,Liquidez score 100.0 ≥ 50 com vencimento CURTO — candidata para próximo pregão.
PETR4,PETRF422,CALL,41.69,2026-06-19,23,CURTO,3.72,100.0,CONTINUACAO_BAIXA,"Trava de Baixa, Put Debit Spread",80.0,CANDIDATA_PROXIMO_PREGAO,Liquidez score 100.0 ≥ 50 com vencimento CURTO — candidata para próximo pregão.
PETR4,PETRF434W4,CALL,42.94,2026-06-26,30,CURTO,6.02,100.0,CONTINUACAO_BAIXA,"Trava de Baixa, Put Debit Spread",80.0,CANDIDATA_PROXIMO_PREGAO,Liquidez score 100.0 ≥ 50 com vencimento CURTO — candidata para próximo pregão.
PETR4,PETRF446,CALL,42.69,2026-06-19,23,CURTO,3.01,100.0,CONTINUACAO_BAIXA,"Trava de Baixa, Put Debit Spread",80.0,CANDIDATA_PROXIMO_PREGAO,Liquidez score 100.0 ≥ 50 com vencimento CURTO — candidata para próximo pregão.
PETR4,PETRF427,CALL,42.19,2026-06-19,23,CURTO,3.39,100.0,CONTINUACAO_BAIXA,"Trava de Baixa, Put Debit Spread",80.0,CANDIDATA_PROXIMO_PREGAO,Liquidez score 100.0 ≥ 50 com vencimento CURTO — candidata para próximo pregão.
ABEV3,ABEVF161,CALL,15.42,2026-06-19,23,CURTO,0.98,100.0,CONTINUACAO_ALTA,"Trava de Alta, Call Debit Spread",80.0,CANDIDATA_PROXIMO_PREGAO,Liquidez score 100.0 ≥ 50 com vencimento CURTO — candidata para próximo pregão.
PETR4,PETRF414,CALL,40.94,2026-06-19,23,CURTO,4.3,100.0,CONTINUACAO_BAIXA,"Trava de Baixa, Put Debit Spread",80.0,CANDIDATA_PROXIMO_PREGAO,Liquidez score 100.0 ≥ 50 com vencimento CURTO — candidata para próximo pregão.
ITUB4,ITUBQ426W5,PUT,42.61,2026-05-29,2,CURTO,2.85,100.0,RECUPERACAO_APOS_QUEDA,"Call Longa, Trava de Alta, Call Debit Spread",80.0,CANDIDATA_PROXIMO_PREGAO,Liquidez score 100.0 ≥ 50 com vencimento CURTO — candidata para próximo pregão.
ITUB4,ITUBR440,PUT,40.25,2026-06-19,23,CURTO,1.31,100.0,RECUPERACAO_APOS_QUEDA,"Call Longa, Trava de Alta, Call Debit Spread",80.0,CANDIDATA_PROXIMO_PREGAO,Liquidez score 100.0 ≥ 50 com vencimento CURTO — candidata para próximo pregão.
ITUB4,ITUBF421,CALL,38.39,2026-06-19,23,CURTO,2.04,100.0,RECUPERACAO_APOS_QUEDA,"Call Longa, Trava de Alta, Call Debit Spread",80.0,CANDIDATA_PROXIMO_PREGAO,Liquidez score 100.0 ≥ 50 com vencimento CURTO — candidata para próximo pregão.
ITUB4,ITUBR432,PUT,42.94,2026-06-19,23,CURTO,3.22,100.0,RECUPERACAO_APOS_QUEDA,"Call Longa, Trava de Alta, Call Debit Spread",80.0,CANDIDATA_PROXIMO_PREGAO,Liquidez score 100.0 ≥ 50 com vencimento CURTO — candidata para próximo pregão.
ITUB4,ITUBR425,PUT,42.19,2026-06-19,23,CURTO,2.56,100.0,RECUPERACAO_APOS_QUEDA,"Call Longa, Trava de Alta, Call Debit Spread",80.0,CANDIDATA_PROXIMO_PREGAO,Liquidez score 100.0 ≥ 50 com vencimento CURTO — candidata para próximo pregão.
ITUB4,ITUBR423W2,PUT,42.36,2026-06-12,16,CURTO,2.05,100.0,RECUPERACAO_APOS_QUEDA,"Call Longa, Trava de Alta, Call Debit Spread",80.0,CANDIDATA_PROXIMO_PREGAO,Liquidez score 100.0 ≥ 50 com vencimento CURTO — candidata para próximo pregão.
ITUB4,ITUBR417,PUT,41.44,2026-06-19,23,CURTO,2.03,100.0,RECUPERACAO_APOS_QUEDA,"Call Longa, Trava de Alta, Call Debit Spread",80.0,CANDIDATA_PROXIMO_PREGAO,Liquidez score 100.0 ≥ 50 com vencimento CURTO — candidata para próximo pregão.
ITUB4,ITUBR408,PUT,40.5,2026-06-19,23,CURTO,1.47,100.0,RECUPERACAO_APOS_QUEDA,"Call Longa, Trava de Alta, Call Debit Spread",80.0,CANDIDATA_PROXIMO_PREGAO,Liquidez score 100.0 ≥ 50 com vencimento CURTO — candidata para próximo pregão.
ITUB4,ITUBR40,PUT,40.44,2026-06-19,23,CURTO,1.44,100.0,RECUPERACAO_APOS_QUEDA,"Call Longa, Trava de Alta, Call Debit Spread",80.0,CANDIDATA_PROXIMO_PREGAO,Liquidez score 100.0 ≥ 50 com vencimento CURTO — candidata para próximo pregão.
PRIO3,PRIOR680,PUT,68.0,2026-06-19,23,CURTO,2.69,100.0,LATERALIDADE,Monitorar — Iron Condor futuro,80.0,CANDIDATA_PROXIMO_PREGAO,Liquidez score 100.0 ≥ 50 com vencimento CURTO — candidata para próximo pregão.
ITUB4,ITUBF424,CALL,38.63,2026-06-19,23,CURTO,1.85,100.0,RECUPERACAO_APOS_QUEDA,"Call Longa, Trava de Alta, Call Debit Spread",80.0,CANDIDATA_PROXIMO_PREGAO,Liquidez score 100.0 ≥ 50 com vencimento CURTO — candidata para próximo pregão.
ITUB4,ITUBG440,CALL,40.25,2026-07-17,51,MEDIO,1.48,100.0,RECUPERACAO_APOS_QUEDA,"Call Longa, Trava de Alta, Call Debit Spread",80.0,MONITORAR_NO_RTD,Liquidez score 100.0 ≥ 30 — monitorar confirmação via RTD.
ITUB4,ITUBG415,CALL,41.75,2026-07-17,51,MEDIO,0.93,100.0,RECUPERACAO_APOS_QUEDA,"Call Longa, Trava de Alta, Call Debit Spread",80.0,MONITORAR_NO_RTD,Liquidez score 100.0 ≥ 30 — monitorar confirmação via RTD.
ITUB4,ITUBG412,CALL,41.0,2026-07-17,51,MEDIO,1.14,100.0,RECUPERACAO_APOS_QUEDA,"Call Longa, Trava de Alta, Call Debit Spread",80.0,MONITORAR_NO_RTD,Liquidez score 100.0 ≥ 30 — monitorar confirmação via RTD.
ITUB4,ITUBG3,CALL,41.25,2026-07-17,51,MEDIO,1.09,100.0,RECUPERACAO_APOS_QUEDA,"Call Longa, Trava de Alta, Call Debit Spread",80.0,MONITORAR_NO_RTD,Liquidez score 100.0 ≥ 30 — monitorar confirmação via RTD.
ITUB4,ITUBG2,CALL,40.75,2026-07-17,51,MEDIO,1.25,100.0,RECUPERACAO_APOS_QUEDA,"Call Longa, Trava de Alta, Call Debit Spread",80.0,MONITORAR_NO_RTD,Liquidez score 100.0 ≥ 30 — monitorar confirmação via RTD.
BPAC11,BPACR560W1,PUT,56.0,2026-06-05,9,CURTO,2.58,100.0,RECUPERACAO_APOS_QUEDA,"Call Longa, Trava de Alta, Call Debit Spread",80.0,CANDIDATA_PROXIMO_PREGAO,Liquidez score 100.0 ≥ 50 com vencimento CURTO — candidata para próximo pregão.
B3SA3,B3SAG153,CALL,15.39,2026-07-17,51,MEDIO,1.92,100.0,RECUPERACAO_APOS_QUEDA,"Call Longa, Trava de Alta, Call Debit Spread",80.0,MONITORAR_NO_RTD,Liquidez score 100.0 ≥ 30 — monitorar confirmação via RTD.
PRIO3,PRIOR695,PUT,69.5,2026-06-19,23,CURTO,3.44,100.0,LATERALIDADE,Monitorar — Iron Condor futuro,80.0,CANDIDATA_PROXIMO_PREGAO,Liquidez score 100.0 ≥ 50 com vencimento CURTO — candidata para próximo pregão.
PRIO3,PRIOR690,PUT,69.0,2026-06-19,23,CURTO,3.17,100.0,LATERALIDADE,Monitorar — Iron Condor futuro,80.0,CANDIDATA_PROXIMO_PREGAO,Liquidez score 100.0 ≥ 50 com vencimento CURTO — candidata para próximo pregão.
PETR4,PETRS427,PUT,42.19,2026-07-17,51,MEDIO,1.1,100.0,CONTINUACAO_BAIXA,"Trava de Baixa, Put Debit Spread",80.0,MONITORAR_NO_RTD,Liquidez score 100.0 ≥ 30 — monitorar confirmação via RTD.
PETR4,PETRG462,CALL,45.69,2026-07-17,51,MEDIO,2.2,100.0,CONTINUACAO_BAIXA,"Trava de Baixa, Put Debit Spread",80.0,MONITORAR_NO_RTD,Liquidez score 100.0 ≥ 30 — monitorar confirmação via RTD.
PETR4,PETRG464,CALL,45.94,2026-07-17,51,MEDIO,2.08,100.0,CONTINUACAO_BAIXA,"Trava de Baixa, Put Debit Spread",80.0,MONITORAR_NO_RTD,Liquidez score 100.0 ≥ 30 — monitorar confirmação via RTD.
PETR4,PETRG467,CALL,46.19,2026-07-17,51,MEDIO,1.3,100.0,CONTINUACAO_BAIXA,"Trava de Baixa, Put Debit Spread",80.0,MONITORAR_NO_RTD,Liquidez score 100.0 ≥ 30 — monitorar confirmação via RTD.
PETR4,PETRG470,CALL,46.44,2026-07-17,51,MEDIO,1.88,100.0,CONTINUACAO_BAIXA,"Trava de Baixa, Put Debit Spread",80.0,MONITORAR_NO_RTD,Liquidez score 100.0 ≥ 30 — monitorar confirmação via RTD.
PETR4,PETRG472,CALL,46.69,2026-07-17,51,MEDIO,1.74,100.0,CONTINUACAO_BAIXA,"Trava de Baixa, Put Debit Spread",80.0,MONITORAR_NO_RTD,Liquidez score 100.0 ≥ 30 — monitorar confirmação via RTD.
PETR4,PETRG475,CALL,46.94,2026-07-17,51,MEDIO,1.65,100.0,CONTINUACAO_BAIXA,"Trava de Baixa, Put Debit Spread",80.0,MONITORAR_NO_RTD,Liquidez score 100.0 ≥ 30 — monitorar confirmação via RTD.
PETR4,PETRR459,PUT,45.44,2026-06-19,23,CURTO,2.07,100.0,CONTINUACAO_BAIXA,"Trava de Baixa, Put Debit Spread",80.0,CANDIDATA_PROXIMO_PREGAO,Liquidez score 100.0 ≥ 50 com vencimento CURTO — candidata para próximo pregão.
ENEV3,ENEVF280,CALL,28.0,2026-06-19,23,CURTO,0.48,100.0,PROTECAO_CARTEIRA,"Protective Put, Collar",80.0,CANDIDATA_PROXIMO_PREGAO,Liquidez score 100.0 ≥ 50 com vencimento CURTO — candidata para próximo pregão.
PETR4,PETRG480,CALL,47.44,2026-07-17,51,MEDIO,1.53,100.0,CONTINUACAO_BAIXA,"Trava de Baixa, Put Debit Spread",80.0,MONITORAR_NO_RTD,Liquidez score 100.0 ≥ 30 — monitorar confirmação via RTD.
PETR4,PETRG482,CALL,47.69,2026-07-17,51,MEDIO,1.44,100.0,CONTINUACAO_BAIXA,"Trava de Baixa, Put Debit Spread",80.0,MONITORAR_NO_RTD,Liquidez score 100.0 ≥ 30 — monitorar confirmação via RTD.
PETR4,PETRG487,CALL,48.19,2026-07-17,51,MEDIO,1.3,100.0,CONTINUACAO_BAIXA,"Trava de Baixa, Put Debit Spread",80.0,MONITORAR_NO_RTD,Liquidez score 100.0 ≥ 30 — monitorar confirmação via RTD.
PETR4,PETRG489,CALL,48.44,2026-07-17,51,MEDIO,1.13,100.0,CONTINUACAO_BAIXA,"Trava de Baixa, Put Debit Spread",80.0,MONITORAR_NO_RTD,Liquidez score 100.0 ≥ 30 — monitorar confirmação via RTD.
PETR4,PETRG494,CALL,48.94,2026-07-17,51,MEDIO,1.1,100.0,CONTINUACAO_BAIXA,"Trava de Baixa, Put Debit Spread",80.0,MONITORAR_NO_RTD,Liquidez score 100.0 ≥ 30 — monitorar confirmação via RTD.
PETR4,PETRG497,CALL,49.19,2026-07-17,51,MEDIO,1.05,100.0,CONTINUACAO_BAIXA,"Trava de Baixa, Put Debit Spread",80.0,MONITORAR_NO_RTD,Liquidez score 100.0 ≥ 30 — monitorar confirmação via RTD.
PETR4,PETRG460,CALL,45.44,2026-07-17,51,MEDIO,2.29,100.0,CONTINUACAO_BAIXA,"Trava de Baixa, Put Debit Spread",80.0,MONITORAR_NO_RTD,Liquidez score 100.0 ≥ 30 — monitorar confirmação via RTD.
ENEV3,ENEVR225,PUT,22.5,2026-06-19,23,CURTO,0.22,100.0,PROTECAO_CARTEIRA,"Protective Put, Collar",80.0,CANDIDATA_PROXIMO_PREGAO,Liquidez score 100.0 ≥ 50 com vencimento CURTO — candidata para próximo pregão.
GGBR4,GGBRR264,PUT,26.18,2026-06-19,23,CURTO,2.57,100.0,CONTINUACAO_ALTA,"Trava de Alta, Call Debit Spread",80.0,CANDIDATA_PROXIMO_PREGAO,Liquidez score 100.0 ≥ 50 com vencimento CURTO — candidata para próximo pregão.
PETR4,PETRR479,PUT,47.44,2026-06-19,23,CURTO,3.32,100.0,CONTINUACAO_BAIXA,"Trava de Baixa, Put Debit Spread",80.0,CANDIDATA_PROXIMO_PREGAO,Liquidez score 100.0 ≥ 50 com vencimento CURTO — candidata para próximo pregão.
PETR4,PETRR467,PUT,46.19,2026-06-19,23,CURTO,2.51,100.0,CONTINUACAO_BAIXA,"Trava de Baixa, Put Debit Spread",80.0,CANDIDATA_PROXIMO_PREGAO,Liquidez score 100.0 ≥ 50 com vencimento CURTO — candidata para próximo pregão.
PETR4,PETRR469,PUT,46.44,2026-06-19,23,CURTO,2.66,100.0,CONTINUACAO_BAIXA,"Trava de Baixa, Put Debit Spread",80.0,CANDIDATA_PROXIMO_PREGAO,Liquidez score 100.0 ≥ 50 com vencimento CURTO — candidata para próximo pregão.
PETR4,PETRR487,PUT,48.19,2026-06-19,23,CURTO,3.92,100.0,CONTINUACAO_BAIXA,"Trava de Baixa, Put Debit Spread",80.0,CANDIDATA_PROXIMO_PREGAO,Liquidez score 100.0 ≥ 50 com vencimento CURTO — candidata para próximo pregão.
PETR4,PETRR489,PUT,48.44,2026-06-19,23,CURTO,4.23,100.0,CONTINUACAO_BAIXA,"Trava de Baixa, Put Debit Spread",80.0,CANDIDATA_PROXIMO_PREGAO,Liquidez score 100.0 ≥ 50 com vencimento CURTO — candidata para próximo pregão.
PETR4,PETRR484,PUT,47.94,2026-06-19,23,CURTO,3.88,100.0,CONTINUACAO_BAIXA,"Trava de Baixa, Put Debit Spread",80.0,CANDIDATA_PROXIMO_PREGAO,Liquidez score 100.0 ≥ 50 com vencimento CURTO — candidata para próximo pregão.
PETR4,PETRR482,PUT,47.69,2026-06-19,23,CURTO,3.53,100.0,CONTINUACAO_BAIXA,"Trava de Baixa, Put Debit Spread",80.0,CANDIDATA_PROXIMO_PREGAO,Liquidez score 100.0 ≥ 50 com vencimento CURTO — candidata para próximo pregão.
PETR4,PETRR497,PUT,49.19,2026-06-19,23,CURTO,4.74,100.0,CONTINUACAO_BAIXA,"Trava de Baixa, Put Debit Spread",80.0,CANDIDATA_PROXIMO_PREGAO,Liquidez score 100.0 ≥ 50 com vencimento CURTO — candidata para próximo pregão.
PETR4,PETRG477,CALL,47.19,2026-07-17,51,MEDIO,1.62,100.0,CONTINUACAO_BAIXA,"Trava de Baixa, Put Debit Spread",80.0,MONITORAR_NO_RTD,Liquidez score 100.0 ≥ 30 — monitorar confirmação via RTD.
PETR4,PETRR477,PUT,47.19,2026-06-19,23,CURTO,3.2,100.0,CONTINUACAO_BAIXA,"Trava de Baixa, Put Debit Spread",80.0,CANDIDATA_PROXIMO_PREGAO,Liquidez score 100.0 ≥ 50 com vencimento CURTO — candidata para próximo pregão.
PETR4,PETRR474,PUT,46.94,2026-06-19,23,CURTO,2.99,100.0,CONTINUACAO_BAIXA,"Trava de Baixa, Put Debit Spread",80.0,CANDIDATA_PROXIMO_PREGAO,Liquidez score 100.0 ≥ 50 com vencimento CURTO — candidata para próximo pregão.
PETR4,PETRR472,PUT,46.69,2026-06-19,23,CURTO,2.86,100.0,CONTINUACAO_BAIXA,"Trava de Baixa, Put Debit Spread",80.0,CANDIDATA_PROXIMO_PREGAO,Liquidez score 100.0 ≥ 50 com vencimento CURTO — candidata para próximo pregão.
PETR4,PETRR492,PUT,48.69,2026-06-19,23,CURTO,4.37,100.0,CONTINUACAO_BAIXA,"Trava de Baixa, Put Debit Spread",80.0,CANDIDATA_PROXIMO_PREGAO,Liquidez score 100.0 ≥ 50 com vencimento CURTO — candidata para próximo pregão.
PETR4,PETRG48,CALL,47.94,2026-07-17,51,MEDIO,1.38,100.0,CONTINUACAO_BAIXA,"Trava de Baixa, Put Debit Spread",80.0,MONITORAR_NO_RTD,Liquidez score 100.0 ≥ 30 — monitorar confirmação via RTD.
PETR4,PETRR462,PUT,45.69,2026-06-19,23,CURTO,2.22,100.0,CONTINUACAO_BAIXA,"Trava de Baixa, Put Debit Spread",80.0,CANDIDATA_PROXIMO_PREGAO,Liquidez score 100.0 ≥ 50 com vencimento CURTO — candidata para próximo pregão.
HAPV3,HAPVS115,PUT,11.5,2026-07-17,51,MEDIO,0.72,100.0,CONTINUACAO_BAIXA,"Trava de Baixa, Put Debit Spread",80.0,MONITORAR_NO_RTD,Liquidez score 100.0 ≥ 30 — monitorar confirmação via RTD.
PETR4,PETRG492,CALL,48.69,2026-07-17,51,MEDIO,1.14,100.0,CONTINUACAO_BAIXA,"Trava de Baixa, Put Debit Spread",80.0,MONITORAR_NO_RTD,Liquidez score 100.0 ≥ 30 — monitorar confirmação via RTD.
PETR4,PETRS415,PUT,40.94,2026-07-17,51,MEDIO,0.78,100.0,CONTINUACAO_BAIXA,"Trava de Baixa, Put Debit Spread",80.0,MONITORAR_NO_RTD,Liquidez score 100.0 ≥ 30 — monitorar confirmação via RTD.
BBAS3,BBASF203,CALL,20.35,2026-06-19,23,CURTO,1.06,100.0,RECUPERACAO_APOS_QUEDA,"Call Longa, Trava de Alta, Call Debit Spread",80.0,CANDIDATA_PROXIMO_PREGAO,Liquidez score 100.0 ≥ 50 com vencimento CURTO — candidata para próximo pregão.
BBAS3,BBASF193,CALL,19.35,2026-06-19,23,CURTO,1.87,99.9,RECUPERACAO_APOS_QUEDA,"Call Longa, Trava de Alta, Call Debit Spread",80.0,CANDIDATA_PROXIMO_PREGAO,Liquidez score 99.9 ≥ 50 com vencimento CURTO — candidata para próximo pregão.
BBDC4,BBDCS174,PUT,17.16,2026-07-17,51,MEDIO,0.37,100.0,RECUPERACAO_APOS_QUEDA,"Call Longa, Trava de Alta, Call Debit Spread",80.0,MONITORAR_NO_RTD,Liquidez score 100.0 ≥ 30 — monitorar confirmação via RTD.
PRIO3,PRIOR685,PUT,68.5,2026-06-19,23,CURTO,3.11,100.0,LATERALIDADE,Monitorar — Iron Condor futuro,80.0,CANDIDATA_PROXIMO_PREGAO,Liquidez score 100.0 ≥ 50 com vencimento CURTO — candidata para próximo pregão.
BBDC4,BBDCR196,PUT,19.01,2026-06-19,23,CURTO,1.33,100.0,RECUPERACAO_APOS_QUEDA,"Call Longa, Trava de Alta, Call Debit Spread",80.0,CANDIDATA_PROXIMO_PREGAO,Liquidez score 100.0 ≥ 50 com vencimento CURTO — candidata para próximo pregão.
B3SA3,B3SAF144,CALL,13.97,2026-06-19,23,CURTO,2.87,100.0,RECUPERACAO_APOS_QUEDA,"Call Longa, Trava de Alta, Call Debit Spread",80.0,CANDIDATA_PROXIMO_PREGAO,Liquidez score 100.0 ≥ 50 com vencimento CURTO — candidata para próximo pregão.
B3SA3,B3SAF154,CALL,14.97,2026-06-19,23,CURTO,1.99,100.0,RECUPERACAO_APOS_QUEDA,"Call Longa, Trava de Alta, Call Debit Spread",80.0,CANDIDATA_PROXIMO_PREGAO,Liquidez score 100.0 ≥ 50 com vencimento CURTO — candidata para próximo pregão.
B3SA3,B3SAF182,CALL,18.22,2026-06-19,23,CURTO,0.2,66.6,RECUPERACAO_APOS_QUEDA,"Call Longa, Trava de Alta, Call Debit Spread",80.0,CANDIDATA_PROXIMO_PREGAO,Liquidez score 66.6 ≥ 50 com vencimento CURTO — candidata para próximo pregão.
WEGE3,WEGEF394W1,CALL,39.42,2026-06-05,9,CURTO,4.78,100.0,RECUPERACAO_APOS_QUEDA,"Call Longa, Trava de Alta, Call Debit Spread",80.0,CANDIDATA_PROXIMO_PREGAO,Liquidez score 100.0 ≥ 50 com vencimento CURTO — candidata para próximo pregão.
PRIO3,PRIOF695,CALL,69.5,2026-06-19,23,CURTO,3.0,100.0,LATERALIDADE,Monitorar — Iron Condor futuro,80.0,CANDIDATA_PROXIMO_PREGAO,Liquidez score 100.0 ≥ 50 com vencimento CURTO — candidata para próximo pregão.
PRIO3,PRIOF690,CALL,69.0,2026-06-19,23,CURTO,3.17,100.0,LATERALIDADE,Monitorar — Iron Condor futuro,80.0,CANDIDATA_PROXIMO_PREGAO,Liquidez score 100.0 ≥ 50 com vencimento CURTO — candidata para próximo pregão.
PRIO3,PRIOF685,CALL,68.5,2026-06-19,23,CURTO,3.49,100.0,LATERALIDADE,Monitorar — Iron Condor futuro,80.0,CANDIDATA_PROXIMO_PREGAO,Liquidez score 100.0 ≥ 50 com vencimento CURTO — candidata para próximo pregão.
PRIO3,PRIOF680,CALL,68.0,2026-06-19,23,CURTO,3.69,100.0,LATERALIDADE,Monitorar — Iron Condor futuro,80.0,CANDIDATA_PROXIMO_PREGAO,Liquidez score 100.0 ≥ 50 com vencimento CURTO — candidata para próximo pregão.
PRIO3,PRIOF675,CALL,67.5,2026-06-19,23,CURTO,3.93,100.0,LATERALIDADE,Monitorar — Iron Condor futuro,80.0,CANDIDATA_PROXIMO_PREGAO,Liquidez score 100.0 ≥ 50 com vencimento CURTO — candidata para próximo pregão.
PETR4,PETRR464,PUT,45.94,2026-06-19,23,CURTO,2.33,100.0,CONTINUACAO_BAIXA,"Trava de Baixa, Put Debit Spread",80.0,CANDIDATA_PROXIMO_PREGAO,Liquidez score 100.0 ≥ 50 com vencimento CURTO — candidata para próximo pregão.
WEGE3,WEGEG452,CALL,45.21,2026-07-17,51,MEDIO,1.12,100.0,RECUPERACAO_APOS_QUEDA,"Call Longa, Trava de Alta, Call Debit Spread",80.0,MONITORAR_NO_RTD,Liquidez score 100.0 ≥ 30 — monitorar confirmação via RTD.
BBAS3,BBASF198,CALL,19.85,2026-06-19,23,CURTO,1.42,100.0,RECUPERACAO_APOS_QUEDA,"Call Longa, Trava de Alta, Call Debit Spread",80.0,CANDIDATA_PROXIMO_PREGAO,Liquidez score 100.0 ≥ 50 com vencimento CURTO — candidata para próximo pregão.
BBDC4,BBDCR3,PUT,18.51,2026-06-19,23,CURTO,0.94,100.0,RECUPERACAO_APOS_QUEDA,"Call Longa, Trava de Alta, Call Debit Spread",80.0,CANDIDATA_PROXIMO_PREGAO,Liquidez score 100.0 ≥ 50 com vencimento CURTO — candidata para próximo pregão.
SUZB3,SUZBR459,PUT,45.92,2026-06-19,23,CURTO,3.25,100.0,RECUPERACAO_APOS_QUEDA,"Call Longa, Trava de Alta, Call Debit Spread",80.0,CANDIDATA_PROXIMO_PREGAO,Liquidez score 100.0 ≥ 50 com vencimento CURTO — candidata para próximo pregão.
BBAS3,BBASR232W1,PUT,23.26,2026-06-05,9,CURTO,2.25,100.0,RECUPERACAO_APOS_QUEDA,"Call Longa, Trava de Alta, Call Debit Spread",80.0,CANDIDATA_PROXIMO_PREGAO,Liquidez score 100.0 ≥ 50 com vencimento CURTO — candidata para próximo pregão.
PETR4,PETRS429,PUT,42.44,2026-07-17,51,MEDIO,1.18,100.0,CONTINUACAO_BAIXA,"Trava de Baixa, Put Debit Spread",80.0,MONITORAR_NO_RTD,Liquidez score 100.0 ≥ 30 — monitorar confirmação via RTD.
BBDC4,BBDCR18,PUT,18.26,2026-06-19,23,CURTO,0.76,100.0,RECUPERACAO_APOS_QUEDA,"Call Longa, Trava de Alta, Call Debit Spread",80.0,CANDIDATA_PROXIMO_PREGAO,Liquidez score 100.0 ≥ 50 com vencimento CURTO — candidata para próximo pregão.
SUZB3,SUZBR439,PUT,43.92,2026-06-19,23,CURTO,2.08,100.0,RECUPERACAO_APOS_QUEDA,"Call Longa, Trava de Alta, Call Debit Spread",80.0,CANDIDATA_PROXIMO_PREGAO,Liquidez score 100.0 ≥ 50 com vencimento CURTO — candidata para próximo pregão.
BBAS3,BBASS208,PUT,20.51,2026-07-17,51,MEDIO,0.49,100.0,RECUPERACAO_APOS_QUEDA,"Call Longa, Trava de Alta, Call Debit Spread",80.0,MONITORAR_NO_RTD,Liquidez score 100.0 ≥ 30 — monitorar confirmação via RTD.
BBAS3,BBASS20,PUT,19.76,2026-07-17,51,MEDIO,0.28,100.0,RECUPERACAO_APOS_QUEDA,"Call Longa, Trava de Alta, Call Debit Spread",80.0,MONITORAR_NO_RTD,Liquidez score 100.0 ≥ 30 — monitorar confirmação via RTD.
BBAS3,BBASR234,PUT,23.1,2026-06-19,23,CURTO,2.0,100.0,RECUPERACAO_APOS_QUEDA,"Call Longa, Trava de Alta, Call Debit Spread",80.0,CANDIDATA_PROXIMO_PREGAO,Liquidez score 100.0 ≥ 50 com vencimento CURTO — candidata para próximo pregão.
B3SA3,B3SAF117W4,CALL,11.72,2026-06-26,30,CURTO,5.26,100.0,RECUPERACAO_APOS_QUEDA,"Call Longa, Trava de Alta, Call Debit Spread",80.0,CANDIDATA_PROXIMO_PREGAO,Liquidez score 100.0 ≥ 50 com vencimento CURTO — candidata para próximo pregão.
BBAS3,BBASR231,PUT,22.85,2026-06-19,23,CURTO,1.81,100.0,RECUPERACAO_APOS_QUEDA,"Call Longa, Trava de Alta, Call Debit Spread",80.0,CANDIDATA_PROXIMO_PREGAO,Liquidez score 100.0 ≥ 50 com vencimento CURTO — candidata para próximo pregão.
BBAS3,BBASR229,PUT,22.6,2026-06-19,23,CURTO,1.61,100.0,RECUPERACAO_APOS_QUEDA,"Call Longa, Trava de Alta, Call Debit Spread",80.0,CANDIDATA_PROXIMO_PREGAO,Liquidez score 100.0 ≥ 50 com vencimento CURTO — candidata para próximo pregão.
BBAS3,BBASR224,PUT,22.1,2026-06-19,23,CURTO,1.2,100.0,RECUPERACAO_APOS_QUEDA,"Call Longa, Trava de Alta, Call Debit Spread",80.0,CANDIDATA_PROXIMO_PREGAO,Liquidez score 100.0 ≥ 50 com vencimento CURTO — candidata para próximo pregão.
BBAS3,BBASR221,PUT,21.85,2026-06-19,23,CURTO,1.03,100.0,RECUPERACAO_APOS_QUEDA,"Call Longa, Trava de Alta, Call Debit Spread",80.0,CANDIDATA_PROXIMO_PREGAO,Liquidez score 100.0 ≥ 50 com vencimento CURTO — candidata para próximo pregão.
BBAS3,BBASR218,PUT,21.6,2026-06-19,23,CURTO,0.85,100.0,RECUPERACAO_APOS_QUEDA,"Call Longa, Trava de Alta, Call Debit Spread",80.0,CANDIDATA_PROXIMO_PREGAO,Liquidez score 100.0 ≥ 50 com vencimento CURTO — candidata para próximo pregão.
SUZB3,SUZBR431,PUT,43.17,2026-06-19,23,CURTO,1.4,100.0,RECUPERACAO_APOS_QUEDA,"Call Longa, Trava de Alta, Call Debit Spread",80.0,CANDIDATA_PROXIMO_PREGAO,Liquidez score 100.0 ≥ 50 com vencimento CURTO — candidata para próximo pregão.
WEGE3,WEGEG427,CALL,42.71,2026-07-17,51,MEDIO,2.6,83.5,RECUPERACAO_APOS_QUEDA,"Call Longa, Trava de Alta, Call Debit Spread",80.0,MONITORAR_NO_RTD,Liquidez score 83.5 ≥ 30 — monitorar confirmação via RTD.
BBAS3,BBASG216,CALL,21.26,2026-07-17,51,MEDIO,0.88,83.0,RECUPERACAO_APOS_QUEDA,"Call Longa, Trava de Alta, Call Debit Spread",79.9,MONITORAR_NO_RTD,Liquidez score 83.0 ≥ 30 — monitorar confirmação via RTD.
ITUB4,ITUBQ398W5,PUT,39.86,2026-05-29,2,CURTO,0.67,66.2,RECUPERACAO_APOS_QUEDA,"Call Longa, Trava de Alta, Call Debit Spread",79.9,CANDIDATA_PROXIMO_PREGAO,Liquidez score 66.2 ≥ 50 com vencimento CURTO — candidata para próximo pregão.
BBAS3,BBASE211W5,CALL,21.1,2026-05-29,2,CURTO,0.24,66.3,RECUPERACAO_APOS_QUEDA,"Call Longa, Trava de Alta, Call Debit Spread",79.9,CANDIDATA_PROXIMO_PREGAO,Liquidez score 66.3 ≥ 50 com vencimento CURTO — candidata para próximo pregão.
WEGE3,WEGER448,PUT,42.78,2026-06-19,23,CURTO,1.2,65.7,RECUPERACAO_APOS_QUEDA,"Call Longa, Trava de Alta, Call Debit Spread",79.7,CANDIDATA_PROXIMO_PREGAO,Liquidez score 65.7 ≥ 50 com vencimento CURTO — candidata para próximo pregão.
ABEV3,ABEVR159,PUT,15.92,2026-06-19,23,CURTO,0.28,65.5,CONTINUACAO_ALTA,"Trava de Alta, Call Debit Spread",79.7,CANDIDATA_PROXIMO_PREGAO,Liquidez score 65.5 ≥ 50 com vencimento CURTO — candidata para próximo pregão.
ENEV3,ENEVR252,PUT,25.25,2026-06-19,23,CURTO,0.85,48.6,PROTECAO_CARTEIRA,"Protective Put, Collar",79.6,MONITORAR_NO_RTD,Liquidez score 48.6 ≥ 30 — monitorar confirmação via RTD.
SUZB3,SUZBF441,CALL,44.17,2026-06-19,23,CURTO,0.32,82.0,RECUPERACAO_APOS_QUEDA,"Call Longa, Trava de Alta, Call Debit Spread",79.6,CANDIDATA_PROXIMO_PREGAO,Liquidez score 82.0 ≥ 50 com vencimento CURTO — candidata para próximo pregão.
RADL3,RADLF190W4,CALL,19.06,2026-06-26,30,CURTO,0.79,81.5,CONTINUACAO_BAIXA,"Trava de Baixa, Put Debit Spread",79.5,CANDIDATA_PROXIMO_PREGAO,Liquidez score 81.5 ≥ 50 com vencimento CURTO — candidata para próximo pregão.
ENEV3,ENEVF290,CALL,29.0,2026-06-19,23,CURTO,0.31,98.4,PROTECAO_CARTEIRA,"Protective Put, Collar",79.5,CANDIDATA_PROXIMO_PREGAO,Liquidez score 98.4 ≥ 50 com vencimento CURTO — candidata para próximo pregão.
WEGE3,WEGEF458,CALL,43.78,2026-06-19,23,CURTO,1.2,81.5,RECUPERACAO_APOS_QUEDA,"Call Longa, Trava de Alta, Call Debit Spread",79.5,CANDIDATA_PROXIMO_PREGAO,Liquidez score 81.5 ≥ 50 com vencimento CURTO — candidata para próximo pregão.
WEGE3,WEGEF44,CALL,44.03,2026-06-19,23,CURTO,1.18,81.8,RECUPERACAO_APOS_QUEDA,"Call Longa, Trava de Alta, Call Debit Spread",79.5,CANDIDATA_PROXIMO_PREGAO,Liquidez score 81.8 ≥ 50 com vencimento CURTO — candidata para próximo pregão.
ITUB4,ITUBE393W5,CALL,39.36,2026-05-29,2,CURTO,0.65,64.7,RECUPERACAO_APOS_QUEDA,"Call Longa, Trava de Alta, Call Debit Spread",79.4,CANDIDATA_PROXIMO_PREGAO,Liquidez score 64.7 ≥ 50 com vencimento CURTO — candidata para próximo pregão.
ENEV3,ENEVF265,CALL,26.5,2026-06-19,23,CURTO,0.9,64.3,PROTECAO_CARTEIRA,"Protective Put, Collar",79.3,CANDIDATA_PROXIMO_PREGAO,Liquidez score 64.3 ≥ 50 com vencimento CURTO — candidata para próximo pregão.
PETR4,PETRJ502,CALL,43.88,2026-10-16,142,LONGO,6.79,97.6,CONTINUACAO_BAIXA,"Trava de Baixa, Put Debit Spread",79.3,MONITORAR_NO_RTD,Liquidez score 97.6 ≥ 30 — monitorar confirmação via RTD.
BPAC11,BPACR530,PUT,53.05,2026-06-19,23,CURTO,1.3,64.3,RECUPERACAO_APOS_QUEDA,"Call Longa, Trava de Alta, Call Debit Spread",79.3,CANDIDATA_PROXIMO_PREGAO,Liquidez score 64.3 ≥ 50 com vencimento CURTO — candidata para próximo pregão.
ITUB4,ITUBR424,PUT,38.63,2026-06-19,23,CURTO,0.6,80.8,RECUPERACAO_APOS_QUEDA,"Call Longa, Trava de Alta, Call Debit Spread",79.2,CANDIDATA_PROXIMO_PREGAO,Liquidez score 80.8 ≥ 50 com vencimento CURTO — candidata para próximo pregão.
PETR4,PETRE477W5,CALL,47.21,2026-05-29,2,CURTO,0.14,80.8,CONTINUACAO_BAIXA,"Trava de Baixa, Put Debit Spread",79.2,CANDIDATA_PROXIMO_PREGAO,Liquidez score 80.8 ≥ 50 com vencimento CURTO — candidata para próximo pregão.
ENEV3,ENEVR267,PUT,26.75,2026-06-19,23,CURTO,2.77,80.8,PROTECAO_CARTEIRA,"Protective Put, Collar",79.2,CANDIDATA_PROXIMO_PREGAO,Liquidez score 80.8 ≥ 50 com vencimento CURTO — candidata para próximo pregão.
RENT3,RENTR428,PUT,42.37,2026-06-19,23,CURTO,1.38,80.6,RECUPERACAO_APOS_QUEDA,"Call Longa, Trava de Alta, Call Debit Spread",79.2,CANDIDATA_PROXIMO_PREGAO,Liquidez score 80.6 ≥ 50 com vencimento CURTO — candidata para próximo pregão.
GGBR4,GGBRF244,CALL,24.18,2026-06-19,23,CURTO,0.72,64.1,CONTINUACAO_ALTA,"Trava de Alta, Call Debit Spread",79.2,CANDIDATA_PROXIMO_PREGAO,Liquidez score 64.1 ≥ 50 com vencimento CURTO — candidata para próximo pregão.
WEGE3,WEGEF468,CALL,44.78,2026-06-19,23,CURTO,0.83,80.5,RECUPERACAO_APOS_QUEDA,"Call Longa, Trava de Alta, Call Debit Spread",79.2,CANDIDATA_PROXIMO_PREGAO,Liquidez score 80.5 ≥ 50 com vencimento CURTO — candidata para próximo pregão.
WEGE3,WEGEF42,CALL,42.53,2026-06-19,23,CURTO,1.89,63.7,RECUPERACAO_APOS_QUEDA,"Call Longa, Trava de Alta, Call Debit Spread",79.1,CANDIDATA_PROXIMO_PREGAO,Liquidez score 63.7 ≥ 50 com vencimento CURTO — candidata para próximo pregão.
WEGE3,WEGEF446,CALL,44.53,2026-06-19,23,CURTO,0.97,80.2,RECUPERACAO_APOS_QUEDA,"Call Longa, Trava de Alta, Call Debit Spread",79.1,CANDIDATA_PROXIMO_PREGAO,Liquidez score 80.2 ≥ 50 com vencimento CURTO — candidata para próximo pregão.
BBDC4,BBDCR187,PUT,18.01,2026-06-19,23,CURTO,0.62,97.1,RECUPERACAO_APOS_QUEDA,"Call Longa, Trava de Alta, Call Debit Spread",79.1,CANDIDATA_PROXIMO_PREGAO,Liquidez score 97.1 ≥ 50 com vencimento CURTO — candidata para próximo pregão.
BBAS3,BBASS206,PUT,20.26,2026-07-17,51,MEDIO,0.43,96.9,RECUPERACAO_APOS_QUEDA,"Call Longa, Trava de Alta, Call Debit Spread",79.1,MONITORAR_NO_RTD,Liquidez score 96.9 ≥ 30 — monitorar confirmação via RTD.
B3SA3,B3SAG161,CALL,16.14,2026-07-17,51,MEDIO,1.38,96.9,RECUPERACAO_APOS_QUEDA,"Call Longa, Trava de Alta, Call Debit Spread",79.1,MONITORAR_NO_RTD,Liquidez score 96.9 ≥ 30 — monitorar confirmação via RTD.
PETR4,PETRS417,PUT,41.19,2026-07-17,51,MEDIO,0.84,96.8,CONTINUACAO_BAIXA,"Trava de Baixa, Put Debit Spread",79.0,MONITORAR_NO_RTD,Liquidez score 96.8 ≥ 30 — monitorar confirmação via RTD.
ITUB4,ITUBF419,CALL,38.14,2026-06-19,23,CURTO,2.06,96.8,RECUPERACAO_APOS_QUEDA,"Call Longa, Trava de Alta, Call Debit Spread",79.0,CANDIDATA_PROXIMO_PREGAO,Liquidez score 96.8 ≥ 50 com vencimento CURTO — candidata para próximo pregão.
RENT3,RENTF430,CALL,42.62,2026-06-19,23,CURTO,2.75,63.1,RECUPERACAO_APOS_QUEDA,"Call Longa, Trava de Alta, Call Debit Spread",78.9,CANDIDATA_PROXIMO_PREGAO,Liquidez score 63.1 ≥ 50 com vencimento CURTO — candidata para próximo pregão.
RENT3,RENTF445,CALL,44.12,2026-06-19,23,CURTO,1.95,62.7,RECUPERACAO_APOS_QUEDA,"Call Longa, Trava de Alta, Call Debit Spread",78.8,CANDIDATA_PROXIMO_PREGAO,Liquidez score 62.7 ≥ 50 com vencimento CURTO — candidata para próximo pregão.
ITUB4,ITUBG417,CALL,41.5,2026-07-17,51,MEDIO,0.98,96.1,RECUPERACAO_APOS_QUEDA,"Call Longa, Trava de Alta, Call Debit Spread",78.8,MONITORAR_NO_RTD,Liquidez score 96.1 ≥ 30 — monitorar confirmação via RTD.
PETR4,PETRR494,PUT,48.94,2026-06-19,23,CURTO,4.65,95.6,CONTINUACAO_BAIXA,"Trava de Baixa, Put Debit Spread",78.7,CANDIDATA_PROXIMO_PREGAO,Liquidez score 95.6 ≥ 50 com vencimento CURTO — candidata para próximo pregão.
HAPV3,HAPVR127,PUT,12.75,2026-06-19,23,CURTO,1.03,95.0,CONTINUACAO_BAIXA,"Trava de Baixa, Put Debit Spread",78.5,CANDIDATA_PROXIMO_PREGAO,Liquidez score 95.0 ≥ 50 com vencimento CURTO — candidata para próximo pregão.
ITUB4,ITUBE396W5,CALL,39.61,2026-05-29,2,CURTO,0.53,61.6,RECUPERACAO_APOS_QUEDA,"Call Longa, Trava de Alta, Call Debit Spread",78.5,CANDIDATA_PROXIMO_PREGAO,Liquidez score 61.6 ≥ 50 com vencimento CURTO — candidata para próximo pregão.
ITUB4,ITUBR420,PUT,41.69,2026-06-19,23,CURTO,2.26,94.7,RECUPERACAO_APOS_QUEDA,"Call Longa, Trava de Alta, Call Debit Spread",78.4,CANDIDATA_PROXIMO_PREGAO,Liquidez score 94.7 ≥ 50 com vencimento CURTO — candidata para próximo pregão.
BBAS3,BBASG22,CALL,21.76,2026-07-17,51,MEDIO,0.63,94.6,RECUPERACAO_APOS_QUEDA,"Call Longa, Trava de Alta, Call Debit Spread",78.4,MONITORAR_NO_RTD,Liquidez score 94.6 ≥ 30 — monitorar confirmação via RTD.
PETR4,PETRG441W4,CALL,44.19,2026-07-24,58,MEDIO,4.94,78.0,CONTINUACAO_BAIXA,"Trava de Baixa, Put Debit Spread",78.4,MONITORAR_NO_RTD,Liquidez score 78.0 ≥ 30 — monitorar confirmação via RTD.
BPAC11,BPACE545W5,CALL,54.55,2026-05-29,2,CURTO,0.67,61.0,RECUPERACAO_APOS_QUEDA,"Call Longa, Trava de Alta, Call Debit Spread",78.3,CANDIDATA_PROXIMO_PREGAO,Liquidez score 61.0 ≥ 50 com vencimento CURTO — candidata para próximo pregão.
ITUB4,ITUBR43,PUT,42.69,2026-06-19,23,CURTO,3.1,93.9,RECUPERACAO_APOS_QUEDA,"Call Longa, Trava de Alta, Call Debit Spread",78.2,CANDIDATA_PROXIMO_PREGAO,Liquidez score 93.9 ≥ 50 com vencimento CURTO — candidata para próximo pregão.
BBDC4,BBDCS175,PUT,17.66,2026-07-17,51,MEDIO,0.56,77.3,RECUPERACAO_APOS_QUEDA,"Call Longa, Trava de Alta, Call Debit Spread",78.2,MONITORAR_NO_RTD,Liquidez score 77.3 ≥ 30 — monitorar confirmação via RTD.
GGBR4,GGBRR221,PUT,21.93,2026-06-19,23,CURTO,0.14,77.4,CONTINUACAO_ALTA,"Trava de Alta, Call Debit Spread",78.2,CANDIDATA_PROXIMO_PREGAO,Liquidez score 77.4 ≥ 50 com vencimento CURTO — candidata para próximo pregão.
PRIO3,PRIOR675,PUT,67.5,2026-06-19,23,CURTO,2.46,93.7,LATERALIDADE,Monitorar — Iron Condor futuro,78.1,CANDIDATA_PROXIMO_PREGAO,Liquidez score 93.7 ≥ 50 com vencimento CURTO — candidata para próximo pregão.
SUZB3,SUZBF411,CALL,41.17,2026-06-19,23,CURTO,1.55,60.4,RECUPERACAO_APOS_QUEDA,"Call Longa, Trava de Alta, Call Debit Spread",78.1,CANDIDATA_PROXIMO_PREGAO,Liquidez score 60.4 ≥ 50 com vencimento CURTO — candidata para próximo pregão.
B3SA3,B3SAF162W4,CALL,16.22,2026-06-26,30,CURTO,1.33,76.8,RECUPERACAO_APOS_QUEDA,"Call Longa, Trava de Alta, Call Debit Spread",78.0,CANDIDATA_PROXIMO_PREGAO,Liquidez score 76.8 ≥ 50 com vencimento CURTO — candidata para próximo pregão.
B3SA3,B3SAS178,PUT,17.39,2026-07-17,51,MEDIO,1.13,93.2,RECUPERACAO_APOS_QUEDA,"Call Longa, Trava de Alta, Call Debit Spread",78.0,MONITORAR_NO_RTD,Liquidez score 93.2 ≥ 30 — monitorar confirmação via RTD.
ITUB4,ITUBG43,CALL,43.0,2026-07-17,51,MEDIO,0.54,93.2,RECUPERACAO_APOS_QUEDA,"Call Longa, Trava de Alta, Call Debit Spread",78.0,MONITORAR_NO_RTD,Liquidez score 93.2 ≥ 30 — monitorar confirmação via RTD.
PETR4,PETRQ442W5,PUT,43.71,2026-05-29,2,CURTO,0.54,59.8,CONTINUACAO_BAIXA,"Trava de Baixa, Put Debit Spread",77.9,CANDIDATA_PROXIMO_PREGAO,Liquidez score 59.8 ≥ 50 com vencimento CURTO — candidata para próximo pregão.
BBAS3,BBASF196,CALL,19.6,2026-06-19,23,CURTO,1.65,93.1,RECUPERACAO_APOS_QUEDA,"Call Longa, Trava de Alta, Call Debit Spread",77.9,CANDIDATA_PROXIMO_PREGAO,Liquidez score 93.1 ≥ 50 com vencimento CURTO — candidata para próximo pregão.
WEGE3,WEGEF440,CALL,43.03,2026-06-19,23,CURTO,1.57,59.7,RECUPERACAO_APOS_QUEDA,"Call Longa, Trava de Alta, Call Debit Spread",77.9,CANDIDATA_PROXIMO_PREGAO,Liquidez score 59.7 ≥ 50 com vencimento CURTO — candidata para próximo pregão.
PETR4,PETRF455W1,CALL,44.96,2026-06-05,9,CURTO,0.95,59.6,CONTINUACAO_BAIXA,"Trava de Baixa, Put Debit Spread",77.9,CANDIDATA_PROXIMO_PREGAO,Liquidez score 59.6 ≥ 50 com vencimento CURTO — candidata para próximo pregão.
PRIO3,PRIOE680W5,CALL,68.0,2026-05-29,2,CURTO,1.96,92.7,LATERALIDADE,Monitorar — Iron Condor futuro,77.8,CANDIDATA_PROXIMO_PREGAO,Liquidez score 92.7 ≥ 50 com vencimento CURTO — candidata para próximo pregão.
WEGE3,WEGEG469,CALL,44.96,2026-07-17,51,MEDIO,1.06,92.8,RECUPERACAO_APOS_QUEDA,"Call Longa, Trava de Alta, Call Debit Spread",77.8,MONITORAR_NO_RTD,Liquidez score 92.8 ≥ 30 — monitorar confirmação via RTD.
WEGE3,WEGEF439W2,CALL,43.92,2026-06-12,16,CURTO,1.69,76.0,RECUPERACAO_APOS_QUEDA,"Call Longa, Trava de Alta, Call Debit Spread",77.8,CANDIDATA_PROXIMO_PREGAO,Liquidez score 76.0 ≥ 50 com vencimento CURTO — candidata para próximo pregão.
BBAS3,BBASR193,PUT,19.35,2026-06-19,23,CURTO,0.11,75.5,RECUPERACAO_APOS_QUEDA,"Call Longa, Trava de Alta, Call Debit Spread",77.7,CANDIDATA_PROXIMO_PREGAO,Liquidez score 75.5 ≥ 50 com vencimento CURTO — candidata para próximo pregão.
BPAC11,BPACR515,PUT,51.55,2026-06-19,23,CURTO,0.79,75.6,RECUPERACAO_APOS_QUEDA,"Call Longa, Trava de Alta, Call Debit Spread",77.7,CANDIDATA_PROXIMO_PREGAO,Liquidez score 75.6 ≥ 50 com vencimento CURTO — candidata para próximo pregão.
BPAC11,BPACR545,PUT,54.55,2026-06-19,23,CURTO,1.93,59.1,RECUPERACAO_APOS_QUEDA,"Call Longa, Trava de Alta, Call Debit Spread",77.7,CANDIDATA_PROXIMO_PREGAO,Liquidez score 59.1 ≥ 50 com vencimento CURTO — candidata para próximo pregão.
ENEV3,ENEVS250,PUT,25.0,2026-07-17,51,MEDIO,1.11,58.8,PROTECAO_CARTEIRA,"Protective Put, Collar",77.6,MONITORAR_NO_RTD,Liquidez score 58.8 ≥ 30 — monitorar confirmação via RTD.
ITUB4,ITUBF43,CALL,42.69,2026-06-19,23,CURTO,0.27,75.2,RECUPERACAO_APOS_QUEDA,"Call Longa, Trava de Alta, Call Debit Spread",77.6,CANDIDATA_PROXIMO_PREGAO,Liquidez score 75.2 ≥ 50 com vencimento CURTO — candidata para próximo pregão.
ENEV3,ENEVG275,CALL,27.5,2026-07-17,51,MEDIO,0.63,75.2,PROTECAO_CARTEIRA,"Protective Put, Collar",77.6,MONITORAR_NO_RTD,Liquidez score 75.2 ≥ 30 — monitorar confirmação via RTD.
SUZB3,SUZBS413,PUT,41.38,2026-07-17,51,MEDIO,0.87,74.9,RECUPERACAO_APOS_QUEDA,"Call Longa, Trava de Alta, Call Debit Spread",77.5,MONITORAR_NO_RTD,Liquidez score 74.9 ≥ 30 — monitorar confirmação via RTD.
ABEV3,ABEVR164,PUT,16.42,2026-06-19,23,CURTO,0.49,58.0,CONTINUACAO_ALTA,"Trava de Alta, Call Debit Spread",77.4,CANDIDATA_PROXIMO_PREGAO,Liquidez score 58.0 ≥ 50 com vencimento CURTO — candidata para próximo pregão.
BBAS3,BBASR225,PUT,22.35,2026-06-19,23,CURTO,1.38,91.3,RECUPERACAO_APOS_QUEDA,"Call Longa, Trava de Alta, Call Debit Spread",77.4,CANDIDATA_PROXIMO_PREGAO,Liquidez score 91.3 ≥ 50 com vencimento CURTO — candidata para próximo pregão.
RENT3,RENTR436W2,PUT,43.62,2026-06-12,16,CURTO,1.52,58.0,RECUPERACAO_APOS_QUEDA,"Call Longa, Trava de Alta, Call Debit Spread",77.4,CANDIDATA_PROXIMO_PREGAO,Liquidez score 58.0 ≥ 50 com vencimento CURTO — candidata para próximo pregão.
ABEV3,ABEVF159,CALL,15.92,2026-06-19,23,CURTO,0.63,58.0,CONTINUACAO_ALTA,"Trava de Alta, Call Debit Spread",77.4,CANDIDATA_PROXIMO_PREGAO,Liquidez score 58.0 ≥ 50 com vencimento CURTO — candidata para próximo pregão.
RENT3,RENTF440,CALL,43.62,2026-06-19,23,CURTO,2.09,57.9,RECUPERACAO_APOS_QUEDA,"Call Longa, Trava de Alta, Call Debit Spread",77.4,CANDIDATA_PROXIMO_PREGAO,Liquidez score 57.9 ≥ 50 com vencimento CURTO — candidata para próximo pregão.
WEGE3,WEGEG422,CALL,42.21,2026-07-17,51,MEDIO,2.83,74.5,RECUPERACAO_APOS_QUEDA,"Call Longa, Trava de Alta, Call Debit Spread",77.3,MONITORAR_NO_RTD,Liquidez score 74.5 ≥ 30 — monitorar confirmação via RTD.
ENEV3,ENEVS237,PUT,23.75,2026-07-17,51,MEDIO,0.9,74.3,PROTECAO_CARTEIRA,"Protective Put, Collar",77.3,MONITORAR_NO_RTD,Liquidez score 74.3 ≥ 30 — monitorar confirmação via RTD.
WEGE3,WEGEG432,CALL,43.21,2026-07-17,51,MEDIO,2.29,74.2,RECUPERACAO_APOS_QUEDA,"Call Longa, Trava de Alta, Call Debit Spread",77.3,MONITORAR_NO_RTD,Liquidez score 74.2 ≥ 30 — monitorar confirmação via RTD.
ITUB4,ITUBR421,PUT,38.39,2026-06-19,23,CURTO,0.53,74.3,RECUPERACAO_APOS_QUEDA,"Call Longa, Trava de Alta, Call Debit Spread",77.3,CANDIDATA_PROXIMO_PREGAO,Liquidez score 74.3 ≥ 50 com vencimento CURTO — candidata para próximo pregão.
PETR4,PETRE465W5,CALL,45.96,2026-05-29,2,CURTO,0.36,74.1,CONTINUACAO_BAIXA,"Trava de Baixa, Put Debit Spread",77.2,CANDIDATA_PROXIMO_PREGAO,Liquidez score 74.1 ≥ 50 com vencimento CURTO — candidata para próximo pregão.
PETR4,PETRQ437W5,PUT,43.21,2026-05-29,2,CURTO,0.4,74.0,CONTINUACAO_BAIXA,"Trava de Baixa, Put Debit Spread",77.2,CANDIDATA_PROXIMO_PREGAO,Liquidez score 74.0 ≥ 50 com vencimento CURTO — candidata para próximo pregão.
PETR4,PETRF495,CALL,48.96,2026-06-19,23,CURTO,2.89,73.8,CONTINUACAO_BAIXA,"Trava de Baixa, Put Debit Spread",77.1,CANDIDATA_PROXIMO_PREGAO,Liquidez score 73.8 ≥ 50 com vencimento CURTO — candidata para próximo pregão.
WEGE3,WEGER443,PUT,44.28,2026-06-19,23,CURTO,1.94,90.3,RECUPERACAO_APOS_QUEDA,"Call Longa, Trava de Alta, Call Debit Spread",77.1,CANDIDATA_PROXIMO_PREGAO,Liquidez score 90.3 ≥ 50 com vencimento CURTO — candidata para próximo pregão.
BBDC4,BBDCQ176W5,PUT,17.66,2026-05-29,2,CURTO,0.24,56.5,RECUPERACAO_APOS_QUEDA,"Call Longa, Trava de Alta, Call Debit Spread",77.0,CANDIDATA_PROXIMO_PREGAO,Liquidez score 56.5 ≥ 50 com vencimento CURTO — candidata para próximo pregão.
VALE3,VALEF830W1,CALL,83.0,2026-06-05,9,CURTO,1.87,89.6,LATERALIDADE,Monitorar — Iron Condor futuro,76.9,CANDIDATA_PROXIMO_PREGAO,Liquidez score 89.6 ≥ 50 com vencimento CURTO — candidata para próximo pregão.
PETR4,PETRS437,PUT,43.19,2026-07-17,51,MEDIO,1.42,89.6,CONTINUACAO_BAIXA,"Trava de Baixa, Put Debit Spread",76.9,MONITORAR_NO_RTD,Liquidez score 89.6 ≥ 30 — monitorar confirmação via RTD.
PETR4,PETRR450W1,PUT,44.46,2026-06-05,9,CURTO,1.16,55.9,CONTINUACAO_BAIXA,"Trava de Baixa, Put Debit Spread",76.8,CANDIDATA_PROXIMO_PREGAO,Liquidez score 55.9 ≥ 50 com vencimento CURTO — candidata para próximo pregão.
PRIO3,PRIOE690W5,CALL,69.0,2026-05-29,2,CURTO,1.47,89.5,LATERALIDADE,Monitorar — Iron Condor futuro,76.8,CANDIDATA_PROXIMO_PREGAO,Liquidez score 89.5 ≥ 50 com vencimento CURTO — candidata para próximo pregão.
WEGE3,WEGES454,PUT,43.46,2026-07-17,51,MEDIO,1.79,72.5,RECUPERACAO_APOS_QUEDA,"Call Longa, Trava de Alta, Call Debit Spread",76.8,MONITORAR_NO_RTD,Liquidez score 72.5 ≥ 30 — monitorar confirmação via RTD.
ITUB4,ITUBR419,PUT,38.14,2026-06-19,23,CURTO,0.47,72.5,RECUPERACAO_APOS_QUEDA,"Call Longa, Trava de Alta, Call Debit Spread",76.8,CANDIDATA_PROXIMO_PREGAO,Liquidez score 72.5 ≥ 50 com vencimento CURTO — candidata para próximo pregão.
PETR4,PETRS422,PUT,41.69,2026-07-17,51,MEDIO,0.97,89.1,CONTINUACAO_BAIXA,"Trava de Baixa, Put Debit Spread",76.7,MONITORAR_NO_RTD,Liquidez score 89.1 ≥ 30 — monitorar confirmação via RTD.
TAEE11,TAEEF400,CALL,38.64,2026-06-19,23,CURTO,1.2,55.5,RECUPERACAO_APOS_QUEDA,"Call Longa, Trava de Alta, Call Debit Spread",76.7,CANDIDATA_PROXIMO_PREGAO,Liquidez score 55.5 ≥ 50 com vencimento CURTO — candidata para próximo pregão.
BBDC4,BBDCS2,PUT,17.41,2026-07-17,51,MEDIO,0.47,71.9,RECUPERACAO_APOS_QUEDA,"Call Longa, Trava de Alta, Call Debit Spread",76.6,MONITORAR_NO_RTD,Liquidez score 71.9 ≥ 30 — monitorar confirmação via RTD.
WEGE3,WEGEF464W2,CALL,46.42,2026-06-12,16,CURTO,1.25,72.0,RECUPERACAO_APOS_QUEDA,"Call Longa, Trava de Alta, Call Debit Spread",76.6,CANDIDATA_PROXIMO_PREGAO,Liquidez score 72.0 ≥ 50 com vencimento CURTO — candidata para próximo pregão.
PETR4,PETRF450W1,CALL,44.46,2026-06-05,9,CURTO,1.28,55.4,CONTINUACAO_BAIXA,"Trava de Baixa, Put Debit Spread",76.6,CANDIDATA_PROXIMO_PREGAO,Liquidez score 55.4 ≥ 50 com vencimento CURTO — candidata para próximo pregão.
ABEV3,ABEVF161W2,CALL,16.17,2026-06-12,16,CURTO,0.29,55.0,CONTINUACAO_ALTA,"Trava de Alta, Call Debit Spread",76.5,CANDIDATA_PROXIMO_PREGAO,Liquidez score 55.0 ≥ 50 com vencimento CURTO — candidata para próximo pregão.
BPAC11,BPACG531,CALL,53.19,2026-07-17,51,MEDIO,3.95,71.8,RECUPERACAO_APOS_QUEDA,"Call Longa, Trava de Alta, Call Debit Spread",76.5,MONITORAR_NO_RTD,Liquidez score 71.8 ≥ 30 — monitorar confirmação via RTD.
ENEV3,ENEVG260,CALL,26.0,2026-07-17,51,MEDIO,1.29,71.6,PROTECAO_CARTEIRA,"Protective Put, Collar",76.5,MONITORAR_NO_RTD,Liquidez score 71.6 ≥ 30 — monitorar confirmação via RTD.
PETR4,PETRR409,PUT,40.44,2026-06-19,23,CURTO,0.37,71.8,CONTINUACAO_BAIXA,"Trava de Baixa, Put Debit Spread",76.5,CANDIDATA_PROXIMO_PREGAO,Liquidez score 71.8 ≥ 50 com vencimento CURTO — candidata para próximo pregão.
TAEE11,TAEER395,PUT,38.14,2026-06-19,23,CURTO,0.52,55.0,RECUPERACAO_APOS_QUEDA,"Call Longa, Trava de Alta, Call Debit Spread",76.5,CANDIDATA_PROXIMO_PREGAO,Liquidez score 55.0 ≥ 50 com vencimento CURTO — candidata para próximo pregão.
ENEV3,ENEVF165,CALL,16.5,2026-06-19,23,CURTO,9.56,88.0,PROTECAO_CARTEIRA,"Protective Put, Collar",76.4,CANDIDATA_PROXIMO_PREGAO,Liquidez score 88.0 ≥ 50 com vencimento CURTO — candidata para próximo pregão.
BBDC4,BBDCG189,CALL,18.66,2026-07-17,51,MEDIO,0.44,88.1,RECUPERACAO_APOS_QUEDA,"Call Longa, Trava de Alta, Call Debit Spread",76.4,MONITORAR_NO_RTD,Liquidez score 88.1 ≥ 30 — monitorar confirmação via RTD.
B3SA3,B3SAR305,PUT,30.47,2026-06-19,23,CURTO,13.25,88.0,RECUPERACAO_APOS_QUEDA,"Call Longa, Trava de Alta, Call Debit Spread",76.4,CANDIDATA_PROXIMO_PREGAO,Liquidez score 88.0 ≥ 50 com vencimento CURTO — candidata para próximo pregão.
GGBR4,GGBRF241,CALL,23.93,2026-06-19,23,CURTO,0.89,54.8,CONTINUACAO_ALTA,"Trava de Alta, Call Debit Spread",76.4,CANDIDATA_PROXIMO_PREGAO,Liquidez score 54.8 ≥ 50 com vencimento CURTO — candidata para próximo pregão.
TAEE11,TAEEF395,CALL,38.14,2026-06-19,23,CURTO,1.49,54.6,RECUPERACAO_APOS_QUEDA,"Call Longa, Trava de Alta, Call Debit Spread",76.4,CANDIDATA_PROXIMO_PREGAO,Liquidez score 54.6 ≥ 50 com vencimento CURTO — candidata para próximo pregão.
BBAS3,BBASQ231W5,PUT,23.1,2026-05-29,2,CURTO,2.18,87.7,RECUPERACAO_APOS_QUEDA,"Call Longa, Trava de Alta, Call Debit Spread",76.3,CANDIDATA_PROXIMO_PREGAO,Liquidez score 87.7 ≥ 50 com vencimento CURTO — candidata para próximo pregão.
BBDC4,BBDCG184,CALL,18.16,2026-07-17,51,MEDIO,0.63,87.7,RECUPERACAO_APOS_QUEDA,"Call Longa, Trava de Alta, Call Debit Spread",76.3,MONITORAR_NO_RTD,Liquidez score 87.7 ≥ 30 — monitorar confirmação via RTD.
HAPV3,HAPVG120,CALL,12.0,2026-07-17,51,MEDIO,1.16,71.1,CONTINUACAO_BAIXA,"Trava de Baixa, Put Debit Spread",76.3,MONITORAR_NO_RTD,Liquidez score 71.1 ≥ 30 — monitorar confirmação via RTD.
ITUB4,ITUBF427,CALL,42.44,2026-06-19,23,CURTO,0.27,70.9,RECUPERACAO_APOS_QUEDA,"Call Longa, Trava de Alta, Call Debit Spread",76.3,CANDIDATA_PROXIMO_PREGAO,Liquidez score 70.9 ≥ 50 com vencimento CURTO — candidata para próximo pregão.
BBAS3,BBASF225,CALL,22.35,2026-06-19,23,CURTO,0.18,71.1,RECUPERACAO_APOS_QUEDA,"Call Longa, Trava de Alta, Call Debit Spread",76.3,CANDIDATA_PROXIMO_PREGAO,Liquidez score 71.1 ≥ 50 com vencimento CURTO — candidata para próximo pregão.
BBAS3,BBASS216,PUT,21.26,2026-07-17,51,MEDIO,0.79,71.1,RECUPERACAO_APOS_QUEDA,"Call Longa, Trava de Alta, Call Debit Spread",76.3,MONITORAR_NO_RTD,Liquidez score 71.1 ≥ 30 — monitorar confirmação via RTD.
BBDC4,BBDCT176,PUT,17.39,2026-08-21,86,MEDIO,0.64,70.7,RECUPERACAO_APOS_QUEDA,"Call Longa, Trava de Alta, Call Debit Spread",76.2,MONITORAR_NO_RTD,Liquidez score 70.7 ≥ 30 — monitorar confirmação via RTD.
B3SA3,B3SAR187,PUT,18.72,2026-06-19,23,CURTO,2.0,87.2,RECUPERACAO_APOS_QUEDA,"Call Longa, Trava de Alta, Call Debit Spread",76.2,CANDIDATA_PROXIMO_PREGAO,Liquidez score 87.2 ≥ 50 com vencimento CURTO — candidata para próximo pregão.
BBAS3,BBAST205,PUT,20.52,2026-08-21,86,MEDIO,0.67,87.2,RECUPERACAO_APOS_QUEDA,"Call Longa, Trava de Alta, Call Debit Spread",76.2,MONITORAR_NO_RTD,Liquidez score 87.2 ≥ 30 — monitorar confirmação via RTD.
WEGE3,WEGET435,PUT,43.46,2026-08-21,86,MEDIO,2.4,70.0,RECUPERACAO_APOS_QUEDA,"Call Longa, Trava de Alta, Call Debit Spread",76.0,MONITORAR_NO_RTD,Liquidez score 70.0 ≥ 30 — monitorar confirmação via RTD.
BBAS3,BBASQ206W5,PUT,20.6,2026-05-29,2,CURTO,0.15,53.5,RECUPERACAO_APOS_QUEDA,"Call Longa, Trava de Alta, Call Debit Spread",76.0,CANDIDATA_PROXIMO_PREGAO,Liquidez score 53.5 ≥ 50 com vencimento CURTO — candidata para próximo pregão.
SUZB3,SUZBF451,CALL,45.17,2026-06-19,23,CURTO,0.19,69.7,RECUPERACAO_APOS_QUEDA,"Call Longa, Trava de Alta, Call Debit Spread",75.9,CANDIDATA_PROXIMO_PREGAO,Liquidez score 69.7 ≥ 50 com vencimento CURTO — candidata para próximo pregão.
WEGE3,WEGEF483,CALL,47.03,2026-06-19,23,CURTO,0.39,69.6,RECUPERACAO_APOS_QUEDA,"Call Longa, Trava de Alta, Call Debit Spread",75.9,CANDIDATA_PROXIMO_PREGAO,Liquidez score 69.6 ≥ 50 com vencimento CURTO — candidata para próximo pregão.
ITUB4,ITUBS428,PUT,39.04,2026-07-17,51,MEDIO,1.0,69.8,RECUPERACAO_APOS_QUEDA,"Call Longa, Trava de Alta, Call Debit Spread",75.9,MONITORAR_NO_RTD,Liquidez score 69.8 ≥ 30 — monitorar confirmação via RTD.
BPAC11,BPACF535,CALL,53.55,2026-06-19,23,CURTO,2.33,53.0,RECUPERACAO_APOS_QUEDA,"Call Longa, Trava de Alta, Call Debit Spread",75.9,CANDIDATA_PROXIMO_PREGAO,Liquidez score 53.0 ≥ 50 com vencimento CURTO — candidata para próximo pregão.
RENT3,RENTF466,CALL,46.62,2026-06-19,23,CURTO,1.14,69.6,RECUPERACAO_APOS_QUEDA,"Call Longa, Trava de Alta, Call Debit Spread",75.9,CANDIDATA_PROXIMO_PREGAO,Liquidez score 69.6 ≥ 50 com vencimento CURTO — candidata para próximo pregão.
HAPV3,HAPVR117,PUT,11.75,2026-06-19,23,CURTO,0.54,69.8,CONTINUACAO_BAIXA,"Trava de Baixa, Put Debit Spread",75.9,CANDIDATA_PROXIMO_PREGAO,Liquidez score 69.8 ≥ 50 com vencimento CURTO — candidata para próximo pregão.
BBAS3,BBASS198,PUT,19.51,2026-07-17,51,MEDIO,0.24,86.2,RECUPERACAO_APOS_QUEDA,"Call Longa, Trava de Alta, Call Debit Spread",75.9,MONITORAR_NO_RTD,Liquidez score 86.2 ≥ 30 — monitorar confirmação via RTD.
WEGE3,WEGER420,PUT,41.92,2026-06-19,23,CURTO,0.82,52.7,RECUPERACAO_APOS_QUEDA,"Call Longa, Trava de Alta, Call Debit Spread",75.8,CANDIDATA_PROXIMO_PREGAO,Liquidez score 52.7 ≥ 50 com vencimento CURTO — candidata para próximo pregão.
CPLE6,CPLER147,PUT,14.53,2026-06-19,23,CURTO,0.27,52.2,CONTINUACAO_ALTA,"Trava de Alta, Call Debit Spread",75.7,CANDIDATA_PROXIMO_PREGAO,Liquidez score 52.2 ≥ 50 com vencimento CURTO — candidata para próximo pregão.
ITUB4,ITUBF44,CALL,43.69,2026-06-19,23,CURTO,0.13,69.1,RECUPERACAO_APOS_QUEDA,"Call Longa, Trava de Alta, Call Debit Spread",75.7,CANDIDATA_PROXIMO_PREGAO,Liquidez score 69.1 ≥ 50 com vencimento CURTO — candidata para próximo pregão.
B3SA3,B3SAS175,PUT,17.14,2026-07-17,51,MEDIO,0.98,85.8,RECUPERACAO_APOS_QUEDA,"Call Longa, Trava de Alta, Call Debit Spread",75.7,MONITORAR_NO_RTD,Liquidez score 85.8 ≥ 30 — monitorar confirmação via RTD.
RENT3,RENTF435,CALL,43.12,2026-06-19,23,CURTO,2.46,52.2,RECUPERACAO_APOS_QUEDA,"Call Longa, Trava de Alta, Call Debit Spread",75.7,CANDIDATA_PROXIMO_PREGAO,Liquidez score 52.2 ≥ 50 com vencimento CURTO — candidata para próximo pregão.
PETR4,PETRQ460W5,PUT,45.46,2026-05-29,2,CURTO,1.7,85.6,CONTINUACAO_BAIXA,"Trava de Baixa, Put Debit Spread",75.7,CANDIDATA_PROXIMO_PREGAO,Liquidez score 85.6 ≥ 50 com vencimento CURTO — candidata para próximo pregão.
SUZB3,SUZBR436,PUT,43.67,2026-06-19,23,CURTO,1.89,85.7,RECUPERACAO_APOS_QUEDA,"Call Longa, Trava de Alta, Call Debit Spread",75.7,CANDIDATA_PROXIMO_PREGAO,Liquidez score 85.7 ≥ 50 com vencimento CURTO — candidata para próximo pregão.
ITUB4,ITUBE401W5,CALL,40.11,2026-05-29,2,CURTO,0.36,51.9,RECUPERACAO_APOS_QUEDA,"Call Longa, Trava de Alta, Call Debit Spread",75.6,CANDIDATA_PROXIMO_PREGAO,Liquidez score 51.9 ≥ 50 com vencimento CURTO — candidata para próximo pregão.
BBDC4,BBDCS179,PUT,17.91,2026-07-17,51,MEDIO,0.67,68.6,RECUPERACAO_APOS_QUEDA,"Call Longa, Trava de Alta, Call Debit Spread",75.6,MONITORAR_NO_RTD,Liquidez score 68.6 ≥ 30 — monitorar confirmação via RTD.
PETR4,PETRI457,CALL,45.19,2026-09-18,114,LONGO,4.32,85.0,CONTINUACAO_BAIXA,"Trava de Baixa, Put Debit Spread",75.5,MONITORAR_NO_RTD,Liquidez score 85.0 ≥ 30 — monitorar confirmação via RTD.
BBDC4,BBDCR174,PUT,16.76,2026-06-19,23,CURTO,0.16,68.0,RECUPERACAO_APOS_QUEDA,"Call Longa, Trava de Alta, Call Debit Spread",75.4,CANDIDATA_PROXIMO_PREGAO,Liquidez score 68.0 ≥ 50 com vencimento CURTO — candidata para próximo pregão.
BBDC4,BBDCR179,PUT,17.01,2026-06-19,23,CURTO,0.22,68.1,RECUPERACAO_APOS_QUEDA,"Call Longa, Trava de Alta, Call Debit Spread",75.4,CANDIDATA_PROXIMO_PREGAO,Liquidez score 68.1 ≥ 50 com vencimento CURTO — candidata para próximo pregão.
EGIE3,EGIER329,PUT,32.5,2026-06-19,23,CURTO,0.82,51.3,RECUPERACAO_APOS_QUEDA,"Call Longa, Trava de Alta, Call Debit Spread",75.4,CANDIDATA_PROXIMO_PREGAO,Liquidez score 51.3 ≥ 50 com vencimento CURTO — candidata para próximo pregão.
RENT3,RENTR438,PUT,43.37,2026-06-19,23,CURTO,1.92,51.2,RECUPERACAO_APOS_QUEDA,"Call Longa, Trava de Alta, Call Debit Spread",75.4,CANDIDATA_PROXIMO_PREGAO,Liquidez score 51.2 ≥ 50 com vencimento CURTO — candidata para próximo pregão.
BBAS3,BBASF229,CALL,22.6,2026-06-19,23,CURTO,0.14,67.9,RECUPERACAO_APOS_QUEDA,"Call Longa, Trava de Alta, Call Debit Spread",75.4,CANDIDATA_PROXIMO_PREGAO,Liquidez score 67.9 ≥ 50 com vencimento CURTO — candidata para próximo pregão.
HAPV3,HAPVE120W5,CALL,12.0,2026-05-29,2,CURTO,0.4,51.3,CONTINUACAO_BAIXA,"Trava de Baixa, Put Debit Spread",75.4,CANDIDATA_PROXIMO_PREGAO,Liquidez score 51.3 ≥ 50 com vencimento CURTO — candidata para próximo pregão.
ITUB4,ITUBE398W5,CALL,39.86,2026-05-29,2,CURTO,0.39,51.3,RECUPERACAO_APOS_QUEDA,"Call Longa, Trava de Alta, Call Debit Spread",75.4,CANDIDATA_PROXIMO_PREGAO,Liquidez score 51.3 ≥ 50 com vencimento CURTO — candidata para próximo pregão.
BBDC4,BBDCR11,PUT,16.51,2026-06-19,23,CURTO,0.11,67.9,RECUPERACAO_APOS_QUEDA,"Call Longa, Trava de Alta, Call Debit Spread",75.4,CANDIDATA_PROXIMO_PREGAO,Liquidez score 67.9 ≥ 50 com vencimento CURTO — candidata para próximo pregão.
BPAC11,BPACF545,CALL,54.55,2026-06-19,23,CURTO,1.8,50.9,RECUPERACAO_APOS_QUEDA,"Call Longa, Trava de Alta, Call Debit Spread",75.3,CANDIDATA_PROXIMO_PREGAO,Liquidez score 50.9 ≥ 50 com vencimento CURTO — candidata para próximo pregão.
B3SA3,B3SAR185,PUT,18.47,2026-06-19,23,CURTO,1.79,67.8,RECUPERACAO_APOS_QUEDA,"Call Longa, Trava de Alta, Call Debit Spread",75.3,CANDIDATA_PROXIMO_PREGAO,Liquidez score 67.8 ≥ 50 com vencimento CURTO — candidata para próximo pregão.
RENT3,RENTR433,PUT,42.87,2026-06-19,23,CURTO,1.76,50.6,RECUPERACAO_APOS_QUEDA,"Call Longa, Trava de Alta, Call Debit Spread",75.2,CANDIDATA_PROXIMO_PREGAO,Liquidez score 50.6 ≥ 50 com vencimento CURTO — candidata para próximo pregão.
VALE3,VALEF840W2,CALL,84.0,2026-06-12,16,CURTO,3.43,84.0,LATERALIDADE,Monitorar — Iron Condor futuro,75.2,CANDIDATA_PROXIMO_PREGAO,Liquidez score 84.0 ≥ 50 com vencimento CURTO — candidata para próximo pregão.
B3SA3,B3SAG180,CALL,17.64,2026-07-17,51,MEDIO,0.62,67.3,RECUPERACAO_APOS_QUEDA,"Call Longa, Trava de Alta, Call Debit Spread",75.2,MONITORAR_NO_RTD,Liquidez score 67.3 ≥ 30 — monitorar confirmação via RTD.
ITUB4,ITUBR410,PUT,40.69,2026-06-19,23,CURTO,1.59,83.6,RECUPERACAO_APOS_QUEDA,"Call Longa, Trava de Alta, Call Debit Spread",75.1,CANDIDATA_PROXIMO_PREGAO,Liquidez score 83.6 ≥ 50 com vencimento CURTO — candidata para próximo pregão.
BPAC11,BPACF590,CALL,59.05,2026-06-19,23,CURTO,0.44,66.9,RECUPERACAO_APOS_QUEDA,"Call Longa, Trava de Alta, Call Debit Spread",75.1,CANDIDATA_PROXIMO_PREGAO,Liquidez score 66.9 ≥ 50 com vencimento CURTO — candidata para próximo pregão.
ITUB4,ITUBF364,CALL,36.46,2026-06-19,23,CURTO,3.49,83.8,RECUPERACAO_APOS_QUEDA,"Call Longa, Trava de Alta, Call Debit Spread",75.1,CANDIDATA_PROXIMO_PREGAO,Liquidez score 83.8 ≥ 50 com vencimento CURTO — candidata para próximo pregão.
ITUB4,ITUBQ393W5,PUT,39.36,2026-05-29,2,CURTO,0.48,50.3,RECUPERACAO_APOS_QUEDA,"Call Longa, Trava de Alta, Call Debit Spread",75.1,CANDIDATA_PROXIMO_PREGAO,Liquidez score 50.3 ≥ 50 com vencimento CURTO — candidata para próximo pregão.
B3SA3,B3SAH167,CALL,16.39,2026-08-21,86,MEDIO,1.5,50.2,RECUPERACAO_APOS_QUEDA,"Call Longa, Trava de Alta, Call Debit Spread",75.1,MONITORAR_NO_RTD,Liquidez score 50.2 ≥ 30 — monitorar confirmação via RTD.
VALE3,VALEE840W5,CALL,84.0,2026-05-29,2,CURTO,0.73,83.7,LATERALIDADE,Monitorar — Iron Condor futuro,75.1,CANDIDATA_PROXIMO_PREGAO,Liquidez score 83.7 ≥ 50 com vencimento CURTO — candidata para próximo pregão.
PETR4,PETRF354,CALL,34.94,2026-06-19,23,CURTO,9.39,100.0,CONTINUACAO_BAIXA,"Trava de Baixa, Put Debit Spread",75.0,CANDIDATA_PROXIMO_PREGAO,Liquidez score 100.0 ≥ 50 com vencimento CURTO — candidata para próximo pregão.
VALE3,VALEF911,CALL,86.18,2026-06-19,23,CURTO,1.47,100.0,LATERALIDADE,Monitorar — Iron Condor futuro,75.0,CANDIDATA_PROXIMO_PREGAO,Liquidez score 100.0 ≥ 50 com vencimento CURTO — candidata para próximo pregão.
PETR4,PETRR529W1,PUT,52.96,2026-06-05,9,CURTO,7.77,100.0,CONTINUACAO_BAIXA,"Trava de Baixa, Put Debit Spread",75.0,CANDIDATA_PROXIMO_PREGAO,Liquidez score 100.0 ≥ 50 com vencimento CURTO — candidata para próximo pregão.
PETR4,PETRF309,CALL,30.44,2026-06-19,23,CURTO,14.02,100.0,CONTINUACAO_BAIXA,"Trava de Baixa, Put Debit Spread",75.0,CANDIDATA_PROXIMO_PREGAO,Liquidez score 100.0 ≥ 50 com vencimento CURTO — candidata para próximo pregão.
PETR4,PETRF332,CALL,32.69,2026-06-19,23,CURTO,11.94,100.0,CONTINUACAO_BAIXA,"Trava de Baixa, Put Debit Spread",75.0,CANDIDATA_PROXIMO_PREGAO,Liquidez score 100.0 ≥ 50 com vencimento CURTO — candidata para próximo pregão.
RENT3,RENTR420,PUT,41.62,2026-06-19,23,CURTO,1.18,66.5,RECUPERACAO_APOS_QUEDA,"Call Longa, Trava de Alta, Call Debit Spread",75.0,CANDIDATA_PROXIMO_PREGAO,Liquidez score 66.5 ≥ 50 com vencimento CURTO — candidata para próximo pregão.
PETR4,PETRF297,CALL,29.19,2026-06-19,23,CURTO,16.35,100.0,CONTINUACAO_BAIXA,"Trava de Baixa, Put Debit Spread",75.0,CANDIDATA_PROXIMO_PREGAO,Liquidez score 100.0 ≥ 50 com vencimento CURTO — candidata para próximo pregão.
PETR4,PETRF332W2,CALL,32.71,2026-06-12,16,CURTO,14.93,100.0,CONTINUACAO_BAIXA,"Trava de Baixa, Put Debit Spread",75.0,CANDIDATA_PROXIMO_PREGAO,Liquidez score 100.0 ≥ 50 com vencimento CURTO — candidata para próximo pregão.
PETR4,PETRQ505W5,PUT,49.96,2026-05-29,2,CURTO,5.66,100.0,CONTINUACAO_BAIXA,"Trava de Baixa, Put Debit Spread",75.0,CANDIDATA_PROXIMO_PREGAO,Liquidez score 100.0 ≥ 50 com vencimento CURTO — candidata para próximo pregão.
SUZB3,SUZBR511W4,PUT,51.17,2026-06-26,30,CURTO,7.1,100.0,RECUPERACAO_APOS_QUEDA,"Call Longa, Trava de Alta, Call Debit Spread",75.0,CANDIDATA_PROXIMO_PREGAO,Liquidez score 100.0 ≥ 50 com vencimento CURTO — candidata para próximo pregão.
VALE3,VALEF906,CALL,85.68,2026-06-19,23,CURTO,1.46,100.0,LATERALIDADE,Monitorar — Iron Condor futuro,75.0,CANDIDATA_PROXIMO_PREGAO,Liquidez score 100.0 ≥ 50 com vencimento CURTO — candidata para próximo pregão.
PETR4,PETRF317,CALL,31.19,2026-06-19,23,CURTO,13.56,100.0,CONTINUACAO_BAIXA,"Trava de Baixa, Put Debit Spread",75.0,CANDIDATA_PROXIMO_PREGAO,Liquidez score 100.0 ≥ 50 com vencimento CURTO — candidata para próximo pregão.
VALE3,VALEF916,CALL,86.68,2026-06-19,23,CURTO,1.17,100.0,LATERALIDADE,Monitorar — Iron Condor futuro,75.0,CANDIDATA_PROXIMO_PREGAO,Liquidez score 100.0 ≥ 50 com vencimento CURTO — candidata para próximo pregão.
PETR4,PETRF349,CALL,34.44,2026-06-19,23,CURTO,10.17,100.0,CONTINUACAO_BAIXA,"Trava de Baixa, Put Debit Spread",75.0,CANDIDATA_PROXIMO_PREGAO,Liquidez score 100.0 ≥ 50 com vencimento CURTO — candidata para próximo pregão.
VALE3,VALEF921,CALL,87.18,2026-06-19,23,CURTO,0.98,100.0,LATERALIDADE,Monitorar — Iron Condor futuro,75.0,CANDIDATA_PROXIMO_PREGAO,Liquidez score 100.0 ≥ 50 com vencimento CURTO — candidata para próximo pregão.
VALE3,VALEF926,CALL,87.68,2026-06-19,23,CURTO,0.99,100.0,LATERALIDADE,Monitorar — Iron Condor futuro,75.0,CANDIDATA_PROXIMO_PREGAO,Liquidez score 100.0 ≥ 50 com vencimento CURTO — candidata para próximo pregão.
VALE3,VALEF931,CALL,88.18,2026-06-19,23,CURTO,0.85,100.0,LATERALIDADE,Monitorar — Iron Condor futuro,75.0,CANDIDATA_PROXIMO_PREGAO,Liquidez score 100.0 ≥ 50 com vencimento CURTO — candidata para próximo pregão.
PETR4,PETRF334,CALL,32.94,2026-06-19,23,CURTO,11.6,100.0,CONTINUACAO_BAIXA,"Trava de Baixa, Put Debit Spread",75.0,CANDIDATA_PROXIMO_PREGAO,Liquidez score 100.0 ≥ 50 com vencimento CURTO — candidata para próximo pregão.
VALE3,VALEF936,CALL,88.68,2026-06-19,23,CURTO,0.63,100.0,LATERALIDADE,Monitorar — Iron Condor futuro,75.0,CANDIDATA_PROXIMO_PREGAO,Liquidez score 100.0 ≥ 50 com vencimento CURTO — candidata para próximo pregão.
PETR4,PETRM455,PUT,44.96,2028-01-21,604,EXTRA_LONGO,3.06,100.0,CONTINUACAO_BAIXA,"Trava de Baixa, Put Debit Spread",75.0,MONITORAR_NO_RTD,Liquidez score 100.0 ≥ 30 — monitorar confirmação via RTD.
PETR4,PETRF322,CALL,31.69,2026-06-19,23,CURTO,13.05,100.0,CONTINUACAO_BAIXA,"Trava de Baixa, Put Debit Spread",75.0,CANDIDATA_PROXIMO_PREGAO,Liquidez score 100.0 ≥ 50 com vencimento CURTO — candidata para próximo pregão.
PETR4,PETRS460,PUT,45.44,2026-07-17,51,MEDIO,2.42,100.0,CONTINUACAO_BAIXA,"Trava de Baixa, Put Debit Spread",75.0,MONITORAR_NO_RTD,Liquidez score 100.0 ≥ 30 — monitorar confirmação via RTD.
PETR4,PETRF532,CALL,52.69,2026-06-19,23,CURTO,0.16,100.0,CONTINUACAO_BAIXA,"Trava de Baixa, Put Debit Spread",75.0,CANDIDATA_PROXIMO_PREGAO,Liquidez score 100.0 ≥ 50 com vencimento CURTO — candidata para próximo pregão.
PETR4,PETRS482,PUT,47.69,2026-07-17,51,MEDIO,3.82,100.0,CONTINUACAO_BAIXA,"Trava de Baixa, Put Debit Spread",75.0,MONITORAR_NO_RTD,Liquidez score 100.0 ≥ 30 — monitorar confirmação via RTD.
VALE3,VALEF901,CALL,85.18,2026-06-19,23,CURTO,1.69,100.0,LATERALIDADE,Monitorar — Iron Condor futuro,75.0,CANDIDATA_PROXIMO_PREGAO,Liquidez score 100.0 ≥ 50 com vencimento CURTO — candidata para próximo pregão.
PETR4,PETRR667,PUT,66.19,2026-06-19,23,CURTO,19.96,100.0,CONTINUACAO_BAIXA,"Trava de Baixa, Put Debit Spread",75.0,CANDIDATA_PROXIMO_PREGAO,Liquidez score 100.0 ≥ 50 com vencimento CURTO — candidata para próximo pregão.
PETR4,PETRF352,CALL,34.69,2026-06-19,23,CURTO,10.1,100.0,CONTINUACAO_BAIXA,"Trava de Baixa, Put Debit Spread",75.0,CANDIDATA_PROXIMO_PREGAO,Liquidez score 100.0 ≥ 50 com vencimento CURTO — candidata para próximo pregão.
BBAS3,BBASS223,PUT,22.01,2026-07-17,51,MEDIO,1.2,100.0,RECUPERACAO_APOS_QUEDA,"Call Longa, Trava de Alta, Call Debit Spread",75.0,MONITORAR_NO_RTD,Liquidez score 100.0 ≥ 30 — monitorar confirmação via RTD.
PETR4,PETRF232,CALL,22.69,2026-06-19,23,CURTO,22.52,100.0,CONTINUACAO_BAIXA,"Trava de Baixa, Put Debit Spread",75.0,CANDIDATA_PROXIMO_PREGAO,Liquidez score 100.0 ≥ 50 com vencimento CURTO — candidata para próximo pregão.
PETR4,PETRK47,CALL,47.18,2026-11-19,176,LONGO,5.05,100.0,CONTINUACAO_BAIXA,"Trava de Baixa, Put Debit Spread",75.0,MONITORAR_NO_RTD,Liquidez score 100.0 ≥ 30 — monitorar confirmação via RTD.
ITUB4,ITUBF375,CALL,28.19,2026-06-19,23,CURTO,11.62,100.0,RECUPERACAO_APOS_QUEDA,"Call Longa, Trava de Alta, Call Debit Spread",75.0,CANDIDATA_PROXIMO_PREGAO,Liquidez score 100.0 ≥ 50 com vencimento CURTO — candidata para próximo pregão.
ITUB4,ITUBR445,PUT,44.19,2026-06-19,23,CURTO,4.44,100.0,RECUPERACAO_APOS_QUEDA,"Call Longa, Trava de Alta, Call Debit Spread",75.0,CANDIDATA_PROXIMO_PREGAO,Liquidez score 100.0 ≥ 50 com vencimento CURTO — candidata para próximo pregão.
ITUB4,ITUBS2,PUT,40.75,2026-07-17,51,MEDIO,1.79,100.0,RECUPERACAO_APOS_QUEDA,"Call Longa, Trava de Alta, Call Debit Spread",75.0,MONITORAR_NO_RTD,Liquidez score 100.0 ≥ 30 — monitorar confirmação via RTD.
PETR4,PETRR399,PUT,39.44,2026-06-19,23,CURTO,0.23,100.0,CONTINUACAO_BAIXA,"Trava de Baixa, Put Debit Spread",75.0,CANDIDATA_PROXIMO_PREGAO,Liquidez score 100.0 ≥ 50 com vencimento CURTO — candidata para próximo pregão.
BBDC4,BBDCG173,CALL,16.66,2026-07-17,51,MEDIO,1.53,100.0,RECUPERACAO_APOS_QUEDA,"Call Longa, Trava de Alta, Call Debit Spread",75.0,MONITORAR_NO_RTD,Liquidez score 100.0 ≥ 30 — monitorar confirmação via RTD.
BBAS3,BBASR993,PUT,99.1,2026-06-19,23,CURTO,77.21,100.0,RECUPERACAO_APOS_QUEDA,"Call Longa, Trava de Alta, Call Debit Spread",75.0,CANDIDATA_PROXIMO_PREGAO,Liquidez score 100.0 ≥ 50 com vencimento CURTO — candidata para próximo pregão.
PETR4,PETRF440,CALL,36.69,2026-06-19,23,CURTO,7.8,100.0,CONTINUACAO_BAIXA,"Trava de Baixa, Put Debit Spread",75.0,CANDIDATA_PROXIMO_PREGAO,Liquidez score 100.0 ≥ 50 com vencimento CURTO — candidata para próximo pregão.
BBAS3,BBASS22,PUT,21.76,2026-07-17,51,MEDIO,1.08,100.0,RECUPERACAO_APOS_QUEDA,"Call Longa, Trava de Alta, Call Debit Spread",75.0,MONITORAR_NO_RTD,Liquidez score 100.0 ≥ 30 — monitorar confirmação via RTD.
BBAS3,BBASS23,PUT,23.26,2026-07-17,51,MEDIO,2.11,100.0,RECUPERACAO_APOS_QUEDA,"Call Longa, Trava de Alta, Call Debit Spread",75.0,MONITORAR_NO_RTD,Liquidez score 100.0 ≥ 30 — monitorar confirmação via RTD.
PETR4,PETRF315,CALL,30.19,2026-06-19,23,CURTO,14.39,100.0,CONTINUACAO_BAIXA,"Trava de Baixa, Put Debit Spread",75.0,CANDIDATA_PROXIMO_PREGAO,Liquidez score 100.0 ≥ 50 com vencimento CURTO — candidata para próximo pregão.
BBDC4,BBDCG174,CALL,17.16,2026-07-17,51,MEDIO,1.19,100.0,RECUPERACAO_APOS_QUEDA,"Call Longa, Trava de Alta, Call Debit Spread",75.0,MONITORAR_NO_RTD,Liquidez score 100.0 ≥ 30 — monitorar confirmação via RTD.
BBDC4,BBDCF180,CALL,15.51,2026-06-19,23,CURTO,2.37,100.0,RECUPERACAO_APOS_QUEDA,"Call Longa, Trava de Alta, Call Debit Spread",75.0,CANDIDATA_PROXIMO_PREGAO,Liquidez score 100.0 ≥ 50 com vencimento CURTO — candidata para próximo pregão.
ITUB4,ITUBS412,PUT,41.0,2026-07-17,51,MEDIO,1.9,100.0,RECUPERACAO_APOS_QUEDA,"Call Longa, Trava de Alta, Call Debit Spread",75.0,MONITORAR_NO_RTD,Liquidez score 100.0 ≥ 30 — monitorar confirmação via RTD.
PETR4,PETRE397W5,CALL,39.21,2026-05-29,2,CURTO,5.24,100.0,CONTINUACAO_BAIXA,"Trava de Baixa, Put Debit Spread",75.0,CANDIDATA_PROXIMO_PREGAO,Liquidez score 100.0 ≥ 50 com vencimento CURTO — candidata para próximo pregão.
B3SA3,B3SAG145,CALL,14.14,2026-07-17,51,MEDIO,2.94,100.0,RECUPERACAO_APOS_QUEDA,"Call Longa, Trava de Alta, Call Debit Spread",75.0,MONITORAR_NO_RTD,Liquidez score 100.0 ≥ 30 — monitorar confirmação via RTD.
PETR4,PETRH417,CALL,41.19,2026-08-21,86,MEDIO,6.96,100.0,CONTINUACAO_BAIXA,"Trava de Baixa, Put Debit Spread",75.0,MONITORAR_NO_RTD,Liquidez score 100.0 ≥ 30 — monitorar confirmação via RTD.
B3SA3,B3SAI159,CALL,15.89,2026-09-18,114,LONGO,3.46,100.0,RECUPERACAO_APOS_QUEDA,"Call Longa, Trava de Alta, Call Debit Spread",75.0,MONITORAR_NO_RTD,Liquidez score 100.0 ≥ 30 — monitorar confirmação via RTD.
ITUB4,ITUBS440,PUT,40.25,2026-07-17,51,MEDIO,1.49,100.0,RECUPERACAO_APOS_QUEDA,"Call Longa, Trava de Alta, Call Debit Spread",75.0,MONITORAR_NO_RTD,Liquidez score 100.0 ≥ 30 — monitorar confirmação via RTD.
ITUB4,ITUBS415,PUT,41.75,2026-07-17,51,MEDIO,2.3,100.0,RECUPERACAO_APOS_QUEDA,"Call Longa, Trava de Alta, Call Debit Spread",75.0,MONITORAR_NO_RTD,Liquidez score 100.0 ≥ 30 — monitorar confirmação via RTD.
VALE3,VALER810W2,PUT,81.0,2026-06-12,16,CURTO,1.47,100.0,LATERALIDADE,Monitorar — Iron Condor futuro,75.0,CANDIDATA_PROXIMO_PREGAO,Liquidez score 100.0 ≥ 50 com vencimento CURTO — candidata para próximo pregão.
SUZB3,SUZBR536,PUT,53.67,2026-06-19,23,CURTO,11.3,100.0,RECUPERACAO_APOS_QUEDA,"Call Longa, Trava de Alta, Call Debit Spread",75.0,CANDIDATA_PROXIMO_PREGAO,Liquidez score 100.0 ≥ 50 com vencimento CURTO — candidata para próximo pregão.
PRIO3,PRIOR660,PUT,66.0,2026-06-19,23,CURTO,1.9,100.0,LATERALIDADE,Monitorar — Iron Condor futuro,75.0,CANDIDATA_PROXIMO_PREGAO,Liquidez score 100.0 ≥ 50 com vencimento CURTO — candidata para próximo pregão.
SUZB3,SUZBR486,PUT,48.67,2026-06-19,23,CURTO,6.35,100.0,RECUPERACAO_APOS_QUEDA,"Call Longa, Trava de Alta, Call Debit Spread",75.0,CANDIDATA_PROXIMO_PREGAO,Liquidez score 100.0 ≥ 50 com vencimento CURTO — candidata para próximo pregão.
VALE3,VALEF961,CALL,91.18,2026-06-19,23,CURTO,0.3,100.0,LATERALIDADE,Monitorar — Iron Condor futuro,75.0,CANDIDATA_PROXIMO_PREGAO,Liquidez score 100.0 ≥ 50 com vencimento CURTO — candidata para próximo pregão.
PRIO3,PRIOR650,PUT,65.0,2026-06-19,23,CURTO,1.5,100.0,LATERALIDADE,Monitorar — Iron Condor futuro,75.0,CANDIDATA_PROXIMO_PREGAO,Liquidez score 100.0 ≥ 50 com vencimento CURTO — candidata para próximo pregão.
HAPV3,HAPVS130,PUT,13.0,2026-07-17,51,MEDIO,1.45,100.0,CONTINUACAO_BAIXA,"Trava de Baixa, Put Debit Spread",75.0,MONITORAR_NO_RTD,Liquidez score 100.0 ≥ 30 — monitorar confirmação via RTD.
PRIO3,PRIOR640,PUT,64.0,2026-06-19,23,CURTO,1.27,100.0,LATERALIDADE,Monitorar — Iron Condor futuro,75.0,CANDIDATA_PROXIMO_PREGAO,Liquidez score 100.0 ≥ 50 com vencimento CURTO — candidata para próximo pregão.
PETR4,PETRR652,PUT,64.69,2026-06-19,23,CURTO,17.61,100.0,CONTINUACAO_BAIXA,"Trava de Baixa, Put Debit Spread",75.0,CANDIDATA_PROXIMO_PREGAO,Liquidez score 100.0 ≥ 50 com vencimento CURTO — candidata para próximo pregão.
BPAC11,BPACR600W1,PUT,60.0,2026-06-05,9,CURTO,6.14,100.0,RECUPERACAO_APOS_QUEDA,"Call Longa, Trava de Alta, Call Debit Spread",75.0,CANDIDATA_PROXIMO_PREGAO,Liquidez score 100.0 ≥ 50 com vencimento CURTO — candidata para próximo pregão.
BPAC11,BPACR730,PUT,73.05,2026-06-19,23,CURTO,17.41,100.0,RECUPERACAO_APOS_QUEDA,"Call Longa, Trava de Alta, Call Debit Spread",75.0,CANDIDATA_PROXIMO_PREGAO,Liquidez score 100.0 ≥ 50 com vencimento CURTO — candidata para próximo pregão.
PETR4,PETRR682,PUT,67.69,2026-06-19,23,CURTO,21.76,100.0,CONTINUACAO_BAIXA,"Trava de Baixa, Put Debit Spread",75.0,CANDIDATA_PROXIMO_PREGAO,Liquidez score 100.0 ≥ 50 com vencimento CURTO — candidata para próximo pregão.
PETR4,PETRF335,CALL,32.19,2026-06-19,23,CURTO,12.54,100.0,CONTINUACAO_BAIXA,"Trava de Baixa, Put Debit Spread",75.0,CANDIDATA_PROXIMO_PREGAO,Liquidez score 100.0 ≥ 50 com vencimento CURTO — candidata para próximo pregão.
HAPV3,HAPVR365,PUT,36.5,2026-06-19,23,CURTO,23.75,100.0,CONTINUACAO_BAIXA,"Trava de Baixa, Put Debit Spread",75.0,CANDIDATA_PROXIMO_PREGAO,Liquidez score 100.0 ≥ 50 com vencimento CURTO — candidata para próximo pregão.
PETR4,PETRR572,PUT,56.69,2026-06-19,23,CURTO,10.98,100.0,CONTINUACAO_BAIXA,"Trava de Baixa, Put Debit Spread",75.0,CANDIDATA_PROXIMO_PREGAO,Liquidez score 100.0 ≥ 50 com vencimento CURTO — candidata para próximo pregão.
VALE3,VALEF946,CALL,89.68,2026-06-19,23,CURTO,0.51,100.0,LATERALIDADE,Monitorar — Iron Condor futuro,75.0,CANDIDATA_PROXIMO_PREGAO,Liquidez score 100.0 ≥ 50 com vencimento CURTO — candidata para próximo pregão.
PETR4,PETRR707,PUT,70.19,2026-06-19,23,CURTO,24.08,100.0,CONTINUACAO_BAIXA,"Trava de Baixa, Put Debit Spread",75.0,CANDIDATA_PROXIMO_PREGAO,Liquidez score 100.0 ≥ 50 com vencimento CURTO — candidata para próximo pregão.
VALE3,VALEG841,CALL,84.15,2026-07-17,51,MEDIO,3.71,100.0,LATERALIDADE,Monitorar — Iron Condor futuro,75.0,MONITORAR_NO_RTD,Liquidez score 100.0 ≥ 30 — monitorar confirmação via RTD.
VALE3,VALEF941,CALL,89.18,2026-06-19,23,CURTO,0.57,100.0,LATERALIDADE,Monitorar — Iron Condor futuro,75.0,CANDIDATA_PROXIMO_PREGAO,Liquidez score 100.0 ≥ 50 com vencimento CURTO — candidata para próximo pregão.
VALE3,VALEG836,CALL,83.65,2026-07-17,51,MEDIO,3.97,100.0,LATERALIDADE,Monitorar — Iron Condor futuro,75.0,MONITORAR_NO_RTD,Liquidez score 100.0 ≥ 30 — monitorar confirmação via RTD.
GGBR4,GGBRF171,CALL,16.61,2026-06-19,23,CURTO,5.46,100.0,CONTINUACAO_ALTA,"Trava de Alta, Call Debit Spread",75.0,CANDIDATA_PROXIMO_PREGAO,Liquidez score 100.0 ≥ 50 com vencimento CURTO — candidata para próximo pregão.
VALE3,VALEG830,CALL,83.15,2026-07-17,51,MEDIO,4.26,100.0,LATERALIDADE,Monitorar — Iron Condor futuro,75.0,MONITORAR_NO_RTD,Liquidez score 100.0 ≥ 30 — monitorar confirmação via RTD.
VALE3,VALEG816,CALL,81.65,2026-07-17,51,MEDIO,5.12,100.0,LATERALIDADE,Monitorar — Iron Condor futuro,75.0,MONITORAR_NO_RTD,Liquidez score 100.0 ≥ 30 — monitorar confirmação via RTD.
VALE3,VALEG820,CALL,82.15,2026-07-17,51,MEDIO,4.8,100.0,LATERALIDADE,Monitorar — Iron Condor futuro,75.0,MONITORAR_NO_RTD,Liquidez score 100.0 ≥ 30 — monitorar confirmação via RTD.
VALE3,VALEF951,CALL,90.18,2026-06-19,23,CURTO,0.42,100.0,LATERALIDADE,Monitorar — Iron Condor futuro,75.0,CANDIDATA_PROXIMO_PREGAO,Liquidez score 100.0 ≥ 50 com vencimento CURTO — candidata para próximo pregão.
VALE3,VALEF956,CALL,90.68,2026-06-19,23,CURTO,0.36,100.0,LATERALIDADE,Monitorar — Iron Condor futuro,75.0,CANDIDATA_PROXIMO_PREGAO,Liquidez score 100.0 ≥ 50 com vencimento CURTO — candidata para próximo pregão.
ITUB4,ITUBR450,PUT,44.69,2026-06-19,23,CURTO,4.03,100.0,RECUPERACAO_APOS_QUEDA,"Call Longa, Trava de Alta, Call Debit Spread",75.0,CANDIDATA_PROXIMO_PREGAO,Liquidez score 100.0 ≥ 50 com vencimento CURTO — candidata para próximo pregão.
VALE3,VALEG846,CALL,84.65,2026-07-17,51,MEDIO,3.36,100.0,LATERALIDADE,Monitorar — Iron Condor futuro,75.0,MONITORAR_NO_RTD,Liquidez score 100.0 ≥ 30 — monitorar confirmação via RTD.
PRIO3,PRIOR670,PUT,67.0,2026-06-19,23,CURTO,2.27,100.0,LATERALIDADE,Monitorar — Iron Condor futuro,75.0,CANDIDATA_PROXIMO_PREGAO,Liquidez score 100.0 ≥ 50 com vencimento CURTO — candidata para próximo pregão.
SUZB3,SUZBR481,PUT,48.17,2026-06-19,23,CURTO,6.08,100.0,RECUPERACAO_APOS_QUEDA,"Call Longa, Trava de Alta, Call Debit Spread",75.0,CANDIDATA_PROXIMO_PREGAO,Liquidez score 100.0 ≥ 50 com vencimento CURTO — candidata para próximo pregão.
RENT3,RENTE506W5,CALL,50.62,2026-05-29,2,CURTO,0.49,100.0,RECUPERACAO_APOS_QUEDA,"Call Longa, Trava de Alta, Call Debit Spread",75.0,CANDIDATA_PROXIMO_PREGAO,Liquidez score 100.0 ≥ 50 com vencimento CURTO — candidata para próximo pregão.
SUZB3,SUZBR586,PUT,58.67,2026-06-19,23,CURTO,15.79,100.0,RECUPERACAO_APOS_QUEDA,"Call Longa, Trava de Alta, Call Debit Spread",75.0,CANDIDATA_PROXIMO_PREGAO,Liquidez score 100.0 ≥ 50 com vencimento CURTO — candidata para próximo pregão.
PETR4,PETRF522,CALL,51.69,2026-06-19,23,CURTO,0.21,100.0,CONTINUACAO_BAIXA,"Trava de Baixa, Put Debit Spread",75.0,CANDIDATA_PROXIMO_PREGAO,Liquidez score 100.0 ≥ 50 com vencimento CURTO — candidata para próximo pregão.
HAPV3,HAPVR230,PUT,23.0,2026-06-19,23,CURTO,10.01,100.0,CONTINUACAO_BAIXA,"Trava de Baixa, Put Debit Spread",75.0,CANDIDATA_PROXIMO_PREGAO,Liquidez score 100.0 ≥ 50 com vencimento CURTO — candidata para próximo pregão.
HAPV3,HAPVR187,PUT,18.75,2026-06-19,23,CURTO,6.73,100.0,CONTINUACAO_BAIXA,"Trava de Baixa, Put Debit Spread",75.0,CANDIDATA_PROXIMO_PREGAO,Liquidez score 100.0 ≥ 50 com vencimento CURTO — candidata para próximo pregão.
HAPV3,HAPVR137,PUT,13.75,2026-06-19,23,CURTO,1.85,100.0,CONTINUACAO_BAIXA,"Trava de Baixa, Put Debit Spread",75.0,CANDIDATA_PROXIMO_PREGAO,Liquidez score 100.0 ≥ 50 com vencimento CURTO — candidata para próximo pregão.
PETR4,PETRS462,PUT,45.69,2026-07-17,51,MEDIO,2.58,100.0,CONTINUACAO_BAIXA,"Trava de Baixa, Put Debit Spread",75.0,MONITORAR_NO_RTD,Liquidez score 100.0 ≥ 30 — monitorar confirmação via RTD.
PETR4,PETRS480,PUT,47.44,2026-07-17,51,MEDIO,3.56,100.0,CONTINUACAO_BAIXA,"Trava de Baixa, Put Debit Spread",75.0,MONITORAR_NO_RTD,Liquidez score 100.0 ≥ 30 — monitorar confirmação via RTD.
PETR4,PETRS475,PUT,46.94,2026-07-17,51,MEDIO,3.26,100.0,CONTINUACAO_BAIXA,"Trava de Baixa, Put Debit Spread",75.0,MONITORAR_NO_RTD,Liquidez score 100.0 ≥ 30 — monitorar confirmação via RTD.
PETR4,PETRS472,PUT,46.69,2026-07-17,51,MEDIO,3.1,100.0,CONTINUACAO_BAIXA,"Trava de Baixa, Put Debit Spread",75.0,MONITORAR_NO_RTD,Liquidez score 100.0 ≥ 30 — monitorar confirmação via RTD.
PETR4,PETRS470,PUT,46.44,2026-07-17,51,MEDIO,3.03,100.0,CONTINUACAO_BAIXA,"Trava de Baixa, Put Debit Spread",75.0,MONITORAR_NO_RTD,Liquidez score 100.0 ≥ 30 — monitorar confirmação via RTD.
PETR4,PETRS467,PUT,46.19,2026-07-17,51,MEDIO,2.8,100.0,CONTINUACAO_BAIXA,"Trava de Baixa, Put Debit Spread",75.0,MONITORAR_NO_RTD,Liquidez score 100.0 ≥ 30 — monitorar confirmação via RTD.
BPAC11,BPACG541,CALL,54.19,2026-07-17,51,MEDIO,2.82,66.5,RECUPERACAO_APOS_QUEDA,"Call Longa, Trava de Alta, Call Debit Spread",75.0,MONITORAR_NO_RTD,Liquidez score 66.5 ≥ 30 — monitorar confirmação via RTD.
PETR4,PETRF314,CALL,30.94,2026-06-19,23,CURTO,15.45,100.0,CONTINUACAO_BAIXA,"Trava de Baixa, Put Debit Spread",75.0,CANDIDATA_PROXIMO_PREGAO,Liquidez score 100.0 ≥ 50 com vencimento CURTO — candidata para próximo pregão.
PETR4,PETRS464,PUT,45.94,2026-07-17,51,MEDIO,2.71,100.0,CONTINUACAO_BAIXA,"Trava de Baixa, Put Debit Spread",75.0,MONITORAR_NO_RTD,Liquidez score 100.0 ≥ 30 — monitorar confirmação via RTD.
PETR4,PETRF517,CALL,51.19,2026-06-19,23,CURTO,0.25,100.0,CONTINUACAO_BAIXA,"Trava de Baixa, Put Debit Spread",75.0,CANDIDATA_PROXIMO_PREGAO,Liquidez score 100.0 ≥ 50 com vencimento CURTO — candidata para próximo pregão.
SUZB3,SUZBF581,CALL,58.17,2026-06-19,23,CURTO,0.06,100.0,RECUPERACAO_APOS_QUEDA,"Call Longa, Trava de Alta, Call Debit Spread",75.0,CANDIDATA_PROXIMO_PREGAO,Liquidez score 100.0 ≥ 50 com vencimento CURTO — candidata para próximo pregão.
PETR4,PETRR722,PUT,71.69,2026-06-19,23,CURTO,25.0,100.0,CONTINUACAO_BAIXA,"Trava de Baixa, Put Debit Spread",75.0,CANDIDATA_PROXIMO_PREGAO,Liquidez score 100.0 ≥ 50 com vencimento CURTO — candidata para próximo pregão.
PETR4,PETRF399,CALL,39.44,2026-06-19,23,CURTO,5.44,100.0,CONTINUACAO_BAIXA,"Trava de Baixa, Put Debit Spread",75.0,CANDIDATA_PROXIMO_PREGAO,Liquidez score 100.0 ≥ 50 com vencimento CURTO — candidata para próximo pregão.
HAPV3,HAPVF90,CALL,9.0,2026-06-19,23,CURTO,4.17,100.0,CONTINUACAO_BAIXA,"Trava de Baixa, Put Debit Spread",75.0,CANDIDATA_PROXIMO_PREGAO,Liquidez score 100.0 ≥ 50 com vencimento CURTO — candidata para próximo pregão.
PETR4,PETRF537,CALL,53.19,2026-06-19,23,CURTO,0.14,100.0,CONTINUACAO_BAIXA,"Trava de Baixa, Put Debit Spread",75.0,CANDIDATA_PROXIMO_PREGAO,Liquidez score 100.0 ≥ 50 com vencimento CURTO — candidata para próximo pregão.
PETR4,PETRF397,CALL,39.19,2026-06-19,23,CURTO,5.8,100.0,CONTINUACAO_BAIXA,"Trava de Baixa, Put Debit Spread",75.0,CANDIDATA_PROXIMO_PREGAO,Liquidez score 100.0 ≥ 50 com vencimento CURTO — candidata para próximo pregão.
PETR4,PETRR727,PUT,72.19,2026-06-19,23,CURTO,25.49,100.0,CONTINUACAO_BAIXA,"Trava de Baixa, Put Debit Spread",75.0,CANDIDATA_PROXIMO_PREGAO,Liquidez score 100.0 ≥ 50 com vencimento CURTO — candidata para próximo pregão.
PETR4,PETRF49,CALL,49.94,2026-06-19,23,CURTO,0.37,100.0,CONTINUACAO_BAIXA,"Trava de Baixa, Put Debit Spread",75.0,CANDIDATA_PROXIMO_PREGAO,Liquidez score 100.0 ≥ 50 com vencimento CURTO — candidata para próximo pregão.
PETR4,PETRR672,PUT,66.69,2026-06-19,23,CURTO,20.46,100.0,CONTINUACAO_BAIXA,"Trava de Baixa, Put Debit Spread",75.0,CANDIDATA_PROXIMO_PREGAO,Liquidez score 100.0 ≥ 50 com vencimento CURTO — candidata para próximo pregão.
WEGE3,WEGEF306,CALL,30.53,2026-06-19,23,CURTO,19.32,100.0,RECUPERACAO_APOS_QUEDA,"Call Longa, Trava de Alta, Call Debit Spread",75.0,CANDIDATA_PROXIMO_PREGAO,Liquidez score 100.0 ≥ 50 com vencimento CURTO — candidata para próximo pregão.
PETR4,PETRF510,CALL,50.46,2026-06-19,23,CURTO,2.05,100.0,CONTINUACAO_BAIXA,"Trava de Baixa, Put Debit Spread",75.0,CANDIDATA_PROXIMO_PREGAO,Liquidez score 100.0 ≥ 50 com vencimento CURTO — candidata para próximo pregão.
PETR4,PETRF502,CALL,49.69,2026-06-19,23,CURTO,0.4,100.0,CONTINUACAO_BAIXA,"Trava de Baixa, Put Debit Spread",75.0,CANDIDATA_PROXIMO_PREGAO,Liquidez score 100.0 ≥ 50 com vencimento CURTO — candidata para próximo pregão.
VALE3,VALES836,PUT,83.65,2026-07-17,51,MEDIO,2.96,100.0,LATERALIDADE,Monitorar — Iron Condor futuro,75.0,MONITORAR_NO_RTD,Liquidez score 100.0 ≥ 30 — monitorar confirmação via RTD.
VALE3,VALER841,PUT,79.18,2026-06-19,23,CURTO,0.83,100.0,LATERALIDADE,Monitorar — Iron Condor futuro,75.0,CANDIDATA_PROXIMO_PREGAO,Liquidez score 100.0 ≥ 50 com vencimento CURTO — candidata para próximo pregão.
PETR4,PETRG422,CALL,41.69,2026-07-17,51,MEDIO,4.49,100.0,CONTINUACAO_BAIXA,"Trava de Baixa, Put Debit Spread",75.0,MONITORAR_NO_RTD,Liquidez score 100.0 ≥ 30 — monitorar confirmação via RTD.
VALE3,VALES846,PUT,84.65,2026-07-17,51,MEDIO,3.43,100.0,LATERALIDADE,Monitorar — Iron Condor futuro,75.0,MONITORAR_NO_RTD,Liquidez score 100.0 ≥ 30 — monitorar confirmação via RTD.
PETR4,PETRG427,CALL,42.19,2026-07-17,51,MEDIO,4.14,100.0,CONTINUACAO_BAIXA,"Trava de Baixa, Put Debit Spread",75.0,MONITORAR_NO_RTD,Liquidez score 100.0 ≥ 30 — monitorar confirmação via RTD.
PETR4,PETRG429,CALL,42.44,2026-07-17,51,MEDIO,3.99,100.0,CONTINUACAO_BAIXA,"Trava de Baixa, Put Debit Spread",75.0,MONITORAR_NO_RTD,Liquidez score 100.0 ≥ 30 — monitorar confirmação via RTD.
PETR4,PETRF512,CALL,50.69,2026-06-19,23,CURTO,0.34,100.0,CONTINUACAO_BAIXA,"Trava de Baixa, Put Debit Spread",75.0,CANDIDATA_PROXIMO_PREGAO,Liquidez score 100.0 ≥ 50 com vencimento CURTO — candidata para próximo pregão.
PETR4,PETRG417,CALL,41.19,2026-07-17,51,MEDIO,4.83,100.0,CONTINUACAO_BAIXA,"Trava de Baixa, Put Debit Spread",75.0,MONITORAR_NO_RTD,Liquidez score 100.0 ≥ 30 — monitorar confirmação via RTD.
PETR4,PETRG434,CALL,42.94,2026-07-17,51,MEDIO,3.62,100.0,CONTINUACAO_BAIXA,"Trava de Baixa, Put Debit Spread",75.0,MONITORAR_NO_RTD,Liquidez score 100.0 ≥ 30 — monitorar confirmação via RTD.
PETR4,PETRG415,CALL,40.94,2026-07-17,51,MEDIO,5.01,100.0,CONTINUACAO_BAIXA,"Trava de Baixa, Put Debit Spread",75.0,MONITORAR_NO_RTD,Liquidez score 100.0 ≥ 30 — monitorar confirmação via RTD.
VALE3,VALER861,PUT,81.18,2026-06-19,23,CURTO,1.31,100.0,LATERALIDADE,Monitorar — Iron Condor futuro,75.0,CANDIDATA_PROXIMO_PREGAO,Liquidez score 100.0 ≥ 50 com vencimento CURTO — candidata para próximo pregão.
VALE3,VALES830,PUT,83.15,2026-07-17,51,MEDIO,2.74,100.0,LATERALIDADE,Monitorar — Iron Condor futuro,75.0,MONITORAR_NO_RTD,Liquidez score 100.0 ≥ 30 — monitorar confirmação via RTD.
PETR4,PETRF400,CALL,38.19,2026-06-19,23,CURTO,6.76,100.0,CONTINUACAO_BAIXA,"Trava de Baixa, Put Debit Spread",75.0,CANDIDATA_PROXIMO_PREGAO,Liquidez score 100.0 ≥ 50 com vencimento CURTO — candidata para próximo pregão.
VALE3,VALER856,PUT,80.68,2026-06-19,23,CURTO,1.24,100.0,LATERALIDADE,Monitorar — Iron Condor futuro,75.0,CANDIDATA_PROXIMO_PREGAO,Liquidez score 100.0 ≥ 50 com vencimento CURTO — candidata para próximo pregão.
VALE3,VALER851,PUT,80.18,2026-06-19,23,CURTO,1.09,100.0,LATERALIDADE,Monitorar — Iron Condor futuro,75.0,CANDIDATA_PROXIMO_PREGAO,Liquidez score 100.0 ≥ 50 com vencimento CURTO — candidata para próximo pregão.
PRIO3,PRIOF710,CALL,71.0,2026-06-19,23,CURTO,2.34,100.0,LATERALIDADE,Monitorar — Iron Condor futuro,75.0,CANDIDATA_PROXIMO_PREGAO,Liquidez score 100.0 ≥ 50 com vencimento CURTO — candidata para próximo pregão.
PRIO3,PRIOF715,CALL,71.5,2026-06-19,23,CURTO,2.17,100.0,LATERALIDADE,Monitorar — Iron Condor futuro,75.0,CANDIDATA_PROXIMO_PREGAO,Liquidez score 100.0 ≥ 50 com vencimento CURTO — candidata para próximo pregão.
PETR4,PETRR519W1,PUT,51.96,2026-06-05,9,CURTO,6.81,100.0,CONTINUACAO_BAIXA,"Trava de Baixa, Put Debit Spread",75.0,CANDIDATA_PROXIMO_PREGAO,Liquidez score 100.0 ≥ 50 com vencimento CURTO — candidata para próximo pregão.
WEGE3,WEGER616,PUT,61.53,2026-06-19,23,CURTO,10.43,100.0,RECUPERACAO_APOS_QUEDA,"Call Longa, Trava de Alta, Call Debit Spread",75.0,CANDIDATA_PROXIMO_PREGAO,Liquidez score 100.0 ≥ 50 com vencimento CURTO — candidata para próximo pregão.
PETR4,PETRG44,CALL,42.69,2026-07-17,51,MEDIO,3.81,100.0,CONTINUACAO_BAIXA,"Trava de Baixa, Put Debit Spread",75.0,MONITORAR_NO_RTD,Liquidez score 100.0 ≥ 30 — monitorar confirmação via RTD.
EGIE3,EGIER382,PUT,37.75,2026-06-19,23,CURTO,4.75,100.0,RECUPERACAO_APOS_QUEDA,"Call Longa, Trava de Alta, Call Debit Spread",75.0,CANDIDATA_PROXIMO_PREGAO,Liquidez score 100.0 ≥ 50 com vencimento CURTO — candidata para próximo pregão.
PETR4,PETRG419,CALL,41.44,2026-07-17,51,MEDIO,4.61,100.0,CONTINUACAO_BAIXA,"Trava de Baixa, Put Debit Spread",75.0,MONITORAR_NO_RTD,Liquidez score 100.0 ≥ 30 — monitorar confirmação via RTD.
ITUB4,ITUBF242,CALL,23.94,2026-06-19,23,CURTO,15.42,100.0,RECUPERACAO_APOS_QUEDA,"Call Longa, Trava de Alta, Call Debit Spread",75.0,CANDIDATA_PROXIMO_PREGAO,Liquidez score 100.0 ≥ 50 com vencimento CURTO — candidata para próximo pregão.
PETR4,PETRR512,PUT,50.69,2026-06-19,23,CURTO,6.08,100.0,CONTINUACAO_BAIXA,"Trava de Baixa, Put Debit Spread",75.0,CANDIDATA_PROXIMO_PREGAO,Liquidez score 100.0 ≥ 50 com vencimento CURTO — candidata para próximo pregão.
PETR4,PETRF337,CALL,33.19,2026-06-19,23,CURTO,11.42,100.0,CONTINUACAO_BAIXA,"Trava de Baixa, Put Debit Spread",75.0,CANDIDATA_PROXIMO_PREGAO,Liquidez score 100.0 ≥ 50 com vencimento CURTO — candidata para próximo pregão.
PETR4,PETRG41,CALL,40.44,2026-07-17,51,MEDIO,5.38,100.0,CONTINUACAO_BAIXA,"Trava de Baixa, Put Debit Spread",75.0,MONITORAR_NO_RTD,Liquidez score 100.0 ≥ 30 — monitorar confirmação via RTD.
PETR4,PETRF404,CALL,39.94,2026-06-19,23,CURTO,5.13,100.0,CONTINUACAO_BAIXA,"Trava de Baixa, Put Debit Spread",75.0,CANDIDATA_PROXIMO_PREGAO,Liquidez score 100.0 ≥ 50 com vencimento CURTO — candidata para próximo pregão.
PRIO3,PRIOG690,CALL,69.0,2026-07-17,51,MEDIO,4.56,100.0,LATERALIDADE,Monitorar — Iron Condor futuro,75.0,MONITORAR_NO_RTD,Liquidez score 100.0 ≥ 30 — monitorar confirmação via RTD.
VALE3,VALER836,PUT,78.68,2026-06-19,23,CURTO,0.71,100.0,LATERALIDADE,Monitorar — Iron Condor futuro,75.0,CANDIDATA_PROXIMO_PREGAO,Liquidez score 100.0 ≥ 50 com vencimento CURTO — candidata para próximo pregão.
VALE3,VALES820,PUT,82.15,2026-07-17,51,MEDIO,2.34,100.0,LATERALIDADE,Monitorar — Iron Condor futuro,75.0,MONITORAR_NO_RTD,Liquidez score 100.0 ≥ 30 — monitorar confirmação via RTD.
PETR4,PETRR499,PUT,49.44,2026-06-19,23,CURTO,4.96,100.0,CONTINUACAO_BAIXA,"Trava de Baixa, Put Debit Spread",75.0,CANDIDATA_PROXIMO_PREGAO,Liquidez score 100.0 ≥ 50 com vencimento CURTO — candidata para próximo pregão.
PETR4,PETRF500,CALL,49.46,2026-06-19,23,CURTO,2.59,100.0,CONTINUACAO_BAIXA,"Trava de Baixa, Put Debit Spread",75.0,CANDIDATA_PROXIMO_PREGAO,Liquidez score 100.0 ≥ 50 com vencimento CURTO — candidata para próximo pregão.
ITUB4,ITUBF247,CALL,24.44,2026-06-19,23,CURTO,14.95,100.0,RECUPERACAO_APOS_QUEDA,"Call Longa, Trava de Alta, Call Debit Spread",75.0,CANDIDATA_PROXIMO_PREGAO,Liquidez score 100.0 ≥ 50 com vencimento CURTO — candidata para próximo pregão.
PETR4,PETRF407,CALL,40.19,2026-06-19,23,CURTO,4.86,100.0,CONTINUACAO_BAIXA,"Trava de Baixa, Put Debit Spread",75.0,CANDIDATA_PROXIMO_PREGAO,Liquidez score 100.0 ≥ 50 com vencimento CURTO — candidata para próximo pregão.
WEGE3,WEGER435,PUT,43.53,2026-06-19,23,CURTO,1.44,49.9,RECUPERACAO_APOS_QUEDA,"Call Longa, Trava de Alta, Call Debit Spread",75.0,MONITORAR_NO_RTD,Liquidez score 49.9 ≥ 30 — monitorar confirmação via RTD.
VALE3,VALER831,PUT,78.18,2026-06-19,23,CURTO,0.64,100.0,LATERALIDADE,Monitorar — Iron Condor futuro,75.0,CANDIDATA_PROXIMO_PREGAO,Liquidez score 100.0 ≥ 50 com vencimento CURTO — candidata para próximo pregão.
PETR4,PETRF499,CALL,49.44,2026-06-19,23,CURTO,0.41,100.0,CONTINUACAO_BAIXA,"Trava de Baixa, Put Debit Spread",75.0,CANDIDATA_PROXIMO_PREGAO,Liquidez score 100.0 ≥ 50 com vencimento CURTO — candidata para próximo pregão.
PETR4,PETRF342,CALL,33.69,2026-06-19,23,CURTO,10.96,100.0,CONTINUACAO_BAIXA,"Trava de Baixa, Put Debit Spread",75.0,CANDIDATA_PROXIMO_PREGAO,Liquidez score 100.0 ≥ 50 com vencimento CURTO — candidata para próximo pregão.
VALE3,VALES816W2,PUT,81.68,2026-07-10,44,MEDIO,2.19,100.0,LATERALIDADE,Monitorar — Iron Condor futuro,75.0,MONITORAR_NO_RTD,Liquidez score 100.0 ≥ 30 — monitorar confirmação via RTD.
PRIO3,PRIOF700,CALL,70.0,2026-06-19,23,CURTO,2.7,100.0,LATERALIDADE,Monitorar — Iron Condor futuro,75.0,CANDIDATA_PROXIMO_PREGAO,Liquidez score 100.0 ≥ 50 com vencimento CURTO — candidata para próximo pregão.
VALE3,VALES816,PUT,81.65,2026-07-17,51,MEDIO,2.15,100.0,LATERALIDADE,Monitorar — Iron Condor futuro,75.0,MONITORAR_NO_RTD,Liquidez score 100.0 ≥ 30 — monitorar confirmação via RTD.
VALE3,VALER826,PUT,77.68,2026-06-19,23,CURTO,0.56,100.0,LATERALIDADE,Monitorar — Iron Condor futuro,75.0,CANDIDATA_PROXIMO_PREGAO,Liquidez score 100.0 ≥ 50 com vencimento CURTO — candidata para próximo pregão.
PETR4,PETRG411W4,CALL,41.19,2026-07-24,58,MEDIO,6.62,100.0,CONTINUACAO_BAIXA,"Trava de Baixa, Put Debit Spread",75.0,MONITORAR_NO_RTD,Liquidez score 100.0 ≥ 30 — monitorar confirmação via RTD.
PETR4,PETRF262,CALL,25.69,2026-06-19,23,CURTO,20.05,100.0,CONTINUACAO_BAIXA,"Trava de Baixa, Put Debit Spread",75.0,CANDIDATA_PROXIMO_PREGAO,Liquidez score 100.0 ≥ 50 com vencimento CURTO — candidata para próximo pregão.
PRIO3,PRIOG680,CALL,68.0,2026-07-17,51,MEDIO,5.06,100.0,LATERALIDADE,Monitorar — Iron Condor futuro,75.0,MONITORAR_NO_RTD,Liquidez score 100.0 ≥ 30 — monitorar confirmação via RTD.
PRIO3,PRIOF750,CALL,75.0,2026-06-19,23,CURTO,1.18,100.0,LATERALIDADE,Monitorar — Iron Condor futuro,75.0,CANDIDATA_PROXIMO_PREGAO,Liquidez score 100.0 ≥ 50 com vencimento CURTO — candidata para próximo pregão.
ITUB4,ITUBF189,CALL,18.95,2026-06-19,23,CURTO,20.3,100.0,RECUPERACAO_APOS_QUEDA,"Call Longa, Trava de Alta, Call Debit Spread",75.0,CANDIDATA_PROXIMO_PREGAO,Liquidez score 100.0 ≥ 50 com vencimento CURTO — candidata para próximo pregão.
PRIO3,PRIOF720,CALL,72.0,2026-06-19,23,CURTO,1.95,100.0,LATERALIDADE,Monitorar — Iron Condor futuro,75.0,CANDIDATA_PROXIMO_PREGAO,Liquidez score 100.0 ≥ 50 com vencimento CURTO — candidata para próximo pregão.
PETR4,PETRG437,CALL,43.19,2026-07-17,51,MEDIO,3.44,100.0,CONTINUACAO_BAIXA,"Trava de Baixa, Put Debit Spread",75.0,MONITORAR_NO_RTD,Liquidez score 100.0 ≥ 30 — monitorar confirmação via RTD.
PETR4,PETRF507,CALL,50.19,2026-06-19,23,CURTO,0.35,100.0,CONTINUACAO_BAIXA,"Trava de Baixa, Put Debit Spread",75.0,CANDIDATA_PROXIMO_PREGAO,Liquidez score 100.0 ≥ 50 com vencimento CURTO — candidata para próximo pregão.
BBAS3,BBASR301,PUT,30.1,2026-06-19,23,CURTO,7.05,100.0,RECUPERACAO_APOS_QUEDA,"Call Longa, Trava de Alta, Call Debit Spread",75.0,CANDIDATA_PROXIMO_PREGAO,Liquidez score 100.0 ≥ 50 com vencimento CURTO — candidata para próximo pregão.
BBAS3,BBASF16,CALL,16.35,2026-06-19,23,CURTO,4.24,100.0,RECUPERACAO_APOS_QUEDA,"Call Longa, Trava de Alta, Call Debit Spread",75.0,CANDIDATA_PROXIMO_PREGAO,Liquidez score 100.0 ≥ 50 com vencimento CURTO — candidata para próximo pregão.
BBAS3,BBASF180,CALL,17.85,2026-06-19,23,CURTO,3.23,100.0,RECUPERACAO_APOS_QUEDA,"Call Longa, Trava de Alta, Call Debit Spread",75.0,CANDIDATA_PROXIMO_PREGAO,Liquidez score 100.0 ≥ 50 com vencimento CURTO — candidata para próximo pregão.
BBAS3,BBASF181,CALL,18.1,2026-06-19,23,CURTO,2.87,100.0,RECUPERACAO_APOS_QUEDA,"Call Longa, Trava de Alta, Call Debit Spread",75.0,CANDIDATA_PROXIMO_PREGAO,Liquidez score 100.0 ≥ 50 com vencimento CURTO — candidata para próximo pregão.
PETR4,PETRF389,CALL,38.44,2026-06-19,23,CURTO,6.3,100.0,CONTINUACAO_BAIXA,"Trava de Baixa, Put Debit Spread",75.0,CANDIDATA_PROXIMO_PREGAO,Liquidez score 100.0 ≥ 50 com vencimento CURTO — candidata para próximo pregão.
PETR4,PETRG412,CALL,40.69,2026-07-17,51,MEDIO,5.25,100.0,CONTINUACAO_BAIXA,"Trava de Baixa, Put Debit Spread",75.0,MONITORAR_NO_RTD,Liquidez score 100.0 ≥ 30 — monitorar confirmação via RTD.
BBDC4,BBDCS18,PUT,18.91,2026-07-17,51,MEDIO,1.26,100.0,RECUPERACAO_APOS_QUEDA,"Call Longa, Trava de Alta, Call Debit Spread",75.0,MONITORAR_NO_RTD,Liquidez score 100.0 ≥ 30 — monitorar confirmação via RTD.
BBAS3,BBASG203,CALL,20.01,2026-07-17,51,MEDIO,1.62,100.0,RECUPERACAO_APOS_QUEDA,"Call Longa, Trava de Alta, Call Debit Spread",75.0,MONITORAR_NO_RTD,Liquidez score 100.0 ≥ 30 — monitorar confirmação via RTD.
BBAS3,BBASQ236W5,PUT,23.6,2026-05-29,2,CURTO,2.63,100.0,RECUPERACAO_APOS_QUEDA,"Call Longa, Trava de Alta, Call Debit Spread",75.0,CANDIDATA_PROXIMO_PREGAO,Liquidez score 100.0 ≥ 50 com vencimento CURTO — candidata para próximo pregão.
BBAS3,BBASG206,CALL,20.26,2026-07-17,51,MEDIO,1.46,100.0,RECUPERACAO_APOS_QUEDA,"Call Longa, Trava de Alta, Call Debit Spread",75.0,MONITORAR_NO_RTD,Liquidez score 100.0 ≥ 30 — monitorar confirmação via RTD.
BBAS3,BBASG208,CALL,20.51,2026-07-17,51,MEDIO,1.25,100.0,RECUPERACAO_APOS_QUEDA,"Call Longa, Trava de Alta, Call Debit Spread",75.0,MONITORAR_NO_RTD,Liquidez score 100.0 ≥ 30 — monitorar confirmação via RTD.
BBDC4,BBDCR225,PUT,22.26,2026-06-19,23,CURTO,4.34,100.0,RECUPERACAO_APOS_QUEDA,"Call Longa, Trava de Alta, Call Debit Spread",75.0,CANDIDATA_PROXIMO_PREGAO,Liquidez score 100.0 ≥ 50 com vencimento CURTO — candidata para próximo pregão.
BBDC4,BBDCR222,PUT,21.51,2026-06-19,23,CURTO,3.62,100.0,RECUPERACAO_APOS_QUEDA,"Call Longa, Trava de Alta, Call Debit Spread",75.0,CANDIDATA_PROXIMO_PREGAO,Liquidez score 100.0 ≥ 50 com vencimento CURTO — candidata para próximo pregão.
BBDC4,BBDCR220,PUT,21.76,2026-06-19,23,CURTO,3.74,100.0,RECUPERACAO_APOS_QUEDA,"Call Longa, Trava de Alta, Call Debit Spread",75.0,CANDIDATA_PROXIMO_PREGAO,Liquidez score 100.0 ≥ 50 com vencimento CURTO — candidata para próximo pregão.
BBDC4,BBDCR22,PUT,22.01,2026-06-19,23,CURTO,3.84,100.0,RECUPERACAO_APOS_QUEDA,"Call Longa, Trava de Alta, Call Debit Spread",75.0,CANDIDATA_PROXIMO_PREGAO,Liquidez score 100.0 ≥ 50 com vencimento CURTO — candidata para próximo pregão.
BBAS3,BBASR286,PUT,28.6,2026-06-19,23,CURTO,7.6,100.0,RECUPERACAO_APOS_QUEDA,"Call Longa, Trava de Alta, Call Debit Spread",75.0,CANDIDATA_PROXIMO_PREGAO,Liquidez score 100.0 ≥ 50 com vencimento CURTO — candidata para próximo pregão.
BBDC4,BBDCH18,CALL,18.64,2026-08-21,86,MEDIO,0.83,83.2,RECUPERACAO_APOS_QUEDA,"Call Longa, Trava de Alta, Call Debit Spread",75.0,MONITORAR_NO_RTD,Liquidez score 83.2 ≥ 30 — monitorar confirmação via RTD.
WEGE3,WEGEF484W1,CALL,48.42,2026-06-05,9,CURTO,0.06,100.0,RECUPERACAO_APOS_QUEDA,"Call Longa, Trava de Alta, Call Debit Spread",75.0,CANDIDATA_PROXIMO_PREGAO,Liquidez score 100.0 ≥ 50 com vencimento CURTO — candidata para próximo pregão.
ITUB4,ITUBG42,CALL,38.07,2026-07-17,51,MEDIO,2.78,100.0,RECUPERACAO_APOS_QUEDA,"Call Longa, Trava de Alta, Call Debit Spread",75.0,MONITORAR_NO_RTD,Liquidez score 100.0 ≥ 30 — monitorar confirmação via RTD.
B3SA3,B3SAT219,PUT,21.89,2026-08-21,86,MEDIO,4.28,100.0,RECUPERACAO_APOS_QUEDA,"Call Longa, Trava de Alta, Call Debit Spread",75.0,MONITORAR_NO_RTD,Liquidez score 100.0 ≥ 30 — monitorar confirmação via RTD.
PETR4,PETRF365,CALL,35.19,2026-06-19,23,CURTO,9.64,100.0,CONTINUACAO_BAIXA,"Trava de Baixa, Put Debit Spread",75.0,CANDIDATA_PROXIMO_PREGAO,Liquidez score 100.0 ≥ 50 com vencimento CURTO — candidata para próximo pregão.
PETR4,PETRF364W4,CALL,36.44,2026-06-26,30,CURTO,10.4,100.0,CONTINUACAO_BAIXA,"Trava de Baixa, Put Debit Spread",75.0,CANDIDATA_PROXIMO_PREGAO,Liquidez score 100.0 ≥ 50 com vencimento CURTO — candidata para próximo pregão.
ABEV3,ABEVF106,CALL,10.67,2026-06-19,23,CURTO,5.67,100.0,CONTINUACAO_ALTA,"Trava de Alta, Call Debit Spread",75.0,CANDIDATA_PROXIMO_PREGAO,Liquidez score 100.0 ≥ 50 com vencimento CURTO — candidata para próximo pregão.
ABEV3,ABEVF134,CALL,13.42,2026-06-19,23,CURTO,2.81,100.0,CONTINUACAO_ALTA,"Trava de Alta, Call Debit Spread",75.0,CANDIDATA_PROXIMO_PREGAO,Liquidez score 100.0 ≥ 50 com vencimento CURTO — candidata para próximo pregão.
BBAS3,BBASG20,CALL,19.76,2026-07-17,51,MEDIO,1.8,100.0,RECUPERACAO_APOS_QUEDA,"Call Longa, Trava de Alta, Call Debit Spread",75.0,MONITORAR_NO_RTD,Liquidez score 100.0 ≥ 30 — monitorar confirmação via RTD.
BBDC4,BBDCS184,PUT,18.16,2026-07-17,51,MEDIO,0.8,100.0,RECUPERACAO_APOS_QUEDA,"Call Longa, Trava de Alta, Call Debit Spread",75.0,MONITORAR_NO_RTD,Liquidez score 100.0 ≥ 30 — monitorar confirmação via RTD.
BBAS3,BBASQ238W5,PUT,23.85,2026-05-29,2,CURTO,2.88,100.0,RECUPERACAO_APOS_QUEDA,"Call Longa, Trava de Alta, Call Debit Spread",75.0,CANDIDATA_PROXIMO_PREGAO,Liquidez score 100.0 ≥ 50 com vencimento CURTO — candidata para próximo pregão.
BBDC4,BBDCL181,CALL,17.89,2026-12-18,205,EXTRA_LONGO,2.47,100.0,RECUPERACAO_APOS_QUEDA,"Call Longa, Trava de Alta, Call Debit Spread",75.0,MONITORAR_NO_RTD,Liquidez score 100.0 ≥ 30 — monitorar confirmação via RTD.
PETR4,PETRR507,PUT,50.19,2026-06-19,23,CURTO,5.59,100.0,CONTINUACAO_BAIXA,"Trava de Baixa, Put Debit Spread",75.0,CANDIDATA_PROXIMO_PREGAO,Liquidez score 100.0 ≥ 50 com vencimento CURTO — candidata para próximo pregão.
PETR4,PETRR502,PUT,49.69,2026-06-19,23,CURTO,5.17,100.0,CONTINUACAO_BAIXA,"Trava de Baixa, Put Debit Spread",75.0,CANDIDATA_PROXIMO_PREGAO,Liquidez score 100.0 ≥ 50 com vencimento CURTO — candidata para próximo pregão.
VALE3,VALER846,PUT,79.68,2026-06-19,23,CURTO,0.95,100.0,LATERALIDADE,Monitorar — Iron Condor futuro,75.0,CANDIDATA_PROXIMO_PREGAO,Liquidez score 100.0 ≥ 50 com vencimento CURTO — candidata para próximo pregão.
PETR4,PETRF402,CALL,39.69,2026-06-19,23,CURTO,5.33,100.0,CONTINUACAO_BAIXA,"Trava de Baixa, Put Debit Spread",75.0,CANDIDATA_PROXIMO_PREGAO,Liquidez score 100.0 ≥ 50 com vencimento CURTO — candidata para próximo pregão.
BBAS3,BBASQ261W5,PUT,26.1,2026-05-29,2,CURTO,5.15,100.0,RECUPERACAO_APOS_QUEDA,"Call Longa, Trava de Alta, Call Debit Spread",75.0,CANDIDATA_PROXIMO_PREGAO,Liquidez score 100.0 ≥ 50 com vencimento CURTO — candidata para próximo pregão.
ABEV3,ABEVF133,CALL,12.67,2026-06-19,23,CURTO,3.74,100.0,CONTINUACAO_ALTA,"Trava de Alta, Call Debit Spread",75.0,CANDIDATA_PROXIMO_PREGAO,Liquidez score 100.0 ≥ 50 com vencimento CURTO — candidata para próximo pregão.
ITUB4,ITUBF343,CALL,30.86,2026-06-19,23,CURTO,9.0,100.0,RECUPERACAO_APOS_QUEDA,"Call Longa, Trava de Alta, Call Debit Spread",75.0,CANDIDATA_PROXIMO_PREGAO,Liquidez score 100.0 ≥ 50 com vencimento CURTO — candidata para próximo pregão.
BBAS3,BBASR239,PUT,23.6,2026-06-19,23,CURTO,2.53,100.0,RECUPERACAO_APOS_QUEDA,"Call Longa, Trava de Alta, Call Debit Spread",75.0,CANDIDATA_PROXIMO_PREGAO,Liquidez score 100.0 ≥ 50 com vencimento CURTO — candidata para próximo pregão.
BBAS3,BBASR100,PUT,100.1,2026-06-19,23,CURTO,76.96,100.0,RECUPERACAO_APOS_QUEDA,"Call Longa, Trava de Alta, Call Debit Spread",75.0,CANDIDATA_PROXIMO_PREGAO,Liquidez score 100.0 ≥ 50 com vencimento CURTO — candidata para próximo pregão.
BBDC4,BBDCQ196W5,PUT,19.66,2026-05-29,2,CURTO,1.95,100.0,RECUPERACAO_APOS_QUEDA,"Call Longa, Trava de Alta, Call Debit Spread",75.0,CANDIDATA_PROXIMO_PREGAO,Liquidez score 100.0 ≥ 50 com vencimento CURTO — candidata para próximo pregão.
ITUB4,ITUBQ463W5,PUT,46.36,2026-05-29,2,CURTO,6.3,100.0,RECUPERACAO_APOS_QUEDA,"Call Longa, Trava de Alta, Call Debit Spread",75.0,CANDIDATA_PROXIMO_PREGAO,Liquidez score 100.0 ≥ 50 com vencimento CURTO — candidata para próximo pregão.
PETR4,PETRF375,CALL,36.19,2026-06-19,23,CURTO,8.61,100.0,CONTINUACAO_BAIXA,"Trava de Baixa, Put Debit Spread",75.0,CANDIDATA_PROXIMO_PREGAO,Liquidez score 100.0 ≥ 50 com vencimento CURTO — candidata para próximo pregão.
BBAS3,BBASR236,PUT,23.35,2026-06-19,23,CURTO,2.25,100.0,RECUPERACAO_APOS_QUEDA,"Call Longa, Trava de Alta, Call Debit Spread",75.0,CANDIDATA_PROXIMO_PREGAO,Liquidez score 100.0 ≥ 50 com vencimento CURTO — candidata para próximo pregão.
BBAS3,BBASR241,PUT,23.85,2026-06-19,23,CURTO,2.76,100.0,RECUPERACAO_APOS_QUEDA,"Call Longa, Trava de Alta, Call Debit Spread",75.0,CANDIDATA_PROXIMO_PREGAO,Liquidez score 100.0 ≥ 50 com vencimento CURTO — candidata para próximo pregão.
BBDC4,BBDCQ216W5,PUT,21.66,2026-05-29,2,CURTO,3.96,100.0,RECUPERACAO_APOS_QUEDA,"Call Longa, Trava de Alta, Call Debit Spread",75.0,CANDIDATA_PROXIMO_PREGAO,Liquidez score 100.0 ≥ 50 com vencimento CURTO — candidata para próximo pregão.
BBAS3,BBASR246,PUT,24.35,2026-06-19,23,CURTO,3.2,100.0,RECUPERACAO_APOS_QUEDA,"Call Longa, Trava de Alta, Call Debit Spread",75.0,CANDIDATA_PROXIMO_PREGAO,Liquidez score 100.0 ≥ 50 com vencimento CURTO — candidata para próximo pregão.
BBAS3,BBASR249,PUT,24.6,2026-06-19,23,CURTO,3.5,100.0,RECUPERACAO_APOS_QUEDA,"Call Longa, Trava de Alta, Call Debit Spread",75.0,CANDIDATA_PROXIMO_PREGAO,Liquidez score 100.0 ≥ 50 com vencimento CURTO — candidata para próximo pregão.
BBAS3,BBASR251,PUT,24.85,2026-06-19,23,CURTO,3.76,100.0,RECUPERACAO_APOS_QUEDA,"Call Longa, Trava de Alta, Call Debit Spread",75.0,CANDIDATA_PROXIMO_PREGAO,Liquidez score 100.0 ≥ 50 com vencimento CURTO — candidata para próximo pregão.
BBAS3,BBASR27,PUT,27.1,2026-06-19,23,CURTO,6.5,100.0,RECUPERACAO_APOS_QUEDA,"Call Longa, Trava de Alta, Call Debit Spread",75.0,CANDIDATA_PROXIMO_PREGAO,Liquidez score 100.0 ≥ 50 com vencimento CURTO — candidata para próximo pregão.
BBAS3,BBASR271,PUT,26.85,2026-06-19,23,CURTO,6.0,100.0,RECUPERACAO_APOS_QUEDA,"Call Longa, Trava de Alta, Call Debit Spread",75.0,CANDIDATA_PROXIMO_PREGAO,Liquidez score 100.0 ≥ 50 com vencimento CURTO — candidata para próximo pregão.
BBAS3,BBASR276,PUT,27.6,2026-06-19,23,CURTO,6.55,100.0,RECUPERACAO_APOS_QUEDA,"Call Longa, Trava de Alta, Call Debit Spread",75.0,CANDIDATA_PROXIMO_PREGAO,Liquidez score 100.0 ≥ 50 com vencimento CURTO — candidata para próximo pregão.
PETR4,PETRF374,CALL,36.94,2026-06-19,23,CURTO,7.93,100.0,CONTINUACAO_BAIXA,"Trava de Baixa, Put Debit Spread",75.0,CANDIDATA_PROXIMO_PREGAO,Liquidez score 100.0 ≥ 50 com vencimento CURTO — candidata para próximo pregão.
WEGE3,WEGER434W2,PUT,43.42,2026-06-12,16,CURTO,1.22,49.6,RECUPERACAO_APOS_QUEDA,"Call Longa, Trava de Alta, Call Debit Spread",74.9,MONITORAR_NO_RTD,Liquidez score 49.6 ≥ 30 — monitorar confirmação via RTD.
BBDC4,BBDCG18,CALL,18.91,2026-07-17,51,MEDIO,0.36,83.1,RECUPERACAO_APOS_QUEDA,"Call Longa, Trava de Alta, Call Debit Spread",74.9,MONITORAR_NO_RTD,Liquidez score 83.1 ≥ 30 — monitorar confirmação via RTD.
BPAC11,BPACE555W5,CALL,55.55,2026-05-29,2,CURTO,0.31,66.3,RECUPERACAO_APOS_QUEDA,"Call Longa, Trava de Alta, Call Debit Spread",74.9,CANDIDATA_PROXIMO_PREGAO,Liquidez score 66.3 ≥ 50 com vencimento CURTO — candidata para próximo pregão.
BBDC4,BBDCF199,CALL,19.26,2026-06-19,23,CURTO,0.1,66.4,RECUPERACAO_APOS_QUEDA,"Call Longa, Trava de Alta, Call Debit Spread",74.9,CANDIDATA_PROXIMO_PREGAO,Liquidez score 66.4 ≥ 50 com vencimento CURTO — candidata para próximo pregão.
BPAC11,BPACQ545W5,PUT,54.55,2026-05-29,2,CURTO,1.24,49.6,RECUPERACAO_APOS_QUEDA,"Call Longa, Trava de Alta, Call Debit Spread",74.9,MONITORAR_NO_RTD,Liquidez score 49.6 ≥ 30 — monitorar confirmação via RTD.
CMIG4,CMIGF136,CALL,11.99,2026-06-19,23,CURTO,0.1,66.1,RECUPERACAO_APOS_QUEDA,"Call Longa, Trava de Alta, Call Debit Spread",74.8,CANDIDATA_PROXIMO_PREGAO,Liquidez score 66.1 ≥ 50 com vencimento CURTO — candidata para próximo pregão.
VALE3,VALER806,PUT,75.68,2026-06-19,23,CURTO,0.33,99.4,LATERALIDADE,Monitorar — Iron Condor futuro,74.8,CANDIDATA_PROXIMO_PREGAO,Liquidez score 99.4 ≥ 50 com vencimento CURTO — candidata para próximo pregão.
GGBR4,GGBRR246,PUT,24.43,2026-06-19,23,CURTO,0.89,49.5,CONTINUACAO_ALTA,"Trava de Alta, Call Debit Spread",74.8,MONITORAR_NO_RTD,Liquidez score 49.5 ≥ 30 — monitorar confirmação via RTD.
GGBR4,GGBRR241,PUT,23.93,2026-06-19,23,CURTO,0.64,49.5,CONTINUACAO_ALTA,"Trava de Alta, Call Debit Spread",74.8,MONITORAR_NO_RTD,Liquidez score 49.5 ≥ 30 — monitorar confirmação via RTD.
PETR4,PETRI449,CALL,44.98,2026-09-18,114,LONGO,3.87,82.7,CONTINUACAO_BAIXA,"Trava de Baixa, Put Debit Spread",74.8,MONITORAR_NO_RTD,Liquidez score 82.7 ≥ 30 — monitorar confirmação via RTD.
PETR4,PETRE470W5,CALL,46.46,2026-05-29,2,CURTO,0.25,66.1,CONTINUACAO_BAIXA,"Trava de Baixa, Put Debit Spread",74.8,CANDIDATA_PROXIMO_PREGAO,Liquidez score 66.1 ≥ 50 com vencimento CURTO — candidata para próximo pregão.
TAEE11,TAEER405,PUT,39.14,2026-06-19,23,CURTO,0.99,49.3,RECUPERACAO_APOS_QUEDA,"Call Longa, Trava de Alta, Call Debit Spread",74.8,MONITORAR_NO_RTD,Liquidez score 49.3 ≥ 30 — monitorar confirmação via RTD.
BBAS3,BBASF191,CALL,19.1,2026-06-19,23,CURTO,2.03,82.5,RECUPERACAO_APOS_QUEDA,"Call Longa, Trava de Alta, Call Debit Spread",74.8,CANDIDATA_PROXIMO_PREGAO,Liquidez score 82.5 ≥ 50 com vencimento CURTO — candidata para próximo pregão.
ITUB4,ITUBR44,PUT,43.69,2026-06-19,23,CURTO,3.77,82.3,RECUPERACAO_APOS_QUEDA,"Call Longa, Trava de Alta, Call Debit Spread",74.7,CANDIDATA_PROXIMO_PREGAO,Liquidez score 82.3 ≥ 50 com vencimento CURTO — candidata para próximo pregão.
ABEV3,ABEVS159,PUT,15.92,2026-07-17,51,MEDIO,0.39,65.5,CONTINUACAO_ALTA,"Trava de Alta, Call Debit Spread",74.7,MONITORAR_NO_RTD,Liquidez score 65.5 ≥ 30 — monitorar confirmação via RTD.
B3SA3,B3SAR158,PUT,15.47,2026-06-19,23,CURTO,0.23,48.6,RECUPERACAO_APOS_QUEDA,"Call Longa, Trava de Alta, Call Debit Spread",74.6,MONITORAR_NO_RTD,Liquidez score 48.6 ≥ 30 — monitorar confirmação via RTD.
PETR4,PETRR460W1,PUT,45.46,2026-06-05,9,CURTO,1.66,82.1,CONTINUACAO_BAIXA,"Trava de Baixa, Put Debit Spread",74.6,CANDIDATA_PROXIMO_PREGAO,Liquidez score 82.1 ≥ 50 com vencimento CURTO — candidata para próximo pregão.
PETR4,PETRR692,PUT,68.69,2026-06-19,23,CURTO,22.54,98.8,CONTINUACAO_BAIXA,"Trava de Baixa, Put Debit Spread",74.6,CANDIDATA_PROXIMO_PREGAO,Liquidez score 98.8 ≥ 50 com vencimento CURTO — candidata para próximo pregão.
RENT3,RENTR445,PUT,44.12,2026-06-19,23,CURTO,2.5,48.8,RECUPERACAO_APOS_QUEDA,"Call Longa, Trava de Alta, Call Debit Spread",74.6,MONITORAR_NO_RTD,Liquidez score 48.8 ≥ 30 — monitorar confirmação via RTD.
GGBR4,GGBRF237,CALL,23.43,2026-06-19,23,CURTO,1.18,82.0,CONTINUACAO_ALTA,"Trava de Alta, Call Debit Spread",74.6,CANDIDATA_PROXIMO_PREGAO,Liquidez score 82.0 ≥ 50 com vencimento CURTO — candidata para próximo pregão.
BBAS3,BBASS203,PUT,20.01,2026-07-17,51,MEDIO,0.35,81.6,RECUPERACAO_APOS_QUEDA,"Call Longa, Trava de Alta, Call Debit Spread",74.5,MONITORAR_NO_RTD,Liquidez score 81.6 ≥ 30 — monitorar confirmação via RTD.
EGIE3,EGIEF309,CALL,30.5,2026-06-19,23,CURTO,3.1,81.5,RECUPERACAO_APOS_QUEDA,"Call Longa, Trava de Alta, Call Debit Spread",74.5,CANDIDATA_PROXIMO_PREGAO,Liquidez score 81.5 ≥ 50 com vencimento CURTO — candidata para próximo pregão.
GGBR4,GGBRS227,PUT,22.6,2026-07-17,51,MEDIO,0.43,81.6,CONTINUACAO_ALTA,"Trava de Alta, Call Debit Spread",74.5,MONITORAR_NO_RTD,Liquidez score 81.6 ≥ 30 — monitorar confirmação via RTD.
ENEV3,ENEVR290,PUT,29.0,2026-06-19,23,CURTO,2.35,81.6,PROTECAO_CARTEIRA,"Protective Put, Collar",74.5,CANDIDATA_PROXIMO_PREGAO,Liquidez score 81.6 ≥ 50 com vencimento CURTO — candidata para próximo pregão.
RENT3,RENTF425,CALL,42.12,2026-06-19,23,CURTO,3.33,81.6,RECUPERACAO_APOS_QUEDA,"Call Longa, Trava de Alta, Call Debit Spread",74.5,CANDIDATA_PROXIMO_PREGAO,Liquidez score 81.6 ≥ 50 com vencimento CURTO — candidata para próximo pregão.
B3SA3,B3SAS156,PUT,15.64,2026-07-17,51,MEDIO,0.39,65.1,RECUPERACAO_APOS_QUEDA,"Call Longa, Trava de Alta, Call Debit Spread",74.5,MONITORAR_NO_RTD,Liquidez score 65.1 ≥ 30 — monitorar confirmação via RTD.
B3SA3,B3SAQ163W5,PUT,16.31,2026-05-29,2,CURTO,0.23,47.9,RECUPERACAO_APOS_QUEDA,"Call Longa, Trava de Alta, Call Debit Spread",74.4,MONITORAR_NO_RTD,Liquidez score 47.9 ≥ 30 — monitorar confirmação via RTD.
PETR4,PETRS424,PUT,41.94,2026-07-17,51,MEDIO,1.03,81.2,CONTINUACAO_BAIXA,"Trava de Baixa, Put Debit Spread",74.4,MONITORAR_NO_RTD,Liquidez score 81.2 ≥ 30 — monitorar confirmação via RTD.
PETR4,PETRS412,PUT,40.69,2026-07-17,51,MEDIO,0.72,81.3,CONTINUACAO_BAIXA,"Trava de Baixa, Put Debit Spread",74.4,MONITORAR_NO_RTD,Liquidez score 81.3 ≥ 30 — monitorar confirmação via RTD.
PETR4,PETRF480,CALL,47.46,2026-06-19,23,CURTO,3.85,64.6,CONTINUACAO_BAIXA,"Trava de Baixa, Put Debit Spread",74.4,CANDIDATA_PROXIMO_PREGAO,Liquidez score 64.6 ≥ 50 com vencimento CURTO — candidata para próximo pregão.
PETR4,PETRF405W1,CALL,39.96,2026-06-05,9,CURTO,5.11,98.0,CONTINUACAO_BAIXA,"Trava de Baixa, Put Debit Spread",74.4,CANDIDATA_PROXIMO_PREGAO,Liquidez score 98.0 ≥ 50 com vencimento CURTO — candidata para próximo pregão.
SUZB3,SUZBR576,PUT,57.67,2026-06-19,23,CURTO,14.8,98.0,RECUPERACAO_APOS_QUEDA,"Call Longa, Trava de Alta, Call Debit Spread",74.4,CANDIDATA_PROXIMO_PREGAO,Liquidez score 98.0 ≥ 50 com vencimento CURTO — candidata para próximo pregão.
B3SA3,B3SAF151,CALL,14.72,2026-06-19,23,CURTO,2.55,81.3,RECUPERACAO_APOS_QUEDA,"Call Longa, Trava de Alta, Call Debit Spread",74.4,CANDIDATA_PROXIMO_PREGAO,Liquidez score 81.3 ≥ 50 com vencimento CURTO — candidata para próximo pregão.
ABEV3,ABEVF104,CALL,10.42,2026-06-19,23,CURTO,5.55,98.0,CONTINUACAO_ALTA,"Trava de Alta, Call Debit Spread",74.4,CANDIDATA_PROXIMO_PREGAO,Liquidez score 98.0 ≥ 50 com vencimento CURTO — candidata para próximo pregão.
PETR4,PETRG424,CALL,41.94,2026-07-17,51,MEDIO,4.33,97.6,CONTINUACAO_BAIXA,"Trava de Baixa, Put Debit Spread",74.3,MONITORAR_NO_RTD,Liquidez score 97.6 ≥ 30 — monitorar confirmação via RTD.
ITUB4,ITUBQ388W5,PUT,38.86,2026-05-29,2,CURTO,0.31,47.6,RECUPERACAO_APOS_QUEDA,"Call Longa, Trava de Alta, Call Debit Spread",74.3,MONITORAR_NO_RTD,Liquidez score 47.6 ≥ 30 — monitorar confirmação via RTD.
B3SA3,B3SAG152,CALL,15.14,2026-07-17,51,MEDIO,2.09,97.6,RECUPERACAO_APOS_QUEDA,"Call Longa, Trava de Alta, Call Debit Spread",74.3,MONITORAR_NO_RTD,Liquidez score 97.6 ≥ 30 — monitorar confirmação via RTD.
HAPV3,HAPVQ120W5,PUT,12.0,2026-05-29,2,CURTO,0.36,47.7,CONTINUACAO_BAIXA,"Trava de Baixa, Put Debit Spread",74.3,MONITORAR_NO_RTD,Liquidez score 47.7 ≥ 30 — monitorar confirmação via RTD.
PETR4,PETRR717,PUT,71.19,2026-06-19,23,CURTO,24.38,97.3,CONTINUACAO_BAIXA,"Trava de Baixa, Put Debit Spread",74.2,CANDIDATA_PROXIMO_PREGAO,Liquidez score 97.3 ≥ 50 com vencimento CURTO — candidata para próximo pregão.
WEGE3,WEGEH410,CALL,40.96,2026-08-21,86,MEDIO,7.36,97.0,RECUPERACAO_APOS_QUEDA,"Call Longa, Trava de Alta, Call Debit Spread",74.1,MONITORAR_NO_RTD,Liquidez score 97.0 ≥ 30 — monitorar confirmação via RTD.
BBAS3,BBASR261,PUT,26.1,2026-06-19,23,CURTO,5.08,96.8,RECUPERACAO_APOS_QUEDA,"Call Longa, Trava de Alta, Call Debit Spread",74.0,CANDIDATA_PROXIMO_PREGAO,Liquidez score 96.8 ≥ 50 com vencimento CURTO — candidata para próximo pregão.
VALE3,VALER821,PUT,77.18,2026-06-19,23,CURTO,0.48,96.8,LATERALIDADE,Monitorar — Iron Condor futuro,74.0,CANDIDATA_PROXIMO_PREGAO,Liquidez score 96.8 ≥ 50 com vencimento CURTO — candidata para próximo pregão.
VALE3,VALER816,PUT,76.68,2026-06-19,23,CURTO,0.42,96.5,LATERALIDADE,Monitorar — Iron Condor futuro,74.0,CANDIDATA_PROXIMO_PREGAO,Liquidez score 96.5 ≥ 50 com vencimento CURTO — candidata para próximo pregão.
WEGE3,WEGEF478,CALL,45.78,2026-06-19,23,CURTO,0.57,63.2,RECUPERACAO_APOS_QUEDA,"Call Longa, Trava de Alta, Call Debit Spread",74.0,CANDIDATA_PROXIMO_PREGAO,Liquidez score 63.2 ≥ 50 com vencimento CURTO — candidata para próximo pregão.
PRIO3,PRIOQ690W5,PUT,69.0,2026-05-29,2,CURTO,1.95,80.1,LATERALIDADE,Monitorar — Iron Condor futuro,74.0,CANDIDATA_PROXIMO_PREGAO,Liquidez score 80.1 ≥ 50 com vencimento CURTO — candidata para próximo pregão.
ITUB4,ITUBR460,PUT,45.69,2026-06-19,23,CURTO,5.72,96.8,RECUPERACAO_APOS_QUEDA,"Call Longa, Trava de Alta, Call Debit Spread",74.0,CANDIDATA_PROXIMO_PREGAO,Liquidez score 96.8 ≥ 50 com vencimento CURTO — candidata para próximo pregão.
B3SA3,B3SAF141,CALL,13.72,2026-06-19,23,CURTO,2.46,80.0,RECUPERACAO_APOS_QUEDA,"Call Longa, Trava de Alta, Call Debit Spread",74.0,CANDIDATA_PROXIMO_PREGAO,Liquidez score 80.0 ≥ 50 com vencimento CURTO — candidata para próximo pregão.
RENT3,RENTF433,CALL,42.87,2026-06-19,23,CURTO,2.57,46.5,RECUPERACAO_APOS_QUEDA,"Call Longa, Trava de Alta, Call Debit Spread",74.0,MONITORAR_NO_RTD,Liquidez score 46.5 ≥ 30 — monitorar confirmação via RTD.
PETR4,PETRF202,CALL,19.69,2026-06-19,23,CURTO,25.6,96.8,CONTINUACAO_BAIXA,"Trava de Baixa, Put Debit Spread",74.0,CANDIDATA_PROXIMO_PREGAO,Liquidez score 96.8 ≥ 50 com vencimento CURTO — candidata para próximo pregão.
ITUB4,ITUBR401W4,PUT,40.15,2026-06-26,30,CURTO,1.11,46.8,RECUPERACAO_APOS_QUEDA,"Call Longa, Trava de Alta, Call Debit Spread",74.0,MONITORAR_NO_RTD,Liquidez score 46.8 ≥ 30 — monitorar confirmação via RTD.
RENT3,RENTR435,PUT,43.12,2026-06-19,23,CURTO,1.86,46.5,RECUPERACAO_APOS_QUEDA,"Call Longa, Trava de Alta, Call Debit Spread",74.0,MONITORAR_NO_RTD,Liquidez score 46.5 ≥ 30 — monitorar confirmação via RTD.
ITUB4,ITUBR398W1,PUT,39.86,2026-06-05,9,CURTO,0.76,46.3,RECUPERACAO_APOS_QUEDA,"Call Longa, Trava de Alta, Call Debit Spread",73.9,MONITORAR_NO_RTD,Liquidez score 46.3 ≥ 30 — monitorar confirmação via RTD.
WEGE3,WEGEF448,CALL,42.78,2026-06-19,23,CURTO,1.83,46.4,RECUPERACAO_APOS_QUEDA,"Call Longa, Trava de Alta, Call Debit Spread",73.9,MONITORAR_NO_RTD,Liquidez score 46.4 ≥ 30 — monitorar confirmação via RTD.
BBDC4,BBDCE181W5,CALL,18.16,2026-05-29,2,CURTO,0.08,62.7,RECUPERACAO_APOS_QUEDA,"Call Longa, Trava de Alta, Call Debit Spread",73.8,CANDIDATA_PROXIMO_PREGAO,Liquidez score 62.7 ≥ 50 com vencimento CURTO — candidata para próximo pregão.
BBAS3,BBASR237W1,PUT,23.76,2026-06-05,9,CURTO,2.98,96.0,RECUPERACAO_APOS_QUEDA,"Call Longa, Trava de Alta, Call Debit Spread",73.8,CANDIDATA_PROXIMO_PREGAO,Liquidez score 96.0 ≥ 50 com vencimento CURTO — candidata para próximo pregão.
BBDC4,BBDCR868,PUT,86.82,2026-06-19,23,CURTO,62.47,96.0,RECUPERACAO_APOS_QUEDA,"Call Longa, Trava de Alta, Call Debit Spread",73.8,CANDIDATA_PROXIMO_PREGAO,Liquidez score 96.0 ≥ 50 com vencimento CURTO — candidata para próximo pregão.
PETR4,PETRR450,PUT,44.46,2026-06-19,23,CURTO,0.33,45.9,CONTINUACAO_BAIXA,"Trava de Baixa, Put Debit Spread",73.8,MONITORAR_NO_RTD,Liquidez score 45.9 ≥ 30 — monitorar confirmação via RTD.
EGIE3,EGIEF327,CALL,32.25,2026-06-19,23,CURTO,0.98,46.1,RECUPERACAO_APOS_QUEDA,"Call Longa, Trava de Alta, Call Debit Spread",73.8,MONITORAR_NO_RTD,Liquidez score 46.1 ≥ 30 — monitorar confirmação via RTD.
PETR4,PETRE462W5,CALL,45.71,2026-05-29,2,CURTO,0.43,62.8,CONTINUACAO_BAIXA,"Trava de Baixa, Put Debit Spread",73.8,CANDIDATA_PROXIMO_PREGAO,Liquidez score 62.8 ≥ 50 com vencimento CURTO — candidata para próximo pregão.
SUZB3,SUZBQ420W5,PUT,42.0,2026-05-29,2,CURTO,0.6,45.8,RECUPERACAO_APOS_QUEDA,"Call Longa, Trava de Alta, Call Debit Spread",73.7,MONITORAR_NO_RTD,Liquidez score 45.8 ≥ 30 — monitorar confirmação via RTD.
PETR4,PETRS497,PUT,49.19,2026-07-17,51,MEDIO,4.89,95.7,CONTINUACAO_BAIXA,"Trava de Baixa, Put Debit Spread",73.7,MONITORAR_NO_RTD,Liquidez score 95.7 ≥ 30 — monitorar confirmação via RTD.
BPAC11,BPACF565,CALL,56.55,2026-06-19,23,CURTO,0.91,62.2,RECUPERACAO_APOS_QUEDA,"Call Longa, Trava de Alta, Call Debit Spread",73.7,CANDIDATA_PROXIMO_PREGAO,Liquidez score 62.2 ≥ 50 com vencimento CURTO — candidata para próximo pregão.
TAEE11,TAEEF337,CALL,32.39,2026-06-19,23,CURTO,6.15,95.7,RECUPERACAO_APOS_QUEDA,"Call Longa, Trava de Alta, Call Debit Spread",73.7,CANDIDATA_PROXIMO_PREGAO,Liquidez score 95.7 ≥ 50 com vencimento CURTO — candidata para próximo pregão.
RENT3,RENTF461,CALL,46.12,2026-06-19,23,CURTO,1.18,62.2,RECUPERACAO_APOS_QUEDA,"Call Longa, Trava de Alta, Call Debit Spread",73.7,CANDIDATA_PROXIMO_PREGAO,Liquidez score 62.2 ≥ 50 com vencimento CURTO — candidata para próximo pregão.
RADL3,RADLR181,PUT,18.12,2026-06-19,23,CURTO,0.61,45.8,CONTINUACAO_BAIXA,"Trava de Baixa, Put Debit Spread",73.7,MONITORAR_NO_RTD,Liquidez score 45.8 ≥ 30 — monitorar confirmação via RTD.
SUZB3,SUZBR425W1,PUT,42.5,2026-06-05,9,CURTO,0.94,45.5,RECUPERACAO_APOS_QUEDA,"Call Longa, Trava de Alta, Call Debit Spread",73.7,MONITORAR_NO_RTD,Liquidez score 45.5 ≥ 30 — monitorar confirmação via RTD.
BPAC11,BPACF595W2,CALL,59.5,2026-06-12,16,CURTO,0.32,62.4,RECUPERACAO_APOS_QUEDA,"Call Longa, Trava de Alta, Call Debit Spread",73.7,CANDIDATA_PROXIMO_PREGAO,Liquidez score 62.4 ≥ 50 com vencimento CURTO — candidata para próximo pregão.
PETR4,PETRS419,PUT,41.44,2026-07-17,51,MEDIO,0.9,79.1,CONTINUACAO_BAIXA,"Trava de Baixa, Put Debit Spread",73.7,MONITORAR_NO_RTD,Liquidez score 79.1 ≥ 30 — monitorar confirmação via RTD.
PETR4,PETRF482W4,CALL,47.69,2026-06-26,30,CURTO,1.2,62.1,CONTINUACAO_BAIXA,"Trava de Baixa, Put Debit Spread",73.6,CANDIDATA_PROXIMO_PREGAO,Liquidez score 62.1 ≥ 50 com vencimento CURTO — candidata para próximo pregão.
WEGE3,WEGEG449,CALL,42.96,2026-07-17,51,MEDIO,2.0,61.9,RECUPERACAO_APOS_QUEDA,"Call Longa, Trava de Alta, Call Debit Spread",73.6,MONITORAR_NO_RTD,Liquidez score 61.9 ≥ 30 — monitorar confirmação via RTD.
CMIG4,CMIGF1,CALL,11.74,2026-06-19,23,CURTO,0.14,61.9,RECUPERACAO_APOS_QUEDA,"Call Longa, Trava de Alta, Call Debit Spread",73.6,CANDIDATA_PROXIMO_PREGAO,Liquidez score 61.9 ≥ 50 com vencimento CURTO — candidata para próximo pregão.
B3SA3,B3SAS138,PUT,13.89,2026-07-17,51,MEDIO,0.17,95.3,RECUPERACAO_APOS_QUEDA,"Call Longa, Trava de Alta, Call Debit Spread",73.6,MONITORAR_NO_RTD,Liquidez score 95.3 ≥ 30 — monitorar confirmação via RTD.
SUZB3,SUZBR556,PUT,55.67,2026-06-19,23,CURTO,12.7,95.2,RECUPERACAO_APOS_QUEDA,"Call Longa, Trava de Alta, Call Debit Spread",73.6,CANDIDATA_PROXIMO_PREGAO,Liquidez score 95.2 ≥ 50 com vencimento CURTO — candidata para próximo pregão.
BBDC4,BBDCL176,CALL,17.39,2026-12-18,205,EXTRA_LONGO,2.4,95.0,RECUPERACAO_APOS_QUEDA,"Call Longa, Trava de Alta, Call Debit Spread",73.5,MONITORAR_NO_RTD,Liquidez score 95.0 ≥ 30 — monitorar confirmação via RTD.
HAPV3,HAPVF980,CALL,9.8,2026-06-19,23,CURTO,3.83,94.9,CONTINUACAO_BAIXA,"Trava de Baixa, Put Debit Spread",73.5,CANDIDATA_PROXIMO_PREGAO,Liquidez score 94.9 ≥ 50 com vencimento CURTO — candidata para próximo pregão.
BBAS3,BBASR191,PUT,19.1,2026-06-19,23,CURTO,0.08,61.8,RECUPERACAO_APOS_QUEDA,"Call Longa, Trava de Alta, Call Debit Spread",73.5,CANDIDATA_PROXIMO_PREGAO,Liquidez score 61.8 ≥ 50 com vencimento CURTO — candidata para próximo pregão.
GGBR4,GGBRF246,CALL,24.43,2026-06-19,23,CURTO,0.61,45.1,CONTINUACAO_ALTA,"Trava de Alta, Call Debit Spread",73.5,MONITORAR_NO_RTD,Liquidez score 45.1 ≥ 30 — monitorar confirmação via RTD.
HAPV3,HAPVR122,PUT,12.25,2026-06-19,23,CURTO,0.81,44.9,CONTINUACAO_BAIXA,"Trava de Baixa, Put Debit Spread",73.5,MONITORAR_NO_RTD,Liquidez score 44.9 ≥ 30 — monitorar confirmação via RTD.
BPAC11,BPACR520,PUT,52.05,2026-06-19,23,CURTO,0.94,61.7,RECUPERACAO_APOS_QUEDA,"Call Longa, Trava de Alta, Call Debit Spread",73.5,CANDIDATA_PROXIMO_PREGAO,Liquidez score 61.7 ≥ 50 com vencimento CURTO — candidata para próximo pregão.
WEGE3,WEGEF465W4,CALL,46.53,2026-06-26,30,CURTO,0.41,61.6,RECUPERACAO_APOS_QUEDA,"Call Longa, Trava de Alta, Call Debit Spread",73.5,CANDIDATA_PROXIMO_PREGAO,Liquidez score 61.6 ≥ 50 com vencimento CURTO — candidata para próximo pregão.
HAPV3,HAPVF125,CALL,12.5,2026-06-19,23,CURTO,0.62,61.2,CONTINUACAO_BAIXA,"Trava de Baixa, Put Debit Spread",73.4,CANDIDATA_PROXIMO_PREGAO,Liquidez score 61.2 ≥ 50 com vencimento CURTO — candidata para próximo pregão.
RENT3,RENTR440,PUT,43.62,2026-06-19,23,CURTO,1.94,44.8,RECUPERACAO_APOS_QUEDA,"Call Longa, Trava de Alta, Call Debit Spread",73.4,MONITORAR_NO_RTD,Liquidez score 44.8 ≥ 30 — monitorar confirmação via RTD.
PETR4,PETRF527,CALL,52.19,2026-06-19,23,CURTO,0.19,94.6,CONTINUACAO_BAIXA,"Trava de Baixa, Put Debit Spread",73.4,CANDIDATA_PROXIMO_PREGAO,Liquidez score 94.6 ≥ 50 com vencimento CURTO — candidata para próximo pregão.
ITUB4,ITUBQ391W5,PUT,39.11,2026-05-29,2,CURTO,0.4,44.7,RECUPERACAO_APOS_QUEDA,"Call Longa, Trava de Alta, Call Debit Spread",73.4,MONITORAR_NO_RTD,Liquidez score 44.7 ≥ 30 — monitorar confirmação via RTD.
ABEV3,ABEVE159W5,CALL,15.92,2026-05-29,2,CURTO,0.36,44.6,CONTINUACAO_ALTA,"Trava de Alta, Call Debit Spread",73.4,MONITORAR_NO_RTD,Liquidez score 44.6 ≥ 30 — monitorar confirmação via RTD.
BBAS3,BBASQ241W5,PUT,24.1,2026-05-29,2,CURTO,3.13,94.7,RECUPERACAO_APOS_QUEDA,"Call Longa, Trava de Alta, Call Debit Spread",73.4,CANDIDATA_PROXIMO_PREGAO,Liquidez score 94.7 ≥ 50 com vencimento CURTO — candidata para próximo pregão.
BBDC4,BBDCQ221W5,PUT,22.16,2026-05-29,2,CURTO,4.42,94.7,RECUPERACAO_APOS_QUEDA,"Call Longa, Trava de Alta, Call Debit Spread",73.4,CANDIDATA_PROXIMO_PREGAO,Liquidez score 94.7 ≥ 50 com vencimento CURTO — candidata para próximo pregão.
PETR4,PETRR455,PUT,44.96,2026-06-19,23,CURTO,0.38,44.4,CONTINUACAO_BAIXA,"Trava de Baixa, Put Debit Spread",73.3,MONITORAR_NO_RTD,Liquidez score 44.4 ≥ 30 — monitorar confirmação via RTD.
ENEV3,ENEVF270,CALL,27.0,2026-06-19,23,CURTO,0.36,44.2,PROTECAO_CARTEIRA,"Protective Put, Collar",73.3,MONITORAR_NO_RTD,Liquidez score 44.2 ≥ 30 — monitorar confirmação via RTD.
B3SA3,B3SAS153,PUT,15.39,2026-07-17,51,MEDIO,0.32,61.1,RECUPERACAO_APOS_QUEDA,"Call Longa, Trava de Alta, Call Debit Spread",73.3,MONITORAR_NO_RTD,Liquidez score 61.1 ≥ 30 — monitorar confirmação via RTD.
ENEV3,ENEVS245,PUT,24.5,2026-07-17,51,MEDIO,0.99,44.3,PROTECAO_CARTEIRA,"Protective Put, Collar",73.3,MONITORAR_NO_RTD,Liquidez score 44.3 ≥ 30 — monitorar confirmação via RTD.
BBAS3,BBASS216W2,PUT,21.6,2026-07-10,44,MEDIO,0.95,94.5,RECUPERACAO_APOS_QUEDA,"Call Longa, Trava de Alta, Call Debit Spread",73.3,MONITORAR_NO_RTD,Liquidez score 94.5 ≥ 30 — monitorar confirmação via RTD.
ENEV3,ENEVG250,CALL,25.0,2026-07-17,51,MEDIO,1.8,44.4,PROTECAO_CARTEIRA,"Protective Put, Collar",73.3,MONITORAR_NO_RTD,Liquidez score 44.4 ≥ 30 — monitorar confirmação via RTD.
PETR4,PETRG43,CALL,43.44,2026-07-17,51,MEDIO,3.37,94.5,CONTINUACAO_BAIXA,"Trava de Baixa, Put Debit Spread",73.3,MONITORAR_NO_RTD,Liquidez score 94.5 ≥ 30 — monitorar confirmação via RTD.
BBAS3,BBASQ256W5,PUT,25.6,2026-05-29,2,CURTO,4.86,94.4,RECUPERACAO_APOS_QUEDA,"Call Longa, Trava de Alta, Call Debit Spread",73.3,CANDIDATA_PROXIMO_PREGAO,Liquidez score 94.4 ≥ 50 com vencimento CURTO — candidata para próximo pregão.
TAEE11,TAEER407,PUT,39.39,2026-06-19,23,CURTO,1.08,44.4,RECUPERACAO_APOS_QUEDA,"Call Longa, Trava de Alta, Call Debit Spread",73.3,MONITORAR_NO_RTD,Liquidez score 44.4 ≥ 30 — monitorar confirmação via RTD.
VALE3,VALEQ820W5,PUT,82.0,2026-05-29,2,CURTO,0.69,77.8,LATERALIDADE,Monitorar — Iron Condor futuro,73.3,CANDIDATA_PROXIMO_PREGAO,Liquidez score 77.8 ≥ 50 com vencimento CURTO — candidata para próximo pregão.
ITUB4,ITUBF271,CALL,26.01,2026-06-19,23,CURTO,13.61,94.4,RECUPERACAO_APOS_QUEDA,"Call Longa, Trava de Alta, Call Debit Spread",73.3,CANDIDATA_PROXIMO_PREGAO,Liquidez score 94.4 ≥ 50 com vencimento CURTO — candidata para próximo pregão.
BPAC11,BPACF570,CALL,57.05,2026-06-19,23,CURTO,0.86,60.8,RECUPERACAO_APOS_QUEDA,"Call Longa, Trava de Alta, Call Debit Spread",73.2,CANDIDATA_PROXIMO_PREGAO,Liquidez score 60.8 ≥ 50 com vencimento CURTO — candidata para próximo pregão.
CMIG4,CMIGF127,CALL,10.99,2026-06-19,23,CURTO,0.47,77.2,RECUPERACAO_APOS_QUEDA,"Call Longa, Trava de Alta, Call Debit Spread",73.2,CANDIDATA_PROXIMO_PREGAO,Liquidez score 77.2 ≥ 50 com vencimento CURTO — candidata para próximo pregão.
B3SA3,B3SAR230,PUT,22.97,2026-06-19,23,CURTO,4.47,77.5,RECUPERACAO_APOS_QUEDA,"Call Longa, Trava de Alta, Call Debit Spread",73.2,CANDIDATA_PROXIMO_PREGAO,Liquidez score 77.5 ≥ 50 com vencimento CURTO — candidata para próximo pregão.
PETR4,PETRG479W4,CALL,47.94,2026-07-24,58,MEDIO,2.04,77.5,CONTINUACAO_BAIXA,"Trava de Baixa, Put Debit Spread",73.2,MONITORAR_NO_RTD,Liquidez score 77.5 ≥ 30 — monitorar confirmação via RTD.
WEGE3,WEGEG447,CALL,44.71,2026-07-17,51,MEDIO,1.49,77.3,RECUPERACAO_APOS_QUEDA,"Call Longa, Trava de Alta, Call Debit Spread",73.2,MONITORAR_NO_RTD,Liquidez score 77.3 ≥ 30 — monitorar confirmação via RTD.
BBAS3,BBASR283,PUT,28.35,2026-06-19,23,CURTO,7.58,93.6,RECUPERACAO_APOS_QUEDA,"Call Longa, Trava de Alta, Call Debit Spread",73.1,CANDIDATA_PROXIMO_PREGAO,Liquidez score 93.6 ≥ 50 com vencimento CURTO — candidata para próximo pregão.
PETR4,PETRR647,PUT,64.19,2026-06-19,23,CURTO,18.6,93.6,CONTINUACAO_BAIXA,"Trava de Baixa, Put Debit Spread",73.1,CANDIDATA_PROXIMO_PREGAO,Liquidez score 93.6 ≥ 50 com vencimento CURTO — candidata para próximo pregão.
RENT3,RENTS438,PUT,43.82,2026-07-17,51,MEDIO,2.73,60.3,RECUPERACAO_APOS_QUEDA,"Call Longa, Trava de Alta, Call Debit Spread",73.1,MONITORAR_NO_RTD,Liquidez score 60.3 ≥ 30 — monitorar confirmação via RTD.
ABEV3,ABEVF136,CALL,13.67,2026-06-19,23,CURTO,2.26,93.6,CONTINUACAO_ALTA,"Trava de Alta, Call Debit Spread",73.1,CANDIDATA_PROXIMO_PREGAO,Liquidez score 93.6 ≥ 50 com vencimento CURTO — candidata para próximo pregão.
ABEV3,ABEVR151,PUT,15.17,2026-06-19,23,CURTO,0.1,60.4,CONTINUACAO_ALTA,"Trava de Alta, Call Debit Spread",73.1,CANDIDATA_PROXIMO_PREGAO,Liquidez score 60.4 ≥ 50 com vencimento CURTO — candidata para próximo pregão.
BPAC11,BPACR570,PUT,57.05,2026-06-19,23,CURTO,3.34,76.9,RECUPERACAO_APOS_QUEDA,"Call Longa, Trava de Alta, Call Debit Spread",73.1,CANDIDATA_PROXIMO_PREGAO,Liquidez score 76.9 ≥ 50 com vencimento CURTO — candidata para próximo pregão.
TAEE11,TAEEF405,CALL,39.14,2026-06-19,23,CURTO,0.98,43.4,RECUPERACAO_APOS_QUEDA,"Call Longa, Trava de Alta, Call Debit Spread",73.0,MONITORAR_NO_RTD,Liquidez score 43.4 ≥ 30 — monitorar confirmação via RTD.
ABEV3,ABEVS169,PUT,16.92,2026-07-17,51,MEDIO,0.87,93.2,CONTINUACAO_ALTA,"Trava de Alta, Call Debit Spread",73.0,MONITORAR_NO_RTD,Liquidez score 93.2 ≥ 30 — monitorar confirmação via RTD.
B3SA3,B3SAS158,PUT,15.89,2026-07-17,51,MEDIO,0.47,59.9,RECUPERACAO_APOS_QUEDA,"Call Longa, Trava de Alta, Call Debit Spread",73.0,MONITORAR_NO_RTD,Liquidez score 59.9 ≥ 30 — monitorar confirmação via RTD.
HAPV3,HAPVF120W2,CALL,12.0,2026-06-12,16,CURTO,0.85,43.2,CONTINUACAO_BAIXA,"Trava de Baixa, Put Debit Spread",73.0,MONITORAR_NO_RTD,Liquidez score 43.2 ≥ 30 — monitorar confirmação via RTD.
ITUB4,ITUBQ518W5,PUT,51.86,2026-05-29,2,CURTO,10.72,93.5,RECUPERACAO_APOS_QUEDA,"Call Longa, Trava de Alta, Call Debit Spread",73.0,CANDIDATA_PROXIMO_PREGAO,Liquidez score 93.5 ≥ 50 com vencimento CURTO — candidata para próximo pregão.
SUZB3,SUZBR464,PUT,46.42,2026-06-19,23,CURTO,3.33,93.2,RECUPERACAO_APOS_QUEDA,"Call Longa, Trava de Alta, Call Debit Spread",73.0,CANDIDATA_PROXIMO_PREGAO,Liquidez score 93.2 ≥ 50 com vencimento CURTO — candidata para próximo pregão.
ITUB4,ITUBF422,CALL,41.94,2026-06-19,23,CURTO,0.35,60.0,RECUPERACAO_APOS_QUEDA,"Call Longa, Trava de Alta, Call Debit Spread",73.0,CANDIDATA_PROXIMO_PREGAO,Liquidez score 60.0 ≥ 50 com vencimento CURTO — candidata para próximo pregão.
PETR4,PETRF557,CALL,55.19,2026-06-19,23,CURTO,0.08,93.3,CONTINUACAO_BAIXA,"Trava de Baixa, Put Debit Spread",73.0,CANDIDATA_PROXIMO_PREGAO,Liquidez score 93.3 ≥ 50 com vencimento CURTO — candidata para próximo pregão.
CPLE6,CPLEF154,CALL,15.28,2026-06-19,23,CURTO,0.3,59.6,CONTINUACAO_ALTA,"Trava de Alta, Call Debit Spread",72.9,CANDIDATA_PROXIMO_PREGAO,Liquidez score 59.6 ≥ 50 com vencimento CURTO — candidata para próximo pregão.
WEGE3,WEGER417,PUT,41.78,2026-06-19,23,CURTO,0.81,59.8,RECUPERACAO_APOS_QUEDA,"Call Longa, Trava de Alta, Call Debit Spread",72.9,CANDIDATA_PROXIMO_PREGAO,Liquidez score 59.8 ≥ 50 com vencimento CURTO — candidata para próximo pregão.
BBAS3,BBASF207W1,CALL,20.76,2026-06-05,9,CURTO,0.55,43.0,RECUPERACAO_APOS_QUEDA,"Call Longa, Trava de Alta, Call Debit Spread",72.9,MONITORAR_NO_RTD,Liquidez score 43.0 ≥ 30 — monitorar confirmação via RTD.
ABEV3,ABEVG164,CALL,16.42,2026-07-17,51,MEDIO,0.6,59.6,CONTINUACAO_ALTA,"Trava de Alta, Call Debit Spread",72.9,MONITORAR_NO_RTD,Liquidez score 59.6 ≥ 30 — monitorar confirmação via RTD.
ITUB4,ITUBR422,PUT,41.94,2026-06-19,23,CURTO,2.5,76.1,RECUPERACAO_APOS_QUEDA,"Call Longa, Trava de Alta, Call Debit Spread",72.8,CANDIDATA_PROXIMO_PREGAO,Liquidez score 76.1 ≥ 50 com vencimento CURTO — candidata para próximo pregão.
BBDC4,BBDCR176W2,PUT,17.66,2026-06-12,16,CURTO,0.35,42.8,RECUPERACAO_APOS_QUEDA,"Call Longa, Trava de Alta, Call Debit Spread",72.8,MONITORAR_NO_RTD,Liquidez score 42.8 ≥ 30 — monitorar confirmação via RTD.
ABEV3,ABEVR161,PUT,15.42,2026-06-19,23,CURTO,0.15,59.5,CONTINUACAO_ALTA,"Trava de Alta, Call Debit Spread",72.8,CANDIDATA_PROXIMO_PREGAO,Liquidez score 59.5 ≥ 50 com vencimento CURTO — candidata para próximo pregão.
BBAS3,BBASR270,PUT,26.35,2026-06-19,23,CURTO,5.48,92.3,RECUPERACAO_APOS_QUEDA,"Call Longa, Trava de Alta, Call Debit Spread",72.7,CANDIDATA_PROXIMO_PREGAO,Liquidez score 92.3 ≥ 50 com vencimento CURTO — candidata para próximo pregão.
ABEV3,ABEVS164,PUT,16.42,2026-07-17,51,MEDIO,0.6,58.9,CONTINUACAO_ALTA,"Trava de Alta, Call Debit Spread",72.7,MONITORAR_NO_RTD,Liquidez score 58.9 ≥ 30 — monitorar confirmação via RTD.
GGBR4,GGBRF234,CALL,23.18,2026-06-19,23,CURTO,1.33,75.7,CONTINUACAO_ALTA,"Trava de Alta, Call Debit Spread",72.7,CANDIDATA_PROXIMO_PREGAO,Liquidez score 75.7 ≥ 50 com vencimento CURTO — candidata para próximo pregão.
BBDC4,BBDCE166W5,CALL,16.66,2026-05-29,2,CURTO,1.04,75.6,RECUPERACAO_APOS_QUEDA,"Call Longa, Trava de Alta, Call Debit Spread",72.7,CANDIDATA_PROXIMO_PREGAO,Liquidez score 75.6 ≥ 50 com vencimento CURTO — candidata para próximo pregão.
PETR4,PETRE442W5,CALL,43.71,2026-05-29,2,CURTO,1.42,42.4,CONTINUACAO_BAIXA,"Trava de Baixa, Put Debit Spread",72.7,MONITORAR_NO_RTD,Liquidez score 42.4 ≥ 30 — monitorar confirmação via RTD.
EGIE3,EGIEF332,CALL,32.75,2026-06-19,23,CURTO,0.72,42.1,RECUPERACAO_APOS_QUEDA,"Call Longa, Trava de Alta, Call Debit Spread",72.6,MONITORAR_NO_RTD,Liquidez score 42.1 ≥ 30 — monitorar confirmação via RTD.
ITUB4,ITUBF284,CALL,27.22,2026-06-19,23,CURTO,13.72,92.0,RECUPERACAO_APOS_QUEDA,"Call Longa, Trava de Alta, Call Debit Spread",72.6,CANDIDATA_PROXIMO_PREGAO,Liquidez score 92.0 ≥ 50 com vencimento CURTO — candidata para próximo pregão.
SUZB3,SUZBF389,CALL,38.92,2026-06-19,23,CURTO,2.82,75.4,RECUPERACAO_APOS_QUEDA,"Call Longa, Trava de Alta, Call Debit Spread",72.6,CANDIDATA_PROXIMO_PREGAO,Liquidez score 75.4 ≥ 50 com vencimento CURTO — candidata para próximo pregão.
PETR4,PETRE472W5,CALL,46.71,2026-05-29,2,CURTO,0.22,58.2,CONTINUACAO_BAIXA,"Trava de Baixa, Put Debit Spread",72.5,CANDIDATA_PROXIMO_PREGAO,Liquidez score 58.2 ≥ 50 com vencimento CURTO — candidata para próximo pregão.
PETR4,PETRE485W5,CALL,47.96,2026-05-29,2,CURTO,0.08,58.4,CONTINUACAO_BAIXA,"Trava de Baixa, Put Debit Spread",72.5,CANDIDATA_PROXIMO_PREGAO,Liquidez score 58.4 ≥ 50 com vencimento CURTO — candidata para próximo pregão.
BBDC4,BBDCF11,CALL,16.51,2026-06-19,23,CURTO,1.4,74.7,RECUPERACAO_APOS_QUEDA,"Call Longa, Trava de Alta, Call Debit Spread",72.4,CANDIDATA_PROXIMO_PREGAO,Liquidez score 74.7 ≥ 50 com vencimento CURTO — candidata para próximo pregão.
RENT3,RENTG438,CALL,43.82,2026-07-17,51,MEDIO,2.9,58.0,RECUPERACAO_APOS_QUEDA,"Call Longa, Trava de Alta, Call Debit Spread",72.4,MONITORAR_NO_RTD,Liquidez score 58.0 ≥ 30 — monitorar confirmação via RTD.
ENEV3,ENEVR265,PUT,26.5,2026-06-19,23,CURTO,1.67,57.9,PROTECAO_CARTEIRA,"Protective Put, Collar",72.4,CANDIDATA_PROXIMO_PREGAO,Liquidez score 57.9 ≥ 50 com vencimento CURTO — candidata para próximo pregão.
ITUB4,ITUBF351,CALL,31.59,2026-06-19,23,CURTO,8.55,91.2,RECUPERACAO_APOS_QUEDA,"Call Longa, Trava de Alta, Call Debit Spread",72.4,CANDIDATA_PROXIMO_PREGAO,Liquidez score 91.2 ≥ 50 com vencimento CURTO — candidata para próximo pregão.
PETR4,PETRF312,CALL,30.69,2026-06-19,23,CURTO,13.55,91.2,CONTINUACAO_BAIXA,"Trava de Baixa, Put Debit Spread",72.4,CANDIDATA_PROXIMO_PREGAO,Liquidez score 91.2 ≥ 50 com vencimento CURTO — candidata para próximo pregão.
WEGE3,WEGEG457,CALL,45.71,2026-07-17,51,MEDIO,1.21,74.6,RECUPERACAO_APOS_QUEDA,"Call Longa, Trava de Alta, Call Debit Spread",72.4,MONITORAR_NO_RTD,Liquidez score 74.6 ≥ 30 — monitorar confirmação via RTD.
WEGE3,WEGEQ424W5,PUT,42.42,2026-05-29,2,CURTO,0.41,41.4,RECUPERACAO_APOS_QUEDA,"Call Longa, Trava de Alta, Call Debit Spread",72.4,MONITORAR_NO_RTD,Liquidez score 41.4 ≥ 30 — monitorar confirmação via RTD.
HAPV3,HAPVF115,CALL,11.5,2026-06-19,23,CURTO,1.06,74.7,CONTINUACAO_BAIXA,"Trava de Baixa, Put Debit Spread",72.4,CANDIDATA_PROXIMO_PREGAO,Liquidez score 74.7 ≥ 50 com vencimento CURTO — candidata para próximo pregão.
BBAS3,BBASR244,PUT,24.1,2026-06-19,23,CURTO,3.07,91.4,RECUPERACAO_APOS_QUEDA,"Call Longa, Trava de Alta, Call Debit Spread",72.4,CANDIDATA_PROXIMO_PREGAO,Liquidez score 91.4 ≥ 50 com vencimento CURTO — candidata para próximo pregão.
ENEV3,ENEVR255,PUT,25.5,2026-06-19,23,CURTO,1.14,58.0,PROTECAO_CARTEIRA,"Protective Put, Collar",72.4,CANDIDATA_PROXIMO_PREGAO,Liquidez score 58.0 ≥ 50 com vencimento CURTO — candidata para próximo pregão.
WEGE3,WEGER41,PUT,41.03,2026-06-19,23,CURTO,0.58,57.6,RECUPERACAO_APOS_QUEDA,"Call Longa, Trava de Alta, Call Debit Spread",72.3,CANDIDATA_PROXIMO_PREGAO,Liquidez score 57.6 ≥ 50 com vencimento CURTO — candidata para próximo pregão.
ITUB4,ITUBS43,PUT,43.0,2026-07-17,51,MEDIO,3.14,90.9,RECUPERACAO_APOS_QUEDA,"Call Longa, Trava de Alta, Call Debit Spread",72.3,MONITORAR_NO_RTD,Liquidez score 90.9 ≥ 30 — monitorar confirmação via RTD.
PETR4,PETRF460W1,CALL,45.46,2026-06-05,9,CURTO,0.84,57.7,CONTINUACAO_BAIXA,"Trava de Baixa, Put Debit Spread",72.3,CANDIDATA_PROXIMO_PREGAO,Liquidez score 57.7 ≥ 50 com vencimento CURTO — candidata para próximo pregão.
PETR4,PETRW452,PUT,44.68,2026-11-19,176,LONGO,3.5,74.5,CONTINUACAO_BAIXA,"Trava de Baixa, Put Debit Spread",72.3,MONITORAR_NO_RTD,Liquidez score 74.5 ≥ 30 — monitorar confirmação via RTD.
RENT3,RENTR415,PUT,41.12,2026-06-19,23,CURTO,1.0,57.8,RECUPERACAO_APOS_QUEDA,"Call Longa, Trava de Alta, Call Debit Spread",72.3,CANDIDATA_PROXIMO_PREGAO,Liquidez score 57.8 ≥ 50 com vencimento CURTO — candidata para próximo pregão.
PETR4,PETRR542,PUT,53.69,2026-06-19,23,CURTO,8.85,90.8,CONTINUACAO_BAIXA,"Trava de Baixa, Put Debit Spread",72.2,CANDIDATA_PROXIMO_PREGAO,Liquidez score 90.8 ≥ 50 com vencimento CURTO — candidata para próximo pregão.
VALE3,VALEG826,CALL,82.65,2026-07-17,51,MEDIO,4.56,90.5,LATERALIDADE,Monitorar — Iron Condor futuro,72.2,MONITORAR_NO_RTD,Liquidez score 90.5 ≥ 30 — monitorar confirmação via RTD.
BBDC4,BBDCQ206W5,PUT,20.66,2026-05-29,2,CURTO,2.9,90.5,RECUPERACAO_APOS_QUEDA,"Call Longa, Trava de Alta, Call Debit Spread",72.2,CANDIDATA_PROXIMO_PREGAO,Liquidez score 90.5 ≥ 50 com vencimento CURTO — candidata para próximo pregão.
TAEE11,TAEEG400,CALL,38.64,2026-07-17,51,MEDIO,1.86,57.5,RECUPERACAO_APOS_QUEDA,"Call Longa, Trava de Alta, Call Debit Spread",72.2,MONITORAR_NO_RTD,Liquidez score 57.5 ≥ 30 — monitorar confirmação via RTD.
ABEV3,ABEVQ174W5,PUT,17.42,2026-05-29,2,CURTO,1.16,73.9,CONTINUACAO_ALTA,"Trava de Alta, Call Debit Spread",72.2,CANDIDATA_PROXIMO_PREGAO,Liquidez score 73.9 ≥ 50 com vencimento CURTO — candidata para próximo pregão.
WEGE3,WEGEG444W4,CALL,44.46,2026-07-24,58,MEDIO,1.52,74.0,RECUPERACAO_APOS_QUEDA,"Call Longa, Trava de Alta, Call Debit Spread",72.2,MONITORAR_NO_RTD,Liquidez score 74.0 ≥ 30 — monitorar confirmação via RTD.
ITUB4,ITUBH425,CALL,42.56,2026-08-21,86,MEDIO,1.25,74.0,RECUPERACAO_APOS_QUEDA,"Call Longa, Trava de Alta, Call Debit Spread",72.2,MONITORAR_NO_RTD,Liquidez score 74.0 ≥ 30 — monitorar confirmação via RTD.
WEGE3,WEGEH435,CALL,43.46,2026-08-21,86,MEDIO,3.3,57.3,RECUPERACAO_APOS_QUEDA,"Call Longa, Trava de Alta, Call Debit Spread",72.2,MONITORAR_NO_RTD,Liquidez score 57.3 ≥ 30 — monitorar confirmação via RTD.
SUZB3,SUZBS423,PUT,42.38,2026-07-17,51,MEDIO,1.24,57.3,RECUPERACAO_APOS_QUEDA,"Call Longa, Trava de Alta, Call Debit Spread",72.2,MONITORAR_NO_RTD,Liquidez score 57.3 ≥ 30 — monitorar confirmação via RTD.
ABEV3,ABEVF146,CALL,14.67,2026-06-19,23,CURTO,1.63,73.7,CONTINUACAO_ALTA,"Trava de Alta, Call Debit Spread",72.1,CANDIDATA_PROXIMO_PREGAO,Liquidez score 73.7 ≥ 50 com vencimento CURTO — candidata para próximo pregão.
B3SA3,B3SAS183,PUT,18.39,2026-07-17,51,MEDIO,1.75,73.6,RECUPERACAO_APOS_QUEDA,"Call Longa, Trava de Alta, Call Debit Spread",72.1,MONITORAR_NO_RTD,Liquidez score 73.6 ≥ 30 — monitorar confirmação via RTD.
BPAC11,BPACH540,CALL,54.02,2026-08-21,86,MEDIO,4.32,56.9,RECUPERACAO_APOS_QUEDA,"Call Longa, Trava de Alta, Call Debit Spread",72.1,MONITORAR_NO_RTD,Liquidez score 56.9 ≥ 30 — monitorar confirmação via RTD.
BBAS3,BBASF231,CALL,22.85,2026-06-19,23,CURTO,0.1,57.0,RECUPERACAO_APOS_QUEDA,"Call Longa, Trava de Alta, Call Debit Spread",72.1,CANDIDATA_PROXIMO_PREGAO,Liquidez score 57.0 ≥ 50 com vencimento CURTO — candidata para próximo pregão.
RENT3,RENTF500,CALL,49.62,2026-06-19,23,CURTO,0.41,90.4,RECUPERACAO_APOS_QUEDA,"Call Longa, Trava de Alta, Call Debit Spread",72.1,CANDIDATA_PROXIMO_PREGAO,Liquidez score 90.4 ≥ 50 com vencimento CURTO — candidata para próximo pregão.
GGBR4,GGBRF249,CALL,24.68,2026-06-19,23,CURTO,0.51,57.0,CONTINUACAO_ALTA,"Trava de Alta, Call Debit Spread",72.1,CANDIDATA_PROXIMO_PREGAO,Liquidez score 57.0 ≥ 50 com vencimento CURTO — candidata para próximo pregão.
WEGE3,WEGEE424W5,CALL,42.42,2026-05-29,2,CURTO,1.2,40.4,RECUPERACAO_APOS_QUEDA,"Call Longa, Trava de Alta, Call Debit Spread",72.1,MONITORAR_NO_RTD,Liquidez score 40.4 ≥ 30 — monitorar confirmação via RTD.
ITUB4,ITUBF435,CALL,43.19,2026-06-19,23,CURTO,0.18,57.1,RECUPERACAO_APOS_QUEDA,"Call Longa, Trava de Alta, Call Debit Spread",72.1,CANDIDATA_PROXIMO_PREGAO,Liquidez score 57.1 ≥ 50 com vencimento CURTO — candidata para próximo pregão.
BPAC11,BPACR525,PUT,52.55,2026-06-19,23,CURTO,1.1,57.0,RECUPERACAO_APOS_QUEDA,"Call Longa, Trava de Alta, Call Debit Spread",72.1,CANDIDATA_PROXIMO_PREGAO,Liquidez score 57.0 ≥ 50 com vencimento CURTO — candidata para próximo pregão.
BBDC4,BBDCG194,CALL,19.16,2026-07-17,51,MEDIO,0.3,73.3,RECUPERACAO_APOS_QUEDA,"Call Longa, Trava de Alta, Call Debit Spread",72.0,MONITORAR_NO_RTD,Liquidez score 73.3 ≥ 30 — monitorar confirmação via RTD.
BBAS3,BBASU211,PUT,21.18,2026-09-18,114,LONGO,1.2,73.2,RECUPERACAO_APOS_QUEDA,"Call Longa, Trava de Alta, Call Debit Spread",72.0,MONITORAR_NO_RTD,Liquidez score 73.2 ≥ 30 — monitorar confirmação via RTD.
PETR4,PETRR787,PUT,78.19,2026-06-19,23,CURTO,27.54,90.0,CONTINUACAO_BAIXA,"Trava de Baixa, Put Debit Spread",72.0,CANDIDATA_PROXIMO_PREGAO,Liquidez score 90.0 ≥ 50 com vencimento CURTO — candidata para próximo pregão.
ABEV3,ABEVF151,CALL,15.17,2026-06-19,23,CURTO,1.22,73.2,CONTINUACAO_ALTA,"Trava de Alta, Call Debit Spread",72.0,CANDIDATA_PROXIMO_PREGAO,Liquidez score 73.2 ≥ 50 com vencimento CURTO — candidata para próximo pregão.
ITUB4,ITUBR431W2,PUT,43.11,2026-06-12,16,CURTO,2.6,73.4,RECUPERACAO_APOS_QUEDA,"Call Longa, Trava de Alta, Call Debit Spread",72.0,CANDIDATA_PROXIMO_PREGAO,Liquidez score 73.4 ≥ 50 com vencimento CURTO — candidata para próximo pregão.
PETR4,PETRF485,CALL,47.96,2026-06-19,23,CURTO,3.52,56.7,CONTINUACAO_BAIXA,"Trava de Baixa, Put Debit Spread",72.0,CANDIDATA_PROXIMO_PREGAO,Liquidez score 56.7 ≥ 50 com vencimento CURTO — candidata para próximo pregão.
PRIO3,PRIOF735,CALL,73.5,2026-06-19,23,CURTO,1.52,90.0,LATERALIDADE,Monitorar — Iron Condor futuro,72.0,CANDIDATA_PROXIMO_PREGAO,Liquidez score 90.0 ≥ 50 com vencimento CURTO — candidata para próximo pregão.
BPAC11,BPACF575,CALL,57.55,2026-06-19,23,CURTO,0.72,56.6,RECUPERACAO_APOS_QUEDA,"Call Longa, Trava de Alta, Call Debit Spread",72.0,CANDIDATA_PROXIMO_PREGAO,Liquidez score 56.6 ≥ 50 com vencimento CURTO — candidata para próximo pregão.
ITUB4,ITUBR415,PUT,41.19,2026-06-19,23,CURTO,1.83,73.5,RECUPERACAO_APOS_QUEDA,"Call Longa, Trava de Alta, Call Debit Spread",72.0,CANDIDATA_PROXIMO_PREGAO,Liquidez score 73.5 ≥ 50 com vencimento CURTO — candidata para próximo pregão.
WEGE3,WEGEH405,CALL,40.46,2026-08-21,86,MEDIO,5.92,90.0,RECUPERACAO_APOS_QUEDA,"Call Longa, Trava de Alta, Call Debit Spread",72.0,MONITORAR_NO_RTD,Liquidez score 90.0 ≥ 30 — monitorar confirmação via RTD.
BBDC4,BBDCT186,PUT,17.64,2026-08-21,86,MEDIO,0.74,56.6,RECUPERACAO_APOS_QUEDA,"Call Longa, Trava de Alta, Call Debit Spread",72.0,MONITORAR_NO_RTD,Liquidez score 56.6 ≥ 30 — monitorar confirmação via RTD.
ENEV3,ENEVG255,CALL,25.5,2026-07-17,51,MEDIO,1.52,56.5,PROTECAO_CARTEIRA,"Protective Put, Collar",72.0,MONITORAR_NO_RTD,Liquidez score 56.5 ≥ 30 — monitorar confirmação via RTD.
BBAS3,BBASQ216W5,PUT,21.6,2026-05-29,2,CURTO,0.71,72.9,RECUPERACAO_APOS_QUEDA,"Call Longa, Trava de Alta, Call Debit Spread",71.9,CANDIDATA_PROXIMO_PREGAO,Liquidez score 72.9 ≥ 50 com vencimento CURTO — candidata para próximo pregão.
SUZB3,SUZBS418,PUT,41.88,2026-07-17,51,MEDIO,1.06,56.3,RECUPERACAO_APOS_QUEDA,"Call Longa, Trava de Alta, Call Debit Spread",71.9,MONITORAR_NO_RTD,Liquidez score 56.3 ≥ 30 — monitorar confirmação via RTD.
SUZB3,SUZBR426,PUT,42.67,2026-06-19,23,CURTO,1.22,72.9,RECUPERACAO_APOS_QUEDA,"Call Longa, Trava de Alta, Call Debit Spread",71.9,CANDIDATA_PROXIMO_PREGAO,Liquidez score 72.9 ≥ 50 com vencimento CURTO — candidata para próximo pregão.
RENT3,RENTG428,CALL,42.82,2026-07-17,51,MEDIO,3.43,56.4,RECUPERACAO_APOS_QUEDA,"Call Longa, Trava de Alta, Call Debit Spread",71.9,MONITORAR_NO_RTD,Liquidez score 56.4 ≥ 30 — monitorar confirmação via RTD.
ENEV3,ENEVR262,PUT,26.25,2026-06-19,23,CURTO,2.16,56.2,PROTECAO_CARTEIRA,"Protective Put, Collar",71.9,CANDIDATA_PROXIMO_PREGAO,Liquidez score 56.2 ≥ 50 com vencimento CURTO — candidata para próximo pregão.
PETR4,PETRF470W1,CALL,46.46,2026-06-05,9,CURTO,0.52,56.0,CONTINUACAO_BAIXA,"Trava de Baixa, Put Debit Spread",71.8,CANDIDATA_PROXIMO_PREGAO,Liquidez score 56.0 ≥ 50 com vencimento CURTO — candidata para próximo pregão.
B3SA3,B3SAE173W5,CALL,17.31,2026-05-29,2,CURTO,0.14,39.3,RECUPERACAO_APOS_QUEDA,"Call Longa, Trava de Alta, Call Debit Spread",71.8,MONITORAR_NO_RTD,Liquidez score 39.3 ≥ 30 — monitorar confirmação via RTD.
WEGE3,WEGER440,PUT,43.03,2026-06-19,23,CURTO,1.24,39.4,RECUPERACAO_APOS_QUEDA,"Call Longa, Trava de Alta, Call Debit Spread",71.8,MONITORAR_NO_RTD,Liquidez score 39.4 ≥ 30 — monitorar confirmação via RTD.
PETR4,PETRF465W1,CALL,45.96,2026-06-05,9,CURTO,0.68,56.0,CONTINUACAO_BAIXA,"Trava de Baixa, Put Debit Spread",71.8,CANDIDATA_PROXIMO_PREGAO,Liquidez score 56.0 ≥ 50 com vencimento CURTO — candidata para próximo pregão.
HAPV3,HAPVF112,CALL,11.25,2026-06-19,23,CURTO,1.21,72.5,CONTINUACAO_BAIXA,"Trava de Baixa, Put Debit Spread",71.8,CANDIDATA_PROXIMO_PREGAO,Liquidez score 72.5 ≥ 50 com vencimento CURTO — candidata para próximo pregão.
SUZB3,SUZBG423,CALL,42.38,2026-07-17,51,MEDIO,1.65,56.0,RECUPERACAO_APOS_QUEDA,"Call Longa, Trava de Alta, Call Debit Spread",71.8,MONITORAR_NO_RTD,Liquidez score 56.0 ≥ 30 — monitorar confirmação via RTD.
SUZB3,SUZBR596,PUT,59.67,2026-06-19,23,CURTO,15.64,89.3,RECUPERACAO_APOS_QUEDA,"Call Longa, Trava de Alta, Call Debit Spread",71.8,CANDIDATA_PROXIMO_PREGAO,Liquidez score 89.3 ≥ 50 com vencimento CURTO — candidata para próximo pregão.
SUZB3,SUZBR540,PUT,51.17,2026-06-19,23,CURTO,8.7,89.3,RECUPERACAO_APOS_QUEDA,"Call Longa, Trava de Alta, Call Debit Spread",71.8,CANDIDATA_PROXIMO_PREGAO,Liquidez score 89.3 ≥ 50 com vencimento CURTO — candidata para próximo pregão.
WEGE3,WEGEG442,CALL,44.21,2026-07-17,51,MEDIO,1.72,72.6,RECUPERACAO_APOS_QUEDA,"Call Longa, Trava de Alta, Call Debit Spread",71.8,MONITORAR_NO_RTD,Liquidez score 72.6 ≥ 30 — monitorar confirmação via RTD.
ITUB4,ITUBR477,PUT,47.44,2026-06-19,23,CURTO,7.01,89.1,RECUPERACAO_APOS_QUEDA,"Call Longa, Trava de Alta, Call Debit Spread",71.7,CANDIDATA_PROXIMO_PREGAO,Liquidez score 89.1 ≥ 50 com vencimento CURTO — candidata para próximo pregão.
B3SA3,B3SAG177,CALL,17.89,2026-07-17,51,MEDIO,0.53,55.6,RECUPERACAO_APOS_QUEDA,"Call Longa, Trava de Alta, Call Debit Spread",71.7,MONITORAR_NO_RTD,Liquidez score 55.6 ≥ 30 — monitorar confirmação via RTD.
PETR4,PETRF460,CALL,45.46,2026-06-19,23,CURTO,5.05,55.5,CONTINUACAO_BAIXA,"Trava de Baixa, Put Debit Spread",71.7,CANDIDATA_PROXIMO_PREGAO,Liquidez score 55.5 ≥ 50 com vencimento CURTO — candidata para próximo pregão.
RENT3,RENTG433,CALL,43.32,2026-07-17,51,MEDIO,3.27,55.6,RECUPERACAO_APOS_QUEDA,"Call Longa, Trava de Alta, Call Debit Spread",71.7,MONITORAR_NO_RTD,Liquidez score 55.6 ≥ 30 — monitorar confirmação via RTD.
BBDC4,BBDCR201,PUT,19.51,2026-06-19,23,CURTO,1.76,72.4,RECUPERACAO_APOS_QUEDA,"Call Longa, Trava de Alta, Call Debit Spread",71.7,CANDIDATA_PROXIMO_PREGAO,Liquidez score 72.4 ≥ 50 com vencimento CURTO — candidata para próximo pregão.
PETR4,PETRE475W5,CALL,46.96,2026-05-29,2,CURTO,0.18,55.7,CONTINUACAO_BAIXA,"Trava de Baixa, Put Debit Spread",71.7,CANDIDATA_PROXIMO_PREGAO,Liquidez score 55.7 ≥ 50 com vencimento CURTO — candidata para próximo pregão.
BBDC4,BBDCE171W5,CALL,17.16,2026-05-29,2,CURTO,0.6,72.4,RECUPERACAO_APOS_QUEDA,"Call Longa, Trava de Alta, Call Debit Spread",71.7,CANDIDATA_PROXIMO_PREGAO,Liquidez score 72.4 ≥ 50 com vencimento CURTO — candidata para próximo pregão.
ITUB4,ITUBK431,CALL,39.4,2026-11-19,176,LONGO,3.81,72.0,RECUPERACAO_APOS_QUEDA,"Call Longa, Trava de Alta, Call Debit Spread",71.6,MONITORAR_NO_RTD,Liquidez score 72.0 ≥ 30 — monitorar confirmação via RTD.
SUZB3,SUZBH451,CALL,45.13,2026-08-21,86,MEDIO,1.44,72.0,RECUPERACAO_APOS_QUEDA,"Call Longa, Trava de Alta, Call Debit Spread",71.6,MONITORAR_NO_RTD,Liquidez score 72.0 ≥ 30 — monitorar confirmação via RTD.
WEGE3,WEGEF469W2,CALL,46.92,2026-06-12,16,CURTO,0.6,55.2,RECUPERACAO_APOS_QUEDA,"Call Longa, Trava de Alta, Call Debit Spread",71.6,CANDIDATA_PROXIMO_PREGAO,Liquidez score 55.2 ≥ 50 com vencimento CURTO — candidata para próximo pregão.
EGIE3,EGIES327,PUT,32.75,2026-07-17,51,MEDIO,1.11,55.2,RECUPERACAO_APOS_QUEDA,"Call Longa, Trava de Alta, Call Debit Spread",71.6,MONITORAR_NO_RTD,Liquidez score 55.2 ≥ 30 — monitorar confirmação via RTD.
PETR4,PETRF475,CALL,46.96,2026-06-19,23,CURTO,4.42,55.2,CONTINUACAO_BAIXA,"Trava de Baixa, Put Debit Spread",71.6,CANDIDATA_PROXIMO_PREGAO,Liquidez score 55.2 ≥ 50 com vencimento CURTO — candidata para próximo pregão.
BBDC4,BBDCR233,PUT,23.01,2026-06-19,23,CURTO,5.1,88.6,RECUPERACAO_APOS_QUEDA,"Call Longa, Trava de Alta, Call Debit Spread",71.6,CANDIDATA_PROXIMO_PREGAO,Liquidez score 88.6 ≥ 50 com vencimento CURTO — candidata para próximo pregão.
ITUB4,ITUBF250,CALL,24.69,2026-06-19,23,CURTO,14.65,88.8,RECUPERACAO_APOS_QUEDA,"Call Longa, Trava de Alta, Call Debit Spread",71.6,CANDIDATA_PROXIMO_PREGAO,Liquidez score 88.8 ≥ 50 com vencimento CURTO — candidata para próximo pregão.
WEGE3,WEGEG447W4,CALL,44.71,2026-07-24,58,MEDIO,1.56,72.0,RECUPERACAO_APOS_QUEDA,"Call Longa, Trava de Alta, Call Debit Spread",71.6,MONITORAR_NO_RTD,Liquidez score 72.0 ≥ 30 — monitorar confirmação via RTD.
RENT3,RENTR430,PUT,42.62,2026-06-19,23,CURTO,1.55,38.6,RECUPERACAO_APOS_QUEDA,"Call Longa, Trava de Alta, Call Debit Spread",71.6,MONITORAR_NO_RTD,Liquidez score 38.6 ≥ 30 — monitorar confirmação via RTD.
BPAC11,BPACS531,PUT,53.19,2026-07-17,51,MEDIO,1.9,55.3,RECUPERACAO_APOS_QUEDA,"Call Longa, Trava de Alta, Call Debit Spread",71.6,MONITORAR_NO_RTD,Liquidez score 55.3 ≥ 30 — monitorar confirmação via RTD.
WEGE3,WEGEG439W4,CALL,43.96,2026-07-24,58,MEDIO,1.69,72.0,RECUPERACAO_APOS_QUEDA,"Call Longa, Trava de Alta, Call Debit Spread",71.6,MONITORAR_NO_RTD,Liquidez score 72.0 ≥ 30 — monitorar confirmação via RTD.
CMIG4,CMIGR132,PUT,11.49,2026-06-19,23,CURTO,0.36,72.0,RECUPERACAO_APOS_QUEDA,"Call Longa, Trava de Alta, Call Debit Spread",71.6,CANDIDATA_PROXIMO_PREGAO,Liquidez score 72.0 ≥ 50 com vencimento CURTO — candidata para próximo pregão.
PETR4,PETRT427,PUT,42.19,2026-08-21,86,MEDIO,1.5,72.0,CONTINUACAO_BAIXA,"Trava de Baixa, Put Debit Spread",71.6,MONITORAR_NO_RTD,Liquidez score 72.0 ≥ 30 — monitorar confirmação via RTD.
PETR4,PETRE467W5,CALL,46.21,2026-05-29,2,CURTO,0.31,55.3,CONTINUACAO_BAIXA,"Trava de Baixa, Put Debit Spread",71.6,CANDIDATA_PROXIMO_PREGAO,Liquidez score 55.3 ≥ 50 com vencimento CURTO — candidata para próximo pregão.
BBDC4,BBDCI189,CALL,17.91,2026-09-18,114,LONGO,1.68,72.0,RECUPERACAO_APOS_QUEDA,"Call Longa, Trava de Alta, Call Debit Spread",71.6,MONITORAR_NO_RTD,Liquidez score 72.0 ≥ 30 — monitorar confirmação via RTD.
WEGE3,WEGEF412,CALL,41.28,2026-06-19,23,CURTO,2.29,71.6,RECUPERACAO_APOS_QUEDA,"Call Longa, Trava de Alta, Call Debit Spread",71.5,CANDIDATA_PROXIMO_PREGAO,Liquidez score 71.6 ≥ 50 com vencimento CURTO — candidata para próximo pregão.
HAPV3,HAPVR130,PUT,13.0,2026-06-19,23,CURTO,1.28,71.7,CONTINUACAO_BAIXA,"Trava de Baixa, Put Debit Spread",71.5,CANDIDATA_PROXIMO_PREGAO,Liquidez score 71.7 ≥ 50 com vencimento CURTO — candidata para próximo pregão.
GGBR4,GGBRR237,PUT,23.43,2026-06-19,23,CURTO,0.45,54.9,CONTINUACAO_ALTA,"Trava de Alta, Call Debit Spread",71.5,CANDIDATA_PROXIMO_PREGAO,Liquidez score 54.9 ≥ 50 com vencimento CURTO — candidata para próximo pregão.
BBAS3,BBASQ221W5,PUT,22.1,2026-05-29,2,CURTO,1.22,71.7,RECUPERACAO_APOS_QUEDA,"Call Longa, Trava de Alta, Call Debit Spread",71.5,CANDIDATA_PROXIMO_PREGAO,Liquidez score 71.7 ≥ 50 com vencimento CURTO — candidata para próximo pregão.
PETR4,PETRF409,CALL,40.44,2026-06-19,23,CURTO,4.58,71.7,CONTINUACAO_BAIXA,"Trava de Baixa, Put Debit Spread",71.5,CANDIDATA_PROXIMO_PREGAO,Liquidez score 71.7 ≥ 50 com vencimento CURTO — candidata para próximo pregão.
BBDC4,BBDCF140,CALL,13.49,2026-06-19,23,CURTO,2.01,88.4,RECUPERACAO_APOS_QUEDA,"Call Longa, Trava de Alta, Call Debit Spread",71.5,CANDIDATA_PROXIMO_PREGAO,Liquidez score 88.4 ≥ 50 com vencimento CURTO — candidata para próximo pregão.
VALE3,VALES841,PUT,84.15,2026-07-17,51,MEDIO,3.19,88.4,LATERALIDADE,Monitorar — Iron Condor futuro,71.5,MONITORAR_NO_RTD,Liquidez score 88.4 ≥ 30 — monitorar confirmação via RTD.
HAPV3,HAPVE130W5,CALL,13.0,2026-05-29,2,CURTO,0.09,55.0,CONTINUACAO_BAIXA,"Trava de Baixa, Put Debit Spread",71.5,CANDIDATA_PROXIMO_PREGAO,Liquidez score 55.0 ≥ 50 com vencimento CURTO — candidata para próximo pregão.
HAPV3,HAPVG130,CALL,13.0,2026-07-17,51,MEDIO,0.87,71.3,CONTINUACAO_BAIXA,"Trava de Baixa, Put Debit Spread",71.4,MONITORAR_NO_RTD,Liquidez score 71.3 ≥ 30 — monitorar confirmação via RTD.
TAEE11,TAEEG395,CALL,38.14,2026-07-17,51,MEDIO,2.05,54.6,RECUPERACAO_APOS_QUEDA,"Call Longa, Trava de Alta, Call Debit Spread",71.4,MONITORAR_NO_RTD,Liquidez score 54.6 ≥ 30 — monitorar confirmação via RTD.
PETR4,PETRF419,CALL,41.44,2026-06-19,23,CURTO,3.78,71.4,CONTINUACAO_BAIXA,"Trava de Baixa, Put Debit Spread",71.4,CANDIDATA_PROXIMO_PREGAO,Liquidez score 71.4 ≥ 50 com vencimento CURTO — candidata para próximo pregão.
PETR4,PETRF379,CALL,37.44,2026-06-19,23,CURTO,7.3,88.0,CONTINUACAO_BAIXA,"Trava de Baixa, Put Debit Spread",71.4,CANDIDATA_PROXIMO_PREGAO,Liquidez score 88.0 ≥ 50 com vencimento CURTO — candidata para próximo pregão.
SUZB3,SUZBR501,PUT,50.17,2026-06-19,23,CURTO,7.45,88.0,RECUPERACAO_APOS_QUEDA,"Call Longa, Trava de Alta, Call Debit Spread",71.4,CANDIDATA_PROXIMO_PREGAO,Liquidez score 88.0 ≥ 50 com vencimento CURTO — candidata para próximo pregão.
ITUB4,ITUBF237,CALL,23.48,2026-06-19,23,CURTO,19.79,88.0,RECUPERACAO_APOS_QUEDA,"Call Longa, Trava de Alta, Call Debit Spread",71.4,CANDIDATA_PROXIMO_PREGAO,Liquidez score 88.0 ≥ 50 com vencimento CURTO — candidata para próximo pregão.
RENT3,RENTG468,CALL,46.82,2026-07-17,51,MEDIO,1.6,71.1,RECUPERACAO_APOS_QUEDA,"Call Longa, Trava de Alta, Call Debit Spread",71.3,MONITORAR_NO_RTD,Liquidez score 71.1 ≥ 30 — monitorar confirmação via RTD.
WEGE3,WEGEF420W4,CALL,42.03,2026-06-26,30,CURTO,1.18,37.8,RECUPERACAO_APOS_QUEDA,"Call Longa, Trava de Alta, Call Debit Spread",71.3,MONITORAR_NO_RTD,Liquidez score 37.8 ≥ 30 — monitorar confirmação via RTD.
GGBR4,GGBRR232,PUT,22.93,2026-06-19,23,CURTO,0.32,54.4,CONTINUACAO_ALTA,"Trava de Alta, Call Debit Spread",71.3,CANDIDATA_PROXIMO_PREGAO,Liquidez score 54.4 ≥ 50 com vencimento CURTO — candidata para próximo pregão.
CMIG4,CMIGF132,CALL,11.49,2026-06-19,23,CURTO,0.21,54.4,RECUPERACAO_APOS_QUEDA,"Call Longa, Trava de Alta, Call Debit Spread",71.3,CANDIDATA_PROXIMO_PREGAO,Liquidez score 54.4 ≥ 50 com vencimento CURTO — candidata para próximo pregão.
CMIG4,CMIGG13,CALL,11.24,2026-07-17,51,MEDIO,0.52,54.3,RECUPERACAO_APOS_QUEDA,"Call Longa, Trava de Alta, Call Debit Spread",71.3,MONITORAR_NO_RTD,Liquidez score 54.3 ≥ 30 — monitorar confirmação via RTD.
BBAS3,BBASG218,CALL,21.51,2026-07-17,51,MEDIO,0.73,71.1,RECUPERACAO_APOS_QUEDA,"Call Longa, Trava de Alta, Call Debit Spread",71.3,MONITORAR_NO_RTD,Liquidez score 71.1 ≥ 30 — monitorar confirmação via RTD.
BBAS3,BBASQ228W5,PUT,22.85,2026-05-29,2,CURTO,1.87,70.8,RECUPERACAO_APOS_QUEDA,"Call Longa, Trava de Alta, Call Debit Spread",71.2,CANDIDATA_PROXIMO_PREGAO,Liquidez score 70.8 ≥ 50 com vencimento CURTO — candidata para próximo pregão.
BPAC11,BPACQ535W5,PUT,53.55,2026-05-29,2,CURTO,0.78,37.5,RECUPERACAO_APOS_QUEDA,"Call Longa, Trava de Alta, Call Debit Spread",71.2,MONITORAR_NO_RTD,Liquidez score 37.5 ≥ 30 — monitorar confirmação via RTD.
GGBR4,GGBRR229,PUT,22.68,2026-06-19,23,CURTO,0.27,54.1,CONTINUACAO_ALTA,"Trava de Alta, Call Debit Spread",71.2,CANDIDATA_PROXIMO_PREGAO,Liquidez score 54.1 ≥ 50 com vencimento CURTO — candidata para próximo pregão.
PETR4,PETRR522,PUT,51.69,2026-06-19,23,CURTO,7.02,87.3,CONTINUACAO_BAIXA,"Trava de Baixa, Put Debit Spread",71.2,CANDIDATA_PROXIMO_PREGAO,Liquidez score 87.3 ≥ 50 com vencimento CURTO — candidata para próximo pregão.
B3SA3,B3SAI172,CALL,17.14,2026-09-18,114,LONGO,1.94,70.5,RECUPERACAO_APOS_QUEDA,"Call Longa, Trava de Alta, Call Debit Spread",71.2,MONITORAR_NO_RTD,Liquidez score 70.5 ≥ 30 — monitorar confirmação via RTD.
WEGE3,WEGEF453,CALL,45.28,2026-06-19,23,CURTO,0.68,53.8,RECUPERACAO_APOS_QUEDA,"Call Longa, Trava de Alta, Call Debit Spread",71.1,CANDIDATA_PROXIMO_PREGAO,Liquidez score 53.8 ≥ 50 com vencimento CURTO — candidata para próximo pregão.
PETR4,PETRS492,PUT,48.69,2026-07-17,51,MEDIO,4.57,86.9,CONTINUACAO_BAIXA,"Trava de Baixa, Put Debit Spread",71.1,MONITORAR_NO_RTD,Liquidez score 86.9 ≥ 30 — monitorar confirmação via RTD.
BBAS3,BBASR298,PUT,29.85,2026-06-19,23,CURTO,9.04,87.0,RECUPERACAO_APOS_QUEDA,"Call Longa, Trava de Alta, Call Debit Spread",71.1,CANDIDATA_PROXIMO_PREGAO,Liquidez score 87.0 ≥ 50 com vencimento CURTO — candidata para próximo pregão.
B3SA3,B3SAS161,PUT,16.14,2026-07-17,51,MEDIO,0.57,53.8,RECUPERACAO_APOS_QUEDA,"Call Longa, Trava de Alta, Call Debit Spread",71.1,MONITORAR_NO_RTD,Liquidez score 53.8 ≥ 30 — monitorar confirmação via RTD.
SUZB3,SUZBF459,CALL,45.92,2026-06-19,23,CURTO,0.14,53.8,RECUPERACAO_APOS_QUEDA,"Call Longa, Trava de Alta, Call Debit Spread",71.1,CANDIDATA_PROXIMO_PREGAO,Liquidez score 53.8 ≥ 50 com vencimento CURTO — candidata para próximo pregão.
HAPV3,HAPVF132,CALL,13.25,2026-06-19,23,CURTO,0.33,53.6,CONTINUACAO_BAIXA,"Trava de Baixa, Put Debit Spread",71.1,CANDIDATA_PROXIMO_PREGAO,Liquidez score 53.6 ≥ 50 com vencimento CURTO — candidata para próximo pregão.
PETR4,PETRE404W5,CALL,40.46,2026-05-29,2,CURTO,4.17,70.4,CONTINUACAO_BAIXA,"Trava de Baixa, Put Debit Spread",71.1,CANDIDATA_PROXIMO_PREGAO,Liquidez score 70.4 ≥ 50 com vencimento CURTO — candidata para próximo pregão.
PRIO3,PRIOR625,PUT,62.5,2026-06-19,23,CURTO,0.9,86.9,LATERALIDADE,Monitorar — Iron Condor futuro,71.1,CANDIDATA_PROXIMO_PREGAO,Liquidez score 86.9 ≥ 50 com vencimento CURTO — candidata para próximo pregão.
ITUB4,ITUBH431,CALL,42.81,2026-08-21,86,MEDIO,1.3,70.4,RECUPERACAO_APOS_QUEDA,"Call Longa, Trava de Alta, Call Debit Spread",71.1,MONITORAR_NO_RTD,Liquidez score 70.4 ≥ 30 — monitorar confirmação via RTD.
WEGE3,WEGEI428,CALL,42.78,2026-09-18,114,LONGO,5.71,70.0,RECUPERACAO_APOS_QUEDA,"Call Longa, Trava de Alta, Call Debit Spread",71.0,MONITORAR_NO_RTD,Liquidez score 70.0 ≥ 30 — monitorar confirmação via RTD.
SUZB3,SUZBF456W4,CALL,45.67,2026-06-26,30,CURTO,0.39,53.5,RECUPERACAO_APOS_QUEDA,"Call Longa, Trava de Alta, Call Debit Spread",71.0,CANDIDATA_PROXIMO_PREGAO,Liquidez score 53.5 ≥ 50 com vencimento CURTO — candidata para próximo pregão.
BPAC11,BPACT535,PUT,53.52,2026-08-21,86,MEDIO,2.77,53.3,RECUPERACAO_APOS_QUEDA,"Call Longa, Trava de Alta, Call Debit Spread",71.0,MONITORAR_NO_RTD,Liquidez score 53.3 ≥ 30 — monitorar confirmação via RTD.
WEGE3,WEGEF450W4,CALL,45.03,2026-06-26,30,CURTO,0.95,53.4,RECUPERACAO_APOS_QUEDA,"Call Longa, Trava de Alta, Call Debit Spread",71.0,CANDIDATA_PROXIMO_PREGAO,Liquidez score 53.4 ≥ 50 com vencimento CURTO — candidata para próximo pregão.
ENEV3,ENEVR270,PUT,27.0,2026-06-19,23,CURTO,2.35,53.5,PROTECAO_CARTEIRA,"Protective Put, Collar",71.0,CANDIDATA_PROXIMO_PREGAO,Liquidez score 53.5 ≥ 50 com vencimento CURTO — candidata para próximo pregão.
WEGE3,WEGEF450,CALL,45.03,2026-06-19,23,CURTO,0.8,53.5,RECUPERACAO_APOS_QUEDA,"Call Longa, Trava de Alta, Call Debit Spread",71.0,CANDIDATA_PROXIMO_PREGAO,Liquidez score 53.5 ≥ 50 com vencimento CURTO — candidata para próximo pregão.
PETR4,PETRJ447,CALL,44.21,2026-10-16,142,LONGO,10.07,70.0,CONTINUACAO_BAIXA,"Trava de Baixa, Put Debit Spread",71.0,MONITORAR_NO_RTD,Liquidez score 70.0 ≥ 30 — monitorar confirmação via RTD.
WEGE3,WEGEE420W5,CALL,41.92,2026-05-29,2,CURTO,1.07,36.6,RECUPERACAO_APOS_QUEDA,"Call Longa, Trava de Alta, Call Debit Spread",71.0,MONITORAR_NO_RTD,Liquidez score 36.6 ≥ 30 — monitorar confirmação via RTD.
B3SA3,B3SAR225,PUT,22.47,2026-06-19,23,CURTO,5.57,70.0,RECUPERACAO_APOS_QUEDA,"Call Longa, Trava de Alta, Call Debit Spread",71.0,CANDIDATA_PROXIMO_PREGAO,Liquidez score 70.0 ≥ 50 com vencimento CURTO — candidata para próximo pregão.
WEGE3,WEGEG444,CALL,42.46,2026-07-17,51,MEDIO,2.68,53.4,RECUPERACAO_APOS_QUEDA,"Call Longa, Trava de Alta, Call Debit Spread",71.0,MONITORAR_NO_RTD,Liquidez score 53.4 ≥ 30 — monitorar confirmação via RTD.
WEGE3,WEGER418,PUT,40.03,2026-06-19,23,CURTO,0.37,53.2,RECUPERACAO_APOS_QUEDA,"Call Longa, Trava de Alta, Call Debit Spread",71.0,CANDIDATA_PROXIMO_PREGAO,Liquidez score 53.2 ≥ 50 com vencimento CURTO — candidata para próximo pregão.
SUZB3,SUZBR420W2,PUT,42.0,2026-06-12,16,CURTO,0.99,36.4,RECUPERACAO_APOS_QUEDA,"Call Longa, Trava de Alta, Call Debit Spread",70.9,MONITORAR_NO_RTD,Liquidez score 36.4 ≥ 30 — monitorar confirmação via RTD.
ITUB4,ITUBH426,CALL,42.31,2026-08-21,86,MEDIO,1.37,69.6,RECUPERACAO_APOS_QUEDA,"Call Longa, Trava de Alta, Call Debit Spread",70.9,MONITORAR_NO_RTD,Liquidez score 69.6 ≥ 30 — monitorar confirmação via RTD.
ENEV3,ENEVS275,PUT,27.5,2026-07-17,51,MEDIO,1.59,69.7,PROTECAO_CARTEIRA,"Protective Put, Collar",70.9,MONITORAR_NO_RTD,Liquidez score 69.7 ≥ 30 — monitorar confirmação via RTD.
GGBR4,GGBRR234,PUT,23.18,2026-06-19,23,CURTO,0.38,53.0,CONTINUACAO_ALTA,"Trava de Alta, Call Debit Spread",70.9,CANDIDATA_PROXIMO_PREGAO,Liquidez score 53.0 ≥ 50 com vencimento CURTO — candidata para próximo pregão.
BBDC4,BBDCH189,CALL,18.39,2026-08-21,86,MEDIO,0.88,69.6,RECUPERACAO_APOS_QUEDA,"Call Longa, Trava de Alta, Call Debit Spread",70.9,MONITORAR_NO_RTD,Liquidez score 69.6 ≥ 30 — monitorar confirmação via RTD.
ITUB4,ITUBG419,CALL,38.31,2026-07-17,51,MEDIO,2.6,86.4,RECUPERACAO_APOS_QUEDA,"Call Longa, Trava de Alta, Call Debit Spread",70.9,MONITORAR_NO_RTD,Liquidez score 86.4 ≥ 30 — monitorar confirmação via RTD.
PETR4,PETRF377,CALL,37.19,2026-06-19,23,CURTO,7.63,86.2,CONTINUACAO_BAIXA,"Trava de Baixa, Put Debit Spread",70.9,CANDIDATA_PROXIMO_PREGAO,Liquidez score 86.2 ≥ 50 com vencimento CURTO — candidata para próximo pregão.
ITUB4,ITUBF192,CALL,19.22,2026-06-19,23,CURTO,27.36,86.0,RECUPERACAO_APOS_QUEDA,"Call Longa, Trava de Alta, Call Debit Spread",70.8,CANDIDATA_PROXIMO_PREGAO,Liquidez score 86.0 ≥ 50 com vencimento CURTO — candidata para próximo pregão.
HAPV3,HAPVR112,PUT,11.25,2026-06-19,23,CURTO,0.3,52.5,CONTINUACAO_BAIXA,"Trava de Baixa, Put Debit Spread",70.8,CANDIDATA_PROXIMO_PREGAO,Liquidez score 52.5 ≥ 50 com vencimento CURTO — candidata para próximo pregão.
B3SA3,B3SAR153W2,PUT,15.31,2026-06-12,16,CURTO,0.31,36.1,RECUPERACAO_APOS_QUEDA,"Call Longa, Trava de Alta, Call Debit Spread",70.8,MONITORAR_NO_RTD,Liquidez score 36.1 ≥ 30 — monitorar confirmação via RTD.
ITUB4,ITUBE406W5,CALL,40.61,2026-05-29,2,CURTO,0.23,52.7,RECUPERACAO_APOS_QUEDA,"Call Longa, Trava de Alta, Call Debit Spread",70.8,CANDIDATA_PROXIMO_PREGAO,Liquidez score 52.7 ≥ 50 com vencimento CURTO — candidata para próximo pregão.
PETR4,PETRF390,CALL,37.69,2026-06-19,23,CURTO,7.04,86.1,CONTINUACAO_BAIXA,"Trava de Baixa, Put Debit Spread",70.8,CANDIDATA_PROXIMO_PREGAO,Liquidez score 86.1 ≥ 50 com vencimento CURTO — candidata para próximo pregão.
PRIO3,PRIOR630,PUT,63.0,2026-06-19,23,CURTO,1.02,86.1,LATERALIDADE,Monitorar — Iron Condor futuro,70.8,CANDIDATA_PROXIMO_PREGAO,Liquidez score 86.1 ≥ 50 com vencimento CURTO — candidata para próximo pregão.
GGBR4,GGBRR240W1,PUT,23.82,2026-06-05,9,CURTO,0.4,36.1,CONTINUACAO_ALTA,"Trava de Alta, Call Debit Spread",70.8,MONITORAR_NO_RTD,Liquidez score 36.1 ≥ 30 — monitorar confirmação via RTD.
PETR4,PETRR687,PUT,68.19,2026-06-19,23,CURTO,22.17,85.8,CONTINUACAO_BAIXA,"Trava de Baixa, Put Debit Spread",70.7,CANDIDATA_PROXIMO_PREGAO,Liquidez score 85.8 ≥ 50 com vencimento CURTO — candidata para próximo pregão.
PETR4,PETRU449,PUT,44.44,2026-09-18,114,LONGO,2.16,68.9,CONTINUACAO_BAIXA,"Trava de Baixa, Put Debit Spread",70.7,MONITORAR_NO_RTD,Liquidez score 68.9 ≥ 30 — monitorar confirmação via RTD.
BBAS3,BBASF234,CALL,23.1,2026-06-19,23,CURTO,0.08,52.3,RECUPERACAO_APOS_QUEDA,"Call Longa, Trava de Alta, Call Debit Spread",70.7,CANDIDATA_PROXIMO_PREGAO,Liquidez score 52.3 ≥ 50 com vencimento CURTO — candidata para próximo pregão.
VALE3,VALEQ840W5,PUT,84.0,2026-05-29,2,CURTO,1.67,69.1,LATERALIDADE,Monitorar — Iron Condor futuro,70.7,CANDIDATA_PROXIMO_PREGAO,Liquidez score 69.1 ≥ 50 com vencimento CURTO — candidata para próximo pregão.
BBAS3,BBASR983,PUT,98.1,2026-06-19,23,CURTO,76.65,85.6,RECUPERACAO_APOS_QUEDA,"Call Longa, Trava de Alta, Call Debit Spread",70.7,CANDIDATA_PROXIMO_PREGAO,Liquidez score 85.6 ≥ 50 com vencimento CURTO — candidata para próximo pregão.
PETR4,PETRQ440W5,PUT,43.46,2026-05-29,2,CURTO,0.44,52.0,CONTINUACAO_BAIXA,"Trava de Baixa, Put Debit Spread",70.6,CANDIDATA_PROXIMO_PREGAO,Liquidez score 52.0 ≥ 50 com vencimento CURTO — candidata para próximo pregão.
EGIE3,EGIER327,PUT,32.25,2026-06-19,23,CURTO,0.7,35.0,RECUPERACAO_APOS_QUEDA,"Call Longa, Trava de Alta, Call Debit Spread",70.5,MONITORAR_NO_RTD,Liquidez score 35.0 ≥ 30 — monitorar confirmação via RTD.
PETR4,PETRQ427W5,PUT,42.21,2026-05-29,2,CURTO,0.2,51.8,CONTINUACAO_BAIXA,"Trava de Baixa, Put Debit Spread",70.5,CANDIDATA_PROXIMO_PREGAO,Liquidez score 51.8 ≥ 50 com vencimento CURTO — candidata para próximo pregão.
BPAC11,BPACS581,PUT,58.19,2026-07-17,51,MEDIO,5.1,84.9,RECUPERACAO_APOS_QUEDA,"Call Longa, Trava de Alta, Call Debit Spread",70.5,MONITORAR_NO_RTD,Liquidez score 84.9 ≥ 30 — monitorar confirmação via RTD.
BPAC11,BPACS546,PUT,54.69,2026-07-17,51,MEDIO,2.59,51.5,RECUPERACAO_APOS_QUEDA,"Call Longa, Trava de Alta, Call Debit Spread",70.5,MONITORAR_NO_RTD,Liquidez score 51.5 ≥ 30 — monitorar confirmação via RTD.
ITUB4,ITUBE403W5,CALL,40.36,2026-05-29,2,CURTO,0.23,51.2,RECUPERACAO_APOS_QUEDA,"Call Longa, Trava de Alta, Call Debit Spread",70.4,CANDIDATA_PROXIMO_PREGAO,Liquidez score 51.2 ≥ 50 com vencimento CURTO — candidata para próximo pregão.
WEGE3,WEGEF455W4,CALL,45.53,2026-06-26,30,CURTO,0.55,51.4,RECUPERACAO_APOS_QUEDA,"Call Longa, Trava de Alta, Call Debit Spread",70.4,CANDIDATA_PROXIMO_PREGAO,Liquidez score 51.4 ≥ 50 com vencimento CURTO — candidata para próximo pregão.
HAPV3,HAPVS110,PUT,11.0,2026-07-17,51,MEDIO,0.5,68.0,CONTINUACAO_BAIXA,"Trava de Baixa, Put Debit Spread",70.4,MONITORAR_NO_RTD,Liquidez score 68.0 ≥ 30 — monitorar confirmação via RTD.
ITUB4,ITUBR520,PUT,51.69,2026-06-19,23,CURTO,11.06,84.8,RECUPERACAO_APOS_QUEDA,"Call Longa, Trava de Alta, Call Debit Spread",70.4,CANDIDATA_PROXIMO_PREGAO,Liquidez score 84.8 ≥ 50 com vencimento CURTO — candidata para próximo pregão.
EGIE3,EGIEF352,CALL,34.75,2026-06-19,23,CURTO,0.18,51.3,RECUPERACAO_APOS_QUEDA,"Call Longa, Trava de Alta, Call Debit Spread",70.4,CANDIDATA_PROXIMO_PREGAO,Liquidez score 51.3 ≥ 50 com vencimento CURTO — candidata para próximo pregão.
RENT3,RENTF473,CALL,46.87,2026-06-19,23,CURTO,0.88,51.2,RECUPERACAO_APOS_QUEDA,"Call Longa, Trava de Alta, Call Debit Spread",70.4,CANDIDATA_PROXIMO_PREGAO,Liquidez score 51.2 ≥ 50 com vencimento CURTO — candidata para próximo pregão.
ITUB4,ITUBF437,CALL,43.44,2026-06-19,23,CURTO,0.18,51.2,RECUPERACAO_APOS_QUEDA,"Call Longa, Trava de Alta, Call Debit Spread",70.4,CANDIDATA_PROXIMO_PREGAO,Liquidez score 51.2 ≥ 50 com vencimento CURTO — candidata para próximo pregão.
RENT3,RENTS433,PUT,43.32,2026-07-17,51,MEDIO,1.87,50.9,RECUPERACAO_APOS_QUEDA,"Call Longa, Trava de Alta, Call Debit Spread",70.3,MONITORAR_NO_RTD,Liquidez score 50.9 ≥ 30 — monitorar confirmação via RTD.
BBAS3,BBASR253,PUT,25.35,2026-06-19,23,CURTO,4.33,84.5,RECUPERACAO_APOS_QUEDA,"Call Longa, Trava de Alta, Call Debit Spread",70.3,CANDIDATA_PROXIMO_PREGAO,Liquidez score 84.5 ≥ 50 com vencimento CURTO — candidata para próximo pregão.
ENEV3,ENEVR257,PUT,25.75,2026-06-19,23,CURTO,1.33,51.0,PROTECAO_CARTEIRA,"Protective Put, Collar",70.3,CANDIDATA_PROXIMO_PREGAO,Liquidez score 51.0 ≥ 50 com vencimento CURTO — candidata para próximo pregão.
WEGE3,WEGEG437,CALL,43.71,2026-07-17,51,MEDIO,1.93,67.7,RECUPERACAO_APOS_QUEDA,"Call Longa, Trava de Alta, Call Debit Spread",70.3,MONITORAR_NO_RTD,Liquidez score 67.7 ≥ 30 — monitorar confirmação via RTD.
PETR4,PETRR702,PUT,69.69,2026-06-19,23,CURTO,23.75,84.2,CONTINUACAO_BAIXA,"Trava de Baixa, Put Debit Spread",70.3,CANDIDATA_PROXIMO_PREGAO,Liquidez score 84.2 ≥ 50 com vencimento CURTO — candidata para próximo pregão.
PETR4,PETRF362,CALL,35.69,2026-06-19,23,CURTO,9.06,84.5,CONTINUACAO_BAIXA,"Trava de Baixa, Put Debit Spread",70.3,CANDIDATA_PROXIMO_PREGAO,Liquidez score 84.5 ≥ 50 com vencimento CURTO — candidata para próximo pregão.
BPAC11,BPACF580,CALL,58.05,2026-06-19,23,CURTO,0.62,50.5,RECUPERACAO_APOS_QUEDA,"Call Longa, Trava de Alta, Call Debit Spread",70.2,CANDIDATA_PROXIMO_PREGAO,Liquidez score 50.5 ≥ 50 com vencimento CURTO — candidata para próximo pregão.
GGBR4,GGBRF177,CALL,17.43,2026-06-19,23,CURTO,6.59,84.0,CONTINUACAO_ALTA,"Trava de Alta, Call Debit Spread",70.2,CANDIDATA_PROXIMO_PREGAO,Liquidez score 84.0 ≥ 50 com vencimento CURTO — candidata para próximo pregão.
BPAC11,BPACF496,CALL,49.05,2026-06-19,23,CURTO,7.85,67.5,RECUPERACAO_APOS_QUEDA,"Call Longa, Trava de Alta, Call Debit Spread",70.2,CANDIDATA_PROXIMO_PREGAO,Liquidez score 67.5 ≥ 50 com vencimento CURTO — candidata para próximo pregão.
ENEV3,ENEVS240,PUT,24.0,2026-07-17,51,MEDIO,0.94,50.5,PROTECAO_CARTEIRA,"Protective Put, Collar",70.2,MONITORAR_NO_RTD,Liquidez score 50.5 ≥ 30 — monitorar confirmação via RTD.
BBAS3,BBASS218,PUT,21.51,2026-07-17,51,MEDIO,0.93,84.0,RECUPERACAO_APOS_QUEDA,"Call Longa, Trava de Alta, Call Debit Spread",70.2,MONITORAR_NO_RTD,Liquidez score 84.0 ≥ 30 — monitorar confirmação via RTD.
HAPV3,HAPVR115,PUT,11.5,2026-06-19,23,CURTO,0.43,50.7,CONTINUACAO_BAIXA,"Trava de Baixa, Put Debit Spread",70.2,CANDIDATA_PROXIMO_PREGAO,Liquidez score 50.7 ≥ 50 com vencimento CURTO — candidata para próximo pregão.
BBDC4,BBDCF201,CALL,19.51,2026-06-19,23,CURTO,0.08,50.8,RECUPERACAO_APOS_QUEDA,"Call Longa, Trava de Alta, Call Debit Spread",70.2,CANDIDATA_PROXIMO_PREGAO,Liquidez score 50.8 ≥ 50 com vencimento CURTO — candidata para próximo pregão.
BBAS3,BBASR406,PUT,40.6,2026-06-19,23,CURTO,19.28,84.0,RECUPERACAO_APOS_QUEDA,"Call Longa, Trava de Alta, Call Debit Spread",70.2,CANDIDATA_PROXIMO_PREGAO,Liquidez score 84.0 ≥ 50 com vencimento CURTO — candidata para próximo pregão.
BPAC11,BPACR510,PUT,51.05,2026-06-19,23,CURTO,0.69,50.4,RECUPERACAO_APOS_QUEDA,"Call Longa, Trava de Alta, Call Debit Spread",70.1,CANDIDATA_PROXIMO_PREGAO,Liquidez score 50.4 ≥ 50 com vencimento CURTO — candidata para próximo pregão.
BPAC11,BPACS536,PUT,53.69,2026-07-17,51,MEDIO,2.15,50.2,RECUPERACAO_APOS_QUEDA,"Call Longa, Trava de Alta, Call Debit Spread",70.1,MONITORAR_NO_RTD,Liquidez score 50.2 ≥ 30 — monitorar confirmação via RTD.
BBAS3,BBASQ226W5,PUT,22.6,2026-05-29,2,CURTO,1.64,66.9,RECUPERACAO_APOS_QUEDA,"Call Longa, Trava de Alta, Call Debit Spread",70.1,CANDIDATA_PROXIMO_PREGAO,Liquidez score 66.9 ≥ 50 com vencimento CURTO — candidata para próximo pregão.
B3SA3,B3SAF11,CALL,11.47,2026-06-19,23,CURTO,4.53,67.0,RECUPERACAO_APOS_QUEDA,"Call Longa, Trava de Alta, Call Debit Spread",70.1,CANDIDATA_PROXIMO_PREGAO,Liquidez score 67.0 ≥ 50 com vencimento CURTO — candidata para próximo pregão.
WEGE3,WEGEG442W4,CALL,44.21,2026-07-24,58,MEDIO,1.76,66.9,RECUPERACAO_APOS_QUEDA,"Call Longa, Trava de Alta, Call Debit Spread",70.1,MONITORAR_NO_RTD,Liquidez score 66.9 ≥ 30 — monitorar confirmação via RTD.
PRIO3,PRIOF635,CALL,63.5,2026-06-19,23,CURTO,6.08,100.0,LATERALIDADE,Monitorar — Iron Condor futuro,70.0,CANDIDATA_PROXIMO_PREGAO,Liquidez score 100.0 ≥ 50 com vencimento CURTO — candidata para próximo pregão.
PETR4,PETRG440,CALL,36.69,2026-07-17,51,MEDIO,8.53,100.0,CONTINUACAO_BAIXA,"Trava de Baixa, Put Debit Spread",70.0,MONITORAR_NO_RTD,Liquidez score 100.0 ≥ 30 — monitorar confirmação via RTD.
HAPV3,HAPVF127,CALL,12.75,2026-06-19,23,CURTO,0.46,50.0,CONTINUACAO_BAIXA,"Trava de Baixa, Put Debit Spread",70.0,CANDIDATA_PROXIMO_PREGAO,Liquidez score 50.0 ≥ 50 com vencimento CURTO — candidata para próximo pregão.
PETR4,PETRG342,CALL,32.94,2026-07-17,51,MEDIO,12.51,100.0,CONTINUACAO_BAIXA,"Trava de Baixa, Put Debit Spread",70.0,MONITORAR_NO_RTD,Liquidez score 100.0 ≥ 30 — monitorar confirmação via RTD.
PRIO3,PRIOF630,CALL,63.0,2026-06-19,23,CURTO,6.93,100.0,LATERALIDADE,Monitorar — Iron Condor futuro,70.0,CANDIDATA_PROXIMO_PREGAO,Liquidez score 100.0 ≥ 50 com vencimento CURTO — candidata para próximo pregão.
PRIO3,PRIOF670,CALL,67.0,2026-06-19,23,CURTO,4.25,100.0,LATERALIDADE,Monitorar — Iron Condor futuro,70.0,CANDIDATA_PROXIMO_PREGAO,Liquidez score 100.0 ≥ 50 com vencimento CURTO — candidata para próximo pregão.
PRIO3,PRIOF640,CALL,64.0,2026-06-19,23,CURTO,6.18,100.0,LATERALIDADE,Monitorar — Iron Condor futuro,70.0,CANDIDATA_PROXIMO_PREGAO,Liquidez score 100.0 ≥ 50 com vencimento CURTO — candidata para próximo pregão.
PRIO3,PRIOF650,CALL,65.0,2026-06-19,23,CURTO,5.57,100.0,LATERALIDADE,Monitorar — Iron Condor futuro,70.0,CANDIDATA_PROXIMO_PREGAO,Liquidez score 100.0 ≥ 50 com vencimento CURTO — candidata para próximo pregão.
PRIO3,PRIOF660,CALL,66.0,2026-06-19,23,CURTO,4.72,100.0,LATERALIDADE,Monitorar — Iron Condor futuro,70.0,CANDIDATA_PROXIMO_PREGAO,Liquidez score 100.0 ≥ 50 com vencimento CURTO — candidata para próximo pregão.
EGIE3,EGIER324,PUT,32.0,2026-06-19,23,CURTO,0.64,33.5,RECUPERACAO_APOS_QUEDA,"Call Longa, Trava de Alta, Call Debit Spread",70.0,MONITORAR_NO_RTD,Liquidez score 33.5 ≥ 30 — monitorar confirmação via RTD.
PETR4,PETRG407,CALL,40.19,2026-07-17,51,MEDIO,5.64,100.0,CONTINUACAO_BAIXA,"Trava de Baixa, Put Debit Spread",70.0,MONITORAR_NO_RTD,Liquidez score 100.0 ≥ 30 — monitorar confirmação via RTD.
PRIO3,PRIOR700,PUT,70.0,2026-06-19,23,CURTO,3.76,100.0,LATERALIDADE,Monitorar — Iron Condor futuro,70.0,CANDIDATA_PROXIMO_PREGAO,Liquidez score 100.0 ≥ 50 com vencimento CURTO — candidata para próximo pregão.
PRIO3,PRIOR645,PUT,64.5,2026-06-19,23,CURTO,1.41,83.4,LATERALIDADE,Monitorar — Iron Condor futuro,70.0,CANDIDATA_PROXIMO_PREGAO,Liquidez score 83.4 ≥ 50 com vencimento CURTO — candidata para próximo pregão.
PETR4,PETRJ421,CALL,42.17,2026-10-16,142,LONGO,6.01,100.0,CONTINUACAO_BAIXA,"Trava de Baixa, Put Debit Spread",70.0,MONITORAR_NO_RTD,Liquidez score 100.0 ≥ 30 — monitorar confirmação via RTD.
VALE3,VALES786,PUT,78.65,2026-07-17,51,MEDIO,1.29,100.0,LATERALIDADE,Monitorar — Iron Condor futuro,70.0,MONITORAR_NO_RTD,Liquidez score 100.0 ≥ 30 — monitorar confirmação via RTD.
VALE3,VALEG885,CALL,85.15,2026-07-17,51,MEDIO,3.15,100.0,LATERALIDADE,Monitorar — Iron Condor futuro,70.0,MONITORAR_NO_RTD,Liquidez score 100.0 ≥ 30 — monitorar confirmação via RTD.
VALE3,VALES806W4,PUT,80.65,2026-07-24,58,MEDIO,2.44,100.0,LATERALIDADE,Monitorar — Iron Condor futuro,70.0,MONITORAR_NO_RTD,Liquidez score 100.0 ≥ 30 — monitorar confirmação via RTD.
VALE3,VALER956,PUT,90.68,2026-06-19,23,CURTO,8.14,100.0,LATERALIDADE,Monitorar — Iron Condor futuro,70.0,CANDIDATA_PROXIMO_PREGAO,Liquidez score 100.0 ≥ 50 com vencimento CURTO — candidata para próximo pregão.
PRIO3,PRIOG700,CALL,70.0,2026-07-17,51,MEDIO,4.06,100.0,LATERALIDADE,Monitorar — Iron Condor futuro,70.0,MONITORAR_NO_RTD,Liquidez score 100.0 ≥ 30 — monitorar confirmação via RTD.
VALE3,VALEQ850W5,PUT,85.0,2026-05-29,2,CURTO,2.3,100.0,LATERALIDADE,Monitorar — Iron Condor futuro,70.0,CANDIDATA_PROXIMO_PREGAO,Liquidez score 100.0 ≥ 50 com vencimento CURTO — candidata para próximo pregão.
PRIO3,PRIOH700,CALL,70.0,2026-08-21,86,MEDIO,5.4,100.0,LATERALIDADE,Monitorar — Iron Condor futuro,70.0,MONITORAR_NO_RTD,Liquidez score 100.0 ≥ 30 — monitorar confirmação via RTD.
PETR4,PETRG390,CALL,38.44,2026-07-17,51,MEDIO,6.95,100.0,CONTINUACAO_BAIXA,"Trava de Baixa, Put Debit Spread",70.0,MONITORAR_NO_RTD,Liquidez score 100.0 ≥ 30 — monitorar confirmação via RTD.
PETR4,PETRG392,CALL,38.69,2026-07-17,51,MEDIO,6.86,100.0,CONTINUACAO_BAIXA,"Trava de Baixa, Put Debit Spread",70.0,MONITORAR_NO_RTD,Liquidez score 100.0 ≥ 30 — monitorar confirmação via RTD.
PRIO3,PRIOF730,CALL,73.0,2026-06-19,23,CURTO,1.65,83.3,LATERALIDADE,Monitorar — Iron Condor futuro,70.0,CANDIDATA_PROXIMO_PREGAO,Liquidez score 83.3 ≥ 50 com vencimento CURTO — candidata para próximo pregão.
PETR4,PETRG397,CALL,39.19,2026-07-17,51,MEDIO,6.24,100.0,CONTINUACAO_BAIXA,"Trava de Baixa, Put Debit Spread",70.0,MONITORAR_NO_RTD,Liquidez score 100.0 ≥ 30 — monitorar confirmação via RTD.
VALE3,VALES811,PUT,81.15,2026-07-17,51,MEDIO,1.98,100.0,LATERALIDADE,Monitorar — Iron Condor futuro,70.0,MONITORAR_NO_RTD,Liquidez score 100.0 ≥ 30 — monitorar confirmação via RTD.
PRIO3,PRIOG750,CALL,75.0,2026-07-17,51,MEDIO,2.32,99.9,LATERALIDADE,Monitorar — Iron Condor futuro,70.0,MONITORAR_NO_RTD,Liquidez score 99.9 ≥ 30 — monitorar confirmação via RTD.
VALE3,VALES806,PUT,80.65,2026-07-17,51,MEDIO,1.83,100.0,LATERALIDADE,Monitorar — Iron Condor futuro,70.0,MONITORAR_NO_RTD,Liquidez score 100.0 ≥ 30 — monitorar confirmação via RTD.
PETR4,PETRQ465W5,PUT,45.96,2026-05-29,2,CURTO,1.75,66.7,CONTINUACAO_BAIXA,"Trava de Baixa, Put Debit Spread",70.0,CANDIDATA_PROXIMO_PREGAO,Liquidez score 66.7 ≥ 50 com vencimento CURTO — candidata para próximo pregão.
PETR4,PETRG402,CALL,39.69,2026-07-17,51,MEDIO,6.06,100.0,CONTINUACAO_BAIXA,"Trava de Baixa, Put Debit Spread",70.0,MONITORAR_NO_RTD,Liquidez score 100.0 ≥ 30 — monitorar confirmação via RTD.
BBDC4,BBDCK178,CALL,17.18,2026-11-19,176,LONGO,2.38,100.0,RECUPERACAO_APOS_QUEDA,"Call Longa, Trava de Alta, Call Debit Spread",70.0,MONITORAR_NO_RTD,Liquidez score 100.0 ≥ 30 — monitorar confirmação via RTD.
BBDC4,BBDCS907,PUT,90.41,2026-07-17,51,MEDIO,70.48,100.0,RECUPERACAO_APOS_QUEDA,"Call Longa, Trava de Alta, Call Debit Spread",70.0,MONITORAR_NO_RTD,Liquidez score 100.0 ≥ 30 — monitorar confirmação via RTD.
BBDC4,BBDCL192,CALL,18.89,2026-12-18,205,EXTRA_LONGO,1.97,100.0,RECUPERACAO_APOS_QUEDA,"Call Longa, Trava de Alta, Call Debit Spread",70.0,MONITORAR_NO_RTD,Liquidez score 100.0 ≥ 30 — monitorar confirmação via RTD.
B3SA3,B3SAP178,PUT,17.8,2027-04-16,324,EXTRA_LONGO,1.74,100.0,RECUPERACAO_APOS_QUEDA,"Call Longa, Trava de Alta, Call Debit Spread",70.0,MONITORAR_NO_RTD,Liquidez score 100.0 ≥ 30 — monitorar confirmação via RTD.
GGBR4,GGBRG177,CALL,17.6,2026-07-17,51,MEDIO,6.14,100.0,CONTINUACAO_ALTA,"Trava de Alta, Call Debit Spread",70.0,MONITORAR_NO_RTD,Liquidez score 100.0 ≥ 30 — monitorar confirmação via RTD.
BBDC4,BBDCS173,PUT,16.66,2026-07-17,51,MEDIO,0.25,66.6,RECUPERACAO_APOS_QUEDA,"Call Longa, Trava de Alta, Call Debit Spread",70.0,MONITORAR_NO_RTD,Liquidez score 66.6 ≥ 30 — monitorar confirmação via RTD.
ITUB4,ITUBT446,PUT,44.31,2026-08-21,86,MEDIO,3.72,100.0,RECUPERACAO_APOS_QUEDA,"Call Longa, Trava de Alta, Call Debit Spread",70.0,MONITORAR_NO_RTD,Liquidez score 100.0 ≥ 30 — monitorar confirmação via RTD.
ITUB4,ITUBT476,PUT,47.31,2026-08-21,86,MEDIO,5.05,100.0,RECUPERACAO_APOS_QUEDA,"Call Longa, Trava de Alta, Call Debit Spread",70.0,MONITORAR_NO_RTD,Liquidez score 100.0 ≥ 30 — monitorar confirmação via RTD.
BBAS3,BBASS697,PUT,69.76,2026-07-17,51,MEDIO,46.63,100.0,RECUPERACAO_APOS_QUEDA,"Call Longa, Trava de Alta, Call Debit Spread",70.0,MONITORAR_NO_RTD,Liquidez score 100.0 ≥ 30 — monitorar confirmação via RTD.
GGBR4,GGBRG182,CALL,18.1,2026-07-17,51,MEDIO,5.7,100.0,CONTINUACAO_ALTA,"Trava de Alta, Call Debit Spread",70.0,MONITORAR_NO_RTD,Liquidez score 100.0 ≥ 30 — monitorar confirmação via RTD.
BBDC4,BBDCG109,CALL,9.91,2026-07-17,51,MEDIO,7.84,100.0,RECUPERACAO_APOS_QUEDA,"Call Longa, Trava de Alta, Call Debit Spread",70.0,MONITORAR_NO_RTD,Liquidez score 100.0 ≥ 30 — monitorar confirmação via RTD.
VALE3,VALES800,PUT,80.15,2026-07-17,51,MEDIO,1.67,100.0,LATERALIDADE,Monitorar — Iron Condor futuro,70.0,MONITORAR_NO_RTD,Liquidez score 100.0 ≥ 30 — monitorar confirmação via RTD.
BBAS3,BBAST114,PUT,114.27,2026-08-21,86,MEDIO,88.34,100.0,RECUPERACAO_APOS_QUEDA,"Call Longa, Trava de Alta, Call Debit Spread",70.0,MONITORAR_NO_RTD,Liquidez score 100.0 ≥ 30 — monitorar confirmação via RTD.
PETR4,PETRS405,PUT,39.94,2026-07-17,51,MEDIO,0.6,100.0,CONTINUACAO_BAIXA,"Trava de Baixa, Put Debit Spread",70.0,MONITORAR_NO_RTD,Liquidez score 100.0 ≥ 30 — monitorar confirmação via RTD.
PETR4,PETRS397,PUT,39.19,2026-07-17,51,MEDIO,0.48,100.0,CONTINUACAO_BAIXA,"Trava de Baixa, Put Debit Spread",70.0,MONITORAR_NO_RTD,Liquidez score 100.0 ≥ 30 — monitorar confirmação via RTD.
BBAS3,BBASU231,PUT,23.18,2026-09-18,114,LONGO,2.15,100.0,RECUPERACAO_APOS_QUEDA,"Call Longa, Trava de Alta, Call Debit Spread",70.0,MONITORAR_NO_RTD,Liquidez score 100.0 ≥ 30 — monitorar confirmação via RTD.
PETR4,PETRS395,PUT,38.94,2026-07-17,51,MEDIO,0.42,100.0,CONTINUACAO_BAIXA,"Trava de Baixa, Put Debit Spread",70.0,MONITORAR_NO_RTD,Liquidez score 100.0 ≥ 30 — monitorar confirmação via RTD.
TAEE11,TAEEG335,CALL,33.51,2026-07-17,51,MEDIO,10.21,100.0,RECUPERACAO_APOS_QUEDA,"Call Longa, Trava de Alta, Call Debit Spread",70.0,MONITORAR_NO_RTD,Liquidez score 100.0 ≥ 30 — monitorar confirmação via RTD.
PETR4,PETRQ430W5,PUT,42.46,2026-05-29,2,CURTO,0.23,49.9,CONTINUACAO_BAIXA,"Trava de Baixa, Put Debit Spread",70.0,MONITORAR_NO_RTD,Liquidez score 49.9 ≥ 30 — monitorar confirmação via RTD.
BBDC4,BBDCH162,CALL,15.89,2026-08-21,86,MEDIO,2.53,100.0,RECUPERACAO_APOS_QUEDA,"Call Longa, Trava de Alta, Call Debit Spread",70.0,MONITORAR_NO_RTD,Liquidez score 100.0 ≥ 30 — monitorar confirmação via RTD.
BPAC11,BPACF585,CALL,58.55,2026-06-19,23,CURTO,0.51,50.0,RECUPERACAO_APOS_QUEDA,"Call Longa, Trava de Alta, Call Debit Spread",70.0,CANDIDATA_PROXIMO_PREGAO,Liquidez score 50.0 ≥ 50 com vencimento CURTO — candidata para próximo pregão.
SUZB3,SUZBS546,PUT,54.63,2026-07-17,51,MEDIO,9.86,100.0,RECUPERACAO_APOS_QUEDA,"Call Longa, Trava de Alta, Call Debit Spread",70.0,MONITORAR_NO_RTD,Liquidez score 100.0 ≥ 30 — monitorar confirmação via RTD.
VALE3,VALES790,PUT,79.15,2026-07-17,51,MEDIO,1.38,100.0,LATERALIDADE,Monitorar — Iron Condor futuro,70.0,MONITORAR_NO_RTD,Liquidez score 100.0 ≥ 30 — monitorar confirmação via RTD.
PETR4,PETRG401,CALL,38.19,2026-07-17,51,MEDIO,7.34,100.0,CONTINUACAO_BAIXA,"Trava de Baixa, Put Debit Spread",70.0,MONITORAR_NO_RTD,Liquidez score 100.0 ≥ 30 — monitorar confirmação via RTD.
ITUB4,ITUBC41,CALL,41.44,2027-03-19,296,EXTRA_LONGO,4.83,100.0,RECUPERACAO_APOS_QUEDA,"Call Longa, Trava de Alta, Call Debit Spread",70.0,MONITORAR_NO_RTD,Liquidez score 100.0 ≥ 30 — monitorar confirmação via RTD.
PETR4,PETRG405,CALL,39.94,2026-07-17,51,MEDIO,5.73,100.0,CONTINUACAO_BAIXA,"Trava de Baixa, Put Debit Spread",70.0,MONITORAR_NO_RTD,Liquidez score 100.0 ≥ 30 — monitorar confirmação via RTD.
WEGE3,WEGEL472,CALL,45.46,2026-12-18,205,EXTRA_LONGO,3.7,100.0,RECUPERACAO_APOS_QUEDA,"Call Longa, Trava de Alta, Call Debit Spread",70.0,MONITORAR_NO_RTD,Liquidez score 100.0 ≥ 30 — monitorar confirmação via RTD.
ITUB4,ITUBR442,PUT,43.94,2026-06-19,23,CURTO,4.18,83.2,RECUPERACAO_APOS_QUEDA,"Call Longa, Trava de Alta, Call Debit Spread",70.0,CANDIDATA_PROXIMO_PREGAO,Liquidez score 83.2 ≥ 50 com vencimento CURTO — candidata para próximo pregão.
B3SA3,B3SAS182,PUT,18.14,2026-07-17,51,MEDIO,1.59,66.8,RECUPERACAO_APOS_QUEDA,"Call Longa, Trava de Alta, Call Debit Spread",70.0,MONITORAR_NO_RTD,Liquidez score 66.8 ≥ 30 — monitorar confirmação via RTD.
SUZB3,SUZBS510,PUT,49.88,2026-07-17,51,MEDIO,7.5,100.0,RECUPERACAO_APOS_QUEDA,"Call Longa, Trava de Alta, Call Debit Spread",70.0,MONITORAR_NO_RTD,Liquidez score 100.0 ≥ 30 — monitorar confirmação via RTD.
SUZB3,SUZBS521,PUT,52.13,2026-07-17,51,MEDIO,7.73,100.0,RECUPERACAO_APOS_QUEDA,"Call Longa, Trava de Alta, Call Debit Spread",70.0,MONITORAR_NO_RTD,Liquidez score 100.0 ≥ 30 — monitorar confirmação via RTD.
PETR4,PETRS49,PUT,49.94,2026-07-17,51,MEDIO,5.39,100.0,CONTINUACAO_BAIXA,"Trava de Baixa, Put Debit Spread",70.0,MONITORAR_NO_RTD,Liquidez score 100.0 ≥ 30 — monitorar confirmação via RTD.
ITUB4,ITUBG298,CALL,26.42,2026-07-17,51,MEDIO,14.27,100.0,RECUPERACAO_APOS_QUEDA,"Call Longa, Trava de Alta, Call Debit Spread",70.0,MONITORAR_NO_RTD,Liquidez score 100.0 ≥ 30 — monitorar confirmação via RTD.
VALE3,VALEG871,CALL,87.15,2026-07-17,51,MEDIO,2.37,100.0,LATERALIDADE,Monitorar — Iron Condor futuro,70.0,MONITORAR_NO_RTD,Liquidez score 100.0 ≥ 30 — monitorar confirmação via RTD.
PETR4,PETRL467,CALL,46.18,2026-12-18,205,EXTRA_LONGO,5.79,100.0,CONTINUACAO_BAIXA,"Trava de Baixa, Put Debit Spread",70.0,MONITORAR_NO_RTD,Liquidez score 100.0 ≥ 30 — monitorar confirmação via RTD.
VALE3,VALEF851,CALL,80.18,2026-06-19,23,CURTO,4.47,100.0,LATERALIDADE,Monitorar — Iron Condor futuro,70.0,CANDIDATA_PROXIMO_PREGAO,Liquidez score 100.0 ≥ 50 com vencimento CURTO — candidata para próximo pregão.
VALE3,VALEG86,CALL,86.15,2026-07-17,51,MEDIO,2.76,100.0,LATERALIDADE,Monitorar — Iron Condor futuro,70.0,MONITORAR_NO_RTD,Liquidez score 100.0 ≥ 30 — monitorar confirmação via RTD.
VALE3,VALEG856,CALL,85.65,2026-07-17,51,MEDIO,3.0,100.0,LATERALIDADE,Monitorar — Iron Condor futuro,70.0,MONITORAR_NO_RTD,Liquidez score 100.0 ≥ 30 — monitorar confirmação via RTD.
PETR4,PETRG332,CALL,31.94,2026-07-17,51,MEDIO,12.99,100.0,CONTINUACAO_BAIXA,"Trava de Baixa, Put Debit Spread",70.0,MONITORAR_NO_RTD,Liquidez score 100.0 ≥ 30 — monitorar confirmação via RTD.
PETR4,PETRG119,CALL,11.44,2026-07-17,51,MEDIO,37.45,100.0,CONTINUACAO_BAIXA,"Trava de Baixa, Put Debit Spread",70.0,MONITORAR_NO_RTD,Liquidez score 100.0 ≥ 30 — monitorar confirmação via RTD.
PETR4,PETRG330,CALL,31.69,2026-07-17,51,MEDIO,13.38,100.0,CONTINUACAO_BAIXA,"Trava de Baixa, Put Debit Spread",70.0,MONITORAR_NO_RTD,Liquidez score 100.0 ≥ 30 — monitorar confirmação via RTD.
PETR4,PETRG321W4,CALL,32.19,2026-07-24,58,MEDIO,14.73,100.0,CONTINUACAO_BAIXA,"Trava de Baixa, Put Debit Spread",70.0,MONITORAR_NO_RTD,Liquidez score 100.0 ≥ 30 — monitorar confirmação via RTD.
WEGE3,WEGEH375,CALL,37.46,2026-08-21,86,MEDIO,8.15,100.0,RECUPERACAO_APOS_QUEDA,"Call Longa, Trava de Alta, Call Debit Spread",70.0,MONITORAR_NO_RTD,Liquidez score 100.0 ≥ 30 — monitorar confirmação via RTD.
VALE3,VALEF846,CALL,79.68,2026-06-19,23,CURTO,4.96,100.0,LATERALIDADE,Monitorar — Iron Condor futuro,70.0,CANDIDATA_PROXIMO_PREGAO,Liquidez score 100.0 ≥ 50 com vencimento CURTO — candidata para próximo pregão.
PETR4,PETRG502,CALL,49.69,2026-07-17,51,MEDIO,1.0,100.0,CONTINUACAO_BAIXA,"Trava de Baixa, Put Debit Spread",70.0,MONITORAR_NO_RTD,Liquidez score 100.0 ≥ 30 — monitorar confirmação via RTD.
PETR4,PETRG499,CALL,49.44,2026-07-17,51,MEDIO,0.99,100.0,CONTINUACAO_BAIXA,"Trava de Baixa, Put Debit Spread",70.0,MONITORAR_NO_RTD,Liquidez score 100.0 ≥ 30 — monitorar confirmação via RTD.
PETR4,PETRF299,CALL,29.44,2026-06-19,23,CURTO,15.58,83.2,CONTINUACAO_BAIXA,"Trava de Baixa, Put Debit Spread",70.0,CANDIDATA_PROXIMO_PREGAO,Liquidez score 83.2 ≥ 50 com vencimento CURTO — candidata para próximo pregão.
PETR4,PETRG517,CALL,51.19,2026-07-17,51,MEDIO,0.65,100.0,CONTINUACAO_BAIXA,"Trava de Baixa, Put Debit Spread",70.0,MONITORAR_NO_RTD,Liquidez score 100.0 ≥ 30 — monitorar confirmação via RTD.
VALE3,VALEF861,CALL,81.18,2026-06-19,23,CURTO,4.02,100.0,LATERALIDADE,Monitorar — Iron Condor futuro,70.0,CANDIDATA_PROXIMO_PREGAO,Liquidez score 100.0 ≥ 50 com vencimento CURTO — candidata para próximo pregão.
PETR4,PETRG522,CALL,51.69,2026-07-17,51,MEDIO,0.61,100.0,CONTINUACAO_BAIXA,"Trava de Baixa, Put Debit Spread",70.0,MONITORAR_NO_RTD,Liquidez score 100.0 ≥ 30 — monitorar confirmação via RTD.
VALE3,VALER901,PUT,85.18,2026-06-19,23,CURTO,3.17,100.0,LATERALIDADE,Monitorar — Iron Condor futuro,70.0,CANDIDATA_PROXIMO_PREGAO,Liquidez score 100.0 ≥ 50 com vencimento CURTO — candidata para próximo pregão.
PETR4,PETRS527,PUT,52.19,2026-07-17,51,MEDIO,6.83,100.0,CONTINUACAO_BAIXA,"Trava de Baixa, Put Debit Spread",70.0,MONITORAR_NO_RTD,Liquidez score 100.0 ≥ 30 — monitorar confirmação via RTD.
PETR4,PETRS499,PUT,49.44,2026-07-17,51,MEDIO,5.13,100.0,CONTINUACAO_BAIXA,"Trava de Baixa, Put Debit Spread",70.0,MONITORAR_NO_RTD,Liquidez score 100.0 ≥ 30 — monitorar confirmação via RTD.
PETR4,PETRH283,CALL,27.48,2026-08-21,86,MEDIO,21.97,100.0,CONTINUACAO_BAIXA,"Trava de Baixa, Put Debit Spread",70.0,MONITORAR_NO_RTD,Liquidez score 100.0 ≥ 30 — monitorar confirmação via RTD.
VALE3,VALEF856,CALL,80.68,2026-06-19,23,CURTO,4.11,100.0,LATERALIDADE,Monitorar — Iron Condor futuro,70.0,CANDIDATA_PROXIMO_PREGAO,Liquidez score 100.0 ≥ 50 com vencimento CURTO — candidata para próximo pregão.
VALE3,VALER906,PUT,85.68,2026-06-19,23,CURTO,3.44,100.0,LATERALIDADE,Monitorar — Iron Condor futuro,70.0,CANDIDATA_PROXIMO_PREGAO,Liquidez score 100.0 ≥ 50 com vencimento CURTO — candidata para próximo pregão.
PETR4,PETRL477,CALL,47.18,2026-12-18,205,EXTRA_LONGO,5.08,100.0,CONTINUACAO_BAIXA,"Trava de Baixa, Put Debit Spread",70.0,MONITORAR_NO_RTD,Liquidez score 100.0 ≥ 30 — monitorar confirmação via RTD.
VALE3,VALER911,PUT,86.18,2026-06-19,23,CURTO,3.79,100.0,LATERALIDADE,Monitorar — Iron Condor futuro,70.0,CANDIDATA_PROXIMO_PREGAO,Liquidez score 100.0 ≥ 50 com vencimento CURTO — candidata para próximo pregão.
VALE3,VALER916,PUT,86.68,2026-06-19,23,CURTO,4.11,100.0,LATERALIDADE,Monitorar — Iron Condor futuro,70.0,CANDIDATA_PROXIMO_PREGAO,Liquidez score 100.0 ≥ 50 com vencimento CURTO — candidata para próximo pregão.
VALE3,VALER926,PUT,87.68,2026-06-19,23,CURTO,5.07,100.0,LATERALIDADE,Monitorar — Iron Condor futuro,70.0,CANDIDATA_PROXIMO_PREGAO,Liquidez score 100.0 ≥ 50 com vencimento CURTO — candidata para próximo pregão.
BBDC4,BBDCT217,PUT,21.66,2026-08-21,86,MEDIO,2.28,100.0,RECUPERACAO_APOS_QUEDA,"Call Longa, Trava de Alta, Call Debit Spread",70.0,MONITORAR_NO_RTD,Liquidez score 100.0 ≥ 30 — monitorar confirmação via RTD.
PETR4,PETRL462,CALL,45.68,2026-12-18,205,EXTRA_LONGO,6.12,100.0,CONTINUACAO_BAIXA,"Trava de Baixa, Put Debit Spread",70.0,MONITORAR_NO_RTD,Liquidez score 100.0 ≥ 30 — monitorar confirmação via RTD.
PETR4,PETRG365,CALL,35.19,2026-07-17,51,MEDIO,10.05,100.0,CONTINUACAO_BAIXA,"Trava de Baixa, Put Debit Spread",70.0,MONITORAR_NO_RTD,Liquidez score 100.0 ≥ 30 — monitorar confirmação via RTD.
VALE3,VALES770,PUT,77.0,2026-07-17,51,MEDIO,0.94,100.0,LATERALIDADE,Monitorar — Iron Condor futuro,70.0,MONITORAR_NO_RTD,Liquidez score 100.0 ≥ 30 — monitorar confirmação via RTD.
PETR4,PETRH234,CALL,22.94,2026-08-21,86,MEDIO,22.42,100.0,CONTINUACAO_BAIXA,"Trava de Baixa, Put Debit Spread",70.0,MONITORAR_NO_RTD,Liquidez score 100.0 ≥ 30 — monitorar confirmação via RTD.
PETR4,PETRG335,CALL,32.19,2026-07-17,51,MEDIO,12.9,100.0,CONTINUACAO_BAIXA,"Trava de Baixa, Put Debit Spread",70.0,MONITORAR_NO_RTD,Liquidez score 100.0 ≥ 30 — monitorar confirmação via RTD.
PETR4,PETRG547,CALL,54.19,2026-07-17,51,MEDIO,0.37,100.0,CONTINUACAO_BAIXA,"Trava de Baixa, Put Debit Spread",70.0,MONITORAR_NO_RTD,Liquidez score 100.0 ≥ 30 — monitorar confirmação via RTD.
VALE3,VALEG881W2,CALL,88.18,2026-07-10,44,MEDIO,1.7,100.0,LATERALIDADE,Monitorar — Iron Condor futuro,70.0,MONITORAR_NO_RTD,Liquidez score 100.0 ≥ 30 — monitorar confirmação via RTD.
VALE3,VALEF841,CALL,79.18,2026-06-19,23,CURTO,5.3,100.0,LATERALIDADE,Monitorar — Iron Condor futuro,70.0,CANDIDATA_PROXIMO_PREGAO,Liquidez score 100.0 ≥ 50 com vencimento CURTO — candidata para próximo pregão.
ABEV3,ABEVG145,CALL,14.67,2026-07-17,51,MEDIO,1.84,83.2,CONTINUACAO_ALTA,"Trava de Alta, Call Debit Spread",70.0,MONITORAR_NO_RTD,Liquidez score 83.2 ≥ 30 — monitorar confirmação via RTD.
PETR4,PETRH232,CALL,22.69,2026-08-21,86,MEDIO,22.55,100.0,CONTINUACAO_BAIXA,"Trava de Baixa, Put Debit Spread",70.0,MONITORAR_NO_RTD,Liquidez score 100.0 ≥ 30 — monitorar confirmação via RTD.
VALE3,VALEF836,CALL,78.68,2026-06-19,23,CURTO,5.7,100.0,LATERALIDADE,Monitorar — Iron Condor futuro,70.0,CANDIDATA_PROXIMO_PREGAO,Liquidez score 100.0 ≥ 50 com vencimento CURTO — candidata para próximo pregão.
PETR4,PETRG220,CALL,20.69,2026-07-17,51,MEDIO,25.04,100.0,CONTINUACAO_BAIXA,"Trava de Baixa, Put Debit Spread",70.0,MONITORAR_NO_RTD,Liquidez score 100.0 ≥ 30 — monitorar confirmação via RTD.
PETR4,PETRG225,CALL,21.19,2026-07-17,51,MEDIO,24.18,100.0,CONTINUACAO_BAIXA,"Trava de Baixa, Put Debit Spread",70.0,MONITORAR_NO_RTD,Liquidez score 100.0 ≥ 30 — monitorar confirmação via RTD.
VALE3,VALEQ870W5,PUT,87.0,2026-05-29,2,CURTO,4.19,100.0,LATERALIDADE,Monitorar — Iron Condor futuro,70.0,CANDIDATA_PROXIMO_PREGAO,Liquidez score 100.0 ≥ 50 com vencimento CURTO — candidata para próximo pregão.
VALE3,VALEF806,CALL,75.68,2026-06-19,23,CURTO,8.25,100.0,LATERALIDADE,Monitorar — Iron Condor futuro,70.0,CANDIDATA_PROXIMO_PREGAO,Liquidez score 100.0 ≥ 50 com vencimento CURTO — candidata para próximo pregão.
VALE3,VALEF816,CALL,76.68,2026-06-19,23,CURTO,7.42,100.0,LATERALIDADE,Monitorar — Iron Condor futuro,70.0,CANDIDATA_PROXIMO_PREGAO,Liquidez score 100.0 ≥ 50 com vencimento CURTO — candidata para próximo pregão.
VALE3,VALEF826,CALL,77.68,2026-06-19,23,CURTO,6.56,100.0,LATERALIDADE,Monitorar — Iron Condor futuro,70.0,CANDIDATA_PROXIMO_PREGAO,Liquidez score 100.0 ≥ 50 com vencimento CURTO — candidata para próximo pregão.
SUZB3,SUZBH504,CALL,49.38,2026-08-21,86,MEDIO,3.72,100.0,RECUPERACAO_APOS_QUEDA,"Call Longa, Trava de Alta, Call Debit Spread",70.0,MONITORAR_NO_RTD,Liquidez score 100.0 ≥ 30 — monitorar confirmação via RTD.
PETR4,PETRQ435W5,PUT,42.96,2026-05-29,2,CURTO,0.35,49.8,CONTINUACAO_BAIXA,"Trava de Baixa, Put Debit Spread",69.9,MONITORAR_NO_RTD,Liquidez score 49.8 ≥ 30 — monitorar confirmação via RTD.
WEGE3,WEGER412,PUT,41.28,2026-06-19,23,CURTO,0.61,49.8,RECUPERACAO_APOS_QUEDA,"Call Longa, Trava de Alta, Call Debit Spread",69.9,MONITORAR_NO_RTD,Liquidez score 49.8 ≥ 30 — monitorar confirmação via RTD.
BBAS3,BBASS225,PUT,22.26,2026-07-17,51,MEDIO,1.37,83.0,RECUPERACAO_APOS_QUEDA,"Call Longa, Trava de Alta, Call Debit Spread",69.9,MONITORAR_NO_RTD,Liquidez score 83.0 ≥ 30 — monitorar confirmação via RTD.
BBAS3,BBASG223,CALL,22.01,2026-07-17,51,MEDIO,0.52,66.2,RECUPERACAO_APOS_QUEDA,"Call Longa, Trava de Alta, Call Debit Spread",69.9,MONITORAR_NO_RTD,Liquidez score 66.2 ≥ 30 — monitorar confirmação via RTD.
ITUB4,ITUBR364,PUT,36.46,2026-06-19,23,CURTO,0.17,49.4,RECUPERACAO_APOS_QUEDA,"Call Longa, Trava de Alta, Call Debit Spread",69.8,MONITORAR_NO_RTD,Liquidez score 49.4 ≥ 30 — monitorar confirmação via RTD.
ABEV3,ABEVF173,CALL,16.67,2026-06-19,23,CURTO,0.26,49.5,CONTINUACAO_ALTA,"Trava de Alta, Call Debit Spread",69.8,MONITORAR_NO_RTD,Liquidez score 49.5 ≥ 30 — monitorar confirmação via RTD.
BBAS3,BBASR316,PUT,31.6,2026-06-19,23,CURTO,10.31,82.7,RECUPERACAO_APOS_QUEDA,"Call Longa, Trava de Alta, Call Debit Spread",69.8,CANDIDATA_PROXIMO_PREGAO,Liquidez score 82.7 ≥ 50 com vencimento CURTO — candidata para próximo pregão.
RENT3,RENTR416W2,PUT,41.62,2026-06-12,16,CURTO,1.37,49.3,RECUPERACAO_APOS_QUEDA,"Call Longa, Trava de Alta, Call Debit Spread",69.8,MONITORAR_NO_RTD,Liquidez score 49.3 ≥ 30 — monitorar confirmação via RTD.
PETR4,PETRU487,PUT,48.19,2026-09-18,114,LONGO,4.02,99.2,CONTINUACAO_BAIXA,"Trava de Baixa, Put Debit Spread",69.8,MONITORAR_NO_RTD,Liquidez score 99.2 ≥ 30 — monitorar confirmação via RTD.
BBAS3,BBASQ203W5,PUT,20.35,2026-05-29,2,CURTO,0.1,49.2,RECUPERACAO_APOS_QUEDA,"Call Longa, Trava de Alta, Call Debit Spread",69.8,MONITORAR_NO_RTD,Liquidez score 49.2 ≥ 30 — monitorar confirmação via RTD.
GGBR4,GGBRJ239,CALL,22.98,2026-10-16,142,LONGO,0.65,99.2,CONTINUACAO_ALTA,"Trava de Alta, Call Debit Spread",69.8,MONITORAR_NO_RTD,Liquidez score 99.2 ≥ 30 — monitorar confirmação via RTD.
ITUB4,ITUBG368,CALL,33.21,2026-07-17,51,MEDIO,7.09,99.2,RECUPERACAO_APOS_QUEDA,"Call Longa, Trava de Alta, Call Debit Spread",69.8,MONITORAR_NO_RTD,Liquidez score 99.2 ≥ 30 — monitorar confirmação via RTD.
ABEV3,ABEVR156,PUT,15.67,2026-06-19,23,CURTO,0.2,49.5,CONTINUACAO_ALTA,"Trava de Alta, Call Debit Spread",69.8,MONITORAR_NO_RTD,Liquidez score 49.5 ≥ 30 — monitorar confirmação via RTD.
SUZB3,SUZBH448,CALL,44.88,2026-08-21,86,MEDIO,1.6,66.0,RECUPERACAO_APOS_QUEDA,"Call Longa, Trava de Alta, Call Debit Spread",69.8,MONITORAR_NO_RTD,Liquidez score 66.0 ≥ 30 — monitorar confirmação via RTD.
GGBR4,GGBRR224,PUT,22.18,2026-06-19,23,CURTO,0.19,49.0,CONTINUACAO_ALTA,"Trava de Alta, Call Debit Spread",69.7,MONITORAR_NO_RTD,Liquidez score 49.0 ≥ 30 — monitorar confirmação via RTD.
PETR4,PETRF342W2,CALL,33.71,2026-06-12,16,CURTO,13.9,82.4,CONTINUACAO_BAIXA,"Trava de Baixa, Put Debit Spread",69.7,CANDIDATA_PROXIMO_PREGAO,Liquidez score 82.4 ≥ 50 com vencimento CURTO — candidata para próximo pregão.
WEGE3,WEGEF443,CALL,44.28,2026-06-19,23,CURTO,1.02,48.9,RECUPERACAO_APOS_QUEDA,"Call Longa, Trava de Alta, Call Debit Spread",69.7,MONITORAR_NO_RTD,Liquidez score 48.9 ≥ 30 — monitorar confirmação via RTD.
PETR4,PETRF347,CALL,34.19,2026-06-19,23,CURTO,10.61,82.4,CONTINUACAO_BAIXA,"Trava de Baixa, Put Debit Spread",69.7,CANDIDATA_PROXIMO_PREGAO,Liquidez score 82.4 ≥ 50 com vencimento CURTO — candidata para próximo pregão.
PETR4,PETRF274,CALL,26.94,2026-06-19,23,CURTO,18.43,82.4,CONTINUACAO_BAIXA,"Trava de Baixa, Put Debit Spread",69.7,CANDIDATA_PROXIMO_PREGAO,Liquidez score 82.4 ≥ 50 com vencimento CURTO — candidata para próximo pregão.
SUZB3,SUZBF439,CALL,43.92,2026-06-19,23,CURTO,0.39,49.1,RECUPERACAO_APOS_QUEDA,"Call Longa, Trava de Alta, Call Debit Spread",69.7,MONITORAR_NO_RTD,Liquidez score 49.1 ≥ 30 — monitorar confirmação via RTD.
ITUB4,ITUBQ458W5,PUT,45.86,2026-05-29,2,CURTO,6.32,82.3,RECUPERACAO_APOS_QUEDA,"Call Longa, Trava de Alta, Call Debit Spread",69.7,CANDIDATA_PROXIMO_PREGAO,Liquidez score 82.3 ≥ 50 com vencimento CURTO — candidata para próximo pregão.
WEGE3,WEGEF488,CALL,46.78,2026-06-19,23,CURTO,0.39,49.0,RECUPERACAO_APOS_QUEDA,"Call Longa, Trava de Alta, Call Debit Spread",69.7,MONITORAR_NO_RTD,Liquidez score 49.0 ≥ 30 — monitorar confirmação via RTD.
PETR4,PETRR455W1,PUT,44.96,2026-06-05,9,CURTO,1.4,32.3,CONTINUACAO_BAIXA,"Trava de Baixa, Put Debit Spread",69.7,MONITORAR_NO_RTD,Liquidez score 32.3 ≥ 30 — monitorar confirmação via RTD.
WEGE3,WEGEF461,CALL,46.03,2026-06-19,23,CURTO,0.52,48.6,RECUPERACAO_APOS_QUEDA,"Call Longa, Trava de Alta, Call Debit Spread",69.6,MONITORAR_NO_RTD,Liquidez score 48.6 ≥ 30 — monitorar confirmação via RTD.
BPAC11,BPACR505,PUT,50.55,2026-06-19,23,CURTO,0.61,48.7,RECUPERACAO_APOS_QUEDA,"Call Longa, Trava de Alta, Call Debit Spread",69.6,MONITORAR_NO_RTD,Liquidez score 48.7 ≥ 30 — monitorar confirmação via RTD.
HAPV3,HAPVR117W4,PUT,11.75,2026-06-26,30,CURTO,0.55,48.6,CONTINUACAO_BAIXA,"Trava de Baixa, Put Debit Spread",69.6,MONITORAR_NO_RTD,Liquidez score 48.6 ≥ 30 — monitorar confirmação via RTD.
SUZB3,SUZBR425W2,PUT,42.5,2026-06-12,16,CURTO,0.55,31.9,RECUPERACAO_APOS_QUEDA,"Call Longa, Trava de Alta, Call Debit Spread",69.6,MONITORAR_NO_RTD,Liquidez score 31.9 ≥ 30 — monitorar confirmação via RTD.
ITUB4,ITUBR437,PUT,43.44,2026-06-19,23,CURTO,2.87,65.4,RECUPERACAO_APOS_QUEDA,"Call Longa, Trava de Alta, Call Debit Spread",69.6,CANDIDATA_PROXIMO_PREGAO,Liquidez score 65.4 ≥ 50 com vencimento CURTO — candidata para próximo pregão.
SUZB3,SUZBR406,PUT,40.67,2026-06-19,23,CURTO,0.39,48.7,RECUPERACAO_APOS_QUEDA,"Call Longa, Trava de Alta, Call Debit Spread",69.6,MONITORAR_NO_RTD,Liquidez score 48.7 ≥ 30 — monitorar confirmação via RTD.
HAPV3,HAPVS122,PUT,12.25,2026-07-17,51,MEDIO,1.02,48.7,CONTINUACAO_BAIXA,"Trava de Baixa, Put Debit Spread",69.6,MONITORAR_NO_RTD,Liquidez score 48.7 ≥ 30 — monitorar confirmação via RTD.
HAPV3,HAPVE125W5,CALL,12.5,2026-05-29,2,CURTO,0.17,48.7,CONTINUACAO_BAIXA,"Trava de Baixa, Put Debit Spread",69.6,MONITORAR_NO_RTD,Liquidez score 48.7 ≥ 30 — monitorar confirmação via RTD.
WEGE3,WEGER415,PUT,41.53,2026-06-19,23,CURTO,0.7,48.4,RECUPERACAO_APOS_QUEDA,"Call Longa, Trava de Alta, Call Debit Spread",69.5,MONITORAR_NO_RTD,Liquidez score 48.4 ≥ 30 — monitorar confirmação via RTD.
PETR4,PETRJ475,CALL,47.13,2026-10-16,142,LONGO,4.97,81.6,CONTINUACAO_BAIXA,"Trava de Baixa, Put Debit Spread",69.5,MONITORAR_NO_RTD,Liquidez score 81.6 ≥ 30 — monitorar confirmação via RTD.
ABEV3,ABEVH165,CALL,16.54,2026-08-21,86,MEDIO,0.83,65.0,CONTINUACAO_ALTA,"Trava de Alta, Call Debit Spread",69.5,MONITORAR_NO_RTD,Liquidez score 65.0 ≥ 30 — monitorar confirmação via RTD.
B3SA3,B3SAR190,PUT,18.97,2026-06-19,23,CURTO,1.94,65.0,RECUPERACAO_APOS_QUEDA,"Call Longa, Trava de Alta, Call Debit Spread",69.5,CANDIDATA_PROXIMO_PREGAO,Liquidez score 65.0 ≥ 50 com vencimento CURTO — candidata para próximo pregão.
EGIE3,EGIES322,PUT,32.25,2026-07-17,51,MEDIO,0.94,48.5,RECUPERACAO_APOS_QUEDA,"Call Longa, Trava de Alta, Call Debit Spread",69.5,MONITORAR_NO_RTD,Liquidez score 48.5 ≥ 30 — monitorar confirmação via RTD.
B3SA3,B3SAQ158W5,PUT,15.81,2026-05-29,2,CURTO,0.09,31.5,RECUPERACAO_APOS_QUEDA,"Call Longa, Trava de Alta, Call Debit Spread",69.5,MONITORAR_NO_RTD,Liquidez score 31.5 ≥ 30 — monitorar confirmação via RTD.
B3SA3,B3SAF178W1,CALL,17.81,2026-06-05,9,CURTO,0.15,31.5,RECUPERACAO_APOS_QUEDA,"Call Longa, Trava de Alta, Call Debit Spread",69.5,MONITORAR_NO_RTD,Liquidez score 31.5 ≥ 30 — monitorar confirmação via RTD.
PETR4,PETRF339,CALL,33.44,2026-06-19,23,CURTO,11.4,81.6,CONTINUACAO_BAIXA,"Trava de Baixa, Put Debit Spread",69.5,CANDIDATA_PROXIMO_PREGAO,Liquidez score 81.6 ≥ 50 com vencimento CURTO — candidata para próximo pregão.
B3SA3,B3SAE163W5,CALL,16.31,2026-05-29,2,CURTO,0.65,48.4,RECUPERACAO_APOS_QUEDA,"Call Longa, Trava de Alta, Call Debit Spread",69.5,MONITORAR_NO_RTD,Liquidez score 48.4 ≥ 30 — monitorar confirmação via RTD.
SUZB3,SUZBR566,PUT,56.67,2026-06-19,23,CURTO,13.76,81.6,RECUPERACAO_APOS_QUEDA,"Call Longa, Trava de Alta, Call Debit Spread",69.5,CANDIDATA_PROXIMO_PREGAO,Liquidez score 81.6 ≥ 50 com vencimento CURTO — candidata para próximo pregão.
ABEV3,ABEVE144W5,CALL,14.42,2026-05-29,2,CURTO,1.78,81.7,CONTINUACAO_ALTA,"Trava de Alta, Call Debit Spread",69.5,CANDIDATA_PROXIMO_PREGAO,Liquidez score 81.7 ≥ 50 com vencimento CURTO — candidata para próximo pregão.
BBAS3,BBASQ246W5,PUT,24.6,2026-05-29,2,CURTO,3.61,81.2,RECUPERACAO_APOS_QUEDA,"Call Longa, Trava de Alta, Call Debit Spread",69.4,CANDIDATA_PROXIMO_PREGAO,Liquidez score 81.2 ≥ 50 com vencimento CURTO — candidata para próximo pregão.
PETR4,PETRF490,CALL,48.46,2026-06-19,23,CURTO,3.4,48.1,CONTINUACAO_BAIXA,"Trava de Baixa, Put Debit Spread",69.4,MONITORAR_NO_RTD,Liquidez score 48.1 ≥ 30 — monitorar confirmação via RTD.
WEGE3,WEGER40,PUT,40.53,2026-06-19,23,CURTO,0.48,48.0,RECUPERACAO_APOS_QUEDA,"Call Longa, Trava de Alta, Call Debit Spread",69.4,MONITORAR_NO_RTD,Liquidez score 48.0 ≥ 30 — monitorar confirmação via RTD.
ENEV3,ENEVG270,CALL,27.0,2026-07-17,51,MEDIO,0.88,47.9,PROTECAO_CARTEIRA,"Protective Put, Collar",69.4,MONITORAR_NO_RTD,Liquidez score 47.9 ≥ 30 — monitorar confirmação via RTD.
ITUB4,ITUBH247,CALL,21.27,2026-08-21,86,MEDIO,19.38,98.0,RECUPERACAO_APOS_QUEDA,"Call Longa, Trava de Alta, Call Debit Spread",69.4,MONITORAR_NO_RTD,Liquidez score 98.0 ≥ 30 — monitorar confirmação via RTD.
PETR4,PETRR592,PUT,58.69,2026-06-19,23,CURTO,11.75,81.4,CONTINUACAO_BAIXA,"Trava de Baixa, Put Debit Spread",69.4,CANDIDATA_PROXIMO_PREGAO,Liquidez score 81.4 ≥ 50 com vencimento CURTO — candidata para próximo pregão.
BBAS3,BBASE216W5,CALL,21.6,2026-05-29,2,CURTO,0.09,48.1,RECUPERACAO_APOS_QUEDA,"Call Longa, Trava de Alta, Call Debit Spread",69.4,MONITORAR_NO_RTD,Liquidez score 48.1 ≥ 30 — monitorar confirmação via RTD.
HAPV3,HAPVS180,PUT,18.0,2026-07-17,51,MEDIO,5.12,97.8,CONTINUACAO_BAIXA,"Trava de Baixa, Put Debit Spread",69.3,MONITORAR_NO_RTD,Liquidez score 97.8 ≥ 30 — monitorar confirmação via RTD.
BBDC4,BBDCQ171W5,PUT,17.16,2026-05-29,2,CURTO,0.08,47.8,RECUPERACAO_APOS_QUEDA,"Call Longa, Trava de Alta, Call Debit Spread",69.3,MONITORAR_NO_RTD,Liquidez score 47.8 ≥ 30 — monitorar confirmação via RTD.
ENEV3,ENEVF242,CALL,24.25,2026-06-19,23,CURTO,2.03,47.6,PROTECAO_CARTEIRA,"Protective Put, Collar",69.3,MONITORAR_NO_RTD,Liquidez score 47.6 ≥ 30 — monitorar confirmação via RTD.
ABEV3,ABEVF174W4,CALL,17.42,2026-06-26,30,CURTO,0.15,47.2,CONTINUACAO_ALTA,"Trava de Alta, Call Debit Spread",69.2,MONITORAR_NO_RTD,Liquidez score 47.2 ≥ 30 — monitorar confirmação via RTD.
BPAC11,BPACF555,CALL,55.55,2026-06-19,23,CURTO,1.34,47.4,RECUPERACAO_APOS_QUEDA,"Call Longa, Trava de Alta, Call Debit Spread",69.2,MONITORAR_NO_RTD,Liquidez score 47.4 ≥ 30 — monitorar confirmação via RTD.
PETR4,PETRF252,CALL,24.69,2026-06-19,23,CURTO,20.14,80.8,CONTINUACAO_BAIXA,"Trava de Baixa, Put Debit Spread",69.2,CANDIDATA_PROXIMO_PREGAO,Liquidez score 80.8 ≥ 50 com vencimento CURTO — candidata para próximo pregão.
SUZB3,SUZBF446,CALL,44.67,2026-06-19,23,CURTO,0.25,47.4,RECUPERACAO_APOS_QUEDA,"Call Longa, Trava de Alta, Call Debit Spread",69.2,MONITORAR_NO_RTD,Liquidez score 47.4 ≥ 30 — monitorar confirmação via RTD.
ABEV3,ABEVF169,CALL,16.92,2026-06-19,23,CURTO,0.18,47.3,CONTINUACAO_ALTA,"Trava de Alta, Call Debit Spread",69.2,MONITORAR_NO_RTD,Liquidez score 47.3 ≥ 30 — monitorar confirmação via RTD.
ITUB4,ITUBI399,CALL,39.66,2026-09-18,114,LONGO,3.22,64.0,RECUPERACAO_APOS_QUEDA,"Call Longa, Trava de Alta, Call Debit Spread",69.2,MONITORAR_NO_RTD,Liquidez score 64.0 ≥ 30 — monitorar confirmação via RTD.
BBAS3,BBASG231,CALL,22.76,2026-07-17,51,MEDIO,0.32,63.9,RECUPERACAO_APOS_QUEDA,"Call Longa, Trava de Alta, Call Debit Spread",69.2,MONITORAR_NO_RTD,Liquidez score 63.9 ≥ 30 — monitorar confirmação via RTD.
ITUB4,ITUBF393W1,CALL,39.36,2026-06-05,9,CURTO,0.96,30.6,RECUPERACAO_APOS_QUEDA,"Call Longa, Trava de Alta, Call Debit Spread",69.2,MONITORAR_NO_RTD,Liquidez score 30.6 ≥ 30 — monitorar confirmação via RTD.
RENT3,RENTS418,PUT,41.82,2026-07-17,51,MEDIO,1.74,63.9,RECUPERACAO_APOS_QUEDA,"Call Longa, Trava de Alta, Call Debit Spread",69.2,MONITORAR_NO_RTD,Liquidez score 63.9 ≥ 30 — monitorar confirmação via RTD.
PETR4,PETRR445,PUT,43.96,2026-06-19,23,CURTO,0.27,30.5,CONTINUACAO_BAIXA,"Trava de Baixa, Put Debit Spread",69.2,MONITORAR_NO_RTD,Liquidez score 30.5 ≥ 30 — monitorar confirmação via RTD.
HAPV3,HAPVF950,CALL,9.5,2026-06-19,23,CURTO,2.48,80.6,CONTINUACAO_BAIXA,"Trava de Baixa, Put Debit Spread",69.2,CANDIDATA_PROXIMO_PREGAO,Liquidez score 80.6 ≥ 50 com vencimento CURTO — candidata para próximo pregão.
BPAC11,BPACR660,PUT,66.02,2026-06-19,23,CURTO,8.31,80.6,RECUPERACAO_APOS_QUEDA,"Call Longa, Trava de Alta, Call Debit Spread",69.2,CANDIDATA_PROXIMO_PREGAO,Liquidez score 80.6 ≥ 50 com vencimento CURTO — candidata para próximo pregão.
ITUB4,ITUBI393,CALL,39.07,2026-09-18,114,LONGO,2.94,64.0,RECUPERACAO_APOS_QUEDA,"Call Longa, Trava de Alta, Call Debit Spread",69.2,MONITORAR_NO_RTD,Liquidez score 64.0 ≥ 30 — monitorar confirmação via RTD.
PETR4,PETRF289,CALL,28.44,2026-06-19,23,CURTO,17.9,80.8,CONTINUACAO_BAIXA,"Trava de Baixa, Put Debit Spread",69.2,CANDIDATA_PROXIMO_PREGAO,Liquidez score 80.8 ≥ 50 com vencimento CURTO — candidata para próximo pregão.
HAPV3,HAPVG122,CALL,12.25,2026-07-17,51,MEDIO,1.04,47.1,CONTINUACAO_BAIXA,"Trava de Baixa, Put Debit Spread",69.1,MONITORAR_NO_RTD,Liquidez score 47.1 ≥ 30 — monitorar confirmação via RTD.
WEGE3,WEGEE429W5,CALL,42.92,2026-05-29,2,CURTO,0.74,30.4,RECUPERACAO_APOS_QUEDA,"Call Longa, Trava de Alta, Call Debit Spread",69.1,MONITORAR_NO_RTD,Liquidez score 30.4 ≥ 30 — monitorar confirmação via RTD.
BBAS3,BBASQ201W5,PUT,20.1,2026-05-29,2,CURTO,0.06,46.9,RECUPERACAO_APOS_QUEDA,"Call Longa, Trava de Alta, Call Debit Spread",69.1,MONITORAR_NO_RTD,Liquidez score 46.9 ≥ 30 — monitorar confirmação via RTD.
ABEV3,ABEVF154W4,CALL,15.42,2026-06-26,30,CURTO,1.09,63.6,CONTINUACAO_ALTA,"Trava de Alta, Call Debit Spread",69.1,CANDIDATA_PROXIMO_PREGAO,Liquidez score 63.6 ≥ 50 com vencimento CURTO — candidata para próximo pregão.
PETR4,PETRR430W1,PUT,42.46,2026-06-05,9,CURTO,0.43,47.1,CONTINUACAO_BAIXA,"Trava de Baixa, Put Debit Spread",69.1,MONITORAR_NO_RTD,Liquidez score 47.1 ≥ 30 — monitorar confirmação via RTD.
PETR4,PETRE490W5,CALL,48.46,2026-05-29,2,CURTO,0.05,46.9,CONTINUACAO_BAIXA,"Trava de Baixa, Put Debit Spread",69.1,MONITORAR_NO_RTD,Liquidez score 46.9 ≥ 30 — monitorar confirmação via RTD.
PETR4,PETRF139,CALL,13.44,2026-06-19,23,CURTO,33.79,80.1,CONTINUACAO_BAIXA,"Trava de Baixa, Put Debit Spread",69.0,CANDIDATA_PROXIMO_PREGAO,Liquidez score 80.1 ≥ 50 com vencimento CURTO — candidata para próximo pregão.
ENEV3,ENEVT295,PUT,29.5,2026-08-21,86,MEDIO,3.82,80.0,PROTECAO_CARTEIRA,"Protective Put, Collar",69.0,MONITORAR_NO_RTD,Liquidez score 80.0 ≥ 30 — monitorar confirmação via RTD.
PETR4,PETRG406W4,CALL,40.69,2026-07-24,58,MEDIO,5.24,80.0,CONTINUACAO_BAIXA,"Trava de Baixa, Put Debit Spread",69.0,MONITORAR_NO_RTD,Liquidez score 80.0 ≥ 30 — monitorar confirmação via RTD.
BPAC11,BPACF493,CALL,49.3,2026-06-19,23,CURTO,6.2,63.4,RECUPERACAO_APOS_QUEDA,"Call Longa, Trava de Alta, Call Debit Spread",69.0,CANDIDATA_PROXIMO_PREGAO,Liquidez score 63.4 ≥ 50 com vencimento CURTO — candidata para próximo pregão.
CMIG4,CMIGF139,CALL,12.24,2026-06-19,23,CURTO,0.05,46.8,RECUPERACAO_APOS_QUEDA,"Call Longa, Trava de Alta, Call Debit Spread",69.0,MONITORAR_NO_RTD,Liquidez score 46.8 ≥ 30 — monitorar confirmação via RTD.
PRIO3,PRIOF705,CALL,70.5,2026-06-19,23,CURTO,2.52,80.1,LATERALIDADE,Monitorar — Iron Condor futuro,69.0,CANDIDATA_PROXIMO_PREGAO,Liquidez score 80.1 ≥ 50 com vencimento CURTO — candidata para próximo pregão.
WEGE3,WEGEF49,CALL,46.53,2026-06-19,23,CURTO,0.45,46.6,RECUPERACAO_APOS_QUEDA,"Call Longa, Trava de Alta, Call Debit Spread",69.0,MONITORAR_NO_RTD,Liquidez score 46.6 ≥ 30 — monitorar confirmação via RTD.
B3SA3,B3SAU170,PUT,16.64,2026-09-18,114,LONGO,0.92,46.5,RECUPERACAO_APOS_QUEDA,"Call Longa, Trava de Alta, Call Debit Spread",69.0,MONITORAR_NO_RTD,Liquidez score 46.5 ≥ 30 — monitorar confirmação via RTD.
ITUB4,ITUBF241,CALL,20.91,2026-06-19,23,CURTO,19.6,80.0,RECUPERACAO_APOS_QUEDA,"Call Longa, Trava de Alta, Call Debit Spread",69.0,CANDIDATA_PROXIMO_PREGAO,Liquidez score 80.0 ≥ 50 com vencimento CURTO — candidata para próximo pregão.
ENEV3,ENEVS290,PUT,29.0,2026-07-17,51,MEDIO,1.78,80.0,PROTECAO_CARTEIRA,"Protective Put, Collar",69.0,MONITORAR_NO_RTD,Liquidez score 80.0 ≥ 30 — monitorar confirmação via RTD.
RENT3,RENTG443,CALL,44.32,2026-07-17,51,MEDIO,2.66,63.5,RECUPERACAO_APOS_QUEDA,"Call Longa, Trava de Alta, Call Debit Spread",69.0,MONITORAR_NO_RTD,Liquidez score 63.5 ≥ 30 — monitorar confirmação via RTD.
PETR4,PETRE482W5,CALL,47.71,2026-05-29,2,CURTO,0.1,46.7,CONTINUACAO_BAIXA,"Trava de Baixa, Put Debit Spread",69.0,MONITORAR_NO_RTD,Liquidez score 46.7 ≥ 30 — monitorar confirmação via RTD.
ENEV3,ENEVG295,CALL,29.5,2026-07-17,51,MEDIO,0.43,80.0,PROTECAO_CARTEIRA,"Protective Put, Collar",69.0,MONITORAR_NO_RTD,Liquidez score 80.0 ≥ 30 — monitorar confirmação via RTD.
CMIG4,CMIGR136,PUT,11.99,2026-06-19,23,CURTO,0.72,63.5,RECUPERACAO_APOS_QUEDA,"Call Longa, Trava de Alta, Call Debit Spread",69.0,CANDIDATA_PROXIMO_PREGAO,Liquidez score 63.5 ≥ 50 com vencimento CURTO — candidata para próximo pregão.
ITUB4,ITUBS419,PUT,38.31,2026-07-17,51,MEDIO,0.75,63.4,RECUPERACAO_APOS_QUEDA,"Call Longa, Trava de Alta, Call Debit Spread",69.0,MONITORAR_NO_RTD,Liquidez score 63.4 ≥ 30 — monitorar confirmação via RTD.
ITUB4,ITUBS414,PUT,37.82,2026-07-17,51,MEDIO,0.58,63.0,RECUPERACAO_APOS_QUEDA,"Call Longa, Trava de Alta, Call Debit Spread",68.9,MONITORAR_NO_RTD,Liquidez score 63.0 ≥ 30 — monitorar confirmação via RTD.
SUZB3,SUZBR396,PUT,39.67,2026-06-19,23,CURTO,0.21,46.2,RECUPERACAO_APOS_QUEDA,"Call Longa, Trava de Alta, Call Debit Spread",68.9,MONITORAR_NO_RTD,Liquidez score 46.2 ≥ 30 — monitorar confirmação via RTD.
PETR4,PETRS41,PUT,40.44,2026-07-17,51,MEDIO,0.68,62.9,CONTINUACAO_BAIXA,"Trava de Baixa, Put Debit Spread",68.9,MONITORAR_NO_RTD,Liquidez score 62.9 ≥ 30 — monitorar confirmação via RTD.
RADL3,RADLF196,CALL,19.62,2026-06-19,23,CURTO,0.26,46.2,CONTINUACAO_BAIXA,"Trava de Baixa, Put Debit Spread",68.9,MONITORAR_NO_RTD,Liquidez score 46.2 ≥ 30 — monitorar confirmação via RTD.
SUZB3,SUZBT411,PUT,41.13,2026-08-21,86,MEDIO,1.09,46.3,RECUPERACAO_APOS_QUEDA,"Call Longa, Trava de Alta, Call Debit Spread",68.9,MONITORAR_NO_RTD,Liquidez score 46.3 ≥ 30 — monitorar confirmação via RTD.
RENT3,RENTF486W1,CALL,48.62,2026-06-05,9,CURTO,0.22,79.6,RECUPERACAO_APOS_QUEDA,"Call Longa, Trava de Alta, Call Debit Spread",68.9,CANDIDATA_PROXIMO_PREGAO,Liquidez score 79.6 ≥ 50 com vencimento CURTO — candidata para próximo pregão.
PETR4,PETRR637,PUT,63.19,2026-06-19,23,CURTO,17.12,79.8,CONTINUACAO_BAIXA,"Trava de Baixa, Put Debit Spread",68.9,CANDIDATA_PROXIMO_PREGAO,Liquidez score 79.8 ≥ 50 com vencimento CURTO — candidata para próximo pregão.
PETR4,PETRR480W2,PUT,47.46,2026-06-12,16,CURTO,2.0,62.8,CONTINUACAO_BAIXA,"Trava de Baixa, Put Debit Spread",68.8,CANDIDATA_PROXIMO_PREGAO,Liquidez score 62.8 ≥ 50 com vencimento CURTO — candidata para próximo pregão.
TAEE11,TAEEF410,CALL,39.64,2026-06-19,23,CURTO,0.73,45.9,RECUPERACAO_APOS_QUEDA,"Call Longa, Trava de Alta, Call Debit Spread",68.8,MONITORAR_NO_RTD,Liquidez score 45.9 ≥ 30 — monitorar confirmação via RTD.
B3SA3,B3SAG183,CALL,18.39,2026-07-17,51,MEDIO,0.42,45.9,RECUPERACAO_APOS_QUEDA,"Call Longa, Trava de Alta, Call Debit Spread",68.8,MONITORAR_NO_RTD,Liquidez score 45.9 ≥ 30 — monitorar confirmação via RTD.
PETR4,PETRF475W1,CALL,46.96,2026-06-05,9,CURTO,0.42,46.1,CONTINUACAO_BAIXA,"Trava de Baixa, Put Debit Spread",68.8,MONITORAR_NO_RTD,Liquidez score 46.1 ≥ 30 — monitorar confirmação via RTD.
PETR4,PETRQ432W5,PUT,42.71,2026-05-29,2,CURTO,0.28,46.1,CONTINUACAO_BAIXA,"Trava de Baixa, Put Debit Spread",68.8,MONITORAR_NO_RTD,Liquidez score 46.1 ≥ 30 — monitorar confirmação via RTD.
TAEE11,TAEES400,PUT,38.64,2026-07-17,51,MEDIO,1.04,46.1,RECUPERACAO_APOS_QUEDA,"Call Longa, Trava de Alta, Call Debit Spread",68.8,MONITORAR_NO_RTD,Liquidez score 46.1 ≥ 30 — monitorar confirmação via RTD.
PETR4,PETRF392,CALL,38.69,2026-06-19,23,CURTO,6.1,79.2,CONTINUACAO_BAIXA,"Trava de Baixa, Put Debit Spread",68.8,CANDIDATA_PROXIMO_PREGAO,Liquidez score 79.2 ≥ 50 com vencimento CURTO — candidata para próximo pregão.
ITUB4,ITUBR396,PUT,35.96,2026-06-19,23,CURTO,0.12,45.5,RECUPERACAO_APOS_QUEDA,"Call Longa, Trava de Alta, Call Debit Spread",68.7,MONITORAR_NO_RTD,Liquidez score 45.5 ≥ 30 — monitorar confirmação via RTD.
HAPV3,HAPVS120,PUT,12.0,2026-07-17,51,MEDIO,0.93,45.6,CONTINUACAO_BAIXA,"Trava de Baixa, Put Debit Spread",68.7,MONITORAR_NO_RTD,Liquidez score 45.6 ≥ 30 — monitorar confirmação via RTD.
SUZB3,SUZBR404,PUT,40.42,2026-06-19,23,CURTO,0.33,45.8,RECUPERACAO_APOS_QUEDA,"Call Longa, Trava de Alta, Call Debit Spread",68.7,MONITORAR_NO_RTD,Liquidez score 45.8 ≥ 30 — monitorar confirmação via RTD.
ABEV3,ABEVF13,CALL,14.42,2026-06-19,23,CURTO,1.89,78.9,CONTINUACAO_ALTA,"Trava de Alta, Call Debit Spread",68.7,CANDIDATA_PROXIMO_PREGAO,Liquidez score 78.9 ≥ 50 com vencimento CURTO — candidata para próximo pregão.
B3SA3,B3SAR154,PUT,14.97,2026-06-19,23,CURTO,0.13,62.3,RECUPERACAO_APOS_QUEDA,"Call Longa, Trava de Alta, Call Debit Spread",68.7,CANDIDATA_PROXIMO_PREGAO,Liquidez score 62.3 ≥ 50 com vencimento CURTO — candidata para próximo pregão.
PETR4,PETRF199,CALL,19.44,2026-06-19,23,CURTO,25.06,79.0,CONTINUACAO_BAIXA,"Trava de Baixa, Put Debit Spread",68.7,CANDIDATA_PROXIMO_PREGAO,Liquidez score 79.0 ≥ 50 com vencimento CURTO — candidata para próximo pregão.
PETR4,PETRQ422W5,PUT,41.71,2026-05-29,2,CURTO,0.13,45.6,CONTINUACAO_BAIXA,"Trava de Baixa, Put Debit Spread",68.7,MONITORAR_NO_RTD,Liquidez score 45.6 ≥ 30 — monitorar confirmação via RTD.
EGIE3,EGIEF342,CALL,33.75,2026-06-19,23,CURTO,0.38,45.4,RECUPERACAO_APOS_QUEDA,"Call Longa, Trava de Alta, Call Debit Spread",68.6,MONITORAR_NO_RTD,Liquidez score 45.4 ≥ 30 — monitorar confirmação via RTD.
SUZB3,SUZBR401,PUT,40.17,2026-06-19,23,CURTO,0.27,45.2,RECUPERACAO_APOS_QUEDA,"Call Longa, Trava de Alta, Call Debit Spread",68.6,MONITORAR_NO_RTD,Liquidez score 45.2 ≥ 30 — monitorar confirmação via RTD.
SUZB3,SUZBR389,PUT,38.92,2026-06-19,23,CURTO,0.12,45.3,RECUPERACAO_APOS_QUEDA,"Call Longa, Trava de Alta, Call Debit Spread",68.6,MONITORAR_NO_RTD,Liquidez score 45.3 ≥ 30 — monitorar confirmação via RTD.
SUZB3,SUZBR441,PUT,44.17,2026-06-19,23,CURTO,2.28,61.9,RECUPERACAO_APOS_QUEDA,"Call Longa, Trava de Alta, Call Debit Spread",68.6,CANDIDATA_PROXIMO_PREGAO,Liquidez score 61.9 ≥ 50 com vencimento CURTO — candidata para próximo pregão.
BBDC4,BBDCR196W2,PUT,19.66,2026-06-12,16,CURTO,1.64,78.6,RECUPERACAO_APOS_QUEDA,"Call Longa, Trava de Alta, Call Debit Spread",68.6,CANDIDATA_PROXIMO_PREGAO,Liquidez score 78.6 ≥ 50 com vencimento CURTO — candidata para próximo pregão.
CPLE6,CPLEF157,CALL,15.53,2026-06-19,23,CURTO,0.19,45.4,CONTINUACAO_ALTA,"Trava de Alta, Call Debit Spread",68.6,MONITORAR_NO_RTD,Liquidez score 45.4 ≥ 30 — monitorar confirmação via RTD.
SUZB3,SUZBF449,CALL,44.92,2026-06-19,23,CURTO,0.24,45.4,RECUPERACAO_APOS_QUEDA,"Call Longa, Trava de Alta, Call Debit Spread",68.6,MONITORAR_NO_RTD,Liquidez score 45.4 ≥ 30 — monitorar confirmação via RTD.
RENT3,RENTS428,PUT,42.82,2026-07-17,51,MEDIO,2.06,45.4,RECUPERACAO_APOS_QUEDA,"Call Longa, Trava de Alta, Call Debit Spread",68.6,MONITORAR_NO_RTD,Liquidez score 45.4 ≥ 30 — monitorar confirmação via RTD.
PETR4,PETRR732,PUT,72.69,2026-06-19,23,CURTO,26.0,78.7,CONTINUACAO_BAIXA,"Trava de Baixa, Put Debit Spread",68.6,CANDIDATA_PROXIMO_PREGAO,Liquidez score 78.7 ≥ 50 com vencimento CURTO — candidata para próximo pregão.
CPLE6,CPLEG147,CALL,14.53,2026-07-17,51,MEDIO,0.91,45.2,CONTINUACAO_ALTA,"Trava de Alta, Call Debit Spread",68.6,MONITORAR_NO_RTD,Liquidez score 45.2 ≥ 30 — monitorar confirmação via RTD.
ITUB4,ITUBR435,PUT,43.19,2026-06-19,23,CURTO,3.42,62.0,RECUPERACAO_APOS_QUEDA,"Call Longa, Trava de Alta, Call Debit Spread",68.6,CANDIDATA_PROXIMO_PREGAO,Liquidez score 62.0 ≥ 50 com vencimento CURTO — candidata para próximo pregão.
PETR4,PETRH392,CALL,39.23,2026-08-21,86,MEDIO,10.91,95.2,CONTINUACAO_BAIXA,"Trava de Baixa, Put Debit Spread",68.6,MONITORAR_NO_RTD,Liquidez score 95.2 ≥ 30 — monitorar confirmação via RTD.
PETR4,PETRE430W5,CALL,42.46,2026-05-29,2,CURTO,2.35,62.0,CONTINUACAO_BAIXA,"Trava de Baixa, Put Debit Spread",68.6,CANDIDATA_PROXIMO_PREGAO,Liquidez score 62.0 ≥ 50 com vencimento CURTO — candidata para próximo pregão.
PETR4,PETRG340,CALL,32.69,2026-07-17,51,MEDIO,12.25,95.2,CONTINUACAO_BAIXA,"Trava de Baixa, Put Debit Spread",68.6,MONITORAR_NO_RTD,Liquidez score 95.2 ≥ 30 — monitorar confirmação via RTD.
BBAS3,BBASS267,PUT,26.51,2026-07-17,51,MEDIO,5.38,95.2,RECUPERACAO_APOS_QUEDA,"Call Longa, Trava de Alta, Call Debit Spread",68.6,MONITORAR_NO_RTD,Liquidez score 95.2 ≥ 30 — monitorar confirmação via RTD.
ABEV3,ABEVF171,CALL,17.17,2026-06-19,23,CURTO,0.15,45.1,CONTINUACAO_ALTA,"Trava de Alta, Call Debit Spread",68.5,MONITORAR_NO_RTD,Liquidez score 45.1 ≥ 30 — monitorar confirmação via RTD.
B3SA3,B3SAE158W5,CALL,15.81,2026-05-29,2,CURTO,1.03,44.9,RECUPERACAO_APOS_QUEDA,"Call Longa, Trava de Alta, Call Debit Spread",68.5,MONITORAR_NO_RTD,Liquidez score 44.9 ≥ 30 — monitorar confirmação via RTD.
WEGE3,WEGEF462W4,CALL,46.28,2026-06-26,30,CURTO,0.45,45.1,RECUPERACAO_APOS_QUEDA,"Call Longa, Trava de Alta, Call Debit Spread",68.5,MONITORAR_NO_RTD,Liquidez score 45.1 ≥ 30 — monitorar confirmação via RTD.
VALE3,VALER951,PUT,90.18,2026-06-19,23,CURTO,7.21,94.9,LATERALIDADE,Monitorar — Iron Condor futuro,68.5,CANDIDATA_PROXIMO_PREGAO,Liquidez score 94.9 ≥ 50 com vencimento CURTO — candidata para próximo pregão.
BBDC4,BBDCR199,PUT,19.26,2026-06-19,23,CURTO,1.55,61.5,RECUPERACAO_APOS_QUEDA,"Call Longa, Trava de Alta, Call Debit Spread",68.5,CANDIDATA_PROXIMO_PREGAO,Liquidez score 61.5 ≥ 50 com vencimento CURTO — candidata para próximo pregão.
WEGE3,WEGER550,PUT,55.03,2026-06-19,23,CURTO,9.95,78.4,RECUPERACAO_APOS_QUEDA,"Call Longa, Trava de Alta, Call Debit Spread",68.5,CANDIDATA_PROXIMO_PREGAO,Liquidez score 78.4 ≥ 50 com vencimento CURTO — candidata para próximo pregão.
ITUB4,ITUBG409,CALL,37.34,2026-07-17,51,MEDIO,3.81,78.4,RECUPERACAO_APOS_QUEDA,"Call Longa, Trava de Alta, Call Debit Spread",68.5,MONITORAR_NO_RTD,Liquidez score 78.4 ≥ 30 — monitorar confirmação via RTD.
BBDC4,BBDCH172,CALL,16.25,2026-08-21,86,MEDIO,1.71,78.4,RECUPERACAO_APOS_QUEDA,"Call Longa, Trava de Alta, Call Debit Spread",68.5,MONITORAR_NO_RTD,Liquidez score 78.4 ≥ 30 — monitorar confirmação via RTD.
EGIE3,EGIES317,PUT,31.75,2026-07-17,51,MEDIO,0.77,45.1,RECUPERACAO_APOS_QUEDA,"Call Longa, Trava de Alta, Call Debit Spread",68.5,MONITORAR_NO_RTD,Liquidez score 45.1 ≥ 30 — monitorar confirmação via RTD.
PETR4,PETRR407,PUT,40.19,2026-06-19,23,CURTO,0.33,78.2,CONTINUACAO_BAIXA,"Trava de Baixa, Put Debit Spread",68.5,CANDIDATA_PROXIMO_PREGAO,Liquidez score 78.2 ≥ 50 com vencimento CURTO — candidata para próximo pregão.
CMIG4,CMIGR127,PUT,10.99,2026-06-19,23,CURTO,0.14,45.1,RECUPERACAO_APOS_QUEDA,"Call Longa, Trava de Alta, Call Debit Spread",68.5,MONITORAR_NO_RTD,Liquidez score 45.1 ≥ 30 — monitorar confirmação via RTD.
PETR4,PETRS477,PUT,47.19,2026-07-17,51,MEDIO,3.5,78.5,CONTINUACAO_BAIXA,"Trava de Baixa, Put Debit Spread",68.5,MONITORAR_NO_RTD,Liquidez score 78.5 ≥ 30 — monitorar confirmação via RTD.
RENT3,RENTR411W2,PUT,41.12,2026-06-12,16,CURTO,1.15,44.9,RECUPERACAO_APOS_QUEDA,"Call Longa, Trava de Alta, Call Debit Spread",68.5,MONITORAR_NO_RTD,Liquidez score 44.9 ≥ 30 — monitorar confirmação via RTD.
BPAC11,BPACR500,PUT,50.05,2026-06-19,23,CURTO,0.47,45.1,RECUPERACAO_APOS_QUEDA,"Call Longa, Trava de Alta, Call Debit Spread",68.5,MONITORAR_NO_RTD,Liquidez score 45.1 ≥ 30 — monitorar confirmação via RTD.
SUZB3,SUZBF454,CALL,45.42,2026-06-19,23,CURTO,0.2,45.0,RECUPERACAO_APOS_QUEDA,"Call Longa, Trava de Alta, Call Debit Spread",68.5,MONITORAR_NO_RTD,Liquidez score 45.0 ≥ 30 — monitorar confirmação via RTD.
PETR4,PETRA442,CALL,44.25,2027-01-15,233,EXTRA_LONGO,8.08,78.5,CONTINUACAO_BAIXA,"Trava de Baixa, Put Debit Spread",68.5,MONITORAR_NO_RTD,Liquidez score 78.5 ≥ 30 — monitorar confirmação via RTD.
PETR4,PETRF395W1,CALL,38.96,2026-06-05,9,CURTO,5.42,78.0,CONTINUACAO_BAIXA,"Trava de Baixa, Put Debit Spread",68.4,CANDIDATA_PROXIMO_PREGAO,Liquidez score 78.0 ≥ 50 com vencimento CURTO — candidata para próximo pregão.
BPAC11,BPACF595,CALL,59.55,2026-06-19,23,CURTO,0.35,44.8,RECUPERACAO_APOS_QUEDA,"Call Longa, Trava de Alta, Call Debit Spread",68.4,MONITORAR_NO_RTD,Liquidez score 44.8 ≥ 30 — monitorar confirmação via RTD.
PRIO3,PRIOF740,CALL,74.0,2026-06-19,23,CURTO,1.44,78.1,LATERALIDADE,Monitorar — Iron Condor futuro,68.4,CANDIDATA_PROXIMO_PREGAO,Liquidez score 78.1 ≥ 50 com vencimento CURTO — candidata para próximo pregão.
PETR4,PETRF502W4,CALL,49.69,2026-06-26,30,CURTO,0.7,78.1,CONTINUACAO_BAIXA,"Trava de Baixa, Put Debit Spread",68.4,CANDIDATA_PROXIMO_PREGAO,Liquidez score 78.1 ≥ 50 com vencimento CURTO — candidata para próximo pregão.
CPLE6,CPLEH14,CALL,14.55,2026-08-21,86,MEDIO,1.18,44.6,CONTINUACAO_ALTA,"Trava de Alta, Call Debit Spread",68.4,MONITORAR_NO_RTD,Liquidez score 44.6 ≥ 30 — monitorar confirmação via RTD.
PETR4,PETRG39,CALL,39.44,2026-07-17,51,MEDIO,6.0,94.7,CONTINUACAO_BAIXA,"Trava de Baixa, Put Debit Spread",68.4,MONITORAR_NO_RTD,Liquidez score 94.7 ≥ 30 — monitorar confirmação via RTD.
ITUB4,ITUBU399,PUT,39.66,2026-09-18,114,LONGO,1.46,61.0,RECUPERACAO_APOS_QUEDA,"Call Longa, Trava de Alta, Call Debit Spread",68.3,MONITORAR_NO_RTD,Liquidez score 61.0 ≥ 30 — monitorar confirmação via RTD.
RENT3,RENTS423,PUT,42.32,2026-07-17,51,MEDIO,1.77,61.1,RECUPERACAO_APOS_QUEDA,"Call Longa, Trava de Alta, Call Debit Spread",68.3,MONITORAR_NO_RTD,Liquidez score 61.1 ≥ 30 — monitorar confirmação via RTD.
GGBR4,GGBRR227,PUT,22.43,2026-06-19,23,CURTO,0.24,44.3,CONTINUACAO_ALTA,"Trava de Alta, Call Debit Spread",68.3,MONITORAR_NO_RTD,Liquidez score 44.3 ≥ 30 — monitorar confirmação via RTD.
GGBR4,GGBRF227,CALL,22.43,2026-06-19,23,CURTO,1.72,61.1,CONTINUACAO_ALTA,"Trava de Alta, Call Debit Spread",68.3,CANDIDATA_PROXIMO_PREGAO,Liquidez score 61.1 ≥ 50 com vencimento CURTO — candidata para próximo pregão.
PETR4,PETRF470,CALL,46.46,2026-06-19,23,CURTO,4.58,44.4,CONTINUACAO_BAIXA,"Trava de Baixa, Put Debit Spread",68.3,MONITORAR_NO_RTD,Liquidez score 44.4 ≥ 30 — monitorar confirmação via RTD.
B3SA3,B3SAG138,CALL,13.89,2026-07-17,51,MEDIO,3.21,77.6,RECUPERACAO_APOS_QUEDA,"Call Longa, Trava de Alta, Call Debit Spread",68.3,MONITORAR_NO_RTD,Liquidez score 77.6 ≥ 30 — monitorar confirmação via RTD.
PETR4,PETRF465,CALL,45.96,2026-06-19,23,CURTO,4.58,44.5,CONTINUACAO_BAIXA,"Trava de Baixa, Put Debit Spread",68.3,MONITORAR_NO_RTD,Liquidez score 44.5 ≥ 30 — monitorar confirmação via RTD.
PETR4,PETRT444,PUT,43.94,2026-08-21,86,MEDIO,2.0,44.4,CONTINUACAO_BAIXA,"Trava de Baixa, Put Debit Spread",68.3,MONITORAR_NO_RTD,Liquidez score 44.4 ≥ 30 — monitorar confirmação via RTD.
PETR4,PETRE480W5,CALL,47.46,2026-05-29,2,CURTO,0.11,44.4,CONTINUACAO_BAIXA,"Trava de Baixa, Put Debit Spread",68.3,MONITORAR_NO_RTD,Liquidez score 44.4 ≥ 30 — monitorar confirmação via RTD.
PRIO3,PRIOR655,PUT,65.5,2026-06-19,23,CURTO,1.69,77.6,LATERALIDADE,Monitorar — Iron Condor futuro,68.3,CANDIDATA_PROXIMO_PREGAO,Liquidez score 77.6 ≥ 50 com vencimento CURTO — candidata para próximo pregão.
B3SA3,B3SAS143,PUT,14.39,2026-07-17,51,MEDIO,0.15,77.8,RECUPERACAO_APOS_QUEDA,"Call Longa, Trava de Alta, Call Debit Spread",68.3,MONITORAR_NO_RTD,Liquidez score 77.8 ≥ 30 — monitorar confirmação via RTD.
PETR4,PETRR490W2,PUT,48.46,2026-06-12,16,CURTO,4.21,60.7,CONTINUACAO_BAIXA,"Trava de Baixa, Put Debit Spread",68.2,CANDIDATA_PROXIMO_PREGAO,Liquidez score 60.7 ≥ 50 com vencimento CURTO — candidata para próximo pregão.
CMIG4,CMIGS13,PUT,11.24,2026-07-17,51,MEDIO,0.29,44.1,RECUPERACAO_APOS_QUEDA,"Call Longa, Trava de Alta, Call Debit Spread",68.2,MONITORAR_NO_RTD,Liquidez score 44.1 ≥ 30 — monitorar confirmação via RTD.
TAEE11,TAEER390,PUT,37.64,2026-06-19,23,CURTO,0.4,44.0,RECUPERACAO_APOS_QUEDA,"Call Longa, Trava de Alta, Call Debit Spread",68.2,MONITORAR_NO_RTD,Liquidez score 44.0 ≥ 30 — monitorar confirmação via RTD.
WEGE3,WEGEF455,CALL,45.53,2026-06-19,23,CURTO,0.62,44.1,RECUPERACAO_APOS_QUEDA,"Call Longa, Trava de Alta, Call Debit Spread",68.2,MONITORAR_NO_RTD,Liquidez score 44.1 ≥ 30 — monitorar confirmação via RTD.
PETR4,PETRG459W4,CALL,45.94,2026-07-24,58,MEDIO,1.8,60.5,CONTINUACAO_BAIXA,"Trava de Baixa, Put Debit Spread",68.2,MONITORAR_NO_RTD,Liquidez score 60.5 ≥ 30 — monitorar confirmação via RTD.
EGIE3,EGIEG327,CALL,32.75,2026-07-17,51,MEDIO,1.22,43.9,RECUPERACAO_APOS_QUEDA,"Call Longa, Trava de Alta, Call Debit Spread",68.2,MONITORAR_NO_RTD,Liquidez score 43.9 ≥ 30 — monitorar confirmação via RTD.
BBDC4,BBDCF169,CALL,16.26,2026-06-19,23,CURTO,1.62,60.8,RECUPERACAO_APOS_QUEDA,"Call Longa, Trava de Alta, Call Debit Spread",68.2,CANDIDATA_PROXIMO_PREGAO,Liquidez score 60.8 ≥ 50 com vencimento CURTO — candidata para próximo pregão.
PETR4,PETRQ417W5,PUT,41.21,2026-05-29,2,CURTO,0.1,44.0,CONTINUACAO_BAIXA,"Trava de Baixa, Put Debit Spread",68.2,MONITORAR_NO_RTD,Liquidez score 44.0 ≥ 30 — monitorar confirmação via RTD.
CPLE6,CPLEH142,CALL,14.25,2026-08-21,86,MEDIO,2.42,44.1,CONTINUACAO_ALTA,"Trava de Alta, Call Debit Spread",68.2,MONITORAR_NO_RTD,Liquidez score 44.1 ≥ 30 — monitorar confirmação via RTD.
ENEV3,ENEVT265,PUT,26.5,2026-08-21,86,MEDIO,2.26,60.3,PROTECAO_CARTEIRA,"Protective Put, Collar",68.1,MONITORAR_NO_RTD,Liquidez score 60.3 ≥ 30 — monitorar confirmação via RTD.
PETR4,PETRF480W1,CALL,47.46,2026-06-05,9,CURTO,0.3,43.8,CONTINUACAO_BAIXA,"Trava de Baixa, Put Debit Spread",68.1,MONITORAR_NO_RTD,Liquidez score 43.8 ≥ 30 — monitorar confirmação via RTD.
ITUB4,ITUBR381W4,PUT,38.15,2026-06-26,30,CURTO,0.5,43.8,RECUPERACAO_APOS_QUEDA,"Call Longa, Trava de Alta, Call Debit Spread",68.1,MONITORAR_NO_RTD,Liquidez score 43.8 ≥ 30 — monitorar confirmação via RTD.
SUZB3,SUZBR451,PUT,45.17,2026-06-19,23,CURTO,3.08,60.3,RECUPERACAO_APOS_QUEDA,"Call Longa, Trava de Alta, Call Debit Spread",68.1,CANDIDATA_PROXIMO_PREGAO,Liquidez score 60.3 ≥ 50 com vencimento CURTO — candidata para próximo pregão.
ITUB4,ITUBH440,CALL,40.16,2026-08-21,86,MEDIO,2.86,43.2,RECUPERACAO_APOS_QUEDA,"Call Longa, Trava de Alta, Call Debit Spread",68.0,MONITORAR_NO_RTD,Liquidez score 43.2 ≥ 30 — monitorar confirmação via RTD.
ITUB4,ITUBR480,PUT,47.69,2026-06-19,23,CURTO,7.46,76.8,RECUPERACAO_APOS_QUEDA,"Call Longa, Trava de Alta, Call Debit Spread",68.0,CANDIDATA_PROXIMO_PREGAO,Liquidez score 76.8 ≥ 50 com vencimento CURTO — candidata para próximo pregão.
PETR4,PETRR782,PUT,77.69,2026-06-19,23,CURTO,31.71,76.8,CONTINUACAO_BAIXA,"Trava de Baixa, Put Debit Spread",68.0,CANDIDATA_PROXIMO_PREGAO,Liquidez score 76.8 ≥ 50 com vencimento CURTO — candidata para próximo pregão.
ITUB4,ITUBE408W5,CALL,40.86,2026-05-29,2,CURTO,0.14,43.2,RECUPERACAO_APOS_QUEDA,"Call Longa, Trava de Alta, Call Debit Spread",68.0,MONITORAR_NO_RTD,Liquidez score 43.2 ≥ 30 — monitorar confirmação via RTD.
PETR4,PETRT492,PUT,48.69,2026-08-21,86,MEDIO,4.5,76.8,CONTINUACAO_BAIXA,"Trava de Baixa, Put Debit Spread",68.0,MONITORAR_NO_RTD,Liquidez score 76.8 ≥ 30 — monitorar confirmação via RTD.
EGIE3,EGIEF337,CALL,33.25,2026-06-19,23,CURTO,0.54,43.4,RECUPERACAO_APOS_QUEDA,"Call Longa, Trava de Alta, Call Debit Spread",68.0,MONITORAR_NO_RTD,Liquidez score 43.4 ≥ 30 — monitorar confirmação via RTD.
PETR4,PETRF304,CALL,29.94,2026-06-19,23,CURTO,15.2,76.8,CONTINUACAO_BAIXA,"Trava de Baixa, Put Debit Spread",68.0,CANDIDATA_PROXIMO_PREGAO,Liquidez score 76.8 ≥ 50 com vencimento CURTO — candidata para próximo pregão.
PRIO3,PRIOF725,CALL,72.5,2026-06-19,23,CURTO,1.75,76.5,LATERALIDADE,Monitorar — Iron Condor futuro,68.0,CANDIDATA_PROXIMO_PREGAO,Liquidez score 76.5 ≥ 50 com vencimento CURTO — candidata para próximo pregão.
PETR4,PETRE495W5,CALL,48.96,2026-05-29,2,CURTO,0.04,43.5,CONTINUACAO_BAIXA,"Trava de Baixa, Put Debit Spread",68.0,MONITORAR_NO_RTD,Liquidez score 43.5 ≥ 30 — monitorar confirmação via RTD.
BBDC4,BBDCE186W5,CALL,18.66,2026-05-29,2,CURTO,0.02,43.4,RECUPERACAO_APOS_QUEDA,"Call Longa, Trava de Alta, Call Debit Spread",68.0,MONITORAR_NO_RTD,Liquidez score 43.4 ≥ 30 — monitorar confirmação via RTD.
BPAC11,BPACR498,PUT,49.8,2026-06-19,23,CURTO,0.46,43.5,RECUPERACAO_APOS_QUEDA,"Call Longa, Trava de Alta, Call Debit Spread",68.0,MONITORAR_NO_RTD,Liquidez score 43.5 ≥ 30 — monitorar confirmação via RTD.
VALE3,VALEE800W5,CALL,80.0,2026-05-29,2,CURTO,3.14,93.4,LATERALIDADE,Monitorar — Iron Condor futuro,68.0,CANDIDATA_PROXIMO_PREGAO,Liquidez score 93.4 ≥ 50 com vencimento CURTO — candidata para próximo pregão.
HAPV3,HAPVF110,CALL,11.0,2026-06-19,23,CURTO,1.4,60.1,CONTINUACAO_BAIXA,"Trava de Baixa, Put Debit Spread",68.0,CANDIDATA_PROXIMO_PREGAO,Liquidez score 60.1 ≥ 50 com vencimento CURTO — candidata para próximo pregão.
PETR4,PETRF490W1,CALL,48.46,2026-06-05,9,CURTO,0.19,43.0,CONTINUACAO_BAIXA,"Trava de Baixa, Put Debit Spread",67.9,MONITORAR_NO_RTD,Liquidez score 43.0 ≥ 30 — monitorar confirmação via RTD.
BBAS3,BBASG221W2,CALL,22.1,2026-07-10,44,MEDIO,0.31,59.6,RECUPERACAO_APOS_QUEDA,"Call Longa, Trava de Alta, Call Debit Spread",67.9,MONITORAR_NO_RTD,Liquidez score 59.6 ≥ 30 — monitorar confirmação via RTD.
ITUB4,ITUBS423,PUT,38.55,2026-07-17,51,MEDIO,0.83,59.8,RECUPERACAO_APOS_QUEDA,"Call Longa, Trava de Alta, Call Debit Spread",67.9,MONITORAR_NO_RTD,Liquidez score 59.8 ≥ 30 — monitorar confirmação via RTD.
PRIO3,PRIOR665,PUT,66.5,2026-06-19,23,CURTO,2.1,76.4,LATERALIDADE,Monitorar — Iron Condor futuro,67.9,CANDIDATA_PROXIMO_PREGAO,Liquidez score 76.4 ≥ 50 com vencimento CURTO — candidata para próximo pregão.
GGBR4,GGBRF251,CALL,24.93,2026-06-19,23,CURTO,0.44,43.0,CONTINUACAO_ALTA,"Trava de Alta, Call Debit Spread",67.9,MONITORAR_NO_RTD,Liquidez score 43.0 ≥ 30 — monitorar confirmação via RTD.
EGIE3,EGIEF334,CALL,33.0,2026-06-19,23,CURTO,0.65,42.9,RECUPERACAO_APOS_QUEDA,"Call Longa, Trava de Alta, Call Debit Spread",67.9,MONITORAR_NO_RTD,Liquidez score 42.9 ≥ 30 — monitorar confirmação via RTD.
BBDC4,BBDCR209,PUT,19.76,2026-06-19,23,CURTO,1.96,76.3,RECUPERACAO_APOS_QUEDA,"Call Longa, Trava de Alta, Call Debit Spread",67.9,CANDIDATA_PROXIMO_PREGAO,Liquidez score 76.3 ≥ 50 com vencimento CURTO — candidata para próximo pregão.
BBAS3,BBASQ251W5,PUT,25.1,2026-05-29,2,CURTO,4.38,76.2,RECUPERACAO_APOS_QUEDA,"Call Longa, Trava de Alta, Call Debit Spread",67.9,CANDIDATA_PROXIMO_PREGAO,Liquidez score 76.2 ≥ 50 com vencimento CURTO — candidata para próximo pregão.
ITUB4,ITUBS404,PUT,36.85,2026-07-17,51,MEDIO,0.38,59.7,RECUPERACAO_APOS_QUEDA,"Call Longa, Trava de Alta, Call Debit Spread",67.9,MONITORAR_NO_RTD,Liquidez score 59.7 ≥ 30 — monitorar confirmação via RTD.
SUZB3,SUZBR456,PUT,45.67,2026-06-19,23,CURTO,3.16,59.6,RECUPERACAO_APOS_QUEDA,"Call Longa, Trava de Alta, Call Debit Spread",67.9,CANDIDATA_PROXIMO_PREGAO,Liquidez score 59.6 ≥ 50 com vencimento CURTO — candidata para próximo pregão.
B3SA3,B3SAF131,CALL,12.72,2026-06-19,23,CURTO,4.06,59.8,RECUPERACAO_APOS_QUEDA,"Call Longa, Trava de Alta, Call Debit Spread",67.9,CANDIDATA_PROXIMO_PREGAO,Liquidez score 59.8 ≥ 50 com vencimento CURTO — candidata para próximo pregão.
BBDC4,BBDCF148,CALL,14.24,2026-06-19,23,CURTO,1.21,76.0,RECUPERACAO_APOS_QUEDA,"Call Longa, Trava de Alta, Call Debit Spread",67.8,CANDIDATA_PROXIMO_PREGAO,Liquidez score 76.0 ≥ 50 com vencimento CURTO — candidata para próximo pregão.
BBDC4,BBDCR243,PUT,24.01,2026-06-19,23,CURTO,5.49,76.0,RECUPERACAO_APOS_QUEDA,"Call Longa, Trava de Alta, Call Debit Spread",67.8,CANDIDATA_PROXIMO_PREGAO,Liquidez score 76.0 ≥ 50 com vencimento CURTO — candidata para próximo pregão.
PETR4,PETRG325,CALL,31.19,2026-07-17,51,MEDIO,13.6,92.8,CONTINUACAO_BAIXA,"Trava de Baixa, Put Debit Spread",67.8,MONITORAR_NO_RTD,Liquidez score 92.8 ≥ 30 — monitorar confirmação via RTD.
WEGE3,WEGEF454W1,CALL,45.42,2026-06-05,9,CURTO,0.24,42.5,RECUPERACAO_APOS_QUEDA,"Call Longa, Trava de Alta, Call Debit Spread",67.8,MONITORAR_NO_RTD,Liquidez score 42.5 ≥ 30 — monitorar confirmação via RTD.
PETR4,PETRE492W5,CALL,48.71,2026-05-29,2,CURTO,0.04,42.5,CONTINUACAO_BAIXA,"Trava de Baixa, Put Debit Spread",67.8,MONITORAR_NO_RTD,Liquidez score 42.5 ≥ 30 — monitorar confirmação via RTD.
BBAS3,BBASG225,CALL,22.26,2026-07-17,51,MEDIO,0.45,59.4,RECUPERACAO_APOS_QUEDA,"Call Longa, Trava de Alta, Call Debit Spread",67.8,MONITORAR_NO_RTD,Liquidez score 59.4 ≥ 30 — monitorar confirmação via RTD.
GGBR4,GGBRM240,PUT,23.28,2027-01-15,233,EXTRA_LONGO,1.15,92.8,CONTINUACAO_ALTA,"Trava de Alta, Call Debit Spread",67.8,MONITORAR_NO_RTD,Liquidez score 92.8 ≥ 30 — monitorar confirmação via RTD.
WEGE3,WEGEF473,CALL,47.28,2026-06-19,23,CURTO,0.31,42.6,RECUPERACAO_APOS_QUEDA,"Call Longa, Trava de Alta, Call Debit Spread",67.8,MONITORAR_NO_RTD,Liquidez score 42.6 ≥ 30 — monitorar confirmação via RTD.
PETR4,PETRR762,PUT,75.69,2026-06-19,23,CURTO,25.65,76.0,CONTINUACAO_BAIXA,"Trava de Baixa, Put Debit Spread",67.8,CANDIDATA_PROXIMO_PREGAO,Liquidez score 76.0 ≥ 50 com vencimento CURTO — candidata para próximo pregão.
ITUB4,ITUBQ383W5,PUT,38.36,2026-05-29,2,CURTO,0.18,42.7,RECUPERACAO_APOS_QUEDA,"Call Longa, Trava de Alta, Call Debit Spread",67.8,MONITORAR_NO_RTD,Liquidez score 42.7 ≥ 30 — monitorar confirmação via RTD.
SUZB3,SUZBF456,CALL,45.67,2026-06-19,23,CURTO,0.16,42.5,RECUPERACAO_APOS_QUEDA,"Call Longa, Trava de Alta, Call Debit Spread",67.8,MONITORAR_NO_RTD,Liquidez score 42.5 ≥ 30 — monitorar confirmação via RTD.
ITUB4,ITUBT39,PUT,39.66,2026-08-21,86,MEDIO,1.45,42.8,RECUPERACAO_APOS_QUEDA,"Call Longa, Trava de Alta, Call Debit Spread",67.8,MONITORAR_NO_RTD,Liquidez score 42.8 ≥ 30 — monitorar confirmação via RTD.
PETR4,PETRT414,PUT,40.94,2026-08-21,86,MEDIO,1.1,59.2,CONTINUACAO_BAIXA,"Trava de Baixa, Put Debit Spread",67.8,MONITORAR_NO_RTD,Liquidez score 59.2 ≥ 30 — monitorar confirmação via RTD.
BBAS3,BBASR257W1,PUT,25.76,2026-06-05,9,CURTO,4.87,76.0,RECUPERACAO_APOS_QUEDA,"Call Longa, Trava de Alta, Call Debit Spread",67.8,CANDIDATA_PROXIMO_PREGAO,Liquidez score 76.0 ≥ 50 com vencimento CURTO — candidata para próximo pregão.
PETR4,PETRR425W1,PUT,41.96,2026-06-05,9,CURTO,0.36,42.7,CONTINUACAO_BAIXA,"Trava de Baixa, Put Debit Spread",67.8,MONITORAR_NO_RTD,Liquidez score 42.7 ≥ 30 — monitorar confirmação via RTD.
PETR4,PETRR852,PUT,84.69,2026-06-19,23,CURTO,37.16,76.0,CONTINUACAO_BAIXA,"Trava de Baixa, Put Debit Spread",67.8,CANDIDATA_PROXIMO_PREGAO,Liquidez score 76.0 ≥ 50 com vencimento CURTO — candidata para próximo pregão.
PETR4,PETRF117,CALL,11.19,2026-06-19,23,CURTO,34.11,76.0,CONTINUACAO_BAIXA,"Trava de Baixa, Put Debit Spread",67.8,CANDIDATA_PROXIMO_PREGAO,Liquidez score 76.0 ≥ 50 com vencimento CURTO — candidata para próximo pregão.
PETR4,PETRE497W5,CALL,49.21,2026-05-29,2,CURTO,0.03,42.7,CONTINUACAO_BAIXA,"Trava de Baixa, Put Debit Spread",67.8,MONITORAR_NO_RTD,Liquidez score 42.7 ≥ 30 — monitorar confirmação via RTD.
VALE3,VALES826,PUT,82.65,2026-07-17,51,MEDIO,2.56,76.0,LATERALIDADE,Monitorar — Iron Condor futuro,67.8,MONITORAR_NO_RTD,Liquidez score 76.0 ≥ 30 — monitorar confirmação via RTD.
PETR4,PETRS517,PUT,51.19,2026-07-17,51,MEDIO,5.99,92.2,CONTINUACAO_BAIXA,"Trava de Baixa, Put Debit Spread",67.7,MONITORAR_NO_RTD,Liquidez score 92.2 ≥ 30 — monitorar confirmação via RTD.
ITUB4,ITUBF42,CALL,42.01,2026-06-19,23,CURTO,0.5,42.4,RECUPERACAO_APOS_QUEDA,"Call Longa, Trava de Alta, Call Debit Spread",67.7,MONITORAR_NO_RTD,Liquidez score 42.4 ≥ 30 — monitorar confirmação via RTD.
RENT3,RENTR425,PUT,42.12,2026-06-19,23,CURTO,1.32,42.3,RECUPERACAO_APOS_QUEDA,"Call Longa, Trava de Alta, Call Debit Spread",67.7,MONITORAR_NO_RTD,Liquidez score 42.3 ≥ 30 — monitorar confirmação via RTD.
BBAS3,BBASE221W5,CALL,22.1,2026-05-29,2,CURTO,0.04,42.2,RECUPERACAO_APOS_QUEDA,"Call Longa, Trava de Alta, Call Debit Spread",67.7,MONITORAR_NO_RTD,Liquidez score 42.2 ≥ 30 — monitorar confirmação via RTD.
BBAS3,BBASQ196W5,PUT,19.6,2026-05-29,2,CURTO,0.02,42.3,RECUPERACAO_APOS_QUEDA,"Call Longa, Trava de Alta, Call Debit Spread",67.7,MONITORAR_NO_RTD,Liquidez score 42.3 ≥ 30 — monitorar confirmação via RTD.
BBDC4,BBDCR175,PUT,16.99,2026-06-19,23,CURTO,1.35,42.3,RECUPERACAO_APOS_QUEDA,"Call Longa, Trava de Alta, Call Debit Spread",67.7,MONITORAR_NO_RTD,Liquidez score 42.3 ≥ 30 — monitorar confirmação via RTD.
PETR4,PETRF547,CALL,54.19,2026-06-19,23,CURTO,0.1,75.5,CONTINUACAO_BAIXA,"Trava de Baixa, Put Debit Spread",67.7,CANDIDATA_PROXIMO_PREGAO,Liquidez score 75.5 ≥ 50 com vencimento CURTO — candidata para próximo pregão.
VALE3,VALEQ810W5,PUT,81.0,2026-05-29,2,CURTO,0.42,75.6,LATERALIDADE,Monitorar — Iron Condor futuro,67.7,CANDIDATA_PROXIMO_PREGAO,Liquidez score 75.6 ≥ 50 com vencimento CURTO — candidata para próximo pregão.
BBDC4,BBDCF191W2,CALL,19.16,2026-06-12,16,CURTO,0.19,42.2,RECUPERACAO_APOS_QUEDA,"Call Longa, Trava de Alta, Call Debit Spread",67.7,MONITORAR_NO_RTD,Liquidez score 42.2 ≥ 30 — monitorar confirmação via RTD.
PETR4,PETRR410W2,PUT,40.46,2026-06-12,16,CURTO,0.26,42.0,CONTINUACAO_BAIXA,"Trava de Baixa, Put Debit Spread",67.6,MONITORAR_NO_RTD,Liquidez score 42.0 ≥ 30 — monitorar confirmação via RTD.
ITUB4,ITUBF231,CALL,19.94,2026-06-19,23,CURTO,20.06,75.2,RECUPERACAO_APOS_QUEDA,"Call Longa, Trava de Alta, Call Debit Spread",67.6,CANDIDATA_PROXIMO_PREGAO,Liquidez score 75.2 ≥ 50 com vencimento CURTO — candidata para próximo pregão.
WEGE3,WEGEE455W5,CALL,45.42,2026-05-29,2,CURTO,0.08,42.0,RECUPERACAO_APOS_QUEDA,"Call Longa, Trava de Alta, Call Debit Spread",67.6,MONITORAR_NO_RTD,Liquidez score 42.0 ≥ 30 — monitorar confirmação via RTD.
HAPV3,HAPVS165,PUT,16.5,2026-07-17,51,MEDIO,3.31,92.0,CONTINUACAO_BAIXA,"Trava de Baixa, Put Debit Spread",67.6,MONITORAR_NO_RTD,Liquidez score 92.0 ≥ 30 — monitorar confirmação via RTD.
BBDC4,BBDCR197,PUT,19.49,2026-06-19,23,CURTO,3.26,58.8,RECUPERACAO_APOS_QUEDA,"Call Longa, Trava de Alta, Call Debit Spread",67.6,CANDIDATA_PROXIMO_PREGAO,Liquidez score 58.8 ≥ 50 com vencimento CURTO — candidata para próximo pregão.
TAEE11,TAEER385,PUT,37.14,2026-06-19,23,CURTO,0.29,41.9,RECUPERACAO_APOS_QUEDA,"Call Longa, Trava de Alta, Call Debit Spread",67.6,MONITORAR_NO_RTD,Liquidez score 41.9 ≥ 30 — monitorar confirmação via RTD.
BBDC4,BBDCG110,CALL,9.41,2026-07-17,51,MEDIO,8.75,92.0,RECUPERACAO_APOS_QUEDA,"Call Longa, Trava de Alta, Call Debit Spread",67.6,MONITORAR_NO_RTD,Liquidez score 92.0 ≥ 30 — monitorar confirmação via RTD.
SUZB3,SUZBR526,PUT,52.67,2026-06-19,23,CURTO,9.0,75.2,RECUPERACAO_APOS_QUEDA,"Call Longa, Trava de Alta, Call Debit Spread",67.6,CANDIDATA_PROXIMO_PREGAO,Liquidez score 75.2 ≥ 50 com vencimento CURTO — candidata para próximo pregão.
BPAC11,BPACF393,CALL,39.3,2026-06-19,23,CURTO,15.7,75.2,RECUPERACAO_APOS_QUEDA,"Call Longa, Trava de Alta, Call Debit Spread",67.6,CANDIDATA_PROXIMO_PREGAO,Liquidez score 75.2 ≥ 50 com vencimento CURTO — candidata para próximo pregão.
PETR4,PETRR832,PUT,82.69,2026-06-19,23,CURTO,31.97,75.2,CONTINUACAO_BAIXA,"Trava de Baixa, Put Debit Spread",67.6,CANDIDATA_PROXIMO_PREGAO,Liquidez score 75.2 ≥ 50 com vencimento CURTO — candidata para próximo pregão.
RENT3,RENTF481W2,CALL,48.12,2026-06-12,16,CURTO,0.74,41.9,RECUPERACAO_APOS_QUEDA,"Call Longa, Trava de Alta, Call Debit Spread",67.6,MONITORAR_NO_RTD,Liquidez score 41.9 ≥ 30 — monitorar confirmação via RTD.
BBDC4,BBDCF194W2,CALL,19.41,2026-06-12,16,CURTO,0.71,41.9,RECUPERACAO_APOS_QUEDA,"Call Longa, Trava de Alta, Call Debit Spread",67.6,MONITORAR_NO_RTD,Liquidez score 41.9 ≥ 30 — monitorar confirmação via RTD.
TAEE11,TAEEF422,CALL,40.89,2026-06-19,23,CURTO,0.26,41.7,RECUPERACAO_APOS_QUEDA,"Call Longa, Trava de Alta, Call Debit Spread",67.5,MONITORAR_NO_RTD,Liquidez score 41.7 ≥ 30 — monitorar confirmação via RTD.
GGBR4,GGBRF232,CALL,22.93,2026-06-19,23,CURTO,1.52,58.2,CONTINUACAO_ALTA,"Trava de Alta, Call Debit Spread",67.5,CANDIDATA_PROXIMO_PREGAO,Liquidez score 58.2 ≥ 50 com vencimento CURTO — candidata para próximo pregão.
BBDC4,BBDCR169,PUT,16.26,2026-06-19,23,CURTO,0.08,41.6,RECUPERACAO_APOS_QUEDA,"Call Longa, Trava de Alta, Call Debit Spread",67.5,MONITORAR_NO_RTD,Liquidez score 41.6 ≥ 30 — monitorar confirmação via RTD.
SUZB3,SUZBR449,PUT,44.92,2026-06-19,23,CURTO,2.77,58.3,RECUPERACAO_APOS_QUEDA,"Call Longa, Trava de Alta, Call Debit Spread",67.5,CANDIDATA_PROXIMO_PREGAO,Liquidez score 58.3 ≥ 50 com vencimento CURTO — candidata para próximo pregão.
HAPV3,HAPVQ115W5,PUT,11.5,2026-05-29,2,CURTO,0.19,41.6,CONTINUACAO_BAIXA,"Trava de Baixa, Put Debit Spread",67.5,MONITORAR_NO_RTD,Liquidez score 41.6 ≥ 30 — monitorar confirmação via RTD.
ABEV3,ABEVR146,PUT,14.67,2026-06-19,23,CURTO,0.06,41.6,CONTINUACAO_ALTA,"Trava de Alta, Call Debit Spread",67.5,MONITORAR_NO_RTD,Liquidez score 41.6 ≥ 30 — monitorar confirmação via RTD.
ENEV3,ENEVG280,CALL,28.0,2026-07-17,51,MEDIO,0.76,75.1,PROTECAO_CARTEIRA,"Protective Put, Collar",67.5,MONITORAR_NO_RTD,Liquidez score 75.1 ≥ 30 — monitorar confirmação via RTD.
PETR4,PETRR802,PUT,79.69,2026-06-19,23,CURTO,31.39,75.0,CONTINUACAO_BAIXA,"Trava de Baixa, Put Debit Spread",67.5,CANDIDATA_PROXIMO_PREGAO,Liquidez score 75.0 ≥ 50 com vencimento CURTO — candidata para próximo pregão.
EGIE3,EGIEF347,CALL,34.25,2026-06-19,23,CURTO,0.25,41.5,RECUPERACAO_APOS_QUEDA,"Call Longa, Trava de Alta, Call Debit Spread",67.5,MONITORAR_NO_RTD,Liquidez score 41.5 ≥ 30 — monitorar confirmação via RTD.
SUZB3,SUZBF461,CALL,46.17,2026-06-19,23,CURTO,0.13,41.6,RECUPERACAO_APOS_QUEDA,"Call Longa, Trava de Alta, Call Debit Spread",67.5,MONITORAR_NO_RTD,Liquidez score 41.6 ≥ 30 — monitorar confirmação via RTD.
ABEV3,ABEVR149,PUT,14.92,2026-06-19,23,CURTO,0.08,41.4,CONTINUACAO_ALTA,"Trava de Alta, Call Debit Spread",67.4,MONITORAR_NO_RTD,Liquidez score 41.4 ≥ 30 — monitorar confirmação via RTD.
SUZB3,SUZBF461W4,CALL,46.17,2026-06-26,30,CURTO,0.61,41.4,RECUPERACAO_APOS_QUEDA,"Call Longa, Trava de Alta, Call Debit Spread",67.4,MONITORAR_NO_RTD,Liquidez score 41.4 ≥ 30 — monitorar confirmação via RTD.
ITUB4,ITUBT424,PUT,42.16,2026-08-21,86,MEDIO,2.36,74.8,RECUPERACAO_APOS_QUEDA,"Call Longa, Trava de Alta, Call Debit Spread",67.4,MONITORAR_NO_RTD,Liquidez score 74.8 ≥ 30 — monitorar confirmação via RTD.
ITUB4,ITUBE418W5,CALL,41.86,2026-05-29,2,CURTO,0.05,41.4,RECUPERACAO_APOS_QUEDA,"Call Longa, Trava de Alta, Call Debit Spread",67.4,MONITORAR_NO_RTD,Liquidez score 41.4 ≥ 30 — monitorar confirmação via RTD.
WEGE3,WEGER458,PUT,43.78,2026-06-19,23,CURTO,1.6,58.1,RECUPERACAO_APOS_QUEDA,"Call Longa, Trava de Alta, Call Debit Spread",67.4,CANDIDATA_PROXIMO_PREGAO,Liquidez score 58.1 ≥ 50 com vencimento CURTO — candidata para próximo pregão.
ABEV3,ABEVF176,CALL,17.67,2026-06-19,23,CURTO,0.06,41.2,CONTINUACAO_ALTA,"Trava de Alta, Call Debit Spread",67.4,MONITORAR_NO_RTD,Liquidez score 41.2 ≥ 30 — monitorar confirmação via RTD.
PETR4,PETRF167,CALL,16.19,2026-06-19,23,CURTO,29.65,74.7,CONTINUACAO_BAIXA,"Trava de Baixa, Put Debit Spread",67.4,CANDIDATA_PROXIMO_PREGAO,Liquidez score 74.7 ≥ 50 com vencimento CURTO — candidata para próximo pregão.
PETR4,PETRS48,PUT,47.94,2026-07-17,51,MEDIO,3.98,74.8,CONTINUACAO_BAIXA,"Trava de Baixa, Put Debit Spread",67.4,MONITORAR_NO_RTD,Liquidez score 74.8 ≥ 30 — monitorar confirmação via RTD.
PETR4,PETRQ470W5,PUT,46.46,2026-05-29,2,CURTO,2.17,58.1,CONTINUACAO_BAIXA,"Trava de Baixa, Put Debit Spread",67.4,CANDIDATA_PROXIMO_PREGAO,Liquidez score 58.1 ≥ 50 com vencimento CURTO — candidata para próximo pregão.
GGBR4,GGBRF261,CALL,25.93,2026-06-19,23,CURTO,0.19,41.2,CONTINUACAO_ALTA,"Trava de Alta, Call Debit Spread",67.4,MONITORAR_NO_RTD,Liquidez score 41.2 ≥ 30 — monitorar confirmação via RTD.
SUZB3,SUZBG428,CALL,42.88,2026-07-17,51,MEDIO,1.44,57.9,RECUPERACAO_APOS_QUEDA,"Call Longa, Trava de Alta, Call Debit Spread",67.4,MONITORAR_NO_RTD,Liquidez score 57.9 ≥ 30 — monitorar confirmação via RTD.
BBDC4,BBDCG183,CALL,18.41,2026-07-17,51,MEDIO,0.53,57.9,RECUPERACAO_APOS_QUEDA,"Call Longa, Trava de Alta, Call Debit Spread",67.4,MONITORAR_NO_RTD,Liquidez score 57.9 ≥ 30 — monitorar confirmação via RTD.
VALE3,VALES78,PUT,78.0,2026-07-17,51,MEDIO,1.14,90.9,LATERALIDADE,Monitorar — Iron Condor futuro,67.3,MONITORAR_NO_RTD,Liquidez score 90.9 ≥ 30 — monitorar confirmação via RTD.
PETR4,PETRF435,CALL,42.96,2026-06-19,23,CURTO,7.79,57.8,CONTINUACAO_BAIXA,"Trava de Baixa, Put Debit Spread",67.3,CANDIDATA_PROXIMO_PREGAO,Liquidez score 57.8 ≥ 50 com vencimento CURTO — candidata para próximo pregão.
WEGE3,WEGER511,PUT,49.03,2026-06-19,23,CURTO,5.9,74.4,RECUPERACAO_APOS_QUEDA,"Call Longa, Trava de Alta, Call Debit Spread",67.3,CANDIDATA_PROXIMO_PREGAO,Liquidez score 74.4 ≥ 50 com vencimento CURTO — candidata para próximo pregão.
ITUB4,ITUBR433W2,PUT,43.36,2026-06-12,16,CURTO,1.61,57.8,RECUPERACAO_APOS_QUEDA,"Call Longa, Trava de Alta, Call Debit Spread",67.3,CANDIDATA_PROXIMO_PREGAO,Liquidez score 57.8 ≥ 50 com vencimento CURTO — candidata para próximo pregão.
RADL3,RADLF186,CALL,18.62,2026-06-19,23,CURTO,0.57,41.1,CONTINUACAO_BAIXA,"Trava de Baixa, Put Debit Spread",67.3,MONITORAR_NO_RTD,Liquidez score 41.1 ≥ 30 — monitorar confirmação via RTD.
PETR4,PETRS487,PUT,48.19,2026-07-17,51,MEDIO,4.15,74.1,CONTINUACAO_BAIXA,"Trava de Baixa, Put Debit Spread",67.2,MONITORAR_NO_RTD,Liquidez score 74.1 ≥ 30 — monitorar confirmação via RTD.
BBDC4,BBDCB181,CALL,18.16,2027-02-19,268,EXTRA_LONGO,2.3,90.5,RECUPERACAO_APOS_QUEDA,"Call Longa, Trava de Alta, Call Debit Spread",67.2,MONITORAR_NO_RTD,Liquidez score 90.5 ≥ 30 — monitorar confirmação via RTD.
PETR4,PETRR697,PUT,69.19,2026-06-19,23,CURTO,23.26,74.0,CONTINUACAO_BAIXA,"Trava de Baixa, Put Debit Spread",67.2,CANDIDATA_PROXIMO_PREGAO,Liquidez score 74.0 ≥ 50 com vencimento CURTO — candidata para próximo pregão.
B3SA3,B3SAS180,PUT,17.64,2026-07-17,51,MEDIO,1.27,57.2,RECUPERACAO_APOS_QUEDA,"Call Longa, Trava de Alta, Call Debit Spread",67.2,MONITORAR_NO_RTD,Liquidez score 57.2 ≥ 30 — monitorar confirmação via RTD.
BBAS3,BBASF222W1,CALL,22.26,2026-06-05,9,CURTO,0.07,40.5,RECUPERACAO_APOS_QUEDA,"Call Longa, Trava de Alta, Call Debit Spread",67.2,MONITORAR_NO_RTD,Liquidez score 40.5 ≥ 30 — monitorar confirmação via RTD.
ITUB4,ITUBR540,PUT,53.69,2026-06-19,23,CURTO,11.67,74.0,RECUPERACAO_APOS_QUEDA,"Call Longa, Trava de Alta, Call Debit Spread",67.2,CANDIDATA_PROXIMO_PREGAO,Liquidez score 74.0 ≥ 50 com vencimento CURTO — candidata para próximo pregão.
ITUB4,ITUBS403,PUT,36.61,2026-07-17,51,MEDIO,0.34,57.4,RECUPERACAO_APOS_QUEDA,"Call Longa, Trava de Alta, Call Debit Spread",67.2,MONITORAR_NO_RTD,Liquidez score 57.4 ≥ 30 — monitorar confirmação via RTD.
BPAC11,BPACF565W1,CALL,56.5,2026-06-05,9,CURTO,0.44,40.5,RECUPERACAO_APOS_QUEDA,"Call Longa, Trava de Alta, Call Debit Spread",67.2,MONITORAR_NO_RTD,Liquidez score 40.5 ≥ 30 — monitorar confirmação via RTD.
SUZB3,SUZBS536,PUT,53.63,2026-07-17,51,MEDIO,10.0,90.7,RECUPERACAO_APOS_QUEDA,"Call Longa, Trava de Alta, Call Debit Spread",67.2,MONITORAR_NO_RTD,Liquidez score 90.7 ≥ 30 — monitorar confirmação via RTD.
CMIG4,CMIGR125,PUT,10.74,2026-06-19,23,CURTO,0.07,40.6,RECUPERACAO_APOS_QUEDA,"Call Longa, Trava de Alta, Call Debit Spread",67.2,MONITORAR_NO_RTD,Liquidez score 40.6 ≥ 30 — monitorar confirmação via RTD.
SUZB3,SUZBF435W1,CALL,43.5,2026-06-05,9,CURTO,0.27,40.5,RECUPERACAO_APOS_QUEDA,"Call Longa, Trava de Alta, Call Debit Spread",67.2,MONITORAR_NO_RTD,Liquidez score 40.5 ≥ 30 — monitorar confirmação via RTD.
WEGE3,WEGEG435W2,CALL,43.53,2026-07-10,44,MEDIO,0.96,40.8,RECUPERACAO_APOS_QUEDA,"Call Longa, Trava de Alta, Call Debit Spread",67.2,MONITORAR_NO_RTD,Liquidez score 40.8 ≥ 30 — monitorar confirmação via RTD.
HAPV3,HAPVQ125W5,PUT,12.5,2026-05-29,2,CURTO,0.68,57.2,CONTINUACAO_BAIXA,"Trava de Baixa, Put Debit Spread",67.2,CANDIDATA_PROXIMO_PREGAO,Liquidez score 57.2 ≥ 50 com vencimento CURTO — candidata para próximo pregão.
GGBR4,GGBRF226W4,CALL,22.61,2026-06-26,30,CURTO,0.56,57.5,CONTINUACAO_ALTA,"Trava de Alta, Call Debit Spread",67.2,CANDIDATA_PROXIMO_PREGAO,Liquidez score 57.5 ≥ 50 com vencimento CURTO — candidata para próximo pregão.
PETR4,PETRR495,PUT,48.96,2026-06-19,23,CURTO,1.38,57.2,CONTINUACAO_BAIXA,"Trava de Baixa, Put Debit Spread",67.2,CANDIDATA_PROXIMO_PREGAO,Liquidez score 57.2 ≥ 50 com vencimento CURTO — candidata para próximo pregão.
SUZB3,SUZBE435W5,CALL,43.5,2026-05-29,2,CURTO,0.15,40.7,RECUPERACAO_APOS_QUEDA,"Call Longa, Trava de Alta, Call Debit Spread",67.2,MONITORAR_NO_RTD,Liquidez score 40.7 ≥ 30 — monitorar confirmação via RTD.
WEGE3,WEGEE460W5,CALL,45.92,2026-05-29,2,CURTO,0.05,40.6,RECUPERACAO_APOS_QUEDA,"Call Longa, Trava de Alta, Call Debit Spread",67.2,MONITORAR_NO_RTD,Liquidez score 40.6 ≥ 30 — monitorar confirmação via RTD.
HAPV3,HAPVQ110W5,PUT,11.0,2026-05-29,2,CURTO,0.08,40.7,CONTINUACAO_BAIXA,"Trava de Baixa, Put Debit Spread",67.2,MONITORAR_NO_RTD,Liquidez score 40.7 ≥ 30 — monitorar confirmação via RTD.
VALE3,VALER931,PUT,88.18,2026-06-19,23,CURTO,5.88,90.7,LATERALIDADE,Monitorar — Iron Condor futuro,67.2,CANDIDATA_PROXIMO_PREGAO,Liquidez score 90.7 ≥ 50 com vencimento CURTO — candidata para próximo pregão.
ABEV3,ABEVR173,PUT,16.67,2026-06-19,23,CURTO,0.65,57.5,CONTINUACAO_ALTA,"Trava de Alta, Call Debit Spread",67.2,CANDIDATA_PROXIMO_PREGAO,Liquidez score 57.5 ≥ 50 com vencimento CURTO — candidata para próximo pregão.
PETR4,PETRE310W5,CALL,30.46,2026-05-29,2,CURTO,14.72,73.6,CONTINUACAO_BAIXA,"Trava de Baixa, Put Debit Spread",67.1,CANDIDATA_PROXIMO_PREGAO,Liquidez score 73.6 ≥ 50 com vencimento CURTO — candidata para próximo pregão.
ITUB4,ITUBS475,PUT,47.5,2026-07-17,51,MEDIO,7.48,90.4,RECUPERACAO_APOS_QUEDA,"Call Longa, Trava de Alta, Call Debit Spread",67.1,MONITORAR_NO_RTD,Liquidez score 90.4 ≥ 30 — monitorar confirmação via RTD.
ITUB4,ITUBG434W2,CALL,43.46,2026-07-10,44,MEDIO,2.36,56.9,RECUPERACAO_APOS_QUEDA,"Call Longa, Trava de Alta, Call Debit Spread",67.1,MONITORAR_NO_RTD,Liquidez score 56.9 ≥ 30 — monitorar confirmação via RTD.
WEGE3,WEGEG429,CALL,40.96,2026-07-17,51,MEDIO,3.59,73.6,RECUPERACAO_APOS_QUEDA,"Call Longa, Trava de Alta, Call Debit Spread",67.1,MONITORAR_NO_RTD,Liquidez score 73.6 ≥ 30 — monitorar confirmação via RTD.
SUZB3,SUZBF445W1,CALL,44.5,2026-06-05,9,CURTO,0.15,40.3,RECUPERACAO_APOS_QUEDA,"Call Longa, Trava de Alta, Call Debit Spread",67.1,MONITORAR_NO_RTD,Liquidez score 40.3 ≥ 30 — monitorar confirmação via RTD.
PETR4,PETRG319,CALL,30.69,2026-07-17,51,MEDIO,13.8,90.4,CONTINUACAO_BAIXA,"Trava de Baixa, Put Debit Spread",67.1,MONITORAR_NO_RTD,Liquidez score 90.4 ≥ 30 — monitorar confirmação via RTD.
SUZB3,SUZBR507,PUT,49.67,2026-06-19,23,CURTO,7.5,73.8,RECUPERACAO_APOS_QUEDA,"Call Longa, Trava de Alta, Call Debit Spread",67.1,CANDIDATA_PROXIMO_PREGAO,Liquidez score 73.8 ≥ 50 com vencimento CURTO — candidata para próximo pregão.
PETR4,PETRF542,CALL,53.69,2026-06-19,23,CURTO,0.11,73.5,CONTINUACAO_BAIXA,"Trava de Baixa, Put Debit Spread",67.0,CANDIDATA_PROXIMO_PREGAO,Liquidez score 73.5 ≥ 50 com vencimento CURTO — candidata para próximo pregão.
BBAS3,BBASR32,PUT,32.1,2026-06-19,23,CURTO,10.9,73.3,RECUPERACAO_APOS_QUEDA,"Call Longa, Trava de Alta, Call Debit Spread",67.0,CANDIDATA_PROXIMO_PREGAO,Liquidez score 73.3 ≥ 50 com vencimento CURTO — candidata para próximo pregão.
B3SA3,B3SAT222,PUT,22.14,2026-08-21,86,MEDIO,4.52,73.3,RECUPERACAO_APOS_QUEDA,"Call Longa, Trava de Alta, Call Debit Spread",67.0,MONITORAR_NO_RTD,Liquidez score 73.3 ≥ 30 — monitorar confirmação via RTD.
PETR4,PETRF359,CALL,35.44,2026-06-19,23,CURTO,9.19,73.3,CONTINUACAO_BAIXA,"Trava de Baixa, Put Debit Spread",67.0,CANDIDATA_PROXIMO_PREGAO,Liquidez score 73.3 ≥ 50 com vencimento CURTO — candidata para próximo pregão.
PETR4,PETRE407W5,CALL,40.21,2026-05-29,2,CURTO,5.36,73.0,CONTINUACAO_BAIXA,"Trava de Baixa, Put Debit Spread",66.9,CANDIDATA_PROXIMO_PREGAO,Liquidez score 73.0 ≥ 50 com vencimento CURTO — candidata para próximo pregão.
PRIO3,PRIOS680,PUT,68.0,2026-07-17,51,MEDIO,3.44,72.9,LATERALIDADE,Monitorar — Iron Condor futuro,66.9,MONITORAR_NO_RTD,Liquidez score 72.9 ≥ 30 — monitorar confirmação via RTD.
B3SA3,B3SAW163,PUT,15.89,2026-11-19,176,LONGO,1.0,56.3,RECUPERACAO_APOS_QUEDA,"Call Longa, Trava de Alta, Call Debit Spread",66.9,MONITORAR_NO_RTD,Liquidez score 56.3 ≥ 30 — monitorar confirmação via RTD.
WEGE3,WEGEF474W1,CALL,47.42,2026-06-05,9,CURTO,0.58,39.6,RECUPERACAO_APOS_QUEDA,"Call Longa, Trava de Alta, Call Debit Spread",66.9,MONITORAR_NO_RTD,Liquidez score 39.6 ≥ 30 — monitorar confirmação via RTD.
CPLE6,CPLER149,PUT,14.78,2026-06-19,23,CURTO,0.37,56.3,CONTINUACAO_ALTA,"Trava de Alta, Call Debit Spread",66.9,CANDIDATA_PROXIMO_PREGAO,Liquidez score 56.3 ≥ 50 com vencimento CURTO — candidata para próximo pregão.
BBAS3,BBASS195,PUT,19.26,2026-07-17,51,MEDIO,0.2,56.3,RECUPERACAO_APOS_QUEDA,"Call Longa, Trava de Alta, Call Debit Spread",66.9,MONITORAR_NO_RTD,Liquidez score 56.3 ≥ 30 — monitorar confirmação via RTD.
ITUB4,ITUBF226,CALL,19.45,2026-06-19,23,CURTO,20.82,72.8,RECUPERACAO_APOS_QUEDA,"Call Longa, Trava de Alta, Call Debit Spread",66.8,CANDIDATA_PROXIMO_PREGAO,Liquidez score 72.8 ≥ 50 com vencimento CURTO — candidata para próximo pregão.
BBAS3,BBAST212,PUT,21.02,2026-08-21,86,MEDIO,1.0,39.4,RECUPERACAO_APOS_QUEDA,"Call Longa, Trava de Alta, Call Debit Spread",66.8,MONITORAR_NO_RTD,Liquidez score 39.4 ≥ 30 — monitorar confirmação via RTD.
WEGE3,WEGER421,PUT,40.28,2026-06-19,23,CURTO,0.41,39.5,RECUPERACAO_APOS_QUEDA,"Call Longa, Trava de Alta, Call Debit Spread",66.8,MONITORAR_NO_RTD,Liquidez score 39.5 ≥ 30 — monitorar confirmação via RTD.
WEGE3,WEGEH485,CALL,48.46,2026-08-21,86,MEDIO,0.94,89.2,RECUPERACAO_APOS_QUEDA,"Call Longa, Trava de Alta, Call Debit Spread",66.8,MONITORAR_NO_RTD,Liquidez score 89.2 ≥ 30 — monitorar confirmação via RTD.
RENT3,RENTG448,CALL,44.82,2026-07-17,51,MEDIO,2.51,55.9,RECUPERACAO_APOS_QUEDA,"Call Longa, Trava de Alta, Call Debit Spread",66.8,MONITORAR_NO_RTD,Liquidez score 55.9 ≥ 30 — monitorar confirmação via RTD.
BBAS3,BBASQ191W5,PUT,19.1,2026-05-29,2,CURTO,0.02,39.5,RECUPERACAO_APOS_QUEDA,"Call Longa, Trava de Alta, Call Debit Spread",66.8,MONITORAR_NO_RTD,Liquidez score 39.5 ≥ 30 — monitorar confirmação via RTD.
SUZB3,SUZBR430W1,PUT,43.0,2026-06-05,9,CURTO,0.64,56.1,RECUPERACAO_APOS_QUEDA,"Call Longa, Trava de Alta, Call Debit Spread",66.8,CANDIDATA_PROXIMO_PREGAO,Liquidez score 56.1 ≥ 50 com vencimento CURTO — candidata para próximo pregão.
RENT3,RENTR400,PUT,39.62,2026-06-19,23,CURTO,0.68,39.4,RECUPERACAO_APOS_QUEDA,"Call Longa, Trava de Alta, Call Debit Spread",66.8,MONITORAR_NO_RTD,Liquidez score 39.4 ≥ 30 — monitorar confirmação via RTD.
SUZB3,SUZBE430W5,CALL,43.0,2026-05-29,2,CURTO,0.22,39.4,RECUPERACAO_APOS_QUEDA,"Call Longa, Trava de Alta, Call Debit Spread",66.8,MONITORAR_NO_RTD,Liquidez score 39.4 ≥ 30 — monitorar confirmação via RTD.
WEGE3,WEGER606,PUT,60.53,2026-06-19,23,CURTO,8.59,72.6,RECUPERACAO_APOS_QUEDA,"Call Longa, Trava de Alta, Call Debit Spread",66.8,CANDIDATA_PROXIMO_PREGAO,Liquidez score 72.6 ≥ 50 com vencimento CURTO — candidata para próximo pregão.
PETR4,PETRF279,CALL,27.44,2026-06-19,23,CURTO,17.85,72.8,CONTINUACAO_BAIXA,"Trava de Baixa, Put Debit Spread",66.8,CANDIDATA_PROXIMO_PREGAO,Liquidez score 72.8 ≥ 50 com vencimento CURTO — candidata para próximo pregão.
EGIE3,EGIER372,PUT,36.75,2026-06-19,23,CURTO,3.81,72.8,RECUPERACAO_APOS_QUEDA,"Call Longa, Trava de Alta, Call Debit Spread",66.8,CANDIDATA_PROXIMO_PREGAO,Liquidez score 72.8 ≥ 50 com vencimento CURTO — candidata para próximo pregão.
RENT3,RENTS430,PUT,43.07,2026-07-17,51,MEDIO,2.2,39.4,RECUPERACAO_APOS_QUEDA,"Call Longa, Trava de Alta, Call Debit Spread",66.8,MONITORAR_NO_RTD,Liquidez score 39.4 ≥ 30 — monitorar confirmação via RTD.
RADL3,RADLF214,CALL,21.37,2026-06-19,23,CURTO,0.06,72.7,CONTINUACAO_BAIXA,"Trava de Baixa, Put Debit Spread",66.8,CANDIDATA_PROXIMO_PREGAO,Liquidez score 72.7 ≥ 50 com vencimento CURTO — candidata para próximo pregão.
RENT3,RENTR455,PUT,45.12,2026-06-19,23,CURTO,2.77,56.0,RECUPERACAO_APOS_QUEDA,"Call Longa, Trava de Alta, Call Debit Spread",66.8,CANDIDATA_PROXIMO_PREGAO,Liquidez score 56.0 ≥ 50 com vencimento CURTO — candidata para próximo pregão.
BBDC4,BBDCS189,PUT,18.66,2026-07-17,51,MEDIO,1.06,72.8,RECUPERACAO_APOS_QUEDA,"Call Longa, Trava de Alta, Call Debit Spread",66.8,MONITORAR_NO_RTD,Liquidez score 72.8 ≥ 30 — monitorar confirmação via RTD.
RENT3,RENTR446W1,PUT,44.62,2026-06-05,9,CURTO,2.4,55.6,RECUPERACAO_APOS_QUEDA,"Call Longa, Trava de Alta, Call Debit Spread",66.7,CANDIDATA_PROXIMO_PREGAO,Liquidez score 55.6 ≥ 50 com vencimento CURTO — candidata para próximo pregão.
RADL3,RADLR166,PUT,16.62,2026-06-19,23,CURTO,0.15,39.1,CONTINUACAO_BAIXA,"Trava de Baixa, Put Debit Spread",66.7,MONITORAR_NO_RTD,Liquidez score 39.1 ≥ 30 — monitorar confirmação via RTD.
B3SA3,B3SAF120,CALL,11.97,2026-06-19,23,CURTO,5.0,55.6,RECUPERACAO_APOS_QUEDA,"Call Longa, Trava de Alta, Call Debit Spread",66.7,CANDIDATA_PROXIMO_PREGAO,Liquidez score 55.6 ≥ 50 com vencimento CURTO — candidata para próximo pregão.
PRIO3,PRIOQ680W5,PUT,68.0,2026-05-29,2,CURTO,1.47,55.7,LATERALIDADE,Monitorar — Iron Condor futuro,66.7,CANDIDATA_PROXIMO_PREGAO,Liquidez score 55.7 ≥ 50 com vencimento CURTO — candidata para próximo pregão.
BPAC11,BPACR550,PUT,55.05,2026-06-19,23,CURTO,2.32,55.7,RECUPERACAO_APOS_QUEDA,"Call Longa, Trava de Alta, Call Debit Spread",66.7,CANDIDATA_PROXIMO_PREGAO,Liquidez score 55.7 ≥ 50 com vencimento CURTO — candidata para próximo pregão.
ABEV3,ABEVR169,PUT,16.92,2026-06-19,23,CURTO,0.82,55.6,CONTINUACAO_ALTA,"Trava de Alta, Call Debit Spread",66.7,CANDIDATA_PROXIMO_PREGAO,Liquidez score 55.6 ≥ 50 com vencimento CURTO — candidata para próximo pregão.
PETR4,PETRF204,CALL,19.94,2026-06-19,23,CURTO,26.45,72.0,CONTINUACAO_BAIXA,"Trava de Baixa, Put Debit Spread",66.6,CANDIDATA_PROXIMO_PREGAO,Liquidez score 72.0 ≥ 50 com vencimento CURTO — candidata para próximo pregão.
ENEV3,ENEVG290,CALL,29.0,2026-07-17,51,MEDIO,0.58,72.0,PROTECAO_CARTEIRA,"Protective Put, Collar",66.6,MONITORAR_NO_RTD,Liquidez score 72.0 ≥ 30 — monitorar confirmação via RTD.
BBAS3,BBASV22,PUT,21.77,2026-10-16,142,LONGO,1.77,88.8,RECUPERACAO_APOS_QUEDA,"Call Longa, Trava de Alta, Call Debit Spread",66.6,MONITORAR_NO_RTD,Liquidez score 88.8 ≥ 30 — monitorar confirmação via RTD.
PETR4,PETRF239,CALL,23.44,2026-06-19,23,CURTO,21.65,72.0,CONTINUACAO_BAIXA,"Trava de Baixa, Put Debit Spread",66.6,CANDIDATA_PROXIMO_PREGAO,Liquidez score 72.0 ≥ 50 com vencimento CURTO — candidata para próximo pregão.
BBAS3,BBASR31,PUT,31.1,2026-06-19,23,CURTO,9.83,72.0,RECUPERACAO_APOS_QUEDA,"Call Longa, Trava de Alta, Call Debit Spread",66.6,CANDIDATA_PROXIMO_PREGAO,Liquidez score 72.0 ≥ 50 com vencimento CURTO — candidata para próximo pregão.
BPAC11,BPACF505,CALL,50.55,2026-06-19,23,CURTO,4.95,55.4,RECUPERACAO_APOS_QUEDA,"Call Longa, Trava de Alta, Call Debit Spread",66.6,CANDIDATA_PROXIMO_PREGAO,Liquidez score 55.4 ≥ 50 com vencimento CURTO — candidata para próximo pregão.
BBAS3,BBASR516,PUT,51.6,2026-06-19,23,CURTO,26.4,72.0,RECUPERACAO_APOS_QUEDA,"Call Longa, Trava de Alta, Call Debit Spread",66.6,CANDIDATA_PROXIMO_PREGAO,Liquidez score 72.0 ≥ 50 com vencimento CURTO — candidata para próximo pregão.
VALE3,VALER850W1,PUT,85.0,2026-06-05,9,CURTO,2.94,88.8,LATERALIDADE,Monitorar — Iron Condor futuro,66.6,CANDIDATA_PROXIMO_PREGAO,Liquidez score 88.8 ≥ 50 com vencimento CURTO — candidata para próximo pregão.
PETR4,PETRF173,CALL,1.19,2026-06-19,23,CURTO,44.15,72.0,CONTINUACAO_BAIXA,"Trava de Baixa, Put Debit Spread",66.6,CANDIDATA_PROXIMO_PREGAO,Liquidez score 72.0 ≥ 50 com vencimento CURTO — candidata para próximo pregão.
ABEV3,ABEVG136,CALL,12.92,2026-07-17,51,MEDIO,3.43,88.8,CONTINUACAO_ALTA,"Trava de Alta, Call Debit Spread",66.6,MONITORAR_NO_RTD,Liquidez score 88.8 ≥ 30 — monitorar confirmação via RTD.
ABEV3,ABEVS196,PUT,19.67,2026-07-17,51,MEDIO,3.2,88.7,CONTINUACAO_ALTA,"Trava de Alta, Call Debit Spread",66.6,MONITORAR_NO_RTD,Liquidez score 88.7 ≥ 30 — monitorar confirmação via RTD.
PETR4,PETRG362,CALL,34.94,2026-07-17,51,MEDIO,10.5,88.8,CONTINUACAO_BAIXA,"Trava de Baixa, Put Debit Spread",66.6,MONITORAR_NO_RTD,Liquidez score 88.8 ≥ 30 — monitorar confirmação via RTD.
ITUB4,ITUBS3,PUT,41.25,2026-07-17,51,MEDIO,2.0,72.0,RECUPERACAO_APOS_QUEDA,"Call Longa, Trava de Alta, Call Debit Spread",66.6,MONITORAR_NO_RTD,Liquidez score 72.0 ≥ 30 — monitorar confirmação via RTD.
WEGE3,WEGES439,PUT,41.96,2026-07-17,51,MEDIO,1.22,38.7,RECUPERACAO_APOS_QUEDA,"Call Longa, Trava de Alta, Call Debit Spread",66.6,MONITORAR_NO_RTD,Liquidez score 38.7 ≥ 30 — monitorar confirmação via RTD.
PETR4,PETRQ550W5,PUT,54.46,2026-05-29,2,CURTO,10.12,72.0,CONTINUACAO_BAIXA,"Trava de Baixa, Put Debit Spread",66.6,CANDIDATA_PROXIMO_PREGAO,Liquidez score 72.0 ≥ 50 com vencimento CURTO — candidata para próximo pregão.
RADL3,RADLQ231W5,PUT,23.12,2026-05-29,2,CURTO,4.4,72.0,CONTINUACAO_BAIXA,"Trava de Baixa, Put Debit Spread",66.6,CANDIDATA_PROXIMO_PREGAO,Liquidez score 72.0 ≥ 50 com vencimento CURTO — candidata para próximo pregão.
BBDC4,BBDCT18,PUT,18.64,2026-08-21,86,MEDIO,1.12,72.0,RECUPERACAO_APOS_QUEDA,"Call Longa, Trava de Alta, Call Debit Spread",66.6,MONITORAR_NO_RTD,Liquidez score 72.0 ≥ 30 — monitorar confirmação via RTD.
GGBR4,GGBRE190W5,CALL,19.0,2026-05-29,2,CURTO,3.5,72.0,CONTINUACAO_ALTA,"Trava de Alta, Call Debit Spread",66.6,CANDIDATA_PROXIMO_PREGAO,Liquidez score 72.0 ≥ 50 com vencimento CURTO — candidata para próximo pregão.
HAPV3,HAPVR125,PUT,12.5,2026-06-19,23,CURTO,0.88,54.9,CONTINUACAO_BAIXA,"Trava de Baixa, Put Debit Spread",66.5,CANDIDATA_PROXIMO_PREGAO,Liquidez score 54.9 ≥ 50 com vencimento CURTO — candidata para próximo pregão.
PETR4,PETRQ467W5,PUT,46.21,2026-05-29,2,CURTO,2.12,55.0,CONTINUACAO_BAIXA,"Trava de Baixa, Put Debit Spread",66.5,CANDIDATA_PROXIMO_PREGAO,Liquidez score 55.0 ≥ 50 com vencimento CURTO — candidata para próximo pregão.
HAPV3,HAPVF940,CALL,9.4,2026-06-19,23,CURTO,2.59,71.6,CONTINUACAO_BAIXA,"Trava de Baixa, Put Debit Spread",66.5,CANDIDATA_PROXIMO_PREGAO,Liquidez score 71.6 ≥ 50 com vencimento CURTO — candidata para próximo pregão.
VALE3,VALER921,PUT,87.18,2026-06-19,23,CURTO,4.45,88.0,LATERALIDADE,Monitorar — Iron Condor futuro,66.4,CANDIDATA_PROXIMO_PREGAO,Liquidez score 88.0 ≥ 50 com vencimento CURTO — candidata para próximo pregão.
PETR4,PETRG370,CALL,35.69,2026-07-17,51,MEDIO,9.35,88.1,CONTINUACAO_BAIXA,"Trava de Baixa, Put Debit Spread",66.4,MONITORAR_NO_RTD,Liquidez score 88.1 ≥ 30 — monitorar confirmação via RTD.
PETR4,PETRF783,CALL,7.29,2026-06-19,23,CURTO,37.7,71.2,CONTINUACAO_BAIXA,"Trava de Baixa, Put Debit Spread",66.4,CANDIDATA_PROXIMO_PREGAO,Liquidez score 71.2 ≥ 50 com vencimento CURTO — candidata para próximo pregão.
PETR4,PETRG495,CALL,48.96,2026-07-17,51,MEDIO,3.94,54.6,CONTINUACAO_BAIXA,"Trava de Baixa, Put Debit Spread",66.4,MONITORAR_NO_RTD,Liquidez score 54.6 ≥ 30 — monitorar confirmação via RTD.
BBAS3,BBASU201,PUT,20.18,2026-09-18,114,LONGO,0.75,71.4,RECUPERACAO_APOS_QUEDA,"Call Longa, Trava de Alta, Call Debit Spread",66.4,MONITORAR_NO_RTD,Liquidez score 71.4 ≥ 30 — monitorar confirmação via RTD.
HAPV3,HAPVE115W5,CALL,11.5,2026-05-29,2,CURTO,0.92,54.7,CONTINUACAO_BAIXA,"Trava de Baixa, Put Debit Spread",66.4,CANDIDATA_PROXIMO_PREGAO,Liquidez score 54.7 ≥ 50 com vencimento CURTO — candidata para próximo pregão.
ENEV3,ENEVG300,CALL,30.0,2026-07-17,51,MEDIO,0.28,71.2,PROTECAO_CARTEIRA,"Protective Put, Collar",66.4,MONITORAR_NO_RTD,Liquidez score 71.2 ≥ 30 — monitorar confirmação via RTD.
ITUB4,ITUBH24,CALL,20.78,2026-08-21,86,MEDIO,19.73,88.0,RECUPERACAO_APOS_QUEDA,"Call Longa, Trava de Alta, Call Debit Spread",66.4,MONITORAR_NO_RTD,Liquidez score 88.0 ≥ 30 — monitorar confirmação via RTD.
BBAS3,BBASF217W1,CALL,21.76,2026-06-05,9,CURTO,0.13,37.7,RECUPERACAO_APOS_QUEDA,"Call Longa, Trava de Alta, Call Debit Spread",66.3,MONITORAR_NO_RTD,Liquidez score 37.7 ≥ 30 — monitorar confirmação via RTD.
VALE3,VALER936,PUT,88.68,2026-06-19,23,CURTO,5.6,87.7,LATERALIDADE,Monitorar — Iron Condor futuro,66.3,CANDIDATA_PROXIMO_PREGAO,Liquidez score 87.7 ≥ 50 com vencimento CURTO — candidata para próximo pregão.
PETR4,PETRR747,PUT,74.19,2026-06-19,23,CURTO,26.02,71.0,CONTINUACAO_BAIXA,"Trava de Baixa, Put Debit Spread",66.3,CANDIDATA_PROXIMO_PREGAO,Liquidez score 71.0 ≥ 50 com vencimento CURTO — candidata para próximo pregão.
PETR4,PETRK442,CALL,43.68,2026-11-19,176,LONGO,5.95,54.5,CONTINUACAO_BAIXA,"Trava de Baixa, Put Debit Spread",66.3,MONITORAR_NO_RTD,Liquidez score 54.5 ≥ 30 — monitorar confirmação via RTD.
BBAS3,BBASE218W5,CALL,21.85,2026-05-29,2,CURTO,0.06,37.6,RECUPERACAO_APOS_QUEDA,"Call Longa, Trava de Alta, Call Debit Spread",66.3,MONITORAR_NO_RTD,Liquidez score 37.6 ≥ 30 — monitorar confirmação via RTD.
PETR4,PETRG449W4,CALL,44.94,2026-07-24,58,MEDIO,3.34,37.7,CONTINUACAO_BAIXA,"Trava de Baixa, Put Debit Spread",66.3,MONITORAR_NO_RTD,Liquidez score 37.7 ≥ 30 — monitorar confirmação via RTD.
PETR4,PETRR44,PUT,43.46,2026-06-19,23,CURTO,0.27,37.2,CONTINUACAO_BAIXA,"Trava de Baixa, Put Debit Spread",66.2,MONITORAR_NO_RTD,Liquidez score 37.2 ≥ 30 — monitorar confirmação via RTD.
ITUB4,ITUBS42,PUT,38.07,2026-07-17,51,MEDIO,0.62,54.0,RECUPERACAO_APOS_QUEDA,"Call Longa, Trava de Alta, Call Debit Spread",66.2,MONITORAR_NO_RTD,Liquidez score 54.0 ≥ 30 — monitorar confirmação via RTD.
VALE3,VALER966,PUT,91.68,2026-06-19,23,CURTO,8.57,87.2,LATERALIDADE,Monitorar — Iron Condor futuro,66.2,CANDIDATA_PROXIMO_PREGAO,Liquidez score 87.2 ≥ 50 com vencimento CURTO — candidata para próximo pregão.
B3SA3,B3SAH192,CALL,19.14,2026-08-21,86,MEDIO,2.1,70.6,RECUPERACAO_APOS_QUEDA,"Call Longa, Trava de Alta, Call Debit Spread",66.2,MONITORAR_NO_RTD,Liquidez score 70.6 ≥ 30 — monitorar confirmação via RTD.
BPAC11,BPACR675,PUT,67.55,2026-06-19,23,CURTO,10.15,70.8,RECUPERACAO_APOS_QUEDA,"Call Longa, Trava de Alta, Call Debit Spread",66.2,CANDIDATA_PROXIMO_PREGAO,Liquidez score 70.8 ≥ 50 com vencimento CURTO — candidata para próximo pregão.
PETR4,PETRF485W1,CALL,47.96,2026-06-05,9,CURTO,0.24,37.3,CONTINUACAO_BAIXA,"Trava de Baixa, Put Debit Spread",66.2,MONITORAR_NO_RTD,Liquidez score 37.3 ≥ 30 — monitorar confirmação via RTD.
BPAC11,BPACR555,PUT,55.55,2026-06-19,23,CURTO,2.78,53.9,RECUPERACAO_APOS_QUEDA,"Call Longa, Trava de Alta, Call Debit Spread",66.2,CANDIDATA_PROXIMO_PREGAO,Liquidez score 53.9 ≥ 50 com vencimento CURTO — candidata para próximo pregão.
BBAS3,BBASE203W5,CALL,20.35,2026-05-29,2,CURTO,0.72,53.9,RECUPERACAO_APOS_QUEDA,"Call Longa, Trava de Alta, Call Debit Spread",66.2,CANDIDATA_PROXIMO_PREGAO,Liquidez score 53.9 ≥ 50 com vencimento CURTO — candidata para próximo pregão.
BPAC11,BPACS501,PUT,50.19,2026-07-17,51,MEDIO,0.95,54.1,RECUPERACAO_APOS_QUEDA,"Call Longa, Trava de Alta, Call Debit Spread",66.2,MONITORAR_NO_RTD,Liquidez score 54.1 ≥ 30 — monitorar confirmação via RTD.
PETR4,PETRR822,PUT,81.69,2026-06-19,23,CURTO,35.5,70.4,CONTINUACAO_BAIXA,"Trava de Baixa, Put Debit Spread",66.1,CANDIDATA_PROXIMO_PREGAO,Liquidez score 70.4 ≥ 50 com vencimento CURTO — candidata para próximo pregão.
ITUB4,ITUBG432,CALL,43.25,2026-07-17,51,MEDIO,0.52,53.8,RECUPERACAO_APOS_QUEDA,"Call Longa, Trava de Alta, Call Debit Spread",66.1,MONITORAR_NO_RTD,Liquidez score 53.8 ≥ 30 — monitorar confirmação via RTD.
PETR4,PETRF282,CALL,27.69,2026-06-19,23,CURTO,16.81,70.4,CONTINUACAO_BAIXA,"Trava de Baixa, Put Debit Spread",66.1,CANDIDATA_PROXIMO_PREGAO,Liquidez score 70.4 ≥ 50 com vencimento CURTO — candidata para próximo pregão.
BPAC11,BPACE595W5,CALL,59.55,2026-05-29,2,CURTO,0.05,36.9,RECUPERACAO_APOS_QUEDA,"Call Longa, Trava de Alta, Call Debit Spread",66.1,MONITORAR_NO_RTD,Liquidez score 36.9 ≥ 30 — monitorar confirmação via RTD.
CMIG4,CMIGG132,CALL,11.49,2026-07-17,51,MEDIO,0.37,53.8,RECUPERACAO_APOS_QUEDA,"Call Longa, Trava de Alta, Call Debit Spread",66.1,MONITORAR_NO_RTD,Liquidez score 53.8 ≥ 30 — monitorar confirmação via RTD.
PETR4,PETRF272,CALL,26.69,2026-06-19,23,CURTO,17.78,70.3,CONTINUACAO_BAIXA,"Trava de Baixa, Put Debit Spread",66.1,CANDIDATA_PROXIMO_PREGAO,Liquidez score 70.3 ≥ 50 com vencimento CURTO — candidata para próximo pregão.
ABEV3,ABEVT165,PUT,16.54,2026-08-21,86,MEDIO,0.65,70.4,CONTINUACAO_ALTA,"Trava de Alta, Call Debit Spread",66.1,MONITORAR_NO_RTD,Liquidez score 70.4 ≥ 30 — monitorar confirmação via RTD.
BBDC4,BBDCF118,CALL,11.51,2026-06-19,23,CURTO,6.62,70.2,RECUPERACAO_APOS_QUEDA,"Call Longa, Trava de Alta, Call Debit Spread",66.1,CANDIDATA_PROXIMO_PREGAO,Liquidez score 70.2 ≥ 50 com vencimento CURTO — candidata para próximo pregão.
BBDC4,BBDCR260,PUT,25.76,2026-06-19,23,CURTO,7.8,70.4,RECUPERACAO_APOS_QUEDA,"Call Longa, Trava de Alta, Call Debit Spread",66.1,CANDIDATA_PROXIMO_PREGAO,Liquidez score 70.4 ≥ 50 com vencimento CURTO — candidata para próximo pregão.
PETR4,PETRF44,CALL,43.46,2026-06-19,23,CURTO,6.5,53.6,CONTINUACAO_BAIXA,"Trava de Baixa, Put Debit Spread",66.1,CANDIDATA_PROXIMO_PREGAO,Liquidez score 53.6 ≥ 50 com vencimento CURTO — candidata para próximo pregão.
PETR4,PETRF237,CALL,23.19,2026-06-19,23,CURTO,22.3,70.4,CONTINUACAO_BAIXA,"Trava de Baixa, Put Debit Spread",66.1,CANDIDATA_PROXIMO_PREGAO,Liquidez score 70.4 ≥ 50 com vencimento CURTO — candidata para próximo pregão.
BBAS3,BBASF220W2,CALL,22.01,2026-06-12,16,CURTO,0.09,36.9,RECUPERACAO_APOS_QUEDA,"Call Longa, Trava de Alta, Call Debit Spread",66.1,MONITORAR_NO_RTD,Liquidez score 36.9 ≥ 30 — monitorar confirmação via RTD.
PETR4,PETRJ469,CALL,46.38,2026-10-16,142,LONGO,5.26,70.4,CONTINUACAO_BAIXA,"Trava de Baixa, Put Debit Spread",66.1,MONITORAR_NO_RTD,Liquidez score 70.4 ≥ 30 — monitorar confirmação via RTD.
ITUB4,ITUBB401,CALL,40.16,2027-02-19,268,EXTRA_LONGO,5.86,70.0,RECUPERACAO_APOS_QUEDA,"Call Longa, Trava de Alta, Call Debit Spread",66.0,MONITORAR_NO_RTD,Liquidez score 70.0 ≥ 30 — monitorar confirmação via RTD.
HAPV3,HAPVR82,PUT,82.0,2026-06-19,23,CURTO,67.76,70.0,CONTINUACAO_BAIXA,"Trava de Baixa, Put Debit Spread",66.0,CANDIDATA_PROXIMO_PREGAO,Liquidez score 70.0 ≥ 50 com vencimento CURTO — candidata para próximo pregão.
WEGE3,WEGEF417,CALL,41.78,2026-06-19,23,CURTO,2.4,53.5,RECUPERACAO_APOS_QUEDA,"Call Longa, Trava de Alta, Call Debit Spread",66.0,CANDIDATA_PROXIMO_PREGAO,Liquidez score 53.5 ≥ 50 com vencimento CURTO — candidata para próximo pregão.
BBDC4,BBDCR230,PUT,22.76,2026-06-19,23,CURTO,4.84,69.9,RECUPERACAO_APOS_QUEDA,"Call Longa, Trava de Alta, Call Debit Spread",66.0,CANDIDATA_PROXIMO_PREGAO,Liquidez score 69.9 ≥ 50 com vencimento CURTO — candidata para próximo pregão.
HAPV3,HAPVR402,PUT,40.25,2026-06-19,23,CURTO,26.33,70.0,CONTINUACAO_BAIXA,"Trava de Baixa, Put Debit Spread",66.0,CANDIDATA_PROXIMO_PREGAO,Liquidez score 70.0 ≥ 50 com vencimento CURTO — candidata para próximo pregão.
WEGE3,WEGEI423,CALL,42.28,2026-09-18,114,LONGO,5.08,53.5,RECUPERACAO_APOS_QUEDA,"Call Longa, Trava de Alta, Call Debit Spread",66.0,MONITORAR_NO_RTD,Liquidez score 53.5 ≥ 30 — monitorar confirmação via RTD.
WEGE3,WEGEF411,CALL,39.28,2026-06-19,23,CURTO,4.04,53.2,RECUPERACAO_APOS_QUEDA,"Call Longa, Trava de Alta, Call Debit Spread",66.0,CANDIDATA_PROXIMO_PREGAO,Liquidez score 53.2 ≥ 50 com vencimento CURTO — candidata para próximo pregão.
BBDC4,BBDCF108,CALL,10.51,2026-06-19,23,CURTO,7.8,70.0,RECUPERACAO_APOS_QUEDA,"Call Longa, Trava de Alta, Call Debit Spread",66.0,CANDIDATA_PROXIMO_PREGAO,Liquidez score 70.0 ≥ 50 com vencimento CURTO — candidata para próximo pregão.
BBAS3,BBASF176,CALL,17.6,2026-06-19,23,CURTO,3.35,70.0,RECUPERACAO_APOS_QUEDA,"Call Longa, Trava de Alta, Call Debit Spread",66.0,CANDIDATA_PROXIMO_PREGAO,Liquidez score 70.0 ≥ 50 com vencimento CURTO — candidata para próximo pregão.
BBDC4,BBDCR342,PUT,34.28,2026-06-19,23,CURTO,13.76,70.0,RECUPERACAO_APOS_QUEDA,"Call Longa, Trava de Alta, Call Debit Spread",66.0,CANDIDATA_PROXIMO_PREGAO,Liquidez score 70.0 ≥ 50 com vencimento CURTO — candidata para próximo pregão.
PETR4,PETRR562,PUT,55.69,2026-06-19,23,CURTO,11.02,70.0,CONTINUACAO_BAIXA,"Trava de Baixa, Put Debit Spread",66.0,CANDIDATA_PROXIMO_PREGAO,Liquidez score 70.0 ≥ 50 com vencimento CURTO — candidata para próximo pregão.
SUZB3,SUZBR816,PUT,81.67,2026-06-19,23,CURTO,34.37,70.0,RECUPERACAO_APOS_QUEDA,"Call Longa, Trava de Alta, Call Debit Spread",66.0,CANDIDATA_PROXIMO_PREGAO,Liquidez score 70.0 ≥ 50 com vencimento CURTO — candidata para próximo pregão.
PETR4,PETRR842,PUT,83.69,2026-06-19,23,CURTO,33.54,70.0,CONTINUACAO_BAIXA,"Trava de Baixa, Put Debit Spread",66.0,CANDIDATA_PROXIMO_PREGAO,Liquidez score 70.0 ≥ 50 com vencimento CURTO — candidata para próximo pregão.
PETR4,PETRH462,CALL,45.69,2026-08-21,86,MEDIO,2.93,53.4,CONTINUACAO_BAIXA,"Trava de Baixa, Put Debit Spread",66.0,MONITORAR_NO_RTD,Liquidez score 53.4 ≥ 30 — monitorar confirmação via RTD.
PETR4,PETRF294,CALL,28.94,2026-06-19,23,CURTO,16.8,69.6,CONTINUACAO_BAIXA,"Trava de Baixa, Put Debit Spread",65.9,CANDIDATA_PROXIMO_PREGAO,Liquidez score 69.6 ≥ 50 com vencimento CURTO — candidata para próximo pregão.
EGIE3,EGIEF362,CALL,35.75,2026-06-19,23,CURTO,0.05,36.3,RECUPERACAO_APOS_QUEDA,"Call Longa, Trava de Alta, Call Debit Spread",65.9,MONITORAR_NO_RTD,Liquidez score 36.3 ≥ 30 — monitorar confirmação via RTD.
ITUB4,ITUBR461W2,PUT,46.11,2026-06-12,16,CURTO,5.1,69.8,RECUPERACAO_APOS_QUEDA,"Call Longa, Trava de Alta, Call Debit Spread",65.9,CANDIDATA_PROXIMO_PREGAO,Liquidez score 69.8 ≥ 50 com vencimento CURTO — candidata para próximo pregão.
RENT3,RENTI437,CALL,43.32,2026-09-18,114,LONGO,6.15,53.1,RECUPERACAO_APOS_QUEDA,"Call Longa, Trava de Alta, Call Debit Spread",65.9,MONITORAR_NO_RTD,Liquidez score 53.1 ≥ 30 — monitorar confirmação via RTD.
BBAS3,BBASG228,CALL,22.51,2026-07-17,51,MEDIO,0.36,53.0,RECUPERACAO_APOS_QUEDA,"Call Longa, Trava de Alta, Call Debit Spread",65.9,MONITORAR_NO_RTD,Liquidez score 53.0 ≥ 30 — monitorar confirmação via RTD.
WEGE3,WEGES444,PUT,42.46,2026-07-17,51,MEDIO,1.29,36.2,RECUPERACAO_APOS_QUEDA,"Call Longa, Trava de Alta, Call Debit Spread",65.9,MONITORAR_NO_RTD,Liquidez score 36.2 ≥ 30 — monitorar confirmação via RTD.
ABEV3,ABEVI168,CALL,16.84,2026-09-18,114,LONGO,1.42,69.8,CONTINUACAO_ALTA,"Trava de Alta, Call Debit Spread",65.9,MONITORAR_NO_RTD,Liquidez score 69.8 ≥ 30 — monitorar confirmação via RTD.
B3SA3,B3SAR210,PUT,20.97,2026-06-19,23,CURTO,3.79,53.0,RECUPERACAO_APOS_QUEDA,"Call Longa, Trava de Alta, Call Debit Spread",65.9,CANDIDATA_PROXIMO_PREGAO,Liquidez score 53.0 ≥ 50 com vencimento CURTO — candidata para próximo pregão.
HAPV3,HAPVF970,CALL,9.7,2026-06-19,23,CURTO,3.93,69.7,CONTINUACAO_BAIXA,"Trava de Baixa, Put Debit Spread",65.9,CANDIDATA_PROXIMO_PREGAO,Liquidez score 69.7 ≥ 50 com vencimento CURTO — candidata para próximo pregão.
B3SA3,B3SAK134,CALL,13.39,2026-11-19,176,LONGO,4.15,86.0,RECUPERACAO_APOS_QUEDA,"Call Longa, Trava de Alta, Call Debit Spread",65.8,MONITORAR_NO_RTD,Liquidez score 86.0 ≥ 30 — monitorar confirmação via RTD.
WEGE3,WEGEF509W1,CALL,50.92,2026-06-05,9,CURTO,0.05,69.4,RECUPERACAO_APOS_QUEDA,"Call Longa, Trava de Alta, Call Debit Spread",65.8,CANDIDATA_PROXIMO_PREGAO,Liquidez score 69.4 ≥ 50 com vencimento CURTO — candidata para próximo pregão.
WEGE3,WEGES434,PUT,41.46,2026-07-17,51,MEDIO,1.01,52.8,RECUPERACAO_APOS_QUEDA,"Call Longa, Trava de Alta, Call Debit Spread",65.8,MONITORAR_NO_RTD,Liquidez score 52.8 ≥ 30 — monitorar confirmação via RTD.
ABEV3,ABEVR166W4,PUT,16.67,2026-06-26,30,CURTO,0.74,52.6,CONTINUACAO_ALTA,"Trava de Alta, Call Debit Spread",65.8,CANDIDATA_PROXIMO_PREGAO,Liquidez score 52.6 ≥ 50 com vencimento CURTO — candidata para próximo pregão.
RADL3,RADLF171,CALL,17.12,2026-06-19,23,CURTO,1.44,52.5,CONTINUACAO_BAIXA,"Trava de Baixa, Put Debit Spread",65.8,CANDIDATA_PROXIMO_PREGAO,Liquidez score 52.5 ≥ 50 com vencimento CURTO — candidata para próximo pregão.
VALE3,VALEF971,CALL,92.18,2026-06-19,23,CURTO,0.23,69.4,LATERALIDADE,Monitorar — Iron Condor futuro,65.8,CANDIDATA_PROXIMO_PREGAO,Liquidez score 69.4 ≥ 50 com vencimento CURTO — candidata para próximo pregão.
PRIO3,PRIOR640W2,PUT,64.0,2026-06-12,16,CURTO,0.92,69.4,LATERALIDADE,Monitorar — Iron Condor futuro,65.8,CANDIDATA_PROXIMO_PREGAO,Liquidez score 69.4 ≥ 50 com vencimento CURTO — candidata para próximo pregão.
BBAS3,BBASE226W5,CALL,22.6,2026-05-29,2,CURTO,0.02,35.9,RECUPERACAO_APOS_QUEDA,"Call Longa, Trava de Alta, Call Debit Spread",65.8,MONITORAR_NO_RTD,Liquidez score 35.9 ≥ 30 — monitorar confirmação via RTD.
BBDC4,BBDCH201,CALL,18.89,2026-08-21,86,MEDIO,0.85,52.5,RECUPERACAO_APOS_QUEDA,"Call Longa, Trava de Alta, Call Debit Spread",65.8,MONITORAR_NO_RTD,Liquidez score 52.5 ≥ 30 — monitorar confirmação via RTD.
TAEE11,TAEEG405,CALL,39.14,2026-07-17,51,MEDIO,1.57,36.1,RECUPERACAO_APOS_QUEDA,"Call Longa, Trava de Alta, Call Debit Spread",65.8,MONITORAR_NO_RTD,Liquidez score 36.1 ≥ 30 — monitorar confirmação via RTD.
CMIG4,CMIGR1,PUT,11.74,2026-06-19,23,CURTO,0.55,52.8,RECUPERACAO_APOS_QUEDA,"Call Longa, Trava de Alta, Call Debit Spread",65.8,CANDIDATA_PROXIMO_PREGAO,Liquidez score 52.8 ≥ 50 com vencimento CURTO — candidata para próximo pregão.
RENT3,RENTF460,CALL,45.62,2026-06-19,23,CURTO,1.33,36.0,RECUPERACAO_APOS_QUEDA,"Call Longa, Trava de Alta, Call Debit Spread",65.8,MONITORAR_NO_RTD,Liquidez score 36.0 ≥ 30 — monitorar confirmação via RTD.
GGBR4,GGBRS241,PUT,23.85,2026-07-17,51,MEDIO,0.8,35.8,CONTINUACAO_ALTA,"Trava de Alta, Call Debit Spread",65.7,MONITORAR_NO_RTD,Liquidez score 35.8 ≥ 30 — monitorar confirmação via RTD.
PETR4,PETRR377,PUT,37.19,2026-06-19,23,CURTO,0.09,69.1,CONTINUACAO_BAIXA,"Trava de Baixa, Put Debit Spread",65.7,CANDIDATA_PROXIMO_PREGAO,Liquidez score 69.1 ≥ 50 com vencimento CURTO — candidata para próximo pregão.
ABEV3,ABEVG15,CALL,15.67,2026-07-17,51,MEDIO,1.04,69.0,CONTINUACAO_ALTA,"Trava de Alta, Call Debit Spread",65.7,MONITORAR_NO_RTD,Liquidez score 69.0 ≥ 30 — monitorar confirmação via RTD.
BBDC4,BBDCQ181W5,PUT,18.16,2026-05-29,2,CURTO,0.56,52.2,RECUPERACAO_APOS_QUEDA,"Call Longa, Trava de Alta, Call Debit Spread",65.7,CANDIDATA_PROXIMO_PREGAO,Liquidez score 52.2 ≥ 50 com vencimento CURTO — candidata para próximo pregão.
WEGE3,WEGEJ435,CALL,41.46,2026-10-16,142,LONGO,4.42,85.6,RECUPERACAO_APOS_QUEDA,"Call Longa, Trava de Alta, Call Debit Spread",65.7,MONITORAR_NO_RTD,Liquidez score 85.6 ≥ 30 — monitorar confirmação via RTD.
PETR4,PETRF165,CALL,15.19,2026-06-19,23,CURTO,30.01,69.0,CONTINUACAO_BAIXA,"Trava de Baixa, Put Debit Spread",65.7,CANDIDATA_PROXIMO_PREGAO,Liquidez score 69.0 ≥ 50 com vencimento CURTO — candidata para próximo pregão.
TAEE11,TAEER410,PUT,39.64,2026-06-19,23,CURTO,1.2,52.3,RECUPERACAO_APOS_QUEDA,"Call Longa, Trava de Alta, Call Debit Spread",65.7,CANDIDATA_PROXIMO_PREGAO,Liquidez score 52.3 ≥ 50 com vencimento CURTO — candidata para próximo pregão.
WEGE3,WEGEF489W1,CALL,48.92,2026-06-05,9,CURTO,0.02,68.9,RECUPERACAO_APOS_QUEDA,"Call Longa, Trava de Alta, Call Debit Spread",65.7,CANDIDATA_PROXIMO_PREGAO,Liquidez score 68.9 ≥ 50 com vencimento CURTO — candidata para próximo pregão.
PETR4,PETRQ462W5,PUT,45.71,2026-05-29,2,CURTO,1.16,52.2,CONTINUACAO_BAIXA,"Trava de Baixa, Put Debit Spread",65.7,CANDIDATA_PROXIMO_PREGAO,Liquidez score 52.2 ≥ 50 com vencimento CURTO — candidata para próximo pregão.
TAEE11,TAEEF427,CALL,41.39,2026-06-19,23,CURTO,0.19,35.5,RECUPERACAO_APOS_QUEDA,"Call Longa, Trava de Alta, Call Debit Spread",65.7,MONITORAR_NO_RTD,Liquidez score 35.5 ≥ 30 — monitorar confirmação via RTD.
RENT3,RENTS493,PUT,49.32,2026-07-17,51,MEDIO,5.1,85.5,RECUPERACAO_APOS_QUEDA,"Call Longa, Trava de Alta, Call Debit Spread",65.7,MONITORAR_NO_RTD,Liquidez score 85.5 ≥ 30 — monitorar confirmação via RTD.
B3SA3,B3SAH134,CALL,13.44,2026-08-21,86,MEDIO,3.09,69.0,RECUPERACAO_APOS_QUEDA,"Call Longa, Trava de Alta, Call Debit Spread",65.7,MONITORAR_NO_RTD,Liquidez score 69.0 ≥ 30 — monitorar confirmação via RTD.
SUZB3,SUZBS511,PUT,51.13,2026-07-17,51,MEDIO,8.0,85.2,RECUPERACAO_APOS_QUEDA,"Call Longa, Trava de Alta, Call Debit Spread",65.6,MONITORAR_NO_RTD,Liquidez score 85.2 ≥ 30 — monitorar confirmação via RTD.
VALE3,VALER830W1,PUT,83.0,2026-06-05,9,CURTO,1.56,52.0,LATERALIDADE,Monitorar — Iron Condor futuro,65.6,CANDIDATA_PROXIMO_PREGAO,Liquidez score 52.0 ≥ 50 com vencimento CURTO — candidata para próximo pregão.
BBAS3,BBASR398,PUT,39.85,2026-06-19,23,CURTO,18.54,68.8,RECUPERACAO_APOS_QUEDA,"Call Longa, Trava de Alta, Call Debit Spread",65.6,CANDIDATA_PROXIMO_PREGAO,Liquidez score 68.8 ≥ 50 com vencimento CURTO — candidata para próximo pregão.
BPAC11,BPACF501,CALL,49.55,2026-06-19,23,CURTO,5.49,52.0,RECUPERACAO_APOS_QUEDA,"Call Longa, Trava de Alta, Call Debit Spread",65.6,CANDIDATA_PROXIMO_PREGAO,Liquidez score 52.0 ≥ 50 com vencimento CURTO — candidata para próximo pregão.
PETR4,PETRF277,CALL,27.19,2026-06-19,23,CURTO,17.3,68.8,CONTINUACAO_BAIXA,"Trava de Baixa, Put Debit Spread",65.6,CANDIDATA_PROXIMO_PREGAO,Liquidez score 68.8 ≥ 50 com vencimento CURTO — candidata para próximo pregão.
ITUB4,ITUBF286,CALL,25.28,2026-06-19,23,CURTO,14.78,68.8,RECUPERACAO_APOS_QUEDA,"Call Longa, Trava de Alta, Call Debit Spread",65.6,CANDIDATA_PROXIMO_PREGAO,Liquidez score 68.8 ≥ 50 com vencimento CURTO — candidata para próximo pregão.
PETR4,PETRV421,PUT,41.63,2026-10-16,142,LONGO,1.79,68.6,CONTINUACAO_BAIXA,"Trava de Baixa, Put Debit Spread",65.6,MONITORAR_NO_RTD,Liquidez score 68.6 ≥ 30 — monitorar confirmação via RTD.
BPAC11,BPACR600,PUT,60.05,2026-06-19,23,CURTO,5.32,68.6,RECUPERACAO_APOS_QUEDA,"Call Longa, Trava de Alta, Call Debit Spread",65.6,CANDIDATA_PROXIMO_PREGAO,Liquidez score 68.6 ≥ 50 com vencimento CURTO — candidata para próximo pregão.
HAPV3,HAPVG115,CALL,11.5,2026-07-17,51,MEDIO,1.42,68.8,CONTINUACAO_BAIXA,"Trava de Baixa, Put Debit Spread",65.6,MONITORAR_NO_RTD,Liquidez score 68.8 ≥ 30 — monitorar confirmação via RTD.
ABEV3,ABEVR174,PUT,17.42,2026-06-19,23,CURTO,1.21,52.0,CONTINUACAO_ALTA,"Trava de Alta, Call Debit Spread",65.6,CANDIDATA_PROXIMO_PREGAO,Liquidez score 52.0 ≥ 50 com vencimento CURTO — candidata para próximo pregão.
BBDC4,BBDCR258,PUT,25.51,2026-06-19,23,CURTO,7.51,68.8,RECUPERACAO_APOS_QUEDA,"Call Longa, Trava de Alta, Call Debit Spread",65.6,CANDIDATA_PROXIMO_PREGAO,Liquidez score 68.8 ≥ 50 com vencimento CURTO — candidata para próximo pregão.
PETR4,PETRQ485W5,PUT,47.96,2026-05-29,2,CURTO,3.68,51.9,CONTINUACAO_BAIXA,"Trava de Baixa, Put Debit Spread",65.6,CANDIDATA_PROXIMO_PREGAO,Liquidez score 51.9 ≥ 50 com vencimento CURTO — candidata para próximo pregão.
BBDC4,BBDCR184W1,PUT,18.41,2026-06-05,9,CURTO,0.7,52.1,RECUPERACAO_APOS_QUEDA,"Call Longa, Trava de Alta, Call Debit Spread",65.6,CANDIDATA_PROXIMO_PREGAO,Liquidez score 52.1 ≥ 50 com vencimento CURTO — candidata para próximo pregão.
PETR4,PETRG355,CALL,34.19,2026-07-17,51,MEDIO,11.02,85.4,CONTINUACAO_BAIXA,"Trava de Baixa, Put Debit Spread",65.6,MONITORAR_NO_RTD,Liquidez score 85.4 ≥ 30 — monitorar confirmação via RTD.
RENT3,RENTF475,CALL,47.12,2026-06-19,23,CURTO,0.88,35.3,RECUPERACAO_APOS_QUEDA,"Call Longa, Trava de Alta, Call Debit Spread",65.6,MONITORAR_NO_RTD,Liquidez score 35.3 ≥ 30 — monitorar confirmação via RTD.
PETR4,PETRF384,CALL,37.94,2026-06-19,23,CURTO,6.81,68.5,CONTINUACAO_BAIXA,"Trava de Baixa, Put Debit Spread",65.5,CANDIDATA_PROXIMO_PREGAO,Liquidez score 68.5 ≥ 50 com vencimento CURTO — candidata para próximo pregão.
WEGE3,WEGES459,PUT,43.96,2026-07-17,51,MEDIO,2.12,68.5,RECUPERACAO_APOS_QUEDA,"Call Longa, Trava de Alta, Call Debit Spread",65.5,MONITORAR_NO_RTD,Liquidez score 68.5 ≥ 30 — monitorar confirmação via RTD.
GGBR4,GGBRS242,PUT,24.1,2026-07-17,51,MEDIO,0.93,35.1,CONTINUACAO_ALTA,"Trava de Alta, Call Debit Spread",65.5,MONITORAR_NO_RTD,Liquidez score 35.1 ≥ 30 — monitorar confirmação via RTD.
ABEV3,ABEVF149,CALL,14.92,2026-06-19,23,CURTO,1.41,51.7,CONTINUACAO_ALTA,"Trava de Alta, Call Debit Spread",65.5,CANDIDATA_PROXIMO_PREGAO,Liquidez score 51.7 ≥ 50 com vencimento CURTO — candidata para próximo pregão.
ABEV3,ABEVF156,CALL,15.67,2026-06-19,23,CURTO,0.82,51.7,CONTINUACAO_ALTA,"Trava de Alta, Call Debit Spread",65.5,CANDIDATA_PROXIMO_PREGAO,Liquidez score 51.7 ≥ 50 com vencimento CURTO — candidata para próximo pregão.
EGIE3,EGIEF317,CALL,31.25,2026-06-19,23,CURTO,1.73,51.7,RECUPERACAO_APOS_QUEDA,"Call Longa, Trava de Alta, Call Debit Spread",65.5,CANDIDATA_PROXIMO_PREGAO,Liquidez score 51.7 ≥ 50 com vencimento CURTO — candidata para próximo pregão.
CMIG4,CMIGF868,CALL,8.44,2026-06-19,23,CURTO,3.27,68.2,RECUPERACAO_APOS_QUEDA,"Call Longa, Trava de Alta, Call Debit Spread",65.5,CANDIDATA_PROXIMO_PREGAO,Liquidez score 68.2 ≥ 50 com vencimento CURTO — candidata para próximo pregão.
SUZB3,SUZBS408,PUT,40.88,2026-07-17,51,MEDIO,0.71,51.7,RECUPERACAO_APOS_QUEDA,"Call Longa, Trava de Alta, Call Debit Spread",65.5,MONITORAR_NO_RTD,Liquidez score 51.7 ≥ 30 — monitorar confirmação via RTD.
SUZB3,SUZBF406,CALL,40.67,2026-06-19,23,CURTO,2.1,51.6,RECUPERACAO_APOS_QUEDA,"Call Longa, Trava de Alta, Call Debit Spread",65.5,CANDIDATA_PROXIMO_PREGAO,Liquidez score 51.6 ≥ 50 com vencimento CURTO — candidata para próximo pregão.
BBAS3,BBASS228,PUT,22.51,2026-07-17,51,MEDIO,1.53,68.5,RECUPERACAO_APOS_QUEDA,"Call Longa, Trava de Alta, Call Debit Spread",65.5,MONITORAR_NO_RTD,Liquidez score 68.5 ≥ 30 — monitorar confirmação via RTD.
TAEE11,TAEER495,PUT,49.51,2026-06-19,23,CURTO,3.39,68.2,RECUPERACAO_APOS_QUEDA,"Call Longa, Trava de Alta, Call Debit Spread",65.5,CANDIDATA_PROXIMO_PREGAO,Liquidez score 68.2 ≥ 50 com vencimento CURTO — candidata para próximo pregão.
PETR4,PETRF552,CALL,54.69,2026-06-19,23,CURTO,0.08,68.5,CONTINUACAO_BAIXA,"Trava de Baixa, Put Debit Spread",65.5,CANDIDATA_PROXIMO_PREGAO,Liquidez score 68.5 ≥ 50 com vencimento CURTO — candidata para próximo pregão.
PETR4,PETRR657,PUT,65.19,2026-06-19,23,CURTO,18.09,68.5,CONTINUACAO_BAIXA,"Trava de Baixa, Put Debit Spread",65.5,CANDIDATA_PROXIMO_PREGAO,Liquidez score 68.5 ≥ 50 com vencimento CURTO — candidata para próximo pregão.
ITUB4,ITUBR510,PUT,50.69,2026-06-19,23,CURTO,10.3,68.0,RECUPERACAO_APOS_QUEDA,"Call Longa, Trava de Alta, Call Debit Spread",65.4,CANDIDATA_PROXIMO_PREGAO,Liquidez score 68.0 ≥ 50 com vencimento CURTO — candidata para próximo pregão.
PETR4,PETRR622,PUT,61.69,2026-06-19,23,CURTO,16.23,67.9,CONTINUACAO_BAIXA,"Trava de Baixa, Put Debit Spread",65.4,CANDIDATA_PROXIMO_PREGAO,Liquidez score 67.9 ≥ 50 com vencimento CURTO — candidata para próximo pregão.
PETR4,PETRG352,CALL,33.94,2026-07-17,51,MEDIO,11.09,84.8,CONTINUACAO_BAIXA,"Trava de Baixa, Put Debit Spread",65.4,MONITORAR_NO_RTD,Liquidez score 84.8 ≥ 30 — monitorar confirmação via RTD.
ITUB4,ITUBF235,CALL,23.21,2026-06-19,23,CURTO,20.83,68.0,RECUPERACAO_APOS_QUEDA,"Call Longa, Trava de Alta, Call Debit Spread",65.4,CANDIDATA_PROXIMO_PREGAO,Liquidez score 68.0 ≥ 50 com vencimento CURTO — candidata para próximo pregão.
BPAC11,BPACG546,CALL,54.69,2026-07-17,51,MEDIO,2.78,34.8,RECUPERACAO_APOS_QUEDA,"Call Longa, Trava de Alta, Call Debit Spread",65.4,MONITORAR_NO_RTD,Liquidez score 34.8 ≥ 30 — monitorar confirmação via RTD.
PRIO3,PRIOR670W2,PUT,67.0,2026-06-12,16,CURTO,2.05,68.0,LATERALIDADE,Monitorar — Iron Condor futuro,65.4,CANDIDATA_PROXIMO_PREGAO,Liquidez score 68.0 ≥ 50 com vencimento CURTO — candidata para próximo pregão.
BBDC4,BBDCF711,CALL,7.11,2026-06-19,23,CURTO,10.66,68.0,RECUPERACAO_APOS_QUEDA,"Call Longa, Trava de Alta, Call Debit Spread",65.4,CANDIDATA_PROXIMO_PREGAO,Liquidez score 68.0 ≥ 50 com vencimento CURTO — candidata para próximo pregão.
SUZB3,SUZBR399,PUT,39.92,2026-06-19,23,CURTO,0.23,34.7,RECUPERACAO_APOS_QUEDA,"Call Longa, Trava de Alta, Call Debit Spread",65.4,MONITORAR_NO_RTD,Liquidez score 34.7 ≥ 30 — monitorar confirmação via RTD.
RENT3,RENTV415,PUT,41.5,2026-10-16,142,LONGO,2.67,68.0,RECUPERACAO_APOS_QUEDA,"Call Longa, Trava de Alta, Call Debit Spread",65.4,MONITORAR_NO_RTD,Liquidez score 68.0 ≥ 30 — monitorar confirmação via RTD.
BBDC4,BBDCR303,PUT,30.01,2026-06-19,23,CURTO,11.82,68.0,RECUPERACAO_APOS_QUEDA,"Call Longa, Trava de Alta, Call Debit Spread",65.4,CANDIDATA_PROXIMO_PREGAO,Liquidez score 68.0 ≥ 50 com vencimento CURTO — candidata para próximo pregão.
PETR4,PETRR480,PUT,47.46,2026-06-19,23,CURTO,0.89,51.4,CONTINUACAO_BAIXA,"Trava de Baixa, Put Debit Spread",65.4,CANDIDATA_PROXIMO_PREGAO,Liquidez score 51.4 ≥ 50 com vencimento CURTO — candidata para próximo pregão.
ABEV3,ABEVI175,CALL,17.59,2026-09-18,114,LONGO,0.78,68.0,CONTINUACAO_ALTA,"Trava de Alta, Call Debit Spread",65.4,MONITORAR_NO_RTD,Liquidez score 68.0 ≥ 30 — monitorar confirmação via RTD.
CMIG4,CMIGR215,PUT,19.74,2026-06-19,23,CURTO,8.3,68.0,RECUPERACAO_APOS_QUEDA,"Call Longa, Trava de Alta, Call Debit Spread",65.4,CANDIDATA_PROXIMO_PREGAO,Liquidez score 68.0 ≥ 50 com vencimento CURTO — candidata para próximo pregão.
HAPV3,HAPVR132,PUT,13.25,2026-06-19,23,CURTO,1.48,51.3,CONTINUACAO_BAIXA,"Trava de Baixa, Put Debit Spread",65.4,CANDIDATA_PROXIMO_PREGAO,Liquidez score 51.3 ≥ 50 com vencimento CURTO — candidata para próximo pregão.
HAPV3,HAPVR202,PUT,20.25,2026-06-19,23,CURTO,8.2,68.0,CONTINUACAO_BAIXA,"Trava de Baixa, Put Debit Spread",65.4,CANDIDATA_PROXIMO_PREGAO,Liquidez score 68.0 ≥ 50 com vencimento CURTO — candidata para próximo pregão.
BBAS3,BBASR376,PUT,37.6,2026-06-19,23,CURTO,16.3,68.0,RECUPERACAO_APOS_QUEDA,"Call Longa, Trava de Alta, Call Debit Spread",65.4,CANDIDATA_PROXIMO_PREGAO,Liquidez score 68.0 ≥ 50 com vencimento CURTO — candidata para próximo pregão.
HAPV3,HAPVR84,PUT,84.0,2026-06-19,23,CURTO,70.4,68.0,CONTINUACAO_BAIXA,"Trava de Baixa, Put Debit Spread",65.4,CANDIDATA_PROXIMO_PREGAO,Liquidez score 68.0 ≥ 50 com vencimento CURTO — candidata para próximo pregão.
PETR4,PETRR587,PUT,58.19,2026-06-19,23,CURTO,12.8,68.0,CONTINUACAO_BAIXA,"Trava de Baixa, Put Debit Spread",65.4,CANDIDATA_PROXIMO_PREGAO,Liquidez score 68.0 ≥ 50 com vencimento CURTO — candidata para próximo pregão.
PETR4,PETRH434,CALL,42.94,2026-08-21,86,MEDIO,5.34,68.0,CONTINUACAO_BAIXA,"Trava de Baixa, Put Debit Spread",65.4,MONITORAR_NO_RTD,Liquidez score 68.0 ≥ 30 — monitorar confirmação via RTD.
PETR4,PETRF212,CALL,20.69,2026-06-19,23,CURTO,24.7,68.0,CONTINUACAO_BAIXA,"Trava de Baixa, Put Debit Spread",65.4,CANDIDATA_PROXIMO_PREGAO,Liquidez score 68.0 ≥ 50 com vencimento CURTO — candidata para próximo pregão.
PETR4,PETRF189,CALL,18.44,2026-06-19,23,CURTO,27.83,68.0,CONTINUACAO_BAIXA,"Trava de Baixa, Put Debit Spread",65.4,CANDIDATA_PROXIMO_PREGAO,Liquidez score 68.0 ≥ 50 com vencimento CURTO — candidata para próximo pregão.
ITUB4,ITUBF336,CALL,30.13,2026-06-19,23,CURTO,9.93,68.0,RECUPERACAO_APOS_QUEDA,"Call Longa, Trava de Alta, Call Debit Spread",65.4,CANDIDATA_PROXIMO_PREGAO,Liquidez score 68.0 ≥ 50 com vencimento CURTO — candidata para próximo pregão.
PETR4,PETRF247,CALL,24.19,2026-06-19,23,CURTO,21.5,68.0,CONTINUACAO_BAIXA,"Trava de Baixa, Put Debit Spread",65.4,CANDIDATA_PROXIMO_PREGAO,Liquidez score 68.0 ≥ 50 com vencimento CURTO — candidata para próximo pregão.
BBAS3,BBASR421,PUT,42.1,2026-06-19,23,CURTO,20.62,68.0,RECUPERACAO_APOS_QUEDA,"Call Longa, Trava de Alta, Call Debit Spread",65.4,CANDIDATA_PROXIMO_PREGAO,Liquidez score 68.0 ≥ 50 com vencimento CURTO — candidata para próximo pregão.
B3SA3,B3SAR222,PUT,22.22,2026-06-19,23,CURTO,3.95,51.4,RECUPERACAO_APOS_QUEDA,"Call Longa, Trava de Alta, Call Debit Spread",65.4,CANDIDATA_PROXIMO_PREGAO,Liquidez score 51.4 ≥ 50 com vencimento CURTO — candidata para próximo pregão.
SUZB3,SUZBR486W4,PUT,48.67,2026-06-26,30,CURTO,4.96,68.0,RECUPERACAO_APOS_QUEDA,"Call Longa, Trava de Alta, Call Debit Spread",65.4,CANDIDATA_PROXIMO_PREGAO,Liquidez score 68.0 ≥ 50 com vencimento CURTO — candidata para próximo pregão.
ITUB4,ITUBH373,CALL,37.38,2026-08-21,86,MEDIO,4.5,68.0,RECUPERACAO_APOS_QUEDA,"Call Longa, Trava de Alta, Call Debit Spread",65.4,MONITORAR_NO_RTD,Liquidez score 68.0 ≥ 30 — monitorar confirmação via RTD.
PETR4,PETRR742,PUT,73.69,2026-06-19,23,CURTO,23.92,68.0,CONTINUACAO_BAIXA,"Trava de Baixa, Put Debit Spread",65.4,CANDIDATA_PROXIMO_PREGAO,Liquidez score 68.0 ≥ 50 com vencimento CURTO — candidata para próximo pregão.
WEGE3,WEGER481,PUT,48.03,2026-06-19,23,CURTO,4.84,68.0,RECUPERACAO_APOS_QUEDA,"Call Longa, Trava de Alta, Call Debit Spread",65.4,CANDIDATA_PROXIMO_PREGAO,Liquidez score 68.0 ≥ 50 com vencimento CURTO — candidata para próximo pregão.
BBAS3,BBASR511,PUT,51.1,2026-06-19,23,CURTO,28.12,68.0,RECUPERACAO_APOS_QUEDA,"Call Longa, Trava de Alta, Call Debit Spread",65.4,CANDIDATA_PROXIMO_PREGAO,Liquidez score 68.0 ≥ 50 com vencimento CURTO — candidata para próximo pregão.
RENT3,RENTE496W5,CALL,49.62,2026-05-29,2,CURTO,2.8,68.0,RECUPERACAO_APOS_QUEDA,"Call Longa, Trava de Alta, Call Debit Spread",65.4,CANDIDATA_PROXIMO_PREGAO,Liquidez score 68.0 ≥ 50 com vencimento CURTO — candidata para próximo pregão.
VALE3,VALET799,PUT,79.96,2026-08-21,86,MEDIO,2.56,84.3,LATERALIDADE,Monitorar — Iron Condor futuro,65.3,MONITORAR_NO_RTD,Liquidez score 84.3 ≥ 30 — monitorar confirmação via RTD.
BPAC11,BPACF498,CALL,49.8,2026-06-19,23,CURTO,4.9,51.1,RECUPERACAO_APOS_QUEDA,"Call Longa, Trava de Alta, Call Debit Spread",65.3,CANDIDATA_PROXIMO_PREGAO,Liquidez score 51.1 ≥ 50 com vencimento CURTO — candidata para próximo pregão.
SUZB3,SUZBF401,CALL,40.17,2026-06-19,23,CURTO,2.42,51.0,RECUPERACAO_APOS_QUEDA,"Call Longa, Trava de Alta, Call Debit Spread",65.3,CANDIDATA_PROXIMO_PREGAO,Liquidez score 51.0 ≥ 50 com vencimento CURTO — candidata para próximo pregão.
PETR4,PETRR440W1,PUT,43.46,2026-06-05,9,CURTO,0.7,34.4,CONTINUACAO_BAIXA,"Trava de Baixa, Put Debit Spread",65.3,MONITORAR_NO_RTD,Liquidez score 34.4 ≥ 30 — monitorar confirmação via RTD.
BBAS3,BBASR202W1,PUT,20.26,2026-06-05,9,CURTO,0.16,34.4,RECUPERACAO_APOS_QUEDA,"Call Longa, Trava de Alta, Call Debit Spread",65.3,MONITORAR_NO_RTD,Liquidez score 34.4 ≥ 30 — monitorar confirmação via RTD.
BPAC11,BPACR645,PUT,64.55,2026-06-19,23,CURTO,9.52,67.8,RECUPERACAO_APOS_QUEDA,"Call Longa, Trava de Alta, Call Debit Spread",65.3,CANDIDATA_PROXIMO_PREGAO,Liquidez score 67.8 ≥ 50 com vencimento CURTO — candidata para próximo pregão.
PRIO3,PRIOS690,PUT,69.0,2026-07-17,51,MEDIO,3.93,67.6,LATERALIDADE,Monitorar — Iron Condor futuro,65.3,MONITORAR_NO_RTD,Liquidez score 67.6 ≥ 30 — monitorar confirmação via RTD.
RENT3,RENTR510,PUT,50.62,2026-06-19,23,CURTO,7.02,67.8,RECUPERACAO_APOS_QUEDA,"Call Longa, Trava de Alta, Call Debit Spread",65.3,CANDIDATA_PROXIMO_PREGAO,Liquidez score 67.8 ≥ 50 com vencimento CURTO — candidata para próximo pregão.
PETR4,PETRH32,CALL,31.69,2026-08-21,86,MEDIO,13.74,84.0,CONTINUACAO_BAIXA,"Trava de Baixa, Put Debit Spread",65.2,MONITORAR_NO_RTD,Liquidez score 84.0 ≥ 30 — monitorar confirmação via RTD.
BBAS3,BBASE201W5,CALL,20.1,2026-05-29,2,CURTO,0.93,50.6,RECUPERACAO_APOS_QUEDA,"Call Longa, Trava de Alta, Call Debit Spread",65.2,CANDIDATA_PROXIMO_PREGAO,Liquidez score 50.6 ≥ 50 com vencimento CURTO — candidata para próximo pregão.
ITUB4,ITUBR427,PUT,42.44,2026-06-19,23,CURTO,2.76,50.5,RECUPERACAO_APOS_QUEDA,"Call Longa, Trava de Alta, Call Debit Spread",65.2,CANDIDATA_PROXIMO_PREGAO,Liquidez score 50.5 ≥ 50 com vencimento CURTO — candidata para próximo pregão.
ITUB4,ITUBS409,PUT,37.34,2026-07-17,51,MEDIO,0.48,50.5,RECUPERACAO_APOS_QUEDA,"Call Longa, Trava de Alta, Call Debit Spread",65.2,MONITORAR_NO_RTD,Liquidez score 50.5 ≥ 30 — monitorar confirmação via RTD.
BBDC4,BBDCF133,CALL,12.74,2026-06-19,23,CURTO,2.92,67.2,RECUPERACAO_APOS_QUEDA,"Call Longa, Trava de Alta, Call Debit Spread",65.2,CANDIDATA_PROXIMO_PREGAO,Liquidez score 67.2 ≥ 50 com vencimento CURTO — candidata para próximo pregão.
PETR4,PETRG400,CALL,39.46,2026-07-17,51,MEDIO,11.53,84.0,CONTINUACAO_BAIXA,"Trava de Baixa, Put Debit Spread",65.2,MONITORAR_NO_RTD,Liquidez score 84.0 ≥ 30 — monitorar confirmação via RTD.
PETR4,PETRR812,PUT,80.69,2026-06-19,23,CURTO,32.2,67.2,CONTINUACAO_BAIXA,"Trava de Baixa, Put Debit Spread",65.2,CANDIDATA_PROXIMO_PREGAO,Liquidez score 67.2 ≥ 50 com vencimento CURTO — candidata para próximo pregão.
TAEE11,TAEEF417,CALL,40.39,2026-06-19,23,CURTO,0.41,34.0,RECUPERACAO_APOS_QUEDA,"Call Longa, Trava de Alta, Call Debit Spread",65.2,MONITORAR_NO_RTD,Liquidez score 34.0 ≥ 30 — monitorar confirmação via RTD.
HAPV3,HAPVF920,CALL,9.2,2026-06-19,23,CURTO,3.12,67.3,CONTINUACAO_BAIXA,"Trava de Baixa, Put Debit Spread",65.2,CANDIDATA_PROXIMO_PREGAO,Liquidez score 67.3 ≥ 50 com vencimento CURTO — candidata para próximo pregão.
SUZB3,SUZBT451,PUT,45.13,2026-08-21,86,MEDIO,2.9,67.2,RECUPERACAO_APOS_QUEDA,"Call Longa, Trava de Alta, Call Debit Spread",65.2,MONITORAR_NO_RTD,Liquidez score 67.2 ≥ 30 — monitorar confirmação via RTD.
PETR4,PETRH432,CALL,42.69,2026-08-21,86,MEDIO,6.1,67.2,CONTINUACAO_BAIXA,"Trava de Baixa, Put Debit Spread",65.2,MONITORAR_NO_RTD,Liquidez score 67.2 ≥ 30 — monitorar confirmação via RTD.
ITUB4,ITUBF338,CALL,30.38,2026-06-19,23,CURTO,9.0,67.2,RECUPERACAO_APOS_QUEDA,"Call Longa, Trava de Alta, Call Debit Spread",65.2,CANDIDATA_PROXIMO_PREGAO,Liquidez score 67.2 ≥ 50 com vencimento CURTO — candidata para próximo pregão.
PETR4,PETRJ430,CALL,42.46,2026-10-16,142,LONGO,6.94,83.8,CONTINUACAO_BAIXA,"Trava de Baixa, Put Debit Spread",65.1,MONITORAR_NO_RTD,Liquidez score 83.8 ≥ 30 — monitorar confirmação via RTD.
PRIO3,PRIOE670W5,CALL,67.0,2026-05-29,2,CURTO,2.51,83.8,LATERALIDADE,Monitorar — Iron Condor futuro,65.1,CANDIDATA_PROXIMO_PREGAO,Liquidez score 83.8 ≥ 50 com vencimento CURTO — candidata para próximo pregão.
PETR4,PETRG277,CALL,26.44,2026-07-17,51,MEDIO,23.47,83.6,CONTINUACAO_BAIXA,"Trava de Baixa, Put Debit Spread",65.1,MONITORAR_NO_RTD,Liquidez score 83.6 ≥ 30 — monitorar confirmação via RTD.
ABEV3,ABEVF174,CALL,17.42,2026-06-19,23,CURTO,0.08,33.8,CONTINUACAO_ALTA,"Trava de Alta, Call Debit Spread",65.1,MONITORAR_NO_RTD,Liquidez score 33.8 ≥ 30 — monitorar confirmação via RTD.
BBDC4,BBDCS183,PUT,18.41,2026-07-17,51,MEDIO,0.94,67.1,RECUPERACAO_APOS_QUEDA,"Call Longa, Trava de Alta, Call Debit Spread",65.1,MONITORAR_NO_RTD,Liquidez score 67.1 ≥ 30 — monitorar confirmação via RTD.
SUZB3,SUZBR581,PUT,58.17,2026-06-19,23,CURTO,14.55,67.0,RECUPERACAO_APOS_QUEDA,"Call Longa, Trava de Alta, Call Debit Spread",65.1,CANDIDATA_PROXIMO_PREGAO,Liquidez score 67.0 ≥ 50 com vencimento CURTO — candidata para próximo pregão.
BPAC11,BPACG536,CALL,53.69,2026-07-17,51,MEDIO,3.37,33.7,RECUPERACAO_APOS_QUEDA,"Call Longa, Trava de Alta, Call Debit Spread",65.1,MONITORAR_NO_RTD,Liquidez score 33.7 ≥ 30 — monitorar confirmação via RTD.
VALE3,VALER996,PUT,94.68,2026-06-19,23,CURTO,11.73,100.0,LATERALIDADE,Monitorar — Iron Condor futuro,65.0,CANDIDATA_PROXIMO_PREGAO,Liquidez score 100.0 ≥ 50 com vencimento CURTO — candidata para próximo pregão.
VALE3,VALEF726,CALL,72.68,2026-06-19,23,CURTO,10.87,100.0,LATERALIDADE,Monitorar — Iron Condor futuro,65.0,CANDIDATA_PROXIMO_PREGAO,Liquidez score 100.0 ≥ 50 com vencimento CURTO — candidata para próximo pregão.
VALE3,VALEF656,CALL,65.68,2026-06-19,23,CURTO,17.45,100.0,LATERALIDADE,Monitorar — Iron Condor futuro,65.0,CANDIDATA_PROXIMO_PREGAO,Liquidez score 100.0 ≥ 50 com vencimento CURTO — candidata para próximo pregão.
VALE3,VALEF741W4,CALL,74.18,2026-06-26,30,CURTO,12.18,100.0,LATERALIDADE,Monitorar — Iron Condor futuro,65.0,CANDIDATA_PROXIMO_PREGAO,Liquidez score 100.0 ≥ 50 com vencimento CURTO — candidata para próximo pregão.
PETR4,PETRJ4,CALL,34.88,2026-10-16,142,LONGO,13.04,100.0,CONTINUACAO_BAIXA,"Trava de Baixa, Put Debit Spread",65.0,MONITORAR_NO_RTD,Liquidez score 100.0 ≥ 30 — monitorar confirmação via RTD.
PRIO3,PRIOF620,CALL,62.0,2026-06-19,23,CURTO,7.74,100.0,LATERALIDADE,Monitorar — Iron Condor futuro,65.0,CANDIDATA_PROXIMO_PREGAO,Liquidez score 100.0 ≥ 50 com vencimento CURTO — candidata para próximo pregão.
PETR4,PETRF344,CALL,33.94,2026-06-19,23,CURTO,10.45,66.8,CONTINUACAO_BAIXA,"Trava de Baixa, Put Debit Spread",65.0,CANDIDATA_PROXIMO_PREGAO,Liquidez score 66.8 ≥ 50 com vencimento CURTO — candidata para próximo pregão.
VALE3,VALEF78,CALL,74.68,2026-06-19,23,CURTO,9.05,100.0,LATERALIDADE,Monitorar — Iron Condor futuro,65.0,CANDIDATA_PROXIMO_PREGAO,Liquidez score 100.0 ≥ 50 com vencimento CURTO — candidata para próximo pregão.
VALE3,VALEG77,CALL,77.5,2026-07-17,51,MEDIO,7.35,100.0,LATERALIDADE,Monitorar — Iron Condor futuro,65.0,MONITORAR_NO_RTD,Liquidez score 100.0 ≥ 30 — monitorar confirmação via RTD.
B3SA3,B3SAQ13,PUT,13.37,2027-05-21,359,EXTRA_LONGO,0.53,100.0,RECUPERACAO_APOS_QUEDA,"Call Longa, Trava de Alta, Call Debit Spread",65.0,MONITORAR_NO_RTD,Liquidez score 100.0 ≥ 30 — monitorar confirmação via RTD.
ITUB4,ITUBE397,CALL,36.11,2027-05-21,359,EXTRA_LONGO,8.13,100.0,RECUPERACAO_APOS_QUEDA,"Call Longa, Trava de Alta, Call Debit Spread",65.0,MONITORAR_NO_RTD,Liquidez score 100.0 ≥ 30 — monitorar confirmação via RTD.
PETR4,PETRF228,CALL,21.44,2026-06-19,23,CURTO,23.87,66.7,CONTINUACAO_BAIXA,"Trava de Baixa, Put Debit Spread",65.0,CANDIDATA_PROXIMO_PREGAO,Liquidez score 66.7 ≥ 50 com vencimento CURTO — candidata para próximo pregão.
PRIO3,PRIOF57,CALL,57.0,2026-06-19,23,CURTO,11.7,100.0,LATERALIDADE,Monitorar — Iron Condor futuro,65.0,CANDIDATA_PROXIMO_PREGAO,Liquidez score 100.0 ≥ 50 com vencimento CURTO — candidata para próximo pregão.
VALE3,VALEG770,CALL,77.0,2026-07-17,51,MEDIO,8.35,100.0,LATERALIDADE,Monitorar — Iron Condor futuro,65.0,MONITORAR_NO_RTD,Liquidez score 100.0 ≥ 30 — monitorar confirmação via RTD.
PETR4,PETRL501,CALL,48.18,2026-12-18,205,EXTRA_LONGO,4.86,83.2,CONTINUACAO_BAIXA,"Trava de Baixa, Put Debit Spread",65.0,MONITORAR_NO_RTD,Liquidez score 83.2 ≥ 30 — monitorar confirmação via RTD.
ENEV3,ENEVM128,PUT,128.0,2027-01-15,233,EXTRA_LONGO,90.6,100.0,PROTECAO_CARTEIRA,"Protective Put, Collar",65.0,MONITORAR_NO_RTD,Liquidez score 100.0 ≥ 30 — monitorar confirmação via RTD.
PRIO3,PRIOF385,CALL,38.5,2026-06-19,23,CURTO,25.89,100.0,LATERALIDADE,Monitorar — Iron Condor futuro,65.0,CANDIDATA_PROXIMO_PREGAO,Liquidez score 100.0 ≥ 50 com vencimento CURTO — candidata para próximo pregão.
VALE3,VALEG790,CALL,79.15,2026-07-17,51,MEDIO,6.85,100.0,LATERALIDADE,Monitorar — Iron Condor futuro,65.0,MONITORAR_NO_RTD,Liquidez score 100.0 ≥ 30 — monitorar confirmação via RTD.
VALE3,VALEV799,PUT,79.9,2026-10-16,142,LONGO,2.78,100.0,LATERALIDADE,Monitorar — Iron Condor futuro,65.0,MONITORAR_NO_RTD,Liquidez score 100.0 ≥ 30 — monitorar confirmação via RTD.
VALE3,VALEG795,CALL,76.15,2026-07-17,51,MEDIO,9.14,100.0,LATERALIDADE,Monitorar — Iron Condor futuro,65.0,MONITORAR_NO_RTD,Liquidez score 100.0 ≥ 30 — monitorar confirmação via RTD.
VALE3,VALER97,PUT,97.18,2026-06-19,23,CURTO,13.45,100.0,LATERALIDADE,Monitorar — Iron Condor futuro,65.0,CANDIDATA_PROXIMO_PREGAO,Liquidez score 100.0 ≥ 50 com vencimento CURTO — candidata para próximo pregão.
VALE3,VALEF730,CALL,69.68,2026-06-19,23,CURTO,13.15,100.0,LATERALIDADE,Monitorar — Iron Condor futuro,65.0,CANDIDATA_PROXIMO_PREGAO,Liquidez score 100.0 ≥ 50 com vencimento CURTO — candidata para próximo pregão.
PRIO3,PRIOR760,PUT,76.0,2026-06-19,23,CURTO,8.47,83.2,LATERALIDADE,Monitorar — Iron Condor futuro,65.0,CANDIDATA_PROXIMO_PREGAO,Liquidez score 83.2 ≥ 50 com vencimento CURTO — candidata para próximo pregão.
VALE3,VALER145,PUT,145.68,2026-06-19,23,CURTO,61.81,100.0,LATERALIDADE,Monitorar — Iron Condor futuro,65.0,CANDIDATA_PROXIMO_PREGAO,Liquidez score 100.0 ≥ 50 com vencimento CURTO — candidata para próximo pregão.
VALE3,VALEX874,PUT,82.46,2026-12-18,205,EXTRA_LONGO,4.06,100.0,LATERALIDADE,Monitorar — Iron Condor futuro,65.0,MONITORAR_NO_RTD,Liquidez score 100.0 ≥ 30 — monitorar confirmação via RTD.
BBDC4,BBDCI149,CALL,14.66,2026-09-18,114,LONGO,4.2,100.0,RECUPERACAO_APOS_QUEDA,"Call Longa, Trava de Alta, Call Debit Spread",65.0,MONITORAR_NO_RTD,Liquidez score 100.0 ≥ 30 — monitorar confirmação via RTD.
ENEV3,ENEVM129,PUT,129.0,2027-01-15,233,EXTRA_LONGO,90.52,100.0,PROTECAO_CARTEIRA,"Protective Put, Collar",65.0,MONITORAR_NO_RTD,Liquidez score 100.0 ≥ 30 — monitorar confirmação via RTD.
PETR4,PETRQ475W5,PUT,46.96,2026-05-29,2,CURTO,2.75,49.9,CONTINUACAO_BAIXA,"Trava de Baixa, Put Debit Spread",65.0,MONITORAR_NO_RTD,Liquidez score 49.9 ≥ 30 — monitorar confirmação via RTD.
PETR4,PETRJ266,CALL,26.13,2026-10-16,142,LONGO,21.38,100.0,CONTINUACAO_BAIXA,"Trava de Baixa, Put Debit Spread",65.0,MONITORAR_NO_RTD,Liquidez score 100.0 ≥ 30 — monitorar confirmação via RTD.
BBAS3,BBASF188,CALL,18.85,2026-06-19,23,CURTO,2.25,66.7,RECUPERACAO_APOS_QUEDA,"Call Longa, Trava de Alta, Call Debit Spread",65.0,CANDIDATA_PROXIMO_PREGAO,Liquidez score 66.7 ≥ 50 com vencimento CURTO — candidata para próximo pregão.
WEGE3,WEGEF451W2,CALL,45.17,2026-06-12,16,CURTO,0.38,33.3,RECUPERACAO_APOS_QUEDA,"Call Longa, Trava de Alta, Call Debit Spread",65.0,MONITORAR_NO_RTD,Liquidez score 33.3 ≥ 30 — monitorar confirmação via RTD.
VALE3,VALEG800,CALL,80.15,2026-07-17,51,MEDIO,6.11,100.0,LATERALIDADE,Monitorar — Iron Condor futuro,65.0,MONITORAR_NO_RTD,Liquidez score 100.0 ≥ 30 — monitorar confirmação via RTD.
ENEV3,ENEVS193,PUT,193.0,2027-07-16,415,EXTRA_LONGO,139.3,100.0,PROTECAO_CARTEIRA,"Protective Put, Collar",65.0,MONITORAR_NO_RTD,Liquidez score 100.0 ≥ 30 — monitorar confirmação via RTD.
BBDC4,BBDCU223,PUT,22.16,2026-09-18,114,LONGO,3.8,100.0,RECUPERACAO_APOS_QUEDA,"Call Longa, Trava de Alta, Call Debit Spread",65.0,MONITORAR_NO_RTD,Liquidez score 100.0 ≥ 30 — monitorar confirmação via RTD.
ABEV3,ABEVK135,CALL,13.52,2026-11-19,176,LONGO,2.14,100.0,CONTINUACAO_ALTA,"Trava de Alta, Call Debit Spread",65.0,MONITORAR_NO_RTD,Liquidez score 100.0 ≥ 30 — monitorar confirmação via RTD.
RENT3,RENTF446,CALL,44.62,2026-06-19,23,CURTO,1.73,33.2,RECUPERACAO_APOS_QUEDA,"Call Longa, Trava de Alta, Call Debit Spread",65.0,MONITORAR_NO_RTD,Liquidez score 33.2 ≥ 30 — monitorar confirmação via RTD.
PETR4,PETRJ269,CALL,26.38,2026-10-16,142,LONGO,21.33,100.0,CONTINUACAO_BAIXA,"Trava de Baixa, Put Debit Spread",65.0,MONITORAR_NO_RTD,Liquidez score 100.0 ≥ 30 — monitorar confirmação via RTD.
VALE3,VALEG786,CALL,78.65,2026-07-17,51,MEDIO,7.08,100.0,LATERALIDADE,Monitorar — Iron Condor futuro,65.0,MONITORAR_NO_RTD,Liquidez score 100.0 ≥ 30 — monitorar confirmação via RTD.
BPAC11,BPACR665,PUT,66.52,2026-06-19,23,CURTO,12.3,66.5,RECUPERACAO_APOS_QUEDA,"Call Longa, Trava de Alta, Call Debit Spread",65.0,CANDIDATA_PROXIMO_PREGAO,Liquidez score 66.5 ≥ 50 com vencimento CURTO — candidata para próximo pregão.
PRIO3,PRIOR815,PUT,81.5,2026-06-19,23,CURTO,12.13,100.0,LATERALIDADE,Monitorar — Iron Condor futuro,65.0,CANDIDATA_PROXIMO_PREGAO,Liquidez score 100.0 ≥ 50 com vencimento CURTO — candidata para próximo pregão.
VALE3,VALES871,PUT,87.15,2026-07-17,51,MEDIO,5.11,100.0,LATERALIDADE,Monitorar — Iron Condor futuro,65.0,MONITORAR_NO_RTD,Liquidez score 100.0 ≥ 30 — monitorar confirmação via RTD.
ITUB4,ITUBI327,CALL,32.49,2026-09-18,114,LONGO,10.55,100.0,RECUPERACAO_APOS_QUEDA,"Call Longa, Trava de Alta, Call Debit Spread",65.0,MONITORAR_NO_RTD,Liquidez score 100.0 ≥ 30 — monitorar confirmação via RTD.
WEGE3,WEGEI356,CALL,35.53,2026-09-18,114,LONGO,12.87,100.0,RECUPERACAO_APOS_QUEDA,"Call Longa, Trava de Alta, Call Debit Spread",65.0,MONITORAR_NO_RTD,Liquidez score 100.0 ≥ 30 — monitorar confirmação via RTD.
B3SA3,B3SAF121,CALL,11.72,2026-06-19,23,CURTO,5.28,50.0,RECUPERACAO_APOS_QUEDA,"Call Longa, Trava de Alta, Call Debit Spread",65.0,CANDIDATA_PROXIMO_PREGAO,Liquidez score 50.0 ≥ 50 com vencimento CURTO — candidata para próximo pregão.
ITUB4,ITUBD397,CALL,36.11,2027-04-16,324,EXTRA_LONGO,7.81,100.0,RECUPERACAO_APOS_QUEDA,"Call Longa, Trava de Alta, Call Debit Spread",65.0,MONITORAR_NO_RTD,Liquidez score 100.0 ≥ 30 — monitorar confirmação via RTD.
VALE3,VALES856,PUT,85.65,2026-07-17,51,MEDIO,4.09,100.0,LATERALIDADE,Monitorar — Iron Condor futuro,65.0,MONITORAR_NO_RTD,Liquidez score 100.0 ≥ 30 — monitorar confirmação via RTD.
ENEV3,ENEVN124,PUT,124.0,2027-02-19,268,EXTRA_LONGO,87.31,100.0,PROTECAO_CARTEIRA,"Protective Put, Collar",65.0,MONITORAR_NO_RTD,Liquidez score 100.0 ≥ 30 — monitorar confirmação via RTD.
VALE3,VALES896,PUT,89.65,2026-07-17,51,MEDIO,6.51,100.0,LATERALIDADE,Monitorar — Iron Condor futuro,65.0,MONITORAR_NO_RTD,Liquidez score 100.0 ≥ 30 — monitorar confirmação via RTD.
ENEV3,ENEVM127,PUT,127.0,2027-01-15,233,EXTRA_LONGO,89.64,100.0,PROTECAO_CARTEIRA,"Protective Put, Collar",65.0,MONITORAR_NO_RTD,Liquidez score 100.0 ≥ 30 — monitorar confirmação via RTD.
WEGE3,WEGEL452,CALL,43.46,2026-12-18,205,EXTRA_LONGO,6.17,66.7,RECUPERACAO_APOS_QUEDA,"Call Longa, Trava de Alta, Call Debit Spread",65.0,MONITORAR_NO_RTD,Liquidez score 66.7 ≥ 30 — monitorar confirmação via RTD.
VALE3,VALEG811,CALL,81.15,2026-07-17,51,MEDIO,5.26,100.0,LATERALIDADE,Monitorar — Iron Condor futuro,65.0,MONITORAR_NO_RTD,Liquidez score 100.0 ≥ 30 — monitorar confirmação via RTD.
VALE3,VALES876W4,PUT,87.65,2026-07-24,58,MEDIO,5.84,100.0,LATERALIDADE,Monitorar — Iron Condor futuro,65.0,MONITORAR_NO_RTD,Liquidez score 100.0 ≥ 30 — monitorar confirmação via RTD.
VALE3,VALEG811W2,CALL,81.18,2026-07-10,44,MEDIO,4.8,100.0,LATERALIDADE,Monitorar — Iron Condor futuro,65.0,MONITORAR_NO_RTD,Liquidez score 100.0 ≥ 30 — monitorar confirmação via RTD.
BBDC4,BBDCW113,PUT,112.68,2026-11-19,176,LONGO,86.85,100.0,RECUPERACAO_APOS_QUEDA,"Call Longa, Trava de Alta, Call Debit Spread",65.0,MONITORAR_NO_RTD,Liquidez score 100.0 ≥ 30 — monitorar confirmação via RTD.
VALE3,VALES896W2,PUT,89.68,2026-07-10,44,MEDIO,8.56,100.0,LATERALIDADE,Monitorar — Iron Condor futuro,65.0,MONITORAR_NO_RTD,Liquidez score 100.0 ≥ 30 — monitorar confirmação via RTD.
BBAS3,BBASW129,PUT,129.27,2026-11-19,176,LONGO,100.04,100.0,RECUPERACAO_APOS_QUEDA,"Call Longa, Trava de Alta, Call Debit Spread",65.0,MONITORAR_NO_RTD,Liquidez score 100.0 ≥ 30 — monitorar confirmação via RTD.
PETR4,PETRG425,CALL,36.19,2026-07-17,51,MEDIO,9.15,83.2,CONTINUACAO_BAIXA,"Trava de Baixa, Put Debit Spread",65.0,MONITORAR_NO_RTD,Liquidez score 83.2 ≥ 30 — monitorar confirmação via RTD.
BBAS3,BBASV117,PUT,116.77,2026-10-16,142,LONGO,88.49,100.0,RECUPERACAO_APOS_QUEDA,"Call Longa, Trava de Alta, Call Debit Spread",65.0,MONITORAR_NO_RTD,Liquidez score 100.0 ≥ 30 — monitorar confirmação via RTD.
WEGE3,WEGEI381,CALL,38.11,2026-09-18,114,LONGO,13.03,100.0,RECUPERACAO_APOS_QUEDA,"Call Longa, Trava de Alta, Call Debit Spread",65.0,MONITORAR_NO_RTD,Liquidez score 100.0 ≥ 30 — monitorar confirmação via RTD.
BBDC4,BBDCR168,PUT,16.24,2026-06-19,23,CURTO,0.87,33.2,RECUPERACAO_APOS_QUEDA,"Call Longa, Trava de Alta, Call Debit Spread",65.0,MONITORAR_NO_RTD,Liquidez score 33.2 ≥ 30 — monitorar confirmação via RTD.
TAEE11,TAEEF412,CALL,39.89,2026-06-19,23,CURTO,0.59,33.2,RECUPERACAO_APOS_QUEDA,"Call Longa, Trava de Alta, Call Debit Spread",65.0,MONITORAR_NO_RTD,Liquidez score 33.2 ≥ 30 — monitorar confirmação via RTD.
VALE3,VALEG806,CALL,80.65,2026-07-17,51,MEDIO,5.78,100.0,LATERALIDADE,Monitorar — Iron Condor futuro,65.0,MONITORAR_NO_RTD,Liquidez score 100.0 ≥ 30 — monitorar confirmação via RTD.
PETR4,PETRV378,PUT,36.42,2026-10-16,142,LONGO,0.78,100.0,CONTINUACAO_BAIXA,"Trava de Baixa, Put Debit Spread",65.0,MONITORAR_NO_RTD,Liquidez score 100.0 ≥ 30 — monitorar confirmação via RTD.
PETR4,PETRF162,CALL,15.69,2026-06-19,23,CURTO,30.27,66.7,CONTINUACAO_BAIXA,"Trava de Baixa, Put Debit Spread",65.0,CANDIDATA_PROXIMO_PREGAO,Liquidez score 66.7 ≥ 50 com vencimento CURTO — candidata para próximo pregão.
VALE3,VALES901,PUT,90.15,2026-07-17,51,MEDIO,6.99,100.0,LATERALIDADE,Monitorar — Iron Condor futuro,65.0,MONITORAR_NO_RTD,Liquidez score 100.0 ≥ 30 — monitorar confirmação via RTD.
VALE3,VALES921,PUT,92.15,2026-07-17,51,MEDIO,9.11,100.0,LATERALIDADE,Monitorar — Iron Condor futuro,65.0,MONITORAR_NO_RTD,Liquidez score 100.0 ≥ 30 — monitorar confirmação via RTD.
PETR4,PETRI356,CALL,33.69,2026-09-18,114,LONGO,16.03,100.0,CONTINUACAO_BAIXA,"Trava de Baixa, Put Debit Spread",65.0,MONITORAR_NO_RTD,Liquidez score 100.0 ≥ 30 — monitorar confirmação via RTD.
VALE3,VALER801,PUT,75.18,2026-06-19,23,CURTO,0.29,100.0,LATERALIDADE,Monitorar — Iron Condor futuro,65.0,CANDIDATA_PROXIMO_PREGAO,Liquidez score 100.0 ≥ 50 com vencimento CURTO — candidata para próximo pregão.
ITUB4,ITUBW489,PUT,48.91,2026-11-19,176,LONGO,7.39,100.0,RECUPERACAO_APOS_QUEDA,"Call Longa, Trava de Alta, Call Debit Spread",65.0,MONITORAR_NO_RTD,Liquidez score 100.0 ≥ 30 — monitorar confirmação via RTD.
VALE3,VALER736,PUT,73.68,2026-06-19,23,CURTO,0.19,100.0,LATERALIDADE,Monitorar — Iron Condor futuro,65.0,CANDIDATA_PROXIMO_PREGAO,Liquidez score 100.0 ≥ 50 com vencimento CURTO — candidata para próximo pregão.
VALE3,VALEX894,PUT,84.46,2026-12-18,205,EXTRA_LONGO,5.57,100.0,LATERALIDADE,Monitorar — Iron Condor futuro,65.0,MONITORAR_NO_RTD,Liquidez score 100.0 ≥ 30 — monitorar confirmação via RTD.
WEGE3,WEGEK371,CALL,35.78,2026-11-19,176,LONGO,16.54,100.0,RECUPERACAO_APOS_QUEDA,"Call Longa, Trava de Alta, Call Debit Spread",65.0,MONITORAR_NO_RTD,Liquidez score 100.0 ≥ 30 — monitorar confirmação via RTD.
ENEV3,ENEVR141,PUT,141.0,2027-06-18,387,EXTRA_LONGO,97.66,100.0,PROTECAO_CARTEIRA,"Protective Put, Collar",65.0,MONITORAR_NO_RTD,Liquidez score 100.0 ≥ 30 — monitorar confirmação via RTD.
PETR4,PETRI567,CALL,56.19,2026-09-18,114,LONGO,1.5,100.0,CONTINUACAO_BAIXA,"Trava de Baixa, Put Debit Spread",65.0,MONITORAR_NO_RTD,Liquidez score 100.0 ≥ 30 — monitorar confirmação via RTD.
BBAS3,BBASU117,PUT,117.18,2026-09-18,114,LONGO,90.02,100.0,RECUPERACAO_APOS_QUEDA,"Call Longa, Trava de Alta, Call Debit Spread",65.0,MONITORAR_NO_RTD,Liquidez score 100.0 ≥ 30 — monitorar confirmação via RTD.
BBAS3,BBASU109,PUT,109.18,2026-09-18,114,LONGO,82.71,100.0,RECUPERACAO_APOS_QUEDA,"Call Longa, Trava de Alta, Call Debit Spread",65.0,MONITORAR_NO_RTD,Liquidez score 100.0 ≥ 30 — monitorar confirmação via RTD.
WEGE3,WEGEL417,CALL,39.96,2026-12-18,205,EXTRA_LONGO,8.98,100.0,RECUPERACAO_APOS_QUEDA,"Call Longa, Trava de Alta, Call Debit Spread",65.0,MONITORAR_NO_RTD,Liquidez score 100.0 ≥ 30 — monitorar confirmação via RTD.
GGBR4,GGBRF18,CALL,18.18,2026-06-19,23,CURTO,5.2,66.4,CONTINUACAO_ALTA,"Trava de Alta, Call Debit Spread",64.9,CANDIDATA_PROXIMO_PREGAO,Liquidez score 66.4 ≥ 50 com vencimento CURTO — candidata para próximo pregão.
GGBR4,GGBRF19,CALL,19.18,2026-06-19,23,CURTO,4.48,66.4,CONTINUACAO_ALTA,"Trava de Alta, Call Debit Spread",64.9,CANDIDATA_PROXIMO_PREGAO,Liquidez score 66.4 ≥ 50 com vencimento CURTO — candidata para próximo pregão.
WEGE3,WEGEG409,CALL,38.96,2026-07-17,51,MEDIO,4.56,66.4,RECUPERACAO_APOS_QUEDA,"Call Longa, Trava de Alta, Call Debit Spread",64.9,MONITORAR_NO_RTD,Liquidez score 66.4 ≥ 30 — monitorar confirmação via RTD.
PETR4,PETRR840,PUT,76.69,2026-06-19,23,CURTO,28.19,66.4,CONTINUACAO_BAIXA,"Trava de Baixa, Put Debit Spread",64.9,CANDIDATA_PROXIMO_PREGAO,Liquidez score 66.4 ≥ 50 com vencimento CURTO — candidata para próximo pregão.
SUZB3,SUZBT413,PUT,41.38,2026-08-21,86,MEDIO,1.19,33.1,RECUPERACAO_APOS_QUEDA,"Call Longa, Trava de Alta, Call Debit Spread",64.9,MONITORAR_NO_RTD,Liquidez score 33.1 ≥ 30 — monitorar confirmação via RTD.
PETR4,PETRR460W2,PUT,45.46,2026-06-12,16,CURTO,2.01,49.8,CONTINUACAO_BAIXA,"Trava de Baixa, Put Debit Spread",64.9,MONITORAR_NO_RTD,Liquidez score 49.8 ≥ 30 — monitorar confirmação via RTD.
B3SA3,B3SAT189,PUT,18.89,2026-08-21,86,MEDIO,2.08,66.3,RECUPERACAO_APOS_QUEDA,"Call Longa, Trava de Alta, Call Debit Spread",64.9,MONITORAR_NO_RTD,Liquidez score 66.3 ≥ 30 — monitorar confirmação via RTD.
B3SA3,B3SAR151,PUT,14.72,2026-06-19,23,CURTO,0.1,49.6,RECUPERACAO_APOS_QUEDA,"Call Longa, Trava de Alta, Call Debit Spread",64.9,MONITORAR_NO_RTD,Liquidez score 49.6 ≥ 30 — monitorar confirmação via RTD.
SUZB3,SUZBT448,PUT,44.88,2026-08-21,86,MEDIO,2.5,66.4,RECUPERACAO_APOS_QUEDA,"Call Longa, Trava de Alta, Call Debit Spread",64.9,MONITORAR_NO_RTD,Liquidez score 66.4 ≥ 30 — monitorar confirmação via RTD.
B3SA3,B3SAS209,PUT,20.89,2026-07-17,51,MEDIO,3.94,66.4,RECUPERACAO_APOS_QUEDA,"Call Longa, Trava de Alta, Call Debit Spread",64.9,MONITORAR_NO_RTD,Liquidez score 66.4 ≥ 30 — monitorar confirmação via RTD.
ITUB4,ITUBF447,CALL,44.44,2026-06-19,23,CURTO,0.09,66.3,RECUPERACAO_APOS_QUEDA,"Call Longa, Trava de Alta, Call Debit Spread",64.9,CANDIDATA_PROXIMO_PREGAO,Liquidez score 66.3 ≥ 50 com vencimento CURTO — candidata para próximo pregão.
RENT3,RENTR498,PUT,49.87,2026-06-19,23,CURTO,6.65,66.4,RECUPERACAO_APOS_QUEDA,"Call Longa, Trava de Alta, Call Debit Spread",64.9,CANDIDATA_PROXIMO_PREGAO,Liquidez score 66.4 ≥ 50 com vencimento CURTO — candidata para próximo pregão.
BBDC4,BBDCI201,CALL,19.16,2026-09-18,114,LONGO,0.96,66.4,RECUPERACAO_APOS_QUEDA,"Call Longa, Trava de Alta, Call Debit Spread",64.9,MONITORAR_NO_RTD,Liquidez score 66.4 ≥ 30 — monitorar confirmação via RTD.
BBDC4,BBDCF138,CALL,13.24,2026-06-19,23,CURTO,2.28,66.4,RECUPERACAO_APOS_QUEDA,"Call Longa, Trava de Alta, Call Debit Spread",64.9,CANDIDATA_PROXIMO_PREGAO,Liquidez score 66.4 ≥ 50 com vencimento CURTO — candidata para próximo pregão.
ITUB4,ITUBE411W5,CALL,41.11,2026-05-29,2,CURTO,0.1,32.6,RECUPERACAO_APOS_QUEDA,"Call Longa, Trava de Alta, Call Debit Spread",64.8,MONITORAR_NO_RTD,Liquidez score 32.6 ≥ 30 — monitorar confirmação via RTD.
ABEV3,ABEVK171,CALL,17.17,2026-11-19,176,LONGO,1.15,66.0,CONTINUACAO_ALTA,"Trava de Alta, Call Debit Spread",64.8,MONITORAR_NO_RTD,Liquidez score 66.0 ≥ 30 — monitorar confirmação via RTD.
PETR4,PETRR757,PUT,75.19,2026-06-19,23,CURTO,27.59,66.0,CONTINUACAO_BAIXA,"Trava de Baixa, Put Debit Spread",64.8,CANDIDATA_PROXIMO_PREGAO,Liquidez score 66.0 ≥ 50 com vencimento CURTO — candidata para próximo pregão.
PETR4,PETRQ412W5,PUT,40.71,2026-05-29,2,CURTO,0.07,32.8,CONTINUACAO_BAIXA,"Trava de Baixa, Put Debit Spread",64.8,MONITORAR_NO_RTD,Liquidez score 32.8 ≥ 30 — monitorar confirmação via RTD.
PETR4,PETRF943,CALL,8.89,2026-06-19,23,CURTO,36.08,66.0,CONTINUACAO_BAIXA,"Trava de Baixa, Put Debit Spread",64.8,CANDIDATA_PROXIMO_PREGAO,Liquidez score 66.0 ≥ 50 com vencimento CURTO — candidata para próximo pregão.
BBAS3,BBASQ296W5,PUT,29.6,2026-05-29,2,CURTO,8.67,66.0,RECUPERACAO_APOS_QUEDA,"Call Longa, Trava de Alta, Call Debit Spread",64.8,CANDIDATA_PROXIMO_PREGAO,Liquidez score 66.0 ≥ 50 com vencimento CURTO — candidata para próximo pregão.
BBDC4,BBDCF181W1,CALL,18.16,2026-06-05,9,CURTO,0.19,32.6,RECUPERACAO_APOS_QUEDA,"Call Longa, Trava de Alta, Call Debit Spread",64.8,MONITORAR_NO_RTD,Liquidez score 32.6 ≥ 30 — monitorar confirmação via RTD.
BBAS3,BBASR381,PUT,38.1,2026-06-19,23,CURTO,17.16,66.0,RECUPERACAO_APOS_QUEDA,"Call Longa, Trava de Alta, Call Debit Spread",64.8,CANDIDATA_PROXIMO_PREGAO,Liquidez score 66.0 ≥ 50 com vencimento CURTO — candidata para próximo pregão.
ABEV3,ABEVI165,CALL,16.59,2026-09-18,114,LONGO,1.27,66.0,CONTINUACAO_ALTA,"Trava de Alta, Call Debit Spread",64.8,MONITORAR_NO_RTD,Liquidez score 66.0 ≥ 30 — monitorar confirmação via RTD.
WEGE3,WEGER411,PUT,39.28,2026-06-19,23,CURTO,0.33,32.8,RECUPERACAO_APOS_QUEDA,"Call Longa, Trava de Alta, Call Debit Spread",64.8,MONITORAR_NO_RTD,Liquidez score 32.8 ≥ 30 — monitorar confirmação via RTD.
ENEV3,ENEVS255,PUT,25.5,2026-07-17,51,MEDIO,1.46,49.5,PROTECAO_CARTEIRA,"Protective Put, Collar",64.8,MONITORAR_NO_RTD,Liquidez score 49.5 ≥ 30 — monitorar confirmação via RTD.
ITUB4,ITUBF240,CALL,23.69,2026-06-19,23,CURTO,16.32,66.0,RECUPERACAO_APOS_QUEDA,"Call Longa, Trava de Alta, Call Debit Spread",64.8,CANDIDATA_PROXIMO_PREGAO,Liquidez score 66.0 ≥ 50 com vencimento CURTO — candidata para próximo pregão.
ITUB4,ITUBQ448W5,PUT,44.86,2026-05-29,2,CURTO,5.15,66.1,RECUPERACAO_APOS_QUEDA,"Call Longa, Trava de Alta, Call Debit Spread",64.8,CANDIDATA_PROXIMO_PREGAO,Liquidez score 66.1 ≥ 50 com vencimento CURTO — candidata para próximo pregão.
PETR4,PETRF179,CALL,17.44,2026-06-19,23,CURTO,28.96,66.0,CONTINUACAO_BAIXA,"Trava de Baixa, Put Debit Spread",64.8,CANDIDATA_PROXIMO_PREGAO,Liquidez score 66.0 ≥ 50 com vencimento CURTO — candidata para próximo pregão.
ITUB4,ITUBQ423W5,PUT,42.36,2026-05-29,2,CURTO,2.16,49.4,RECUPERACAO_APOS_QUEDA,"Call Longa, Trava de Alta, Call Debit Spread",64.8,MONITORAR_NO_RTD,Liquidez score 49.4 ≥ 30 — monitorar confirmação via RTD.
RENT3,RENTF455,CALL,45.12,2026-06-19,23,CURTO,1.64,32.8,RECUPERACAO_APOS_QUEDA,"Call Longa, Trava de Alta, Call Debit Spread",64.8,MONITORAR_NO_RTD,Liquidez score 32.8 ≥ 30 — monitorar confirmação via RTD.
GGBR4,GGBRR251,PUT,24.93,2026-06-19,23,CURTO,1.47,49.4,CONTINUACAO_ALTA,"Trava de Alta, Call Debit Spread",64.8,MONITORAR_NO_RTD,Liquidez score 49.4 ≥ 30 — monitorar confirmação via RTD.
CMIG4,CMIGR194,PUT,17.74,2026-06-19,23,CURTO,6.12,66.0,RECUPERACAO_APOS_QUEDA,"Call Longa, Trava de Alta, Call Debit Spread",64.8,CANDIDATA_PROXIMO_PREGAO,Liquidez score 66.0 ≥ 50 com vencimento CURTO — candidata para próximo pregão.
PETR4,PETRF195,CALL,18.96,2026-06-19,23,CURTO,32.32,66.0,CONTINUACAO_BAIXA,"Trava de Baixa, Put Debit Spread",64.8,CANDIDATA_PROXIMO_PREGAO,Liquidez score 66.0 ≥ 50 com vencimento CURTO — candidata para próximo pregão.
ABEV3,ABEVH177,CALL,17.04,2026-08-21,86,MEDIO,0.55,49.3,CONTINUACAO_ALTA,"Trava de Alta, Call Debit Spread",64.8,MONITORAR_NO_RTD,Liquidez score 49.3 ≥ 30 — monitorar confirmação via RTD.
WEGE3,WEGER44,PUT,44.03,2026-06-19,23,CURTO,1.67,49.4,RECUPERACAO_APOS_QUEDA,"Call Longa, Trava de Alta, Call Debit Spread",64.8,MONITORAR_NO_RTD,Liquidez score 49.4 ≥ 30 — monitorar confirmação via RTD.
SUZB3,SUZBG454W2,CALL,45.42,2026-07-10,44,MEDIO,0.49,49.3,RECUPERACAO_APOS_QUEDA,"Call Longa, Trava de Alta, Call Debit Spread",64.8,MONITORAR_NO_RTD,Liquidez score 49.3 ≥ 30 — monitorar confirmação via RTD.
PETR4,PETRR500,PUT,49.46,2026-06-19,23,CURTO,1.59,66.0,CONTINUACAO_BAIXA,"Trava de Baixa, Put Debit Spread",64.8,CANDIDATA_PROXIMO_PREGAO,Liquidez score 66.0 ≥ 50 com vencimento CURTO — candidata para próximo pregão.
WEGE3,WEGEL437,CALL,41.96,2026-12-18,205,EXTRA_LONGO,7.4,65.7,RECUPERACAO_APOS_QUEDA,"Call Longa, Trava de Alta, Call Debit Spread",64.7,MONITORAR_NO_RTD,Liquidez score 65.7 ≥ 30 — monitorar confirmação via RTD.
PETR4,PETRG345,CALL,33.19,2026-07-17,51,MEDIO,11.8,82.4,CONTINUACAO_BAIXA,"Trava de Baixa, Put Debit Spread",64.7,MONITORAR_NO_RTD,Liquidez score 82.4 ≥ 30 — monitorar confirmação via RTD.
SUZB3,SUZBH438,CALL,43.88,2026-08-21,86,MEDIO,2.27,48.9,RECUPERACAO_APOS_QUEDA,"Call Longa, Trava de Alta, Call Debit Spread",64.7,MONITORAR_NO_RTD,Liquidez score 48.9 ≥ 30 — monitorar confirmação via RTD.
PETR4,PETRF249,CALL,24.44,2026-06-19,23,CURTO,20.24,65.6,CONTINUACAO_BAIXA,"Trava de Baixa, Put Debit Spread",64.7,CANDIDATA_PROXIMO_PREGAO,Liquidez score 65.6 ≥ 50 com vencimento CURTO — candidata para próximo pregão.
B3SA3,B3SAF115,CALL,10.97,2026-06-19,23,CURTO,5.8,49.0,RECUPERACAO_APOS_QUEDA,"Call Longa, Trava de Alta, Call Debit Spread",64.7,MONITORAR_NO_RTD,Liquidez score 49.0 ≥ 30 — monitorar confirmação via RTD.
PETR4,PETRG350,CALL,33.69,2026-07-17,51,MEDIO,11.4,82.4,CONTINUACAO_BAIXA,"Trava de Baixa, Put Debit Spread",64.7,MONITORAR_NO_RTD,Liquidez score 82.4 ≥ 30 — monitorar confirmação via RTD.
B3SA3,B3SAF152W4,CALL,15.22,2026-06-26,30,CURTO,2.14,32.4,RECUPERACAO_APOS_QUEDA,"Call Longa, Trava de Alta, Call Debit Spread",64.7,MONITORAR_NO_RTD,Liquidez score 32.4 ≥ 30 — monitorar confirmação via RTD.
GGBR4,GGBRT228,PUT,22.6,2026-08-21,86,MEDIO,0.61,49.0,CONTINUACAO_ALTA,"Trava de Alta, Call Debit Spread",64.7,MONITORAR_NO_RTD,Liquidez score 49.0 ≥ 30 — monitorar confirmação via RTD.
PETR4,PETRM45,PUT,44.96,2027-01-15,233,EXTRA_LONGO,3.9,65.6,CONTINUACAO_BAIXA,"Trava de Baixa, Put Debit Spread",64.7,MONITORAR_NO_RTD,Liquidez score 65.6 ≥ 30 — monitorar confirmação via RTD.
ABEV3,ABEVR186,PUT,18.67,2026-06-19,23,CURTO,2.68,65.6,CONTINUACAO_ALTA,"Trava de Alta, Call Debit Spread",64.7,CANDIDATA_PROXIMO_PREGAO,Liquidez score 65.6 ≥ 50 com vencimento CURTO — candidata para próximo pregão.
PETR4,PETRG444,CALL,44.46,2026-07-17,51,MEDIO,6.77,32.4,CONTINUACAO_BAIXA,"Trava de Baixa, Put Debit Spread",64.7,MONITORAR_NO_RTD,Liquidez score 32.4 ≥ 30 — monitorar confirmação via RTD.
B3SA3,B3SAI170,CALL,16.64,2026-09-18,114,LONGO,2.28,32.3,RECUPERACAO_APOS_QUEDA,"Call Longa, Trava de Alta, Call Debit Spread",64.7,MONITORAR_NO_RTD,Liquidez score 32.3 ≥ 30 — monitorar confirmação via RTD.
PETR4,PETRF112,CALL,10.69,2026-06-19,23,CURTO,34.24,65.6,CONTINUACAO_BAIXA,"Trava de Baixa, Put Debit Spread",64.7,CANDIDATA_PROXIMO_PREGAO,Liquidez score 65.6 ≥ 50 com vencimento CURTO — candidata para próximo pregão.
ABEV3,ABEVS181,PUT,18.17,2026-07-17,51,MEDIO,1.81,82.4,CONTINUACAO_ALTA,"Trava de Alta, Call Debit Spread",64.7,MONITORAR_NO_RTD,Liquidez score 82.4 ≥ 30 — monitorar confirmação via RTD.
BBAS3,BBASG198,CALL,19.51,2026-07-17,51,MEDIO,1.99,65.7,RECUPERACAO_APOS_QUEDA,"Call Longa, Trava de Alta, Call Debit Spread",64.7,MONITORAR_NO_RTD,Liquidez score 65.7 ≥ 30 — monitorar confirmação via RTD.
TAEE11,TAEEF345,CALL,33.14,2026-06-19,23,CURTO,6.1,65.8,RECUPERACAO_APOS_QUEDA,"Call Longa, Trava de Alta, Call Debit Spread",64.7,CANDIDATA_PROXIMO_PREGAO,Liquidez score 65.8 ≥ 50 com vencimento CURTO — candidata para próximo pregão.
B3SA3,B3SAG148,CALL,14.89,2026-07-17,51,MEDIO,2.24,65.5,RECUPERACAO_APOS_QUEDA,"Call Longa, Trava de Alta, Call Debit Spread",64.7,MONITORAR_NO_RTD,Liquidez score 65.5 ≥ 30 — monitorar confirmação via RTD.
PETR4,PETRH522,CALL,51.69,2026-08-21,86,MEDIO,1.16,82.4,CONTINUACAO_BAIXA,"Trava de Baixa, Put Debit Spread",64.7,MONITORAR_NO_RTD,Liquidez score 82.4 ≥ 30 — monitorar confirmação via RTD.
PETR4,PETRQ535W5,PUT,52.96,2026-05-29,2,CURTO,7.49,65.5,CONTINUACAO_BAIXA,"Trava de Baixa, Put Debit Spread",64.7,CANDIDATA_PROXIMO_PREGAO,Liquidez score 65.5 ≥ 50 com vencimento CURTO — candidata para próximo pregão.
SUZB3,SUZBG443,CALL,44.38,2026-07-17,51,MEDIO,0.87,49.0,RECUPERACAO_APOS_QUEDA,"Call Longa, Trava de Alta, Call Debit Spread",64.7,MONITORAR_NO_RTD,Liquidez score 49.0 ≥ 30 — monitorar confirmação via RTD.
PETR4,PETRR617,PUT,61.19,2026-06-19,23,CURTO,14.53,65.6,CONTINUACAO_BAIXA,"Trava de Baixa, Put Debit Spread",64.7,CANDIDATA_PROXIMO_PREGAO,Liquidez score 65.6 ≥ 50 com vencimento CURTO — candidata para próximo pregão.
VALE3,VALEQ800W5,PUT,80.0,2026-05-29,2,CURTO,0.24,65.4,LATERALIDADE,Monitorar — Iron Condor futuro,64.6,CANDIDATA_PROXIMO_PREGAO,Liquidez score 65.4 ≥ 50 com vencimento CURTO — candidata para próximo pregão.
ITUB4,ITUBF270,CALL,26.99,2026-06-19,23,CURTO,13.05,65.3,RECUPERACAO_APOS_QUEDA,"Call Longa, Trava de Alta, Call Debit Spread",64.6,CANDIDATA_PROXIMO_PREGAO,Liquidez score 65.3 ≥ 50 com vencimento CURTO — candidata para próximo pregão.
BPAC11,BPACR670,PUT,67.05,2026-06-19,23,CURTO,9.22,65.4,RECUPERACAO_APOS_QUEDA,"Call Longa, Trava de Alta, Call Debit Spread",64.6,CANDIDATA_PROXIMO_PREGAO,Liquidez score 65.4 ≥ 50 com vencimento CURTO — candidata para próximo pregão.
SUZB3,SUZBS516,PUT,51.63,2026-07-17,51,MEDIO,7.47,81.9,RECUPERACAO_APOS_QUEDA,"Call Longa, Trava de Alta, Call Debit Spread",64.6,MONITORAR_NO_RTD,Liquidez score 81.9 ≥ 30 — monitorar confirmação via RTD.
PETR4,PETRR862,PUT,85.69,2026-06-19,23,CURTO,39.23,65.3,CONTINUACAO_BAIXA,"Trava de Baixa, Put Debit Spread",64.6,CANDIDATA_PROXIMO_PREGAO,Liquidez score 65.3 ≥ 50 com vencimento CURTO — candidata para próximo pregão.
BPAC11,BPACG561,CALL,56.19,2026-07-17,51,MEDIO,2.04,48.6,RECUPERACAO_APOS_QUEDA,"Call Longa, Trava de Alta, Call Debit Spread",64.6,MONITORAR_NO_RTD,Liquidez score 48.6 ≥ 30 — monitorar confirmação via RTD.
TAEE11,TAEER380,PUT,36.64,2026-06-19,23,CURTO,0.22,32.0,RECUPERACAO_APOS_QUEDA,"Call Longa, Trava de Alta, Call Debit Spread",64.6,MONITORAR_NO_RTD,Liquidez score 32.0 ≥ 30 — monitorar confirmação via RTD.
PETR4,PETRF385W1,CALL,37.96,2026-06-05,9,CURTO,6.4,65.3,CONTINUACAO_BAIXA,"Trava de Baixa, Put Debit Spread",64.6,CANDIDATA_PROXIMO_PREGAO,Liquidez score 65.3 ≥ 50 com vencimento CURTO — candidata para próximo pregão.
BPAC11,BPACS511,PUT,51.19,2026-07-17,51,MEDIO,1.2,48.8,RECUPERACAO_APOS_QUEDA,"Call Longa, Trava de Alta, Call Debit Spread",64.6,MONITORAR_NO_RTD,Liquidez score 48.8 ≥ 30 — monitorar confirmação via RTD.
SUZB3,SUZBQ440W5,PUT,44.0,2026-05-29,2,CURTO,1.67,48.8,RECUPERACAO_APOS_QUEDA,"Call Longa, Trava de Alta, Call Debit Spread",64.6,MONITORAR_NO_RTD,Liquidez score 48.8 ≥ 30 — monitorar confirmação via RTD.
WEGE3,WEGEG479,CALL,45.96,2026-07-17,51,MEDIO,1.08,48.6,RECUPERACAO_APOS_QUEDA,"Call Longa, Trava de Alta, Call Debit Spread",64.6,MONITORAR_NO_RTD,Liquidez score 48.6 ≥ 30 — monitorar confirmação via RTD.
BBAS3,BBASF252W1,CALL,25.26,2026-06-05,9,CURTO,1.12,65.0,RECUPERACAO_APOS_QUEDA,"Call Longa, Trava de Alta, Call Debit Spread",64.5,CANDIDATA_PROXIMO_PREGAO,Liquidez score 65.0 ≥ 50 com vencimento CURTO — candidata para próximo pregão.
PETR4,PETRR792,PUT,78.69,2026-06-19,23,CURTO,29.02,65.0,CONTINUACAO_BAIXA,"Trava de Baixa, Put Debit Spread",64.5,CANDIDATA_PROXIMO_PREGAO,Liquidez score 65.0 ≥ 50 com vencimento CURTO — candidata para próximo pregão.
ENEV3,ENEVG265,CALL,26.5,2026-07-17,51,MEDIO,1.07,31.5,PROTECAO_CARTEIRA,"Protective Put, Collar",64.5,MONITORAR_NO_RTD,Liquidez score 31.5 ≥ 30 — monitorar confirmação via RTD.
WEGE3,WEGER468,PUT,44.78,2026-06-19,23,CURTO,2.27,48.3,RECUPERACAO_APOS_QUEDA,"Call Longa, Trava de Alta, Call Debit Spread",64.5,MONITORAR_NO_RTD,Liquidez score 48.3 ≥ 30 — monitorar confirmação via RTD.
WEGE3,WEGER416,PUT,39.78,2026-06-19,23,CURTO,0.43,31.7,RECUPERACAO_APOS_QUEDA,"Call Longa, Trava de Alta, Call Debit Spread",64.5,MONITORAR_NO_RTD,Liquidez score 31.7 ≥ 30 — monitorar confirmação via RTD.
B3SA3,B3SAF190,CALL,18.97,2026-06-19,23,CURTO,0.11,48.3,RECUPERACAO_APOS_QUEDA,"Call Longa, Trava de Alta, Call Debit Spread",64.5,MONITORAR_NO_RTD,Liquidez score 48.3 ≥ 30 — monitorar confirmação via RTD.
BBDC4,BBDCS168,PUT,16.16,2026-07-17,51,MEDIO,0.16,48.2,RECUPERACAO_APOS_QUEDA,"Call Longa, Trava de Alta, Call Debit Spread",64.5,MONITORAR_NO_RTD,Liquidez score 48.2 ≥ 30 — monitorar confirmação via RTD.
PETR4,PETRR490,PUT,48.46,2026-06-19,23,CURTO,1.29,48.5,CONTINUACAO_BAIXA,"Trava de Baixa, Put Debit Spread",64.5,MONITORAR_NO_RTD,Liquidez score 48.5 ≥ 30 — monitorar confirmação via RTD.
BBAS3,BBASF247W2,CALL,24.76,2026-06-12,16,CURTO,0.48,64.9,RECUPERACAO_APOS_QUEDA,"Call Longa, Trava de Alta, Call Debit Spread",64.5,CANDIDATA_PROXIMO_PREGAO,Liquidez score 64.9 ≥ 50 com vencimento CURTO — candidata para próximo pregão.
EGIE3,EGIEG317,CALL,31.75,2026-07-17,51,MEDIO,1.82,31.6,RECUPERACAO_APOS_QUEDA,"Call Longa, Trava de Alta, Call Debit Spread",64.5,MONITORAR_NO_RTD,Liquidez score 31.6 ≥ 30 — monitorar confirmação via RTD.
BBDC4,BBDCG157,CALL,15.41,2026-07-17,51,MEDIO,2.65,81.5,RECUPERACAO_APOS_QUEDA,"Call Longa, Trava de Alta, Call Debit Spread",64.5,MONITORAR_NO_RTD,Liquidez score 81.5 ≥ 30 — monitorar confirmação via RTD.
BBAS3,BBASS258,PUT,25.51,2026-07-17,51,MEDIO,4.25,81.6,RECUPERACAO_APOS_QUEDA,"Call Longa, Trava de Alta, Call Debit Spread",64.5,MONITORAR_NO_RTD,Liquidez score 81.6 ≥ 30 — monitorar confirmação via RTD.
BPAC11,BPACR501,PUT,49.55,2026-06-19,23,CURTO,0.41,31.7,RECUPERACAO_APOS_QUEDA,"Call Longa, Trava de Alta, Call Debit Spread",64.5,MONITORAR_NO_RTD,Liquidez score 31.7 ≥ 30 — monitorar confirmação via RTD.
BBDC4,BBDCG19,CALL,19.41,2026-07-17,51,MEDIO,0.24,48.2,RECUPERACAO_APOS_QUEDA,"Call Longa, Trava de Alta, Call Debit Spread",64.5,MONITORAR_NO_RTD,Liquidez score 48.2 ≥ 30 — monitorar confirmação via RTD.
TAEE11,TAEER427,PUT,41.39,2026-06-19,23,CURTO,2.71,48.4,RECUPERACAO_APOS_QUEDA,"Call Longa, Trava de Alta, Call Debit Spread",64.5,MONITORAR_NO_RTD,Liquidez score 48.4 ≥ 30 — monitorar confirmação via RTD.
EGIE3,EGIEG307,CALL,30.75,2026-07-17,51,MEDIO,1.91,64.9,RECUPERACAO_APOS_QUEDA,"Call Longa, Trava de Alta, Call Debit Spread",64.5,MONITORAR_NO_RTD,Liquidez score 64.9 ≥ 30 — monitorar confirmação via RTD.
VALE3,VALEF966,CALL,91.68,2026-06-19,23,CURTO,0.3,64.6,LATERALIDADE,Monitorar — Iron Condor futuro,64.4,CANDIDATA_PROXIMO_PREGAO,Liquidez score 64.6 ≥ 50 com vencimento CURTO — candidata para próximo pregão.
BBAS3,BBASS231,PUT,22.76,2026-07-17,51,MEDIO,1.7,64.6,RECUPERACAO_APOS_QUEDA,"Call Longa, Trava de Alta, Call Debit Spread",64.4,MONITORAR_NO_RTD,Liquidez score 64.6 ≥ 30 — monitorar confirmação via RTD.
WEGE3,WEGEG464,CALL,44.46,2026-07-17,51,MEDIO,1.41,48.0,RECUPERACAO_APOS_QUEDA,"Call Longa, Trava de Alta, Call Debit Spread",64.4,MONITORAR_NO_RTD,Liquidez score 48.0 ≥ 30 — monitorar confirmação via RTD.
BBAS3,BBASV388,PUT,37.02,2026-10-16,142,LONGO,14.39,98.0,RECUPERACAO_APOS_QUEDA,"Call Longa, Trava de Alta, Call Debit Spread",64.4,MONITORAR_NO_RTD,Liquidez score 98.0 ≥ 30 — monitorar confirmação via RTD.
HAPV3,HAPVF142,CALL,14.25,2026-06-19,23,CURTO,0.17,64.6,CONTINUACAO_BAIXA,"Trava de Baixa, Put Debit Spread",64.4,CANDIDATA_PROXIMO_PREGAO,Liquidez score 64.6 ≥ 50 com vencimento CURTO — candidata para próximo pregão.
BPAC11,BPACG581,CALL,58.19,2026-07-17,51,MEDIO,1.34,48.1,RECUPERACAO_APOS_QUEDA,"Call Longa, Trava de Alta, Call Debit Spread",64.4,MONITORAR_NO_RTD,Liquidez score 48.1 ≥ 30 — monitorar confirmação via RTD.
PETR4,PETRT482,PUT,47.69,2026-08-21,86,MEDIO,5.11,64.8,CONTINUACAO_BAIXA,"Trava de Baixa, Put Debit Spread",64.4,MONITORAR_NO_RTD,Liquidez score 64.8 ≥ 30 — monitorar confirmação via RTD.
PETR4,PETRF229,CALL,22.44,2026-06-19,23,CURTO,22.69,64.8,CONTINUACAO_BAIXA,"Trava de Baixa, Put Debit Spread",64.4,CANDIDATA_PROXIMO_PREGAO,Liquidez score 64.8 ≥ 50 com vencimento CURTO — candidata para próximo pregão.
PETR4,PETRR470,PUT,46.46,2026-06-19,23,CURTO,0.89,48.1,CONTINUACAO_BAIXA,"Trava de Baixa, Put Debit Spread",64.4,MONITORAR_NO_RTD,Liquidez score 48.1 ≥ 30 — monitorar confirmação via RTD.
ABEV3,ABEVS16,PUT,16.17,2026-07-17,51,MEDIO,0.48,31.2,CONTINUACAO_ALTA,"Trava de Alta, Call Debit Spread",64.4,MONITORAR_NO_RTD,Liquidez score 31.2 ≥ 30 — monitorar confirmação via RTD.
ENEV3,ENEVS260,PUT,26.0,2026-07-17,51,MEDIO,1.69,48.0,PROTECAO_CARTEIRA,"Protective Put, Collar",64.4,MONITORAR_NO_RTD,Liquidez score 48.0 ≥ 30 — monitorar confirmação via RTD.
WEGE3,WEGEL45,CALL,44.04,2026-12-18,205,EXTRA_LONGO,9.06,81.1,RECUPERACAO_APOS_QUEDA,"Call Longa, Trava de Alta, Call Debit Spread",64.3,MONITORAR_NO_RTD,Liquidez score 81.1 ≥ 30 — monitorar confirmação via RTD.
PETR4,PETRF369,CALL,36.44,2026-06-19,23,CURTO,8.23,64.5,CONTINUACAO_BAIXA,"Trava de Baixa, Put Debit Spread",64.3,CANDIDATA_PROXIMO_PREGAO,Liquidez score 64.5 ≥ 50 com vencimento CURTO — candidata para próximo pregão.
PETR4,PETRR662,PUT,65.69,2026-06-19,23,CURTO,19.47,64.3,CONTINUACAO_BAIXA,"Trava de Baixa, Put Debit Spread",64.3,CANDIDATA_PROXIMO_PREGAO,Liquidez score 64.3 ≥ 50 com vencimento CURTO — candidata para próximo pregão.
EGIE3,EGIER334,PUT,33.0,2026-06-19,23,CURTO,1.09,47.6,RECUPERACAO_APOS_QUEDA,"Call Longa, Trava de Alta, Call Debit Spread",64.3,MONITORAR_NO_RTD,Liquidez score 47.6 ≥ 30 — monitorar confirmação via RTD.
PRIO3,PRIOG685,CALL,68.5,2026-07-17,51,MEDIO,4.79,64.2,LATERALIDADE,Monitorar — Iron Condor futuro,64.3,MONITORAR_NO_RTD,Liquidez score 64.2 ≥ 30 — monitorar confirmação via RTD.
ITUB4,ITUBT431,PUT,42.81,2026-08-21,86,MEDIO,2.42,64.2,RECUPERACAO_APOS_QUEDA,"Call Longa, Trava de Alta, Call Debit Spread",64.3,MONITORAR_NO_RTD,Liquidez score 64.2 ≥ 30 — monitorar confirmação via RTD.
RADL3,RADLR191,PUT,19.12,2026-06-19,23,CURTO,1.07,47.8,CONTINUACAO_BAIXA,"Trava de Baixa, Put Debit Spread",64.3,MONITORAR_NO_RTD,Liquidez score 47.8 ≥ 30 — monitorar confirmação via RTD.
ITUB4,ITUBR456W4,PUT,45.65,2026-06-26,30,CURTO,5.78,64.5,RECUPERACAO_APOS_QUEDA,"Call Longa, Trava de Alta, Call Debit Spread",64.3,CANDIDATA_PROXIMO_PREGAO,Liquidez score 64.5 ≥ 50 com vencimento CURTO — candidata para próximo pregão.
WEGE3,WEGEE415W5,CALL,41.42,2026-05-29,2,CURTO,1.38,47.8,RECUPERACAO_APOS_QUEDA,"Call Longa, Trava de Alta, Call Debit Spread",64.3,MONITORAR_NO_RTD,Liquidez score 47.8 ≥ 30 — monitorar confirmação via RTD.
GGBR4,GGBRR249,PUT,24.68,2026-06-19,23,CURTO,1.11,47.6,CONTINUACAO_ALTA,"Trava de Alta, Call Debit Spread",64.3,MONITORAR_NO_RTD,Liquidez score 47.6 ≥ 30 — monitorar confirmação via RTD.
PETR4,PETRR752,PUT,74.69,2026-06-19,23,CURTO,24.07,64.2,CONTINUACAO_BAIXA,"Trava de Baixa, Put Debit Spread",64.3,CANDIDATA_PROXIMO_PREGAO,Liquidez score 64.2 ≥ 50 com vencimento CURTO — candidata para próximo pregão.
HAPV3,HAPVR237,PUT,23.75,2026-06-19,23,CURTO,10.94,64.2,CONTINUACAO_BAIXA,"Trava de Baixa, Put Debit Spread",64.3,CANDIDATA_PROXIMO_PREGAO,Liquidez score 64.2 ≥ 50 com vencimento CURTO — candidata para próximo pregão.
HAPV3,HAPVR86,PUT,86.0,2026-06-19,23,CURTO,71.8,64.0,CONTINUACAO_BAIXA,"Trava de Baixa, Put Debit Spread",64.2,CANDIDATA_PROXIMO_PREGAO,Liquidez score 64.0 ≥ 50 com vencimento CURTO — candidata para próximo pregão.
PETR4,PETRF14,CALL,10.19,2026-06-19,23,CURTO,34.96,64.0,CONTINUACAO_BAIXA,"Trava de Baixa, Put Debit Spread",64.2,CANDIDATA_PROXIMO_PREGAO,Liquidez score 64.0 ≥ 50 com vencimento CURTO — candidata para próximo pregão.
B3SA3,B3SAG110,CALL,11.0,2026-07-17,51,MEDIO,7.02,64.0,RECUPERACAO_APOS_QUEDA,"Call Longa, Trava de Alta, Call Debit Spread",64.2,MONITORAR_NO_RTD,Liquidez score 64.0 ≥ 30 — monitorar confirmação via RTD.
B3SA3,B3SAQ178W5,PUT,17.81,2026-05-29,2,CURTO,1.15,30.7,RECUPERACAO_APOS_QUEDA,"Call Longa, Trava de Alta, Call Debit Spread",64.2,MONITORAR_NO_RTD,Liquidez score 30.7 ≥ 30 — monitorar confirmação via RTD.
ITUB4,ITUBJ43,CALL,43.39,2026-10-16,142,LONGO,2.05,64.0,RECUPERACAO_APOS_QUEDA,"Call Longa, Trava de Alta, Call Debit Spread",64.2,MONITORAR_NO_RTD,Liquidez score 64.0 ≥ 30 — monitorar confirmação via RTD.
BBDC4,BBDCG168,CALL,16.16,2026-07-17,51,MEDIO,1.98,64.1,RECUPERACAO_APOS_QUEDA,"Call Longa, Trava de Alta, Call Debit Spread",64.2,MONITORAR_NO_RTD,Liquidez score 64.1 ≥ 30 — monitorar confirmação via RTD.
B3SA3,B3SAG634,CALL,6.34,2026-07-17,51,MEDIO,10.52,64.0,RECUPERACAO_APOS_QUEDA,"Call Longa, Trava de Alta, Call Debit Spread",64.2,MONITORAR_NO_RTD,Liquidez score 64.0 ≥ 30 — monitorar confirmação via RTD.
ITUB4,ITUBR508W1,PUT,50.86,2026-06-05,9,CURTO,10.85,64.0,RECUPERACAO_APOS_QUEDA,"Call Longa, Trava de Alta, Call Debit Spread",64.2,CANDIDATA_PROXIMO_PREGAO,Liquidez score 64.0 ≥ 50 com vencimento CURTO — candidata para próximo pregão.
GGBR4,GGBRF224,CALL,22.18,2026-06-19,23,CURTO,1.95,47.3,CONTINUACAO_ALTA,"Trava de Alta, Call Debit Spread",64.2,MONITORAR_NO_RTD,Liquidez score 47.3 ≥ 30 — monitorar confirmação via RTD.
PETR4,PETRF227,CALL,22.19,2026-06-19,23,CURTO,23.74,64.0,CONTINUACAO_BAIXA,"Trava de Baixa, Put Debit Spread",64.2,CANDIDATA_PROXIMO_PREGAO,Liquidez score 64.0 ≥ 50 com vencimento CURTO — candidata para próximo pregão.
PETR4,PETRH365,CALL,35.19,2026-08-21,86,MEDIO,10.4,80.8,CONTINUACAO_BAIXA,"Trava de Baixa, Put Debit Spread",64.2,MONITORAR_NO_RTD,Liquidez score 80.8 ≥ 30 — monitorar confirmação via RTD.
RENT3,RENTF478,CALL,47.37,2026-06-19,23,CURTO,0.84,30.5,RECUPERACAO_APOS_QUEDA,"Call Longa, Trava de Alta, Call Debit Spread",64.2,MONITORAR_NO_RTD,Liquidez score 30.5 ≥ 30 — monitorar confirmação via RTD.
BPAC11,BPACJ557,CALL,55.19,2026-10-16,142,LONGO,11.59,64.0,RECUPERACAO_APOS_QUEDA,"Call Longa, Trava de Alta, Call Debit Spread",64.2,MONITORAR_NO_RTD,Liquidez score 64.0 ≥ 30 — monitorar confirmação via RTD.
CPLE6,CPLEF708,CALL,7.08,2026-06-19,23,CURTO,8.05,64.0,CONTINUACAO_ALTA,"Trava de Alta, Call Debit Spread",64.2,CANDIDATA_PROXIMO_PREGAO,Liquidez score 64.0 ≥ 50 com vencimento CURTO — candidata para próximo pregão.
PETR4,PETRF149,CALL,14.44,2026-06-19,23,CURTO,30.78,64.0,CONTINUACAO_BAIXA,"Trava de Baixa, Put Debit Spread",64.2,CANDIDATA_PROXIMO_PREGAO,Liquidez score 64.0 ≥ 50 com vencimento CURTO — candidata para próximo pregão.
BPAC11,BPACH515,CALL,51.52,2026-08-21,86,MEDIO,6.01,64.0,RECUPERACAO_APOS_QUEDA,"Call Longa, Trava de Alta, Call Debit Spread",64.2,MONITORAR_NO_RTD,Liquidez score 64.0 ≥ 30 — monitorar confirmação via RTD.
RENT3,RENTR671,PUT,67.12,2026-06-19,23,CURTO,15.5,64.0,RECUPERACAO_APOS_QUEDA,"Call Longa, Trava de Alta, Call Debit Spread",64.2,CANDIDATA_PROXIMO_PREGAO,Liquidez score 64.0 ≥ 50 com vencimento CURTO — candidata para próximo pregão.
BBDC4,BBDCA174,CALL,17.42,2027-01-15,233,EXTRA_LONGO,2.48,64.0,RECUPERACAO_APOS_QUEDA,"Call Longa, Trava de Alta, Call Debit Spread",64.2,MONITORAR_NO_RTD,Liquidez score 64.0 ≥ 30 — monitorar confirmação via RTD.
ABEV3,ABEVT167,PUT,16.79,2026-08-21,86,MEDIO,1.0,64.0,CONTINUACAO_ALTA,"Trava de Alta, Call Debit Spread",64.2,MONITORAR_NO_RTD,Liquidez score 64.0 ≥ 30 — monitorar confirmação via RTD.
PETR4,PETRF789,CALL,7.89,2026-06-19,23,CURTO,37.29,64.0,CONTINUACAO_BAIXA,"Trava de Baixa, Put Debit Spread",64.2,CANDIDATA_PROXIMO_PREGAO,Liquidez score 64.0 ≥ 50 com vencimento CURTO — candidata para próximo pregão.
TAEE11,TAEEF385,CALL,37.14,2026-06-19,23,CURTO,1.61,47.4,RECUPERACAO_APOS_QUEDA,"Call Longa, Trava de Alta, Call Debit Spread",64.2,MONITORAR_NO_RTD,Liquidez score 47.4 ≥ 30 — monitorar confirmação via RTD.
BBDC4,BBDCR23,PUT,23.25,2026-06-19,23,CURTO,5.01,64.0,RECUPERACAO_APOS_QUEDA,"Call Longa, Trava de Alta, Call Debit Spread",64.2,CANDIDATA_PROXIMO_PREGAO,Liquidez score 64.0 ≥ 50 com vencimento CURTO — candidata para próximo pregão.
PETR4,PETRR460,PUT,45.46,2026-06-19,23,CURTO,0.48,47.2,CONTINUACAO_BAIXA,"Trava de Baixa, Put Debit Spread",64.2,MONITORAR_NO_RTD,Liquidez score 47.2 ≥ 30 — monitorar confirmação via RTD.
ITUB4,ITUBI424,CALL,42.16,2026-09-18,114,LONGO,2.05,64.0,RECUPERACAO_APOS_QUEDA,"Call Longa, Trava de Alta, Call Debit Spread",64.2,MONITORAR_NO_RTD,Liquidez score 64.0 ≥ 30 — monitorar confirmação via RTD.
PETR4,PETRF142,CALL,13.69,2026-06-19,23,CURTO,30.94,64.0,CONTINUACAO_BAIXA,"Trava de Baixa, Put Debit Spread",64.2,CANDIDATA_PROXIMO_PREGAO,Liquidez score 64.0 ≥ 50 com vencimento CURTO — candidata para próximo pregão.
ITUB4,ITUBR518W1,PUT,51.86,2026-06-05,9,CURTO,12.09,64.0,RECUPERACAO_APOS_QUEDA,"Call Longa, Trava de Alta, Call Debit Spread",64.2,CANDIDATA_PROXIMO_PREGAO,Liquidez score 64.0 ≥ 50 com vencimento CURTO — candidata para próximo pregão.
B3SA3,B3SAI154,CALL,15.39,2026-09-18,114,LONGO,2.3,64.0,RECUPERACAO_APOS_QUEDA,"Call Longa, Trava de Alta, Call Debit Spread",64.2,MONITORAR_NO_RTD,Liquidez score 64.0 ≥ 30 — monitorar confirmação via RTD.
ITUB4,ITUBI414,CALL,41.16,2026-09-18,114,LONGO,2.65,64.0,RECUPERACAO_APOS_QUEDA,"Call Longa, Trava de Alta, Call Debit Spread",64.2,MONITORAR_NO_RTD,Liquidez score 64.0 ≥ 30 — monitorar confirmação via RTD.
ABEV3,ABEVK176,CALL,17.67,2026-11-19,176,LONGO,1.19,64.0,CONTINUACAO_ALTA,"Trava de Alta, Call Debit Spread",64.2,MONITORAR_NO_RTD,Liquidez score 64.0 ≥ 30 — monitorar confirmação via RTD.
CMIG4,CMIGG135,CALL,11.74,2026-07-17,51,MEDIO,0.27,47.3,RECUPERACAO_APOS_QUEDA,"Call Longa, Trava de Alta, Call Debit Spread",64.2,MONITORAR_NO_RTD,Liquidez score 47.3 ≥ 30 — monitorar confirmação via RTD.
EGIE3,EGIEF312,CALL,30.75,2026-06-19,23,CURTO,2.46,47.3,RECUPERACAO_APOS_QUEDA,"Call Longa, Trava de Alta, Call Debit Spread",64.2,MONITORAR_NO_RTD,Liquidez score 47.3 ≥ 30 — monitorar confirmação via RTD.
PETR4,PETRU429,PUT,42.44,2026-09-18,114,LONGO,1.2,63.9,CONTINUACAO_BAIXA,"Trava de Baixa, Put Debit Spread",64.2,MONITORAR_NO_RTD,Liquidez score 63.9 ≥ 30 — monitorar confirmação via RTD.
GGBR4,GGBRF157,CALL,15.43,2026-06-19,23,CURTO,8.0,64.0,CONTINUACAO_ALTA,"Trava de Alta, Call Debit Spread",64.2,CANDIDATA_PROXIMO_PREGAO,Liquidez score 64.0 ≥ 50 com vencimento CURTO — candidata para próximo pregão.
ITUB4,ITUBL435,CALL,39.86,2026-12-18,205,EXTRA_LONGO,4.65,64.0,RECUPERACAO_APOS_QUEDA,"Call Longa, Trava de Alta, Call Debit Spread",64.2,MONITORAR_NO_RTD,Liquidez score 64.0 ≥ 30 — monitorar confirmação via RTD.
BPAC11,BPACF313,CALL,31.3,2026-06-19,23,CURTO,29.0,64.0,RECUPERACAO_APOS_QUEDA,"Call Longa, Trava de Alta, Call Debit Spread",64.2,CANDIDATA_PROXIMO_PREGAO,Liquidez score 64.0 ≥ 50 com vencimento CURTO — candidata para próximo pregão.
PETR4,PETRJ468,CALL,46.88,2026-10-16,142,LONGO,4.02,64.0,CONTINUACAO_BAIXA,"Trava de Baixa, Put Debit Spread",64.2,MONITORAR_NO_RTD,Liquidez score 64.0 ≥ 30 — monitorar confirmação via RTD.
PETR4,PETRU474,PUT,46.94,2026-09-18,114,LONGO,3.16,80.8,CONTINUACAO_BAIXA,"Trava de Baixa, Put Debit Spread",64.2,MONITORAR_NO_RTD,Liquidez score 80.8 ≥ 30 — monitorar confirmação via RTD.
PETR4,PETRR767,PUT,76.73,2026-06-19,23,CURTO,27.38,64.0,CONTINUACAO_BAIXA,"Trava de Baixa, Put Debit Spread",64.2,CANDIDATA_PROXIMO_PREGAO,Liquidez score 64.0 ≥ 50 com vencimento CURTO — candidata para próximo pregão.
RENT3,RENTH443,CALL,44.32,2026-08-21,86,MEDIO,4.5,47.4,RECUPERACAO_APOS_QUEDA,"Call Longa, Trava de Alta, Call Debit Spread",64.2,MONITORAR_NO_RTD,Liquidez score 47.4 ≥ 30 — monitorar confirmação via RTD.
BBDC4,BBDCF110,CALL,10.76,2026-06-19,23,CURTO,7.56,64.0,RECUPERACAO_APOS_QUEDA,"Call Longa, Trava de Alta, Call Debit Spread",64.2,CANDIDATA_PROXIMO_PREGAO,Liquidez score 64.0 ≥ 50 com vencimento CURTO — candidata para próximo pregão.
ITUB4,ITUBG366,CALL,36.66,2026-07-17,51,MEDIO,6.19,64.0,RECUPERACAO_APOS_QUEDA,"Call Longa, Trava de Alta, Call Debit Spread",64.2,MONITORAR_NO_RTD,Liquidez score 64.0 ≥ 30 — monitorar confirmação via RTD.
BBDC4,BBDCG192W2,CALL,19.26,2026-07-10,44,MEDIO,0.46,47.2,RECUPERACAO_APOS_QUEDA,"Call Longa, Trava de Alta, Call Debit Spread",64.2,MONITORAR_NO_RTD,Liquidez score 47.2 ≥ 30 — monitorar confirmação via RTD.
BBAS3,BBASR343,PUT,34.35,2026-06-19,23,CURTO,13.0,64.0,RECUPERACAO_APOS_QUEDA,"Call Longa, Trava de Alta, Call Debit Spread",64.2,CANDIDATA_PROXIMO_PREGAO,Liquidez score 64.0 ≥ 50 com vencimento CURTO — candidata para próximo pregão.
HAPV3,HAPVR83,PUT,83.0,2026-06-19,23,CURTO,69.43,64.0,CONTINUACAO_BAIXA,"Trava de Baixa, Put Debit Spread",64.2,CANDIDATA_PROXIMO_PREGAO,Liquidez score 64.0 ≥ 50 com vencimento CURTO — candidata para próximo pregão.
BBDC4,BBDCR226W1,PUT,22.66,2026-06-05,9,CURTO,4.75,64.0,RECUPERACAO_APOS_QUEDA,"Call Longa, Trava de Alta, Call Debit Spread",64.2,CANDIDATA_PROXIMO_PREGAO,Liquidez score 64.0 ≥ 50 com vencimento CURTO — candidata para próximo pregão.
ITUB4,ITUBI434,CALL,43.18,2026-09-18,114,LONGO,4.37,64.0,RECUPERACAO_APOS_QUEDA,"Call Longa, Trava de Alta, Call Debit Spread",64.2,MONITORAR_NO_RTD,Liquidez score 64.0 ≥ 30 — monitorar confirmação via RTD.
ITUB4,ITUBH363,CALL,36.38,2026-08-21,86,MEDIO,4.9,64.0,RECUPERACAO_APOS_QUEDA,"Call Longa, Trava de Alta, Call Debit Spread",64.2,MONITORAR_NO_RTD,Liquidez score 64.0 ≥ 30 — monitorar confirmação via RTD.
ITUB4,ITUBH361,CALL,36.21,2026-08-21,86,MEDIO,9.47,64.0,RECUPERACAO_APOS_QUEDA,"Call Longa, Trava de Alta, Call Debit Spread",64.2,MONITORAR_NO_RTD,Liquidez score 64.0 ≥ 30 — monitorar confirmação via RTD.
ITUB4,ITUBG378,CALL,37.87,2026-07-17,51,MEDIO,4.8,64.0,RECUPERACAO_APOS_QUEDA,"Call Longa, Trava de Alta, Call Debit Spread",64.2,MONITORAR_NO_RTD,Liquidez score 64.0 ≥ 30 — monitorar confirmação via RTD.
ENEV3,ENEVS270,PUT,27.0,2026-07-17,51,MEDIO,2.41,47.0,PROTECAO_CARTEIRA,"Protective Put, Collar",64.1,MONITORAR_NO_RTD,Liquidez score 47.0 ≥ 30 — monitorar confirmação via RTD.
PETR4,PETRR435W1,PUT,42.96,2026-06-05,9,CURTO,0.6,30.4,CONTINUACAO_BAIXA,"Trava de Baixa, Put Debit Spread",64.1,MONITORAR_NO_RTD,Liquidez score 30.4 ≥ 30 — monitorar confirmação via RTD.
SUZB3,SUZBR560,PUT,53.17,2026-06-19,23,CURTO,11.2,63.7,RECUPERACAO_APOS_QUEDA,"Call Longa, Trava de Alta, Call Debit Spread",64.1,CANDIDATA_PROXIMO_PREGAO,Liquidez score 63.7 ≥ 50 com vencimento CURTO — candidata para próximo pregão.
B3SA3,B3SAR207,PUT,20.72,2026-06-19,23,CURTO,3.34,47.1,RECUPERACAO_APOS_QUEDA,"Call Longa, Trava de Alta, Call Debit Spread",64.1,MONITORAR_NO_RTD,Liquidez score 47.1 ≥ 30 — monitorar confirmação via RTD.
SUZB3,SUZBE440W5,CALL,44.0,2026-05-29,2,CURTO,0.08,30.2,RECUPERACAO_APOS_QUEDA,"Call Longa, Trava de Alta, Call Debit Spread",64.1,MONITORAR_NO_RTD,Liquidez score 30.2 ≥ 30 — monitorar confirmação via RTD.
ITUB4,ITUBS413,PUT,37.58,2026-07-17,51,MEDIO,0.55,47.1,RECUPERACAO_APOS_QUEDA,"Call Longa, Trava de Alta, Call Debit Spread",64.1,MONITORAR_NO_RTD,Liquidez score 47.1 ≥ 30 — monitorar confirmação via RTD.
BBDC4,BBDCS19,PUT,19.41,2026-07-17,51,MEDIO,1.65,63.6,RECUPERACAO_APOS_QUEDA,"Call Longa, Trava de Alta, Call Debit Spread",64.1,MONITORAR_NO_RTD,Liquidez score 63.6 ≥ 30 — monitorar confirmação via RTD.
BPAC11,BPACT111,PUT,50.02,2026-08-21,86,MEDIO,3.05,47.1,RECUPERACAO_APOS_QUEDA,"Call Longa, Trava de Alta, Call Debit Spread",64.1,MONITORAR_NO_RTD,Liquidez score 47.1 ≥ 30 — monitorar confirmação via RTD.
PETR4,PETRG507,CALL,50.19,2026-07-17,51,MEDIO,0.81,80.0,CONTINUACAO_BAIXA,"Trava de Baixa, Put Debit Spread",64.0,MONITORAR_NO_RTD,Liquidez score 80.0 ≥ 30 — monitorar confirmação via RTD.
SUZB3,SUZBT763,PUT,76.38,2026-08-21,86,MEDIO,19.07,80.0,RECUPERACAO_APOS_QUEDA,"Call Longa, Trava de Alta, Call Debit Spread",64.0,MONITORAR_NO_RTD,Liquidez score 80.0 ≥ 30 — monitorar confirmação via RTD.
PETR4,PETRR737,PUT,73.19,2026-06-19,23,CURTO,26.63,63.4,CONTINUACAO_BAIXA,"Trava de Baixa, Put Debit Spread",64.0,CANDIDATA_PROXIMO_PREGAO,Liquidez score 63.4 ≥ 50 com vencimento CURTO — candidata para próximo pregão.
BBAS3,BBASK19,CALL,19.27,2026-11-19,176,LONGO,3.85,80.0,RECUPERACAO_APOS_QUEDA,"Call Longa, Trava de Alta, Call Debit Spread",64.0,MONITORAR_NO_RTD,Liquidez score 80.0 ≥ 30 — monitorar confirmação via RTD.
ITUB4,ITUBI379,CALL,37.57,2026-09-18,114,LONGO,4.46,80.0,RECUPERACAO_APOS_QUEDA,"Call Longa, Trava de Alta, Call Debit Spread",64.0,MONITORAR_NO_RTD,Liquidez score 80.0 ≥ 30 — monitorar confirmação via RTD.
BPAC11,BPACF485,CALL,48.55,2026-06-19,23,CURTO,7.8,63.5,RECUPERACAO_APOS_QUEDA,"Call Longa, Trava de Alta, Call Debit Spread",64.0,CANDIDATA_PROXIMO_PREGAO,Liquidez score 63.5 ≥ 50 com vencimento CURTO — candidata para próximo pregão.
PRIO3,PRIOQ760W5,PUT,76.0,2026-05-29,2,CURTO,8.15,80.0,LATERALIDADE,Monitorar — Iron Condor futuro,64.0,CANDIDATA_PROXIMO_PREGAO,Liquidez score 80.0 ≥ 50 com vencimento CURTO — candidata para próximo pregão.
PETR4,PETRF302,CALL,29.69,2026-06-19,23,CURTO,14.86,63.4,CONTINUACAO_BAIXA,"Trava de Baixa, Put Debit Spread",64.0,CANDIDATA_PROXIMO_PREGAO,Liquidez score 63.4 ≥ 50 com vencimento CURTO — candidata para próximo pregão.
PETR4,PETRW442,PUT,43.68,2026-11-19,176,LONGO,2.31,46.7,CONTINUACAO_BAIXA,"Trava de Baixa, Put Debit Spread",64.0,MONITORAR_NO_RTD,Liquidez score 46.7 ≥ 30 — monitorar confirmação via RTD.
GGBR4,GGBRG231,CALL,22.85,2026-07-17,51,MEDIO,1.91,63.4,CONTINUACAO_ALTA,"Trava de Alta, Call Debit Spread",64.0,MONITORAR_NO_RTD,Liquidez score 63.4 ≥ 30 — monitorar confirmação via RTD.
BBAS3,BBASR449,PUT,44.91,2026-06-19,23,CURTO,20.6,63.4,RECUPERACAO_APOS_QUEDA,"Call Longa, Trava de Alta, Call Debit Spread",64.0,CANDIDATA_PROXIMO_PREGAO,Liquidez score 63.4 ≥ 50 com vencimento CURTO — candidata para próximo pregão.
CMIG4,CMIGF120,CALL,10.24,2026-06-19,23,CURTO,1.13,46.6,RECUPERACAO_APOS_QUEDA,"Call Longa, Trava de Alta, Call Debit Spread",64.0,MONITORAR_NO_RTD,Liquidez score 46.6 ≥ 30 — monitorar confirmação via RTD.
VALE3,VALEG851W4,CALL,85.15,2026-07-24,58,MEDIO,4.8,80.0,LATERALIDADE,Monitorar — Iron Condor futuro,64.0,MONITORAR_NO_RTD,Liquidez score 80.0 ≥ 30 — monitorar confirmação via RTD.
HAPV3,HAPVF117,CALL,11.75,2026-06-19,23,CURTO,1.06,46.5,CONTINUACAO_BAIXA,"Trava de Baixa, Put Debit Spread",64.0,MONITORAR_NO_RTD,Liquidez score 46.5 ≥ 30 — monitorar confirmação via RTD.
BBDC4,BBDCF16,CALL,15.76,2026-06-19,23,CURTO,2.13,63.3,RECUPERACAO_APOS_QUEDA,"Call Longa, Trava de Alta, Call Debit Spread",64.0,CANDIDATA_PROXIMO_PREGAO,Liquidez score 63.3 ≥ 50 com vencimento CURTO — candidata para próximo pregão.
TAEE11,TAEER430,PUT,41.64,2026-06-19,23,CURTO,2.84,46.2,RECUPERACAO_APOS_QUEDA,"Call Longa, Trava de Alta, Call Debit Spread",63.9,MONITORAR_NO_RTD,Liquidez score 46.2 ≥ 30 — monitorar confirmação via RTD.
CMIG4,CMIGF122,CALL,10.49,2026-06-19,23,CURTO,0.92,46.4,RECUPERACAO_APOS_QUEDA,"Call Longa, Trava de Alta, Call Debit Spread",63.9,MONITORAR_NO_RTD,Liquidez score 46.4 ≥ 30 — monitorar confirmação via RTD.
PRIO3,PRIOF585,CALL,58.5,2026-06-19,23,CURTO,11.2,96.4,LATERALIDADE,Monitorar — Iron Condor futuro,63.9,CANDIDATA_PROXIMO_PREGAO,Liquidez score 96.4 ≥ 50 com vencimento CURTO — candidata para próximo pregão.
B3SA3,B3SAF200,CALL,19.97,2026-06-19,23,CURTO,0.04,46.2,RECUPERACAO_APOS_QUEDA,"Call Longa, Trava de Alta, Call Debit Spread",63.9,MONITORAR_NO_RTD,Liquidez score 46.2 ≥ 30 — monitorar confirmação via RTD.
RENT3,RENTR536,PUT,53.62,2026-06-19,23,CURTO,9.1,63.1,RECUPERACAO_APOS_QUEDA,"Call Longa, Trava de Alta, Call Debit Spread",63.9,CANDIDATA_PROXIMO_PREGAO,Liquidez score 63.1 ≥ 50 com vencimento CURTO — candidata para próximo pregão.
VALE3,VALES77,PUT,77.5,2026-07-17,51,MEDIO,1.05,79.7,LATERALIDADE,Monitorar — Iron Condor futuro,63.9,MONITORAR_NO_RTD,Liquidez score 79.7 ≥ 30 — monitorar confirmação via RTD.
BPAC11,BPACR650,PUT,65.05,2026-06-19,23,CURTO,8.97,63.1,RECUPERACAO_APOS_QUEDA,"Call Longa, Trava de Alta, Call Debit Spread",63.9,CANDIDATA_PROXIMO_PREGAO,Liquidez score 63.1 ≥ 50 com vencimento CURTO — candidata para próximo pregão.
B3SA3,B3SAS177,PUT,17.89,2026-07-17,51,MEDIO,1.46,46.2,RECUPERACAO_APOS_QUEDA,"Call Longa, Trava de Alta, Call Debit Spread",63.9,MONITORAR_NO_RTD,Liquidez score 46.2 ≥ 30 — monitorar confirmação via RTD.
SUZB3,SUZBR466,PUT,46.67,2026-06-19,23,CURTO,5.0,62.9,RECUPERACAO_APOS_QUEDA,"Call Longa, Trava de Alta, Call Debit Spread",63.9,CANDIDATA_PROXIMO_PREGAO,Liquidez score 62.9 ≥ 50 com vencimento CURTO — candidata para próximo pregão.
BBAS3,BBASR256,PUT,25.6,2026-06-19,23,CURTO,4.49,62.6,RECUPERACAO_APOS_QUEDA,"Call Longa, Trava de Alta, Call Debit Spread",63.8,CANDIDATA_PROXIMO_PREGAO,Liquidez score 62.6 ≥ 50 com vencimento CURTO — candidata para próximo pregão.
RENT3,RENTR448,PUT,44.37,2026-06-19,23,CURTO,2.2,46.1,RECUPERACAO_APOS_QUEDA,"Call Longa, Trava de Alta, Call Debit Spread",63.8,MONITORAR_NO_RTD,Liquidez score 46.1 ≥ 30 — monitorar confirmação via RTD.
VALE3,VALEF736,CALL,73.68,2026-06-19,23,CURTO,9.9,96.0,LATERALIDADE,Monitorar — Iron Condor futuro,63.8,CANDIDATA_PROXIMO_PREGAO,Liquidez score 96.0 ≥ 50 com vencimento CURTO — candidata para próximo pregão.
BBAS3,BBASF186,CALL,18.6,2026-06-19,23,CURTO,2.37,62.5,RECUPERACAO_APOS_QUEDA,"Call Longa, Trava de Alta, Call Debit Spread",63.8,CANDIDATA_PROXIMO_PREGAO,Liquidez score 62.5 ≥ 50 com vencimento CURTO — candidata para próximo pregão.
PETR4,PETRR642,PUT,63.69,2026-06-19,23,CURTO,16.61,62.8,CONTINUACAO_BAIXA,"Trava de Baixa, Put Debit Spread",63.8,CANDIDATA_PROXIMO_PREGAO,Liquidez score 62.8 ≥ 50 com vencimento CURTO — candidata para próximo pregão.
VALE3,VALEO835,PUT,83.54,2027-03-19,296,EXTRA_LONGO,4.23,96.0,LATERALIDADE,Monitorar — Iron Condor futuro,63.8,MONITORAR_NO_RTD,Liquidez score 96.0 ≥ 30 — monitorar confirmação via RTD.
PRIO3,PRIOR750,PUT,75.0,2026-06-19,23,CURTO,7.07,79.5,LATERALIDADE,Monitorar — Iron Condor futuro,63.8,CANDIDATA_PROXIMO_PREGAO,Liquidez score 79.5 ≥ 50 com vencimento CURTO — candidata para próximo pregão.
VALE3,VALER78,PUT,74.68,2026-06-19,23,CURTO,0.25,96.0,LATERALIDADE,Monitorar — Iron Condor futuro,63.8,CANDIDATA_PROXIMO_PREGAO,Liquidez score 96.0 ≥ 50 com vencimento CURTO — candidata para próximo pregão.
PRIO3,PRIOR725,PUT,72.5,2026-06-19,23,CURTO,5.56,79.1,LATERALIDADE,Monitorar — Iron Condor futuro,63.7,CANDIDATA_PROXIMO_PREGAO,Liquidez score 79.1 ≥ 50 com vencimento CURTO — candidata para próximo pregão.
BBDC4,BBDCQ186W5,PUT,18.66,2026-05-29,2,CURTO,1.01,45.7,RECUPERACAO_APOS_QUEDA,"Call Longa, Trava de Alta, Call Debit Spread",63.7,MONITORAR_NO_RTD,Liquidez score 45.7 ≥ 30 — monitorar confirmação via RTD.
PETR4,PETRR485,PUT,47.96,2026-06-19,23,CURTO,1.0,45.8,CONTINUACAO_BAIXA,"Trava de Baixa, Put Debit Spread",63.7,MONITORAR_NO_RTD,Liquidez score 45.8 ≥ 30 — monitorar confirmação via RTD.
ITUB4,ITUBS408,PUT,37.1,2026-07-17,51,MEDIO,0.44,45.7,RECUPERACAO_APOS_QUEDA,"Call Longa, Trava de Alta, Call Debit Spread",63.7,MONITORAR_NO_RTD,Liquidez score 45.7 ≥ 30 — monitorar confirmação via RTD.
GGBR4,GGBRF229,CALL,22.68,2026-06-19,23,CURTO,1.75,45.7,CONTINUACAO_ALTA,"Trava de Alta, Call Debit Spread",63.7,MONITORAR_NO_RTD,Liquidez score 45.7 ≥ 30 — monitorar confirmação via RTD.
BBDC4,BBDCR215,PUT,21.26,2026-06-19,23,CURTO,3.38,62.4,RECUPERACAO_APOS_QUEDA,"Call Longa, Trava de Alta, Call Debit Spread",63.7,CANDIDATA_PROXIMO_PREGAO,Liquidez score 62.4 ≥ 50 com vencimento CURTO — candidata para próximo pregão.
RADL3,RADLS171,PUT,17.12,2026-07-17,51,MEDIO,0.44,45.6,CONTINUACAO_BAIXA,"Trava de Baixa, Put Debit Spread",63.7,MONITORAR_NO_RTD,Liquidez score 45.6 ≥ 30 — monitorar confirmação via RTD.
B3SA3,B3SAI182,CALL,18.14,2026-09-18,114,LONGO,1.05,45.7,RECUPERACAO_APOS_QUEDA,"Call Longa, Trava de Alta, Call Debit Spread",63.7,MONITORAR_NO_RTD,Liquidez score 45.7 ≥ 30 — monitorar confirmação via RTD.
B3SA3,B3SAF187,CALL,18.72,2026-06-19,23,CURTO,0.12,45.2,RECUPERACAO_APOS_QUEDA,"Call Longa, Trava de Alta, Call Debit Spread",63.6,MONITORAR_NO_RTD,Liquidez score 45.2 ≥ 30 — monitorar confirmação via RTD.
PETR4,PETRR577,PUT,57.19,2026-06-19,23,CURTO,11.82,62.1,CONTINUACAO_BAIXA,"Trava de Baixa, Put Debit Spread",63.6,CANDIDATA_PROXIMO_PREGAO,Liquidez score 62.1 ≥ 50 com vencimento CURTO — candidata para próximo pregão.
PETR4,PETRG290,CALL,27.69,2026-07-17,51,MEDIO,17.1,78.7,CONTINUACAO_BAIXA,"Trava de Baixa, Put Debit Spread",63.6,MONITORAR_NO_RTD,Liquidez score 78.7 ≥ 30 — monitorar confirmação via RTD.
BPAC11,BPACR680,PUT,68.05,2026-06-19,23,CURTO,10.17,62.0,RECUPERACAO_APOS_QUEDA,"Call Longa, Trava de Alta, Call Debit Spread",63.6,CANDIDATA_PROXIMO_PREGAO,Liquidez score 62.0 ≥ 50 com vencimento CURTO — candidata para próximo pregão.
BBDC4,BBDCQ191W5,PUT,19.16,2026-05-29,2,CURTO,1.39,45.3,RECUPERACAO_APOS_QUEDA,"Call Longa, Trava de Alta, Call Debit Spread",63.6,MONITORAR_NO_RTD,Liquidez score 45.3 ≥ 30 — monitorar confirmação via RTD.
PETR4,PETRW499,PUT,49.93,2026-11-19,176,LONGO,5.74,95.3,CONTINUACAO_BAIXA,"Trava de Baixa, Put Debit Spread",63.6,MONITORAR_NO_RTD,Liquidez score 95.3 ≥ 30 — monitorar confirmação via RTD.
RENT3,RENTR460,PUT,45.62,2026-06-19,23,CURTO,3.08,45.4,RECUPERACAO_APOS_QUEDA,"Call Longa, Trava de Alta, Call Debit Spread",63.6,MONITORAR_NO_RTD,Liquidez score 45.4 ≥ 30 — monitorar confirmação via RTD.
ENEV3,ENEVQ140,PUT,140.0,2027-05-21,359,EXTRA_LONGO,97.66,95.0,PROTECAO_CARTEIRA,"Protective Put, Collar",63.5,MONITORAR_NO_RTD,Liquidez score 95.0 ≥ 30 — monitorar confirmação via RTD.
RENT3,RENTF405,CALL,40.12,2026-06-19,23,CURTO,5.2,45.0,RECUPERACAO_APOS_QUEDA,"Call Longa, Trava de Alta, Call Debit Spread",63.5,MONITORAR_NO_RTD,Liquidez score 45.0 ≥ 30 — monitorar confirmação via RTD.
CPLE6,CPLES157,PUT,15.53,2026-07-17,51,MEDIO,0.84,61.6,CONTINUACAO_ALTA,"Trava de Alta, Call Debit Spread",63.5,MONITORAR_NO_RTD,Liquidez score 61.6 ≥ 30 — monitorar confirmação via RTD.
VALE3,VALER811,PUT,76.18,2026-06-19,23,CURTO,0.38,61.7,LATERALIDADE,Monitorar — Iron Condor futuro,63.5,CANDIDATA_PROXIMO_PREGAO,Liquidez score 61.7 ≥ 50 com vencimento CURTO — candidata para próximo pregão.
PETR4,PETRR582,PUT,57.69,2026-06-19,23,CURTO,12.31,61.6,CONTINUACAO_BAIXA,"Trava de Baixa, Put Debit Spread",63.5,CANDIDATA_PROXIMO_PREGAO,Liquidez score 61.6 ≥ 50 com vencimento CURTO — candidata para próximo pregão.
PETR4,PETRR525,PUT,51.96,2026-06-19,23,CURTO,3.17,61.6,CONTINUACAO_BAIXA,"Trava de Baixa, Put Debit Spread",63.5,CANDIDATA_PROXIMO_PREGAO,Liquidez score 61.6 ≥ 50 com vencimento CURTO — candidata para próximo pregão.
VALE3,VALEF880W2,CALL,88.0,2026-06-12,16,CURTO,0.6,61.7,LATERALIDADE,Monitorar — Iron Condor futuro,63.5,CANDIDATA_PROXIMO_PREGAO,Liquidez score 61.7 ≥ 50 com vencimento CURTO — candidata para próximo pregão.
BBDC4,BBDCB3,CALL,18.41,2027-02-19,268,EXTRA_LONGO,2.17,78.1,RECUPERACAO_APOS_QUEDA,"Call Longa, Trava de Alta, Call Debit Spread",63.4,MONITORAR_NO_RTD,Liquidez score 78.1 ≥ 30 — monitorar confirmação via RTD.
TAEE11,TAEEF355,CALL,34.6,2026-06-19,23,CURTO,8.45,61.3,RECUPERACAO_APOS_QUEDA,"Call Longa, Trava de Alta, Call Debit Spread",63.4,CANDIDATA_PROXIMO_PREGAO,Liquidez score 61.3 ≥ 50 com vencimento CURTO — candidata para próximo pregão.
BBAS3,BBASG23,CALL,23.26,2026-07-17,51,MEDIO,0.21,44.8,RECUPERACAO_APOS_QUEDA,"Call Longa, Trava de Alta, Call Debit Spread",63.4,MONITORAR_NO_RTD,Liquidez score 44.8 ≥ 30 — monitorar confirmação via RTD.
BBAS3,BBASG233,CALL,23.01,2026-07-17,51,MEDIO,0.26,44.6,RECUPERACAO_APOS_QUEDA,"Call Longa, Trava de Alta, Call Debit Spread",63.4,MONITORAR_NO_RTD,Liquidez score 44.6 ≥ 30 — monitorar confirmação via RTD.
SUZB3,SUZBR426W4,PUT,42.67,2026-06-26,30,CURTO,1.76,44.8,RECUPERACAO_APOS_QUEDA,"Call Longa, Trava de Alta, Call Debit Spread",63.4,MONITORAR_NO_RTD,Liquidez score 44.8 ≥ 30 — monitorar confirmação via RTD.
PETR4,PETRQ495W5,PUT,48.96,2026-05-29,2,CURTO,4.58,44.6,CONTINUACAO_BAIXA,"Trava de Baixa, Put Debit Spread",63.4,MONITORAR_NO_RTD,Liquidez score 44.6 ≥ 30 — monitorar confirmação via RTD.
BPAC11,BPACH580,CALL,58.02,2026-08-21,86,MEDIO,2.15,44.6,RECUPERACAO_APOS_QUEDA,"Call Longa, Trava de Alta, Call Debit Spread",63.4,MONITORAR_NO_RTD,Liquidez score 44.6 ≥ 30 — monitorar confirmação via RTD.
WEGE3,WEGER483,PUT,47.03,2026-06-19,23,CURTO,3.9,44.8,RECUPERACAO_APOS_QUEDA,"Call Longa, Trava de Alta, Call Debit Spread",63.4,MONITORAR_NO_RTD,Liquidez score 44.8 ≥ 30 — monitorar confirmação via RTD.
WEGE3,WEGER446,PUT,44.53,2026-06-19,23,CURTO,2.08,44.8,RECUPERACAO_APOS_QUEDA,"Call Longa, Trava de Alta, Call Debit Spread",63.4,MONITORAR_NO_RTD,Liquidez score 44.8 ≥ 30 — monitorar confirmação via RTD.
HAPV3,HAPVR222,PUT,22.25,2026-06-19,23,CURTO,9.3,61.0,CONTINUACAO_BAIXA,"Trava de Baixa, Put Debit Spread",63.3,CANDIDATA_PROXIMO_PREGAO,Liquidez score 61.0 ≥ 50 com vencimento CURTO — candidata para próximo pregão.
TAEE11,TAEEF335,CALL,32.14,2026-06-19,23,CURTO,6.89,61.1,RECUPERACAO_APOS_QUEDA,"Call Longa, Trava de Alta, Call Debit Spread",63.3,CANDIDATA_PROXIMO_PREGAO,Liquidez score 61.1 ≥ 50 com vencimento CURTO — candidata para próximo pregão.
PETR4,PETRI417,CALL,41.19,2026-09-18,114,LONGO,6.73,77.8,CONTINUACAO_BAIXA,"Trava de Baixa, Put Debit Spread",63.3,MONITORAR_NO_RTD,Liquidez score 77.8 ≥ 30 — monitorar confirmação via RTD.
GGBR4,GGBRS233,PUT,23.1,2026-07-17,51,MEDIO,0.54,44.3,CONTINUACAO_ALTA,"Trava de Alta, Call Debit Spread",63.3,MONITORAR_NO_RTD,Liquidez score 44.3 ≥ 30 — monitorar confirmação via RTD.
PETR4,PETRG317,CALL,30.44,2026-07-17,51,MEDIO,16.3,77.6,CONTINUACAO_BAIXA,"Trava de Baixa, Put Debit Spread",63.3,MONITORAR_NO_RTD,Liquidez score 77.6 ≥ 30 — monitorar confirmação via RTD.
RENT3,RENTR386W4,PUT,38.62,2026-06-26,30,CURTO,0.48,61.0,RECUPERACAO_APOS_QUEDA,"Call Longa, Trava de Alta, Call Debit Spread",63.3,CANDIDATA_PROXIMO_PREGAO,Liquidez score 61.0 ≥ 50 com vencimento CURTO — candidata para próximo pregão.
BBDC4,BBDCS194,PUT,19.16,2026-07-17,51,MEDIO,1.44,61.0,RECUPERACAO_APOS_QUEDA,"Call Longa, Trava de Alta, Call Debit Spread",63.3,MONITORAR_NO_RTD,Liquidez score 61.0 ≥ 30 — monitorar confirmação via RTD.
ABEV3,ABEVU163,PUT,16.34,2026-09-18,114,LONGO,1.02,44.4,CONTINUACAO_ALTA,"Trava de Alta, Call Debit Spread",63.3,MONITORAR_NO_RTD,Liquidez score 44.4 ≥ 30 — monitorar confirmação via RTD.
WEGE3,WEGEG48,CALL,46.46,2026-07-17,51,MEDIO,0.9,44.4,RECUPERACAO_APOS_QUEDA,"Call Longa, Trava de Alta, Call Debit Spread",63.3,MONITORAR_NO_RTD,Liquidez score 44.4 ≥ 30 — monitorar confirmação via RTD.
ABEV3,ABEVF962,CALL,9.62,2026-06-19,23,CURTO,5.53,61.1,CONTINUACAO_ALTA,"Trava de Alta, Call Debit Spread",63.3,CANDIDATA_PROXIMO_PREGAO,Liquidez score 61.1 ≥ 50 com vencimento CURTO — candidata para próximo pregão.
ENEV3,ENEVF125,CALL,12.5,2026-06-19,23,CURTO,14.62,44.4,PROTECAO_CARTEIRA,"Protective Put, Collar",63.3,MONITORAR_NO_RTD,Liquidez score 44.4 ≥ 30 — monitorar confirmação via RTD.
SUZB3,SUZBS606,PUT,60.63,2026-07-17,51,MEDIO,16.06,77.4,RECUPERACAO_APOS_QUEDA,"Call Longa, Trava de Alta, Call Debit Spread",63.2,MONITORAR_NO_RTD,Liquidez score 77.4 ≥ 30 — monitorar confirmação via RTD.
PETR4,PETRE422W5,CALL,41.71,2026-05-29,2,CURTO,2.51,44.0,CONTINUACAO_BAIXA,"Trava de Baixa, Put Debit Spread",63.2,MONITORAR_NO_RTD,Liquidez score 44.0 ≥ 30 — monitorar confirmação via RTD.
SUZB3,SUZBR474,PUT,47.42,2026-06-19,23,CURTO,4.5,60.7,RECUPERACAO_APOS_QUEDA,"Call Longa, Trava de Alta, Call Debit Spread",63.2,CANDIDATA_PROXIMO_PREGAO,Liquidez score 60.7 ≥ 50 com vencimento CURTO — candidata para próximo pregão.
VALE3,VALEE810W5,CALL,81.0,2026-05-29,2,CURTO,2.64,77.2,LATERALIDADE,Monitorar — Iron Condor futuro,63.2,CANDIDATA_PROXIMO_PREGAO,Liquidez score 77.2 ≥ 50 com vencimento CURTO — candidata para próximo pregão.
B3SA3,B3SAF112,CALL,10.72,2026-06-19,23,CURTO,7.38,43.9,RECUPERACAO_APOS_QUEDA,"Call Longa, Trava de Alta, Call Debit Spread",63.2,MONITORAR_NO_RTD,Liquidez score 43.9 ≥ 30 — monitorar confirmação via RTD.
SUZB3,SUZBS526,PUT,52.63,2026-07-17,51,MEDIO,9.3,77.5,RECUPERACAO_APOS_QUEDA,"Call Longa, Trava de Alta, Call Debit Spread",63.2,MONITORAR_NO_RTD,Liquidez score 77.5 ≥ 30 — monitorar confirmação via RTD.
PETR4,PETRR402,PUT,39.69,2026-06-19,23,CURTO,0.26,60.7,CONTINUACAO_BAIXA,"Trava de Baixa, Put Debit Spread",63.2,CANDIDATA_PROXIMO_PREGAO,Liquidez score 60.7 ≥ 50 com vencimento CURTO — candidata para próximo pregão.
WEGE3,WEGEF413,CALL,39.53,2026-06-19,23,CURTO,3.88,44.0,RECUPERACAO_APOS_QUEDA,"Call Longa, Trava de Alta, Call Debit Spread",63.2,MONITORAR_NO_RTD,Liquidez score 44.0 ≥ 30 — monitorar confirmação via RTD.
RENT3,RENTE546W5,CALL,54.62,2026-05-29,2,CURTO,0.4,60.7,RECUPERACAO_APOS_QUEDA,"Call Longa, Trava de Alta, Call Debit Spread",63.2,CANDIDATA_PROXIMO_PREGAO,Liquidez score 60.7 ≥ 50 com vencimento CURTO — candidata para próximo pregão.
RENT3,RENTQ491W5,PUT,49.12,2026-05-29,2,CURTO,6.2,60.8,RECUPERACAO_APOS_QUEDA,"Call Longa, Trava de Alta, Call Debit Spread",63.2,CANDIDATA_PROXIMO_PREGAO,Liquidez score 60.8 ≥ 50 com vencimento CURTO — candidata para próximo pregão.
BBAS3,BBASR278,PUT,27.85,2026-06-19,23,CURTO,7.1,60.7,RECUPERACAO_APOS_QUEDA,"Call Longa, Trava de Alta, Call Debit Spread",63.2,CANDIDATA_PROXIMO_PREGAO,Liquidez score 60.7 ≥ 50 com vencimento CURTO — candidata para próximo pregão.
RADL3,RADLR186,PUT,18.62,2026-06-19,23,CURTO,0.79,43.7,CONTINUACAO_BAIXA,"Trava de Baixa, Put Debit Spread",63.1,MONITORAR_NO_RTD,Liquidez score 43.7 ≥ 30 — monitorar confirmação via RTD.
ITUB4,ITUBF481,CALL,48.28,2026-06-19,23,CURTO,2.48,60.2,RECUPERACAO_APOS_QUEDA,"Call Longa, Trava de Alta, Call Debit Spread",63.1,CANDIDATA_PROXIMO_PREGAO,Liquidez score 60.2 ≥ 50 com vencimento CURTO — candidata para próximo pregão.
HAPV3,HAPVF880,CALL,8.8,2026-06-19,23,CURTO,4.54,60.4,CONTINUACAO_BAIXA,"Trava de Baixa, Put Debit Spread",63.1,CANDIDATA_PROXIMO_PREGAO,Liquidez score 60.4 ≥ 50 com vencimento CURTO — candidata para próximo pregão.
B3SA3,B3SAR15,PUT,14.22,2026-06-19,23,CURTO,0.06,43.8,RECUPERACAO_APOS_QUEDA,"Call Longa, Trava de Alta, Call Debit Spread",63.1,MONITORAR_NO_RTD,Liquidez score 43.8 ≥ 30 — monitorar confirmação via RTD.
PETR4,PETRR465,PUT,45.96,2026-06-19,23,CURTO,0.59,43.8,CONTINUACAO_BAIXA,"Trava de Baixa, Put Debit Spread",63.1,MONITORAR_NO_RTD,Liquidez score 43.8 ≥ 30 — monitorar confirmação via RTD.
PETR4,PETRV502,PUT,43.88,2026-10-16,142,LONGO,2.86,43.7,CONTINUACAO_BAIXA,"Trava de Baixa, Put Debit Spread",63.1,MONITORAR_NO_RTD,Liquidez score 43.7 ≥ 30 — monitorar confirmação via RTD.
PETR4,PETRV440,PUT,43.63,2026-10-16,142,LONGO,2.9,43.8,CONTINUACAO_BAIXA,"Trava de Baixa, Put Debit Spread",63.1,MONITORAR_NO_RTD,Liquidez score 43.8 ≥ 30 — monitorar confirmação via RTD.
ABEV3,ABEVS171,PUT,17.17,2026-07-17,51,MEDIO,1.03,60.2,CONTINUACAO_ALTA,"Trava de Alta, Call Debit Spread",63.1,MONITORAR_NO_RTD,Liquidez score 60.2 ≥ 30 — monitorar confirmação via RTD.
BBAS3,BBASR273,PUT,27.35,2026-06-19,23,CURTO,6.25,60.0,RECUPERACAO_APOS_QUEDA,"Call Longa, Trava de Alta, Call Debit Spread",63.0,CANDIDATA_PROXIMO_PREGAO,Liquidez score 60.0 ≥ 50 com vencimento CURTO — candidata para próximo pregão.
BBAS3,BBASF152W1,CALL,15.26,2026-06-05,9,CURTO,5.31,60.1,RECUPERACAO_APOS_QUEDA,"Call Longa, Trava de Alta, Call Debit Spread",63.0,CANDIDATA_PROXIMO_PREGAO,Liquidez score 60.1 ≥ 50 com vencimento CURTO — candidata para próximo pregão.
BBDC4,BBDCF2,CALL,14.26,2026-06-19,23,CURTO,3.8,59.9,RECUPERACAO_APOS_QUEDA,"Call Longa, Trava de Alta, Call Debit Spread",63.0,CANDIDATA_PROXIMO_PREGAO,Liquidez score 59.9 ≥ 50 com vencimento CURTO — candidata para próximo pregão.
HAPV3,HAPVF960,CALL,9.6,2026-06-19,23,CURTO,2.39,60.1,CONTINUACAO_BAIXA,"Trava de Baixa, Put Debit Spread",63.0,CANDIDATA_PROXIMO_PREGAO,Liquidez score 60.1 ≥ 50 com vencimento CURTO — candidata para próximo pregão.
RENT3,RENTR461,PUT,46.12,2026-06-19,23,CURTO,3.61,43.2,RECUPERACAO_APOS_QUEDA,"Call Longa, Trava de Alta, Call Debit Spread",63.0,MONITORAR_NO_RTD,Liquidez score 43.2 ≥ 30 — monitorar confirmação via RTD.
PETR4,PETRR632,PUT,62.69,2026-06-19,23,CURTO,17.22,60.0,CONTINUACAO_BAIXA,"Trava de Baixa, Put Debit Spread",63.0,CANDIDATA_PROXIMO_PREGAO,Liquidez score 60.0 ≥ 50 com vencimento CURTO — candidata para próximo pregão.
BBDC4,BBDCF173,CALL,16.74,2026-06-19,23,CURTO,0.09,43.4,RECUPERACAO_APOS_QUEDA,"Call Longa, Trava de Alta, Call Debit Spread",63.0,MONITORAR_NO_RTD,Liquidez score 43.4 ≥ 30 — monitorar confirmação via RTD.
PETR4,PETRG49,CALL,49.94,2026-07-17,51,MEDIO,0.91,76.7,CONTINUACAO_BAIXA,"Trava de Baixa, Put Debit Spread",63.0,MONITORAR_NO_RTD,Liquidez score 76.7 ≥ 30 — monitorar confirmação via RTD.
B3SA3,B3SAR148,PUT,14.47,2026-06-19,23,CURTO,0.07,43.2,RECUPERACAO_APOS_QUEDA,"Call Longa, Trava de Alta, Call Debit Spread",63.0,MONITORAR_NO_RTD,Liquidez score 43.2 ≥ 30 — monitorar confirmação via RTD.
TAEE11,TAEER412,PUT,39.89,2026-06-19,23,CURTO,1.31,43.3,RECUPERACAO_APOS_QUEDA,"Call Longa, Trava de Alta, Call Debit Spread",63.0,MONITORAR_NO_RTD,Liquidez score 43.3 ≥ 30 — monitorar confirmação via RTD.
HAPV3,HAPVF137,CALL,13.75,2026-06-19,23,CURTO,0.25,59.7,CONTINUACAO_BAIXA,"Trava de Baixa, Put Debit Spread",62.9,CANDIDATA_PROXIMO_PREGAO,Liquidez score 59.7 ≥ 50 com vencimento CURTO — candidata para próximo pregão.
BBDC4,BBDCS164,PUT,16.41,2026-07-17,51,MEDIO,0.2,43.0,RECUPERACAO_APOS_QUEDA,"Call Longa, Trava de Alta, Call Debit Spread",62.9,MONITORAR_NO_RTD,Liquidez score 43.0 ≥ 30 — monitorar confirmação via RTD.
BBAS3,BBASR188,PUT,18.85,2026-06-19,23,CURTO,0.07,59.7,RECUPERACAO_APOS_QUEDA,"Call Longa, Trava de Alta, Call Debit Spread",62.9,CANDIDATA_PROXIMO_PREGAO,Liquidez score 59.7 ≥ 50 com vencimento CURTO — candidata para próximo pregão.
WEGE3,WEGEG462,CALL,46.21,2026-07-17,51,MEDIO,1.04,43.1,RECUPERACAO_APOS_QUEDA,"Call Longa, Trava de Alta, Call Debit Spread",62.9,MONITORAR_NO_RTD,Liquidez score 43.1 ≥ 30 — monitorar confirmação via RTD.
ITUB4,ITUBR470,PUT,46.69,2026-06-19,23,CURTO,6.77,59.7,RECUPERACAO_APOS_QUEDA,"Call Longa, Trava de Alta, Call Debit Spread",62.9,CANDIDATA_PROXIMO_PREGAO,Liquidez score 59.7 ≥ 50 com vencimento CURTO — candidata para próximo pregão.
B3SA3,B3SAF100,CALL,9.97,2026-06-19,23,CURTO,6.0,43.0,RECUPERACAO_APOS_QUEDA,"Call Longa, Trava de Alta, Call Debit Spread",62.9,MONITORAR_NO_RTD,Liquidez score 43.0 ≥ 30 — monitorar confirmação via RTD.
SUZB3,SUZBR454,PUT,45.42,2026-06-19,23,CURTO,3.13,43.0,RECUPERACAO_APOS_QUEDA,"Call Longa, Trava de Alta, Call Debit Spread",62.9,MONITORAR_NO_RTD,Liquidez score 43.0 ≥ 30 — monitorar confirmação via RTD.
PRIO3,PRIOR720,PUT,72.0,2026-06-19,23,CURTO,4.97,75.9,LATERALIDADE,Monitorar — Iron Condor futuro,62.8,CANDIDATA_PROXIMO_PREGAO,Liquidez score 75.9 ≥ 50 com vencimento CURTO — candidata para próximo pregão.
CPLE6,CPLEH750,CALL,7.5,2026-08-21,86,MEDIO,7.31,76.0,CONTINUACAO_ALTA,"Trava de Alta, Call Debit Spread",62.8,MONITORAR_NO_RTD,Liquidez score 76.0 ≥ 30 — monitorar confirmação via RTD.
BBAS3,BBASR416,PUT,41.6,2026-06-19,23,CURTO,20.1,59.2,RECUPERACAO_APOS_QUEDA,"Call Longa, Trava de Alta, Call Debit Spread",62.8,CANDIDATA_PROXIMO_PREGAO,Liquidez score 59.2 ≥ 50 com vencimento CURTO — candidata para próximo pregão.
ITUB4,ITUBR426W2,PUT,42.61,2026-06-12,16,CURTO,1.97,42.5,RECUPERACAO_APOS_QUEDA,"Call Longa, Trava de Alta, Call Debit Spread",62.8,MONITORAR_NO_RTD,Liquidez score 42.5 ≥ 30 — monitorar confirmação via RTD.
ITUB4,ITUBS443,PUT,44.0,2026-07-17,51,MEDIO,4.0,75.9,RECUPERACAO_APOS_QUEDA,"Call Longa, Trava de Alta, Call Debit Spread",62.8,MONITORAR_NO_RTD,Liquidez score 75.9 ≥ 30 — monitorar confirmação via RTD.
SUZB3,SUZBG448,CALL,44.88,2026-07-17,51,MEDIO,0.68,42.7,RECUPERACAO_APOS_QUEDA,"Call Longa, Trava de Alta, Call Debit Spread",62.8,MONITORAR_NO_RTD,Liquidez score 42.7 ≥ 30 — monitorar confirmação via RTD.
B3SA3,B3SAR227,PUT,22.72,2026-06-19,23,CURTO,5.45,42.8,RECUPERACAO_APOS_QUEDA,"Call Longa, Trava de Alta, Call Debit Spread",62.8,MONITORAR_NO_RTD,Liquidez score 42.8 ≥ 30 — monitorar confirmação via RTD.
ENEV3,ENEVR215,PUT,21.5,2026-06-19,23,CURTO,0.27,42.7,PROTECAO_CARTEIRA,"Protective Put, Collar",62.8,MONITORAR_NO_RTD,Liquidez score 42.7 ≥ 30 — monitorar confirmação via RTD.
RENT3,RENTR458,PUT,45.37,2026-06-19,23,CURTO,3.36,42.8,RECUPERACAO_APOS_QUEDA,"Call Longa, Trava de Alta, Call Debit Spread",62.8,MONITORAR_NO_RTD,Liquidez score 42.8 ≥ 30 — monitorar confirmação via RTD.
BBAS3,BBASS26,PUT,26.76,2026-07-17,51,MEDIO,5.57,75.9,RECUPERACAO_APOS_QUEDA,"Call Longa, Trava de Alta, Call Debit Spread",62.8,MONITORAR_NO_RTD,Liquidez score 75.9 ≥ 30 — monitorar confirmação via RTD.
PETR4,PETRH512,CALL,50.69,2026-08-21,86,MEDIO,1.59,76.0,CONTINUACAO_BAIXA,"Trava de Baixa, Put Debit Spread",62.8,MONITORAR_NO_RTD,Liquidez score 76.0 ≥ 30 — monitorar confirmação via RTD.
ITUB4,ITUBG167,CALL,16.77,2026-07-17,51,MEDIO,23.97,76.0,RECUPERACAO_APOS_QUEDA,"Call Longa, Trava de Alta, Call Debit Spread",62.8,MONITORAR_NO_RTD,Liquidez score 76.0 ≥ 30 — monitorar confirmação via RTD.
PETR4,PETRR475,PUT,46.96,2026-06-19,23,CURTO,0.8,42.7,CONTINUACAO_BAIXA,"Trava de Baixa, Put Debit Spread",62.8,MONITORAR_NO_RTD,Liquidez score 42.7 ≥ 30 — monitorar confirmação via RTD.
B3SA3,B3SAF195,CALL,19.47,2026-06-19,23,CURTO,0.05,42.6,RECUPERACAO_APOS_QUEDA,"Call Longa, Trava de Alta, Call Debit Spread",62.8,MONITORAR_NO_RTD,Liquidez score 42.6 ≥ 30 — monitorar confirmação via RTD.
PETR4,PETRF520,CALL,51.46,2026-06-19,23,CURTO,1.49,59.5,CONTINUACAO_BAIXA,"Trava de Baixa, Put Debit Spread",62.8,CANDIDATA_PROXIMO_PREGAO,Liquidez score 59.5 ≥ 50 com vencimento CURTO — candidata para próximo pregão.
WEGE3,WEGEL462,CALL,44.54,2026-12-18,205,EXTRA_LONGO,8.72,75.6,RECUPERACAO_APOS_QUEDA,"Call Longa, Trava de Alta, Call Debit Spread",62.7,MONITORAR_NO_RTD,Liquidez score 75.6 ≥ 30 — monitorar confirmação via RTD.
HAPV3,HAPVE110W5,CALL,11.0,2026-05-29,2,CURTO,1.28,42.2,CONTINUACAO_BAIXA,"Trava de Baixa, Put Debit Spread",62.7,MONITORAR_NO_RTD,Liquidez score 42.2 ≥ 30 — monitorar confirmação via RTD.
BBDC4,BBDCF168,CALL,16.24,2026-06-19,23,CURTO,0.17,42.2,RECUPERACAO_APOS_QUEDA,"Call Longa, Trava de Alta, Call Debit Spread",62.7,MONITORAR_NO_RTD,Liquidez score 42.2 ≥ 30 — monitorar confirmação via RTD.
PETR4,PETRE435W5,CALL,42.96,2026-05-29,2,CURTO,1.88,42.3,CONTINUACAO_BAIXA,"Trava de Baixa, Put Debit Spread",62.7,MONITORAR_NO_RTD,Liquidez score 42.3 ≥ 30 — monitorar confirmação via RTD.
VALE3,VALEF830W2,CALL,83.0,2026-06-12,16,CURTO,2.1,42.4,LATERALIDADE,Monitorar — Iron Condor futuro,62.7,MONITORAR_NO_RTD,Liquidez score 42.4 ≥ 30 — monitorar confirmação via RTD.
PRIO3,PRIOR705,PUT,70.5,2026-06-19,23,CURTO,4.01,75.8,LATERALIDADE,Monitorar — Iron Condor futuro,62.7,CANDIDATA_PROXIMO_PREGAO,Liquidez score 75.8 ≥ 50 com vencimento CURTO — candidata para próximo pregão.
BBDC4,BBDCG162,CALL,15.91,2026-07-17,51,MEDIO,2.2,75.7,RECUPERACAO_APOS_QUEDA,"Call Longa, Trava de Alta, Call Debit Spread",62.7,MONITORAR_NO_RTD,Liquidez score 75.7 ≥ 30 — monitorar confirmação via RTD.
PRIO3,PRIOF625,CALL,62.5,2026-06-19,23,CURTO,7.5,75.7,LATERALIDADE,Monitorar — Iron Condor futuro,62.7,CANDIDATA_PROXIMO_PREGAO,Liquidez score 75.7 ≥ 50 com vencimento CURTO — candidata para próximo pregão.
PETR4,PETRG506,CALL,50.69,2026-07-17,51,MEDIO,0.76,75.8,CONTINUACAO_BAIXA,"Trava de Baixa, Put Debit Spread",62.7,MONITORAR_NO_RTD,Liquidez score 75.8 ≥ 30 — monitorar confirmação via RTD.
B3SA3,B3SAH197,CALL,19.64,2026-08-21,86,MEDIO,0.4,58.9,RECUPERACAO_APOS_QUEDA,"Call Longa, Trava de Alta, Call Debit Spread",62.7,MONITORAR_NO_RTD,Liquidez score 58.9 ≥ 30 — monitorar confirmação via RTD.
SUZB3,SUZBS401,PUT,40.13,2026-07-17,51,MEDIO,0.54,42.3,RECUPERACAO_APOS_QUEDA,"Call Longa, Trava de Alta, Call Debit Spread",62.7,MONITORAR_NO_RTD,Liquidez score 42.3 ≥ 30 — monitorar confirmação via RTD.
ITUB4,ITUBR457,PUT,45.44,2026-06-19,23,CURTO,5.5,59.1,RECUPERACAO_APOS_QUEDA,"Call Longa, Trava de Alta, Call Debit Spread",62.7,CANDIDATA_PROXIMO_PREGAO,Liquidez score 59.1 ≥ 50 com vencimento CURTO — candidata para próximo pregão.
ITUB4,ITUBG423,CALL,38.55,2026-07-17,51,MEDIO,2.66,59.0,RECUPERACAO_APOS_QUEDA,"Call Longa, Trava de Alta, Call Debit Spread",62.7,MONITORAR_NO_RTD,Liquidez score 59.0 ≥ 30 — monitorar confirmação via RTD.
BBDC4,BBDCT174,PUT,17.14,2026-08-21,86,MEDIO,0.55,42.4,RECUPERACAO_APOS_QUEDA,"Call Longa, Trava de Alta, Call Debit Spread",62.7,MONITORAR_NO_RTD,Liquidez score 42.4 ≥ 30 — monitorar confirmação via RTD.
ABEV3,ABEVS179,PUT,17.92,2026-07-17,51,MEDIO,1.61,75.2,CONTINUACAO_ALTA,"Trava de Alta, Call Debit Spread",62.6,MONITORAR_NO_RTD,Liquidez score 75.2 ≥ 30 — monitorar confirmação via RTD.
HAPV3,HAPVN11,PUT,11.75,2027-02-19,268,EXTRA_LONGO,2.4,75.2,CONTINUACAO_BAIXA,"Trava de Baixa, Put Debit Spread",62.6,MONITORAR_NO_RTD,Liquidez score 75.2 ≥ 30 — monitorar confirmação via RTD.
ENEV3,ENEVG235,CALL,23.5,2026-07-17,51,MEDIO,2.25,41.9,PROTECAO_CARTEIRA,"Protective Put, Collar",62.6,MONITORAR_NO_RTD,Liquidez score 41.9 ≥ 30 — monitorar confirmação via RTD.
PETR4,PETRF567,CALL,56.19,2026-06-19,23,CURTO,0.06,58.7,CONTINUACAO_BAIXA,"Trava de Baixa, Put Debit Spread",62.6,CANDIDATA_PROXIMO_PREGAO,Liquidez score 58.7 ≥ 50 com vencimento CURTO — candidata para próximo pregão.
ITUB4,ITUBI31,CALL,28.0,2026-09-18,114,LONGO,11.93,92.0,RECUPERACAO_APOS_QUEDA,"Call Longa, Trava de Alta, Call Debit Spread",62.6,MONITORAR_NO_RTD,Liquidez score 92.0 ≥ 30 — monitorar confirmação via RTD.
VALE3,VALEF580,CALL,54.68,2026-06-19,23,CURTO,28.08,92.0,LATERALIDADE,Monitorar — Iron Condor futuro,62.6,CANDIDATA_PROXIMO_PREGAO,Liquidez score 92.0 ≥ 50 com vencimento CURTO — candidata para próximo pregão.
BBDC4,BBDCH182,CALL,18.24,2026-08-21,86,MEDIO,0.18,41.9,RECUPERACAO_APOS_QUEDA,"Call Longa, Trava de Alta, Call Debit Spread",62.6,MONITORAR_NO_RTD,Liquidez score 41.9 ≥ 30 — monitorar confirmação via RTD.
ENEV3,ENEVF277,CALL,27.75,2026-06-19,23,CURTO,0.27,42.1,PROTECAO_CARTEIRA,"Protective Put, Collar",62.6,MONITORAR_NO_RTD,Liquidez score 42.1 ≥ 30 — monitorar confirmação via RTD.
PETR4,PETRR510,PUT,50.46,2026-06-19,23,CURTO,2.24,58.7,CONTINUACAO_BAIXA,"Trava de Baixa, Put Debit Spread",62.6,CANDIDATA_PROXIMO_PREGAO,Liquidez score 58.7 ≥ 50 com vencimento CURTO — candidata para próximo pregão.
WEGE3,WEGEF406,CALL,38.78,2026-06-19,23,CURTO,4.13,58.7,RECUPERACAO_APOS_QUEDA,"Call Longa, Trava de Alta, Call Debit Spread",62.6,CANDIDATA_PROXIMO_PREGAO,Liquidez score 58.7 ≥ 50 com vencimento CURTO — candidata para próximo pregão.
EGIE3,EGIER377,PUT,37.25,2026-06-19,23,CURTO,4.9,58.7,RECUPERACAO_APOS_QUEDA,"Call Longa, Trava de Alta, Call Debit Spread",62.6,CANDIDATA_PROXIMO_PREGAO,Liquidez score 58.7 ≥ 50 com vencimento CURTO — candidata para próximo pregão.
BBDC4,BBDCH154,CALL,15.14,2026-08-21,86,MEDIO,3.42,75.2,RECUPERACAO_APOS_QUEDA,"Call Longa, Trava de Alta, Call Debit Spread",62.6,MONITORAR_NO_RTD,Liquidez score 75.2 ≥ 30 — monitorar confirmação via RTD.
BBDC4,BBDCT229,PUT,22.64,2026-08-21,86,MEDIO,4.28,75.4,RECUPERACAO_APOS_QUEDA,"Call Longa, Trava de Alta, Call Debit Spread",62.6,MONITORAR_NO_RTD,Liquidez score 75.4 ≥ 30 — monitorar confirmação via RTD.
PETR4,PETRF159,CALL,15.44,2026-06-19,23,CURTO,30.35,58.5,CONTINUACAO_BAIXA,"Trava de Baixa, Put Debit Spread",62.5,CANDIDATA_PROXIMO_PREGAO,Liquidez score 58.5 ≥ 50 com vencimento CURTO — candidata para próximo pregão.
SUZB3,SUZBS398,PUT,39.88,2026-07-17,51,MEDIO,0.44,41.6,RECUPERACAO_APOS_QUEDA,"Call Longa, Trava de Alta, Call Debit Spread",62.5,MONITORAR_NO_RTD,Liquidez score 41.6 ≥ 30 — monitorar confirmação via RTD.
PRIO3,PRIOR635,PUT,63.5,2026-06-19,23,CURTO,1.14,58.3,LATERALIDADE,Monitorar — Iron Condor futuro,62.5,CANDIDATA_PROXIMO_PREGAO,Liquidez score 58.3 ≥ 50 com vencimento CURTO — candidata para próximo pregão.
VALE3,VALEE850W5,CALL,85.0,2026-05-29,2,CURTO,0.41,58.3,LATERALIDADE,Monitorar — Iron Condor futuro,62.5,CANDIDATA_PROXIMO_PREGAO,Liquidez score 58.3 ≥ 50 com vencimento CURTO — candidata para próximo pregão.
HAPV3,HAPVR192,PUT,19.25,2026-06-19,23,CURTO,7.06,58.3,CONTINUACAO_BAIXA,"Trava de Baixa, Put Debit Spread",62.5,CANDIDATA_PROXIMO_PREGAO,Liquidez score 58.3 ≥ 50 com vencimento CURTO — candidata para próximo pregão.
RADL3,RADLG186,CALL,18.62,2026-07-17,51,MEDIO,0.92,41.6,CONTINUACAO_BAIXA,"Trava de Baixa, Put Debit Spread",62.5,MONITORAR_NO_RTD,Liquidez score 41.6 ≥ 30 — monitorar confirmação via RTD.
HAPV3,HAPVQ130W5,PUT,13.0,2026-05-29,2,CURTO,1.03,41.6,CONTINUACAO_BAIXA,"Trava de Baixa, Put Debit Spread",62.5,MONITORAR_NO_RTD,Liquidez score 41.6 ≥ 30 — monitorar confirmação via RTD.
BBAS3,BBASR331,PUT,33.16,2026-06-19,23,CURTO,12.28,58.3,RECUPERACAO_APOS_QUEDA,"Call Longa, Trava de Alta, Call Debit Spread",62.5,CANDIDATA_PROXIMO_PREGAO,Liquidez score 58.3 ≥ 50 com vencimento CURTO — candidata para próximo pregão.
SUZB3,SUZBG393,CALL,39.38,2026-07-17,51,MEDIO,3.38,58.4,RECUPERACAO_APOS_QUEDA,"Call Longa, Trava de Alta, Call Debit Spread",62.5,MONITORAR_NO_RTD,Liquidez score 58.4 ≥ 30 — monitorar confirmação via RTD.
BPAC11,BPACR605,PUT,60.55,2026-06-19,23,CURTO,5.6,58.5,RECUPERACAO_APOS_QUEDA,"Call Longa, Trava de Alta, Call Debit Spread",62.5,CANDIDATA_PROXIMO_PREGAO,Liquidez score 58.5 ≥ 50 com vencimento CURTO — candidata para próximo pregão.
PETR4,PETRR520,PUT,51.46,2026-06-19,23,CURTO,2.84,58.5,CONTINUACAO_BAIXA,"Trava de Baixa, Put Debit Spread",62.5,CANDIDATA_PROXIMO_PREGAO,Liquidez score 58.5 ≥ 50 com vencimento CURTO — candidata para próximo pregão.
RADL3,RADLR21,PUT,21.12,2026-06-19,23,CURTO,2.82,58.5,CONTINUACAO_BAIXA,"Trava de Baixa, Put Debit Spread",62.5,CANDIDATA_PROXIMO_PREGAO,Liquidez score 58.5 ≥ 50 com vencimento CURTO — candidata para próximo pregão.
SUZB3,SUZBG433,CALL,43.38,2026-07-17,51,MEDIO,1.52,41.3,RECUPERACAO_APOS_QUEDA,"Call Longa, Trava de Alta, Call Debit Spread",62.4,MONITORAR_NO_RTD,Liquidez score 41.3 ≥ 30 — monitorar confirmação via RTD.
SUZB3,SUZBR631,PUT,63.17,2026-06-19,23,CURTO,9.0,58.0,RECUPERACAO_APOS_QUEDA,"Call Longa, Trava de Alta, Call Debit Spread",62.4,CANDIDATA_PROXIMO_PREGAO,Liquidez score 58.0 ≥ 50 com vencimento CURTO — candidata para próximo pregão.
HAPV3,HAPVS135,PUT,13.5,2026-07-17,51,MEDIO,1.85,74.8,CONTINUACAO_BAIXA,"Trava de Baixa, Put Debit Spread",62.4,MONITORAR_NO_RTD,Liquidez score 74.8 ≥ 30 — monitorar confirmação via RTD.
RENT3,RENTR473,PUT,46.87,2026-06-19,23,CURTO,3.92,41.3,RECUPERACAO_APOS_QUEDA,"Call Longa, Trava de Alta, Call Debit Spread",62.4,MONITORAR_NO_RTD,Liquidez score 41.3 ≥ 30 — monitorar confirmação via RTD.
HAPV3,HAPVF990,CALL,9.9,2026-06-19,23,CURTO,3.64,58.0,CONTINUACAO_BAIXA,"Trava de Baixa, Put Debit Spread",62.4,CANDIDATA_PROXIMO_PREGAO,Liquidez score 58.0 ≥ 50 com vencimento CURTO — candidata para próximo pregão.
ENEV3,ENEVG240,CALL,24.0,2026-07-17,51,MEDIO,2.63,41.3,PROTECAO_CARTEIRA,"Protective Put, Collar",62.4,MONITORAR_NO_RTD,Liquidez score 41.3 ≥ 30 — monitorar confirmação via RTD.
CMIG4,CMIGS127,PUT,10.99,2026-07-17,51,MEDIO,0.19,41.4,RECUPERACAO_APOS_QUEDA,"Call Longa, Trava de Alta, Call Debit Spread",62.4,MONITORAR_NO_RTD,Liquidez score 41.4 ≥ 30 — monitorar confirmação via RTD.
CMIG4,CMIGG139,CALL,12.24,2026-07-17,51,MEDIO,0.14,41.3,RECUPERACAO_APOS_QUEDA,"Call Longa, Trava de Alta, Call Debit Spread",62.4,MONITORAR_NO_RTD,Liquidez score 41.3 ≥ 30 — monitorar confirmação via RTD.
PETR4,PETRF292,CALL,28.69,2026-06-19,23,CURTO,16.0,58.1,CONTINUACAO_BAIXA,"Trava de Baixa, Put Debit Spread",62.4,CANDIDATA_PROXIMO_PREGAO,Liquidez score 58.1 ≥ 50 com vencimento CURTO — candidata para próximo pregão.
ITUB4,ITUBF471,CALL,47.28,2026-06-19,23,CURTO,2.83,58.0,RECUPERACAO_APOS_QUEDA,"Call Longa, Trava de Alta, Call Debit Spread",62.4,CANDIDATA_PROXIMO_PREGAO,Liquidez score 58.0 ≥ 50 com vencimento CURTO — candidata para próximo pregão.
BPAC11,BPACR630,PUT,63.05,2026-06-19,23,CURTO,7.8,57.9,RECUPERACAO_APOS_QUEDA,"Call Longa, Trava de Alta, Call Debit Spread",62.4,CANDIDATA_PROXIMO_PREGAO,Liquidez score 57.9 ≥ 50 com vencimento CURTO — candidata para próximo pregão.
RENT3,RENTF410,CALL,40.62,2026-06-19,23,CURTO,3.26,41.4,RECUPERACAO_APOS_QUEDA,"Call Longa, Trava de Alta, Call Debit Spread",62.4,MONITORAR_NO_RTD,Liquidez score 41.4 ≥ 30 — monitorar confirmação via RTD.
ABEV3,ABEVF141,CALL,14.17,2026-06-19,23,CURTO,2.1,57.9,CONTINUACAO_ALTA,"Trava de Alta, Call Debit Spread",62.4,CANDIDATA_PROXIMO_PREGAO,Liquidez score 57.9 ≥ 50 com vencimento CURTO — candidata para próximo pregão.
B3SA3,B3SAG143,CALL,14.39,2026-07-17,51,MEDIO,2.66,58.1,RECUPERACAO_APOS_QUEDA,"Call Longa, Trava de Alta, Call Debit Spread",62.4,MONITORAR_NO_RTD,Liquidez score 58.1 ≥ 30 — monitorar confirmação via RTD.
BPAC11,BPACW527,PUT,52.19,2026-11-19,176,LONGO,2.34,58.0,RECUPERACAO_APOS_QUEDA,"Call Longa, Trava de Alta, Call Debit Spread",62.4,MONITORAR_NO_RTD,Liquidez score 58.0 ≥ 30 — monitorar confirmação via RTD.
ENEV3,ENEVS265,PUT,26.5,2026-07-17,51,MEDIO,1.23,41.0,PROTECAO_CARTEIRA,"Protective Put, Collar",62.3,MONITORAR_NO_RTD,Liquidez score 41.0 ≥ 30 — monitorar confirmação via RTD.
EGIE3,EGIEG332,CALL,33.25,2026-07-17,51,MEDIO,0.84,41.1,RECUPERACAO_APOS_QUEDA,"Call Longa, Trava de Alta, Call Debit Spread",62.3,MONITORAR_NO_RTD,Liquidez score 41.1 ≥ 30 — monitorar confirmação via RTD.
ENEV3,ENEVR220,PUT,22.0,2026-06-19,23,CURTO,0.14,41.0,PROTECAO_CARTEIRA,"Protective Put, Collar",62.3,MONITORAR_NO_RTD,Liquidez score 41.0 ≥ 30 — monitorar confirmação via RTD.
CMIG4,CMIGI117,CALL,11.79,2026-09-18,114,LONGO,0.82,57.6,RECUPERACAO_APOS_QUEDA,"Call Longa, Trava de Alta, Call Debit Spread",62.3,MONITORAR_NO_RTD,Liquidez score 57.6 ≥ 30 — monitorar confirmação via RTD.
ENEV3,ENEVF295,CALL,29.5,2026-06-19,23,CURTO,0.07,41.0,PROTECAO_CARTEIRA,"Protective Put, Collar",62.3,MONITORAR_NO_RTD,Liquidez score 41.0 ≥ 30 — monitorar confirmação via RTD.
ABEV3,ABEVF151W1,CALL,15.17,2026-06-05,9,CURTO,0.81,41.1,CONTINUACAO_ALTA,"Trava de Alta, Call Debit Spread",62.3,MONITORAR_NO_RTD,Liquidez score 41.1 ≥ 30 — monitorar confirmação via RTD.
ITUB4,ITUBI437,CALL,43.41,2026-09-18,114,LONGO,1.91,57.7,RECUPERACAO_APOS_QUEDA,"Call Longa, Trava de Alta, Call Debit Spread",62.3,MONITORAR_NO_RTD,Liquidez score 57.7 ≥ 30 — monitorar confirmação via RTD.
VALE3,VALEG879,CALL,88.15,2026-07-17,51,MEDIO,1.92,74.5,LATERALIDADE,Monitorar — Iron Condor futuro,62.3,MONITORAR_NO_RTD,Liquidez score 74.5 ≥ 30 — monitorar confirmação via RTD.
SUZB3,SUZBS403,PUT,40.38,2026-07-17,51,MEDIO,0.63,40.9,RECUPERACAO_APOS_QUEDA,"Call Longa, Trava de Alta, Call Debit Spread",62.3,MONITORAR_NO_RTD,Liquidez score 40.9 ≥ 30 — monitorar confirmação via RTD.
PETR4,PETRS392,PUT,38.69,2026-07-17,51,MEDIO,0.4,73.9,CONTINUACAO_BAIXA,"Trava de Baixa, Put Debit Spread",62.2,MONITORAR_NO_RTD,Liquidez score 73.9 ≥ 30 — monitorar confirmação via RTD.
GGBR4,GGBRF163,CALL,16.18,2026-06-19,23,CURTO,7.81,57.2,CONTINUACAO_ALTA,"Trava de Alta, Call Debit Spread",62.2,CANDIDATA_PROXIMO_PREGAO,Liquidez score 57.2 ≥ 50 com vencimento CURTO — candidata para próximo pregão.
ENEV3,ENEVF282,CALL,28.25,2026-06-19,23,CURTO,0.42,40.7,PROTECAO_CARTEIRA,"Protective Put, Collar",62.2,MONITORAR_NO_RTD,Liquidez score 40.7 ≥ 30 — monitorar confirmação via RTD.
ITUB4,ITUBG206,CALL,20.27,2026-07-17,51,MEDIO,18.98,74.0,RECUPERACAO_APOS_QUEDA,"Call Longa, Trava de Alta, Call Debit Spread",62.2,MONITORAR_NO_RTD,Liquidez score 74.0 ≥ 30 — monitorar confirmação via RTD.
ABEV3,ABEVG141,CALL,13.42,2026-07-17,51,MEDIO,2.96,74.1,CONTINUACAO_ALTA,"Trava de Alta, Call Debit Spread",62.2,MONITORAR_NO_RTD,Liquidez score 74.1 ≥ 30 — monitorar confirmação via RTD.
ITUB4,ITUBH41,CALL,41.16,2026-08-21,86,MEDIO,1.85,40.8,RECUPERACAO_APOS_QUEDA,"Call Longa, Trava de Alta, Call Debit Spread",62.2,MONITORAR_NO_RTD,Liquidez score 40.8 ≥ 30 — monitorar confirmação via RTD.
PETR4,PETRQ482W5,PUT,47.71,2026-05-29,2,CURTO,3.37,40.7,CONTINUACAO_BAIXA,"Trava de Baixa, Put Debit Spread",62.2,MONITORAR_NO_RTD,Liquidez score 40.7 ≥ 30 — monitorar confirmação via RTD.
ENEV3,ENEVF300,CALL,30.0,2026-06-19,23,CURTO,0.07,40.6,PROTECAO_CARTEIRA,"Protective Put, Collar",62.2,MONITORAR_NO_RTD,Liquidez score 40.6 ≥ 30 — monitorar confirmação via RTD.
PETR4,PETRF577,CALL,57.19,2026-06-19,23,CURTO,0.04,57.4,CONTINUACAO_BAIXA,"Trava de Baixa, Put Debit Spread",62.2,CANDIDATA_PROXIMO_PREGAO,Liquidez score 57.4 ≥ 50 com vencimento CURTO — candidata para próximo pregão.
BPAC11,BPACR565,PUT,56.55,2026-06-19,23,CURTO,3.2,40.6,RECUPERACAO_APOS_QUEDA,"Call Longa, Trava de Alta, Call Debit Spread",62.2,MONITORAR_NO_RTD,Liquidez score 40.6 ≥ 30 — monitorar confirmação via RTD.
PETR4,PETRQ477W5,PUT,47.21,2026-05-29,2,CURTO,2.95,40.8,CONTINUACAO_BAIXA,"Trava de Baixa, Put Debit Spread",62.2,MONITORAR_NO_RTD,Liquidez score 40.8 ≥ 30 — monitorar confirmação via RTD.
BBAS3,BBASH182,CALL,18.27,2026-08-21,86,MEDIO,3.28,73.9,RECUPERACAO_APOS_QUEDA,"Call Longa, Trava de Alta, Call Debit Spread",62.2,MONITORAR_NO_RTD,Liquidez score 73.9 ≥ 30 — monitorar confirmação via RTD.
ENEV3,ENEVJ310,CALL,31.0,2026-10-16,142,LONGO,1.84,74.0,PROTECAO_CARTEIRA,"Protective Put, Collar",62.2,MONITORAR_NO_RTD,Liquidez score 74.0 ≥ 30 — monitorar confirmação via RTD.
ITUB4,ITUBF396,CALL,35.96,2026-06-19,23,CURTO,4.8,40.2,RECUPERACAO_APOS_QUEDA,"Call Longa, Trava de Alta, Call Debit Spread",62.1,MONITORAR_NO_RTD,Liquidez score 40.2 ≥ 30 — monitorar confirmação via RTD.
CPLE6,CPLEV142,PUT,14.25,2026-10-16,142,LONGO,0.06,40.3,CONTINUACAO_ALTA,"Trava de Alta, Call Debit Spread",62.1,MONITORAR_NO_RTD,Liquidez score 40.3 ≥ 30 — monitorar confirmação via RTD.
WEGE3,WEGER453,PUT,45.28,2026-06-19,23,CURTO,2.55,40.5,RECUPERACAO_APOS_QUEDA,"Call Longa, Trava de Alta, Call Debit Spread",62.1,MONITORAR_NO_RTD,Liquidez score 40.5 ≥ 30 — monitorar confirmação via RTD.
BBDC4,BBDCG111,CALL,10.16,2026-07-17,51,MEDIO,7.5,73.6,RECUPERACAO_APOS_QUEDA,"Call Longa, Trava de Alta, Call Debit Spread",62.1,MONITORAR_NO_RTD,Liquidez score 73.6 ≥ 30 — monitorar confirmação via RTD.
SUZB3,SUZBG441,CALL,44.13,2026-07-17,51,MEDIO,1.23,40.4,RECUPERACAO_APOS_QUEDA,"Call Longa, Trava de Alta, Call Debit Spread",62.1,MONITORAR_NO_RTD,Liquidez score 40.4 ≥ 30 — monitorar confirmação via RTD.
VALE3,VALEE860W5,CALL,86.0,2026-05-29,2,CURTO,0.22,57.0,LATERALIDADE,Monitorar — Iron Condor futuro,62.1,CANDIDATA_PROXIMO_PREGAO,Liquidez score 57.0 ≥ 50 com vencimento CURTO — candidata para próximo pregão.
HAPV3,HAPVF890,CALL,8.9,2026-06-19,23,CURTO,3.36,57.0,CONTINUACAO_BAIXA,"Trava de Baixa, Put Debit Spread",62.1,CANDIDATA_PROXIMO_PREGAO,Liquidez score 57.0 ≥ 50 com vencimento CURTO — candidata para próximo pregão.
WEGE3,WEGEG404,CALL,38.46,2026-07-17,51,MEDIO,4.82,73.6,RECUPERACAO_APOS_QUEDA,"Call Longa, Trava de Alta, Call Debit Spread",62.1,MONITORAR_NO_RTD,Liquidez score 73.6 ≥ 30 — monitorar confirmação via RTD.
BBDC4,BBDCR203,PUT,20.01,2026-06-19,23,CURTO,2.14,56.9,RECUPERACAO_APOS_QUEDA,"Call Longa, Trava de Alta, Call Debit Spread",62.1,CANDIDATA_PROXIMO_PREGAO,Liquidez score 56.9 ≥ 50 com vencimento CURTO — candidata para próximo pregão.
ITUB4,ITUBF445,CALL,44.19,2026-06-19,23,CURTO,0.11,57.1,RECUPERACAO_APOS_QUEDA,"Call Longa, Trava de Alta, Call Debit Spread",62.1,CANDIDATA_PROXIMO_PREGAO,Liquidez score 57.1 ≥ 50 com vencimento CURTO — candidata para próximo pregão.
SUZB3,SUZBR489,PUT,48.92,2026-06-19,23,CURTO,6.5,57.0,RECUPERACAO_APOS_QUEDA,"Call Longa, Trava de Alta, Call Debit Spread",62.1,CANDIDATA_PROXIMO_PREGAO,Liquidez score 57.0 ≥ 50 com vencimento CURTO — candidata para próximo pregão.
PETR4,PETRR612,PUT,60.69,2026-06-19,23,CURTO,14.93,56.7,CONTINUACAO_BAIXA,"Trava de Baixa, Put Debit Spread",62.0,CANDIDATA_PROXIMO_PREGAO,Liquidez score 56.7 ≥ 50 com vencimento CURTO — candidata para próximo pregão.
B3SA3,B3SAR202,PUT,20.22,2026-06-19,23,CURTO,3.16,40.0,RECUPERACAO_APOS_QUEDA,"Call Longa, Trava de Alta, Call Debit Spread",62.0,MONITORAR_NO_RTD,Liquidez score 40.0 ≥ 30 — monitorar confirmação via RTD.
ITUB4,ITUBS432,PUT,43.25,2026-07-17,51,MEDIO,2.81,56.6,RECUPERACAO_APOS_QUEDA,"Call Longa, Trava de Alta, Call Debit Spread",62.0,MONITORAR_NO_RTD,Liquidez score 56.6 ≥ 30 — monitorar confirmação via RTD.
TAEE11,TAEER417,PUT,40.39,2026-06-19,23,CURTO,1.68,39.9,RECUPERACAO_APOS_QUEDA,"Call Longa, Trava de Alta, Call Debit Spread",62.0,MONITORAR_NO_RTD,Liquidez score 39.9 ≥ 30 — monitorar confirmação via RTD.
B3SA3,B3SAR215,PUT,21.47,2026-06-19,23,CURTO,3.24,40.0,RECUPERACAO_APOS_QUEDA,"Call Longa, Trava de Alta, Call Debit Spread",62.0,MONITORAR_NO_RTD,Liquidez score 40.0 ≥ 30 — monitorar confirmação via RTD.
CMIG4,CMIGS125,PUT,10.74,2026-07-17,51,MEDIO,0.13,40.1,RECUPERACAO_APOS_QUEDA,"Call Longa, Trava de Alta, Call Debit Spread",62.0,MONITORAR_NO_RTD,Liquidez score 40.1 ≥ 30 — monitorar confirmação via RTD.
SUZB3,SUZBR484,PUT,48.42,2026-06-19,23,CURTO,5.9,56.5,RECUPERACAO_APOS_QUEDA,"Call Longa, Trava de Alta, Call Debit Spread",62.0,CANDIDATA_PROXIMO_PREGAO,Liquidez score 56.5 ≥ 50 com vencimento CURTO — candidata para próximo pregão.
BBAS3,BBASD213,CALL,21.3,2027-04-16,324,EXTRA_LONGO,3.31,56.7,RECUPERACAO_APOS_QUEDA,"Call Longa, Trava de Alta, Call Debit Spread",62.0,MONITORAR_NO_RTD,Liquidez score 56.7 ≥ 30 — monitorar confirmação via RTD.
WEGE3,WEGEG440W2,CALL,44.03,2026-07-10,44,MEDIO,0.91,39.9,RECUPERACAO_APOS_QUEDA,"Call Longa, Trava de Alta, Call Debit Spread",62.0,MONITORAR_NO_RTD,Liquidez score 39.9 ≥ 30 — monitorar confirmação via RTD.
PETR4,PETRR394,PUT,38.94,2026-06-19,23,CURTO,0.19,56.8,CONTINUACAO_BAIXA,"Trava de Baixa, Put Debit Spread",62.0,CANDIDATA_PROXIMO_PREGAO,Liquidez score 56.8 ≥ 50 com vencimento CURTO — candidata para próximo pregão.
ABEV3,ABEVF146W1,CALL,14.67,2026-06-05,9,CURTO,1.91,40.1,CONTINUACAO_ALTA,"Trava de Alta, Call Debit Spread",62.0,MONITORAR_NO_RTD,Liquidez score 40.1 ≥ 30 — monitorar confirmação via RTD.
PETR4,PETRF100,CALL,10.03,2026-06-19,23,CURTO,39.04,56.5,CONTINUACAO_BAIXA,"Trava de Baixa, Put Debit Spread",62.0,CANDIDATA_PROXIMO_PREGAO,Liquidez score 56.5 ≥ 50 com vencimento CURTO — candidata para próximo pregão.
PETR4,PETRS407,PUT,40.19,2026-07-17,51,MEDIO,0.63,73.5,CONTINUACAO_BAIXA,"Trava de Baixa, Put Debit Spread",62.0,MONITORAR_NO_RTD,Liquidez score 73.5 ≥ 30 — monitorar confirmação via RTD.
B3SA3,B3SAF148,CALL,14.47,2026-06-19,23,CURTO,2.42,39.9,RECUPERACAO_APOS_QUEDA,"Call Longa, Trava de Alta, Call Debit Spread",62.0,MONITORAR_NO_RTD,Liquidez score 39.9 ≥ 30 — monitorar confirmação via RTD.
PRIO3,PRIOR625W4,PUT,62.5,2026-06-26,30,CURTO,0.33,56.5,LATERALIDADE,Monitorar — Iron Condor futuro,62.0,CANDIDATA_PROXIMO_PREGAO,Liquidez score 56.5 ≥ 50 com vencimento CURTO — candidata para próximo pregão.
CMIG4,CMIGR142,PUT,12.49,2026-06-19,23,CURTO,1.05,56.4,RECUPERACAO_APOS_QUEDA,"Call Longa, Trava de Alta, Call Debit Spread",61.9,CANDIDATA_PROXIMO_PREGAO,Liquidez score 56.4 ≥ 50 com vencimento CURTO — candidata para próximo pregão.
PETR4,PETRV512,PUT,44.88,2026-10-16,142,LONGO,2.8,39.8,CONTINUACAO_BAIXA,"Trava de Baixa, Put Debit Spread",61.9,MONITORAR_NO_RTD,Liquidez score 39.8 ≥ 30 — monitorar confirmação via RTD.
RENT3,RENTR446,PUT,44.62,2026-06-19,23,CURTO,2.48,39.5,RECUPERACAO_APOS_QUEDA,"Call Longa, Trava de Alta, Call Debit Spread",61.9,MONITORAR_NO_RTD,Liquidez score 39.5 ≥ 30 — monitorar confirmação via RTD.
VALE3,VALEF68,CALL,63.18,2026-06-19,23,CURTO,18.25,89.6,LATERALIDADE,Monitorar — Iron Condor futuro,61.9,CANDIDATA_PROXIMO_PREGAO,Liquidez score 89.6 ≥ 50 com vencimento CURTO — candidata para próximo pregão.
PRIO3,PRIOR710,PUT,71.0,2026-06-19,23,CURTO,4.24,73.0,LATERALIDADE,Monitorar — Iron Condor futuro,61.9,CANDIDATA_PROXIMO_PREGAO,Liquidez score 73.0 ≥ 50 com vencimento CURTO — candidata para próximo pregão.
PETR4,PETRR532,PUT,52.69,2026-06-19,23,CURTO,8.02,56.3,CONTINUACAO_BAIXA,"Trava de Baixa, Put Debit Spread",61.9,CANDIDATA_PROXIMO_PREGAO,Liquidez score 56.3 ≥ 50 com vencimento CURTO — candidata para próximo pregão.
PETR4,PETRI377,CALL,37.19,2026-09-18,114,LONGO,12.98,89.3,CONTINUACAO_BAIXA,"Trava de Baixa, Put Debit Spread",61.8,MONITORAR_NO_RTD,Liquidez score 89.3 ≥ 30 — monitorar confirmação via RTD.
B3SA3,B3SAG209,CALL,20.89,2026-07-17,51,MEDIO,0.08,56.0,RECUPERACAO_APOS_QUEDA,"Call Longa, Trava de Alta, Call Debit Spread",61.8,MONITORAR_NO_RTD,Liquidez score 56.0 ≥ 30 — monitorar confirmação via RTD.
PETR4,PETRH339,CALL,33.44,2026-08-21,86,MEDIO,12.5,72.8,CONTINUACAO_BAIXA,"Trava de Baixa, Put Debit Spread",61.8,MONITORAR_NO_RTD,Liquidez score 72.8 ≥ 30 — monitorar confirmação via RTD.
PETR4,PETRR475W2,PUT,46.96,2026-06-12,16,CURTO,3.0,39.4,CONTINUACAO_BAIXA,"Trava de Baixa, Put Debit Spread",61.8,MONITORAR_NO_RTD,Liquidez score 39.4 ≥ 30 — monitorar confirmação via RTD.
GGBR4,GGBRS257,PUT,25.6,2026-07-17,51,MEDIO,1.81,55.9,CONTINUACAO_ALTA,"Trava de Alta, Call Debit Spread",61.8,MONITORAR_NO_RTD,Liquidez score 55.9 ≥ 30 — monitorar confirmação via RTD.
BPAC11,BPACG676,CALL,67.69,2026-07-17,51,MEDIO,0.13,72.8,RECUPERACAO_APOS_QUEDA,"Call Longa, Trava de Alta, Call Debit Spread",61.8,MONITORAR_NO_RTD,Liquidez score 72.8 ≥ 30 — monitorar confirmação via RTD.
VALE3,VALER900W1,PUT,90.0,2026-06-05,9,CURTO,7.66,72.7,LATERALIDADE,Monitorar — Iron Condor futuro,61.8,CANDIDATA_PROXIMO_PREGAO,Liquidez score 72.7 ≥ 50 com vencimento CURTO — candidata para próximo pregão.
PETR4,PETRR602,PUT,59.69,2026-06-19,23,CURTO,14.51,55.9,CONTINUACAO_BAIXA,"Trava de Baixa, Put Debit Spread",61.8,CANDIDATA_PROXIMO_PREGAO,Liquidez score 55.9 ≥ 50 com vencimento CURTO — candidata para próximo pregão.
SUZB3,SUZBR446,PUT,44.67,2026-06-19,23,CURTO,2.67,39.3,RECUPERACAO_APOS_QUEDA,"Call Longa, Trava de Alta, Call Debit Spread",61.8,MONITORAR_NO_RTD,Liquidez score 39.3 ≥ 30 — monitorar confirmação via RTD.
PRIO3,PRIOR730,PUT,73.0,2026-06-19,23,CURTO,5.68,72.7,LATERALIDADE,Monitorar — Iron Condor futuro,61.8,CANDIDATA_PROXIMO_PREGAO,Liquidez score 72.7 ≥ 50 com vencimento CURTO — candidata para próximo pregão.
BBDC4,BBDCF13,CALL,13.26,2026-06-19,23,CURTO,4.78,55.7,RECUPERACAO_APOS_QUEDA,"Call Longa, Trava de Alta, Call Debit Spread",61.7,CANDIDATA_PROXIMO_PREGAO,Liquidez score 55.7 ≥ 50 com vencimento CURTO — candidata para próximo pregão.
PETR4,PETRG485,CALL,47.96,2026-07-17,51,MEDIO,4.36,39.1,CONTINUACAO_BAIXA,"Trava de Baixa, Put Debit Spread",61.7,MONITORAR_NO_RTD,Liquidez score 39.1 ≥ 30 — monitorar confirmação via RTD.
RADL3,RADLF176,CALL,17.62,2026-06-19,23,CURTO,1.1,39.0,CONTINUACAO_BAIXA,"Trava de Baixa, Put Debit Spread",61.7,MONITORAR_NO_RTD,Liquidez score 39.0 ≥ 30 — monitorar confirmação via RTD.
BBAS3,BBASW205,PUT,20.52,2026-11-19,176,LONGO,1.3,55.6,RECUPERACAO_APOS_QUEDA,"Call Longa, Trava de Alta, Call Debit Spread",61.7,MONITORAR_NO_RTD,Liquidez score 55.6 ≥ 30 — monitorar confirmação via RTD.
PETR4,PETRG310,CALL,29.69,2026-07-17,51,MEDIO,15.15,72.2,CONTINUACAO_BAIXA,"Trava de Baixa, Put Debit Spread",61.7,MONITORAR_NO_RTD,Liquidez score 72.2 ≥ 30 — monitorar confirmação via RTD.
B3SA3,B3SAL127,CALL,12.7,2026-12-18,205,EXTRA_LONGO,5.93,88.9,RECUPERACAO_APOS_QUEDA,"Call Longa, Trava de Alta, Call Debit Spread",61.7,MONITORAR_NO_RTD,Liquidez score 88.9 ≥ 30 — monitorar confirmação via RTD.
PETR4,PETRS489,PUT,48.44,2026-07-17,51,MEDIO,4.41,55.6,CONTINUACAO_BAIXA,"Trava de Baixa, Put Debit Spread",61.7,MONITORAR_NO_RTD,Liquidez score 55.6 ≥ 30 — monitorar confirmação via RTD.
SUZB3,SUZBS433,PUT,43.38,2026-07-17,51,MEDIO,1.72,55.8,RECUPERACAO_APOS_QUEDA,"Call Longa, Trava de Alta, Call Debit Spread",61.7,MONITORAR_NO_RTD,Liquidez score 55.8 ≥ 30 — monitorar confirmação via RTD.
VALE3,VALER716,PUT,71.68,2026-06-19,23,CURTO,0.12,89.0,LATERALIDADE,Monitorar — Iron Condor futuro,61.7,CANDIDATA_PROXIMO_PREGAO,Liquidez score 89.0 ≥ 50 com vencimento CURTO — candidata para próximo pregão.
PETR4,PETRF284,CALL,27.94,2026-06-19,23,CURTO,18.25,55.6,CONTINUACAO_BAIXA,"Trava de Baixa, Put Debit Spread",61.7,CANDIDATA_PROXIMO_PREGAO,Liquidez score 55.6 ≥ 50 com vencimento CURTO — candidata para próximo pregão.
RENT3,RENTF526W1,CALL,52.62,2026-06-05,9,CURTO,0.05,55.5,RECUPERACAO_APOS_QUEDA,"Call Longa, Trava de Alta, Call Debit Spread",61.6,CANDIDATA_PROXIMO_PREGAO,Liquidez score 55.5 ≥ 50 com vencimento CURTO — candidata para próximo pregão.
RENT3,RENTR560,PUT,55.62,2026-06-19,23,CURTO,8.33,55.3,RECUPERACAO_APOS_QUEDA,"Call Longa, Trava de Alta, Call Debit Spread",61.6,CANDIDATA_PROXIMO_PREGAO,Liquidez score 55.3 ≥ 50 com vencimento CURTO — candidata para próximo pregão.
PETR4,PETRF530,CALL,52.46,2026-06-19,23,CURTO,1.26,55.4,CONTINUACAO_BAIXA,"Trava de Baixa, Put Debit Spread",61.6,CANDIDATA_PROXIMO_PREGAO,Liquidez score 55.4 ≥ 50 com vencimento CURTO — candidata para próximo pregão.
BPAC11,BPACH645,CALL,64.52,2026-08-21,86,MEDIO,1.87,72.0,RECUPERACAO_APOS_QUEDA,"Call Longa, Trava de Alta, Call Debit Spread",61.6,MONITORAR_NO_RTD,Liquidez score 72.0 ≥ 30 — monitorar confirmação via RTD.
PRIO3,PRIOF760,CALL,76.0,2026-06-19,23,CURTO,1.0,55.2,LATERALIDADE,Monitorar — Iron Condor futuro,61.6,CANDIDATA_PROXIMO_PREGAO,Liquidez score 55.2 ≥ 50 com vencimento CURTO — candidata para próximo pregão.
RENT3,RENTT545,PUT,54.57,2026-08-21,86,MEDIO,9.55,72.0,RECUPERACAO_APOS_QUEDA,"Call Longa, Trava de Alta, Call Debit Spread",61.6,MONITORAR_NO_RTD,Liquidez score 72.0 ≥ 30 — monitorar confirmação via RTD.
TAEE11,TAEER440,PUT,42.64,2026-06-19,23,CURTO,3.41,38.7,RECUPERACAO_APOS_QUEDA,"Call Longa, Trava de Alta, Call Debit Spread",61.6,MONITORAR_NO_RTD,Liquidez score 38.7 ≥ 30 — monitorar confirmação via RTD.
ITUB4,ITUBQ403W5,PUT,40.36,2026-05-29,2,CURTO,0.92,38.8,RECUPERACAO_APOS_QUEDA,"Call Longa, Trava de Alta, Call Debit Spread",61.6,MONITORAR_NO_RTD,Liquidez score 38.8 ≥ 30 — monitorar confirmação via RTD.
BPAC11,BPACG596,CALL,59.69,2026-07-17,51,MEDIO,1.08,38.8,RECUPERACAO_APOS_QUEDA,"Call Longa, Trava de Alta, Call Debit Spread",61.6,MONITORAR_NO_RTD,Liquidez score 38.8 ≥ 30 — monitorar confirmação via RTD.
SUZB3,SUZBG408,CALL,40.88,2026-07-17,51,MEDIO,2.81,55.4,RECUPERACAO_APOS_QUEDA,"Call Longa, Trava de Alta, Call Debit Spread",61.6,MONITORAR_NO_RTD,Liquidez score 55.4 ≥ 30 — monitorar confirmação via RTD.
BBDC4,BBDCU201,PUT,19.16,2026-09-18,114,LONGO,1.28,72.0,RECUPERACAO_APOS_QUEDA,"Call Longa, Trava de Alta, Call Debit Spread",61.6,MONITORAR_NO_RTD,Liquidez score 72.0 ≥ 30 — monitorar confirmação via RTD.
RENT3,RENTS495,PUT,49.57,2026-07-17,51,MEDIO,5.97,72.0,RECUPERACAO_APOS_QUEDA,"Call Longa, Trava de Alta, Call Debit Spread",61.6,MONITORAR_NO_RTD,Liquidez score 72.0 ≥ 30 — monitorar confirmação via RTD.
ITUB4,ITUBH410W1,CALL,41.0,2026-08-07,72,MEDIO,1.79,38.7,RECUPERACAO_APOS_QUEDA,"Call Longa, Trava de Alta, Call Debit Spread",61.6,MONITORAR_NO_RTD,Liquidez score 38.7 ≥ 30 — monitorar confirmação via RTD.
B3SA3,B3SAG146,CALL,14.64,2026-07-17,51,MEDIO,2.49,55.1,RECUPERACAO_APOS_QUEDA,"Call Longa, Trava de Alta, Call Debit Spread",61.5,MONITORAR_NO_RTD,Liquidez score 55.1 ≥ 30 — monitorar confirmação via RTD.
PETR4,PETRR404,PUT,39.94,2026-06-19,23,CURTO,0.29,55.1,CONTINUACAO_BAIXA,"Trava de Baixa, Put Debit Spread",61.5,CANDIDATA_PROXIMO_PREGAO,Liquidez score 55.1 ≥ 50 com vencimento CURTO — candidata para próximo pregão.
B3SA3,B3SAF908,CALL,9.02,2026-06-19,23,CURTO,7.8,38.2,RECUPERACAO_APOS_QUEDA,"Call Longa, Trava de Alta, Call Debit Spread",61.5,MONITORAR_NO_RTD,Liquidez score 38.2 ≥ 30 — monitorar confirmação via RTD.
WEGE3,WEGEL467,CALL,45.04,2026-12-18,205,EXTRA_LONGO,8.24,71.5,RECUPERACAO_APOS_QUEDA,"Call Longa, Trava de Alta, Call Debit Spread",61.5,MONITORAR_NO_RTD,Liquidez score 71.5 ≥ 30 — monitorar confirmação via RTD.
PETR4,PETRG250,CALL,23.69,2026-07-17,51,MEDIO,22.45,71.8,CONTINUACAO_BAIXA,"Trava de Baixa, Put Debit Spread",61.5,MONITORAR_NO_RTD,Liquidez score 71.8 ≥ 30 — monitorar confirmação via RTD.
RADL3,RADLR196,PUT,19.62,2026-06-19,23,CURTO,1.55,38.4,CONTINUACAO_BAIXA,"Trava de Baixa, Put Debit Spread",61.5,MONITORAR_NO_RTD,Liquidez score 38.4 ≥ 30 — monitorar confirmação via RTD.
PETR4,PETRF415W1,CALL,40.96,2026-06-05,9,CURTO,3.62,38.4,CONTINUACAO_BAIXA,"Trava de Baixa, Put Debit Spread",61.5,MONITORAR_NO_RTD,Liquidez score 38.4 ≥ 30 — monitorar confirmação via RTD.
PETR4,PETRI527,CALL,52.19,2026-09-18,114,LONGO,2.25,88.3,CONTINUACAO_BAIXA,"Trava de Baixa, Put Debit Spread",61.5,MONITORAR_NO_RTD,Liquidez score 88.3 ≥ 30 — monitorar confirmação via RTD.
BPAC11,BPACR625,PUT,62.55,2026-06-19,23,CURTO,8.36,54.9,RECUPERACAO_APOS_QUEDA,"Call Longa, Trava de Alta, Call Debit Spread",61.5,CANDIDATA_PROXIMO_PREGAO,Liquidez score 54.9 ≥ 50 com vencimento CURTO — candidata para próximo pregão.
PRIO3,PRIOF665,CALL,66.5,2026-06-19,23,CURTO,4.59,71.8,LATERALIDADE,Monitorar — Iron Condor futuro,61.5,CANDIDATA_PROXIMO_PREGAO,Liquidez score 71.8 ≥ 50 com vencimento CURTO — candidata para próximo pregão.
RENT3,RENTF428,CALL,42.37,2026-06-19,23,CURTO,3.12,38.2,RECUPERACAO_APOS_QUEDA,"Call Longa, Trava de Alta, Call Debit Spread",61.5,MONITORAR_NO_RTD,Liquidez score 38.2 ≥ 30 — monitorar confirmação via RTD.
ITUB4,ITUBF479,CALL,48.03,2026-06-19,23,CURTO,2.94,55.0,RECUPERACAO_APOS_QUEDA,"Call Longa, Trava de Alta, Call Debit Spread",61.5,CANDIDATA_PROXIMO_PREGAO,Liquidez score 55.0 ≥ 50 com vencimento CURTO — candidata para próximo pregão.
VALE3,VALER119,PUT,119.68,2026-06-19,23,CURTO,28.6,88.0,LATERALIDADE,Monitorar — Iron Condor futuro,61.4,CANDIDATA_PROXIMO_PREGAO,Liquidez score 88.0 ≥ 50 com vencimento CURTO — candidata para próximo pregão.
B3SA3,B3SAR212,PUT,21.22,2026-06-19,23,CURTO,4.4,38.0,RECUPERACAO_APOS_QUEDA,"Call Longa, Trava de Alta, Call Debit Spread",61.4,MONITORAR_NO_RTD,Liquidez score 38.0 ≥ 30 — monitorar confirmação via RTD.
RENT3,RENTS510,PUT,51.07,2026-07-17,51,MEDIO,7.24,71.2,RECUPERACAO_APOS_QUEDA,"Call Longa, Trava de Alta, Call Debit Spread",61.4,MONITORAR_NO_RTD,Liquidez score 71.2 ≥ 30 — monitorar confirmação via RTD.
PRIO3,PRIOF550,CALL,55.0,2026-06-19,23,CURTO,14.1,88.0,LATERALIDADE,Monitorar — Iron Condor futuro,61.4,CANDIDATA_PROXIMO_PREGAO,Liquidez score 88.0 ≥ 50 com vencimento CURTO — candidata para próximo pregão.
WEGE3,WEGEH370,CALL,36.96,2026-08-21,86,MEDIO,8.56,71.3,RECUPERACAO_APOS_QUEDA,"Call Longa, Trava de Alta, Call Debit Spread",61.4,MONITORAR_NO_RTD,Liquidez score 71.3 ≥ 30 — monitorar confirmação via RTD.
BBDC4,BBDCR231W1,PUT,23.16,2026-06-05,9,CURTO,5.26,54.7,RECUPERACAO_APOS_QUEDA,"Call Longa, Trava de Alta, Call Debit Spread",61.4,CANDIDATA_PROXIMO_PREGAO,Liquidez score 54.7 ≥ 50 com vencimento CURTO — candidata para próximo pregão.
BPAC11,BPACG565W2,CALL,56.55,2026-07-10,44,MEDIO,1.82,38.1,RECUPERACAO_APOS_QUEDA,"Call Longa, Trava de Alta, Call Debit Spread",61.4,MONITORAR_NO_RTD,Liquidez score 38.1 ≥ 30 — monitorar confirmação via RTD.
PETR4,PETRG315,CALL,30.19,2026-07-17,51,MEDIO,14.78,71.2,CONTINUACAO_BAIXA,"Trava de Baixa, Put Debit Spread",61.4,MONITORAR_NO_RTD,Liquidez score 71.2 ≥ 30 — monitorar confirmação via RTD.
RENT3,RENTF400,CALL,39.62,2026-06-19,23,CURTO,5.45,37.9,RECUPERACAO_APOS_QUEDA,"Call Longa, Trava de Alta, Call Debit Spread",61.4,MONITORAR_NO_RTD,Liquidez score 37.9 ≥ 30 — monitorar confirmação via RTD.
BBDC4,BBDCR155,PUT,14.99,2026-06-19,23,CURTO,0.21,54.6,RECUPERACAO_APOS_QUEDA,"Call Longa, Trava de Alta, Call Debit Spread",61.4,CANDIDATA_PROXIMO_PREGAO,Liquidez score 54.6 ≥ 50 com vencimento CURTO — candidata para próximo pregão.
PETR4,PETRJ367,CALL,30.92,2026-10-16,142,LONGO,18.51,88.1,CONTINUACAO_BAIXA,"Trava de Baixa, Put Debit Spread",61.4,MONITORAR_NO_RTD,Liquidez score 88.1 ≥ 30 — monitorar confirmação via RTD.
WEGE3,WEGEF415,CALL,41.53,2026-06-19,23,CURTO,2.44,37.7,RECUPERACAO_APOS_QUEDA,"Call Longa, Trava de Alta, Call Debit Spread",61.3,MONITORAR_NO_RTD,Liquidez score 37.7 ≥ 30 — monitorar confirmação via RTD.
CMIG4,CMIGG137,CALL,11.99,2026-07-17,51,MEDIO,0.2,37.6,RECUPERACAO_APOS_QUEDA,"Call Longa, Trava de Alta, Call Debit Spread",61.3,MONITORAR_NO_RTD,Liquidez score 37.6 ≥ 30 — monitorar confirmação via RTD.
VALE3,VALEF831,CALL,78.18,2026-06-19,23,CURTO,6.05,70.9,LATERALIDADE,Monitorar — Iron Condor futuro,61.3,CANDIDATA_PROXIMO_PREGAO,Liquidez score 70.9 ≥ 50 com vencimento CURTO — candidata para próximo pregão.
PETR4,PETRG307,CALL,29.44,2026-07-17,51,MEDIO,16.35,71.0,CONTINUACAO_BAIXA,"Trava de Baixa, Put Debit Spread",61.3,MONITORAR_NO_RTD,Liquidez score 71.0 ≥ 30 — monitorar confirmação via RTD.
PETR4,PETRF535,CALL,52.96,2026-06-19,23,CURTO,1.03,54.4,CONTINUACAO_BAIXA,"Trava de Baixa, Put Debit Spread",61.3,CANDIDATA_PROXIMO_PREGAO,Liquidez score 54.4 ≥ 50 com vencimento CURTO — candidata para próximo pregão.
ITUB4,ITUBR455,PUT,45.19,2026-06-19,23,CURTO,5.23,54.2,RECUPERACAO_APOS_QUEDA,"Call Longa, Trava de Alta, Call Debit Spread",61.3,CANDIDATA_PROXIMO_PREGAO,Liquidez score 54.2 ≥ 50 com vencimento CURTO — candidata para próximo pregão.
RENT3,RENTS560,PUT,55.57,2026-07-17,51,MEDIO,4.82,71.0,RECUPERACAO_APOS_QUEDA,"Call Longa, Trava de Alta, Call Debit Spread",61.3,MONITORAR_NO_RTD,Liquidez score 71.0 ≥ 30 — monitorar confirmação via RTD.
BBDC4,BBDCR210,PUT,20.76,2026-06-19,23,CURTO,2.92,54.3,RECUPERACAO_APOS_QUEDA,"Call Longa, Trava de Alta, Call Debit Spread",61.3,CANDIDATA_PROXIMO_PREGAO,Liquidez score 54.3 ≥ 50 com vencimento CURTO — candidata para próximo pregão.
ITUB4,ITUBS417,PUT,41.5,2026-07-17,51,MEDIO,2.21,54.5,RECUPERACAO_APOS_QUEDA,"Call Longa, Trava de Alta, Call Debit Spread",61.3,MONITORAR_NO_RTD,Liquidez score 54.5 ≥ 30 — monitorar confirmação via RTD.
WEGE3,WEGES412,PUT,41.21,2026-07-17,51,MEDIO,1.06,37.3,RECUPERACAO_APOS_QUEDA,"Call Longa, Trava de Alta, Call Debit Spread",61.2,MONITORAR_NO_RTD,Liquidez score 37.3 ≥ 30 — monitorar confirmação via RTD.
VALE3,VALEQ900W5,PUT,90.0,2026-05-29,2,CURTO,6.74,70.7,LATERALIDADE,Monitorar — Iron Condor futuro,61.2,CANDIDATA_PROXIMO_PREGAO,Liquidez score 70.7 ≥ 50 com vencimento CURTO — candidata para próximo pregão.
BBAS3,BBAST197,PUT,19.77,2026-08-21,86,MEDIO,0.47,37.3,RECUPERACAO_APOS_QUEDA,"Call Longa, Trava de Alta, Call Debit Spread",61.2,MONITORAR_NO_RTD,Liquidez score 37.3 ≥ 30 — monitorar confirmação via RTD.
WEGE3,WEGES429,PUT,40.96,2026-07-17,51,MEDIO,0.88,37.2,RECUPERACAO_APOS_QUEDA,"Call Longa, Trava de Alta, Call Debit Spread",61.2,MONITORAR_NO_RTD,Liquidez score 37.2 ≥ 30 — monitorar confirmação via RTD.
BPAC11,BPACF515,CALL,51.55,2026-06-19,23,CURTO,3.58,37.5,RECUPERACAO_APOS_QUEDA,"Call Longa, Trava de Alta, Call Debit Spread",61.2,MONITORAR_NO_RTD,Liquidez score 37.5 ≥ 30 — monitorar confirmação via RTD.
PETR4,PETRU454,PUT,44.94,2026-09-18,114,LONGO,2.21,37.2,CONTINUACAO_BAIXA,"Trava de Baixa, Put Debit Spread",61.2,MONITORAR_NO_RTD,Liquidez score 37.2 ≥ 30 — monitorar confirmação via RTD.
HAPV3,HAPVF107,CALL,10.75,2026-06-19,23,CURTO,1.64,53.9,CONTINUACAO_BAIXA,"Trava de Baixa, Put Debit Spread",61.2,CANDIDATA_PROXIMO_PREGAO,Liquidez score 53.9 ≥ 50 com vencimento CURTO — candidata para próximo pregão.
ABEV3,ABEVU175,PUT,17.59,2026-09-18,114,LONGO,1.38,70.7,CONTINUACAO_ALTA,"Trava de Alta, Call Debit Spread",61.2,MONITORAR_NO_RTD,Liquidez score 70.7 ≥ 30 — monitorar confirmação via RTD.
WEGE3,WEGEH470,CALL,46.96,2026-08-21,86,MEDIO,1.3,37.3,RECUPERACAO_APOS_QUEDA,"Call Longa, Trava de Alta, Call Debit Spread",61.2,MONITORAR_NO_RTD,Liquidez score 37.3 ≥ 30 — monitorar confirmação via RTD.
PRIO3,PRIOF680W2,CALL,68.0,2026-06-12,16,CURTO,2.35,37.2,LATERALIDADE,Monitorar — Iron Condor futuro,61.2,MONITORAR_NO_RTD,Liquidez score 37.2 ≥ 30 — monitorar confirmação via RTD.
BBAS3,BBASR25,PUT,25.1,2026-06-19,23,CURTO,3.93,54.0,RECUPERACAO_APOS_QUEDA,"Call Longa, Trava de Alta, Call Debit Spread",61.2,CANDIDATA_PROXIMO_PREGAO,Liquidez score 54.0 ≥ 50 com vencimento CURTO — candidata para próximo pregão.
B3SA3,B3SAP193,PUT,19.3,2027-04-16,324,EXTRA_LONGO,2.47,87.5,RECUPERACAO_APOS_QUEDA,"Call Longa, Trava de Alta, Call Debit Spread",61.2,MONITORAR_NO_RTD,Liquidez score 87.5 ≥ 30 — monitorar confirmação via RTD.
SUZB3,SUZBS393,PUT,39.38,2026-07-17,51,MEDIO,0.39,37.5,RECUPERACAO_APOS_QUEDA,"Call Longa, Trava de Alta, Call Debit Spread",61.2,MONITORAR_NO_RTD,Liquidez score 37.5 ≥ 30 — monitorar confirmação via RTD.
BPAC11,BPACR640,PUT,64.05,2026-06-19,23,CURTO,9.57,53.9,RECUPERACAO_APOS_QUEDA,"Call Longa, Trava de Alta, Call Debit Spread",61.2,CANDIDATA_PROXIMO_PREGAO,Liquidez score 53.9 ≥ 50 com vencimento CURTO — candidata para próximo pregão.
ABEV3,ABEVU148,PUT,14.84,2026-09-18,114,LONGO,0.25,54.0,CONTINUACAO_ALTA,"Trava de Alta, Call Debit Spread",61.2,MONITORAR_NO_RTD,Liquidez score 54.0 ≥ 30 — monitorar confirmação via RTD.
B3SA3,B3SAS198,PUT,19.89,2026-07-17,51,MEDIO,2.96,53.7,RECUPERACAO_APOS_QUEDA,"Call Longa, Trava de Alta, Call Debit Spread",61.1,MONITORAR_NO_RTD,Liquidez score 53.7 ≥ 30 — monitorar confirmação via RTD.
TAEE11,TAEER415,PUT,40.14,2026-06-19,23,CURTO,1.53,37.1,RECUPERACAO_APOS_QUEDA,"Call Longa, Trava de Alta, Call Debit Spread",61.1,MONITORAR_NO_RTD,Liquidez score 37.1 ≥ 30 — monitorar confirmação via RTD.
PRIO3,PRIOG710,CALL,71.0,2026-07-17,51,MEDIO,3.59,70.4,LATERALIDADE,Monitorar — Iron Condor futuro,61.1,MONITORAR_NO_RTD,Liquidez score 70.4 ≥ 30 — monitorar confirmação via RTD.
HAPV3,HAPVG125,CALL,12.5,2026-07-17,51,MEDIO,1.01,36.9,CONTINUACAO_BAIXA,"Trava de Baixa, Put Debit Spread",61.1,MONITORAR_NO_RTD,Liquidez score 36.9 ≥ 30 — monitorar confirmação via RTD.
CMIG4,CMIGG127,CALL,10.99,2026-07-17,51,MEDIO,0.65,53.6,RECUPERACAO_APOS_QUEDA,"Call Longa, Trava de Alta, Call Debit Spread",61.1,MONITORAR_NO_RTD,Liquidez score 53.6 ≥ 30 — monitorar confirmação via RTD.
BBDC4,BBDCL189,CALL,18.64,2026-12-18,205,EXTRA_LONGO,1.91,70.3,RECUPERACAO_APOS_QUEDA,"Call Longa, Trava de Alta, Call Debit Spread",61.1,MONITORAR_NO_RTD,Liquidez score 70.3 ≥ 30 — monitorar confirmação via RTD.
WEGE3,WEGEX432,PUT,41.46,2026-12-18,205,EXTRA_LONGO,2.07,70.3,RECUPERACAO_APOS_QUEDA,"Call Longa, Trava de Alta, Call Debit Spread",61.1,MONITORAR_NO_RTD,Liquidez score 70.3 ≥ 30 — monitorar confirmação via RTD.
BBAS3,BBASR326,PUT,32.6,2026-06-19,23,CURTO,11.63,53.6,RECUPERACAO_APOS_QUEDA,"Call Longa, Trava de Alta, Call Debit Spread",61.1,CANDIDATA_PROXIMO_PREGAO,Liquidez score 53.6 ≥ 50 com vencimento CURTO — candidata para próximo pregão.
ABEV3,ABEVE154W5,CALL,15.42,2026-05-29,2,CURTO,0.79,36.9,CONTINUACAO_ALTA,"Trava de Alta, Call Debit Spread",61.1,MONITORAR_NO_RTD,Liquidez score 36.9 ≥ 30 — monitorar confirmação via RTD.
PETR4,PETRR567,PUT,56.19,2026-06-19,23,CURTO,11.82,53.7,CONTINUACAO_BAIXA,"Trava de Baixa, Put Debit Spread",61.1,CANDIDATA_PROXIMO_PREGAO,Liquidez score 53.7 ≥ 50 com vencimento CURTO — candidata para próximo pregão.
GGBR4,GGBRF221,CALL,21.93,2026-06-19,23,CURTO,2.16,37.0,CONTINUACAO_ALTA,"Trava de Alta, Call Debit Spread",61.1,MONITORAR_NO_RTD,Liquidez score 37.0 ≥ 30 — monitorar confirmação via RTD.
ENEV3,ENEVF185,CALL,18.5,2026-06-19,23,CURTO,8.67,36.8,PROTECAO_CARTEIRA,"Protective Put, Collar",61.0,MONITORAR_NO_RTD,Liquidez score 36.8 ≥ 30 — monitorar confirmação via RTD.
BBAS3,BBASG203W2,CALL,20.35,2026-07-10,44,MEDIO,0.98,53.3,RECUPERACAO_APOS_QUEDA,"Call Longa, Trava de Alta, Call Debit Spread",61.0,MONITORAR_NO_RTD,Liquidez score 53.3 ≥ 30 — monitorar confirmação via RTD.
BBAS3,BBASS29,PUT,29.51,2026-07-17,51,MEDIO,6.78,70.0,RECUPERACAO_APOS_QUEDA,"Call Longa, Trava de Alta, Call Debit Spread",61.0,MONITORAR_NO_RTD,Liquidez score 70.0 ≥ 30 — monitorar confirmação via RTD.
WEGE3,WEGEG417,CALL,41.71,2026-07-17,51,MEDIO,2.99,53.5,RECUPERACAO_APOS_QUEDA,"Call Longa, Trava de Alta, Call Debit Spread",61.0,MONITORAR_NO_RTD,Liquidez score 53.5 ≥ 30 — monitorar confirmação via RTD.
WEGE3,WEGET520,PUT,51.96,2026-08-21,86,MEDIO,7.14,70.0,RECUPERACAO_APOS_QUEDA,"Call Longa, Trava de Alta, Call Debit Spread",61.0,MONITORAR_NO_RTD,Liquidez score 70.0 ≥ 30 — monitorar confirmação via RTD.
HAPV3,HAPVR197,PUT,19.75,2026-06-19,23,CURTO,7.03,53.3,CONTINUACAO_BAIXA,"Trava de Baixa, Put Debit Spread",61.0,CANDIDATA_PROXIMO_PREGAO,Liquidez score 53.3 ≥ 50 com vencimento CURTO — candidata para próximo pregão.
WEGE3,WEGEK436,CALL,43.53,2026-11-19,176,LONGO,6.0,36.8,RECUPERACAO_APOS_QUEDA,"Call Longa, Trava de Alta, Call Debit Spread",61.0,MONITORAR_NO_RTD,Liquidez score 36.8 ≥ 30 — monitorar confirmação via RTD.
B3SA3,B3SAR192,PUT,19.22,2026-06-19,23,CURTO,2.44,36.8,RECUPERACAO_APOS_QUEDA,"Call Longa, Trava de Alta, Call Debit Spread",61.0,MONITORAR_NO_RTD,Liquidez score 36.8 ≥ 30 — monitorar confirmação via RTD.
RENT3,RENTR463,PUT,45.87,2026-06-19,23,CURTO,3.03,36.8,RECUPERACAO_APOS_QUEDA,"Call Longa, Trava de Alta, Call Debit Spread",61.0,MONITORAR_NO_RTD,Liquidez score 36.8 ≥ 30 — monitorar confirmação via RTD.
ABEV3,ABEVR171,PUT,17.17,2026-06-19,23,CURTO,1.01,36.6,CONTINUACAO_ALTA,"Trava de Alta, Call Debit Spread",61.0,MONITORAR_NO_RTD,Liquidez score 36.6 ≥ 30 — monitorar confirmação via RTD.
B3SA3,B3SAR220,PUT,21.97,2026-06-19,23,CURTO,3.62,36.7,RECUPERACAO_APOS_QUEDA,"Call Longa, Trava de Alta, Call Debit Spread",61.0,MONITORAR_NO_RTD,Liquidez score 36.7 ≥ 30 — monitorar confirmação via RTD.
BBDC4,BBDCK162,CALL,16.18,2026-11-19,176,LONGO,3.39,70.0,RECUPERACAO_APOS_QUEDA,"Call Longa, Trava de Alta, Call Debit Spread",61.0,MONITORAR_NO_RTD,Liquidez score 70.0 ≥ 30 — monitorar confirmação via RTD.
ABEV3,ABEVF144W4,CALL,14.42,2026-06-26,30,CURTO,1.76,53.4,CONTINUACAO_ALTA,"Trava de Alta, Call Debit Spread",61.0,CANDIDATA_PROXIMO_PREGAO,Liquidez score 53.4 ≥ 50 com vencimento CURTO — candidata para próximo pregão.
PETR4,PETRR470W1,PUT,46.46,2026-06-05,9,CURTO,2.72,36.8,CONTINUACAO_BAIXA,"Trava de Baixa, Put Debit Spread",61.0,MONITORAR_NO_RTD,Liquidez score 36.8 ≥ 30 — monitorar confirmação via RTD.
PETR4,PETRR535,PUT,52.96,2026-06-19,23,CURTO,3.54,53.2,CONTINUACAO_BAIXA,"Trava de Baixa, Put Debit Spread",61.0,CANDIDATA_PROXIMO_PREGAO,Liquidez score 53.2 ≥ 50 com vencimento CURTO — candidata para próximo pregão.
BBDC4,BBDCR189,PUT,17.99,2026-06-19,23,CURTO,2.19,36.6,RECUPERACAO_APOS_QUEDA,"Call Longa, Trava de Alta, Call Debit Spread",61.0,MONITORAR_NO_RTD,Liquidez score 36.6 ≥ 30 — monitorar confirmação via RTD.
BBDC4,BBDCS209,PUT,20.66,2026-07-17,51,MEDIO,2.68,69.9,RECUPERACAO_APOS_QUEDA,"Call Longa, Trava de Alta, Call Debit Spread",61.0,MONITORAR_NO_RTD,Liquidez score 69.9 ≥ 30 — monitorar confirmação via RTD.
PRIO3,PRIOF755,CALL,75.5,2026-06-19,23,CURTO,1.06,52.9,LATERALIDADE,Monitorar — Iron Condor futuro,60.9,CANDIDATA_PROXIMO_PREGAO,Liquidez score 52.9 ≥ 50 com vencimento CURTO — candidata para próximo pregão.
PETR4,PETRT552,PUT,54.69,2026-08-21,86,MEDIO,8.36,69.6,CONTINUACAO_BAIXA,"Trava de Baixa, Put Debit Spread",60.9,MONITORAR_NO_RTD,Liquidez score 69.6 ≥ 30 — monitorar confirmação via RTD.
EGIE3,EGIER347,PUT,34.25,2026-06-19,23,CURTO,1.94,36.2,RECUPERACAO_APOS_QUEDA,"Call Longa, Trava de Alta, Call Debit Spread",60.9,MONITORAR_NO_RTD,Liquidez score 36.2 ≥ 30 — monitorar confirmação via RTD.
PETR4,PETRM490,PUT,48.46,2028-01-21,604,EXTRA_LONGO,3.63,86.2,CONTINUACAO_BAIXA,"Trava de Baixa, Put Debit Spread",60.9,MONITORAR_NO_RTD,Liquidez score 86.2 ≥ 30 — monitorar confirmação via RTD.
RENT3,RENTR516,PUT,51.62,2026-06-19,23,CURTO,4.75,53.1,RECUPERACAO_APOS_QUEDA,"Call Longa, Trava de Alta, Call Debit Spread",60.9,CANDIDATA_PROXIMO_PREGAO,Liquidez score 53.1 ≥ 50 com vencimento CURTO — candidata para próximo pregão.
B3SA3,B3SAS193,PUT,19.39,2026-07-17,51,MEDIO,2.56,53.1,RECUPERACAO_APOS_QUEDA,"Call Longa, Trava de Alta, Call Debit Spread",60.9,MONITORAR_NO_RTD,Liquidez score 53.1 ≥ 30 — monitorar confirmação via RTD.
GGBR4,GGBRF230,CALL,21.68,2026-06-19,23,CURTO,2.37,53.1,CONTINUACAO_ALTA,"Trava de Alta, Call Debit Spread",60.9,CANDIDATA_PROXIMO_PREGAO,Liquidez score 53.1 ≥ 50 com vencimento CURTO — candidata para próximo pregão.
PETR4,PETRF184,CALL,17.94,2026-06-19,23,CURTO,28.0,53.1,CONTINUACAO_BAIXA,"Trava de Baixa, Put Debit Spread",60.9,CANDIDATA_PROXIMO_PREGAO,Liquidez score 53.1 ≥ 50 com vencimento CURTO — candidata para próximo pregão.
PRIO3,PRIOF745,CALL,74.5,2026-06-19,23,CURTO,1.29,53.0,LATERALIDADE,Monitorar — Iron Condor futuro,60.9,CANDIDATA_PROXIMO_PREGAO,Liquidez score 53.0 ≥ 50 com vencimento CURTO — candidata para próximo pregão.
WEGE3,WEGEE540W5,CALL,53.92,2026-05-29,2,CURTO,0.06,53.1,RECUPERACAO_APOS_QUEDA,"Call Longa, Trava de Alta, Call Debit Spread",60.9,CANDIDATA_PROXIMO_PREGAO,Liquidez score 53.1 ≥ 50 com vencimento CURTO — candidata para próximo pregão.
RADL3,RADLH221,CALL,22.12,2026-08-21,86,MEDIO,0.5,69.3,CONTINUACAO_BAIXA,"Trava de Baixa, Put Debit Spread",60.8,MONITORAR_NO_RTD,Liquidez score 69.3 ≥ 30 — monitorar confirmação via RTD.
BPAC11,BPACR595,PUT,59.55,2026-06-19,23,CURTO,4.59,36.1,RECUPERACAO_APOS_QUEDA,"Call Longa, Trava de Alta, Call Debit Spread",60.8,MONITORAR_NO_RTD,Liquidez score 36.1 ≥ 30 — monitorar confirmação via RTD.
ABEV3,ABEVS161,PUT,15.42,2026-07-17,51,MEDIO,0.24,35.9,CONTINUACAO_ALTA,"Trava de Alta, Call Debit Spread",60.8,MONITORAR_NO_RTD,Liquidez score 35.9 ≥ 30 — monitorar confirmação via RTD.
EGIE3,EGIER392,PUT,38.75,2026-06-19,23,CURTO,4.43,52.6,RECUPERACAO_APOS_QUEDA,"Call Longa, Trava de Alta, Call Debit Spread",60.8,CANDIDATA_PROXIMO_PREGAO,Liquidez score 52.6 ≥ 50 com vencimento CURTO — candidata para próximo pregão.
PETR4,PETRG486W2,CALL,48.69,2026-07-10,44,MEDIO,1.5,36.1,CONTINUACAO_BAIXA,"Trava de Baixa, Put Debit Spread",60.8,MONITORAR_NO_RTD,Liquidez score 36.1 ≥ 30 — monitorar confirmação via RTD.
ABEV3,ABEVG131,CALL,13.17,2026-07-17,51,MEDIO,3.3,69.3,CONTINUACAO_ALTA,"Trava de Alta, Call Debit Spread",60.8,MONITORAR_NO_RTD,Liquidez score 69.3 ≥ 30 — monitorar confirmação via RTD.
PETR4,PETRQ520W5,PUT,51.46,2026-05-29,2,CURTO,7.08,52.5,CONTINUACAO_BAIXA,"Trava de Baixa, Put Debit Spread",60.8,CANDIDATA_PROXIMO_PREGAO,Liquidez score 52.5 ≥ 50 com vencimento CURTO — candidata para próximo pregão.
ITUB4,ITUBR478W2,PUT,47.86,2026-06-12,16,CURTO,6.8,52.8,RECUPERACAO_APOS_QUEDA,"Call Longa, Trava de Alta, Call Debit Spread",60.8,CANDIDATA_PROXIMO_PREGAO,Liquidez score 52.8 ≥ 50 com vencimento CURTO — candidata para próximo pregão.
BBDC4,BBDCI117,CALL,11.43,2026-09-18,114,LONGO,9.42,86.0,RECUPERACAO_APOS_QUEDA,"Call Longa, Trava de Alta, Call Debit Spread",60.8,MONITORAR_NO_RTD,Liquidez score 86.0 ≥ 30 — monitorar confirmação via RTD.
WEGE3,WEGEG474,CALL,45.46,2026-07-17,51,MEDIO,1.22,36.1,RECUPERACAO_APOS_QUEDA,"Call Longa, Trava de Alta, Call Debit Spread",60.8,MONITORAR_NO_RTD,Liquidez score 36.1 ≥ 30 — monitorar confirmação via RTD.
BBDC4,BBDCH145,CALL,13.89,2026-08-21,86,MEDIO,4.99,69.0,RECUPERACAO_APOS_QUEDA,"Call Longa, Trava de Alta, Call Debit Spread",60.7,MONITORAR_NO_RTD,Liquidez score 69.0 ≥ 30 — monitorar confirmação via RTD.
PETR4,PETRR517,PUT,51.19,2026-06-19,23,CURTO,6.63,52.4,CONTINUACAO_BAIXA,"Trava de Baixa, Put Debit Spread",60.7,CANDIDATA_PROXIMO_PREGAO,Liquidez score 52.4 ≥ 50 com vencimento CURTO — candidata para próximo pregão.
ITUB4,ITUBR413W1,PUT,41.36,2026-06-05,9,CURTO,1.33,35.8,RECUPERACAO_APOS_QUEDA,"Call Longa, Trava de Alta, Call Debit Spread",60.7,MONITORAR_NO_RTD,Liquidez score 35.8 ≥ 30 — monitorar confirmação via RTD.
PETR4,PETRT419,PUT,41.44,2026-08-21,86,MEDIO,1.02,35.8,CONTINUACAO_BAIXA,"Trava de Baixa, Put Debit Spread",60.7,MONITORAR_NO_RTD,Liquidez score 35.8 ≥ 30 — monitorar confirmação via RTD.
HAPV3,HAPVR100,PUT,10.0,2026-06-19,23,CURTO,0.12,52.4,CONTINUACAO_BAIXA,"Trava de Baixa, Put Debit Spread",60.7,CANDIDATA_PROXIMO_PREGAO,Liquidez score 52.4 ≥ 50 com vencimento CURTO — candidata para próximo pregão.
BBDC4,BBDCR162,PUT,16.01,2026-06-19,23,CURTO,0.06,52.4,RECUPERACAO_APOS_QUEDA,"Call Longa, Trava de Alta, Call Debit Spread",60.7,CANDIDATA_PROXIMO_PREGAO,Liquidez score 52.4 ≥ 50 com vencimento CURTO — candidata para próximo pregão.
HAPV3,HAPVF102,CALL,10.25,2026-06-19,23,CURTO,2.72,52.3,CONTINUACAO_BAIXA,"Trava de Baixa, Put Debit Spread",60.7,CANDIDATA_PROXIMO_PREGAO,Liquidez score 52.3 ≥ 50 com vencimento CURTO — candidata para próximo pregão.
GGBR4,GGBRH245,CALL,24.53,2026-08-21,86,MEDIO,0.95,35.7,CONTINUACAO_ALTA,"Trava de Alta, Call Debit Spread",60.7,MONITORAR_NO_RTD,Liquidez score 35.7 ≥ 30 — monitorar confirmação via RTD.
VALE3,VALEF570,CALL,53.68,2026-06-19,23,CURTO,29.58,85.6,LATERALIDADE,Monitorar — Iron Condor futuro,60.7,CANDIDATA_PROXIMO_PREGAO,Liquidez score 85.6 ≥ 50 com vencimento CURTO — candidata para próximo pregão.
BPAC11,BPACW542,PUT,53.69,2026-11-19,176,LONGO,4.02,35.8,RECUPERACAO_APOS_QUEDA,"Call Longa, Trava de Alta, Call Debit Spread",60.7,MONITORAR_NO_RTD,Liquidez score 35.8 ≥ 30 — monitorar confirmação via RTD.
VALE3,VALEF620,CALL,58.68,2026-06-19,23,CURTO,23.08,85.6,LATERALIDADE,Monitorar — Iron Condor futuro,60.7,CANDIDATA_PROXIMO_PREGAO,Liquidez score 85.6 ≥ 50 com vencimento CURTO — candidata para próximo pregão.
CMIG4,CMIGQ118W5,PUT,11.64,2026-05-29,2,CURTO,0.4,35.7,RECUPERACAO_APOS_QUEDA,"Call Longa, Trava de Alta, Call Debit Spread",60.7,MONITORAR_NO_RTD,Liquidez score 35.7 ≥ 30 — monitorar confirmação via RTD.
PETR4,PETRR49,PUT,49.94,2026-06-19,23,CURTO,5.38,52.3,CONTINUACAO_BAIXA,"Trava de Baixa, Put Debit Spread",60.7,CANDIDATA_PROXIMO_PREGAO,Liquidez score 52.3 ≥ 50 com vencimento CURTO — candidata para próximo pregão.
GGBR4,GGBRF179,CALL,17.68,2026-06-19,23,CURTO,6.28,52.3,CONTINUACAO_ALTA,"Trava de Alta, Call Debit Spread",60.7,CANDIDATA_PROXIMO_PREGAO,Liquidez score 52.3 ≥ 50 com vencimento CURTO — candidata para próximo pregão.
PETR4,PETRT429,PUT,42.44,2026-08-21,86,MEDIO,1.5,35.5,CONTINUACAO_BAIXA,"Trava de Baixa, Put Debit Spread",60.6,MONITORAR_NO_RTD,Liquidez score 35.5 ≥ 30 — monitorar confirmação via RTD.
RADL3,RADLG176,CALL,17.62,2026-07-17,51,MEDIO,1.46,52.1,CONTINUACAO_BAIXA,"Trava de Baixa, Put Debit Spread",60.6,MONITORAR_NO_RTD,Liquidez score 52.1 ≥ 30 — monitorar confirmação via RTD.
PETR4,PETRS495,PUT,48.96,2026-07-17,51,MEDIO,1.96,52.0,CONTINUACAO_BAIXA,"Trava de Baixa, Put Debit Spread",60.6,MONITORAR_NO_RTD,Liquidez score 52.0 ≥ 30 — monitorar confirmação via RTD.
ITUB4,ITUBU422,PUT,41.91,2026-09-18,114,LONGO,2.44,68.8,RECUPERACAO_APOS_QUEDA,"Call Longa, Trava de Alta, Call Debit Spread",60.6,MONITORAR_NO_RTD,Liquidez score 68.8 ≥ 30 — monitorar confirmação via RTD.
HAPV3,HAPVR182,PUT,18.25,2026-06-19,23,CURTO,6.12,52.1,CONTINUACAO_BAIXA,"Trava de Baixa, Put Debit Spread",60.6,CANDIDATA_PROXIMO_PREGAO,Liquidez score 52.1 ≥ 50 com vencimento CURTO — candidata para próximo pregão.
RENT3,RENTS520,PUT,52.07,2026-07-17,51,MEDIO,8.9,68.8,RECUPERACAO_APOS_QUEDA,"Call Longa, Trava de Alta, Call Debit Spread",60.6,MONITORAR_NO_RTD,Liquidez score 68.8 ≥ 30 — monitorar confirmação via RTD.
ABEV3,ABEVS191,PUT,18.42,2026-07-17,51,MEDIO,1.98,68.8,CONTINUACAO_ALTA,"Trava de Alta, Call Debit Spread",60.6,MONITORAR_NO_RTD,Liquidez score 68.8 ≥ 30 — monitorar confirmação via RTD.
RENT3,RENTG463,CALL,46.32,2026-07-17,51,MEDIO,1.82,35.2,RECUPERACAO_APOS_QUEDA,"Call Longa, Trava de Alta, Call Debit Spread",60.6,MONITORAR_NO_RTD,Liquidez score 35.2 ≥ 30 — monitorar confirmação via RTD.
BBAS3,BBASH206,CALL,20.27,2026-08-21,86,MEDIO,1.6,52.1,RECUPERACAO_APOS_QUEDA,"Call Longa, Trava de Alta, Call Debit Spread",60.6,MONITORAR_NO_RTD,Liquidez score 52.1 ≥ 30 — monitorar confirmação via RTD.
BBAS3,BBAST290,PUT,27.02,2026-08-21,86,MEDIO,5.43,68.8,RECUPERACAO_APOS_QUEDA,"Call Longa, Trava de Alta, Call Debit Spread",60.6,MONITORAR_NO_RTD,Liquidez score 68.8 ≥ 30 — monitorar confirmação via RTD.
PETR4,PETRH494,CALL,48.94,2026-08-21,86,MEDIO,4.83,35.2,CONTINUACAO_BAIXA,"Trava de Baixa, Put Debit Spread",60.6,MONITORAR_NO_RTD,Liquidez score 35.2 ≥ 30 — monitorar confirmação via RTD.
PETR4,PETRV35,PUT,33.67,2026-10-16,142,LONGO,0.58,85.5,CONTINUACAO_BAIXA,"Trava de Baixa, Put Debit Spread",60.6,MONITORAR_NO_RTD,Liquidez score 85.5 ≥ 30 — monitorar confirmação via RTD.
RADL3,RADLG191,CALL,19.12,2026-07-17,51,MEDIO,0.69,35.2,CONTINUACAO_BAIXA,"Trava de Baixa, Put Debit Spread",60.6,MONITORAR_NO_RTD,Liquidez score 35.2 ≥ 30 — monitorar confirmação via RTD.
ENEV3,ENEVR295,PUT,29.5,2026-06-19,23,CURTO,3.3,35.1,PROTECAO_CARTEIRA,"Protective Put, Collar",60.5,MONITORAR_NO_RTD,Liquidez score 35.1 ≥ 30 — monitorar confirmação via RTD.
BPAC11,BPACR580,PUT,58.05,2026-06-19,23,CURTO,4.34,35.1,RECUPERACAO_APOS_QUEDA,"Call Longa, Trava de Alta, Call Debit Spread",60.5,MONITORAR_NO_RTD,Liquidez score 35.1 ≥ 30 — monitorar confirmação via RTD.
B3SA3,B3SAD892,CALL,8.86,2028-04-20,694,EXTRA_LONGO,9.95,85.0,RECUPERACAO_APOS_QUEDA,"Call Longa, Trava de Alta, Call Debit Spread",60.5,MONITORAR_NO_RTD,Liquidez score 85.0 ≥ 30 — monitorar confirmação via RTD.
PETR4,PETRG360,CALL,34.69,2026-07-17,51,MEDIO,10.53,68.5,CONTINUACAO_BAIXA,"Trava de Baixa, Put Debit Spread",60.5,MONITORAR_NO_RTD,Liquidez score 68.5 ≥ 30 — monitorar confirmação via RTD.
BBAS3,BBASV211,PUT,20.77,2026-10-16,142,LONGO,1.28,35.1,RECUPERACAO_APOS_QUEDA,"Call Longa, Trava de Alta, Call Debit Spread",60.5,MONITORAR_NO_RTD,Liquidez score 35.1 ≥ 30 — monitorar confirmação via RTD.
ITUB4,ITUBH432W1,CALL,43.25,2026-08-07,72,MEDIO,0.5,35.0,RECUPERACAO_APOS_QUEDA,"Call Longa, Trava de Alta, Call Debit Spread",60.5,MONITORAR_NO_RTD,Liquidez score 35.0 ≥ 30 — monitorar confirmação via RTD.
SUZB3,SUZBS436,PUT,43.63,2026-07-17,51,MEDIO,1.99,51.8,RECUPERACAO_APOS_QUEDA,"Call Longa, Trava de Alta, Call Debit Spread",60.5,MONITORAR_NO_RTD,Liquidez score 51.8 ≥ 30 — monitorar confirmação via RTD.
BPAC11,BPACF520,CALL,52.05,2026-06-19,23,CURTO,3.12,35.1,RECUPERACAO_APOS_QUEDA,"Call Longa, Trava de Alta, Call Debit Spread",60.5,MONITORAR_NO_RTD,Liquidez score 35.1 ≥ 30 — monitorar confirmação via RTD.
BBAS3,BBASJ216,CALL,21.27,2026-10-16,142,LONGO,2.17,34.7,RECUPERACAO_APOS_QUEDA,"Call Longa, Trava de Alta, Call Debit Spread",60.4,MONITORAR_NO_RTD,Liquidez score 34.7 ≥ 30 — monitorar confirmação via RTD.
PETR4,PETRF540,CALL,53.46,2026-06-19,23,CURTO,0.9,51.3,CONTINUACAO_BAIXA,"Trava de Baixa, Put Debit Spread",60.4,CANDIDATA_PROXIMO_PREGAO,Liquidez score 51.3 ≥ 50 com vencimento CURTO — candidata para próximo pregão.
BPAC11,BPACH615,CALL,61.52,2026-08-21,86,MEDIO,3.7,68.0,RECUPERACAO_APOS_QUEDA,"Call Longa, Trava de Alta, Call Debit Spread",60.4,MONITORAR_NO_RTD,Liquidez score 68.0 ≥ 30 — monitorar confirmação via RTD.
RADL3,RADLG21,CALL,20.12,2026-07-17,51,MEDIO,0.72,34.5,CONTINUACAO_BAIXA,"Trava de Baixa, Put Debit Spread",60.4,MONITORAR_NO_RTD,Liquidez score 34.5 ≥ 30 — monitorar confirmação via RTD.
ITUB4,ITUBG313,CALL,27.63,2026-07-17,51,MEDIO,15.45,68.0,RECUPERACAO_APOS_QUEDA,"Call Longa, Trava de Alta, Call Debit Spread",60.4,MONITORAR_NO_RTD,Liquidez score 68.0 ≥ 30 — monitorar confirmação via RTD.
BBAS3,BBAST279,PUT,28.02,2026-08-21,86,MEDIO,6.26,68.0,RECUPERACAO_APOS_QUEDA,"Call Longa, Trava de Alta, Call Debit Spread",60.4,MONITORAR_NO_RTD,Liquidez score 68.0 ≥ 30 — monitorar confirmação via RTD.
PETR4,PETRR557,PUT,55.19,2026-06-19,23,CURTO,8.41,51.2,CONTINUACAO_BAIXA,"Trava de Baixa, Put Debit Spread",60.4,CANDIDATA_PROXIMO_PREGAO,Liquidez score 51.2 ≥ 50 com vencimento CURTO — candidata para próximo pregão.
PETR4,PETRG255,CALL,24.19,2026-07-17,51,MEDIO,21.53,68.0,CONTINUACAO_BAIXA,"Trava de Baixa, Put Debit Spread",60.4,MONITORAR_NO_RTD,Liquidez score 68.0 ≥ 30 — monitorar confirmação via RTD.
PETR4,PETRG336W2,CALL,33.69,2026-07-10,44,MEDIO,11.28,68.0,CONTINUACAO_BAIXA,"Trava de Baixa, Put Debit Spread",60.4,MONITORAR_NO_RTD,Liquidez score 68.0 ≥ 30 — monitorar confirmação via RTD.
BPAC11,BPACG722,CALL,71.69,2026-07-17,51,MEDIO,1.4,68.0,RECUPERACAO_APOS_QUEDA,"Call Longa, Trava de Alta, Call Debit Spread",60.4,MONITORAR_NO_RTD,Liquidez score 68.0 ≥ 30 — monitorar confirmação via RTD.
RENT3,RENTR585,PUT,58.12,2026-06-19,23,CURTO,8.1,51.2,RECUPERACAO_APOS_QUEDA,"Call Longa, Trava de Alta, Call Debit Spread",60.4,CANDIDATA_PROXIMO_PREGAO,Liquidez score 51.2 ≥ 50 com vencimento CURTO — candidata para próximo pregão.
BBDC4,BBDCI179,CALL,16.91,2026-09-18,114,LONGO,2.76,68.0,RECUPERACAO_APOS_QUEDA,"Call Longa, Trava de Alta, Call Debit Spread",60.4,MONITORAR_NO_RTD,Liquidez score 68.0 ≥ 30 — monitorar confirmação via RTD.
VALE3,VALEV820,PUT,81.9,2026-10-16,142,LONGO,4.5,68.0,LATERALIDADE,Monitorar — Iron Condor futuro,60.4,MONITORAR_NO_RTD,Liquidez score 68.0 ≥ 30 — monitorar confirmação via RTD.
VALE3,VALEF821,CALL,77.18,2026-06-19,23,CURTO,6.95,68.0,LATERALIDADE,Monitorar — Iron Condor futuro,60.4,CANDIDATA_PROXIMO_PREGAO,Liquidez score 68.0 ≥ 50 com vencimento CURTO — candidata para próximo pregão.
ITUB4,ITUBH344,CALL,34.15,2026-08-21,86,MEDIO,14.2,68.0,RECUPERACAO_APOS_QUEDA,"Call Longa, Trava de Alta, Call Debit Spread",60.4,MONITORAR_NO_RTD,Liquidez score 68.0 ≥ 30 — monitorar confirmação via RTD.
VALE3,VALEQ790W5,PUT,79.0,2026-05-29,2,CURTO,0.14,51.3,LATERALIDADE,Monitorar — Iron Condor futuro,60.4,CANDIDATA_PROXIMO_PREGAO,Liquidez score 51.3 ≥ 50 com vencimento CURTO — candidata para próximo pregão.
RENT3,RENTT90,PUT,90.07,2026-08-21,86,MEDIO,42.47,68.0,RECUPERACAO_APOS_QUEDA,"Call Longa, Trava de Alta, Call Debit Spread",60.4,MONITORAR_NO_RTD,Liquidez score 68.0 ≥ 30 — monitorar confirmação via RTD.
B3SA3,B3SAR141,PUT,13.72,2026-06-19,23,CURTO,0.03,34.7,RECUPERACAO_APOS_QUEDA,"Call Longa, Trava de Alta, Call Debit Spread",60.4,MONITORAR_NO_RTD,Liquidez score 34.7 ≥ 30 — monitorar confirmação via RTD.
BBAS3,BBASS357,PUT,35.76,2026-07-17,51,MEDIO,13.92,68.0,RECUPERACAO_APOS_QUEDA,"Call Longa, Trava de Alta, Call Debit Spread",60.4,MONITORAR_NO_RTD,Liquidez score 68.0 ≥ 30 — monitorar confirmação via RTD.
PRIO3,PRIOF655,CALL,65.5,2026-06-19,23,CURTO,5.23,68.0,LATERALIDADE,Monitorar — Iron Condor futuro,60.4,CANDIDATA_PROXIMO_PREGAO,Liquidez score 68.0 ≥ 50 com vencimento CURTO — candidata para próximo pregão.
BBDC4,BBDCH181W1,CALL,18.16,2026-08-07,72,MEDIO,0.72,34.2,RECUPERACAO_APOS_QUEDA,"Call Longa, Trava de Alta, Call Debit Spread",60.3,MONITORAR_NO_RTD,Liquidez score 34.2 ≥ 30 — monitorar confirmação via RTD.
PRIO3,PRIOR690W1,PUT,69.0,2026-06-05,9,CURTO,2.64,34.2,LATERALIDADE,Monitorar — Iron Condor futuro,60.3,MONITORAR_NO_RTD,Liquidez score 34.2 ≥ 30 — monitorar confirmação via RTD.
RENT3,RENTS468,PUT,46.82,2026-07-17,51,MEDIO,4.16,50.9,RECUPERACAO_APOS_QUEDA,"Call Longa, Trava de Alta, Call Debit Spread",60.3,MONITORAR_NO_RTD,Liquidez score 50.9 ≥ 30 — monitorar confirmação via RTD.
ITUB4,ITUBS394,PUT,35.88,2026-07-17,51,MEDIO,0.24,34.3,RECUPERACAO_APOS_QUEDA,"Call Longa, Trava de Alta, Call Debit Spread",60.3,MONITORAR_NO_RTD,Liquidez score 34.3 ≥ 30 — monitorar confirmação via RTD.
HAPV3,HAPVG110,CALL,11.0,2026-07-17,51,MEDIO,1.7,50.6,CONTINUACAO_BAIXA,"Trava de Baixa, Put Debit Spread",60.2,MONITORAR_NO_RTD,Liquidez score 50.6 ≥ 30 — monitorar confirmação via RTD.
VALE3,VALER720W2,PUT,72.0,2026-06-12,16,CURTO,0.19,84.0,LATERALIDADE,Monitorar — Iron Condor futuro,60.2,CANDIDATA_PROXIMO_PREGAO,Liquidez score 84.0 ≥ 50 com vencimento CURTO — candidata para próximo pregão.
BBAS3,BBASG220W4,CALL,22.01,2026-07-24,58,MEDIO,0.35,34.0,RECUPERACAO_APOS_QUEDA,"Call Longa, Trava de Alta, Call Debit Spread",60.2,MONITORAR_NO_RTD,Liquidez score 34.0 ≥ 30 — monitorar confirmação via RTD.
VALE3,VALEF591,CALL,59.18,2026-06-19,23,CURTO,23.33,84.0,LATERALIDADE,Monitorar — Iron Condor futuro,60.2,CANDIDATA_PROXIMO_PREGAO,Liquidez score 84.0 ≥ 50 com vencimento CURTO — candidata para próximo pregão.
SUZB3,SUZBR500,PUT,47.17,2026-06-19,23,CURTO,4.38,50.6,RECUPERACAO_APOS_QUEDA,"Call Longa, Trava de Alta, Call Debit Spread",60.2,CANDIDATA_PROXIMO_PREGAO,Liquidez score 50.6 ≥ 50 com vencimento CURTO — candidata para próximo pregão.
PETR4,PETRF550,CALL,54.46,2026-06-19,23,CURTO,0.64,50.7,CONTINUACAO_BAIXA,"Trava de Baixa, Put Debit Spread",60.2,CANDIDATA_PROXIMO_PREGAO,Liquidez score 50.7 ≥ 50 com vencimento CURTO — candidata para próximo pregão.
B3SA3,B3SAF205,CALL,20.47,2026-06-19,23,CURTO,0.04,33.9,RECUPERACAO_APOS_QUEDA,"Call Longa, Trava de Alta, Call Debit Spread",60.2,MONITORAR_NO_RTD,Liquidez score 33.9 ≥ 30 — monitorar confirmação via RTD.
BBAS3,BBASH290,CALL,27.02,2026-08-21,86,MEDIO,0.05,67.2,RECUPERACAO_APOS_QUEDA,"Call Longa, Trava de Alta, Call Debit Spread",60.2,MONITORAR_NO_RTD,Liquidez score 67.2 ≥ 30 — monitorar confirmação via RTD.
ABEV3,ABEVU165,PUT,16.59,2026-09-18,114,LONGO,0.9,67.2,CONTINUACAO_ALTA,"Trava de Alta, Call Debit Spread",60.2,MONITORAR_NO_RTD,Liquidez score 67.2 ≥ 30 — monitorar confirmação via RTD.
PETR4,PETRI359,CALL,33.94,2026-09-18,114,LONGO,12.95,84.0,CONTINUACAO_BAIXA,"Trava de Baixa, Put Debit Spread",60.2,MONITORAR_NO_RTD,Liquidez score 84.0 ≥ 30 — monitorar confirmação via RTD.
BBDC4,BBDCF170,CALL,16.49,2026-06-19,23,CURTO,0.11,34.1,RECUPERACAO_APOS_QUEDA,"Call Longa, Trava de Alta, Call Debit Spread",60.2,MONITORAR_NO_RTD,Liquidez score 34.1 ≥ 30 — monitorar confirmação via RTD.
ITUB4,ITUBK258,CALL,25.87,2026-11-19,176,LONGO,15.77,84.0,RECUPERACAO_APOS_QUEDA,"Call Longa, Trava de Alta, Call Debit Spread",60.2,MONITORAR_NO_RTD,Liquidez score 84.0 ≥ 30 — monitorar confirmação via RTD.
PETR4,PETRH332,CALL,32.69,2026-08-21,86,MEDIO,13.09,67.2,CONTINUACAO_BAIXA,"Trava de Baixa, Put Debit Spread",60.2,MONITORAR_NO_RTD,Liquidez score 67.2 ≥ 30 — monitorar confirmação via RTD.
RENT3,RENTR468,PUT,46.37,2026-06-19,23,CURTO,3.36,34.0,RECUPERACAO_APOS_QUEDA,"Call Longa, Trava de Alta, Call Debit Spread",60.2,MONITORAR_NO_RTD,Liquidez score 34.0 ≥ 30 — monitorar confirmação via RTD.
VALE3,VALEF681,CALL,68.18,2026-06-19,23,CURTO,14.92,84.0,LATERALIDADE,Monitorar — Iron Condor futuro,60.2,CANDIDATA_PROXIMO_PREGAO,Liquidez score 84.0 ≥ 50 com vencimento CURTO — candidata para próximo pregão.
PETR4,PETRG410,CALL,37.46,2026-07-17,51,MEDIO,12.99,66.9,CONTINUACAO_BAIXA,"Trava de Baixa, Put Debit Spread",60.1,MONITORAR_NO_RTD,Liquidez score 66.9 ≥ 30 — monitorar confirmação via RTD.
CMIG4,CMIGS135,PUT,11.74,2026-07-17,51,MEDIO,0.54,50.4,RECUPERACAO_APOS_QUEDA,"Call Longa, Trava de Alta, Call Debit Spread",60.1,MONITORAR_NO_RTD,Liquidez score 50.4 ≥ 30 — monitorar confirmação via RTD.
BBDC4,BBDCS229,PUT,22.66,2026-07-17,51,MEDIO,4.43,66.9,RECUPERACAO_APOS_QUEDA,"Call Longa, Trava de Alta, Call Debit Spread",60.1,MONITORAR_NO_RTD,Liquidez score 66.9 ≥ 30 — monitorar confirmação via RTD.
HAPV3,HAPVR297,PUT,29.75,2026-06-19,23,CURTO,16.73,50.2,CONTINUACAO_BAIXA,"Trava de Baixa, Put Debit Spread",60.1,CANDIDATA_PROXIMO_PREGAO,Liquidez score 50.2 ≥ 50 com vencimento CURTO — candidata para próximo pregão.
RENT3,RENTG498,CALL,49.82,2026-07-17,51,MEDIO,0.84,66.9,RECUPERACAO_APOS_QUEDA,"Call Longa, Trava de Alta, Call Debit Spread",60.1,MONITORAR_NO_RTD,Liquidez score 66.9 ≥ 30 — monitorar confirmação via RTD.
RENT3,RENTF415,CALL,41.12,2026-06-19,23,CURTO,4.02,33.6,RECUPERACAO_APOS_QUEDA,"Call Longa, Trava de Alta, Call Debit Spread",60.1,MONITORAR_NO_RTD,Liquidez score 33.6 ≥ 30 — monitorar confirmação via RTD.
WEGE3,WEGEF476,CALL,47.53,2026-06-19,23,CURTO,0.29,50.2,RECUPERACAO_APOS_QUEDA,"Call Longa, Trava de Alta, Call Debit Spread",60.1,CANDIDATA_PROXIMO_PREGAO,Liquidez score 50.2 ≥ 50 com vencimento CURTO — candidata para próximo pregão.
PETR4,PETRL364,CALL,33.68,2026-12-18,205,EXTRA_LONGO,15.08,100.0,CONTINUACAO_BAIXA,"Trava de Baixa, Put Debit Spread",60.0,MONITORAR_NO_RTD,Liquidez score 100.0 ≥ 30 — monitorar confirmação via RTD.
PETR4,PETRX821,PUT,80.18,2026-12-18,205,EXTRA_LONGO,27.06,100.0,CONTINUACAO_BAIXA,"Trava de Baixa, Put Debit Spread",60.0,MONITORAR_NO_RTD,Liquidez score 100.0 ≥ 30 — monitorar confirmação via RTD.
PETR4,PETRX701,PUT,69.61,2027-12-17,569,EXTRA_LONGO,15.71,100.0,CONTINUACAO_BAIXA,"Trava de Baixa, Put Debit Spread",60.0,MONITORAR_NO_RTD,Liquidez score 100.0 ≥ 30 — monitorar confirmação via RTD.
BBAS3,BBASD120,CALL,12.0,2028-04-20,694,EXTRA_LONGO,11.25,100.0,RECUPERACAO_APOS_QUEDA,"Call Longa, Trava de Alta, Call Debit Spread",60.0,MONITORAR_NO_RTD,Liquidez score 100.0 ≥ 30 — monitorar confirmação via RTD.
BBAS3,BBASO181,PUT,181.05,2027-03-19,296,EXTRA_LONGO,142.59,100.0,RECUPERACAO_APOS_QUEDA,"Call Longa, Trava de Alta, Call Debit Spread",60.0,MONITORAR_NO_RTD,Liquidez score 100.0 ≥ 30 — monitorar confirmação via RTD.
PETR4,PETRX651,PUT,63.18,2026-12-18,205,EXTRA_LONGO,14.69,100.0,CONTINUACAO_BAIXA,"Trava de Baixa, Put Debit Spread",60.0,MONITORAR_NO_RTD,Liquidez score 100.0 ≥ 30 — monitorar confirmação via RTD.
BBAS3,BBASB255,CALL,25.49,2027-02-19,268,EXTRA_LONGO,1.9,100.0,RECUPERACAO_APOS_QUEDA,"Call Longa, Trava de Alta, Call Debit Spread",60.0,MONITORAR_NO_RTD,Liquidez score 100.0 ≥ 30 — monitorar confirmação via RTD.
SUZB3,SUZBA358,CALL,35.88,2027-01-15,233,EXTRA_LONGO,8.8,100.0,RECUPERACAO_APOS_QUEDA,"Call Longa, Trava de Alta, Call Debit Spread",60.0,MONITORAR_NO_RTD,Liquidez score 100.0 ≥ 30 — monitorar confirmação via RTD.
BBAS3,BBASA15,CALL,14.93,2027-01-15,233,EXTRA_LONGO,7.05,100.0,RECUPERACAO_APOS_QUEDA,"Call Longa, Trava de Alta, Call Debit Spread",60.0,MONITORAR_NO_RTD,Liquidez score 100.0 ≥ 30 — monitorar confirmação via RTD.
BBDC4,BBDCB199,CALL,19.91,2027-02-19,268,EXTRA_LONGO,2.18,100.0,RECUPERACAO_APOS_QUEDA,"Call Longa, Trava de Alta, Call Debit Spread",60.0,MONITORAR_NO_RTD,Liquidez score 100.0 ≥ 30 — monitorar confirmação via RTD.
BBDC4,BBDCX231,PUT,22.41,2026-12-18,205,EXTRA_LONGO,2.7,100.0,RECUPERACAO_APOS_QUEDA,"Call Longa, Trava de Alta, Call Debit Spread",60.0,MONITORAR_NO_RTD,Liquidez score 100.0 ≥ 30 — monitorar confirmação via RTD.
WEGE3,WEGEB271,CALL,27.03,2027-02-19,268,EXTRA_LONGO,27.83,100.0,RECUPERACAO_APOS_QUEDA,"Call Longa, Trava de Alta, Call Debit Spread",60.0,MONITORAR_NO_RTD,Liquidez score 100.0 ≥ 30 — monitorar confirmação via RTD.
RENT3,RENTG243,CALL,24.32,2027-07-16,415,EXTRA_LONGO,25.93,100.0,RECUPERACAO_APOS_QUEDA,"Call Longa, Trava de Alta, Call Debit Spread",60.0,MONITORAR_NO_RTD,Liquidez score 100.0 ≥ 30 — monitorar confirmação via RTD.
ITUB4,ITUBL585,CALL,58.17,2026-12-18,205,EXTRA_LONGO,0.35,100.0,RECUPERACAO_APOS_QUEDA,"Call Longa, Trava de Alta, Call Debit Spread",60.0,MONITORAR_NO_RTD,Liquidez score 100.0 ≥ 30 — monitorar confirmação via RTD.
SUZB3,SUZBG426,CALL,42.63,2026-07-17,51,MEDIO,1.51,33.2,RECUPERACAO_APOS_QUEDA,"Call Longa, Trava de Alta, Call Debit Spread",60.0,MONITORAR_NO_RTD,Liquidez score 33.2 ≥ 30 — monitorar confirmação via RTD.
BBAS3,BBASO263,PUT,26.3,2027-03-19,296,EXTRA_LONGO,4.25,100.0,RECUPERACAO_APOS_QUEDA,"Call Longa, Trava de Alta, Call Debit Spread",60.0,MONITORAR_NO_RTD,Liquidez score 100.0 ≥ 30 — monitorar confirmação via RTD.
PETR4,PETRN555,PUT,54.96,2027-02-19,268,EXTRA_LONGO,8.0,100.0,CONTINUACAO_BAIXA,"Trava de Baixa, Put Debit Spread",60.0,MONITORAR_NO_RTD,Liquidez score 100.0 ≥ 30 — monitorar confirmação via RTD.
SUZB3,SUZBF466,CALL,46.67,2026-06-19,23,CURTO,0.09,50.1,RECUPERACAO_APOS_QUEDA,"Call Longa, Trava de Alta, Call Debit Spread",60.0,CANDIDATA_PROXIMO_PREGAO,Liquidez score 50.1 ≥ 50 com vencimento CURTO — candidata para próximo pregão.
BBDC4,BBDCB204,CALL,20.16,2027-02-19,268,EXTRA_LONGO,1.1,100.0,RECUPERACAO_APOS_QUEDA,"Call Longa, Trava de Alta, Call Debit Spread",60.0,MONITORAR_NO_RTD,Liquidez score 100.0 ≥ 30 — monitorar confirmação via RTD.
VALE3,VALEJ822,CALL,78.9,2026-10-16,142,LONGO,8.7,100.0,LATERALIDADE,Monitorar — Iron Condor futuro,60.0,MONITORAR_NO_RTD,Liquidez score 100.0 ≥ 30 — monitorar confirmação via RTD.
PETR4,PETRG200,CALL,19.51,2027-07-16,415,EXTRA_LONGO,31.99,100.0,CONTINUACAO_BAIXA,"Trava de Baixa, Put Debit Spread",60.0,MONITORAR_NO_RTD,Liquidez score 100.0 ≥ 30 — monitorar confirmação via RTD.
PETR4,PETRS700,PUT,69.51,2027-07-16,415,EXTRA_LONGO,17.76,100.0,CONTINUACAO_BAIXA,"Trava de Baixa, Put Debit Spread",60.0,MONITORAR_NO_RTD,Liquidez score 100.0 ≥ 30 — monitorar confirmação via RTD.
SUZB3,SUZBN629,PUT,61.88,2027-02-19,268,EXTRA_LONGO,15.09,100.0,RECUPERACAO_APOS_QUEDA,"Call Longa, Trava de Alta, Call Debit Spread",60.0,MONITORAR_NO_RTD,Liquidez score 100.0 ≥ 30 — monitorar confirmação via RTD.
PETR4,PETRG50,CALL,49.46,2026-07-17,51,MEDIO,3.58,66.5,CONTINUACAO_BAIXA,"Trava de Baixa, Put Debit Spread",60.0,MONITORAR_NO_RTD,Liquidez score 66.5 ≥ 30 — monitorar confirmação via RTD.
WEGE3,WEGEB291,CALL,29.03,2027-02-19,268,EXTRA_LONGO,26.07,100.0,RECUPERACAO_APOS_QUEDA,"Call Longa, Trava de Alta, Call Debit Spread",60.0,MONITORAR_NO_RTD,Liquidez score 100.0 ≥ 30 — monitorar confirmação via RTD.
WEGE3,WEGEB301,CALL,30.03,2027-02-19,268,EXTRA_LONGO,25.19,100.0,RECUPERACAO_APOS_QUEDA,"Call Longa, Trava de Alta, Call Debit Spread",60.0,MONITORAR_NO_RTD,Liquidez score 100.0 ≥ 30 — monitorar confirmação via RTD.
RENT3,RENTR480,PUT,47.62,2026-06-19,23,CURTO,3.75,33.2,RECUPERACAO_APOS_QUEDA,"Call Longa, Trava de Alta, Call Debit Spread",60.0,MONITORAR_NO_RTD,Liquidez score 33.2 ≥ 30 — monitorar confirmação via RTD.
WEGE3,WEGEB261,CALL,26.03,2027-02-19,268,EXTRA_LONGO,28.58,100.0,RECUPERACAO_APOS_QUEDA,"Call Longa, Trava de Alta, Call Debit Spread",60.0,MONITORAR_NO_RTD,Liquidez score 100.0 ≥ 30 — monitorar confirmação via RTD.
VALE3,VALEH654,CALL,65.46,2026-08-21,86,MEDIO,20.65,100.0,LATERALIDADE,Monitorar — Iron Condor futuro,60.0,MONITORAR_NO_RTD,Liquidez score 100.0 ≥ 30 — monitorar confirmação via RTD.
WEGE3,WEGEC379,CALL,37.93,2027-03-19,296,EXTRA_LONGO,18.9,100.0,RECUPERACAO_APOS_QUEDA,"Call Longa, Trava de Alta, Call Debit Spread",60.0,MONITORAR_NO_RTD,Liquidez score 100.0 ≥ 30 — monitorar confirmação via RTD.
WEGE3,WEGEC364,CALL,36.43,2027-03-19,296,EXTRA_LONGO,19.98,100.0,RECUPERACAO_APOS_QUEDA,"Call Longa, Trava de Alta, Call Debit Spread",60.0,MONITORAR_NO_RTD,Liquidez score 100.0 ≥ 30 — monitorar confirmação via RTD.
PETR4,PETRS650,PUT,64.51,2027-07-16,415,EXTRA_LONGO,12.43,100.0,CONTINUACAO_BAIXA,"Trava de Baixa, Put Debit Spread",60.0,MONITORAR_NO_RTD,Liquidez score 100.0 ≥ 30 — monitorar confirmação via RTD.
PRIO3,PRIOT650,PUT,65.0,2026-08-21,86,MEDIO,3.0,66.7,LATERALIDADE,Monitorar — Iron Condor futuro,60.0,MONITORAR_NO_RTD,Liquidez score 66.7 ≥ 30 — monitorar confirmação via RTD.
PETR4,PETRL701,CALL,69.61,2027-12-17,569,EXTRA_LONGO,2.81,100.0,CONTINUACAO_BAIXA,"Trava de Baixa, Put Debit Spread",60.0,MONITORAR_NO_RTD,Liquidez score 100.0 ≥ 30 — monitorar confirmação via RTD.
VALE3,VALEG745,CALL,71.15,2026-07-17,51,MEDIO,13.17,100.0,LATERALIDADE,Monitorar — Iron Condor futuro,60.0,MONITORAR_NO_RTD,Liquidez score 100.0 ≥ 30 — monitorar confirmação via RTD.
VALE3,VALEG251,CALL,25.15,2026-07-17,51,MEDIO,57.72,100.0,LATERALIDADE,Monitorar — Iron Condor futuro,60.0,MONITORAR_NO_RTD,Liquidez score 100.0 ≥ 30 — monitorar confirmação via RTD.
GGBR4,GGBRG247,CALL,24.6,2026-07-17,51,MEDIO,0.96,33.5,CONTINUACAO_ALTA,"Trava de Alta, Call Debit Spread",60.0,MONITORAR_NO_RTD,Liquidez score 33.5 ≥ 30 — monitorar confirmação via RTD.
VALE3,VALEG515,CALL,48.15,2026-07-17,51,MEDIO,41.74,100.0,LATERALIDADE,Monitorar — Iron Condor futuro,60.0,MONITORAR_NO_RTD,Liquidez score 100.0 ≥ 30 — monitorar confirmação via RTD.
VALE3,VALEG886,CALL,88.65,2026-07-17,51,MEDIO,1.85,66.7,LATERALIDADE,Monitorar — Iron Condor futuro,60.0,MONITORAR_NO_RTD,Liquidez score 66.7 ≥ 30 — monitorar confirmação via RTD.
BBDC4,BBDCR235,PUT,23.26,2026-06-19,23,CURTO,5.22,49.9,RECUPERACAO_APOS_QUEDA,"Call Longa, Trava de Alta, Call Debit Spread",60.0,MONITORAR_NO_RTD,Liquidez score 49.9 ≥ 30 — monitorar confirmação via RTD.
PETR4,PETRL550,CALL,54.61,2027-12-17,569,EXTRA_LONGO,6.25,100.0,CONTINUACAO_BAIXA,"Trava de Baixa, Put Debit Spread",60.0,MONITORAR_NO_RTD,Liquidez score 100.0 ≥ 30 — monitorar confirmação via RTD.
BPAC11,BPACF600,CALL,60.05,2026-06-19,23,CURTO,0.31,50.1,RECUPERACAO_APOS_QUEDA,"Call Longa, Trava de Alta, Call Debit Spread",60.0,CANDIDATA_PROXIMO_PREGAO,Liquidez score 50.1 ≥ 50 com vencimento CURTO — candidata para próximo pregão.
BBDC4,BBDCF212W1,CALL,20.91,2026-06-05,9,CURTO,0.2,50.0,RECUPERACAO_APOS_QUEDA,"Call Longa, Trava de Alta, Call Debit Spread",60.0,CANDIDATA_PROXIMO_PREGAO,Liquidez score 50.0 ≥ 50 com vencimento CURTO — candidata para próximo pregão.
PETR4,PETRF319,CALL,31.44,2026-06-19,23,CURTO,13.05,49.9,CONTINUACAO_BAIXA,"Trava de Baixa, Put Debit Spread",60.0,MONITORAR_NO_RTD,Liquidez score 49.9 ≥ 30 — monitorar confirmação via RTD.
PETR4,PETRG700,CALL,69.51,2027-07-16,415,EXTRA_LONGO,1.88,100.0,CONTINUACAO_BAIXA,"Trava de Baixa, Put Debit Spread",60.0,MONITORAR_NO_RTD,Liquidez score 100.0 ≥ 30 — monitorar confirmação via RTD.
VALE3,VALEG525,CALL,49.15,2026-07-17,51,MEDIO,40.12,100.0,LATERALIDADE,Monitorar — Iron Condor futuro,60.0,MONITORAR_NO_RTD,Liquidez score 100.0 ≥ 30 — monitorar confirmação via RTD.
SUZB3,SUZBM63,PUT,61.88,2027-01-15,233,EXTRA_LONGO,15.92,100.0,RECUPERACAO_APOS_QUEDA,"Call Longa, Trava de Alta, Call Debit Spread",60.0,MONITORAR_NO_RTD,Liquidez score 100.0 ≥ 30 — monitorar confirmação via RTD.
BBDC4,BBDCR184,PUT,18.24,2026-06-19,23,CURTO,2.7,33.4,RECUPERACAO_APOS_QUEDA,"Call Longa, Trava de Alta, Call Debit Spread",60.0,MONITORAR_NO_RTD,Liquidez score 33.4 ≥ 30 — monitorar confirmação via RTD.
ITUB4,ITUBE327,CALL,29.33,2027-05-21,359,EXTRA_LONGO,20.47,100.0,RECUPERACAO_APOS_QUEDA,"Call Longa, Trava de Alta, Call Debit Spread",60.0,MONITORAR_NO_RTD,Liquidez score 100.0 ≥ 30 — monitorar confirmação via RTD.
RENT3,RENTM645,PUT,64.12,2027-01-15,233,EXTRA_LONGO,18.12,100.0,RECUPERACAO_APOS_QUEDA,"Call Longa, Trava de Alta, Call Debit Spread",60.0,MONITORAR_NO_RTD,Liquidez score 100.0 ≥ 30 — monitorar confirmação via RTD.
BBAS3,BBAST340,PUT,34.02,2026-08-21,86,MEDIO,11.9,66.7,RECUPERACAO_APOS_QUEDA,"Call Longa, Trava de Alta, Call Debit Spread",60.0,MONITORAR_NO_RTD,Liquidez score 66.7 ≥ 30 — monitorar confirmação via RTD.
VALE3,VALEG785,CALL,75.15,2026-07-17,51,MEDIO,9.83,100.0,LATERALIDADE,Monitorar — Iron Condor futuro,60.0,MONITORAR_NO_RTD,Liquidez score 100.0 ≥ 30 — monitorar confirmação via RTD.
VALE3,VALEH509,CALL,50.96,2026-08-21,86,MEDIO,31.86,100.0,LATERALIDADE,Monitorar — Iron Condor futuro,60.0,MONITORAR_NO_RTD,Liquidez score 100.0 ≥ 30 — monitorar confirmação via RTD.
PRIO3,PRIOH430,CALL,43.0,2026-08-21,86,MEDIO,23.7,100.0,LATERALIDADE,Monitorar — Iron Condor futuro,60.0,MONITORAR_NO_RTD,Liquidez score 100.0 ≥ 30 — monitorar confirmação via RTD.
PRIO3,PRIOH605,CALL,60.5,2026-08-21,86,MEDIO,8.11,100.0,LATERALIDADE,Monitorar — Iron Condor futuro,60.0,MONITORAR_NO_RTD,Liquidez score 100.0 ≥ 30 — monitorar confirmação via RTD.
VALE3,VALEG755,CALL,72.15,2026-07-17,51,MEDIO,12.61,100.0,LATERALIDADE,Monitorar — Iron Condor futuro,60.0,MONITORAR_NO_RTD,Liquidez score 100.0 ≥ 30 — monitorar confirmação via RTD.
VALE3,VALEH548,CALL,51.46,2026-08-21,86,MEDIO,31.23,100.0,LATERALIDADE,Monitorar — Iron Condor futuro,60.0,MONITORAR_NO_RTD,Liquidez score 100.0 ≥ 30 — monitorar confirmação via RTD.
BBDC4,BBDCT169,PUT,16.64,2026-08-21,86,MEDIO,0.41,33.2,RECUPERACAO_APOS_QUEDA,"Call Longa, Trava de Alta, Call Debit Spread",60.0,MONITORAR_NO_RTD,Liquidez score 33.2 ≥ 30 — monitorar confirmação via RTD.
PRIO3,PRIOL710,CALL,71.0,2026-12-18,205,EXTRA_LONGO,9.33,100.0,LATERALIDADE,Monitorar — Iron Condor futuro,60.0,MONITORAR_NO_RTD,Liquidez score 100.0 ≥ 30 — monitorar confirmação via RTD.
VALE3,VALEG695,CALL,66.15,2026-07-17,51,MEDIO,17.75,100.0,LATERALIDADE,Monitorar — Iron Condor futuro,60.0,MONITORAR_NO_RTD,Liquidez score 100.0 ≥ 30 — monitorar confirmação via RTD.
PETR4,PETRG550,CALL,54.51,2027-07-16,415,EXTRA_LONGO,4.75,100.0,CONTINUACAO_BAIXA,"Trava de Baixa, Put Debit Spread",60.0,MONITORAR_NO_RTD,Liquidez score 100.0 ≥ 30 — monitorar confirmação via RTD.
VALE3,VALEG765,CALL,73.15,2026-07-17,51,MEDIO,11.3,100.0,LATERALIDADE,Monitorar — Iron Condor futuro,60.0,MONITORAR_NO_RTD,Liquidez score 100.0 ≥ 30 — monitorar confirmação via RTD.
VALE3,VALEG646W4,CALL,64.65,2026-07-24,58,MEDIO,20.45,100.0,LATERALIDADE,Monitorar — Iron Condor futuro,60.0,MONITORAR_NO_RTD,Liquidez score 100.0 ≥ 30 — monitorar confirmação via RTD.
VALE3,VALEG675,CALL,64.15,2026-07-17,51,MEDIO,17.59,100.0,LATERALIDADE,Monitorar — Iron Condor futuro,60.0,MONITORAR_NO_RTD,Liquidez score 100.0 ≥ 30 — monitorar confirmação via RTD.
PETR4,PETRL299,CALL,27.18,2026-12-18,205,EXTRA_LONGO,20.85,100.0,CONTINUACAO_BAIXA,"Trava de Baixa, Put Debit Spread",60.0,MONITORAR_NO_RTD,Liquidez score 100.0 ≥ 30 — monitorar confirmação via RTD.
VALE3,VALEG595,CALL,56.15,2026-07-17,51,MEDIO,25.9,100.0,LATERALIDADE,Monitorar — Iron Condor futuro,60.0,MONITORAR_NO_RTD,Liquidez score 100.0 ≥ 30 — monitorar confirmação via RTD.
SUZB3,SUZBO506,PUT,50.67,2027-03-19,296,EXTRA_LONGO,5.81,100.0,RECUPERACAO_APOS_QUEDA,"Call Longa, Trava de Alta, Call Debit Spread",60.0,MONITORAR_NO_RTD,Liquidez score 100.0 ≥ 30 — monitorar confirmação via RTD.
VALE3,VALEX844,PUT,79.46,2026-12-18,205,EXTRA_LONGO,3.25,100.0,LATERALIDADE,Monitorar — Iron Condor futuro,60.0,MONITORAR_NO_RTD,Liquidez score 100.0 ≥ 30 — monitorar confirmação via RTD.
RENT3,RENTP50,PUT,50.55,2027-04-16,324,EXTRA_LONGO,7.53,100.0,RECUPERACAO_APOS_QUEDA,"Call Longa, Trava de Alta, Call Debit Spread",60.0,MONITORAR_NO_RTD,Liquidez score 100.0 ≥ 30 — monitorar confirmação via RTD.
VALE3,VALEL964,CALL,91.46,2026-12-18,205,EXTRA_LONGO,6.18,100.0,LATERALIDADE,Monitorar — Iron Condor futuro,60.0,MONITORAR_NO_RTD,Liquidez score 100.0 ≥ 30 — monitorar confirmação via RTD.
VALE3,VALEG536,CALL,53.65,2026-07-17,51,MEDIO,30.0,100.0,LATERALIDADE,Monitorar — Iron Condor futuro,60.0,MONITORAR_NO_RTD,Liquidez score 100.0 ≥ 30 — monitorar confirmação via RTD.
ITUB4,ITUBH422,CALL,41.91,2026-08-21,86,MEDIO,1.48,33.1,RECUPERACAO_APOS_QUEDA,"Call Longa, Trava de Alta, Call Debit Spread",59.9,MONITORAR_NO_RTD,Liquidez score 33.1 ≥ 30 — monitorar confirmação via RTD.
HAPV3,HAPVF147,CALL,14.75,2026-06-19,23,CURTO,0.12,49.8,CONTINUACAO_BAIXA,"Trava de Baixa, Put Debit Spread",59.9,MONITORAR_NO_RTD,Liquidez score 49.8 ≥ 30 — monitorar confirmação via RTD.
PETR4,PETRX417,PUT,41.18,2026-12-18,205,EXTRA_LONGO,1.99,66.4,CONTINUACAO_BAIXA,"Trava de Baixa, Put Debit Spread",59.9,MONITORAR_NO_RTD,Liquidez score 66.4 ≥ 30 — monitorar confirmação via RTD.
TAEE11,TAEER450,PUT,43.64,2026-06-19,23,CURTO,4.31,49.8,RECUPERACAO_APOS_QUEDA,"Call Longa, Trava de Alta, Call Debit Spread",59.9,MONITORAR_NO_RTD,Liquidez score 49.8 ≥ 30 — monitorar confirmação via RTD.
WEGE3,WEGER49,PUT,46.53,2026-06-19,23,CURTO,3.56,33.1,RECUPERACAO_APOS_QUEDA,"Call Longa, Trava de Alta, Call Debit Spread",59.9,MONITORAR_NO_RTD,Liquidez score 33.1 ≥ 30 — monitorar confirmação via RTD.
VALE3,VALEH899,CALL,89.96,2026-08-21,86,MEDIO,2.53,66.4,LATERALIDADE,Monitorar — Iron Condor futuro,59.9,MONITORAR_NO_RTD,Liquidez score 66.4 ≥ 30 — monitorar confirmação via RTD.
BPAC11,BPACS521,PUT,52.19,2026-07-17,51,MEDIO,1.48,33.0,RECUPERACAO_APOS_QUEDA,"Call Longa, Trava de Alta, Call Debit Spread",59.9,MONITORAR_NO_RTD,Liquidez score 33.0 ≥ 30 — monitorar confirmação via RTD.
VALE3,VALEF850W2,CALL,85.0,2026-06-12,16,CURTO,1.66,49.7,LATERALIDADE,Monitorar — Iron Condor futuro,59.9,MONITORAR_NO_RTD,Liquidez score 49.7 ≥ 30 — monitorar confirmação via RTD.
PETR4,PETRQ490W5,PUT,48.46,2026-05-29,2,CURTO,2.95,33.1,CONTINUACAO_BAIXA,"Trava de Baixa, Put Debit Spread",59.9,MONITORAR_NO_RTD,Liquidez score 33.1 ≥ 30 — monitorar confirmação via RTD.
PETR4,PETRR397,PUT,39.19,2026-06-19,23,CURTO,0.21,49.8,CONTINUACAO_BAIXA,"Trava de Baixa, Put Debit Spread",59.9,MONITORAR_NO_RTD,Liquidez score 49.8 ≥ 30 — monitorar confirmação via RTD.
SUZB3,SUZBR541,PUT,54.17,2026-06-19,23,CURTO,11.1,49.7,RECUPERACAO_APOS_QUEDA,"Call Longa, Trava de Alta, Call Debit Spread",59.9,MONITORAR_NO_RTD,Liquidez score 49.7 ≥ 30 — monitorar confirmação via RTD.
BPAC11,BPACS566,PUT,56.69,2026-07-17,51,MEDIO,3.41,49.5,RECUPERACAO_APOS_QUEDA,"Call Longa, Trava de Alta, Call Debit Spread",59.9,MONITORAR_NO_RTD,Liquidez score 49.5 ≥ 30 — monitorar confirmação via RTD.
BBDC4,BBDCH151,CALL,14.89,2026-08-21,86,MEDIO,3.36,66.4,RECUPERACAO_APOS_QUEDA,"Call Longa, Trava de Alta, Call Debit Spread",59.9,MONITORAR_NO_RTD,Liquidez score 66.4 ≥ 30 — monitorar confirmação via RTD.
PETR4,PETRR597,PUT,59.19,2026-06-19,23,CURTO,14.02,49.6,CONTINUACAO_BAIXA,"Trava de Baixa, Put Debit Spread",59.9,MONITORAR_NO_RTD,Liquidez score 49.6 ≥ 30 — monitorar confirmação via RTD.
BBAS3,BBASN27,PUT,26.74,2027-02-19,268,EXTRA_LONGO,4.9,99.7,RECUPERACAO_APOS_QUEDA,"Call Longa, Trava de Alta, Call Debit Spread",59.9,MONITORAR_NO_RTD,Liquidez score 99.7 ≥ 30 — monitorar confirmação via RTD.
BPAC11,BPACG394,CALL,39.44,2026-07-17,51,MEDIO,16.0,66.0,RECUPERACAO_APOS_QUEDA,"Call Longa, Trava de Alta, Call Debit Spread",59.8,MONITORAR_NO_RTD,Liquidez score 66.0 ≥ 30 — monitorar confirmação via RTD.
BBAS3,BBASF236,CALL,23.35,2026-06-19,23,CURTO,0.06,49.3,RECUPERACAO_APOS_QUEDA,"Call Longa, Trava de Alta, Call Debit Spread",59.8,MONITORAR_NO_RTD,Liquidez score 49.3 ≥ 30 — monitorar confirmação via RTD.
PETR4,PETRE432W5,CALL,42.71,2026-05-29,2,CURTO,2.19,32.7,CONTINUACAO_BAIXA,"Trava de Baixa, Put Debit Spread",59.8,MONITORAR_NO_RTD,Liquidez score 32.7 ≥ 30 — monitorar confirmação via RTD.
BPAC11,BPACT640,PUT,64.02,2026-08-21,86,MEDIO,4.45,66.0,RECUPERACAO_APOS_QUEDA,"Call Longa, Trava de Alta, Call Debit Spread",59.8,MONITORAR_NO_RTD,Liquidez score 66.0 ≥ 30 — monitorar confirmação via RTD.
VALE3,VALEQ920W5,PUT,92.0,2026-05-29,2,CURTO,8.01,66.1,LATERALIDADE,Monitorar — Iron Condor futuro,59.8,CANDIDATA_PROXIMO_PREGAO,Liquidez score 66.1 ≥ 50 com vencimento CURTO — candidata para próximo pregão.
PETR4,PETRH297,CALL,29.19,2026-08-21,86,MEDIO,16.66,66.0,CONTINUACAO_BAIXA,"Trava de Baixa, Put Debit Spread",59.8,MONITORAR_NO_RTD,Liquidez score 66.0 ≥ 30 — monitorar confirmação via RTD.
BPAC11,BPACT555,PUT,55.52,2026-08-21,86,MEDIO,2.51,49.4,RECUPERACAO_APOS_QUEDA,"Call Longa, Trava de Alta, Call Debit Spread",59.8,MONITORAR_NO_RTD,Liquidez score 49.4 ≥ 30 — monitorar confirmação via RTD.
TAEE11,TAEES410,PUT,39.64,2026-07-17,51,MEDIO,1.32,49.2,RECUPERACAO_APOS_QUEDA,"Call Longa, Trava de Alta, Call Debit Spread",59.8,MONITORAR_NO_RTD,Liquidez score 49.2 ≥ 30 — monitorar confirmação via RTD.
PETR4,PETRR379,PUT,37.44,2026-06-19,23,CURTO,0.1,49.3,CONTINUACAO_BAIXA,"Trava de Baixa, Put Debit Spread",59.8,MONITORAR_NO_RTD,Liquidez score 49.3 ≥ 30 — monitorar confirmação via RTD.
B3SA3,B3SAF192,CALL,19.22,2026-06-19,23,CURTO,0.08,32.7,RECUPERACAO_APOS_QUEDA,"Call Longa, Trava de Alta, Call Debit Spread",59.8,MONITORAR_NO_RTD,Liquidez score 32.7 ≥ 30 — monitorar confirmação via RTD.
ITUB4,ITUBH357,CALL,35.4,2026-08-21,86,MEDIO,10.28,66.0,RECUPERACAO_APOS_QUEDA,"Call Longa, Trava de Alta, Call Debit Spread",59.8,MONITORAR_NO_RTD,Liquidez score 66.0 ≥ 30 — monitorar confirmação via RTD.
BBDC4,BBDCR158,PUT,15.24,2026-06-19,23,CURTO,0.29,49.4,RECUPERACAO_APOS_QUEDA,"Call Longa, Trava de Alta, Call Debit Spread",59.8,MONITORAR_NO_RTD,Liquidez score 49.4 ≥ 30 — monitorar confirmação via RTD.
ENEV3,ENEVW107,PUT,107.0,2026-11-19,176,LONGO,72.58,66.0,PROTECAO_CARTEIRA,"Protective Put, Collar",59.8,MONITORAR_NO_RTD,Liquidez score 66.0 ≥ 30 — monitorar confirmação via RTD.
PETR4,PETRG399,CALL,38.51,2027-07-16,415,EXTRA_LONGO,12.6,99.2,CONTINUACAO_BAIXA,"Trava de Baixa, Put Debit Spread",59.8,MONITORAR_NO_RTD,Liquidez score 99.2 ≥ 30 — monitorar confirmação via RTD.
SUZB3,SUZBR431W4,PUT,43.17,2026-06-26,30,CURTO,1.19,32.6,RECUPERACAO_APOS_QUEDA,"Call Longa, Trava de Alta, Call Debit Spread",59.8,MONITORAR_NO_RTD,Liquidez score 32.6 ≥ 30 — monitorar confirmação via RTD.
ABEV3,ABEVH135,CALL,13.54,2026-08-21,86,MEDIO,3.0,66.0,CONTINUACAO_ALTA,"Trava de Alta, Call Debit Spread",59.8,MONITORAR_NO_RTD,Liquidez score 66.0 ≥ 30 — monitorar confirmação via RTD.
B3SA3,B3SAG188,CALL,18.89,2026-07-17,51,MEDIO,0.28,49.2,RECUPERACAO_APOS_QUEDA,"Call Longa, Trava de Alta, Call Debit Spread",59.8,MONITORAR_NO_RTD,Liquidez score 49.2 ≥ 30 — monitorar confirmação via RTD.
PETR4,PETRS529,PUT,52.96,2026-07-17,51,MEDIO,2.34,66.0,CONTINUACAO_BAIXA,"Trava de Baixa, Put Debit Spread",59.8,MONITORAR_NO_RTD,Liquidez score 66.0 ≥ 30 — monitorar confirmação via RTD.
SUZB3,SUZBG458,CALL,45.88,2026-07-17,51,MEDIO,0.42,32.8,RECUPERACAO_APOS_QUEDA,"Call Longa, Trava de Alta, Call Debit Spread",59.8,MONITORAR_NO_RTD,Liquidez score 32.8 ≥ 30 — monitorar confirmação via RTD.
PETR4,PETRF587,CALL,58.19,2026-06-19,23,CURTO,0.03,49.2,CONTINUACAO_BAIXA,"Trava de Baixa, Put Debit Spread",59.8,MONITORAR_NO_RTD,Liquidez score 49.2 ≥ 30 — monitorar confirmação via RTD.
BBDC4,BBDCB13,CALL,11.43,2027-02-19,268,EXTRA_LONGO,7.59,99.2,RECUPERACAO_APOS_QUEDA,"Call Longa, Trava de Alta, Call Debit Spread",59.8,MONITORAR_NO_RTD,Liquidez score 99.2 ≥ 30 — monitorar confirmação via RTD.
BPAC11,BPACF610W4,CALL,61.05,2026-06-26,30,CURTO,4.0,49.3,RECUPERACAO_APOS_QUEDA,"Call Longa, Trava de Alta, Call Debit Spread",59.8,MONITORAR_NO_RTD,Liquidez score 49.3 ≥ 30 — monitorar confirmação via RTD.
ENEV3,ENEVR300,PUT,30.0,2026-06-19,23,CURTO,3.0,32.5,PROTECAO_CARTEIRA,"Protective Put, Collar",59.8,MONITORAR_NO_RTD,Liquidez score 32.5 ≥ 30 — monitorar confirmação via RTD.
BPAC11,BPACF510,CALL,51.05,2026-06-19,23,CURTO,4.1,32.5,RECUPERACAO_APOS_QUEDA,"Call Longa, Trava de Alta, Call Debit Spread",59.8,MONITORAR_NO_RTD,Liquidez score 32.5 ≥ 30 — monitorar confirmação via RTD.
PETR4,PETRF43,CALL,42.46,2026-06-19,23,CURTO,8.1,32.5,CONTINUACAO_BAIXA,"Trava de Baixa, Put Debit Spread",59.8,MONITORAR_NO_RTD,Liquidez score 32.5 ≥ 30 — monitorar confirmação via RTD.
VALE3,VALES795,PUT,76.15,2026-07-17,51,MEDIO,0.79,66.1,LATERALIDADE,Monitorar — Iron Condor futuro,59.8,MONITORAR_NO_RTD,Liquidez score 66.1 ≥ 30 — monitorar confirmação via RTD.
PETR4,PETRG289,CALL,25.98,2026-07-17,51,MEDIO,25.1,66.0,CONTINUACAO_BAIXA,"Trava de Baixa, Put Debit Spread",59.8,MONITORAR_NO_RTD,Liquidez score 66.0 ≥ 30 — monitorar confirmação via RTD.
TAEE11,TAEES390,PUT,37.64,2026-07-17,51,MEDIO,0.78,32.5,RECUPERACAO_APOS_QUEDA,"Call Longa, Trava de Alta, Call Debit Spread",59.8,MONITORAR_NO_RTD,Liquidez score 32.5 ≥ 30 — monitorar confirmação via RTD.
CMIG4,CMIGS132,PUT,11.49,2026-07-17,51,MEDIO,0.41,49.2,RECUPERACAO_APOS_QUEDA,"Call Longa, Trava de Alta, Call Debit Spread",59.8,MONITORAR_NO_RTD,Liquidez score 49.2 ≥ 30 — monitorar confirmação via RTD.
ABEV3,ABEVK151,CALL,15.17,2026-11-19,176,LONGO,2.12,66.0,CONTINUACAO_ALTA,"Trava de Alta, Call Debit Spread",59.8,MONITORAR_NO_RTD,Liquidez score 66.0 ≥ 30 — monitorar confirmação via RTD.
BBDC4,BBDCC192,CALL,19.21,2027-03-19,296,EXTRA_LONGO,2.1,66.0,RECUPERACAO_APOS_QUEDA,"Call Longa, Trava de Alta, Call Debit Spread",59.8,MONITORAR_NO_RTD,Liquidez score 66.0 ≥ 30 — monitorar confirmação via RTD.
SUZB3,SUZBT563,PUT,56.38,2026-08-21,86,MEDIO,12.73,66.0,RECUPERACAO_APOS_QUEDA,"Call Longa, Trava de Alta, Call Debit Spread",59.8,MONITORAR_NO_RTD,Liquidez score 66.0 ≥ 30 — monitorar confirmação via RTD.
PRIO3,PRIOT635,PUT,63.5,2026-08-21,86,MEDIO,2.7,65.6,LATERALIDADE,Monitorar — Iron Condor futuro,59.7,MONITORAR_NO_RTD,Liquidez score 65.6 ≥ 30 — monitorar confirmação via RTD.
HAPV3,HAPVR142,PUT,14.25,2026-06-19,23,CURTO,2.23,48.9,CONTINUACAO_BAIXA,"Trava de Baixa, Put Debit Spread",59.7,MONITORAR_NO_RTD,Liquidez score 48.9 ≥ 30 — monitorar confirmação via RTD.
PETR4,PETRF152,CALL,14.69,2026-06-19,23,CURTO,31.06,49.0,CONTINUACAO_BAIXA,"Trava de Baixa, Put Debit Spread",59.7,MONITORAR_NO_RTD,Liquidez score 49.0 ≥ 30 — monitorar confirmação via RTD.
ITUB4,ITUBV422,PUT,41.89,2026-10-16,142,LONGO,2.65,65.6,RECUPERACAO_APOS_QUEDA,"Call Longa, Trava de Alta, Call Debit Spread",59.7,MONITORAR_NO_RTD,Liquidez score 65.6 ≥ 30 — monitorar confirmação via RTD.
BPAC11,BPACS616,PUT,61.69,2026-07-17,51,MEDIO,6.43,65.6,RECUPERACAO_APOS_QUEDA,"Call Longa, Trava de Alta, Call Debit Spread",59.7,MONITORAR_NO_RTD,Liquidez score 65.6 ≥ 30 — monitorar confirmação via RTD.
BBDC4,BBDCK12,CALL,11.43,2026-11-19,176,LONGO,7.69,82.4,RECUPERACAO_APOS_QUEDA,"Call Longa, Trava de Alta, Call Debit Spread",59.7,MONITORAR_NO_RTD,Liquidez score 82.4 ≥ 30 — monitorar confirmação via RTD.
VALE3,VALEH729,CALL,72.96,2026-08-21,86,MEDIO,19.62,98.9,LATERALIDADE,Monitorar — Iron Condor futuro,59.7,MONITORAR_NO_RTD,Liquidez score 98.9 ≥ 30 — monitorar confirmação via RTD.
WEGE3,WEGEV440,PUT,41.96,2026-10-16,142,LONGO,0.98,32.4,RECUPERACAO_APOS_QUEDA,"Call Longa, Trava de Alta, Call Debit Spread",59.7,MONITORAR_NO_RTD,Liquidez score 32.4 ≥ 30 — monitorar confirmação via RTD.
VALE3,VALEQ780W5,PUT,78.0,2026-05-29,2,CURTO,0.08,49.1,LATERALIDADE,Monitorar — Iron Condor futuro,59.7,MONITORAR_NO_RTD,Liquidez score 49.1 ≥ 30 — monitorar confirmação via RTD.
ITUB4,ITUBH300,CALL,30.06,2026-08-21,86,MEDIO,13.46,65.6,RECUPERACAO_APOS_QUEDA,"Call Longa, Trava de Alta, Call Debit Spread",59.7,MONITORAR_NO_RTD,Liquidez score 65.6 ≥ 30 — monitorar confirmação via RTD.
SUZB3,SUZBR476,PUT,47.67,2026-06-19,23,CURTO,5.38,49.1,RECUPERACAO_APOS_QUEDA,"Call Longa, Trava de Alta, Call Debit Spread",59.7,MONITORAR_NO_RTD,Liquidez score 49.1 ≥ 30 — monitorar confirmação via RTD.
PETR4,PETRD51,CALL,49.46,2027-04-16,324,EXTRA_LONGO,6.26,99.0,CONTINUACAO_BAIXA,"Trava de Baixa, Put Debit Spread",59.7,MONITORAR_NO_RTD,Liquidez score 99.0 ≥ 30 — monitorar confirmação via RTD.
PRIO3,PRIOE700W5,CALL,70.0,2026-05-29,2,CURTO,1.05,48.9,LATERALIDADE,Monitorar — Iron Condor futuro,59.7,MONITORAR_NO_RTD,Liquidez score 48.9 ≥ 30 — monitorar confirmação via RTD.
VALE3,VALEF702,CALL,62.68,2026-06-19,23,CURTO,19.75,82.4,LATERALIDADE,Monitorar — Iron Condor futuro,59.7,CANDIDATA_PROXIMO_PREGAO,Liquidez score 82.4 ≥ 50 com vencimento CURTO — candidata para próximo pregão.
PETR4,PETRU394,PUT,38.94,2026-09-18,114,LONGO,0.76,82.3,CONTINUACAO_BAIXA,"Trava de Baixa, Put Debit Spread",59.7,MONITORAR_NO_RTD,Liquidez score 82.3 ≥ 30 — monitorar confirmação via RTD.
CPLE6,CPLEG152,CALL,15.03,2026-07-17,51,MEDIO,0.59,32.3,CONTINUACAO_ALTA,"Trava de Alta, Call Debit Spread",59.7,MONITORAR_NO_RTD,Liquidez score 32.3 ≥ 30 — monitorar confirmação via RTD.
PETR4,PETRH537,CALL,53.19,2026-08-21,86,MEDIO,1.18,65.3,CONTINUACAO_BAIXA,"Trava de Baixa, Put Debit Spread",59.6,MONITORAR_NO_RTD,Liquidez score 65.3 ≥ 30 — monitorar confirmação via RTD.
ITUB4,ITUBI38,CALL,38.07,2026-09-18,114,LONGO,6.43,65.3,RECUPERACAO_APOS_QUEDA,"Call Longa, Trava de Alta, Call Debit Spread",59.6,MONITORAR_NO_RTD,Liquidez score 65.3 ≥ 30 — monitorar confirmação via RTD.
PETR4,PETRI442,CALL,44.23,2026-09-18,114,LONGO,8.9,32.0,CONTINUACAO_BAIXA,"Trava de Baixa, Put Debit Spread",59.6,MONITORAR_NO_RTD,Liquidez score 32.0 ≥ 30 — monitorar confirmação via RTD.
PRIO3,PRIOF575,CALL,57.5,2026-06-19,23,CURTO,12.45,81.9,LATERALIDADE,Monitorar — Iron Condor futuro,59.6,CANDIDATA_PROXIMO_PREGAO,Liquidez score 81.9 ≥ 50 com vencimento CURTO — candidata para próximo pregão.
BPAC11,BPACH640,CALL,64.02,2026-08-21,86,MEDIO,1.16,65.3,RECUPERACAO_APOS_QUEDA,"Call Longa, Trava de Alta, Call Debit Spread",59.6,MONITORAR_NO_RTD,Liquidez score 65.3 ≥ 30 — monitorar confirmação via RTD.
GGBR4,GGBRT380,PUT,37.85,2026-08-21,86,MEDIO,13.43,65.3,CONTINUACAO_ALTA,"Trava de Alta, Call Debit Spread",59.6,MONITORAR_NO_RTD,Liquidez score 65.3 ≥ 30 — monitorar confirmação via RTD.
BBAS3,BBASR284,PUT,28.1,2026-06-19,23,CURTO,7.1,48.6,RECUPERACAO_APOS_QUEDA,"Call Longa, Trava de Alta, Call Debit Spread",59.6,MONITORAR_NO_RTD,Liquidez score 48.6 ≥ 30 — monitorar confirmação via RTD.
ABEV3,ABEVG169,CALL,16.92,2026-07-17,51,MEDIO,0.38,31.9,CONTINUACAO_ALTA,"Trava de Alta, Call Debit Spread",59.6,MONITORAR_NO_RTD,Liquidez score 31.9 ≥ 30 — monitorar confirmação via RTD.
VALE3,VALEF444,CALL,44.43,2026-06-19,23,CURTO,35.2,82.0,LATERALIDADE,Monitorar — Iron Condor futuro,59.6,CANDIDATA_PROXIMO_PREGAO,Liquidez score 82.0 ≥ 50 com vencimento CURTO — candidata para próximo pregão.
BPAC11,BPACR560,PUT,56.05,2026-06-19,23,CURTO,3.15,32.1,RECUPERACAO_APOS_QUEDA,"Call Longa, Trava de Alta, Call Debit Spread",59.6,MONITORAR_NO_RTD,Liquidez score 32.1 ≥ 30 — monitorar confirmação via RTD.
PETR4,PETRF322W4,CALL,32.23,2026-06-26,30,CURTO,15.78,48.5,CONTINUACAO_BAIXA,"Trava de Baixa, Put Debit Spread",59.5,MONITORAR_NO_RTD,Liquidez score 48.5 ≥ 30 — monitorar confirmação via RTD.
RENT3,RENTG560,CALL,55.57,2026-07-17,51,MEDIO,0.2,65.0,RECUPERACAO_APOS_QUEDA,"Call Longa, Trava de Alta, Call Debit Spread",59.5,MONITORAR_NO_RTD,Liquidez score 65.0 ≥ 30 — monitorar confirmação via RTD.
PETR4,PETRF562,CALL,55.69,2026-06-19,23,CURTO,0.07,48.3,CONTINUACAO_BAIXA,"Trava de Baixa, Put Debit Spread",59.5,MONITORAR_NO_RTD,Liquidez score 48.3 ≥ 30 — monitorar confirmação via RTD.
BBAS3,BBAST229,PUT,23.02,2026-08-21,86,MEDIO,2.1,48.2,RECUPERACAO_APOS_QUEDA,"Call Longa, Trava de Alta, Call Debit Spread",59.5,MONITORAR_NO_RTD,Liquidez score 48.2 ≥ 30 — monitorar confirmação via RTD.
GGBR4,GGBRE235W5,CALL,23.32,2026-05-29,2,CURTO,0.73,31.8,CONTINUACAO_ALTA,"Trava de Alta, Call Debit Spread",59.5,MONITORAR_NO_RTD,Liquidez score 31.8 ≥ 30 — monitorar confirmação via RTD.
GGBR4,GGBRR259,PUT,25.68,2026-06-19,23,CURTO,1.74,31.8,CONTINUACAO_ALTA,"Trava de Alta, Call Debit Spread",59.5,MONITORAR_NO_RTD,Liquidez score 31.8 ≥ 30 — monitorar confirmação via RTD.
BBAS3,BBASR186,PUT,18.6,2026-06-19,23,CURTO,0.06,48.5,RECUPERACAO_APOS_QUEDA,"Call Longa, Trava de Alta, Call Debit Spread",59.5,MONITORAR_NO_RTD,Liquidez score 48.5 ≥ 30 — monitorar confirmação via RTD.
ITUB4,ITUBG379,CALL,34.45,2026-07-17,51,MEDIO,11.7,65.1,RECUPERACAO_APOS_QUEDA,"Call Longa, Trava de Alta, Call Debit Spread",59.5,MONITORAR_NO_RTD,Liquidez score 65.1 ≥ 30 — monitorar confirmação via RTD.
BBAS3,BBASF168,CALL,16.85,2026-06-19,23,CURTO,4.01,48.2,RECUPERACAO_APOS_QUEDA,"Call Longa, Trava de Alta, Call Debit Spread",59.5,MONITORAR_NO_RTD,Liquidez score 48.2 ≥ 30 — monitorar confirmação via RTD.
RENT3,RENTR488,PUT,48.37,2026-06-19,23,CURTO,4.3,48.4,RECUPERACAO_APOS_QUEDA,"Call Longa, Trava de Alta, Call Debit Spread",59.5,MONITORAR_NO_RTD,Liquidez score 48.4 ≥ 30 — monitorar confirmação via RTD.
ENEV3,ENEVS215,PUT,21.5,2026-07-17,51,MEDIO,0.25,48.5,PROTECAO_CARTEIRA,"Protective Put, Collar",59.5,MONITORAR_NO_RTD,Liquidez score 48.5 ≥ 30 — monitorar confirmação via RTD.
BBDC4,BBDCH206,CALL,19.39,2026-08-21,86,MEDIO,0.6,31.8,RECUPERACAO_APOS_QUEDA,"Call Longa, Trava de Alta, Call Debit Spread",59.5,MONITORAR_NO_RTD,Liquidez score 31.8 ≥ 30 — monitorar confirmação via RTD.
SUZB3,SUZBG431,CALL,43.13,2026-07-17,51,MEDIO,1.28,31.5,RECUPERACAO_APOS_QUEDA,"Call Longa, Trava de Alta, Call Debit Spread",59.5,MONITORAR_NO_RTD,Liquidez score 31.5 ≥ 30 — monitorar confirmação via RTD.
RENT3,RENTF505,CALL,50.12,2026-06-19,23,CURTO,0.53,48.4,RECUPERACAO_APOS_QUEDA,"Call Longa, Trava de Alta, Call Debit Spread",59.5,MONITORAR_NO_RTD,Liquidez score 48.4 ≥ 30 — monitorar confirmação via RTD.
PETR4,PETRF597,CALL,59.19,2026-06-19,23,CURTO,0.03,48.4,CONTINUACAO_BAIXA,"Trava de Baixa, Put Debit Spread",59.5,MONITORAR_NO_RTD,Liquidez score 48.4 ≥ 30 — monitorar confirmação via RTD.
VALE3,VALEG916,CALL,91.65,2026-07-17,51,MEDIO,1.11,64.9,LATERALIDADE,Monitorar — Iron Condor futuro,59.5,MONITORAR_NO_RTD,Liquidez score 64.9 ≥ 30 — monitorar confirmação via RTD.
RENT3,RENTS478,PUT,47.82,2026-07-17,51,MEDIO,4.67,48.2,RECUPERACAO_APOS_QUEDA,"Call Longa, Trava de Alta, Call Debit Spread",59.5,MONITORAR_NO_RTD,Liquidez score 48.2 ≥ 30 — monitorar confirmação via RTD.
BBDC4,BBDCF132,CALL,13.01,2026-06-19,23,CURTO,4.74,48.2,RECUPERACAO_APOS_QUEDA,"Call Longa, Trava de Alta, Call Debit Spread",59.5,MONITORAR_NO_RTD,Liquidez score 48.2 ≥ 30 — monitorar confirmação via RTD.
RADL3,RADLR210,PUT,20.12,2026-06-19,23,CURTO,1.36,31.5,CONTINUACAO_BAIXA,"Trava de Baixa, Put Debit Spread",59.5,MONITORAR_NO_RTD,Liquidez score 31.5 ≥ 30 — monitorar confirmação via RTD.
SUZB3,SUZBF399,CALL,39.92,2026-06-19,23,CURTO,2.72,31.5,RECUPERACAO_APOS_QUEDA,"Call Longa, Trava de Alta, Call Debit Spread",59.5,MONITORAR_NO_RTD,Liquidez score 31.5 ≥ 30 — monitorar confirmação via RTD.
HAPV3,HAPVF150,CALL,15.0,2026-06-19,23,CURTO,0.1,48.3,CONTINUACAO_BAIXA,"Trava de Baixa, Put Debit Spread",59.5,MONITORAR_NO_RTD,Liquidez score 48.3 ≥ 30 — monitorar confirmação via RTD.
PETR4,PETRR389,PUT,38.44,2026-06-19,23,CURTO,0.16,48.4,CONTINUACAO_BAIXA,"Trava de Baixa, Put Debit Spread",59.5,MONITORAR_NO_RTD,Liquidez score 48.4 ≥ 30 — monitorar confirmação via RTD.
CPLE6,CPLEH155,CALL,15.3,2026-08-21,86,MEDIO,0.98,31.3,CONTINUACAO_ALTA,"Trava de Alta, Call Debit Spread",59.4,MONITORAR_NO_RTD,Liquidez score 31.3 ≥ 30 — monitorar confirmação via RTD.
HAPV3,HAPVS125,PUT,12.5,2026-07-17,51,MEDIO,1.07,48.1,CONTINUACAO_BAIXA,"Trava de Baixa, Put Debit Spread",59.4,MONITORAR_NO_RTD,Liquidez score 48.1 ≥ 30 — monitorar confirmação via RTD.
ITUB4,ITUBH456,CALL,45.31,2026-08-21,86,MEDIO,0.58,64.8,RECUPERACAO_APOS_QUEDA,"Call Longa, Trava de Alta, Call Debit Spread",59.4,MONITORAR_NO_RTD,Liquidez score 64.8 ≥ 30 — monitorar confirmação via RTD.
WEGE3,WEGEF389W1,CALL,38.92,2026-06-05,9,CURTO,11.56,31.3,RECUPERACAO_APOS_QUEDA,"Call Longa, Trava de Alta, Call Debit Spread",59.4,MONITORAR_NO_RTD,Liquidez score 31.3 ≥ 30 — monitorar confirmação via RTD.
B3SA3,B3SAI192,CALL,19.14,2026-09-18,114,LONGO,0.7,64.8,RECUPERACAO_APOS_QUEDA,"Call Longa, Trava de Alta, Call Debit Spread",59.4,MONITORAR_NO_RTD,Liquidez score 64.8 ≥ 30 — monitorar confirmação via RTD.
BBAS3,BBASS315,PUT,31.51,2026-07-17,51,MEDIO,9.83,64.7,RECUPERACAO_APOS_QUEDA,"Call Longa, Trava de Alta, Call Debit Spread",59.4,MONITORAR_NO_RTD,Liquidez score 64.7 ≥ 30 — monitorar confirmação via RTD.
CPLE6,CPLEH120,CALL,12.05,2026-08-21,86,MEDIO,3.32,64.7,CONTINUACAO_ALTA,"Trava de Alta, Call Debit Spread",59.4,MONITORAR_NO_RTD,Liquidez score 64.7 ≥ 30 — monitorar confirmação via RTD.
HAPV3,HAPVF105,CALL,10.5,2026-06-19,23,CURTO,1.82,47.9,CONTINUACAO_BAIXA,"Trava de Baixa, Put Debit Spread",59.4,MONITORAR_NO_RTD,Liquidez score 47.9 ≥ 30 — monitorar confirmação via RTD.
HAPV3,HAPVF150W2,CALL,15.0,2026-06-12,16,CURTO,0.22,48.1,CONTINUACAO_BAIXA,"Trava de Baixa, Put Debit Spread",59.4,MONITORAR_NO_RTD,Liquidez score 48.1 ≥ 30 — monitorar confirmação via RTD.
EGIE3,EGIEF307,CALL,30.25,2026-06-19,23,CURTO,2.46,31.2,RECUPERACAO_APOS_QUEDA,"Call Longa, Trava de Alta, Call Debit Spread",59.4,MONITORAR_NO_RTD,Liquidez score 31.2 ≥ 30 — monitorar confirmação via RTD.
PRIO3,PRIOQ700W5,PUT,70.0,2026-05-29,2,CURTO,2.36,64.4,LATERALIDADE,Monitorar — Iron Condor futuro,59.3,CANDIDATA_PROXIMO_PREGAO,Liquidez score 64.4 ≥ 50 com vencimento CURTO — candidata para próximo pregão.
PRIO3,PRIOQ640W5,PUT,64.0,2026-05-29,2,CURTO,0.32,47.8,LATERALIDADE,Monitorar — Iron Condor futuro,59.3,MONITORAR_NO_RTD,Liquidez score 47.8 ≥ 30 — monitorar confirmação via RTD.
RADL3,RADLF205W4,CALL,20.56,2026-06-26,30,CURTO,0.26,47.6,CONTINUACAO_BAIXA,"Trava de Baixa, Put Debit Spread",59.3,MONITORAR_NO_RTD,Liquidez score 47.6 ≥ 30 — monitorar confirmação via RTD.
PETR4,PETRR400,PUT,38.19,2026-06-19,23,CURTO,0.14,47.6,CONTINUACAO_BAIXA,"Trava de Baixa, Put Debit Spread",59.3,MONITORAR_NO_RTD,Liquidez score 47.6 ≥ 30 — monitorar confirmação via RTD.
RADL3,RADLS166,PUT,16.62,2026-07-17,51,MEDIO,0.32,31.1,CONTINUACAO_BAIXA,"Trava de Baixa, Put Debit Spread",59.3,MONITORAR_NO_RTD,Liquidez score 31.1 ≥ 30 — monitorar confirmação via RTD.
ITUB4,ITUBR473W2,PUT,47.36,2026-06-12,16,CURTO,6.32,47.6,RECUPERACAO_APOS_QUEDA,"Call Longa, Trava de Alta, Call Debit Spread",59.3,MONITORAR_NO_RTD,Liquidez score 47.6 ≥ 30 — monitorar confirmação via RTD.
ITUB4,ITUBG288,CALL,25.44,2026-07-17,51,MEDIO,17.48,64.5,RECUPERACAO_APOS_QUEDA,"Call Longa, Trava de Alta, Call Debit Spread",59.3,MONITORAR_NO_RTD,Liquidez score 64.5 ≥ 30 — monitorar confirmação via RTD.
ABEV3,ABEVR201,PUT,20.17,2026-06-19,23,CURTO,3.15,47.7,CONTINUACAO_ALTA,"Trava de Alta, Call Debit Spread",59.3,MONITORAR_NO_RTD,Liquidez score 47.7 ≥ 30 — monitorar confirmação via RTD.
BBDC4,BBDCS166,PUT,16.39,2026-07-17,51,MEDIO,1.01,31.1,RECUPERACAO_APOS_QUEDA,"Call Longa, Trava de Alta, Call Debit Spread",59.3,MONITORAR_NO_RTD,Liquidez score 31.1 ≥ 30 — monitorar confirmação via RTD.
BBDC4,BBDCR159,PUT,15.49,2026-06-19,23,CURTO,0.41,47.6,RECUPERACAO_APOS_QUEDA,"Call Longa, Trava de Alta, Call Debit Spread",59.3,MONITORAR_NO_RTD,Liquidez score 47.6 ≥ 30 — monitorar confirmação via RTD.
ITUB4,ITUBR475,PUT,47.19,2026-06-19,23,CURTO,6.63,47.6,RECUPERACAO_APOS_QUEDA,"Call Longa, Trava de Alta, Call Debit Spread",59.3,MONITORAR_NO_RTD,Liquidez score 47.6 ≥ 30 — monitorar confirmação via RTD.
PRIO3,PRIOG670,CALL,67.0,2026-07-17,51,MEDIO,5.63,80.9,LATERALIDADE,Monitorar — Iron Condor futuro,59.3,MONITORAR_NO_RTD,Liquidez score 80.9 ≥ 30 — monitorar confirmação via RTD.
BBAS3,BBASF163,CALL,16.1,2026-06-19,23,CURTO,4.66,47.6,RECUPERACAO_APOS_QUEDA,"Call Longa, Trava de Alta, Call Debit Spread",59.3,MONITORAR_NO_RTD,Liquidez score 47.6 ≥ 30 — monitorar confirmação via RTD.
BBDC4,BBDCS304,PUT,30.18,2026-07-17,51,MEDIO,9.5,64.0,RECUPERACAO_APOS_QUEDA,"Call Longa, Trava de Alta, Call Debit Spread",59.2,MONITORAR_NO_RTD,Liquidez score 64.0 ≥ 30 — monitorar confirmação via RTD.
RADL3,RADLS241,PUT,24.12,2026-07-17,51,MEDIO,1.66,64.0,CONTINUACAO_BAIXA,"Trava de Baixa, Put Debit Spread",59.2,MONITORAR_NO_RTD,Liquidez score 64.0 ≥ 30 — monitorar confirmação via RTD.
ITUB4,ITUBG312,CALL,27.87,2026-07-17,51,MEDIO,13.03,64.0,RECUPERACAO_APOS_QUEDA,"Call Longa, Trava de Alta, Call Debit Spread",59.2,MONITORAR_NO_RTD,Liquidez score 64.0 ≥ 30 — monitorar confirmação via RTD.
ITUB4,ITUBG32,CALL,32.33,2026-07-17,51,MEDIO,8.7,64.0,RECUPERACAO_APOS_QUEDA,"Call Longa, Trava de Alta, Call Debit Spread",59.2,MONITORAR_NO_RTD,Liquidez score 64.0 ≥ 30 — monitorar confirmação via RTD.
PETR4,PETRG217,CALL,20.98,2026-07-17,51,MEDIO,26.4,64.0,CONTINUACAO_BAIXA,"Trava de Baixa, Put Debit Spread",59.2,MONITORAR_NO_RTD,Liquidez score 64.0 ≥ 30 — monitorar confirmação via RTD.
PETR4,PETRT737,PUT,73.73,2026-08-21,86,MEDIO,22.0,64.0,CONTINUACAO_BAIXA,"Trava de Baixa, Put Debit Spread",59.2,MONITORAR_NO_RTD,Liquidez score 64.0 ≥ 30 — monitorar confirmação via RTD.
PETR4,PETRT727,PUT,72.73,2026-08-21,86,MEDIO,20.0,64.0,CONTINUACAO_BAIXA,"Trava de Baixa, Put Debit Spread",59.2,MONITORAR_NO_RTD,Liquidez score 64.0 ≥ 30 — monitorar confirmação via RTD.
ITUB4,ITUBT470,PUT,47.06,2026-08-21,86,MEDIO,5.16,64.0,RECUPERACAO_APOS_QUEDA,"Call Longa, Trava de Alta, Call Debit Spread",59.2,MONITORAR_NO_RTD,Liquidez score 64.0 ≥ 30 — monitorar confirmação via RTD.
B3SA3,B3SAP188,PUT,18.8,2027-04-16,324,EXTRA_LONGO,2.22,80.8,RECUPERACAO_APOS_QUEDA,"Call Longa, Trava de Alta, Call Debit Spread",59.2,MONITORAR_NO_RTD,Liquidez score 80.8 ≥ 30 — monitorar confirmação via RTD.
ITUB4,ITUBG343,CALL,30.78,2026-07-17,51,MEDIO,12.5,64.0,RECUPERACAO_APOS_QUEDA,"Call Longa, Trava de Alta, Call Debit Spread",59.2,MONITORAR_NO_RTD,Liquidez score 64.0 ≥ 30 — monitorar confirmação via RTD.
PETR4,PETRS566,PUT,56.69,2026-07-17,51,MEDIO,11.34,64.0,CONTINUACAO_BAIXA,"Trava de Baixa, Put Debit Spread",59.2,MONITORAR_NO_RTD,Liquidez score 64.0 ≥ 30 — monitorar confirmação via RTD.
PETR4,PETRG38,CALL,36.94,2026-07-17,51,MEDIO,8.38,64.1,CONTINUACAO_BAIXA,"Trava de Baixa, Put Debit Spread",59.2,MONITORAR_NO_RTD,Liquidez score 64.1 ≥ 30 — monitorar confirmação via RTD.
B3SA3,B3SAK120,CALL,12.04,2026-11-19,176,LONGO,6.13,64.0,RECUPERACAO_APOS_QUEDA,"Call Longa, Trava de Alta, Call Debit Spread",59.2,MONITORAR_NO_RTD,Liquidez score 64.0 ≥ 30 — monitorar confirmação via RTD.
PETR4,PETRG336W4,CALL,33.69,2026-07-24,58,MEDIO,12.25,64.0,CONTINUACAO_BAIXA,"Trava de Baixa, Put Debit Spread",59.2,MONITORAR_NO_RTD,Liquidez score 64.0 ≥ 30 — monitorar confirmação via RTD.
PRIO3,PRIOR620,PUT,62.0,2026-06-19,23,CURTO,0.9,80.8,LATERALIDADE,Monitorar — Iron Condor futuro,59.2,CANDIDATA_PROXIMO_PREGAO,Liquidez score 80.8 ≥ 50 com vencimento CURTO — candidata para próximo pregão.
ITUB4,ITUBS547,PUT,54.75,2026-07-17,51,MEDIO,13.7,64.0,RECUPERACAO_APOS_QUEDA,"Call Longa, Trava de Alta, Call Debit Spread",59.2,MONITORAR_NO_RTD,Liquidez score 64.0 ≥ 30 — monitorar confirmação via RTD.
BBAS3,BBAST345,PUT,34.52,2026-08-21,86,MEDIO,12.5,64.0,RECUPERACAO_APOS_QUEDA,"Call Longa, Trava de Alta, Call Debit Spread",59.2,MONITORAR_NO_RTD,Liquidez score 64.0 ≥ 30 — monitorar confirmação via RTD.
WEGE3,WEGEL477,CALL,45.96,2026-12-18,205,EXTRA_LONGO,6.01,64.0,RECUPERACAO_APOS_QUEDA,"Call Longa, Trava de Alta, Call Debit Spread",59.2,MONITORAR_NO_RTD,Liquidez score 64.0 ≥ 30 — monitorar confirmação via RTD.
WEGE3,WEGEI401,CALL,40.03,2026-09-18,114,LONGO,6.29,64.0,RECUPERACAO_APOS_QUEDA,"Call Longa, Trava de Alta, Call Debit Spread",59.2,MONITORAR_NO_RTD,Liquidez score 64.0 ≥ 30 — monitorar confirmação via RTD.
ABEV3,ABEVH145,CALL,14.54,2026-08-21,86,MEDIO,2.05,64.0,CONTINUACAO_ALTA,"Trava de Alta, Call Debit Spread",59.2,MONITORAR_NO_RTD,Liquidez score 64.0 ≥ 30 — monitorar confirmação via RTD.
PETR4,PETRU417,PUT,41.19,2026-09-18,114,LONGO,1.2,47.2,CONTINUACAO_BAIXA,"Trava de Baixa, Put Debit Spread",59.2,MONITORAR_NO_RTD,Liquidez score 47.2 ≥ 30 — monitorar confirmação via RTD.
PETR4,PETRH252,CALL,24.69,2026-08-21,86,MEDIO,22.2,64.0,CONTINUACAO_BAIXA,"Trava de Baixa, Put Debit Spread",59.2,MONITORAR_NO_RTD,Liquidez score 64.0 ≥ 30 — monitorar confirmação via RTD.
RADL3,RADLT221,PUT,22.12,2026-08-21,86,MEDIO,1.55,64.0,CONTINUACAO_BAIXA,"Trava de Baixa, Put Debit Spread",59.2,MONITORAR_NO_RTD,Liquidez score 64.0 ≥ 30 — monitorar confirmação via RTD.
PETR4,PETRK437,CALL,43.21,2026-11-19,176,LONGO,11.0,64.0,CONTINUACAO_BAIXA,"Trava de Baixa, Put Debit Spread",59.2,MONITORAR_NO_RTD,Liquidez score 64.0 ≥ 30 — monitorar confirmação via RTD.
PETR4,PETRG734,CALL,7.34,2026-07-17,51,MEDIO,37.81,64.0,CONTINUACAO_BAIXA,"Trava de Baixa, Put Debit Spread",59.2,MONITORAR_NO_RTD,Liquidez score 64.0 ≥ 30 — monitorar confirmação via RTD.
ABEV3,ABEVH125,CALL,12.54,2026-08-21,86,MEDIO,3.96,64.0,CONTINUACAO_ALTA,"Trava de Alta, Call Debit Spread",59.2,MONITORAR_NO_RTD,Liquidez score 64.0 ≥ 30 — monitorar confirmação via RTD.
BBDC4,BBDCS252,PUT,25.2,2026-07-17,51,MEDIO,5.2,64.0,RECUPERACAO_APOS_QUEDA,"Call Longa, Trava de Alta, Call Debit Spread",59.2,MONITORAR_NO_RTD,Liquidez score 64.0 ≥ 30 — monitorar confirmação via RTD.
ITUB4,ITUBI368,CALL,36.82,2026-09-18,114,LONGO,6.18,64.0,RECUPERACAO_APOS_QUEDA,"Call Longa, Trava de Alta, Call Debit Spread",59.2,MONITORAR_NO_RTD,Liquidez score 64.0 ≥ 30 — monitorar confirmação via RTD.
VALE3,VALEF647,CALL,57.68,2026-06-19,23,CURTO,24.73,80.8,LATERALIDADE,Monitorar — Iron Condor futuro,59.2,CANDIDATA_PROXIMO_PREGAO,Liquidez score 80.8 ≥ 50 com vencimento CURTO — candidata para próximo pregão.
ENEV3,ENEVS280,PUT,28.0,2026-07-17,51,MEDIO,2.77,47.3,PROTECAO_CARTEIRA,"Protective Put, Collar",59.2,MONITORAR_NO_RTD,Liquidez score 47.3 ≥ 30 — monitorar confirmação via RTD.
BBAS3,BBASJ200,CALL,20.02,2026-10-16,142,LONGO,3.0,64.0,RECUPERACAO_APOS_QUEDA,"Call Longa, Trava de Alta, Call Debit Spread",59.2,MONITORAR_NO_RTD,Liquidez score 64.0 ≥ 30 — monitorar confirmação via RTD.
RENT3,RENTT147,PUT,147.07,2026-08-21,86,MEDIO,88.0,64.0,RECUPERACAO_APOS_QUEDA,"Call Longa, Trava de Alta, Call Debit Spread",59.2,MONITORAR_NO_RTD,Liquidez score 64.0 ≥ 30 — monitorar confirmação via RTD.
BPAC11,BPACT660,PUT,66.02,2026-08-21,86,MEDIO,5.35,64.0,RECUPERACAO_APOS_QUEDA,"Call Longa, Trava de Alta, Call Debit Spread",59.2,MONITORAR_NO_RTD,Liquidez score 64.0 ≥ 30 — monitorar confirmação via RTD.
ABEV3,ABEVH12,CALL,12.04,2026-08-21,86,MEDIO,4.12,64.0,CONTINUACAO_ALTA,"Trava de Alta, Call Debit Spread",59.2,MONITORAR_NO_RTD,Liquidez score 64.0 ≥ 30 — monitorar confirmação via RTD.
ITUB4,ITUBH347,CALL,34.79,2026-08-21,86,MEDIO,14.15,64.0,RECUPERACAO_APOS_QUEDA,"Call Longa, Trava de Alta, Call Debit Spread",59.2,MONITORAR_NO_RTD,Liquidez score 64.0 ≥ 30 — monitorar confirmação via RTD.
BBAS3,BBASH279,CALL,28.02,2026-08-21,86,MEDIO,0.01,64.0,RECUPERACAO_APOS_QUEDA,"Call Longa, Trava de Alta, Call Debit Spread",59.2,MONITORAR_NO_RTD,Liquidez score 64.0 ≥ 30 — monitorar confirmação via RTD.
ITUB4,ITUBI373,CALL,37.32,2026-09-18,114,LONGO,5.3,64.0,RECUPERACAO_APOS_QUEDA,"Call Longa, Trava de Alta, Call Debit Spread",59.2,MONITORAR_NO_RTD,Liquidez score 64.0 ≥ 30 — monitorar confirmação via RTD.
ITUB4,ITUBK363,CALL,36.35,2026-11-19,176,LONGO,8.13,64.0,RECUPERACAO_APOS_QUEDA,"Call Longa, Trava de Alta, Call Debit Spread",59.2,MONITORAR_NO_RTD,Liquidez score 64.0 ≥ 30 — monitorar confirmação via RTD.
PETR4,PETRG210,CALL,20.23,2026-07-17,51,MEDIO,26.52,64.0,CONTINUACAO_BAIXA,"Trava de Baixa, Put Debit Spread",59.2,MONITORAR_NO_RTD,Liquidez score 64.0 ≥ 30 — monitorar confirmação via RTD.
PETR4,PETRG347,CALL,33.44,2026-07-17,51,MEDIO,11.73,64.0,CONTINUACAO_BAIXA,"Trava de Baixa, Put Debit Spread",59.2,MONITORAR_NO_RTD,Liquidez score 64.0 ≥ 30 — monitorar confirmação via RTD.
ABEV3,ABEVG161,CALL,15.42,2026-07-17,51,MEDIO,1.23,47.4,CONTINUACAO_ALTA,"Trava de Alta, Call Debit Spread",59.2,MONITORAR_NO_RTD,Liquidez score 47.4 ≥ 30 — monitorar confirmação via RTD.
PETR4,PETRG201,CALL,18.19,2026-07-17,51,MEDIO,27.86,64.0,CONTINUACAO_BAIXA,"Trava de Baixa, Put Debit Spread",59.2,MONITORAR_NO_RTD,Liquidez score 64.0 ≥ 30 — monitorar confirmação via RTD.
CMIG4,CMIGG142,CALL,12.49,2026-07-17,51,MEDIO,0.1,64.0,RECUPERACAO_APOS_QUEDA,"Call Longa, Trava de Alta, Call Debit Spread",59.2,MONITORAR_NO_RTD,Liquidez score 64.0 ≥ 30 — monitorar confirmação via RTD.
BBDC4,BBDCL194,CALL,19.41,2026-12-18,205,EXTRA_LONGO,2.7,64.0,RECUPERACAO_APOS_QUEDA,"Call Longa, Trava de Alta, Call Debit Spread",59.2,MONITORAR_NO_RTD,Liquidez score 64.0 ≥ 30 — monitorar confirmação via RTD.
RENT3,RENTS463,PUT,46.32,2026-07-17,51,MEDIO,4.01,47.5,RECUPERACAO_APOS_QUEDA,"Call Longa, Trava de Alta, Call Debit Spread",59.2,MONITORAR_NO_RTD,Liquidez score 47.5 ≥ 30 — monitorar confirmação via RTD.
VALE3,VALEF811W4,CALL,81.18,2026-06-26,30,CURTO,7.9,64.0,LATERALIDADE,Monitorar — Iron Condor futuro,59.2,CANDIDATA_PROXIMO_PREGAO,Liquidez score 64.0 ≥ 50 com vencimento CURTO — candidata para próximo pregão.
BBAS3,BBASF171,CALL,17.1,2026-06-19,23,CURTO,3.74,47.4,RECUPERACAO_APOS_QUEDA,"Call Longa, Trava de Alta, Call Debit Spread",59.2,MONITORAR_NO_RTD,Liquidez score 47.4 ≥ 30 — monitorar confirmação via RTD.
WEGE3,WEGET400,PUT,39.96,2026-08-21,86,MEDIO,0.89,30.3,RECUPERACAO_APOS_QUEDA,"Call Longa, Trava de Alta, Call Debit Spread",59.1,MONITORAR_NO_RTD,Liquidez score 30.3 ≥ 30 — monitorar confirmação via RTD.
RENT3,RENTF493,CALL,48.87,2026-06-19,23,CURTO,0.52,47.1,RECUPERACAO_APOS_QUEDA,"Call Longa, Trava de Alta, Call Debit Spread",59.1,MONITORAR_NO_RTD,Liquidez score 47.1 ≥ 30 — monitorar confirmação via RTD.
RENT3,RENTF486,CALL,48.62,2026-06-19,23,CURTO,0.75,47.0,RECUPERACAO_APOS_QUEDA,"Call Longa, Trava de Alta, Call Debit Spread",59.1,MONITORAR_NO_RTD,Liquidez score 47.0 ≥ 30 — monitorar confirmação via RTD.
PETR4,PETRR545,PUT,53.96,2026-06-19,23,CURTO,4.58,47.1,CONTINUACAO_BAIXA,"Trava de Baixa, Put Debit Spread",59.1,MONITORAR_NO_RTD,Liquidez score 47.1 ≥ 30 — monitorar confirmação via RTD.
PETR4,PETRF572,CALL,56.69,2026-06-19,23,CURTO,0.05,47.1,CONTINUACAO_BAIXA,"Trava de Baixa, Put Debit Spread",59.1,MONITORAR_NO_RTD,Liquidez score 47.1 ≥ 30 — monitorar confirmação via RTD.
VALE3,VALEG78,CALL,78.0,2026-07-17,51,MEDIO,7.57,80.4,LATERALIDADE,Monitorar — Iron Condor futuro,59.1,MONITORAR_NO_RTD,Liquidez score 80.4 ≥ 30 — monitorar confirmação via RTD.
TAEE11,TAEES425,PUT,41.14,2026-07-17,51,MEDIO,2.27,47.1,RECUPERACAO_APOS_QUEDA,"Call Longa, Trava de Alta, Call Debit Spread",59.1,MONITORAR_NO_RTD,Liquidez score 47.1 ≥ 30 — monitorar confirmação via RTD.
PETR4,PETRJ384,CALL,37.88,2026-10-16,142,LONGO,10.91,80.4,CONTINUACAO_BAIXA,"Trava de Baixa, Put Debit Spread",59.1,MONITORAR_NO_RTD,Liquidez score 80.4 ≥ 30 — monitorar confirmação via RTD.
VALE3,VALES780,PUT,78.15,2026-07-17,51,MEDIO,1.18,63.8,LATERALIDADE,Monitorar — Iron Condor futuro,59.1,MONITORAR_NO_RTD,Liquidez score 63.8 ≥ 30 — monitorar confirmação via RTD.
ITUB4,ITUBF442,CALL,43.94,2026-06-19,23,CURTO,0.12,47.0,RECUPERACAO_APOS_QUEDA,"Call Longa, Trava de Alta, Call Debit Spread",59.1,MONITORAR_NO_RTD,Liquidez score 47.0 ≥ 30 — monitorar confirmação via RTD.
VALE3,VALER800W1,PUT,80.0,2026-06-05,9,CURTO,0.54,46.9,LATERALIDADE,Monitorar — Iron Condor futuro,59.1,MONITORAR_NO_RTD,Liquidez score 46.9 ≥ 30 — monitorar confirmação via RTD.
SUZB3,SUZBF474,CALL,47.42,2026-06-19,23,CURTO,0.08,47.1,RECUPERACAO_APOS_QUEDA,"Call Longa, Trava de Alta, Call Debit Spread",59.1,MONITORAR_NO_RTD,Liquidez score 47.1 ≥ 30 — monitorar confirmação via RTD.
PETR4,PETRF545,CALL,53.96,2026-06-19,23,CURTO,0.91,47.0,CONTINUACAO_BAIXA,"Trava de Baixa, Put Debit Spread",59.1,MONITORAR_NO_RTD,Liquidez score 47.0 ≥ 30 — monitorar confirmação via RTD.
CMIG4,CMIGR139,PUT,12.24,2026-06-19,23,CURTO,0.91,30.3,RECUPERACAO_APOS_QUEDA,"Call Longa, Trava de Alta, Call Debit Spread",59.1,MONITORAR_NO_RTD,Liquidez score 30.3 ≥ 30 — monitorar confirmação via RTD.
RENT3,RENTR486,PUT,48.62,2026-06-19,23,CURTO,5.26,46.7,RECUPERACAO_APOS_QUEDA,"Call Longa, Trava de Alta, Call Debit Spread",59.0,MONITORAR_NO_RTD,Liquidez score 46.7 ≥ 30 — monitorar confirmação via RTD.
PETR4,PETRF579,CALL,57.96,2026-06-19,23,CURTO,0.34,46.8,CONTINUACAO_BAIXA,"Trava de Baixa, Put Debit Spread",59.0,MONITORAR_NO_RTD,Liquidez score 46.8 ≥ 30 — monitorar confirmação via RTD.
BBDC4,BBDCR236W1,PUT,23.66,2026-06-05,9,CURTO,5.8,46.8,RECUPERACAO_APOS_QUEDA,"Call Longa, Trava de Alta, Call Debit Spread",59.0,MONITORAR_NO_RTD,Liquidez score 46.8 ≥ 30 — monitorar confirmação via RTD.
VALE3,VALEF601,CALL,60.18,2026-06-19,23,CURTO,22.86,80.0,LATERALIDADE,Monitorar — Iron Condor futuro,59.0,CANDIDATA_PROXIMO_PREGAO,Liquidez score 80.0 ≥ 50 com vencimento CURTO — candidata para próximo pregão.
PETR4,PETRR607,PUT,60.19,2026-06-19,23,CURTO,14.76,46.5,CONTINUACAO_BAIXA,"Trava de Baixa, Put Debit Spread",59.0,MONITORAR_NO_RTD,Liquidez score 46.5 ≥ 30 — monitorar confirmação via RTD.
BPAC11,BPACG511,CALL,51.19,2026-07-17,51,MEDIO,4.88,46.8,RECUPERACAO_APOS_QUEDA,"Call Longa, Trava de Alta, Call Debit Spread",59.0,MONITORAR_NO_RTD,Liquidez score 46.8 ≥ 30 — monitorar confirmação via RTD.
BBAS3,BBASE196W5,CALL,19.6,2026-05-29,2,CURTO,1.37,30.1,RECUPERACAO_APOS_QUEDA,"Call Longa, Trava de Alta, Call Debit Spread",59.0,MONITORAR_NO_RTD,Liquidez score 30.1 ≥ 30 — monitorar confirmação via RTD.
TAEE11,TAEEF390,CALL,37.64,2026-06-19,23,CURTO,1.82,30.0,RECUPERACAO_APOS_QUEDA,"Call Longa, Trava de Alta, Call Debit Spread",59.0,MONITORAR_NO_RTD,Liquidez score 30.0 ≥ 30 — monitorar confirmação via RTD.
PRIO3,PRIOR770,PUT,77.0,2026-06-19,23,CURTO,8.69,79.9,LATERALIDADE,Monitorar — Iron Condor futuro,59.0,CANDIDATA_PROXIMO_PREGAO,Liquidez score 79.9 ≥ 50 com vencimento CURTO — candidata para próximo pregão.
WEGE3,WEGER487,PUT,48.78,2026-06-19,23,CURTO,5.76,46.5,RECUPERACAO_APOS_QUEDA,"Call Longa, Trava de Alta, Call Debit Spread",59.0,MONITORAR_NO_RTD,Liquidez score 46.5 ≥ 30 — monitorar confirmação via RTD.
PETR4,PETRG527,CALL,52.19,2026-07-17,51,MEDIO,0.53,63.4,CONTINUACAO_BAIXA,"Trava de Baixa, Put Debit Spread",59.0,MONITORAR_NO_RTD,Liquidez score 63.4 ≥ 30 — monitorar confirmação via RTD.
PETR4,PETRV409,PUT,40.38,2026-10-16,142,LONGO,1.45,80.0,CONTINUACAO_BAIXA,"Trava de Baixa, Put Debit Spread",59.0,MONITORAR_NO_RTD,Liquidez score 80.0 ≥ 30 — monitorar confirmação via RTD.
B3SA3,B3SAS152,PUT,15.14,2026-07-17,51,MEDIO,0.29,46.6,RECUPERACAO_APOS_QUEDA,"Call Longa, Trava de Alta, Call Debit Spread",59.0,MONITORAR_NO_RTD,Liquidez score 46.6 ≥ 30 — monitorar confirmação via RTD.
GGBR4,GGBRR266,PUT,26.43,2026-06-19,23,CURTO,2.46,30.1,CONTINUACAO_ALTA,"Trava de Alta, Call Debit Spread",59.0,MONITORAR_NO_RTD,Liquidez score 30.1 ≥ 30 — monitorar confirmação via RTD.
ITUB4,ITUBF455,CALL,45.19,2026-06-19,23,CURTO,0.06,46.5,RECUPERACAO_APOS_QUEDA,"Call Longa, Trava de Alta, Call Debit Spread",59.0,MONITORAR_NO_RTD,Liquidez score 46.5 ≥ 30 — monitorar confirmação via RTD.
GGBR4,GGBRG235,CALL,23.35,2026-07-17,51,MEDIO,1.65,46.5,CONTINUACAO_ALTA,"Trava de Alta, Call Debit Spread",59.0,MONITORAR_NO_RTD,Liquidez score 46.5 ≥ 30 — monitorar confirmação via RTD.
ITUB4,ITUBC307,CALL,30.44,2027-03-19,296,EXTRA_LONGO,11.91,96.8,RECUPERACAO_APOS_QUEDA,"Call Longa, Trava de Alta, Call Debit Spread",59.0,MONITORAR_NO_RTD,Liquidez score 96.8 ≥ 30 — monitorar confirmação via RTD.
PRIO3,PRIOF440,CALL,44.0,2026-06-19,23,CURTO,24.1,80.0,LATERALIDADE,Monitorar — Iron Condor futuro,59.0,CANDIDATA_PROXIMO_PREGAO,Liquidez score 80.0 ≥ 50 com vencimento CURTO — candidata para próximo pregão.
EGIE3,EGIES357,PUT,35.75,2026-07-17,51,MEDIO,3.2,46.6,RECUPERACAO_APOS_QUEDA,"Call Longa, Trava de Alta, Call Debit Spread",59.0,MONITORAR_NO_RTD,Liquidez score 46.6 ≥ 30 — monitorar confirmação via RTD.
PETR4,PETRR384,PUT,37.94,2026-06-19,23,CURTO,0.13,46.7,CONTINUACAO_BAIXA,"Trava de Baixa, Put Debit Spread",59.0,MONITORAR_NO_RTD,Liquidez score 46.7 ≥ 30 — monitorar confirmação via RTD.
B3SA3,B3SAI930,CALL,8.85,2027-09-17,478,EXTRA_LONGO,9.33,80.0,RECUPERACAO_APOS_QUEDA,"Call Longa, Trava de Alta, Call Debit Spread",59.0,MONITORAR_NO_RTD,Liquidez score 80.0 ≥ 30 — monitorar confirmação via RTD.
BPAC11,BPACS551,PUT,55.19,2026-07-17,51,MEDIO,2.88,46.2,RECUPERACAO_APOS_QUEDA,"Call Longa, Trava de Alta, Call Debit Spread",58.9,MONITORAR_NO_RTD,Liquidez score 46.2 ≥ 30 — monitorar confirmação via RTD.
ITUB4,ITUBR451W4,PUT,45.15,2026-06-26,30,CURTO,5.29,46.4,RECUPERACAO_APOS_QUEDA,"Call Longa, Trava de Alta, Call Debit Spread",58.9,MONITORAR_NO_RTD,Liquidez score 46.4 ≥ 30 — monitorar confirmação via RTD.
PETR4,PETRS232,PUT,21.94,2026-07-17,51,MEDIO,0.01,62.9,CONTINUACAO_BAIXA,"Trava de Baixa, Put Debit Spread",58.9,MONITORAR_NO_RTD,Liquidez score 62.9 ≥ 30 — monitorar confirmação via RTD.
ABEV3,ABEVF181W2,CALL,18.17,2026-06-12,16,CURTO,0.01,46.2,CONTINUACAO_ALTA,"Trava de Alta, Call Debit Spread",58.9,MONITORAR_NO_RTD,Liquidez score 46.2 ≥ 30 — monitorar confirmação via RTD.
PETR4,PETRR392,PUT,38.69,2026-06-19,23,CURTO,0.17,46.2,CONTINUACAO_BAIXA,"Trava de Baixa, Put Debit Spread",58.9,MONITORAR_NO_RTD,Liquidez score 46.2 ≥ 30 — monitorar confirmação via RTD.
BPAC11,BPACG521,CALL,52.19,2026-07-17,51,MEDIO,3.94,46.3,RECUPERACAO_APOS_QUEDA,"Call Longa, Trava de Alta, Call Debit Spread",58.9,MONITORAR_NO_RTD,Liquidez score 46.3 ≥ 30 — monitorar confirmação via RTD.
PETR4,PETRH229,CALL,22.44,2026-08-21,86,MEDIO,23.15,62.9,CONTINUACAO_BAIXA,"Trava de Baixa, Put Debit Spread",58.9,MONITORAR_NO_RTD,Liquidez score 62.9 ≥ 30 — monitorar confirmação via RTD.
SUZB3,SUZBS431,PUT,43.13,2026-07-17,51,MEDIO,1.59,46.3,RECUPERACAO_APOS_QUEDA,"Call Longa, Trava de Alta, Call Debit Spread",58.9,MONITORAR_NO_RTD,Liquidez score 46.3 ≥ 30 — monitorar confirmação via RTD.
BPAC11,BPACR725,PUT,72.55,2026-06-19,23,CURTO,10.98,46.2,RECUPERACAO_APOS_QUEDA,"Call Longa, Trava de Alta, Call Debit Spread",58.9,MONITORAR_NO_RTD,Liquidez score 46.2 ≥ 30 — monitorar confirmação via RTD.
ITUB4,ITUBG389,CALL,35.4,2026-07-17,51,MEDIO,6.01,63.0,RECUPERACAO_APOS_QUEDA,"Call Longa, Trava de Alta, Call Debit Spread",58.9,MONITORAR_NO_RTD,Liquidez score 63.0 ≥ 30 — monitorar confirmação via RTD.
ITUB4,ITUBI385,CALL,38.32,2026-09-18,114,LONGO,4.18,62.5,RECUPERACAO_APOS_QUEDA,"Call Longa, Trava de Alta, Call Debit Spread",58.8,MONITORAR_NO_RTD,Liquidez score 62.5 ≥ 30 — monitorar confirmação via RTD.
RADL3,RADLR253,PUT,25.31,2026-06-19,23,CURTO,6.36,46.0,CONTINUACAO_BAIXA,"Trava de Baixa, Put Debit Spread",58.8,MONITORAR_NO_RTD,Liquidez score 46.0 ≥ 30 — monitorar confirmação via RTD.
PETR4,PETRA27,CALL,26.25,2027-01-15,233,EXTRA_LONGO,23.88,96.0,CONTINUACAO_BAIXA,"Trava de Baixa, Put Debit Spread",58.8,MONITORAR_NO_RTD,Liquidez score 96.0 ≥ 30 — monitorar confirmação via RTD.
BBDC4,BBDCF159,CALL,15.49,2026-06-19,23,CURTO,0.46,45.9,RECUPERACAO_APOS_QUEDA,"Call Longa, Trava de Alta, Call Debit Spread",58.8,MONITORAR_NO_RTD,Liquidez score 45.9 ≥ 30 — monitorar confirmação via RTD.
ITUB4,ITUBE330,CALL,29.55,2027-05-21,359,EXTRA_LONGO,14.58,96.0,RECUPERACAO_APOS_QUEDA,"Call Longa, Trava de Alta, Call Debit Spread",58.8,MONITORAR_NO_RTD,Liquidez score 96.0 ≥ 30 — monitorar confirmação via RTD.
WEGE3,WEGEC376,CALL,37.68,2027-03-19,296,EXTRA_LONGO,18.95,96.0,RECUPERACAO_APOS_QUEDA,"Call Longa, Trava de Alta, Call Debit Spread",58.8,MONITORAR_NO_RTD,Liquidez score 96.0 ≥ 30 — monitorar confirmação via RTD.
PETR4,PETRG395,CALL,38.94,2026-07-17,51,MEDIO,6.52,62.6,CONTINUACAO_BAIXA,"Trava de Baixa, Put Debit Spread",58.8,MONITORAR_NO_RTD,Liquidez score 62.6 ≥ 30 — monitorar confirmação via RTD.
ITUB4,ITUBR461W4,PUT,46.15,2026-06-26,30,CURTO,6.24,46.0,RECUPERACAO_APOS_QUEDA,"Call Longa, Trava de Alta, Call Debit Spread",58.8,MONITORAR_NO_RTD,Liquidez score 46.0 ≥ 30 — monitorar confirmação via RTD.
HAPV3,HAPVF175W2,CALL,17.5,2026-06-12,16,CURTO,0.17,45.9,CONTINUACAO_BAIXA,"Trava de Baixa, Put Debit Spread",58.8,MONITORAR_NO_RTD,Liquidez score 45.9 ≥ 30 — monitorar confirmação via RTD.
WEGE3,WEGEB251,CALL,25.03,2027-02-19,268,EXTRA_LONGO,29.46,96.0,RECUPERACAO_APOS_QUEDA,"Call Longa, Trava de Alta, Call Debit Spread",58.8,MONITORAR_NO_RTD,Liquidez score 96.0 ≥ 30 — monitorar confirmação via RTD.
RENT3,RENTS453,PUT,45.32,2026-07-17,51,MEDIO,3.26,45.9,RECUPERACAO_APOS_QUEDA,"Call Longa, Trava de Alta, Call Debit Spread",58.8,MONITORAR_NO_RTD,Liquidez score 45.9 ≥ 30 — monitorar confirmação via RTD.
PETR4,PETRI517,CALL,51.19,2026-09-18,114,LONGO,2.0,79.0,CONTINUACAO_BAIXA,"Trava de Baixa, Put Debit Spread",58.7,MONITORAR_NO_RTD,Liquidez score 79.0 ≥ 30 — monitorar confirmação via RTD.
SUZB3,SUZBF475W1,CALL,47.5,2026-06-05,9,CURTO,0.13,45.7,RECUPERACAO_APOS_QUEDA,"Call Longa, Trava de Alta, Call Debit Spread",58.7,MONITORAR_NO_RTD,Liquidez score 45.7 ≥ 30 — monitorar confirmação via RTD.
SUZB3,SUZBS438,PUT,43.88,2026-07-17,51,MEDIO,2.16,45.7,RECUPERACAO_APOS_QUEDA,"Call Longa, Trava de Alta, Call Debit Spread",58.7,MONITORAR_NO_RTD,Liquidez score 45.7 ≥ 30 — monitorar confirmação via RTD.
PRIO3,PRIOE660W5,CALL,66.0,2026-05-29,2,CURTO,3.15,62.2,LATERALIDADE,Monitorar — Iron Condor futuro,58.7,CANDIDATA_PROXIMO_PREGAO,Liquidez score 62.2 ≥ 50 com vencimento CURTO — candidata para próximo pregão.
ITUB4,ITUBF450,CALL,44.69,2026-06-19,23,CURTO,0.09,45.7,RECUPERACAO_APOS_QUEDA,"Call Longa, Trava de Alta, Call Debit Spread",58.7,MONITORAR_NO_RTD,Liquidez score 45.7 ≥ 30 — monitorar confirmação via RTD.
HAPV3,HAPVR147,PUT,14.75,2026-06-19,23,CURTO,2.7,45.6,CONTINUACAO_BAIXA,"Trava de Baixa, Put Debit Spread",58.7,MONITORAR_NO_RTD,Liquidez score 45.6 ≥ 30 — monitorar confirmação via RTD.
PRIO3,PRIOF595,CALL,59.5,2026-06-19,23,CURTO,9.95,79.0,LATERALIDADE,Monitorar — Iron Condor futuro,58.7,CANDIDATA_PROXIMO_PREGAO,Liquidez score 79.0 ≥ 50 com vencimento CURTO — candidata para próximo pregão.
ENEV3,ENEVL220,CALL,22.0,2026-12-18,205,EXTRA_LONGO,7.35,79.0,PROTECAO_CARTEIRA,"Protective Put, Collar",58.7,MONITORAR_NO_RTD,Liquidez score 79.0 ≥ 30 — monitorar confirmação via RTD.
CMIG4,CMIGF142,CALL,12.49,2026-06-19,23,CURTO,0.04,45.6,RECUPERACAO_APOS_QUEDA,"Call Longa, Trava de Alta, Call Debit Spread",58.7,MONITORAR_NO_RTD,Liquidez score 45.6 ≥ 30 — monitorar confirmação via RTD.
PETR4,PETRQ525W5,PUT,51.96,2026-05-29,2,CURTO,5.94,45.7,CONTINUACAO_BAIXA,"Trava de Baixa, Put Debit Spread",58.7,MONITORAR_NO_RTD,Liquidez score 45.7 ≥ 30 — monitorar confirmação via RTD.
BBDC4,BBDCF209,CALL,19.76,2026-06-19,23,CURTO,0.05,45.5,RECUPERACAO_APOS_QUEDA,"Call Longa, Trava de Alta, Call Debit Spread",58.6,MONITORAR_NO_RTD,Liquidez score 45.5 ≥ 30 — monitorar confirmação via RTD.
BBDC4,BBDCH13,CALL,13.14,2026-08-21,86,MEDIO,4.86,62.0,RECUPERACAO_APOS_QUEDA,"Call Longa, Trava de Alta, Call Debit Spread",58.6,MONITORAR_NO_RTD,Liquidez score 62.0 ≥ 30 — monitorar confirmação via RTD.
ITUB4,ITUBF482,CALL,47.94,2026-06-19,23,CURTO,0.02,45.2,RECUPERACAO_APOS_QUEDA,"Call Longa, Trava de Alta, Call Debit Spread",58.6,MONITORAR_NO_RTD,Liquidez score 45.2 ≥ 30 — monitorar confirmação via RTD.
SUZB3,SUZBS428,PUT,42.88,2026-07-17,51,MEDIO,1.5,45.3,RECUPERACAO_APOS_QUEDA,"Call Longa, Trava de Alta, Call Debit Spread",58.6,MONITORAR_NO_RTD,Liquidez score 45.3 ≥ 30 — monitorar confirmação via RTD.
ITUB4,ITUBF22,CALL,22.16,2026-06-19,23,CURTO,19.61,45.4,RECUPERACAO_APOS_QUEDA,"Call Longa, Trava de Alta, Call Debit Spread",58.6,MONITORAR_NO_RTD,Liquidez score 45.4 ≥ 30 — monitorar confirmação via RTD.
ABEV3,ABEVR189,PUT,18.92,2026-06-19,23,CURTO,2.03,45.2,CONTINUACAO_ALTA,"Trava de Alta, Call Debit Spread",58.6,MONITORAR_NO_RTD,Liquidez score 45.2 ≥ 30 — monitorar confirmação via RTD.
PRIO3,PRIOQ670W5,PUT,67.0,2026-05-29,2,CURTO,1.03,45.5,LATERALIDADE,Monitorar — Iron Condor futuro,58.6,MONITORAR_NO_RTD,Liquidez score 45.5 ≥ 30 — monitorar confirmação via RTD.
RENT3,RENTF486W2,CALL,48.62,2026-06-12,16,CURTO,0.66,45.2,RECUPERACAO_APOS_QUEDA,"Call Longa, Trava de Alta, Call Debit Spread",58.6,MONITORAR_NO_RTD,Liquidez score 45.2 ≥ 30 — monitorar confirmação via RTD.
PRIO3,PRIOR745,PUT,74.5,2026-06-19,23,CURTO,6.7,61.9,LATERALIDADE,Monitorar — Iron Condor futuro,58.6,CANDIDATA_PROXIMO_PREGAO,Liquidez score 61.9 ≥ 50 com vencimento CURTO — candidata para próximo pregão.
BBDC4,BBDCF163,CALL,15.74,2026-06-19,23,CURTO,0.33,45.4,RECUPERACAO_APOS_QUEDA,"Call Longa, Trava de Alta, Call Debit Spread",58.6,MONITORAR_NO_RTD,Liquidez score 45.4 ≥ 30 — monitorar confirmação via RTD.
SUZB3,SUZBF476,CALL,47.67,2026-06-19,23,CURTO,0.08,45.5,RECUPERACAO_APOS_QUEDA,"Call Longa, Trava de Alta, Call Debit Spread",58.6,MONITORAR_NO_RTD,Liquidez score 45.5 ≥ 30 — monitorar confirmação via RTD.
BBAS3,BBASU26,PUT,26.68,2026-09-18,114,LONGO,1.99,78.6,RECUPERACAO_APOS_QUEDA,"Call Longa, Trava de Alta, Call Debit Spread",58.6,MONITORAR_NO_RTD,Liquidez score 78.6 ≥ 30 — monitorar confirmação via RTD.
VALE3,VALEF650,CALL,61.68,2026-06-19,23,CURTO,21.31,78.4,LATERALIDADE,Monitorar — Iron Condor futuro,58.5,CANDIDATA_PROXIMO_PREGAO,Liquidez score 78.4 ≥ 50 com vencimento CURTO — candidata para próximo pregão.
HAPV3,HAPVR152,PUT,15.25,2026-06-19,23,CURTO,3.28,44.9,CONTINUACAO_BAIXA,"Trava de Baixa, Put Debit Spread",58.5,MONITORAR_NO_RTD,Liquidez score 44.9 ≥ 30 — monitorar confirmação via RTD.
VALE3,VALER96,PUT,96.18,2026-06-19,23,CURTO,12.58,78.5,LATERALIDADE,Monitorar — Iron Condor futuro,58.5,CANDIDATA_PROXIMO_PREGAO,Liquidez score 78.5 ≥ 50 com vencimento CURTO — candidata para próximo pregão.
PETR4,PETRR527,PUT,52.19,2026-06-19,23,CURTO,7.48,45.0,CONTINUACAO_BAIXA,"Trava de Baixa, Put Debit Spread",58.5,MONITORAR_NO_RTD,Liquidez score 45.0 ≥ 30 — monitorar confirmação via RTD.
PRIO3,PRIOR755,PUT,75.5,2026-06-19,23,CURTO,7.51,61.6,LATERALIDADE,Monitorar — Iron Condor futuro,58.5,CANDIDATA_PROXIMO_PREGAO,Liquidez score 61.6 ≥ 50 com vencimento CURTO — candidata para próximo pregão.
ITUB4,ITUBD385,CALL,34.16,2027-04-16,324,EXTRA_LONGO,9.22,95.0,RECUPERACAO_APOS_QUEDA,"Call Longa, Trava de Alta, Call Debit Spread",58.5,MONITORAR_NO_RTD,Liquidez score 95.0 ≥ 30 — monitorar confirmação via RTD.
BBAS3,BBASR386,PUT,38.6,2026-06-19,23,CURTO,16.7,45.1,RECUPERACAO_APOS_QUEDA,"Call Longa, Trava de Alta, Call Debit Spread",58.5,MONITORAR_NO_RTD,Liquidez score 45.1 ≥ 30 — monitorar confirmação via RTD.
PETR4,PETRG331W4,CALL,33.19,2026-07-24,58,MEDIO,12.71,61.6,CONTINUACAO_BAIXA,"Trava de Baixa, Put Debit Spread",58.5,MONITORAR_NO_RTD,Liquidez score 61.6 ≥ 30 — monitorar confirmação via RTD.
WEGE3,WEGEF371,CALL,35.28,2026-06-19,23,CURTO,7.4,44.9,RECUPERACAO_APOS_QUEDA,"Call Longa, Trava de Alta, Call Debit Spread",58.5,MONITORAR_NO_RTD,Liquidez score 44.9 ≥ 30 — monitorar confirmação via RTD.
PETR4,PETRG305,CALL,29.19,2026-07-17,51,MEDIO,16.74,61.5,CONTINUACAO_BAIXA,"Trava de Baixa, Put Debit Spread",58.5,MONITORAR_NO_RTD,Liquidez score 61.5 ≥ 30 — monitorar confirmação via RTD.
VALE3,VALER110,PUT,102.68,2026-06-19,23,CURTO,19.15,78.4,LATERALIDADE,Monitorar — Iron Condor futuro,58.5,CANDIDATA_PROXIMO_PREGAO,Liquidez score 78.4 ≥ 50 com vencimento CURTO — candidata para próximo pregão.
SUZB3,SUZBF486,CALL,48.67,2026-06-19,23,CURTO,0.05,44.9,RECUPERACAO_APOS_QUEDA,"Call Longa, Trava de Alta, Call Debit Spread",58.5,MONITORAR_NO_RTD,Liquidez score 44.9 ≥ 30 — monitorar confirmação via RTD.
BBDC4,BBDCF165,CALL,15.99,2026-06-19,23,CURTO,0.24,44.8,RECUPERACAO_APOS_QUEDA,"Call Longa, Trava de Alta, Call Debit Spread",58.4,MONITORAR_NO_RTD,Liquidez score 44.8 ≥ 30 — monitorar confirmação via RTD.
RENT3,RENTF636,CALL,63.62,2026-06-19,23,CURTO,0.06,44.8,RECUPERACAO_APOS_QUEDA,"Call Longa, Trava de Alta, Call Debit Spread",58.4,MONITORAR_NO_RTD,Liquidez score 44.8 ≥ 30 — monitorar confirmação via RTD.
RENT3,RENTS695,PUT,69.57,2026-07-17,51,MEDIO,23.75,61.2,RECUPERACAO_APOS_QUEDA,"Call Longa, Trava de Alta, Call Debit Spread",58.4,MONITORAR_NO_RTD,Liquidez score 61.2 ≥ 30 — monitorar confirmação via RTD.
B3SA3,B3SAS148,PUT,14.89,2026-07-17,51,MEDIO,0.23,44.5,RECUPERACAO_APOS_QUEDA,"Call Longa, Trava de Alta, Call Debit Spread",58.4,MONITORAR_NO_RTD,Liquidez score 44.5 ≥ 30 — monitorar confirmação via RTD.
PRIO3,PRIOS700,PUT,70.0,2026-07-17,51,MEDIO,4.38,78.1,LATERALIDADE,Monitorar — Iron Condor futuro,58.4,MONITORAR_NO_RTD,Liquidez score 78.1 ≥ 30 — monitorar confirmação via RTD.
PETR4,PETRF602,CALL,59.69,2026-06-19,23,CURTO,0.02,44.8,CONTINUACAO_BAIXA,"Trava de Baixa, Put Debit Spread",58.4,MONITORAR_NO_RTD,Liquidez score 44.8 ≥ 30 — monitorar confirmação via RTD.
PRIO3,PRIOR715,PUT,71.5,2026-06-19,23,CURTO,4.6,61.4,LATERALIDADE,Monitorar — Iron Condor futuro,58.4,CANDIDATA_PROXIMO_PREGAO,Liquidez score 61.4 ≥ 50 com vencimento CURTO — candidata para próximo pregão.
VALE3,VALEH764,CALL,76.46,2026-08-21,86,MEDIO,9.33,78.0,LATERALIDADE,Monitorar — Iron Condor futuro,58.4,MONITORAR_NO_RTD,Liquidez score 78.0 ≥ 30 — monitorar confirmação via RTD.
VALE3,VALEQ760W5,PUT,76.0,2026-05-29,2,CURTO,0.03,44.5,LATERALIDADE,Monitorar — Iron Condor futuro,58.4,MONITORAR_NO_RTD,Liquidez score 44.5 ≥ 30 — monitorar confirmação via RTD.
ITUB4,ITUBR446W4,PUT,44.65,2026-06-26,30,CURTO,4.72,44.7,RECUPERACAO_APOS_QUEDA,"Call Longa, Trava de Alta, Call Debit Spread",58.4,MONITORAR_NO_RTD,Liquidez score 44.7 ≥ 30 — monitorar confirmação via RTD.
HAPV3,HAPVR950,PUT,9.5,2026-06-19,23,CURTO,0.08,44.7,CONTINUACAO_BAIXA,"Trava de Baixa, Put Debit Spread",58.4,MONITORAR_NO_RTD,Liquidez score 44.7 ≥ 30 — monitorar confirmação via RTD.
PETR4,PETRF592,CALL,58.69,2026-06-19,23,CURTO,0.03,44.7,CONTINUACAO_BAIXA,"Trava de Baixa, Put Debit Spread",58.4,MONITORAR_NO_RTD,Liquidez score 44.7 ≥ 30 — monitorar confirmação via RTD.
ITUB4,ITUBF457,CALL,45.44,2026-06-19,23,CURTO,0.05,44.6,RECUPERACAO_APOS_QUEDA,"Call Longa, Trava de Alta, Call Debit Spread",58.4,MONITORAR_NO_RTD,Liquidez score 44.6 ≥ 30 — monitorar confirmação via RTD.
RADL3,RADLR237,PUT,23.06,2026-06-19,23,CURTO,4.21,44.8,CONTINUACAO_BAIXA,"Trava de Baixa, Put Debit Spread",58.4,MONITORAR_NO_RTD,Liquidez score 44.8 ≥ 30 — monitorar confirmação via RTD.
B3SA3,B3SAI237,CALL,23.64,2026-09-18,114,LONGO,0.82,61.4,RECUPERACAO_APOS_QUEDA,"Call Longa, Trava de Alta, Call Debit Spread",58.4,MONITORAR_NO_RTD,Liquidez score 61.4 ≥ 30 — monitorar confirmação via RTD.
PETR4,PETRG382,CALL,37.69,2026-07-17,51,MEDIO,7.75,61.2,CONTINUACAO_BAIXA,"Trava de Baixa, Put Debit Spread",58.4,MONITORAR_NO_RTD,Liquidez score 61.2 ≥ 30 — monitorar confirmação via RTD.
PETR4,PETRU462,PUT,45.69,2026-09-18,114,LONGO,2.92,61.3,CONTINUACAO_BAIXA,"Trava de Baixa, Put Debit Spread",58.4,MONITORAR_NO_RTD,Liquidez score 61.3 ≥ 30 — monitorar confirmação via RTD.
PETR4,PETRJ752,CALL,6.98,2026-10-16,142,LONGO,39.0,78.0,CONTINUACAO_BAIXA,"Trava de Baixa, Put Debit Spread",58.4,MONITORAR_NO_RTD,Liquidez score 78.0 ≥ 30 — monitorar confirmação via RTD.
ITUB4,ITUBF305,CALL,26.74,2026-06-19,23,CURTO,13.26,44.8,RECUPERACAO_APOS_QUEDA,"Call Longa, Trava de Alta, Call Debit Spread",58.4,MONITORAR_NO_RTD,Liquidez score 44.8 ≥ 30 — monitorar confirmação via RTD.
ITUB4,ITUBF460,CALL,45.69,2026-06-19,23,CURTO,0.05,44.8,RECUPERACAO_APOS_QUEDA,"Call Longa, Trava de Alta, Call Debit Spread",58.4,MONITORAR_NO_RTD,Liquidez score 44.8 ≥ 30 — monitorar confirmação via RTD.
BBAS3,BBASS24,PUT,23.76,2026-07-17,51,MEDIO,2.53,60.9,RECUPERACAO_APOS_QUEDA,"Call Longa, Trava de Alta, Call Debit Spread",58.3,MONITORAR_NO_RTD,Liquidez score 60.9 ≥ 30 — monitorar confirmação via RTD.
PRIO3,PRIOF615,CALL,61.5,2026-06-19,23,CURTO,8.16,77.6,LATERALIDADE,Monitorar — Iron Condor futuro,58.3,CANDIDATA_PROXIMO_PREGAO,Liquidez score 77.6 ≥ 50 com vencimento CURTO — candidata para próximo pregão.
VALE3,VALEF54,CALL,50.68,2026-06-19,23,CURTO,31.05,77.6,LATERALIDADE,Monitorar — Iron Condor futuro,58.3,CANDIDATA_PROXIMO_PREGAO,Liquidez score 77.6 ≥ 50 com vencimento CURTO — candidata para próximo pregão.
PETR4,PETRU399,PUT,38.61,2027-09-17,478,EXTRA_LONGO,1.75,94.5,CONTINUACAO_BAIXA,"Trava de Baixa, Put Debit Spread",58.3,MONITORAR_NO_RTD,Liquidez score 94.5 ≥ 30 — monitorar confirmação via RTD.
BBAS3,BBASF241,CALL,23.85,2026-06-19,23,CURTO,0.04,44.2,RECUPERACAO_APOS_QUEDA,"Call Longa, Trava de Alta, Call Debit Spread",58.3,MONITORAR_NO_RTD,Liquidez score 44.2 ≥ 30 — monitorar confirmação via RTD.
B3SA3,B3SAS146,PUT,14.64,2026-07-17,51,MEDIO,0.19,44.3,RECUPERACAO_APOS_QUEDA,"Call Longa, Trava de Alta, Call Debit Spread",58.3,MONITORAR_NO_RTD,Liquidez score 44.3 ≥ 30 — monitorar confirmação via RTD.
PRIO3,PRIOG760,CALL,76.0,2026-07-17,51,MEDIO,2.04,60.9,LATERALIDADE,Monitorar — Iron Condor futuro,58.3,MONITORAR_NO_RTD,Liquidez score 60.9 ≥ 30 — monitorar confirmação via RTD.
ITUB4,ITUBF324,CALL,28.92,2026-06-19,23,CURTO,12.93,44.4,RECUPERACAO_APOS_QUEDA,"Call Longa, Trava de Alta, Call Debit Spread",58.3,MONITORAR_NO_RTD,Liquidez score 44.4 ≥ 30 — monitorar confirmação via RTD.
PRIO3,PRIOF477,CALL,47.75,2026-06-19,23,CURTO,20.8,77.6,LATERALIDADE,Monitorar — Iron Condor futuro,58.3,CANDIDATA_PROXIMO_PREGAO,Liquidez score 77.6 ≥ 50 com vencimento CURTO — candidata para próximo pregão.
BBAS3,BBASV206,PUT,20.27,2026-10-16,142,LONGO,1.0,44.4,RECUPERACAO_APOS_QUEDA,"Call Longa, Trava de Alta, Call Debit Spread",58.3,MONITORAR_NO_RTD,Liquidez score 44.4 ≥ 30 — monitorar confirmação via RTD.
VALE3,VALEG921,CALL,92.15,2026-07-17,51,MEDIO,0.95,61.0,LATERALIDADE,Monitorar — Iron Condor futuro,58.3,MONITORAR_NO_RTD,Liquidez score 61.0 ≥ 30 — monitorar confirmação via RTD.
B3SA3,B3SAS186,PUT,18.64,2026-07-17,51,MEDIO,1.96,44.4,RECUPERACAO_APOS_QUEDA,"Call Longa, Trava de Alta, Call Debit Spread",58.3,MONITORAR_NO_RTD,Liquidez score 44.4 ≥ 30 — monitorar confirmação via RTD.
ABEV3,ABEVB109,CALL,9.92,2027-02-19,268,EXTRA_LONGO,6.6,94.4,CONTINUACAO_ALTA,"Trava de Alta, Call Debit Spread",58.3,MONITORAR_NO_RTD,Liquidez score 94.4 ≥ 30 — monitorar confirmação via RTD.
B3SA3,B3SAG191,CALL,19.14,2026-07-17,51,MEDIO,0.24,44.4,RECUPERACAO_APOS_QUEDA,"Call Longa, Trava de Alta, Call Debit Spread",58.3,MONITORAR_NO_RTD,Liquidez score 44.4 ≥ 30 — monitorar confirmação via RTD.
PETR4,PETRG388,CALL,37.44,2026-07-17,51,MEDIO,7.77,61.1,CONTINUACAO_BAIXA,"Trava de Baixa, Put Debit Spread",58.3,MONITORAR_NO_RTD,Liquidez score 61.1 ≥ 30 — monitorar confirmação via RTD.
PETR4,PETRF582,CALL,57.69,2026-06-19,23,CURTO,0.03,44.2,CONTINUACAO_BAIXA,"Trava de Baixa, Put Debit Spread",58.3,MONITORAR_NO_RTD,Liquidez score 44.2 ≥ 30 — monitorar confirmação via RTD.
VALE3,VALEF697,CALL,62.18,2026-06-19,23,CURTO,20.71,77.6,LATERALIDADE,Monitorar — Iron Condor futuro,58.3,CANDIDATA_PROXIMO_PREGAO,Liquidez score 77.6 ≥ 50 com vencimento CURTO — candidata para próximo pregão.
PETR4,PETRF607,CALL,60.19,2026-06-19,23,CURTO,0.03,44.4,CONTINUACAO_BAIXA,"Trava de Baixa, Put Debit Spread",58.3,MONITORAR_NO_RTD,Liquidez score 44.4 ≥ 30 — monitorar confirmação via RTD.
WEGE3,WEGEF511,CALL,49.03,2026-06-19,23,CURTO,0.16,44.2,RECUPERACAO_APOS_QUEDA,"Call Longa, Trava de Alta, Call Debit Spread",58.3,MONITORAR_NO_RTD,Liquidez score 44.2 ≥ 30 — monitorar confirmação via RTD.
BBDC4,BBDCF203,CALL,20.01,2026-06-19,23,CURTO,0.05,43.9,RECUPERACAO_APOS_QUEDA,"Call Longa, Trava de Alta, Call Debit Spread",58.2,MONITORAR_NO_RTD,Liquidez score 43.9 ≥ 30 — monitorar confirmação via RTD.
ITUB4,ITUBQ443W5,PUT,44.36,2026-05-29,2,CURTO,4.63,44.0,RECUPERACAO_APOS_QUEDA,"Call Longa, Trava de Alta, Call Debit Spread",58.2,MONITORAR_NO_RTD,Liquidez score 44.0 ≥ 30 — monitorar confirmação via RTD.
BBDC4,BBDCF119,CALL,11.26,2026-06-19,23,CURTO,6.85,44.0,RECUPERACAO_APOS_QUEDA,"Call Longa, Trava de Alta, Call Debit Spread",58.2,MONITORAR_NO_RTD,Liquidez score 44.0 ≥ 30 — monitorar confirmação via RTD.
PETR4,PETRF525W2,CALL,51.96,2026-06-12,16,CURTO,0.09,44.0,CONTINUACAO_BAIXA,"Trava de Baixa, Put Debit Spread",58.2,MONITORAR_NO_RTD,Liquidez score 44.0 ≥ 30 — monitorar confirmação via RTD.
PRIO3,PRIOQ650W5,PUT,65.0,2026-05-29,2,CURTO,0.51,43.9,LATERALIDADE,Monitorar — Iron Condor futuro,58.2,MONITORAR_NO_RTD,Liquidez score 43.9 ≥ 30 — monitorar confirmação via RTD.
PETR4,PETRI419,CALL,40.61,2027-09-17,478,EXTRA_LONGO,11.75,77.4,CONTINUACAO_BAIXA,"Trava de Baixa, Put Debit Spread",58.2,MONITORAR_NO_RTD,Liquidez score 77.4 ≥ 30 — monitorar confirmação via RTD.
HAPV3,HAPVF142W4,CALL,14.25,2026-06-26,30,CURTO,0.43,44.1,CONTINUACAO_BAIXA,"Trava de Baixa, Put Debit Spread",58.2,MONITORAR_NO_RTD,Liquidez score 44.1 ≥ 30 — monitorar confirmação via RTD.
PRIO3,PRIOR800,PUT,80.0,2026-06-19,23,CURTO,11.34,77.3,LATERALIDADE,Monitorar — Iron Condor futuro,58.2,CANDIDATA_PROXIMO_PREGAO,Liquidez score 77.3 ≥ 50 com vencimento CURTO — candidata para próximo pregão.
EGIE3,EGIER417,PUT,41.74,2026-06-19,23,CURTO,5.38,44.1,RECUPERACAO_APOS_QUEDA,"Call Longa, Trava de Alta, Call Debit Spread",58.2,MONITORAR_NO_RTD,Liquidez score 44.1 ≥ 30 — monitorar confirmação via RTD.
PRIO3,PRIOR810,PUT,81.0,2026-06-19,23,CURTO,12.47,77.5,LATERALIDADE,Monitorar — Iron Condor futuro,58.2,CANDIDATA_PROXIMO_PREGAO,Liquidez score 77.5 ≥ 50 com vencimento CURTO — candidata para próximo pregão.
TAEE11,TAEER470,PUT,47.01,2026-06-19,23,CURTO,2.99,43.9,RECUPERACAO_APOS_QUEDA,"Call Longa, Trava de Alta, Call Debit Spread",58.2,MONITORAR_NO_RTD,Liquidez score 43.9 ≥ 30 — monitorar confirmação via RTD.
VALE3,VALEG780,CALL,78.15,2026-07-17,51,MEDIO,7.3,77.3,LATERALIDADE,Monitorar — Iron Condor futuro,58.2,MONITORAR_NO_RTD,Liquidez score 77.3 ≥ 30 — monitorar confirmação via RTD.
PETR4,PETRG212,CALL,20.48,2026-07-17,51,MEDIO,25.76,60.8,CONTINUACAO_BAIXA,"Trava de Baixa, Put Debit Spread",58.2,MONITORAR_NO_RTD,Liquidez score 60.8 ≥ 30 — monitorar confirmação via RTD.
RADL3,RADLS186,PUT,18.62,2026-07-17,51,MEDIO,1.04,44.1,CONTINUACAO_BAIXA,"Trava de Baixa, Put Debit Spread",58.2,MONITORAR_NO_RTD,Liquidez score 44.1 ≥ 30 — monitorar confirmação via RTD.
ITUB4,ITUBR359,PUT,35.55,2026-06-19,23,CURTO,0.09,44.1,RECUPERACAO_APOS_QUEDA,"Call Longa, Trava de Alta, Call Debit Spread",58.2,MONITORAR_NO_RTD,Liquidez score 44.1 ≥ 30 — monitorar confirmação via RTD.
PETR4,PETRQ397W5,PUT,39.21,2026-05-29,2,CURTO,0.03,44.0,CONTINUACAO_BAIXA,"Trava de Baixa, Put Debit Spread",58.2,MONITORAR_NO_RTD,Liquidez score 44.0 ≥ 30 — monitorar confirmação via RTD.
VALE3,VALEE870W5,CALL,87.0,2026-05-29,2,CURTO,0.1,44.0,LATERALIDADE,Monitorar — Iron Condor futuro,58.2,MONITORAR_NO_RTD,Liquidez score 44.0 ≥ 30 — monitorar confirmação via RTD.
RENT3,RENTF496W2,CALL,49.62,2026-06-12,16,CURTO,0.5,44.1,RECUPERACAO_APOS_QUEDA,"Call Longa, Trava de Alta, Call Debit Spread",58.2,MONITORAR_NO_RTD,Liquidez score 44.1 ≥ 30 — monitorar confirmação via RTD.
PETR4,PETRG55,CALL,54.46,2026-07-17,51,MEDIO,1.52,60.6,CONTINUACAO_BAIXA,"Trava de Baixa, Put Debit Spread",58.2,MONITORAR_NO_RTD,Liquidez score 60.6 ≥ 30 — monitorar confirmação via RTD.
PETR4,PETRG22,CALL,21.51,2027-07-16,415,EXTRA_LONGO,26.36,93.6,CONTINUACAO_BAIXA,"Trava de Baixa, Put Debit Spread",58.1,MONITORAR_NO_RTD,Liquidez score 93.6 ≥ 30 — monitorar confirmação via RTD.
PETR4,PETRG498,CALL,49.96,2026-07-17,51,MEDIO,3.31,60.4,CONTINUACAO_BAIXA,"Trava de Baixa, Put Debit Spread",58.1,MONITORAR_NO_RTD,Liquidez score 60.4 ≥ 30 — monitorar confirmação via RTD.
HAPV3,HAPVR102,PUT,10.25,2026-06-19,23,CURTO,0.14,43.8,CONTINUACAO_BAIXA,"Trava de Baixa, Put Debit Spread",58.1,MONITORAR_NO_RTD,Liquidez score 43.8 ≥ 30 — monitorar confirmação via RTD.
PETR4,PETRM450,PUT,44.46,2028-01-21,604,EXTRA_LONGO,2.93,43.8,CONTINUACAO_BAIXA,"Trava de Baixa, Put Debit Spread",58.1,MONITORAR_NO_RTD,Liquidez score 43.8 ≥ 30 — monitorar confirmação via RTD.
BBAS3,BBASR296,PUT,29.6,2026-06-19,23,CURTO,8.46,43.6,RECUPERACAO_APOS_QUEDA,"Call Longa, Trava de Alta, Call Debit Spread",58.1,MONITORAR_NO_RTD,Liquidez score 43.6 ≥ 30 — monitorar confirmação via RTD.
PETR4,PETRE357W5,CALL,35.21,2026-05-29,2,CURTO,9.03,43.6,CONTINUACAO_BAIXA,"Trava de Baixa, Put Debit Spread",58.1,MONITORAR_NO_RTD,Liquidez score 43.6 ≥ 30 — monitorar confirmação via RTD.
PRIO3,PRIOQ660W5,PUT,66.0,2026-05-29,2,CURTO,0.72,43.7,LATERALIDADE,Monitorar — Iron Condor futuro,58.1,MONITORAR_NO_RTD,Liquidez score 43.7 ≥ 30 — monitorar confirmação via RTD.
RADL3,RADLF206,CALL,20.62,2026-06-19,23,CURTO,0.09,43.7,CONTINUACAO_BAIXA,"Trava de Baixa, Put Debit Spread",58.1,MONITORAR_NO_RTD,Liquidez score 43.7 ≥ 30 — monitorar confirmação via RTD.
PETR4,PETRR499W1,PUT,49.96,2026-06-05,9,CURTO,5.65,43.8,CONTINUACAO_BAIXA,"Trava de Baixa, Put Debit Spread",58.1,MONITORAR_NO_RTD,Liquidez score 43.8 ≥ 30 — monitorar confirmação via RTD.
PETR4,PETRG552,CALL,54.69,2026-07-17,51,MEDIO,0.32,60.3,CONTINUACAO_BAIXA,"Trava de Baixa, Put Debit Spread",58.1,MONITORAR_NO_RTD,Liquidez score 60.3 ≥ 30 — monitorar confirmação via RTD.
VALE3,VALEF701W4,CALL,70.18,2026-06-26,30,CURTO,16.76,77.0,LATERALIDADE,Monitorar — Iron Condor futuro,58.1,CANDIDATA_PROXIMO_PREGAO,Liquidez score 77.0 ≥ 50 com vencimento CURTO — candidata para próximo pregão.
B3SA3,B3SAS145,PUT,14.14,2026-07-17,51,MEDIO,0.12,43.8,RECUPERACAO_APOS_QUEDA,"Call Longa, Trava de Alta, Call Debit Spread",58.1,MONITORAR_NO_RTD,Liquidez score 43.8 ≥ 30 — monitorar confirmação via RTD.
PETR4,PETRH333,CALL,31.94,2026-08-21,86,MEDIO,15.37,60.1,CONTINUACAO_BAIXA,"Trava de Baixa, Put Debit Spread",58.0,MONITORAR_NO_RTD,Liquidez score 60.1 ≥ 30 — monitorar confirmação via RTD.
PRIO3,PRIOR805,PUT,80.5,2026-06-19,23,CURTO,12.33,76.7,LATERALIDADE,Monitorar — Iron Condor futuro,58.0,CANDIDATA_PROXIMO_PREGAO,Liquidez score 76.7 ≥ 50 com vencimento CURTO — candidata para próximo pregão.
SUZB3,SUZBS441,PUT,44.13,2026-07-17,51,MEDIO,2.37,43.5,RECUPERACAO_APOS_QUEDA,"Call Longa, Trava de Alta, Call Debit Spread",58.0,MONITORAR_NO_RTD,Liquidez score 43.5 ≥ 30 — monitorar confirmação via RTD.
PETR4,PETRD56,CALL,55.46,2027-04-16,324,EXTRA_LONGO,4.11,93.5,CONTINUACAO_BAIXA,"Trava de Baixa, Put Debit Spread",58.0,MONITORAR_NO_RTD,Liquidez score 93.5 ≥ 30 — monitorar confirmação via RTD.
HAPV3,HAPVR105,PUT,10.5,2026-06-19,23,CURTO,0.18,43.5,CONTINUACAO_BAIXA,"Trava de Baixa, Put Debit Spread",58.0,MONITORAR_NO_RTD,Liquidez score 43.5 ≥ 30 — monitorar confirmação via RTD.
SUZB3,SUZBG403,CALL,40.38,2026-07-17,51,MEDIO,2.85,43.2,RECUPERACAO_APOS_QUEDA,"Call Longa, Trava de Alta, Call Debit Spread",58.0,MONITORAR_NO_RTD,Liquidez score 43.2 ≥ 30 — monitorar confirmação via RTD.
BBDC4,BBDCR163,PUT,15.74,2026-06-19,23,CURTO,0.54,43.3,RECUPERACAO_APOS_QUEDA,"Call Longa, Trava de Alta, Call Debit Spread",58.0,MONITORAR_NO_RTD,Liquidez score 43.3 ≥ 30 — monitorar confirmação via RTD.
RENT3,RENTT460,PUT,46.07,2026-08-21,86,MEDIO,2.85,43.5,RECUPERACAO_APOS_QUEDA,"Call Longa, Trava de Alta, Call Debit Spread",58.0,MONITORAR_NO_RTD,Liquidez score 43.5 ≥ 30 — monitorar confirmação via RTD.
VALE3,VALEF521,CALL,52.18,2026-06-19,23,CURTO,28.75,76.8,LATERALIDADE,Monitorar — Iron Condor futuro,58.0,CANDIDATA_PROXIMO_PREGAO,Liquidez score 76.8 ≥ 50 com vencimento CURTO — candidata para próximo pregão.
BBAS3,BBASS255,PUT,25.26,2026-07-17,51,MEDIO,4.17,59.9,RECUPERACAO_APOS_QUEDA,"Call Longa, Trava de Alta, Call Debit Spread",58.0,MONITORAR_NO_RTD,Liquidez score 59.9 ≥ 30 — monitorar confirmação via RTD.
VALE3,VALEF516,CALL,51.68,2026-06-19,23,CURTO,31.0,76.8,LATERALIDADE,Monitorar — Iron Condor futuro,58.0,CANDIDATA_PROXIMO_PREGAO,Liquidez score 76.8 ≥ 50 com vencimento CURTO — candidata para próximo pregão.
ITUB4,ITUBF473W2,CALL,47.38,2026-06-12,16,CURTO,0.67,43.5,RECUPERACAO_APOS_QUEDA,"Call Longa, Trava de Alta, Call Debit Spread",58.0,MONITORAR_NO_RTD,Liquidez score 43.5 ≥ 30 — monitorar confirmação via RTD.
PETR4,PETRV425,PUT,41.67,2026-10-16,142,LONGO,1.8,43.4,CONTINUACAO_BAIXA,"Trava de Baixa, Put Debit Spread",58.0,MONITORAR_NO_RTD,Liquidez score 43.4 ≥ 30 — monitorar confirmação via RTD.
PETR4,PETRF242,CALL,23.69,2026-06-19,23,CURTO,21.47,43.2,CONTINUACAO_BAIXA,"Trava de Baixa, Put Debit Spread",58.0,MONITORAR_NO_RTD,Liquidez score 43.2 ≥ 30 — monitorar confirmação via RTD.
PRIO3,PRIOE710W5,CALL,71.0,2026-05-29,2,CURTO,0.76,43.5,LATERALIDADE,Monitorar — Iron Condor futuro,58.0,MONITORAR_NO_RTD,Liquidez score 43.5 ≥ 30 — monitorar confirmação via RTD.
ITUB4,ITUBF465,CALL,46.19,2026-06-19,23,CURTO,0.05,43.4,RECUPERACAO_APOS_QUEDA,"Call Longa, Trava de Alta, Call Debit Spread",58.0,MONITORAR_NO_RTD,Liquidez score 43.4 ≥ 30 — monitorar confirmação via RTD.
WEGE3,WEGEF486,CALL,48.53,2026-06-19,23,CURTO,0.19,43.1,RECUPERACAO_APOS_QUEDA,"Call Longa, Trava de Alta, Call Debit Spread",57.9,MONITORAR_NO_RTD,Liquidez score 43.1 ≥ 30 — monitorar confirmação via RTD.
SUZB3,SUZBG401,CALL,40.13,2026-07-17,51,MEDIO,3.0,43.1,RECUPERACAO_APOS_QUEDA,"Call Longa, Trava de Alta, Call Debit Spread",57.9,MONITORAR_NO_RTD,Liquidez score 43.1 ≥ 30 — monitorar confirmação via RTD.
HAPV3,HAPVF15,CALL,15.75,2026-06-19,23,CURTO,0.07,43.0,CONTINUACAO_BAIXA,"Trava de Baixa, Put Debit Spread",57.9,MONITORAR_NO_RTD,Liquidez score 43.0 ≥ 30 — monitorar confirmação via RTD.
PETR4,PETRG520,CALL,51.46,2026-07-17,51,MEDIO,2.6,59.6,CONTINUACAO_BAIXA,"Trava de Baixa, Put Debit Spread",57.9,MONITORAR_NO_RTD,Liquidez score 59.6 ≥ 30 — monitorar confirmação via RTD.
BPAC11,BPACH435,CALL,43.57,2026-08-21,86,MEDIO,22.1,59.7,RECUPERACAO_APOS_QUEDA,"Call Longa, Trava de Alta, Call Debit Spread",57.9,MONITORAR_NO_RTD,Liquidez score 59.7 ≥ 30 — monitorar confirmação via RTD.
BBAS3,BBASR181,PUT,18.1,2026-06-19,23,CURTO,0.04,43.0,RECUPERACAO_APOS_QUEDA,"Call Longa, Trava de Alta, Call Debit Spread",57.9,MONITORAR_NO_RTD,Liquidez score 43.0 ≥ 30 — monitorar confirmação via RTD.
BBAS3,BBASF239,CALL,23.6,2026-06-19,23,CURTO,0.06,43.0,RECUPERACAO_APOS_QUEDA,"Call Longa, Trava de Alta, Call Debit Spread",57.9,MONITORAR_NO_RTD,Liquidez score 43.0 ≥ 30 — monitorar confirmação via RTD.
RENT3,RENTF491W2,CALL,49.12,2026-06-12,16,CURTO,0.57,42.9,RECUPERACAO_APOS_QUEDA,"Call Longa, Trava de Alta, Call Debit Spread",57.9,MONITORAR_NO_RTD,Liquidez score 42.9 ≥ 30 — monitorar confirmação via RTD.
PETR4,PETRF207,CALL,20.19,2026-06-19,23,CURTO,24.4,43.0,CONTINUACAO_BAIXA,"Trava de Baixa, Put Debit Spread",57.9,MONITORAR_NO_RTD,Liquidez score 43.0 ≥ 30 — monitorar confirmação via RTD.
ITUB4,ITUBK476,CALL,43.77,2026-11-19,176,LONGO,2.66,43.1,RECUPERACAO_APOS_QUEDA,"Call Longa, Trava de Alta, Call Debit Spread",57.9,MONITORAR_NO_RTD,Liquidez score 43.1 ≥ 30 — monitorar confirmação via RTD.
HAPV3,HAPVR940,PUT,9.4,2026-06-19,23,CURTO,0.08,42.6,CONTINUACAO_BAIXA,"Trava de Baixa, Put Debit Spread",57.8,MONITORAR_NO_RTD,Liquidez score 42.6 ≥ 30 — monitorar confirmação via RTD.
VALE3,VALEF561,CALL,56.18,2026-06-19,23,CURTO,25.37,76.0,LATERALIDADE,Monitorar — Iron Condor futuro,57.8,CANDIDATA_PROXIMO_PREGAO,Liquidez score 76.0 ≥ 50 com vencimento CURTO — candidata para próximo pregão.
BPAC11,BPACR615,PUT,61.55,2026-06-19,23,CURTO,6.63,42.6,RECUPERACAO_APOS_QUEDA,"Call Longa, Trava de Alta, Call Debit Spread",57.8,MONITORAR_NO_RTD,Liquidez score 42.6 ≥ 30 — monitorar confirmação via RTD.
GGBR4,GGBRR211W4,PUT,21.11,2026-06-26,30,CURTO,0.63,42.5,CONTINUACAO_ALTA,"Trava de Alta, Call Debit Spread",57.8,MONITORAR_NO_RTD,Liquidez score 42.5 ≥ 30 — monitorar confirmação via RTD.
SUZB3,SUZBF464,CALL,46.42,2026-06-19,23,CURTO,0.1,42.5,RECUPERACAO_APOS_QUEDA,"Call Longa, Trava de Alta, Call Debit Spread",57.8,MONITORAR_NO_RTD,Liquidez score 42.5 ≥ 30 — monitorar confirmação via RTD.
PETR4,PETRE500W5,CALL,49.46,2026-05-29,2,CURTO,0.03,42.5,CONTINUACAO_BAIXA,"Trava de Baixa, Put Debit Spread",57.8,MONITORAR_NO_RTD,Liquidez score 42.5 ≥ 30 — monitorar confirmação via RTD.
WEGE3,WEGES474,PUT,45.46,2026-07-17,51,MEDIO,2.8,42.6,RECUPERACAO_APOS_QUEDA,"Call Longa, Trava de Alta, Call Debit Spread",57.8,MONITORAR_NO_RTD,Liquidez score 42.6 ≥ 30 — monitorar confirmação via RTD.
BBAS3,BBASF244,CALL,24.1,2026-06-19,23,CURTO,0.04,42.5,RECUPERACAO_APOS_QUEDA,"Call Longa, Trava de Alta, Call Debit Spread",57.8,MONITORAR_NO_RTD,Liquidez score 42.5 ≥ 30 — monitorar confirmação via RTD.
PETR4,PETRF1,CALL,12.73,2026-06-19,23,CURTO,32.56,42.5,CONTINUACAO_BAIXA,"Trava de Baixa, Put Debit Spread",57.8,MONITORAR_NO_RTD,Liquidez score 42.5 ≥ 30 — monitorar confirmação via RTD.
PETR4,PETRU422,PUT,41.69,2026-09-18,114,LONGO,1.42,42.8,CONTINUACAO_BAIXA,"Trava de Baixa, Put Debit Spread",57.8,MONITORAR_NO_RTD,Liquidez score 42.8 ≥ 30 — monitorar confirmação via RTD.
PRIO3,PRIOF645,CALL,64.5,2026-06-19,23,CURTO,5.85,59.3,LATERALIDADE,Monitorar — Iron Condor futuro,57.8,CANDIDATA_PROXIMO_PREGAO,Liquidez score 59.3 ≥ 50 com vencimento CURTO — candidata para próximo pregão.
WEGE3,WEGEI488,CALL,48.78,2026-09-18,114,LONGO,3.02,76.0,RECUPERACAO_APOS_QUEDA,"Call Longa, Trava de Alta, Call Debit Spread",57.8,MONITORAR_NO_RTD,Liquidez score 76.0 ≥ 30 — monitorar confirmação via RTD.
BPAC11,BPACF740,CALL,74.05,2026-06-19,23,CURTO,0.22,42.7,RECUPERACAO_APOS_QUEDA,"Call Longa, Trava de Alta, Call Debit Spread",57.8,MONITORAR_NO_RTD,Liquidez score 42.7 ≥ 30 — monitorar confirmação via RTD.
VALE3,VALER790W1,PUT,79.0,2026-06-05,9,CURTO,0.37,42.6,LATERALIDADE,Monitorar — Iron Condor futuro,57.8,MONITORAR_NO_RTD,Liquidez score 42.6 ≥ 30 — monitorar confirmação via RTD.
SUZB3,SUZBF540,CALL,51.17,2026-06-19,23,CURTO,0.04,42.6,RECUPERACAO_APOS_QUEDA,"Call Longa, Trava de Alta, Call Debit Spread",57.8,MONITORAR_NO_RTD,Liquidez score 42.6 ≥ 30 — monitorar confirmação via RTD.
RENT3,RENTG355,CALL,35.57,2026-07-17,51,MEDIO,12.8,59.3,RECUPERACAO_APOS_QUEDA,"Call Longa, Trava de Alta, Call Debit Spread",57.8,MONITORAR_NO_RTD,Liquidez score 59.3 ≥ 30 — monitorar confirmação via RTD.
PRIO3,PRIOF610,CALL,61.0,2026-06-19,23,CURTO,8.45,76.1,LATERALIDADE,Monitorar — Iron Condor futuro,57.8,CANDIDATA_PROXIMO_PREGAO,Liquidez score 76.1 ≥ 50 com vencimento CURTO — candidata para próximo pregão.
BBDC4,BBDCF205,CALL,20.26,2026-06-19,23,CURTO,0.03,42.2,RECUPERACAO_APOS_QUEDA,"Call Longa, Trava de Alta, Call Debit Spread",57.7,MONITORAR_NO_RTD,Liquidez score 42.2 ≥ 30 — monitorar confirmação via RTD.
PETR4,PETRR390,PUT,37.69,2026-06-19,23,CURTO,0.11,42.2,CONTINUACAO_BAIXA,"Trava de Baixa, Put Debit Spread",57.7,MONITORAR_NO_RTD,Liquidez score 42.2 ≥ 30 — monitorar confirmação via RTD.
PETR4,PETRE510W5,CALL,50.46,2026-05-29,2,CURTO,0.02,42.4,CONTINUACAO_BAIXA,"Trava de Baixa, Put Debit Spread",57.7,MONITORAR_NO_RTD,Liquidez score 42.4 ≥ 30 — monitorar confirmação via RTD.
PETR4,PETRH437,CALL,43.19,2026-08-21,86,MEDIO,5.8,42.3,CONTINUACAO_BAIXA,"Trava de Baixa, Put Debit Spread",57.7,MONITORAR_NO_RTD,Liquidez score 42.3 ≥ 30 — monitorar confirmação via RTD.
BBDC4,BBDCR263,PUT,26.01,2026-06-19,23,CURTO,7.71,42.3,RECUPERACAO_APOS_QUEDA,"Call Longa, Trava de Alta, Call Debit Spread",57.7,MONITORAR_NO_RTD,Liquidez score 42.3 ≥ 30 — monitorar confirmação via RTD.
RADL3,RADLR243,PUT,24.31,2026-06-19,23,CURTO,5.42,42.4,CONTINUACAO_BAIXA,"Trava de Baixa, Put Debit Spread",57.7,MONITORAR_NO_RTD,Liquidez score 42.4 ≥ 30 — monitorar confirmação via RTD.
RENT3,RENTG418,CALL,41.82,2026-07-17,51,MEDIO,5.0,42.3,RECUPERACAO_APOS_QUEDA,"Call Longa, Trava de Alta, Call Debit Spread",57.7,MONITORAR_NO_RTD,Liquidez score 42.3 ≥ 30 — monitorar confirmação via RTD.
PETR4,PETRF222,CALL,22.23,2026-06-19,23,CURTO,25.55,42.3,CONTINUACAO_BAIXA,"Trava de Baixa, Put Debit Spread",57.7,MONITORAR_NO_RTD,Liquidez score 42.3 ≥ 30 — monitorar confirmação via RTD.
BBAS3,BBASR185,PUT,18.35,2026-06-19,23,CURTO,0.06,42.4,RECUPERACAO_APOS_QUEDA,"Call Longa, Trava de Alta, Call Debit Spread",57.7,MONITORAR_NO_RTD,Liquidez score 42.4 ≥ 30 — monitorar confirmação via RTD.
PETR4,PETRR369,PUT,36.44,2026-06-19,23,CURTO,0.06,42.4,CONTINUACAO_BAIXA,"Trava de Baixa, Put Debit Spread",57.7,MONITORAR_NO_RTD,Liquidez score 42.4 ≥ 30 — monitorar confirmação via RTD.
PETR4,PETRR374,PUT,36.94,2026-06-19,23,CURTO,0.08,42.2,CONTINUACAO_BAIXA,"Trava de Baixa, Put Debit Spread",57.7,MONITORAR_NO_RTD,Liquidez score 42.2 ≥ 30 — monitorar confirmação via RTD.
VALE3,VALER780W1,PUT,78.0,2026-06-05,9,CURTO,0.24,42.1,LATERALIDADE,Monitorar — Iron Condor futuro,57.6,MONITORAR_NO_RTD,Liquidez score 42.1 ≥ 30 — monitorar confirmação via RTD.
PETR4,PETRC387,CALL,38.21,2028-03-17,660,EXTRA_LONGO,15.34,92.0,CONTINUACAO_BAIXA,"Trava de Baixa, Put Debit Spread",57.6,MONITORAR_NO_RTD,Liquidez score 92.0 ≥ 30 — monitorar confirmação via RTD.
PETR4,PETRE505W5,CALL,49.96,2026-05-29,2,CURTO,0.02,42.1,CONTINUACAO_BAIXA,"Trava de Baixa, Put Debit Spread",57.6,MONITORAR_NO_RTD,Liquidez score 42.1 ≥ 30 — monitorar confirmação via RTD.
PRIO3,PRIOF700W4,CALL,70.0,2026-06-26,30,CURTO,2.75,42.0,LATERALIDADE,Monitorar — Iron Condor futuro,57.6,MONITORAR_NO_RTD,Liquidez score 42.0 ≥ 30 — monitorar confirmação via RTD.
RADL3,RADLT226,PUT,22.62,2026-08-21,86,MEDIO,2.83,58.7,CONTINUACAO_BAIXA,"Trava de Baixa, Put Debit Spread",57.6,MONITORAR_NO_RTD,Liquidez score 58.7 ≥ 30 — monitorar confirmação via RTD.
VALE3,VALEF494,CALL,49.43,2026-06-19,23,CURTO,34.77,75.2,LATERALIDADE,Monitorar — Iron Condor futuro,57.6,CANDIDATA_PROXIMO_PREGAO,Liquidez score 75.2 ≥ 50 com vencimento CURTO — candidata para próximo pregão.
HAPV3,HAPVF105W2,CALL,10.5,2026-06-12,16,CURTO,2.02,41.9,CONTINUACAO_BAIXA,"Trava de Baixa, Put Debit Spread",57.6,MONITORAR_NO_RTD,Liquidez score 41.9 ≥ 30 — monitorar confirmação via RTD.
VALE3,VALEF651,CALL,65.18,2026-06-19,23,CURTO,17.65,75.2,LATERALIDADE,Monitorar — Iron Condor futuro,57.6,CANDIDATA_PROXIMO_PREGAO,Liquidez score 75.2 ≥ 50 com vencimento CURTO — candidata para próximo pregão.
PRIO3,PRIOF530,CALL,53.0,2026-06-19,23,CURTO,15.92,75.2,LATERALIDADE,Monitorar — Iron Condor futuro,57.6,CANDIDATA_PROXIMO_PREGAO,Liquidez score 75.2 ≥ 50 com vencimento CURTO — candidata para próximo pregão.
HAPV3,HAPVR107,PUT,10.75,2026-06-19,23,CURTO,0.25,42.0,CONTINUACAO_BAIXA,"Trava de Baixa, Put Debit Spread",57.6,MONITORAR_NO_RTD,Liquidez score 42.0 ≥ 30 — monitorar confirmação via RTD.
VALE3,VALEQ770W5,PUT,77.0,2026-05-29,2,CURTO,0.05,41.9,LATERALIDADE,Monitorar — Iron Condor futuro,57.6,MONITORAR_NO_RTD,Liquidez score 41.9 ≥ 30 — monitorar confirmação via RTD.
BBDC4,BBDCN18,PUT,17.79,2027-02-19,268,EXTRA_LONGO,2.1,42.0,RECUPERACAO_APOS_QUEDA,"Call Longa, Trava de Alta, Call Debit Spread",57.6,MONITORAR_NO_RTD,Liquidez score 42.0 ≥ 30 — monitorar confirmação via RTD.
VALE3,VALEE880W5,CALL,88.0,2026-05-29,2,CURTO,0.06,41.9,LATERALIDADE,Monitorar — Iron Condor futuro,57.6,MONITORAR_NO_RTD,Liquidez score 41.9 ≥ 30 — monitorar confirmação via RTD.
RENT3,RENTS485,PUT,48.07,2026-07-17,51,MEDIO,4.79,42.1,RECUPERACAO_APOS_QUEDA,"Call Longa, Trava de Alta, Call Debit Spread",57.6,MONITORAR_NO_RTD,Liquidez score 42.1 ≥ 30 — monitorar confirmação via RTD.
PRIO3,PRIOS670,PUT,67.0,2026-07-17,51,MEDIO,2.99,58.8,LATERALIDADE,Monitorar — Iron Condor futuro,57.6,MONITORAR_NO_RTD,Liquidez score 58.8 ≥ 30 — monitorar confirmação via RTD.
PETR4,PETRR712,PUT,70.69,2026-06-19,23,CURTO,25.45,42.1,CONTINUACAO_BAIXA,"Trava de Baixa, Put Debit Spread",57.6,MONITORAR_NO_RTD,Liquidez score 42.1 ≥ 30 — monitorar confirmação via RTD.
BBDC4,BBDCI164,CALL,16.16,2026-09-18,114,LONGO,2.5,58.6,RECUPERACAO_APOS_QUEDA,"Call Longa, Trava de Alta, Call Debit Spread",57.6,MONITORAR_NO_RTD,Liquidez score 58.6 ≥ 30 — monitorar confirmação via RTD.
RENT3,RENTR576,PUT,57.62,2026-06-19,23,CURTO,7.08,42.1,RECUPERACAO_APOS_QUEDA,"Call Longa, Trava de Alta, Call Debit Spread",57.6,MONITORAR_NO_RTD,Liquidez score 42.1 ≥ 30 — monitorar confirmação via RTD.
HAPV3,HAPVE135W5,CALL,13.5,2026-05-29,2,CURTO,0.05,41.7,CONTINUACAO_BAIXA,"Trava de Baixa, Put Debit Spread",57.5,MONITORAR_NO_RTD,Liquidez score 41.7 ≥ 30 — monitorar confirmação via RTD.
PETR4,PETRF612,CALL,60.69,2026-06-19,23,CURTO,0.02,41.6,CONTINUACAO_BAIXA,"Trava de Baixa, Put Debit Spread",57.5,MONITORAR_NO_RTD,Liquidez score 41.6 ≥ 30 — monitorar confirmação via RTD.
BPAC11,BPACF665,CALL,66.52,2026-06-19,23,CURTO,0.06,41.7,RECUPERACAO_APOS_QUEDA,"Call Longa, Trava de Alta, Call Debit Spread",57.5,MONITORAR_NO_RTD,Liquidez score 41.7 ≥ 30 — monitorar confirmação via RTD.
BPAC11,BPACF655,CALL,65.55,2026-06-19,23,CURTO,0.1,41.6,RECUPERACAO_APOS_QUEDA,"Call Longa, Trava de Alta, Call Debit Spread",57.5,MONITORAR_NO_RTD,Liquidez score 41.6 ≥ 30 — monitorar confirmação via RTD.
HAPV3,HAPVR820,PUT,8.2,2026-06-19,23,CURTO,0.04,41.7,CONTINUACAO_BAIXA,"Trava de Baixa, Put Debit Spread",57.5,MONITORAR_NO_RTD,Liquidez score 41.7 ≥ 30 — monitorar confirmação via RTD.
PETR4,PETRH552,CALL,54.69,2026-08-21,86,MEDIO,0.89,58.4,CONTINUACAO_BAIXA,"Trava de Baixa, Put Debit Spread",57.5,MONITORAR_NO_RTD,Liquidez score 58.4 ≥ 30 — monitorar confirmação via RTD.
RENT3,RENTS473,PUT,47.32,2026-07-17,51,MEDIO,4.47,41.8,RECUPERACAO_APOS_QUEDA,"Call Longa, Trava de Alta, Call Debit Spread",57.5,MONITORAR_NO_RTD,Liquidez score 41.8 ≥ 30 — monitorar confirmação via RTD.
BBDC4,BBDCR150,PUT,14.49,2026-06-19,23,CURTO,0.08,41.8,RECUPERACAO_APOS_QUEDA,"Call Longa, Trava de Alta, Call Debit Spread",57.5,MONITORAR_NO_RTD,Liquidez score 41.8 ≥ 30 — monitorar confirmação via RTD.
ENEV3,ENEVG125,CALL,12.5,2026-07-17,51,MEDIO,13.62,41.6,PROTECAO_CARTEIRA,"Protective Put, Collar",57.5,MONITORAR_NO_RTD,Liquidez score 41.6 ≥ 30 — monitorar confirmação via RTD.
RADL3,RADLR20,PUT,20.37,2026-06-19,23,CURTO,2.19,41.8,CONTINUACAO_BAIXA,"Trava de Baixa, Put Debit Spread",57.5,MONITORAR_NO_RTD,Liquidez score 41.8 ≥ 30 — monitorar confirmação via RTD.
HAPV3,HAPVR170,PUT,17.0,2026-06-19,23,CURTO,3.75,41.6,CONTINUACAO_BAIXA,"Trava de Baixa, Put Debit Spread",57.5,MONITORAR_NO_RTD,Liquidez score 41.6 ≥ 30 — monitorar confirmação via RTD.
BBAS3,BBASR180,PUT,17.85,2026-06-19,23,CURTO,0.03,41.5,RECUPERACAO_APOS_QUEDA,"Call Longa, Trava de Alta, Call Debit Spread",57.5,MONITORAR_NO_RTD,Liquidez score 41.5 ≥ 30 — monitorar confirmação via RTD.
PETR4,PETRF647,CALL,64.19,2026-06-19,23,CURTO,0.03,41.2,CONTINUACAO_BAIXA,"Trava de Baixa, Put Debit Spread",57.4,MONITORAR_NO_RTD,Liquidez score 41.2 ≥ 30 — monitorar confirmação via RTD.
HAPV3,HAPVF167,CALL,16.75,2026-06-19,23,CURTO,0.05,41.4,CONTINUACAO_BAIXA,"Trava de Baixa, Put Debit Spread",57.4,MONITORAR_NO_RTD,Liquidez score 41.4 ≥ 30 — monitorar confirmação via RTD.
PETR4,PETRL233,CALL,21.93,2026-12-18,205,EXTRA_LONGO,24.63,91.2,CONTINUACAO_BAIXA,"Trava de Baixa, Put Debit Spread",57.4,MONITORAR_NO_RTD,Liquidez score 91.2 ≥ 30 — monitorar confirmação via RTD.
HAPV3,HAPVS380,PUT,38.0,2026-07-17,51,MEDIO,24.75,58.1,CONTINUACAO_BAIXA,"Trava de Baixa, Put Debit Spread",57.4,MONITORAR_NO_RTD,Liquidez score 58.1 ≥ 30 — monitorar confirmação via RTD.
PETR4,PETRR365,PUT,35.19,2026-06-19,23,CURTO,0.04,41.3,CONTINUACAO_BAIXA,"Trava de Baixa, Put Debit Spread",57.4,MONITORAR_NO_RTD,Liquidez score 41.3 ≥ 30 — monitorar confirmação via RTD.
PETR4,PETRR375,PUT,36.19,2026-06-19,23,CURTO,0.06,41.2,CONTINUACAO_BAIXA,"Trava de Baixa, Put Debit Spread",57.4,MONITORAR_NO_RTD,Liquidez score 41.2 ≥ 30 — monitorar confirmação via RTD.
PETR4,PETRR39,PUT,38.46,2026-06-19,23,CURTO,0.05,41.4,CONTINUACAO_BAIXA,"Trava de Baixa, Put Debit Spread",57.4,MONITORAR_NO_RTD,Liquidez score 41.4 ≥ 30 — monitorar confirmação via RTD.
WEGE3,WEGEF481,CALL,48.03,2026-06-19,23,CURTO,0.22,41.2,RECUPERACAO_APOS_QUEDA,"Call Longa, Trava de Alta, Call Debit Spread",57.4,MONITORAR_NO_RTD,Liquidez score 41.2 ≥ 30 — monitorar confirmação via RTD.
PETR4,PETRS494,PUT,48.94,2026-07-17,51,MEDIO,4.85,41.3,CONTINUACAO_BAIXA,"Trava de Baixa, Put Debit Spread",57.4,MONITORAR_NO_RTD,Liquidez score 41.3 ≥ 30 — monitorar confirmação via RTD.
SUZB3,SUZBF621,CALL,62.17,2026-06-19,23,CURTO,0.03,41.4,RECUPERACAO_APOS_QUEDA,"Call Longa, Trava de Alta, Call Debit Spread",57.4,MONITORAR_NO_RTD,Liquidez score 41.4 ≥ 30 — monitorar confirmação via RTD.
VALE3,VALER770W1,PUT,77.0,2026-06-05,9,CURTO,0.16,41.3,LATERALIDADE,Monitorar — Iron Condor futuro,57.4,MONITORAR_NO_RTD,Liquidez score 41.3 ≥ 30 — monitorar confirmação via RTD.
BBAS3,BBASX212,PUT,20.93,2026-12-18,205,EXTRA_LONGO,1.56,41.4,RECUPERACAO_APOS_QUEDA,"Call Longa, Trava de Alta, Call Debit Spread",57.4,MONITORAR_NO_RTD,Liquidez score 41.4 ≥ 30 — monitorar confirmação via RTD.
HAPV3,HAPVR970,PUT,9.7,2026-06-19,23,CURTO,0.09,41.2,CONTINUACAO_BAIXA,"Trava de Baixa, Put Debit Spread",57.4,MONITORAR_NO_RTD,Liquidez score 41.2 ≥ 30 — monitorar confirmação via RTD.
VALE3,VALEG896,CALL,89.65,2026-07-17,51,MEDIO,1.49,58.1,LATERALIDADE,Monitorar — Iron Condor futuro,57.4,MONITORAR_NO_RTD,Liquidez score 58.1 ≥ 30 — monitorar confirmação via RTD.
HAPV3,HAPVR960,PUT,9.6,2026-06-19,23,CURTO,0.11,41.2,CONTINUACAO_BAIXA,"Trava de Baixa, Put Debit Spread",57.4,MONITORAR_NO_RTD,Liquidez score 41.2 ≥ 30 — monitorar confirmação via RTD.
BBAS3,BBASI883,CALL,8.83,2026-09-18,114,LONGO,15.4,74.7,RECUPERACAO_APOS_QUEDA,"Call Longa, Trava de Alta, Call Debit Spread",57.4,MONITORAR_NO_RTD,Liquidez score 74.7 ≥ 30 — monitorar confirmação via RTD.
B3SA3,B3SAG105,CALL,10.54,2026-07-17,51,MEDIO,6.97,41.3,RECUPERACAO_APOS_QUEDA,"Call Longa, Trava de Alta, Call Debit Spread",57.4,MONITORAR_NO_RTD,Liquidez score 41.3 ≥ 30 — monitorar confirmação via RTD.
PETR4,PETRQ369W5,PUT,36.96,2026-05-29,2,CURTO,0.01,41.2,CONTINUACAO_BAIXA,"Trava de Baixa, Put Debit Spread",57.4,MONITORAR_NO_RTD,Liquidez score 41.2 ≥ 30 — monitorar confirmação via RTD.
BPAC11,BPACF605,CALL,60.55,2026-06-19,23,CURTO,0.24,41.2,RECUPERACAO_APOS_QUEDA,"Call Longa, Trava de Alta, Call Debit Spread",57.4,MONITORAR_NO_RTD,Liquidez score 41.2 ≥ 30 — monitorar confirmação via RTD.
BPAC11,BPACF670,CALL,67.05,2026-06-19,23,CURTO,0.04,41.3,RECUPERACAO_APOS_QUEDA,"Call Longa, Trava de Alta, Call Debit Spread",57.4,MONITORAR_NO_RTD,Liquidez score 41.3 ≥ 30 — monitorar confirmação via RTD.
BPAC11,BPACF675,CALL,67.55,2026-06-19,23,CURTO,0.05,41.4,RECUPERACAO_APOS_QUEDA,"Call Longa, Trava de Alta, Call Debit Spread",57.4,MONITORAR_NO_RTD,Liquidez score 41.4 ≥ 30 — monitorar confirmação via RTD.
SUZB3,SUZBF490W1,CALL,49.0,2026-06-05,9,CURTO,1.89,41.0,RECUPERACAO_APOS_QUEDA,"Call Longa, Trava de Alta, Call Debit Spread",57.3,MONITORAR_NO_RTD,Liquidez score 41.0 ≥ 30 — monitorar confirmação via RTD.
PETR4,PETRF122,CALL,11.69,2026-06-19,23,CURTO,33.6,40.9,CONTINUACAO_BAIXA,"Trava de Baixa, Put Debit Spread",57.3,MONITORAR_NO_RTD,Liquidez score 40.9 ≥ 30 — monitorar confirmação via RTD.
BPAC11,BPACF680,CALL,68.05,2026-06-19,23,CURTO,0.04,40.9,RECUPERACAO_APOS_QUEDA,"Call Longa, Trava de Alta, Call Debit Spread",57.3,MONITORAR_NO_RTD,Liquidez score 40.9 ≥ 30 — monitorar confirmação via RTD.
PETR4,PETRE520W5,CALL,51.46,2026-05-29,2,CURTO,0.01,41.0,CONTINUACAO_BAIXA,"Trava de Baixa, Put Debit Spread",57.3,MONITORAR_NO_RTD,Liquidez score 41.0 ≥ 30 — monitorar confirmação via RTD.
PETR4,PETRR362,PUT,35.69,2026-06-19,23,CURTO,0.05,41.0,CONTINUACAO_BAIXA,"Trava de Baixa, Put Debit Spread",57.3,MONITORAR_NO_RTD,Liquidez score 41.0 ≥ 30 — monitorar confirmação via RTD.
RADL3,RADLR226,PUT,22.58,2026-06-19,23,CURTO,3.74,40.9,CONTINUACAO_BAIXA,"Trava de Baixa, Put Debit Spread",57.3,MONITORAR_NO_RTD,Liquidez score 40.9 ≥ 30 — monitorar confirmação via RTD.
ITUB4,ITUBR446W2,PUT,44.61,2026-06-12,16,CURTO,4.53,40.9,RECUPERACAO_APOS_QUEDA,"Call Longa, Trava de Alta, Call Debit Spread",57.3,MONITORAR_NO_RTD,Liquidez score 40.9 ≥ 30 — monitorar confirmação via RTD.
CMIG4,CMIGS139,PUT,12.24,2026-07-17,51,MEDIO,0.9,41.0,RECUPERACAO_APOS_QUEDA,"Call Longa, Trava de Alta, Call Debit Spread",57.3,MONITORAR_NO_RTD,Liquidez score 41.0 ≥ 30 — monitorar confirmação via RTD.
HAPV3,HAPVR980,PUT,9.8,2026-06-19,23,CURTO,0.09,41.0,CONTINUACAO_BAIXA,"Trava de Baixa, Put Debit Spread",57.3,MONITORAR_NO_RTD,Liquidez score 41.0 ≥ 30 — monitorar confirmação via RTD.
PETR4,PETRR324,PUT,31.94,2026-06-19,23,CURTO,0.01,40.9,CONTINUACAO_BAIXA,"Trava de Baixa, Put Debit Spread",57.3,MONITORAR_NO_RTD,Liquidez score 40.9 ≥ 30 — monitorar confirmação via RTD.
VALE3,VALEG906,CALL,90.65,2026-07-17,51,MEDIO,1.24,57.8,LATERALIDADE,Monitorar — Iron Condor futuro,57.3,MONITORAR_NO_RTD,Liquidez score 57.8 ≥ 30 — monitorar confirmação via RTD.
SUZB3,SUZBF481,CALL,48.17,2026-06-19,23,CURTO,0.09,41.0,RECUPERACAO_APOS_QUEDA,"Call Longa, Trava de Alta, Call Debit Spread",57.3,MONITORAR_NO_RTD,Liquidez score 41.0 ≥ 30 — monitorar confirmação via RTD.
CMIG4,CMIGF144,CALL,12.74,2026-06-19,23,CURTO,0.03,41.1,RECUPERACAO_APOS_QUEDA,"Call Longa, Trava de Alta, Call Debit Spread",57.3,MONITORAR_NO_RTD,Liquidez score 41.1 ≥ 30 — monitorar confirmação via RTD.
WEGE3,WEGEF498,CALL,47.78,2026-06-19,23,CURTO,0.24,41.1,RECUPERACAO_APOS_QUEDA,"Call Longa, Trava de Alta, Call Debit Spread",57.3,MONITORAR_NO_RTD,Liquidez score 41.1 ≥ 30 — monitorar confirmação via RTD.
PETR4,PETRG114,CALL,10.94,2026-07-17,51,MEDIO,34.56,57.7,CONTINUACAO_BAIXA,"Trava de Baixa, Put Debit Spread",57.3,MONITORAR_NO_RTD,Liquidez score 57.7 ≥ 30 — monitorar confirmação via RTD.
BBAS3,BBASF246,CALL,24.35,2026-06-19,23,CURTO,0.03,41.0,RECUPERACAO_APOS_QUEDA,"Call Longa, Trava de Alta, Call Debit Spread",57.3,MONITORAR_NO_RTD,Liquidez score 41.0 ≥ 30 — monitorar confirmação via RTD.
RENT3,RENTF385,CALL,38.12,2026-06-19,23,CURTO,12.35,41.1,RECUPERACAO_APOS_QUEDA,"Call Longa, Trava de Alta, Call Debit Spread",57.3,MONITORAR_NO_RTD,Liquidez score 41.1 ≥ 30 — monitorar confirmação via RTD.
ENEV3,ENEVG310,CALL,31.0,2026-07-17,51,MEDIO,0.15,41.1,PROTECAO_CARTEIRA,"Protective Put, Collar",57.3,MONITORAR_NO_RTD,Liquidez score 41.1 ≥ 30 — monitorar confirmação via RTD.
PRIO3,PRIOF620W4,CALL,62.0,2026-06-26,30,CURTO,3.6,74.3,LATERALIDADE,Monitorar — Iron Condor futuro,57.3,CANDIDATA_PROXIMO_PREGAO,Liquidez score 74.3 ≥ 50 com vencimento CURTO — candidata para próximo pregão.
GGBR4,GGBRR22,PUT,20.68,2026-06-19,23,CURTO,0.09,40.9,CONTINUACAO_ALTA,"Trava de Alta, Call Debit Spread",57.3,MONITORAR_NO_RTD,Liquidez score 40.9 ≥ 30 — monitorar confirmação via RTD.
ITUB4,ITUBF452,CALL,44.94,2026-06-19,23,CURTO,0.07,40.9,RECUPERACAO_APOS_QUEDA,"Call Longa, Trava de Alta, Call Debit Spread",57.3,MONITORAR_NO_RTD,Liquidez score 40.9 ≥ 30 — monitorar confirmação via RTD.
PETR4,PETRQ372W5,PUT,37.21,2026-05-29,2,CURTO,0.01,40.9,CONTINUACAO_BAIXA,"Trava de Baixa, Put Debit Spread",57.3,MONITORAR_NO_RTD,Liquidez score 40.9 ≥ 30 — monitorar confirmação via RTD.
VALE3,VALEF661,CALL,66.18,2026-06-19,23,CURTO,17.51,74.2,LATERALIDADE,Monitorar — Iron Condor futuro,57.3,CANDIDATA_PROXIMO_PREGAO,Liquidez score 74.2 ≥ 50 com vencimento CURTO — candidata para próximo pregão.
PETR4,PETRR352,PUT,34.69,2026-06-19,23,CURTO,0.03,40.7,CONTINUACAO_BAIXA,"Trava de Baixa, Put Debit Spread",57.2,MONITORAR_NO_RTD,Liquidez score 40.7 ≥ 30 — monitorar confirmação via RTD.
ENEV3,ENEVG315,CALL,31.5,2026-07-17,51,MEDIO,0.1,40.6,PROTECAO_CARTEIRA,"Protective Put, Collar",57.2,MONITORAR_NO_RTD,Liquidez score 40.6 ≥ 30 — monitorar confirmação via RTD.
PETR4,PETRR349,PUT,34.44,2026-06-19,23,CURTO,0.03,40.6,CONTINUACAO_BAIXA,"Trava de Baixa, Put Debit Spread",57.2,MONITORAR_NO_RTD,Liquidez score 40.6 ≥ 30 — monitorar confirmação via RTD.
ABEV3,ABEVR141,PUT,14.17,2026-06-19,23,CURTO,0.02,40.7,CONTINUACAO_ALTA,"Trava de Alta, Call Debit Spread",57.2,MONITORAR_NO_RTD,Liquidez score 40.7 ≥ 30 — monitorar confirmação via RTD.
RADL3,RADLF237,CALL,23.06,2026-06-19,23,CURTO,0.05,40.8,CONTINUACAO_BAIXA,"Trava de Baixa, Put Debit Spread",57.2,MONITORAR_NO_RTD,Liquidez score 40.8 ≥ 30 — monitorar confirmação via RTD.
PETR4,PETRE515W5,CALL,50.96,2026-05-29,2,CURTO,0.02,40.6,CONTINUACAO_BAIXA,"Trava de Baixa, Put Debit Spread",57.2,MONITORAR_NO_RTD,Liquidez score 40.6 ≥ 30 — monitorar confirmação via RTD.
BBAS3,BBASF249,CALL,24.6,2026-06-19,23,CURTO,0.02,40.6,RECUPERACAO_APOS_QUEDA,"Call Longa, Trava de Alta, Call Debit Spread",57.2,MONITORAR_NO_RTD,Liquidez score 40.6 ≥ 30 — monitorar confirmação via RTD.
RENT3,RENTR535,PUT,53.12,2026-06-19,23,CURTO,8.9,40.8,RECUPERACAO_APOS_QUEDA,"Call Longa, Trava de Alta, Call Debit Spread",57.2,MONITORAR_NO_RTD,Liquidez score 40.8 ≥ 30 — monitorar confirmação via RTD.
ITUB4,ITUBG404,CALL,36.85,2026-07-17,51,MEDIO,4.26,40.7,RECUPERACAO_APOS_QUEDA,"Call Longa, Trava de Alta, Call Debit Spread",57.2,MONITORAR_NO_RTD,Liquidez score 40.7 ≥ 30 — monitorar confirmação via RTD.
PRIO3,PRIOF54,CALL,54.5,2026-06-19,23,CURTO,14.4,74.0,LATERALIDADE,Monitorar — Iron Condor futuro,57.2,CANDIDATA_PROXIMO_PREGAO,Liquidez score 74.0 ≥ 50 com vencimento CURTO — candidata para próximo pregão.
WEGE3,WEGEF541,CALL,52.03,2026-06-19,23,CURTO,0.06,40.7,RECUPERACAO_APOS_QUEDA,"Call Longa, Trava de Alta, Call Debit Spread",57.2,MONITORAR_NO_RTD,Liquidez score 40.7 ≥ 30 — monitorar confirmação via RTD.
WEGE3,WEGEH402,CALL,40.21,2026-08-21,86,MEDIO,6.05,40.6,RECUPERACAO_APOS_QUEDA,"Call Longa, Trava de Alta, Call Debit Spread",57.2,MONITORAR_NO_RTD,Liquidez score 40.6 ≥ 30 — monitorar confirmação via RTD.
BBAS3,BBASR176,PUT,17.6,2026-06-19,23,CURTO,0.02,40.8,RECUPERACAO_APOS_QUEDA,"Call Longa, Trava de Alta, Call Debit Spread",57.2,MONITORAR_NO_RTD,Liquidez score 40.8 ≥ 30 — monitorar confirmação via RTD.
TAEE11,TAEEG390,CALL,37.64,2026-07-17,51,MEDIO,2.32,40.6,RECUPERACAO_APOS_QUEDA,"Call Longa, Trava de Alta, Call Debit Spread",57.2,MONITORAR_NO_RTD,Liquidez score 40.6 ≥ 30 — monitorar confirmação via RTD.
BBAS3,BBASR171,PUT,17.1,2026-06-19,23,CURTO,0.01,40.8,RECUPERACAO_APOS_QUEDA,"Call Longa, Trava de Alta, Call Debit Spread",57.2,MONITORAR_NO_RTD,Liquidez score 40.8 ≥ 30 — monitorar confirmação via RTD.
BBDC4,BBDCR205,PUT,20.26,2026-06-19,23,CURTO,2.43,40.6,RECUPERACAO_APOS_QUEDA,"Call Longa, Trava de Alta, Call Debit Spread",57.2,MONITORAR_NO_RTD,Liquidez score 40.6 ≥ 30 — monitorar confirmação via RTD.
PRIO3,PRIOR615,PUT,61.5,2026-06-19,23,CURTO,0.75,73.9,LATERALIDADE,Monitorar — Iron Condor futuro,57.2,CANDIDATA_PROXIMO_PREGAO,Liquidez score 73.9 ≥ 50 com vencimento CURTO — candidata para próximo pregão.
VALE3,VALEG89,CALL,89.15,2026-07-17,51,MEDIO,1.63,57.3,LATERALIDADE,Monitorar — Iron Condor futuro,57.2,MONITORAR_NO_RTD,Liquidez score 57.3 ≥ 30 — monitorar confirmação via RTD.
RADL3,RADLF241,CALL,24.06,2026-06-19,23,CURTO,0.02,40.6,CONTINUACAO_BAIXA,"Trava de Baixa, Put Debit Spread",57.2,MONITORAR_NO_RTD,Liquidez score 40.6 ≥ 30 — monitorar confirmação via RTD.
PRIO3,PRIOR790,PUT,79.0,2026-06-19,23,CURTO,10.43,74.1,LATERALIDADE,Monitorar — Iron Condor futuro,57.2,CANDIDATA_PROXIMO_PREGAO,Liquidez score 74.1 ≥ 50 com vencimento CURTO — candidata para próximo pregão.
PETR4,PETRF617,CALL,61.19,2026-06-19,23,CURTO,0.01,40.8,CONTINUACAO_BAIXA,"Trava de Baixa, Put Debit Spread",57.2,MONITORAR_NO_RTD,Liquidez score 40.8 ≥ 30 — monitorar confirmação via RTD.
ABEV3,ABEVR13,PUT,14.42,2026-06-19,23,CURTO,0.04,40.7,CONTINUACAO_ALTA,"Trava de Alta, Call Debit Spread",57.2,MONITORAR_NO_RTD,Liquidez score 40.7 ≥ 30 — monitorar confirmação via RTD.
GGBR4,GGBRF162,CALL,15.86,2026-06-19,23,CURTO,7.13,40.4,CONTINUACAO_ALTA,"Trava de Alta, Call Debit Spread",57.1,MONITORAR_NO_RTD,Liquidez score 40.4 ≥ 30 — monitorar confirmação via RTD.
PETR4,PETRR354,PUT,34.94,2026-06-19,23,CURTO,0.04,40.4,CONTINUACAO_BAIXA,"Trava de Baixa, Put Debit Spread",57.1,MONITORAR_NO_RTD,Liquidez score 40.4 ≥ 30 — monitorar confirmação via RTD.
PETR4,PETRL199,CALL,18.61,2027-12-17,569,EXTRA_LONGO,28.41,90.3,CONTINUACAO_BAIXA,"Trava de Baixa, Put Debit Spread",57.1,MONITORAR_NO_RTD,Liquidez score 90.3 ≥ 30 — monitorar confirmação via RTD.
PETR4,PETRR334,PUT,32.94,2026-06-19,23,CURTO,0.02,40.2,CONTINUACAO_BAIXA,"Trava de Baixa, Put Debit Spread",57.1,MONITORAR_NO_RTD,Liquidez score 40.2 ≥ 30 — monitorar confirmação via RTD.
WEGE3,WEGEW47,PUT,45.36,2026-11-19,176,LONGO,2.56,57.1,RECUPERACAO_APOS_QUEDA,"Call Longa, Trava de Alta, Call Debit Spread",57.1,MONITORAR_NO_RTD,Liquidez score 57.1 ≥ 30 — monitorar confirmação via RTD.
PETR4,PETRF707,CALL,70.19,2026-06-19,23,CURTO,0.01,40.2,CONTINUACAO_BAIXA,"Trava de Baixa, Put Debit Spread",57.1,MONITORAR_NO_RTD,Liquidez score 40.2 ≥ 30 — monitorar confirmação via RTD.
SUZB3,SUZBS448,PUT,44.88,2026-07-17,51,MEDIO,2.54,40.2,RECUPERACAO_APOS_QUEDA,"Call Longa, Trava de Alta, Call Debit Spread",57.1,MONITORAR_NO_RTD,Liquidez score 40.2 ≥ 30 — monitorar confirmação via RTD.
ITUB4,ITUBR247,PUT,24.46,2026-06-19,23,CURTO,0.09,40.3,RECUPERACAO_APOS_QUEDA,"Call Longa, Trava de Alta, Call Debit Spread",57.1,MONITORAR_NO_RTD,Liquidez score 40.3 ≥ 30 — monitorar confirmação via RTD.
PETR4,PETRE39W5,CALL,39.71,2026-05-29,2,CURTO,4.64,40.3,CONTINUACAO_BAIXA,"Trava de Baixa, Put Debit Spread",57.1,MONITORAR_NO_RTD,Liquidez score 40.3 ≥ 30 — monitorar confirmação via RTD.
PETR4,PETRR440,PUT,36.69,2026-06-19,23,CURTO,0.1,40.3,CONTINUACAO_BAIXA,"Trava de Baixa, Put Debit Spread",57.1,MONITORAR_NO_RTD,Liquidez score 40.3 ≥ 30 — monitorar confirmação via RTD.
SUZB3,SUZBS473,PUT,47.38,2026-07-17,51,MEDIO,4.4,56.9,RECUPERACAO_APOS_QUEDA,"Call Longa, Trava de Alta, Call Debit Spread",57.1,MONITORAR_NO_RTD,Liquidez score 56.9 ≥ 30 — monitorar confirmação via RTD.
PETR4,PETRF692,CALL,68.69,2026-06-19,23,CURTO,0.01,40.2,CONTINUACAO_BAIXA,"Trava de Baixa, Put Debit Spread",57.1,MONITORAR_NO_RTD,Liquidez score 40.2 ≥ 30 — monitorar confirmação via RTD.
VALE3,VALEE890W5,CALL,89.0,2026-05-29,2,CURTO,0.03,40.4,LATERALIDADE,Monitorar — Iron Condor futuro,57.1,MONITORAR_NO_RTD,Liquidez score 40.4 ≥ 30 — monitorar confirmação via RTD.
PETR4,PETRF983,CALL,9.29,2026-06-19,23,CURTO,35.8,40.5,CONTINUACAO_BAIXA,"Trava de Baixa, Put Debit Spread",57.1,MONITORAR_NO_RTD,Liquidez score 40.5 ≥ 30 — monitorar confirmação via RTD.
BBDC4,BBDCR16,PUT,15.76,2026-06-19,23,CURTO,0.04,40.5,RECUPERACAO_APOS_QUEDA,"Call Longa, Trava de Alta, Call Debit Spread",57.1,MONITORAR_NO_RTD,Liquidez score 40.5 ≥ 30 — monitorar confirmação via RTD.
PETR4,PETRR335,PUT,32.19,2026-06-19,23,CURTO,0.01,40.4,CONTINUACAO_BAIXA,"Trava de Baixa, Put Debit Spread",57.1,MONITORAR_NO_RTD,Liquidez score 40.4 ≥ 30 — monitorar confirmação via RTD.
PETR4,PETRR342,PUT,33.69,2026-06-19,23,CURTO,0.03,40.4,CONTINUACAO_BAIXA,"Trava de Baixa, Put Debit Spread",57.1,MONITORAR_NO_RTD,Liquidez score 40.4 ≥ 30 — monitorar confirmação via RTD.
BBDC4,BBDCH16,CALL,16.99,2026-08-21,86,MEDIO,0.41,40.4,RECUPERACAO_APOS_QUEDA,"Call Longa, Trava de Alta, Call Debit Spread",57.1,MONITORAR_NO_RTD,Liquidez score 40.4 ≥ 30 — monitorar confirmação via RTD.
BBAS3,BBASR182,PUT,182.26,2027-06-18,387,EXTRA_LONGO,140.0,90.4,RECUPERACAO_APOS_QUEDA,"Call Longa, Trava de Alta, Call Debit Spread",57.1,MONITORAR_NO_RTD,Liquidez score 90.4 ≥ 30 — monitorar confirmação via RTD.
PETR4,PETRR329,PUT,32.44,2026-06-19,23,CURTO,0.01,40.2,CONTINUACAO_BAIXA,"Trava de Baixa, Put Debit Spread",57.1,MONITORAR_NO_RTD,Liquidez score 40.2 ≥ 30 — monitorar confirmação via RTD.
BBAS3,BBASF251,CALL,24.85,2026-06-19,23,CURTO,0.02,40.4,RECUPERACAO_APOS_QUEDA,"Call Longa, Trava de Alta, Call Debit Spread",57.1,MONITORAR_NO_RTD,Liquidez score 40.4 ≥ 30 — monitorar confirmação via RTD.
ENEV3,ENEVG307,CALL,30.75,2026-07-17,51,MEDIO,0.16,40.2,PROTECAO_CARTEIRA,"Protective Put, Collar",57.1,MONITORAR_NO_RTD,Liquidez score 40.2 ≥ 30 — monitorar confirmação via RTD.
PETR4,PETRF672,CALL,66.69,2026-06-19,23,CURTO,0.01,40.2,CONTINUACAO_BAIXA,"Trava de Baixa, Put Debit Spread",57.1,MONITORAR_NO_RTD,Liquidez score 40.2 ≥ 30 — monitorar confirmação via RTD.
PETR4,PETRF677,CALL,67.19,2026-06-19,23,CURTO,0.01,40.3,CONTINUACAO_BAIXA,"Trava de Baixa, Put Debit Spread",57.1,MONITORAR_NO_RTD,Liquidez score 40.3 ≥ 30 — monitorar confirmação via RTD.
PETR4,PETRF622,CALL,61.69,2026-06-19,23,CURTO,0.01,40.5,CONTINUACAO_BAIXA,"Trava de Baixa, Put Debit Spread",57.1,MONITORAR_NO_RTD,Liquidez score 40.5 ≥ 30 — monitorar confirmação via RTD.
BBAS3,BBASF261,CALL,26.1,2026-06-19,23,CURTO,0.01,40.4,RECUPERACAO_APOS_QUEDA,"Call Longa, Trava de Alta, Call Debit Spread",57.1,MONITORAR_NO_RTD,Liquidez score 40.4 ≥ 30 — monitorar confirmação via RTD.
HAPV3,HAPVF160W2,CALL,16.0,2026-06-12,16,CURTO,0.19,40.3,CONTINUACAO_BAIXA,"Trava de Baixa, Put Debit Spread",57.1,MONITORAR_NO_RTD,Liquidez score 40.3 ≥ 30 — monitorar confirmação via RTD.
VALE3,VALEF596,CALL,59.68,2026-06-19,23,CURTO,23.66,73.6,LATERALIDADE,Monitorar — Iron Condor futuro,57.1,CANDIDATA_PROXIMO_PREGAO,Liquidez score 73.6 ≥ 50 com vencimento CURTO — candidata para próximo pregão.
PETR4,PETRF667,CALL,66.19,2026-06-19,23,CURTO,0.01,40.2,CONTINUACAO_BAIXA,"Trava de Baixa, Put Debit Spread",57.1,MONITORAR_NO_RTD,Liquidez score 40.2 ≥ 30 — monitorar confirmação via RTD.
WEGE3,WEGEL412,CALL,39.46,2026-12-18,205,EXTRA_LONGO,9.36,73.8,RECUPERACAO_APOS_QUEDA,"Call Longa, Trava de Alta, Call Debit Spread",57.1,MONITORAR_NO_RTD,Liquidez score 73.8 ≥ 30 — monitorar confirmação via RTD.
PETR4,PETRR344,PUT,33.94,2026-06-19,23,CURTO,0.03,40.3,CONTINUACAO_BAIXA,"Trava de Baixa, Put Debit Spread",57.1,MONITORAR_NO_RTD,Liquidez score 40.3 ≥ 30 — monitorar confirmação via RTD.
BBDC4,BBDCF208,CALL,20.51,2026-06-19,23,CURTO,0.03,40.4,RECUPERACAO_APOS_QUEDA,"Call Longa, Trava de Alta, Call Debit Spread",57.1,MONITORAR_NO_RTD,Liquidez score 40.4 ≥ 30 — monitorar confirmação via RTD.
BBDC4,BBDCF213,CALL,21.01,2026-06-19,23,CURTO,0.02,40.5,RECUPERACAO_APOS_QUEDA,"Call Longa, Trava de Alta, Call Debit Spread",57.1,MONITORAR_NO_RTD,Liquidez score 40.5 ≥ 30 — monitorar confirmação via RTD.
PETR4,PETRE507,CALL,50.71,2027-05-21,359,EXTRA_LONGO,4.93,90.3,CONTINUACAO_BAIXA,"Trava de Baixa, Put Debit Spread",57.1,MONITORAR_NO_RTD,Liquidez score 90.3 ≥ 30 — monitorar confirmação via RTD.
GGBR4,GGBRS312,PUT,31.28,2026-07-17,51,MEDIO,8.78,56.7,CONTINUACAO_ALTA,"Trava de Alta, Call Debit Spread",57.0,MONITORAR_NO_RTD,Liquidez score 56.7 ≥ 30 — monitorar confirmação via RTD.
WEGE3,WEGES464,PUT,44.46,2026-07-17,51,MEDIO,2.52,40.0,RECUPERACAO_APOS_QUEDA,"Call Longa, Trava de Alta, Call Debit Spread",57.0,MONITORAR_NO_RTD,Liquidez score 40.0 ≥ 30 — monitorar confirmação via RTD.
WEGE3,WEGER851,PUT,85.03,2026-06-19,23,CURTO,30.57,40.1,RECUPERACAO_APOS_QUEDA,"Call Longa, Trava de Alta, Call Debit Spread",57.0,MONITORAR_NO_RTD,Liquidez score 40.1 ≥ 30 — monitorar confirmação via RTD.
PETR4,PETRF727,CALL,72.19,2026-06-19,23,CURTO,0.01,40.1,CONTINUACAO_BAIXA,"Trava de Baixa, Put Debit Spread",57.0,MONITORAR_NO_RTD,Liquidez score 40.1 ≥ 30 — monitorar confirmação via RTD.
PRIO3,PRIOG720,CALL,72.0,2026-07-17,51,MEDIO,3.27,56.7,LATERALIDADE,Monitorar — Iron Condor futuro,57.0,MONITORAR_NO_RTD,Liquidez score 56.7 ≥ 30 — monitorar confirmação via RTD.
PETR4,PETRJ399,CALL,39.38,2026-10-16,142,LONGO,9.5,73.4,CONTINUACAO_BAIXA,"Trava de Baixa, Put Debit Spread",57.0,MONITORAR_NO_RTD,Liquidez score 73.4 ≥ 30 — monitorar confirmação via RTD.
SUZB3,SUZBS506,PUT,50.63,2026-07-17,51,MEDIO,7.7,56.5,RECUPERACAO_APOS_QUEDA,"Call Longa, Trava de Alta, Call Debit Spread",57.0,MONITORAR_NO_RTD,Liquidez score 56.5 ≥ 30 — monitorar confirmação via RTD.
PETR4,PETRF682,CALL,67.69,2026-06-19,23,CURTO,0.01,40.1,CONTINUACAO_BAIXA,"Trava de Baixa, Put Debit Spread",57.0,MONITORAR_NO_RTD,Liquidez score 40.1 ≥ 30 — monitorar confirmação via RTD.
ITUB4,ITUBF610,CALL,60.71,2026-06-19,23,CURTO,0.06,40.1,RECUPERACAO_APOS_QUEDA,"Call Longa, Trava de Alta, Call Debit Spread",57.0,MONITORAR_NO_RTD,Liquidez score 40.1 ≥ 30 — monitorar confirmação via RTD.
PETR4,PETRF722,CALL,71.69,2026-06-19,23,CURTO,0.01,40.1,CONTINUACAO_BAIXA,"Trava de Baixa, Put Debit Spread",57.0,MONITORAR_NO_RTD,Liquidez score 40.1 ≥ 30 — monitorar confirmação via RTD.
BPAC11,BPACR655,PUT,65.55,2026-06-19,23,CURTO,10.8,40.0,RECUPERACAO_APOS_QUEDA,"Call Longa, Trava de Alta, Call Debit Spread",57.0,MONITORAR_NO_RTD,Liquidez score 40.0 ≥ 30 — monitorar confirmação via RTD.
BBDC4,BBDCR238,PUT,23.51,2026-06-19,23,CURTO,5.62,39.9,RECUPERACAO_APOS_QUEDA,"Call Longa, Trava de Alta, Call Debit Spread",57.0,MONITORAR_NO_RTD,Liquidez score 39.9 ≥ 30 — monitorar confirmação via RTD.
PETR4,PETRF702,CALL,69.69,2026-06-19,23,CURTO,0.01,40.1,CONTINUACAO_BAIXA,"Trava de Baixa, Put Debit Spread",57.0,MONITORAR_NO_RTD,Liquidez score 40.1 ≥ 30 — monitorar confirmação via RTD.
VALE3,VALEG901,CALL,90.15,2026-07-17,51,MEDIO,1.38,56.5,LATERALIDADE,Monitorar — Iron Condor futuro,57.0,MONITORAR_NO_RTD,Liquidez score 56.5 ≥ 30 — monitorar confirmação via RTD.
ABEV3,ABEVF206,CALL,20.67,2026-06-19,23,CURTO,0.03,40.1,CONTINUACAO_ALTA,"Trava de Alta, Call Debit Spread",57.0,MONITORAR_NO_RTD,Liquidez score 40.1 ≥ 30 — monitorar confirmação via RTD.
BBAS3,BBASR168,PUT,16.85,2026-06-19,23,CURTO,0.01,40.1,RECUPERACAO_APOS_QUEDA,"Call Longa, Trava de Alta, Call Debit Spread",57.0,MONITORAR_NO_RTD,Liquidez score 40.1 ≥ 30 — monitorar confirmação via RTD.
EGIE3,EGIER277,PUT,27.25,2026-06-19,23,CURTO,0.04,40.1,RECUPERACAO_APOS_QUEDA,"Call Longa, Trava de Alta, Call Debit Spread",57.0,MONITORAR_NO_RTD,Liquidez score 40.1 ≥ 30 — monitorar confirmação via RTD.
HAPV3,HAPVF152,CALL,15.25,2026-06-19,23,CURTO,0.09,40.1,CONTINUACAO_BAIXA,"Trava de Baixa, Put Debit Spread",57.0,MONITORAR_NO_RTD,Liquidez score 40.1 ≥ 30 — monitorar confirmação via RTD.
WEGE3,WEGEW451,PUT,45.03,2026-11-19,176,LONGO,1.4,56.4,RECUPERACAO_APOS_QUEDA,"Call Longa, Trava de Alta, Call Debit Spread",56.9,MONITORAR_NO_RTD,Liquidez score 56.4 ≥ 30 — monitorar confirmação via RTD.
PETR4,PETRG327,CALL,31.44,2026-07-17,51,MEDIO,14.12,56.2,CONTINUACAO_BAIXA,"Trava de Baixa, Put Debit Spread",56.9,MONITORAR_NO_RTD,Liquidez score 56.2 ≥ 30 — monitorar confirmação via RTD.
BBDC4,BBDCJ165,CALL,16.14,2026-10-16,142,LONGO,4.26,56.2,RECUPERACAO_APOS_QUEDA,"Call Longa, Trava de Alta, Call Debit Spread",56.9,MONITORAR_NO_RTD,Liquidez score 56.2 ≥ 30 — monitorar confirmação via RTD.
PETR4,PETRF154,CALL,14.94,2026-06-19,23,CURTO,30.64,39.6,CONTINUACAO_BAIXA,"Trava de Baixa, Put Debit Spread",56.9,MONITORAR_NO_RTD,Liquidez score 39.6 ≥ 30 — monitorar confirmação via RTD.
PETR4,PETRG537,CALL,53.19,2026-07-17,51,MEDIO,0.42,56.2,CONTINUACAO_BAIXA,"Trava de Baixa, Put Debit Spread",56.9,MONITORAR_NO_RTD,Liquidez score 56.2 ≥ 30 — monitorar confirmação via RTD.
PRIO3,PRIOE730W5,CALL,73.0,2026-05-29,2,CURTO,0.38,39.6,LATERALIDADE,Monitorar — Iron Condor futuro,56.9,MONITORAR_NO_RTD,Liquidez score 39.6 ≥ 30 — monitorar confirmação via RTD.
B3SA3,B3SAS191,PUT,19.14,2026-07-17,51,MEDIO,2.37,39.7,RECUPERACAO_APOS_QUEDA,"Call Longa, Trava de Alta, Call Debit Spread",56.9,MONITORAR_NO_RTD,Liquidez score 39.7 ≥ 30 — monitorar confirmação via RTD.
ITUB4,ITUBR570,PUT,56.69,2026-06-19,23,CURTO,16.2,39.6,RECUPERACAO_APOS_QUEDA,"Call Longa, Trava de Alta, Call Debit Spread",56.9,MONITORAR_NO_RTD,Liquidez score 39.6 ≥ 30 — monitorar confirmação via RTD.
PETR4,PETRR547,PUT,54.19,2026-06-19,23,CURTO,8.93,39.6,CONTINUACAO_BAIXA,"Trava de Baixa, Put Debit Spread",56.9,MONITORAR_NO_RTD,Liquidez score 39.6 ≥ 30 — monitorar confirmação via RTD.
ABEV3,ABEVF138,CALL,13.17,2026-06-19,23,CURTO,3.1,39.6,CONTINUACAO_ALTA,"Trava de Alta, Call Debit Spread",56.9,MONITORAR_NO_RTD,Liquidez score 39.6 ≥ 30 — monitorar confirmação via RTD.
BBAS3,BBASQ276W5,PUT,27.6,2026-05-29,2,CURTO,6.68,39.4,RECUPERACAO_APOS_QUEDA,"Call Longa, Trava de Alta, Call Debit Spread",56.8,MONITORAR_NO_RTD,Liquidez score 39.4 ≥ 30 — monitorar confirmação via RTD.
BBAS3,BBASF151,CALL,15.1,2026-06-19,23,CURTO,5.77,39.4,RECUPERACAO_APOS_QUEDA,"Call Longa, Trava de Alta, Call Debit Spread",56.8,MONITORAR_NO_RTD,Liquidez score 39.4 ≥ 30 — monitorar confirmação via RTD.
BBAS3,BBASF256,CALL,25.6,2026-06-19,23,CURTO,0.01,39.4,RECUPERACAO_APOS_QUEDA,"Call Longa, Trava de Alta, Call Debit Spread",56.8,MONITORAR_NO_RTD,Liquidez score 39.4 ≥ 30 — monitorar confirmação via RTD.
ENEV3,ENEVL210,CALL,21.0,2026-12-18,205,EXTRA_LONGO,8.2,72.8,PROTECAO_CARTEIRA,"Protective Put, Collar",56.8,MONITORAR_NO_RTD,Liquidez score 72.8 ≥ 30 — monitorar confirmação via RTD.
PRIO3,PRIOG695,CALL,69.5,2026-07-17,51,MEDIO,4.29,39.4,LATERALIDADE,Monitorar — Iron Condor futuro,56.8,MONITORAR_NO_RTD,Liquidez score 39.4 ≥ 30 — monitorar confirmação via RTD.
RADL3,RADLR241,PUT,24.06,2026-06-19,23,CURTO,5.19,39.4,CONTINUACAO_BAIXA,"Trava de Baixa, Put Debit Spread",56.8,MONITORAR_NO_RTD,Liquidez score 39.4 ≥ 30 — monitorar confirmação via RTD.
PETR4,PETRI37,CALL,35.19,2026-09-18,114,LONGO,11.35,72.5,CONTINUACAO_BAIXA,"Trava de Baixa, Put Debit Spread",56.8,MONITORAR_NO_RTD,Liquidez score 72.5 ≥ 30 — monitorar confirmação via RTD.
PETR4,PETRV469,PUT,46.38,2026-10-16,142,LONGO,3.93,56.1,CONTINUACAO_BAIXA,"Trava de Baixa, Put Debit Spread",56.8,MONITORAR_NO_RTD,Liquidez score 56.1 ≥ 30 — monitorar confirmação via RTD.
PETR4,PETRF137,CALL,13.19,2026-06-19,23,CURTO,32.14,39.3,CONTINUACAO_BAIXA,"Trava de Baixa, Put Debit Spread",56.8,MONITORAR_NO_RTD,Liquidez score 39.3 ≥ 30 — monitorar confirmação via RTD.
RADL3,RADLR256,PUT,25.56,2026-06-19,23,CURTO,7.19,39.4,CONTINUACAO_BAIXA,"Trava de Baixa, Put Debit Spread",56.8,MONITORAR_NO_RTD,Liquidez score 39.4 ≥ 30 — monitorar confirmação via RTD.
CMIG4,CMIGR184,PUT,16.74,2026-06-19,23,CURTO,5.33,38.9,RECUPERACAO_APOS_QUEDA,"Call Longa, Trava de Alta, Call Debit Spread",56.7,MONITORAR_NO_RTD,Liquidez score 38.9 ≥ 30 — monitorar confirmação via RTD.
HAPV3,HAPVG105,CALL,10.5,2026-07-17,51,MEDIO,1.96,55.8,CONTINUACAO_BAIXA,"Trava de Baixa, Put Debit Spread",56.7,MONITORAR_NO_RTD,Liquidez score 55.8 ≥ 30 — monitorar confirmação via RTD.
PETR4,PETRS502,PUT,49.69,2026-07-17,51,MEDIO,5.28,55.6,CONTINUACAO_BAIXA,"Trava de Baixa, Put Debit Spread",56.7,MONITORAR_NO_RTD,Liquidez score 55.6 ≥ 30 — monitorar confirmação via RTD.
ITUB4,ITUBH429,CALL,39.16,2027-08-20,450,EXTRA_LONGO,7.89,39.0,RECUPERACAO_APOS_QUEDA,"Call Longa, Trava de Alta, Call Debit Spread",56.7,MONITORAR_NO_RTD,Liquidez score 39.0 ≥ 30 — monitorar confirmação via RTD.
PRIO3,PRIOR785,PUT,78.5,2026-06-19,23,CURTO,10.47,72.4,LATERALIDADE,Monitorar — Iron Condor futuro,56.7,CANDIDATA_PROXIMO_PREGAO,Liquidez score 72.4 ≥ 50 com vencimento CURTO — candidata para próximo pregão.
VALE3,VALES866W2,PUT,86.68,2026-07-10,44,MEDIO,5.19,72.3,LATERALIDADE,Monitorar — Iron Condor futuro,56.7,MONITORAR_NO_RTD,Liquidez score 72.3 ≥ 30 — monitorar confirmação via RTD.
RENT3,RENTM625,PUT,62.12,2027-01-15,233,EXTRA_LONGO,15.72,89.1,RECUPERACAO_APOS_QUEDA,"Call Longa, Trava de Alta, Call Debit Spread",56.7,MONITORAR_NO_RTD,Liquidez score 89.1 ≥ 30 — monitorar confirmação via RTD.
PETR4,PETRS498,PUT,49.96,2026-07-17,51,MEDIO,2.41,55.8,CONTINUACAO_BAIXA,"Trava de Baixa, Put Debit Spread",56.7,MONITORAR_NO_RTD,Liquidez score 55.8 ≥ 30 — monitorar confirmação via RTD.
BBDC4,BBDCS199,PUT,19.66,2026-07-17,51,MEDIO,1.85,55.7,RECUPERACAO_APOS_QUEDA,"Call Longa, Trava de Alta, Call Debit Spread",56.7,MONITORAR_NO_RTD,Liquidez score 55.7 ≥ 30 — monitorar confirmação via RTD.
PETR4,PETRI49,CALL,49.94,2026-09-18,114,LONGO,2.77,72.2,CONTINUACAO_BAIXA,"Trava de Baixa, Put Debit Spread",56.7,MONITORAR_NO_RTD,Liquidez score 72.2 ≥ 30 — monitorar confirmação via RTD.
ITUB4,ITUBJ520,CALL,51.68,2026-10-16,142,LONGO,0.53,72.0,RECUPERACAO_APOS_QUEDA,"Call Longa, Trava de Alta, Call Debit Spread",56.6,MONITORAR_NO_RTD,Liquidez score 72.0 ≥ 30 — monitorar confirmação via RTD.
ITUB4,ITUBR453W1,PUT,45.36,2026-06-05,9,CURTO,5.28,38.6,RECUPERACAO_APOS_QUEDA,"Call Longa, Trava de Alta, Call Debit Spread",56.6,MONITORAR_NO_RTD,Liquidez score 38.6 ≥ 30 — monitorar confirmação via RTD.
ITUB4,ITUBG439W2,CALL,43.94,2026-07-10,44,MEDIO,0.5,55.4,RECUPERACAO_APOS_QUEDA,"Call Longa, Trava de Alta, Call Debit Spread",56.6,MONITORAR_NO_RTD,Liquidez score 55.4 ≥ 30 — monitorar confirmação via RTD.
VALE3,VALEF711,CALL,71.18,2026-06-19,23,CURTO,12.61,72.0,LATERALIDADE,Monitorar — Iron Condor futuro,56.6,CANDIDATA_PROXIMO_PREGAO,Liquidez score 72.0 ≥ 50 com vencimento CURTO — candidata para próximo pregão.
HAPV3,HAPVF760,CALL,7.6,2026-06-19,23,CURTO,4.37,38.6,CONTINUACAO_BAIXA,"Trava de Baixa, Put Debit Spread",56.6,MONITORAR_NO_RTD,Liquidez score 38.6 ≥ 30 — monitorar confirmação via RTD.
VALE3,VALER390,PUT,386.68,2026-06-19,23,CURTO,299.42,72.0,LATERALIDADE,Monitorar — Iron Condor futuro,56.6,CANDIDATA_PROXIMO_PREGAO,Liquidez score 72.0 ≥ 50 com vencimento CURTO — candidata para próximo pregão.
GGBR4,GGBRG233,CALL,23.1,2026-07-17,51,MEDIO,1.81,38.8,CONTINUACAO_ALTA,"Trava de Alta, Call Debit Spread",56.6,MONITORAR_NO_RTD,Liquidez score 38.8 ≥ 30 — monitorar confirmação via RTD.
ITUB4,ITUBS410,PUT,41.06,2027-07-16,415,EXTRA_LONGO,1.41,72.0,RECUPERACAO_APOS_QUEDA,"Call Longa, Trava de Alta, Call Debit Spread",56.6,MONITORAR_NO_RTD,Liquidez score 72.0 ≥ 30 — monitorar confirmação via RTD.
B3SA3,B3SAS196,PUT,19.64,2026-07-17,51,MEDIO,2.6,38.8,RECUPERACAO_APOS_QUEDA,"Call Longa, Trava de Alta, Call Debit Spread",56.6,MONITORAR_NO_RTD,Liquidez score 38.8 ≥ 30 — monitorar confirmação via RTD.
HAPV3,HAPVR157,PUT,157.0,2026-06-19,23,CURTO,142.35,38.7,CONTINUACAO_BAIXA,"Trava de Baixa, Put Debit Spread",56.6,MONITORAR_NO_RTD,Liquidez score 38.7 ≥ 30 — monitorar confirmação via RTD.
ITUB4,ITUBQ488W5,PUT,48.86,2026-05-29,2,CURTO,8.88,38.2,RECUPERACAO_APOS_QUEDA,"Call Longa, Trava de Alta, Call Debit Spread",56.5,MONITORAR_NO_RTD,Liquidez score 38.2 ≥ 30 — monitorar confirmação via RTD.
GGBR4,GGBRR230,PUT,21.68,2026-06-19,23,CURTO,0.13,38.2,CONTINUACAO_ALTA,"Trava de Alta, Call Debit Spread",56.5,MONITORAR_NO_RTD,Liquidez score 38.2 ≥ 30 — monitorar confirmação via RTD.
ITUB4,ITUBQ438W5,PUT,43.86,2026-05-29,2,CURTO,3.58,38.4,RECUPERACAO_APOS_QUEDA,"Call Longa, Trava de Alta, Call Debit Spread",56.5,MONITORAR_NO_RTD,Liquidez score 38.4 ≥ 30 — monitorar confirmação via RTD.
RENT3,RENTR566,PUT,56.62,2026-06-19,23,CURTO,9.07,38.3,RECUPERACAO_APOS_QUEDA,"Call Longa, Trava de Alta, Call Debit Spread",56.5,MONITORAR_NO_RTD,Liquidez score 38.3 ≥ 30 — monitorar confirmação via RTD.
PETR4,PETRH319,CALL,31.44,2026-08-21,86,MEDIO,14.77,55.0,CONTINUACAO_BAIXA,"Trava de Baixa, Put Debit Spread",56.5,MONITORAR_NO_RTD,Liquidez score 55.0 ≥ 30 — monitorar confirmação via RTD.
PRIO3,PRIOG415,CALL,41.5,2026-07-17,51,MEDIO,17.97,88.5,LATERALIDADE,Monitorar — Iron Condor futuro,56.5,MONITORAR_NO_RTD,Liquidez score 88.5 ≥ 30 — monitorar confirmação via RTD.
PETR4,PETRF250,CALL,25.0,2026-06-19,23,CURTO,26.59,38.3,CONTINUACAO_BAIXA,"Trava de Baixa, Put Debit Spread",56.5,MONITORAR_NO_RTD,Liquidez score 38.3 ≥ 30 — monitorar confirmação via RTD.
ITUB4,ITUBG240,CALL,16.35,2026-07-17,51,MEDIO,26.88,54.9,RECUPERACAO_APOS_QUEDA,"Call Longa, Trava de Alta, Call Debit Spread",56.5,MONITORAR_NO_RTD,Liquidez score 54.9 ≥ 30 — monitorar confirmação via RTD.
PETR4,PETRG650,CALL,64.51,2027-07-16,415,EXTRA_LONGO,2.78,88.4,CONTINUACAO_BAIXA,"Trava de Baixa, Put Debit Spread",56.5,MONITORAR_NO_RTD,Liquidez score 88.4 ≥ 30 — monitorar confirmação via RTD.
WEGE3,WEGES479,PUT,45.96,2026-07-17,51,MEDIO,4.13,38.5,RECUPERACAO_APOS_QUEDA,"Call Longa, Trava de Alta, Call Debit Spread",56.5,MONITORAR_NO_RTD,Liquidez score 38.5 ≥ 30 — monitorar confirmação via RTD.
WEGE3,WEGER571,PUT,57.03,2026-06-19,23,CURTO,12.4,38.4,RECUPERACAO_APOS_QUEDA,"Call Longa, Trava de Alta, Call Debit Spread",56.5,MONITORAR_NO_RTD,Liquidez score 38.4 ≥ 30 — monitorar confirmação via RTD.
BBAS3,BBASF237W1,CALL,23.76,2026-06-05,9,CURTO,0.2,38.4,RECUPERACAO_APOS_QUEDA,"Call Longa, Trava de Alta, Call Debit Spread",56.5,MONITORAR_NO_RTD,Liquidez score 38.4 ≥ 30 — monitorar confirmação via RTD.
HAPV3,HAPVR849,PUT,85.0,2026-06-19,23,CURTO,71.4,38.3,CONTINUACAO_BAIXA,"Trava de Baixa, Put Debit Spread",56.5,MONITORAR_NO_RTD,Liquidez score 38.3 ≥ 30 — monitorar confirmação via RTD.
RENT3,RENTF530,CALL,52.62,2026-06-19,23,CURTO,0.16,38.5,RECUPERACAO_APOS_QUEDA,"Call Longa, Trava de Alta, Call Debit Spread",56.5,MONITORAR_NO_RTD,Liquidez score 38.5 ≥ 30 — monitorar confirmação via RTD.
TAEE11,TAEEH281,CALL,28.14,2026-08-21,86,MEDIO,11.65,54.9,RECUPERACAO_APOS_QUEDA,"Call Longa, Trava de Alta, Call Debit Spread",56.5,MONITORAR_NO_RTD,Liquidez score 54.9 ≥ 30 — monitorar confirmação via RTD.
WEGE3,WEGEV45,PUT,44.96,2026-10-16,142,LONGO,2.06,55.0,RECUPERACAO_APOS_QUEDA,"Call Longa, Trava de Alta, Call Debit Spread",56.5,MONITORAR_NO_RTD,Liquidez score 55.0 ≥ 30 — monitorar confirmação via RTD.
VALE3,VALEF605,CALL,57.18,2026-06-19,23,CURTO,24.37,71.2,LATERALIDADE,Monitorar — Iron Condor futuro,56.4,CANDIDATA_PROXIMO_PREGAO,Liquidez score 71.2 ≥ 50 com vencimento CURTO — candidata para próximo pregão.
B3SA3,B3SAG196,CALL,19.64,2026-07-17,51,MEDIO,0.16,37.9,RECUPERACAO_APOS_QUEDA,"Call Longa, Trava de Alta, Call Debit Spread",56.4,MONITORAR_NO_RTD,Liquidez score 37.9 ≥ 30 — monitorar confirmação via RTD.
ITUB4,ITUBR466W2,PUT,46.61,2026-06-12,16,CURTO,3.49,37.9,RECUPERACAO_APOS_QUEDA,"Call Longa, Trava de Alta, Call Debit Spread",56.4,MONITORAR_NO_RTD,Liquidez score 37.9 ≥ 30 — monitorar confirmação via RTD.
TAEE11,TAEEH340,CALL,32.64,2026-08-21,86,MEDIO,6.9,54.8,RECUPERACAO_APOS_QUEDA,"Call Longa, Trava de Alta, Call Debit Spread",56.4,MONITORAR_NO_RTD,Liquidez score 54.8 ≥ 30 — monitorar confirmação via RTD.
ABEV3,ABEVF114,CALL,11.42,2026-06-19,23,CURTO,4.51,37.9,CONTINUACAO_ALTA,"Trava de Alta, Call Debit Spread",56.4,MONITORAR_NO_RTD,Liquidez score 37.9 ≥ 30 — monitorar confirmação via RTD.
B3SA3,B3SAT279,PUT,27.89,2026-08-21,86,MEDIO,9.9,37.9,RECUPERACAO_APOS_QUEDA,"Call Longa, Trava de Alta, Call Debit Spread",56.4,MONITORAR_NO_RTD,Liquidez score 37.9 ≥ 30 — monitorar confirmação via RTD.
VALE3,VALEH551W1,CALL,55.15,2026-08-07,72,MEDIO,28.46,88.0,LATERALIDADE,Monitorar — Iron Condor futuro,56.4,MONITORAR_NO_RTD,Liquidez score 88.0 ≥ 30 — monitorar confirmação via RTD.
SUZB3,SUZBR591,PUT,59.17,2026-06-19,23,CURTO,15.08,38.0,RECUPERACAO_APOS_QUEDA,"Call Longa, Trava de Alta, Call Debit Spread",56.4,MONITORAR_NO_RTD,Liquidez score 38.0 ≥ 30 — monitorar confirmação via RTD.
ENEV3,ENEVS225,PUT,22.5,2026-07-17,51,MEDIO,0.43,37.9,PROTECAO_CARTEIRA,"Protective Put, Collar",56.4,MONITORAR_NO_RTD,Liquidez score 37.9 ≥ 30 — monitorar confirmação via RTD.
PRIO3,PRIOR795,PUT,79.5,2026-06-19,23,CURTO,11.1,71.2,LATERALIDADE,Monitorar — Iron Condor futuro,56.4,CANDIDATA_PROXIMO_PREGAO,Liquidez score 71.2 ≥ 50 com vencimento CURTO — candidata para próximo pregão.
ITUB4,ITUBG453,CALL,45.0,2026-07-17,51,MEDIO,0.25,54.7,RECUPERACAO_APOS_QUEDA,"Call Longa, Trava de Alta, Call Debit Spread",56.4,MONITORAR_NO_RTD,Liquidez score 54.7 ≥ 30 — monitorar confirmação via RTD.
PRIO3,PRIOR825,PUT,82.5,2026-06-19,23,CURTO,13.21,71.2,LATERALIDADE,Monitorar — Iron Condor futuro,56.4,CANDIDATA_PROXIMO_PREGAO,Liquidez score 71.2 ≥ 50 com vencimento CURTO — candidata para próximo pregão.
VALE3,VALEE790W5,CALL,79.0,2026-05-29,2,CURTO,4.21,54.7,LATERALIDADE,Monitorar — Iron Condor futuro,56.4,CANDIDATA_PROXIMO_PREGAO,Liquidez score 54.7 ≥ 50 com vencimento CURTO — candidata para próximo pregão.
VALE3,VALES756,PUT,75.65,2026-07-17,51,MEDIO,0.71,54.3,LATERALIDADE,Monitorar — Iron Condor futuro,56.3,MONITORAR_NO_RTD,Liquidez score 54.3 ≥ 30 — monitorar confirmação via RTD.
PRIO3,PRIOR735,PUT,73.5,2026-06-19,23,CURTO,6.05,54.3,LATERALIDADE,Monitorar — Iron Condor futuro,56.3,CANDIDATA_PROXIMO_PREGAO,Liquidez score 54.3 ≥ 50 com vencimento CURTO — candidata para próximo pregão.
BBAS3,BBASF25,CALL,25.1,2026-06-19,23,CURTO,0.01,37.7,RECUPERACAO_APOS_QUEDA,"Call Longa, Trava de Alta, Call Debit Spread",56.3,MONITORAR_NO_RTD,Liquidez score 37.7 ≥ 30 — monitorar confirmação via RTD.
BBAS3,BBASR308,PUT,30.6,2026-06-19,23,CURTO,8.76,37.6,RECUPERACAO_APOS_QUEDA,"Call Longa, Trava de Alta, Call Debit Spread",56.3,MONITORAR_NO_RTD,Liquidez score 37.6 ≥ 30 — monitorar confirmação via RTD.
PETR4,PETRN440,PUT,43.46,2028-02-18,632,EXTRA_LONGO,2.47,54.5,CONTINUACAO_BAIXA,"Trava de Baixa, Put Debit Spread",56.3,MONITORAR_NO_RTD,Liquidez score 54.5 ≥ 30 — monitorar confirmação via RTD.
ITUB4,ITUBK481,CALL,48.16,2026-11-19,176,LONGO,1.24,71.0,RECUPERACAO_APOS_QUEDA,"Call Longa, Trava de Alta, Call Debit Spread",56.3,MONITORAR_NO_RTD,Liquidez score 71.0 ≥ 30 — monitorar confirmação via RTD.
ENEV3,ENEVG282,CALL,28.25,2026-07-17,51,MEDIO,0.86,37.8,PROTECAO_CARTEIRA,"Protective Put, Collar",56.3,MONITORAR_NO_RTD,Liquidez score 37.8 ≥ 30 — monitorar confirmação via RTD.
BBDC4,BBDCR165,PUT,15.99,2026-06-19,23,CURTO,0.7,37.7,RECUPERACAO_APOS_QUEDA,"Call Longa, Trava de Alta, Call Debit Spread",56.3,MONITORAR_NO_RTD,Liquidez score 37.7 ≥ 30 — monitorar confirmação via RTD.
ITUB4,ITUBR47,PUT,46.94,2026-06-19,23,CURTO,6.82,37.6,RECUPERACAO_APOS_QUEDA,"Call Longa, Trava de Alta, Call Debit Spread",56.3,MONITORAR_NO_RTD,Liquidez score 37.6 ≥ 30 — monitorar confirmação via RTD.
BBDC4,BBDCH163,CALL,16.49,2026-08-21,86,MEDIO,0.59,37.8,RECUPERACAO_APOS_QUEDA,"Call Longa, Trava de Alta, Call Debit Spread",56.3,MONITORAR_NO_RTD,Liquidez score 37.8 ≥ 30 — monitorar confirmação via RTD.
PRIO3,PRIOS660,PUT,66.0,2026-07-17,51,MEDIO,2.94,54.2,LATERALIDADE,Monitorar — Iron Condor futuro,56.3,MONITORAR_NO_RTD,Liquidez score 54.2 ≥ 30 — monitorar confirmação via RTD.
PETR4,PETRG500,CALL,49.51,2027-07-16,415,EXTRA_LONGO,6.5,87.6,CONTINUACAO_BAIXA,"Trava de Baixa, Put Debit Spread",56.3,MONITORAR_NO_RTD,Liquidez score 87.6 ≥ 30 — monitorar confirmação via RTD.
BBAS3,BBASR252W1,PUT,25.26,2026-06-05,9,CURTO,4.25,37.8,RECUPERACAO_APOS_QUEDA,"Call Longa, Trava de Alta, Call Debit Spread",56.3,MONITORAR_NO_RTD,Liquidez score 37.8 ≥ 30 — monitorar confirmação via RTD.
B3SA3,B3SAG186,CALL,18.64,2026-07-17,51,MEDIO,0.32,37.2,RECUPERACAO_APOS_QUEDA,"Call Longa, Trava de Alta, Call Debit Spread",56.2,MONITORAR_NO_RTD,Liquidez score 37.2 ≥ 30 — monitorar confirmação via RTD.
ENEV3,ENEVG312,CALL,31.25,2026-07-17,51,MEDIO,0.13,37.3,PROTECAO_CARTEIRA,"Protective Put, Collar",56.2,MONITORAR_NO_RTD,Liquidez score 37.3 ≥ 30 — monitorar confirmação via RTD.
PRIO3,PRIOF485,CALL,48.5,2026-06-19,23,CURTO,17.09,70.7,LATERALIDADE,Monitorar — Iron Condor futuro,56.2,CANDIDATA_PROXIMO_PREGAO,Liquidez score 70.7 ≥ 50 com vencimento CURTO — candidata para próximo pregão.
WEGE3,WEGER536,PUT,53.53,2026-06-19,23,CURTO,10.31,37.3,RECUPERACAO_APOS_QUEDA,"Call Longa, Trava de Alta, Call Debit Spread",56.2,MONITORAR_NO_RTD,Liquidez score 37.3 ≥ 30 — monitorar confirmação via RTD.
PETR4,PETRL36,CALL,35.93,2026-12-18,205,EXTRA_LONGO,12.3,87.4,CONTINUACAO_BAIXA,"Trava de Baixa, Put Debit Spread",56.2,MONITORAR_NO_RTD,Liquidez score 87.4 ≥ 30 — monitorar confirmação via RTD.
PETR4,PETRH387,CALL,38.19,2026-08-21,86,MEDIO,7.88,54.1,CONTINUACAO_BAIXA,"Trava de Baixa, Put Debit Spread",56.2,MONITORAR_NO_RTD,Liquidez score 54.1 ≥ 30 — monitorar confirmação via RTD.
ITUB4,ITUBG408,CALL,37.1,2026-07-17,51,MEDIO,3.5,37.4,RECUPERACAO_APOS_QUEDA,"Call Longa, Trava de Alta, Call Debit Spread",56.2,MONITORAR_NO_RTD,Liquidez score 37.4 ≥ 30 — monitorar confirmação via RTD.
ITUB4,ITUBR447,PUT,44.44,2026-06-19,23,CURTO,4.7,37.4,RECUPERACAO_APOS_QUEDA,"Call Longa, Trava de Alta, Call Debit Spread",56.2,MONITORAR_NO_RTD,Liquidez score 37.4 ≥ 30 — monitorar confirmação via RTD.
ABEV3,ABEVI145,CALL,14.59,2026-09-18,114,LONGO,2.43,70.7,CONTINUACAO_ALTA,"Trava de Alta, Call Debit Spread",56.2,MONITORAR_NO_RTD,Liquidez score 70.7 ≥ 30 — monitorar confirmação via RTD.
PETR4,PETRJ490,CALL,48.63,2026-10-16,142,LONGO,6.09,37.3,CONTINUACAO_BAIXA,"Trava de Baixa, Put Debit Spread",56.2,MONITORAR_NO_RTD,Liquidez score 37.3 ≥ 30 — monitorar confirmação via RTD.
PETR4,PETRL11,CALL,34.68,2026-12-18,205,EXTRA_LONGO,17.03,87.2,CONTINUACAO_BAIXA,"Trava de Baixa, Put Debit Spread",56.2,MONITORAR_NO_RTD,Liquidez score 87.2 ≥ 30 — monitorar confirmação via RTD.
PRIO3,PRIOS695,PUT,69.5,2026-07-17,51,MEDIO,4.09,37.1,LATERALIDADE,Monitorar — Iron Condor futuro,56.1,MONITORAR_NO_RTD,Liquidez score 37.1 ≥ 30 — monitorar confirmação via RTD.
VALE3,VALEF511,CALL,51.18,2026-06-19,23,CURTO,31.7,70.4,LATERALIDADE,Monitorar — Iron Condor futuro,56.1,CANDIDATA_PROXIMO_PREGAO,Liquidez score 70.4 ≥ 50 com vencimento CURTO — candidata para próximo pregão.
SUZB3,SUZBS591,PUT,59.13,2026-07-17,51,MEDIO,9.78,53.8,RECUPERACAO_APOS_QUEDA,"Call Longa, Trava de Alta, Call Debit Spread",56.1,MONITORAR_NO_RTD,Liquidez score 53.8 ≥ 30 — monitorar confirmação via RTD.
PETR4,PETRS530,PUT,52.46,2026-07-17,51,MEDIO,3.75,53.7,CONTINUACAO_BAIXA,"Trava de Baixa, Put Debit Spread",56.1,MONITORAR_NO_RTD,Liquidez score 53.7 ≥ 30 — monitorar confirmação via RTD.
EGIE3,EGIES337,PUT,33.75,2026-07-17,51,MEDIO,1.45,37.1,RECUPERACAO_APOS_QUEDA,"Call Longa, Trava de Alta, Call Debit Spread",56.1,MONITORAR_NO_RTD,Liquidez score 37.1 ≥ 30 — monitorar confirmação via RTD.
BBAS3,BBAST300,PUT,30.02,2026-08-21,86,MEDIO,8.25,53.6,RECUPERACAO_APOS_QUEDA,"Call Longa, Trava de Alta, Call Debit Spread",56.1,MONITORAR_NO_RTD,Liquidez score 53.6 ≥ 30 — monitorar confirmação via RTD.
PETR4,PETRH412,CALL,40.69,2026-08-21,86,MEDIO,5.8,36.9,CONTINUACAO_BAIXA,"Trava de Baixa, Put Debit Spread",56.1,MONITORAR_NO_RTD,Liquidez score 36.9 ≥ 30 — monitorar confirmação via RTD.
ENEV3,ENEVN12,PUT,125.0,2027-02-19,268,EXTRA_LONGO,88.22,70.0,PROTECAO_CARTEIRA,"Protective Put, Collar",56.0,MONITORAR_NO_RTD,Liquidez score 70.0 ≥ 30 — monitorar confirmação via RTD.
BPAC11,BPACR620W1,PUT,62.0,2026-06-05,9,CURTO,3.73,36.8,RECUPERACAO_APOS_QUEDA,"Call Longa, Trava de Alta, Call Debit Spread",56.0,MONITORAR_NO_RTD,Liquidez score 36.8 ≥ 30 — monitorar confirmação via RTD.
HAPV3,HAPVF162,CALL,16.25,2026-06-19,23,CURTO,0.07,36.6,CONTINUACAO_BAIXA,"Trava de Baixa, Put Debit Spread",56.0,MONITORAR_NO_RTD,Liquidez score 36.6 ≥ 30 — monitorar confirmação via RTD.
PETR4,PETRF580,CALL,57.46,2026-06-19,23,CURTO,0.34,36.6,CONTINUACAO_BAIXA,"Trava de Baixa, Put Debit Spread",56.0,MONITORAR_NO_RTD,Liquidez score 36.6 ≥ 30 — monitorar confirmação via RTD.
WEGE3,WEGEV435,PUT,41.46,2026-10-16,142,LONGO,1.58,36.6,RECUPERACAO_APOS_QUEDA,"Call Longa, Trava de Alta, Call Debit Spread",56.0,MONITORAR_NO_RTD,Liquidez score 36.6 ≥ 30 — monitorar confirmação via RTD.
BBAS3,BBASS233,PUT,23.01,2026-07-17,51,MEDIO,1.89,36.5,RECUPERACAO_APOS_QUEDA,"Call Longa, Trava de Alta, Call Debit Spread",56.0,MONITORAR_NO_RTD,Liquidez score 36.5 ≥ 30 — monitorar confirmação via RTD.
BBAS3,BBASO295,PUT,29.55,2027-03-19,296,EXTRA_LONGO,6.55,86.8,RECUPERACAO_APOS_QUEDA,"Call Longa, Trava de Alta, Call Debit Spread",56.0,MONITORAR_NO_RTD,Liquidez score 86.8 ≥ 30 — monitorar confirmação via RTD.
PRIO3,PRIOS640,PUT,64.0,2026-07-17,51,MEDIO,1.96,53.2,LATERALIDADE,Monitorar — Iron Condor futuro,56.0,MONITORAR_NO_RTD,Liquidez score 53.2 ≥ 30 — monitorar confirmação via RTD.
BBDC4,BBDCR15,PUT,15.01,2026-06-19,23,CURTO,0.02,36.5,RECUPERACAO_APOS_QUEDA,"Call Longa, Trava de Alta, Call Debit Spread",56.0,MONITORAR_NO_RTD,Liquidez score 36.5 ≥ 30 — monitorar confirmação via RTD.
ITUB4,ITUBE385,CALL,34.16,2027-05-21,359,EXTRA_LONGO,9.68,86.7,RECUPERACAO_APOS_QUEDA,"Call Longa, Trava de Alta, Call Debit Spread",56.0,MONITORAR_NO_RTD,Liquidez score 86.7 ≥ 30 — monitorar confirmação via RTD.
BBAS3,BBASS253,PUT,25.01,2026-07-17,51,MEDIO,3.63,53.3,RECUPERACAO_APOS_QUEDA,"Call Longa, Trava de Alta, Call Debit Spread",56.0,MONITORAR_NO_RTD,Liquidez score 53.3 ≥ 30 — monitorar confirmação via RTD.
PETR4,PETRH394,CALL,38.94,2026-08-21,86,MEDIO,8.61,53.3,CONTINUACAO_BAIXA,"Trava de Baixa, Put Debit Spread",56.0,MONITORAR_NO_RTD,Liquidez score 53.3 ≥ 30 — monitorar confirmação via RTD.
PETR4,PETRF903,CALL,8.49,2026-06-19,23,CURTO,36.96,36.6,CONTINUACAO_BAIXA,"Trava de Baixa, Put Debit Spread",56.0,MONITORAR_NO_RTD,Liquidez score 36.6 ≥ 30 — monitorar confirmação via RTD.
ABEV3,ABEVF872,CALL,8.72,2026-06-19,23,CURTO,7.5,36.8,CONTINUACAO_ALTA,"Trava de Alta, Call Debit Spread",56.0,MONITORAR_NO_RTD,Liquidez score 36.8 ≥ 30 — monitorar confirmação via RTD.
PETR4,PETRF410,CALL,37.46,2026-06-19,23,CURTO,12.6,36.6,CONTINUACAO_BAIXA,"Trava de Baixa, Put Debit Spread",56.0,MONITORAR_NO_RTD,Liquidez score 36.6 ≥ 30 — monitorar confirmação via RTD.
PETR4,PETRF400W1,CALL,39.46,2026-06-05,9,CURTO,5.09,36.5,CONTINUACAO_BAIXA,"Trava de Baixa, Put Debit Spread",56.0,MONITORAR_NO_RTD,Liquidez score 36.5 ≥ 30 — monitorar confirmação via RTD.
WEGE3,WEGEX472,PUT,45.46,2026-12-18,205,EXTRA_LONGO,2.13,69.9,RECUPERACAO_APOS_QUEDA,"Call Longa, Trava de Alta, Call Debit Spread",56.0,MONITORAR_NO_RTD,Liquidez score 69.9 ≥ 30 — monitorar confirmação via RTD.
PETR4,PETRF942,CALL,94.23,2026-06-19,23,CURTO,0.01,36.4,CONTINUACAO_BAIXA,"Trava de Baixa, Put Debit Spread",55.9,MONITORAR_NO_RTD,Liquidez score 36.4 ≥ 30 — monitorar confirmação via RTD.
SUZB3,SUZBR366,PUT,36.67,2026-06-19,23,CURTO,0.08,36.2,RECUPERACAO_APOS_QUEDA,"Call Longa, Trava de Alta, Call Debit Spread",55.9,MONITORAR_NO_RTD,Liquidez score 36.2 ≥ 30 — monitorar confirmação via RTD.
BBAS3,BBASI216,CALL,21.68,2026-09-18,114,LONGO,1.37,36.3,RECUPERACAO_APOS_QUEDA,"Call Longa, Trava de Alta, Call Debit Spread",55.9,MONITORAR_NO_RTD,Liquidez score 36.3 ≥ 30 — monitorar confirmação via RTD.
RADL3,RADLS21,PUT,20.12,2026-07-17,51,MEDIO,1.57,36.3,CONTINUACAO_BAIXA,"Trava de Baixa, Put Debit Spread",55.9,MONITORAR_NO_RTD,Liquidez score 36.3 ≥ 30 — monitorar confirmação via RTD.
PETR4,PETRJ404,CALL,40.42,2026-10-16,142,LONGO,10.33,69.6,CONTINUACAO_BAIXA,"Trava de Baixa, Put Debit Spread",55.9,MONITORAR_NO_RTD,Liquidez score 69.6 ≥ 30 — monitorar confirmação via RTD.
RENT3,RENTF510,CALL,50.62,2026-06-19,23,CURTO,0.3,36.4,RECUPERACAO_APOS_QUEDA,"Call Longa, Trava de Alta, Call Debit Spread",55.9,MONITORAR_NO_RTD,Liquidez score 36.4 ≥ 30 — monitorar confirmação via RTD.
PETR4,PETRG275,CALL,26.19,2026-07-17,51,MEDIO,19.05,52.9,CONTINUACAO_BAIXA,"Trava de Baixa, Put Debit Spread",55.9,MONITORAR_NO_RTD,Liquidez score 52.9 ≥ 30 — monitorar confirmação via RTD.
PETR4,PETRG530,CALL,52.46,2026-07-17,51,MEDIO,2.21,53.1,CONTINUACAO_BAIXA,"Trava de Baixa, Put Debit Spread",55.9,MONITORAR_NO_RTD,Liquidez score 53.1 ≥ 30 — monitorar confirmação via RTD.
B3SA3,B3SAD188,CALL,18.8,2027-04-16,324,EXTRA_LONGO,2.39,69.6,RECUPERACAO_APOS_QUEDA,"Call Longa, Trava de Alta, Call Debit Spread",55.9,MONITORAR_NO_RTD,Liquidez score 69.6 ≥ 30 — monitorar confirmação via RTD.
BBAS3,BBASS297,PUT,29.76,2026-07-17,51,MEDIO,8.45,53.1,RECUPERACAO_APOS_QUEDA,"Call Longa, Trava de Alta, Call Debit Spread",55.9,MONITORAR_NO_RTD,Liquidez score 53.1 ≥ 30 — monitorar confirmação via RTD.
WEGE3,WEGEF348,CALL,34.78,2026-06-19,23,CURTO,8.2,36.3,RECUPERACAO_APOS_QUEDA,"Call Longa, Trava de Alta, Call Debit Spread",55.9,MONITORAR_NO_RTD,Liquidez score 36.3 ≥ 30 — monitorar confirmação via RTD.
BBAS3,BBASF141,CALL,14.1,2026-06-19,23,CURTO,10.95,36.0,RECUPERACAO_APOS_QUEDA,"Call Longa, Trava de Alta, Call Debit Spread",55.8,MONITORAR_NO_RTD,Liquidez score 36.0 ≥ 30 — monitorar confirmação via RTD.
PETR4,PETRF124,CALL,11.94,2026-06-19,23,CURTO,33.75,36.1,CONTINUACAO_BAIXA,"Trava de Baixa, Put Debit Spread",55.8,MONITORAR_NO_RTD,Liquidez score 36.1 ≥ 30 — monitorar confirmação via RTD.
PETR4,PETRR347,PUT,34.19,2026-06-19,23,CURTO,0.02,36.1,CONTINUACAO_BAIXA,"Trava de Baixa, Put Debit Spread",55.8,MONITORAR_NO_RTD,Liquidez score 36.1 ≥ 30 — monitorar confirmação via RTD.
ITUB4,ITUBG413,CALL,37.58,2026-07-17,51,MEDIO,3.67,36.1,RECUPERACAO_APOS_QUEDA,"Call Longa, Trava de Alta, Call Debit Spread",55.8,MONITORAR_NO_RTD,Liquidez score 36.1 ≥ 30 — monitorar confirmação via RTD.
BBAS3,BBASK205,CALL,20.52,2026-11-19,176,LONGO,2.98,52.5,RECUPERACAO_APOS_QUEDA,"Call Longa, Trava de Alta, Call Debit Spread",55.8,MONITORAR_NO_RTD,Liquidez score 52.5 ≥ 30 — monitorar confirmação via RTD.
SUZB3,SUZBR469,PUT,46.92,2026-06-19,23,CURTO,4.8,36.1,RECUPERACAO_APOS_QUEDA,"Call Longa, Trava de Alta, Call Debit Spread",55.8,MONITORAR_NO_RTD,Liquidez score 36.1 ≥ 30 — monitorar confirmação via RTD.
BBAS3,BBASR166,PUT,16.6,2026-06-19,23,CURTO,0.02,35.7,RECUPERACAO_APOS_QUEDA,"Call Longa, Trava de Alta, Call Debit Spread",55.7,MONITORAR_NO_RTD,Liquidez score 35.7 ≥ 30 — monitorar confirmação via RTD.
ITUB4,ITUBR630,PUT,62.69,2026-06-19,23,CURTO,22.43,35.6,RECUPERACAO_APOS_QUEDA,"Call Longa, Trava de Alta, Call Debit Spread",55.7,MONITORAR_NO_RTD,Liquidez score 35.6 ≥ 30 — monitorar confirmação via RTD.
ITUB4,ITUBH378,CALL,37.88,2026-08-21,86,MEDIO,4.19,35.7,RECUPERACAO_APOS_QUEDA,"Call Longa, Trava de Alta, Call Debit Spread",55.7,MONITORAR_NO_RTD,Liquidez score 35.7 ≥ 30 — monitorar confirmação via RTD.
PETR4,PETRS39,PUT,39.44,2026-07-17,51,MEDIO,0.5,52.4,CONTINUACAO_BAIXA,"Trava de Baixa, Put Debit Spread",55.7,MONITORAR_NO_RTD,Liquidez score 52.4 ≥ 30 — monitorar confirmação via RTD.
BBDC4,BBDCR208,PUT,20.51,2026-06-19,23,CURTO,2.64,35.7,RECUPERACAO_APOS_QUEDA,"Call Longa, Trava de Alta, Call Debit Spread",55.7,MONITORAR_NO_RTD,Liquidez score 35.7 ≥ 30 — monitorar confirmação via RTD.
ITUB4,ITUBG443,CALL,44.0,2026-07-17,51,MEDIO,0.42,52.2,RECUPERACAO_APOS_QUEDA,"Call Longa, Trava de Alta, Call Debit Spread",55.7,MONITORAR_NO_RTD,Liquidez score 52.2 ≥ 30 — monitorar confirmação via RTD.
PETR4,PETRS520,PUT,51.46,2026-07-17,51,MEDIO,3.12,52.2,CONTINUACAO_BAIXA,"Trava de Baixa, Put Debit Spread",55.7,MONITORAR_NO_RTD,Liquidez score 52.2 ≥ 30 — monitorar confirmação via RTD.
PETR4,PETRD589,CALL,58.96,2027-04-16,324,EXTRA_LONGO,2.79,85.7,CONTINUACAO_BAIXA,"Trava de Baixa, Put Debit Spread",55.7,MONITORAR_NO_RTD,Liquidez score 85.7 ≥ 30 — monitorar confirmação via RTD.
BBDC4,BBDCF158,CALL,15.24,2026-06-19,23,CURTO,0.58,35.7,RECUPERACAO_APOS_QUEDA,"Call Longa, Trava de Alta, Call Debit Spread",55.7,MONITORAR_NO_RTD,Liquidez score 35.7 ≥ 30 — monitorar confirmação via RTD.
PETR4,PETRI617,CALL,61.19,2026-09-18,114,LONGO,0.5,69.0,CONTINUACAO_BAIXA,"Trava de Baixa, Put Debit Spread",55.7,MONITORAR_NO_RTD,Liquidez score 69.0 ≥ 30 — monitorar confirmação via RTD.
CMIG4,CMIGF147,CALL,12.99,2026-06-19,23,CURTO,0.02,35.4,RECUPERACAO_APOS_QUEDA,"Call Longa, Trava de Alta, Call Debit Spread",55.6,MONITORAR_NO_RTD,Liquidez score 35.4 ≥ 30 — monitorar confirmação via RTD.
RENT3,RENTG398,CALL,39.82,2026-07-17,51,MEDIO,4.5,35.3,RECUPERACAO_APOS_QUEDA,"Call Longa, Trava de Alta, Call Debit Spread",55.6,MONITORAR_NO_RTD,Liquidez score 35.3 ≥ 30 — monitorar confirmação via RTD.
GGBR4,GGBRR273,PUT,27.18,2026-06-19,23,CURTO,3.51,35.2,CONTINUACAO_ALTA,"Trava de Alta, Call Debit Spread",55.6,MONITORAR_NO_RTD,Liquidez score 35.2 ≥ 30 — monitorar confirmação via RTD.
PETR4,PETRF185,CALL,17.19,2026-06-19,23,CURTO,27.77,35.3,CONTINUACAO_BAIXA,"Trava de Baixa, Put Debit Spread",55.6,MONITORAR_NO_RTD,Liquidez score 35.3 ≥ 30 — monitorar confirmação via RTD.
BBDC4,BBDCF225,CALL,22.26,2026-06-19,23,CURTO,0.01,35.3,RECUPERACAO_APOS_QUEDA,"Call Longa, Trava de Alta, Call Debit Spread",55.6,MONITORAR_NO_RTD,Liquidez score 35.3 ≥ 30 — monitorar confirmação via RTD.
VALE3,VALEF484,CALL,48.43,2026-06-19,23,CURTO,32.8,68.8,LATERALIDADE,Monitorar — Iron Condor futuro,55.6,CANDIDATA_PROXIMO_PREGAO,Liquidez score 68.8 ≥ 50 com vencimento CURTO — candidata para próximo pregão.
RADL3,RADLF21,CALL,21.12,2026-06-19,23,CURTO,0.07,35.5,CONTINUACAO_BAIXA,"Trava de Baixa, Put Debit Spread",55.6,MONITORAR_NO_RTD,Liquidez score 35.5 ≥ 30 — monitorar confirmação via RTD.
PETR4,PETRH344,CALL,33.94,2026-08-21,86,MEDIO,12.5,51.9,CONTINUACAO_BAIXA,"Trava de Baixa, Put Debit Spread",55.6,MONITORAR_NO_RTD,Liquidez score 51.9 ≥ 30 — monitorar confirmação via RTD.
BBAS3,BBASR16,PUT,16.35,2026-06-19,23,CURTO,0.01,35.4,RECUPERACAO_APOS_QUEDA,"Call Longa, Trava de Alta, Call Debit Spread",55.6,MONITORAR_NO_RTD,Liquidez score 35.4 ≥ 30 — monitorar confirmação via RTD.
PETR4,PETRG540,CALL,53.46,2026-07-17,51,MEDIO,1.84,51.9,CONTINUACAO_BAIXA,"Trava de Baixa, Put Debit Spread",55.6,MONITORAR_NO_RTD,Liquidez score 51.9 ≥ 30 — monitorar confirmação via RTD.
BBAS3,BBASR173,PUT,17.35,2026-06-19,23,CURTO,0.02,35.4,RECUPERACAO_APOS_QUEDA,"Call Longa, Trava de Alta, Call Debit Spread",55.6,MONITORAR_NO_RTD,Liquidez score 35.4 ≥ 30 — monitorar confirmação via RTD.
BBAS3,BBASF123,CALL,12.1,2026-06-19,23,CURTO,8.2,35.5,RECUPERACAO_APOS_QUEDA,"Call Longa, Trava de Alta, Call Debit Spread",55.6,MONITORAR_NO_RTD,Liquidez score 35.5 ≥ 30 — monitorar confirmação via RTD.
BBAS3,BBASH177,CALL,17.77,2026-08-21,86,MEDIO,3.4,52.1,RECUPERACAO_APOS_QUEDA,"Call Longa, Trava de Alta, Call Debit Spread",55.6,MONITORAR_NO_RTD,Liquidez score 52.1 ≥ 30 — monitorar confirmação via RTD.
ITUB4,ITUBE36,CALL,49.21,2027-05-21,359,EXTRA_LONGO,2.46,85.3,RECUPERACAO_APOS_QUEDA,"Call Longa, Trava de Alta, Call Debit Spread",55.6,MONITORAR_NO_RTD,Liquidez score 85.3 ≥ 30 — monitorar confirmação via RTD.
HAPV3,HAPVR242,PUT,24.25,2026-06-19,23,CURTO,11.91,35.5,CONTINUACAO_BAIXA,"Trava de Baixa, Put Debit Spread",55.6,MONITORAR_NO_RTD,Liquidez score 35.5 ≥ 30 — monitorar confirmação via RTD.
SUZB3,SUZBF520,CALL,49.17,2026-06-19,23,CURTO,0.05,35.5,RECUPERACAO_APOS_QUEDA,"Call Longa, Trava de Alta, Call Debit Spread",55.6,MONITORAR_NO_RTD,Liquidez score 35.5 ≥ 30 — monitorar confirmação via RTD.
BBDC4,BBDCI23,CALL,18.16,2026-09-18,114,LONGO,1.55,35.2,RECUPERACAO_APOS_QUEDA,"Call Longa, Trava de Alta, Call Debit Spread",55.6,MONITORAR_NO_RTD,Liquidez score 35.2 ≥ 30 — monitorar confirmação via RTD.
PETR4,PETRR359,PUT,35.44,2026-06-19,23,CURTO,0.04,35.3,CONTINUACAO_BAIXA,"Trava de Baixa, Put Debit Spread",55.6,MONITORAR_NO_RTD,Liquidez score 35.3 ≥ 30 — monitorar confirmação via RTD.
SUZB3,SUZBR500W1,PUT,50.0,2026-06-05,9,CURTO,7.51,35.4,RECUPERACAO_APOS_QUEDA,"Call Longa, Trava de Alta, Call Debit Spread",55.6,MONITORAR_NO_RTD,Liquidez score 35.4 ≥ 30 — monitorar confirmação via RTD.
ABEV3,ABEVG151,CALL,14.42,2026-07-17,51,MEDIO,2.06,51.5,CONTINUACAO_ALTA,"Trava de Alta, Call Debit Spread",55.5,MONITORAR_NO_RTD,Liquidez score 51.5 ≥ 30 — monitorar confirmação via RTD.
ENEV3,ENEVS220,PUT,22.0,2026-07-17,51,MEDIO,0.36,35.0,PROTECAO_CARTEIRA,"Protective Put, Collar",55.5,MONITORAR_NO_RTD,Liquidez score 35.0 ≥ 30 — monitorar confirmação via RTD.
BBDC4,BBDCF210,CALL,20.76,2026-06-19,23,CURTO,0.02,34.9,RECUPERACAO_APOS_QUEDA,"Call Longa, Trava de Alta, Call Debit Spread",55.5,MONITORAR_NO_RTD,Liquidez score 34.9 ≥ 30 — monitorar confirmação via RTD.
BBAS3,BBASG195,CALL,19.26,2026-07-17,51,MEDIO,2.2,35.1,RECUPERACAO_APOS_QUEDA,"Call Longa, Trava de Alta, Call Debit Spread",55.5,MONITORAR_NO_RTD,Liquidez score 35.1 ≥ 30 — monitorar confirmação via RTD.
TAEE11,TAEEH325,CALL,32.51,2026-08-21,86,MEDIO,13.2,51.5,RECUPERACAO_APOS_QUEDA,"Call Longa, Trava de Alta, Call Debit Spread",55.5,MONITORAR_NO_RTD,Liquidez score 51.5 ≥ 30 — monitorar confirmação via RTD.
VALE3,VALEF801,CALL,75.18,2026-06-19,23,CURTO,8.44,68.2,LATERALIDADE,Monitorar — Iron Condor futuro,55.5,CANDIDATA_PROXIMO_PREGAO,Liquidez score 68.2 ≥ 50 com vencimento CURTO — candidata para próximo pregão.
PETR4,PETRG249,CALL,24.44,2026-07-17,51,MEDIO,21.36,51.6,CONTINUACAO_BAIXA,"Trava de Baixa, Put Debit Spread",55.5,MONITORAR_NO_RTD,Liquidez score 51.6 ≥ 30 — monitorar confirmação via RTD.
PETR4,PETRG377,CALL,36.44,2026-07-17,51,MEDIO,8.63,51.6,CONTINUACAO_BAIXA,"Trava de Baixa, Put Debit Spread",55.5,MONITORAR_NO_RTD,Liquidez score 51.6 ≥ 30 — monitorar confirmação via RTD.
PRIO3,PRIOF430,CALL,43.0,2026-06-19,23,CURTO,24.99,68.3,LATERALIDADE,Monitorar — Iron Condor futuro,55.5,CANDIDATA_PROXIMO_PREGAO,Liquidez score 68.3 ≥ 50 com vencimento CURTO — candidata para próximo pregão.
ITUB4,ITUBF474,CALL,47.53,2026-06-19,23,CURTO,2.79,35.0,RECUPERACAO_APOS_QUEDA,"Call Longa, Trava de Alta, Call Debit Spread",55.5,MONITORAR_NO_RTD,Liquidez score 35.0 ≥ 30 — monitorar confirmação via RTD.
ITUB4,ITUBF453W2,CALL,45.36,2026-06-12,16,CURTO,0.1,35.0,RECUPERACAO_APOS_QUEDA,"Call Longa, Trava de Alta, Call Debit Spread",55.5,MONITORAR_NO_RTD,Liquidez score 35.0 ≥ 30 — monitorar confirmação via RTD.
PETR4,PETRH422,CALL,41.69,2026-08-21,86,MEDIO,5.76,34.5,CONTINUACAO_BAIXA,"Trava de Baixa, Put Debit Spread",55.4,MONITORAR_NO_RTD,Liquidez score 34.5 ≥ 30 — monitorar confirmação via RTD.
BPAC11,BPACS586,PUT,58.69,2026-07-17,51,MEDIO,4.92,34.5,RECUPERACAO_APOS_QUEDA,"Call Longa, Trava de Alta, Call Debit Spread",55.4,MONITORAR_NO_RTD,Liquidez score 34.5 ≥ 30 — monitorar confirmação via RTD.
PETR4,PETRR912,PUT,90.69,2026-06-19,23,CURTO,43.09,34.6,CONTINUACAO_BAIXA,"Trava de Baixa, Put Debit Spread",55.4,MONITORAR_NO_RTD,Liquidez score 34.6 ≥ 30 — monitorar confirmação via RTD.
ENEV3,ENEVL305,CALL,30.5,2026-12-18,205,EXTRA_LONGO,2.06,68.0,PROTECAO_CARTEIRA,"Protective Put, Collar",55.4,MONITORAR_NO_RTD,Liquidez score 68.0 ≥ 30 — monitorar confirmação via RTD.
BBAS3,BBASR30,PUT,30.85,2026-06-19,23,CURTO,9.9,34.8,RECUPERACAO_APOS_QUEDA,"Call Longa, Trava de Alta, Call Debit Spread",55.4,MONITORAR_NO_RTD,Liquidez score 34.8 ≥ 30 — monitorar confirmação via RTD.
BBAS3,BBASJ312,CALL,31.27,2026-10-16,142,LONGO,0.15,68.0,RECUPERACAO_APOS_QUEDA,"Call Longa, Trava de Alta, Call Debit Spread",55.4,MONITORAR_NO_RTD,Liquidez score 68.0 ≥ 30 — monitorar confirmação via RTD.
BBDC4,BBDCF1,CALL,12.76,2026-06-19,23,CURTO,5.05,34.6,RECUPERACAO_APOS_QUEDA,"Call Longa, Trava de Alta, Call Debit Spread",55.4,MONITORAR_NO_RTD,Liquidez score 34.6 ≥ 30 — monitorar confirmação via RTD.
VALE3,VALEF535,CALL,50.18,2026-06-19,23,CURTO,32.4,68.0,LATERALIDADE,Monitorar — Iron Condor futuro,55.4,CANDIDATA_PROXIMO_PREGAO,Liquidez score 68.0 ≥ 50 com vencimento CURTO — candidata para próximo pregão.
BBDC4,BBDCE151W5,CALL,15.16,2026-05-29,2,CURTO,2.25,34.6,RECUPERACAO_APOS_QUEDA,"Call Longa, Trava de Alta, Call Debit Spread",55.4,MONITORAR_NO_RTD,Liquidez score 34.6 ≥ 30 — monitorar confirmação via RTD.
PRIO3,PRIOS675,PUT,67.5,2026-07-17,51,MEDIO,3.24,34.8,LATERALIDADE,Monitorar — Iron Condor futuro,55.4,MONITORAR_NO_RTD,Liquidez score 34.8 ≥ 30 — monitorar confirmação via RTD.
PETR4,PETRU300,PUT,30.0,2026-09-18,114,LONGO,0.68,68.0,CONTINUACAO_BAIXA,"Trava de Baixa, Put Debit Spread",55.4,MONITORAR_NO_RTD,Liquidez score 68.0 ≥ 30 — monitorar confirmação via RTD.
HAPV3,HAPVQ135W5,PUT,13.5,2026-05-29,2,CURTO,1.06,34.5,CONTINUACAO_BAIXA,"Trava de Baixa, Put Debit Spread",55.4,MONITORAR_NO_RTD,Liquidez score 34.5 ≥ 30 — monitorar confirmação via RTD.
ABEV3,ABEVI128,CALL,12.84,2026-09-18,114,LONGO,2.74,68.0,CONTINUACAO_ALTA,"Trava de Alta, Call Debit Spread",55.4,MONITORAR_NO_RTD,Liquidez score 68.0 ≥ 30 — monitorar confirmação via RTD.
GGBR4,GGBRG135,CALL,13.53,2026-07-17,51,MEDIO,9.83,51.2,CONTINUACAO_ALTA,"Trava de Alta, Call Debit Spread",55.4,MONITORAR_NO_RTD,Liquidez score 51.2 ≥ 30 — monitorar confirmação via RTD.
VALE3,VALEF464,CALL,46.43,2026-06-19,23,CURTO,30.0,68.0,LATERALIDADE,Monitorar — Iron Condor futuro,55.4,CANDIDATA_PROXIMO_PREGAO,Liquidez score 68.0 ≥ 50 com vencimento CURTO — candidata para próximo pregão.
VALE3,VALEF690W1,CALL,69.0,2026-06-05,9,CURTO,14.5,68.0,LATERALIDADE,Monitorar — Iron Condor futuro,55.4,CANDIDATA_PROXIMO_PREGAO,Liquidez score 68.0 ≥ 50 com vencimento CURTO — candidata para próximo pregão.
GGBR4,GGBRH185,CALL,18.53,2026-08-21,86,MEDIO,6.1,51.2,CONTINUACAO_ALTA,"Trava de Alta, Call Debit Spread",55.4,MONITORAR_NO_RTD,Liquidez score 51.2 ≥ 30 — monitorar confirmação via RTD.
BPAC11,BPACS561,PUT,56.19,2026-07-17,51,MEDIO,3.25,34.8,RECUPERACAO_APOS_QUEDA,"Call Longa, Trava de Alta, Call Debit Spread",55.4,MONITORAR_NO_RTD,Liquidez score 34.8 ≥ 30 — monitorar confirmação via RTD.
PRIO3,PRIOF435,CALL,43.5,2026-06-19,23,CURTO,20.78,68.0,LATERALIDADE,Monitorar — Iron Condor futuro,55.4,CANDIDATA_PROXIMO_PREGAO,Liquidez score 68.0 ≥ 50 com vencimento CURTO — candidata para próximo pregão.
PETR4,PETRJ1,CALL,28.13,2026-10-16,142,LONGO,19.79,68.0,CONTINUACAO_BAIXA,"Trava de Baixa, Put Debit Spread",55.4,MONITORAR_NO_RTD,Liquidez score 68.0 ≥ 30 — monitorar confirmação via RTD.
PRIO3,PRIOR765,PUT,76.5,2026-06-19,23,CURTO,8.93,68.0,LATERALIDADE,Monitorar — Iron Condor futuro,55.4,CANDIDATA_PROXIMO_PREGAO,Liquidez score 68.0 ≥ 50 com vencimento CURTO — candidata para próximo pregão.
BBAS3,BBASV235,PUT,23.27,2026-10-16,142,LONGO,0.91,68.0,RECUPERACAO_APOS_QUEDA,"Call Longa, Trava de Alta, Call Debit Spread",55.4,MONITORAR_NO_RTD,Liquidez score 68.0 ≥ 30 — monitorar confirmação via RTD.
BPAC11,BPACL111,CALL,50.02,2026-12-18,205,EXTRA_LONGO,19.75,68.0,RECUPERACAO_APOS_QUEDA,"Call Longa, Trava de Alta, Call Debit Spread",55.4,MONITORAR_NO_RTD,Liquidez score 68.0 ≥ 30 — monitorar confirmação via RTD.
VALE3,VALEF251,CALL,20.18,2026-06-19,23,CURTO,59.7,68.0,LATERALIDADE,Monitorar — Iron Condor futuro,55.4,CANDIDATA_PROXIMO_PREGAO,Liquidez score 68.0 ≥ 50 com vencimento CURTO — candidata para próximo pregão.
VALE3,VALER370,PUT,366.68,2026-06-19,23,CURTO,280.2,68.0,LATERALIDADE,Monitorar — Iron Condor futuro,55.4,CANDIDATA_PROXIMO_PREGAO,Liquidez score 68.0 ≥ 50 com vencimento CURTO — candidata para próximo pregão.
VALE3,VALER380,PUT,376.68,2026-06-19,23,CURTO,289.62,68.0,LATERALIDADE,Monitorar — Iron Condor futuro,55.4,CANDIDATA_PROXIMO_PREGAO,Liquidez score 68.0 ≥ 50 com vencimento CURTO — candidata para próximo pregão.
BBDC4,BBDCR265,PUT,26.26,2026-06-19,23,CURTO,7.75,34.2,RECUPERACAO_APOS_QUEDA,"Call Longa, Trava de Alta, Call Debit Spread",55.3,MONITORAR_NO_RTD,Liquidez score 34.2 ≥ 30 — monitorar confirmação via RTD.
SUZB3,SUZBS713,PUT,71.38,2026-07-17,51,MEDIO,23.11,51.0,RECUPERACAO_APOS_QUEDA,"Call Longa, Trava de Alta, Call Debit Spread",55.3,MONITORAR_NO_RTD,Liquidez score 51.0 ≥ 30 — monitorar confirmação via RTD.
PETR4,PETRU37,PUT,35.73,2026-09-18,114,LONGO,0.43,67.8,CONTINUACAO_BAIXA,"Trava de Baixa, Put Debit Spread",55.3,MONITORAR_NO_RTD,Liquidez score 67.8 ≥ 30 — monitorar confirmação via RTD.
PETR4,PETRF287,CALL,28.19,2026-06-19,23,CURTO,16.1,34.3,CONTINUACAO_BAIXA,"Trava de Baixa, Put Debit Spread",55.3,MONITORAR_NO_RTD,Liquidez score 34.3 ≥ 30 — monitorar confirmação via RTD.
TAEE11,TAEER482,PUT,48.26,2026-06-19,23,CURTO,2.4,34.2,RECUPERACAO_APOS_QUEDA,"Call Longa, Trava de Alta, Call Debit Spread",55.3,MONITORAR_NO_RTD,Liquidez score 34.2 ≥ 30 — monitorar confirmação via RTD.
PETR4,PETRF147,CALL,14.19,2026-06-19,23,CURTO,31.03,34.3,CONTINUACAO_BAIXA,"Trava de Baixa, Put Debit Spread",55.3,MONITORAR_NO_RTD,Liquidez score 34.3 ≥ 30 — monitorar confirmação via RTD.
PETR4,PETRH399,CALL,39.44,2026-08-21,86,MEDIO,8.0,50.7,CONTINUACAO_BAIXA,"Trava de Baixa, Put Debit Spread",55.2,MONITORAR_NO_RTD,Liquidez score 50.7 ≥ 30 — monitorar confirmação via RTD.
GGBR4,GGBRF202,CALL,19.86,2026-06-19,23,CURTO,4.29,34.1,CONTINUACAO_ALTA,"Trava de Alta, Call Debit Spread",55.2,MONITORAR_NO_RTD,Liquidez score 34.1 ≥ 30 — monitorar confirmação via RTD.
PETR4,PETRG385,CALL,37.19,2026-07-17,51,MEDIO,7.9,50.8,CONTINUACAO_BAIXA,"Trava de Baixa, Put Debit Spread",55.2,MONITORAR_NO_RTD,Liquidez score 50.8 ≥ 30 — monitorar confirmação via RTD.
BBAS3,BBASX459,PUT,45.74,2026-12-18,205,EXTRA_LONGO,14.86,84.0,RECUPERACAO_APOS_QUEDA,"Call Longa, Trava de Alta, Call Debit Spread",55.2,MONITORAR_NO_RTD,Liquidez score 84.0 ≥ 30 — monitorar confirmação via RTD.
BBAS3,BBASV280,PUT,26.27,2026-10-16,142,LONGO,3.8,67.2,RECUPERACAO_APOS_QUEDA,"Call Longa, Trava de Alta, Call Debit Spread",55.2,MONITORAR_NO_RTD,Liquidez score 67.2 ≥ 30 — monitorar confirmação via RTD.
BBAS3,BBASF270,CALL,26.35,2026-06-19,23,CURTO,0.01,33.9,RECUPERACAO_APOS_QUEDA,"Call Longa, Trava de Alta, Call Debit Spread",55.2,MONITORAR_NO_RTD,Liquidez score 33.9 ≥ 30 — monitorar confirmação via RTD.
PETR4,PETRR540,PUT,53.46,2026-06-19,23,CURTO,4.21,34.1,CONTINUACAO_BAIXA,"Trava de Baixa, Put Debit Spread",55.2,MONITORAR_NO_RTD,Liquidez score 34.1 ≥ 30 — monitorar confirmação via RTD.
PETR4,PETRL447,CALL,44.18,2026-12-18,205,EXTRA_LONGO,6.93,34.1,CONTINUACAO_BAIXA,"Trava de Baixa, Put Debit Spread",55.2,MONITORAR_NO_RTD,Liquidez score 34.1 ≥ 30 — monitorar confirmação via RTD.
GGBR4,GGBRP345,PUT,34.5,2027-04-16,324,EXTRA_LONGO,7.81,84.0,CONTINUACAO_ALTA,"Trava de Alta, Call Debit Spread",55.2,MONITORAR_NO_RTD,Liquidez score 84.0 ≥ 30 — monitorar confirmação via RTD.
WEGE3,WEGEF536,CALL,53.53,2026-06-19,23,CURTO,0.05,33.9,RECUPERACAO_APOS_QUEDA,"Call Longa, Trava de Alta, Call Debit Spread",55.2,MONITORAR_NO_RTD,Liquidez score 33.9 ≥ 30 — monitorar confirmação via RTD.
BBDC4,BBDCC249,CALL,24.73,2027-03-19,296,EXTRA_LONGO,1.93,84.0,RECUPERACAO_APOS_QUEDA,"Call Longa, Trava de Alta, Call Debit Spread",55.2,MONITORAR_NO_RTD,Liquidez score 84.0 ≥ 30 — monitorar confirmação via RTD.
PETR4,PETRK349,CALL,32.93,2026-11-19,176,LONGO,14.6,67.2,CONTINUACAO_BAIXA,"Trava de Baixa, Put Debit Spread",55.2,MONITORAR_NO_RTD,Liquidez score 67.2 ≥ 30 — monitorar confirmação via RTD.
VALE3,VALER400,PUT,396.68,2026-06-19,23,CURTO,309.16,67.2,LATERALIDADE,Monitorar — Iron Condor futuro,55.2,CANDIDATA_PROXIMO_PREGAO,Liquidez score 67.2 ≥ 50 com vencimento CURTO — candidata para próximo pregão.
BBDC4,BBDCF124,CALL,11.76,2026-06-19,23,CURTO,6.36,34.0,RECUPERACAO_APOS_QUEDA,"Call Longa, Trava de Alta, Call Debit Spread",55.2,MONITORAR_NO_RTD,Liquidez score 34.0 ≥ 30 — monitorar confirmação via RTD.
BBDC4,BBDCR153,PUT,14.74,2026-06-19,23,CURTO,0.15,33.7,RECUPERACAO_APOS_QUEDA,"Call Longa, Trava de Alta, Call Debit Spread",55.1,MONITORAR_NO_RTD,Liquidez score 33.7 ≥ 30 — monitorar confirmação via RTD.
VALE3,VALEQ860W5,PUT,86.0,2026-05-29,2,CURTO,3.0,50.2,LATERALIDADE,Monitorar — Iron Condor futuro,55.1,CANDIDATA_PROXIMO_PREGAO,Liquidez score 50.2 ≥ 50 com vencimento CURTO — candidata para próximo pregão.
BPAC11,BPACR690,PUT,69.05,2026-06-19,23,CURTO,11.0,33.7,RECUPERACAO_APOS_QUEDA,"Call Longa, Trava de Alta, Call Debit Spread",55.1,MONITORAR_NO_RTD,Liquidez score 33.7 ≥ 30 — monitorar confirmação via RTD.
PRIO3,PRIOS600,PUT,60.0,2026-07-17,51,MEDIO,1.03,83.6,LATERALIDADE,Monitorar — Iron Condor futuro,55.1,MONITORAR_NO_RTD,Liquidez score 83.6 ≥ 30 — monitorar confirmação via RTD.
PETR4,PETRV391,PUT,38.63,2026-10-16,142,LONGO,1.03,67.0,CONTINUACAO_BAIXA,"Trava de Baixa, Put Debit Spread",55.1,MONITORAR_NO_RTD,Liquidez score 67.0 ≥ 30 — monitorar confirmação via RTD.
PETR4,PETRR677,PUT,67.19,2026-06-19,23,CURTO,21.49,33.6,CONTINUACAO_BAIXA,"Trava de Baixa, Put Debit Spread",55.1,MONITORAR_NO_RTD,Liquidez score 33.6 ≥ 30 — monitorar confirmação via RTD.
SUZB3,SUZBQ465W5,PUT,46.5,2026-05-29,2,CURTO,4.28,33.7,RECUPERACAO_APOS_QUEDA,"Call Longa, Trava de Alta, Call Debit Spread",55.1,MONITORAR_NO_RTD,Liquidez score 33.7 ≥ 30 — monitorar confirmação via RTD.
PRIO3,PRIOS650,PUT,65.0,2026-07-17,51,MEDIO,2.25,50.4,LATERALIDADE,Monitorar — Iron Condor futuro,55.1,MONITORAR_NO_RTD,Liquidez score 50.4 ≥ 30 — monitorar confirmação via RTD.
ITUB4,ITUBR530,PUT,52.69,2026-06-19,23,CURTO,12.04,33.6,RECUPERACAO_APOS_QUEDA,"Call Longa, Trava de Alta, Call Debit Spread",55.1,MONITORAR_NO_RTD,Liquidez score 33.6 ≥ 30 — monitorar confirmação via RTD.
VALE3,VALEE900W5,CALL,90.0,2026-05-29,2,CURTO,0.02,33.6,LATERALIDADE,Monitorar — Iron Condor futuro,55.1,MONITORAR_NO_RTD,Liquidez score 33.6 ≥ 30 — monitorar confirmação via RTD.
PETR4,PETRJ413,CALL,41.38,2026-10-16,142,LONGO,7.65,49.9,CONTINUACAO_BAIXA,"Trava de Baixa, Put Debit Spread",55.0,MONITORAR_NO_RTD,Liquidez score 49.9 ≥ 30 — monitorar confirmação via RTD.
PRIO3,PRIOK400,CALL,40.0,2026-11-19,176,LONGO,21.22,100.0,LATERALIDADE,Monitorar — Iron Condor futuro,55.0,MONITORAR_NO_RTD,Liquidez score 100.0 ≥ 30 — monitorar confirmação via RTD.
VALE3,VALEQ980W5,PUT,98.0,2026-05-29,2,CURTO,15.79,66.7,LATERALIDADE,Monitorar — Iron Condor futuro,55.0,CANDIDATA_PROXIMO_PREGAO,Liquidez score 66.7 ≥ 50 com vencimento CURTO — candidata para próximo pregão.
PETR4,PETRG303,CALL,28.44,2026-07-17,51,MEDIO,19.2,50.1,CONTINUACAO_BAIXA,"Trava de Baixa, Put Debit Spread",55.0,MONITORAR_NO_RTD,Liquidez score 50.1 ≥ 30 — monitorar confirmação via RTD.
PETR4,PETRG562,CALL,55.69,2026-07-17,51,MEDIO,0.26,50.1,CONTINUACAO_BAIXA,"Trava de Baixa, Put Debit Spread",55.0,MONITORAR_NO_RTD,Liquidez score 50.1 ≥ 30 — monitorar confirmação via RTD.
PETR4,PETRF697,CALL,69.19,2026-06-19,23,CURTO,0.01,33.2,CONTINUACAO_BAIXA,"Trava de Baixa, Put Debit Spread",55.0,MONITORAR_NO_RTD,Liquidez score 33.2 ≥ 30 — monitorar confirmação via RTD.
PETR4,PETRX359,PUT,33.18,2026-12-18,205,EXTRA_LONGO,0.68,83.2,CONTINUACAO_BAIXA,"Trava de Baixa, Put Debit Spread",55.0,MONITORAR_NO_RTD,Liquidez score 83.2 ≥ 30 — monitorar confirmação via RTD.
VALE3,VALEX849,PUT,84.96,2026-12-18,205,EXTRA_LONGO,5.72,100.0,LATERALIDADE,Monitorar — Iron Condor futuro,55.0,MONITORAR_NO_RTD,Liquidez score 100.0 ≥ 30 — monitorar confirmação via RTD.
RENT3,RENTR493,PUT,48.87,2026-06-19,23,CURTO,4.65,33.4,RECUPERACAO_APOS_QUEDA,"Call Longa, Trava de Alta, Call Debit Spread",55.0,MONITORAR_NO_RTD,Liquidez score 33.4 ≥ 30 — monitorar confirmação via RTD.
VALE3,VALER895,PUT,89.54,2027-06-18,387,EXTRA_LONGO,8.5,100.0,LATERALIDADE,Monitorar — Iron Condor futuro,55.0,MONITORAR_NO_RTD,Liquidez score 100.0 ≥ 30 — monitorar confirmação via RTD.
ITUB4,ITUBJ210,CALL,21.06,2026-10-16,142,LONGO,19.72,66.7,RECUPERACAO_APOS_QUEDA,"Call Longa, Trava de Alta, Call Debit Spread",55.0,MONITORAR_NO_RTD,Liquidez score 66.7 ≥ 30 — monitorar confirmação via RTD.
VALE3,VALEJ553,CALL,50.4,2026-10-16,142,LONGO,36.54,100.0,LATERALIDADE,Monitorar — Iron Condor futuro,55.0,MONITORAR_NO_RTD,Liquidez score 100.0 ≥ 30 — monitorar confirmação via RTD.
B3SA3,B3SAS201,PUT,20.14,2026-07-17,51,MEDIO,3.2,33.5,RECUPERACAO_APOS_QUEDA,"Call Longa, Trava de Alta, Call Debit Spread",55.0,MONITORAR_NO_RTD,Liquidez score 33.5 ≥ 30 — monitorar confirmação via RTD.
BBDC4,BBDCH146,CALL,14.39,2026-08-21,86,MEDIO,3.71,49.8,RECUPERACAO_APOS_QUEDA,"Call Longa, Trava de Alta, Call Debit Spread",54.9,MONITORAR_NO_RTD,Liquidez score 49.8 ≥ 30 — monitorar confirmação via RTD.
PETR4,PETRG551,CALL,55.19,2026-07-17,51,MEDIO,0.33,49.7,CONTINUACAO_BAIXA,"Trava de Baixa, Put Debit Spread",54.9,MONITORAR_NO_RTD,Liquidez score 49.7 ≥ 30 — monitorar confirmação via RTD.
HAPV3,HAPVS145,PUT,14.5,2026-07-17,51,MEDIO,2.61,49.8,CONTINUACAO_BAIXA,"Trava de Baixa, Put Debit Spread",54.9,MONITORAR_NO_RTD,Liquidez score 49.8 ≥ 30 — monitorar confirmação via RTD.
HAPV3,HAPVE140W5,CALL,14.0,2026-05-29,2,CURTO,0.03,33.1,CONTINUACAO_BAIXA,"Trava de Baixa, Put Debit Spread",54.9,MONITORAR_NO_RTD,Liquidez score 33.1 ≥ 30 — monitorar confirmação via RTD.
BBAS3,BBASF272W1,CALL,27.26,2026-06-05,9,CURTO,0.3,33.0,RECUPERACAO_APOS_QUEDA,"Call Longa, Trava de Alta, Call Debit Spread",54.9,MONITORAR_NO_RTD,Liquidez score 33.0 ≥ 30 — monitorar confirmação via RTD.
SUZB3,SUZBS488,PUT,48.88,2026-07-17,51,MEDIO,6.38,49.7,RECUPERACAO_APOS_QUEDA,"Call Longa, Trava de Alta, Call Debit Spread",54.9,MONITORAR_NO_RTD,Liquidez score 49.7 ≥ 30 — monitorar confirmação via RTD.
RENT3,RENTR505,PUT,50.12,2026-06-19,23,CURTO,5.81,33.0,RECUPERACAO_APOS_QUEDA,"Call Longa, Trava de Alta, Call Debit Spread",54.9,MONITORAR_NO_RTD,Liquidez score 33.0 ≥ 30 — monitorar confirmação via RTD.
PETR4,PETRI3,CALL,35.69,2026-09-18,114,LONGO,10.82,66.0,CONTINUACAO_BAIXA,"Trava de Baixa, Put Debit Spread",54.8,MONITORAR_NO_RTD,Liquidez score 66.0 ≥ 30 — monitorar confirmação via RTD.
VALE3,VALEF474,CALL,47.43,2026-06-19,23,CURTO,31.92,66.0,LATERALIDADE,Monitorar — Iron Condor futuro,54.8,CANDIDATA_PROXIMO_PREGAO,Liquidez score 66.0 ≥ 50 com vencimento CURTO — candidata para próximo pregão.
GGBR4,GGBRF131,CALL,12.93,2026-06-19,23,CURTO,10.52,32.8,CONTINUACAO_ALTA,"Trava de Alta, Call Debit Spread",54.8,MONITORAR_NO_RTD,Liquidez score 32.8 ≥ 30 — monitorar confirmação via RTD.
BPAC11,BPACS550W2,PUT,55.05,2026-07-10,44,MEDIO,2.41,32.8,RECUPERACAO_APOS_QUEDA,"Call Longa, Trava de Alta, Call Debit Spread",54.8,MONITORAR_NO_RTD,Liquidez score 32.8 ≥ 30 — monitorar confirmação via RTD.
BBAS3,BBASQ243W5,PUT,24.35,2026-05-29,2,CURTO,3.49,32.5,RECUPERACAO_APOS_QUEDA,"Call Longa, Trava de Alta, Call Debit Spread",54.8,MONITORAR_NO_RTD,Liquidez score 32.5 ≥ 30 — monitorar confirmação via RTD.
ITUB4,ITUBQ508W5,PUT,50.86,2026-05-29,2,CURTO,10.9,32.7,RECUPERACAO_APOS_QUEDA,"Call Longa, Trava de Alta, Call Debit Spread",54.8,MONITORAR_NO_RTD,Liquidez score 32.7 ≥ 30 — monitorar confirmação via RTD.
TAEE11,TAEER475,PUT,46.14,2026-06-19,23,CURTO,6.71,32.6,RECUPERACAO_APOS_QUEDA,"Call Longa, Trava de Alta, Call Debit Spread",54.8,MONITORAR_NO_RTD,Liquidez score 32.6 ≥ 30 — monitorar confirmação via RTD.
WEGE3,WEGEK532,CALL,51.53,2026-11-19,176,LONGO,5.67,66.0,RECUPERACAO_APOS_QUEDA,"Call Longa, Trava de Alta, Call Debit Spread",54.8,MONITORAR_NO_RTD,Liquidez score 66.0 ≥ 30 — monitorar confirmação via RTD.
ITUB4,ITUBR453W2,PUT,45.36,2026-06-12,16,CURTO,5.32,32.7,RECUPERACAO_APOS_QUEDA,"Call Longa, Trava de Alta, Call Debit Spread",54.8,MONITORAR_NO_RTD,Liquidez score 32.7 ≥ 30 — monitorar confirmação via RTD.
RENT3,RENTV515,PUT,51.5,2026-10-16,142,LONGO,8.49,66.0,RECUPERACAO_APOS_QUEDA,"Call Longa, Trava de Alta, Call Debit Spread",54.8,MONITORAR_NO_RTD,Liquidez score 66.0 ≥ 30 — monitorar confirmação via RTD.
VALE3,VALEQ990W5,PUT,99.0,2026-05-29,2,CURTO,16.94,66.0,LATERALIDADE,Monitorar — Iron Condor futuro,54.8,CANDIDATA_PROXIMO_PREGAO,Liquidez score 66.0 ≥ 50 com vencimento CURTO — candidata para próximo pregão.
PETR4,PETRX459,PUT,45.43,2026-12-18,205,EXTRA_LONGO,3.43,66.0,CONTINUACAO_BAIXA,"Trava de Baixa, Put Debit Spread",54.8,MONITORAR_NO_RTD,Liquidez score 66.0 ≥ 30 — monitorar confirmação via RTD.
PETR4,PETRT377,PUT,37.19,2026-08-21,86,MEDIO,0.51,49.2,CONTINUACAO_BAIXA,"Trava de Baixa, Put Debit Spread",54.8,MONITORAR_NO_RTD,Liquidez score 49.2 ≥ 30 — monitorar confirmação via RTD.
PRIO3,PRIOE720W5,CALL,72.0,2026-05-29,2,CURTO,0.47,32.5,LATERALIDADE,Monitorar — Iron Condor futuro,54.8,MONITORAR_NO_RTD,Liquidez score 32.5 ≥ 30 — monitorar confirmação via RTD.
SUZB3,SUZBF469,CALL,46.92,2026-06-19,23,CURTO,0.1,32.7,RECUPERACAO_APOS_QUEDA,"Call Longa, Trava de Alta, Call Debit Spread",54.8,MONITORAR_NO_RTD,Liquidez score 32.7 ≥ 30 — monitorar confirmação via RTD.
BBAS3,BBASG185,CALL,18.26,2026-07-17,51,MEDIO,2.56,48.9,RECUPERACAO_APOS_QUEDA,"Call Longa, Trava de Alta, Call Debit Spread",54.7,MONITORAR_NO_RTD,Liquidez score 48.9 ≥ 30 — monitorar confirmação via RTD.
BBDC4,BBDCI9,CALL,15.19,2026-09-18,114,LONGO,1.5,65.6,RECUPERACAO_APOS_QUEDA,"Call Longa, Trava de Alta, Call Debit Spread",54.7,MONITORAR_NO_RTD,Liquidez score 65.6 ≥ 30 — monitorar confirmação via RTD.
ABEV3,ABEVG156,CALL,14.92,2026-07-17,51,MEDIO,1.63,32.4,CONTINUACAO_ALTA,"Trava de Alta, Call Debit Spread",54.7,MONITORAR_NO_RTD,Liquidez score 32.4 ≥ 30 — monitorar confirmação via RTD.
TAEE11,TAEEH352,CALL,30.89,2026-08-21,86,MEDIO,8.37,49.1,RECUPERACAO_APOS_QUEDA,"Call Longa, Trava de Alta, Call Debit Spread",54.7,MONITORAR_NO_RTD,Liquidez score 49.1 ≥ 30 — monitorar confirmação via RTD.
BBAS3,BBASF148,CALL,14.85,2026-06-19,23,CURTO,6.19,32.3,RECUPERACAO_APOS_QUEDA,"Call Longa, Trava de Alta, Call Debit Spread",54.7,MONITORAR_NO_RTD,Liquidez score 32.3 ≥ 30 — monitorar confirmação via RTD.
WEGE3,WEGEF596,CALL,59.53,2026-06-19,23,CURTO,0.04,32.2,RECUPERACAO_APOS_QUEDA,"Call Longa, Trava de Alta, Call Debit Spread",54.7,MONITORAR_NO_RTD,Liquidez score 32.2 ≥ 30 — monitorar confirmação via RTD.
PETR4,PETRF600,CALL,59.46,2026-06-19,23,CURTO,0.21,32.2,CONTINUACAO_BAIXA,"Trava de Baixa, Put Debit Spread",54.7,MONITORAR_NO_RTD,Liquidez score 32.2 ≥ 30 — monitorar confirmação via RTD.
PETR4,PETRF234,CALL,23.48,2026-06-19,23,CURTO,22.44,32.2,CONTINUACAO_BAIXA,"Trava de Baixa, Put Debit Spread",54.7,MONITORAR_NO_RTD,Liquidez score 32.2 ≥ 30 — monitorar confirmação via RTD.
BBDC4,BBDCE196W5,CALL,19.66,2026-05-29,2,CURTO,0.02,32.2,RECUPERACAO_APOS_QUEDA,"Call Longa, Trava de Alta, Call Debit Spread",54.7,MONITORAR_NO_RTD,Liquidez score 32.2 ≥ 30 — monitorar confirmação via RTD.
ABEV3,ABEVF189,CALL,18.92,2026-06-19,23,CURTO,0.01,32.3,CONTINUACAO_ALTA,"Trava de Alta, Call Debit Spread",54.7,MONITORAR_NO_RTD,Liquidez score 32.3 ≥ 30 — monitorar confirmação via RTD.
PETR4,PETRG42,CALL,41.96,2026-07-17,51,MEDIO,10.28,32.3,CONTINUACAO_BAIXA,"Trava de Baixa, Put Debit Spread",54.7,MONITORAR_NO_RTD,Liquidez score 32.3 ≥ 30 — monitorar confirmação via RTD.
PETR4,PETRF324,CALL,31.94,2026-06-19,23,CURTO,12.25,32.4,CONTINUACAO_BAIXA,"Trava de Baixa, Put Debit Spread",54.7,MONITORAR_NO_RTD,Liquidez score 32.4 ≥ 30 — monitorar confirmação via RTD.
PETR4,PETRQ407W5,PUT,40.21,2026-05-29,2,CURTO,0.05,32.3,CONTINUACAO_BAIXA,"Trava de Baixa, Put Debit Spread",54.7,MONITORAR_NO_RTD,Liquidez score 32.3 ≥ 30 — monitorar confirmação via RTD.
GGBR4,GGBRS260,PUT,25.85,2026-07-17,51,MEDIO,1.98,32.4,CONTINUACAO_ALTA,"Trava de Alta, Call Debit Spread",54.7,MONITORAR_NO_RTD,Liquidez score 32.4 ≥ 30 — monitorar confirmação via RTD.
BBDC4,BBDCH22,CALL,22.41,2027-08-20,450,EXTRA_LONGO,1.68,82.4,RECUPERACAO_APOS_QUEDA,"Call Longa, Trava de Alta, Call Debit Spread",54.7,MONITORAR_NO_RTD,Liquidez score 82.4 ≥ 30 — monitorar confirmação via RTD.
RENT3,RENTR500,PUT,49.62,2026-06-19,23,CURTO,6.02,32.3,RECUPERACAO_APOS_QUEDA,"Call Longa, Trava de Alta, Call Debit Spread",54.7,MONITORAR_NO_RTD,Liquidez score 32.3 ≥ 30 — monitorar confirmação via RTD.
PETR4,PETRS402,PUT,39.69,2026-07-17,51,MEDIO,0.53,48.8,CONTINUACAO_BAIXA,"Trava de Baixa, Put Debit Spread",54.6,MONITORAR_NO_RTD,Liquidez score 48.8 ≥ 30 — monitorar confirmação via RTD.
BBDC4,BBDCF125,CALL,12.26,2026-06-19,23,CURTO,5.55,32.1,RECUPERACAO_APOS_QUEDA,"Call Longa, Trava de Alta, Call Debit Spread",54.6,MONITORAR_NO_RTD,Liquidez score 32.1 ≥ 30 — monitorar confirmação via RTD.
BPAC11,BPACF615,CALL,61.55,2026-06-19,23,CURTO,0.18,32.0,RECUPERACAO_APOS_QUEDA,"Call Longa, Trava de Alta, Call Debit Spread",54.6,MONITORAR_NO_RTD,Liquidez score 32.0 ≥ 30 — monitorar confirmação via RTD.
PETR4,PETRA456,CALL,44.75,2027-01-15,233,EXTRA_LONGO,9.25,32.0,CONTINUACAO_BAIXA,"Trava de Baixa, Put Debit Spread",54.6,MONITORAR_NO_RTD,Liquidez score 32.0 ≥ 30 — monitorar confirmação via RTD.
WEGE3,WEGER580,PUT,55.53,2026-06-19,23,CURTO,10.55,31.9,RECUPERACAO_APOS_QUEDA,"Call Longa, Trava de Alta, Call Debit Spread",54.6,MONITORAR_NO_RTD,Liquidez score 31.9 ≥ 30 — monitorar confirmação via RTD.
PETR4,PETRU378,PUT,37.98,2026-09-18,114,LONGO,0.68,65.3,CONTINUACAO_BAIXA,"Trava de Baixa, Put Debit Spread",54.6,MONITORAR_NO_RTD,Liquidez score 65.3 ≥ 30 — monitorar confirmação via RTD.
PRIO3,PRIOW635,PUT,63.5,2026-11-19,176,LONGO,3.38,65.3,LATERALIDADE,Monitorar — Iron Condor futuro,54.6,MONITORAR_NO_RTD,Liquidez score 65.3 ≥ 30 — monitorar confirmação via RTD.
BBAS3,BBASJ22,CALL,21.77,2026-10-16,142,LONGO,1.81,31.9,RECUPERACAO_APOS_QUEDA,"Call Longa, Trava de Alta, Call Debit Spread",54.6,MONITORAR_NO_RTD,Liquidez score 31.9 ≥ 30 — monitorar confirmação via RTD.
VALE3,VALEJ919,CALL,91.9,2026-10-16,142,LONGO,2.84,65.5,LATERALIDADE,Monitorar — Iron Condor futuro,54.6,MONITORAR_NO_RTD,Liquidez score 65.5 ≥ 30 — monitorar confirmação via RTD.
BPAC11,BPACE615W5,CALL,61.55,2026-05-29,2,CURTO,2.57,32.1,RECUPERACAO_APOS_QUEDA,"Call Longa, Trava de Alta, Call Debit Spread",54.6,MONITORAR_NO_RTD,Liquidez score 32.1 ≥ 30 — monitorar confirmação via RTD.
ITUB4,ITUBI330,CALL,32.7,2026-09-18,114,LONGO,9.29,65.3,RECUPERACAO_APOS_QUEDA,"Call Longa, Trava de Alta, Call Debit Spread",54.6,MONITORAR_NO_RTD,Liquidez score 65.3 ≥ 30 — monitorar confirmação via RTD.
PETR4,PETRH429,CALL,42.44,2026-08-21,86,MEDIO,6.0,32.0,CONTINUACAO_BAIXA,"Trava de Baixa, Put Debit Spread",54.6,MONITORAR_NO_RTD,Liquidez score 32.0 ≥ 30 — monitorar confirmação via RTD.
SUZB3,SUZBF485W1,CALL,48.5,2026-06-05,9,CURTO,2.19,32.0,RECUPERACAO_APOS_QUEDA,"Call Longa, Trava de Alta, Call Debit Spread",54.6,MONITORAR_NO_RTD,Liquidez score 32.0 ≥ 30 — monitorar confirmação via RTD.
PETR4,PETRF244,CALL,23.94,2026-06-19,23,CURTO,21.64,31.9,CONTINUACAO_BAIXA,"Trava de Baixa, Put Debit Spread",54.6,MONITORAR_NO_RTD,Liquidez score 31.9 ≥ 30 — monitorar confirmação via RTD.
ENEV3,ENEVX18,PUT,18.0,2026-12-18,205,EXTRA_LONGO,0.41,65.4,PROTECAO_CARTEIRA,"Protective Put, Collar",54.6,MONITORAR_NO_RTD,Liquidez score 65.4 ≥ 30 — monitorar confirmação via RTD.
GGBR4,GGBRI199,CALL,19.78,2026-09-18,114,LONGO,4.65,65.3,CONTINUACAO_ALTA,"Trava de Alta, Call Debit Spread",54.6,MONITORAR_NO_RTD,Liquidez score 65.3 ≥ 30 — monitorar confirmação via RTD.
PETR4,PETRJ388,CALL,36.88,2026-10-16,142,LONGO,10.69,65.3,CONTINUACAO_BAIXA,"Trava de Baixa, Put Debit Spread",54.6,MONITORAR_NO_RTD,Liquidez score 65.3 ≥ 30 — monitorar confirmação via RTD.
RADL3,RADLS206,PUT,20.62,2026-07-17,51,MEDIO,2.36,48.8,CONTINUACAO_BAIXA,"Trava de Baixa, Put Debit Spread",54.6,MONITORAR_NO_RTD,Liquidez score 48.8 ≥ 30 — monitorar confirmação via RTD.
PETR4,PETRR364,PUT,35.94,2026-06-19,23,CURTO,0.05,32.1,CONTINUACAO_BAIXA,"Trava de Baixa, Put Debit Spread",54.6,MONITORAR_NO_RTD,Liquidez score 32.1 ≥ 30 — monitorar confirmação via RTD.
BBAS3,BBASR247W1,PUT,24.76,2026-06-05,9,CURTO,3.76,31.8,RECUPERACAO_APOS_QUEDA,"Call Longa, Trava de Alta, Call Debit Spread",54.5,MONITORAR_NO_RTD,Liquidez score 31.8 ≥ 30 — monitorar confirmação via RTD.
VALE3,VALEF811,CALL,76.18,2026-06-19,23,CURTO,7.57,48.2,LATERALIDADE,Monitorar — Iron Condor futuro,54.5,MONITORAR_NO_RTD,Liquidez score 48.2 ≥ 30 — monitorar confirmação via RTD.
SUZB3,SUZBF500,CALL,47.17,2026-06-19,23,CURTO,0.09,31.5,RECUPERACAO_APOS_QUEDA,"Call Longa, Trava de Alta, Call Debit Spread",54.5,MONITORAR_NO_RTD,Liquidez score 31.5 ≥ 30 — monitorar confirmação via RTD.
PETR4,PETRR580,PUT,57.46,2026-06-19,23,CURTO,7.34,31.7,CONTINUACAO_BAIXA,"Trava de Baixa, Put Debit Spread",54.5,MONITORAR_NO_RTD,Liquidez score 31.7 ≥ 30 — monitorar confirmação via RTD.
PRIO3,PRIOF510,CALL,51.0,2026-06-19,23,CURTO,17.91,65.1,LATERALIDADE,Monitorar — Iron Condor futuro,54.5,CANDIDATA_PROXIMO_PREGAO,Liquidez score 65.1 ≥ 50 com vencimento CURTO — candidata para próximo pregão.
CMIG4,CMIGG125,CALL,10.74,2026-07-17,51,MEDIO,0.84,31.6,RECUPERACAO_APOS_QUEDA,"Call Longa, Trava de Alta, Call Debit Spread",54.5,MONITORAR_NO_RTD,Liquidez score 31.6 ≥ 30 — monitorar confirmação via RTD.
SUZB3,SUZBR527,PUT,51.67,2026-06-19,23,CURTO,9.1,31.8,RECUPERACAO_APOS_QUEDA,"Call Longa, Trava de Alta, Call Debit Spread",54.5,MONITORAR_NO_RTD,Liquidez score 31.8 ≥ 30 — monitorar confirmação via RTD.
GGBR4,GGBRR271,PUT,26.93,2026-06-19,23,CURTO,2.82,31.8,CONTINUACAO_ALTA,"Trava de Alta, Call Debit Spread",54.5,MONITORAR_NO_RTD,Liquidez score 31.8 ≥ 30 — monitorar confirmação via RTD.
BBDC4,BBDCS153,PUT,15.14,2026-07-17,51,MEDIO,0.39,48.4,RECUPERACAO_APOS_QUEDA,"Call Longa, Trava de Alta, Call Debit Spread",54.5,MONITORAR_NO_RTD,Liquidez score 48.4 ≥ 30 — monitorar confirmação via RTD.
PETR4,PETRF590,CALL,58.46,2026-06-19,23,CURTO,0.28,31.6,CONTINUACAO_BAIXA,"Trava de Baixa, Put Debit Spread",54.5,MONITORAR_NO_RTD,Liquidez score 31.6 ≥ 30 — monitorar confirmação via RTD.
PETR4,PETRF169,CALL,16.44,2026-06-19,23,CURTO,29.5,31.7,CONTINUACAO_BAIXA,"Trava de Baixa, Put Debit Spread",54.5,MONITORAR_NO_RTD,Liquidez score 31.7 ≥ 30 — monitorar confirmação via RTD.
VALE3,VALEG635,CALL,60.15,2026-07-17,51,MEDIO,23.72,81.6,LATERALIDADE,Monitorar — Iron Condor futuro,54.5,MONITORAR_NO_RTD,Liquidez score 81.6 ≥ 30 — monitorar confirmação via RTD.
PETR4,PETRF499W1,CALL,49.96,2026-06-05,9,CURTO,0.1,31.6,CONTINUACAO_BAIXA,"Trava de Baixa, Put Debit Spread",54.5,MONITORAR_NO_RTD,Liquidez score 31.6 ≥ 30 — monitorar confirmação via RTD.
BBDC4,BBDCG142,CALL,13.91,2026-07-17,51,MEDIO,4.06,47.9,RECUPERACAO_APOS_QUEDA,"Call Longa, Trava de Alta, Call Debit Spread",54.4,MONITORAR_NO_RTD,Liquidez score 47.9 ≥ 30 — monitorar confirmação via RTD.
BBDC4,BBDCH177,CALL,16.74,2026-08-21,86,MEDIO,0.49,31.2,RECUPERACAO_APOS_QUEDA,"Call Longa, Trava de Alta, Call Debit Spread",54.4,MONITORAR_NO_RTD,Liquidez score 31.2 ≥ 30 — monitorar confirmação via RTD.
RENT3,RENTF535,CALL,53.12,2026-06-19,23,CURTO,0.22,31.4,RECUPERACAO_APOS_QUEDA,"Call Longa, Trava de Alta, Call Debit Spread",54.4,MONITORAR_NO_RTD,Liquidez score 31.4 ≥ 30 — monitorar confirmação via RTD.
ABEV3,ABEVR179,PUT,17.92,2026-06-19,23,CURTO,1.41,31.2,CONTINUACAO_ALTA,"Trava de Alta, Call Debit Spread",54.4,MONITORAR_NO_RTD,Liquidez score 31.2 ≥ 30 — monitorar confirmação via RTD.
PETR4,PETRH507,CALL,50.19,2026-08-21,86,MEDIO,1.99,47.9,CONTINUACAO_BAIXA,"Trava de Baixa, Put Debit Spread",54.4,MONITORAR_NO_RTD,Liquidez score 47.9 ≥ 30 — monitorar confirmação via RTD.
HAPV3,HAPVR207,PUT,20.75,2026-06-19,23,CURTO,7.88,31.2,CONTINUACAO_BAIXA,"Trava de Baixa, Put Debit Spread",54.4,MONITORAR_NO_RTD,Liquidez score 31.2 ≥ 30 — monitorar confirmação via RTD.
RADL3,RADLR214,PUT,21.37,2026-06-19,23,CURTO,2.52,31.2,CONTINUACAO_BAIXA,"Trava de Baixa, Put Debit Spread",54.4,MONITORAR_NO_RTD,Liquidez score 31.2 ≥ 30 — monitorar confirmação via RTD.
PETR4,PETRF394,CALL,38.94,2026-06-19,23,CURTO,6.08,31.4,CONTINUACAO_BAIXA,"Trava de Baixa, Put Debit Spread",54.4,MONITORAR_NO_RTD,Liquidez score 31.4 ≥ 30 — monitorar confirmação via RTD.
BBDC4,BBDCR377,PUT,37.76,2026-06-19,23,CURTO,19.25,31.3,RECUPERACAO_APOS_QUEDA,"Call Longa, Trava de Alta, Call Debit Spread",54.4,MONITORAR_NO_RTD,Liquidez score 31.3 ≥ 30 — monitorar confirmação via RTD.
SUZB3,SUZBR636,PUT,63.67,2026-06-19,23,CURTO,11.6,31.3,RECUPERACAO_APOS_QUEDA,"Call Longa, Trava de Alta, Call Debit Spread",54.4,MONITORAR_NO_RTD,Liquidez score 31.3 ≥ 30 — monitorar confirmação via RTD.
VALE3,VALEH774,CALL,77.46,2026-08-21,86,MEDIO,7.2,64.8,LATERALIDADE,Monitorar — Iron Condor futuro,54.4,MONITORAR_NO_RTD,Liquidez score 64.8 ≥ 30 — monitorar confirmação via RTD.
BPAC11,BPACF470,CALL,47.05,2026-06-19,23,CURTO,7.27,31.1,RECUPERACAO_APOS_QUEDA,"Call Longa, Trava de Alta, Call Debit Spread",54.3,MONITORAR_NO_RTD,Liquidez score 31.1 ≥ 30 — monitorar confirmação via RTD.
RADL3,RADLF236,CALL,23.56,2026-06-19,23,CURTO,0.01,30.9,CONTINUACAO_BAIXA,"Trava de Baixa, Put Debit Spread",54.3,MONITORAR_NO_RTD,Liquidez score 30.9 ≥ 30 — monitorar confirmação via RTD.
B3SA3,B3SAS188,PUT,18.89,2026-07-17,51,MEDIO,2.15,30.9,RECUPERACAO_APOS_QUEDA,"Call Longa, Trava de Alta, Call Debit Spread",54.3,MONITORAR_NO_RTD,Liquidez score 30.9 ≥ 30 — monitorar confirmação via RTD.
PRIO3,PRIOF445,CALL,44.5,2026-06-19,23,CURTO,23.5,64.5,LATERALIDADE,Monitorar — Iron Condor futuro,54.3,CANDIDATA_PROXIMO_PREGAO,Liquidez score 64.5 ≥ 50 com vencimento CURTO — candidata para próximo pregão.
PETR4,PETRG542,CALL,53.69,2026-07-17,51,MEDIO,0.4,47.6,CONTINUACAO_BAIXA,"Trava de Baixa, Put Debit Spread",54.3,MONITORAR_NO_RTD,Liquidez score 47.6 ≥ 30 — monitorar confirmação via RTD.
PETR4,PETRQ515W5,PUT,50.96,2026-05-29,2,CURTO,5.31,31.0,CONTINUACAO_BAIXA,"Trava de Baixa, Put Debit Spread",54.3,MONITORAR_NO_RTD,Liquidez score 31.0 ≥ 30 — monitorar confirmação via RTD.
BBDC4,BBDCP178,PUT,17.71,2028-04-20,694,EXTRA_LONGO,1.13,31.0,RECUPERACAO_APOS_QUEDA,"Call Longa, Trava de Alta, Call Debit Spread",54.3,MONITORAR_NO_RTD,Liquidez score 31.0 ≥ 30 — monitorar confirmação via RTD.
PETR4,PETRQ575W5,PUT,56.96,2026-05-29,2,CURTO,12.51,31.0,CONTINUACAO_BAIXA,"Trava de Baixa, Put Debit Spread",54.3,MONITORAR_NO_RTD,Liquidez score 31.0 ≥ 30 — monitorar confirmação via RTD.
RENT3,RENTR49,PUT,49.37,2026-06-19,23,CURTO,6.3,31.0,RECUPERACAO_APOS_QUEDA,"Call Longa, Trava de Alta, Call Debit Spread",54.3,MONITORAR_NO_RTD,Liquidez score 31.0 ≥ 30 — monitorar confirmação via RTD.
BPAC11,BPACR700,PUT,70.05,2026-06-19,23,CURTO,11.5,31.0,RECUPERACAO_APOS_QUEDA,"Call Longa, Trava de Alta, Call Debit Spread",54.3,MONITORAR_NO_RTD,Liquidez score 31.0 ≥ 30 — monitorar confirmação via RTD.
BBAS3,BBASS193,PUT,19.01,2026-07-17,51,MEDIO,0.16,47.6,RECUPERACAO_APOS_QUEDA,"Call Longa, Trava de Alta, Call Debit Spread",54.3,MONITORAR_NO_RTD,Liquidez score 47.6 ≥ 30 — monitorar confirmação via RTD.
BPAC11,BPACF488,CALL,48.8,2026-06-19,23,CURTO,5.86,30.9,RECUPERACAO_APOS_QUEDA,"Call Longa, Trava de Alta, Call Debit Spread",54.3,MONITORAR_NO_RTD,Liquidez score 30.9 ≥ 30 — monitorar confirmação via RTD.
BBDC4,BBDCJ179,CALL,16.6,2026-10-16,142,LONGO,2.4,47.6,RECUPERACAO_APOS_QUEDA,"Call Longa, Trava de Alta, Call Debit Spread",54.3,MONITORAR_NO_RTD,Liquidez score 47.6 ≥ 30 — monitorar confirmação via RTD.
GGBR4,GGBRG217,CALL,21.6,2026-07-17,51,MEDIO,2.88,47.6,CONTINUACAO_ALTA,"Trava de Alta, Call Debit Spread",54.3,MONITORAR_NO_RTD,Liquidez score 47.6 ≥ 30 — monitorar confirmação via RTD.
VALE3,VALEF870W1,CALL,87.0,2026-06-05,9,CURTO,0.45,31.0,LATERALIDADE,Monitorar — Iron Condor futuro,54.3,MONITORAR_NO_RTD,Liquidez score 31.0 ≥ 30 — monitorar confirmação via RTD.
PRIO3,PRIOR775,PUT,77.5,2026-06-19,23,CURTO,9.15,64.4,LATERALIDADE,Monitorar — Iron Condor futuro,54.3,CANDIDATA_PROXIMO_PREGAO,Liquidez score 64.4 ≥ 50 com vencimento CURTO — candidata para próximo pregão.
WEGE3,WEGEF386,CALL,36.78,2026-06-19,23,CURTO,7.24,31.0,RECUPERACAO_APOS_QUEDA,"Call Longa, Trava de Alta, Call Debit Spread",54.3,MONITORAR_NO_RTD,Liquidez score 31.0 ≥ 30 — monitorar confirmação via RTD.
B3SA3,B3SAG128,CALL,12.89,2026-07-17,51,MEDIO,4.05,31.1,RECUPERACAO_APOS_QUEDA,"Call Longa, Trava de Alta, Call Debit Spread",54.3,MONITORAR_NO_RTD,Liquidez score 31.1 ≥ 30 — monitorar confirmação via RTD.
BBDC4,BBDCI146,CALL,14.69,2026-09-18,114,LONGO,2.41,64.0,RECUPERACAO_APOS_QUEDA,"Call Longa, Trava de Alta, Call Debit Spread",54.2,MONITORAR_NO_RTD,Liquidez score 64.0 ≥ 30 — monitorar confirmação via RTD.
PETR4,PETRJ297,CALL,28.42,2026-10-16,142,LONGO,14.75,64.0,CONTINUACAO_BAIXA,"Trava de Baixa, Put Debit Spread",54.2,MONITORAR_NO_RTD,Liquidez score 64.0 ≥ 30 — monitorar confirmação via RTD.
VALE3,VALEF269,CALL,26.93,2026-06-19,23,CURTO,57.0,64.0,LATERALIDADE,Monitorar — Iron Condor futuro,54.2,CANDIDATA_PROXIMO_PREGAO,Liquidez score 64.0 ≥ 50 com vencimento CURTO — candidata para próximo pregão.
VALE3,VALEF605W2,CALL,60.5,2026-06-12,16,CURTO,25.95,64.0,LATERALIDADE,Monitorar — Iron Condor futuro,54.2,CANDIDATA_PROXIMO_PREGAO,Liquidez score 64.0 ≥ 50 com vencimento CURTO — candidata para próximo pregão.
VALE3,VALEC780,CALL,78.04,2027-03-19,296,EXTRA_LONGO,16.2,97.3,LATERALIDADE,Monitorar — Iron Condor futuro,54.2,MONITORAR_NO_RTD,Liquidez score 97.3 ≥ 30 — monitorar confirmação via RTD.
PETR4,PETRJ340,CALL,32.13,2026-10-16,142,LONGO,15.04,64.0,CONTINUACAO_BAIXA,"Trava de Baixa, Put Debit Spread",54.2,MONITORAR_NO_RTD,Liquidez score 64.0 ≥ 30 — monitorar confirmação via RTD.
PETR4,PETRE379W5,CALL,37.96,2026-05-29,2,CURTO,6.13,30.6,CONTINUACAO_BAIXA,"Trava de Baixa, Put Debit Spread",54.2,MONITORAR_NO_RTD,Liquidez score 30.6 ≥ 30 — monitorar confirmação via RTD.
ENEV3,ENEVX210,PUT,21.0,2026-12-18,205,EXTRA_LONGO,1.12,64.0,PROTECAO_CARTEIRA,"Protective Put, Collar",54.2,MONITORAR_NO_RTD,Liquidez score 64.0 ≥ 30 — monitorar confirmação via RTD.
BBDC4,BBDCI209,CALL,19.93,2026-09-18,114,LONGO,1.4,64.0,RECUPERACAO_APOS_QUEDA,"Call Longa, Trava de Alta, Call Debit Spread",54.2,MONITORAR_NO_RTD,Liquidez score 64.0 ≥ 30 — monitorar confirmação via RTD.
BBDC4,BBDCL178,CALL,17.24,2026-12-18,205,EXTRA_LONGO,1.04,64.0,RECUPERACAO_APOS_QUEDA,"Call Longa, Trava de Alta, Call Debit Spread",54.2,MONITORAR_NO_RTD,Liquidez score 64.0 ≥ 30 — monitorar confirmação via RTD.
PETR4,PETRI384,CALL,36.98,2026-09-18,114,LONGO,11.7,64.0,CONTINUACAO_BAIXA,"Trava de Baixa, Put Debit Spread",54.2,MONITORAR_NO_RTD,Liquidez score 64.0 ≥ 30 — monitorar confirmação via RTD.
BPAC11,BPACI321,CALL,32.19,2026-09-18,114,LONGO,29.0,64.0,RECUPERACAO_APOS_QUEDA,"Call Longa, Trava de Alta, Call Debit Spread",54.2,MONITORAR_NO_RTD,Liquidez score 64.0 ≥ 30 — monitorar confirmação via RTD.
RADL3,RADLV323,PUT,32.31,2026-10-16,142,LONGO,9.32,64.0,CONTINUACAO_BAIXA,"Trava de Baixa, Put Debit Spread",54.2,MONITORAR_NO_RTD,Liquidez score 64.0 ≥ 30 — monitorar confirmação via RTD.
BPAC11,BPACI451,CALL,45.19,2026-09-18,114,LONGO,14.1,64.0,RECUPERACAO_APOS_QUEDA,"Call Longa, Trava de Alta, Call Debit Spread",54.2,MONITORAR_NO_RTD,Liquidez score 64.0 ≥ 30 — monitorar confirmação via RTD.
PETR4,PETRI364,CALL,34.44,2026-09-18,114,LONGO,12.05,64.0,CONTINUACAO_BAIXA,"Trava de Baixa, Put Debit Spread",54.2,MONITORAR_NO_RTD,Liquidez score 64.0 ≥ 30 — monitorar confirmação via RTD.
PETR4,PETRJ262,CALL,26.25,2026-10-16,142,LONGO,28.5,64.0,CONTINUACAO_BAIXA,"Trava de Baixa, Put Debit Spread",54.2,MONITORAR_NO_RTD,Liquidez score 64.0 ≥ 30 — monitorar confirmação via RTD.
SUZB3,SUZBU556,PUT,55.63,2026-09-18,114,LONGO,10.0,64.0,RECUPERACAO_APOS_QUEDA,"Call Longa, Trava de Alta, Call Debit Spread",54.2,MONITORAR_NO_RTD,Liquidez score 64.0 ≥ 30 — monitorar confirmação via RTD.
WEGE3,WEGEF50,CALL,50.53,2026-06-19,23,CURTO,0.09,30.7,RECUPERACAO_APOS_QUEDA,"Call Longa, Trava de Alta, Call Debit Spread",54.2,MONITORAR_NO_RTD,Liquidez score 30.7 ≥ 30 — monitorar confirmação via RTD.
PRIO3,PRIOR875,PUT,87.5,2026-06-19,23,CURTO,22.22,64.0,LATERALIDADE,Monitorar — Iron Condor futuro,54.2,CANDIDATA_PROXIMO_PREGAO,Liquidez score 64.0 ≥ 50 com vencimento CURTO — candidata para próximo pregão.
PETR4,PETRG532,CALL,52.69,2026-07-17,51,MEDIO,0.47,47.5,CONTINUACAO_BAIXA,"Trava de Baixa, Put Debit Spread",54.2,MONITORAR_NO_RTD,Liquidez score 47.5 ≥ 30 — monitorar confirmação via RTD.
ITUB4,ITUBG414,CALL,37.82,2026-07-17,51,MEDIO,3.03,30.8,RECUPERACAO_APOS_QUEDA,"Call Longa, Trava de Alta, Call Debit Spread",54.2,MONITORAR_NO_RTD,Liquidez score 30.8 ≥ 30 — monitorar confirmação via RTD.
ITUB4,ITUBI1,CALL,28.48,2026-09-18,114,LONGO,13.3,64.0,RECUPERACAO_APOS_QUEDA,"Call Longa, Trava de Alta, Call Debit Spread",54.2,MONITORAR_NO_RTD,Liquidez score 64.0 ≥ 30 — monitorar confirmação via RTD.
BBDC4,BBDCI211,CALL,20.45,2026-09-18,114,LONGO,1.5,64.0,RECUPERACAO_APOS_QUEDA,"Call Longa, Trava de Alta, Call Debit Spread",54.2,MONITORAR_NO_RTD,Liquidez score 64.0 ≥ 30 — monitorar confirmação via RTD.
ABEV3,ABEVI180,CALL,18.09,2026-09-18,114,LONGO,0.61,64.0,CONTINUACAO_ALTA,"Trava de Alta, Call Debit Spread",54.2,MONITORAR_NO_RTD,Liquidez score 64.0 ≥ 30 — monitorar confirmação via RTD.
PETR4,PETRG581,CALL,58.19,2026-07-17,51,MEDIO,0.15,47.4,CONTINUACAO_BAIXA,"Trava de Baixa, Put Debit Spread",54.2,MONITORAR_NO_RTD,Liquidez score 47.4 ≥ 30 — monitorar confirmação via RTD.
B3SA3,B3SAB895,CALL,8.44,2027-02-19,268,EXTRA_LONGO,11.0,64.0,RECUPERACAO_APOS_QUEDA,"Call Longa, Trava de Alta, Call Debit Spread",54.2,MONITORAR_NO_RTD,Liquidez score 64.0 ≥ 30 — monitorar confirmação via RTD.
SUZB3,SUZBU638,PUT,63.88,2026-09-18,114,LONGO,17.7,64.0,RECUPERACAO_APOS_QUEDA,"Call Longa, Trava de Alta, Call Debit Spread",54.2,MONITORAR_NO_RTD,Liquidez score 64.0 ≥ 30 — monitorar confirmação via RTD.
PETR4,PETRI295,CALL,28.73,2026-09-18,114,LONGO,20.37,64.0,CONTINUACAO_BAIXA,"Trava de Baixa, Put Debit Spread",54.2,MONITORAR_NO_RTD,Liquidez score 64.0 ≥ 30 — monitorar confirmação via RTD.
GGBR4,GGBRS267,PUT,26.6,2026-07-17,51,MEDIO,2.53,30.6,CONTINUACAO_ALTA,"Trava de Alta, Call Debit Spread",54.2,MONITORAR_NO_RTD,Liquidez score 30.6 ≥ 30 — monitorar confirmação via RTD.
B3SA3,B3SAN227,PUT,22.69,2027-02-19,268,EXTRA_LONGO,3.18,64.0,RECUPERACAO_APOS_QUEDA,"Call Longa, Trava de Alta, Call Debit Spread",54.2,MONITORAR_NO_RTD,Liquidez score 64.0 ≥ 30 — monitorar confirmação via RTD.
ITUB4,ITUBI311,CALL,30.95,2026-09-18,114,LONGO,10.47,64.0,RECUPERACAO_APOS_QUEDA,"Call Longa, Trava de Alta, Call Debit Spread",54.2,MONITORAR_NO_RTD,Liquidez score 64.0 ≥ 30 — monitorar confirmação via RTD.
B3SA3,B3SAB845,CALL,7.94,2027-02-19,268,EXTRA_LONGO,10.05,64.0,RECUPERACAO_APOS_QUEDA,"Call Longa, Trava de Alta, Call Debit Spread",54.2,MONITORAR_NO_RTD,Liquidez score 64.0 ≥ 30 — monitorar confirmação via RTD.
VALE3,VALEF481,CALL,48.18,2026-06-19,23,CURTO,37.14,64.0,LATERALIDADE,Monitorar — Iron Condor futuro,54.2,CANDIDATA_PROXIMO_PREGAO,Liquidez score 64.0 ≥ 50 com vencimento CURTO — candidata para próximo pregão.
PRIO3,PRIOF395,CALL,39.5,2026-06-19,23,CURTO,18.94,64.0,LATERALIDADE,Monitorar — Iron Condor futuro,54.2,CANDIDATA_PROXIMO_PREGAO,Liquidez score 64.0 ≥ 50 com vencimento CURTO — candidata para próximo pregão.
RENT3,RENTS443,PUT,44.32,2026-07-17,51,MEDIO,2.85,30.7,RECUPERACAO_APOS_QUEDA,"Call Longa, Trava de Alta, Call Debit Spread",54.2,MONITORAR_NO_RTD,Liquidez score 30.7 ≥ 30 — monitorar confirmação via RTD.
PETR4,PETRU400,PUT,40.0,2026-09-18,114,LONGO,1.0,64.0,CONTINUACAO_BAIXA,"Trava de Baixa, Put Debit Spread",54.2,MONITORAR_NO_RTD,Liquidez score 64.0 ≥ 30 — monitorar confirmação via RTD.
ITUB4,ITUBI355,CALL,35.57,2026-09-18,114,LONGO,8.5,64.0,RECUPERACAO_APOS_QUEDA,"Call Longa, Trava de Alta, Call Debit Spread",54.2,MONITORAR_NO_RTD,Liquidez score 64.0 ≥ 30 — monitorar confirmação via RTD.
BBDC4,BBDCK156,CALL,15.68,2026-11-19,176,LONGO,3.3,64.0,RECUPERACAO_APOS_QUEDA,"Call Longa, Trava de Alta, Call Debit Spread",54.2,MONITORAR_NO_RTD,Liquidez score 64.0 ≥ 30 — monitorar confirmação via RTD.
VALE3,VALEF526W4,CALL,52.68,2026-06-26,30,CURTO,36.7,64.0,LATERALIDADE,Monitorar — Iron Condor futuro,54.2,CANDIDATA_PROXIMO_PREGAO,Liquidez score 64.0 ≥ 50 com vencimento CURTO — candidata para próximo pregão.
BBDC4,BBDCK15,CALL,15.43,2026-11-19,176,LONGO,3.43,64.0,RECUPERACAO_APOS_QUEDA,"Call Longa, Trava de Alta, Call Debit Spread",54.2,MONITORAR_NO_RTD,Liquidez score 64.0 ≥ 30 — monitorar confirmação via RTD.
RADL3,RADLJ323,CALL,32.31,2026-10-16,142,LONGO,0.2,64.0,CONTINUACAO_BAIXA,"Trava de Baixa, Put Debit Spread",54.2,MONITORAR_NO_RTD,Liquidez score 64.0 ≥ 30 — monitorar confirmação via RTD.
VALE3,VALEF996,CALL,94.68,2026-06-19,23,CURTO,0.11,64.1,LATERALIDADE,Monitorar — Iron Condor futuro,54.2,CANDIDATA_PROXIMO_PREGAO,Liquidez score 64.1 ≥ 50 com vencimento CURTO — candidata para próximo pregão.
BBDC4,BBDCJ140,CALL,13.1,2026-10-16,142,LONGO,6.2,64.0,RECUPERACAO_APOS_QUEDA,"Call Longa, Trava de Alta, Call Debit Spread",54.2,MONITORAR_NO_RTD,Liquidez score 64.0 ≥ 30 — monitorar confirmação via RTD.
GGBR4,GGBRJ212,CALL,21.23,2026-10-16,142,LONGO,4.2,64.0,CONTINUACAO_ALTA,"Trava de Alta, Call Debit Spread",54.2,MONITORAR_NO_RTD,Liquidez score 64.0 ≥ 30 — monitorar confirmação via RTD.
PETR4,PETRG287,CALL,27.44,2026-07-17,51,MEDIO,18.3,47.3,CONTINUACAO_BAIXA,"Trava de Baixa, Put Debit Spread",54.2,MONITORAR_NO_RTD,Liquidez score 47.3 ≥ 30 — monitorar confirmação via RTD.
GGBR4,GGBRI15,CALL,15.53,2026-09-18,114,LONGO,8.17,64.0,CONTINUACAO_ALTA,"Trava de Alta, Call Debit Spread",54.2,MONITORAR_NO_RTD,Liquidez score 64.0 ≥ 30 — monitorar confirmação via RTD.
ITUB4,ITUBK362,CALL,32.6,2026-11-19,176,LONGO,12.2,64.0,RECUPERACAO_APOS_QUEDA,"Call Longa, Trava de Alta, Call Debit Spread",54.2,MONITORAR_NO_RTD,Liquidez score 64.0 ≥ 30 — monitorar confirmação via RTD.
BBDC4,BBDCJ152,CALL,15.23,2026-10-16,142,LONGO,2.8,64.0,RECUPERACAO_APOS_QUEDA,"Call Longa, Trava de Alta, Call Debit Spread",54.2,MONITORAR_NO_RTD,Liquidez score 64.0 ≥ 30 — monitorar confirmação via RTD.
ITUB4,ITUBK346,CALL,34.62,2026-11-19,176,LONGO,14.3,64.0,RECUPERACAO_APOS_QUEDA,"Call Longa, Trava de Alta, Call Debit Spread",54.2,MONITORAR_NO_RTD,Liquidez score 64.0 ≥ 30 — monitorar confirmação via RTD.
ABEV3,ABEVI118,CALL,11.84,2026-09-18,114,LONGO,3.8,64.0,CONTINUACAO_ALTA,"Trava de Alta, Call Debit Spread",54.2,MONITORAR_NO_RTD,Liquidez score 64.0 ≥ 30 — monitorar confirmação via RTD.
GGBR4,GGBRJ182,CALL,18.23,2026-10-16,142,LONGO,4.18,64.0,CONTINUACAO_ALTA,"Trava de Alta, Call Debit Spread",54.2,MONITORAR_NO_RTD,Liquidez score 64.0 ≥ 30 — monitorar confirmação via RTD.
PETR4,PETRR509W1,PUT,50.96,2026-06-05,9,CURTO,6.48,30.8,CONTINUACAO_BAIXA,"Trava de Baixa, Put Debit Spread",54.2,MONITORAR_NO_RTD,Liquidez score 30.8 ≥ 30 — monitorar confirmação via RTD.
PETR4,PETRJ184,CALL,15.42,2026-10-16,142,LONGO,33.97,64.0,CONTINUACAO_BAIXA,"Trava de Baixa, Put Debit Spread",54.2,MONITORAR_NO_RTD,Liquidez score 64.0 ≥ 30 — monitorar confirmação via RTD.
ITUB4,ITUBJ352,CALL,31.63,2026-10-16,142,LONGO,12.5,64.0,RECUPERACAO_APOS_QUEDA,"Call Longa, Trava de Alta, Call Debit Spread",54.2,MONITORAR_NO_RTD,Liquidez score 64.0 ≥ 30 — monitorar confirmação via RTD.
VALE3,VALER100W1,PUT,100.0,2026-06-05,9,CURTO,16.05,64.0,LATERALIDADE,Monitorar — Iron Condor futuro,54.2,CANDIDATA_PROXIMO_PREGAO,Liquidez score 64.0 ≥ 50 com vencimento CURTO — candidata para próximo pregão.
WEGE3,WEGEL39,CALL,39.21,2026-12-18,205,EXTRA_LONGO,9.23,64.0,RECUPERACAO_APOS_QUEDA,"Call Longa, Trava de Alta, Call Debit Spread",54.2,MONITORAR_NO_RTD,Liquidez score 64.0 ≥ 30 — monitorar confirmação via RTD.
VALE3,VALER108,PUT,108.68,2026-06-19,23,CURTO,23.0,64.0,LATERALIDADE,Monitorar — Iron Condor futuro,54.2,CANDIDATA_PROXIMO_PREGAO,Liquidez score 64.0 ≥ 50 com vencimento CURTO — candidata para próximo pregão.
WEGE3,WEGEJ329,CALL,32.96,2026-10-16,142,LONGO,16.3,64.0,RECUPERACAO_APOS_QUEDA,"Call Longa, Trava de Alta, Call Debit Spread",54.2,MONITORAR_NO_RTD,Liquidez score 64.0 ≥ 30 — monitorar confirmação via RTD.
VALE3,VALER116,PUT,116.68,2026-06-19,23,CURTO,34.95,64.0,LATERALIDADE,Monitorar — Iron Condor futuro,54.2,CANDIDATA_PROXIMO_PREGAO,Liquidez score 64.0 ≥ 50 com vencimento CURTO — candidata para próximo pregão.
ITUB4,ITUBJ328,CALL,32.85,2026-10-16,142,LONGO,9.0,64.0,RECUPERACAO_APOS_QUEDA,"Call Longa, Trava de Alta, Call Debit Spread",54.2,MONITORAR_NO_RTD,Liquidez score 64.0 ≥ 30 — monitorar confirmação via RTD.
ITUB4,ITUBJ305,CALL,30.56,2026-10-16,142,LONGO,15.69,64.0,RECUPERACAO_APOS_QUEDA,"Call Longa, Trava de Alta, Call Debit Spread",54.2,MONITORAR_NO_RTD,Liquidez score 64.0 ≥ 30 — monitorar confirmação via RTD.
BBAS3,BBASU935,PUT,93.18,2026-09-18,114,LONGO,68.48,64.0,RECUPERACAO_APOS_QUEDA,"Call Longa, Trava de Alta, Call Debit Spread",54.2,MONITORAR_NO_RTD,Liquidez score 64.0 ≥ 30 — monitorar confirmação via RTD.
PETR4,PETRU500,PUT,50.0,2026-09-18,114,LONGO,2.63,64.0,CONTINUACAO_BAIXA,"Trava de Baixa, Put Debit Spread",54.2,MONITORAR_NO_RTD,Liquidez score 64.0 ≥ 30 — monitorar confirmação via RTD.
ITUB4,ITUBK324,CALL,32.42,2026-11-19,176,LONGO,10.75,64.0,RECUPERACAO_APOS_QUEDA,"Call Longa, Trava de Alta, Call Debit Spread",54.2,MONITORAR_NO_RTD,Liquidez score 64.0 ≥ 30 — monitorar confirmação via RTD.
SUZB3,SUZBJ566,CALL,56.63,2026-10-16,142,LONGO,1.06,64.0,RECUPERACAO_APOS_QUEDA,"Call Longa, Trava de Alta, Call Debit Spread",54.2,MONITORAR_NO_RTD,Liquidez score 64.0 ≥ 30 — monitorar confirmação via RTD.
ITUB4,ITUBK192,CALL,18.89,2026-11-19,176,LONGO,27.93,64.0,RECUPERACAO_APOS_QUEDA,"Call Longa, Trava de Alta, Call Debit Spread",54.2,MONITORAR_NO_RTD,Liquidez score 64.0 ≥ 30 — monitorar confirmação via RTD.
BBDC4,BBDCS207,PUT,20.41,2026-07-17,51,MEDIO,2.43,47.2,RECUPERACAO_APOS_QUEDA,"Call Longa, Trava de Alta, Call Debit Spread",54.2,MONITORAR_NO_RTD,Liquidez score 47.2 ≥ 30 — monitorar confirmação via RTD.
B3SA3,B3SAA135,CALL,13.5,2027-01-15,233,EXTRA_LONGO,5.94,64.0,RECUPERACAO_APOS_QUEDA,"Call Longa, Trava de Alta, Call Debit Spread",54.2,MONITORAR_NO_RTD,Liquidez score 64.0 ≥ 30 — monitorar confirmação via RTD.
BPAC11,BPACF695,CALL,69.55,2026-06-19,23,CURTO,0.04,30.2,RECUPERACAO_APOS_QUEDA,"Call Longa, Trava de Alta, Call Debit Spread",54.1,MONITORAR_NO_RTD,Liquidez score 30.2 ≥ 30 — monitorar confirmação via RTD.
CPLE6,CPLEF162,CALL,16.03,2026-06-19,23,CURTO,0.07,30.4,CONTINUACAO_ALTA,"Trava de Alta, Call Debit Spread",54.1,MONITORAR_NO_RTD,Liquidez score 30.4 ≥ 30 — monitorar confirmação via RTD.
BBDC4,BBDCT184,PUT,18.14,2026-08-21,86,MEDIO,0.97,30.5,RECUPERACAO_APOS_QUEDA,"Call Longa, Trava de Alta, Call Debit Spread",54.1,MONITORAR_NO_RTD,Liquidez score 30.5 ≥ 30 — monitorar confirmação via RTD.
ITUB4,ITUBW471,PUT,43.28,2026-11-19,176,LONGO,3.7,46.9,RECUPERACAO_APOS_QUEDA,"Call Longa, Trava de Alta, Call Debit Spread",54.1,MONITORAR_NO_RTD,Liquidez score 46.9 ≥ 30 — monitorar confirmação via RTD.
HAPV3,HAPVG135,CALL,13.5,2026-07-17,51,MEDIO,0.6,47.0,CONTINUACAO_BAIXA,"Trava de Baixa, Put Debit Spread",54.1,MONITORAR_NO_RTD,Liquidez score 47.0 ≥ 30 — monitorar confirmação via RTD.
RADL3,RADLS196,PUT,19.62,2026-07-17,51,MEDIO,1.59,30.4,CONTINUACAO_BAIXA,"Trava de Baixa, Put Debit Spread",54.1,MONITORAR_NO_RTD,Liquidez score 30.4 ≥ 30 — monitorar confirmação via RTD.
ITUB4,ITUBR467,PUT,46.44,2026-06-19,23,CURTO,5.7,30.3,RECUPERACAO_APOS_QUEDA,"Call Longa, Trava de Alta, Call Debit Spread",54.1,MONITORAR_NO_RTD,Liquidez score 30.3 ≥ 30 — monitorar confirmação via RTD.
WEGE3,WEGEF606,CALL,60.53,2026-06-19,23,CURTO,0.31,30.4,RECUPERACAO_APOS_QUEDA,"Call Longa, Trava de Alta, Call Debit Spread",54.1,MONITORAR_NO_RTD,Liquidez score 30.4 ≥ 30 — monitorar confirmação via RTD.
PETR4,PETRF187,CALL,18.19,2026-06-19,23,CURTO,27.11,30.4,CONTINUACAO_BAIXA,"Trava de Baixa, Put Debit Spread",54.1,MONITORAR_NO_RTD,Liquidez score 30.4 ≥ 30 — monitorar confirmação via RTD.
BPAC11,BPACR635,PUT,63.55,2026-06-19,23,CURTO,8.97,30.3,RECUPERACAO_APOS_QUEDA,"Call Longa, Trava de Alta, Call Debit Spread",54.1,MONITORAR_NO_RTD,Liquidez score 30.3 ≥ 30 — monitorar confirmação via RTD.
BBAS3,BBASX211,PUT,19.93,2026-12-18,205,EXTRA_LONGO,1.19,47.1,RECUPERACAO_APOS_QUEDA,"Call Longa, Trava de Alta, Call Debit Spread",54.1,MONITORAR_NO_RTD,Liquidez score 47.1 ≥ 30 — monitorar confirmação via RTD.
WEGE3,WEGEG412,CALL,41.21,2026-07-17,51,MEDIO,3.09,30.3,RECUPERACAO_APOS_QUEDA,"Call Longa, Trava de Alta, Call Debit Spread",54.1,MONITORAR_NO_RTD,Liquidez score 30.3 ≥ 30 — monitorar confirmação via RTD.
PETR4,PETRS390,PUT,38.44,2026-07-17,51,MEDIO,0.39,47.0,CONTINUACAO_BAIXA,"Trava de Baixa, Put Debit Spread",54.1,MONITORAR_NO_RTD,Liquidez score 47.0 ≥ 30 — monitorar confirmação via RTD.
PETR4,PETRS401,PUT,38.19,2026-07-17,51,MEDIO,0.35,47.0,CONTINUACAO_BAIXA,"Trava de Baixa, Put Debit Spread",54.1,MONITORAR_NO_RTD,Liquidez score 47.0 ≥ 30 — monitorar confirmação via RTD.
WEGE3,WEGEG424,CALL,40.46,2026-07-17,51,MEDIO,3.71,30.2,RECUPERACAO_APOS_QUEDA,"Call Longa, Trava de Alta, Call Debit Spread",54.1,MONITORAR_NO_RTD,Liquidez score 30.2 ≥ 30 — monitorar confirmação via RTD.
PETR4,PETRS50,PUT,49.46,2026-07-17,51,MEDIO,2.45,47.0,CONTINUACAO_BAIXA,"Trava de Baixa, Put Debit Spread",54.1,MONITORAR_NO_RTD,Liquidez score 47.0 ≥ 30 — monitorar confirmação via RTD.
WEGE3,WEGEH400,CALL,39.96,2026-08-21,86,MEDIO,6.12,30.1,RECUPERACAO_APOS_QUEDA,"Call Longa, Trava de Alta, Call Debit Spread",54.0,MONITORAR_NO_RTD,Liquidez score 30.1 ≥ 30 — monitorar confirmação via RTD.
PETR4,PETRT402,PUT,39.69,2026-08-21,86,MEDIO,0.94,46.7,CONTINUACAO_BAIXA,"Trava de Baixa, Put Debit Spread",54.0,MONITORAR_NO_RTD,Liquidez score 46.7 ≥ 30 — monitorar confirmação via RTD.
ITUB4,ITUBF487,CALL,48.44,2026-06-19,23,CURTO,0.02,30.0,RECUPERACAO_APOS_QUEDA,"Call Longa, Trava de Alta, Call Debit Spread",54.0,MONITORAR_NO_RTD,Liquidez score 30.0 ≥ 30 — monitorar confirmação via RTD.
PETR4,PETRO600,PUT,59.46,2028-03-17,660,EXTRA_LONGO,6.99,80.0,CONTINUACAO_BAIXA,"Trava de Baixa, Put Debit Spread",54.0,MONITORAR_NO_RTD,Liquidez score 80.0 ≥ 30 — monitorar confirmação via RTD.
BBAS3,BBASG163,CALL,16.01,2026-07-17,51,MEDIO,5.11,46.6,RECUPERACAO_APOS_QUEDA,"Call Longa, Trava de Alta, Call Debit Spread",54.0,MONITORAR_NO_RTD,Liquidez score 46.6 ≥ 30 — monitorar confirmação via RTD.
BBAS3,BBASR292W1,PUT,29.26,2026-06-05,9,CURTO,8.15,30.1,RECUPERACAO_APOS_QUEDA,"Call Longa, Trava de Alta, Call Debit Spread",54.0,MONITORAR_NO_RTD,Liquidez score 30.1 ≥ 30 — monitorar confirmação via RTD.
WEGE3,WEGEK506,CALL,50.53,2026-11-19,176,LONGO,2.5,63.2,RECUPERACAO_APOS_QUEDA,"Call Longa, Trava de Alta, Call Debit Spread",54.0,MONITORAR_NO_RTD,Liquidez score 63.2 ≥ 30 — monitorar confirmação via RTD.
VALE3,VALEI886,CALL,88.65,2026-09-18,114,LONGO,4.31,63.5,LATERALIDADE,Monitorar — Iron Condor futuro,54.0,MONITORAR_NO_RTD,Liquidez score 63.5 ≥ 30 — monitorar confirmação via RTD.
PRIO3,PRIOR780,PUT,78.0,2026-06-19,23,CURTO,9.6,63.5,LATERALIDADE,Monitorar — Iron Condor futuro,54.0,CANDIDATA_PROXIMO_PREGAO,Liquidez score 63.5 ≥ 50 com vencimento CURTO — candidata para próximo pregão.
ITUB4,ITUBR441W4,PUT,44.15,2026-06-26,30,CURTO,4.27,30.1,RECUPERACAO_APOS_QUEDA,"Call Longa, Trava de Alta, Call Debit Spread",54.0,MONITORAR_NO_RTD,Liquidez score 30.1 ≥ 30 — monitorar confirmação via RTD.
PETR4,PETRC300,CALL,27.21,2027-03-19,296,EXTRA_LONGO,20.0,80.0,CONTINUACAO_BAIXA,"Trava de Baixa, Put Debit Spread",54.0,MONITORAR_NO_RTD,Liquidez score 80.0 ≥ 30 — monitorar confirmação via RTD.
CMIG4,CMIGF554,CALL,3.74,2026-06-19,23,CURTO,7.62,30.1,RECUPERACAO_APOS_QUEDA,"Call Longa, Trava de Alta, Call Debit Spread",54.0,MONITORAR_NO_RTD,Liquidez score 30.1 ≥ 30 — monitorar confirmação via RTD.
ITUB4,ITUBL210,CALL,21.08,2026-12-18,205,EXTRA_LONGO,19.03,80.0,RECUPERACAO_APOS_QUEDA,"Call Longa, Trava de Alta, Call Debit Spread",54.0,MONITORAR_NO_RTD,Liquidez score 80.0 ≥ 30 — monitorar confirmação via RTD.
RADL3,RADLR223,PUT,22.33,2026-06-19,23,CURTO,3.0,30.1,CONTINUACAO_BAIXA,"Trava de Baixa, Put Debit Spread",54.0,MONITORAR_NO_RTD,Liquidez score 30.1 ≥ 30 — monitorar confirmação via RTD.
PETR4,PETRH499,CALL,49.44,2026-08-21,86,MEDIO,4.68,46.4,CONTINUACAO_BAIXA,"Trava de Baixa, Put Debit Spread",53.9,MONITORAR_NO_RTD,Liquidez score 46.4 ≥ 30 — monitorar confirmação via RTD.
VALE3,VALEH538,CALL,50.46,2026-08-21,86,MEDIO,32.92,79.7,LATERALIDADE,Monitorar — Iron Condor futuro,53.9,MONITORAR_NO_RTD,Liquidez score 79.7 ≥ 30 — monitorar confirmação via RTD.
HAPV3,HAPVS185,PUT,18.5,2026-07-17,51,MEDIO,5.51,46.4,CONTINUACAO_BAIXA,"Trava de Baixa, Put Debit Spread",53.9,MONITORAR_NO_RTD,Liquidez score 46.4 ≥ 30 — monitorar confirmação via RTD.
BBAS3,BBASG24,CALL,23.76,2026-07-17,51,MEDIO,0.16,46.2,RECUPERACAO_APOS_QUEDA,"Call Longa, Trava de Alta, Call Debit Spread",53.9,MONITORAR_NO_RTD,Liquidez score 46.2 ≥ 30 — monitorar confirmação via RTD.
HAPV3,HAPVG940,CALL,9.4,2026-07-17,51,MEDIO,2.76,46.3,CONTINUACAO_BAIXA,"Trava de Baixa, Put Debit Spread",53.9,MONITORAR_NO_RTD,Liquidez score 46.3 ≥ 30 — monitorar confirmação via RTD.
PETR4,PETRH292,CALL,28.69,2026-08-21,86,MEDIO,17.45,46.4,CONTINUACAO_BAIXA,"Trava de Baixa, Put Debit Spread",53.9,MONITORAR_NO_RTD,Liquidez score 46.4 ≥ 30 — monitorar confirmação via RTD.
VALE3,VALER946,PUT,89.68,2026-06-19,23,CURTO,7.21,46.4,LATERALIDADE,Monitorar — Iron Condor futuro,53.9,MONITORAR_NO_RTD,Liquidez score 46.4 ≥ 30 — monitorar confirmação via RTD.
VALE3,VALEF981,CALL,93.18,2026-06-19,23,CURTO,0.18,63.0,LATERALIDADE,Monitorar — Iron Condor futuro,53.9,CANDIDATA_PROXIMO_PREGAO,Liquidez score 63.0 ≥ 50 com vencimento CURTO — candidata para próximo pregão.
BBDC4,BBDCH136,CALL,13.39,2026-08-21,86,MEDIO,4.45,46.1,RECUPERACAO_APOS_QUEDA,"Call Longa, Trava de Alta, Call Debit Spread",53.8,MONITORAR_NO_RTD,Liquidez score 46.1 ≥ 30 — monitorar confirmação via RTD.
WEGE3,WEGEW456,PUT,45.61,2026-11-19,176,LONGO,2.4,46.1,RECUPERACAO_APOS_QUEDA,"Call Longa, Trava de Alta, Call Debit Spread",53.8,MONITORAR_NO_RTD,Liquidez score 46.1 ≥ 30 — monitorar confirmação via RTD.
VALE3,VALEF976,CALL,92.68,2026-06-19,23,CURTO,0.2,62.5,LATERALIDADE,Monitorar — Iron Condor futuro,53.8,CANDIDATA_PROXIMO_PREGAO,Liquidez score 62.5 ≥ 50 com vencimento CURTO — candidata para próximo pregão.
PRIO3,PRIOR615W4,PUT,61.5,2026-06-26,30,CURTO,0.22,62.2,LATERALIDADE,Monitorar — Iron Condor futuro,53.7,CANDIDATA_PROXIMO_PREGAO,Liquidez score 62.2 ≥ 50 com vencimento CURTO — candidata para próximo pregão.
HAPV3,HAPVG140,CALL,14.0,2026-07-17,51,MEDIO,0.56,45.8,CONTINUACAO_BAIXA,"Trava de Baixa, Put Debit Spread",53.7,MONITORAR_NO_RTD,Liquidez score 45.8 ≥ 30 — monitorar confirmação via RTD.
PETR4,PETRH334,CALL,32.94,2026-08-21,86,MEDIO,14.15,45.6,CONTINUACAO_BAIXA,"Trava de Baixa, Put Debit Spread",53.7,MONITORAR_NO_RTD,Liquidez score 45.6 ≥ 30 — monitorar confirmação via RTD.
PETR4,PETRS696,PUT,69.69,2026-07-17,51,MEDIO,23.93,45.5,CONTINUACAO_BAIXA,"Trava de Baixa, Put Debit Spread",53.6,MONITORAR_NO_RTD,Liquidez score 45.5 ≥ 30 — monitorar confirmação via RTD.
BBAS3,BBAST415,PUT,41.52,2026-08-21,86,MEDIO,18.43,45.2,RECUPERACAO_APOS_QUEDA,"Call Longa, Trava de Alta, Call Debit Spread",53.6,MONITORAR_NO_RTD,Liquidez score 45.2 ≥ 30 — monitorar confirmação via RTD.
ITUB4,ITUBG329,CALL,29.57,2026-07-17,51,MEDIO,10.32,45.5,RECUPERACAO_APOS_QUEDA,"Call Longa, Trava de Alta, Call Debit Spread",53.6,MONITORAR_NO_RTD,Liquidez score 45.5 ≥ 30 — monitorar confirmação via RTD.
VALE3,VALEE610W5,CALL,61.0,2026-05-29,2,CURTO,21.71,62.1,LATERALIDADE,Monitorar — Iron Condor futuro,53.6,CANDIDATA_PROXIMO_PREGAO,Liquidez score 62.1 ≥ 50 com vencimento CURTO — candidata para próximo pregão.
BBAS3,BBASA211,CALL,19.93,2027-01-15,233,EXTRA_LONGO,3.7,62.0,RECUPERACAO_APOS_QUEDA,"Call Longa, Trava de Alta, Call Debit Spread",53.6,MONITORAR_NO_RTD,Liquidez score 62.0 ≥ 30 — monitorar confirmação via RTD.
RENT3,RENTG550,CALL,55.07,2026-07-17,51,MEDIO,0.45,45.5,RECUPERACAO_APOS_QUEDA,"Call Longa, Trava de Alta, Call Debit Spread",53.6,MONITORAR_NO_RTD,Liquidez score 45.5 ≥ 30 — monitorar confirmação via RTD.
ITUB4,ITUBI348,CALL,34.82,2026-09-18,114,LONGO,8.1,61.8,RECUPERACAO_APOS_QUEDA,"Call Longa, Trava de Alta, Call Debit Spread",53.5,MONITORAR_NO_RTD,Liquidez score 61.8 ≥ 30 — monitorar confirmação via RTD.
WEGE3,WEGEG375,CALL,37.46,2026-07-17,51,MEDIO,13.68,45.0,RECUPERACAO_APOS_QUEDA,"Call Longa, Trava de Alta, Call Debit Spread",53.5,MONITORAR_NO_RTD,Liquidez score 45.0 ≥ 30 — monitorar confirmação via RTD.
PETR4,PETRC492,CALL,48.71,2027-03-19,296,EXTRA_LONGO,6.5,45.1,CONTINUACAO_BAIXA,"Trava de Baixa, Put Debit Spread",53.5,MONITORAR_NO_RTD,Liquidez score 45.1 ≥ 30 — monitorar confirmação via RTD.
BBAS3,BBASG173,CALL,17.01,2026-07-17,51,MEDIO,4.23,44.9,RECUPERACAO_APOS_QUEDA,"Call Longa, Trava de Alta, Call Debit Spread",53.5,MONITORAR_NO_RTD,Liquidez score 44.9 ≥ 30 — monitorar confirmação via RTD.
BBAS3,BBASG168,CALL,16.51,2026-07-17,51,MEDIO,4.71,45.0,RECUPERACAO_APOS_QUEDA,"Call Longa, Trava de Alta, Call Debit Spread",53.5,MONITORAR_NO_RTD,Liquidez score 45.0 ≥ 30 — monitorar confirmação via RTD.
VALE3,VALEJ890,CALL,88.9,2026-10-16,142,LONGO,4.71,61.8,LATERALIDADE,Monitorar — Iron Condor futuro,53.5,MONITORAR_NO_RTD,Liquidez score 61.8 ≥ 30 — monitorar confirmação via RTD.
VALE3,VALEK92,CALL,88.65,2027-11-19,541,EXTRA_LONGO,12.47,78.4,LATERALIDADE,Monitorar — Iron Condor futuro,53.5,MONITORAR_NO_RTD,Liquidez score 78.4 ≥ 30 — monitorar confirmação via RTD.
BBDC4,BBDCG139,CALL,13.66,2026-07-17,51,MEDIO,4.3,44.9,RECUPERACAO_APOS_QUEDA,"Call Longa, Trava de Alta, Call Debit Spread",53.5,MONITORAR_NO_RTD,Liquidez score 44.9 ≥ 30 — monitorar confirmação via RTD.
HAPV3,HAPVG152,CALL,15.25,2026-07-17,51,MEDIO,0.32,45.0,CONTINUACAO_BAIXA,"Trava de Baixa, Put Debit Spread",53.5,MONITORAR_NO_RTD,Liquidez score 45.0 ≥ 30 — monitorar confirmação via RTD.
BBAS3,BBASS238,PUT,23.51,2026-07-17,51,MEDIO,2.35,44.9,RECUPERACAO_APOS_QUEDA,"Call Longa, Trava de Alta, Call Debit Spread",53.5,MONITORAR_NO_RTD,Liquidez score 44.9 ≥ 30 — monitorar confirmação via RTD.
VALE3,VALEV804,PUT,80.4,2026-10-16,142,LONGO,3.88,61.3,LATERALIDADE,Monitorar — Iron Condor futuro,53.4,MONITORAR_NO_RTD,Liquidez score 61.3 ≥ 30 — monitorar confirmação via RTD.
VALE3,VALER741,PUT,74.18,2026-06-19,23,CURTO,0.21,61.3,LATERALIDADE,Monitorar — Iron Condor futuro,53.4,CANDIDATA_PROXIMO_PREGAO,Liquidez score 61.3 ≥ 50 com vencimento CURTO — candidata para próximo pregão.
SUZB3,SUZBG601,CALL,60.13,2026-07-17,51,MEDIO,0.07,44.2,RECUPERACAO_APOS_QUEDA,"Call Longa, Trava de Alta, Call Debit Spread",53.3,MONITORAR_NO_RTD,Liquidez score 44.2 ≥ 30 — monitorar confirmação via RTD.
PETR4,PETRG205,CALL,19.73,2026-07-17,51,MEDIO,28.8,44.4,CONTINUACAO_BAIXA,"Trava de Baixa, Put Debit Spread",53.3,MONITORAR_NO_RTD,Liquidez score 44.4 ≥ 30 — monitorar confirmação via RTD.
ABEV3,ABEVG194,CALL,19.42,2026-07-17,51,MEDIO,0.05,44.4,CONTINUACAO_ALTA,"Trava de Alta, Call Debit Spread",53.3,MONITORAR_NO_RTD,Liquidez score 44.4 ≥ 30 — monitorar confirmação via RTD.
PETR4,PETRL56,CALL,38.68,2026-12-18,205,EXTRA_LONGO,10.2,77.6,CONTINUACAO_BAIXA,"Trava de Baixa, Put Debit Spread",53.3,MONITORAR_NO_RTD,Liquidez score 77.6 ≥ 30 — monitorar confirmação via RTD.
PRIO3,PRIOS760,PUT,76.0,2026-07-17,51,MEDIO,8.23,61.0,LATERALIDADE,Monitorar — Iron Condor futuro,53.3,MONITORAR_NO_RTD,Liquidez score 61.0 ≥ 30 — monitorar confirmação via RTD.
BBAS3,BBASK260,CALL,24.27,2026-11-19,176,LONGO,1.35,60.7,RECUPERACAO_APOS_QUEDA,"Call Longa, Trava de Alta, Call Debit Spread",53.2,MONITORAR_NO_RTD,Liquidez score 60.7 ≥ 30 — monitorar confirmação via RTD.
PRIO3,PRIOF580,CALL,58.0,2026-06-19,23,CURTO,10.64,60.8,LATERALIDADE,Monitorar — Iron Condor futuro,53.2,CANDIDATA_PROXIMO_PREGAO,Liquidez score 60.8 ≥ 50 com vencimento CURTO — candidata para próximo pregão.
BBAS3,BBASG152,CALL,15.26,2026-07-17,51,MEDIO,5.7,44.0,RECUPERACAO_APOS_QUEDA,"Call Longa, Trava de Alta, Call Debit Spread",53.2,MONITORAR_NO_RTD,Liquidez score 44.0 ≥ 30 — monitorar confirmação via RTD.
PETR4,PETRI418,CALL,41.98,2026-09-18,114,LONGO,10.04,44.0,CONTINUACAO_BAIXA,"Trava de Baixa, Put Debit Spread",53.2,MONITORAR_NO_RTD,Liquidez score 44.0 ≥ 30 — monitorar confirmação via RTD.
BBDC4,BBDCS162,PUT,15.91,2026-07-17,51,MEDIO,0.13,43.9,RECUPERACAO_APOS_QUEDA,"Call Longa, Trava de Alta, Call Debit Spread",53.2,MONITORAR_NO_RTD,Liquidez score 43.9 ≥ 30 — monitorar confirmação via RTD.
PETR4,PETRI322,CALL,31.69,2026-09-18,114,LONGO,17.01,60.7,CONTINUACAO_BAIXA,"Trava de Baixa, Put Debit Spread",53.2,MONITORAR_NO_RTD,Liquidez score 60.7 ≥ 30 — monitorar confirmação via RTD.
PETR4,PETRJ3,CALL,34.38,2026-10-16,142,LONGO,13.46,60.5,CONTINUACAO_BAIXA,"Trava de Baixa, Put Debit Spread",53.1,MONITORAR_NO_RTD,Liquidez score 60.5 ≥ 30 — monitorar confirmação via RTD.
BBDC4,BBDCG199,CALL,19.66,2026-07-17,51,MEDIO,0.19,43.8,RECUPERACAO_APOS_QUEDA,"Call Longa, Trava de Alta, Call Debit Spread",53.1,MONITORAR_NO_RTD,Liquidez score 43.8 ≥ 30 — monitorar confirmação via RTD.
VALE3,VALEF740,CALL,70.68,2026-06-19,23,CURTO,12.2,60.2,LATERALIDADE,Monitorar — Iron Condor futuro,53.1,CANDIDATA_PROXIMO_PREGAO,Liquidez score 60.2 ≥ 50 com vencimento CURTO — candidata para próximo pregão.
CMIG4,CMIGH100,CALL,8.04,2026-08-21,86,MEDIO,3.54,43.8,RECUPERACAO_APOS_QUEDA,"Call Longa, Trava de Alta, Call Debit Spread",53.1,MONITORAR_NO_RTD,Liquidez score 43.8 ≥ 30 — monitorar confirmação via RTD.
PRIO3,PRIOR740,PUT,74.0,2026-06-19,23,CURTO,6.28,43.7,LATERALIDADE,Monitorar — Iron Condor futuro,53.1,MONITORAR_NO_RTD,Liquidez score 43.7 ≥ 30 — monitorar confirmação via RTD.
WEGE3,WEGEL49,CALL,49.71,2026-12-18,205,EXTRA_LONGO,7.37,77.1,RECUPERACAO_APOS_QUEDA,"Call Longa, Trava de Alta, Call Debit Spread",53.1,MONITORAR_NO_RTD,Liquidez score 77.1 ≥ 30 — monitorar confirmação via RTD.
BBAS3,BBASW115,PUT,11.52,2026-11-19,176,LONGO,0.05,60.2,RECUPERACAO_APOS_QUEDA,"Call Longa, Trava de Alta, Call Debit Spread",53.1,MONITORAR_NO_RTD,Liquidez score 60.2 ≥ 30 — monitorar confirmação via RTD.
BBAS3,BBASG238,CALL,23.51,2026-07-17,51,MEDIO,0.19,43.8,RECUPERACAO_APOS_QUEDA,"Call Longa, Trava de Alta, Call Debit Spread",53.1,MONITORAR_NO_RTD,Liquidez score 43.8 ≥ 30 — monitorar confirmação via RTD.
BBAS3,BBASS188,PUT,18.51,2026-07-17,51,MEDIO,0.13,43.4,RECUPERACAO_APOS_QUEDA,"Call Longa, Trava de Alta, Call Debit Spread",53.0,MONITORAR_NO_RTD,Liquidez score 43.4 ≥ 30 — monitorar confirmação via RTD.
RENT3,RENTL453,CALL,44.87,2026-12-18,205,EXTRA_LONGO,8.13,43.3,RECUPERACAO_APOS_QUEDA,"Call Longa, Trava de Alta, Call Debit Spread",53.0,MONITORAR_NO_RTD,Liquidez score 43.3 ≥ 30 — monitorar confirmação via RTD.
BBDC4,BBDCG208,CALL,20.16,2026-07-17,51,MEDIO,0.12,43.3,RECUPERACAO_APOS_QUEDA,"Call Longa, Trava de Alta, Call Debit Spread",53.0,MONITORAR_NO_RTD,Liquidez score 43.3 ≥ 30 — monitorar confirmação via RTD.
BBAS3,BBASS19,PUT,18.76,2026-07-17,51,MEDIO,0.13,43.3,RECUPERACAO_APOS_QUEDA,"Call Longa, Trava de Alta, Call Debit Spread",53.0,MONITORAR_NO_RTD,Liquidez score 43.3 ≥ 30 — monitorar confirmação via RTD.
BBAS3,BBASW265,PUT,26.52,2026-11-19,176,LONGO,5.14,60.1,RECUPERACAO_APOS_QUEDA,"Call Longa, Trava de Alta, Call Debit Spread",53.0,MONITORAR_NO_RTD,Liquidez score 60.1 ≥ 30 — monitorar confirmação via RTD.
BBAS3,BBASW375,PUT,35.77,2026-11-19,176,LONGO,12.56,60.1,RECUPERACAO_APOS_QUEDA,"Call Longa, Trava de Alta, Call Debit Spread",53.0,MONITORAR_NO_RTD,Liquidez score 60.1 ≥ 30 — monitorar confirmação via RTD.
PETR4,PETRU464,PUT,45.94,2026-09-18,114,LONGO,2.66,43.3,CONTINUACAO_BAIXA,"Trava de Baixa, Put Debit Spread",53.0,MONITORAR_NO_RTD,Liquidez score 43.3 ≥ 30 — monitorar confirmação via RTD.
VALE3,VALEF731,CALL,73.18,2026-06-19,23,CURTO,10.11,60.0,LATERALIDADE,Monitorar — Iron Condor futuro,53.0,CANDIDATA_PROXIMO_PREGAO,Liquidez score 60.0 ≥ 50 com vencimento CURTO — candidata para próximo pregão.
PETR4,PETRE351,CALL,33.71,2027-05-21,359,EXTRA_LONGO,19.51,76.8,CONTINUACAO_BAIXA,"Trava de Baixa, Put Debit Spread",53.0,MONITORAR_NO_RTD,Liquidez score 76.8 ≥ 30 — monitorar confirmação via RTD.
CMIG4,CMIGL115,CALL,11.54,2026-12-18,205,EXTRA_LONGO,1.28,43.0,RECUPERACAO_APOS_QUEDA,"Call Longa, Trava de Alta, Call Debit Spread",52.9,MONITORAR_NO_RTD,Liquidez score 43.0 ≥ 30 — monitorar confirmação via RTD.
PETR4,PETRG339,CALL,33.96,2026-07-17,51,MEDIO,16.64,42.9,CONTINUACAO_BAIXA,"Trava de Baixa, Put Debit Spread",52.9,MONITORAR_NO_RTD,Liquidez score 42.9 ≥ 30 — monitorar confirmação via RTD.
BBAS3,BBASV190,PUT,18.77,2026-10-16,142,LONGO,0.6,59.8,RECUPERACAO_APOS_QUEDA,"Call Longa, Trava de Alta, Call Debit Spread",52.9,MONITORAR_NO_RTD,Liquidez score 59.8 ≥ 30 — monitorar confirmação via RTD.
PRIO3,PRIOF600,CALL,60.0,2026-06-19,23,CURTO,9.31,59.8,LATERALIDADE,Monitorar — Iron Condor futuro,52.9,CANDIDATA_PROXIMO_PREGAO,Liquidez score 59.8 ≥ 50 com vencimento CURTO — candidata para próximo pregão.
VALE3,VALEG566,CALL,56.65,2026-07-17,51,MEDIO,26.54,76.0,LATERALIDADE,Monitorar — Iron Condor futuro,52.8,MONITORAR_NO_RTD,Liquidez score 76.0 ≥ 30 — monitorar confirmação via RTD.
BBDC4,BBDCG3,CALL,19.91,2026-07-17,51,MEDIO,0.15,42.8,RECUPERACAO_APOS_QUEDA,"Call Longa, Trava de Alta, Call Debit Spread",52.8,MONITORAR_NO_RTD,Liquidez score 42.8 ≥ 30 — monitorar confirmação via RTD.
PETR4,PETRH320,CALL,30.69,2026-08-21,86,MEDIO,16.12,42.5,CONTINUACAO_BAIXA,"Trava de Baixa, Put Debit Spread",52.8,MONITORAR_NO_RTD,Liquidez score 42.5 ≥ 30 — monitorar confirmação via RTD.
BBAS3,BBASX139,PUT,138.93,2026-12-18,205,EXTRA_LONGO,108.0,76.0,RECUPERACAO_APOS_QUEDA,"Call Longa, Trava de Alta, Call Debit Spread",52.8,MONITORAR_NO_RTD,Liquidez score 76.0 ≥ 30 — monitorar confirmação via RTD.
VALE3,VALEQ960W5,PUT,96.0,2026-05-29,2,CURTO,13.54,59.3,LATERALIDADE,Monitorar — Iron Condor futuro,52.8,CANDIDATA_PROXIMO_PREGAO,Liquidez score 59.3 ≥ 50 com vencimento CURTO — candidata para próximo pregão.
RENT3,RENTE53,CALL,52.57,2027-05-21,359,EXTRA_LONGO,8.23,76.0,RECUPERACAO_APOS_QUEDA,"Call Longa, Trava de Alta, Call Debit Spread",52.8,MONITORAR_NO_RTD,Liquidez score 76.0 ≥ 30 — monitorar confirmação via RTD.
RENT3,RENTX97,PUT,36.35,2026-12-18,205,EXTRA_LONGO,1.11,76.0,RECUPERACAO_APOS_QUEDA,"Call Longa, Trava de Alta, Call Debit Spread",52.8,MONITORAR_NO_RTD,Liquidez score 76.0 ≥ 30 — monitorar confirmação via RTD.
PRIO3,PRIOS103,PUT,103.0,2026-07-17,51,MEDIO,33.4,76.0,LATERALIDADE,Monitorar — Iron Condor futuro,52.8,MONITORAR_NO_RTD,Liquidez score 76.0 ≥ 30 — monitorar confirmação via RTD.
BBDC4,BBDCT199,PUT,19.75,2026-08-21,86,MEDIO,1.54,42.6,RECUPERACAO_APOS_QUEDA,"Call Longa, Trava de Alta, Call Debit Spread",52.8,MONITORAR_NO_RTD,Liquidez score 42.6 ≥ 30 — monitorar confirmação via RTD.
PETR4,PETRH327,CALL,32.19,2026-08-21,86,MEDIO,13.09,42.7,CONTINUACAO_BAIXA,"Trava de Baixa, Put Debit Spread",52.8,MONITORAR_NO_RTD,Liquidez score 42.7 ≥ 30 — monitorar confirmação via RTD.
BBAS3,BBASH29,CALL,28.77,2026-08-21,86,MEDIO,0.07,42.8,RECUPERACAO_APOS_QUEDA,"Call Longa, Trava de Alta, Call Debit Spread",52.8,MONITORAR_NO_RTD,Liquidez score 42.8 ≥ 30 — monitorar confirmação via RTD.
BBAS3,BBASS185,PUT,18.26,2026-07-17,51,MEDIO,0.1,42.6,RECUPERACAO_APOS_QUEDA,"Call Longa, Trava de Alta, Call Debit Spread",52.8,MONITORAR_NO_RTD,Liquidez score 42.6 ≥ 30 — monitorar confirmação via RTD.
RENT3,RENTX99,PUT,38.35,2026-12-18,205,EXTRA_LONGO,1.51,76.0,RECUPERACAO_APOS_QUEDA,"Call Longa, Trava de Alta, Call Debit Spread",52.8,MONITORAR_NO_RTD,Liquidez score 76.0 ≥ 30 — monitorar confirmação via RTD.
SUZB3,SUZBG488,CALL,48.88,2026-07-17,51,MEDIO,0.17,42.3,RECUPERACAO_APOS_QUEDA,"Call Longa, Trava de Alta, Call Debit Spread",52.7,MONITORAR_NO_RTD,Liquidez score 42.3 ≥ 30 — monitorar confirmação via RTD.
BBAS3,BBASG297,CALL,29.76,2026-07-17,51,MEDIO,0.19,42.3,RECUPERACAO_APOS_QUEDA,"Call Longa, Trava de Alta, Call Debit Spread",52.7,MONITORAR_NO_RTD,Liquidez score 42.3 ≥ 30 — monitorar confirmação via RTD.
PETR4,PETRI302,CALL,29.69,2026-09-18,114,LONGO,16.25,59.1,CONTINUACAO_BAIXA,"Trava de Baixa, Put Debit Spread",52.7,MONITORAR_NO_RTD,Liquidez score 59.1 ≥ 30 — monitorar confirmação via RTD.
RENT3,RENTG595,CALL,59.57,2026-07-17,51,MEDIO,0.11,42.4,RECUPERACAO_APOS_QUEDA,"Call Longa, Trava de Alta, Call Debit Spread",52.7,MONITORAR_NO_RTD,Liquidez score 42.4 ≥ 30 — monitorar confirmação via RTD.
VALE3,VALEF490,CALL,45.68,2026-06-19,23,CURTO,38.12,58.9,LATERALIDADE,Monitorar — Iron Condor futuro,52.7,CANDIDATA_PROXIMO_PREGAO,Liquidez score 58.9 ≥ 50 com vencimento CURTO — candidata para próximo pregão.
BBAS3,BBAST362,PUT,36.27,2026-08-21,86,MEDIO,13.9,42.4,RECUPERACAO_APOS_QUEDA,"Call Longa, Trava de Alta, Call Debit Spread",52.7,MONITORAR_NO_RTD,Liquidez score 42.4 ≥ 30 — monitorar confirmação via RTD.
PETR4,PETRB3,CALL,39.46,2028-02-18,632,EXTRA_LONGO,15.7,75.7,CONTINUACAO_BAIXA,"Trava de Baixa, Put Debit Spread",52.7,MONITORAR_NO_RTD,Liquidez score 75.7 ≥ 30 — monitorar confirmação via RTD.
BPAC11,BPACH951,CALL,43.07,2026-08-21,86,MEDIO,20.5,42.2,RECUPERACAO_APOS_QUEDA,"Call Longa, Trava de Alta, Call Debit Spread",52.7,MONITORAR_NO_RTD,Liquidez score 42.2 ≥ 30 — monitorar confirmação via RTD.
BBDC4,BBDCH156,CALL,15.39,2026-08-21,86,MEDIO,2.95,42.2,RECUPERACAO_APOS_QUEDA,"Call Longa, Trava de Alta, Call Debit Spread",52.7,MONITORAR_NO_RTD,Liquidez score 42.2 ≥ 30 — monitorar confirmação via RTD.
PETR4,PETRG357,CALL,34.44,2026-07-17,51,MEDIO,10.76,42.4,CONTINUACAO_BAIXA,"Trava de Baixa, Put Debit Spread",52.7,MONITORAR_NO_RTD,Liquidez score 42.4 ≥ 30 — monitorar confirmação via RTD.
PETR4,PETRG510,CALL,50.46,2026-07-17,51,MEDIO,2.89,42.3,CONTINUACAO_BAIXA,"Trava de Baixa, Put Debit Spread",52.7,MONITORAR_NO_RTD,Liquidez score 42.3 ≥ 30 — monitorar confirmação via RTD.
TAEE11,TAEEG470,CALL,45.64,2026-07-17,51,MEDIO,0.07,42.2,RECUPERACAO_APOS_QUEDA,"Call Longa, Trava de Alta, Call Debit Spread",52.7,MONITORAR_NO_RTD,Liquidez score 42.2 ≥ 30 — monitorar confirmação via RTD.
B3SA3,B3SAI257,CALL,25.64,2026-09-18,114,LONGO,0.5,42.4,RECUPERACAO_APOS_QUEDA,"Call Longa, Trava de Alta, Call Debit Spread",52.7,MONITORAR_NO_RTD,Liquidez score 42.4 ≥ 30 — monitorar confirmação via RTD.
ABEV3,ABEVJ136,CALL,13.09,2026-10-16,142,LONGO,2.87,59.1,CONTINUACAO_ALTA,"Trava de Alta, Call Debit Spread",52.7,MONITORAR_NO_RTD,Liquidez score 59.1 ≥ 30 — monitorar confirmação via RTD.
VALE3,VALEQ930W5,PUT,93.0,2026-05-29,2,CURTO,9.42,59.0,LATERALIDADE,Monitorar — Iron Condor futuro,52.7,CANDIDATA_PROXIMO_PREGAO,Liquidez score 59.0 ≥ 50 com vencimento CURTO — candidata para próximo pregão.
VALE3,VALEJ704,CALL,70.4,2026-10-16,142,LONGO,20.62,92.0,LATERALIDADE,Monitorar — Iron Condor futuro,52.6,MONITORAR_NO_RTD,Liquidez score 92.0 ≥ 30 — monitorar confirmação via RTD.
BBDC4,BBDCF5,CALL,22.33,2027-06-18,387,EXTRA_LONGO,1.55,75.3,RECUPERACAO_APOS_QUEDA,"Call Longa, Trava de Alta, Call Debit Spread",52.6,MONITORAR_NO_RTD,Liquidez score 75.3 ≥ 30 — monitorar confirmação via RTD.
PETR4,PETRV347,PUT,33.42,2026-10-16,142,LONGO,0.75,58.6,CONTINUACAO_BAIXA,"Trava de Baixa, Put Debit Spread",52.6,MONITORAR_NO_RTD,Liquidez score 58.6 ≥ 30 — monitorar confirmação via RTD.
HAPV3,HAPVG145,CALL,14.5,2026-07-17,51,MEDIO,0.36,42.1,CONTINUACAO_BAIXA,"Trava de Baixa, Put Debit Spread",52.6,MONITORAR_NO_RTD,Liquidez score 42.1 ≥ 30 — monitorar confirmação via RTD.
BBAS3,BBASH347,CALL,34.77,2026-08-21,86,MEDIO,0.04,42.1,RECUPERACAO_APOS_QUEDA,"Call Longa, Trava de Alta, Call Debit Spread",52.6,MONITORAR_NO_RTD,Liquidez score 42.1 ≥ 30 — monitorar confirmação via RTD.
PETR4,PETRG571,CALL,57.19,2026-07-17,51,MEDIO,0.22,41.9,CONTINUACAO_BAIXA,"Trava de Baixa, Put Debit Spread",52.6,MONITORAR_NO_RTD,Liquidez score 41.9 ≥ 30 — monitorar confirmação via RTD.
B3SA3,B3SAJ14,CALL,13.44,2026-10-16,142,LONGO,3.96,42.1,RECUPERACAO_APOS_QUEDA,"Call Longa, Trava de Alta, Call Debit Spread",52.6,MONITORAR_NO_RTD,Liquidez score 42.1 ≥ 30 — monitorar confirmação via RTD.
B3SA3,B3SAI252,CALL,25.14,2026-09-18,114,LONGO,0.56,42.0,RECUPERACAO_APOS_QUEDA,"Call Longa, Trava de Alta, Call Debit Spread",52.6,MONITORAR_NO_RTD,Liquidez score 42.0 ≥ 30 — monitorar confirmação via RTD.
BBAS3,BBASX220,PUT,21.66,2027-12-17,569,EXTRA_LONGO,1.61,58.2,RECUPERACAO_APOS_QUEDA,"Call Longa, Trava de Alta, Call Debit Spread",52.5,MONITORAR_NO_RTD,Liquidez score 58.2 ≥ 30 — monitorar confirmação via RTD.
PRIO3,PRIOF442,CALL,44.25,2026-06-19,23,CURTO,21.42,58.5,LATERALIDADE,Monitorar — Iron Condor futuro,52.5,CANDIDATA_PROXIMO_PREGAO,Liquidez score 58.5 ≥ 50 com vencimento CURTO — candidata para próximo pregão.
VALE3,VALEA861,CALL,86.15,2027-01-15,233,EXTRA_LONGO,12.0,75.0,LATERALIDADE,Monitorar — Iron Condor futuro,52.5,MONITORAR_NO_RTD,Liquidez score 75.0 ≥ 30 — monitorar confirmação via RTD.
BBAS3,BBASS25,PUT,24.76,2026-07-17,51,MEDIO,3.54,41.8,RECUPERACAO_APOS_QUEDA,"Call Longa, Trava de Alta, Call Debit Spread",52.5,MONITORAR_NO_RTD,Liquidez score 41.8 ≥ 30 — monitorar confirmação via RTD.
BBAS3,BBASG253,CALL,25.01,2026-07-17,51,MEDIO,0.06,41.8,RECUPERACAO_APOS_QUEDA,"Call Longa, Trava de Alta, Call Debit Spread",52.5,MONITORAR_NO_RTD,Liquidez score 41.8 ≥ 30 — monitorar confirmação via RTD.
ITUB4,ITUBX555,PUT,55.19,2026-12-18,205,EXTRA_LONGO,7.09,75.0,RECUPERACAO_APOS_QUEDA,"Call Longa, Trava de Alta, Call Debit Spread",52.5,MONITORAR_NO_RTD,Liquidez score 75.0 ≥ 30 — monitorar confirmação via RTD.
PETR4,PETRS38,PUT,36.94,2026-07-17,51,MEDIO,0.22,41.8,CONTINUACAO_BAIXA,"Trava de Baixa, Put Debit Spread",52.5,MONITORAR_NO_RTD,Liquidez score 41.8 ≥ 30 — monitorar confirmação via RTD.
GGBR4,GGBRH205,CALL,20.53,2026-08-21,86,MEDIO,4.2,41.2,CONTINUACAO_ALTA,"Trava de Alta, Call Debit Spread",52.4,MONITORAR_NO_RTD,Liquidez score 41.2 ≥ 30 — monitorar confirmação via RTD.
B3SA3,B3SAC266,CALL,26.62,2027-03-19,296,EXTRA_LONGO,0.39,57.9,RECUPERACAO_APOS_QUEDA,"Call Longa, Trava de Alta, Call Debit Spread",52.4,MONITORAR_NO_RTD,Liquidez score 57.9 ≥ 30 — monitorar confirmação via RTD.
SUZB3,SUZBG491,CALL,49.13,2026-07-17,51,MEDIO,0.15,41.4,RECUPERACAO_APOS_QUEDA,"Call Longa, Trava de Alta, Call Debit Spread",52.4,MONITORAR_NO_RTD,Liquidez score 41.4 ≥ 30 — monitorar confirmação via RTD.
PETR4,PETRH294,CALL,29.48,2026-08-21,86,MEDIO,16.74,41.2,CONTINUACAO_BAIXA,"Trava de Baixa, Put Debit Spread",52.4,MONITORAR_NO_RTD,Liquidez score 41.2 ≥ 30 — monitorar confirmação via RTD.
PRIO3,PRIOG615,CALL,61.5,2026-07-17,51,MEDIO,8.9,74.8,LATERALIDADE,Monitorar — Iron Condor futuro,52.4,MONITORAR_NO_RTD,Liquidez score 74.8 ≥ 30 — monitorar confirmação via RTD.
PETR4,PETRG647,CALL,64.19,2026-07-17,51,MEDIO,0.06,41.1,CONTINUACAO_BAIXA,"Trava de Baixa, Put Debit Spread",52.3,MONITORAR_NO_RTD,Liquidez score 41.1 ≥ 30 — monitorar confirmação via RTD.
BBAS3,BBASG245,CALL,24.26,2026-07-17,51,MEDIO,0.08,40.9,RECUPERACAO_APOS_QUEDA,"Call Longa, Trava de Alta, Call Debit Spread",52.3,MONITORAR_NO_RTD,Liquidez score 40.9 ≥ 30 — monitorar confirmação via RTD.
ITUB4,ITUBV492,PUT,49.18,2026-10-16,142,LONGO,7.41,57.4,RECUPERACAO_APOS_QUEDA,"Call Longa, Trava de Alta, Call Debit Spread",52.2,MONITORAR_NO_RTD,Liquidez score 57.4 ≥ 30 — monitorar confirmação via RTD.
PRIO3,PRIOR372,PUT,37.25,2026-06-19,23,CURTO,0.04,57.5,LATERALIDADE,Monitorar — Iron Condor futuro,52.2,CANDIDATA_PROXIMO_PREGAO,Liquidez score 57.5 ≥ 50 com vencimento CURTO — candidata para próximo pregão.
B3SA3,B3SAV14,PUT,13.44,2026-10-16,142,LONGO,0.32,40.6,RECUPERACAO_APOS_QUEDA,"Call Longa, Trava de Alta, Call Debit Spread",52.2,MONITORAR_NO_RTD,Liquidez score 40.6 ≥ 30 — monitorar confirmação via RTD.
PETR4,PETRE587,CALL,58.71,2027-05-21,359,EXTRA_LONGO,3.69,74.0,CONTINUACAO_BAIXA,"Trava de Baixa, Put Debit Spread",52.2,MONITORAR_NO_RTD,Liquidez score 74.0 ≥ 30 — monitorar confirmação via RTD.
PETR4,PETRI314,CALL,31.48,2026-09-18,114,LONGO,17.19,57.2,CONTINUACAO_BAIXA,"Trava de Baixa, Put Debit Spread",52.2,MONITORAR_NO_RTD,Liquidez score 57.2 ≥ 30 — monitorar confirmação via RTD.
PRIO3,PRIOG730,CALL,73.0,2026-07-17,51,MEDIO,2.84,40.6,LATERALIDADE,Monitorar — Iron Condor futuro,52.2,MONITORAR_NO_RTD,Liquidez score 40.6 ≥ 30 — monitorar confirmação via RTD.
BBAS3,BBASS182,PUT,182.26,2027-07-16,415,EXTRA_LONGO,128.5,74.0,RECUPERACAO_APOS_QUEDA,"Call Longa, Trava de Alta, Call Debit Spread",52.2,MONITORAR_NO_RTD,Liquidez score 74.0 ≥ 30 — monitorar confirmação via RTD.
PETR4,PETRH582,CALL,57.69,2026-08-21,86,MEDIO,0.6,40.8,CONTINUACAO_BAIXA,"Trava de Baixa, Put Debit Spread",52.2,MONITORAR_NO_RTD,Liquidez score 40.8 ≥ 30 — monitorar confirmação via RTD.
VALE3,VALEQ910W5,PUT,91.0,2026-05-29,2,CURTO,8.04,40.6,LATERALIDADE,Monitorar — Iron Condor futuro,52.2,MONITORAR_NO_RTD,Liquidez score 40.6 ≥ 30 — monitorar confirmação via RTD.
BBAS3,BBASG255,CALL,25.26,2026-07-17,51,MEDIO,0.06,40.6,RECUPERACAO_APOS_QUEDA,"Call Longa, Trava de Alta, Call Debit Spread",52.2,MONITORAR_NO_RTD,Liquidez score 40.6 ≥ 30 — monitorar confirmação via RTD.
BPAC11,BPACG681,CALL,68.19,2026-07-17,51,MEDIO,0.12,40.8,RECUPERACAO_APOS_QUEDA,"Call Longa, Trava de Alta, Call Debit Spread",52.2,MONITORAR_NO_RTD,Liquidez score 40.8 ≥ 30 — monitorar confirmação via RTD.
ITUB4,ITUBI3,CALL,29.47,2026-09-18,114,LONGO,18.0,57.4,RECUPERACAO_APOS_QUEDA,"Call Longa, Trava de Alta, Call Debit Spread",52.2,MONITORAR_NO_RTD,Liquidez score 57.4 ≥ 30 — monitorar confirmação via RTD.
RENT3,RENTG393,CALL,39.32,2026-07-17,51,MEDIO,5.83,40.7,RECUPERACAO_APOS_QUEDA,"Call Longa, Trava de Alta, Call Debit Spread",52.2,MONITORAR_NO_RTD,Liquidez score 40.7 ≥ 30 — monitorar confirmação via RTD.
PETR4,PETRL507,CALL,50.18,2026-12-18,205,EXTRA_LONGO,3.93,73.6,CONTINUACAO_BAIXA,"Trava de Baixa, Put Debit Spread",52.1,MONITORAR_NO_RTD,Liquidez score 73.6 ≥ 30 — monitorar confirmação via RTD.
PETR4,PETRG776,CALL,77.69,2026-07-17,51,MEDIO,0.01,40.5,CONTINUACAO_BAIXA,"Trava de Baixa, Put Debit Spread",52.1,MONITORAR_NO_RTD,Liquidez score 40.5 ≥ 30 — monitorar confirmação via RTD.
BBAS3,BBASG25,CALL,24.76,2026-07-17,51,MEDIO,0.08,40.5,RECUPERACAO_APOS_QUEDA,"Call Longa, Trava de Alta, Call Debit Spread",52.1,MONITORAR_NO_RTD,Liquidez score 40.5 ≥ 30 — monitorar confirmação via RTD.
VALE3,VALER104,PUT,104.68,2026-06-19,23,CURTO,21.2,57.1,LATERALIDADE,Monitorar — Iron Condor futuro,52.1,CANDIDATA_PROXIMO_PREGAO,Liquidez score 57.1 ≥ 50 com vencimento CURTO — candidata para próximo pregão.
PETR4,PETRS362,PUT,34.94,2026-07-17,51,MEDIO,0.1,40.5,CONTINUACAO_BAIXA,"Trava de Baixa, Put Debit Spread",52.1,MONITORAR_NO_RTD,Liquidez score 40.5 ≥ 30 — monitorar confirmação via RTD.
VALE3,VALEF786W4,CALL,78.68,2026-06-26,30,CURTO,11.22,40.3,LATERALIDADE,Monitorar — Iron Condor futuro,52.1,MONITORAR_NO_RTD,Liquidez score 40.3 ≥ 30 — monitorar confirmação via RTD.
B3SA3,B3SAI209,CALL,20.95,2026-09-18,114,LONGO,0.91,40.5,RECUPERACAO_APOS_QUEDA,"Call Longa, Trava de Alta, Call Debit Spread",52.1,MONITORAR_NO_RTD,Liquidez score 40.5 ≥ 30 — monitorar confirmação via RTD.
HAPV3,HAPVS150,PUT,15.0,2026-07-17,51,MEDIO,2.87,40.4,CONTINUACAO_BAIXA,"Trava de Baixa, Put Debit Spread",52.1,MONITORAR_NO_RTD,Liquidez score 40.4 ≥ 30 — monitorar confirmação via RTD.
BBDC4,BBDCT301,PUT,30.14,2026-08-21,86,MEDIO,11.13,40.0,RECUPERACAO_APOS_QUEDA,"Call Longa, Trava de Alta, Call Debit Spread",52.0,MONITORAR_NO_RTD,Liquidez score 40.0 ≥ 30 — monitorar confirmação via RTD.
VALE3,VALEU806,PUT,80.65,2026-09-18,114,LONGO,3.21,56.8,LATERALIDADE,Monitorar — Iron Condor futuro,52.0,MONITORAR_NO_RTD,Liquidez score 56.8 ≥ 30 — monitorar confirmação via RTD.
RENT3,RENTS370,PUT,37.07,2026-07-17,51,MEDIO,0.56,39.9,RECUPERACAO_APOS_QUEDA,"Call Longa, Trava de Alta, Call Debit Spread",52.0,MONITORAR_NO_RTD,Liquidez score 39.9 ≥ 30 — monitorar confirmação via RTD.
VALE3,VALEG575,CALL,54.15,2026-07-17,51,MEDIO,28.15,73.3,LATERALIDADE,Monitorar — Iron Condor futuro,52.0,MONITORAR_NO_RTD,Liquidez score 73.3 ≥ 30 — monitorar confirmação via RTD.
PRIO3,PRIOR595,PUT,59.5,2026-06-19,23,CURTO,0.49,56.6,LATERALIDADE,Monitorar — Iron Condor futuro,52.0,CANDIDATA_PROXIMO_PREGAO,Liquidez score 56.6 ≥ 50 com vencimento CURTO — candidata para próximo pregão.
BBDC4,BBDCT219,PUT,21.64,2026-08-21,86,MEDIO,3.52,40.0,RECUPERACAO_APOS_QUEDA,"Call Longa, Trava de Alta, Call Debit Spread",52.0,MONITORAR_NO_RTD,Liquidez score 40.0 ≥ 30 — monitorar confirmação via RTD.
PRIO3,PRIOS665,PUT,66.5,2026-07-17,51,MEDIO,2.85,40.1,LATERALIDADE,Monitorar — Iron Condor futuro,52.0,MONITORAR_NO_RTD,Liquidez score 40.1 ≥ 30 — monitorar confirmação via RTD.
PETR4,PETRH994,CALL,9.94,2026-08-21,86,MEDIO,35.19,39.9,CONTINUACAO_BAIXA,"Trava de Baixa, Put Debit Spread",52.0,MONITORAR_NO_RTD,Liquidez score 39.9 ≥ 30 — monitorar confirmação via RTD.
WEGE3,WEGEH609,CALL,60.96,2026-08-21,86,MEDIO,1.5,40.0,RECUPERACAO_APOS_QUEDA,"Call Longa, Trava de Alta, Call Debit Spread",52.0,MONITORAR_NO_RTD,Liquidez score 40.0 ≥ 30 — monitorar confirmação via RTD.
BBAS3,BBASI196,CALL,19.68,2026-09-18,114,LONGO,3.7,39.5,RECUPERACAO_APOS_QUEDA,"Call Longa, Trava de Alta, Call Debit Spread",51.9,MONITORAR_NO_RTD,Liquidez score 39.5 ≥ 30 — monitorar confirmação via RTD.
ITUB4,ITUBG475,CALL,47.5,2026-07-17,51,MEDIO,0.11,39.5,RECUPERACAO_APOS_QUEDA,"Call Longa, Trava de Alta, Call Debit Spread",51.9,MONITORAR_NO_RTD,Liquidez score 39.5 ≥ 30 — monitorar confirmação via RTD.
PRIO3,PRIOR605,PUT,60.5,2026-06-19,23,CURTO,0.62,56.3,LATERALIDADE,Monitorar — Iron Condor futuro,51.9,CANDIDATA_PROXIMO_PREGAO,Liquidez score 56.3 ≥ 50 com vencimento CURTO — candidata para próximo pregão.
VALE3,VALER970W1,PUT,97.0,2026-06-05,9,CURTO,13.94,56.4,LATERALIDADE,Monitorar — Iron Condor futuro,51.9,CANDIDATA_PROXIMO_PREGAO,Liquidez score 56.4 ≥ 50 com vencimento CURTO — candidata para próximo pregão.
BBAS3,BBASS282,PUT,28.01,2026-07-17,51,MEDIO,7.0,39.5,RECUPERACAO_APOS_QUEDA,"Call Longa, Trava de Alta, Call Debit Spread",51.9,MONITORAR_NO_RTD,Liquidez score 39.5 ≥ 30 — monitorar confirmação via RTD.
BBDC4,BBDCS157,PUT,15.41,2026-07-17,51,MEDIO,0.09,39.6,RECUPERACAO_APOS_QUEDA,"Call Longa, Trava de Alta, Call Debit Spread",51.9,MONITORAR_NO_RTD,Liquidez score 39.6 ≥ 30 — monitorar confirmação via RTD.
PETR4,PETRL494,CALL,48.93,2026-12-18,205,EXTRA_LONGO,3.8,39.2,CONTINUACAO_BAIXA,"Trava de Baixa, Put Debit Spread",51.8,MONITORAR_NO_RTD,Liquidez score 39.2 ≥ 30 — monitorar confirmação via RTD.
SUZB3,SUZBG358,CALL,35.88,2026-07-17,51,MEDIO,6.25,39.2,RECUPERACAO_APOS_QUEDA,"Call Longa, Trava de Alta, Call Debit Spread",51.8,MONITORAR_NO_RTD,Liquidez score 39.2 ≥ 30 — monitorar confirmação via RTD.
PRIO3,PRIOG630,CALL,63.0,2026-07-17,51,MEDIO,7.63,56.1,LATERALIDADE,Monitorar — Iron Condor futuro,51.8,MONITORAR_NO_RTD,Liquidez score 56.1 ≥ 30 — monitorar confirmação via RTD.
ITUB4,ITUBL432,CALL,42.83,2026-12-18,205,EXTRA_LONGO,3.36,39.4,RECUPERACAO_APOS_QUEDA,"Call Longa, Trava de Alta, Call Debit Spread",51.8,MONITORAR_NO_RTD,Liquidez score 39.4 ≥ 30 — monitorar confirmação via RTD.
VALE3,VALEF705,CALL,67.18,2026-06-19,23,CURTO,14.35,56.1,LATERALIDADE,Monitorar — Iron Condor futuro,51.8,CANDIDATA_PROXIMO_PREGAO,Liquidez score 56.1 ≥ 50 com vencimento CURTO — candidata para próximo pregão.
PETR4,PETRA37,CALL,35.71,2027-01-15,233,EXTRA_LONGO,13.92,72.8,CONTINUACAO_BAIXA,"Trava de Baixa, Put Debit Spread",51.8,MONITORAR_NO_RTD,Liquidez score 72.8 ≥ 30 — monitorar confirmação via RTD.
ITUB4,ITUBX383,PUT,34.04,2026-12-18,205,EXTRA_LONGO,0.71,72.8,RECUPERACAO_APOS_QUEDA,"Call Longa, Trava de Alta, Call Debit Spread",51.8,MONITORAR_NO_RTD,Liquidez score 72.8 ≥ 30 — monitorar confirmação via RTD.
VALE3,VALES86,PUT,86.15,2026-07-17,51,MEDIO,4.23,56.1,LATERALIDADE,Monitorar — Iron Condor futuro,51.8,MONITORAR_NO_RTD,Liquidez score 56.1 ≥ 30 — monitorar confirmação via RTD.
PETR4,PETRV388,PUT,36.88,2026-10-16,142,LONGO,0.88,55.7,CONTINUACAO_BAIXA,"Trava de Baixa, Put Debit Spread",51.7,MONITORAR_NO_RTD,Liquidez score 55.7 ≥ 30 — monitorar confirmação via RTD.
SUZB3,SUZBJ521,CALL,52.13,2026-10-16,142,LONGO,3.5,55.8,RECUPERACAO_APOS_QUEDA,"Call Longa, Trava de Alta, Call Debit Spread",51.7,MONITORAR_NO_RTD,Liquidez score 55.8 ≥ 30 — monitorar confirmação via RTD.
WEGE3,WEGEI371,CALL,37.03,2026-09-18,114,LONGO,8.34,55.6,RECUPERACAO_APOS_QUEDA,"Call Longa, Trava de Alta, Call Debit Spread",51.7,MONITORAR_NO_RTD,Liquidez score 55.6 ≥ 30 — monitorar confirmação via RTD.
PETR4,PETRH317,CALL,31.19,2026-08-21,86,MEDIO,15.3,38.8,CONTINUACAO_BAIXA,"Trava de Baixa, Put Debit Spread",51.6,MONITORAR_NO_RTD,Liquidez score 38.8 ≥ 30 — monitorar confirmação via RTD.
PRIO3,PRIOG397,CALL,39.75,2026-07-17,51,MEDIO,29.52,72.0,LATERALIDADE,Monitorar — Iron Condor futuro,51.6,MONITORAR_NO_RTD,Liquidez score 72.0 ≥ 30 — monitorar confirmação via RTD.
BBAS3,BBASU244,PUT,24.43,2026-09-18,114,LONGO,1.25,55.4,RECUPERACAO_APOS_QUEDA,"Call Longa, Trava de Alta, Call Debit Spread",51.6,MONITORAR_NO_RTD,Liquidez score 55.4 ≥ 30 — monitorar confirmação via RTD.
VALE3,VALEF100,CALL,95.68,2026-06-19,23,CURTO,0.09,55.3,LATERALIDADE,Monitorar — Iron Condor futuro,51.6,CANDIDATA_PROXIMO_PREGAO,Liquidez score 55.3 ≥ 50 com vencimento CURTO — candidata para próximo pregão.
VALE3,VALEL896,CALL,89.65,2027-12-17,569,EXTRA_LONGO,16.0,71.9,LATERALIDADE,Monitorar — Iron Condor futuro,51.6,MONITORAR_NO_RTD,Liquidez score 71.9 ≥ 30 — monitorar confirmação via RTD.
PETR4,PETRE350,CALL,35.0,2028-05-19,723,EXTRA_LONGO,17.44,72.0,CONTINUACAO_BAIXA,"Trava de Baixa, Put Debit Spread",51.6,MONITORAR_NO_RTD,Liquidez score 72.0 ≥ 30 — monitorar confirmação via RTD.
BBDC4,BBDCL989,CALL,9.89,2026-12-18,205,EXTRA_LONGO,8.77,72.0,RECUPERACAO_APOS_QUEDA,"Call Longa, Trava de Alta, Call Debit Spread",51.6,MONITORAR_NO_RTD,Liquidez score 72.0 ≥ 30 — monitorar confirmação via RTD.
PETR4,PETRO62,PUT,61.46,2028-03-17,660,EXTRA_LONGO,10.17,72.0,CONTINUACAO_BAIXA,"Trava de Baixa, Put Debit Spread",51.6,MONITORAR_NO_RTD,Liquidez score 72.0 ≥ 30 — monitorar confirmação via RTD.
PETR4,PETRU472,PUT,46.69,2026-09-18,114,LONGO,3.03,38.7,CONTINUACAO_BAIXA,"Trava de Baixa, Put Debit Spread",51.6,MONITORAR_NO_RTD,Liquidez score 38.7 ≥ 30 — monitorar confirmação via RTD.
PETR4,PETRL566,CALL,56.61,2027-12-17,569,EXTRA_LONGO,6.07,72.0,CONTINUACAO_BAIXA,"Trava de Baixa, Put Debit Spread",51.6,MONITORAR_NO_RTD,Liquidez score 72.0 ≥ 30 — monitorar confirmação via RTD.
BBDC4,BBDCL218,CALL,21.14,2026-12-18,205,EXTRA_LONGO,1.1,72.0,RECUPERACAO_APOS_QUEDA,"Call Longa, Trava de Alta, Call Debit Spread",51.6,MONITORAR_NO_RTD,Liquidez score 72.0 ≥ 30 — monitorar confirmação via RTD.
PETR4,PETRL289,CALL,27.61,2027-12-17,569,EXTRA_LONGO,25.77,72.0,CONTINUACAO_BAIXA,"Trava de Baixa, Put Debit Spread",51.6,MONITORAR_NO_RTD,Liquidez score 72.0 ≥ 30 — monitorar confirmação via RTD.
BBDC4,BBDCG14,CALL,14.49,2027-07-16,415,EXTRA_LONGO,7.29,72.0,RECUPERACAO_APOS_QUEDA,"Call Longa, Trava de Alta, Call Debit Spread",51.6,MONITORAR_NO_RTD,Liquidez score 72.0 ≥ 30 — monitorar confirmação via RTD.
BBAS3,BBASS245,PUT,24.26,2026-07-17,51,MEDIO,3.02,38.3,RECUPERACAO_APOS_QUEDA,"Call Longa, Trava de Alta, Call Debit Spread",51.5,MONITORAR_NO_RTD,Liquidez score 38.3 ≥ 30 — monitorar confirmação via RTD.
CMIG4,CMIGL117,CALL,11.79,2026-12-18,205,EXTRA_LONGO,1.26,38.5,RECUPERACAO_APOS_QUEDA,"Call Longa, Trava de Alta, Call Debit Spread",51.5,MONITORAR_NO_RTD,Liquidez score 38.5 ≥ 30 — monitorar confirmação via RTD.
BBAS3,BBASG193,CALL,19.01,2026-07-17,51,MEDIO,2.44,38.5,RECUPERACAO_APOS_QUEDA,"Call Longa, Trava de Alta, Call Debit Spread",51.5,MONITORAR_NO_RTD,Liquidez score 38.5 ≥ 30 — monitorar confirmação via RTD.
PETR4,PETRU374,PUT,35.98,2026-09-18,114,LONGO,0.75,55.0,CONTINUACAO_BAIXA,"Trava de Baixa, Put Debit Spread",51.5,MONITORAR_NO_RTD,Liquidez score 55.0 ≥ 30 — monitorar confirmação via RTD.
PETR4,PETRH289,CALL,28.98,2026-08-21,86,MEDIO,20.52,38.2,CONTINUACAO_BAIXA,"Trava de Baixa, Put Debit Spread",51.5,MONITORAR_NO_RTD,Liquidez score 38.2 ≥ 30 — monitorar confirmação via RTD.
VALE3,VALER99,PUT,99.68,2026-06-19,23,CURTO,15.75,54.9,LATERALIDADE,Monitorar — Iron Condor futuro,51.5,CANDIDATA_PROXIMO_PREGAO,Liquidez score 54.9 ≥ 50 com vencimento CURTO — candidata para próximo pregão.
CMIG4,CMIGG144,CALL,12.74,2026-07-17,51,MEDIO,0.07,38.4,RECUPERACAO_APOS_QUEDA,"Call Longa, Trava de Alta, Call Debit Spread",51.5,MONITORAR_NO_RTD,Liquidez score 38.4 ≥ 30 — monitorar confirmação via RTD.
RENT3,RENTA645,CALL,64.12,2027-01-15,233,EXTRA_LONGO,1.34,71.6,RECUPERACAO_APOS_QUEDA,"Call Longa, Trava de Alta, Call Debit Spread",51.5,MONITORAR_NO_RTD,Liquidez score 71.6 ≥ 30 — monitorar confirmação via RTD.
SUZB3,SUZBS478,PUT,47.88,2026-07-17,51,MEDIO,4.84,38.3,RECUPERACAO_APOS_QUEDA,"Call Longa, Trava de Alta, Call Debit Spread",51.5,MONITORAR_NO_RTD,Liquidez score 38.3 ≥ 30 — monitorar confirmação via RTD.
PRIO3,PRIOF417,CALL,41.75,2026-06-19,23,CURTO,25.9,54.9,LATERALIDADE,Monitorar — Iron Condor futuro,51.5,CANDIDATA_PROXIMO_PREGAO,Liquidez score 54.9 ≥ 50 com vencimento CURTO — candidata para próximo pregão.
VALE3,VALEI896,CALL,89.65,2026-09-18,114,LONGO,3.74,54.6,LATERALIDADE,Monitorar — Iron Condor futuro,51.4,MONITORAR_NO_RTD,Liquidez score 54.6 ≥ 30 — monitorar confirmação via RTD.
BBAS3,BBASJ195,CALL,19.52,2026-10-16,142,LONGO,3.92,37.9,RECUPERACAO_APOS_QUEDA,"Call Longa, Trava de Alta, Call Debit Spread",51.4,MONITORAR_NO_RTD,Liquidez score 37.9 ≥ 30 — monitorar confirmação via RTD.
VALE3,VALEG896W4,CALL,89.65,2026-07-24,58,MEDIO,1.39,38.0,LATERALIDADE,Monitorar — Iron Condor futuro,51.4,MONITORAR_NO_RTD,Liquidez score 38.0 ≥ 30 — monitorar confirmação via RTD.
BBAS3,BBASS305,PUT,30.51,2026-07-17,51,MEDIO,5.65,37.9,RECUPERACAO_APOS_QUEDA,"Call Longa, Trava de Alta, Call Debit Spread",51.4,MONITORAR_NO_RTD,Liquidez score 37.9 ≥ 30 — monitorar confirmação via RTD.
ITUB4,ITUBA430,CALL,43.06,2027-01-15,233,EXTRA_LONGO,3.25,38.0,RECUPERACAO_APOS_QUEDA,"Call Longa, Trava de Alta, Call Debit Spread",51.4,MONITORAR_NO_RTD,Liquidez score 38.0 ≥ 30 — monitorar confirmação via RTD.
BBAS3,BBASS183,PUT,18.01,2026-07-17,51,MEDIO,0.08,37.7,RECUPERACAO_APOS_QUEDA,"Call Longa, Trava de Alta, Call Debit Spread",51.3,MONITORAR_NO_RTD,Liquidez score 37.7 ≥ 30 — monitorar confirmação via RTD.
PETR4,PETRC409,CALL,40.46,2027-03-19,296,EXTRA_LONGO,12.5,54.3,CONTINUACAO_BAIXA,"Trava de Baixa, Put Debit Spread",51.3,MONITORAR_NO_RTD,Liquidez score 54.3 ≥ 30 — monitorar confirmação via RTD.
BBAS3,BBASW260,PUT,24.27,2026-11-19,176,LONGO,3.32,54.4,RECUPERACAO_APOS_QUEDA,"Call Longa, Trava de Alta, Call Debit Spread",51.3,MONITORAR_NO_RTD,Liquidez score 54.4 ≥ 30 — monitorar confirmação via RTD.
ITUB4,ITUBS453,PUT,45.0,2026-07-17,51,MEDIO,4.8,37.7,RECUPERACAO_APOS_QUEDA,"Call Longa, Trava de Alta, Call Debit Spread",51.3,MONITORAR_NO_RTD,Liquidez score 37.7 ≥ 30 — monitorar confirmação via RTD.
VALE3,VALEJ909,CALL,90.9,2026-10-16,142,LONGO,3.97,54.5,LATERALIDADE,Monitorar — Iron Condor futuro,51.3,MONITORAR_NO_RTD,Liquidez score 54.5 ≥ 30 — monitorar confirmação via RTD.
VALE3,VALEE780W5,CALL,78.0,2026-05-29,2,CURTO,5.08,37.7,LATERALIDADE,Monitorar — Iron Condor futuro,51.3,MONITORAR_NO_RTD,Liquidez score 37.7 ≥ 30 — monitorar confirmação via RTD.
GGBR4,GGBRH180,CALL,17.28,2026-08-21,86,MEDIO,4.55,37.8,CONTINUACAO_ALTA,"Trava de Alta, Call Debit Spread",51.3,MONITORAR_NO_RTD,Liquidez score 37.8 ≥ 30 — monitorar confirmação via RTD.
PETR4,PETRS210,PUT,20.23,2026-07-17,51,MEDIO,0.03,37.6,CONTINUACAO_BAIXA,"Trava de Baixa, Put Debit Spread",51.3,MONITORAR_NO_RTD,Liquidez score 37.6 ≥ 30 — monitorar confirmação via RTD.
VALE3,VALEF95,CALL,95.18,2026-06-19,23,CURTO,0.1,54.2,LATERALIDADE,Monitorar — Iron Condor futuro,51.3,CANDIDATA_PROXIMO_PREGAO,Liquidez score 54.2 ≥ 50 com vencimento CURTO — candidata para próximo pregão.
ITUB4,ITUBG319,CALL,28.6,2026-07-17,51,MEDIO,12.27,37.4,RECUPERACAO_APOS_QUEDA,"Call Longa, Trava de Alta, Call Debit Spread",51.2,MONITORAR_NO_RTD,Liquidez score 37.4 ≥ 30 — monitorar confirmação via RTD.
PETR4,PETRG564,CALL,56.46,2026-07-17,51,MEDIO,1.02,37.5,CONTINUACAO_BAIXA,"Trava de Baixa, Put Debit Spread",51.2,MONITORAR_NO_RTD,Liquidez score 37.5 ≥ 30 — monitorar confirmação via RTD.
VALE3,VALEF755,CALL,72.18,2026-06-19,23,CURTO,11.1,54.0,LATERALIDADE,Monitorar — Iron Condor futuro,51.2,CANDIDATA_PROXIMO_PREGAO,Liquidez score 54.0 ≥ 50 com vencimento CURTO — candidata para próximo pregão.
BBAS3,BBASG188,CALL,18.51,2026-07-17,51,MEDIO,2.62,37.0,RECUPERACAO_APOS_QUEDA,"Call Longa, Trava de Alta, Call Debit Spread",51.1,MONITORAR_NO_RTD,Liquidez score 37.0 ≥ 30 — monitorar confirmação via RTD.
VALE3,VALEG625,CALL,59.15,2026-07-17,51,MEDIO,24.05,70.4,LATERALIDADE,Monitorar — Iron Condor futuro,51.1,MONITORAR_NO_RTD,Liquidez score 70.4 ≥ 30 — monitorar confirmação via RTD.
PRIO3,PRIOF790,CALL,79.0,2026-06-19,23,CURTO,0.58,53.3,LATERALIDADE,Monitorar — Iron Condor futuro,51.0,CANDIDATA_PROXIMO_PREGAO,Liquidez score 53.3 ≥ 50 com vencimento CURTO — candidata para próximo pregão.
PETR4,PETRU489,PUT,48.44,2026-09-18,114,LONGO,3.76,36.7,CONTINUACAO_BAIXA,"Trava de Baixa, Put Debit Spread",51.0,MONITORAR_NO_RTD,Liquidez score 36.7 ≥ 30 — monitorar confirmação via RTD.
VALE3,VALEH534,CALL,53.46,2026-08-21,86,MEDIO,31.0,70.0,LATERALIDADE,Monitorar — Iron Condor futuro,51.0,MONITORAR_NO_RTD,Liquidez score 70.0 ≥ 30 — monitorar confirmação via RTD.
PRIO3,PRIOE432W5,CALL,43.25,2026-05-29,2,CURTO,19.61,53.2,LATERALIDADE,Monitorar — Iron Condor futuro,51.0,CANDIDATA_PROXIMO_PREGAO,Liquidez score 53.2 ≥ 50 com vencimento CURTO — candidata para próximo pregão.
BBAS3,BBASX229,PUT,22.66,2027-12-17,569,EXTRA_LONGO,1.92,53.5,RECUPERACAO_APOS_QUEDA,"Call Longa, Trava de Alta, Call Debit Spread",51.0,MONITORAR_NO_RTD,Liquidez score 53.5 ≥ 30 — monitorar confirmação via RTD.
ITUB4,ITUBG338,CALL,30.3,2026-07-17,51,MEDIO,9.1,36.8,RECUPERACAO_APOS_QUEDA,"Call Longa, Trava de Alta, Call Debit Spread",51.0,MONITORAR_NO_RTD,Liquidez score 36.8 ≥ 30 — monitorar confirmação via RTD.
TAEE11,TAEEG365,CALL,35.14,2026-07-17,51,MEDIO,4.45,36.8,RECUPERACAO_APOS_QUEDA,"Call Longa, Trava de Alta, Call Debit Spread",51.0,MONITORAR_NO_RTD,Liquidez score 36.8 ≥ 30 — monitorar confirmação via RTD.
GGBR4,GGBRH193,CALL,19.28,2026-08-21,86,MEDIO,5.3,36.8,CONTINUACAO_ALTA,"Trava de Alta, Call Debit Spread",51.0,MONITORAR_NO_RTD,Liquidez score 36.8 ≥ 30 — monitorar confirmação via RTD.
SUZB3,SUZBS738,PUT,73.88,2026-07-17,51,MEDIO,26.19,36.8,RECUPERACAO_APOS_QUEDA,"Call Longa, Trava de Alta, Call Debit Spread",51.0,MONITORAR_NO_RTD,Liquidez score 36.8 ≥ 30 — monitorar confirmação via RTD.
SUZB3,SUZBS468,PUT,46.88,2026-07-17,51,MEDIO,4.39,36.5,RECUPERACAO_APOS_QUEDA,"Call Longa, Trava de Alta, Call Debit Spread",51.0,MONITORAR_NO_RTD,Liquidez score 36.5 ≥ 30 — monitorar confirmação via RTD.
BBDC4,BBDCL221,CALL,22.14,2026-12-18,205,EXTRA_LONGO,0.76,70.1,RECUPERACAO_APOS_QUEDA,"Call Longa, Trava de Alta, Call Debit Spread",51.0,MONITORAR_NO_RTD,Liquidez score 70.1 ≥ 30 — monitorar confirmação via RTD.
PETR4,PETRF326,CALL,32.69,2027-06-18,387,EXTRA_LONGO,16.45,70.0,CONTINUACAO_BAIXA,"Trava de Baixa, Put Debit Spread",51.0,MONITORAR_NO_RTD,Liquidez score 70.0 ≥ 30 — monitorar confirmação via RTD.
BBDC4,BBDCT207,PUT,20.39,2026-08-21,86,MEDIO,2.2,36.5,RECUPERACAO_APOS_QUEDA,"Call Longa, Trava de Alta, Call Debit Spread",51.0,MONITORAR_NO_RTD,Liquidez score 36.5 ≥ 30 — monitorar confirmação via RTD.
PRIO3,PRIOG650,CALL,65.0,2026-07-17,51,MEDIO,7.64,53.1,LATERALIDADE,Monitorar — Iron Condor futuro,50.9,MONITORAR_NO_RTD,Liquidez score 53.1 ≥ 30 — monitorar confirmação via RTD.
VALE3,VALES796W2,PUT,79.68,2026-07-10,44,MEDIO,1.69,36.2,LATERALIDADE,Monitorar — Iron Condor futuro,50.9,MONITORAR_NO_RTD,Liquidez score 36.2 ≥ 30 — monitorar confirmação via RTD.
CPLE6,CPLEU15,PUT,15.55,2026-09-18,114,LONGO,0.4,36.3,CONTINUACAO_ALTA,"Trava de Alta, Call Debit Spread",50.9,MONITORAR_NO_RTD,Liquidez score 36.3 ≥ 30 — monitorar confirmação via RTD.
ENEV3,ENEVI292,CALL,29.25,2026-09-18,114,LONGO,1.38,36.4,PROTECAO_CARTEIRA,"Protective Put, Collar",50.9,MONITORAR_NO_RTD,Liquidez score 36.4 ≥ 30 — monitorar confirmação via RTD.
PETR4,PETRG372,CALL,35.94,2026-07-17,51,MEDIO,10.26,36.2,CONTINUACAO_BAIXA,"Trava de Baixa, Put Debit Spread",50.9,MONITORAR_NO_RTD,Liquidez score 36.2 ≥ 30 — monitorar confirmação via RTD.
VALE3,VALEH644,CALL,59.46,2026-08-21,86,MEDIO,24.3,69.6,LATERALIDADE,Monitorar — Iron Condor futuro,50.9,MONITORAR_NO_RTD,Liquidez score 69.6 ≥ 30 — monitorar confirmação via RTD.
VALE3,VALEF551,CALL,55.18,2026-06-19,23,CURTO,27.85,52.9,LATERALIDADE,Monitorar — Iron Condor futuro,50.9,CANDIDATA_PROXIMO_PREGAO,Liquidez score 52.9 ≥ 50 com vencimento CURTO — candidata para próximo pregão.
HAPV3,HAPVS950,PUT,9.5,2026-07-17,51,MEDIO,0.19,36.3,CONTINUACAO_BAIXA,"Trava de Baixa, Put Debit Spread",50.9,MONITORAR_NO_RTD,Liquidez score 36.3 ≥ 30 — monitorar confirmação via RTD.
VALE3,VALEL934,CALL,88.46,2026-12-18,205,EXTRA_LONGO,5.9,69.6,LATERALIDADE,Monitorar — Iron Condor futuro,50.9,MONITORAR_NO_RTD,Liquidez score 69.6 ≥ 30 — monitorar confirmação via RTD.
PETR4,PETRB555,CALL,54.96,2027-02-19,268,EXTRA_LONGO,3.15,69.6,CONTINUACAO_BAIXA,"Trava de Baixa, Put Debit Spread",50.9,MONITORAR_NO_RTD,Liquidez score 69.6 ≥ 30 — monitorar confirmação via RTD.
PRIO3,PRIOR600,PUT,60.0,2026-06-19,23,CURTO,0.6,52.8,LATERALIDADE,Monitorar — Iron Condor futuro,50.8,CANDIDATA_PROXIMO_PREGAO,Liquidez score 52.8 ≥ 50 com vencimento CURTO — candidata para próximo pregão.
ITUB4,ITUBJ475,CALL,47.18,2026-10-16,142,LONGO,0.31,52.6,RECUPERACAO_APOS_QUEDA,"Call Longa, Trava de Alta, Call Debit Spread",50.8,MONITORAR_NO_RTD,Liquidez score 52.6 ≥ 30 — monitorar confirmação via RTD.
PRIO3,PRIOS630,PUT,63.0,2026-07-17,51,MEDIO,1.68,36.1,LATERALIDADE,Monitorar — Iron Condor futuro,50.8,MONITORAR_NO_RTD,Liquidez score 36.1 ≥ 30 — monitorar confirmação via RTD.
VALE3,VALEJ939,CALL,93.9,2026-10-16,142,LONGO,2.7,86.0,LATERALIDADE,Monitorar — Iron Condor futuro,50.8,MONITORAR_NO_RTD,Liquidez score 86.0 ≥ 30 — monitorar confirmação via RTD.
VALE3,VALER755,PUT,72.18,2026-06-19,23,CURTO,0.12,52.8,LATERALIDADE,Monitorar — Iron Condor futuro,50.8,CANDIDATA_PROXIMO_PREGAO,Liquidez score 52.8 ≥ 50 com vencimento CURTO — candidata para próximo pregão.
BBDC4,BBDCG209,CALL,20.66,2026-07-17,51,MEDIO,0.09,36.0,RECUPERACAO_APOS_QUEDA,"Call Longa, Trava de Alta, Call Debit Spread",50.8,MONITORAR_NO_RTD,Liquidez score 36.0 ≥ 30 — monitorar confirmação via RTD.
VALE3,VALEH789,CALL,78.96,2026-08-21,86,MEDIO,7.79,52.7,LATERALIDADE,Monitorar — Iron Condor futuro,50.8,MONITORAR_NO_RTD,Liquidez score 52.7 ≥ 30 — monitorar confirmação via RTD.
PETR4,PETRJ357,CALL,33.88,2026-10-16,142,LONGO,13.65,52.6,CONTINUACAO_BAIXA,"Trava de Baixa, Put Debit Spread",50.8,MONITORAR_NO_RTD,Liquidez score 52.6 ≥ 30 — monitorar confirmação via RTD.
ITUB4,ITUBX432,PUT,42.83,2026-12-18,205,EXTRA_LONGO,2.47,52.6,RECUPERACAO_APOS_QUEDA,"Call Longa, Trava de Alta, Call Debit Spread",50.8,MONITORAR_NO_RTD,Liquidez score 52.6 ≥ 30 — monitorar confirmação via RTD.
BBAS3,BBASK240,CALL,24.02,2026-11-19,176,LONGO,1.57,52.3,RECUPERACAO_APOS_QUEDA,"Call Longa, Trava de Alta, Call Debit Spread",50.7,MONITORAR_NO_RTD,Liquidez score 52.3 ≥ 30 — monitorar confirmação via RTD.
HAPV3,HAPVS140,PUT,14.0,2026-07-17,51,MEDIO,2.2,35.7,CONTINUACAO_BAIXA,"Trava de Baixa, Put Debit Spread",50.7,MONITORAR_NO_RTD,Liquidez score 35.7 ≥ 30 — monitorar confirmação via RTD.
ITUB4,ITUBV505,PUT,46.23,2026-10-16,142,LONGO,4.1,52.2,RECUPERACAO_APOS_QUEDA,"Call Longa, Trava de Alta, Call Debit Spread",50.7,MONITORAR_NO_RTD,Liquidez score 52.2 ≥ 30 — monitorar confirmação via RTD.
PETR4,PETRH364,CALL,35.94,2026-08-21,86,MEDIO,10.6,35.8,CONTINUACAO_BAIXA,"Trava de Baixa, Put Debit Spread",50.7,MONITORAR_NO_RTD,Liquidez score 35.8 ≥ 30 — monitorar confirmação via RTD.
WEGE3,WEGEI418,CALL,41.78,2026-09-18,114,LONGO,5.64,35.8,RECUPERACAO_APOS_QUEDA,"Call Longa, Trava de Alta, Call Debit Spread",50.7,MONITORAR_NO_RTD,Liquidez score 35.8 ≥ 30 — monitorar confirmação via RTD.
PRIO3,PRIOF805,CALL,80.5,2026-06-19,23,CURTO,0.36,52.3,LATERALIDADE,Monitorar — Iron Condor futuro,50.7,CANDIDATA_PROXIMO_PREGAO,Liquidez score 52.3 ≥ 50 com vencimento CURTO — candidata para próximo pregão.
ITUB4,ITUBS470,PUT,47.0,2026-07-17,51,MEDIO,6.25,35.7,RECUPERACAO_APOS_QUEDA,"Call Longa, Trava de Alta, Call Debit Spread",50.7,MONITORAR_NO_RTD,Liquidez score 35.7 ≥ 30 — monitorar confirmação via RTD.
PETR4,PETRG182,CALL,17.69,2026-07-17,51,MEDIO,27.75,35.7,CONTINUACAO_BAIXA,"Trava de Baixa, Put Debit Spread",50.7,MONITORAR_NO_RTD,Liquidez score 35.7 ≥ 30 — monitorar confirmação via RTD.
BBDC4,BBDCS337,PUT,33.7,2026-07-17,51,MEDIO,13.6,35.8,RECUPERACAO_APOS_QUEDA,"Call Longa, Trava de Alta, Call Debit Spread",50.7,MONITORAR_NO_RTD,Liquidez score 35.8 ≥ 30 — monitorar confirmação via RTD.
BBDC4,BBDCL183,CALL,18.39,2026-12-18,205,EXTRA_LONGO,1.78,35.8,RECUPERACAO_APOS_QUEDA,"Call Longa, Trava de Alta, Call Debit Spread",50.7,MONITORAR_NO_RTD,Liquidez score 35.8 ≥ 30 — monitorar confirmação via RTD.
PETR4,PETRX451,PUT,43.18,2026-12-18,205,EXTRA_LONGO,2.85,35.6,CONTINUACAO_BAIXA,"Trava de Baixa, Put Debit Spread",50.7,MONITORAR_NO_RTD,Liquidez score 35.6 ≥ 30 — monitorar confirmação via RTD.
BBAS3,BBASX251,PUT,23.93,2026-12-18,205,EXTRA_LONGO,2.9,69.1,RECUPERACAO_APOS_QUEDA,"Call Longa, Trava de Alta, Call Debit Spread",50.7,MONITORAR_NO_RTD,Liquidez score 69.1 ≥ 30 — monitorar confirmação via RTD.
ABEV3,ABEVL131,CALL,12.04,2026-12-18,205,EXTRA_LONGO,3.53,68.8,CONTINUACAO_ALTA,"Trava de Alta, Call Debit Spread",50.6,MONITORAR_NO_RTD,Liquidez score 68.8 ≥ 30 — monitorar confirmação via RTD.
PETR4,PETRX426,PUT,42.61,2027-12-17,569,EXTRA_LONGO,2.91,35.2,CONTINUACAO_BAIXA,"Trava de Baixa, Put Debit Spread",50.6,MONITORAR_NO_RTD,Liquidez score 35.2 ≥ 30 — monitorar confirmação via RTD.
VALE3,VALEH754,CALL,75.46,2026-08-21,86,MEDIO,9.7,68.8,LATERALIDADE,Monitorar — Iron Condor futuro,50.6,MONITORAR_NO_RTD,Liquidez score 68.8 ≥ 30 — monitorar confirmação via RTD.
BBAS3,BBASG272,CALL,27.26,2026-07-17,51,MEDIO,0.03,35.5,RECUPERACAO_APOS_QUEDA,"Call Longa, Trava de Alta, Call Debit Spread",50.6,MONITORAR_NO_RTD,Liquidez score 35.5 ≥ 30 — monitorar confirmação via RTD.
ABEV3,ABEVK181,CALL,18.17,2026-11-19,176,LONGO,0.8,52.0,CONTINUACAO_ALTA,"Trava de Alta, Call Debit Spread",50.6,MONITORAR_NO_RTD,Liquidez score 52.0 ≥ 30 — monitorar confirmação via RTD.
ITUB4,ITUBX600,PUT,59.7,2027-12-17,569,EXTRA_LONGO,11.16,68.8,RECUPERACAO_APOS_QUEDA,"Call Longa, Trava de Alta, Call Debit Spread",50.6,MONITORAR_NO_RTD,Liquidez score 68.8 ≥ 30 — monitorar confirmação via RTD.
ABEV3,ABEVL186,CALL,17.04,2026-12-18,205,EXTRA_LONGO,1.28,35.2,CONTINUACAO_ALTA,"Trava de Alta, Call Debit Spread",50.6,MONITORAR_NO_RTD,Liquidez score 35.2 ≥ 30 — monitorar confirmação via RTD.
PRIO3,PRIOF800,CALL,80.0,2026-06-19,23,CURTO,0.48,51.9,LATERALIDADE,Monitorar — Iron Condor futuro,50.6,CANDIDATA_PROXIMO_PREGAO,Liquidez score 51.9 ≥ 50 com vencimento CURTO — candidata para próximo pregão.
WEGE3,WEGEI536,CALL,53.53,2026-09-18,114,LONGO,1.06,52.0,RECUPERACAO_APOS_QUEDA,"Call Longa, Trava de Alta, Call Debit Spread",50.6,MONITORAR_NO_RTD,Liquidez score 52.0 ≥ 30 — monitorar confirmação via RTD.
VALE3,VALER971,PUT,92.18,2026-06-19,23,CURTO,9.48,35.3,LATERALIDADE,Monitorar — Iron Condor futuro,50.6,MONITORAR_NO_RTD,Liquidez score 35.3 ≥ 30 — monitorar confirmação via RTD.
BBAS3,BBASG248,CALL,24.51,2026-07-17,51,MEDIO,0.08,35.5,RECUPERACAO_APOS_QUEDA,"Call Longa, Trava de Alta, Call Debit Spread",50.6,MONITORAR_NO_RTD,Liquidez score 35.5 ≥ 30 — monitorar confirmação via RTD.
PRIO3,PRIOR610W4,PUT,61.0,2026-06-26,30,CURTO,0.82,51.8,LATERALIDADE,Monitorar — Iron Condor futuro,50.5,CANDIDATA_PROXIMO_PREGAO,Liquidez score 51.8 ≥ 50 com vencimento CURTO — candidata para próximo pregão.
BBDC4,BBDCI242,CALL,23.93,2026-09-18,114,LONGO,0.65,51.6,RECUPERACAO_APOS_QUEDA,"Call Longa, Trava de Alta, Call Debit Spread",50.5,MONITORAR_NO_RTD,Liquidez score 51.6 ≥ 30 — monitorar confirmação via RTD.
PRIO3,PRIOF382,CALL,38.25,2026-06-19,23,CURTO,28.3,51.5,LATERALIDADE,Monitorar — Iron Condor futuro,50.5,CANDIDATA_PROXIMO_PREGAO,Liquidez score 51.5 ≥ 50 com vencimento CURTO — candidata para próximo pregão.
WEGE3,WEGEI531,CALL,53.03,2026-09-18,114,LONGO,1.15,51.7,RECUPERACAO_APOS_QUEDA,"Call Longa, Trava de Alta, Call Debit Spread",50.5,MONITORAR_NO_RTD,Liquidez score 51.7 ≥ 30 — monitorar confirmação via RTD.
B3SA3,B3SAG130,CALL,12.61,2027-07-16,415,EXTRA_LONGO,7.3,51.7,RECUPERACAO_APOS_QUEDA,"Call Longa, Trava de Alta, Call Debit Spread",50.5,MONITORAR_NO_RTD,Liquidez score 51.7 ≥ 30 — monitorar confirmação via RTD.
BBAS3,BBASK265,CALL,26.52,2026-11-19,176,LONGO,0.83,51.7,RECUPERACAO_APOS_QUEDA,"Call Longa, Trava de Alta, Call Debit Spread",50.5,MONITORAR_NO_RTD,Liquidez score 51.7 ≥ 30 — monitorar confirmação via RTD.
BBAS3,BBASS248,PUT,24.51,2026-07-17,51,MEDIO,3.28,35.0,RECUPERACAO_APOS_QUEDA,"Call Longa, Trava de Alta, Call Debit Spread",50.5,MONITORAR_NO_RTD,Liquidez score 35.0 ≥ 30 — monitorar confirmação via RTD.
BBDC4,BBDCS156,PUT,15.64,2026-07-17,51,MEDIO,0.58,34.9,RECUPERACAO_APOS_QUEDA,"Call Longa, Trava de Alta, Call Debit Spread",50.5,MONITORAR_NO_RTD,Liquidez score 34.9 ≥ 30 — monitorar confirmação via RTD.
VALE3,VALEG706,CALL,70.65,2026-07-17,51,MEDIO,13.7,68.5,LATERALIDADE,Monitorar — Iron Condor futuro,50.5,MONITORAR_NO_RTD,Liquidez score 68.5 ≥ 30 — monitorar confirmação via RTD.
RENT3,RENTH360,CALL,35.57,2026-08-21,86,MEDIO,10.54,35.0,RECUPERACAO_APOS_QUEDA,"Call Longa, Trava de Alta, Call Debit Spread",50.5,MONITORAR_NO_RTD,Liquidez score 35.0 ≥ 30 — monitorar confirmação via RTD.
PETR4,PETRE567,CALL,56.71,2027-05-21,359,EXTRA_LONGO,3.38,68.0,CONTINUACAO_BAIXA,"Trava de Baixa, Put Debit Spread",50.4,MONITORAR_NO_RTD,Liquidez score 68.0 ≥ 30 — monitorar confirmação via RTD.
PRIO3,PRIOF407,CALL,40.75,2026-06-19,23,CURTO,28.65,51.2,LATERALIDADE,Monitorar — Iron Condor futuro,50.4,CANDIDATA_PROXIMO_PREGAO,Liquidez score 51.2 ≥ 50 com vencimento CURTO — candidata para próximo pregão.
PETR4,PETRS562,PUT,55.69,2026-07-17,51,MEDIO,10.15,34.8,CONTINUACAO_BAIXA,"Trava de Baixa, Put Debit Spread",50.4,MONITORAR_NO_RTD,Liquidez score 34.8 ≥ 30 — monitorar confirmação via RTD.
PETR4,PETRP51,PUT,50.0,2027-04-16,324,EXTRA_LONGO,3.43,68.0,CONTINUACAO_BAIXA,"Trava de Baixa, Put Debit Spread",50.4,MONITORAR_NO_RTD,Liquidez score 68.0 ≥ 30 — monitorar confirmação via RTD.
PRIO3,PRIOL700,CALL,70.0,2026-12-18,205,EXTRA_LONGO,8.0,68.0,LATERALIDADE,Monitorar — Iron Condor futuro,50.4,MONITORAR_NO_RTD,Liquidez score 68.0 ≥ 30 — monitorar confirmação via RTD.
HAPV3,HAPVM350,PUT,52.5,2027-01-15,233,EXTRA_LONGO,35.3,68.0,CONTINUACAO_BAIXA,"Trava de Baixa, Put Debit Spread",50.4,MONITORAR_NO_RTD,Liquidez score 68.0 ≥ 30 — monitorar confirmação via RTD.
PETR4,PETRS552,PUT,54.69,2026-07-17,51,MEDIO,9.86,34.7,CONTINUACAO_BAIXA,"Trava de Baixa, Put Debit Spread",50.4,MONITORAR_NO_RTD,Liquidez score 34.7 ≥ 30 — monitorar confirmação via RTD.
ABEV3,ABEVL190,CALL,19.04,2026-12-18,205,EXTRA_LONGO,0.7,68.0,CONTINUACAO_ALTA,"Trava de Alta, Call Debit Spread",50.4,MONITORAR_NO_RTD,Liquidez score 68.0 ≥ 30 — monitorar confirmação via RTD.
PRIO3,PRIOL705,CALL,70.5,2026-12-18,205,EXTRA_LONGO,7.71,68.0,LATERALIDADE,Monitorar — Iron Condor futuro,50.4,MONITORAR_NO_RTD,Liquidez score 68.0 ≥ 30 — monitorar confirmação via RTD.
PRIO3,PRIOF770,CALL,77.0,2026-06-19,23,CURTO,0.81,51.2,LATERALIDADE,Monitorar — Iron Condor futuro,50.4,CANDIDATA_PROXIMO_PREGAO,Liquidez score 51.2 ≥ 50 com vencimento CURTO — candidata para próximo pregão.
ITUB4,ITUBA232,CALL,23.2,2027-01-15,233,EXTRA_LONGO,24.87,68.0,RECUPERACAO_APOS_QUEDA,"Call Longa, Trava de Alta, Call Debit Spread",50.4,MONITORAR_NO_RTD,Liquidez score 68.0 ≥ 30 — monitorar confirmação via RTD.
BBDC4,BBDCS251,PUT,25.16,2026-07-17,51,MEDIO,6.41,34.7,RECUPERACAO_APOS_QUEDA,"Call Longa, Trava de Alta, Call Debit Spread",50.4,MONITORAR_NO_RTD,Liquidez score 34.7 ≥ 30 — monitorar confirmação via RTD.
B3SA3,B3SAD290,CALL,29.05,2027-04-16,324,EXTRA_LONGO,0.28,51.2,RECUPERACAO_APOS_QUEDA,"Call Longa, Trava de Alta, Call Debit Spread",50.4,MONITORAR_NO_RTD,Liquidez score 51.2 ≥ 30 — monitorar confirmação via RTD.
VALE3,VALEF691,CALL,69.18,2026-06-19,23,CURTO,13.55,51.3,LATERALIDADE,Monitorar — Iron Condor futuro,50.4,CANDIDATA_PROXIMO_PREGAO,Liquidez score 51.3 ≥ 50 com vencimento CURTO — candidata para próximo pregão.
WEGE3,WEGES375,PUT,37.46,2026-07-17,51,MEDIO,0.36,34.7,RECUPERACAO_APOS_QUEDA,"Call Longa, Trava de Alta, Call Debit Spread",50.4,MONITORAR_NO_RTD,Liquidez score 34.7 ≥ 30 — monitorar confirmação via RTD.
VALE3,VALER941,PUT,89.18,2026-06-19,23,CURTO,6.1,34.7,LATERALIDADE,Monitorar — Iron Condor futuro,50.4,MONITORAR_NO_RTD,Liquidez score 34.7 ≥ 30 — monitorar confirmação via RTD.
BPAC11,BPACG611,CALL,61.19,2026-07-17,51,MEDIO,0.66,34.6,RECUPERACAO_APOS_QUEDA,"Call Longa, Trava de Alta, Call Debit Spread",50.4,MONITORAR_NO_RTD,Liquidez score 34.6 ≥ 30 — monitorar confirmação via RTD.
VALE3,VALEJ799,CALL,79.9,2026-10-16,142,LONGO,10.57,68.0,LATERALIDADE,Monitorar — Iron Condor futuro,50.4,MONITORAR_NO_RTD,Liquidez score 68.0 ≥ 30 — monitorar confirmação via RTD.
BPAC11,BPACH75,CALL,75.0,2027-08-20,450,EXTRA_LONGO,7.37,68.0,RECUPERACAO_APOS_QUEDA,"Call Longa, Trava de Alta, Call Debit Spread",50.4,MONITORAR_NO_RTD,Liquidez score 68.0 ≥ 30 — monitorar confirmação via RTD.
VALE3,VALEG505,CALL,47.15,2026-07-17,51,MEDIO,42.95,68.0,LATERALIDADE,Monitorar — Iron Condor futuro,50.4,MONITORAR_NO_RTD,Liquidez score 68.0 ≥ 30 — monitorar confirmação via RTD.
BBAS3,BBASS112,PUT,111.76,2026-07-17,51,MEDIO,88.67,34.6,RECUPERACAO_APOS_QUEDA,"Call Longa, Trava de Alta, Call Debit Spread",50.4,MONITORAR_NO_RTD,Liquidez score 34.6 ≥ 30 — monitorar confirmação via RTD.
ITUB4,ITUBG520,CALL,52.06,2027-07-16,415,EXTRA_LONGO,2.16,68.0,RECUPERACAO_APOS_QUEDA,"Call Longa, Trava de Alta, Call Debit Spread",50.4,MONITORAR_NO_RTD,Liquidez score 68.0 ≥ 30 — monitorar confirmação via RTD.
PRIO3,PRIOH477,CALL,47.75,2026-08-21,86,MEDIO,17.0,68.0,LATERALIDADE,Monitorar — Iron Condor futuro,50.4,MONITORAR_NO_RTD,Liquidez score 68.0 ≥ 30 — monitorar confirmação via RTD.
B3SA3,B3SAB227,CALL,22.69,2027-02-19,268,EXTRA_LONGO,0.78,51.3,RECUPERACAO_APOS_QUEDA,"Call Longa, Trava de Alta, Call Debit Spread",50.4,MONITORAR_NO_RTD,Liquidez score 51.3 ≥ 30 — monitorar confirmação via RTD.
VALE3,VALEF551W4,CALL,55.18,2026-06-26,30,CURTO,34.2,51.2,LATERALIDADE,Monitorar — Iron Condor futuro,50.4,CANDIDATA_PROXIMO_PREGAO,Liquidez score 51.2 ≥ 50 com vencimento CURTO — candidata para próximo pregão.
BBAS3,BBASV225,PUT,22.27,2026-10-16,142,LONGO,2.3,34.7,RECUPERACAO_APOS_QUEDA,"Call Longa, Trava de Alta, Call Debit Spread",50.4,MONITORAR_NO_RTD,Liquidez score 34.7 ≥ 30 — monitorar confirmação via RTD.
PETR4,PETRS507,PUT,50.19,2026-07-17,51,MEDIO,5.8,34.2,CONTINUACAO_BAIXA,"Trava de Baixa, Put Debit Spread",50.3,MONITORAR_NO_RTD,Liquidez score 34.2 ≥ 30 — monitorar confirmação via RTD.
BBAS3,BBASH284,CALL,28.52,2026-08-21,86,MEDIO,0.6,34.2,RECUPERACAO_APOS_QUEDA,"Call Longa, Trava de Alta, Call Debit Spread",50.3,MONITORAR_NO_RTD,Liquidez score 34.2 ≥ 30 — monitorar confirmação via RTD.
WEGE3,WEGES535,PUT,53.46,2026-07-17,51,MEDIO,5.11,34.4,RECUPERACAO_APOS_QUEDA,"Call Longa, Trava de Alta, Call Debit Spread",50.3,MONITORAR_NO_RTD,Liquidez score 34.4 ≥ 30 — monitorar confirmação via RTD.
BBAS3,BBASG243,CALL,24.01,2026-07-17,51,MEDIO,0.13,34.4,RECUPERACAO_APOS_QUEDA,"Call Longa, Trava de Alta, Call Debit Spread",50.3,MONITORAR_NO_RTD,Liquidez score 34.4 ≥ 30 — monitorar confirmação via RTD.
BPAC11,BPACS451,PUT,45.19,2026-07-17,51,MEDIO,0.28,34.2,RECUPERACAO_APOS_QUEDA,"Call Longa, Trava de Alta, Call Debit Spread",50.3,MONITORAR_NO_RTD,Liquidez score 34.2 ≥ 30 — monitorar confirmação via RTD.
BPAC11,BPACG601,CALL,60.19,2026-07-17,51,MEDIO,0.8,34.4,RECUPERACAO_APOS_QUEDA,"Call Longa, Trava de Alta, Call Debit Spread",50.3,MONITORAR_NO_RTD,Liquidez score 34.4 ≥ 30 — monitorar confirmação via RTD.
PETR4,PETRG319W4,CALL,31.94,2026-07-24,58,MEDIO,15.04,34.4,CONTINUACAO_BAIXA,"Trava de Baixa, Put Debit Spread",50.3,MONITORAR_NO_RTD,Liquidez score 34.4 ≥ 30 — monitorar confirmação via RTD.
PRIO3,PRIOE640W5,CALL,64.0,2026-05-29,2,CURTO,4.85,34.3,LATERALIDADE,Monitorar — Iron Condor futuro,50.3,MONITORAR_NO_RTD,Liquidez score 34.3 ≥ 30 — monitorar confirmação via RTD.
PETR4,PETRW402,PUT,39.68,2026-11-19,176,LONGO,1.56,51.1,CONTINUACAO_BAIXA,"Trava de Baixa, Put Debit Spread",50.3,MONITORAR_NO_RTD,Liquidez score 51.1 ≥ 30 — monitorar confirmação via RTD.
GGBR4,GGBRK180,CALL,18.08,2026-11-19,176,LONGO,6.76,50.6,CONTINUACAO_ALTA,"Trava de Alta, Call Debit Spread",50.2,MONITORAR_NO_RTD,Liquidez score 50.6 ≥ 30 — monitorar confirmação via RTD.
VALE3,VALEH554,CALL,55.46,2026-08-21,86,MEDIO,28.21,67.2,LATERALIDADE,Monitorar — Iron Condor futuro,50.2,MONITORAR_NO_RTD,Liquidez score 67.2 ≥ 30 — monitorar confirmação via RTD.
VALE3,VALER95,PUT,95.18,2026-06-19,23,CURTO,11.6,50.8,LATERALIDADE,Monitorar — Iron Condor futuro,50.2,CANDIDATA_PROXIMO_PREGAO,Liquidez score 50.8 ≥ 50 com vencimento CURTO — candidata para próximo pregão.
VALE3,VALER731,PUT,73.18,2026-06-19,23,CURTO,0.17,50.7,LATERALIDADE,Monitorar — Iron Condor futuro,50.2,CANDIDATA_PROXIMO_PREGAO,Liquidez score 50.7 ≥ 50 com vencimento CURTO — candidata para próximo pregão.
PRIO3,PRIOF765,CALL,76.5,2026-06-19,23,CURTO,0.9,50.8,LATERALIDADE,Monitorar — Iron Condor futuro,50.2,CANDIDATA_PROXIMO_PREGAO,Liquidez score 50.8 ≥ 50 com vencimento CURTO — candidata para próximo pregão.
BBAS3,BBASG183,CALL,18.01,2026-07-17,51,MEDIO,3.08,34.0,RECUPERACAO_APOS_QUEDA,"Call Longa, Trava de Alta, Call Debit Spread",50.2,MONITORAR_NO_RTD,Liquidez score 34.0 ≥ 30 — monitorar confirmação via RTD.
PRIO3,PRIOG640,CALL,64.0,2026-07-17,51,MEDIO,7.46,50.7,LATERALIDADE,Monitorar — Iron Condor futuro,50.2,MONITORAR_NO_RTD,Liquidez score 50.7 ≥ 30 — monitorar confirmação via RTD.
BBDC4,BBDCG198,CALL,19.65,2026-07-17,51,MEDIO,0.05,34.0,RECUPERACAO_APOS_QUEDA,"Call Longa, Trava de Alta, Call Debit Spread",50.2,MONITORAR_NO_RTD,Liquidez score 34.0 ≥ 30 — monitorar confirmação via RTD.
BPAC11,BPACS469,PUT,46.94,2026-07-17,51,MEDIO,0.43,34.1,RECUPERACAO_APOS_QUEDA,"Call Longa, Trava de Alta, Call Debit Spread",50.2,MONITORAR_NO_RTD,Liquidez score 34.1 ≥ 30 — monitorar confirmação via RTD.
BBDC4,BBDCS159,PUT,15.89,2026-07-17,51,MEDIO,0.7,33.9,RECUPERACAO_APOS_QUEDA,"Call Longa, Trava de Alta, Call Debit Spread",50.2,MONITORAR_NO_RTD,Liquidez score 33.9 ≥ 30 — monitorar confirmação via RTD.
VALE3,VALET135,PUT,135.46,2026-08-21,86,MEDIO,47.82,67.2,LATERALIDADE,Monitorar — Iron Condor futuro,50.2,MONITORAR_NO_RTD,Liquidez score 67.2 ≥ 30 — monitorar confirmação via RTD.
PETR4,PETRK100,CALL,99.68,2026-11-19,176,LONGO,0.19,50.8,CONTINUACAO_BAIXA,"Trava de Baixa, Put Debit Spread",50.2,MONITORAR_NO_RTD,Liquidez score 50.8 ≥ 30 — monitorar confirmação via RTD.
ITUB4,ITUBG314,CALL,28.11,2026-07-17,51,MEDIO,11.96,34.1,RECUPERACAO_APOS_QUEDA,"Call Longa, Trava de Alta, Call Debit Spread",50.2,MONITORAR_NO_RTD,Liquidez score 34.1 ≥ 30 — monitorar confirmação via RTD.
PETR4,PETRX18,PUT,35.68,2026-12-18,205,EXTRA_LONGO,1.12,67.0,CONTINUACAO_BAIXA,"Trava de Baixa, Put Debit Spread",50.1,MONITORAR_NO_RTD,Liquidez score 67.0 ≥ 30 — monitorar confirmação via RTD.
RENT3,RENTS540,PUT,54.07,2026-07-17,51,MEDIO,9.69,33.7,RECUPERACAO_APOS_QUEDA,"Call Longa, Trava de Alta, Call Debit Spread",50.1,MONITORAR_NO_RTD,Liquidez score 33.7 ≥ 30 — monitorar confirmação via RTD.
PETR4,PETRS359,PUT,34.51,2027-07-16,415,EXTRA_LONGO,1.06,67.0,CONTINUACAO_BAIXA,"Trava de Baixa, Put Debit Spread",50.1,MONITORAR_NO_RTD,Liquidez score 67.0 ≥ 30 — monitorar confirmação via RTD.
PETR4,PETRL35,CALL,35.47,2026-12-18,205,EXTRA_LONGO,16.43,67.0,CONTINUACAO_BAIXA,"Trava de Baixa, Put Debit Spread",50.1,MONITORAR_NO_RTD,Liquidez score 67.0 ≥ 30 — monitorar confirmação via RTD.
PRIO3,PRIOR610,PUT,61.0,2026-06-19,23,CURTO,0.65,50.4,LATERALIDADE,Monitorar — Iron Condor futuro,50.1,CANDIDATA_PROXIMO_PREGAO,Liquidez score 50.4 ≥ 50 com vencimento CURTO — candidata para próximo pregão.
PETR4,PETRG312,CALL,29.94,2026-07-17,51,MEDIO,15.39,33.8,CONTINUACAO_BAIXA,"Trava de Baixa, Put Debit Spread",50.1,MONITORAR_NO_RTD,Liquidez score 33.8 ≥ 30 — monitorar confirmação via RTD.
PETR4,PETRS624,PUT,62.46,2026-07-17,51,MEDIO,11.85,33.6,CONTINUACAO_BAIXA,"Trava de Baixa, Put Debit Spread",50.1,MONITORAR_NO_RTD,Liquidez score 33.6 ≥ 30 — monitorar confirmação via RTD.
PRIO3,PRIOF775,CALL,77.5,2026-06-19,23,CURTO,0.7,50.3,LATERALIDADE,Monitorar — Iron Condor futuro,50.1,CANDIDATA_PROXIMO_PREGAO,Liquidez score 50.3 ≥ 50 com vencimento CURTO — candidata para próximo pregão.
VALE3,VALEF640,CALL,60.68,2026-06-19,23,CURTO,22.62,50.3,LATERALIDADE,Monitorar — Iron Condor futuro,50.1,CANDIDATA_PROXIMO_PREGAO,Liquidez score 50.3 ≥ 50 com vencimento CURTO — candidata para próximo pregão.
PETR4,PETRU3,PUT,36.23,2026-09-18,114,LONGO,0.51,50.1,CONTINUACAO_BAIXA,"Trava de Baixa, Put Debit Spread",50.0,MONITORAR_NO_RTD,Liquidez score 50.1 ≥ 30 — monitorar confirmação via RTD.
PRIO3,PRIOL330,CALL,33.0,2026-12-18,205,EXTRA_LONGO,35.0,100.0,LATERALIDADE,Monitorar — Iron Condor futuro,50.0,MONITORAR_NO_RTD,Liquidez score 100.0 ≥ 30 — monitorar confirmação via RTD.
VALE3,VALET809,PUT,80.96,2026-08-21,86,MEDIO,4.96,33.3,LATERALIDADE,Monitorar — Iron Condor futuro,50.0,MONITORAR_NO_RTD,Liquidez score 33.3 ≥ 30 — monitorar confirmação via RTD.
VALE3,VALEG876W4,CALL,87.65,2026-07-24,58,MEDIO,1.95,33.4,LATERALIDADE,Monitorar — Iron Condor futuro,50.0,MONITORAR_NO_RTD,Liquidez score 33.4 ≥ 30 — monitorar confirmação via RTD.
VALE3,VALEL98,CALL,98.46,2026-12-18,205,EXTRA_LONGO,3.05,100.0,LATERALIDADE,Monitorar — Iron Condor futuro,50.0,MONITORAR_NO_RTD,Liquidez score 100.0 ≥ 30 — monitorar confirmação via RTD.
PRIO3,PRIOL400,CALL,40.0,2026-12-18,205,EXTRA_LONGO,30.0,100.0,LATERALIDADE,Monitorar — Iron Condor futuro,50.0,MONITORAR_NO_RTD,Liquidez score 100.0 ≥ 30 — monitorar confirmação via RTD.
ITUB4,ITUBQ36,PUT,49.23,2027-05-21,359,EXTRA_LONGO,4.07,66.7,RECUPERACAO_APOS_QUEDA,"Call Longa, Trava de Alta, Call Debit Spread",50.0,MONITORAR_NO_RTD,Liquidez score 66.7 ≥ 30 — monitorar confirmação via RTD.
BBDC4,BBDCM237,PUT,23.71,2027-01-15,233,EXTRA_LONGO,3.65,66.7,RECUPERACAO_APOS_QUEDA,"Call Longa, Trava de Alta, Call Debit Spread",50.0,MONITORAR_NO_RTD,Liquidez score 66.7 ≥ 30 — monitorar confirmação via RTD.
VALE3,VALEG516,CALL,51.65,2026-07-17,51,MEDIO,30.0,66.7,LATERALIDADE,Monitorar — Iron Condor futuro,50.0,MONITORAR_NO_RTD,Liquidez score 66.7 ≥ 30 — monitorar confirmação via RTD.
VALE3,VALEB638,CALL,58.9,2027-02-19,268,EXTRA_LONGO,32.39,100.0,LATERALIDADE,Monitorar — Iron Condor futuro,50.0,MONITORAR_NO_RTD,Liquidez score 100.0 ≥ 30 — monitorar confirmação via RTD.
PRIO3,PRIOH910,CALL,91.0,2026-08-21,86,MEDIO,1.5,66.7,LATERALIDADE,Monitorar — Iron Condor futuro,50.0,MONITORAR_NO_RTD,Liquidez score 66.7 ≥ 30 — monitorar confirmação via RTD.
PRIO3,PRIOF605,CALL,60.5,2026-06-19,23,CURTO,9.05,50.1,LATERALIDADE,Monitorar — Iron Condor futuro,50.0,CANDIDATA_PROXIMO_PREGAO,Liquidez score 50.1 ≥ 50 com vencimento CURTO — candidata para próximo pregão.
VALE3,VALEB949,CALL,94.9,2027-02-19,268,EXTRA_LONGO,8.83,100.0,LATERALIDADE,Monitorar — Iron Condor futuro,50.0,MONITORAR_NO_RTD,Liquidez score 100.0 ≥ 30 — monitorar confirmação via RTD.
VALE3,VALEJ760,CALL,75.9,2026-10-16,142,LONGO,12.4,66.4,LATERALIDADE,Monitorar — Iron Condor futuro,49.9,MONITORAR_NO_RTD,Liquidez score 66.4 ≥ 30 — monitorar confirmação via RTD.
PETR4,PETRL472,CALL,46.68,2026-12-18,205,EXTRA_LONGO,6.3,33.0,CONTINUACAO_BAIXA,"Trava de Baixa, Put Debit Spread",49.9,MONITORAR_NO_RTD,Liquidez score 33.0 ≥ 30 — monitorar confirmação via RTD.
VALE3,VALEQ890W5,PUT,89.0,2026-05-29,2,CURTO,6.62,33.1,LATERALIDADE,Monitorar — Iron Condor futuro,49.9,MONITORAR_NO_RTD,Liquidez score 33.1 ≥ 30 — monitorar confirmação via RTD.
WEGE3,WEGEL402,CALL,38.54,2026-12-18,205,EXTRA_LONGO,13.02,66.4,RECUPERACAO_APOS_QUEDA,"Call Longa, Trava de Alta, Call Debit Spread",49.9,MONITORAR_NO_RTD,Liquidez score 66.4 ≥ 30 — monitorar confirmação via RTD.
PETR4,PETRH367,CALL,36.19,2026-08-21,86,MEDIO,9.9,33.1,CONTINUACAO_BAIXA,"Trava de Baixa, Put Debit Spread",49.9,MONITORAR_NO_RTD,Liquidez score 33.1 ≥ 30 — monitorar confirmação via RTD.
PRIO3,PRIOG740,CALL,74.0,2026-07-17,51,MEDIO,2.59,33.0,LATERALIDADE,Monitorar — Iron Condor futuro,49.9,MONITORAR_NO_RTD,Liquidez score 33.0 ≥ 30 — monitorar confirmação via RTD.
VALE3,VALEH579,CALL,57.96,2026-08-21,86,MEDIO,26.4,66.4,LATERALIDADE,Monitorar — Iron Condor futuro,49.9,MONITORAR_NO_RTD,Liquidez score 66.4 ≥ 30 — monitorar confirmação via RTD.
VALE3,VALEG615,CALL,58.15,2026-07-17,51,MEDIO,25.15,66.3,LATERALIDADE,Monitorar — Iron Condor futuro,49.9,MONITORAR_NO_RTD,Liquidez score 66.3 ≥ 30 — monitorar confirmação via RTD.
ITUB4,ITUBC612,CALL,61.19,2027-03-19,296,EXTRA_LONGO,0.4,66.3,RECUPERACAO_APOS_QUEDA,"Call Longa, Trava de Alta, Call Debit Spread",49.9,MONITORAR_NO_RTD,Liquidez score 66.3 ≥ 30 — monitorar confirmação via RTD.
ITUB4,ITUBA373,CALL,33.09,2027-01-15,233,EXTRA_LONGO,10.82,66.0,RECUPERACAO_APOS_QUEDA,"Call Longa, Trava de Alta, Call Debit Spread",49.8,MONITORAR_NO_RTD,Liquidez score 66.0 ≥ 30 — monitorar confirmação via RTD.
PRIO3,PRIOR550,PUT,55.0,2026-06-19,23,CURTO,0.21,49.4,LATERALIDADE,Monitorar — Iron Condor futuro,49.8,MONITORAR_NO_RTD,Liquidez score 49.4 ≥ 30 — monitorar confirmação via RTD.
GGBR4,GGBRL23,CALL,25.78,2026-12-18,205,EXTRA_LONGO,1.9,32.5,CONTINUACAO_ALTA,"Trava de Alta, Call Debit Spread",49.8,MONITORAR_NO_RTD,Liquidez score 32.5 ≥ 30 — monitorar confirmação via RTD.
ITUB4,ITUBL341,CALL,30.24,2026-12-18,205,EXTRA_LONGO,15.01,66.0,RECUPERACAO_APOS_QUEDA,"Call Longa, Trava de Alta, Call Debit Spread",49.8,MONITORAR_NO_RTD,Liquidez score 66.0 ≥ 30 — monitorar confirmação via RTD.
SUZB3,SUZBS353,PUT,35.38,2026-07-17,51,MEDIO,0.12,32.8,RECUPERACAO_APOS_QUEDA,"Call Longa, Trava de Alta, Call Debit Spread",49.8,MONITORAR_NO_RTD,Liquidez score 32.8 ≥ 30 — monitorar confirmação via RTD.
ITUB4,ITUBA368,CALL,33.33,2027-01-15,233,EXTRA_LONGO,12.21,66.0,RECUPERACAO_APOS_QUEDA,"Call Longa, Trava de Alta, Call Debit Spread",49.8,MONITORAR_NO_RTD,Liquidez score 66.0 ≥ 30 — monitorar confirmação via RTD.
SUZB3,SUZBA458,CALL,45.88,2027-01-15,233,EXTRA_LONGO,3.37,32.6,RECUPERACAO_APOS_QUEDA,"Call Longa, Trava de Alta, Call Debit Spread",49.8,MONITORAR_NO_RTD,Liquidez score 32.6 ≥ 30 — monitorar confirmação via RTD.
VALE3,VALEC56,CALL,56.54,2027-03-19,296,EXTRA_LONGO,33.7,99.2,LATERALIDADE,Monitorar — Iron Condor futuro,49.8,MONITORAR_NO_RTD,Liquidez score 99.2 ≥ 30 — monitorar confirmação via RTD.
PRIO3,PRIOR580,PUT,58.0,2026-06-19,23,CURTO,0.4,49.2,LATERALIDADE,Monitorar — Iron Condor futuro,49.8,MONITORAR_NO_RTD,Liquidez score 49.2 ≥ 30 — monitorar confirmação via RTD.
PETR4,PETRC675,CALL,67.5,2028-03-17,660,EXTRA_LONGO,4.5,66.0,CONTINUACAO_BAIXA,"Trava de Baixa, Put Debit Spread",49.8,MONITORAR_NO_RTD,Liquidez score 66.0 ≥ 30 — monitorar confirmação via RTD.
PETR4,PETRG199,CALL,19.44,2026-07-17,51,MEDIO,25.24,32.8,CONTINUACAO_BAIXA,"Trava de Baixa, Put Debit Spread",49.8,MONITORAR_NO_RTD,Liquidez score 32.8 ≥ 30 — monitorar confirmação via RTD.
PRIO3,PRIOH106,CALL,106.0,2026-08-21,86,MEDIO,0.17,66.0,LATERALIDADE,Monitorar — Iron Condor futuro,49.8,MONITORAR_NO_RTD,Liquidez score 66.0 ≥ 30 — monitorar confirmação via RTD.
PETR4,PETRT566,PUT,56.61,2027-08-20,450,EXTRA_LONGO,8.55,66.0,CONTINUACAO_BAIXA,"Trava de Baixa, Put Debit Spread",49.8,MONITORAR_NO_RTD,Liquidez score 66.0 ≥ 30 — monitorar confirmação via RTD.
PETR4,PETRS399,PUT,38.51,2027-07-16,415,EXTRA_LONGO,1.69,65.8,CONTINUACAO_BAIXA,"Trava de Baixa, Put Debit Spread",49.7,MONITORAR_NO_RTD,Liquidez score 65.8 ≥ 30 — monitorar confirmação via RTD.
PRIO3,PRIOH105,CALL,105.0,2026-08-21,86,MEDIO,0.22,65.6,LATERALIDADE,Monitorar — Iron Condor futuro,49.7,MONITORAR_NO_RTD,Liquidez score 65.6 ≥ 30 — monitorar confirmação via RTD.
BBAS3,BBASM148,PUT,147.93,2027-01-15,233,EXTRA_LONGO,113.93,65.6,RECUPERACAO_APOS_QUEDA,"Call Longa, Trava de Alta, Call Debit Spread",49.7,MONITORAR_NO_RTD,Liquidez score 65.6 ≥ 30 — monitorar confirmação via RTD.
ITUB4,ITUBB512,CALL,47.16,2027-02-19,268,EXTRA_LONGO,2.33,65.6,RECUPERACAO_APOS_QUEDA,"Call Longa, Trava de Alta, Call Debit Spread",49.7,MONITORAR_NO_RTD,Liquidez score 65.6 ≥ 30 — monitorar confirmação via RTD.
BBAS3,BBASS28,PUT,28.26,2026-07-17,51,MEDIO,4.83,32.3,RECUPERACAO_APOS_QUEDA,"Call Longa, Trava de Alta, Call Debit Spread",49.7,MONITORAR_NO_RTD,Liquidez score 32.3 ≥ 30 — monitorar confirmação via RTD.
PETR4,PETRG584,CALL,58.46,2026-07-17,51,MEDIO,0.78,32.2,CONTINUACAO_BAIXA,"Trava de Baixa, Put Debit Spread",49.7,MONITORAR_NO_RTD,Liquidez score 32.2 ≥ 30 — monitorar confirmação via RTD.
RADL3,RADLS211,PUT,21.12,2026-07-17,51,MEDIO,2.26,32.4,CONTINUACAO_BAIXA,"Trava de Baixa, Put Debit Spread",49.7,MONITORAR_NO_RTD,Liquidez score 32.4 ≥ 30 — monitorar confirmação via RTD.
PRIO3,PRIOR590,PUT,59.0,2026-06-19,23,CURTO,0.44,48.7,LATERALIDADE,Monitorar — Iron Condor futuro,49.6,MONITORAR_NO_RTD,Liquidez score 48.7 ≥ 30 — monitorar confirmação via RTD.
VALE3,VALEH544,CALL,54.46,2026-08-21,86,MEDIO,26.5,65.3,LATERALIDADE,Monitorar — Iron Condor futuro,49.6,MONITORAR_NO_RTD,Liquidez score 65.3 ≥ 30 — monitorar confirmação via RTD.
BBDC4,BBDCS21,PUT,21.66,2026-07-17,51,MEDIO,3.55,32.0,RECUPERACAO_APOS_QUEDA,"Call Longa, Trava de Alta, Call Debit Spread",49.6,MONITORAR_NO_RTD,Liquidez score 32.0 ≥ 30 — monitorar confirmação via RTD.
SUZB3,SUZBG473,CALL,47.38,2026-07-17,51,MEDIO,0.25,32.0,RECUPERACAO_APOS_QUEDA,"Call Longa, Trava de Alta, Call Debit Spread",49.6,MONITORAR_NO_RTD,Liquidez score 32.0 ≥ 30 — monitorar confirmação via RTD.
ABEV3,ABEVG186,CALL,18.67,2026-07-17,51,MEDIO,0.3,32.1,CONTINUACAO_ALTA,"Trava de Alta, Call Debit Spread",49.6,MONITORAR_NO_RTD,Liquidez score 32.1 ≥ 30 — monitorar confirmação via RTD.
PRIO3,PRIOR575,PUT,57.5,2026-06-19,23,CURTO,0.35,48.6,LATERALIDADE,Monitorar — Iron Condor futuro,49.6,MONITORAR_NO_RTD,Liquidez score 48.6 ≥ 30 — monitorar confirmação via RTD.
PRIO3,PRIOR560,PUT,56.0,2026-06-19,23,CURTO,0.25,48.7,LATERALIDADE,Monitorar — Iron Condor futuro,49.6,MONITORAR_NO_RTD,Liquidez score 48.7 ≥ 30 — monitorar confirmação via RTD.
BBDC4,BBDCL157,CALL,15.74,2026-12-18,205,EXTRA_LONGO,1.8,65.3,RECUPERACAO_APOS_QUEDA,"Call Longa, Trava de Alta, Call Debit Spread",49.6,MONITORAR_NO_RTD,Liquidez score 65.3 ≥ 30 — monitorar confirmação via RTD.
VALE3,VALEG555,CALL,52.15,2026-07-17,51,MEDIO,32.63,65.3,LATERALIDADE,Monitorar — Iron Condor futuro,49.6,MONITORAR_NO_RTD,Liquidez score 65.3 ≥ 30 — monitorar confirmação via RTD.
BBAS3,BBASH172,CALL,17.27,2026-08-21,86,MEDIO,4.3,31.6,RECUPERACAO_APOS_QUEDA,"Call Longa, Trava de Alta, Call Debit Spread",49.5,MONITORAR_NO_RTD,Liquidez score 31.6 ≥ 30 — monitorar confirmação via RTD.
VALE3,VALEW796,PUT,79.65,2026-11-19,176,LONGO,3.09,48.5,LATERALIDADE,Monitorar — Iron Condor futuro,49.5,MONITORAR_NO_RTD,Liquidez score 48.5 ≥ 30 — monitorar confirmação via RTD.
WEGE3,WEGEI376,CALL,37.53,2026-09-18,114,LONGO,8.05,48.3,RECUPERACAO_APOS_QUEDA,"Call Longa, Trava de Alta, Call Debit Spread",49.5,MONITORAR_NO_RTD,Liquidez score 48.3 ≥ 30 — monitorar confirmação via RTD.
BBDC4,BBDCG134,CALL,12.43,2026-07-17,51,MEDIO,8.32,31.5,RECUPERACAO_APOS_QUEDA,"Call Longa, Trava de Alta, Call Debit Spread",49.5,MONITORAR_NO_RTD,Liquidez score 31.5 ≥ 30 — monitorar confirmação via RTD.
PETR4,PETRH352,CALL,34.69,2026-08-21,86,MEDIO,11.95,31.8,CONTINUACAO_BAIXA,"Trava de Baixa, Put Debit Spread",49.5,MONITORAR_NO_RTD,Liquidez score 31.8 ≥ 30 — monitorar confirmação via RTD.
PETR4,PETRU419,PUT,40.61,2027-09-17,478,EXTRA_LONGO,2.19,31.8,CONTINUACAO_BAIXA,"Trava de Baixa, Put Debit Spread",49.5,MONITORAR_NO_RTD,Liquidez score 31.8 ≥ 30 — monitorar confirmação via RTD.
BPAC11,BPACL596,CALL,59.69,2026-12-18,205,EXTRA_LONGO,7.72,31.6,RECUPERACAO_APOS_QUEDA,"Call Longa, Trava de Alta, Call Debit Spread",49.5,MONITORAR_NO_RTD,Liquidez score 31.6 ≥ 30 — monitorar confirmação via RTD.
HAPV3,HAPVG157,CALL,15.75,2026-07-17,51,MEDIO,0.26,31.5,CONTINUACAO_BAIXA,"Trava de Baixa, Put Debit Spread",49.5,MONITORAR_NO_RTD,Liquidez score 31.5 ≥ 30 — monitorar confirmação via RTD.
BBDC4,BBDCS3,PUT,19.91,2026-07-17,51,MEDIO,2.06,31.7,RECUPERACAO_APOS_QUEDA,"Call Longa, Trava de Alta, Call Debit Spread",49.5,MONITORAR_NO_RTD,Liquidez score 31.7 ≥ 30 — monitorar confirmação via RTD.
ABEV3,ABEVX181,PUT,16.54,2026-12-18,205,EXTRA_LONGO,0.84,48.5,CONTINUACAO_ALTA,"Trava de Alta, Call Debit Spread",49.5,MONITORAR_NO_RTD,Liquidez score 48.5 ≥ 30 — monitorar confirmação via RTD.
RENT3,RENTS498,PUT,49.82,2026-07-17,51,MEDIO,5.67,31.4,RECUPERACAO_APOS_QUEDA,"Call Longa, Trava de Alta, Call Debit Spread",49.4,MONITORAR_NO_RTD,Liquidez score 31.4 ≥ 30 — monitorar confirmação via RTD.
VALE3,VALEF716,CALL,71.68,2026-06-19,23,CURTO,10.2,48.0,LATERALIDADE,Monitorar — Iron Condor futuro,49.4,MONITORAR_NO_RTD,Liquidez score 48.0 ≥ 30 — monitorar confirmação via RTD.
PETR4,PETRU404,PUT,39.94,2026-09-18,114,LONGO,1.15,47.9,CONTINUACAO_BAIXA,"Trava de Baixa, Put Debit Spread",49.4,MONITORAR_NO_RTD,Liquidez score 47.9 ≥ 30 — monitorar confirmação via RTD.
BPAC11,BPACS479,PUT,47.94,2026-07-17,51,MEDIO,0.54,31.2,RECUPERACAO_APOS_QUEDA,"Call Longa, Trava de Alta, Call Debit Spread",49.4,MONITORAR_NO_RTD,Liquidez score 31.2 ≥ 30 — monitorar confirmação via RTD.
VALE3,VALEH760,CALL,68.46,2026-08-21,86,MEDIO,17.49,64.8,LATERALIDADE,Monitorar — Iron Condor futuro,49.4,MONITORAR_NO_RTD,Liquidez score 64.8 ≥ 30 — monitorar confirmação via RTD.
VALE3,VALEF986,CALL,93.68,2026-06-19,23,CURTO,0.15,48.1,LATERALIDADE,Monitorar — Iron Condor futuro,49.4,MONITORAR_NO_RTD,Liquidez score 48.1 ≥ 30 — monitorar confirmação via RTD.
RENT3,RENTS383,PUT,38.32,2026-07-17,51,MEDIO,0.8,31.2,RECUPERACAO_APOS_QUEDA,"Call Longa, Trava de Alta, Call Debit Spread",49.4,MONITORAR_NO_RTD,Liquidez score 31.2 ≥ 30 — monitorar confirmação via RTD.
PETR4,PETRH322,CALL,26.48,2026-08-21,86,MEDIO,22.5,31.4,CONTINUACAO_BAIXA,"Trava de Baixa, Put Debit Spread",49.4,MONITORAR_NO_RTD,Liquidez score 31.4 ≥ 30 — monitorar confirmação via RTD.
PRIO3,PRIOT570,PUT,57.0,2026-08-21,86,MEDIO,1.78,64.8,LATERALIDADE,Monitorar — Iron Condor futuro,49.4,MONITORAR_NO_RTD,Liquidez score 64.8 ≥ 30 — monitorar confirmação via RTD.
PRIO3,PRIOF560,CALL,56.0,2026-06-19,23,CURTO,12.77,47.8,LATERALIDADE,Monitorar — Iron Condor futuro,49.3,MONITORAR_NO_RTD,Liquidez score 47.8 ≥ 30 — monitorar confirmação via RTD.
HAPV3,HAPVS152,PUT,15.25,2026-07-17,51,MEDIO,3.25,30.9,CONTINUACAO_BAIXA,"Trava de Baixa, Put Debit Spread",49.3,MONITORAR_NO_RTD,Liquidez score 30.9 ≥ 30 — monitorar confirmação via RTD.
PRIO3,PRIOF795,CALL,79.5,2026-06-19,23,CURTO,0.5,47.7,LATERALIDADE,Monitorar — Iron Condor futuro,49.3,MONITORAR_NO_RTD,Liquidez score 47.7 ≥ 30 — monitorar confirmação via RTD.
PRIO3,PRIOF810,CALL,81.0,2026-06-19,23,CURTO,0.4,47.7,LATERALIDADE,Monitorar — Iron Condor futuro,49.3,MONITORAR_NO_RTD,Liquidez score 47.7 ≥ 30 — monitorar confirmação via RTD.
BPAC11,BPACS611,PUT,61.19,2026-07-17,51,MEDIO,6.76,31.1,RECUPERACAO_APOS_QUEDA,"Call Longa, Trava de Alta, Call Debit Spread",49.3,MONITORAR_NO_RTD,Liquidez score 31.1 ≥ 30 — monitorar confirmação via RTD.
BBAS3,BBASK257,CALL,25.77,2026-11-19,176,LONGO,0.88,47.8,RECUPERACAO_APOS_QUEDA,"Call Longa, Trava de Alta, Call Debit Spread",49.3,MONITORAR_NO_RTD,Liquidez score 47.8 ≥ 30 — monitorar confirmação via RTD.
RADL3,RADLS255,PUT,25.52,2026-07-17,51,MEDIO,5.19,31.0,CONTINUACAO_BAIXA,"Trava de Baixa, Put Debit Spread",49.3,MONITORAR_NO_RTD,Liquidez score 31.0 ≥ 30 — monitorar confirmação via RTD.
PETR4,PETRI429,CALL,42.98,2026-09-18,114,LONGO,7.0,31.0,CONTINUACAO_BAIXA,"Trava de Baixa, Put Debit Spread",49.3,MONITORAR_NO_RTD,Liquidez score 31.0 ≥ 30 — monitorar confirmação via RTD.
BBDC4,BBDCX232,PUT,22.89,2026-12-18,205,EXTRA_LONGO,3.96,64.4,RECUPERACAO_APOS_QUEDA,"Call Longa, Trava de Alta, Call Debit Spread",49.3,MONITORAR_NO_RTD,Liquidez score 64.4 ≥ 30 — monitorar confirmação via RTD.
ITUB4,ITUBL223,CALL,22.3,2026-12-18,205,EXTRA_LONGO,23.1,64.0,RECUPERACAO_APOS_QUEDA,"Call Longa, Trava de Alta, Call Debit Spread",49.2,MONITORAR_NO_RTD,Liquidez score 64.0 ≥ 30 — monitorar confirmação via RTD.
PRIO3,PRIOH427,CALL,42.75,2026-08-21,86,MEDIO,27.5,64.0,LATERALIDADE,Monitorar — Iron Condor futuro,49.2,MONITORAR_NO_RTD,Liquidez score 64.0 ≥ 30 — monitorar confirmação via RTD.
PETR4,PETRD585,CALL,58.5,2027-04-16,324,EXTRA_LONGO,3.68,64.0,CONTINUACAO_BAIXA,"Trava de Baixa, Put Debit Spread",49.2,MONITORAR_NO_RTD,Liquidez score 64.0 ≥ 30 — monitorar confirmação via RTD.
PRIO3,PRIOG40,CALL,40.0,2026-07-17,51,MEDIO,27.19,64.0,LATERALIDADE,Monitorar — Iron Condor futuro,49.2,MONITORAR_NO_RTD,Liquidez score 64.0 ≥ 30 — monitorar confirmação via RTD.
VALE3,VALEG721W4,CALL,72.15,2026-07-24,58,MEDIO,12.05,64.0,LATERALIDADE,Monitorar — Iron Condor futuro,49.2,MONITORAR_NO_RTD,Liquidez score 64.0 ≥ 30 — monitorar confirmação via RTD.
PRIO3,PRIOG530,CALL,53.0,2026-07-17,51,MEDIO,12.25,64.1,LATERALIDADE,Monitorar — Iron Condor futuro,49.2,MONITORAR_NO_RTD,Liquidez score 64.1 ≥ 30 — monitorar confirmação via RTD.
BBDC4,BBDCL102,CALL,10.24,2026-12-18,205,EXTRA_LONGO,6.03,64.0,RECUPERACAO_APOS_QUEDA,"Call Longa, Trava de Alta, Call Debit Spread",49.2,MONITORAR_NO_RTD,Liquidez score 64.0 ≥ 30 — monitorar confirmação via RTD.
ITUB4,ITUBG384,CALL,34.91,2026-07-17,51,MEDIO,4.76,30.6,RECUPERACAO_APOS_QUEDA,"Call Longa, Trava de Alta, Call Debit Spread",49.2,MONITORAR_NO_RTD,Liquidez score 30.6 ≥ 30 — monitorar confirmação via RTD.
PRIO3,PRIOH442,CALL,44.25,2026-08-21,86,MEDIO,22.0,64.0,LATERALIDADE,Monitorar — Iron Condor futuro,49.2,MONITORAR_NO_RTD,Liquidez score 64.0 ≥ 30 — monitorar confirmação via RTD.
VALE3,VALEG506,CALL,50.65,2026-07-17,51,MEDIO,33.71,64.0,LATERALIDADE,Monitorar — Iron Condor futuro,49.2,MONITORAR_NO_RTD,Liquidez score 64.0 ≥ 30 — monitorar confirmação via RTD.
PETR4,PETRE619,CALL,62.0,2028-05-19,723,EXTRA_LONGO,9.0,64.0,CONTINUACAO_BAIXA,"Trava de Baixa, Put Debit Spread",49.2,MONITORAR_NO_RTD,Liquidez score 64.0 ≥ 30 — monitorar confirmação via RTD.
ITUB4,ITUBL301,CALL,30.18,2026-12-18,205,EXTRA_LONGO,12.92,64.0,RECUPERACAO_APOS_QUEDA,"Call Longa, Trava de Alta, Call Debit Spread",49.2,MONITORAR_NO_RTD,Liquidez score 64.0 ≥ 30 — monitorar confirmação via RTD.
ITUB4,ITUBL263,CALL,23.01,2026-12-18,205,EXTRA_LONGO,19.1,64.0,RECUPERACAO_APOS_QUEDA,"Call Longa, Trava de Alta, Call Debit Spread",49.2,MONITORAR_NO_RTD,Liquidez score 64.0 ≥ 30 — monitorar confirmação via RTD.
RENT3,RENTL575,CALL,57.55,2026-12-18,205,EXTRA_LONGO,7.2,64.0,RECUPERACAO_APOS_QUEDA,"Call Longa, Trava de Alta, Call Debit Spread",49.2,MONITORAR_NO_RTD,Liquidez score 64.0 ≥ 30 — monitorar confirmação via RTD.
ITUB4,ITUBL328,CALL,32.83,2026-12-18,205,EXTRA_LONGO,10.71,64.0,RECUPERACAO_APOS_QUEDA,"Call Longa, Trava de Alta, Call Debit Spread",49.2,MONITORAR_NO_RTD,Liquidez score 64.0 ≥ 30 — monitorar confirmação via RTD.
BBAS3,BBASN177,PUT,177.74,2027-02-19,268,EXTRA_LONGO,131.64,64.0,RECUPERACAO_APOS_QUEDA,"Call Longa, Trava de Alta, Call Debit Spread",49.2,MONITORAR_NO_RTD,Liquidez score 64.0 ≥ 30 — monitorar confirmação via RTD.
ITUB4,ITUBL33,CALL,33.08,2026-12-18,205,EXTRA_LONGO,12.18,64.0,RECUPERACAO_APOS_QUEDA,"Call Longa, Trava de Alta, Call Debit Spread",49.2,MONITORAR_NO_RTD,Liquidez score 64.0 ≥ 30 — monitorar confirmação via RTD.
PETR4,PETRO685,PUT,68.5,2028-03-17,660,EXTRA_LONGO,12.16,64.0,CONTINUACAO_BAIXA,"Trava de Baixa, Put Debit Spread",49.2,MONITORAR_NO_RTD,Liquidez score 64.0 ≥ 30 — monitorar confirmação via RTD.
BBAS3,BBASN1,PUT,158.74,2027-02-19,268,EXTRA_LONGO,122.1,64.0,RECUPERACAO_APOS_QUEDA,"Call Longa, Trava de Alta, Call Debit Spread",49.2,MONITORAR_NO_RTD,Liquidez score 64.0 ≥ 30 — monitorar confirmação via RTD.
VALE3,VALEG526,CALL,52.65,2026-07-17,51,MEDIO,30.14,64.0,LATERALIDADE,Monitorar — Iron Condor futuro,49.2,MONITORAR_NO_RTD,Liquidez score 64.0 ≥ 30 — monitorar confirmação via RTD.
PRIO3,PRIOH920,CALL,92.0,2026-08-21,86,MEDIO,1.56,64.0,LATERALIDADE,Monitorar — Iron Condor futuro,49.2,MONITORAR_NO_RTD,Liquidez score 64.0 ≥ 30 — monitorar confirmação via RTD.
PRIO3,PRIOH900,CALL,90.0,2026-08-21,86,MEDIO,0.87,64.0,LATERALIDADE,Monitorar — Iron Condor futuro,49.2,MONITORAR_NO_RTD,Liquidez score 64.0 ≥ 30 — monitorar confirmação via RTD.
PRIO3,PRIOH482,CALL,48.25,2026-08-21,86,MEDIO,17.7,64.0,LATERALIDADE,Monitorar — Iron Condor futuro,49.2,MONITORAR_NO_RTD,Liquidez score 64.0 ≥ 30 — monitorar confirmação via RTD.
PRIO3,PRIOS865,PUT,86.5,2026-07-17,51,MEDIO,17.62,64.0,LATERALIDADE,Monitorar — Iron Condor futuro,49.2,MONITORAR_NO_RTD,Liquidez score 64.0 ≥ 30 — monitorar confirmação via RTD.
VALE3,VALEI776,CALL,77.65,2026-09-18,114,LONGO,13.55,64.0,LATERALIDADE,Monitorar — Iron Condor futuro,49.2,MONITORAR_NO_RTD,Liquidez score 64.0 ≥ 30 — monitorar confirmação via RTD.
VALE3,VALEC870,CALL,87.0,2028-03-17,660,EXTRA_LONGO,20.5,64.0,LATERALIDADE,Monitorar — Iron Condor futuro,49.2,MONITORAR_NO_RTD,Liquidez score 64.0 ≥ 30 — monitorar confirmação via RTD.
PRIO3,PRIOT565,PUT,56.5,2026-08-21,86,MEDIO,0.81,64.0,LATERALIDADE,Monitorar — Iron Condor futuro,49.2,MONITORAR_NO_RTD,Liquidez score 64.0 ≥ 30 — monitorar confirmação via RTD.
PETR4,PETRC685,CALL,68.5,2028-03-17,660,EXTRA_LONGO,8.4,64.0,CONTINUACAO_BAIXA,"Trava de Baixa, Put Debit Spread",49.2,MONITORAR_NO_RTD,Liquidez score 64.0 ≥ 30 — monitorar confirmação via RTD.
VALE3,VALEU891,PUT,89.15,2026-09-18,114,LONGO,8.85,64.0,LATERALIDADE,Monitorar — Iron Condor futuro,49.2,MONITORAR_NO_RTD,Liquidez score 64.0 ≥ 30 — monitorar confirmação via RTD.
VALE3,VALET400,PUT,396.96,2026-08-21,86,MEDIO,290.85,64.0,LATERALIDADE,Monitorar — Iron Condor futuro,49.2,MONITORAR_NO_RTD,Liquidez score 64.0 ≥ 30 — monitorar confirmação via RTD.
VALE3,VALEF870,CALL,87.04,2027-06-18,387,EXTRA_LONGO,16.29,64.0,LATERALIDADE,Monitorar — Iron Condor futuro,49.2,MONITORAR_NO_RTD,Liquidez score 64.0 ≥ 30 — monitorar confirmação via RTD.
ITUB4,ITUBL200,CALL,20.08,2026-12-18,205,EXTRA_LONGO,20.8,64.0,RECUPERACAO_APOS_QUEDA,"Call Longa, Trava de Alta, Call Debit Spread",49.2,MONITORAR_NO_RTD,Liquidez score 64.0 ≥ 30 — monitorar confirmação via RTD.
PETR4,PETRP589,PUT,58.96,2027-04-16,324,EXTRA_LONGO,9.92,64.0,CONTINUACAO_BAIXA,"Trava de Baixa, Put Debit Spread",49.2,MONITORAR_NO_RTD,Liquidez score 64.0 ≥ 30 — monitorar confirmação via RTD.
PETR4,PETRB372,CALL,37.25,2027-02-19,268,EXTRA_LONGO,13.31,64.0,CONTINUACAO_BAIXA,"Trava de Baixa, Put Debit Spread",49.2,MONITORAR_NO_RTD,Liquidez score 64.0 ≥ 30 — monitorar confirmação via RTD.
PETR4,PETRP585,PUT,58.5,2027-04-16,324,EXTRA_LONGO,6.0,64.0,CONTINUACAO_BAIXA,"Trava de Baixa, Put Debit Spread",49.2,MONITORAR_NO_RTD,Liquidez score 64.0 ≥ 30 — monitorar confirmação via RTD.
PETR4,PETRC62,CALL,62.0,2028-03-17,660,EXTRA_LONGO,4.05,64.0,CONTINUACAO_BAIXA,"Trava de Baixa, Put Debit Spread",49.2,MONITORAR_NO_RTD,Liquidez score 64.0 ≥ 30 — monitorar confirmação via RTD.
PETR4,PETRA372,CALL,37.25,2027-01-15,233,EXTRA_LONGO,12.72,64.0,CONTINUACAO_BAIXA,"Trava de Baixa, Put Debit Spread",49.2,MONITORAR_NO_RTD,Liquidez score 64.0 ≥ 30 — monitorar confirmação via RTD.
PETR4,PETRA268,CALL,26.0,2027-01-15,233,EXTRA_LONGO,23.71,64.0,CONTINUACAO_BAIXA,"Trava de Baixa, Put Debit Spread",49.2,MONITORAR_NO_RTD,Liquidez score 64.0 ≥ 30 — monitorar confirmação via RTD.
BPAC11,BPACT75,PUT,75.0,2027-08-20,450,EXTRA_LONGO,11.8,64.0,RECUPERACAO_APOS_QUEDA,"Call Longa, Trava de Alta, Call Debit Spread",49.2,MONITORAR_NO_RTD,Liquidez score 64.0 ≥ 30 — monitorar confirmação via RTD.
PETR4,PETRQ547,PUT,54.71,2027-05-21,359,EXTRA_LONGO,7.0,64.0,CONTINUACAO_BAIXA,"Trava de Baixa, Put Debit Spread",49.2,MONITORAR_NO_RTD,Liquidez score 64.0 ≥ 30 — monitorar confirmação via RTD.
PETR4,PETRL384,CALL,38.43,2026-12-18,205,EXTRA_LONGO,14.07,64.0,CONTINUACAO_BAIXA,"Trava de Baixa, Put Debit Spread",49.2,MONITORAR_NO_RTD,Liquidez score 64.0 ≥ 30 — monitorar confirmação via RTD.
PRIO3,PRIOH440,CALL,44.0,2026-08-21,86,MEDIO,22.57,64.0,LATERALIDADE,Monitorar — Iron Condor futuro,49.2,MONITORAR_NO_RTD,Liquidez score 64.0 ≥ 30 — monitorar confirmação via RTD.
PETR4,PETRP56,PUT,56.0,2027-04-16,324,EXTRA_LONGO,6.06,64.0,CONTINUACAO_BAIXA,"Trava de Baixa, Put Debit Spread",49.2,MONITORAR_NO_RTD,Liquidez score 64.0 ≥ 30 — monitorar confirmação via RTD.
VALE3,VALEH524,CALL,52.46,2026-08-21,86,MEDIO,37.59,64.0,LATERALIDADE,Monitorar — Iron Condor futuro,49.2,MONITORAR_NO_RTD,Liquidez score 64.0 ≥ 30 — monitorar confirmação via RTD.
PETR4,PETRQ587,PUT,58.71,2027-05-21,359,EXTRA_LONGO,8.91,64.0,CONTINUACAO_BAIXA,"Trava de Baixa, Put Debit Spread",49.2,MONITORAR_NO_RTD,Liquidez score 64.0 ≥ 30 — monitorar confirmação via RTD.
PETR4,PETRQ619,PUT,62.0,2028-05-19,723,EXTRA_LONGO,9.79,64.0,CONTINUACAO_BAIXA,"Trava de Baixa, Put Debit Spread",49.2,MONITORAR_NO_RTD,Liquidez score 64.0 ≥ 30 — monitorar confirmação via RTD.
ITUB4,ITUBC302,CALL,29.94,2027-03-19,296,EXTRA_LONGO,13.03,63.9,RECUPERACAO_APOS_QUEDA,"Call Longa, Trava de Alta, Call Debit Spread",49.2,MONITORAR_NO_RTD,Liquidez score 63.9 ≥ 30 — monitorar confirmação via RTD.
PETR4,PETRE547,CALL,54.71,2027-05-21,359,EXTRA_LONGO,4.02,64.0,CONTINUACAO_BAIXA,"Trava de Baixa, Put Debit Spread",49.2,MONITORAR_NO_RTD,Liquidez score 64.0 ≥ 30 — monitorar confirmação via RTD.
PRIO3,PRIOR585,PUT,58.5,2026-06-19,23,CURTO,0.41,47.1,LATERALIDADE,Monitorar — Iron Condor futuro,49.1,MONITORAR_NO_RTD,Liquidez score 47.1 ≥ 30 — monitorar confirmação via RTD.
ENEV3,ENEVI300,CALL,30.0,2026-09-18,114,LONGO,0.7,30.5,PROTECAO_CARTEIRA,"Protective Put, Collar",49.1,MONITORAR_NO_RTD,Liquidez score 30.5 ≥ 30 — monitorar confirmação via RTD.
SUZB3,SUZBT63,PUT,61.88,2026-08-21,86,MEDIO,6.8,30.2,RECUPERACAO_APOS_QUEDA,"Call Longa, Trava de Alta, Call Debit Spread",49.1,MONITORAR_NO_RTD,Liquidez score 30.2 ≥ 30 — monitorar confirmação via RTD.
TAEE11,TAEEG355,CALL,34.14,2026-07-17,51,MEDIO,5.52,30.5,RECUPERACAO_APOS_QUEDA,"Call Longa, Trava de Alta, Call Debit Spread",49.1,MONITORAR_NO_RTD,Liquidez score 30.5 ≥ 30 — monitorar confirmação via RTD.
VALE3,VALEG775,CALL,74.15,2026-07-17,51,MEDIO,10.39,63.7,LATERALIDADE,Monitorar — Iron Condor futuro,49.1,MONITORAR_NO_RTD,Liquidez score 63.7 ≥ 30 — monitorar confirmação via RTD.
RADL3,RADLS286,PUT,28.62,2026-07-17,51,MEDIO,7.41,30.2,CONTINUACAO_BAIXA,"Trava de Baixa, Put Debit Spread",49.1,MONITORAR_NO_RTD,Liquidez score 30.2 ≥ 30 — monitorar confirmação via RTD.
BBDC4,BBDCG21,CALL,21.66,2026-07-17,51,MEDIO,0.04,30.3,RECUPERACAO_APOS_QUEDA,"Call Longa, Trava de Alta, Call Debit Spread",49.1,MONITORAR_NO_RTD,Liquidez score 30.3 ≥ 30 — monitorar confirmação via RTD.
BBAS3,BBASX207,PUT,20.43,2026-12-18,205,EXTRA_LONGO,1.25,30.2,RECUPERACAO_APOS_QUEDA,"Call Longa, Trava de Alta, Call Debit Spread",49.1,MONITORAR_NO_RTD,Liquidez score 30.2 ≥ 30 — monitorar confirmação via RTD.
BBAS3,BBASU224,PUT,22.43,2026-09-18,114,LONGO,1.75,30.5,RECUPERACAO_APOS_QUEDA,"Call Longa, Trava de Alta, Call Debit Spread",49.1,MONITORAR_NO_RTD,Liquidez score 30.5 ≥ 30 — monitorar confirmação via RTD.
BPAC11,BPACX52,PUT,51.69,2026-12-18,205,EXTRA_LONGO,2.4,30.4,RECUPERACAO_APOS_QUEDA,"Call Longa, Trava de Alta, Call Debit Spread",49.1,MONITORAR_NO_RTD,Liquidez score 30.4 ≥ 30 — monitorar confirmação via RTD.
PETR4,PETRS510,PUT,50.46,2026-07-17,51,MEDIO,2.95,30.2,CONTINUACAO_BAIXA,"Trava de Baixa, Put Debit Spread",49.1,MONITORAR_NO_RTD,Liquidez score 30.2 ≥ 30 — monitorar confirmação via RTD.
BBAS3,BBASW301,PUT,29.77,2026-11-19,176,LONGO,7.8,47.1,RECUPERACAO_APOS_QUEDA,"Call Longa, Trava de Alta, Call Debit Spread",49.1,MONITORAR_NO_RTD,Liquidez score 47.1 ≥ 30 — monitorar confirmação via RTD.
ITUB4,ITUBG388,CALL,35.15,2026-07-17,51,MEDIO,5.35,30.4,RECUPERACAO_APOS_QUEDA,"Call Longa, Trava de Alta, Call Debit Spread",49.1,MONITORAR_NO_RTD,Liquidez score 30.4 ≥ 30 — monitorar confirmação via RTD.
RENT3,RENTG488,CALL,48.82,2026-07-17,51,MEDIO,1.15,30.5,RECUPERACAO_APOS_QUEDA,"Call Longa, Trava de Alta, Call Debit Spread",49.1,MONITORAR_NO_RTD,Liquidez score 30.5 ≥ 30 — monitorar confirmação via RTD.
BBDC4,BBDCL224,CALL,21.89,2026-12-18,205,EXTRA_LONGO,0.78,63.4,RECUPERACAO_APOS_QUEDA,"Call Longa, Trava de Alta, Call Debit Spread",49.0,MONITORAR_NO_RTD,Liquidez score 63.4 ≥ 30 — monitorar confirmação via RTD.
VALE3,VALEH699,CALL,69.96,2026-08-21,86,MEDIO,13.14,63.2,LATERALIDADE,Monitorar — Iron Condor futuro,49.0,MONITORAR_NO_RTD,Liquidez score 63.2 ≥ 30 — monitorar confirmação via RTD.
PRIO3,PRIOF780,CALL,78.0,2026-06-19,23,CURTO,0.67,46.7,LATERALIDADE,Monitorar — Iron Condor futuro,49.0,MONITORAR_NO_RTD,Liquidez score 46.7 ≥ 30 — monitorar confirmação via RTD.
PETR4,PETRA420,CALL,41.46,2028-01-21,604,EXTRA_LONGO,14.0,46.7,CONTINUACAO_BAIXA,"Trava de Baixa, Put Debit Spread",49.0,MONITORAR_NO_RTD,Liquidez score 46.7 ≥ 30 — monitorar confirmação via RTD.
BBAS3,BBASW193,PUT,19.02,2026-11-19,176,LONGO,0.46,46.5,RECUPERACAO_APOS_QUEDA,"Call Longa, Trava de Alta, Call Debit Spread",49.0,MONITORAR_NO_RTD,Liquidez score 46.5 ≥ 30 — monitorar confirmação via RTD.
VALE3,VALEF991,CALL,94.18,2026-06-19,23,CURTO,0.16,46.5,LATERALIDADE,Monitorar — Iron Condor futuro,49.0,MONITORAR_NO_RTD,Liquidez score 46.5 ≥ 30 — monitorar confirmação via RTD.
BBDC4,BBDCK236,CALL,23.68,2026-11-19,176,LONGO,0.34,46.5,RECUPERACAO_APOS_QUEDA,"Call Longa, Trava de Alta, Call Debit Spread",49.0,MONITORAR_NO_RTD,Liquidez score 46.5 ≥ 30 — monitorar confirmação via RTD.
PETR4,PETRS614,PUT,61.46,2026-07-17,51,MEDIO,9.6,30.1,CONTINUACAO_BAIXA,"Trava de Baixa, Put Debit Spread",49.0,MONITORAR_NO_RTD,Liquidez score 30.1 ≥ 30 — monitorar confirmação via RTD.
PRIO3,PRIOF785,CALL,78.5,2026-06-19,23,CURTO,0.62,46.2,LATERALIDADE,Monitorar — Iron Condor futuro,48.9,MONITORAR_NO_RTD,Liquidez score 46.2 ≥ 30 — monitorar confirmação via RTD.
BBDC4,BBDCQ184,PUT,18.48,2027-05-21,359,EXTRA_LONGO,1.36,46.3,RECUPERACAO_APOS_QUEDA,"Call Longa, Trava de Alta, Call Debit Spread",48.9,MONITORAR_NO_RTD,Liquidez score 46.3 ≥ 30 — monitorar confirmação via RTD.
PRIO3,PRIOF900,CALL,90.0,2026-06-19,23,CURTO,0.08,46.3,LATERALIDADE,Monitorar — Iron Condor futuro,48.9,MONITORAR_NO_RTD,Liquidez score 46.3 ≥ 30 — monitorar confirmação via RTD.
BBAS3,BBASU276,PUT,27.68,2026-09-18,114,LONGO,3.5,45.9,RECUPERACAO_APOS_QUEDA,"Call Longa, Trava de Alta, Call Debit Spread",48.8,MONITORAR_NO_RTD,Liquidez score 45.9 ≥ 30 — monitorar confirmação via RTD.
VALE3,VALEF611,CALL,61.18,2026-06-19,23,CURTO,21.85,46.1,LATERALIDADE,Monitorar — Iron Condor futuro,48.8,MONITORAR_NO_RTD,Liquidez score 46.1 ≥ 30 — monitorar confirmação via RTD.
PETR4,PETRU382,PUT,38.23,2026-09-18,114,LONGO,0.72,46.1,CONTINUACAO_BAIXA,"Trava de Baixa, Put Debit Spread",48.8,MONITORAR_NO_RTD,Liquidez score 46.1 ≥ 30 — monitorar confirmação via RTD.
PRIO3,PRIOF815,CALL,81.5,2026-06-19,23,CURTO,0.34,46.0,LATERALIDADE,Monitorar — Iron Condor futuro,48.8,MONITORAR_NO_RTD,Liquidez score 46.0 ≥ 30 — monitorar confirmação via RTD.
VALE3,VALED705,CALL,70.54,2027-04-16,324,EXTRA_LONGO,20.14,96.0,LATERALIDADE,Monitorar — Iron Condor futuro,48.8,MONITORAR_NO_RTD,Liquidez score 96.0 ≥ 30 — monitorar confirmação via RTD.
PRIO3,PRIOG54,CALL,54.0,2026-07-17,51,MEDIO,15.66,62.7,LATERALIDADE,Monitorar — Iron Condor futuro,48.8,MONITORAR_NO_RTD,Liquidez score 62.7 ≥ 30 — monitorar confirmação via RTD.
VALE3,VALEF701,CALL,70.18,2026-06-19,23,CURTO,12.65,45.7,LATERALIDADE,Monitorar — Iron Condor futuro,48.7,MONITORAR_NO_RTD,Liquidez score 45.7 ≥ 30 — monitorar confirmação via RTD.
HAPV3,HAPVX600,PUT,90.0,2026-12-18,205,EXTRA_LONGO,70.38,62.2,CONTINUACAO_BAIXA,"Trava de Baixa, Put Debit Spread",48.7,MONITORAR_NO_RTD,Liquidez score 62.2 ≥ 30 — monitorar confirmação via RTD.
VALE3,VALET649,PUT,64.96,2026-08-21,86,MEDIO,0.37,62.3,LATERALIDADE,Monitorar — Iron Condor futuro,48.7,MONITORAR_NO_RTD,Liquidez score 62.3 ≥ 30 — monitorar confirmação via RTD.
PRIO3,PRIOR57,PUT,57.0,2026-06-19,23,CURTO,0.3,45.8,LATERALIDADE,Monitorar — Iron Condor futuro,48.7,MONITORAR_NO_RTD,Liquidez score 45.8 ≥ 30 — monitorar confirmação via RTD.
VALE3,VALEF96,CALL,96.18,2026-06-19,23,CURTO,0.08,45.8,LATERALIDADE,Monitorar — Iron Condor futuro,48.7,MONITORAR_NO_RTD,Liquidez score 45.8 ≥ 30 — monitorar confirmação via RTD.
PRIO3,PRIOF565,CALL,56.5,2026-06-19,23,CURTO,13.7,45.4,LATERALIDADE,Monitorar — Iron Condor futuro,48.6,MONITORAR_NO_RTD,Liquidez score 45.4 ≥ 30 — monitorar confirmação via RTD.
VALE3,VALEF741,CALL,74.18,2026-06-19,23,CURTO,8.81,45.5,LATERALIDADE,Monitorar — Iron Condor futuro,48.6,MONITORAR_NO_RTD,Liquidez score 45.5 ≥ 30 — monitorar confirmação via RTD.
PRIO3,PRIOR520,PUT,52.0,2026-06-19,23,CURTO,0.14,45.5,LATERALIDADE,Monitorar — Iron Condor futuro,48.6,MONITORAR_NO_RTD,Liquidez score 45.5 ≥ 30 — monitorar confirmação via RTD.
PRIO3,PRIOQ620W5,PUT,62.0,2026-05-29,2,CURTO,0.17,45.3,LATERALIDADE,Monitorar — Iron Condor futuro,48.6,MONITORAR_NO_RTD,Liquidez score 45.3 ≥ 30 — monitorar confirmação via RTD.
VALE3,VALEH669,CALL,66.96,2026-08-21,86,MEDIO,18.03,61.9,LATERALIDADE,Monitorar — Iron Condor futuro,48.6,MONITORAR_NO_RTD,Liquidez score 61.9 ≥ 30 — monitorar confirmação via RTD.
VALE3,VALEF975,CALL,97.68,2026-06-19,23,CURTO,0.05,45.3,LATERALIDADE,Monitorar — Iron Condor futuro,48.6,MONITORAR_NO_RTD,Liquidez score 45.3 ≥ 30 — monitorar confirmação via RTD.
VALE3,VALEG666,CALL,66.65,2026-07-17,51,MEDIO,17.39,62.0,LATERALIDADE,Monitorar — Iron Condor futuro,48.6,MONITORAR_NO_RTD,Liquidez score 62.0 ≥ 30 — monitorar confirmação via RTD.
PRIO3,PRIOR600W2,PUT,60.0,2026-06-12,16,CURTO,0.45,45.1,LATERALIDADE,Monitorar — Iron Condor futuro,48.5,MONITORAR_NO_RTD,Liquidez score 45.1 ≥ 30 — monitorar confirmação via RTD.
VALE3,VALEF356,CALL,35.68,2026-06-19,23,CURTO,42.3,45.0,LATERALIDADE,Monitorar — Iron Condor futuro,48.5,MONITORAR_NO_RTD,Liquidez score 45.0 ≥ 30 — monitorar confirmação via RTD.
VALE3,VALEK926,CALL,92.65,2026-11-19,176,LONGO,2.5,78.4,LATERALIDADE,Monitorar — Iron Condor futuro,48.5,MONITORAR_NO_RTD,Liquidez score 78.4 ≥ 30 — monitorar confirmação via RTD.
PETR4,PETRA40,CALL,39.46,2027-01-15,233,EXTRA_LONGO,10.0,61.7,CONTINUACAO_BAIXA,"Trava de Baixa, Put Debit Spread",48.5,MONITORAR_NO_RTD,Liquidez score 61.7 ≥ 30 — monitorar confirmação via RTD.
PETR4,PETRU383,PUT,38.48,2026-09-18,114,LONGO,0.75,44.6,CONTINUACAO_BAIXA,"Trava de Baixa, Put Debit Spread",48.4,MONITORAR_NO_RTD,Liquidez score 44.6 ≥ 30 — monitorar confirmação via RTD.
VALE3,VALES879,PUT,88.15,2026-07-17,51,MEDIO,5.46,44.8,LATERALIDADE,Monitorar — Iron Condor futuro,48.4,MONITORAR_NO_RTD,Liquidez score 44.8 ≥ 30 — monitorar confirmação via RTD.
VALE3,VALEV822,PUT,78.9,2026-10-16,142,LONGO,3.15,44.7,LATERALIDADE,Monitorar — Iron Condor futuro,48.4,MONITORAR_NO_RTD,Liquidez score 44.7 ≥ 30 — monitorar confirmação via RTD.
BBAS3,BBASP250,PUT,25.0,2028-04-20,694,EXTRA_LONGO,2.73,61.3,RECUPERACAO_APOS_QUEDA,"Call Longa, Trava de Alta, Call Debit Spread",48.4,MONITORAR_NO_RTD,Liquidez score 61.3 ≥ 30 — monitorar confirmação via RTD.
VALE3,VALEF706W4,CALL,70.68,2026-06-26,30,CURTO,12.65,44.5,LATERALIDADE,Monitorar — Iron Condor futuro,48.4,MONITORAR_NO_RTD,Liquidez score 44.5 ≥ 30 — monitorar confirmação via RTD.
ITUB4,ITUBV482,PUT,48.18,2026-10-16,142,LONGO,6.65,44.8,RECUPERACAO_APOS_QUEDA,"Call Longa, Trava de Alta, Call Debit Spread",48.4,MONITORAR_NO_RTD,Liquidez score 44.8 ≥ 30 — monitorar confirmação via RTD.
SUZB3,SUZBV541,PUT,54.13,2026-10-16,142,LONGO,3.01,44.5,RECUPERACAO_APOS_QUEDA,"Call Longa, Trava de Alta, Call Debit Spread",48.4,MONITORAR_NO_RTD,Liquidez score 44.5 ≥ 30 — monitorar confirmação via RTD.
PRIO3,PRIOE510W5,CALL,51.0,2026-05-29,2,CURTO,14.5,44.2,LATERALIDADE,Monitorar — Iron Condor futuro,48.3,MONITORAR_NO_RTD,Liquidez score 44.2 ≥ 30 — monitorar confirmação via RTD.
PRIO3,PRIOR565,PUT,56.5,2026-06-19,23,CURTO,0.28,44.4,LATERALIDADE,Monitorar — Iron Condor futuro,48.3,MONITORAR_NO_RTD,Liquidez score 44.4 ≥ 30 — monitorar confirmação via RTD.
PETR4,PETRJ437,CALL,37.38,2026-10-16,142,LONGO,10.4,44.4,CONTINUACAO_BAIXA,"Trava de Baixa, Put Debit Spread",48.3,MONITORAR_NO_RTD,Liquidez score 44.4 ≥ 30 — monitorar confirmação via RTD.
PRIO3,PRIOH41,CALL,41.0,2026-08-21,86,MEDIO,23.05,61.1,LATERALIDADE,Monitorar — Iron Condor futuro,48.3,MONITORAR_NO_RTD,Liquidez score 61.1 ≥ 30 — monitorar confirmação via RTD.
VALE3,VALER726,PUT,72.68,2026-06-19,23,CURTO,0.15,43.9,LATERALIDADE,Monitorar — Iron Condor futuro,48.2,MONITORAR_NO_RTD,Liquidez score 43.9 ≥ 30 — monitorar confirmação via RTD.
ITUB4,ITUBI354,CALL,34.4,2026-09-18,114,LONGO,10.25,44.0,RECUPERACAO_APOS_QUEDA,"Call Longa, Trava de Alta, Call Debit Spread",48.2,MONITORAR_NO_RTD,Liquidez score 44.0 ≥ 30 — monitorar confirmação via RTD.
VALE3,VALEG636,CALL,63.65,2026-07-17,51,MEDIO,20.2,60.8,LATERALIDADE,Monitorar — Iron Condor futuro,48.2,MONITORAR_NO_RTD,Liquidez score 60.8 ≥ 30 — monitorar confirmação via RTD.
PRIO3,PRIOH545,CALL,54.5,2026-08-21,86,MEDIO,15.02,60.8,LATERALIDADE,Monitorar — Iron Condor futuro,48.2,MONITORAR_NO_RTD,Liquidez score 60.8 ≥ 30 — monitorar confirmação via RTD.
VALE3,VALER701,PUT,70.18,2026-06-19,23,CURTO,0.08,43.7,LATERALIDADE,Monitorar — Iron Condor futuro,48.1,MONITORAR_NO_RTD,Liquidez score 43.7 ≥ 30 — monitorar confirmação via RTD.
VALE3,VALEF752,CALL,67.68,2026-06-19,23,CURTO,15.85,43.6,LATERALIDADE,Monitorar — Iron Condor futuro,48.1,MONITORAR_NO_RTD,Liquidez score 43.6 ≥ 30 — monitorar confirmação via RTD.
PETR4,PETRL551,CALL,53.18,2026-12-18,205,EXTRA_LONGO,3.05,60.1,CONTINUACAO_BAIXA,"Trava de Baixa, Put Debit Spread",48.0,MONITORAR_NO_RTD,Liquidez score 60.1 ≥ 30 — monitorar confirmação via RTD.
VALE3,VALEB824,CALL,82.4,2027-02-19,268,EXTRA_LONGO,16.63,43.2,LATERALIDADE,Monitorar — Iron Condor futuro,48.0,MONITORAR_NO_RTD,Liquidez score 43.2 ≥ 30 — monitorar confirmação via RTD.
PETR4,PETRU4,PUT,36.69,2026-09-18,114,LONGO,0.52,43.2,CONTINUACAO_BAIXA,"Trava de Baixa, Put Debit Spread",48.0,MONITORAR_NO_RTD,Liquidez score 43.2 ≥ 30 — monitorar confirmação via RTD.
PETR4,PETRK902,CALL,89.68,2026-11-19,176,LONGO,0.31,43.3,CONTINUACAO_BAIXA,"Trava de Baixa, Put Debit Spread",48.0,MONITORAR_NO_RTD,Liquidez score 43.3 ≥ 30 — monitorar confirmação via RTD.
PETR4,PETRL301,CALL,29.61,2027-12-17,569,EXTRA_LONGO,24.0,59.9,CONTINUACAO_BAIXA,"Trava de Baixa, Put Debit Spread",48.0,MONITORAR_NO_RTD,Liquidez score 59.9 ≥ 30 — monitorar confirmação via RTD.
PRIO3,PRIOF462,CALL,46.25,2026-06-19,23,CURTO,22.0,43.3,LATERALIDADE,Monitorar — Iron Condor futuro,48.0,MONITORAR_NO_RTD,Liquidez score 43.3 ≥ 30 — monitorar confirmação via RTD.
BBDC4,BBDCK274,CALL,27.18,2026-11-19,176,LONGO,0.12,43.2,RECUPERACAO_APOS_QUEDA,"Call Longa, Trava de Alta, Call Debit Spread",48.0,MONITORAR_NO_RTD,Liquidez score 43.2 ≥ 30 — monitorar confirmação via RTD.
BBAS3,BBASU236,PUT,23.43,2026-09-18,114,LONGO,2.26,42.9,RECUPERACAO_APOS_QUEDA,"Call Longa, Trava de Alta, Call Debit Spread",47.9,MONITORAR_NO_RTD,Liquidez score 42.9 ≥ 30 — monitorar confirmação via RTD.
CPLE6,CPLEJ175,CALL,17.5,2026-10-16,142,LONGO,0.67,43.1,CONTINUACAO_ALTA,"Trava de Alta, Call Debit Spread",47.9,MONITORAR_NO_RTD,Liquidez score 43.1 ≥ 30 — monitorar confirmação via RTD.
PRIO3,PRIOG565,CALL,56.5,2026-07-17,51,MEDIO,13.32,59.6,LATERALIDADE,Monitorar — Iron Condor futuro,47.9,MONITORAR_NO_RTD,Liquidez score 59.6 ≥ 30 — monitorar confirmação via RTD.
PETR4,PETRW2,PUT,36.93,2026-11-19,176,LONGO,1.14,42.8,CONTINUACAO_BAIXA,"Trava de Baixa, Put Debit Spread",47.8,MONITORAR_NO_RTD,Liquidez score 42.8 ≥ 30 — monitorar confirmação via RTD.
VALE3,VALEK690,CALL,65.65,2026-11-19,176,LONGO,21.74,76.0,LATERALIDADE,Monitorar — Iron Condor futuro,47.8,MONITORAR_NO_RTD,Liquidez score 76.0 ≥ 30 — monitorar confirmação via RTD.
BBDC4,BBDCL172,CALL,16.89,2026-12-18,205,EXTRA_LONGO,3.0,42.6,RECUPERACAO_APOS_QUEDA,"Call Longa, Trava de Alta, Call Debit Spread",47.8,MONITORAR_NO_RTD,Liquidez score 42.6 ≥ 30 — monitorar confirmação via RTD.
ITUB4,ITUBV495,PUT,45.24,2026-10-16,142,LONGO,3.0,42.5,RECUPERACAO_APOS_QUEDA,"Call Longa, Trava de Alta, Call Debit Spread",47.8,MONITORAR_NO_RTD,Liquidez score 42.5 ≥ 30 — monitorar confirmação via RTD.
VALE3,VALEF581,CALL,58.18,2026-06-19,23,CURTO,25.27,42.5,LATERALIDADE,Monitorar — Iron Condor futuro,47.8,MONITORAR_NO_RTD,Liquidez score 42.5 ≥ 30 — monitorar confirmação via RTD.
VALE3,VALEF99,CALL,99.68,2026-06-19,23,CURTO,0.04,42.6,LATERALIDADE,Monitorar — Iron Condor futuro,47.8,MONITORAR_NO_RTD,Liquidez score 42.6 ≥ 30 — monitorar confirmação via RTD.
VALE3,VALEJ634,CALL,63.4,2026-10-16,142,LONGO,23.71,76.0,LATERALIDADE,Monitorar — Iron Condor futuro,47.8,MONITORAR_NO_RTD,Liquidez score 76.0 ≥ 30 — monitorar confirmação via RTD.
BBDC4,BBDCF670,CALL,5.38,2027-06-18,387,EXTRA_LONGO,12.83,58.9,RECUPERACAO_APOS_QUEDA,"Call Longa, Trava de Alta, Call Debit Spread",47.7,MONITORAR_NO_RTD,Liquidez score 58.9 ≥ 30 — monitorar confirmação via RTD.
PRIO3,PRIOR54,PUT,54.5,2026-06-19,23,CURTO,0.22,42.4,LATERALIDADE,Monitorar — Iron Condor futuro,47.7,MONITORAR_NO_RTD,Liquidez score 42.4 ≥ 30 — monitorar confirmação via RTD.
PRIO3,PRIOF820,CALL,82.0,2026-06-19,23,CURTO,0.33,42.4,LATERALIDADE,Monitorar — Iron Condor futuro,47.7,MONITORAR_NO_RTD,Liquidez score 42.4 ≥ 30 — monitorar confirmação via RTD.
VALE3,VALEJ804,CALL,80.4,2026-10-16,142,LONGO,8.5,59.0,LATERALIDADE,Monitorar — Iron Condor futuro,47.7,MONITORAR_NO_RTD,Liquidez score 59.0 ≥ 30 — monitorar confirmação via RTD.
B3SA3,B3SAP128,PUT,12.3,2027-04-16,324,EXTRA_LONGO,0.32,42.3,RECUPERACAO_APOS_QUEDA,"Call Longa, Trava de Alta, Call Debit Spread",47.7,MONITORAR_NO_RTD,Liquidez score 42.3 ≥ 30 — monitorar confirmação via RTD.
VALE3,VALER711,PUT,71.18,2026-06-19,23,CURTO,0.1,42.4,LATERALIDADE,Monitorar — Iron Condor futuro,47.7,MONITORAR_NO_RTD,Liquidez score 42.4 ≥ 30 — monitorar confirmação via RTD.
BBDC4,BBDCK307,CALL,30.43,2026-11-19,176,LONGO,0.09,42.4,RECUPERACAO_APOS_QUEDA,"Call Longa, Trava de Alta, Call Debit Spread",47.7,MONITORAR_NO_RTD,Liquidez score 42.4 ≥ 30 — monitorar confirmação via RTD.
PETR4,PETRV384,PUT,38.42,2026-10-16,142,LONGO,1.46,42.0,CONTINUACAO_BAIXA,"Trava de Baixa, Put Debit Spread",47.6,MONITORAR_NO_RTD,Liquidez score 42.0 ≥ 30 — monitorar confirmação via RTD.
WEGE3,WEGEB400,CALL,38.03,2027-02-19,268,EXTRA_LONGO,10.0,58.7,RECUPERACAO_APOS_QUEDA,"Call Longa, Trava de Alta, Call Debit Spread",47.6,MONITORAR_NO_RTD,Liquidez score 58.7 ≥ 30 — monitorar confirmação via RTD.
PETR4,PETRX32,PUT,30.18,2026-12-18,205,EXTRA_LONGO,0.48,58.6,CONTINUACAO_BAIXA,"Trava de Baixa, Put Debit Spread",47.6,MONITORAR_NO_RTD,Liquidez score 58.6 ≥ 30 — monitorar confirmação via RTD.
PETR4,PETRK110,CALL,109.68,2026-11-19,176,LONGO,0.06,42.0,CONTINUACAO_BAIXA,"Trava de Baixa, Put Debit Spread",47.6,MONITORAR_NO_RTD,Liquidez score 42.0 ≥ 30 — monitorar confirmação via RTD.
VALE3,VALER471,PUT,47.18,2026-06-19,23,CURTO,0.09,42.1,LATERALIDADE,Monitorar — Iron Condor futuro,47.6,MONITORAR_NO_RTD,Liquidez score 42.1 ≥ 30 — monitorar confirmação via RTD.
VALE3,VALEU700,PUT,66.65,2026-09-18,114,LONGO,1.32,75.0,LATERALIDADE,Monitorar — Iron Condor futuro,47.5,MONITORAR_NO_RTD,Liquidez score 75.0 ≥ 30 — monitorar confirmação via RTD.
VALE3,VALEG756,CALL,75.65,2026-07-17,51,MEDIO,9.1,41.7,LATERALIDADE,Monitorar — Iron Condor futuro,47.5,MONITORAR_NO_RTD,Liquidez score 41.7 ≥ 30 — monitorar confirmação via RTD.
PRIO3,PRIOF377,CALL,37.75,2026-06-19,23,CURTO,30.8,41.7,LATERALIDADE,Monitorar — Iron Condor futuro,47.5,MONITORAR_NO_RTD,Liquidez score 41.7 ≥ 30 — monitorar confirmação via RTD.
GGBR4,GGBRL226,CALL,22.1,2026-12-18,205,EXTRA_LONGO,3.4,41.6,CONTINUACAO_ALTA,"Trava de Alta, Call Debit Spread",47.5,MONITORAR_NO_RTD,Liquidez score 41.6 ≥ 30 — monitorar confirmação via RTD.
PETR4,PETRU401,PUT,38.86,2027-09-17,478,EXTRA_LONGO,1.94,58.3,CONTINUACAO_BAIXA,"Trava de Baixa, Put Debit Spread",47.5,MONITORAR_NO_RTD,Liquidez score 58.3 ≥ 30 — monitorar confirmação via RTD.
BBAS3,BBASW200,PUT,18.27,2026-11-19,176,LONGO,0.69,41.5,RECUPERACAO_APOS_QUEDA,"Call Longa, Trava de Alta, Call Debit Spread",47.5,MONITORAR_NO_RTD,Liquidez score 41.5 ≥ 30 — monitorar confirmação via RTD.
ITUB4,ITUBH399,CALL,36.25,2027-08-20,450,EXTRA_LONGO,9.38,41.4,RECUPERACAO_APOS_QUEDA,"Call Longa, Trava de Alta, Call Debit Spread",47.4,MONITORAR_NO_RTD,Liquidez score 41.4 ≥ 30 — monitorar confirmação via RTD.
VALE3,VALEF541,CALL,54.18,2026-06-19,23,CURTO,27.59,41.4,LATERALIDADE,Monitorar — Iron Condor futuro,47.4,MONITORAR_NO_RTD,Liquidez score 41.4 ≥ 30 — monitorar confirmação via RTD.
PRIO3,PRIOR820,PUT,82.0,2026-06-19,23,CURTO,12.32,41.3,LATERALIDADE,Monitorar — Iron Condor futuro,47.4,MONITORAR_NO_RTD,Liquidez score 41.3 ≥ 30 — monitorar confirmação via RTD.
BBDC4,BBDCI216,CALL,20.66,2026-09-18,114,LONGO,0.65,41.0,RECUPERACAO_APOS_QUEDA,"Call Longa, Trava de Alta, Call Debit Spread",47.3,MONITORAR_NO_RTD,Liquidez score 41.0 ≥ 30 — monitorar confirmação via RTD.
PETR4,PETRK105,CALL,104.68,2026-11-19,176,LONGO,0.07,40.9,CONTINUACAO_BAIXA,"Trava de Baixa, Put Debit Spread",47.3,MONITORAR_NO_RTD,Liquidez score 40.9 ≥ 30 — monitorar confirmação via RTD.
PETR4,PETRW372,PUT,36.68,2026-11-19,176,LONGO,0.91,40.9,CONTINUACAO_BAIXA,"Trava de Baixa, Put Debit Spread",47.3,MONITORAR_NO_RTD,Liquidez score 40.9 ≥ 30 — monitorar confirmação via RTD.
ITUB4,ITUBQ455,PUT,45.53,2027-05-21,359,EXTRA_LONGO,4.38,57.7,RECUPERACAO_APOS_QUEDA,"Call Longa, Trava de Alta, Call Debit Spread",47.3,MONITORAR_NO_RTD,Liquidez score 57.7 ≥ 30 — monitorar confirmação via RTD.
BBAS3,BBASN298,PUT,29.74,2027-02-19,268,EXTRA_LONGO,5.55,57.8,RECUPERACAO_APOS_QUEDA,"Call Longa, Trava de Alta, Call Debit Spread",47.3,MONITORAR_NO_RTD,Liquidez score 57.8 ≥ 30 — monitorar confirmação via RTD.
VALE3,VALET879,PUT,87.96,2026-08-21,86,MEDIO,7.9,41.1,LATERALIDADE,Monitorar — Iron Condor futuro,47.3,MONITORAR_NO_RTD,Liquidez score 41.1 ≥ 30 — monitorar confirmação via RTD.
SUZB3,SUZBK778,CALL,77.88,2026-11-19,176,LONGO,0.03,41.1,RECUPERACAO_APOS_QUEDA,"Call Longa, Trava de Alta, Call Debit Spread",47.3,MONITORAR_NO_RTD,Liquidez score 41.1 ≥ 30 — monitorar confirmação via RTD.
PETR4,PETRL60,CALL,59.61,2027-12-17,569,EXTRA_LONGO,5.36,57.3,CONTINUACAO_BAIXA,"Trava de Baixa, Put Debit Spread",47.2,MONITORAR_NO_RTD,Liquidez score 57.3 ≥ 30 — monitorar confirmação via RTD.
VALE3,VALEF97,CALL,97.18,2026-06-19,23,CURTO,0.08,40.7,LATERALIDADE,Monitorar — Iron Condor futuro,47.2,MONITORAR_NO_RTD,Liquidez score 40.7 ≥ 30 — monitorar confirmação via RTD.
PRIO3,PRIOS620,PUT,62.0,2026-07-17,51,MEDIO,1.4,57.2,LATERALIDADE,Monitorar — Iron Condor futuro,47.2,MONITORAR_NO_RTD,Liquidez score 57.2 ≥ 30 — monitorar confirmação via RTD.
PETR4,PETRX391,PUT,39.11,2027-12-17,569,EXTRA_LONGO,2.04,57.4,CONTINUACAO_BAIXA,"Trava de Baixa, Put Debit Spread",47.2,MONITORAR_NO_RTD,Liquidez score 57.4 ≥ 30 — monitorar confirmação via RTD.
BBDC4,BBDCI198,CALL,19.7,2026-09-18,114,LONGO,0.5,40.6,RECUPERACAO_APOS_QUEDA,"Call Longa, Trava de Alta, Call Debit Spread",47.2,MONITORAR_NO_RTD,Liquidez score 40.6 ≥ 30 — monitorar confirmação via RTD.
VALE3,VALEQ750W5,PUT,75.0,2026-05-29,2,CURTO,0.02,40.7,LATERALIDADE,Monitorar — Iron Condor futuro,47.2,MONITORAR_NO_RTD,Liquidez score 40.7 ≥ 30 — monitorar confirmação via RTD.
B3SA3,B3SAL121,CALL,12.14,2026-12-18,205,EXTRA_LONGO,5.77,40.7,RECUPERACAO_APOS_QUEDA,"Call Longa, Trava de Alta, Call Debit Spread",47.2,MONITORAR_NO_RTD,Liquidez score 40.7 ≥ 30 — monitorar confirmação via RTD.
HAPV3,HAPVU980,PUT,9.8,2026-09-18,114,LONGO,0.62,40.7,CONTINUACAO_BAIXA,"Trava de Baixa, Put Debit Spread",47.2,MONITORAR_NO_RTD,Liquidez score 40.7 ≥ 30 — monitorar confirmação via RTD.
TAEE11,TAEED335,CALL,32.13,2027-04-16,324,EXTRA_LONGO,9.69,57.2,RECUPERACAO_APOS_QUEDA,"Call Longa, Trava de Alta, Call Debit Spread",47.2,MONITORAR_NO_RTD,Liquidez score 57.2 ≥ 30 — monitorar confirmação via RTD.
PETR4,PETRL359,CALL,33.72,2026-12-18,205,EXTRA_LONGO,18.5,57.0,CONTINUACAO_BAIXA,"Trava de Baixa, Put Debit Spread",47.1,MONITORAR_NO_RTD,Liquidez score 57.0 ≥ 30 — monitorar confirmação via RTD.
VALE3,VALER691,PUT,69.18,2026-06-19,23,CURTO,0.05,40.3,LATERALIDADE,Monitorar — Iron Condor futuro,47.1,MONITORAR_NO_RTD,Liquidez score 40.3 ≥ 30 — monitorar confirmação via RTD.
VALE3,VALEG545,CALL,51.15,2026-07-17,51,MEDIO,34.79,56.9,LATERALIDADE,Monitorar — Iron Condor futuro,47.1,MONITORAR_NO_RTD,Liquidez score 56.9 ≥ 30 — monitorar confirmação via RTD.
VALE3,VALER107,PUT,107.68,2026-06-19,23,CURTO,24.16,40.4,LATERALIDADE,Monitorar — Iron Condor futuro,47.1,MONITORAR_NO_RTD,Liquidez score 40.4 ≥ 30 — monitorar confirmação via RTD.
WEGE3,WEGEX512,PUT,49.54,2026-12-18,205,EXTRA_LONGO,3.6,57.0,RECUPERACAO_APOS_QUEDA,"Call Longa, Trava de Alta, Call Debit Spread",47.1,MONITORAR_NO_RTD,Liquidez score 57.0 ≥ 30 — monitorar confirmação via RTD.
RADL3,RADLL246,CALL,24.66,2026-12-18,205,EXTRA_LONGO,3.4,56.8,CONTINUACAO_BAIXA,"Trava de Baixa, Put Debit Spread",47.0,MONITORAR_NO_RTD,Liquidez score 56.8 ≥ 30 — monitorar confirmação via RTD.
VALE3,VALER484,PUT,48.43,2026-06-19,23,CURTO,0.12,40.1,LATERALIDADE,Monitorar — Iron Condor futuro,47.0,MONITORAR_NO_RTD,Liquidez score 40.1 ≥ 30 — monitorar confirmação via RTD.
VALE3,VALEL553,CALL,51.96,2026-12-18,205,EXTRA_LONGO,39.2,90.0,LATERALIDADE,Monitorar — Iron Condor futuro,47.0,MONITORAR_NO_RTD,Liquidez score 90.0 ≥ 30 — monitorar confirmação via RTD.
PETR4,PETRA412,CALL,41.25,2027-01-15,233,EXTRA_LONGO,12.0,40.0,CONTINUACAO_BAIXA,"Trava de Baixa, Put Debit Spread",47.0,MONITORAR_NO_RTD,Liquidez score 40.0 ≥ 30 — monitorar confirmação via RTD.
VALE3,VALEQ940W5,PUT,94.0,2026-05-29,2,CURTO,13.12,40.1,LATERALIDADE,Monitorar — Iron Condor futuro,47.0,MONITORAR_NO_RTD,Liquidez score 40.1 ≥ 30 — monitorar confirmação via RTD.
PRIO3,PRIOG610,CALL,61.0,2026-07-17,51,MEDIO,10.05,56.4,LATERALIDADE,Monitorar — Iron Condor futuro,46.9,MONITORAR_NO_RTD,Liquidez score 56.4 ≥ 30 — monitorar confirmação via RTD.
PRIO3,PRIOS870,PUT,87.0,2026-07-17,51,MEDIO,16.47,56.2,LATERALIDADE,Monitorar — Iron Condor futuro,46.9,MONITORAR_NO_RTD,Liquidez score 56.2 ≥ 30 — monitorar confirmação via RTD.
ITUB4,ITUBC29,CALL,29.44,2027-03-19,296,EXTRA_LONGO,12.68,55.9,RECUPERACAO_APOS_QUEDA,"Call Longa, Trava de Alta, Call Debit Spread",46.8,MONITORAR_NO_RTD,Liquidez score 55.9 ≥ 30 — monitorar confirmação via RTD.
PRIO3,PRIOG660,CALL,66.0,2026-07-17,51,MEDIO,6.1,39.4,LATERALIDADE,Monitorar — Iron Condor futuro,46.8,MONITORAR_NO_RTD,Liquidez score 39.4 ≥ 30 — monitorar confirmação via RTD.
PETR4,PETRV376,PUT,37.13,2026-10-16,142,LONGO,0.93,39.3,CONTINUACAO_BAIXA,"Trava de Baixa, Put Debit Spread",46.8,MONITORAR_NO_RTD,Liquidez score 39.3 ≥ 30 — monitorar confirmação via RTD.
BBAS3,BBASQ13,PUT,12.3,2027-05-21,359,EXTRA_LONGO,0.1,55.9,RECUPERACAO_APOS_QUEDA,"Call Longa, Trava de Alta, Call Debit Spread",46.8,MONITORAR_NO_RTD,Liquidez score 55.9 ≥ 30 — monitorar confirmação via RTD.
VALE3,VALEV770,PUT,76.9,2026-10-16,142,LONGO,2.63,39.4,LATERALIDADE,Monitorar — Iron Condor futuro,46.8,MONITORAR_NO_RTD,Liquidez score 39.4 ≥ 30 — monitorar confirmação via RTD.
CMIG4,CMIGI135,CALL,13.34,2026-09-18,114,LONGO,0.24,39.0,RECUPERACAO_APOS_QUEDA,"Call Longa, Trava de Alta, Call Debit Spread",46.7,MONITORAR_NO_RTD,Liquidez score 39.0 ≥ 30 — monitorar confirmação via RTD.
PRIO3,PRIOF400,CALL,40.0,2026-06-19,23,CURTO,25.81,39.1,LATERALIDADE,Monitorar — Iron Condor futuro,46.7,MONITORAR_NO_RTD,Liquidez score 39.1 ≥ 30 — monitorar confirmação via RTD.
BBAS3,BBASE13,CALL,12.3,2027-05-21,359,EXTRA_LONGO,10.15,55.3,RECUPERACAO_APOS_QUEDA,"Call Longa, Trava de Alta, Call Debit Spread",46.6,MONITORAR_NO_RTD,Liquidez score 55.3 ≥ 30 — monitorar confirmação via RTD.
BBAS3,BBASP335,PUT,32.8,2027-04-16,324,EXTRA_LONGO,9.15,55.4,RECUPERACAO_APOS_QUEDA,"Call Longa, Trava de Alta, Call Debit Spread",46.6,MONITORAR_NO_RTD,Liquidez score 55.4 ≥ 30 — monitorar confirmação via RTD.
RENT3,RENTX493,PUT,48.87,2026-12-18,205,EXTRA_LONGO,6.15,55.5,RECUPERACAO_APOS_QUEDA,"Call Longa, Trava de Alta, Call Debit Spread",46.6,MONITORAR_NO_RTD,Liquidez score 55.5 ≥ 30 — monitorar confirmação via RTD.
BBAS3,BBASE12,CALL,12.0,2028-05-19,723,EXTRA_LONGO,10.82,55.2,RECUPERACAO_APOS_QUEDA,"Call Longa, Trava de Alta, Call Debit Spread",46.6,MONITORAR_NO_RTD,Liquidez score 55.2 ≥ 30 — monitorar confirmação via RTD.
VALE3,VALES885,PUT,85.15,2026-07-17,51,MEDIO,3.86,38.7,LATERALIDADE,Monitorar — Iron Condor futuro,46.6,MONITORAR_NO_RTD,Liquidez score 38.7 ≥ 30 — monitorar confirmação via RTD.
PETR4,PETRC250,CALL,22.21,2027-03-19,296,EXTRA_LONGO,28.4,55.3,CONTINUACAO_BAIXA,"Trava de Baixa, Put Debit Spread",46.6,MONITORAR_NO_RTD,Liquidez score 55.3 ≥ 30 — monitorar confirmação via RTD.
VALE3,VALES765,PUT,73.15,2026-07-17,51,MEDIO,0.45,55.0,LATERALIDADE,Monitorar — Iron Condor futuro,46.5,MONITORAR_NO_RTD,Liquidez score 55.0 ≥ 30 — monitorar confirmação via RTD.
VALE3,VALEE620W5,CALL,62.0,2026-05-29,2,CURTO,20.95,38.2,LATERALIDADE,Monitorar — Iron Condor futuro,46.5,MONITORAR_NO_RTD,Liquidez score 38.2 ≥ 30 — monitorar confirmação via RTD.
PETR4,PETRA357,CALL,35.75,2027-01-15,233,EXTRA_LONGO,17.0,55.0,CONTINUACAO_BAIXA,"Trava de Baixa, Put Debit Spread",46.5,MONITORAR_NO_RTD,Liquidez score 55.0 ≥ 30 — monitorar confirmação via RTD.
WEGE3,WEGEL502,CALL,48.46,2026-12-18,205,EXTRA_LONGO,9.16,55.0,RECUPERACAO_APOS_QUEDA,"Call Longa, Trava de Alta, Call Debit Spread",46.5,MONITORAR_NO_RTD,Liquidez score 55.0 ≥ 30 — monitorar confirmação via RTD.
VALE3,VALES107,PUT,107.15,2026-07-17,51,MEDIO,24.44,54.7,LATERALIDADE,Monitorar — Iron Condor futuro,46.4,MONITORAR_NO_RTD,Liquidez score 54.7 ≥ 30 — monitorar confirmação via RTD.
VALE3,VALEI100,CALL,100.15,2026-09-18,114,LONGO,0.83,71.2,LATERALIDADE,Monitorar — Iron Condor futuro,46.4,MONITORAR_NO_RTD,Liquidez score 71.2 ≥ 30 — monitorar confirmação via RTD.
VALE3,VALER11,PUT,110.68,2026-06-19,23,CURTO,25.15,38.0,LATERALIDADE,Monitorar — Iron Condor futuro,46.4,MONITORAR_NO_RTD,Liquidez score 38.0 ≥ 30 — monitorar confirmação via RTD.
PETR4,PETRH566,CALL,56.61,2027-08-20,450,EXTRA_LONGO,4.77,54.3,CONTINUACAO_BAIXA,"Trava de Baixa, Put Debit Spread",46.3,MONITORAR_NO_RTD,Liquidez score 54.3 ≥ 30 — monitorar confirmação via RTD.
PRIO3,PRIOH400,CALL,40.0,2026-08-21,86,MEDIO,20.0,54.4,LATERALIDADE,Monitorar — Iron Condor futuro,46.3,MONITORAR_NO_RTD,Liquidez score 54.4 ≥ 30 — monitorar confirmação via RTD.
VALE3,VALEJ810,CALL,80.91,2026-10-16,142,LONGO,7.9,54.3,LATERALIDADE,Monitorar — Iron Condor futuro,46.3,MONITORAR_NO_RTD,Liquidez score 54.3 ≥ 30 — monitorar confirmação via RTD.
BBDC4,BBDCX247,PUT,24.39,2026-12-18,205,EXTRA_LONGO,5.36,54.5,RECUPERACAO_APOS_QUEDA,"Call Longa, Trava de Alta, Call Debit Spread",46.3,MONITORAR_NO_RTD,Liquidez score 54.5 ≥ 30 — monitorar confirmação via RTD.
GGBR4,GGBRQ210,PUT,20.38,2027-05-21,359,EXTRA_LONGO,0.94,54.3,CONTINUACAO_ALTA,"Trava de Alta, Call Debit Spread",46.3,MONITORAR_NO_RTD,Liquidez score 54.3 ≥ 30 — monitorar confirmação via RTD.
VALE3,VALEF497,CALL,42.18,2026-06-19,23,CURTO,39.85,37.6,LATERALIDADE,Monitorar — Iron Condor futuro,46.3,MONITORAR_NO_RTD,Liquidez score 37.6 ≥ 30 — monitorar confirmação via RTD.
VALE3,VALEF499,CALL,49.93,2026-06-19,23,CURTO,31.2,37.7,LATERALIDADE,Monitorar — Iron Condor futuro,46.3,MONITORAR_NO_RTD,Liquidez score 37.7 ≥ 30 — monitorar confirmação via RTD.
PRIO3,PRIOR387,PUT,38.75,2026-06-19,23,CURTO,0.09,37.2,LATERALIDADE,Monitorar — Iron Condor futuro,46.2,MONITORAR_NO_RTD,Liquidez score 37.2 ≥ 30 — monitorar confirmação via RTD.
PRIO3,PRIOF525,CALL,52.5,2026-06-19,23,CURTO,15.85,37.2,LATERALIDADE,Monitorar — Iron Condor futuro,46.2,MONITORAR_NO_RTD,Liquidez score 37.2 ≥ 30 — monitorar confirmação via RTD.
PRIO3,PRIOH460,CALL,46.0,2026-08-21,86,MEDIO,23.4,54.1,LATERALIDADE,Monitorar — Iron Condor futuro,46.2,MONITORAR_NO_RTD,Liquidez score 54.1 ≥ 30 — monitorar confirmação via RTD.
BBAS3,BBASX190,PUT,18.68,2026-12-18,205,EXTRA_LONGO,0.7,54.1,RECUPERACAO_APOS_QUEDA,"Call Longa, Trava de Alta, Call Debit Spread",46.2,MONITORAR_NO_RTD,Liquidez score 54.1 ≥ 30 — monitorar confirmação via RTD.
VALE3,VALEQ740W5,PUT,74.0,2026-05-29,2,CURTO,0.02,37.5,LATERALIDADE,Monitorar — Iron Condor futuro,46.2,MONITORAR_NO_RTD,Liquidez score 37.5 ≥ 30 — monitorar confirmação via RTD.
ITUB4,ITUBK15,CALL,44.01,2026-11-19,176,LONGO,2.43,37.5,RECUPERACAO_APOS_QUEDA,"Call Longa, Trava de Alta, Call Debit Spread",46.2,MONITORAR_NO_RTD,Liquidez score 37.5 ≥ 30 — monitorar confirmação via RTD.
ABEV3,ABEVL152,CALL,15.29,2026-12-18,205,EXTRA_LONGO,2.27,37.4,CONTINUACAO_ALTA,"Trava de Alta, Call Debit Spread",46.2,MONITORAR_NO_RTD,Liquidez score 37.4 ≥ 30 — monitorar confirmação via RTD.
ABEV3,ABEVI150,CALL,14.34,2026-09-18,114,LONGO,2.54,37.2,CONTINUACAO_ALTA,"Trava de Alta, Call Debit Spread",46.2,MONITORAR_NO_RTD,Liquidez score 37.2 ≥ 30 — monitorar confirmação via RTD.
BBDC4,BBDCL231,CALL,22.39,2026-12-18,205,EXTRA_LONGO,0.76,53.8,RECUPERACAO_APOS_QUEDA,"Call Longa, Trava de Alta, Call Debit Spread",46.1,MONITORAR_NO_RTD,Liquidez score 53.8 ≥ 30 — monitorar confirmação via RTD.
GGBR4,GGBRQ190,PUT,18.38,2027-05-21,359,EXTRA_LONGO,0.61,53.7,CONTINUACAO_ALTA,"Trava de Alta, Call Debit Spread",46.1,MONITORAR_NO_RTD,Liquidez score 53.7 ≥ 30 — monitorar confirmação via RTD.
VALE3,VALEF641,CALL,64.18,2026-06-19,23,CURTO,18.41,37.0,LATERALIDADE,Monitorar — Iron Condor futuro,46.1,MONITORAR_NO_RTD,Liquidez score 37.0 ≥ 30 — monitorar confirmação via RTD.
VALE3,VALEG685,CALL,65.15,2026-07-17,51,MEDIO,18.27,53.6,LATERALIDADE,Monitorar — Iron Condor futuro,46.1,MONITORAR_NO_RTD,Liquidez score 53.6 ≥ 30 — monitorar confirmação via RTD.
BBAS3,BBASA241,CALL,24.18,2027-01-15,233,EXTRA_LONGO,4.0,53.7,RECUPERACAO_APOS_QUEDA,"Call Longa, Trava de Alta, Call Debit Spread",46.1,MONITORAR_NO_RTD,Liquidez score 53.7 ≥ 30 — monitorar confirmação via RTD.
VALE3,VALES906,PUT,90.65,2026-07-17,51,MEDIO,7.42,36.9,LATERALIDADE,Monitorar — Iron Condor futuro,46.1,MONITORAR_NO_RTD,Liquidez score 36.9 ≥ 30 — monitorar confirmação via RTD.
VALE3,VALER106,PUT,106.68,2026-06-19,23,CURTO,23.09,37.1,LATERALIDADE,Monitorar — Iron Condor futuro,46.1,MONITORAR_NO_RTD,Liquidez score 37.1 ≥ 30 — monitorar confirmação via RTD.
BBAS3,BBASX222,PUT,21.93,2026-12-18,205,EXTRA_LONGO,2.23,37.0,RECUPERACAO_APOS_QUEDA,"Call Longa, Trava de Alta, Call Debit Spread",46.1,MONITORAR_NO_RTD,Liquidez score 37.0 ≥ 30 — monitorar confirmação via RTD.
PRIO3,PRIOG515,CALL,51.5,2026-07-17,51,MEDIO,17.97,53.5,LATERALIDADE,Monitorar — Iron Condor futuro,46.0,MONITORAR_NO_RTD,Liquidez score 53.5 ≥ 30 — monitorar confirmação via RTD.
VALE3,VALEK530,CALL,45.9,2026-11-19,176,LONGO,35.59,70.0,LATERALIDADE,Monitorar — Iron Condor futuro,46.0,MONITORAR_NO_RTD,Liquidez score 70.0 ≥ 30 — monitorar confirmação via RTD.
PRIO3,PRIOS750,PUT,75.0,2026-07-17,51,MEDIO,7.4,36.7,LATERALIDADE,Monitorar — Iron Condor futuro,46.0,MONITORAR_NO_RTD,Liquidez score 36.7 ≥ 30 — monitorar confirmação via RTD.
BBAS3,BBASL369,CALL,36.68,2026-12-18,205,EXTRA_LONGO,0.13,53.2,RECUPERACAO_APOS_QUEDA,"Call Longa, Trava de Alta, Call Debit Spread",46.0,MONITORAR_NO_RTD,Liquidez score 53.2 ≥ 30 — monitorar confirmação via RTD.
PETR4,PETRK802,CALL,79.68,2026-11-19,176,LONGO,0.47,36.8,CONTINUACAO_BAIXA,"Trava de Baixa, Put Debit Spread",46.0,MONITORAR_NO_RTD,Liquidez score 36.8 ≥ 30 — monitorar confirmação via RTD.
VALE3,VALEL76,CALL,68.46,2026-12-18,205,EXTRA_LONGO,21.0,86.7,LATERALIDADE,Monitorar — Iron Condor futuro,46.0,MONITORAR_NO_RTD,Liquidez score 86.7 ≥ 30 — monitorar confirmação via RTD.
VALE3,VALER740,PUT,70.68,2026-06-19,23,CURTO,0.09,36.8,LATERALIDADE,Monitorar — Iron Condor futuro,46.0,MONITORAR_NO_RTD,Liquidez score 36.8 ≥ 30 — monitorar confirmação via RTD.
VALE3,VALES775,PUT,74.15,2026-07-17,51,MEDIO,0.64,53.3,LATERALIDADE,Monitorar — Iron Condor futuro,46.0,MONITORAR_NO_RTD,Liquidez score 53.3 ≥ 30 — monitorar confirmação via RTD.
PRIO3,PRIOG437,CALL,43.75,2026-07-17,51,MEDIO,20.67,52.9,LATERALIDADE,Monitorar — Iron Condor futuro,45.9,MONITORAR_NO_RTD,Liquidez score 52.9 ≥ 30 — monitorar confirmação via RTD.
GGBR4,GGBRL235,CALL,23.28,2026-12-18,205,EXTRA_LONGO,3.73,36.3,CONTINUACAO_ALTA,"Trava de Alta, Call Debit Spread",45.9,MONITORAR_NO_RTD,Liquidez score 36.3 ≥ 30 — monitorar confirmação via RTD.
BBDC4,BBDCK337,CALL,33.68,2026-11-19,176,LONGO,0.04,36.2,RECUPERACAO_APOS_QUEDA,"Call Longa, Trava de Alta, Call Debit Spread",45.9,MONITORAR_NO_RTD,Liquidez score 36.2 ≥ 30 — monitorar confirmação via RTD.
CPLE6,CPLEP152,PUT,15.25,2027-04-16,324,EXTRA_LONGO,0.1,36.4,CONTINUACAO_ALTA,"Trava de Alta, Call Debit Spread",45.9,MONITORAR_NO_RTD,Liquidez score 36.4 ≥ 30 — monitorar confirmação via RTD.
PRIO3,PRIOR395,PUT,39.5,2026-06-19,23,CURTO,0.08,36.3,LATERALIDADE,Monitorar — Iron Condor futuro,45.9,MONITORAR_NO_RTD,Liquidez score 36.3 ≥ 30 — monitorar confirmação via RTD.
PRIO3,PRIOF492,CALL,49.25,2026-06-19,23,CURTO,19.62,36.4,LATERALIDADE,Monitorar — Iron Condor futuro,45.9,MONITORAR_NO_RTD,Liquidez score 36.4 ≥ 30 — monitorar confirmação via RTD.
ITUB4,ITUBK48,CALL,44.25,2026-11-19,176,LONGO,2.29,36.4,RECUPERACAO_APOS_QUEDA,"Call Longa, Trava de Alta, Call Debit Spread",45.9,MONITORAR_NO_RTD,Liquidez score 36.4 ≥ 30 — monitorar confirmação via RTD.
BPAC11,BPACP570,PUT,57.0,2027-04-16,324,EXTRA_LONGO,4.77,36.0,RECUPERACAO_APOS_QUEDA,"Call Longa, Trava de Alta, Call Debit Spread",45.8,MONITORAR_NO_RTD,Liquidez score 36.0 ≥ 30 — monitorar confirmação via RTD.
VALE3,VALEF621W4,CALL,62.18,2026-06-26,30,CURTO,26.57,35.9,LATERALIDADE,Monitorar — Iron Condor futuro,45.8,MONITORAR_NO_RTD,Liquidez score 35.9 ≥ 30 — monitorar confirmação via RTD.
VALE3,VALEL778,CALL,74.46,2026-12-18,205,EXTRA_LONGO,17.16,86.0,LATERALIDADE,Monitorar — Iron Condor futuro,45.8,MONITORAR_NO_RTD,Liquidez score 86.0 ≥ 30 — monitorar confirmação via RTD.
PETR4,PETRJ37,CALL,35.13,2026-10-16,142,LONGO,11.6,36.0,CONTINUACAO_BAIXA,"Trava de Baixa, Put Debit Spread",45.8,MONITORAR_NO_RTD,Liquidez score 36.0 ≥ 30 — monitorar confirmação via RTD.
VALE3,VALEF600,CALL,56.68,2026-06-19,23,CURTO,25.88,36.1,LATERALIDADE,Monitorar — Iron Condor futuro,45.8,MONITORAR_NO_RTD,Liquidez score 36.1 ≥ 30 — monitorar confirmação via RTD.
PRIO3,PRIOW590,PUT,59.0,2026-11-19,176,LONGO,4.95,69.3,LATERALIDADE,Monitorar — Iron Condor futuro,45.8,MONITORAR_NO_RTD,Liquidez score 69.3 ≥ 30 — monitorar confirmação via RTD.
VALE3,VALER105,PUT,105.68,2026-06-19,23,CURTO,22.05,35.6,LATERALIDADE,Monitorar — Iron Condor futuro,45.7,MONITORAR_NO_RTD,Liquidez score 35.6 ≥ 30 — monitorar confirmação via RTD.
VALE3,VALES785,PUT,75.15,2026-07-17,51,MEDIO,0.65,52.2,LATERALIDADE,Monitorar — Iron Condor futuro,45.7,MONITORAR_NO_RTD,Liquidez score 52.2 ≥ 30 — monitorar confirmação via RTD.
VALE3,VALEG961,CALL,96.15,2026-07-17,51,MEDIO,0.47,52.3,LATERALIDADE,Monitorar — Iron Condor futuro,45.7,MONITORAR_NO_RTD,Liquidez score 52.3 ≥ 30 — monitorar confirmação via RTD.
GGBR4,GGBRU198,PUT,19.71,2026-09-18,114,LONGO,0.66,35.6,CONTINUACAO_ALTA,"Trava de Alta, Call Debit Spread",45.7,MONITORAR_NO_RTD,Liquidez score 35.6 ≥ 30 — monitorar confirmação via RTD.
VALE3,VALEG926,CALL,92.65,2026-07-17,51,MEDIO,0.9,52.2,LATERALIDADE,Monitorar — Iron Condor futuro,45.7,MONITORAR_NO_RTD,Liquidez score 52.2 ≥ 30 — monitorar confirmação via RTD.
WEGE3,WEGEL497,CALL,48.04,2026-12-18,205,EXTRA_LONGO,6.64,52.4,RECUPERACAO_APOS_QUEDA,"Call Longa, Trava de Alta, Call Debit Spread",45.7,MONITORAR_NO_RTD,Liquidez score 52.4 ≥ 30 — monitorar confirmação via RTD.
VALE3,VALES886,PUT,88.65,2026-07-17,51,MEDIO,6.38,35.8,LATERALIDADE,Monitorar — Iron Condor futuro,45.7,MONITORAR_NO_RTD,Liquidez score 35.8 ≥ 30 — monitorar confirmação via RTD.
VALE3,VALEI906,CALL,90.65,2026-09-18,114,LONGO,2.87,35.7,LATERALIDADE,Monitorar — Iron Condor futuro,45.7,MONITORAR_NO_RTD,Liquidez score 35.7 ≥ 30 — monitorar confirmação via RTD.
PETR4,PETRJ401,CALL,40.13,2026-10-16,142,LONGO,8.35,35.8,CONTINUACAO_BAIXA,"Trava de Baixa, Put Debit Spread",45.7,MONITORAR_NO_RTD,Liquidez score 35.8 ≥ 30 — monitorar confirmação via RTD.
PETR4,PETRV375,PUT,36.17,2026-10-16,142,LONGO,0.84,35.7,CONTINUACAO_BAIXA,"Trava de Baixa, Put Debit Spread",45.7,MONITORAR_NO_RTD,Liquidez score 35.7 ≥ 30 — monitorar confirmação via RTD.
PETR4,PETRU15,PUT,40.36,2027-09-17,478,EXTRA_LONGO,2.28,52.3,CONTINUACAO_BAIXA,"Trava de Baixa, Put Debit Spread",45.7,MONITORAR_NO_RTD,Liquidez score 52.3 ≥ 30 — monitorar confirmação via RTD.
VALE3,VALEJ608,CALL,55.9,2026-10-16,142,LONGO,28.68,69.0,LATERALIDADE,Monitorar — Iron Condor futuro,45.7,MONITORAR_NO_RTD,Liquidez score 69.0 ≥ 30 — monitorar confirmação via RTD.
PRIO3,PRIOQ510W5,PUT,51.0,2026-05-29,2,CURTO,0.02,35.3,LATERALIDADE,Monitorar — Iron Condor futuro,45.6,MONITORAR_NO_RTD,Liquidez score 35.3 ≥ 30 — monitorar confirmação via RTD.
PETR4,PETRW399,PUT,39.43,2026-11-19,176,LONGO,1.49,35.4,CONTINUACAO_BAIXA,"Trava de Baixa, Put Debit Spread",45.6,MONITORAR_NO_RTD,Liquidez score 35.4 ≥ 30 — monitorar confirmação via RTD.
PETR4,PETRW191,PUT,19.18,2026-11-19,176,LONGO,0.05,35.2,CONTINUACAO_BAIXA,"Trava de Baixa, Put Debit Spread",45.6,MONITORAR_NO_RTD,Liquidez score 35.2 ≥ 30 — monitorar confirmação via RTD.
PETR4,PETRJ347,CALL,32.88,2026-10-16,142,LONGO,14.95,35.5,CONTINUACAO_BAIXA,"Trava de Baixa, Put Debit Spread",45.6,MONITORAR_NO_RTD,Liquidez score 35.5 ≥ 30 — monitorar confirmação via RTD.
PETR4,PETRO592,PUT,59.21,2027-03-19,296,EXTRA_LONGO,11.1,52.1,CONTINUACAO_BAIXA,"Trava de Baixa, Put Debit Spread",45.6,MONITORAR_NO_RTD,Liquidez score 52.1 ≥ 30 — monitorar confirmação via RTD.
PETR4,PETRU377,PUT,37.73,2026-09-18,114,LONGO,0.67,35.5,CONTINUACAO_BAIXA,"Trava de Baixa, Put Debit Spread",45.6,MONITORAR_NO_RTD,Liquidez score 35.5 ≥ 30 — monitorar confirmação via RTD.
VALE3,VALEF565W2,CALL,56.5,2026-06-12,16,CURTO,26.83,35.3,LATERALIDADE,Monitorar — Iron Condor futuro,45.6,MONITORAR_NO_RTD,Liquidez score 35.3 ≥ 30 — monitorar confirmação via RTD.
PETR4,PETRO387,PUT,38.75,2028-03-17,660,EXTRA_LONGO,1.64,52.1,CONTINUACAO_BAIXA,"Trava de Baixa, Put Debit Spread",45.6,MONITORAR_NO_RTD,Liquidez score 52.1 ≥ 30 — monitorar confirmação via RTD.
PRIO3,PRIOF910,CALL,91.0,2026-06-19,23,CURTO,0.06,34.9,LATERALIDADE,Monitorar — Iron Condor futuro,45.5,MONITORAR_NO_RTD,Liquidez score 34.9 ≥ 30 — monitorar confirmação via RTD.
VALE3,VALEF409,CALL,40.93,2026-06-19,23,CURTO,41.57,35.1,LATERALIDADE,Monitorar — Iron Condor futuro,45.5,MONITORAR_NO_RTD,Liquidez score 35.1 ≥ 30 — monitorar confirmação via RTD.
PETR4,PETRX384,PUT,38.43,2026-12-18,205,EXTRA_LONGO,1.49,51.5,CONTINUACAO_BAIXA,"Trava de Baixa, Put Debit Spread",45.5,MONITORAR_NO_RTD,Liquidez score 51.5 ≥ 30 — monitorar confirmação via RTD.
VALE3,VALEF60,CALL,55.68,2026-06-19,23,CURTO,26.94,35.0,LATERALIDADE,Monitorar — Iron Condor futuro,45.5,MONITORAR_NO_RTD,Liquidez score 35.0 ≥ 30 — monitorar confirmação via RTD.
BBAS3,BBASV124,PUT,123.77,2026-10-16,142,LONGO,93.72,34.9,RECUPERACAO_APOS_QUEDA,"Call Longa, Trava de Alta, Call Debit Spread",45.5,MONITORAR_NO_RTD,Liquidez score 34.9 ≥ 30 — monitorar confirmação via RTD.
B3SA3,B3SAL140,CALL,13.39,2026-12-18,205,EXTRA_LONGO,4.11,35.0,RECUPERACAO_APOS_QUEDA,"Call Longa, Trava de Alta, Call Debit Spread",45.5,MONITORAR_NO_RTD,Liquidez score 35.0 ≥ 30 — monitorar confirmação via RTD.
PETR4,PETRV332,PUT,31.38,2026-10-16,142,LONGO,0.29,34.9,CONTINUACAO_BAIXA,"Trava de Baixa, Put Debit Spread",45.5,MONITORAR_NO_RTD,Liquidez score 34.9 ≥ 30 — monitorar confirmação via RTD.
PETR4,PETRL414,CALL,40.93,2026-12-18,205,EXTRA_LONGO,9.1,34.9,CONTINUACAO_BAIXA,"Trava de Baixa, Put Debit Spread",45.5,MONITORAR_NO_RTD,Liquidez score 34.9 ≥ 30 — monitorar confirmação via RTD.
BBDC4,BBDCJ206,CALL,20.62,2026-10-16,142,LONGO,1.48,35.1,RECUPERACAO_APOS_QUEDA,"Call Longa, Trava de Alta, Call Debit Spread",45.5,MONITORAR_NO_RTD,Liquidez score 35.1 ≥ 30 — monitorar confirmação via RTD.
VALE3,VALEG946,CALL,94.65,2026-07-17,51,MEDIO,0.66,51.8,LATERALIDADE,Monitorar — Iron Condor futuro,45.5,MONITORAR_NO_RTD,Liquidez score 51.8 ≥ 30 — monitorar confirmação via RTD.
PRIO3,PRIOR540,PUT,54.0,2026-06-19,23,CURTO,0.19,34.9,LATERALIDADE,Monitorar — Iron Condor futuro,45.5,MONITORAR_NO_RTD,Liquidez score 34.9 ≥ 30 — monitorar confirmação via RTD.
VALE3,VALEF10,CALL,100.4,2026-06-19,23,CURTO,0.03,34.5,LATERALIDADE,Monitorar — Iron Condor futuro,45.4,MONITORAR_NO_RTD,Liquidez score 34.5 ≥ 30 — monitorar confirmação via RTD.
VALE3,VALEK630,CALL,59.65,2026-11-19,176,LONGO,25.63,68.0,LATERALIDADE,Monitorar — Iron Condor futuro,45.4,MONITORAR_NO_RTD,Liquidez score 68.0 ≥ 30 — monitorar confirmação via RTD.
VALE3,VALEC835,CALL,83.54,2027-03-19,296,EXTRA_LONGO,16.82,34.6,LATERALIDADE,Monitorar — Iron Condor futuro,45.4,MONITORAR_NO_RTD,Liquidez score 34.6 ≥ 30 — monitorar confirmação via RTD.
PETR4,PETRK450,CALL,38.68,2026-11-19,176,LONGO,8.85,34.6,CONTINUACAO_BAIXA,"Trava de Baixa, Put Debit Spread",45.4,MONITORAR_NO_RTD,Liquidez score 34.6 ≥ 30 — monitorar confirmação via RTD.
PETR4,PETRM480,PUT,47.46,2028-01-21,604,EXTRA_LONGO,3.32,34.8,CONTINUACAO_BAIXA,"Trava de Baixa, Put Debit Spread",45.4,MONITORAR_NO_RTD,Liquidez score 34.8 ≥ 30 — monitorar confirmação via RTD.
VALE3,VALEF716W4,CALL,71.68,2026-06-26,30,CURTO,15.45,34.6,LATERALIDADE,Monitorar — Iron Condor futuro,45.4,MONITORAR_NO_RTD,Liquidez score 34.6 ≥ 30 — monitorar confirmação via RTD.
PRIO3,PRIOI100,CALL,100.0,2026-09-18,114,LONGO,0.55,68.0,LATERALIDADE,Monitorar — Iron Condor futuro,45.4,MONITORAR_NO_RTD,Liquidez score 68.0 ≥ 30 — monitorar confirmação via RTD.
VALE3,VALEF700,CALL,66.68,2026-06-19,23,CURTO,16.52,34.6,LATERALIDADE,Monitorar — Iron Condor futuro,45.4,MONITORAR_NO_RTD,Liquidez score 34.6 ≥ 30 — monitorar confirmação via RTD.
PRIO3,PRIOS610,PUT,61.0,2026-07-17,51,MEDIO,1.19,50.9,LATERALIDADE,Monitorar — Iron Condor futuro,45.3,MONITORAR_NO_RTD,Liquidez score 50.9 ≥ 30 — monitorar confirmação via RTD.
PETR4,PETRW404,PUT,39.93,2026-11-19,176,LONGO,1.7,34.3,CONTINUACAO_BAIXA,"Trava de Baixa, Put Debit Spread",45.3,MONITORAR_NO_RTD,Liquidez score 34.3 ≥ 30 — monitorar confirmação via RTD.
GGBR4,GGBRL216,CALL,21.53,2026-12-18,205,EXTRA_LONGO,3.63,51.0,CONTINUACAO_ALTA,"Trava de Alta, Call Debit Spread",45.3,MONITORAR_NO_RTD,Liquidez score 51.0 ≥ 30 — monitorar confirmação via RTD.
VALE3,VALES745,PUT,71.15,2026-07-17,51,MEDIO,0.32,50.9,LATERALIDADE,Monitorar — Iron Condor futuro,45.3,MONITORAR_NO_RTD,Liquidez score 50.9 ≥ 30 — monitorar confirmação via RTD.
BBDC4,BBDCS20,PUT,18.97,2027-07-16,415,EXTRA_LONGO,1.6,34.4,RECUPERACAO_APOS_QUEDA,"Call Longa, Trava de Alta, Call Debit Spread",45.3,MONITORAR_NO_RTD,Liquidez score 34.4 ≥ 30 — monitorar confirmação via RTD.
PRIO3,PRIOG610W2,CALL,61.0,2026-07-10,44,MEDIO,8.74,50.6,LATERALIDADE,Monitorar — Iron Condor futuro,45.2,MONITORAR_NO_RTD,Liquidez score 50.6 ≥ 30 — monitorar confirmação via RTD.
SUZB3,SUZBJ511,CALL,51.13,2026-10-16,142,LONGO,3.11,33.9,RECUPERACAO_APOS_QUEDA,"Call Longa, Trava de Alta, Call Debit Spread",45.2,MONITORAR_NO_RTD,Liquidez score 33.9 ≥ 30 — monitorar confirmação via RTD.
PRIO3,PRIOS595,PUT,59.5,2026-07-17,51,MEDIO,1.07,50.7,LATERALIDADE,Monitorar — Iron Condor futuro,45.2,MONITORAR_NO_RTD,Liquidez score 50.7 ≥ 30 — monitorar confirmação via RTD.
PETR4,PETRI380,CALL,36.19,2026-09-18,114,LONGO,12.11,33.9,CONTINUACAO_BAIXA,"Trava de Baixa, Put Debit Spread",45.2,MONITORAR_NO_RTD,Liquidez score 33.9 ≥ 30 — monitorar confirmação via RTD.
BBAS3,BBASM224,PUT,22.43,2027-01-15,233,EXTRA_LONGO,1.86,34.1,RECUPERACAO_APOS_QUEDA,"Call Longa, Trava de Alta, Call Debit Spread",45.2,MONITORAR_NO_RTD,Liquidez score 34.1 ≥ 30 — monitorar confirmação via RTD.
PETR4,PETRV37,PUT,35.67,2026-10-16,142,LONGO,0.95,34.1,CONTINUACAO_BAIXA,"Trava de Baixa, Put Debit Spread",45.2,MONITORAR_NO_RTD,Liquidez score 34.1 ≥ 30 — monitorar confirmação via RTD.
VALE3,VALEL563,CALL,52.96,2026-12-18,205,EXTRA_LONGO,38.6,84.0,LATERALIDADE,Monitorar — Iron Condor futuro,45.2,MONITORAR_NO_RTD,Liquidez score 84.0 ≥ 30 — monitorar confirmação via RTD.
VALE3,VALEF636,CALL,63.68,2026-06-19,23,CURTO,19.3,33.8,LATERALIDADE,Monitorar — Iron Condor futuro,45.1,MONITORAR_NO_RTD,Liquidez score 33.8 ≥ 30 — monitorar confirmação via RTD.
SUZB3,SUZBN643,PUT,64.38,2027-02-19,268,EXTRA_LONGO,17.24,50.2,RECUPERACAO_APOS_QUEDA,"Call Longa, Trava de Alta, Call Debit Spread",45.1,MONITORAR_NO_RTD,Liquidez score 50.2 ≥ 30 — monitorar confirmação via RTD.
PRIO3,PRIOF470,CALL,47.0,2026-06-19,23,CURTO,21.02,33.7,LATERALIDADE,Monitorar — Iron Condor futuro,45.1,MONITORAR_NO_RTD,Liquidez score 33.7 ≥ 30 — monitorar confirmação via RTD.
BBAS3,BBASL279,CALL,27.66,2027-12-17,569,EXTRA_LONGO,2.1,50.2,RECUPERACAO_APOS_QUEDA,"Call Longa, Trava de Alta, Call Debit Spread",45.1,MONITORAR_NO_RTD,Liquidez score 50.2 ≥ 30 — monitorar confirmação via RTD.
VALE3,VALER705,PUT,67.18,2026-06-19,23,CURTO,0.06,33.8,LATERALIDADE,Monitorar — Iron Condor futuro,45.1,MONITORAR_NO_RTD,Liquidez score 33.8 ≥ 30 — monitorar confirmação via RTD.
PRIO3,PRIOR375,PUT,37.5,2026-06-19,23,CURTO,0.08,33.8,LATERALIDADE,Monitorar — Iron Condor futuro,45.1,MONITORAR_NO_RTD,Liquidez score 33.8 ≥ 30 — monitorar confirmação via RTD.
VALE3,VALEF394,CALL,39.43,2026-06-19,23,CURTO,43.63,33.6,LATERALIDADE,Monitorar — Iron Condor futuro,45.1,MONITORAR_NO_RTD,Liquidez score 33.6 ≥ 30 — monitorar confirmação via RTD.
CMIG4,CMIGJ144,CALL,14.24,2026-10-16,142,LONGO,0.22,33.6,RECUPERACAO_APOS_QUEDA,"Call Longa, Trava de Alta, Call Debit Spread",45.1,MONITORAR_NO_RTD,Liquidez score 33.6 ≥ 30 — monitorar confirmação via RTD.
PETR4,PETRC15,CALL,14.46,2028-03-17,660,EXTRA_LONGO,37.0,50.3,CONTINUACAO_BAIXA,"Trava de Baixa, Put Debit Spread",45.1,MONITORAR_NO_RTD,Liquidez score 50.3 ≥ 30 — monitorar confirmação via RTD.
PETR4,PETRX379,PUT,37.43,2026-12-18,205,EXTRA_LONGO,1.35,50.4,CONTINUACAO_BAIXA,"Trava de Baixa, Put Debit Spread",45.1,MONITORAR_NO_RTD,Liquidez score 50.4 ≥ 30 — monitorar confirmação via RTD.
PRIO3,PRIOH600,CALL,60.0,2026-08-21,86,MEDIO,8.44,50.4,LATERALIDADE,Monitorar — Iron Condor futuro,45.1,MONITORAR_NO_RTD,Liquidez score 50.4 ≥ 30 — monitorar confirmação via RTD.
VALE3,VALEW926,PUT,92.65,2026-11-19,176,LONGO,9.11,66.7,LATERALIDADE,Monitorar — Iron Condor futuro,45.0,MONITORAR_NO_RTD,Liquidez score 66.7 ≥ 30 — monitorar confirmação via RTD.
PETR4,PETRK340,CALL,27.68,2026-11-19,176,LONGO,21.91,33.2,CONTINUACAO_BAIXA,"Trava de Baixa, Put Debit Spread",45.0,MONITORAR_NO_RTD,Liquidez score 33.2 ≥ 30 — monitorar confirmação via RTD.
PRIO3,PRIOR555,PUT,55.5,2026-06-19,23,CURTO,0.23,33.4,LATERALIDADE,Monitorar — Iron Condor futuro,45.0,MONITORAR_NO_RTD,Liquidez score 33.4 ≥ 30 — monitorar confirmação via RTD.
PETR4,PETRK325,CALL,31.65,2027-11-19,541,EXTRA_LONGO,21.59,49.6,CONTINUACAO_BAIXA,"Trava de Baixa, Put Debit Spread",44.9,MONITORAR_NO_RTD,Liquidez score 49.6 ≥ 30 — monitorar confirmação via RTD.
VALE3,VALEG936,CALL,93.65,2026-07-17,51,MEDIO,0.75,49.8,LATERALIDADE,Monitorar — Iron Condor futuro,44.9,MONITORAR_NO_RTD,Liquidez score 49.8 ≥ 30 — monitorar confirmação via RTD.
VALE3,VALEF25,CALL,20.43,2026-06-19,23,CURTO,62.62,33.0,LATERALIDADE,Monitorar — Iron Condor futuro,44.9,MONITORAR_NO_RTD,Liquidez score 33.0 ≥ 30 — monitorar confirmação via RTD.
VALE3,VALEL809,CALL,80.96,2026-12-18,205,EXTRA_LONGO,10.2,66.3,LATERALIDADE,Monitorar — Iron Condor futuro,44.9,MONITORAR_NO_RTD,Liquidez score 66.3 ≥ 30 — monitorar confirmação via RTD.
VALE3,VALES102,PUT,102.15,2026-07-17,51,MEDIO,17.26,49.7,LATERALIDADE,Monitorar — Iron Condor futuro,44.9,MONITORAR_NO_RTD,Liquidez score 49.7 ≥ 30 — monitorar confirmação via RTD.
PETR4,PETRU392,PUT,39.23,2026-09-18,114,LONGO,0.85,33.0,CONTINUACAO_BAIXA,"Trava de Baixa, Put Debit Spread",44.9,MONITORAR_NO_RTD,Liquidez score 33.0 ≥ 30 — monitorar confirmação via RTD.
PRIO3,PRIOF590,CALL,59.0,2026-06-19,23,CURTO,10.4,32.5,LATERALIDADE,Monitorar — Iron Condor futuro,44.8,MONITORAR_NO_RTD,Liquidez score 32.5 ≥ 30 — monitorar confirmação via RTD.
WEGE3,WEGEL407,CALL,39.04,2026-12-18,205,EXTRA_LONGO,12.62,32.6,RECUPERACAO_APOS_QUEDA,"Call Longa, Trava de Alta, Call Debit Spread",44.8,MONITORAR_NO_RTD,Liquidez score 32.6 ≥ 30 — monitorar confirmação via RTD.
WEGE3,WEGEK541,CALL,54.03,2026-11-19,176,LONGO,5.67,32.6,RECUPERACAO_APOS_QUEDA,"Call Longa, Trava de Alta, Call Debit Spread",44.8,MONITORAR_NO_RTD,Liquidez score 32.6 ≥ 30 — monitorar confirmação via RTD.
VALE3,VALEG565,CALL,53.15,2026-07-17,51,MEDIO,31.7,49.2,LATERALIDADE,Monitorar — Iron Condor futuro,44.8,MONITORAR_NO_RTD,Liquidez score 49.2 ≥ 30 — monitorar confirmação via RTD.
ITUB4,ITUBL13,CALL,36.33,2027-12-17,569,EXTRA_LONGO,11.0,32.8,RECUPERACAO_APOS_QUEDA,"Call Longa, Trava de Alta, Call Debit Spread",44.8,MONITORAR_NO_RTD,Liquidez score 32.8 ≥ 30 — monitorar confirmação via RTD.
ITUB4,ITUBW481,PUT,48.16,2026-11-19,176,LONGO,6.05,32.7,RECUPERACAO_APOS_QUEDA,"Call Longa, Trava de Alta, Call Debit Spread",44.8,MONITORAR_NO_RTD,Liquidez score 32.7 ≥ 30 — monitorar confirmação via RTD.
VALE3,VALEL710,CALL,63.46,2026-12-18,205,EXTRA_LONGO,24.4,82.7,LATERALIDADE,Monitorar — Iron Condor futuro,44.8,MONITORAR_NO_RTD,Liquidez score 82.7 ≥ 30 — monitorar confirmação via RTD.
PETR4,PETRX26,PUT,33.11,2027-12-17,569,EXTRA_LONGO,1.02,49.3,CONTINUACAO_BAIXA,"Trava de Baixa, Put Debit Spread",44.8,MONITORAR_NO_RTD,Liquidez score 49.3 ≥ 30 — monitorar confirmação via RTD.
VALE3,VALES755,PUT,72.15,2026-07-17,51,MEDIO,0.35,49.2,LATERALIDADE,Monitorar — Iron Condor futuro,44.8,MONITORAR_NO_RTD,Liquidez score 49.2 ≥ 30 — monitorar confirmação via RTD.
GGBR4,GGBRE220,CALL,21.2,2027-05-21,359,EXTRA_LONGO,5.23,49.1,CONTINUACAO_ALTA,"Trava de Alta, Call Debit Spread",44.7,MONITORAR_NO_RTD,Liquidez score 49.1 ≥ 30 — monitorar confirmação via RTD.
PRIO3,PRIOR417,PUT,41.75,2026-06-19,23,CURTO,0.07,32.4,LATERALIDADE,Monitorar — Iron Condor futuro,44.7,MONITORAR_NO_RTD,Liquidez score 32.4 ≥ 30 — monitorar confirmação via RTD.
PRIO3,PRIOH665,CALL,66.5,2026-08-21,86,MEDIO,5.31,32.2,LATERALIDADE,Monitorar — Iron Condor futuro,44.7,MONITORAR_NO_RTD,Liquidez score 32.2 ≥ 30 — monitorar confirmação via RTD.
ITUB4,ITUBQ325,PUT,29.07,2027-05-21,359,EXTRA_LONGO,0.36,49.1,RECUPERACAO_APOS_QUEDA,"Call Longa, Trava de Alta, Call Debit Spread",44.7,MONITORAR_NO_RTD,Liquidez score 49.1 ≥ 30 — monitorar confirmação via RTD.
VALE3,VALEK546,CALL,54.65,2026-11-19,176,LONGO,30.0,65.6,LATERALIDADE,Monitorar — Iron Condor futuro,44.7,MONITORAR_NO_RTD,Liquidez score 65.6 ≥ 30 — monitorar confirmação via RTD.
VALE3,VALEH814,CALL,81.46,2026-08-21,86,MEDIO,5.7,31.9,LATERALIDADE,Monitorar — Iron Condor futuro,44.6,MONITORAR_NO_RTD,Liquidez score 31.9 ≥ 30 — monitorar confirmação via RTD.
PETR4,PETRI404,CALL,39.94,2026-09-18,114,LONGO,11.2,31.9,CONTINUACAO_BAIXA,"Trava de Baixa, Put Debit Spread",44.6,MONITORAR_NO_RTD,Liquidez score 31.9 ≥ 30 — monitorar confirmação via RTD.
PRIO3,PRIOF482,CALL,48.25,2026-06-19,23,CURTO,19.64,32.1,LATERALIDADE,Monitorar — Iron Condor futuro,44.6,MONITORAR_NO_RTD,Liquidez score 32.1 ≥ 30 — monitorar confirmação via RTD.
PRIO3,PRIOF500,CALL,50.0,2026-06-19,23,CURTO,18.7,31.9,LATERALIDADE,Monitorar — Iron Condor futuro,44.6,MONITORAR_NO_RTD,Liquidez score 31.9 ≥ 30 — monitorar confirmação via RTD.
PRIO3,PRIOF555,CALL,55.5,2026-06-19,23,CURTO,14.3,31.9,LATERALIDADE,Monitorar — Iron Condor futuro,44.6,MONITORAR_NO_RTD,Liquidez score 31.9 ≥ 30 — monitorar confirmação via RTD.
VALE3,VALEQ700W5,PUT,70.0,2026-05-29,2,CURTO,0.01,32.1,LATERALIDADE,Monitorar — Iron Condor futuro,44.6,MONITORAR_NO_RTD,Liquidez score 32.1 ≥ 30 — monitorar confirmação via RTD.
PRIO3,PRIOG785,CALL,78.5,2026-07-17,51,MEDIO,1.47,48.7,LATERALIDADE,Monitorar — Iron Condor futuro,44.6,MONITORAR_NO_RTD,Liquidez score 48.7 ≥ 30 — monitorar confirmação via RTD.
PRIO3,PRIOF845,CALL,84.5,2026-06-19,23,CURTO,0.22,32.1,LATERALIDADE,Monitorar — Iron Condor futuro,44.6,MONITORAR_NO_RTD,Liquidez score 32.1 ≥ 30 — monitorar confirmação via RTD.
PETR4,PETRL354,CALL,33.22,2026-12-18,205,EXTRA_LONGO,17.25,48.6,CONTINUACAO_BAIXA,"Trava de Baixa, Put Debit Spread",44.6,MONITORAR_NO_RTD,Liquidez score 48.6 ≥ 30 — monitorar confirmação via RTD.
CMIG4,CMIGI125,CALL,12.54,2026-09-18,114,LONGO,0.36,32.0,RECUPERACAO_APOS_QUEDA,"Call Longa, Trava de Alta, Call Debit Spread",44.6,MONITORAR_NO_RTD,Liquidez score 32.0 ≥ 30 — monitorar confirmação via RTD.
VALE3,VALEJ589,CALL,58.9,2026-10-16,142,LONGO,24.71,65.3,LATERALIDADE,Monitorar — Iron Condor futuro,44.6,MONITORAR_NO_RTD,Liquidez score 65.3 ≥ 30 — monitorar confirmação via RTD.
ITUB4,ITUBJ365,CALL,32.6,2026-10-16,142,LONGO,9.3,31.8,RECUPERACAO_APOS_QUEDA,"Call Longa, Trava de Alta, Call Debit Spread",44.5,MONITORAR_NO_RTD,Liquidez score 31.8 ≥ 30 — monitorar confirmação via RTD.
BBDC4,BBDCU350,PUT,32.93,2026-09-18,114,LONGO,11.93,31.7,RECUPERACAO_APOS_QUEDA,"Call Longa, Trava de Alta, Call Debit Spread",44.5,MONITORAR_NO_RTD,Liquidez score 31.7 ≥ 30 — monitorar confirmação via RTD.
B3SA3,B3SAL13,CALL,12.45,2026-12-18,205,EXTRA_LONGO,7.0,31.8,RECUPERACAO_APOS_QUEDA,"Call Longa, Trava de Alta, Call Debit Spread",44.5,MONITORAR_NO_RTD,Liquidez score 31.8 ≥ 30 — monitorar confirmação via RTD.
PRIO3,PRIOI462,CALL,46.25,2026-09-18,114,LONGO,21.0,65.0,LATERALIDADE,Monitorar — Iron Condor futuro,44.5,MONITORAR_NO_RTD,Liquidez score 65.0 ≥ 30 — monitorar confirmação via RTD.
PRIO3,PRIOF452,CALL,45.25,2026-06-19,23,CURTO,23.99,31.7,LATERALIDADE,Monitorar — Iron Condor futuro,44.5,MONITORAR_NO_RTD,Liquidez score 31.7 ≥ 30 — monitorar confirmação via RTD.
VALE3,VALEU901,PUT,90.15,2026-09-18,114,LONGO,8.19,48.5,LATERALIDADE,Monitorar — Iron Condor futuro,44.5,MONITORAR_NO_RTD,Liquidez score 48.5 ≥ 30 — monitorar confirmação via RTD.
PETR4,PETRO16,PUT,37.96,2027-03-19,296,EXTRA_LONGO,1.4,48.3,CONTINUACAO_BAIXA,"Trava de Baixa, Put Debit Spread",44.5,MONITORAR_NO_RTD,Liquidez score 48.3 ≥ 30 — monitorar confirmação via RTD.
VALE3,VALES926,PUT,92.65,2026-07-17,51,MEDIO,10.17,48.5,LATERALIDADE,Monitorar — Iron Condor futuro,44.5,MONITORAR_NO_RTD,Liquidez score 48.5 ≥ 30 — monitorar confirmação via RTD.
VALE3,VALEI690,CALL,65.65,2026-09-18,114,LONGO,20.8,64.8,LATERALIDADE,Monitorar — Iron Condor futuro,44.4,MONITORAR_NO_RTD,Liquidez score 64.8 ≥ 30 — monitorar confirmação via RTD.
PRIO3,PRIOF860,CALL,86.0,2026-06-19,23,CURTO,0.2,31.2,LATERALIDADE,Monitorar — Iron Condor futuro,44.4,MONITORAR_NO_RTD,Liquidez score 31.2 ≥ 30 — monitorar confirmação via RTD.
ITUB4,ITUBL545,CALL,54.17,2026-12-18,205,EXTRA_LONGO,0.62,48.0,RECUPERACAO_APOS_QUEDA,"Call Longa, Trava de Alta, Call Debit Spread",44.4,MONITORAR_NO_RTD,Liquidez score 48.0 ≥ 30 — monitorar confirmação via RTD.
GGBR4,GGBRX180,PUT,17.1,2026-12-18,205,EXTRA_LONGO,0.22,48.1,CONTINUACAO_ALTA,"Trava de Alta, Call Debit Spread",44.4,MONITORAR_NO_RTD,Liquidez score 48.1 ≥ 30 — monitorar confirmação via RTD.
PETR4,PETRJ271,CALL,27.17,2026-10-16,142,LONGO,20.4,31.4,CONTINUACAO_BAIXA,"Trava de Baixa, Put Debit Spread",44.4,MONITORAR_NO_RTD,Liquidez score 31.4 ≥ 30 — monitorar confirmação via RTD.
PETR4,PETRK363,CALL,34.93,2026-11-19,176,LONGO,13.1,31.3,CONTINUACAO_BAIXA,"Trava de Baixa, Put Debit Spread",44.4,MONITORAR_NO_RTD,Liquidez score 31.3 ≥ 30 — monitorar confirmação via RTD.
PETR4,PETRC16,CALL,37.96,2027-03-19,296,EXTRA_LONGO,12.0,47.9,CONTINUACAO_BAIXA,"Trava de Baixa, Put Debit Spread",44.4,MONITORAR_NO_RTD,Liquidez score 47.9 ≥ 30 — monitorar confirmação via RTD.
BBAS3,BBASL331,CALL,32.91,2027-12-17,569,EXTRA_LONGO,1.22,47.8,RECUPERACAO_APOS_QUEDA,"Call Longa, Trava de Alta, Call Debit Spread",44.3,MONITORAR_NO_RTD,Liquidez score 47.8 ≥ 30 — monitorar confirmação via RTD.
ITUB4,ITUBL555,CALL,55.17,2026-12-18,205,EXTRA_LONGO,0.5,47.8,RECUPERACAO_APOS_QUEDA,"Call Longa, Trava de Alta, Call Debit Spread",44.3,MONITORAR_NO_RTD,Liquidez score 47.8 ≥ 30 — monitorar confirmação via RTD.
VALE3,VALEG715,CALL,68.15,2026-07-17,51,MEDIO,14.5,47.7,LATERALIDADE,Monitorar — Iron Condor futuro,44.3,MONITORAR_NO_RTD,Liquidez score 47.7 ≥ 30 — monitorar confirmação via RTD.
VALE3,VALES746,PUT,74.65,2026-07-17,51,MEDIO,0.6,47.7,LATERALIDADE,Monitorar — Iron Condor futuro,44.3,MONITORAR_NO_RTD,Liquidez score 47.7 ≥ 30 — monitorar confirmação via RTD.
VALE3,VALEF471,CALL,47.18,2026-06-19,23,CURTO,37.8,31.1,LATERALIDADE,Monitorar — Iron Condor futuro,44.3,MONITORAR_NO_RTD,Liquidez score 31.1 ≥ 30 — monitorar confirmação via RTD.
PRIO3,PRIOF422,CALL,42.25,2026-06-19,23,CURTO,26.0,30.9,LATERALIDADE,Monitorar — Iron Condor futuro,44.3,MONITORAR_NO_RTD,Liquidez score 30.9 ≥ 30 — monitorar confirmação via RTD.
BPAC11,BPACB691,CALL,32.45,2027-02-19,268,EXTRA_LONGO,24.99,47.6,RECUPERACAO_APOS_QUEDA,"Call Longa, Trava de Alta, Call Debit Spread",44.3,MONITORAR_NO_RTD,Liquidez score 47.6 ≥ 30 — monitorar confirmação via RTD.
VALE3,VALEI696,CALL,69.65,2026-09-18,114,LONGO,20.0,64.0,LATERALIDADE,Monitorar — Iron Condor futuro,44.2,MONITORAR_NO_RTD,Liquidez score 64.0 ≥ 30 — monitorar confirmação via RTD.
VALE3,VALEI561,CALL,56.15,2026-09-18,114,LONGO,27.96,64.0,LATERALIDADE,Monitorar — Iron Condor futuro,44.2,MONITORAR_NO_RTD,Liquidez score 64.0 ≥ 30 — monitorar confirmação via RTD.
ITUB4,ITUBK484,CALL,44.49,2026-11-19,176,LONGO,2.64,30.8,RECUPERACAO_APOS_QUEDA,"Call Longa, Trava de Alta, Call Debit Spread",44.2,MONITORAR_NO_RTD,Liquidez score 30.8 ≥ 30 — monitorar confirmação via RTD.
VALE3,VALEJ689,CALL,68.9,2026-10-16,142,LONGO,16.0,64.0,LATERALIDADE,Monitorar — Iron Condor futuro,44.2,MONITORAR_NO_RTD,Liquidez score 64.0 ≥ 30 — monitorar confirmação via RTD.
PRIO3,PRIOF457,CALL,45.75,2026-06-19,23,CURTO,22.59,30.6,LATERALIDADE,Monitorar — Iron Condor futuro,44.2,MONITORAR_NO_RTD,Liquidez score 30.6 ≥ 30 — monitorar confirmação via RTD.
VALE3,VALEJ664,CALL,66.4,2026-10-16,142,LONGO,18.0,64.0,LATERALIDADE,Monitorar — Iron Condor futuro,44.2,MONITORAR_NO_RTD,Liquidez score 64.0 ≥ 30 — monitorar confirmação via RTD.
VALE3,VALEI651,CALL,65.15,2026-09-18,114,LONGO,13.78,64.0,LATERALIDADE,Monitorar — Iron Condor futuro,44.2,MONITORAR_NO_RTD,Liquidez score 64.0 ≥ 30 — monitorar confirmação via RTD.
PRIO3,PRIOK780,CALL,78.0,2026-11-19,176,LONGO,6.0,64.0,LATERALIDADE,Monitorar — Iron Condor futuro,44.2,MONITORAR_NO_RTD,Liquidez score 64.0 ≥ 30 — monitorar confirmação via RTD.
VALE3,VALEJ491,CALL,49.15,2026-10-16,142,LONGO,37.4,64.0,LATERALIDADE,Monitorar — Iron Condor futuro,44.2,MONITORAR_NO_RTD,Liquidez score 64.0 ≥ 30 — monitorar confirmação via RTD.
VALE3,VALEI591,CALL,59.15,2026-09-18,114,LONGO,25.12,64.0,LATERALIDADE,Monitorar — Iron Condor futuro,44.2,MONITORAR_NO_RTD,Liquidez score 64.0 ≥ 30 — monitorar confirmação via RTD.
PRIO3,PRIOI402,CALL,40.25,2026-09-18,114,LONGO,17.35,64.0,LATERALIDADE,Monitorar — Iron Condor futuro,44.2,MONITORAR_NO_RTD,Liquidez score 64.0 ≥ 30 — monitorar confirmação via RTD.
PRIO3,PRIOI580,CALL,58.0,2026-09-18,114,LONGO,12.9,64.0,LATERALIDADE,Monitorar — Iron Condor futuro,44.2,MONITORAR_NO_RTD,Liquidez score 64.0 ≥ 30 — monitorar confirmação via RTD.
VALE3,VALEL799,CALL,79.96,2026-12-18,205,EXTRA_LONGO,11.83,64.0,LATERALIDADE,Monitorar — Iron Condor futuro,44.2,MONITORAR_NO_RTD,Liquidez score 64.0 ≥ 30 — monitorar confirmação via RTD.
BBAS3,BBASX185,PUT,18.18,2026-12-18,205,EXTRA_LONGO,0.63,47.4,RECUPERACAO_APOS_QUEDA,"Call Longa, Trava de Alta, Call Debit Spread",44.2,MONITORAR_NO_RTD,Liquidez score 47.4 ≥ 30 — monitorar confirmação via RTD.
VALE3,VALEV760,PUT,75.9,2026-10-16,142,LONGO,1.78,30.4,LATERALIDADE,Monitorar — Iron Condor futuro,44.1,MONITORAR_NO_RTD,Liquidez score 30.4 ≥ 30 — monitorar confirmação via RTD.
BBAS3,BBASL251,CALL,23.93,2026-12-18,205,EXTRA_LONGO,1.52,47.1,RECUPERACAO_APOS_QUEDA,"Call Longa, Trava de Alta, Call Debit Spread",44.1,MONITORAR_NO_RTD,Liquidez score 47.1 ≥ 30 — monitorar confirmação via RTD.
ITUB4,ITUBU494,PUT,49.18,2026-09-18,114,LONGO,3.49,30.5,RECUPERACAO_APOS_QUEDA,"Call Longa, Trava de Alta, Call Debit Spread",44.1,MONITORAR_NO_RTD,Liquidez score 30.5 ≥ 30 — monitorar confirmação via RTD.
PETR4,PETRX462,PUT,45.68,2026-12-18,205,EXTRA_LONGO,3.9,30.5,CONTINUACAO_BAIXA,"Trava de Baixa, Put Debit Spread",44.1,MONITORAR_NO_RTD,Liquidez score 30.5 ≥ 30 — monitorar confirmação via RTD.
PETR4,PETRB429,CALL,42.46,2028-02-18,632,EXTRA_LONGO,12.25,30.4,CONTINUACAO_BAIXA,"Trava de Baixa, Put Debit Spread",44.1,MONITORAR_NO_RTD,Liquidez score 30.4 ≥ 30 — monitorar confirmação via RTD.
VALE3,VALES89,PUT,89.15,2026-07-17,51,MEDIO,6.57,30.3,LATERALIDADE,Monitorar — Iron Condor futuro,44.1,MONITORAR_NO_RTD,Liquidez score 30.3 ≥ 30 — monitorar confirmação via RTD.
ITUB4,ITUBI332,CALL,33.28,2026-09-18,114,LONGO,11.25,30.3,RECUPERACAO_APOS_QUEDA,"Call Longa, Trava de Alta, Call Debit Spread",44.1,MONITORAR_NO_RTD,Liquidez score 30.3 ≥ 30 — monitorar confirmação via RTD.
PRIO3,PRIOF830,CALL,83.0,2026-06-19,23,CURTO,0.28,30.4,LATERALIDADE,Monitorar — Iron Condor futuro,44.1,MONITORAR_NO_RTD,Liquidez score 30.4 ≥ 30 — monitorar confirmação via RTD.
TAEE11,TAEEQ525,PUT,51.13,2028-05-19,723,EXTRA_LONGO,5.61,46.9,RECUPERACAO_APOS_QUEDA,"Call Longa, Trava de Alta, Call Debit Spread",44.1,MONITORAR_NO_RTD,Liquidez score 46.9 ≥ 30 — monitorar confirmação via RTD.
PRIO3,PRIOG480,CALL,48.0,2026-07-17,51,MEDIO,20.5,47.0,LATERALIDADE,Monitorar — Iron Condor futuro,44.1,MONITORAR_NO_RTD,Liquidez score 47.0 ≥ 30 — monitorar confirmação via RTD.
BPAC11,BPACD740,CALL,74.0,2027-04-16,324,EXTRA_LONGO,4.5,46.6,RECUPERACAO_APOS_QUEDA,"Call Longa, Trava de Alta, Call Debit Spread",44.0,MONITORAR_NO_RTD,Liquidez score 46.6 ≥ 30 — monitorar confirmação via RTD.
VALE3,VALEG411,CALL,41.15,2026-07-17,51,MEDIO,42.3,46.8,LATERALIDADE,Monitorar — Iron Condor futuro,44.0,MONITORAR_NO_RTD,Liquidez score 46.8 ≥ 30 — monitorar confirmação via RTD.
BBAS3,BBASN350,PUT,34.94,2028-02-18,632,EXTRA_LONGO,8.37,46.6,RECUPERACAO_APOS_QUEDA,"Call Longa, Trava de Alta, Call Debit Spread",44.0,MONITORAR_NO_RTD,Liquidez score 46.6 ≥ 30 — monitorar confirmação via RTD.
PRIO3,PRIOR530,PUT,53.0,2026-06-19,23,CURTO,0.16,30.1,LATERALIDADE,Monitorar — Iron Condor futuro,44.0,MONITORAR_NO_RTD,Liquidez score 30.1 ≥ 30 — monitorar confirmação via RTD.
VALE3,VALET599,PUT,59.96,2026-08-21,86,MEDIO,0.69,46.7,LATERALIDADE,Monitorar — Iron Condor futuro,44.0,MONITORAR_NO_RTD,Liquidez score 46.7 ≥ 30 — monitorar confirmação via RTD.
VALE3,VALEF602,CALL,52.68,2026-06-19,23,CURTO,29.9,30.0,LATERALIDADE,Monitorar — Iron Condor futuro,44.0,MONITORAR_NO_RTD,Liquidez score 30.0 ≥ 30 — monitorar confirmação via RTD.
PRIO3,PRIOS615,PUT,61.5,2026-07-17,51,MEDIO,1.29,46.8,LATERALIDADE,Monitorar — Iron Condor futuro,44.0,MONITORAR_NO_RTD,Liquidez score 46.8 ≥ 30 — monitorar confirmação via RTD.
PETR4,PETRM372,PUT,36.71,2027-01-15,233,EXTRA_LONGO,1.24,46.4,CONTINUACAO_BAIXA,"Trava de Baixa, Put Debit Spread",43.9,MONITORAR_NO_RTD,Liquidez score 46.4 ≥ 30 — monitorar confirmação via RTD.
VALE3,VALEG580,CALL,54.65,2026-07-17,51,MEDIO,28.58,46.1,LATERALIDADE,Monitorar — Iron Condor futuro,43.8,MONITORAR_NO_RTD,Liquidez score 46.1 ≥ 30 — monitorar confirmação via RTD.
BBAS3,BBASX419,PUT,41.68,2026-12-18,205,EXTRA_LONGO,14.0,46.0,RECUPERACAO_APOS_QUEDA,"Call Longa, Trava de Alta, Call Debit Spread",43.8,MONITORAR_NO_RTD,Liquidez score 46.0 ≥ 30 — monitorar confirmação via RTD.
BBAS3,BBASL316,CALL,30.93,2026-12-18,205,EXTRA_LONGO,0.33,46.0,RECUPERACAO_APOS_QUEDA,"Call Longa, Trava de Alta, Call Debit Spread",43.8,MONITORAR_NO_RTD,Liquidez score 46.0 ≥ 30 — monitorar confirmação via RTD.
PETR4,PETRX233,PUT,21.93,2026-12-18,205,EXTRA_LONGO,0.11,46.1,CONTINUACAO_BAIXA,"Trava de Baixa, Put Debit Spread",43.8,MONITORAR_NO_RTD,Liquidez score 46.1 ≥ 30 — monitorar confirmação via RTD.
BBAS3,BBASH277,CALL,27.76,2027-08-20,450,EXTRA_LONGO,2.65,45.8,RECUPERACAO_APOS_QUEDA,"Call Longa, Trava de Alta, Call Debit Spread",43.7,MONITORAR_NO_RTD,Liquidez score 45.8 ≥ 30 — monitorar confirmação via RTD.
ITUB4,ITUBL595,CALL,59.17,2026-12-18,205,EXTRA_LONGO,0.32,45.7,RECUPERACAO_APOS_QUEDA,"Call Longa, Trava de Alta, Call Debit Spread",43.7,MONITORAR_NO_RTD,Liquidez score 45.7 ≥ 30 — monitorar confirmação via RTD.
PRIO3,PRIOS570,PUT,57.0,2026-07-17,51,MEDIO,0.62,45.6,LATERALIDADE,Monitorar — Iron Condor futuro,43.7,MONITORAR_NO_RTD,Liquidez score 45.6 ≥ 30 — monitorar confirmação via RTD.
BBAS3,BBASC252,CALL,25.05,2027-03-19,296,EXTRA_LONGO,1.75,45.4,RECUPERACAO_APOS_QUEDA,"Call Longa, Trava de Alta, Call Debit Spread",43.6,MONITORAR_NO_RTD,Liquidez score 45.4 ≥ 30 — monitorar confirmação via RTD.
VALE3,VALEG941,CALL,94.15,2026-07-17,51,MEDIO,0.71,45.3,LATERALIDADE,Monitorar — Iron Condor futuro,43.6,MONITORAR_NO_RTD,Liquidez score 45.3 ≥ 30 — monitorar confirmação via RTD.
VALE3,VALEG102,CALL,102.15,2026-07-17,51,MEDIO,0.16,45.3,LATERALIDADE,Monitorar — Iron Condor futuro,43.6,MONITORAR_NO_RTD,Liquidez score 45.3 ≥ 30 — monitorar confirmação via RTD.
GGBR4,GGBRN108,PUT,10.6,2027-02-19,268,EXTRA_LONGO,0.04,45.2,CONTINUACAO_ALTA,"Trava de Alta, Call Debit Spread",43.6,MONITORAR_NO_RTD,Liquidez score 45.2 ≥ 30 — monitorar confirmação via RTD.
PETR4,PETRL264,CALL,25.65,2027-12-17,569,EXTRA_LONGO,23.5,45.4,CONTINUACAO_BAIXA,"Trava de Baixa, Put Debit Spread",43.6,MONITORAR_NO_RTD,Liquidez score 45.4 ≥ 30 — monitorar confirmação via RTD.
BBDC4,BBDCL150,CALL,15.07,2027-12-17,569,EXTRA_LONGO,6.0,45.4,RECUPERACAO_APOS_QUEDA,"Call Longa, Trava de Alta, Call Debit Spread",43.6,MONITORAR_NO_RTD,Liquidez score 45.4 ≥ 30 — monitorar confirmação via RTD.
VALE3,VALEG556,CALL,55.65,2026-07-17,51,MEDIO,27.52,45.1,LATERALIDADE,Monitorar — Iron Condor futuro,43.5,MONITORAR_NO_RTD,Liquidez score 45.1 ≥ 30 — monitorar confirmação via RTD.
CPLE6,CPLEL110,CALL,10.84,2026-12-18,205,EXTRA_LONGO,5.9,45.0,CONTINUACAO_ALTA,"Trava de Alta, Call Debit Spread",43.5,MONITORAR_NO_RTD,Liquidez score 45.0 ≥ 30 — monitorar confirmação via RTD.
BBAS3,BBASL35,CALL,35.43,2026-12-18,205,EXTRA_LONGO,0.49,45.0,RECUPERACAO_APOS_QUEDA,"Call Longa, Trava de Alta, Call Debit Spread",43.5,MONITORAR_NO_RTD,Liquidez score 45.0 ≥ 30 — monitorar confirmação via RTD.
ITUB4,ITUBP507,PUT,50.4,2027-04-16,324,EXTRA_LONGO,5.78,44.9,RECUPERACAO_APOS_QUEDA,"Call Longa, Trava de Alta, Call Debit Spread",43.5,MONITORAR_NO_RTD,Liquidez score 44.9 ≥ 30 — monitorar confirmação via RTD.
VALE3,VALEH604,CALL,60.46,2026-08-21,86,MEDIO,23.6,44.5,LATERALIDADE,Monitorar — Iron Condor futuro,43.4,MONITORAR_NO_RTD,Liquidez score 44.5 ≥ 30 — monitorar confirmação via RTD.
PETR4,PETRL55,CALL,27.68,2026-12-18,205,EXTRA_LONGO,18.97,44.5,CONTINUACAO_BAIXA,"Trava de Baixa, Put Debit Spread",43.4,MONITORAR_NO_RTD,Liquidez score 44.5 ≥ 30 — monitorar confirmação via RTD.
PETR4,PETRL309,CALL,30.43,2026-12-18,205,EXTRA_LONGO,21.5,44.7,CONTINUACAO_BAIXA,"Trava de Baixa, Put Debit Spread",43.4,MONITORAR_NO_RTD,Liquidez score 44.7 ≥ 30 — monitorar confirmação via RTD.
PETR4,PETRL234,CALL,22.86,2027-12-17,569,EXTRA_LONGO,25.92,44.7,CONTINUACAO_BAIXA,"Trava de Baixa, Put Debit Spread",43.4,MONITORAR_NO_RTD,Liquidez score 44.7 ≥ 30 — monitorar confirmação via RTD.
VALE3,VALEH609,CALL,60.96,2026-08-21,86,MEDIO,23.0,44.6,LATERALIDADE,Monitorar — Iron Condor futuro,43.4,MONITORAR_NO_RTD,Liquidez score 44.6 ≥ 30 — monitorar confirmação via RTD.
SUZB3,SUZBB49,CALL,49.78,2027-02-19,268,EXTRA_LONGO,2.24,44.5,RECUPERACAO_APOS_QUEDA,"Call Longa, Trava de Alta, Call Debit Spread",43.4,MONITORAR_NO_RTD,Liquidez score 44.5 ≥ 30 — monitorar confirmação via RTD.
ITUB4,ITUBC292,CALL,28.94,2027-03-19,296,EXTRA_LONGO,13.74,44.8,RECUPERACAO_APOS_QUEDA,"Call Longa, Trava de Alta, Call Debit Spread",43.4,MONITORAR_NO_RTD,Liquidez score 44.8 ≥ 30 — monitorar confirmação via RTD.
CPLE6,CPLED190,CALL,19.0,2027-04-16,324,EXTRA_LONGO,1.02,44.7,CONTINUACAO_ALTA,"Trava de Alta, Call Debit Spread",43.4,MONITORAR_NO_RTD,Liquidez score 44.7 ≥ 30 — monitorar confirmação via RTD.
PRIO3,PRIOS550,PUT,55.0,2026-07-17,51,MEDIO,0.46,44.7,LATERALIDADE,Monitorar — Iron Condor futuro,43.4,MONITORAR_NO_RTD,Liquidez score 44.7 ≥ 30 — monitorar confirmação via RTD.
BBAS3,BBASA301,CALL,28.93,2027-01-15,233,EXTRA_LONGO,0.61,44.3,RECUPERACAO_APOS_QUEDA,"Call Longa, Trava de Alta, Call Debit Spread",43.3,MONITORAR_NO_RTD,Liquidez score 44.3 ≥ 30 — monitorar confirmação via RTD.
PRIO3,PRIOT435,PUT,43.5,2026-08-21,86,MEDIO,0.56,44.4,LATERALIDADE,Monitorar — Iron Condor futuro,43.3,MONITORAR_NO_RTD,Liquidez score 44.4 ≥ 30 — monitorar confirmação via RTD.
BBAS3,BBASL306,CALL,29.93,2026-12-18,205,EXTRA_LONGO,0.45,44.3,RECUPERACAO_APOS_QUEDA,"Call Longa, Trava de Alta, Call Debit Spread",43.3,MONITORAR_NO_RTD,Liquidez score 44.3 ≥ 30 — monitorar confirmação via RTD.
PETR4,PETRL201,CALL,19.61,2027-12-17,569,EXTRA_LONGO,29.11,44.4,CONTINUACAO_BAIXA,"Trava de Baixa, Put Debit Spread",43.3,MONITORAR_NO_RTD,Liquidez score 44.4 ≥ 30 — monitorar confirmação via RTD.
CPLE6,CPLEA200,CALL,20.0,2027-01-15,233,EXTRA_LONGO,0.8,44.2,CONTINUACAO_ALTA,"Trava de Alta, Call Debit Spread",43.3,MONITORAR_NO_RTD,Liquidez score 44.2 ≥ 30 — monitorar confirmação via RTD.
ITUB4,ITUBL520,CALL,51.67,2026-12-18,205,EXTRA_LONGO,0.83,43.9,RECUPERACAO_APOS_QUEDA,"Call Longa, Trava de Alta, Call Debit Spread",43.2,MONITORAR_NO_RTD,Liquidez score 43.9 ≥ 30 — monitorar confirmação via RTD.
PRIO3,PRIOH840,CALL,84.0,2026-08-21,86,MEDIO,1.45,44.0,LATERALIDADE,Monitorar — Iron Condor futuro,43.2,MONITORAR_NO_RTD,Liquidez score 44.0 ≥ 30 — monitorar confirmação via RTD.
WEGE3,WEGEX387,PUT,36.96,2026-12-18,205,EXTRA_LONGO,1.02,44.0,RECUPERACAO_APOS_QUEDA,"Call Longa, Trava de Alta, Call Debit Spread",43.2,MONITORAR_NO_RTD,Liquidez score 44.0 ≥ 30 — monitorar confirmação via RTD.
BBAS3,BBASL404,CALL,40.18,2026-12-18,205,EXTRA_LONGO,0.25,43.7,RECUPERACAO_APOS_QUEDA,"Call Longa, Trava de Alta, Call Debit Spread",43.1,MONITORAR_NO_RTD,Liquidez score 43.7 ≥ 30 — monitorar confirmação via RTD.
PRIO3,PRIOS560,PUT,56.0,2026-07-17,51,MEDIO,0.52,43.7,LATERALIDADE,Monitorar — Iron Condor futuro,43.1,MONITORAR_NO_RTD,Liquidez score 43.7 ≥ 30 — monitorar confirmação via RTD.
VALE3,VALET654,PUT,65.46,2026-08-21,86,MEDIO,1.23,43.8,LATERALIDADE,Monitorar — Iron Condor futuro,43.1,MONITORAR_NO_RTD,Liquidez score 43.8 ≥ 30 — monitorar confirmação via RTD.
PETR4,PETRS600,PUT,59.51,2027-07-16,415,EXTRA_LONGO,9.48,43.4,CONTINUACAO_BAIXA,"Trava de Baixa, Put Debit Spread",43.0,MONITORAR_NO_RTD,Liquidez score 43.4 ≥ 30 — monitorar confirmação via RTD.
GGBR4,GGBRL293,CALL,29.28,2026-12-18,205,EXTRA_LONGO,0.87,43.3,CONTINUACAO_ALTA,"Trava de Alta, Call Debit Spread",43.0,MONITORAR_NO_RTD,Liquidez score 43.3 ≥ 30 — monitorar confirmação via RTD.
BBAS3,BBASX336,PUT,33.17,2026-12-18,205,EXTRA_LONGO,5.05,43.3,RECUPERACAO_APOS_QUEDA,"Call Longa, Trava de Alta, Call Debit Spread",43.0,MONITORAR_NO_RTD,Liquidez score 43.3 ≥ 30 — monitorar confirmação via RTD.
PETR4,PETRX17,PUT,35.18,2026-12-18,205,EXTRA_LONGO,1.0,43.4,CONTINUACAO_BAIXA,"Trava de Baixa, Put Debit Spread",43.0,MONITORAR_NO_RTD,Liquidez score 43.4 ≥ 30 — monitorar confirmação via RTD.
PRIO3,PRIOH540,CALL,54.0,2026-08-21,86,MEDIO,13.7,43.3,LATERALIDADE,Monitorar — Iron Condor futuro,43.0,MONITORAR_NO_RTD,Liquidez score 43.3 ≥ 30 — monitorar confirmação via RTD.
PETR4,PETRB114,CALL,11.46,2027-02-19,268,EXTRA_LONGO,34.34,43.1,CONTINUACAO_BAIXA,"Trava de Baixa, Put Debit Spread",42.9,MONITORAR_NO_RTD,Liquidez score 43.1 ≥ 30 — monitorar confirmação via RTD.
VALE3,VALEK670,CALL,63.65,2026-11-19,176,LONGO,21.33,59.8,LATERALIDADE,Monitorar — Iron Condor futuro,42.9,MONITORAR_NO_RTD,Liquidez score 59.8 ≥ 30 — monitorar confirmação via RTD.
PRIO3,PRIOG600W2,CALL,60.0,2026-07-10,44,MEDIO,6.7,43.0,LATERALIDADE,Monitorar — Iron Condor futuro,42.9,MONITORAR_NO_RTD,Liquidez score 43.0 ≥ 30 — monitorar confirmação via RTD.
GGBR4,GGBRL311,CALL,31.03,2026-12-18,205,EXTRA_LONGO,0.39,43.0,CONTINUACAO_ALTA,"Trava de Alta, Call Debit Spread",42.9,MONITORAR_NO_RTD,Liquidez score 43.0 ≥ 30 — monitorar confirmação via RTD.
PETR4,PETRA360,CALL,36.0,2027-01-15,233,EXTRA_LONGO,15.82,42.5,CONTINUACAO_BAIXA,"Trava de Baixa, Put Debit Spread",42.8,MONITORAR_NO_RTD,Liquidez score 42.5 ≥ 30 — monitorar confirmação via RTD.
BBDC4,BBDCB249,CALL,23.41,2027-02-19,268,EXTRA_LONGO,0.75,42.5,RECUPERACAO_APOS_QUEDA,"Call Longa, Trava de Alta, Call Debit Spread",42.8,MONITORAR_NO_RTD,Liquidez score 42.5 ≥ 30 — monitorar confirmação via RTD.
ITUB4,ITUBL605,CALL,60.17,2026-12-18,205,EXTRA_LONGO,0.26,42.8,RECUPERACAO_APOS_QUEDA,"Call Longa, Trava de Alta, Call Debit Spread",42.8,MONITORAR_NO_RTD,Liquidez score 42.8 ≥ 30 — monitorar confirmação via RTD.
PETR4,PETRM374,PUT,36.96,2028-01-21,604,EXTRA_LONGO,1.3,42.6,CONTINUACAO_BAIXA,"Trava de Baixa, Put Debit Spread",42.8,MONITORAR_NO_RTD,Liquidez score 42.6 ≥ 30 — monitorar confirmação via RTD.
PRIO3,PRIOG800,CALL,80.0,2026-07-17,51,MEDIO,1.2,42.5,LATERALIDADE,Monitorar — Iron Condor futuro,42.8,MONITORAR_NO_RTD,Liquidez score 42.5 ≥ 30 — monitorar confirmação via RTD.
PETR4,PETRX399,PUT,37.18,2026-12-18,205,EXTRA_LONGO,1.4,42.8,CONTINUACAO_BAIXA,"Trava de Baixa, Put Debit Spread",42.8,MONITORAR_NO_RTD,Liquidez score 42.8 ≥ 30 — monitorar confirmação via RTD.
ITUB4,ITUBL400,CALL,30.4,2026-12-18,205,EXTRA_LONGO,11.0,42.2,RECUPERACAO_APOS_QUEDA,"Call Longa, Trava de Alta, Call Debit Spread",42.7,MONITORAR_NO_RTD,Liquidez score 42.2 ≥ 30 — monitorar confirmação via RTD.
TAEE11,TAEEB565,CALL,56.51,2027-02-19,268,EXTRA_LONGO,0.97,42.4,RECUPERACAO_APOS_QUEDA,"Call Longa, Trava de Alta, Call Debit Spread",42.7,MONITORAR_NO_RTD,Liquidez score 42.4 ≥ 30 — monitorar confirmação via RTD.
PETR4,PETRL821,CALL,80.18,2026-12-18,205,EXTRA_LONGO,0.4,42.2,CONTINUACAO_BAIXA,"Trava de Baixa, Put Debit Spread",42.7,MONITORAR_NO_RTD,Liquidez score 42.2 ≥ 30 — monitorar confirmação via RTD.
SUZB3,SUZBB629,CALL,61.88,2027-02-19,268,EXTRA_LONGO,0.49,42.2,RECUPERACAO_APOS_QUEDA,"Call Longa, Trava de Alta, Call Debit Spread",42.7,MONITORAR_NO_RTD,Liquidez score 42.2 ≥ 30 — monitorar confirmação via RTD.
PRIO3,PRIOB240,CALL,24.0,2027-02-19,268,EXTRA_LONGO,43.8,75.2,LATERALIDADE,Monitorar — Iron Condor futuro,42.6,MONITORAR_NO_RTD,Liquidez score 75.2 ≥ 30 — monitorar confirmação via RTD.
VALE3,VALEG931,CALL,93.15,2026-07-17,51,MEDIO,0.82,41.9,LATERALIDADE,Monitorar — Iron Condor futuro,42.6,MONITORAR_NO_RTD,Liquidez score 41.9 ≥ 30 — monitorar confirmação via RTD.
PETR4,PETRX361,PUT,36.18,2026-12-18,205,EXTRA_LONGO,1.09,42.0,CONTINUACAO_BAIXA,"Trava de Baixa, Put Debit Spread",42.6,MONITORAR_NO_RTD,Liquidez score 42.0 ≥ 30 — monitorar confirmação via RTD.
PRIO3,PRIOV710,PUT,71.0,2026-10-16,142,LONGO,9.9,42.1,LATERALIDADE,Monitorar — Iron Condor futuro,42.6,MONITORAR_NO_RTD,Liquidez score 42.1 ≥ 30 — monitorar confirmação via RTD.
ABEV3,ABEVL137,CALL,13.79,2026-12-18,205,EXTRA_LONGO,4.06,42.1,CONTINUACAO_ALTA,"Trava de Alta, Call Debit Spread",42.6,MONITORAR_NO_RTD,Liquidez score 42.1 ≥ 30 — monitorar confirmação via RTD.
PRIO3,PRIOH445,CALL,44.5,2026-08-21,86,MEDIO,20.85,41.5,LATERALIDADE,Monitorar — Iron Condor futuro,42.5,MONITORAR_NO_RTD,Liquidez score 41.5 ≥ 30 — monitorar confirmação via RTD.
VALE3,VALEH112,CALL,112.46,2026-08-21,86,MEDIO,0.9,41.7,LATERALIDADE,Monitorar — Iron Condor futuro,42.5,MONITORAR_NO_RTD,Liquidez score 41.7 ≥ 30 — monitorar confirmação via RTD.
PRIO3,PRIOT437,PUT,43.75,2026-08-21,86,MEDIO,0.58,41.6,LATERALIDADE,Monitorar — Iron Condor futuro,42.5,MONITORAR_NO_RTD,Liquidez score 41.6 ≥ 30 — monitorar confirmação via RTD.
SUZB3,SUZBO701,PUT,70.17,2027-03-19,296,EXTRA_LONGO,15.67,41.8,RECUPERACAO_APOS_QUEDA,"Call Longa, Trava de Alta, Call Debit Spread",42.5,MONITORAR_NO_RTD,Liquidez score 41.8 ≥ 30 — monitorar confirmação via RTD.
VALE3,VALEH106,CALL,106.46,2026-08-21,86,MEDIO,1.55,41.6,LATERALIDADE,Monitorar — Iron Condor futuro,42.5,MONITORAR_NO_RTD,Liquidez score 41.6 ≥ 30 — monitorar confirmação via RTD.
ITUB4,ITUBL383,CALL,34.04,2026-12-18,205,EXTRA_LONGO,8.4,41.2,RECUPERACAO_APOS_QUEDA,"Call Longa, Trava de Alta, Call Debit Spread",42.4,MONITORAR_NO_RTD,Liquidez score 41.2 ≥ 30 — monitorar confirmação via RTD.
HAPV3,HAPVM102,PUT,10.25,2027-01-15,233,EXTRA_LONGO,1.03,41.2,CONTINUACAO_BAIXA,"Trava de Baixa, Put Debit Spread",42.4,MONITORAR_NO_RTD,Liquidez score 41.2 ≥ 30 — monitorar confirmação via RTD.
VALE3,VALEH800,CALL,72.46,2026-08-21,86,MEDIO,13.0,41.2,LATERALIDADE,Monitorar — Iron Condor futuro,42.4,MONITORAR_NO_RTD,Liquidez score 41.2 ≥ 30 — monitorar confirmação via RTD.
BBAS3,BBASV100,PUT,9.66,2027-10-15,506,EXTRA_LONGO,0.06,41.2,RECUPERACAO_APOS_QUEDA,"Call Longa, Trava de Alta, Call Debit Spread",42.4,MONITORAR_NO_RTD,Liquidez score 41.2 ≥ 30 — monitorar confirmação via RTD.
BBDC4,BBDCN249,PUT,23.41,2027-02-19,268,EXTRA_LONGO,4.25,41.1,RECUPERACAO_APOS_QUEDA,"Call Longa, Trava de Alta, Call Debit Spread",42.3,MONITORAR_NO_RTD,Liquidez score 41.1 ≥ 30 — monitorar confirmação via RTD.
PETR4,PETRO200,PUT,17.21,2027-03-19,296,EXTRA_LONGO,0.05,40.8,CONTINUACAO_BAIXA,"Trava de Baixa, Put Debit Spread",42.2,MONITORAR_NO_RTD,Liquidez score 40.8 ≥ 30 — monitorar confirmação via RTD.
PRIO3,PRIOS860,PUT,86.0,2026-07-17,51,MEDIO,16.57,40.6,LATERALIDADE,Monitorar — Iron Condor futuro,42.2,MONITORAR_NO_RTD,Liquidez score 40.6 ≥ 30 — monitorar confirmação via RTD.
CPLE6,CPLEP165,PUT,16.5,2027-04-16,324,EXTRA_LONGO,1.08,40.7,CONTINUACAO_ALTA,"Trava de Alta, Call Debit Spread",42.2,MONITORAR_NO_RTD,Liquidez score 40.7 ≥ 30 — monitorar confirmação via RTD.
BBAS3,BBASL379,CALL,37.68,2026-12-18,205,EXTRA_LONGO,0.15,40.6,RECUPERACAO_APOS_QUEDA,"Call Longa, Trava de Alta, Call Debit Spread",42.2,MONITORAR_NO_RTD,Liquidez score 40.6 ≥ 30 — monitorar confirmação via RTD.
VALE3,VALEJ584,CALL,58.4,2026-10-16,142,LONGO,26.6,57.5,LATERALIDADE,Monitorar — Iron Condor futuro,42.2,MONITORAR_NO_RTD,Liquidez score 57.5 ≥ 30 — monitorar confirmação via RTD.
ITUB4,ITUBL621,CALL,57.82,2026-12-18,205,EXTRA_LONGO,0.37,40.3,RECUPERACAO_APOS_QUEDA,"Call Longa, Trava de Alta, Call Debit Spread",42.1,MONITORAR_NO_RTD,Liquidez score 40.3 ≥ 30 — monitorar confirmação via RTD.
VALE3,VALEG900,CALL,90.04,2027-07-16,415,EXTRA_LONGO,11.55,40.5,LATERALIDADE,Monitorar — Iron Condor futuro,42.1,MONITORAR_NO_RTD,Liquidez score 40.5 ≥ 30 — monitorar confirmação via RTD.
ITUB4,ITUBD507,CALL,50.36,2027-04-16,324,EXTRA_LONGO,1.64,40.4,RECUPERACAO_APOS_QUEDA,"Call Longa, Trava de Alta, Call Debit Spread",42.1,MONITORAR_NO_RTD,Liquidez score 40.4 ≥ 30 — monitorar confirmação via RTD.
PETR4,PETRX249,PUT,22.18,2026-12-18,205,EXTRA_LONGO,0.12,40.0,CONTINUACAO_BAIXA,"Trava de Baixa, Put Debit Spread",42.0,MONITORAR_NO_RTD,Liquidez score 40.0 ≥ 30 — monitorar confirmação via RTD.
BBAS3,BBASC181,CALL,181.05,2027-03-19,296,EXTRA_LONGO,0.01,40.0,RECUPERACAO_APOS_QUEDA,"Call Longa, Trava de Alta, Call Debit Spread",42.0,MONITORAR_NO_RTD,Liquidez score 40.0 ≥ 30 — monitorar confirmação via RTD.
ITUB4,ITUBL625,CALL,62.17,2026-12-18,205,EXTRA_LONGO,0.18,39.5,RECUPERACAO_APOS_QUEDA,"Call Longa, Trava de Alta, Call Debit Spread",41.9,MONITORAR_NO_RTD,Liquidez score 39.5 ≥ 30 — monitorar confirmação via RTD.
BBAS3,BBASX239,PUT,23.66,2027-12-17,569,EXTRA_LONGO,2.25,39.4,RECUPERACAO_APOS_QUEDA,"Call Longa, Trava de Alta, Call Debit Spread",41.8,MONITORAR_NO_RTD,Liquidez score 39.4 ≥ 30 — monitorar confirmação via RTD.
PETR4,PETRL334,CALL,33.43,2026-12-18,205,EXTRA_LONGO,15.62,39.3,CONTINUACAO_BAIXA,"Trava de Baixa, Put Debit Spread",41.8,MONITORAR_NO_RTD,Liquidez score 39.3 ≥ 30 — monitorar confirmação via RTD.
CPLE6,CPLEL115,CALL,11.34,2026-12-18,205,EXTRA_LONGO,5.49,39.2,CONTINUACAO_ALTA,"Trava de Alta, Call Debit Spread",41.8,MONITORAR_NO_RTD,Liquidez score 39.2 ≥ 30 — monitorar confirmação via RTD.
BPAC11,BPACC380,CALL,38.0,2027-03-19,296,EXTRA_LONGO,25.34,39.0,RECUPERACAO_APOS_QUEDA,"Call Longa, Trava de Alta, Call Debit Spread",41.7,MONITORAR_NO_RTD,Liquidez score 39.0 ≥ 30 — monitorar confirmação via RTD.
VALE3,VALEA54,CALL,54.15,2027-01-15,233,EXTRA_LONGO,28.25,72.0,LATERALIDADE,Monitorar — Iron Condor futuro,41.6,MONITORAR_NO_RTD,Liquidez score 72.0 ≥ 30 — monitorar confirmação via RTD.
PRIO3,PRIOG860,CALL,86.0,2026-07-17,51,MEDIO,0.59,38.7,LATERALIDADE,Monitorar — Iron Condor futuro,41.6,MONITORAR_NO_RTD,Liquidez score 38.7 ≥ 30 — monitorar confirmação via RTD.
ITUB4,ITUBC505,CALL,50.19,2027-03-19,296,EXTRA_LONGO,1.74,38.7,RECUPERACAO_APOS_QUEDA,"Call Longa, Trava de Alta, Call Debit Spread",41.6,MONITORAR_NO_RTD,Liquidez score 38.7 ≥ 30 — monitorar confirmação via RTD.
VALE3,VALEL804,CALL,75.46,2026-12-18,205,EXTRA_LONGO,15.4,72.0,LATERALIDADE,Monitorar — Iron Condor futuro,41.6,MONITORAR_NO_RTD,Liquidez score 72.0 ≥ 30 — monitorar confirmação via RTD.
PETR4,PETRA327,CALL,32.75,2027-01-15,233,EXTRA_LONGO,18.5,38.5,CONTINUACAO_BAIXA,"Trava de Baixa, Put Debit Spread",41.5,MONITORAR_NO_RTD,Liquidez score 38.5 ≥ 30 — monitorar confirmação via RTD.
BBAS3,BBASM281,PUT,26.93,2027-01-15,233,EXTRA_LONGO,2.53,38.3,RECUPERACAO_APOS_QUEDA,"Call Longa, Trava de Alta, Call Debit Spread",41.5,MONITORAR_NO_RTD,Liquidez score 38.3 ≥ 30 — monitorar confirmação via RTD.
BBDC4,BBDCR670,PUT,5.4,2027-06-18,387,EXTRA_LONGO,0.01,38.4,RECUPERACAO_APOS_QUEDA,"Call Longa, Trava de Alta, Call Debit Spread",41.5,MONITORAR_NO_RTD,Liquidez score 38.4 ≥ 30 — monitorar confirmação via RTD.
PRIO3,PRIOS520,PUT,52.0,2026-07-17,51,MEDIO,0.29,37.8,LATERALIDADE,Monitorar — Iron Condor futuro,41.3,MONITORAR_NO_RTD,Liquidez score 37.8 ≥ 30 — monitorar confirmação via RTD.
VALE3,VALEB448,CALL,39.9,2027-02-19,268,EXTRA_LONGO,49.0,70.6,LATERALIDADE,Monitorar — Iron Condor futuro,41.2,MONITORAR_NO_RTD,Liquidez score 70.6 ≥ 30 — monitorar confirmação via RTD.
BBAS3,BBASL149,CALL,14.66,2027-12-17,569,EXTRA_LONGO,8.83,37.1,RECUPERACAO_APOS_QUEDA,"Call Longa, Trava de Alta, Call Debit Spread",41.1,MONITORAR_NO_RTD,Liquidez score 37.1 ≥ 30 — monitorar confirmação via RTD.
VALE3,VALEG735,CALL,70.15,2026-07-17,51,MEDIO,13.45,36.6,LATERALIDADE,Monitorar — Iron Condor futuro,41.0,MONITORAR_NO_RTD,Liquidez score 36.6 ≥ 30 — monitorar confirmação via RTD.
BBAS3,BBASL414,CALL,41.18,2026-12-18,205,EXTRA_LONGO,0.27,36.7,RECUPERACAO_APOS_QUEDA,"Call Longa, Trava de Alta, Call Debit Spread",41.0,MONITORAR_NO_RTD,Liquidez score 36.7 ≥ 30 — monitorar confirmação via RTD.
PETR4,PETRX22,PUT,31.61,2027-12-17,569,EXTRA_LONGO,0.89,36.5,CONTINUACAO_BAIXA,"Trava de Baixa, Put Debit Spread",41.0,MONITORAR_NO_RTD,Liquidez score 36.5 ≥ 30 — monitorar confirmação via RTD.
VALE3,VALEL879,CALL,87.96,2026-12-18,205,EXTRA_LONGO,10.06,36.5,LATERALIDADE,Monitorar — Iron Condor futuro,41.0,MONITORAR_NO_RTD,Liquidez score 36.5 ≥ 30 — monitorar confirmação via RTD.
BBAS3,BBASO272,PUT,26.55,2027-03-19,296,EXTRA_LONGO,4.44,36.2,RECUPERACAO_APOS_QUEDA,"Call Longa, Trava de Alta, Call Debit Spread",40.9,MONITORAR_NO_RTD,Liquidez score 36.2 ≥ 30 — monitorar confirmação via RTD.
PRIO3,PRIOH447,CALL,44.75,2026-08-21,86,MEDIO,24.85,36.3,LATERALIDADE,Monitorar — Iron Condor futuro,40.9,MONITORAR_NO_RTD,Liquidez score 36.3 ≥ 30 — monitorar confirmação via RTD.
PRIO3,PRIOB41,CALL,41.0,2027-02-19,268,EXTRA_LONGO,25.98,69.7,LATERALIDADE,Monitorar — Iron Condor futuro,40.9,MONITORAR_NO_RTD,Liquidez score 69.7 ≥ 30 — monitorar confirmação via RTD.
BPAC11,BPACX405,PUT,39.44,2026-12-18,205,EXTRA_LONGO,0.84,36.3,RECUPERACAO_APOS_QUEDA,"Call Longa, Trava de Alta, Call Debit Spread",40.9,MONITORAR_NO_RTD,Liquidez score 36.3 ≥ 30 — monitorar confirmação via RTD.
VALE3,VALEX766,PUT,76.65,2027-12-17,569,EXTRA_LONGO,3.51,36.1,LATERALIDADE,Monitorar — Iron Condor futuro,40.8,MONITORAR_NO_RTD,Liquidez score 36.1 ≥ 30 — monitorar confirmação via RTD.
VALE3,VALEI571,CALL,57.15,2026-09-18,114,LONGO,29.43,52.7,LATERALIDADE,Monitorar — Iron Condor futuro,40.8,MONITORAR_NO_RTD,Liquidez score 52.7 ≥ 30 — monitorar confirmação via RTD.
PETR4,PETRM375,PUT,36.96,2027-01-15,233,EXTRA_LONGO,1.4,35.9,CONTINUACAO_BAIXA,"Trava de Baixa, Put Debit Spread",40.8,MONITORAR_NO_RTD,Liquidez score 35.9 ≥ 30 — monitorar confirmação via RTD.
VALE3,VALEG746,CALL,74.65,2026-07-17,51,MEDIO,9.86,36.1,LATERALIDADE,Monitorar — Iron Condor futuro,40.8,MONITORAR_NO_RTD,Liquidez score 36.1 ≥ 30 — monitorar confirmação via RTD.
VALE3,VALEH519,CALL,51.96,2026-08-21,86,MEDIO,30.88,35.9,LATERALIDADE,Monitorar — Iron Condor futuro,40.8,MONITORAR_NO_RTD,Liquidez score 35.9 ≥ 30 — monitorar confirmação via RTD.
VALE3,VALEG396,CALL,39.65,2026-07-17,51,MEDIO,43.7,36.1,LATERALIDADE,Monitorar — Iron Condor futuro,40.8,MONITORAR_NO_RTD,Liquidez score 36.1 ≥ 30 — monitorar confirmação via RTD.
BBAS3,BBASQ251,PUT,24.8,2027-05-21,359,EXTRA_LONGO,3.12,35.7,RECUPERACAO_APOS_QUEDA,"Call Longa, Trava de Alta, Call Debit Spread",40.7,MONITORAR_NO_RTD,Liquidez score 35.7 ≥ 30 — monitorar confirmação via RTD.
ITUB4,ITUBQ512,PUT,46.78,2027-05-21,359,EXTRA_LONGO,4.09,35.7,RECUPERACAO_APOS_QUEDA,"Call Longa, Trava de Alta, Call Debit Spread",40.7,MONITORAR_NO_RTD,Liquidez score 35.7 ≥ 30 — monitorar confirmação via RTD.
PETR4,PETRG600,CALL,59.51,2027-07-16,415,EXTRA_LONGO,3.4,35.2,CONTINUACAO_BAIXA,"Trava de Baixa, Put Debit Spread",40.6,MONITORAR_NO_RTD,Liquidez score 35.2 ≥ 30 — monitorar confirmação via RTD.
VALE3,VALES706,PUT,70.65,2026-07-17,51,MEDIO,0.27,35.3,LATERALIDADE,Monitorar — Iron Condor futuro,40.6,MONITORAR_NO_RTD,Liquidez score 35.3 ≥ 30 — monitorar confirmação via RTD.
ITUB4,ITUBL535,CALL,53.17,2026-12-18,205,EXTRA_LONGO,0.66,35.3,RECUPERACAO_APOS_QUEDA,"Call Longa, Trava de Alta, Call Debit Spread",40.6,MONITORAR_NO_RTD,Liquidez score 35.3 ≥ 30 — monitorar confirmação via RTD.
VALE3,VALEG646,CALL,64.65,2026-07-17,51,MEDIO,19.3,35.0,LATERALIDADE,Monitorar — Iron Condor futuro,40.5,MONITORAR_NO_RTD,Liquidez score 35.0 ≥ 30 — monitorar confirmação via RTD.
BBAS3,BBASJ100,CALL,9.66,2027-10-15,506,EXTRA_LONGO,12.65,35.1,RECUPERACAO_APOS_QUEDA,"Call Longa, Trava de Alta, Call Debit Spread",40.5,MONITORAR_NO_RTD,Liquidez score 35.1 ≥ 30 — monitorar confirmação via RTD.
ABEV3,ABEVA11,CALL,9.92,2027-01-15,233,EXTRA_LONGO,5.92,34.7,CONTINUACAO_ALTA,"Trava de Alta, Call Debit Spread",40.4,MONITORAR_NO_RTD,Liquidez score 34.7 ≥ 30 — monitorar confirmação via RTD.
PRIO3,PRIOL430,CALL,43.0,2026-12-18,205,EXTRA_LONGO,15.2,68.0,LATERALIDADE,Monitorar — Iron Condor futuro,40.4,MONITORAR_NO_RTD,Liquidez score 68.0 ≥ 30 — monitorar confirmação via RTD.
VALE3,VALEB604,CALL,60.4,2027-02-19,268,EXTRA_LONGO,30.33,68.0,LATERALIDADE,Monitorar — Iron Condor futuro,40.4,MONITORAR_NO_RTD,Liquidez score 68.0 ≥ 30 — monitorar confirmação via RTD.
VALE3,VALEG626,CALL,62.65,2026-07-17,51,MEDIO,19.4,34.8,LATERALIDADE,Monitorar — Iron Condor futuro,40.4,MONITORAR_NO_RTD,Liquidez score 34.8 ≥ 30 — monitorar confirmação via RTD.
VALE3,VALEV890,PUT,88.9,2026-10-16,142,LONGO,5.22,34.8,LATERALIDADE,Monitorar — Iron Condor futuro,40.4,MONITORAR_NO_RTD,Liquidez score 34.8 ≥ 30 — monitorar confirmação via RTD.
BBAS3,BBASE253,CALL,25.05,2027-05-21,359,EXTRA_LONGO,2.08,34.8,RECUPERACAO_APOS_QUEDA,"Call Longa, Trava de Alta, Call Debit Spread",40.4,MONITORAR_NO_RTD,Liquidez score 34.8 ≥ 30 — monitorar confirmação via RTD.
VALE3,VALEH61,CALL,61.46,2026-08-21,86,MEDIO,23.7,34.5,LATERALIDADE,Monitorar — Iron Condor futuro,40.4,MONITORAR_NO_RTD,Liquidez score 34.5 ≥ 30 — monitorar confirmação via RTD.
VALE3,VALEL734,CALL,73.46,2026-12-18,205,EXTRA_LONGO,20.92,68.0,LATERALIDADE,Monitorar — Iron Condor futuro,40.4,MONITORAR_NO_RTD,Liquidez score 68.0 ≥ 30 — monitorar confirmação via RTD.
PRIO3,PRIOS840,PUT,84.0,2026-07-17,51,MEDIO,14.8,34.4,LATERALIDADE,Monitorar — Iron Condor futuro,40.3,MONITORAR_NO_RTD,Liquidez score 34.4 ≥ 30 — monitorar confirmação via RTD.
ITUB4,ITUBE332,CALL,29.79,2027-05-21,359,EXTRA_LONGO,14.05,34.2,RECUPERACAO_APOS_QUEDA,"Call Longa, Trava de Alta, Call Debit Spread",40.3,MONITORAR_NO_RTD,Liquidez score 34.2 ≥ 30 — monitorar confirmação via RTD.
BBAS3,BBASX180,PUT,17.68,2026-12-18,205,EXTRA_LONGO,0.59,34.4,RECUPERACAO_APOS_QUEDA,"Call Longa, Trava de Alta, Call Debit Spread",40.3,MONITORAR_NO_RTD,Liquidez score 34.4 ≥ 30 — monitorar confirmação via RTD.
BBAS3,BBASL280,CALL,26.18,2026-12-18,205,EXTRA_LONGO,1.01,34.0,RECUPERACAO_APOS_QUEDA,"Call Longa, Trava de Alta, Call Debit Spread",40.2,MONITORAR_NO_RTD,Liquidez score 34.0 ≥ 30 — monitorar confirmação via RTD.
VALE3,VALEW991,PUT,99.15,2026-11-19,176,LONGO,9.71,50.4,LATERALIDADE,Monitorar — Iron Condor futuro,40.1,MONITORAR_NO_RTD,Liquidez score 50.4 ≥ 30 — monitorar confirmação via RTD.
RENT3,RENTG258,CALL,25.82,2027-07-16,415,EXTRA_LONGO,27.02,33.7,RECUPERACAO_APOS_QUEDA,"Call Longa, Trava de Alta, Call Debit Spread",40.1,MONITORAR_NO_RTD,Liquidez score 33.7 ≥ 30 — monitorar confirmação via RTD.
VALE3,VALEG596,CALL,59.65,2026-07-17,51,MEDIO,23.29,33.8,LATERALIDADE,Monitorar — Iron Condor futuro,40.1,MONITORAR_NO_RTD,Liquidez score 33.8 ≥ 30 — monitorar confirmação via RTD.
PRIO3,PRIOG840,CALL,84.0,2026-07-17,51,MEDIO,0.72,33.4,LATERALIDADE,Monitorar — Iron Condor futuro,40.0,MONITORAR_NO_RTD,Liquidez score 33.4 ≥ 30 — monitorar confirmação via RTD.
ITUB4,ITUBQ332,PUT,29.81,2027-05-21,359,EXTRA_LONGO,0.21,33.4,RECUPERACAO_APOS_QUEDA,"Call Longa, Trava de Alta, Call Debit Spread",40.0,MONITORAR_NO_RTD,Liquidez score 33.4 ≥ 30 — monitorar confirmação via RTD.
BBAS3,BBASP265,PUT,26.55,2027-04-16,324,EXTRA_LONGO,4.3,33.1,RECUPERACAO_APOS_QUEDA,"Call Longa, Trava de Alta, Call Debit Spread",39.9,MONITORAR_NO_RTD,Liquidez score 33.1 ≥ 30 — monitorar confirmação via RTD.
VALE3,VALEG720,CALL,68.65,2026-07-17,51,MEDIO,15.37,32.9,LATERALIDADE,Monitorar — Iron Condor futuro,39.9,MONITORAR_NO_RTD,Liquidez score 32.9 ≥ 30 — monitorar confirmação via RTD.
PRIO3,PRIOG780,CALL,78.0,2026-07-17,51,MEDIO,1.51,33.1,LATERALIDADE,Monitorar — Iron Condor futuro,39.9,MONITORAR_NO_RTD,Liquidez score 33.1 ≥ 30 — monitorar confirmação via RTD.
PRIO3,PRIOS830,PUT,83.0,2026-07-17,51,MEDIO,13.92,32.7,LATERALIDADE,Monitorar — Iron Condor futuro,39.8,MONITORAR_NO_RTD,Liquidez score 32.7 ≥ 30 — monitorar confirmação via RTD.
PRIO3,PRIOG405,CALL,40.5,2026-07-17,51,MEDIO,26.0,32.8,LATERALIDADE,Monitorar — Iron Condor futuro,39.8,MONITORAR_NO_RTD,Liquidez score 32.8 ≥ 30 — monitorar confirmação via RTD.
VALE3,VALEV880,PUT,87.9,2026-10-16,142,LONGO,5.79,32.8,LATERALIDADE,Monitorar — Iron Condor futuro,39.8,MONITORAR_NO_RTD,Liquidez score 32.8 ≥ 30 — monitorar confirmação via RTD.
CPLE6,CPLEP162,PUT,16.05,2027-04-16,324,EXTRA_LONGO,0.63,32.7,CONTINUACAO_ALTA,"Trava de Alta, Call Debit Spread",39.8,MONITORAR_NO_RTD,Liquidez score 32.7 ≥ 30 — monitorar confirmação via RTD.
BBAS3,BBASL125,CALL,12.16,2027-12-17,569,EXTRA_LONGO,10.77,32.7,RECUPERACAO_APOS_QUEDA,"Call Longa, Trava de Alta, Call Debit Spread",39.8,MONITORAR_NO_RTD,Liquidez score 32.7 ≥ 30 — monitorar confirmação via RTD.
PRIO3,PRIOA420,CALL,42.0,2027-01-15,233,EXTRA_LONGO,25.24,66.0,LATERALIDADE,Monitorar — Iron Condor futuro,39.8,MONITORAR_NO_RTD,Liquidez score 66.0 ≥ 30 — monitorar confirmação via RTD.
PRIO3,PRIOH452,CALL,45.25,2026-08-21,86,MEDIO,25.18,32.2,LATERALIDADE,Monitorar — Iron Condor futuro,39.7,MONITORAR_NO_RTD,Liquidez score 32.2 ≥ 30 — monitorar confirmação via RTD.
BBDC4,BBDCQ24,PUT,24.0,2028-05-19,723,EXTRA_LONGO,2.76,32.2,RECUPERACAO_APOS_QUEDA,"Call Longa, Trava de Alta, Call Debit Spread",39.7,MONITORAR_NO_RTD,Liquidez score 32.2 ≥ 30 — monitorar confirmação via RTD.
BPAC11,BPACX466,PUT,46.19,2026-12-18,205,EXTRA_LONGO,1.9,32.3,RECUPERACAO_APOS_QUEDA,"Call Longa, Trava de Alta, Call Debit Spread",39.7,MONITORAR_NO_RTD,Liquidez score 32.3 ≥ 30 — monitorar confirmação via RTD.
VALE3,VALEG645,CALL,61.15,2026-07-17,51,MEDIO,22.29,32.1,LATERALIDADE,Monitorar — Iron Condor futuro,39.6,MONITORAR_NO_RTD,Liquidez score 32.1 ≥ 30 — monitorar confirmação via RTD.
BBAS3,BBASC130,CALL,13.0,2028-03-17,660,EXTRA_LONGO,10.28,31.9,RECUPERACAO_APOS_QUEDA,"Call Longa, Trava de Alta, Call Debit Spread",39.6,MONITORAR_NO_RTD,Liquidez score 31.9 ≥ 30 — monitorar confirmação via RTD.
VALE3,VALEL593,CALL,55.96,2026-12-18,205,EXTRA_LONGO,33.26,65.3,LATERALIDADE,Monitorar — Iron Condor futuro,39.6,MONITORAR_NO_RTD,Liquidez score 65.3 ≥ 30 — monitorar confirmação via RTD.
PRIO3,PRIOS510,PUT,51.0,2026-07-17,51,MEDIO,0.29,32.0,LATERALIDADE,Monitorar — Iron Condor futuro,39.6,MONITORAR_NO_RTD,Liquidez score 32.0 ≥ 30 — monitorar confirmação via RTD.
PRIO3,PRIOL497,CALL,49.75,2026-12-18,205,EXTRA_LONGO,18.0,65.2,LATERALIDADE,Monitorar — Iron Condor futuro,39.6,MONITORAR_NO_RTD,Liquidez score 65.2 ≥ 30 — monitorar confirmação via RTD.
PETR4,PETRX36,PUT,35.93,2026-12-18,205,EXTRA_LONGO,1.08,32.1,CONTINUACAO_BAIXA,"Trava de Baixa, Put Debit Spread",39.6,MONITORAR_NO_RTD,Liquidez score 32.1 ≥ 30 — monitorar confirmação via RTD.
PETR4,PETRF430,CALL,40.19,2027-06-18,387,EXTRA_LONGO,10.0,31.9,CONTINUACAO_BAIXA,"Trava de Baixa, Put Debit Spread",39.6,MONITORAR_NO_RTD,Liquidez score 31.9 ≥ 30 — monitorar confirmação via RTD.
PETR4,PETRO85,PUT,85.0,2028-03-17,660,EXTRA_LONGO,23.4,32.1,CONTINUACAO_BAIXA,"Trava de Baixa, Put Debit Spread",39.6,MONITORAR_NO_RTD,Liquidez score 32.1 ≥ 30 — monitorar confirmação via RTD.
VALE3,VALEJ607,CALL,57.4,2026-10-16,142,LONGO,31.26,48.7,LATERALIDADE,Monitorar — Iron Condor futuro,39.6,MONITORAR_NO_RTD,Liquidez score 48.7 ≥ 30 — monitorar confirmação via RTD.
BBAS3,BBASH267,CALL,26.76,2027-08-20,450,EXTRA_LONGO,2.66,32.1,RECUPERACAO_APOS_QUEDA,"Call Longa, Trava de Alta, Call Debit Spread",39.6,MONITORAR_NO_RTD,Liquidez score 32.1 ≥ 30 — monitorar confirmação via RTD.
PETR4,PETRN362,PUT,35.71,2027-02-19,268,EXTRA_LONGO,1.07,31.6,CONTINUACAO_BAIXA,"Trava de Baixa, Put Debit Spread",39.5,MONITORAR_NO_RTD,Liquidez score 31.6 ≥ 30 — monitorar confirmação via RTD.
BBAS3,BBASF327,CALL,32.76,2027-06-18,387,EXTRA_LONGO,0.56,31.6,RECUPERACAO_APOS_QUEDA,"Call Longa, Trava de Alta, Call Debit Spread",39.5,MONITORAR_NO_RTD,Liquidez score 31.6 ≥ 30 — monitorar confirmação via RTD.
PRIO3,PRIOS575,PUT,57.5,2026-07-17,51,MEDIO,0.69,31.8,LATERALIDADE,Monitorar — Iron Condor futuro,39.5,MONITORAR_NO_RTD,Liquidez score 31.8 ≥ 30 — monitorar confirmação via RTD.
PRIO3,PRIOJ402,CALL,40.25,2026-10-16,142,LONGO,30.55,48.2,LATERALIDADE,Monitorar — Iron Condor futuro,39.5,MONITORAR_NO_RTD,Liquidez score 48.2 ≥ 30 — monitorar confirmação via RTD.
PETR4,PETRM355,PUT,34.96,2027-01-15,233,EXTRA_LONGO,0.91,31.6,CONTINUACAO_BAIXA,"Trava de Baixa, Put Debit Spread",39.5,MONITORAR_NO_RTD,Liquidez score 31.6 ≥ 30 — monitorar confirmação via RTD.
PRIO3,PRIOH402,CALL,40.25,2026-08-21,86,MEDIO,30.3,31.6,LATERALIDADE,Monitorar — Iron Condor futuro,39.5,MONITORAR_NO_RTD,Liquidez score 31.6 ≥ 30 — monitorar confirmação via RTD.
VALE3,VALEG725,CALL,69.15,2026-07-17,51,MEDIO,14.8,31.5,LATERALIDADE,Monitorar — Iron Condor futuro,39.5,MONITORAR_NO_RTD,Liquidez score 31.5 ≥ 30 — monitorar confirmação via RTD.
ABEV3,ABEVL145,CALL,14.54,2026-12-18,205,EXTRA_LONGO,3.01,31.5,CONTINUACAO_ALTA,"Trava de Alta, Call Debit Spread",39.5,MONITORAR_NO_RTD,Liquidez score 31.5 ≥ 30 — monitorar confirmação via RTD.
VALE3,VALEI610,CALL,57.65,2026-09-18,114,LONGO,26.55,48.4,LATERALIDADE,Monitorar — Iron Condor futuro,39.5,MONITORAR_NO_RTD,Liquidez score 48.4 ≥ 30 — monitorar confirmação via RTD.
VALE3,VALEG610,CALL,57.65,2026-07-17,51,MEDIO,25.56,31.3,LATERALIDADE,Monitorar — Iron Condor futuro,39.4,MONITORAR_NO_RTD,Liquidez score 31.3 ≥ 30 — monitorar confirmação via RTD.
RENT3,RENTM381,PUT,38.12,2027-01-15,233,EXTRA_LONGO,2.1,31.3,RECUPERACAO_APOS_QUEDA,"Call Longa, Trava de Alta, Call Debit Spread",39.4,MONITORAR_NO_RTD,Liquidez score 31.3 ≥ 30 — monitorar confirmação via RTD.
PETR4,PETRO675,PUT,66.96,2028-03-17,660,EXTRA_LONGO,12.71,31.2,CONTINUACAO_BAIXA,"Trava de Baixa, Put Debit Spread",39.4,MONITORAR_NO_RTD,Liquidez score 31.2 ≥ 30 — monitorar confirmação via RTD.
VALE3,VALEH639,CALL,63.96,2026-08-21,86,MEDIO,20.7,31.4,LATERALIDADE,Monitorar — Iron Condor futuro,39.4,MONITORAR_NO_RTD,Liquidez score 31.4 ≥ 30 — monitorar confirmação via RTD.
VALE3,VALEJ100,CALL,100.4,2026-10-16,142,LONGO,3.33,47.9,LATERALIDADE,Monitorar — Iron Condor futuro,39.4,MONITORAR_NO_RTD,Liquidez score 47.9 ≥ 30 — monitorar confirmação via RTD.
BBDC4,BBDCP267,PUT,26.73,2027-04-16,324,EXTRA_LONGO,6.5,31.3,RECUPERACAO_APOS_QUEDA,"Call Longa, Trava de Alta, Call Debit Spread",39.4,MONITORAR_NO_RTD,Liquidez score 31.3 ≥ 30 — monitorar confirmação via RTD.
BPAC11,BPACP620,PUT,62.0,2027-04-16,324,EXTRA_LONGO,5.43,30.9,RECUPERACAO_APOS_QUEDA,"Call Longa, Trava de Alta, Call Debit Spread",39.3,MONITORAR_NO_RTD,Liquidez score 30.9 ≥ 30 — monitorar confirmação via RTD.
PRIO3,PRIOH510,CALL,51.0,2026-08-21,86,MEDIO,14.95,30.9,LATERALIDADE,Monitorar — Iron Condor futuro,39.3,MONITORAR_NO_RTD,Liquidez score 30.9 ≥ 30 — monitorar confirmação via RTD.
PETR4,PETRX11,PUT,34.68,2026-12-18,205,EXTRA_LONGO,0.96,31.0,CONTINUACAO_BAIXA,"Trava de Baixa, Put Debit Spread",39.3,MONITORAR_NO_RTD,Liquidez score 31.0 ≥ 30 — monitorar confirmação via RTD.
PRIO3,PRIOS580,PUT,58.0,2026-07-17,51,MEDIO,0.73,31.0,LATERALIDADE,Monitorar — Iron Condor futuro,39.3,MONITORAR_NO_RTD,Liquidez score 31.0 ≥ 30 — monitorar confirmação via RTD.
ITUB4,ITUBL675,CALL,67.52,2026-12-18,205,EXTRA_LONGO,0.93,31.0,RECUPERACAO_APOS_QUEDA,"Call Longa, Trava de Alta, Call Debit Spread",39.3,MONITORAR_NO_RTD,Liquidez score 31.0 ≥ 30 — monitorar confirmação via RTD.
BBAS3,BBASX249,PUT,24.66,2027-12-17,569,EXTRA_LONGO,2.71,31.1,RECUPERACAO_APOS_QUEDA,"Call Longa, Trava de Alta, Call Debit Spread",39.3,MONITORAR_NO_RTD,Liquidez score 31.1 ≥ 30 — monitorar confirmação via RTD.
PRIO3,PRIOG790,CALL,79.0,2026-07-17,51,MEDIO,1.38,30.7,LATERALIDADE,Monitorar — Iron Condor futuro,39.2,MONITORAR_NO_RTD,Liquidez score 30.7 ≥ 30 — monitorar confirmação via RTD.
PETR4,PETRL319,CALL,31.43,2026-12-18,205,EXTRA_LONGO,19.2,30.8,CONTINUACAO_BAIXA,"Trava de Baixa, Put Debit Spread",39.2,MONITORAR_NO_RTD,Liquidez score 30.8 ≥ 30 — monitorar confirmação via RTD.
VALE3,VALEA112,CALL,112.15,2027-01-15,233,EXTRA_LONGO,1.85,63.9,LATERALIDADE,Monitorar — Iron Condor futuro,39.2,MONITORAR_NO_RTD,Liquidez score 63.9 ≥ 30 — monitorar confirmação via RTD.
VALE3,VALED620,CALL,62.04,2027-04-16,324,EXTRA_LONGO,26.4,64.0,LATERALIDADE,Monitorar — Iron Condor futuro,39.2,MONITORAR_NO_RTD,Liquidez score 64.0 ≥ 30 — monitorar confirmação via RTD.
VALE3,VALEL74,CALL,66.46,2026-12-18,205,EXTRA_LONGO,18.51,64.0,LATERALIDADE,Monitorar — Iron Condor futuro,39.2,MONITORAR_NO_RTD,Liquidez score 64.0 ≥ 30 — monitorar confirmação via RTD.
PETR4,PETRA510,CALL,50.46,2028-01-21,604,EXTRA_LONGO,8.5,30.6,CONTINUACAO_BAIXA,"Trava de Baixa, Put Debit Spread",39.2,MONITORAR_NO_RTD,Liquidez score 30.6 ≥ 30 — monitorar confirmação via RTD.
VALE3,VALEL73,CALL,65.46,2026-12-18,205,EXTRA_LONGO,17.41,64.0,LATERALIDADE,Monitorar — Iron Condor futuro,39.2,MONITORAR_NO_RTD,Liquidez score 64.0 ≥ 30 — monitorar confirmação via RTD.
VALE3,VALED580,CALL,58.04,2027-04-16,324,EXTRA_LONGO,33.74,64.0,LATERALIDADE,Monitorar — Iron Condor futuro,39.2,MONITORAR_NO_RTD,Liquidez score 64.0 ≥ 30 — monitorar confirmação via RTD.
VALE3,VALEL613,CALL,57.96,2026-12-18,205,EXTRA_LONGO,27.17,64.0,LATERALIDADE,Monitorar — Iron Condor futuro,39.2,MONITORAR_NO_RTD,Liquidez score 64.0 ≥ 30 — monitorar confirmação via RTD.
PETR4,PETRX60,PUT,59.61,2027-12-17,569,EXTRA_LONGO,7.34,30.8,CONTINUACAO_BAIXA,"Trava de Baixa, Put Debit Spread",39.2,MONITORAR_NO_RTD,Liquidez score 30.8 ≥ 30 — monitorar confirmação via RTD.
VALE3,VALEO115,PUT,115.04,2027-03-19,296,EXTRA_LONGO,20.9,64.0,LATERALIDADE,Monitorar — Iron Condor futuro,39.2,MONITORAR_NO_RTD,Liquidez score 64.0 ≥ 30 — monitorar confirmação via RTD.
VALE3,VALED610,CALL,61.04,2027-04-16,324,EXTRA_LONGO,26.93,64.0,LATERALIDADE,Monitorar — Iron Condor futuro,39.2,MONITORAR_NO_RTD,Liquidez score 64.0 ≥ 30 — monitorar confirmação via RTD.
PETR4,PETRL502,CALL,49.68,2026-12-18,205,EXTRA_LONGO,4.13,30.4,CONTINUACAO_BAIXA,"Trava de Baixa, Put Debit Spread",39.1,MONITORAR_NO_RTD,Liquidez score 30.4 ≥ 30 — monitorar confirmação via RTD.
PRIO3,PRIOG600,CALL,60.0,2026-07-17,51,MEDIO,10.42,30.4,LATERALIDADE,Monitorar — Iron Condor futuro,39.1,MONITORAR_NO_RTD,Liquidez score 30.4 ≥ 30 — monitorar confirmação via RTD.
VALE3,VALEH929,CALL,92.96,2026-08-21,86,MEDIO,1.8,30.3,LATERALIDADE,Monitorar — Iron Condor futuro,39.1,MONITORAR_NO_RTD,Liquidez score 30.3 ≥ 30 — monitorar confirmação via RTD.
BBAS3,BBASL354,CALL,35.18,2026-12-18,205,EXTRA_LONGO,0.19,30.2,RECUPERACAO_APOS_QUEDA,"Call Longa, Trava de Alta, Call Debit Spread",39.1,MONITORAR_NO_RTD,Liquidez score 30.2 ≥ 30 — monitorar confirmação via RTD.
PETR4,PETRB362,CALL,35.71,2027-02-19,268,EXTRA_LONGO,16.43,30.3,CONTINUACAO_BAIXA,"Trava de Baixa, Put Debit Spread",39.1,MONITORAR_NO_RTD,Liquidez score 30.3 ≥ 30 — monitorar confirmação via RTD.
BBAS3,BBASX181,PUT,16.93,2026-12-18,205,EXTRA_LONGO,0.43,30.2,RECUPERACAO_APOS_QUEDA,"Call Longa, Trava de Alta, Call Debit Spread",39.1,MONITORAR_NO_RTD,Liquidez score 30.2 ≥ 30 — monitorar confirmação via RTD.
CPLE6,CPLED195,CALL,19.3,2027-04-16,324,EXTRA_LONGO,0.8,30.2,CONTINUACAO_ALTA,"Trava de Alta, Call Debit Spread",39.1,MONITORAR_NO_RTD,Liquidez score 30.2 ≥ 30 — monitorar confirmação via RTD.
ITUB4,ITUBX515,PUT,51.5,2026-12-18,205,EXTRA_LONGO,5.77,30.4,RECUPERACAO_APOS_QUEDA,"Call Longa, Trava de Alta, Call Debit Spread",39.1,MONITORAR_NO_RTD,Liquidez score 30.4 ≥ 30 — monitorar confirmação via RTD.
VALE3,VALEH664,CALL,66.46,2026-08-21,86,MEDIO,21.03,30.5,LATERALIDADE,Monitorar — Iron Condor futuro,39.1,MONITORAR_NO_RTD,Liquidez score 30.5 ≥ 30 — monitorar confirmação via RTD.
VALE3,VALEJ677,CALL,64.4,2026-10-16,142,LONGO,26.0,46.8,LATERALIDADE,Monitorar — Iron Condor futuro,39.0,MONITORAR_NO_RTD,Liquidez score 46.8 ≥ 30 — monitorar confirmação via RTD.
PRIO3,PRIOV525,PUT,52.5,2026-10-16,142,LONGO,1.9,46.2,LATERALIDADE,Monitorar — Iron Condor futuro,38.9,MONITORAR_NO_RTD,Liquidez score 46.2 ≥ 30 — monitorar confirmação via RTD.
VALE3,VALEX533,PUT,49.96,2026-12-18,205,EXTRA_LONGO,0.3,62.6,LATERALIDADE,Monitorar — Iron Condor futuro,38.8,MONITORAR_NO_RTD,Liquidez score 62.6 ≥ 30 — monitorar confirmação via RTD.
VALE3,VALEA102,CALL,102.15,2027-01-15,233,EXTRA_LONGO,3.35,61.6,LATERALIDADE,Monitorar — Iron Condor futuro,38.5,MONITORAR_NO_RTD,Liquidez score 61.6 ≥ 30 — monitorar confirmação via RTD.
PRIO3,PRIOU347,PUT,34.75,2026-09-18,114,LONGO,0.14,43.6,LATERALIDADE,Monitorar — Iron Condor futuro,38.1,MONITORAR_NO_RTD,Liquidez score 43.6 ≥ 30 — monitorar confirmação via RTD.
VALE3,VALEE730,CALL,73.0,2027-05-21,359,EXTRA_LONGO,16.71,60.1,LATERALIDADE,Monitorar — Iron Condor futuro,38.0,MONITORAR_NO_RTD,Liquidez score 60.1 ≥ 30 — monitorar confirmação via RTD.
VALE3,VALEI615,CALL,58.15,2026-09-18,114,LONGO,24.69,43.3,LATERALIDADE,Monitorar — Iron Condor futuro,38.0,MONITORAR_NO_RTD,Liquidez score 43.3 ≥ 30 — monitorar confirmação via RTD.
VALE3,VALEI630,CALL,59.65,2026-09-18,114,LONGO,24.7,41.8,LATERALIDADE,Monitorar — Iron Condor futuro,37.5,MONITORAR_NO_RTD,Liquidez score 41.8 ≥ 30 — monitorar confirmação via RTD.
VALE3,VALEK64,CALL,60.65,2026-11-19,176,LONGO,24.0,40.7,LATERALIDADE,Monitorar — Iron Condor futuro,37.2,MONITORAR_NO_RTD,Liquidez score 40.7 ≥ 30 — monitorar confirmação via RTD.
VALE3,VALEA601,CALL,60.15,2027-01-15,233,EXTRA_LONGO,32.92,57.4,LATERALIDADE,Monitorar — Iron Condor futuro,37.2,MONITORAR_NO_RTD,Liquidez score 57.4 ≥ 30 — monitorar confirmação via RTD.
VALE3,VALEJ604,CALL,60.4,2026-10-16,142,LONGO,23.8,40.4,LATERALIDADE,Monitorar — Iron Condor futuro,37.1,MONITORAR_NO_RTD,Liquidez score 40.4 ≥ 30 — monitorar confirmação via RTD.
PRIO3,PRIOL650,CALL,65.0,2026-12-18,205,EXTRA_LONGO,11.0,39.6,LATERALIDADE,Monitorar — Iron Condor futuro,36.9,MONITORAR_NO_RTD,Liquidez score 39.6 ≥ 30 — monitorar confirmação via RTD.
VALE3,VALEK531,CALL,53.15,2026-11-19,176,LONGO,35.14,39.8,LATERALIDADE,Monitorar — Iron Condor futuro,36.9,MONITORAR_NO_RTD,Liquidez score 39.8 ≥ 30 — monitorar confirmação via RTD.
VALE3,VALEJ613,CALL,56.4,2026-10-16,142,LONGO,35.86,39.2,LATERALIDADE,Monitorar — Iron Condor futuro,36.8,MONITORAR_NO_RTD,Liquidez score 39.2 ≥ 30 — monitorar confirmação via RTD.
VALE3,VALEL78,CALL,70.46,2026-12-18,205,EXTRA_LONGO,16.1,56.1,LATERALIDADE,Monitorar — Iron Condor futuro,36.8,MONITORAR_NO_RTD,Liquidez score 56.1 ≥ 30 — monitorar confirmação via RTD.
VALE3,VALEJ619,CALL,61.9,2026-10-16,142,LONGO,21.8,38.9,LATERALIDADE,Monitorar — Iron Condor futuro,36.7,MONITORAR_NO_RTD,Liquidez score 38.9 ≥ 30 — monitorar confirmação via RTD.
PRIO3,PRIOB380,CALL,38.0,2027-02-19,268,EXTRA_LONGO,29.54,55.4,LATERALIDADE,Monitorar — Iron Condor futuro,36.6,MONITORAR_NO_RTD,Liquidez score 55.4 ≥ 30 — monitorar confirmação via RTD.
VALE3,VALEJ563,CALL,51.4,2026-10-16,142,LONGO,37.0,38.8,LATERALIDADE,Monitorar — Iron Condor futuro,36.6,MONITORAR_NO_RTD,Liquidez score 38.8 ≥ 30 — monitorar confirmação via RTD.
VALE3,VALEX498,PUT,46.46,2026-12-18,205,EXTRA_LONGO,0.28,54.9,LATERALIDADE,Monitorar — Iron Condor futuro,36.5,MONITORAR_NO_RTD,Liquidez score 54.9 ≥ 30 — monitorar confirmação via RTD.
VALE3,VALEK620,CALL,58.65,2026-11-19,176,LONGO,26.1,38.3,LATERALIDADE,Monitorar — Iron Condor futuro,36.5,MONITORAR_NO_RTD,Liquidez score 38.3 ≥ 30 — monitorar confirmação via RTD.
VALE3,VALER780,PUT,73.04,2027-06-18,387,EXTRA_LONGO,2.46,55.0,LATERALIDADE,Monitorar — Iron Condor futuro,36.5,MONITORAR_NO_RTD,Liquidez score 55.0 ≥ 30 — monitorar confirmação via RTD.
VALE3,VALEV740,PUT,73.9,2026-10-16,142,LONGO,1.38,38.2,LATERALIDADE,Monitorar — Iron Condor futuro,36.5,MONITORAR_NO_RTD,Liquidez score 38.2 ≥ 30 — monitorar confirmação via RTD.
PRIO3,PRIOJ41,CALL,41.0,2026-10-16,142,LONGO,30.0,38.5,LATERALIDADE,Monitorar — Iron Condor futuro,36.5,MONITORAR_NO_RTD,Liquidez score 38.5 ≥ 30 — monitorar confirmação via RTD.
VALE3,VALED699,CALL,65.04,2027-04-16,324,EXTRA_LONGO,22.0,54.8,LATERALIDADE,Monitorar — Iron Condor futuro,36.4,MONITORAR_NO_RTD,Liquidez score 54.8 ≥ 30 — monitorar confirmação via RTD.
VALE3,VALEW700,PUT,66.65,2026-11-19,176,LONGO,1.09,37.6,LATERALIDADE,Monitorar — Iron Condor futuro,36.3,MONITORAR_NO_RTD,Liquidez score 37.6 ≥ 30 — monitorar confirmação via RTD.
VALE3,VALEA806,CALL,80.65,2027-01-15,233,EXTRA_LONGO,11.72,37.8,LATERALIDADE,Monitorar — Iron Condor futuro,36.3,MONITORAR_NO_RTD,Liquidez score 37.8 ≥ 30 — monitorar confirmação via RTD.
VALE3,VALEK600,CALL,56.65,2026-11-19,176,LONGO,33.4,37.0,LATERALIDADE,Monitorar — Iron Condor futuro,36.1,MONITORAR_NO_RTD,Liquidez score 37.0 ≥ 30 — monitorar confirmação via RTD.
VALE3,VALEU701,PUT,70.15,2026-09-18,114,LONGO,0.94,37.1,LATERALIDADE,Monitorar — Iron Condor futuro,36.1,MONITORAR_NO_RTD,Liquidez score 37.1 ≥ 30 — monitorar confirmação via RTD.
VALE3,VALEJ694,CALL,69.4,2026-10-16,142,LONGO,24.0,36.9,LATERALIDADE,Monitorar — Iron Condor futuro,36.1,MONITORAR_NO_RTD,Liquidez score 36.9 ≥ 30 — monitorar confirmação via RTD.
VALE3,VALEL643,CALL,60.96,2026-12-18,205,EXTRA_LONGO,27.67,53.5,LATERALIDADE,Monitorar — Iron Condor futuro,36.0,MONITORAR_NO_RTD,Liquidez score 53.5 ≥ 30 — monitorar confirmação via RTD.
VALE3,VALED590,CALL,59.04,2027-04-16,324,EXTRA_LONGO,32.65,53.0,LATERALIDADE,Monitorar — Iron Condor futuro,35.9,MONITORAR_NO_RTD,Liquidez score 53.0 ≥ 30 — monitorar confirmação via RTD.
VALE3,VALEI640,CALL,60.65,2026-09-18,114,LONGO,23.0,36.2,LATERALIDADE,Monitorar — Iron Condor futuro,35.9,MONITORAR_NO_RTD,Liquidez score 36.2 ≥ 30 — monitorar confirmação via RTD.
PRIO3,PRIOI437,CALL,43.75,2026-09-18,114,LONGO,26.07,35.8,LATERALIDADE,Monitorar — Iron Condor futuro,35.7,MONITORAR_NO_RTD,Liquidez score 35.8 ≥ 30 — monitorar confirmação via RTD.
VALE3,VALEX934,PUT,88.46,2026-12-18,205,EXTRA_LONGO,5.6,35.3,LATERALIDADE,Monitorar — Iron Condor futuro,35.6,MONITORAR_NO_RTD,Liquidez score 35.3 ≥ 30 — monitorar confirmação via RTD.
PRIO3,PRIOW505,PUT,50.5,2026-11-19,176,LONGO,0.8,33.6,LATERALIDADE,Monitorar — Iron Condor futuro,35.1,MONITORAR_NO_RTD,Liquidez score 33.6 ≥ 30 — monitorar confirmação via RTD.
PRIO3,PRIOQ480,PUT,48.0,2027-05-21,359,EXTRA_LONGO,1.17,50.5,LATERALIDADE,Monitorar — Iron Condor futuro,35.1,MONITORAR_NO_RTD,Liquidez score 50.5 ≥ 30 — monitorar confirmação via RTD.
VALE3,VALEV629,PUT,62.9,2026-10-16,142,LONGO,0.45,32.2,LATERALIDADE,Monitorar — Iron Condor futuro,34.7,MONITORAR_NO_RTD,Liquidez score 32.2 ≥ 30 — monitorar confirmação via RTD.
VALE3,VALEU706,PUT,70.65,2026-09-18,114,LONGO,0.73,32.2,LATERALIDADE,Monitorar — Iron Condor futuro,34.7,MONITORAR_NO_RTD,Liquidez score 32.2 ≥ 30 — monitorar confirmação via RTD.
VALE3,VALEI676,CALL,67.65,2026-09-18,114,LONGO,23.6,31.9,LATERALIDADE,Monitorar — Iron Condor futuro,34.6,MONITORAR_NO_RTD,Liquidez score 31.9 ≥ 30 — monitorar confirmação via RTD.
VALE3,VALEI660,CALL,62.65,2026-09-18,114,LONGO,20.32,31.6,LATERALIDADE,Monitorar — Iron Condor futuro,34.5,MONITORAR_NO_RTD,Liquidez score 31.6 ≥ 30 — monitorar confirmação via RTD.
VALE3,VALEL110,CALL,110.46,2026-12-18,205,EXTRA_LONGO,2.0,47.2,LATERALIDADE,Monitorar — Iron Condor futuro,34.2,MONITORAR_NO_RTD,Liquidez score 47.2 ≥ 30 — monitorar confirmação via RTD.
VALE3,VALED693,CALL,66.04,2027-04-16,324,EXTRA_LONGO,28.0,47.0,LATERALIDADE,Monitorar — Iron Condor futuro,34.1,MONITORAR_NO_RTD,Liquidez score 47.0 ≥ 30 — monitorar confirmação via RTD.
VALE3,VALEL814,CALL,76.46,2026-12-18,205,EXTRA_LONGO,19.11,30.5,LATERALIDADE,Monitorar — Iron Condor futuro,34.1,MONITORAR_NO_RTD,Liquidez score 30.5 ≥ 30 — monitorar confirmação via RTD.
PRIO3,PRIOB400,CALL,40.0,2027-02-19,268,EXTRA_LONGO,31.0,46.8,LATERALIDADE,Monitorar — Iron Condor futuro,34.0,MONITORAR_NO_RTD,Liquidez score 46.8 ≥ 30 — monitorar confirmação via RTD.
PRIO3,PRIOE540,CALL,54.0,2027-05-21,359,EXTRA_LONGO,21.72,45.2,LATERALIDADE,Monitorar — Iron Condor futuro,33.6,MONITORAR_NO_RTD,Liquidez score 45.2 ≥ 30 — monitorar confirmação via RTD.
PRIO3,PRIOL427,CALL,42.75,2026-12-18,205,EXTRA_LONGO,26.57,43.9,LATERALIDADE,Monitorar — Iron Condor futuro,33.2,MONITORAR_NO_RTD,Liquidez score 43.9 ≥ 30 — monitorar confirmação via RTD.
VALE3,VALEB674,CALL,67.4,2027-02-19,268,EXTRA_LONGO,20.5,43.4,LATERALIDADE,Monitorar — Iron Condor futuro,33.0,MONITORAR_NO_RTD,Liquidez score 43.4 ≥ 30 — monitorar confirmação via RTD.
VALE3,VALEL663,CALL,62.96,2026-12-18,205,EXTRA_LONGO,23.09,43.5,LATERALIDADE,Monitorar — Iron Condor futuro,33.0,MONITORAR_NO_RTD,Liquidez score 43.5 ≥ 30 — monitorar confirmação via RTD.
VALE3,VALEA500,CALL,50.0,2028-01-21,604,EXTRA_LONGO,39.5,42.7,LATERALIDADE,Monitorar — Iron Condor futuro,32.8,MONITORAR_NO_RTD,Liquidez score 42.7 ≥ 30 — monitorar confirmação via RTD.
VALE3,VALEM601,PUT,60.15,2027-01-15,233,EXTRA_LONGO,0.6,41.8,LATERALIDADE,Monitorar — Iron Condor futuro,32.5,MONITORAR_NO_RTD,Liquidez score 41.8 ≥ 30 — monitorar confirmação via RTD.
PRIO3,PRIOC46,CALL,46.0,2027-03-19,296,EXTRA_LONGO,26.07,41.5,LATERALIDADE,Monitorar — Iron Condor futuro,32.5,MONITORAR_NO_RTD,Liquidez score 41.5 ≥ 30 — monitorar confirmação via RTD.
VALE3,VALEB505,CALL,505.4,2027-02-19,268,EXTRA_LONGO,0.01,40.6,LATERALIDADE,Monitorar — Iron Condor futuro,32.2,MONITORAR_NO_RTD,Liquidez score 40.6 ≥ 30 — monitorar confirmação via RTD.
VALE3,VALEL790,CALL,71.46,2026-12-18,205,EXTRA_LONGO,15.0,39.1,LATERALIDADE,Monitorar — Iron Condor futuro,31.7,MONITORAR_NO_RTD,Liquidez score 39.1 ≥ 30 — monitorar confirmação via RTD.
VALE3,VALEL57,CALL,49.46,2026-12-18,205,EXTRA_LONGO,34.5,38.1,LATERALIDADE,Monitorar — Iron Condor futuro,31.4,MONITORAR_NO_RTD,Liquidez score 38.1 ≥ 30 — monitorar confirmação via RTD.
VALE3,VALEB544,CALL,54.4,2027-02-19,268,EXTRA_LONGO,34.89,37.5,LATERALIDADE,Monitorar — Iron Condor futuro,31.2,MONITORAR_NO_RTD,Liquidez score 37.5 ≥ 30 — monitorar confirmação via RTD.
PRIO3,PRIOB330,CALL,33.0,2027-02-19,268,EXTRA_LONGO,36.3,37.4,LATERALIDADE,Monitorar — Iron Condor futuro,31.2,MONITORAR_NO_RTD,Liquidez score 37.4 ≥ 30 — monitorar confirmação via RTD.
VALE3,VALEA66,CALL,66.15,2027-01-15,233,EXTRA_LONGO,21.03,35.5,LATERALIDADE,Monitorar — Iron Condor futuro,30.6,MONITORAR_NO_RTD,Liquidez score 35.5 ≥ 30 — monitorar confirmação via RTD.
VALE3,VALEK640,CALL,60.65,2027-11-19,541,EXTRA_LONGO,37.25,34.4,LATERALIDADE,Monitorar — Iron Condor futuro,30.3,MONITORAR_NO_RTD,Liquidez score 34.4 ≥ 30 — monitorar confirmação via RTD.
VALE3,VALEC54,CALL,54.54,2027-03-19,296,EXTRA_LONGO,30.79,33.6,LATERALIDADE,Monitorar — Iron Condor futuro,30.1,MONITORAR_NO_RTD,Liquidez score 33.6 ≥ 30 — monitorar confirmação via RTD.
VALE3,VALEA530,CALL,45.9,2027-01-15,233,EXTRA_LONGO,43.1,33.6,LATERALIDADE,Monitorar — Iron Condor futuro,30.1,MONITORAR_NO_RTD,Liquidez score 33.6 ≥ 30 — monitorar confirmação via RTD.
VALE3,VALEB398,CALL,34.9,2027-02-19,268,EXTRA_LONGO,55.26,33.8,LATERALIDADE,Monitorar — Iron Condor futuro,30.1,MONITORAR_NO_RTD,Liquidez score 33.8 ≥ 30 — monitorar confirmação via RTD.
VALE3,VALEL726,CALL,72.65,2027-12-17,569,EXTRA_LONGO,25.3,33.5,LATERALIDADE,Monitorar — Iron Condor futuro,30.0,MONITORAR_NO_RTD,Liquidez score 33.5 ≥ 30 — monitorar confirmação via RTD.
PRIO3,PRIOJ43,CALL,43.0,2027-10-15,506,EXTRA_LONGO,33.95,32.2,LATERALIDADE,Monitorar — Iron Condor futuro,29.7,MONITORAR_NO_RTD,Liquidez score 32.2 ≥ 30 — monitorar confirmação via RTD.
VALE3,VALEN548,PUT,49.9,2027-02-19,268,EXTRA_LONGO,0.28,32.3,LATERALIDADE,Monitorar — Iron Condor futuro,29.7,MONITORAR_NO_RTD,Liquidez score 32.3 ≥ 30 — monitorar confirmação via RTD.
VALE3,VALEL700,CALL,66.65,2027-12-17,569,EXTRA_LONGO,26.2,30.5,LATERALIDADE,Monitorar — Iron Condor futuro,29.1,MONITORAR_NO_RTD,Liquidez score 30.5 ≥ 30 — monitorar confirmação via RTD.
VALE3,VALEE745,CALL,74.5,2027-05-21,359,EXTRA_LONGO,18.31,30.5,LATERALIDADE,Monitorar — Iron Condor futuro,29.1,MONITORAR_NO_RTD,Liquidez score 30.5 ≥ 30 — monitorar confirmação via RTD.
