[14:18:04] Todos os tickers ativos: BBAS3 ITUB4 BBDC4 SANB11 BPAC11 BRSR6 ABCB4 BMGB4 BPAN4 PINE4 INTR4 ITSA4 BBSE3 BRAP4 IRBR3 PSSA3 CXSE3 B3SA3 PETR4 PRIO3 BRAV3 RECV3 VBBR3 RAIZ4 ENEV3 CSAN3 VALE3 CMIN3 GGBR4 GOAU4 CSNA3 USIM5 BRKM5 ELET3 CMIG4 CPFE3 CPLE6 EGIE3 ENGI11 EQTL3 AURE3 ISAE4 TAEE11 SBSP3 VIVT3 TIMS3 WEGE3 EMBR3 POMO4 STBP3 CCRO3 RAIL3 UGPA3 SUZB3 KLBN11 ABEV3 JBSS3 BRFS3 MRFG3 BEEF3 SMTO3 SLCE3 LREN3 MGLU3 AZZA3 NTCO3 CRFB3 PCAR3 PETZ3 VIVA3 AMOB3 RDOR3 HAPV3 FLRY3 HYPE3 RADL3 MULT3 CYRE3 MRVE3 IGTI11 ALOS3 RENT3 VAMO3 TOTS3 LWSA3 COGN3 YDUQ3 AZUL4 CVCB3
[14:18:04] ==========================================
[14:18:04] Bootstrap — Intelligence System
[14:18:04] ==========================================
[14:18:04] 
[14:18:04] FASE 1 — Baixando dados da CVM e preços B3...
[14:18:04]   ▶ ingest BBAS3
/Users/diegocarvalho/Library/Python/3.9/lib/python/site-packages/urllib3/__init__.py:35: NotOpenSSLWarning: urllib3 v2 only supports OpenSSL 1.1.1+, currently the 'ssl' module is compiled with 'LibreSSL 2.8.3'. See: https://github.com/urllib3/urllib3/issues/3020
  warnings.warn(
[32m2026-04-19 14:18:04[0m | [1mINFO    [0m | [36m__main__[0m — [BBAS3] iniciando ingestão...
[32m2026-04-19 14:18:04[0m | [1mINFO    [0m | [36msrc.ingestion.cvm_downloader[0m — [BBAS3] DFP: baixando 1 ano(s): [2026]
[32m2026-04-19 14:18:04[0m | [1mINFO    [0m | [36msrc.ingestion.cvm_downloader[0m — [DFP 2026] Baixando: https://dados.cvm.gov.br/dados/CIA_ABERTA/DOC/DFP/DADOS/dfp_cia_aberta_2026.zip
[32m2026-04-19 14:18:04[0m | [31m[1mERROR   [0m | [36msrc.ingestion.cvm_downloader[0m — [BBAS3] DFP 2026: [DFP 2026] Não encontrado na CVM (404): https://dados.cvm.gov.br/dados/CIA_ABERTA/DOC/DFP/DADOS/dfp_cia_aberta_2026.zip
[32m2026-04-19 14:18:04[0m | [1mINFO    [0m | [36msrc.ingestion.cvm_downloader[0m — [BBAS3] ITR: todos os anos já disponíveis
[32m2026-04-19 14:18:04[0m | [32m[1mSUCCESS [0m | [36msrc.ingestion.cvm_downloader[0m — [BBAS3] Ingestão CVM concluída — CVM code: 001023
[32m2026-04-19 14:18:04[0m | [1mINFO    [0m | [36m__main__[0m — [BBAS3] CVM: {'DFP': [], 'ITR': []}
[32m2026-04-19 14:18:04[0m | [1mINFO    [0m | [36msrc.ingestion.b3_scraper[0m — [BBAS3] Download incremental de 2026-04-18 até hoje
[32m2026-04-19 14:18:05[0m | [32m[1mSUCCESS [0m | [36msrc.ingestion.b3_scraper[0m — [BBAS3] 1815 dias salvos em BBAS3.parquet
[32m2026-04-19 14:18:05[0m | [1mINFO    [0m | [36m__main__[0m — [BBAS3] preços: 1815 dias (2019-01-02 → 2026-04-17)
[14:18:05]   ▶ ingest ITUB4
/Users/diegocarvalho/Library/Python/3.9/lib/python/site-packages/urllib3/__init__.py:35: NotOpenSSLWarning: urllib3 v2 only supports OpenSSL 1.1.1+, currently the 'ssl' module is compiled with 'LibreSSL 2.8.3'. See: https://github.com/urllib3/urllib3/issues/3020
  warnings.warn(
[32m2026-04-19 14:18:06[0m | [1mINFO    [0m | [36m__main__[0m — [ITUB4] iniciando ingestão...
[32m2026-04-19 14:18:06[0m | [1mINFO    [0m | [36msrc.ingestion.cvm_downloader[0m — [ITUB4] DFP: baixando 1 ano(s): [2026]
[32m2026-04-19 14:18:06[0m | [1mINFO    [0m | [36msrc.ingestion.cvm_downloader[0m — [DFP 2026] Baixando: https://dados.cvm.gov.br/dados/CIA_ABERTA/DOC/DFP/DADOS/dfp_cia_aberta_2026.zip
[32m2026-04-19 14:18:06[0m | [31m[1mERROR   [0m | [36msrc.ingestion.cvm_downloader[0m — [ITUB4] DFP 2026: [DFP 2026] Não encontrado na CVM (404): https://dados.cvm.gov.br/dados/CIA_ABERTA/DOC/DFP/DADOS/dfp_cia_aberta_2026.zip
[32m2026-04-19 14:18:06[0m | [1mINFO    [0m | [36msrc.ingestion.cvm_downloader[0m — [ITUB4] ITR: todos os anos já disponíveis
[32m2026-04-19 14:18:06[0m | [32m[1mSUCCESS [0m | [36msrc.ingestion.cvm_downloader[0m — [ITUB4] Ingestão CVM concluída — CVM code: 019348
[32m2026-04-19 14:18:06[0m | [1mINFO    [0m | [36m__main__[0m — [ITUB4] CVM: {'DFP': [], 'ITR': []}
[32m2026-04-19 14:18:06[0m | [1mINFO    [0m | [36msrc.ingestion.b3_scraper[0m — [ITUB4] Download incremental de 2026-04-18 até hoje
[32m2026-04-19 14:18:07[0m | [32m[1mSUCCESS [0m | [36msrc.ingestion.b3_scraper[0m — [ITUB4] 1815 dias salvos em ITUB4.parquet
[32m2026-04-19 14:18:07[0m | [1mINFO    [0m | [36m__main__[0m — [ITUB4] preços: 1815 dias (2019-01-02 → 2026-04-17)
[14:18:07]   ▶ ingest BBDC4
/Users/diegocarvalho/Library/Python/3.9/lib/python/site-packages/urllib3/__init__.py:35: NotOpenSSLWarning: urllib3 v2 only supports OpenSSL 1.1.1+, currently the 'ssl' module is compiled with 'LibreSSL 2.8.3'. See: https://github.com/urllib3/urllib3/issues/3020
  warnings.warn(
[32m2026-04-19 14:18:07[0m | [1mINFO    [0m | [36m__main__[0m — [BBDC4] iniciando ingestão...
[32m2026-04-19 14:18:07[0m | [1mINFO    [0m | [36msrc.ingestion.cvm_downloader[0m — [BBDC4] DFP: baixando 1 ano(s): [2026]
[32m2026-04-19 14:18:07[0m | [1mINFO    [0m | [36msrc.ingestion.cvm_downloader[0m — [DFP 2026] Baixando: https://dados.cvm.gov.br/dados/CIA_ABERTA/DOC/DFP/DADOS/dfp_cia_aberta_2026.zip
[32m2026-04-19 14:18:08[0m | [31m[1mERROR   [0m | [36msrc.ingestion.cvm_downloader[0m — [BBDC4] DFP 2026: [DFP 2026] Não encontrado na CVM (404): https://dados.cvm.gov.br/dados/CIA_ABERTA/DOC/DFP/DADOS/dfp_cia_aberta_2026.zip
[32m2026-04-19 14:18:08[0m | [1mINFO    [0m | [36msrc.ingestion.cvm_downloader[0m — [BBDC4] ITR: todos os anos já disponíveis
[32m2026-04-19 14:18:08[0m | [32m[1mSUCCESS [0m | [36msrc.ingestion.cvm_downloader[0m — [BBDC4] Ingestão CVM concluída — CVM code: 000906
[32m2026-04-19 14:18:08[0m | [1mINFO    [0m | [36m__main__[0m — [BBDC4] CVM: {'DFP': [], 'ITR': []}
[32m2026-04-19 14:18:08[0m | [1mINFO    [0m | [36msrc.ingestion.b3_scraper[0m — [BBDC4] Download incremental de 2026-04-18 até hoje
[32m2026-04-19 14:18:09[0m | [32m[1mSUCCESS [0m | [36msrc.ingestion.b3_scraper[0m — [BBDC4] 1815 dias salvos em BBDC4.parquet
[32m2026-04-19 14:18:09[0m | [1mINFO    [0m | [36m__main__[0m — [BBDC4] preços: 1815 dias (2019-01-02 → 2026-04-17)
[14:18:09]   ▶ ingest SANB11
/Users/diegocarvalho/Library/Python/3.9/lib/python/site-packages/urllib3/__init__.py:35: NotOpenSSLWarning: urllib3 v2 only supports OpenSSL 1.1.1+, currently the 'ssl' module is compiled with 'LibreSSL 2.8.3'. See: https://github.com/urllib3/urllib3/issues/3020
  warnings.warn(
[32m2026-04-19 14:18:09[0m | [1mINFO    [0m | [36m__main__[0m — [SANB11] iniciando ingestão...
[32m2026-04-19 14:18:09[0m | [1mINFO    [0m | [36msrc.ingestion.cvm_downloader[0m — [SANB11] DFP: baixando 1 ano(s): [2026]
[32m2026-04-19 14:18:09[0m | [1mINFO    [0m | [36msrc.ingestion.cvm_downloader[0m — [DFP 2026] Baixando: https://dados.cvm.gov.br/dados/CIA_ABERTA/DOC/DFP/DADOS/dfp_cia_aberta_2026.zip
[32m2026-04-19 14:18:09[0m | [31m[1mERROR   [0m | [36msrc.ingestion.cvm_downloader[0m — [SANB11] DFP 2026: [DFP 2026] Não encontrado na CVM (404): https://dados.cvm.gov.br/dados/CIA_ABERTA/DOC/DFP/DADOS/dfp_cia_aberta_2026.zip
[32m2026-04-19 14:18:09[0m | [1mINFO    [0m | [36msrc.ingestion.cvm_downloader[0m — [SANB11] ITR: todos os anos já disponíveis
[32m2026-04-19 14:18:09[0m | [32m[1mSUCCESS [0m | [36msrc.ingestion.cvm_downloader[0m — [SANB11] Ingestão CVM concluída — CVM code: 020532
[32m2026-04-19 14:18:09[0m | [1mINFO    [0m | [36m__main__[0m — [SANB11] CVM: {'DFP': [], 'ITR': []}
[32m2026-04-19 14:18:09[0m | [1mINFO    [0m | [36msrc.ingestion.b3_scraper[0m — [SANB11] Download incremental de 2026-04-18 até hoje
[32m2026-04-19 14:18:11[0m | [32m[1mSUCCESS [0m | [36msrc.ingestion.b3_scraper[0m — [SANB11] 1815 dias salvos em SANB11.parquet
[32m2026-04-19 14:18:11[0m | [1mINFO    [0m | [36m__main__[0m — [SANB11] preços: 1815 dias (2019-01-02 → 2026-04-17)
[14:18:11]   ▶ ingest BPAC11
/Users/diegocarvalho/Library/Python/3.9/lib/python/site-packages/urllib3/__init__.py:35: NotOpenSSLWarning: urllib3 v2 only supports OpenSSL 1.1.1+, currently the 'ssl' module is compiled with 'LibreSSL 2.8.3'. See: https://github.com/urllib3/urllib3/issues/3020
  warnings.warn(
[32m2026-04-19 14:18:12[0m | [1mINFO    [0m | [36m__main__[0m — [BPAC11] iniciando ingestão...
[32m2026-04-19 14:18:12[0m | [1mINFO    [0m | [36msrc.ingestion.cvm_downloader[0m — [BPAC11] DFP: baixando 1 ano(s): [2026]
[32m2026-04-19 14:18:12[0m | [1mINFO    [0m | [36msrc.ingestion.cvm_downloader[0m — [DFP 2026] Baixando: https://dados.cvm.gov.br/dados/CIA_ABERTA/DOC/DFP/DADOS/dfp_cia_aberta_2026.zip
[32m2026-04-19 14:18:12[0m | [31m[1mERROR   [0m | [36msrc.ingestion.cvm_downloader[0m — [BPAC11] DFP 2026: [DFP 2026] Não encontrado na CVM (404): https://dados.cvm.gov.br/dados/CIA_ABERTA/DOC/DFP/DADOS/dfp_cia_aberta_2026.zip
[32m2026-04-19 14:18:12[0m | [1mINFO    [0m | [36msrc.ingestion.cvm_downloader[0m — [BPAC11] ITR: todos os anos já disponíveis
[32m2026-04-19 14:18:12[0m | [32m[1mSUCCESS [0m | [36msrc.ingestion.cvm_downloader[0m — [BPAC11] Ingestão CVM concluída — CVM code: 022616
[32m2026-04-19 14:18:12[0m | [1mINFO    [0m | [36m__main__[0m — [BPAC11] CVM: {'DFP': [], 'ITR': []}
[32m2026-04-19 14:18:12[0m | [1mINFO    [0m | [36msrc.ingestion.b3_scraper[0m — [BPAC11] Download incremental de 2026-04-18 até hoje
[32m2026-04-19 14:18:13[0m | [32m[1mSUCCESS [0m | [36msrc.ingestion.b3_scraper[0m — [BPAC11] 1815 dias salvos em BPAC11.parquet
[32m2026-04-19 14:18:13[0m | [1mINFO    [0m | [36m__main__[0m — [BPAC11] preços: 1815 dias (2019-01-02 → 2026-04-17)
[14:18:13]   ▶ ingest BRSR6
/Users/diegocarvalho/Library/Python/3.9/lib/python/site-packages/urllib3/__init__.py:35: NotOpenSSLWarning: urllib3 v2 only supports OpenSSL 1.1.1+, currently the 'ssl' module is compiled with 'LibreSSL 2.8.3'. See: https://github.com/urllib3/urllib3/issues/3020
  warnings.warn(
[32m2026-04-19 14:18:14[0m | [1mINFO    [0m | [36m__main__[0m — [BRSR6] iniciando ingestão...
[32m2026-04-19 14:18:14[0m | [1mINFO    [0m | [36msrc.ingestion.cvm_downloader[0m — [BRSR6] DFP: baixando 1 ano(s): [2026]
[32m2026-04-19 14:18:14[0m | [1mINFO    [0m | [36msrc.ingestion.cvm_downloader[0m — [DFP 2026] Baixando: https://dados.cvm.gov.br/dados/CIA_ABERTA/DOC/DFP/DADOS/dfp_cia_aberta_2026.zip
[32m2026-04-19 14:18:14[0m | [31m[1mERROR   [0m | [36msrc.ingestion.cvm_downloader[0m — [BRSR6] DFP 2026: [DFP 2026] Não encontrado na CVM (404): https://dados.cvm.gov.br/dados/CIA_ABERTA/DOC/DFP/DADOS/dfp_cia_aberta_2026.zip
[32m2026-04-19 14:18:14[0m | [1mINFO    [0m | [36msrc.ingestion.cvm_downloader[0m — [BRSR6] ITR: todos os anos já disponíveis
[32m2026-04-19 14:18:14[0m | [32m[1mSUCCESS [0m | [36msrc.ingestion.cvm_downloader[0m — [BRSR6] Ingestão CVM concluída — CVM code: 001210
[32m2026-04-19 14:18:14[0m | [1mINFO    [0m | [36m__main__[0m — [BRSR6] CVM: {'DFP': [], 'ITR': []}
[32m2026-04-19 14:18:14[0m | [1mINFO    [0m | [36msrc.ingestion.b3_scraper[0m — [BRSR6] Download incremental de 2026-04-18 até hoje
[32m2026-04-19 14:18:15[0m | [32m[1mSUCCESS [0m | [36msrc.ingestion.b3_scraper[0m — [BRSR6] 1815 dias salvos em BRSR6.parquet
[32m2026-04-19 14:18:15[0m | [1mINFO    [0m | [36m__main__[0m — [BRSR6] preços: 1815 dias (2019-01-02 → 2026-04-17)
[14:18:15]   ▶ ingest ABCB4
/Users/diegocarvalho/Library/Python/3.9/lib/python/site-packages/urllib3/__init__.py:35: NotOpenSSLWarning: urllib3 v2 only supports OpenSSL 1.1.1+, currently the 'ssl' module is compiled with 'LibreSSL 2.8.3'. See: https://github.com/urllib3/urllib3/issues/3020
  warnings.warn(
[32m2026-04-19 14:18:15[0m | [1mINFO    [0m | [36m__main__[0m — [ABCB4] iniciando ingestão...
[32m2026-04-19 14:18:15[0m | [1mINFO    [0m | [36msrc.ingestion.cvm_downloader[0m — [ABCB4] DFP: baixando 1 ano(s): [2026]
[32m2026-04-19 14:18:15[0m | [1mINFO    [0m | [36msrc.ingestion.cvm_downloader[0m — [DFP 2026] Baixando: https://dados.cvm.gov.br/dados/CIA_ABERTA/DOC/DFP/DADOS/dfp_cia_aberta_2026.zip
[32m2026-04-19 14:18:15[0m | [31m[1mERROR   [0m | [36msrc.ingestion.cvm_downloader[0m — [ABCB4] DFP 2026: [DFP 2026] Não encontrado na CVM (404): https://dados.cvm.gov.br/dados/CIA_ABERTA/DOC/DFP/DADOS/dfp_cia_aberta_2026.zip
[32m2026-04-19 14:18:15[0m | [1mINFO    [0m | [36msrc.ingestion.cvm_downloader[0m — [ABCB4] ITR: todos os anos já disponíveis
[32m2026-04-19 14:18:15[0m | [32m[1mSUCCESS [0m | [36msrc.ingestion.cvm_downloader[0m — [ABCB4] Ingestão CVM concluída — CVM code: 020958
[32m2026-04-19 14:18:15[0m | [1mINFO    [0m | [36m__main__[0m — [ABCB4] CVM: {'DFP': [], 'ITR': []}
[32m2026-04-19 14:18:16[0m | [1mINFO    [0m | [36msrc.ingestion.b3_scraper[0m — [ABCB4] Download incremental de 2026-04-18 até hoje
[32m2026-04-19 14:18:18[0m | [32m[1mSUCCESS [0m | [36msrc.ingestion.b3_scraper[0m — [ABCB4] 1815 dias salvos em ABCB4.parquet
[32m2026-04-19 14:18:18[0m | [1mINFO    [0m | [36m__main__[0m — [ABCB4] preços: 1815 dias (2019-01-02 → 2026-04-17)
[14:18:18]   ▶ ingest BMGB4
/Users/diegocarvalho/Library/Python/3.9/lib/python/site-packages/urllib3/__init__.py:35: NotOpenSSLWarning: urllib3 v2 only supports OpenSSL 1.1.1+, currently the 'ssl' module is compiled with 'LibreSSL 2.8.3'. See: https://github.com/urllib3/urllib3/issues/3020
  warnings.warn(
[32m2026-04-19 14:18:18[0m | [1mINFO    [0m | [36m__main__[0m — [BMGB4] iniciando ingestão...
[32m2026-04-19 14:18:18[0m | [1mINFO    [0m | [36msrc.ingestion.cvm_downloader[0m — [BMGB4] DFP: baixando 1 ano(s): [2026]
[32m2026-04-19 14:18:18[0m | [1mINFO    [0m | [36msrc.ingestion.cvm_downloader[0m — [DFP 2026] Baixando: https://dados.cvm.gov.br/dados/CIA_ABERTA/DOC/DFP/DADOS/dfp_cia_aberta_2026.zip
[32m2026-04-19 14:18:18[0m | [31m[1mERROR   [0m | [36msrc.ingestion.cvm_downloader[0m — [BMGB4] DFP 2026: [DFP 2026] Não encontrado na CVM (404): https://dados.cvm.gov.br/dados/CIA_ABERTA/DOC/DFP/DADOS/dfp_cia_aberta_2026.zip
[32m2026-04-19 14:18:18[0m | [1mINFO    [0m | [36msrc.ingestion.cvm_downloader[0m — [BMGB4] ITR: todos os anos já disponíveis
[32m2026-04-19 14:18:18[0m | [32m[1mSUCCESS [0m | [36msrc.ingestion.cvm_downloader[0m — [BMGB4] Ingestão CVM concluída — CVM code: 024600
[32m2026-04-19 14:18:18[0m | [1mINFO    [0m | [36m__main__[0m — [BMGB4] CVM: {'DFP': [], 'ITR': []}
[32m2026-04-19 14:18:18[0m | [1mINFO    [0m | [36msrc.ingestion.b3_scraper[0m — [BMGB4] Download incremental de 2026-04-18 até hoje
[32m2026-04-19 14:18:19[0m | [32m[1mSUCCESS [0m | [36msrc.ingestion.b3_scraper[0m — [BMGB4] 1587 dias salvos em BMGB4.parquet
[32m2026-04-19 14:18:19[0m | [1mINFO    [0m | [36m__main__[0m — [BMGB4] preços: 1587 dias (2019-11-29 → 2026-04-17)
[14:18:19]   ▶ ingest BPAN4
/Users/diegocarvalho/Library/Python/3.9/lib/python/site-packages/urllib3/__init__.py:35: NotOpenSSLWarning: urllib3 v2 only supports OpenSSL 1.1.1+, currently the 'ssl' module is compiled with 'LibreSSL 2.8.3'. See: https://github.com/urllib3/urllib3/issues/3020
  warnings.warn(
[32m2026-04-19 14:18:20[0m | [1mINFO    [0m | [36m__main__[0m — [BPAN4] iniciando ingestão...
[32m2026-04-19 14:18:20[0m | [1mINFO    [0m | [36msrc.ingestion.cvm_downloader[0m — [BPAN4] DFP: baixando 1 ano(s): [2026]
[32m2026-04-19 14:18:20[0m | [1mINFO    [0m | [36msrc.ingestion.cvm_downloader[0m — [DFP 2026] Baixando: https://dados.cvm.gov.br/dados/CIA_ABERTA/DOC/DFP/DADOS/dfp_cia_aberta_2026.zip
[32m2026-04-19 14:18:20[0m | [31m[1mERROR   [0m | [36msrc.ingestion.cvm_downloader[0m — [BPAN4] DFP 2026: [DFP 2026] Não encontrado na CVM (404): https://dados.cvm.gov.br/dados/CIA_ABERTA/DOC/DFP/DADOS/dfp_cia_aberta_2026.zip
[32m2026-04-19 14:18:20[0m | [1mINFO    [0m | [36msrc.ingestion.cvm_downloader[0m — [BPAN4] ITR: todos os anos já disponíveis
[32m2026-04-19 14:18:20[0m | [32m[1mSUCCESS [0m | [36msrc.ingestion.cvm_downloader[0m — [BPAN4] Ingestão CVM concluída — CVM code: 021199
[32m2026-04-19 14:18:20[0m | [1mINFO    [0m | [36m__main__[0m — [BPAN4] CVM: {'DFP': [], 'ITR': []}
[32m2026-04-19 14:18:20[0m | [1mINFO    [0m | [36msrc.ingestion.b3_scraper[0m — [BPAN4] Download completo desde 2019-01-01
HTTP Error 404: {"quoteSummary":{"result":null,"error":{"code":"Not Found","description":"Quote not found for symbol: BPAN4.SA"}}}
$BPAN4.SA: possibly delisted; no timezone found

1 Failed download:
['BPAN4.SA']: possibly delisted; no timezone found
[32m2026-04-19 14:18:23[0m | [33m[1mWARNING [0m | [36msrc.ingestion.b3_scraper[0m — [BPAN4] Nenhum dado novo retornado pelo yfinance
[14:18:23]   ▶ ingest PINE4
/Users/diegocarvalho/Library/Python/3.9/lib/python/site-packages/urllib3/__init__.py:35: NotOpenSSLWarning: urllib3 v2 only supports OpenSSL 1.1.1+, currently the 'ssl' module is compiled with 'LibreSSL 2.8.3'. See: https://github.com/urllib3/urllib3/issues/3020
  warnings.warn(
[32m2026-04-19 14:18:23[0m | [1mINFO    [0m | [36m__main__[0m — [PINE4] iniciando ingestão...
[32m2026-04-19 14:18:23[0m | [1mINFO    [0m | [36msrc.ingestion.cvm_downloader[0m — [PINE4] DFP: baixando 1 ano(s): [2026]
[32m2026-04-19 14:18:23[0m | [1mINFO    [0m | [36msrc.ingestion.cvm_downloader[0m — [DFP 2026] Baixando: https://dados.cvm.gov.br/dados/CIA_ABERTA/DOC/DFP/DADOS/dfp_cia_aberta_2026.zip
[32m2026-04-19 14:18:23[0m | [31m[1mERROR   [0m | [36msrc.ingestion.cvm_downloader[0m — [PINE4] DFP 2026: [DFP 2026] Não encontrado na CVM (404): https://dados.cvm.gov.br/dados/CIA_ABERTA/DOC/DFP/DADOS/dfp_cia_aberta_2026.zip
[32m2026-04-19 14:18:23[0m | [1mINFO    [0m | [36msrc.ingestion.cvm_downloader[0m — [PINE4] ITR: todos os anos já disponíveis
[32m2026-04-19 14:18:23[0m | [32m[1mSUCCESS [0m | [36msrc.ingestion.cvm_downloader[0m — [PINE4] Ingestão CVM concluída — CVM code: 020567
[32m2026-04-19 14:18:23[0m | [1mINFO    [0m | [36m__main__[0m — [PINE4] CVM: {'DFP': [], 'ITR': []}
[32m2026-04-19 14:18:23[0m | [1mINFO    [0m | [36msrc.ingestion.b3_scraper[0m — [PINE4] Download incremental de 2026-04-18 até hoje
[32m2026-04-19 14:18:24[0m | [32m[1mSUCCESS [0m | [36msrc.ingestion.b3_scraper[0m — [PINE4] 1815 dias salvos em PINE4.parquet
[32m2026-04-19 14:18:24[0m | [1mINFO    [0m | [36m__main__[0m — [PINE4] preços: 1815 dias (2019-01-02 → 2026-04-17)
[14:18:24]   ▶ ingest INTR4
/Users/diegocarvalho/Library/Python/3.9/lib/python/site-packages/urllib3/__init__.py:35: NotOpenSSLWarning: urllib3 v2 only supports OpenSSL 1.1.1+, currently the 'ssl' module is compiled with 'LibreSSL 2.8.3'. See: https://github.com/urllib3/urllib3/issues/3020
  warnings.warn(
[32m2026-04-19 14:18:25[0m | [1mINFO    [0m | [36m__main__[0m — [INTR4] iniciando ingestão...
[32m2026-04-19 14:18:25[0m | [1mINFO    [0m | [36msrc.ingestion.cvm_downloader[0m — [INTR4] DFP: baixando 1 ano(s): [2026]
[32m2026-04-19 14:18:25[0m | [1mINFO    [0m | [36msrc.ingestion.cvm_downloader[0m — [DFP 2026] Baixando: https://dados.cvm.gov.br/dados/CIA_ABERTA/DOC/DFP/DADOS/dfp_cia_aberta_2026.zip
[32m2026-04-19 14:18:25[0m | [31m[1mERROR   [0m | [36msrc.ingestion.cvm_downloader[0m — [INTR4] DFP 2026: [DFP 2026] Não encontrado na CVM (404): https://dados.cvm.gov.br/dados/CIA_ABERTA/DOC/DFP/DADOS/dfp_cia_aberta_2026.zip
[32m2026-04-19 14:18:25[0m | [1mINFO    [0m | [36msrc.ingestion.cvm_downloader[0m — [INTR4] ITR: todos os anos já disponíveis
[32m2026-04-19 14:18:25[0m | [32m[1mSUCCESS [0m | [36msrc.ingestion.cvm_downloader[0m — [INTR4] Ingestão CVM concluída — CVM code: 080217
[32m2026-04-19 14:18:25[0m | [1mINFO    [0m | [36m__main__[0m — [INTR4] CVM: {'DFP': [], 'ITR': []}
[32m2026-04-19 14:18:25[0m | [1mINFO    [0m | [36msrc.ingestion.b3_scraper[0m — [INTR4] Download completo desde 2019-01-01
HTTP Error 404: {"quoteSummary":{"result":null,"error":{"code":"Not Found","description":"Quote not found for symbol: INTR4.SA"}}}
$INTR4.SA: possibly delisted; no timezone found

1 Failed download:
['INTR4.SA']: possibly delisted; no timezone found
[32m2026-04-19 14:18:28[0m | [33m[1mWARNING [0m | [36msrc.ingestion.b3_scraper[0m — [INTR4] Nenhum dado novo retornado pelo yfinance
[14:18:28]   ▶ ingest ITSA4
/Users/diegocarvalho/Library/Python/3.9/lib/python/site-packages/urllib3/__init__.py:35: NotOpenSSLWarning: urllib3 v2 only supports OpenSSL 1.1.1+, currently the 'ssl' module is compiled with 'LibreSSL 2.8.3'. See: https://github.com/urllib3/urllib3/issues/3020
  warnings.warn(
[32m2026-04-19 14:18:28[0m | [1mINFO    [0m | [36m__main__[0m — [ITSA4] iniciando ingestão...
[32m2026-04-19 14:18:28[0m | [1mINFO    [0m | [36msrc.ingestion.cvm_downloader[0m — [ITSA4] DFP: baixando 1 ano(s): [2026]
[32m2026-04-19 14:18:28[0m | [1mINFO    [0m | [36msrc.ingestion.cvm_downloader[0m — [DFP 2026] Baixando: https://dados.cvm.gov.br/dados/CIA_ABERTA/DOC/DFP/DADOS/dfp_cia_aberta_2026.zip
[32m2026-04-19 14:18:28[0m | [31m[1mERROR   [0m | [36msrc.ingestion.cvm_downloader[0m — [ITSA4] DFP 2026: [DFP 2026] Não encontrado na CVM (404): https://dados.cvm.gov.br/dados/CIA_ABERTA/DOC/DFP/DADOS/dfp_cia_aberta_2026.zip
[32m2026-04-19 14:18:28[0m | [1mINFO    [0m | [36msrc.ingestion.cvm_downloader[0m — [ITSA4] ITR: todos os anos já disponíveis
[32m2026-04-19 14:18:28[0m | [32m[1mSUCCESS [0m | [36msrc.ingestion.cvm_downloader[0m — [ITSA4] Ingestão CVM concluída — CVM code: 007617
[32m2026-04-19 14:18:28[0m | [1mINFO    [0m | [36m__main__[0m — [ITSA4] CVM: {'DFP': [], 'ITR': []}
[32m2026-04-19 14:18:28[0m | [1mINFO    [0m | [36msrc.ingestion.b3_scraper[0m — [ITSA4] Download incremental de 2026-04-18 até hoje
[32m2026-04-19 14:18:29[0m | [32m[1mSUCCESS [0m | [36msrc.ingestion.b3_scraper[0m — [ITSA4] 1815 dias salvos em ITSA4.parquet
[32m2026-04-19 14:18:29[0m | [1mINFO    [0m | [36m__main__[0m — [ITSA4] preços: 1815 dias (2019-01-02 → 2026-04-17)
[14:18:29]   ▶ ingest BBSE3
/Users/diegocarvalho/Library/Python/3.9/lib/python/site-packages/urllib3/__init__.py:35: NotOpenSSLWarning: urllib3 v2 only supports OpenSSL 1.1.1+, currently the 'ssl' module is compiled with 'LibreSSL 2.8.3'. See: https://github.com/urllib3/urllib3/issues/3020
  warnings.warn(
[32m2026-04-19 14:18:30[0m | [1mINFO    [0m | [36m__main__[0m — [BBSE3] iniciando ingestão...
[32m2026-04-19 14:18:30[0m | [1mINFO    [0m | [36msrc.ingestion.cvm_downloader[0m — [BBSE3] DFP: baixando 1 ano(s): [2026]
[32m2026-04-19 14:18:30[0m | [1mINFO    [0m | [36msrc.ingestion.cvm_downloader[0m — [DFP 2026] Baixando: https://dados.cvm.gov.br/dados/CIA_ABERTA/DOC/DFP/DADOS/dfp_cia_aberta_2026.zip
[32m2026-04-19 14:18:30[0m | [31m[1mERROR   [0m | [36msrc.ingestion.cvm_downloader[0m — [BBSE3] DFP 2026: [DFP 2026] Não encontrado na CVM (404): https://dados.cvm.gov.br/dados/CIA_ABERTA/DOC/DFP/DADOS/dfp_cia_aberta_2026.zip
[32m2026-04-19 14:18:30[0m | [1mINFO    [0m | [36msrc.ingestion.cvm_downloader[0m — [BBSE3] ITR: todos os anos já disponíveis
[32m2026-04-19 14:18:30[0m | [32m[1mSUCCESS [0m | [36msrc.ingestion.cvm_downloader[0m — [BBSE3] Ingestão CVM concluída — CVM code: 023159
[32m2026-04-19 14:18:30[0m | [1mINFO    [0m | [36m__main__[0m — [BBSE3] CVM: {'DFP': [], 'ITR': []}
[32m2026-04-19 14:18:30[0m | [1mINFO    [0m | [36msrc.ingestion.b3_scraper[0m — [BBSE3] Download completo desde 2019-01-01
[32m2026-04-19 14:18:31[0m | [32m[1mSUCCESS [0m | [36msrc.ingestion.b3_scraper[0m — [BBSE3] 1815 dias salvos em BBSE3.parquet
[32m2026-04-19 14:18:31[0m | [1mINFO    [0m | [36m__main__[0m — [BBSE3] preços: 1815 dias (2019-01-02 → 2026-04-17)
[14:18:31]   ▶ ingest BRAP4
/Users/diegocarvalho/Library/Python/3.9/lib/python/site-packages/urllib3/__init__.py:35: NotOpenSSLWarning: urllib3 v2 only supports OpenSSL 1.1.1+, currently the 'ssl' module is compiled with 'LibreSSL 2.8.3'. See: https://github.com/urllib3/urllib3/issues/3020
  warnings.warn(
[32m2026-04-19 14:18:32[0m | [1mINFO    [0m | [36m__main__[0m — [BRAP4] iniciando ingestão...
[32m2026-04-19 14:18:32[0m | [1mINFO    [0m | [36msrc.ingestion.cvm_downloader[0m — [BRAP4] DFP: baixando 1 ano(s): [2026]
[32m2026-04-19 14:18:32[0m | [1mINFO    [0m | [36msrc.ingestion.cvm_downloader[0m — [DFP 2026] Baixando: https://dados.cvm.gov.br/dados/CIA_ABERTA/DOC/DFP/DADOS/dfp_cia_aberta_2026.zip
[32m2026-04-19 14:18:32[0m | [31m[1mERROR   [0m | [36msrc.ingestion.cvm_downloader[0m — [BRAP4] DFP 2026: [DFP 2026] Não encontrado na CVM (404): https://dados.cvm.gov.br/dados/CIA_ABERTA/DOC/DFP/DADOS/dfp_cia_aberta_2026.zip
[32m2026-04-19 14:18:32[0m | [1mINFO    [0m | [36msrc.ingestion.cvm_downloader[0m — [BRAP4] ITR: todos os anos já disponíveis
[32m2026-04-19 14:18:32[0m | [32m[1mSUCCESS [0m | [36msrc.ingestion.cvm_downloader[0m — [BRAP4] Ingestão CVM concluída — CVM code: 018724
[32m2026-04-19 14:18:32[0m | [1mINFO    [0m | [36m__main__[0m — [BRAP4] CVM: {'DFP': [], 'ITR': []}
[32m2026-04-19 14:18:32[0m | [1mINFO    [0m | [36msrc.ingestion.b3_scraper[0m — [BRAP4] Download completo desde 2019-01-01
[32m2026-04-19 14:18:34[0m | [32m[1mSUCCESS [0m | [36msrc.ingestion.b3_scraper[0m — [BRAP4] 1815 dias salvos em BRAP4.parquet
[32m2026-04-19 14:18:34[0m | [1mINFO    [0m | [36m__main__[0m — [BRAP4] preços: 1815 dias (2019-01-02 → 2026-04-17)
[14:18:34]   ▶ ingest IRBR3
/Users/diegocarvalho/Library/Python/3.9/lib/python/site-packages/urllib3/__init__.py:35: NotOpenSSLWarning: urllib3 v2 only supports OpenSSL 1.1.1+, currently the 'ssl' module is compiled with 'LibreSSL 2.8.3'. See: https://github.com/urllib3/urllib3/issues/3020
  warnings.warn(
[32m2026-04-19 14:18:34[0m | [1mINFO    [0m | [36m__main__[0m — [IRBR3] iniciando ingestão...
[32m2026-04-19 14:18:34[0m | [1mINFO    [0m | [36msrc.ingestion.cvm_downloader[0m — [IRBR3] DFP: baixando 1 ano(s): [2026]
[32m2026-04-19 14:18:34[0m | [1mINFO    [0m | [36msrc.ingestion.cvm_downloader[0m — [DFP 2026] Baixando: https://dados.cvm.gov.br/dados/CIA_ABERTA/DOC/DFP/DADOS/dfp_cia_aberta_2026.zip
[32m2026-04-19 14:18:34[0m | [31m[1mERROR   [0m | [36msrc.ingestion.cvm_downloader[0m — [IRBR3] DFP 2026: [DFP 2026] Não encontrado na CVM (404): https://dados.cvm.gov.br/dados/CIA_ABERTA/DOC/DFP/DADOS/dfp_cia_aberta_2026.zip
[32m2026-04-19 14:18:34[0m | [1mINFO    [0m | [36msrc.ingestion.cvm_downloader[0m — [IRBR3] ITR: todos os anos já disponíveis
[32m2026-04-19 14:18:34[0m | [32m[1mSUCCESS [0m | [36msrc.ingestion.cvm_downloader[0m — [IRBR3] Ingestão CVM concluída — CVM code: 024180
[32m2026-04-19 14:18:34[0m | [1mINFO    [0m | [36m__main__[0m — [IRBR3] CVM: {'DFP': [], 'ITR': []}
[32m2026-04-19 14:18:34[0m | [1mINFO    [0m | [36msrc.ingestion.b3_scraper[0m — [IRBR3] Download completo desde 2019-01-01
[32m2026-04-19 14:18:36[0m | [32m[1mSUCCESS [0m | [36msrc.ingestion.b3_scraper[0m — [IRBR3] 1815 dias salvos em IRBR3.parquet
[32m2026-04-19 14:18:36[0m | [1mINFO    [0m | [36m__main__[0m — [IRBR3] preços: 1815 dias (2019-01-02 → 2026-04-17)
[14:18:36]   ▶ ingest PSSA3
/Users/diegocarvalho/Library/Python/3.9/lib/python/site-packages/urllib3/__init__.py:35: NotOpenSSLWarning: urllib3 v2 only supports OpenSSL 1.1.1+, currently the 'ssl' module is compiled with 'LibreSSL 2.8.3'. See: https://github.com/urllib3/urllib3/issues/3020
  warnings.warn(
[32m2026-04-19 14:18:36[0m | [1mINFO    [0m | [36m__main__[0m — [PSSA3] iniciando ingestão...
[32m2026-04-19 14:18:36[0m | [1mINFO    [0m | [36msrc.ingestion.cvm_downloader[0m — [PSSA3] DFP: baixando 1 ano(s): [2026]
[32m2026-04-19 14:18:36[0m | [1mINFO    [0m | [36msrc.ingestion.cvm_downloader[0m — [DFP 2026] Baixando: https://dados.cvm.gov.br/dados/CIA_ABERTA/DOC/DFP/DADOS/dfp_cia_aberta_2026.zip
[32m2026-04-19 14:18:37[0m | [31m[1mERROR   [0m | [36msrc.ingestion.cvm_downloader[0m — [PSSA3] DFP 2026: [DFP 2026] Não encontrado na CVM (404): https://dados.cvm.gov.br/dados/CIA_ABERTA/DOC/DFP/DADOS/dfp_cia_aberta_2026.zip
[32m2026-04-19 14:18:37[0m | [1mINFO    [0m | [36msrc.ingestion.cvm_downloader[0m — [PSSA3] ITR: todos os anos já disponíveis
[32m2026-04-19 14:18:37[0m | [32m[1mSUCCESS [0m | [36msrc.ingestion.cvm_downloader[0m — [PSSA3] Ingestão CVM concluída — CVM code: 016659
[32m2026-04-19 14:18:37[0m | [1mINFO    [0m | [36m__main__[0m — [PSSA3] CVM: {'DFP': [], 'ITR': []}
[32m2026-04-19 14:18:37[0m | [1mINFO    [0m | [36msrc.ingestion.b3_scraper[0m — [PSSA3] Download completo desde 2019-01-01
[32m2026-04-19 14:18:38[0m | [32m[1mSUCCESS [0m | [36msrc.ingestion.b3_scraper[0m — [PSSA3] 1815 dias salvos em PSSA3.parquet
[32m2026-04-19 14:18:38[0m | [1mINFO    [0m | [36m__main__[0m — [PSSA3] preços: 1815 dias (2019-01-02 → 2026-04-17)
[14:18:38]   ▶ ingest CXSE3
/Users/diegocarvalho/Library/Python/3.9/lib/python/site-packages/urllib3/__init__.py:35: NotOpenSSLWarning: urllib3 v2 only supports OpenSSL 1.1.1+, currently the 'ssl' module is compiled with 'LibreSSL 2.8.3'. See: https://github.com/urllib3/urllib3/issues/3020
  warnings.warn(
[32m2026-04-19 14:18:38[0m | [1mINFO    [0m | [36m__main__[0m — [CXSE3] iniciando ingestão...
[32m2026-04-19 14:18:39[0m | [1mINFO    [0m | [36msrc.ingestion.cvm_downloader[0m — [CXSE3] DFP: baixando 1 ano(s): [2026]
[32m2026-04-19 14:18:39[0m | [1mINFO    [0m | [36msrc.ingestion.cvm_downloader[0m — [DFP 2026] Baixando: https://dados.cvm.gov.br/dados/CIA_ABERTA/DOC/DFP/DADOS/dfp_cia_aberta_2026.zip
[32m2026-04-19 14:18:39[0m | [31m[1mERROR   [0m | [36msrc.ingestion.cvm_downloader[0m — [CXSE3] DFP 2026: [DFP 2026] Não encontrado na CVM (404): https://dados.cvm.gov.br/dados/CIA_ABERTA/DOC/DFP/DADOS/dfp_cia_aberta_2026.zip
[32m2026-04-19 14:18:39[0m | [1mINFO    [0m | [36msrc.ingestion.cvm_downloader[0m — [CXSE3] ITR: todos os anos já disponíveis
[32m2026-04-19 14:18:39[0m | [32m[1mSUCCESS [0m | [36msrc.ingestion.cvm_downloader[0m — [CXSE3] Ingestão CVM concluída — CVM code: 023795
[32m2026-04-19 14:18:39[0m | [1mINFO    [0m | [36m__main__[0m — [CXSE3] CVM: {'DFP': [], 'ITR': []}
[32m2026-04-19 14:18:39[0m | [1mINFO    [0m | [36msrc.ingestion.b3_scraper[0m — [CXSE3] Download completo desde 2019-01-01
[32m2026-04-19 14:18:40[0m | [32m[1mSUCCESS [0m | [36msrc.ingestion.b3_scraper[0m — [CXSE3] 1240 dias salvos em CXSE3.parquet
[32m2026-04-19 14:18:40[0m | [1mINFO    [0m | [36m__main__[0m — [CXSE3] preços: 1240 dias (2021-04-30 → 2026-04-17)
[14:18:40]   ▶ ingest B3SA3
/Users/diegocarvalho/Library/Python/3.9/lib/python/site-packages/urllib3/__init__.py:35: NotOpenSSLWarning: urllib3 v2 only supports OpenSSL 1.1.1+, currently the 'ssl' module is compiled with 'LibreSSL 2.8.3'. See: https://github.com/urllib3/urllib3/issues/3020
  warnings.warn(
[32m2026-04-19 14:18:41[0m | [1mINFO    [0m | [36m__main__[0m — [B3SA3] iniciando ingestão...
[32m2026-04-19 14:18:41[0m | [1mINFO    [0m | [36msrc.ingestion.cvm_downloader[0m — [B3SA3] DFP: baixando 1 ano(s): [2026]
[32m2026-04-19 14:18:41[0m | [1mINFO    [0m | [36msrc.ingestion.cvm_downloader[0m — [DFP 2026] Baixando: https://dados.cvm.gov.br/dados/CIA_ABERTA/DOC/DFP/DADOS/dfp_cia_aberta_2026.zip
[32m2026-04-19 14:18:41[0m | [31m[1mERROR   [0m | [36msrc.ingestion.cvm_downloader[0m — [B3SA3] DFP 2026: [DFP 2026] Não encontrado na CVM (404): https://dados.cvm.gov.br/dados/CIA_ABERTA/DOC/DFP/DADOS/dfp_cia_aberta_2026.zip
[32m2026-04-19 14:18:41[0m | [1mINFO    [0m | [36msrc.ingestion.cvm_downloader[0m — [B3SA3] ITR: todos os anos já disponíveis
[32m2026-04-19 14:18:41[0m | [32m[1mSUCCESS [0m | [36msrc.ingestion.cvm_downloader[0m — [B3SA3] Ingestão CVM concluída — CVM code: 021610
[32m2026-04-19 14:18:41[0m | [1mINFO    [0m | [36m__main__[0m — [B3SA3] CVM: {'DFP': [], 'ITR': []}
[32m2026-04-19 14:18:41[0m | [1mINFO    [0m | [36msrc.ingestion.b3_scraper[0m — [B3SA3] Download completo desde 2019-01-01
[32m2026-04-19 14:18:42[0m | [32m[1mSUCCESS [0m | [36msrc.ingestion.b3_scraper[0m — [B3SA3] 1815 dias salvos em B3SA3.parquet
[32m2026-04-19 14:18:42[0m | [1mINFO    [0m | [36m__main__[0m — [B3SA3] preços: 1815 dias (2019-01-02 → 2026-04-17)
[14:18:42]   ▶ ingest PETR4
/Users/diegocarvalho/Library/Python/3.9/lib/python/site-packages/urllib3/__init__.py:35: NotOpenSSLWarning: urllib3 v2 only supports OpenSSL 1.1.1+, currently the 'ssl' module is compiled with 'LibreSSL 2.8.3'. See: https://github.com/urllib3/urllib3/issues/3020
  warnings.warn(
[32m2026-04-19 14:18:43[0m | [1mINFO    [0m | [36m__main__[0m — [PETR4] iniciando ingestão...
[32m2026-04-19 14:18:43[0m | [1mINFO    [0m | [36msrc.ingestion.cvm_downloader[0m — [PETR4] DFP: baixando 1 ano(s): [2026]
[32m2026-04-19 14:18:43[0m | [1mINFO    [0m | [36msrc.ingestion.cvm_downloader[0m — [DFP 2026] Baixando: https://dados.cvm.gov.br/dados/CIA_ABERTA/DOC/DFP/DADOS/dfp_cia_aberta_2026.zip
[32m2026-04-19 14:18:43[0m | [31m[1mERROR   [0m | [36msrc.ingestion.cvm_downloader[0m — [PETR4] DFP 2026: [DFP 2026] Não encontrado na CVM (404): https://dados.cvm.gov.br/dados/CIA_ABERTA/DOC/DFP/DADOS/dfp_cia_aberta_2026.zip
[32m2026-04-19 14:18:43[0m | [1mINFO    [0m | [36msrc.ingestion.cvm_downloader[0m — [PETR4] ITR: todos os anos já disponíveis
[32m2026-04-19 14:18:43[0m | [32m[1mSUCCESS [0m | [36msrc.ingestion.cvm_downloader[0m — [PETR4] Ingestão CVM concluída — CVM code: 009512
[32m2026-04-19 14:18:43[0m | [1mINFO    [0m | [36m__main__[0m — [PETR4] CVM: {'DFP': [], 'ITR': []}
[32m2026-04-19 14:18:43[0m | [1mINFO    [0m | [36msrc.ingestion.b3_scraper[0m — [PETR4] Download completo desde 2019-01-01
[32m2026-04-19 14:18:44[0m | [32m[1mSUCCESS [0m | [36msrc.ingestion.b3_scraper[0m — [PETR4] 1815 dias salvos em PETR4.parquet
[32m2026-04-19 14:18:44[0m | [1mINFO    [0m | [36m__main__[0m — [PETR4] preços: 1815 dias (2019-01-02 → 2026-04-17)
[14:18:44]   ▶ ingest PRIO3
/Users/diegocarvalho/Library/Python/3.9/lib/python/site-packages/urllib3/__init__.py:35: NotOpenSSLWarning: urllib3 v2 only supports OpenSSL 1.1.1+, currently the 'ssl' module is compiled with 'LibreSSL 2.8.3'. See: https://github.com/urllib3/urllib3/issues/3020
  warnings.warn(
[32m2026-04-19 14:18:45[0m | [1mINFO    [0m | [36m__main__[0m — [PRIO3] iniciando ingestão...
[32m2026-04-19 14:18:45[0m | [1mINFO    [0m | [36msrc.ingestion.cvm_downloader[0m — [PRIO3] DFP: baixando 1 ano(s): [2026]
[32m2026-04-19 14:18:45[0m | [1mINFO    [0m | [36msrc.ingestion.cvm_downloader[0m — [DFP 2026] Baixando: https://dados.cvm.gov.br/dados/CIA_ABERTA/DOC/DFP/DADOS/dfp_cia_aberta_2026.zip
[32m2026-04-19 14:18:45[0m | [31m[1mERROR   [0m | [36msrc.ingestion.cvm_downloader[0m — [PRIO3] DFP 2026: [DFP 2026] Não encontrado na CVM (404): https://dados.cvm.gov.br/dados/CIA_ABERTA/DOC/DFP/DADOS/dfp_cia_aberta_2026.zip
[32m2026-04-19 14:18:45[0m | [1mINFO    [0m | [36msrc.ingestion.cvm_downloader[0m — [PRIO3] ITR: todos os anos já disponíveis
[32m2026-04-19 14:18:45[0m | [32m[1mSUCCESS [0m | [36msrc.ingestion.cvm_downloader[0m — [PRIO3] Ingestão CVM concluída — CVM code: 022187
[32m2026-04-19 14:18:45[0m | [1mINFO    [0m | [36m__main__[0m — [PRIO3] CVM: {'DFP': [], 'ITR': []}
[32m2026-04-19 14:18:45[0m | [1mINFO    [0m | [36msrc.ingestion.b3_scraper[0m — [PRIO3] Download completo desde 2019-01-01
[32m2026-04-19 14:18:46[0m | [32m[1mSUCCESS [0m | [36msrc.ingestion.b3_scraper[0m — [PRIO3] 1815 dias salvos em PRIO3.parquet
[32m2026-04-19 14:18:46[0m | [1mINFO    [0m | [36m__main__[0m — [PRIO3] preços: 1815 dias (2019-01-02 → 2026-04-17)
[14:18:46]   ▶ ingest BRAV3
/Users/diegocarvalho/Library/Python/3.9/lib/python/site-packages/urllib3/__init__.py:35: NotOpenSSLWarning: urllib3 v2 only supports OpenSSL 1.1.1+, currently the 'ssl' module is compiled with 'LibreSSL 2.8.3'. See: https://github.com/urllib3/urllib3/issues/3020
  warnings.warn(
[32m2026-04-19 14:18:47[0m | [1mINFO    [0m | [36m__main__[0m — [BRAV3] iniciando ingestão...
[32m2026-04-19 14:18:47[0m | [1mINFO    [0m | [36msrc.ingestion.cvm_downloader[0m — [BRAV3] DFP: baixando 1 ano(s): [2026]
[32m2026-04-19 14:18:47[0m | [1mINFO    [0m | [36msrc.ingestion.cvm_downloader[0m — [DFP 2026] Baixando: https://dados.cvm.gov.br/dados/CIA_ABERTA/DOC/DFP/DADOS/dfp_cia_aberta_2026.zip
[32m2026-04-19 14:18:47[0m | [31m[1mERROR   [0m | [36msrc.ingestion.cvm_downloader[0m — [BRAV3] DFP 2026: [DFP 2026] Não encontrado na CVM (404): https://dados.cvm.gov.br/dados/CIA_ABERTA/DOC/DFP/DADOS/dfp_cia_aberta_2026.zip
[32m2026-04-19 14:18:47[0m | [1mINFO    [0m | [36msrc.ingestion.cvm_downloader[0m — [BRAV3] ITR: todos os anos já disponíveis
[32m2026-04-19 14:18:47[0m | [32m[1mSUCCESS [0m | [36msrc.ingestion.cvm_downloader[0m — [BRAV3] Ingestão CVM concluída — CVM code: 025291
[32m2026-04-19 14:18:47[0m | [1mINFO    [0m | [36m__main__[0m — [BRAV3] CVM: {'DFP': [], 'ITR': []}
[32m2026-04-19 14:18:47[0m | [1mINFO    [0m | [36msrc.ingestion.b3_scraper[0m — [BRAV3] Download completo desde 2019-01-01
[32m2026-04-19 14:18:48[0m | [32m[1mSUCCESS [0m | [36msrc.ingestion.b3_scraper[0m — [BRAV3] 1351 dias salvos em BRAV3.parquet
[32m2026-04-19 14:18:48[0m | [1mINFO    [0m | [36m__main__[0m — [BRAV3] preços: 1351 dias (2020-11-10 → 2026-04-17)
[14:18:48]   ▶ ingest RECV3
/Users/diegocarvalho/Library/Python/3.9/lib/python/site-packages/urllib3/__init__.py:35: NotOpenSSLWarning: urllib3 v2 only supports OpenSSL 1.1.1+, currently the 'ssl' module is compiled with 'LibreSSL 2.8.3'. See: https://github.com/urllib3/urllib3/issues/3020
  warnings.warn(
[32m2026-04-19 14:18:49[0m | [1mINFO    [0m | [36m__main__[0m — [RECV3] iniciando ingestão...
[32m2026-04-19 14:18:49[0m | [1mINFO    [0m | [36msrc.ingestion.cvm_downloader[0m — [RECV3] DFP: baixando 1 ano(s): [2026]
[32m2026-04-19 14:18:49[0m | [1mINFO    [0m | [36msrc.ingestion.cvm_downloader[0m — [DFP 2026] Baixando: https://dados.cvm.gov.br/dados/CIA_ABERTA/DOC/DFP/DADOS/dfp_cia_aberta_2026.zip
[32m2026-04-19 14:18:49[0m | [31m[1mERROR   [0m | [36msrc.ingestion.cvm_downloader[0m — [RECV3] DFP 2026: [DFP 2026] Não encontrado na CVM (404): https://dados.cvm.gov.br/dados/CIA_ABERTA/DOC/DFP/DADOS/dfp_cia_aberta_2026.zip
[32m2026-04-19 14:18:49[0m | [1mINFO    [0m | [36msrc.ingestion.cvm_downloader[0m — [RECV3] ITR: todos os anos já disponíveis
[32m2026-04-19 14:18:49[0m | [32m[1mSUCCESS [0m | [36msrc.ingestion.cvm_downloader[0m — [RECV3] Ingestão CVM concluída — CVM code: 024643
[32m2026-04-19 14:18:49[0m | [1mINFO    [0m | [36m__main__[0m — [RECV3] CVM: {'DFP': [], 'ITR': []}
[32m2026-04-19 14:18:49[0m | [1mINFO    [0m | [36msrc.ingestion.b3_scraper[0m — [RECV3] Download completo desde 2019-01-01
[32m2026-04-19 14:18:51[0m | [32m[1mSUCCESS [0m | [36msrc.ingestion.b3_scraper[0m — [RECV3] 1237 dias salvos em RECV3.parquet
[32m2026-04-19 14:18:51[0m | [1mINFO    [0m | [36m__main__[0m — [RECV3] preços: 1237 dias (2021-05-05 → 2026-04-17)
[14:18:51]   ▶ ingest VBBR3
/Users/diegocarvalho/Library/Python/3.9/lib/python/site-packages/urllib3/__init__.py:35: NotOpenSSLWarning: urllib3 v2 only supports OpenSSL 1.1.1+, currently the 'ssl' module is compiled with 'LibreSSL 2.8.3'. See: https://github.com/urllib3/urllib3/issues/3020
  warnings.warn(
[32m2026-04-19 14:18:51[0m | [1mINFO    [0m | [36m__main__[0m — [VBBR3] iniciando ingestão...
[32m2026-04-19 14:18:51[0m | [1mINFO    [0m | [36msrc.ingestion.cvm_downloader[0m — [VBBR3] DFP: baixando 1 ano(s): [2026]
[32m2026-04-19 14:18:51[0m | [1mINFO    [0m | [36msrc.ingestion.cvm_downloader[0m — [DFP 2026] Baixando: https://dados.cvm.gov.br/dados/CIA_ABERTA/DOC/DFP/DADOS/dfp_cia_aberta_2026.zip
[32m2026-04-19 14:18:52[0m | [31m[1mERROR   [0m | [36msrc.ingestion.cvm_downloader[0m — [VBBR3] DFP 2026: [DFP 2026] Não encontrado na CVM (404): https://dados.cvm.gov.br/dados/CIA_ABERTA/DOC/DFP/DADOS/dfp_cia_aberta_2026.zip
[32m2026-04-19 14:18:52[0m | [1mINFO    [0m | [36msrc.ingestion.cvm_downloader[0m — [VBBR3] ITR: todos os anos já disponíveis
[32m2026-04-19 14:18:52[0m | [32m[1mSUCCESS [0m | [36msrc.ingestion.cvm_downloader[0m — [VBBR3] Ingestão CVM concluída — CVM code: 024295
[32m2026-04-19 14:18:52[0m | [1mINFO    [0m | [36m__main__[0m — [VBBR3] CVM: {'DFP': [], 'ITR': []}
[32m2026-04-19 14:18:52[0m | [1mINFO    [0m | [36msrc.ingestion.b3_scraper[0m — [VBBR3] Download completo desde 2019-01-01
[32m2026-04-19 14:18:53[0m | [32m[1mSUCCESS [0m | [36msrc.ingestion.b3_scraper[0m — [VBBR3] 1815 dias salvos em VBBR3.parquet
[32m2026-04-19 14:18:53[0m | [1mINFO    [0m | [36m__main__[0m — [VBBR3] preços: 1815 dias (2019-01-02 → 2026-04-17)
[14:18:53]   ▶ ingest RAIZ4
/Users/diegocarvalho/Library/Python/3.9/lib/python/site-packages/urllib3/__init__.py:35: NotOpenSSLWarning: urllib3 v2 only supports OpenSSL 1.1.1+, currently the 'ssl' module is compiled with 'LibreSSL 2.8.3'. See: https://github.com/urllib3/urllib3/issues/3020
  warnings.warn(
[32m2026-04-19 14:18:54[0m | [1mINFO    [0m | [36m__main__[0m — [RAIZ4] iniciando ingestão...
[32m2026-04-19 14:18:54[0m | [1mINFO    [0m | [36msrc.ingestion.cvm_downloader[0m — [RAIZ4] DFP: baixando 1 ano(s): [2026]
[32m2026-04-19 14:18:54[0m | [1mINFO    [0m | [36msrc.ingestion.cvm_downloader[0m — [DFP 2026] Baixando: https://dados.cvm.gov.br/dados/CIA_ABERTA/DOC/DFP/DADOS/dfp_cia_aberta_2026.zip
[32m2026-04-19 14:18:54[0m | [31m[1mERROR   [0m | [36msrc.ingestion.cvm_downloader[0m — [RAIZ4] DFP 2026: [DFP 2026] Não encontrado na CVM (404): https://dados.cvm.gov.br/dados/CIA_ABERTA/DOC/DFP/DADOS/dfp_cia_aberta_2026.zip
[32m2026-04-19 14:18:54[0m | [1mINFO    [0m | [36msrc.ingestion.cvm_downloader[0m — [RAIZ4] ITR: todos os anos já disponíveis
[32m2026-04-19 14:18:54[0m | [32m[1mSUCCESS [0m | [36msrc.ingestion.cvm_downloader[0m — [RAIZ4] Ingestão CVM concluída — CVM code: 023230
[32m2026-04-19 14:18:54[0m | [1mINFO    [0m | [36m__main__[0m — [RAIZ4] CVM: {'DFP': [], 'ITR': []}
[32m2026-04-19 14:18:54[0m | [1mINFO    [0m | [36msrc.ingestion.b3_scraper[0m — [RAIZ4] Download completo desde 2019-01-01
[32m2026-04-19 14:18:55[0m | [32m[1mSUCCESS [0m | [36msrc.ingestion.b3_scraper[0m — [RAIZ4] 1173 dias salvos em RAIZ4.parquet
[32m2026-04-19 14:18:55[0m | [1mINFO    [0m | [36m__main__[0m — [RAIZ4] preços: 1173 dias (2021-08-05 → 2026-04-17)
[14:18:55]   ▶ ingest ENEV3
/Users/diegocarvalho/Library/Python/3.9/lib/python/site-packages/urllib3/__init__.py:35: NotOpenSSLWarning: urllib3 v2 only supports OpenSSL 1.1.1+, currently the 'ssl' module is compiled with 'LibreSSL 2.8.3'. See: https://github.com/urllib3/urllib3/issues/3020
  warnings.warn(
[32m2026-04-19 14:18:55[0m | [1mINFO    [0m | [36m__main__[0m — [ENEV3] iniciando ingestão...
[32m2026-04-19 14:18:55[0m | [1mINFO    [0m | [36msrc.ingestion.cvm_downloader[0m — [ENEV3] DFP: baixando 1 ano(s): [2026]
[32m2026-04-19 14:18:55[0m | [1mINFO    [0m | [36msrc.ingestion.cvm_downloader[0m — [DFP 2026] Baixando: https://dados.cvm.gov.br/dados/CIA_ABERTA/DOC/DFP/DADOS/dfp_cia_aberta_2026.zip
[32m2026-04-19 14:18:56[0m | [31m[1mERROR   [0m | [36msrc.ingestion.cvm_downloader[0m — [ENEV3] DFP 2026: [DFP 2026] Não encontrado na CVM (404): https://dados.cvm.gov.br/dados/CIA_ABERTA/DOC/DFP/DADOS/dfp_cia_aberta_2026.zip
[32m2026-04-19 14:18:56[0m | [1mINFO    [0m | [36msrc.ingestion.cvm_downloader[0m — [ENEV3] ITR: todos os anos já disponíveis
[32m2026-04-19 14:18:56[0m | [32m[1mSUCCESS [0m | [36msrc.ingestion.cvm_downloader[0m — [ENEV3] Ingestão CVM concluída — CVM code: 021237
[32m2026-04-19 14:18:56[0m | [1mINFO    [0m | [36m__main__[0m — [ENEV3] CVM: {'DFP': [], 'ITR': []}
[32m2026-04-19 14:18:56[0m | [1mINFO    [0m | [36msrc.ingestion.b3_scraper[0m — [ENEV3] Download completo desde 2019-01-01
[32m2026-04-19 14:18:57[0m | [32m[1mSUCCESS [0m | [36msrc.ingestion.b3_scraper[0m — [ENEV3] 1815 dias salvos em ENEV3.parquet
[32m2026-04-19 14:18:57[0m | [1mINFO    [0m | [36m__main__[0m — [ENEV3] preços: 1815 dias (2019-01-02 → 2026-04-17)
[14:18:57]   ▶ ingest CSAN3
/Users/diegocarvalho/Library/Python/3.9/lib/python/site-packages/urllib3/__init__.py:35: NotOpenSSLWarning: urllib3 v2 only supports OpenSSL 1.1.1+, currently the 'ssl' module is compiled with 'LibreSSL 2.8.3'. See: https://github.com/urllib3/urllib3/issues/3020
  warnings.warn(
[32m2026-04-19 14:18:58[0m | [1mINFO    [0m | [36m__main__[0m — [CSAN3] iniciando ingestão...
[32m2026-04-19 14:18:58[0m | [1mINFO    [0m | [36msrc.ingestion.cvm_downloader[0m — [CSAN3] DFP: baixando 1 ano(s): [2026]
[32m2026-04-19 14:18:58[0m | [1mINFO    [0m | [36msrc.ingestion.cvm_downloader[0m — [DFP 2026] Baixando: https://dados.cvm.gov.br/dados/CIA_ABERTA/DOC/DFP/DADOS/dfp_cia_aberta_2026.zip
[32m2026-04-19 14:18:58[0m | [31m[1mERROR   [0m | [36msrc.ingestion.cvm_downloader[0m — [CSAN3] DFP 2026: [DFP 2026] Não encontrado na CVM (404): https://dados.cvm.gov.br/dados/CIA_ABERTA/DOC/DFP/DADOS/dfp_cia_aberta_2026.zip
[32m2026-04-19 14:18:58[0m | [1mINFO    [0m | [36msrc.ingestion.cvm_downloader[0m — [CSAN3] ITR: todos os anos já disponíveis
[32m2026-04-19 14:18:58[0m | [32m[1mSUCCESS [0m | [36msrc.ingestion.cvm_downloader[0m — [CSAN3] Ingestão CVM concluída — CVM code: 019836
[32m2026-04-19 14:18:58[0m | [1mINFO    [0m | [36m__main__[0m — [CSAN3] CVM: {'DFP': [], 'ITR': []}
[32m2026-04-19 14:18:58[0m | [1mINFO    [0m | [36msrc.ingestion.b3_scraper[0m — [CSAN3] Download completo desde 2019-01-01
[32m2026-04-19 14:18:59[0m | [32m[1mSUCCESS [0m | [36msrc.ingestion.b3_scraper[0m — [CSAN3] 1815 dias salvos em CSAN3.parquet
[32m2026-04-19 14:18:59[0m | [1mINFO    [0m | [36m__main__[0m — [CSAN3] preços: 1815 dias (2019-01-02 → 2026-04-17)
[14:18:59]   ▶ ingest VALE3
/Users/diegocarvalho/Library/Python/3.9/lib/python/site-packages/urllib3/__init__.py:35: NotOpenSSLWarning: urllib3 v2 only supports OpenSSL 1.1.1+, currently the 'ssl' module is compiled with 'LibreSSL 2.8.3'. See: https://github.com/urllib3/urllib3/issues/3020
  warnings.warn(
[32m2026-04-19 14:19:00[0m | [1mINFO    [0m | [36m__main__[0m — [VALE3] iniciando ingestão...
[32m2026-04-19 14:19:00[0m | [1mINFO    [0m | [36msrc.ingestion.cvm_downloader[0m — [VALE3] DFP: baixando 1 ano(s): [2026]
[32m2026-04-19 14:19:00[0m | [1mINFO    [0m | [36msrc.ingestion.cvm_downloader[0m — [DFP 2026] Baixando: https://dados.cvm.gov.br/dados/CIA_ABERTA/DOC/DFP/DADOS/dfp_cia_aberta_2026.zip
[32m2026-04-19 14:19:00[0m | [31m[1mERROR   [0m | [36msrc.ingestion.cvm_downloader[0m — [VALE3] DFP 2026: [DFP 2026] Não encontrado na CVM (404): https://dados.cvm.gov.br/dados/CIA_ABERTA/DOC/DFP/DADOS/dfp_cia_aberta_2026.zip
[32m2026-04-19 14:19:00[0m | [1mINFO    [0m | [36msrc.ingestion.cvm_downloader[0m — [VALE3] ITR: todos os anos já disponíveis
[32m2026-04-19 14:19:00[0m | [32m[1mSUCCESS [0m | [36msrc.ingestion.cvm_downloader[0m — [VALE3] Ingestão CVM concluída — CVM code: 004170
[32m2026-04-19 14:19:00[0m | [1mINFO    [0m | [36m__main__[0m — [VALE3] CVM: {'DFP': [], 'ITR': []}
[32m2026-04-19 14:19:00[0m | [1mINFO    [0m | [36msrc.ingestion.b3_scraper[0m — [VALE3] Download completo desde 2019-01-01
[32m2026-04-19 14:19:01[0m | [32m[1mSUCCESS [0m | [36msrc.ingestion.b3_scraper[0m — [VALE3] 1815 dias salvos em VALE3.parquet
[32m2026-04-19 14:19:01[0m | [1mINFO    [0m | [36m__main__[0m — [VALE3] preços: 1815 dias (2019-01-02 → 2026-04-17)
[14:19:02]   ▶ ingest CMIN3
/Users/diegocarvalho/Library/Python/3.9/lib/python/site-packages/urllib3/__init__.py:35: NotOpenSSLWarning: urllib3 v2 only supports OpenSSL 1.1.1+, currently the 'ssl' module is compiled with 'LibreSSL 2.8.3'. See: https://github.com/urllib3/urllib3/issues/3020
  warnings.warn(
[32m2026-04-19 14:19:02[0m | [1mINFO    [0m | [36m__main__[0m — [CMIN3] iniciando ingestão...
[32m2026-04-19 14:19:02[0m | [1mINFO    [0m | [36msrc.ingestion.cvm_downloader[0m — [CMIN3] DFP: baixando 1 ano(s): [2026]
[32m2026-04-19 14:19:02[0m | [1mINFO    [0m | [36msrc.ingestion.cvm_downloader[0m — [DFP 2026] Baixando: https://dados.cvm.gov.br/dados/CIA_ABERTA/DOC/DFP/DADOS/dfp_cia_aberta_2026.zip
[32m2026-04-19 14:19:02[0m | [31m[1mERROR   [0m | [36msrc.ingestion.cvm_downloader[0m — [CMIN3] DFP 2026: [DFP 2026] Não encontrado na CVM (404): https://dados.cvm.gov.br/dados/CIA_ABERTA/DOC/DFP/DADOS/dfp_cia_aberta_2026.zip
[32m2026-04-19 14:19:02[0m | [1mINFO    [0m | [36msrc.ingestion.cvm_downloader[0m — [CMIN3] ITR: todos os anos já disponíveis
[32m2026-04-19 14:19:02[0m | [32m[1mSUCCESS [0m | [36msrc.ingestion.cvm_downloader[0m — [CMIN3] Ingestão CVM concluída — CVM code: 025585
[32m2026-04-19 14:19:02[0m | [1mINFO    [0m | [36m__main__[0m — [CMIN3] CVM: {'DFP': [], 'ITR': []}
[32m2026-04-19 14:19:02[0m | [1mINFO    [0m | [36msrc.ingestion.b3_scraper[0m — [CMIN3] Download completo desde 2019-01-01
[32m2026-04-19 14:19:03[0m | [32m[1mSUCCESS [0m | [36msrc.ingestion.b3_scraper[0m — [CMIN3] 1287 dias salvos em CMIN3.parquet
[32m2026-04-19 14:19:03[0m | [1mINFO    [0m | [36m__main__[0m — [CMIN3] preços: 1287 dias (2021-02-22 → 2026-04-17)
[14:19:04]   ▶ ingest GGBR4
/Users/diegocarvalho/Library/Python/3.9/lib/python/site-packages/urllib3/__init__.py:35: NotOpenSSLWarning: urllib3 v2 only supports OpenSSL 1.1.1+, currently the 'ssl' module is compiled with 'LibreSSL 2.8.3'. See: https://github.com/urllib3/urllib3/issues/3020
  warnings.warn(
[32m2026-04-19 14:19:04[0m | [1mINFO    [0m | [36m__main__[0m — [GGBR4] iniciando ingestão...
[32m2026-04-19 14:19:04[0m | [1mINFO    [0m | [36msrc.ingestion.cvm_downloader[0m — [GGBR4] DFP: baixando 1 ano(s): [2026]
[32m2026-04-19 14:19:04[0m | [1mINFO    [0m | [36msrc.ingestion.cvm_downloader[0m — [DFP 2026] Baixando: https://dados.cvm.gov.br/dados/CIA_ABERTA/DOC/DFP/DADOS/dfp_cia_aberta_2026.zip
[32m2026-04-19 14:19:04[0m | [31m[1mERROR   [0m | [36msrc.ingestion.cvm_downloader[0m — [GGBR4] DFP 2026: [DFP 2026] Não encontrado na CVM (404): https://dados.cvm.gov.br/dados/CIA_ABERTA/DOC/DFP/DADOS/dfp_cia_aberta_2026.zip
[32m2026-04-19 14:19:04[0m | [1mINFO    [0m | [36msrc.ingestion.cvm_downloader[0m — [GGBR4] ITR: todos os anos já disponíveis
[32m2026-04-19 14:19:04[0m | [32m[1mSUCCESS [0m | [36msrc.ingestion.cvm_downloader[0m — [GGBR4] Ingestão CVM concluída — CVM code: 003980
[32m2026-04-19 14:19:04[0m | [1mINFO    [0m | [36m__main__[0m — [GGBR4] CVM: {'DFP': [], 'ITR': []}
[32m2026-04-19 14:19:04[0m | [1mINFO    [0m | [36msrc.ingestion.b3_scraper[0m — [GGBR4] Download completo desde 2019-01-01
[32m2026-04-19 14:19:06[0m | [32m[1mSUCCESS [0m | [36msrc.ingestion.b3_scraper[0m — [GGBR4] 1815 dias salvos em GGBR4.parquet
[32m2026-04-19 14:19:06[0m | [1mINFO    [0m | [36m__main__[0m — [GGBR4] preços: 1815 dias (2019-01-02 → 2026-04-17)
[14:19:06]   ▶ ingest GOAU4
/Users/diegocarvalho/Library/Python/3.9/lib/python/site-packages/urllib3/__init__.py:35: NotOpenSSLWarning: urllib3 v2 only supports OpenSSL 1.1.1+, currently the 'ssl' module is compiled with 'LibreSSL 2.8.3'. See: https://github.com/urllib3/urllib3/issues/3020
  warnings.warn(
[32m2026-04-19 14:19:06[0m | [1mINFO    [0m | [36m__main__[0m — [GOAU4] iniciando ingestão...
[32m2026-04-19 14:19:06[0m | [1mINFO    [0m | [36msrc.ingestion.cvm_downloader[0m — [GOAU4] DFP: baixando 1 ano(s): [2026]
[32m2026-04-19 14:19:06[0m | [1mINFO    [0m | [36msrc.ingestion.cvm_downloader[0m — [DFP 2026] Baixando: https://dados.cvm.gov.br/dados/CIA_ABERTA/DOC/DFP/DADOS/dfp_cia_aberta_2026.zip
[32m2026-04-19 14:19:06[0m | [31m[1mERROR   [0m | [36msrc.ingestion.cvm_downloader[0m — [GOAU4] DFP 2026: [DFP 2026] Não encontrado na CVM (404): https://dados.cvm.gov.br/dados/CIA_ABERTA/DOC/DFP/DADOS/dfp_cia_aberta_2026.zip
[32m2026-04-19 14:19:06[0m | [1mINFO    [0m | [36msrc.ingestion.cvm_downloader[0m — [GOAU4] ITR: todos os anos já disponíveis
[32m2026-04-19 14:19:06[0m | [32m[1mSUCCESS [0m | [36msrc.ingestion.cvm_downloader[0m — [GOAU4] Ingestão CVM concluída — CVM code: 008656
[32m2026-04-19 14:19:06[0m | [1mINFO    [0m | [36m__main__[0m — [GOAU4] CVM: {'DFP': [], 'ITR': []}
[32m2026-04-19 14:19:06[0m | [1mINFO    [0m | [36msrc.ingestion.b3_scraper[0m — [GOAU4] Download completo desde 2019-01-01
[32m2026-04-19 14:19:09[0m | [32m[1mSUCCESS [0m | [36msrc.ingestion.b3_scraper[0m — [GOAU4] 1815 dias salvos em GOAU4.parquet
[32m2026-04-19 14:19:09[0m | [1mINFO    [0m | [36m__main__[0m — [GOAU4] preços: 1815 dias (2019-01-02 → 2026-04-17)
[14:19:09]   ▶ ingest CSNA3
/Users/diegocarvalho/Library/Python/3.9/lib/python/site-packages/urllib3/__init__.py:35: NotOpenSSLWarning: urllib3 v2 only supports OpenSSL 1.1.1+, currently the 'ssl' module is compiled with 'LibreSSL 2.8.3'. See: https://github.com/urllib3/urllib3/issues/3020
  warnings.warn(
[32m2026-04-19 14:19:09[0m | [1mINFO    [0m | [36m__main__[0m — [CSNA3] iniciando ingestão...
[32m2026-04-19 14:19:09[0m | [1mINFO    [0m | [36msrc.ingestion.cvm_downloader[0m — [CSNA3] DFP: baixando 1 ano(s): [2026]
[32m2026-04-19 14:19:09[0m | [1mINFO    [0m | [36msrc.ingestion.cvm_downloader[0m — [DFP 2026] Baixando: https://dados.cvm.gov.br/dados/CIA_ABERTA/DOC/DFP/DADOS/dfp_cia_aberta_2026.zip
[32m2026-04-19 14:19:10[0m | [31m[1mERROR   [0m | [36msrc.ingestion.cvm_downloader[0m — [CSNA3] DFP 2026: [DFP 2026] Não encontrado na CVM (404): https://dados.cvm.gov.br/dados/CIA_ABERTA/DOC/DFP/DADOS/dfp_cia_aberta_2026.zip
[32m2026-04-19 14:19:10[0m | [1mINFO    [0m | [36msrc.ingestion.cvm_downloader[0m — [CSNA3] ITR: todos os anos já disponíveis
[32m2026-04-19 14:19:10[0m | [32m[1mSUCCESS [0m | [36msrc.ingestion.cvm_downloader[0m — [CSNA3] Ingestão CVM concluída — CVM code: 004030
[32m2026-04-19 14:19:10[0m | [1mINFO    [0m | [36m__main__[0m — [CSNA3] CVM: {'DFP': [], 'ITR': []}
[32m2026-04-19 14:19:10[0m | [1mINFO    [0m | [36msrc.ingestion.b3_scraper[0m — [CSNA3] Download completo desde 2019-01-01
[32m2026-04-19 14:19:12[0m | [32m[1mSUCCESS [0m | [36msrc.ingestion.b3_scraper[0m — [CSNA3] 1815 dias salvos em CSNA3.parquet
[32m2026-04-19 14:19:12[0m | [1mINFO    [0m | [36m__main__[0m — [CSNA3] preços: 1815 dias (2019-01-02 → 2026-04-17)
[14:19:12]   ▶ ingest USIM5
/Users/diegocarvalho/Library/Python/3.9/lib/python/site-packages/urllib3/__init__.py:35: NotOpenSSLWarning: urllib3 v2 only supports OpenSSL 1.1.1+, currently the 'ssl' module is compiled with 'LibreSSL 2.8.3'. See: https://github.com/urllib3/urllib3/issues/3020
  warnings.warn(
[32m2026-04-19 14:19:13[0m | [1mINFO    [0m | [36m__main__[0m — [USIM5] iniciando ingestão...
[32m2026-04-19 14:19:13[0m | [1mINFO    [0m | [36msrc.ingestion.cvm_downloader[0m — [USIM5] DFP: baixando 1 ano(s): [2026]
[32m2026-04-19 14:19:13[0m | [1mINFO    [0m | [36msrc.ingestion.cvm_downloader[0m — [DFP 2026] Baixando: https://dados.cvm.gov.br/dados/CIA_ABERTA/DOC/DFP/DADOS/dfp_cia_aberta_2026.zip
[32m2026-04-19 14:19:13[0m | [31m[1mERROR   [0m | [36msrc.ingestion.cvm_downloader[0m — [USIM5] DFP 2026: [DFP 2026] Não encontrado na CVM (404): https://dados.cvm.gov.br/dados/CIA_ABERTA/DOC/DFP/DADOS/dfp_cia_aberta_2026.zip
[32m2026-04-19 14:19:13[0m | [1mINFO    [0m | [36msrc.ingestion.cvm_downloader[0m — [USIM5] ITR: todos os anos já disponíveis
[32m2026-04-19 14:19:13[0m | [32m[1mSUCCESS [0m | [36msrc.ingestion.cvm_downloader[0m — [USIM5] Ingestão CVM concluída — CVM code: 014320
[32m2026-04-19 14:19:13[0m | [1mINFO    [0m | [36m__main__[0m — [USIM5] CVM: {'DFP': [], 'ITR': []}
[32m2026-04-19 14:19:13[0m | [1mINFO    [0m | [36msrc.ingestion.b3_scraper[0m — [USIM5] Download completo desde 2019-01-01
[32m2026-04-19 14:19:15[0m | [32m[1mSUCCESS [0m | [36msrc.ingestion.b3_scraper[0m — [USIM5] 1815 dias salvos em USIM5.parquet
[32m2026-04-19 14:19:15[0m | [1mINFO    [0m | [36m__main__[0m — [USIM5] preços: 1815 dias (2019-01-02 → 2026-04-17)
[14:19:15]   ▶ ingest BRKM5
/Users/diegocarvalho/Library/Python/3.9/lib/python/site-packages/urllib3/__init__.py:35: NotOpenSSLWarning: urllib3 v2 only supports OpenSSL 1.1.1+, currently the 'ssl' module is compiled with 'LibreSSL 2.8.3'. See: https://github.com/urllib3/urllib3/issues/3020
  warnings.warn(
[32m2026-04-19 14:19:16[0m | [1mINFO    [0m | [36m__main__[0m — [BRKM5] iniciando ingestão...
[32m2026-04-19 14:19:16[0m | [1mINFO    [0m | [36msrc.ingestion.cvm_downloader[0m — [BRKM5] DFP: baixando 1 ano(s): [2026]
[32m2026-04-19 14:19:16[0m | [1mINFO    [0m | [36msrc.ingestion.cvm_downloader[0m — [DFP 2026] Baixando: https://dados.cvm.gov.br/dados/CIA_ABERTA/DOC/DFP/DADOS/dfp_cia_aberta_2026.zip
[32m2026-04-19 14:19:16[0m | [31m[1mERROR   [0m | [36msrc.ingestion.cvm_downloader[0m — [BRKM5] DFP 2026: [DFP 2026] Não encontrado na CVM (404): https://dados.cvm.gov.br/dados/CIA_ABERTA/DOC/DFP/DADOS/dfp_cia_aberta_2026.zip
[32m2026-04-19 14:19:16[0m | [1mINFO    [0m | [36msrc.ingestion.cvm_downloader[0m — [BRKM5] ITR: todos os anos já disponíveis
[32m2026-04-19 14:19:16[0m | [32m[1mSUCCESS [0m | [36msrc.ingestion.cvm_downloader[0m — [BRKM5] Ingestão CVM concluída — CVM code: 004820
[32m2026-04-19 14:19:16[0m | [1mINFO    [0m | [36m__main__[0m — [BRKM5] CVM: {'DFP': [], 'ITR': []}
[32m2026-04-19 14:19:16[0m | [1mINFO    [0m | [36msrc.ingestion.b3_scraper[0m — [BRKM5] Download completo desde 2019-01-01
[32m2026-04-19 14:19:18[0m | [32m[1mSUCCESS [0m | [36msrc.ingestion.b3_scraper[0m — [BRKM5] 1815 dias salvos em BRKM5.parquet
[32m2026-04-19 14:19:18[0m | [1mINFO    [0m | [36m__main__[0m — [BRKM5] preços: 1815 dias (2019-01-02 → 2026-04-17)
[14:19:18]   ▶ ingest ELET3
/Users/diegocarvalho/Library/Python/3.9/lib/python/site-packages/urllib3/__init__.py:35: NotOpenSSLWarning: urllib3 v2 only supports OpenSSL 1.1.1+, currently the 'ssl' module is compiled with 'LibreSSL 2.8.3'. See: https://github.com/urllib3/urllib3/issues/3020
  warnings.warn(
[32m2026-04-19 14:19:18[0m | [1mINFO    [0m | [36m__main__[0m — [ELET3] iniciando ingestão...
[32m2026-04-19 14:19:18[0m | [1mINFO    [0m | [36msrc.ingestion.cvm_downloader[0m — [ELET3] DFP: baixando 1 ano(s): [2026]
[32m2026-04-19 14:19:18[0m | [1mINFO    [0m | [36msrc.ingestion.cvm_downloader[0m — [DFP 2026] Baixando: https://dados.cvm.gov.br/dados/CIA_ABERTA/DOC/DFP/DADOS/dfp_cia_aberta_2026.zip
[32m2026-04-19 14:19:18[0m | [31m[1mERROR   [0m | [36msrc.ingestion.cvm_downloader[0m — [ELET3] DFP 2026: [DFP 2026] Não encontrado na CVM (404): https://dados.cvm.gov.br/dados/CIA_ABERTA/DOC/DFP/DADOS/dfp_cia_aberta_2026.zip
[32m2026-04-19 14:19:18[0m | [1mINFO    [0m | [36msrc.ingestion.cvm_downloader[0m — [ELET3] ITR: todos os anos já disponíveis
[32m2026-04-19 14:19:18[0m | [32m[1mSUCCESS [0m | [36msrc.ingestion.cvm_downloader[0m — [ELET3] Ingestão CVM concluída — CVM code: 001058
[32m2026-04-19 14:19:18[0m | [1mINFO    [0m | [36m__main__[0m — [ELET3] CVM: {'DFP': [], 'ITR': []}
[32m2026-04-19 14:19:18[0m | [1mINFO    [0m | [36msrc.ingestion.b3_scraper[0m — [ELET3] Download completo desde 2019-01-01
HTTP Error 404: {"quoteSummary":{"result":null,"error":{"code":"Not Found","description":"Quote not found for symbol: ELET3.SA"}}}
$ELET3.SA: possibly delisted; no timezone found

1 Failed download:
['ELET3.SA']: possibly delisted; no timezone found
[32m2026-04-19 14:19:21[0m | [33m[1mWARNING [0m | [36msrc.ingestion.b3_scraper[0m — [ELET3] Nenhum dado novo retornado pelo yfinance
[14:19:21]   ▶ ingest CMIG4
/Users/diegocarvalho/Library/Python/3.9/lib/python/site-packages/urllib3/__init__.py:35: NotOpenSSLWarning: urllib3 v2 only supports OpenSSL 1.1.1+, currently the 'ssl' module is compiled with 'LibreSSL 2.8.3'. See: https://github.com/urllib3/urllib3/issues/3020
  warnings.warn(
[32m2026-04-19 14:19:22[0m | [1mINFO    [0m | [36m__main__[0m — [CMIG4] iniciando ingestão...
[32m2026-04-19 14:19:22[0m | [1mINFO    [0m | [36msrc.ingestion.cvm_downloader[0m — [CMIG4] DFP: baixando 1 ano(s): [2026]
[32m2026-04-19 14:19:22[0m | [1mINFO    [0m | [36msrc.ingestion.cvm_downloader[0m — [DFP 2026] Baixando: https://dados.cvm.gov.br/dados/CIA_ABERTA/DOC/DFP/DADOS/dfp_cia_aberta_2026.zip
[32m2026-04-19 14:19:23[0m | [31m[1mERROR   [0m | [36msrc.ingestion.cvm_downloader[0m — [CMIG4] DFP 2026: [DFP 2026] Não encontrado na CVM (404): https://dados.cvm.gov.br/dados/CIA_ABERTA/DOC/DFP/DADOS/dfp_cia_aberta_2026.zip
[32m2026-04-19 14:19:23[0m | [1mINFO    [0m | [36msrc.ingestion.cvm_downloader[0m — [CMIG4] ITR: todos os anos já disponíveis
[32m2026-04-19 14:19:23[0m | [32m[1mSUCCESS [0m | [36msrc.ingestion.cvm_downloader[0m — [CMIG4] Ingestão CVM concluída — CVM code: 002453
[32m2026-04-19 14:19:23[0m | [1mINFO    [0m | [36m__main__[0m — [CMIG4] CVM: {'DFP': [], 'ITR': []}
[32m2026-04-19 14:19:23[0m | [1mINFO    [0m | [36msrc.ingestion.b3_scraper[0m — [CMIG4] Download completo desde 2019-01-01
[32m2026-04-19 14:19:24[0m | [32m[1mSUCCESS [0m | [36msrc.ingestion.b3_scraper[0m — [CMIG4] 1815 dias salvos em CMIG4.parquet
[32m2026-04-19 14:19:24[0m | [1mINFO    [0m | [36m__main__[0m — [CMIG4] preços: 1815 dias (2019-01-02 → 2026-04-17)
[14:19:25]   ▶ ingest CPFE3
/Users/diegocarvalho/Library/Python/3.9/lib/python/site-packages/urllib3/__init__.py:35: NotOpenSSLWarning: urllib3 v2 only supports OpenSSL 1.1.1+, currently the 'ssl' module is compiled with 'LibreSSL 2.8.3'. See: https://github.com/urllib3/urllib3/issues/3020
  warnings.warn(
[32m2026-04-19 14:19:25[0m | [1mINFO    [0m | [36m__main__[0m — [CPFE3] iniciando ingestão...
[32m2026-04-19 14:19:25[0m | [1mINFO    [0m | [36msrc.ingestion.cvm_downloader[0m — [CPFE3] DFP: baixando 1 ano(s): [2026]
[32m2026-04-19 14:19:25[0m | [1mINFO    [0m | [36msrc.ingestion.cvm_downloader[0m — [DFP 2026] Baixando: https://dados.cvm.gov.br/dados/CIA_ABERTA/DOC/DFP/DADOS/dfp_cia_aberta_2026.zip
[32m2026-04-19 14:19:25[0m | [31m[1mERROR   [0m | [36msrc.ingestion.cvm_downloader[0m — [CPFE3] DFP 2026: [DFP 2026] Não encontrado na CVM (404): https://dados.cvm.gov.br/dados/CIA_ABERTA/DOC/DFP/DADOS/dfp_cia_aberta_2026.zip
[32m2026-04-19 14:19:25[0m | [1mINFO    [0m | [36msrc.ingestion.cvm_downloader[0m — [CPFE3] ITR: todos os anos já disponíveis
[32m2026-04-19 14:19:25[0m | [32m[1mSUCCESS [0m | [36msrc.ingestion.cvm_downloader[0m — [CPFE3] Ingestão CVM concluída — CVM code: 018660
[32m2026-04-19 14:19:25[0m | [1mINFO    [0m | [36m__main__[0m — [CPFE3] CVM: {'DFP': [], 'ITR': []}
[32m2026-04-19 14:19:25[0m | [1mINFO    [0m | [36msrc.ingestion.b3_scraper[0m — [CPFE3] Download completo desde 2019-01-01
[32m2026-04-19 14:19:26[0m | [32m[1mSUCCESS [0m | [36msrc.ingestion.b3_scraper[0m — [CPFE3] 1815 dias salvos em CPFE3.parquet
[32m2026-04-19 14:19:26[0m | [1mINFO    [0m | [36m__main__[0m — [CPFE3] preços: 1815 dias (2019-01-02 → 2026-04-17)
[14:19:26]   ▶ ingest CPLE6
/Users/diegocarvalho/Library/Python/3.9/lib/python/site-packages/urllib3/__init__.py:35: NotOpenSSLWarning: urllib3 v2 only supports OpenSSL 1.1.1+, currently the 'ssl' module is compiled with 'LibreSSL 2.8.3'. See: https://github.com/urllib3/urllib3/issues/3020
  warnings.warn(
[32m2026-04-19 14:19:27[0m | [1mINFO    [0m | [36m__main__[0m — [CPLE6] iniciando ingestão...
[32m2026-04-19 14:19:27[0m | [1mINFO    [0m | [36msrc.ingestion.cvm_downloader[0m — [CPLE6] DFP: baixando 1 ano(s): [2026]
[32m2026-04-19 14:19:27[0m | [1mINFO    [0m | [36msrc.ingestion.cvm_downloader[0m — [DFP 2026] Baixando: https://dados.cvm.gov.br/dados/CIA_ABERTA/DOC/DFP/DADOS/dfp_cia_aberta_2026.zip
[32m2026-04-19 14:19:27[0m | [31m[1mERROR   [0m | [36msrc.ingestion.cvm_downloader[0m — [CPLE6] DFP 2026: [DFP 2026] Não encontrado na CVM (404): https://dados.cvm.gov.br/dados/CIA_ABERTA/DOC/DFP/DADOS/dfp_cia_aberta_2026.zip
[32m2026-04-19 14:19:27[0m | [1mINFO    [0m | [36msrc.ingestion.cvm_downloader[0m — [CPLE6] ITR: todos os anos já disponíveis
[32m2026-04-19 14:19:27[0m | [32m[1mSUCCESS [0m | [36msrc.ingestion.cvm_downloader[0m — [CPLE6] Ingestão CVM concluída — CVM code: 014311
[32m2026-04-19 14:19:27[0m | [1mINFO    [0m | [36m__main__[0m — [CPLE6] CVM: {'DFP': [], 'ITR': []}
[32m2026-04-19 14:19:27[0m | [1mINFO    [0m | [36msrc.ingestion.b3_scraper[0m — [CPLE6] Download completo desde 2019-01-01
HTTP Error 404: {"quoteSummary":{"result":null,"error":{"code":"Not Found","description":"Quote not found for symbol: CPLE6.SA"}}}
$CPLE6.SA: possibly delisted; no timezone found

1 Failed download:
['CPLE6.SA']: possibly delisted; no timezone found
[32m2026-04-19 14:19:29[0m | [33m[1mWARNING [0m | [36msrc.ingestion.b3_scraper[0m — [CPLE6] Nenhum dado novo retornado pelo yfinance
[14:19:30]   ▶ ingest EGIE3
/Users/diegocarvalho/Library/Python/3.9/lib/python/site-packages/urllib3/__init__.py:35: NotOpenSSLWarning: urllib3 v2 only supports OpenSSL 1.1.1+, currently the 'ssl' module is compiled with 'LibreSSL 2.8.3'. See: https://github.com/urllib3/urllib3/issues/3020
  warnings.warn(
[32m2026-04-19 14:19:30[0m | [1mINFO    [0m | [36m__main__[0m — [EGIE3] iniciando ingestão...
[32m2026-04-19 14:19:30[0m | [1mINFO    [0m | [36msrc.ingestion.cvm_downloader[0m — [EGIE3] DFP: baixando 1 ano(s): [2026]
[32m2026-04-19 14:19:30[0m | [1mINFO    [0m | [36msrc.ingestion.cvm_downloader[0m — [DFP 2026] Baixando: https://dados.cvm.gov.br/dados/CIA_ABERTA/DOC/DFP/DADOS/dfp_cia_aberta_2026.zip
[32m2026-04-19 14:19:30[0m | [31m[1mERROR   [0m | [36msrc.ingestion.cvm_downloader[0m — [EGIE3] DFP 2026: [DFP 2026] Não encontrado na CVM (404): https://dados.cvm.gov.br/dados/CIA_ABERTA/DOC/DFP/DADOS/dfp_cia_aberta_2026.zip
[32m2026-04-19 14:19:30[0m | [1mINFO    [0m | [36msrc.ingestion.cvm_downloader[0m — [EGIE3] ITR: todos os anos já disponíveis
[32m2026-04-19 14:19:30[0m | [32m[1mSUCCESS [0m | [36msrc.ingestion.cvm_downloader[0m — [EGIE3] Ingestão CVM concluída — CVM code: 017329
[32m2026-04-19 14:19:30[0m | [1mINFO    [0m | [36m__main__[0m — [EGIE3] CVM: {'DFP': [], 'ITR': []}
[32m2026-04-19 14:19:30[0m | [1mINFO    [0m | [36msrc.ingestion.b3_scraper[0m — [EGIE3] Download completo desde 2019-01-01
[32m2026-04-19 14:19:32[0m | [32m[1mSUCCESS [0m | [36msrc.ingestion.b3_scraper[0m — [EGIE3] 1815 dias salvos em EGIE3.parquet
[32m2026-04-19 14:19:32[0m | [1mINFO    [0m | [36m__main__[0m — [EGIE3] preços: 1815 dias (2019-01-02 → 2026-04-17)
[14:19:32]   ▶ ingest ENGI11
/Users/diegocarvalho/Library/Python/3.9/lib/python/site-packages/urllib3/__init__.py:35: NotOpenSSLWarning: urllib3 v2 only supports OpenSSL 1.1.1+, currently the 'ssl' module is compiled with 'LibreSSL 2.8.3'. See: https://github.com/urllib3/urllib3/issues/3020
  warnings.warn(
[32m2026-04-19 14:19:32[0m | [1mINFO    [0m | [36m__main__[0m — [ENGI11] iniciando ingestão...
[32m2026-04-19 14:19:32[0m | [1mINFO    [0m | [36msrc.ingestion.cvm_downloader[0m — [ENGI11] DFP: baixando 1 ano(s): [2026]
[32m2026-04-19 14:19:32[0m | [1mINFO    [0m | [36msrc.ingestion.cvm_downloader[0m — [DFP 2026] Baixando: https://dados.cvm.gov.br/dados/CIA_ABERTA/DOC/DFP/DADOS/dfp_cia_aberta_2026.zip
[32m2026-04-19 14:19:33[0m | [31m[1mERROR   [0m | [36msrc.ingestion.cvm_downloader[0m — [ENGI11] DFP 2026: [DFP 2026] Não encontrado na CVM (404): https://dados.cvm.gov.br/dados/CIA_ABERTA/DOC/DFP/DADOS/dfp_cia_aberta_2026.zip
[32m2026-04-19 14:19:33[0m | [1mINFO    [0m | [36msrc.ingestion.cvm_downloader[0m — [ENGI11] ITR: todos os anos já disponíveis
[32m2026-04-19 14:19:33[0m | [32m[1mSUCCESS [0m | [36msrc.ingestion.cvm_downloader[0m — [ENGI11] Ingestão CVM concluída — CVM code: 015253
[32m2026-04-19 14:19:33[0m | [1mINFO    [0m | [36m__main__[0m — [ENGI11] CVM: {'DFP': [], 'ITR': []}
[32m2026-04-19 14:19:33[0m | [1mINFO    [0m | [36msrc.ingestion.b3_scraper[0m — [ENGI11] Download completo desde 2019-01-01
[32m2026-04-19 14:19:34[0m | [32m[1mSUCCESS [0m | [36msrc.ingestion.b3_scraper[0m — [ENGI11] 1815 dias salvos em ENGI11.parquet
[32m2026-04-19 14:19:34[0m | [1mINFO    [0m | [36m__main__[0m — [ENGI11] preços: 1815 dias (2019-01-02 → 2026-04-17)
[14:19:34]   ▶ ingest EQTL3
/Users/diegocarvalho/Library/Python/3.9/lib/python/site-packages/urllib3/__init__.py:35: NotOpenSSLWarning: urllib3 v2 only supports OpenSSL 1.1.1+, currently the 'ssl' module is compiled with 'LibreSSL 2.8.3'. See: https://github.com/urllib3/urllib3/issues/3020
  warnings.warn(
[32m2026-04-19 14:19:35[0m | [1mINFO    [0m | [36m__main__[0m — [EQTL3] iniciando ingestão...
[32m2026-04-19 14:19:35[0m | [1mINFO    [0m | [36msrc.ingestion.cvm_downloader[0m — [EQTL3] DFP: baixando 1 ano(s): [2026]
[32m2026-04-19 14:19:35[0m | [1mINFO    [0m | [36msrc.ingestion.cvm_downloader[0m — [DFP 2026] Baixando: https://dados.cvm.gov.br/dados/CIA_ABERTA/DOC/DFP/DADOS/dfp_cia_aberta_2026.zip
[32m2026-04-19 14:19:35[0m | [31m[1mERROR   [0m | [36msrc.ingestion.cvm_downloader[0m — [EQTL3] DFP 2026: [DFP 2026] Não encontrado na CVM (404): https://dados.cvm.gov.br/dados/CIA_ABERTA/DOC/DFP/DADOS/dfp_cia_aberta_2026.zip
[32m2026-04-19 14:19:35[0m | [1mINFO    [0m | [36msrc.ingestion.cvm_downloader[0m — [EQTL3] ITR: todos os anos já disponíveis
[32m2026-04-19 14:19:35[0m | [32m[1mSUCCESS [0m | [36msrc.ingestion.cvm_downloader[0m — [EQTL3] Ingestão CVM concluída — CVM code: 027553
[32m2026-04-19 14:19:35[0m | [1mINFO    [0m | [36m__main__[0m — [EQTL3] CVM: {'DFP': [], 'ITR': []}
[32m2026-04-19 14:19:35[0m | [1mINFO    [0m | [36msrc.ingestion.b3_scraper[0m — [EQTL3] Download completo desde 2019-01-01
[32m2026-04-19 14:19:37[0m | [32m[1mSUCCESS [0m | [36msrc.ingestion.b3_scraper[0m — [EQTL3] 1815 dias salvos em EQTL3.parquet
[32m2026-04-19 14:19:37[0m | [1mINFO    [0m | [36m__main__[0m — [EQTL3] preços: 1815 dias (2019-01-02 → 2026-04-17)
[14:19:37]   ▶ ingest AURE3
/Users/diegocarvalho/Library/Python/3.9/lib/python/site-packages/urllib3/__init__.py:35: NotOpenSSLWarning: urllib3 v2 only supports OpenSSL 1.1.1+, currently the 'ssl' module is compiled with 'LibreSSL 2.8.3'. See: https://github.com/urllib3/urllib3/issues/3020
  warnings.warn(
[32m2026-04-19 14:19:37[0m | [1mINFO    [0m | [36m__main__[0m — [AURE3] iniciando ingestão...
[32m2026-04-19 14:19:37[0m | [1mINFO    [0m | [36msrc.ingestion.cvm_downloader[0m — [AURE3] DFP: baixando 1 ano(s): [2026]
[32m2026-04-19 14:19:37[0m | [1mINFO    [0m | [36msrc.ingestion.cvm_downloader[0m — [DFP 2026] Baixando: https://dados.cvm.gov.br/dados/CIA_ABERTA/DOC/DFP/DADOS/dfp_cia_aberta_2026.zip
[32m2026-04-19 14:19:37[0m | [31m[1mERROR   [0m | [36msrc.ingestion.cvm_downloader[0m — [AURE3] DFP 2026: [DFP 2026] Não encontrado na CVM (404): https://dados.cvm.gov.br/dados/CIA_ABERTA/DOC/DFP/DADOS/dfp_cia_aberta_2026.zip
[32m2026-04-19 14:19:37[0m | [1mINFO    [0m | [36msrc.ingestion.cvm_downloader[0m — [AURE3] ITR: todos os anos já disponíveis
[32m2026-04-19 14:19:37[0m | [32m[1mSUCCESS [0m | [36msrc.ingestion.cvm_downloader[0m — [AURE3] Ingestão CVM concluída — CVM code: 026620
[32m2026-04-19 14:19:37[0m | [1mINFO    [0m | [36m__main__[0m — [AURE3] CVM: {'DFP': [], 'ITR': []}
[32m2026-04-19 14:19:37[0m | [1mINFO    [0m | [36msrc.ingestion.b3_scraper[0m — [AURE3] Download completo desde 2019-01-01
[32m2026-04-19 14:19:39[0m | [32m[1mSUCCESS [0m | [36msrc.ingestion.b3_scraper[0m — [AURE3] 1014 dias salvos em AURE3.parquet
[32m2026-04-19 14:19:39[0m | [1mINFO    [0m | [36m__main__[0m — [AURE3] preços: 1014 dias (2022-03-28 → 2026-04-17)
[14:19:39]   ▶ ingest ISAE4
/Users/diegocarvalho/Library/Python/3.9/lib/python/site-packages/urllib3/__init__.py:35: NotOpenSSLWarning: urllib3 v2 only supports OpenSSL 1.1.1+, currently the 'ssl' module is compiled with 'LibreSSL 2.8.3'. See: https://github.com/urllib3/urllib3/issues/3020
  warnings.warn(
[32m2026-04-19 14:19:39[0m | [1mINFO    [0m | [36m__main__[0m — [ISAE4] iniciando ingestão...
[32m2026-04-19 14:19:39[0m | [1mINFO    [0m | [36msrc.ingestion.cvm_downloader[0m — [ISAE4] DFP: baixando 1 ano(s): [2026]
[32m2026-04-19 14:19:39[0m | [1mINFO    [0m | [36msrc.ingestion.cvm_downloader[0m — [DFP 2026] Baixando: https://dados.cvm.gov.br/dados/CIA_ABERTA/DOC/DFP/DADOS/dfp_cia_aberta_2026.zip
[32m2026-04-19 14:19:39[0m | [31m[1mERROR   [0m | [36msrc.ingestion.cvm_downloader[0m — [ISAE4] DFP 2026: [DFP 2026] Não encontrado na CVM (404): https://dados.cvm.gov.br/dados/CIA_ABERTA/DOC/DFP/DADOS/dfp_cia_aberta_2026.zip
[32m2026-04-19 14:19:39[0m | [1mINFO    [0m | [36msrc.ingestion.cvm_downloader[0m — [ISAE4] ITR: todos os anos já disponíveis
[32m2026-04-19 14:19:39[0m | [32m[1mSUCCESS [0m | [36msrc.ingestion.cvm_downloader[0m — [ISAE4] Ingestão CVM concluída — CVM code: 018376
[32m2026-04-19 14:19:39[0m | [1mINFO    [0m | [36m__main__[0m — [ISAE4] CVM: {'DFP': [], 'ITR': []}
[32m2026-04-19 14:19:39[0m | [1mINFO    [0m | [36msrc.ingestion.b3_scraper[0m — [ISAE4] Download completo desde 2019-01-01
[32m2026-04-19 14:19:41[0m | [32m[1mSUCCESS [0m | [36msrc.ingestion.b3_scraper[0m — [ISAE4] 1813 dias salvos em ISAE4.parquet
[32m2026-04-19 14:19:41[0m | [1mINFO    [0m | [36m__main__[0m — [ISAE4] preços: 1813 dias (2019-01-02 → 2026-04-17)
[14:19:41]   ▶ ingest TAEE11
/Users/diegocarvalho/Library/Python/3.9/lib/python/site-packages/urllib3/__init__.py:35: NotOpenSSLWarning: urllib3 v2 only supports OpenSSL 1.1.1+, currently the 'ssl' module is compiled with 'LibreSSL 2.8.3'. See: https://github.com/urllib3/urllib3/issues/3020
  warnings.warn(
[32m2026-04-19 14:19:41[0m | [1mINFO    [0m | [36m__main__[0m — [TAEE11] iniciando ingestão...
[32m2026-04-19 14:19:41[0m | [1mINFO    [0m | [36msrc.ingestion.cvm_downloader[0m — [TAEE11] DFP: baixando 1 ano(s): [2026]
[32m2026-04-19 14:19:41[0m | [1mINFO    [0m | [36msrc.ingestion.cvm_downloader[0m — [DFP 2026] Baixando: https://dados.cvm.gov.br/dados/CIA_ABERTA/DOC/DFP/DADOS/dfp_cia_aberta_2026.zip
[32m2026-04-19 14:19:42[0m | [31m[1mERROR   [0m | [36msrc.ingestion.cvm_downloader[0m — [TAEE11] DFP 2026: [DFP 2026] Não encontrado na CVM (404): https://dados.cvm.gov.br/dados/CIA_ABERTA/DOC/DFP/DADOS/dfp_cia_aberta_2026.zip
[32m2026-04-19 14:19:42[0m | [1mINFO    [0m | [36msrc.ingestion.cvm_downloader[0m — [TAEE11] ITR: todos os anos já disponíveis
[32m2026-04-19 14:19:42[0m | [32m[1mSUCCESS [0m | [36msrc.ingestion.cvm_downloader[0m — [TAEE11] Ingestão CVM concluída — CVM code: 023582
[32m2026-04-19 14:19:42[0m | [1mINFO    [0m | [36m__main__[0m — [TAEE11] CVM: {'DFP': [], 'ITR': []}
[32m2026-04-19 14:19:42[0m | [1mINFO    [0m | [36msrc.ingestion.b3_scraper[0m — [TAEE11] Download completo desde 2019-01-01
[32m2026-04-19 14:19:43[0m | [32m[1mSUCCESS [0m | [36msrc.ingestion.b3_scraper[0m — [TAEE11] 1815 dias salvos em TAEE11.parquet
[32m2026-04-19 14:19:43[0m | [1mINFO    [0m | [36m__main__[0m — [TAEE11] preços: 1815 dias (2019-01-02 → 2026-04-17)
[14:19:43]   ▶ ingest SBSP3
/Users/diegocarvalho/Library/Python/3.9/lib/python/site-packages/urllib3/__init__.py:35: NotOpenSSLWarning: urllib3 v2 only supports OpenSSL 1.1.1+, currently the 'ssl' module is compiled with 'LibreSSL 2.8.3'. See: https://github.com/urllib3/urllib3/issues/3020
  warnings.warn(
[32m2026-04-19 14:19:44[0m | [1mINFO    [0m | [36m__main__[0m — [SBSP3] iniciando ingestão...
[32m2026-04-19 14:19:44[0m | [1mINFO    [0m | [36msrc.ingestion.cvm_downloader[0m — [SBSP3] DFP: baixando 1 ano(s): [2026]
[32m2026-04-19 14:19:44[0m | [1mINFO    [0m | [36msrc.ingestion.cvm_downloader[0m — [DFP 2026] Baixando: https://dados.cvm.gov.br/dados/CIA_ABERTA/DOC/DFP/DADOS/dfp_cia_aberta_2026.zip
[32m2026-04-19 14:19:44[0m | [31m[1mERROR   [0m | [36msrc.ingestion.cvm_downloader[0m — [SBSP3] DFP 2026: [DFP 2026] Não encontrado na CVM (404): https://dados.cvm.gov.br/dados/CIA_ABERTA/DOC/DFP/DADOS/dfp_cia_aberta_2026.zip
[32m2026-04-19 14:19:44[0m | [1mINFO    [0m | [36msrc.ingestion.cvm_downloader[0m — [SBSP3] ITR: todos os anos já disponíveis
[32m2026-04-19 14:19:44[0m | [32m[1mSUCCESS [0m | [36msrc.ingestion.cvm_downloader[0m — [SBSP3] Ingestão CVM concluída — CVM code: 014443
[32m2026-04-19 14:19:44[0m | [1mINFO    [0m | [36m__main__[0m — [SBSP3] CVM: {'DFP': [], 'ITR': []}
[32m2026-04-19 14:19:44[0m | [1mINFO    [0m | [36msrc.ingestion.b3_scraper[0m — [SBSP3] Download completo desde 2019-01-01
[32m2026-04-19 14:19:45[0m | [32m[1mSUCCESS [0m | [36msrc.ingestion.b3_scraper[0m — [SBSP3] 1815 dias salvos em SBSP3.parquet
[32m2026-04-19 14:19:45[0m | [1mINFO    [0m | [36m__main__[0m — [SBSP3] preços: 1815 dias (2019-01-02 → 2026-04-17)
[14:19:45]   ▶ ingest VIVT3
/Users/diegocarvalho/Library/Python/3.9/lib/python/site-packages/urllib3/__init__.py:35: NotOpenSSLWarning: urllib3 v2 only supports OpenSSL 1.1.1+, currently the 'ssl' module is compiled with 'LibreSSL 2.8.3'. See: https://github.com/urllib3/urllib3/issues/3020
  warnings.warn(
[32m2026-04-19 14:19:46[0m | [1mINFO    [0m | [36m__main__[0m — [VIVT3] iniciando ingestão...
[32m2026-04-19 14:19:46[0m | [1mINFO    [0m | [36msrc.ingestion.cvm_downloader[0m — [VIVT3] DFP: baixando 1 ano(s): [2026]
[32m2026-04-19 14:19:46[0m | [1mINFO    [0m | [36msrc.ingestion.cvm_downloader[0m — [DFP 2026] Baixando: https://dados.cvm.gov.br/dados/CIA_ABERTA/DOC/DFP/DADOS/dfp_cia_aberta_2026.zip
[32m2026-04-19 14:19:46[0m | [31m[1mERROR   [0m | [36msrc.ingestion.cvm_downloader[0m — [VIVT3] DFP 2026: [DFP 2026] Não encontrado na CVM (404): https://dados.cvm.gov.br/dados/CIA_ABERTA/DOC/DFP/DADOS/dfp_cia_aberta_2026.zip
[32m2026-04-19 14:19:46[0m | [1mINFO    [0m | [36msrc.ingestion.cvm_downloader[0m — [VIVT3] ITR: todos os anos já disponíveis
[32m2026-04-19 14:19:46[0m | [32m[1mSUCCESS [0m | [36msrc.ingestion.cvm_downloader[0m — [VIVT3] Ingestão CVM concluída — CVM code: 011258
[32m2026-04-19 14:19:46[0m | [1mINFO    [0m | [36m__main__[0m — [VIVT3] CVM: {'DFP': [], 'ITR': []}
[32m2026-04-19 14:19:46[0m | [1mINFO    [0m | [36msrc.ingestion.b3_scraper[0m — [VIVT3] Download completo desde 2019-01-01
[32m2026-04-19 14:19:47[0m | [32m[1mSUCCESS [0m | [36msrc.ingestion.b3_scraper[0m — [VIVT3] 1815 dias salvos em VIVT3.parquet
[32m2026-04-19 14:19:47[0m | [1mINFO    [0m | [36m__main__[0m — [VIVT3] preços: 1815 dias (2019-01-02 → 2026-04-17)
[14:19:47]   ▶ ingest TIMS3
/Users/diegocarvalho/Library/Python/3.9/lib/python/site-packages/urllib3/__init__.py:35: NotOpenSSLWarning: urllib3 v2 only supports OpenSSL 1.1.1+, currently the 'ssl' module is compiled with 'LibreSSL 2.8.3'. See: https://github.com/urllib3/urllib3/issues/3020
  warnings.warn(
[32m2026-04-19 14:19:48[0m | [1mINFO    [0m | [36m__main__[0m — [TIMS3] iniciando ingestão...
[32m2026-04-19 14:19:48[0m | [1mINFO    [0m | [36msrc.ingestion.cvm_downloader[0m — [TIMS3] DFP: baixando 1 ano(s): [2026]
[32m2026-04-19 14:19:48[0m | [1mINFO    [0m | [36msrc.ingestion.cvm_downloader[0m — [DFP 2026] Baixando: https://dados.cvm.gov.br/dados/CIA_ABERTA/DOC/DFP/DADOS/dfp_cia_aberta_2026.zip
[32m2026-04-19 14:19:48[0m | [31m[1mERROR   [0m | [36msrc.ingestion.cvm_downloader[0m — [TIMS3] DFP 2026: [DFP 2026] Não encontrado na CVM (404): https://dados.cvm.gov.br/dados/CIA_ABERTA/DOC/DFP/DADOS/dfp_cia_aberta_2026.zip
[32m2026-04-19 14:19:48[0m | [1mINFO    [0m | [36msrc.ingestion.cvm_downloader[0m — [TIMS3] ITR: todos os anos já disponíveis
[32m2026-04-19 14:19:48[0m | [32m[1mSUCCESS [0m | [36msrc.ingestion.cvm_downloader[0m — [TIMS3] Ingestão CVM concluída — CVM code: 024929
[32m2026-04-19 14:19:48[0m | [1mINFO    [0m | [36m__main__[0m — [TIMS3] CVM: {'DFP': [], 'ITR': []}
[32m2026-04-19 14:19:48[0m | [1mINFO    [0m | [36msrc.ingestion.b3_scraper[0m — [TIMS3] Download completo desde 2019-01-01
[32m2026-04-19 14:19:49[0m | [32m[1mSUCCESS [0m | [36msrc.ingestion.b3_scraper[0m — [TIMS3] 1815 dias salvos em TIMS3.parquet
[32m2026-04-19 14:19:49[0m | [1mINFO    [0m | [36m__main__[0m — [TIMS3] preços: 1815 dias (2019-01-02 → 2026-04-17)
[14:19:49]   ▶ ingest WEGE3
/Users/diegocarvalho/Library/Python/3.9/lib/python/site-packages/urllib3/__init__.py:35: NotOpenSSLWarning: urllib3 v2 only supports OpenSSL 1.1.1+, currently the 'ssl' module is compiled with 'LibreSSL 2.8.3'. See: https://github.com/urllib3/urllib3/issues/3020
  warnings.warn(
[32m2026-04-19 14:19:50[0m | [1mINFO    [0m | [36m__main__[0m — [WEGE3] iniciando ingestão...
[32m2026-04-19 14:19:50[0m | [1mINFO    [0m | [36msrc.ingestion.cvm_downloader[0m — [WEGE3] DFP: baixando 1 ano(s): [2026]
[32m2026-04-19 14:19:50[0m | [1mINFO    [0m | [36msrc.ingestion.cvm_downloader[0m — [DFP 2026] Baixando: https://dados.cvm.gov.br/dados/CIA_ABERTA/DOC/DFP/DADOS/dfp_cia_aberta_2026.zip
[32m2026-04-19 14:19:50[0m | [31m[1mERROR   [0m | [36msrc.ingestion.cvm_downloader[0m — [WEGE3] DFP 2026: [DFP 2026] Não encontrado na CVM (404): https://dados.cvm.gov.br/dados/CIA_ABERTA/DOC/DFP/DADOS/dfp_cia_aberta_2026.zip
[32m2026-04-19 14:19:50[0m | [1mINFO    [0m | [36msrc.ingestion.cvm_downloader[0m — [WEGE3] ITR: todos os anos já disponíveis
[32m2026-04-19 14:19:50[0m | [32m[1mSUCCESS [0m | [36msrc.ingestion.cvm_downloader[0m — [WEGE3] Ingestão CVM concluída — CVM code: 005410
[32m2026-04-19 14:19:50[0m | [1mINFO    [0m | [36m__main__[0m — [WEGE3] CVM: {'DFP': [], 'ITR': []}
[32m2026-04-19 14:19:50[0m | [1mINFO    [0m | [36msrc.ingestion.b3_scraper[0m — [WEGE3] Download incremental de 2026-04-18 até hoje
[32m2026-04-19 14:19:52[0m | [32m[1mSUCCESS [0m | [36msrc.ingestion.b3_scraper[0m — [WEGE3] 574 dias salvos em WEGE3.parquet
[32m2026-04-19 14:19:52[0m | [1mINFO    [0m | [36m__main__[0m — [WEGE3] preços: 574 dias (2024-01-02 → 2026-04-17)
[14:19:52]   ▶ ingest EMBR3
/Users/diegocarvalho/Library/Python/3.9/lib/python/site-packages/urllib3/__init__.py:35: NotOpenSSLWarning: urllib3 v2 only supports OpenSSL 1.1.1+, currently the 'ssl' module is compiled with 'LibreSSL 2.8.3'. See: https://github.com/urllib3/urllib3/issues/3020
  warnings.warn(
[32m2026-04-19 14:19:52[0m | [1mINFO    [0m | [36m__main__[0m — [EMBR3] iniciando ingestão...
[32m2026-04-19 14:19:52[0m | [1mINFO    [0m | [36msrc.ingestion.cvm_downloader[0m — [EMBR3] DFP: baixando 1 ano(s): [2026]
[32m2026-04-19 14:19:52[0m | [1mINFO    [0m | [36msrc.ingestion.cvm_downloader[0m — [DFP 2026] Baixando: https://dados.cvm.gov.br/dados/CIA_ABERTA/DOC/DFP/DADOS/dfp_cia_aberta_2026.zip
[32m2026-04-19 14:19:53[0m | [31m[1mERROR   [0m | [36msrc.ingestion.cvm_downloader[0m — [EMBR3] DFP 2026: [DFP 2026] Não encontrado na CVM (404): https://dados.cvm.gov.br/dados/CIA_ABERTA/DOC/DFP/DADOS/dfp_cia_aberta_2026.zip
[32m2026-04-19 14:19:53[0m | [1mINFO    [0m | [36msrc.ingestion.cvm_downloader[0m — [EMBR3] ITR: todos os anos já disponíveis
[32m2026-04-19 14:19:53[0m | [32m[1mSUCCESS [0m | [36msrc.ingestion.cvm_downloader[0m — [EMBR3] Ingestão CVM concluída — CVM code: 020087
[32m2026-04-19 14:19:53[0m | [1mINFO    [0m | [36m__main__[0m — [EMBR3] CVM: {'DFP': [], 'ITR': []}
[32m2026-04-19 14:19:53[0m | [1mINFO    [0m | [36msrc.ingestion.b3_scraper[0m — [EMBR3] Download completo desde 2019-01-01
HTTP Error 404: {"quoteSummary":{"result":null,"error":{"code":"Not Found","description":"Quote not found for symbol: EMBR3.SA"}}}
$EMBR3.SA: possibly delisted; no timezone found

1 Failed download:
['EMBR3.SA']: possibly delisted; no timezone found
[32m2026-04-19 14:19:56[0m | [33m[1mWARNING [0m | [36msrc.ingestion.b3_scraper[0m — [EMBR3] Nenhum dado novo retornado pelo yfinance
[14:19:56]   ▶ ingest POMO4
/Users/diegocarvalho/Library/Python/3.9/lib/python/site-packages/urllib3/__init__.py:35: NotOpenSSLWarning: urllib3 v2 only supports OpenSSL 1.1.1+, currently the 'ssl' module is compiled with 'LibreSSL 2.8.3'. See: https://github.com/urllib3/urllib3/issues/3020
  warnings.warn(
[32m2026-04-19 14:19:56[0m | [1mINFO    [0m | [36m__main__[0m — [POMO4] iniciando ingestão...
[32m2026-04-19 14:19:56[0m | [1mINFO    [0m | [36msrc.ingestion.cvm_downloader[0m — [POMO4] DFP: baixando 1 ano(s): [2026]
[32m2026-04-19 14:19:56[0m | [1mINFO    [0m | [36msrc.ingestion.cvm_downloader[0m — [DFP 2026] Baixando: https://dados.cvm.gov.br/dados/CIA_ABERTA/DOC/DFP/DADOS/dfp_cia_aberta_2026.zip
[32m2026-04-19 14:19:56[0m | [31m[1mERROR   [0m | [36msrc.ingestion.cvm_downloader[0m — [POMO4] DFP 2026: [DFP 2026] Não encontrado na CVM (404): https://dados.cvm.gov.br/dados/CIA_ABERTA/DOC/DFP/DADOS/dfp_cia_aberta_2026.zip
[32m2026-04-19 14:19:56[0m | [1mINFO    [0m | [36msrc.ingestion.cvm_downloader[0m — [POMO4] ITR: todos os anos já disponíveis
[32m2026-04-19 14:19:56[0m | [32m[1mSUCCESS [0m | [36msrc.ingestion.cvm_downloader[0m — [POMO4] Ingestão CVM concluída — CVM code: 008451
[32m2026-04-19 14:19:56[0m | [1mINFO    [0m | [36m__main__[0m — [POMO4] CVM: {'DFP': [], 'ITR': []}
[32m2026-04-19 14:19:56[0m | [1mINFO    [0m | [36msrc.ingestion.b3_scraper[0m — [POMO4] Download completo desde 2019-01-01
[32m2026-04-19 14:19:58[0m | [32m[1mSUCCESS [0m | [36msrc.ingestion.b3_scraper[0m — [POMO4] 1815 dias salvos em POMO4.parquet
[32m2026-04-19 14:19:58[0m | [1mINFO    [0m | [36m__main__[0m — [POMO4] preços: 1815 dias (2019-01-02 → 2026-04-17)
[14:19:58]   ▶ ingest STBP3
/Users/diegocarvalho/Library/Python/3.9/lib/python/site-packages/urllib3/__init__.py:35: NotOpenSSLWarning: urllib3 v2 only supports OpenSSL 1.1.1+, currently the 'ssl' module is compiled with 'LibreSSL 2.8.3'. See: https://github.com/urllib3/urllib3/issues/3020
  warnings.warn(
[32m2026-04-19 14:19:58[0m | [1mINFO    [0m | [36m__main__[0m — [STBP3] iniciando ingestão...
[32m2026-04-19 14:19:58[0m | [1mINFO    [0m | [36msrc.ingestion.cvm_downloader[0m — [STBP3] DFP: baixando 1 ano(s): [2026]
[32m2026-04-19 14:19:58[0m | [1mINFO    [0m | [36msrc.ingestion.cvm_downloader[0m — [DFP 2026] Baixando: https://dados.cvm.gov.br/dados/CIA_ABERTA/DOC/DFP/DADOS/dfp_cia_aberta_2026.zip
[32m2026-04-19 14:19:59[0m | [31m[1mERROR   [0m | [36msrc.ingestion.cvm_downloader[0m — [STBP3] DFP 2026: [DFP 2026] Não encontrado na CVM (404): https://dados.cvm.gov.br/dados/CIA_ABERTA/DOC/DFP/DADOS/dfp_cia_aberta_2026.zip
[32m2026-04-19 14:19:59[0m | [1mINFO    [0m | [36msrc.ingestion.cvm_downloader[0m — [STBP3] ITR: todos os anos já disponíveis
[32m2026-04-19 14:19:59[0m | [32m[1mSUCCESS [0m | [36msrc.ingestion.cvm_downloader[0m — [STBP3] Ingestão CVM concluída — CVM code: 017892
[32m2026-04-19 14:19:59[0m | [1mINFO    [0m | [36m__main__[0m — [STBP3] CVM: {'DFP': [], 'ITR': []}
[32m2026-04-19 14:19:59[0m | [1mINFO    [0m | [36msrc.ingestion.b3_scraper[0m — [STBP3] Download completo desde 2019-01-01
HTTP Error 404: {"quoteSummary":{"result":null,"error":{"code":"Not Found","description":"Quote not found for symbol: STBP3.SA"}}}
$STBP3.SA: possibly delisted; no timezone found

1 Failed download:
['STBP3.SA']: possibly delisted; no timezone found
[32m2026-04-19 14:20:02[0m | [33m[1mWARNING [0m | [36msrc.ingestion.b3_scraper[0m — [STBP3] Nenhum dado novo retornado pelo yfinance
[14:20:02]   ▶ ingest CCRO3
/Users/diegocarvalho/Library/Python/3.9/lib/python/site-packages/urllib3/__init__.py:35: NotOpenSSLWarning: urllib3 v2 only supports OpenSSL 1.1.1+, currently the 'ssl' module is compiled with 'LibreSSL 2.8.3'. See: https://github.com/urllib3/urllib3/issues/3020
  warnings.warn(
[32m2026-04-19 14:20:02[0m | [1mINFO    [0m | [36m__main__[0m — [CCRO3] iniciando ingestão...
[32m2026-04-19 14:20:02[0m | [1mINFO    [0m | [36msrc.ingestion.cvm_downloader[0m — [CCRO3] DFP: baixando 1 ano(s): [2026]
[32m2026-04-19 14:20:02[0m | [1mINFO    [0m | [36msrc.ingestion.cvm_downloader[0m — [DFP 2026] Baixando: https://dados.cvm.gov.br/dados/CIA_ABERTA/DOC/DFP/DADOS/dfp_cia_aberta_2026.zip
[32m2026-04-19 14:20:03[0m | [31m[1mERROR   [0m | [36msrc.ingestion.cvm_downloader[0m — [CCRO3] DFP 2026: [DFP 2026] Não encontrado na CVM (404): https://dados.cvm.gov.br/dados/CIA_ABERTA/DOC/DFP/DADOS/dfp_cia_aberta_2026.zip
[32m2026-04-19 14:20:03[0m | [1mINFO    [0m | [36msrc.ingestion.cvm_downloader[0m — [CCRO3] ITR: todos os anos já disponíveis
[32m2026-04-19 14:20:03[0m | [32m[1mSUCCESS [0m | [36msrc.ingestion.cvm_downloader[0m — [CCRO3] Ingestão CVM concluída — CVM code: 009601
[32m2026-04-19 14:20:03[0m | [1mINFO    [0m | [36m__main__[0m — [CCRO3] CVM: {'DFP': [], 'ITR': []}
[32m2026-04-19 14:20:03[0m | [1mINFO    [0m | [36msrc.ingestion.b3_scraper[0m — [CCRO3] Download completo desde 2019-01-01
$CCRO3.SA: possibly delisted; no timezone found

1 Failed download:
['CCRO3.SA']: possibly delisted; no timezone found
[32m2026-04-19 14:20:05[0m | [33m[1mWARNING [0m | [36msrc.ingestion.b3_scraper[0m — [CCRO3] Nenhum dado novo retornado pelo yfinance
[14:20:05]   ▶ ingest RAIL3
/Users/diegocarvalho/Library/Python/3.9/lib/python/site-packages/urllib3/__init__.py:35: NotOpenSSLWarning: urllib3 v2 only supports OpenSSL 1.1.1+, currently the 'ssl' module is compiled with 'LibreSSL 2.8.3'. See: https://github.com/urllib3/urllib3/issues/3020
  warnings.warn(
[32m2026-04-19 14:20:05[0m | [1mINFO    [0m | [36m__main__[0m — [RAIL3] iniciando ingestão...
[32m2026-04-19 14:20:05[0m | [1mINFO    [0m | [36msrc.ingestion.cvm_downloader[0m — [RAIL3] DFP: baixando 1 ano(s): [2026]
[32m2026-04-19 14:20:05[0m | [1mINFO    [0m | [36msrc.ingestion.cvm_downloader[0m — [DFP 2026] Baixando: https://dados.cvm.gov.br/dados/CIA_ABERTA/DOC/DFP/DADOS/dfp_cia_aberta_2026.zip
[32m2026-04-19 14:20:05[0m | [31m[1mERROR   [0m | [36msrc.ingestion.cvm_downloader[0m — [RAIL3] DFP 2026: [DFP 2026] Não encontrado na CVM (404): https://dados.cvm.gov.br/dados/CIA_ABERTA/DOC/DFP/DADOS/dfp_cia_aberta_2026.zip
[32m2026-04-19 14:20:05[0m | [1mINFO    [0m | [36msrc.ingestion.cvm_downloader[0m — [RAIL3] ITR: todos os anos já disponíveis
[32m2026-04-19 14:20:05[0m | [32m[1mSUCCESS [0m | [36msrc.ingestion.cvm_downloader[0m — [RAIL3] Ingestão CVM concluída — CVM code: 017450
[32m2026-04-19 14:20:05[0m | [1mINFO    [0m | [36m__main__[0m — [RAIL3] CVM: {'DFP': [], 'ITR': []}
[32m2026-04-19 14:20:05[0m | [1mINFO    [0m | [36msrc.ingestion.b3_scraper[0m — [RAIL3] Download completo desde 2019-01-01
[32m2026-04-19 14:20:07[0m | [32m[1mSUCCESS [0m | [36msrc.ingestion.b3_scraper[0m — [RAIL3] 1815 dias salvos em RAIL3.parquet
[32m2026-04-19 14:20:07[0m | [1mINFO    [0m | [36m__main__[0m — [RAIL3] preços: 1815 dias (2019-01-02 → 2026-04-17)
[14:20:07]   ▶ ingest UGPA3
/Users/diegocarvalho/Library/Python/3.9/lib/python/site-packages/urllib3/__init__.py:35: NotOpenSSLWarning: urllib3 v2 only supports OpenSSL 1.1.1+, currently the 'ssl' module is compiled with 'LibreSSL 2.8.3'. See: https://github.com/urllib3/urllib3/issues/3020
  warnings.warn(
[32m2026-04-19 14:20:07[0m | [1mINFO    [0m | [36m__main__[0m — [UGPA3] iniciando ingestão...
[32m2026-04-19 14:20:07[0m | [1mINFO    [0m | [36msrc.ingestion.cvm_downloader[0m — [UGPA3] DFP: baixando 1 ano(s): [2026]
[32m2026-04-19 14:20:07[0m | [1mINFO    [0m | [36msrc.ingestion.cvm_downloader[0m — [DFP 2026] Baixando: https://dados.cvm.gov.br/dados/CIA_ABERTA/DOC/DFP/DADOS/dfp_cia_aberta_2026.zip
[32m2026-04-19 14:20:08[0m | [31m[1mERROR   [0m | [36msrc.ingestion.cvm_downloader[0m — [UGPA3] DFP 2026: [DFP 2026] Não encontrado na CVM (404): https://dados.cvm.gov.br/dados/CIA_ABERTA/DOC/DFP/DADOS/dfp_cia_aberta_2026.zip
[32m2026-04-19 14:20:08[0m | [1mINFO    [0m | [36msrc.ingestion.cvm_downloader[0m — [UGPA3] ITR: todos os anos já disponíveis
[32m2026-04-19 14:20:08[0m | [32m[1mSUCCESS [0m | [36msrc.ingestion.cvm_downloader[0m — [UGPA3] Ingestão CVM concluída — CVM code: 018465
[32m2026-04-19 14:20:08[0m | [1mINFO    [0m | [36m__main__[0m — [UGPA3] CVM: {'DFP': [], 'ITR': []}
[32m2026-04-19 14:20:08[0m | [1mINFO    [0m | [36msrc.ingestion.b3_scraper[0m — [UGPA3] Download completo desde 2019-01-01
[32m2026-04-19 14:20:10[0m | [32m[1mSUCCESS [0m | [36msrc.ingestion.b3_scraper[0m — [UGPA3] 1815 dias salvos em UGPA3.parquet
[32m2026-04-19 14:20:10[0m | [1mINFO    [0m | [36m__main__[0m — [UGPA3] preços: 1815 dias (2019-01-02 → 2026-04-17)
[14:20:10]   ▶ ingest SUZB3
/Users/diegocarvalho/Library/Python/3.9/lib/python/site-packages/urllib3/__init__.py:35: NotOpenSSLWarning: urllib3 v2 only supports OpenSSL 1.1.1+, currently the 'ssl' module is compiled with 'LibreSSL 2.8.3'. See: https://github.com/urllib3/urllib3/issues/3020
  warnings.warn(
[32m2026-04-19 14:20:10[0m | [1mINFO    [0m | [36m__main__[0m — [SUZB3] iniciando ingestão...
[32m2026-04-19 14:20:10[0m | [1mINFO    [0m | [36msrc.ingestion.cvm_downloader[0m — [SUZB3] DFP: baixando 1 ano(s): [2026]
[32m2026-04-19 14:20:10[0m | [1mINFO    [0m | [36msrc.ingestion.cvm_downloader[0m — [DFP 2026] Baixando: https://dados.cvm.gov.br/dados/CIA_ABERTA/DOC/DFP/DADOS/dfp_cia_aberta_2026.zip
[32m2026-04-19 14:20:11[0m | [31m[1mERROR   [0m | [36msrc.ingestion.cvm_downloader[0m — [SUZB3] DFP 2026: [DFP 2026] Não encontrado na CVM (404): https://dados.cvm.gov.br/dados/CIA_ABERTA/DOC/DFP/DADOS/dfp_cia_aberta_2026.zip
[32m2026-04-19 14:20:11[0m | [1mINFO    [0m | [36msrc.ingestion.cvm_downloader[0m — [SUZB3] ITR: todos os anos já disponíveis
[32m2026-04-19 14:20:11[0m | [32m[1mSUCCESS [0m | [36msrc.ingestion.cvm_downloader[0m — [SUZB3] Ingestão CVM concluída — CVM code: 013986
[32m2026-04-19 14:20:11[0m | [1mINFO    [0m | [36m__main__[0m — [SUZB3] CVM: {'DFP': [], 'ITR': []}
[32m2026-04-19 14:20:11[0m | [1mINFO    [0m | [36msrc.ingestion.b3_scraper[0m — [SUZB3] Download completo desde 2019-01-01
[32m2026-04-19 14:20:12[0m | [32m[1mSUCCESS [0m | [36msrc.ingestion.b3_scraper[0m — [SUZB3] 1815 dias salvos em SUZB3.parquet
[32m2026-04-19 14:20:12[0m | [1mINFO    [0m | [36m__main__[0m — [SUZB3] preços: 1815 dias (2019-01-02 → 2026-04-17)
[14:20:12]   ▶ ingest KLBN11
/Users/diegocarvalho/Library/Python/3.9/lib/python/site-packages/urllib3/__init__.py:35: NotOpenSSLWarning: urllib3 v2 only supports OpenSSL 1.1.1+, currently the 'ssl' module is compiled with 'LibreSSL 2.8.3'. See: https://github.com/urllib3/urllib3/issues/3020
  warnings.warn(
[32m2026-04-19 14:20:12[0m | [1mINFO    [0m | [36m__main__[0m — [KLBN11] iniciando ingestão...
[32m2026-04-19 14:20:12[0m | [1mINFO    [0m | [36msrc.ingestion.cvm_downloader[0m — [KLBN11] DFP: baixando 1 ano(s): [2026]
[32m2026-04-19 14:20:12[0m | [1mINFO    [0m | [36msrc.ingestion.cvm_downloader[0m — [DFP 2026] Baixando: https://dados.cvm.gov.br/dados/CIA_ABERTA/DOC/DFP/DADOS/dfp_cia_aberta_2026.zip
[32m2026-04-19 14:20:13[0m | [31m[1mERROR   [0m | [36msrc.ingestion.cvm_downloader[0m — [KLBN11] DFP 2026: [DFP 2026] Não encontrado na CVM (404): https://dados.cvm.gov.br/dados/CIA_ABERTA/DOC/DFP/DADOS/dfp_cia_aberta_2026.zip
[32m2026-04-19 14:20:13[0m | [1mINFO    [0m | [36msrc.ingestion.cvm_downloader[0m — [KLBN11] ITR: todos os anos já disponíveis
[32m2026-04-19 14:20:13[0m | [32m[1mSUCCESS [0m | [36msrc.ingestion.cvm_downloader[0m — [KLBN11] Ingestão CVM concluída — CVM code: 012653
[32m2026-04-19 14:20:13[0m | [1mINFO    [0m | [36m__main__[0m — [KLBN11] CVM: {'DFP': [], 'ITR': []}
[32m2026-04-19 14:20:13[0m | [1mINFO    [0m | [36msrc.ingestion.b3_scraper[0m — [KLBN11] Download completo desde 2019-01-01
[32m2026-04-19 14:20:14[0m | [32m[1mSUCCESS [0m | [36msrc.ingestion.b3_scraper[0m — [KLBN11] 1815 dias salvos em KLBN11.parquet
[32m2026-04-19 14:20:14[0m | [1mINFO    [0m | [36m__main__[0m — [KLBN11] preços: 1815 dias (2019-01-02 → 2026-04-17)
[14:20:14]   ▶ ingest ABEV3
/Users/diegocarvalho/Library/Python/3.9/lib/python/site-packages/urllib3/__init__.py:35: NotOpenSSLWarning: urllib3 v2 only supports OpenSSL 1.1.1+, currently the 'ssl' module is compiled with 'LibreSSL 2.8.3'. See: https://github.com/urllib3/urllib3/issues/3020
  warnings.warn(
[32m2026-04-19 14:20:14[0m | [1mINFO    [0m | [36m__main__[0m — [ABEV3] iniciando ingestão...
[32m2026-04-19 14:20:14[0m | [1mINFO    [0m | [36msrc.ingestion.cvm_downloader[0m — [ABEV3] DFP: baixando 1 ano(s): [2026]
[32m2026-04-19 14:20:14[0m | [1mINFO    [0m | [36msrc.ingestion.cvm_downloader[0m — [DFP 2026] Baixando: https://dados.cvm.gov.br/dados/CIA_ABERTA/DOC/DFP/DADOS/dfp_cia_aberta_2026.zip
[32m2026-04-19 14:20:15[0m | [31m[1mERROR   [0m | [36msrc.ingestion.cvm_downloader[0m — [ABEV3] DFP 2026: [DFP 2026] Não encontrado na CVM (404): https://dados.cvm.gov.br/dados/CIA_ABERTA/DOC/DFP/DADOS/dfp_cia_aberta_2026.zip
[32m2026-04-19 14:20:15[0m | [1mINFO    [0m | [36msrc.ingestion.cvm_downloader[0m — [ABEV3] ITR: todos os anos já disponíveis
[32m2026-04-19 14:20:15[0m | [32m[1mSUCCESS [0m | [36msrc.ingestion.cvm_downloader[0m — [ABEV3] Ingestão CVM concluída — CVM code: 023264
[32m2026-04-19 14:20:15[0m | [1mINFO    [0m | [36m__main__[0m — [ABEV3] CVM: {'DFP': [], 'ITR': []}
[32m2026-04-19 14:20:15[0m | [1mINFO    [0m | [36msrc.ingestion.b3_scraper[0m — [ABEV3] Download completo desde 2019-01-01
[32m2026-04-19 14:20:16[0m | [32m[1mSUCCESS [0m | [36msrc.ingestion.b3_scraper[0m — [ABEV3] 1815 dias salvos em ABEV3.parquet
[32m2026-04-19 14:20:16[0m | [1mINFO    [0m | [36m__main__[0m — [ABEV3] preços: 1815 dias (2019-01-02 → 2026-04-17)
[14:20:16]   ▶ ingest JBSS3
/Users/diegocarvalho/Library/Python/3.9/lib/python/site-packages/urllib3/__init__.py:35: NotOpenSSLWarning: urllib3 v2 only supports OpenSSL 1.1.1+, currently the 'ssl' module is compiled with 'LibreSSL 2.8.3'. See: https://github.com/urllib3/urllib3/issues/3020
  warnings.warn(
[32m2026-04-19 14:20:16[0m | [1mINFO    [0m | [36m__main__[0m — [JBSS3] iniciando ingestão...
[32m2026-04-19 14:20:16[0m | [1mINFO    [0m | [36msrc.ingestion.cvm_downloader[0m — [JBSS3] DFP: baixando 1 ano(s): [2026]
[32m2026-04-19 14:20:16[0m | [1mINFO    [0m | [36msrc.ingestion.cvm_downloader[0m — [DFP 2026] Baixando: https://dados.cvm.gov.br/dados/CIA_ABERTA/DOC/DFP/DADOS/dfp_cia_aberta_2026.zip
[32m2026-04-19 14:20:17[0m | [31m[1mERROR   [0m | [36msrc.ingestion.cvm_downloader[0m — [JBSS3] DFP 2026: [DFP 2026] Não encontrado na CVM (404): https://dados.cvm.gov.br/dados/CIA_ABERTA/DOC/DFP/DADOS/dfp_cia_aberta_2026.zip
[32m2026-04-19 14:20:17[0m | [1mINFO    [0m | [36msrc.ingestion.cvm_downloader[0m — [JBSS3] ITR: todos os anos já disponíveis
[32m2026-04-19 14:20:17[0m | [32m[1mSUCCESS [0m | [36msrc.ingestion.cvm_downloader[0m — [JBSS3] Ingestão CVM concluída — CVM code: 020575
[32m2026-04-19 14:20:17[0m | [1mINFO    [0m | [36m__main__[0m — [JBSS3] CVM: {'DFP': [], 'ITR': []}
[32m2026-04-19 14:20:17[0m | [1mINFO    [0m | [36msrc.ingestion.b3_scraper[0m — [JBSS3] Download completo desde 2019-01-01
$JBSS3.SA: possibly delisted; no timezone found

1 Failed download:
['JBSS3.SA']: possibly delisted; no timezone found
[32m2026-04-19 14:20:20[0m | [33m[1mWARNING [0m | [36msrc.ingestion.b3_scraper[0m — [JBSS3] Nenhum dado novo retornado pelo yfinance
[14:20:20]   ▶ ingest BRFS3
/Users/diegocarvalho/Library/Python/3.9/lib/python/site-packages/urllib3/__init__.py:35: NotOpenSSLWarning: urllib3 v2 only supports OpenSSL 1.1.1+, currently the 'ssl' module is compiled with 'LibreSSL 2.8.3'. See: https://github.com/urllib3/urllib3/issues/3020
  warnings.warn(
[32m2026-04-19 14:20:20[0m | [1mINFO    [0m | [36m__main__[0m — [BRFS3] iniciando ingestão...
[32m2026-04-19 14:20:20[0m | [1mINFO    [0m | [36msrc.ingestion.cvm_downloader[0m — [BRFS3] DFP: baixando 1 ano(s): [2026]
[32m2026-04-19 14:20:20[0m | [1mINFO    [0m | [36msrc.ingestion.cvm_downloader[0m — [DFP 2026] Baixando: https://dados.cvm.gov.br/dados/CIA_ABERTA/DOC/DFP/DADOS/dfp_cia_aberta_2026.zip
[32m2026-04-19 14:20:20[0m | [31m[1mERROR   [0m | [36msrc.ingestion.cvm_downloader[0m — [BRFS3] DFP 2026: [DFP 2026] Não encontrado na CVM (404): https://dados.cvm.gov.br/dados/CIA_ABERTA/DOC/DFP/DADOS/dfp_cia_aberta_2026.zip
[32m2026-04-19 14:20:20[0m | [1mINFO    [0m | [36msrc.ingestion.cvm_downloader[0m — [BRFS3] ITR: todos os anos já disponíveis
[32m2026-04-19 14:20:20[0m | [32m[1mSUCCESS [0m | [36msrc.ingestion.cvm_downloader[0m — [BRFS3] Ingestão CVM concluída — CVM code: 016292
[32m2026-04-19 14:20:20[0m | [1mINFO    [0m | [36m__main__[0m — [BRFS3] CVM: {'DFP': [], 'ITR': []}
[32m2026-04-19 14:20:20[0m | [1mINFO    [0m | [36msrc.ingestion.b3_scraper[0m — [BRFS3] Download completo desde 2019-01-01
HTTP Error 404: {"quoteSummary":{"result":null,"error":{"code":"Not Found","description":"Quote not found for symbol: BRFS3.SA"}}}
$BRFS3.SA: possibly delisted; no timezone found

1 Failed download:
['BRFS3.SA']: possibly delisted; no timezone found
[32m2026-04-19 14:20:24[0m | [33m[1mWARNING [0m | [36msrc.ingestion.b3_scraper[0m — [BRFS3] Nenhum dado novo retornado pelo yfinance
[14:20:24]   ▶ ingest MRFG3
/Users/diegocarvalho/Library/Python/3.9/lib/python/site-packages/urllib3/__init__.py:35: NotOpenSSLWarning: urllib3 v2 only supports OpenSSL 1.1.1+, currently the 'ssl' module is compiled with 'LibreSSL 2.8.3'. See: https://github.com/urllib3/urllib3/issues/3020
  warnings.warn(
[32m2026-04-19 14:20:24[0m | [1mINFO    [0m | [36m__main__[0m — [MRFG3] iniciando ingestão...
[32m2026-04-19 14:20:24[0m | [1mINFO    [0m | [36msrc.ingestion.cvm_downloader[0m — [MRFG3] DFP: baixando 1 ano(s): [2026]
[32m2026-04-19 14:20:24[0m | [1mINFO    [0m | [36msrc.ingestion.cvm_downloader[0m — [DFP 2026] Baixando: https://dados.cvm.gov.br/dados/CIA_ABERTA/DOC/DFP/DADOS/dfp_cia_aberta_2026.zip
[32m2026-04-19 14:20:25[0m | [31m[1mERROR   [0m | [36msrc.ingestion.cvm_downloader[0m — [MRFG3] DFP 2026: [DFP 2026] Não encontrado na CVM (404): https://dados.cvm.gov.br/dados/CIA_ABERTA/DOC/DFP/DADOS/dfp_cia_aberta_2026.zip
[32m2026-04-19 14:20:25[0m | [1mINFO    [0m | [36msrc.ingestion.cvm_downloader[0m — [MRFG3] ITR: todos os anos já disponíveis
[32m2026-04-19 14:20:25[0m | [32m[1mSUCCESS [0m | [36msrc.ingestion.cvm_downloader[0m — [MRFG3] Ingestão CVM concluída — CVM code: 020788
[32m2026-04-19 14:20:25[0m | [1mINFO    [0m | [36m__main__[0m — [MRFG3] CVM: {'DFP': [], 'ITR': []}
[32m2026-04-19 14:20:25[0m | [1mINFO    [0m | [36msrc.ingestion.b3_scraper[0m — [MRFG3] Download completo desde 2019-01-01
HTTP Error 404: {"quoteSummary":{"result":null,"error":{"code":"Not Found","description":"Quote not found for symbol: MRFG3.SA"}}}
$MRFG3.SA: possibly delisted; no timezone found

1 Failed download:
['MRFG3.SA']: possibly delisted; no timezone found
[32m2026-04-19 14:20:28[0m | [33m[1mWARNING [0m | [36msrc.ingestion.b3_scraper[0m — [MRFG3] Nenhum dado novo retornado pelo yfinance
[14:20:28]   ▶ ingest BEEF3
/Users/diegocarvalho/Library/Python/3.9/lib/python/site-packages/urllib3/__init__.py:35: NotOpenSSLWarning: urllib3 v2 only supports OpenSSL 1.1.1+, currently the 'ssl' module is compiled with 'LibreSSL 2.8.3'. See: https://github.com/urllib3/urllib3/issues/3020
  warnings.warn(
[32m2026-04-19 14:20:29[0m | [1mINFO    [0m | [36m__main__[0m — [BEEF3] iniciando ingestão...
[32m2026-04-19 14:20:29[0m | [1mINFO    [0m | [36msrc.ingestion.cvm_downloader[0m — [BEEF3] DFP: baixando 1 ano(s): [2026]
[32m2026-04-19 14:20:29[0m | [1mINFO    [0m | [36msrc.ingestion.cvm_downloader[0m — [DFP 2026] Baixando: https://dados.cvm.gov.br/dados/CIA_ABERTA/DOC/DFP/DADOS/dfp_cia_aberta_2026.zip
[32m2026-04-19 14:20:30[0m | [31m[1mERROR   [0m | [36msrc.ingestion.cvm_downloader[0m — [BEEF3] DFP 2026: [DFP 2026] Não encontrado na CVM (404): https://dados.cvm.gov.br/dados/CIA_ABERTA/DOC/DFP/DADOS/dfp_cia_aberta_2026.zip
[32m2026-04-19 14:20:30[0m | [1mINFO    [0m | [36msrc.ingestion.cvm_downloader[0m — [BEEF3] ITR: todos os anos já disponíveis
[32m2026-04-19 14:20:30[0m | [32m[1mSUCCESS [0m | [36msrc.ingestion.cvm_downloader[0m — [BEEF3] Ingestão CVM concluída — CVM code: 020931
[32m2026-04-19 14:20:30[0m | [1mINFO    [0m | [36m__main__[0m — [BEEF3] CVM: {'DFP': [], 'ITR': []}
[32m2026-04-19 14:20:30[0m | [1mINFO    [0m | [36msrc.ingestion.b3_scraper[0m — [BEEF3] Download completo desde 2019-01-01
[32m2026-04-19 14:20:32[0m | [32m[1mSUCCESS [0m | [36msrc.ingestion.b3_scraper[0m — [BEEF3] 1815 dias salvos em BEEF3.parquet
[32m2026-04-19 14:20:32[0m | [1mINFO    [0m | [36m__main__[0m — [BEEF3] preços: 1815 dias (2019-01-02 → 2026-04-17)
[14:20:32]   ▶ ingest SMTO3
/Users/diegocarvalho/Library/Python/3.9/lib/python/site-packages/urllib3/__init__.py:35: NotOpenSSLWarning: urllib3 v2 only supports OpenSSL 1.1.1+, currently the 'ssl' module is compiled with 'LibreSSL 2.8.3'. See: https://github.com/urllib3/urllib3/issues/3020
  warnings.warn(
[32m2026-04-19 14:20:33[0m | [1mINFO    [0m | [36m__main__[0m — [SMTO3] iniciando ingestão...
[32m2026-04-19 14:20:33[0m | [1mINFO    [0m | [36msrc.ingestion.cvm_downloader[0m — [SMTO3] DFP: baixando 1 ano(s): [2026]
[32m2026-04-19 14:20:33[0m | [1mINFO    [0m | [36msrc.ingestion.cvm_downloader[0m — [DFP 2026] Baixando: https://dados.cvm.gov.br/dados/CIA_ABERTA/DOC/DFP/DADOS/dfp_cia_aberta_2026.zip
[32m2026-04-19 14:20:33[0m | [31m[1mERROR   [0m | [36msrc.ingestion.cvm_downloader[0m — [SMTO3] DFP 2026: [DFP 2026] Não encontrado na CVM (404): https://dados.cvm.gov.br/dados/CIA_ABERTA/DOC/DFP/DADOS/dfp_cia_aberta_2026.zip
[32m2026-04-19 14:20:33[0m | [1mINFO    [0m | [36msrc.ingestion.cvm_downloader[0m — [SMTO3] ITR: todos os anos já disponíveis
[32m2026-04-19 14:20:33[0m | [32m[1mSUCCESS [0m | [36msrc.ingestion.cvm_downloader[0m — [SMTO3] Ingestão CVM concluída — CVM code: 020516
[32m2026-04-19 14:20:33[0m | [1mINFO    [0m | [36m__main__[0m — [SMTO3] CVM: {'DFP': [], 'ITR': []}
[32m2026-04-19 14:20:33[0m | [1mINFO    [0m | [36msrc.ingestion.b3_scraper[0m — [SMTO3] Download completo desde 2019-01-01
[32m2026-04-19 14:20:34[0m | [32m[1mSUCCESS [0m | [36msrc.ingestion.b3_scraper[0m — [SMTO3] 1815 dias salvos em SMTO3.parquet
[32m2026-04-19 14:20:34[0m | [1mINFO    [0m | [36m__main__[0m — [SMTO3] preços: 1815 dias (2019-01-02 → 2026-04-17)
[14:20:34]   ▶ ingest SLCE3
/Users/diegocarvalho/Library/Python/3.9/lib/python/site-packages/urllib3/__init__.py:35: NotOpenSSLWarning: urllib3 v2 only supports OpenSSL 1.1.1+, currently the 'ssl' module is compiled with 'LibreSSL 2.8.3'. See: https://github.com/urllib3/urllib3/issues/3020
  warnings.warn(
[32m2026-04-19 14:20:35[0m | [1mINFO    [0m | [36m__main__[0m — [SLCE3] iniciando ingestão...
[32m2026-04-19 14:20:35[0m | [1mINFO    [0m | [36msrc.ingestion.cvm_downloader[0m — [SLCE3] DFP: baixando 1 ano(s): [2026]
[32m2026-04-19 14:20:35[0m | [1mINFO    [0m | [36msrc.ingestion.cvm_downloader[0m — [DFP 2026] Baixando: https://dados.cvm.gov.br/dados/CIA_ABERTA/DOC/DFP/DADOS/dfp_cia_aberta_2026.zip
[32m2026-04-19 14:20:35[0m | [31m[1mERROR   [0m | [36msrc.ingestion.cvm_downloader[0m — [SLCE3] DFP 2026: [DFP 2026] Não encontrado na CVM (404): https://dados.cvm.gov.br/dados/CIA_ABERTA/DOC/DFP/DADOS/dfp_cia_aberta_2026.zip
[32m2026-04-19 14:20:35[0m | [1mINFO    [0m | [36msrc.ingestion.cvm_downloader[0m — [SLCE3] ITR: todos os anos já disponíveis
[32m2026-04-19 14:20:35[0m | [32m[1mSUCCESS [0m | [36msrc.ingestion.cvm_downloader[0m — [SLCE3] Ingestão CVM concluída — CVM code: 020745
[32m2026-04-19 14:20:35[0m | [1mINFO    [0m | [36m__main__[0m — [SLCE3] CVM: {'DFP': [], 'ITR': []}
[32m2026-04-19 14:20:35[0m | [1mINFO    [0m | [36msrc.ingestion.b3_scraper[0m — [SLCE3] Download completo desde 2019-01-01
[32m2026-04-19 14:20:37[0m | [32m[1mSUCCESS [0m | [36msrc.ingestion.b3_scraper[0m — [SLCE3] 1815 dias salvos em SLCE3.parquet
[32m2026-04-19 14:20:37[0m | [1mINFO    [0m | [36m__main__[0m — [SLCE3] preços: 1815 dias (2019-01-02 → 2026-04-17)
[14:20:37]   ▶ ingest LREN3
/Users/diegocarvalho/Library/Python/3.9/lib/python/site-packages/urllib3/__init__.py:35: NotOpenSSLWarning: urllib3 v2 only supports OpenSSL 1.1.1+, currently the 'ssl' module is compiled with 'LibreSSL 2.8.3'. See: https://github.com/urllib3/urllib3/issues/3020
  warnings.warn(
[32m2026-04-19 14:20:37[0m | [1mINFO    [0m | [36m__main__[0m — [LREN3] iniciando ingestão...
[32m2026-04-19 14:20:37[0m | [1mINFO    [0m | [36msrc.ingestion.cvm_downloader[0m — [LREN3] DFP: baixando 1 ano(s): [2026]
[32m2026-04-19 14:20:37[0m | [1mINFO    [0m | [36msrc.ingestion.cvm_downloader[0m — [DFP 2026] Baixando: https://dados.cvm.gov.br/dados/CIA_ABERTA/DOC/DFP/DADOS/dfp_cia_aberta_2026.zip
[32m2026-04-19 14:20:38[0m | [31m[1mERROR   [0m | [36msrc.ingestion.cvm_downloader[0m — [LREN3] DFP 2026: [DFP 2026] Não encontrado na CVM (404): https://dados.cvm.gov.br/dados/CIA_ABERTA/DOC/DFP/DADOS/dfp_cia_aberta_2026.zip
[32m2026-04-19 14:20:38[0m | [1mINFO    [0m | [36msrc.ingestion.cvm_downloader[0m — [LREN3] ITR: todos os anos já disponíveis
[32m2026-04-19 14:20:38[0m | [32m[1mSUCCESS [0m | [36msrc.ingestion.cvm_downloader[0m — [LREN3] Ingestão CVM concluída — CVM code: 008133
[32m2026-04-19 14:20:38[0m | [1mINFO    [0m | [36m__main__[0m — [LREN3] CVM: {'DFP': [], 'ITR': []}
[32m2026-04-19 14:20:38[0m | [1mINFO    [0m | [36msrc.ingestion.b3_scraper[0m — [LREN3] Download completo desde 2019-01-01
[32m2026-04-19 14:20:39[0m | [32m[1mSUCCESS [0m | [36msrc.ingestion.b3_scraper[0m — [LREN3] 1815 dias salvos em LREN3.parquet
[32m2026-04-19 14:20:39[0m | [1mINFO    [0m | [36m__main__[0m — [LREN3] preços: 1815 dias (2019-01-02 → 2026-04-17)
[14:20:39]   ▶ ingest MGLU3
/Users/diegocarvalho/Library/Python/3.9/lib/python/site-packages/urllib3/__init__.py:35: NotOpenSSLWarning: urllib3 v2 only supports OpenSSL 1.1.1+, currently the 'ssl' module is compiled with 'LibreSSL 2.8.3'. See: https://github.com/urllib3/urllib3/issues/3020
  warnings.warn(
[32m2026-04-19 14:20:39[0m | [1mINFO    [0m | [36m__main__[0m — [MGLU3] iniciando ingestão...
[32m2026-04-19 14:20:39[0m | [1mINFO    [0m | [36msrc.ingestion.cvm_downloader[0m — [MGLU3] DFP: baixando 1 ano(s): [2026]
[32m2026-04-19 14:20:39[0m | [1mINFO    [0m | [36msrc.ingestion.cvm_downloader[0m — [DFP 2026] Baixando: https://dados.cvm.gov.br/dados/CIA_ABERTA/DOC/DFP/DADOS/dfp_cia_aberta_2026.zip
[32m2026-04-19 14:20:40[0m | [31m[1mERROR   [0m | [36msrc.ingestion.cvm_downloader[0m — [MGLU3] DFP 2026: [DFP 2026] Não encontrado na CVM (404): https://dados.cvm.gov.br/dados/CIA_ABERTA/DOC/DFP/DADOS/dfp_cia_aberta_2026.zip
[32m2026-04-19 14:20:40[0m | [1mINFO    [0m | [36msrc.ingestion.cvm_downloader[0m — [MGLU3] ITR: todos os anos já disponíveis
[32m2026-04-19 14:20:40[0m | [32m[1mSUCCESS [0m | [36msrc.ingestion.cvm_downloader[0m — [MGLU3] Ingestão CVM concluída — CVM code: 022470
[32m2026-04-19 14:20:40[0m | [1mINFO    [0m | [36m__main__[0m — [MGLU3] CVM: {'DFP': [], 'ITR': []}
[32m2026-04-19 14:20:40[0m | [1mINFO    [0m | [36msrc.ingestion.b3_scraper[0m — [MGLU3] Download completo desde 2019-01-01
[32m2026-04-19 14:20:41[0m | [32m[1mSUCCESS [0m | [36msrc.ingestion.b3_scraper[0m — [MGLU3] 1815 dias salvos em MGLU3.parquet
[32m2026-04-19 14:20:41[0m | [1mINFO    [0m | [36m__main__[0m — [MGLU3] preços: 1815 dias (2019-01-02 → 2026-04-17)
[14:20:41]   ▶ ingest AZZA3
/Users/diegocarvalho/Library/Python/3.9/lib/python/site-packages/urllib3/__init__.py:35: NotOpenSSLWarning: urllib3 v2 only supports OpenSSL 1.1.1+, currently the 'ssl' module is compiled with 'LibreSSL 2.8.3'. See: https://github.com/urllib3/urllib3/issues/3020
  warnings.warn(
[32m2026-04-19 14:20:41[0m | [1mINFO    [0m | [36m__main__[0m — [AZZA3] iniciando ingestão...
[32m2026-04-19 14:20:42[0m | [1mINFO    [0m | [36msrc.ingestion.cvm_downloader[0m — [AZZA3] DFP: baixando 1 ano(s): [2026]
[32m2026-04-19 14:20:42[0m | [1mINFO    [0m | [36msrc.ingestion.cvm_downloader[0m — [DFP 2026] Baixando: https://dados.cvm.gov.br/dados/CIA_ABERTA/DOC/DFP/DADOS/dfp_cia_aberta_2026.zip
[32m2026-04-19 14:20:42[0m | [31m[1mERROR   [0m | [36msrc.ingestion.cvm_downloader[0m — [AZZA3] DFP 2026: [DFP 2026] Não encontrado na CVM (404): https://dados.cvm.gov.br/dados/CIA_ABERTA/DOC/DFP/DADOS/dfp_cia_aberta_2026.zip
[32m2026-04-19 14:20:42[0m | [1mINFO    [0m | [36msrc.ingestion.cvm_downloader[0m — [AZZA3] ITR: todos os anos já disponíveis
[32m2026-04-19 14:20:42[0m | [32m[1mSUCCESS [0m | [36msrc.ingestion.cvm_downloader[0m — [AZZA3] Ingestão CVM concluída — CVM code: 022349
[32m2026-04-19 14:20:42[0m | [1mINFO    [0m | [36m__main__[0m — [AZZA3] CVM: {'DFP': [], 'ITR': []}
[32m2026-04-19 14:20:42[0m | [1mINFO    [0m | [36msrc.ingestion.b3_scraper[0m — [AZZA3] Download completo desde 2019-01-01
[32m2026-04-19 14:20:43[0m | [32m[1mSUCCESS [0m | [36msrc.ingestion.b3_scraper[0m — [AZZA3] 1815 dias salvos em AZZA3.parquet
[32m2026-04-19 14:20:43[0m | [1mINFO    [0m | [36m__main__[0m — [AZZA3] preços: 1815 dias (2019-01-02 → 2026-04-17)
[14:20:44]   ▶ ingest NTCO3
/Users/diegocarvalho/Library/Python/3.9/lib/python/site-packages/urllib3/__init__.py:35: NotOpenSSLWarning: urllib3 v2 only supports OpenSSL 1.1.1+, currently the 'ssl' module is compiled with 'LibreSSL 2.8.3'. See: https://github.com/urllib3/urllib3/issues/3020
  warnings.warn(
[32m2026-04-19 14:20:44[0m | [1mINFO    [0m | [36m__main__[0m — [NTCO3] iniciando ingestão...
[32m2026-04-19 14:20:44[0m | [1mINFO    [0m | [36msrc.ingestion.cvm_downloader[0m — [NTCO3] DFP: baixando 1 ano(s): [2026]
[32m2026-04-19 14:20:44[0m | [1mINFO    [0m | [36msrc.ingestion.cvm_downloader[0m — [DFP 2026] Baixando: https://dados.cvm.gov.br/dados/CIA_ABERTA/DOC/DFP/DADOS/dfp_cia_aberta_2026.zip
[32m2026-04-19 14:20:44[0m | [31m[1mERROR   [0m | [36msrc.ingestion.cvm_downloader[0m — [NTCO3] DFP 2026: [DFP 2026] Não encontrado na CVM (404): https://dados.cvm.gov.br/dados/CIA_ABERTA/DOC/DFP/DADOS/dfp_cia_aberta_2026.zip
[32m2026-04-19 14:20:44[0m | [1mINFO    [0m | [36msrc.ingestion.cvm_downloader[0m — [NTCO3] ITR: todos os anos já disponíveis
[32m2026-04-19 14:20:44[0m | [32m[1mSUCCESS [0m | [36msrc.ingestion.cvm_downloader[0m — [NTCO3] Ingestão CVM concluída — CVM code: 019550
[32m2026-04-19 14:20:44[0m | [1mINFO    [0m | [36m__main__[0m — [NTCO3] CVM: {'DFP': [], 'ITR': []}
[32m2026-04-19 14:20:44[0m | [1mINFO    [0m | [36msrc.ingestion.b3_scraper[0m — [NTCO3] Download completo desde 2019-01-01
$NTCO3.SA: possibly delisted; no timezone found

1 Failed download:
['NTCO3.SA']: possibly delisted; no timezone found
[32m2026-04-19 14:20:47[0m | [33m[1mWARNING [0m | [36msrc.ingestion.b3_scraper[0m — [NTCO3] Nenhum dado novo retornado pelo yfinance
[14:20:47]   ▶ ingest CRFB3
/Users/diegocarvalho/Library/Python/3.9/lib/python/site-packages/urllib3/__init__.py:35: NotOpenSSLWarning: urllib3 v2 only supports OpenSSL 1.1.1+, currently the 'ssl' module is compiled with 'LibreSSL 2.8.3'. See: https://github.com/urllib3/urllib3/issues/3020
  warnings.warn(
[32m2026-04-19 14:20:47[0m | [1mINFO    [0m | [36m__main__[0m — [CRFB3] iniciando ingestão...
[32m2026-04-19 14:20:47[0m | [1mINFO    [0m | [36msrc.ingestion.cvm_downloader[0m — [CRFB3] DFP: baixando 1 ano(s): [2026]
[32m2026-04-19 14:20:47[0m | [1mINFO    [0m | [36msrc.ingestion.cvm_downloader[0m — [DFP 2026] Baixando: https://dados.cvm.gov.br/dados/CIA_ABERTA/DOC/DFP/DADOS/dfp_cia_aberta_2026.zip
[32m2026-04-19 14:20:47[0m | [31m[1mERROR   [0m | [36msrc.ingestion.cvm_downloader[0m — [CRFB3] DFP 2026: [DFP 2026] Não encontrado na CVM (404): https://dados.cvm.gov.br/dados/CIA_ABERTA/DOC/DFP/DADOS/dfp_cia_aberta_2026.zip
[32m2026-04-19 14:20:47[0m | [1mINFO    [0m | [36msrc.ingestion.cvm_downloader[0m — [CRFB3] ITR: todos os anos já disponíveis
[32m2026-04-19 14:20:47[0m | [32m[1mSUCCESS [0m | [36msrc.ingestion.cvm_downloader[0m — [CRFB3] Ingestão CVM concluída — CVM code: 023400
[32m2026-04-19 14:20:47[0m | [1mINFO    [0m | [36m__main__[0m — [CRFB3] CVM: {'DFP': [], 'ITR': []}
[32m2026-04-19 14:20:47[0m | [1mINFO    [0m | [36msrc.ingestion.b3_scraper[0m — [CRFB3] Download completo desde 2019-01-01
$CRFB3.SA: possibly delisted; no timezone found

1 Failed download:
['CRFB3.SA']: possibly delisted; no timezone found
[32m2026-04-19 14:20:49[0m | [33m[1mWARNING [0m | [36msrc.ingestion.b3_scraper[0m — [CRFB3] Nenhum dado novo retornado pelo yfinance
[14:20:49]   ▶ ingest PCAR3
/Users/diegocarvalho/Library/Python/3.9/lib/python/site-packages/urllib3/__init__.py:35: NotOpenSSLWarning: urllib3 v2 only supports OpenSSL 1.1.1+, currently the 'ssl' module is compiled with 'LibreSSL 2.8.3'. See: https://github.com/urllib3/urllib3/issues/3020
  warnings.warn(
[32m2026-04-19 14:20:50[0m | [1mINFO    [0m | [36m__main__[0m — [PCAR3] iniciando ingestão...
[32m2026-04-19 14:20:50[0m | [1mINFO    [0m | [36msrc.ingestion.cvm_downloader[0m — [PCAR3] DFP: baixando 1 ano(s): [2026]
[32m2026-04-19 14:20:50[0m | [1mINFO    [0m | [36msrc.ingestion.cvm_downloader[0m — [DFP 2026] Baixando: https://dados.cvm.gov.br/dados/CIA_ABERTA/DOC/DFP/DADOS/dfp_cia_aberta_2026.zip
[32m2026-04-19 14:20:50[0m | [31m[1mERROR   [0m | [36msrc.ingestion.cvm_downloader[0m — [PCAR3] DFP 2026: [DFP 2026] Não encontrado na CVM (404): https://dados.cvm.gov.br/dados/CIA_ABERTA/DOC/DFP/DADOS/dfp_cia_aberta_2026.zip
[32m2026-04-19 14:20:50[0m | [1mINFO    [0m | [36msrc.ingestion.cvm_downloader[0m — [PCAR3] ITR: todos os anos já disponíveis
[32m2026-04-19 14:20:50[0m | [32m[1mSUCCESS [0m | [36msrc.ingestion.cvm_downloader[0m — [PCAR3] Ingestão CVM concluída — CVM code: 006971
[32m2026-04-19 14:20:50[0m | [1mINFO    [0m | [36m__main__[0m — [PCAR3] CVM: {'DFP': [], 'ITR': []}
[32m2026-04-19 14:20:50[0m | [1mINFO    [0m | [36msrc.ingestion.b3_scraper[0m — [PCAR3] Download completo desde 2019-01-01
[32m2026-04-19 14:20:52[0m | [32m[1mSUCCESS [0m | [36msrc.ingestion.b3_scraper[0m — [PCAR3] 1815 dias salvos em PCAR3.parquet
[32m2026-04-19 14:20:52[0m | [1mINFO    [0m | [36m__main__[0m — [PCAR3] preços: 1815 dias (2019-01-02 → 2026-04-17)
[14:20:52]   ▶ ingest PETZ3
/Users/diegocarvalho/Library/Python/3.9/lib/python/site-packages/urllib3/__init__.py:35: NotOpenSSLWarning: urllib3 v2 only supports OpenSSL 1.1.1+, currently the 'ssl' module is compiled with 'LibreSSL 2.8.3'. See: https://github.com/urllib3/urllib3/issues/3020
  warnings.warn(
[32m2026-04-19 14:20:52[0m | [1mINFO    [0m | [36m__main__[0m — [PETZ3] iniciando ingestão...
[32m2026-04-19 14:20:52[0m | [1mINFO    [0m | [36msrc.ingestion.cvm_downloader[0m — [PETZ3] DFP: baixando 1 ano(s): [2026]
[32m2026-04-19 14:20:52[0m | [1mINFO    [0m | [36msrc.ingestion.cvm_downloader[0m — [DFP 2026] Baixando: https://dados.cvm.gov.br/dados/CIA_ABERTA/DOC/DFP/DADOS/dfp_cia_aberta_2026.zip
[32m2026-04-19 14:20:52[0m | [31m[1mERROR   [0m | [36msrc.ingestion.cvm_downloader[0m — [PETZ3] DFP 2026: [DFP 2026] Não encontrado na CVM (404): https://dados.cvm.gov.br/dados/CIA_ABERTA/DOC/DFP/DADOS/dfp_cia_aberta_2026.zip
[32m2026-04-19 14:20:52[0m | [1mINFO    [0m | [36msrc.ingestion.cvm_downloader[0m — [PETZ3] ITR: todos os anos já disponíveis
[32m2026-04-19 14:20:52[0m | [32m[1mSUCCESS [0m | [36msrc.ingestion.cvm_downloader[0m — [PETZ3] Ingestão CVM concluída — CVM code: 025551
[32m2026-04-19 14:20:52[0m | [1mINFO    [0m | [36m__main__[0m — [PETZ3] CVM: {'DFP': [], 'ITR': []}
[32m2026-04-19 14:20:52[0m | [1mINFO    [0m | [36msrc.ingestion.b3_scraper[0m — [PETZ3] Download completo desde 2019-01-01
HTTP Error 404: {"quoteSummary":{"result":null,"error":{"code":"Not Found","description":"Quote not found for symbol: PETZ3.SA"}}}
$PETZ3.SA: possibly delisted; no timezone found

1 Failed download:
['PETZ3.SA']: possibly delisted; no timezone found
[32m2026-04-19 14:20:55[0m | [33m[1mWARNING [0m | [36msrc.ingestion.b3_scraper[0m — [PETZ3] Nenhum dado novo retornado pelo yfinance
[14:20:55]   ▶ ingest VIVA3
/Users/diegocarvalho/Library/Python/3.9/lib/python/site-packages/urllib3/__init__.py:35: NotOpenSSLWarning: urllib3 v2 only supports OpenSSL 1.1.1+, currently the 'ssl' module is compiled with 'LibreSSL 2.8.3'. See: https://github.com/urllib3/urllib3/issues/3020
  warnings.warn(
[32m2026-04-19 14:20:55[0m | [1mINFO    [0m | [36m__main__[0m — [VIVA3] iniciando ingestão...
[32m2026-04-19 14:20:55[0m | [1mINFO    [0m | [36msrc.ingestion.cvm_downloader[0m — [VIVA3] DFP: baixando 1 ano(s): [2026]
[32m2026-04-19 14:20:55[0m | [1mINFO    [0m | [36msrc.ingestion.cvm_downloader[0m — [DFP 2026] Baixando: https://dados.cvm.gov.br/dados/CIA_ABERTA/DOC/DFP/DADOS/dfp_cia_aberta_2026.zip
[32m2026-04-19 14:20:56[0m | [31m[1mERROR   [0m | [36msrc.ingestion.cvm_downloader[0m — [VIVA3] DFP 2026: [DFP 2026] Não encontrado na CVM (404): https://dados.cvm.gov.br/dados/CIA_ABERTA/DOC/DFP/DADOS/dfp_cia_aberta_2026.zip
[32m2026-04-19 14:20:56[0m | [1mINFO    [0m | [36msrc.ingestion.cvm_downloader[0m — [VIVA3] ITR: todos os anos já disponíveis
[32m2026-04-19 14:20:56[0m | [32m[1mSUCCESS [0m | [36msrc.ingestion.cvm_downloader[0m — [VIVA3] Ingestão CVM concluída — CVM code: 024805
[32m2026-04-19 14:20:56[0m | [1mINFO    [0m | [36m__main__[0m — [VIVA3] CVM: {'DFP': [], 'ITR': []}
[32m2026-04-19 14:20:56[0m | [1mINFO    [0m | [36msrc.ingestion.b3_scraper[0m — [VIVA3] Download completo desde 2019-01-01
[32m2026-04-19 14:20:58[0m | [32m[1mSUCCESS [0m | [36msrc.ingestion.b3_scraper[0m — [VIVA3] 1620 dias salvos em VIVA3.parquet
[32m2026-04-19 14:20:58[0m | [1mINFO    [0m | [36m__main__[0m — [VIVA3] preços: 1620 dias (2019-10-11 → 2026-04-17)
[14:20:58]   ▶ ingest AMOB3
/Users/diegocarvalho/Library/Python/3.9/lib/python/site-packages/urllib3/__init__.py:35: NotOpenSSLWarning: urllib3 v2 only supports OpenSSL 1.1.1+, currently the 'ssl' module is compiled with 'LibreSSL 2.8.3'. See: https://github.com/urllib3/urllib3/issues/3020
  warnings.warn(
[32m2026-04-19 14:20:59[0m | [1mINFO    [0m | [36m__main__[0m — [AMOB3] iniciando ingestão...
[32m2026-04-19 14:20:59[0m | [1mINFO    [0m | [36msrc.ingestion.cvm_downloader[0m — [AMOB3] DFP: baixando 1 ano(s): [2026]
[32m2026-04-19 14:20:59[0m | [1mINFO    [0m | [36msrc.ingestion.cvm_downloader[0m — [DFP 2026] Baixando: https://dados.cvm.gov.br/dados/CIA_ABERTA/DOC/DFP/DADOS/dfp_cia_aberta_2026.zip
[32m2026-04-19 14:21:00[0m | [31m[1mERROR   [0m | [36msrc.ingestion.cvm_downloader[0m — [AMOB3] DFP 2026: [DFP 2026] Não encontrado na CVM (404): https://dados.cvm.gov.br/dados/CIA_ABERTA/DOC/DFP/DADOS/dfp_cia_aberta_2026.zip
[32m2026-04-19 14:21:00[0m | [1mINFO    [0m | [36msrc.ingestion.cvm_downloader[0m — [AMOB3] ITR: todos os anos já disponíveis
[32m2026-04-19 14:21:00[0m | [32m[1mSUCCESS [0m | [36msrc.ingestion.cvm_downloader[0m — [AMOB3] Ingestão CVM concluída — CVM code: 027707
[32m2026-04-19 14:21:00[0m | [1mINFO    [0m | [36m__main__[0m — [AMOB3] CVM: {'DFP': [], 'ITR': []}
[32m2026-04-19 14:21:00[0m | [1mINFO    [0m | [36msrc.ingestion.b3_scraper[0m — [AMOB3] Download completo desde 2019-01-01
[32m2026-04-19 14:21:02[0m | [32m[1mSUCCESS [0m | [36msrc.ingestion.b3_scraper[0m — [AMOB3] 332 dias salvos em AMOB3.parquet
[32m2026-04-19 14:21:02[0m | [1mINFO    [0m | [36m__main__[0m — [AMOB3] preços: 332 dias (2024-12-16 → 2026-04-17)
[14:21:02]   ▶ ingest RDOR3
/Users/diegocarvalho/Library/Python/3.9/lib/python/site-packages/urllib3/__init__.py:35: NotOpenSSLWarning: urllib3 v2 only supports OpenSSL 1.1.1+, currently the 'ssl' module is compiled with 'LibreSSL 2.8.3'. See: https://github.com/urllib3/urllib3/issues/3020
  warnings.warn(
[32m2026-04-19 14:21:03[0m | [1mINFO    [0m | [36m__main__[0m — [RDOR3] iniciando ingestão...
[32m2026-04-19 14:21:03[0m | [1mINFO    [0m | [36msrc.ingestion.cvm_downloader[0m — [RDOR3] DFP: baixando 1 ano(s): [2026]
[32m2026-04-19 14:21:03[0m | [1mINFO    [0m | [36msrc.ingestion.cvm_downloader[0m — [DFP 2026] Baixando: https://dados.cvm.gov.br/dados/CIA_ABERTA/DOC/DFP/DADOS/dfp_cia_aberta_2026.zip
[32m2026-04-19 14:21:04[0m | [31m[1mERROR   [0m | [36msrc.ingestion.cvm_downloader[0m — [RDOR3] DFP 2026: [DFP 2026] Não encontrado na CVM (404): https://dados.cvm.gov.br/dados/CIA_ABERTA/DOC/DFP/DADOS/dfp_cia_aberta_2026.zip
[32m2026-04-19 14:21:04[0m | [1mINFO    [0m | [36msrc.ingestion.cvm_downloader[0m — [RDOR3] ITR: todos os anos já disponíveis
[32m2026-04-19 14:21:04[0m | [32m[1mSUCCESS [0m | [36msrc.ingestion.cvm_downloader[0m — [RDOR3] Ingestão CVM concluída — CVM code: 021660
[32m2026-04-19 14:21:04[0m | [1mINFO    [0m | [36m__main__[0m — [RDOR3] CVM: {'DFP': [], 'ITR': []}
[32m2026-04-19 14:21:04[0m | [1mINFO    [0m | [36msrc.ingestion.b3_scraper[0m — [RDOR3] Download completo desde 2019-01-01
[32m2026-04-19 14:21:05[0m | [32m[1mSUCCESS [0m | [36msrc.ingestion.b3_scraper[0m — [RDOR3] 1329 dias salvos em RDOR3.parquet
[32m2026-04-19 14:21:05[0m | [1mINFO    [0m | [36m__main__[0m — [RDOR3] preços: 1329 dias (2020-12-15 → 2026-04-17)
[14:21:05]   ▶ ingest HAPV3
/Users/diegocarvalho/Library/Python/3.9/lib/python/site-packages/urllib3/__init__.py:35: NotOpenSSLWarning: urllib3 v2 only supports OpenSSL 1.1.1+, currently the 'ssl' module is compiled with 'LibreSSL 2.8.3'. See: https://github.com/urllib3/urllib3/issues/3020
  warnings.warn(
[32m2026-04-19 14:21:06[0m | [1mINFO    [0m | [36m__main__[0m — [HAPV3] iniciando ingestão...
[32m2026-04-19 14:21:06[0m | [1mINFO    [0m | [36msrc.ingestion.cvm_downloader[0m — [HAPV3] DFP: baixando 1 ano(s): [2026]
[32m2026-04-19 14:21:06[0m | [1mINFO    [0m | [36msrc.ingestion.cvm_downloader[0m — [DFP 2026] Baixando: https://dados.cvm.gov.br/dados/CIA_ABERTA/DOC/DFP/DADOS/dfp_cia_aberta_2026.zip
[32m2026-04-19 14:21:06[0m | [31m[1mERROR   [0m | [36msrc.ingestion.cvm_downloader[0m — [HAPV3] DFP 2026: [DFP 2026] Não encontrado na CVM (404): https://dados.cvm.gov.br/dados/CIA_ABERTA/DOC/DFP/DADOS/dfp_cia_aberta_2026.zip
[32m2026-04-19 14:21:06[0m | [1mINFO    [0m | [36msrc.ingestion.cvm_downloader[0m — [HAPV3] ITR: todos os anos já disponíveis
[32m2026-04-19 14:21:06[0m | [32m[1mSUCCESS [0m | [36msrc.ingestion.cvm_downloader[0m — [HAPV3] Ingestão CVM concluída — CVM code: 024392
[32m2026-04-19 14:21:06[0m | [1mINFO    [0m | [36m__main__[0m — [HAPV3] CVM: {'DFP': [], 'ITR': []}
[32m2026-04-19 14:21:06[0m | [1mINFO    [0m | [36msrc.ingestion.b3_scraper[0m — [HAPV3] Download completo desde 2019-01-01
[32m2026-04-19 14:21:07[0m | [32m[1mSUCCESS [0m | [36msrc.ingestion.b3_scraper[0m — [HAPV3] 1815 dias salvos em HAPV3.parquet
[32m2026-04-19 14:21:07[0m | [1mINFO    [0m | [36m__main__[0m — [HAPV3] preços: 1815 dias (2019-01-02 → 2026-04-17)
[14:21:07]   ▶ ingest FLRY3
/Users/diegocarvalho/Library/Python/3.9/lib/python/site-packages/urllib3/__init__.py:35: NotOpenSSLWarning: urllib3 v2 only supports OpenSSL 1.1.1+, currently the 'ssl' module is compiled with 'LibreSSL 2.8.3'. See: https://github.com/urllib3/urllib3/issues/3020
  warnings.warn(
[32m2026-04-19 14:21:08[0m | [1mINFO    [0m | [36m__main__[0m — [FLRY3] iniciando ingestão...
[32m2026-04-19 14:21:08[0m | [1mINFO    [0m | [36msrc.ingestion.cvm_downloader[0m — [FLRY3] DFP: baixando 1 ano(s): [2026]
[32m2026-04-19 14:21:08[0m | [1mINFO    [0m | [36msrc.ingestion.cvm_downloader[0m — [DFP 2026] Baixando: https://dados.cvm.gov.br/dados/CIA_ABERTA/DOC/DFP/DADOS/dfp_cia_aberta_2026.zip
[32m2026-04-19 14:21:08[0m | [31m[1mERROR   [0m | [36msrc.ingestion.cvm_downloader[0m — [FLRY3] DFP 2026: [DFP 2026] Não encontrado na CVM (404): https://dados.cvm.gov.br/dados/CIA_ABERTA/DOC/DFP/DADOS/dfp_cia_aberta_2026.zip
[32m2026-04-19 14:21:08[0m | [1mINFO    [0m | [36msrc.ingestion.cvm_downloader[0m — [FLRY3] ITR: todos os anos já disponíveis
[32m2026-04-19 14:21:08[0m | [32m[1mSUCCESS [0m | [36msrc.ingestion.cvm_downloader[0m — [FLRY3] Ingestão CVM concluída — CVM code: 021881
[32m2026-04-19 14:21:08[0m | [1mINFO    [0m | [36m__main__[0m — [FLRY3] CVM: {'DFP': [], 'ITR': []}
[32m2026-04-19 14:21:08[0m | [1mINFO    [0m | [36msrc.ingestion.b3_scraper[0m — [FLRY3] Download completo desde 2019-01-01
[32m2026-04-19 14:21:09[0m | [32m[1mSUCCESS [0m | [36msrc.ingestion.b3_scraper[0m — [FLRY3] 1815 dias salvos em FLRY3.parquet
[32m2026-04-19 14:21:09[0m | [1mINFO    [0m | [36m__main__[0m — [FLRY3] preços: 1815 dias (2019-01-02 → 2026-04-17)
[14:21:09]   ▶ ingest HYPE3
/Users/diegocarvalho/Library/Python/3.9/lib/python/site-packages/urllib3/__init__.py:35: NotOpenSSLWarning: urllib3 v2 only supports OpenSSL 1.1.1+, currently the 'ssl' module is compiled with 'LibreSSL 2.8.3'. See: https://github.com/urllib3/urllib3/issues/3020
  warnings.warn(
[32m2026-04-19 14:21:10[0m | [1mINFO    [0m | [36m__main__[0m — [HYPE3] iniciando ingestão...
[32m2026-04-19 14:21:10[0m | [1mINFO    [0m | [36msrc.ingestion.cvm_downloader[0m — [HYPE3] DFP: baixando 1 ano(s): [2026]
[32m2026-04-19 14:21:10[0m | [1mINFO    [0m | [36msrc.ingestion.cvm_downloader[0m — [DFP 2026] Baixando: https://dados.cvm.gov.br/dados/CIA_ABERTA/DOC/DFP/DADOS/dfp_cia_aberta_2026.zip
[32m2026-04-19 14:21:10[0m | [31m[1mERROR   [0m | [36msrc.ingestion.cvm_downloader[0m — [HYPE3] DFP 2026: [DFP 2026] Não encontrado na CVM (404): https://dados.cvm.gov.br/dados/CIA_ABERTA/DOC/DFP/DADOS/dfp_cia_aberta_2026.zip
[32m2026-04-19 14:21:10[0m | [1mINFO    [0m | [36msrc.ingestion.cvm_downloader[0m — [HYPE3] ITR: todos os anos já disponíveis
[32m2026-04-19 14:21:10[0m | [32m[1mSUCCESS [0m | [36msrc.ingestion.cvm_downloader[0m — [HYPE3] Ingestão CVM concluída — CVM code: 021431
[32m2026-04-19 14:21:10[0m | [1mINFO    [0m | [36m__main__[0m — [HYPE3] CVM: {'DFP': [], 'ITR': []}
[32m2026-04-19 14:21:10[0m | [1mINFO    [0m | [36msrc.ingestion.b3_scraper[0m — [HYPE3] Download completo desde 2019-01-01
[32m2026-04-19 14:21:11[0m | [32m[1mSUCCESS [0m | [36msrc.ingestion.b3_scraper[0m — [HYPE3] 1815 dias salvos em HYPE3.parquet
[32m2026-04-19 14:21:11[0m | [1mINFO    [0m | [36m__main__[0m — [HYPE3] preços: 1815 dias (2019-01-02 → 2026-04-17)
[14:21:12]   ▶ ingest RADL3
/Users/diegocarvalho/Library/Python/3.9/lib/python/site-packages/urllib3/__init__.py:35: NotOpenSSLWarning: urllib3 v2 only supports OpenSSL 1.1.1+, currently the 'ssl' module is compiled with 'LibreSSL 2.8.3'. See: https://github.com/urllib3/urllib3/issues/3020
  warnings.warn(
[32m2026-04-19 14:21:12[0m | [1mINFO    [0m | [36m__main__[0m — [RADL3] iniciando ingestão...
[32m2026-04-19 14:21:12[0m | [1mINFO    [0m | [36msrc.ingestion.cvm_downloader[0m — [RADL3] DFP: baixando 1 ano(s): [2026]
[32m2026-04-19 14:21:12[0m | [1mINFO    [0m | [36msrc.ingestion.cvm_downloader[0m — [DFP 2026] Baixando: https://dados.cvm.gov.br/dados/CIA_ABERTA/DOC/DFP/DADOS/dfp_cia_aberta_2026.zip
[32m2026-04-19 14:21:12[0m | [31m[1mERROR   [0m | [36msrc.ingestion.cvm_downloader[0m — [RADL3] DFP 2026: [DFP 2026] Não encontrado na CVM (404): https://dados.cvm.gov.br/dados/CIA_ABERTA/DOC/DFP/DADOS/dfp_cia_aberta_2026.zip
[32m2026-04-19 14:21:12[0m | [1mINFO    [0m | [36msrc.ingestion.cvm_downloader[0m — [RADL3] ITR: todos os anos já disponíveis
[32m2026-04-19 14:21:12[0m | [32m[1mSUCCESS [0m | [36msrc.ingestion.cvm_downloader[0m — [RADL3] Ingestão CVM concluída — CVM code: 005258
[32m2026-04-19 14:21:12[0m | [1mINFO    [0m | [36m__main__[0m — [RADL3] CVM: {'DFP': [], 'ITR': []}
[32m2026-04-19 14:21:12[0m | [1mINFO    [0m | [36msrc.ingestion.b3_scraper[0m — [RADL3] Download completo desde 2019-01-01
[32m2026-04-19 14:21:14[0m | [32m[1mSUCCESS [0m | [36msrc.ingestion.b3_scraper[0m — [RADL3] 1815 dias salvos em RADL3.parquet
[32m2026-04-19 14:21:14[0m | [1mINFO    [0m | [36m__main__[0m — [RADL3] preços: 1815 dias (2019-01-02 → 2026-04-17)
[14:21:14]   ▶ ingest MULT3
/Users/diegocarvalho/Library/Python/3.9/lib/python/site-packages/urllib3/__init__.py:35: NotOpenSSLWarning: urllib3 v2 only supports OpenSSL 1.1.1+, currently the 'ssl' module is compiled with 'LibreSSL 2.8.3'. See: https://github.com/urllib3/urllib3/issues/3020
  warnings.warn(
[32m2026-04-19 14:21:15[0m | [1mINFO    [0m | [36m__main__[0m — [MULT3] iniciando ingestão...
[32m2026-04-19 14:21:15[0m | [1mINFO    [0m | [36msrc.ingestion.cvm_downloader[0m — [MULT3] DFP: baixando 1 ano(s): [2026]
[32m2026-04-19 14:21:15[0m | [1mINFO    [0m | [36msrc.ingestion.cvm_downloader[0m — [DFP 2026] Baixando: https://dados.cvm.gov.br/dados/CIA_ABERTA/DOC/DFP/DADOS/dfp_cia_aberta_2026.zip
[32m2026-04-19 14:21:15[0m | [31m[1mERROR   [0m | [36msrc.ingestion.cvm_downloader[0m — [MULT3] DFP 2026: [DFP 2026] Não encontrado na CVM (404): https://dados.cvm.gov.br/dados/CIA_ABERTA/DOC/DFP/DADOS/dfp_cia_aberta_2026.zip
[32m2026-04-19 14:21:15[0m | [1mINFO    [0m | [36msrc.ingestion.cvm_downloader[0m — [MULT3] ITR: todos os anos já disponíveis
[32m2026-04-19 14:21:15[0m | [32m[1mSUCCESS [0m | [36msrc.ingestion.cvm_downloader[0m — [MULT3] Ingestão CVM concluída — CVM code: 020982
[32m2026-04-19 14:21:15[0m | [1mINFO    [0m | [36m__main__[0m — [MULT3] CVM: {'DFP': [], 'ITR': []}
[32m2026-04-19 14:21:15[0m | [1mINFO    [0m | [36msrc.ingestion.b3_scraper[0m — [MULT3] Download completo desde 2019-01-01
[32m2026-04-19 14:21:17[0m | [32m[1mSUCCESS [0m | [36msrc.ingestion.b3_scraper[0m — [MULT3] 1815 dias salvos em MULT3.parquet
[32m2026-04-19 14:21:17[0m | [1mINFO    [0m | [36m__main__[0m — [MULT3] preços: 1815 dias (2019-01-02 → 2026-04-17)
[14:21:17]   ▶ ingest CYRE3
/Users/diegocarvalho/Library/Python/3.9/lib/python/site-packages/urllib3/__init__.py:35: NotOpenSSLWarning: urllib3 v2 only supports OpenSSL 1.1.1+, currently the 'ssl' module is compiled with 'LibreSSL 2.8.3'. See: https://github.com/urllib3/urllib3/issues/3020
  warnings.warn(
[32m2026-04-19 14:21:17[0m | [1mINFO    [0m | [36m__main__[0m — [CYRE3] iniciando ingestão...
[32m2026-04-19 14:21:17[0m | [1mINFO    [0m | [36msrc.ingestion.cvm_downloader[0m — [CYRE3] DFP: baixando 1 ano(s): [2026]
[32m2026-04-19 14:21:17[0m | [1mINFO    [0m | [36msrc.ingestion.cvm_downloader[0m — [DFP 2026] Baixando: https://dados.cvm.gov.br/dados/CIA_ABERTA/DOC/DFP/DADOS/dfp_cia_aberta_2026.zip
[32m2026-04-19 14:21:17[0m | [31m[1mERROR   [0m | [36msrc.ingestion.cvm_downloader[0m — [CYRE3] DFP 2026: [DFP 2026] Não encontrado na CVM (404): https://dados.cvm.gov.br/dados/CIA_ABERTA/DOC/DFP/DADOS/dfp_cia_aberta_2026.zip
[32m2026-04-19 14:21:17[0m | [1mINFO    [0m | [36msrc.ingestion.cvm_downloader[0m — [CYRE3] ITR: todos os anos já disponíveis
[32m2026-04-19 14:21:17[0m | [32m[1mSUCCESS [0m | [36msrc.ingestion.cvm_downloader[0m — [CYRE3] Ingestão CVM concluída — CVM code: 014460
[32m2026-04-19 14:21:17[0m | [1mINFO    [0m | [36m__main__[0m — [CYRE3] CVM: {'DFP': [], 'ITR': []}
[32m2026-04-19 14:21:17[0m | [1mINFO    [0m | [36msrc.ingestion.b3_scraper[0m — [CYRE3] Download completo desde 2019-01-01
[32m2026-04-19 14:21:19[0m | [32m[1mSUCCESS [0m | [36msrc.ingestion.b3_scraper[0m — [CYRE3] 1815 dias salvos em CYRE3.parquet
[32m2026-04-19 14:21:19[0m | [1mINFO    [0m | [36m__main__[0m — [CYRE3] preços: 1815 dias (2019-01-02 → 2026-04-17)
[14:21:19]   ▶ ingest MRVE3
/Users/diegocarvalho/Library/Python/3.9/lib/python/site-packages/urllib3/__init__.py:35: NotOpenSSLWarning: urllib3 v2 only supports OpenSSL 1.1.1+, currently the 'ssl' module is compiled with 'LibreSSL 2.8.3'. See: https://github.com/urllib3/urllib3/issues/3020
  warnings.warn(
[32m2026-04-19 14:21:19[0m | [1mINFO    [0m | [36m__main__[0m — [MRVE3] iniciando ingestão...
[32m2026-04-19 14:21:19[0m | [1mINFO    [0m | [36msrc.ingestion.cvm_downloader[0m — [MRVE3] DFP: baixando 1 ano(s): [2026]
[32m2026-04-19 14:21:19[0m | [1mINFO    [0m | [36msrc.ingestion.cvm_downloader[0m — [DFP 2026] Baixando: https://dados.cvm.gov.br/dados/CIA_ABERTA/DOC/DFP/DADOS/dfp_cia_aberta_2026.zip
[32m2026-04-19 14:21:19[0m | [31m[1mERROR   [0m | [36msrc.ingestion.cvm_downloader[0m — [MRVE3] DFP 2026: [DFP 2026] Não encontrado na CVM (404): https://dados.cvm.gov.br/dados/CIA_ABERTA/DOC/DFP/DADOS/dfp_cia_aberta_2026.zip
[32m2026-04-19 14:21:19[0m | [1mINFO    [0m | [36msrc.ingestion.cvm_downloader[0m — [MRVE3] ITR: todos os anos já disponíveis
[32m2026-04-19 14:21:19[0m | [32m[1mSUCCESS [0m | [36msrc.ingestion.cvm_downloader[0m — [MRVE3] Ingestão CVM concluída — CVM code: 020915
[32m2026-04-19 14:21:19[0m | [1mINFO    [0m | [36m__main__[0m — [MRVE3] CVM: {'DFP': [], 'ITR': []}
[32m2026-04-19 14:21:19[0m | [1mINFO    [0m | [36msrc.ingestion.b3_scraper[0m — [MRVE3] Download completo desde 2019-01-01
[32m2026-04-19 14:21:21[0m | [32m[1mSUCCESS [0m | [36msrc.ingestion.b3_scraper[0m — [MRVE3] 1815 dias salvos em MRVE3.parquet
[32m2026-04-19 14:21:21[0m | [1mINFO    [0m | [36m__main__[0m — [MRVE3] preços: 1815 dias (2019-01-02 → 2026-04-17)
[14:21:21]   ▶ ingest IGTI11
/Users/diegocarvalho/Library/Python/3.9/lib/python/site-packages/urllib3/__init__.py:35: NotOpenSSLWarning: urllib3 v2 only supports OpenSSL 1.1.1+, currently the 'ssl' module is compiled with 'LibreSSL 2.8.3'. See: https://github.com/urllib3/urllib3/issues/3020
  warnings.warn(
[32m2026-04-19 14:21:21[0m | [1mINFO    [0m | [36m__main__[0m — [IGTI11] iniciando ingestão...
[32m2026-04-19 14:21:21[0m | [1mINFO    [0m | [36msrc.ingestion.cvm_downloader[0m — [IGTI11] DFP: baixando 1 ano(s): [2026]
[32m2026-04-19 14:21:21[0m | [1mINFO    [0m | [36msrc.ingestion.cvm_downloader[0m — [DFP 2026] Baixando: https://dados.cvm.gov.br/dados/CIA_ABERTA/DOC/DFP/DADOS/dfp_cia_aberta_2026.zip
[32m2026-04-19 14:21:22[0m | [31m[1mERROR   [0m | [36msrc.ingestion.cvm_downloader[0m — [IGTI11] DFP 2026: [DFP 2026] Não encontrado na CVM (404): https://dados.cvm.gov.br/dados/CIA_ABERTA/DOC/DFP/DADOS/dfp_cia_aberta_2026.zip
[32m2026-04-19 14:21:22[0m | [1mINFO    [0m | [36msrc.ingestion.cvm_downloader[0m — [IGTI11] ITR: todos os anos já disponíveis
[32m2026-04-19 14:21:22[0m | [32m[1mSUCCESS [0m | [36msrc.ingestion.cvm_downloader[0m — [IGTI11] Ingestão CVM concluída — CVM code: 020494
[32m2026-04-19 14:21:22[0m | [1mINFO    [0m | [36m__main__[0m — [IGTI11] CVM: {'DFP': [], 'ITR': []}
[32m2026-04-19 14:21:22[0m | [1mINFO    [0m | [36msrc.ingestion.b3_scraper[0m — [IGTI11] Download completo desde 2019-01-01
[32m2026-04-19 14:21:23[0m | [32m[1mSUCCESS [0m | [36msrc.ingestion.b3_scraper[0m — [IGTI11] 1100 dias salvos em IGTI11.parquet
[32m2026-04-19 14:21:23[0m | [1mINFO    [0m | [36m__main__[0m — [IGTI11] preços: 1100 dias (2021-11-22 → 2026-04-17)
[14:21:23]   ▶ ingest ALOS3
/Users/diegocarvalho/Library/Python/3.9/lib/python/site-packages/urllib3/__init__.py:35: NotOpenSSLWarning: urllib3 v2 only supports OpenSSL 1.1.1+, currently the 'ssl' module is compiled with 'LibreSSL 2.8.3'. See: https://github.com/urllib3/urllib3/issues/3020
  warnings.warn(
[32m2026-04-19 14:21:23[0m | [1mINFO    [0m | [36m__main__[0m — [ALOS3] iniciando ingestão...
[32m2026-04-19 14:21:23[0m | [1mINFO    [0m | [36msrc.ingestion.cvm_downloader[0m — [ALOS3] DFP: baixando 1 ano(s): [2026]
[32m2026-04-19 14:21:23[0m | [1mINFO    [0m | [36msrc.ingestion.cvm_downloader[0m — [DFP 2026] Baixando: https://dados.cvm.gov.br/dados/CIA_ABERTA/DOC/DFP/DADOS/dfp_cia_aberta_2026.zip
[32m2026-04-19 14:21:23[0m | [31m[1mERROR   [0m | [36msrc.ingestion.cvm_downloader[0m — [ALOS3] DFP 2026: [DFP 2026] Não encontrado na CVM (404): https://dados.cvm.gov.br/dados/CIA_ABERTA/DOC/DFP/DADOS/dfp_cia_aberta_2026.zip
[32m2026-04-19 14:21:23[0m | [1mINFO    [0m | [36msrc.ingestion.cvm_downloader[0m — [ALOS3] ITR: todos os anos já disponíveis
[32m2026-04-19 14:21:23[0m | [32m[1mSUCCESS [0m | [36msrc.ingestion.cvm_downloader[0m — [ALOS3] Ingestão CVM concluída — CVM code: 022357
[32m2026-04-19 14:21:23[0m | [1mINFO    [0m | [36m__main__[0m — [ALOS3] CVM: {'DFP': [], 'ITR': []}
[32m2026-04-19 14:21:23[0m | [1mINFO    [0m | [36msrc.ingestion.b3_scraper[0m — [ALOS3] Download completo desde 2019-01-01
[32m2026-04-19 14:21:25[0m | [32m[1mSUCCESS [0m | [36msrc.ingestion.b3_scraper[0m — [ALOS3] 1667 dias salvos em ALOS3.parquet
[32m2026-04-19 14:21:25[0m | [1mINFO    [0m | [36m__main__[0m — [ALOS3] preços: 1667 dias (2019-08-05 → 2026-04-17)
[14:21:25]   ▶ ingest RENT3
/Users/diegocarvalho/Library/Python/3.9/lib/python/site-packages/urllib3/__init__.py:35: NotOpenSSLWarning: urllib3 v2 only supports OpenSSL 1.1.1+, currently the 'ssl' module is compiled with 'LibreSSL 2.8.3'. See: https://github.com/urllib3/urllib3/issues/3020
  warnings.warn(
[32m2026-04-19 14:21:25[0m | [1mINFO    [0m | [36m__main__[0m — [RENT3] iniciando ingestão...
[32m2026-04-19 14:21:25[0m | [1mINFO    [0m | [36msrc.ingestion.cvm_downloader[0m — [RENT3] DFP: baixando 1 ano(s): [2026]
[32m2026-04-19 14:21:25[0m | [1mINFO    [0m | [36msrc.ingestion.cvm_downloader[0m — [DFP 2026] Baixando: https://dados.cvm.gov.br/dados/CIA_ABERTA/DOC/DFP/DADOS/dfp_cia_aberta_2026.zip
[32m2026-04-19 14:21:28[0m | [31m[1mERROR   [0m | [36msrc.ingestion.cvm_downloader[0m — [RENT3] DFP 2026: [DFP 2026] Não encontrado na CVM (404): https://dados.cvm.gov.br/dados/CIA_ABERTA/DOC/DFP/DADOS/dfp_cia_aberta_2026.zip
[32m2026-04-19 14:21:28[0m | [1mINFO    [0m | [36msrc.ingestion.cvm_downloader[0m — [RENT3] ITR: todos os anos já disponíveis
[32m2026-04-19 14:21:28[0m | [32m[1mSUCCESS [0m | [36msrc.ingestion.cvm_downloader[0m — [RENT3] Ingestão CVM concluída — CVM code: 019739
[32m2026-04-19 14:21:28[0m | [1mINFO    [0m | [36m__main__[0m — [RENT3] CVM: {'DFP': [], 'ITR': []}
[32m2026-04-19 14:21:28[0m | [1mINFO    [0m | [36msrc.ingestion.b3_scraper[0m — [RENT3] Download completo desde 2019-01-01
[32m2026-04-19 14:21:31[0m | [32m[1mSUCCESS [0m | [36msrc.ingestion.b3_scraper[0m — [RENT3] 1815 dias salvos em RENT3.parquet
[32m2026-04-19 14:21:31[0m | [1mINFO    [0m | [36m__main__[0m — [RENT3] preços: 1815 dias (2019-01-02 → 2026-04-17)
[14:21:31]   ▶ ingest VAMO3
/Users/diegocarvalho/Library/Python/3.9/lib/python/site-packages/urllib3/__init__.py:35: NotOpenSSLWarning: urllib3 v2 only supports OpenSSL 1.1.1+, currently the 'ssl' module is compiled with 'LibreSSL 2.8.3'. See: https://github.com/urllib3/urllib3/issues/3020
  warnings.warn(
[32m2026-04-19 14:21:31[0m | [1mINFO    [0m | [36m__main__[0m — [VAMO3] iniciando ingestão...
[32m2026-04-19 14:21:31[0m | [1mINFO    [0m | [36msrc.ingestion.cvm_downloader[0m — [VAMO3] DFP: baixando 1 ano(s): [2026]
[32m2026-04-19 14:21:31[0m | [1mINFO    [0m | [36msrc.ingestion.cvm_downloader[0m — [DFP 2026] Baixando: https://dados.cvm.gov.br/dados/CIA_ABERTA/DOC/DFP/DADOS/dfp_cia_aberta_2026.zip
[32m2026-04-19 14:21:32[0m | [31m[1mERROR   [0m | [36msrc.ingestion.cvm_downloader[0m — [VAMO3] DFP 2026: [DFP 2026] Não encontrado na CVM (404): https://dados.cvm.gov.br/dados/CIA_ABERTA/DOC/DFP/DADOS/dfp_cia_aberta_2026.zip
[32m2026-04-19 14:21:32[0m | [1mINFO    [0m | [36msrc.ingestion.cvm_downloader[0m — [VAMO3] ITR: todos os anos já disponíveis
[32m2026-04-19 14:21:32[0m | [32m[1mSUCCESS [0m | [36msrc.ingestion.cvm_downloader[0m — [VAMO3] Ingestão CVM concluída — CVM code: 026476
[32m2026-04-19 14:21:32[0m | [1mINFO    [0m | [36m__main__[0m — [VAMO3] CVM: {'DFP': [], 'ITR': []}
[32m2026-04-19 14:21:32[0m | [1mINFO    [0m | [36msrc.ingestion.b3_scraper[0m — [VAMO3] Download completo desde 2019-01-01
[32m2026-04-19 14:21:34[0m | [32m[1mSUCCESS [0m | [36msrc.ingestion.b3_scraper[0m — [VAMO3] 1299 dias salvos em VAMO3.parquet
[32m2026-04-19 14:21:34[0m | [1mINFO    [0m | [36m__main__[0m — [VAMO3] preços: 1299 dias (2021-02-02 → 2026-04-17)
[14:21:34]   ▶ ingest TOTS3
/Users/diegocarvalho/Library/Python/3.9/lib/python/site-packages/urllib3/__init__.py:35: NotOpenSSLWarning: urllib3 v2 only supports OpenSSL 1.1.1+, currently the 'ssl' module is compiled with 'LibreSSL 2.8.3'. See: https://github.com/urllib3/urllib3/issues/3020
  warnings.warn(
[32m2026-04-19 14:21:34[0m | [1mINFO    [0m | [36m__main__[0m — [TOTS3] iniciando ingestão...
[32m2026-04-19 14:21:34[0m | [1mINFO    [0m | [36msrc.ingestion.cvm_downloader[0m — [TOTS3] DFP: baixando 1 ano(s): [2026]
[32m2026-04-19 14:21:34[0m | [1mINFO    [0m | [36msrc.ingestion.cvm_downloader[0m — [DFP 2026] Baixando: https://dados.cvm.gov.br/dados/CIA_ABERTA/DOC/DFP/DADOS/dfp_cia_aberta_2026.zip
[32m2026-04-19 14:21:37[0m | [31m[1mERROR   [0m | [36msrc.ingestion.cvm_downloader[0m — [TOTS3] DFP 2026: [DFP 2026] Não encontrado na CVM (404): https://dados.cvm.gov.br/dados/CIA_ABERTA/DOC/DFP/DADOS/dfp_cia_aberta_2026.zip
[32m2026-04-19 14:21:37[0m | [1mINFO    [0m | [36msrc.ingestion.cvm_downloader[0m — [TOTS3] ITR: todos os anos já disponíveis
[32m2026-04-19 14:21:37[0m | [32m[1mSUCCESS [0m | [36msrc.ingestion.cvm_downloader[0m — [TOTS3] Ingestão CVM concluída — CVM code: 019992
[32m2026-04-19 14:21:37[0m | [1mINFO    [0m | [36m__main__[0m — [TOTS3] CVM: {'DFP': [], 'ITR': []}
[32m2026-04-19 14:21:37[0m | [1mINFO    [0m | [36msrc.ingestion.b3_scraper[0m — [TOTS3] Download completo desde 2019-01-01
[32m2026-04-19 14:21:39[0m | [32m[1mSUCCESS [0m | [36msrc.ingestion.b3_scraper[0m — [TOTS3] 1815 dias salvos em TOTS3.parquet
[32m2026-04-19 14:21:39[0m | [1mINFO    [0m | [36m__main__[0m — [TOTS3] preços: 1815 dias (2019-01-02 → 2026-04-17)
[14:21:39]   ▶ ingest LWSA3
/Users/diegocarvalho/Library/Python/3.9/lib/python/site-packages/urllib3/__init__.py:35: NotOpenSSLWarning: urllib3 v2 only supports OpenSSL 1.1.1+, currently the 'ssl' module is compiled with 'LibreSSL 2.8.3'. See: https://github.com/urllib3/urllib3/issues/3020
  warnings.warn(
[32m2026-04-19 14:21:39[0m | [1mINFO    [0m | [36m__main__[0m — [LWSA3] iniciando ingestão...
[32m2026-04-19 14:21:39[0m | [1mINFO    [0m | [36msrc.ingestion.cvm_downloader[0m — [LWSA3] DFP: baixando 1 ano(s): [2026]
[32m2026-04-19 14:21:39[0m | [1mINFO    [0m | [36msrc.ingestion.cvm_downloader[0m — [DFP 2026] Baixando: https://dados.cvm.gov.br/dados/CIA_ABERTA/DOC/DFP/DADOS/dfp_cia_aberta_2026.zip
[32m2026-04-19 14:21:40[0m | [31m[1mERROR   [0m | [36msrc.ingestion.cvm_downloader[0m — [LWSA3] DFP 2026: [DFP 2026] Não encontrado na CVM (404): https://dados.cvm.gov.br/dados/CIA_ABERTA/DOC/DFP/DADOS/dfp_cia_aberta_2026.zip
[32m2026-04-19 14:21:40[0m | [1mINFO    [0m | [36msrc.ingestion.cvm_downloader[0m — [LWSA3] ITR: todos os anos já disponíveis
[32m2026-04-19 14:21:40[0m | [32m[1mSUCCESS [0m | [36msrc.ingestion.cvm_downloader[0m — [LWSA3] Ingestão CVM concluída — CVM code: 024910
[32m2026-04-19 14:21:40[0m | [1mINFO    [0m | [36m__main__[0m — [LWSA3] CVM: {'DFP': [], 'ITR': []}
[32m2026-04-19 14:21:40[0m | [1mINFO    [0m | [36msrc.ingestion.b3_scraper[0m — [LWSA3] Download completo desde 2019-01-01
[32m2026-04-19 14:21:41[0m | [32m[1mSUCCESS [0m | [36msrc.ingestion.b3_scraper[0m — [LWSA3] 1542 dias salvos em LWSA3.parquet
[32m2026-04-19 14:21:41[0m | [1mINFO    [0m | [36m__main__[0m — [LWSA3] preços: 1542 dias (2020-02-06 → 2026-04-17)
[14:21:41]   ▶ ingest COGN3
/Users/diegocarvalho/Library/Python/3.9/lib/python/site-packages/urllib3/__init__.py:35: NotOpenSSLWarning: urllib3 v2 only supports OpenSSL 1.1.1+, currently the 'ssl' module is compiled with 'LibreSSL 2.8.3'. See: https://github.com/urllib3/urllib3/issues/3020
  warnings.warn(
[32m2026-04-19 14:21:41[0m | [1mINFO    [0m | [36m__main__[0m — [COGN3] iniciando ingestão...
[32m2026-04-19 14:21:41[0m | [1mINFO    [0m | [36msrc.ingestion.cvm_downloader[0m — [COGN3] DFP: baixando 1 ano(s): [2026]
[32m2026-04-19 14:21:41[0m | [1mINFO    [0m | [36msrc.ingestion.cvm_downloader[0m — [DFP 2026] Baixando: https://dados.cvm.gov.br/dados/CIA_ABERTA/DOC/DFP/DADOS/dfp_cia_aberta_2026.zip
[32m2026-04-19 14:21:42[0m | [31m[1mERROR   [0m | [36msrc.ingestion.cvm_downloader[0m — [COGN3] DFP 2026: [DFP 2026] Não encontrado na CVM (404): https://dados.cvm.gov.br/dados/CIA_ABERTA/DOC/DFP/DADOS/dfp_cia_aberta_2026.zip
[32m2026-04-19 14:21:42[0m | [1mINFO    [0m | [36msrc.ingestion.cvm_downloader[0m — [COGN3] ITR: todos os anos já disponíveis
[32m2026-04-19 14:21:42[0m | [32m[1mSUCCESS [0m | [36msrc.ingestion.cvm_downloader[0m — [COGN3] Ingestão CVM concluída — CVM code: 017973
[32m2026-04-19 14:21:42[0m | [1mINFO    [0m | [36m__main__[0m — [COGN3] CVM: {'DFP': [], 'ITR': []}
[32m2026-04-19 14:21:42[0m | [1mINFO    [0m | [36msrc.ingestion.b3_scraper[0m — [COGN3] Download completo desde 2019-01-01
[32m2026-04-19 14:21:43[0m | [32m[1mSUCCESS [0m | [36msrc.ingestion.b3_scraper[0m — [COGN3] 1815 dias salvos em COGN3.parquet
[32m2026-04-19 14:21:43[0m | [1mINFO    [0m | [36m__main__[0m — [COGN3] preços: 1815 dias (2019-01-02 → 2026-04-17)
[14:21:43]   ▶ ingest YDUQ3
/Users/diegocarvalho/Library/Python/3.9/lib/python/site-packages/urllib3/__init__.py:35: NotOpenSSLWarning: urllib3 v2 only supports OpenSSL 1.1.1+, currently the 'ssl' module is compiled with 'LibreSSL 2.8.3'. See: https://github.com/urllib3/urllib3/issues/3020
  warnings.warn(
[32m2026-04-19 14:21:44[0m | [1mINFO    [0m | [36m__main__[0m — [YDUQ3] iniciando ingestão...
[32m2026-04-19 14:21:44[0m | [1mINFO    [0m | [36msrc.ingestion.cvm_downloader[0m — [YDUQ3] DFP: baixando 1 ano(s): [2026]
[32m2026-04-19 14:21:44[0m | [1mINFO    [0m | [36msrc.ingestion.cvm_downloader[0m — [DFP 2026] Baixando: https://dados.cvm.gov.br/dados/CIA_ABERTA/DOC/DFP/DADOS/dfp_cia_aberta_2026.zip
[32m2026-04-19 14:21:44[0m | [31m[1mERROR   [0m | [36msrc.ingestion.cvm_downloader[0m — [YDUQ3] DFP 2026: [DFP 2026] Não encontrado na CVM (404): https://dados.cvm.gov.br/dados/CIA_ABERTA/DOC/DFP/DADOS/dfp_cia_aberta_2026.zip
[32m2026-04-19 14:21:44[0m | [1mINFO    [0m | [36msrc.ingestion.cvm_downloader[0m — [YDUQ3] ITR: todos os anos já disponíveis
[32m2026-04-19 14:21:44[0m | [32m[1mSUCCESS [0m | [36msrc.ingestion.cvm_downloader[0m — [YDUQ3] Ingestão CVM concluída — CVM code: 021016
[32m2026-04-19 14:21:44[0m | [1mINFO    [0m | [36m__main__[0m — [YDUQ3] CVM: {'DFP': [], 'ITR': []}
[32m2026-04-19 14:21:44[0m | [1mINFO    [0m | [36msrc.ingestion.b3_scraper[0m — [YDUQ3] Download completo desde 2019-01-01
[32m2026-04-19 14:21:45[0m | [32m[1mSUCCESS [0m | [36msrc.ingestion.b3_scraper[0m — [YDUQ3] 1815 dias salvos em YDUQ3.parquet
[32m2026-04-19 14:21:45[0m | [1mINFO    [0m | [36m__main__[0m — [YDUQ3] preços: 1815 dias (2019-01-02 → 2026-04-17)
[14:21:45]   ▶ ingest AZUL4
/Users/diegocarvalho/Library/Python/3.9/lib/python/site-packages/urllib3/__init__.py:35: NotOpenSSLWarning: urllib3 v2 only supports OpenSSL 1.1.1+, currently the 'ssl' module is compiled with 'LibreSSL 2.8.3'. See: https://github.com/urllib3/urllib3/issues/3020
  warnings.warn(
[32m2026-04-19 14:21:46[0m | [1mINFO    [0m | [36m__main__[0m — [AZUL4] iniciando ingestão...
[32m2026-04-19 14:21:46[0m | [1mINFO    [0m | [36msrc.ingestion.cvm_downloader[0m — [AZUL4] DFP: baixando 1 ano(s): [2026]
[32m2026-04-19 14:21:46[0m | [1mINFO    [0m | [36msrc.ingestion.cvm_downloader[0m — [DFP 2026] Baixando: https://dados.cvm.gov.br/dados/CIA_ABERTA/DOC/DFP/DADOS/dfp_cia_aberta_2026.zip
[32m2026-04-19 14:21:46[0m | [31m[1mERROR   [0m | [36msrc.ingestion.cvm_downloader[0m — [AZUL4] DFP 2026: [DFP 2026] Não encontrado na CVM (404): https://dados.cvm.gov.br/dados/CIA_ABERTA/DOC/DFP/DADOS/dfp_cia_aberta_2026.zip
[32m2026-04-19 14:21:46[0m | [1mINFO    [0m | [36msrc.ingestion.cvm_downloader[0m — [AZUL4] ITR: todos os anos já disponíveis
[32m2026-04-19 14:21:46[0m | [32m[1mSUCCESS [0m | [36msrc.ingestion.cvm_downloader[0m — [AZUL4] Ingestão CVM concluída — CVM code: 024112
[32m2026-04-19 14:21:46[0m | [1mINFO    [0m | [36m__main__[0m — [AZUL4] CVM: {'DFP': [], 'ITR': []}
[32m2026-04-19 14:21:46[0m | [1mINFO    [0m | [36msrc.ingestion.b3_scraper[0m — [AZUL4] Download completo desde 2019-01-01
HTTP Error 404: {"quoteSummary":{"result":null,"error":{"code":"Not Found","description":"Quote not found for symbol: AZUL4.SA"}}}
$AZUL4.SA: possibly delisted; no timezone found

1 Failed download:
['AZUL4.SA']: possibly delisted; no timezone found
[32m2026-04-19 14:21:49[0m | [33m[1mWARNING [0m | [36msrc.ingestion.b3_scraper[0m — [AZUL4] Nenhum dado novo retornado pelo yfinance
[14:21:49]   ▶ ingest CVCB3
/Users/diegocarvalho/Library/Python/3.9/lib/python/site-packages/urllib3/__init__.py:35: NotOpenSSLWarning: urllib3 v2 only supports OpenSSL 1.1.1+, currently the 'ssl' module is compiled with 'LibreSSL 2.8.3'. See: https://github.com/urllib3/urllib3/issues/3020
  warnings.warn(
[32m2026-04-19 14:21:49[0m | [1mINFO    [0m | [36m__main__[0m — [CVCB3] iniciando ingestão...
[32m2026-04-19 14:21:49[0m | [1mINFO    [0m | [36msrc.ingestion.cvm_downloader[0m — [CVCB3] DFP: baixando 1 ano(s): [2026]
[32m2026-04-19 14:21:49[0m | [1mINFO    [0m | [36msrc.ingestion.cvm_downloader[0m — [DFP 2026] Baixando: https://dados.cvm.gov.br/dados/CIA_ABERTA/DOC/DFP/DADOS/dfp_cia_aberta_2026.zip
[32m2026-04-19 14:21:49[0m | [31m[1mERROR   [0m | [36msrc.ingestion.cvm_downloader[0m — [CVCB3] DFP 2026: [DFP 2026] Não encontrado na CVM (404): https://dados.cvm.gov.br/dados/CIA_ABERTA/DOC/DFP/DADOS/dfp_cia_aberta_2026.zip
[32m2026-04-19 14:21:49[0m | [1mINFO    [0m | [36msrc.ingestion.cvm_downloader[0m — [CVCB3] ITR: todos os anos já disponíveis
[32m2026-04-19 14:21:49[0m | [32m[1mSUCCESS [0m | [36msrc.ingestion.cvm_downloader[0m — [CVCB3] Ingestão CVM concluída — CVM code: 016292
[32m2026-04-19 14:21:49[0m | [1mINFO    [0m | [36m__main__[0m — [CVCB3] CVM: {'DFP': [], 'ITR': []}
[32m2026-04-19 14:21:49[0m | [1mINFO    [0m | [36msrc.ingestion.b3_scraper[0m — [CVCB3] Download completo desde 2019-01-01
[32m2026-04-19 14:21:51[0m | [32m[1mSUCCESS [0m | [36msrc.ingestion.b3_scraper[0m — [CVCB3] 1815 dias salvos em CVCB3.parquet
[32m2026-04-19 14:21:51[0m | [1mINFO    [0m | [36m__main__[0m — [CVCB3] preços: 1815 dias (2019-01-02 → 2026-04-17)
[14:21:51] 
[14:21:51] FASE 2 — Processando dados brutos...
[14:21:51]   ▶ process BBAS3
/Users/diegocarvalho/Library/Python/3.9/lib/python/site-packages/urllib3/__init__.py:35: NotOpenSSLWarning: urllib3 v2 only supports OpenSSL 1.1.1+, currently the 'ssl' module is compiled with 'LibreSSL 2.8.3'. See: https://github.com/urllib3/urllib3/issues/3020
  warnings.warn(
[32m2026-04-19 14:21:51[0m | [1mINFO    [0m | [36msrc.processing.pipeline[0m — [BBAS3] processando 8 anos (banco=True, CVM=001023)
[32m2026-04-19 14:21:51[0m | [1mINFO    [0m | [36msrc.processing.pipeline[0m — [BBAS3] 2019: OK
[32m2026-04-19 14:21:51[0m | [1mINFO    [0m | [36msrc.processing.pipeline[0m — [BBAS3] 2020: OK
[32m2026-04-19 14:21:51[0m | [1mINFO    [0m | [36msrc.processing.pipeline[0m — [BBAS3] 2021: OK
[32m2026-04-19 14:21:51[0m | [1mINFO    [0m | [36msrc.processing.pipeline[0m — [BBAS3] 2022: OK
[32m2026-04-19 14:21:51[0m | [1mINFO    [0m | [36msrc.processing.pipeline[0m — [BBAS3] 2023: OK
[32m2026-04-19 14:21:51[0m | [1mINFO    [0m | [36msrc.processing.pipeline[0m — [BBAS3] 2024: OK
[32m2026-04-19 14:21:51[0m | [1mINFO    [0m | [36msrc.processing.pipeline[0m — [BBAS3] 2025: OK
[32m2026-04-19 14:21:51[0m | [1mINFO    [0m | [36msrc.processing.pipeline[0m — [BBAS3] 2026: FALHA — CSVs não encontrados em /Users/diegocarvalho/Library/CloudStorage/OneDrive-EPEJUD/DIEGO/OBSIDIAN/Analista de Investimentos/12_PYTHON/data/raw/cvm/DFP/2026 — execute 'ingest' primeiro
[32m2026-04-19 14:21:51[0m | [1mINFO    [0m | [36msrc.processing.pipeline[0m — [BBAS3] concluído — ok=0 pulados=7 falhas=1
[32m2026-04-19 14:21:51[0m | [1mINFO    [0m | [36m__main__[0m — Processamento concluído — ok=0 falhas=1
[14:21:51]   ▶ process ITUB4
/Users/diegocarvalho/Library/Python/3.9/lib/python/site-packages/urllib3/__init__.py:35: NotOpenSSLWarning: urllib3 v2 only supports OpenSSL 1.1.1+, currently the 'ssl' module is compiled with 'LibreSSL 2.8.3'. See: https://github.com/urllib3/urllib3/issues/3020
  warnings.warn(
[32m2026-04-19 14:21:52[0m | [1mINFO    [0m | [36msrc.processing.pipeline[0m — [ITUB4] processando 8 anos (banco=True, CVM=019348)
[32m2026-04-19 14:21:52[0m | [1mINFO    [0m | [36msrc.processing.pipeline[0m — [ITUB4] 2019: OK
[32m2026-04-19 14:21:52[0m | [1mINFO    [0m | [36msrc.processing.pipeline[0m — [ITUB4] 2020: OK
[32m2026-04-19 14:21:52[0m | [1mINFO    [0m | [36msrc.processing.pipeline[0m — [ITUB4] 2021: OK
[32m2026-04-19 14:21:52[0m | [1mINFO    [0m | [36msrc.processing.pipeline[0m — [ITUB4] 2022: OK
[32m2026-04-19 14:21:52[0m | [1mINFO    [0m | [36msrc.processing.pipeline[0m — [ITUB4] 2023: OK
[32m2026-04-19 14:21:52[0m | [1mINFO    [0m | [36msrc.processing.pipeline[0m — [ITUB4] 2024: OK
[32m2026-04-19 14:21:52[0m | [1mINFO    [0m | [36msrc.processing.pipeline[0m — [ITUB4] 2025: OK
[32m2026-04-19 14:21:52[0m | [1mINFO    [0m | [36msrc.processing.pipeline[0m — [ITUB4] 2026: FALHA — CSVs não encontrados em /Users/diegocarvalho/Library/CloudStorage/OneDrive-EPEJUD/DIEGO/OBSIDIAN/Analista de Investimentos/12_PYTHON/data/raw/cvm/DFP/2026 — execute 'ingest' primeiro
[32m2026-04-19 14:21:52[0m | [1mINFO    [0m | [36msrc.processing.pipeline[0m — [ITUB4] concluído — ok=0 pulados=7 falhas=1
[32m2026-04-19 14:21:52[0m | [1mINFO    [0m | [36m__main__[0m — Processamento concluído — ok=0 falhas=1
[14:21:52]   ▶ process BBDC4
/Users/diegocarvalho/Library/Python/3.9/lib/python/site-packages/urllib3/__init__.py:35: NotOpenSSLWarning: urllib3 v2 only supports OpenSSL 1.1.1+, currently the 'ssl' module is compiled with 'LibreSSL 2.8.3'. See: https://github.com/urllib3/urllib3/issues/3020
  warnings.warn(
[32m2026-04-19 14:21:52[0m | [1mINFO    [0m | [36msrc.processing.pipeline[0m — [BBDC4] processando 8 anos (banco=True, CVM=000906)
[32m2026-04-19 14:21:52[0m | [1mINFO    [0m | [36msrc.processing.pipeline[0m — [BBDC4] 2019: OK
[32m2026-04-19 14:21:52[0m | [1mINFO    [0m | [36msrc.processing.pipeline[0m — [BBDC4] 2020: OK
[32m2026-04-19 14:21:52[0m | [1mINFO    [0m | [36msrc.processing.pipeline[0m — [BBDC4] 2021: OK
[32m2026-04-19 14:21:52[0m | [1mINFO    [0m | [36msrc.processing.pipeline[0m — [BBDC4] 2022: OK
[32m2026-04-19 14:21:52[0m | [1mINFO    [0m | [36msrc.processing.pipeline[0m — [BBDC4] 2023: OK
[32m2026-04-19 14:21:52[0m | [1mINFO    [0m | [36msrc.processing.pipeline[0m — [BBDC4] 2024: OK
[32m2026-04-19 14:21:52[0m | [1mINFO    [0m | [36msrc.processing.pipeline[0m — [BBDC4] 2025: OK
[32m2026-04-19 14:21:52[0m | [1mINFO    [0m | [36msrc.processing.pipeline[0m — [BBDC4] 2026: FALHA — CSVs não encontrados em /Users/diegocarvalho/Library/CloudStorage/OneDrive-EPEJUD/DIEGO/OBSIDIAN/Analista de Investimentos/12_PYTHON/data/raw/cvm/DFP/2026 — execute 'ingest' primeiro
[32m2026-04-19 14:21:52[0m | [1mINFO    [0m | [36msrc.processing.pipeline[0m — [BBDC4] concluído — ok=0 pulados=7 falhas=1
[32m2026-04-19 14:21:52[0m | [1mINFO    [0m | [36m__main__[0m — Processamento concluído — ok=0 falhas=1
[14:21:52]   ▶ process SANB11
/Users/diegocarvalho/Library/Python/3.9/lib/python/site-packages/urllib3/__init__.py:35: NotOpenSSLWarning: urllib3 v2 only supports OpenSSL 1.1.1+, currently the 'ssl' module is compiled with 'LibreSSL 2.8.3'. See: https://github.com/urllib3/urllib3/issues/3020
  warnings.warn(
[32m2026-04-19 14:21:53[0m | [1mINFO    [0m | [36msrc.processing.pipeline[0m — [SANB11] processando 8 anos (banco=True, CVM=020532)
[32m2026-04-19 14:21:53[0m | [1mINFO    [0m | [36msrc.processing.pipeline[0m — [SANB11] 2019: OK
[32m2026-04-19 14:21:53[0m | [1mINFO    [0m | [36msrc.processing.pipeline[0m — [SANB11] 2020: OK
[32m2026-04-19 14:21:53[0m | [1mINFO    [0m | [36msrc.processing.pipeline[0m — [SANB11] 2021: OK
[32m2026-04-19 14:21:53[0m | [1mINFO    [0m | [36msrc.processing.pipeline[0m — [SANB11] 2022: OK
[32m2026-04-19 14:21:53[0m | [1mINFO    [0m | [36msrc.processing.pipeline[0m — [SANB11] 2023: OK
[32m2026-04-19 14:21:53[0m | [1mINFO    [0m | [36msrc.processing.pipeline[0m — [SANB11] 2024: OK
[32m2026-04-19 14:21:53[0m | [1mINFO    [0m | [36msrc.processing.pipeline[0m — [SANB11] 2025: OK
[32m2026-04-19 14:21:53[0m | [1mINFO    [0m | [36msrc.processing.pipeline[0m — [SANB11] 2026: FALHA — CSVs não encontrados em /Users/diegocarvalho/Library/CloudStorage/OneDrive-EPEJUD/DIEGO/OBSIDIAN/Analista de Investimentos/12_PYTHON/data/raw/cvm/DFP/2026 — execute 'ingest' primeiro
[32m2026-04-19 14:21:53[0m | [1mINFO    [0m | [36msrc.processing.pipeline[0m — [SANB11] concluído — ok=0 pulados=7 falhas=1
[32m2026-04-19 14:21:53[0m | [1mINFO    [0m | [36m__main__[0m — Processamento concluído — ok=0 falhas=1
[14:21:53]   ▶ process BPAC11
/Users/diegocarvalho/Library/Python/3.9/lib/python/site-packages/urllib3/__init__.py:35: NotOpenSSLWarning: urllib3 v2 only supports OpenSSL 1.1.1+, currently the 'ssl' module is compiled with 'LibreSSL 2.8.3'. See: https://github.com/urllib3/urllib3/issues/3020
  warnings.warn(
[32m2026-04-19 14:21:53[0m | [1mINFO    [0m | [36msrc.processing.pipeline[0m — [BPAC11] processando 8 anos (banco=True, CVM=022616)
[32m2026-04-19 14:21:53[0m | [1mINFO    [0m | [36msrc.processing.pipeline[0m — [BPAC11] 2019: OK
[32m2026-04-19 14:21:53[0m | [1mINFO    [0m | [36msrc.processing.pipeline[0m — [BPAC11] 2020: OK
[32m2026-04-19 14:21:53[0m | [1mINFO    [0m | [36msrc.processing.pipeline[0m — [BPAC11] 2021: OK
[32m2026-04-19 14:21:53[0m | [1mINFO    [0m | [36msrc.processing.pipeline[0m — [BPAC11] 2022: OK
[32m2026-04-19 14:21:53[0m | [1mINFO    [0m | [36msrc.processing.pipeline[0m — [BPAC11] 2023: OK
[32m2026-04-19 14:21:53[0m | [1mINFO    [0m | [36msrc.processing.pipeline[0m — [BPAC11] 2024: OK
[32m2026-04-19 14:21:53[0m | [1mINFO    [0m | [36msrc.processing.pipeline[0m — [BPAC11] 2025: OK
[32m2026-04-19 14:21:53[0m | [1mINFO    [0m | [36msrc.processing.pipeline[0m — [BPAC11] 2026: FALHA — CSVs não encontrados em /Users/diegocarvalho/Library/CloudStorage/OneDrive-EPEJUD/DIEGO/OBSIDIAN/Analista de Investimentos/12_PYTHON/data/raw/cvm/DFP/2026 — execute 'ingest' primeiro
[32m2026-04-19 14:21:53[0m | [1mINFO    [0m | [36msrc.processing.pipeline[0m — [BPAC11] concluído — ok=0 pulados=7 falhas=1
[32m2026-04-19 14:21:53[0m | [1mINFO    [0m | [36m__main__[0m — Processamento concluído — ok=0 falhas=1
[14:21:53]   ▶ process BRSR6
/Users/diegocarvalho/Library/Python/3.9/lib/python/site-packages/urllib3/__init__.py:35: NotOpenSSLWarning: urllib3 v2 only supports OpenSSL 1.1.1+, currently the 'ssl' module is compiled with 'LibreSSL 2.8.3'. See: https://github.com/urllib3/urllib3/issues/3020
  warnings.warn(
[32m2026-04-19 14:21:53[0m | [1mINFO    [0m | [36msrc.processing.pipeline[0m — [BRSR6] processando 8 anos (banco=True, CVM=001210)
[32m2026-04-19 14:21:53[0m | [1mINFO    [0m | [36msrc.processing.pipeline[0m — [BRSR6] 2019: OK
[32m2026-04-19 14:21:53[0m | [1mINFO    [0m | [36msrc.processing.pipeline[0m — [BRSR6] 2020: OK
[32m2026-04-19 14:21:53[0m | [1mINFO    [0m | [36msrc.processing.pipeline[0m — [BRSR6] 2021: OK
[32m2026-04-19 14:21:53[0m | [1mINFO    [0m | [36msrc.processing.pipeline[0m — [BRSR6] 2022: OK
[32m2026-04-19 14:21:53[0m | [1mINFO    [0m | [36msrc.processing.pipeline[0m — [BRSR6] 2023: OK
[32m2026-04-19 14:21:53[0m | [1mINFO    [0m | [36msrc.processing.pipeline[0m — [BRSR6] 2024: OK
[32m2026-04-19 14:21:53[0m | [1mINFO    [0m | [36msrc.processing.pipeline[0m — [BRSR6] 2025: OK
[32m2026-04-19 14:21:53[0m | [1mINFO    [0m | [36msrc.processing.pipeline[0m — [BRSR6] 2026: FALHA — CSVs não encontrados em /Users/diegocarvalho/Library/CloudStorage/OneDrive-EPEJUD/DIEGO/OBSIDIAN/Analista de Investimentos/12_PYTHON/data/raw/cvm/DFP/2026 — execute 'ingest' primeiro
[32m2026-04-19 14:21:53[0m | [1mINFO    [0m | [36msrc.processing.pipeline[0m — [BRSR6] concluído — ok=0 pulados=7 falhas=1
[32m2026-04-19 14:21:53[0m | [1mINFO    [0m | [36m__main__[0m — Processamento concluído — ok=0 falhas=1
[14:21:53]   ▶ process ABCB4
/Users/diegocarvalho/Library/Python/3.9/lib/python/site-packages/urllib3/__init__.py:35: NotOpenSSLWarning: urllib3 v2 only supports OpenSSL 1.1.1+, currently the 'ssl' module is compiled with 'LibreSSL 2.8.3'. See: https://github.com/urllib3/urllib3/issues/3020
  warnings.warn(
[32m2026-04-19 14:21:54[0m | [1mINFO    [0m | [36msrc.processing.pipeline[0m — [ABCB4] processando 8 anos (banco=True, CVM=020958)
[32m2026-04-19 14:21:54[0m | [1mINFO    [0m | [36msrc.processing.pipeline[0m — [ABCB4] 2019: OK
[32m2026-04-19 14:21:54[0m | [1mINFO    [0m | [36msrc.processing.pipeline[0m — [ABCB4] 2020: OK
[32m2026-04-19 14:21:54[0m | [1mINFO    [0m | [36msrc.processing.pipeline[0m — [ABCB4] 2021: OK
[32m2026-04-19 14:21:54[0m | [1mINFO    [0m | [36msrc.processing.pipeline[0m — [ABCB4] 2022: OK
[32m2026-04-19 14:21:54[0m | [1mINFO    [0m | [36msrc.processing.pipeline[0m — [ABCB4] 2023: OK
[DRE] Nenhum dado para cód. CVM 020958 em dfp_cia_aberta_DRE_con_2024.csv
[BPA] Nenhum dado para cód. CVM 020958 em dfp_cia_aberta_BPA_con_2024.csv
[BPP] Nenhum dado para cód. CVM 020958 em dfp_cia_aberta_BPP_con_2024.csv
[DFC] Nenhum dado para cód. CVM 020958 em dfp_cia_aberta_DFC_MI_con_2024.csv
ABCB4 2024: sem dados em /Users/diegocarvalho/Library/CloudStorage/OneDrive-EPEJUD/DIEGO/OBSIDIAN/Analista de Investimentos/12_PYTHON/data/raw/cvm/DFP/2024
[32m2026-04-19 14:21:54[0m | [1mINFO    [0m | [36msrc.processing.pipeline[0m — [ABCB4] 2024: FALHA — BankParser retornou None — dados ausentes no CSV
[DRE] Nenhum dado para cód. CVM 020958 em dfp_cia_aberta_DRE_con_2025.csv
[BPA] Nenhum dado para cód. CVM 020958 em dfp_cia_aberta_BPA_con_2025.csv
[BPP] Nenhum dado para cód. CVM 020958 em dfp_cia_aberta_BPP_con_2025.csv
[DFC] Nenhum dado para cód. CVM 020958 em dfp_cia_aberta_DFC_MI_con_2025.csv
ABCB4 2025: sem dados em /Users/diegocarvalho/Library/CloudStorage/OneDrive-EPEJUD/DIEGO/OBSIDIAN/Analista de Investimentos/12_PYTHON/data/raw/cvm/DFP/2025
[32m2026-04-19 14:21:54[0m | [1mINFO    [0m | [36msrc.processing.pipeline[0m — [ABCB4] 2025: FALHA — BankParser retornou None — dados ausentes no CSV
[32m2026-04-19 14:21:54[0m | [1mINFO    [0m | [36msrc.processing.pipeline[0m — [ABCB4] 2026: FALHA — CSVs não encontrados em /Users/diegocarvalho/Library/CloudStorage/OneDrive-EPEJUD/DIEGO/OBSIDIAN/Analista de Investimentos/12_PYTHON/data/raw/cvm/DFP/2026 — execute 'ingest' primeiro
[32m2026-04-19 14:21:54[0m | [1mINFO    [0m | [36msrc.processing.pipeline[0m — [ABCB4] concluído — ok=0 pulados=5 falhas=3
[32m2026-04-19 14:21:54[0m | [1mINFO    [0m | [36m__main__[0m — Processamento concluído — ok=0 falhas=3
[14:21:54]   ▶ process BMGB4
/Users/diegocarvalho/Library/Python/3.9/lib/python/site-packages/urllib3/__init__.py:35: NotOpenSSLWarning: urllib3 v2 only supports OpenSSL 1.1.1+, currently the 'ssl' module is compiled with 'LibreSSL 2.8.3'. See: https://github.com/urllib3/urllib3/issues/3020
  warnings.warn(
[32m2026-04-19 14:21:55[0m | [1mINFO    [0m | [36msrc.processing.pipeline[0m — [BMGB4] processando 8 anos (banco=True, CVM=024600)
[32m2026-04-19 14:21:55[0m | [1mINFO    [0m | [36msrc.processing.pipeline[0m — [BMGB4] 2019: OK
[32m2026-04-19 14:21:55[0m | [1mINFO    [0m | [36msrc.processing.pipeline[0m — [BMGB4] 2020: OK
[32m2026-04-19 14:21:55[0m | [1mINFO    [0m | [36msrc.processing.pipeline[0m — [BMGB4] 2021: OK
[32m2026-04-19 14:21:55[0m | [1mINFO    [0m | [36msrc.processing.pipeline[0m — [BMGB4] 2022: OK
[32m2026-04-19 14:21:55[0m | [1mINFO    [0m | [36msrc.processing.pipeline[0m — [BMGB4] 2023: OK
[32m2026-04-19 14:21:55[0m | [1mINFO    [0m | [36msrc.processing.pipeline[0m — [BMGB4] 2024: OK
[32m2026-04-19 14:21:55[0m | [1mINFO    [0m | [36msrc.processing.pipeline[0m — [BMGB4] 2025: OK
[32m2026-04-19 14:21:55[0m | [1mINFO    [0m | [36msrc.processing.pipeline[0m — [BMGB4] 2026: FALHA — CSVs não encontrados em /Users/diegocarvalho/Library/CloudStorage/OneDrive-EPEJUD/DIEGO/OBSIDIAN/Analista de Investimentos/12_PYTHON/data/raw/cvm/DFP/2026 — execute 'ingest' primeiro
[32m2026-04-19 14:21:55[0m | [1mINFO    [0m | [36msrc.processing.pipeline[0m — [BMGB4] concluído — ok=0 pulados=7 falhas=1
[32m2026-04-19 14:21:55[0m | [1mINFO    [0m | [36m__main__[0m — Processamento concluído — ok=0 falhas=1
[14:21:55]   ▶ process BPAN4
/Users/diegocarvalho/Library/Python/3.9/lib/python/site-packages/urllib3/__init__.py:35: NotOpenSSLWarning: urllib3 v2 only supports OpenSSL 1.1.1+, currently the 'ssl' module is compiled with 'LibreSSL 2.8.3'. See: https://github.com/urllib3/urllib3/issues/3020
  warnings.warn(
[32m2026-04-19 14:21:55[0m | [1mINFO    [0m | [36msrc.processing.pipeline[0m — [BPAN4] processando 8 anos (banco=True, CVM=021199)
[32m2026-04-19 14:21:55[0m | [1mINFO    [0m | [36msrc.processing.pipeline[0m — [BPAN4] 2019: OK
[32m2026-04-19 14:21:55[0m | [1mINFO    [0m | [36msrc.processing.pipeline[0m — [BPAN4] 2020: OK
[32m2026-04-19 14:21:55[0m | [1mINFO    [0m | [36msrc.processing.pipeline[0m — [BPAN4] 2021: OK
[32m2026-04-19 14:21:55[0m | [1mINFO    [0m | [36msrc.processing.pipeline[0m — [BPAN4] 2022: OK
[32m2026-04-19 14:21:55[0m | [1mINFO    [0m | [36msrc.processing.pipeline[0m — [BPAN4] 2023: OK
[32m2026-04-19 14:21:55[0m | [1mINFO    [0m | [36msrc.processing.pipeline[0m — [BPAN4] 2024: OK
[DRE] Nenhum dado para cód. CVM 021199 em dfp_cia_aberta_DRE_con_2025.csv
[BPA] Nenhum dado para cód. CVM 021199 em dfp_cia_aberta_BPA_con_2025.csv
[BPP] Nenhum dado para cód. CVM 021199 em dfp_cia_aberta_BPP_con_2025.csv
[DFC] Nenhum dado para cód. CVM 021199 em dfp_cia_aberta_DFC_MI_con_2025.csv
BPAN4 2025: sem dados em /Users/diegocarvalho/Library/CloudStorage/OneDrive-EPEJUD/DIEGO/OBSIDIAN/Analista de Investimentos/12_PYTHON/data/raw/cvm/DFP/2025
[32m2026-04-19 14:21:56[0m | [1mINFO    [0m | [36msrc.processing.pipeline[0m — [BPAN4] 2025: FALHA — BankParser retornou None — dados ausentes no CSV
[32m2026-04-19 14:21:56[0m | [1mINFO    [0m | [36msrc.processing.pipeline[0m — [BPAN4] 2026: FALHA — CSVs não encontrados em /Users/diegocarvalho/Library/CloudStorage/OneDrive-EPEJUD/DIEGO/OBSIDIAN/Analista de Investimentos/12_PYTHON/data/raw/cvm/DFP/2026 — execute 'ingest' primeiro
[32m2026-04-19 14:21:56[0m | [1mINFO    [0m | [36msrc.processing.pipeline[0m — [BPAN4] concluído — ok=0 pulados=6 falhas=2
[32m2026-04-19 14:21:56[0m | [1mINFO    [0m | [36m__main__[0m — Processamento concluído — ok=0 falhas=2
[14:21:56]   ▶ process PINE4
/Users/diegocarvalho/Library/Python/3.9/lib/python/site-packages/urllib3/__init__.py:35: NotOpenSSLWarning: urllib3 v2 only supports OpenSSL 1.1.1+, currently the 'ssl' module is compiled with 'LibreSSL 2.8.3'. See: https://github.com/urllib3/urllib3/issues/3020
  warnings.warn(
[32m2026-04-19 14:21:56[0m | [1mINFO    [0m | [36msrc.processing.pipeline[0m — [PINE4] processando 8 anos (banco=True, CVM=020567)
[32m2026-04-19 14:21:56[0m | [1mINFO    [0m | [36msrc.processing.pipeline[0m — [PINE4] 2019: OK
[32m2026-04-19 14:21:56[0m | [1mINFO    [0m | [36msrc.processing.pipeline[0m — [PINE4] 2020: OK
[32m2026-04-19 14:21:56[0m | [1mINFO    [0m | [36msrc.processing.pipeline[0m — [PINE4] 2021: OK
[32m2026-04-19 14:21:56[0m | [1mINFO    [0m | [36msrc.processing.pipeline[0m — [PINE4] 2022: OK
[32m2026-04-19 14:21:56[0m | [1mINFO    [0m | [36msrc.processing.pipeline[0m — [PINE4] 2023: OK
[32m2026-04-19 14:21:56[0m | [1mINFO    [0m | [36msrc.processing.pipeline[0m — [PINE4] 2024: OK
[32m2026-04-19 14:21:56[0m | [1mINFO    [0m | [36msrc.processing.pipeline[0m — [PINE4] 2025: OK
[32m2026-04-19 14:21:56[0m | [1mINFO    [0m | [36msrc.processing.pipeline[0m — [PINE4] 2026: FALHA — CSVs não encontrados em /Users/diegocarvalho/Library/CloudStorage/OneDrive-EPEJUD/DIEGO/OBSIDIAN/Analista de Investimentos/12_PYTHON/data/raw/cvm/DFP/2026 — execute 'ingest' primeiro
[32m2026-04-19 14:21:56[0m | [1mINFO    [0m | [36msrc.processing.pipeline[0m — [PINE4] concluído — ok=0 pulados=7 falhas=1
[32m2026-04-19 14:21:56[0m | [1mINFO    [0m | [36m__main__[0m — Processamento concluído — ok=0 falhas=1
[14:21:56]   ▶ process INTR4
/Users/diegocarvalho/Library/Python/3.9/lib/python/site-packages/urllib3/__init__.py:35: NotOpenSSLWarning: urllib3 v2 only supports OpenSSL 1.1.1+, currently the 'ssl' module is compiled with 'LibreSSL 2.8.3'. See: https://github.com/urllib3/urllib3/issues/3020
  warnings.warn(
[32m2026-04-19 14:21:56[0m | [1mINFO    [0m | [36msrc.processing.pipeline[0m — [INTR4] processando 8 anos (banco=True, CVM=080217)
[DRE] Nenhum dado para cód. CVM 080217 em dfp_cia_aberta_DRE_con_2019.csv
[BPA] Nenhum dado para cód. CVM 080217 em dfp_cia_aberta_BPA_con_2019.csv
[BPP] Nenhum dado para cód. CVM 080217 em dfp_cia_aberta_BPP_con_2019.csv
[DFC] Nenhum dado para cód. CVM 080217 em dfp_cia_aberta_DFC_MI_con_2019.csv
INTR4 2019: sem dados em /Users/diegocarvalho/Library/CloudStorage/OneDrive-EPEJUD/DIEGO/OBSIDIAN/Analista de Investimentos/12_PYTHON/data/raw/cvm/DFP/2019
[32m2026-04-19 14:21:57[0m | [1mINFO    [0m | [36msrc.processing.pipeline[0m — [INTR4] 2019: FALHA — BankParser retornou None — dados ausentes no CSV
[DRE] Nenhum dado para cód. CVM 080217 em dfp_cia_aberta_DRE_con_2020.csv
[BPA] Nenhum dado para cód. CVM 080217 em dfp_cia_aberta_BPA_con_2020.csv
[BPP] Nenhum dado para cód. CVM 080217 em dfp_cia_aberta_BPP_con_2020.csv
[DFC] Nenhum dado para cód. CVM 080217 em dfp_cia_aberta_DFC_MI_con_2020.csv
INTR4 2020: sem dados em /Users/diegocarvalho/Library/CloudStorage/OneDrive-EPEJUD/DIEGO/OBSIDIAN/Analista de Investimentos/12_PYTHON/data/raw/cvm/DFP/2020
[32m2026-04-19 14:21:57[0m | [1mINFO    [0m | [36msrc.processing.pipeline[0m — [INTR4] 2020: FALHA — BankParser retornou None — dados ausentes no CSV
[32m2026-04-19 14:21:57[0m | [1mINFO    [0m | [36msrc.processing.pipeline[0m — [INTR4] 2021: OK
[32m2026-04-19 14:21:57[0m | [1mINFO    [0m | [36msrc.processing.pipeline[0m — [INTR4] 2022: OK
[32m2026-04-19 14:21:57[0m | [1mINFO    [0m | [36msrc.processing.pipeline[0m — [INTR4] 2023: OK
[32m2026-04-19 14:21:57[0m | [1mINFO    [0m | [36msrc.processing.pipeline[0m — [INTR4] 2024: OK
[32m2026-04-19 14:21:57[0m | [1mINFO    [0m | [36msrc.processing.pipeline[0m — [INTR4] 2025: OK
[32m2026-04-19 14:21:57[0m | [1mINFO    [0m | [36msrc.processing.pipeline[0m — [INTR4] 2026: FALHA — CSVs não encontrados em /Users/diegocarvalho/Library/CloudStorage/OneDrive-EPEJUD/DIEGO/OBSIDIAN/Analista de Investimentos/12_PYTHON/data/raw/cvm/DFP/2026 — execute 'ingest' primeiro
[32m2026-04-19 14:21:57[0m | [1mINFO    [0m | [36msrc.processing.pipeline[0m — [INTR4] concluído — ok=0 pulados=5 falhas=3
[32m2026-04-19 14:21:57[0m | [1mINFO    [0m | [36m__main__[0m — Processamento concluído — ok=0 falhas=3
[14:21:57]   ▶ process ITSA4
/Users/diegocarvalho/Library/Python/3.9/lib/python/site-packages/urllib3/__init__.py:35: NotOpenSSLWarning: urllib3 v2 only supports OpenSSL 1.1.1+, currently the 'ssl' module is compiled with 'LibreSSL 2.8.3'. See: https://github.com/urllib3/urllib3/issues/3020
  warnings.warn(
[32m2026-04-19 14:21:57[0m | [1mINFO    [0m | [36msrc.processing.pipeline[0m — [ITSA4] processando 8 anos (banco=False, CVM=007617)
[32m2026-04-19 14:21:57[0m | [1mINFO    [0m | [36msrc.processing.pipeline[0m — [ITSA4] 2019: OK
[32m2026-04-19 14:21:57[0m | [1mINFO    [0m | [36msrc.processing.pipeline[0m — [ITSA4] 2020: OK
[32m2026-04-19 14:21:57[0m | [1mINFO    [0m | [36msrc.processing.pipeline[0m — [ITSA4] 2021: OK
[32m2026-04-19 14:21:57[0m | [1mINFO    [0m | [36msrc.processing.pipeline[0m — [ITSA4] 2022: OK
[32m2026-04-19 14:21:57[0m | [1mINFO    [0m | [36msrc.processing.pipeline[0m — [ITSA4] 2023: OK
[32m2026-04-19 14:21:57[0m | [1mINFO    [0m | [36msrc.processing.pipeline[0m — [ITSA4] 2024: OK
[32m2026-04-19 14:21:57[0m | [1mINFO    [0m | [36msrc.processing.pipeline[0m — [ITSA4] 2025: OK
[32m2026-04-19 14:21:57[0m | [1mINFO    [0m | [36msrc.processing.pipeline[0m — [ITSA4] 2026: FALHA — CSVs não encontrados em /Users/diegocarvalho/Library/CloudStorage/OneDrive-EPEJUD/DIEGO/OBSIDIAN/Analista de Investimentos/12_PYTHON/data/raw/cvm/DFP/2026 — execute 'ingest' primeiro
[32m2026-04-19 14:21:57[0m | [1mINFO    [0m | [36msrc.processing.pipeline[0m — [ITSA4] concluído — ok=0 pulados=7 falhas=1
[32m2026-04-19 14:21:57[0m | [1mINFO    [0m | [36m__main__[0m — Processamento concluído — ok=0 falhas=1
[14:21:57]   ▶ process BBSE3
/Users/diegocarvalho/Library/Python/3.9/lib/python/site-packages/urllib3/__init__.py:35: NotOpenSSLWarning: urllib3 v2 only supports OpenSSL 1.1.1+, currently the 'ssl' module is compiled with 'LibreSSL 2.8.3'. See: https://github.com/urllib3/urllib3/issues/3020
  warnings.warn(
[32m2026-04-19 14:21:58[0m | [1mINFO    [0m | [36msrc.processing.pipeline[0m — [BBSE3] processando 8 anos (banco=False, CVM=023159)
[32m2026-04-19 14:21:58[0m | [1mINFO    [0m | [36msrc.processing.pipeline[0m — [BBSE3] 2019: OK
[32m2026-04-19 14:21:58[0m | [1mINFO    [0m | [36msrc.processing.pipeline[0m — [BBSE3] 2020: OK
[32m2026-04-19 14:21:59[0m | [1mINFO    [0m | [36msrc.processing.pipeline[0m — [BBSE3] 2021: OK
[32m2026-04-19 14:21:59[0m | [1mINFO    [0m | [36msrc.processing.pipeline[0m — [BBSE3] 2022: OK
[32m2026-04-19 14:21:59[0m | [1mINFO    [0m | [36msrc.processing.pipeline[0m — [BBSE3] 2023: OK
[32m2026-04-19 14:22:00[0m | [1mINFO    [0m | [36msrc.processing.pipeline[0m — [BBSE3] 2024: OK
[32m2026-04-19 14:22:00[0m | [1mINFO    [0m | [36msrc.processing.pipeline[0m — [BBSE3] 2025: OK
[32m2026-04-19 14:22:00[0m | [1mINFO    [0m | [36msrc.processing.pipeline[0m — [BBSE3] 2026: FALHA — CSVs não encontrados em /Users/diegocarvalho/Library/CloudStorage/OneDrive-EPEJUD/DIEGO/OBSIDIAN/Analista de Investimentos/12_PYTHON/data/raw/cvm/DFP/2026 — execute 'ingest' primeiro
[32m2026-04-19 14:22:00[0m | [1mINFO    [0m | [36msrc.processing.pipeline[0m — [BBSE3] concluído — ok=7 pulados=0 falhas=1
[32m2026-04-19 14:22:00[0m | [1mINFO    [0m | [36m__main__[0m — Processamento concluído — ok=7 falhas=1
[14:22:00]   ▶ process BRAP4
/Users/diegocarvalho/Library/Python/3.9/lib/python/site-packages/urllib3/__init__.py:35: NotOpenSSLWarning: urllib3 v2 only supports OpenSSL 1.1.1+, currently the 'ssl' module is compiled with 'LibreSSL 2.8.3'. See: https://github.com/urllib3/urllib3/issues/3020
  warnings.warn(
[32m2026-04-19 14:22:00[0m | [1mINFO    [0m | [36msrc.processing.pipeline[0m — [BRAP4] processando 8 anos (banco=False, CVM=018724)
[32m2026-04-19 14:22:01[0m | [1mINFO    [0m | [36msrc.processing.pipeline[0m — [BRAP4] 2019: OK
[32m2026-04-19 14:22:01[0m | [1mINFO    [0m | [36msrc.processing.pipeline[0m — [BRAP4] 2020: OK
[32m2026-04-19 14:22:01[0m | [1mINFO    [0m | [36msrc.processing.pipeline[0m — [BRAP4] 2021: OK
[32m2026-04-19 14:22:02[0m | [1mINFO    [0m | [36msrc.processing.pipeline[0m — [BRAP4] 2022: OK
[32m2026-04-19 14:22:02[0m | [1mINFO    [0m | [36msrc.processing.pipeline[0m — [BRAP4] 2023: OK
[DRE] Nenhum dado para cód. CVM 018724 em dfp_cia_aberta_DRE_con_2024.csv
[BPA] Nenhum dado para cód. CVM 018724 em dfp_cia_aberta_BPA_con_2024.csv
[BPP] Nenhum dado para cód. CVM 018724 em dfp_cia_aberta_BPP_con_2024.csv
[DFC] Nenhum dado para cód. CVM 018724 em dfp_cia_aberta_DFC_MI_con_2024.csv
[32m2026-04-19 14:22:02[0m | [1mINFO    [0m | [36msrc.processing.pipeline[0m — [BRAP4] 2024: FALHA — DFPParser sem dados — verifique o código CVM
[DRE] Nenhum dado para cód. CVM 018724 em dfp_cia_aberta_DRE_con_2025.csv
[BPA] Nenhum dado para cód. CVM 018724 em dfp_cia_aberta_BPA_con_2025.csv
[BPP] Nenhum dado para cód. CVM 018724 em dfp_cia_aberta_BPP_con_2025.csv
[DFC] Nenhum dado para cód. CVM 018724 em dfp_cia_aberta_DFC_MI_con_2025.csv
[32m2026-04-19 14:22:03[0m | [1mINFO    [0m | [36msrc.processing.pipeline[0m — [BRAP4] 2025: FALHA — DFPParser sem dados — verifique o código CVM
[32m2026-04-19 14:22:03[0m | [1mINFO    [0m | [36msrc.processing.pipeline[0m — [BRAP4] 2026: FALHA — CSVs não encontrados em /Users/diegocarvalho/Library/CloudStorage/OneDrive-EPEJUD/DIEGO/OBSIDIAN/Analista de Investimentos/12_PYTHON/data/raw/cvm/DFP/2026 — execute 'ingest' primeiro
[32m2026-04-19 14:22:03[0m | [1mINFO    [0m | [36msrc.processing.pipeline[0m — [BRAP4] concluído — ok=5 pulados=0 falhas=3
[32m2026-04-19 14:22:03[0m | [1mINFO    [0m | [36m__main__[0m — Processamento concluído — ok=5 falhas=3
[14:22:03]   ▶ process IRBR3
/Users/diegocarvalho/Library/Python/3.9/lib/python/site-packages/urllib3/__init__.py:35: NotOpenSSLWarning: urllib3 v2 only supports OpenSSL 1.1.1+, currently the 'ssl' module is compiled with 'LibreSSL 2.8.3'. See: https://github.com/urllib3/urllib3/issues/3020
  warnings.warn(
[32m2026-04-19 14:22:03[0m | [1mINFO    [0m | [36msrc.processing.pipeline[0m — [IRBR3] processando 8 anos (banco=False, CVM=024180)
[DFC] Nenhum dado para cód. CVM 024180 em dfp_cia_aberta_DFC_MI_con_2019.csv
[32m2026-04-19 14:22:03[0m | [1mINFO    [0m | [36msrc.processing.pipeline[0m — [IRBR3] 2019: OK
[DFC] Nenhum dado para cód. CVM 024180 em dfp_cia_aberta_DFC_MI_con_2020.csv
[32m2026-04-19 14:22:04[0m | [1mINFO    [0m | [36msrc.processing.pipeline[0m — [IRBR3] 2020: OK
[DFC] Nenhum dado para cód. CVM 024180 em dfp_cia_aberta_DFC_MI_con_2021.csv
[32m2026-04-19 14:22:04[0m | [1mINFO    [0m | [36msrc.processing.pipeline[0m — [IRBR3] 2021: OK
[DFC] Nenhum dado para cód. CVM 024180 em dfp_cia_aberta_DFC_MI_con_2022.csv
[32m2026-04-19 14:22:04[0m | [1mINFO    [0m | [36msrc.processing.pipeline[0m — [IRBR3] 2022: OK
[32m2026-04-19 14:22:05[0m | [1mINFO    [0m | [36msrc.processing.pipeline[0m — [IRBR3] 2023: OK
[32m2026-04-19 14:22:05[0m | [1mINFO    [0m | [36msrc.processing.pipeline[0m — [IRBR3] 2024: OK
[32m2026-04-19 14:22:05[0m | [1mINFO    [0m | [36msrc.processing.pipeline[0m — [IRBR3] 2025: OK
[32m2026-04-19 14:22:05[0m | [1mINFO    [0m | [36msrc.processing.pipeline[0m — [IRBR3] 2026: FALHA — CSVs não encontrados em /Users/diegocarvalho/Library/CloudStorage/OneDrive-EPEJUD/DIEGO/OBSIDIAN/Analista de Investimentos/12_PYTHON/data/raw/cvm/DFP/2026 — execute 'ingest' primeiro
[32m2026-04-19 14:22:05[0m | [1mINFO    [0m | [36msrc.processing.pipeline[0m — [IRBR3] concluído — ok=7 pulados=0 falhas=1
[32m2026-04-19 14:22:05[0m | [1mINFO    [0m | [36m__main__[0m — Processamento concluído — ok=7 falhas=1
[14:22:05]   ▶ process PSSA3
/Users/diegocarvalho/Library/Python/3.9/lib/python/site-packages/urllib3/__init__.py:35: NotOpenSSLWarning: urllib3 v2 only supports OpenSSL 1.1.1+, currently the 'ssl' module is compiled with 'LibreSSL 2.8.3'. See: https://github.com/urllib3/urllib3/issues/3020
  warnings.warn(
[32m2026-04-19 14:22:06[0m | [1mINFO    [0m | [36msrc.processing.pipeline[0m — [PSSA3] processando 8 anos (banco=False, CVM=016659)
[32m2026-04-19 14:22:06[0m | [1mINFO    [0m | [36msrc.processing.pipeline[0m — [PSSA3] 2019: OK
[32m2026-04-19 14:22:06[0m | [1mINFO    [0m | [36msrc.processing.pipeline[0m — [PSSA3] 2020: OK
[32m2026-04-19 14:22:07[0m | [1mINFO    [0m | [36msrc.processing.pipeline[0m — [PSSA3] 2021: OK
[32m2026-04-19 14:22:07[0m | [1mINFO    [0m | [36msrc.processing.pipeline[0m — [PSSA3] 2022: OK
[32m2026-04-19 14:22:07[0m | [1mINFO    [0m | [36msrc.processing.pipeline[0m — [PSSA3] 2023: OK
[32m2026-04-19 14:22:08[0m | [1mINFO    [0m | [36msrc.processing.pipeline[0m — [PSSA3] 2024: OK
[32m2026-04-19 14:22:08[0m | [1mINFO    [0m | [36msrc.processing.pipeline[0m — [PSSA3] 2025: OK
[32m2026-04-19 14:22:08[0m | [1mINFO    [0m | [36msrc.processing.pipeline[0m — [PSSA3] 2026: FALHA — CSVs não encontrados em /Users/diegocarvalho/Library/CloudStorage/OneDrive-EPEJUD/DIEGO/OBSIDIAN/Analista de Investimentos/12_PYTHON/data/raw/cvm/DFP/2026 — execute 'ingest' primeiro
[32m2026-04-19 14:22:08[0m | [1mINFO    [0m | [36msrc.processing.pipeline[0m — [PSSA3] concluído — ok=7 pulados=0 falhas=1
[32m2026-04-19 14:22:08[0m | [1mINFO    [0m | [36m__main__[0m — Processamento concluído — ok=7 falhas=1
[14:22:08]   ▶ process CXSE3
/Users/diegocarvalho/Library/Python/3.9/lib/python/site-packages/urllib3/__init__.py:35: NotOpenSSLWarning: urllib3 v2 only supports OpenSSL 1.1.1+, currently the 'ssl' module is compiled with 'LibreSSL 2.8.3'. See: https://github.com/urllib3/urllib3/issues/3020
  warnings.warn(
[32m2026-04-19 14:22:08[0m | [1mINFO    [0m | [36msrc.processing.pipeline[0m — [CXSE3] processando 8 anos (banco=False, CVM=023795)
[DFC] Nenhum dado para cód. CVM 023795 em dfp_cia_aberta_DFC_MI_con_2019.csv
[32m2026-04-19 14:22:09[0m | [1mINFO    [0m | [36msrc.processing.pipeline[0m — [CXSE3] 2019: OK
[32m2026-04-19 14:22:09[0m | [1mINFO    [0m | [36msrc.processing.pipeline[0m — [CXSE3] 2020: OK
[32m2026-04-19 14:22:09[0m | [1mINFO    [0m | [36msrc.processing.pipeline[0m — [CXSE3] 2021: OK
[32m2026-04-19 14:22:10[0m | [1mINFO    [0m | [36msrc.processing.pipeline[0m — [CXSE3] 2022: OK
[32m2026-04-19 14:22:10[0m | [1mINFO    [0m | [36msrc.processing.pipeline[0m — [CXSE3] 2023: OK
[32m2026-04-19 14:22:10[0m | [1mINFO    [0m | [36msrc.processing.pipeline[0m — [CXSE3] 2024: OK
[32m2026-04-19 14:22:11[0m | [1mINFO    [0m | [36msrc.processing.pipeline[0m — [CXSE3] 2025: OK
[32m2026-04-19 14:22:11[0m | [1mINFO    [0m | [36msrc.processing.pipeline[0m — [CXSE3] 2026: FALHA — CSVs não encontrados em /Users/diegocarvalho/Library/CloudStorage/OneDrive-EPEJUD/DIEGO/OBSIDIAN/Analista de Investimentos/12_PYTHON/data/raw/cvm/DFP/2026 — execute 'ingest' primeiro
[32m2026-04-19 14:22:11[0m | [1mINFO    [0m | [36msrc.processing.pipeline[0m — [CXSE3] concluído — ok=7 pulados=0 falhas=1
[32m2026-04-19 14:22:11[0m | [1mINFO    [0m | [36m__main__[0m — Processamento concluído — ok=7 falhas=1
[14:22:11]   ▶ process B3SA3
/Users/diegocarvalho/Library/Python/3.9/lib/python/site-packages/urllib3/__init__.py:35: NotOpenSSLWarning: urllib3 v2 only supports OpenSSL 1.1.1+, currently the 'ssl' module is compiled with 'LibreSSL 2.8.3'. See: https://github.com/urllib3/urllib3/issues/3020
  warnings.warn(
[32m2026-04-19 14:22:11[0m | [1mINFO    [0m | [36msrc.processing.pipeline[0m — [B3SA3] processando 8 anos (banco=False, CVM=021610)
[32m2026-04-19 14:22:11[0m | [1mINFO    [0m | [36msrc.processing.pipeline[0m — [B3SA3] 2019: OK
[32m2026-04-19 14:22:12[0m | [1mINFO    [0m | [36msrc.processing.pipeline[0m — [B3SA3] 2020: OK
[32m2026-04-19 14:22:12[0m | [1mINFO    [0m | [36msrc.processing.pipeline[0m — [B3SA3] 2021: OK
[32m2026-04-19 14:22:12[0m | [1mINFO    [0m | [36msrc.processing.pipeline[0m — [B3SA3] 2022: OK
[32m2026-04-19 14:22:13[0m | [1mINFO    [0m | [36msrc.processing.pipeline[0m — [B3SA3] 2023: OK
[32m2026-04-19 14:22:13[0m | [1mINFO    [0m | [36msrc.processing.pipeline[0m — [B3SA3] 2024: OK
[32m2026-04-19 14:22:13[0m | [1mINFO    [0m | [36msrc.processing.pipeline[0m — [B3SA3] 2025: OK
[32m2026-04-19 14:22:13[0m | [1mINFO    [0m | [36msrc.processing.pipeline[0m — [B3SA3] 2026: FALHA — CSVs não encontrados em /Users/diegocarvalho/Library/CloudStorage/OneDrive-EPEJUD/DIEGO/OBSIDIAN/Analista de Investimentos/12_PYTHON/data/raw/cvm/DFP/2026 — execute 'ingest' primeiro
[32m2026-04-19 14:22:13[0m | [1mINFO    [0m | [36msrc.processing.pipeline[0m — [B3SA3] concluído — ok=7 pulados=0 falhas=1
[32m2026-04-19 14:22:13[0m | [1mINFO    [0m | [36m__main__[0m — Processamento concluído — ok=7 falhas=1
[14:22:13]   ▶ process PETR4
/Users/diegocarvalho/Library/Python/3.9/lib/python/site-packages/urllib3/__init__.py:35: NotOpenSSLWarning: urllib3 v2 only supports OpenSSL 1.1.1+, currently the 'ssl' module is compiled with 'LibreSSL 2.8.3'. See: https://github.com/urllib3/urllib3/issues/3020
  warnings.warn(
[32m2026-04-19 14:22:14[0m | [1mINFO    [0m | [36msrc.processing.pipeline[0m — [PETR4] processando 8 anos (banco=False, CVM=009512)
[32m2026-04-19 14:22:14[0m | [1mINFO    [0m | [36msrc.processing.pipeline[0m — [PETR4] 2019: OK
[32m2026-04-19 14:22:14[0m | [1mINFO    [0m | [36msrc.processing.pipeline[0m — [PETR4] 2020: OK
[32m2026-04-19 14:22:15[0m | [1mINFO    [0m | [36msrc.processing.pipeline[0m — [PETR4] 2021: OK
[32m2026-04-19 14:22:15[0m | [1mINFO    [0m | [36msrc.processing.pipeline[0m — [PETR4] 2022: OK
[32m2026-04-19 14:22:15[0m | [1mINFO    [0m | [36msrc.processing.pipeline[0m — [PETR4] 2023: OK
[32m2026-04-19 14:22:16[0m | [1mINFO    [0m | [36msrc.processing.pipeline[0m — [PETR4] 2024: OK
[32m2026-04-19 14:22:16[0m | [1mINFO    [0m | [36msrc.processing.pipeline[0m — [PETR4] 2025: OK
[32m2026-04-19 14:22:16[0m | [1mINFO    [0m | [36msrc.processing.pipeline[0m — [PETR4] 2026: FALHA — CSVs não encontrados em /Users/diegocarvalho/Library/CloudStorage/OneDrive-EPEJUD/DIEGO/OBSIDIAN/Analista de Investimentos/12_PYTHON/data/raw/cvm/DFP/2026 — execute 'ingest' primeiro
[32m2026-04-19 14:22:16[0m | [1mINFO    [0m | [36msrc.processing.pipeline[0m — [PETR4] concluído — ok=7 pulados=0 falhas=1
[32m2026-04-19 14:22:16[0m | [1mINFO    [0m | [36m__main__[0m — Processamento concluído — ok=7 falhas=1
[14:22:16]   ▶ process PRIO3
/Users/diegocarvalho/Library/Python/3.9/lib/python/site-packages/urllib3/__init__.py:35: NotOpenSSLWarning: urllib3 v2 only supports OpenSSL 1.1.1+, currently the 'ssl' module is compiled with 'LibreSSL 2.8.3'. See: https://github.com/urllib3/urllib3/issues/3020
  warnings.warn(
[32m2026-04-19 14:22:17[0m | [1mINFO    [0m | [36msrc.processing.pipeline[0m — [PRIO3] processando 8 anos (banco=False, CVM=022187)
[32m2026-04-19 14:22:17[0m | [1mINFO    [0m | [36msrc.processing.pipeline[0m — [PRIO3] 2019: OK
[32m2026-04-19 14:22:17[0m | [1mINFO    [0m | [36msrc.processing.pipeline[0m — [PRIO3] 2020: OK
[32m2026-04-19 14:22:17[0m | [1mINFO    [0m | [36msrc.processing.pipeline[0m — [PRIO3] 2021: OK
[32m2026-04-19 14:22:18[0m | [1mINFO    [0m | [36msrc.processing.pipeline[0m — [PRIO3] 2022: OK
[32m2026-04-19 14:22:18[0m | [1mINFO    [0m | [36msrc.processing.pipeline[0m — [PRIO3] 2023: OK
[32m2026-04-19 14:22:18[0m | [1mINFO    [0m | [36msrc.processing.pipeline[0m — [PRIO3] 2024: OK
[32m2026-04-19 14:22:19[0m | [1mINFO    [0m | [36msrc.processing.pipeline[0m — [PRIO3] 2025: OK
[32m2026-04-19 14:22:19[0m | [1mINFO    [0m | [36msrc.processing.pipeline[0m — [PRIO3] 2026: FALHA — CSVs não encontrados em /Users/diegocarvalho/Library/CloudStorage/OneDrive-EPEJUD/DIEGO/OBSIDIAN/Analista de Investimentos/12_PYTHON/data/raw/cvm/DFP/2026 — execute 'ingest' primeiro
[32m2026-04-19 14:22:19[0m | [1mINFO    [0m | [36msrc.processing.pipeline[0m — [PRIO3] concluído — ok=7 pulados=0 falhas=1
[32m2026-04-19 14:22:19[0m | [1mINFO    [0m | [36m__main__[0m — Processamento concluído — ok=7 falhas=1
[14:22:19]   ▶ process BRAV3
/Users/diegocarvalho/Library/Python/3.9/lib/python/site-packages/urllib3/__init__.py:35: NotOpenSSLWarning: urllib3 v2 only supports OpenSSL 1.1.1+, currently the 'ssl' module is compiled with 'LibreSSL 2.8.3'. See: https://github.com/urllib3/urllib3/issues/3020
  warnings.warn(
[32m2026-04-19 14:22:19[0m | [1mINFO    [0m | [36msrc.processing.pipeline[0m — [BRAV3] processando 8 anos (banco=False, CVM=025291)
[32m2026-04-19 14:22:19[0m | [1mINFO    [0m | [36msrc.processing.pipeline[0m — [BRAV3] 2019: OK
[32m2026-04-19 14:22:20[0m | [1mINFO    [0m | [36msrc.processing.pipeline[0m — [BRAV3] 2020: OK
[32m2026-04-19 14:22:20[0m | [1mINFO    [0m | [36msrc.processing.pipeline[0m — [BRAV3] 2021: OK
[32m2026-04-19 14:22:20[0m | [1mINFO    [0m | [36msrc.processing.pipeline[0m — [BRAV3] 2022: OK
[32m2026-04-19 14:22:21[0m | [1mINFO    [0m | [36msrc.processing.pipeline[0m — [BRAV3] 2023: OK
[32m2026-04-19 14:22:21[0m | [1mINFO    [0m | [36msrc.processing.pipeline[0m — [BRAV3] 2024: OK
[32m2026-04-19 14:22:21[0m | [1mINFO    [0m | [36msrc.processing.pipeline[0m — [BRAV3] 2025: OK
[32m2026-04-19 14:22:21[0m | [1mINFO    [0m | [36msrc.processing.pipeline[0m — [BRAV3] 2026: FALHA — CSVs não encontrados em /Users/diegocarvalho/Library/CloudStorage/OneDrive-EPEJUD/DIEGO/OBSIDIAN/Analista de Investimentos/12_PYTHON/data/raw/cvm/DFP/2026 — execute 'ingest' primeiro
[32m2026-04-19 14:22:21[0m | [1mINFO    [0m | [36msrc.processing.pipeline[0m — [BRAV3] concluído — ok=7 pulados=0 falhas=1
[32m2026-04-19 14:22:21[0m | [1mINFO    [0m | [36m__main__[0m — Processamento concluído — ok=7 falhas=1
[14:22:21]   ▶ process RECV3
/Users/diegocarvalho/Library/Python/3.9/lib/python/site-packages/urllib3/__init__.py:35: NotOpenSSLWarning: urllib3 v2 only supports OpenSSL 1.1.1+, currently the 'ssl' module is compiled with 'LibreSSL 2.8.3'. See: https://github.com/urllib3/urllib3/issues/3020
  warnings.warn(
[32m2026-04-19 14:22:22[0m | [1mINFO    [0m | [36msrc.processing.pipeline[0m — [RECV3] processando 8 anos (banco=False, CVM=024643)
[DRE] Nenhum dado para cód. CVM 024643 em dfp_cia_aberta_DRE_con_2019.csv
[BPA] Nenhum dado para cód. CVM 024643 em dfp_cia_aberta_BPA_con_2019.csv
[BPP] Nenhum dado para cód. CVM 024643 em dfp_cia_aberta_BPP_con_2019.csv
[DFC] Nenhum dado para cód. CVM 024643 em dfp_cia_aberta_DFC_MI_con_2019.csv
[32m2026-04-19 14:22:22[0m | [1mINFO    [0m | [36msrc.processing.pipeline[0m — [RECV3] 2019: FALHA — DFPParser sem dados — verifique o código CVM
[DRE] Nenhum dado para cód. CVM 024643 em dfp_cia_aberta_DRE_con_2020.csv
[BPA] Nenhum dado para cód. CVM 024643 em dfp_cia_aberta_BPA_con_2020.csv
[BPP] Nenhum dado para cód. CVM 024643 em dfp_cia_aberta_BPP_con_2020.csv
[DFC] Nenhum dado para cód. CVM 024643 em dfp_cia_aberta_DFC_MI_con_2020.csv
[32m2026-04-19 14:22:22[0m | [1mINFO    [0m | [36msrc.processing.pipeline[0m — [RECV3] 2020: FALHA — DFPParser sem dados — verifique o código CVM
[DRE] Nenhum dado para cód. CVM 024643 em dfp_cia_aberta_DRE_con_2021.csv
[BPA] Nenhum dado para cód. CVM 024643 em dfp_cia_aberta_BPA_con_2021.csv
[BPP] Nenhum dado para cód. CVM 024643 em dfp_cia_aberta_BPP_con_2021.csv
[DFC] Nenhum dado para cód. CVM 024643 em dfp_cia_aberta_DFC_MI_con_2021.csv
[32m2026-04-19 14:22:23[0m | [1mINFO    [0m | [36msrc.processing.pipeline[0m — [RECV3] 2021: FALHA — DFPParser sem dados — verifique o código CVM
[DRE] Nenhum dado para cód. CVM 024643 em dfp_cia_aberta_DRE_con_2022.csv
[BPA] Nenhum dado para cód. CVM 024643 em dfp_cia_aberta_BPA_con_2022.csv
[BPP] Nenhum dado para cód. CVM 024643 em dfp_cia_aberta_BPP_con_2022.csv
[DFC] Nenhum dado para cód. CVM 024643 em dfp_cia_aberta_DFC_MI_con_2022.csv
[32m2026-04-19 14:22:23[0m | [1mINFO    [0m | [36msrc.processing.pipeline[0m — [RECV3] 2022: FALHA — DFPParser sem dados — verifique o código CVM
[DRE] Nenhum dado para cód. CVM 024643 em dfp_cia_aberta_DRE_con_2023.csv
[BPA] Nenhum dado para cód. CVM 024643 em dfp_cia_aberta_BPA_con_2023.csv
[BPP] Nenhum dado para cód. CVM 024643 em dfp_cia_aberta_BPP_con_2023.csv
[DFC] Nenhum dado para cód. CVM 024643 em dfp_cia_aberta_DFC_MI_con_2023.csv
[32m2026-04-19 14:22:23[0m | [1mINFO    [0m | [36msrc.processing.pipeline[0m — [RECV3] 2023: FALHA — DFPParser sem dados — verifique o código CVM
[DRE] Nenhum dado para cód. CVM 024643 em dfp_cia_aberta_DRE_con_2024.csv
[BPA] Nenhum dado para cód. CVM 024643 em dfp_cia_aberta_BPA_con_2024.csv
[BPP] Nenhum dado para cód. CVM 024643 em dfp_cia_aberta_BPP_con_2024.csv
[DFC] Nenhum dado para cód. CVM 024643 em dfp_cia_aberta_DFC_MI_con_2024.csv
[32m2026-04-19 14:22:24[0m | [1mINFO    [0m | [36msrc.processing.pipeline[0m — [RECV3] 2024: FALHA — DFPParser sem dados — verifique o código CVM
[DRE] Nenhum dado para cód. CVM 024643 em dfp_cia_aberta_DRE_con_2025.csv
[BPA] Nenhum dado para cód. CVM 024643 em dfp_cia_aberta_BPA_con_2025.csv
[BPP] Nenhum dado para cód. CVM 024643 em dfp_cia_aberta_BPP_con_2025.csv
[DFC] Nenhum dado para cód. CVM 024643 em dfp_cia_aberta_DFC_MI_con_2025.csv
[32m2026-04-19 14:22:24[0m | [1mINFO    [0m | [36msrc.processing.pipeline[0m — [RECV3] 2025: FALHA — DFPParser sem dados — verifique o código CVM
[32m2026-04-19 14:22:24[0m | [1mINFO    [0m | [36msrc.processing.pipeline[0m — [RECV3] 2026: FALHA — CSVs não encontrados em /Users/diegocarvalho/Library/CloudStorage/OneDrive-EPEJUD/DIEGO/OBSIDIAN/Analista de Investimentos/12_PYTHON/data/raw/cvm/DFP/2026 — execute 'ingest' primeiro
[32m2026-04-19 14:22:24[0m | [1mINFO    [0m | [36msrc.processing.pipeline[0m — [RECV3] concluído — ok=0 pulados=0 falhas=8
[32m2026-04-19 14:22:24[0m | [1mINFO    [0m | [36m__main__[0m — Processamento concluído — ok=0 falhas=8
[14:22:24]   ▶ process VBBR3
/Users/diegocarvalho/Library/Python/3.9/lib/python/site-packages/urllib3/__init__.py:35: NotOpenSSLWarning: urllib3 v2 only supports OpenSSL 1.1.1+, currently the 'ssl' module is compiled with 'LibreSSL 2.8.3'. See: https://github.com/urllib3/urllib3/issues/3020
  warnings.warn(
[32m2026-04-19 14:22:25[0m | [1mINFO    [0m | [36msrc.processing.pipeline[0m — [VBBR3] processando 8 anos (banco=False, CVM=024295)
[32m2026-04-19 14:22:25[0m | [1mINFO    [0m | [36msrc.processing.pipeline[0m — [VBBR3] 2019: OK
[32m2026-04-19 14:22:25[0m | [1mINFO    [0m | [36msrc.processing.pipeline[0m — [VBBR3] 2020: OK
[32m2026-04-19 14:22:25[0m | [1mINFO    [0m | [36msrc.processing.pipeline[0m — [VBBR3] 2021: OK
[32m2026-04-19 14:22:26[0m | [1mINFO    [0m | [36msrc.processing.pipeline[0m — [VBBR3] 2022: OK
[32m2026-04-19 14:22:26[0m | [1mINFO    [0m | [36msrc.processing.pipeline[0m — [VBBR3] 2023: OK
[32m2026-04-19 14:22:26[0m | [1mINFO    [0m | [36msrc.processing.pipeline[0m — [VBBR3] 2024: OK
[32m2026-04-19 14:22:27[0m | [1mINFO    [0m | [36msrc.processing.pipeline[0m — [VBBR3] 2025: OK
[32m2026-04-19 14:22:27[0m | [1mINFO    [0m | [36msrc.processing.pipeline[0m — [VBBR3] 2026: FALHA — CSVs não encontrados em /Users/diegocarvalho/Library/CloudStorage/OneDrive-EPEJUD/DIEGO/OBSIDIAN/Analista de Investimentos/12_PYTHON/data/raw/cvm/DFP/2026 — execute 'ingest' primeiro
[32m2026-04-19 14:22:27[0m | [1mINFO    [0m | [36msrc.processing.pipeline[0m — [VBBR3] concluído — ok=7 pulados=0 falhas=1
[32m2026-04-19 14:22:27[0m | [1mINFO    [0m | [36m__main__[0m — Processamento concluído — ok=7 falhas=1
[14:22:27]   ▶ process RAIZ4
/Users/diegocarvalho/Library/Python/3.9/lib/python/site-packages/urllib3/__init__.py:35: NotOpenSSLWarning: urllib3 v2 only supports OpenSSL 1.1.1+, currently the 'ssl' module is compiled with 'LibreSSL 2.8.3'. See: https://github.com/urllib3/urllib3/issues/3020
  warnings.warn(
[32m2026-04-19 14:22:27[0m | [1mINFO    [0m | [36msrc.processing.pipeline[0m — [RAIZ4] processando 8 anos (banco=False, CVM=023230)
[32m2026-04-19 14:22:27[0m | [1mINFO    [0m | [36msrc.processing.pipeline[0m — [RAIZ4] 2019: OK
[32m2026-04-19 14:22:28[0m | [1mINFO    [0m | [36msrc.processing.pipeline[0m — [RAIZ4] 2020: OK
[32m2026-04-19 14:22:28[0m | [1mINFO    [0m | [36msrc.processing.pipeline[0m — [RAIZ4] 2021: OK
[32m2026-04-19 14:22:28[0m | [1mINFO    [0m | [36msrc.processing.pipeline[0m — [RAIZ4] 2022: OK
[32m2026-04-19 14:22:29[0m | [1mINFO    [0m | [36msrc.processing.pipeline[0m — [RAIZ4] 2023: OK
[32m2026-04-19 14:22:29[0m | [1mINFO    [0m | [36msrc.processing.pipeline[0m — [RAIZ4] 2024: OK
[32m2026-04-19 14:22:29[0m | [1mINFO    [0m | [36msrc.processing.pipeline[0m — [RAIZ4] 2025: OK
[32m2026-04-19 14:22:29[0m | [1mINFO    [0m | [36msrc.processing.pipeline[0m — [RAIZ4] 2026: FALHA — CSVs não encontrados em /Users/diegocarvalho/Library/CloudStorage/OneDrive-EPEJUD/DIEGO/OBSIDIAN/Analista de Investimentos/12_PYTHON/data/raw/cvm/DFP/2026 — execute 'ingest' primeiro
[32m2026-04-19 14:22:29[0m | [1mINFO    [0m | [36msrc.processing.pipeline[0m — [RAIZ4] concluído — ok=7 pulados=0 falhas=1
[32m2026-04-19 14:22:29[0m | [1mINFO    [0m | [36m__main__[0m — Processamento concluído — ok=7 falhas=1
[14:22:29]   ▶ process ENEV3
/Users/diegocarvalho/Library/Python/3.9/lib/python/site-packages/urllib3/__init__.py:35: NotOpenSSLWarning: urllib3 v2 only supports OpenSSL 1.1.1+, currently the 'ssl' module is compiled with 'LibreSSL 2.8.3'. See: https://github.com/urllib3/urllib3/issues/3020
  warnings.warn(
[32m2026-04-19 14:22:30[0m | [1mINFO    [0m | [36msrc.processing.pipeline[0m — [ENEV3] processando 8 anos (banco=False, CVM=021237)
[32m2026-04-19 14:22:30[0m | [1mINFO    [0m | [36msrc.processing.pipeline[0m — [ENEV3] 2019: OK
[32m2026-04-19 14:22:30[0m | [1mINFO    [0m | [36msrc.processing.pipeline[0m — [ENEV3] 2020: OK
[32m2026-04-19 14:22:31[0m | [1mINFO    [0m | [36msrc.processing.pipeline[0m — [ENEV3] 2021: OK
[32m2026-04-19 14:22:31[0m | [1mINFO    [0m | [36msrc.processing.pipeline[0m — [ENEV3] 2022: OK
[32m2026-04-19 14:22:31[0m | [1mINFO    [0m | [36msrc.processing.pipeline[0m — [ENEV3] 2023: OK
[32m2026-04-19 14:22:32[0m | [1mINFO    [0m | [36msrc.processing.pipeline[0m — [ENEV3] 2024: OK
[32m2026-04-19 14:22:32[0m | [1mINFO    [0m | [36msrc.processing.pipeline[0m — [ENEV3] 2025: OK
[32m2026-04-19 14:22:32[0m | [1mINFO    [0m | [36msrc.processing.pipeline[0m — [ENEV3] 2026: FALHA — CSVs não encontrados em /Users/diegocarvalho/Library/CloudStorage/OneDrive-EPEJUD/DIEGO/OBSIDIAN/Analista de Investimentos/12_PYTHON/data/raw/cvm/DFP/2026 — execute 'ingest' primeiro
[32m2026-04-19 14:22:32[0m | [1mINFO    [0m | [36msrc.processing.pipeline[0m — [ENEV3] concluído — ok=7 pulados=0 falhas=1
[32m2026-04-19 14:22:32[0m | [1mINFO    [0m | [36m__main__[0m — Processamento concluído — ok=7 falhas=1
[14:22:32]   ▶ process CSAN3
/Users/diegocarvalho/Library/Python/3.9/lib/python/site-packages/urllib3/__init__.py:35: NotOpenSSLWarning: urllib3 v2 only supports OpenSSL 1.1.1+, currently the 'ssl' module is compiled with 'LibreSSL 2.8.3'. See: https://github.com/urllib3/urllib3/issues/3020
  warnings.warn(
[32m2026-04-19 14:22:33[0m | [1mINFO    [0m | [36msrc.processing.pipeline[0m — [CSAN3] processando 8 anos (banco=False, CVM=019836)
[32m2026-04-19 14:22:33[0m | [1mINFO    [0m | [36msrc.processing.pipeline[0m — [CSAN3] 2019: OK
[32m2026-04-19 14:22:33[0m | [1mINFO    [0m | [36msrc.processing.pipeline[0m — [CSAN3] 2020: OK
[32m2026-04-19 14:22:33[0m | [1mINFO    [0m | [36msrc.processing.pipeline[0m — [CSAN3] 2021: OK
[32m2026-04-19 14:22:34[0m | [1mINFO    [0m | [36msrc.processing.pipeline[0m — [CSAN3] 2022: OK
[32m2026-04-19 14:22:34[0m | [1mINFO    [0m | [36msrc.processing.pipeline[0m — [CSAN3] 2023: OK
[32m2026-04-19 14:22:34[0m | [1mINFO    [0m | [36msrc.processing.pipeline[0m — [CSAN3] 2024: OK
[32m2026-04-19 14:22:35[0m | [1mINFO    [0m | [36msrc.processing.pipeline[0m — [CSAN3] 2025: OK
[32m2026-04-19 14:22:35[0m | [1mINFO    [0m | [36msrc.processing.pipeline[0m — [CSAN3] 2026: FALHA — CSVs não encontrados em /Users/diegocarvalho/Library/CloudStorage/OneDrive-EPEJUD/DIEGO/OBSIDIAN/Analista de Investimentos/12_PYTHON/data/raw/cvm/DFP/2026 — execute 'ingest' primeiro
[32m2026-04-19 14:22:35[0m | [1mINFO    [0m | [36msrc.processing.pipeline[0m — [CSAN3] concluído — ok=7 pulados=0 falhas=1
[32m2026-04-19 14:22:35[0m | [1mINFO    [0m | [36m__main__[0m — Processamento concluído — ok=7 falhas=1
[14:22:35]   ▶ process VALE3
/Users/diegocarvalho/Library/Python/3.9/lib/python/site-packages/urllib3/__init__.py:35: NotOpenSSLWarning: urllib3 v2 only supports OpenSSL 1.1.1+, currently the 'ssl' module is compiled with 'LibreSSL 2.8.3'. See: https://github.com/urllib3/urllib3/issues/3020
  warnings.warn(
[32m2026-04-19 14:22:35[0m | [1mINFO    [0m | [36msrc.processing.pipeline[0m — [VALE3] processando 8 anos (banco=False, CVM=004170)
[32m2026-04-19 14:22:35[0m | [1mINFO    [0m | [36msrc.processing.pipeline[0m — [VALE3] 2019: OK
[32m2026-04-19 14:22:36[0m | [1mINFO    [0m | [36msrc.processing.pipeline[0m — [VALE3] 2020: OK
[32m2026-04-19 14:22:36[0m | [1mINFO    [0m | [36msrc.processing.pipeline[0m — [VALE3] 2021: OK
[32m2026-04-19 14:22:36[0m | [1mINFO    [0m | [36msrc.processing.pipeline[0m — [VALE3] 2022: OK
[32m2026-04-19 14:22:37[0m | [1mINFO    [0m | [36msrc.processing.pipeline[0m — [VALE3] 2023: OK
[32m2026-04-19 14:22:37[0m | [1mINFO    [0m | [36msrc.processing.pipeline[0m — [VALE3] 2024: OK
[32m2026-04-19 14:22:37[0m | [1mINFO    [0m | [36msrc.processing.pipeline[0m — [VALE3] 2025: OK
[32m2026-04-19 14:22:37[0m | [1mINFO    [0m | [36msrc.processing.pipeline[0m — [VALE3] 2026: FALHA — CSVs não encontrados em /Users/diegocarvalho/Library/CloudStorage/OneDrive-EPEJUD/DIEGO/OBSIDIAN/Analista de Investimentos/12_PYTHON/data/raw/cvm/DFP/2026 — execute 'ingest' primeiro
[32m2026-04-19 14:22:37[0m | [1mINFO    [0m | [36msrc.processing.pipeline[0m — [VALE3] concluído — ok=7 pulados=0 falhas=1
[32m2026-04-19 14:22:37[0m | [1mINFO    [0m | [36m__main__[0m — Processamento concluído — ok=7 falhas=1
[14:22:38]   ▶ process CMIN3
/Users/diegocarvalho/Library/Python/3.9/lib/python/site-packages/urllib3/__init__.py:35: NotOpenSSLWarning: urllib3 v2 only supports OpenSSL 1.1.1+, currently the 'ssl' module is compiled with 'LibreSSL 2.8.3'. See: https://github.com/urllib3/urllib3/issues/3020
  warnings.warn(
[32m2026-04-19 14:22:38[0m | [1mINFO    [0m | [36msrc.processing.pipeline[0m — [CMIN3] processando 8 anos (banco=False, CVM=025585)
[32m2026-04-19 14:22:38[0m | [1mINFO    [0m | [36msrc.processing.pipeline[0m — [CMIN3] 2019: OK
[32m2026-04-19 14:22:38[0m | [1mINFO    [0m | [36msrc.processing.pipeline[0m — [CMIN3] 2020: OK
[32m2026-04-19 14:22:39[0m | [1mINFO    [0m | [36msrc.processing.pipeline[0m — [CMIN3] 2021: OK
[32m2026-04-19 14:22:39[0m | [1mINFO    [0m | [36msrc.processing.pipeline[0m — [CMIN3] 2022: OK
[32m2026-04-19 14:22:39[0m | [1mINFO    [0m | [36msrc.processing.pipeline[0m — [CMIN3] 2023: OK
[32m2026-04-19 14:22:40[0m | [1mINFO    [0m | [36msrc.processing.pipeline[0m — [CMIN3] 2024: OK
[32m2026-04-19 14:22:40[0m | [1mINFO    [0m | [36msrc.processing.pipeline[0m — [CMIN3] 2025: OK
[32m2026-04-19 14:22:40[0m | [1mINFO    [0m | [36msrc.processing.pipeline[0m — [CMIN3] 2026: FALHA — CSVs não encontrados em /Users/diegocarvalho/Library/CloudStorage/OneDrive-EPEJUD/DIEGO/OBSIDIAN/Analista de Investimentos/12_PYTHON/data/raw/cvm/DFP/2026 — execute 'ingest' primeiro
[32m2026-04-19 14:22:40[0m | [1mINFO    [0m | [36msrc.processing.pipeline[0m — [CMIN3] concluído — ok=7 pulados=0 falhas=1
[32m2026-04-19 14:22:40[0m | [1mINFO    [0m | [36m__main__[0m — Processamento concluído — ok=7 falhas=1
[14:22:40]   ▶ process GGBR4
/Users/diegocarvalho/Library/Python/3.9/lib/python/site-packages/urllib3/__init__.py:35: NotOpenSSLWarning: urllib3 v2 only supports OpenSSL 1.1.1+, currently the 'ssl' module is compiled with 'LibreSSL 2.8.3'. See: https://github.com/urllib3/urllib3/issues/3020
  warnings.warn(
[32m2026-04-19 14:22:41[0m | [1mINFO    [0m | [36msrc.processing.pipeline[0m — [GGBR4] processando 8 anos (banco=False, CVM=003980)
[32m2026-04-19 14:22:41[0m | [1mINFO    [0m | [36msrc.processing.pipeline[0m — [GGBR4] 2019: OK
[32m2026-04-19 14:22:41[0m | [1mINFO    [0m | [36msrc.processing.pipeline[0m — [GGBR4] 2020: OK
[32m2026-04-19 14:22:41[0m | [1mINFO    [0m | [36msrc.processing.pipeline[0m — [GGBR4] 2021: OK
[32m2026-04-19 14:22:42[0m | [1mINFO    [0m | [36msrc.processing.pipeline[0m — [GGBR4] 2022: OK
[32m2026-04-19 14:22:42[0m | [1mINFO    [0m | [36msrc.processing.pipeline[0m — [GGBR4] 2023: OK
[32m2026-04-19 14:22:43[0m | [1mINFO    [0m | [36msrc.processing.pipeline[0m — [GGBR4] 2024: OK
[32m2026-04-19 14:22:43[0m | [1mINFO    [0m | [36msrc.processing.pipeline[0m — [GGBR4] 2025: OK
[32m2026-04-19 14:22:43[0m | [1mINFO    [0m | [36msrc.processing.pipeline[0m — [GGBR4] 2026: FALHA — CSVs não encontrados em /Users/diegocarvalho/Library/CloudStorage/OneDrive-EPEJUD/DIEGO/OBSIDIAN/Analista de Investimentos/12_PYTHON/data/raw/cvm/DFP/2026 — execute 'ingest' primeiro
[32m2026-04-19 14:22:43[0m | [1mINFO    [0m | [36msrc.processing.pipeline[0m — [GGBR4] concluído — ok=7 pulados=0 falhas=1
[32m2026-04-19 14:22:43[0m | [1mINFO    [0m | [36m__main__[0m — Processamento concluído — ok=7 falhas=1
[14:22:43]   ▶ process GOAU4
/Users/diegocarvalho/Library/Python/3.9/lib/python/site-packages/urllib3/__init__.py:35: NotOpenSSLWarning: urllib3 v2 only supports OpenSSL 1.1.1+, currently the 'ssl' module is compiled with 'LibreSSL 2.8.3'. See: https://github.com/urllib3/urllib3/issues/3020
  warnings.warn(
[32m2026-04-19 14:22:43[0m | [1mINFO    [0m | [36msrc.processing.pipeline[0m — [GOAU4] processando 8 anos (banco=False, CVM=008656)
[32m2026-04-19 14:22:44[0m | [1mINFO    [0m | [36msrc.processing.pipeline[0m — [GOAU4] 2019: OK
[32m2026-04-19 14:22:44[0m | [1mINFO    [0m | [36msrc.processing.pipeline[0m — [GOAU4] 2020: OK
[32m2026-04-19 14:22:44[0m | [1mINFO    [0m | [36msrc.processing.pipeline[0m — [GOAU4] 2021: OK
[32m2026-04-19 14:22:44[0m | [1mINFO    [0m | [36msrc.processing.pipeline[0m — [GOAU4] 2022: OK
[32m2026-04-19 14:22:45[0m | [1mINFO    [0m | [36msrc.processing.pipeline[0m — [GOAU4] 2023: OK
[32m2026-04-19 14:22:45[0m | [1mINFO    [0m | [36msrc.processing.pipeline[0m — [GOAU4] 2024: OK
[32m2026-04-19 14:22:45[0m | [1mINFO    [0m | [36msrc.processing.pipeline[0m — [GOAU4] 2025: OK
[32m2026-04-19 14:22:45[0m | [1mINFO    [0m | [36msrc.processing.pipeline[0m — [GOAU4] 2026: FALHA — CSVs não encontrados em /Users/diegocarvalho/Library/CloudStorage/OneDrive-EPEJUD/DIEGO/OBSIDIAN/Analista de Investimentos/12_PYTHON/data/raw/cvm/DFP/2026 — execute 'ingest' primeiro
[32m2026-04-19 14:22:45[0m | [1mINFO    [0m | [36msrc.processing.pipeline[0m — [GOAU4] concluído — ok=7 pulados=0 falhas=1
[32m2026-04-19 14:22:45[0m | [1mINFO    [0m | [36m__main__[0m — Processamento concluído — ok=7 falhas=1
[14:22:46]   ▶ process CSNA3
/Users/diegocarvalho/Library/Python/3.9/lib/python/site-packages/urllib3/__init__.py:35: NotOpenSSLWarning: urllib3 v2 only supports OpenSSL 1.1.1+, currently the 'ssl' module is compiled with 'LibreSSL 2.8.3'. See: https://github.com/urllib3/urllib3/issues/3020
  warnings.warn(
[32m2026-04-19 14:22:46[0m | [1mINFO    [0m | [36msrc.processing.pipeline[0m — [CSNA3] processando 8 anos (banco=False, CVM=004030)
[32m2026-04-19 14:22:46[0m | [1mINFO    [0m | [36msrc.processing.pipeline[0m — [CSNA3] 2019: OK
[32m2026-04-19 14:22:46[0m | [1mINFO    [0m | [36msrc.processing.pipeline[0m — [CSNA3] 2020: OK
[32m2026-04-19 14:22:47[0m | [1mINFO    [0m | [36msrc.processing.pipeline[0m — [CSNA3] 2021: OK
[32m2026-04-19 14:22:47[0m | [1mINFO    [0m | [36msrc.processing.pipeline[0m — [CSNA3] 2022: OK
[32m2026-04-19 14:22:48[0m | [1mINFO    [0m | [36msrc.processing.pipeline[0m — [CSNA3] 2023: OK
[32m2026-04-19 14:22:48[0m | [1mINFO    [0m | [36msrc.processing.pipeline[0m — [CSNA3] 2024: OK
[32m2026-04-19 14:22:48[0m | [1mINFO    [0m | [36msrc.processing.pipeline[0m — [CSNA3] 2025: OK
[32m2026-04-19 14:22:48[0m | [1mINFO    [0m | [36msrc.processing.pipeline[0m — [CSNA3] 2026: FALHA — CSVs não encontrados em /Users/diegocarvalho/Library/CloudStorage/OneDrive-EPEJUD/DIEGO/OBSIDIAN/Analista de Investimentos/12_PYTHON/data/raw/cvm/DFP/2026 — execute 'ingest' primeiro
[32m2026-04-19 14:22:48[0m | [1mINFO    [0m | [36msrc.processing.pipeline[0m — [CSNA3] concluído — ok=7 pulados=0 falhas=1
[32m2026-04-19 14:22:48[0m | [1mINFO    [0m | [36m__main__[0m — Processamento concluído — ok=7 falhas=1
[14:22:48]   ▶ process USIM5
/Users/diegocarvalho/Library/Python/3.9/lib/python/site-packages/urllib3/__init__.py:35: NotOpenSSLWarning: urllib3 v2 only supports OpenSSL 1.1.1+, currently the 'ssl' module is compiled with 'LibreSSL 2.8.3'. See: https://github.com/urllib3/urllib3/issues/3020
  warnings.warn(
[32m2026-04-19 14:22:49[0m | [1mINFO    [0m | [36msrc.processing.pipeline[0m — [USIM5] processando 8 anos (banco=False, CVM=014320)
[32m2026-04-19 14:22:49[0m | [1mINFO    [0m | [36msrc.processing.pipeline[0m — [USIM5] 2019: OK
[32m2026-04-19 14:22:49[0m | [1mINFO    [0m | [36msrc.processing.pipeline[0m — [USIM5] 2020: OK
[32m2026-04-19 14:22:49[0m | [1mINFO    [0m | [36msrc.processing.pipeline[0m — [USIM5] 2021: OK
[32m2026-04-19 14:22:50[0m | [1mINFO    [0m | [36msrc.processing.pipeline[0m — [USIM5] 2022: OK
[32m2026-04-19 14:22:50[0m | [1mINFO    [0m | [36msrc.processing.pipeline[0m — [USIM5] 2023: OK
[32m2026-04-19 14:22:51[0m | [1mINFO    [0m | [36msrc.processing.pipeline[0m — [USIM5] 2024: OK
[32m2026-04-19 14:22:51[0m | [1mINFO    [0m | [36msrc.processing.pipeline[0m — [USIM5] 2025: OK
[32m2026-04-19 14:22:51[0m | [1mINFO    [0m | [36msrc.processing.pipeline[0m — [USIM5] 2026: FALHA — CSVs não encontrados em /Users/diegocarvalho/Library/CloudStorage/OneDrive-EPEJUD/DIEGO/OBSIDIAN/Analista de Investimentos/12_PYTHON/data/raw/cvm/DFP/2026 — execute 'ingest' primeiro
[32m2026-04-19 14:22:51[0m | [1mINFO    [0m | [36msrc.processing.pipeline[0m — [USIM5] concluído — ok=7 pulados=0 falhas=1
[32m2026-04-19 14:22:51[0m | [1mINFO    [0m | [36m__main__[0m — Processamento concluído — ok=7 falhas=1
[14:22:51]   ▶ process BRKM5
/Users/diegocarvalho/Library/Python/3.9/lib/python/site-packages/urllib3/__init__.py:35: NotOpenSSLWarning: urllib3 v2 only supports OpenSSL 1.1.1+, currently the 'ssl' module is compiled with 'LibreSSL 2.8.3'. See: https://github.com/urllib3/urllib3/issues/3020
  warnings.warn(
[32m2026-04-19 14:22:51[0m | [1mINFO    [0m | [36msrc.processing.pipeline[0m — [BRKM5] processando 8 anos (banco=False, CVM=004820)
[32m2026-04-19 14:22:52[0m | [1mINFO    [0m | [36msrc.processing.pipeline[0m — [BRKM5] 2019: OK
[32m2026-04-19 14:22:52[0m | [1mINFO    [0m | [36msrc.processing.pipeline[0m — [BRKM5] 2020: OK
[32m2026-04-19 14:22:52[0m | [1mINFO    [0m | [36msrc.processing.pipeline[0m — [BRKM5] 2021: OK
[32m2026-04-19 14:22:52[0m | [1mINFO    [0m | [36msrc.processing.pipeline[0m — [BRKM5] 2022: OK
[32m2026-04-19 14:22:53[0m | [1mINFO    [0m | [36msrc.processing.pipeline[0m — [BRKM5] 2023: OK
[32m2026-04-19 14:22:53[0m | [1mINFO    [0m | [36msrc.processing.pipeline[0m — [BRKM5] 2024: OK
[32m2026-04-19 14:22:54[0m | [1mINFO    [0m | [36msrc.processing.pipeline[0m — [BRKM5] 2025: OK
[32m2026-04-19 14:22:54[0m | [1mINFO    [0m | [36msrc.processing.pipeline[0m — [BRKM5] 2026: FALHA — CSVs não encontrados em /Users/diegocarvalho/Library/CloudStorage/OneDrive-EPEJUD/DIEGO/OBSIDIAN/Analista de Investimentos/12_PYTHON/data/raw/cvm/DFP/2026 — execute 'ingest' primeiro
[32m2026-04-19 14:22:54[0m | [1mINFO    [0m | [36msrc.processing.pipeline[0m — [BRKM5] concluído — ok=7 pulados=0 falhas=1
[32m2026-04-19 14:22:54[0m | [1mINFO    [0m | [36m__main__[0m — Processamento concluído — ok=7 falhas=1
[14:22:54]   ▶ process ELET3
/Users/diegocarvalho/Library/Python/3.9/lib/python/site-packages/urllib3/__init__.py:35: NotOpenSSLWarning: urllib3 v2 only supports OpenSSL 1.1.1+, currently the 'ssl' module is compiled with 'LibreSSL 2.8.3'. See: https://github.com/urllib3/urllib3/issues/3020
  warnings.warn(
[32m2026-04-19 14:22:54[0m | [1mINFO    [0m | [36msrc.processing.pipeline[0m — [ELET3] processando 8 anos (banco=False, CVM=001058)
[DRE] Nenhum dado para cód. CVM 001058 em dfp_cia_aberta_DRE_con_2019.csv
[BPA] Nenhum dado para cód. CVM 001058 em dfp_cia_aberta_BPA_con_2019.csv
[BPP] Nenhum dado para cód. CVM 001058 em dfp_cia_aberta_BPP_con_2019.csv
[DFC] Nenhum dado para cód. CVM 001058 em dfp_cia_aberta_DFC_MI_con_2019.csv
[32m2026-04-19 14:22:54[0m | [1mINFO    [0m | [36msrc.processing.pipeline[0m — [ELET3] 2019: FALHA — DFPParser sem dados — verifique o código CVM
[DRE] Nenhum dado para cód. CVM 001058 em dfp_cia_aberta_DRE_con_2020.csv
[BPA] Nenhum dado para cód. CVM 001058 em dfp_cia_aberta_BPA_con_2020.csv
[BPP] Nenhum dado para cód. CVM 001058 em dfp_cia_aberta_BPP_con_2020.csv
[DFC] Nenhum dado para cód. CVM 001058 em dfp_cia_aberta_DFC_MI_con_2020.csv
[32m2026-04-19 14:22:54[0m | [1mINFO    [0m | [36msrc.processing.pipeline[0m — [ELET3] 2020: FALHA — DFPParser sem dados — verifique o código CVM
[DRE] Nenhum dado para cód. CVM 001058 em dfp_cia_aberta_DRE_con_2021.csv
[BPA] Nenhum dado para cód. CVM 001058 em dfp_cia_aberta_BPA_con_2021.csv
[BPP] Nenhum dado para cód. CVM 001058 em dfp_cia_aberta_BPP_con_2021.csv
[DFC] Nenhum dado para cód. CVM 001058 em dfp_cia_aberta_DFC_MI_con_2021.csv
[32m2026-04-19 14:22:55[0m | [1mINFO    [0m | [36msrc.processing.pipeline[0m — [ELET3] 2021: FALHA — DFPParser sem dados — verifique o código CVM
[DRE] Nenhum dado para cód. CVM 001058 em dfp_cia_aberta_DRE_con_2022.csv
[BPA] Nenhum dado para cód. CVM 001058 em dfp_cia_aberta_BPA_con_2022.csv
[BPP] Nenhum dado para cód. CVM 001058 em dfp_cia_aberta_BPP_con_2022.csv
[DFC] Nenhum dado para cód. CVM 001058 em dfp_cia_aberta_DFC_MI_con_2022.csv
[32m2026-04-19 14:22:55[0m | [1mINFO    [0m | [36msrc.processing.pipeline[0m — [ELET3] 2022: FALHA — DFPParser sem dados — verifique o código CVM
[DRE] Nenhum dado para cód. CVM 001058 em dfp_cia_aberta_DRE_con_2023.csv
[BPA] Nenhum dado para cód. CVM 001058 em dfp_cia_aberta_BPA_con_2023.csv
[BPP] Nenhum dado para cód. CVM 001058 em dfp_cia_aberta_BPP_con_2023.csv
[DFC] Nenhum dado para cód. CVM 001058 em dfp_cia_aberta_DFC_MI_con_2023.csv
[32m2026-04-19 14:22:55[0m | [1mINFO    [0m | [36msrc.processing.pipeline[0m — [ELET3] 2023: FALHA — DFPParser sem dados — verifique o código CVM
[DRE] Nenhum dado para cód. CVM 001058 em dfp_cia_aberta_DRE_con_2024.csv
[BPA] Nenhum dado para cód. CVM 001058 em dfp_cia_aberta_BPA_con_2024.csv
[BPP] Nenhum dado para cód. CVM 001058 em dfp_cia_aberta_BPP_con_2024.csv
[DFC] Nenhum dado para cód. CVM 001058 em dfp_cia_aberta_DFC_MI_con_2024.csv
[32m2026-04-19 14:22:56[0m | [1mINFO    [0m | [36msrc.processing.pipeline[0m — [ELET3] 2024: FALHA — DFPParser sem dados — verifique o código CVM
[DRE] Nenhum dado para cód. CVM 001058 em dfp_cia_aberta_DRE_con_2025.csv
[BPA] Nenhum dado para cód. CVM 001058 em dfp_cia_aberta_BPA_con_2025.csv
[BPP] Nenhum dado para cód. CVM 001058 em dfp_cia_aberta_BPP_con_2025.csv
[DFC] Nenhum dado para cód. CVM 001058 em dfp_cia_aberta_DFC_MI_con_2025.csv
[32m2026-04-19 14:22:56[0m | [1mINFO    [0m | [36msrc.processing.pipeline[0m — [ELET3] 2025: FALHA — DFPParser sem dados — verifique o código CVM
[32m2026-04-19 14:22:56[0m | [1mINFO    [0m | [36msrc.processing.pipeline[0m — [ELET3] 2026: FALHA — CSVs não encontrados em /Users/diegocarvalho/Library/CloudStorage/OneDrive-EPEJUD/DIEGO/OBSIDIAN/Analista de Investimentos/12_PYTHON/data/raw/cvm/DFP/2026 — execute 'ingest' primeiro
[32m2026-04-19 14:22:56[0m | [1mINFO    [0m | [36msrc.processing.pipeline[0m — [ELET3] concluído — ok=0 pulados=0 falhas=8
[32m2026-04-19 14:22:56[0m | [1mINFO    [0m | [36m__main__[0m — Processamento concluído — ok=0 falhas=8
[14:22:56]   ▶ process CMIG4
/Users/diegocarvalho/Library/Python/3.9/lib/python/site-packages/urllib3/__init__.py:35: NotOpenSSLWarning: urllib3 v2 only supports OpenSSL 1.1.1+, currently the 'ssl' module is compiled with 'LibreSSL 2.8.3'. See: https://github.com/urllib3/urllib3/issues/3020
  warnings.warn(
[32m2026-04-19 14:22:57[0m | [1mINFO    [0m | [36msrc.processing.pipeline[0m — [CMIG4] processando 8 anos (banco=False, CVM=002453)
[32m2026-04-19 14:22:57[0m | [1mINFO    [0m | [36msrc.processing.pipeline[0m — [CMIG4] 2019: OK
[32m2026-04-19 14:22:57[0m | [1mINFO    [0m | [36msrc.processing.pipeline[0m — [CMIG4] 2020: OK
[32m2026-04-19 14:22:57[0m | [1mINFO    [0m | [36msrc.processing.pipeline[0m — [CMIG4] 2021: OK
[32m2026-04-19 14:22:58[0m | [1mINFO    [0m | [36msrc.processing.pipeline[0m — [CMIG4] 2022: OK
[32m2026-04-19 14:22:58[0m | [1mINFO    [0m | [36msrc.processing.pipeline[0m — [CMIG4] 2023: OK
[32m2026-04-19 14:22:59[0m | [1mINFO    [0m | [36msrc.processing.pipeline[0m — [CMIG4] 2024: OK
[32m2026-04-19 14:22:59[0m | [1mINFO    [0m | [36msrc.processing.pipeline[0m — [CMIG4] 2025: OK
[32m2026-04-19 14:22:59[0m | [1mINFO    [0m | [36msrc.processing.pipeline[0m — [CMIG4] 2026: FALHA — CSVs não encontrados em /Users/diegocarvalho/Library/CloudStorage/OneDrive-EPEJUD/DIEGO/OBSIDIAN/Analista de Investimentos/12_PYTHON/data/raw/cvm/DFP/2026 — execute 'ingest' primeiro
[32m2026-04-19 14:22:59[0m | [1mINFO    [0m | [36msrc.processing.pipeline[0m — [CMIG4] concluído — ok=7 pulados=0 falhas=1
[32m2026-04-19 14:22:59[0m | [1mINFO    [0m | [36m__main__[0m — Processamento concluído — ok=7 falhas=1
[14:22:59]   ▶ process CPFE3
/Users/diegocarvalho/Library/Python/3.9/lib/python/site-packages/urllib3/__init__.py:35: NotOpenSSLWarning: urllib3 v2 only supports OpenSSL 1.1.1+, currently the 'ssl' module is compiled with 'LibreSSL 2.8.3'. See: https://github.com/urllib3/urllib3/issues/3020
  warnings.warn(
[32m2026-04-19 14:22:59[0m | [1mINFO    [0m | [36msrc.processing.pipeline[0m — [CPFE3] processando 8 anos (banco=False, CVM=018660)
[32m2026-04-19 14:23:00[0m | [1mINFO    [0m | [36msrc.processing.pipeline[0m — [CPFE3] 2019: OK
[32m2026-04-19 14:23:00[0m | [1mINFO    [0m | [36msrc.processing.pipeline[0m — [CPFE3] 2020: OK
[32m2026-04-19 14:23:00[0m | [1mINFO    [0m | [36msrc.processing.pipeline[0m — [CPFE3] 2021: OK
[32m2026-04-19 14:23:00[0m | [1mINFO    [0m | [36msrc.processing.pipeline[0m — [CPFE3] 2022: OK
[32m2026-04-19 14:23:01[0m | [1mINFO    [0m | [36msrc.processing.pipeline[0m — [CPFE3] 2023: OK
[32m2026-04-19 14:23:01[0m | [1mINFO    [0m | [36msrc.processing.pipeline[0m — [CPFE3] 2024: OK
[32m2026-04-19 14:23:01[0m | [1mINFO    [0m | [36msrc.processing.pipeline[0m — [CPFE3] 2025: OK
[32m2026-04-19 14:23:01[0m | [1mINFO    [0m | [36msrc.processing.pipeline[0m — [CPFE3] 2026: FALHA — CSVs não encontrados em /Users/diegocarvalho/Library/CloudStorage/OneDrive-EPEJUD/DIEGO/OBSIDIAN/Analista de Investimentos/12_PYTHON/data/raw/cvm/DFP/2026 — execute 'ingest' primeiro
[32m2026-04-19 14:23:01[0m | [1mINFO    [0m | [36msrc.processing.pipeline[0m — [CPFE3] concluído — ok=7 pulados=0 falhas=1
[32m2026-04-19 14:23:01[0m | [1mINFO    [0m | [36m__main__[0m — Processamento concluído — ok=7 falhas=1
[14:23:02]   ▶ process CPLE6
/Users/diegocarvalho/Library/Python/3.9/lib/python/site-packages/urllib3/__init__.py:35: NotOpenSSLWarning: urllib3 v2 only supports OpenSSL 1.1.1+, currently the 'ssl' module is compiled with 'LibreSSL 2.8.3'. See: https://github.com/urllib3/urllib3/issues/3020
  warnings.warn(
[32m2026-04-19 14:23:02[0m | [1mINFO    [0m | [36msrc.processing.pipeline[0m — [CPLE6] processando 8 anos (banco=False, CVM=014311)
[32m2026-04-19 14:23:02[0m | [1mINFO    [0m | [36msrc.processing.pipeline[0m — [CPLE6] 2019: OK
[32m2026-04-19 14:23:02[0m | [1mINFO    [0m | [36msrc.processing.pipeline[0m — [CPLE6] 2020: OK
[32m2026-04-19 14:23:03[0m | [1mINFO    [0m | [36msrc.processing.pipeline[0m — [CPLE6] 2021: OK
[32m2026-04-19 14:23:03[0m | [1mINFO    [0m | [36msrc.processing.pipeline[0m — [CPLE6] 2022: OK
[32m2026-04-19 14:23:04[0m | [1mINFO    [0m | [36msrc.processing.pipeline[0m — [CPLE6] 2023: OK
[32m2026-04-19 14:23:04[0m | [1mINFO    [0m | [36msrc.processing.pipeline[0m — [CPLE6] 2024: OK
[32m2026-04-19 14:23:04[0m | [1mINFO    [0m | [36msrc.processing.pipeline[0m — [CPLE6] 2025: OK
[32m2026-04-19 14:23:04[0m | [1mINFO    [0m | [36msrc.processing.pipeline[0m — [CPLE6] 2026: FALHA — CSVs não encontrados em /Users/diegocarvalho/Library/CloudStorage/OneDrive-EPEJUD/DIEGO/OBSIDIAN/Analista de Investimentos/12_PYTHON/data/raw/cvm/DFP/2026 — execute 'ingest' primeiro
[32m2026-04-19 14:23:04[0m | [1mINFO    [0m | [36msrc.processing.pipeline[0m — [CPLE6] concluído — ok=7 pulados=0 falhas=1
[32m2026-04-19 14:23:04[0m | [1mINFO    [0m | [36m__main__[0m — Processamento concluído — ok=7 falhas=1
[14:23:04]   ▶ process EGIE3
/Users/diegocarvalho/Library/Python/3.9/lib/python/site-packages/urllib3/__init__.py:35: NotOpenSSLWarning: urllib3 v2 only supports OpenSSL 1.1.1+, currently the 'ssl' module is compiled with 'LibreSSL 2.8.3'. See: https://github.com/urllib3/urllib3/issues/3020
  warnings.warn(
[32m2026-04-19 14:23:05[0m | [1mINFO    [0m | [36msrc.processing.pipeline[0m — [EGIE3] processando 8 anos (banco=False, CVM=017329)
[32m2026-04-19 14:23:05[0m | [1mINFO    [0m | [36msrc.processing.pipeline[0m — [EGIE3] 2019: OK
[32m2026-04-19 14:23:05[0m | [1mINFO    [0m | [36msrc.processing.pipeline[0m — [EGIE3] 2020: OK
[32m2026-04-19 14:23:06[0m | [1mINFO    [0m | [36msrc.processing.pipeline[0m — [EGIE3] 2021: OK
[32m2026-04-19 14:23:06[0m | [1mINFO    [0m | [36msrc.processing.pipeline[0m — [EGIE3] 2022: OK
[32m2026-04-19 14:23:06[0m | [1mINFO    [0m | [36msrc.processing.pipeline[0m — [EGIE3] 2023: OK
[32m2026-04-19 14:23:07[0m | [1mINFO    [0m | [36msrc.processing.pipeline[0m — [EGIE3] 2024: OK
[32m2026-04-19 14:23:07[0m | [1mINFO    [0m | [36msrc.processing.pipeline[0m — [EGIE3] 2025: OK
[32m2026-04-19 14:23:07[0m | [1mINFO    [0m | [36msrc.processing.pipeline[0m — [EGIE3] 2026: FALHA — CSVs não encontrados em /Users/diegocarvalho/Library/CloudStorage/OneDrive-EPEJUD/DIEGO/OBSIDIAN/Analista de Investimentos/12_PYTHON/data/raw/cvm/DFP/2026 — execute 'ingest' primeiro
[32m2026-04-19 14:23:07[0m | [1mINFO    [0m | [36msrc.processing.pipeline[0m — [EGIE3] concluído — ok=7 pulados=0 falhas=1
[32m2026-04-19 14:23:07[0m | [1mINFO    [0m | [36m__main__[0m — Processamento concluído — ok=7 falhas=1
[14:23:07]   ▶ process ENGI11
/Users/diegocarvalho/Library/Python/3.9/lib/python/site-packages/urllib3/__init__.py:35: NotOpenSSLWarning: urllib3 v2 only supports OpenSSL 1.1.1+, currently the 'ssl' module is compiled with 'LibreSSL 2.8.3'. See: https://github.com/urllib3/urllib3/issues/3020
  warnings.warn(
[32m2026-04-19 14:23:07[0m | [1mINFO    [0m | [36msrc.processing.pipeline[0m — [ENGI11] processando 8 anos (banco=False, CVM=015253)
[32m2026-04-19 14:23:08[0m | [1mINFO    [0m | [36msrc.processing.pipeline[0m — [ENGI11] 2019: OK
[32m2026-04-19 14:23:08[0m | [1mINFO    [0m | [36msrc.processing.pipeline[0m — [ENGI11] 2020: OK
[32m2026-04-19 14:23:08[0m | [1mINFO    [0m | [36msrc.processing.pipeline[0m — [ENGI11] 2021: OK
[32m2026-04-19 14:23:09[0m | [1mINFO    [0m | [36msrc.processing.pipeline[0m — [ENGI11] 2022: OK
[32m2026-04-19 14:23:09[0m | [1mINFO    [0m | [36msrc.processing.pipeline[0m — [ENGI11] 2023: OK
[32m2026-04-19 14:23:09[0m | [1mINFO    [0m | [36msrc.processing.pipeline[0m — [ENGI11] 2024: OK
[32m2026-04-19 14:23:10[0m | [1mINFO    [0m | [36msrc.processing.pipeline[0m — [ENGI11] 2025: OK
[32m2026-04-19 14:23:10[0m | [1mINFO    [0m | [36msrc.processing.pipeline[0m — [ENGI11] 2026: FALHA — CSVs não encontrados em /Users/diegocarvalho/Library/CloudStorage/OneDrive-EPEJUD/DIEGO/OBSIDIAN/Analista de Investimentos/12_PYTHON/data/raw/cvm/DFP/2026 — execute 'ingest' primeiro
[32m2026-04-19 14:23:10[0m | [1mINFO    [0m | [36msrc.processing.pipeline[0m — [ENGI11] concluído — ok=7 pulados=0 falhas=1
[32m2026-04-19 14:23:10[0m | [1mINFO    [0m | [36m__main__[0m — Processamento concluído — ok=7 falhas=1
[14:23:10]   ▶ process EQTL3
/Users/diegocarvalho/Library/Python/3.9/lib/python/site-packages/urllib3/__init__.py:35: NotOpenSSLWarning: urllib3 v2 only supports OpenSSL 1.1.1+, currently the 'ssl' module is compiled with 'LibreSSL 2.8.3'. See: https://github.com/urllib3/urllib3/issues/3020
  warnings.warn(
[32m2026-04-19 14:23:10[0m | [1mINFO    [0m | [36msrc.processing.pipeline[0m — [EQTL3] processando 8 anos (banco=False, CVM=027553)
[DRE] Nenhum dado para cód. CVM 027553 em dfp_cia_aberta_DRE_con_2019.csv
[BPA] Nenhum dado para cód. CVM 027553 em dfp_cia_aberta_BPA_con_2019.csv
[BPP] Nenhum dado para cód. CVM 027553 em dfp_cia_aberta_BPP_con_2019.csv
[DFC] Nenhum dado para cód. CVM 027553 em dfp_cia_aberta_DFC_MI_con_2019.csv
[32m2026-04-19 14:23:10[0m | [1mINFO    [0m | [36msrc.processing.pipeline[0m — [EQTL3] 2019: FALHA — DFPParser sem dados — verifique o código CVM
[DRE] Nenhum dado para cód. CVM 027553 em dfp_cia_aberta_DRE_con_2020.csv
[BPA] Nenhum dado para cód. CVM 027553 em dfp_cia_aberta_BPA_con_2020.csv
[BPP] Nenhum dado para cód. CVM 027553 em dfp_cia_aberta_BPP_con_2020.csv
[DFC] Nenhum dado para cód. CVM 027553 em dfp_cia_aberta_DFC_MI_con_2020.csv
[32m2026-04-19 14:23:11[0m | [1mINFO    [0m | [36msrc.processing.pipeline[0m — [EQTL3] 2020: FALHA — DFPParser sem dados — verifique o código CVM
[DRE] Nenhum dado para cód. CVM 027553 em dfp_cia_aberta_DRE_con_2021.csv
[BPA] Nenhum dado para cód. CVM 027553 em dfp_cia_aberta_BPA_con_2021.csv
[BPP] Nenhum dado para cód. CVM 027553 em dfp_cia_aberta_BPP_con_2021.csv
[DFC] Nenhum dado para cód. CVM 027553 em dfp_cia_aberta_DFC_MI_con_2021.csv
[32m2026-04-19 14:23:11[0m | [1mINFO    [0m | [36msrc.processing.pipeline[0m — [EQTL3] 2021: FALHA — DFPParser sem dados — verifique o código CVM
[DRE] Nenhum dado para cód. CVM 027553 em dfp_cia_aberta_DRE_con_2022.csv
[BPA] Nenhum dado para cód. CVM 027553 em dfp_cia_aberta_BPA_con_2022.csv
[BPP] Nenhum dado para cód. CVM 027553 em dfp_cia_aberta_BPP_con_2022.csv
[DFC] Nenhum dado para cód. CVM 027553 em dfp_cia_aberta_DFC_MI_con_2022.csv
[32m2026-04-19 14:23:11[0m | [1mINFO    [0m | [36msrc.processing.pipeline[0m — [EQTL3] 2022: FALHA — DFPParser sem dados — verifique o código CVM
[DRE] Nenhum dado para cód. CVM 027553 em dfp_cia_aberta_DRE_con_2023.csv
[BPA] Nenhum dado para cód. CVM 027553 em dfp_cia_aberta_BPA_con_2023.csv
[BPP] Nenhum dado para cód. CVM 027553 em dfp_cia_aberta_BPP_con_2023.csv
[DFC] Nenhum dado para cód. CVM 027553 em dfp_cia_aberta_DFC_MI_con_2023.csv
[32m2026-04-19 14:23:12[0m | [1mINFO    [0m | [36msrc.processing.pipeline[0m — [EQTL3] 2023: FALHA — DFPParser sem dados — verifique o código CVM
[32m2026-04-19 14:23:12[0m | [1mINFO    [0m | [36msrc.processing.pipeline[0m — [EQTL3] 2024: OK
[DRE] Nenhum dado para cód. CVM 027553 em dfp_cia_aberta_DRE_con_2025.csv
[BPA] Nenhum dado para cód. CVM 027553 em dfp_cia_aberta_BPA_con_2025.csv
[BPP] Nenhum dado para cód. CVM 027553 em dfp_cia_aberta_BPP_con_2025.csv
[DFC] Nenhum dado para cód. CVM 027553 em dfp_cia_aberta_DFC_MI_con_2025.csv
[32m2026-04-19 14:23:12[0m | [1mINFO    [0m | [36msrc.processing.pipeline[0m — [EQTL3] 2025: FALHA — DFPParser sem dados — verifique o código CVM
[32m2026-04-19 14:23:12[0m | [1mINFO    [0m | [36msrc.processing.pipeline[0m — [EQTL3] 2026: FALHA — CSVs não encontrados em /Users/diegocarvalho/Library/CloudStorage/OneDrive-EPEJUD/DIEGO/OBSIDIAN/Analista de Investimentos/12_PYTHON/data/raw/cvm/DFP/2026 — execute 'ingest' primeiro
[32m2026-04-19 14:23:12[0m | [1mINFO    [0m | [36msrc.processing.pipeline[0m — [EQTL3] concluído — ok=1 pulados=0 falhas=7
[32m2026-04-19 14:23:12[0m | [1mINFO    [0m | [36m__main__[0m — Processamento concluído — ok=1 falhas=7
[14:23:12]   ▶ process AURE3
/Users/diegocarvalho/Library/Python/3.9/lib/python/site-packages/urllib3/__init__.py:35: NotOpenSSLWarning: urllib3 v2 only supports OpenSSL 1.1.1+, currently the 'ssl' module is compiled with 'LibreSSL 2.8.3'. See: https://github.com/urllib3/urllib3/issues/3020
  warnings.warn(
[32m2026-04-19 14:23:13[0m | [1mINFO    [0m | [36msrc.processing.pipeline[0m — [AURE3] processando 8 anos (banco=False, CVM=026620)
[DRE] Nenhum dado para cód. CVM 026620 em dfp_cia_aberta_DRE_con_2019.csv
[BPA] Nenhum dado para cód. CVM 026620 em dfp_cia_aberta_BPA_con_2019.csv
[BPP] Nenhum dado para cód. CVM 026620 em dfp_cia_aberta_BPP_con_2019.csv
[DFC] Nenhum dado para cód. CVM 026620 em dfp_cia_aberta_DFC_MI_con_2019.csv
[32m2026-04-19 14:23:13[0m | [1mINFO    [0m | [36msrc.processing.pipeline[0m — [AURE3] 2019: FALHA — DFPParser sem dados — verifique o código CVM
[DRE] Nenhum dado para cód. CVM 026620 em dfp_cia_aberta_DRE_con_2020.csv
[BPA] Nenhum dado para cód. CVM 026620 em dfp_cia_aberta_BPA_con_2020.csv
[BPP] Nenhum dado para cód. CVM 026620 em dfp_cia_aberta_BPP_con_2020.csv
[DFC] Nenhum dado para cód. CVM 026620 em dfp_cia_aberta_DFC_MI_con_2020.csv
[32m2026-04-19 14:23:13[0m | [1mINFO    [0m | [36msrc.processing.pipeline[0m — [AURE3] 2020: FALHA — DFPParser sem dados — verifique o código CVM
[32m2026-04-19 14:23:14[0m | [1mINFO    [0m | [36msrc.processing.pipeline[0m — [AURE3] 2021: OK
[32m2026-04-19 14:23:14[0m | [1mINFO    [0m | [36msrc.processing.pipeline[0m — [AURE3] 2022: OK
[32m2026-04-19 14:23:14[0m | [1mINFO    [0m | [36msrc.processing.pipeline[0m — [AURE3] 2023: OK
[32m2026-04-19 14:23:15[0m | [1mINFO    [0m | [36msrc.processing.pipeline[0m — [AURE3] 2024: OK
[32m2026-04-19 14:23:15[0m | [1mINFO    [0m | [36msrc.processing.pipeline[0m — [AURE3] 2025: OK
[32m2026-04-19 14:23:15[0m | [1mINFO    [0m | [36msrc.processing.pipeline[0m — [AURE3] 2026: FALHA — CSVs não encontrados em /Users/diegocarvalho/Library/CloudStorage/OneDrive-EPEJUD/DIEGO/OBSIDIAN/Analista de Investimentos/12_PYTHON/data/raw/cvm/DFP/2026 — execute 'ingest' primeiro
[32m2026-04-19 14:23:15[0m | [1mINFO    [0m | [36msrc.processing.pipeline[0m — [AURE3] concluído — ok=5 pulados=0 falhas=3
[32m2026-04-19 14:23:15[0m | [1mINFO    [0m | [36m__main__[0m — Processamento concluído — ok=5 falhas=3
[14:23:15]   ▶ process ISAE4
/Users/diegocarvalho/Library/Python/3.9/lib/python/site-packages/urllib3/__init__.py:35: NotOpenSSLWarning: urllib3 v2 only supports OpenSSL 1.1.1+, currently the 'ssl' module is compiled with 'LibreSSL 2.8.3'. See: https://github.com/urllib3/urllib3/issues/3020
  warnings.warn(
[32m2026-04-19 14:23:15[0m | [1mINFO    [0m | [36msrc.processing.pipeline[0m — [ISAE4] processando 8 anos (banco=False, CVM=018376)
[32m2026-04-19 14:23:16[0m | [1mINFO    [0m | [36msrc.processing.pipeline[0m — [ISAE4] 2019: OK
[32m2026-04-19 14:23:16[0m | [1mINFO    [0m | [36msrc.processing.pipeline[0m — [ISAE4] 2020: OK
[32m2026-04-19 14:23:16[0m | [1mINFO    [0m | [36msrc.processing.pipeline[0m — [ISAE4] 2021: OK
[32m2026-04-19 14:23:17[0m | [1mINFO    [0m | [36msrc.processing.pipeline[0m — [ISAE4] 2022: OK
[32m2026-04-19 14:23:17[0m | [1mINFO    [0m | [36msrc.processing.pipeline[0m — [ISAE4] 2023: OK
[32m2026-04-19 14:23:17[0m | [1mINFO    [0m | [36msrc.processing.pipeline[0m — [ISAE4] 2024: OK
[32m2026-04-19 14:23:18[0m | [1mINFO    [0m | [36msrc.processing.pipeline[0m — [ISAE4] 2025: OK
[32m2026-04-19 14:23:18[0m | [1mINFO    [0m | [36msrc.processing.pipeline[0m — [ISAE4] 2026: FALHA — CSVs não encontrados em /Users/diegocarvalho/Library/CloudStorage/OneDrive-EPEJUD/DIEGO/OBSIDIAN/Analista de Investimentos/12_PYTHON/data/raw/cvm/DFP/2026 — execute 'ingest' primeiro
[32m2026-04-19 14:23:18[0m | [1mINFO    [0m | [36msrc.processing.pipeline[0m — [ISAE4] concluído — ok=7 pulados=0 falhas=1
[32m2026-04-19 14:23:18[0m | [1mINFO    [0m | [36m__main__[0m — Processamento concluído — ok=7 falhas=1
[14:23:18]   ▶ process TAEE11
/Users/diegocarvalho/Library/Python/3.9/lib/python/site-packages/urllib3/__init__.py:35: NotOpenSSLWarning: urllib3 v2 only supports OpenSSL 1.1.1+, currently the 'ssl' module is compiled with 'LibreSSL 2.8.3'. See: https://github.com/urllib3/urllib3/issues/3020
  warnings.warn(
[32m2026-04-19 14:23:18[0m | [1mINFO    [0m | [36msrc.processing.pipeline[0m — [TAEE11] processando 8 anos (banco=False, CVM=023582)
[DRE] Nenhum dado para cód. CVM 023582 em dfp_cia_aberta_DRE_con_2019.csv
[BPA] Nenhum dado para cód. CVM 023582 em dfp_cia_aberta_BPA_con_2019.csv
[BPP] Nenhum dado para cód. CVM 023582 em dfp_cia_aberta_BPP_con_2019.csv
[DFC] Nenhum dado para cód. CVM 023582 em dfp_cia_aberta_DFC_MI_con_2019.csv
[32m2026-04-19 14:23:18[0m | [1mINFO    [0m | [36msrc.processing.pipeline[0m — [TAEE11] 2019: FALHA — DFPParser sem dados — verifique o código CVM
[DRE] Nenhum dado para cód. CVM 023582 em dfp_cia_aberta_DRE_con_2020.csv
[BPA] Nenhum dado para cód. CVM 023582 em dfp_cia_aberta_BPA_con_2020.csv
[BPP] Nenhum dado para cód. CVM 023582 em dfp_cia_aberta_BPP_con_2020.csv
[DFC] Nenhum dado para cód. CVM 023582 em dfp_cia_aberta_DFC_MI_con_2020.csv
[32m2026-04-19 14:23:19[0m | [1mINFO    [0m | [36msrc.processing.pipeline[0m — [TAEE11] 2020: FALHA — DFPParser sem dados — verifique o código CVM
[DRE] Nenhum dado para cód. CVM 023582 em dfp_cia_aberta_DRE_con_2021.csv
[BPA] Nenhum dado para cód. CVM 023582 em dfp_cia_aberta_BPA_con_2021.csv
[BPP] Nenhum dado para cód. CVM 023582 em dfp_cia_aberta_BPP_con_2021.csv
[DFC] Nenhum dado para cód. CVM 023582 em dfp_cia_aberta_DFC_MI_con_2021.csv
[32m2026-04-19 14:23:19[0m | [1mINFO    [0m | [36msrc.processing.pipeline[0m — [TAEE11] 2021: FALHA — DFPParser sem dados — verifique o código CVM
[DRE] Nenhum dado para cód. CVM 023582 em dfp_cia_aberta_DRE_con_2022.csv
[BPA] Nenhum dado para cód. CVM 023582 em dfp_cia_aberta_BPA_con_2022.csv
[BPP] Nenhum dado para cód. CVM 023582 em dfp_cia_aberta_BPP_con_2022.csv
[DFC] Nenhum dado para cód. CVM 023582 em dfp_cia_aberta_DFC_MI_con_2022.csv
[32m2026-04-19 14:23:19[0m | [1mINFO    [0m | [36msrc.processing.pipeline[0m — [TAEE11] 2022: FALHA — DFPParser sem dados — verifique o código CVM
[DRE] Nenhum dado para cód. CVM 023582 em dfp_cia_aberta_DRE_con_2023.csv
[BPA] Nenhum dado para cód. CVM 023582 em dfp_cia_aberta_BPA_con_2023.csv
[BPP] Nenhum dado para cód. CVM 023582 em dfp_cia_aberta_BPP_con_2023.csv
[DFC] Nenhum dado para cód. CVM 023582 em dfp_cia_aberta_DFC_MI_con_2023.csv
[32m2026-04-19 14:23:20[0m | [1mINFO    [0m | [36msrc.processing.pipeline[0m — [TAEE11] 2023: FALHA — DFPParser sem dados — verifique o código CVM
[DRE] Nenhum dado para cód. CVM 023582 em dfp_cia_aberta_DRE_con_2024.csv
[BPA] Nenhum dado para cód. CVM 023582 em dfp_cia_aberta_BPA_con_2024.csv
[BPP] Nenhum dado para cód. CVM 023582 em dfp_cia_aberta_BPP_con_2024.csv
[DFC] Nenhum dado para cód. CVM 023582 em dfp_cia_aberta_DFC_MI_con_2024.csv
[32m2026-04-19 14:23:20[0m | [1mINFO    [0m | [36msrc.processing.pipeline[0m — [TAEE11] 2024: FALHA — DFPParser sem dados — verifique o código CVM
[DRE] Nenhum dado para cód. CVM 023582 em dfp_cia_aberta_DRE_con_2025.csv
[BPA] Nenhum dado para cód. CVM 023582 em dfp_cia_aberta_BPA_con_2025.csv
[BPP] Nenhum dado para cód. CVM 023582 em dfp_cia_aberta_BPP_con_2025.csv
[DFC] Nenhum dado para cód. CVM 023582 em dfp_cia_aberta_DFC_MI_con_2025.csv
[32m2026-04-19 14:23:20[0m | [1mINFO    [0m | [36msrc.processing.pipeline[0m — [TAEE11] 2025: FALHA — DFPParser sem dados — verifique o código CVM
[32m2026-04-19 14:23:20[0m | [1mINFO    [0m | [36msrc.processing.pipeline[0m — [TAEE11] 2026: FALHA — CSVs não encontrados em /Users/diegocarvalho/Library/CloudStorage/OneDrive-EPEJUD/DIEGO/OBSIDIAN/Analista de Investimentos/12_PYTHON/data/raw/cvm/DFP/2026 — execute 'ingest' primeiro
[32m2026-04-19 14:23:20[0m | [1mINFO    [0m | [36msrc.processing.pipeline[0m — [TAEE11] concluído — ok=0 pulados=0 falhas=8
[32m2026-04-19 14:23:20[0m | [1mINFO    [0m | [36m__main__[0m — Processamento concluído — ok=0 falhas=8
[14:23:20]   ▶ process SBSP3
/Users/diegocarvalho/Library/Python/3.9/lib/python/site-packages/urllib3/__init__.py:35: NotOpenSSLWarning: urllib3 v2 only supports OpenSSL 1.1.1+, currently the 'ssl' module is compiled with 'LibreSSL 2.8.3'. See: https://github.com/urllib3/urllib3/issues/3020
  warnings.warn(
[32m2026-04-19 14:23:21[0m | [1mINFO    [0m | [36msrc.processing.pipeline[0m — [SBSP3] processando 8 anos (banco=False, CVM=014443)
[DRE] Nenhum dado para cód. CVM 014443 em dfp_cia_aberta_DRE_con_2019.csv
[BPA] Nenhum dado para cód. CVM 014443 em dfp_cia_aberta_BPA_con_2019.csv
[BPP] Nenhum dado para cód. CVM 014443 em dfp_cia_aberta_BPP_con_2019.csv
[DFC] Nenhum dado para cód. CVM 014443 em dfp_cia_aberta_DFC_MI_con_2019.csv
[32m2026-04-19 14:23:21[0m | [1mINFO    [0m | [36msrc.processing.pipeline[0m — [SBSP3] 2019: FALHA — DFPParser sem dados — verifique o código CVM
[DRE] Nenhum dado para cód. CVM 014443 em dfp_cia_aberta_DRE_con_2020.csv
[BPA] Nenhum dado para cód. CVM 014443 em dfp_cia_aberta_BPA_con_2020.csv
[BPP] Nenhum dado para cód. CVM 014443 em dfp_cia_aberta_BPP_con_2020.csv
[DFC] Nenhum dado para cód. CVM 014443 em dfp_cia_aberta_DFC_MI_con_2020.csv
[32m2026-04-19 14:23:21[0m | [1mINFO    [0m | [36msrc.processing.pipeline[0m — [SBSP3] 2020: FALHA — DFPParser sem dados — verifique o código CVM
[DRE] Nenhum dado para cód. CVM 014443 em dfp_cia_aberta_DRE_con_2021.csv
[BPA] Nenhum dado para cód. CVM 014443 em dfp_cia_aberta_BPA_con_2021.csv
[BPP] Nenhum dado para cód. CVM 014443 em dfp_cia_aberta_BPP_con_2021.csv
[DFC] Nenhum dado para cód. CVM 014443 em dfp_cia_aberta_DFC_MI_con_2021.csv
[32m2026-04-19 14:23:22[0m | [1mINFO    [0m | [36msrc.processing.pipeline[0m — [SBSP3] 2021: FALHA — DFPParser sem dados — verifique o código CVM
[DRE] Nenhum dado para cód. CVM 014443 em dfp_cia_aberta_DRE_con_2022.csv
[BPA] Nenhum dado para cód. CVM 014443 em dfp_cia_aberta_BPA_con_2022.csv
[BPP] Nenhum dado para cód. CVM 014443 em dfp_cia_aberta_BPP_con_2022.csv
[DFC] Nenhum dado para cód. CVM 014443 em dfp_cia_aberta_DFC_MI_con_2022.csv
[32m2026-04-19 14:23:22[0m | [1mINFO    [0m | [36msrc.processing.pipeline[0m — [SBSP3] 2022: FALHA — DFPParser sem dados — verifique o código CVM
[32m2026-04-19 14:23:22[0m | [1mINFO    [0m | [36msrc.processing.pipeline[0m — [SBSP3] 2023: OK
[32m2026-04-19 14:23:23[0m | [1mINFO    [0m | [36msrc.processing.pipeline[0m — [SBSP3] 2024: OK
[32m2026-04-19 14:23:23[0m | [1mINFO    [0m | [36msrc.processing.pipeline[0m — [SBSP3] 2025: OK
[32m2026-04-19 14:23:23[0m | [1mINFO    [0m | [36msrc.processing.pipeline[0m — [SBSP3] 2026: FALHA — CSVs não encontrados em /Users/diegocarvalho/Library/CloudStorage/OneDrive-EPEJUD/DIEGO/OBSIDIAN/Analista de Investimentos/12_PYTHON/data/raw/cvm/DFP/2026 — execute 'ingest' primeiro
[32m2026-04-19 14:23:23[0m | [1mINFO    [0m | [36msrc.processing.pipeline[0m — [SBSP3] concluído — ok=3 pulados=0 falhas=5
[32m2026-04-19 14:23:23[0m | [1mINFO    [0m | [36m__main__[0m — Processamento concluído — ok=3 falhas=5
[14:23:23]   ▶ process VIVT3
/Users/diegocarvalho/Library/Python/3.9/lib/python/site-packages/urllib3/__init__.py:35: NotOpenSSLWarning: urllib3 v2 only supports OpenSSL 1.1.1+, currently the 'ssl' module is compiled with 'LibreSSL 2.8.3'. See: https://github.com/urllib3/urllib3/issues/3020
  warnings.warn(
[32m2026-04-19 14:23:23[0m | [1mINFO    [0m | [36msrc.processing.pipeline[0m — [VIVT3] processando 8 anos (banco=False, CVM=011258)
[DRE] Nenhum dado para cód. CVM 011258 em dfp_cia_aberta_DRE_con_2019.csv
[BPA] Nenhum dado para cód. CVM 011258 em dfp_cia_aberta_BPA_con_2019.csv
[BPP] Nenhum dado para cód. CVM 011258 em dfp_cia_aberta_BPP_con_2019.csv
[DFC] Nenhum dado para cód. CVM 011258 em dfp_cia_aberta_DFC_MI_con_2019.csv
[32m2026-04-19 14:23:24[0m | [1mINFO    [0m | [36msrc.processing.pipeline[0m — [VIVT3] 2019: FALHA — DFPParser sem dados — verifique o código CVM
[DRE] Nenhum dado para cód. CVM 011258 em dfp_cia_aberta_DRE_con_2020.csv
[BPA] Nenhum dado para cód. CVM 011258 em dfp_cia_aberta_BPA_con_2020.csv
[BPP] Nenhum dado para cód. CVM 011258 em dfp_cia_aberta_BPP_con_2020.csv
[DFC] Nenhum dado para cód. CVM 011258 em dfp_cia_aberta_DFC_MI_con_2020.csv
[32m2026-04-19 14:23:24[0m | [1mINFO    [0m | [36msrc.processing.pipeline[0m — [VIVT3] 2020: FALHA — DFPParser sem dados — verifique o código CVM
[DRE] Nenhum dado para cód. CVM 011258 em dfp_cia_aberta_DRE_con_2021.csv
[BPA] Nenhum dado para cód. CVM 011258 em dfp_cia_aberta_BPA_con_2021.csv
[BPP] Nenhum dado para cód. CVM 011258 em dfp_cia_aberta_BPP_con_2021.csv
[DFC] Nenhum dado para cód. CVM 011258 em dfp_cia_aberta_DFC_MI_con_2021.csv
[32m2026-04-19 14:23:24[0m | [1mINFO    [0m | [36msrc.processing.pipeline[0m — [VIVT3] 2021: FALHA — DFPParser sem dados — verifique o código CVM
[DRE] Nenhum dado para cód. CVM 011258 em dfp_cia_aberta_DRE_con_2022.csv
[BPA] Nenhum dado para cód. CVM 011258 em dfp_cia_aberta_BPA_con_2022.csv
[BPP] Nenhum dado para cód. CVM 011258 em dfp_cia_aberta_BPP_con_2022.csv
[DFC] Nenhum dado para cód. CVM 011258 em dfp_cia_aberta_DFC_MI_con_2022.csv
[32m2026-04-19 14:23:25[0m | [1mINFO    [0m | [36msrc.processing.pipeline[0m — [VIVT3] 2022: FALHA — DFPParser sem dados — verifique o código CVM
[DRE] Nenhum dado para cód. CVM 011258 em dfp_cia_aberta_DRE_con_2023.csv
[BPA] Nenhum dado para cód. CVM 011258 em dfp_cia_aberta_BPA_con_2023.csv
[BPP] Nenhum dado para cód. CVM 011258 em dfp_cia_aberta_BPP_con_2023.csv
[DFC] Nenhum dado para cód. CVM 011258 em dfp_cia_aberta_DFC_MI_con_2023.csv
[32m2026-04-19 14:23:25[0m | [1mINFO    [0m | [36msrc.processing.pipeline[0m — [VIVT3] 2023: FALHA — DFPParser sem dados — verifique o código CVM
[DRE] Nenhum dado para cód. CVM 011258 em dfp_cia_aberta_DRE_con_2024.csv
[BPA] Nenhum dado para cód. CVM 011258 em dfp_cia_aberta_BPA_con_2024.csv
[BPP] Nenhum dado para cód. CVM 011258 em dfp_cia_aberta_BPP_con_2024.csv
[DFC] Nenhum dado para cód. CVM 011258 em dfp_cia_aberta_DFC_MI_con_2024.csv
[32m2026-04-19 14:23:25[0m | [1mINFO    [0m | [36msrc.processing.pipeline[0m — [VIVT3] 2024: FALHA — DFPParser sem dados — verifique o código CVM
[DRE] Nenhum dado para cód. CVM 011258 em dfp_cia_aberta_DRE_con_2025.csv
[BPA] Nenhum dado para cód. CVM 011258 em dfp_cia_aberta_BPA_con_2025.csv
[BPP] Nenhum dado para cód. CVM 011258 em dfp_cia_aberta_BPP_con_2025.csv
[DFC] Nenhum dado para cód. CVM 011258 em dfp_cia_aberta_DFC_MI_con_2025.csv
[32m2026-04-19 14:23:26[0m | [1mINFO    [0m | [36msrc.processing.pipeline[0m — [VIVT3] 2025: FALHA — DFPParser sem dados — verifique o código CVM
[32m2026-04-19 14:23:26[0m | [1mINFO    [0m | [36msrc.processing.pipeline[0m — [VIVT3] 2026: FALHA — CSVs não encontrados em /Users/diegocarvalho/Library/CloudStorage/OneDrive-EPEJUD/DIEGO/OBSIDIAN/Analista de Investimentos/12_PYTHON/data/raw/cvm/DFP/2026 — execute 'ingest' primeiro
[32m2026-04-19 14:23:26[0m | [1mINFO    [0m | [36msrc.processing.pipeline[0m — [VIVT3] concluído — ok=0 pulados=0 falhas=8
[32m2026-04-19 14:23:26[0m | [1mINFO    [0m | [36m__main__[0m — Processamento concluído — ok=0 falhas=8
[14:23:26]   ▶ process TIMS3
/Users/diegocarvalho/Library/Python/3.9/lib/python/site-packages/urllib3/__init__.py:35: NotOpenSSLWarning: urllib3 v2 only supports OpenSSL 1.1.1+, currently the 'ssl' module is compiled with 'LibreSSL 2.8.3'. See: https://github.com/urllib3/urllib3/issues/3020
  warnings.warn(
[32m2026-04-19 14:23:26[0m | [1mINFO    [0m | [36msrc.processing.pipeline[0m — [TIMS3] processando 8 anos (banco=False, CVM=024929)
[DRE] Nenhum dado para cód. CVM 024929 em dfp_cia_aberta_DRE_con_2019.csv
[BPA] Nenhum dado para cód. CVM 024929 em dfp_cia_aberta_BPA_con_2019.csv
[BPP] Nenhum dado para cód. CVM 024929 em dfp_cia_aberta_BPP_con_2019.csv
[DFC] Nenhum dado para cód. CVM 024929 em dfp_cia_aberta_DFC_MI_con_2019.csv
[32m2026-04-19 14:23:26[0m | [1mINFO    [0m | [36msrc.processing.pipeline[0m — [TIMS3] 2019: FALHA — DFPParser sem dados — verifique o código CVM
[32m2026-04-19 14:23:27[0m | [1mINFO    [0m | [36msrc.processing.pipeline[0m — [TIMS3] 2020: OK
[DRE] Nenhum dado para cód. CVM 024929 em dfp_cia_aberta_DRE_con_2021.csv
[BPA] Nenhum dado para cód. CVM 024929 em dfp_cia_aberta_BPA_con_2021.csv
[BPP] Nenhum dado para cód. CVM 024929 em dfp_cia_aberta_BPP_con_2021.csv
[DFC] Nenhum dado para cód. CVM 024929 em dfp_cia_aberta_DFC_MI_con_2021.csv
[32m2026-04-19 14:23:27[0m | [1mINFO    [0m | [36msrc.processing.pipeline[0m — [TIMS3] 2021: FALHA — DFPParser sem dados — verifique o código CVM
[32m2026-04-19 14:23:27[0m | [1mINFO    [0m | [36msrc.processing.pipeline[0m — [TIMS3] 2022: OK
[32m2026-04-19 14:23:28[0m | [1mINFO    [0m | [36msrc.processing.pipeline[0m — [TIMS3] 2023: OK
[32m2026-04-19 14:23:28[0m | [1mINFO    [0m | [36msrc.processing.pipeline[0m — [TIMS3] 2024: OK
[32m2026-04-19 14:23:28[0m | [1mINFO    [0m | [36msrc.processing.pipeline[0m — [TIMS3] 2025: OK
[32m2026-04-19 14:23:28[0m | [1mINFO    [0m | [36msrc.processing.pipeline[0m — [TIMS3] 2026: FALHA — CSVs não encontrados em /Users/diegocarvalho/Library/CloudStorage/OneDrive-EPEJUD/DIEGO/OBSIDIAN/Analista de Investimentos/12_PYTHON/data/raw/cvm/DFP/2026 — execute 'ingest' primeiro
[32m2026-04-19 14:23:28[0m | [1mINFO    [0m | [36msrc.processing.pipeline[0m — [TIMS3] concluído — ok=5 pulados=0 falhas=3
[32m2026-04-19 14:23:28[0m | [1mINFO    [0m | [36m__main__[0m — Processamento concluído — ok=5 falhas=3
[14:23:28]   ▶ process WEGE3
/Users/diegocarvalho/Library/Python/3.9/lib/python/site-packages/urllib3/__init__.py:35: NotOpenSSLWarning: urllib3 v2 only supports OpenSSL 1.1.1+, currently the 'ssl' module is compiled with 'LibreSSL 2.8.3'. See: https://github.com/urllib3/urllib3/issues/3020
  warnings.warn(
[32m2026-04-19 14:23:29[0m | [1mINFO    [0m | [36msrc.processing.pipeline[0m — [WEGE3] processando 8 anos (banco=False, CVM=005410)
[32m2026-04-19 14:23:29[0m | [1mINFO    [0m | [36msrc.processing.pipeline[0m — [WEGE3] 2019: OK
[32m2026-04-19 14:23:29[0m | [1mINFO    [0m | [36msrc.processing.pipeline[0m — [WEGE3] 2020: OK
[32m2026-04-19 14:23:29[0m | [1mINFO    [0m | [36msrc.processing.pipeline[0m — [WEGE3] 2021: OK
[32m2026-04-19 14:23:29[0m | [1mINFO    [0m | [36msrc.processing.pipeline[0m — [WEGE3] 2022: OK
[32m2026-04-19 14:23:29[0m | [1mINFO    [0m | [36msrc.processing.pipeline[0m — [WEGE3] 2023: OK
[32m2026-04-19 14:23:29[0m | [1mINFO    [0m | [36msrc.processing.pipeline[0m — [WEGE3] 2024: OK
[32m2026-04-19 14:23:29[0m | [1mINFO    [0m | [36msrc.processing.pipeline[0m — [WEGE3] 2025: OK
[32m2026-04-19 14:23:29[0m | [1mINFO    [0m | [36msrc.processing.pipeline[0m — [WEGE3] 2026: FALHA — CSVs não encontrados em /Users/diegocarvalho/Library/CloudStorage/OneDrive-EPEJUD/DIEGO/OBSIDIAN/Analista de Investimentos/12_PYTHON/data/raw/cvm/DFP/2026 — execute 'ingest' primeiro
[32m2026-04-19 14:23:29[0m | [1mINFO    [0m | [36msrc.processing.pipeline[0m — [WEGE3] concluído — ok=0 pulados=7 falhas=1
[32m2026-04-19 14:23:29[0m | [1mINFO    [0m | [36m__main__[0m — Processamento concluído — ok=0 falhas=1
[14:23:29]   ▶ process EMBR3
/Users/diegocarvalho/Library/Python/3.9/lib/python/site-packages/urllib3/__init__.py:35: NotOpenSSLWarning: urllib3 v2 only supports OpenSSL 1.1.1+, currently the 'ssl' module is compiled with 'LibreSSL 2.8.3'. See: https://github.com/urllib3/urllib3/issues/3020
  warnings.warn(
[32m2026-04-19 14:23:29[0m | [1mINFO    [0m | [36msrc.processing.pipeline[0m — [EMBR3] processando 8 anos (banco=False, CVM=020087)
[32m2026-04-19 14:23:29[0m | [1mINFO    [0m | [36msrc.processing.pipeline[0m — [EMBR3] 2019: OK
[32m2026-04-19 14:23:30[0m | [1mINFO    [0m | [36msrc.processing.pipeline[0m — [EMBR3] 2020: OK
[32m2026-04-19 14:23:30[0m | [1mINFO    [0m | [36msrc.processing.pipeline[0m — [EMBR3] 2021: OK
[32m2026-04-19 14:23:30[0m | [1mINFO    [0m | [36msrc.processing.pipeline[0m — [EMBR3] 2022: OK
[32m2026-04-19 14:23:31[0m | [1mINFO    [0m | [36msrc.processing.pipeline[0m — [EMBR3] 2023: OK
[32m2026-04-19 14:23:31[0m | [1mINFO    [0m | [36msrc.processing.pipeline[0m — [EMBR3] 2024: OK
[32m2026-04-19 14:23:31[0m | [1mINFO    [0m | [36msrc.processing.pipeline[0m — [EMBR3] 2025: OK
[32m2026-04-19 14:23:31[0m | [1mINFO    [0m | [36msrc.processing.pipeline[0m — [EMBR3] 2026: FALHA — CSVs não encontrados em /Users/diegocarvalho/Library/CloudStorage/OneDrive-EPEJUD/DIEGO/OBSIDIAN/Analista de Investimentos/12_PYTHON/data/raw/cvm/DFP/2026 — execute 'ingest' primeiro
[32m2026-04-19 14:23:31[0m | [1mINFO    [0m | [36msrc.processing.pipeline[0m — [EMBR3] concluído — ok=7 pulados=0 falhas=1
[32m2026-04-19 14:23:31[0m | [1mINFO    [0m | [36m__main__[0m — Processamento concluído — ok=7 falhas=1
[14:23:31]   ▶ process POMO4
/Users/diegocarvalho/Library/Python/3.9/lib/python/site-packages/urllib3/__init__.py:35: NotOpenSSLWarning: urllib3 v2 only supports OpenSSL 1.1.1+, currently the 'ssl' module is compiled with 'LibreSSL 2.8.3'. See: https://github.com/urllib3/urllib3/issues/3020
  warnings.warn(
[32m2026-04-19 14:23:32[0m | [1mINFO    [0m | [36msrc.processing.pipeline[0m — [POMO4] processando 8 anos (banco=False, CVM=008451)
[32m2026-04-19 14:23:32[0m | [1mINFO    [0m | [36msrc.processing.pipeline[0m — [POMO4] 2019: OK
[32m2026-04-19 14:23:32[0m | [1mINFO    [0m | [36msrc.processing.pipeline[0m — [POMO4] 2020: OK
[32m2026-04-19 14:23:33[0m | [1mINFO    [0m | [36msrc.processing.pipeline[0m — [POMO4] 2021: OK
[32m2026-04-19 14:23:33[0m | [1mINFO    [0m | [36msrc.processing.pipeline[0m — [POMO4] 2022: OK
[32m2026-04-19 14:23:33[0m | [1mINFO    [0m | [36msrc.processing.pipeline[0m — [POMO4] 2023: OK
[32m2026-04-19 14:23:34[0m | [1mINFO    [0m | [36msrc.processing.pipeline[0m — [POMO4] 2024: OK
[32m2026-04-19 14:23:34[0m | [1mINFO    [0m | [36msrc.processing.pipeline[0m — [POMO4] 2025: OK
[32m2026-04-19 14:23:34[0m | [1mINFO    [0m | [36msrc.processing.pipeline[0m — [POMO4] 2026: FALHA — CSVs não encontrados em /Users/diegocarvalho/Library/CloudStorage/OneDrive-EPEJUD/DIEGO/OBSIDIAN/Analista de Investimentos/12_PYTHON/data/raw/cvm/DFP/2026 — execute 'ingest' primeiro
[32m2026-04-19 14:23:34[0m | [1mINFO    [0m | [36msrc.processing.pipeline[0m — [POMO4] concluído — ok=7 pulados=0 falhas=1
[32m2026-04-19 14:23:34[0m | [1mINFO    [0m | [36m__main__[0m — Processamento concluído — ok=7 falhas=1
[14:23:34]   ▶ process STBP3
/Users/diegocarvalho/Library/Python/3.9/lib/python/site-packages/urllib3/__init__.py:35: NotOpenSSLWarning: urllib3 v2 only supports OpenSSL 1.1.1+, currently the 'ssl' module is compiled with 'LibreSSL 2.8.3'. See: https://github.com/urllib3/urllib3/issues/3020
  warnings.warn(
[32m2026-04-19 14:23:34[0m | [1mINFO    [0m | [36msrc.processing.pipeline[0m — [STBP3] processando 8 anos (banco=False, CVM=017892)
[32m2026-04-19 14:23:35[0m | [1mINFO    [0m | [36msrc.processing.pipeline[0m — [STBP3] 2019: OK
[32m2026-04-19 14:23:35[0m | [1mINFO    [0m | [36msrc.processing.pipeline[0m — [STBP3] 2020: OK
[32m2026-04-19 14:23:35[0m | [1mINFO    [0m | [36msrc.processing.pipeline[0m — [STBP3] 2021: OK
[32m2026-04-19 14:23:36[0m | [1mINFO    [0m | [36msrc.processing.pipeline[0m — [STBP3] 2022: OK
[32m2026-04-19 14:23:36[0m | [1mINFO    [0m | [36msrc.processing.pipeline[0m — [STBP3] 2023: OK
[32m2026-04-19 14:23:36[0m | [1mINFO    [0m | [36msrc.processing.pipeline[0m — [STBP3] 2024: OK
[32m2026-04-19 14:23:37[0m | [1mINFO    [0m | [36msrc.processing.pipeline[0m — [STBP3] 2025: OK
[32m2026-04-19 14:23:37[0m | [1mINFO    [0m | [36msrc.processing.pipeline[0m — [STBP3] 2026: FALHA — CSVs não encontrados em /Users/diegocarvalho/Library/CloudStorage/OneDrive-EPEJUD/DIEGO/OBSIDIAN/Analista de Investimentos/12_PYTHON/data/raw/cvm/DFP/2026 — execute 'ingest' primeiro
[32m2026-04-19 14:23:37[0m | [1mINFO    [0m | [36msrc.processing.pipeline[0m — [STBP3] concluído — ok=7 pulados=0 falhas=1
[32m2026-04-19 14:23:37[0m | [1mINFO    [0m | [36m__main__[0m — Processamento concluído — ok=7 falhas=1
[14:23:37]   ▶ process CCRO3
/Users/diegocarvalho/Library/Python/3.9/lib/python/site-packages/urllib3/__init__.py:35: NotOpenSSLWarning: urllib3 v2 only supports OpenSSL 1.1.1+, currently the 'ssl' module is compiled with 'LibreSSL 2.8.3'. See: https://github.com/urllib3/urllib3/issues/3020
  warnings.warn(
[32m2026-04-19 14:23:37[0m | [1mINFO    [0m | [36msrc.processing.pipeline[0m — [CCRO3] processando 8 anos (banco=False, CVM=009601)
[DRE] Nenhum dado para cód. CVM 009601 em dfp_cia_aberta_DRE_con_2019.csv
[BPA] Nenhum dado para cód. CVM 009601 em dfp_cia_aberta_BPA_con_2019.csv
[BPP] Nenhum dado para cód. CVM 009601 em dfp_cia_aberta_BPP_con_2019.csv
[DFC] Nenhum dado para cód. CVM 009601 em dfp_cia_aberta_DFC_MI_con_2019.csv
[32m2026-04-19 14:23:37[0m | [1mINFO    [0m | [36msrc.processing.pipeline[0m — [CCRO3] 2019: FALHA — DFPParser sem dados — verifique o código CVM
[DRE] Nenhum dado para cód. CVM 009601 em dfp_cia_aberta_DRE_con_2020.csv
[BPA] Nenhum dado para cód. CVM 009601 em dfp_cia_aberta_BPA_con_2020.csv
[BPP] Nenhum dado para cód. CVM 009601 em dfp_cia_aberta_BPP_con_2020.csv
[DFC] Nenhum dado para cód. CVM 009601 em dfp_cia_aberta_DFC_MI_con_2020.csv
[32m2026-04-19 14:23:38[0m | [1mINFO    [0m | [36msrc.processing.pipeline[0m — [CCRO3] 2020: FALHA — DFPParser sem dados — verifique o código CVM
[DRE] Nenhum dado para cód. CVM 009601 em dfp_cia_aberta_DRE_con_2021.csv
[BPA] Nenhum dado para cód. CVM 009601 em dfp_cia_aberta_BPA_con_2021.csv
[BPP] Nenhum dado para cód. CVM 009601 em dfp_cia_aberta_BPP_con_2021.csv
[DFC] Nenhum dado para cód. CVM 009601 em dfp_cia_aberta_DFC_MI_con_2021.csv
[32m2026-04-19 14:23:38[0m | [1mINFO    [0m | [36msrc.processing.pipeline[0m — [CCRO3] 2021: FALHA — DFPParser sem dados — verifique o código CVM
[DRE] Nenhum dado para cód. CVM 009601 em dfp_cia_aberta_DRE_con_2022.csv
[BPA] Nenhum dado para cód. CVM 009601 em dfp_cia_aberta_BPA_con_2022.csv
[BPP] Nenhum dado para cód. CVM 009601 em dfp_cia_aberta_BPP_con_2022.csv
[DFC] Nenhum dado para cód. CVM 009601 em dfp_cia_aberta_DFC_MI_con_2022.csv
[32m2026-04-19 14:23:38[0m | [1mINFO    [0m | [36msrc.processing.pipeline[0m — [CCRO3] 2022: FALHA — DFPParser sem dados — verifique o código CVM
[DRE] Nenhum dado para cód. CVM 009601 em dfp_cia_aberta_DRE_con_2023.csv
[BPA] Nenhum dado para cód. CVM 009601 em dfp_cia_aberta_BPA_con_2023.csv
[BPP] Nenhum dado para cód. CVM 009601 em dfp_cia_aberta_BPP_con_2023.csv
[DFC] Nenhum dado para cód. CVM 009601 em dfp_cia_aberta_DFC_MI_con_2023.csv
[32m2026-04-19 14:23:39[0m | [1mINFO    [0m | [36msrc.processing.pipeline[0m — [CCRO3] 2023: FALHA — DFPParser sem dados — verifique o código CVM
[DRE] Nenhum dado para cód. CVM 009601 em dfp_cia_aberta_DRE_con_2024.csv
[BPA] Nenhum dado para cód. CVM 009601 em dfp_cia_aberta_BPA_con_2024.csv
[BPP] Nenhum dado para cód. CVM 009601 em dfp_cia_aberta_BPP_con_2024.csv
[DFC] Nenhum dado para cód. CVM 009601 em dfp_cia_aberta_DFC_MI_con_2024.csv
[32m2026-04-19 14:23:39[0m | [1mINFO    [0m | [36msrc.processing.pipeline[0m — [CCRO3] 2024: FALHA — DFPParser sem dados — verifique o código CVM
[DRE] Nenhum dado para cód. CVM 009601 em dfp_cia_aberta_DRE_con_2025.csv
[BPA] Nenhum dado para cód. CVM 009601 em dfp_cia_aberta_BPA_con_2025.csv
[BPP] Nenhum dado para cód. CVM 009601 em dfp_cia_aberta_BPP_con_2025.csv
[DFC] Nenhum dado para cód. CVM 009601 em dfp_cia_aberta_DFC_MI_con_2025.csv
[32m2026-04-19 14:23:39[0m | [1mINFO    [0m | [36msrc.processing.pipeline[0m — [CCRO3] 2025: FALHA — DFPParser sem dados — verifique o código CVM
[32m2026-04-19 14:23:39[0m | [1mINFO    [0m | [36msrc.processing.pipeline[0m — [CCRO3] 2026: FALHA — CSVs não encontrados em /Users/diegocarvalho/Library/CloudStorage/OneDrive-EPEJUD/DIEGO/OBSIDIAN/Analista de Investimentos/12_PYTHON/data/raw/cvm/DFP/2026 — execute 'ingest' primeiro
[32m2026-04-19 14:23:39[0m | [1mINFO    [0m | [36msrc.processing.pipeline[0m — [CCRO3] concluído — ok=0 pulados=0 falhas=8
[32m2026-04-19 14:23:39[0m | [1mINFO    [0m | [36m__main__[0m — Processamento concluído — ok=0 falhas=8
[14:23:39]   ▶ process RAIL3
/Users/diegocarvalho/Library/Python/3.9/lib/python/site-packages/urllib3/__init__.py:35: NotOpenSSLWarning: urllib3 v2 only supports OpenSSL 1.1.1+, currently the 'ssl' module is compiled with 'LibreSSL 2.8.3'. See: https://github.com/urllib3/urllib3/issues/3020
  warnings.warn(
[32m2026-04-19 14:23:40[0m | [1mINFO    [0m | [36msrc.processing.pipeline[0m — [RAIL3] processando 8 anos (banco=False, CVM=017450)
[32m2026-04-19 14:23:40[0m | [1mINFO    [0m | [36msrc.processing.pipeline[0m — [RAIL3] 2019: OK
[32m2026-04-19 14:23:40[0m | [1mINFO    [0m | [36msrc.processing.pipeline[0m — [RAIL3] 2020: OK
[32m2026-04-19 14:23:41[0m | [1mINFO    [0m | [36msrc.processing.pipeline[0m — [RAIL3] 2021: OK
[32m2026-04-19 14:23:41[0m | [1mINFO    [0m | [36msrc.processing.pipeline[0m — [RAIL3] 2022: OK
[32m2026-04-19 14:23:41[0m | [1mINFO    [0m | [36msrc.processing.pipeline[0m — [RAIL3] 2023: OK
[32m2026-04-19 14:23:42[0m | [1mINFO    [0m | [36msrc.processing.pipeline[0m — [RAIL3] 2024: OK
[32m2026-04-19 14:23:42[0m | [1mINFO    [0m | [36msrc.processing.pipeline[0m — [RAIL3] 2025: OK
[32m2026-04-19 14:23:42[0m | [1mINFO    [0m | [36msrc.processing.pipeline[0m — [RAIL3] 2026: FALHA — CSVs não encontrados em /Users/diegocarvalho/Library/CloudStorage/OneDrive-EPEJUD/DIEGO/OBSIDIAN/Analista de Investimentos/12_PYTHON/data/raw/cvm/DFP/2026 — execute 'ingest' primeiro
[32m2026-04-19 14:23:42[0m | [1mINFO    [0m | [36msrc.processing.pipeline[0m — [RAIL3] concluído — ok=7 pulados=0 falhas=1
[32m2026-04-19 14:23:42[0m | [1mINFO    [0m | [36m__main__[0m — Processamento concluído — ok=7 falhas=1
[14:23:42]   ▶ process UGPA3
/Users/diegocarvalho/Library/Python/3.9/lib/python/site-packages/urllib3/__init__.py:35: NotOpenSSLWarning: urllib3 v2 only supports OpenSSL 1.1.1+, currently the 'ssl' module is compiled with 'LibreSSL 2.8.3'. See: https://github.com/urllib3/urllib3/issues/3020
  warnings.warn(
[32m2026-04-19 14:23:42[0m | [1mINFO    [0m | [36msrc.processing.pipeline[0m — [UGPA3] processando 8 anos (banco=False, CVM=018465)
[32m2026-04-19 14:23:43[0m | [1mINFO    [0m | [36msrc.processing.pipeline[0m — [UGPA3] 2019: OK
[32m2026-04-19 14:23:43[0m | [1mINFO    [0m | [36msrc.processing.pipeline[0m — [UGPA3] 2020: OK
[32m2026-04-19 14:23:43[0m | [1mINFO    [0m | [36msrc.processing.pipeline[0m — [UGPA3] 2021: OK
[32m2026-04-19 14:23:44[0m | [1mINFO    [0m | [36msrc.processing.pipeline[0m — [UGPA3] 2022: OK
[32m2026-04-19 14:23:44[0m | [1mINFO    [0m | [36msrc.processing.pipeline[0m — [UGPA3] 2023: OK
[32m2026-04-19 14:23:44[0m | [1mINFO    [0m | [36msrc.processing.pipeline[0m — [UGPA3] 2024: OK
[32m2026-04-19 14:23:45[0m | [1mINFO    [0m | [36msrc.processing.pipeline[0m — [UGPA3] 2025: OK
[32m2026-04-19 14:23:45[0m | [1mINFO    [0m | [36msrc.processing.pipeline[0m — [UGPA3] 2026: FALHA — CSVs não encontrados em /Users/diegocarvalho/Library/CloudStorage/OneDrive-EPEJUD/DIEGO/OBSIDIAN/Analista de Investimentos/12_PYTHON/data/raw/cvm/DFP/2026 — execute 'ingest' primeiro
[32m2026-04-19 14:23:45[0m | [1mINFO    [0m | [36msrc.processing.pipeline[0m — [UGPA3] concluído — ok=7 pulados=0 falhas=1
[32m2026-04-19 14:23:45[0m | [1mINFO    [0m | [36m__main__[0m — Processamento concluído — ok=7 falhas=1
[14:23:45]   ▶ process SUZB3
/Users/diegocarvalho/Library/Python/3.9/lib/python/site-packages/urllib3/__init__.py:35: NotOpenSSLWarning: urllib3 v2 only supports OpenSSL 1.1.1+, currently the 'ssl' module is compiled with 'LibreSSL 2.8.3'. See: https://github.com/urllib3/urllib3/issues/3020
  warnings.warn(
[32m2026-04-19 14:23:45[0m | [1mINFO    [0m | [36msrc.processing.pipeline[0m — [SUZB3] processando 8 anos (banco=False, CVM=013986)
[32m2026-04-19 14:23:45[0m | [1mINFO    [0m | [36msrc.processing.pipeline[0m — [SUZB3] 2019: OK
[32m2026-04-19 14:23:46[0m | [1mINFO    [0m | [36msrc.processing.pipeline[0m — [SUZB3] 2020: OK
[32m2026-04-19 14:23:46[0m | [1mINFO    [0m | [36msrc.processing.pipeline[0m — [SUZB3] 2021: OK
[32m2026-04-19 14:23:46[0m | [1mINFO    [0m | [36msrc.processing.pipeline[0m — [SUZB3] 2022: OK
[32m2026-04-19 14:23:47[0m | [1mINFO    [0m | [36msrc.processing.pipeline[0m — [SUZB3] 2023: OK
[32m2026-04-19 14:23:47[0m | [1mINFO    [0m | [36msrc.processing.pipeline[0m — [SUZB3] 2024: OK
[32m2026-04-19 14:23:47[0m | [1mINFO    [0m | [36msrc.processing.pipeline[0m — [SUZB3] 2025: OK
[32m2026-04-19 14:23:47[0m | [1mINFO    [0m | [36msrc.processing.pipeline[0m — [SUZB3] 2026: FALHA — CSVs não encontrados em /Users/diegocarvalho/Library/CloudStorage/OneDrive-EPEJUD/DIEGO/OBSIDIAN/Analista de Investimentos/12_PYTHON/data/raw/cvm/DFP/2026 — execute 'ingest' primeiro
[32m2026-04-19 14:23:47[0m | [1mINFO    [0m | [36msrc.processing.pipeline[0m — [SUZB3] concluído — ok=7 pulados=0 falhas=1
[32m2026-04-19 14:23:47[0m | [1mINFO    [0m | [36m__main__[0m — Processamento concluído — ok=7 falhas=1
[14:23:47]   ▶ process KLBN11
/Users/diegocarvalho/Library/Python/3.9/lib/python/site-packages/urllib3/__init__.py:35: NotOpenSSLWarning: urllib3 v2 only supports OpenSSL 1.1.1+, currently the 'ssl' module is compiled with 'LibreSSL 2.8.3'. See: https://github.com/urllib3/urllib3/issues/3020
  warnings.warn(
[32m2026-04-19 14:23:48[0m | [1mINFO    [0m | [36msrc.processing.pipeline[0m — [KLBN11] processando 8 anos (banco=False, CVM=012653)
[32m2026-04-19 14:23:48[0m | [1mINFO    [0m | [36msrc.processing.pipeline[0m — [KLBN11] 2019: OK
[32m2026-04-19 14:23:48[0m | [1mINFO    [0m | [36msrc.processing.pipeline[0m — [KLBN11] 2020: OK
[32m2026-04-19 14:23:49[0m | [1mINFO    [0m | [36msrc.processing.pipeline[0m — [KLBN11] 2021: OK
[32m2026-04-19 14:23:49[0m | [1mINFO    [0m | [36msrc.processing.pipeline[0m — [KLBN11] 2022: OK
[32m2026-04-19 14:23:50[0m | [1mINFO    [0m | [36msrc.processing.pipeline[0m — [KLBN11] 2023: OK
[32m2026-04-19 14:23:50[0m | [1mINFO    [0m | [36msrc.processing.pipeline[0m — [KLBN11] 2024: OK
[32m2026-04-19 14:23:50[0m | [1mINFO    [0m | [36msrc.processing.pipeline[0m — [KLBN11] 2025: OK
[32m2026-04-19 14:23:50[0m | [1mINFO    [0m | [36msrc.processing.pipeline[0m — [KLBN11] 2026: FALHA — CSVs não encontrados em /Users/diegocarvalho/Library/CloudStorage/OneDrive-EPEJUD/DIEGO/OBSIDIAN/Analista de Investimentos/12_PYTHON/data/raw/cvm/DFP/2026 — execute 'ingest' primeiro
[32m2026-04-19 14:23:50[0m | [1mINFO    [0m | [36msrc.processing.pipeline[0m — [KLBN11] concluído — ok=7 pulados=0 falhas=1
[32m2026-04-19 14:23:50[0m | [1mINFO    [0m | [36m__main__[0m — Processamento concluído — ok=7 falhas=1
[14:23:50]   ▶ process ABEV3
/Users/diegocarvalho/Library/Python/3.9/lib/python/site-packages/urllib3/__init__.py:35: NotOpenSSLWarning: urllib3 v2 only supports OpenSSL 1.1.1+, currently the 'ssl' module is compiled with 'LibreSSL 2.8.3'. See: https://github.com/urllib3/urllib3/issues/3020
  warnings.warn(
[32m2026-04-19 14:23:51[0m | [1mINFO    [0m | [36msrc.processing.pipeline[0m — [ABEV3] processando 8 anos (banco=False, CVM=023264)
[32m2026-04-19 14:23:51[0m | [1mINFO    [0m | [36msrc.processing.pipeline[0m — [ABEV3] 2019: OK
[32m2026-04-19 14:23:51[0m | [1mINFO    [0m | [36msrc.processing.pipeline[0m — [ABEV3] 2020: OK
[32m2026-04-19 14:23:52[0m | [1mINFO    [0m | [36msrc.processing.pipeline[0m — [ABEV3] 2021: OK
[32m2026-04-19 14:23:52[0m | [1mINFO    [0m | [36msrc.processing.pipeline[0m — [ABEV3] 2022: OK
[32m2026-04-19 14:23:52[0m | [1mINFO    [0m | [36msrc.processing.pipeline[0m — [ABEV3] 2023: OK
[32m2026-04-19 14:23:53[0m | [1mINFO    [0m | [36msrc.processing.pipeline[0m — [ABEV3] 2024: OK
[32m2026-04-19 14:23:53[0m | [1mINFO    [0m | [36msrc.processing.pipeline[0m — [ABEV3] 2025: OK
[32m2026-04-19 14:23:53[0m | [1mINFO    [0m | [36msrc.processing.pipeline[0m — [ABEV3] 2026: FALHA — CSVs não encontrados em /Users/diegocarvalho/Library/CloudStorage/OneDrive-EPEJUD/DIEGO/OBSIDIAN/Analista de Investimentos/12_PYTHON/data/raw/cvm/DFP/2026 — execute 'ingest' primeiro
[32m2026-04-19 14:23:53[0m | [1mINFO    [0m | [36msrc.processing.pipeline[0m — [ABEV3] concluído — ok=7 pulados=0 falhas=1
[32m2026-04-19 14:23:53[0m | [1mINFO    [0m | [36m__main__[0m — Processamento concluído — ok=7 falhas=1
[14:23:53]   ▶ process JBSS3
/Users/diegocarvalho/Library/Python/3.9/lib/python/site-packages/urllib3/__init__.py:35: NotOpenSSLWarning: urllib3 v2 only supports OpenSSL 1.1.1+, currently the 'ssl' module is compiled with 'LibreSSL 2.8.3'. See: https://github.com/urllib3/urllib3/issues/3020
  warnings.warn(
[32m2026-04-19 14:23:54[0m | [1mINFO    [0m | [36msrc.processing.pipeline[0m — [JBSS3] processando 8 anos (banco=False, CVM=020575)
[32m2026-04-19 14:23:54[0m | [1mINFO    [0m | [36msrc.processing.pipeline[0m — [JBSS3] 2019: OK
[32m2026-04-19 14:23:54[0m | [1mINFO    [0m | [36msrc.processing.pipeline[0m — [JBSS3] 2020: OK
[32m2026-04-19 14:23:55[0m | [1mINFO    [0m | [36msrc.processing.pipeline[0m — [JBSS3] 2021: OK
[32m2026-04-19 14:23:55[0m | [1mINFO    [0m | [36msrc.processing.pipeline[0m — [JBSS3] 2022: OK
[32m2026-04-19 14:23:56[0m | [1mINFO    [0m | [36msrc.processing.pipeline[0m — [JBSS3] 2023: OK
[32m2026-04-19 14:23:56[0m | [1mINFO    [0m | [36msrc.processing.pipeline[0m — [JBSS3] 2024: OK
[32m2026-04-19 14:23:56[0m | [1mINFO    [0m | [36msrc.processing.pipeline[0m — [JBSS3] 2025: OK
[32m2026-04-19 14:23:56[0m | [1mINFO    [0m | [36msrc.processing.pipeline[0m — [JBSS3] 2026: FALHA — CSVs não encontrados em /Users/diegocarvalho/Library/CloudStorage/OneDrive-EPEJUD/DIEGO/OBSIDIAN/Analista de Investimentos/12_PYTHON/data/raw/cvm/DFP/2026 — execute 'ingest' primeiro
[32m2026-04-19 14:23:56[0m | [1mINFO    [0m | [36msrc.processing.pipeline[0m — [JBSS3] concluído — ok=7 pulados=0 falhas=1
[32m2026-04-19 14:23:56[0m | [1mINFO    [0m | [36m__main__[0m — Processamento concluído — ok=7 falhas=1
[14:23:56]   ▶ process BRFS3
/Users/diegocarvalho/Library/Python/3.9/lib/python/site-packages/urllib3/__init__.py:35: NotOpenSSLWarning: urllib3 v2 only supports OpenSSL 1.1.1+, currently the 'ssl' module is compiled with 'LibreSSL 2.8.3'. See: https://github.com/urllib3/urllib3/issues/3020
  warnings.warn(
[32m2026-04-19 14:23:57[0m | [1mINFO    [0m | [36msrc.processing.pipeline[0m — [BRFS3] processando 8 anos (banco=False, CVM=016292)
[32m2026-04-19 14:23:57[0m | [1mINFO    [0m | [36msrc.processing.pipeline[0m — [BRFS3] 2019: OK
[32m2026-04-19 14:23:57[0m | [1mINFO    [0m | [36msrc.processing.pipeline[0m — [BRFS3] 2020: OK
[32m2026-04-19 14:23:58[0m | [1mINFO    [0m | [36msrc.processing.pipeline[0m — [BRFS3] 2021: OK
[32m2026-04-19 14:23:58[0m | [1mINFO    [0m | [36msrc.processing.pipeline[0m — [BRFS3] 2022: OK
[32m2026-04-19 14:23:59[0m | [1mINFO    [0m | [36msrc.processing.pipeline[0m — [BRFS3] 2023: OK
[32m2026-04-19 14:23:59[0m | [1mINFO    [0m | [36msrc.processing.pipeline[0m — [BRFS3] 2024: OK
[32m2026-04-19 14:23:59[0m | [1mINFO    [0m | [36msrc.processing.pipeline[0m — [BRFS3] 2025: OK
[32m2026-04-19 14:23:59[0m | [1mINFO    [0m | [36msrc.processing.pipeline[0m — [BRFS3] 2026: FALHA — CSVs não encontrados em /Users/diegocarvalho/Library/CloudStorage/OneDrive-EPEJUD/DIEGO/OBSIDIAN/Analista de Investimentos/12_PYTHON/data/raw/cvm/DFP/2026 — execute 'ingest' primeiro
[32m2026-04-19 14:23:59[0m | [1mINFO    [0m | [36msrc.processing.pipeline[0m — [BRFS3] concluído — ok=7 pulados=0 falhas=1
[32m2026-04-19 14:23:59[0m | [1mINFO    [0m | [36m__main__[0m — Processamento concluído — ok=7 falhas=1
[14:23:59]   ▶ process MRFG3
/Users/diegocarvalho/Library/Python/3.9/lib/python/site-packages/urllib3/__init__.py:35: NotOpenSSLWarning: urllib3 v2 only supports OpenSSL 1.1.1+, currently the 'ssl' module is compiled with 'LibreSSL 2.8.3'. See: https://github.com/urllib3/urllib3/issues/3020
  warnings.warn(
[32m2026-04-19 14:24:00[0m | [1mINFO    [0m | [36msrc.processing.pipeline[0m — [MRFG3] processando 8 anos (banco=False, CVM=020788)
[32m2026-04-19 14:24:00[0m | [1mINFO    [0m | [36msrc.processing.pipeline[0m — [MRFG3] 2019: OK
[32m2026-04-19 14:24:00[0m | [1mINFO    [0m | [36msrc.processing.pipeline[0m — [MRFG3] 2020: OK
[32m2026-04-19 14:24:01[0m | [1mINFO    [0m | [36msrc.processing.pipeline[0m — [MRFG3] 2021: OK
[32m2026-04-19 14:24:01[0m | [1mINFO    [0m | [36msrc.processing.pipeline[0m — [MRFG3] 2022: OK
[32m2026-04-19 14:24:02[0m | [1mINFO    [0m | [36msrc.processing.pipeline[0m — [MRFG3] 2023: OK
[32m2026-04-19 14:24:02[0m | [1mINFO    [0m | [36msrc.processing.pipeline[0m — [MRFG3] 2024: OK
[32m2026-04-19 14:24:02[0m | [1mINFO    [0m | [36msrc.processing.pipeline[0m — [MRFG3] 2025: OK
[32m2026-04-19 14:24:02[0m | [1mINFO    [0m | [36msrc.processing.pipeline[0m — [MRFG3] 2026: FALHA — CSVs não encontrados em /Users/diegocarvalho/Library/CloudStorage/OneDrive-EPEJUD/DIEGO/OBSIDIAN/Analista de Investimentos/12_PYTHON/data/raw/cvm/DFP/2026 — execute 'ingest' primeiro
[32m2026-04-19 14:24:02[0m | [1mINFO    [0m | [36msrc.processing.pipeline[0m — [MRFG3] concluído — ok=7 pulados=0 falhas=1
[32m2026-04-19 14:24:02[0m | [1mINFO    [0m | [36m__main__[0m — Processamento concluído — ok=7 falhas=1
[14:24:02]   ▶ process BEEF3
/Users/diegocarvalho/Library/Python/3.9/lib/python/site-packages/urllib3/__init__.py:35: NotOpenSSLWarning: urllib3 v2 only supports OpenSSL 1.1.1+, currently the 'ssl' module is compiled with 'LibreSSL 2.8.3'. See: https://github.com/urllib3/urllib3/issues/3020
  warnings.warn(
[32m2026-04-19 14:24:03[0m | [1mINFO    [0m | [36msrc.processing.pipeline[0m — [BEEF3] processando 8 anos (banco=False, CVM=020931)
[32m2026-04-19 14:24:03[0m | [1mINFO    [0m | [36msrc.processing.pipeline[0m — [BEEF3] 2019: OK
[32m2026-04-19 14:24:04[0m | [1mINFO    [0m | [36msrc.processing.pipeline[0m — [BEEF3] 2020: OK
[32m2026-04-19 14:24:04[0m | [1mINFO    [0m | [36msrc.processing.pipeline[0m — [BEEF3] 2021: OK
[32m2026-04-19 14:24:05[0m | [1mINFO    [0m | [36msrc.processing.pipeline[0m — [BEEF3] 2022: OK
[32m2026-04-19 14:24:05[0m | [1mINFO    [0m | [36msrc.processing.pipeline[0m — [BEEF3] 2023: OK
[32m2026-04-19 14:24:06[0m | [1mINFO    [0m | [36msrc.processing.pipeline[0m — [BEEF3] 2024: OK
[32m2026-04-19 14:24:06[0m | [1mINFO    [0m | [36msrc.processing.pipeline[0m — [BEEF3] 2025: OK
[32m2026-04-19 14:24:06[0m | [1mINFO    [0m | [36msrc.processing.pipeline[0m — [BEEF3] 2026: FALHA — CSVs não encontrados em /Users/diegocarvalho/Library/CloudStorage/OneDrive-EPEJUD/DIEGO/OBSIDIAN/Analista de Investimentos/12_PYTHON/data/raw/cvm/DFP/2026 — execute 'ingest' primeiro
[32m2026-04-19 14:24:06[0m | [1mINFO    [0m | [36msrc.processing.pipeline[0m — [BEEF3] concluído — ok=7 pulados=0 falhas=1
[32m2026-04-19 14:24:06[0m | [1mINFO    [0m | [36m__main__[0m — Processamento concluído — ok=7 falhas=1
[14:24:06]   ▶ process SMTO3
/Users/diegocarvalho/Library/Python/3.9/lib/python/site-packages/urllib3/__init__.py:35: NotOpenSSLWarning: urllib3 v2 only supports OpenSSL 1.1.1+, currently the 'ssl' module is compiled with 'LibreSSL 2.8.3'. See: https://github.com/urllib3/urllib3/issues/3020
  warnings.warn(
[32m2026-04-19 14:24:07[0m | [1mINFO    [0m | [36msrc.processing.pipeline[0m — [SMTO3] processando 8 anos (banco=False, CVM=020516)
[32m2026-04-19 14:24:07[0m | [1mINFO    [0m | [36msrc.processing.pipeline[0m — [SMTO3] 2019: OK
[32m2026-04-19 14:24:08[0m | [1mINFO    [0m | [36msrc.processing.pipeline[0m — [SMTO3] 2020: OK
[32m2026-04-19 14:24:08[0m | [1mINFO    [0m | [36msrc.processing.pipeline[0m — [SMTO3] 2021: OK
[32m2026-04-19 14:24:09[0m | [1mINFO    [0m | [36msrc.processing.pipeline[0m — [SMTO3] 2022: OK
[32m2026-04-19 14:24:09[0m | [1mINFO    [0m | [36msrc.processing.pipeline[0m — [SMTO3] 2023: OK
[32m2026-04-19 14:24:09[0m | [1mINFO    [0m | [36msrc.processing.pipeline[0m — [SMTO3] 2024: OK
[32m2026-04-19 14:24:10[0m | [1mINFO    [0m | [36msrc.processing.pipeline[0m — [SMTO3] 2025: OK
[32m2026-04-19 14:24:10[0m | [1mINFO    [0m | [36msrc.processing.pipeline[0m — [SMTO3] 2026: FALHA — CSVs não encontrados em /Users/diegocarvalho/Library/CloudStorage/OneDrive-EPEJUD/DIEGO/OBSIDIAN/Analista de Investimentos/12_PYTHON/data/raw/cvm/DFP/2026 — execute 'ingest' primeiro
[32m2026-04-19 14:24:10[0m | [1mINFO    [0m | [36msrc.processing.pipeline[0m — [SMTO3] concluído — ok=7 pulados=0 falhas=1
[32m2026-04-19 14:24:10[0m | [1mINFO    [0m | [36m__main__[0m — Processamento concluído — ok=7 falhas=1
[14:24:10]   ▶ process SLCE3
/Users/diegocarvalho/Library/Python/3.9/lib/python/site-packages/urllib3/__init__.py:35: NotOpenSSLWarning: urllib3 v2 only supports OpenSSL 1.1.1+, currently the 'ssl' module is compiled with 'LibreSSL 2.8.3'. See: https://github.com/urllib3/urllib3/issues/3020
  warnings.warn(
[32m2026-04-19 14:24:10[0m | [1mINFO    [0m | [36msrc.processing.pipeline[0m — [SLCE3] processando 8 anos (banco=False, CVM=020745)
[32m2026-04-19 14:24:11[0m | [1mINFO    [0m | [36msrc.processing.pipeline[0m — [SLCE3] 2019: OK
[32m2026-04-19 14:24:11[0m | [1mINFO    [0m | [36msrc.processing.pipeline[0m — [SLCE3] 2020: OK
[32m2026-04-19 14:24:12[0m | [1mINFO    [0m | [36msrc.processing.pipeline[0m — [SLCE3] 2021: OK
[32m2026-04-19 14:24:12[0m | [1mINFO    [0m | [36msrc.processing.pipeline[0m — [SLCE3] 2022: OK
[32m2026-04-19 14:24:12[0m | [1mINFO    [0m | [36msrc.processing.pipeline[0m — [SLCE3] 2023: OK
[32m2026-04-19 14:24:13[0m | [1mINFO    [0m | [36msrc.processing.pipeline[0m — [SLCE3] 2024: OK
[32m2026-04-19 14:24:13[0m | [1mINFO    [0m | [36msrc.processing.pipeline[0m — [SLCE3] 2025: OK
[32m2026-04-19 14:24:13[0m | [1mINFO    [0m | [36msrc.processing.pipeline[0m — [SLCE3] 2026: FALHA — CSVs não encontrados em /Users/diegocarvalho/Library/CloudStorage/OneDrive-EPEJUD/DIEGO/OBSIDIAN/Analista de Investimentos/12_PYTHON/data/raw/cvm/DFP/2026 — execute 'ingest' primeiro
[32m2026-04-19 14:24:13[0m | [1mINFO    [0m | [36msrc.processing.pipeline[0m — [SLCE3] concluído — ok=7 pulados=0 falhas=1
[32m2026-04-19 14:24:13[0m | [1mINFO    [0m | [36m__main__[0m — Processamento concluído — ok=7 falhas=1
[14:24:13]   ▶ process LREN3
/Users/diegocarvalho/Library/Python/3.9/lib/python/site-packages/urllib3/__init__.py:35: NotOpenSSLWarning: urllib3 v2 only supports OpenSSL 1.1.1+, currently the 'ssl' module is compiled with 'LibreSSL 2.8.3'. See: https://github.com/urllib3/urllib3/issues/3020
  warnings.warn(
[32m2026-04-19 14:24:14[0m | [1mINFO    [0m | [36msrc.processing.pipeline[0m — [LREN3] processando 8 anos (banco=False, CVM=008133)
[32m2026-04-19 14:24:14[0m | [1mINFO    [0m | [36msrc.processing.pipeline[0m — [LREN3] 2019: OK
[32m2026-04-19 14:24:14[0m | [1mINFO    [0m | [36msrc.processing.pipeline[0m — [LREN3] 2020: OK
[32m2026-04-19 14:24:15[0m | [1mINFO    [0m | [36msrc.processing.pipeline[0m — [LREN3] 2021: OK
[32m2026-04-19 14:24:15[0m | [1mINFO    [0m | [36msrc.processing.pipeline[0m — [LREN3] 2022: OK
[32m2026-04-19 14:24:16[0m | [1mINFO    [0m | [36msrc.processing.pipeline[0m — [LREN3] 2023: OK
[32m2026-04-19 14:24:16[0m | [1mINFO    [0m | [36msrc.processing.pipeline[0m — [LREN3] 2024: OK
[32m2026-04-19 14:24:17[0m | [1mINFO    [0m | [36msrc.processing.pipeline[0m — [LREN3] 2025: OK
[32m2026-04-19 14:24:17[0m | [1mINFO    [0m | [36msrc.processing.pipeline[0m — [LREN3] 2026: FALHA — CSVs não encontrados em /Users/diegocarvalho/Library/CloudStorage/OneDrive-EPEJUD/DIEGO/OBSIDIAN/Analista de Investimentos/12_PYTHON/data/raw/cvm/DFP/2026 — execute 'ingest' primeiro
[32m2026-04-19 14:24:17[0m | [1mINFO    [0m | [36msrc.processing.pipeline[0m — [LREN3] concluído — ok=7 pulados=0 falhas=1
[32m2026-04-19 14:24:17[0m | [1mINFO    [0m | [36m__main__[0m — Processamento concluído — ok=7 falhas=1
[14:24:17]   ▶ process MGLU3
/Users/diegocarvalho/Library/Python/3.9/lib/python/site-packages/urllib3/__init__.py:35: NotOpenSSLWarning: urllib3 v2 only supports OpenSSL 1.1.1+, currently the 'ssl' module is compiled with 'LibreSSL 2.8.3'. See: https://github.com/urllib3/urllib3/issues/3020
  warnings.warn(
[32m2026-04-19 14:24:17[0m | [1mINFO    [0m | [36msrc.processing.pipeline[0m — [MGLU3] processando 8 anos (banco=False, CVM=022470)
[32m2026-04-19 14:24:17[0m | [1mINFO    [0m | [36msrc.processing.pipeline[0m — [MGLU3] 2019: OK
[32m2026-04-19 14:24:18[0m | [1mINFO    [0m | [36msrc.processing.pipeline[0m — [MGLU3] 2020: OK
[32m2026-04-19 14:24:18[0m | [1mINFO    [0m | [36msrc.processing.pipeline[0m — [MGLU3] 2021: OK
[32m2026-04-19 14:24:19[0m | [1mINFO    [0m | [36msrc.processing.pipeline[0m — [MGLU3] 2022: OK
[32m2026-04-19 14:24:19[0m | [1mINFO    [0m | [36msrc.processing.pipeline[0m — [MGLU3] 2023: OK
[32m2026-04-19 14:24:20[0m | [1mINFO    [0m | [36msrc.processing.pipeline[0m — [MGLU3] 2024: OK
[32m2026-04-19 14:24:20[0m | [1mINFO    [0m | [36msrc.processing.pipeline[0m — [MGLU3] 2025: OK
[32m2026-04-19 14:24:20[0m | [1mINFO    [0m | [36msrc.processing.pipeline[0m — [MGLU3] 2026: FALHA — CSVs não encontrados em /Users/diegocarvalho/Library/CloudStorage/OneDrive-EPEJUD/DIEGO/OBSIDIAN/Analista de Investimentos/12_PYTHON/data/raw/cvm/DFP/2026 — execute 'ingest' primeiro
[32m2026-04-19 14:24:20[0m | [1mINFO    [0m | [36msrc.processing.pipeline[0m — [MGLU3] concluído — ok=7 pulados=0 falhas=1
[32m2026-04-19 14:24:20[0m | [1mINFO    [0m | [36m__main__[0m — Processamento concluído — ok=7 falhas=1
[14:24:20]   ▶ process AZZA3
/Users/diegocarvalho/Library/Python/3.9/lib/python/site-packages/urllib3/__init__.py:35: NotOpenSSLWarning: urllib3 v2 only supports OpenSSL 1.1.1+, currently the 'ssl' module is compiled with 'LibreSSL 2.8.3'. See: https://github.com/urllib3/urllib3/issues/3020
  warnings.warn(
[32m2026-04-19 14:24:20[0m | [1mINFO    [0m | [36msrc.processing.pipeline[0m — [AZZA3] processando 8 anos (banco=False, CVM=022349)
[32m2026-04-19 14:24:21[0m | [1mINFO    [0m | [36msrc.processing.pipeline[0m — [AZZA3] 2019: OK
[32m2026-04-19 14:24:21[0m | [1mINFO    [0m | [36msrc.processing.pipeline[0m — [AZZA3] 2020: OK
[32m2026-04-19 14:24:21[0m | [1mINFO    [0m | [36msrc.processing.pipeline[0m — [AZZA3] 2021: OK
[32m2026-04-19 14:24:22[0m | [1mINFO    [0m | [36msrc.processing.pipeline[0m — [AZZA3] 2022: OK
[32m2026-04-19 14:24:22[0m | [1mINFO    [0m | [36msrc.processing.pipeline[0m — [AZZA3] 2023: OK
[32m2026-04-19 14:24:23[0m | [1mINFO    [0m | [36msrc.processing.pipeline[0m — [AZZA3] 2024: OK
[32m2026-04-19 14:24:23[0m | [1mINFO    [0m | [36msrc.processing.pipeline[0m — [AZZA3] 2025: OK
[32m2026-04-19 14:24:23[0m | [1mINFO    [0m | [36msrc.processing.pipeline[0m — [AZZA3] 2026: FALHA — CSVs não encontrados em /Users/diegocarvalho/Library/CloudStorage/OneDrive-EPEJUD/DIEGO/OBSIDIAN/Analista de Investimentos/12_PYTHON/data/raw/cvm/DFP/2026 — execute 'ingest' primeiro
[32m2026-04-19 14:24:23[0m | [1mINFO    [0m | [36msrc.processing.pipeline[0m — [AZZA3] concluído — ok=7 pulados=0 falhas=1
[32m2026-04-19 14:24:23[0m | [1mINFO    [0m | [36m__main__[0m — Processamento concluído — ok=7 falhas=1
[14:24:23]   ▶ process NTCO3
/Users/diegocarvalho/Library/Python/3.9/lib/python/site-packages/urllib3/__init__.py:35: NotOpenSSLWarning: urllib3 v2 only supports OpenSSL 1.1.1+, currently the 'ssl' module is compiled with 'LibreSSL 2.8.3'. See: https://github.com/urllib3/urllib3/issues/3020
  warnings.warn(
[32m2026-04-19 14:24:24[0m | [1mINFO    [0m | [36msrc.processing.pipeline[0m — [NTCO3] processando 8 anos (banco=False, CVM=019550)
[32m2026-04-19 14:24:24[0m | [1mINFO    [0m | [36msrc.processing.pipeline[0m — [NTCO3] 2019: OK
[32m2026-04-19 14:24:24[0m | [1mINFO    [0m | [36msrc.processing.pipeline[0m — [NTCO3] 2020: OK
[32m2026-04-19 14:24:25[0m | [1mINFO    [0m | [36msrc.processing.pipeline[0m — [NTCO3] 2021: OK
[32m2026-04-19 14:24:25[0m | [1mINFO    [0m | [36msrc.processing.pipeline[0m — [NTCO3] 2022: OK
[32m2026-04-19 14:24:26[0m | [1mINFO    [0m | [36msrc.processing.pipeline[0m — [NTCO3] 2023: OK
[32m2026-04-19 14:24:26[0m | [1mINFO    [0m | [36msrc.processing.pipeline[0m — [NTCO3] 2024: OK
[32m2026-04-19 14:24:26[0m | [1mINFO    [0m | [36msrc.processing.pipeline[0m — [NTCO3] 2025: OK
[32m2026-04-19 14:24:26[0m | [1mINFO    [0m | [36msrc.processing.pipeline[0m — [NTCO3] 2026: FALHA — CSVs não encontrados em /Users/diegocarvalho/Library/CloudStorage/OneDrive-EPEJUD/DIEGO/OBSIDIAN/Analista de Investimentos/12_PYTHON/data/raw/cvm/DFP/2026 — execute 'ingest' primeiro
[32m2026-04-19 14:24:26[0m | [1mINFO    [0m | [36msrc.processing.pipeline[0m — [NTCO3] concluído — ok=7 pulados=0 falhas=1
[32m2026-04-19 14:24:26[0m | [1mINFO    [0m | [36m__main__[0m — Processamento concluído — ok=7 falhas=1
[14:24:26]   ▶ process CRFB3
/Users/diegocarvalho/Library/Python/3.9/lib/python/site-packages/urllib3/__init__.py:35: NotOpenSSLWarning: urllib3 v2 only supports OpenSSL 1.1.1+, currently the 'ssl' module is compiled with 'LibreSSL 2.8.3'. See: https://github.com/urllib3/urllib3/issues/3020
  warnings.warn(
[32m2026-04-19 14:24:27[0m | [1mINFO    [0m | [36msrc.processing.pipeline[0m — [CRFB3] processando 8 anos (banco=False, CVM=023400)
[DRE] Nenhum dado para cód. CVM 023400 em dfp_cia_aberta_DRE_con_2019.csv
[BPA] Nenhum dado para cód. CVM 023400 em dfp_cia_aberta_BPA_con_2019.csv
[BPP] Nenhum dado para cód. CVM 023400 em dfp_cia_aberta_BPP_con_2019.csv
[DFC] Nenhum dado para cód. CVM 023400 em dfp_cia_aberta_DFC_MI_con_2019.csv
[32m2026-04-19 14:24:27[0m | [1mINFO    [0m | [36msrc.processing.pipeline[0m — [CRFB3] 2019: FALHA — DFPParser sem dados — verifique o código CVM
[DRE] Nenhum dado para cód. CVM 023400 em dfp_cia_aberta_DRE_con_2020.csv
[BPA] Nenhum dado para cód. CVM 023400 em dfp_cia_aberta_BPA_con_2020.csv
[BPP] Nenhum dado para cód. CVM 023400 em dfp_cia_aberta_BPP_con_2020.csv
[DFC] Nenhum dado para cód. CVM 023400 em dfp_cia_aberta_DFC_MI_con_2020.csv
[32m2026-04-19 14:24:28[0m | [1mINFO    [0m | [36msrc.processing.pipeline[0m — [CRFB3] 2020: FALHA — DFPParser sem dados — verifique o código CVM
[DRE] Nenhum dado para cód. CVM 023400 em dfp_cia_aberta_DRE_con_2021.csv
[BPA] Nenhum dado para cód. CVM 023400 em dfp_cia_aberta_BPA_con_2021.csv
[BPP] Nenhum dado para cód. CVM 023400 em dfp_cia_aberta_BPP_con_2021.csv
[DFC] Nenhum dado para cód. CVM 023400 em dfp_cia_aberta_DFC_MI_con_2021.csv
[32m2026-04-19 14:24:28[0m | [1mINFO    [0m | [36msrc.processing.pipeline[0m — [CRFB3] 2021: FALHA — DFPParser sem dados — verifique o código CVM
[DRE] Nenhum dado para cód. CVM 023400 em dfp_cia_aberta_DRE_con_2022.csv
[BPA] Nenhum dado para cód. CVM 023400 em dfp_cia_aberta_BPA_con_2022.csv
[BPP] Nenhum dado para cód. CVM 023400 em dfp_cia_aberta_BPP_con_2022.csv
[DFC] Nenhum dado para cód. CVM 023400 em dfp_cia_aberta_DFC_MI_con_2022.csv
[32m2026-04-19 14:24:28[0m | [1mINFO    [0m | [36msrc.processing.pipeline[0m — [CRFB3] 2022: FALHA — DFPParser sem dados — verifique o código CVM
[DRE] Nenhum dado para cód. CVM 023400 em dfp_cia_aberta_DRE_con_2023.csv
[BPA] Nenhum dado para cód. CVM 023400 em dfp_cia_aberta_BPA_con_2023.csv
[BPP] Nenhum dado para cód. CVM 023400 em dfp_cia_aberta_BPP_con_2023.csv
[DFC] Nenhum dado para cód. CVM 023400 em dfp_cia_aberta_DFC_MI_con_2023.csv
[32m2026-04-19 14:24:29[0m | [1mINFO    [0m | [36msrc.processing.pipeline[0m — [CRFB3] 2023: FALHA — DFPParser sem dados — verifique o código CVM
[DRE] Nenhum dado para cód. CVM 023400 em dfp_cia_aberta_DRE_con_2024.csv
[BPA] Nenhum dado para cód. CVM 023400 em dfp_cia_aberta_BPA_con_2024.csv
[BPP] Nenhum dado para cód. CVM 023400 em dfp_cia_aberta_BPP_con_2024.csv
[DFC] Nenhum dado para cód. CVM 023400 em dfp_cia_aberta_DFC_MI_con_2024.csv
[32m2026-04-19 14:24:29[0m | [1mINFO    [0m | [36msrc.processing.pipeline[0m — [CRFB3] 2024: FALHA — DFPParser sem dados — verifique o código CVM
[DRE] Nenhum dado para cód. CVM 023400 em dfp_cia_aberta_DRE_con_2025.csv
[BPA] Nenhum dado para cód. CVM 023400 em dfp_cia_aberta_BPA_con_2025.csv
[BPP] Nenhum dado para cód. CVM 023400 em dfp_cia_aberta_BPP_con_2025.csv
[DFC] Nenhum dado para cód. CVM 023400 em dfp_cia_aberta_DFC_MI_con_2025.csv
[32m2026-04-19 14:24:30[0m | [1mINFO    [0m | [36msrc.processing.pipeline[0m — [CRFB3] 2025: FALHA — DFPParser sem dados — verifique o código CVM
[32m2026-04-19 14:24:30[0m | [1mINFO    [0m | [36msrc.processing.pipeline[0m — [CRFB3] 2026: FALHA — CSVs não encontrados em /Users/diegocarvalho/Library/CloudStorage/OneDrive-EPEJUD/DIEGO/OBSIDIAN/Analista de Investimentos/12_PYTHON/data/raw/cvm/DFP/2026 — execute 'ingest' primeiro
[32m2026-04-19 14:24:30[0m | [1mINFO    [0m | [36msrc.processing.pipeline[0m — [CRFB3] concluído — ok=0 pulados=0 falhas=8
[32m2026-04-19 14:24:30[0m | [1mINFO    [0m | [36m__main__[0m — Processamento concluído — ok=0 falhas=8
[14:24:30]   ▶ process PCAR3
/Users/diegocarvalho/Library/Python/3.9/lib/python/site-packages/urllib3/__init__.py:35: NotOpenSSLWarning: urllib3 v2 only supports OpenSSL 1.1.1+, currently the 'ssl' module is compiled with 'LibreSSL 2.8.3'. See: https://github.com/urllib3/urllib3/issues/3020
  warnings.warn(
[32m2026-04-19 14:24:30[0m | [1mINFO    [0m | [36msrc.processing.pipeline[0m — [PCAR3] processando 8 anos (banco=False, CVM=006971)
[DRE] Nenhum dado para cód. CVM 006971 em dfp_cia_aberta_DRE_con_2019.csv
[BPA] Nenhum dado para cód. CVM 006971 em dfp_cia_aberta_BPA_con_2019.csv
[BPP] Nenhum dado para cód. CVM 006971 em dfp_cia_aberta_BPP_con_2019.csv
[DFC] Nenhum dado para cód. CVM 006971 em dfp_cia_aberta_DFC_MI_con_2019.csv
[32m2026-04-19 14:24:30[0m | [1mINFO    [0m | [36msrc.processing.pipeline[0m — [PCAR3] 2019: FALHA — DFPParser sem dados — verifique o código CVM
[DRE] Nenhum dado para cód. CVM 006971 em dfp_cia_aberta_DRE_con_2020.csv
[BPA] Nenhum dado para cód. CVM 006971 em dfp_cia_aberta_BPA_con_2020.csv
[BPP] Nenhum dado para cód. CVM 006971 em dfp_cia_aberta_BPP_con_2020.csv
[DFC] Nenhum dado para cód. CVM 006971 em dfp_cia_aberta_DFC_MI_con_2020.csv
[32m2026-04-19 14:24:31[0m | [1mINFO    [0m | [36msrc.processing.pipeline[0m — [PCAR3] 2020: FALHA — DFPParser sem dados — verifique o código CVM
[DRE] Nenhum dado para cód. CVM 006971 em dfp_cia_aberta_DRE_con_2021.csv
[BPA] Nenhum dado para cód. CVM 006971 em dfp_cia_aberta_BPA_con_2021.csv
[BPP] Nenhum dado para cód. CVM 006971 em dfp_cia_aberta_BPP_con_2021.csv
[DFC] Nenhum dado para cód. CVM 006971 em dfp_cia_aberta_DFC_MI_con_2021.csv
[32m2026-04-19 14:24:31[0m | [1mINFO    [0m | [36msrc.processing.pipeline[0m — [PCAR3] 2021: FALHA — DFPParser sem dados — verifique o código CVM
[DRE] Nenhum dado para cód. CVM 006971 em dfp_cia_aberta_DRE_con_2022.csv
[BPA] Nenhum dado para cód. CVM 006971 em dfp_cia_aberta_BPA_con_2022.csv
[BPP] Nenhum dado para cód. CVM 006971 em dfp_cia_aberta_BPP_con_2022.csv
[DFC] Nenhum dado para cód. CVM 006971 em dfp_cia_aberta_DFC_MI_con_2022.csv
[32m2026-04-19 14:24:31[0m | [1mINFO    [0m | [36msrc.processing.pipeline[0m — [PCAR3] 2022: FALHA — DFPParser sem dados — verifique o código CVM
[DRE] Nenhum dado para cód. CVM 006971 em dfp_cia_aberta_DRE_con_2023.csv
[BPA] Nenhum dado para cód. CVM 006971 em dfp_cia_aberta_BPA_con_2023.csv
[BPP] Nenhum dado para cód. CVM 006971 em dfp_cia_aberta_BPP_con_2023.csv
[DFC] Nenhum dado para cód. CVM 006971 em dfp_cia_aberta_DFC_MI_con_2023.csv
[32m2026-04-19 14:24:32[0m | [1mINFO    [0m | [36msrc.processing.pipeline[0m — [PCAR3] 2023: FALHA — DFPParser sem dados — verifique o código CVM
[DRE] Nenhum dado para cód. CVM 006971 em dfp_cia_aberta_DRE_con_2024.csv
[BPA] Nenhum dado para cód. CVM 006971 em dfp_cia_aberta_BPA_con_2024.csv
[BPP] Nenhum dado para cód. CVM 006971 em dfp_cia_aberta_BPP_con_2024.csv
[DFC] Nenhum dado para cód. CVM 006971 em dfp_cia_aberta_DFC_MI_con_2024.csv
[32m2026-04-19 14:24:32[0m | [1mINFO    [0m | [36msrc.processing.pipeline[0m — [PCAR3] 2024: FALHA — DFPParser sem dados — verifique o código CVM
[DRE] Nenhum dado para cód. CVM 006971 em dfp_cia_aberta_DRE_con_2025.csv
[BPA] Nenhum dado para cód. CVM 006971 em dfp_cia_aberta_BPA_con_2025.csv
[BPP] Nenhum dado para cód. CVM 006971 em dfp_cia_aberta_BPP_con_2025.csv
[DFC] Nenhum dado para cód. CVM 006971 em dfp_cia_aberta_DFC_MI_con_2025.csv
[32m2026-04-19 14:24:33[0m | [1mINFO    [0m | [36msrc.processing.pipeline[0m — [PCAR3] 2025: FALHA — DFPParser sem dados — verifique o código CVM
[32m2026-04-19 14:24:33[0m | [1mINFO    [0m | [36msrc.processing.pipeline[0m — [PCAR3] 2026: FALHA — CSVs não encontrados em /Users/diegocarvalho/Library/CloudStorage/OneDrive-EPEJUD/DIEGO/OBSIDIAN/Analista de Investimentos/12_PYTHON/data/raw/cvm/DFP/2026 — execute 'ingest' primeiro
[32m2026-04-19 14:24:33[0m | [1mINFO    [0m | [36msrc.processing.pipeline[0m — [PCAR3] concluído — ok=0 pulados=0 falhas=8
[32m2026-04-19 14:24:33[0m | [1mINFO    [0m | [36m__main__[0m — Processamento concluído — ok=0 falhas=8
[14:24:33]   ▶ process PETZ3
/Users/diegocarvalho/Library/Python/3.9/lib/python/site-packages/urllib3/__init__.py:35: NotOpenSSLWarning: urllib3 v2 only supports OpenSSL 1.1.1+, currently the 'ssl' module is compiled with 'LibreSSL 2.8.3'. See: https://github.com/urllib3/urllib3/issues/3020
  warnings.warn(
[32m2026-04-19 14:24:33[0m | [1mINFO    [0m | [36msrc.processing.pipeline[0m — [PETZ3] processando 8 anos (banco=False, CVM=025551)
[DRE] Nenhum dado para cód. CVM 025551 em dfp_cia_aberta_DRE_con_2019.csv
[BPA] Nenhum dado para cód. CVM 025551 em dfp_cia_aberta_BPA_con_2019.csv
[BPP] Nenhum dado para cód. CVM 025551 em dfp_cia_aberta_BPP_con_2019.csv
[DFC] Nenhum dado para cód. CVM 025551 em dfp_cia_aberta_DFC_MI_con_2019.csv
[32m2026-04-19 14:24:33[0m | [1mINFO    [0m | [36msrc.processing.pipeline[0m — [PETZ3] 2019: FALHA — DFPParser sem dados — verifique o código CVM
[DRE] Nenhum dado para cód. CVM 025551 em dfp_cia_aberta_DRE_con_2020.csv
[BPA] Nenhum dado para cód. CVM 025551 em dfp_cia_aberta_BPA_con_2020.csv
[BPP] Nenhum dado para cód. CVM 025551 em dfp_cia_aberta_BPP_con_2020.csv
[DFC] Nenhum dado para cód. CVM 025551 em dfp_cia_aberta_DFC_MI_con_2020.csv
[32m2026-04-19 14:24:34[0m | [1mINFO    [0m | [36msrc.processing.pipeline[0m — [PETZ3] 2020: FALHA — DFPParser sem dados — verifique o código CVM
[DRE] Nenhum dado para cód. CVM 025551 em dfp_cia_aberta_DRE_con_2021.csv
[BPA] Nenhum dado para cód. CVM 025551 em dfp_cia_aberta_BPA_con_2021.csv
[BPP] Nenhum dado para cód. CVM 025551 em dfp_cia_aberta_BPP_con_2021.csv
[DFC] Nenhum dado para cód. CVM 025551 em dfp_cia_aberta_DFC_MI_con_2021.csv
[32m2026-04-19 14:24:34[0m | [1mINFO    [0m | [36msrc.processing.pipeline[0m — [PETZ3] 2021: FALHA — DFPParser sem dados — verifique o código CVM
[DRE] Nenhum dado para cód. CVM 025551 em dfp_cia_aberta_DRE_con_2022.csv
[BPA] Nenhum dado para cód. CVM 025551 em dfp_cia_aberta_BPA_con_2022.csv
[BPP] Nenhum dado para cód. CVM 025551 em dfp_cia_aberta_BPP_con_2022.csv
[DFC] Nenhum dado para cód. CVM 025551 em dfp_cia_aberta_DFC_MI_con_2022.csv
[32m2026-04-19 14:24:35[0m | [1mINFO    [0m | [36msrc.processing.pipeline[0m — [PETZ3] 2022: FALHA — DFPParser sem dados — verifique o código CVM
[DRE] Nenhum dado para cód. CVM 025551 em dfp_cia_aberta_DRE_con_2023.csv
[BPA] Nenhum dado para cód. CVM 025551 em dfp_cia_aberta_BPA_con_2023.csv
[BPP] Nenhum dado para cód. CVM 025551 em dfp_cia_aberta_BPP_con_2023.csv
[DFC] Nenhum dado para cód. CVM 025551 em dfp_cia_aberta_DFC_MI_con_2023.csv
[32m2026-04-19 14:24:35[0m | [1mINFO    [0m | [36msrc.processing.pipeline[0m — [PETZ3] 2023: FALHA — DFPParser sem dados — verifique o código CVM
[DRE] Nenhum dado para cód. CVM 025551 em dfp_cia_aberta_DRE_con_2024.csv
[BPA] Nenhum dado para cód. CVM 025551 em dfp_cia_aberta_BPA_con_2024.csv
[BPP] Nenhum dado para cód. CVM 025551 em dfp_cia_aberta_BPP_con_2024.csv
[DFC] Nenhum dado para cód. CVM 025551 em dfp_cia_aberta_DFC_MI_con_2024.csv
[32m2026-04-19 14:24:35[0m | [1mINFO    [0m | [36msrc.processing.pipeline[0m — [PETZ3] 2024: FALHA — DFPParser sem dados — verifique o código CVM
[DRE] Nenhum dado para cód. CVM 025551 em dfp_cia_aberta_DRE_con_2025.csv
[BPA] Nenhum dado para cód. CVM 025551 em dfp_cia_aberta_BPA_con_2025.csv
[BPP] Nenhum dado para cód. CVM 025551 em dfp_cia_aberta_BPP_con_2025.csv
[DFC] Nenhum dado para cód. CVM 025551 em dfp_cia_aberta_DFC_MI_con_2025.csv
[32m2026-04-19 14:24:36[0m | [1mINFO    [0m | [36msrc.processing.pipeline[0m — [PETZ3] 2025: FALHA — DFPParser sem dados — verifique o código CVM
[32m2026-04-19 14:24:36[0m | [1mINFO    [0m | [36msrc.processing.pipeline[0m — [PETZ3] 2026: FALHA — CSVs não encontrados em /Users/diegocarvalho/Library/CloudStorage/OneDrive-EPEJUD/DIEGO/OBSIDIAN/Analista de Investimentos/12_PYTHON/data/raw/cvm/DFP/2026 — execute 'ingest' primeiro
[32m2026-04-19 14:24:36[0m | [1mINFO    [0m | [36msrc.processing.pipeline[0m — [PETZ3] concluído — ok=0 pulados=0 falhas=8
[32m2026-04-19 14:24:36[0m | [1mINFO    [0m | [36m__main__[0m — Processamento concluído — ok=0 falhas=8
[14:24:36]   ▶ process VIVA3
/Users/diegocarvalho/Library/Python/3.9/lib/python/site-packages/urllib3/__init__.py:35: NotOpenSSLWarning: urllib3 v2 only supports OpenSSL 1.1.1+, currently the 'ssl' module is compiled with 'LibreSSL 2.8.3'. See: https://github.com/urllib3/urllib3/issues/3020
  warnings.warn(
[32m2026-04-19 14:24:36[0m | [1mINFO    [0m | [36msrc.processing.pipeline[0m — [VIVA3] processando 8 anos (banco=False, CVM=024805)
[32m2026-04-19 14:24:37[0m | [1mINFO    [0m | [36msrc.processing.pipeline[0m — [VIVA3] 2019: OK
[32m2026-04-19 14:24:37[0m | [1mINFO    [0m | [36msrc.processing.pipeline[0m — [VIVA3] 2020: OK
[32m2026-04-19 14:24:37[0m | [1mINFO    [0m | [36msrc.processing.pipeline[0m — [VIVA3] 2021: OK
[32m2026-04-19 14:24:38[0m | [1mINFO    [0m | [36msrc.processing.pipeline[0m — [VIVA3] 2022: OK
[32m2026-04-19 14:24:38[0m | [1mINFO    [0m | [36msrc.processing.pipeline[0m — [VIVA3] 2023: OK
[32m2026-04-19 14:24:39[0m | [1mINFO    [0m | [36msrc.processing.pipeline[0m — [VIVA3] 2024: OK
[32m2026-04-19 14:24:39[0m | [1mINFO    [0m | [36msrc.processing.pipeline[0m — [VIVA3] 2025: OK
[32m2026-04-19 14:24:39[0m | [1mINFO    [0m | [36msrc.processing.pipeline[0m — [VIVA3] 2026: FALHA — CSVs não encontrados em /Users/diegocarvalho/Library/CloudStorage/OneDrive-EPEJUD/DIEGO/OBSIDIAN/Analista de Investimentos/12_PYTHON/data/raw/cvm/DFP/2026 — execute 'ingest' primeiro
[32m2026-04-19 14:24:39[0m | [1mINFO    [0m | [36msrc.processing.pipeline[0m — [VIVA3] concluído — ok=7 pulados=0 falhas=1
[32m2026-04-19 14:24:39[0m | [1mINFO    [0m | [36m__main__[0m — Processamento concluído — ok=7 falhas=1
[14:24:39]   ▶ process AMOB3
/Users/diegocarvalho/Library/Python/3.9/lib/python/site-packages/urllib3/__init__.py:35: NotOpenSSLWarning: urllib3 v2 only supports OpenSSL 1.1.1+, currently the 'ssl' module is compiled with 'LibreSSL 2.8.3'. See: https://github.com/urllib3/urllib3/issues/3020
  warnings.warn(
[32m2026-04-19 14:24:39[0m | [1mINFO    [0m | [36msrc.processing.pipeline[0m — [AMOB3] processando 8 anos (banco=False, CVM=027707)
[DRE] Nenhum dado para cód. CVM 027707 em dfp_cia_aberta_DRE_con_2019.csv
[BPA] Nenhum dado para cód. CVM 027707 em dfp_cia_aberta_BPA_con_2019.csv
[BPP] Nenhum dado para cód. CVM 027707 em dfp_cia_aberta_BPP_con_2019.csv
[DFC] Nenhum dado para cód. CVM 027707 em dfp_cia_aberta_DFC_MI_con_2019.csv
[32m2026-04-19 14:24:40[0m | [1mINFO    [0m | [36msrc.processing.pipeline[0m — [AMOB3] 2019: FALHA — DFPParser sem dados — verifique o código CVM
[DRE] Nenhum dado para cód. CVM 027707 em dfp_cia_aberta_DRE_con_2020.csv
[BPA] Nenhum dado para cód. CVM 027707 em dfp_cia_aberta_BPA_con_2020.csv
[BPP] Nenhum dado para cód. CVM 027707 em dfp_cia_aberta_BPP_con_2020.csv
[DFC] Nenhum dado para cód. CVM 027707 em dfp_cia_aberta_DFC_MI_con_2020.csv
[32m2026-04-19 14:24:40[0m | [1mINFO    [0m | [36msrc.processing.pipeline[0m — [AMOB3] 2020: FALHA — DFPParser sem dados — verifique o código CVM
[DRE] Nenhum dado para cód. CVM 027707 em dfp_cia_aberta_DRE_con_2021.csv
[BPA] Nenhum dado para cód. CVM 027707 em dfp_cia_aberta_BPA_con_2021.csv
[BPP] Nenhum dado para cód. CVM 027707 em dfp_cia_aberta_BPP_con_2021.csv
[DFC] Nenhum dado para cód. CVM 027707 em dfp_cia_aberta_DFC_MI_con_2021.csv
[32m2026-04-19 14:24:41[0m | [1mINFO    [0m | [36msrc.processing.pipeline[0m — [AMOB3] 2021: FALHA — DFPParser sem dados — verifique o código CVM
[DRE] Nenhum dado para cód. CVM 027707 em dfp_cia_aberta_DRE_con_2022.csv
[BPA] Nenhum dado para cód. CVM 027707 em dfp_cia_aberta_BPA_con_2022.csv
[BPP] Nenhum dado para cód. CVM 027707 em dfp_cia_aberta_BPP_con_2022.csv
[DFC] Nenhum dado para cód. CVM 027707 em dfp_cia_aberta_DFC_MI_con_2022.csv
[32m2026-04-19 14:24:41[0m | [1mINFO    [0m | [36msrc.processing.pipeline[0m — [AMOB3] 2022: FALHA — DFPParser sem dados — verifique o código CVM
[DFC] Nenhum dado para cód. CVM 027707 em dfp_cia_aberta_DFC_MI_con_2023.csv
[32m2026-04-19 14:24:41[0m | [1mINFO    [0m | [36msrc.processing.pipeline[0m — [AMOB3] 2023: OK
[32m2026-04-19 14:24:42[0m | [1mINFO    [0m | [36msrc.processing.pipeline[0m — [AMOB3] 2024: OK
[32m2026-04-19 14:24:42[0m | [1mINFO    [0m | [36msrc.processing.pipeline[0m — [AMOB3] 2025: OK
[32m2026-04-19 14:24:42[0m | [1mINFO    [0m | [36msrc.processing.pipeline[0m — [AMOB3] 2026: FALHA — CSVs não encontrados em /Users/diegocarvalho/Library/CloudStorage/OneDrive-EPEJUD/DIEGO/OBSIDIAN/Analista de Investimentos/12_PYTHON/data/raw/cvm/DFP/2026 — execute 'ingest' primeiro
[32m2026-04-19 14:24:42[0m | [1mINFO    [0m | [36msrc.processing.pipeline[0m — [AMOB3] concluído — ok=3 pulados=0 falhas=5
[32m2026-04-19 14:24:42[0m | [1mINFO    [0m | [36m__main__[0m — Processamento concluído — ok=3 falhas=5
[14:24:42]   ▶ process RDOR3
/Users/diegocarvalho/Library/Python/3.9/lib/python/site-packages/urllib3/__init__.py:35: NotOpenSSLWarning: urllib3 v2 only supports OpenSSL 1.1.1+, currently the 'ssl' module is compiled with 'LibreSSL 2.8.3'. See: https://github.com/urllib3/urllib3/issues/3020
  warnings.warn(
[32m2026-04-19 14:24:43[0m | [1mINFO    [0m | [36msrc.processing.pipeline[0m — [RDOR3] processando 8 anos (banco=False, CVM=021660)
[DRE] Nenhum dado para cód. CVM 021660 em dfp_cia_aberta_DRE_con_2019.csv
[BPA] Nenhum dado para cód. CVM 021660 em dfp_cia_aberta_BPA_con_2019.csv
[BPP] Nenhum dado para cód. CVM 021660 em dfp_cia_aberta_BPP_con_2019.csv
[DFC] Nenhum dado para cód. CVM 021660 em dfp_cia_aberta_DFC_MI_con_2019.csv
[32m2026-04-19 14:24:43[0m | [1mINFO    [0m | [36msrc.processing.pipeline[0m — [RDOR3] 2019: FALHA — DFPParser sem dados — verifique o código CVM
[DRE] Nenhum dado para cód. CVM 021660 em dfp_cia_aberta_DRE_con_2020.csv
[BPA] Nenhum dado para cód. CVM 021660 em dfp_cia_aberta_BPA_con_2020.csv
[BPP] Nenhum dado para cód. CVM 021660 em dfp_cia_aberta_BPP_con_2020.csv
[DFC] Nenhum dado para cód. CVM 021660 em dfp_cia_aberta_DFC_MI_con_2020.csv
[32m2026-04-19 14:24:43[0m | [1mINFO    [0m | [36msrc.processing.pipeline[0m — [RDOR3] 2020: FALHA — DFPParser sem dados — verifique o código CVM
[DRE] Nenhum dado para cód. CVM 021660 em dfp_cia_aberta_DRE_con_2021.csv
[BPA] Nenhum dado para cód. CVM 021660 em dfp_cia_aberta_BPA_con_2021.csv
[BPP] Nenhum dado para cód. CVM 021660 em dfp_cia_aberta_BPP_con_2021.csv
[DFC] Nenhum dado para cód. CVM 021660 em dfp_cia_aberta_DFC_MI_con_2021.csv
[32m2026-04-19 14:24:44[0m | [1mINFO    [0m | [36msrc.processing.pipeline[0m — [RDOR3] 2021: FALHA — DFPParser sem dados — verifique o código CVM
[DRE] Nenhum dado para cód. CVM 021660 em dfp_cia_aberta_DRE_con_2022.csv
[BPA] Nenhum dado para cód. CVM 021660 em dfp_cia_aberta_BPA_con_2022.csv
[BPP] Nenhum dado para cód. CVM 021660 em dfp_cia_aberta_BPP_con_2022.csv
[DFC] Nenhum dado para cód. CVM 021660 em dfp_cia_aberta_DFC_MI_con_2022.csv
[32m2026-04-19 14:24:44[0m | [1mINFO    [0m | [36msrc.processing.pipeline[0m — [RDOR3] 2022: FALHA — DFPParser sem dados — verifique o código CVM
[DRE] Nenhum dado para cód. CVM 021660 em dfp_cia_aberta_DRE_con_2023.csv
[BPA] Nenhum dado para cód. CVM 021660 em dfp_cia_aberta_BPA_con_2023.csv
[BPP] Nenhum dado para cód. CVM 021660 em dfp_cia_aberta_BPP_con_2023.csv
[DFC] Nenhum dado para cód. CVM 021660 em dfp_cia_aberta_DFC_MI_con_2023.csv
[32m2026-04-19 14:24:45[0m | [1mINFO    [0m | [36msrc.processing.pipeline[0m — [RDOR3] 2023: FALHA — DFPParser sem dados — verifique o código CVM
[DRE] Nenhum dado para cód. CVM 021660 em dfp_cia_aberta_DRE_con_2024.csv
[BPA] Nenhum dado para cód. CVM 021660 em dfp_cia_aberta_BPA_con_2024.csv
[BPP] Nenhum dado para cód. CVM 021660 em dfp_cia_aberta_BPP_con_2024.csv
[DFC] Nenhum dado para cód. CVM 021660 em dfp_cia_aberta_DFC_MI_con_2024.csv
[32m2026-04-19 14:24:45[0m | [1mINFO    [0m | [36msrc.processing.pipeline[0m — [RDOR3] 2024: FALHA — DFPParser sem dados — verifique o código CVM
[DRE] Nenhum dado para cód. CVM 021660 em dfp_cia_aberta_DRE_con_2025.csv
[BPA] Nenhum dado para cód. CVM 021660 em dfp_cia_aberta_BPA_con_2025.csv
[BPP] Nenhum dado para cód. CVM 021660 em dfp_cia_aberta_BPP_con_2025.csv
[DFC] Nenhum dado para cód. CVM 021660 em dfp_cia_aberta_DFC_MI_con_2025.csv
[32m2026-04-19 14:24:45[0m | [1mINFO    [0m | [36msrc.processing.pipeline[0m — [RDOR3] 2025: FALHA — DFPParser sem dados — verifique o código CVM
[32m2026-04-19 14:24:45[0m | [1mINFO    [0m | [36msrc.processing.pipeline[0m — [RDOR3] 2026: FALHA — CSVs não encontrados em /Users/diegocarvalho/Library/CloudStorage/OneDrive-EPEJUD/DIEGO/OBSIDIAN/Analista de Investimentos/12_PYTHON/data/raw/cvm/DFP/2026 — execute 'ingest' primeiro
[32m2026-04-19 14:24:45[0m | [1mINFO    [0m | [36msrc.processing.pipeline[0m — [RDOR3] concluído — ok=0 pulados=0 falhas=8
[32m2026-04-19 14:24:45[0m | [1mINFO    [0m | [36m__main__[0m — Processamento concluído — ok=0 falhas=8
[14:24:45]   ▶ process HAPV3
/Users/diegocarvalho/Library/Python/3.9/lib/python/site-packages/urllib3/__init__.py:35: NotOpenSSLWarning: urllib3 v2 only supports OpenSSL 1.1.1+, currently the 'ssl' module is compiled with 'LibreSSL 2.8.3'. See: https://github.com/urllib3/urllib3/issues/3020
  warnings.warn(
[32m2026-04-19 14:24:46[0m | [1mINFO    [0m | [36msrc.processing.pipeline[0m — [HAPV3] processando 8 anos (banco=False, CVM=024392)
[32m2026-04-19 14:24:46[0m | [1mINFO    [0m | [36msrc.processing.pipeline[0m — [HAPV3] 2019: OK
[32m2026-04-19 14:24:47[0m | [1mINFO    [0m | [36msrc.processing.pipeline[0m — [HAPV3] 2020: OK
[32m2026-04-19 14:24:47[0m | [1mINFO    [0m | [36msrc.processing.pipeline[0m — [HAPV3] 2021: OK
[32m2026-04-19 14:24:48[0m | [1mINFO    [0m | [36msrc.processing.pipeline[0m — [HAPV3] 2022: OK
[32m2026-04-19 14:24:48[0m | [1mINFO    [0m | [36msrc.processing.pipeline[0m — [HAPV3] 2023: OK
[32m2026-04-19 14:24:48[0m | [1mINFO    [0m | [36msrc.processing.pipeline[0m — [HAPV3] 2024: OK
[32m2026-04-19 14:24:49[0m | [1mINFO    [0m | [36msrc.processing.pipeline[0m — [HAPV3] 2025: OK
[32m2026-04-19 14:24:49[0m | [1mINFO    [0m | [36msrc.processing.pipeline[0m — [HAPV3] 2026: FALHA — CSVs não encontrados em /Users/diegocarvalho/Library/CloudStorage/OneDrive-EPEJUD/DIEGO/OBSIDIAN/Analista de Investimentos/12_PYTHON/data/raw/cvm/DFP/2026 — execute 'ingest' primeiro
[32m2026-04-19 14:24:49[0m | [1mINFO    [0m | [36msrc.processing.pipeline[0m — [HAPV3] concluído — ok=7 pulados=0 falhas=1
[32m2026-04-19 14:24:49[0m | [1mINFO    [0m | [36m__main__[0m — Processamento concluído — ok=7 falhas=1
[14:24:49]   ▶ process FLRY3
/Users/diegocarvalho/Library/Python/3.9/lib/python/site-packages/urllib3/__init__.py:35: NotOpenSSLWarning: urllib3 v2 only supports OpenSSL 1.1.1+, currently the 'ssl' module is compiled with 'LibreSSL 2.8.3'. See: https://github.com/urllib3/urllib3/issues/3020
  warnings.warn(
[32m2026-04-19 14:24:49[0m | [1mINFO    [0m | [36msrc.processing.pipeline[0m — [FLRY3] processando 8 anos (banco=False, CVM=021881)
[32m2026-04-19 14:24:50[0m | [1mINFO    [0m | [36msrc.processing.pipeline[0m — [FLRY3] 2019: OK
[32m2026-04-19 14:24:50[0m | [1mINFO    [0m | [36msrc.processing.pipeline[0m — [FLRY3] 2020: OK
[32m2026-04-19 14:24:51[0m | [1mINFO    [0m | [36msrc.processing.pipeline[0m — [FLRY3] 2021: OK
[32m2026-04-19 14:24:51[0m | [1mINFO    [0m | [36msrc.processing.pipeline[0m — [FLRY3] 2022: OK
[32m2026-04-19 14:24:51[0m | [1mINFO    [0m | [36msrc.processing.pipeline[0m — [FLRY3] 2023: OK
[32m2026-04-19 14:24:52[0m | [1mINFO    [0m | [36msrc.processing.pipeline[0m — [FLRY3] 2024: OK
[32m2026-04-19 14:24:52[0m | [1mINFO    [0m | [36msrc.processing.pipeline[0m — [FLRY3] 2025: OK
[32m2026-04-19 14:24:52[0m | [1mINFO    [0m | [36msrc.processing.pipeline[0m — [FLRY3] 2026: FALHA — CSVs não encontrados em /Users/diegocarvalho/Library/CloudStorage/OneDrive-EPEJUD/DIEGO/OBSIDIAN/Analista de Investimentos/12_PYTHON/data/raw/cvm/DFP/2026 — execute 'ingest' primeiro
[32m2026-04-19 14:24:52[0m | [1mINFO    [0m | [36msrc.processing.pipeline[0m — [FLRY3] concluído — ok=7 pulados=0 falhas=1
[32m2026-04-19 14:24:52[0m | [1mINFO    [0m | [36m__main__[0m — Processamento concluído — ok=7 falhas=1
[14:24:52]   ▶ process HYPE3
/Users/diegocarvalho/Library/Python/3.9/lib/python/site-packages/urllib3/__init__.py:35: NotOpenSSLWarning: urllib3 v2 only supports OpenSSL 1.1.1+, currently the 'ssl' module is compiled with 'LibreSSL 2.8.3'. See: https://github.com/urllib3/urllib3/issues/3020
  warnings.warn(
[32m2026-04-19 14:24:53[0m | [1mINFO    [0m | [36msrc.processing.pipeline[0m — [HYPE3] processando 8 anos (banco=False, CVM=021431)
[32m2026-04-19 14:24:53[0m | [1mINFO    [0m | [36msrc.processing.pipeline[0m — [HYPE3] 2019: OK
[32m2026-04-19 14:24:54[0m | [1mINFO    [0m | [36msrc.processing.pipeline[0m — [HYPE3] 2020: OK
[32m2026-04-19 14:24:54[0m | [1mINFO    [0m | [36msrc.processing.pipeline[0m — [HYPE3] 2021: OK
[32m2026-04-19 14:24:54[0m | [1mINFO    [0m | [36msrc.processing.pipeline[0m — [HYPE3] 2022: OK
[32m2026-04-19 14:24:55[0m | [1mINFO    [0m | [36msrc.processing.pipeline[0m — [HYPE3] 2023: OK
[32m2026-04-19 14:24:55[0m | [1mINFO    [0m | [36msrc.processing.pipeline[0m — [HYPE3] 2024: OK
[32m2026-04-19 14:24:56[0m | [1mINFO    [0m | [36msrc.processing.pipeline[0m — [HYPE3] 2025: OK
[32m2026-04-19 14:24:56[0m | [1mINFO    [0m | [36msrc.processing.pipeline[0m — [HYPE3] 2026: FALHA — CSVs não encontrados em /Users/diegocarvalho/Library/CloudStorage/OneDrive-EPEJUD/DIEGO/OBSIDIAN/Analista de Investimentos/12_PYTHON/data/raw/cvm/DFP/2026 — execute 'ingest' primeiro
[32m2026-04-19 14:24:56[0m | [1mINFO    [0m | [36msrc.processing.pipeline[0m — [HYPE3] concluído — ok=7 pulados=0 falhas=1
[32m2026-04-19 14:24:56[0m | [1mINFO    [0m | [36m__main__[0m — Processamento concluído — ok=7 falhas=1
[14:24:56]   ▶ process RADL3
/Users/diegocarvalho/Library/Python/3.9/lib/python/site-packages/urllib3/__init__.py:35: NotOpenSSLWarning: urllib3 v2 only supports OpenSSL 1.1.1+, currently the 'ssl' module is compiled with 'LibreSSL 2.8.3'. See: https://github.com/urllib3/urllib3/issues/3020
  warnings.warn(
[32m2026-04-19 14:24:56[0m | [1mINFO    [0m | [36msrc.processing.pipeline[0m — [RADL3] processando 8 anos (banco=False, CVM=005258)
[32m2026-04-19 14:24:57[0m | [1mINFO    [0m | [36msrc.processing.pipeline[0m — [RADL3] 2019: OK
[32m2026-04-19 14:24:57[0m | [1mINFO    [0m | [36msrc.processing.pipeline[0m — [RADL3] 2020: OK
[32m2026-04-19 14:24:57[0m | [1mINFO    [0m | [36msrc.processing.pipeline[0m — [RADL3] 2021: OK
[32m2026-04-19 14:24:58[0m | [1mINFO    [0m | [36msrc.processing.pipeline[0m — [RADL3] 2022: OK
[32m2026-04-19 14:24:58[0m | [1mINFO    [0m | [36msrc.processing.pipeline[0m — [RADL3] 2023: OK
[32m2026-04-19 14:24:59[0m | [1mINFO    [0m | [36msrc.processing.pipeline[0m — [RADL3] 2024: OK
[32m2026-04-19 14:24:59[0m | [1mINFO    [0m | [36msrc.processing.pipeline[0m — [RADL3] 2025: OK
[32m2026-04-19 14:24:59[0m | [1mINFO    [0m | [36msrc.processing.pipeline[0m — [RADL3] 2026: FALHA — CSVs não encontrados em /Users/diegocarvalho/Library/CloudStorage/OneDrive-EPEJUD/DIEGO/OBSIDIAN/Analista de Investimentos/12_PYTHON/data/raw/cvm/DFP/2026 — execute 'ingest' primeiro
[32m2026-04-19 14:24:59[0m | [1mINFO    [0m | [36msrc.processing.pipeline[0m — [RADL3] concluído — ok=7 pulados=0 falhas=1
[32m2026-04-19 14:24:59[0m | [1mINFO    [0m | [36m__main__[0m — Processamento concluído — ok=7 falhas=1
[14:24:59]   ▶ process MULT3
/Users/diegocarvalho/Library/Python/3.9/lib/python/site-packages/urllib3/__init__.py:35: NotOpenSSLWarning: urllib3 v2 only supports OpenSSL 1.1.1+, currently the 'ssl' module is compiled with 'LibreSSL 2.8.3'. See: https://github.com/urllib3/urllib3/issues/3020
  warnings.warn(
[32m2026-04-19 14:25:00[0m | [1mINFO    [0m | [36msrc.processing.pipeline[0m — [MULT3] processando 8 anos (banco=False, CVM=020982)
[32m2026-04-19 14:25:00[0m | [1mINFO    [0m | [36msrc.processing.pipeline[0m — [MULT3] 2019: OK
[32m2026-04-19 14:25:01[0m | [1mINFO    [0m | [36msrc.processing.pipeline[0m — [MULT3] 2020: OK
[32m2026-04-19 14:25:01[0m | [1mINFO    [0m | [36msrc.processing.pipeline[0m — [MULT3] 2021: OK
[32m2026-04-19 14:25:01[0m | [1mINFO    [0m | [36msrc.processing.pipeline[0m — [MULT3] 2022: OK
[32m2026-04-19 14:25:02[0m | [1mINFO    [0m | [36msrc.processing.pipeline[0m — [MULT3] 2023: OK
[32m2026-04-19 14:25:02[0m | [1mINFO    [0m | [36msrc.processing.pipeline[0m — [MULT3] 2024: OK
[32m2026-04-19 14:25:03[0m | [1mINFO    [0m | [36msrc.processing.pipeline[0m — [MULT3] 2025: OK
[32m2026-04-19 14:25:03[0m | [1mINFO    [0m | [36msrc.processing.pipeline[0m — [MULT3] 2026: FALHA — CSVs não encontrados em /Users/diegocarvalho/Library/CloudStorage/OneDrive-EPEJUD/DIEGO/OBSIDIAN/Analista de Investimentos/12_PYTHON/data/raw/cvm/DFP/2026 — execute 'ingest' primeiro
[32m2026-04-19 14:25:03[0m | [1mINFO    [0m | [36msrc.processing.pipeline[0m — [MULT3] concluído — ok=7 pulados=0 falhas=1
[32m2026-04-19 14:25:03[0m | [1mINFO    [0m | [36m__main__[0m — Processamento concluído — ok=7 falhas=1
[14:25:03]   ▶ process CYRE3
/Users/diegocarvalho/Library/Python/3.9/lib/python/site-packages/urllib3/__init__.py:35: NotOpenSSLWarning: urllib3 v2 only supports OpenSSL 1.1.1+, currently the 'ssl' module is compiled with 'LibreSSL 2.8.3'. See: https://github.com/urllib3/urllib3/issues/3020
  warnings.warn(
[32m2026-04-19 14:25:03[0m | [1mINFO    [0m | [36msrc.processing.pipeline[0m — [CYRE3] processando 8 anos (banco=False, CVM=014460)
[32m2026-04-19 14:25:04[0m | [1mINFO    [0m | [36msrc.processing.pipeline[0m — [CYRE3] 2019: OK
[32m2026-04-19 14:25:04[0m | [1mINFO    [0m | [36msrc.processing.pipeline[0m — [CYRE3] 2020: OK
[32m2026-04-19 14:25:04[0m | [1mINFO    [0m | [36msrc.processing.pipeline[0m — [CYRE3] 2021: OK
[32m2026-04-19 14:25:05[0m | [1mINFO    [0m | [36msrc.processing.pipeline[0m — [CYRE3] 2022: OK
[32m2026-04-19 14:25:05[0m | [1mINFO    [0m | [36msrc.processing.pipeline[0m — [CYRE3] 2023: OK
[32m2026-04-19 14:25:06[0m | [1mINFO    [0m | [36msrc.processing.pipeline[0m — [CYRE3] 2024: OK
[32m2026-04-19 14:25:06[0m | [1mINFO    [0m | [36msrc.processing.pipeline[0m — [CYRE3] 2025: OK
[32m2026-04-19 14:25:06[0m | [1mINFO    [0m | [36msrc.processing.pipeline[0m — [CYRE3] 2026: FALHA — CSVs não encontrados em /Users/diegocarvalho/Library/CloudStorage/OneDrive-EPEJUD/DIEGO/OBSIDIAN/Analista de Investimentos/12_PYTHON/data/raw/cvm/DFP/2026 — execute 'ingest' primeiro
[32m2026-04-19 14:25:06[0m | [1mINFO    [0m | [36msrc.processing.pipeline[0m — [CYRE3] concluído — ok=7 pulados=0 falhas=1
[32m2026-04-19 14:25:06[0m | [1mINFO    [0m | [36m__main__[0m — Processamento concluído — ok=7 falhas=1
[14:25:06]   ▶ process MRVE3
/Users/diegocarvalho/Library/Python/3.9/lib/python/site-packages/urllib3/__init__.py:35: NotOpenSSLWarning: urllib3 v2 only supports OpenSSL 1.1.1+, currently the 'ssl' module is compiled with 'LibreSSL 2.8.3'. See: https://github.com/urllib3/urllib3/issues/3020
  warnings.warn(
[32m2026-04-19 14:25:07[0m | [1mINFO    [0m | [36msrc.processing.pipeline[0m — [MRVE3] processando 8 anos (banco=False, CVM=020915)
[32m2026-04-19 14:25:07[0m | [1mINFO    [0m | [36msrc.processing.pipeline[0m — [MRVE3] 2019: OK
[32m2026-04-19 14:25:07[0m | [1mINFO    [0m | [36msrc.processing.pipeline[0m — [MRVE3] 2020: OK
[32m2026-04-19 14:25:08[0m | [1mINFO    [0m | [36msrc.processing.pipeline[0m — [MRVE3] 2021: OK
[32m2026-04-19 14:25:08[0m | [1mINFO    [0m | [36msrc.processing.pipeline[0m — [MRVE3] 2022: OK
[32m2026-04-19 14:25:09[0m | [1mINFO    [0m | [36msrc.processing.pipeline[0m — [MRVE3] 2023: OK
[32m2026-04-19 14:25:09[0m | [1mINFO    [0m | [36msrc.processing.pipeline[0m — [MRVE3] 2024: OK
[32m2026-04-19 14:25:10[0m | [1mINFO    [0m | [36msrc.processing.pipeline[0m — [MRVE3] 2025: OK
[32m2026-04-19 14:25:10[0m | [1mINFO    [0m | [36msrc.processing.pipeline[0m — [MRVE3] 2026: FALHA — CSVs não encontrados em /Users/diegocarvalho/Library/CloudStorage/OneDrive-EPEJUD/DIEGO/OBSIDIAN/Analista de Investimentos/12_PYTHON/data/raw/cvm/DFP/2026 — execute 'ingest' primeiro
[32m2026-04-19 14:25:10[0m | [1mINFO    [0m | [36msrc.processing.pipeline[0m — [MRVE3] concluído — ok=7 pulados=0 falhas=1
[32m2026-04-19 14:25:10[0m | [1mINFO    [0m | [36m__main__[0m — Processamento concluído — ok=7 falhas=1
[14:25:10]   ▶ process IGTI11
/Users/diegocarvalho/Library/Python/3.9/lib/python/site-packages/urllib3/__init__.py:35: NotOpenSSLWarning: urllib3 v2 only supports OpenSSL 1.1.1+, currently the 'ssl' module is compiled with 'LibreSSL 2.8.3'. See: https://github.com/urllib3/urllib3/issues/3020
  warnings.warn(
[32m2026-04-19 14:25:11[0m | [1mINFO    [0m | [36msrc.processing.pipeline[0m — [IGTI11] processando 8 anos (banco=False, CVM=020494)
[32m2026-04-19 14:25:11[0m | [1mINFO    [0m | [36msrc.processing.pipeline[0m — [IGTI11] 2019: OK
[32m2026-04-19 14:25:11[0m | [1mINFO    [0m | [36msrc.processing.pipeline[0m — [IGTI11] 2020: OK
[32m2026-04-19 14:25:12[0m | [1mINFO    [0m | [36msrc.processing.pipeline[0m — [IGTI11] 2021: OK
[32m2026-04-19 14:25:12[0m | [1mINFO    [0m | [36msrc.processing.pipeline[0m — [IGTI11] 2022: OK
[32m2026-04-19 14:25:13[0m | [1mINFO    [0m | [36msrc.processing.pipeline[0m — [IGTI11] 2023: OK
[32m2026-04-19 14:25:13[0m | [1mINFO    [0m | [36msrc.processing.pipeline[0m — [IGTI11] 2024: OK
[32m2026-04-19 14:25:14[0m | [1mINFO    [0m | [36msrc.processing.pipeline[0m — [IGTI11] 2025: OK
[32m2026-04-19 14:25:14[0m | [1mINFO    [0m | [36msrc.processing.pipeline[0m — [IGTI11] 2026: FALHA — CSVs não encontrados em /Users/diegocarvalho/Library/CloudStorage/OneDrive-EPEJUD/DIEGO/OBSIDIAN/Analista de Investimentos/12_PYTHON/data/raw/cvm/DFP/2026 — execute 'ingest' primeiro
[32m2026-04-19 14:25:14[0m | [1mINFO    [0m | [36msrc.processing.pipeline[0m — [IGTI11] concluído — ok=7 pulados=0 falhas=1
[32m2026-04-19 14:25:14[0m | [1mINFO    [0m | [36m__main__[0m — Processamento concluído — ok=7 falhas=1
[14:25:14]   ▶ process ALOS3
/Users/diegocarvalho/Library/Python/3.9/lib/python/site-packages/urllib3/__init__.py:35: NotOpenSSLWarning: urllib3 v2 only supports OpenSSL 1.1.1+, currently the 'ssl' module is compiled with 'LibreSSL 2.8.3'. See: https://github.com/urllib3/urllib3/issues/3020
  warnings.warn(
[32m2026-04-19 14:25:14[0m | [1mINFO    [0m | [36msrc.processing.pipeline[0m — [ALOS3] processando 8 anos (banco=False, CVM=022357)
[32m2026-04-19 14:25:14[0m | [1mINFO    [0m | [36msrc.processing.pipeline[0m — [ALOS3] 2019: OK
[32m2026-04-19 14:25:15[0m | [1mINFO    [0m | [36msrc.processing.pipeline[0m — [ALOS3] 2020: OK
[32m2026-04-19 14:25:15[0m | [1mINFO    [0m | [36msrc.processing.pipeline[0m — [ALOS3] 2021: OK
[32m2026-04-19 14:25:16[0m | [1mINFO    [0m | [36msrc.processing.pipeline[0m — [ALOS3] 2022: OK
[32m2026-04-19 14:25:16[0m | [1mINFO    [0m | [36msrc.processing.pipeline[0m — [ALOS3] 2023: OK
[32m2026-04-19 14:25:17[0m | [1mINFO    [0m | [36msrc.processing.pipeline[0m — [ALOS3] 2024: OK
[32m2026-04-19 14:25:17[0m | [1mINFO    [0m | [36msrc.processing.pipeline[0m — [ALOS3] 2025: OK
[32m2026-04-19 14:25:17[0m | [1mINFO    [0m | [36msrc.processing.pipeline[0m — [ALOS3] 2026: FALHA — CSVs não encontrados em /Users/diegocarvalho/Library/CloudStorage/OneDrive-EPEJUD/DIEGO/OBSIDIAN/Analista de Investimentos/12_PYTHON/data/raw/cvm/DFP/2026 — execute 'ingest' primeiro
[32m2026-04-19 14:25:17[0m | [1mINFO    [0m | [36msrc.processing.pipeline[0m — [ALOS3] concluído — ok=7 pulados=0 falhas=1
[32m2026-04-19 14:25:17[0m | [1mINFO    [0m | [36m__main__[0m — Processamento concluído — ok=7 falhas=1
[14:25:17]   ▶ process RENT3
/Users/diegocarvalho/Library/Python/3.9/lib/python/site-packages/urllib3/__init__.py:35: NotOpenSSLWarning: urllib3 v2 only supports OpenSSL 1.1.1+, currently the 'ssl' module is compiled with 'LibreSSL 2.8.3'. See: https://github.com/urllib3/urllib3/issues/3020
  warnings.warn(
[32m2026-04-19 14:25:18[0m | [1mINFO    [0m | [36msrc.processing.pipeline[0m — [RENT3] processando 8 anos (banco=False, CVM=019739)
[32m2026-04-19 14:25:18[0m | [1mINFO    [0m | [36msrc.processing.pipeline[0m — [RENT3] 2019: OK
[32m2026-04-19 14:25:18[0m | [1mINFO    [0m | [36msrc.processing.pipeline[0m — [RENT3] 2020: OK
[32m2026-04-19 14:25:19[0m | [1mINFO    [0m | [36msrc.processing.pipeline[0m — [RENT3] 2021: OK
[32m2026-04-19 14:25:19[0m | [1mINFO    [0m | [36msrc.processing.pipeline[0m — [RENT3] 2022: OK
[32m2026-04-19 14:25:20[0m | [1mINFO    [0m | [36msrc.processing.pipeline[0m — [RENT3] 2023: OK
[32m2026-04-19 14:25:20[0m | [1mINFO    [0m | [36msrc.processing.pipeline[0m — [RENT3] 2024: OK
[32m2026-04-19 14:25:21[0m | [1mINFO    [0m | [36msrc.processing.pipeline[0m — [RENT3] 2025: OK
[32m2026-04-19 14:25:21[0m | [1mINFO    [0m | [36msrc.processing.pipeline[0m — [RENT3] 2026: FALHA — CSVs não encontrados em /Users/diegocarvalho/Library/CloudStorage/OneDrive-EPEJUD/DIEGO/OBSIDIAN/Analista de Investimentos/12_PYTHON/data/raw/cvm/DFP/2026 — execute 'ingest' primeiro
[32m2026-04-19 14:25:21[0m | [1mINFO    [0m | [36msrc.processing.pipeline[0m — [RENT3] concluído — ok=7 pulados=0 falhas=1
[32m2026-04-19 14:25:21[0m | [1mINFO    [0m | [36m__main__[0m — Processamento concluído — ok=7 falhas=1
[14:25:21]   ▶ process VAMO3
/Users/diegocarvalho/Library/Python/3.9/lib/python/site-packages/urllib3/__init__.py:35: NotOpenSSLWarning: urllib3 v2 only supports OpenSSL 1.1.1+, currently the 'ssl' module is compiled with 'LibreSSL 2.8.3'. See: https://github.com/urllib3/urllib3/issues/3020
  warnings.warn(
[32m2026-04-19 14:25:21[0m | [1mINFO    [0m | [36msrc.processing.pipeline[0m — [VAMO3] processando 8 anos (banco=False, CVM=026476)
[DRE] Nenhum dado para cód. CVM 026476 em dfp_cia_aberta_DRE_con_2019.csv
[BPA] Nenhum dado para cód. CVM 026476 em dfp_cia_aberta_BPA_con_2019.csv
[BPP] Nenhum dado para cód. CVM 026476 em dfp_cia_aberta_BPP_con_2019.csv
[DFC] Nenhum dado para cód. CVM 026476 em dfp_cia_aberta_DFC_MI_con_2019.csv
[32m2026-04-19 14:25:22[0m | [1mINFO    [0m | [36msrc.processing.pipeline[0m — [VAMO3] 2019: FALHA — DFPParser sem dados — verifique o código CVM
[DRE] Nenhum dado para cód. CVM 026476 em dfp_cia_aberta_DRE_con_2020.csv
[BPA] Nenhum dado para cód. CVM 026476 em dfp_cia_aberta_BPA_con_2020.csv
[BPP] Nenhum dado para cód. CVM 026476 em dfp_cia_aberta_BPP_con_2020.csv
[DFC] Nenhum dado para cód. CVM 026476 em dfp_cia_aberta_DFC_MI_con_2020.csv
[32m2026-04-19 14:25:22[0m | [1mINFO    [0m | [36msrc.processing.pipeline[0m — [VAMO3] 2020: FALHA — DFPParser sem dados — verifique o código CVM
[32m2026-04-19 14:25:22[0m | [1mINFO    [0m | [36msrc.processing.pipeline[0m — [VAMO3] 2021: OK
[32m2026-04-19 14:25:23[0m | [1mINFO    [0m | [36msrc.processing.pipeline[0m — [VAMO3] 2022: OK
[32m2026-04-19 14:25:23[0m | [1mINFO    [0m | [36msrc.processing.pipeline[0m — [VAMO3] 2023: OK
[32m2026-04-19 14:25:24[0m | [1mINFO    [0m | [36msrc.processing.pipeline[0m — [VAMO3] 2024: OK
[DRE] Nenhum dado para cód. CVM 026476 em dfp_cia_aberta_DRE_con_2025.csv
[BPA] Nenhum dado para cód. CVM 026476 em dfp_cia_aberta_BPA_con_2025.csv
[BPP] Nenhum dado para cód. CVM 026476 em dfp_cia_aberta_BPP_con_2025.csv
[DFC] Nenhum dado para cód. CVM 026476 em dfp_cia_aberta_DFC_MI_con_2025.csv
[32m2026-04-19 14:25:24[0m | [1mINFO    [0m | [36msrc.processing.pipeline[0m — [VAMO3] 2025: FALHA — DFPParser sem dados — verifique o código CVM
[32m2026-04-19 14:25:24[0m | [1mINFO    [0m | [36msrc.processing.pipeline[0m — [VAMO3] 2026: FALHA — CSVs não encontrados em /Users/diegocarvalho/Library/CloudStorage/OneDrive-EPEJUD/DIEGO/OBSIDIAN/Analista de Investimentos/12_PYTHON/data/raw/cvm/DFP/2026 — execute 'ingest' primeiro
[32m2026-04-19 14:25:24[0m | [1mINFO    [0m | [36msrc.processing.pipeline[0m — [VAMO3] concluído — ok=4 pulados=0 falhas=4
[32m2026-04-19 14:25:24[0m | [1mINFO    [0m | [36m__main__[0m — Processamento concluído — ok=4 falhas=4
[14:25:24]   ▶ process TOTS3
/Users/diegocarvalho/Library/Python/3.9/lib/python/site-packages/urllib3/__init__.py:35: NotOpenSSLWarning: urllib3 v2 only supports OpenSSL 1.1.1+, currently the 'ssl' module is compiled with 'LibreSSL 2.8.3'. See: https://github.com/urllib3/urllib3/issues/3020
  warnings.warn(
[32m2026-04-19 14:25:25[0m | [1mINFO    [0m | [36msrc.processing.pipeline[0m — [TOTS3] processando 8 anos (banco=False, CVM=019992)
[32m2026-04-19 14:25:25[0m | [1mINFO    [0m | [36msrc.processing.pipeline[0m — [TOTS3] 2019: OK
[32m2026-04-19 14:25:26[0m | [1mINFO    [0m | [36msrc.processing.pipeline[0m — [TOTS3] 2020: OK
[32m2026-04-19 14:25:26[0m | [1mINFO    [0m | [36msrc.processing.pipeline[0m — [TOTS3] 2021: OK
[32m2026-04-19 14:25:26[0m | [1mINFO    [0m | [36msrc.processing.pipeline[0m — [TOTS3] 2022: OK
[32m2026-04-19 14:25:27[0m | [1mINFO    [0m | [36msrc.processing.pipeline[0m — [TOTS3] 2023: OK
[32m2026-04-19 14:25:27[0m | [1mINFO    [0m | [36msrc.processing.pipeline[0m — [TOTS3] 2024: OK
[32m2026-04-19 14:25:28[0m | [1mINFO    [0m | [36msrc.processing.pipeline[0m — [TOTS3] 2025: OK
[32m2026-04-19 14:25:28[0m | [1mINFO    [0m | [36msrc.processing.pipeline[0m — [TOTS3] 2026: FALHA — CSVs não encontrados em /Users/diegocarvalho/Library/CloudStorage/OneDrive-EPEJUD/DIEGO/OBSIDIAN/Analista de Investimentos/12_PYTHON/data/raw/cvm/DFP/2026 — execute 'ingest' primeiro
[32m2026-04-19 14:25:28[0m | [1mINFO    [0m | [36msrc.processing.pipeline[0m — [TOTS3] concluído — ok=7 pulados=0 falhas=1
[32m2026-04-19 14:25:28[0m | [1mINFO    [0m | [36m__main__[0m — Processamento concluído — ok=7 falhas=1
[14:25:28]   ▶ process LWSA3
/Users/diegocarvalho/Library/Python/3.9/lib/python/site-packages/urllib3/__init__.py:35: NotOpenSSLWarning: urllib3 v2 only supports OpenSSL 1.1.1+, currently the 'ssl' module is compiled with 'LibreSSL 2.8.3'. See: https://github.com/urllib3/urllib3/issues/3020
  warnings.warn(
[32m2026-04-19 14:25:28[0m | [1mINFO    [0m | [36msrc.processing.pipeline[0m — [LWSA3] processando 8 anos (banco=False, CVM=024910)
[32m2026-04-19 14:25:29[0m | [1mINFO    [0m | [36msrc.processing.pipeline[0m — [LWSA3] 2019: OK
[32m2026-04-19 14:25:29[0m | [1mINFO    [0m | [36msrc.processing.pipeline[0m — [LWSA3] 2020: OK
[32m2026-04-19 14:25:30[0m | [1mINFO    [0m | [36msrc.processing.pipeline[0m — [LWSA3] 2021: OK
[32m2026-04-19 14:25:30[0m | [1mINFO    [0m | [36msrc.processing.pipeline[0m — [LWSA3] 2022: OK
[32m2026-04-19 14:25:30[0m | [1mINFO    [0m | [36msrc.processing.pipeline[0m — [LWSA3] 2023: OK
[32m2026-04-19 14:25:31[0m | [1mINFO    [0m | [36msrc.processing.pipeline[0m — [LWSA3] 2024: OK
[32m2026-04-19 14:25:31[0m | [1mINFO    [0m | [36msrc.processing.pipeline[0m — [LWSA3] 2025: OK
[32m2026-04-19 14:25:31[0m | [1mINFO    [0m | [36msrc.processing.pipeline[0m — [LWSA3] 2026: FALHA — CSVs não encontrados em /Users/diegocarvalho/Library/CloudStorage/OneDrive-EPEJUD/DIEGO/OBSIDIAN/Analista de Investimentos/12_PYTHON/data/raw/cvm/DFP/2026 — execute 'ingest' primeiro
[32m2026-04-19 14:25:31[0m | [1mINFO    [0m | [36msrc.processing.pipeline[0m — [LWSA3] concluído — ok=7 pulados=0 falhas=1
[32m2026-04-19 14:25:31[0m | [1mINFO    [0m | [36m__main__[0m — Processamento concluído — ok=7 falhas=1
[14:25:31]   ▶ process COGN3
/Users/diegocarvalho/Library/Python/3.9/lib/python/site-packages/urllib3/__init__.py:35: NotOpenSSLWarning: urllib3 v2 only supports OpenSSL 1.1.1+, currently the 'ssl' module is compiled with 'LibreSSL 2.8.3'. See: https://github.com/urllib3/urllib3/issues/3020
  warnings.warn(
[32m2026-04-19 14:25:32[0m | [1mINFO    [0m | [36msrc.processing.pipeline[0m — [COGN3] processando 8 anos (banco=False, CVM=017973)
[32m2026-04-19 14:25:32[0m | [1mINFO    [0m | [36msrc.processing.pipeline[0m — [COGN3] 2019: OK
[32m2026-04-19 14:25:33[0m | [1mINFO    [0m | [36msrc.processing.pipeline[0m — [COGN3] 2020: OK
[32m2026-04-19 14:25:33[0m | [1mINFO    [0m | [36msrc.processing.pipeline[0m — [COGN3] 2021: OK
[32m2026-04-19 14:25:34[0m | [1mINFO    [0m | [36msrc.processing.pipeline[0m — [COGN3] 2022: OK
[32m2026-04-19 14:25:34[0m | [1mINFO    [0m | [36msrc.processing.pipeline[0m — [COGN3] 2023: OK
[32m2026-04-19 14:25:35[0m | [1mINFO    [0m | [36msrc.processing.pipeline[0m — [COGN3] 2024: OK
[32m2026-04-19 14:25:35[0m | [1mINFO    [0m | [36msrc.processing.pipeline[0m — [COGN3] 2025: OK
[32m2026-04-19 14:25:35[0m | [1mINFO    [0m | [36msrc.processing.pipeline[0m — [COGN3] 2026: FALHA — CSVs não encontrados em /Users/diegocarvalho/Library/CloudStorage/OneDrive-EPEJUD/DIEGO/OBSIDIAN/Analista de Investimentos/12_PYTHON/data/raw/cvm/DFP/2026 — execute 'ingest' primeiro
[32m2026-04-19 14:25:35[0m | [1mINFO    [0m | [36msrc.processing.pipeline[0m — [COGN3] concluído — ok=7 pulados=0 falhas=1
[32m2026-04-19 14:25:35[0m | [1mINFO    [0m | [36m__main__[0m — Processamento concluído — ok=7 falhas=1
[14:25:35]   ▶ process YDUQ3
/Users/diegocarvalho/Library/Python/3.9/lib/python/site-packages/urllib3/__init__.py:35: NotOpenSSLWarning: urllib3 v2 only supports OpenSSL 1.1.1+, currently the 'ssl' module is compiled with 'LibreSSL 2.8.3'. See: https://github.com/urllib3/urllib3/issues/3020
  warnings.warn(
[32m2026-04-19 14:25:35[0m | [1mINFO    [0m | [36msrc.processing.pipeline[0m — [YDUQ3] processando 8 anos (banco=False, CVM=021016)
[32m2026-04-19 14:25:36[0m | [1mINFO    [0m | [36msrc.processing.pipeline[0m — [YDUQ3] 2019: OK
[32m2026-04-19 14:25:36[0m | [1mINFO    [0m | [36msrc.processing.pipeline[0m — [YDUQ3] 2020: OK
[32m2026-04-19 14:25:37[0m | [1mINFO    [0m | [36msrc.processing.pipeline[0m — [YDUQ3] 2021: OK
[32m2026-04-19 14:25:37[0m | [1mINFO    [0m | [36msrc.processing.pipeline[0m — [YDUQ3] 2022: OK
[32m2026-04-19 14:25:38[0m | [1mINFO    [0m | [36msrc.processing.pipeline[0m — [YDUQ3] 2023: OK
[32m2026-04-19 14:25:38[0m | [1mINFO    [0m | [36msrc.processing.pipeline[0m — [YDUQ3] 2024: OK
[32m2026-04-19 14:25:39[0m | [1mINFO    [0m | [36msrc.processing.pipeline[0m — [YDUQ3] 2025: OK
[32m2026-04-19 14:25:39[0m | [1mINFO    [0m | [36msrc.processing.pipeline[0m — [YDUQ3] 2026: FALHA — CSVs não encontrados em /Users/diegocarvalho/Library/CloudStorage/OneDrive-EPEJUD/DIEGO/OBSIDIAN/Analista de Investimentos/12_PYTHON/data/raw/cvm/DFP/2026 — execute 'ingest' primeiro
[32m2026-04-19 14:25:39[0m | [1mINFO    [0m | [36msrc.processing.pipeline[0m — [YDUQ3] concluído — ok=7 pulados=0 falhas=1
[32m2026-04-19 14:25:39[0m | [1mINFO    [0m | [36m__main__[0m — Processamento concluído — ok=7 falhas=1
[14:25:39]   ▶ process AZUL4
/Users/diegocarvalho/Library/Python/3.9/lib/python/site-packages/urllib3/__init__.py:35: NotOpenSSLWarning: urllib3 v2 only supports OpenSSL 1.1.1+, currently the 'ssl' module is compiled with 'LibreSSL 2.8.3'. See: https://github.com/urllib3/urllib3/issues/3020
  warnings.warn(
[32m2026-04-19 14:25:39[0m | [1mINFO    [0m | [36msrc.processing.pipeline[0m — [AZUL4] processando 8 anos (banco=False, CVM=024112)
[32m2026-04-19 14:25:39[0m | [1mINFO    [0m | [36msrc.processing.pipeline[0m — [AZUL4] 2019: OK
[32m2026-04-19 14:25:40[0m | [1mINFO    [0m | [36msrc.processing.pipeline[0m — [AZUL4] 2020: OK
[32m2026-04-19 14:25:40[0m | [1mINFO    [0m | [36msrc.processing.pipeline[0m — [AZUL4] 2021: OK
[32m2026-04-19 14:25:41[0m | [1mINFO    [0m | [36msrc.processing.pipeline[0m — [AZUL4] 2022: OK
[32m2026-04-19 14:25:41[0m | [1mINFO    [0m | [36msrc.processing.pipeline[0m — [AZUL4] 2023: OK
[32m2026-04-19 14:25:42[0m | [1mINFO    [0m | [36msrc.processing.pipeline[0m — [AZUL4] 2024: OK
[32m2026-04-19 14:25:42[0m | [1mINFO    [0m | [36msrc.processing.pipeline[0m — [AZUL4] 2025: OK
[32m2026-04-19 14:25:42[0m | [1mINFO    [0m | [36msrc.processing.pipeline[0m — [AZUL4] 2026: FALHA — CSVs não encontrados em /Users/diegocarvalho/Library/CloudStorage/OneDrive-EPEJUD/DIEGO/OBSIDIAN/Analista de Investimentos/12_PYTHON/data/raw/cvm/DFP/2026 — execute 'ingest' primeiro
[32m2026-04-19 14:25:42[0m | [1mINFO    [0m | [36msrc.processing.pipeline[0m — [AZUL4] concluído — ok=7 pulados=0 falhas=1
[32m2026-04-19 14:25:42[0m | [1mINFO    [0m | [36m__main__[0m — Processamento concluído — ok=7 falhas=1
[14:25:42]   ▶ process CVCB3
/Users/diegocarvalho/Library/Python/3.9/lib/python/site-packages/urllib3/__init__.py:35: NotOpenSSLWarning: urllib3 v2 only supports OpenSSL 1.1.1+, currently the 'ssl' module is compiled with 'LibreSSL 2.8.3'. See: https://github.com/urllib3/urllib3/issues/3020
  warnings.warn(
[32m2026-04-19 14:25:43[0m | [1mINFO    [0m | [36msrc.processing.pipeline[0m — [CVCB3] processando 8 anos (banco=False, CVM=016292)
[32m2026-04-19 14:25:43[0m | [1mINFO    [0m | [36msrc.processing.pipeline[0m — [CVCB3] 2019: OK
[32m2026-04-19 14:25:43[0m | [1mINFO    [0m | [36msrc.processing.pipeline[0m — [CVCB3] 2020: OK
[32m2026-04-19 14:25:44[0m | [1mINFO    [0m | [36msrc.processing.pipeline[0m — [CVCB3] 2021: OK
[32m2026-04-19 14:25:44[0m | [1mINFO    [0m | [36msrc.processing.pipeline[0m — [CVCB3] 2022: OK
[32m2026-04-19 14:25:45[0m | [1mINFO    [0m | [36msrc.processing.pipeline[0m — [CVCB3] 2023: OK
[32m2026-04-19 14:25:45[0m | [1mINFO    [0m | [36msrc.processing.pipeline[0m — [CVCB3] 2024: OK
[32m2026-04-19 14:25:46[0m | [1mINFO    [0m | [36msrc.processing.pipeline[0m — [CVCB3] 2025: OK
[32m2026-04-19 14:25:46[0m | [1mINFO    [0m | [36msrc.processing.pipeline[0m — [CVCB3] 2026: FALHA — CSVs não encontrados em /Users/diegocarvalho/Library/CloudStorage/OneDrive-EPEJUD/DIEGO/OBSIDIAN/Analista de Investimentos/12_PYTHON/data/raw/cvm/DFP/2026 — execute 'ingest' primeiro
[32m2026-04-19 14:25:46[0m | [1mINFO    [0m | [36msrc.processing.pipeline[0m — [CVCB3] concluído — ok=7 pulados=0 falhas=1
[32m2026-04-19 14:25:46[0m | [1mINFO    [0m | [36m__main__[0m — Processamento concluído — ok=7 falhas=1
[14:25:46] 
[14:25:46] FASE 3 — Calculando métricas, risco e valuation...
[14:25:46]   ▶ analyze BBAS3
[32m2026-04-19 14:25:46[0m | [1mINFO    [0m | [36m__main__[0m — [BBAS3] iniciando análise completa...
[32m2026-04-19 14:25:46[0m | [1mINFO    [0m | [36msrc.analysis.metrics_engine[0m — [BBAS3] 2019: métricas carregadas do cache
[32m2026-04-19 14:25:46[0m | [1mINFO    [0m | [36msrc.analysis.metrics_engine[0m — [BBAS3] 2020: métricas carregadas do cache
[32m2026-04-19 14:25:46[0m | [1mINFO    [0m | [36msrc.analysis.metrics_engine[0m — [BBAS3] 2021: métricas carregadas do cache
[32m2026-04-19 14:25:46[0m | [1mINFO    [0m | [36msrc.analysis.metrics_engine[0m — [BBAS3] 2022: métricas carregadas do cache
[32m2026-04-19 14:25:46[0m | [1mINFO    [0m | [36msrc.analysis.metrics_engine[0m — [BBAS3] 2023: métricas carregadas do cache
[32m2026-04-19 14:25:46[0m | [1mINFO    [0m | [36msrc.analysis.metrics_engine[0m — [BBAS3] 2024: métricas carregadas do cache
[32m2026-04-19 14:25:46[0m | [1mINFO    [0m | [36msrc.analysis.metrics_engine[0m — [BBAS3] 2025: métricas carregadas do cache
[32m2026-04-19 14:25:46[0m | [32m[1mSUCCESS [0m | [36msrc.analysis.metrics_engine[0m — [BBAS3] 7 períodos calculados
[32m2026-04-19 14:25:46[0m | [1mINFO    [0m | [36msrc.valuation.auto_dcf[0m — [BBAS3] valuation carregado do cache
       BBAS3  — Análise 2025        
┏━━━━━━━━━━━━━━━━━━━━━━━━━┳━━━━━━━━┓
┃ Métrica                 ┃  Valor ┃
┡━━━━━━━━━━━━━━━━━━━━━━━━━╇━━━━━━━━┩
│ ROE                     │   7.4% │
│ ROA                     │   0.6% │
│ NIM (NII/Ativos)        │   4.2% │
│ Índice de Eficiência    │  74.4% │
│ Alavancagem (Ativos/PL) │  13.0x │
│ PDD/Carteira            │   0.0% │
│ Custo de Crédito        │   0.0% │
│ Crescimento Lucro       │ -48.0% │
│ Crescimento NII         │  -3.4% │
└─────────────────────────┴────────┘

Risco: MEDIUM (1 alertas)
  • [AVISO] BANK_HIGH_EFFICIENCY_RATIO: Índice de eficiência elevado: 67.7%

Valuation:
=== Valuation BBAS3  (base 2024) — Gordon Growth Model (P/B Implícito) ===
  base         R$    215,805.8 mi  (N/D)  → N/D
  optimistic   R$    233,805.0 mi  (N/D)  → N/D
  pessimistic  R$    201,806.5 mi  (N/D)  → N/D

Insights:
  [~] ROE adequado: ROE de 15.1% — suficiente para cobrir o custo de capital.
  [!] Estrutura de custos pesada: Índice de eficiência de 67.7% — despesas 
operacionais consomem 68% do resultado bruto.
  [!] Queda no lucro: Lucro líquido caiu -11.7% no ano — monitorar tendência nos
próximos trimestres.
[14:25:46]   ▶ analyze ITUB4
[32m2026-04-19 14:25:47[0m | [1mINFO    [0m | [36m__main__[0m — [ITUB4] iniciando análise completa...
[32m2026-04-19 14:25:47[0m | [1mINFO    [0m | [36msrc.analysis.metrics_engine[0m — [ITUB4] 2019: métricas carregadas do cache
[32m2026-04-19 14:25:47[0m | [1mINFO    [0m | [36msrc.analysis.metrics_engine[0m — [ITUB4] 2020: métricas carregadas do cache
[32m2026-04-19 14:25:47[0m | [1mINFO    [0m | [36msrc.analysis.metrics_engine[0m — [ITUB4] 2021: métricas carregadas do cache
[32m2026-04-19 14:25:47[0m | [1mINFO    [0m | [36msrc.analysis.metrics_engine[0m — [ITUB4] 2022: métricas carregadas do cache
[32m2026-04-19 14:25:47[0m | [1mINFO    [0m | [36msrc.analysis.metrics_engine[0m — [ITUB4] 2023: métricas carregadas do cache
[32m2026-04-19 14:25:47[0m | [1mINFO    [0m | [36msrc.analysis.metrics_engine[0m — [ITUB4] 2024: métricas carregadas do cache
[32m2026-04-19 14:25:47[0m | [1mINFO    [0m | [36msrc.analysis.metrics_engine[0m — [ITUB4] 2025: métricas carregadas do cache
[32m2026-04-19 14:25:47[0m | [32m[1mSUCCESS [0m | [36msrc.analysis.metrics_engine[0m — [ITUB4] 7 períodos calculados
[32m2026-04-19 14:25:47[0m | [1mINFO    [0m | [36msrc.valuation.auto_dcf[0m — [ITUB4] valuation carregado do cache
       ITUB4  — Análise 2025       
┏━━━━━━━━━━━━━━━━━━━━━━━━━┳━━━━━━━┓
┃ Métrica                 ┃ Valor ┃
┡━━━━━━━━━━━━━━━━━━━━━━━━━╇━━━━━━━┩
│ ROE                     │ 21.6% │
│ ROA                     │  1.5% │
│ NIM (NII/Ativos)        │  4.7% │
│ Índice de Eficiência    │ 42.6% │
│ Alavancagem (Ativos/PL) │ 15.0x │
│ PDD/Carteira            │  9.9% │
│ Custo de Crédito        │  1.1% │
│ Crescimento Lucro       │  9.2% │
│ Crescimento NII         │  2.4% │
└─────────────────────────┴───────┘

Risco: HIGH (1 alertas)
  • [RISCO] BANK_RISING_PDD: PDD/Carteira crescendo 3 anos: 3.47% → 9.88%

Valuation:
=== Valuation ITUB4  (base 2025) — Gordon Growth Model (P/B Implícito) ===
  base         R$    411,228.2 mi  (N/D)  → N/D
  optimistic   R$    455,367.9 mi  (N/D)  → N/D
  pessimistic  R$    376,897.4 mi  (N/D)  → N/D

Insights:
  [+] ROE excelente: ROE de 21.6% em 2025 — acima do custo de capital (~13%). 
Banco gera valor ao acionista.
  [+] Eficiência operacional elevada: Índice de eficiência de 42.6% — melhor que
média do setor (~50%).
  [!] Alertas de risco (HIGH): 1 risco(s) identificados. Principais: 
PDD/Carteira crescendo 3 anos: 3.47% → 9.88%.
[14:25:47]   ▶ analyze BBDC4
[32m2026-04-19 14:25:47[0m | [1mINFO    [0m | [36m__main__[0m — [BBDC4] iniciando análise completa...
[32m2026-04-19 14:25:47[0m | [1mINFO    [0m | [36msrc.analysis.metrics_engine[0m — [BBDC4] 2019: métricas carregadas do cache
[32m2026-04-19 14:25:47[0m | [1mINFO    [0m | [36msrc.analysis.metrics_engine[0m — [BBDC4] 2020: métricas carregadas do cache
[32m2026-04-19 14:25:47[0m | [1mINFO    [0m | [36msrc.analysis.metrics_engine[0m — [BBDC4] 2021: métricas carregadas do cache
[32m2026-04-19 14:25:47[0m | [1mINFO    [0m | [36msrc.analysis.metrics_engine[0m — [BBDC4] 2022: métricas carregadas do cache
[32m2026-04-19 14:25:47[0m | [1mINFO    [0m | [36msrc.analysis.metrics_engine[0m — [BBDC4] 2023: métricas carregadas do cache
[32m2026-04-19 14:25:47[0m | [1mINFO    [0m | [36msrc.analysis.metrics_engine[0m — [BBDC4] 2024: métricas carregadas do cache
[32m2026-04-19 14:25:47[0m | [1mINFO    [0m | [36msrc.analysis.metrics_engine[0m — [BBDC4] 2025: métricas carregadas do cache
[32m2026-04-19 14:25:47[0m | [32m[1mSUCCESS [0m | [36msrc.analysis.metrics_engine[0m — [BBDC4] 7 períodos calculados
[32m2026-04-19 14:25:47[0m | [1mINFO    [0m | [36msrc.valuation.auto_dcf[0m — [BBDC4] valuation carregado do cache
       BBDC4  — Análise 2025        
┏━━━━━━━━━━━━━━━━━━━━━━━━━┳━━━━━━━━┓
┃ Métrica                 ┃  Valor ┃
┡━━━━━━━━━━━━━━━━━━━━━━━━━╇━━━━━━━━┩
│ ROE                     │  13.7% │
│ ROA                     │   1.1% │
│ NIM (NII/Ativos)        │   3.5% │
│ Índice de Eficiência    │ 152.8% │
│ Alavancagem (Ativos/PL) │  13.1x │
│ PDD/Carteira            │   0.0% │
│ Custo de Crédito        │   0.0% │
│ Crescimento Lucro       │  37.2% │
│ Crescimento NII         │  10.7% │
└─────────────────────────┴────────┘

Risco: HIGH (1 alertas)
  • [RISCO] BANK_HIGH_EFFICIENCY_RATIO: Índice de eficiência elevado: 152.8%

Valuation:
=== Valuation BBDC4  (base 2025) — Gordon Growth Model (P/B Implícito) ===
  base         R$    181,785.0 mi  (N/D)  → N/D
  optimistic   R$    195,010.4 mi  (N/D)  → N/D
  pessimistic  R$    171,498.7 mi  (N/D)  → N/D

Insights:
  [~] ROE adequado: ROE de 13.7% — suficiente para cobrir o custo de capital.
  [!] Estrutura de custos pesada: Índice de eficiência de 152.8% — despesas 
operacionais consomem 153% do resultado bruto.
  [+] Crescimento robusto: Lucro líquido cresceu 37.2% e NII 10.7% no ano — 
momentum operacional forte.
  [!] Alertas de risco (HIGH): 1 risco(s) identificados. Principais: Índice de 
eficiência elevado: 152.8%.
[14:25:47]   ▶ analyze SANB11
[32m2026-04-19 14:25:48[0m | [1mINFO    [0m | [36m__main__[0m — [SANB11] iniciando análise completa...
[32m2026-04-19 14:25:48[0m | [1mINFO    [0m | [36msrc.analysis.metrics_engine[0m — [SANB11] 2019: métricas carregadas do cache
[32m2026-04-19 14:25:48[0m | [1mINFO    [0m | [36msrc.analysis.metrics_engine[0m — [SANB11] 2020: métricas carregadas do cache
[32m2026-04-19 14:25:48[0m | [1mINFO    [0m | [36msrc.analysis.metrics_engine[0m — [SANB11] 2021: métricas carregadas do cache
[32m2026-04-19 14:25:48[0m | [1mINFO    [0m | [36msrc.analysis.metrics_engine[0m — [SANB11] 2022: métricas carregadas do cache
[32m2026-04-19 14:25:48[0m | [1mINFO    [0m | [36msrc.analysis.metrics_engine[0m — [SANB11] 2023: métricas carregadas do cache
[32m2026-04-19 14:25:48[0m | [1mINFO    [0m | [36msrc.analysis.metrics_engine[0m — [SANB11] 2024: métricas carregadas do cache
[32m2026-04-19 14:25:48[0m | [1mINFO    [0m | [36msrc.analysis.metrics_engine[0m — [SANB11] 2025: métricas carregadas do cache
[32m2026-04-19 14:25:48[0m | [32m[1mSUCCESS [0m | [36msrc.analysis.metrics_engine[0m — [SANB11] 7 períodos calculados
[32m2026-04-19 14:25:48[0m | [1mINFO    [0m | [36msrc.valuation.auto_dcf[0m — [SANB11] valuation carregado do cache
      SANB11  — Análise 2025       
┏━━━━━━━━━━━━━━━━━━━━━━━━━┳━━━━━━━┓
┃ Métrica                 ┃ Valor ┃
┡━━━━━━━━━━━━━━━━━━━━━━━━━╇━━━━━━━┩
│ ROE                     │ 10.4% │
│ ROA                     │  1.0% │
│ NIM (NII/Ativos)        │  4.6% │
│ Índice de Eficiência    │ 83.7% │
│ Alavancagem (Ativos/PL) │ 10.1x │
│ PDD/Carteira            │     — │
│ Custo de Crédito        │  0.0% │
│ Crescimento Lucro       │ -4.5% │
│ Crescimento NII         │  1.7% │
└─────────────────────────┴───────┘

Risco: HIGH (2 alertas)
  • [AVISO] BANK_LOW_ROE: ROE baixo: 10.4%
  • [RISCO] BANK_HIGH_EFFICIENCY_RATIO: Índice de eficiência elevado: 83.7%

Valuation:
=== Valuation SANB11  (base 2025) — Gordon Growth Model (P/B Implícito) ===
  base         R$     77,224.4 mi  (N/D)  → N/D
  optimistic   R$     79,315.5 mi  (N/D)  → N/D
  pessimistic  R$     75,598.0 mi  (N/D)  → N/D

Insights:
  [!] ROE abaixo do custo de capital: ROE de 10.4% — banco destrói valor ao 
acionista ao COE estimado de ~13%.
  [!] Estrutura de custos pesada: Índice de eficiência de 83.7% — despesas 
operacionais consomem 84% do resultado bruto.
  [!] Alertas de risco (HIGH): 2 risco(s) identificados. Principais: Índice de 
eficiência elevado: 83.7%.
[14:25:48]   ▶ analyze BPAC11
[32m2026-04-19 14:25:48[0m | [1mINFO    [0m | [36m__main__[0m — [BPAC11] iniciando análise completa...
[32m2026-04-19 14:25:48[0m | [1mINFO    [0m | [36msrc.analysis.metrics_engine[0m — [BPAC11] 2019: métricas carregadas do cache
[32m2026-04-19 14:25:48[0m | [1mINFO    [0m | [36msrc.analysis.metrics_engine[0m — [BPAC11] 2020: métricas carregadas do cache
[32m2026-04-19 14:25:48[0m | [1mINFO    [0m | [36msrc.analysis.metrics_engine[0m — [BPAC11] 2021: métricas carregadas do cache
[32m2026-04-19 14:25:48[0m | [1mINFO    [0m | [36msrc.analysis.metrics_engine[0m — [BPAC11] 2022: métricas carregadas do cache
[32m2026-04-19 14:25:48[0m | [1mINFO    [0m | [36msrc.analysis.metrics_engine[0m — [BPAC11] 2023: métricas carregadas do cache
[32m2026-04-19 14:25:48[0m | [1mINFO    [0m | [36msrc.analysis.metrics_engine[0m — [BPAC11] 2024: métricas carregadas do cache
[32m2026-04-19 14:25:48[0m | [1mINFO    [0m | [36msrc.analysis.metrics_engine[0m — [BPAC11] 2025: métricas carregadas do cache
[32m2026-04-19 14:25:48[0m | [32m[1mSUCCESS [0m | [36msrc.analysis.metrics_engine[0m — [BPAC11] 7 períodos calculados
[32m2026-04-19 14:25:48[0m | [1mINFO    [0m | [36msrc.valuation.auto_dcf[0m — [BPAC11] valuation carregado do cache
       BPAC11  — Análise 2025       
┏━━━━━━━━━━━━━━━━━━━━━━━━━┳━━━━━━━━┓
┃ Métrica                 ┃  Valor ┃
┡━━━━━━━━━━━━━━━━━━━━━━━━━╇━━━━━━━━┩
│ ROE                     │  24.1% │
│ ROA                     │   2.2% │
│ NIM (NII/Ativos)        │   3.9% │
│ Índice de Eficiência    │  66.6% │
│ Alavancagem (Ativos/PL) │  11.0x │
│ PDD/Carteira            │   0.0% │
│ Custo de Crédito        │   0.0% │
│ Crescimento Lucro       │  49.0% │
│ Crescimento NII         │ 108.9% │
└─────────────────────────┴────────┘

Risco: MEDIUM (1 alertas)
  • [AVISO] BANK_HIGH_EFFICIENCY_RATIO: Índice de eficiência elevado: 66.6%

Valuation:
=== Valuation BPAC11  (base 2025) — Gordon Growth Model (P/B Implícito) ===
  base         R$    170,186.2 mi  (N/D)  → N/D
  optimistic   R$    189,259.0 mi  (N/D)  → N/D
  pessimistic  R$    155,351.8 mi  (N/D)  → N/D

Insights:
  [+] ROE excelente: ROE de 24.1% em 2025 — acima do custo de capital (~13%). 
Banco gera valor ao acionista.
  [!] Estrutura de custos pesada: Índice de eficiência de 66.6% — despesas 
operacionais consomem 67% do resultado bruto.
  [+] Crescimento robusto: Lucro líquido cresceu 49.0% e NII 108.9% no ano — 
momentum operacional forte.
[14:25:48]   ▶ analyze BRSR6
[32m2026-04-19 14:25:49[0m | [1mINFO    [0m | [36m__main__[0m — [BRSR6] iniciando análise completa...
[32m2026-04-19 14:25:49[0m | [1mINFO    [0m | [36msrc.analysis.metrics_engine[0m — [BRSR6] 2019: métricas carregadas do cache
[32m2026-04-19 14:25:49[0m | [1mINFO    [0m | [36msrc.analysis.metrics_engine[0m — [BRSR6] 2020: métricas carregadas do cache
[32m2026-04-19 14:25:49[0m | [1mINFO    [0m | [36msrc.analysis.metrics_engine[0m — [BRSR6] 2021: métricas carregadas do cache
[32m2026-04-19 14:25:49[0m | [1mINFO    [0m | [36msrc.analysis.metrics_engine[0m — [BRSR6] 2022: métricas carregadas do cache
[32m2026-04-19 14:25:49[0m | [1mINFO    [0m | [36msrc.analysis.metrics_engine[0m — [BRSR6] 2023: métricas carregadas do cache
[32m2026-04-19 14:25:49[0m | [1mINFO    [0m | [36msrc.analysis.metrics_engine[0m — [BRSR6] 2024: métricas carregadas do cache
[32m2026-04-19 14:25:49[0m | [1mINFO    [0m | [36msrc.analysis.metrics_engine[0m — [BRSR6] 2025: métricas carregadas do cache
[32m2026-04-19 14:25:49[0m | [32m[1mSUCCESS [0m | [36msrc.analysis.metrics_engine[0m — [BRSR6] 7 períodos calculados
[32m2026-04-19 14:25:49[0m | [1mINFO    [0m | [36msrc.valuation.auto_dcf[0m — [BRSR6] valuation carregado do cache
       BRSR6  — Análise 2025        
┏━━━━━━━━━━━━━━━━━━━━━━━━━┳━━━━━━━━┓
┃ Métrica                 ┃  Valor ┃
┡━━━━━━━━━━━━━━━━━━━━━━━━━╇━━━━━━━━┩
│ ROE                     │  15.7% │
│ ROA                     │   1.1% │
│ NIM (NII/Ativos)        │   4.1% │
│ Índice de Eficiência    │  97.6% │
│ Alavancagem (Ativos/PL) │  14.3x │
│ PDD/Carteira            │   0.0% │
│ Custo de Crédito        │   0.0% │
│ Crescimento Lucro       │ 135.5% │
│ Crescimento NII         │  15.2% │
└─────────────────────────┴────────┘

Risco: HIGH (1 alertas)
  • [RISCO] BANK_HIGH_EFFICIENCY_RATIO: Índice de eficiência elevado: 97.6%

Valuation:
=== Valuation BRSR6  (base 2025) — Gordon Growth Model (P/B Implícito) ===
  base         R$     14,569.0 mi  (N/D)  → N/D
  optimistic   R$     15,831.6 mi  (N/D)  → N/D
  pessimistic  R$     13,587.0 mi  (N/D)  → N/D

Insights:
  [~] ROE adequado: ROE de 15.7% — suficiente para cobrir o custo de capital.
  [!] Estrutura de custos pesada: Índice de eficiência de 97.6% — despesas 
operacionais consomem 98% do resultado bruto.
  [+] Crescimento robusto: Lucro líquido cresceu 135.5% e NII 15.2% no ano — 
momentum operacional forte.
  [!] Alertas de risco (HIGH): 1 risco(s) identificados. Principais: Índice de 
eficiência elevado: 97.6%.
[14:25:49]   ▶ analyze ABCB4
[32m2026-04-19 14:25:49[0m | [1mINFO    [0m | [36m__main__[0m — [ABCB4] iniciando análise completa...
[32m2026-04-19 14:25:49[0m | [1mINFO    [0m | [36msrc.analysis.metrics_engine[0m — [ABCB4] 2019: métricas carregadas do cache
[32m2026-04-19 14:25:49[0m | [1mINFO    [0m | [36msrc.analysis.metrics_engine[0m — [ABCB4] 2020: métricas carregadas do cache
[32m2026-04-19 14:25:49[0m | [1mINFO    [0m | [36msrc.analysis.metrics_engine[0m — [ABCB4] 2021: métricas carregadas do cache
[32m2026-04-19 14:25:49[0m | [1mINFO    [0m | [36msrc.analysis.metrics_engine[0m — [ABCB4] 2022: métricas carregadas do cache
[32m2026-04-19 14:25:49[0m | [1mINFO    [0m | [36msrc.analysis.metrics_engine[0m — [ABCB4] 2023: métricas carregadas do cache
[32m2026-04-19 14:25:49[0m | [32m[1mSUCCESS [0m | [36msrc.analysis.metrics_engine[0m — [ABCB4] 5 períodos calculados
[32m2026-04-19 14:25:49[0m | [1mINFO    [0m | [36msrc.valuation.auto_dcf[0m — [ABCB4] valuation carregado do cache
       ABCB4  — Análise 2023        
┏━━━━━━━━━━━━━━━━━━━━━━━━━┳━━━━━━━━┓
┃ Métrica                 ┃  Valor ┃
┡━━━━━━━━━━━━━━━━━━━━━━━━━╇━━━━━━━━┩
│ ROE                     │  14.7% │
│ ROA                     │   1.4% │
│ NIM (NII/Ativos)        │   2.3% │
│ Índice de Eficiência    │ 120.1% │
│ Alavancagem (Ativos/PL) │  10.3x │
│ PDD/Carteira            │   0.0% │
│ Custo de Crédito        │   0.0% │
│ Crescimento Lucro       │   2.8% │
│ Crescimento NII         │ -12.3% │
└─────────────────────────┴────────┘

Risco: HIGH (1 alertas)
  • [RISCO] BANK_HIGH_EFFICIENCY_RATIO: Índice de eficiência elevado: 120.1%

Valuation:
=== Valuation ABCB4  (base 2023) — Gordon Growth Model (P/B Implícito) ===
  base         R$      6,727.6 mi  (N/D)  → N/D
  optimistic   R$      7,269.0 mi  (N/D)  → N/D
  pessimistic  R$      6,306.6 mi  (N/D)  → N/D

Insights:
  [~] ROE adequado: ROE de 14.7% — suficiente para cobrir o custo de capital.
  [!] Estrutura de custos pesada: Índice de eficiência de 120.1% — despesas 
operacionais consomem 120% do resultado bruto.
  [!] Alertas de risco (HIGH): 1 risco(s) identificados. Principais: Índice de 
eficiência elevado: 120.1%.
[14:25:49]   ▶ analyze BMGB4
[32m2026-04-19 14:25:50[0m | [1mINFO    [0m | [36m__main__[0m — [BMGB4] iniciando análise completa...
[32m2026-04-19 14:25:50[0m | [1mINFO    [0m | [36msrc.analysis.metrics_engine[0m — [BMGB4] 2019: métricas carregadas do cache
[32m2026-04-19 14:25:50[0m | [1mINFO    [0m | [36msrc.analysis.metrics_engine[0m — [BMGB4] 2020: métricas carregadas do cache
[32m2026-04-19 14:25:50[0m | [1mINFO    [0m | [36msrc.analysis.metrics_engine[0m — [BMGB4] 2021: métricas carregadas do cache
[32m2026-04-19 14:25:50[0m | [1mINFO    [0m | [36msrc.analysis.metrics_engine[0m — [BMGB4] 2022: métricas carregadas do cache
[32m2026-04-19 14:25:50[0m | [1mINFO    [0m | [36msrc.analysis.metrics_engine[0m — [BMGB4] 2023: métricas carregadas do cache
[32m2026-04-19 14:25:50[0m | [1mINFO    [0m | [36msrc.analysis.metrics_engine[0m — [BMGB4] 2024: métricas carregadas do cache
[32m2026-04-19 14:25:50[0m | [1mINFO    [0m | [36msrc.analysis.metrics_engine[0m — [BMGB4] 2025: métricas carregadas do cache
[32m2026-04-19 14:25:50[0m | [32m[1mSUCCESS [0m | [36msrc.analysis.metrics_engine[0m — [BMGB4] 7 períodos calculados
[32m2026-04-19 14:25:50[0m | [1mINFO    [0m | [36msrc.valuation.auto_dcf[0m — [BMGB4] valuation carregado do cache
       BMGB4  — Análise 2025        
┏━━━━━━━━━━━━━━━━━━━━━━━━━┳━━━━━━━━┓
┃ Métrica                 ┃  Valor ┃
┡━━━━━━━━━━━━━━━━━━━━━━━━━╇━━━━━━━━┩
│ ROE                     │  12.9% │
│ ROA                     │   1.2% │
│ NIM (NII/Ativos)        │   5.4% │
│ Índice de Eficiência    │ 116.6% │
│ Alavancagem (Ativos/PL) │  10.5x │
│ PDD/Carteira            │   0.0% │
│ Custo de Crédito        │   0.0% │
│ Crescimento Lucro       │ 129.2% │
│ Crescimento NII         │ -44.4% │
└─────────────────────────┴────────┘

Risco: HIGH (1 alertas)
  • [RISCO] BANK_HIGH_EFFICIENCY_RATIO: Índice de eficiência elevado: 116.6%

Valuation:
=== Valuation BMGB4  (base 2025) — Gordon Growth Model (P/B Implícito) ===
  base         R$      4,282.5 mi  (N/D)  → N/D
  optimistic   R$      4,563.3 mi  (N/D)  → N/D
  pessimistic  R$      4,064.2 mi  (N/D)  → N/D

Insights:
  [~] ROE adequado: ROE de 12.9% — suficiente para cobrir o custo de capital.
  [!] Estrutura de custos pesada: Índice de eficiência de 116.6% — despesas 
operacionais consomem 117% do resultado bruto.
  [!] Alertas de risco (HIGH): 1 risco(s) identificados. Principais: Índice de 
eficiência elevado: 116.6%.
[14:25:50]   ▶ analyze BPAN4
[32m2026-04-19 14:25:50[0m | [1mINFO    [0m | [36m__main__[0m — [BPAN4] iniciando análise completa...
[32m2026-04-19 14:25:50[0m | [1mINFO    [0m | [36msrc.analysis.metrics_engine[0m — [BPAN4] 2019: métricas carregadas do cache
[32m2026-04-19 14:25:50[0m | [1mINFO    [0m | [36msrc.analysis.metrics_engine[0m — [BPAN4] 2020: métricas carregadas do cache
[32m2026-04-19 14:25:50[0m | [1mINFO    [0m | [36msrc.analysis.metrics_engine[0m — [BPAN4] 2021: métricas carregadas do cache
[32m2026-04-19 14:25:50[0m | [1mINFO    [0m | [36msrc.analysis.metrics_engine[0m — [BPAN4] 2022: métricas carregadas do cache
[32m2026-04-19 14:25:50[0m | [1mINFO    [0m | [36msrc.analysis.metrics_engine[0m — [BPAN4] 2023: métricas carregadas do cache
[32m2026-04-19 14:25:50[0m | [1mINFO    [0m | [36msrc.analysis.metrics_engine[0m — [BPAN4] 2024: métricas carregadas do cache
[32m2026-04-19 14:25:50[0m | [32m[1mSUCCESS [0m | [36msrc.analysis.metrics_engine[0m — [BPAN4] 6 períodos calculados
[32m2026-04-19 14:25:50[0m | [1mINFO    [0m | [36msrc.valuation.auto_dcf[0m — [BPAN4] valuation carregado do cache
       BPAN4  — Análise 2024        
┏━━━━━━━━━━━━━━━━━━━━━━━━━┳━━━━━━━━┓
┃ Métrica                 ┃  Valor ┃
┡━━━━━━━━━━━━━━━━━━━━━━━━━╇━━━━━━━━┩
│ ROE                     │   7.1% │
│ ROA                     │   0.9% │
│ NIM (NII/Ativos)        │   8.1% │
│ Índice de Eficiência    │ 172.6% │
│ Alavancagem (Ativos/PL) │   8.6x │
│ PDD/Carteira            │   5.1% │
│ Custo de Crédito        │   3.8% │
│ Crescimento Lucro       │ -10.7% │
│ Crescimento NII         │ -38.3% │
└─────────────────────────┴────────┘

Risco: HIGH (5 alertas)
  • [RISCO] BANK_LOW_ROE: ROE baixo: 7.1%
  • [RISCO] BANK_HIGH_EFFICIENCY_RATIO: Índice de eficiência elevado: 172.6%
  • [RISCO] BANK_RISING_PDD: PDD/Carteira crescendo 3 anos: 2.43% → 5.10%

Valuation:
=== Valuation BPAN4  (base 2024) — Gordon Growth Model (P/B Implícito) ===
  base         R$      2,246.9 mi  (N/D)  → N/D
  optimistic   R$      2,246.9 mi  (N/D)  → N/D
  pessimistic  R$      2,246.9 mi  (N/D)  → N/D

Insights:
  [!] ROE abaixo do custo de capital: ROE de 7.1% — banco destrói valor ao 
acionista ao COE estimado de ~13%.
  [!] Estrutura de custos pesada: Índice de eficiência de 172.6% — despesas 
operacionais consomem 173% do resultado bruto.
  [!] Queda no lucro: Lucro líquido caiu -10.7% no ano — monitorar tendência nos
próximos trimestres.
  [!] Alertas de risco (HIGH): 5 risco(s) identificados. Principais: ROE baixo: 
7.1%; Índice de eficiência elevado: 172.6%.
[14:25:51]   ▶ analyze PINE4
[32m2026-04-19 14:25:51[0m | [1mINFO    [0m | [36m__main__[0m — [PINE4] iniciando análise completa...
[32m2026-04-19 14:25:51[0m | [1mINFO    [0m | [36msrc.analysis.metrics_engine[0m — [PINE4] 2019: métricas carregadas do cache
[32m2026-04-19 14:25:51[0m | [1mINFO    [0m | [36msrc.analysis.metrics_engine[0m — [PINE4] 2020: métricas carregadas do cache
[32m2026-04-19 14:25:51[0m | [1mINFO    [0m | [36msrc.analysis.metrics_engine[0m — [PINE4] 2021: métricas carregadas do cache
[32m2026-04-19 14:25:51[0m | [1mINFO    [0m | [36msrc.analysis.metrics_engine[0m — [PINE4] 2022: métricas carregadas do cache
[32m2026-04-19 14:25:51[0m | [1mINFO    [0m | [36msrc.analysis.metrics_engine[0m — [PINE4] 2023: métricas carregadas do cache
[32m2026-04-19 14:25:51[0m | [1mINFO    [0m | [36msrc.analysis.metrics_engine[0m — [PINE4] 2024: métricas carregadas do cache
[32m2026-04-19 14:25:51[0m | [1mINFO    [0m | [36msrc.analysis.metrics_engine[0m — [PINE4] 2025: métricas carregadas do cache
[32m2026-04-19 14:25:51[0m | [32m[1mSUCCESS [0m | [36msrc.analysis.metrics_engine[0m — [PINE4] 7 períodos calculados
[32m2026-04-19 14:25:51[0m | [1mINFO    [0m | [36msrc.valuation.auto_dcf[0m — [PINE4] valuation carregado do cache
       PINE4  — Análise 2025        
┏━━━━━━━━━━━━━━━━━━━━━━━━━┳━━━━━━━━┓
┃ Métrica                 ┃  Valor ┃
┡━━━━━━━━━━━━━━━━━━━━━━━━━╇━━━━━━━━┩
│ ROE                     │  34.8% │
│ ROA                     │   1.5% │
│ NIM (NII/Ativos)        │   4.7% │
│ Índice de Eficiência    │  38.2% │
│ Alavancagem (Ativos/PL) │  22.1x │
│ PDD/Carteira            │   0.0% │
│ Custo de Crédito        │   0.0% │
│ Crescimento Lucro       │ 324.4% │
│ Crescimento NII         │ 192.3% │
└─────────────────────────┴────────┘

Risco: CRITICAL (1 alertas)
  • [CRÍTICO] BANK_HIGH_LEVERAGE: Alavancagem elevada: 22.1x Ativos/PL

Valuation:
=== Valuation PINE4  (base 2025) — Gordon Growth Model (P/B Implícito) ===
  base         R$      5,148.7 mi  (N/D)  → N/D
  optimistic   R$      5,783.9 mi  (N/D)  → N/D
  pessimistic  R$      4,654.7 mi  (N/D)  → N/D

Insights:
  [+] ROE excelente: ROE de 34.8% em 2025 — acima do custo de capital (~13%). 
Banco gera valor ao acionista.
  [+] Eficiência operacional elevada: Índice de eficiência de 38.2% — melhor que
média do setor (~50%).
  [+] Crescimento robusto: Lucro líquido cresceu 324.4% e NII 192.3% no ano — 
momentum operacional forte.
  [!] Alertas de risco (CRITICAL): 1 risco(s) identificados. Principais: 
Alavancagem elevada: 22.1x Ativos/PL.
[14:25:51]   ▶ analyze INTR4
[32m2026-04-19 14:25:51[0m | [1mINFO    [0m | [36m__main__[0m — [INTR4] iniciando análise completa...
[32m2026-04-19 14:25:51[0m | [1mINFO    [0m | [36msrc.analysis.metrics_engine[0m — [INTR4] 2021: métricas carregadas do cache
[32m2026-04-19 14:25:51[0m | [1mINFO    [0m | [36msrc.analysis.metrics_engine[0m — [INTR4] 2022: métricas carregadas do cache
[32m2026-04-19 14:25:51[0m | [1mINFO    [0m | [36msrc.analysis.metrics_engine[0m — [INTR4] 2023: métricas carregadas do cache
[32m2026-04-19 14:25:51[0m | [1mINFO    [0m | [36msrc.analysis.metrics_engine[0m — [INTR4] 2024: métricas carregadas do cache
[32m2026-04-19 14:25:51[0m | [1mINFO    [0m | [36msrc.analysis.metrics_engine[0m — [INTR4] 2025: métricas carregadas do cache
[32m2026-04-19 14:25:51[0m | [32m[1mSUCCESS [0m | [36msrc.analysis.metrics_engine[0m — [INTR4] 5 períodos calculados
[32m2026-04-19 14:25:51[0m | [1mINFO    [0m | [36msrc.valuation.auto_dcf[0m — [INTR4] valuation carregado do cache
       INTR4  — Análise 2025       
┏━━━━━━━━━━━━━━━━━━━━━━━━━┳━━━━━━━┓
┃ Métrica                 ┃ Valor ┃
┡━━━━━━━━━━━━━━━━━━━━━━━━━╇━━━━━━━┩
│ ROE                     │ 13.8% │
│ ROA                     │  1.5% │
│ NIM (NII/Ativos)        │  7.2% │
│ Índice de Eficiência    │ 96.4% │
│ Alavancagem (Ativos/PL) │  9.7x │
│ PDD/Carteira            │  0.0% │
│ Custo de Crédito        │  0.0% │
│ Crescimento Lucro       │ 44.7% │
│ Crescimento NII         │ 40.8% │
└─────────────────────────┴───────┘

Risco: HIGH (1 alertas)
  • [RISCO] BANK_HIGH_EFFICIENCY_RATIO: Índice de eficiência elevado: 96.4%

Valuation:
=== Valuation INTR4  (base 2025) — Gordon Growth Model (P/B Implícito) ===
  base         R$     10,509.9 mi  (N/D)  → N/D
  optimistic   R$     11,284.9 mi  (N/D)  → N/D
  pessimistic  R$      9,907.1 mi  (N/D)  → N/D

Insights:
  [~] ROE adequado: ROE de 13.8% — suficiente para cobrir o custo de capital.
  [!] Estrutura de custos pesada: Índice de eficiência de 96.4% — despesas 
operacionais consomem 96% do resultado bruto.
  [+] Crescimento robusto: Lucro líquido cresceu 44.7% e NII 40.8% no ano — 
momentum operacional forte.
  [!] Alertas de risco (HIGH): 1 risco(s) identificados. Principais: Índice de 
eficiência elevado: 96.4%.
[14:25:52]   ▶ analyze ITSA4
[32m2026-04-19 14:25:52[0m | [1mINFO    [0m | [36m__main__[0m — [ITSA4] iniciando análise completa...
[32m2026-04-19 14:25:52[0m | [1mINFO    [0m | [36msrc.analysis.metrics_engine[0m — [ITSA4] 2019: métricas carregadas do cache
[32m2026-04-19 14:25:52[0m | [1mINFO    [0m | [36msrc.analysis.metrics_engine[0m — [ITSA4] 2020: métricas carregadas do cache
[32m2026-04-19 14:25:52[0m | [1mINFO    [0m | [36msrc.analysis.metrics_engine[0m — [ITSA4] 2021: métricas carregadas do cache
[32m2026-04-19 14:25:52[0m | [1mINFO    [0m | [36msrc.analysis.metrics_engine[0m — [ITSA4] 2022: métricas carregadas do cache
[32m2026-04-19 14:25:52[0m | [1mINFO    [0m | [36msrc.analysis.metrics_engine[0m — [ITSA4] 2023: métricas carregadas do cache
[32m2026-04-19 14:25:52[0m | [1mINFO    [0m | [36msrc.analysis.metrics_engine[0m — [ITSA4] 2024: métricas carregadas do cache
[32m2026-04-19 14:25:52[0m | [1mINFO    [0m | [36msrc.analysis.metrics_engine[0m — [ITSA4] 2025: métricas carregadas do cache
[32m2026-04-19 14:25:52[0m | [32m[1mSUCCESS [0m | [36msrc.analysis.metrics_engine[0m — [ITSA4] 7 períodos calculados
[32m2026-04-19 14:25:52[0m | [1mINFO    [0m | [36msrc.valuation.auto_dcf[0m — [ITSA4] valuation carregado do cache
   ITSA4  — Análise 2025   
┏━━━━━━━━━━━━━━━━┳━━━━━━━━┓
┃ Métrica        ┃  Valor ┃
┡━━━━━━━━━━━━━━━━╇━━━━━━━━┩
│ ROE            │  18.6% │
│ Margem Líquida │ 199.9% │
│ Dividend Yield │      — │
│ P/VP           │      — │
└────────────────┴────────┘

Risco: LOW (0 alertas)

Valuation:
=== Valuation ITSA4  (base 2025) — Gordon Growth Model (P/B Implícito) ===
  base         R$          0.0 mi  (N/D)  → N/D
  optimistic   R$          0.0 mi  (N/D)  → N/D
  pessimistic  R$          0.0 mi  (N/D)  → N/D
[14:25:52]   ▶ analyze BBSE3
[32m2026-04-19 14:25:52[0m | [1mINFO    [0m | [36m__main__[0m — [BBSE3] iniciando análise completa...
[32m2026-04-19 14:25:52[0m | [1mINFO    [0m | [36msrc.analysis.metrics_engine[0m — [BBSE3] 2019: métricas calculadas [holding]
[32m2026-04-19 14:25:52[0m | [1mINFO    [0m | [36msrc.analysis.metrics_engine[0m — [BBSE3] 2020: métricas calculadas [holding]
[32m2026-04-19 14:25:52[0m | [1mINFO    [0m | [36msrc.analysis.metrics_engine[0m — [BBSE3] 2021: métricas calculadas [holding]
[32m2026-04-19 14:25:52[0m | [1mINFO    [0m | [36msrc.analysis.metrics_engine[0m — [BBSE3] 2022: métricas calculadas [holding]
[32m2026-04-19 14:25:52[0m | [1mINFO    [0m | [36msrc.analysis.metrics_engine[0m — [BBSE3] 2023: métricas calculadas [holding]
[32m2026-04-19 14:25:52[0m | [1mINFO    [0m | [36msrc.analysis.metrics_engine[0m — [BBSE3] 2024: métricas calculadas [holding]
[32m2026-04-19 14:25:52[0m | [1mINFO    [0m | [36msrc.analysis.metrics_engine[0m — [BBSE3] 2025: métricas calculadas [holding]
[32m2026-04-19 14:25:52[0m | [32m[1mSUCCESS [0m | [36msrc.analysis.metrics_engine[0m — [BBSE3] 7 períodos calculados
[32m2026-04-19 14:25:52[0m | [1mINFO    [0m | [36msrc.analysis.risk_engine[0m — [BBSE3] risco: LOW (0 alerta(s)) [holding]
[32m2026-04-19 14:25:52[0m | [1mINFO    [0m | [36msrc.valuation.auto_dcf[0m — [BBSE3] setor=holding  método=gordon_growth  modelo=industrial
[32m2026-04-19 14:25:52[0m | [32m[1mSUCCESS [0m | [36msrc.valuation.auto_dcf[0m — [BBSE3] valuation concluído — Gordon Growth Model (P/B Implícito) | base=0 R$ mi
[32m2026-04-19 14:25:53[0m | [1mINFO    [0m | [36msrc.analysis.insight_engine[0m — [BBSE3] 0 insights gerados
  BBSE3  — Análise 2025   
┏━━━━━━━━━━━━━━━━┳━━━━━━━┓
┃ Métrica        ┃ Valor ┃
┡━━━━━━━━━━━━━━━━╇━━━━━━━┩
│ ROE            │  0.0% │
│ Margem Líquida │     — │
│ Dividend Yield │     — │
│ P/VP           │     — │
└────────────────┴───────┘

Risco: LOW (0 alertas)

Valuation:
=== Valuation BBSE3  (base 2025) — Gordon Growth Model (P/B Implícito) ===
  base         R$          0.0 mi  (N/D)  → N/D
  optimistic   R$          0.0 mi  (N/D)  → N/D
  pessimistic  R$          0.0 mi  (N/D)  → N/D
[14:25:53]   ▶ analyze BRAP4
[32m2026-04-19 14:25:53[0m | [1mINFO    [0m | [36m__main__[0m — [BRAP4] iniciando análise completa...
[32m2026-04-19 14:25:53[0m | [1mINFO    [0m | [36msrc.analysis.metrics_engine[0m — [BRAP4] 2019: métricas calculadas [holding]
[32m2026-04-19 14:25:53[0m | [1mINFO    [0m | [36msrc.analysis.metrics_engine[0m — [BRAP4] 2020: métricas calculadas [holding]
[32m2026-04-19 14:25:53[0m | [1mINFO    [0m | [36msrc.analysis.metrics_engine[0m — [BRAP4] 2021: métricas calculadas [holding]
[32m2026-04-19 14:25:53[0m | [1mINFO    [0m | [36msrc.analysis.metrics_engine[0m — [BRAP4] 2022: métricas calculadas [holding]
[32m2026-04-19 14:25:53[0m | [1mINFO    [0m | [36msrc.analysis.metrics_engine[0m — [BRAP4] 2023: métricas calculadas [holding]
[32m2026-04-19 14:25:53[0m | [32m[1mSUCCESS [0m | [36msrc.analysis.metrics_engine[0m — [BRAP4] 5 períodos calculados
[32m2026-04-19 14:25:53[0m | [1mINFO    [0m | [36msrc.analysis.risk_engine[0m — [BRAP4] risco: MEDIUM (1 alerta(s)) [holding]
[32m2026-04-19 14:25:53[0m | [1mINFO    [0m | [36msrc.valuation.auto_dcf[0m — [BRAP4] setor=holding  método=gordon_growth  modelo=industrial
[32m2026-04-19 14:25:53[0m | [32m[1mSUCCESS [0m | [36msrc.valuation.auto_dcf[0m — [BRAP4] valuation concluído — Gordon Growth Model (P/B Implícito) | base=0 R$ mi
[32m2026-04-19 14:25:53[0m | [1mINFO    [0m | [36msrc.analysis.insight_engine[0m — [BRAP4] 0 insights gerados
  BRAP4  — Análise 2023   
┏━━━━━━━━━━━━━━━━┳━━━━━━━┓
┃ Métrica        ┃ Valor ┃
┡━━━━━━━━━━━━━━━━╇━━━━━━━┩
│ ROE            │ 24.2% │
│ Margem Líquida │     — │
│ Dividend Yield │     — │
│ P/VP           │     — │
└────────────────┴───────┘

Risco: MEDIUM (1 alertas)
  • [AVISO] FALLING_NET_INCOME: Lucro em queda por 2 anos consecutivos

Valuation:
=== Valuation BRAP4  (base 2023) — Gordon Growth Model (P/B Implícito) ===
  base         R$          0.0 mi  (N/D)  → N/D
  optimistic   R$          0.0 mi  (N/D)  → N/D
  pessimistic  R$          0.0 mi  (N/D)  → N/D
[14:25:53]   ▶ analyze IRBR3
[32m2026-04-19 14:25:53[0m | [1mINFO    [0m | [36m__main__[0m — [IRBR3] iniciando análise completa...
[32m2026-04-19 14:25:54[0m | [1mINFO    [0m | [36msrc.analysis.metrics_engine[0m — [IRBR3] 2019: métricas calculadas [holding]
[32m2026-04-19 14:25:54[0m | [1mINFO    [0m | [36msrc.analysis.metrics_engine[0m — [IRBR3] 2020: métricas calculadas [holding]
[32m2026-04-19 14:25:54[0m | [1mINFO    [0m | [36msrc.analysis.metrics_engine[0m — [IRBR3] 2021: métricas calculadas [holding]
[32m2026-04-19 14:25:54[0m | [1mINFO    [0m | [36msrc.analysis.metrics_engine[0m — [IRBR3] 2022: métricas calculadas [holding]
[32m2026-04-19 14:25:54[0m | [1mINFO    [0m | [36msrc.analysis.metrics_engine[0m — [IRBR3] 2023: métricas calculadas [holding]
[32m2026-04-19 14:25:54[0m | [1mINFO    [0m | [36msrc.analysis.metrics_engine[0m — [IRBR3] 2024: métricas calculadas [holding]
[32m2026-04-19 14:25:54[0m | [1mINFO    [0m | [36msrc.analysis.metrics_engine[0m — [IRBR3] 2025: métricas calculadas [holding]
[32m2026-04-19 14:25:54[0m | [32m[1mSUCCESS [0m | [36msrc.analysis.metrics_engine[0m — [IRBR3] 7 períodos calculados
[32m2026-04-19 14:25:54[0m | [1mINFO    [0m | [36msrc.analysis.risk_engine[0m — [IRBR3] risco: CRITICAL (1 alerta(s)) [holding]
[32m2026-04-19 14:25:54[0m | [1mINFO    [0m | [36msrc.valuation.auto_dcf[0m — [IRBR3] setor=holding  método=gordon_growth  modelo=industrial
[32m2026-04-19 14:25:54[0m | [32m[1mSUCCESS [0m | [36msrc.valuation.auto_dcf[0m — [IRBR3] valuation concluído — Gordon Growth Model (P/B Implícito) | base=0 R$ mi
[32m2026-04-19 14:25:54[0m | [1mINFO    [0m | [36msrc.analysis.insight_engine[0m — [IRBR3] 2 insights gerados
  IRBR3  — Análise 2025   
┏━━━━━━━━━━━━━━━━┳━━━━━━━┓
┃ Métrica        ┃ Valor ┃
┡━━━━━━━━━━━━━━━━╇━━━━━━━┩
│ ROE            │  0.0% │
│ Margem Líquida │  0.0% │
│ Dividend Yield │     — │
│ P/VP           │     — │
└────────────────┴───────┘

Risco: CRITICAL (1 alertas)
  • [CRÍTICO] HIGH_LEVERAGE: DL/EBITDA elevada: 62.9x

Valuation:
=== Valuation IRBR3  (base 2025) — Gordon Growth Model (P/B Implícito) ===
  base         R$          0.0 mi  (N/D)  → N/D
  optimistic   R$          0.0 mi  (N/D)  → N/D
  pessimistic  R$          0.0 mi  (N/D)  → N/D

Insights:
  [!] Contração de receita: Receita recuou -14.0% — investigar perda de volume 
vs pressão de preço.
  [!] Alertas de risco (CRITICAL): 1 risco(s) identificados. Principais: 
DL/EBITDA elevada: 62.9x.
[14:25:54]   ▶ analyze PSSA3
[32m2026-04-19 14:25:54[0m | [1mINFO    [0m | [36m__main__[0m — [PSSA3] iniciando análise completa...
[32m2026-04-19 14:25:54[0m | [1mINFO    [0m | [36msrc.analysis.metrics_engine[0m — [PSSA3] 2019: métricas calculadas [holding]
[32m2026-04-19 14:25:54[0m | [1mINFO    [0m | [36msrc.analysis.metrics_engine[0m — [PSSA3] 2020: métricas calculadas [holding]
[32m2026-04-19 14:25:54[0m | [1mINFO    [0m | [36msrc.analysis.metrics_engine[0m — [PSSA3] 2021: métricas calculadas [holding]
[32m2026-04-19 14:25:54[0m | [1mINFO    [0m | [36msrc.analysis.metrics_engine[0m — [PSSA3] 2022: métricas calculadas [holding]
[32m2026-04-19 14:25:54[0m | [1mINFO    [0m | [36msrc.analysis.metrics_engine[0m — [PSSA3] 2023: métricas calculadas [holding]
[32m2026-04-19 14:25:54[0m | [1mINFO    [0m | [36msrc.analysis.metrics_engine[0m — [PSSA3] 2024: métricas calculadas [holding]
[32m2026-04-19 14:25:54[0m | [1mINFO    [0m | [36msrc.analysis.metrics_engine[0m — [PSSA3] 2025: métricas calculadas [holding]
[32m2026-04-19 14:25:54[0m | [32m[1mSUCCESS [0m | [36msrc.analysis.metrics_engine[0m — [PSSA3] 7 períodos calculados
[32m2026-04-19 14:25:54[0m | [1mINFO    [0m | [36msrc.analysis.risk_engine[0m — [PSSA3] risco: LOW (0 alerta(s)) [holding]
[32m2026-04-19 14:25:54[0m | [1mINFO    [0m | [36msrc.valuation.auto_dcf[0m — [PSSA3] setor=holding  método=gordon_growth  modelo=industrial
[32m2026-04-19 14:25:54[0m | [32m[1mSUCCESS [0m | [36msrc.valuation.auto_dcf[0m — [PSSA3] valuation concluído — Gordon Growth Model (P/B Implícito) | base=0 R$ mi
[32m2026-04-19 14:25:54[0m | [1mINFO    [0m | [36msrc.analysis.insight_engine[0m — [PSSA3] 1 insights gerados
  PSSA3  — Análise 2025   
┏━━━━━━━━━━━━━━━━┳━━━━━━━┓
┃ Métrica        ┃ Valor ┃
┡━━━━━━━━━━━━━━━━╇━━━━━━━┩
│ ROE            │ 21.5% │
│ Margem Líquida │  8.3% │
│ Dividend Yield │     — │
│ P/VP           │     — │
└────────────────┴───────┘

Risco: LOW (0 alertas)

Valuation:
=== Valuation PSSA3  (base 2025) — Gordon Growth Model (P/B Implícito) ===
  base         R$          0.0 mi  (N/D)  → N/D
  optimistic   R$          0.0 mi  (N/D)  → N/D
  pessimistic  R$          0.0 mi  (N/D)  → N/D

Insights:
  [+] Crescimento de receita acelerado: Receita cresceu 16.0% — expansão 
relevante de volume/preço.
[14:25:54]   ▶ analyze CXSE3
[32m2026-04-19 14:25:54[0m | [1mINFO    [0m | [36m__main__[0m — [CXSE3] iniciando análise completa...
[32m2026-04-19 14:25:55[0m | [1mINFO    [0m | [36msrc.analysis.metrics_engine[0m — [CXSE3] 2019: métricas calculadas [holding]
[32m2026-04-19 14:25:55[0m | [1mINFO    [0m | [36msrc.analysis.metrics_engine[0m — [CXSE3] 2020: métricas calculadas [holding]
[32m2026-04-19 14:25:55[0m | [1mINFO    [0m | [36msrc.analysis.metrics_engine[0m — [CXSE3] 2021: métricas calculadas [holding]
[32m2026-04-19 14:25:55[0m | [1mINFO    [0m | [36msrc.analysis.metrics_engine[0m — [CXSE3] 2022: métricas calculadas [holding]
[32m2026-04-19 14:25:55[0m | [1mINFO    [0m | [36msrc.analysis.metrics_engine[0m — [CXSE3] 2023: métricas calculadas [holding]
[32m2026-04-19 14:25:55[0m | [1mINFO    [0m | [36msrc.analysis.metrics_engine[0m — [CXSE3] 2024: métricas calculadas [holding]
[32m2026-04-19 14:25:55[0m | [1mINFO    [0m | [36msrc.analysis.metrics_engine[0m — [CXSE3] 2025: métricas calculadas [holding]
[32m2026-04-19 14:25:55[0m | [32m[1mSUCCESS [0m | [36msrc.analysis.metrics_engine[0m — [CXSE3] 7 períodos calculados
[32m2026-04-19 14:25:55[0m | [1mINFO    [0m | [36msrc.analysis.risk_engine[0m — [CXSE3] risco: LOW (0 alerta(s)) [holding]
[32m2026-04-19 14:25:55[0m | [1mINFO    [0m | [36msrc.valuation.auto_dcf[0m — [CXSE3] setor=holding  método=gordon_growth  modelo=industrial
[32m2026-04-19 14:25:55[0m | [32m[1mSUCCESS [0m | [36msrc.valuation.auto_dcf[0m — [CXSE3] valuation concluído — Gordon Growth Model (P/B Implícito) | base=0 R$ mi
[32m2026-04-19 14:25:55[0m | [1mINFO    [0m | [36msrc.analysis.insight_engine[0m — [CXSE3] 1 insights gerados
  CXSE3  — Análise 2025   
┏━━━━━━━━━━━━━━━━┳━━━━━━━┓
┃ Métrica        ┃ Valor ┃
┡━━━━━━━━━━━━━━━━╇━━━━━━━┩
│ ROE            │ 31.7% │
│ Margem Líquida │     — │
│ Dividend Yield │     — │
│ P/VP           │     — │
└────────────────┴───────┘

Risco: LOW (0 alertas)

Valuation:
=== Valuation CXSE3  (base 2025) — Gordon Growth Model (P/B Implícito) ===
  base         R$          0.0 mi  (N/D)  → N/D
  optimistic   R$          0.0 mi  (N/D)  → N/D
  pessimistic  R$          0.0 mi  (N/D)  → N/D

Insights:
  [+] Rentabilidade excepcional: ROIC=25.0%, ROE=31.7% — empresa de alta 
qualidade com retorno bem acima do custo de capital.
[14:25:55]   ▶ analyze B3SA3
[32m2026-04-19 14:25:55[0m | [1mINFO    [0m | [36m__main__[0m — [B3SA3] iniciando análise completa...
[32m2026-04-19 14:25:55[0m | [1mINFO    [0m | [36msrc.analysis.metrics_engine[0m — [B3SA3] 2019: métricas calculadas [holding]
[32m2026-04-19 14:25:55[0m | [1mINFO    [0m | [36msrc.analysis.metrics_engine[0m — [B3SA3] 2020: métricas calculadas [holding]
[32m2026-04-19 14:25:55[0m | [1mINFO    [0m | [36msrc.analysis.metrics_engine[0m — [B3SA3] 2021: métricas calculadas [holding]
[32m2026-04-19 14:25:55[0m | [1mINFO    [0m | [36msrc.analysis.metrics_engine[0m — [B3SA3] 2022: métricas calculadas [holding]
[32m2026-04-19 14:25:55[0m | [1mINFO    [0m | [36msrc.analysis.metrics_engine[0m — [B3SA3] 2023: métricas calculadas [holding]
[32m2026-04-19 14:25:55[0m | [1mINFO    [0m | [36msrc.analysis.metrics_engine[0m — [B3SA3] 2024: métricas calculadas [holding]
[32m2026-04-19 14:25:55[0m | [1mINFO    [0m | [36msrc.analysis.metrics_engine[0m — [B3SA3] 2025: métricas calculadas [holding]
[32m2026-04-19 14:25:55[0m | [32m[1mSUCCESS [0m | [36msrc.analysis.metrics_engine[0m — [B3SA3] 7 períodos calculados
[32m2026-04-19 14:25:55[0m | [1mINFO    [0m | [36msrc.analysis.risk_engine[0m — [B3SA3] risco: LOW (0 alerta(s)) [holding]
[32m2026-04-19 14:25:55[0m | [1mINFO    [0m | [36msrc.valuation.auto_dcf[0m — [B3SA3] setor=holding  método=gordon_growth  modelo=industrial
[32m2026-04-19 14:25:55[0m | [32m[1mSUCCESS [0m | [36msrc.valuation.auto_dcf[0m — [B3SA3] valuation concluído — Gordon Growth Model (P/B Implícito) | base=0 R$ mi
[32m2026-04-19 14:25:55[0m | [1mINFO    [0m | [36msrc.analysis.insight_engine[0m — [B3SA3] 0 insights gerados
  B3SA3  — Análise 2025   
┏━━━━━━━━━━━━━━━━┳━━━━━━━┓
┃ Métrica        ┃ Valor ┃
┡━━━━━━━━━━━━━━━━╇━━━━━━━┩
│ ROE            │ 26.3% │
│ Margem Líquida │ 41.2% │
│ Dividend Yield │     — │
│ P/VP           │     — │
└────────────────┴───────┘

Risco: LOW (0 alertas)

Valuation:
=== Valuation B3SA3  (base 2025) — Gordon Growth Model (P/B Implícito) ===
  base         R$          0.0 mi  (N/D)  → N/D
  optimistic   R$          0.0 mi  (N/D)  → N/D
  pessimistic  R$          0.0 mi  (N/D)  → N/D
[14:25:56]   ▶ analyze PETR4
[32m2026-04-19 14:25:56[0m | [1mINFO    [0m | [36m__main__[0m — [PETR4] iniciando análise completa...
[32m2026-04-19 14:25:56[0m | [1mINFO    [0m | [36msrc.analysis.metrics_engine[0m — [PETR4] 2019: métricas calculadas [oil_gas]
[32m2026-04-19 14:25:56[0m | [1mINFO    [0m | [36msrc.analysis.metrics_engine[0m — [PETR4] 2020: métricas calculadas [oil_gas]
[32m2026-04-19 14:25:56[0m | [1mINFO    [0m | [36msrc.analysis.metrics_engine[0m — [PETR4] 2021: métricas calculadas [oil_gas]
[32m2026-04-19 14:25:56[0m | [1mINFO    [0m | [36msrc.analysis.metrics_engine[0m — [PETR4] 2022: métricas calculadas [oil_gas]
[32m2026-04-19 14:25:56[0m | [1mINFO    [0m | [36msrc.analysis.metrics_engine[0m — [PETR4] 2023: métricas calculadas [oil_gas]
[32m2026-04-19 14:25:56[0m | [1mINFO    [0m | [36msrc.analysis.metrics_engine[0m — [PETR4] 2024: métricas calculadas [oil_gas]
[32m2026-04-19 14:25:56[0m | [1mINFO    [0m | [36msrc.analysis.metrics_engine[0m — [PETR4] 2025: métricas calculadas [oil_gas]
[32m2026-04-19 14:25:56[0m | [32m[1mSUCCESS [0m | [36msrc.analysis.metrics_engine[0m — [PETR4] 7 períodos calculados
[32m2026-04-19 14:25:56[0m | [1mINFO    [0m | [36msrc.analysis.risk_engine[0m — [PETR4] risco: LOW (0 alerta(s)) [oil_gas]
[32m2026-04-19 14:25:56[0m | [1mINFO    [0m | [36msrc.valuation.auto_dcf[0m — [PETR4] setor=oil_gas  método=ev_ebitda_multiple  modelo=industrial
[32m2026-04-19 14:25:56[0m | [32m[1mSUCCESS [0m | [36msrc.valuation.auto_dcf[0m — [PETR4] valuation concluído — EV/EBITDA Múltiplo | base=612,728 R$ mi
[32m2026-04-19 14:25:56[0m | [1mINFO    [0m | [36msrc.analysis.insight_engine[0m — [PETR4] 0 insights gerados
         PETR4  — Análise 2025         
┏━━━━━━━━━━━━━━━━━━━━━┳━━━━━━━━━━━━━━━┓
┃ Métrica             ┃         Valor ┃
┡━━━━━━━━━━━━━━━━━━━━━╇━━━━━━━━━━━━━━━┩
│ Margem EBITDA       │         31.2% │
│ Margem Líquida      │         22.1% │
│ DL/EBITDA           │          2.2x │
│ ROE                 │         26.5% │
│ ROIC                │         13.9% │
│ FCF (R$ mi)         │ R$ 200,317 mi │
│ Capex/Receita       │          0.0% │
│ Crescimento Receita │          1.4% │
└─────────────────────┴───────────────┘

Risco: LOW (0 alertas)

Valuation:
=== Valuation PETR4  (base 2025) — EV/EBITDA Múltiplo ===
  base         R$    612,727.8 mi  (N/D)  → N/D
  optimistic   R$    874,858.2 mi  (N/D)  → N/D
  pessimistic  R$    350,597.4 mi  (N/D)  → N/D
[14:25:56]   ▶ analyze PRIO3
[32m2026-04-19 14:25:56[0m | [1mINFO    [0m | [36m__main__[0m — [PRIO3] iniciando análise completa...
[32m2026-04-19 14:25:57[0m | [1mINFO    [0m | [36msrc.analysis.metrics_engine[0m — [PRIO3] 2019: métricas calculadas [oil_gas]
[32m2026-04-19 14:25:57[0m | [1mINFO    [0m | [36msrc.analysis.metrics_engine[0m — [PRIO3] 2020: métricas calculadas [oil_gas]
[32m2026-04-19 14:25:57[0m | [1mINFO    [0m | [36msrc.analysis.metrics_engine[0m — [PRIO3] 2021: métricas calculadas [oil_gas]
[32m2026-04-19 14:25:57[0m | [1mINFO    [0m | [36msrc.analysis.metrics_engine[0m — [PRIO3] 2022: métricas calculadas [oil_gas]
[32m2026-04-19 14:25:57[0m | [1mINFO    [0m | [36msrc.analysis.metrics_engine[0m — [PRIO3] 2023: métricas calculadas [oil_gas]
[32m2026-04-19 14:25:57[0m | [1mINFO    [0m | [36msrc.analysis.metrics_engine[0m — [PRIO3] 2024: métricas calculadas [oil_gas]
[32m2026-04-19 14:25:57[0m | [1mINFO    [0m | [36msrc.analysis.metrics_engine[0m — [PRIO3] 2025: métricas calculadas [oil_gas]
[32m2026-04-19 14:25:57[0m | [32m[1mSUCCESS [0m | [36msrc.analysis.metrics_engine[0m — [PRIO3] 7 períodos calculados
[32m2026-04-19 14:25:57[0m | [1mINFO    [0m | [36msrc.analysis.risk_engine[0m — [PRIO3] risco: HIGH (2 alerta(s)) [oil_gas]
[32m2026-04-19 14:25:57[0m | [1mINFO    [0m | [36msrc.valuation.auto_dcf[0m — [PRIO3] setor=oil_gas  método=ev_ebitda_multiple  modelo=industrial
[32m2026-04-19 14:25:57[0m | [32m[1mSUCCESS [0m | [36msrc.valuation.auto_dcf[0m — [PRIO3] valuation concluído — EV/EBITDA Múltiplo | base=0 R$ mi
[32m2026-04-19 14:25:57[0m | [1mINFO    [0m | [36msrc.analysis.insight_engine[0m — [PRIO3] 1 insights gerados
        PRIO3  — Análise 2025        
┏━━━━━━━━━━━━━━━━━━━━━┳━━━━━━━━━━━━━┓
┃ Métrica             ┃       Valor ┃
┡━━━━━━━━━━━━━━━━━━━━━╇━━━━━━━━━━━━━┩
│ Margem EBITDA       │       49.2% │
│ Margem Líquida      │       14.4% │
│ DL/EBITDA           │        3.3x │
│ ROE                 │        8.7% │
│ ROIC                │        2.6% │
│ FCF (R$ mi)         │ R$ 8,176 mi │
│ Capex/Receita       │        0.0% │
│ Crescimento Receita │        8.5% │
└─────────────────────┴─────────────┘

Risco: HIGH (2 alertas)
  • [AVISO] HIGH_LEVERAGE: DL/EBITDA elevada: 3.3x
  • [RISCO] MARGIN_COMPRESSION: Margem EBITDA caindo 3 anos: 77.4% → 49.2%

Valuation:
=== Valuation PRIO3  (base 2025) — EV/EBITDA Múltiplo ===
  base         R$          0.0 mi  (N/D)  → N/D
  optimistic   R$          0.0 mi  (N/D)  → N/D
  pessimistic  R$          0.0 mi  (N/D)  → N/D

Insights:
  [!] Alertas de risco (HIGH): 2 risco(s) identificados. Principais: Margem 
EBITDA caindo 3 anos: 77.4% → 49.2%.
[14:25:57]   ▶ analyze BRAV3
[32m2026-04-19 14:25:57[0m | [1mINFO    [0m | [36m__main__[0m — [BRAV3] iniciando análise completa...
[32m2026-04-19 14:25:57[0m | [1mINFO    [0m | [36msrc.analysis.metrics_engine[0m — [BRAV3] 2019: métricas calculadas [oil_gas]
[32m2026-04-19 14:25:57[0m | [1mINFO    [0m | [36msrc.analysis.metrics_engine[0m — [BRAV3] 2020: métricas calculadas [oil_gas]
[32m2026-04-19 14:25:57[0m | [1mINFO    [0m | [36msrc.analysis.metrics_engine[0m — [BRAV3] 2021: métricas calculadas [oil_gas]
[32m2026-04-19 14:25:57[0m | [1mINFO    [0m | [36msrc.analysis.metrics_engine[0m — [BRAV3] 2022: métricas calculadas [oil_gas]
[32m2026-04-19 14:25:57[0m | [1mINFO    [0m | [36msrc.analysis.metrics_engine[0m — [BRAV3] 2023: métricas calculadas [oil_gas]
[32m2026-04-19 14:25:57[0m | [1mINFO    [0m | [36msrc.analysis.metrics_engine[0m — [BRAV3] 2024: métricas calculadas [oil_gas]
[32m2026-04-19 14:25:57[0m | [1mINFO    [0m | [36msrc.analysis.metrics_engine[0m — [BRAV3] 2025: métricas calculadas [oil_gas]
[32m2026-04-19 14:25:57[0m | [32m[1mSUCCESS [0m | [36msrc.analysis.metrics_engine[0m — [BRAV3] 7 períodos calculados
[32m2026-04-19 14:25:57[0m | [1mINFO    [0m | [36msrc.analysis.risk_engine[0m — [BRAV3] risco: MEDIUM (2 alerta(s)) [oil_gas]
[32m2026-04-19 14:25:57[0m | [1mINFO    [0m | [36msrc.valuation.auto_dcf[0m — [BRAV3] setor=oil_gas  método=ev_ebitda_multiple  modelo=industrial
[32m2026-04-19 14:25:57[0m | [32m[1mSUCCESS [0m | [36msrc.valuation.auto_dcf[0m — [BRAV3] valuation concluído — EV/EBITDA Múltiplo | base=0 R$ mi
[32m2026-04-19 14:25:57[0m | [1mINFO    [0m | [36msrc.analysis.insight_engine[0m — [BRAV3] 1 insights gerados
        BRAV3  — Análise 2025        
┏━━━━━━━━━━━━━━━━━━━━━┳━━━━━━━━━━━━━┓
┃ Métrica             ┃       Valor ┃
┡━━━━━━━━━━━━━━━━━━━━━╇━━━━━━━━━━━━━┩
│ Margem EBITDA       │       40.0% │
│ Margem Líquida      │       12.1% │
│ DL/EBITDA           │        3.3x │
│ ROE                 │       12.0% │
│ ROIC                │        5.9% │
│ FCF (R$ mi)         │ R$ 4,537 mi │
│ Capex/Receita       │        2.9% │
│ Crescimento Receita │       33.2% │
└─────────────────────┴─────────────┘

Risco: MEDIUM (2 alertas)
  • [AVISO] HIGH_LEVERAGE: DL/EBITDA elevada: 3.3x
  • [AVISO] FALLING_NET_INCOME: Lucro em queda por 2 anos consecutivos

Valuation:
=== Valuation BRAV3  (base 2025) — EV/EBITDA Múltiplo ===
  base         R$          0.0 mi  (N/D)  → N/D
  optimistic   R$      3,057.3 mi  (N/D)  → N/D
  pessimistic  R$          0.0 mi  (N/D)  → N/D

Insights:
  [+] Crescimento de receita acelerado: Receita cresceu 33.2% — expansão 
relevante de volume/preço.
[14:25:57]   ▶ analyze RECV3
[32m2026-04-19 14:25:58[0m | [1mINFO    [0m | [36m__main__[0m — [RECV3] iniciando análise completa...
[32m2026-04-19 14:25:58[0m | [33m[1mWARNING [0m | [36msrc.analysis.metrics_engine[0m — [RECV3] sem dados processados — execute 'process' primeiro
[32m2026-04-19 14:25:58[0m | [33m[1mWARNING [0m | [36m__main__[0m — [RECV3] sem dados — execute 'process' primeiro
[14:25:58]   ▶ analyze VBBR3
[32m2026-04-19 14:25:58[0m | [1mINFO    [0m | [36m__main__[0m — [VBBR3] iniciando análise completa...
[32m2026-04-19 14:25:58[0m | [1mINFO    [0m | [36msrc.analysis.metrics_engine[0m — [VBBR3] 2019: métricas calculadas [oil_gas]
[32m2026-04-19 14:25:58[0m | [1mINFO    [0m | [36msrc.analysis.metrics_engine[0m — [VBBR3] 2020: métricas calculadas [oil_gas]
[32m2026-04-19 14:25:58[0m | [1mINFO    [0m | [36msrc.analysis.metrics_engine[0m — [VBBR3] 2021: métricas calculadas [oil_gas]
[32m2026-04-19 14:25:58[0m | [1mINFO    [0m | [36msrc.analysis.metrics_engine[0m — [VBBR3] 2022: métricas calculadas [oil_gas]
[32m2026-04-19 14:25:58[0m | [1mINFO    [0m | [36msrc.analysis.metrics_engine[0m — [VBBR3] 2023: métricas calculadas [oil_gas]
[32m2026-04-19 14:25:58[0m | [1mINFO    [0m | [36msrc.analysis.metrics_engine[0m — [VBBR3] 2024: métricas calculadas [oil_gas]
[32m2026-04-19 14:25:58[0m | [1mINFO    [0m | [36msrc.analysis.metrics_engine[0m — [VBBR3] 2025: métricas calculadas [oil_gas]
[32m2026-04-19 14:25:58[0m | [32m[1mSUCCESS [0m | [36msrc.analysis.metrics_engine[0m — [VBBR3] 7 períodos calculados
[32m2026-04-19 14:25:58[0m | [1mINFO    [0m | [36msrc.analysis.risk_engine[0m — [VBBR3] risco: HIGH (2 alerta(s)) [oil_gas]
[32m2026-04-19 14:25:58[0m | [1mINFO    [0m | [36msrc.valuation.auto_dcf[0m — [VBBR3] setor=oil_gas  método=ev_ebitda_multiple  modelo=industrial
[32m2026-04-19 14:25:58[0m | [32m[1mSUCCESS [0m | [36msrc.valuation.auto_dcf[0m — [VBBR3] valuation concluído — EV/EBITDA Múltiplo | base=12,283 R$ mi
[32m2026-04-19 14:25:58[0m | [1mINFO    [0m | [36msrc.analysis.insight_engine[0m — [VBBR3] 1 insights gerados
        VBBR3  — Análise 2025        
┏━━━━━━━━━━━━━━━━━━━━━┳━━━━━━━━━━━━━┓
┃ Métrica             ┃       Valor ┃
┡━━━━━━━━━━━━━━━━━━━━━╇━━━━━━━━━━━━━┩
│ Margem EBITDA       │        2.6% │
│ Margem Líquida      │        1.1% │
│ DL/EBITDA           │        4.0x │
│ ROE                 │        9.7% │
│ ROIC                │        8.8% │
│ FCF (R$ mi)         │ R$ 6,552 mi │
│ Capex/Receita       │        0.1% │
│ Crescimento Receita │        9.8% │
└─────────────────────┴─────────────┘

Risco: HIGH (2 alertas)
  • [RISCO] HIGH_LEVERAGE: DL/EBITDA elevada: 4.0x
  • [RISCO] LOW_EBITDA_MARGIN: Margem EBITDA abaixo do esperado p/ setor: 2.6% 
(mín. 20.0%)

Valuation:
=== Valuation VBBR3  (base 2025) — EV/EBITDA Múltiplo ===
  base         R$     12,282.6 mi  (N/D)  → N/D
  optimistic   R$     20,969.4 mi  (N/D)  → N/D
  pessimistic  R$      3,595.8 mi  (N/D)  → N/D

Insights:
  [!] Alertas de risco (HIGH): 2 risco(s) identificados. Principais: DL/EBITDA 
elevada: 4.0x; Margem EBITDA abaixo do esperado p/ setor: 2.6% (mín. 20.0%).
[14:25:58]   ▶ analyze RAIZ4
[32m2026-04-19 14:25:59[0m | [1mINFO    [0m | [36m__main__[0m — [RAIZ4] iniciando análise completa...
[32m2026-04-19 14:25:59[0m | [1mINFO    [0m | [36msrc.analysis.metrics_engine[0m — [RAIZ4] 2019: métricas calculadas [oil_gas]
[32m2026-04-19 14:25:59[0m | [1mINFO    [0m | [36msrc.analysis.metrics_engine[0m — [RAIZ4] 2020: métricas calculadas [oil_gas]
[32m2026-04-19 14:25:59[0m | [1mINFO    [0m | [36msrc.analysis.metrics_engine[0m — [RAIZ4] 2021: métricas calculadas [oil_gas]
[32m2026-04-19 14:25:59[0m | [1mINFO    [0m | [36msrc.analysis.metrics_engine[0m — [RAIZ4] 2022: métricas calculadas [oil_gas]
[32m2026-04-19 14:25:59[0m | [1mINFO    [0m | [36msrc.analysis.metrics_engine[0m — [RAIZ4] 2023: métricas calculadas [oil_gas]
[32m2026-04-19 14:25:59[0m | [1mINFO    [0m | [36msrc.analysis.metrics_engine[0m — [RAIZ4] 2024: métricas calculadas [oil_gas]
[32m2026-04-19 14:25:59[0m | [1mINFO    [0m | [36msrc.analysis.metrics_engine[0m — [RAIZ4] 2025: métricas calculadas [oil_gas]
[32m2026-04-19 14:25:59[0m | [32m[1mSUCCESS [0m | [36msrc.analysis.metrics_engine[0m — [RAIZ4] 7 períodos calculados
[32m2026-04-19 14:25:59[0m | [1mINFO    [0m | [36msrc.analysis.risk_engine[0m — [RAIZ4] risco: HIGH (2 alerta(s)) [oil_gas]
[32m2026-04-19 14:25:59[0m | [1mINFO    [0m | [36msrc.valuation.auto_dcf[0m — [RAIZ4] setor=oil_gas  método=ev_ebitda_multiple  modelo=industrial
[32m2026-04-19 14:25:59[0m | [32m[1mSUCCESS [0m | [36msrc.valuation.auto_dcf[0m — [RAIZ4] valuation concluído — EV/EBITDA Múltiplo | base=0 R$ mi
[32m2026-04-19 14:25:59[0m | [1mINFO    [0m | [36msrc.analysis.insight_engine[0m — [RAIZ4] 2 insights gerados
        RAIZ4  — Análise 2025        
┏━━━━━━━━━━━━━━━━━━━━━┳━━━━━━━━━━━━━┓
┃ Métrica             ┃       Valor ┃
┡━━━━━━━━━━━━━━━━━━━━━╇━━━━━━━━━━━━━┩
│ Margem EBITDA       │        7.7% │
│ Margem Líquida      │       -6.9% │
│ DL/EBITDA           │        4.9x │
│ ROE                 │      -40.2% │
│ ROIC                │       -1.7% │
│ FCF (R$ mi)         │ R$ 5,633 mi │
│ Capex/Receita       │        0.1% │
│ Crescimento Receita │       31.1% │
└─────────────────────┴─────────────┘

Risco: HIGH (2 alertas)
  • [RISCO] HIGH_LEVERAGE: DL/EBITDA elevada: 4.9x
  • [RISCO] LOW_EBITDA_MARGIN: Margem EBITDA abaixo do esperado p/ setor: 7.7% 
(mín. 20.0%)

Valuation:
=== Valuation RAIZ4  (base 2025) — EV/EBITDA Múltiplo ===
  base         R$          0.0 mi  (N/D)  → N/D
  optimistic   R$          0.0 mi  (N/D)  → N/D
  pessimistic  R$          0.0 mi  (N/D)  → N/D

Insights:
  [+] Crescimento de receita acelerado: Receita cresceu 31.1% — expansão 
relevante de volume/preço.
  [!] Alertas de risco (HIGH): 2 risco(s) identificados. Principais: DL/EBITDA 
elevada: 4.9x; Margem EBITDA abaixo do esperado p/ setor: 7.7% (mín. 20.0%).
[14:25:59]   ▶ analyze ENEV3
[32m2026-04-19 14:25:59[0m | [1mINFO    [0m | [36m__main__[0m — [ENEV3] iniciando análise completa...
[32m2026-04-19 14:26:00[0m | [1mINFO    [0m | [36msrc.analysis.metrics_engine[0m — [ENEV3] 2019: métricas calculadas [oil_gas]
[32m2026-04-19 14:26:00[0m | [1mINFO    [0m | [36msrc.analysis.metrics_engine[0m — [ENEV3] 2020: métricas calculadas [oil_gas]
[32m2026-04-19 14:26:00[0m | [1mINFO    [0m | [36msrc.analysis.metrics_engine[0m — [ENEV3] 2021: métricas calculadas [oil_gas]
[32m2026-04-19 14:26:00[0m | [1mINFO    [0m | [36msrc.analysis.metrics_engine[0m — [ENEV3] 2022: métricas calculadas [oil_gas]
[32m2026-04-19 14:26:00[0m | [1mINFO    [0m | [36msrc.analysis.metrics_engine[0m — [ENEV3] 2023: métricas calculadas [oil_gas]
[32m2026-04-19 14:26:00[0m | [1mINFO    [0m | [36msrc.analysis.metrics_engine[0m — [ENEV3] 2024: métricas calculadas [oil_gas]
[32m2026-04-19 14:26:00[0m | [1mINFO    [0m | [36msrc.analysis.metrics_engine[0m — [ENEV3] 2025: métricas calculadas [oil_gas]
[32m2026-04-19 14:26:00[0m | [32m[1mSUCCESS [0m | [36msrc.analysis.metrics_engine[0m — [ENEV3] 7 períodos calculados
[32m2026-04-19 14:26:00[0m | [1mINFO    [0m | [36msrc.analysis.risk_engine[0m — [ENEV3] risco: MEDIUM (1 alerta(s)) [oil_gas]
[32m2026-04-19 14:26:00[0m | [1mINFO    [0m | [36msrc.valuation.auto_dcf[0m — [ENEV3] setor=oil_gas  método=ev_ebitda_multiple  modelo=industrial
[32m2026-04-19 14:26:00[0m | [32m[1mSUCCESS [0m | [36msrc.valuation.auto_dcf[0m — [ENEV3] valuation concluído — EV/EBITDA Múltiplo | base=7,050 R$ mi
[32m2026-04-19 14:26:00[0m | [1mINFO    [0m | [36msrc.analysis.insight_engine[0m — [ENEV3] 1 insights gerados
        ENEV3  — Análise 2025        
┏━━━━━━━━━━━━━━━━━━━━━┳━━━━━━━━━━━━━┓
┃ Métrica             ┃       Valor ┃
┡━━━━━━━━━━━━━━━━━━━━━╇━━━━━━━━━━━━━┩
│ Margem EBITDA       │       35.3% │
│ Margem Líquida      │        6.3% │
│ DL/EBITDA           │        2.7x │
│ ROE                 │        5.8% │
│ ROIC                │        7.3% │
│ FCF (R$ mi)         │ R$ 5,136 mi │
│ Capex/Receita       │        0.0% │
│ Crescimento Receita │       61.7% │
└─────────────────────┴─────────────┘

Risco: MEDIUM (1 alertas)
  • [AVISO] HIGH_LEVERAGE: DL/EBITDA elevada: 2.7x

Valuation:
=== Valuation ENEV3  (base 2025) — EV/EBITDA Múltiplo ===
  base         R$      7,049.6 mi  (N/D)  → N/D
  optimistic   R$     13,733.4 mi  (N/D)  → N/D
  pessimistic  R$        365.9 mi  (N/D)  → N/D

Insights:
  [+] Crescimento de receita acelerado: Receita cresceu 61.7% — expansão 
relevante de volume/preço.
[14:26:00]   ▶ analyze CSAN3
[32m2026-04-19 14:26:00[0m | [1mINFO    [0m | [36m__main__[0m — [CSAN3] iniciando análise completa...
[32m2026-04-19 14:26:00[0m | [1mINFO    [0m | [36msrc.analysis.metrics_engine[0m — [CSAN3] 2019: métricas calculadas [holding]
[32m2026-04-19 14:26:00[0m | [1mINFO    [0m | [36msrc.analysis.metrics_engine[0m — [CSAN3] 2020: métricas calculadas [holding]
[32m2026-04-19 14:26:00[0m | [1mINFO    [0m | [36msrc.analysis.metrics_engine[0m — [CSAN3] 2021: métricas calculadas [holding]
[32m2026-04-19 14:26:00[0m | [1mINFO    [0m | [36msrc.analysis.metrics_engine[0m — [CSAN3] 2022: métricas calculadas [holding]
[32m2026-04-19 14:26:00[0m | [1mINFO    [0m | [36msrc.analysis.metrics_engine[0m — [CSAN3] 2023: métricas calculadas [holding]
[32m2026-04-19 14:26:00[0m | [1mINFO    [0m | [36msrc.analysis.metrics_engine[0m — [CSAN3] 2024: métricas calculadas [holding]
[32m2026-04-19 14:26:00[0m | [1mINFO    [0m | [36msrc.analysis.metrics_engine[0m — [CSAN3] 2025: métricas calculadas [holding]
[32m2026-04-19 14:26:00[0m | [32m[1mSUCCESS [0m | [36msrc.analysis.metrics_engine[0m — [CSAN3] 7 períodos calculados
[32m2026-04-19 14:26:00[0m | [1mINFO    [0m | [36msrc.analysis.risk_engine[0m — [CSAN3] risco: CRITICAL (2 alerta(s)) [holding]
[32m2026-04-19 14:26:00[0m | [1mINFO    [0m | [36msrc.valuation.auto_dcf[0m — [CSAN3] setor=holding  método=gordon_growth  modelo=industrial
[32m2026-04-19 14:26:00[0m | [32m[1mSUCCESS [0m | [36msrc.valuation.auto_dcf[0m — [CSAN3] valuation concluído — Gordon Growth Model (P/B Implícito) | base=0 R$ mi
[32m2026-04-19 14:26:00[0m | [1mINFO    [0m | [36msrc.analysis.insight_engine[0m — [CSAN3] 2 insights gerados
   CSAN3  — Análise 2025    
┏━━━━━━━━━━━━━━━━┳━━━━━━━━━┓
┃ Métrica        ┃   Valor ┃
┡━━━━━━━━━━━━━━━━╇━━━━━━━━━┩
│ ROE            │ -183.3% │
│ Margem Líquida │  -24.1% │
│ Dividend Yield │       — │
│ P/VP           │       — │
└────────────────┴─────────┘

Risco: CRITICAL (2 alertas)
  • [CRÍTICO] HIGH_LEVERAGE: DL/EBITDA elevada: 11.8x
  • [RISCO] MARGIN_COMPRESSION: Margem EBITDA caindo 3 anos: 41.5% → 9.1%

Valuation:
=== Valuation CSAN3  (base 2025) — Gordon Growth Model (P/B Implícito) ===
  base         R$          0.0 mi  (N/D)  → N/D
  optimistic   R$          0.0 mi  (N/D)  → N/D
  pessimistic  R$          0.0 mi  (N/D)  → N/D

Insights:
  [!] Contração de receita: Receita recuou -8.0% — investigar perda de volume vs
pressão de preço.
  [!] Alertas de risco (CRITICAL): 2 risco(s) identificados. Principais: 
DL/EBITDA elevada: 11.8x; Margem EBITDA caindo 3 anos: 41.5% → 9.1%.
[14:26:00]   ▶ analyze VALE3
[32m2026-04-19 14:26:00[0m | [1mINFO    [0m | [36m__main__[0m — [VALE3] iniciando análise completa...
[32m2026-04-19 14:26:01[0m | [1mINFO    [0m | [36msrc.analysis.metrics_engine[0m — [VALE3] 2019: métricas calculadas [mining]
[32m2026-04-19 14:26:01[0m | [1mINFO    [0m | [36msrc.analysis.metrics_engine[0m — [VALE3] 2020: métricas calculadas [mining]
[32m2026-04-19 14:26:01[0m | [1mINFO    [0m | [36msrc.analysis.metrics_engine[0m — [VALE3] 2021: métricas calculadas [mining]
[32m2026-04-19 14:26:01[0m | [1mINFO    [0m | [36msrc.analysis.metrics_engine[0m — [VALE3] 2022: métricas calculadas [mining]
[32m2026-04-19 14:26:01[0m | [1mINFO    [0m | [36msrc.analysis.metrics_engine[0m — [VALE3] 2023: métricas calculadas [mining]
[32m2026-04-19 14:26:01[0m | [1mINFO    [0m | [36msrc.analysis.metrics_engine[0m — [VALE3] 2024: métricas calculadas [mining]
[32m2026-04-19 14:26:01[0m | [1mINFO    [0m | [36msrc.analysis.metrics_engine[0m — [VALE3] 2025: métricas calculadas [mining]
[32m2026-04-19 14:26:01[0m | [32m[1mSUCCESS [0m | [36msrc.analysis.metrics_engine[0m — [VALE3] 7 períodos calculados
[32m2026-04-19 14:26:01[0m | [1mINFO    [0m | [36msrc.analysis.risk_engine[0m — [VALE3] risco: HIGH (3 alerta(s)) [mining]
[32m2026-04-19 14:26:01[0m | [1mINFO    [0m | [36msrc.valuation.auto_dcf[0m — [VALE3] setor=mining  método=ev_ebitda_multiple  modelo=industrial
[32m2026-04-19 14:26:01[0m | [32m[1mSUCCESS [0m | [36msrc.valuation.auto_dcf[0m — [VALE3] valuation concluído — EV/EBITDA Múltiplo | base=128,920 R$ mi
[32m2026-04-19 14:26:01[0m | [1mINFO    [0m | [36msrc.analysis.insight_engine[0m — [VALE3] 1 insights gerados
        VALE3  — Análise 2025         
┏━━━━━━━━━━━━━━━━━━━━━┳━━━━━━━━━━━━━━┓
┃ Métrica             ┃        Valor ┃
┡━━━━━━━━━━━━━━━━━━━━━╇━━━━━━━━━━━━━━┩
│ Margem EBITDA       │        15.5% │
│ Margem Líquida      │         6.5% │
│ DL/EBITDA           │         1.9x │
│ ROE                 │         7.5% │
│ ROIC                │         9.4% │
│ FCF (R$ mi)         │ R$ 48,765 mi │
│ Crescimento Receita │         3.7% │
└─────────────────────┴──────────────┘

Risco: HIGH (3 alertas)
  • [RISCO] MARGIN_COMPRESSION: Margem EBITDA caindo 3 anos: 34.0% → 15.5%
  • [RISCO] LOW_EBITDA_MARGIN: Margem EBITDA abaixo do esperado p/ setor: 15.5% 
(mín. 25.0%)
  • [AVISO] FALLING_NET_INCOME: Lucro em queda por 2 anos consecutivos

Valuation:
=== Valuation VALE3  (base 2025) — EV/EBITDA Múltiplo ===
  base         R$    128,920.0 mi  (N/D)  → N/D
  optimistic   R$    186,464.2 mi  (N/D)  → N/D
  pessimistic  R$     71,375.8 mi  (N/D)  → N/D

Insights:
  [!] Alertas de risco (HIGH): 3 risco(s) identificados. Principais: Margem 
EBITDA caindo 3 anos: 34.0% → 15.5%; Margem EBITDA abaixo do esperado p/ setor: 
15.5% (mín. 25.0%).
[14:26:01]   ▶ analyze CMIN3
[32m2026-04-19 14:26:01[0m | [1mINFO    [0m | [36m__main__[0m — [CMIN3] iniciando análise completa...
[32m2026-04-19 14:26:01[0m | [1mINFO    [0m | [36msrc.analysis.metrics_engine[0m — [CMIN3] 2019: métricas calculadas [mining]
[32m2026-04-19 14:26:01[0m | [1mINFO    [0m | [36msrc.analysis.metrics_engine[0m — [CMIN3] 2020: métricas calculadas [mining]
[32m2026-04-19 14:26:01[0m | [1mINFO    [0m | [36msrc.analysis.metrics_engine[0m — [CMIN3] 2021: métricas calculadas [mining]
[32m2026-04-19 14:26:01[0m | [1mINFO    [0m | [36msrc.analysis.metrics_engine[0m — [CMIN3] 2022: métricas calculadas [mining]
[32m2026-04-19 14:26:01[0m | [1mINFO    [0m | [36msrc.analysis.metrics_engine[0m — [CMIN3] 2023: métricas calculadas [mining]
[32m2026-04-19 14:26:01[0m | [1mINFO    [0m | [36msrc.analysis.metrics_engine[0m — [CMIN3] 2024: métricas calculadas [mining]
[32m2026-04-19 14:26:01[0m | [1mINFO    [0m | [36msrc.analysis.metrics_engine[0m — [CMIN3] 2025: métricas calculadas [mining]
[32m2026-04-19 14:26:01[0m | [32m[1mSUCCESS [0m | [36msrc.analysis.metrics_engine[0m — [CMIN3] 7 períodos calculados
[32m2026-04-19 14:26:01[0m | [1mINFO    [0m | [36msrc.analysis.risk_engine[0m — [CMIN3] risco: HIGH (1 alerta(s)) [mining]
[32m2026-04-19 14:26:01[0m | [1mINFO    [0m | [36msrc.valuation.auto_dcf[0m — [CMIN3] setor=mining  método=ev_ebitda_multiple  modelo=industrial
[32m2026-04-19 14:26:01[0m | [32m[1mSUCCESS [0m | [36msrc.valuation.auto_dcf[0m — [CMIN3] valuation concluído — EV/EBITDA Múltiplo | base=29,752 R$ mi
[32m2026-04-19 14:26:01[0m | [1mINFO    [0m | [36msrc.analysis.insight_engine[0m — [CMIN3] 2 insights gerados
        CMIN3  — Análise 2025        
┏━━━━━━━━━━━━━━━━━━━━━┳━━━━━━━━━━━━━┓
┃ Métrica             ┃       Valor ┃
┡━━━━━━━━━━━━━━━━━━━━━╇━━━━━━━━━━━━━┩
│ Margem EBITDA       │       27.8% │
│ Margem Líquida      │        9.2% │
│ DL/EBITDA           │        0.1x │
│ ROE                 │       24.7% │
│ ROIC                │       52.3% │
│ FCF (R$ mi)         │ R$ 1,894 mi │
│ Crescimento Receita │        9.3% │
└─────────────────────┴─────────────┘

Risco: HIGH (1 alertas)
  • [RISCO] MARGIN_COMPRESSION: Margem EBITDA caindo 3 anos: 32.8% → 27.8%

Valuation:
=== Valuation CMIN3  (base 2025) — EV/EBITDA Múltiplo ===
  base         R$     29,752.3 mi  (N/D)  → N/D
  optimistic   R$     38,772.4 mi  (N/D)  → N/D
  pessimistic  R$     20,732.3 mi  (N/D)  → N/D

Insights:
  [+] Rentabilidade excepcional: ROIC=52.3%, ROE=24.7% — empresa de alta 
qualidade com retorno bem acima do custo de capital.
  [!] Alertas de risco (HIGH): 1 risco(s) identificados. Principais: Margem 
EBITDA caindo 3 anos: 32.8% → 27.8%.
[14:26:02]   ▶ analyze GGBR4
[32m2026-04-19 14:26:02[0m | [1mINFO    [0m | [36m__main__[0m — [GGBR4] iniciando análise completa...
[32m2026-04-19 14:26:02[0m | [1mINFO    [0m | [36msrc.analysis.metrics_engine[0m — [GGBR4] 2019: métricas calculadas [industrial]
[32m2026-04-19 14:26:02[0m | [1mINFO    [0m | [36msrc.analysis.metrics_engine[0m — [GGBR4] 2020: métricas calculadas [industrial]
[32m2026-04-19 14:26:02[0m | [1mINFO    [0m | [36msrc.analysis.metrics_engine[0m — [GGBR4] 2021: métricas calculadas [industrial]
[32m2026-04-19 14:26:02[0m | [1mINFO    [0m | [36msrc.analysis.metrics_engine[0m — [GGBR4] 2022: métricas calculadas [industrial]
[32m2026-04-19 14:26:02[0m | [1mINFO    [0m | [36msrc.analysis.metrics_engine[0m — [GGBR4] 2023: métricas calculadas [industrial]
[32m2026-04-19 14:26:02[0m | [1mINFO    [0m | [36msrc.analysis.metrics_engine[0m — [GGBR4] 2024: métricas calculadas [industrial]
[32m2026-04-19 14:26:02[0m | [1mINFO    [0m | [36msrc.analysis.metrics_engine[0m — [GGBR4] 2025: métricas calculadas [industrial]
[32m2026-04-19 14:26:02[0m | [32m[1mSUCCESS [0m | [36msrc.analysis.metrics_engine[0m — [GGBR4] 7 períodos calculados
[32m2026-04-19 14:26:02[0m | [1mINFO    [0m | [36msrc.analysis.risk_engine[0m — [GGBR4] risco: HIGH (2 alerta(s)) [industrial]
[32m2026-04-19 14:26:02[0m | [1mINFO    [0m | [36msrc.valuation.auto_dcf[0m — [GGBR4] setor=industrial  método=dcf_fcff  modelo=industrial
[32m2026-04-19 14:26:02[0m | [32m[1mSUCCESS [0m | [36msrc.valuation.auto_dcf[0m — [GGBR4] valuation concluído — DCF FCFF | base=0 R$ mi
[32m2026-04-19 14:26:02[0m | [1mINFO    [0m | [36msrc.analysis.insight_engine[0m — [GGBR4] 1 insights gerados
        GGBR4  — Análise 2025        
┏━━━━━━━━━━━━━━━━━━━━━┳━━━━━━━━━━━━━┓
┃ Métrica             ┃       Valor ┃
┡━━━━━━━━━━━━━━━━━━━━━╇━━━━━━━━━━━━━┩
│ ROE                 │        2.6% │
│ ROIC                │        4.4% │
│ Margem EBITDA       │       10.6% │
│ Margem Líquida      │        2.0% │
│ DL/EBITDA           │        1.1x │
│ FCF (R$ mi)         │ R$ 7,918 mi │
│ Conversão de FCF    │      570.8% │
│ Crescimento Receita │        4.2% │
│ Capex/Receita       │        0.1% │
└─────────────────────┴─────────────┘

Risco: HIGH (2 alertas)
  • [RISCO] MARGIN_COMPRESSION: Margem EBITDA caindo 3 anos: 19.6% → 10.6%
  • [AVISO] FALLING_NET_INCOME: Lucro em queda por 2 anos consecutivos

Valuation:
=== Valuation GGBR4  (base 2025) — DCF FCFF ===
  base         R$          0.0 mi  (N/D)  → N/D
  optimistic   R$          0.0 mi  (N/D)  → N/D
  pessimistic  R$          0.0 mi  (N/D)  → N/D

Insights:
  [!] Alertas de risco (HIGH): 2 risco(s) identificados. Principais: Margem 
EBITDA caindo 3 anos: 19.6% → 10.6%.
[14:26:02]   ▶ analyze GOAU4
[32m2026-04-19 14:26:02[0m | [1mINFO    [0m | [36m__main__[0m — [GOAU4] iniciando análise completa...
[32m2026-04-19 14:26:03[0m | [1mINFO    [0m | [36msrc.analysis.metrics_engine[0m — [GOAU4] 2019: métricas calculadas [holding]
[32m2026-04-19 14:26:03[0m | [1mINFO    [0m | [36msrc.analysis.metrics_engine[0m — [GOAU4] 2020: métricas calculadas [holding]
[32m2026-04-19 14:26:03[0m | [1mINFO    [0m | [36msrc.analysis.metrics_engine[0m — [GOAU4] 2021: métricas calculadas [holding]
[32m2026-04-19 14:26:03[0m | [1mINFO    [0m | [36msrc.analysis.metrics_engine[0m — [GOAU4] 2022: métricas calculadas [holding]
[32m2026-04-19 14:26:03[0m | [1mINFO    [0m | [36msrc.analysis.metrics_engine[0m — [GOAU4] 2023: métricas calculadas [holding]
[32m2026-04-19 14:26:03[0m | [1mINFO    [0m | [36msrc.analysis.metrics_engine[0m — [GOAU4] 2024: métricas calculadas [holding]
[32m2026-04-19 14:26:03[0m | [1mINFO    [0m | [36msrc.analysis.metrics_engine[0m — [GOAU4] 2025: métricas calculadas [holding]
[32m2026-04-19 14:26:03[0m | [32m[1mSUCCESS [0m | [36msrc.analysis.metrics_engine[0m — [GOAU4] 7 períodos calculados
[32m2026-04-19 14:26:03[0m | [1mINFO    [0m | [36msrc.analysis.risk_engine[0m — [GOAU4] risco: HIGH (2 alerta(s)) [holding]
[32m2026-04-19 14:26:03[0m | [1mINFO    [0m | [36msrc.valuation.auto_dcf[0m — [GOAU4] setor=holding  método=gordon_growth  modelo=industrial
[32m2026-04-19 14:26:03[0m | [32m[1mSUCCESS [0m | [36msrc.valuation.auto_dcf[0m — [GOAU4] valuation concluído — Gordon Growth Model (P/B Implícito) | base=0 R$ mi
[32m2026-04-19 14:26:03[0m | [1mINFO    [0m | [36msrc.analysis.insight_engine[0m — [GOAU4] 1 insights gerados
  GOAU4  — Análise 2025   
┏━━━━━━━━━━━━━━━━┳━━━━━━━┓
┃ Métrica        ┃ Valor ┃
┡━━━━━━━━━━━━━━━━╇━━━━━━━┩
│ ROE            │  2.5% │
│ Margem Líquida │  0.7% │
│ Dividend Yield │     — │
│ P/VP           │     — │
└────────────────┴───────┘

Risco: HIGH (2 alertas)
  • [RISCO] MARGIN_COMPRESSION: Margem EBITDA caindo 3 anos: 19.5% → 10.6%
  • [AVISO] FALLING_NET_INCOME: Lucro em queda por 2 anos consecutivos

Valuation:
=== Valuation GOAU4  (base 2025) — Gordon Growth Model (P/B Implícito) ===
  base         R$          0.0 mi  (N/D)  → N/D
  optimistic   R$          0.0 mi  (N/D)  → N/D
  pessimistic  R$          0.0 mi  (N/D)  → N/D

Insights:
  [!] Alertas de risco (HIGH): 2 risco(s) identificados. Principais: Margem 
EBITDA caindo 3 anos: 19.5% → 10.6%.
[14:26:03]   ▶ analyze CSNA3
[32m2026-04-19 14:26:03[0m | [1mINFO    [0m | [36m__main__[0m — [CSNA3] iniciando análise completa...
[32m2026-04-19 14:26:03[0m | [1mINFO    [0m | [36msrc.analysis.metrics_engine[0m — [CSNA3] 2019: métricas calculadas [industrial]
[32m2026-04-19 14:26:03[0m | [1mINFO    [0m | [36msrc.analysis.metrics_engine[0m — [CSNA3] 2020: métricas calculadas [industrial]
[32m2026-04-19 14:26:03[0m | [1mINFO    [0m | [36msrc.analysis.metrics_engine[0m — [CSNA3] 2021: métricas calculadas [industrial]
[32m2026-04-19 14:26:03[0m | [1mINFO    [0m | [36msrc.analysis.metrics_engine[0m — [CSNA3] 2022: métricas calculadas [industrial]
[32m2026-04-19 14:26:03[0m | [1mINFO    [0m | [36msrc.analysis.metrics_engine[0m — [CSNA3] 2023: métricas calculadas [industrial]
[32m2026-04-19 14:26:03[0m | [1mINFO    [0m | [36msrc.analysis.metrics_engine[0m — [CSNA3] 2024: métricas calculadas [industrial]
[32m2026-04-19 14:26:03[0m | [1mINFO    [0m | [36msrc.analysis.metrics_engine[0m — [CSNA3] 2025: métricas calculadas [industrial]
[32m2026-04-19 14:26:03[0m | [32m[1mSUCCESS [0m | [36msrc.analysis.metrics_engine[0m — [CSNA3] 7 períodos calculados
[32m2026-04-19 14:26:03[0m | [1mINFO    [0m | [36msrc.analysis.risk_engine[0m — [CSNA3] risco: CRITICAL (3 alerta(s)) [industrial]
[32m2026-04-19 14:26:03[0m | [1mINFO    [0m | [36msrc.valuation.auto_dcf[0m — [CSNA3] setor=industrial  método=dcf_fcff  modelo=industrial
[32m2026-04-19 14:26:03[0m | [32m[1mSUCCESS [0m | [36msrc.valuation.auto_dcf[0m — [CSNA3] valuation concluído — DCF FCFF | base=0 R$ mi
[32m2026-04-19 14:26:03[0m | [1mINFO    [0m | [36msrc.analysis.insight_engine[0m — [CSNA3] 1 insights gerados
        CSNA3  — Análise 2025         
┏━━━━━━━━━━━━━━━━━━━━━┳━━━━━━━━━━━━━━┓
┃ Métrica             ┃        Valor ┃
┡━━━━━━━━━━━━━━━━━━━━━╇━━━━━━━━━━━━━━┩
│ ROE                 │       -15.6% │
│ ROIC                │         6.8% │
│ Margem EBITDA       │        11.9% │
│ Margem Líquida      │        -4.5% │
│ DL/EBITDA           │         7.2x │
│ FCF (R$ mi)         │ R$ -6,909 mi │
│ Conversão de FCF    │       345.0% │
│ Crescimento Receita │         2.5% │
│ Capex/Receita       │        13.3% │
└─────────────────────┴──────────────┘

Risco: CRITICAL (3 alertas)
  • [CRÍTICO] HIGH_LEVERAGE: DL/EBITDA elevada: 7.2x
  • [RISCO] MARGIN_COMPRESSION: Margem EBITDA caindo 3 anos: 13.0% → 11.9%
  • [AVISO] NEGATIVE_FCF: FCF negativo: R$ -6,909,076 mil

Valuation:
=== Valuation CSNA3  (base 2025) — DCF FCFF ===
  base         R$          0.0 mi  (N/D)  → N/D
  optimistic   R$     10,639.8 mi  (N/D)  → N/D
  pessimistic  R$          0.0 mi  (N/D)  → N/D

Insights:
  [!] Alertas de risco (CRITICAL): 3 risco(s) identificados. Principais: 
DL/EBITDA elevada: 7.2x; Margem EBITDA caindo 3 anos: 13.0% → 11.9%.
[14:26:03]   ▶ analyze USIM5
[32m2026-04-19 14:26:04[0m | [1mINFO    [0m | [36m__main__[0m — [USIM5] iniciando análise completa...
[32m2026-04-19 14:26:04[0m | [1mINFO    [0m | [36msrc.analysis.metrics_engine[0m — [USIM5] 2019: métricas calculadas [industrial]
[32m2026-04-19 14:26:04[0m | [1mINFO    [0m | [36msrc.analysis.metrics_engine[0m — [USIM5] 2020: métricas calculadas [industrial]
[32m2026-04-19 14:26:04[0m | [1mINFO    [0m | [36msrc.analysis.metrics_engine[0m — [USIM5] 2021: métricas calculadas [industrial]
[32m2026-04-19 14:26:04[0m | [1mINFO    [0m | [36msrc.analysis.metrics_engine[0m — [USIM5] 2022: métricas calculadas [industrial]
[32m2026-04-19 14:26:04[0m | [1mINFO    [0m | [36msrc.analysis.metrics_engine[0m — [USIM5] 2023: métricas calculadas [industrial]
[32m2026-04-19 14:26:04[0m | [1mINFO    [0m | [36msrc.analysis.metrics_engine[0m — [USIM5] 2024: métricas calculadas [industrial]
[32m2026-04-19 14:26:04[0m | [1mINFO    [0m | [36msrc.analysis.metrics_engine[0m — [USIM5] 2025: métricas calculadas [industrial]
[32m2026-04-19 14:26:04[0m | [32m[1mSUCCESS [0m | [36msrc.analysis.metrics_engine[0m — [USIM5] 7 períodos calculados
[32m2026-04-19 14:26:04[0m | [1mINFO    [0m | [36msrc.analysis.risk_engine[0m — [USIM5] risco: LOW (0 alerta(s)) [industrial]
[32m2026-04-19 14:26:04[0m | [1mINFO    [0m | [36msrc.valuation.auto_dcf[0m — [USIM5] setor=industrial  método=dcf_fcff  modelo=industrial
[32m2026-04-19 14:26:04[0m | [32m[1mSUCCESS [0m | [36msrc.valuation.auto_dcf[0m — [USIM5] valuation concluído — DCF FCFF | base=0 R$ mi
[32m2026-04-19 14:26:04[0m | [1mINFO    [0m | [36msrc.analysis.insight_engine[0m — [USIM5] 0 insights gerados
        USIM5  — Análise 2025        
┏━━━━━━━━━━━━━━━━━━━━━┳━━━━━━━━━━━━━┓
┃ Métrica             ┃       Valor ┃
┡━━━━━━━━━━━━━━━━━━━━━╇━━━━━━━━━━━━━┩
│ ROE                 │      -14.8% │
│ ROIC                │       -4.5% │
│ Margem EBITDA       │       -4.1% │
│ Margem Líquida      │      -11.7% │
│ DL/EBITDA           │           — │
│ FCF (R$ mi)         │ R$ 2,179 mi │
│ Conversão de FCF    │      -70.8% │
│ Crescimento Receita │        1.5% │
│ Capex/Receita       │        0.0% │
└─────────────────────┴─────────────┘

Risco: LOW (0 alertas)

Valuation:
=== Valuation USIM5  (base 2025) — DCF FCFF ===
  base         R$          0.0 mi  (N/D)  → N/D
  optimistic   R$          0.0 mi  (N/D)  → N/D
  pessimistic  R$          0.0 mi  (N/D)  → N/D
[14:26:04]   ▶ analyze BRKM5
[32m2026-04-19 14:26:04[0m | [1mINFO    [0m | [36m__main__[0m — [BRKM5] iniciando análise completa...
[32m2026-04-19 14:26:05[0m | [1mINFO    [0m | [36msrc.analysis.metrics_engine[0m — [BRKM5] 2019: métricas calculadas [industrial]
[32m2026-04-19 14:26:05[0m | [1mINFO    [0m | [36msrc.analysis.metrics_engine[0m — [BRKM5] 2020: métricas calculadas [industrial]
[32m2026-04-19 14:26:05[0m | [1mINFO    [0m | [36msrc.analysis.metrics_engine[0m — [BRKM5] 2021: métricas calculadas [industrial]
[32m2026-04-19 14:26:05[0m | [1mINFO    [0m | [36msrc.analysis.metrics_engine[0m — [BRKM5] 2022: métricas calculadas [industrial]
[32m2026-04-19 14:26:05[0m | [1mINFO    [0m | [36msrc.analysis.metrics_engine[0m — [BRKM5] 2023: métricas calculadas [industrial]
[32m2026-04-19 14:26:05[0m | [1mINFO    [0m | [36msrc.analysis.metrics_engine[0m — [BRKM5] 2024: métricas calculadas [industrial]
[32m2026-04-19 14:26:05[0m | [1mINFO    [0m | [36msrc.analysis.metrics_engine[0m — [BRKM5] 2025: métricas calculadas [industrial]
[32m2026-04-19 14:26:05[0m | [32m[1mSUCCESS [0m | [36msrc.analysis.metrics_engine[0m — [BRKM5] 7 períodos calculados
[32m2026-04-19 14:26:05[0m | [1mINFO    [0m | [36msrc.analysis.risk_engine[0m — [BRKM5] risco: CRITICAL (2 alerta(s)) [industrial]
[32m2026-04-19 14:26:05[0m | [1mINFO    [0m | [36msrc.valuation.auto_dcf[0m — [BRKM5] setor=industrial  método=dcf_fcff  modelo=industrial
[32m2026-04-19 14:26:05[0m | [32m[1mSUCCESS [0m | [36msrc.valuation.auto_dcf[0m — [BRKM5] valuation concluído — DCF FCFF | base=0 R$ mi
[32m2026-04-19 14:26:05[0m | [1mINFO    [0m | [36msrc.analysis.insight_engine[0m — [BRKM5] 2 insights gerados
        BRKM5  — Análise 2025         
┏━━━━━━━━━━━━━━━━━━━━━┳━━━━━━━━━━━━━━┓
┃ Métrica             ┃        Valor ┃
┡━━━━━━━━━━━━━━━━━━━━━╇━━━━━━━━━━━━━━┩
│ ROE                 │            — │
│ ROIC                │        -5.2% │
│ Margem EBITDA       │         4.1% │
│ Margem Líquida      │       -14.0% │
│ DL/EBITDA           │        14.4x │
│ FCF (R$ mi)         │ R$ -4,200 mi │
│ Conversão de FCF    │        42.5% │
│ Crescimento Receita │        -8.6% │
│ Capex/Receita       │         0.0% │
└─────────────────────┴──────────────┘

Risco: CRITICAL (2 alertas)
  • [CRÍTICO] HIGH_LEVERAGE: DL/EBITDA elevada: 14.4x
  • [AVISO] NEGATIVE_FCF: FCF negativo: R$ -4,200,000 mil

Valuation:
=== Valuation BRKM5  (base 2025) — DCF FCFF ===
  base         R$          0.0 mi  (N/D)  → N/D
  optimistic   R$          0.0 mi  (N/D)  → N/D
  pessimistic  R$          0.0 mi  (N/D)  → N/D

Insights:
  [!] Contração de receita: Receita recuou -8.6% — investigar perda de volume vs
pressão de preço.
  [!] Alertas de risco (CRITICAL): 2 risco(s) identificados. Principais: 
DL/EBITDA elevada: 14.4x.
[14:26:05]   ▶ analyze ELET3
[32m2026-04-19 14:26:05[0m | [1mINFO    [0m | [36m__main__[0m — [ELET3] iniciando análise completa...
[32m2026-04-19 14:26:05[0m | [33m[1mWARNING [0m | [36msrc.analysis.metrics_engine[0m — [ELET3] sem dados processados — execute 'process' primeiro
[32m2026-04-19 14:26:05[0m | [33m[1mWARNING [0m | [36m__main__[0m — [ELET3] sem dados — execute 'process' primeiro
[14:26:05]   ▶ analyze CMIG4
[32m2026-04-19 14:26:05[0m | [1mINFO    [0m | [36m__main__[0m — [CMIG4] iniciando análise completa...
[32m2026-04-19 14:26:06[0m | [1mINFO    [0m | [36msrc.analysis.metrics_engine[0m — [CMIG4] 2019: métricas calculadas [utilities]
[32m2026-04-19 14:26:06[0m | [1mINFO    [0m | [36msrc.analysis.metrics_engine[0m — [CMIG4] 2020: métricas calculadas [utilities]
[32m2026-04-19 14:26:06[0m | [1mINFO    [0m | [36msrc.analysis.metrics_engine[0m — [CMIG4] 2021: métricas calculadas [utilities]
[32m2026-04-19 14:26:06[0m | [1mINFO    [0m | [36msrc.analysis.metrics_engine[0m — [CMIG4] 2022: métricas calculadas [utilities]
[32m2026-04-19 14:26:06[0m | [1mINFO    [0m | [36msrc.analysis.metrics_engine[0m — [CMIG4] 2023: métricas calculadas [utilities]
[32m2026-04-19 14:26:06[0m | [1mINFO    [0m | [36msrc.analysis.metrics_engine[0m — [CMIG4] 2024: métricas calculadas [utilities]
[32m2026-04-19 14:26:06[0m | [1mINFO    [0m | [36msrc.analysis.metrics_engine[0m — [CMIG4] 2025: métricas calculadas [utilities]
[32m2026-04-19 14:26:06[0m | [32m[1mSUCCESS [0m | [36msrc.analysis.metrics_engine[0m — [CMIG4] 7 períodos calculados
[32m2026-04-19 14:26:06[0m | [1mINFO    [0m | [36msrc.analysis.risk_engine[0m — [CMIG4] risco: LOW (0 alerta(s)) [utilities]
[32m2026-04-19 14:26:06[0m | [1mINFO    [0m | [36msrc.valuation.auto_dcf[0m — [CMIG4] setor=utilities  método=ddm  modelo=industrial
[32m2026-04-19 14:26:06[0m | [32m[1mSUCCESS [0m | [36msrc.valuation.auto_dcf[0m — [CMIG4] valuation concluído — DDM — Gordon Growth | base=0 R$ mi
[32m2026-04-19 14:26:06[0m | [1mINFO    [0m | [36msrc.analysis.insight_engine[0m — [CMIG4] 0 insights gerados
     CMIG4  — Análise 2025      
┏━━━━━━━━━━━━━━━━┳━━━━━━━━━━━━━┓
┃ Métrica        ┃       Valor ┃
┡━━━━━━━━━━━━━━━━╇━━━━━━━━━━━━━┩
│ ROE            │       17.1% │
│ Margem EBITDA  │       19.4% │
│ Margem Líquida │       11.5% │
│ DL/EBITDA      │        2.1x │
│ Dividend Yield │           — │
│ FCF (R$ mi)    │ R$ 3,377 mi │
│ Capex/Receita  │        1.6% │
└────────────────┴─────────────┘

Risco: LOW (0 alertas)

Valuation:
=== Valuation CMIG4  (base 2025) — DDM — Gordon Growth ===
  base         R$          0.0 mi  (N/D)  → N/D
  optimistic   R$          0.0 mi  (N/D)  → N/D
  pessimistic  R$          0.0 mi  (N/D)  → N/D
[14:26:06]   ▶ analyze CPFE3
[32m2026-04-19 14:26:06[0m | [1mINFO    [0m | [36m__main__[0m — [CPFE3] iniciando análise completa...
[32m2026-04-19 14:26:06[0m | [1mINFO    [0m | [36msrc.analysis.metrics_engine[0m — [CPFE3] 2019: métricas calculadas [utilities]
[32m2026-04-19 14:26:06[0m | [1mINFO    [0m | [36msrc.analysis.metrics_engine[0m — [CPFE3] 2020: métricas calculadas [utilities]
[32m2026-04-19 14:26:06[0m | [1mINFO    [0m | [36msrc.analysis.metrics_engine[0m — [CPFE3] 2021: métricas calculadas [utilities]
[32m2026-04-19 14:26:06[0m | [1mINFO    [0m | [36msrc.analysis.metrics_engine[0m — [CPFE3] 2022: métricas calculadas [utilities]
[32m2026-04-19 14:26:06[0m | [1mINFO    [0m | [36msrc.analysis.metrics_engine[0m — [CPFE3] 2023: métricas calculadas [utilities]
[32m2026-04-19 14:26:06[0m | [1mINFO    [0m | [36msrc.analysis.metrics_engine[0m — [CPFE3] 2024: métricas calculadas [utilities]
[32m2026-04-19 14:26:06[0m | [1mINFO    [0m | [36msrc.analysis.metrics_engine[0m — [CPFE3] 2025: métricas calculadas [utilities]
[32m2026-04-19 14:26:06[0m | [32m[1mSUCCESS [0m | [36msrc.analysis.metrics_engine[0m — [CPFE3] 7 períodos calculados
[32m2026-04-19 14:26:06[0m | [1mINFO    [0m | [36msrc.analysis.risk_engine[0m — [CPFE3] risco: HIGH (1 alerta(s)) [utilities]
[32m2026-04-19 14:26:06[0m | [1mINFO    [0m | [36msrc.valuation.auto_dcf[0m — [CPFE3] setor=utilities  método=ddm  modelo=industrial
[32m2026-04-19 14:26:06[0m | [32m[1mSUCCESS [0m | [36msrc.valuation.auto_dcf[0m — [CPFE3] valuation concluído — DDM — Gordon Growth | base=0 R$ mi
[32m2026-04-19 14:26:06[0m | [1mINFO    [0m | [36msrc.analysis.insight_engine[0m — [CPFE3] 1 insights gerados
     CPFE3  — Análise 2025      
┏━━━━━━━━━━━━━━━━┳━━━━━━━━━━━━━┓
┃ Métrica        ┃       Valor ┃
┡━━━━━━━━━━━━━━━━╇━━━━━━━━━━━━━┩
│ ROE            │       24.4% │
│ Margem EBITDA  │       30.3% │
│ Margem Líquida │       12.4% │
│ DL/EBITDA      │        2.0x │
│ Dividend Yield │           — │
│ FCF (R$ mi)    │ R$ 6,793 mi │
│ Capex/Receita  │        0.8% │
└────────────────┴─────────────┘

Risco: HIGH (1 alertas)
  • [RISCO] MARGIN_COMPRESSION: Margem EBITDA caindo 3 anos: 32.3% → 30.3%

Valuation:
=== Valuation CPFE3  (base 2025) — DDM — Gordon Growth ===
  base         R$          0.0 mi  (N/D)  → N/D
  optimistic   R$          0.0 mi  (N/D)  → N/D
  pessimistic  R$          0.0 mi  (N/D)  → N/D

Insights:
  [!] Alertas de risco (HIGH): 1 risco(s) identificados. Principais: Margem 
EBITDA caindo 3 anos: 32.3% → 30.3%.
[14:26:06]   ▶ analyze CPLE6
[32m2026-04-19 14:26:06[0m | [1mINFO    [0m | [36m__main__[0m — [CPLE6] iniciando análise completa...
[32m2026-04-19 14:26:07[0m | [1mINFO    [0m | [36msrc.analysis.metrics_engine[0m — [CPLE6] 2019: métricas calculadas [utilities]
[32m2026-04-19 14:26:07[0m | [1mINFO    [0m | [36msrc.analysis.metrics_engine[0m — [CPLE6] 2020: métricas calculadas [utilities]
[32m2026-04-19 14:26:07[0m | [1mINFO    [0m | [36msrc.analysis.metrics_engine[0m — [CPLE6] 2021: métricas calculadas [utilities]
[32m2026-04-19 14:26:07[0m | [1mINFO    [0m | [36msrc.analysis.metrics_engine[0m — [CPLE6] 2022: métricas calculadas [utilities]
[32m2026-04-19 14:26:07[0m | [1mINFO    [0m | [36msrc.analysis.metrics_engine[0m — [CPLE6] 2023: métricas calculadas [utilities]
[32m2026-04-19 14:26:07[0m | [1mINFO    [0m | [36msrc.analysis.metrics_engine[0m — [CPLE6] 2024: métricas calculadas [utilities]
[32m2026-04-19 14:26:07[0m | [1mINFO    [0m | [36msrc.analysis.metrics_engine[0m — [CPLE6] 2025: métricas calculadas [utilities]
[32m2026-04-19 14:26:07[0m | [32m[1mSUCCESS [0m | [36msrc.analysis.metrics_engine[0m — [CPLE6] 7 períodos calculados
[32m2026-04-19 14:26:07[0m | [1mINFO    [0m | [36msrc.analysis.risk_engine[0m — [CPLE6] risco: LOW (0 alerta(s)) [utilities]
[32m2026-04-19 14:26:07[0m | [1mINFO    [0m | [36msrc.valuation.auto_dcf[0m — [CPLE6] setor=utilities  método=ddm  modelo=industrial
[32m2026-04-19 14:26:07[0m | [32m[1mSUCCESS [0m | [36msrc.valuation.auto_dcf[0m — [CPLE6] valuation concluído — DDM — Gordon Growth | base=0 R$ mi
[32m2026-04-19 14:26:07[0m | [1mINFO    [0m | [36msrc.analysis.insight_engine[0m — [CPLE6] 1 insights gerados
     CPLE6  — Análise 2025      
┏━━━━━━━━━━━━━━━━┳━━━━━━━━━━━━━┓
┃ Métrica        ┃       Valor ┃
┡━━━━━━━━━━━━━━━━╇━━━━━━━━━━━━━┩
│ ROE            │       11.6% │
│ Margem EBITDA  │       29.5% │
│ Margem Líquida │       10.3% │
│ DL/EBITDA      │        2.2x │
│ Dividend Yield │           — │
│ FCF (R$ mi)    │ R$ 3,028 mi │
│ Capex/Receita  │        0.0% │
└────────────────┴─────────────┘

Risco: LOW (0 alertas)

Valuation:
=== Valuation CPLE6  (base 2025) — DDM — Gordon Growth ===
  base         R$          0.0 mi  (N/D)  → N/D
  optimistic   R$          0.0 mi  (N/D)  → N/D
  pessimistic  R$          0.0 mi  (N/D)  → N/D

Insights:
  [+] Crescimento de receita acelerado: Receita cresceu 15.3% — expansão 
relevante de volume/preço.
[14:26:07]   ▶ analyze EGIE3
[32m2026-04-19 14:26:07[0m | [1mINFO    [0m | [36m__main__[0m — [EGIE3] iniciando análise completa...
[32m2026-04-19 14:26:07[0m | [1mINFO    [0m | [36msrc.analysis.metrics_engine[0m — [EGIE3] 2019: métricas calculadas [utilities]
[32m2026-04-19 14:26:07[0m | [1mINFO    [0m | [36msrc.analysis.metrics_engine[0m — [EGIE3] 2020: métricas calculadas [utilities]
[32m2026-04-19 14:26:07[0m | [1mINFO    [0m | [36msrc.analysis.metrics_engine[0m — [EGIE3] 2021: métricas calculadas [utilities]
[32m2026-04-19 14:26:07[0m | [1mINFO    [0m | [36msrc.analysis.metrics_engine[0m — [EGIE3] 2022: métricas calculadas [utilities]
[32m2026-04-19 14:26:07[0m | [1mINFO    [0m | [36msrc.analysis.metrics_engine[0m — [EGIE3] 2023: métricas calculadas [utilities]
[32m2026-04-19 14:26:07[0m | [1mINFO    [0m | [36msrc.analysis.metrics_engine[0m — [EGIE3] 2024: métricas calculadas [utilities]
[32m2026-04-19 14:26:07[0m | [1mINFO    [0m | [36msrc.analysis.metrics_engine[0m — [EGIE3] 2025: métricas calculadas [utilities]
[32m2026-04-19 14:26:07[0m | [32m[1mSUCCESS [0m | [36msrc.analysis.metrics_engine[0m — [EGIE3] 7 períodos calculados
[32m2026-04-19 14:26:07[0m | [1mINFO    [0m | [36msrc.analysis.risk_engine[0m — [EGIE3] risco: MEDIUM (1 alerta(s)) [utilities]
[32m2026-04-19 14:26:07[0m | [1mINFO    [0m | [36msrc.valuation.auto_dcf[0m — [EGIE3] setor=utilities  método=ddm  modelo=industrial
[32m2026-04-19 14:26:07[0m | [32m[1mSUCCESS [0m | [36msrc.valuation.auto_dcf[0m — [EGIE3] valuation concluído — DDM — Gordon Growth | base=0 R$ mi
[32m2026-04-19 14:26:07[0m | [1mINFO    [0m | [36msrc.analysis.insight_engine[0m — [EGIE3] 0 insights gerados
     EGIE3  — Análise 2025      
┏━━━━━━━━━━━━━━━━┳━━━━━━━━━━━━━┓
┃ Métrica        ┃       Valor ┃
┡━━━━━━━━━━━━━━━━╇━━━━━━━━━━━━━┩
│ ROE            │       20.2% │
│ Margem EBITDA  │       54.1% │
│ Margem Líquida │       20.1% │
│ DL/EBITDA      │        3.6x │
│ Dividend Yield │           — │
│ FCF (R$ mi)    │ R$ 3,346 mi │
│ Capex/Receita  │        0.0% │
└────────────────┴─────────────┘

Risco: MEDIUM (1 alertas)
  • [AVISO] HIGH_LEVERAGE: DL/EBITDA elevada: 3.6x

Valuation:
=== Valuation EGIE3  (base 2025) — DDM — Gordon Growth ===
  base         R$          0.0 mi  (N/D)  → N/D
  optimistic   R$          0.0 mi  (N/D)  → N/D
  pessimistic  R$          0.0 mi  (N/D)  → N/D
[14:26:07]   ▶ analyze ENGI11
[32m2026-04-19 14:26:08[0m | [1mINFO    [0m | [36m__main__[0m — [ENGI11] iniciando análise completa...
[32m2026-04-19 14:26:08[0m | [1mINFO    [0m | [36msrc.analysis.metrics_engine[0m — [ENGI11] 2019: métricas calculadas [utilities]
[32m2026-04-19 14:26:08[0m | [1mINFO    [0m | [36msrc.analysis.metrics_engine[0m — [ENGI11] 2020: métricas calculadas [utilities]
[32m2026-04-19 14:26:08[0m | [1mINFO    [0m | [36msrc.analysis.metrics_engine[0m — [ENGI11] 2021: métricas calculadas [utilities]
[32m2026-04-19 14:26:08[0m | [1mINFO    [0m | [36msrc.analysis.metrics_engine[0m — [ENGI11] 2022: métricas calculadas [utilities]
[32m2026-04-19 14:26:08[0m | [1mINFO    [0m | [36msrc.analysis.metrics_engine[0m — [ENGI11] 2023: métricas calculadas [utilities]
[32m2026-04-19 14:26:08[0m | [1mINFO    [0m | [36msrc.analysis.metrics_engine[0m — [ENGI11] 2024: métricas calculadas [utilities]
[32m2026-04-19 14:26:08[0m | [1mINFO    [0m | [36msrc.analysis.metrics_engine[0m — [ENGI11] 2025: métricas calculadas [utilities]
[32m2026-04-19 14:26:08[0m | [32m[1mSUCCESS [0m | [36msrc.analysis.metrics_engine[0m — [ENGI11] 7 períodos calculados
[32m2026-04-19 14:26:08[0m | [1mINFO    [0m | [36msrc.analysis.risk_engine[0m — [ENGI11] risco: LOW (0 alerta(s)) [utilities]
[32m2026-04-19 14:26:08[0m | [1mINFO    [0m | [36msrc.valuation.auto_dcf[0m — [ENGI11] setor=utilities  método=ddm  modelo=industrial
[32m2026-04-19 14:26:08[0m | [32m[1mSUCCESS [0m | [36msrc.valuation.auto_dcf[0m — [ENGI11] valuation concluído — DDM — Gordon Growth | base=0 R$ mi
[32m2026-04-19 14:26:08[0m | [1mINFO    [0m | [36msrc.analysis.insight_engine[0m — [ENGI11] 0 insights gerados
     ENGI11  — Análise 2025     
┏━━━━━━━━━━━━━━━━┳━━━━━━━━━━━━━┓
┃ Métrica        ┃       Valor ┃
┡━━━━━━━━━━━━━━━━╇━━━━━━━━━━━━━┩
│ ROE            │       11.5% │
│ Margem EBITDA  │        0.0% │
│ Margem Líquida │        6.2% │
│ DL/EBITDA      │           — │
│ Dividend Yield │           — │
│ FCF (R$ mi)    │ R$ 5,753 mi │
│ Capex/Receita  │        0.9% │
└────────────────┴─────────────┘

Risco: LOW (0 alertas)

Valuation:
=== Valuation ENGI11  (base 2025) — DDM — Gordon Growth ===
  base         R$          0.0 mi  (N/D)  → N/D
  optimistic   R$          0.0 mi  (N/D)  → N/D
  pessimistic  R$          0.0 mi  (N/D)  → N/D
[14:26:08]   ▶ analyze EQTL3
[32m2026-04-19 14:26:08[0m | [1mINFO    [0m | [36m__main__[0m — [EQTL3] iniciando análise completa...
[32m2026-04-19 14:26:09[0m | [1mINFO    [0m | [36msrc.analysis.metrics_engine[0m — [EQTL3] 2024: métricas calculadas [utilities]
[32m2026-04-19 14:26:09[0m | [32m[1mSUCCESS [0m | [36msrc.analysis.metrics_engine[0m — [EQTL3] 1 períodos calculados
[32m2026-04-19 14:26:09[0m | [1mINFO    [0m | [36msrc.analysis.risk_engine[0m — [EQTL3] risco: LOW (0 alerta(s)) [utilities]
[32m2026-04-19 14:26:09[0m | [1mINFO    [0m | [36msrc.valuation.auto_dcf[0m — [EQTL3] setor=utilities  método=ddm  modelo=industrial
[32m2026-04-19 14:26:09[0m | [32m[1mSUCCESS [0m | [36msrc.valuation.auto_dcf[0m — [EQTL3] valuation concluído — DDM — Gordon Growth | base=0 R$ mi
[32m2026-04-19 14:26:09[0m | [1mINFO    [0m | [36msrc.analysis.insight_engine[0m — [EQTL3] 0 insights gerados
      EQTL3  — Análise 2024      
┏━━━━━━━━━━━━━━━━┳━━━━━━━━━━━━━━┓
┃ Métrica        ┃        Valor ┃
┡━━━━━━━━━━━━━━━━╇━━━━━━━━━━━━━━┩
│ ROE            │         0.0% │
│ Margem EBITDA  │        -1.1% │
│ Margem Líquida │         0.0% │
│ DL/EBITDA      │            — │
│ Dividend Yield │            — │
│ FCF (R$ mi)    │ R$ -1,267 mi │
│ Capex/Receita  │         0.0% │
└────────────────┴──────────────┘

Risco: LOW (0 alertas)

Valuation:
=== Valuation EQTL3  (base 2024) — DDM — Gordon Growth ===
  base         R$          0.0 mi  (N/D)  → N/D
  optimistic   R$          0.0 mi  (N/D)  → N/D
  pessimistic  R$          0.0 mi  (N/D)  → N/D
[14:26:09]   ▶ analyze AURE3
[32m2026-04-19 14:26:09[0m | [1mINFO    [0m | [36m__main__[0m — [AURE3] iniciando análise completa...
[32m2026-04-19 14:26:09[0m | [1mINFO    [0m | [36msrc.analysis.metrics_engine[0m — [AURE3] 2021: métricas calculadas [utilities]
[32m2026-04-19 14:26:09[0m | [1mINFO    [0m | [36msrc.analysis.metrics_engine[0m — [AURE3] 2022: métricas calculadas [utilities]
[32m2026-04-19 14:26:09[0m | [1mINFO    [0m | [36msrc.analysis.metrics_engine[0m — [AURE3] 2023: métricas calculadas [utilities]
[32m2026-04-19 14:26:09[0m | [1mINFO    [0m | [36msrc.analysis.metrics_engine[0m — [AURE3] 2024: métricas calculadas [utilities]
[32m2026-04-19 14:26:09[0m | [1mINFO    [0m | [36msrc.analysis.metrics_engine[0m — [AURE3] 2025: métricas calculadas [utilities]
[32m2026-04-19 14:26:09[0m | [32m[1mSUCCESS [0m | [36msrc.analysis.metrics_engine[0m — [AURE3] 5 períodos calculados
[32m2026-04-19 14:26:09[0m | [1mINFO    [0m | [36msrc.analysis.risk_engine[0m — [AURE3] risco: HIGH (2 alerta(s)) [utilities]
[32m2026-04-19 14:26:09[0m | [1mINFO    [0m | [36msrc.valuation.auto_dcf[0m — [AURE3] setor=utilities  método=ddm  modelo=industrial
[32m2026-04-19 14:26:09[0m | [32m[1mSUCCESS [0m | [36msrc.valuation.auto_dcf[0m — [AURE3] valuation concluído — DDM — Gordon Growth | base=0 R$ mi
[32m2026-04-19 14:26:09[0m | [1mINFO    [0m | [36msrc.analysis.insight_engine[0m — [AURE3] 2 insights gerados
     AURE3  — Análise 2025      
┏━━━━━━━━━━━━━━━━┳━━━━━━━━━━━━━┓
┃ Métrica        ┃       Valor ┃
┡━━━━━━━━━━━━━━━━╇━━━━━━━━━━━━━┩
│ ROE            │       -5.3% │
│ Margem EBITDA  │       29.3% │
│ Margem Líquida │       -5.0% │
│ DL/EBITDA      │        5.4x │
│ Dividend Yield │           — │
│ FCF (R$ mi)    │ R$ 1,355 mi │
│ Capex/Receita  │        0.3% │
└────────────────┴─────────────┘

Risco: HIGH (2 alertas)
  • [RISCO] HIGH_LEVERAGE: DL/EBITDA elevada: 5.4x
  • [AVISO] FALLING_NET_INCOME: Lucro em queda por 2 anos consecutivos

Valuation:
=== Valuation AURE3  (base 2025) — DDM — Gordon Growth ===
  base         R$          0.0 mi  (N/D)  → N/D
  optimistic   R$          0.0 mi  (N/D)  → N/D
  pessimistic  R$          0.0 mi  (N/D)  → N/D

Insights:
  [+] Crescimento de receita acelerado: Receita cresceu 63.5% — expansão 
relevante de volume/preço.
  [!] Alertas de risco (HIGH): 2 risco(s) identificados. Principais: DL/EBITDA 
elevada: 5.4x.
[14:26:09]   ▶ analyze ISAE4
[32m2026-04-19 14:26:09[0m | [1mINFO    [0m | [36m__main__[0m — [ISAE4] iniciando análise completa...
[32m2026-04-19 14:26:10[0m | [1mINFO    [0m | [36msrc.analysis.metrics_engine[0m — [ISAE4] 2019: métricas calculadas [utilities]
[32m2026-04-19 14:26:10[0m | [1mINFO    [0m | [36msrc.analysis.metrics_engine[0m — [ISAE4] 2020: métricas calculadas [utilities]
[32m2026-04-19 14:26:10[0m | [1mINFO    [0m | [36msrc.analysis.metrics_engine[0m — [ISAE4] 2021: métricas calculadas [utilities]
[32m2026-04-19 14:26:10[0m | [1mINFO    [0m | [36msrc.analysis.metrics_engine[0m — [ISAE4] 2022: métricas calculadas [utilities]
[32m2026-04-19 14:26:10[0m | [1mINFO    [0m | [36msrc.analysis.metrics_engine[0m — [ISAE4] 2023: métricas calculadas [utilities]
[32m2026-04-19 14:26:10[0m | [1mINFO    [0m | [36msrc.analysis.metrics_engine[0m — [ISAE4] 2024: métricas calculadas [utilities]
[32m2026-04-19 14:26:10[0m | [1mINFO    [0m | [36msrc.analysis.metrics_engine[0m — [ISAE4] 2025: métricas calculadas [utilities]
[32m2026-04-19 14:26:10[0m | [32m[1mSUCCESS [0m | [36msrc.analysis.metrics_engine[0m — [ISAE4] 7 períodos calculados
[32m2026-04-19 14:26:10[0m | [1mINFO    [0m | [36msrc.analysis.risk_engine[0m — [ISAE4] risco: MEDIUM (1 alerta(s)) [utilities]
[32m2026-04-19 14:26:10[0m | [1mINFO    [0m | [36msrc.valuation.auto_dcf[0m — [ISAE4] setor=utilities  método=ddm  modelo=industrial
[32m2026-04-19 14:26:10[0m | [32m[1mSUCCESS [0m | [36msrc.valuation.auto_dcf[0m — [ISAE4] valuation concluído — DDM — Gordon Growth | base=0 R$ mi
[32m2026-04-19 14:26:10[0m | [1mINFO    [0m | [36msrc.analysis.insight_engine[0m — [ISAE4] 1 insights gerados
      ISAE4  — Análise 2025      
┏━━━━━━━━━━━━━━━━┳━━━━━━━━━━━━━━┓
┃ Métrica        ┃        Valor ┃
┡━━━━━━━━━━━━━━━━╇━━━━━━━━━━━━━━┩
│ ROE            │        11.6% │
│ Margem EBITDA  │        44.3% │
│ Margem Líquida │        26.0% │
│ DL/EBITDA      │         3.5x │
│ Dividend Yield │            — │
│ FCF (R$ mi)    │ R$ -7,923 mi │
│ Capex/Receita  │        71.3% │
└────────────────┴──────────────┘

Risco: MEDIUM (1 alertas)
  • [AVISO] HIGH_LEVERAGE: DL/EBITDA elevada: 3.5x

Valuation:
=== Valuation ISAE4  (base 2025) — DDM — Gordon Growth ===
  base         R$          0.0 mi  (N/D)  → N/D
  optimistic   R$          0.0 mi  (N/D)  → N/D
  pessimistic  R$          0.0 mi  (N/D)  → N/D

Insights:
  [+] Crescimento de receita acelerado: Receita cresceu 18.1% — expansão 
relevante de volume/preço.
[14:26:10]   ▶ analyze TAEE11
[32m2026-04-19 14:26:10[0m | [1mINFO    [0m | [36m__main__[0m — [TAEE11] iniciando análise completa...
[32m2026-04-19 14:26:10[0m | [33m[1mWARNING [0m | [36msrc.analysis.metrics_engine[0m — [TAEE11] sem dados processados — execute 'process' primeiro
[32m2026-04-19 14:26:10[0m | [33m[1mWARNING [0m | [36m__main__[0m — [TAEE11] sem dados — execute 'process' primeiro
[14:26:10]   ▶ analyze SBSP3
[32m2026-04-19 14:26:11[0m | [1mINFO    [0m | [36m__main__[0m — [SBSP3] iniciando análise completa...
[32m2026-04-19 14:26:11[0m | [1mINFO    [0m | [36msrc.analysis.metrics_engine[0m — [SBSP3] 2023: métricas calculadas [utilities]
[32m2026-04-19 14:26:11[0m | [1mINFO    [0m | [36msrc.analysis.metrics_engine[0m — [SBSP3] 2024: métricas calculadas [utilities]
[32m2026-04-19 14:26:11[0m | [1mINFO    [0m | [36msrc.analysis.metrics_engine[0m — [SBSP3] 2025: métricas calculadas [utilities]
[32m2026-04-19 14:26:11[0m | [32m[1mSUCCESS [0m | [36msrc.analysis.metrics_engine[0m — [SBSP3] 3 períodos calculados
[32m2026-04-19 14:26:11[0m | [1mINFO    [0m | [36msrc.analysis.risk_engine[0m — [SBSP3] risco: LOW (0 alerta(s)) [utilities]
[32m2026-04-19 14:26:11[0m | [1mINFO    [0m | [36msrc.valuation.auto_dcf[0m — [SBSP3] setor=utilities  método=ddm  modelo=industrial
[32m2026-04-19 14:26:11[0m | [32m[1mSUCCESS [0m | [36msrc.valuation.auto_dcf[0m — [SBSP3] valuation concluído — DDM — Gordon Growth | base=0 R$ mi
[32m2026-04-19 14:26:11[0m | [1mINFO    [0m | [36msrc.analysis.insight_engine[0m — [SBSP3] 0 insights gerados
     SBSP3  — Análise 2025      
┏━━━━━━━━━━━━━━━━┳━━━━━━━━━━━━━┓
┃ Métrica        ┃       Valor ┃
┡━━━━━━━━━━━━━━━━╇━━━━━━━━━━━━━┩
│ ROE            │        0.0% │
│ Margem EBITDA  │       33.7% │
│ Margem Líquida │        0.0% │
│ DL/EBITDA      │        2.8x │
│ Dividend Yield │           — │
│ FCF (R$ mi)    │ R$ 8,361 mi │
│ Capex/Receita  │        0.0% │
└────────────────┴─────────────┘

Risco: LOW (0 alertas)

Valuation:
=== Valuation SBSP3  (base 2025) — DDM — Gordon Growth ===
  base         R$          0.0 mi  (N/D)  → N/D
  optimistic   R$          0.0 mi  (N/D)  → N/D
  pessimistic  R$          0.0 mi  (N/D)  → N/D
[14:26:11]   ▶ analyze VIVT3
[32m2026-04-19 14:26:11[0m | [1mINFO    [0m | [36m__main__[0m — [VIVT3] iniciando análise completa...
[32m2026-04-19 14:26:11[0m | [33m[1mWARNING [0m | [36msrc.analysis.metrics_engine[0m — [VIVT3] sem dados processados — execute 'process' primeiro
[32m2026-04-19 14:26:11[0m | [33m[1mWARNING [0m | [36m__main__[0m — [VIVT3] sem dados — execute 'process' primeiro
[14:26:11]   ▶ analyze TIMS3
[32m2026-04-19 14:26:12[0m | [1mINFO    [0m | [36m__main__[0m — [TIMS3] iniciando análise completa...
[32m2026-04-19 14:26:12[0m | [1mINFO    [0m | [36msrc.analysis.metrics_engine[0m — [TIMS3] 2020: métricas calculadas [telecom]
[32m2026-04-19 14:26:12[0m | [1mINFO    [0m | [36msrc.analysis.metrics_engine[0m — [TIMS3] 2022: métricas calculadas [telecom]
[32m2026-04-19 14:26:12[0m | [1mINFO    [0m | [36msrc.analysis.metrics_engine[0m — [TIMS3] 2023: métricas calculadas [telecom]
[32m2026-04-19 14:26:12[0m | [1mINFO    [0m | [36msrc.analysis.metrics_engine[0m — [TIMS3] 2024: métricas calculadas [telecom]
[32m2026-04-19 14:26:12[0m | [1mINFO    [0m | [36msrc.analysis.metrics_engine[0m — [TIMS3] 2025: métricas calculadas [telecom]
[32m2026-04-19 14:26:12[0m | [32m[1mSUCCESS [0m | [36msrc.analysis.metrics_engine[0m — [TIMS3] 5 períodos calculados
[32m2026-04-19 14:26:12[0m | [1mINFO    [0m | [36msrc.analysis.risk_engine[0m — [TIMS3] risco: LOW (0 alerta(s)) [telecom]
[32m2026-04-19 14:26:12[0m | [1mINFO    [0m | [36msrc.valuation.auto_dcf[0m — [TIMS3] setor=telecom  método=ev_ebitda_multiple  modelo=industrial
[32m2026-04-19 14:26:12[0m | [32m[1mSUCCESS [0m | [36msrc.valuation.auto_dcf[0m — [TIMS3] valuation concluído — EV/EBITDA Múltiplo | base=0 R$ mi
[32m2026-04-19 14:26:12[0m | [1mINFO    [0m | [36msrc.analysis.insight_engine[0m — [TIMS3] 0 insights gerados
      TIMS3  — Análise 2025      
┏━━━━━━━━━━━━━━━━━━━━━┳━━━━━━━━━┓
┃ Métrica             ┃   Valor ┃
┡━━━━━━━━━━━━━━━━━━━━━╇━━━━━━━━━┩
│ Margem EBITDA       │       — │
│ Margem Líquida      │       — │
│ DL/EBITDA           │       — │
│ Dividend Yield      │       — │
│ Capex/Receita       │       — │
│ Crescimento Receita │       — │
│ FCF (R$ mi)         │ R$ 0 mi │
└─────────────────────┴─────────┘

Risco: LOW (0 alertas)

Valuation:
=== Valuation TIMS3  (base 2025) — EV/EBITDA Múltiplo ===
  base         R$          0.0 mi  (N/D)  → N/D
  optimistic   R$          0.0 mi  (N/D)  → N/D
  pessimistic  R$          0.0 mi  (N/D)  → N/D
[14:26:12]   ▶ analyze WEGE3
[32m2026-04-19 14:26:12[0m | [1mINFO    [0m | [36m__main__[0m — [WEGE3] iniciando análise completa...
[32m2026-04-19 14:26:13[0m | [1mINFO    [0m | [36msrc.analysis.metrics_engine[0m — [WEGE3] 2019: métricas carregadas do cache
[32m2026-04-19 14:26:13[0m | [1mINFO    [0m | [36msrc.analysis.metrics_engine[0m — [WEGE3] 2020: métricas carregadas do cache
[32m2026-04-19 14:26:13[0m | [1mINFO    [0m | [36msrc.analysis.metrics_engine[0m — [WEGE3] 2021: métricas carregadas do cache
[32m2026-04-19 14:26:13[0m | [1mINFO    [0m | [36msrc.analysis.metrics_engine[0m — [WEGE3] 2022: métricas carregadas do cache
[32m2026-04-19 14:26:13[0m | [1mINFO    [0m | [36msrc.analysis.metrics_engine[0m — [WEGE3] 2023: métricas carregadas do cache
[32m2026-04-19 14:26:13[0m | [1mINFO    [0m | [36msrc.analysis.metrics_engine[0m — [WEGE3] 2024: métricas carregadas do cache
[32m2026-04-19 14:26:13[0m | [1mINFO    [0m | [36msrc.analysis.metrics_engine[0m — [WEGE3] 2025: métricas carregadas do cache
[32m2026-04-19 14:26:13[0m | [32m[1mSUCCESS [0m | [36msrc.analysis.metrics_engine[0m — [WEGE3] 7 períodos calculados
[32m2026-04-19 14:26:13[0m | [1mINFO    [0m | [36msrc.valuation.auto_dcf[0m — [WEGE3] valuation carregado do cache
        WEGE3  — Análise 2025        
┏━━━━━━━━━━━━━━━━━━━━━┳━━━━━━━━━━━━━┓
┃ Métrica             ┃       Valor ┃
┡━━━━━━━━━━━━━━━━━━━━━╇━━━━━━━━━━━━━┩
│ ROE                 │       36.6% │
│ ROIC                │       37.2% │
│ Margem EBITDA       │       22.1% │
│ Margem Líquida      │       15.6% │
│ DL/EBITDA           │       -0.2x │
│ FCF (R$ mi)         │ R$ 3,888 mi │
│ Conversão de FCF    │       61.0% │
│ Crescimento Receita │        7.4% │
│ Capex/Receita       │        6.3% │
└─────────────────────┴─────────────┘

Risco: LOW (0 alertas)

Valuation:
=== Valuation WEGE3  (base 2024) — DCF FCFF ===
  base         R$     99,807.5 mi  (N/D)  → N/D
  optimistic   R$    143,775.7 mi  (N/D)  → N/D
  pessimistic  R$     63,832.9 mi  (N/D)  → N/D

Insights:
  [+] Rentabilidade excepcional: ROIC=30.4%, ROE=27.2% — empresa de alta 
qualidade com retorno bem acima do custo de capital.
  [+] Crescimento de receita acelerado: Receita cresceu 16.9% — expansão 
relevante de volume/preço.
[14:26:13]   ▶ analyze EMBR3
[32m2026-04-19 14:26:13[0m | [1mINFO    [0m | [36m__main__[0m — [EMBR3] iniciando análise completa...
[32m2026-04-19 14:26:13[0m | [1mINFO    [0m | [36msrc.analysis.metrics_engine[0m — [EMBR3] 2019: métricas calculadas [industrial]
[32m2026-04-19 14:26:13[0m | [1mINFO    [0m | [36msrc.analysis.metrics_engine[0m — [EMBR3] 2020: métricas calculadas [industrial]
[32m2026-04-19 14:26:13[0m | [1mINFO    [0m | [36msrc.analysis.metrics_engine[0m — [EMBR3] 2021: métricas calculadas [industrial]
[32m2026-04-19 14:26:13[0m | [1mINFO    [0m | [36msrc.analysis.metrics_engine[0m — [EMBR3] 2022: métricas calculadas [industrial]
[32m2026-04-19 14:26:13[0m | [1mINFO    [0m | [36msrc.analysis.metrics_engine[0m — [EMBR3] 2023: métricas calculadas [industrial]
[32m2026-04-19 14:26:13[0m | [1mINFO    [0m | [36msrc.analysis.metrics_engine[0m — [EMBR3] 2024: métricas calculadas [industrial]
[32m2026-04-19 14:26:13[0m | [1mINFO    [0m | [36msrc.analysis.metrics_engine[0m — [EMBR3] 2025: métricas calculadas [industrial]
[32m2026-04-19 14:26:13[0m | [32m[1mSUCCESS [0m | [36msrc.analysis.metrics_engine[0m — [EMBR3] 7 períodos calculados
[32m2026-04-19 14:26:13[0m | [1mINFO    [0m | [36msrc.analysis.risk_engine[0m — [EMBR3] risco: LOW (0 alerta(s)) [industrial]
[32m2026-04-19 14:26:13[0m | [1mINFO    [0m | [36msrc.valuation.auto_dcf[0m — [EMBR3] setor=industrial  método=dcf_fcff  modelo=industrial
[32m2026-04-19 14:26:13[0m | [32m[1mSUCCESS [0m | [36msrc.valuation.auto_dcf[0m — [EMBR3] valuation concluído — DCF FCFF | base=3,912 R$ mi
[32m2026-04-19 14:26:13[0m | [1mINFO    [0m | [36msrc.analysis.insight_engine[0m — [EMBR3] 1 insights gerados
        EMBR3  — Análise 2025        
┏━━━━━━━━━━━━━━━━━━━━━┳━━━━━━━━━━━━━┓
┃ Métrica             ┃       Valor ┃
┡━━━━━━━━━━━━━━━━━━━━━╇━━━━━━━━━━━━━┩
│ ROE                 │       10.3% │
│ ROIC                │       10.9% │
│ Margem EBITDA       │       11.4% │
│ Margem Líquida      │        4.7% │
│ DL/EBITDA           │        0.7x │
│ FCF (R$ mi)         │ R$ 4,390 mi │
│ Conversão de FCF    │      224.8% │
│ Crescimento Receita │       18.2% │
│ Capex/Receita       │        0.2% │
└─────────────────────┴─────────────┘

Risco: LOW (0 alertas)

Valuation:
=== Valuation EMBR3  (base 2025) — DCF FCFF ===
  base         R$      3,911.5 mi  (N/D)  → N/D
  optimistic   R$     10,897.2 mi  (N/D)  → N/D
  pessimistic  R$          0.0 mi  (N/D)  → N/D

Insights:
  [+] Crescimento de receita acelerado: Receita cresceu 18.2% — expansão 
relevante de volume/preço.
[14:26:13]   ▶ analyze POMO4
[32m2026-04-19 14:26:13[0m | [1mINFO    [0m | [36m__main__[0m — [POMO4] iniciando análise completa...
[32m2026-04-19 14:26:14[0m | [1mINFO    [0m | [36msrc.analysis.metrics_engine[0m — [POMO4] 2019: métricas calculadas [industrial]
[32m2026-04-19 14:26:14[0m | [1mINFO    [0m | [36msrc.analysis.metrics_engine[0m — [POMO4] 2020: métricas calculadas [industrial]
[32m2026-04-19 14:26:14[0m | [1mINFO    [0m | [36msrc.analysis.metrics_engine[0m — [POMO4] 2021: métricas calculadas [industrial]
[32m2026-04-19 14:26:14[0m | [1mINFO    [0m | [36msrc.analysis.metrics_engine[0m — [POMO4] 2022: métricas calculadas [industrial]
[32m2026-04-19 14:26:14[0m | [1mINFO    [0m | [36msrc.analysis.metrics_engine[0m — [POMO4] 2023: métricas calculadas [industrial]
[32m2026-04-19 14:26:14[0m | [1mINFO    [0m | [36msrc.analysis.metrics_engine[0m — [POMO4] 2024: métricas calculadas [industrial]
[32m2026-04-19 14:26:14[0m | [1mINFO    [0m | [36msrc.analysis.metrics_engine[0m — [POMO4] 2025: métricas calculadas [industrial]
[32m2026-04-19 14:26:14[0m | [32m[1mSUCCESS [0m | [36msrc.analysis.metrics_engine[0m — [POMO4] 7 períodos calculados
[32m2026-04-19 14:26:14[0m | [1mINFO    [0m | [36msrc.analysis.risk_engine[0m — [POMO4] risco: LOW (0 alerta(s)) [industrial]
[32m2026-04-19 14:26:14[0m | [1mINFO    [0m | [36msrc.valuation.auto_dcf[0m — [POMO4] setor=industrial  método=dcf_fcff  modelo=industrial
[32m2026-04-19 14:26:14[0m | [32m[1mSUCCESS [0m | [36msrc.valuation.auto_dcf[0m — [POMO4] valuation concluído — DCF FCFF | base=12,144 R$ mi
[32m2026-04-19 14:26:14[0m | [1mINFO    [0m | [36msrc.analysis.insight_engine[0m — [POMO4] 0 insights gerados
        POMO4  — Análise 2025        
┏━━━━━━━━━━━━━━━━━━━━━┳━━━━━━━━━━━━━┓
┃ Métrica             ┃       Valor ┃
┡━━━━━━━━━━━━━━━━━━━━━╇━━━━━━━━━━━━━┩
│ ROE                 │       31.9% │
│ ROIC                │       18.6% │
│ Margem EBITDA       │       16.6% │
│ Margem Líquida      │       13.5% │
│ DL/EBITDA           │        1.0x │
│ FCF (R$ mi)         │ R$ 1,421 mi │
│ Conversão de FCF    │      116.1% │
│ Crescimento Receita │        5.4% │
│ Capex/Receita       │        0.2% │
└─────────────────────┴─────────────┘

Risco: LOW (0 alertas)

Valuation:
=== Valuation POMO4  (base 2025) — DCF FCFF ===
  base         R$     12,144.2 mi  (N/D)  → N/D
  optimistic   R$     18,713.4 mi  (N/D)  → N/D
  pessimistic  R$      6,426.5 mi  (N/D)  → N/D
[14:26:14]   ▶ analyze STBP3
[32m2026-04-19 14:26:14[0m | [1mINFO    [0m | [36m__main__[0m — [STBP3] iniciando análise completa...
[32m2026-04-19 14:26:14[0m | [1mINFO    [0m | [36msrc.analysis.metrics_engine[0m — [STBP3] 2019: métricas calculadas [industrial]
[32m2026-04-19 14:26:14[0m | [1mINFO    [0m | [36msrc.analysis.metrics_engine[0m — [STBP3] 2020: métricas calculadas [industrial]
[32m2026-04-19 14:26:14[0m | [1mINFO    [0m | [36msrc.analysis.metrics_engine[0m — [STBP3] 2021: métricas calculadas [industrial]
[32m2026-04-19 14:26:14[0m | [1mINFO    [0m | [36msrc.analysis.metrics_engine[0m — [STBP3] 2022: métricas calculadas [industrial]
[32m2026-04-19 14:26:14[0m | [1mINFO    [0m | [36msrc.analysis.metrics_engine[0m — [STBP3] 2023: métricas calculadas [industrial]
[32m2026-04-19 14:26:14[0m | [1mINFO    [0m | [36msrc.analysis.metrics_engine[0m — [STBP3] 2024: métricas calculadas [industrial]
[32m2026-04-19 14:26:14[0m | [1mINFO    [0m | [36msrc.analysis.metrics_engine[0m — [STBP3] 2025: métricas calculadas [industrial]
[32m2026-04-19 14:26:14[0m | [32m[1mSUCCESS [0m | [36msrc.analysis.metrics_engine[0m — [STBP3] 7 períodos calculados
[32m2026-04-19 14:26:14[0m | [1mINFO    [0m | [36msrc.analysis.risk_engine[0m — [STBP3] risco: LOW (0 alerta(s)) [industrial]
[32m2026-04-19 14:26:14[0m | [1mINFO    [0m | [36msrc.valuation.auto_dcf[0m — [STBP3] setor=industrial  método=dcf_fcff  modelo=industrial
[32m2026-04-19 14:26:14[0m | [32m[1mSUCCESS [0m | [36msrc.valuation.auto_dcf[0m — [STBP3] valuation concluído — DCF FCFF | base=25,264 R$ mi
[32m2026-04-19 14:26:14[0m | [1mINFO    [0m | [36msrc.analysis.insight_engine[0m — [STBP3] 2 insights gerados
        STBP3  — Análise 2025        
┏━━━━━━━━━━━━━━━━━━━━━┳━━━━━━━━━━━━━┓
┃ Métrica             ┃       Valor ┃
┡━━━━━━━━━━━━━━━━━━━━━╇━━━━━━━━━━━━━┩
│ ROE                 │       81.2% │
│ ROIC                │       40.1% │
│ Margem EBITDA       │       48.1% │
│ Margem Líquida      │       24.0% │
│ DL/EBITDA           │        1.1x │
│ FCF (R$ mi)         │ R$ 1,626 mi │
│ Conversão de FCF    │      186.5% │
│ Crescimento Receita │       25.0% │
│ Capex/Receita       │        0.2% │
└─────────────────────┴─────────────┘

Risco: LOW (0 alertas)

Valuation:
=== Valuation STBP3  (base 2025) — DCF FCFF ===
  base         R$     25,263.9 mi  (N/D)  → N/D
  optimistic   R$     34,549.7 mi  (N/D)  → N/D
  pessimistic  R$     16,265.2 mi  (N/D)  → N/D

Insights:
  [+] Rentabilidade excepcional: ROIC=40.1%, ROE=81.2% — empresa de alta 
qualidade com retorno bem acima do custo de capital.
  [+] Crescimento de receita acelerado: Receita cresceu 25.0% — expansão 
relevante de volume/preço.
[14:26:14]   ▶ analyze CCRO3
[32m2026-04-19 14:26:14[0m | [1mINFO    [0m | [36m__main__[0m — [CCRO3] iniciando análise completa...
[32m2026-04-19 14:26:15[0m | [33m[1mWARNING [0m | [36msrc.analysis.metrics_engine[0m — [CCRO3] sem dados processados — execute 'process' primeiro
[32m2026-04-19 14:26:15[0m | [33m[1mWARNING [0m | [36m__main__[0m — [CCRO3] sem dados — execute 'process' primeiro
[14:26:15]   ▶ analyze RAIL3
[32m2026-04-19 14:26:15[0m | [1mINFO    [0m | [36m__main__[0m — [RAIL3] iniciando análise completa...
[32m2026-04-19 14:26:15[0m | [1mINFO    [0m | [36msrc.analysis.metrics_engine[0m — [RAIL3] 2019: métricas calculadas [industrial]
[32m2026-04-19 14:26:15[0m | [1mINFO    [0m | [36msrc.analysis.metrics_engine[0m — [RAIL3] 2020: métricas calculadas [industrial]
[32m2026-04-19 14:26:15[0m | [1mINFO    [0m | [36msrc.analysis.metrics_engine[0m — [RAIL3] 2021: métricas calculadas [industrial]
[32m2026-04-19 14:26:15[0m | [1mINFO    [0m | [36msrc.analysis.metrics_engine[0m — [RAIL3] 2022: métricas calculadas [industrial]
[32m2026-04-19 14:26:15[0m | [1mINFO    [0m | [36msrc.analysis.metrics_engine[0m — [RAIL3] 2023: métricas calculadas [industrial]
[32m2026-04-19 14:26:15[0m | [1mINFO    [0m | [36msrc.analysis.metrics_engine[0m — [RAIL3] 2024: métricas calculadas [industrial]
[32m2026-04-19 14:26:15[0m | [1mINFO    [0m | [36msrc.analysis.metrics_engine[0m — [RAIL3] 2025: métricas calculadas [industrial]
[32m2026-04-19 14:26:15[0m | [32m[1mSUCCESS [0m | [36msrc.analysis.metrics_engine[0m — [RAIL3] 7 períodos calculados
[32m2026-04-19 14:26:15[0m | [1mINFO    [0m | [36msrc.analysis.risk_engine[0m — [RAIL3] risco: MEDIUM (1 alerta(s)) [industrial]
[32m2026-04-19 14:26:15[0m | [1mINFO    [0m | [36msrc.valuation.auto_dcf[0m — [RAIL3] setor=industrial  método=dcf_fcff  modelo=industrial
[32m2026-04-19 14:26:15[0m | [32m[1mSUCCESS [0m | [36msrc.valuation.auto_dcf[0m — [RAIL3] valuation concluído — DCF FCFF | base=52,989 R$ mi
[32m2026-04-19 14:26:15[0m | [1mINFO    [0m | [36msrc.analysis.insight_engine[0m — [RAIL3] 1 insights gerados
        RAIL3  — Análise 2025        
┏━━━━━━━━━━━━━━━━━━━━━┳━━━━━━━━━━━━━┓
┃ Métrica             ┃       Valor ┃
┡━━━━━━━━━━━━━━━━━━━━━╇━━━━━━━━━━━━━┩
│ ROE                 │        6.1% │
│ ROIC                │       11.2% │
│ Margem EBITDA       │       49.1% │
│ Margem Líquida      │        6.1% │
│ DL/EBITDA           │        2.4x │
│ FCF (R$ mi)         │ R$ 7,127 mi │
│ Conversão de FCF    │      841.4% │
│ Crescimento Receita │       -0.6% │
│ Capex/Receita       │        0.1% │
└─────────────────────┴─────────────┘

Risco: MEDIUM (1 alertas)
  • [AVISO] FALLING_NET_INCOME: Lucro em queda por 2 anos consecutivos

Valuation:
=== Valuation RAIL3  (base 2025) — DCF FCFF ===
  base         R$     52,989.2 mi  (N/D)  → N/D
  optimistic   R$     83,379.8 mi  (N/D)  → N/D
  pessimistic  R$     29,381.6 mi  (N/D)  → N/D

Insights:
  [!] Contração de receita: Receita recuou -0.6% — investigar perda de volume vs
pressão de preço.
[14:26:15]   ▶ analyze UGPA3
[32m2026-04-19 14:26:16[0m | [1mINFO    [0m | [36m__main__[0m — [UGPA3] iniciando análise completa...
[32m2026-04-19 14:26:16[0m | [1mINFO    [0m | [36msrc.analysis.metrics_engine[0m — [UGPA3] 2019: métricas calculadas [holding]
[32m2026-04-19 14:26:16[0m | [1mINFO    [0m | [36msrc.analysis.metrics_engine[0m — [UGPA3] 2020: métricas calculadas [holding]
[32m2026-04-19 14:26:16[0m | [1mINFO    [0m | [36msrc.analysis.metrics_engine[0m — [UGPA3] 2021: métricas calculadas [holding]
[32m2026-04-19 14:26:16[0m | [1mINFO    [0m | [36msrc.analysis.metrics_engine[0m — [UGPA3] 2022: métricas calculadas [holding]
[32m2026-04-19 14:26:16[0m | [1mINFO    [0m | [36msrc.analysis.metrics_engine[0m — [UGPA3] 2023: métricas calculadas [holding]
[32m2026-04-19 14:26:16[0m | [1mINFO    [0m | [36msrc.analysis.metrics_engine[0m — [UGPA3] 2024: métricas calculadas [holding]
[32m2026-04-19 14:26:16[0m | [1mINFO    [0m | [36msrc.analysis.metrics_engine[0m — [UGPA3] 2025: métricas calculadas [holding]
[32m2026-04-19 14:26:16[0m | [32m[1mSUCCESS [0m | [36msrc.analysis.metrics_engine[0m — [UGPA3] 7 períodos calculados
[32m2026-04-19 14:26:16[0m | [1mINFO    [0m | [36msrc.analysis.risk_engine[0m — [UGPA3] risco: HIGH (1 alerta(s)) [holding]
[32m2026-04-19 14:26:16[0m | [1mINFO    [0m | [36msrc.valuation.auto_dcf[0m — [UGPA3] setor=holding  método=gordon_growth  modelo=industrial
[32m2026-04-19 14:26:16[0m | [32m[1mSUCCESS [0m | [36msrc.valuation.auto_dcf[0m — [UGPA3] valuation concluído — Gordon Growth Model (P/B Implícito) | base=0 R$ mi
[32m2026-04-19 14:26:16[0m | [1mINFO    [0m | [36msrc.analysis.insight_engine[0m — [UGPA3] 1 insights gerados
  UGPA3  — Análise 2025   
┏━━━━━━━━━━━━━━━━┳━━━━━━━┓
┃ Métrica        ┃ Valor ┃
┡━━━━━━━━━━━━━━━━╇━━━━━━━┩
│ ROE            │ 15.7% │
│ Margem Líquida │  1.7% │
│ Dividend Yield │     — │
│ P/VP           │     — │
└────────────────┴───────┘

Risco: HIGH (1 alertas)
  • [RISCO] HIGH_LEVERAGE: DL/EBITDA elevada: 3.6x

Valuation:
=== Valuation UGPA3  (base 2025) — Gordon Growth Model (P/B Implícito) ===
  base         R$          0.0 mi  (N/D)  → N/D
  optimistic   R$          0.0 mi  (N/D)  → N/D
  pessimistic  R$          0.0 mi  (N/D)  → N/D

Insights:
  [!] Alertas de risco (HIGH): 1 risco(s) identificados. Principais: DL/EBITDA 
elevada: 3.6x.
[14:26:16]   ▶ analyze SUZB3
[32m2026-04-19 14:26:16[0m | [1mINFO    [0m | [36m__main__[0m — [SUZB3] iniciando análise completa...
[32m2026-04-19 14:26:16[0m | [1mINFO    [0m | [36msrc.analysis.metrics_engine[0m — [SUZB3] 2019: métricas calculadas [industrial]
[32m2026-04-19 14:26:16[0m | [1mINFO    [0m | [36msrc.analysis.metrics_engine[0m — [SUZB3] 2020: métricas calculadas [industrial]
[32m2026-04-19 14:26:16[0m | [1mINFO    [0m | [36msrc.analysis.metrics_engine[0m — [SUZB3] 2021: métricas calculadas [industrial]
[32m2026-04-19 14:26:17[0m | [1mINFO    [0m | [36msrc.analysis.metrics_engine[0m — [SUZB3] 2022: métricas calculadas [industrial]
[32m2026-04-19 14:26:17[0m | [1mINFO    [0m | [36msrc.analysis.metrics_engine[0m — [SUZB3] 2023: métricas calculadas [industrial]
[32m2026-04-19 14:26:17[0m | [1mINFO    [0m | [36msrc.analysis.metrics_engine[0m — [SUZB3] 2024: métricas calculadas [industrial]
[32m2026-04-19 14:26:17[0m | [1mINFO    [0m | [36msrc.analysis.metrics_engine[0m — [SUZB3] 2025: métricas calculadas [industrial]
[32m2026-04-19 14:26:17[0m | [32m[1mSUCCESS [0m | [36msrc.analysis.metrics_engine[0m — [SUZB3] 7 períodos calculados
[32m2026-04-19 14:26:17[0m | [1mINFO    [0m | [36msrc.analysis.risk_engine[0m — [SUZB3] risco: HIGH (2 alerta(s)) [industrial]
[32m2026-04-19 14:26:17[0m | [1mINFO    [0m | [36msrc.valuation.auto_dcf[0m — [SUZB3] setor=industrial  método=dcf_fcff  modelo=industrial
[32m2026-04-19 14:26:17[0m | [32m[1mSUCCESS [0m | [36msrc.valuation.auto_dcf[0m — [SUZB3] valuation concluído — DCF FCFF | base=56,754 R$ mi
[32m2026-04-19 14:26:17[0m | [1mINFO    [0m | [36msrc.analysis.insight_engine[0m — [SUZB3] 1 insights gerados
        SUZB3  — Análise 2025         
┏━━━━━━━━━━━━━━━━━━━━━┳━━━━━━━━━━━━━━┓
┃ Métrica             ┃        Valor ┃
┡━━━━━━━━━━━━━━━━━━━━━╇━━━━━━━━━━━━━━┩
│ ROE                 │        30.6% │
│ ROIC                │         6.3% │
│ Margem EBITDA       │        43.8% │
│ Margem Líquida      │        26.8% │
│ DL/EBITDA           │         3.6x │
│ FCF (R$ mi)         │ R$ 18,070 mi │
│ Conversão de FCF    │       134.8% │
│ Crescimento Receita │         5.7% │
│ Capex/Receita       │         0.2% │
└─────────────────────┴──────────────┘

Risco: HIGH (2 alertas)
  • [RISCO] HIGH_LEVERAGE: DL/EBITDA elevada: 3.6x
  • [AVISO] FALLING_NET_INCOME: Lucro em queda por 2 anos consecutivos

Valuation:
=== Valuation SUZB3  (base 2025) — DCF FCFF ===
  base         R$     56,753.7 mi  (N/D)  → N/D
  optimistic   R$    118,827.7 mi  (N/D)  → N/D
  pessimistic  R$      6,321.3 mi  (N/D)  → N/D

Insights:
  [!] Alertas de risco (HIGH): 2 risco(s) identificados. Principais: DL/EBITDA 
elevada: 3.6x.
[14:26:17]   ▶ analyze KLBN11
[32m2026-04-19 14:26:17[0m | [1mINFO    [0m | [36m__main__[0m — [KLBN11] iniciando análise completa...
[32m2026-04-19 14:26:17[0m | [1mINFO    [0m | [36msrc.analysis.metrics_engine[0m — [KLBN11] 2019: métricas calculadas [industrial]
[32m2026-04-19 14:26:17[0m | [1mINFO    [0m | [36msrc.analysis.metrics_engine[0m — [KLBN11] 2020: métricas calculadas [industrial]
[32m2026-04-19 14:26:17[0m | [1mINFO    [0m | [36msrc.analysis.metrics_engine[0m — [KLBN11] 2021: métricas calculadas [industrial]
[32m2026-04-19 14:26:17[0m | [1mINFO    [0m | [36msrc.analysis.metrics_engine[0m — [KLBN11] 2022: métricas calculadas [industrial]
[32m2026-04-19 14:26:17[0m | [1mINFO    [0m | [36msrc.analysis.metrics_engine[0m — [KLBN11] 2023: métricas calculadas [industrial]
[32m2026-04-19 14:26:17[0m | [1mINFO    [0m | [36msrc.analysis.metrics_engine[0m — [KLBN11] 2024: métricas calculadas [industrial]
[32m2026-04-19 14:26:17[0m | [1mINFO    [0m | [36msrc.analysis.metrics_engine[0m — [KLBN11] 2025: métricas calculadas [industrial]
[32m2026-04-19 14:26:17[0m | [32m[1mSUCCESS [0m | [36msrc.analysis.metrics_engine[0m — [KLBN11] 7 períodos calculados
[32m2026-04-19 14:26:17[0m | [1mINFO    [0m | [36msrc.analysis.risk_engine[0m — [KLBN11] risco: HIGH (2 alerta(s)) [industrial]
[32m2026-04-19 14:26:17[0m | [1mINFO    [0m | [36msrc.valuation.auto_dcf[0m — [KLBN11] setor=industrial  método=dcf_fcff  modelo=industrial
[32m2026-04-19 14:26:17[0m | [32m[1mSUCCESS [0m | [36msrc.valuation.auto_dcf[0m — [KLBN11] valuation concluído — DCF FCFF | base=31,288 R$ mi
[32m2026-04-19 14:26:17[0m | [1mINFO    [0m | [36msrc.analysis.insight_engine[0m — [KLBN11] 1 insights gerados
       KLBN11  — Análise 2025        
┏━━━━━━━━━━━━━━━━━━━━━┳━━━━━━━━━━━━━┓
┃ Métrica             ┃       Valor ┃
┡━━━━━━━━━━━━━━━━━━━━━╇━━━━━━━━━━━━━┩
│ ROE                 │        0.0% │
│ ROIC                │        9.5% │
│ Margem EBITDA       │       32.7% │
│ Margem Líquida      │        0.0% │
│ DL/EBITDA           │        3.9x │
│ FCF (R$ mi)         │ R$ 6,396 mi │
│ Conversão de FCF    │           — │
│ Crescimento Receita │        5.4% │
│ Capex/Receita       │        0.0% │
└─────────────────────┴─────────────┘

Risco: HIGH (2 alertas)
  • [RISCO] HIGH_LEVERAGE: DL/EBITDA elevada: 3.9x
  • [AVISO] FALLING_NET_INCOME: Lucro em queda por 2 anos consecutivos

Valuation:
=== Valuation KLBN11  (base 2025) — DCF FCFF ===
  base         R$     31,287.5 mi  (N/D)  → N/D
  optimistic   R$     57,589.8 mi  (N/D)  → N/D
  pessimistic  R$      9,972.6 mi  (N/D)  → N/D

Insights:
  [!] Alertas de risco (HIGH): 2 risco(s) identificados. Principais: DL/EBITDA 
elevada: 3.9x.
[14:26:17]   ▶ analyze ABEV3
[32m2026-04-19 14:26:17[0m | [1mINFO    [0m | [36m__main__[0m — [ABEV3] iniciando análise completa...
[32m2026-04-19 14:26:18[0m | [1mINFO    [0m | [36msrc.analysis.metrics_engine[0m — [ABEV3] 2019: métricas calculadas [industrial]
[32m2026-04-19 14:26:18[0m | [1mINFO    [0m | [36msrc.analysis.metrics_engine[0m — [ABEV3] 2020: métricas calculadas [industrial]
[32m2026-04-19 14:26:18[0m | [1mINFO    [0m | [36msrc.analysis.metrics_engine[0m — [ABEV3] 2021: métricas calculadas [industrial]
[32m2026-04-19 14:26:18[0m | [1mINFO    [0m | [36msrc.analysis.metrics_engine[0m — [ABEV3] 2022: métricas calculadas [industrial]
[32m2026-04-19 14:26:18[0m | [1mINFO    [0m | [36msrc.analysis.metrics_engine[0m — [ABEV3] 2023: métricas calculadas [industrial]
[32m2026-04-19 14:26:18[0m | [1mINFO    [0m | [36msrc.analysis.metrics_engine[0m — [ABEV3] 2024: métricas calculadas [industrial]
[32m2026-04-19 14:26:18[0m | [1mINFO    [0m | [36msrc.analysis.metrics_engine[0m — [ABEV3] 2025: métricas calculadas [industrial]
[32m2026-04-19 14:26:18[0m | [32m[1mSUCCESS [0m | [36msrc.analysis.metrics_engine[0m — [ABEV3] 7 períodos calculados
[32m2026-04-19 14:26:18[0m | [1mINFO    [0m | [36msrc.analysis.risk_engine[0m — [ABEV3] risco: LOW (0 alerta(s)) [industrial]
[32m2026-04-19 14:26:18[0m | [1mINFO    [0m | [36msrc.valuation.auto_dcf[0m — [ABEV3] setor=industrial  método=dcf_fcff  modelo=industrial
[32m2026-04-19 14:26:18[0m | [32m[1mSUCCESS [0m | [36msrc.valuation.auto_dcf[0m — [ABEV3] valuation concluído — DCF FCFF | base=345,035 R$ mi
[32m2026-04-19 14:26:18[0m | [1mINFO    [0m | [36msrc.analysis.insight_engine[0m — [ABEV3] 1 insights gerados
        ABEV3  — Análise 2025         
┏━━━━━━━━━━━━━━━━━━━━━┳━━━━━━━━━━━━━━┓
┃ Métrica             ┃        Valor ┃
┡━━━━━━━━━━━━━━━━━━━━━╇━━━━━━━━━━━━━━┩
│ ROE                 │        17.6% │
│ ROIC                │        23.5% │
│ Margem EBITDA       │        34.3% │
│ Margem Líquida      │        17.6% │
│ DL/EBITDA           │        -0.5x │
│ FCF (R$ mi)         │ R$ 19,860 mi │
│ Conversão de FCF    │       128.1% │
│ Crescimento Receita │        -1.4% │
│ Capex/Receita       │         5.2% │
└─────────────────────┴──────────────┘

Risco: LOW (0 alertas)

Valuation:
=== Valuation ABEV3  (base 2025) — DCF FCFF ===
  base         R$    345,035.3 mi  (N/D)  → N/D
  optimistic   R$    492,119.7 mi  (N/D)  → N/D
  pessimistic  R$    228,628.2 mi  (N/D)  → N/D

Insights:
  [!] Contração de receita: Receita recuou -1.4% — investigar perda de volume vs
pressão de preço.
[14:26:18]   ▶ analyze JBSS3
[32m2026-04-19 14:26:18[0m | [1mINFO    [0m | [36m__main__[0m — [JBSS3] iniciando análise completa...
[32m2026-04-19 14:26:18[0m | [1mINFO    [0m | [36msrc.analysis.metrics_engine[0m — [JBSS3] 2019: métricas calculadas [industrial]
[32m2026-04-19 14:26:18[0m | [1mINFO    [0m | [36msrc.analysis.metrics_engine[0m — [JBSS3] 2020: métricas calculadas [industrial]
[32m2026-04-19 14:26:18[0m | [1mINFO    [0m | [36msrc.analysis.metrics_engine[0m — [JBSS3] 2021: métricas calculadas [industrial]
[32m2026-04-19 14:26:18[0m | [1mINFO    [0m | [36msrc.analysis.metrics_engine[0m — [JBSS3] 2022: métricas calculadas [industrial]
[32m2026-04-19 14:26:18[0m | [1mINFO    [0m | [36msrc.analysis.metrics_engine[0m — [JBSS3] 2023: métricas calculadas [industrial]
[32m2026-04-19 14:26:18[0m | [1mINFO    [0m | [36msrc.analysis.metrics_engine[0m — [JBSS3] 2024: métricas calculadas [industrial]
[32m2026-04-19 14:26:18[0m | [1mINFO    [0m | [36msrc.analysis.metrics_engine[0m — [JBSS3] 2025: métricas calculadas [industrial]
[32m2026-04-19 14:26:18[0m | [32m[1mSUCCESS [0m | [36msrc.analysis.metrics_engine[0m — [JBSS3] 7 períodos calculados
[32m2026-04-19 14:26:18[0m | [1mINFO    [0m | [36msrc.analysis.risk_engine[0m — [JBSS3] risco: MEDIUM (1 alerta(s)) [industrial]
[32m2026-04-19 14:26:18[0m | [1mINFO    [0m | [36msrc.valuation.auto_dcf[0m — [JBSS3] setor=industrial  método=dcf_fcff  modelo=industrial
[32m2026-04-19 14:26:18[0m | [32m[1mSUCCESS [0m | [36msrc.valuation.auto_dcf[0m — [JBSS3] valuation concluído — DCF FCFF | base=0 R$ mi
[32m2026-04-19 14:26:19[0m | [1mINFO    [0m | [36msrc.analysis.insight_engine[0m — [JBSS3] 1 insights gerados
        JBSS3  — Análise 2025         
┏━━━━━━━━━━━━━━━━━━━━━┳━━━━━━━━━━━━━━┓
┃ Métrica             ┃        Valor ┃
┡━━━━━━━━━━━━━━━━━━━━━╇━━━━━━━━━━━━━━┩
│ ROE                 │        24.2% │
│ ROIC                │        12.3% │
│ Margem EBITDA       │         7.5% │
│ Margem Líquida      │         2.4% │
│ DL/EBITDA           │         2.5x │
│ FCF (R$ mi)         │ R$ 15,417 mi │
│ Conversão de FCF    │       135.5% │
│ Crescimento Receita │        15.3% │
│ Capex/Receita       │         0.1% │
└─────────────────────┴──────────────┘

Risco: MEDIUM (1 alertas)
  • [AVISO] HIGH_LEVERAGE: DL/EBITDA elevada: 2.5x

Valuation:
=== Valuation JBSS3  (base 2025) — DCF FCFF ===
  base         R$          0.0 mi  (N/D)  → N/D
  optimistic   R$          0.0 mi  (N/D)  → N/D
  pessimistic  R$          0.0 mi  (N/D)  → N/D

Insights:
  [+] Crescimento de receita acelerado: Receita cresceu 15.3% — expansão 
relevante de volume/preço.
[14:26:19]   ▶ analyze BRFS3
[32m2026-04-19 14:26:19[0m | [1mINFO    [0m | [36m__main__[0m — [BRFS3] iniciando análise completa...
[32m2026-04-19 14:26:19[0m | [1mINFO    [0m | [36msrc.analysis.metrics_engine[0m — [BRFS3] 2019: métricas calculadas [industrial]
[32m2026-04-19 14:26:19[0m | [1mINFO    [0m | [36msrc.analysis.metrics_engine[0m — [BRFS3] 2020: métricas calculadas [industrial]
[32m2026-04-19 14:26:19[0m | [1mINFO    [0m | [36msrc.analysis.metrics_engine[0m — [BRFS3] 2021: métricas calculadas [industrial]
[32m2026-04-19 14:26:19[0m | [1mINFO    [0m | [36msrc.analysis.metrics_engine[0m — [BRFS3] 2022: métricas calculadas [industrial]
[32m2026-04-19 14:26:19[0m | [1mINFO    [0m | [36msrc.analysis.metrics_engine[0m — [BRFS3] 2023: métricas calculadas [industrial]
[32m2026-04-19 14:26:19[0m | [1mINFO    [0m | [36msrc.analysis.metrics_engine[0m — [BRFS3] 2024: métricas calculadas [industrial]
[32m2026-04-19 14:26:19[0m | [1mINFO    [0m | [36msrc.analysis.metrics_engine[0m — [BRFS3] 2025: métricas calculadas [industrial]
[32m2026-04-19 14:26:19[0m | [32m[1mSUCCESS [0m | [36msrc.analysis.metrics_engine[0m — [BRFS3] 7 períodos calculados
[32m2026-04-19 14:26:19[0m | [1mINFO    [0m | [36msrc.analysis.risk_engine[0m — [BRFS3] risco: LOW (0 alerta(s)) [industrial]
[32m2026-04-19 14:26:19[0m | [1mINFO    [0m | [36msrc.valuation.auto_dcf[0m — [BRFS3] setor=industrial  método=dcf_fcff  modelo=industrial
[32m2026-04-19 14:26:19[0m | [32m[1mSUCCESS [0m | [36msrc.valuation.auto_dcf[0m — [BRFS3] valuation concluído — DCF FCFF | base=23,783 R$ mi
[32m2026-04-19 14:26:19[0m | [1mINFO    [0m | [36msrc.analysis.insight_engine[0m — [BRFS3] 0 insights gerados
        BRFS3  — Análise 2025        
┏━━━━━━━━━━━━━━━━━━━━━┳━━━━━━━━━━━━━┓
┃ Métrica             ┃       Valor ┃
┡━━━━━━━━━━━━━━━━━━━━━╇━━━━━━━━━━━━━┩
│ ROE                 │       24.5% │
│ ROIC                │       16.7% │
│ Margem EBITDA       │       15.7% │
│ Margem Líquida      │        5.1% │
│ DL/EBITDA           │        1.5x │
│ FCF (R$ mi)         │ R$ 8,261 mi │
│ Conversão de FCF    │      248.2% │
│ Crescimento Receita │        6.0% │
│ Capex/Receita       │        3.5% │
└─────────────────────┴─────────────┘

Risco: LOW (0 alertas)

Valuation:
=== Valuation BRFS3  (base 2025) — DCF FCFF ===
  base         R$     23,783.1 mi  (N/D)  → N/D
  optimistic   R$     46,323.6 mi  (N/D)  → N/D
  pessimistic  R$        720.4 mi  (N/D)  → N/D
[14:26:19]   ▶ analyze MRFG3
[32m2026-04-19 14:26:19[0m | [1mINFO    [0m | [36m__main__[0m — [MRFG3] iniciando análise completa...
[32m2026-04-19 14:26:20[0m | [1mINFO    [0m | [36msrc.analysis.metrics_engine[0m — [MRFG3] 2019: métricas calculadas [industrial]
[32m2026-04-19 14:26:20[0m | [1mINFO    [0m | [36msrc.analysis.metrics_engine[0m — [MRFG3] 2020: métricas calculadas [industrial]
[32m2026-04-19 14:26:20[0m | [1mINFO    [0m | [36msrc.analysis.metrics_engine[0m — [MRFG3] 2021: métricas calculadas [industrial]
[32m2026-04-19 14:26:20[0m | [1mINFO    [0m | [36msrc.analysis.metrics_engine[0m — [MRFG3] 2022: métricas calculadas [industrial]
[32m2026-04-19 14:26:20[0m | [1mINFO    [0m | [36msrc.analysis.metrics_engine[0m — [MRFG3] 2023: métricas calculadas [industrial]
[32m2026-04-19 14:26:20[0m | [1mINFO    [0m | [36msrc.analysis.metrics_engine[0m — [MRFG3] 2024: métricas calculadas [industrial]
[32m2026-04-19 14:26:20[0m | [1mINFO    [0m | [36msrc.analysis.metrics_engine[0m — [MRFG3] 2025: métricas calculadas [industrial]
[32m2026-04-19 14:26:20[0m | [32m[1mSUCCESS [0m | [36msrc.analysis.metrics_engine[0m — [MRFG3] 7 períodos calculados
[32m2026-04-19 14:26:20[0m | [1mINFO    [0m | [36msrc.analysis.risk_engine[0m — [MRFG3] risco: CRITICAL (2 alerta(s)) [industrial]
[32m2026-04-19 14:26:20[0m | [1mINFO    [0m | [36msrc.valuation.auto_dcf[0m — [MRFG3] setor=industrial  método=dcf_fcff  modelo=industrial
[32m2026-04-19 14:26:20[0m | [32m[1mSUCCESS [0m | [36msrc.valuation.auto_dcf[0m — [MRFG3] valuation concluído — DCF FCFF | base=0 R$ mi
[32m2026-04-19 14:26:20[0m | [1mINFO    [0m | [36msrc.analysis.insight_engine[0m — [MRFG3] 1 insights gerados
        MRFG3  — Análise 2025        
┏━━━━━━━━━━━━━━━━━━━━━┳━━━━━━━━━━━━━┓
┃ Métrica             ┃       Valor ┃
┡━━━━━━━━━━━━━━━━━━━━━╇━━━━━━━━━━━━━┩
│ ROE                 │        3.2% │
│ ROIC                │        5.0% │
│ Margem EBITDA       │        7.8% │
│ Margem Líquida      │        0.2% │
│ DL/EBITDA           │        5.5x │
│ FCF (R$ mi)         │ R$ 9,405 mi │
│ Conversão de FCF    │     2625.5% │
│ Crescimento Receita │       10.1% │
│ Capex/Receita       │        2.2% │
└─────────────────────┴─────────────┘

Risco: CRITICAL (2 alertas)
  • [CRÍTICO] HIGH_LEVERAGE: DL/EBITDA elevada: 5.5x
  • [AVISO] FALLING_NET_INCOME: Lucro em queda por 2 anos consecutivos

Valuation:
=== Valuation MRFG3  (base 2025) — DCF FCFF ===
  base         R$          0.0 mi  (N/D)  → N/D
  optimistic   R$          0.0 mi  (N/D)  → N/D
  pessimistic  R$          0.0 mi  (N/D)  → N/D

Insights:
  [!] Alertas de risco (CRITICAL): 2 risco(s) identificados. Principais: 
DL/EBITDA elevada: 5.5x.
[14:26:20]   ▶ analyze BEEF3
[32m2026-04-19 14:26:20[0m | [1mINFO    [0m | [36m__main__[0m — [BEEF3] iniciando análise completa...
[32m2026-04-19 14:26:20[0m | [1mINFO    [0m | [36msrc.analysis.metrics_engine[0m — [BEEF3] 2019: métricas calculadas [industrial]
[32m2026-04-19 14:26:20[0m | [1mINFO    [0m | [36msrc.analysis.metrics_engine[0m — [BEEF3] 2020: métricas calculadas [industrial]
[32m2026-04-19 14:26:20[0m | [1mINFO    [0m | [36msrc.analysis.metrics_engine[0m — [BEEF3] 2021: métricas calculadas [industrial]
[32m2026-04-19 14:26:20[0m | [1mINFO    [0m | [36msrc.analysis.metrics_engine[0m — [BEEF3] 2022: métricas calculadas [industrial]
[32m2026-04-19 14:26:20[0m | [1mINFO    [0m | [36msrc.analysis.metrics_engine[0m — [BEEF3] 2023: métricas calculadas [industrial]
[32m2026-04-19 14:26:20[0m | [1mINFO    [0m | [36msrc.analysis.metrics_engine[0m — [BEEF3] 2024: métricas calculadas [industrial]
[32m2026-04-19 14:26:20[0m | [1mINFO    [0m | [36msrc.analysis.metrics_engine[0m — [BEEF3] 2025: métricas calculadas [industrial]
[32m2026-04-19 14:26:20[0m | [32m[1mSUCCESS [0m | [36msrc.analysis.metrics_engine[0m — [BEEF3] 7 períodos calculados
[32m2026-04-19 14:26:20[0m | [1mINFO    [0m | [36msrc.analysis.risk_engine[0m — [BEEF3] risco: HIGH (3 alerta(s)) [industrial]
[32m2026-04-19 14:26:20[0m | [1mINFO    [0m | [36msrc.valuation.auto_dcf[0m — [BEEF3] setor=industrial  método=dcf_fcff  modelo=industrial
[32m2026-04-19 14:26:20[0m | [32m[1mSUCCESS [0m | [36msrc.valuation.auto_dcf[0m — [BEEF3] valuation concluído — DCF FCFF | base=0 R$ mi
[32m2026-04-19 14:26:20[0m | [1mINFO    [0m | [36msrc.analysis.insight_engine[0m — [BEEF3] 2 insights gerados
        BEEF3  — Análise 2025        
┏━━━━━━━━━━━━━━━━━━━━━┳━━━━━━━━━━━━━┓
┃ Métrica             ┃       Valor ┃
┡━━━━━━━━━━━━━━━━━━━━━╇━━━━━━━━━━━━━┩
│ ROE                 │       61.9% │
│ ROIC                │       14.9% │
│ Margem EBITDA       │        8.8% │
│ Margem Líquida      │        1.5% │
│ DL/EBITDA           │        3.6x │
│ FCF (R$ mi)         │ R$ 4,684 mi │
│ Conversão de FCF    │      577.9% │
│ Crescimento Receita │       60.9% │
│ Capex/Receita       │        0.0% │
└─────────────────────┴─────────────┘

Risco: HIGH (3 alertas)
  • [RISCO] HIGH_LEVERAGE: DL/EBITDA elevada: 3.6x
  • [RISCO] MARGIN_COMPRESSION: Margem EBITDA caindo 3 anos: 9.5% → 8.8%
  • [AVISO] FALLING_NET_INCOME: Lucro em queda por 2 anos consecutivos

Valuation:
=== Valuation BEEF3  (base 2025) — DCF FCFF ===
  base         R$          0.0 mi  (N/D)  → N/D
  optimistic   R$          0.0 mi  (N/D)  → N/D
  pessimistic  R$          0.0 mi  (N/D)  → N/D

Insights:
  [+] Crescimento de receita acelerado: Receita cresceu 60.9% — expansão 
relevante de volume/preço.
  [!] Alertas de risco (HIGH): 3 risco(s) identificados. Principais: DL/EBITDA 
elevada: 3.6x; Margem EBITDA caindo 3 anos: 9.5% → 8.8%.
[14:26:20]   ▶ analyze SMTO3
[32m2026-04-19 14:26:21[0m | [1mINFO    [0m | [36m__main__[0m — [SMTO3] iniciando análise completa...
[32m2026-04-19 14:26:21[0m | [1mINFO    [0m | [36msrc.analysis.metrics_engine[0m — [SMTO3] 2019: métricas calculadas [agro]
[32m2026-04-19 14:26:21[0m | [1mINFO    [0m | [36msrc.analysis.metrics_engine[0m — [SMTO3] 2020: métricas calculadas [agro]
[32m2026-04-19 14:26:21[0m | [1mINFO    [0m | [36msrc.analysis.metrics_engine[0m — [SMTO3] 2021: métricas calculadas [agro]
[32m2026-04-19 14:26:21[0m | [1mINFO    [0m | [36msrc.analysis.metrics_engine[0m — [SMTO3] 2022: métricas calculadas [agro]
[32m2026-04-19 14:26:21[0m | [1mINFO    [0m | [36msrc.analysis.metrics_engine[0m — [SMTO3] 2023: métricas calculadas [agro]
[32m2026-04-19 14:26:21[0m | [1mINFO    [0m | [36msrc.analysis.metrics_engine[0m — [SMTO3] 2024: métricas calculadas [agro]
[32m2026-04-19 14:26:21[0m | [1mINFO    [0m | [36msrc.analysis.metrics_engine[0m — [SMTO3] 2025: métricas calculadas [agro]
[32m2026-04-19 14:26:21[0m | [32m[1mSUCCESS [0m | [36msrc.analysis.metrics_engine[0m — [SMTO3] 7 períodos calculados
[32m2026-04-19 14:26:21[0m | [1mINFO    [0m | [36msrc.analysis.risk_engine[0m — [SMTO3] risco: HIGH (1 alerta(s)) [agro]
[32m2026-04-19 14:26:21[0m | [1mINFO    [0m | [36msrc.valuation.auto_dcf[0m — [SMTO3] setor=agro  método=dcf_fcff  modelo=industrial
[32m2026-04-19 14:26:21[0m | [32m[1mSUCCESS [0m | [36msrc.valuation.auto_dcf[0m — [SMTO3] valuation concluído — DCF FCFF | base=5,901 R$ mi
[32m2026-04-19 14:26:21[0m | [1mINFO    [0m | [36msrc.analysis.insight_engine[0m — [SMTO3] 1 insights gerados
        SMTO3  — Análise 2025        
┏━━━━━━━━━━━━━━━━━━━━━┳━━━━━━━━━━━━━┓
┃ Métrica             ┃       Valor ┃
┡━━━━━━━━━━━━━━━━━━━━━╇━━━━━━━━━━━━━┩
│ Margem EBITDA       │       37.7% │
│ Margem Líquida      │        7.8% │
│ DL/EBITDA           │        3.7x │
│ ROE                 │        8.3% │
│ ROIC                │        6.6% │
│ FCF (R$ mi)         │ R$ 1,462 mi │
│ Crescimento Receita │        3.9% │
└─────────────────────┴─────────────┘

Risco: HIGH (1 alertas)
  • [RISCO] HIGH_LEVERAGE: DL/EBITDA elevada: 3.7x

Valuation:
=== Valuation SMTO3  (base 2025) — DCF FCFF ===
  base         R$      5,900.6 mi  (N/D)  → N/D
  optimistic   R$     14,950.6 mi  (N/D)  → N/D
  pessimistic  R$          0.0 mi  (N/D)  → N/D

Insights:
  [!] Alertas de risco (HIGH): 1 risco(s) identificados. Principais: DL/EBITDA 
elevada: 3.7x.
[14:26:21]   ▶ analyze SLCE3
[32m2026-04-19 14:26:21[0m | [1mINFO    [0m | [36m__main__[0m — [SLCE3] iniciando análise completa...
[32m2026-04-19 14:26:22[0m | [1mINFO    [0m | [36msrc.analysis.metrics_engine[0m — [SLCE3] 2019: métricas calculadas [agro]
[32m2026-04-19 14:26:22[0m | [1mINFO    [0m | [36msrc.analysis.metrics_engine[0m — [SLCE3] 2020: métricas calculadas [agro]
[32m2026-04-19 14:26:22[0m | [1mINFO    [0m | [36msrc.analysis.metrics_engine[0m — [SLCE3] 2021: métricas calculadas [agro]
[32m2026-04-19 14:26:22[0m | [1mINFO    [0m | [36msrc.analysis.metrics_engine[0m — [SLCE3] 2022: métricas calculadas [agro]
[32m2026-04-19 14:26:22[0m | [1mINFO    [0m | [36msrc.analysis.metrics_engine[0m — [SLCE3] 2023: métricas calculadas [agro]
[32m2026-04-19 14:26:22[0m | [1mINFO    [0m | [36msrc.analysis.metrics_engine[0m — [SLCE3] 2024: métricas calculadas [agro]
[32m2026-04-19 14:26:22[0m | [1mINFO    [0m | [36msrc.analysis.metrics_engine[0m — [SLCE3] 2025: métricas calculadas [agro]
[32m2026-04-19 14:26:22[0m | [32m[1mSUCCESS [0m | [36msrc.analysis.metrics_engine[0m — [SLCE3] 7 períodos calculados
[32m2026-04-19 14:26:22[0m | [1mINFO    [0m | [36msrc.analysis.risk_engine[0m — [SLCE3] risco: HIGH (1 alerta(s)) [agro]
[32m2026-04-19 14:26:22[0m | [1mINFO    [0m | [36msrc.valuation.auto_dcf[0m — [SLCE3] setor=agro  método=dcf_fcff  modelo=industrial
[32m2026-04-19 14:26:22[0m | [32m[1mSUCCESS [0m | [36msrc.valuation.auto_dcf[0m — [SLCE3] valuation concluído — DCF FCFF | base=12,186 R$ mi
[32m2026-04-19 14:26:22[0m | [1mINFO    [0m | [36msrc.analysis.insight_engine[0m — [SLCE3] 2 insights gerados
        SLCE3  — Análise 2025        
┏━━━━━━━━━━━━━━━━━━━━━┳━━━━━━━━━━━━━┓
┃ Métrica             ┃       Valor ┃
┡━━━━━━━━━━━━━━━━━━━━━╇━━━━━━━━━━━━━┩
│ Margem EBITDA       │       22.5% │
│ Margem Líquida      │        5.7% │
│ DL/EBITDA           │        2.3x │
│ ROE                 │       11.0% │
│ ROIC                │       13.1% │
│ FCF (R$ mi)         │ R$ 1,798 mi │
│ Crescimento Receita │       25.1% │
└─────────────────────┴─────────────┘

Risco: HIGH (1 alertas)
  • [RISCO] MARGIN_COMPRESSION: Margem EBITDA caindo 3 anos: 23.6% → 22.5%

Valuation:
=== Valuation SLCE3  (base 2025) — DCF FCFF ===
  base         R$     12,185.6 mi  (N/D)  → N/D
  optimistic   R$     22,209.8 mi  (N/D)  → N/D
  pessimistic  R$      4,542.3 mi  (N/D)  → N/D

Insights:
  [+] Crescimento de receita acelerado: Receita cresceu 25.1% — expansão 
relevante de volume/preço.
  [!] Alertas de risco (HIGH): 1 risco(s) identificados. Principais: Margem 
EBITDA caindo 3 anos: 23.6% → 22.5%.
[14:26:22]   ▶ analyze LREN3
[32m2026-04-19 14:26:22[0m | [1mINFO    [0m | [36m__main__[0m — [LREN3] iniciando análise completa...
[32m2026-04-19 14:26:22[0m | [1mINFO    [0m | [36msrc.analysis.metrics_engine[0m — [LREN3] 2019: métricas calculadas [retail]
[32m2026-04-19 14:26:22[0m | [1mINFO    [0m | [36msrc.analysis.metrics_engine[0m — [LREN3] 2020: métricas calculadas [retail]
[32m2026-04-19 14:26:22[0m | [1mINFO    [0m | [36msrc.analysis.metrics_engine[0m — [LREN3] 2021: métricas calculadas [retail]
[32m2026-04-19 14:26:22[0m | [1mINFO    [0m | [36msrc.analysis.metrics_engine[0m — [LREN3] 2022: métricas calculadas [retail]
[32m2026-04-19 14:26:22[0m | [1mINFO    [0m | [36msrc.analysis.metrics_engine[0m — [LREN3] 2023: métricas calculadas [retail]
[32m2026-04-19 14:26:22[0m | [1mINFO    [0m | [36msrc.analysis.metrics_engine[0m — [LREN3] 2024: métricas calculadas [retail]
[32m2026-04-19 14:26:22[0m | [1mINFO    [0m | [36msrc.analysis.metrics_engine[0m — [LREN3] 2025: métricas calculadas [retail]
[32m2026-04-19 14:26:22[0m | [32m[1mSUCCESS [0m | [36msrc.analysis.metrics_engine[0m — [LREN3] 7 períodos calculados
[32m2026-04-19 14:26:22[0m | [1mINFO    [0m | [36msrc.analysis.risk_engine[0m — [LREN3] risco: LOW (0 alerta(s)) [retail]
[32m2026-04-19 14:26:22[0m | [1mINFO    [0m | [36msrc.valuation.auto_dcf[0m — [LREN3] setor=retail  método=dcf_fcff  modelo=industrial
[32m2026-04-19 14:26:22[0m | [32m[1mSUCCESS [0m | [36msrc.valuation.auto_dcf[0m — [LREN3] valuation concluído — DCF FCFF | base=16,839 R$ mi
[32m2026-04-19 14:26:22[0m | [1mINFO    [0m | [36msrc.analysis.insight_engine[0m — [LREN3] 0 insights gerados
     LREN3  — Análise 2025      
┏━━━━━━━━━━━━━━━━━━━━━┳━━━━━━━━┓
┃ Métrica             ┃  Valor ┃
┡━━━━━━━━━━━━━━━━━━━━━╇━━━━━━━━┩
│ Margem Bruta        │  61.7% │
│ Margem EBITDA       │  19.5% │
│ Margem Líquida      │   9.2% │
│ DL/EBITDA           │  -0.2x │
│ Conversão de FCF    │ 192.2% │
│ Crescimento Receita │   9.6% │
│ ROE                 │  13.9% │
│ Capex/Receita       │   0.0% │
└─────────────────────┴────────┘

Risco: LOW (0 alertas)

Valuation:
=== Valuation LREN3  (base 2025) — DCF FCFF ===
  base         R$     16,838.8 mi  (N/D)  → N/D
  optimistic   R$     24,747.0 mi  (N/D)  → N/D
  pessimistic  R$     10,223.9 mi  (N/D)  → N/D
[14:26:22]   ▶ analyze MGLU3
[32m2026-04-19 14:26:22[0m | [1mINFO    [0m | [36m__main__[0m — [MGLU3] iniciando análise completa...
[32m2026-04-19 14:26:23[0m | [1mINFO    [0m | [36msrc.analysis.metrics_engine[0m — [MGLU3] 2019: métricas calculadas [retail]
[32m2026-04-19 14:26:23[0m | [1mINFO    [0m | [36msrc.analysis.metrics_engine[0m — [MGLU3] 2020: métricas calculadas [retail]
[32m2026-04-19 14:26:23[0m | [1mINFO    [0m | [36msrc.analysis.metrics_engine[0m — [MGLU3] 2021: métricas calculadas [retail]
[32m2026-04-19 14:26:23[0m | [1mINFO    [0m | [36msrc.analysis.metrics_engine[0m — [MGLU3] 2022: métricas calculadas [retail]
[32m2026-04-19 14:26:23[0m | [1mINFO    [0m | [36msrc.analysis.metrics_engine[0m — [MGLU3] 2023: métricas calculadas [retail]
[32m2026-04-19 14:26:23[0m | [1mINFO    [0m | [36msrc.analysis.metrics_engine[0m — [MGLU3] 2024: métricas calculadas [retail]
[32m2026-04-19 14:26:23[0m | [1mINFO    [0m | [36msrc.analysis.metrics_engine[0m — [MGLU3] 2025: métricas calculadas [retail]
[32m2026-04-19 14:26:23[0m | [32m[1mSUCCESS [0m | [36msrc.analysis.metrics_engine[0m — [MGLU3] 7 períodos calculados
[32m2026-04-19 14:26:23[0m | [1mINFO    [0m | [36msrc.analysis.risk_engine[0m — [MGLU3] risco: MEDIUM (1 alerta(s)) [retail]
[32m2026-04-19 14:26:23[0m | [1mINFO    [0m | [36msrc.valuation.auto_dcf[0m — [MGLU3] setor=retail  método=dcf_fcff  modelo=industrial
[32m2026-04-19 14:26:23[0m | [32m[1mSUCCESS [0m | [36msrc.valuation.auto_dcf[0m — [MGLU3] valuation concluído — DCF FCFF | base=0 R$ mi
[32m2026-04-19 14:26:23[0m | [1mINFO    [0m | [36msrc.analysis.insight_engine[0m — [MGLU3] 0 insights gerados
      MGLU3  — Análise 2025      
┏━━━━━━━━━━━━━━━━━━━━━┳━━━━━━━━━┓
┃ Métrica             ┃   Valor ┃
┡━━━━━━━━━━━━━━━━━━━━━╇━━━━━━━━━┩
│ Margem Bruta        │   29.9% │
│ Margem EBITDA       │    5.8% │
│ Margem Líquida      │    0.5% │
│ DL/EBITDA           │    1.5x │
│ Conversão de FCF    │ 7408.7% │
│ Crescimento Receita │    1.7% │
│ ROE                 │    1.8% │
│ Capex/Receita       │    1.4% │
└─────────────────────┴─────────┘

Risco: MEDIUM (1 alertas)
  • [AVISO] FALLING_NET_INCOME: Lucro em queda por 2 anos consecutivos

Valuation:
=== Valuation MGLU3  (base 2025) — DCF FCFF ===
  base         R$          0.0 mi  (N/D)  → N/D
  optimistic   R$        123.5 mi  (N/D)  → N/D
  pessimistic  R$          0.0 mi  (N/D)  → N/D
[14:26:23]   ▶ analyze AZZA3
[32m2026-04-19 14:26:23[0m | [1mINFO    [0m | [36m__main__[0m — [AZZA3] iniciando análise completa...
[32m2026-04-19 14:26:23[0m | [1mINFO    [0m | [36msrc.analysis.metrics_engine[0m — [AZZA3] 2019: métricas calculadas [retail]
[32m2026-04-19 14:26:23[0m | [1mINFO    [0m | [36msrc.analysis.metrics_engine[0m — [AZZA3] 2020: métricas calculadas [retail]
[32m2026-04-19 14:26:23[0m | [1mINFO    [0m | [36msrc.analysis.metrics_engine[0m — [AZZA3] 2021: métricas calculadas [retail]
[32m2026-04-19 14:26:23[0m | [1mINFO    [0m | [36msrc.analysis.metrics_engine[0m — [AZZA3] 2022: métricas calculadas [retail]
[32m2026-04-19 14:26:23[0m | [1mINFO    [0m | [36msrc.analysis.metrics_engine[0m — [AZZA3] 2023: métricas calculadas [retail]
[32m2026-04-19 14:26:23[0m | [1mINFO    [0m | [36msrc.analysis.metrics_engine[0m — [AZZA3] 2024: métricas calculadas [retail]
[32m2026-04-19 14:26:23[0m | [1mINFO    [0m | [36msrc.analysis.metrics_engine[0m — [AZZA3] 2025: métricas calculadas [retail]
[32m2026-04-19 14:26:23[0m | [32m[1mSUCCESS [0m | [36msrc.analysis.metrics_engine[0m — [AZZA3] 7 períodos calculados
[32m2026-04-19 14:26:23[0m | [1mINFO    [0m | [36msrc.analysis.risk_engine[0m — [AZZA3] risco: LOW (0 alerta(s)) [retail]
[32m2026-04-19 14:26:23[0m | [1mINFO    [0m | [36msrc.valuation.auto_dcf[0m — [AZZA3] setor=retail  método=dcf_fcff  modelo=industrial
[32m2026-04-19 14:26:23[0m | [32m[1mSUCCESS [0m | [36msrc.valuation.auto_dcf[0m — [AZZA3] valuation concluído — DCF FCFF | base=6,040 R$ mi
[32m2026-04-19 14:26:23[0m | [1mINFO    [0m | [36msrc.analysis.insight_engine[0m — [AZZA3] 1 insights gerados
     AZZA3  — Análise 2025      
┏━━━━━━━━━━━━━━━━━━━━━┳━━━━━━━━┓
┃ Métrica             ┃  Valor ┃
┡━━━━━━━━━━━━━━━━━━━━━╇━━━━━━━━┩
│ Margem Bruta        │  55.0% │
│ Margem EBITDA       │  15.5% │
│ Margem Líquida      │   7.7% │
│ DL/EBITDA           │   1.6x │
│ Conversão de FCF    │ 118.0% │
│ Crescimento Receita │  41.0% │
│ ROE                 │  11.4% │
│ Capex/Receita       │   0.0% │
└─────────────────────┴────────┘

Risco: LOW (0 alertas)

Valuation:
=== Valuation AZZA3  (base 2025) — DCF FCFF ===
  base         R$      6,039.6 mi  (N/D)  → N/D
  optimistic   R$     10,553.9 mi  (N/D)  → N/D
  pessimistic  R$      2,115.5 mi  (N/D)  → N/D

Insights:
  [+] Crescimento de receita acelerado: Receita cresceu 41.0% — expansão 
relevante de volume/preço.
[14:26:24]   ▶ analyze NTCO3
[32m2026-04-19 14:26:24[0m | [1mINFO    [0m | [36m__main__[0m — [NTCO3] iniciando análise completa...
[32m2026-04-19 14:26:24[0m | [1mINFO    [0m | [36msrc.analysis.metrics_engine[0m — [NTCO3] 2019: métricas calculadas [retail]
[32m2026-04-19 14:26:24[0m | [1mINFO    [0m | [36msrc.analysis.metrics_engine[0m — [NTCO3] 2020: métricas calculadas [retail]
[32m2026-04-19 14:26:24[0m | [1mINFO    [0m | [36msrc.analysis.metrics_engine[0m — [NTCO3] 2021: métricas calculadas [retail]
[32m2026-04-19 14:26:24[0m | [1mINFO    [0m | [36msrc.analysis.metrics_engine[0m — [NTCO3] 2022: métricas calculadas [retail]
[32m2026-04-19 14:26:24[0m | [1mINFO    [0m | [36msrc.analysis.metrics_engine[0m — [NTCO3] 2023: métricas calculadas [retail]
[32m2026-04-19 14:26:24[0m | [1mINFO    [0m | [36msrc.analysis.metrics_engine[0m — [NTCO3] 2024: métricas calculadas [retail]
[32m2026-04-19 14:26:24[0m | [1mINFO    [0m | [36msrc.analysis.metrics_engine[0m — [NTCO3] 2025: métricas calculadas [retail]
[32m2026-04-19 14:26:24[0m | [32m[1mSUCCESS [0m | [36msrc.analysis.metrics_engine[0m — [NTCO3] 7 períodos calculados
[32m2026-04-19 14:26:24[0m | [1mINFO    [0m | [36msrc.analysis.risk_engine[0m — [NTCO3] risco: HIGH (3 alerta(s)) [retail]
[32m2026-04-19 14:26:24[0m | [1mINFO    [0m | [36msrc.valuation.auto_dcf[0m — [NTCO3] setor=retail  método=dcf_fcff  modelo=industrial
[32m2026-04-19 14:26:24[0m | [32m[1mSUCCESS [0m | [36msrc.valuation.auto_dcf[0m — [NTCO3] valuation concluído — DCF FCFF | base=1,126 R$ mi
[32m2026-04-19 14:26:24[0m | [1mINFO    [0m | [36msrc.analysis.insight_engine[0m — [NTCO3] 1 insights gerados
     NTCO3  — Análise 2025      
┏━━━━━━━━━━━━━━━━━━━━━┳━━━━━━━━┓
┃ Métrica             ┃  Valor ┃
┡━━━━━━━━━━━━━━━━━━━━━╇━━━━━━━━┩
│ Margem Bruta        │  66.6% │
│ Margem EBITDA       │  10.2% │
│ Margem Líquida      │  -8.2% │
│ DL/EBITDA           │   2.1x │
│ Conversão de FCF    │   9.2% │
│ Crescimento Receita │   2.6% │
│ ROE                 │ -13.8% │
│ Capex/Receita       │   0.2% │
└─────────────────────┴────────┘

Risco: HIGH (3 alertas)
  • [AVISO] HIGH_LEVERAGE: DL/EBITDA elevada: 2.1x
  • [RISCO] MARGIN_COMPRESSION: Margem EBITDA caindo 2 anos: 10.8% → 10.2%
  • [AVISO] FALLING_NET_INCOME: Lucro em queda por 2 anos consecutivos

Valuation:
=== Valuation NTCO3  (base 2025) — DCF FCFF ===
  base         R$      1,126.4 mi  (N/D)  → N/D
  optimistic   R$      4,781.9 mi  (N/D)  → N/D
  pessimistic  R$          0.0 mi  (N/D)  → N/D

Insights:
  [!] Alertas de risco (HIGH): 3 risco(s) identificados. Principais: Margem 
EBITDA caindo 2 anos: 10.8% → 10.2%.
[14:26:24]   ▶ analyze CRFB3
[32m2026-04-19 14:26:24[0m | [1mINFO    [0m | [36m__main__[0m — [CRFB3] iniciando análise completa...
[32m2026-04-19 14:26:25[0m | [33m[1mWARNING [0m | [36msrc.analysis.metrics_engine[0m — [CRFB3] sem dados processados — execute 'process' primeiro
[32m2026-04-19 14:26:25[0m | [33m[1mWARNING [0m | [36m__main__[0m — [CRFB3] sem dados — execute 'process' primeiro
[14:26:25]   ▶ analyze PCAR3
[32m2026-04-19 14:26:25[0m | [1mINFO    [0m | [36m__main__[0m — [PCAR3] iniciando análise completa...
[32m2026-04-19 14:26:25[0m | [33m[1mWARNING [0m | [36msrc.analysis.metrics_engine[0m — [PCAR3] sem dados processados — execute 'process' primeiro
[32m2026-04-19 14:26:25[0m | [33m[1mWARNING [0m | [36m__main__[0m — [PCAR3] sem dados — execute 'process' primeiro
[14:26:25]   ▶ analyze PETZ3
[32m2026-04-19 14:26:25[0m | [1mINFO    [0m | [36m__main__[0m — [PETZ3] iniciando análise completa...
[32m2026-04-19 14:26:25[0m | [33m[1mWARNING [0m | [36msrc.analysis.metrics_engine[0m — [PETZ3] sem dados processados — execute 'process' primeiro
[32m2026-04-19 14:26:25[0m | [33m[1mWARNING [0m | [36m__main__[0m — [PETZ3] sem dados — execute 'process' primeiro
[14:26:26]   ▶ analyze VIVA3
[32m2026-04-19 14:26:26[0m | [1mINFO    [0m | [36m__main__[0m — [VIVA3] iniciando análise completa...
[32m2026-04-19 14:26:26[0m | [1mINFO    [0m | [36msrc.analysis.metrics_engine[0m — [VIVA3] 2019: métricas calculadas [retail]
[32m2026-04-19 14:26:26[0m | [1mINFO    [0m | [36msrc.analysis.metrics_engine[0m — [VIVA3] 2020: métricas calculadas [retail]
[32m2026-04-19 14:26:26[0m | [1mINFO    [0m | [36msrc.analysis.metrics_engine[0m — [VIVA3] 2021: métricas calculadas [retail]
[32m2026-04-19 14:26:26[0m | [1mINFO    [0m | [36msrc.analysis.metrics_engine[0m — [VIVA3] 2022: métricas calculadas [retail]
[32m2026-04-19 14:26:26[0m | [1mINFO    [0m | [36msrc.analysis.metrics_engine[0m — [VIVA3] 2023: métricas calculadas [retail]
[32m2026-04-19 14:26:26[0m | [1mINFO    [0m | [36msrc.analysis.metrics_engine[0m — [VIVA3] 2024: métricas calculadas [retail]
[32m2026-04-19 14:26:26[0m | [1mINFO    [0m | [36msrc.analysis.metrics_engine[0m — [VIVA3] 2025: métricas calculadas [retail]
[32m2026-04-19 14:26:26[0m | [32m[1mSUCCESS [0m | [36msrc.analysis.metrics_engine[0m — [VIVA3] 7 períodos calculados
[32m2026-04-19 14:26:26[0m | [1mINFO    [0m | [36msrc.analysis.risk_engine[0m — [VIVA3] risco: HIGH (1 alerta(s)) [retail]
[32m2026-04-19 14:26:26[0m | [1mINFO    [0m | [36msrc.valuation.auto_dcf[0m — [VIVA3] setor=retail  método=dcf_fcff  modelo=industrial
[32m2026-04-19 14:26:26[0m | [32m[1mSUCCESS [0m | [36msrc.valuation.auto_dcf[0m — [VIVA3] valuation concluído — DCF FCFF | base=8,916 R$ mi
[32m2026-04-19 14:26:26[0m | [1mINFO    [0m | [36msrc.analysis.insight_engine[0m — [VIVA3] 2 insights gerados
     VIVA3  — Análise 2025     
┏━━━━━━━━━━━━━━━━━━━━━┳━━━━━━━┓
┃ Métrica             ┃ Valor ┃
┡━━━━━━━━━━━━━━━━━━━━━╇━━━━━━━┩
│ Margem Bruta        │ 69.6% │
│ Margem EBITDA       │ 29.4% │
│ Margem Líquida      │ 20.5% │
│ DL/EBITDA           │  0.2x │
│ Conversão de FCF    │ 64.4% │
│ Crescimento Receita │ 17.4% │
│ ROE                 │ 21.0% │
│ Capex/Receita       │  2.3% │
└─────────────────────┴───────┘

Risco: HIGH (1 alertas)
  • [RISCO] MARGIN_COMPRESSION: Margem EBITDA caindo 2 anos: 32.5% → 29.4%

Valuation:
=== Valuation VIVA3  (base 2025) — DCF FCFF ===
  base         R$      8,915.6 mi  (N/D)  → N/D
  optimistic   R$     13,039.9 mi  (N/D)  → N/D
  pessimistic  R$      5,743.7 mi  (N/D)  → N/D

Insights:
  [+] Crescimento de receita acelerado: Receita cresceu 17.4% — expansão 
relevante de volume/preço.
  [!] Alertas de risco (HIGH): 1 risco(s) identificados. Principais: Margem 
EBITDA caindo 2 anos: 32.5% → 29.4%.
[14:26:26]   ▶ analyze AMOB3
[32m2026-04-19 14:26:26[0m | [1mINFO    [0m | [36m__main__[0m — [AMOB3] iniciando análise completa...
[32m2026-04-19 14:26:27[0m | [1mINFO    [0m | [36msrc.analysis.metrics_engine[0m — [AMOB3] 2023: métricas calculadas [retail]
[32m2026-04-19 14:26:27[0m | [1mINFO    [0m | [36msrc.analysis.metrics_engine[0m — [AMOB3] 2024: métricas calculadas [retail]
[32m2026-04-19 14:26:27[0m | [1mINFO    [0m | [36msrc.analysis.metrics_engine[0m — [AMOB3] 2025: métricas calculadas [retail]
[32m2026-04-19 14:26:27[0m | [32m[1mSUCCESS [0m | [36msrc.analysis.metrics_engine[0m — [AMOB3] 3 períodos calculados
[32m2026-04-19 14:26:27[0m | [1mINFO    [0m | [36msrc.analysis.risk_engine[0m — [AMOB3] risco: HIGH (2 alerta(s)) [retail]
[32m2026-04-19 14:26:27[0m | [1mINFO    [0m | [36msrc.valuation.auto_dcf[0m — [AMOB3] setor=retail  método=dcf_fcff  modelo=industrial
[32m2026-04-19 14:26:27[0m | [32m[1mSUCCESS [0m | [36msrc.valuation.auto_dcf[0m — [AMOB3] valuation concluído — DCF FCFF | base=0 R$ mi
[32m2026-04-19 14:26:27[0m | [1mINFO    [0m | [36msrc.analysis.insight_engine[0m — [AMOB3] 1 insights gerados
     AMOB3  — Análise 2025     
┏━━━━━━━━━━━━━━━━━━━━━┳━━━━━━━┓
┃ Métrica             ┃ Valor ┃
┡━━━━━━━━━━━━━━━━━━━━━╇━━━━━━━┩
│ Margem Bruta        │ 14.5% │
│ Margem EBITDA       │  0.0% │
│ Margem Líquida      │  0.0% │
│ DL/EBITDA           │     — │
│ Conversão de FCF    │     — │
│ Crescimento Receita │  4.7% │
│ ROE                 │  0.0% │
│ Capex/Receita       │  2.8% │
└─────────────────────┴───────┘

Risco: HIGH (2 alertas)
  • [RISCO] MARGIN_COMPRESSION: Margem EBITDA caindo 2 anos: 1.9% → 0.0%
  • [AVISO] LOW_GROSS_MARGIN: Margem bruta baixa: 14.5% (mín. esperado: 25.0%)

Valuation:
=== Valuation AMOB3  (base 2025) — DCF FCFF ===
  base         R$          0.0 mi  (N/D)  → N/D
  optimistic   R$          0.0 mi  (N/D)  → N/D
  pessimistic  R$          0.0 mi  (N/D)  → N/D

Insights:
  [!] Alertas de risco (HIGH): 2 risco(s) identificados. Principais: Margem 
EBITDA caindo 2 anos: 1.9% → 0.0%.
[14:26:27]   ▶ analyze RDOR3
[32m2026-04-19 14:26:27[0m | [1mINFO    [0m | [36m__main__[0m — [RDOR3] iniciando análise completa...
[32m2026-04-19 14:26:27[0m | [33m[1mWARNING [0m | [36msrc.analysis.metrics_engine[0m — [RDOR3] sem dados processados — execute 'process' primeiro
[32m2026-04-19 14:26:27[0m | [33m[1mWARNING [0m | [36m__main__[0m — [RDOR3] sem dados — execute 'process' primeiro
[14:26:27]   ▶ analyze HAPV3
[32m2026-04-19 14:26:27[0m | [1mINFO    [0m | [36m__main__[0m — [HAPV3] iniciando análise completa...
[32m2026-04-19 14:26:28[0m | [1mINFO    [0m | [36msrc.analysis.metrics_engine[0m — [HAPV3] 2019: métricas calculadas [healthcare]
[32m2026-04-19 14:26:28[0m | [1mINFO    [0m | [36msrc.analysis.metrics_engine[0m — [HAPV3] 2020: métricas calculadas [healthcare]
[32m2026-04-19 14:26:28[0m | [1mINFO    [0m | [36msrc.analysis.metrics_engine[0m — [HAPV3] 2021: métricas calculadas [healthcare]
[32m2026-04-19 14:26:28[0m | [1mINFO    [0m | [36msrc.analysis.metrics_engine[0m — [HAPV3] 2022: métricas calculadas [healthcare]
[32m2026-04-19 14:26:28[0m | [1mINFO    [0m | [36msrc.analysis.metrics_engine[0m — [HAPV3] 2023: métricas calculadas [healthcare]
[32m2026-04-19 14:26:28[0m | [1mINFO    [0m | [36msrc.analysis.metrics_engine[0m — [HAPV3] 2024: métricas calculadas [healthcare]
[32m2026-04-19 14:26:28[0m | [1mINFO    [0m | [36msrc.analysis.metrics_engine[0m — [HAPV3] 2025: métricas calculadas [healthcare]
[32m2026-04-19 14:26:28[0m | [32m[1mSUCCESS [0m | [36msrc.analysis.metrics_engine[0m — [HAPV3] 7 períodos calculados
[32m2026-04-19 14:26:28[0m | [1mINFO    [0m | [36msrc.analysis.risk_engine[0m — [HAPV3] risco: CRITICAL (2 alerta(s)) [healthcare]
[32m2026-04-19 14:26:28[0m | [1mINFO    [0m | [36msrc.valuation.auto_dcf[0m — [HAPV3] setor=healthcare  método=dcf_fcff  modelo=industrial
[32m2026-04-19 14:26:28[0m | [32m[1mSUCCESS [0m | [36msrc.valuation.auto_dcf[0m — [HAPV3] valuation concluído — DCF FCFF | base=0 R$ mi
[32m2026-04-19 14:26:28[0m | [1mINFO    [0m | [36msrc.analysis.insight_engine[0m — [HAPV3] 1 insights gerados
        HAPV3  — Análise 2025        
┏━━━━━━━━━━━━━━━━━━━━━┳━━━━━━━━━━━━━┓
┃ Métrica             ┃       Valor ┃
┡━━━━━━━━━━━━━━━━━━━━━╇━━━━━━━━━━━━━┩
│ Margem EBITDA       │        4.8% │
│ Margem Líquida      │       -0.4% │
│ ROE                 │       -0.3% │
│ ROIC                │        1.8% │
│ DL/EBITDA           │        7.9x │
│ FCF (R$ mi)         │ R$ 1,319 mi │
│ Crescimento Receita │        9.2% │
└─────────────────────┴─────────────┘

Risco: CRITICAL (2 alertas)
  • [CRÍTICO] HIGH_LEVERAGE: DL/EBITDA elevada: 7.9x
  • [AVISO] FALLING_NET_INCOME: Lucro em queda por 2 anos consecutivos

Valuation:
=== Valuation HAPV3  (base 2025) — DCF FCFF ===
  base         R$          0.0 mi  (N/D)  → N/D
  optimistic   R$          0.0 mi  (N/D)  → N/D
  pessimistic  R$          0.0 mi  (N/D)  → N/D

Insights:
  [!] Alertas de risco (CRITICAL): 2 risco(s) identificados. Principais: 
DL/EBITDA elevada: 7.9x.
[14:26:28]   ▶ analyze FLRY3
[32m2026-04-19 14:26:28[0m | [1mINFO    [0m | [36m__main__[0m — [FLRY3] iniciando análise completa...
[32m2026-04-19 14:26:28[0m | [1mINFO    [0m | [36msrc.analysis.metrics_engine[0m — [FLRY3] 2019: métricas calculadas [healthcare]
[32m2026-04-19 14:26:28[0m | [1mINFO    [0m | [36msrc.analysis.metrics_engine[0m — [FLRY3] 2020: métricas calculadas [healthcare]
[32m2026-04-19 14:26:28[0m | [1mINFO    [0m | [36msrc.analysis.metrics_engine[0m — [FLRY3] 2021: métricas calculadas [healthcare]
[32m2026-04-19 14:26:28[0m | [1mINFO    [0m | [36msrc.analysis.metrics_engine[0m — [FLRY3] 2022: métricas calculadas [healthcare]
[32m2026-04-19 14:26:28[0m | [1mINFO    [0m | [36msrc.analysis.metrics_engine[0m — [FLRY3] 2023: métricas calculadas [healthcare]
[32m2026-04-19 14:26:28[0m | [1mINFO    [0m | [36msrc.analysis.metrics_engine[0m — [FLRY3] 2024: métricas calculadas [healthcare]
[32m2026-04-19 14:26:28[0m | [1mINFO    [0m | [36msrc.analysis.metrics_engine[0m — [FLRY3] 2025: métricas calculadas [healthcare]
[32m2026-04-19 14:26:28[0m | [32m[1mSUCCESS [0m | [36msrc.analysis.metrics_engine[0m — [FLRY3] 7 períodos calculados
[32m2026-04-19 14:26:28[0m | [1mINFO    [0m | [36msrc.analysis.risk_engine[0m — [FLRY3] risco: HIGH (2 alerta(s)) [healthcare]
[32m2026-04-19 14:26:28[0m | [1mINFO    [0m | [36msrc.valuation.auto_dcf[0m — [FLRY3] setor=healthcare  método=dcf_fcff  modelo=industrial
[32m2026-04-19 14:26:28[0m | [32m[1mSUCCESS [0m | [36msrc.valuation.auto_dcf[0m — [FLRY3] valuation concluído — DCF FCFF | base=10,609 R$ mi
[32m2026-04-19 14:26:29[0m | [1mINFO    [0m | [36msrc.analysis.insight_engine[0m — [FLRY3] 1 insights gerados
        FLRY3  — Análise 2025        
┏━━━━━━━━━━━━━━━━━━━━━┳━━━━━━━━━━━━━┓
┃ Métrica             ┃       Valor ┃
┡━━━━━━━━━━━━━━━━━━━━━╇━━━━━━━━━━━━━┩
│ Margem EBITDA       │       16.6% │
│ Margem Líquida      │        7.4% │
│ ROE                 │       12.3% │
│ ROIC                │        8.7% │
│ DL/EBITDA           │        3.8x │
│ FCF (R$ mi)         │ R$ 2,134 mi │
│ Crescimento Receita │        7.9% │
└─────────────────────┴─────────────┘

Risco: HIGH (2 alertas)
  • [AVISO] HIGH_LEVERAGE: DL/EBITDA elevada: 3.8x
  • [RISCO] MARGIN_COMPRESSION: Margem EBITDA caindo 2 anos: 18.0% → 16.6%

Valuation:
=== Valuation FLRY3  (base 2025) — DCF FCFF ===
  base         R$     10,608.9 mi  (N/D)  → N/D
  optimistic   R$     18,927.9 mi  (N/D)  → N/D
  pessimistic  R$      3,254.1 mi  (N/D)  → N/D

Insights:
  [!] Alertas de risco (HIGH): 2 risco(s) identificados. Principais: Margem 
EBITDA caindo 2 anos: 18.0% → 16.6%.
[14:26:29]   ▶ analyze HYPE3
[32m2026-04-19 14:26:29[0m | [1mINFO    [0m | [36m__main__[0m — [HYPE3] iniciando análise completa...
[32m2026-04-19 14:26:29[0m | [1mINFO    [0m | [36msrc.analysis.metrics_engine[0m — [HYPE3] 2019: métricas calculadas [healthcare]
[32m2026-04-19 14:26:29[0m | [1mINFO    [0m | [36msrc.analysis.metrics_engine[0m — [HYPE3] 2020: métricas calculadas [healthcare]
[32m2026-04-19 14:26:29[0m | [1mINFO    [0m | [36msrc.analysis.metrics_engine[0m — [HYPE3] 2021: métricas calculadas [healthcare]
[32m2026-04-19 14:26:29[0m | [1mINFO    [0m | [36msrc.analysis.metrics_engine[0m — [HYPE3] 2022: métricas calculadas [healthcare]
[32m2026-04-19 14:26:29[0m | [1mINFO    [0m | [36msrc.analysis.metrics_engine[0m — [HYPE3] 2023: métricas calculadas [healthcare]
[32m2026-04-19 14:26:29[0m | [1mINFO    [0m | [36msrc.analysis.metrics_engine[0m — [HYPE3] 2024: métricas calculadas [healthcare]
[32m2026-04-19 14:26:29[0m | [1mINFO    [0m | [36msrc.analysis.metrics_engine[0m — [HYPE3] 2025: métricas calculadas [healthcare]
[32m2026-04-19 14:26:29[0m | [32m[1mSUCCESS [0m | [36msrc.analysis.metrics_engine[0m — [HYPE3] 7 períodos calculados
[32m2026-04-19 14:26:29[0m | [1mINFO    [0m | [36msrc.analysis.risk_engine[0m — [HYPE3] risco: HIGH (3 alerta(s)) [healthcare]
[32m2026-04-19 14:26:29[0m | [1mINFO    [0m | [36msrc.valuation.auto_dcf[0m — [HYPE3] setor=healthcare  método=dcf_fcff  modelo=industrial
[32m2026-04-19 14:26:29[0m | [32m[1mSUCCESS [0m | [36msrc.valuation.auto_dcf[0m — [HYPE3] valuation concluído — DCF FCFF | base=25,550 R$ mi
[32m2026-04-19 14:26:29[0m | [1mINFO    [0m | [36msrc.analysis.insight_engine[0m — [HYPE3] 1 insights gerados
        HYPE3  — Análise 2025        
┏━━━━━━━━━━━━━━━━━━━━━┳━━━━━━━━━━━━━┓
┃ Métrica             ┃       Valor ┃
┡━━━━━━━━━━━━━━━━━━━━━╇━━━━━━━━━━━━━┩
│ Margem EBITDA       │       27.0% │
│ Margem Líquida      │       15.5% │
│ ROE                 │        9.5% │
│ ROIC                │        6.4% │
│ DL/EBITDA           │        3.7x │
│ FCF (R$ mi)         │ R$ 2,051 mi │
│ Crescimento Receita │        3.4% │
└─────────────────────┴─────────────┘

Risco: HIGH (3 alertas)
  • [AVISO] HIGH_LEVERAGE: DL/EBITDA elevada: 3.7x
  • [RISCO] MARGIN_COMPRESSION: Margem EBITDA caindo 2 anos: 28.2% → 27.0%
  • [AVISO] FALLING_NET_INCOME: Lucro em queda por 2 anos consecutivos

Valuation:
=== Valuation HYPE3  (base 2025) — DCF FCFF ===
  base         R$     25,550.0 mi  (N/D)  → N/D
  optimistic   R$     41,380.0 mi  (N/D)  → N/D
  pessimistic  R$     13,048.8 mi  (N/D)  → N/D

Insights:
  [!] Alertas de risco (HIGH): 3 risco(s) identificados. Principais: Margem 
EBITDA caindo 2 anos: 28.2% → 27.0%.
[14:26:29]   ▶ analyze RADL3
[32m2026-04-19 14:26:29[0m | [1mINFO    [0m | [36m__main__[0m — [RADL3] iniciando análise completa...
[32m2026-04-19 14:26:30[0m | [1mINFO    [0m | [36msrc.analysis.metrics_engine[0m — [RADL3] 2019: métricas calculadas [healthcare]
[32m2026-04-19 14:26:30[0m | [1mINFO    [0m | [36msrc.analysis.metrics_engine[0m — [RADL3] 2020: métricas calculadas [healthcare]
[32m2026-04-19 14:26:30[0m | [1mINFO    [0m | [36msrc.analysis.metrics_engine[0m — [RADL3] 2021: métricas calculadas [healthcare]
[32m2026-04-19 14:26:30[0m | [1mINFO    [0m | [36msrc.analysis.metrics_engine[0m — [RADL3] 2022: métricas calculadas [healthcare]
[32m2026-04-19 14:26:30[0m | [1mINFO    [0m | [36msrc.analysis.metrics_engine[0m — [RADL3] 2023: métricas calculadas [healthcare]
[32m2026-04-19 14:26:30[0m | [1mINFO    [0m | [36msrc.analysis.metrics_engine[0m — [RADL3] 2024: métricas calculadas [healthcare]
[32m2026-04-19 14:26:30[0m | [1mINFO    [0m | [36msrc.analysis.metrics_engine[0m — [RADL3] 2025: métricas calculadas [healthcare]
[32m2026-04-19 14:26:30[0m | [32m[1mSUCCESS [0m | [36msrc.analysis.metrics_engine[0m — [RADL3] 7 períodos calculados
[32m2026-04-19 14:26:30[0m | [1mINFO    [0m | [36msrc.analysis.risk_engine[0m — [RADL3] risco: LOW (0 alerta(s)) [healthcare]
[32m2026-04-19 14:26:30[0m | [1mINFO    [0m | [36msrc.valuation.auto_dcf[0m — [RADL3] setor=healthcare  método=dcf_fcff  modelo=industrial
[32m2026-04-19 14:26:30[0m | [32m[1mSUCCESS [0m | [36msrc.valuation.auto_dcf[0m — [RADL3] valuation concluído — DCF FCFF | base=0 R$ mi
[32m2026-04-19 14:26:30[0m | [1mINFO    [0m | [36msrc.analysis.insight_engine[0m — [RADL3] 0 insights gerados
        RADL3  — Análise 2025        
┏━━━━━━━━━━━━━━━━━━━━━┳━━━━━━━━━━━━━┓
┃ Métrica             ┃       Valor ┃
┡━━━━━━━━━━━━━━━━━━━━━╇━━━━━━━━━━━━━┩
│ Margem EBITDA       │       10.9% │
│ Margem Líquida      │        2.9% │
│ ROE                 │       17.7% │
│ ROIC                │       18.8% │
│ DL/EBITDA           │        0.7x │
│ FCF (R$ mi)         │ R$ 2,431 mi │
│ Crescimento Receita │       13.8% │
└─────────────────────┴─────────────┘

Risco: LOW (0 alertas)

Valuation:
=== Valuation RADL3  (base 2025) — DCF FCFF ===
  base         R$          0.0 mi  (N/D)  → N/D
  optimistic   R$          0.0 mi  (N/D)  → N/D
  pessimistic  R$          0.0 mi  (N/D)  → N/D
[14:26:30]   ▶ analyze MULT3
[32m2026-04-19 14:26:30[0m | [1mINFO    [0m | [36m__main__[0m — [MULT3] iniciando análise completa...
[32m2026-04-19 14:26:30[0m | [1mINFO    [0m | [36msrc.analysis.metrics_engine[0m — [MULT3] 2019: métricas calculadas [real_estate]
[32m2026-04-19 14:26:30[0m | [1mINFO    [0m | [36msrc.analysis.metrics_engine[0m — [MULT3] 2020: métricas calculadas [real_estate]
[32m2026-04-19 14:26:30[0m | [1mINFO    [0m | [36msrc.analysis.metrics_engine[0m — [MULT3] 2021: métricas calculadas [real_estate]
[32m2026-04-19 14:26:30[0m | [1mINFO    [0m | [36msrc.analysis.metrics_engine[0m — [MULT3] 2022: métricas calculadas [real_estate]
[32m2026-04-19 14:26:30[0m | [1mINFO    [0m | [36msrc.analysis.metrics_engine[0m — [MULT3] 2023: métricas calculadas [real_estate]
[32m2026-04-19 14:26:30[0m | [1mINFO    [0m | [36msrc.analysis.metrics_engine[0m — [MULT3] 2024: métricas calculadas [real_estate]
[32m2026-04-19 14:26:30[0m | [1mINFO    [0m | [36msrc.analysis.metrics_engine[0m — [MULT3] 2025: métricas calculadas [real_estate]
[32m2026-04-19 14:26:30[0m | [32m[1mSUCCESS [0m | [36msrc.analysis.metrics_engine[0m — [MULT3] 7 períodos calculados
[32m2026-04-19 14:26:30[0m | [1mINFO    [0m | [36msrc.analysis.risk_engine[0m — [MULT3] risco: MEDIUM (1 alerta(s)) [real_estate]
[32m2026-04-19 14:26:30[0m | [1mINFO    [0m | [36msrc.valuation.auto_dcf[0m — [MULT3] setor=real_estate  método=ev_ebitda_multiple  modelo=industrial
[32m2026-04-19 14:26:30[0m | [32m[1mSUCCESS [0m | [36msrc.valuation.auto_dcf[0m — [MULT3] valuation concluído — EV/EBITDA Múltiplo | base=12,661 R$ mi
[32m2026-04-19 14:26:30[0m | [1mINFO    [0m | [36msrc.analysis.insight_engine[0m — [MULT3] 0 insights gerados
        MULT3  — Análise 2025        
┏━━━━━━━━━━━━━━━━━━━━━┳━━━━━━━━━━━━━┓
┃ Métrica             ┃       Valor ┃
┡━━━━━━━━━━━━━━━━━━━━━╇━━━━━━━━━━━━━┩
│ Margem Bruta        │       82.0% │
│ Margem Líquida      │       41.7% │
│ DL/EBITDA           │        2.6x │
│ ROE                 │       18.1% │
│ FCF (R$ mi)         │ R$ 1,464 mi │
│ Crescimento Receita │        7.6% │
└─────────────────────┴─────────────┘

Risco: MEDIUM (1 alertas)
  • [AVISO] HIGH_LEVERAGE: DL/EBITDA elevada: 2.6x

Valuation:
=== Valuation MULT3  (base 2025) — EV/EBITDA Múltiplo ===
  base         R$     12,660.8 mi  (N/D)  → N/D
  optimistic   R$     21,615.7 mi  (N/D)  → N/D
  pessimistic  R$      8,183.4 mi  (N/D)  → N/D
[14:26:30]   ▶ analyze CYRE3
[32m2026-04-19 14:26:31[0m | [1mINFO    [0m | [36m__main__[0m — [CYRE3] iniciando análise completa...
[32m2026-04-19 14:26:31[0m | [1mINFO    [0m | [36msrc.analysis.metrics_engine[0m — [CYRE3] 2019: métricas calculadas [real_estate]
[32m2026-04-19 14:26:31[0m | [1mINFO    [0m | [36msrc.analysis.metrics_engine[0m — [CYRE3] 2020: métricas calculadas [real_estate]
[32m2026-04-19 14:26:31[0m | [1mINFO    [0m | [36msrc.analysis.metrics_engine[0m — [CYRE3] 2021: métricas calculadas [real_estate]
[32m2026-04-19 14:26:31[0m | [1mINFO    [0m | [36msrc.analysis.metrics_engine[0m — [CYRE3] 2022: métricas calculadas [real_estate]
[32m2026-04-19 14:26:31[0m | [1mINFO    [0m | [36msrc.analysis.metrics_engine[0m — [CYRE3] 2023: métricas calculadas [real_estate]
[32m2026-04-19 14:26:31[0m | [1mINFO    [0m | [36msrc.analysis.metrics_engine[0m — [CYRE3] 2024: métricas calculadas [real_estate]
[32m2026-04-19 14:26:31[0m | [1mINFO    [0m | [36msrc.analysis.metrics_engine[0m — [CYRE3] 2025: métricas calculadas [real_estate]
[32m2026-04-19 14:26:31[0m | [32m[1mSUCCESS [0m | [36msrc.analysis.metrics_engine[0m — [CYRE3] 7 períodos calculados
[32m2026-04-19 14:26:31[0m | [1mINFO    [0m | [36msrc.analysis.risk_engine[0m — [CYRE3] risco: HIGH (1 alerta(s)) [real_estate]
[32m2026-04-19 14:26:31[0m | [1mINFO    [0m | [36msrc.valuation.auto_dcf[0m — [CYRE3] setor=real_estate  método=ev_ebitda_multiple  modelo=industrial
[32m2026-04-19 14:26:31[0m | [32m[1mSUCCESS [0m | [36msrc.valuation.auto_dcf[0m — [CYRE3] valuation concluído — EV/EBITDA Múltiplo | base=14,053 R$ mi
[32m2026-04-19 14:26:31[0m | [1mINFO    [0m | [36msrc.analysis.insight_engine[0m — [CYRE3] 2 insights gerados
       CYRE3  — Análise 2025        
┏━━━━━━━━━━━━━━━━━━━━━┳━━━━━━━━━━━━┓
┃ Métrica             ┃      Valor ┃
┡━━━━━━━━━━━━━━━━━━━━━╇━━━━━━━━━━━━┩
│ Margem Bruta        │      32.6% │
│ Margem Líquida      │      21.3% │
│ DL/EBITDA           │       3.4x │
│ ROE                 │      19.6% │
│ FCF (R$ mi)         │ R$ -358 mi │
│ Crescimento Receita │      18.3% │
└─────────────────────┴────────────┘

Risco: HIGH (1 alertas)
  • [RISCO] HIGH_LEVERAGE: DL/EBITDA elevada: 3.4x

Valuation:
=== Valuation CYRE3  (base 2025) — EV/EBITDA Múltiplo ===
  base         R$     14,052.6 mi  (N/D)  → N/D
  optimistic   R$     25,074.3 mi  (N/D)  → N/D
  pessimistic  R$      8,541.8 mi  (N/D)  → N/D

Insights:
  [+] Crescimento de receita acelerado: Receita cresceu 18.3% — expansão 
relevante de volume/preço.
  [!] Alertas de risco (HIGH): 1 risco(s) identificados. Principais: DL/EBITDA 
elevada: 3.4x.
[14:26:31]   ▶ analyze MRVE3
[32m2026-04-19 14:26:31[0m | [1mINFO    [0m | [36m__main__[0m — [MRVE3] iniciando análise completa...
[32m2026-04-19 14:26:32[0m | [1mINFO    [0m | [36msrc.analysis.metrics_engine[0m — [MRVE3] 2019: métricas calculadas [real_estate]
[32m2026-04-19 14:26:32[0m | [1mINFO    [0m | [36msrc.analysis.metrics_engine[0m — [MRVE3] 2020: métricas calculadas [real_estate]
[32m2026-04-19 14:26:32[0m | [1mINFO    [0m | [36msrc.analysis.metrics_engine[0m — [MRVE3] 2021: métricas calculadas [real_estate]
[32m2026-04-19 14:26:32[0m | [1mINFO    [0m | [36msrc.analysis.metrics_engine[0m — [MRVE3] 2022: métricas calculadas [real_estate]
[32m2026-04-19 14:26:32[0m | [1mINFO    [0m | [36msrc.analysis.metrics_engine[0m — [MRVE3] 2023: métricas calculadas [real_estate]
[32m2026-04-19 14:26:32[0m | [1mINFO    [0m | [36msrc.analysis.metrics_engine[0m — [MRVE3] 2024: métricas calculadas [real_estate]
[32m2026-04-19 14:26:32[0m | [1mINFO    [0m | [36msrc.analysis.metrics_engine[0m — [MRVE3] 2025: métricas calculadas [real_estate]
[32m2026-04-19 14:26:32[0m | [32m[1mSUCCESS [0m | [36msrc.analysis.metrics_engine[0m — [MRVE3] 7 períodos calculados
[32m2026-04-19 14:26:32[0m | [1mINFO    [0m | [36msrc.analysis.risk_engine[0m — [MRVE3] risco: CRITICAL (1 alerta(s)) [real_estate]
[32m2026-04-19 14:26:32[0m | [1mINFO    [0m | [36msrc.valuation.auto_dcf[0m — [MRVE3] setor=real_estate  método=ev_ebitda_multiple  modelo=industrial
[32m2026-04-19 14:26:32[0m | [32m[1mSUCCESS [0m | [36msrc.valuation.auto_dcf[0m — [MRVE3] valuation concluído — EV/EBITDA Múltiplo | base=0 R$ mi
[32m2026-04-19 14:26:32[0m | [1mINFO    [0m | [36msrc.analysis.insight_engine[0m — [MRVE3] 2 insights gerados
         MRVE3  — Análise 2025         
┏━━━━━━━━━━━━━━━━━━━━━┳━━━━━━━━━━━━━━━┓
┃ Métrica             ┃         Valor ┃
┡━━━━━━━━━━━━━━━━━━━━━╇━━━━━━━━━━━━━━━┩
│ Margem Bruta        │         29.3% │
│ Margem Líquida      │         -9.6% │
│ DL/EBITDA           │         18.4x │
│ ROE                 │        -19.6% │
│ FCF (R$ mi)         │ R$ -15,133 mi │
│ Crescimento Receita │         21.1% │
└─────────────────────┴───────────────┘

Risco: CRITICAL (1 alertas)
  • [CRÍTICO] HIGH_LEVERAGE: DL/EBITDA elevada: 18.4x

Valuation:
=== Valuation MRVE3  (base 2025) — EV/EBITDA Múltiplo ===
  base         R$          0.0 mi  (N/D)  → N/D
  optimistic   R$          0.0 mi  (N/D)  → N/D
  pessimistic  R$          0.0 mi  (N/D)  → N/D

Insights:
  [+] Crescimento de receita acelerado: Receita cresceu 21.1% — expansão 
relevante de volume/preço.
  [!] Alertas de risco (CRITICAL): 1 risco(s) identificados. Principais: 
DL/EBITDA elevada: 18.4x.
[14:26:32]   ▶ analyze IGTI11
[32m2026-04-19 14:26:32[0m | [1mINFO    [0m | [36m__main__[0m — [IGTI11] iniciando análise completa...
[32m2026-04-19 14:26:32[0m | [1mINFO    [0m | [36msrc.analysis.metrics_engine[0m — [IGTI11] 2019: métricas calculadas [real_estate]
[32m2026-04-19 14:26:32[0m | [1mINFO    [0m | [36msrc.analysis.metrics_engine[0m — [IGTI11] 2020: métricas calculadas [real_estate]
[32m2026-04-19 14:26:32[0m | [1mINFO    [0m | [36msrc.analysis.metrics_engine[0m — [IGTI11] 2021: métricas calculadas [real_estate]
[32m2026-04-19 14:26:32[0m | [1mINFO    [0m | [36msrc.analysis.metrics_engine[0m — [IGTI11] 2022: métricas calculadas [real_estate]
[32m2026-04-19 14:26:32[0m | [1mINFO    [0m | [36msrc.analysis.metrics_engine[0m — [IGTI11] 2023: métricas calculadas [real_estate]
[32m2026-04-19 14:26:32[0m | [1mINFO    [0m | [36msrc.analysis.metrics_engine[0m — [IGTI11] 2024: métricas calculadas [real_estate]
[32m2026-04-19 14:26:32[0m | [1mINFO    [0m | [36msrc.analysis.metrics_engine[0m — [IGTI11] 2025: métricas calculadas [real_estate]
[32m2026-04-19 14:26:32[0m | [32m[1mSUCCESS [0m | [36msrc.analysis.metrics_engine[0m — [IGTI11] 7 períodos calculados
[32m2026-04-19 14:26:32[0m | [1mINFO    [0m | [36msrc.analysis.risk_engine[0m — [IGTI11] risco: MEDIUM (1 alerta(s)) [real_estate]
[32m2026-04-19 14:26:32[0m | [1mINFO    [0m | [36msrc.valuation.auto_dcf[0m — [IGTI11] setor=real_estate  método=ev_ebitda_multiple  modelo=industrial
[32m2026-04-19 14:26:32[0m | [32m[1mSUCCESS [0m | [36msrc.valuation.auto_dcf[0m — [IGTI11] valuation concluído — EV/EBITDA Múltiplo | base=5,639 R$ mi
[32m2026-04-19 14:26:32[0m | [1mINFO    [0m | [36msrc.analysis.insight_engine[0m — [IGTI11] 0 insights gerados
      IGTI11  — Análise 2025      
┏━━━━━━━━━━━━━━━━━━━━━┳━━━━━━━━━━┓
┃ Métrica             ┃    Valor ┃
┡━━━━━━━━━━━━━━━━━━━━━╇━━━━━━━━━━┩
│ Margem Bruta        │    71.6% │
│ Margem Líquida      │    47.9% │
│ DL/EBITDA           │     2.9x │
│ ROE                 │    14.6% │
│ FCF (R$ mi)         │ R$ 15 mi │
│ Crescimento Receita │    11.6% │
└─────────────────────┴──────────┘

Risco: MEDIUM (1 alertas)
  • [AVISO] HIGH_LEVERAGE: DL/EBITDA elevada: 2.9x

Valuation:
=== Valuation IGTI11  (base 2025) — EV/EBITDA Múltiplo ===
  base         R$      5,638.5 mi  (N/D)  → N/D
  optimistic   R$      9,861.7 mi  (N/D)  → N/D
  pessimistic  R$      3,526.9 mi  (N/D)  → N/D
[14:26:32]   ▶ analyze ALOS3
[32m2026-04-19 14:26:33[0m | [1mINFO    [0m | [36m__main__[0m — [ALOS3] iniciando análise completa...
[32m2026-04-19 14:26:33[0m | [1mINFO    [0m | [36msrc.analysis.metrics_engine[0m — [ALOS3] 2019: métricas calculadas [real_estate]
[32m2026-04-19 14:26:33[0m | [1mINFO    [0m | [36msrc.analysis.metrics_engine[0m — [ALOS3] 2020: métricas calculadas [real_estate]
[32m2026-04-19 14:26:33[0m | [1mINFO    [0m | [36msrc.analysis.metrics_engine[0m — [ALOS3] 2021: métricas calculadas [real_estate]
[32m2026-04-19 14:26:33[0m | [1mINFO    [0m | [36msrc.analysis.metrics_engine[0m — [ALOS3] 2022: métricas calculadas [real_estate]
[32m2026-04-19 14:26:33[0m | [1mINFO    [0m | [36msrc.analysis.metrics_engine[0m — [ALOS3] 2023: métricas calculadas [real_estate]
[32m2026-04-19 14:26:33[0m | [1mINFO    [0m | [36msrc.analysis.metrics_engine[0m — [ALOS3] 2024: métricas calculadas [real_estate]
[32m2026-04-19 14:26:33[0m | [1mINFO    [0m | [36msrc.analysis.metrics_engine[0m — [ALOS3] 2025: métricas calculadas [real_estate]
[32m2026-04-19 14:26:33[0m | [32m[1mSUCCESS [0m | [36msrc.analysis.metrics_engine[0m — [ALOS3] 7 períodos calculados
[32m2026-04-19 14:26:33[0m | [1mINFO    [0m | [36msrc.analysis.risk_engine[0m — [ALOS3] risco: LOW (0 alerta(s)) [real_estate]
[32m2026-04-19 14:26:33[0m | [1mINFO    [0m | [36msrc.valuation.auto_dcf[0m — [ALOS3] setor=real_estate  método=ev_ebitda_multiple  modelo=industrial
[32m2026-04-19 14:26:33[0m | [32m[1mSUCCESS [0m | [36msrc.valuation.auto_dcf[0m — [ALOS3] valuation concluído — EV/EBITDA Múltiplo | base=14,838 R$ mi
[32m2026-04-19 14:26:33[0m | [1mINFO    [0m | [36msrc.analysis.insight_engine[0m — [ALOS3] 0 insights gerados
        ALOS3  — Análise 2025        
┏━━━━━━━━━━━━━━━━━━━━━┳━━━━━━━━━━━━━┓
┃ Métrica             ┃       Valor ┃
┡━━━━━━━━━━━━━━━━━━━━━╇━━━━━━━━━━━━━┩
│ Margem Bruta        │       73.9% │
│ Margem Líquida      │       29.2% │
│ DL/EBITDA           │       -0.0x │
│ ROE                 │        6.3% │
│ FCF (R$ mi)         │ R$ 1,340 mi │
│ Crescimento Receita │        4.4% │
└─────────────────────┴─────────────┘

Risco: LOW (0 alertas)

Valuation:
=== Valuation ALOS3  (base 2025) — EV/EBITDA Múltiplo ===
  base         R$     14,838.4 mi  (N/D)  → N/D
  optimistic   R$     22,227.4 mi  (N/D)  → N/D
  pessimistic  R$     11,144.0 mi  (N/D)  → N/D
[14:26:33]   ▶ analyze RENT3
[32m2026-04-19 14:26:33[0m | [1mINFO    [0m | [36m__main__[0m — [RENT3] iniciando análise completa...
[32m2026-04-19 14:26:34[0m | [1mINFO    [0m | [36msrc.analysis.metrics_engine[0m — [RENT3] 2019: métricas calculadas [industrial]
[32m2026-04-19 14:26:34[0m | [1mINFO    [0m | [36msrc.analysis.metrics_engine[0m — [RENT3] 2020: métricas calculadas [industrial]
[32m2026-04-19 14:26:34[0m | [1mINFO    [0m | [36msrc.analysis.metrics_engine[0m — [RENT3] 2021: métricas calculadas [industrial]
[32m2026-04-19 14:26:34[0m | [1mINFO    [0m | [36msrc.analysis.metrics_engine[0m — [RENT3] 2022: métricas calculadas [industrial]
[32m2026-04-19 14:26:34[0m | [1mINFO    [0m | [36msrc.analysis.metrics_engine[0m — [RENT3] 2023: métricas calculadas [industrial]
[32m2026-04-19 14:26:34[0m | [1mINFO    [0m | [36msrc.analysis.metrics_engine[0m — [RENT3] 2024: métricas calculadas [industrial]
[32m2026-04-19 14:26:34[0m | [1mINFO    [0m | [36msrc.analysis.metrics_engine[0m — [RENT3] 2025: métricas calculadas [industrial]
[32m2026-04-19 14:26:34[0m | [32m[1mSUCCESS [0m | [36msrc.analysis.metrics_engine[0m — [RENT3] 7 períodos calculados
[32m2026-04-19 14:26:34[0m | [1mINFO    [0m | [36msrc.analysis.risk_engine[0m — [RENT3] risco: MEDIUM (1 alerta(s)) [industrial]
[32m2026-04-19 14:26:34[0m | [1mINFO    [0m | [36msrc.valuation.auto_dcf[0m — [RENT3] setor=industrial  método=dcf_fcff  modelo=industrial
[32m2026-04-19 14:26:34[0m | [32m[1mSUCCESS [0m | [36msrc.valuation.auto_dcf[0m — [RENT3] valuation concluído — DCF FCFF | base=51,345 R$ mi
[32m2026-04-19 14:26:34[0m | [1mINFO    [0m | [36msrc.analysis.insight_engine[0m — [RENT3] 0 insights gerados
        RENT3  — Análise 2025        
┏━━━━━━━━━━━━━━━━━━━━━┳━━━━━━━━━━━━━┓
┃ Métrica             ┃       Valor ┃
┡━━━━━━━━━━━━━━━━━━━━━╇━━━━━━━━━━━━━┩
│ ROE                 │        7.3% │
│ ROIC                │        8.5% │
│ Margem EBITDA       │       32.9% │
│ Margem Líquida      │        4.5% │
│ DL/EBITDA           │        3.0x │
│ FCF (R$ mi)         │ R$ 2,018 mi │
│ Conversão de FCF    │      107.6% │
│ Crescimento Receita │       12.1% │
│ Capex/Receita       │        0.3% │
└─────────────────────┴─────────────┘

Risco: MEDIUM (1 alertas)
  • [AVISO] HIGH_LEVERAGE: DL/EBITDA elevada: 3.0x

Valuation:
=== Valuation RENT3  (base 2025) — DCF FCFF ===
  base         R$     51,344.6 mi  (N/D)  → N/D
  optimistic   R$     94,472.3 mi  (N/D)  → N/D
  pessimistic  R$     15,599.4 mi  (N/D)  → N/D
[14:26:34]   ▶ analyze VAMO3
[32m2026-04-19 14:26:34[0m | [1mINFO    [0m | [36m__main__[0m — [VAMO3] iniciando análise completa...
[32m2026-04-19 14:26:34[0m | [1mINFO    [0m | [36msrc.analysis.metrics_engine[0m — [VAMO3] 2021: métricas calculadas [industrial]
[32m2026-04-19 14:26:34[0m | [1mINFO    [0m | [36msrc.analysis.metrics_engine[0m — [VAMO3] 2022: métricas calculadas [industrial]
[32m2026-04-19 14:26:34[0m | [1mINFO    [0m | [36msrc.analysis.metrics_engine[0m — [VAMO3] 2023: métricas calculadas [industrial]
[32m2026-04-19 14:26:34[0m | [1mINFO    [0m | [36msrc.analysis.metrics_engine[0m — [VAMO3] 2024: métricas calculadas [industrial]
[32m2026-04-19 14:26:34[0m | [32m[1mSUCCESS [0m | [36msrc.analysis.metrics_engine[0m — [VAMO3] 4 períodos calculados
[32m2026-04-19 14:26:34[0m | [1mINFO    [0m | [36msrc.analysis.risk_engine[0m — [VAMO3] risco: HIGH (2 alerta(s)) [industrial]
[32m2026-04-19 14:26:34[0m | [1mINFO    [0m | [36msrc.valuation.auto_dcf[0m — [VAMO3] setor=industrial  método=dcf_fcff  modelo=industrial
[32m2026-04-19 14:26:34[0m | [32m[1mSUCCESS [0m | [36msrc.valuation.auto_dcf[0m — [VAMO3] valuation concluído — DCF FCFF | base=0 R$ mi
[32m2026-04-19 14:26:34[0m | [1mINFO    [0m | [36msrc.analysis.insight_engine[0m — [VAMO3] 2 insights gerados
      VAMO3  — Análise 2024       
┏━━━━━━━━━━━━━━━━━━━━━┳━━━━━━━━━━┓
┃ Métrica             ┃    Valor ┃
┡━━━━━━━━━━━━━━━━━━━━━╇━━━━━━━━━━┩
│ ROE                 │        — │
│ ROIC                │   -52.2% │
│ Margem EBITDA       │   -33.4% │
│ Margem Líquida      │   -37.6% │
│ DL/EBITDA           │        — │
│ FCF (R$ mi)         │ R$ -5 mi │
│ Conversão de FCF    │     5.9% │
│ Crescimento Receita │   -39.3% │
│ Capex/Receita       │     0.1% │
└─────────────────────┴──────────┘

Risco: HIGH (2 alertas)
  • [RISCO] MARGIN_COMPRESSION: Margem EBITDA caindo 3 anos: -3.1% → -33.4%
  • [AVISO] NEGATIVE_FCF: FCF negativo: R$ -4,522 mil

Valuation:
=== Valuation VAMO3  (base 2024) — DCF FCFF ===
  base         R$          0.0 mi  (N/D)  → N/D
  optimistic   R$          0.0 mi  (N/D)  → N/D
  pessimistic  R$          0.0 mi  (N/D)  → N/D

Insights:
  [!] Contração de receita: Receita recuou -39.3% — investigar perda de volume 
vs pressão de preço.
  [!] Alertas de risco (HIGH): 2 risco(s) identificados. Principais: Margem 
EBITDA caindo 3 anos: -3.1% → -33.4%.
[14:26:34]   ▶ analyze TOTS3
[32m2026-04-19 14:26:35[0m | [1mINFO    [0m | [36m__main__[0m — [TOTS3] iniciando análise completa...
[32m2026-04-19 14:26:35[0m | [1mINFO    [0m | [36msrc.analysis.metrics_engine[0m — [TOTS3] 2019: métricas calculadas [technology]
[32m2026-04-19 14:26:35[0m | [1mINFO    [0m | [36msrc.analysis.metrics_engine[0m — [TOTS3] 2020: métricas calculadas [technology]
[32m2026-04-19 14:26:35[0m | [1mINFO    [0m | [36msrc.analysis.metrics_engine[0m — [TOTS3] 2021: métricas calculadas [technology]
[32m2026-04-19 14:26:35[0m | [1mINFO    [0m | [36msrc.analysis.metrics_engine[0m — [TOTS3] 2022: métricas calculadas [technology]
[32m2026-04-19 14:26:35[0m | [1mINFO    [0m | [36msrc.analysis.metrics_engine[0m — [TOTS3] 2023: métricas calculadas [technology]
[32m2026-04-19 14:26:35[0m | [1mINFO    [0m | [36msrc.analysis.metrics_engine[0m — [TOTS3] 2024: métricas calculadas [technology]
[32m2026-04-19 14:26:35[0m | [1mINFO    [0m | [36msrc.analysis.metrics_engine[0m — [TOTS3] 2025: métricas calculadas [technology]
[32m2026-04-19 14:26:35[0m | [32m[1mSUCCESS [0m | [36msrc.analysis.metrics_engine[0m — [TOTS3] 7 períodos calculados
[32m2026-04-19 14:26:35[0m | [1mINFO    [0m | [36msrc.analysis.risk_engine[0m — [TOTS3] risco: LOW (0 alerta(s)) [technology]
[32m2026-04-19 14:26:35[0m | [1mINFO    [0m | [36msrc.valuation.auto_dcf[0m — [TOTS3] setor=technology  método=dcf_fcff  modelo=industrial
[32m2026-04-19 14:26:35[0m | [32m[1mSUCCESS [0m | [36msrc.valuation.auto_dcf[0m — [TOTS3] valuation concluído — DCF FCFF | base=21,262 R$ mi
[32m2026-04-19 14:26:35[0m | [1mINFO    [0m | [36msrc.analysis.insight_engine[0m — [TOTS3] 0 insights gerados
        TOTS3  — Análise 2025        
┏━━━━━━━━━━━━━━━━━━━━━┳━━━━━━━━━━━━━┓
┃ Métrica             ┃       Valor ┃
┡━━━━━━━━━━━━━━━━━━━━━╇━━━━━━━━━━━━━┩
│ Margem EBITDA       │       25.4% │
│ Margem Líquida      │       15.4% │
│ ROE                 │       17.5% │
│ ROIC                │       15.9% │
│ FCF (R$ mi)         │ R$ 1,168 mi │
│ Conversão de FCF    │      130.9% │
│ Crescimento Receita │       10.5% │
└─────────────────────┴─────────────┘

Risco: LOW (0 alertas)

Valuation:
=== Valuation TOTS3  (base 2025) — DCF FCFF ===
  base         R$     21,261.6 mi  (N/D)  → N/D
  optimistic   R$     34,881.5 mi  (N/D)  → N/D
  pessimistic  R$     12,520.2 mi  (N/D)  → N/D
[14:26:35]   ▶ analyze LWSA3
[32m2026-04-19 14:26:35[0m | [1mINFO    [0m | [36m__main__[0m — [LWSA3] iniciando análise completa...
[32m2026-04-19 14:26:36[0m | [1mINFO    [0m | [36msrc.analysis.metrics_engine[0m — [LWSA3] 2019: métricas calculadas [technology]
[32m2026-04-19 14:26:36[0m | [1mINFO    [0m | [36msrc.analysis.metrics_engine[0m — [LWSA3] 2020: métricas calculadas [technology]
[32m2026-04-19 14:26:36[0m | [1mINFO    [0m | [36msrc.analysis.metrics_engine[0m — [LWSA3] 2021: métricas calculadas [technology]
[32m2026-04-19 14:26:36[0m | [1mINFO    [0m | [36msrc.analysis.metrics_engine[0m — [LWSA3] 2022: métricas calculadas [technology]
[32m2026-04-19 14:26:36[0m | [1mINFO    [0m | [36msrc.analysis.metrics_engine[0m — [LWSA3] 2023: métricas calculadas [technology]
[32m2026-04-19 14:26:36[0m | [1mINFO    [0m | [36msrc.analysis.metrics_engine[0m — [LWSA3] 2024: métricas calculadas [technology]
[32m2026-04-19 14:26:36[0m | [1mINFO    [0m | [36msrc.analysis.metrics_engine[0m — [LWSA3] 2025: métricas calculadas [technology]
[32m2026-04-19 14:26:36[0m | [32m[1mSUCCESS [0m | [36msrc.analysis.metrics_engine[0m — [LWSA3] 7 períodos calculados
[32m2026-04-19 14:26:36[0m | [1mINFO    [0m | [36msrc.analysis.risk_engine[0m — [LWSA3] risco: HIGH (1 alerta(s)) [technology]
[32m2026-04-19 14:26:36[0m | [1mINFO    [0m | [36msrc.valuation.auto_dcf[0m — [LWSA3] setor=technology  método=dcf_fcff  modelo=industrial
[32m2026-04-19 14:26:36[0m | [32m[1mSUCCESS [0m | [36msrc.valuation.auto_dcf[0m — [LWSA3] valuation concluído — DCF FCFF | base=479 R$ mi
[32m2026-04-19 14:26:36[0m | [1mINFO    [0m | [36msrc.analysis.insight_engine[0m — [LWSA3] 1 insights gerados
       LWSA3  — Análise 2025       
┏━━━━━━━━━━━━━━━━━━━━━┳━━━━━━━━━━━┓
┃ Métrica             ┃     Valor ┃
┡━━━━━━━━━━━━━━━━━━━━━╇━━━━━━━━━━━┩
│ Margem EBITDA       │     -9.0% │
│ Margem Líquida      │      0.0% │
│ ROE                 │      0.0% │
│ ROIC                │     -9.3% │
│ FCF (R$ mi)         │ R$ 120 mi │
│ Conversão de FCF    │         — │
│ Crescimento Receita │      8.6% │
└─────────────────────┴───────────┘

Risco: HIGH (1 alertas)
  • [RISCO] MARGIN_COMPRESSION: Margem EBITDA caindo 2 anos: 17.8% → -9.0%

Valuation:
=== Valuation LWSA3  (base 2025) — DCF FCFF ===
  base         R$        479.0 mi  (N/D)  → N/D
  optimistic   R$        690.2 mi  (N/D)  → N/D
  pessimistic  R$        271.4 mi  (N/D)  → N/D

Insights:
  [!] Alertas de risco (HIGH): 1 risco(s) identificados. Principais: Margem 
EBITDA caindo 2 anos: 17.8% → -9.0%.
[14:26:36]   ▶ analyze COGN3
[32m2026-04-19 14:26:36[0m | [1mINFO    [0m | [36m__main__[0m — [COGN3] iniciando análise completa...
[32m2026-04-19 14:26:37[0m | [1mINFO    [0m | [36msrc.analysis.metrics_engine[0m — [COGN3] 2019: métricas calculadas [education]
[32m2026-04-19 14:26:37[0m | [1mINFO    [0m | [36msrc.analysis.metrics_engine[0m — [COGN3] 2020: métricas calculadas [education]
[32m2026-04-19 14:26:37[0m | [1mINFO    [0m | [36msrc.analysis.metrics_engine[0m — [COGN3] 2021: métricas calculadas [education]
[32m2026-04-19 14:26:37[0m | [1mINFO    [0m | [36msrc.analysis.metrics_engine[0m — [COGN3] 2022: métricas calculadas [education]
[32m2026-04-19 14:26:37[0m | [1mINFO    [0m | [36msrc.analysis.metrics_engine[0m — [COGN3] 2023: métricas calculadas [education]
[32m2026-04-19 14:26:37[0m | [1mINFO    [0m | [36msrc.analysis.metrics_engine[0m — [COGN3] 2024: métricas calculadas [education]
[32m2026-04-19 14:26:37[0m | [1mINFO    [0m | [36msrc.analysis.metrics_engine[0m — [COGN3] 2025: métricas calculadas [education]
[32m2026-04-19 14:26:37[0m | [32m[1mSUCCESS [0m | [36msrc.analysis.metrics_engine[0m — [COGN3] 7 períodos calculados
[32m2026-04-19 14:26:37[0m | [1mINFO    [0m | [36msrc.analysis.risk_engine[0m — [COGN3] risco: HIGH (3 alerta(s)) [education]
[32m2026-04-19 14:26:37[0m | [1mINFO    [0m | [36msrc.valuation.auto_dcf[0m — [COGN3] setor=education  método=dcf_fcff  modelo=industrial
[32m2026-04-19 14:26:37[0m | [32m[1mSUCCESS [0m | [36msrc.valuation.auto_dcf[0m — [COGN3] valuation concluído — DCF FCFF | base=7,341 R$ mi
[32m2026-04-19 14:26:37[0m | [1mINFO    [0m | [36msrc.analysis.insight_engine[0m — [COGN3] 1 insights gerados
     COGN3  — Análise 2025      
┏━━━━━━━━━━━━━━━━━━━━━┳━━━━━━━━┓
┃ Métrica             ┃  Valor ┃
┡━━━━━━━━━━━━━━━━━━━━━╇━━━━━━━━┩
│ Margem EBITDA       │  24.8% │
│ Margem Líquida      │   8.9% │
│ ROE                 │   4.6% │
│ DL/EBITDA           │   3.8x │
│ Conversão de FCF    │ 182.1% │
│ Crescimento Receita │   9.8% │
└─────────────────────┴────────┘

Risco: HIGH (3 alertas)
  • [RISCO] HIGH_LEVERAGE: DL/EBITDA elevada: 3.8x
  • [RISCO] MARGIN_COMPRESSION: Margem EBITDA caindo 2 anos: 28.3% → 24.8%
  • [AVISO] FALLING_NET_INCOME: Lucro em queda por 2 anos consecutivos

Valuation:
=== Valuation COGN3  (base 2025) — DCF FCFF ===
  base         R$      7,341.5 mi  (N/D)  → N/D
  optimistic   R$     12,645.2 mi  (N/D)  → N/D
  pessimistic  R$      2,717.0 mi  (N/D)  → N/D

Insights:
  [!] Alertas de risco (HIGH): 3 risco(s) identificados. Principais: DL/EBITDA 
elevada: 3.8x; Margem EBITDA caindo 2 anos: 28.3% → 24.8%.
[14:26:37]   ▶ analyze YDUQ3
[32m2026-04-19 14:26:37[0m | [1mINFO    [0m | [36m__main__[0m — [YDUQ3] iniciando análise completa...
[32m2026-04-19 14:26:38[0m | [1mINFO    [0m | [36msrc.analysis.metrics_engine[0m — [YDUQ3] 2019: métricas calculadas [education]
[32m2026-04-19 14:26:38[0m | [1mINFO    [0m | [36msrc.analysis.metrics_engine[0m — [YDUQ3] 2020: métricas calculadas [education]
[32m2026-04-19 14:26:38[0m | [1mINFO    [0m | [36msrc.analysis.metrics_engine[0m — [YDUQ3] 2021: métricas calculadas [education]
[32m2026-04-19 14:26:38[0m | [1mINFO    [0m | [36msrc.analysis.metrics_engine[0m — [YDUQ3] 2022: métricas calculadas [education]
[32m2026-04-19 14:26:38[0m | [1mINFO    [0m | [36msrc.analysis.metrics_engine[0m — [YDUQ3] 2023: métricas calculadas [education]
[32m2026-04-19 14:26:38[0m | [1mINFO    [0m | [36msrc.analysis.metrics_engine[0m — [YDUQ3] 2024: métricas calculadas [education]
[32m2026-04-19 14:26:38[0m | [1mINFO    [0m | [36msrc.analysis.metrics_engine[0m — [YDUQ3] 2025: métricas calculadas [education]
[32m2026-04-19 14:26:38[0m | [32m[1mSUCCESS [0m | [36msrc.analysis.metrics_engine[0m — [YDUQ3] 7 períodos calculados
[32m2026-04-19 14:26:38[0m | [1mINFO    [0m | [36msrc.analysis.risk_engine[0m — [YDUQ3] risco: HIGH (2 alerta(s)) [education]
[32m2026-04-19 14:26:38[0m | [1mINFO    [0m | [36msrc.valuation.auto_dcf[0m — [YDUQ3] setor=education  método=dcf_fcff  modelo=industrial
[32m2026-04-19 14:26:38[0m | [32m[1mSUCCESS [0m | [36msrc.valuation.auto_dcf[0m — [YDUQ3] valuation concluído — DCF FCFF | base=4,001 R$ mi
[32m2026-04-19 14:26:38[0m | [1mINFO    [0m | [36msrc.analysis.insight_engine[0m — [YDUQ3] 1 insights gerados
     YDUQ3  — Análise 2025      
┏━━━━━━━━━━━━━━━━━━━━━┳━━━━━━━━┓
┃ Métrica             ┃  Valor ┃
┡━━━━━━━━━━━━━━━━━━━━━╇━━━━━━━━┩
│ Margem EBITDA       │  30.8% │
│ Margem Líquida      │   3.3% │
│ ROE                 │   6.2% │
│ DL/EBITDA           │   2.8x │
│ Conversão de FCF    │ 580.8% │
│ Crescimento Receita │   3.2% │
└─────────────────────┴────────┘

Risco: HIGH (2 alertas)
  • [AVISO] HIGH_LEVERAGE: DL/EBITDA elevada: 2.8x
  • [RISCO] MARGIN_COMPRESSION: Margem EBITDA caindo 2 anos: 32.6% → 30.8%

Valuation:
=== Valuation YDUQ3  (base 2025) — DCF FCFF ===
  base         R$      4,000.6 mi  (N/D)  → N/D
  optimistic   R$      7,400.3 mi  (N/D)  → N/D
  pessimistic  R$        960.1 mi  (N/D)  → N/D

Insights:
  [!] Alertas de risco (HIGH): 2 risco(s) identificados. Principais: Margem 
EBITDA caindo 2 anos: 32.6% → 30.8%.
[14:26:38]   ▶ analyze AZUL4
[32m2026-04-19 14:26:38[0m | [1mINFO    [0m | [36m__main__[0m — [AZUL4] iniciando análise completa...
[32m2026-04-19 14:26:39[0m | [1mINFO    [0m | [36msrc.analysis.metrics_engine[0m — [AZUL4] 2019: métricas calculadas [industrial]
[32m2026-04-19 14:26:39[0m | [1mINFO    [0m | [36msrc.analysis.metrics_engine[0m — [AZUL4] 2020: métricas calculadas [industrial]
[32m2026-04-19 14:26:39[0m | [1mINFO    [0m | [36msrc.analysis.metrics_engine[0m — [AZUL4] 2021: métricas calculadas [industrial]
[32m2026-04-19 14:26:39[0m | [1mINFO    [0m | [36msrc.analysis.metrics_engine[0m — [AZUL4] 2022: métricas calculadas [industrial]
[32m2026-04-19 14:26:39[0m | [1mINFO    [0m | [36msrc.analysis.metrics_engine[0m — [AZUL4] 2023: métricas calculadas [industrial]
[32m2026-04-19 14:26:39[0m | [1mINFO    [0m | [36msrc.analysis.metrics_engine[0m — [AZUL4] 2024: métricas calculadas [industrial]
[32m2026-04-19 14:26:39[0m | [1mINFO    [0m | [36msrc.analysis.metrics_engine[0m — [AZUL4] 2025: métricas calculadas [industrial]
[32m2026-04-19 14:26:39[0m | [32m[1mSUCCESS [0m | [36msrc.analysis.metrics_engine[0m — [AZUL4] 7 períodos calculados
[32m2026-04-19 14:26:39[0m | [1mINFO    [0m | [36msrc.analysis.risk_engine[0m — [AZUL4] risco: HIGH (2 alerta(s)) [industrial]
[32m2026-04-19 14:26:39[0m | [1mINFO    [0m | [36msrc.valuation.auto_dcf[0m — [AZUL4] setor=industrial  método=dcf_fcff  modelo=industrial
[32m2026-04-19 14:26:39[0m | [32m[1mSUCCESS [0m | [36msrc.valuation.auto_dcf[0m — [AZUL4] valuation concluído — DCF FCFF | base=18,708 R$ mi
[32m2026-04-19 14:26:39[0m | [1mINFO    [0m | [36msrc.analysis.insight_engine[0m — [AZUL4] 1 insights gerados
        AZUL4  — Análise 2025         
┏━━━━━━━━━━━━━━━━━━━━━┳━━━━━━━━━━━━━━┓
┃ Métrica             ┃        Valor ┃
┡━━━━━━━━━━━━━━━━━━━━━╇━━━━━━━━━━━━━━┩
│ ROE                 │            — │
│ ROIC                │        54.1% │
│ Margem EBITDA       │        33.9% │
│ Margem Líquida      │         0.6% │
│ DL/EBITDA           │         4.8x │
│ FCF (R$ mi)         │ R$ -1,238 mi │
│ Conversão de FCF    │      -991.8% │
│ Crescimento Receita │        10.8% │
│ Capex/Receita       │         0.0% │
└─────────────────────┴──────────────┘

Risco: HIGH (2 alertas)
  • [RISCO] HIGH_LEVERAGE: DL/EBITDA elevada: 4.8x
  • [AVISO] NEGATIVE_FCF: FCF negativo: R$ -1,238,446 mil

Valuation:
=== Valuation AZUL4  (base 2025) — DCF FCFF ===
  base         R$     18,707.8 mi  (N/D)  → N/D
  optimistic   R$     43,273.1 mi  (N/D)  → N/D
  pessimistic  R$          0.0 mi  (N/D)  → N/D

Insights:
  [!] Alertas de risco (HIGH): 2 risco(s) identificados. Principais: DL/EBITDA 
elevada: 4.8x.
[14:26:39]   ▶ analyze CVCB3
[32m2026-04-19 14:26:39[0m | [1mINFO    [0m | [36m__main__[0m — [CVCB3] iniciando análise completa...
[32m2026-04-19 14:26:39[0m | [1mINFO    [0m | [36msrc.analysis.metrics_engine[0m — [CVCB3] 2019: métricas calculadas [retail]
[32m2026-04-19 14:26:39[0m | [1mINFO    [0m | [36msrc.analysis.metrics_engine[0m — [CVCB3] 2020: métricas calculadas [retail]
[32m2026-04-19 14:26:39[0m | [1mINFO    [0m | [36msrc.analysis.metrics_engine[0m — [CVCB3] 2021: métricas calculadas [retail]
[32m2026-04-19 14:26:39[0m | [1mINFO    [0m | [36msrc.analysis.metrics_engine[0m — [CVCB3] 2022: métricas calculadas [retail]
[32m2026-04-19 14:26:39[0m | [1mINFO    [0m | [36msrc.analysis.metrics_engine[0m — [CVCB3] 2023: métricas calculadas [retail]
[32m2026-04-19 14:26:39[0m | [1mINFO    [0m | [36msrc.analysis.metrics_engine[0m — [CVCB3] 2024: métricas calculadas [retail]
[32m2026-04-19 14:26:39[0m | [1mINFO    [0m | [36msrc.analysis.metrics_engine[0m — [CVCB3] 2025: métricas calculadas [retail]
[32m2026-04-19 14:26:39[0m | [32m[1mSUCCESS [0m | [36msrc.analysis.metrics_engine[0m — [CVCB3] 7 períodos calculados
[32m2026-04-19 14:26:39[0m | [1mINFO    [0m | [36msrc.analysis.risk_engine[0m — [CVCB3] risco: LOW (0 alerta(s)) [retail]
[32m2026-04-19 14:26:39[0m | [1mINFO    [0m | [36msrc.valuation.auto_dcf[0m — [CVCB3] setor=retail  método=dcf_fcff  modelo=industrial
[32m2026-04-19 14:26:39[0m | [32m[1mSUCCESS [0m | [36msrc.valuation.auto_dcf[0m — [CVCB3] valuation concluído — DCF FCFF | base=39,656 R$ mi
[32m2026-04-19 14:26:39[0m | [1mINFO    [0m | [36msrc.analysis.insight_engine[0m — [CVCB3] 0 insights gerados
     CVCB3  — Análise 2025      
┏━━━━━━━━━━━━━━━━━━━━━┳━━━━━━━━┓
┃ Métrica             ┃  Valor ┃
┡━━━━━━━━━━━━━━━━━━━━━╇━━━━━━━━┩
│ Margem Bruta        │  25.2% │
│ Margem EBITDA       │  15.7% │
│ Margem Líquida      │   5.1% │
│ DL/EBITDA           │   1.5x │
│ Conversão de FCF    │ 248.2% │
│ Crescimento Receita │   6.0% │
│ ROE                 │  24.5% │
│ Capex/Receita       │   3.5% │
└─────────────────────┴────────┘

Risco: LOW (0 alertas)

Valuation:
=== Valuation CVCB3  (base 2025) — DCF FCFF ===
  base         R$     39,656.2 mi  (N/D)  → N/D
  optimistic   R$     67,106.5 mi  (N/D)  → N/D
  pessimistic  R$     16,157.6 mi  (N/D)  → N/D
[14:26:39] 
[14:26:39] FASE 4 — Status final:
 Intelligence System — Configuração 
┏━━━━━━━━━━━━━━━━┳━━━━━━━━━━━━━━━━━┓
┃ Item           ┃ Valor           ┃
┡━━━━━━━━━━━━━━━━╇━━━━━━━━━━━━━━━━━┩
│ Ambiente       │ production      │
│ Tickers ativos │ 89              │
│ Supabase       │ não configurado │
│ Telegram       │ configurado     │
│ Claude API     │ configurada     │
└────────────────┴─────────────────┘
                     Dados Processados                      
┏━━━━━━━━┳━━━━━━┳━━━━━━━━━━━━━━━━━━━━━━━━━━━━━━━━━━━━━━━━━━┓
┃ Ticker ┃ Anos ┃ Períodos                                 ┃
┡━━━━━━━━╇━━━━━━╇━━━━━━━━━━━━━━━━━━━━━━━━━━━━━━━━━━━━━━━━━━┩
│ BBAS3  │    7 │ 2019, 2020, 2021, 2022, 2023, 2024, 2025 │
│ ITUB4  │    7 │ 2019, 2020, 2021, 2022, 2023, 2024, 2025 │
│ BBDC4  │    7 │ 2019, 2020, 2021, 2022, 2023, 2024, 2025 │
│ SANB11 │    7 │ 2019, 2020, 2021, 2022, 2023, 2024, 2025 │
│ BPAC11 │    7 │ 2019, 2020, 2021, 2022, 2023, 2024, 2025 │
│ BRSR6  │    7 │ 2019, 2020, 2021, 2022, 2023, 2024, 2025 │
│ ABCB4  │    5 │ 2019, 2020, 2021, 2022, 2023             │
│ BMGB4  │    7 │ 2019, 2020, 2021, 2022, 2023, 2024, 2025 │
│ BPAN4  │    6 │ 2019, 2020, 2021, 2022, 2023, 2024       │
│ PINE4  │    7 │ 2019, 2020, 2021, 2022, 2023, 2024, 2025 │
│ INTR4  │    5 │ 2021, 2022, 2023, 2024, 2025             │
│ ITSA4  │    7 │ 2019, 2020, 2021, 2022, 2023, 2024, 2025 │
│ BBSE3  │    7 │ 2019, 2020, 2021, 2022, 2023, 2024, 2025 │
│ BRAP4  │    5 │ 2019, 2020, 2021, 2022, 2023             │
│ IRBR3  │    7 │ 2019, 2020, 2021, 2022, 2023, 2024, 2025 │
│ PSSA3  │    7 │ 2019, 2020, 2021, 2022, 2023, 2024, 2025 │
│ CXSE3  │    7 │ 2019, 2020, 2021, 2022, 2023, 2024, 2025 │
│ B3SA3  │    7 │ 2019, 2020, 2021, 2022, 2023, 2024, 2025 │
│ PETR4  │    7 │ 2019, 2020, 2021, 2022, 2023, 2024, 2025 │
│ PRIO3  │    7 │ 2019, 2020, 2021, 2022, 2023, 2024, 2025 │
│ BRAV3  │    7 │ 2019, 2020, 2021, 2022, 2023, 2024, 2025 │
│ RECV3  │    0 │ —                                        │
│ VBBR3  │    7 │ 2019, 2020, 2021, 2022, 2023, 2024, 2025 │
│ RAIZ4  │    7 │ 2019, 2020, 2021, 2022, 2023, 2024, 2025 │
│ ENEV3  │    7 │ 2019, 2020, 2021, 2022, 2023, 2024, 2025 │
│ CSAN3  │    7 │ 2019, 2020, 2021, 2022, 2023, 2024, 2025 │
│ VALE3  │    7 │ 2019, 2020, 2021, 2022, 2023, 2024, 2025 │
│ CMIN3  │    7 │ 2019, 2020, 2021, 2022, 2023, 2024, 2025 │
│ GGBR4  │    7 │ 2019, 2020, 2021, 2022, 2023, 2024, 2025 │
│ GOAU4  │    7 │ 2019, 2020, 2021, 2022, 2023, 2024, 2025 │
│ CSNA3  │    7 │ 2019, 2020, 2021, 2022, 2023, 2024, 2025 │
│ USIM5  │    7 │ 2019, 2020, 2021, 2022, 2023, 2024, 2025 │
│ BRKM5  │    7 │ 2019, 2020, 2021, 2022, 2023, 2024, 2025 │
│ ELET3  │    0 │ —                                        │
│ CMIG4  │    7 │ 2019, 2020, 2021, 2022, 2023, 2024, 2025 │
│ CPFE3  │    7 │ 2019, 2020, 2021, 2022, 2023, 2024, 2025 │
│ CPLE6  │    7 │ 2019, 2020, 2021, 2022, 2023, 2024, 2025 │
│ EGIE3  │    7 │ 2019, 2020, 2021, 2022, 2023, 2024, 2025 │
│ ENGI11 │    7 │ 2019, 2020, 2021, 2022, 2023, 2024, 2025 │
│ EQTL3  │    1 │ 2024                                     │
│ AURE3  │    5 │ 2021, 2022, 2023, 2024, 2025             │
│ ISAE4  │    7 │ 2019, 2020, 2021, 2022, 2023, 2024, 2025 │
│ TAEE11 │    0 │ —                                        │
│ SBSP3  │    3 │ 2023, 2024, 2025                         │
│ VIVT3  │    0 │ —                                        │
│ TIMS3  │    5 │ 2020, 2022, 2023, 2024, 2025             │
│ WEGE3  │    7 │ 2019, 2020, 2021, 2022, 2023, 2024, 2025 │
│ EMBR3  │    7 │ 2019, 2020, 2021, 2022, 2023, 2024, 2025 │
│ POMO4  │    7 │ 2019, 2020, 2021, 2022, 2023, 2024, 2025 │
│ STBP3  │    7 │ 2019, 2020, 2021, 2022, 2023, 2024, 2025 │
│ CCRO3  │    0 │ —                                        │
│ RAIL3  │    7 │ 2019, 2020, 2021, 2022, 2023, 2024, 2025 │
│ UGPA3  │    7 │ 2019, 2020, 2021, 2022, 2023, 2024, 2025 │
│ SUZB3  │    7 │ 2019, 2020, 2021, 2022, 2023, 2024, 2025 │
│ KLBN11 │    7 │ 2019, 2020, 2021, 2022, 2023, 2024, 2025 │
│ ABEV3  │    7 │ 2019, 2020, 2021, 2022, 2023, 2024, 2025 │
│ JBSS3  │    7 │ 2019, 2020, 2021, 2022, 2023, 2024, 2025 │
│ BRFS3  │    7 │ 2019, 2020, 2021, 2022, 2023, 2024, 2025 │
│ MRFG3  │    7 │ 2019, 2020, 2021, 2022, 2023, 2024, 2025 │
│ BEEF3  │    7 │ 2019, 2020, 2021, 2022, 2023, 2024, 2025 │
│ SMTO3  │    7 │ 2019, 2020, 2021, 2022, 2023, 2024, 2025 │
│ SLCE3  │    7 │ 2019, 2020, 2021, 2022, 2023, 2024, 2025 │
│ LREN3  │    7 │ 2019, 2020, 2021, 2022, 2023, 2024, 2025 │
│ MGLU3  │    7 │ 2019, 2020, 2021, 2022, 2023, 2024, 2025 │
│ AZZA3  │    7 │ 2019, 2020, 2021, 2022, 2023, 2024, 2025 │
│ NTCO3  │    7 │ 2019, 2020, 2021, 2022, 2023, 2024, 2025 │
│ CRFB3  │    0 │ —                                        │
│ PCAR3  │    0 │ —                                        │
│ PETZ3  │    0 │ —                                        │
│ VIVA3  │    7 │ 2019, 2020, 2021, 2022, 2023, 2024, 2025 │
│ AMOB3  │    3 │ 2023, 2024, 2025                         │
│ RDOR3  │    0 │ —                                        │
│ HAPV3  │    7 │ 2019, 2020, 2021, 2022, 2023, 2024, 2025 │
│ FLRY3  │    7 │ 2019, 2020, 2021, 2022, 2023, 2024, 2025 │
│ HYPE3  │    7 │ 2019, 2020, 2021, 2022, 2023, 2024, 2025 │
│ RADL3  │    7 │ 2019, 2020, 2021, 2022, 2023, 2024, 2025 │
│ MULT3  │    7 │ 2019, 2020, 2021, 2022, 2023, 2024, 2025 │
│ CYRE3  │    7 │ 2019, 2020, 2021, 2022, 2023, 2024, 2025 │
│ MRVE3  │    7 │ 2019, 2020, 2021, 2022, 2023, 2024, 2025 │
│ IGTI11 │    7 │ 2019, 2020, 2021, 2022, 2023, 2024, 2025 │
│ ALOS3  │    7 │ 2019, 2020, 2021, 2022, 2023, 2024, 2025 │
│ RENT3  │    7 │ 2019, 2020, 2021, 2022, 2023, 2024, 2025 │
│ VAMO3  │    4 │ 2021, 2022, 2023, 2024                   │
│ TOTS3  │    7 │ 2019, 2020, 2021, 2022, 2023, 2024, 2025 │
│ LWSA3  │    7 │ 2019, 2020, 2021, 2022, 2023, 2024, 2025 │
│ COGN3  │    7 │ 2019, 2020, 2021, 2022, 2023, 2024, 2025 │
│ YDUQ3  │    7 │ 2019, 2020, 2021, 2022, 2023, 2024, 2025 │
│ AZUL4  │    7 │ 2019, 2020, 2021, 2022, 2023, 2024, 2025 │
│ CVCB3  │    7 │ 2019, 2020, 2021, 2022, 2023, 2024, 2025 │
└────────┴──────┴──────────────────────────────────────────┘
[14:26:40] 
[14:26:40] Bootstrap concluído! Log salvo em: logs/bootstrap_20260419_141803.log
