2026-04-19 13:38:19 | INFO     | __main__ — [BBAS3] iniciando ingestão...
2026-04-19 13:38:19 | INFO     | src.ingestion.cvm_downloader — [BBAS3] DFP: baixando 1 ano(s): [2026]
2026-04-19 13:38:19 | INFO     | src.ingestion.cvm_downloader — [DFP 2026] Baixando: https://dados.cvm.gov.br/dados/CIA_ABERTA/DOC/DFP/DADOS/dfp_cia_aberta_2026.zip
2026-04-19 13:38:19 | ERROR    | src.ingestion.cvm_downloader — [BBAS3] DFP 2026: [DFP 2026] Não encontrado na CVM (404): https://dados.cvm.gov.br/dados/CIA_ABERTA/DOC/DFP/DADOS/dfp_cia_aberta_2026.zip
2026-04-19 13:38:19 | INFO     | src.ingestion.cvm_downloader — [BBAS3] ITR: baixando 8 ano(s): [2019, 2020, 2021, 2022, 2023, 2024, 2025, 2026]
2026-04-19 13:38:19 | INFO     | src.ingestion.cvm_downloader — [ITR 2019] Baixando: https://dados.cvm.gov.br/dados/CIA_ABERTA/DOC/ITR/DADOS/itr_cia_aberta_2019.zip
2026-04-19 13:38:55 | INFO     | src.ingestion.cvm_downloader — [ITR 2019] 18 arquivos extraídos em /Users/diegocarvalho/Library/CloudStorage/OneDrive-EPEJUD/DIEGO/OBSIDIAN/Analista de Investimentos/12_PYTHON/data/raw/cvm/ITR/2019
2026-04-19 13:38:56 | INFO     | src.ingestion.cvm_downloader — [ITR 2020] Baixando: https://dados.cvm.gov.br/dados/CIA_ABERTA/DOC/ITR/DADOS/itr_cia_aberta_2020.zip
2026-04-19 13:39:26 | INFO     | __main__ — [ITUB4] iniciando ingestão...
2026-04-19 13:39:26 | INFO     | src.ingestion.cvm_downloader — [ITUB4] DFP: baixando 1 ano(s): [2026]
2026-04-19 13:39:26 | INFO     | src.ingestion.cvm_downloader — [DFP 2026] Baixando: https://dados.cvm.gov.br/dados/CIA_ABERTA/DOC/DFP/DADOS/dfp_cia_aberta_2026.zip
2026-04-19 13:39:27 | ERROR    | src.ingestion.cvm_downloader — [ITUB4] DFP 2026: [DFP 2026] Não encontrado na CVM (404): https://dados.cvm.gov.br/dados/CIA_ABERTA/DOC/DFP/DADOS/dfp_cia_aberta_2026.zip
2026-04-19 13:39:27 | INFO     | src.ingestion.cvm_downloader — [ITUB4] ITR: baixando 7 ano(s): [2020, 2021, 2022, 2023, 2024, 2025, 2026]
2026-04-19 13:39:27 | INFO     | src.ingestion.cvm_downloader — [ITR 2020] Baixando: https://dados.cvm.gov.br/dados/CIA_ABERTA/DOC/ITR/DADOS/itr_cia_aberta_2020.zip
2026-04-19 13:41:16 | INFO     | __main__ — [ITUB4] iniciando ingestão...
2026-04-19 13:41:16 | INFO     | src.ingestion.cvm_downloader — [ITUB4] DFP: baixando 1 ano(s): [2026]
2026-04-19 13:41:16 | INFO     | src.ingestion.cvm_downloader — [DFP 2026] Baixando: https://dados.cvm.gov.br/dados/CIA_ABERTA/DOC/DFP/DADOS/dfp_cia_aberta_2026.zip
2026-04-19 13:41:19 | ERROR    | src.ingestion.cvm_downloader — [ITUB4] DFP 2026: [DFP 2026] Não encontrado na CVM (404): https://dados.cvm.gov.br/dados/CIA_ABERTA/DOC/DFP/DADOS/dfp_cia_aberta_2026.zip
2026-04-19 13:41:19 | INFO     | src.ingestion.cvm_downloader — [ITUB4] ITR: baixando 7 ano(s): [2020, 2021, 2022, 2023, 2024, 2025, 2026]
2026-04-19 13:41:19 | INFO     | src.ingestion.cvm_downloader — [ITR 2020] Baixando: https://dados.cvm.gov.br/dados/CIA_ABERTA/DOC/ITR/DADOS/itr_cia_aberta_2020.zip
2026-04-19 13:41:30 | INFO     | src.ingestion.cvm_downloader — [ITR 2020] 19 arquivos extraídos em /Users/diegocarvalho/Library/CloudStorage/OneDrive-EPEJUD/DIEGO/OBSIDIAN/Analista de Investimentos/12_PYTHON/data/raw/cvm/ITR/2020
2026-04-19 13:41:31 | INFO     | src.ingestion.cvm_downloader — [ITR 2021] Baixando: https://dados.cvm.gov.br/dados/CIA_ABERTA/DOC/ITR/DADOS/itr_cia_aberta_2021.zip
2026-04-19 13:44:53 | INFO     | src.ingestion.cvm_downloader — [ITR 2020] 19 arquivos extraídos em /Users/diegocarvalho/Library/CloudStorage/OneDrive-EPEJUD/DIEGO/OBSIDIAN/Analista de Investimentos/12_PYTHON/data/raw/cvm/ITR/2020
2026-04-19 13:44:55 | INFO     | src.ingestion.cvm_downloader — [ITR 2021] Baixando: https://dados.cvm.gov.br/dados/CIA_ABERTA/DOC/ITR/DADOS/itr_cia_aberta_2021.zip
2026-04-19 13:45:06 | INFO     | src.ingestion.cvm_downloader — [ITR 2020] 19 arquivos extraídos em /Users/diegocarvalho/Library/CloudStorage/OneDrive-EPEJUD/DIEGO/OBSIDIAN/Analista de Investimentos/12_PYTHON/data/raw/cvm/ITR/2020
2026-04-19 13:45:08 | INFO     | src.ingestion.cvm_downloader — [ITR 2021] Baixando: https://dados.cvm.gov.br/dados/CIA_ABERTA/DOC/ITR/DADOS/itr_cia_aberta_2021.zip
2026-04-19 13:45:50 | INFO     | src.ingestion.cvm_downloader — [ITR 2021] 19 arquivos extraídos em /Users/diegocarvalho/Library/CloudStorage/OneDrive-EPEJUD/DIEGO/OBSIDIAN/Analista de Investimentos/12_PYTHON/data/raw/cvm/ITR/2021
2026-04-19 13:45:52 | INFO     | src.ingestion.cvm_downloader — [ITR 2022] Baixando: https://dados.cvm.gov.br/dados/CIA_ABERTA/DOC/ITR/DADOS/itr_cia_aberta_2022.zip
2026-04-19 13:47:31 | INFO     | src.ingestion.cvm_downloader — [ITR 2021] 19 arquivos extraídos em /Users/diegocarvalho/Library/CloudStorage/OneDrive-EPEJUD/DIEGO/OBSIDIAN/Analista de Investimentos/12_PYTHON/data/raw/cvm/ITR/2021
2026-04-19 13:47:33 | INFO     | src.ingestion.cvm_downloader — [ITR 2022] Baixando: https://dados.cvm.gov.br/dados/CIA_ABERTA/DOC/ITR/DADOS/itr_cia_aberta_2022.zip
2026-04-19 13:48:50 | INFO     | __main__ — [BBAS3] iniciando ingestão...
2026-04-19 13:48:50 | INFO     | src.ingestion.cvm_downloader — [BBAS3] DFP: baixando 1 ano(s): [2026]
2026-04-19 13:48:50 | INFO     | src.ingestion.cvm_downloader — [DFP 2026] Baixando: https://dados.cvm.gov.br/dados/CIA_ABERTA/DOC/DFP/DADOS/dfp_cia_aberta_2026.zip
2026-04-19 13:48:52 | ERROR    | src.ingestion.cvm_downloader — [BBAS3] DFP 2026: [DFP 2026] Não encontrado na CVM (404): https://dados.cvm.gov.br/dados/CIA_ABERTA/DOC/DFP/DADOS/dfp_cia_aberta_2026.zip
2026-04-19 13:48:52 | INFO     | src.ingestion.cvm_downloader — [BBAS3] ITR: baixando 5 ano(s): [2022, 2023, 2024, 2025, 2026]
2026-04-19 13:48:52 | INFO     | src.ingestion.cvm_downloader — [ITR 2022] Baixando: https://dados.cvm.gov.br/dados/CIA_ABERTA/DOC/ITR/DADOS/itr_cia_aberta_2022.zip
2026-04-19 13:49:38 | INFO     | src.ingestion.cvm_downloader — [ITR 2021] 19 arquivos extraídos em /Users/diegocarvalho/Library/CloudStorage/OneDrive-EPEJUD/DIEGO/OBSIDIAN/Analista de Investimentos/12_PYTHON/data/raw/cvm/ITR/2021
2026-04-19 13:49:39 | INFO     | src.ingestion.cvm_downloader — [ITR 2022] Baixando: https://dados.cvm.gov.br/dados/CIA_ABERTA/DOC/ITR/DADOS/itr_cia_aberta_2022.zip
2026-04-19 13:50:03 | INFO     | src.ingestion.cvm_downloader — [ITR 2022] 19 arquivos extraídos em /Users/diegocarvalho/Library/CloudStorage/OneDrive-EPEJUD/DIEGO/OBSIDIAN/Analista de Investimentos/12_PYTHON/data/raw/cvm/ITR/2022
2026-04-19 13:50:05 | INFO     | src.ingestion.cvm_downloader — [ITR 2023] Baixando: https://dados.cvm.gov.br/dados/CIA_ABERTA/DOC/ITR/DADOS/itr_cia_aberta_2023.zip
2026-04-19 13:51:10 | INFO     | src.ingestion.cvm_downloader — [ITR 2023] 19 arquivos extraídos em /Users/diegocarvalho/Library/CloudStorage/OneDrive-EPEJUD/DIEGO/OBSIDIAN/Analista de Investimentos/12_PYTHON/data/raw/cvm/ITR/2023
2026-04-19 13:51:11 | INFO     | src.ingestion.cvm_downloader — [ITR 2024] Baixando: https://dados.cvm.gov.br/dados/CIA_ABERTA/DOC/ITR/DADOS/itr_cia_aberta_2024.zip
2026-04-19 13:53:29 | INFO     | src.ingestion.cvm_downloader — [ITR 2022] 19 arquivos extraídos em /Users/diegocarvalho/Library/CloudStorage/OneDrive-EPEJUD/DIEGO/OBSIDIAN/Analista de Investimentos/12_PYTHON/data/raw/cvm/ITR/2022
2026-04-19 13:53:31 | INFO     | src.ingestion.cvm_downloader — [ITR 2023] 19 CSVs já existem — pulando download
2026-04-19 13:53:32 | INFO     | src.ingestion.cvm_downloader — [ITR 2024] Baixando: https://dados.cvm.gov.br/dados/CIA_ABERTA/DOC/ITR/DADOS/itr_cia_aberta_2024.zip
2026-04-19 13:55:30 | INFO     | src.ingestion.cvm_downloader — [ITR 2022] 19 arquivos extraídos em /Users/diegocarvalho/Library/CloudStorage/OneDrive-EPEJUD/DIEGO/OBSIDIAN/Analista de Investimentos/12_PYTHON/data/raw/cvm/ITR/2022
2026-04-19 13:55:32 | INFO     | src.ingestion.cvm_downloader — [ITR 2023] 19 CSVs já existem — pulando download
2026-04-19 13:55:33 | INFO     | src.ingestion.cvm_downloader — [ITR 2024] Baixando: https://dados.cvm.gov.br/dados/CIA_ABERTA/DOC/ITR/DADOS/itr_cia_aberta_2024.zip
2026-04-19 13:57:35 | INFO     | src.ingestion.cvm_downloader — [ITR 2022] 19 arquivos extraídos em /Users/diegocarvalho/Library/CloudStorage/OneDrive-EPEJUD/DIEGO/OBSIDIAN/Analista de Investimentos/12_PYTHON/data/raw/cvm/ITR/2022
2026-04-19 13:57:37 | INFO     | src.ingestion.cvm_downloader — [ITR 2023] 19 CSVs já existem — pulando download
2026-04-19 13:57:38 | INFO     | src.ingestion.cvm_downloader — [ITR 2024] Baixando: https://dados.cvm.gov.br/dados/CIA_ABERTA/DOC/ITR/DADOS/itr_cia_aberta_2024.zip
2026-04-19 13:57:49 | INFO     | src.ingestion.cvm_downloader — [ITR 2024] 19 arquivos extraídos em /Users/diegocarvalho/Library/CloudStorage/OneDrive-EPEJUD/DIEGO/OBSIDIAN/Analista de Investimentos/12_PYTHON/data/raw/cvm/ITR/2024
2026-04-19 13:57:50 | INFO     | src.ingestion.cvm_downloader — [ITR 2025] Baixando: https://dados.cvm.gov.br/dados/CIA_ABERTA/DOC/ITR/DADOS/itr_cia_aberta_2025.zip
2026-04-19 14:01:29 | INFO     | src.ingestion.cvm_downloader — [ITR 2024] 19 arquivos extraídos em /Users/diegocarvalho/Library/CloudStorage/OneDrive-EPEJUD/DIEGO/OBSIDIAN/Analista de Investimentos/12_PYTHON/data/raw/cvm/ITR/2024
2026-04-19 14:01:31 | INFO     | src.ingestion.cvm_downloader — [ITR 2025] Baixando: https://dados.cvm.gov.br/dados/CIA_ABERTA/DOC/ITR/DADOS/itr_cia_aberta_2025.zip
2026-04-19 14:01:48 | INFO     | src.ingestion.cvm_downloader — [ITR 2025] 19 arquivos extraídos em /Users/diegocarvalho/Library/CloudStorage/OneDrive-EPEJUD/DIEGO/OBSIDIAN/Analista de Investimentos/12_PYTHON/data/raw/cvm/ITR/2025
2026-04-19 14:01:50 | INFO     | src.ingestion.cvm_downloader — [ITR 2026] Baixando: https://dados.cvm.gov.br/dados/CIA_ABERTA/DOC/ITR/DADOS/itr_cia_aberta_2026.zip
2026-04-19 14:01:50 | INFO     | src.ingestion.cvm_downloader — [ITR 2026] 19 arquivos extraídos em /Users/diegocarvalho/Library/CloudStorage/OneDrive-EPEJUD/DIEGO/OBSIDIAN/Analista de Investimentos/12_PYTHON/data/raw/cvm/ITR/2026
2026-04-19 14:01:52 | SUCCESS  | src.ingestion.cvm_downloader — [ITUB4] Ingestão CVM concluída — CVM code: 019348
2026-04-19 14:01:52 | INFO     | __main__ — [ITUB4] CVM: {'DFP': [], 'ITR': [2020, 2021, 2022, 2023, 2024, 2025, 2026]}
2026-04-19 14:01:52 | INFO     | src.ingestion.b3_scraper — [ITUB4] Download completo desde 2019-01-01
2026-04-19 14:02:17 | SUCCESS  | src.ingestion.b3_scraper — [ITUB4] 1815 dias salvos em ITUB4.parquet
2026-04-19 14:02:17 | INFO     | __main__ — [ITUB4] preços: 1815 dias (2019-01-02 → 2026-04-17)
2026-04-19 14:04:25 | INFO     | src.ingestion.cvm_downloader — [ITR 2024] 19 arquivos extraídos em /Users/diegocarvalho/Library/CloudStorage/OneDrive-EPEJUD/DIEGO/OBSIDIAN/Analista de Investimentos/12_PYTHON/data/raw/cvm/ITR/2024
2026-04-19 14:04:27 | INFO     | src.ingestion.cvm_downloader — [ITR 2025] 19 CSVs já existem — pulando download
2026-04-19 14:04:28 | INFO     | src.ingestion.cvm_downloader — [ITR 2026] 19 CSVs já existem — pulando download
2026-04-19 14:04:30 | SUCCESS  | src.ingestion.cvm_downloader — [ITUB4] Ingestão CVM concluída — CVM code: 019348
2026-04-19 14:04:30 | INFO     | __main__ — [ITUB4] CVM: {'DFP': [], 'ITR': [2020, 2021, 2022, 2023, 2024, 2025, 2026]}
2026-04-19 14:04:31 | INFO     | src.ingestion.cvm_downloader — [ITR 2024] 19 arquivos extraídos em /Users/diegocarvalho/Library/CloudStorage/OneDrive-EPEJUD/DIEGO/OBSIDIAN/Analista de Investimentos/12_PYTHON/data/raw/cvm/ITR/2024
2026-04-19 14:04:32 | INFO     | src.ingestion.cvm_downloader — [ITR 2025] 19 CSVs já existem — pulando download
2026-04-19 14:04:32 | INFO     | src.ingestion.b3_scraper — [ITUB4] Download incremental de 2026-04-18 até hoje
2026-04-19 14:04:33 | SUCCESS  | src.ingestion.b3_scraper — [ITUB4] 1815 dias salvos em ITUB4.parquet
2026-04-19 14:04:33 | INFO     | __main__ — [ITUB4] preços: 1815 dias (2019-01-02 → 2026-04-17)
2026-04-19 14:04:34 | INFO     | src.ingestion.cvm_downloader — [ITR 2026] 19 CSVs já existem — pulando download
2026-04-19 14:04:35 | SUCCESS  | src.ingestion.cvm_downloader — [BBAS3] Ingestão CVM concluída — CVM code: 001023
2026-04-19 14:04:35 | INFO     | __main__ — [BBAS3] CVM: {'DFP': [], 'ITR': [2019, 2020, 2021, 2022, 2023, 2024, 2025, 2026]}
2026-04-19 14:04:35 | INFO     | src.ingestion.b3_scraper — [BBAS3] Download completo desde 2019-01-01
2026-04-19 14:04:37 | SUCCESS  | src.ingestion.b3_scraper — [BBAS3] 1815 dias salvos em BBAS3.parquet
2026-04-19 14:04:37 | INFO     | __main__ — [BBAS3] preços: 1815 dias (2019-01-02 → 2026-04-17)
2026-04-19 14:04:37 | INFO     | __main__ — [ITUB4] iniciando ingestão...
2026-04-19 14:04:37 | INFO     | src.ingestion.cvm_downloader — [ITUB4] DFP: baixando 1 ano(s): [2026]
2026-04-19 14:04:37 | INFO     | src.ingestion.cvm_downloader — [DFP 2026] Baixando: https://dados.cvm.gov.br/dados/CIA_ABERTA/DOC/DFP/DADOS/dfp_cia_aberta_2026.zip
2026-04-19 14:04:37 | ERROR    | src.ingestion.cvm_downloader — [ITUB4] DFP 2026: [DFP 2026] Não encontrado na CVM (404): https://dados.cvm.gov.br/dados/CIA_ABERTA/DOC/DFP/DADOS/dfp_cia_aberta_2026.zip
2026-04-19 14:04:37 | INFO     | src.ingestion.cvm_downloader — [ITUB4] ITR: todos os anos já disponíveis
2026-04-19 14:04:37 | SUCCESS  | src.ingestion.cvm_downloader — [ITUB4] Ingestão CVM concluída — CVM code: 019348
2026-04-19 14:04:37 | INFO     | __main__ — [ITUB4] CVM: {'DFP': [], 'ITR': []}
2026-04-19 14:04:37 | INFO     | src.ingestion.b3_scraper — [ITUB4] Download incremental de 2026-04-18 até hoje
2026-04-19 14:04:38 | SUCCESS  | src.ingestion.b3_scraper — [ITUB4] 1815 dias salvos em ITUB4.parquet
2026-04-19 14:04:38 | INFO     | __main__ — [ITUB4] preços: 1815 dias (2019-01-02 → 2026-04-17)
2026-04-19 14:04:38 | INFO     | __main__ — [BBDC4] iniciando ingestão...
2026-04-19 14:04:38 | INFO     | src.ingestion.cvm_downloader — [BBDC4] DFP: baixando 1 ano(s): [2026]
2026-04-19 14:04:38 | INFO     | src.ingestion.cvm_downloader — [DFP 2026] Baixando: https://dados.cvm.gov.br/dados/CIA_ABERTA/DOC/DFP/DADOS/dfp_cia_aberta_2026.zip
2026-04-19 14:04:38 | ERROR    | src.ingestion.cvm_downloader — [BBDC4] DFP 2026: [DFP 2026] Não encontrado na CVM (404): https://dados.cvm.gov.br/dados/CIA_ABERTA/DOC/DFP/DADOS/dfp_cia_aberta_2026.zip
2026-04-19 14:04:38 | INFO     | src.ingestion.cvm_downloader — [BBDC4] ITR: todos os anos já disponíveis
2026-04-19 14:04:38 | SUCCESS  | src.ingestion.cvm_downloader — [BBDC4] Ingestão CVM concluída — CVM code: 000906
2026-04-19 14:04:38 | INFO     | __main__ — [BBDC4] CVM: {'DFP': [], 'ITR': []}
2026-04-19 14:04:38 | INFO     | src.ingestion.b3_scraper — [BBDC4] Download completo desde 2019-01-01
2026-04-19 14:04:39 | SUCCESS  | src.ingestion.b3_scraper — [BBDC4] 1815 dias salvos em BBDC4.parquet
2026-04-19 14:04:39 | INFO     | __main__ — [BBDC4] preços: 1815 dias (2019-01-02 → 2026-04-17)
2026-04-19 14:04:39 | INFO     | __main__ — [SANB11] iniciando ingestão...
2026-04-19 14:04:39 | INFO     | src.ingestion.cvm_downloader — [SANB11] DFP: baixando 1 ano(s): [2026]
2026-04-19 14:04:39 | INFO     | src.ingestion.cvm_downloader — [DFP 2026] Baixando: https://dados.cvm.gov.br/dados/CIA_ABERTA/DOC/DFP/DADOS/dfp_cia_aberta_2026.zip
2026-04-19 14:04:40 | ERROR    | src.ingestion.cvm_downloader — [SANB11] DFP 2026: [DFP 2026] Não encontrado na CVM (404): https://dados.cvm.gov.br/dados/CIA_ABERTA/DOC/DFP/DADOS/dfp_cia_aberta_2026.zip
2026-04-19 14:04:40 | INFO     | src.ingestion.cvm_downloader — [SANB11] ITR: todos os anos já disponíveis
2026-04-19 14:04:40 | SUCCESS  | src.ingestion.cvm_downloader — [SANB11] Ingestão CVM concluída — CVM code: 020532
2026-04-19 14:04:40 | INFO     | __main__ — [SANB11] CVM: {'DFP': [], 'ITR': []}
2026-04-19 14:04:40 | INFO     | src.ingestion.b3_scraper — [SANB11] Download completo desde 2019-01-01
2026-04-19 14:04:40 | SUCCESS  | src.ingestion.b3_scraper — [SANB11] 1815 dias salvos em SANB11.parquet
2026-04-19 14:04:40 | INFO     | __main__ — [SANB11] preços: 1815 dias (2019-01-02 → 2026-04-17)
2026-04-19 14:04:40 | INFO     | __main__ — [ITSA4] iniciando ingestão...
2026-04-19 14:04:40 | INFO     | src.ingestion.cvm_downloader — [ITSA4] DFP: baixando 1 ano(s): [2026]
2026-04-19 14:04:40 | INFO     | src.ingestion.cvm_downloader — [DFP 2026] Baixando: https://dados.cvm.gov.br/dados/CIA_ABERTA/DOC/DFP/DADOS/dfp_cia_aberta_2026.zip
2026-04-19 14:04:41 | ERROR    | src.ingestion.cvm_downloader — [ITSA4] DFP 2026: [DFP 2026] Não encontrado na CVM (404): https://dados.cvm.gov.br/dados/CIA_ABERTA/DOC/DFP/DADOS/dfp_cia_aberta_2026.zip
2026-04-19 14:04:41 | INFO     | src.ingestion.cvm_downloader — [ITSA4] ITR: todos os anos já disponíveis
2026-04-19 14:04:41 | SUCCESS  | src.ingestion.cvm_downloader — [ITSA4] Ingestão CVM concluída — CVM code: 007617
2026-04-19 14:04:41 | INFO     | __main__ — [ITSA4] CVM: {'DFP': [], 'ITR': []}
2026-04-19 14:04:41 | INFO     | src.ingestion.b3_scraper — [ITSA4] Download completo desde 2019-01-01
2026-04-19 14:04:42 | SUCCESS  | src.ingestion.b3_scraper — [ITSA4] 1815 dias salvos em ITSA4.parquet
2026-04-19 14:04:42 | INFO     | __main__ — [ITSA4] preços: 1815 dias (2019-01-02 → 2026-04-17)
2026-04-19 14:04:42 | INFO     | __main__ — [BPAC11] iniciando ingestão...
2026-04-19 14:04:42 | INFO     | src.ingestion.cvm_downloader — [BPAC11] DFP: baixando 1 ano(s): [2026]
2026-04-19 14:04:42 | INFO     | src.ingestion.cvm_downloader — [DFP 2026] Baixando: https://dados.cvm.gov.br/dados/CIA_ABERTA/DOC/DFP/DADOS/dfp_cia_aberta_2026.zip
2026-04-19 14:04:42 | ERROR    | src.ingestion.cvm_downloader — [BPAC11] DFP 2026: [DFP 2026] Não encontrado na CVM (404): https://dados.cvm.gov.br/dados/CIA_ABERTA/DOC/DFP/DADOS/dfp_cia_aberta_2026.zip
2026-04-19 14:04:42 | INFO     | src.ingestion.cvm_downloader — [BPAC11] ITR: todos os anos já disponíveis
2026-04-19 14:04:42 | SUCCESS  | src.ingestion.cvm_downloader — [BPAC11] Ingestão CVM concluída — CVM code: 022616
2026-04-19 14:04:42 | INFO     | __main__ — [BPAC11] CVM: {'DFP': [], 'ITR': []}
2026-04-19 14:04:42 | INFO     | src.ingestion.b3_scraper — [BPAC11] Download completo desde 2019-01-01
2026-04-19 14:04:43 | SUCCESS  | src.ingestion.b3_scraper — [BPAC11] 1815 dias salvos em BPAC11.parquet
2026-04-19 14:04:43 | INFO     | __main__ — [BPAC11] preços: 1815 dias (2019-01-02 → 2026-04-17)
2026-04-19 14:04:43 | INFO     | __main__ — [ABCB4] iniciando ingestão...
2026-04-19 14:04:43 | INFO     | src.ingestion.cvm_downloader — [ABCB4] DFP: baixando 1 ano(s): [2026]
2026-04-19 14:04:43 | INFO     | src.ingestion.cvm_downloader — [DFP 2026] Baixando: https://dados.cvm.gov.br/dados/CIA_ABERTA/DOC/DFP/DADOS/dfp_cia_aberta_2026.zip
2026-04-19 14:04:43 | ERROR    | src.ingestion.cvm_downloader — [ABCB4] DFP 2026: [DFP 2026] Não encontrado na CVM (404): https://dados.cvm.gov.br/dados/CIA_ABERTA/DOC/DFP/DADOS/dfp_cia_aberta_2026.zip
2026-04-19 14:04:43 | INFO     | src.ingestion.cvm_downloader — [ABCB4] ITR: todos os anos já disponíveis
2026-04-19 14:04:43 | SUCCESS  | src.ingestion.cvm_downloader — [ABCB4] Ingestão CVM concluída — CVM code: 020958
2026-04-19 14:04:43 | INFO     | __main__ — [ABCB4] CVM: {'DFP': [], 'ITR': []}
2026-04-19 14:04:43 | INFO     | src.ingestion.b3_scraper — [ABCB4] Download completo desde 2019-01-01
2026-04-19 14:04:44 | SUCCESS  | src.ingestion.b3_scraper — [ABCB4] 1815 dias salvos em ABCB4.parquet
2026-04-19 14:04:44 | INFO     | __main__ — [ABCB4] preços: 1815 dias (2019-01-02 → 2026-04-17)
2026-04-19 14:04:44 | INFO     | __main__ — [BRSR6] iniciando ingestão...
2026-04-19 14:04:44 | INFO     | src.ingestion.cvm_downloader — [BRSR6] DFP: baixando 1 ano(s): [2026]
2026-04-19 14:04:44 | INFO     | src.ingestion.cvm_downloader — [DFP 2026] Baixando: https://dados.cvm.gov.br/dados/CIA_ABERTA/DOC/DFP/DADOS/dfp_cia_aberta_2026.zip
2026-04-19 14:04:44 | ERROR    | src.ingestion.cvm_downloader — [BRSR6] DFP 2026: [DFP 2026] Não encontrado na CVM (404): https://dados.cvm.gov.br/dados/CIA_ABERTA/DOC/DFP/DADOS/dfp_cia_aberta_2026.zip
2026-04-19 14:04:44 | INFO     | src.ingestion.cvm_downloader — [BRSR6] ITR: todos os anos já disponíveis
2026-04-19 14:04:44 | SUCCESS  | src.ingestion.cvm_downloader — [BRSR6] Ingestão CVM concluída — CVM code: 001210
2026-04-19 14:04:44 | INFO     | __main__ — [BRSR6] CVM: {'DFP': [], 'ITR': []}
2026-04-19 14:04:44 | INFO     | src.ingestion.b3_scraper — [BRSR6] Download completo desde 2019-01-01
2026-04-19 14:04:45 | INFO     | src.ingestion.cvm_downloader — [ITR 2025] 19 arquivos extraídos em /Users/diegocarvalho/Library/CloudStorage/OneDrive-EPEJUD/DIEGO/OBSIDIAN/Analista de Investimentos/12_PYTHON/data/raw/cvm/ITR/2025
2026-04-19 14:04:45 | SUCCESS  | src.ingestion.b3_scraper — [BRSR6] 1815 dias salvos em BRSR6.parquet
2026-04-19 14:04:45 | INFO     | __main__ — [BRSR6] preços: 1815 dias (2019-01-02 → 2026-04-17)
2026-04-19 14:04:45 | INFO     | __main__ — [BMGB4] iniciando ingestão...
2026-04-19 14:04:45 | INFO     | src.ingestion.cvm_downloader — [BMGB4] DFP: baixando 1 ano(s): [2026]
2026-04-19 14:04:45 | INFO     | src.ingestion.cvm_downloader — [DFP 2026] Baixando: https://dados.cvm.gov.br/dados/CIA_ABERTA/DOC/DFP/DADOS/dfp_cia_aberta_2026.zip
2026-04-19 14:04:45 | ERROR    | src.ingestion.cvm_downloader — [BMGB4] DFP 2026: [DFP 2026] Não encontrado na CVM (404): https://dados.cvm.gov.br/dados/CIA_ABERTA/DOC/DFP/DADOS/dfp_cia_aberta_2026.zip
2026-04-19 14:04:45 | INFO     | src.ingestion.cvm_downloader — [BMGB4] ITR: todos os anos já disponíveis
2026-04-19 14:04:45 | SUCCESS  | src.ingestion.cvm_downloader — [BMGB4] Ingestão CVM concluída — CVM code: 024600
2026-04-19 14:04:45 | INFO     | __main__ — [BMGB4] CVM: {'DFP': [], 'ITR': []}
2026-04-19 14:04:45 | INFO     | src.ingestion.b3_scraper — [BMGB4] Download completo desde 2019-01-01
2026-04-19 14:04:46 | SUCCESS  | src.ingestion.b3_scraper — [BMGB4] 1587 dias salvos em BMGB4.parquet
2026-04-19 14:04:46 | INFO     | __main__ — [BMGB4] preços: 1587 dias (2019-11-29 → 2026-04-17)
2026-04-19 14:04:46 | INFO     | __main__ — [BPAN4] iniciando ingestão...
2026-04-19 14:04:46 | INFO     | src.ingestion.cvm_downloader — [BPAN4] DFP: baixando 1 ano(s): [2026]
2026-04-19 14:04:46 | INFO     | src.ingestion.cvm_downloader — [DFP 2026] Baixando: https://dados.cvm.gov.br/dados/CIA_ABERTA/DOC/DFP/DADOS/dfp_cia_aberta_2026.zip
2026-04-19 14:04:46 | ERROR    | src.ingestion.cvm_downloader — [BPAN4] DFP 2026: [DFP 2026] Não encontrado na CVM (404): https://dados.cvm.gov.br/dados/CIA_ABERTA/DOC/DFP/DADOS/dfp_cia_aberta_2026.zip
2026-04-19 14:04:46 | INFO     | src.ingestion.cvm_downloader — [BPAN4] ITR: todos os anos já disponíveis
2026-04-19 14:04:46 | SUCCESS  | src.ingestion.cvm_downloader — [BPAN4] Ingestão CVM concluída — CVM code: 021199
2026-04-19 14:04:46 | INFO     | __main__ — [BPAN4] CVM: {'DFP': [], 'ITR': []}
2026-04-19 14:04:46 | INFO     | src.ingestion.b3_scraper — [BPAN4] Download completo desde 2019-01-01
2026-04-19 14:04:46 | INFO     | src.ingestion.cvm_downloader — [ITR 2026] 19 CSVs já existem — pulando download
2026-04-19 14:04:48 | SUCCESS  | src.ingestion.cvm_downloader — [BBAS3] Ingestão CVM concluída — CVM code: 001023
2026-04-19 14:04:48 | INFO     | __main__ — [BBAS3] CVM: {'DFP': [], 'ITR': [2022, 2023, 2024, 2025, 2026]}
2026-04-19 14:04:48 | INFO     | src.ingestion.b3_scraper — [BBAS3] Download incremental de 2026-04-18 até hoje
2026-04-19 14:04:48 | WARNING  | src.ingestion.b3_scraper — [BPAN4] Nenhum dado novo retornado pelo yfinance
2026-04-19 14:04:48 | INFO     | __main__ — [PINE4] iniciando ingestão...
2026-04-19 14:04:48 | INFO     | src.ingestion.cvm_downloader — [PINE4] DFP: baixando 1 ano(s): [2026]
2026-04-19 14:04:48 | INFO     | src.ingestion.cvm_downloader — [DFP 2026] Baixando: https://dados.cvm.gov.br/dados/CIA_ABERTA/DOC/DFP/DADOS/dfp_cia_aberta_2026.zip
2026-04-19 14:04:49 | ERROR    | src.ingestion.cvm_downloader — [PINE4] DFP 2026: [DFP 2026] Não encontrado na CVM (404): https://dados.cvm.gov.br/dados/CIA_ABERTA/DOC/DFP/DADOS/dfp_cia_aberta_2026.zip
2026-04-19 14:04:49 | INFO     | src.ingestion.cvm_downloader — [PINE4] ITR: todos os anos já disponíveis
2026-04-19 14:04:49 | SUCCESS  | src.ingestion.cvm_downloader — [PINE4] Ingestão CVM concluída — CVM code: 020567
2026-04-19 14:04:49 | INFO     | __main__ — [PINE4] CVM: {'DFP': [], 'ITR': []}
2026-04-19 14:04:49 | INFO     | src.ingestion.b3_scraper — [PINE4] Download completo desde 2019-01-01
2026-04-19 14:04:49 | SUCCESS  | src.ingestion.b3_scraper — [BBAS3] 1815 dias salvos em BBAS3.parquet
2026-04-19 14:04:49 | INFO     | __main__ — [BBAS3] preços: 1815 dias (2019-01-02 → 2026-04-17)
2026-04-19 14:04:50 | SUCCESS  | src.ingestion.b3_scraper — [PINE4] 1815 dias salvos em PINE4.parquet
2026-04-19 14:04:50 | INFO     | __main__ — [PINE4] preços: 1815 dias (2019-01-02 → 2026-04-17)
2026-04-19 14:04:50 | INFO     | __main__ — [INTR4] iniciando ingestão...
2026-04-19 14:04:50 | INFO     | src.ingestion.cvm_downloader — [INTR4] DFP: baixando 1 ano(s): [2026]
2026-04-19 14:04:50 | INFO     | src.ingestion.cvm_downloader — [DFP 2026] Baixando: https://dados.cvm.gov.br/dados/CIA_ABERTA/DOC/DFP/DADOS/dfp_cia_aberta_2026.zip
2026-04-19 14:04:50 | INFO     | __main__ — [ITUB4] iniciando ingestão...
2026-04-19 14:04:50 | INFO     | src.ingestion.cvm_downloader — [ITUB4] DFP: baixando 1 ano(s): [2026]
2026-04-19 14:04:50 | INFO     | src.ingestion.cvm_downloader — [DFP 2026] Baixando: https://dados.cvm.gov.br/dados/CIA_ABERTA/DOC/DFP/DADOS/dfp_cia_aberta_2026.zip
2026-04-19 14:04:50 | ERROR    | src.ingestion.cvm_downloader — [INTR4] DFP 2026: [DFP 2026] Não encontrado na CVM (404): https://dados.cvm.gov.br/dados/CIA_ABERTA/DOC/DFP/DADOS/dfp_cia_aberta_2026.zip
2026-04-19 14:04:50 | ERROR    | src.ingestion.cvm_downloader — [ITUB4] DFP 2026: [DFP 2026] Não encontrado na CVM (404): https://dados.cvm.gov.br/dados/CIA_ABERTA/DOC/DFP/DADOS/dfp_cia_aberta_2026.zip
2026-04-19 14:04:50 | INFO     | src.ingestion.cvm_downloader — [INTR4] ITR: todos os anos já disponíveis
2026-04-19 14:04:50 | INFO     | src.ingestion.cvm_downloader — [ITUB4] ITR: todos os anos já disponíveis
2026-04-19 14:04:50 | SUCCESS  | src.ingestion.cvm_downloader — [INTR4] Ingestão CVM concluída — CVM code: 080217
2026-04-19 14:04:50 | SUCCESS  | src.ingestion.cvm_downloader — [ITUB4] Ingestão CVM concluída — CVM code: 019348
2026-04-19 14:04:50 | INFO     | __main__ — [ITUB4] CVM: {'DFP': [], 'ITR': []}
2026-04-19 14:04:50 | INFO     | __main__ — [INTR4] CVM: {'DFP': [], 'ITR': []}
2026-04-19 14:04:50 | INFO     | src.ingestion.b3_scraper — [INTR4] Download completo desde 2019-01-01
2026-04-19 14:04:50 | INFO     | src.ingestion.b3_scraper — [ITUB4] Download incremental de 2026-04-18 até hoje
2026-04-19 14:04:52 | SUCCESS  | src.ingestion.b3_scraper — [ITUB4] 1815 dias salvos em ITUB4.parquet
2026-04-19 14:04:52 | INFO     | __main__ — [ITUB4] preços: 1815 dias (2019-01-02 → 2026-04-17)
2026-04-19 14:04:53 | INFO     | __main__ — [BBDC4] iniciando ingestão...
2026-04-19 14:04:53 | INFO     | src.ingestion.cvm_downloader — [BBDC4] DFP: baixando 1 ano(s): [2026]
2026-04-19 14:04:53 | INFO     | src.ingestion.cvm_downloader — [DFP 2026] Baixando: https://dados.cvm.gov.br/dados/CIA_ABERTA/DOC/DFP/DADOS/dfp_cia_aberta_2026.zip
2026-04-19 14:04:53 | ERROR    | src.ingestion.cvm_downloader — [BBDC4] DFP 2026: [DFP 2026] Não encontrado na CVM (404): https://dados.cvm.gov.br/dados/CIA_ABERTA/DOC/DFP/DADOS/dfp_cia_aberta_2026.zip
2026-04-19 14:04:53 | INFO     | src.ingestion.cvm_downloader — [BBDC4] ITR: todos os anos já disponíveis
2026-04-19 14:04:53 | SUCCESS  | src.ingestion.cvm_downloader — [BBDC4] Ingestão CVM concluída — CVM code: 000906
2026-04-19 14:04:53 | INFO     | __main__ — [BBDC4] CVM: {'DFP': [], 'ITR': []}
2026-04-19 14:04:53 | INFO     | src.ingestion.b3_scraper — [BBDC4] Download incremental de 2026-04-18 até hoje
2026-04-19 14:04:53 | WARNING  | src.ingestion.b3_scraper — [INTR4] Nenhum dado novo retornado pelo yfinance
2026-04-19 14:04:53 | INFO     | __main__ — [WEGE3] iniciando ingestão...
2026-04-19 14:04:53 | INFO     | src.ingestion.cvm_downloader — [WEGE3] DFP: baixando 1 ano(s): [2026]
2026-04-19 14:04:53 | INFO     | src.ingestion.cvm_downloader — [DFP 2026] Baixando: https://dados.cvm.gov.br/dados/CIA_ABERTA/DOC/DFP/DADOS/dfp_cia_aberta_2026.zip
2026-04-19 14:04:54 | ERROR    | src.ingestion.cvm_downloader — [WEGE3] DFP 2026: [DFP 2026] Não encontrado na CVM (404): https://dados.cvm.gov.br/dados/CIA_ABERTA/DOC/DFP/DADOS/dfp_cia_aberta_2026.zip
2026-04-19 14:04:54 | INFO     | src.ingestion.cvm_downloader — [WEGE3] ITR: todos os anos já disponíveis
2026-04-19 14:04:54 | SUCCESS  | src.ingestion.cvm_downloader — [WEGE3] Ingestão CVM concluída — CVM code: 005410
2026-04-19 14:04:54 | INFO     | __main__ — [WEGE3] CVM: {'DFP': [], 'ITR': []}
2026-04-19 14:04:54 | INFO     | src.ingestion.b3_scraper — [WEGE3] Download incremental de 2026-04-18 até hoje
2026-04-19 14:04:54 | SUCCESS  | src.ingestion.b3_scraper — [BBDC4] 1815 dias salvos em BBDC4.parquet
2026-04-19 14:04:54 | INFO     | __main__ — [BBDC4] preços: 1815 dias (2019-01-02 → 2026-04-17)
2026-04-19 14:04:54 | SUCCESS  | src.ingestion.b3_scraper — [WEGE3] 574 dias salvos em WEGE3.parquet
2026-04-19 14:04:54 | INFO     | __main__ — [WEGE3] preços: 574 dias (2024-01-02 → 2026-04-17)
2026-04-19 14:04:54 | INFO     | __main__ — [SANB11] iniciando ingestão...
2026-04-19 14:04:54 | INFO     | src.ingestion.cvm_downloader — [SANB11] DFP: baixando 1 ano(s): [2026]
2026-04-19 14:04:54 | INFO     | src.ingestion.cvm_downloader — [DFP 2026] Baixando: https://dados.cvm.gov.br/dados/CIA_ABERTA/DOC/DFP/DADOS/dfp_cia_aberta_2026.zip
2026-04-19 14:04:55 | ERROR    | src.ingestion.cvm_downloader — [SANB11] DFP 2026: [DFP 2026] Não encontrado na CVM (404): https://dados.cvm.gov.br/dados/CIA_ABERTA/DOC/DFP/DADOS/dfp_cia_aberta_2026.zip
2026-04-19 14:04:55 | INFO     | src.ingestion.cvm_downloader — [SANB11] ITR: todos os anos já disponíveis
2026-04-19 14:04:55 | SUCCESS  | src.ingestion.cvm_downloader — [SANB11] Ingestão CVM concluída — CVM code: 020532
2026-04-19 14:04:55 | INFO     | __main__ — [SANB11] CVM: {'DFP': [], 'ITR': []}
2026-04-19 14:04:55 | INFO     | src.ingestion.b3_scraper — [SANB11] Download incremental de 2026-04-18 até hoje
2026-04-19 14:04:57 | SUCCESS  | src.ingestion.b3_scraper — [SANB11] 1815 dias salvos em SANB11.parquet
2026-04-19 14:04:57 | INFO     | __main__ — [SANB11] preços: 1815 dias (2019-01-02 → 2026-04-17)
2026-04-19 14:04:57 | INFO     | __main__ — [ITSA4] iniciando ingestão...
2026-04-19 14:04:57 | INFO     | src.ingestion.cvm_downloader — [ITSA4] DFP: baixando 1 ano(s): [2026]
2026-04-19 14:04:57 | INFO     | src.ingestion.cvm_downloader — [DFP 2026] Baixando: https://dados.cvm.gov.br/dados/CIA_ABERTA/DOC/DFP/DADOS/dfp_cia_aberta_2026.zip
2026-04-19 14:04:57 | ERROR    | src.ingestion.cvm_downloader — [ITSA4] DFP 2026: [DFP 2026] Não encontrado na CVM (404): https://dados.cvm.gov.br/dados/CIA_ABERTA/DOC/DFP/DADOS/dfp_cia_aberta_2026.zip
2026-04-19 14:04:57 | INFO     | src.ingestion.cvm_downloader — [ITSA4] ITR: todos os anos já disponíveis
2026-04-19 14:04:57 | SUCCESS  | src.ingestion.cvm_downloader — [ITSA4] Ingestão CVM concluída — CVM code: 007617
2026-04-19 14:04:57 | INFO     | __main__ — [ITSA4] CVM: {'DFP': [], 'ITR': []}
2026-04-19 14:04:57 | INFO     | src.ingestion.b3_scraper — [ITSA4] Download incremental de 2026-04-18 até hoje
2026-04-19 14:04:58 | SUCCESS  | src.ingestion.b3_scraper — [ITSA4] 1815 dias salvos em ITSA4.parquet
2026-04-19 14:04:58 | INFO     | __main__ — [ITSA4] preços: 1815 dias (2019-01-02 → 2026-04-17)
2026-04-19 14:04:59 | INFO     | __main__ — [BPAC11] iniciando ingestão...
2026-04-19 14:04:59 | INFO     | src.ingestion.cvm_downloader — [BPAC11] DFP: baixando 1 ano(s): [2026]
2026-04-19 14:04:59 | INFO     | src.ingestion.cvm_downloader — [DFP 2026] Baixando: https://dados.cvm.gov.br/dados/CIA_ABERTA/DOC/DFP/DADOS/dfp_cia_aberta_2026.zip
2026-04-19 14:04:59 | ERROR    | src.ingestion.cvm_downloader — [BPAC11] DFP 2026: [DFP 2026] Não encontrado na CVM (404): https://dados.cvm.gov.br/dados/CIA_ABERTA/DOC/DFP/DADOS/dfp_cia_aberta_2026.zip
2026-04-19 14:04:59 | INFO     | src.ingestion.cvm_downloader — [BPAC11] ITR: todos os anos já disponíveis
2026-04-19 14:04:59 | SUCCESS  | src.ingestion.cvm_downloader — [BPAC11] Ingestão CVM concluída — CVM code: 022616
2026-04-19 14:04:59 | INFO     | __main__ — [BPAC11] CVM: {'DFP': [], 'ITR': []}
2026-04-19 14:04:59 | INFO     | src.ingestion.b3_scraper — [BPAC11] Download incremental de 2026-04-18 até hoje
2026-04-19 14:05:00 | SUCCESS  | src.ingestion.b3_scraper — [BPAC11] 1815 dias salvos em BPAC11.parquet
2026-04-19 14:05:00 | INFO     | __main__ — [BPAC11] preços: 1815 dias (2019-01-02 → 2026-04-17)
2026-04-19 14:05:01 | INFO     | __main__ — [ABCB4] iniciando ingestão...
2026-04-19 14:05:01 | INFO     | src.ingestion.cvm_downloader — [ABCB4] DFP: baixando 1 ano(s): [2026]
2026-04-19 14:05:01 | INFO     | src.ingestion.cvm_downloader — [DFP 2026] Baixando: https://dados.cvm.gov.br/dados/CIA_ABERTA/DOC/DFP/DADOS/dfp_cia_aberta_2026.zip
2026-04-19 14:05:01 | ERROR    | src.ingestion.cvm_downloader — [ABCB4] DFP 2026: [DFP 2026] Não encontrado na CVM (404): https://dados.cvm.gov.br/dados/CIA_ABERTA/DOC/DFP/DADOS/dfp_cia_aberta_2026.zip
2026-04-19 14:05:01 | INFO     | src.ingestion.cvm_downloader — [ABCB4] ITR: todos os anos já disponíveis
2026-04-19 14:05:01 | SUCCESS  | src.ingestion.cvm_downloader — [ABCB4] Ingestão CVM concluída — CVM code: 020958
2026-04-19 14:05:01 | INFO     | __main__ — [ABCB4] CVM: {'DFP': [], 'ITR': []}
2026-04-19 14:05:01 | INFO     | src.ingestion.b3_scraper — [ABCB4] Download incremental de 2026-04-18 até hoje
2026-04-19 14:05:02 | SUCCESS  | src.ingestion.b3_scraper — [ABCB4] 1815 dias salvos em ABCB4.parquet
2026-04-19 14:05:02 | INFO     | __main__ — [ABCB4] preços: 1815 dias (2019-01-02 → 2026-04-17)
2026-04-19 14:05:03 | INFO     | __main__ — [BRSR6] iniciando ingestão...
2026-04-19 14:05:03 | INFO     | src.ingestion.cvm_downloader — [BRSR6] DFP: baixando 1 ano(s): [2026]
2026-04-19 14:05:03 | INFO     | src.ingestion.cvm_downloader — [DFP 2026] Baixando: https://dados.cvm.gov.br/dados/CIA_ABERTA/DOC/DFP/DADOS/dfp_cia_aberta_2026.zip
2026-04-19 14:05:03 | ERROR    | src.ingestion.cvm_downloader — [BRSR6] DFP 2026: [DFP 2026] Não encontrado na CVM (404): https://dados.cvm.gov.br/dados/CIA_ABERTA/DOC/DFP/DADOS/dfp_cia_aberta_2026.zip
2026-04-19 14:05:03 | INFO     | src.ingestion.cvm_downloader — [BRSR6] ITR: todos os anos já disponíveis
2026-04-19 14:05:03 | SUCCESS  | src.ingestion.cvm_downloader — [BRSR6] Ingestão CVM concluída — CVM code: 001210
2026-04-19 14:05:03 | INFO     | __main__ — [BRSR6] CVM: {'DFP': [], 'ITR': []}
2026-04-19 14:05:03 | INFO     | src.ingestion.b3_scraper — [BRSR6] Download incremental de 2026-04-18 até hoje
2026-04-19 14:05:04 | SUCCESS  | src.ingestion.b3_scraper — [BRSR6] 1815 dias salvos em BRSR6.parquet
2026-04-19 14:05:04 | INFO     | __main__ — [BRSR6] preços: 1815 dias (2019-01-02 → 2026-04-17)
2026-04-19 14:05:05 | INFO     | __main__ — [BMGB4] iniciando ingestão...
2026-04-19 14:05:05 | INFO     | src.ingestion.cvm_downloader — [BMGB4] DFP: baixando 1 ano(s): [2026]
2026-04-19 14:05:05 | INFO     | src.ingestion.cvm_downloader — [DFP 2026] Baixando: https://dados.cvm.gov.br/dados/CIA_ABERTA/DOC/DFP/DADOS/dfp_cia_aberta_2026.zip
2026-04-19 14:05:05 | ERROR    | src.ingestion.cvm_downloader — [BMGB4] DFP 2026: [DFP 2026] Não encontrado na CVM (404): https://dados.cvm.gov.br/dados/CIA_ABERTA/DOC/DFP/DADOS/dfp_cia_aberta_2026.zip
2026-04-19 14:05:05 | INFO     | src.ingestion.cvm_downloader — [BMGB4] ITR: todos os anos já disponíveis
2026-04-19 14:05:05 | SUCCESS  | src.ingestion.cvm_downloader — [BMGB4] Ingestão CVM concluída — CVM code: 024600
2026-04-19 14:05:05 | INFO     | __main__ — [BMGB4] CVM: {'DFP': [], 'ITR': []}
2026-04-19 14:05:05 | INFO     | src.ingestion.b3_scraper — [BMGB4] Download incremental de 2026-04-18 até hoje
2026-04-19 14:05:07 | SUCCESS  | src.ingestion.b3_scraper — [BMGB4] 1587 dias salvos em BMGB4.parquet
2026-04-19 14:05:07 | INFO     | __main__ — [BMGB4] preços: 1587 dias (2019-11-29 → 2026-04-17)
2026-04-19 14:05:07 | INFO     | __main__ — [BPAN4] iniciando ingestão...
2026-04-19 14:05:07 | INFO     | src.ingestion.cvm_downloader — [BPAN4] DFP: baixando 1 ano(s): [2026]
2026-04-19 14:05:07 | INFO     | src.ingestion.cvm_downloader — [DFP 2026] Baixando: https://dados.cvm.gov.br/dados/CIA_ABERTA/DOC/DFP/DADOS/dfp_cia_aberta_2026.zip
2026-04-19 14:05:08 | ERROR    | src.ingestion.cvm_downloader — [BPAN4] DFP 2026: [DFP 2026] Não encontrado na CVM (404): https://dados.cvm.gov.br/dados/CIA_ABERTA/DOC/DFP/DADOS/dfp_cia_aberta_2026.zip
2026-04-19 14:05:08 | INFO     | src.ingestion.cvm_downloader — [BPAN4] ITR: todos os anos já disponíveis
2026-04-19 14:05:08 | SUCCESS  | src.ingestion.cvm_downloader — [BPAN4] Ingestão CVM concluída — CVM code: 021199
2026-04-19 14:05:08 | INFO     | __main__ — [BPAN4] CVM: {'DFP': [], 'ITR': []}
2026-04-19 14:05:08 | INFO     | src.ingestion.b3_scraper — [BPAN4] Download completo desde 2019-01-01
2026-04-19 14:05:10 | WARNING  | src.ingestion.b3_scraper — [BPAN4] Nenhum dado novo retornado pelo yfinance
2026-04-19 14:05:11 | INFO     | __main__ — [PINE4] iniciando ingestão...
2026-04-19 14:05:11 | INFO     | src.ingestion.cvm_downloader — [PINE4] DFP: baixando 1 ano(s): [2026]
2026-04-19 14:05:11 | INFO     | src.ingestion.cvm_downloader — [DFP 2026] Baixando: https://dados.cvm.gov.br/dados/CIA_ABERTA/DOC/DFP/DADOS/dfp_cia_aberta_2026.zip
2026-04-19 14:05:11 | ERROR    | src.ingestion.cvm_downloader — [PINE4] DFP 2026: [DFP 2026] Não encontrado na CVM (404): https://dados.cvm.gov.br/dados/CIA_ABERTA/DOC/DFP/DADOS/dfp_cia_aberta_2026.zip
2026-04-19 14:05:11 | INFO     | src.ingestion.cvm_downloader — [PINE4] ITR: todos os anos já disponíveis
2026-04-19 14:05:11 | SUCCESS  | src.ingestion.cvm_downloader — [PINE4] Ingestão CVM concluída — CVM code: 020567
2026-04-19 14:05:11 | INFO     | __main__ — [PINE4] CVM: {'DFP': [], 'ITR': []}
2026-04-19 14:05:11 | INFO     | src.ingestion.b3_scraper — [PINE4] Download incremental de 2026-04-18 até hoje
2026-04-19 14:05:12 | SUCCESS  | src.ingestion.b3_scraper — [PINE4] 1815 dias salvos em PINE4.parquet
2026-04-19 14:05:12 | INFO     | __main__ — [PINE4] preços: 1815 dias (2019-01-02 → 2026-04-17)
2026-04-19 14:05:12 | INFO     | __main__ — [INTR4] iniciando ingestão...
2026-04-19 14:05:12 | INFO     | src.ingestion.cvm_downloader — [INTR4] DFP: baixando 1 ano(s): [2026]
2026-04-19 14:05:12 | INFO     | src.ingestion.cvm_downloader — [DFP 2026] Baixando: https://dados.cvm.gov.br/dados/CIA_ABERTA/DOC/DFP/DADOS/dfp_cia_aberta_2026.zip
2026-04-19 14:05:12 | ERROR    | src.ingestion.cvm_downloader — [INTR4] DFP 2026: [DFP 2026] Não encontrado na CVM (404): https://dados.cvm.gov.br/dados/CIA_ABERTA/DOC/DFP/DADOS/dfp_cia_aberta_2026.zip
2026-04-19 14:05:12 | INFO     | src.ingestion.cvm_downloader — [INTR4] ITR: todos os anos já disponíveis
2026-04-19 14:05:12 | SUCCESS  | src.ingestion.cvm_downloader — [INTR4] Ingestão CVM concluída — CVM code: 080217
2026-04-19 14:05:12 | INFO     | __main__ — [INTR4] CVM: {'DFP': [], 'ITR': []}
2026-04-19 14:05:12 | INFO     | src.ingestion.b3_scraper — [INTR4] Download completo desde 2019-01-01
2026-04-19 14:05:15 | WARNING  | src.ingestion.b3_scraper — [INTR4] Nenhum dado novo retornado pelo yfinance
2026-04-19 14:05:15 | INFO     | __main__ — [WEGE3] iniciando ingestão...
2026-04-19 14:05:15 | INFO     | src.ingestion.cvm_downloader — [WEGE3] DFP: baixando 1 ano(s): [2026]
2026-04-19 14:05:15 | INFO     | src.ingestion.cvm_downloader — [DFP 2026] Baixando: https://dados.cvm.gov.br/dados/CIA_ABERTA/DOC/DFP/DADOS/dfp_cia_aberta_2026.zip
2026-04-19 14:05:16 | ERROR    | src.ingestion.cvm_downloader — [WEGE3] DFP 2026: [DFP 2026] Não encontrado na CVM (404): https://dados.cvm.gov.br/dados/CIA_ABERTA/DOC/DFP/DADOS/dfp_cia_aberta_2026.zip
2026-04-19 14:05:16 | INFO     | src.ingestion.cvm_downloader — [WEGE3] ITR: todos os anos já disponíveis
2026-04-19 14:05:16 | SUCCESS  | src.ingestion.cvm_downloader — [WEGE3] Ingestão CVM concluída — CVM code: 005410
2026-04-19 14:05:16 | INFO     | __main__ — [WEGE3] CVM: {'DFP': [], 'ITR': []}
2026-04-19 14:05:16 | INFO     | src.ingestion.b3_scraper — [WEGE3] Download incremental de 2026-04-18 até hoje
2026-04-19 14:05:17 | SUCCESS  | src.ingestion.b3_scraper — [WEGE3] 574 dias salvos em WEGE3.parquet
2026-04-19 14:05:17 | INFO     | __main__ — [WEGE3] preços: 574 dias (2024-01-02 → 2026-04-17)
2026-04-19 14:05:17 | INFO     | src.processing.pipeline — [BBAS3] processando 8 anos (banco=True, CVM=001023)
2026-04-19 14:07:26 | INFO     | src.processing.pipeline — [BBAS3] 2019: OK
2026-04-19 14:10:49 | INFO     | src.processing.pipeline — [BBAS3] 2020: OK
2026-04-19 14:14:08 | INFO     | src.processing.pipeline — [BBAS3] 2021: OK
2026-04-19 14:14:08 | INFO     | src.processing.pipeline — [BBAS3] 2022: OK
2026-04-19 14:14:08 | INFO     | src.processing.pipeline — [BBAS3] 2023: OK
2026-04-19 14:14:08 | INFO     | src.processing.pipeline — [BBAS3] 2024: OK
2026-04-19 14:16:24 | INFO     | src.processing.pipeline — [BBAS3] 2025: OK
2026-04-19 14:16:24 | INFO     | src.processing.pipeline — [BBAS3] 2026: FALHA — CSVs não encontrados em /Users/diegocarvalho/Library/CloudStorage/OneDrive-EPEJUD/DIEGO/OBSIDIAN/Analista de Investimentos/12_PYTHON/data/raw/cvm/DFP/2026 — execute 'ingest' primeiro
2026-04-19 14:16:24 | INFO     | src.processing.pipeline — [BBAS3] concluído — ok=4 pulados=3 falhas=1
2026-04-19 14:16:24 | INFO     | __main__ — Processamento concluído — ok=4 falhas=1
2026-04-19 14:16:25 | INFO     | src.processing.pipeline — [ITUB4] processando 8 anos (banco=True, CVM=019348)
2026-04-19 14:16:25 | INFO     | src.processing.pipeline — [ITUB4] 2019: OK
2026-04-19 14:16:26 | INFO     | src.processing.pipeline — [ITUB4] 2020: OK
2026-04-19 14:16:26 | INFO     | src.processing.pipeline — [ITUB4] 2021: OK
2026-04-19 14:16:26 | INFO     | src.processing.pipeline — [ITUB4] 2022: OK
2026-04-19 14:16:27 | INFO     | src.processing.pipeline — [ITUB4] 2023: OK
2026-04-19 14:16:27 | INFO     | src.processing.pipeline — [ITUB4] 2024: OK
2026-04-19 14:16:27 | INFO     | src.processing.pipeline — [ITUB4] 2025: OK
2026-04-19 14:16:27 | INFO     | src.processing.pipeline — [ITUB4] 2026: FALHA — CSVs não encontrados em /Users/diegocarvalho/Library/CloudStorage/OneDrive-EPEJUD/DIEGO/OBSIDIAN/Analista de Investimentos/12_PYTHON/data/raw/cvm/DFP/2026 — execute 'ingest' primeiro
2026-04-19 14:16:27 | INFO     | src.processing.pipeline — [ITUB4] concluído — ok=7 pulados=0 falhas=1
2026-04-19 14:16:27 | INFO     | __main__ — Processamento concluído — ok=7 falhas=1
2026-04-19 14:16:28 | INFO     | src.processing.pipeline — [BBDC4] processando 8 anos (banco=True, CVM=000906)
2026-04-19 14:16:28 | INFO     | src.processing.pipeline — [BBDC4] 2019: OK
2026-04-19 14:16:28 | INFO     | src.processing.pipeline — [BBDC4] 2020: OK
2026-04-19 14:16:29 | INFO     | src.processing.pipeline — [BBDC4] 2021: OK
2026-04-19 14:16:29 | INFO     | src.processing.pipeline — [BBDC4] 2022: OK
2026-04-19 14:16:29 | INFO     | src.processing.pipeline — [BBDC4] 2023: OK
2026-04-19 14:16:30 | INFO     | src.processing.pipeline — [BBDC4] 2024: OK
2026-04-19 14:16:30 | INFO     | src.processing.pipeline — [BBDC4] 2025: OK
2026-04-19 14:16:30 | INFO     | src.processing.pipeline — [BBDC4] 2026: FALHA — CSVs não encontrados em /Users/diegocarvalho/Library/CloudStorage/OneDrive-EPEJUD/DIEGO/OBSIDIAN/Analista de Investimentos/12_PYTHON/data/raw/cvm/DFP/2026 — execute 'ingest' primeiro
2026-04-19 14:16:30 | INFO     | src.processing.pipeline — [BBDC4] concluído — ok=7 pulados=0 falhas=1
2026-04-19 14:16:30 | INFO     | __main__ — Processamento concluído — ok=7 falhas=1
2026-04-19 14:16:31 | INFO     | src.processing.pipeline — [SANB11] processando 8 anos (banco=True, CVM=020532)
2026-04-19 14:16:31 | INFO     | src.processing.pipeline — [SANB11] 2019: OK
2026-04-19 14:16:31 | INFO     | src.processing.pipeline — [SANB11] 2020: OK
2026-04-19 14:16:31 | INFO     | src.processing.pipeline — [SANB11] 2021: OK
2026-04-19 14:16:32 | INFO     | src.processing.pipeline — [SANB11] 2022: OK
2026-04-19 14:16:32 | INFO     | src.processing.pipeline — [SANB11] 2023: OK
2026-04-19 14:16:32 | INFO     | src.processing.pipeline — [SANB11] 2024: OK
2026-04-19 14:16:33 | INFO     | src.processing.pipeline — [SANB11] 2025: OK
2026-04-19 14:16:33 | INFO     | src.processing.pipeline — [SANB11] 2026: FALHA — CSVs não encontrados em /Users/diegocarvalho/Library/CloudStorage/OneDrive-EPEJUD/DIEGO/OBSIDIAN/Analista de Investimentos/12_PYTHON/data/raw/cvm/DFP/2026 — execute 'ingest' primeiro
2026-04-19 14:16:33 | INFO     | src.processing.pipeline — [SANB11] concluído — ok=7 pulados=0 falhas=1
2026-04-19 14:16:33 | INFO     | __main__ — Processamento concluído — ok=7 falhas=1
2026-04-19 14:16:33 | INFO     | src.processing.pipeline — [ITSA4] processando 8 anos (banco=False, CVM=007617)
2026-04-19 14:16:33 | INFO     | src.processing.pipeline — [ITSA4] 2019: OK
2026-04-19 14:16:34 | INFO     | src.processing.pipeline — [ITSA4] 2020: OK
2026-04-19 14:16:34 | INFO     | src.processing.pipeline — [ITSA4] 2021: OK
2026-04-19 14:16:34 | INFO     | src.processing.pipeline — [ITSA4] 2022: OK
2026-04-19 14:16:35 | INFO     | src.processing.pipeline — [ITSA4] 2023: OK
2026-04-19 14:16:35 | INFO     | src.processing.pipeline — [ITSA4] 2024: OK
2026-04-19 14:16:35 | INFO     | src.processing.pipeline — [ITSA4] 2025: OK
2026-04-19 14:16:35 | INFO     | src.processing.pipeline — [ITSA4] 2026: FALHA — CSVs não encontrados em /Users/diegocarvalho/Library/CloudStorage/OneDrive-EPEJUD/DIEGO/OBSIDIAN/Analista de Investimentos/12_PYTHON/data/raw/cvm/DFP/2026 — execute 'ingest' primeiro
2026-04-19 14:16:35 | INFO     | src.processing.pipeline — [ITSA4] concluído — ok=7 pulados=0 falhas=1
2026-04-19 14:16:35 | INFO     | __main__ — Processamento concluído — ok=7 falhas=1
2026-04-19 14:16:36 | INFO     | src.processing.pipeline — [BPAC11] processando 8 anos (banco=True, CVM=022616)
2026-04-19 14:16:36 | INFO     | src.processing.pipeline — [BPAC11] 2019: OK
2026-04-19 14:16:36 | INFO     | src.processing.pipeline — [BPAC11] 2020: OK
2026-04-19 14:16:37 | INFO     | src.processing.pipeline — [BPAC11] 2021: OK
2026-04-19 14:16:37 | INFO     | src.processing.pipeline — [BPAC11] 2022: OK
2026-04-19 14:16:38 | INFO     | src.processing.pipeline — [BPAC11] 2023: OK
2026-04-19 14:16:38 | INFO     | src.processing.pipeline — [BPAC11] 2024: OK
2026-04-19 14:16:38 | INFO     | src.processing.pipeline — [BPAC11] 2025: OK
2026-04-19 14:16:38 | INFO     | src.processing.pipeline — [BPAC11] 2026: FALHA — CSVs não encontrados em /Users/diegocarvalho/Library/CloudStorage/OneDrive-EPEJUD/DIEGO/OBSIDIAN/Analista de Investimentos/12_PYTHON/data/raw/cvm/DFP/2026 — execute 'ingest' primeiro
2026-04-19 14:16:38 | INFO     | src.processing.pipeline — [BPAC11] concluído — ok=7 pulados=0 falhas=1
2026-04-19 14:16:38 | INFO     | __main__ — Processamento concluído — ok=7 falhas=1
2026-04-19 14:16:39 | INFO     | src.processing.pipeline — [ABCB4] processando 8 anos (banco=True, CVM=020958)
2026-04-19 14:16:39 | INFO     | src.processing.pipeline — [ABCB4] 2019: OK
2026-04-19 14:16:39 | INFO     | src.processing.pipeline — [ABCB4] 2020: OK
2026-04-19 14:16:40 | INFO     | src.processing.pipeline — [ABCB4] 2021: OK
2026-04-19 14:16:40 | INFO     | src.processing.pipeline — [ABCB4] 2022: OK
2026-04-19 14:16:40 | INFO     | src.processing.pipeline — [ABCB4] 2023: OK
2026-04-19 14:16:41 | INFO     | src.processing.pipeline — [ABCB4] 2024: FALHA — BankParser retornou None — dados ausentes no CSV
2026-04-19 14:16:41 | INFO     | src.processing.pipeline — [ABCB4] 2025: FALHA — BankParser retornou None — dados ausentes no CSV
2026-04-19 14:16:41 | INFO     | src.processing.pipeline — [ABCB4] 2026: FALHA — CSVs não encontrados em /Users/diegocarvalho/Library/CloudStorage/OneDrive-EPEJUD/DIEGO/OBSIDIAN/Analista de Investimentos/12_PYTHON/data/raw/cvm/DFP/2026 — execute 'ingest' primeiro
2026-04-19 14:16:41 | INFO     | src.processing.pipeline — [ABCB4] concluído — ok=5 pulados=0 falhas=3
2026-04-19 14:16:41 | INFO     | __main__ — Processamento concluído — ok=5 falhas=3
2026-04-19 14:16:41 | INFO     | src.processing.pipeline — [BRSR6] processando 8 anos (banco=True, CVM=001210)
2026-04-19 14:16:42 | INFO     | src.processing.pipeline — [BRSR6] 2019: OK
2026-04-19 14:16:42 | INFO     | src.processing.pipeline — [BRSR6] 2020: OK
2026-04-19 14:16:42 | INFO     | src.processing.pipeline — [BRSR6] 2021: OK
2026-04-19 14:16:43 | INFO     | src.processing.pipeline — [BRSR6] 2022: OK
2026-04-19 14:16:43 | INFO     | src.processing.pipeline — [BRSR6] 2023: OK
2026-04-19 14:16:43 | INFO     | src.processing.pipeline — [BRSR6] 2024: OK
2026-04-19 14:16:44 | INFO     | src.processing.pipeline — [BRSR6] 2025: OK
2026-04-19 14:16:44 | INFO     | src.processing.pipeline — [BRSR6] 2026: FALHA — CSVs não encontrados em /Users/diegocarvalho/Library/CloudStorage/OneDrive-EPEJUD/DIEGO/OBSIDIAN/Analista de Investimentos/12_PYTHON/data/raw/cvm/DFP/2026 — execute 'ingest' primeiro
2026-04-19 14:16:44 | INFO     | src.processing.pipeline — [BRSR6] concluído — ok=7 pulados=0 falhas=1
2026-04-19 14:16:44 | INFO     | __main__ — Processamento concluído — ok=7 falhas=1
2026-04-19 14:16:44 | INFO     | src.processing.pipeline — [BMGB4] processando 8 anos (banco=True, CVM=024600)
2026-04-19 14:16:44 | INFO     | src.processing.pipeline — [BMGB4] 2019: OK
2026-04-19 14:16:45 | INFO     | src.processing.pipeline — [BMGB4] 2020: OK
2026-04-19 14:16:45 | INFO     | src.processing.pipeline — [BMGB4] 2021: OK
2026-04-19 14:16:45 | INFO     | src.processing.pipeline — [BMGB4] 2022: OK
2026-04-19 14:16:46 | INFO     | src.processing.pipeline — [BMGB4] 2023: OK
2026-04-19 14:16:46 | INFO     | src.processing.pipeline — [BMGB4] 2024: OK
2026-04-19 14:16:46 | INFO     | src.processing.pipeline — [BMGB4] 2025: OK
2026-04-19 14:16:46 | INFO     | src.processing.pipeline — [BMGB4] 2026: FALHA — CSVs não encontrados em /Users/diegocarvalho/Library/CloudStorage/OneDrive-EPEJUD/DIEGO/OBSIDIAN/Analista de Investimentos/12_PYTHON/data/raw/cvm/DFP/2026 — execute 'ingest' primeiro
2026-04-19 14:16:46 | INFO     | src.processing.pipeline — [BMGB4] concluído — ok=7 pulados=0 falhas=1
2026-04-19 14:16:46 | INFO     | __main__ — Processamento concluído — ok=7 falhas=1
2026-04-19 14:16:47 | INFO     | src.processing.pipeline — [BPAN4] processando 8 anos (banco=True, CVM=021199)
2026-04-19 14:16:47 | INFO     | src.processing.pipeline — [BPAN4] 2019: OK
2026-04-19 14:16:47 | INFO     | src.processing.pipeline — [BPAN4] 2020: OK
2026-04-19 14:16:48 | INFO     | src.processing.pipeline — [BPAN4] 2021: OK
2026-04-19 14:16:48 | INFO     | src.processing.pipeline — [BPAN4] 2022: OK
2026-04-19 14:16:48 | INFO     | src.processing.pipeline — [BPAN4] 2023: OK
2026-04-19 14:16:49 | INFO     | src.processing.pipeline — [BPAN4] 2024: OK
2026-04-19 14:16:49 | INFO     | src.processing.pipeline — [BPAN4] 2025: FALHA — BankParser retornou None — dados ausentes no CSV
2026-04-19 14:16:49 | INFO     | src.processing.pipeline — [BPAN4] 2026: FALHA — CSVs não encontrados em /Users/diegocarvalho/Library/CloudStorage/OneDrive-EPEJUD/DIEGO/OBSIDIAN/Analista de Investimentos/12_PYTHON/data/raw/cvm/DFP/2026 — execute 'ingest' primeiro
2026-04-19 14:16:49 | INFO     | src.processing.pipeline — [BPAN4] concluído — ok=6 pulados=0 falhas=2
2026-04-19 14:16:49 | INFO     | __main__ — Processamento concluído — ok=6 falhas=2
2026-04-19 14:16:49 | INFO     | src.processing.pipeline — [PINE4] processando 8 anos (banco=True, CVM=020567)
2026-04-19 14:16:50 | INFO     | src.processing.pipeline — [PINE4] 2019: OK
2026-04-19 14:16:50 | INFO     | src.processing.pipeline — [PINE4] 2020: OK
2026-04-19 14:16:50 | INFO     | src.processing.pipeline — [PINE4] 2021: OK
2026-04-19 14:16:51 | INFO     | src.processing.pipeline — [PINE4] 2022: OK
2026-04-19 14:16:51 | INFO     | src.processing.pipeline — [PINE4] 2023: OK
2026-04-19 14:16:51 | INFO     | src.processing.pipeline — [PINE4] 2024: OK
2026-04-19 14:16:52 | INFO     | src.processing.pipeline — [PINE4] 2025: OK
2026-04-19 14:16:52 | INFO     | src.processing.pipeline — [PINE4] 2026: FALHA — CSVs não encontrados em /Users/diegocarvalho/Library/CloudStorage/OneDrive-EPEJUD/DIEGO/OBSIDIAN/Analista de Investimentos/12_PYTHON/data/raw/cvm/DFP/2026 — execute 'ingest' primeiro
2026-04-19 14:16:52 | INFO     | src.processing.pipeline — [PINE4] concluído — ok=7 pulados=0 falhas=1
2026-04-19 14:16:52 | INFO     | __main__ — Processamento concluído — ok=7 falhas=1
2026-04-19 14:16:52 | INFO     | src.processing.pipeline — [INTR4] processando 8 anos (banco=True, CVM=080217)
2026-04-19 14:16:52 | INFO     | src.processing.pipeline — [INTR4] 2019: FALHA — BankParser retornou None — dados ausentes no CSV
2026-04-19 14:16:53 | INFO     | src.processing.pipeline — [INTR4] 2020: FALHA — BankParser retornou None — dados ausentes no CSV
2026-04-19 14:16:53 | INFO     | src.processing.pipeline — [INTR4] 2021: OK
2026-04-19 14:16:53 | INFO     | src.processing.pipeline — [INTR4] 2022: OK
2026-04-19 14:16:54 | INFO     | src.processing.pipeline — [INTR4] 2023: OK
2026-04-19 14:16:54 | INFO     | src.processing.pipeline — [INTR4] 2024: OK
2026-04-19 14:16:54 | INFO     | src.processing.pipeline — [INTR4] 2025: OK
2026-04-19 14:16:54 | INFO     | src.processing.pipeline — [INTR4] 2026: FALHA — CSVs não encontrados em /Users/diegocarvalho/Library/CloudStorage/OneDrive-EPEJUD/DIEGO/OBSIDIAN/Analista de Investimentos/12_PYTHON/data/raw/cvm/DFP/2026 — execute 'ingest' primeiro
2026-04-19 14:16:54 | INFO     | src.processing.pipeline — [INTR4] concluído — ok=5 pulados=0 falhas=3
2026-04-19 14:16:54 | INFO     | __main__ — Processamento concluído — ok=5 falhas=3
2026-04-19 14:16:55 | INFO     | src.processing.pipeline — [WEGE3] processando 8 anos (banco=False, CVM=005410)
2026-04-19 14:16:55 | INFO     | src.processing.pipeline — [WEGE3] 2019: OK
2026-04-19 14:16:55 | INFO     | src.processing.pipeline — [WEGE3] 2020: OK
2026-04-19 14:16:56 | INFO     | src.processing.pipeline — [WEGE3] 2021: OK
2026-04-19 14:16:56 | INFO     | src.processing.pipeline — [WEGE3] 2022: OK
2026-04-19 14:16:56 | INFO     | src.processing.pipeline — [WEGE3] 2023: OK
2026-04-19 14:16:56 | INFO     | src.processing.pipeline — [WEGE3] 2024: OK
2026-04-19 14:16:56 | INFO     | src.processing.pipeline — [WEGE3] 2025: OK
2026-04-19 14:16:56 | INFO     | src.processing.pipeline — [WEGE3] 2026: FALHA — CSVs não encontrados em /Users/diegocarvalho/Library/CloudStorage/OneDrive-EPEJUD/DIEGO/OBSIDIAN/Analista de Investimentos/12_PYTHON/data/raw/cvm/DFP/2026 — execute 'ingest' primeiro
2026-04-19 14:16:56 | INFO     | src.processing.pipeline — [WEGE3] concluído — ok=4 pulados=3 falhas=1
2026-04-19 14:16:56 | INFO     | __main__ — Processamento concluído — ok=4 falhas=1
2026-04-19 14:16:56 | INFO     | __main__ — [BBAS3] iniciando análise completa...
2026-04-19 14:16:56 | INFO     | src.analysis.metrics_engine — [BBAS3] 2019: métricas calculadas [bank]
2026-04-19 14:16:56 | INFO     | src.analysis.metrics_engine — [BBAS3] 2020: métricas calculadas [bank]
2026-04-19 14:16:56 | INFO     | src.analysis.metrics_engine — [BBAS3] 2021: métricas calculadas [bank]
2026-04-19 14:16:56 | INFO     | src.analysis.metrics_engine — [BBAS3] 2022: métricas carregadas do cache
2026-04-19 14:16:56 | INFO     | src.analysis.metrics_engine — [BBAS3] 2023: métricas carregadas do cache
2026-04-19 14:16:56 | INFO     | src.analysis.metrics_engine — [BBAS3] 2024: métricas carregadas do cache
2026-04-19 14:16:56 | INFO     | src.analysis.metrics_engine — [BBAS3] 2025: métricas calculadas [bank]
2026-04-19 14:16:56 | SUCCESS  | src.analysis.metrics_engine — [BBAS3] 7 períodos calculados
2026-04-19 14:16:56 | INFO     | src.valuation.auto_dcf — [BBAS3] valuation carregado do cache
2026-04-19 14:16:57 | INFO     | __main__ — [ITUB4] iniciando análise completa...
2026-04-19 14:16:57 | INFO     | src.analysis.metrics_engine — [ITUB4] 2019: métricas calculadas [bank]
2026-04-19 14:16:57 | INFO     | src.analysis.metrics_engine — [ITUB4] 2020: métricas calculadas [bank]
2026-04-19 14:16:57 | INFO     | src.analysis.metrics_engine — [ITUB4] 2021: métricas calculadas [bank]
2026-04-19 14:16:57 | INFO     | src.analysis.metrics_engine — [ITUB4] 2022: métricas calculadas [bank]
2026-04-19 14:16:57 | INFO     | src.analysis.metrics_engine — [ITUB4] 2023: métricas calculadas [bank]
2026-04-19 14:16:57 | INFO     | src.analysis.metrics_engine — [ITUB4] 2024: métricas calculadas [bank]
2026-04-19 14:16:57 | INFO     | src.analysis.metrics_engine — [ITUB4] 2025: métricas calculadas [bank]
2026-04-19 14:16:57 | SUCCESS  | src.analysis.metrics_engine — [ITUB4] 7 períodos calculados
2026-04-19 14:16:57 | INFO     | src.analysis.risk_engine — [ITUB4] risco: HIGH (1 alerta(s)) [bank]
2026-04-19 14:16:57 | INFO     | src.valuation.auto_dcf — [ITUB4] setor=bank  método=gordon_growth  modelo=bank
2026-04-19 14:16:57 | SUCCESS  | src.valuation.auto_dcf — [ITUB4] valuation concluído — Gordon Growth Model (P/B Implícito) | base=411,228 R$ mi
2026-04-19 14:16:57 | INFO     | src.analysis.insight_engine — [ITUB4] 3 insights gerados
2026-04-19 14:16:57 | INFO     | __main__ — [BBDC4] iniciando análise completa...
2026-04-19 14:16:57 | INFO     | src.analysis.metrics_engine — [BBDC4] 2019: métricas calculadas [bank]
2026-04-19 14:16:57 | INFO     | src.analysis.metrics_engine — [BBDC4] 2020: métricas calculadas [bank]
2026-04-19 14:16:57 | INFO     | src.analysis.metrics_engine — [BBDC4] 2021: métricas calculadas [bank]
2026-04-19 14:16:57 | INFO     | src.analysis.metrics_engine — [BBDC4] 2022: métricas calculadas [bank]
2026-04-19 14:16:57 | INFO     | src.analysis.metrics_engine — [BBDC4] 2023: métricas calculadas [bank]
2026-04-19 14:16:57 | INFO     | src.analysis.metrics_engine — [BBDC4] 2024: métricas calculadas [bank]
2026-04-19 14:16:57 | INFO     | src.analysis.metrics_engine — [BBDC4] 2025: métricas calculadas [bank]
2026-04-19 14:16:57 | SUCCESS  | src.analysis.metrics_engine — [BBDC4] 7 períodos calculados
2026-04-19 14:16:57 | INFO     | src.analysis.risk_engine — [BBDC4] risco: HIGH (1 alerta(s)) [bank]
2026-04-19 14:16:57 | INFO     | src.valuation.auto_dcf — [BBDC4] setor=bank  método=gordon_growth  modelo=bank
2026-04-19 14:16:57 | SUCCESS  | src.valuation.auto_dcf — [BBDC4] valuation concluído — Gordon Growth Model (P/B Implícito) | base=181,785 R$ mi
2026-04-19 14:16:57 | INFO     | src.analysis.insight_engine — [BBDC4] 4 insights gerados
2026-04-19 14:16:57 | INFO     | __main__ — [SANB11] iniciando análise completa...
2026-04-19 14:16:58 | INFO     | src.analysis.metrics_engine — [SANB11] 2019: métricas calculadas [bank]
2026-04-19 14:16:58 | INFO     | src.analysis.metrics_engine — [SANB11] 2020: métricas calculadas [bank]
2026-04-19 14:16:58 | INFO     | src.analysis.metrics_engine — [SANB11] 2021: métricas calculadas [bank]
2026-04-19 14:16:58 | INFO     | src.analysis.metrics_engine — [SANB11] 2022: métricas calculadas [bank]
2026-04-19 14:16:58 | INFO     | src.analysis.metrics_engine — [SANB11] 2023: métricas calculadas [bank]
2026-04-19 14:16:58 | INFO     | src.analysis.metrics_engine — [SANB11] 2024: métricas calculadas [bank]
2026-04-19 14:16:58 | INFO     | src.analysis.metrics_engine — [SANB11] 2025: métricas calculadas [bank]
2026-04-19 14:16:58 | SUCCESS  | src.analysis.metrics_engine — [SANB11] 7 períodos calculados
2026-04-19 14:16:58 | INFO     | src.analysis.risk_engine — [SANB11] risco: HIGH (2 alerta(s)) [bank]
2026-04-19 14:16:58 | INFO     | src.valuation.auto_dcf — [SANB11] setor=bank  método=gordon_growth  modelo=bank
2026-04-19 14:16:58 | SUCCESS  | src.valuation.auto_dcf — [SANB11] valuation concluído — Gordon Growth Model (P/B Implícito) | base=77,224 R$ mi
2026-04-19 14:16:58 | INFO     | src.analysis.insight_engine — [SANB11] 3 insights gerados
2026-04-19 14:16:58 | INFO     | __main__ — [ITSA4] iniciando análise completa...
2026-04-19 14:16:58 | INFO     | src.analysis.metrics_engine — [ITSA4] 2019: métricas calculadas [holding]
2026-04-19 14:16:58 | INFO     | src.analysis.metrics_engine — [ITSA4] 2020: métricas calculadas [holding]
2026-04-19 14:16:58 | INFO     | src.analysis.metrics_engine — [ITSA4] 2021: métricas calculadas [holding]
2026-04-19 14:16:58 | INFO     | src.analysis.metrics_engine — [ITSA4] 2022: métricas calculadas [holding]
2026-04-19 14:16:58 | INFO     | src.analysis.metrics_engine — [ITSA4] 2023: métricas calculadas [holding]
2026-04-19 14:16:58 | INFO     | src.analysis.metrics_engine — [ITSA4] 2024: métricas calculadas [holding]
2026-04-19 14:16:58 | INFO     | src.analysis.metrics_engine — [ITSA4] 2025: métricas calculadas [holding]
2026-04-19 14:16:58 | SUCCESS  | src.analysis.metrics_engine — [ITSA4] 7 períodos calculados
2026-04-19 14:16:58 | INFO     | src.analysis.risk_engine — [ITSA4] risco: LOW (0 alerta(s)) [holding]
2026-04-19 14:16:58 | INFO     | src.valuation.auto_dcf — [ITSA4] setor=holding  método=gordon_growth  modelo=industrial
2026-04-19 14:16:58 | SUCCESS  | src.valuation.auto_dcf — [ITSA4] valuation concluído — Gordon Growth Model (P/B Implícito) | base=0 R$ mi
2026-04-19 14:16:58 | INFO     | src.analysis.insight_engine — [ITSA4] 0 insights gerados
2026-04-19 14:16:58 | INFO     | __main__ — [BPAC11] iniciando análise completa...
2026-04-19 14:16:59 | INFO     | src.analysis.metrics_engine — [BPAC11] 2019: métricas calculadas [bank]
2026-04-19 14:16:59 | INFO     | src.analysis.metrics_engine — [BPAC11] 2020: métricas calculadas [bank]
2026-04-19 14:16:59 | INFO     | src.analysis.metrics_engine — [BPAC11] 2021: métricas calculadas [bank]
2026-04-19 14:16:59 | INFO     | src.analysis.metrics_engine — [BPAC11] 2022: métricas calculadas [bank]
2026-04-19 14:16:59 | INFO     | src.analysis.metrics_engine — [BPAC11] 2023: métricas calculadas [bank]
2026-04-19 14:16:59 | INFO     | src.analysis.metrics_engine — [BPAC11] 2024: métricas calculadas [bank]
2026-04-19 14:16:59 | INFO     | src.analysis.metrics_engine — [BPAC11] 2025: métricas calculadas [bank]
2026-04-19 14:16:59 | SUCCESS  | src.analysis.metrics_engine — [BPAC11] 7 períodos calculados
2026-04-19 14:16:59 | INFO     | src.analysis.risk_engine — [BPAC11] risco: MEDIUM (1 alerta(s)) [bank]
2026-04-19 14:16:59 | INFO     | src.valuation.auto_dcf — [BPAC11] setor=bank  método=gordon_growth  modelo=bank
2026-04-19 14:16:59 | SUCCESS  | src.valuation.auto_dcf — [BPAC11] valuation concluído — Gordon Growth Model (P/B Implícito) | base=170,186 R$ mi
2026-04-19 14:16:59 | INFO     | src.analysis.insight_engine — [BPAC11] 3 insights gerados
2026-04-19 14:16:59 | INFO     | __main__ — [ABCB4] iniciando análise completa...
2026-04-19 14:16:59 | INFO     | src.analysis.metrics_engine — [ABCB4] 2019: métricas calculadas [bank]
2026-04-19 14:16:59 | INFO     | src.analysis.metrics_engine — [ABCB4] 2020: métricas calculadas [bank]
2026-04-19 14:16:59 | INFO     | src.analysis.metrics_engine — [ABCB4] 2021: métricas calculadas [bank]
2026-04-19 14:16:59 | INFO     | src.analysis.metrics_engine — [ABCB4] 2022: métricas calculadas [bank]
2026-04-19 14:16:59 | INFO     | src.analysis.metrics_engine — [ABCB4] 2023: métricas calculadas [bank]
2026-04-19 14:16:59 | SUCCESS  | src.analysis.metrics_engine — [ABCB4] 5 períodos calculados
2026-04-19 14:16:59 | INFO     | src.analysis.risk_engine — [ABCB4] risco: HIGH (1 alerta(s)) [bank]
2026-04-19 14:16:59 | INFO     | src.valuation.auto_dcf — [ABCB4] setor=bank  método=gordon_growth  modelo=bank
2026-04-19 14:16:59 | SUCCESS  | src.valuation.auto_dcf — [ABCB4] valuation concluído — Gordon Growth Model (P/B Implícito) | base=6,728 R$ mi
2026-04-19 14:16:59 | INFO     | src.analysis.insight_engine — [ABCB4] 3 insights gerados
2026-04-19 14:16:59 | INFO     | __main__ — [BRSR6] iniciando análise completa...
2026-04-19 14:16:59 | INFO     | src.analysis.metrics_engine — [BRSR6] 2019: métricas calculadas [bank]
2026-04-19 14:16:59 | INFO     | src.analysis.metrics_engine — [BRSR6] 2020: métricas calculadas [bank]
2026-04-19 14:16:59 | INFO     | src.analysis.metrics_engine — [BRSR6] 2021: métricas calculadas [bank]
2026-04-19 14:16:59 | INFO     | src.analysis.metrics_engine — [BRSR6] 2022: métricas calculadas [bank]
2026-04-19 14:16:59 | INFO     | src.analysis.metrics_engine — [BRSR6] 2023: métricas calculadas [bank]
2026-04-19 14:16:59 | INFO     | src.analysis.metrics_engine — [BRSR6] 2024: métricas calculadas [bank]
2026-04-19 14:16:59 | INFO     | src.analysis.metrics_engine — [BRSR6] 2025: métricas calculadas [bank]
2026-04-19 14:16:59 | SUCCESS  | src.analysis.metrics_engine — [BRSR6] 7 períodos calculados
2026-04-19 14:16:59 | INFO     | src.analysis.risk_engine — [BRSR6] risco: HIGH (1 alerta(s)) [bank]
2026-04-19 14:16:59 | INFO     | src.valuation.auto_dcf — [BRSR6] setor=bank  método=gordon_growth  modelo=bank
2026-04-19 14:16:59 | SUCCESS  | src.valuation.auto_dcf — [BRSR6] valuation concluído — Gordon Growth Model (P/B Implícito) | base=14,569 R$ mi
2026-04-19 14:16:59 | INFO     | src.analysis.insight_engine — [BRSR6] 4 insights gerados
2026-04-19 14:17:00 | INFO     | __main__ — [BMGB4] iniciando análise completa...
2026-04-19 14:17:00 | INFO     | src.analysis.metrics_engine — [BMGB4] 2019: métricas calculadas [bank]
2026-04-19 14:17:00 | INFO     | src.analysis.metrics_engine — [BMGB4] 2020: métricas calculadas [bank]
2026-04-19 14:17:00 | INFO     | src.analysis.metrics_engine — [BMGB4] 2021: métricas calculadas [bank]
2026-04-19 14:17:00 | INFO     | src.analysis.metrics_engine — [BMGB4] 2022: métricas calculadas [bank]
2026-04-19 14:17:00 | INFO     | src.analysis.metrics_engine — [BMGB4] 2023: métricas calculadas [bank]
2026-04-19 14:17:00 | INFO     | src.analysis.metrics_engine — [BMGB4] 2024: métricas calculadas [bank]
2026-04-19 14:17:00 | INFO     | src.analysis.metrics_engine — [BMGB4] 2025: métricas calculadas [bank]
2026-04-19 14:17:00 | SUCCESS  | src.analysis.metrics_engine — [BMGB4] 7 períodos calculados
2026-04-19 14:17:00 | INFO     | src.analysis.risk_engine — [BMGB4] risco: HIGH (1 alerta(s)) [bank]
2026-04-19 14:17:00 | INFO     | src.valuation.auto_dcf — [BMGB4] setor=bank  método=gordon_growth  modelo=bank
2026-04-19 14:17:00 | SUCCESS  | src.valuation.auto_dcf — [BMGB4] valuation concluído — Gordon Growth Model (P/B Implícito) | base=4,283 R$ mi
2026-04-19 14:17:00 | INFO     | src.analysis.insight_engine — [BMGB4] 3 insights gerados
2026-04-19 14:17:00 | INFO     | __main__ — [BPAN4] iniciando análise completa...
2026-04-19 14:17:00 | INFO     | src.analysis.metrics_engine — [BPAN4] 2019: métricas calculadas [bank]
2026-04-19 14:17:00 | INFO     | src.analysis.metrics_engine — [BPAN4] 2020: métricas calculadas [bank]
2026-04-19 14:17:00 | INFO     | src.analysis.metrics_engine — [BPAN4] 2021: métricas calculadas [bank]
2026-04-19 14:17:00 | INFO     | src.analysis.metrics_engine — [BPAN4] 2022: métricas calculadas [bank]
2026-04-19 14:17:00 | INFO     | src.analysis.metrics_engine — [BPAN4] 2023: métricas calculadas [bank]
2026-04-19 14:17:00 | INFO     | src.analysis.metrics_engine — [BPAN4] 2024: métricas calculadas [bank]
2026-04-19 14:17:00 | SUCCESS  | src.analysis.metrics_engine — [BPAN4] 6 períodos calculados
2026-04-19 14:17:00 | INFO     | src.analysis.risk_engine — [BPAN4] risco: HIGH (5 alerta(s)) [bank]
2026-04-19 14:17:00 | INFO     | src.valuation.auto_dcf — [BPAN4] setor=bank  método=gordon_growth  modelo=bank
2026-04-19 14:17:00 | SUCCESS  | src.valuation.auto_dcf — [BPAN4] valuation concluído — Gordon Growth Model (P/B Implícito) | base=2,247 R$ mi
2026-04-19 14:17:00 | INFO     | src.analysis.insight_engine — [BPAN4] 4 insights gerados
2026-04-19 14:17:00 | INFO     | __main__ — [PINE4] iniciando análise completa...
2026-04-19 14:17:01 | INFO     | src.analysis.metrics_engine — [PINE4] 2019: métricas calculadas [bank]
2026-04-19 14:17:01 | INFO     | src.analysis.metrics_engine — [PINE4] 2020: métricas calculadas [bank]
2026-04-19 14:17:01 | INFO     | src.analysis.metrics_engine — [PINE4] 2021: métricas calculadas [bank]
2026-04-19 14:17:01 | INFO     | src.analysis.metrics_engine — [PINE4] 2022: métricas calculadas [bank]
2026-04-19 14:17:01 | INFO     | src.analysis.metrics_engine — [PINE4] 2023: métricas calculadas [bank]
2026-04-19 14:17:01 | INFO     | src.analysis.metrics_engine — [PINE4] 2024: métricas calculadas [bank]
2026-04-19 14:17:01 | INFO     | src.analysis.metrics_engine — [PINE4] 2025: métricas calculadas [bank]
2026-04-19 14:17:01 | SUCCESS  | src.analysis.metrics_engine — [PINE4] 7 períodos calculados
2026-04-19 14:17:01 | INFO     | src.analysis.risk_engine — [PINE4] risco: CRITICAL (1 alerta(s)) [bank]
2026-04-19 14:17:01 | INFO     | src.valuation.auto_dcf — [PINE4] setor=bank  método=gordon_growth  modelo=bank
2026-04-19 14:17:01 | SUCCESS  | src.valuation.auto_dcf — [PINE4] valuation concluído — Gordon Growth Model (P/B Implícito) | base=5,149 R$ mi
2026-04-19 14:17:01 | INFO     | src.analysis.insight_engine — [PINE4] 4 insights gerados
2026-04-19 14:17:01 | INFO     | __main__ — [INTR4] iniciando análise completa...
2026-04-19 14:17:01 | INFO     | src.analysis.metrics_engine — [INTR4] 2021: métricas calculadas [bank]
2026-04-19 14:17:01 | INFO     | src.analysis.metrics_engine — [INTR4] 2022: métricas calculadas [bank]
2026-04-19 14:17:01 | INFO     | src.analysis.metrics_engine — [INTR4] 2023: métricas calculadas [bank]
2026-04-19 14:17:01 | INFO     | src.analysis.metrics_engine — [INTR4] 2024: métricas calculadas [bank]
2026-04-19 14:17:01 | INFO     | src.analysis.metrics_engine — [INTR4] 2025: métricas calculadas [bank]
2026-04-19 14:17:01 | SUCCESS  | src.analysis.metrics_engine — [INTR4] 5 períodos calculados
2026-04-19 14:17:01 | INFO     | src.analysis.risk_engine — [INTR4] risco: HIGH (1 alerta(s)) [bank]
2026-04-19 14:17:01 | INFO     | src.valuation.auto_dcf — [INTR4] setor=bank  método=gordon_growth  modelo=bank
2026-04-19 14:17:01 | SUCCESS  | src.valuation.auto_dcf — [INTR4] valuation concluído — Gordon Growth Model (P/B Implícito) | base=10,510 R$ mi
2026-04-19 14:17:01 | INFO     | src.analysis.insight_engine — [INTR4] 4 insights gerados
2026-04-19 14:17:01 | INFO     | __main__ — [WEGE3] iniciando análise completa...
2026-04-19 14:17:02 | INFO     | src.analysis.metrics_engine — [WEGE3] 2019: métricas calculadas [industrial]
2026-04-19 14:17:02 | INFO     | src.analysis.metrics_engine — [WEGE3] 2020: métricas calculadas [industrial]
2026-04-19 14:17:02 | INFO     | src.analysis.metrics_engine — [WEGE3] 2021: métricas calculadas [industrial]
2026-04-19 14:17:02 | INFO     | src.analysis.metrics_engine — [WEGE3] 2022: métricas carregadas do cache
2026-04-19 14:17:02 | INFO     | src.analysis.metrics_engine — [WEGE3] 2023: métricas carregadas do cache
2026-04-19 14:17:02 | INFO     | src.analysis.metrics_engine — [WEGE3] 2024: métricas carregadas do cache
2026-04-19 14:17:02 | INFO     | src.analysis.metrics_engine — [WEGE3] 2025: métricas calculadas [industrial]
2026-04-19 14:17:02 | SUCCESS  | src.analysis.metrics_engine — [WEGE3] 7 períodos calculados
2026-04-19 14:17:02 | INFO     | src.valuation.auto_dcf — [WEGE3] valuation carregado do cache
2026-04-19 14:18:04 | INFO     | __main__ — [BBAS3] iniciando ingestão...
2026-04-19 14:18:04 | INFO     | src.ingestion.cvm_downloader — [BBAS3] DFP: baixando 1 ano(s): [2026]
2026-04-19 14:18:04 | INFO     | src.ingestion.cvm_downloader — [DFP 2026] Baixando: https://dados.cvm.gov.br/dados/CIA_ABERTA/DOC/DFP/DADOS/dfp_cia_aberta_2026.zip
2026-04-19 14:18:04 | ERROR    | src.ingestion.cvm_downloader — [BBAS3] DFP 2026: [DFP 2026] Não encontrado na CVM (404): https://dados.cvm.gov.br/dados/CIA_ABERTA/DOC/DFP/DADOS/dfp_cia_aberta_2026.zip
2026-04-19 14:18:04 | INFO     | src.ingestion.cvm_downloader — [BBAS3] ITR: todos os anos já disponíveis
2026-04-19 14:18:04 | SUCCESS  | src.ingestion.cvm_downloader — [BBAS3] Ingestão CVM concluída — CVM code: 001023
2026-04-19 14:18:04 | INFO     | __main__ — [BBAS3] CVM: {'DFP': [], 'ITR': []}
2026-04-19 14:18:04 | INFO     | src.ingestion.b3_scraper — [BBAS3] Download incremental de 2026-04-18 até hoje
2026-04-19 14:18:05 | SUCCESS  | src.ingestion.b3_scraper — [BBAS3] 1815 dias salvos em BBAS3.parquet
2026-04-19 14:18:05 | INFO     | __main__ — [BBAS3] preços: 1815 dias (2019-01-02 → 2026-04-17)
2026-04-19 14:18:06 | INFO     | __main__ — [ITUB4] iniciando ingestão...
2026-04-19 14:18:06 | INFO     | src.ingestion.cvm_downloader — [ITUB4] DFP: baixando 1 ano(s): [2026]
2026-04-19 14:18:06 | INFO     | src.ingestion.cvm_downloader — [DFP 2026] Baixando: https://dados.cvm.gov.br/dados/CIA_ABERTA/DOC/DFP/DADOS/dfp_cia_aberta_2026.zip
2026-04-19 14:18:06 | ERROR    | src.ingestion.cvm_downloader — [ITUB4] DFP 2026: [DFP 2026] Não encontrado na CVM (404): https://dados.cvm.gov.br/dados/CIA_ABERTA/DOC/DFP/DADOS/dfp_cia_aberta_2026.zip
2026-04-19 14:18:06 | INFO     | src.ingestion.cvm_downloader — [ITUB4] ITR: todos os anos já disponíveis
2026-04-19 14:18:06 | SUCCESS  | src.ingestion.cvm_downloader — [ITUB4] Ingestão CVM concluída — CVM code: 019348
2026-04-19 14:18:06 | INFO     | __main__ — [ITUB4] CVM: {'DFP': [], 'ITR': []}
2026-04-19 14:18:06 | INFO     | src.ingestion.b3_scraper — [ITUB4] Download incremental de 2026-04-18 até hoje
2026-04-19 14:18:07 | SUCCESS  | src.ingestion.b3_scraper — [ITUB4] 1815 dias salvos em ITUB4.parquet
2026-04-19 14:18:07 | INFO     | __main__ — [ITUB4] preços: 1815 dias (2019-01-02 → 2026-04-17)
2026-04-19 14:18:07 | INFO     | __main__ — [BBDC4] iniciando ingestão...
2026-04-19 14:18:07 | INFO     | src.ingestion.cvm_downloader — [BBDC4] DFP: baixando 1 ano(s): [2026]
2026-04-19 14:18:07 | INFO     | src.ingestion.cvm_downloader — [DFP 2026] Baixando: https://dados.cvm.gov.br/dados/CIA_ABERTA/DOC/DFP/DADOS/dfp_cia_aberta_2026.zip
2026-04-19 14:18:08 | ERROR    | src.ingestion.cvm_downloader — [BBDC4] DFP 2026: [DFP 2026] Não encontrado na CVM (404): https://dados.cvm.gov.br/dados/CIA_ABERTA/DOC/DFP/DADOS/dfp_cia_aberta_2026.zip
2026-04-19 14:18:08 | INFO     | src.ingestion.cvm_downloader — [BBDC4] ITR: todos os anos já disponíveis
2026-04-19 14:18:08 | SUCCESS  | src.ingestion.cvm_downloader — [BBDC4] Ingestão CVM concluída — CVM code: 000906
2026-04-19 14:18:08 | INFO     | __main__ — [BBDC4] CVM: {'DFP': [], 'ITR': []}
2026-04-19 14:18:08 | INFO     | src.ingestion.b3_scraper — [BBDC4] Download incremental de 2026-04-18 até hoje
2026-04-19 14:18:09 | SUCCESS  | src.ingestion.b3_scraper — [BBDC4] 1815 dias salvos em BBDC4.parquet
2026-04-19 14:18:09 | INFO     | __main__ — [BBDC4] preços: 1815 dias (2019-01-02 → 2026-04-17)
2026-04-19 14:18:09 | INFO     | __main__ — [SANB11] iniciando ingestão...
2026-04-19 14:18:09 | INFO     | src.ingestion.cvm_downloader — [SANB11] DFP: baixando 1 ano(s): [2026]
2026-04-19 14:18:09 | INFO     | src.ingestion.cvm_downloader — [DFP 2026] Baixando: https://dados.cvm.gov.br/dados/CIA_ABERTA/DOC/DFP/DADOS/dfp_cia_aberta_2026.zip
2026-04-19 14:18:09 | ERROR    | src.ingestion.cvm_downloader — [SANB11] DFP 2026: [DFP 2026] Não encontrado na CVM (404): https://dados.cvm.gov.br/dados/CIA_ABERTA/DOC/DFP/DADOS/dfp_cia_aberta_2026.zip
2026-04-19 14:18:09 | INFO     | src.ingestion.cvm_downloader — [SANB11] ITR: todos os anos já disponíveis
2026-04-19 14:18:09 | SUCCESS  | src.ingestion.cvm_downloader — [SANB11] Ingestão CVM concluída — CVM code: 020532
2026-04-19 14:18:09 | INFO     | __main__ — [SANB11] CVM: {'DFP': [], 'ITR': []}
2026-04-19 14:18:09 | INFO     | src.ingestion.b3_scraper — [SANB11] Download incremental de 2026-04-18 até hoje
2026-04-19 14:18:11 | SUCCESS  | src.ingestion.b3_scraper — [SANB11] 1815 dias salvos em SANB11.parquet
2026-04-19 14:18:11 | INFO     | __main__ — [SANB11] preços: 1815 dias (2019-01-02 → 2026-04-17)
2026-04-19 14:18:12 | INFO     | __main__ — [BPAC11] iniciando ingestão...
2026-04-19 14:18:12 | INFO     | src.ingestion.cvm_downloader — [BPAC11] DFP: baixando 1 ano(s): [2026]
2026-04-19 14:18:12 | INFO     | src.ingestion.cvm_downloader — [DFP 2026] Baixando: https://dados.cvm.gov.br/dados/CIA_ABERTA/DOC/DFP/DADOS/dfp_cia_aberta_2026.zip
2026-04-19 14:18:12 | ERROR    | src.ingestion.cvm_downloader — [BPAC11] DFP 2026: [DFP 2026] Não encontrado na CVM (404): https://dados.cvm.gov.br/dados/CIA_ABERTA/DOC/DFP/DADOS/dfp_cia_aberta_2026.zip
2026-04-19 14:18:12 | INFO     | src.ingestion.cvm_downloader — [BPAC11] ITR: todos os anos já disponíveis
2026-04-19 14:18:12 | SUCCESS  | src.ingestion.cvm_downloader — [BPAC11] Ingestão CVM concluída — CVM code: 022616
2026-04-19 14:18:12 | INFO     | __main__ — [BPAC11] CVM: {'DFP': [], 'ITR': []}
2026-04-19 14:18:12 | INFO     | src.ingestion.b3_scraper — [BPAC11] Download incremental de 2026-04-18 até hoje
2026-04-19 14:18:13 | SUCCESS  | src.ingestion.b3_scraper — [BPAC11] 1815 dias salvos em BPAC11.parquet
2026-04-19 14:18:13 | INFO     | __main__ — [BPAC11] preços: 1815 dias (2019-01-02 → 2026-04-17)
2026-04-19 14:18:14 | INFO     | __main__ — [BRSR6] iniciando ingestão...
2026-04-19 14:18:14 | INFO     | src.ingestion.cvm_downloader — [BRSR6] DFP: baixando 1 ano(s): [2026]
2026-04-19 14:18:14 | INFO     | src.ingestion.cvm_downloader — [DFP 2026] Baixando: https://dados.cvm.gov.br/dados/CIA_ABERTA/DOC/DFP/DADOS/dfp_cia_aberta_2026.zip
2026-04-19 14:18:14 | ERROR    | src.ingestion.cvm_downloader — [BRSR6] DFP 2026: [DFP 2026] Não encontrado na CVM (404): https://dados.cvm.gov.br/dados/CIA_ABERTA/DOC/DFP/DADOS/dfp_cia_aberta_2026.zip
2026-04-19 14:18:14 | INFO     | src.ingestion.cvm_downloader — [BRSR6] ITR: todos os anos já disponíveis
2026-04-19 14:18:14 | SUCCESS  | src.ingestion.cvm_downloader — [BRSR6] Ingestão CVM concluída — CVM code: 001210
2026-04-19 14:18:14 | INFO     | __main__ — [BRSR6] CVM: {'DFP': [], 'ITR': []}
2026-04-19 14:18:14 | INFO     | src.ingestion.b3_scraper — [BRSR6] Download incremental de 2026-04-18 até hoje
2026-04-19 14:18:15 | SUCCESS  | src.ingestion.b3_scraper — [BRSR6] 1815 dias salvos em BRSR6.parquet
2026-04-19 14:18:15 | INFO     | __main__ — [BRSR6] preços: 1815 dias (2019-01-02 → 2026-04-17)
2026-04-19 14:18:15 | INFO     | __main__ — [ABCB4] iniciando ingestão...
2026-04-19 14:18:15 | INFO     | src.ingestion.cvm_downloader — [ABCB4] DFP: baixando 1 ano(s): [2026]
2026-04-19 14:18:15 | INFO     | src.ingestion.cvm_downloader — [DFP 2026] Baixando: https://dados.cvm.gov.br/dados/CIA_ABERTA/DOC/DFP/DADOS/dfp_cia_aberta_2026.zip
2026-04-19 14:18:15 | ERROR    | src.ingestion.cvm_downloader — [ABCB4] DFP 2026: [DFP 2026] Não encontrado na CVM (404): https://dados.cvm.gov.br/dados/CIA_ABERTA/DOC/DFP/DADOS/dfp_cia_aberta_2026.zip
2026-04-19 14:18:15 | INFO     | src.ingestion.cvm_downloader — [ABCB4] ITR: todos os anos já disponíveis
2026-04-19 14:18:15 | SUCCESS  | src.ingestion.cvm_downloader — [ABCB4] Ingestão CVM concluída — CVM code: 020958
2026-04-19 14:18:15 | INFO     | __main__ — [ABCB4] CVM: {'DFP': [], 'ITR': []}
2026-04-19 14:18:16 | INFO     | src.ingestion.b3_scraper — [ABCB4] Download incremental de 2026-04-18 até hoje
2026-04-19 14:18:18 | SUCCESS  | src.ingestion.b3_scraper — [ABCB4] 1815 dias salvos em ABCB4.parquet
2026-04-19 14:18:18 | INFO     | __main__ — [ABCB4] preços: 1815 dias (2019-01-02 → 2026-04-17)
2026-04-19 14:18:18 | INFO     | __main__ — [BMGB4] iniciando ingestão...
2026-04-19 14:18:18 | INFO     | src.ingestion.cvm_downloader — [BMGB4] DFP: baixando 1 ano(s): [2026]
2026-04-19 14:18:18 | INFO     | src.ingestion.cvm_downloader — [DFP 2026] Baixando: https://dados.cvm.gov.br/dados/CIA_ABERTA/DOC/DFP/DADOS/dfp_cia_aberta_2026.zip
2026-04-19 14:18:18 | ERROR    | src.ingestion.cvm_downloader — [BMGB4] DFP 2026: [DFP 2026] Não encontrado na CVM (404): https://dados.cvm.gov.br/dados/CIA_ABERTA/DOC/DFP/DADOS/dfp_cia_aberta_2026.zip
2026-04-19 14:18:18 | INFO     | src.ingestion.cvm_downloader — [BMGB4] ITR: todos os anos já disponíveis
2026-04-19 14:18:18 | SUCCESS  | src.ingestion.cvm_downloader — [BMGB4] Ingestão CVM concluída — CVM code: 024600
2026-04-19 14:18:18 | INFO     | __main__ — [BMGB4] CVM: {'DFP': [], 'ITR': []}
2026-04-19 14:18:18 | INFO     | src.ingestion.b3_scraper — [BMGB4] Download incremental de 2026-04-18 até hoje
2026-04-19 14:18:19 | SUCCESS  | src.ingestion.b3_scraper — [BMGB4] 1587 dias salvos em BMGB4.parquet
2026-04-19 14:18:19 | INFO     | __main__ — [BMGB4] preços: 1587 dias (2019-11-29 → 2026-04-17)
2026-04-19 14:18:20 | INFO     | __main__ — [BPAN4] iniciando ingestão...
2026-04-19 14:18:20 | INFO     | src.ingestion.cvm_downloader — [BPAN4] DFP: baixando 1 ano(s): [2026]
2026-04-19 14:18:20 | INFO     | src.ingestion.cvm_downloader — [DFP 2026] Baixando: https://dados.cvm.gov.br/dados/CIA_ABERTA/DOC/DFP/DADOS/dfp_cia_aberta_2026.zip
2026-04-19 14:18:20 | ERROR    | src.ingestion.cvm_downloader — [BPAN4] DFP 2026: [DFP 2026] Não encontrado na CVM (404): https://dados.cvm.gov.br/dados/CIA_ABERTA/DOC/DFP/DADOS/dfp_cia_aberta_2026.zip
2026-04-19 14:18:20 | INFO     | src.ingestion.cvm_downloader — [BPAN4] ITR: todos os anos já disponíveis
2026-04-19 14:18:20 | SUCCESS  | src.ingestion.cvm_downloader — [BPAN4] Ingestão CVM concluída — CVM code: 021199
2026-04-19 14:18:20 | INFO     | __main__ — [BPAN4] CVM: {'DFP': [], 'ITR': []}
2026-04-19 14:18:20 | INFO     | src.ingestion.b3_scraper — [BPAN4] Download completo desde 2019-01-01
2026-04-19 14:18:23 | WARNING  | src.ingestion.b3_scraper — [BPAN4] Nenhum dado novo retornado pelo yfinance
2026-04-19 14:18:23 | INFO     | __main__ — [PINE4] iniciando ingestão...
2026-04-19 14:18:23 | INFO     | src.ingestion.cvm_downloader — [PINE4] DFP: baixando 1 ano(s): [2026]
2026-04-19 14:18:23 | INFO     | src.ingestion.cvm_downloader — [DFP 2026] Baixando: https://dados.cvm.gov.br/dados/CIA_ABERTA/DOC/DFP/DADOS/dfp_cia_aberta_2026.zip
2026-04-19 14:18:23 | ERROR    | src.ingestion.cvm_downloader — [PINE4] DFP 2026: [DFP 2026] Não encontrado na CVM (404): https://dados.cvm.gov.br/dados/CIA_ABERTA/DOC/DFP/DADOS/dfp_cia_aberta_2026.zip
2026-04-19 14:18:23 | INFO     | src.ingestion.cvm_downloader — [PINE4] ITR: todos os anos já disponíveis
2026-04-19 14:18:23 | SUCCESS  | src.ingestion.cvm_downloader — [PINE4] Ingestão CVM concluída — CVM code: 020567
2026-04-19 14:18:23 | INFO     | __main__ — [PINE4] CVM: {'DFP': [], 'ITR': []}
2026-04-19 14:18:23 | INFO     | src.ingestion.b3_scraper — [PINE4] Download incremental de 2026-04-18 até hoje
2026-04-19 14:18:24 | SUCCESS  | src.ingestion.b3_scraper — [PINE4] 1815 dias salvos em PINE4.parquet
2026-04-19 14:18:24 | INFO     | __main__ — [PINE4] preços: 1815 dias (2019-01-02 → 2026-04-17)
2026-04-19 14:18:25 | INFO     | __main__ — [INTR4] iniciando ingestão...
2026-04-19 14:18:25 | INFO     | src.ingestion.cvm_downloader — [INTR4] DFP: baixando 1 ano(s): [2026]
2026-04-19 14:18:25 | INFO     | src.ingestion.cvm_downloader — [DFP 2026] Baixando: https://dados.cvm.gov.br/dados/CIA_ABERTA/DOC/DFP/DADOS/dfp_cia_aberta_2026.zip
2026-04-19 14:18:25 | ERROR    | src.ingestion.cvm_downloader — [INTR4] DFP 2026: [DFP 2026] Não encontrado na CVM (404): https://dados.cvm.gov.br/dados/CIA_ABERTA/DOC/DFP/DADOS/dfp_cia_aberta_2026.zip
2026-04-19 14:18:25 | INFO     | src.ingestion.cvm_downloader — [INTR4] ITR: todos os anos já disponíveis
2026-04-19 14:18:25 | SUCCESS  | src.ingestion.cvm_downloader — [INTR4] Ingestão CVM concluída — CVM code: 080217
2026-04-19 14:18:25 | INFO     | __main__ — [INTR4] CVM: {'DFP': [], 'ITR': []}
2026-04-19 14:18:25 | INFO     | src.ingestion.b3_scraper — [INTR4] Download completo desde 2019-01-01
2026-04-19 14:18:28 | WARNING  | src.ingestion.b3_scraper — [INTR4] Nenhum dado novo retornado pelo yfinance
2026-04-19 14:18:28 | INFO     | __main__ — [ITSA4] iniciando ingestão...
2026-04-19 14:18:28 | INFO     | src.ingestion.cvm_downloader — [ITSA4] DFP: baixando 1 ano(s): [2026]
2026-04-19 14:18:28 | INFO     | src.ingestion.cvm_downloader — [DFP 2026] Baixando: https://dados.cvm.gov.br/dados/CIA_ABERTA/DOC/DFP/DADOS/dfp_cia_aberta_2026.zip
2026-04-19 14:18:28 | ERROR    | src.ingestion.cvm_downloader — [ITSA4] DFP 2026: [DFP 2026] Não encontrado na CVM (404): https://dados.cvm.gov.br/dados/CIA_ABERTA/DOC/DFP/DADOS/dfp_cia_aberta_2026.zip
2026-04-19 14:18:28 | INFO     | src.ingestion.cvm_downloader — [ITSA4] ITR: todos os anos já disponíveis
2026-04-19 14:18:28 | SUCCESS  | src.ingestion.cvm_downloader — [ITSA4] Ingestão CVM concluída — CVM code: 007617
2026-04-19 14:18:28 | INFO     | __main__ — [ITSA4] CVM: {'DFP': [], 'ITR': []}
2026-04-19 14:18:28 | INFO     | src.ingestion.b3_scraper — [ITSA4] Download incremental de 2026-04-18 até hoje
2026-04-19 14:18:29 | SUCCESS  | src.ingestion.b3_scraper — [ITSA4] 1815 dias salvos em ITSA4.parquet
2026-04-19 14:18:29 | INFO     | __main__ — [ITSA4] preços: 1815 dias (2019-01-02 → 2026-04-17)
2026-04-19 14:18:30 | INFO     | __main__ — [BBSE3] iniciando ingestão...
2026-04-19 14:18:30 | INFO     | src.ingestion.cvm_downloader — [BBSE3] DFP: baixando 1 ano(s): [2026]
2026-04-19 14:18:30 | INFO     | src.ingestion.cvm_downloader — [DFP 2026] Baixando: https://dados.cvm.gov.br/dados/CIA_ABERTA/DOC/DFP/DADOS/dfp_cia_aberta_2026.zip
2026-04-19 14:18:30 | ERROR    | src.ingestion.cvm_downloader — [BBSE3] DFP 2026: [DFP 2026] Não encontrado na CVM (404): https://dados.cvm.gov.br/dados/CIA_ABERTA/DOC/DFP/DADOS/dfp_cia_aberta_2026.zip
2026-04-19 14:18:30 | INFO     | src.ingestion.cvm_downloader — [BBSE3] ITR: todos os anos já disponíveis
2026-04-19 14:18:30 | SUCCESS  | src.ingestion.cvm_downloader — [BBSE3] Ingestão CVM concluída — CVM code: 023159
2026-04-19 14:18:30 | INFO     | __main__ — [BBSE3] CVM: {'DFP': [], 'ITR': []}
2026-04-19 14:18:30 | INFO     | src.ingestion.b3_scraper — [BBSE3] Download completo desde 2019-01-01
2026-04-19 14:18:31 | SUCCESS  | src.ingestion.b3_scraper — [BBSE3] 1815 dias salvos em BBSE3.parquet
2026-04-19 14:18:31 | INFO     | __main__ — [BBSE3] preços: 1815 dias (2019-01-02 → 2026-04-17)
2026-04-19 14:18:32 | INFO     | __main__ — [BRAP4] iniciando ingestão...
2026-04-19 14:18:32 | INFO     | src.ingestion.cvm_downloader — [BRAP4] DFP: baixando 1 ano(s): [2026]
2026-04-19 14:18:32 | INFO     | src.ingestion.cvm_downloader — [DFP 2026] Baixando: https://dados.cvm.gov.br/dados/CIA_ABERTA/DOC/DFP/DADOS/dfp_cia_aberta_2026.zip
2026-04-19 14:18:32 | ERROR    | src.ingestion.cvm_downloader — [BRAP4] DFP 2026: [DFP 2026] Não encontrado na CVM (404): https://dados.cvm.gov.br/dados/CIA_ABERTA/DOC/DFP/DADOS/dfp_cia_aberta_2026.zip
2026-04-19 14:18:32 | INFO     | src.ingestion.cvm_downloader — [BRAP4] ITR: todos os anos já disponíveis
2026-04-19 14:18:32 | SUCCESS  | src.ingestion.cvm_downloader — [BRAP4] Ingestão CVM concluída — CVM code: 018724
2026-04-19 14:18:32 | INFO     | __main__ — [BRAP4] CVM: {'DFP': [], 'ITR': []}
2026-04-19 14:18:32 | INFO     | src.ingestion.b3_scraper — [BRAP4] Download completo desde 2019-01-01
2026-04-19 14:18:34 | SUCCESS  | src.ingestion.b3_scraper — [BRAP4] 1815 dias salvos em BRAP4.parquet
2026-04-19 14:18:34 | INFO     | __main__ — [BRAP4] preços: 1815 dias (2019-01-02 → 2026-04-17)
2026-04-19 14:18:34 | INFO     | __main__ — [IRBR3] iniciando ingestão...
2026-04-19 14:18:34 | INFO     | src.ingestion.cvm_downloader — [IRBR3] DFP: baixando 1 ano(s): [2026]
2026-04-19 14:18:34 | INFO     | src.ingestion.cvm_downloader — [DFP 2026] Baixando: https://dados.cvm.gov.br/dados/CIA_ABERTA/DOC/DFP/DADOS/dfp_cia_aberta_2026.zip
2026-04-19 14:18:34 | ERROR    | src.ingestion.cvm_downloader — [IRBR3] DFP 2026: [DFP 2026] Não encontrado na CVM (404): https://dados.cvm.gov.br/dados/CIA_ABERTA/DOC/DFP/DADOS/dfp_cia_aberta_2026.zip
2026-04-19 14:18:34 | INFO     | src.ingestion.cvm_downloader — [IRBR3] ITR: todos os anos já disponíveis
2026-04-19 14:18:34 | SUCCESS  | src.ingestion.cvm_downloader — [IRBR3] Ingestão CVM concluída — CVM code: 024180
2026-04-19 14:18:34 | INFO     | __main__ — [IRBR3] CVM: {'DFP': [], 'ITR': []}
2026-04-19 14:18:34 | INFO     | src.ingestion.b3_scraper — [IRBR3] Download completo desde 2019-01-01
2026-04-19 14:18:36 | SUCCESS  | src.ingestion.b3_scraper — [IRBR3] 1815 dias salvos em IRBR3.parquet
2026-04-19 14:18:36 | INFO     | __main__ — [IRBR3] preços: 1815 dias (2019-01-02 → 2026-04-17)
2026-04-19 14:18:36 | INFO     | __main__ — [PSSA3] iniciando ingestão...
2026-04-19 14:18:36 | INFO     | src.ingestion.cvm_downloader — [PSSA3] DFP: baixando 1 ano(s): [2026]
2026-04-19 14:18:36 | INFO     | src.ingestion.cvm_downloader — [DFP 2026] Baixando: https://dados.cvm.gov.br/dados/CIA_ABERTA/DOC/DFP/DADOS/dfp_cia_aberta_2026.zip
2026-04-19 14:18:37 | ERROR    | src.ingestion.cvm_downloader — [PSSA3] DFP 2026: [DFP 2026] Não encontrado na CVM (404): https://dados.cvm.gov.br/dados/CIA_ABERTA/DOC/DFP/DADOS/dfp_cia_aberta_2026.zip
2026-04-19 14:18:37 | INFO     | src.ingestion.cvm_downloader — [PSSA3] ITR: todos os anos já disponíveis
2026-04-19 14:18:37 | SUCCESS  | src.ingestion.cvm_downloader — [PSSA3] Ingestão CVM concluída — CVM code: 016659
2026-04-19 14:18:37 | INFO     | __main__ — [PSSA3] CVM: {'DFP': [], 'ITR': []}
2026-04-19 14:18:37 | INFO     | src.ingestion.b3_scraper — [PSSA3] Download completo desde 2019-01-01
2026-04-19 14:18:38 | SUCCESS  | src.ingestion.b3_scraper — [PSSA3] 1815 dias salvos em PSSA3.parquet
2026-04-19 14:18:38 | INFO     | __main__ — [PSSA3] preços: 1815 dias (2019-01-02 → 2026-04-17)
2026-04-19 14:18:38 | INFO     | __main__ — [CXSE3] iniciando ingestão...
2026-04-19 14:18:39 | INFO     | src.ingestion.cvm_downloader — [CXSE3] DFP: baixando 1 ano(s): [2026]
2026-04-19 14:18:39 | INFO     | src.ingestion.cvm_downloader — [DFP 2026] Baixando: https://dados.cvm.gov.br/dados/CIA_ABERTA/DOC/DFP/DADOS/dfp_cia_aberta_2026.zip
2026-04-19 14:18:39 | ERROR    | src.ingestion.cvm_downloader — [CXSE3] DFP 2026: [DFP 2026] Não encontrado na CVM (404): https://dados.cvm.gov.br/dados/CIA_ABERTA/DOC/DFP/DADOS/dfp_cia_aberta_2026.zip
2026-04-19 14:18:39 | INFO     | src.ingestion.cvm_downloader — [CXSE3] ITR: todos os anos já disponíveis
2026-04-19 14:18:39 | SUCCESS  | src.ingestion.cvm_downloader — [CXSE3] Ingestão CVM concluída — CVM code: 023795
2026-04-19 14:18:39 | INFO     | __main__ — [CXSE3] CVM: {'DFP': [], 'ITR': []}
2026-04-19 14:18:39 | INFO     | src.ingestion.b3_scraper — [CXSE3] Download completo desde 2019-01-01
2026-04-19 14:18:40 | SUCCESS  | src.ingestion.b3_scraper — [CXSE3] 1240 dias salvos em CXSE3.parquet
2026-04-19 14:18:40 | INFO     | __main__ — [CXSE3] preços: 1240 dias (2021-04-30 → 2026-04-17)
2026-04-19 14:18:41 | INFO     | __main__ — [B3SA3] iniciando ingestão...
2026-04-19 14:18:41 | INFO     | src.ingestion.cvm_downloader — [B3SA3] DFP: baixando 1 ano(s): [2026]
2026-04-19 14:18:41 | INFO     | src.ingestion.cvm_downloader — [DFP 2026] Baixando: https://dados.cvm.gov.br/dados/CIA_ABERTA/DOC/DFP/DADOS/dfp_cia_aberta_2026.zip
2026-04-19 14:18:41 | ERROR    | src.ingestion.cvm_downloader — [B3SA3] DFP 2026: [DFP 2026] Não encontrado na CVM (404): https://dados.cvm.gov.br/dados/CIA_ABERTA/DOC/DFP/DADOS/dfp_cia_aberta_2026.zip
2026-04-19 14:18:41 | INFO     | src.ingestion.cvm_downloader — [B3SA3] ITR: todos os anos já disponíveis
2026-04-19 14:18:41 | SUCCESS  | src.ingestion.cvm_downloader — [B3SA3] Ingestão CVM concluída — CVM code: 021610
2026-04-19 14:18:41 | INFO     | __main__ — [B3SA3] CVM: {'DFP': [], 'ITR': []}
2026-04-19 14:18:41 | INFO     | src.ingestion.b3_scraper — [B3SA3] Download completo desde 2019-01-01
2026-04-19 14:18:42 | SUCCESS  | src.ingestion.b3_scraper — [B3SA3] 1815 dias salvos em B3SA3.parquet
2026-04-19 14:18:42 | INFO     | __main__ — [B3SA3] preços: 1815 dias (2019-01-02 → 2026-04-17)
2026-04-19 14:18:43 | INFO     | __main__ — [PETR4] iniciando ingestão...
2026-04-19 14:18:43 | INFO     | src.ingestion.cvm_downloader — [PETR4] DFP: baixando 1 ano(s): [2026]
2026-04-19 14:18:43 | INFO     | src.ingestion.cvm_downloader — [DFP 2026] Baixando: https://dados.cvm.gov.br/dados/CIA_ABERTA/DOC/DFP/DADOS/dfp_cia_aberta_2026.zip
2026-04-19 14:18:43 | ERROR    | src.ingestion.cvm_downloader — [PETR4] DFP 2026: [DFP 2026] Não encontrado na CVM (404): https://dados.cvm.gov.br/dados/CIA_ABERTA/DOC/DFP/DADOS/dfp_cia_aberta_2026.zip
2026-04-19 14:18:43 | INFO     | src.ingestion.cvm_downloader — [PETR4] ITR: todos os anos já disponíveis
2026-04-19 14:18:43 | SUCCESS  | src.ingestion.cvm_downloader — [PETR4] Ingestão CVM concluída — CVM code: 009512
2026-04-19 14:18:43 | INFO     | __main__ — [PETR4] CVM: {'DFP': [], 'ITR': []}
2026-04-19 14:18:43 | INFO     | src.ingestion.b3_scraper — [PETR4] Download completo desde 2019-01-01
2026-04-19 14:18:44 | SUCCESS  | src.ingestion.b3_scraper — [PETR4] 1815 dias salvos em PETR4.parquet
2026-04-19 14:18:44 | INFO     | __main__ — [PETR4] preços: 1815 dias (2019-01-02 → 2026-04-17)
2026-04-19 14:18:45 | INFO     | __main__ — [PRIO3] iniciando ingestão...
2026-04-19 14:18:45 | INFO     | src.ingestion.cvm_downloader — [PRIO3] DFP: baixando 1 ano(s): [2026]
2026-04-19 14:18:45 | INFO     | src.ingestion.cvm_downloader — [DFP 2026] Baixando: https://dados.cvm.gov.br/dados/CIA_ABERTA/DOC/DFP/DADOS/dfp_cia_aberta_2026.zip
2026-04-19 14:18:45 | ERROR    | src.ingestion.cvm_downloader — [PRIO3] DFP 2026: [DFP 2026] Não encontrado na CVM (404): https://dados.cvm.gov.br/dados/CIA_ABERTA/DOC/DFP/DADOS/dfp_cia_aberta_2026.zip
2026-04-19 14:18:45 | INFO     | src.ingestion.cvm_downloader — [PRIO3] ITR: todos os anos já disponíveis
2026-04-19 14:18:45 | SUCCESS  | src.ingestion.cvm_downloader — [PRIO3] Ingestão CVM concluída — CVM code: 022187
2026-04-19 14:18:45 | INFO     | __main__ — [PRIO3] CVM: {'DFP': [], 'ITR': []}
2026-04-19 14:18:45 | INFO     | src.ingestion.b3_scraper — [PRIO3] Download completo desde 2019-01-01
2026-04-19 14:18:46 | SUCCESS  | src.ingestion.b3_scraper — [PRIO3] 1815 dias salvos em PRIO3.parquet
2026-04-19 14:18:46 | INFO     | __main__ — [PRIO3] preços: 1815 dias (2019-01-02 → 2026-04-17)
2026-04-19 14:18:47 | INFO     | __main__ — [BRAV3] iniciando ingestão...
2026-04-19 14:18:47 | INFO     | src.ingestion.cvm_downloader — [BRAV3] DFP: baixando 1 ano(s): [2026]
2026-04-19 14:18:47 | INFO     | src.ingestion.cvm_downloader — [DFP 2026] Baixando: https://dados.cvm.gov.br/dados/CIA_ABERTA/DOC/DFP/DADOS/dfp_cia_aberta_2026.zip
2026-04-19 14:18:47 | ERROR    | src.ingestion.cvm_downloader — [BRAV3] DFP 2026: [DFP 2026] Não encontrado na CVM (404): https://dados.cvm.gov.br/dados/CIA_ABERTA/DOC/DFP/DADOS/dfp_cia_aberta_2026.zip
2026-04-19 14:18:47 | INFO     | src.ingestion.cvm_downloader — [BRAV3] ITR: todos os anos já disponíveis
2026-04-19 14:18:47 | SUCCESS  | src.ingestion.cvm_downloader — [BRAV3] Ingestão CVM concluída — CVM code: 025291
2026-04-19 14:18:47 | INFO     | __main__ — [BRAV3] CVM: {'DFP': [], 'ITR': []}
2026-04-19 14:18:47 | INFO     | src.ingestion.b3_scraper — [BRAV3] Download completo desde 2019-01-01
2026-04-19 14:18:48 | SUCCESS  | src.ingestion.b3_scraper — [BRAV3] 1351 dias salvos em BRAV3.parquet
2026-04-19 14:18:48 | INFO     | __main__ — [BRAV3] preços: 1351 dias (2020-11-10 → 2026-04-17)
2026-04-19 14:18:49 | INFO     | __main__ — [RECV3] iniciando ingestão...
2026-04-19 14:18:49 | INFO     | src.ingestion.cvm_downloader — [RECV3] DFP: baixando 1 ano(s): [2026]
2026-04-19 14:18:49 | INFO     | src.ingestion.cvm_downloader — [DFP 2026] Baixando: https://dados.cvm.gov.br/dados/CIA_ABERTA/DOC/DFP/DADOS/dfp_cia_aberta_2026.zip
2026-04-19 14:18:49 | ERROR    | src.ingestion.cvm_downloader — [RECV3] DFP 2026: [DFP 2026] Não encontrado na CVM (404): https://dados.cvm.gov.br/dados/CIA_ABERTA/DOC/DFP/DADOS/dfp_cia_aberta_2026.zip
2026-04-19 14:18:49 | INFO     | src.ingestion.cvm_downloader — [RECV3] ITR: todos os anos já disponíveis
2026-04-19 14:18:49 | SUCCESS  | src.ingestion.cvm_downloader — [RECV3] Ingestão CVM concluída — CVM code: 024643
2026-04-19 14:18:49 | INFO     | __main__ — [RECV3] CVM: {'DFP': [], 'ITR': []}
2026-04-19 14:18:49 | INFO     | src.ingestion.b3_scraper — [RECV3] Download completo desde 2019-01-01
2026-04-19 14:18:51 | SUCCESS  | src.ingestion.b3_scraper — [RECV3] 1237 dias salvos em RECV3.parquet
2026-04-19 14:18:51 | INFO     | __main__ — [RECV3] preços: 1237 dias (2021-05-05 → 2026-04-17)
2026-04-19 14:18:51 | INFO     | __main__ — [VBBR3] iniciando ingestão...
2026-04-19 14:18:51 | INFO     | src.ingestion.cvm_downloader — [VBBR3] DFP: baixando 1 ano(s): [2026]
2026-04-19 14:18:51 | INFO     | src.ingestion.cvm_downloader — [DFP 2026] Baixando: https://dados.cvm.gov.br/dados/CIA_ABERTA/DOC/DFP/DADOS/dfp_cia_aberta_2026.zip
2026-04-19 14:18:52 | ERROR    | src.ingestion.cvm_downloader — [VBBR3] DFP 2026: [DFP 2026] Não encontrado na CVM (404): https://dados.cvm.gov.br/dados/CIA_ABERTA/DOC/DFP/DADOS/dfp_cia_aberta_2026.zip
2026-04-19 14:18:52 | INFO     | src.ingestion.cvm_downloader — [VBBR3] ITR: todos os anos já disponíveis
2026-04-19 14:18:52 | SUCCESS  | src.ingestion.cvm_downloader — [VBBR3] Ingestão CVM concluída — CVM code: 024295
2026-04-19 14:18:52 | INFO     | __main__ — [VBBR3] CVM: {'DFP': [], 'ITR': []}
2026-04-19 14:18:52 | INFO     | src.ingestion.b3_scraper — [VBBR3] Download completo desde 2019-01-01
2026-04-19 14:18:53 | SUCCESS  | src.ingestion.b3_scraper — [VBBR3] 1815 dias salvos em VBBR3.parquet
2026-04-19 14:18:53 | INFO     | __main__ — [VBBR3] preços: 1815 dias (2019-01-02 → 2026-04-17)
2026-04-19 14:18:54 | INFO     | __main__ — [RAIZ4] iniciando ingestão...
2026-04-19 14:18:54 | INFO     | src.ingestion.cvm_downloader — [RAIZ4] DFP: baixando 1 ano(s): [2026]
2026-04-19 14:18:54 | INFO     | src.ingestion.cvm_downloader — [DFP 2026] Baixando: https://dados.cvm.gov.br/dados/CIA_ABERTA/DOC/DFP/DADOS/dfp_cia_aberta_2026.zip
2026-04-19 14:18:54 | ERROR    | src.ingestion.cvm_downloader — [RAIZ4] DFP 2026: [DFP 2026] Não encontrado na CVM (404): https://dados.cvm.gov.br/dados/CIA_ABERTA/DOC/DFP/DADOS/dfp_cia_aberta_2026.zip
2026-04-19 14:18:54 | INFO     | src.ingestion.cvm_downloader — [RAIZ4] ITR: todos os anos já disponíveis
2026-04-19 14:18:54 | SUCCESS  | src.ingestion.cvm_downloader — [RAIZ4] Ingestão CVM concluída — CVM code: 023230
2026-04-19 14:18:54 | INFO     | __main__ — [RAIZ4] CVM: {'DFP': [], 'ITR': []}
2026-04-19 14:18:54 | INFO     | src.ingestion.b3_scraper — [RAIZ4] Download completo desde 2019-01-01
2026-04-19 14:18:55 | SUCCESS  | src.ingestion.b3_scraper — [RAIZ4] 1173 dias salvos em RAIZ4.parquet
2026-04-19 14:18:55 | INFO     | __main__ — [RAIZ4] preços: 1173 dias (2021-08-05 → 2026-04-17)
2026-04-19 14:18:55 | INFO     | __main__ — [ENEV3] iniciando ingestão...
2026-04-19 14:18:55 | INFO     | src.ingestion.cvm_downloader — [ENEV3] DFP: baixando 1 ano(s): [2026]
2026-04-19 14:18:55 | INFO     | src.ingestion.cvm_downloader — [DFP 2026] Baixando: https://dados.cvm.gov.br/dados/CIA_ABERTA/DOC/DFP/DADOS/dfp_cia_aberta_2026.zip
2026-04-19 14:18:56 | ERROR    | src.ingestion.cvm_downloader — [ENEV3] DFP 2026: [DFP 2026] Não encontrado na CVM (404): https://dados.cvm.gov.br/dados/CIA_ABERTA/DOC/DFP/DADOS/dfp_cia_aberta_2026.zip
2026-04-19 14:18:56 | INFO     | src.ingestion.cvm_downloader — [ENEV3] ITR: todos os anos já disponíveis
2026-04-19 14:18:56 | SUCCESS  | src.ingestion.cvm_downloader — [ENEV3] Ingestão CVM concluída — CVM code: 021237
2026-04-19 14:18:56 | INFO     | __main__ — [ENEV3] CVM: {'DFP': [], 'ITR': []}
2026-04-19 14:18:56 | INFO     | src.ingestion.b3_scraper — [ENEV3] Download completo desde 2019-01-01
2026-04-19 14:18:57 | SUCCESS  | src.ingestion.b3_scraper — [ENEV3] 1815 dias salvos em ENEV3.parquet
2026-04-19 14:18:57 | INFO     | __main__ — [ENEV3] preços: 1815 dias (2019-01-02 → 2026-04-17)
2026-04-19 14:18:58 | INFO     | __main__ — [CSAN3] iniciando ingestão...
2026-04-19 14:18:58 | INFO     | src.ingestion.cvm_downloader — [CSAN3] DFP: baixando 1 ano(s): [2026]
2026-04-19 14:18:58 | INFO     | src.ingestion.cvm_downloader — [DFP 2026] Baixando: https://dados.cvm.gov.br/dados/CIA_ABERTA/DOC/DFP/DADOS/dfp_cia_aberta_2026.zip
2026-04-19 14:18:58 | ERROR    | src.ingestion.cvm_downloader — [CSAN3] DFP 2026: [DFP 2026] Não encontrado na CVM (404): https://dados.cvm.gov.br/dados/CIA_ABERTA/DOC/DFP/DADOS/dfp_cia_aberta_2026.zip
2026-04-19 14:18:58 | INFO     | src.ingestion.cvm_downloader — [CSAN3] ITR: todos os anos já disponíveis
2026-04-19 14:18:58 | SUCCESS  | src.ingestion.cvm_downloader — [CSAN3] Ingestão CVM concluída — CVM code: 019836
2026-04-19 14:18:58 | INFO     | __main__ — [CSAN3] CVM: {'DFP': [], 'ITR': []}
2026-04-19 14:18:58 | INFO     | src.ingestion.b3_scraper — [CSAN3] Download completo desde 2019-01-01
2026-04-19 14:18:59 | SUCCESS  | src.ingestion.b3_scraper — [CSAN3] 1815 dias salvos em CSAN3.parquet
2026-04-19 14:18:59 | INFO     | __main__ — [CSAN3] preços: 1815 dias (2019-01-02 → 2026-04-17)
2026-04-19 14:19:00 | INFO     | __main__ — [VALE3] iniciando ingestão...
2026-04-19 14:19:00 | INFO     | src.ingestion.cvm_downloader — [VALE3] DFP: baixando 1 ano(s): [2026]
2026-04-19 14:19:00 | INFO     | src.ingestion.cvm_downloader — [DFP 2026] Baixando: https://dados.cvm.gov.br/dados/CIA_ABERTA/DOC/DFP/DADOS/dfp_cia_aberta_2026.zip
2026-04-19 14:19:00 | ERROR    | src.ingestion.cvm_downloader — [VALE3] DFP 2026: [DFP 2026] Não encontrado na CVM (404): https://dados.cvm.gov.br/dados/CIA_ABERTA/DOC/DFP/DADOS/dfp_cia_aberta_2026.zip
2026-04-19 14:19:00 | INFO     | src.ingestion.cvm_downloader — [VALE3] ITR: todos os anos já disponíveis
2026-04-19 14:19:00 | SUCCESS  | src.ingestion.cvm_downloader — [VALE3] Ingestão CVM concluída — CVM code: 004170
2026-04-19 14:19:00 | INFO     | __main__ — [VALE3] CVM: {'DFP': [], 'ITR': []}
2026-04-19 14:19:00 | INFO     | src.ingestion.b3_scraper — [VALE3] Download completo desde 2019-01-01
2026-04-19 14:19:01 | SUCCESS  | src.ingestion.b3_scraper — [VALE3] 1815 dias salvos em VALE3.parquet
2026-04-19 14:19:01 | INFO     | __main__ — [VALE3] preços: 1815 dias (2019-01-02 → 2026-04-17)
2026-04-19 14:19:02 | INFO     | __main__ — [CMIN3] iniciando ingestão...
2026-04-19 14:19:02 | INFO     | src.ingestion.cvm_downloader — [CMIN3] DFP: baixando 1 ano(s): [2026]
2026-04-19 14:19:02 | INFO     | src.ingestion.cvm_downloader — [DFP 2026] Baixando: https://dados.cvm.gov.br/dados/CIA_ABERTA/DOC/DFP/DADOS/dfp_cia_aberta_2026.zip
2026-04-19 14:19:02 | ERROR    | src.ingestion.cvm_downloader — [CMIN3] DFP 2026: [DFP 2026] Não encontrado na CVM (404): https://dados.cvm.gov.br/dados/CIA_ABERTA/DOC/DFP/DADOS/dfp_cia_aberta_2026.zip
2026-04-19 14:19:02 | INFO     | src.ingestion.cvm_downloader — [CMIN3] ITR: todos os anos já disponíveis
2026-04-19 14:19:02 | SUCCESS  | src.ingestion.cvm_downloader — [CMIN3] Ingestão CVM concluída — CVM code: 025585
2026-04-19 14:19:02 | INFO     | __main__ — [CMIN3] CVM: {'DFP': [], 'ITR': []}
2026-04-19 14:19:02 | INFO     | src.ingestion.b3_scraper — [CMIN3] Download completo desde 2019-01-01
2026-04-19 14:19:03 | SUCCESS  | src.ingestion.b3_scraper — [CMIN3] 1287 dias salvos em CMIN3.parquet
2026-04-19 14:19:03 | INFO     | __main__ — [CMIN3] preços: 1287 dias (2021-02-22 → 2026-04-17)
2026-04-19 14:19:04 | INFO     | __main__ — [GGBR4] iniciando ingestão...
2026-04-19 14:19:04 | INFO     | src.ingestion.cvm_downloader — [GGBR4] DFP: baixando 1 ano(s): [2026]
2026-04-19 14:19:04 | INFO     | src.ingestion.cvm_downloader — [DFP 2026] Baixando: https://dados.cvm.gov.br/dados/CIA_ABERTA/DOC/DFP/DADOS/dfp_cia_aberta_2026.zip
2026-04-19 14:19:04 | ERROR    | src.ingestion.cvm_downloader — [GGBR4] DFP 2026: [DFP 2026] Não encontrado na CVM (404): https://dados.cvm.gov.br/dados/CIA_ABERTA/DOC/DFP/DADOS/dfp_cia_aberta_2026.zip
2026-04-19 14:19:04 | INFO     | src.ingestion.cvm_downloader — [GGBR4] ITR: todos os anos já disponíveis
2026-04-19 14:19:04 | SUCCESS  | src.ingestion.cvm_downloader — [GGBR4] Ingestão CVM concluída — CVM code: 003980
2026-04-19 14:19:04 | INFO     | __main__ — [GGBR4] CVM: {'DFP': [], 'ITR': []}
2026-04-19 14:19:04 | INFO     | src.ingestion.b3_scraper — [GGBR4] Download completo desde 2019-01-01
2026-04-19 14:19:06 | SUCCESS  | src.ingestion.b3_scraper — [GGBR4] 1815 dias salvos em GGBR4.parquet
2026-04-19 14:19:06 | INFO     | __main__ — [GGBR4] preços: 1815 dias (2019-01-02 → 2026-04-17)
2026-04-19 14:19:06 | INFO     | __main__ — [GOAU4] iniciando ingestão...
2026-04-19 14:19:06 | INFO     | src.ingestion.cvm_downloader — [GOAU4] DFP: baixando 1 ano(s): [2026]
2026-04-19 14:19:06 | INFO     | src.ingestion.cvm_downloader — [DFP 2026] Baixando: https://dados.cvm.gov.br/dados/CIA_ABERTA/DOC/DFP/DADOS/dfp_cia_aberta_2026.zip
2026-04-19 14:19:06 | ERROR    | src.ingestion.cvm_downloader — [GOAU4] DFP 2026: [DFP 2026] Não encontrado na CVM (404): https://dados.cvm.gov.br/dados/CIA_ABERTA/DOC/DFP/DADOS/dfp_cia_aberta_2026.zip
2026-04-19 14:19:06 | INFO     | src.ingestion.cvm_downloader — [GOAU4] ITR: todos os anos já disponíveis
2026-04-19 14:19:06 | SUCCESS  | src.ingestion.cvm_downloader — [GOAU4] Ingestão CVM concluída — CVM code: 008656
2026-04-19 14:19:06 | INFO     | __main__ — [GOAU4] CVM: {'DFP': [], 'ITR': []}
2026-04-19 14:19:06 | INFO     | src.ingestion.b3_scraper — [GOAU4] Download completo desde 2019-01-01
2026-04-19 14:19:09 | SUCCESS  | src.ingestion.b3_scraper — [GOAU4] 1815 dias salvos em GOAU4.parquet
2026-04-19 14:19:09 | INFO     | __main__ — [GOAU4] preços: 1815 dias (2019-01-02 → 2026-04-17)
2026-04-19 14:19:09 | INFO     | __main__ — [CSNA3] iniciando ingestão...
2026-04-19 14:19:09 | INFO     | src.ingestion.cvm_downloader — [CSNA3] DFP: baixando 1 ano(s): [2026]
2026-04-19 14:19:09 | INFO     | src.ingestion.cvm_downloader — [DFP 2026] Baixando: https://dados.cvm.gov.br/dados/CIA_ABERTA/DOC/DFP/DADOS/dfp_cia_aberta_2026.zip
2026-04-19 14:19:10 | ERROR    | src.ingestion.cvm_downloader — [CSNA3] DFP 2026: [DFP 2026] Não encontrado na CVM (404): https://dados.cvm.gov.br/dados/CIA_ABERTA/DOC/DFP/DADOS/dfp_cia_aberta_2026.zip
2026-04-19 14:19:10 | INFO     | src.ingestion.cvm_downloader — [CSNA3] ITR: todos os anos já disponíveis
2026-04-19 14:19:10 | SUCCESS  | src.ingestion.cvm_downloader — [CSNA3] Ingestão CVM concluída — CVM code: 004030
2026-04-19 14:19:10 | INFO     | __main__ — [CSNA3] CVM: {'DFP': [], 'ITR': []}
2026-04-19 14:19:10 | INFO     | src.ingestion.b3_scraper — [CSNA3] Download completo desde 2019-01-01
2026-04-19 14:19:12 | SUCCESS  | src.ingestion.b3_scraper — [CSNA3] 1815 dias salvos em CSNA3.parquet
2026-04-19 14:19:12 | INFO     | __main__ — [CSNA3] preços: 1815 dias (2019-01-02 → 2026-04-17)
2026-04-19 14:19:13 | INFO     | __main__ — [USIM5] iniciando ingestão...
2026-04-19 14:19:13 | INFO     | src.ingestion.cvm_downloader — [USIM5] DFP: baixando 1 ano(s): [2026]
2026-04-19 14:19:13 | INFO     | src.ingestion.cvm_downloader — [DFP 2026] Baixando: https://dados.cvm.gov.br/dados/CIA_ABERTA/DOC/DFP/DADOS/dfp_cia_aberta_2026.zip
2026-04-19 14:19:13 | ERROR    | src.ingestion.cvm_downloader — [USIM5] DFP 2026: [DFP 2026] Não encontrado na CVM (404): https://dados.cvm.gov.br/dados/CIA_ABERTA/DOC/DFP/DADOS/dfp_cia_aberta_2026.zip
2026-04-19 14:19:13 | INFO     | src.ingestion.cvm_downloader — [USIM5] ITR: todos os anos já disponíveis
2026-04-19 14:19:13 | SUCCESS  | src.ingestion.cvm_downloader — [USIM5] Ingestão CVM concluída — CVM code: 014320
2026-04-19 14:19:13 | INFO     | __main__ — [USIM5] CVM: {'DFP': [], 'ITR': []}
2026-04-19 14:19:13 | INFO     | src.ingestion.b3_scraper — [USIM5] Download completo desde 2019-01-01
2026-04-19 14:19:15 | SUCCESS  | src.ingestion.b3_scraper — [USIM5] 1815 dias salvos em USIM5.parquet
2026-04-19 14:19:15 | INFO     | __main__ — [USIM5] preços: 1815 dias (2019-01-02 → 2026-04-17)
2026-04-19 14:19:16 | INFO     | __main__ — [BRKM5] iniciando ingestão...
2026-04-19 14:19:16 | INFO     | src.ingestion.cvm_downloader — [BRKM5] DFP: baixando 1 ano(s): [2026]
2026-04-19 14:19:16 | INFO     | src.ingestion.cvm_downloader — [DFP 2026] Baixando: https://dados.cvm.gov.br/dados/CIA_ABERTA/DOC/DFP/DADOS/dfp_cia_aberta_2026.zip
2026-04-19 14:19:16 | ERROR    | src.ingestion.cvm_downloader — [BRKM5] DFP 2026: [DFP 2026] Não encontrado na CVM (404): https://dados.cvm.gov.br/dados/CIA_ABERTA/DOC/DFP/DADOS/dfp_cia_aberta_2026.zip
2026-04-19 14:19:16 | INFO     | src.ingestion.cvm_downloader — [BRKM5] ITR: todos os anos já disponíveis
2026-04-19 14:19:16 | SUCCESS  | src.ingestion.cvm_downloader — [BRKM5] Ingestão CVM concluída — CVM code: 004820
2026-04-19 14:19:16 | INFO     | __main__ — [BRKM5] CVM: {'DFP': [], 'ITR': []}
2026-04-19 14:19:16 | INFO     | src.ingestion.b3_scraper — [BRKM5] Download completo desde 2019-01-01
2026-04-19 14:19:18 | SUCCESS  | src.ingestion.b3_scraper — [BRKM5] 1815 dias salvos em BRKM5.parquet
2026-04-19 14:19:18 | INFO     | __main__ — [BRKM5] preços: 1815 dias (2019-01-02 → 2026-04-17)
2026-04-19 14:19:18 | INFO     | __main__ — [ELET3] iniciando ingestão...
2026-04-19 14:19:18 | INFO     | src.ingestion.cvm_downloader — [ELET3] DFP: baixando 1 ano(s): [2026]
2026-04-19 14:19:18 | INFO     | src.ingestion.cvm_downloader — [DFP 2026] Baixando: https://dados.cvm.gov.br/dados/CIA_ABERTA/DOC/DFP/DADOS/dfp_cia_aberta_2026.zip
2026-04-19 14:19:18 | ERROR    | src.ingestion.cvm_downloader — [ELET3] DFP 2026: [DFP 2026] Não encontrado na CVM (404): https://dados.cvm.gov.br/dados/CIA_ABERTA/DOC/DFP/DADOS/dfp_cia_aberta_2026.zip
2026-04-19 14:19:18 | INFO     | src.ingestion.cvm_downloader — [ELET3] ITR: todos os anos já disponíveis
2026-04-19 14:19:18 | SUCCESS  | src.ingestion.cvm_downloader — [ELET3] Ingestão CVM concluída — CVM code: 001058
2026-04-19 14:19:18 | INFO     | __main__ — [ELET3] CVM: {'DFP': [], 'ITR': []}
2026-04-19 14:19:18 | INFO     | src.ingestion.b3_scraper — [ELET3] Download completo desde 2019-01-01
2026-04-19 14:19:21 | WARNING  | src.ingestion.b3_scraper — [ELET3] Nenhum dado novo retornado pelo yfinance
2026-04-19 14:19:22 | INFO     | __main__ — [CMIG4] iniciando ingestão...
2026-04-19 14:19:22 | INFO     | src.ingestion.cvm_downloader — [CMIG4] DFP: baixando 1 ano(s): [2026]
2026-04-19 14:19:22 | INFO     | src.ingestion.cvm_downloader — [DFP 2026] Baixando: https://dados.cvm.gov.br/dados/CIA_ABERTA/DOC/DFP/DADOS/dfp_cia_aberta_2026.zip
2026-04-19 14:19:23 | ERROR    | src.ingestion.cvm_downloader — [CMIG4] DFP 2026: [DFP 2026] Não encontrado na CVM (404): https://dados.cvm.gov.br/dados/CIA_ABERTA/DOC/DFP/DADOS/dfp_cia_aberta_2026.zip
2026-04-19 14:19:23 | INFO     | src.ingestion.cvm_downloader — [CMIG4] ITR: todos os anos já disponíveis
2026-04-19 14:19:23 | SUCCESS  | src.ingestion.cvm_downloader — [CMIG4] Ingestão CVM concluída — CVM code: 002453
2026-04-19 14:19:23 | INFO     | __main__ — [CMIG4] CVM: {'DFP': [], 'ITR': []}
2026-04-19 14:19:23 | INFO     | src.ingestion.b3_scraper — [CMIG4] Download completo desde 2019-01-01
2026-04-19 14:19:24 | SUCCESS  | src.ingestion.b3_scraper — [CMIG4] 1815 dias salvos em CMIG4.parquet
2026-04-19 14:19:24 | INFO     | __main__ — [CMIG4] preços: 1815 dias (2019-01-02 → 2026-04-17)
2026-04-19 14:19:25 | INFO     | __main__ — [CPFE3] iniciando ingestão...
2026-04-19 14:19:25 | INFO     | src.ingestion.cvm_downloader — [CPFE3] DFP: baixando 1 ano(s): [2026]
2026-04-19 14:19:25 | INFO     | src.ingestion.cvm_downloader — [DFP 2026] Baixando: https://dados.cvm.gov.br/dados/CIA_ABERTA/DOC/DFP/DADOS/dfp_cia_aberta_2026.zip
2026-04-19 14:19:25 | ERROR    | src.ingestion.cvm_downloader — [CPFE3] DFP 2026: [DFP 2026] Não encontrado na CVM (404): https://dados.cvm.gov.br/dados/CIA_ABERTA/DOC/DFP/DADOS/dfp_cia_aberta_2026.zip
2026-04-19 14:19:25 | INFO     | src.ingestion.cvm_downloader — [CPFE3] ITR: todos os anos já disponíveis
2026-04-19 14:19:25 | SUCCESS  | src.ingestion.cvm_downloader — [CPFE3] Ingestão CVM concluída — CVM code: 018660
2026-04-19 14:19:25 | INFO     | __main__ — [CPFE3] CVM: {'DFP': [], 'ITR': []}
2026-04-19 14:19:25 | INFO     | src.ingestion.b3_scraper — [CPFE3] Download completo desde 2019-01-01
2026-04-19 14:19:26 | SUCCESS  | src.ingestion.b3_scraper — [CPFE3] 1815 dias salvos em CPFE3.parquet
2026-04-19 14:19:26 | INFO     | __main__ — [CPFE3] preços: 1815 dias (2019-01-02 → 2026-04-17)
2026-04-19 14:19:27 | INFO     | __main__ — [CPLE6] iniciando ingestão...
2026-04-19 14:19:27 | INFO     | src.ingestion.cvm_downloader — [CPLE6] DFP: baixando 1 ano(s): [2026]
2026-04-19 14:19:27 | INFO     | src.ingestion.cvm_downloader — [DFP 2026] Baixando: https://dados.cvm.gov.br/dados/CIA_ABERTA/DOC/DFP/DADOS/dfp_cia_aberta_2026.zip
2026-04-19 14:19:27 | ERROR    | src.ingestion.cvm_downloader — [CPLE6] DFP 2026: [DFP 2026] Não encontrado na CVM (404): https://dados.cvm.gov.br/dados/CIA_ABERTA/DOC/DFP/DADOS/dfp_cia_aberta_2026.zip
2026-04-19 14:19:27 | INFO     | src.ingestion.cvm_downloader — [CPLE6] ITR: todos os anos já disponíveis
2026-04-19 14:19:27 | SUCCESS  | src.ingestion.cvm_downloader — [CPLE6] Ingestão CVM concluída — CVM code: 014311
2026-04-19 14:19:27 | INFO     | __main__ — [CPLE6] CVM: {'DFP': [], 'ITR': []}
2026-04-19 14:19:27 | INFO     | src.ingestion.b3_scraper — [CPLE6] Download completo desde 2019-01-01
2026-04-19 14:19:29 | WARNING  | src.ingestion.b3_scraper — [CPLE6] Nenhum dado novo retornado pelo yfinance
2026-04-19 14:19:30 | INFO     | __main__ — [EGIE3] iniciando ingestão...
2026-04-19 14:19:30 | INFO     | src.ingestion.cvm_downloader — [EGIE3] DFP: baixando 1 ano(s): [2026]
2026-04-19 14:19:30 | INFO     | src.ingestion.cvm_downloader — [DFP 2026] Baixando: https://dados.cvm.gov.br/dados/CIA_ABERTA/DOC/DFP/DADOS/dfp_cia_aberta_2026.zip
2026-04-19 14:19:30 | ERROR    | src.ingestion.cvm_downloader — [EGIE3] DFP 2026: [DFP 2026] Não encontrado na CVM (404): https://dados.cvm.gov.br/dados/CIA_ABERTA/DOC/DFP/DADOS/dfp_cia_aberta_2026.zip
2026-04-19 14:19:30 | INFO     | src.ingestion.cvm_downloader — [EGIE3] ITR: todos os anos já disponíveis
2026-04-19 14:19:30 | SUCCESS  | src.ingestion.cvm_downloader — [EGIE3] Ingestão CVM concluída — CVM code: 017329
2026-04-19 14:19:30 | INFO     | __main__ — [EGIE3] CVM: {'DFP': [], 'ITR': []}
2026-04-19 14:19:30 | INFO     | src.ingestion.b3_scraper — [EGIE3] Download completo desde 2019-01-01
2026-04-19 14:19:32 | SUCCESS  | src.ingestion.b3_scraper — [EGIE3] 1815 dias salvos em EGIE3.parquet
2026-04-19 14:19:32 | INFO     | __main__ — [EGIE3] preços: 1815 dias (2019-01-02 → 2026-04-17)
2026-04-19 14:19:32 | INFO     | __main__ — [ENGI11] iniciando ingestão...
2026-04-19 14:19:32 | INFO     | src.ingestion.cvm_downloader — [ENGI11] DFP: baixando 1 ano(s): [2026]
2026-04-19 14:19:32 | INFO     | src.ingestion.cvm_downloader — [DFP 2026] Baixando: https://dados.cvm.gov.br/dados/CIA_ABERTA/DOC/DFP/DADOS/dfp_cia_aberta_2026.zip
2026-04-19 14:19:33 | ERROR    | src.ingestion.cvm_downloader — [ENGI11] DFP 2026: [DFP 2026] Não encontrado na CVM (404): https://dados.cvm.gov.br/dados/CIA_ABERTA/DOC/DFP/DADOS/dfp_cia_aberta_2026.zip
2026-04-19 14:19:33 | INFO     | src.ingestion.cvm_downloader — [ENGI11] ITR: todos os anos já disponíveis
2026-04-19 14:19:33 | SUCCESS  | src.ingestion.cvm_downloader — [ENGI11] Ingestão CVM concluída — CVM code: 015253
2026-04-19 14:19:33 | INFO     | __main__ — [ENGI11] CVM: {'DFP': [], 'ITR': []}
2026-04-19 14:19:33 | INFO     | src.ingestion.b3_scraper — [ENGI11] Download completo desde 2019-01-01
2026-04-19 14:19:34 | SUCCESS  | src.ingestion.b3_scraper — [ENGI11] 1815 dias salvos em ENGI11.parquet
2026-04-19 14:19:34 | INFO     | __main__ — [ENGI11] preços: 1815 dias (2019-01-02 → 2026-04-17)
2026-04-19 14:19:35 | INFO     | __main__ — [EQTL3] iniciando ingestão...
2026-04-19 14:19:35 | INFO     | src.ingestion.cvm_downloader — [EQTL3] DFP: baixando 1 ano(s): [2026]
2026-04-19 14:19:35 | INFO     | src.ingestion.cvm_downloader — [DFP 2026] Baixando: https://dados.cvm.gov.br/dados/CIA_ABERTA/DOC/DFP/DADOS/dfp_cia_aberta_2026.zip
2026-04-19 14:19:35 | ERROR    | src.ingestion.cvm_downloader — [EQTL3] DFP 2026: [DFP 2026] Não encontrado na CVM (404): https://dados.cvm.gov.br/dados/CIA_ABERTA/DOC/DFP/DADOS/dfp_cia_aberta_2026.zip
2026-04-19 14:19:35 | INFO     | src.ingestion.cvm_downloader — [EQTL3] ITR: todos os anos já disponíveis
2026-04-19 14:19:35 | SUCCESS  | src.ingestion.cvm_downloader — [EQTL3] Ingestão CVM concluída — CVM code: 027553
2026-04-19 14:19:35 | INFO     | __main__ — [EQTL3] CVM: {'DFP': [], 'ITR': []}
2026-04-19 14:19:35 | INFO     | src.ingestion.b3_scraper — [EQTL3] Download completo desde 2019-01-01
2026-04-19 14:19:37 | SUCCESS  | src.ingestion.b3_scraper — [EQTL3] 1815 dias salvos em EQTL3.parquet
2026-04-19 14:19:37 | INFO     | __main__ — [EQTL3] preços: 1815 dias (2019-01-02 → 2026-04-17)
2026-04-19 14:19:37 | INFO     | __main__ — [AURE3] iniciando ingestão...
2026-04-19 14:19:37 | INFO     | src.ingestion.cvm_downloader — [AURE3] DFP: baixando 1 ano(s): [2026]
2026-04-19 14:19:37 | INFO     | src.ingestion.cvm_downloader — [DFP 2026] Baixando: https://dados.cvm.gov.br/dados/CIA_ABERTA/DOC/DFP/DADOS/dfp_cia_aberta_2026.zip
2026-04-19 14:19:37 | ERROR    | src.ingestion.cvm_downloader — [AURE3] DFP 2026: [DFP 2026] Não encontrado na CVM (404): https://dados.cvm.gov.br/dados/CIA_ABERTA/DOC/DFP/DADOS/dfp_cia_aberta_2026.zip
2026-04-19 14:19:37 | INFO     | src.ingestion.cvm_downloader — [AURE3] ITR: todos os anos já disponíveis
2026-04-19 14:19:37 | SUCCESS  | src.ingestion.cvm_downloader — [AURE3] Ingestão CVM concluída — CVM code: 026620
2026-04-19 14:19:37 | INFO     | __main__ — [AURE3] CVM: {'DFP': [], 'ITR': []}
2026-04-19 14:19:37 | INFO     | src.ingestion.b3_scraper — [AURE3] Download completo desde 2019-01-01
2026-04-19 14:19:39 | SUCCESS  | src.ingestion.b3_scraper — [AURE3] 1014 dias salvos em AURE3.parquet
2026-04-19 14:19:39 | INFO     | __main__ — [AURE3] preços: 1014 dias (2022-03-28 → 2026-04-17)
2026-04-19 14:19:39 | INFO     | __main__ — [ISAE4] iniciando ingestão...
2026-04-19 14:19:39 | INFO     | src.ingestion.cvm_downloader — [ISAE4] DFP: baixando 1 ano(s): [2026]
2026-04-19 14:19:39 | INFO     | src.ingestion.cvm_downloader — [DFP 2026] Baixando: https://dados.cvm.gov.br/dados/CIA_ABERTA/DOC/DFP/DADOS/dfp_cia_aberta_2026.zip
2026-04-19 14:19:39 | ERROR    | src.ingestion.cvm_downloader — [ISAE4] DFP 2026: [DFP 2026] Não encontrado na CVM (404): https://dados.cvm.gov.br/dados/CIA_ABERTA/DOC/DFP/DADOS/dfp_cia_aberta_2026.zip
2026-04-19 14:19:39 | INFO     | src.ingestion.cvm_downloader — [ISAE4] ITR: todos os anos já disponíveis
2026-04-19 14:19:39 | SUCCESS  | src.ingestion.cvm_downloader — [ISAE4] Ingestão CVM concluída — CVM code: 018376
2026-04-19 14:19:39 | INFO     | __main__ — [ISAE4] CVM: {'DFP': [], 'ITR': []}
2026-04-19 14:19:39 | INFO     | src.ingestion.b3_scraper — [ISAE4] Download completo desde 2019-01-01
2026-04-19 14:19:41 | SUCCESS  | src.ingestion.b3_scraper — [ISAE4] 1813 dias salvos em ISAE4.parquet
2026-04-19 14:19:41 | INFO     | __main__ — [ISAE4] preços: 1813 dias (2019-01-02 → 2026-04-17)
2026-04-19 14:19:41 | INFO     | __main__ — [TAEE11] iniciando ingestão...
2026-04-19 14:19:41 | INFO     | src.ingestion.cvm_downloader — [TAEE11] DFP: baixando 1 ano(s): [2026]
2026-04-19 14:19:41 | INFO     | src.ingestion.cvm_downloader — [DFP 2026] Baixando: https://dados.cvm.gov.br/dados/CIA_ABERTA/DOC/DFP/DADOS/dfp_cia_aberta_2026.zip
2026-04-19 14:19:42 | ERROR    | src.ingestion.cvm_downloader — [TAEE11] DFP 2026: [DFP 2026] Não encontrado na CVM (404): https://dados.cvm.gov.br/dados/CIA_ABERTA/DOC/DFP/DADOS/dfp_cia_aberta_2026.zip
2026-04-19 14:19:42 | INFO     | src.ingestion.cvm_downloader — [TAEE11] ITR: todos os anos já disponíveis
2026-04-19 14:19:42 | SUCCESS  | src.ingestion.cvm_downloader — [TAEE11] Ingestão CVM concluída — CVM code: 023582
2026-04-19 14:19:42 | INFO     | __main__ — [TAEE11] CVM: {'DFP': [], 'ITR': []}
2026-04-19 14:19:42 | INFO     | src.ingestion.b3_scraper — [TAEE11] Download completo desde 2019-01-01
2026-04-19 14:19:43 | SUCCESS  | src.ingestion.b3_scraper — [TAEE11] 1815 dias salvos em TAEE11.parquet
2026-04-19 14:19:43 | INFO     | __main__ — [TAEE11] preços: 1815 dias (2019-01-02 → 2026-04-17)
2026-04-19 14:19:44 | INFO     | __main__ — [SBSP3] iniciando ingestão...
2026-04-19 14:19:44 | INFO     | src.ingestion.cvm_downloader — [SBSP3] DFP: baixando 1 ano(s): [2026]
2026-04-19 14:19:44 | INFO     | src.ingestion.cvm_downloader — [DFP 2026] Baixando: https://dados.cvm.gov.br/dados/CIA_ABERTA/DOC/DFP/DADOS/dfp_cia_aberta_2026.zip
2026-04-19 14:19:44 | ERROR    | src.ingestion.cvm_downloader — [SBSP3] DFP 2026: [DFP 2026] Não encontrado na CVM (404): https://dados.cvm.gov.br/dados/CIA_ABERTA/DOC/DFP/DADOS/dfp_cia_aberta_2026.zip
2026-04-19 14:19:44 | INFO     | src.ingestion.cvm_downloader — [SBSP3] ITR: todos os anos já disponíveis
2026-04-19 14:19:44 | SUCCESS  | src.ingestion.cvm_downloader — [SBSP3] Ingestão CVM concluída — CVM code: 014443
2026-04-19 14:19:44 | INFO     | __main__ — [SBSP3] CVM: {'DFP': [], 'ITR': []}
2026-04-19 14:19:44 | INFO     | src.ingestion.b3_scraper — [SBSP3] Download completo desde 2019-01-01
2026-04-19 14:19:45 | SUCCESS  | src.ingestion.b3_scraper — [SBSP3] 1815 dias salvos em SBSP3.parquet
2026-04-19 14:19:45 | INFO     | __main__ — [SBSP3] preços: 1815 dias (2019-01-02 → 2026-04-17)
2026-04-19 14:19:46 | INFO     | __main__ — [VIVT3] iniciando ingestão...
2026-04-19 14:19:46 | INFO     | src.ingestion.cvm_downloader — [VIVT3] DFP: baixando 1 ano(s): [2026]
2026-04-19 14:19:46 | INFO     | src.ingestion.cvm_downloader — [DFP 2026] Baixando: https://dados.cvm.gov.br/dados/CIA_ABERTA/DOC/DFP/DADOS/dfp_cia_aberta_2026.zip
2026-04-19 14:19:46 | ERROR    | src.ingestion.cvm_downloader — [VIVT3] DFP 2026: [DFP 2026] Não encontrado na CVM (404): https://dados.cvm.gov.br/dados/CIA_ABERTA/DOC/DFP/DADOS/dfp_cia_aberta_2026.zip
2026-04-19 14:19:46 | INFO     | src.ingestion.cvm_downloader — [VIVT3] ITR: todos os anos já disponíveis
2026-04-19 14:19:46 | SUCCESS  | src.ingestion.cvm_downloader — [VIVT3] Ingestão CVM concluída — CVM code: 011258
2026-04-19 14:19:46 | INFO     | __main__ — [VIVT3] CVM: {'DFP': [], 'ITR': []}
2026-04-19 14:19:46 | INFO     | src.ingestion.b3_scraper — [VIVT3] Download completo desde 2019-01-01
2026-04-19 14:19:47 | SUCCESS  | src.ingestion.b3_scraper — [VIVT3] 1815 dias salvos em VIVT3.parquet
2026-04-19 14:19:47 | INFO     | __main__ — [VIVT3] preços: 1815 dias (2019-01-02 → 2026-04-17)
2026-04-19 14:19:48 | INFO     | __main__ — [TIMS3] iniciando ingestão...
2026-04-19 14:19:48 | INFO     | src.ingestion.cvm_downloader — [TIMS3] DFP: baixando 1 ano(s): [2026]
2026-04-19 14:19:48 | INFO     | src.ingestion.cvm_downloader — [DFP 2026] Baixando: https://dados.cvm.gov.br/dados/CIA_ABERTA/DOC/DFP/DADOS/dfp_cia_aberta_2026.zip
2026-04-19 14:19:48 | ERROR    | src.ingestion.cvm_downloader — [TIMS3] DFP 2026: [DFP 2026] Não encontrado na CVM (404): https://dados.cvm.gov.br/dados/CIA_ABERTA/DOC/DFP/DADOS/dfp_cia_aberta_2026.zip
2026-04-19 14:19:48 | INFO     | src.ingestion.cvm_downloader — [TIMS3] ITR: todos os anos já disponíveis
2026-04-19 14:19:48 | SUCCESS  | src.ingestion.cvm_downloader — [TIMS3] Ingestão CVM concluída — CVM code: 024929
2026-04-19 14:19:48 | INFO     | __main__ — [TIMS3] CVM: {'DFP': [], 'ITR': []}
2026-04-19 14:19:48 | INFO     | src.ingestion.b3_scraper — [TIMS3] Download completo desde 2019-01-01
2026-04-19 14:19:49 | SUCCESS  | src.ingestion.b3_scraper — [TIMS3] 1815 dias salvos em TIMS3.parquet
2026-04-19 14:19:49 | INFO     | __main__ — [TIMS3] preços: 1815 dias (2019-01-02 → 2026-04-17)
2026-04-19 14:19:50 | INFO     | __main__ — [WEGE3] iniciando ingestão...
2026-04-19 14:19:50 | INFO     | src.ingestion.cvm_downloader — [WEGE3] DFP: baixando 1 ano(s): [2026]
2026-04-19 14:19:50 | INFO     | src.ingestion.cvm_downloader — [DFP 2026] Baixando: https://dados.cvm.gov.br/dados/CIA_ABERTA/DOC/DFP/DADOS/dfp_cia_aberta_2026.zip
2026-04-19 14:19:50 | ERROR    | src.ingestion.cvm_downloader — [WEGE3] DFP 2026: [DFP 2026] Não encontrado na CVM (404): https://dados.cvm.gov.br/dados/CIA_ABERTA/DOC/DFP/DADOS/dfp_cia_aberta_2026.zip
2026-04-19 14:19:50 | INFO     | src.ingestion.cvm_downloader — [WEGE3] ITR: todos os anos já disponíveis
2026-04-19 14:19:50 | SUCCESS  | src.ingestion.cvm_downloader — [WEGE3] Ingestão CVM concluída — CVM code: 005410
2026-04-19 14:19:50 | INFO     | __main__ — [WEGE3] CVM: {'DFP': [], 'ITR': []}
2026-04-19 14:19:50 | INFO     | src.ingestion.b3_scraper — [WEGE3] Download incremental de 2026-04-18 até hoje
2026-04-19 14:19:52 | SUCCESS  | src.ingestion.b3_scraper — [WEGE3] 574 dias salvos em WEGE3.parquet
2026-04-19 14:19:52 | INFO     | __main__ — [WEGE3] preços: 574 dias (2024-01-02 → 2026-04-17)
2026-04-19 14:19:52 | INFO     | __main__ — [EMBR3] iniciando ingestão...
2026-04-19 14:19:52 | INFO     | src.ingestion.cvm_downloader — [EMBR3] DFP: baixando 1 ano(s): [2026]
2026-04-19 14:19:52 | INFO     | src.ingestion.cvm_downloader — [DFP 2026] Baixando: https://dados.cvm.gov.br/dados/CIA_ABERTA/DOC/DFP/DADOS/dfp_cia_aberta_2026.zip
2026-04-19 14:19:53 | ERROR    | src.ingestion.cvm_downloader — [EMBR3] DFP 2026: [DFP 2026] Não encontrado na CVM (404): https://dados.cvm.gov.br/dados/CIA_ABERTA/DOC/DFP/DADOS/dfp_cia_aberta_2026.zip
2026-04-19 14:19:53 | INFO     | src.ingestion.cvm_downloader — [EMBR3] ITR: todos os anos já disponíveis
2026-04-19 14:19:53 | SUCCESS  | src.ingestion.cvm_downloader — [EMBR3] Ingestão CVM concluída — CVM code: 020087
2026-04-19 14:19:53 | INFO     | __main__ — [EMBR3] CVM: {'DFP': [], 'ITR': []}
2026-04-19 14:19:53 | INFO     | src.ingestion.b3_scraper — [EMBR3] Download completo desde 2019-01-01
2026-04-19 14:19:56 | WARNING  | src.ingestion.b3_scraper — [EMBR3] Nenhum dado novo retornado pelo yfinance
2026-04-19 14:19:56 | INFO     | __main__ — [POMO4] iniciando ingestão...
2026-04-19 14:19:56 | INFO     | src.ingestion.cvm_downloader — [POMO4] DFP: baixando 1 ano(s): [2026]
2026-04-19 14:19:56 | INFO     | src.ingestion.cvm_downloader — [DFP 2026] Baixando: https://dados.cvm.gov.br/dados/CIA_ABERTA/DOC/DFP/DADOS/dfp_cia_aberta_2026.zip
2026-04-19 14:19:56 | ERROR    | src.ingestion.cvm_downloader — [POMO4] DFP 2026: [DFP 2026] Não encontrado na CVM (404): https://dados.cvm.gov.br/dados/CIA_ABERTA/DOC/DFP/DADOS/dfp_cia_aberta_2026.zip
2026-04-19 14:19:56 | INFO     | src.ingestion.cvm_downloader — [POMO4] ITR: todos os anos já disponíveis
2026-04-19 14:19:56 | SUCCESS  | src.ingestion.cvm_downloader — [POMO4] Ingestão CVM concluída — CVM code: 008451
2026-04-19 14:19:56 | INFO     | __main__ — [POMO4] CVM: {'DFP': [], 'ITR': []}
2026-04-19 14:19:56 | INFO     | src.ingestion.b3_scraper — [POMO4] Download completo desde 2019-01-01
2026-04-19 14:19:58 | SUCCESS  | src.ingestion.b3_scraper — [POMO4] 1815 dias salvos em POMO4.parquet
2026-04-19 14:19:58 | INFO     | __main__ — [POMO4] preços: 1815 dias (2019-01-02 → 2026-04-17)
2026-04-19 14:19:58 | INFO     | __main__ — [STBP3] iniciando ingestão...
2026-04-19 14:19:58 | INFO     | src.ingestion.cvm_downloader — [STBP3] DFP: baixando 1 ano(s): [2026]
2026-04-19 14:19:58 | INFO     | src.ingestion.cvm_downloader — [DFP 2026] Baixando: https://dados.cvm.gov.br/dados/CIA_ABERTA/DOC/DFP/DADOS/dfp_cia_aberta_2026.zip
2026-04-19 14:19:59 | ERROR    | src.ingestion.cvm_downloader — [STBP3] DFP 2026: [DFP 2026] Não encontrado na CVM (404): https://dados.cvm.gov.br/dados/CIA_ABERTA/DOC/DFP/DADOS/dfp_cia_aberta_2026.zip
2026-04-19 14:19:59 | INFO     | src.ingestion.cvm_downloader — [STBP3] ITR: todos os anos já disponíveis
2026-04-19 14:19:59 | SUCCESS  | src.ingestion.cvm_downloader — [STBP3] Ingestão CVM concluída — CVM code: 017892
2026-04-19 14:19:59 | INFO     | __main__ — [STBP3] CVM: {'DFP': [], 'ITR': []}
2026-04-19 14:19:59 | INFO     | src.ingestion.b3_scraper — [STBP3] Download completo desde 2019-01-01
2026-04-19 14:20:02 | WARNING  | src.ingestion.b3_scraper — [STBP3] Nenhum dado novo retornado pelo yfinance
2026-04-19 14:20:02 | INFO     | __main__ — [CCRO3] iniciando ingestão...
2026-04-19 14:20:02 | INFO     | src.ingestion.cvm_downloader — [CCRO3] DFP: baixando 1 ano(s): [2026]
2026-04-19 14:20:02 | INFO     | src.ingestion.cvm_downloader — [DFP 2026] Baixando: https://dados.cvm.gov.br/dados/CIA_ABERTA/DOC/DFP/DADOS/dfp_cia_aberta_2026.zip
2026-04-19 14:20:03 | ERROR    | src.ingestion.cvm_downloader — [CCRO3] DFP 2026: [DFP 2026] Não encontrado na CVM (404): https://dados.cvm.gov.br/dados/CIA_ABERTA/DOC/DFP/DADOS/dfp_cia_aberta_2026.zip
2026-04-19 14:20:03 | INFO     | src.ingestion.cvm_downloader — [CCRO3] ITR: todos os anos já disponíveis
2026-04-19 14:20:03 | SUCCESS  | src.ingestion.cvm_downloader — [CCRO3] Ingestão CVM concluída — CVM code: 009601
2026-04-19 14:20:03 | INFO     | __main__ — [CCRO3] CVM: {'DFP': [], 'ITR': []}
2026-04-19 14:20:03 | INFO     | src.ingestion.b3_scraper — [CCRO3] Download completo desde 2019-01-01
2026-04-19 14:20:05 | WARNING  | src.ingestion.b3_scraper — [CCRO3] Nenhum dado novo retornado pelo yfinance
2026-04-19 14:20:05 | INFO     | __main__ — [RAIL3] iniciando ingestão...
2026-04-19 14:20:05 | INFO     | src.ingestion.cvm_downloader — [RAIL3] DFP: baixando 1 ano(s): [2026]
2026-04-19 14:20:05 | INFO     | src.ingestion.cvm_downloader — [DFP 2026] Baixando: https://dados.cvm.gov.br/dados/CIA_ABERTA/DOC/DFP/DADOS/dfp_cia_aberta_2026.zip
2026-04-19 14:20:05 | ERROR    | src.ingestion.cvm_downloader — [RAIL3] DFP 2026: [DFP 2026] Não encontrado na CVM (404): https://dados.cvm.gov.br/dados/CIA_ABERTA/DOC/DFP/DADOS/dfp_cia_aberta_2026.zip
2026-04-19 14:20:05 | INFO     | src.ingestion.cvm_downloader — [RAIL3] ITR: todos os anos já disponíveis
2026-04-19 14:20:05 | SUCCESS  | src.ingestion.cvm_downloader — [RAIL3] Ingestão CVM concluída — CVM code: 017450
2026-04-19 14:20:05 | INFO     | __main__ — [RAIL3] CVM: {'DFP': [], 'ITR': []}
2026-04-19 14:20:05 | INFO     | src.ingestion.b3_scraper — [RAIL3] Download completo desde 2019-01-01
2026-04-19 14:20:07 | SUCCESS  | src.ingestion.b3_scraper — [RAIL3] 1815 dias salvos em RAIL3.parquet
2026-04-19 14:20:07 | INFO     | __main__ — [RAIL3] preços: 1815 dias (2019-01-02 → 2026-04-17)
2026-04-19 14:20:07 | INFO     | __main__ — [UGPA3] iniciando ingestão...
2026-04-19 14:20:07 | INFO     | src.ingestion.cvm_downloader — [UGPA3] DFP: baixando 1 ano(s): [2026]
2026-04-19 14:20:07 | INFO     | src.ingestion.cvm_downloader — [DFP 2026] Baixando: https://dados.cvm.gov.br/dados/CIA_ABERTA/DOC/DFP/DADOS/dfp_cia_aberta_2026.zip
2026-04-19 14:20:08 | ERROR    | src.ingestion.cvm_downloader — [UGPA3] DFP 2026: [DFP 2026] Não encontrado na CVM (404): https://dados.cvm.gov.br/dados/CIA_ABERTA/DOC/DFP/DADOS/dfp_cia_aberta_2026.zip
2026-04-19 14:20:08 | INFO     | src.ingestion.cvm_downloader — [UGPA3] ITR: todos os anos já disponíveis
2026-04-19 14:20:08 | SUCCESS  | src.ingestion.cvm_downloader — [UGPA3] Ingestão CVM concluída — CVM code: 018465
2026-04-19 14:20:08 | INFO     | __main__ — [UGPA3] CVM: {'DFP': [], 'ITR': []}
2026-04-19 14:20:08 | INFO     | src.ingestion.b3_scraper — [UGPA3] Download completo desde 2019-01-01
2026-04-19 14:20:10 | SUCCESS  | src.ingestion.b3_scraper — [UGPA3] 1815 dias salvos em UGPA3.parquet
2026-04-19 14:20:10 | INFO     | __main__ — [UGPA3] preços: 1815 dias (2019-01-02 → 2026-04-17)
2026-04-19 14:20:10 | INFO     | __main__ — [SUZB3] iniciando ingestão...
2026-04-19 14:20:10 | INFO     | src.ingestion.cvm_downloader — [SUZB3] DFP: baixando 1 ano(s): [2026]
2026-04-19 14:20:10 | INFO     | src.ingestion.cvm_downloader — [DFP 2026] Baixando: https://dados.cvm.gov.br/dados/CIA_ABERTA/DOC/DFP/DADOS/dfp_cia_aberta_2026.zip
2026-04-19 14:20:11 | ERROR    | src.ingestion.cvm_downloader — [SUZB3] DFP 2026: [DFP 2026] Não encontrado na CVM (404): https://dados.cvm.gov.br/dados/CIA_ABERTA/DOC/DFP/DADOS/dfp_cia_aberta_2026.zip
2026-04-19 14:20:11 | INFO     | src.ingestion.cvm_downloader — [SUZB3] ITR: todos os anos já disponíveis
2026-04-19 14:20:11 | SUCCESS  | src.ingestion.cvm_downloader — [SUZB3] Ingestão CVM concluída — CVM code: 013986
2026-04-19 14:20:11 | INFO     | __main__ — [SUZB3] CVM: {'DFP': [], 'ITR': []}
2026-04-19 14:20:11 | INFO     | src.ingestion.b3_scraper — [SUZB3] Download completo desde 2019-01-01
2026-04-19 14:20:12 | SUCCESS  | src.ingestion.b3_scraper — [SUZB3] 1815 dias salvos em SUZB3.parquet
2026-04-19 14:20:12 | INFO     | __main__ — [SUZB3] preços: 1815 dias (2019-01-02 → 2026-04-17)
2026-04-19 14:20:12 | INFO     | __main__ — [KLBN11] iniciando ingestão...
2026-04-19 14:20:12 | INFO     | src.ingestion.cvm_downloader — [KLBN11] DFP: baixando 1 ano(s): [2026]
2026-04-19 14:20:12 | INFO     | src.ingestion.cvm_downloader — [DFP 2026] Baixando: https://dados.cvm.gov.br/dados/CIA_ABERTA/DOC/DFP/DADOS/dfp_cia_aberta_2026.zip
2026-04-19 14:20:13 | ERROR    | src.ingestion.cvm_downloader — [KLBN11] DFP 2026: [DFP 2026] Não encontrado na CVM (404): https://dados.cvm.gov.br/dados/CIA_ABERTA/DOC/DFP/DADOS/dfp_cia_aberta_2026.zip
2026-04-19 14:20:13 | INFO     | src.ingestion.cvm_downloader — [KLBN11] ITR: todos os anos já disponíveis
2026-04-19 14:20:13 | SUCCESS  | src.ingestion.cvm_downloader — [KLBN11] Ingestão CVM concluída — CVM code: 012653
2026-04-19 14:20:13 | INFO     | __main__ — [KLBN11] CVM: {'DFP': [], 'ITR': []}
2026-04-19 14:20:13 | INFO     | src.ingestion.b3_scraper — [KLBN11] Download completo desde 2019-01-01
2026-04-19 14:20:14 | SUCCESS  | src.ingestion.b3_scraper — [KLBN11] 1815 dias salvos em KLBN11.parquet
2026-04-19 14:20:14 | INFO     | __main__ — [KLBN11] preços: 1815 dias (2019-01-02 → 2026-04-17)
2026-04-19 14:20:14 | INFO     | __main__ — [ABEV3] iniciando ingestão...
2026-04-19 14:20:14 | INFO     | src.ingestion.cvm_downloader — [ABEV3] DFP: baixando 1 ano(s): [2026]
2026-04-19 14:20:14 | INFO     | src.ingestion.cvm_downloader — [DFP 2026] Baixando: https://dados.cvm.gov.br/dados/CIA_ABERTA/DOC/DFP/DADOS/dfp_cia_aberta_2026.zip
2026-04-19 14:20:15 | ERROR    | src.ingestion.cvm_downloader — [ABEV3] DFP 2026: [DFP 2026] Não encontrado na CVM (404): https://dados.cvm.gov.br/dados/CIA_ABERTA/DOC/DFP/DADOS/dfp_cia_aberta_2026.zip
2026-04-19 14:20:15 | INFO     | src.ingestion.cvm_downloader — [ABEV3] ITR: todos os anos já disponíveis
2026-04-19 14:20:15 | SUCCESS  | src.ingestion.cvm_downloader — [ABEV3] Ingestão CVM concluída — CVM code: 023264
2026-04-19 14:20:15 | INFO     | __main__ — [ABEV3] CVM: {'DFP': [], 'ITR': []}
2026-04-19 14:20:15 | INFO     | src.ingestion.b3_scraper — [ABEV3] Download completo desde 2019-01-01
2026-04-19 14:20:16 | SUCCESS  | src.ingestion.b3_scraper — [ABEV3] 1815 dias salvos em ABEV3.parquet
2026-04-19 14:20:16 | INFO     | __main__ — [ABEV3] preços: 1815 dias (2019-01-02 → 2026-04-17)
2026-04-19 14:20:16 | INFO     | __main__ — [JBSS3] iniciando ingestão...
2026-04-19 14:20:16 | INFO     | src.ingestion.cvm_downloader — [JBSS3] DFP: baixando 1 ano(s): [2026]
2026-04-19 14:20:16 | INFO     | src.ingestion.cvm_downloader — [DFP 2026] Baixando: https://dados.cvm.gov.br/dados/CIA_ABERTA/DOC/DFP/DADOS/dfp_cia_aberta_2026.zip
2026-04-19 14:20:17 | ERROR    | src.ingestion.cvm_downloader — [JBSS3] DFP 2026: [DFP 2026] Não encontrado na CVM (404): https://dados.cvm.gov.br/dados/CIA_ABERTA/DOC/DFP/DADOS/dfp_cia_aberta_2026.zip
2026-04-19 14:20:17 | INFO     | src.ingestion.cvm_downloader — [JBSS3] ITR: todos os anos já disponíveis
2026-04-19 14:20:17 | SUCCESS  | src.ingestion.cvm_downloader — [JBSS3] Ingestão CVM concluída — CVM code: 020575
2026-04-19 14:20:17 | INFO     | __main__ — [JBSS3] CVM: {'DFP': [], 'ITR': []}
2026-04-19 14:20:17 | INFO     | src.ingestion.b3_scraper — [JBSS3] Download completo desde 2019-01-01
2026-04-19 14:20:20 | WARNING  | src.ingestion.b3_scraper — [JBSS3] Nenhum dado novo retornado pelo yfinance
2026-04-19 14:20:20 | INFO     | __main__ — [BRFS3] iniciando ingestão...
2026-04-19 14:20:20 | INFO     | src.ingestion.cvm_downloader — [BRFS3] DFP: baixando 1 ano(s): [2026]
2026-04-19 14:20:20 | INFO     | src.ingestion.cvm_downloader — [DFP 2026] Baixando: https://dados.cvm.gov.br/dados/CIA_ABERTA/DOC/DFP/DADOS/dfp_cia_aberta_2026.zip
2026-04-19 14:20:20 | ERROR    | src.ingestion.cvm_downloader — [BRFS3] DFP 2026: [DFP 2026] Não encontrado na CVM (404): https://dados.cvm.gov.br/dados/CIA_ABERTA/DOC/DFP/DADOS/dfp_cia_aberta_2026.zip
2026-04-19 14:20:20 | INFO     | src.ingestion.cvm_downloader — [BRFS3] ITR: todos os anos já disponíveis
2026-04-19 14:20:20 | SUCCESS  | src.ingestion.cvm_downloader — [BRFS3] Ingestão CVM concluída — CVM code: 016292
2026-04-19 14:20:20 | INFO     | __main__ — [BRFS3] CVM: {'DFP': [], 'ITR': []}
2026-04-19 14:20:20 | INFO     | src.ingestion.b3_scraper — [BRFS3] Download completo desde 2019-01-01
2026-04-19 14:20:24 | WARNING  | src.ingestion.b3_scraper — [BRFS3] Nenhum dado novo retornado pelo yfinance
2026-04-19 14:20:24 | INFO     | __main__ — [MRFG3] iniciando ingestão...
2026-04-19 14:20:24 | INFO     | src.ingestion.cvm_downloader — [MRFG3] DFP: baixando 1 ano(s): [2026]
2026-04-19 14:20:24 | INFO     | src.ingestion.cvm_downloader — [DFP 2026] Baixando: https://dados.cvm.gov.br/dados/CIA_ABERTA/DOC/DFP/DADOS/dfp_cia_aberta_2026.zip
2026-04-19 14:20:25 | ERROR    | src.ingestion.cvm_downloader — [MRFG3] DFP 2026: [DFP 2026] Não encontrado na CVM (404): https://dados.cvm.gov.br/dados/CIA_ABERTA/DOC/DFP/DADOS/dfp_cia_aberta_2026.zip
2026-04-19 14:20:25 | INFO     | src.ingestion.cvm_downloader — [MRFG3] ITR: todos os anos já disponíveis
2026-04-19 14:20:25 | SUCCESS  | src.ingestion.cvm_downloader — [MRFG3] Ingestão CVM concluída — CVM code: 020788
2026-04-19 14:20:25 | INFO     | __main__ — [MRFG3] CVM: {'DFP': [], 'ITR': []}
2026-04-19 14:20:25 | INFO     | src.ingestion.b3_scraper — [MRFG3] Download completo desde 2019-01-01
2026-04-19 14:20:28 | WARNING  | src.ingestion.b3_scraper — [MRFG3] Nenhum dado novo retornado pelo yfinance
2026-04-19 14:20:29 | INFO     | __main__ — [BEEF3] iniciando ingestão...
2026-04-19 14:20:29 | INFO     | src.ingestion.cvm_downloader — [BEEF3] DFP: baixando 1 ano(s): [2026]
2026-04-19 14:20:29 | INFO     | src.ingestion.cvm_downloader — [DFP 2026] Baixando: https://dados.cvm.gov.br/dados/CIA_ABERTA/DOC/DFP/DADOS/dfp_cia_aberta_2026.zip
2026-04-19 14:20:30 | ERROR    | src.ingestion.cvm_downloader — [BEEF3] DFP 2026: [DFP 2026] Não encontrado na CVM (404): https://dados.cvm.gov.br/dados/CIA_ABERTA/DOC/DFP/DADOS/dfp_cia_aberta_2026.zip
2026-04-19 14:20:30 | INFO     | src.ingestion.cvm_downloader — [BEEF3] ITR: todos os anos já disponíveis
2026-04-19 14:20:30 | SUCCESS  | src.ingestion.cvm_downloader — [BEEF3] Ingestão CVM concluída — CVM code: 020931
2026-04-19 14:20:30 | INFO     | __main__ — [BEEF3] CVM: {'DFP': [], 'ITR': []}
2026-04-19 14:20:30 | INFO     | src.ingestion.b3_scraper — [BEEF3] Download completo desde 2019-01-01
2026-04-19 14:20:32 | SUCCESS  | src.ingestion.b3_scraper — [BEEF3] 1815 dias salvos em BEEF3.parquet
2026-04-19 14:20:32 | INFO     | __main__ — [BEEF3] preços: 1815 dias (2019-01-02 → 2026-04-17)
2026-04-19 14:20:33 | INFO     | __main__ — [SMTO3] iniciando ingestão...
2026-04-19 14:20:33 | INFO     | src.ingestion.cvm_downloader — [SMTO3] DFP: baixando 1 ano(s): [2026]
2026-04-19 14:20:33 | INFO     | src.ingestion.cvm_downloader — [DFP 2026] Baixando: https://dados.cvm.gov.br/dados/CIA_ABERTA/DOC/DFP/DADOS/dfp_cia_aberta_2026.zip
2026-04-19 14:20:33 | ERROR    | src.ingestion.cvm_downloader — [SMTO3] DFP 2026: [DFP 2026] Não encontrado na CVM (404): https://dados.cvm.gov.br/dados/CIA_ABERTA/DOC/DFP/DADOS/dfp_cia_aberta_2026.zip
2026-04-19 14:20:33 | INFO     | src.ingestion.cvm_downloader — [SMTO3] ITR: todos os anos já disponíveis
2026-04-19 14:20:33 | SUCCESS  | src.ingestion.cvm_downloader — [SMTO3] Ingestão CVM concluída — CVM code: 020516
2026-04-19 14:20:33 | INFO     | __main__ — [SMTO3] CVM: {'DFP': [], 'ITR': []}
2026-04-19 14:20:33 | INFO     | src.ingestion.b3_scraper — [SMTO3] Download completo desde 2019-01-01
2026-04-19 14:20:34 | SUCCESS  | src.ingestion.b3_scraper — [SMTO3] 1815 dias salvos em SMTO3.parquet
2026-04-19 14:20:34 | INFO     | __main__ — [SMTO3] preços: 1815 dias (2019-01-02 → 2026-04-17)
2026-04-19 14:20:35 | INFO     | __main__ — [SLCE3] iniciando ingestão...
2026-04-19 14:20:35 | INFO     | src.ingestion.cvm_downloader — [SLCE3] DFP: baixando 1 ano(s): [2026]
2026-04-19 14:20:35 | INFO     | src.ingestion.cvm_downloader — [DFP 2026] Baixando: https://dados.cvm.gov.br/dados/CIA_ABERTA/DOC/DFP/DADOS/dfp_cia_aberta_2026.zip
2026-04-19 14:20:35 | ERROR    | src.ingestion.cvm_downloader — [SLCE3] DFP 2026: [DFP 2026] Não encontrado na CVM (404): https://dados.cvm.gov.br/dados/CIA_ABERTA/DOC/DFP/DADOS/dfp_cia_aberta_2026.zip
2026-04-19 14:20:35 | INFO     | src.ingestion.cvm_downloader — [SLCE3] ITR: todos os anos já disponíveis
2026-04-19 14:20:35 | SUCCESS  | src.ingestion.cvm_downloader — [SLCE3] Ingestão CVM concluída — CVM code: 020745
2026-04-19 14:20:35 | INFO     | __main__ — [SLCE3] CVM: {'DFP': [], 'ITR': []}
2026-04-19 14:20:35 | INFO     | src.ingestion.b3_scraper — [SLCE3] Download completo desde 2019-01-01
2026-04-19 14:20:37 | SUCCESS  | src.ingestion.b3_scraper — [SLCE3] 1815 dias salvos em SLCE3.parquet
2026-04-19 14:20:37 | INFO     | __main__ — [SLCE3] preços: 1815 dias (2019-01-02 → 2026-04-17)
2026-04-19 14:20:37 | INFO     | __main__ — [LREN3] iniciando ingestão...
2026-04-19 14:20:37 | INFO     | src.ingestion.cvm_downloader — [LREN3] DFP: baixando 1 ano(s): [2026]
2026-04-19 14:20:37 | INFO     | src.ingestion.cvm_downloader — [DFP 2026] Baixando: https://dados.cvm.gov.br/dados/CIA_ABERTA/DOC/DFP/DADOS/dfp_cia_aberta_2026.zip
2026-04-19 14:20:38 | ERROR    | src.ingestion.cvm_downloader — [LREN3] DFP 2026: [DFP 2026] Não encontrado na CVM (404): https://dados.cvm.gov.br/dados/CIA_ABERTA/DOC/DFP/DADOS/dfp_cia_aberta_2026.zip
2026-04-19 14:20:38 | INFO     | src.ingestion.cvm_downloader — [LREN3] ITR: todos os anos já disponíveis
2026-04-19 14:20:38 | SUCCESS  | src.ingestion.cvm_downloader — [LREN3] Ingestão CVM concluída — CVM code: 008133
2026-04-19 14:20:38 | INFO     | __main__ — [LREN3] CVM: {'DFP': [], 'ITR': []}
2026-04-19 14:20:38 | INFO     | src.ingestion.b3_scraper — [LREN3] Download completo desde 2019-01-01
2026-04-19 14:20:39 | SUCCESS  | src.ingestion.b3_scraper — [LREN3] 1815 dias salvos em LREN3.parquet
2026-04-19 14:20:39 | INFO     | __main__ — [LREN3] preços: 1815 dias (2019-01-02 → 2026-04-17)
2026-04-19 14:20:39 | INFO     | __main__ — [MGLU3] iniciando ingestão...
2026-04-19 14:20:39 | INFO     | src.ingestion.cvm_downloader — [MGLU3] DFP: baixando 1 ano(s): [2026]
2026-04-19 14:20:39 | INFO     | src.ingestion.cvm_downloader — [DFP 2026] Baixando: https://dados.cvm.gov.br/dados/CIA_ABERTA/DOC/DFP/DADOS/dfp_cia_aberta_2026.zip
2026-04-19 14:20:40 | ERROR    | src.ingestion.cvm_downloader — [MGLU3] DFP 2026: [DFP 2026] Não encontrado na CVM (404): https://dados.cvm.gov.br/dados/CIA_ABERTA/DOC/DFP/DADOS/dfp_cia_aberta_2026.zip
2026-04-19 14:20:40 | INFO     | src.ingestion.cvm_downloader — [MGLU3] ITR: todos os anos já disponíveis
2026-04-19 14:20:40 | SUCCESS  | src.ingestion.cvm_downloader — [MGLU3] Ingestão CVM concluída — CVM code: 022470
2026-04-19 14:20:40 | INFO     | __main__ — [MGLU3] CVM: {'DFP': [], 'ITR': []}
2026-04-19 14:20:40 | INFO     | src.ingestion.b3_scraper — [MGLU3] Download completo desde 2019-01-01
2026-04-19 14:20:41 | SUCCESS  | src.ingestion.b3_scraper — [MGLU3] 1815 dias salvos em MGLU3.parquet
2026-04-19 14:20:41 | INFO     | __main__ — [MGLU3] preços: 1815 dias (2019-01-02 → 2026-04-17)
2026-04-19 14:20:41 | INFO     | __main__ — [AZZA3] iniciando ingestão...
2026-04-19 14:20:42 | INFO     | src.ingestion.cvm_downloader — [AZZA3] DFP: baixando 1 ano(s): [2026]
2026-04-19 14:20:42 | INFO     | src.ingestion.cvm_downloader — [DFP 2026] Baixando: https://dados.cvm.gov.br/dados/CIA_ABERTA/DOC/DFP/DADOS/dfp_cia_aberta_2026.zip
2026-04-19 14:20:42 | ERROR    | src.ingestion.cvm_downloader — [AZZA3] DFP 2026: [DFP 2026] Não encontrado na CVM (404): https://dados.cvm.gov.br/dados/CIA_ABERTA/DOC/DFP/DADOS/dfp_cia_aberta_2026.zip
2026-04-19 14:20:42 | INFO     | src.ingestion.cvm_downloader — [AZZA3] ITR: todos os anos já disponíveis
2026-04-19 14:20:42 | SUCCESS  | src.ingestion.cvm_downloader — [AZZA3] Ingestão CVM concluída — CVM code: 022349
2026-04-19 14:20:42 | INFO     | __main__ — [AZZA3] CVM: {'DFP': [], 'ITR': []}
2026-04-19 14:20:42 | INFO     | src.ingestion.b3_scraper — [AZZA3] Download completo desde 2019-01-01
2026-04-19 14:20:43 | SUCCESS  | src.ingestion.b3_scraper — [AZZA3] 1815 dias salvos em AZZA3.parquet
2026-04-19 14:20:43 | INFO     | __main__ — [AZZA3] preços: 1815 dias (2019-01-02 → 2026-04-17)
2026-04-19 14:20:44 | INFO     | __main__ — [NTCO3] iniciando ingestão...
2026-04-19 14:20:44 | INFO     | src.ingestion.cvm_downloader — [NTCO3] DFP: baixando 1 ano(s): [2026]
2026-04-19 14:20:44 | INFO     | src.ingestion.cvm_downloader — [DFP 2026] Baixando: https://dados.cvm.gov.br/dados/CIA_ABERTA/DOC/DFP/DADOS/dfp_cia_aberta_2026.zip
2026-04-19 14:20:44 | ERROR    | src.ingestion.cvm_downloader — [NTCO3] DFP 2026: [DFP 2026] Não encontrado na CVM (404): https://dados.cvm.gov.br/dados/CIA_ABERTA/DOC/DFP/DADOS/dfp_cia_aberta_2026.zip
2026-04-19 14:20:44 | INFO     | src.ingestion.cvm_downloader — [NTCO3] ITR: todos os anos já disponíveis
2026-04-19 14:20:44 | SUCCESS  | src.ingestion.cvm_downloader — [NTCO3] Ingestão CVM concluída — CVM code: 019550
2026-04-19 14:20:44 | INFO     | __main__ — [NTCO3] CVM: {'DFP': [], 'ITR': []}
2026-04-19 14:20:44 | INFO     | src.ingestion.b3_scraper — [NTCO3] Download completo desde 2019-01-01
2026-04-19 14:20:47 | WARNING  | src.ingestion.b3_scraper — [NTCO3] Nenhum dado novo retornado pelo yfinance
2026-04-19 14:20:47 | INFO     | __main__ — [CRFB3] iniciando ingestão...
2026-04-19 14:20:47 | INFO     | src.ingestion.cvm_downloader — [CRFB3] DFP: baixando 1 ano(s): [2026]
2026-04-19 14:20:47 | INFO     | src.ingestion.cvm_downloader — [DFP 2026] Baixando: https://dados.cvm.gov.br/dados/CIA_ABERTA/DOC/DFP/DADOS/dfp_cia_aberta_2026.zip
2026-04-19 14:20:47 | ERROR    | src.ingestion.cvm_downloader — [CRFB3] DFP 2026: [DFP 2026] Não encontrado na CVM (404): https://dados.cvm.gov.br/dados/CIA_ABERTA/DOC/DFP/DADOS/dfp_cia_aberta_2026.zip
2026-04-19 14:20:47 | INFO     | src.ingestion.cvm_downloader — [CRFB3] ITR: todos os anos já disponíveis
2026-04-19 14:20:47 | SUCCESS  | src.ingestion.cvm_downloader — [CRFB3] Ingestão CVM concluída — CVM code: 023400
2026-04-19 14:20:47 | INFO     | __main__ — [CRFB3] CVM: {'DFP': [], 'ITR': []}
2026-04-19 14:20:47 | INFO     | src.ingestion.b3_scraper — [CRFB3] Download completo desde 2019-01-01
2026-04-19 14:20:49 | WARNING  | src.ingestion.b3_scraper — [CRFB3] Nenhum dado novo retornado pelo yfinance
2026-04-19 14:20:50 | INFO     | __main__ — [PCAR3] iniciando ingestão...
2026-04-19 14:20:50 | INFO     | src.ingestion.cvm_downloader — [PCAR3] DFP: baixando 1 ano(s): [2026]
2026-04-19 14:20:50 | INFO     | src.ingestion.cvm_downloader — [DFP 2026] Baixando: https://dados.cvm.gov.br/dados/CIA_ABERTA/DOC/DFP/DADOS/dfp_cia_aberta_2026.zip
2026-04-19 14:20:50 | ERROR    | src.ingestion.cvm_downloader — [PCAR3] DFP 2026: [DFP 2026] Não encontrado na CVM (404): https://dados.cvm.gov.br/dados/CIA_ABERTA/DOC/DFP/DADOS/dfp_cia_aberta_2026.zip
2026-04-19 14:20:50 | INFO     | src.ingestion.cvm_downloader — [PCAR3] ITR: todos os anos já disponíveis
2026-04-19 14:20:50 | SUCCESS  | src.ingestion.cvm_downloader — [PCAR3] Ingestão CVM concluída — CVM code: 006971
2026-04-19 14:20:50 | INFO     | __main__ — [PCAR3] CVM: {'DFP': [], 'ITR': []}
2026-04-19 14:20:50 | INFO     | src.ingestion.b3_scraper — [PCAR3] Download completo desde 2019-01-01
2026-04-19 14:20:52 | SUCCESS  | src.ingestion.b3_scraper — [PCAR3] 1815 dias salvos em PCAR3.parquet
2026-04-19 14:20:52 | INFO     | __main__ — [PCAR3] preços: 1815 dias (2019-01-02 → 2026-04-17)
2026-04-19 14:20:52 | INFO     | __main__ — [PETZ3] iniciando ingestão...
2026-04-19 14:20:52 | INFO     | src.ingestion.cvm_downloader — [PETZ3] DFP: baixando 1 ano(s): [2026]
2026-04-19 14:20:52 | INFO     | src.ingestion.cvm_downloader — [DFP 2026] Baixando: https://dados.cvm.gov.br/dados/CIA_ABERTA/DOC/DFP/DADOS/dfp_cia_aberta_2026.zip
2026-04-19 14:20:52 | ERROR    | src.ingestion.cvm_downloader — [PETZ3] DFP 2026: [DFP 2026] Não encontrado na CVM (404): https://dados.cvm.gov.br/dados/CIA_ABERTA/DOC/DFP/DADOS/dfp_cia_aberta_2026.zip
2026-04-19 14:20:52 | INFO     | src.ingestion.cvm_downloader — [PETZ3] ITR: todos os anos já disponíveis
2026-04-19 14:20:52 | SUCCESS  | src.ingestion.cvm_downloader — [PETZ3] Ingestão CVM concluída — CVM code: 025551
2026-04-19 14:20:52 | INFO     | __main__ — [PETZ3] CVM: {'DFP': [], 'ITR': []}
2026-04-19 14:20:52 | INFO     | src.ingestion.b3_scraper — [PETZ3] Download completo desde 2019-01-01
2026-04-19 14:20:55 | WARNING  | src.ingestion.b3_scraper — [PETZ3] Nenhum dado novo retornado pelo yfinance
2026-04-19 14:20:55 | INFO     | __main__ — [VIVA3] iniciando ingestão...
2026-04-19 14:20:55 | INFO     | src.ingestion.cvm_downloader — [VIVA3] DFP: baixando 1 ano(s): [2026]
2026-04-19 14:20:55 | INFO     | src.ingestion.cvm_downloader — [DFP 2026] Baixando: https://dados.cvm.gov.br/dados/CIA_ABERTA/DOC/DFP/DADOS/dfp_cia_aberta_2026.zip
2026-04-19 14:20:56 | ERROR    | src.ingestion.cvm_downloader — [VIVA3] DFP 2026: [DFP 2026] Não encontrado na CVM (404): https://dados.cvm.gov.br/dados/CIA_ABERTA/DOC/DFP/DADOS/dfp_cia_aberta_2026.zip
2026-04-19 14:20:56 | INFO     | src.ingestion.cvm_downloader — [VIVA3] ITR: todos os anos já disponíveis
2026-04-19 14:20:56 | SUCCESS  | src.ingestion.cvm_downloader — [VIVA3] Ingestão CVM concluída — CVM code: 024805
2026-04-19 14:20:56 | INFO     | __main__ — [VIVA3] CVM: {'DFP': [], 'ITR': []}
2026-04-19 14:20:56 | INFO     | src.ingestion.b3_scraper — [VIVA3] Download completo desde 2019-01-01
2026-04-19 14:20:58 | SUCCESS  | src.ingestion.b3_scraper — [VIVA3] 1620 dias salvos em VIVA3.parquet
2026-04-19 14:20:58 | INFO     | __main__ — [VIVA3] preços: 1620 dias (2019-10-11 → 2026-04-17)
2026-04-19 14:20:59 | INFO     | __main__ — [AMOB3] iniciando ingestão...
2026-04-19 14:20:59 | INFO     | src.ingestion.cvm_downloader — [AMOB3] DFP: baixando 1 ano(s): [2026]
2026-04-19 14:20:59 | INFO     | src.ingestion.cvm_downloader — [DFP 2026] Baixando: https://dados.cvm.gov.br/dados/CIA_ABERTA/DOC/DFP/DADOS/dfp_cia_aberta_2026.zip
2026-04-19 14:21:00 | ERROR    | src.ingestion.cvm_downloader — [AMOB3] DFP 2026: [DFP 2026] Não encontrado na CVM (404): https://dados.cvm.gov.br/dados/CIA_ABERTA/DOC/DFP/DADOS/dfp_cia_aberta_2026.zip
2026-04-19 14:21:00 | INFO     | src.ingestion.cvm_downloader — [AMOB3] ITR: todos os anos já disponíveis
2026-04-19 14:21:00 | SUCCESS  | src.ingestion.cvm_downloader — [AMOB3] Ingestão CVM concluída — CVM code: 027707
2026-04-19 14:21:00 | INFO     | __main__ — [AMOB3] CVM: {'DFP': [], 'ITR': []}
2026-04-19 14:21:00 | INFO     | src.ingestion.b3_scraper — [AMOB3] Download completo desde 2019-01-01
2026-04-19 14:21:02 | SUCCESS  | src.ingestion.b3_scraper — [AMOB3] 332 dias salvos em AMOB3.parquet
2026-04-19 14:21:02 | INFO     | __main__ — [AMOB3] preços: 332 dias (2024-12-16 → 2026-04-17)
2026-04-19 14:21:03 | INFO     | __main__ — [RDOR3] iniciando ingestão...
2026-04-19 14:21:03 | INFO     | src.ingestion.cvm_downloader — [RDOR3] DFP: baixando 1 ano(s): [2026]
2026-04-19 14:21:03 | INFO     | src.ingestion.cvm_downloader — [DFP 2026] Baixando: https://dados.cvm.gov.br/dados/CIA_ABERTA/DOC/DFP/DADOS/dfp_cia_aberta_2026.zip
2026-04-19 14:21:04 | ERROR    | src.ingestion.cvm_downloader — [RDOR3] DFP 2026: [DFP 2026] Não encontrado na CVM (404): https://dados.cvm.gov.br/dados/CIA_ABERTA/DOC/DFP/DADOS/dfp_cia_aberta_2026.zip
2026-04-19 14:21:04 | INFO     | src.ingestion.cvm_downloader — [RDOR3] ITR: todos os anos já disponíveis
2026-04-19 14:21:04 | SUCCESS  | src.ingestion.cvm_downloader — [RDOR3] Ingestão CVM concluída — CVM code: 021660
2026-04-19 14:21:04 | INFO     | __main__ — [RDOR3] CVM: {'DFP': [], 'ITR': []}
2026-04-19 14:21:04 | INFO     | src.ingestion.b3_scraper — [RDOR3] Download completo desde 2019-01-01
2026-04-19 14:21:05 | SUCCESS  | src.ingestion.b3_scraper — [RDOR3] 1329 dias salvos em RDOR3.parquet
2026-04-19 14:21:05 | INFO     | __main__ — [RDOR3] preços: 1329 dias (2020-12-15 → 2026-04-17)
2026-04-19 14:21:06 | INFO     | __main__ — [HAPV3] iniciando ingestão...
2026-04-19 14:21:06 | INFO     | src.ingestion.cvm_downloader — [HAPV3] DFP: baixando 1 ano(s): [2026]
2026-04-19 14:21:06 | INFO     | src.ingestion.cvm_downloader — [DFP 2026] Baixando: https://dados.cvm.gov.br/dados/CIA_ABERTA/DOC/DFP/DADOS/dfp_cia_aberta_2026.zip
2026-04-19 14:21:06 | ERROR    | src.ingestion.cvm_downloader — [HAPV3] DFP 2026: [DFP 2026] Não encontrado na CVM (404): https://dados.cvm.gov.br/dados/CIA_ABERTA/DOC/DFP/DADOS/dfp_cia_aberta_2026.zip
2026-04-19 14:21:06 | INFO     | src.ingestion.cvm_downloader — [HAPV3] ITR: todos os anos já disponíveis
2026-04-19 14:21:06 | SUCCESS  | src.ingestion.cvm_downloader — [HAPV3] Ingestão CVM concluída — CVM code: 024392
2026-04-19 14:21:06 | INFO     | __main__ — [HAPV3] CVM: {'DFP': [], 'ITR': []}
2026-04-19 14:21:06 | INFO     | src.ingestion.b3_scraper — [HAPV3] Download completo desde 2019-01-01
2026-04-19 14:21:07 | SUCCESS  | src.ingestion.b3_scraper — [HAPV3] 1815 dias salvos em HAPV3.parquet
2026-04-19 14:21:07 | INFO     | __main__ — [HAPV3] preços: 1815 dias (2019-01-02 → 2026-04-17)
2026-04-19 14:21:08 | INFO     | __main__ — [FLRY3] iniciando ingestão...
2026-04-19 14:21:08 | INFO     | src.ingestion.cvm_downloader — [FLRY3] DFP: baixando 1 ano(s): [2026]
2026-04-19 14:21:08 | INFO     | src.ingestion.cvm_downloader — [DFP 2026] Baixando: https://dados.cvm.gov.br/dados/CIA_ABERTA/DOC/DFP/DADOS/dfp_cia_aberta_2026.zip
2026-04-19 14:21:08 | ERROR    | src.ingestion.cvm_downloader — [FLRY3] DFP 2026: [DFP 2026] Não encontrado na CVM (404): https://dados.cvm.gov.br/dados/CIA_ABERTA/DOC/DFP/DADOS/dfp_cia_aberta_2026.zip
2026-04-19 14:21:08 | INFO     | src.ingestion.cvm_downloader — [FLRY3] ITR: todos os anos já disponíveis
2026-04-19 14:21:08 | SUCCESS  | src.ingestion.cvm_downloader — [FLRY3] Ingestão CVM concluída — CVM code: 021881
2026-04-19 14:21:08 | INFO     | __main__ — [FLRY3] CVM: {'DFP': [], 'ITR': []}
2026-04-19 14:21:08 | INFO     | src.ingestion.b3_scraper — [FLRY3] Download completo desde 2019-01-01
2026-04-19 14:21:09 | SUCCESS  | src.ingestion.b3_scraper — [FLRY3] 1815 dias salvos em FLRY3.parquet
2026-04-19 14:21:09 | INFO     | __main__ — [FLRY3] preços: 1815 dias (2019-01-02 → 2026-04-17)
2026-04-19 14:21:10 | INFO     | __main__ — [HYPE3] iniciando ingestão...
2026-04-19 14:21:10 | INFO     | src.ingestion.cvm_downloader — [HYPE3] DFP: baixando 1 ano(s): [2026]
2026-04-19 14:21:10 | INFO     | src.ingestion.cvm_downloader — [DFP 2026] Baixando: https://dados.cvm.gov.br/dados/CIA_ABERTA/DOC/DFP/DADOS/dfp_cia_aberta_2026.zip
2026-04-19 14:21:10 | ERROR    | src.ingestion.cvm_downloader — [HYPE3] DFP 2026: [DFP 2026] Não encontrado na CVM (404): https://dados.cvm.gov.br/dados/CIA_ABERTA/DOC/DFP/DADOS/dfp_cia_aberta_2026.zip
2026-04-19 14:21:10 | INFO     | src.ingestion.cvm_downloader — [HYPE3] ITR: todos os anos já disponíveis
2026-04-19 14:21:10 | SUCCESS  | src.ingestion.cvm_downloader — [HYPE3] Ingestão CVM concluída — CVM code: 021431
2026-04-19 14:21:10 | INFO     | __main__ — [HYPE3] CVM: {'DFP': [], 'ITR': []}
2026-04-19 14:21:10 | INFO     | src.ingestion.b3_scraper — [HYPE3] Download completo desde 2019-01-01
2026-04-19 14:21:11 | SUCCESS  | src.ingestion.b3_scraper — [HYPE3] 1815 dias salvos em HYPE3.parquet
2026-04-19 14:21:11 | INFO     | __main__ — [HYPE3] preços: 1815 dias (2019-01-02 → 2026-04-17)
2026-04-19 14:21:12 | INFO     | __main__ — [RADL3] iniciando ingestão...
2026-04-19 14:21:12 | INFO     | src.ingestion.cvm_downloader — [RADL3] DFP: baixando 1 ano(s): [2026]
2026-04-19 14:21:12 | INFO     | src.ingestion.cvm_downloader — [DFP 2026] Baixando: https://dados.cvm.gov.br/dados/CIA_ABERTA/DOC/DFP/DADOS/dfp_cia_aberta_2026.zip
2026-04-19 14:21:12 | ERROR    | src.ingestion.cvm_downloader — [RADL3] DFP 2026: [DFP 2026] Não encontrado na CVM (404): https://dados.cvm.gov.br/dados/CIA_ABERTA/DOC/DFP/DADOS/dfp_cia_aberta_2026.zip
2026-04-19 14:21:12 | INFO     | src.ingestion.cvm_downloader — [RADL3] ITR: todos os anos já disponíveis
2026-04-19 14:21:12 | SUCCESS  | src.ingestion.cvm_downloader — [RADL3] Ingestão CVM concluída — CVM code: 005258
2026-04-19 14:21:12 | INFO     | __main__ — [RADL3] CVM: {'DFP': [], 'ITR': []}
2026-04-19 14:21:12 | INFO     | src.ingestion.b3_scraper — [RADL3] Download completo desde 2019-01-01
2026-04-19 14:21:14 | SUCCESS  | src.ingestion.b3_scraper — [RADL3] 1815 dias salvos em RADL3.parquet
2026-04-19 14:21:14 | INFO     | __main__ — [RADL3] preços: 1815 dias (2019-01-02 → 2026-04-17)
2026-04-19 14:21:15 | INFO     | __main__ — [MULT3] iniciando ingestão...
2026-04-19 14:21:15 | INFO     | src.ingestion.cvm_downloader — [MULT3] DFP: baixando 1 ano(s): [2026]
2026-04-19 14:21:15 | INFO     | src.ingestion.cvm_downloader — [DFP 2026] Baixando: https://dados.cvm.gov.br/dados/CIA_ABERTA/DOC/DFP/DADOS/dfp_cia_aberta_2026.zip
2026-04-19 14:21:15 | ERROR    | src.ingestion.cvm_downloader — [MULT3] DFP 2026: [DFP 2026] Não encontrado na CVM (404): https://dados.cvm.gov.br/dados/CIA_ABERTA/DOC/DFP/DADOS/dfp_cia_aberta_2026.zip
2026-04-19 14:21:15 | INFO     | src.ingestion.cvm_downloader — [MULT3] ITR: todos os anos já disponíveis
2026-04-19 14:21:15 | SUCCESS  | src.ingestion.cvm_downloader — [MULT3] Ingestão CVM concluída — CVM code: 020982
2026-04-19 14:21:15 | INFO     | __main__ — [MULT3] CVM: {'DFP': [], 'ITR': []}
2026-04-19 14:21:15 | INFO     | src.ingestion.b3_scraper — [MULT3] Download completo desde 2019-01-01
2026-04-19 14:21:17 | SUCCESS  | src.ingestion.b3_scraper — [MULT3] 1815 dias salvos em MULT3.parquet
2026-04-19 14:21:17 | INFO     | __main__ — [MULT3] preços: 1815 dias (2019-01-02 → 2026-04-17)
2026-04-19 14:21:17 | INFO     | __main__ — [CYRE3] iniciando ingestão...
2026-04-19 14:21:17 | INFO     | src.ingestion.cvm_downloader — [CYRE3] DFP: baixando 1 ano(s): [2026]
2026-04-19 14:21:17 | INFO     | src.ingestion.cvm_downloader — [DFP 2026] Baixando: https://dados.cvm.gov.br/dados/CIA_ABERTA/DOC/DFP/DADOS/dfp_cia_aberta_2026.zip
2026-04-19 14:21:17 | ERROR    | src.ingestion.cvm_downloader — [CYRE3] DFP 2026: [DFP 2026] Não encontrado na CVM (404): https://dados.cvm.gov.br/dados/CIA_ABERTA/DOC/DFP/DADOS/dfp_cia_aberta_2026.zip
2026-04-19 14:21:17 | INFO     | src.ingestion.cvm_downloader — [CYRE3] ITR: todos os anos já disponíveis
2026-04-19 14:21:17 | SUCCESS  | src.ingestion.cvm_downloader — [CYRE3] Ingestão CVM concluída — CVM code: 014460
2026-04-19 14:21:17 | INFO     | __main__ — [CYRE3] CVM: {'DFP': [], 'ITR': []}
2026-04-19 14:21:17 | INFO     | src.ingestion.b3_scraper — [CYRE3] Download completo desde 2019-01-01
2026-04-19 14:21:19 | SUCCESS  | src.ingestion.b3_scraper — [CYRE3] 1815 dias salvos em CYRE3.parquet
2026-04-19 14:21:19 | INFO     | __main__ — [CYRE3] preços: 1815 dias (2019-01-02 → 2026-04-17)
2026-04-19 14:21:19 | INFO     | __main__ — [MRVE3] iniciando ingestão...
2026-04-19 14:21:19 | INFO     | src.ingestion.cvm_downloader — [MRVE3] DFP: baixando 1 ano(s): [2026]
2026-04-19 14:21:19 | INFO     | src.ingestion.cvm_downloader — [DFP 2026] Baixando: https://dados.cvm.gov.br/dados/CIA_ABERTA/DOC/DFP/DADOS/dfp_cia_aberta_2026.zip
2026-04-19 14:21:19 | ERROR    | src.ingestion.cvm_downloader — [MRVE3] DFP 2026: [DFP 2026] Não encontrado na CVM (404): https://dados.cvm.gov.br/dados/CIA_ABERTA/DOC/DFP/DADOS/dfp_cia_aberta_2026.zip
2026-04-19 14:21:19 | INFO     | src.ingestion.cvm_downloader — [MRVE3] ITR: todos os anos já disponíveis
2026-04-19 14:21:19 | SUCCESS  | src.ingestion.cvm_downloader — [MRVE3] Ingestão CVM concluída — CVM code: 020915
2026-04-19 14:21:19 | INFO     | __main__ — [MRVE3] CVM: {'DFP': [], 'ITR': []}
2026-04-19 14:21:19 | INFO     | src.ingestion.b3_scraper — [MRVE3] Download completo desde 2019-01-01
2026-04-19 14:21:21 | SUCCESS  | src.ingestion.b3_scraper — [MRVE3] 1815 dias salvos em MRVE3.parquet
2026-04-19 14:21:21 | INFO     | __main__ — [MRVE3] preços: 1815 dias (2019-01-02 → 2026-04-17)
2026-04-19 14:21:21 | INFO     | __main__ — [IGTI11] iniciando ingestão...
2026-04-19 14:21:21 | INFO     | src.ingestion.cvm_downloader — [IGTI11] DFP: baixando 1 ano(s): [2026]
2026-04-19 14:21:21 | INFO     | src.ingestion.cvm_downloader — [DFP 2026] Baixando: https://dados.cvm.gov.br/dados/CIA_ABERTA/DOC/DFP/DADOS/dfp_cia_aberta_2026.zip
2026-04-19 14:21:22 | ERROR    | src.ingestion.cvm_downloader — [IGTI11] DFP 2026: [DFP 2026] Não encontrado na CVM (404): https://dados.cvm.gov.br/dados/CIA_ABERTA/DOC/DFP/DADOS/dfp_cia_aberta_2026.zip
2026-04-19 14:21:22 | INFO     | src.ingestion.cvm_downloader — [IGTI11] ITR: todos os anos já disponíveis
2026-04-19 14:21:22 | SUCCESS  | src.ingestion.cvm_downloader — [IGTI11] Ingestão CVM concluída — CVM code: 020494
2026-04-19 14:21:22 | INFO     | __main__ — [IGTI11] CVM: {'DFP': [], 'ITR': []}
2026-04-19 14:21:22 | INFO     | src.ingestion.b3_scraper — [IGTI11] Download completo desde 2019-01-01
2026-04-19 14:21:23 | SUCCESS  | src.ingestion.b3_scraper — [IGTI11] 1100 dias salvos em IGTI11.parquet
2026-04-19 14:21:23 | INFO     | __main__ — [IGTI11] preços: 1100 dias (2021-11-22 → 2026-04-17)
2026-04-19 14:21:23 | INFO     | __main__ — [ALOS3] iniciando ingestão...
2026-04-19 14:21:23 | INFO     | src.ingestion.cvm_downloader — [ALOS3] DFP: baixando 1 ano(s): [2026]
2026-04-19 14:21:23 | INFO     | src.ingestion.cvm_downloader — [DFP 2026] Baixando: https://dados.cvm.gov.br/dados/CIA_ABERTA/DOC/DFP/DADOS/dfp_cia_aberta_2026.zip
2026-04-19 14:21:23 | ERROR    | src.ingestion.cvm_downloader — [ALOS3] DFP 2026: [DFP 2026] Não encontrado na CVM (404): https://dados.cvm.gov.br/dados/CIA_ABERTA/DOC/DFP/DADOS/dfp_cia_aberta_2026.zip
2026-04-19 14:21:23 | INFO     | src.ingestion.cvm_downloader — [ALOS3] ITR: todos os anos já disponíveis
2026-04-19 14:21:23 | SUCCESS  | src.ingestion.cvm_downloader — [ALOS3] Ingestão CVM concluída — CVM code: 022357
2026-04-19 14:21:23 | INFO     | __main__ — [ALOS3] CVM: {'DFP': [], 'ITR': []}
2026-04-19 14:21:23 | INFO     | src.ingestion.b3_scraper — [ALOS3] Download completo desde 2019-01-01
2026-04-19 14:21:25 | SUCCESS  | src.ingestion.b3_scraper — [ALOS3] 1667 dias salvos em ALOS3.parquet
2026-04-19 14:21:25 | INFO     | __main__ — [ALOS3] preços: 1667 dias (2019-08-05 → 2026-04-17)
2026-04-19 14:21:25 | INFO     | __main__ — [RENT3] iniciando ingestão...
2026-04-19 14:21:25 | INFO     | src.ingestion.cvm_downloader — [RENT3] DFP: baixando 1 ano(s): [2026]
2026-04-19 14:21:25 | INFO     | src.ingestion.cvm_downloader — [DFP 2026] Baixando: https://dados.cvm.gov.br/dados/CIA_ABERTA/DOC/DFP/DADOS/dfp_cia_aberta_2026.zip
2026-04-19 14:21:28 | ERROR    | src.ingestion.cvm_downloader — [RENT3] DFP 2026: [DFP 2026] Não encontrado na CVM (404): https://dados.cvm.gov.br/dados/CIA_ABERTA/DOC/DFP/DADOS/dfp_cia_aberta_2026.zip
2026-04-19 14:21:28 | INFO     | src.ingestion.cvm_downloader — [RENT3] ITR: todos os anos já disponíveis
2026-04-19 14:21:28 | SUCCESS  | src.ingestion.cvm_downloader — [RENT3] Ingestão CVM concluída — CVM code: 019739
2026-04-19 14:21:28 | INFO     | __main__ — [RENT3] CVM: {'DFP': [], 'ITR': []}
2026-04-19 14:21:28 | INFO     | src.ingestion.b3_scraper — [RENT3] Download completo desde 2019-01-01
2026-04-19 14:21:31 | SUCCESS  | src.ingestion.b3_scraper — [RENT3] 1815 dias salvos em RENT3.parquet
2026-04-19 14:21:31 | INFO     | __main__ — [RENT3] preços: 1815 dias (2019-01-02 → 2026-04-17)
2026-04-19 14:21:31 | INFO     | __main__ — [VAMO3] iniciando ingestão...
2026-04-19 14:21:31 | INFO     | src.ingestion.cvm_downloader — [VAMO3] DFP: baixando 1 ano(s): [2026]
2026-04-19 14:21:31 | INFO     | src.ingestion.cvm_downloader — [DFP 2026] Baixando: https://dados.cvm.gov.br/dados/CIA_ABERTA/DOC/DFP/DADOS/dfp_cia_aberta_2026.zip
2026-04-19 14:21:32 | ERROR    | src.ingestion.cvm_downloader — [VAMO3] DFP 2026: [DFP 2026] Não encontrado na CVM (404): https://dados.cvm.gov.br/dados/CIA_ABERTA/DOC/DFP/DADOS/dfp_cia_aberta_2026.zip
2026-04-19 14:21:32 | INFO     | src.ingestion.cvm_downloader — [VAMO3] ITR: todos os anos já disponíveis
2026-04-19 14:21:32 | SUCCESS  | src.ingestion.cvm_downloader — [VAMO3] Ingestão CVM concluída — CVM code: 026476
2026-04-19 14:21:32 | INFO     | __main__ — [VAMO3] CVM: {'DFP': [], 'ITR': []}
2026-04-19 14:21:32 | INFO     | src.ingestion.b3_scraper — [VAMO3] Download completo desde 2019-01-01
2026-04-19 14:21:34 | SUCCESS  | src.ingestion.b3_scraper — [VAMO3] 1299 dias salvos em VAMO3.parquet
2026-04-19 14:21:34 | INFO     | __main__ — [VAMO3] preços: 1299 dias (2021-02-02 → 2026-04-17)
2026-04-19 14:21:34 | INFO     | __main__ — [TOTS3] iniciando ingestão...
2026-04-19 14:21:34 | INFO     | src.ingestion.cvm_downloader — [TOTS3] DFP: baixando 1 ano(s): [2026]
2026-04-19 14:21:34 | INFO     | src.ingestion.cvm_downloader — [DFP 2026] Baixando: https://dados.cvm.gov.br/dados/CIA_ABERTA/DOC/DFP/DADOS/dfp_cia_aberta_2026.zip
2026-04-19 14:21:37 | ERROR    | src.ingestion.cvm_downloader — [TOTS3] DFP 2026: [DFP 2026] Não encontrado na CVM (404): https://dados.cvm.gov.br/dados/CIA_ABERTA/DOC/DFP/DADOS/dfp_cia_aberta_2026.zip
2026-04-19 14:21:37 | INFO     | src.ingestion.cvm_downloader — [TOTS3] ITR: todos os anos já disponíveis
2026-04-19 14:21:37 | SUCCESS  | src.ingestion.cvm_downloader — [TOTS3] Ingestão CVM concluída — CVM code: 019992
2026-04-19 14:21:37 | INFO     | __main__ — [TOTS3] CVM: {'DFP': [], 'ITR': []}
2026-04-19 14:21:37 | INFO     | src.ingestion.b3_scraper — [TOTS3] Download completo desde 2019-01-01
2026-04-19 14:21:39 | SUCCESS  | src.ingestion.b3_scraper — [TOTS3] 1815 dias salvos em TOTS3.parquet
2026-04-19 14:21:39 | INFO     | __main__ — [TOTS3] preços: 1815 dias (2019-01-02 → 2026-04-17)
2026-04-19 14:21:39 | INFO     | __main__ — [LWSA3] iniciando ingestão...
2026-04-19 14:21:39 | INFO     | src.ingestion.cvm_downloader — [LWSA3] DFP: baixando 1 ano(s): [2026]
2026-04-19 14:21:39 | INFO     | src.ingestion.cvm_downloader — [DFP 2026] Baixando: https://dados.cvm.gov.br/dados/CIA_ABERTA/DOC/DFP/DADOS/dfp_cia_aberta_2026.zip
2026-04-19 14:21:40 | ERROR    | src.ingestion.cvm_downloader — [LWSA3] DFP 2026: [DFP 2026] Não encontrado na CVM (404): https://dados.cvm.gov.br/dados/CIA_ABERTA/DOC/DFP/DADOS/dfp_cia_aberta_2026.zip
2026-04-19 14:21:40 | INFO     | src.ingestion.cvm_downloader — [LWSA3] ITR: todos os anos já disponíveis
2026-04-19 14:21:40 | SUCCESS  | src.ingestion.cvm_downloader — [LWSA3] Ingestão CVM concluída — CVM code: 024910
2026-04-19 14:21:40 | INFO     | __main__ — [LWSA3] CVM: {'DFP': [], 'ITR': []}
2026-04-19 14:21:40 | INFO     | src.ingestion.b3_scraper — [LWSA3] Download completo desde 2019-01-01
2026-04-19 14:21:41 | SUCCESS  | src.ingestion.b3_scraper — [LWSA3] 1542 dias salvos em LWSA3.parquet
2026-04-19 14:21:41 | INFO     | __main__ — [LWSA3] preços: 1542 dias (2020-02-06 → 2026-04-17)
2026-04-19 14:21:41 | INFO     | __main__ — [COGN3] iniciando ingestão...
2026-04-19 14:21:41 | INFO     | src.ingestion.cvm_downloader — [COGN3] DFP: baixando 1 ano(s): [2026]
2026-04-19 14:21:41 | INFO     | src.ingestion.cvm_downloader — [DFP 2026] Baixando: https://dados.cvm.gov.br/dados/CIA_ABERTA/DOC/DFP/DADOS/dfp_cia_aberta_2026.zip
2026-04-19 14:21:42 | ERROR    | src.ingestion.cvm_downloader — [COGN3] DFP 2026: [DFP 2026] Não encontrado na CVM (404): https://dados.cvm.gov.br/dados/CIA_ABERTA/DOC/DFP/DADOS/dfp_cia_aberta_2026.zip
2026-04-19 14:21:42 | INFO     | src.ingestion.cvm_downloader — [COGN3] ITR: todos os anos já disponíveis
2026-04-19 14:21:42 | SUCCESS  | src.ingestion.cvm_downloader — [COGN3] Ingestão CVM concluída — CVM code: 017973
2026-04-19 14:21:42 | INFO     | __main__ — [COGN3] CVM: {'DFP': [], 'ITR': []}
2026-04-19 14:21:42 | INFO     | src.ingestion.b3_scraper — [COGN3] Download completo desde 2019-01-01
2026-04-19 14:21:43 | SUCCESS  | src.ingestion.b3_scraper — [COGN3] 1815 dias salvos em COGN3.parquet
2026-04-19 14:21:43 | INFO     | __main__ — [COGN3] preços: 1815 dias (2019-01-02 → 2026-04-17)
2026-04-19 14:21:44 | INFO     | __main__ — [YDUQ3] iniciando ingestão...
2026-04-19 14:21:44 | INFO     | src.ingestion.cvm_downloader — [YDUQ3] DFP: baixando 1 ano(s): [2026]
2026-04-19 14:21:44 | INFO     | src.ingestion.cvm_downloader — [DFP 2026] Baixando: https://dados.cvm.gov.br/dados/CIA_ABERTA/DOC/DFP/DADOS/dfp_cia_aberta_2026.zip
2026-04-19 14:21:44 | ERROR    | src.ingestion.cvm_downloader — [YDUQ3] DFP 2026: [DFP 2026] Não encontrado na CVM (404): https://dados.cvm.gov.br/dados/CIA_ABERTA/DOC/DFP/DADOS/dfp_cia_aberta_2026.zip
2026-04-19 14:21:44 | INFO     | src.ingestion.cvm_downloader — [YDUQ3] ITR: todos os anos já disponíveis
2026-04-19 14:21:44 | SUCCESS  | src.ingestion.cvm_downloader — [YDUQ3] Ingestão CVM concluída — CVM code: 021016
2026-04-19 14:21:44 | INFO     | __main__ — [YDUQ3] CVM: {'DFP': [], 'ITR': []}
2026-04-19 14:21:44 | INFO     | src.ingestion.b3_scraper — [YDUQ3] Download completo desde 2019-01-01
2026-04-19 14:21:45 | SUCCESS  | src.ingestion.b3_scraper — [YDUQ3] 1815 dias salvos em YDUQ3.parquet
2026-04-19 14:21:45 | INFO     | __main__ — [YDUQ3] preços: 1815 dias (2019-01-02 → 2026-04-17)
2026-04-19 14:21:46 | INFO     | __main__ — [AZUL4] iniciando ingestão...
2026-04-19 14:21:46 | INFO     | src.ingestion.cvm_downloader — [AZUL4] DFP: baixando 1 ano(s): [2026]
2026-04-19 14:21:46 | INFO     | src.ingestion.cvm_downloader — [DFP 2026] Baixando: https://dados.cvm.gov.br/dados/CIA_ABERTA/DOC/DFP/DADOS/dfp_cia_aberta_2026.zip
2026-04-19 14:21:46 | ERROR    | src.ingestion.cvm_downloader — [AZUL4] DFP 2026: [DFP 2026] Não encontrado na CVM (404): https://dados.cvm.gov.br/dados/CIA_ABERTA/DOC/DFP/DADOS/dfp_cia_aberta_2026.zip
2026-04-19 14:21:46 | INFO     | src.ingestion.cvm_downloader — [AZUL4] ITR: todos os anos já disponíveis
2026-04-19 14:21:46 | SUCCESS  | src.ingestion.cvm_downloader — [AZUL4] Ingestão CVM concluída — CVM code: 024112
2026-04-19 14:21:46 | INFO     | __main__ — [AZUL4] CVM: {'DFP': [], 'ITR': []}
2026-04-19 14:21:46 | INFO     | src.ingestion.b3_scraper — [AZUL4] Download completo desde 2019-01-01
2026-04-19 14:21:49 | WARNING  | src.ingestion.b3_scraper — [AZUL4] Nenhum dado novo retornado pelo yfinance
2026-04-19 14:21:49 | INFO     | __main__ — [CVCB3] iniciando ingestão...
2026-04-19 14:21:49 | INFO     | src.ingestion.cvm_downloader — [CVCB3] DFP: baixando 1 ano(s): [2026]
2026-04-19 14:21:49 | INFO     | src.ingestion.cvm_downloader — [DFP 2026] Baixando: https://dados.cvm.gov.br/dados/CIA_ABERTA/DOC/DFP/DADOS/dfp_cia_aberta_2026.zip
2026-04-19 14:21:49 | ERROR    | src.ingestion.cvm_downloader — [CVCB3] DFP 2026: [DFP 2026] Não encontrado na CVM (404): https://dados.cvm.gov.br/dados/CIA_ABERTA/DOC/DFP/DADOS/dfp_cia_aberta_2026.zip
2026-04-19 14:21:49 | INFO     | src.ingestion.cvm_downloader — [CVCB3] ITR: todos os anos já disponíveis
2026-04-19 14:21:49 | SUCCESS  | src.ingestion.cvm_downloader — [CVCB3] Ingestão CVM concluída — CVM code: 016292
2026-04-19 14:21:49 | INFO     | __main__ — [CVCB3] CVM: {'DFP': [], 'ITR': []}
2026-04-19 14:21:49 | INFO     | src.ingestion.b3_scraper — [CVCB3] Download completo desde 2019-01-01
2026-04-19 14:21:51 | SUCCESS  | src.ingestion.b3_scraper — [CVCB3] 1815 dias salvos em CVCB3.parquet
2026-04-19 14:21:51 | INFO     | __main__ — [CVCB3] preços: 1815 dias (2019-01-02 → 2026-04-17)
2026-04-19 14:21:51 | INFO     | src.processing.pipeline — [BBAS3] processando 8 anos (banco=True, CVM=001023)
2026-04-19 14:21:51 | INFO     | src.processing.pipeline — [BBAS3] 2019: OK
2026-04-19 14:21:51 | INFO     | src.processing.pipeline — [BBAS3] 2020: OK
2026-04-19 14:21:51 | INFO     | src.processing.pipeline — [BBAS3] 2021: OK
2026-04-19 14:21:51 | INFO     | src.processing.pipeline — [BBAS3] 2022: OK
2026-04-19 14:21:51 | INFO     | src.processing.pipeline — [BBAS3] 2023: OK
2026-04-19 14:21:51 | INFO     | src.processing.pipeline — [BBAS3] 2024: OK
2026-04-19 14:21:51 | INFO     | src.processing.pipeline — [BBAS3] 2025: OK
2026-04-19 14:21:51 | INFO     | src.processing.pipeline — [BBAS3] 2026: FALHA — CSVs não encontrados em /Users/diegocarvalho/Library/CloudStorage/OneDrive-EPEJUD/DIEGO/OBSIDIAN/Analista de Investimentos/12_PYTHON/data/raw/cvm/DFP/2026 — execute 'ingest' primeiro
2026-04-19 14:21:51 | INFO     | src.processing.pipeline — [BBAS3] concluído — ok=0 pulados=7 falhas=1
2026-04-19 14:21:51 | INFO     | __main__ — Processamento concluído — ok=0 falhas=1
2026-04-19 14:21:52 | INFO     | src.processing.pipeline — [ITUB4] processando 8 anos (banco=True, CVM=019348)
2026-04-19 14:21:52 | INFO     | src.processing.pipeline — [ITUB4] 2019: OK
2026-04-19 14:21:52 | INFO     | src.processing.pipeline — [ITUB4] 2020: OK
2026-04-19 14:21:52 | INFO     | src.processing.pipeline — [ITUB4] 2021: OK
2026-04-19 14:21:52 | INFO     | src.processing.pipeline — [ITUB4] 2022: OK
2026-04-19 14:21:52 | INFO     | src.processing.pipeline — [ITUB4] 2023: OK
2026-04-19 14:21:52 | INFO     | src.processing.pipeline — [ITUB4] 2024: OK
2026-04-19 14:21:52 | INFO     | src.processing.pipeline — [ITUB4] 2025: OK
2026-04-19 14:21:52 | INFO     | src.processing.pipeline — [ITUB4] 2026: FALHA — CSVs não encontrados em /Users/diegocarvalho/Library/CloudStorage/OneDrive-EPEJUD/DIEGO/OBSIDIAN/Analista de Investimentos/12_PYTHON/data/raw/cvm/DFP/2026 — execute 'ingest' primeiro
2026-04-19 14:21:52 | INFO     | src.processing.pipeline — [ITUB4] concluído — ok=0 pulados=7 falhas=1
2026-04-19 14:21:52 | INFO     | __main__ — Processamento concluído — ok=0 falhas=1
2026-04-19 14:21:52 | INFO     | src.processing.pipeline — [BBDC4] processando 8 anos (banco=True, CVM=000906)
2026-04-19 14:21:52 | INFO     | src.processing.pipeline — [BBDC4] 2019: OK
2026-04-19 14:21:52 | INFO     | src.processing.pipeline — [BBDC4] 2020: OK
2026-04-19 14:21:52 | INFO     | src.processing.pipeline — [BBDC4] 2021: OK
2026-04-19 14:21:52 | INFO     | src.processing.pipeline — [BBDC4] 2022: OK
2026-04-19 14:21:52 | INFO     | src.processing.pipeline — [BBDC4] 2023: OK
2026-04-19 14:21:52 | INFO     | src.processing.pipeline — [BBDC4] 2024: OK
2026-04-19 14:21:52 | INFO     | src.processing.pipeline — [BBDC4] 2025: OK
2026-04-19 14:21:52 | INFO     | src.processing.pipeline — [BBDC4] 2026: FALHA — CSVs não encontrados em /Users/diegocarvalho/Library/CloudStorage/OneDrive-EPEJUD/DIEGO/OBSIDIAN/Analista de Investimentos/12_PYTHON/data/raw/cvm/DFP/2026 — execute 'ingest' primeiro
2026-04-19 14:21:52 | INFO     | src.processing.pipeline — [BBDC4] concluído — ok=0 pulados=7 falhas=1
2026-04-19 14:21:52 | INFO     | __main__ — Processamento concluído — ok=0 falhas=1
2026-04-19 14:21:53 | INFO     | src.processing.pipeline — [SANB11] processando 8 anos (banco=True, CVM=020532)
2026-04-19 14:21:53 | INFO     | src.processing.pipeline — [SANB11] 2019: OK
2026-04-19 14:21:53 | INFO     | src.processing.pipeline — [SANB11] 2020: OK
2026-04-19 14:21:53 | INFO     | src.processing.pipeline — [SANB11] 2021: OK
2026-04-19 14:21:53 | INFO     | src.processing.pipeline — [SANB11] 2022: OK
2026-04-19 14:21:53 | INFO     | src.processing.pipeline — [SANB11] 2023: OK
2026-04-19 14:21:53 | INFO     | src.processing.pipeline — [SANB11] 2024: OK
2026-04-19 14:21:53 | INFO     | src.processing.pipeline — [SANB11] 2025: OK
2026-04-19 14:21:53 | INFO     | src.processing.pipeline — [SANB11] 2026: FALHA — CSVs não encontrados em /Users/diegocarvalho/Library/CloudStorage/OneDrive-EPEJUD/DIEGO/OBSIDIAN/Analista de Investimentos/12_PYTHON/data/raw/cvm/DFP/2026 — execute 'ingest' primeiro
2026-04-19 14:21:53 | INFO     | src.processing.pipeline — [SANB11] concluído — ok=0 pulados=7 falhas=1
2026-04-19 14:21:53 | INFO     | __main__ — Processamento concluído — ok=0 falhas=1
2026-04-19 14:21:53 | INFO     | src.processing.pipeline — [BPAC11] processando 8 anos (banco=True, CVM=022616)
2026-04-19 14:21:53 | INFO     | src.processing.pipeline — [BPAC11] 2019: OK
2026-04-19 14:21:53 | INFO     | src.processing.pipeline — [BPAC11] 2020: OK
2026-04-19 14:21:53 | INFO     | src.processing.pipeline — [BPAC11] 2021: OK
2026-04-19 14:21:53 | INFO     | src.processing.pipeline — [BPAC11] 2022: OK
2026-04-19 14:21:53 | INFO     | src.processing.pipeline — [BPAC11] 2023: OK
2026-04-19 14:21:53 | INFO     | src.processing.pipeline — [BPAC11] 2024: OK
2026-04-19 14:21:53 | INFO     | src.processing.pipeline — [BPAC11] 2025: OK
2026-04-19 14:21:53 | INFO     | src.processing.pipeline — [BPAC11] 2026: FALHA — CSVs não encontrados em /Users/diegocarvalho/Library/CloudStorage/OneDrive-EPEJUD/DIEGO/OBSIDIAN/Analista de Investimentos/12_PYTHON/data/raw/cvm/DFP/2026 — execute 'ingest' primeiro
2026-04-19 14:21:53 | INFO     | src.processing.pipeline — [BPAC11] concluído — ok=0 pulados=7 falhas=1
2026-04-19 14:21:53 | INFO     | __main__ — Processamento concluído — ok=0 falhas=1
2026-04-19 14:21:53 | INFO     | src.processing.pipeline — [BRSR6] processando 8 anos (banco=True, CVM=001210)
2026-04-19 14:21:53 | INFO     | src.processing.pipeline — [BRSR6] 2019: OK
2026-04-19 14:21:53 | INFO     | src.processing.pipeline — [BRSR6] 2020: OK
2026-04-19 14:21:53 | INFO     | src.processing.pipeline — [BRSR6] 2021: OK
2026-04-19 14:21:53 | INFO     | src.processing.pipeline — [BRSR6] 2022: OK
2026-04-19 14:21:53 | INFO     | src.processing.pipeline — [BRSR6] 2023: OK
2026-04-19 14:21:53 | INFO     | src.processing.pipeline — [BRSR6] 2024: OK
2026-04-19 14:21:53 | INFO     | src.processing.pipeline — [BRSR6] 2025: OK
2026-04-19 14:21:53 | INFO     | src.processing.pipeline — [BRSR6] 2026: FALHA — CSVs não encontrados em /Users/diegocarvalho/Library/CloudStorage/OneDrive-EPEJUD/DIEGO/OBSIDIAN/Analista de Investimentos/12_PYTHON/data/raw/cvm/DFP/2026 — execute 'ingest' primeiro
2026-04-19 14:21:53 | INFO     | src.processing.pipeline — [BRSR6] concluído — ok=0 pulados=7 falhas=1
2026-04-19 14:21:53 | INFO     | __main__ — Processamento concluído — ok=0 falhas=1
2026-04-19 14:21:54 | INFO     | src.processing.pipeline — [ABCB4] processando 8 anos (banco=True, CVM=020958)
2026-04-19 14:21:54 | INFO     | src.processing.pipeline — [ABCB4] 2019: OK
2026-04-19 14:21:54 | INFO     | src.processing.pipeline — [ABCB4] 2020: OK
2026-04-19 14:21:54 | INFO     | src.processing.pipeline — [ABCB4] 2021: OK
2026-04-19 14:21:54 | INFO     | src.processing.pipeline — [ABCB4] 2022: OK
2026-04-19 14:21:54 | INFO     | src.processing.pipeline — [ABCB4] 2023: OK
2026-04-19 14:21:54 | INFO     | src.processing.pipeline — [ABCB4] 2024: FALHA — BankParser retornou None — dados ausentes no CSV
2026-04-19 14:21:54 | INFO     | src.processing.pipeline — [ABCB4] 2025: FALHA — BankParser retornou None — dados ausentes no CSV
2026-04-19 14:21:54 | INFO     | src.processing.pipeline — [ABCB4] 2026: FALHA — CSVs não encontrados em /Users/diegocarvalho/Library/CloudStorage/OneDrive-EPEJUD/DIEGO/OBSIDIAN/Analista de Investimentos/12_PYTHON/data/raw/cvm/DFP/2026 — execute 'ingest' primeiro
2026-04-19 14:21:54 | INFO     | src.processing.pipeline — [ABCB4] concluído — ok=0 pulados=5 falhas=3
2026-04-19 14:21:54 | INFO     | __main__ — Processamento concluído — ok=0 falhas=3
2026-04-19 14:21:55 | INFO     | src.processing.pipeline — [BMGB4] processando 8 anos (banco=True, CVM=024600)
2026-04-19 14:21:55 | INFO     | src.processing.pipeline — [BMGB4] 2019: OK
2026-04-19 14:21:55 | INFO     | src.processing.pipeline — [BMGB4] 2020: OK
2026-04-19 14:21:55 | INFO     | src.processing.pipeline — [BMGB4] 2021: OK
2026-04-19 14:21:55 | INFO     | src.processing.pipeline — [BMGB4] 2022: OK
2026-04-19 14:21:55 | INFO     | src.processing.pipeline — [BMGB4] 2023: OK
2026-04-19 14:21:55 | INFO     | src.processing.pipeline — [BMGB4] 2024: OK
2026-04-19 14:21:55 | INFO     | src.processing.pipeline — [BMGB4] 2025: OK
2026-04-19 14:21:55 | INFO     | src.processing.pipeline — [BMGB4] 2026: FALHA — CSVs não encontrados em /Users/diegocarvalho/Library/CloudStorage/OneDrive-EPEJUD/DIEGO/OBSIDIAN/Analista de Investimentos/12_PYTHON/data/raw/cvm/DFP/2026 — execute 'ingest' primeiro
2026-04-19 14:21:55 | INFO     | src.processing.pipeline — [BMGB4] concluído — ok=0 pulados=7 falhas=1
2026-04-19 14:21:55 | INFO     | __main__ — Processamento concluído — ok=0 falhas=1
2026-04-19 14:21:55 | INFO     | src.processing.pipeline — [BPAN4] processando 8 anos (banco=True, CVM=021199)
2026-04-19 14:21:55 | INFO     | src.processing.pipeline — [BPAN4] 2019: OK
2026-04-19 14:21:55 | INFO     | src.processing.pipeline — [BPAN4] 2020: OK
2026-04-19 14:21:55 | INFO     | src.processing.pipeline — [BPAN4] 2021: OK
2026-04-19 14:21:55 | INFO     | src.processing.pipeline — [BPAN4] 2022: OK
2026-04-19 14:21:55 | INFO     | src.processing.pipeline — [BPAN4] 2023: OK
2026-04-19 14:21:55 | INFO     | src.processing.pipeline — [BPAN4] 2024: OK
2026-04-19 14:21:56 | INFO     | src.processing.pipeline — [BPAN4] 2025: FALHA — BankParser retornou None — dados ausentes no CSV
2026-04-19 14:21:56 | INFO     | src.processing.pipeline — [BPAN4] 2026: FALHA — CSVs não encontrados em /Users/diegocarvalho/Library/CloudStorage/OneDrive-EPEJUD/DIEGO/OBSIDIAN/Analista de Investimentos/12_PYTHON/data/raw/cvm/DFP/2026 — execute 'ingest' primeiro
2026-04-19 14:21:56 | INFO     | src.processing.pipeline — [BPAN4] concluído — ok=0 pulados=6 falhas=2
2026-04-19 14:21:56 | INFO     | __main__ — Processamento concluído — ok=0 falhas=2
2026-04-19 14:21:56 | INFO     | src.processing.pipeline — [PINE4] processando 8 anos (banco=True, CVM=020567)
2026-04-19 14:21:56 | INFO     | src.processing.pipeline — [PINE4] 2019: OK
2026-04-19 14:21:56 | INFO     | src.processing.pipeline — [PINE4] 2020: OK
2026-04-19 14:21:56 | INFO     | src.processing.pipeline — [PINE4] 2021: OK
2026-04-19 14:21:56 | INFO     | src.processing.pipeline — [PINE4] 2022: OK
2026-04-19 14:21:56 | INFO     | src.processing.pipeline — [PINE4] 2023: OK
2026-04-19 14:21:56 | INFO     | src.processing.pipeline — [PINE4] 2024: OK
2026-04-19 14:21:56 | INFO     | src.processing.pipeline — [PINE4] 2025: OK
2026-04-19 14:21:56 | INFO     | src.processing.pipeline — [PINE4] 2026: FALHA — CSVs não encontrados em /Users/diegocarvalho/Library/CloudStorage/OneDrive-EPEJUD/DIEGO/OBSIDIAN/Analista de Investimentos/12_PYTHON/data/raw/cvm/DFP/2026 — execute 'ingest' primeiro
2026-04-19 14:21:56 | INFO     | src.processing.pipeline — [PINE4] concluído — ok=0 pulados=7 falhas=1
2026-04-19 14:21:56 | INFO     | __main__ — Processamento concluído — ok=0 falhas=1
2026-04-19 14:21:56 | INFO     | src.processing.pipeline — [INTR4] processando 8 anos (banco=True, CVM=080217)
2026-04-19 14:21:57 | INFO     | src.processing.pipeline — [INTR4] 2019: FALHA — BankParser retornou None — dados ausentes no CSV
2026-04-19 14:21:57 | INFO     | src.processing.pipeline — [INTR4] 2020: FALHA — BankParser retornou None — dados ausentes no CSV
2026-04-19 14:21:57 | INFO     | src.processing.pipeline — [INTR4] 2021: OK
2026-04-19 14:21:57 | INFO     | src.processing.pipeline — [INTR4] 2022: OK
2026-04-19 14:21:57 | INFO     | src.processing.pipeline — [INTR4] 2023: OK
2026-04-19 14:21:57 | INFO     | src.processing.pipeline — [INTR4] 2024: OK
2026-04-19 14:21:57 | INFO     | src.processing.pipeline — [INTR4] 2025: OK
2026-04-19 14:21:57 | INFO     | src.processing.pipeline — [INTR4] 2026: FALHA — CSVs não encontrados em /Users/diegocarvalho/Library/CloudStorage/OneDrive-EPEJUD/DIEGO/OBSIDIAN/Analista de Investimentos/12_PYTHON/data/raw/cvm/DFP/2026 — execute 'ingest' primeiro
2026-04-19 14:21:57 | INFO     | src.processing.pipeline — [INTR4] concluído — ok=0 pulados=5 falhas=3
2026-04-19 14:21:57 | INFO     | __main__ — Processamento concluído — ok=0 falhas=3
2026-04-19 14:21:57 | INFO     | src.processing.pipeline — [ITSA4] processando 8 anos (banco=False, CVM=007617)
2026-04-19 14:21:57 | INFO     | src.processing.pipeline — [ITSA4] 2019: OK
2026-04-19 14:21:57 | INFO     | src.processing.pipeline — [ITSA4] 2020: OK
2026-04-19 14:21:57 | INFO     | src.processing.pipeline — [ITSA4] 2021: OK
2026-04-19 14:21:57 | INFO     | src.processing.pipeline — [ITSA4] 2022: OK
2026-04-19 14:21:57 | INFO     | src.processing.pipeline — [ITSA4] 2023: OK
2026-04-19 14:21:57 | INFO     | src.processing.pipeline — [ITSA4] 2024: OK
2026-04-19 14:21:57 | INFO     | src.processing.pipeline — [ITSA4] 2025: OK
2026-04-19 14:21:57 | INFO     | src.processing.pipeline — [ITSA4] 2026: FALHA — CSVs não encontrados em /Users/diegocarvalho/Library/CloudStorage/OneDrive-EPEJUD/DIEGO/OBSIDIAN/Analista de Investimentos/12_PYTHON/data/raw/cvm/DFP/2026 — execute 'ingest' primeiro
2026-04-19 14:21:57 | INFO     | src.processing.pipeline — [ITSA4] concluído — ok=0 pulados=7 falhas=1
2026-04-19 14:21:57 | INFO     | __main__ — Processamento concluído — ok=0 falhas=1
2026-04-19 14:21:58 | INFO     | src.processing.pipeline — [BBSE3] processando 8 anos (banco=False, CVM=023159)
2026-04-19 14:21:58 | INFO     | src.processing.pipeline — [BBSE3] 2019: OK
2026-04-19 14:21:58 | INFO     | src.processing.pipeline — [BBSE3] 2020: OK
2026-04-19 14:21:59 | INFO     | src.processing.pipeline — [BBSE3] 2021: OK
2026-04-19 14:21:59 | INFO     | src.processing.pipeline — [BBSE3] 2022: OK
2026-04-19 14:21:59 | INFO     | src.processing.pipeline — [BBSE3] 2023: OK
2026-04-19 14:22:00 | INFO     | src.processing.pipeline — [BBSE3] 2024: OK
2026-04-19 14:22:00 | INFO     | src.processing.pipeline — [BBSE3] 2025: OK
2026-04-19 14:22:00 | INFO     | src.processing.pipeline — [BBSE3] 2026: FALHA — CSVs não encontrados em /Users/diegocarvalho/Library/CloudStorage/OneDrive-EPEJUD/DIEGO/OBSIDIAN/Analista de Investimentos/12_PYTHON/data/raw/cvm/DFP/2026 — execute 'ingest' primeiro
2026-04-19 14:22:00 | INFO     | src.processing.pipeline — [BBSE3] concluído — ok=7 pulados=0 falhas=1
2026-04-19 14:22:00 | INFO     | __main__ — Processamento concluído — ok=7 falhas=1
2026-04-19 14:22:00 | INFO     | src.processing.pipeline — [BRAP4] processando 8 anos (banco=False, CVM=018724)
2026-04-19 14:22:01 | INFO     | src.processing.pipeline — [BRAP4] 2019: OK
2026-04-19 14:22:01 | INFO     | src.processing.pipeline — [BRAP4] 2020: OK
2026-04-19 14:22:01 | INFO     | src.processing.pipeline — [BRAP4] 2021: OK
2026-04-19 14:22:02 | INFO     | src.processing.pipeline — [BRAP4] 2022: OK
2026-04-19 14:22:02 | INFO     | src.processing.pipeline — [BRAP4] 2023: OK
2026-04-19 14:22:02 | INFO     | src.processing.pipeline — [BRAP4] 2024: FALHA — DFPParser sem dados — verifique o código CVM
2026-04-19 14:22:03 | INFO     | src.processing.pipeline — [BRAP4] 2025: FALHA — DFPParser sem dados — verifique o código CVM
2026-04-19 14:22:03 | INFO     | src.processing.pipeline — [BRAP4] 2026: FALHA — CSVs não encontrados em /Users/diegocarvalho/Library/CloudStorage/OneDrive-EPEJUD/DIEGO/OBSIDIAN/Analista de Investimentos/12_PYTHON/data/raw/cvm/DFP/2026 — execute 'ingest' primeiro
2026-04-19 14:22:03 | INFO     | src.processing.pipeline — [BRAP4] concluído — ok=5 pulados=0 falhas=3
2026-04-19 14:22:03 | INFO     | __main__ — Processamento concluído — ok=5 falhas=3
2026-04-19 14:22:03 | INFO     | src.processing.pipeline — [IRBR3] processando 8 anos (banco=False, CVM=024180)
2026-04-19 14:22:03 | INFO     | src.processing.pipeline — [IRBR3] 2019: OK
2026-04-19 14:22:04 | INFO     | src.processing.pipeline — [IRBR3] 2020: OK
2026-04-19 14:22:04 | INFO     | src.processing.pipeline — [IRBR3] 2021: OK
2026-04-19 14:22:04 | INFO     | src.processing.pipeline — [IRBR3] 2022: OK
2026-04-19 14:22:05 | INFO     | src.processing.pipeline — [IRBR3] 2023: OK
2026-04-19 14:22:05 | INFO     | src.processing.pipeline — [IRBR3] 2024: OK
2026-04-19 14:22:05 | INFO     | src.processing.pipeline — [IRBR3] 2025: OK
2026-04-19 14:22:05 | INFO     | src.processing.pipeline — [IRBR3] 2026: FALHA — CSVs não encontrados em /Users/diegocarvalho/Library/CloudStorage/OneDrive-EPEJUD/DIEGO/OBSIDIAN/Analista de Investimentos/12_PYTHON/data/raw/cvm/DFP/2026 — execute 'ingest' primeiro
2026-04-19 14:22:05 | INFO     | src.processing.pipeline — [IRBR3] concluído — ok=7 pulados=0 falhas=1
2026-04-19 14:22:05 | INFO     | __main__ — Processamento concluído — ok=7 falhas=1
2026-04-19 14:22:06 | INFO     | src.processing.pipeline — [PSSA3] processando 8 anos (banco=False, CVM=016659)
2026-04-19 14:22:06 | INFO     | src.processing.pipeline — [PSSA3] 2019: OK
2026-04-19 14:22:06 | INFO     | src.processing.pipeline — [PSSA3] 2020: OK
2026-04-19 14:22:07 | INFO     | src.processing.pipeline — [PSSA3] 2021: OK
2026-04-19 14:22:07 | INFO     | src.processing.pipeline — [PSSA3] 2022: OK
2026-04-19 14:22:07 | INFO     | src.processing.pipeline — [PSSA3] 2023: OK
2026-04-19 14:22:08 | INFO     | src.processing.pipeline — [PSSA3] 2024: OK
2026-04-19 14:22:08 | INFO     | src.processing.pipeline — [PSSA3] 2025: OK
2026-04-19 14:22:08 | INFO     | src.processing.pipeline — [PSSA3] 2026: FALHA — CSVs não encontrados em /Users/diegocarvalho/Library/CloudStorage/OneDrive-EPEJUD/DIEGO/OBSIDIAN/Analista de Investimentos/12_PYTHON/data/raw/cvm/DFP/2026 — execute 'ingest' primeiro
2026-04-19 14:22:08 | INFO     | src.processing.pipeline — [PSSA3] concluído — ok=7 pulados=0 falhas=1
2026-04-19 14:22:08 | INFO     | __main__ — Processamento concluído — ok=7 falhas=1
2026-04-19 14:22:08 | INFO     | src.processing.pipeline — [CXSE3] processando 8 anos (banco=False, CVM=023795)
2026-04-19 14:22:09 | INFO     | src.processing.pipeline — [CXSE3] 2019: OK
2026-04-19 14:22:09 | INFO     | src.processing.pipeline — [CXSE3] 2020: OK
2026-04-19 14:22:09 | INFO     | src.processing.pipeline — [CXSE3] 2021: OK
2026-04-19 14:22:10 | INFO     | src.processing.pipeline — [CXSE3] 2022: OK
2026-04-19 14:22:10 | INFO     | src.processing.pipeline — [CXSE3] 2023: OK
2026-04-19 14:22:10 | INFO     | src.processing.pipeline — [CXSE3] 2024: OK
2026-04-19 14:22:11 | INFO     | src.processing.pipeline — [CXSE3] 2025: OK
2026-04-19 14:22:11 | INFO     | src.processing.pipeline — [CXSE3] 2026: FALHA — CSVs não encontrados em /Users/diegocarvalho/Library/CloudStorage/OneDrive-EPEJUD/DIEGO/OBSIDIAN/Analista de Investimentos/12_PYTHON/data/raw/cvm/DFP/2026 — execute 'ingest' primeiro
2026-04-19 14:22:11 | INFO     | src.processing.pipeline — [CXSE3] concluído — ok=7 pulados=0 falhas=1
2026-04-19 14:22:11 | INFO     | __main__ — Processamento concluído — ok=7 falhas=1
2026-04-19 14:22:11 | INFO     | src.processing.pipeline — [B3SA3] processando 8 anos (banco=False, CVM=021610)
2026-04-19 14:22:11 | INFO     | src.processing.pipeline — [B3SA3] 2019: OK
2026-04-19 14:22:12 | INFO     | src.processing.pipeline — [B3SA3] 2020: OK
2026-04-19 14:22:12 | INFO     | src.processing.pipeline — [B3SA3] 2021: OK
2026-04-19 14:22:12 | INFO     | src.processing.pipeline — [B3SA3] 2022: OK
2026-04-19 14:22:13 | INFO     | src.processing.pipeline — [B3SA3] 2023: OK
2026-04-19 14:22:13 | INFO     | src.processing.pipeline — [B3SA3] 2024: OK
2026-04-19 14:22:13 | INFO     | src.processing.pipeline — [B3SA3] 2025: OK
2026-04-19 14:22:13 | INFO     | src.processing.pipeline — [B3SA3] 2026: FALHA — CSVs não encontrados em /Users/diegocarvalho/Library/CloudStorage/OneDrive-EPEJUD/DIEGO/OBSIDIAN/Analista de Investimentos/12_PYTHON/data/raw/cvm/DFP/2026 — execute 'ingest' primeiro
2026-04-19 14:22:13 | INFO     | src.processing.pipeline — [B3SA3] concluído — ok=7 pulados=0 falhas=1
2026-04-19 14:22:13 | INFO     | __main__ — Processamento concluído — ok=7 falhas=1
2026-04-19 14:22:14 | INFO     | src.processing.pipeline — [PETR4] processando 8 anos (banco=False, CVM=009512)
2026-04-19 14:22:14 | INFO     | src.processing.pipeline — [PETR4] 2019: OK
2026-04-19 14:22:14 | INFO     | src.processing.pipeline — [PETR4] 2020: OK
2026-04-19 14:22:15 | INFO     | src.processing.pipeline — [PETR4] 2021: OK
2026-04-19 14:22:15 | INFO     | src.processing.pipeline — [PETR4] 2022: OK
2026-04-19 14:22:15 | INFO     | src.processing.pipeline — [PETR4] 2023: OK
2026-04-19 14:22:16 | INFO     | src.processing.pipeline — [PETR4] 2024: OK
2026-04-19 14:22:16 | INFO     | src.processing.pipeline — [PETR4] 2025: OK
2026-04-19 14:22:16 | INFO     | src.processing.pipeline — [PETR4] 2026: FALHA — CSVs não encontrados em /Users/diegocarvalho/Library/CloudStorage/OneDrive-EPEJUD/DIEGO/OBSIDIAN/Analista de Investimentos/12_PYTHON/data/raw/cvm/DFP/2026 — execute 'ingest' primeiro
2026-04-19 14:22:16 | INFO     | src.processing.pipeline — [PETR4] concluído — ok=7 pulados=0 falhas=1
2026-04-19 14:22:16 | INFO     | __main__ — Processamento concluído — ok=7 falhas=1
2026-04-19 14:22:17 | INFO     | src.processing.pipeline — [PRIO3] processando 8 anos (banco=False, CVM=022187)
2026-04-19 14:22:17 | INFO     | src.processing.pipeline — [PRIO3] 2019: OK
2026-04-19 14:22:17 | INFO     | src.processing.pipeline — [PRIO3] 2020: OK
2026-04-19 14:22:17 | INFO     | src.processing.pipeline — [PRIO3] 2021: OK
2026-04-19 14:22:18 | INFO     | src.processing.pipeline — [PRIO3] 2022: OK
2026-04-19 14:22:18 | INFO     | src.processing.pipeline — [PRIO3] 2023: OK
2026-04-19 14:22:18 | INFO     | src.processing.pipeline — [PRIO3] 2024: OK
2026-04-19 14:22:19 | INFO     | src.processing.pipeline — [PRIO3] 2025: OK
2026-04-19 14:22:19 | INFO     | src.processing.pipeline — [PRIO3] 2026: FALHA — CSVs não encontrados em /Users/diegocarvalho/Library/CloudStorage/OneDrive-EPEJUD/DIEGO/OBSIDIAN/Analista de Investimentos/12_PYTHON/data/raw/cvm/DFP/2026 — execute 'ingest' primeiro
2026-04-19 14:22:19 | INFO     | src.processing.pipeline — [PRIO3] concluído — ok=7 pulados=0 falhas=1
2026-04-19 14:22:19 | INFO     | __main__ — Processamento concluído — ok=7 falhas=1
2026-04-19 14:22:19 | INFO     | src.processing.pipeline — [BRAV3] processando 8 anos (banco=False, CVM=025291)
2026-04-19 14:22:19 | INFO     | src.processing.pipeline — [BRAV3] 2019: OK
2026-04-19 14:22:20 | INFO     | src.processing.pipeline — [BRAV3] 2020: OK
2026-04-19 14:22:20 | INFO     | src.processing.pipeline — [BRAV3] 2021: OK
2026-04-19 14:22:20 | INFO     | src.processing.pipeline — [BRAV3] 2022: OK
2026-04-19 14:22:21 | INFO     | src.processing.pipeline — [BRAV3] 2023: OK
2026-04-19 14:22:21 | INFO     | src.processing.pipeline — [BRAV3] 2024: OK
2026-04-19 14:22:21 | INFO     | src.processing.pipeline — [BRAV3] 2025: OK
2026-04-19 14:22:21 | INFO     | src.processing.pipeline — [BRAV3] 2026: FALHA — CSVs não encontrados em /Users/diegocarvalho/Library/CloudStorage/OneDrive-EPEJUD/DIEGO/OBSIDIAN/Analista de Investimentos/12_PYTHON/data/raw/cvm/DFP/2026 — execute 'ingest' primeiro
2026-04-19 14:22:21 | INFO     | src.processing.pipeline — [BRAV3] concluído — ok=7 pulados=0 falhas=1
2026-04-19 14:22:21 | INFO     | __main__ — Processamento concluído — ok=7 falhas=1
2026-04-19 14:22:22 | INFO     | src.processing.pipeline — [RECV3] processando 8 anos (banco=False, CVM=024643)
2026-04-19 14:22:22 | INFO     | src.processing.pipeline — [RECV3] 2019: FALHA — DFPParser sem dados — verifique o código CVM
2026-04-19 14:22:22 | INFO     | src.processing.pipeline — [RECV3] 2020: FALHA — DFPParser sem dados — verifique o código CVM
2026-04-19 14:22:23 | INFO     | src.processing.pipeline — [RECV3] 2021: FALHA — DFPParser sem dados — verifique o código CVM
2026-04-19 14:22:23 | INFO     | src.processing.pipeline — [RECV3] 2022: FALHA — DFPParser sem dados — verifique o código CVM
2026-04-19 14:22:23 | INFO     | src.processing.pipeline — [RECV3] 2023: FALHA — DFPParser sem dados — verifique o código CVM
2026-04-19 14:22:24 | INFO     | src.processing.pipeline — [RECV3] 2024: FALHA — DFPParser sem dados — verifique o código CVM
2026-04-19 14:22:24 | INFO     | src.processing.pipeline — [RECV3] 2025: FALHA — DFPParser sem dados — verifique o código CVM
2026-04-19 14:22:24 | INFO     | src.processing.pipeline — [RECV3] 2026: FALHA — CSVs não encontrados em /Users/diegocarvalho/Library/CloudStorage/OneDrive-EPEJUD/DIEGO/OBSIDIAN/Analista de Investimentos/12_PYTHON/data/raw/cvm/DFP/2026 — execute 'ingest' primeiro
2026-04-19 14:22:24 | INFO     | src.processing.pipeline — [RECV3] concluído — ok=0 pulados=0 falhas=8
2026-04-19 14:22:24 | INFO     | __main__ — Processamento concluído — ok=0 falhas=8
2026-04-19 14:22:25 | INFO     | src.processing.pipeline — [VBBR3] processando 8 anos (banco=False, CVM=024295)
2026-04-19 14:22:25 | INFO     | src.processing.pipeline — [VBBR3] 2019: OK
2026-04-19 14:22:25 | INFO     | src.processing.pipeline — [VBBR3] 2020: OK
2026-04-19 14:22:25 | INFO     | src.processing.pipeline — [VBBR3] 2021: OK
2026-04-19 14:22:26 | INFO     | src.processing.pipeline — [VBBR3] 2022: OK
2026-04-19 14:22:26 | INFO     | src.processing.pipeline — [VBBR3] 2023: OK
2026-04-19 14:22:26 | INFO     | src.processing.pipeline — [VBBR3] 2024: OK
2026-04-19 14:22:27 | INFO     | src.processing.pipeline — [VBBR3] 2025: OK
2026-04-19 14:22:27 | INFO     | src.processing.pipeline — [VBBR3] 2026: FALHA — CSVs não encontrados em /Users/diegocarvalho/Library/CloudStorage/OneDrive-EPEJUD/DIEGO/OBSIDIAN/Analista de Investimentos/12_PYTHON/data/raw/cvm/DFP/2026 — execute 'ingest' primeiro
2026-04-19 14:22:27 | INFO     | src.processing.pipeline — [VBBR3] concluído — ok=7 pulados=0 falhas=1
2026-04-19 14:22:27 | INFO     | __main__ — Processamento concluído — ok=7 falhas=1
2026-04-19 14:22:27 | INFO     | src.processing.pipeline — [RAIZ4] processando 8 anos (banco=False, CVM=023230)
2026-04-19 14:22:27 | INFO     | src.processing.pipeline — [RAIZ4] 2019: OK
2026-04-19 14:22:28 | INFO     | src.processing.pipeline — [RAIZ4] 2020: OK
2026-04-19 14:22:28 | INFO     | src.processing.pipeline — [RAIZ4] 2021: OK
2026-04-19 14:22:28 | INFO     | src.processing.pipeline — [RAIZ4] 2022: OK
2026-04-19 14:22:29 | INFO     | src.processing.pipeline — [RAIZ4] 2023: OK
2026-04-19 14:22:29 | INFO     | src.processing.pipeline — [RAIZ4] 2024: OK
2026-04-19 14:22:29 | INFO     | src.processing.pipeline — [RAIZ4] 2025: OK
2026-04-19 14:22:29 | INFO     | src.processing.pipeline — [RAIZ4] 2026: FALHA — CSVs não encontrados em /Users/diegocarvalho/Library/CloudStorage/OneDrive-EPEJUD/DIEGO/OBSIDIAN/Analista de Investimentos/12_PYTHON/data/raw/cvm/DFP/2026 — execute 'ingest' primeiro
2026-04-19 14:22:29 | INFO     | src.processing.pipeline — [RAIZ4] concluído — ok=7 pulados=0 falhas=1
2026-04-19 14:22:29 | INFO     | __main__ — Processamento concluído — ok=7 falhas=1
2026-04-19 14:22:30 | INFO     | src.processing.pipeline — [ENEV3] processando 8 anos (banco=False, CVM=021237)
2026-04-19 14:22:30 | INFO     | src.processing.pipeline — [ENEV3] 2019: OK
2026-04-19 14:22:30 | INFO     | src.processing.pipeline — [ENEV3] 2020: OK
2026-04-19 14:22:31 | INFO     | src.processing.pipeline — [ENEV3] 2021: OK
2026-04-19 14:22:31 | INFO     | src.processing.pipeline — [ENEV3] 2022: OK
2026-04-19 14:22:31 | INFO     | src.processing.pipeline — [ENEV3] 2023: OK
2026-04-19 14:22:32 | INFO     | src.processing.pipeline — [ENEV3] 2024: OK
2026-04-19 14:22:32 | INFO     | src.processing.pipeline — [ENEV3] 2025: OK
2026-04-19 14:22:32 | INFO     | src.processing.pipeline — [ENEV3] 2026: FALHA — CSVs não encontrados em /Users/diegocarvalho/Library/CloudStorage/OneDrive-EPEJUD/DIEGO/OBSIDIAN/Analista de Investimentos/12_PYTHON/data/raw/cvm/DFP/2026 — execute 'ingest' primeiro
2026-04-19 14:22:32 | INFO     | src.processing.pipeline — [ENEV3] concluído — ok=7 pulados=0 falhas=1
2026-04-19 14:22:32 | INFO     | __main__ — Processamento concluído — ok=7 falhas=1
2026-04-19 14:22:33 | INFO     | src.processing.pipeline — [CSAN3] processando 8 anos (banco=False, CVM=019836)
2026-04-19 14:22:33 | INFO     | src.processing.pipeline — [CSAN3] 2019: OK
2026-04-19 14:22:33 | INFO     | src.processing.pipeline — [CSAN3] 2020: OK
2026-04-19 14:22:33 | INFO     | src.processing.pipeline — [CSAN3] 2021: OK
2026-04-19 14:22:34 | INFO     | src.processing.pipeline — [CSAN3] 2022: OK
2026-04-19 14:22:34 | INFO     | src.processing.pipeline — [CSAN3] 2023: OK
2026-04-19 14:22:34 | INFO     | src.processing.pipeline — [CSAN3] 2024: OK
2026-04-19 14:22:35 | INFO     | src.processing.pipeline — [CSAN3] 2025: OK
2026-04-19 14:22:35 | INFO     | src.processing.pipeline — [CSAN3] 2026: FALHA — CSVs não encontrados em /Users/diegocarvalho/Library/CloudStorage/OneDrive-EPEJUD/DIEGO/OBSIDIAN/Analista de Investimentos/12_PYTHON/data/raw/cvm/DFP/2026 — execute 'ingest' primeiro
2026-04-19 14:22:35 | INFO     | src.processing.pipeline — [CSAN3] concluído — ok=7 pulados=0 falhas=1
2026-04-19 14:22:35 | INFO     | __main__ — Processamento concluído — ok=7 falhas=1
2026-04-19 14:22:35 | INFO     | src.processing.pipeline — [VALE3] processando 8 anos (banco=False, CVM=004170)
2026-04-19 14:22:35 | INFO     | src.processing.pipeline — [VALE3] 2019: OK
2026-04-19 14:22:36 | INFO     | src.processing.pipeline — [VALE3] 2020: OK
2026-04-19 14:22:36 | INFO     | src.processing.pipeline — [VALE3] 2021: OK
2026-04-19 14:22:36 | INFO     | src.processing.pipeline — [VALE3] 2022: OK
2026-04-19 14:22:37 | INFO     | src.processing.pipeline — [VALE3] 2023: OK
2026-04-19 14:22:37 | INFO     | src.processing.pipeline — [VALE3] 2024: OK
2026-04-19 14:22:37 | INFO     | src.processing.pipeline — [VALE3] 2025: OK
2026-04-19 14:22:37 | INFO     | src.processing.pipeline — [VALE3] 2026: FALHA — CSVs não encontrados em /Users/diegocarvalho/Library/CloudStorage/OneDrive-EPEJUD/DIEGO/OBSIDIAN/Analista de Investimentos/12_PYTHON/data/raw/cvm/DFP/2026 — execute 'ingest' primeiro
2026-04-19 14:22:37 | INFO     | src.processing.pipeline — [VALE3] concluído — ok=7 pulados=0 falhas=1
2026-04-19 14:22:37 | INFO     | __main__ — Processamento concluído — ok=7 falhas=1
2026-04-19 14:22:38 | INFO     | src.processing.pipeline — [CMIN3] processando 8 anos (banco=False, CVM=025585)
2026-04-19 14:22:38 | INFO     | src.processing.pipeline — [CMIN3] 2019: OK
2026-04-19 14:22:38 | INFO     | src.processing.pipeline — [CMIN3] 2020: OK
2026-04-19 14:22:39 | INFO     | src.processing.pipeline — [CMIN3] 2021: OK
2026-04-19 14:22:39 | INFO     | src.processing.pipeline — [CMIN3] 2022: OK
2026-04-19 14:22:39 | INFO     | src.processing.pipeline — [CMIN3] 2023: OK
2026-04-19 14:22:40 | INFO     | src.processing.pipeline — [CMIN3] 2024: OK
2026-04-19 14:22:40 | INFO     | src.processing.pipeline — [CMIN3] 2025: OK
2026-04-19 14:22:40 | INFO     | src.processing.pipeline — [CMIN3] 2026: FALHA — CSVs não encontrados em /Users/diegocarvalho/Library/CloudStorage/OneDrive-EPEJUD/DIEGO/OBSIDIAN/Analista de Investimentos/12_PYTHON/data/raw/cvm/DFP/2026 — execute 'ingest' primeiro
2026-04-19 14:22:40 | INFO     | src.processing.pipeline — [CMIN3] concluído — ok=7 pulados=0 falhas=1
2026-04-19 14:22:40 | INFO     | __main__ — Processamento concluído — ok=7 falhas=1
2026-04-19 14:22:41 | INFO     | src.processing.pipeline — [GGBR4] processando 8 anos (banco=False, CVM=003980)
2026-04-19 14:22:41 | INFO     | src.processing.pipeline — [GGBR4] 2019: OK
2026-04-19 14:22:41 | INFO     | src.processing.pipeline — [GGBR4] 2020: OK
2026-04-19 14:22:41 | INFO     | src.processing.pipeline — [GGBR4] 2021: OK
2026-04-19 14:22:42 | INFO     | src.processing.pipeline — [GGBR4] 2022: OK
2026-04-19 14:22:42 | INFO     | src.processing.pipeline — [GGBR4] 2023: OK
2026-04-19 14:22:43 | INFO     | src.processing.pipeline — [GGBR4] 2024: OK
2026-04-19 14:22:43 | INFO     | src.processing.pipeline — [GGBR4] 2025: OK
2026-04-19 14:22:43 | INFO     | src.processing.pipeline — [GGBR4] 2026: FALHA — CSVs não encontrados em /Users/diegocarvalho/Library/CloudStorage/OneDrive-EPEJUD/DIEGO/OBSIDIAN/Analista de Investimentos/12_PYTHON/data/raw/cvm/DFP/2026 — execute 'ingest' primeiro
2026-04-19 14:22:43 | INFO     | src.processing.pipeline — [GGBR4] concluído — ok=7 pulados=0 falhas=1
2026-04-19 14:22:43 | INFO     | __main__ — Processamento concluído — ok=7 falhas=1
2026-04-19 14:22:43 | INFO     | src.processing.pipeline — [GOAU4] processando 8 anos (banco=False, CVM=008656)
2026-04-19 14:22:44 | INFO     | src.processing.pipeline — [GOAU4] 2019: OK
2026-04-19 14:22:44 | INFO     | src.processing.pipeline — [GOAU4] 2020: OK
2026-04-19 14:22:44 | INFO     | src.processing.pipeline — [GOAU4] 2021: OK
2026-04-19 14:22:44 | INFO     | src.processing.pipeline — [GOAU4] 2022: OK
2026-04-19 14:22:45 | INFO     | src.processing.pipeline — [GOAU4] 2023: OK
2026-04-19 14:22:45 | INFO     | src.processing.pipeline — [GOAU4] 2024: OK
2026-04-19 14:22:45 | INFO     | src.processing.pipeline — [GOAU4] 2025: OK
2026-04-19 14:22:45 | INFO     | src.processing.pipeline — [GOAU4] 2026: FALHA — CSVs não encontrados em /Users/diegocarvalho/Library/CloudStorage/OneDrive-EPEJUD/DIEGO/OBSIDIAN/Analista de Investimentos/12_PYTHON/data/raw/cvm/DFP/2026 — execute 'ingest' primeiro
2026-04-19 14:22:45 | INFO     | src.processing.pipeline — [GOAU4] concluído — ok=7 pulados=0 falhas=1
2026-04-19 14:22:45 | INFO     | __main__ — Processamento concluído — ok=7 falhas=1
2026-04-19 14:22:46 | INFO     | src.processing.pipeline — [CSNA3] processando 8 anos (banco=False, CVM=004030)
2026-04-19 14:22:46 | INFO     | src.processing.pipeline — [CSNA3] 2019: OK
2026-04-19 14:22:46 | INFO     | src.processing.pipeline — [CSNA3] 2020: OK
2026-04-19 14:22:47 | INFO     | src.processing.pipeline — [CSNA3] 2021: OK
2026-04-19 14:22:47 | INFO     | src.processing.pipeline — [CSNA3] 2022: OK
2026-04-19 14:22:48 | INFO     | src.processing.pipeline — [CSNA3] 2023: OK
2026-04-19 14:22:48 | INFO     | src.processing.pipeline — [CSNA3] 2024: OK
2026-04-19 14:22:48 | INFO     | src.processing.pipeline — [CSNA3] 2025: OK
2026-04-19 14:22:48 | INFO     | src.processing.pipeline — [CSNA3] 2026: FALHA — CSVs não encontrados em /Users/diegocarvalho/Library/CloudStorage/OneDrive-EPEJUD/DIEGO/OBSIDIAN/Analista de Investimentos/12_PYTHON/data/raw/cvm/DFP/2026 — execute 'ingest' primeiro
2026-04-19 14:22:48 | INFO     | src.processing.pipeline — [CSNA3] concluído — ok=7 pulados=0 falhas=1
2026-04-19 14:22:48 | INFO     | __main__ — Processamento concluído — ok=7 falhas=1
2026-04-19 14:22:49 | INFO     | src.processing.pipeline — [USIM5] processando 8 anos (banco=False, CVM=014320)
2026-04-19 14:22:49 | INFO     | src.processing.pipeline — [USIM5] 2019: OK
2026-04-19 14:22:49 | INFO     | src.processing.pipeline — [USIM5] 2020: OK
2026-04-19 14:22:49 | INFO     | src.processing.pipeline — [USIM5] 2021: OK
2026-04-19 14:22:50 | INFO     | src.processing.pipeline — [USIM5] 2022: OK
2026-04-19 14:22:50 | INFO     | src.processing.pipeline — [USIM5] 2023: OK
2026-04-19 14:22:51 | INFO     | src.processing.pipeline — [USIM5] 2024: OK
2026-04-19 14:22:51 | INFO     | src.processing.pipeline — [USIM5] 2025: OK
2026-04-19 14:22:51 | INFO     | src.processing.pipeline — [USIM5] 2026: FALHA — CSVs não encontrados em /Users/diegocarvalho/Library/CloudStorage/OneDrive-EPEJUD/DIEGO/OBSIDIAN/Analista de Investimentos/12_PYTHON/data/raw/cvm/DFP/2026 — execute 'ingest' primeiro
2026-04-19 14:22:51 | INFO     | src.processing.pipeline — [USIM5] concluído — ok=7 pulados=0 falhas=1
2026-04-19 14:22:51 | INFO     | __main__ — Processamento concluído — ok=7 falhas=1
2026-04-19 14:22:51 | INFO     | src.processing.pipeline — [BRKM5] processando 8 anos (banco=False, CVM=004820)
2026-04-19 14:22:52 | INFO     | src.processing.pipeline — [BRKM5] 2019: OK
2026-04-19 14:22:52 | INFO     | src.processing.pipeline — [BRKM5] 2020: OK
2026-04-19 14:22:52 | INFO     | src.processing.pipeline — [BRKM5] 2021: OK
2026-04-19 14:22:52 | INFO     | src.processing.pipeline — [BRKM5] 2022: OK
2026-04-19 14:22:53 | INFO     | src.processing.pipeline — [BRKM5] 2023: OK
2026-04-19 14:22:53 | INFO     | src.processing.pipeline — [BRKM5] 2024: OK
2026-04-19 14:22:54 | INFO     | src.processing.pipeline — [BRKM5] 2025: OK
2026-04-19 14:22:54 | INFO     | src.processing.pipeline — [BRKM5] 2026: FALHA — CSVs não encontrados em /Users/diegocarvalho/Library/CloudStorage/OneDrive-EPEJUD/DIEGO/OBSIDIAN/Analista de Investimentos/12_PYTHON/data/raw/cvm/DFP/2026 — execute 'ingest' primeiro
2026-04-19 14:22:54 | INFO     | src.processing.pipeline — [BRKM5] concluído — ok=7 pulados=0 falhas=1
2026-04-19 14:22:54 | INFO     | __main__ — Processamento concluído — ok=7 falhas=1
2026-04-19 14:22:54 | INFO     | src.processing.pipeline — [ELET3] processando 8 anos (banco=False, CVM=001058)
2026-04-19 14:22:54 | INFO     | src.processing.pipeline — [ELET3] 2019: FALHA — DFPParser sem dados — verifique o código CVM
2026-04-19 14:22:54 | INFO     | src.processing.pipeline — [ELET3] 2020: FALHA — DFPParser sem dados — verifique o código CVM
2026-04-19 14:22:55 | INFO     | src.processing.pipeline — [ELET3] 2021: FALHA — DFPParser sem dados — verifique o código CVM
2026-04-19 14:22:55 | INFO     | src.processing.pipeline — [ELET3] 2022: FALHA — DFPParser sem dados — verifique o código CVM
2026-04-19 14:22:55 | INFO     | src.processing.pipeline — [ELET3] 2023: FALHA — DFPParser sem dados — verifique o código CVM
2026-04-19 14:22:56 | INFO     | src.processing.pipeline — [ELET3] 2024: FALHA — DFPParser sem dados — verifique o código CVM
2026-04-19 14:22:56 | INFO     | src.processing.pipeline — [ELET3] 2025: FALHA — DFPParser sem dados — verifique o código CVM
2026-04-19 14:22:56 | INFO     | src.processing.pipeline — [ELET3] 2026: FALHA — CSVs não encontrados em /Users/diegocarvalho/Library/CloudStorage/OneDrive-EPEJUD/DIEGO/OBSIDIAN/Analista de Investimentos/12_PYTHON/data/raw/cvm/DFP/2026 — execute 'ingest' primeiro
2026-04-19 14:22:56 | INFO     | src.processing.pipeline — [ELET3] concluído — ok=0 pulados=0 falhas=8
2026-04-19 14:22:56 | INFO     | __main__ — Processamento concluído — ok=0 falhas=8
2026-04-19 14:22:57 | INFO     | src.processing.pipeline — [CMIG4] processando 8 anos (banco=False, CVM=002453)
2026-04-19 14:22:57 | INFO     | src.processing.pipeline — [CMIG4] 2019: OK
2026-04-19 14:22:57 | INFO     | src.processing.pipeline — [CMIG4] 2020: OK
2026-04-19 14:22:57 | INFO     | src.processing.pipeline — [CMIG4] 2021: OK
2026-04-19 14:22:58 | INFO     | src.processing.pipeline — [CMIG4] 2022: OK
2026-04-19 14:22:58 | INFO     | src.processing.pipeline — [CMIG4] 2023: OK
2026-04-19 14:22:59 | INFO     | src.processing.pipeline — [CMIG4] 2024: OK
2026-04-19 14:22:59 | INFO     | src.processing.pipeline — [CMIG4] 2025: OK
2026-04-19 14:22:59 | INFO     | src.processing.pipeline — [CMIG4] 2026: FALHA — CSVs não encontrados em /Users/diegocarvalho/Library/CloudStorage/OneDrive-EPEJUD/DIEGO/OBSIDIAN/Analista de Investimentos/12_PYTHON/data/raw/cvm/DFP/2026 — execute 'ingest' primeiro
2026-04-19 14:22:59 | INFO     | src.processing.pipeline — [CMIG4] concluído — ok=7 pulados=0 falhas=1
2026-04-19 14:22:59 | INFO     | __main__ — Processamento concluído — ok=7 falhas=1
2026-04-19 14:22:59 | INFO     | src.processing.pipeline — [CPFE3] processando 8 anos (banco=False, CVM=018660)
2026-04-19 14:23:00 | INFO     | src.processing.pipeline — [CPFE3] 2019: OK
2026-04-19 14:23:00 | INFO     | src.processing.pipeline — [CPFE3] 2020: OK
2026-04-19 14:23:00 | INFO     | src.processing.pipeline — [CPFE3] 2021: OK
2026-04-19 14:23:00 | INFO     | src.processing.pipeline — [CPFE3] 2022: OK
2026-04-19 14:23:01 | INFO     | src.processing.pipeline — [CPFE3] 2023: OK
2026-04-19 14:23:01 | INFO     | src.processing.pipeline — [CPFE3] 2024: OK
2026-04-19 14:23:01 | INFO     | src.processing.pipeline — [CPFE3] 2025: OK
2026-04-19 14:23:01 | INFO     | src.processing.pipeline — [CPFE3] 2026: FALHA — CSVs não encontrados em /Users/diegocarvalho/Library/CloudStorage/OneDrive-EPEJUD/DIEGO/OBSIDIAN/Analista de Investimentos/12_PYTHON/data/raw/cvm/DFP/2026 — execute 'ingest' primeiro
2026-04-19 14:23:01 | INFO     | src.processing.pipeline — [CPFE3] concluído — ok=7 pulados=0 falhas=1
2026-04-19 14:23:01 | INFO     | __main__ — Processamento concluído — ok=7 falhas=1
2026-04-19 14:23:02 | INFO     | src.processing.pipeline — [CPLE6] processando 8 anos (banco=False, CVM=014311)
2026-04-19 14:23:02 | INFO     | src.processing.pipeline — [CPLE6] 2019: OK
2026-04-19 14:23:02 | INFO     | src.processing.pipeline — [CPLE6] 2020: OK
2026-04-19 14:23:03 | INFO     | src.processing.pipeline — [CPLE6] 2021: OK
2026-04-19 14:23:03 | INFO     | src.processing.pipeline — [CPLE6] 2022: OK
2026-04-19 14:23:04 | INFO     | src.processing.pipeline — [CPLE6] 2023: OK
2026-04-19 14:23:04 | INFO     | src.processing.pipeline — [CPLE6] 2024: OK
2026-04-19 14:23:04 | INFO     | src.processing.pipeline — [CPLE6] 2025: OK
2026-04-19 14:23:04 | INFO     | src.processing.pipeline — [CPLE6] 2026: FALHA — CSVs não encontrados em /Users/diegocarvalho/Library/CloudStorage/OneDrive-EPEJUD/DIEGO/OBSIDIAN/Analista de Investimentos/12_PYTHON/data/raw/cvm/DFP/2026 — execute 'ingest' primeiro
2026-04-19 14:23:04 | INFO     | src.processing.pipeline — [CPLE6] concluído — ok=7 pulados=0 falhas=1
2026-04-19 14:23:04 | INFO     | __main__ — Processamento concluído — ok=7 falhas=1
2026-04-19 14:23:05 | INFO     | src.processing.pipeline — [EGIE3] processando 8 anos (banco=False, CVM=017329)
2026-04-19 14:23:05 | INFO     | src.processing.pipeline — [EGIE3] 2019: OK
2026-04-19 14:23:05 | INFO     | src.processing.pipeline — [EGIE3] 2020: OK
2026-04-19 14:23:06 | INFO     | src.processing.pipeline — [EGIE3] 2021: OK
2026-04-19 14:23:06 | INFO     | src.processing.pipeline — [EGIE3] 2022: OK
2026-04-19 14:23:06 | INFO     | src.processing.pipeline — [EGIE3] 2023: OK
2026-04-19 14:23:07 | INFO     | src.processing.pipeline — [EGIE3] 2024: OK
2026-04-19 14:23:07 | INFO     | src.processing.pipeline — [EGIE3] 2025: OK
2026-04-19 14:23:07 | INFO     | src.processing.pipeline — [EGIE3] 2026: FALHA — CSVs não encontrados em /Users/diegocarvalho/Library/CloudStorage/OneDrive-EPEJUD/DIEGO/OBSIDIAN/Analista de Investimentos/12_PYTHON/data/raw/cvm/DFP/2026 — execute 'ingest' primeiro
2026-04-19 14:23:07 | INFO     | src.processing.pipeline — [EGIE3] concluído — ok=7 pulados=0 falhas=1
2026-04-19 14:23:07 | INFO     | __main__ — Processamento concluído — ok=7 falhas=1
2026-04-19 14:23:07 | INFO     | src.processing.pipeline — [ENGI11] processando 8 anos (banco=False, CVM=015253)
2026-04-19 14:23:08 | INFO     | src.processing.pipeline — [ENGI11] 2019: OK
2026-04-19 14:23:08 | INFO     | src.processing.pipeline — [ENGI11] 2020: OK
2026-04-19 14:23:08 | INFO     | src.processing.pipeline — [ENGI11] 2021: OK
2026-04-19 14:23:09 | INFO     | src.processing.pipeline — [ENGI11] 2022: OK
2026-04-19 14:23:09 | INFO     | src.processing.pipeline — [ENGI11] 2023: OK
2026-04-19 14:23:09 | INFO     | src.processing.pipeline — [ENGI11] 2024: OK
2026-04-19 14:23:10 | INFO     | src.processing.pipeline — [ENGI11] 2025: OK
2026-04-19 14:23:10 | INFO     | src.processing.pipeline — [ENGI11] 2026: FALHA — CSVs não encontrados em /Users/diegocarvalho/Library/CloudStorage/OneDrive-EPEJUD/DIEGO/OBSIDIAN/Analista de Investimentos/12_PYTHON/data/raw/cvm/DFP/2026 — execute 'ingest' primeiro
2026-04-19 14:23:10 | INFO     | src.processing.pipeline — [ENGI11] concluído — ok=7 pulados=0 falhas=1
2026-04-19 14:23:10 | INFO     | __main__ — Processamento concluído — ok=7 falhas=1
2026-04-19 14:23:10 | INFO     | src.processing.pipeline — [EQTL3] processando 8 anos (banco=False, CVM=027553)
2026-04-19 14:23:10 | INFO     | src.processing.pipeline — [EQTL3] 2019: FALHA — DFPParser sem dados — verifique o código CVM
2026-04-19 14:23:11 | INFO     | src.processing.pipeline — [EQTL3] 2020: FALHA — DFPParser sem dados — verifique o código CVM
2026-04-19 14:23:11 | INFO     | src.processing.pipeline — [EQTL3] 2021: FALHA — DFPParser sem dados — verifique o código CVM
2026-04-19 14:23:11 | INFO     | src.processing.pipeline — [EQTL3] 2022: FALHA — DFPParser sem dados — verifique o código CVM
2026-04-19 14:23:12 | INFO     | src.processing.pipeline — [EQTL3] 2023: FALHA — DFPParser sem dados — verifique o código CVM
2026-04-19 14:23:12 | INFO     | src.processing.pipeline — [EQTL3] 2024: OK
2026-04-19 14:23:12 | INFO     | src.processing.pipeline — [EQTL3] 2025: FALHA — DFPParser sem dados — verifique o código CVM
2026-04-19 14:23:12 | INFO     | src.processing.pipeline — [EQTL3] 2026: FALHA — CSVs não encontrados em /Users/diegocarvalho/Library/CloudStorage/OneDrive-EPEJUD/DIEGO/OBSIDIAN/Analista de Investimentos/12_PYTHON/data/raw/cvm/DFP/2026 — execute 'ingest' primeiro
2026-04-19 14:23:12 | INFO     | src.processing.pipeline — [EQTL3] concluído — ok=1 pulados=0 falhas=7
2026-04-19 14:23:12 | INFO     | __main__ — Processamento concluído — ok=1 falhas=7
2026-04-19 14:23:13 | INFO     | src.processing.pipeline — [AURE3] processando 8 anos (banco=False, CVM=026620)
2026-04-19 14:23:13 | INFO     | src.processing.pipeline — [AURE3] 2019: FALHA — DFPParser sem dados — verifique o código CVM
2026-04-19 14:23:13 | INFO     | src.processing.pipeline — [AURE3] 2020: FALHA — DFPParser sem dados — verifique o código CVM
2026-04-19 14:23:14 | INFO     | src.processing.pipeline — [AURE3] 2021: OK
2026-04-19 14:23:14 | INFO     | src.processing.pipeline — [AURE3] 2022: OK
2026-04-19 14:23:14 | INFO     | src.processing.pipeline — [AURE3] 2023: OK
2026-04-19 14:23:15 | INFO     | src.processing.pipeline — [AURE3] 2024: OK
2026-04-19 14:23:15 | INFO     | src.processing.pipeline — [AURE3] 2025: OK
2026-04-19 14:23:15 | INFO     | src.processing.pipeline — [AURE3] 2026: FALHA — CSVs não encontrados em /Users/diegocarvalho/Library/CloudStorage/OneDrive-EPEJUD/DIEGO/OBSIDIAN/Analista de Investimentos/12_PYTHON/data/raw/cvm/DFP/2026 — execute 'ingest' primeiro
2026-04-19 14:23:15 | INFO     | src.processing.pipeline — [AURE3] concluído — ok=5 pulados=0 falhas=3
2026-04-19 14:23:15 | INFO     | __main__ — Processamento concluído — ok=5 falhas=3
2026-04-19 14:23:15 | INFO     | src.processing.pipeline — [ISAE4] processando 8 anos (banco=False, CVM=018376)
2026-04-19 14:23:16 | INFO     | src.processing.pipeline — [ISAE4] 2019: OK
2026-04-19 14:23:16 | INFO     | src.processing.pipeline — [ISAE4] 2020: OK
2026-04-19 14:23:16 | INFO     | src.processing.pipeline — [ISAE4] 2021: OK
2026-04-19 14:23:17 | INFO     | src.processing.pipeline — [ISAE4] 2022: OK
2026-04-19 14:23:17 | INFO     | src.processing.pipeline — [ISAE4] 2023: OK
2026-04-19 14:23:17 | INFO     | src.processing.pipeline — [ISAE4] 2024: OK
2026-04-19 14:23:18 | INFO     | src.processing.pipeline — [ISAE4] 2025: OK
2026-04-19 14:23:18 | INFO     | src.processing.pipeline — [ISAE4] 2026: FALHA — CSVs não encontrados em /Users/diegocarvalho/Library/CloudStorage/OneDrive-EPEJUD/DIEGO/OBSIDIAN/Analista de Investimentos/12_PYTHON/data/raw/cvm/DFP/2026 — execute 'ingest' primeiro
2026-04-19 14:23:18 | INFO     | src.processing.pipeline — [ISAE4] concluído — ok=7 pulados=0 falhas=1
2026-04-19 14:23:18 | INFO     | __main__ — Processamento concluído — ok=7 falhas=1
2026-04-19 14:23:18 | INFO     | src.processing.pipeline — [TAEE11] processando 8 anos (banco=False, CVM=023582)
2026-04-19 14:23:18 | INFO     | src.processing.pipeline — [TAEE11] 2019: FALHA — DFPParser sem dados — verifique o código CVM
2026-04-19 14:23:19 | INFO     | src.processing.pipeline — [TAEE11] 2020: FALHA — DFPParser sem dados — verifique o código CVM
2026-04-19 14:23:19 | INFO     | src.processing.pipeline — [TAEE11] 2021: FALHA — DFPParser sem dados — verifique o código CVM
2026-04-19 14:23:19 | INFO     | src.processing.pipeline — [TAEE11] 2022: FALHA — DFPParser sem dados — verifique o código CVM
2026-04-19 14:23:20 | INFO     | src.processing.pipeline — [TAEE11] 2023: FALHA — DFPParser sem dados — verifique o código CVM
2026-04-19 14:23:20 | INFO     | src.processing.pipeline — [TAEE11] 2024: FALHA — DFPParser sem dados — verifique o código CVM
2026-04-19 14:23:20 | INFO     | src.processing.pipeline — [TAEE11] 2025: FALHA — DFPParser sem dados — verifique o código CVM
2026-04-19 14:23:20 | INFO     | src.processing.pipeline — [TAEE11] 2026: FALHA — CSVs não encontrados em /Users/diegocarvalho/Library/CloudStorage/OneDrive-EPEJUD/DIEGO/OBSIDIAN/Analista de Investimentos/12_PYTHON/data/raw/cvm/DFP/2026 — execute 'ingest' primeiro
2026-04-19 14:23:20 | INFO     | src.processing.pipeline — [TAEE11] concluído — ok=0 pulados=0 falhas=8
2026-04-19 14:23:20 | INFO     | __main__ — Processamento concluído — ok=0 falhas=8
2026-04-19 14:23:21 | INFO     | src.processing.pipeline — [SBSP3] processando 8 anos (banco=False, CVM=014443)
2026-04-19 14:23:21 | INFO     | src.processing.pipeline — [SBSP3] 2019: FALHA — DFPParser sem dados — verifique o código CVM
2026-04-19 14:23:21 | INFO     | src.processing.pipeline — [SBSP3] 2020: FALHA — DFPParser sem dados — verifique o código CVM
2026-04-19 14:23:22 | INFO     | src.processing.pipeline — [SBSP3] 2021: FALHA — DFPParser sem dados — verifique o código CVM
2026-04-19 14:23:22 | INFO     | src.processing.pipeline — [SBSP3] 2022: FALHA — DFPParser sem dados — verifique o código CVM
2026-04-19 14:23:22 | INFO     | src.processing.pipeline — [SBSP3] 2023: OK
2026-04-19 14:23:23 | INFO     | src.processing.pipeline — [SBSP3] 2024: OK
2026-04-19 14:23:23 | INFO     | src.processing.pipeline — [SBSP3] 2025: OK
2026-04-19 14:23:23 | INFO     | src.processing.pipeline — [SBSP3] 2026: FALHA — CSVs não encontrados em /Users/diegocarvalho/Library/CloudStorage/OneDrive-EPEJUD/DIEGO/OBSIDIAN/Analista de Investimentos/12_PYTHON/data/raw/cvm/DFP/2026 — execute 'ingest' primeiro
2026-04-19 14:23:23 | INFO     | src.processing.pipeline — [SBSP3] concluído — ok=3 pulados=0 falhas=5
2026-04-19 14:23:23 | INFO     | __main__ — Processamento concluído — ok=3 falhas=5
2026-04-19 14:23:23 | INFO     | src.processing.pipeline — [VIVT3] processando 8 anos (banco=False, CVM=011258)
2026-04-19 14:23:24 | INFO     | src.processing.pipeline — [VIVT3] 2019: FALHA — DFPParser sem dados — verifique o código CVM
2026-04-19 14:23:24 | INFO     | src.processing.pipeline — [VIVT3] 2020: FALHA — DFPParser sem dados — verifique o código CVM
2026-04-19 14:23:24 | INFO     | src.processing.pipeline — [VIVT3] 2021: FALHA — DFPParser sem dados — verifique o código CVM
2026-04-19 14:23:25 | INFO     | src.processing.pipeline — [VIVT3] 2022: FALHA — DFPParser sem dados — verifique o código CVM
2026-04-19 14:23:25 | INFO     | src.processing.pipeline — [VIVT3] 2023: FALHA — DFPParser sem dados — verifique o código CVM
2026-04-19 14:23:25 | INFO     | src.processing.pipeline — [VIVT3] 2024: FALHA — DFPParser sem dados — verifique o código CVM
2026-04-19 14:23:26 | INFO     | src.processing.pipeline — [VIVT3] 2025: FALHA — DFPParser sem dados — verifique o código CVM
2026-04-19 14:23:26 | INFO     | src.processing.pipeline — [VIVT3] 2026: FALHA — CSVs não encontrados em /Users/diegocarvalho/Library/CloudStorage/OneDrive-EPEJUD/DIEGO/OBSIDIAN/Analista de Investimentos/12_PYTHON/data/raw/cvm/DFP/2026 — execute 'ingest' primeiro
2026-04-19 14:23:26 | INFO     | src.processing.pipeline — [VIVT3] concluído — ok=0 pulados=0 falhas=8
2026-04-19 14:23:26 | INFO     | __main__ — Processamento concluído — ok=0 falhas=8
2026-04-19 14:23:26 | INFO     | src.processing.pipeline — [TIMS3] processando 8 anos (banco=False, CVM=024929)
2026-04-19 14:23:26 | INFO     | src.processing.pipeline — [TIMS3] 2019: FALHA — DFPParser sem dados — verifique o código CVM
2026-04-19 14:23:27 | INFO     | src.processing.pipeline — [TIMS3] 2020: OK
2026-04-19 14:23:27 | INFO     | src.processing.pipeline — [TIMS3] 2021: FALHA — DFPParser sem dados — verifique o código CVM
2026-04-19 14:23:27 | INFO     | src.processing.pipeline — [TIMS3] 2022: OK
2026-04-19 14:23:28 | INFO     | src.processing.pipeline — [TIMS3] 2023: OK
2026-04-19 14:23:28 | INFO     | src.processing.pipeline — [TIMS3] 2024: OK
2026-04-19 14:23:28 | INFO     | src.processing.pipeline — [TIMS3] 2025: OK
2026-04-19 14:23:28 | INFO     | src.processing.pipeline — [TIMS3] 2026: FALHA — CSVs não encontrados em /Users/diegocarvalho/Library/CloudStorage/OneDrive-EPEJUD/DIEGO/OBSIDIAN/Analista de Investimentos/12_PYTHON/data/raw/cvm/DFP/2026 — execute 'ingest' primeiro
2026-04-19 14:23:28 | INFO     | src.processing.pipeline — [TIMS3] concluído — ok=5 pulados=0 falhas=3
2026-04-19 14:23:28 | INFO     | __main__ — Processamento concluído — ok=5 falhas=3
2026-04-19 14:23:29 | INFO     | src.processing.pipeline — [WEGE3] processando 8 anos (banco=False, CVM=005410)
2026-04-19 14:23:29 | INFO     | src.processing.pipeline — [WEGE3] 2019: OK
2026-04-19 14:23:29 | INFO     | src.processing.pipeline — [WEGE3] 2020: OK
2026-04-19 14:23:29 | INFO     | src.processing.pipeline — [WEGE3] 2021: OK
2026-04-19 14:23:29 | INFO     | src.processing.pipeline — [WEGE3] 2022: OK
2026-04-19 14:23:29 | INFO     | src.processing.pipeline — [WEGE3] 2023: OK
2026-04-19 14:23:29 | INFO     | src.processing.pipeline — [WEGE3] 2024: OK
2026-04-19 14:23:29 | INFO     | src.processing.pipeline — [WEGE3] 2025: OK
2026-04-19 14:23:29 | INFO     | src.processing.pipeline — [WEGE3] 2026: FALHA — CSVs não encontrados em /Users/diegocarvalho/Library/CloudStorage/OneDrive-EPEJUD/DIEGO/OBSIDIAN/Analista de Investimentos/12_PYTHON/data/raw/cvm/DFP/2026 — execute 'ingest' primeiro
2026-04-19 14:23:29 | INFO     | src.processing.pipeline — [WEGE3] concluído — ok=0 pulados=7 falhas=1
2026-04-19 14:23:29 | INFO     | __main__ — Processamento concluído — ok=0 falhas=1
2026-04-19 14:23:29 | INFO     | src.processing.pipeline — [EMBR3] processando 8 anos (banco=False, CVM=020087)
2026-04-19 14:23:29 | INFO     | src.processing.pipeline — [EMBR3] 2019: OK
2026-04-19 14:23:30 | INFO     | src.processing.pipeline — [EMBR3] 2020: OK
2026-04-19 14:23:30 | INFO     | src.processing.pipeline — [EMBR3] 2021: OK
2026-04-19 14:23:30 | INFO     | src.processing.pipeline — [EMBR3] 2022: OK
2026-04-19 14:23:31 | INFO     | src.processing.pipeline — [EMBR3] 2023: OK
2026-04-19 14:23:31 | INFO     | src.processing.pipeline — [EMBR3] 2024: OK
2026-04-19 14:23:31 | INFO     | src.processing.pipeline — [EMBR3] 2025: OK
2026-04-19 14:23:31 | INFO     | src.processing.pipeline — [EMBR3] 2026: FALHA — CSVs não encontrados em /Users/diegocarvalho/Library/CloudStorage/OneDrive-EPEJUD/DIEGO/OBSIDIAN/Analista de Investimentos/12_PYTHON/data/raw/cvm/DFP/2026 — execute 'ingest' primeiro
2026-04-19 14:23:31 | INFO     | src.processing.pipeline — [EMBR3] concluído — ok=7 pulados=0 falhas=1
2026-04-19 14:23:31 | INFO     | __main__ — Processamento concluído — ok=7 falhas=1
2026-04-19 14:23:32 | INFO     | src.processing.pipeline — [POMO4] processando 8 anos (banco=False, CVM=008451)
2026-04-19 14:23:32 | INFO     | src.processing.pipeline — [POMO4] 2019: OK
2026-04-19 14:23:32 | INFO     | src.processing.pipeline — [POMO4] 2020: OK
2026-04-19 14:23:33 | INFO     | src.processing.pipeline — [POMO4] 2021: OK
2026-04-19 14:23:33 | INFO     | src.processing.pipeline — [POMO4] 2022: OK
2026-04-19 14:23:33 | INFO     | src.processing.pipeline — [POMO4] 2023: OK
2026-04-19 14:23:34 | INFO     | src.processing.pipeline — [POMO4] 2024: OK
2026-04-19 14:23:34 | INFO     | src.processing.pipeline — [POMO4] 2025: OK
2026-04-19 14:23:34 | INFO     | src.processing.pipeline — [POMO4] 2026: FALHA — CSVs não encontrados em /Users/diegocarvalho/Library/CloudStorage/OneDrive-EPEJUD/DIEGO/OBSIDIAN/Analista de Investimentos/12_PYTHON/data/raw/cvm/DFP/2026 — execute 'ingest' primeiro
2026-04-19 14:23:34 | INFO     | src.processing.pipeline — [POMO4] concluído — ok=7 pulados=0 falhas=1
2026-04-19 14:23:34 | INFO     | __main__ — Processamento concluído — ok=7 falhas=1
2026-04-19 14:23:34 | INFO     | src.processing.pipeline — [STBP3] processando 8 anos (banco=False, CVM=017892)
2026-04-19 14:23:35 | INFO     | src.processing.pipeline — [STBP3] 2019: OK
2026-04-19 14:23:35 | INFO     | src.processing.pipeline — [STBP3] 2020: OK
2026-04-19 14:23:35 | INFO     | src.processing.pipeline — [STBP3] 2021: OK
2026-04-19 14:23:36 | INFO     | src.processing.pipeline — [STBP3] 2022: OK
2026-04-19 14:23:36 | INFO     | src.processing.pipeline — [STBP3] 2023: OK
2026-04-19 14:23:36 | INFO     | src.processing.pipeline — [STBP3] 2024: OK
2026-04-19 14:23:37 | INFO     | src.processing.pipeline — [STBP3] 2025: OK
2026-04-19 14:23:37 | INFO     | src.processing.pipeline — [STBP3] 2026: FALHA — CSVs não encontrados em /Users/diegocarvalho/Library/CloudStorage/OneDrive-EPEJUD/DIEGO/OBSIDIAN/Analista de Investimentos/12_PYTHON/data/raw/cvm/DFP/2026 — execute 'ingest' primeiro
2026-04-19 14:23:37 | INFO     | src.processing.pipeline — [STBP3] concluído — ok=7 pulados=0 falhas=1
2026-04-19 14:23:37 | INFO     | __main__ — Processamento concluído — ok=7 falhas=1
2026-04-19 14:23:37 | INFO     | src.processing.pipeline — [CCRO3] processando 8 anos (banco=False, CVM=009601)
2026-04-19 14:23:37 | INFO     | src.processing.pipeline — [CCRO3] 2019: FALHA — DFPParser sem dados — verifique o código CVM
2026-04-19 14:23:38 | INFO     | src.processing.pipeline — [CCRO3] 2020: FALHA — DFPParser sem dados — verifique o código CVM
2026-04-19 14:23:38 | INFO     | src.processing.pipeline — [CCRO3] 2021: FALHA — DFPParser sem dados — verifique o código CVM
2026-04-19 14:23:38 | INFO     | src.processing.pipeline — [CCRO3] 2022: FALHA — DFPParser sem dados — verifique o código CVM
2026-04-19 14:23:39 | INFO     | src.processing.pipeline — [CCRO3] 2023: FALHA — DFPParser sem dados — verifique o código CVM
2026-04-19 14:23:39 | INFO     | src.processing.pipeline — [CCRO3] 2024: FALHA — DFPParser sem dados — verifique o código CVM
2026-04-19 14:23:39 | INFO     | src.processing.pipeline — [CCRO3] 2025: FALHA — DFPParser sem dados — verifique o código CVM
2026-04-19 14:23:39 | INFO     | src.processing.pipeline — [CCRO3] 2026: FALHA — CSVs não encontrados em /Users/diegocarvalho/Library/CloudStorage/OneDrive-EPEJUD/DIEGO/OBSIDIAN/Analista de Investimentos/12_PYTHON/data/raw/cvm/DFP/2026 — execute 'ingest' primeiro
2026-04-19 14:23:39 | INFO     | src.processing.pipeline — [CCRO3] concluído — ok=0 pulados=0 falhas=8
2026-04-19 14:23:39 | INFO     | __main__ — Processamento concluído — ok=0 falhas=8
2026-04-19 14:23:40 | INFO     | src.processing.pipeline — [RAIL3] processando 8 anos (banco=False, CVM=017450)
2026-04-19 14:23:40 | INFO     | src.processing.pipeline — [RAIL3] 2019: OK
2026-04-19 14:23:40 | INFO     | src.processing.pipeline — [RAIL3] 2020: OK
2026-04-19 14:23:41 | INFO     | src.processing.pipeline — [RAIL3] 2021: OK
2026-04-19 14:23:41 | INFO     | src.processing.pipeline — [RAIL3] 2022: OK
2026-04-19 14:23:41 | INFO     | src.processing.pipeline — [RAIL3] 2023: OK
2026-04-19 14:23:42 | INFO     | src.processing.pipeline — [RAIL3] 2024: OK
2026-04-19 14:23:42 | INFO     | src.processing.pipeline — [RAIL3] 2025: OK
2026-04-19 14:23:42 | INFO     | src.processing.pipeline — [RAIL3] 2026: FALHA — CSVs não encontrados em /Users/diegocarvalho/Library/CloudStorage/OneDrive-EPEJUD/DIEGO/OBSIDIAN/Analista de Investimentos/12_PYTHON/data/raw/cvm/DFP/2026 — execute 'ingest' primeiro
2026-04-19 14:23:42 | INFO     | src.processing.pipeline — [RAIL3] concluído — ok=7 pulados=0 falhas=1
2026-04-19 14:23:42 | INFO     | __main__ — Processamento concluído — ok=7 falhas=1
2026-04-19 14:23:42 | INFO     | src.processing.pipeline — [UGPA3] processando 8 anos (banco=False, CVM=018465)
2026-04-19 14:23:43 | INFO     | src.processing.pipeline — [UGPA3] 2019: OK
2026-04-19 14:23:43 | INFO     | src.processing.pipeline — [UGPA3] 2020: OK
2026-04-19 14:23:43 | INFO     | src.processing.pipeline — [UGPA3] 2021: OK
2026-04-19 14:23:44 | INFO     | src.processing.pipeline — [UGPA3] 2022: OK
2026-04-19 14:23:44 | INFO     | src.processing.pipeline — [UGPA3] 2023: OK
2026-04-19 14:23:44 | INFO     | src.processing.pipeline — [UGPA3] 2024: OK
2026-04-19 14:23:45 | INFO     | src.processing.pipeline — [UGPA3] 2025: OK
2026-04-19 14:23:45 | INFO     | src.processing.pipeline — [UGPA3] 2026: FALHA — CSVs não encontrados em /Users/diegocarvalho/Library/CloudStorage/OneDrive-EPEJUD/DIEGO/OBSIDIAN/Analista de Investimentos/12_PYTHON/data/raw/cvm/DFP/2026 — execute 'ingest' primeiro
2026-04-19 14:23:45 | INFO     | src.processing.pipeline — [UGPA3] concluído — ok=7 pulados=0 falhas=1
2026-04-19 14:23:45 | INFO     | __main__ — Processamento concluído — ok=7 falhas=1
2026-04-19 14:23:45 | INFO     | src.processing.pipeline — [SUZB3] processando 8 anos (banco=False, CVM=013986)
2026-04-19 14:23:45 | INFO     | src.processing.pipeline — [SUZB3] 2019: OK
2026-04-19 14:23:46 | INFO     | src.processing.pipeline — [SUZB3] 2020: OK
2026-04-19 14:23:46 | INFO     | src.processing.pipeline — [SUZB3] 2021: OK
2026-04-19 14:23:46 | INFO     | src.processing.pipeline — [SUZB3] 2022: OK
2026-04-19 14:23:47 | INFO     | src.processing.pipeline — [SUZB3] 2023: OK
2026-04-19 14:23:47 | INFO     | src.processing.pipeline — [SUZB3] 2024: OK
2026-04-19 14:23:47 | INFO     | src.processing.pipeline — [SUZB3] 2025: OK
2026-04-19 14:23:47 | INFO     | src.processing.pipeline — [SUZB3] 2026: FALHA — CSVs não encontrados em /Users/diegocarvalho/Library/CloudStorage/OneDrive-EPEJUD/DIEGO/OBSIDIAN/Analista de Investimentos/12_PYTHON/data/raw/cvm/DFP/2026 — execute 'ingest' primeiro
2026-04-19 14:23:47 | INFO     | src.processing.pipeline — [SUZB3] concluído — ok=7 pulados=0 falhas=1
2026-04-19 14:23:47 | INFO     | __main__ — Processamento concluído — ok=7 falhas=1
2026-04-19 14:23:48 | INFO     | src.processing.pipeline — [KLBN11] processando 8 anos (banco=False, CVM=012653)
2026-04-19 14:23:48 | INFO     | src.processing.pipeline — [KLBN11] 2019: OK
2026-04-19 14:23:48 | INFO     | src.processing.pipeline — [KLBN11] 2020: OK
2026-04-19 14:23:49 | INFO     | src.processing.pipeline — [KLBN11] 2021: OK
2026-04-19 14:23:49 | INFO     | src.processing.pipeline — [KLBN11] 2022: OK
2026-04-19 14:23:50 | INFO     | src.processing.pipeline — [KLBN11] 2023: OK
2026-04-19 14:23:50 | INFO     | src.processing.pipeline — [KLBN11] 2024: OK
2026-04-19 14:23:50 | INFO     | src.processing.pipeline — [KLBN11] 2025: OK
2026-04-19 14:23:50 | INFO     | src.processing.pipeline — [KLBN11] 2026: FALHA — CSVs não encontrados em /Users/diegocarvalho/Library/CloudStorage/OneDrive-EPEJUD/DIEGO/OBSIDIAN/Analista de Investimentos/12_PYTHON/data/raw/cvm/DFP/2026 — execute 'ingest' primeiro
2026-04-19 14:23:50 | INFO     | src.processing.pipeline — [KLBN11] concluído — ok=7 pulados=0 falhas=1
2026-04-19 14:23:50 | INFO     | __main__ — Processamento concluído — ok=7 falhas=1
2026-04-19 14:23:51 | INFO     | src.processing.pipeline — [ABEV3] processando 8 anos (banco=False, CVM=023264)
2026-04-19 14:23:51 | INFO     | src.processing.pipeline — [ABEV3] 2019: OK
2026-04-19 14:23:51 | INFO     | src.processing.pipeline — [ABEV3] 2020: OK
2026-04-19 14:23:52 | INFO     | src.processing.pipeline — [ABEV3] 2021: OK
2026-04-19 14:23:52 | INFO     | src.processing.pipeline — [ABEV3] 2022: OK
2026-04-19 14:23:52 | INFO     | src.processing.pipeline — [ABEV3] 2023: OK
2026-04-19 14:23:53 | INFO     | src.processing.pipeline — [ABEV3] 2024: OK
2026-04-19 14:23:53 | INFO     | src.processing.pipeline — [ABEV3] 2025: OK
2026-04-19 14:23:53 | INFO     | src.processing.pipeline — [ABEV3] 2026: FALHA — CSVs não encontrados em /Users/diegocarvalho/Library/CloudStorage/OneDrive-EPEJUD/DIEGO/OBSIDIAN/Analista de Investimentos/12_PYTHON/data/raw/cvm/DFP/2026 — execute 'ingest' primeiro
2026-04-19 14:23:53 | INFO     | src.processing.pipeline — [ABEV3] concluído — ok=7 pulados=0 falhas=1
2026-04-19 14:23:53 | INFO     | __main__ — Processamento concluído — ok=7 falhas=1
2026-04-19 14:23:54 | INFO     | src.processing.pipeline — [JBSS3] processando 8 anos (banco=False, CVM=020575)
2026-04-19 14:23:54 | INFO     | src.processing.pipeline — [JBSS3] 2019: OK
2026-04-19 14:23:54 | INFO     | src.processing.pipeline — [JBSS3] 2020: OK
2026-04-19 14:23:55 | INFO     | src.processing.pipeline — [JBSS3] 2021: OK
2026-04-19 14:23:55 | INFO     | src.processing.pipeline — [JBSS3] 2022: OK
2026-04-19 14:23:56 | INFO     | src.processing.pipeline — [JBSS3] 2023: OK
2026-04-19 14:23:56 | INFO     | src.processing.pipeline — [JBSS3] 2024: OK
2026-04-19 14:23:56 | INFO     | src.processing.pipeline — [JBSS3] 2025: OK
2026-04-19 14:23:56 | INFO     | src.processing.pipeline — [JBSS3] 2026: FALHA — CSVs não encontrados em /Users/diegocarvalho/Library/CloudStorage/OneDrive-EPEJUD/DIEGO/OBSIDIAN/Analista de Investimentos/12_PYTHON/data/raw/cvm/DFP/2026 — execute 'ingest' primeiro
2026-04-19 14:23:56 | INFO     | src.processing.pipeline — [JBSS3] concluído — ok=7 pulados=0 falhas=1
2026-04-19 14:23:56 | INFO     | __main__ — Processamento concluído — ok=7 falhas=1
2026-04-19 14:23:57 | INFO     | src.processing.pipeline — [BRFS3] processando 8 anos (banco=False, CVM=016292)
2026-04-19 14:23:57 | INFO     | src.processing.pipeline — [BRFS3] 2019: OK
2026-04-19 14:23:57 | INFO     | src.processing.pipeline — [BRFS3] 2020: OK
2026-04-19 14:23:58 | INFO     | src.processing.pipeline — [BRFS3] 2021: OK
2026-04-19 14:23:58 | INFO     | src.processing.pipeline — [BRFS3] 2022: OK
2026-04-19 14:23:59 | INFO     | src.processing.pipeline — [BRFS3] 2023: OK
2026-04-19 14:23:59 | INFO     | src.processing.pipeline — [BRFS3] 2024: OK
2026-04-19 14:23:59 | INFO     | src.processing.pipeline — [BRFS3] 2025: OK
2026-04-19 14:23:59 | INFO     | src.processing.pipeline — [BRFS3] 2026: FALHA — CSVs não encontrados em /Users/diegocarvalho/Library/CloudStorage/OneDrive-EPEJUD/DIEGO/OBSIDIAN/Analista de Investimentos/12_PYTHON/data/raw/cvm/DFP/2026 — execute 'ingest' primeiro
2026-04-19 14:23:59 | INFO     | src.processing.pipeline — [BRFS3] concluído — ok=7 pulados=0 falhas=1
2026-04-19 14:23:59 | INFO     | __main__ — Processamento concluído — ok=7 falhas=1
2026-04-19 14:24:00 | INFO     | src.processing.pipeline — [MRFG3] processando 8 anos (banco=False, CVM=020788)
2026-04-19 14:24:00 | INFO     | src.processing.pipeline — [MRFG3] 2019: OK
2026-04-19 14:24:00 | INFO     | src.processing.pipeline — [MRFG3] 2020: OK
2026-04-19 14:24:01 | INFO     | src.processing.pipeline — [MRFG3] 2021: OK
2026-04-19 14:24:01 | INFO     | src.processing.pipeline — [MRFG3] 2022: OK
2026-04-19 14:24:02 | INFO     | src.processing.pipeline — [MRFG3] 2023: OK
2026-04-19 14:24:02 | INFO     | src.processing.pipeline — [MRFG3] 2024: OK
2026-04-19 14:24:02 | INFO     | src.processing.pipeline — [MRFG3] 2025: OK
2026-04-19 14:24:02 | INFO     | src.processing.pipeline — [MRFG3] 2026: FALHA — CSVs não encontrados em /Users/diegocarvalho/Library/CloudStorage/OneDrive-EPEJUD/DIEGO/OBSIDIAN/Analista de Investimentos/12_PYTHON/data/raw/cvm/DFP/2026 — execute 'ingest' primeiro
2026-04-19 14:24:02 | INFO     | src.processing.pipeline — [MRFG3] concluído — ok=7 pulados=0 falhas=1
2026-04-19 14:24:02 | INFO     | __main__ — Processamento concluído — ok=7 falhas=1
2026-04-19 14:24:03 | INFO     | src.processing.pipeline — [BEEF3] processando 8 anos (banco=False, CVM=020931)
2026-04-19 14:24:03 | INFO     | src.processing.pipeline — [BEEF3] 2019: OK
2026-04-19 14:24:04 | INFO     | src.processing.pipeline — [BEEF3] 2020: OK
2026-04-19 14:24:04 | INFO     | src.processing.pipeline — [BEEF3] 2021: OK
2026-04-19 14:24:05 | INFO     | src.processing.pipeline — [BEEF3] 2022: OK
2026-04-19 14:24:05 | INFO     | src.processing.pipeline — [BEEF3] 2023: OK
2026-04-19 14:24:06 | INFO     | src.processing.pipeline — [BEEF3] 2024: OK
2026-04-19 14:24:06 | INFO     | src.processing.pipeline — [BEEF3] 2025: OK
2026-04-19 14:24:06 | INFO     | src.processing.pipeline — [BEEF3] 2026: FALHA — CSVs não encontrados em /Users/diegocarvalho/Library/CloudStorage/OneDrive-EPEJUD/DIEGO/OBSIDIAN/Analista de Investimentos/12_PYTHON/data/raw/cvm/DFP/2026 — execute 'ingest' primeiro
2026-04-19 14:24:06 | INFO     | src.processing.pipeline — [BEEF3] concluído — ok=7 pulados=0 falhas=1
2026-04-19 14:24:06 | INFO     | __main__ — Processamento concluído — ok=7 falhas=1
2026-04-19 14:24:07 | INFO     | src.processing.pipeline — [SMTO3] processando 8 anos (banco=False, CVM=020516)
2026-04-19 14:24:07 | INFO     | src.processing.pipeline — [SMTO3] 2019: OK
2026-04-19 14:24:08 | INFO     | src.processing.pipeline — [SMTO3] 2020: OK
2026-04-19 14:24:08 | INFO     | src.processing.pipeline — [SMTO3] 2021: OK
2026-04-19 14:24:09 | INFO     | src.processing.pipeline — [SMTO3] 2022: OK
2026-04-19 14:24:09 | INFO     | src.processing.pipeline — [SMTO3] 2023: OK
2026-04-19 14:24:09 | INFO     | src.processing.pipeline — [SMTO3] 2024: OK
2026-04-19 14:24:10 | INFO     | src.processing.pipeline — [SMTO3] 2025: OK
2026-04-19 14:24:10 | INFO     | src.processing.pipeline — [SMTO3] 2026: FALHA — CSVs não encontrados em /Users/diegocarvalho/Library/CloudStorage/OneDrive-EPEJUD/DIEGO/OBSIDIAN/Analista de Investimentos/12_PYTHON/data/raw/cvm/DFP/2026 — execute 'ingest' primeiro
2026-04-19 14:24:10 | INFO     | src.processing.pipeline — [SMTO3] concluído — ok=7 pulados=0 falhas=1
2026-04-19 14:24:10 | INFO     | __main__ — Processamento concluído — ok=7 falhas=1
2026-04-19 14:24:10 | INFO     | src.processing.pipeline — [SLCE3] processando 8 anos (banco=False, CVM=020745)
2026-04-19 14:24:11 | INFO     | src.processing.pipeline — [SLCE3] 2019: OK
2026-04-19 14:24:11 | INFO     | src.processing.pipeline — [SLCE3] 2020: OK
2026-04-19 14:24:12 | INFO     | src.processing.pipeline — [SLCE3] 2021: OK
2026-04-19 14:24:12 | INFO     | src.processing.pipeline — [SLCE3] 2022: OK
2026-04-19 14:24:12 | INFO     | src.processing.pipeline — [SLCE3] 2023: OK
2026-04-19 14:24:13 | INFO     | src.processing.pipeline — [SLCE3] 2024: OK
2026-04-19 14:24:13 | INFO     | src.processing.pipeline — [SLCE3] 2025: OK
2026-04-19 14:24:13 | INFO     | src.processing.pipeline — [SLCE3] 2026: FALHA — CSVs não encontrados em /Users/diegocarvalho/Library/CloudStorage/OneDrive-EPEJUD/DIEGO/OBSIDIAN/Analista de Investimentos/12_PYTHON/data/raw/cvm/DFP/2026 — execute 'ingest' primeiro
2026-04-19 14:24:13 | INFO     | src.processing.pipeline — [SLCE3] concluído — ok=7 pulados=0 falhas=1
2026-04-19 14:24:13 | INFO     | __main__ — Processamento concluído — ok=7 falhas=1
2026-04-19 14:24:14 | INFO     | src.processing.pipeline — [LREN3] processando 8 anos (banco=False, CVM=008133)
2026-04-19 14:24:14 | INFO     | src.processing.pipeline — [LREN3] 2019: OK
2026-04-19 14:24:14 | INFO     | src.processing.pipeline — [LREN3] 2020: OK
2026-04-19 14:24:15 | INFO     | src.processing.pipeline — [LREN3] 2021: OK
2026-04-19 14:24:15 | INFO     | src.processing.pipeline — [LREN3] 2022: OK
2026-04-19 14:24:16 | INFO     | src.processing.pipeline — [LREN3] 2023: OK
2026-04-19 14:24:16 | INFO     | src.processing.pipeline — [LREN3] 2024: OK
2026-04-19 14:24:17 | INFO     | src.processing.pipeline — [LREN3] 2025: OK
2026-04-19 14:24:17 | INFO     | src.processing.pipeline — [LREN3] 2026: FALHA — CSVs não encontrados em /Users/diegocarvalho/Library/CloudStorage/OneDrive-EPEJUD/DIEGO/OBSIDIAN/Analista de Investimentos/12_PYTHON/data/raw/cvm/DFP/2026 — execute 'ingest' primeiro
2026-04-19 14:24:17 | INFO     | src.processing.pipeline — [LREN3] concluído — ok=7 pulados=0 falhas=1
2026-04-19 14:24:17 | INFO     | __main__ — Processamento concluído — ok=7 falhas=1
2026-04-19 14:24:17 | INFO     | src.processing.pipeline — [MGLU3] processando 8 anos (banco=False, CVM=022470)
2026-04-19 14:24:17 | INFO     | src.processing.pipeline — [MGLU3] 2019: OK
2026-04-19 14:24:18 | INFO     | src.processing.pipeline — [MGLU3] 2020: OK
2026-04-19 14:24:18 | INFO     | src.processing.pipeline — [MGLU3] 2021: OK
2026-04-19 14:24:19 | INFO     | src.processing.pipeline — [MGLU3] 2022: OK
2026-04-19 14:24:19 | INFO     | src.processing.pipeline — [MGLU3] 2023: OK
2026-04-19 14:24:20 | INFO     | src.processing.pipeline — [MGLU3] 2024: OK
2026-04-19 14:24:20 | INFO     | src.processing.pipeline — [MGLU3] 2025: OK
2026-04-19 14:24:20 | INFO     | src.processing.pipeline — [MGLU3] 2026: FALHA — CSVs não encontrados em /Users/diegocarvalho/Library/CloudStorage/OneDrive-EPEJUD/DIEGO/OBSIDIAN/Analista de Investimentos/12_PYTHON/data/raw/cvm/DFP/2026 — execute 'ingest' primeiro
2026-04-19 14:24:20 | INFO     | src.processing.pipeline — [MGLU3] concluído — ok=7 pulados=0 falhas=1
2026-04-19 14:24:20 | INFO     | __main__ — Processamento concluído — ok=7 falhas=1
2026-04-19 14:24:20 | INFO     | src.processing.pipeline — [AZZA3] processando 8 anos (banco=False, CVM=022349)
2026-04-19 14:24:21 | INFO     | src.processing.pipeline — [AZZA3] 2019: OK
2026-04-19 14:24:21 | INFO     | src.processing.pipeline — [AZZA3] 2020: OK
2026-04-19 14:24:21 | INFO     | src.processing.pipeline — [AZZA3] 2021: OK
2026-04-19 14:24:22 | INFO     | src.processing.pipeline — [AZZA3] 2022: OK
2026-04-19 14:24:22 | INFO     | src.processing.pipeline — [AZZA3] 2023: OK
2026-04-19 14:24:23 | INFO     | src.processing.pipeline — [AZZA3] 2024: OK
2026-04-19 14:24:23 | INFO     | src.processing.pipeline — [AZZA3] 2025: OK
2026-04-19 14:24:23 | INFO     | src.processing.pipeline — [AZZA3] 2026: FALHA — CSVs não encontrados em /Users/diegocarvalho/Library/CloudStorage/OneDrive-EPEJUD/DIEGO/OBSIDIAN/Analista de Investimentos/12_PYTHON/data/raw/cvm/DFP/2026 — execute 'ingest' primeiro
2026-04-19 14:24:23 | INFO     | src.processing.pipeline — [AZZA3] concluído — ok=7 pulados=0 falhas=1
2026-04-19 14:24:23 | INFO     | __main__ — Processamento concluído — ok=7 falhas=1
2026-04-19 14:24:24 | INFO     | src.processing.pipeline — [NTCO3] processando 8 anos (banco=False, CVM=019550)
2026-04-19 14:24:24 | INFO     | src.processing.pipeline — [NTCO3] 2019: OK
2026-04-19 14:24:24 | INFO     | src.processing.pipeline — [NTCO3] 2020: OK
2026-04-19 14:24:25 | INFO     | src.processing.pipeline — [NTCO3] 2021: OK
2026-04-19 14:24:25 | INFO     | src.processing.pipeline — [NTCO3] 2022: OK
2026-04-19 14:24:26 | INFO     | src.processing.pipeline — [NTCO3] 2023: OK
2026-04-19 14:24:26 | INFO     | src.processing.pipeline — [NTCO3] 2024: OK
2026-04-19 14:24:26 | INFO     | src.processing.pipeline — [NTCO3] 2025: OK
2026-04-19 14:24:26 | INFO     | src.processing.pipeline — [NTCO3] 2026: FALHA — CSVs não encontrados em /Users/diegocarvalho/Library/CloudStorage/OneDrive-EPEJUD/DIEGO/OBSIDIAN/Analista de Investimentos/12_PYTHON/data/raw/cvm/DFP/2026 — execute 'ingest' primeiro
2026-04-19 14:24:26 | INFO     | src.processing.pipeline — [NTCO3] concluído — ok=7 pulados=0 falhas=1
2026-04-19 14:24:26 | INFO     | __main__ — Processamento concluído — ok=7 falhas=1
2026-04-19 14:24:27 | INFO     | src.processing.pipeline — [CRFB3] processando 8 anos (banco=False, CVM=023400)
2026-04-19 14:24:27 | INFO     | src.processing.pipeline — [CRFB3] 2019: FALHA — DFPParser sem dados — verifique o código CVM
2026-04-19 14:24:28 | INFO     | src.processing.pipeline — [CRFB3] 2020: FALHA — DFPParser sem dados — verifique o código CVM
2026-04-19 14:24:28 | INFO     | src.processing.pipeline — [CRFB3] 2021: FALHA — DFPParser sem dados — verifique o código CVM
2026-04-19 14:24:28 | INFO     | src.processing.pipeline — [CRFB3] 2022: FALHA — DFPParser sem dados — verifique o código CVM
2026-04-19 14:24:29 | INFO     | src.processing.pipeline — [CRFB3] 2023: FALHA — DFPParser sem dados — verifique o código CVM
2026-04-19 14:24:29 | INFO     | src.processing.pipeline — [CRFB3] 2024: FALHA — DFPParser sem dados — verifique o código CVM
2026-04-19 14:24:30 | INFO     | src.processing.pipeline — [CRFB3] 2025: FALHA — DFPParser sem dados — verifique o código CVM
2026-04-19 14:24:30 | INFO     | src.processing.pipeline — [CRFB3] 2026: FALHA — CSVs não encontrados em /Users/diegocarvalho/Library/CloudStorage/OneDrive-EPEJUD/DIEGO/OBSIDIAN/Analista de Investimentos/12_PYTHON/data/raw/cvm/DFP/2026 — execute 'ingest' primeiro
2026-04-19 14:24:30 | INFO     | src.processing.pipeline — [CRFB3] concluído — ok=0 pulados=0 falhas=8
2026-04-19 14:24:30 | INFO     | __main__ — Processamento concluído — ok=0 falhas=8
2026-04-19 14:24:30 | INFO     | src.processing.pipeline — [PCAR3] processando 8 anos (banco=False, CVM=006971)
2026-04-19 14:24:30 | INFO     | src.processing.pipeline — [PCAR3] 2019: FALHA — DFPParser sem dados — verifique o código CVM
2026-04-19 14:24:31 | INFO     | src.processing.pipeline — [PCAR3] 2020: FALHA — DFPParser sem dados — verifique o código CVM
2026-04-19 14:24:31 | INFO     | src.processing.pipeline — [PCAR3] 2021: FALHA — DFPParser sem dados — verifique o código CVM
2026-04-19 14:24:31 | INFO     | src.processing.pipeline — [PCAR3] 2022: FALHA — DFPParser sem dados — verifique o código CVM
2026-04-19 14:24:32 | INFO     | src.processing.pipeline — [PCAR3] 2023: FALHA — DFPParser sem dados — verifique o código CVM
2026-04-19 14:24:32 | INFO     | src.processing.pipeline — [PCAR3] 2024: FALHA — DFPParser sem dados — verifique o código CVM
2026-04-19 14:24:33 | INFO     | src.processing.pipeline — [PCAR3] 2025: FALHA — DFPParser sem dados — verifique o código CVM
2026-04-19 14:24:33 | INFO     | src.processing.pipeline — [PCAR3] 2026: FALHA — CSVs não encontrados em /Users/diegocarvalho/Library/CloudStorage/OneDrive-EPEJUD/DIEGO/OBSIDIAN/Analista de Investimentos/12_PYTHON/data/raw/cvm/DFP/2026 — execute 'ingest' primeiro
2026-04-19 14:24:33 | INFO     | src.processing.pipeline — [PCAR3] concluído — ok=0 pulados=0 falhas=8
2026-04-19 14:24:33 | INFO     | __main__ — Processamento concluído — ok=0 falhas=8
2026-04-19 14:24:33 | INFO     | src.processing.pipeline — [PETZ3] processando 8 anos (banco=False, CVM=025551)
2026-04-19 14:24:33 | INFO     | src.processing.pipeline — [PETZ3] 2019: FALHA — DFPParser sem dados — verifique o código CVM
2026-04-19 14:24:34 | INFO     | src.processing.pipeline — [PETZ3] 2020: FALHA — DFPParser sem dados — verifique o código CVM
2026-04-19 14:24:34 | INFO     | src.processing.pipeline — [PETZ3] 2021: FALHA — DFPParser sem dados — verifique o código CVM
2026-04-19 14:24:35 | INFO     | src.processing.pipeline — [PETZ3] 2022: FALHA — DFPParser sem dados — verifique o código CVM
2026-04-19 14:24:35 | INFO     | src.processing.pipeline — [PETZ3] 2023: FALHA — DFPParser sem dados — verifique o código CVM
2026-04-19 14:24:35 | INFO     | src.processing.pipeline — [PETZ3] 2024: FALHA — DFPParser sem dados — verifique o código CVM
2026-04-19 14:24:36 | INFO     | src.processing.pipeline — [PETZ3] 2025: FALHA — DFPParser sem dados — verifique o código CVM
2026-04-19 14:24:36 | INFO     | src.processing.pipeline — [PETZ3] 2026: FALHA — CSVs não encontrados em /Users/diegocarvalho/Library/CloudStorage/OneDrive-EPEJUD/DIEGO/OBSIDIAN/Analista de Investimentos/12_PYTHON/data/raw/cvm/DFP/2026 — execute 'ingest' primeiro
2026-04-19 14:24:36 | INFO     | src.processing.pipeline — [PETZ3] concluído — ok=0 pulados=0 falhas=8
2026-04-19 14:24:36 | INFO     | __main__ — Processamento concluído — ok=0 falhas=8
2026-04-19 14:24:36 | INFO     | src.processing.pipeline — [VIVA3] processando 8 anos (banco=False, CVM=024805)
2026-04-19 14:24:37 | INFO     | src.processing.pipeline — [VIVA3] 2019: OK
2026-04-19 14:24:37 | INFO     | src.processing.pipeline — [VIVA3] 2020: OK
2026-04-19 14:24:37 | INFO     | src.processing.pipeline — [VIVA3] 2021: OK
2026-04-19 14:24:38 | INFO     | src.processing.pipeline — [VIVA3] 2022: OK
2026-04-19 14:24:38 | INFO     | src.processing.pipeline — [VIVA3] 2023: OK
2026-04-19 14:24:39 | INFO     | src.processing.pipeline — [VIVA3] 2024: OK
2026-04-19 14:24:39 | INFO     | src.processing.pipeline — [VIVA3] 2025: OK
2026-04-19 14:24:39 | INFO     | src.processing.pipeline — [VIVA3] 2026: FALHA — CSVs não encontrados em /Users/diegocarvalho/Library/CloudStorage/OneDrive-EPEJUD/DIEGO/OBSIDIAN/Analista de Investimentos/12_PYTHON/data/raw/cvm/DFP/2026 — execute 'ingest' primeiro
2026-04-19 14:24:39 | INFO     | src.processing.pipeline — [VIVA3] concluído — ok=7 pulados=0 falhas=1
2026-04-19 14:24:39 | INFO     | __main__ — Processamento concluído — ok=7 falhas=1
2026-04-19 14:24:39 | INFO     | src.processing.pipeline — [AMOB3] processando 8 anos (banco=False, CVM=027707)
2026-04-19 14:24:40 | INFO     | src.processing.pipeline — [AMOB3] 2019: FALHA — DFPParser sem dados — verifique o código CVM
2026-04-19 14:24:40 | INFO     | src.processing.pipeline — [AMOB3] 2020: FALHA — DFPParser sem dados — verifique o código CVM
2026-04-19 14:24:41 | INFO     | src.processing.pipeline — [AMOB3] 2021: FALHA — DFPParser sem dados — verifique o código CVM
2026-04-19 14:24:41 | INFO     | src.processing.pipeline — [AMOB3] 2022: FALHA — DFPParser sem dados — verifique o código CVM
2026-04-19 14:24:41 | INFO     | src.processing.pipeline — [AMOB3] 2023: OK
2026-04-19 14:24:42 | INFO     | src.processing.pipeline — [AMOB3] 2024: OK
2026-04-19 14:24:42 | INFO     | src.processing.pipeline — [AMOB3] 2025: OK
2026-04-19 14:24:42 | INFO     | src.processing.pipeline — [AMOB3] 2026: FALHA — CSVs não encontrados em /Users/diegocarvalho/Library/CloudStorage/OneDrive-EPEJUD/DIEGO/OBSIDIAN/Analista de Investimentos/12_PYTHON/data/raw/cvm/DFP/2026 — execute 'ingest' primeiro
2026-04-19 14:24:42 | INFO     | src.processing.pipeline — [AMOB3] concluído — ok=3 pulados=0 falhas=5
2026-04-19 14:24:42 | INFO     | __main__ — Processamento concluído — ok=3 falhas=5
2026-04-19 14:24:43 | INFO     | src.processing.pipeline — [RDOR3] processando 8 anos (banco=False, CVM=021660)
2026-04-19 14:24:43 | INFO     | src.processing.pipeline — [RDOR3] 2019: FALHA — DFPParser sem dados — verifique o código CVM
2026-04-19 14:24:43 | INFO     | src.processing.pipeline — [RDOR3] 2020: FALHA — DFPParser sem dados — verifique o código CVM
2026-04-19 14:24:44 | INFO     | src.processing.pipeline — [RDOR3] 2021: FALHA — DFPParser sem dados — verifique o código CVM
2026-04-19 14:24:44 | INFO     | src.processing.pipeline — [RDOR3] 2022: FALHA — DFPParser sem dados — verifique o código CVM
2026-04-19 14:24:45 | INFO     | src.processing.pipeline — [RDOR3] 2023: FALHA — DFPParser sem dados — verifique o código CVM
2026-04-19 14:24:45 | INFO     | src.processing.pipeline — [RDOR3] 2024: FALHA — DFPParser sem dados — verifique o código CVM
2026-04-19 14:24:45 | INFO     | src.processing.pipeline — [RDOR3] 2025: FALHA — DFPParser sem dados — verifique o código CVM
2026-04-19 14:24:45 | INFO     | src.processing.pipeline — [RDOR3] 2026: FALHA — CSVs não encontrados em /Users/diegocarvalho/Library/CloudStorage/OneDrive-EPEJUD/DIEGO/OBSIDIAN/Analista de Investimentos/12_PYTHON/data/raw/cvm/DFP/2026 — execute 'ingest' primeiro
2026-04-19 14:24:45 | INFO     | src.processing.pipeline — [RDOR3] concluído — ok=0 pulados=0 falhas=8
2026-04-19 14:24:45 | INFO     | __main__ — Processamento concluído — ok=0 falhas=8
2026-04-19 14:24:46 | INFO     | src.processing.pipeline — [HAPV3] processando 8 anos (banco=False, CVM=024392)
2026-04-19 14:24:46 | INFO     | src.processing.pipeline — [HAPV3] 2019: OK
2026-04-19 14:24:47 | INFO     | src.processing.pipeline — [HAPV3] 2020: OK
2026-04-19 14:24:47 | INFO     | src.processing.pipeline — [HAPV3] 2021: OK
2026-04-19 14:24:48 | INFO     | src.processing.pipeline — [HAPV3] 2022: OK
2026-04-19 14:24:48 | INFO     | src.processing.pipeline — [HAPV3] 2023: OK
2026-04-19 14:24:48 | INFO     | src.processing.pipeline — [HAPV3] 2024: OK
2026-04-19 14:24:49 | INFO     | src.processing.pipeline — [HAPV3] 2025: OK
2026-04-19 14:24:49 | INFO     | src.processing.pipeline — [HAPV3] 2026: FALHA — CSVs não encontrados em /Users/diegocarvalho/Library/CloudStorage/OneDrive-EPEJUD/DIEGO/OBSIDIAN/Analista de Investimentos/12_PYTHON/data/raw/cvm/DFP/2026 — execute 'ingest' primeiro
2026-04-19 14:24:49 | INFO     | src.processing.pipeline — [HAPV3] concluído — ok=7 pulados=0 falhas=1
2026-04-19 14:24:49 | INFO     | __main__ — Processamento concluído — ok=7 falhas=1
2026-04-19 14:24:49 | INFO     | src.processing.pipeline — [FLRY3] processando 8 anos (banco=False, CVM=021881)
2026-04-19 14:24:50 | INFO     | src.processing.pipeline — [FLRY3] 2019: OK
2026-04-19 14:24:50 | INFO     | src.processing.pipeline — [FLRY3] 2020: OK
2026-04-19 14:24:51 | INFO     | src.processing.pipeline — [FLRY3] 2021: OK
2026-04-19 14:24:51 | INFO     | src.processing.pipeline — [FLRY3] 2022: OK
2026-04-19 14:24:51 | INFO     | src.processing.pipeline — [FLRY3] 2023: OK
2026-04-19 14:24:52 | INFO     | src.processing.pipeline — [FLRY3] 2024: OK
2026-04-19 14:24:52 | INFO     | src.processing.pipeline — [FLRY3] 2025: OK
2026-04-19 14:24:52 | INFO     | src.processing.pipeline — [FLRY3] 2026: FALHA — CSVs não encontrados em /Users/diegocarvalho/Library/CloudStorage/OneDrive-EPEJUD/DIEGO/OBSIDIAN/Analista de Investimentos/12_PYTHON/data/raw/cvm/DFP/2026 — execute 'ingest' primeiro
2026-04-19 14:24:52 | INFO     | src.processing.pipeline — [FLRY3] concluído — ok=7 pulados=0 falhas=1
2026-04-19 14:24:52 | INFO     | __main__ — Processamento concluído — ok=7 falhas=1
2026-04-19 14:24:53 | INFO     | src.processing.pipeline — [HYPE3] processando 8 anos (banco=False, CVM=021431)
2026-04-19 14:24:53 | INFO     | src.processing.pipeline — [HYPE3] 2019: OK
2026-04-19 14:24:54 | INFO     | src.processing.pipeline — [HYPE3] 2020: OK
2026-04-19 14:24:54 | INFO     | src.processing.pipeline — [HYPE3] 2021: OK
2026-04-19 14:24:54 | INFO     | src.processing.pipeline — [HYPE3] 2022: OK
2026-04-19 14:24:55 | INFO     | src.processing.pipeline — [HYPE3] 2023: OK
2026-04-19 14:24:55 | INFO     | src.processing.pipeline — [HYPE3] 2024: OK
2026-04-19 14:24:56 | INFO     | src.processing.pipeline — [HYPE3] 2025: OK
2026-04-19 14:24:56 | INFO     | src.processing.pipeline — [HYPE3] 2026: FALHA — CSVs não encontrados em /Users/diegocarvalho/Library/CloudStorage/OneDrive-EPEJUD/DIEGO/OBSIDIAN/Analista de Investimentos/12_PYTHON/data/raw/cvm/DFP/2026 — execute 'ingest' primeiro
2026-04-19 14:24:56 | INFO     | src.processing.pipeline — [HYPE3] concluído — ok=7 pulados=0 falhas=1
2026-04-19 14:24:56 | INFO     | __main__ — Processamento concluído — ok=7 falhas=1
2026-04-19 14:24:56 | INFO     | src.processing.pipeline — [RADL3] processando 8 anos (banco=False, CVM=005258)
2026-04-19 14:24:57 | INFO     | src.processing.pipeline — [RADL3] 2019: OK
2026-04-19 14:24:57 | INFO     | src.processing.pipeline — [RADL3] 2020: OK
2026-04-19 14:24:57 | INFO     | src.processing.pipeline — [RADL3] 2021: OK
2026-04-19 14:24:58 | INFO     | src.processing.pipeline — [RADL3] 2022: OK
2026-04-19 14:24:58 | INFO     | src.processing.pipeline — [RADL3] 2023: OK
2026-04-19 14:24:59 | INFO     | src.processing.pipeline — [RADL3] 2024: OK
2026-04-19 14:24:59 | INFO     | src.processing.pipeline — [RADL3] 2025: OK
2026-04-19 14:24:59 | INFO     | src.processing.pipeline — [RADL3] 2026: FALHA — CSVs não encontrados em /Users/diegocarvalho/Library/CloudStorage/OneDrive-EPEJUD/DIEGO/OBSIDIAN/Analista de Investimentos/12_PYTHON/data/raw/cvm/DFP/2026 — execute 'ingest' primeiro
2026-04-19 14:24:59 | INFO     | src.processing.pipeline — [RADL3] concluído — ok=7 pulados=0 falhas=1
2026-04-19 14:24:59 | INFO     | __main__ — Processamento concluído — ok=7 falhas=1
2026-04-19 14:25:00 | INFO     | src.processing.pipeline — [MULT3] processando 8 anos (banco=False, CVM=020982)
2026-04-19 14:25:00 | INFO     | src.processing.pipeline — [MULT3] 2019: OK
2026-04-19 14:25:01 | INFO     | src.processing.pipeline — [MULT3] 2020: OK
2026-04-19 14:25:01 | INFO     | src.processing.pipeline — [MULT3] 2021: OK
2026-04-19 14:25:01 | INFO     | src.processing.pipeline — [MULT3] 2022: OK
2026-04-19 14:25:02 | INFO     | src.processing.pipeline — [MULT3] 2023: OK
2026-04-19 14:25:02 | INFO     | src.processing.pipeline — [MULT3] 2024: OK
2026-04-19 14:25:03 | INFO     | src.processing.pipeline — [MULT3] 2025: OK
2026-04-19 14:25:03 | INFO     | src.processing.pipeline — [MULT3] 2026: FALHA — CSVs não encontrados em /Users/diegocarvalho/Library/CloudStorage/OneDrive-EPEJUD/DIEGO/OBSIDIAN/Analista de Investimentos/12_PYTHON/data/raw/cvm/DFP/2026 — execute 'ingest' primeiro
2026-04-19 14:25:03 | INFO     | src.processing.pipeline — [MULT3] concluído — ok=7 pulados=0 falhas=1
2026-04-19 14:25:03 | INFO     | __main__ — Processamento concluído — ok=7 falhas=1
2026-04-19 14:25:03 | INFO     | src.processing.pipeline — [CYRE3] processando 8 anos (banco=False, CVM=014460)
2026-04-19 14:25:04 | INFO     | src.processing.pipeline — [CYRE3] 2019: OK
2026-04-19 14:25:04 | INFO     | src.processing.pipeline — [CYRE3] 2020: OK
2026-04-19 14:25:04 | INFO     | src.processing.pipeline — [CYRE3] 2021: OK
2026-04-19 14:25:05 | INFO     | src.processing.pipeline — [CYRE3] 2022: OK
2026-04-19 14:25:05 | INFO     | src.processing.pipeline — [CYRE3] 2023: OK
2026-04-19 14:25:06 | INFO     | src.processing.pipeline — [CYRE3] 2024: OK
2026-04-19 14:25:06 | INFO     | src.processing.pipeline — [CYRE3] 2025: OK
2026-04-19 14:25:06 | INFO     | src.processing.pipeline — [CYRE3] 2026: FALHA — CSVs não encontrados em /Users/diegocarvalho/Library/CloudStorage/OneDrive-EPEJUD/DIEGO/OBSIDIAN/Analista de Investimentos/12_PYTHON/data/raw/cvm/DFP/2026 — execute 'ingest' primeiro
2026-04-19 14:25:06 | INFO     | src.processing.pipeline — [CYRE3] concluído — ok=7 pulados=0 falhas=1
2026-04-19 14:25:06 | INFO     | __main__ — Processamento concluído — ok=7 falhas=1
2026-04-19 14:25:07 | INFO     | src.processing.pipeline — [MRVE3] processando 8 anos (banco=False, CVM=020915)
2026-04-19 14:25:07 | INFO     | src.processing.pipeline — [MRVE3] 2019: OK
2026-04-19 14:25:07 | INFO     | src.processing.pipeline — [MRVE3] 2020: OK
2026-04-19 14:25:08 | INFO     | src.processing.pipeline — [MRVE3] 2021: OK
2026-04-19 14:25:08 | INFO     | src.processing.pipeline — [MRVE3] 2022: OK
2026-04-19 14:25:09 | INFO     | src.processing.pipeline — [MRVE3] 2023: OK
2026-04-19 14:25:09 | INFO     | src.processing.pipeline — [MRVE3] 2024: OK
2026-04-19 14:25:10 | INFO     | src.processing.pipeline — [MRVE3] 2025: OK
2026-04-19 14:25:10 | INFO     | src.processing.pipeline — [MRVE3] 2026: FALHA — CSVs não encontrados em /Users/diegocarvalho/Library/CloudStorage/OneDrive-EPEJUD/DIEGO/OBSIDIAN/Analista de Investimentos/12_PYTHON/data/raw/cvm/DFP/2026 — execute 'ingest' primeiro
2026-04-19 14:25:10 | INFO     | src.processing.pipeline — [MRVE3] concluído — ok=7 pulados=0 falhas=1
2026-04-19 14:25:10 | INFO     | __main__ — Processamento concluído — ok=7 falhas=1
2026-04-19 14:25:11 | INFO     | src.processing.pipeline — [IGTI11] processando 8 anos (banco=False, CVM=020494)
2026-04-19 14:25:11 | INFO     | src.processing.pipeline — [IGTI11] 2019: OK
2026-04-19 14:25:11 | INFO     | src.processing.pipeline — [IGTI11] 2020: OK
2026-04-19 14:25:12 | INFO     | src.processing.pipeline — [IGTI11] 2021: OK
2026-04-19 14:25:12 | INFO     | src.processing.pipeline — [IGTI11] 2022: OK
2026-04-19 14:25:13 | INFO     | src.processing.pipeline — [IGTI11] 2023: OK
2026-04-19 14:25:13 | INFO     | src.processing.pipeline — [IGTI11] 2024: OK
2026-04-19 14:25:14 | INFO     | src.processing.pipeline — [IGTI11] 2025: OK
2026-04-19 14:25:14 | INFO     | src.processing.pipeline — [IGTI11] 2026: FALHA — CSVs não encontrados em /Users/diegocarvalho/Library/CloudStorage/OneDrive-EPEJUD/DIEGO/OBSIDIAN/Analista de Investimentos/12_PYTHON/data/raw/cvm/DFP/2026 — execute 'ingest' primeiro
2026-04-19 14:25:14 | INFO     | src.processing.pipeline — [IGTI11] concluído — ok=7 pulados=0 falhas=1
2026-04-19 14:25:14 | INFO     | __main__ — Processamento concluído — ok=7 falhas=1
2026-04-19 14:25:14 | INFO     | src.processing.pipeline — [ALOS3] processando 8 anos (banco=False, CVM=022357)
2026-04-19 14:25:14 | INFO     | src.processing.pipeline — [ALOS3] 2019: OK
2026-04-19 14:25:15 | INFO     | src.processing.pipeline — [ALOS3] 2020: OK
2026-04-19 14:25:15 | INFO     | src.processing.pipeline — [ALOS3] 2021: OK
2026-04-19 14:25:16 | INFO     | src.processing.pipeline — [ALOS3] 2022: OK
2026-04-19 14:25:16 | INFO     | src.processing.pipeline — [ALOS3] 2023: OK
2026-04-19 14:25:17 | INFO     | src.processing.pipeline — [ALOS3] 2024: OK
2026-04-19 14:25:17 | INFO     | src.processing.pipeline — [ALOS3] 2025: OK
2026-04-19 14:25:17 | INFO     | src.processing.pipeline — [ALOS3] 2026: FALHA — CSVs não encontrados em /Users/diegocarvalho/Library/CloudStorage/OneDrive-EPEJUD/DIEGO/OBSIDIAN/Analista de Investimentos/12_PYTHON/data/raw/cvm/DFP/2026 — execute 'ingest' primeiro
2026-04-19 14:25:17 | INFO     | src.processing.pipeline — [ALOS3] concluído — ok=7 pulados=0 falhas=1
2026-04-19 14:25:17 | INFO     | __main__ — Processamento concluído — ok=7 falhas=1
2026-04-19 14:25:18 | INFO     | src.processing.pipeline — [RENT3] processando 8 anos (banco=False, CVM=019739)
2026-04-19 14:25:18 | INFO     | src.processing.pipeline — [RENT3] 2019: OK
2026-04-19 14:25:18 | INFO     | src.processing.pipeline — [RENT3] 2020: OK
2026-04-19 14:25:19 | INFO     | src.processing.pipeline — [RENT3] 2021: OK
2026-04-19 14:25:19 | INFO     | src.processing.pipeline — [RENT3] 2022: OK
2026-04-19 14:25:20 | INFO     | src.processing.pipeline — [RENT3] 2023: OK
2026-04-19 14:25:20 | INFO     | src.processing.pipeline — [RENT3] 2024: OK
2026-04-19 14:25:21 | INFO     | src.processing.pipeline — [RENT3] 2025: OK
2026-04-19 14:25:21 | INFO     | src.processing.pipeline — [RENT3] 2026: FALHA — CSVs não encontrados em /Users/diegocarvalho/Library/CloudStorage/OneDrive-EPEJUD/DIEGO/OBSIDIAN/Analista de Investimentos/12_PYTHON/data/raw/cvm/DFP/2026 — execute 'ingest' primeiro
2026-04-19 14:25:21 | INFO     | src.processing.pipeline — [RENT3] concluído — ok=7 pulados=0 falhas=1
2026-04-19 14:25:21 | INFO     | __main__ — Processamento concluído — ok=7 falhas=1
2026-04-19 14:25:21 | INFO     | src.processing.pipeline — [VAMO3] processando 8 anos (banco=False, CVM=026476)
2026-04-19 14:25:22 | INFO     | src.processing.pipeline — [VAMO3] 2019: FALHA — DFPParser sem dados — verifique o código CVM
2026-04-19 14:25:22 | INFO     | src.processing.pipeline — [VAMO3] 2020: FALHA — DFPParser sem dados — verifique o código CVM
2026-04-19 14:25:22 | INFO     | src.processing.pipeline — [VAMO3] 2021: OK
2026-04-19 14:25:23 | INFO     | src.processing.pipeline — [VAMO3] 2022: OK
2026-04-19 14:25:23 | INFO     | src.processing.pipeline — [VAMO3] 2023: OK
2026-04-19 14:25:24 | INFO     | src.processing.pipeline — [VAMO3] 2024: OK
2026-04-19 14:25:24 | INFO     | src.processing.pipeline — [VAMO3] 2025: FALHA — DFPParser sem dados — verifique o código CVM
2026-04-19 14:25:24 | INFO     | src.processing.pipeline — [VAMO3] 2026: FALHA — CSVs não encontrados em /Users/diegocarvalho/Library/CloudStorage/OneDrive-EPEJUD/DIEGO/OBSIDIAN/Analista de Investimentos/12_PYTHON/data/raw/cvm/DFP/2026 — execute 'ingest' primeiro
2026-04-19 14:25:24 | INFO     | src.processing.pipeline — [VAMO3] concluído — ok=4 pulados=0 falhas=4
2026-04-19 14:25:24 | INFO     | __main__ — Processamento concluído — ok=4 falhas=4
2026-04-19 14:25:25 | INFO     | src.processing.pipeline — [TOTS3] processando 8 anos (banco=False, CVM=019992)
2026-04-19 14:25:25 | INFO     | src.processing.pipeline — [TOTS3] 2019: OK
2026-04-19 14:25:26 | INFO     | src.processing.pipeline — [TOTS3] 2020: OK
2026-04-19 14:25:26 | INFO     | src.processing.pipeline — [TOTS3] 2021: OK
2026-04-19 14:25:26 | INFO     | src.processing.pipeline — [TOTS3] 2022: OK
2026-04-19 14:25:27 | INFO     | src.processing.pipeline — [TOTS3] 2023: OK
2026-04-19 14:25:27 | INFO     | src.processing.pipeline — [TOTS3] 2024: OK
2026-04-19 14:25:28 | INFO     | src.processing.pipeline — [TOTS3] 2025: OK
2026-04-19 14:25:28 | INFO     | src.processing.pipeline — [TOTS3] 2026: FALHA — CSVs não encontrados em /Users/diegocarvalho/Library/CloudStorage/OneDrive-EPEJUD/DIEGO/OBSIDIAN/Analista de Investimentos/12_PYTHON/data/raw/cvm/DFP/2026 — execute 'ingest' primeiro
2026-04-19 14:25:28 | INFO     | src.processing.pipeline — [TOTS3] concluído — ok=7 pulados=0 falhas=1
2026-04-19 14:25:28 | INFO     | __main__ — Processamento concluído — ok=7 falhas=1
2026-04-19 14:25:28 | INFO     | src.processing.pipeline — [LWSA3] processando 8 anos (banco=False, CVM=024910)
2026-04-19 14:25:29 | INFO     | src.processing.pipeline — [LWSA3] 2019: OK
2026-04-19 14:25:29 | INFO     | src.processing.pipeline — [LWSA3] 2020: OK
2026-04-19 14:25:30 | INFO     | src.processing.pipeline — [LWSA3] 2021: OK
2026-04-19 14:25:30 | INFO     | src.processing.pipeline — [LWSA3] 2022: OK
2026-04-19 14:25:30 | INFO     | src.processing.pipeline — [LWSA3] 2023: OK
2026-04-19 14:25:31 | INFO     | src.processing.pipeline — [LWSA3] 2024: OK
2026-04-19 14:25:31 | INFO     | src.processing.pipeline — [LWSA3] 2025: OK
2026-04-19 14:25:31 | INFO     | src.processing.pipeline — [LWSA3] 2026: FALHA — CSVs não encontrados em /Users/diegocarvalho/Library/CloudStorage/OneDrive-EPEJUD/DIEGO/OBSIDIAN/Analista de Investimentos/12_PYTHON/data/raw/cvm/DFP/2026 — execute 'ingest' primeiro
2026-04-19 14:25:31 | INFO     | src.processing.pipeline — [LWSA3] concluído — ok=7 pulados=0 falhas=1
2026-04-19 14:25:31 | INFO     | __main__ — Processamento concluído — ok=7 falhas=1
2026-04-19 14:25:32 | INFO     | src.processing.pipeline — [COGN3] processando 8 anos (banco=False, CVM=017973)
2026-04-19 14:25:32 | INFO     | src.processing.pipeline — [COGN3] 2019: OK
2026-04-19 14:25:33 | INFO     | src.processing.pipeline — [COGN3] 2020: OK
2026-04-19 14:25:33 | INFO     | src.processing.pipeline — [COGN3] 2021: OK
2026-04-19 14:25:34 | INFO     | src.processing.pipeline — [COGN3] 2022: OK
2026-04-19 14:25:34 | INFO     | src.processing.pipeline — [COGN3] 2023: OK
2026-04-19 14:25:35 | INFO     | src.processing.pipeline — [COGN3] 2024: OK
2026-04-19 14:25:35 | INFO     | src.processing.pipeline — [COGN3] 2025: OK
2026-04-19 14:25:35 | INFO     | src.processing.pipeline — [COGN3] 2026: FALHA — CSVs não encontrados em /Users/diegocarvalho/Library/CloudStorage/OneDrive-EPEJUD/DIEGO/OBSIDIAN/Analista de Investimentos/12_PYTHON/data/raw/cvm/DFP/2026 — execute 'ingest' primeiro
2026-04-19 14:25:35 | INFO     | src.processing.pipeline — [COGN3] concluído — ok=7 pulados=0 falhas=1
2026-04-19 14:25:35 | INFO     | __main__ — Processamento concluído — ok=7 falhas=1
2026-04-19 14:25:35 | INFO     | src.processing.pipeline — [YDUQ3] processando 8 anos (banco=False, CVM=021016)
2026-04-19 14:25:36 | INFO     | src.processing.pipeline — [YDUQ3] 2019: OK
2026-04-19 14:25:36 | INFO     | src.processing.pipeline — [YDUQ3] 2020: OK
2026-04-19 14:25:37 | INFO     | src.processing.pipeline — [YDUQ3] 2021: OK
2026-04-19 14:25:37 | INFO     | src.processing.pipeline — [YDUQ3] 2022: OK
2026-04-19 14:25:38 | INFO     | src.processing.pipeline — [YDUQ3] 2023: OK
2026-04-19 14:25:38 | INFO     | src.processing.pipeline — [YDUQ3] 2024: OK
2026-04-19 14:25:39 | INFO     | src.processing.pipeline — [YDUQ3] 2025: OK
2026-04-19 14:25:39 | INFO     | src.processing.pipeline — [YDUQ3] 2026: FALHA — CSVs não encontrados em /Users/diegocarvalho/Library/CloudStorage/OneDrive-EPEJUD/DIEGO/OBSIDIAN/Analista de Investimentos/12_PYTHON/data/raw/cvm/DFP/2026 — execute 'ingest' primeiro
2026-04-19 14:25:39 | INFO     | src.processing.pipeline — [YDUQ3] concluído — ok=7 pulados=0 falhas=1
2026-04-19 14:25:39 | INFO     | __main__ — Processamento concluído — ok=7 falhas=1
2026-04-19 14:25:39 | INFO     | src.processing.pipeline — [AZUL4] processando 8 anos (banco=False, CVM=024112)
2026-04-19 14:25:39 | INFO     | src.processing.pipeline — [AZUL4] 2019: OK
2026-04-19 14:25:40 | INFO     | src.processing.pipeline — [AZUL4] 2020: OK
2026-04-19 14:25:40 | INFO     | src.processing.pipeline — [AZUL4] 2021: OK
2026-04-19 14:25:41 | INFO     | src.processing.pipeline — [AZUL4] 2022: OK
2026-04-19 14:25:41 | INFO     | src.processing.pipeline — [AZUL4] 2023: OK
2026-04-19 14:25:42 | INFO     | src.processing.pipeline — [AZUL4] 2024: OK
2026-04-19 14:25:42 | INFO     | src.processing.pipeline — [AZUL4] 2025: OK
2026-04-19 14:25:42 | INFO     | src.processing.pipeline — [AZUL4] 2026: FALHA — CSVs não encontrados em /Users/diegocarvalho/Library/CloudStorage/OneDrive-EPEJUD/DIEGO/OBSIDIAN/Analista de Investimentos/12_PYTHON/data/raw/cvm/DFP/2026 — execute 'ingest' primeiro
2026-04-19 14:25:42 | INFO     | src.processing.pipeline — [AZUL4] concluído — ok=7 pulados=0 falhas=1
2026-04-19 14:25:42 | INFO     | __main__ — Processamento concluído — ok=7 falhas=1
2026-04-19 14:25:43 | INFO     | src.processing.pipeline — [CVCB3] processando 8 anos (banco=False, CVM=016292)
2026-04-19 14:25:43 | INFO     | src.processing.pipeline — [CVCB3] 2019: OK
2026-04-19 14:25:43 | INFO     | src.processing.pipeline — [CVCB3] 2020: OK
2026-04-19 14:25:44 | INFO     | src.processing.pipeline — [CVCB3] 2021: OK
2026-04-19 14:25:44 | INFO     | src.processing.pipeline — [CVCB3] 2022: OK
2026-04-19 14:25:45 | INFO     | src.processing.pipeline — [CVCB3] 2023: OK
2026-04-19 14:25:45 | INFO     | src.processing.pipeline — [CVCB3] 2024: OK
2026-04-19 14:25:46 | INFO     | src.processing.pipeline — [CVCB3] 2025: OK
2026-04-19 14:25:46 | INFO     | src.processing.pipeline — [CVCB3] 2026: FALHA — CSVs não encontrados em /Users/diegocarvalho/Library/CloudStorage/OneDrive-EPEJUD/DIEGO/OBSIDIAN/Analista de Investimentos/12_PYTHON/data/raw/cvm/DFP/2026 — execute 'ingest' primeiro
2026-04-19 14:25:46 | INFO     | src.processing.pipeline — [CVCB3] concluído — ok=7 pulados=0 falhas=1
2026-04-19 14:25:46 | INFO     | __main__ — Processamento concluído — ok=7 falhas=1
2026-04-19 14:25:46 | INFO     | __main__ — [BBAS3] iniciando análise completa...
2026-04-19 14:25:46 | INFO     | src.analysis.metrics_engine — [BBAS3] 2019: métricas carregadas do cache
2026-04-19 14:25:46 | INFO     | src.analysis.metrics_engine — [BBAS3] 2020: métricas carregadas do cache
2026-04-19 14:25:46 | INFO     | src.analysis.metrics_engine — [BBAS3] 2021: métricas carregadas do cache
2026-04-19 14:25:46 | INFO     | src.analysis.metrics_engine — [BBAS3] 2022: métricas carregadas do cache
2026-04-19 14:25:46 | INFO     | src.analysis.metrics_engine — [BBAS3] 2023: métricas carregadas do cache
2026-04-19 14:25:46 | INFO     | src.analysis.metrics_engine — [BBAS3] 2024: métricas carregadas do cache
2026-04-19 14:25:46 | INFO     | src.analysis.metrics_engine — [BBAS3] 2025: métricas carregadas do cache
2026-04-19 14:25:46 | SUCCESS  | src.analysis.metrics_engine — [BBAS3] 7 períodos calculados
2026-04-19 14:25:46 | INFO     | src.valuation.auto_dcf — [BBAS3] valuation carregado do cache
2026-04-19 14:25:47 | INFO     | __main__ — [ITUB4] iniciando análise completa...
2026-04-19 14:25:47 | INFO     | src.analysis.metrics_engine — [ITUB4] 2019: métricas carregadas do cache
2026-04-19 14:25:47 | INFO     | src.analysis.metrics_engine — [ITUB4] 2020: métricas carregadas do cache
2026-04-19 14:25:47 | INFO     | src.analysis.metrics_engine — [ITUB4] 2021: métricas carregadas do cache
2026-04-19 14:25:47 | INFO     | src.analysis.metrics_engine — [ITUB4] 2022: métricas carregadas do cache
2026-04-19 14:25:47 | INFO     | src.analysis.metrics_engine — [ITUB4] 2023: métricas carregadas do cache
2026-04-19 14:25:47 | INFO     | src.analysis.metrics_engine — [ITUB4] 2024: métricas carregadas do cache
2026-04-19 14:25:47 | INFO     | src.analysis.metrics_engine — [ITUB4] 2025: métricas carregadas do cache
2026-04-19 14:25:47 | SUCCESS  | src.analysis.metrics_engine — [ITUB4] 7 períodos calculados
2026-04-19 14:25:47 | INFO     | src.valuation.auto_dcf — [ITUB4] valuation carregado do cache
2026-04-19 14:25:47 | INFO     | __main__ — [BBDC4] iniciando análise completa...
2026-04-19 14:25:47 | INFO     | src.analysis.metrics_engine — [BBDC4] 2019: métricas carregadas do cache
2026-04-19 14:25:47 | INFO     | src.analysis.metrics_engine — [BBDC4] 2020: métricas carregadas do cache
2026-04-19 14:25:47 | INFO     | src.analysis.metrics_engine — [BBDC4] 2021: métricas carregadas do cache
2026-04-19 14:25:47 | INFO     | src.analysis.metrics_engine — [BBDC4] 2022: métricas carregadas do cache
2026-04-19 14:25:47 | INFO     | src.analysis.metrics_engine — [BBDC4] 2023: métricas carregadas do cache
2026-04-19 14:25:47 | INFO     | src.analysis.metrics_engine — [BBDC4] 2024: métricas carregadas do cache
2026-04-19 14:25:47 | INFO     | src.analysis.metrics_engine — [BBDC4] 2025: métricas carregadas do cache
2026-04-19 14:25:47 | SUCCESS  | src.analysis.metrics_engine — [BBDC4] 7 períodos calculados
2026-04-19 14:25:47 | INFO     | src.valuation.auto_dcf — [BBDC4] valuation carregado do cache
2026-04-19 14:25:48 | INFO     | __main__ — [SANB11] iniciando análise completa...
2026-04-19 14:25:48 | INFO     | src.analysis.metrics_engine — [SANB11] 2019: métricas carregadas do cache
2026-04-19 14:25:48 | INFO     | src.analysis.metrics_engine — [SANB11] 2020: métricas carregadas do cache
2026-04-19 14:25:48 | INFO     | src.analysis.metrics_engine — [SANB11] 2021: métricas carregadas do cache
2026-04-19 14:25:48 | INFO     | src.analysis.metrics_engine — [SANB11] 2022: métricas carregadas do cache
2026-04-19 14:25:48 | INFO     | src.analysis.metrics_engine — [SANB11] 2023: métricas carregadas do cache
2026-04-19 14:25:48 | INFO     | src.analysis.metrics_engine — [SANB11] 2024: métricas carregadas do cache
2026-04-19 14:25:48 | INFO     | src.analysis.metrics_engine — [SANB11] 2025: métricas carregadas do cache
2026-04-19 14:25:48 | SUCCESS  | src.analysis.metrics_engine — [SANB11] 7 períodos calculados
2026-04-19 14:25:48 | INFO     | src.valuation.auto_dcf — [SANB11] valuation carregado do cache
2026-04-19 14:25:48 | INFO     | __main__ — [BPAC11] iniciando análise completa...
2026-04-19 14:25:48 | INFO     | src.analysis.metrics_engine — [BPAC11] 2019: métricas carregadas do cache
2026-04-19 14:25:48 | INFO     | src.analysis.metrics_engine — [BPAC11] 2020: métricas carregadas do cache
2026-04-19 14:25:48 | INFO     | src.analysis.metrics_engine — [BPAC11] 2021: métricas carregadas do cache
2026-04-19 14:25:48 | INFO     | src.analysis.metrics_engine — [BPAC11] 2022: métricas carregadas do cache
2026-04-19 14:25:48 | INFO     | src.analysis.metrics_engine — [BPAC11] 2023: métricas carregadas do cache
2026-04-19 14:25:48 | INFO     | src.analysis.metrics_engine — [BPAC11] 2024: métricas carregadas do cache
2026-04-19 14:25:48 | INFO     | src.analysis.metrics_engine — [BPAC11] 2025: métricas carregadas do cache
2026-04-19 14:25:48 | SUCCESS  | src.analysis.metrics_engine — [BPAC11] 7 períodos calculados
2026-04-19 14:25:48 | INFO     | src.valuation.auto_dcf — [BPAC11] valuation carregado do cache
2026-04-19 14:25:49 | INFO     | __main__ — [BRSR6] iniciando análise completa...
2026-04-19 14:25:49 | INFO     | src.analysis.metrics_engine — [BRSR6] 2019: métricas carregadas do cache
2026-04-19 14:25:49 | INFO     | src.analysis.metrics_engine — [BRSR6] 2020: métricas carregadas do cache
2026-04-19 14:25:49 | INFO     | src.analysis.metrics_engine — [BRSR6] 2021: métricas carregadas do cache
2026-04-19 14:25:49 | INFO     | src.analysis.metrics_engine — [BRSR6] 2022: métricas carregadas do cache
2026-04-19 14:25:49 | INFO     | src.analysis.metrics_engine — [BRSR6] 2023: métricas carregadas do cache
2026-04-19 14:25:49 | INFO     | src.analysis.metrics_engine — [BRSR6] 2024: métricas carregadas do cache
2026-04-19 14:25:49 | INFO     | src.analysis.metrics_engine — [BRSR6] 2025: métricas carregadas do cache
2026-04-19 14:25:49 | SUCCESS  | src.analysis.metrics_engine — [BRSR6] 7 períodos calculados
2026-04-19 14:25:49 | INFO     | src.valuation.auto_dcf — [BRSR6] valuation carregado do cache
2026-04-19 14:25:49 | INFO     | __main__ — [ABCB4] iniciando análise completa...
2026-04-19 14:25:49 | INFO     | src.analysis.metrics_engine — [ABCB4] 2019: métricas carregadas do cache
2026-04-19 14:25:49 | INFO     | src.analysis.metrics_engine — [ABCB4] 2020: métricas carregadas do cache
2026-04-19 14:25:49 | INFO     | src.analysis.metrics_engine — [ABCB4] 2021: métricas carregadas do cache
2026-04-19 14:25:49 | INFO     | src.analysis.metrics_engine — [ABCB4] 2022: métricas carregadas do cache
2026-04-19 14:25:49 | INFO     | src.analysis.metrics_engine — [ABCB4] 2023: métricas carregadas do cache
2026-04-19 14:25:49 | SUCCESS  | src.analysis.metrics_engine — [ABCB4] 5 períodos calculados
2026-04-19 14:25:49 | INFO     | src.valuation.auto_dcf — [ABCB4] valuation carregado do cache
2026-04-19 14:25:50 | INFO     | __main__ — [BMGB4] iniciando análise completa...
2026-04-19 14:25:50 | INFO     | src.analysis.metrics_engine — [BMGB4] 2019: métricas carregadas do cache
2026-04-19 14:25:50 | INFO     | src.analysis.metrics_engine — [BMGB4] 2020: métricas carregadas do cache
2026-04-19 14:25:50 | INFO     | src.analysis.metrics_engine — [BMGB4] 2021: métricas carregadas do cache
2026-04-19 14:25:50 | INFO     | src.analysis.metrics_engine — [BMGB4] 2022: métricas carregadas do cache
2026-04-19 14:25:50 | INFO     | src.analysis.metrics_engine — [BMGB4] 2023: métricas carregadas do cache
2026-04-19 14:25:50 | INFO     | src.analysis.metrics_engine — [BMGB4] 2024: métricas carregadas do cache
2026-04-19 14:25:50 | INFO     | src.analysis.metrics_engine — [BMGB4] 2025: métricas carregadas do cache
2026-04-19 14:25:50 | SUCCESS  | src.analysis.metrics_engine — [BMGB4] 7 períodos calculados
2026-04-19 14:25:50 | INFO     | src.valuation.auto_dcf — [BMGB4] valuation carregado do cache
2026-04-19 14:25:50 | INFO     | __main__ — [BPAN4] iniciando análise completa...
2026-04-19 14:25:50 | INFO     | src.analysis.metrics_engine — [BPAN4] 2019: métricas carregadas do cache
2026-04-19 14:25:50 | INFO     | src.analysis.metrics_engine — [BPAN4] 2020: métricas carregadas do cache
2026-04-19 14:25:50 | INFO     | src.analysis.metrics_engine — [BPAN4] 2021: métricas carregadas do cache
2026-04-19 14:25:50 | INFO     | src.analysis.metrics_engine — [BPAN4] 2022: métricas carregadas do cache
2026-04-19 14:25:50 | INFO     | src.analysis.metrics_engine — [BPAN4] 2023: métricas carregadas do cache
2026-04-19 14:25:50 | INFO     | src.analysis.metrics_engine — [BPAN4] 2024: métricas carregadas do cache
2026-04-19 14:25:50 | SUCCESS  | src.analysis.metrics_engine — [BPAN4] 6 períodos calculados
2026-04-19 14:25:50 | INFO     | src.valuation.auto_dcf — [BPAN4] valuation carregado do cache
2026-04-19 14:25:51 | INFO     | __main__ — [PINE4] iniciando análise completa...
2026-04-19 14:25:51 | INFO     | src.analysis.metrics_engine — [PINE4] 2019: métricas carregadas do cache
2026-04-19 14:25:51 | INFO     | src.analysis.metrics_engine — [PINE4] 2020: métricas carregadas do cache
2026-04-19 14:25:51 | INFO     | src.analysis.metrics_engine — [PINE4] 2021: métricas carregadas do cache
2026-04-19 14:25:51 | INFO     | src.analysis.metrics_engine — [PINE4] 2022: métricas carregadas do cache
2026-04-19 14:25:51 | INFO     | src.analysis.metrics_engine — [PINE4] 2023: métricas carregadas do cache
2026-04-19 14:25:51 | INFO     | src.analysis.metrics_engine — [PINE4] 2024: métricas carregadas do cache
2026-04-19 14:25:51 | INFO     | src.analysis.metrics_engine — [PINE4] 2025: métricas carregadas do cache
2026-04-19 14:25:51 | SUCCESS  | src.analysis.metrics_engine — [PINE4] 7 períodos calculados
2026-04-19 14:25:51 | INFO     | src.valuation.auto_dcf — [PINE4] valuation carregado do cache
2026-04-19 14:25:51 | INFO     | __main__ — [INTR4] iniciando análise completa...
2026-04-19 14:25:51 | INFO     | src.analysis.metrics_engine — [INTR4] 2021: métricas carregadas do cache
2026-04-19 14:25:51 | INFO     | src.analysis.metrics_engine — [INTR4] 2022: métricas carregadas do cache
2026-04-19 14:25:51 | INFO     | src.analysis.metrics_engine — [INTR4] 2023: métricas carregadas do cache
2026-04-19 14:25:51 | INFO     | src.analysis.metrics_engine — [INTR4] 2024: métricas carregadas do cache
2026-04-19 14:25:51 | INFO     | src.analysis.metrics_engine — [INTR4] 2025: métricas carregadas do cache
2026-04-19 14:25:51 | SUCCESS  | src.analysis.metrics_engine — [INTR4] 5 períodos calculados
2026-04-19 14:25:51 | INFO     | src.valuation.auto_dcf — [INTR4] valuation carregado do cache
2026-04-19 14:25:52 | INFO     | __main__ — [ITSA4] iniciando análise completa...
2026-04-19 14:25:52 | INFO     | src.analysis.metrics_engine — [ITSA4] 2019: métricas carregadas do cache
2026-04-19 14:25:52 | INFO     | src.analysis.metrics_engine — [ITSA4] 2020: métricas carregadas do cache
2026-04-19 14:25:52 | INFO     | src.analysis.metrics_engine — [ITSA4] 2021: métricas carregadas do cache
2026-04-19 14:25:52 | INFO     | src.analysis.metrics_engine — [ITSA4] 2022: métricas carregadas do cache
2026-04-19 14:25:52 | INFO     | src.analysis.metrics_engine — [ITSA4] 2023: métricas carregadas do cache
2026-04-19 14:25:52 | INFO     | src.analysis.metrics_engine — [ITSA4] 2024: métricas carregadas do cache
2026-04-19 14:25:52 | INFO     | src.analysis.metrics_engine — [ITSA4] 2025: métricas carregadas do cache
2026-04-19 14:25:52 | SUCCESS  | src.analysis.metrics_engine — [ITSA4] 7 períodos calculados
2026-04-19 14:25:52 | INFO     | src.valuation.auto_dcf — [ITSA4] valuation carregado do cache
2026-04-19 14:25:52 | INFO     | __main__ — [BBSE3] iniciando análise completa...
2026-04-19 14:25:52 | INFO     | src.analysis.metrics_engine — [BBSE3] 2019: métricas calculadas [holding]
2026-04-19 14:25:52 | INFO     | src.analysis.metrics_engine — [BBSE3] 2020: métricas calculadas [holding]
2026-04-19 14:25:52 | INFO     | src.analysis.metrics_engine — [BBSE3] 2021: métricas calculadas [holding]
2026-04-19 14:25:52 | INFO     | src.analysis.metrics_engine — [BBSE3] 2022: métricas calculadas [holding]
2026-04-19 14:25:52 | INFO     | src.analysis.metrics_engine — [BBSE3] 2023: métricas calculadas [holding]
2026-04-19 14:25:52 | INFO     | src.analysis.metrics_engine — [BBSE3] 2024: métricas calculadas [holding]
2026-04-19 14:25:52 | INFO     | src.analysis.metrics_engine — [BBSE3] 2025: métricas calculadas [holding]
2026-04-19 14:25:52 | SUCCESS  | src.analysis.metrics_engine — [BBSE3] 7 períodos calculados
2026-04-19 14:25:52 | INFO     | src.analysis.risk_engine — [BBSE3] risco: LOW (0 alerta(s)) [holding]
2026-04-19 14:25:52 | INFO     | src.valuation.auto_dcf — [BBSE3] setor=holding  método=gordon_growth  modelo=industrial
2026-04-19 14:25:52 | SUCCESS  | src.valuation.auto_dcf — [BBSE3] valuation concluído — Gordon Growth Model (P/B Implícito) | base=0 R$ mi
2026-04-19 14:25:53 | INFO     | src.analysis.insight_engine — [BBSE3] 0 insights gerados
2026-04-19 14:25:53 | INFO     | __main__ — [BRAP4] iniciando análise completa...
2026-04-19 14:25:53 | INFO     | src.analysis.metrics_engine — [BRAP4] 2019: métricas calculadas [holding]
2026-04-19 14:25:53 | INFO     | src.analysis.metrics_engine — [BRAP4] 2020: métricas calculadas [holding]
2026-04-19 14:25:53 | INFO     | src.analysis.metrics_engine — [BRAP4] 2021: métricas calculadas [holding]
2026-04-19 14:25:53 | INFO     | src.analysis.metrics_engine — [BRAP4] 2022: métricas calculadas [holding]
2026-04-19 14:25:53 | INFO     | src.analysis.metrics_engine — [BRAP4] 2023: métricas calculadas [holding]
2026-04-19 14:25:53 | SUCCESS  | src.analysis.metrics_engine — [BRAP4] 5 períodos calculados
2026-04-19 14:25:53 | INFO     | src.analysis.risk_engine — [BRAP4] risco: MEDIUM (1 alerta(s)) [holding]
2026-04-19 14:25:53 | INFO     | src.valuation.auto_dcf — [BRAP4] setor=holding  método=gordon_growth  modelo=industrial
2026-04-19 14:25:53 | SUCCESS  | src.valuation.auto_dcf — [BRAP4] valuation concluído — Gordon Growth Model (P/B Implícito) | base=0 R$ mi
2026-04-19 14:25:53 | INFO     | src.analysis.insight_engine — [BRAP4] 0 insights gerados
2026-04-19 14:25:53 | INFO     | __main__ — [IRBR3] iniciando análise completa...
2026-04-19 14:25:54 | INFO     | src.analysis.metrics_engine — [IRBR3] 2019: métricas calculadas [holding]
2026-04-19 14:25:54 | INFO     | src.analysis.metrics_engine — [IRBR3] 2020: métricas calculadas [holding]
2026-04-19 14:25:54 | INFO     | src.analysis.metrics_engine — [IRBR3] 2021: métricas calculadas [holding]
2026-04-19 14:25:54 | INFO     | src.analysis.metrics_engine — [IRBR3] 2022: métricas calculadas [holding]
2026-04-19 14:25:54 | INFO     | src.analysis.metrics_engine — [IRBR3] 2023: métricas calculadas [holding]
2026-04-19 14:25:54 | INFO     | src.analysis.metrics_engine — [IRBR3] 2024: métricas calculadas [holding]
2026-04-19 14:25:54 | INFO     | src.analysis.metrics_engine — [IRBR3] 2025: métricas calculadas [holding]
2026-04-19 14:25:54 | SUCCESS  | src.analysis.metrics_engine — [IRBR3] 7 períodos calculados
2026-04-19 14:25:54 | INFO     | src.analysis.risk_engine — [IRBR3] risco: CRITICAL (1 alerta(s)) [holding]
2026-04-19 14:25:54 | INFO     | src.valuation.auto_dcf — [IRBR3] setor=holding  método=gordon_growth  modelo=industrial
2026-04-19 14:25:54 | SUCCESS  | src.valuation.auto_dcf — [IRBR3] valuation concluído — Gordon Growth Model (P/B Implícito) | base=0 R$ mi
2026-04-19 14:25:54 | INFO     | src.analysis.insight_engine — [IRBR3] 2 insights gerados
2026-04-19 14:25:54 | INFO     | __main__ — [PSSA3] iniciando análise completa...
2026-04-19 14:25:54 | INFO     | src.analysis.metrics_engine — [PSSA3] 2019: métricas calculadas [holding]
2026-04-19 14:25:54 | INFO     | src.analysis.metrics_engine — [PSSA3] 2020: métricas calculadas [holding]
2026-04-19 14:25:54 | INFO     | src.analysis.metrics_engine — [PSSA3] 2021: métricas calculadas [holding]
2026-04-19 14:25:54 | INFO     | src.analysis.metrics_engine — [PSSA3] 2022: métricas calculadas [holding]
2026-04-19 14:25:54 | INFO     | src.analysis.metrics_engine — [PSSA3] 2023: métricas calculadas [holding]
2026-04-19 14:25:54 | INFO     | src.analysis.metrics_engine — [PSSA3] 2024: métricas calculadas [holding]
2026-04-19 14:25:54 | INFO     | src.analysis.metrics_engine — [PSSA3] 2025: métricas calculadas [holding]
2026-04-19 14:25:54 | SUCCESS  | src.analysis.metrics_engine — [PSSA3] 7 períodos calculados
2026-04-19 14:25:54 | INFO     | src.analysis.risk_engine — [PSSA3] risco: LOW (0 alerta(s)) [holding]
2026-04-19 14:25:54 | INFO     | src.valuation.auto_dcf — [PSSA3] setor=holding  método=gordon_growth  modelo=industrial
2026-04-19 14:25:54 | SUCCESS  | src.valuation.auto_dcf — [PSSA3] valuation concluído — Gordon Growth Model (P/B Implícito) | base=0 R$ mi
2026-04-19 14:25:54 | INFO     | src.analysis.insight_engine — [PSSA3] 1 insights gerados
2026-04-19 14:25:54 | INFO     | __main__ — [CXSE3] iniciando análise completa...
2026-04-19 14:25:55 | INFO     | src.analysis.metrics_engine — [CXSE3] 2019: métricas calculadas [holding]
2026-04-19 14:25:55 | INFO     | src.analysis.metrics_engine — [CXSE3] 2020: métricas calculadas [holding]
2026-04-19 14:25:55 | INFO     | src.analysis.metrics_engine — [CXSE3] 2021: métricas calculadas [holding]
2026-04-19 14:25:55 | INFO     | src.analysis.metrics_engine — [CXSE3] 2022: métricas calculadas [holding]
2026-04-19 14:25:55 | INFO     | src.analysis.metrics_engine — [CXSE3] 2023: métricas calculadas [holding]
2026-04-19 14:25:55 | INFO     | src.analysis.metrics_engine — [CXSE3] 2024: métricas calculadas [holding]
2026-04-19 14:25:55 | INFO     | src.analysis.metrics_engine — [CXSE3] 2025: métricas calculadas [holding]
2026-04-19 14:25:55 | SUCCESS  | src.analysis.metrics_engine — [CXSE3] 7 períodos calculados
2026-04-19 14:25:55 | INFO     | src.analysis.risk_engine — [CXSE3] risco: LOW (0 alerta(s)) [holding]
2026-04-19 14:25:55 | INFO     | src.valuation.auto_dcf — [CXSE3] setor=holding  método=gordon_growth  modelo=industrial
2026-04-19 14:25:55 | SUCCESS  | src.valuation.auto_dcf — [CXSE3] valuation concluído — Gordon Growth Model (P/B Implícito) | base=0 R$ mi
2026-04-19 14:25:55 | INFO     | src.analysis.insight_engine — [CXSE3] 1 insights gerados
2026-04-19 14:25:55 | INFO     | __main__ — [B3SA3] iniciando análise completa...
2026-04-19 14:25:55 | INFO     | src.analysis.metrics_engine — [B3SA3] 2019: métricas calculadas [holding]
2026-04-19 14:25:55 | INFO     | src.analysis.metrics_engine — [B3SA3] 2020: métricas calculadas [holding]
2026-04-19 14:25:55 | INFO     | src.analysis.metrics_engine — [B3SA3] 2021: métricas calculadas [holding]
2026-04-19 14:25:55 | INFO     | src.analysis.metrics_engine — [B3SA3] 2022: métricas calculadas [holding]
2026-04-19 14:25:55 | INFO     | src.analysis.metrics_engine — [B3SA3] 2023: métricas calculadas [holding]
2026-04-19 14:25:55 | INFO     | src.analysis.metrics_engine — [B3SA3] 2024: métricas calculadas [holding]
2026-04-19 14:25:55 | INFO     | src.analysis.metrics_engine — [B3SA3] 2025: métricas calculadas [holding]
2026-04-19 14:25:55 | SUCCESS  | src.analysis.metrics_engine — [B3SA3] 7 períodos calculados
2026-04-19 14:25:55 | INFO     | src.analysis.risk_engine — [B3SA3] risco: LOW (0 alerta(s)) [holding]
2026-04-19 14:25:55 | INFO     | src.valuation.auto_dcf — [B3SA3] setor=holding  método=gordon_growth  modelo=industrial
2026-04-19 14:25:55 | SUCCESS  | src.valuation.auto_dcf — [B3SA3] valuation concluído — Gordon Growth Model (P/B Implícito) | base=0 R$ mi
2026-04-19 14:25:55 | INFO     | src.analysis.insight_engine — [B3SA3] 0 insights gerados
2026-04-19 14:25:56 | INFO     | __main__ — [PETR4] iniciando análise completa...
2026-04-19 14:25:56 | INFO     | src.analysis.metrics_engine — [PETR4] 2019: métricas calculadas [oil_gas]
2026-04-19 14:25:56 | INFO     | src.analysis.metrics_engine — [PETR4] 2020: métricas calculadas [oil_gas]
2026-04-19 14:25:56 | INFO     | src.analysis.metrics_engine — [PETR4] 2021: métricas calculadas [oil_gas]
2026-04-19 14:25:56 | INFO     | src.analysis.metrics_engine — [PETR4] 2022: métricas calculadas [oil_gas]
2026-04-19 14:25:56 | INFO     | src.analysis.metrics_engine — [PETR4] 2023: métricas calculadas [oil_gas]
2026-04-19 14:25:56 | INFO     | src.analysis.metrics_engine — [PETR4] 2024: métricas calculadas [oil_gas]
2026-04-19 14:25:56 | INFO     | src.analysis.metrics_engine — [PETR4] 2025: métricas calculadas [oil_gas]
2026-04-19 14:25:56 | SUCCESS  | src.analysis.metrics_engine — [PETR4] 7 períodos calculados
2026-04-19 14:25:56 | INFO     | src.analysis.risk_engine — [PETR4] risco: LOW (0 alerta(s)) [oil_gas]
2026-04-19 14:25:56 | INFO     | src.valuation.auto_dcf — [PETR4] setor=oil_gas  método=ev_ebitda_multiple  modelo=industrial
2026-04-19 14:25:56 | SUCCESS  | src.valuation.auto_dcf — [PETR4] valuation concluído — EV/EBITDA Múltiplo | base=612,728 R$ mi
2026-04-19 14:25:56 | INFO     | src.analysis.insight_engine — [PETR4] 0 insights gerados
2026-04-19 14:25:56 | INFO     | __main__ — [PRIO3] iniciando análise completa...
2026-04-19 14:25:57 | INFO     | src.analysis.metrics_engine — [PRIO3] 2019: métricas calculadas [oil_gas]
2026-04-19 14:25:57 | INFO     | src.analysis.metrics_engine — [PRIO3] 2020: métricas calculadas [oil_gas]
2026-04-19 14:25:57 | INFO     | src.analysis.metrics_engine — [PRIO3] 2021: métricas calculadas [oil_gas]
2026-04-19 14:25:57 | INFO     | src.analysis.metrics_engine — [PRIO3] 2022: métricas calculadas [oil_gas]
2026-04-19 14:25:57 | INFO     | src.analysis.metrics_engine — [PRIO3] 2023: métricas calculadas [oil_gas]
2026-04-19 14:25:57 | INFO     | src.analysis.metrics_engine — [PRIO3] 2024: métricas calculadas [oil_gas]
2026-04-19 14:25:57 | INFO     | src.analysis.metrics_engine — [PRIO3] 2025: métricas calculadas [oil_gas]
2026-04-19 14:25:57 | SUCCESS  | src.analysis.metrics_engine — [PRIO3] 7 períodos calculados
2026-04-19 14:25:57 | INFO     | src.analysis.risk_engine — [PRIO3] risco: HIGH (2 alerta(s)) [oil_gas]
2026-04-19 14:25:57 | INFO     | src.valuation.auto_dcf — [PRIO3] setor=oil_gas  método=ev_ebitda_multiple  modelo=industrial
2026-04-19 14:25:57 | SUCCESS  | src.valuation.auto_dcf — [PRIO3] valuation concluído — EV/EBITDA Múltiplo | base=0 R$ mi
2026-04-19 14:25:57 | INFO     | src.analysis.insight_engine — [PRIO3] 1 insights gerados
2026-04-19 14:25:57 | INFO     | __main__ — [BRAV3] iniciando análise completa...
2026-04-19 14:25:57 | INFO     | src.analysis.metrics_engine — [BRAV3] 2019: métricas calculadas [oil_gas]
2026-04-19 14:25:57 | INFO     | src.analysis.metrics_engine — [BRAV3] 2020: métricas calculadas [oil_gas]
2026-04-19 14:25:57 | INFO     | src.analysis.metrics_engine — [BRAV3] 2021: métricas calculadas [oil_gas]
2026-04-19 14:25:57 | INFO     | src.analysis.metrics_engine — [BRAV3] 2022: métricas calculadas [oil_gas]
2026-04-19 14:25:57 | INFO     | src.analysis.metrics_engine — [BRAV3] 2023: métricas calculadas [oil_gas]
2026-04-19 14:25:57 | INFO     | src.analysis.metrics_engine — [BRAV3] 2024: métricas calculadas [oil_gas]
2026-04-19 14:25:57 | INFO     | src.analysis.metrics_engine — [BRAV3] 2025: métricas calculadas [oil_gas]
2026-04-19 14:25:57 | SUCCESS  | src.analysis.metrics_engine — [BRAV3] 7 períodos calculados
2026-04-19 14:25:57 | INFO     | src.analysis.risk_engine — [BRAV3] risco: MEDIUM (2 alerta(s)) [oil_gas]
2026-04-19 14:25:57 | INFO     | src.valuation.auto_dcf — [BRAV3] setor=oil_gas  método=ev_ebitda_multiple  modelo=industrial
2026-04-19 14:25:57 | SUCCESS  | src.valuation.auto_dcf — [BRAV3] valuation concluído — EV/EBITDA Múltiplo | base=0 R$ mi
2026-04-19 14:25:57 | INFO     | src.analysis.insight_engine — [BRAV3] 1 insights gerados
2026-04-19 14:25:58 | INFO     | __main__ — [RECV3] iniciando análise completa...
2026-04-19 14:25:58 | WARNING  | src.analysis.metrics_engine — [RECV3] sem dados processados — execute 'process' primeiro
2026-04-19 14:25:58 | WARNING  | __main__ — [RECV3] sem dados — execute 'process' primeiro
2026-04-19 14:25:58 | INFO     | __main__ — [VBBR3] iniciando análise completa...
2026-04-19 14:25:58 | INFO     | src.analysis.metrics_engine — [VBBR3] 2019: métricas calculadas [oil_gas]
2026-04-19 14:25:58 | INFO     | src.analysis.metrics_engine — [VBBR3] 2020: métricas calculadas [oil_gas]
2026-04-19 14:25:58 | INFO     | src.analysis.metrics_engine — [VBBR3] 2021: métricas calculadas [oil_gas]
2026-04-19 14:25:58 | INFO     | src.analysis.metrics_engine — [VBBR3] 2022: métricas calculadas [oil_gas]
2026-04-19 14:25:58 | INFO     | src.analysis.metrics_engine — [VBBR3] 2023: métricas calculadas [oil_gas]
2026-04-19 14:25:58 | INFO     | src.analysis.metrics_engine — [VBBR3] 2024: métricas calculadas [oil_gas]
2026-04-19 14:25:58 | INFO     | src.analysis.metrics_engine — [VBBR3] 2025: métricas calculadas [oil_gas]
2026-04-19 14:25:58 | SUCCESS  | src.analysis.metrics_engine — [VBBR3] 7 períodos calculados
2026-04-19 14:25:58 | INFO     | src.analysis.risk_engine — [VBBR3] risco: HIGH (2 alerta(s)) [oil_gas]
2026-04-19 14:25:58 | INFO     | src.valuation.auto_dcf — [VBBR3] setor=oil_gas  método=ev_ebitda_multiple  modelo=industrial
2026-04-19 14:25:58 | SUCCESS  | src.valuation.auto_dcf — [VBBR3] valuation concluído — EV/EBITDA Múltiplo | base=12,283 R$ mi
2026-04-19 14:25:58 | INFO     | src.analysis.insight_engine — [VBBR3] 1 insights gerados
2026-04-19 14:25:59 | INFO     | __main__ — [RAIZ4] iniciando análise completa...
2026-04-19 14:25:59 | INFO     | src.analysis.metrics_engine — [RAIZ4] 2019: métricas calculadas [oil_gas]
2026-04-19 14:25:59 | INFO     | src.analysis.metrics_engine — [RAIZ4] 2020: métricas calculadas [oil_gas]
2026-04-19 14:25:59 | INFO     | src.analysis.metrics_engine — [RAIZ4] 2021: métricas calculadas [oil_gas]
2026-04-19 14:25:59 | INFO     | src.analysis.metrics_engine — [RAIZ4] 2022: métricas calculadas [oil_gas]
2026-04-19 14:25:59 | INFO     | src.analysis.metrics_engine — [RAIZ4] 2023: métricas calculadas [oil_gas]
2026-04-19 14:25:59 | INFO     | src.analysis.metrics_engine — [RAIZ4] 2024: métricas calculadas [oil_gas]
2026-04-19 14:25:59 | INFO     | src.analysis.metrics_engine — [RAIZ4] 2025: métricas calculadas [oil_gas]
2026-04-19 14:25:59 | SUCCESS  | src.analysis.metrics_engine — [RAIZ4] 7 períodos calculados
2026-04-19 14:25:59 | INFO     | src.analysis.risk_engine — [RAIZ4] risco: HIGH (2 alerta(s)) [oil_gas]
2026-04-19 14:25:59 | INFO     | src.valuation.auto_dcf — [RAIZ4] setor=oil_gas  método=ev_ebitda_multiple  modelo=industrial
2026-04-19 14:25:59 | SUCCESS  | src.valuation.auto_dcf — [RAIZ4] valuation concluído — EV/EBITDA Múltiplo | base=0 R$ mi
2026-04-19 14:25:59 | INFO     | src.analysis.insight_engine — [RAIZ4] 2 insights gerados
2026-04-19 14:25:59 | INFO     | __main__ — [ENEV3] iniciando análise completa...
2026-04-19 14:26:00 | INFO     | src.analysis.metrics_engine — [ENEV3] 2019: métricas calculadas [oil_gas]
2026-04-19 14:26:00 | INFO     | src.analysis.metrics_engine — [ENEV3] 2020: métricas calculadas [oil_gas]
2026-04-19 14:26:00 | INFO     | src.analysis.metrics_engine — [ENEV3] 2021: métricas calculadas [oil_gas]
2026-04-19 14:26:00 | INFO     | src.analysis.metrics_engine — [ENEV3] 2022: métricas calculadas [oil_gas]
2026-04-19 14:26:00 | INFO     | src.analysis.metrics_engine — [ENEV3] 2023: métricas calculadas [oil_gas]
2026-04-19 14:26:00 | INFO     | src.analysis.metrics_engine — [ENEV3] 2024: métricas calculadas [oil_gas]
2026-04-19 14:26:00 | INFO     | src.analysis.metrics_engine — [ENEV3] 2025: métricas calculadas [oil_gas]
2026-04-19 14:26:00 | SUCCESS  | src.analysis.metrics_engine — [ENEV3] 7 períodos calculados
2026-04-19 14:26:00 | INFO     | src.analysis.risk_engine — [ENEV3] risco: MEDIUM (1 alerta(s)) [oil_gas]
2026-04-19 14:26:00 | INFO     | src.valuation.auto_dcf — [ENEV3] setor=oil_gas  método=ev_ebitda_multiple  modelo=industrial
2026-04-19 14:26:00 | SUCCESS  | src.valuation.auto_dcf — [ENEV3] valuation concluído — EV/EBITDA Múltiplo | base=7,050 R$ mi
2026-04-19 14:26:00 | INFO     | src.analysis.insight_engine — [ENEV3] 1 insights gerados
2026-04-19 14:26:00 | INFO     | __main__ — [CSAN3] iniciando análise completa...
2026-04-19 14:26:00 | INFO     | src.analysis.metrics_engine — [CSAN3] 2019: métricas calculadas [holding]
2026-04-19 14:26:00 | INFO     | src.analysis.metrics_engine — [CSAN3] 2020: métricas calculadas [holding]
2026-04-19 14:26:00 | INFO     | src.analysis.metrics_engine — [CSAN3] 2021: métricas calculadas [holding]
2026-04-19 14:26:00 | INFO     | src.analysis.metrics_engine — [CSAN3] 2022: métricas calculadas [holding]
2026-04-19 14:26:00 | INFO     | src.analysis.metrics_engine — [CSAN3] 2023: métricas calculadas [holding]
2026-04-19 14:26:00 | INFO     | src.analysis.metrics_engine — [CSAN3] 2024: métricas calculadas [holding]
2026-04-19 14:26:00 | INFO     | src.analysis.metrics_engine — [CSAN3] 2025: métricas calculadas [holding]
2026-04-19 14:26:00 | SUCCESS  | src.analysis.metrics_engine — [CSAN3] 7 períodos calculados
2026-04-19 14:26:00 | INFO     | src.analysis.risk_engine — [CSAN3] risco: CRITICAL (2 alerta(s)) [holding]
2026-04-19 14:26:00 | INFO     | src.valuation.auto_dcf — [CSAN3] setor=holding  método=gordon_growth  modelo=industrial
2026-04-19 14:26:00 | SUCCESS  | src.valuation.auto_dcf — [CSAN3] valuation concluído — Gordon Growth Model (P/B Implícito) | base=0 R$ mi
2026-04-19 14:26:00 | INFO     | src.analysis.insight_engine — [CSAN3] 2 insights gerados
2026-04-19 14:26:00 | INFO     | __main__ — [VALE3] iniciando análise completa...
2026-04-19 14:26:01 | INFO     | src.analysis.metrics_engine — [VALE3] 2019: métricas calculadas [mining]
2026-04-19 14:26:01 | INFO     | src.analysis.metrics_engine — [VALE3] 2020: métricas calculadas [mining]
2026-04-19 14:26:01 | INFO     | src.analysis.metrics_engine — [VALE3] 2021: métricas calculadas [mining]
2026-04-19 14:26:01 | INFO     | src.analysis.metrics_engine — [VALE3] 2022: métricas calculadas [mining]
2026-04-19 14:26:01 | INFO     | src.analysis.metrics_engine — [VALE3] 2023: métricas calculadas [mining]
2026-04-19 14:26:01 | INFO     | src.analysis.metrics_engine — [VALE3] 2024: métricas calculadas [mining]
2026-04-19 14:26:01 | INFO     | src.analysis.metrics_engine — [VALE3] 2025: métricas calculadas [mining]
2026-04-19 14:26:01 | SUCCESS  | src.analysis.metrics_engine — [VALE3] 7 períodos calculados
2026-04-19 14:26:01 | INFO     | src.analysis.risk_engine — [VALE3] risco: HIGH (3 alerta(s)) [mining]
2026-04-19 14:26:01 | INFO     | src.valuation.auto_dcf — [VALE3] setor=mining  método=ev_ebitda_multiple  modelo=industrial
2026-04-19 14:26:01 | SUCCESS  | src.valuation.auto_dcf — [VALE3] valuation concluído — EV/EBITDA Múltiplo | base=128,920 R$ mi
2026-04-19 14:26:01 | INFO     | src.analysis.insight_engine — [VALE3] 1 insights gerados
2026-04-19 14:26:01 | INFO     | __main__ — [CMIN3] iniciando análise completa...
2026-04-19 14:26:01 | INFO     | src.analysis.metrics_engine — [CMIN3] 2019: métricas calculadas [mining]
2026-04-19 14:26:01 | INFO     | src.analysis.metrics_engine — [CMIN3] 2020: métricas calculadas [mining]
2026-04-19 14:26:01 | INFO     | src.analysis.metrics_engine — [CMIN3] 2021: métricas calculadas [mining]
2026-04-19 14:26:01 | INFO     | src.analysis.metrics_engine — [CMIN3] 2022: métricas calculadas [mining]
2026-04-19 14:26:01 | INFO     | src.analysis.metrics_engine — [CMIN3] 2023: métricas calculadas [mining]
2026-04-19 14:26:01 | INFO     | src.analysis.metrics_engine — [CMIN3] 2024: métricas calculadas [mining]
2026-04-19 14:26:01 | INFO     | src.analysis.metrics_engine — [CMIN3] 2025: métricas calculadas [mining]
2026-04-19 14:26:01 | SUCCESS  | src.analysis.metrics_engine — [CMIN3] 7 períodos calculados
2026-04-19 14:26:01 | INFO     | src.analysis.risk_engine — [CMIN3] risco: HIGH (1 alerta(s)) [mining]
2026-04-19 14:26:01 | INFO     | src.valuation.auto_dcf — [CMIN3] setor=mining  método=ev_ebitda_multiple  modelo=industrial
2026-04-19 14:26:01 | SUCCESS  | src.valuation.auto_dcf — [CMIN3] valuation concluído — EV/EBITDA Múltiplo | base=29,752 R$ mi
2026-04-19 14:26:01 | INFO     | src.analysis.insight_engine — [CMIN3] 2 insights gerados
2026-04-19 14:26:02 | INFO     | __main__ — [GGBR4] iniciando análise completa...
2026-04-19 14:26:02 | INFO     | src.analysis.metrics_engine — [GGBR4] 2019: métricas calculadas [industrial]
2026-04-19 14:26:02 | INFO     | src.analysis.metrics_engine — [GGBR4] 2020: métricas calculadas [industrial]
2026-04-19 14:26:02 | INFO     | src.analysis.metrics_engine — [GGBR4] 2021: métricas calculadas [industrial]
2026-04-19 14:26:02 | INFO     | src.analysis.metrics_engine — [GGBR4] 2022: métricas calculadas [industrial]
2026-04-19 14:26:02 | INFO     | src.analysis.metrics_engine — [GGBR4] 2023: métricas calculadas [industrial]
2026-04-19 14:26:02 | INFO     | src.analysis.metrics_engine — [GGBR4] 2024: métricas calculadas [industrial]
2026-04-19 14:26:02 | INFO     | src.analysis.metrics_engine — [GGBR4] 2025: métricas calculadas [industrial]
2026-04-19 14:26:02 | SUCCESS  | src.analysis.metrics_engine — [GGBR4] 7 períodos calculados
2026-04-19 14:26:02 | INFO     | src.analysis.risk_engine — [GGBR4] risco: HIGH (2 alerta(s)) [industrial]
2026-04-19 14:26:02 | INFO     | src.valuation.auto_dcf — [GGBR4] setor=industrial  método=dcf_fcff  modelo=industrial
2026-04-19 14:26:02 | SUCCESS  | src.valuation.auto_dcf — [GGBR4] valuation concluído — DCF FCFF | base=0 R$ mi
2026-04-19 14:26:02 | INFO     | src.analysis.insight_engine — [GGBR4] 1 insights gerados
2026-04-19 14:26:02 | INFO     | __main__ — [GOAU4] iniciando análise completa...
2026-04-19 14:26:03 | INFO     | src.analysis.metrics_engine — [GOAU4] 2019: métricas calculadas [holding]
2026-04-19 14:26:03 | INFO     | src.analysis.metrics_engine — [GOAU4] 2020: métricas calculadas [holding]
2026-04-19 14:26:03 | INFO     | src.analysis.metrics_engine — [GOAU4] 2021: métricas calculadas [holding]
2026-04-19 14:26:03 | INFO     | src.analysis.metrics_engine — [GOAU4] 2022: métricas calculadas [holding]
2026-04-19 14:26:03 | INFO     | src.analysis.metrics_engine — [GOAU4] 2023: métricas calculadas [holding]
2026-04-19 14:26:03 | INFO     | src.analysis.metrics_engine — [GOAU4] 2024: métricas calculadas [holding]
2026-04-19 14:26:03 | INFO     | src.analysis.metrics_engine — [GOAU4] 2025: métricas calculadas [holding]
2026-04-19 14:26:03 | SUCCESS  | src.analysis.metrics_engine — [GOAU4] 7 períodos calculados
2026-04-19 14:26:03 | INFO     | src.analysis.risk_engine — [GOAU4] risco: HIGH (2 alerta(s)) [holding]
2026-04-19 14:26:03 | INFO     | src.valuation.auto_dcf — [GOAU4] setor=holding  método=gordon_growth  modelo=industrial
2026-04-19 14:26:03 | SUCCESS  | src.valuation.auto_dcf — [GOAU4] valuation concluído — Gordon Growth Model (P/B Implícito) | base=0 R$ mi
2026-04-19 14:26:03 | INFO     | src.analysis.insight_engine — [GOAU4] 1 insights gerados
2026-04-19 14:26:03 | INFO     | __main__ — [CSNA3] iniciando análise completa...
2026-04-19 14:26:03 | INFO     | src.analysis.metrics_engine — [CSNA3] 2019: métricas calculadas [industrial]
2026-04-19 14:26:03 | INFO     | src.analysis.metrics_engine — [CSNA3] 2020: métricas calculadas [industrial]
2026-04-19 14:26:03 | INFO     | src.analysis.metrics_engine — [CSNA3] 2021: métricas calculadas [industrial]
2026-04-19 14:26:03 | INFO     | src.analysis.metrics_engine — [CSNA3] 2022: métricas calculadas [industrial]
2026-04-19 14:26:03 | INFO     | src.analysis.metrics_engine — [CSNA3] 2023: métricas calculadas [industrial]
2026-04-19 14:26:03 | INFO     | src.analysis.metrics_engine — [CSNA3] 2024: métricas calculadas [industrial]
2026-04-19 14:26:03 | INFO     | src.analysis.metrics_engine — [CSNA3] 2025: métricas calculadas [industrial]
2026-04-19 14:26:03 | SUCCESS  | src.analysis.metrics_engine — [CSNA3] 7 períodos calculados
2026-04-19 14:26:03 | INFO     | src.analysis.risk_engine — [CSNA3] risco: CRITICAL (3 alerta(s)) [industrial]
2026-04-19 14:26:03 | INFO     | src.valuation.auto_dcf — [CSNA3] setor=industrial  método=dcf_fcff  modelo=industrial
2026-04-19 14:26:03 | SUCCESS  | src.valuation.auto_dcf — [CSNA3] valuation concluído — DCF FCFF | base=0 R$ mi
2026-04-19 14:26:03 | INFO     | src.analysis.insight_engine — [CSNA3] 1 insights gerados
2026-04-19 14:26:04 | INFO     | __main__ — [USIM5] iniciando análise completa...
2026-04-19 14:26:04 | INFO     | src.analysis.metrics_engine — [USIM5] 2019: métricas calculadas [industrial]
2026-04-19 14:26:04 | INFO     | src.analysis.metrics_engine — [USIM5] 2020: métricas calculadas [industrial]
2026-04-19 14:26:04 | INFO     | src.analysis.metrics_engine — [USIM5] 2021: métricas calculadas [industrial]
2026-04-19 14:26:04 | INFO     | src.analysis.metrics_engine — [USIM5] 2022: métricas calculadas [industrial]
2026-04-19 14:26:04 | INFO     | src.analysis.metrics_engine — [USIM5] 2023: métricas calculadas [industrial]
2026-04-19 14:26:04 | INFO     | src.analysis.metrics_engine — [USIM5] 2024: métricas calculadas [industrial]
2026-04-19 14:26:04 | INFO     | src.analysis.metrics_engine — [USIM5] 2025: métricas calculadas [industrial]
2026-04-19 14:26:04 | SUCCESS  | src.analysis.metrics_engine — [USIM5] 7 períodos calculados
2026-04-19 14:26:04 | INFO     | src.analysis.risk_engine — [USIM5] risco: LOW (0 alerta(s)) [industrial]
2026-04-19 14:26:04 | INFO     | src.valuation.auto_dcf — [USIM5] setor=industrial  método=dcf_fcff  modelo=industrial
2026-04-19 14:26:04 | SUCCESS  | src.valuation.auto_dcf — [USIM5] valuation concluído — DCF FCFF | base=0 R$ mi
2026-04-19 14:26:04 | INFO     | src.analysis.insight_engine — [USIM5] 0 insights gerados
2026-04-19 14:26:04 | INFO     | __main__ — [BRKM5] iniciando análise completa...
2026-04-19 14:26:05 | INFO     | src.analysis.metrics_engine — [BRKM5] 2019: métricas calculadas [industrial]
2026-04-19 14:26:05 | INFO     | src.analysis.metrics_engine — [BRKM5] 2020: métricas calculadas [industrial]
2026-04-19 14:26:05 | INFO     | src.analysis.metrics_engine — [BRKM5] 2021: métricas calculadas [industrial]
2026-04-19 14:26:05 | INFO     | src.analysis.metrics_engine — [BRKM5] 2022: métricas calculadas [industrial]
2026-04-19 14:26:05 | INFO     | src.analysis.metrics_engine — [BRKM5] 2023: métricas calculadas [industrial]
2026-04-19 14:26:05 | INFO     | src.analysis.metrics_engine — [BRKM5] 2024: métricas calculadas [industrial]
2026-04-19 14:26:05 | INFO     | src.analysis.metrics_engine — [BRKM5] 2025: métricas calculadas [industrial]
2026-04-19 14:26:05 | SUCCESS  | src.analysis.metrics_engine — [BRKM5] 7 períodos calculados
2026-04-19 14:26:05 | INFO     | src.analysis.risk_engine — [BRKM5] risco: CRITICAL (2 alerta(s)) [industrial]
2026-04-19 14:26:05 | INFO     | src.valuation.auto_dcf — [BRKM5] setor=industrial  método=dcf_fcff  modelo=industrial
2026-04-19 14:26:05 | SUCCESS  | src.valuation.auto_dcf — [BRKM5] valuation concluído — DCF FCFF | base=0 R$ mi
2026-04-19 14:26:05 | INFO     | src.analysis.insight_engine — [BRKM5] 2 insights gerados
2026-04-19 14:26:05 | INFO     | __main__ — [ELET3] iniciando análise completa...
2026-04-19 14:26:05 | WARNING  | src.analysis.metrics_engine — [ELET3] sem dados processados — execute 'process' primeiro
2026-04-19 14:26:05 | WARNING  | __main__ — [ELET3] sem dados — execute 'process' primeiro
2026-04-19 14:26:05 | INFO     | __main__ — [CMIG4] iniciando análise completa...
2026-04-19 14:26:06 | INFO     | src.analysis.metrics_engine — [CMIG4] 2019: métricas calculadas [utilities]
2026-04-19 14:26:06 | INFO     | src.analysis.metrics_engine — [CMIG4] 2020: métricas calculadas [utilities]
2026-04-19 14:26:06 | INFO     | src.analysis.metrics_engine — [CMIG4] 2021: métricas calculadas [utilities]
2026-04-19 14:26:06 | INFO     | src.analysis.metrics_engine — [CMIG4] 2022: métricas calculadas [utilities]
2026-04-19 14:26:06 | INFO     | src.analysis.metrics_engine — [CMIG4] 2023: métricas calculadas [utilities]
2026-04-19 14:26:06 | INFO     | src.analysis.metrics_engine — [CMIG4] 2024: métricas calculadas [utilities]
2026-04-19 14:26:06 | INFO     | src.analysis.metrics_engine — [CMIG4] 2025: métricas calculadas [utilities]
2026-04-19 14:26:06 | SUCCESS  | src.analysis.metrics_engine — [CMIG4] 7 períodos calculados
2026-04-19 14:26:06 | INFO     | src.analysis.risk_engine — [CMIG4] risco: LOW (0 alerta(s)) [utilities]
2026-04-19 14:26:06 | INFO     | src.valuation.auto_dcf — [CMIG4] setor=utilities  método=ddm  modelo=industrial
2026-04-19 14:26:06 | SUCCESS  | src.valuation.auto_dcf — [CMIG4] valuation concluído — DDM — Gordon Growth | base=0 R$ mi
2026-04-19 14:26:06 | INFO     | src.analysis.insight_engine — [CMIG4] 0 insights gerados
2026-04-19 14:26:06 | INFO     | __main__ — [CPFE3] iniciando análise completa...
2026-04-19 14:26:06 | INFO     | src.analysis.metrics_engine — [CPFE3] 2019: métricas calculadas [utilities]
2026-04-19 14:26:06 | INFO     | src.analysis.metrics_engine — [CPFE3] 2020: métricas calculadas [utilities]
2026-04-19 14:26:06 | INFO     | src.analysis.metrics_engine — [CPFE3] 2021: métricas calculadas [utilities]
2026-04-19 14:26:06 | INFO     | src.analysis.metrics_engine — [CPFE3] 2022: métricas calculadas [utilities]
2026-04-19 14:26:06 | INFO     | src.analysis.metrics_engine — [CPFE3] 2023: métricas calculadas [utilities]
2026-04-19 14:26:06 | INFO     | src.analysis.metrics_engine — [CPFE3] 2024: métricas calculadas [utilities]
2026-04-19 14:26:06 | INFO     | src.analysis.metrics_engine — [CPFE3] 2025: métricas calculadas [utilities]
2026-04-19 14:26:06 | SUCCESS  | src.analysis.metrics_engine — [CPFE3] 7 períodos calculados
2026-04-19 14:26:06 | INFO     | src.analysis.risk_engine — [CPFE3] risco: HIGH (1 alerta(s)) [utilities]
2026-04-19 14:26:06 | INFO     | src.valuation.auto_dcf — [CPFE3] setor=utilities  método=ddm  modelo=industrial
2026-04-19 14:26:06 | SUCCESS  | src.valuation.auto_dcf — [CPFE3] valuation concluído — DDM — Gordon Growth | base=0 R$ mi
2026-04-19 14:26:06 | INFO     | src.analysis.insight_engine — [CPFE3] 1 insights gerados
2026-04-19 14:26:06 | INFO     | __main__ — [CPLE6] iniciando análise completa...
2026-04-19 14:26:07 | INFO     | src.analysis.metrics_engine — [CPLE6] 2019: métricas calculadas [utilities]
2026-04-19 14:26:07 | INFO     | src.analysis.metrics_engine — [CPLE6] 2020: métricas calculadas [utilities]
2026-04-19 14:26:07 | INFO     | src.analysis.metrics_engine — [CPLE6] 2021: métricas calculadas [utilities]
2026-04-19 14:26:07 | INFO     | src.analysis.metrics_engine — [CPLE6] 2022: métricas calculadas [utilities]
2026-04-19 14:26:07 | INFO     | src.analysis.metrics_engine — [CPLE6] 2023: métricas calculadas [utilities]
2026-04-19 14:26:07 | INFO     | src.analysis.metrics_engine — [CPLE6] 2024: métricas calculadas [utilities]
2026-04-19 14:26:07 | INFO     | src.analysis.metrics_engine — [CPLE6] 2025: métricas calculadas [utilities]
2026-04-19 14:26:07 | SUCCESS  | src.analysis.metrics_engine — [CPLE6] 7 períodos calculados
2026-04-19 14:26:07 | INFO     | src.analysis.risk_engine — [CPLE6] risco: LOW (0 alerta(s)) [utilities]
2026-04-19 14:26:07 | INFO     | src.valuation.auto_dcf — [CPLE6] setor=utilities  método=ddm  modelo=industrial
2026-04-19 14:26:07 | SUCCESS  | src.valuation.auto_dcf — [CPLE6] valuation concluído — DDM — Gordon Growth | base=0 R$ mi
2026-04-19 14:26:07 | INFO     | src.analysis.insight_engine — [CPLE6] 1 insights gerados
2026-04-19 14:26:07 | INFO     | __main__ — [EGIE3] iniciando análise completa...
2026-04-19 14:26:07 | INFO     | src.analysis.metrics_engine — [EGIE3] 2019: métricas calculadas [utilities]
2026-04-19 14:26:07 | INFO     | src.analysis.metrics_engine — [EGIE3] 2020: métricas calculadas [utilities]
2026-04-19 14:26:07 | INFO     | src.analysis.metrics_engine — [EGIE3] 2021: métricas calculadas [utilities]
2026-04-19 14:26:07 | INFO     | src.analysis.metrics_engine — [EGIE3] 2022: métricas calculadas [utilities]
2026-04-19 14:26:07 | INFO     | src.analysis.metrics_engine — [EGIE3] 2023: métricas calculadas [utilities]
2026-04-19 14:26:07 | INFO     | src.analysis.metrics_engine — [EGIE3] 2024: métricas calculadas [utilities]
2026-04-19 14:26:07 | INFO     | src.analysis.metrics_engine — [EGIE3] 2025: métricas calculadas [utilities]
2026-04-19 14:26:07 | SUCCESS  | src.analysis.metrics_engine — [EGIE3] 7 períodos calculados
2026-04-19 14:26:07 | INFO     | src.analysis.risk_engine — [EGIE3] risco: MEDIUM (1 alerta(s)) [utilities]
2026-04-19 14:26:07 | INFO     | src.valuation.auto_dcf — [EGIE3] setor=utilities  método=ddm  modelo=industrial
2026-04-19 14:26:07 | SUCCESS  | src.valuation.auto_dcf — [EGIE3] valuation concluído — DDM — Gordon Growth | base=0 R$ mi
2026-04-19 14:26:07 | INFO     | src.analysis.insight_engine — [EGIE3] 0 insights gerados
2026-04-19 14:26:08 | INFO     | __main__ — [ENGI11] iniciando análise completa...
2026-04-19 14:26:08 | INFO     | src.analysis.metrics_engine — [ENGI11] 2019: métricas calculadas [utilities]
2026-04-19 14:26:08 | INFO     | src.analysis.metrics_engine — [ENGI11] 2020: métricas calculadas [utilities]
2026-04-19 14:26:08 | INFO     | src.analysis.metrics_engine — [ENGI11] 2021: métricas calculadas [utilities]
2026-04-19 14:26:08 | INFO     | src.analysis.metrics_engine — [ENGI11] 2022: métricas calculadas [utilities]
2026-04-19 14:26:08 | INFO     | src.analysis.metrics_engine — [ENGI11] 2023: métricas calculadas [utilities]
2026-04-19 14:26:08 | INFO     | src.analysis.metrics_engine — [ENGI11] 2024: métricas calculadas [utilities]
2026-04-19 14:26:08 | INFO     | src.analysis.metrics_engine — [ENGI11] 2025: métricas calculadas [utilities]
2026-04-19 14:26:08 | SUCCESS  | src.analysis.metrics_engine — [ENGI11] 7 períodos calculados
2026-04-19 14:26:08 | INFO     | src.analysis.risk_engine — [ENGI11] risco: LOW (0 alerta(s)) [utilities]
2026-04-19 14:26:08 | INFO     | src.valuation.auto_dcf — [ENGI11] setor=utilities  método=ddm  modelo=industrial
2026-04-19 14:26:08 | SUCCESS  | src.valuation.auto_dcf — [ENGI11] valuation concluído — DDM — Gordon Growth | base=0 R$ mi
2026-04-19 14:26:08 | INFO     | src.analysis.insight_engine — [ENGI11] 0 insights gerados
2026-04-19 14:26:08 | INFO     | __main__ — [EQTL3] iniciando análise completa...
2026-04-19 14:26:09 | INFO     | src.analysis.metrics_engine — [EQTL3] 2024: métricas calculadas [utilities]
2026-04-19 14:26:09 | SUCCESS  | src.analysis.metrics_engine — [EQTL3] 1 períodos calculados
2026-04-19 14:26:09 | INFO     | src.analysis.risk_engine — [EQTL3] risco: LOW (0 alerta(s)) [utilities]
2026-04-19 14:26:09 | INFO     | src.valuation.auto_dcf — [EQTL3] setor=utilities  método=ddm  modelo=industrial
2026-04-19 14:26:09 | SUCCESS  | src.valuation.auto_dcf — [EQTL3] valuation concluído — DDM — Gordon Growth | base=0 R$ mi
2026-04-19 14:26:09 | INFO     | src.analysis.insight_engine — [EQTL3] 0 insights gerados
2026-04-19 14:26:09 | INFO     | __main__ — [AURE3] iniciando análise completa...
2026-04-19 14:26:09 | INFO     | src.analysis.metrics_engine — [AURE3] 2021: métricas calculadas [utilities]
2026-04-19 14:26:09 | INFO     | src.analysis.metrics_engine — [AURE3] 2022: métricas calculadas [utilities]
2026-04-19 14:26:09 | INFO     | src.analysis.metrics_engine — [AURE3] 2023: métricas calculadas [utilities]
2026-04-19 14:26:09 | INFO     | src.analysis.metrics_engine — [AURE3] 2024: métricas calculadas [utilities]
2026-04-19 14:26:09 | INFO     | src.analysis.metrics_engine — [AURE3] 2025: métricas calculadas [utilities]
2026-04-19 14:26:09 | SUCCESS  | src.analysis.metrics_engine — [AURE3] 5 períodos calculados
2026-04-19 14:26:09 | INFO     | src.analysis.risk_engine — [AURE3] risco: HIGH (2 alerta(s)) [utilities]
2026-04-19 14:26:09 | INFO     | src.valuation.auto_dcf — [AURE3] setor=utilities  método=ddm  modelo=industrial
2026-04-19 14:26:09 | SUCCESS  | src.valuation.auto_dcf — [AURE3] valuation concluído — DDM — Gordon Growth | base=0 R$ mi
2026-04-19 14:26:09 | INFO     | src.analysis.insight_engine — [AURE3] 2 insights gerados
2026-04-19 14:26:09 | INFO     | __main__ — [ISAE4] iniciando análise completa...
2026-04-19 14:26:10 | INFO     | src.analysis.metrics_engine — [ISAE4] 2019: métricas calculadas [utilities]
2026-04-19 14:26:10 | INFO     | src.analysis.metrics_engine — [ISAE4] 2020: métricas calculadas [utilities]
2026-04-19 14:26:10 | INFO     | src.analysis.metrics_engine — [ISAE4] 2021: métricas calculadas [utilities]
2026-04-19 14:26:10 | INFO     | src.analysis.metrics_engine — [ISAE4] 2022: métricas calculadas [utilities]
2026-04-19 14:26:10 | INFO     | src.analysis.metrics_engine — [ISAE4] 2023: métricas calculadas [utilities]
2026-04-19 14:26:10 | INFO     | src.analysis.metrics_engine — [ISAE4] 2024: métricas calculadas [utilities]
2026-04-19 14:26:10 | INFO     | src.analysis.metrics_engine — [ISAE4] 2025: métricas calculadas [utilities]
2026-04-19 14:26:10 | SUCCESS  | src.analysis.metrics_engine — [ISAE4] 7 períodos calculados
2026-04-19 14:26:10 | INFO     | src.analysis.risk_engine — [ISAE4] risco: MEDIUM (1 alerta(s)) [utilities]
2026-04-19 14:26:10 | INFO     | src.valuation.auto_dcf — [ISAE4] setor=utilities  método=ddm  modelo=industrial
2026-04-19 14:26:10 | SUCCESS  | src.valuation.auto_dcf — [ISAE4] valuation concluído — DDM — Gordon Growth | base=0 R$ mi
2026-04-19 14:26:10 | INFO     | src.analysis.insight_engine — [ISAE4] 1 insights gerados
2026-04-19 14:26:10 | INFO     | __main__ — [TAEE11] iniciando análise completa...
2026-04-19 14:26:10 | WARNING  | src.analysis.metrics_engine — [TAEE11] sem dados processados — execute 'process' primeiro
2026-04-19 14:26:10 | WARNING  | __main__ — [TAEE11] sem dados — execute 'process' primeiro
2026-04-19 14:26:11 | INFO     | __main__ — [SBSP3] iniciando análise completa...
2026-04-19 14:26:11 | INFO     | src.analysis.metrics_engine — [SBSP3] 2023: métricas calculadas [utilities]
2026-04-19 14:26:11 | INFO     | src.analysis.metrics_engine — [SBSP3] 2024: métricas calculadas [utilities]
2026-04-19 14:26:11 | INFO     | src.analysis.metrics_engine — [SBSP3] 2025: métricas calculadas [utilities]
2026-04-19 14:26:11 | SUCCESS  | src.analysis.metrics_engine — [SBSP3] 3 períodos calculados
2026-04-19 14:26:11 | INFO     | src.analysis.risk_engine — [SBSP3] risco: LOW (0 alerta(s)) [utilities]
2026-04-19 14:26:11 | INFO     | src.valuation.auto_dcf — [SBSP3] setor=utilities  método=ddm  modelo=industrial
2026-04-19 14:26:11 | SUCCESS  | src.valuation.auto_dcf — [SBSP3] valuation concluído — DDM — Gordon Growth | base=0 R$ mi
2026-04-19 14:26:11 | INFO     | src.analysis.insight_engine — [SBSP3] 0 insights gerados
2026-04-19 14:26:11 | INFO     | __main__ — [VIVT3] iniciando análise completa...
2026-04-19 14:26:11 | WARNING  | src.analysis.metrics_engine — [VIVT3] sem dados processados — execute 'process' primeiro
2026-04-19 14:26:11 | WARNING  | __main__ — [VIVT3] sem dados — execute 'process' primeiro
2026-04-19 14:26:12 | INFO     | __main__ — [TIMS3] iniciando análise completa...
2026-04-19 14:26:12 | INFO     | src.analysis.metrics_engine — [TIMS3] 2020: métricas calculadas [telecom]
2026-04-19 14:26:12 | INFO     | src.analysis.metrics_engine — [TIMS3] 2022: métricas calculadas [telecom]
2026-04-19 14:26:12 | INFO     | src.analysis.metrics_engine — [TIMS3] 2023: métricas calculadas [telecom]
2026-04-19 14:26:12 | INFO     | src.analysis.metrics_engine — [TIMS3] 2024: métricas calculadas [telecom]
2026-04-19 14:26:12 | INFO     | src.analysis.metrics_engine — [TIMS3] 2025: métricas calculadas [telecom]
2026-04-19 14:26:12 | SUCCESS  | src.analysis.metrics_engine — [TIMS3] 5 períodos calculados
2026-04-19 14:26:12 | INFO     | src.analysis.risk_engine — [TIMS3] risco: LOW (0 alerta(s)) [telecom]
2026-04-19 14:26:12 | INFO     | src.valuation.auto_dcf — [TIMS3] setor=telecom  método=ev_ebitda_multiple  modelo=industrial
2026-04-19 14:26:12 | SUCCESS  | src.valuation.auto_dcf — [TIMS3] valuation concluído — EV/EBITDA Múltiplo | base=0 R$ mi
2026-04-19 14:26:12 | INFO     | src.analysis.insight_engine — [TIMS3] 0 insights gerados
2026-04-19 14:26:12 | INFO     | __main__ — [WEGE3] iniciando análise completa...
2026-04-19 14:26:13 | INFO     | src.analysis.metrics_engine — [WEGE3] 2019: métricas carregadas do cache
2026-04-19 14:26:13 | INFO     | src.analysis.metrics_engine — [WEGE3] 2020: métricas carregadas do cache
2026-04-19 14:26:13 | INFO     | src.analysis.metrics_engine — [WEGE3] 2021: métricas carregadas do cache
2026-04-19 14:26:13 | INFO     | src.analysis.metrics_engine — [WEGE3] 2022: métricas carregadas do cache
2026-04-19 14:26:13 | INFO     | src.analysis.metrics_engine — [WEGE3] 2023: métricas carregadas do cache
2026-04-19 14:26:13 | INFO     | src.analysis.metrics_engine — [WEGE3] 2024: métricas carregadas do cache
2026-04-19 14:26:13 | INFO     | src.analysis.metrics_engine — [WEGE3] 2025: métricas carregadas do cache
2026-04-19 14:26:13 | SUCCESS  | src.analysis.metrics_engine — [WEGE3] 7 períodos calculados
2026-04-19 14:26:13 | INFO     | src.valuation.auto_dcf — [WEGE3] valuation carregado do cache
2026-04-19 14:26:13 | INFO     | __main__ — [EMBR3] iniciando análise completa...
2026-04-19 14:26:13 | INFO     | src.analysis.metrics_engine — [EMBR3] 2019: métricas calculadas [industrial]
2026-04-19 14:26:13 | INFO     | src.analysis.metrics_engine — [EMBR3] 2020: métricas calculadas [industrial]
2026-04-19 14:26:13 | INFO     | src.analysis.metrics_engine — [EMBR3] 2021: métricas calculadas [industrial]
2026-04-19 14:26:13 | INFO     | src.analysis.metrics_engine — [EMBR3] 2022: métricas calculadas [industrial]
2026-04-19 14:26:13 | INFO     | src.analysis.metrics_engine — [EMBR3] 2023: métricas calculadas [industrial]
2026-04-19 14:26:13 | INFO     | src.analysis.metrics_engine — [EMBR3] 2024: métricas calculadas [industrial]
2026-04-19 14:26:13 | INFO     | src.analysis.metrics_engine — [EMBR3] 2025: métricas calculadas [industrial]
2026-04-19 14:26:13 | SUCCESS  | src.analysis.metrics_engine — [EMBR3] 7 períodos calculados
2026-04-19 14:26:13 | INFO     | src.analysis.risk_engine — [EMBR3] risco: LOW (0 alerta(s)) [industrial]
2026-04-19 14:26:13 | INFO     | src.valuation.auto_dcf — [EMBR3] setor=industrial  método=dcf_fcff  modelo=industrial
2026-04-19 14:26:13 | SUCCESS  | src.valuation.auto_dcf — [EMBR3] valuation concluído — DCF FCFF | base=3,912 R$ mi
2026-04-19 14:26:13 | INFO     | src.analysis.insight_engine — [EMBR3] 1 insights gerados
2026-04-19 14:26:13 | INFO     | __main__ — [POMO4] iniciando análise completa...
2026-04-19 14:26:14 | INFO     | src.analysis.metrics_engine — [POMO4] 2019: métricas calculadas [industrial]
2026-04-19 14:26:14 | INFO     | src.analysis.metrics_engine — [POMO4] 2020: métricas calculadas [industrial]
2026-04-19 14:26:14 | INFO     | src.analysis.metrics_engine — [POMO4] 2021: métricas calculadas [industrial]
2026-04-19 14:26:14 | INFO     | src.analysis.metrics_engine — [POMO4] 2022: métricas calculadas [industrial]
2026-04-19 14:26:14 | INFO     | src.analysis.metrics_engine — [POMO4] 2023: métricas calculadas [industrial]
2026-04-19 14:26:14 | INFO     | src.analysis.metrics_engine — [POMO4] 2024: métricas calculadas [industrial]
2026-04-19 14:26:14 | INFO     | src.analysis.metrics_engine — [POMO4] 2025: métricas calculadas [industrial]
2026-04-19 14:26:14 | SUCCESS  | src.analysis.metrics_engine — [POMO4] 7 períodos calculados
2026-04-19 14:26:14 | INFO     | src.analysis.risk_engine — [POMO4] risco: LOW (0 alerta(s)) [industrial]
2026-04-19 14:26:14 | INFO     | src.valuation.auto_dcf — [POMO4] setor=industrial  método=dcf_fcff  modelo=industrial
2026-04-19 14:26:14 | SUCCESS  | src.valuation.auto_dcf — [POMO4] valuation concluído — DCF FCFF | base=12,144 R$ mi
2026-04-19 14:26:14 | INFO     | src.analysis.insight_engine — [POMO4] 0 insights gerados
2026-04-19 14:26:14 | INFO     | __main__ — [STBP3] iniciando análise completa...
2026-04-19 14:26:14 | INFO     | src.analysis.metrics_engine — [STBP3] 2019: métricas calculadas [industrial]
2026-04-19 14:26:14 | INFO     | src.analysis.metrics_engine — [STBP3] 2020: métricas calculadas [industrial]
2026-04-19 14:26:14 | INFO     | src.analysis.metrics_engine — [STBP3] 2021: métricas calculadas [industrial]
2026-04-19 14:26:14 | INFO     | src.analysis.metrics_engine — [STBP3] 2022: métricas calculadas [industrial]
2026-04-19 14:26:14 | INFO     | src.analysis.metrics_engine — [STBP3] 2023: métricas calculadas [industrial]
2026-04-19 14:26:14 | INFO     | src.analysis.metrics_engine — [STBP3] 2024: métricas calculadas [industrial]
2026-04-19 14:26:14 | INFO     | src.analysis.metrics_engine — [STBP3] 2025: métricas calculadas [industrial]
2026-04-19 14:26:14 | SUCCESS  | src.analysis.metrics_engine — [STBP3] 7 períodos calculados
2026-04-19 14:26:14 | INFO     | src.analysis.risk_engine — [STBP3] risco: LOW (0 alerta(s)) [industrial]
2026-04-19 14:26:14 | INFO     | src.valuation.auto_dcf — [STBP3] setor=industrial  método=dcf_fcff  modelo=industrial
2026-04-19 14:26:14 | SUCCESS  | src.valuation.auto_dcf — [STBP3] valuation concluído — DCF FCFF | base=25,264 R$ mi
2026-04-19 14:26:14 | INFO     | src.analysis.insight_engine — [STBP3] 2 insights gerados
2026-04-19 14:26:14 | INFO     | __main__ — [CCRO3] iniciando análise completa...
2026-04-19 14:26:15 | WARNING  | src.analysis.metrics_engine — [CCRO3] sem dados processados — execute 'process' primeiro
2026-04-19 14:26:15 | WARNING  | __main__ — [CCRO3] sem dados — execute 'process' primeiro
2026-04-19 14:26:15 | INFO     | __main__ — [RAIL3] iniciando análise completa...
2026-04-19 14:26:15 | INFO     | src.analysis.metrics_engine — [RAIL3] 2019: métricas calculadas [industrial]
2026-04-19 14:26:15 | INFO     | src.analysis.metrics_engine — [RAIL3] 2020: métricas calculadas [industrial]
2026-04-19 14:26:15 | INFO     | src.analysis.metrics_engine — [RAIL3] 2021: métricas calculadas [industrial]
2026-04-19 14:26:15 | INFO     | src.analysis.metrics_engine — [RAIL3] 2022: métricas calculadas [industrial]
2026-04-19 14:26:15 | INFO     | src.analysis.metrics_engine — [RAIL3] 2023: métricas calculadas [industrial]
2026-04-19 14:26:15 | INFO     | src.analysis.metrics_engine — [RAIL3] 2024: métricas calculadas [industrial]
2026-04-19 14:26:15 | INFO     | src.analysis.metrics_engine — [RAIL3] 2025: métricas calculadas [industrial]
2026-04-19 14:26:15 | SUCCESS  | src.analysis.metrics_engine — [RAIL3] 7 períodos calculados
2026-04-19 14:26:15 | INFO     | src.analysis.risk_engine — [RAIL3] risco: MEDIUM (1 alerta(s)) [industrial]
2026-04-19 14:26:15 | INFO     | src.valuation.auto_dcf — [RAIL3] setor=industrial  método=dcf_fcff  modelo=industrial
2026-04-19 14:26:15 | SUCCESS  | src.valuation.auto_dcf — [RAIL3] valuation concluído — DCF FCFF | base=52,989 R$ mi
2026-04-19 14:26:15 | INFO     | src.analysis.insight_engine — [RAIL3] 1 insights gerados
2026-04-19 14:26:16 | INFO     | __main__ — [UGPA3] iniciando análise completa...
2026-04-19 14:26:16 | INFO     | src.analysis.metrics_engine — [UGPA3] 2019: métricas calculadas [holding]
2026-04-19 14:26:16 | INFO     | src.analysis.metrics_engine — [UGPA3] 2020: métricas calculadas [holding]
2026-04-19 14:26:16 | INFO     | src.analysis.metrics_engine — [UGPA3] 2021: métricas calculadas [holding]
2026-04-19 14:26:16 | INFO     | src.analysis.metrics_engine — [UGPA3] 2022: métricas calculadas [holding]
2026-04-19 14:26:16 | INFO     | src.analysis.metrics_engine — [UGPA3] 2023: métricas calculadas [holding]
2026-04-19 14:26:16 | INFO     | src.analysis.metrics_engine — [UGPA3] 2024: métricas calculadas [holding]
2026-04-19 14:26:16 | INFO     | src.analysis.metrics_engine — [UGPA3] 2025: métricas calculadas [holding]
2026-04-19 14:26:16 | SUCCESS  | src.analysis.metrics_engine — [UGPA3] 7 períodos calculados
2026-04-19 14:26:16 | INFO     | src.analysis.risk_engine — [UGPA3] risco: HIGH (1 alerta(s)) [holding]
2026-04-19 14:26:16 | INFO     | src.valuation.auto_dcf — [UGPA3] setor=holding  método=gordon_growth  modelo=industrial
2026-04-19 14:26:16 | SUCCESS  | src.valuation.auto_dcf — [UGPA3] valuation concluído — Gordon Growth Model (P/B Implícito) | base=0 R$ mi
2026-04-19 14:26:16 | INFO     | src.analysis.insight_engine — [UGPA3] 1 insights gerados
2026-04-19 14:26:16 | INFO     | __main__ — [SUZB3] iniciando análise completa...
2026-04-19 14:26:16 | INFO     | src.analysis.metrics_engine — [SUZB3] 2019: métricas calculadas [industrial]
2026-04-19 14:26:16 | INFO     | src.analysis.metrics_engine — [SUZB3] 2020: métricas calculadas [industrial]
2026-04-19 14:26:16 | INFO     | src.analysis.metrics_engine — [SUZB3] 2021: métricas calculadas [industrial]
2026-04-19 14:26:17 | INFO     | src.analysis.metrics_engine — [SUZB3] 2022: métricas calculadas [industrial]
2026-04-19 14:26:17 | INFO     | src.analysis.metrics_engine — [SUZB3] 2023: métricas calculadas [industrial]
2026-04-19 14:26:17 | INFO     | src.analysis.metrics_engine — [SUZB3] 2024: métricas calculadas [industrial]
2026-04-19 14:26:17 | INFO     | src.analysis.metrics_engine — [SUZB3] 2025: métricas calculadas [industrial]
2026-04-19 14:26:17 | SUCCESS  | src.analysis.metrics_engine — [SUZB3] 7 períodos calculados
2026-04-19 14:26:17 | INFO     | src.analysis.risk_engine — [SUZB3] risco: HIGH (2 alerta(s)) [industrial]
2026-04-19 14:26:17 | INFO     | src.valuation.auto_dcf — [SUZB3] setor=industrial  método=dcf_fcff  modelo=industrial
2026-04-19 14:26:17 | SUCCESS  | src.valuation.auto_dcf — [SUZB3] valuation concluído — DCF FCFF | base=56,754 R$ mi
2026-04-19 14:26:17 | INFO     | src.analysis.insight_engine — [SUZB3] 1 insights gerados
2026-04-19 14:26:17 | INFO     | __main__ — [KLBN11] iniciando análise completa...
2026-04-19 14:26:17 | INFO     | src.analysis.metrics_engine — [KLBN11] 2019: métricas calculadas [industrial]
2026-04-19 14:26:17 | INFO     | src.analysis.metrics_engine — [KLBN11] 2020: métricas calculadas [industrial]
2026-04-19 14:26:17 | INFO     | src.analysis.metrics_engine — [KLBN11] 2021: métricas calculadas [industrial]
2026-04-19 14:26:17 | INFO     | src.analysis.metrics_engine — [KLBN11] 2022: métricas calculadas [industrial]
2026-04-19 14:26:17 | INFO     | src.analysis.metrics_engine — [KLBN11] 2023: métricas calculadas [industrial]
2026-04-19 14:26:17 | INFO     | src.analysis.metrics_engine — [KLBN11] 2024: métricas calculadas [industrial]
2026-04-19 14:26:17 | INFO     | src.analysis.metrics_engine — [KLBN11] 2025: métricas calculadas [industrial]
2026-04-19 14:26:17 | SUCCESS  | src.analysis.metrics_engine — [KLBN11] 7 períodos calculados
2026-04-19 14:26:17 | INFO     | src.analysis.risk_engine — [KLBN11] risco: HIGH (2 alerta(s)) [industrial]
2026-04-19 14:26:17 | INFO     | src.valuation.auto_dcf — [KLBN11] setor=industrial  método=dcf_fcff  modelo=industrial
2026-04-19 14:26:17 | SUCCESS  | src.valuation.auto_dcf — [KLBN11] valuation concluído — DCF FCFF | base=31,288 R$ mi
2026-04-19 14:26:17 | INFO     | src.analysis.insight_engine — [KLBN11] 1 insights gerados
2026-04-19 14:26:17 | INFO     | __main__ — [ABEV3] iniciando análise completa...
2026-04-19 14:26:18 | INFO     | src.analysis.metrics_engine — [ABEV3] 2019: métricas calculadas [industrial]
2026-04-19 14:26:18 | INFO     | src.analysis.metrics_engine — [ABEV3] 2020: métricas calculadas [industrial]
2026-04-19 14:26:18 | INFO     | src.analysis.metrics_engine — [ABEV3] 2021: métricas calculadas [industrial]
2026-04-19 14:26:18 | INFO     | src.analysis.metrics_engine — [ABEV3] 2022: métricas calculadas [industrial]
2026-04-19 14:26:18 | INFO     | src.analysis.metrics_engine — [ABEV3] 2023: métricas calculadas [industrial]
2026-04-19 14:26:18 | INFO     | src.analysis.metrics_engine — [ABEV3] 2024: métricas calculadas [industrial]
2026-04-19 14:26:18 | INFO     | src.analysis.metrics_engine — [ABEV3] 2025: métricas calculadas [industrial]
2026-04-19 14:26:18 | SUCCESS  | src.analysis.metrics_engine — [ABEV3] 7 períodos calculados
2026-04-19 14:26:18 | INFO     | src.analysis.risk_engine — [ABEV3] risco: LOW (0 alerta(s)) [industrial]
2026-04-19 14:26:18 | INFO     | src.valuation.auto_dcf — [ABEV3] setor=industrial  método=dcf_fcff  modelo=industrial
2026-04-19 14:26:18 | SUCCESS  | src.valuation.auto_dcf — [ABEV3] valuation concluído — DCF FCFF | base=345,035 R$ mi
2026-04-19 14:26:18 | INFO     | src.analysis.insight_engine — [ABEV3] 1 insights gerados
2026-04-19 14:26:18 | INFO     | __main__ — [JBSS3] iniciando análise completa...
2026-04-19 14:26:18 | INFO     | src.analysis.metrics_engine — [JBSS3] 2019: métricas calculadas [industrial]
2026-04-19 14:26:18 | INFO     | src.analysis.metrics_engine — [JBSS3] 2020: métricas calculadas [industrial]
2026-04-19 14:26:18 | INFO     | src.analysis.metrics_engine — [JBSS3] 2021: métricas calculadas [industrial]
2026-04-19 14:26:18 | INFO     | src.analysis.metrics_engine — [JBSS3] 2022: métricas calculadas [industrial]
2026-04-19 14:26:18 | INFO     | src.analysis.metrics_engine — [JBSS3] 2023: métricas calculadas [industrial]
2026-04-19 14:26:18 | INFO     | src.analysis.metrics_engine — [JBSS3] 2024: métricas calculadas [industrial]
2026-04-19 14:26:18 | INFO     | src.analysis.metrics_engine — [JBSS3] 2025: métricas calculadas [industrial]
2026-04-19 14:26:18 | SUCCESS  | src.analysis.metrics_engine — [JBSS3] 7 períodos calculados
2026-04-19 14:26:18 | INFO     | src.analysis.risk_engine — [JBSS3] risco: MEDIUM (1 alerta(s)) [industrial]
2026-04-19 14:26:18 | INFO     | src.valuation.auto_dcf — [JBSS3] setor=industrial  método=dcf_fcff  modelo=industrial
2026-04-19 14:26:18 | SUCCESS  | src.valuation.auto_dcf — [JBSS3] valuation concluído — DCF FCFF | base=0 R$ mi
2026-04-19 14:26:19 | INFO     | src.analysis.insight_engine — [JBSS3] 1 insights gerados
2026-04-19 14:26:19 | INFO     | __main__ — [BRFS3] iniciando análise completa...
2026-04-19 14:26:19 | INFO     | src.analysis.metrics_engine — [BRFS3] 2019: métricas calculadas [industrial]
2026-04-19 14:26:19 | INFO     | src.analysis.metrics_engine — [BRFS3] 2020: métricas calculadas [industrial]
2026-04-19 14:26:19 | INFO     | src.analysis.metrics_engine — [BRFS3] 2021: métricas calculadas [industrial]
2026-04-19 14:26:19 | INFO     | src.analysis.metrics_engine — [BRFS3] 2022: métricas calculadas [industrial]
2026-04-19 14:26:19 | INFO     | src.analysis.metrics_engine — [BRFS3] 2023: métricas calculadas [industrial]
2026-04-19 14:26:19 | INFO     | src.analysis.metrics_engine — [BRFS3] 2024: métricas calculadas [industrial]
2026-04-19 14:26:19 | INFO     | src.analysis.metrics_engine — [BRFS3] 2025: métricas calculadas [industrial]
2026-04-19 14:26:19 | SUCCESS  | src.analysis.metrics_engine — [BRFS3] 7 períodos calculados
2026-04-19 14:26:19 | INFO     | src.analysis.risk_engine — [BRFS3] risco: LOW (0 alerta(s)) [industrial]
2026-04-19 14:26:19 | INFO     | src.valuation.auto_dcf — [BRFS3] setor=industrial  método=dcf_fcff  modelo=industrial
2026-04-19 14:26:19 | SUCCESS  | src.valuation.auto_dcf — [BRFS3] valuation concluído — DCF FCFF | base=23,783 R$ mi
2026-04-19 14:26:19 | INFO     | src.analysis.insight_engine — [BRFS3] 0 insights gerados
2026-04-19 14:26:19 | INFO     | __main__ — [MRFG3] iniciando análise completa...
2026-04-19 14:26:20 | INFO     | src.analysis.metrics_engine — [MRFG3] 2019: métricas calculadas [industrial]
2026-04-19 14:26:20 | INFO     | src.analysis.metrics_engine — [MRFG3] 2020: métricas calculadas [industrial]
2026-04-19 14:26:20 | INFO     | src.analysis.metrics_engine — [MRFG3] 2021: métricas calculadas [industrial]
2026-04-19 14:26:20 | INFO     | src.analysis.metrics_engine — [MRFG3] 2022: métricas calculadas [industrial]
2026-04-19 14:26:20 | INFO     | src.analysis.metrics_engine — [MRFG3] 2023: métricas calculadas [industrial]
2026-04-19 14:26:20 | INFO     | src.analysis.metrics_engine — [MRFG3] 2024: métricas calculadas [industrial]
2026-04-19 14:26:20 | INFO     | src.analysis.metrics_engine — [MRFG3] 2025: métricas calculadas [industrial]
2026-04-19 14:26:20 | SUCCESS  | src.analysis.metrics_engine — [MRFG3] 7 períodos calculados
2026-04-19 14:26:20 | INFO     | src.analysis.risk_engine — [MRFG3] risco: CRITICAL (2 alerta(s)) [industrial]
2026-04-19 14:26:20 | INFO     | src.valuation.auto_dcf — [MRFG3] setor=industrial  método=dcf_fcff  modelo=industrial
2026-04-19 14:26:20 | SUCCESS  | src.valuation.auto_dcf — [MRFG3] valuation concluído — DCF FCFF | base=0 R$ mi
2026-04-19 14:26:20 | INFO     | src.analysis.insight_engine — [MRFG3] 1 insights gerados
2026-04-19 14:26:20 | INFO     | __main__ — [BEEF3] iniciando análise completa...
2026-04-19 14:26:20 | INFO     | src.analysis.metrics_engine — [BEEF3] 2019: métricas calculadas [industrial]
2026-04-19 14:26:20 | INFO     | src.analysis.metrics_engine — [BEEF3] 2020: métricas calculadas [industrial]
2026-04-19 14:26:20 | INFO     | src.analysis.metrics_engine — [BEEF3] 2021: métricas calculadas [industrial]
2026-04-19 14:26:20 | INFO     | src.analysis.metrics_engine — [BEEF3] 2022: métricas calculadas [industrial]
2026-04-19 14:26:20 | INFO     | src.analysis.metrics_engine — [BEEF3] 2023: métricas calculadas [industrial]
2026-04-19 14:26:20 | INFO     | src.analysis.metrics_engine — [BEEF3] 2024: métricas calculadas [industrial]
2026-04-19 14:26:20 | INFO     | src.analysis.metrics_engine — [BEEF3] 2025: métricas calculadas [industrial]
2026-04-19 14:26:20 | SUCCESS  | src.analysis.metrics_engine — [BEEF3] 7 períodos calculados
2026-04-19 14:26:20 | INFO     | src.analysis.risk_engine — [BEEF3] risco: HIGH (3 alerta(s)) [industrial]
2026-04-19 14:26:20 | INFO     | src.valuation.auto_dcf — [BEEF3] setor=industrial  método=dcf_fcff  modelo=industrial
2026-04-19 14:26:20 | SUCCESS  | src.valuation.auto_dcf — [BEEF3] valuation concluído — DCF FCFF | base=0 R$ mi
2026-04-19 14:26:20 | INFO     | src.analysis.insight_engine — [BEEF3] 2 insights gerados
2026-04-19 14:26:21 | INFO     | __main__ — [SMTO3] iniciando análise completa...
2026-04-19 14:26:21 | INFO     | src.analysis.metrics_engine — [SMTO3] 2019: métricas calculadas [agro]
2026-04-19 14:26:21 | INFO     | src.analysis.metrics_engine — [SMTO3] 2020: métricas calculadas [agro]
2026-04-19 14:26:21 | INFO     | src.analysis.metrics_engine — [SMTO3] 2021: métricas calculadas [agro]
2026-04-19 14:26:21 | INFO     | src.analysis.metrics_engine — [SMTO3] 2022: métricas calculadas [agro]
2026-04-19 14:26:21 | INFO     | src.analysis.metrics_engine — [SMTO3] 2023: métricas calculadas [agro]
2026-04-19 14:26:21 | INFO     | src.analysis.metrics_engine — [SMTO3] 2024: métricas calculadas [agro]
2026-04-19 14:26:21 | INFO     | src.analysis.metrics_engine — [SMTO3] 2025: métricas calculadas [agro]
2026-04-19 14:26:21 | SUCCESS  | src.analysis.metrics_engine — [SMTO3] 7 períodos calculados
2026-04-19 14:26:21 | INFO     | src.analysis.risk_engine — [SMTO3] risco: HIGH (1 alerta(s)) [agro]
2026-04-19 14:26:21 | INFO     | src.valuation.auto_dcf — [SMTO3] setor=agro  método=dcf_fcff  modelo=industrial
2026-04-19 14:26:21 | SUCCESS  | src.valuation.auto_dcf — [SMTO3] valuation concluído — DCF FCFF | base=5,901 R$ mi
2026-04-19 14:26:21 | INFO     | src.analysis.insight_engine — [SMTO3] 1 insights gerados
2026-04-19 14:26:21 | INFO     | __main__ — [SLCE3] iniciando análise completa...
2026-04-19 14:26:22 | INFO     | src.analysis.metrics_engine — [SLCE3] 2019: métricas calculadas [agro]
2026-04-19 14:26:22 | INFO     | src.analysis.metrics_engine — [SLCE3] 2020: métricas calculadas [agro]
2026-04-19 14:26:22 | INFO     | src.analysis.metrics_engine — [SLCE3] 2021: métricas calculadas [agro]
2026-04-19 14:26:22 | INFO     | src.analysis.metrics_engine — [SLCE3] 2022: métricas calculadas [agro]
2026-04-19 14:26:22 | INFO     | src.analysis.metrics_engine — [SLCE3] 2023: métricas calculadas [agro]
2026-04-19 14:26:22 | INFO     | src.analysis.metrics_engine — [SLCE3] 2024: métricas calculadas [agro]
2026-04-19 14:26:22 | INFO     | src.analysis.metrics_engine — [SLCE3] 2025: métricas calculadas [agro]
2026-04-19 14:26:22 | SUCCESS  | src.analysis.metrics_engine — [SLCE3] 7 períodos calculados
2026-04-19 14:26:22 | INFO     | src.analysis.risk_engine — [SLCE3] risco: HIGH (1 alerta(s)) [agro]
2026-04-19 14:26:22 | INFO     | src.valuation.auto_dcf — [SLCE3] setor=agro  método=dcf_fcff  modelo=industrial
2026-04-19 14:26:22 | SUCCESS  | src.valuation.auto_dcf — [SLCE3] valuation concluído — DCF FCFF | base=12,186 R$ mi
2026-04-19 14:26:22 | INFO     | src.analysis.insight_engine — [SLCE3] 2 insights gerados
2026-04-19 14:26:22 | INFO     | __main__ — [LREN3] iniciando análise completa...
2026-04-19 14:26:22 | INFO     | src.analysis.metrics_engine — [LREN3] 2019: métricas calculadas [retail]
2026-04-19 14:26:22 | INFO     | src.analysis.metrics_engine — [LREN3] 2020: métricas calculadas [retail]
2026-04-19 14:26:22 | INFO     | src.analysis.metrics_engine — [LREN3] 2021: métricas calculadas [retail]
2026-04-19 14:26:22 | INFO     | src.analysis.metrics_engine — [LREN3] 2022: métricas calculadas [retail]
2026-04-19 14:26:22 | INFO     | src.analysis.metrics_engine — [LREN3] 2023: métricas calculadas [retail]
2026-04-19 14:26:22 | INFO     | src.analysis.metrics_engine — [LREN3] 2024: métricas calculadas [retail]
2026-04-19 14:26:22 | INFO     | src.analysis.metrics_engine — [LREN3] 2025: métricas calculadas [retail]
2026-04-19 14:26:22 | SUCCESS  | src.analysis.metrics_engine — [LREN3] 7 períodos calculados
2026-04-19 14:26:22 | INFO     | src.analysis.risk_engine — [LREN3] risco: LOW (0 alerta(s)) [retail]
2026-04-19 14:26:22 | INFO     | src.valuation.auto_dcf — [LREN3] setor=retail  método=dcf_fcff  modelo=industrial
2026-04-19 14:26:22 | SUCCESS  | src.valuation.auto_dcf — [LREN3] valuation concluído — DCF FCFF | base=16,839 R$ mi
2026-04-19 14:26:22 | INFO     | src.analysis.insight_engine — [LREN3] 0 insights gerados
2026-04-19 14:26:22 | INFO     | __main__ — [MGLU3] iniciando análise completa...
2026-04-19 14:26:23 | INFO     | src.analysis.metrics_engine — [MGLU3] 2019: métricas calculadas [retail]
2026-04-19 14:26:23 | INFO     | src.analysis.metrics_engine — [MGLU3] 2020: métricas calculadas [retail]
2026-04-19 14:26:23 | INFO     | src.analysis.metrics_engine — [MGLU3] 2021: métricas calculadas [retail]
2026-04-19 14:26:23 | INFO     | src.analysis.metrics_engine — [MGLU3] 2022: métricas calculadas [retail]
2026-04-19 14:26:23 | INFO     | src.analysis.metrics_engine — [MGLU3] 2023: métricas calculadas [retail]
2026-04-19 14:26:23 | INFO     | src.analysis.metrics_engine — [MGLU3] 2024: métricas calculadas [retail]
2026-04-19 14:26:23 | INFO     | src.analysis.metrics_engine — [MGLU3] 2025: métricas calculadas [retail]
2026-04-19 14:26:23 | SUCCESS  | src.analysis.metrics_engine — [MGLU3] 7 períodos calculados
2026-04-19 14:26:23 | INFO     | src.analysis.risk_engine — [MGLU3] risco: MEDIUM (1 alerta(s)) [retail]
2026-04-19 14:26:23 | INFO     | src.valuation.auto_dcf — [MGLU3] setor=retail  método=dcf_fcff  modelo=industrial
2026-04-19 14:26:23 | SUCCESS  | src.valuation.auto_dcf — [MGLU3] valuation concluído — DCF FCFF | base=0 R$ mi
2026-04-19 14:26:23 | INFO     | src.analysis.insight_engine — [MGLU3] 0 insights gerados
2026-04-19 14:26:23 | INFO     | __main__ — [AZZA3] iniciando análise completa...
2026-04-19 14:26:23 | INFO     | src.analysis.metrics_engine — [AZZA3] 2019: métricas calculadas [retail]
2026-04-19 14:26:23 | INFO     | src.analysis.metrics_engine — [AZZA3] 2020: métricas calculadas [retail]
2026-04-19 14:26:23 | INFO     | src.analysis.metrics_engine — [AZZA3] 2021: métricas calculadas [retail]
2026-04-19 14:26:23 | INFO     | src.analysis.metrics_engine — [AZZA3] 2022: métricas calculadas [retail]
2026-04-19 14:26:23 | INFO     | src.analysis.metrics_engine — [AZZA3] 2023: métricas calculadas [retail]
2026-04-19 14:26:23 | INFO     | src.analysis.metrics_engine — [AZZA3] 2024: métricas calculadas [retail]
2026-04-19 14:26:23 | INFO     | src.analysis.metrics_engine — [AZZA3] 2025: métricas calculadas [retail]
2026-04-19 14:26:23 | SUCCESS  | src.analysis.metrics_engine — [AZZA3] 7 períodos calculados
2026-04-19 14:26:23 | INFO     | src.analysis.risk_engine — [AZZA3] risco: LOW (0 alerta(s)) [retail]
2026-04-19 14:26:23 | INFO     | src.valuation.auto_dcf — [AZZA3] setor=retail  método=dcf_fcff  modelo=industrial
2026-04-19 14:26:23 | SUCCESS  | src.valuation.auto_dcf — [AZZA3] valuation concluído — DCF FCFF | base=6,040 R$ mi
2026-04-19 14:26:23 | INFO     | src.analysis.insight_engine — [AZZA3] 1 insights gerados
2026-04-19 14:26:24 | INFO     | __main__ — [NTCO3] iniciando análise completa...
2026-04-19 14:26:24 | INFO     | src.analysis.metrics_engine — [NTCO3] 2019: métricas calculadas [retail]
2026-04-19 14:26:24 | INFO     | src.analysis.metrics_engine — [NTCO3] 2020: métricas calculadas [retail]
2026-04-19 14:26:24 | INFO     | src.analysis.metrics_engine — [NTCO3] 2021: métricas calculadas [retail]
2026-04-19 14:26:24 | INFO     | src.analysis.metrics_engine — [NTCO3] 2022: métricas calculadas [retail]
2026-04-19 14:26:24 | INFO     | src.analysis.metrics_engine — [NTCO3] 2023: métricas calculadas [retail]
2026-04-19 14:26:24 | INFO     | src.analysis.metrics_engine — [NTCO3] 2024: métricas calculadas [retail]
2026-04-19 14:26:24 | INFO     | src.analysis.metrics_engine — [NTCO3] 2025: métricas calculadas [retail]
2026-04-19 14:26:24 | SUCCESS  | src.analysis.metrics_engine — [NTCO3] 7 períodos calculados
2026-04-19 14:26:24 | INFO     | src.analysis.risk_engine — [NTCO3] risco: HIGH (3 alerta(s)) [retail]
2026-04-19 14:26:24 | INFO     | src.valuation.auto_dcf — [NTCO3] setor=retail  método=dcf_fcff  modelo=industrial
2026-04-19 14:26:24 | SUCCESS  | src.valuation.auto_dcf — [NTCO3] valuation concluído — DCF FCFF | base=1,126 R$ mi
2026-04-19 14:26:24 | INFO     | src.analysis.insight_engine — [NTCO3] 1 insights gerados
2026-04-19 14:26:24 | INFO     | __main__ — [CRFB3] iniciando análise completa...
2026-04-19 14:26:25 | WARNING  | src.analysis.metrics_engine — [CRFB3] sem dados processados — execute 'process' primeiro
2026-04-19 14:26:25 | WARNING  | __main__ — [CRFB3] sem dados — execute 'process' primeiro
2026-04-19 14:26:25 | INFO     | __main__ — [PCAR3] iniciando análise completa...
2026-04-19 14:26:25 | WARNING  | src.analysis.metrics_engine — [PCAR3] sem dados processados — execute 'process' primeiro
2026-04-19 14:26:25 | WARNING  | __main__ — [PCAR3] sem dados — execute 'process' primeiro
2026-04-19 14:26:25 | INFO     | __main__ — [PETZ3] iniciando análise completa...
2026-04-19 14:26:25 | WARNING  | src.analysis.metrics_engine — [PETZ3] sem dados processados — execute 'process' primeiro
2026-04-19 14:26:25 | WARNING  | __main__ — [PETZ3] sem dados — execute 'process' primeiro
2026-04-19 14:26:26 | INFO     | __main__ — [VIVA3] iniciando análise completa...
2026-04-19 14:26:26 | INFO     | src.analysis.metrics_engine — [VIVA3] 2019: métricas calculadas [retail]
2026-04-19 14:26:26 | INFO     | src.analysis.metrics_engine — [VIVA3] 2020: métricas calculadas [retail]
2026-04-19 14:26:26 | INFO     | src.analysis.metrics_engine — [VIVA3] 2021: métricas calculadas [retail]
2026-04-19 14:26:26 | INFO     | src.analysis.metrics_engine — [VIVA3] 2022: métricas calculadas [retail]
2026-04-19 14:26:26 | INFO     | src.analysis.metrics_engine — [VIVA3] 2023: métricas calculadas [retail]
2026-04-19 14:26:26 | INFO     | src.analysis.metrics_engine — [VIVA3] 2024: métricas calculadas [retail]
2026-04-19 14:26:26 | INFO     | src.analysis.metrics_engine — [VIVA3] 2025: métricas calculadas [retail]
2026-04-19 14:26:26 | SUCCESS  | src.analysis.metrics_engine — [VIVA3] 7 períodos calculados
2026-04-19 14:26:26 | INFO     | src.analysis.risk_engine — [VIVA3] risco: HIGH (1 alerta(s)) [retail]
2026-04-19 14:26:26 | INFO     | src.valuation.auto_dcf — [VIVA3] setor=retail  método=dcf_fcff  modelo=industrial
2026-04-19 14:26:26 | SUCCESS  | src.valuation.auto_dcf — [VIVA3] valuation concluído — DCF FCFF | base=8,916 R$ mi
2026-04-19 14:26:26 | INFO     | src.analysis.insight_engine — [VIVA3] 2 insights gerados
2026-04-19 14:26:26 | INFO     | __main__ — [AMOB3] iniciando análise completa...
2026-04-19 14:26:27 | INFO     | src.analysis.metrics_engine — [AMOB3] 2023: métricas calculadas [retail]
2026-04-19 14:26:27 | INFO     | src.analysis.metrics_engine — [AMOB3] 2024: métricas calculadas [retail]
2026-04-19 14:26:27 | INFO     | src.analysis.metrics_engine — [AMOB3] 2025: métricas calculadas [retail]
2026-04-19 14:26:27 | SUCCESS  | src.analysis.metrics_engine — [AMOB3] 3 períodos calculados
2026-04-19 14:26:27 | INFO     | src.analysis.risk_engine — [AMOB3] risco: HIGH (2 alerta(s)) [retail]
2026-04-19 14:26:27 | INFO     | src.valuation.auto_dcf — [AMOB3] setor=retail  método=dcf_fcff  modelo=industrial
2026-04-19 14:26:27 | SUCCESS  | src.valuation.auto_dcf — [AMOB3] valuation concluído — DCF FCFF | base=0 R$ mi
2026-04-19 14:26:27 | INFO     | src.analysis.insight_engine — [AMOB3] 1 insights gerados
2026-04-19 14:26:27 | INFO     | __main__ — [RDOR3] iniciando análise completa...
2026-04-19 14:26:27 | WARNING  | src.analysis.metrics_engine — [RDOR3] sem dados processados — execute 'process' primeiro
2026-04-19 14:26:27 | WARNING  | __main__ — [RDOR3] sem dados — execute 'process' primeiro
2026-04-19 14:26:27 | INFO     | __main__ — [HAPV3] iniciando análise completa...
2026-04-19 14:26:28 | INFO     | src.analysis.metrics_engine — [HAPV3] 2019: métricas calculadas [healthcare]
2026-04-19 14:26:28 | INFO     | src.analysis.metrics_engine — [HAPV3] 2020: métricas calculadas [healthcare]
2026-04-19 14:26:28 | INFO     | src.analysis.metrics_engine — [HAPV3] 2021: métricas calculadas [healthcare]
2026-04-19 14:26:28 | INFO     | src.analysis.metrics_engine — [HAPV3] 2022: métricas calculadas [healthcare]
2026-04-19 14:26:28 | INFO     | src.analysis.metrics_engine — [HAPV3] 2023: métricas calculadas [healthcare]
2026-04-19 14:26:28 | INFO     | src.analysis.metrics_engine — [HAPV3] 2024: métricas calculadas [healthcare]
2026-04-19 14:26:28 | INFO     | src.analysis.metrics_engine — [HAPV3] 2025: métricas calculadas [healthcare]
2026-04-19 14:26:28 | SUCCESS  | src.analysis.metrics_engine — [HAPV3] 7 períodos calculados
2026-04-19 14:26:28 | INFO     | src.analysis.risk_engine — [HAPV3] risco: CRITICAL (2 alerta(s)) [healthcare]
2026-04-19 14:26:28 | INFO     | src.valuation.auto_dcf — [HAPV3] setor=healthcare  método=dcf_fcff  modelo=industrial
2026-04-19 14:26:28 | SUCCESS  | src.valuation.auto_dcf — [HAPV3] valuation concluído — DCF FCFF | base=0 R$ mi
2026-04-19 14:26:28 | INFO     | src.analysis.insight_engine — [HAPV3] 1 insights gerados
2026-04-19 14:26:28 | INFO     | __main__ — [FLRY3] iniciando análise completa...
2026-04-19 14:26:28 | INFO     | src.analysis.metrics_engine — [FLRY3] 2019: métricas calculadas [healthcare]
2026-04-19 14:26:28 | INFO     | src.analysis.metrics_engine — [FLRY3] 2020: métricas calculadas [healthcare]
2026-04-19 14:26:28 | INFO     | src.analysis.metrics_engine — [FLRY3] 2021: métricas calculadas [healthcare]
2026-04-19 14:26:28 | INFO     | src.analysis.metrics_engine — [FLRY3] 2022: métricas calculadas [healthcare]
2026-04-19 14:26:28 | INFO     | src.analysis.metrics_engine — [FLRY3] 2023: métricas calculadas [healthcare]
2026-04-19 14:26:28 | INFO     | src.analysis.metrics_engine — [FLRY3] 2024: métricas calculadas [healthcare]
2026-04-19 14:26:28 | INFO     | src.analysis.metrics_engine — [FLRY3] 2025: métricas calculadas [healthcare]
2026-04-19 14:26:28 | SUCCESS  | src.analysis.metrics_engine — [FLRY3] 7 períodos calculados
2026-04-19 14:26:28 | INFO     | src.analysis.risk_engine — [FLRY3] risco: HIGH (2 alerta(s)) [healthcare]
2026-04-19 14:26:28 | INFO     | src.valuation.auto_dcf — [FLRY3] setor=healthcare  método=dcf_fcff  modelo=industrial
2026-04-19 14:26:28 | SUCCESS  | src.valuation.auto_dcf — [FLRY3] valuation concluído — DCF FCFF | base=10,609 R$ mi
2026-04-19 14:26:29 | INFO     | src.analysis.insight_engine — [FLRY3] 1 insights gerados
2026-04-19 14:26:29 | INFO     | __main__ — [HYPE3] iniciando análise completa...
2026-04-19 14:26:29 | INFO     | src.analysis.metrics_engine — [HYPE3] 2019: métricas calculadas [healthcare]
2026-04-19 14:26:29 | INFO     | src.analysis.metrics_engine — [HYPE3] 2020: métricas calculadas [healthcare]
2026-04-19 14:26:29 | INFO     | src.analysis.metrics_engine — [HYPE3] 2021: métricas calculadas [healthcare]
2026-04-19 14:26:29 | INFO     | src.analysis.metrics_engine — [HYPE3] 2022: métricas calculadas [healthcare]
2026-04-19 14:26:29 | INFO     | src.analysis.metrics_engine — [HYPE3] 2023: métricas calculadas [healthcare]
2026-04-19 14:26:29 | INFO     | src.analysis.metrics_engine — [HYPE3] 2024: métricas calculadas [healthcare]
2026-04-19 14:26:29 | INFO     | src.analysis.metrics_engine — [HYPE3] 2025: métricas calculadas [healthcare]
2026-04-19 14:26:29 | SUCCESS  | src.analysis.metrics_engine — [HYPE3] 7 períodos calculados
2026-04-19 14:26:29 | INFO     | src.analysis.risk_engine — [HYPE3] risco: HIGH (3 alerta(s)) [healthcare]
2026-04-19 14:26:29 | INFO     | src.valuation.auto_dcf — [HYPE3] setor=healthcare  método=dcf_fcff  modelo=industrial
2026-04-19 14:26:29 | SUCCESS  | src.valuation.auto_dcf — [HYPE3] valuation concluído — DCF FCFF | base=25,550 R$ mi
2026-04-19 14:26:29 | INFO     | src.analysis.insight_engine — [HYPE3] 1 insights gerados
2026-04-19 14:26:29 | INFO     | __main__ — [RADL3] iniciando análise completa...
2026-04-19 14:26:30 | INFO     | src.analysis.metrics_engine — [RADL3] 2019: métricas calculadas [healthcare]
2026-04-19 14:26:30 | INFO     | src.analysis.metrics_engine — [RADL3] 2020: métricas calculadas [healthcare]
2026-04-19 14:26:30 | INFO     | src.analysis.metrics_engine — [RADL3] 2021: métricas calculadas [healthcare]
2026-04-19 14:26:30 | INFO     | src.analysis.metrics_engine — [RADL3] 2022: métricas calculadas [healthcare]
2026-04-19 14:26:30 | INFO     | src.analysis.metrics_engine — [RADL3] 2023: métricas calculadas [healthcare]
2026-04-19 14:26:30 | INFO     | src.analysis.metrics_engine — [RADL3] 2024: métricas calculadas [healthcare]
2026-04-19 14:26:30 | INFO     | src.analysis.metrics_engine — [RADL3] 2025: métricas calculadas [healthcare]
2026-04-19 14:26:30 | SUCCESS  | src.analysis.metrics_engine — [RADL3] 7 períodos calculados
2026-04-19 14:26:30 | INFO     | src.analysis.risk_engine — [RADL3] risco: LOW (0 alerta(s)) [healthcare]
2026-04-19 14:26:30 | INFO     | src.valuation.auto_dcf — [RADL3] setor=healthcare  método=dcf_fcff  modelo=industrial
2026-04-19 14:26:30 | SUCCESS  | src.valuation.auto_dcf — [RADL3] valuation concluído — DCF FCFF | base=0 R$ mi
2026-04-19 14:26:30 | INFO     | src.analysis.insight_engine — [RADL3] 0 insights gerados
2026-04-19 14:26:30 | INFO     | __main__ — [MULT3] iniciando análise completa...
2026-04-19 14:26:30 | INFO     | src.analysis.metrics_engine — [MULT3] 2019: métricas calculadas [real_estate]
2026-04-19 14:26:30 | INFO     | src.analysis.metrics_engine — [MULT3] 2020: métricas calculadas [real_estate]
2026-04-19 14:26:30 | INFO     | src.analysis.metrics_engine — [MULT3] 2021: métricas calculadas [real_estate]
2026-04-19 14:26:30 | INFO     | src.analysis.metrics_engine — [MULT3] 2022: métricas calculadas [real_estate]
2026-04-19 14:26:30 | INFO     | src.analysis.metrics_engine — [MULT3] 2023: métricas calculadas [real_estate]
2026-04-19 14:26:30 | INFO     | src.analysis.metrics_engine — [MULT3] 2024: métricas calculadas [real_estate]
2026-04-19 14:26:30 | INFO     | src.analysis.metrics_engine — [MULT3] 2025: métricas calculadas [real_estate]
2026-04-19 14:26:30 | SUCCESS  | src.analysis.metrics_engine — [MULT3] 7 períodos calculados
2026-04-19 14:26:30 | INFO     | src.analysis.risk_engine — [MULT3] risco: MEDIUM (1 alerta(s)) [real_estate]
2026-04-19 14:26:30 | INFO     | src.valuation.auto_dcf — [MULT3] setor=real_estate  método=ev_ebitda_multiple  modelo=industrial
2026-04-19 14:26:30 | SUCCESS  | src.valuation.auto_dcf — [MULT3] valuation concluído — EV/EBITDA Múltiplo | base=12,661 R$ mi
2026-04-19 14:26:30 | INFO     | src.analysis.insight_engine — [MULT3] 0 insights gerados
2026-04-19 14:26:31 | INFO     | __main__ — [CYRE3] iniciando análise completa...
2026-04-19 14:26:31 | INFO     | src.analysis.metrics_engine — [CYRE3] 2019: métricas calculadas [real_estate]
2026-04-19 14:26:31 | INFO     | src.analysis.metrics_engine — [CYRE3] 2020: métricas calculadas [real_estate]
2026-04-19 14:26:31 | INFO     | src.analysis.metrics_engine — [CYRE3] 2021: métricas calculadas [real_estate]
2026-04-19 14:26:31 | INFO     | src.analysis.metrics_engine — [CYRE3] 2022: métricas calculadas [real_estate]
2026-04-19 14:26:31 | INFO     | src.analysis.metrics_engine — [CYRE3] 2023: métricas calculadas [real_estate]
2026-04-19 14:26:31 | INFO     | src.analysis.metrics_engine — [CYRE3] 2024: métricas calculadas [real_estate]
2026-04-19 14:26:31 | INFO     | src.analysis.metrics_engine — [CYRE3] 2025: métricas calculadas [real_estate]
2026-04-19 14:26:31 | SUCCESS  | src.analysis.metrics_engine — [CYRE3] 7 períodos calculados
2026-04-19 14:26:31 | INFO     | src.analysis.risk_engine — [CYRE3] risco: HIGH (1 alerta(s)) [real_estate]
2026-04-19 14:26:31 | INFO     | src.valuation.auto_dcf — [CYRE3] setor=real_estate  método=ev_ebitda_multiple  modelo=industrial
2026-04-19 14:26:31 | SUCCESS  | src.valuation.auto_dcf — [CYRE3] valuation concluído — EV/EBITDA Múltiplo | base=14,053 R$ mi
2026-04-19 14:26:31 | INFO     | src.analysis.insight_engine — [CYRE3] 2 insights gerados
2026-04-19 14:26:31 | INFO     | __main__ — [MRVE3] iniciando análise completa...
2026-04-19 14:26:32 | INFO     | src.analysis.metrics_engine — [MRVE3] 2019: métricas calculadas [real_estate]
2026-04-19 14:26:32 | INFO     | src.analysis.metrics_engine — [MRVE3] 2020: métricas calculadas [real_estate]
2026-04-19 14:26:32 | INFO     | src.analysis.metrics_engine — [MRVE3] 2021: métricas calculadas [real_estate]
2026-04-19 14:26:32 | INFO     | src.analysis.metrics_engine — [MRVE3] 2022: métricas calculadas [real_estate]
2026-04-19 14:26:32 | INFO     | src.analysis.metrics_engine — [MRVE3] 2023: métricas calculadas [real_estate]
2026-04-19 14:26:32 | INFO     | src.analysis.metrics_engine — [MRVE3] 2024: métricas calculadas [real_estate]
2026-04-19 14:26:32 | INFO     | src.analysis.metrics_engine — [MRVE3] 2025: métricas calculadas [real_estate]
2026-04-19 14:26:32 | SUCCESS  | src.analysis.metrics_engine — [MRVE3] 7 períodos calculados
2026-04-19 14:26:32 | INFO     | src.analysis.risk_engine — [MRVE3] risco: CRITICAL (1 alerta(s)) [real_estate]
2026-04-19 14:26:32 | INFO     | src.valuation.auto_dcf — [MRVE3] setor=real_estate  método=ev_ebitda_multiple  modelo=industrial
2026-04-19 14:26:32 | SUCCESS  | src.valuation.auto_dcf — [MRVE3] valuation concluído — EV/EBITDA Múltiplo | base=0 R$ mi
2026-04-19 14:26:32 | INFO     | src.analysis.insight_engine — [MRVE3] 2 insights gerados
2026-04-19 14:26:32 | INFO     | __main__ — [IGTI11] iniciando análise completa...
2026-04-19 14:26:32 | INFO     | src.analysis.metrics_engine — [IGTI11] 2019: métricas calculadas [real_estate]
2026-04-19 14:26:32 | INFO     | src.analysis.metrics_engine — [IGTI11] 2020: métricas calculadas [real_estate]
2026-04-19 14:26:32 | INFO     | src.analysis.metrics_engine — [IGTI11] 2021: métricas calculadas [real_estate]
2026-04-19 14:26:32 | INFO     | src.analysis.metrics_engine — [IGTI11] 2022: métricas calculadas [real_estate]
2026-04-19 14:26:32 | INFO     | src.analysis.metrics_engine — [IGTI11] 2023: métricas calculadas [real_estate]
2026-04-19 14:26:32 | INFO     | src.analysis.metrics_engine — [IGTI11] 2024: métricas calculadas [real_estate]
2026-04-19 14:26:32 | INFO     | src.analysis.metrics_engine — [IGTI11] 2025: métricas calculadas [real_estate]
2026-04-19 14:26:32 | SUCCESS  | src.analysis.metrics_engine — [IGTI11] 7 períodos calculados
2026-04-19 14:26:32 | INFO     | src.analysis.risk_engine — [IGTI11] risco: MEDIUM (1 alerta(s)) [real_estate]
2026-04-19 14:26:32 | INFO     | src.valuation.auto_dcf — [IGTI11] setor=real_estate  método=ev_ebitda_multiple  modelo=industrial
2026-04-19 14:26:32 | SUCCESS  | src.valuation.auto_dcf — [IGTI11] valuation concluído — EV/EBITDA Múltiplo | base=5,639 R$ mi
2026-04-19 14:26:32 | INFO     | src.analysis.insight_engine — [IGTI11] 0 insights gerados
2026-04-19 14:26:33 | INFO     | __main__ — [ALOS3] iniciando análise completa...
2026-04-19 14:26:33 | INFO     | src.analysis.metrics_engine — [ALOS3] 2019: métricas calculadas [real_estate]
2026-04-19 14:26:33 | INFO     | src.analysis.metrics_engine — [ALOS3] 2020: métricas calculadas [real_estate]
2026-04-19 14:26:33 | INFO     | src.analysis.metrics_engine — [ALOS3] 2021: métricas calculadas [real_estate]
2026-04-19 14:26:33 | INFO     | src.analysis.metrics_engine — [ALOS3] 2022: métricas calculadas [real_estate]
2026-04-19 14:26:33 | INFO     | src.analysis.metrics_engine — [ALOS3] 2023: métricas calculadas [real_estate]
2026-04-19 14:26:33 | INFO     | src.analysis.metrics_engine — [ALOS3] 2024: métricas calculadas [real_estate]
2026-04-19 14:26:33 | INFO     | src.analysis.metrics_engine — [ALOS3] 2025: métricas calculadas [real_estate]
2026-04-19 14:26:33 | SUCCESS  | src.analysis.metrics_engine — [ALOS3] 7 períodos calculados
2026-04-19 14:26:33 | INFO     | src.analysis.risk_engine — [ALOS3] risco: LOW (0 alerta(s)) [real_estate]
2026-04-19 14:26:33 | INFO     | src.valuation.auto_dcf — [ALOS3] setor=real_estate  método=ev_ebitda_multiple  modelo=industrial
2026-04-19 14:26:33 | SUCCESS  | src.valuation.auto_dcf — [ALOS3] valuation concluído — EV/EBITDA Múltiplo | base=14,838 R$ mi
2026-04-19 14:26:33 | INFO     | src.analysis.insight_engine — [ALOS3] 0 insights gerados
2026-04-19 14:26:33 | INFO     | __main__ — [RENT3] iniciando análise completa...
2026-04-19 14:26:34 | INFO     | src.analysis.metrics_engine — [RENT3] 2019: métricas calculadas [industrial]
2026-04-19 14:26:34 | INFO     | src.analysis.metrics_engine — [RENT3] 2020: métricas calculadas [industrial]
2026-04-19 14:26:34 | INFO     | src.analysis.metrics_engine — [RENT3] 2021: métricas calculadas [industrial]
2026-04-19 14:26:34 | INFO     | src.analysis.metrics_engine — [RENT3] 2022: métricas calculadas [industrial]
2026-04-19 14:26:34 | INFO     | src.analysis.metrics_engine — [RENT3] 2023: métricas calculadas [industrial]
2026-04-19 14:26:34 | INFO     | src.analysis.metrics_engine — [RENT3] 2024: métricas calculadas [industrial]
2026-04-19 14:26:34 | INFO     | src.analysis.metrics_engine — [RENT3] 2025: métricas calculadas [industrial]
2026-04-19 14:26:34 | SUCCESS  | src.analysis.metrics_engine — [RENT3] 7 períodos calculados
2026-04-19 14:26:34 | INFO     | src.analysis.risk_engine — [RENT3] risco: MEDIUM (1 alerta(s)) [industrial]
2026-04-19 14:26:34 | INFO     | src.valuation.auto_dcf — [RENT3] setor=industrial  método=dcf_fcff  modelo=industrial
2026-04-19 14:26:34 | SUCCESS  | src.valuation.auto_dcf — [RENT3] valuation concluído — DCF FCFF | base=51,345 R$ mi
2026-04-19 14:26:34 | INFO     | src.analysis.insight_engine — [RENT3] 0 insights gerados
2026-04-19 14:26:34 | INFO     | __main__ — [VAMO3] iniciando análise completa...
2026-04-19 14:26:34 | INFO     | src.analysis.metrics_engine — [VAMO3] 2021: métricas calculadas [industrial]
2026-04-19 14:26:34 | INFO     | src.analysis.metrics_engine — [VAMO3] 2022: métricas calculadas [industrial]
2026-04-19 14:26:34 | INFO     | src.analysis.metrics_engine — [VAMO3] 2023: métricas calculadas [industrial]
2026-04-19 14:26:34 | INFO     | src.analysis.metrics_engine — [VAMO3] 2024: métricas calculadas [industrial]
2026-04-19 14:26:34 | SUCCESS  | src.analysis.metrics_engine — [VAMO3] 4 períodos calculados
2026-04-19 14:26:34 | INFO     | src.analysis.risk_engine — [VAMO3] risco: HIGH (2 alerta(s)) [industrial]
2026-04-19 14:26:34 | INFO     | src.valuation.auto_dcf — [VAMO3] setor=industrial  método=dcf_fcff  modelo=industrial
2026-04-19 14:26:34 | SUCCESS  | src.valuation.auto_dcf — [VAMO3] valuation concluído — DCF FCFF | base=0 R$ mi
2026-04-19 14:26:34 | INFO     | src.analysis.insight_engine — [VAMO3] 2 insights gerados
2026-04-19 14:26:35 | INFO     | __main__ — [TOTS3] iniciando análise completa...
2026-04-19 14:26:35 | INFO     | src.analysis.metrics_engine — [TOTS3] 2019: métricas calculadas [technology]
2026-04-19 14:26:35 | INFO     | src.analysis.metrics_engine — [TOTS3] 2020: métricas calculadas [technology]
2026-04-19 14:26:35 | INFO     | src.analysis.metrics_engine — [TOTS3] 2021: métricas calculadas [technology]
2026-04-19 14:26:35 | INFO     | src.analysis.metrics_engine — [TOTS3] 2022: métricas calculadas [technology]
2026-04-19 14:26:35 | INFO     | src.analysis.metrics_engine — [TOTS3] 2023: métricas calculadas [technology]
2026-04-19 14:26:35 | INFO     | src.analysis.metrics_engine — [TOTS3] 2024: métricas calculadas [technology]
2026-04-19 14:26:35 | INFO     | src.analysis.metrics_engine — [TOTS3] 2025: métricas calculadas [technology]
2026-04-19 14:26:35 | SUCCESS  | src.analysis.metrics_engine — [TOTS3] 7 períodos calculados
2026-04-19 14:26:35 | INFO     | src.analysis.risk_engine — [TOTS3] risco: LOW (0 alerta(s)) [technology]
2026-04-19 14:26:35 | INFO     | src.valuation.auto_dcf — [TOTS3] setor=technology  método=dcf_fcff  modelo=industrial
2026-04-19 14:26:35 | SUCCESS  | src.valuation.auto_dcf — [TOTS3] valuation concluído — DCF FCFF | base=21,262 R$ mi
2026-04-19 14:26:35 | INFO     | src.analysis.insight_engine — [TOTS3] 0 insights gerados
2026-04-19 14:26:35 | INFO     | __main__ — [LWSA3] iniciando análise completa...
2026-04-19 14:26:36 | INFO     | src.analysis.metrics_engine — [LWSA3] 2019: métricas calculadas [technology]
2026-04-19 14:26:36 | INFO     | src.analysis.metrics_engine — [LWSA3] 2020: métricas calculadas [technology]
2026-04-19 14:26:36 | INFO     | src.analysis.metrics_engine — [LWSA3] 2021: métricas calculadas [technology]
2026-04-19 14:26:36 | INFO     | src.analysis.metrics_engine — [LWSA3] 2022: métricas calculadas [technology]
2026-04-19 14:26:36 | INFO     | src.analysis.metrics_engine — [LWSA3] 2023: métricas calculadas [technology]
2026-04-19 14:26:36 | INFO     | src.analysis.metrics_engine — [LWSA3] 2024: métricas calculadas [technology]
2026-04-19 14:26:36 | INFO     | src.analysis.metrics_engine — [LWSA3] 2025: métricas calculadas [technology]
2026-04-19 14:26:36 | SUCCESS  | src.analysis.metrics_engine — [LWSA3] 7 períodos calculados
2026-04-19 14:26:36 | INFO     | src.analysis.risk_engine — [LWSA3] risco: HIGH (1 alerta(s)) [technology]
2026-04-19 14:26:36 | INFO     | src.valuation.auto_dcf — [LWSA3] setor=technology  método=dcf_fcff  modelo=industrial
2026-04-19 14:26:36 | SUCCESS  | src.valuation.auto_dcf — [LWSA3] valuation concluído — DCF FCFF | base=479 R$ mi
2026-04-19 14:26:36 | INFO     | src.analysis.insight_engine — [LWSA3] 1 insights gerados
2026-04-19 14:26:36 | INFO     | __main__ — [COGN3] iniciando análise completa...
2026-04-19 14:26:37 | INFO     | src.analysis.metrics_engine — [COGN3] 2019: métricas calculadas [education]
2026-04-19 14:26:37 | INFO     | src.analysis.metrics_engine — [COGN3] 2020: métricas calculadas [education]
2026-04-19 14:26:37 | INFO     | src.analysis.metrics_engine — [COGN3] 2021: métricas calculadas [education]
2026-04-19 14:26:37 | INFO     | src.analysis.metrics_engine — [COGN3] 2022: métricas calculadas [education]
2026-04-19 14:26:37 | INFO     | src.analysis.metrics_engine — [COGN3] 2023: métricas calculadas [education]
2026-04-19 14:26:37 | INFO     | src.analysis.metrics_engine — [COGN3] 2024: métricas calculadas [education]
2026-04-19 14:26:37 | INFO     | src.analysis.metrics_engine — [COGN3] 2025: métricas calculadas [education]
2026-04-19 14:26:37 | SUCCESS  | src.analysis.metrics_engine — [COGN3] 7 períodos calculados
2026-04-19 14:26:37 | INFO     | src.analysis.risk_engine — [COGN3] risco: HIGH (3 alerta(s)) [education]
2026-04-19 14:26:37 | INFO     | src.valuation.auto_dcf — [COGN3] setor=education  método=dcf_fcff  modelo=industrial
2026-04-19 14:26:37 | SUCCESS  | src.valuation.auto_dcf — [COGN3] valuation concluído — DCF FCFF | base=7,341 R$ mi
2026-04-19 14:26:37 | INFO     | src.analysis.insight_engine — [COGN3] 1 insights gerados
2026-04-19 14:26:37 | INFO     | __main__ — [YDUQ3] iniciando análise completa...
2026-04-19 14:26:38 | INFO     | src.analysis.metrics_engine — [YDUQ3] 2019: métricas calculadas [education]
2026-04-19 14:26:38 | INFO     | src.analysis.metrics_engine — [YDUQ3] 2020: métricas calculadas [education]
2026-04-19 14:26:38 | INFO     | src.analysis.metrics_engine — [YDUQ3] 2021: métricas calculadas [education]
2026-04-19 14:26:38 | INFO     | src.analysis.metrics_engine — [YDUQ3] 2022: métricas calculadas [education]
2026-04-19 14:26:38 | INFO     | src.analysis.metrics_engine — [YDUQ3] 2023: métricas calculadas [education]
2026-04-19 14:26:38 | INFO     | src.analysis.metrics_engine — [YDUQ3] 2024: métricas calculadas [education]
2026-04-19 14:26:38 | INFO     | src.analysis.metrics_engine — [YDUQ3] 2025: métricas calculadas [education]
2026-04-19 14:26:38 | SUCCESS  | src.analysis.metrics_engine — [YDUQ3] 7 períodos calculados
2026-04-19 14:26:38 | INFO     | src.analysis.risk_engine — [YDUQ3] risco: HIGH (2 alerta(s)) [education]
2026-04-19 14:26:38 | INFO     | src.valuation.auto_dcf — [YDUQ3] setor=education  método=dcf_fcff  modelo=industrial
2026-04-19 14:26:38 | SUCCESS  | src.valuation.auto_dcf — [YDUQ3] valuation concluído — DCF FCFF | base=4,001 R$ mi
2026-04-19 14:26:38 | INFO     | src.analysis.insight_engine — [YDUQ3] 1 insights gerados
2026-04-19 14:26:38 | INFO     | __main__ — [AZUL4] iniciando análise completa...
2026-04-19 14:26:39 | INFO     | src.analysis.metrics_engine — [AZUL4] 2019: métricas calculadas [industrial]
2026-04-19 14:26:39 | INFO     | src.analysis.metrics_engine — [AZUL4] 2020: métricas calculadas [industrial]
2026-04-19 14:26:39 | INFO     | src.analysis.metrics_engine — [AZUL4] 2021: métricas calculadas [industrial]
2026-04-19 14:26:39 | INFO     | src.analysis.metrics_engine — [AZUL4] 2022: métricas calculadas [industrial]
2026-04-19 14:26:39 | INFO     | src.analysis.metrics_engine — [AZUL4] 2023: métricas calculadas [industrial]
2026-04-19 14:26:39 | INFO     | src.analysis.metrics_engine — [AZUL4] 2024: métricas calculadas [industrial]
2026-04-19 14:26:39 | INFO     | src.analysis.metrics_engine — [AZUL4] 2025: métricas calculadas [industrial]
2026-04-19 14:26:39 | SUCCESS  | src.analysis.metrics_engine — [AZUL4] 7 períodos calculados
2026-04-19 14:26:39 | INFO     | src.analysis.risk_engine — [AZUL4] risco: HIGH (2 alerta(s)) [industrial]
2026-04-19 14:26:39 | INFO     | src.valuation.auto_dcf — [AZUL4] setor=industrial  método=dcf_fcff  modelo=industrial
2026-04-19 14:26:39 | SUCCESS  | src.valuation.auto_dcf — [AZUL4] valuation concluído — DCF FCFF | base=18,708 R$ mi
2026-04-19 14:26:39 | INFO     | src.analysis.insight_engine — [AZUL4] 1 insights gerados
2026-04-19 14:26:39 | INFO     | __main__ — [CVCB3] iniciando análise completa...
2026-04-19 14:26:39 | INFO     | src.analysis.metrics_engine — [CVCB3] 2019: métricas calculadas [retail]
2026-04-19 14:26:39 | INFO     | src.analysis.metrics_engine — [CVCB3] 2020: métricas calculadas [retail]
2026-04-19 14:26:39 | INFO     | src.analysis.metrics_engine — [CVCB3] 2021: métricas calculadas [retail]
2026-04-19 14:26:39 | INFO     | src.analysis.metrics_engine — [CVCB3] 2022: métricas calculadas [retail]
2026-04-19 14:26:39 | INFO     | src.analysis.metrics_engine — [CVCB3] 2023: métricas calculadas [retail]
2026-04-19 14:26:39 | INFO     | src.analysis.metrics_engine — [CVCB3] 2024: métricas calculadas [retail]
2026-04-19 14:26:39 | INFO     | src.analysis.metrics_engine — [CVCB3] 2025: métricas calculadas [retail]
2026-04-19 14:26:39 | SUCCESS  | src.analysis.metrics_engine — [CVCB3] 7 períodos calculados
2026-04-19 14:26:39 | INFO     | src.analysis.risk_engine — [CVCB3] risco: LOW (0 alerta(s)) [retail]
2026-04-19 14:26:39 | INFO     | src.valuation.auto_dcf — [CVCB3] setor=retail  método=dcf_fcff  modelo=industrial
2026-04-19 14:26:39 | SUCCESS  | src.valuation.auto_dcf — [CVCB3] valuation concluído — DCF FCFF | base=39,656 R$ mi
2026-04-19 14:26:39 | INFO     | src.analysis.insight_engine — [CVCB3] 0 insights gerados
2026-04-19 19:22:41 | INFO     | __main__ — [ELET3] iniciando ingestão...
2026-04-19 19:22:41 | INFO     | src.ingestion.cvm_downloader — [ELET3] DFP: baixando 1 ano(s): [2026]
2026-04-19 19:22:41 | INFO     | src.ingestion.cvm_downloader — [DFP 2026] Baixando: https://dados.cvm.gov.br/dados/CIA_ABERTA/DOC/DFP/DADOS/dfp_cia_aberta_2026.zip
2026-04-19 19:22:42 | ERROR    | src.ingestion.cvm_downloader — [ELET3] DFP 2026: [DFP 2026] Não encontrado na CVM (404): https://dados.cvm.gov.br/dados/CIA_ABERTA/DOC/DFP/DADOS/dfp_cia_aberta_2026.zip
2026-04-19 19:22:42 | INFO     | src.ingestion.cvm_downloader — [ELET3] ITR: todos os anos já disponíveis
2026-04-19 19:22:42 | SUCCESS  | src.ingestion.cvm_downloader — [ELET3] Ingestão CVM concluída — CVM code: 002437
2026-04-19 19:22:42 | INFO     | __main__ — [ELET3] CVM: {'DFP': [], 'ITR': []}
2026-04-19 19:22:42 | INFO     | src.ingestion.b3_scraper — [ELET3] Download completo desde 2019-01-01
2026-04-19 19:22:44 | WARNING  | src.ingestion.b3_scraper — [ELET3] Nenhum dado novo retornado pelo yfinance
2026-04-19 19:22:45 | INFO     | __main__ — [RDOR3] iniciando ingestão...
2026-04-19 19:22:45 | INFO     | src.ingestion.cvm_downloader — [RDOR3] DFP: baixando 1 ano(s): [2026]
2026-04-19 19:22:45 | INFO     | src.ingestion.cvm_downloader — [DFP 2026] Baixando: https://dados.cvm.gov.br/dados/CIA_ABERTA/DOC/DFP/DADOS/dfp_cia_aberta_2026.zip
2026-04-19 19:22:46 | ERROR    | src.ingestion.cvm_downloader — [RDOR3] DFP 2026: [DFP 2026] Não encontrado na CVM (404): https://dados.cvm.gov.br/dados/CIA_ABERTA/DOC/DFP/DADOS/dfp_cia_aberta_2026.zip
2026-04-19 19:22:46 | INFO     | src.ingestion.cvm_downloader — [RDOR3] ITR: todos os anos já disponíveis
2026-04-19 19:22:46 | SUCCESS  | src.ingestion.cvm_downloader — [RDOR3] Ingestão CVM concluída — CVM code: 024821
2026-04-19 19:22:46 | INFO     | __main__ — [RDOR3] CVM: {'DFP': [], 'ITR': []}
2026-04-19 19:22:46 | INFO     | src.ingestion.b3_scraper — [RDOR3] Download incremental de 2026-04-18 até hoje
2026-04-19 19:22:47 | SUCCESS  | src.ingestion.b3_scraper — [RDOR3] 1329 dias salvos em RDOR3.parquet
2026-04-19 19:22:47 | INFO     | __main__ — [RDOR3] preços: 1329 dias (2020-12-15 → 2026-04-17)
2026-04-19 19:22:48 | INFO     | __main__ — [RECV3] iniciando ingestão...
2026-04-19 19:22:48 | INFO     | src.ingestion.cvm_downloader — [RECV3] DFP: baixando 1 ano(s): [2026]
2026-04-19 19:22:48 | INFO     | src.ingestion.cvm_downloader — [DFP 2026] Baixando: https://dados.cvm.gov.br/dados/CIA_ABERTA/DOC/DFP/DADOS/dfp_cia_aberta_2026.zip
2026-04-19 19:22:49 | ERROR    | src.ingestion.cvm_downloader — [RECV3] DFP 2026: [DFP 2026] Não encontrado na CVM (404): https://dados.cvm.gov.br/dados/CIA_ABERTA/DOC/DFP/DADOS/dfp_cia_aberta_2026.zip
2026-04-19 19:22:49 | INFO     | src.ingestion.cvm_downloader — [RECV3] ITR: todos os anos já disponíveis
2026-04-19 19:22:49 | SUCCESS  | src.ingestion.cvm_downloader — [RECV3] Ingestão CVM concluída — CVM code: 025780
2026-04-19 19:22:49 | INFO     | __main__ — [RECV3] CVM: {'DFP': [], 'ITR': []}
2026-04-19 19:22:49 | INFO     | src.ingestion.b3_scraper — [RECV3] Download incremental de 2026-04-18 até hoje
2026-04-19 19:22:50 | SUCCESS  | src.ingestion.b3_scraper — [RECV3] 1237 dias salvos em RECV3.parquet
2026-04-19 19:22:50 | INFO     | __main__ — [RECV3] preços: 1237 dias (2021-05-05 → 2026-04-17)
2026-04-19 19:22:50 | INFO     | __main__ — [TAEE11] iniciando ingestão...
2026-04-19 19:22:50 | INFO     | src.ingestion.cvm_downloader — [TAEE11] DFP: baixando 1 ano(s): [2026]
2026-04-19 19:22:50 | INFO     | src.ingestion.cvm_downloader — [DFP 2026] Baixando: https://dados.cvm.gov.br/dados/CIA_ABERTA/DOC/DFP/DADOS/dfp_cia_aberta_2026.zip
2026-04-19 19:22:51 | ERROR    | src.ingestion.cvm_downloader — [TAEE11] DFP 2026: [DFP 2026] Não encontrado na CVM (404): https://dados.cvm.gov.br/dados/CIA_ABERTA/DOC/DFP/DADOS/dfp_cia_aberta_2026.zip
2026-04-19 19:22:51 | INFO     | src.ingestion.cvm_downloader — [TAEE11] ITR: todos os anos já disponíveis
2026-04-19 19:22:51 | SUCCESS  | src.ingestion.cvm_downloader — [TAEE11] Ingestão CVM concluída — CVM code: 020257
2026-04-19 19:22:51 | INFO     | __main__ — [TAEE11] CVM: {'DFP': [], 'ITR': []}
2026-04-19 19:22:51 | INFO     | src.ingestion.b3_scraper — [TAEE11] Download incremental de 2026-04-18 até hoje
2026-04-19 19:22:51 | SUCCESS  | src.ingestion.b3_scraper — [TAEE11] 1815 dias salvos em TAEE11.parquet
2026-04-19 19:22:51 | INFO     | __main__ — [TAEE11] preços: 1815 dias (2019-01-02 → 2026-04-17)
2026-04-19 19:22:52 | INFO     | __main__ — [CRFB3] iniciando ingestão...
2026-04-19 19:22:52 | INFO     | src.ingestion.cvm_downloader — [CRFB3] DFP: baixando 1 ano(s): [2026]
2026-04-19 19:22:52 | INFO     | src.ingestion.cvm_downloader — [DFP 2026] Baixando: https://dados.cvm.gov.br/dados/CIA_ABERTA/DOC/DFP/DADOS/dfp_cia_aberta_2026.zip
2026-04-19 19:22:52 | ERROR    | src.ingestion.cvm_downloader — [CRFB3] DFP 2026: [DFP 2026] Não encontrado na CVM (404): https://dados.cvm.gov.br/dados/CIA_ABERTA/DOC/DFP/DADOS/dfp_cia_aberta_2026.zip
2026-04-19 19:22:52 | INFO     | src.ingestion.cvm_downloader — [CRFB3] ITR: todos os anos já disponíveis
2026-04-19 19:22:52 | SUCCESS  | src.ingestion.cvm_downloader — [CRFB3] Ingestão CVM concluída — CVM code: 024171
2026-04-19 19:22:52 | INFO     | __main__ — [CRFB3] CVM: {'DFP': [], 'ITR': []}
2026-04-19 19:22:52 | INFO     | src.ingestion.b3_scraper — [CRFB3] Download completo desde 2019-01-01
2026-04-19 19:22:54 | WARNING  | src.ingestion.b3_scraper — [CRFB3] Nenhum dado novo retornado pelo yfinance
2026-04-19 19:22:54 | INFO     | __main__ — [VIVT3] iniciando ingestão...
2026-04-19 19:22:54 | INFO     | src.ingestion.cvm_downloader — [VIVT3] DFP: baixando 1 ano(s): [2026]
2026-04-19 19:22:54 | INFO     | src.ingestion.cvm_downloader — [DFP 2026] Baixando: https://dados.cvm.gov.br/dados/CIA_ABERTA/DOC/DFP/DADOS/dfp_cia_aberta_2026.zip
2026-04-19 19:22:54 | ERROR    | src.ingestion.cvm_downloader — [VIVT3] DFP 2026: [DFP 2026] Não encontrado na CVM (404): https://dados.cvm.gov.br/dados/CIA_ABERTA/DOC/DFP/DADOS/dfp_cia_aberta_2026.zip
2026-04-19 19:22:54 | INFO     | src.ingestion.cvm_downloader — [VIVT3] ITR: todos os anos já disponíveis
2026-04-19 19:22:54 | SUCCESS  | src.ingestion.cvm_downloader — [VIVT3] Ingestão CVM concluída — CVM code: 017671
2026-04-19 19:22:54 | INFO     | __main__ — [VIVT3] CVM: {'DFP': [], 'ITR': []}
2026-04-19 19:22:54 | INFO     | src.ingestion.b3_scraper — [VIVT3] Download incremental de 2026-04-18 até hoje
2026-04-19 19:22:57 | SUCCESS  | src.ingestion.b3_scraper — [VIVT3] 1815 dias salvos em VIVT3.parquet
2026-04-19 19:22:57 | INFO     | __main__ — [VIVT3] preços: 1815 dias (2019-01-02 → 2026-04-17)
2026-04-19 19:22:57 | INFO     | __main__ — [CCRO3] iniciando ingestão...
2026-04-19 19:22:57 | INFO     | src.ingestion.cvm_downloader — [CCRO3] DFP: baixando 1 ano(s): [2026]
2026-04-19 19:22:57 | INFO     | src.ingestion.cvm_downloader — [DFP 2026] Baixando: https://dados.cvm.gov.br/dados/CIA_ABERTA/DOC/DFP/DADOS/dfp_cia_aberta_2026.zip
2026-04-19 19:22:57 | ERROR    | src.ingestion.cvm_downloader — [CCRO3] DFP 2026: [DFP 2026] Não encontrado na CVM (404): https://dados.cvm.gov.br/dados/CIA_ABERTA/DOC/DFP/DADOS/dfp_cia_aberta_2026.zip
2026-04-19 19:22:57 | INFO     | src.ingestion.cvm_downloader — [CCRO3] ITR: todos os anos já disponíveis
2026-04-19 19:22:57 | SUCCESS  | src.ingestion.cvm_downloader — [CCRO3] Ingestão CVM concluída — CVM code: 018821
2026-04-19 19:22:57 | INFO     | __main__ — [CCRO3] CVM: {'DFP': [], 'ITR': []}
2026-04-19 19:22:57 | INFO     | src.ingestion.b3_scraper — [CCRO3] Download completo desde 2019-01-01
2026-04-19 19:22:59 | WARNING  | src.ingestion.b3_scraper — [CCRO3] Nenhum dado novo retornado pelo yfinance
2026-04-19 19:23:00 | INFO     | __main__ — [PCAR3] iniciando ingestão...
2026-04-19 19:23:00 | INFO     | src.ingestion.cvm_downloader — [PCAR3] DFP: baixando 1 ano(s): [2026]
2026-04-19 19:23:00 | INFO     | src.ingestion.cvm_downloader — [DFP 2026] Baixando: https://dados.cvm.gov.br/dados/CIA_ABERTA/DOC/DFP/DADOS/dfp_cia_aberta_2026.zip
2026-04-19 19:23:00 | ERROR    | src.ingestion.cvm_downloader — [PCAR3] DFP 2026: [DFP 2026] Não encontrado na CVM (404): https://dados.cvm.gov.br/dados/CIA_ABERTA/DOC/DFP/DADOS/dfp_cia_aberta_2026.zip
2026-04-19 19:23:00 | INFO     | src.ingestion.cvm_downloader — [PCAR3] ITR: todos os anos já disponíveis
2026-04-19 19:23:00 | SUCCESS  | src.ingestion.cvm_downloader — [PCAR3] Ingestão CVM concluída — CVM code: 014826
2026-04-19 19:23:00 | INFO     | __main__ — [PCAR3] CVM: {'DFP': [], 'ITR': []}
2026-04-19 19:23:00 | INFO     | src.ingestion.b3_scraper — [PCAR3] Download incremental de 2026-04-18 até hoje
2026-04-19 19:23:01 | SUCCESS  | src.ingestion.b3_scraper — [PCAR3] 1815 dias salvos em PCAR3.parquet
2026-04-19 19:23:01 | INFO     | __main__ — [PCAR3] preços: 1815 dias (2019-01-02 → 2026-04-17)
2026-04-19 19:23:01 | INFO     | __main__ — [PETZ3] iniciando ingestão...
2026-04-19 19:23:01 | INFO     | src.ingestion.cvm_downloader — [PETZ3] DFP: baixando 1 ano(s): [2026]
2026-04-19 19:23:01 | INFO     | src.ingestion.cvm_downloader — [DFP 2026] Baixando: https://dados.cvm.gov.br/dados/CIA_ABERTA/DOC/DFP/DADOS/dfp_cia_aberta_2026.zip
2026-04-19 19:23:01 | ERROR    | src.ingestion.cvm_downloader — [PETZ3] DFP 2026: [DFP 2026] Não encontrado na CVM (404): https://dados.cvm.gov.br/dados/CIA_ABERTA/DOC/DFP/DADOS/dfp_cia_aberta_2026.zip
2026-04-19 19:23:01 | INFO     | src.ingestion.cvm_downloader — [PETZ3] ITR: todos os anos já disponíveis
2026-04-19 19:23:01 | SUCCESS  | src.ingestion.cvm_downloader — [PETZ3] Ingestão CVM concluída — CVM code: 025089
2026-04-19 19:23:01 | INFO     | __main__ — [PETZ3] CVM: {'DFP': [], 'ITR': []}
2026-04-19 19:23:01 | INFO     | src.ingestion.b3_scraper — [PETZ3] Download completo desde 2019-01-01
2026-04-19 19:23:04 | WARNING  | src.ingestion.b3_scraper — [PETZ3] Nenhum dado novo retornado pelo yfinance
2026-04-19 19:23:04 | INFO     | __main__ — [CVCB3] iniciando ingestão...
2026-04-19 19:23:04 | INFO     | src.ingestion.cvm_downloader — [CVCB3] DFP: baixando 1 ano(s): [2026]
2026-04-19 19:23:04 | INFO     | src.ingestion.cvm_downloader — [DFP 2026] Baixando: https://dados.cvm.gov.br/dados/CIA_ABERTA/DOC/DFP/DADOS/dfp_cia_aberta_2026.zip
2026-04-19 19:23:05 | ERROR    | src.ingestion.cvm_downloader — [CVCB3] DFP 2026: [DFP 2026] Não encontrado na CVM (404): https://dados.cvm.gov.br/dados/CIA_ABERTA/DOC/DFP/DADOS/dfp_cia_aberta_2026.zip
2026-04-19 19:23:05 | INFO     | src.ingestion.cvm_downloader — [CVCB3] ITR: todos os anos já disponíveis
2026-04-19 19:23:05 | SUCCESS  | src.ingestion.cvm_downloader — [CVCB3] Ingestão CVM concluída — CVM code: 023310
2026-04-19 19:23:05 | INFO     | __main__ — [CVCB3] CVM: {'DFP': [], 'ITR': []}
2026-04-19 19:23:05 | INFO     | src.ingestion.b3_scraper — [CVCB3] Download incremental de 2026-04-18 até hoje
2026-04-19 19:23:06 | SUCCESS  | src.ingestion.b3_scraper — [CVCB3] 1815 dias salvos em CVCB3.parquet
2026-04-19 19:23:06 | INFO     | __main__ — [CVCB3] preços: 1815 dias (2019-01-02 → 2026-04-17)
2026-04-19 19:23:06 | INFO     | src.processing.pipeline — [ELET3] processando 8 anos (banco=False, CVM=002437)
2026-04-19 19:23:06 | INFO     | src.processing.pipeline — [ELET3] 2019: OK
2026-04-19 19:23:07 | INFO     | src.processing.pipeline — [ELET3] 2020: OK
2026-04-19 19:23:07 | INFO     | src.processing.pipeline — [ELET3] 2021: OK
2026-04-19 19:23:07 | INFO     | src.processing.pipeline — [ELET3] 2022: OK
2026-04-19 19:23:08 | INFO     | src.processing.pipeline — [ELET3] 2023: OK
2026-04-19 19:23:08 | INFO     | src.processing.pipeline — [ELET3] 2024: OK
2026-04-19 19:23:08 | INFO     | src.processing.pipeline — [ELET3] 2025: OK
2026-04-19 19:23:08 | INFO     | src.processing.pipeline — [ELET3] 2026: FALHA — CSVs não encontrados em /Users/diegocarvalho/Library/CloudStorage/OneDrive-EPEJUD/DIEGO/OBSIDIAN/Analista de Investimentos/12_PYTHON/data/raw/cvm/DFP/2026 — execute 'ingest' primeiro
2026-04-19 19:23:08 | INFO     | src.processing.pipeline — [ELET3] concluído — ok=7 pulados=0 falhas=1
2026-04-19 19:23:08 | INFO     | __main__ — Processamento concluído — ok=7 falhas=1
2026-04-19 19:23:09 | INFO     | src.processing.pipeline — [RDOR3] processando 8 anos (banco=False, CVM=024821)
2026-04-19 19:23:09 | INFO     | src.processing.pipeline — [RDOR3] 2019: OK
2026-04-19 19:23:10 | INFO     | src.processing.pipeline — [RDOR3] 2020: OK
2026-04-19 19:23:10 | INFO     | src.processing.pipeline — [RDOR3] 2021: OK
2026-04-19 19:23:10 | INFO     | src.processing.pipeline — [RDOR3] 2022: OK
2026-04-19 19:23:11 | INFO     | src.processing.pipeline — [RDOR3] 2023: OK
2026-04-19 19:23:11 | INFO     | src.processing.pipeline — [RDOR3] 2024: OK
2026-04-19 19:23:11 | INFO     | src.processing.pipeline — [RDOR3] 2025: OK
2026-04-19 19:23:11 | INFO     | src.processing.pipeline — [RDOR3] 2026: FALHA — CSVs não encontrados em /Users/diegocarvalho/Library/CloudStorage/OneDrive-EPEJUD/DIEGO/OBSIDIAN/Analista de Investimentos/12_PYTHON/data/raw/cvm/DFP/2026 — execute 'ingest' primeiro
2026-04-19 19:23:11 | INFO     | src.processing.pipeline — [RDOR3] concluído — ok=7 pulados=0 falhas=1
2026-04-19 19:23:11 | INFO     | __main__ — Processamento concluído — ok=7 falhas=1
2026-04-19 19:23:12 | INFO     | src.processing.pipeline — [RECV3] processando 8 anos (banco=False, CVM=025780)
2026-04-19 19:23:12 | INFO     | src.processing.pipeline — [RECV3] 2019: FALHA — DFPParser sem dados — verifique o código CVM
2026-04-19 19:23:12 | INFO     | src.processing.pipeline — [RECV3] 2020: OK
2026-04-19 19:23:13 | INFO     | src.processing.pipeline — [RECV3] 2021: OK
2026-04-19 19:23:13 | INFO     | src.processing.pipeline — [RECV3] 2022: OK
2026-04-19 19:23:13 | INFO     | src.processing.pipeline — [RECV3] 2023: OK
2026-04-19 19:23:14 | INFO     | src.processing.pipeline — [RECV3] 2024: OK
2026-04-19 19:23:14 | INFO     | src.processing.pipeline — [RECV3] 2025: OK
2026-04-19 19:23:14 | INFO     | src.processing.pipeline — [RECV3] 2026: FALHA — CSVs não encontrados em /Users/diegocarvalho/Library/CloudStorage/OneDrive-EPEJUD/DIEGO/OBSIDIAN/Analista de Investimentos/12_PYTHON/data/raw/cvm/DFP/2026 — execute 'ingest' primeiro
2026-04-19 19:23:14 | INFO     | src.processing.pipeline — [RECV3] concluído — ok=6 pulados=0 falhas=2
2026-04-19 19:23:14 | INFO     | __main__ — Processamento concluído — ok=6 falhas=2
2026-04-19 19:23:14 | INFO     | src.processing.pipeline — [TAEE11] processando 8 anos (banco=False, CVM=020257)
2026-04-19 19:23:15 | INFO     | src.processing.pipeline — [TAEE11] 2019: OK
2026-04-19 19:23:15 | INFO     | src.processing.pipeline — [TAEE11] 2020: OK
2026-04-19 19:23:15 | INFO     | src.processing.pipeline — [TAEE11] 2021: OK
2026-04-19 19:23:16 | INFO     | src.processing.pipeline — [TAEE11] 2022: OK
2026-04-19 19:23:16 | INFO     | src.processing.pipeline — [TAEE11] 2023: OK
2026-04-19 19:23:17 | INFO     | src.processing.pipeline — [TAEE11] 2024: OK
2026-04-19 19:23:17 | INFO     | src.processing.pipeline — [TAEE11] 2025: OK
2026-04-19 19:23:17 | INFO     | src.processing.pipeline — [TAEE11] 2026: FALHA — CSVs não encontrados em /Users/diegocarvalho/Library/CloudStorage/OneDrive-EPEJUD/DIEGO/OBSIDIAN/Analista de Investimentos/12_PYTHON/data/raw/cvm/DFP/2026 — execute 'ingest' primeiro
2026-04-19 19:23:17 | INFO     | src.processing.pipeline — [TAEE11] concluído — ok=7 pulados=0 falhas=1
2026-04-19 19:23:17 | INFO     | __main__ — Processamento concluído — ok=7 falhas=1
2026-04-19 19:23:17 | INFO     | src.processing.pipeline — [CRFB3] processando 8 anos (banco=False, CVM=024171)
2026-04-19 19:23:18 | INFO     | src.processing.pipeline — [CRFB3] 2019: OK
2026-04-19 19:23:18 | INFO     | src.processing.pipeline — [CRFB3] 2020: OK
2026-04-19 19:23:18 | INFO     | src.processing.pipeline — [CRFB3] 2021: OK
2026-04-19 19:23:19 | INFO     | src.processing.pipeline — [CRFB3] 2022: OK
2026-04-19 19:23:19 | INFO     | src.processing.pipeline — [CRFB3] 2023: OK
2026-04-19 19:23:19 | INFO     | src.processing.pipeline — [CRFB3] 2024: OK
2026-04-19 19:23:20 | INFO     | src.processing.pipeline — [CRFB3] 2025: FALHA — DFPParser sem dados — verifique o código CVM
2026-04-19 19:23:20 | INFO     | src.processing.pipeline — [CRFB3] 2026: FALHA — CSVs não encontrados em /Users/diegocarvalho/Library/CloudStorage/OneDrive-EPEJUD/DIEGO/OBSIDIAN/Analista de Investimentos/12_PYTHON/data/raw/cvm/DFP/2026 — execute 'ingest' primeiro
2026-04-19 19:23:20 | INFO     | src.processing.pipeline — [CRFB3] concluído — ok=6 pulados=0 falhas=2
2026-04-19 19:23:20 | INFO     | __main__ — Processamento concluído — ok=6 falhas=2
2026-04-19 19:23:20 | INFO     | src.processing.pipeline — [VIVT3] processando 8 anos (banco=False, CVM=017671)
2026-04-19 19:23:20 | INFO     | src.processing.pipeline — [VIVT3] 2019: OK
2026-04-19 19:23:21 | INFO     | src.processing.pipeline — [VIVT3] 2020: OK
2026-04-19 19:23:21 | INFO     | src.processing.pipeline — [VIVT3] 2021: OK
2026-04-19 19:23:21 | INFO     | src.processing.pipeline — [VIVT3] 2022: OK
2026-04-19 19:23:22 | INFO     | src.processing.pipeline — [VIVT3] 2023: OK
2026-04-19 19:23:22 | INFO     | src.processing.pipeline — [VIVT3] 2024: OK
2026-04-19 19:23:22 | INFO     | src.processing.pipeline — [VIVT3] 2025: OK
2026-04-19 19:23:22 | INFO     | src.processing.pipeline — [VIVT3] 2026: FALHA — CSVs não encontrados em /Users/diegocarvalho/Library/CloudStorage/OneDrive-EPEJUD/DIEGO/OBSIDIAN/Analista de Investimentos/12_PYTHON/data/raw/cvm/DFP/2026 — execute 'ingest' primeiro
2026-04-19 19:23:22 | INFO     | src.processing.pipeline — [VIVT3] concluído — ok=7 pulados=0 falhas=1
2026-04-19 19:23:22 | INFO     | __main__ — Processamento concluído — ok=7 falhas=1
2026-04-19 19:23:23 | INFO     | src.processing.pipeline — [CCRO3] processando 8 anos (banco=False, CVM=018821)
2026-04-19 19:23:23 | INFO     | src.processing.pipeline — [CCRO3] 2019: OK
2026-04-19 19:23:23 | INFO     | src.processing.pipeline — [CCRO3] 2020: OK
2026-04-19 19:23:24 | INFO     | src.processing.pipeline — [CCRO3] 2021: OK
2026-04-19 19:23:24 | INFO     | src.processing.pipeline — [CCRO3] 2022: OK
2026-04-19 19:23:24 | INFO     | src.processing.pipeline — [CCRO3] 2023: OK
2026-04-19 19:23:25 | INFO     | src.processing.pipeline — [CCRO3] 2024: OK
2026-04-19 19:23:25 | INFO     | src.processing.pipeline — [CCRO3] 2025: OK
2026-04-19 19:23:25 | INFO     | src.processing.pipeline — [CCRO3] 2026: FALHA — CSVs não encontrados em /Users/diegocarvalho/Library/CloudStorage/OneDrive-EPEJUD/DIEGO/OBSIDIAN/Analista de Investimentos/12_PYTHON/data/raw/cvm/DFP/2026 — execute 'ingest' primeiro
2026-04-19 19:23:25 | INFO     | src.processing.pipeline — [CCRO3] concluído — ok=7 pulados=0 falhas=1
2026-04-19 19:23:25 | INFO     | __main__ — Processamento concluído — ok=7 falhas=1
2026-04-19 19:23:26 | INFO     | src.processing.pipeline — [PCAR3] processando 8 anos (banco=False, CVM=014826)
2026-04-19 19:23:26 | INFO     | src.processing.pipeline — [PCAR3] 2019: OK
2026-04-19 19:23:26 | INFO     | src.processing.pipeline — [PCAR3] 2020: OK
2026-04-19 19:23:27 | INFO     | src.processing.pipeline — [PCAR3] 2021: OK
2026-04-19 19:23:27 | INFO     | src.processing.pipeline — [PCAR3] 2022: OK
2026-04-19 19:23:27 | INFO     | src.processing.pipeline — [PCAR3] 2023: OK
2026-04-19 19:23:28 | INFO     | src.processing.pipeline — [PCAR3] 2024: OK
2026-04-19 19:23:28 | INFO     | src.processing.pipeline — [PCAR3] 2025: OK
2026-04-19 19:23:28 | INFO     | src.processing.pipeline — [PCAR3] 2026: FALHA — CSVs não encontrados em /Users/diegocarvalho/Library/CloudStorage/OneDrive-EPEJUD/DIEGO/OBSIDIAN/Analista de Investimentos/12_PYTHON/data/raw/cvm/DFP/2026 — execute 'ingest' primeiro
2026-04-19 19:23:28 | INFO     | src.processing.pipeline — [PCAR3] concluído — ok=7 pulados=0 falhas=1
2026-04-19 19:23:28 | INFO     | __main__ — Processamento concluído — ok=7 falhas=1
2026-04-19 19:23:28 | INFO     | src.processing.pipeline — [PETZ3] processando 8 anos (banco=False, CVM=025089)
2026-04-19 19:23:29 | INFO     | src.processing.pipeline — [PETZ3] 2019: FALHA — DFPParser sem dados — verifique o código CVM
2026-04-19 19:23:29 | INFO     | src.processing.pipeline — [PETZ3] 2020: FALHA — DFPParser sem dados — verifique o código CVM
2026-04-19 19:23:29 | INFO     | src.processing.pipeline — [PETZ3] 2021: OK
2026-04-19 19:23:30 | INFO     | src.processing.pipeline — [PETZ3] 2022: OK
2026-04-19 19:23:30 | INFO     | src.processing.pipeline — [PETZ3] 2023: OK
2026-04-19 19:23:30 | INFO     | src.processing.pipeline — [PETZ3] 2024: OK
2026-04-19 19:23:31 | INFO     | src.processing.pipeline — [PETZ3] 2025: OK
2026-04-19 19:23:31 | INFO     | src.processing.pipeline — [PETZ3] 2026: FALHA — CSVs não encontrados em /Users/diegocarvalho/Library/CloudStorage/OneDrive-EPEJUD/DIEGO/OBSIDIAN/Analista de Investimentos/12_PYTHON/data/raw/cvm/DFP/2026 — execute 'ingest' primeiro
2026-04-19 19:23:31 | INFO     | src.processing.pipeline — [PETZ3] concluído — ok=5 pulados=0 falhas=3
2026-04-19 19:23:31 | INFO     | __main__ — Processamento concluído — ok=5 falhas=3
2026-04-19 19:23:31 | INFO     | src.processing.pipeline — [CVCB3] processando 8 anos (banco=False, CVM=023310)
2026-04-19 19:23:31 | INFO     | src.processing.pipeline — [CVCB3] 2019: OK
2026-04-19 19:23:31 | INFO     | src.processing.pipeline — [CVCB3] 2020: OK
2026-04-19 19:23:31 | INFO     | src.processing.pipeline — [CVCB3] 2021: OK
2026-04-19 19:23:31 | INFO     | src.processing.pipeline — [CVCB3] 2022: OK
2026-04-19 19:23:31 | INFO     | src.processing.pipeline — [CVCB3] 2023: OK
2026-04-19 19:23:31 | INFO     | src.processing.pipeline — [CVCB3] 2024: OK
2026-04-19 19:23:31 | INFO     | src.processing.pipeline — [CVCB3] 2025: OK
2026-04-19 19:23:31 | INFO     | src.processing.pipeline — [CVCB3] 2026: FALHA — CSVs não encontrados em /Users/diegocarvalho/Library/CloudStorage/OneDrive-EPEJUD/DIEGO/OBSIDIAN/Analista de Investimentos/12_PYTHON/data/raw/cvm/DFP/2026 — execute 'ingest' primeiro
2026-04-19 19:23:31 | INFO     | src.processing.pipeline — [CVCB3] concluído — ok=0 pulados=7 falhas=1
2026-04-19 19:23:31 | INFO     | __main__ — Processamento concluído — ok=0 falhas=1
2026-04-19 19:23:31 | INFO     | __main__ — [ELET3] iniciando análise completa...
2026-04-19 19:23:32 | INFO     | src.analysis.metrics_engine — [ELET3] 2019: métricas calculadas [utilities]
2026-04-19 19:23:32 | INFO     | src.analysis.metrics_engine — [ELET3] 2020: métricas calculadas [utilities]
2026-04-19 19:23:32 | INFO     | src.analysis.metrics_engine — [ELET3] 2021: métricas calculadas [utilities]
2026-04-19 19:23:32 | INFO     | src.analysis.metrics_engine — [ELET3] 2022: métricas calculadas [utilities]
2026-04-19 19:23:32 | INFO     | src.analysis.metrics_engine — [ELET3] 2023: métricas calculadas [utilities]
2026-04-19 19:23:32 | INFO     | src.analysis.metrics_engine — [ELET3] 2024: métricas calculadas [utilities]
2026-04-19 19:23:32 | INFO     | src.analysis.metrics_engine — [ELET3] 2025: métricas calculadas [utilities]
2026-04-19 19:23:32 | SUCCESS  | src.analysis.metrics_engine — [ELET3] 7 períodos calculados
2026-04-19 19:23:32 | INFO     | src.analysis.risk_engine — [ELET3] risco: LOW (0 alerta(s)) [utilities]
2026-04-19 19:23:32 | INFO     | src.valuation.auto_dcf — [ELET3] setor=utilities  método=ddm  modelo=industrial
2026-04-19 19:23:32 | SUCCESS  | src.valuation.auto_dcf — [ELET3] valuation concluído — DDM — Gordon Growth | base=0 R$ mi
2026-04-19 19:23:32 | INFO     | src.analysis.insight_engine — [ELET3] 0 insights gerados
2026-04-19 19:23:32 | INFO     | __main__ — [RDOR3] iniciando análise completa...
2026-04-19 19:23:32 | INFO     | src.analysis.metrics_engine — [RDOR3] 2019: métricas calculadas [healthcare]
2026-04-19 19:23:32 | INFO     | src.analysis.metrics_engine — [RDOR3] 2020: métricas calculadas [healthcare]
2026-04-19 19:23:32 | INFO     | src.analysis.metrics_engine — [RDOR3] 2021: métricas calculadas [healthcare]
2026-04-19 19:23:32 | INFO     | src.analysis.metrics_engine — [RDOR3] 2022: métricas calculadas [healthcare]
2026-04-19 19:23:32 | INFO     | src.analysis.metrics_engine — [RDOR3] 2023: métricas calculadas [healthcare]
2026-04-19 19:23:32 | INFO     | src.analysis.metrics_engine — [RDOR3] 2024: métricas calculadas [healthcare]
2026-04-19 19:23:32 | INFO     | src.analysis.metrics_engine — [RDOR3] 2025: métricas calculadas [healthcare]
2026-04-19 19:23:32 | SUCCESS  | src.analysis.metrics_engine — [RDOR3] 7 períodos calculados
2026-04-19 19:23:32 | INFO     | src.analysis.risk_engine — [RDOR3] risco: MEDIUM (1 alerta(s)) [healthcare]
2026-04-19 19:23:32 | INFO     | src.valuation.auto_dcf — [RDOR3] setor=healthcare  método=dcf_fcff  modelo=industrial
2026-04-19 19:23:32 | SUCCESS  | src.valuation.auto_dcf — [RDOR3] valuation concluído — DCF FCFF | base=113,302 R$ mi
2026-04-19 19:23:32 | INFO     | src.analysis.insight_engine — [RDOR3] 0 insights gerados
2026-04-19 19:23:32 | INFO     | __main__ — [RECV3] iniciando análise completa...
2026-04-19 19:23:33 | INFO     | src.analysis.metrics_engine — [RECV3] 2020: métricas calculadas [oil_gas]
2026-04-19 19:23:33 | INFO     | src.analysis.metrics_engine — [RECV3] 2021: métricas calculadas [oil_gas]
2026-04-19 19:23:33 | INFO     | src.analysis.metrics_engine — [RECV3] 2022: métricas calculadas [oil_gas]
2026-04-19 19:23:33 | INFO     | src.analysis.metrics_engine — [RECV3] 2023: métricas calculadas [oil_gas]
2026-04-19 19:23:33 | INFO     | src.analysis.metrics_engine — [RECV3] 2024: métricas calculadas [oil_gas]
2026-04-19 19:23:33 | INFO     | src.analysis.metrics_engine — [RECV3] 2025: métricas calculadas [oil_gas]
2026-04-19 19:23:33 | SUCCESS  | src.analysis.metrics_engine — [RECV3] 6 períodos calculados
2026-04-19 19:23:33 | INFO     | src.analysis.risk_engine — [RECV3] risco: MEDIUM (1 alerta(s)) [oil_gas]
2026-04-19 19:23:33 | INFO     | src.valuation.auto_dcf — [RECV3] setor=oil_gas  método=ev_ebitda_multiple  modelo=industrial
2026-04-19 19:23:33 | SUCCESS  | src.valuation.auto_dcf — [RECV3] valuation concluído — EV/EBITDA Múltiplo | base=1,887 R$ mi
2026-04-19 19:23:33 | INFO     | src.analysis.insight_engine — [RECV3] 1 insights gerados
2026-04-19 19:23:33 | INFO     | __main__ — [TAEE11] iniciando análise completa...
2026-04-19 19:23:33 | INFO     | src.analysis.metrics_engine — [TAEE11] 2019: métricas calculadas [utilities]
2026-04-19 19:23:33 | INFO     | src.analysis.metrics_engine — [TAEE11] 2020: métricas calculadas [utilities]
2026-04-19 19:23:33 | INFO     | src.analysis.metrics_engine — [TAEE11] 2021: métricas calculadas [utilities]
2026-04-19 19:23:33 | INFO     | src.analysis.metrics_engine — [TAEE11] 2022: métricas calculadas [utilities]
2026-04-19 19:23:33 | INFO     | src.analysis.metrics_engine — [TAEE11] 2023: métricas calculadas [utilities]
2026-04-19 19:23:33 | INFO     | src.analysis.metrics_engine — [TAEE11] 2024: métricas calculadas [utilities]
2026-04-19 19:23:33 | INFO     | src.analysis.metrics_engine — [TAEE11] 2025: métricas calculadas [utilities]
2026-04-19 19:23:33 | SUCCESS  | src.analysis.metrics_engine — [TAEE11] 7 períodos calculados
2026-04-19 19:23:33 | INFO     | src.analysis.risk_engine — [TAEE11] risco: MEDIUM (1 alerta(s)) [utilities]
2026-04-19 19:23:33 | INFO     | src.valuation.auto_dcf — [TAEE11] setor=utilities  método=ddm  modelo=industrial
2026-04-19 19:23:33 | SUCCESS  | src.valuation.auto_dcf — [TAEE11] valuation concluído — DDM — Gordon Growth | base=0 R$ mi
2026-04-19 19:23:33 | INFO     | src.analysis.insight_engine — [TAEE11] 1 insights gerados
2026-04-19 19:23:33 | INFO     | __main__ — [CRFB3] iniciando análise completa...
2026-04-19 19:23:33 | INFO     | src.analysis.metrics_engine — [CRFB3] 2019: métricas calculadas [retail]
2026-04-19 19:23:33 | INFO     | src.analysis.metrics_engine — [CRFB3] 2020: métricas calculadas [retail]
2026-04-19 19:23:33 | INFO     | src.analysis.metrics_engine — [CRFB3] 2021: métricas calculadas [retail]
2026-04-19 19:23:33 | INFO     | src.analysis.metrics_engine — [CRFB3] 2022: métricas calculadas [retail]
2026-04-19 19:23:33 | INFO     | src.analysis.metrics_engine — [CRFB3] 2023: métricas calculadas [retail]
2026-04-19 19:23:33 | INFO     | src.analysis.metrics_engine — [CRFB3] 2024: métricas calculadas [retail]
2026-04-19 19:23:33 | SUCCESS  | src.analysis.metrics_engine — [CRFB3] 6 períodos calculados
2026-04-19 19:23:33 | INFO     | src.analysis.risk_engine — [CRFB3] risco: MEDIUM (2 alerta(s)) [retail]
2026-04-19 19:23:33 | INFO     | src.valuation.auto_dcf — [CRFB3] setor=retail  método=dcf_fcff  modelo=industrial
2026-04-19 19:23:33 | SUCCESS  | src.valuation.auto_dcf — [CRFB3] valuation concluído — DCF FCFF | base=0 R$ mi
2026-04-19 19:23:33 | INFO     | src.analysis.insight_engine — [CRFB3] 0 insights gerados
2026-04-19 19:23:34 | INFO     | __main__ — [VIVT3] iniciando análise completa...
2026-04-19 19:23:34 | INFO     | src.analysis.metrics_engine — [VIVT3] 2019: métricas calculadas [telecom]
2026-04-19 19:23:34 | INFO     | src.analysis.metrics_engine — [VIVT3] 2020: métricas calculadas [telecom]
2026-04-19 19:23:34 | INFO     | src.analysis.metrics_engine — [VIVT3] 2021: métricas calculadas [telecom]
2026-04-19 19:23:34 | INFO     | src.analysis.metrics_engine — [VIVT3] 2022: métricas calculadas [telecom]
2026-04-19 19:23:34 | INFO     | src.analysis.metrics_engine — [VIVT3] 2023: métricas calculadas [telecom]
2026-04-19 19:23:34 | INFO     | src.analysis.metrics_engine — [VIVT3] 2024: métricas calculadas [telecom]
2026-04-19 19:23:34 | INFO     | src.analysis.metrics_engine — [VIVT3] 2025: métricas calculadas [telecom]
2026-04-19 19:23:34 | SUCCESS  | src.analysis.metrics_engine — [VIVT3] 7 períodos calculados
2026-04-19 19:23:34 | INFO     | src.analysis.risk_engine — [VIVT3] risco: LOW (0 alerta(s)) [telecom]
2026-04-19 19:23:34 | INFO     | src.valuation.auto_dcf — [VIVT3] setor=telecom  método=ev_ebitda_multiple  modelo=industrial
2026-04-19 19:23:34 | SUCCESS  | src.valuation.auto_dcf — [VIVT3] valuation concluído — EV/EBITDA Múltiplo | base=45,841 R$ mi
2026-04-19 19:23:34 | INFO     | src.analysis.insight_engine — [VIVT3] 0 insights gerados
2026-04-19 19:23:34 | INFO     | __main__ — [CCRO3] iniciando análise completa...
2026-04-19 19:23:34 | INFO     | src.analysis.metrics_engine — [CCRO3] 2019: métricas calculadas [industrial]
2026-04-19 19:23:34 | INFO     | src.analysis.metrics_engine — [CCRO3] 2020: métricas calculadas [industrial]
2026-04-19 19:23:34 | INFO     | src.analysis.metrics_engine — [CCRO3] 2021: métricas calculadas [industrial]
2026-04-19 19:23:34 | INFO     | src.analysis.metrics_engine — [CCRO3] 2022: métricas calculadas [industrial]
2026-04-19 19:23:34 | INFO     | src.analysis.metrics_engine — [CCRO3] 2023: métricas calculadas [industrial]
2026-04-19 19:23:34 | INFO     | src.analysis.metrics_engine — [CCRO3] 2024: métricas calculadas [industrial]
2026-04-19 19:23:34 | INFO     | src.analysis.metrics_engine — [CCRO3] 2025: métricas calculadas [industrial]
2026-04-19 19:23:34 | SUCCESS  | src.analysis.metrics_engine — [CCRO3] 7 períodos calculados
2026-04-19 19:23:34 | INFO     | src.analysis.risk_engine — [CCRO3] risco: HIGH (1 alerta(s)) [industrial]
2026-04-19 19:23:34 | INFO     | src.valuation.auto_dcf — [CCRO3] setor=industrial  método=dcf_fcff  modelo=industrial
2026-04-19 19:23:34 | SUCCESS  | src.valuation.auto_dcf — [CCRO3] valuation concluído — DCF FCFF | base=80,308 R$ mi
2026-04-19 19:23:34 | INFO     | src.analysis.insight_engine — [CCRO3] 2 insights gerados
2026-04-19 19:23:34 | INFO     | __main__ — [PCAR3] iniciando análise completa...
2026-04-19 19:23:35 | INFO     | src.analysis.metrics_engine — [PCAR3] 2019: métricas calculadas [retail]
2026-04-19 19:23:35 | INFO     | src.analysis.metrics_engine — [PCAR3] 2020: métricas calculadas [retail]
2026-04-19 19:23:35 | INFO     | src.analysis.metrics_engine — [PCAR3] 2021: métricas calculadas [retail]
2026-04-19 19:23:35 | INFO     | src.analysis.metrics_engine — [PCAR3] 2022: métricas calculadas [retail]
2026-04-19 19:23:35 | INFO     | src.analysis.metrics_engine — [PCAR3] 2023: métricas calculadas [retail]
2026-04-19 19:23:35 | INFO     | src.analysis.metrics_engine — [PCAR3] 2024: métricas calculadas [retail]
2026-04-19 19:23:35 | INFO     | src.analysis.metrics_engine — [PCAR3] 2025: métricas calculadas [retail]
2026-04-19 19:23:35 | SUCCESS  | src.analysis.metrics_engine — [PCAR3] 7 períodos calculados
2026-04-19 19:23:35 | INFO     | src.analysis.risk_engine — [PCAR3] risco: HIGH (1 alerta(s)) [retail]
2026-04-19 19:23:35 | INFO     | src.valuation.auto_dcf — [PCAR3] setor=retail  método=dcf_fcff  modelo=industrial
2026-04-19 19:23:35 | SUCCESS  | src.valuation.auto_dcf — [PCAR3] valuation concluído — DCF FCFF | base=0 R$ mi
2026-04-19 19:23:35 | INFO     | src.analysis.insight_engine — [PCAR3] 1 insights gerados
2026-04-19 19:23:35 | INFO     | __main__ — [PETZ3] iniciando análise completa...
2026-04-19 19:23:35 | INFO     | src.analysis.metrics_engine — [PETZ3] 2021: métricas calculadas [retail]
2026-04-19 19:23:35 | INFO     | src.analysis.metrics_engine — [PETZ3] 2022: métricas calculadas [retail]
2026-04-19 19:23:35 | INFO     | src.analysis.metrics_engine — [PETZ3] 2023: métricas calculadas [retail]
2026-04-19 19:23:35 | INFO     | src.analysis.metrics_engine — [PETZ3] 2024: métricas calculadas [retail]
2026-04-19 19:23:35 | INFO     | src.analysis.metrics_engine — [PETZ3] 2025: métricas calculadas [retail]
2026-04-19 19:23:35 | SUCCESS  | src.analysis.metrics_engine — [PETZ3] 5 períodos calculados
2026-04-19 19:23:35 | INFO     | src.analysis.risk_engine — [PETZ3] risco: LOW (0 alerta(s)) [retail]
2026-04-19 19:23:35 | INFO     | src.valuation.auto_dcf — [PETZ3] setor=retail  método=dcf_fcff  modelo=industrial
2026-04-19 19:23:35 | SUCCESS  | src.valuation.auto_dcf — [PETZ3] valuation concluído — DCF FCFF | base=0 R$ mi
2026-04-19 19:23:35 | INFO     | src.analysis.insight_engine — [PETZ3] 0 insights gerados
2026-04-19 19:23:35 | INFO     | __main__ — [CVCB3] iniciando análise completa...
2026-04-19 19:23:36 | INFO     | src.analysis.metrics_engine — [CVCB3] 2019: métricas carregadas do cache
2026-04-19 19:23:36 | INFO     | src.analysis.metrics_engine — [CVCB3] 2020: métricas carregadas do cache
2026-04-19 19:23:36 | INFO     | src.analysis.metrics_engine — [CVCB3] 2021: métricas carregadas do cache
2026-04-19 19:23:36 | INFO     | src.analysis.metrics_engine — [CVCB3] 2022: métricas carregadas do cache
2026-04-19 19:23:36 | INFO     | src.analysis.metrics_engine — [CVCB3] 2023: métricas carregadas do cache
2026-04-19 19:23:36 | INFO     | src.analysis.metrics_engine — [CVCB3] 2024: métricas carregadas do cache
2026-04-19 19:23:36 | INFO     | src.analysis.metrics_engine — [CVCB3] 2025: métricas carregadas do cache
2026-04-19 19:23:36 | SUCCESS  | src.analysis.metrics_engine — [CVCB3] 7 períodos calculados
2026-04-19 19:23:36 | INFO     | src.valuation.auto_dcf — [CVCB3] valuation carregado do cache
2026-04-19 19:24:18 | INFO     | __main__ — [BBAS3] iniciando análise completa...
2026-04-19 19:24:18 | INFO     | src.analysis.metrics_engine — [BBAS3] 2019: métricas carregadas do cache
2026-04-19 19:24:18 | INFO     | src.analysis.metrics_engine — [BBAS3] 2020: métricas carregadas do cache
2026-04-19 19:24:18 | INFO     | src.analysis.metrics_engine — [BBAS3] 2021: métricas carregadas do cache
2026-04-19 19:24:18 | INFO     | src.analysis.metrics_engine — [BBAS3] 2022: métricas carregadas do cache
2026-04-19 19:24:18 | INFO     | src.analysis.metrics_engine — [BBAS3] 2023: métricas carregadas do cache
2026-04-19 19:24:18 | INFO     | src.analysis.metrics_engine — [BBAS3] 2024: métricas carregadas do cache
2026-04-19 19:24:18 | INFO     | src.analysis.metrics_engine — [BBAS3] 2025: métricas carregadas do cache
2026-04-19 19:24:18 | SUCCESS  | src.analysis.metrics_engine — [BBAS3] 7 períodos calculados
2026-04-19 19:24:18 | INFO     | src.valuation.auto_dcf — [BBAS3] valuation carregado do cache
2026-04-19 19:24:18 | INFO     | __main__ — [ITUB4] iniciando análise completa...
2026-04-19 19:24:18 | INFO     | src.analysis.metrics_engine — [ITUB4] 2019: métricas carregadas do cache
2026-04-19 19:24:18 | INFO     | src.analysis.metrics_engine — [ITUB4] 2020: métricas carregadas do cache
2026-04-19 19:24:18 | INFO     | src.analysis.metrics_engine — [ITUB4] 2021: métricas carregadas do cache
2026-04-19 19:24:18 | INFO     | src.analysis.metrics_engine — [ITUB4] 2022: métricas carregadas do cache
2026-04-19 19:24:18 | INFO     | src.analysis.metrics_engine — [ITUB4] 2023: métricas carregadas do cache
2026-04-19 19:24:18 | INFO     | src.analysis.metrics_engine — [ITUB4] 2024: métricas carregadas do cache
2026-04-19 19:24:18 | INFO     | src.analysis.metrics_engine — [ITUB4] 2025: métricas carregadas do cache
2026-04-19 19:24:18 | SUCCESS  | src.analysis.metrics_engine — [ITUB4] 7 períodos calculados
2026-04-19 19:24:18 | INFO     | src.valuation.auto_dcf — [ITUB4] valuation carregado do cache
2026-04-19 19:24:18 | INFO     | __main__ — [BBDC4] iniciando análise completa...
2026-04-19 19:24:18 | INFO     | src.analysis.metrics_engine — [BBDC4] 2019: métricas carregadas do cache
2026-04-19 19:24:18 | INFO     | src.analysis.metrics_engine — [BBDC4] 2020: métricas carregadas do cache
2026-04-19 19:24:18 | INFO     | src.analysis.metrics_engine — [BBDC4] 2021: métricas carregadas do cache
2026-04-19 19:24:18 | INFO     | src.analysis.metrics_engine — [BBDC4] 2022: métricas carregadas do cache
2026-04-19 19:24:18 | INFO     | src.analysis.metrics_engine — [BBDC4] 2023: métricas carregadas do cache
2026-04-19 19:24:18 | INFO     | src.analysis.metrics_engine — [BBDC4] 2024: métricas carregadas do cache
2026-04-19 19:24:18 | INFO     | src.analysis.metrics_engine — [BBDC4] 2025: métricas carregadas do cache
2026-04-19 19:24:18 | SUCCESS  | src.analysis.metrics_engine — [BBDC4] 7 períodos calculados
2026-04-19 19:24:18 | INFO     | src.valuation.auto_dcf — [BBDC4] valuation carregado do cache
2026-04-19 19:24:18 | INFO     | __main__ — [SANB11] iniciando análise completa...
2026-04-19 19:24:18 | INFO     | src.analysis.metrics_engine — [SANB11] 2019: métricas carregadas do cache
2026-04-19 19:24:18 | INFO     | src.analysis.metrics_engine — [SANB11] 2020: métricas carregadas do cache
2026-04-19 19:24:18 | INFO     | src.analysis.metrics_engine — [SANB11] 2021: métricas carregadas do cache
2026-04-19 19:24:18 | INFO     | src.analysis.metrics_engine — [SANB11] 2022: métricas carregadas do cache
2026-04-19 19:24:18 | INFO     | src.analysis.metrics_engine — [SANB11] 2023: métricas carregadas do cache
2026-04-19 19:24:18 | INFO     | src.analysis.metrics_engine — [SANB11] 2024: métricas carregadas do cache
2026-04-19 19:24:18 | INFO     | src.analysis.metrics_engine — [SANB11] 2025: métricas carregadas do cache
2026-04-19 19:24:18 | SUCCESS  | src.analysis.metrics_engine — [SANB11] 7 períodos calculados
2026-04-19 19:24:18 | INFO     | src.valuation.auto_dcf — [SANB11] valuation carregado do cache
2026-04-19 19:24:18 | INFO     | __main__ — [BPAC11] iniciando análise completa...
2026-04-19 19:24:18 | INFO     | src.analysis.metrics_engine — [BPAC11] 2019: métricas carregadas do cache
2026-04-19 19:24:18 | INFO     | src.analysis.metrics_engine — [BPAC11] 2020: métricas carregadas do cache
2026-04-19 19:24:18 | INFO     | src.analysis.metrics_engine — [BPAC11] 2021: métricas carregadas do cache
2026-04-19 19:24:18 | INFO     | src.analysis.metrics_engine — [BPAC11] 2022: métricas carregadas do cache
2026-04-19 19:24:18 | INFO     | src.analysis.metrics_engine — [BPAC11] 2023: métricas carregadas do cache
2026-04-19 19:24:18 | INFO     | src.analysis.metrics_engine — [BPAC11] 2024: métricas carregadas do cache
2026-04-19 19:24:18 | INFO     | src.analysis.metrics_engine — [BPAC11] 2025: métricas carregadas do cache
2026-04-19 19:24:18 | SUCCESS  | src.analysis.metrics_engine — [BPAC11] 7 períodos calculados
2026-04-19 19:24:18 | INFO     | src.valuation.auto_dcf — [BPAC11] valuation carregado do cache
2026-04-19 19:24:18 | INFO     | __main__ — [BRSR6] iniciando análise completa...
2026-04-19 19:24:18 | INFO     | src.analysis.metrics_engine — [BRSR6] 2019: métricas carregadas do cache
2026-04-19 19:24:18 | INFO     | src.analysis.metrics_engine — [BRSR6] 2020: métricas carregadas do cache
2026-04-19 19:24:18 | INFO     | src.analysis.metrics_engine — [BRSR6] 2021: métricas carregadas do cache
2026-04-19 19:24:18 | INFO     | src.analysis.metrics_engine — [BRSR6] 2022: métricas carregadas do cache
2026-04-19 19:24:18 | INFO     | src.analysis.metrics_engine — [BRSR6] 2023: métricas carregadas do cache
2026-04-19 19:24:18 | INFO     | src.analysis.metrics_engine — [BRSR6] 2024: métricas carregadas do cache
2026-04-19 19:24:18 | INFO     | src.analysis.metrics_engine — [BRSR6] 2025: métricas carregadas do cache
2026-04-19 19:24:18 | SUCCESS  | src.analysis.metrics_engine — [BRSR6] 7 períodos calculados
2026-04-19 19:24:18 | INFO     | src.valuation.auto_dcf — [BRSR6] valuation carregado do cache
2026-04-19 19:24:18 | INFO     | __main__ — [ABCB4] iniciando análise completa...
2026-04-19 19:24:18 | INFO     | src.analysis.metrics_engine — [ABCB4] 2019: métricas carregadas do cache
2026-04-19 19:24:18 | INFO     | src.analysis.metrics_engine — [ABCB4] 2020: métricas carregadas do cache
2026-04-19 19:24:18 | INFO     | src.analysis.metrics_engine — [ABCB4] 2021: métricas carregadas do cache
2026-04-19 19:24:18 | INFO     | src.analysis.metrics_engine — [ABCB4] 2022: métricas carregadas do cache
2026-04-19 19:24:18 | INFO     | src.analysis.metrics_engine — [ABCB4] 2023: métricas carregadas do cache
2026-04-19 19:24:18 | SUCCESS  | src.analysis.metrics_engine — [ABCB4] 5 períodos calculados
2026-04-19 19:24:18 | INFO     | src.valuation.auto_dcf — [ABCB4] valuation carregado do cache
2026-04-19 19:24:18 | INFO     | __main__ — [BMGB4] iniciando análise completa...
2026-04-19 19:24:18 | INFO     | src.analysis.metrics_engine — [BMGB4] 2019: métricas carregadas do cache
2026-04-19 19:24:18 | INFO     | src.analysis.metrics_engine — [BMGB4] 2020: métricas carregadas do cache
2026-04-19 19:24:18 | INFO     | src.analysis.metrics_engine — [BMGB4] 2021: métricas carregadas do cache
2026-04-19 19:24:18 | INFO     | src.analysis.metrics_engine — [BMGB4] 2022: métricas carregadas do cache
2026-04-19 19:24:18 | INFO     | src.analysis.metrics_engine — [BMGB4] 2023: métricas carregadas do cache
2026-04-19 19:24:18 | INFO     | src.analysis.metrics_engine — [BMGB4] 2024: métricas carregadas do cache
2026-04-19 19:24:18 | INFO     | src.analysis.metrics_engine — [BMGB4] 2025: métricas carregadas do cache
2026-04-19 19:24:18 | SUCCESS  | src.analysis.metrics_engine — [BMGB4] 7 períodos calculados
2026-04-19 19:24:18 | INFO     | src.valuation.auto_dcf — [BMGB4] valuation carregado do cache
2026-04-19 19:24:18 | INFO     | __main__ — [BPAN4] iniciando análise completa...
2026-04-19 19:24:18 | INFO     | src.analysis.metrics_engine — [BPAN4] 2019: métricas carregadas do cache
2026-04-19 19:24:18 | INFO     | src.analysis.metrics_engine — [BPAN4] 2020: métricas carregadas do cache
2026-04-19 19:24:18 | INFO     | src.analysis.metrics_engine — [BPAN4] 2021: métricas carregadas do cache
2026-04-19 19:24:18 | INFO     | src.analysis.metrics_engine — [BPAN4] 2022: métricas carregadas do cache
2026-04-19 19:24:18 | INFO     | src.analysis.metrics_engine — [BPAN4] 2023: métricas carregadas do cache
2026-04-19 19:24:18 | INFO     | src.analysis.metrics_engine — [BPAN4] 2024: métricas carregadas do cache
2026-04-19 19:24:18 | SUCCESS  | src.analysis.metrics_engine — [BPAN4] 6 períodos calculados
2026-04-19 19:24:18 | INFO     | src.valuation.auto_dcf — [BPAN4] valuation carregado do cache
2026-04-19 19:24:18 | INFO     | __main__ — [PINE4] iniciando análise completa...
2026-04-19 19:24:18 | INFO     | src.analysis.metrics_engine — [PINE4] 2019: métricas carregadas do cache
2026-04-19 19:24:18 | INFO     | src.analysis.metrics_engine — [PINE4] 2020: métricas carregadas do cache
2026-04-19 19:24:18 | INFO     | src.analysis.metrics_engine — [PINE4] 2021: métricas carregadas do cache
2026-04-19 19:24:18 | INFO     | src.analysis.metrics_engine — [PINE4] 2022: métricas carregadas do cache
2026-04-19 19:24:18 | INFO     | src.analysis.metrics_engine — [PINE4] 2023: métricas carregadas do cache
2026-04-19 19:24:18 | INFO     | src.analysis.metrics_engine — [PINE4] 2024: métricas carregadas do cache
2026-04-19 19:24:18 | INFO     | src.analysis.metrics_engine — [PINE4] 2025: métricas carregadas do cache
2026-04-19 19:24:18 | SUCCESS  | src.analysis.metrics_engine — [PINE4] 7 períodos calculados
2026-04-19 19:24:18 | INFO     | src.valuation.auto_dcf — [PINE4] valuation carregado do cache
2026-04-19 19:24:18 | INFO     | __main__ — [INTR4] iniciando análise completa...
2026-04-19 19:24:18 | INFO     | src.analysis.metrics_engine — [INTR4] 2021: métricas carregadas do cache
2026-04-19 19:24:18 | INFO     | src.analysis.metrics_engine — [INTR4] 2022: métricas carregadas do cache
2026-04-19 19:24:18 | INFO     | src.analysis.metrics_engine — [INTR4] 2023: métricas carregadas do cache
2026-04-19 19:24:18 | INFO     | src.analysis.metrics_engine — [INTR4] 2024: métricas carregadas do cache
2026-04-19 19:24:18 | INFO     | src.analysis.metrics_engine — [INTR4] 2025: métricas carregadas do cache
2026-04-19 19:24:18 | SUCCESS  | src.analysis.metrics_engine — [INTR4] 5 períodos calculados
2026-04-19 19:24:18 | INFO     | src.valuation.auto_dcf — [INTR4] valuation carregado do cache
2026-04-19 19:24:18 | INFO     | __main__ — [ITSA4] iniciando análise completa...
2026-04-19 19:24:18 | INFO     | src.analysis.metrics_engine — [ITSA4] 2019: métricas carregadas do cache
2026-04-19 19:24:18 | INFO     | src.analysis.metrics_engine — [ITSA4] 2020: métricas carregadas do cache
2026-04-19 19:24:18 | INFO     | src.analysis.metrics_engine — [ITSA4] 2021: métricas carregadas do cache
2026-04-19 19:24:18 | INFO     | src.analysis.metrics_engine — [ITSA4] 2022: métricas carregadas do cache
2026-04-19 19:24:18 | INFO     | src.analysis.metrics_engine — [ITSA4] 2023: métricas carregadas do cache
2026-04-19 19:24:18 | INFO     | src.analysis.metrics_engine — [ITSA4] 2024: métricas carregadas do cache
2026-04-19 19:24:18 | INFO     | src.analysis.metrics_engine — [ITSA4] 2025: métricas carregadas do cache
2026-04-19 19:24:18 | SUCCESS  | src.analysis.metrics_engine — [ITSA4] 7 períodos calculados
2026-04-19 19:24:18 | INFO     | src.valuation.auto_dcf — [ITSA4] valuation carregado do cache
2026-04-19 19:24:18 | INFO     | __main__ — [BBSE3] iniciando análise completa...
2026-04-19 19:24:18 | INFO     | src.analysis.metrics_engine — [BBSE3] 2019: métricas carregadas do cache
2026-04-19 19:24:18 | INFO     | src.analysis.metrics_engine — [BBSE3] 2020: métricas carregadas do cache
2026-04-19 19:24:18 | INFO     | src.analysis.metrics_engine — [BBSE3] 2021: métricas carregadas do cache
2026-04-19 19:24:18 | INFO     | src.analysis.metrics_engine — [BBSE3] 2022: métricas carregadas do cache
2026-04-19 19:24:18 | INFO     | src.analysis.metrics_engine — [BBSE3] 2023: métricas carregadas do cache
2026-04-19 19:24:18 | INFO     | src.analysis.metrics_engine — [BBSE3] 2024: métricas carregadas do cache
2026-04-19 19:24:18 | INFO     | src.analysis.metrics_engine — [BBSE3] 2025: métricas carregadas do cache
2026-04-19 19:24:18 | SUCCESS  | src.analysis.metrics_engine — [BBSE3] 7 períodos calculados
2026-04-19 19:24:18 | INFO     | src.valuation.auto_dcf — [BBSE3] valuation carregado do cache
2026-04-19 19:24:18 | INFO     | __main__ — [BRAP4] iniciando análise completa...
2026-04-19 19:24:18 | INFO     | src.analysis.metrics_engine — [BRAP4] 2019: métricas carregadas do cache
2026-04-19 19:24:18 | INFO     | src.analysis.metrics_engine — [BRAP4] 2020: métricas carregadas do cache
2026-04-19 19:24:18 | INFO     | src.analysis.metrics_engine — [BRAP4] 2021: métricas carregadas do cache
2026-04-19 19:24:18 | INFO     | src.analysis.metrics_engine — [BRAP4] 2022: métricas carregadas do cache
2026-04-19 19:24:18 | INFO     | src.analysis.metrics_engine — [BRAP4] 2023: métricas carregadas do cache
2026-04-19 19:24:18 | SUCCESS  | src.analysis.metrics_engine — [BRAP4] 5 períodos calculados
2026-04-19 19:24:18 | INFO     | src.valuation.auto_dcf — [BRAP4] valuation carregado do cache
2026-04-19 19:24:18 | INFO     | __main__ — [IRBR3] iniciando análise completa...
2026-04-19 19:24:18 | INFO     | src.analysis.metrics_engine — [IRBR3] 2019: métricas carregadas do cache
2026-04-19 19:24:18 | INFO     | src.analysis.metrics_engine — [IRBR3] 2020: métricas carregadas do cache
2026-04-19 19:24:18 | INFO     | src.analysis.metrics_engine — [IRBR3] 2021: métricas carregadas do cache
2026-04-19 19:24:18 | INFO     | src.analysis.metrics_engine — [IRBR3] 2022: métricas carregadas do cache
2026-04-19 19:24:18 | INFO     | src.analysis.metrics_engine — [IRBR3] 2023: métricas carregadas do cache
2026-04-19 19:24:18 | INFO     | src.analysis.metrics_engine — [IRBR3] 2024: métricas carregadas do cache
2026-04-19 19:24:18 | INFO     | src.analysis.metrics_engine — [IRBR3] 2025: métricas carregadas do cache
2026-04-19 19:24:18 | SUCCESS  | src.analysis.metrics_engine — [IRBR3] 7 períodos calculados
2026-04-19 19:24:18 | INFO     | src.valuation.auto_dcf — [IRBR3] valuation carregado do cache
2026-04-19 19:24:18 | INFO     | __main__ — [PSSA3] iniciando análise completa...
2026-04-19 19:24:18 | INFO     | src.analysis.metrics_engine — [PSSA3] 2019: métricas carregadas do cache
2026-04-19 19:24:18 | INFO     | src.analysis.metrics_engine — [PSSA3] 2020: métricas carregadas do cache
2026-04-19 19:24:18 | INFO     | src.analysis.metrics_engine — [PSSA3] 2021: métricas carregadas do cache
2026-04-19 19:24:18 | INFO     | src.analysis.metrics_engine — [PSSA3] 2022: métricas carregadas do cache
2026-04-19 19:24:18 | INFO     | src.analysis.metrics_engine — [PSSA3] 2023: métricas carregadas do cache
2026-04-19 19:24:18 | INFO     | src.analysis.metrics_engine — [PSSA3] 2024: métricas carregadas do cache
2026-04-19 19:24:18 | INFO     | src.analysis.metrics_engine — [PSSA3] 2025: métricas carregadas do cache
2026-04-19 19:24:18 | SUCCESS  | src.analysis.metrics_engine — [PSSA3] 7 períodos calculados
2026-04-19 19:24:18 | INFO     | src.valuation.auto_dcf — [PSSA3] valuation carregado do cache
2026-04-19 19:24:18 | INFO     | __main__ — [CXSE3] iniciando análise completa...
2026-04-19 19:24:18 | INFO     | src.analysis.metrics_engine — [CXSE3] 2019: métricas carregadas do cache
2026-04-19 19:24:18 | INFO     | src.analysis.metrics_engine — [CXSE3] 2020: métricas carregadas do cache
2026-04-19 19:24:18 | INFO     | src.analysis.metrics_engine — [CXSE3] 2021: métricas carregadas do cache
2026-04-19 19:24:18 | INFO     | src.analysis.metrics_engine — [CXSE3] 2022: métricas carregadas do cache
2026-04-19 19:24:18 | INFO     | src.analysis.metrics_engine — [CXSE3] 2023: métricas carregadas do cache
2026-04-19 19:24:18 | INFO     | src.analysis.metrics_engine — [CXSE3] 2024: métricas carregadas do cache
2026-04-19 19:24:18 | INFO     | src.analysis.metrics_engine — [CXSE3] 2025: métricas carregadas do cache
2026-04-19 19:24:18 | SUCCESS  | src.analysis.metrics_engine — [CXSE3] 7 períodos calculados
2026-04-19 19:24:18 | INFO     | src.valuation.auto_dcf — [CXSE3] valuation carregado do cache
2026-04-19 19:24:18 | INFO     | __main__ — [B3SA3] iniciando análise completa...
2026-04-19 19:24:18 | INFO     | src.analysis.metrics_engine — [B3SA3] 2019: métricas carregadas do cache
2026-04-19 19:24:18 | INFO     | src.analysis.metrics_engine — [B3SA3] 2020: métricas carregadas do cache
2026-04-19 19:24:18 | INFO     | src.analysis.metrics_engine — [B3SA3] 2021: métricas carregadas do cache
2026-04-19 19:24:18 | INFO     | src.analysis.metrics_engine — [B3SA3] 2022: métricas carregadas do cache
2026-04-19 19:24:18 | INFO     | src.analysis.metrics_engine — [B3SA3] 2023: métricas carregadas do cache
2026-04-19 19:24:18 | INFO     | src.analysis.metrics_engine — [B3SA3] 2024: métricas carregadas do cache
2026-04-19 19:24:18 | INFO     | src.analysis.metrics_engine — [B3SA3] 2025: métricas carregadas do cache
2026-04-19 19:24:18 | SUCCESS  | src.analysis.metrics_engine — [B3SA3] 7 períodos calculados
2026-04-19 19:24:18 | INFO     | src.valuation.auto_dcf — [B3SA3] valuation carregado do cache
2026-04-19 19:24:18 | INFO     | __main__ — [PETR4] iniciando análise completa...
2026-04-19 19:24:18 | INFO     | src.analysis.metrics_engine — [PETR4] 2019: métricas carregadas do cache
2026-04-19 19:24:18 | INFO     | src.analysis.metrics_engine — [PETR4] 2020: métricas carregadas do cache
2026-04-19 19:24:18 | INFO     | src.analysis.metrics_engine — [PETR4] 2021: métricas carregadas do cache
2026-04-19 19:24:18 | INFO     | src.analysis.metrics_engine — [PETR4] 2022: métricas carregadas do cache
2026-04-19 19:24:18 | INFO     | src.analysis.metrics_engine — [PETR4] 2023: métricas carregadas do cache
2026-04-19 19:24:18 | INFO     | src.analysis.metrics_engine — [PETR4] 2024: métricas carregadas do cache
2026-04-19 19:24:18 | INFO     | src.analysis.metrics_engine — [PETR4] 2025: métricas carregadas do cache
2026-04-19 19:24:18 | SUCCESS  | src.analysis.metrics_engine — [PETR4] 7 períodos calculados
2026-04-19 19:24:18 | INFO     | src.valuation.auto_dcf — [PETR4] valuation carregado do cache
2026-04-19 19:24:18 | INFO     | __main__ — [PRIO3] iniciando análise completa...
2026-04-19 19:24:18 | INFO     | src.analysis.metrics_engine — [PRIO3] 2019: métricas carregadas do cache
2026-04-19 19:24:18 | INFO     | src.analysis.metrics_engine — [PRIO3] 2020: métricas carregadas do cache
2026-04-19 19:24:18 | INFO     | src.analysis.metrics_engine — [PRIO3] 2021: métricas carregadas do cache
2026-04-19 19:24:18 | INFO     | src.analysis.metrics_engine — [PRIO3] 2022: métricas carregadas do cache
2026-04-19 19:24:18 | INFO     | src.analysis.metrics_engine — [PRIO3] 2023: métricas carregadas do cache
2026-04-19 19:24:18 | INFO     | src.analysis.metrics_engine — [PRIO3] 2024: métricas carregadas do cache
2026-04-19 19:24:18 | INFO     | src.analysis.metrics_engine — [PRIO3] 2025: métricas carregadas do cache
2026-04-19 19:24:18 | SUCCESS  | src.analysis.metrics_engine — [PRIO3] 7 períodos calculados
2026-04-19 19:24:18 | INFO     | src.valuation.auto_dcf — [PRIO3] valuation carregado do cache
2026-04-19 19:24:18 | INFO     | __main__ — [BRAV3] iniciando análise completa...
2026-04-19 19:24:18 | INFO     | src.analysis.metrics_engine — [BRAV3] 2019: métricas carregadas do cache
2026-04-19 19:24:18 | INFO     | src.analysis.metrics_engine — [BRAV3] 2020: métricas carregadas do cache
2026-04-19 19:24:18 | INFO     | src.analysis.metrics_engine — [BRAV3] 2021: métricas carregadas do cache
2026-04-19 19:24:18 | INFO     | src.analysis.metrics_engine — [BRAV3] 2022: métricas carregadas do cache
2026-04-19 19:24:18 | INFO     | src.analysis.metrics_engine — [BRAV3] 2023: métricas carregadas do cache
2026-04-19 19:24:18 | INFO     | src.analysis.metrics_engine — [BRAV3] 2024: métricas carregadas do cache
2026-04-19 19:24:18 | INFO     | src.analysis.metrics_engine — [BRAV3] 2025: métricas carregadas do cache
2026-04-19 19:24:18 | SUCCESS  | src.analysis.metrics_engine — [BRAV3] 7 períodos calculados
2026-04-19 19:24:18 | INFO     | src.valuation.auto_dcf — [BRAV3] valuation carregado do cache
2026-04-19 19:24:18 | INFO     | __main__ — [RECV3] iniciando análise completa...
2026-04-19 19:24:18 | INFO     | src.analysis.metrics_engine — [RECV3] 2020: métricas carregadas do cache
2026-04-19 19:24:18 | INFO     | src.analysis.metrics_engine — [RECV3] 2021: métricas carregadas do cache
2026-04-19 19:24:18 | INFO     | src.analysis.metrics_engine — [RECV3] 2022: métricas carregadas do cache
2026-04-19 19:24:18 | INFO     | src.analysis.metrics_engine — [RECV3] 2023: métricas carregadas do cache
2026-04-19 19:24:18 | INFO     | src.analysis.metrics_engine — [RECV3] 2024: métricas carregadas do cache
2026-04-19 19:24:18 | INFO     | src.analysis.metrics_engine — [RECV3] 2025: métricas carregadas do cache
2026-04-19 19:24:18 | SUCCESS  | src.analysis.metrics_engine — [RECV3] 6 períodos calculados
2026-04-19 19:24:18 | INFO     | src.valuation.auto_dcf — [RECV3] valuation carregado do cache
2026-04-19 19:24:18 | INFO     | __main__ — [VBBR3] iniciando análise completa...
2026-04-19 19:24:18 | INFO     | src.analysis.metrics_engine — [VBBR3] 2019: métricas carregadas do cache
2026-04-19 19:24:18 | INFO     | src.analysis.metrics_engine — [VBBR3] 2020: métricas carregadas do cache
2026-04-19 19:24:18 | INFO     | src.analysis.metrics_engine — [VBBR3] 2021: métricas carregadas do cache
2026-04-19 19:24:18 | INFO     | src.analysis.metrics_engine — [VBBR3] 2022: métricas carregadas do cache
2026-04-19 19:24:18 | INFO     | src.analysis.metrics_engine — [VBBR3] 2023: métricas carregadas do cache
2026-04-19 19:24:18 | INFO     | src.analysis.metrics_engine — [VBBR3] 2024: métricas carregadas do cache
2026-04-19 19:24:18 | INFO     | src.analysis.metrics_engine — [VBBR3] 2025: métricas carregadas do cache
2026-04-19 19:24:18 | SUCCESS  | src.analysis.metrics_engine — [VBBR3] 7 períodos calculados
2026-04-19 19:24:18 | INFO     | src.valuation.auto_dcf — [VBBR3] valuation carregado do cache
2026-04-19 19:24:18 | INFO     | __main__ — [RAIZ4] iniciando análise completa...
2026-04-19 19:24:18 | INFO     | src.analysis.metrics_engine — [RAIZ4] 2019: métricas carregadas do cache
2026-04-19 19:24:18 | INFO     | src.analysis.metrics_engine — [RAIZ4] 2020: métricas carregadas do cache
2026-04-19 19:24:18 | INFO     | src.analysis.metrics_engine — [RAIZ4] 2021: métricas carregadas do cache
2026-04-19 19:24:18 | INFO     | src.analysis.metrics_engine — [RAIZ4] 2022: métricas carregadas do cache
2026-04-19 19:24:18 | INFO     | src.analysis.metrics_engine — [RAIZ4] 2023: métricas carregadas do cache
2026-04-19 19:24:18 | INFO     | src.analysis.metrics_engine — [RAIZ4] 2024: métricas carregadas do cache
2026-04-19 19:24:18 | INFO     | src.analysis.metrics_engine — [RAIZ4] 2025: métricas carregadas do cache
2026-04-19 19:24:18 | SUCCESS  | src.analysis.metrics_engine — [RAIZ4] 7 períodos calculados
2026-04-19 19:24:18 | INFO     | src.valuation.auto_dcf — [RAIZ4] valuation carregado do cache
2026-04-19 19:24:18 | INFO     | __main__ — [ENEV3] iniciando análise completa...
2026-04-19 19:24:18 | INFO     | src.analysis.metrics_engine — [ENEV3] 2019: métricas carregadas do cache
2026-04-19 19:24:18 | INFO     | src.analysis.metrics_engine — [ENEV3] 2020: métricas carregadas do cache
2026-04-19 19:24:18 | INFO     | src.analysis.metrics_engine — [ENEV3] 2021: métricas carregadas do cache
2026-04-19 19:24:18 | INFO     | src.analysis.metrics_engine — [ENEV3] 2022: métricas carregadas do cache
2026-04-19 19:24:18 | INFO     | src.analysis.metrics_engine — [ENEV3] 2023: métricas carregadas do cache
2026-04-19 19:24:18 | INFO     | src.analysis.metrics_engine — [ENEV3] 2024: métricas carregadas do cache
2026-04-19 19:24:18 | INFO     | src.analysis.metrics_engine — [ENEV3] 2025: métricas carregadas do cache
2026-04-19 19:24:18 | SUCCESS  | src.analysis.metrics_engine — [ENEV3] 7 períodos calculados
2026-04-19 19:24:18 | INFO     | src.valuation.auto_dcf — [ENEV3] valuation carregado do cache
2026-04-19 19:24:19 | INFO     | __main__ — [CSAN3] iniciando análise completa...
2026-04-19 19:24:19 | INFO     | src.analysis.metrics_engine — [CSAN3] 2019: métricas carregadas do cache
2026-04-19 19:24:19 | INFO     | src.analysis.metrics_engine — [CSAN3] 2020: métricas carregadas do cache
2026-04-19 19:24:19 | INFO     | src.analysis.metrics_engine — [CSAN3] 2021: métricas carregadas do cache
2026-04-19 19:24:19 | INFO     | src.analysis.metrics_engine — [CSAN3] 2022: métricas carregadas do cache
2026-04-19 19:24:19 | INFO     | src.analysis.metrics_engine — [CSAN3] 2023: métricas carregadas do cache
2026-04-19 19:24:19 | INFO     | src.analysis.metrics_engine — [CSAN3] 2024: métricas carregadas do cache
2026-04-19 19:24:19 | INFO     | src.analysis.metrics_engine — [CSAN3] 2025: métricas carregadas do cache
2026-04-19 19:24:19 | SUCCESS  | src.analysis.metrics_engine — [CSAN3] 7 períodos calculados
2026-04-19 19:24:19 | INFO     | src.valuation.auto_dcf — [CSAN3] valuation carregado do cache
2026-04-19 19:24:19 | INFO     | __main__ — [VALE3] iniciando análise completa...
2026-04-19 19:24:19 | INFO     | src.analysis.metrics_engine — [VALE3] 2019: métricas carregadas do cache
2026-04-19 19:24:19 | INFO     | src.analysis.metrics_engine — [VALE3] 2020: métricas carregadas do cache
2026-04-19 19:24:19 | INFO     | src.analysis.metrics_engine — [VALE3] 2021: métricas carregadas do cache
2026-04-19 19:24:19 | INFO     | src.analysis.metrics_engine — [VALE3] 2022: métricas carregadas do cache
2026-04-19 19:24:19 | INFO     | src.analysis.metrics_engine — [VALE3] 2023: métricas carregadas do cache
2026-04-19 19:24:19 | INFO     | src.analysis.metrics_engine — [VALE3] 2024: métricas carregadas do cache
2026-04-19 19:24:19 | INFO     | src.analysis.metrics_engine — [VALE3] 2025: métricas carregadas do cache
2026-04-19 19:24:19 | SUCCESS  | src.analysis.metrics_engine — [VALE3] 7 períodos calculados
2026-04-19 19:24:19 | INFO     | src.valuation.auto_dcf — [VALE3] valuation carregado do cache
2026-04-19 19:24:19 | INFO     | __main__ — [CMIN3] iniciando análise completa...
2026-04-19 19:24:19 | INFO     | src.analysis.metrics_engine — [CMIN3] 2019: métricas carregadas do cache
2026-04-19 19:24:19 | INFO     | src.analysis.metrics_engine — [CMIN3] 2020: métricas carregadas do cache
2026-04-19 19:24:19 | INFO     | src.analysis.metrics_engine — [CMIN3] 2021: métricas carregadas do cache
2026-04-19 19:24:19 | INFO     | src.analysis.metrics_engine — [CMIN3] 2022: métricas carregadas do cache
2026-04-19 19:24:19 | INFO     | src.analysis.metrics_engine — [CMIN3] 2023: métricas carregadas do cache
2026-04-19 19:24:19 | INFO     | src.analysis.metrics_engine — [CMIN3] 2024: métricas carregadas do cache
2026-04-19 19:24:19 | INFO     | src.analysis.metrics_engine — [CMIN3] 2025: métricas carregadas do cache
2026-04-19 19:24:19 | SUCCESS  | src.analysis.metrics_engine — [CMIN3] 7 períodos calculados
2026-04-19 19:24:19 | INFO     | src.valuation.auto_dcf — [CMIN3] valuation carregado do cache
2026-04-19 19:24:19 | INFO     | __main__ — [GGBR4] iniciando análise completa...
2026-04-19 19:24:19 | INFO     | src.analysis.metrics_engine — [GGBR4] 2019: métricas carregadas do cache
2026-04-19 19:24:19 | INFO     | src.analysis.metrics_engine — [GGBR4] 2020: métricas carregadas do cache
2026-04-19 19:24:19 | INFO     | src.analysis.metrics_engine — [GGBR4] 2021: métricas carregadas do cache
2026-04-19 19:24:19 | INFO     | src.analysis.metrics_engine — [GGBR4] 2022: métricas carregadas do cache
2026-04-19 19:24:19 | INFO     | src.analysis.metrics_engine — [GGBR4] 2023: métricas carregadas do cache
2026-04-19 19:24:19 | INFO     | src.analysis.metrics_engine — [GGBR4] 2024: métricas carregadas do cache
2026-04-19 19:24:19 | INFO     | src.analysis.metrics_engine — [GGBR4] 2025: métricas carregadas do cache
2026-04-19 19:24:19 | SUCCESS  | src.analysis.metrics_engine — [GGBR4] 7 períodos calculados
2026-04-19 19:24:19 | INFO     | src.valuation.auto_dcf — [GGBR4] valuation carregado do cache
2026-04-19 19:24:19 | INFO     | __main__ — [GOAU4] iniciando análise completa...
2026-04-19 19:24:19 | INFO     | src.analysis.metrics_engine — [GOAU4] 2019: métricas carregadas do cache
2026-04-19 19:24:19 | INFO     | src.analysis.metrics_engine — [GOAU4] 2020: métricas carregadas do cache
2026-04-19 19:24:19 | INFO     | src.analysis.metrics_engine — [GOAU4] 2021: métricas carregadas do cache
2026-04-19 19:24:19 | INFO     | src.analysis.metrics_engine — [GOAU4] 2022: métricas carregadas do cache
2026-04-19 19:24:19 | INFO     | src.analysis.metrics_engine — [GOAU4] 2023: métricas carregadas do cache
2026-04-19 19:24:19 | INFO     | src.analysis.metrics_engine — [GOAU4] 2024: métricas carregadas do cache
2026-04-19 19:24:19 | INFO     | src.analysis.metrics_engine — [GOAU4] 2025: métricas carregadas do cache
2026-04-19 19:24:19 | SUCCESS  | src.analysis.metrics_engine — [GOAU4] 7 períodos calculados
2026-04-19 19:24:19 | INFO     | src.valuation.auto_dcf — [GOAU4] valuation carregado do cache
2026-04-19 19:24:19 | INFO     | __main__ — [CSNA3] iniciando análise completa...
2026-04-19 19:24:19 | INFO     | src.analysis.metrics_engine — [CSNA3] 2019: métricas carregadas do cache
2026-04-19 19:24:19 | INFO     | src.analysis.metrics_engine — [CSNA3] 2020: métricas carregadas do cache
2026-04-19 19:24:19 | INFO     | src.analysis.metrics_engine — [CSNA3] 2021: métricas carregadas do cache
2026-04-19 19:24:19 | INFO     | src.analysis.metrics_engine — [CSNA3] 2022: métricas carregadas do cache
2026-04-19 19:24:19 | INFO     | src.analysis.metrics_engine — [CSNA3] 2023: métricas carregadas do cache
2026-04-19 19:24:19 | INFO     | src.analysis.metrics_engine — [CSNA3] 2024: métricas carregadas do cache
2026-04-19 19:24:19 | INFO     | src.analysis.metrics_engine — [CSNA3] 2025: métricas carregadas do cache
2026-04-19 19:24:19 | SUCCESS  | src.analysis.metrics_engine — [CSNA3] 7 períodos calculados
2026-04-19 19:24:19 | INFO     | src.valuation.auto_dcf — [CSNA3] valuation carregado do cache
2026-04-19 19:24:19 | INFO     | __main__ — [USIM5] iniciando análise completa...
2026-04-19 19:24:19 | INFO     | src.analysis.metrics_engine — [USIM5] 2019: métricas carregadas do cache
2026-04-19 19:24:19 | INFO     | src.analysis.metrics_engine — [USIM5] 2020: métricas carregadas do cache
2026-04-19 19:24:19 | INFO     | src.analysis.metrics_engine — [USIM5] 2021: métricas carregadas do cache
2026-04-19 19:24:19 | INFO     | src.analysis.metrics_engine — [USIM5] 2022: métricas carregadas do cache
2026-04-19 19:24:19 | INFO     | src.analysis.metrics_engine — [USIM5] 2023: métricas carregadas do cache
2026-04-19 19:24:19 | INFO     | src.analysis.metrics_engine — [USIM5] 2024: métricas carregadas do cache
2026-04-19 19:24:19 | INFO     | src.analysis.metrics_engine — [USIM5] 2025: métricas carregadas do cache
2026-04-19 19:24:19 | SUCCESS  | src.analysis.metrics_engine — [USIM5] 7 períodos calculados
2026-04-19 19:24:19 | INFO     | src.valuation.auto_dcf — [USIM5] valuation carregado do cache
2026-04-19 19:24:19 | INFO     | __main__ — [BRKM5] iniciando análise completa...
2026-04-19 19:24:19 | INFO     | src.analysis.metrics_engine — [BRKM5] 2019: métricas carregadas do cache
2026-04-19 19:24:19 | INFO     | src.analysis.metrics_engine — [BRKM5] 2020: métricas carregadas do cache
2026-04-19 19:24:19 | INFO     | src.analysis.metrics_engine — [BRKM5] 2021: métricas carregadas do cache
2026-04-19 19:24:19 | INFO     | src.analysis.metrics_engine — [BRKM5] 2022: métricas carregadas do cache
2026-04-19 19:24:19 | INFO     | src.analysis.metrics_engine — [BRKM5] 2023: métricas carregadas do cache
2026-04-19 19:24:19 | INFO     | src.analysis.metrics_engine — [BRKM5] 2024: métricas carregadas do cache
2026-04-19 19:24:19 | INFO     | src.analysis.metrics_engine — [BRKM5] 2025: métricas carregadas do cache
2026-04-19 19:24:19 | SUCCESS  | src.analysis.metrics_engine — [BRKM5] 7 períodos calculados
2026-04-19 19:24:19 | INFO     | src.valuation.auto_dcf — [BRKM5] valuation carregado do cache
2026-04-19 19:24:19 | INFO     | __main__ — [ELET3] iniciando análise completa...
2026-04-19 19:24:19 | INFO     | src.analysis.metrics_engine — [ELET3] 2019: métricas carregadas do cache
2026-04-19 19:24:19 | INFO     | src.analysis.metrics_engine — [ELET3] 2020: métricas carregadas do cache
2026-04-19 19:24:19 | INFO     | src.analysis.metrics_engine — [ELET3] 2021: métricas carregadas do cache
2026-04-19 19:24:19 | INFO     | src.analysis.metrics_engine — [ELET3] 2022: métricas carregadas do cache
2026-04-19 19:24:19 | INFO     | src.analysis.metrics_engine — [ELET3] 2023: métricas carregadas do cache
2026-04-19 19:24:19 | INFO     | src.analysis.metrics_engine — [ELET3] 2024: métricas carregadas do cache
2026-04-19 19:24:19 | INFO     | src.analysis.metrics_engine — [ELET3] 2025: métricas carregadas do cache
2026-04-19 19:24:19 | SUCCESS  | src.analysis.metrics_engine — [ELET3] 7 períodos calculados
2026-04-19 19:24:19 | INFO     | src.valuation.auto_dcf — [ELET3] valuation carregado do cache
2026-04-19 19:24:19 | INFO     | __main__ — [CMIG4] iniciando análise completa...
2026-04-19 19:24:19 | INFO     | src.analysis.metrics_engine — [CMIG4] 2019: métricas carregadas do cache
2026-04-19 19:24:19 | INFO     | src.analysis.metrics_engine — [CMIG4] 2020: métricas carregadas do cache
2026-04-19 19:24:19 | INFO     | src.analysis.metrics_engine — [CMIG4] 2021: métricas carregadas do cache
2026-04-19 19:24:19 | INFO     | src.analysis.metrics_engine — [CMIG4] 2022: métricas carregadas do cache
2026-04-19 19:24:19 | INFO     | src.analysis.metrics_engine — [CMIG4] 2023: métricas carregadas do cache
2026-04-19 19:24:19 | INFO     | src.analysis.metrics_engine — [CMIG4] 2024: métricas carregadas do cache
2026-04-19 19:24:19 | INFO     | src.analysis.metrics_engine — [CMIG4] 2025: métricas carregadas do cache
2026-04-19 19:24:19 | SUCCESS  | src.analysis.metrics_engine — [CMIG4] 7 períodos calculados
2026-04-19 19:24:19 | INFO     | src.valuation.auto_dcf — [CMIG4] valuation carregado do cache
2026-04-19 19:24:19 | INFO     | __main__ — [CPFE3] iniciando análise completa...
2026-04-19 19:24:19 | INFO     | src.analysis.metrics_engine — [CPFE3] 2019: métricas carregadas do cache
2026-04-19 19:24:19 | INFO     | src.analysis.metrics_engine — [CPFE3] 2020: métricas carregadas do cache
2026-04-19 19:24:19 | INFO     | src.analysis.metrics_engine — [CPFE3] 2021: métricas carregadas do cache
2026-04-19 19:24:19 | INFO     | src.analysis.metrics_engine — [CPFE3] 2022: métricas carregadas do cache
2026-04-19 19:24:19 | INFO     | src.analysis.metrics_engine — [CPFE3] 2023: métricas carregadas do cache
2026-04-19 19:24:19 | INFO     | src.analysis.metrics_engine — [CPFE3] 2024: métricas carregadas do cache
2026-04-19 19:24:19 | INFO     | src.analysis.metrics_engine — [CPFE3] 2025: métricas carregadas do cache
2026-04-19 19:24:19 | SUCCESS  | src.analysis.metrics_engine — [CPFE3] 7 períodos calculados
2026-04-19 19:24:19 | INFO     | src.valuation.auto_dcf — [CPFE3] valuation carregado do cache
2026-04-19 19:24:19 | INFO     | __main__ — [CPLE6] iniciando análise completa...
2026-04-19 19:24:19 | INFO     | src.analysis.metrics_engine — [CPLE6] 2019: métricas carregadas do cache
2026-04-19 19:24:19 | INFO     | src.analysis.metrics_engine — [CPLE6] 2020: métricas carregadas do cache
2026-04-19 19:24:19 | INFO     | src.analysis.metrics_engine — [CPLE6] 2021: métricas carregadas do cache
2026-04-19 19:24:19 | INFO     | src.analysis.metrics_engine — [CPLE6] 2022: métricas carregadas do cache
2026-04-19 19:24:19 | INFO     | src.analysis.metrics_engine — [CPLE6] 2023: métricas carregadas do cache
2026-04-19 19:24:19 | INFO     | src.analysis.metrics_engine — [CPLE6] 2024: métricas carregadas do cache
2026-04-19 19:24:19 | INFO     | src.analysis.metrics_engine — [CPLE6] 2025: métricas carregadas do cache
2026-04-19 19:24:19 | SUCCESS  | src.analysis.metrics_engine — [CPLE6] 7 períodos calculados
2026-04-19 19:24:19 | INFO     | src.valuation.auto_dcf — [CPLE6] valuation carregado do cache
2026-04-19 19:24:19 | INFO     | __main__ — [EGIE3] iniciando análise completa...
2026-04-19 19:24:19 | INFO     | src.analysis.metrics_engine — [EGIE3] 2019: métricas carregadas do cache
2026-04-19 19:24:19 | INFO     | src.analysis.metrics_engine — [EGIE3] 2020: métricas carregadas do cache
2026-04-19 19:24:19 | INFO     | src.analysis.metrics_engine — [EGIE3] 2021: métricas carregadas do cache
2026-04-19 19:24:19 | INFO     | src.analysis.metrics_engine — [EGIE3] 2022: métricas carregadas do cache
2026-04-19 19:24:19 | INFO     | src.analysis.metrics_engine — [EGIE3] 2023: métricas carregadas do cache
2026-04-19 19:24:19 | INFO     | src.analysis.metrics_engine — [EGIE3] 2024: métricas carregadas do cache
2026-04-19 19:24:19 | INFO     | src.analysis.metrics_engine — [EGIE3] 2025: métricas carregadas do cache
2026-04-19 19:24:19 | SUCCESS  | src.analysis.metrics_engine — [EGIE3] 7 períodos calculados
2026-04-19 19:24:19 | INFO     | src.valuation.auto_dcf — [EGIE3] valuation carregado do cache
2026-04-19 19:24:19 | INFO     | __main__ — [ENGI11] iniciando análise completa...
2026-04-19 19:24:19 | INFO     | src.analysis.metrics_engine — [ENGI11] 2019: métricas carregadas do cache
2026-04-19 19:24:19 | INFO     | src.analysis.metrics_engine — [ENGI11] 2020: métricas carregadas do cache
2026-04-19 19:24:19 | INFO     | src.analysis.metrics_engine — [ENGI11] 2021: métricas carregadas do cache
2026-04-19 19:24:19 | INFO     | src.analysis.metrics_engine — [ENGI11] 2022: métricas carregadas do cache
2026-04-19 19:24:19 | INFO     | src.analysis.metrics_engine — [ENGI11] 2023: métricas carregadas do cache
2026-04-19 19:24:19 | INFO     | src.analysis.metrics_engine — [ENGI11] 2024: métricas carregadas do cache
2026-04-19 19:24:19 | INFO     | src.analysis.metrics_engine — [ENGI11] 2025: métricas carregadas do cache
2026-04-19 19:24:19 | SUCCESS  | src.analysis.metrics_engine — [ENGI11] 7 períodos calculados
2026-04-19 19:24:19 | INFO     | src.valuation.auto_dcf — [ENGI11] valuation carregado do cache
2026-04-19 19:24:19 | INFO     | __main__ — [EQTL3] iniciando análise completa...
2026-04-19 19:24:19 | INFO     | src.analysis.metrics_engine — [EQTL3] 2024: métricas carregadas do cache
2026-04-19 19:24:19 | SUCCESS  | src.analysis.metrics_engine — [EQTL3] 1 períodos calculados
2026-04-19 19:24:19 | INFO     | src.valuation.auto_dcf — [EQTL3] valuation carregado do cache
2026-04-19 19:24:19 | INFO     | __main__ — [AURE3] iniciando análise completa...
2026-04-19 19:24:19 | INFO     | src.analysis.metrics_engine — [AURE3] 2021: métricas carregadas do cache
2026-04-19 19:24:19 | INFO     | src.analysis.metrics_engine — [AURE3] 2022: métricas carregadas do cache
2026-04-19 19:24:19 | INFO     | src.analysis.metrics_engine — [AURE3] 2023: métricas carregadas do cache
2026-04-19 19:24:19 | INFO     | src.analysis.metrics_engine — [AURE3] 2024: métricas carregadas do cache
2026-04-19 19:24:19 | INFO     | src.analysis.metrics_engine — [AURE3] 2025: métricas carregadas do cache
2026-04-19 19:24:19 | SUCCESS  | src.analysis.metrics_engine — [AURE3] 5 períodos calculados
2026-04-19 19:24:19 | INFO     | src.valuation.auto_dcf — [AURE3] valuation carregado do cache
2026-04-19 19:24:19 | INFO     | __main__ — [ISAE4] iniciando análise completa...
2026-04-19 19:24:19 | INFO     | src.analysis.metrics_engine — [ISAE4] 2019: métricas carregadas do cache
2026-04-19 19:24:19 | INFO     | src.analysis.metrics_engine — [ISAE4] 2020: métricas carregadas do cache
2026-04-19 19:24:19 | INFO     | src.analysis.metrics_engine — [ISAE4] 2021: métricas carregadas do cache
2026-04-19 19:24:19 | INFO     | src.analysis.metrics_engine — [ISAE4] 2022: métricas carregadas do cache
2026-04-19 19:24:19 | INFO     | src.analysis.metrics_engine — [ISAE4] 2023: métricas carregadas do cache
2026-04-19 19:24:19 | INFO     | src.analysis.metrics_engine — [ISAE4] 2024: métricas carregadas do cache
2026-04-19 19:24:19 | INFO     | src.analysis.metrics_engine — [ISAE4] 2025: métricas carregadas do cache
2026-04-19 19:24:19 | SUCCESS  | src.analysis.metrics_engine — [ISAE4] 7 períodos calculados
2026-04-19 19:24:19 | INFO     | src.valuation.auto_dcf — [ISAE4] valuation carregado do cache
2026-04-19 19:24:19 | INFO     | __main__ — [TAEE11] iniciando análise completa...
2026-04-19 19:24:19 | INFO     | src.analysis.metrics_engine — [TAEE11] 2019: métricas carregadas do cache
2026-04-19 19:24:19 | INFO     | src.analysis.metrics_engine — [TAEE11] 2020: métricas carregadas do cache
2026-04-19 19:24:19 | INFO     | src.analysis.metrics_engine — [TAEE11] 2021: métricas carregadas do cache
2026-04-19 19:24:19 | INFO     | src.analysis.metrics_engine — [TAEE11] 2022: métricas carregadas do cache
2026-04-19 19:24:19 | INFO     | src.analysis.metrics_engine — [TAEE11] 2023: métricas carregadas do cache
2026-04-19 19:24:19 | INFO     | src.analysis.metrics_engine — [TAEE11] 2024: métricas carregadas do cache
2026-04-19 19:24:19 | INFO     | src.analysis.metrics_engine — [TAEE11] 2025: métricas carregadas do cache
2026-04-19 19:24:19 | SUCCESS  | src.analysis.metrics_engine — [TAEE11] 7 períodos calculados
2026-04-19 19:24:19 | INFO     | src.valuation.auto_dcf — [TAEE11] valuation carregado do cache
2026-04-19 19:24:19 | INFO     | __main__ — [SBSP3] iniciando análise completa...
2026-04-19 19:24:19 | INFO     | src.analysis.metrics_engine — [SBSP3] 2023: métricas carregadas do cache
2026-04-19 19:24:19 | INFO     | src.analysis.metrics_engine — [SBSP3] 2024: métricas carregadas do cache
2026-04-19 19:24:19 | INFO     | src.analysis.metrics_engine — [SBSP3] 2025: métricas carregadas do cache
2026-04-19 19:24:19 | SUCCESS  | src.analysis.metrics_engine — [SBSP3] 3 períodos calculados
2026-04-19 19:24:19 | INFO     | src.valuation.auto_dcf — [SBSP3] valuation carregado do cache
2026-04-19 19:24:19 | INFO     | __main__ — [VIVT3] iniciando análise completa...
2026-04-19 19:24:19 | INFO     | src.analysis.metrics_engine — [VIVT3] 2019: métricas carregadas do cache
2026-04-19 19:24:19 | INFO     | src.analysis.metrics_engine — [VIVT3] 2020: métricas carregadas do cache
2026-04-19 19:24:19 | INFO     | src.analysis.metrics_engine — [VIVT3] 2021: métricas carregadas do cache
2026-04-19 19:24:19 | INFO     | src.analysis.metrics_engine — [VIVT3] 2022: métricas carregadas do cache
2026-04-19 19:24:19 | INFO     | src.analysis.metrics_engine — [VIVT3] 2023: métricas carregadas do cache
2026-04-19 19:24:19 | INFO     | src.analysis.metrics_engine — [VIVT3] 2024: métricas carregadas do cache
2026-04-19 19:24:19 | INFO     | src.analysis.metrics_engine — [VIVT3] 2025: métricas carregadas do cache
2026-04-19 19:24:19 | SUCCESS  | src.analysis.metrics_engine — [VIVT3] 7 períodos calculados
2026-04-19 19:24:19 | INFO     | src.valuation.auto_dcf — [VIVT3] valuation carregado do cache
2026-04-19 19:24:19 | INFO     | __main__ — [TIMS3] iniciando análise completa...
2026-04-19 19:24:19 | INFO     | src.analysis.metrics_engine — [TIMS3] 2020: métricas carregadas do cache
2026-04-19 19:24:19 | INFO     | src.analysis.metrics_engine — [TIMS3] 2022: métricas carregadas do cache
2026-04-19 19:24:19 | INFO     | src.analysis.metrics_engine — [TIMS3] 2023: métricas carregadas do cache
2026-04-19 19:24:19 | INFO     | src.analysis.metrics_engine — [TIMS3] 2024: métricas carregadas do cache
2026-04-19 19:24:19 | INFO     | src.analysis.metrics_engine — [TIMS3] 2025: métricas carregadas do cache
2026-04-19 19:24:19 | SUCCESS  | src.analysis.metrics_engine — [TIMS3] 5 períodos calculados
2026-04-19 19:24:19 | INFO     | src.valuation.auto_dcf — [TIMS3] valuation carregado do cache
2026-04-19 19:24:19 | INFO     | __main__ — [WEGE3] iniciando análise completa...
2026-04-19 19:24:19 | INFO     | src.analysis.metrics_engine — [WEGE3] 2019: métricas carregadas do cache
2026-04-19 19:24:19 | INFO     | src.analysis.metrics_engine — [WEGE3] 2020: métricas carregadas do cache
2026-04-19 19:24:19 | INFO     | src.analysis.metrics_engine — [WEGE3] 2021: métricas carregadas do cache
2026-04-19 19:24:19 | INFO     | src.analysis.metrics_engine — [WEGE3] 2022: métricas carregadas do cache
2026-04-19 19:24:19 | INFO     | src.analysis.metrics_engine — [WEGE3] 2023: métricas carregadas do cache
2026-04-19 19:24:19 | INFO     | src.analysis.metrics_engine — [WEGE3] 2024: métricas carregadas do cache
2026-04-19 19:24:19 | INFO     | src.analysis.metrics_engine — [WEGE3] 2025: métricas carregadas do cache
2026-04-19 19:24:19 | SUCCESS  | src.analysis.metrics_engine — [WEGE3] 7 períodos calculados
2026-04-19 19:24:19 | INFO     | src.valuation.auto_dcf — [WEGE3] valuation carregado do cache
2026-04-19 19:24:19 | INFO     | __main__ — [EMBR3] iniciando análise completa...
2026-04-19 19:24:19 | INFO     | src.analysis.metrics_engine — [EMBR3] 2019: métricas carregadas do cache
2026-04-19 19:24:19 | INFO     | src.analysis.metrics_engine — [EMBR3] 2020: métricas carregadas do cache
2026-04-19 19:24:19 | INFO     | src.analysis.metrics_engine — [EMBR3] 2021: métricas carregadas do cache
2026-04-19 19:24:19 | INFO     | src.analysis.metrics_engine — [EMBR3] 2022: métricas carregadas do cache
2026-04-19 19:24:19 | INFO     | src.analysis.metrics_engine — [EMBR3] 2023: métricas carregadas do cache
2026-04-19 19:24:19 | INFO     | src.analysis.metrics_engine — [EMBR3] 2024: métricas carregadas do cache
2026-04-19 19:24:19 | INFO     | src.analysis.metrics_engine — [EMBR3] 2025: métricas carregadas do cache
2026-04-19 19:24:19 | SUCCESS  | src.analysis.metrics_engine — [EMBR3] 7 períodos calculados
2026-04-19 19:24:19 | INFO     | src.valuation.auto_dcf — [EMBR3] valuation carregado do cache
2026-04-19 19:24:19 | INFO     | __main__ — [POMO4] iniciando análise completa...
2026-04-19 19:24:19 | INFO     | src.analysis.metrics_engine — [POMO4] 2019: métricas carregadas do cache
2026-04-19 19:24:19 | INFO     | src.analysis.metrics_engine — [POMO4] 2020: métricas carregadas do cache
2026-04-19 19:24:19 | INFO     | src.analysis.metrics_engine — [POMO4] 2021: métricas carregadas do cache
2026-04-19 19:24:19 | INFO     | src.analysis.metrics_engine — [POMO4] 2022: métricas carregadas do cache
2026-04-19 19:24:19 | INFO     | src.analysis.metrics_engine — [POMO4] 2023: métricas carregadas do cache
2026-04-19 19:24:19 | INFO     | src.analysis.metrics_engine — [POMO4] 2024: métricas carregadas do cache
2026-04-19 19:24:19 | INFO     | src.analysis.metrics_engine — [POMO4] 2025: métricas carregadas do cache
2026-04-19 19:24:19 | SUCCESS  | src.analysis.metrics_engine — [POMO4] 7 períodos calculados
2026-04-19 19:24:19 | INFO     | src.valuation.auto_dcf — [POMO4] valuation carregado do cache
2026-04-19 19:24:19 | INFO     | __main__ — [STBP3] iniciando análise completa...
2026-04-19 19:24:19 | INFO     | src.analysis.metrics_engine — [STBP3] 2019: métricas carregadas do cache
2026-04-19 19:24:19 | INFO     | src.analysis.metrics_engine — [STBP3] 2020: métricas carregadas do cache
2026-04-19 19:24:19 | INFO     | src.analysis.metrics_engine — [STBP3] 2021: métricas carregadas do cache
2026-04-19 19:24:19 | INFO     | src.analysis.metrics_engine — [STBP3] 2022: métricas carregadas do cache
2026-04-19 19:24:19 | INFO     | src.analysis.metrics_engine — [STBP3] 2023: métricas carregadas do cache
2026-04-19 19:24:19 | INFO     | src.analysis.metrics_engine — [STBP3] 2024: métricas carregadas do cache
2026-04-19 19:24:19 | INFO     | src.analysis.metrics_engine — [STBP3] 2025: métricas carregadas do cache
2026-04-19 19:24:19 | SUCCESS  | src.analysis.metrics_engine — [STBP3] 7 períodos calculados
2026-04-19 19:24:19 | INFO     | src.valuation.auto_dcf — [STBP3] valuation carregado do cache
2026-04-19 19:24:19 | INFO     | __main__ — [CCRO3] iniciando análise completa...
2026-04-19 19:24:19 | INFO     | src.analysis.metrics_engine — [CCRO3] 2019: métricas carregadas do cache
2026-04-19 19:24:19 | INFO     | src.analysis.metrics_engine — [CCRO3] 2020: métricas carregadas do cache
2026-04-19 19:24:19 | INFO     | src.analysis.metrics_engine — [CCRO3] 2021: métricas carregadas do cache
2026-04-19 19:24:19 | INFO     | src.analysis.metrics_engine — [CCRO3] 2022: métricas carregadas do cache
2026-04-19 19:24:19 | INFO     | src.analysis.metrics_engine — [CCRO3] 2023: métricas carregadas do cache
2026-04-19 19:24:19 | INFO     | src.analysis.metrics_engine — [CCRO3] 2024: métricas carregadas do cache
2026-04-19 19:24:19 | INFO     | src.analysis.metrics_engine — [CCRO3] 2025: métricas carregadas do cache
2026-04-19 19:24:19 | SUCCESS  | src.analysis.metrics_engine — [CCRO3] 7 períodos calculados
2026-04-19 19:24:19 | INFO     | src.valuation.auto_dcf — [CCRO3] valuation carregado do cache
2026-04-19 19:24:19 | INFO     | __main__ — [RAIL3] iniciando análise completa...
2026-04-19 19:24:19 | INFO     | src.analysis.metrics_engine — [RAIL3] 2019: métricas carregadas do cache
2026-04-19 19:24:19 | INFO     | src.analysis.metrics_engine — [RAIL3] 2020: métricas carregadas do cache
2026-04-19 19:24:19 | INFO     | src.analysis.metrics_engine — [RAIL3] 2021: métricas carregadas do cache
2026-04-19 19:24:19 | INFO     | src.analysis.metrics_engine — [RAIL3] 2022: métricas carregadas do cache
2026-04-19 19:24:19 | INFO     | src.analysis.metrics_engine — [RAIL3] 2023: métricas carregadas do cache
2026-04-19 19:24:19 | INFO     | src.analysis.metrics_engine — [RAIL3] 2024: métricas carregadas do cache
2026-04-19 19:24:19 | INFO     | src.analysis.metrics_engine — [RAIL3] 2025: métricas carregadas do cache
2026-04-19 19:24:19 | SUCCESS  | src.analysis.metrics_engine — [RAIL3] 7 períodos calculados
2026-04-19 19:24:19 | INFO     | src.valuation.auto_dcf — [RAIL3] valuation carregado do cache
2026-04-19 19:24:19 | INFO     | __main__ — [UGPA3] iniciando análise completa...
2026-04-19 19:24:19 | INFO     | src.analysis.metrics_engine — [UGPA3] 2019: métricas carregadas do cache
2026-04-19 19:24:19 | INFO     | src.analysis.metrics_engine — [UGPA3] 2020: métricas carregadas do cache
2026-04-19 19:24:19 | INFO     | src.analysis.metrics_engine — [UGPA3] 2021: métricas carregadas do cache
2026-04-19 19:24:19 | INFO     | src.analysis.metrics_engine — [UGPA3] 2022: métricas carregadas do cache
2026-04-19 19:24:19 | INFO     | src.analysis.metrics_engine — [UGPA3] 2023: métricas carregadas do cache
2026-04-19 19:24:19 | INFO     | src.analysis.metrics_engine — [UGPA3] 2024: métricas carregadas do cache
2026-04-19 19:24:19 | INFO     | src.analysis.metrics_engine — [UGPA3] 2025: métricas carregadas do cache
2026-04-19 19:24:19 | SUCCESS  | src.analysis.metrics_engine — [UGPA3] 7 períodos calculados
2026-04-19 19:24:19 | INFO     | src.valuation.auto_dcf — [UGPA3] valuation carregado do cache
2026-04-19 19:24:19 | INFO     | __main__ — [SUZB3] iniciando análise completa...
2026-04-19 19:24:19 | INFO     | src.analysis.metrics_engine — [SUZB3] 2019: métricas carregadas do cache
2026-04-19 19:24:19 | INFO     | src.analysis.metrics_engine — [SUZB3] 2020: métricas carregadas do cache
2026-04-19 19:24:19 | INFO     | src.analysis.metrics_engine — [SUZB3] 2021: métricas carregadas do cache
2026-04-19 19:24:19 | INFO     | src.analysis.metrics_engine — [SUZB3] 2022: métricas carregadas do cache
2026-04-19 19:24:19 | INFO     | src.analysis.metrics_engine — [SUZB3] 2023: métricas carregadas do cache
2026-04-19 19:24:19 | INFO     | src.analysis.metrics_engine — [SUZB3] 2024: métricas carregadas do cache
2026-04-19 19:24:19 | INFO     | src.analysis.metrics_engine — [SUZB3] 2025: métricas carregadas do cache
2026-04-19 19:24:19 | SUCCESS  | src.analysis.metrics_engine — [SUZB3] 7 períodos calculados
2026-04-19 19:24:19 | INFO     | src.valuation.auto_dcf — [SUZB3] valuation carregado do cache
2026-04-19 19:24:19 | INFO     | __main__ — [KLBN11] iniciando análise completa...
2026-04-19 19:24:19 | INFO     | src.analysis.metrics_engine — [KLBN11] 2019: métricas carregadas do cache
2026-04-19 19:24:19 | INFO     | src.analysis.metrics_engine — [KLBN11] 2020: métricas carregadas do cache
2026-04-19 19:24:19 | INFO     | src.analysis.metrics_engine — [KLBN11] 2021: métricas carregadas do cache
2026-04-19 19:24:19 | INFO     | src.analysis.metrics_engine — [KLBN11] 2022: métricas carregadas do cache
2026-04-19 19:24:19 | INFO     | src.analysis.metrics_engine — [KLBN11] 2023: métricas carregadas do cache
2026-04-19 19:24:19 | INFO     | src.analysis.metrics_engine — [KLBN11] 2024: métricas carregadas do cache
2026-04-19 19:24:19 | INFO     | src.analysis.metrics_engine — [KLBN11] 2025: métricas carregadas do cache
2026-04-19 19:24:19 | SUCCESS  | src.analysis.metrics_engine — [KLBN11] 7 períodos calculados
2026-04-19 19:24:19 | INFO     | src.valuation.auto_dcf — [KLBN11] valuation carregado do cache
2026-04-19 19:24:19 | INFO     | __main__ — [ABEV3] iniciando análise completa...
2026-04-19 19:24:19 | INFO     | src.analysis.metrics_engine — [ABEV3] 2019: métricas carregadas do cache
2026-04-19 19:24:19 | INFO     | src.analysis.metrics_engine — [ABEV3] 2020: métricas carregadas do cache
2026-04-19 19:24:19 | INFO     | src.analysis.metrics_engine — [ABEV3] 2021: métricas carregadas do cache
2026-04-19 19:24:19 | INFO     | src.analysis.metrics_engine — [ABEV3] 2022: métricas carregadas do cache
2026-04-19 19:24:19 | INFO     | src.analysis.metrics_engine — [ABEV3] 2023: métricas carregadas do cache
2026-04-19 19:24:19 | INFO     | src.analysis.metrics_engine — [ABEV3] 2024: métricas carregadas do cache
2026-04-19 19:24:19 | INFO     | src.analysis.metrics_engine — [ABEV3] 2025: métricas carregadas do cache
2026-04-19 19:24:19 | SUCCESS  | src.analysis.metrics_engine — [ABEV3] 7 períodos calculados
2026-04-19 19:24:19 | INFO     | src.valuation.auto_dcf — [ABEV3] valuation carregado do cache
2026-04-19 19:24:19 | INFO     | __main__ — [JBSS3] iniciando análise completa...
2026-04-19 19:24:19 | INFO     | src.analysis.metrics_engine — [JBSS3] 2019: métricas carregadas do cache
2026-04-19 19:24:19 | INFO     | src.analysis.metrics_engine — [JBSS3] 2020: métricas carregadas do cache
2026-04-19 19:24:19 | INFO     | src.analysis.metrics_engine — [JBSS3] 2021: métricas carregadas do cache
2026-04-19 19:24:19 | INFO     | src.analysis.metrics_engine — [JBSS3] 2022: métricas carregadas do cache
2026-04-19 19:24:19 | INFO     | src.analysis.metrics_engine — [JBSS3] 2023: métricas carregadas do cache
2026-04-19 19:24:19 | INFO     | src.analysis.metrics_engine — [JBSS3] 2024: métricas carregadas do cache
2026-04-19 19:24:19 | INFO     | src.analysis.metrics_engine — [JBSS3] 2025: métricas carregadas do cache
2026-04-19 19:24:19 | SUCCESS  | src.analysis.metrics_engine — [JBSS3] 7 períodos calculados
2026-04-19 19:24:19 | INFO     | src.valuation.auto_dcf — [JBSS3] valuation carregado do cache
2026-04-19 19:24:19 | INFO     | __main__ — [BRFS3] iniciando análise completa...
2026-04-19 19:24:19 | INFO     | src.analysis.metrics_engine — [BRFS3] 2019: métricas carregadas do cache
2026-04-19 19:24:19 | INFO     | src.analysis.metrics_engine — [BRFS3] 2020: métricas carregadas do cache
2026-04-19 19:24:19 | INFO     | src.analysis.metrics_engine — [BRFS3] 2021: métricas carregadas do cache
2026-04-19 19:24:19 | INFO     | src.analysis.metrics_engine — [BRFS3] 2022: métricas carregadas do cache
2026-04-19 19:24:19 | INFO     | src.analysis.metrics_engine — [BRFS3] 2023: métricas carregadas do cache
2026-04-19 19:24:19 | INFO     | src.analysis.metrics_engine — [BRFS3] 2024: métricas carregadas do cache
2026-04-19 19:24:19 | INFO     | src.analysis.metrics_engine — [BRFS3] 2025: métricas carregadas do cache
2026-04-19 19:24:19 | SUCCESS  | src.analysis.metrics_engine — [BRFS3] 7 períodos calculados
2026-04-19 19:24:19 | INFO     | src.valuation.auto_dcf — [BRFS3] valuation carregado do cache
2026-04-19 19:24:19 | INFO     | __main__ — [MRFG3] iniciando análise completa...
2026-04-19 19:24:19 | INFO     | src.analysis.metrics_engine — [MRFG3] 2019: métricas carregadas do cache
2026-04-19 19:24:19 | INFO     | src.analysis.metrics_engine — [MRFG3] 2020: métricas carregadas do cache
2026-04-19 19:24:19 | INFO     | src.analysis.metrics_engine — [MRFG3] 2021: métricas carregadas do cache
2026-04-19 19:24:19 | INFO     | src.analysis.metrics_engine — [MRFG3] 2022: métricas carregadas do cache
2026-04-19 19:24:19 | INFO     | src.analysis.metrics_engine — [MRFG3] 2023: métricas carregadas do cache
2026-04-19 19:24:19 | INFO     | src.analysis.metrics_engine — [MRFG3] 2024: métricas carregadas do cache
2026-04-19 19:24:19 | INFO     | src.analysis.metrics_engine — [MRFG3] 2025: métricas carregadas do cache
2026-04-19 19:24:19 | SUCCESS  | src.analysis.metrics_engine — [MRFG3] 7 períodos calculados
2026-04-19 19:24:19 | INFO     | src.valuation.auto_dcf — [MRFG3] valuation carregado do cache
2026-04-19 19:24:19 | INFO     | __main__ — [BEEF3] iniciando análise completa...
2026-04-19 19:24:19 | INFO     | src.analysis.metrics_engine — [BEEF3] 2019: métricas carregadas do cache
2026-04-19 19:24:19 | INFO     | src.analysis.metrics_engine — [BEEF3] 2020: métricas carregadas do cache
2026-04-19 19:24:19 | INFO     | src.analysis.metrics_engine — [BEEF3] 2021: métricas carregadas do cache
2026-04-19 19:24:19 | INFO     | src.analysis.metrics_engine — [BEEF3] 2022: métricas carregadas do cache
2026-04-19 19:24:19 | INFO     | src.analysis.metrics_engine — [BEEF3] 2023: métricas carregadas do cache
2026-04-19 19:24:19 | INFO     | src.analysis.metrics_engine — [BEEF3] 2024: métricas carregadas do cache
2026-04-19 19:24:19 | INFO     | src.analysis.metrics_engine — [BEEF3] 2025: métricas carregadas do cache
2026-04-19 19:24:19 | SUCCESS  | src.analysis.metrics_engine — [BEEF3] 7 períodos calculados
2026-04-19 19:24:19 | INFO     | src.valuation.auto_dcf — [BEEF3] valuation carregado do cache
2026-04-19 19:24:19 | INFO     | __main__ — [SMTO3] iniciando análise completa...
2026-04-19 19:24:19 | INFO     | src.analysis.metrics_engine — [SMTO3] 2019: métricas carregadas do cache
2026-04-19 19:24:19 | INFO     | src.analysis.metrics_engine — [SMTO3] 2020: métricas carregadas do cache
2026-04-19 19:24:19 | INFO     | src.analysis.metrics_engine — [SMTO3] 2021: métricas carregadas do cache
2026-04-19 19:24:19 | INFO     | src.analysis.metrics_engine — [SMTO3] 2022: métricas carregadas do cache
2026-04-19 19:24:19 | INFO     | src.analysis.metrics_engine — [SMTO3] 2023: métricas carregadas do cache
2026-04-19 19:24:19 | INFO     | src.analysis.metrics_engine — [SMTO3] 2024: métricas carregadas do cache
2026-04-19 19:24:19 | INFO     | src.analysis.metrics_engine — [SMTO3] 2025: métricas carregadas do cache
2026-04-19 19:24:19 | SUCCESS  | src.analysis.metrics_engine — [SMTO3] 7 períodos calculados
2026-04-19 19:24:19 | INFO     | src.valuation.auto_dcf — [SMTO3] valuation carregado do cache
2026-04-19 19:24:19 | INFO     | __main__ — [SLCE3] iniciando análise completa...
2026-04-19 19:24:19 | INFO     | src.analysis.metrics_engine — [SLCE3] 2019: métricas carregadas do cache
2026-04-19 19:24:19 | INFO     | src.analysis.metrics_engine — [SLCE3] 2020: métricas carregadas do cache
2026-04-19 19:24:19 | INFO     | src.analysis.metrics_engine — [SLCE3] 2021: métricas carregadas do cache
2026-04-19 19:24:19 | INFO     | src.analysis.metrics_engine — [SLCE3] 2022: métricas carregadas do cache
2026-04-19 19:24:19 | INFO     | src.analysis.metrics_engine — [SLCE3] 2023: métricas carregadas do cache
2026-04-19 19:24:19 | INFO     | src.analysis.metrics_engine — [SLCE3] 2024: métricas carregadas do cache
2026-04-19 19:24:19 | INFO     | src.analysis.metrics_engine — [SLCE3] 2025: métricas carregadas do cache
2026-04-19 19:24:19 | SUCCESS  | src.analysis.metrics_engine — [SLCE3] 7 períodos calculados
2026-04-19 19:24:19 | INFO     | src.valuation.auto_dcf — [SLCE3] valuation carregado do cache
2026-04-19 19:24:19 | INFO     | __main__ — [LREN3] iniciando análise completa...
2026-04-19 19:24:19 | INFO     | src.analysis.metrics_engine — [LREN3] 2019: métricas carregadas do cache
2026-04-19 19:24:19 | INFO     | src.analysis.metrics_engine — [LREN3] 2020: métricas carregadas do cache
2026-04-19 19:24:19 | INFO     | src.analysis.metrics_engine — [LREN3] 2021: métricas carregadas do cache
2026-04-19 19:24:19 | INFO     | src.analysis.metrics_engine — [LREN3] 2022: métricas carregadas do cache
2026-04-19 19:24:19 | INFO     | src.analysis.metrics_engine — [LREN3] 2023: métricas carregadas do cache
2026-04-19 19:24:19 | INFO     | src.analysis.metrics_engine — [LREN3] 2024: métricas carregadas do cache
2026-04-19 19:24:19 | INFO     | src.analysis.metrics_engine — [LREN3] 2025: métricas carregadas do cache
2026-04-19 19:24:19 | SUCCESS  | src.analysis.metrics_engine — [LREN3] 7 períodos calculados
2026-04-19 19:24:19 | INFO     | src.valuation.auto_dcf — [LREN3] valuation carregado do cache
2026-04-19 19:24:19 | INFO     | __main__ — [MGLU3] iniciando análise completa...
2026-04-19 19:24:19 | INFO     | src.analysis.metrics_engine — [MGLU3] 2019: métricas carregadas do cache
2026-04-19 19:24:19 | INFO     | src.analysis.metrics_engine — [MGLU3] 2020: métricas carregadas do cache
2026-04-19 19:24:19 | INFO     | src.analysis.metrics_engine — [MGLU3] 2021: métricas carregadas do cache
2026-04-19 19:24:19 | INFO     | src.analysis.metrics_engine — [MGLU3] 2022: métricas carregadas do cache
2026-04-19 19:24:19 | INFO     | src.analysis.metrics_engine — [MGLU3] 2023: métricas carregadas do cache
2026-04-19 19:24:19 | INFO     | src.analysis.metrics_engine — [MGLU3] 2024: métricas carregadas do cache
2026-04-19 19:24:19 | INFO     | src.analysis.metrics_engine — [MGLU3] 2025: métricas carregadas do cache
2026-04-19 19:24:19 | SUCCESS  | src.analysis.metrics_engine — [MGLU3] 7 períodos calculados
2026-04-19 19:24:19 | INFO     | src.valuation.auto_dcf — [MGLU3] valuation carregado do cache
2026-04-19 19:24:19 | INFO     | __main__ — [AZZA3] iniciando análise completa...
2026-04-19 19:24:19 | INFO     | src.analysis.metrics_engine — [AZZA3] 2019: métricas carregadas do cache
2026-04-19 19:24:19 | INFO     | src.analysis.metrics_engine — [AZZA3] 2020: métricas carregadas do cache
2026-04-19 19:24:19 | INFO     | src.analysis.metrics_engine — [AZZA3] 2021: métricas carregadas do cache
2026-04-19 19:24:19 | INFO     | src.analysis.metrics_engine — [AZZA3] 2022: métricas carregadas do cache
2026-04-19 19:24:19 | INFO     | src.analysis.metrics_engine — [AZZA3] 2023: métricas carregadas do cache
2026-04-19 19:24:19 | INFO     | src.analysis.metrics_engine — [AZZA3] 2024: métricas carregadas do cache
2026-04-19 19:24:19 | INFO     | src.analysis.metrics_engine — [AZZA3] 2025: métricas carregadas do cache
2026-04-19 19:24:19 | SUCCESS  | src.analysis.metrics_engine — [AZZA3] 7 períodos calculados
2026-04-19 19:24:19 | INFO     | src.valuation.auto_dcf — [AZZA3] valuation carregado do cache
2026-04-19 19:24:19 | INFO     | __main__ — [NTCO3] iniciando análise completa...
2026-04-19 19:24:19 | INFO     | src.analysis.metrics_engine — [NTCO3] 2019: métricas carregadas do cache
2026-04-19 19:24:19 | INFO     | src.analysis.metrics_engine — [NTCO3] 2020: métricas carregadas do cache
2026-04-19 19:24:19 | INFO     | src.analysis.metrics_engine — [NTCO3] 2021: métricas carregadas do cache
2026-04-19 19:24:19 | INFO     | src.analysis.metrics_engine — [NTCO3] 2022: métricas carregadas do cache
2026-04-19 19:24:19 | INFO     | src.analysis.metrics_engine — [NTCO3] 2023: métricas carregadas do cache
2026-04-19 19:24:19 | INFO     | src.analysis.metrics_engine — [NTCO3] 2024: métricas carregadas do cache
2026-04-19 19:24:19 | INFO     | src.analysis.metrics_engine — [NTCO3] 2025: métricas carregadas do cache
2026-04-19 19:24:19 | SUCCESS  | src.analysis.metrics_engine — [NTCO3] 7 períodos calculados
2026-04-19 19:24:19 | INFO     | src.valuation.auto_dcf — [NTCO3] valuation carregado do cache
2026-04-19 19:24:19 | INFO     | __main__ — [CRFB3] iniciando análise completa...
2026-04-19 19:24:19 | INFO     | src.analysis.metrics_engine — [CRFB3] 2019: métricas carregadas do cache
2026-04-19 19:24:19 | INFO     | src.analysis.metrics_engine — [CRFB3] 2020: métricas carregadas do cache
2026-04-19 19:24:19 | INFO     | src.analysis.metrics_engine — [CRFB3] 2021: métricas carregadas do cache
2026-04-19 19:24:19 | INFO     | src.analysis.metrics_engine — [CRFB3] 2022: métricas carregadas do cache
2026-04-19 19:24:19 | INFO     | src.analysis.metrics_engine — [CRFB3] 2023: métricas carregadas do cache
2026-04-19 19:24:19 | INFO     | src.analysis.metrics_engine — [CRFB3] 2024: métricas carregadas do cache
2026-04-19 19:24:19 | SUCCESS  | src.analysis.metrics_engine — [CRFB3] 6 períodos calculados
2026-04-19 19:24:19 | INFO     | src.valuation.auto_dcf — [CRFB3] valuation carregado do cache
2026-04-19 19:24:19 | INFO     | __main__ — [PCAR3] iniciando análise completa...
2026-04-19 19:24:19 | INFO     | src.analysis.metrics_engine — [PCAR3] 2019: métricas carregadas do cache
2026-04-19 19:24:19 | INFO     | src.analysis.metrics_engine — [PCAR3] 2020: métricas carregadas do cache
2026-04-19 19:24:19 | INFO     | src.analysis.metrics_engine — [PCAR3] 2021: métricas carregadas do cache
2026-04-19 19:24:19 | INFO     | src.analysis.metrics_engine — [PCAR3] 2022: métricas carregadas do cache
2026-04-19 19:24:19 | INFO     | src.analysis.metrics_engine — [PCAR3] 2023: métricas carregadas do cache
2026-04-19 19:24:19 | INFO     | src.analysis.metrics_engine — [PCAR3] 2024: métricas carregadas do cache
2026-04-19 19:24:19 | INFO     | src.analysis.metrics_engine — [PCAR3] 2025: métricas carregadas do cache
2026-04-19 19:24:19 | SUCCESS  | src.analysis.metrics_engine — [PCAR3] 7 períodos calculados
2026-04-19 19:24:19 | INFO     | src.valuation.auto_dcf — [PCAR3] valuation carregado do cache
2026-04-19 19:24:19 | INFO     | __main__ — [PETZ3] iniciando análise completa...
2026-04-19 19:24:19 | INFO     | src.analysis.metrics_engine — [PETZ3] 2021: métricas carregadas do cache
2026-04-19 19:24:19 | INFO     | src.analysis.metrics_engine — [PETZ3] 2022: métricas carregadas do cache
2026-04-19 19:24:19 | INFO     | src.analysis.metrics_engine — [PETZ3] 2023: métricas carregadas do cache
2026-04-19 19:24:19 | INFO     | src.analysis.metrics_engine — [PETZ3] 2024: métricas carregadas do cache
2026-04-19 19:24:19 | INFO     | src.analysis.metrics_engine — [PETZ3] 2025: métricas carregadas do cache
2026-04-19 19:24:19 | SUCCESS  | src.analysis.metrics_engine — [PETZ3] 5 períodos calculados
2026-04-19 19:24:19 | INFO     | src.valuation.auto_dcf — [PETZ3] valuation carregado do cache
2026-04-19 19:24:19 | INFO     | __main__ — [VIVA3] iniciando análise completa...
2026-04-19 19:24:19 | INFO     | src.analysis.metrics_engine — [VIVA3] 2019: métricas carregadas do cache
2026-04-19 19:24:19 | INFO     | src.analysis.metrics_engine — [VIVA3] 2020: métricas carregadas do cache
2026-04-19 19:24:19 | INFO     | src.analysis.metrics_engine — [VIVA3] 2021: métricas carregadas do cache
2026-04-19 19:24:19 | INFO     | src.analysis.metrics_engine — [VIVA3] 2022: métricas carregadas do cache
2026-04-19 19:24:19 | INFO     | src.analysis.metrics_engine — [VIVA3] 2023: métricas carregadas do cache
2026-04-19 19:24:19 | INFO     | src.analysis.metrics_engine — [VIVA3] 2024: métricas carregadas do cache
2026-04-19 19:24:19 | INFO     | src.analysis.metrics_engine — [VIVA3] 2025: métricas carregadas do cache
2026-04-19 19:24:19 | SUCCESS  | src.analysis.metrics_engine — [VIVA3] 7 períodos calculados
2026-04-19 19:24:19 | INFO     | src.valuation.auto_dcf — [VIVA3] valuation carregado do cache
2026-04-19 19:24:19 | INFO     | __main__ — [AMOB3] iniciando análise completa...
2026-04-19 19:24:19 | INFO     | src.analysis.metrics_engine — [AMOB3] 2023: métricas carregadas do cache
2026-04-19 19:24:19 | INFO     | src.analysis.metrics_engine — [AMOB3] 2024: métricas carregadas do cache
2026-04-19 19:24:19 | INFO     | src.analysis.metrics_engine — [AMOB3] 2025: métricas carregadas do cache
2026-04-19 19:24:19 | SUCCESS  | src.analysis.metrics_engine — [AMOB3] 3 períodos calculados
2026-04-19 19:24:19 | INFO     | src.valuation.auto_dcf — [AMOB3] valuation carregado do cache
2026-04-19 19:24:19 | INFO     | __main__ — [RDOR3] iniciando análise completa...
2026-04-19 19:24:19 | INFO     | src.analysis.metrics_engine — [RDOR3] 2019: métricas carregadas do cache
2026-04-19 19:24:19 | INFO     | src.analysis.metrics_engine — [RDOR3] 2020: métricas carregadas do cache
2026-04-19 19:24:19 | INFO     | src.analysis.metrics_engine — [RDOR3] 2021: métricas carregadas do cache
2026-04-19 19:24:19 | INFO     | src.analysis.metrics_engine — [RDOR3] 2022: métricas carregadas do cache
2026-04-19 19:24:19 | INFO     | src.analysis.metrics_engine — [RDOR3] 2023: métricas carregadas do cache
2026-04-19 19:24:19 | INFO     | src.analysis.metrics_engine — [RDOR3] 2024: métricas carregadas do cache
2026-04-19 19:24:19 | INFO     | src.analysis.metrics_engine — [RDOR3] 2025: métricas carregadas do cache
2026-04-19 19:24:19 | SUCCESS  | src.analysis.metrics_engine — [RDOR3] 7 períodos calculados
2026-04-19 19:24:19 | INFO     | src.valuation.auto_dcf — [RDOR3] valuation carregado do cache
2026-04-19 19:24:19 | INFO     | __main__ — [HAPV3] iniciando análise completa...
2026-04-19 19:24:19 | INFO     | src.analysis.metrics_engine — [HAPV3] 2019: métricas carregadas do cache
2026-04-19 19:24:19 | INFO     | src.analysis.metrics_engine — [HAPV3] 2020: métricas carregadas do cache
2026-04-19 19:24:19 | INFO     | src.analysis.metrics_engine — [HAPV3] 2021: métricas carregadas do cache
2026-04-19 19:24:19 | INFO     | src.analysis.metrics_engine — [HAPV3] 2022: métricas carregadas do cache
2026-04-19 19:24:19 | INFO     | src.analysis.metrics_engine — [HAPV3] 2023: métricas carregadas do cache
2026-04-19 19:24:19 | INFO     | src.analysis.metrics_engine — [HAPV3] 2024: métricas carregadas do cache
2026-04-19 19:24:19 | INFO     | src.analysis.metrics_engine — [HAPV3] 2025: métricas carregadas do cache
2026-04-19 19:24:19 | SUCCESS  | src.analysis.metrics_engine — [HAPV3] 7 períodos calculados
2026-04-19 19:24:19 | INFO     | src.valuation.auto_dcf — [HAPV3] valuation carregado do cache
2026-04-19 19:24:19 | INFO     | __main__ — [FLRY3] iniciando análise completa...
2026-04-19 19:24:19 | INFO     | src.analysis.metrics_engine — [FLRY3] 2019: métricas carregadas do cache
2026-04-19 19:24:19 | INFO     | src.analysis.metrics_engine — [FLRY3] 2020: métricas carregadas do cache
2026-04-19 19:24:19 | INFO     | src.analysis.metrics_engine — [FLRY3] 2021: métricas carregadas do cache
2026-04-19 19:24:19 | INFO     | src.analysis.metrics_engine — [FLRY3] 2022: métricas carregadas do cache
2026-04-19 19:24:19 | INFO     | src.analysis.metrics_engine — [FLRY3] 2023: métricas carregadas do cache
2026-04-19 19:24:19 | INFO     | src.analysis.metrics_engine — [FLRY3] 2024: métricas carregadas do cache
2026-04-19 19:24:19 | INFO     | src.analysis.metrics_engine — [FLRY3] 2025: métricas carregadas do cache
2026-04-19 19:24:19 | SUCCESS  | src.analysis.metrics_engine — [FLRY3] 7 períodos calculados
2026-04-19 19:24:19 | INFO     | src.valuation.auto_dcf — [FLRY3] valuation carregado do cache
2026-04-19 19:24:19 | INFO     | __main__ — [HYPE3] iniciando análise completa...
2026-04-19 19:24:19 | INFO     | src.analysis.metrics_engine — [HYPE3] 2019: métricas carregadas do cache
2026-04-19 19:24:19 | INFO     | src.analysis.metrics_engine — [HYPE3] 2020: métricas carregadas do cache
2026-04-19 19:24:19 | INFO     | src.analysis.metrics_engine — [HYPE3] 2021: métricas carregadas do cache
2026-04-19 19:24:19 | INFO     | src.analysis.metrics_engine — [HYPE3] 2022: métricas carregadas do cache
2026-04-19 19:24:19 | INFO     | src.analysis.metrics_engine — [HYPE3] 2023: métricas carregadas do cache
2026-04-19 19:24:19 | INFO     | src.analysis.metrics_engine — [HYPE3] 2024: métricas carregadas do cache
2026-04-19 19:24:19 | INFO     | src.analysis.metrics_engine — [HYPE3] 2025: métricas carregadas do cache
2026-04-19 19:24:19 | SUCCESS  | src.analysis.metrics_engine — [HYPE3] 7 períodos calculados
2026-04-19 19:24:19 | INFO     | src.valuation.auto_dcf — [HYPE3] valuation carregado do cache
2026-04-19 19:24:19 | INFO     | __main__ — [RADL3] iniciando análise completa...
2026-04-19 19:24:19 | INFO     | src.analysis.metrics_engine — [RADL3] 2019: métricas carregadas do cache
2026-04-19 19:24:19 | INFO     | src.analysis.metrics_engine — [RADL3] 2020: métricas carregadas do cache
2026-04-19 19:24:19 | INFO     | src.analysis.metrics_engine — [RADL3] 2021: métricas carregadas do cache
2026-04-19 19:24:19 | INFO     | src.analysis.metrics_engine — [RADL3] 2022: métricas carregadas do cache
2026-04-19 19:24:19 | INFO     | src.analysis.metrics_engine — [RADL3] 2023: métricas carregadas do cache
2026-04-19 19:24:19 | INFO     | src.analysis.metrics_engine — [RADL3] 2024: métricas carregadas do cache
2026-04-19 19:24:19 | INFO     | src.analysis.metrics_engine — [RADL3] 2025: métricas carregadas do cache
2026-04-19 19:24:19 | SUCCESS  | src.analysis.metrics_engine — [RADL3] 7 períodos calculados
2026-04-19 19:24:19 | INFO     | src.valuation.auto_dcf — [RADL3] valuation carregado do cache
2026-04-19 19:24:19 | INFO     | __main__ — [MULT3] iniciando análise completa...
2026-04-19 19:24:19 | INFO     | src.analysis.metrics_engine — [MULT3] 2019: métricas carregadas do cache
2026-04-19 19:24:19 | INFO     | src.analysis.metrics_engine — [MULT3] 2020: métricas carregadas do cache
2026-04-19 19:24:19 | INFO     | src.analysis.metrics_engine — [MULT3] 2021: métricas carregadas do cache
2026-04-19 19:24:19 | INFO     | src.analysis.metrics_engine — [MULT3] 2022: métricas carregadas do cache
2026-04-19 19:24:19 | INFO     | src.analysis.metrics_engine — [MULT3] 2023: métricas carregadas do cache
2026-04-19 19:24:19 | INFO     | src.analysis.metrics_engine — [MULT3] 2024: métricas carregadas do cache
2026-04-19 19:24:19 | INFO     | src.analysis.metrics_engine — [MULT3] 2025: métricas carregadas do cache
2026-04-19 19:24:19 | SUCCESS  | src.analysis.metrics_engine — [MULT3] 7 períodos calculados
2026-04-19 19:24:19 | INFO     | src.valuation.auto_dcf — [MULT3] valuation carregado do cache
2026-04-19 19:24:19 | INFO     | __main__ — [CYRE3] iniciando análise completa...
2026-04-19 19:24:19 | INFO     | src.analysis.metrics_engine — [CYRE3] 2019: métricas carregadas do cache
2026-04-19 19:24:19 | INFO     | src.analysis.metrics_engine — [CYRE3] 2020: métricas carregadas do cache
2026-04-19 19:24:19 | INFO     | src.analysis.metrics_engine — [CYRE3] 2021: métricas carregadas do cache
2026-04-19 19:24:19 | INFO     | src.analysis.metrics_engine — [CYRE3] 2022: métricas carregadas do cache
2026-04-19 19:24:19 | INFO     | src.analysis.metrics_engine — [CYRE3] 2023: métricas carregadas do cache
2026-04-19 19:24:19 | INFO     | src.analysis.metrics_engine — [CYRE3] 2024: métricas carregadas do cache
2026-04-19 19:24:19 | INFO     | src.analysis.metrics_engine — [CYRE3] 2025: métricas carregadas do cache
2026-04-19 19:24:19 | SUCCESS  | src.analysis.metrics_engine — [CYRE3] 7 períodos calculados
2026-04-19 19:24:19 | INFO     | src.valuation.auto_dcf — [CYRE3] valuation carregado do cache
2026-04-19 19:24:19 | INFO     | __main__ — [MRVE3] iniciando análise completa...
2026-04-19 19:24:19 | INFO     | src.analysis.metrics_engine — [MRVE3] 2019: métricas carregadas do cache
2026-04-19 19:24:19 | INFO     | src.analysis.metrics_engine — [MRVE3] 2020: métricas carregadas do cache
2026-04-19 19:24:19 | INFO     | src.analysis.metrics_engine — [MRVE3] 2021: métricas carregadas do cache
2026-04-19 19:24:19 | INFO     | src.analysis.metrics_engine — [MRVE3] 2022: métricas carregadas do cache
2026-04-19 19:24:19 | INFO     | src.analysis.metrics_engine — [MRVE3] 2023: métricas carregadas do cache
2026-04-19 19:24:19 | INFO     | src.analysis.metrics_engine — [MRVE3] 2024: métricas carregadas do cache
2026-04-19 19:24:19 | INFO     | src.analysis.metrics_engine — [MRVE3] 2025: métricas carregadas do cache
2026-04-19 19:24:19 | SUCCESS  | src.analysis.metrics_engine — [MRVE3] 7 períodos calculados
2026-04-19 19:24:19 | INFO     | src.valuation.auto_dcf — [MRVE3] valuation carregado do cache
2026-04-19 19:24:19 | INFO     | __main__ — [IGTI11] iniciando análise completa...
2026-04-19 19:24:19 | INFO     | src.analysis.metrics_engine — [IGTI11] 2019: métricas carregadas do cache
2026-04-19 19:24:19 | INFO     | src.analysis.metrics_engine — [IGTI11] 2020: métricas carregadas do cache
2026-04-19 19:24:19 | INFO     | src.analysis.metrics_engine — [IGTI11] 2021: métricas carregadas do cache
2026-04-19 19:24:19 | INFO     | src.analysis.metrics_engine — [IGTI11] 2022: métricas carregadas do cache
2026-04-19 19:24:19 | INFO     | src.analysis.metrics_engine — [IGTI11] 2023: métricas carregadas do cache
2026-04-19 19:24:19 | INFO     | src.analysis.metrics_engine — [IGTI11] 2024: métricas carregadas do cache
2026-04-19 19:24:19 | INFO     | src.analysis.metrics_engine — [IGTI11] 2025: métricas carregadas do cache
2026-04-19 19:24:19 | SUCCESS  | src.analysis.metrics_engine — [IGTI11] 7 períodos calculados
2026-04-19 19:24:19 | INFO     | src.valuation.auto_dcf — [IGTI11] valuation carregado do cache
2026-04-19 19:24:19 | INFO     | __main__ — [ALOS3] iniciando análise completa...
2026-04-19 19:24:19 | INFO     | src.analysis.metrics_engine — [ALOS3] 2019: métricas carregadas do cache
2026-04-19 19:24:19 | INFO     | src.analysis.metrics_engine — [ALOS3] 2020: métricas carregadas do cache
2026-04-19 19:24:19 | INFO     | src.analysis.metrics_engine — [ALOS3] 2021: métricas carregadas do cache
2026-04-19 19:24:19 | INFO     | src.analysis.metrics_engine — [ALOS3] 2022: métricas carregadas do cache
2026-04-19 19:24:19 | INFO     | src.analysis.metrics_engine — [ALOS3] 2023: métricas carregadas do cache
2026-04-19 19:24:19 | INFO     | src.analysis.metrics_engine — [ALOS3] 2024: métricas carregadas do cache
2026-04-19 19:24:19 | INFO     | src.analysis.metrics_engine — [ALOS3] 2025: métricas carregadas do cache
2026-04-19 19:24:19 | SUCCESS  | src.analysis.metrics_engine — [ALOS3] 7 períodos calculados
2026-04-19 19:24:19 | INFO     | src.valuation.auto_dcf — [ALOS3] valuation carregado do cache
2026-04-19 19:24:19 | INFO     | __main__ — [RENT3] iniciando análise completa...
2026-04-19 19:24:19 | INFO     | src.analysis.metrics_engine — [RENT3] 2019: métricas carregadas do cache
2026-04-19 19:24:19 | INFO     | src.analysis.metrics_engine — [RENT3] 2020: métricas carregadas do cache
2026-04-19 19:24:19 | INFO     | src.analysis.metrics_engine — [RENT3] 2021: métricas carregadas do cache
2026-04-19 19:24:19 | INFO     | src.analysis.metrics_engine — [RENT3] 2022: métricas carregadas do cache
2026-04-19 19:24:19 | INFO     | src.analysis.metrics_engine — [RENT3] 2023: métricas carregadas do cache
2026-04-19 19:24:19 | INFO     | src.analysis.metrics_engine — [RENT3] 2024: métricas carregadas do cache
2026-04-19 19:24:19 | INFO     | src.analysis.metrics_engine — [RENT3] 2025: métricas carregadas do cache
2026-04-19 19:24:19 | SUCCESS  | src.analysis.metrics_engine — [RENT3] 7 períodos calculados
2026-04-19 19:24:19 | INFO     | src.valuation.auto_dcf — [RENT3] valuation carregado do cache
2026-04-19 19:24:19 | INFO     | __main__ — [VAMO3] iniciando análise completa...
2026-04-19 19:24:19 | INFO     | src.analysis.metrics_engine — [VAMO3] 2021: métricas carregadas do cache
2026-04-19 19:24:19 | INFO     | src.analysis.metrics_engine — [VAMO3] 2022: métricas carregadas do cache
2026-04-19 19:24:19 | INFO     | src.analysis.metrics_engine — [VAMO3] 2023: métricas carregadas do cache
2026-04-19 19:24:19 | INFO     | src.analysis.metrics_engine — [VAMO3] 2024: métricas carregadas do cache
2026-04-19 19:24:19 | SUCCESS  | src.analysis.metrics_engine — [VAMO3] 4 períodos calculados
2026-04-19 19:24:19 | INFO     | src.valuation.auto_dcf — [VAMO3] valuation carregado do cache
2026-04-19 19:24:19 | INFO     | __main__ — [TOTS3] iniciando análise completa...
2026-04-19 19:24:19 | INFO     | src.analysis.metrics_engine — [TOTS3] 2019: métricas carregadas do cache
2026-04-19 19:24:19 | INFO     | src.analysis.metrics_engine — [TOTS3] 2020: métricas carregadas do cache
2026-04-19 19:24:19 | INFO     | src.analysis.metrics_engine — [TOTS3] 2021: métricas carregadas do cache
2026-04-19 19:24:19 | INFO     | src.analysis.metrics_engine — [TOTS3] 2022: métricas carregadas do cache
2026-04-19 19:24:19 | INFO     | src.analysis.metrics_engine — [TOTS3] 2023: métricas carregadas do cache
2026-04-19 19:24:19 | INFO     | src.analysis.metrics_engine — [TOTS3] 2024: métricas carregadas do cache
2026-04-19 19:24:19 | INFO     | src.analysis.metrics_engine — [TOTS3] 2025: métricas carregadas do cache
2026-04-19 19:24:19 | SUCCESS  | src.analysis.metrics_engine — [TOTS3] 7 períodos calculados
2026-04-19 19:24:19 | INFO     | src.valuation.auto_dcf — [TOTS3] valuation carregado do cache
2026-04-19 19:24:19 | INFO     | __main__ — [LWSA3] iniciando análise completa...
2026-04-19 19:24:19 | INFO     | src.analysis.metrics_engine — [LWSA3] 2019: métricas carregadas do cache
2026-04-19 19:24:19 | INFO     | src.analysis.metrics_engine — [LWSA3] 2020: métricas carregadas do cache
2026-04-19 19:24:19 | INFO     | src.analysis.metrics_engine — [LWSA3] 2021: métricas carregadas do cache
2026-04-19 19:24:19 | INFO     | src.analysis.metrics_engine — [LWSA3] 2022: métricas carregadas do cache
2026-04-19 19:24:19 | INFO     | src.analysis.metrics_engine — [LWSA3] 2023: métricas carregadas do cache
2026-04-19 19:24:19 | INFO     | src.analysis.metrics_engine — [LWSA3] 2024: métricas carregadas do cache
2026-04-19 19:24:19 | INFO     | src.analysis.metrics_engine — [LWSA3] 2025: métricas carregadas do cache
2026-04-19 19:24:19 | SUCCESS  | src.analysis.metrics_engine — [LWSA3] 7 períodos calculados
2026-04-19 19:24:19 | INFO     | src.valuation.auto_dcf — [LWSA3] valuation carregado do cache
2026-04-19 19:24:19 | INFO     | __main__ — [COGN3] iniciando análise completa...
2026-04-19 19:24:19 | INFO     | src.analysis.metrics_engine — [COGN3] 2019: métricas carregadas do cache
2026-04-19 19:24:19 | INFO     | src.analysis.metrics_engine — [COGN3] 2020: métricas carregadas do cache
2026-04-19 19:24:19 | INFO     | src.analysis.metrics_engine — [COGN3] 2021: métricas carregadas do cache
2026-04-19 19:24:19 | INFO     | src.analysis.metrics_engine — [COGN3] 2022: métricas carregadas do cache
2026-04-19 19:24:19 | INFO     | src.analysis.metrics_engine — [COGN3] 2023: métricas carregadas do cache
2026-04-19 19:24:19 | INFO     | src.analysis.metrics_engine — [COGN3] 2024: métricas carregadas do cache
2026-04-19 19:24:19 | INFO     | src.analysis.metrics_engine — [COGN3] 2025: métricas carregadas do cache
2026-04-19 19:24:19 | SUCCESS  | src.analysis.metrics_engine — [COGN3] 7 períodos calculados
2026-04-19 19:24:19 | INFO     | src.valuation.auto_dcf — [COGN3] valuation carregado do cache
2026-04-19 19:24:19 | INFO     | __main__ — [YDUQ3] iniciando análise completa...
2026-04-19 19:24:19 | INFO     | src.analysis.metrics_engine — [YDUQ3] 2019: métricas carregadas do cache
2026-04-19 19:24:19 | INFO     | src.analysis.metrics_engine — [YDUQ3] 2020: métricas carregadas do cache
2026-04-19 19:24:19 | INFO     | src.analysis.metrics_engine — [YDUQ3] 2021: métricas carregadas do cache
2026-04-19 19:24:19 | INFO     | src.analysis.metrics_engine — [YDUQ3] 2022: métricas carregadas do cache
2026-04-19 19:24:19 | INFO     | src.analysis.metrics_engine — [YDUQ3] 2023: métricas carregadas do cache
2026-04-19 19:24:19 | INFO     | src.analysis.metrics_engine — [YDUQ3] 2024: métricas carregadas do cache
2026-04-19 19:24:19 | INFO     | src.analysis.metrics_engine — [YDUQ3] 2025: métricas carregadas do cache
2026-04-19 19:24:19 | SUCCESS  | src.analysis.metrics_engine — [YDUQ3] 7 períodos calculados
2026-04-19 19:24:19 | INFO     | src.valuation.auto_dcf — [YDUQ3] valuation carregado do cache
2026-04-19 19:24:19 | INFO     | __main__ — [AZUL4] iniciando análise completa...
2026-04-19 19:24:19 | INFO     | src.analysis.metrics_engine — [AZUL4] 2019: métricas carregadas do cache
2026-04-19 19:24:19 | INFO     | src.analysis.metrics_engine — [AZUL4] 2020: métricas carregadas do cache
2026-04-19 19:24:19 | INFO     | src.analysis.metrics_engine — [AZUL4] 2021: métricas carregadas do cache
2026-04-19 19:24:19 | INFO     | src.analysis.metrics_engine — [AZUL4] 2022: métricas carregadas do cache
2026-04-19 19:24:19 | INFO     | src.analysis.metrics_engine — [AZUL4] 2023: métricas carregadas do cache
2026-04-19 19:24:19 | INFO     | src.analysis.metrics_engine — [AZUL4] 2024: métricas carregadas do cache
2026-04-19 19:24:19 | INFO     | src.analysis.metrics_engine — [AZUL4] 2025: métricas carregadas do cache
2026-04-19 19:24:19 | SUCCESS  | src.analysis.metrics_engine — [AZUL4] 7 períodos calculados
2026-04-19 19:24:19 | INFO     | src.valuation.auto_dcf — [AZUL4] valuation carregado do cache
2026-04-19 19:24:19 | INFO     | __main__ — [CVCB3] iniciando análise completa...
2026-04-19 19:24:19 | INFO     | src.analysis.metrics_engine — [CVCB3] 2019: métricas carregadas do cache
2026-04-19 19:24:19 | INFO     | src.analysis.metrics_engine — [CVCB3] 2020: métricas carregadas do cache
2026-04-19 19:24:19 | INFO     | src.analysis.metrics_engine — [CVCB3] 2021: métricas carregadas do cache
2026-04-19 19:24:19 | INFO     | src.analysis.metrics_engine — [CVCB3] 2022: métricas carregadas do cache
2026-04-19 19:24:19 | INFO     | src.analysis.metrics_engine — [CVCB3] 2023: métricas carregadas do cache
2026-04-19 19:24:19 | INFO     | src.analysis.metrics_engine — [CVCB3] 2024: métricas carregadas do cache
2026-04-19 19:24:19 | INFO     | src.analysis.metrics_engine — [CVCB3] 2025: métricas carregadas do cache
2026-04-19 19:24:19 | SUCCESS  | src.analysis.metrics_engine — [CVCB3] 7 períodos calculados
2026-04-19 19:24:19 | INFO     | src.valuation.auto_dcf — [CVCB3] valuation carregado do cache
2026-04-19 19:24:23 | INFO     | __main__ — [BBAS3] iniciando análise completa...
2026-04-19 19:24:23 | INFO     | src.analysis.metrics_engine — [BBAS3] 2019: métricas carregadas do cache
2026-04-19 19:24:23 | INFO     | src.analysis.metrics_engine — [BBAS3] 2020: métricas carregadas do cache
2026-04-19 19:24:23 | INFO     | src.analysis.metrics_engine — [BBAS3] 2021: métricas carregadas do cache
2026-04-19 19:24:23 | INFO     | src.analysis.metrics_engine — [BBAS3] 2022: métricas carregadas do cache
2026-04-19 19:24:23 | INFO     | src.analysis.metrics_engine — [BBAS3] 2023: métricas carregadas do cache
2026-04-19 19:24:23 | INFO     | src.analysis.metrics_engine — [BBAS3] 2024: métricas carregadas do cache
2026-04-19 19:24:23 | INFO     | src.analysis.metrics_engine — [BBAS3] 2025: métricas carregadas do cache
2026-04-19 19:24:23 | SUCCESS  | src.analysis.metrics_engine — [BBAS3] 7 períodos calculados
2026-04-19 19:24:23 | INFO     | src.valuation.auto_dcf — [BBAS3] valuation carregado do cache
2026-04-19 19:24:23 | INFO     | __main__ — [ITUB4] iniciando análise completa...
2026-04-19 19:24:23 | INFO     | src.analysis.metrics_engine — [ITUB4] 2019: métricas carregadas do cache
2026-04-19 19:24:23 | INFO     | src.analysis.metrics_engine — [ITUB4] 2020: métricas carregadas do cache
2026-04-19 19:24:23 | INFO     | src.analysis.metrics_engine — [ITUB4] 2021: métricas carregadas do cache
2026-04-19 19:24:23 | INFO     | src.analysis.metrics_engine — [ITUB4] 2022: métricas carregadas do cache
2026-04-19 19:24:23 | INFO     | src.analysis.metrics_engine — [ITUB4] 2023: métricas carregadas do cache
2026-04-19 19:24:23 | INFO     | src.analysis.metrics_engine — [ITUB4] 2024: métricas carregadas do cache
2026-04-19 19:24:23 | INFO     | src.analysis.metrics_engine — [ITUB4] 2025: métricas carregadas do cache
2026-04-19 19:24:23 | SUCCESS  | src.analysis.metrics_engine — [ITUB4] 7 períodos calculados
2026-04-19 19:24:23 | INFO     | src.valuation.auto_dcf — [ITUB4] valuation carregado do cache
2026-04-19 19:24:23 | INFO     | __main__ — [BBDC4] iniciando análise completa...
2026-04-19 19:24:23 | INFO     | src.analysis.metrics_engine — [BBDC4] 2019: métricas carregadas do cache
2026-04-19 19:24:23 | INFO     | src.analysis.metrics_engine — [BBDC4] 2020: métricas carregadas do cache
2026-04-19 19:24:23 | INFO     | src.analysis.metrics_engine — [BBDC4] 2021: métricas carregadas do cache
2026-04-19 19:24:23 | INFO     | src.analysis.metrics_engine — [BBDC4] 2022: métricas carregadas do cache
2026-04-19 19:24:23 | INFO     | src.analysis.metrics_engine — [BBDC4] 2023: métricas carregadas do cache
2026-04-19 19:24:23 | INFO     | src.analysis.metrics_engine — [BBDC4] 2024: métricas carregadas do cache
2026-04-19 19:24:23 | INFO     | src.analysis.metrics_engine — [BBDC4] 2025: métricas carregadas do cache
2026-04-19 19:24:23 | SUCCESS  | src.analysis.metrics_engine — [BBDC4] 7 períodos calculados
2026-04-19 19:24:23 | INFO     | src.valuation.auto_dcf — [BBDC4] valuation carregado do cache
2026-04-19 19:24:23 | INFO     | __main__ — [SANB11] iniciando análise completa...
2026-04-19 19:24:23 | INFO     | src.analysis.metrics_engine — [SANB11] 2019: métricas carregadas do cache
2026-04-19 19:24:23 | INFO     | src.analysis.metrics_engine — [SANB11] 2020: métricas carregadas do cache
2026-04-19 19:24:23 | INFO     | src.analysis.metrics_engine — [SANB11] 2021: métricas carregadas do cache
2026-04-19 19:24:23 | INFO     | src.analysis.metrics_engine — [SANB11] 2022: métricas carregadas do cache
2026-04-19 19:24:23 | INFO     | src.analysis.metrics_engine — [SANB11] 2023: métricas carregadas do cache
2026-04-19 19:24:23 | INFO     | src.analysis.metrics_engine — [SANB11] 2024: métricas carregadas do cache
2026-04-19 19:24:23 | INFO     | src.analysis.metrics_engine — [SANB11] 2025: métricas carregadas do cache
2026-04-19 19:24:23 | SUCCESS  | src.analysis.metrics_engine — [SANB11] 7 períodos calculados
2026-04-19 19:24:23 | INFO     | src.valuation.auto_dcf — [SANB11] valuation carregado do cache
2026-04-19 19:24:23 | INFO     | __main__ — [BPAC11] iniciando análise completa...
2026-04-19 19:24:23 | INFO     | src.analysis.metrics_engine — [BPAC11] 2019: métricas carregadas do cache
2026-04-19 19:24:23 | INFO     | src.analysis.metrics_engine — [BPAC11] 2020: métricas carregadas do cache
2026-04-19 19:24:23 | INFO     | src.analysis.metrics_engine — [BPAC11] 2021: métricas carregadas do cache
2026-04-19 19:24:23 | INFO     | src.analysis.metrics_engine — [BPAC11] 2022: métricas carregadas do cache
2026-04-19 19:24:23 | INFO     | src.analysis.metrics_engine — [BPAC11] 2023: métricas carregadas do cache
2026-04-19 19:24:23 | INFO     | src.analysis.metrics_engine — [BPAC11] 2024: métricas carregadas do cache
2026-04-19 19:24:23 | INFO     | src.analysis.metrics_engine — [BPAC11] 2025: métricas carregadas do cache
2026-04-19 19:24:23 | SUCCESS  | src.analysis.metrics_engine — [BPAC11] 7 períodos calculados
2026-04-19 19:24:23 | INFO     | src.valuation.auto_dcf — [BPAC11] valuation carregado do cache
2026-04-19 19:24:23 | INFO     | __main__ — [BRSR6] iniciando análise completa...
2026-04-19 19:24:23 | INFO     | src.analysis.metrics_engine — [BRSR6] 2019: métricas carregadas do cache
2026-04-19 19:24:23 | INFO     | src.analysis.metrics_engine — [BRSR6] 2020: métricas carregadas do cache
2026-04-19 19:24:23 | INFO     | src.analysis.metrics_engine — [BRSR6] 2021: métricas carregadas do cache
2026-04-19 19:24:23 | INFO     | src.analysis.metrics_engine — [BRSR6] 2022: métricas carregadas do cache
2026-04-19 19:24:23 | INFO     | src.analysis.metrics_engine — [BRSR6] 2023: métricas carregadas do cache
2026-04-19 19:24:23 | INFO     | src.analysis.metrics_engine — [BRSR6] 2024: métricas carregadas do cache
2026-04-19 19:24:23 | INFO     | src.analysis.metrics_engine — [BRSR6] 2025: métricas carregadas do cache
2026-04-19 19:24:23 | SUCCESS  | src.analysis.metrics_engine — [BRSR6] 7 períodos calculados
2026-04-19 19:24:23 | INFO     | src.valuation.auto_dcf — [BRSR6] valuation carregado do cache
2026-04-19 19:24:23 | INFO     | __main__ — [ABCB4] iniciando análise completa...
2026-04-19 19:24:23 | INFO     | src.analysis.metrics_engine — [ABCB4] 2019: métricas carregadas do cache
2026-04-19 19:24:23 | INFO     | src.analysis.metrics_engine — [ABCB4] 2020: métricas carregadas do cache
2026-04-19 19:24:23 | INFO     | src.analysis.metrics_engine — [ABCB4] 2021: métricas carregadas do cache
2026-04-19 19:24:23 | INFO     | src.analysis.metrics_engine — [ABCB4] 2022: métricas carregadas do cache
2026-04-19 19:24:23 | INFO     | src.analysis.metrics_engine — [ABCB4] 2023: métricas carregadas do cache
2026-04-19 19:24:23 | SUCCESS  | src.analysis.metrics_engine — [ABCB4] 5 períodos calculados
2026-04-19 19:24:23 | INFO     | src.valuation.auto_dcf — [ABCB4] valuation carregado do cache
2026-04-19 19:24:23 | INFO     | __main__ — [BMGB4] iniciando análise completa...
2026-04-19 19:24:23 | INFO     | src.analysis.metrics_engine — [BMGB4] 2019: métricas carregadas do cache
2026-04-19 19:24:23 | INFO     | src.analysis.metrics_engine — [BMGB4] 2020: métricas carregadas do cache
2026-04-19 19:24:23 | INFO     | src.analysis.metrics_engine — [BMGB4] 2021: métricas carregadas do cache
2026-04-19 19:24:23 | INFO     | src.analysis.metrics_engine — [BMGB4] 2022: métricas carregadas do cache
2026-04-19 19:24:23 | INFO     | src.analysis.metrics_engine — [BMGB4] 2023: métricas carregadas do cache
2026-04-19 19:24:23 | INFO     | src.analysis.metrics_engine — [BMGB4] 2024: métricas carregadas do cache
2026-04-19 19:24:23 | INFO     | src.analysis.metrics_engine — [BMGB4] 2025: métricas carregadas do cache
2026-04-19 19:24:23 | SUCCESS  | src.analysis.metrics_engine — [BMGB4] 7 períodos calculados
2026-04-19 19:24:23 | INFO     | src.valuation.auto_dcf — [BMGB4] valuation carregado do cache
2026-04-19 19:24:23 | INFO     | __main__ — [BPAN4] iniciando análise completa...
2026-04-19 19:24:23 | INFO     | src.analysis.metrics_engine — [BPAN4] 2019: métricas carregadas do cache
2026-04-19 19:24:23 | INFO     | src.analysis.metrics_engine — [BPAN4] 2020: métricas carregadas do cache
2026-04-19 19:24:23 | INFO     | src.analysis.metrics_engine — [BPAN4] 2021: métricas carregadas do cache
2026-04-19 19:24:23 | INFO     | src.analysis.metrics_engine — [BPAN4] 2022: métricas carregadas do cache
2026-04-19 19:24:23 | INFO     | src.analysis.metrics_engine — [BPAN4] 2023: métricas carregadas do cache
2026-04-19 19:24:23 | INFO     | src.analysis.metrics_engine — [BPAN4] 2024: métricas carregadas do cache
2026-04-19 19:24:23 | SUCCESS  | src.analysis.metrics_engine — [BPAN4] 6 períodos calculados
2026-04-19 19:24:23 | INFO     | src.valuation.auto_dcf — [BPAN4] valuation carregado do cache
2026-04-19 19:24:23 | INFO     | __main__ — [PINE4] iniciando análise completa...
2026-04-19 19:24:23 | INFO     | src.analysis.metrics_engine — [PINE4] 2019: métricas carregadas do cache
2026-04-19 19:24:23 | INFO     | src.analysis.metrics_engine — [PINE4] 2020: métricas carregadas do cache
2026-04-19 19:24:23 | INFO     | src.analysis.metrics_engine — [PINE4] 2021: métricas carregadas do cache
2026-04-19 19:24:23 | INFO     | src.analysis.metrics_engine — [PINE4] 2022: métricas carregadas do cache
2026-04-19 19:24:23 | INFO     | src.analysis.metrics_engine — [PINE4] 2023: métricas carregadas do cache
2026-04-19 19:24:23 | INFO     | src.analysis.metrics_engine — [PINE4] 2024: métricas carregadas do cache
2026-04-19 19:24:23 | INFO     | src.analysis.metrics_engine — [PINE4] 2025: métricas carregadas do cache
2026-04-19 19:24:23 | SUCCESS  | src.analysis.metrics_engine — [PINE4] 7 períodos calculados
2026-04-19 19:24:23 | INFO     | src.valuation.auto_dcf — [PINE4] valuation carregado do cache
2026-04-19 19:24:23 | INFO     | __main__ — [INTR4] iniciando análise completa...
2026-04-19 19:24:23 | INFO     | src.analysis.metrics_engine — [INTR4] 2021: métricas carregadas do cache
2026-04-19 19:24:23 | INFO     | src.analysis.metrics_engine — [INTR4] 2022: métricas carregadas do cache
2026-04-19 19:24:23 | INFO     | src.analysis.metrics_engine — [INTR4] 2023: métricas carregadas do cache
2026-04-19 19:24:23 | INFO     | src.analysis.metrics_engine — [INTR4] 2024: métricas carregadas do cache
2026-04-19 19:24:23 | INFO     | src.analysis.metrics_engine — [INTR4] 2025: métricas carregadas do cache
2026-04-19 19:24:23 | SUCCESS  | src.analysis.metrics_engine — [INTR4] 5 períodos calculados
2026-04-19 19:24:23 | INFO     | src.valuation.auto_dcf — [INTR4] valuation carregado do cache
2026-04-19 19:24:23 | INFO     | __main__ — [ITSA4] iniciando análise completa...
2026-04-19 19:24:23 | INFO     | src.analysis.metrics_engine — [ITSA4] 2019: métricas carregadas do cache
2026-04-19 19:24:23 | INFO     | src.analysis.metrics_engine — [ITSA4] 2020: métricas carregadas do cache
2026-04-19 19:24:23 | INFO     | src.analysis.metrics_engine — [ITSA4] 2021: métricas carregadas do cache
2026-04-19 19:24:23 | INFO     | src.analysis.metrics_engine — [ITSA4] 2022: métricas carregadas do cache
2026-04-19 19:24:23 | INFO     | src.analysis.metrics_engine — [ITSA4] 2023: métricas carregadas do cache
2026-04-19 19:24:23 | INFO     | src.analysis.metrics_engine — [ITSA4] 2024: métricas carregadas do cache
2026-04-19 19:24:23 | INFO     | src.analysis.metrics_engine — [ITSA4] 2025: métricas carregadas do cache
2026-04-19 19:24:23 | SUCCESS  | src.analysis.metrics_engine — [ITSA4] 7 períodos calculados
2026-04-19 19:24:23 | INFO     | src.valuation.auto_dcf — [ITSA4] valuation carregado do cache
2026-04-19 19:24:23 | INFO     | __main__ — [BBSE3] iniciando análise completa...
2026-04-19 19:24:23 | INFO     | src.analysis.metrics_engine — [BBSE3] 2019: métricas carregadas do cache
2026-04-19 19:24:23 | INFO     | src.analysis.metrics_engine — [BBSE3] 2020: métricas carregadas do cache
2026-04-19 19:24:23 | INFO     | src.analysis.metrics_engine — [BBSE3] 2021: métricas carregadas do cache
2026-04-19 19:24:23 | INFO     | src.analysis.metrics_engine — [BBSE3] 2022: métricas carregadas do cache
2026-04-19 19:24:23 | INFO     | src.analysis.metrics_engine — [BBSE3] 2023: métricas carregadas do cache
2026-04-19 19:24:23 | INFO     | src.analysis.metrics_engine — [BBSE3] 2024: métricas carregadas do cache
2026-04-19 19:24:23 | INFO     | src.analysis.metrics_engine — [BBSE3] 2025: métricas carregadas do cache
2026-04-19 19:24:23 | SUCCESS  | src.analysis.metrics_engine — [BBSE3] 7 períodos calculados
2026-04-19 19:24:23 | INFO     | src.valuation.auto_dcf — [BBSE3] valuation carregado do cache
2026-04-19 19:24:23 | INFO     | __main__ — [BRAP4] iniciando análise completa...
2026-04-19 19:24:23 | INFO     | src.analysis.metrics_engine — [BRAP4] 2019: métricas carregadas do cache
2026-04-19 19:24:23 | INFO     | src.analysis.metrics_engine — [BRAP4] 2020: métricas carregadas do cache
2026-04-19 19:24:23 | INFO     | src.analysis.metrics_engine — [BRAP4] 2021: métricas carregadas do cache
2026-04-19 19:24:23 | INFO     | src.analysis.metrics_engine — [BRAP4] 2022: métricas carregadas do cache
2026-04-19 19:24:23 | INFO     | src.analysis.metrics_engine — [BRAP4] 2023: métricas carregadas do cache
2026-04-19 19:24:23 | SUCCESS  | src.analysis.metrics_engine — [BRAP4] 5 períodos calculados
2026-04-19 19:24:23 | INFO     | src.valuation.auto_dcf — [BRAP4] valuation carregado do cache
2026-04-19 19:24:23 | INFO     | __main__ — [IRBR3] iniciando análise completa...
2026-04-19 19:24:23 | INFO     | src.analysis.metrics_engine — [IRBR3] 2019: métricas carregadas do cache
2026-04-19 19:24:23 | INFO     | src.analysis.metrics_engine — [IRBR3] 2020: métricas carregadas do cache
2026-04-19 19:24:23 | INFO     | src.analysis.metrics_engine — [IRBR3] 2021: métricas carregadas do cache
2026-04-19 19:24:23 | INFO     | src.analysis.metrics_engine — [IRBR3] 2022: métricas carregadas do cache
2026-04-19 19:24:23 | INFO     | src.analysis.metrics_engine — [IRBR3] 2023: métricas carregadas do cache
2026-04-19 19:24:23 | INFO     | src.analysis.metrics_engine — [IRBR3] 2024: métricas carregadas do cache
2026-04-19 19:24:23 | INFO     | src.analysis.metrics_engine — [IRBR3] 2025: métricas carregadas do cache
2026-04-19 19:24:23 | SUCCESS  | src.analysis.metrics_engine — [IRBR3] 7 períodos calculados
2026-04-19 19:24:23 | INFO     | src.valuation.auto_dcf — [IRBR3] valuation carregado do cache
2026-04-19 19:24:23 | INFO     | __main__ — [PSSA3] iniciando análise completa...
2026-04-19 19:24:23 | INFO     | src.analysis.metrics_engine — [PSSA3] 2019: métricas carregadas do cache
2026-04-19 19:24:23 | INFO     | src.analysis.metrics_engine — [PSSA3] 2020: métricas carregadas do cache
2026-04-19 19:24:23 | INFO     | src.analysis.metrics_engine — [PSSA3] 2021: métricas carregadas do cache
2026-04-19 19:24:23 | INFO     | src.analysis.metrics_engine — [PSSA3] 2022: métricas carregadas do cache
2026-04-19 19:24:23 | INFO     | src.analysis.metrics_engine — [PSSA3] 2023: métricas carregadas do cache
2026-04-19 19:24:23 | INFO     | src.analysis.metrics_engine — [PSSA3] 2024: métricas carregadas do cache
2026-04-19 19:24:23 | INFO     | src.analysis.metrics_engine — [PSSA3] 2025: métricas carregadas do cache
2026-04-19 19:24:23 | SUCCESS  | src.analysis.metrics_engine — [PSSA3] 7 períodos calculados
2026-04-19 19:24:23 | INFO     | src.valuation.auto_dcf — [PSSA3] valuation carregado do cache
2026-04-19 19:24:23 | INFO     | __main__ — [CXSE3] iniciando análise completa...
2026-04-19 19:24:23 | INFO     | src.analysis.metrics_engine — [CXSE3] 2019: métricas carregadas do cache
2026-04-19 19:24:23 | INFO     | src.analysis.metrics_engine — [CXSE3] 2020: métricas carregadas do cache
2026-04-19 19:24:23 | INFO     | src.analysis.metrics_engine — [CXSE3] 2021: métricas carregadas do cache
2026-04-19 19:24:23 | INFO     | src.analysis.metrics_engine — [CXSE3] 2022: métricas carregadas do cache
2026-04-19 19:24:23 | INFO     | src.analysis.metrics_engine — [CXSE3] 2023: métricas carregadas do cache
2026-04-19 19:24:23 | INFO     | src.analysis.metrics_engine — [CXSE3] 2024: métricas carregadas do cache
2026-04-19 19:24:23 | INFO     | src.analysis.metrics_engine — [CXSE3] 2025: métricas carregadas do cache
2026-04-19 19:24:23 | SUCCESS  | src.analysis.metrics_engine — [CXSE3] 7 períodos calculados
2026-04-19 19:24:23 | INFO     | src.valuation.auto_dcf — [CXSE3] valuation carregado do cache
2026-04-19 19:24:23 | INFO     | __main__ — [B3SA3] iniciando análise completa...
2026-04-19 19:24:23 | INFO     | src.analysis.metrics_engine — [B3SA3] 2019: métricas carregadas do cache
2026-04-19 19:24:23 | INFO     | src.analysis.metrics_engine — [B3SA3] 2020: métricas carregadas do cache
2026-04-19 19:24:23 | INFO     | src.analysis.metrics_engine — [B3SA3] 2021: métricas carregadas do cache
2026-04-19 19:24:23 | INFO     | src.analysis.metrics_engine — [B3SA3] 2022: métricas carregadas do cache
2026-04-19 19:24:23 | INFO     | src.analysis.metrics_engine — [B3SA3] 2023: métricas carregadas do cache
2026-04-19 19:24:23 | INFO     | src.analysis.metrics_engine — [B3SA3] 2024: métricas carregadas do cache
2026-04-19 19:24:23 | INFO     | src.analysis.metrics_engine — [B3SA3] 2025: métricas carregadas do cache
2026-04-19 19:24:23 | SUCCESS  | src.analysis.metrics_engine — [B3SA3] 7 períodos calculados
2026-04-19 19:24:23 | INFO     | src.valuation.auto_dcf — [B3SA3] valuation carregado do cache
2026-04-19 19:24:23 | INFO     | __main__ — [PETR4] iniciando análise completa...
2026-04-19 19:24:23 | INFO     | src.analysis.metrics_engine — [PETR4] 2019: métricas carregadas do cache
2026-04-19 19:24:23 | INFO     | src.analysis.metrics_engine — [PETR4] 2020: métricas carregadas do cache
2026-04-19 19:24:23 | INFO     | src.analysis.metrics_engine — [PETR4] 2021: métricas carregadas do cache
2026-04-19 19:24:23 | INFO     | src.analysis.metrics_engine — [PETR4] 2022: métricas carregadas do cache
2026-04-19 19:24:23 | INFO     | src.analysis.metrics_engine — [PETR4] 2023: métricas carregadas do cache
2026-04-19 19:24:23 | INFO     | src.analysis.metrics_engine — [PETR4] 2024: métricas carregadas do cache
2026-04-19 19:24:23 | INFO     | src.analysis.metrics_engine — [PETR4] 2025: métricas carregadas do cache
2026-04-19 19:24:23 | SUCCESS  | src.analysis.metrics_engine — [PETR4] 7 períodos calculados
2026-04-19 19:24:23 | INFO     | src.valuation.auto_dcf — [PETR4] valuation carregado do cache
2026-04-19 19:24:23 | INFO     | __main__ — [PRIO3] iniciando análise completa...
2026-04-19 19:24:23 | INFO     | src.analysis.metrics_engine — [PRIO3] 2019: métricas carregadas do cache
2026-04-19 19:24:23 | INFO     | src.analysis.metrics_engine — [PRIO3] 2020: métricas carregadas do cache
2026-04-19 19:24:23 | INFO     | src.analysis.metrics_engine — [PRIO3] 2021: métricas carregadas do cache
2026-04-19 19:24:23 | INFO     | src.analysis.metrics_engine — [PRIO3] 2022: métricas carregadas do cache
2026-04-19 19:24:23 | INFO     | src.analysis.metrics_engine — [PRIO3] 2023: métricas carregadas do cache
2026-04-19 19:24:23 | INFO     | src.analysis.metrics_engine — [PRIO3] 2024: métricas carregadas do cache
2026-04-19 19:24:23 | INFO     | src.analysis.metrics_engine — [PRIO3] 2025: métricas carregadas do cache
2026-04-19 19:24:23 | SUCCESS  | src.analysis.metrics_engine — [PRIO3] 7 períodos calculados
2026-04-19 19:24:23 | INFO     | src.valuation.auto_dcf — [PRIO3] valuation carregado do cache
2026-04-19 19:24:23 | INFO     | __main__ — [BRAV3] iniciando análise completa...
2026-04-19 19:24:23 | INFO     | src.analysis.metrics_engine — [BRAV3] 2019: métricas carregadas do cache
2026-04-19 19:24:23 | INFO     | src.analysis.metrics_engine — [BRAV3] 2020: métricas carregadas do cache
2026-04-19 19:24:23 | INFO     | src.analysis.metrics_engine — [BRAV3] 2021: métricas carregadas do cache
2026-04-19 19:24:23 | INFO     | src.analysis.metrics_engine — [BRAV3] 2022: métricas carregadas do cache
2026-04-19 19:24:23 | INFO     | src.analysis.metrics_engine — [BRAV3] 2023: métricas carregadas do cache
2026-04-19 19:24:23 | INFO     | src.analysis.metrics_engine — [BRAV3] 2024: métricas carregadas do cache
2026-04-19 19:24:23 | INFO     | src.analysis.metrics_engine — [BRAV3] 2025: métricas carregadas do cache
2026-04-19 19:24:23 | SUCCESS  | src.analysis.metrics_engine — [BRAV3] 7 períodos calculados
2026-04-19 19:24:23 | INFO     | src.valuation.auto_dcf — [BRAV3] valuation carregado do cache
2026-04-19 19:24:23 | INFO     | __main__ — [RECV3] iniciando análise completa...
2026-04-19 19:24:23 | INFO     | src.analysis.metrics_engine — [RECV3] 2020: métricas carregadas do cache
2026-04-19 19:24:23 | INFO     | src.analysis.metrics_engine — [RECV3] 2021: métricas carregadas do cache
2026-04-19 19:24:23 | INFO     | src.analysis.metrics_engine — [RECV3] 2022: métricas carregadas do cache
2026-04-19 19:24:23 | INFO     | src.analysis.metrics_engine — [RECV3] 2023: métricas carregadas do cache
2026-04-19 19:24:23 | INFO     | src.analysis.metrics_engine — [RECV3] 2024: métricas carregadas do cache
2026-04-19 19:24:23 | INFO     | src.analysis.metrics_engine — [RECV3] 2025: métricas carregadas do cache
2026-04-19 19:24:23 | SUCCESS  | src.analysis.metrics_engine — [RECV3] 6 períodos calculados
2026-04-19 19:24:23 | INFO     | src.valuation.auto_dcf — [RECV3] valuation carregado do cache
2026-04-19 19:24:23 | INFO     | __main__ — [VBBR3] iniciando análise completa...
2026-04-19 19:24:23 | INFO     | src.analysis.metrics_engine — [VBBR3] 2019: métricas carregadas do cache
2026-04-19 19:24:23 | INFO     | src.analysis.metrics_engine — [VBBR3] 2020: métricas carregadas do cache
2026-04-19 19:24:23 | INFO     | src.analysis.metrics_engine — [VBBR3] 2021: métricas carregadas do cache
2026-04-19 19:24:23 | INFO     | src.analysis.metrics_engine — [VBBR3] 2022: métricas carregadas do cache
2026-04-19 19:24:23 | INFO     | src.analysis.metrics_engine — [VBBR3] 2023: métricas carregadas do cache
2026-04-19 19:24:23 | INFO     | src.analysis.metrics_engine — [VBBR3] 2024: métricas carregadas do cache
2026-04-19 19:24:23 | INFO     | src.analysis.metrics_engine — [VBBR3] 2025: métricas carregadas do cache
2026-04-19 19:24:23 | SUCCESS  | src.analysis.metrics_engine — [VBBR3] 7 períodos calculados
2026-04-19 19:24:23 | INFO     | src.valuation.auto_dcf — [VBBR3] valuation carregado do cache
2026-04-19 19:24:23 | INFO     | __main__ — [RAIZ4] iniciando análise completa...
2026-04-19 19:24:23 | INFO     | src.analysis.metrics_engine — [RAIZ4] 2019: métricas carregadas do cache
2026-04-19 19:24:23 | INFO     | src.analysis.metrics_engine — [RAIZ4] 2020: métricas carregadas do cache
2026-04-19 19:24:23 | INFO     | src.analysis.metrics_engine — [RAIZ4] 2021: métricas carregadas do cache
2026-04-19 19:24:23 | INFO     | src.analysis.metrics_engine — [RAIZ4] 2022: métricas carregadas do cache
2026-04-19 19:24:23 | INFO     | src.analysis.metrics_engine — [RAIZ4] 2023: métricas carregadas do cache
2026-04-19 19:24:23 | INFO     | src.analysis.metrics_engine — [RAIZ4] 2024: métricas carregadas do cache
2026-04-19 19:24:23 | INFO     | src.analysis.metrics_engine — [RAIZ4] 2025: métricas carregadas do cache
2026-04-19 19:24:23 | SUCCESS  | src.analysis.metrics_engine — [RAIZ4] 7 períodos calculados
2026-04-19 19:24:23 | INFO     | src.valuation.auto_dcf — [RAIZ4] valuation carregado do cache
2026-04-19 19:24:23 | INFO     | __main__ — [ENEV3] iniciando análise completa...
2026-04-19 19:24:23 | INFO     | src.analysis.metrics_engine — [ENEV3] 2019: métricas carregadas do cache
2026-04-19 19:24:23 | INFO     | src.analysis.metrics_engine — [ENEV3] 2020: métricas carregadas do cache
2026-04-19 19:24:23 | INFO     | src.analysis.metrics_engine — [ENEV3] 2021: métricas carregadas do cache
2026-04-19 19:24:23 | INFO     | src.analysis.metrics_engine — [ENEV3] 2022: métricas carregadas do cache
2026-04-19 19:24:23 | INFO     | src.analysis.metrics_engine — [ENEV3] 2023: métricas carregadas do cache
2026-04-19 19:24:23 | INFO     | src.analysis.metrics_engine — [ENEV3] 2024: métricas carregadas do cache
2026-04-19 19:24:23 | INFO     | src.analysis.metrics_engine — [ENEV3] 2025: métricas carregadas do cache
2026-04-19 19:24:23 | SUCCESS  | src.analysis.metrics_engine — [ENEV3] 7 períodos calculados
2026-04-19 19:24:23 | INFO     | src.valuation.auto_dcf — [ENEV3] valuation carregado do cache
2026-04-19 19:24:23 | INFO     | __main__ — [CSAN3] iniciando análise completa...
2026-04-19 19:24:23 | INFO     | src.analysis.metrics_engine — [CSAN3] 2019: métricas carregadas do cache
2026-04-19 19:24:23 | INFO     | src.analysis.metrics_engine — [CSAN3] 2020: métricas carregadas do cache
2026-04-19 19:24:23 | INFO     | src.analysis.metrics_engine — [CSAN3] 2021: métricas carregadas do cache
2026-04-19 19:24:23 | INFO     | src.analysis.metrics_engine — [CSAN3] 2022: métricas carregadas do cache
2026-04-19 19:24:23 | INFO     | src.analysis.metrics_engine — [CSAN3] 2023: métricas carregadas do cache
2026-04-19 19:24:23 | INFO     | src.analysis.metrics_engine — [CSAN3] 2024: métricas carregadas do cache
2026-04-19 19:24:23 | INFO     | src.analysis.metrics_engine — [CSAN3] 2025: métricas carregadas do cache
2026-04-19 19:24:23 | SUCCESS  | src.analysis.metrics_engine — [CSAN3] 7 períodos calculados
2026-04-19 19:24:23 | INFO     | src.valuation.auto_dcf — [CSAN3] valuation carregado do cache
2026-04-19 19:24:23 | INFO     | __main__ — [VALE3] iniciando análise completa...
2026-04-19 19:24:23 | INFO     | src.analysis.metrics_engine — [VALE3] 2019: métricas carregadas do cache
2026-04-19 19:24:23 | INFO     | src.analysis.metrics_engine — [VALE3] 2020: métricas carregadas do cache
2026-04-19 19:24:23 | INFO     | src.analysis.metrics_engine — [VALE3] 2021: métricas carregadas do cache
2026-04-19 19:24:23 | INFO     | src.analysis.metrics_engine — [VALE3] 2022: métricas carregadas do cache
2026-04-19 19:24:23 | INFO     | src.analysis.metrics_engine — [VALE3] 2023: métricas carregadas do cache
2026-04-19 19:24:23 | INFO     | src.analysis.metrics_engine — [VALE3] 2024: métricas carregadas do cache
2026-04-19 19:24:23 | INFO     | src.analysis.metrics_engine — [VALE3] 2025: métricas carregadas do cache
2026-04-19 19:24:23 | SUCCESS  | src.analysis.metrics_engine — [VALE3] 7 períodos calculados
2026-04-19 19:24:23 | INFO     | src.valuation.auto_dcf — [VALE3] valuation carregado do cache
2026-04-19 19:24:23 | INFO     | __main__ — [CMIN3] iniciando análise completa...
2026-04-19 19:24:23 | INFO     | src.analysis.metrics_engine — [CMIN3] 2019: métricas carregadas do cache
2026-04-19 19:24:23 | INFO     | src.analysis.metrics_engine — [CMIN3] 2020: métricas carregadas do cache
2026-04-19 19:24:23 | INFO     | src.analysis.metrics_engine — [CMIN3] 2021: métricas carregadas do cache
2026-04-19 19:24:23 | INFO     | src.analysis.metrics_engine — [CMIN3] 2022: métricas carregadas do cache
2026-04-19 19:24:23 | INFO     | src.analysis.metrics_engine — [CMIN3] 2023: métricas carregadas do cache
2026-04-19 19:24:23 | INFO     | src.analysis.metrics_engine — [CMIN3] 2024: métricas carregadas do cache
2026-04-19 19:24:23 | INFO     | src.analysis.metrics_engine — [CMIN3] 2025: métricas carregadas do cache
2026-04-19 19:24:23 | SUCCESS  | src.analysis.metrics_engine — [CMIN3] 7 períodos calculados
2026-04-19 19:24:23 | INFO     | src.valuation.auto_dcf — [CMIN3] valuation carregado do cache
2026-04-19 19:24:23 | INFO     | __main__ — [GGBR4] iniciando análise completa...
2026-04-19 19:24:23 | INFO     | src.analysis.metrics_engine — [GGBR4] 2019: métricas carregadas do cache
2026-04-19 19:24:23 | INFO     | src.analysis.metrics_engine — [GGBR4] 2020: métricas carregadas do cache
2026-04-19 19:24:23 | INFO     | src.analysis.metrics_engine — [GGBR4] 2021: métricas carregadas do cache
2026-04-19 19:24:23 | INFO     | src.analysis.metrics_engine — [GGBR4] 2022: métricas carregadas do cache
2026-04-19 19:24:23 | INFO     | src.analysis.metrics_engine — [GGBR4] 2023: métricas carregadas do cache
2026-04-19 19:24:23 | INFO     | src.analysis.metrics_engine — [GGBR4] 2024: métricas carregadas do cache
2026-04-19 19:24:23 | INFO     | src.analysis.metrics_engine — [GGBR4] 2025: métricas carregadas do cache
2026-04-19 19:24:23 | SUCCESS  | src.analysis.metrics_engine — [GGBR4] 7 períodos calculados
2026-04-19 19:24:23 | INFO     | src.valuation.auto_dcf — [GGBR4] valuation carregado do cache
2026-04-19 19:24:23 | INFO     | __main__ — [GOAU4] iniciando análise completa...
2026-04-19 19:24:23 | INFO     | src.analysis.metrics_engine — [GOAU4] 2019: métricas carregadas do cache
2026-04-19 19:24:23 | INFO     | src.analysis.metrics_engine — [GOAU4] 2020: métricas carregadas do cache
2026-04-19 19:24:23 | INFO     | src.analysis.metrics_engine — [GOAU4] 2021: métricas carregadas do cache
2026-04-19 19:24:23 | INFO     | src.analysis.metrics_engine — [GOAU4] 2022: métricas carregadas do cache
2026-04-19 19:24:23 | INFO     | src.analysis.metrics_engine — [GOAU4] 2023: métricas carregadas do cache
2026-04-19 19:24:23 | INFO     | src.analysis.metrics_engine — [GOAU4] 2024: métricas carregadas do cache
2026-04-19 19:24:23 | INFO     | src.analysis.metrics_engine — [GOAU4] 2025: métricas carregadas do cache
2026-04-19 19:24:23 | SUCCESS  | src.analysis.metrics_engine — [GOAU4] 7 períodos calculados
2026-04-19 19:24:23 | INFO     | src.valuation.auto_dcf — [GOAU4] valuation carregado do cache
2026-04-19 19:24:23 | INFO     | __main__ — [CSNA3] iniciando análise completa...
2026-04-19 19:24:23 | INFO     | src.analysis.metrics_engine — [CSNA3] 2019: métricas carregadas do cache
2026-04-19 19:24:23 | INFO     | src.analysis.metrics_engine — [CSNA3] 2020: métricas carregadas do cache
2026-04-19 19:24:23 | INFO     | src.analysis.metrics_engine — [CSNA3] 2021: métricas carregadas do cache
2026-04-19 19:24:23 | INFO     | src.analysis.metrics_engine — [CSNA3] 2022: métricas carregadas do cache
2026-04-19 19:24:23 | INFO     | src.analysis.metrics_engine — [CSNA3] 2023: métricas carregadas do cache
2026-04-19 19:24:23 | INFO     | src.analysis.metrics_engine — [CSNA3] 2024: métricas carregadas do cache
2026-04-19 19:24:23 | INFO     | src.analysis.metrics_engine — [CSNA3] 2025: métricas carregadas do cache
2026-04-19 19:24:23 | SUCCESS  | src.analysis.metrics_engine — [CSNA3] 7 períodos calculados
2026-04-19 19:24:23 | INFO     | src.valuation.auto_dcf — [CSNA3] valuation carregado do cache
2026-04-19 19:24:23 | INFO     | __main__ — [USIM5] iniciando análise completa...
2026-04-19 19:24:23 | INFO     | src.analysis.metrics_engine — [USIM5] 2019: métricas carregadas do cache
2026-04-19 19:24:23 | INFO     | src.analysis.metrics_engine — [USIM5] 2020: métricas carregadas do cache
2026-04-19 19:24:23 | INFO     | src.analysis.metrics_engine — [USIM5] 2021: métricas carregadas do cache
2026-04-19 19:24:23 | INFO     | src.analysis.metrics_engine — [USIM5] 2022: métricas carregadas do cache
2026-04-19 19:24:23 | INFO     | src.analysis.metrics_engine — [USIM5] 2023: métricas carregadas do cache
2026-04-19 19:24:23 | INFO     | src.analysis.metrics_engine — [USIM5] 2024: métricas carregadas do cache
2026-04-19 19:24:23 | INFO     | src.analysis.metrics_engine — [USIM5] 2025: métricas carregadas do cache
2026-04-19 19:24:23 | SUCCESS  | src.analysis.metrics_engine — [USIM5] 7 períodos calculados
2026-04-19 19:24:23 | INFO     | src.valuation.auto_dcf — [USIM5] valuation carregado do cache
2026-04-19 19:24:23 | INFO     | __main__ — [BRKM5] iniciando análise completa...
2026-04-19 19:24:23 | INFO     | src.analysis.metrics_engine — [BRKM5] 2019: métricas carregadas do cache
2026-04-19 19:24:23 | INFO     | src.analysis.metrics_engine — [BRKM5] 2020: métricas carregadas do cache
2026-04-19 19:24:23 | INFO     | src.analysis.metrics_engine — [BRKM5] 2021: métricas carregadas do cache
2026-04-19 19:24:23 | INFO     | src.analysis.metrics_engine — [BRKM5] 2022: métricas carregadas do cache
2026-04-19 19:24:23 | INFO     | src.analysis.metrics_engine — [BRKM5] 2023: métricas carregadas do cache
2026-04-19 19:24:23 | INFO     | src.analysis.metrics_engine — [BRKM5] 2024: métricas carregadas do cache
2026-04-19 19:24:23 | INFO     | src.analysis.metrics_engine — [BRKM5] 2025: métricas carregadas do cache
2026-04-19 19:24:23 | SUCCESS  | src.analysis.metrics_engine — [BRKM5] 7 períodos calculados
2026-04-19 19:24:23 | INFO     | src.valuation.auto_dcf — [BRKM5] valuation carregado do cache
2026-04-19 19:24:23 | INFO     | __main__ — [ELET3] iniciando análise completa...
2026-04-19 19:24:23 | INFO     | src.analysis.metrics_engine — [ELET3] 2019: métricas carregadas do cache
2026-04-19 19:24:23 | INFO     | src.analysis.metrics_engine — [ELET3] 2020: métricas carregadas do cache
2026-04-19 19:24:23 | INFO     | src.analysis.metrics_engine — [ELET3] 2021: métricas carregadas do cache
2026-04-19 19:24:23 | INFO     | src.analysis.metrics_engine — [ELET3] 2022: métricas carregadas do cache
2026-04-19 19:24:23 | INFO     | src.analysis.metrics_engine — [ELET3] 2023: métricas carregadas do cache
2026-04-19 19:24:23 | INFO     | src.analysis.metrics_engine — [ELET3] 2024: métricas carregadas do cache
2026-04-19 19:24:23 | INFO     | src.analysis.metrics_engine — [ELET3] 2025: métricas carregadas do cache
2026-04-19 19:24:23 | SUCCESS  | src.analysis.metrics_engine — [ELET3] 7 períodos calculados
2026-04-19 19:24:23 | INFO     | src.valuation.auto_dcf — [ELET3] valuation carregado do cache
2026-04-19 19:24:23 | INFO     | __main__ — [CMIG4] iniciando análise completa...
2026-04-19 19:24:23 | INFO     | src.analysis.metrics_engine — [CMIG4] 2019: métricas carregadas do cache
2026-04-19 19:24:23 | INFO     | src.analysis.metrics_engine — [CMIG4] 2020: métricas carregadas do cache
2026-04-19 19:24:23 | INFO     | src.analysis.metrics_engine — [CMIG4] 2021: métricas carregadas do cache
2026-04-19 19:24:23 | INFO     | src.analysis.metrics_engine — [CMIG4] 2022: métricas carregadas do cache
2026-04-19 19:24:23 | INFO     | src.analysis.metrics_engine — [CMIG4] 2023: métricas carregadas do cache
2026-04-19 19:24:23 | INFO     | src.analysis.metrics_engine — [CMIG4] 2024: métricas carregadas do cache
2026-04-19 19:24:23 | INFO     | src.analysis.metrics_engine — [CMIG4] 2025: métricas carregadas do cache
2026-04-19 19:24:23 | SUCCESS  | src.analysis.metrics_engine — [CMIG4] 7 períodos calculados
2026-04-19 19:24:23 | INFO     | src.valuation.auto_dcf — [CMIG4] valuation carregado do cache
2026-04-19 19:24:23 | INFO     | __main__ — [CPFE3] iniciando análise completa...
2026-04-19 19:24:23 | INFO     | src.analysis.metrics_engine — [CPFE3] 2019: métricas carregadas do cache
2026-04-19 19:24:23 | INFO     | src.analysis.metrics_engine — [CPFE3] 2020: métricas carregadas do cache
2026-04-19 19:24:23 | INFO     | src.analysis.metrics_engine — [CPFE3] 2021: métricas carregadas do cache
2026-04-19 19:24:23 | INFO     | src.analysis.metrics_engine — [CPFE3] 2022: métricas carregadas do cache
2026-04-19 19:24:23 | INFO     | src.analysis.metrics_engine — [CPFE3] 2023: métricas carregadas do cache
2026-04-19 19:24:23 | INFO     | src.analysis.metrics_engine — [CPFE3] 2024: métricas carregadas do cache
2026-04-19 19:24:23 | INFO     | src.analysis.metrics_engine — [CPFE3] 2025: métricas carregadas do cache
2026-04-19 19:24:23 | SUCCESS  | src.analysis.metrics_engine — [CPFE3] 7 períodos calculados
2026-04-19 19:24:23 | INFO     | src.valuation.auto_dcf — [CPFE3] valuation carregado do cache
2026-04-19 19:24:23 | INFO     | __main__ — [CPLE6] iniciando análise completa...
2026-04-19 19:24:23 | INFO     | src.analysis.metrics_engine — [CPLE6] 2019: métricas carregadas do cache
2026-04-19 19:24:23 | INFO     | src.analysis.metrics_engine — [CPLE6] 2020: métricas carregadas do cache
2026-04-19 19:24:23 | INFO     | src.analysis.metrics_engine — [CPLE6] 2021: métricas carregadas do cache
2026-04-19 19:24:23 | INFO     | src.analysis.metrics_engine — [CPLE6] 2022: métricas carregadas do cache
2026-04-19 19:24:23 | INFO     | src.analysis.metrics_engine — [CPLE6] 2023: métricas carregadas do cache
2026-04-19 19:24:23 | INFO     | src.analysis.metrics_engine — [CPLE6] 2024: métricas carregadas do cache
2026-04-19 19:24:23 | INFO     | src.analysis.metrics_engine — [CPLE6] 2025: métricas carregadas do cache
2026-04-19 19:24:23 | SUCCESS  | src.analysis.metrics_engine — [CPLE6] 7 períodos calculados
2026-04-19 19:24:23 | INFO     | src.valuation.auto_dcf — [CPLE6] valuation carregado do cache
2026-04-19 19:24:23 | INFO     | __main__ — [EGIE3] iniciando análise completa...
2026-04-19 19:24:23 | INFO     | src.analysis.metrics_engine — [EGIE3] 2019: métricas carregadas do cache
2026-04-19 19:24:23 | INFO     | src.analysis.metrics_engine — [EGIE3] 2020: métricas carregadas do cache
2026-04-19 19:24:23 | INFO     | src.analysis.metrics_engine — [EGIE3] 2021: métricas carregadas do cache
2026-04-19 19:24:23 | INFO     | src.analysis.metrics_engine — [EGIE3] 2022: métricas carregadas do cache
2026-04-19 19:24:23 | INFO     | src.analysis.metrics_engine — [EGIE3] 2023: métricas carregadas do cache
2026-04-19 19:24:23 | INFO     | src.analysis.metrics_engine — [EGIE3] 2024: métricas carregadas do cache
2026-04-19 19:24:23 | INFO     | src.analysis.metrics_engine — [EGIE3] 2025: métricas carregadas do cache
2026-04-19 19:24:23 | SUCCESS  | src.analysis.metrics_engine — [EGIE3] 7 períodos calculados
2026-04-19 19:24:23 | INFO     | src.valuation.auto_dcf — [EGIE3] valuation carregado do cache
2026-04-19 19:24:23 | INFO     | __main__ — [ENGI11] iniciando análise completa...
2026-04-19 19:24:23 | INFO     | src.analysis.metrics_engine — [ENGI11] 2019: métricas carregadas do cache
2026-04-19 19:24:23 | INFO     | src.analysis.metrics_engine — [ENGI11] 2020: métricas carregadas do cache
2026-04-19 19:24:23 | INFO     | src.analysis.metrics_engine — [ENGI11] 2021: métricas carregadas do cache
2026-04-19 19:24:23 | INFO     | src.analysis.metrics_engine — [ENGI11] 2022: métricas carregadas do cache
2026-04-19 19:24:23 | INFO     | src.analysis.metrics_engine — [ENGI11] 2023: métricas carregadas do cache
2026-04-19 19:24:23 | INFO     | src.analysis.metrics_engine — [ENGI11] 2024: métricas carregadas do cache
2026-04-19 19:24:23 | INFO     | src.analysis.metrics_engine — [ENGI11] 2025: métricas carregadas do cache
2026-04-19 19:24:23 | SUCCESS  | src.analysis.metrics_engine — [ENGI11] 7 períodos calculados
2026-04-19 19:24:23 | INFO     | src.valuation.auto_dcf — [ENGI11] valuation carregado do cache
2026-04-19 19:24:23 | INFO     | __main__ — [EQTL3] iniciando análise completa...
2026-04-19 19:24:23 | INFO     | src.analysis.metrics_engine — [EQTL3] 2024: métricas carregadas do cache
2026-04-19 19:24:23 | SUCCESS  | src.analysis.metrics_engine — [EQTL3] 1 períodos calculados
2026-04-19 19:24:23 | INFO     | src.valuation.auto_dcf — [EQTL3] valuation carregado do cache
2026-04-19 19:24:23 | INFO     | __main__ — [AURE3] iniciando análise completa...
2026-04-19 19:24:23 | INFO     | src.analysis.metrics_engine — [AURE3] 2021: métricas carregadas do cache
2026-04-19 19:24:23 | INFO     | src.analysis.metrics_engine — [AURE3] 2022: métricas carregadas do cache
2026-04-19 19:24:23 | INFO     | src.analysis.metrics_engine — [AURE3] 2023: métricas carregadas do cache
2026-04-19 19:24:23 | INFO     | src.analysis.metrics_engine — [AURE3] 2024: métricas carregadas do cache
2026-04-19 19:24:23 | INFO     | src.analysis.metrics_engine — [AURE3] 2025: métricas carregadas do cache
2026-04-19 19:24:23 | SUCCESS  | src.analysis.metrics_engine — [AURE3] 5 períodos calculados
2026-04-19 19:24:23 | INFO     | src.valuation.auto_dcf — [AURE3] valuation carregado do cache
2026-04-19 19:24:23 | INFO     | __main__ — [ISAE4] iniciando análise completa...
2026-04-19 19:24:23 | INFO     | src.analysis.metrics_engine — [ISAE4] 2019: métricas carregadas do cache
2026-04-19 19:24:23 | INFO     | src.analysis.metrics_engine — [ISAE4] 2020: métricas carregadas do cache
2026-04-19 19:24:23 | INFO     | src.analysis.metrics_engine — [ISAE4] 2021: métricas carregadas do cache
2026-04-19 19:24:23 | INFO     | src.analysis.metrics_engine — [ISAE4] 2022: métricas carregadas do cache
2026-04-19 19:24:23 | INFO     | src.analysis.metrics_engine — [ISAE4] 2023: métricas carregadas do cache
2026-04-19 19:24:23 | INFO     | src.analysis.metrics_engine — [ISAE4] 2024: métricas carregadas do cache
2026-04-19 19:24:23 | INFO     | src.analysis.metrics_engine — [ISAE4] 2025: métricas carregadas do cache
2026-04-19 19:24:23 | SUCCESS  | src.analysis.metrics_engine — [ISAE4] 7 períodos calculados
2026-04-19 19:24:23 | INFO     | src.valuation.auto_dcf — [ISAE4] valuation carregado do cache
2026-04-19 19:24:23 | INFO     | __main__ — [TAEE11] iniciando análise completa...
2026-04-19 19:24:23 | INFO     | src.analysis.metrics_engine — [TAEE11] 2019: métricas carregadas do cache
2026-04-19 19:24:23 | INFO     | src.analysis.metrics_engine — [TAEE11] 2020: métricas carregadas do cache
2026-04-19 19:24:23 | INFO     | src.analysis.metrics_engine — [TAEE11] 2021: métricas carregadas do cache
2026-04-19 19:24:23 | INFO     | src.analysis.metrics_engine — [TAEE11] 2022: métricas carregadas do cache
2026-04-19 19:24:23 | INFO     | src.analysis.metrics_engine — [TAEE11] 2023: métricas carregadas do cache
2026-04-19 19:24:23 | INFO     | src.analysis.metrics_engine — [TAEE11] 2024: métricas carregadas do cache
2026-04-19 19:24:23 | INFO     | src.analysis.metrics_engine — [TAEE11] 2025: métricas carregadas do cache
2026-04-19 19:24:23 | SUCCESS  | src.analysis.metrics_engine — [TAEE11] 7 períodos calculados
2026-04-19 19:24:23 | INFO     | src.valuation.auto_dcf — [TAEE11] valuation carregado do cache
2026-04-19 19:24:23 | INFO     | __main__ — [SBSP3] iniciando análise completa...
2026-04-19 19:24:23 | INFO     | src.analysis.metrics_engine — [SBSP3] 2023: métricas carregadas do cache
2026-04-19 19:24:23 | INFO     | src.analysis.metrics_engine — [SBSP3] 2024: métricas carregadas do cache
2026-04-19 19:24:23 | INFO     | src.analysis.metrics_engine — [SBSP3] 2025: métricas carregadas do cache
2026-04-19 19:24:23 | SUCCESS  | src.analysis.metrics_engine — [SBSP3] 3 períodos calculados
2026-04-19 19:24:23 | INFO     | src.valuation.auto_dcf — [SBSP3] valuation carregado do cache
2026-04-19 19:24:23 | INFO     | __main__ — [VIVT3] iniciando análise completa...
2026-04-19 19:24:23 | INFO     | src.analysis.metrics_engine — [VIVT3] 2019: métricas carregadas do cache
2026-04-19 19:24:23 | INFO     | src.analysis.metrics_engine — [VIVT3] 2020: métricas carregadas do cache
2026-04-19 19:24:23 | INFO     | src.analysis.metrics_engine — [VIVT3] 2021: métricas carregadas do cache
2026-04-19 19:24:23 | INFO     | src.analysis.metrics_engine — [VIVT3] 2022: métricas carregadas do cache
2026-04-19 19:24:23 | INFO     | src.analysis.metrics_engine — [VIVT3] 2023: métricas carregadas do cache
2026-04-19 19:24:23 | INFO     | src.analysis.metrics_engine — [VIVT3] 2024: métricas carregadas do cache
2026-04-19 19:24:23 | INFO     | src.analysis.metrics_engine — [VIVT3] 2025: métricas carregadas do cache
2026-04-19 19:24:23 | SUCCESS  | src.analysis.metrics_engine — [VIVT3] 7 períodos calculados
2026-04-19 19:24:23 | INFO     | src.valuation.auto_dcf — [VIVT3] valuation carregado do cache
2026-04-19 19:24:23 | INFO     | __main__ — [TIMS3] iniciando análise completa...
2026-04-19 19:24:23 | INFO     | src.analysis.metrics_engine — [TIMS3] 2020: métricas carregadas do cache
2026-04-19 19:24:23 | INFO     | src.analysis.metrics_engine — [TIMS3] 2022: métricas carregadas do cache
2026-04-19 19:24:23 | INFO     | src.analysis.metrics_engine — [TIMS3] 2023: métricas carregadas do cache
2026-04-19 19:24:23 | INFO     | src.analysis.metrics_engine — [TIMS3] 2024: métricas carregadas do cache
2026-04-19 19:24:23 | INFO     | src.analysis.metrics_engine — [TIMS3] 2025: métricas carregadas do cache
2026-04-19 19:24:23 | SUCCESS  | src.analysis.metrics_engine — [TIMS3] 5 períodos calculados
2026-04-19 19:24:23 | INFO     | src.valuation.auto_dcf — [TIMS3] valuation carregado do cache
2026-04-19 19:24:23 | INFO     | __main__ — [WEGE3] iniciando análise completa...
2026-04-19 19:24:23 | INFO     | src.analysis.metrics_engine — [WEGE3] 2019: métricas carregadas do cache
2026-04-19 19:24:23 | INFO     | src.analysis.metrics_engine — [WEGE3] 2020: métricas carregadas do cache
2026-04-19 19:24:23 | INFO     | src.analysis.metrics_engine — [WEGE3] 2021: métricas carregadas do cache
2026-04-19 19:24:23 | INFO     | src.analysis.metrics_engine — [WEGE3] 2022: métricas carregadas do cache
2026-04-19 19:24:23 | INFO     | src.analysis.metrics_engine — [WEGE3] 2023: métricas carregadas do cache
2026-04-19 19:24:23 | INFO     | src.analysis.metrics_engine — [WEGE3] 2024: métricas carregadas do cache
2026-04-19 19:24:23 | INFO     | src.analysis.metrics_engine — [WEGE3] 2025: métricas carregadas do cache
2026-04-19 19:24:23 | SUCCESS  | src.analysis.metrics_engine — [WEGE3] 7 períodos calculados
2026-04-19 19:24:23 | INFO     | src.valuation.auto_dcf — [WEGE3] valuation carregado do cache
2026-04-19 19:24:23 | INFO     | __main__ — [EMBR3] iniciando análise completa...
2026-04-19 19:24:23 | INFO     | src.analysis.metrics_engine — [EMBR3] 2019: métricas carregadas do cache
2026-04-19 19:24:23 | INFO     | src.analysis.metrics_engine — [EMBR3] 2020: métricas carregadas do cache
2026-04-19 19:24:23 | INFO     | src.analysis.metrics_engine — [EMBR3] 2021: métricas carregadas do cache
2026-04-19 19:24:23 | INFO     | src.analysis.metrics_engine — [EMBR3] 2022: métricas carregadas do cache
2026-04-19 19:24:23 | INFO     | src.analysis.metrics_engine — [EMBR3] 2023: métricas carregadas do cache
2026-04-19 19:24:23 | INFO     | src.analysis.metrics_engine — [EMBR3] 2024: métricas carregadas do cache
2026-04-19 19:24:23 | INFO     | src.analysis.metrics_engine — [EMBR3] 2025: métricas carregadas do cache
2026-04-19 19:24:23 | SUCCESS  | src.analysis.metrics_engine — [EMBR3] 7 períodos calculados
2026-04-19 19:24:23 | INFO     | src.valuation.auto_dcf — [EMBR3] valuation carregado do cache
2026-04-19 19:24:23 | INFO     | __main__ — [POMO4] iniciando análise completa...
2026-04-19 19:24:23 | INFO     | src.analysis.metrics_engine — [POMO4] 2019: métricas carregadas do cache
2026-04-19 19:24:23 | INFO     | src.analysis.metrics_engine — [POMO4] 2020: métricas carregadas do cache
2026-04-19 19:24:23 | INFO     | src.analysis.metrics_engine — [POMO4] 2021: métricas carregadas do cache
2026-04-19 19:24:23 | INFO     | src.analysis.metrics_engine — [POMO4] 2022: métricas carregadas do cache
2026-04-19 19:24:23 | INFO     | src.analysis.metrics_engine — [POMO4] 2023: métricas carregadas do cache
2026-04-19 19:24:23 | INFO     | src.analysis.metrics_engine — [POMO4] 2024: métricas carregadas do cache
2026-04-19 19:24:23 | INFO     | src.analysis.metrics_engine — [POMO4] 2025: métricas carregadas do cache
2026-04-19 19:24:23 | SUCCESS  | src.analysis.metrics_engine — [POMO4] 7 períodos calculados
2026-04-19 19:24:23 | INFO     | src.valuation.auto_dcf — [POMO4] valuation carregado do cache
2026-04-19 19:24:23 | INFO     | __main__ — [STBP3] iniciando análise completa...
2026-04-19 19:24:23 | INFO     | src.analysis.metrics_engine — [STBP3] 2019: métricas carregadas do cache
2026-04-19 19:24:23 | INFO     | src.analysis.metrics_engine — [STBP3] 2020: métricas carregadas do cache
2026-04-19 19:24:23 | INFO     | src.analysis.metrics_engine — [STBP3] 2021: métricas carregadas do cache
2026-04-19 19:24:23 | INFO     | src.analysis.metrics_engine — [STBP3] 2022: métricas carregadas do cache
2026-04-19 19:24:23 | INFO     | src.analysis.metrics_engine — [STBP3] 2023: métricas carregadas do cache
2026-04-19 19:24:23 | INFO     | src.analysis.metrics_engine — [STBP3] 2024: métricas carregadas do cache
2026-04-19 19:24:23 | INFO     | src.analysis.metrics_engine — [STBP3] 2025: métricas carregadas do cache
2026-04-19 19:24:23 | SUCCESS  | src.analysis.metrics_engine — [STBP3] 7 períodos calculados
2026-04-19 19:24:23 | INFO     | src.valuation.auto_dcf — [STBP3] valuation carregado do cache
2026-04-19 19:24:23 | INFO     | __main__ — [CCRO3] iniciando análise completa...
2026-04-19 19:24:23 | INFO     | src.analysis.metrics_engine — [CCRO3] 2019: métricas carregadas do cache
2026-04-19 19:24:23 | INFO     | src.analysis.metrics_engine — [CCRO3] 2020: métricas carregadas do cache
2026-04-19 19:24:23 | INFO     | src.analysis.metrics_engine — [CCRO3] 2021: métricas carregadas do cache
2026-04-19 19:24:23 | INFO     | src.analysis.metrics_engine — [CCRO3] 2022: métricas carregadas do cache
2026-04-19 19:24:23 | INFO     | src.analysis.metrics_engine — [CCRO3] 2023: métricas carregadas do cache
2026-04-19 19:24:23 | INFO     | src.analysis.metrics_engine — [CCRO3] 2024: métricas carregadas do cache
2026-04-19 19:24:23 | INFO     | src.analysis.metrics_engine — [CCRO3] 2025: métricas carregadas do cache
2026-04-19 19:24:23 | SUCCESS  | src.analysis.metrics_engine — [CCRO3] 7 períodos calculados
2026-04-19 19:24:23 | INFO     | src.valuation.auto_dcf — [CCRO3] valuation carregado do cache
2026-04-19 19:24:23 | INFO     | __main__ — [RAIL3] iniciando análise completa...
2026-04-19 19:24:23 | INFO     | src.analysis.metrics_engine — [RAIL3] 2019: métricas carregadas do cache
2026-04-19 19:24:23 | INFO     | src.analysis.metrics_engine — [RAIL3] 2020: métricas carregadas do cache
2026-04-19 19:24:23 | INFO     | src.analysis.metrics_engine — [RAIL3] 2021: métricas carregadas do cache
2026-04-19 19:24:23 | INFO     | src.analysis.metrics_engine — [RAIL3] 2022: métricas carregadas do cache
2026-04-19 19:24:23 | INFO     | src.analysis.metrics_engine — [RAIL3] 2023: métricas carregadas do cache
2026-04-19 19:24:23 | INFO     | src.analysis.metrics_engine — [RAIL3] 2024: métricas carregadas do cache
2026-04-19 19:24:23 | INFO     | src.analysis.metrics_engine — [RAIL3] 2025: métricas carregadas do cache
2026-04-19 19:24:23 | SUCCESS  | src.analysis.metrics_engine — [RAIL3] 7 períodos calculados
2026-04-19 19:24:23 | INFO     | src.valuation.auto_dcf — [RAIL3] valuation carregado do cache
2026-04-19 19:24:23 | INFO     | __main__ — [UGPA3] iniciando análise completa...
2026-04-19 19:24:23 | INFO     | src.analysis.metrics_engine — [UGPA3] 2019: métricas carregadas do cache
2026-04-19 19:24:23 | INFO     | src.analysis.metrics_engine — [UGPA3] 2020: métricas carregadas do cache
2026-04-19 19:24:23 | INFO     | src.analysis.metrics_engine — [UGPA3] 2021: métricas carregadas do cache
2026-04-19 19:24:23 | INFO     | src.analysis.metrics_engine — [UGPA3] 2022: métricas carregadas do cache
2026-04-19 19:24:23 | INFO     | src.analysis.metrics_engine — [UGPA3] 2023: métricas carregadas do cache
2026-04-19 19:24:23 | INFO     | src.analysis.metrics_engine — [UGPA3] 2024: métricas carregadas do cache
2026-04-19 19:24:23 | INFO     | src.analysis.metrics_engine — [UGPA3] 2025: métricas carregadas do cache
2026-04-19 19:24:23 | SUCCESS  | src.analysis.metrics_engine — [UGPA3] 7 períodos calculados
2026-04-19 19:24:23 | INFO     | src.valuation.auto_dcf — [UGPA3] valuation carregado do cache
2026-04-19 19:24:23 | INFO     | __main__ — [SUZB3] iniciando análise completa...
2026-04-19 19:24:23 | INFO     | src.analysis.metrics_engine — [SUZB3] 2019: métricas carregadas do cache
2026-04-19 19:24:23 | INFO     | src.analysis.metrics_engine — [SUZB3] 2020: métricas carregadas do cache
2026-04-19 19:24:23 | INFO     | src.analysis.metrics_engine — [SUZB3] 2021: métricas carregadas do cache
2026-04-19 19:24:23 | INFO     | src.analysis.metrics_engine — [SUZB3] 2022: métricas carregadas do cache
2026-04-19 19:24:23 | INFO     | src.analysis.metrics_engine — [SUZB3] 2023: métricas carregadas do cache
2026-04-19 19:24:23 | INFO     | src.analysis.metrics_engine — [SUZB3] 2024: métricas carregadas do cache
2026-04-19 19:24:23 | INFO     | src.analysis.metrics_engine — [SUZB3] 2025: métricas carregadas do cache
2026-04-19 19:24:23 | SUCCESS  | src.analysis.metrics_engine — [SUZB3] 7 períodos calculados
2026-04-19 19:24:23 | INFO     | src.valuation.auto_dcf — [SUZB3] valuation carregado do cache
2026-04-19 19:24:23 | INFO     | __main__ — [KLBN11] iniciando análise completa...
2026-04-19 19:24:23 | INFO     | src.analysis.metrics_engine — [KLBN11] 2019: métricas carregadas do cache
2026-04-19 19:24:23 | INFO     | src.analysis.metrics_engine — [KLBN11] 2020: métricas carregadas do cache
2026-04-19 19:24:23 | INFO     | src.analysis.metrics_engine — [KLBN11] 2021: métricas carregadas do cache
2026-04-19 19:24:23 | INFO     | src.analysis.metrics_engine — [KLBN11] 2022: métricas carregadas do cache
2026-04-19 19:24:23 | INFO     | src.analysis.metrics_engine — [KLBN11] 2023: métricas carregadas do cache
2026-04-19 19:24:23 | INFO     | src.analysis.metrics_engine — [KLBN11] 2024: métricas carregadas do cache
2026-04-19 19:24:23 | INFO     | src.analysis.metrics_engine — [KLBN11] 2025: métricas carregadas do cache
2026-04-19 19:24:23 | SUCCESS  | src.analysis.metrics_engine — [KLBN11] 7 períodos calculados
2026-04-19 19:24:23 | INFO     | src.valuation.auto_dcf — [KLBN11] valuation carregado do cache
2026-04-19 19:24:23 | INFO     | __main__ — [ABEV3] iniciando análise completa...
2026-04-19 19:24:23 | INFO     | src.analysis.metrics_engine — [ABEV3] 2019: métricas carregadas do cache
2026-04-19 19:24:23 | INFO     | src.analysis.metrics_engine — [ABEV3] 2020: métricas carregadas do cache
2026-04-19 19:24:23 | INFO     | src.analysis.metrics_engine — [ABEV3] 2021: métricas carregadas do cache
2026-04-19 19:24:23 | INFO     | src.analysis.metrics_engine — [ABEV3] 2022: métricas carregadas do cache
2026-04-19 19:24:23 | INFO     | src.analysis.metrics_engine — [ABEV3] 2023: métricas carregadas do cache
2026-04-19 19:24:23 | INFO     | src.analysis.metrics_engine — [ABEV3] 2024: métricas carregadas do cache
2026-04-19 19:24:23 | INFO     | src.analysis.metrics_engine — [ABEV3] 2025: métricas carregadas do cache
2026-04-19 19:24:23 | SUCCESS  | src.analysis.metrics_engine — [ABEV3] 7 períodos calculados
2026-04-19 19:24:23 | INFO     | src.valuation.auto_dcf — [ABEV3] valuation carregado do cache
2026-04-19 19:24:23 | INFO     | __main__ — [JBSS3] iniciando análise completa...
2026-04-19 19:24:23 | INFO     | src.analysis.metrics_engine — [JBSS3] 2019: métricas carregadas do cache
2026-04-19 19:24:23 | INFO     | src.analysis.metrics_engine — [JBSS3] 2020: métricas carregadas do cache
2026-04-19 19:24:23 | INFO     | src.analysis.metrics_engine — [JBSS3] 2021: métricas carregadas do cache
2026-04-19 19:24:23 | INFO     | src.analysis.metrics_engine — [JBSS3] 2022: métricas carregadas do cache
2026-04-19 19:24:23 | INFO     | src.analysis.metrics_engine — [JBSS3] 2023: métricas carregadas do cache
2026-04-19 19:24:23 | INFO     | src.analysis.metrics_engine — [JBSS3] 2024: métricas carregadas do cache
2026-04-19 19:24:23 | INFO     | src.analysis.metrics_engine — [JBSS3] 2025: métricas carregadas do cache
2026-04-19 19:24:23 | SUCCESS  | src.analysis.metrics_engine — [JBSS3] 7 períodos calculados
2026-04-19 19:24:23 | INFO     | src.valuation.auto_dcf — [JBSS3] valuation carregado do cache
2026-04-19 19:24:23 | INFO     | __main__ — [BRFS3] iniciando análise completa...
2026-04-19 19:24:23 | INFO     | src.analysis.metrics_engine — [BRFS3] 2019: métricas carregadas do cache
2026-04-19 19:24:23 | INFO     | src.analysis.metrics_engine — [BRFS3] 2020: métricas carregadas do cache
2026-04-19 19:24:23 | INFO     | src.analysis.metrics_engine — [BRFS3] 2021: métricas carregadas do cache
2026-04-19 19:24:23 | INFO     | src.analysis.metrics_engine — [BRFS3] 2022: métricas carregadas do cache
2026-04-19 19:24:23 | INFO     | src.analysis.metrics_engine — [BRFS3] 2023: métricas carregadas do cache
2026-04-19 19:24:23 | INFO     | src.analysis.metrics_engine — [BRFS3] 2024: métricas carregadas do cache
2026-04-19 19:24:23 | INFO     | src.analysis.metrics_engine — [BRFS3] 2025: métricas carregadas do cache
2026-04-19 19:24:23 | SUCCESS  | src.analysis.metrics_engine — [BRFS3] 7 períodos calculados
2026-04-19 19:24:23 | INFO     | src.valuation.auto_dcf — [BRFS3] valuation carregado do cache
2026-04-19 19:24:23 | INFO     | __main__ — [MRFG3] iniciando análise completa...
2026-04-19 19:24:23 | INFO     | src.analysis.metrics_engine — [MRFG3] 2019: métricas carregadas do cache
2026-04-19 19:24:23 | INFO     | src.analysis.metrics_engine — [MRFG3] 2020: métricas carregadas do cache
2026-04-19 19:24:23 | INFO     | src.analysis.metrics_engine — [MRFG3] 2021: métricas carregadas do cache
2026-04-19 19:24:23 | INFO     | src.analysis.metrics_engine — [MRFG3] 2022: métricas carregadas do cache
2026-04-19 19:24:23 | INFO     | src.analysis.metrics_engine — [MRFG3] 2023: métricas carregadas do cache
2026-04-19 19:24:23 | INFO     | src.analysis.metrics_engine — [MRFG3] 2024: métricas carregadas do cache
2026-04-19 19:24:23 | INFO     | src.analysis.metrics_engine — [MRFG3] 2025: métricas carregadas do cache
2026-04-19 19:24:23 | SUCCESS  | src.analysis.metrics_engine — [MRFG3] 7 períodos calculados
2026-04-19 19:24:23 | INFO     | src.valuation.auto_dcf — [MRFG3] valuation carregado do cache
2026-04-19 19:24:23 | INFO     | __main__ — [BEEF3] iniciando análise completa...
2026-04-19 19:24:23 | INFO     | src.analysis.metrics_engine — [BEEF3] 2019: métricas carregadas do cache
2026-04-19 19:24:23 | INFO     | src.analysis.metrics_engine — [BEEF3] 2020: métricas carregadas do cache
2026-04-19 19:24:23 | INFO     | src.analysis.metrics_engine — [BEEF3] 2021: métricas carregadas do cache
2026-04-19 19:24:23 | INFO     | src.analysis.metrics_engine — [BEEF3] 2022: métricas carregadas do cache
2026-04-19 19:24:23 | INFO     | src.analysis.metrics_engine — [BEEF3] 2023: métricas carregadas do cache
2026-04-19 19:24:23 | INFO     | src.analysis.metrics_engine — [BEEF3] 2024: métricas carregadas do cache
2026-04-19 19:24:23 | INFO     | src.analysis.metrics_engine — [BEEF3] 2025: métricas carregadas do cache
2026-04-19 19:24:23 | SUCCESS  | src.analysis.metrics_engine — [BEEF3] 7 períodos calculados
2026-04-19 19:24:23 | INFO     | src.valuation.auto_dcf — [BEEF3] valuation carregado do cache
2026-04-19 19:24:23 | INFO     | __main__ — [SMTO3] iniciando análise completa...
2026-04-19 19:24:23 | INFO     | src.analysis.metrics_engine — [SMTO3] 2019: métricas carregadas do cache
2026-04-19 19:24:23 | INFO     | src.analysis.metrics_engine — [SMTO3] 2020: métricas carregadas do cache
2026-04-19 19:24:23 | INFO     | src.analysis.metrics_engine — [SMTO3] 2021: métricas carregadas do cache
2026-04-19 19:24:23 | INFO     | src.analysis.metrics_engine — [SMTO3] 2022: métricas carregadas do cache
2026-04-19 19:24:23 | INFO     | src.analysis.metrics_engine — [SMTO3] 2023: métricas carregadas do cache
2026-04-19 19:24:23 | INFO     | src.analysis.metrics_engine — [SMTO3] 2024: métricas carregadas do cache
2026-04-19 19:24:23 | INFO     | src.analysis.metrics_engine — [SMTO3] 2025: métricas carregadas do cache
2026-04-19 19:24:23 | SUCCESS  | src.analysis.metrics_engine — [SMTO3] 7 períodos calculados
2026-04-19 19:24:23 | INFO     | src.valuation.auto_dcf — [SMTO3] valuation carregado do cache
2026-04-19 19:24:23 | INFO     | __main__ — [SLCE3] iniciando análise completa...
2026-04-19 19:24:23 | INFO     | src.analysis.metrics_engine — [SLCE3] 2019: métricas carregadas do cache
2026-04-19 19:24:23 | INFO     | src.analysis.metrics_engine — [SLCE3] 2020: métricas carregadas do cache
2026-04-19 19:24:23 | INFO     | src.analysis.metrics_engine — [SLCE3] 2021: métricas carregadas do cache
2026-04-19 19:24:23 | INFO     | src.analysis.metrics_engine — [SLCE3] 2022: métricas carregadas do cache
2026-04-19 19:24:23 | INFO     | src.analysis.metrics_engine — [SLCE3] 2023: métricas carregadas do cache
2026-04-19 19:24:23 | INFO     | src.analysis.metrics_engine — [SLCE3] 2024: métricas carregadas do cache
2026-04-19 19:24:23 | INFO     | src.analysis.metrics_engine — [SLCE3] 2025: métricas carregadas do cache
2026-04-19 19:24:23 | SUCCESS  | src.analysis.metrics_engine — [SLCE3] 7 períodos calculados
2026-04-19 19:24:23 | INFO     | src.valuation.auto_dcf — [SLCE3] valuation carregado do cache
2026-04-19 19:24:23 | INFO     | __main__ — [LREN3] iniciando análise completa...
2026-04-19 19:24:23 | INFO     | src.analysis.metrics_engine — [LREN3] 2019: métricas carregadas do cache
2026-04-19 19:24:23 | INFO     | src.analysis.metrics_engine — [LREN3] 2020: métricas carregadas do cache
2026-04-19 19:24:23 | INFO     | src.analysis.metrics_engine — [LREN3] 2021: métricas carregadas do cache
2026-04-19 19:24:23 | INFO     | src.analysis.metrics_engine — [LREN3] 2022: métricas carregadas do cache
2026-04-19 19:24:23 | INFO     | src.analysis.metrics_engine — [LREN3] 2023: métricas carregadas do cache
2026-04-19 19:24:23 | INFO     | src.analysis.metrics_engine — [LREN3] 2024: métricas carregadas do cache
2026-04-19 19:24:23 | INFO     | src.analysis.metrics_engine — [LREN3] 2025: métricas carregadas do cache
2026-04-19 19:24:23 | SUCCESS  | src.analysis.metrics_engine — [LREN3] 7 períodos calculados
2026-04-19 19:24:23 | INFO     | src.valuation.auto_dcf — [LREN3] valuation carregado do cache
2026-04-19 19:24:23 | INFO     | __main__ — [MGLU3] iniciando análise completa...
2026-04-19 19:24:23 | INFO     | src.analysis.metrics_engine — [MGLU3] 2019: métricas carregadas do cache
2026-04-19 19:24:23 | INFO     | src.analysis.metrics_engine — [MGLU3] 2020: métricas carregadas do cache
2026-04-19 19:24:23 | INFO     | src.analysis.metrics_engine — [MGLU3] 2021: métricas carregadas do cache
2026-04-19 19:24:23 | INFO     | src.analysis.metrics_engine — [MGLU3] 2022: métricas carregadas do cache
2026-04-19 19:24:23 | INFO     | src.analysis.metrics_engine — [MGLU3] 2023: métricas carregadas do cache
2026-04-19 19:24:23 | INFO     | src.analysis.metrics_engine — [MGLU3] 2024: métricas carregadas do cache
2026-04-19 19:24:23 | INFO     | src.analysis.metrics_engine — [MGLU3] 2025: métricas carregadas do cache
2026-04-19 19:24:23 | SUCCESS  | src.analysis.metrics_engine — [MGLU3] 7 períodos calculados
2026-04-19 19:24:23 | INFO     | src.valuation.auto_dcf — [MGLU3] valuation carregado do cache
2026-04-19 19:24:23 | INFO     | __main__ — [AZZA3] iniciando análise completa...
2026-04-19 19:24:23 | INFO     | src.analysis.metrics_engine — [AZZA3] 2019: métricas carregadas do cache
2026-04-19 19:24:23 | INFO     | src.analysis.metrics_engine — [AZZA3] 2020: métricas carregadas do cache
2026-04-19 19:24:23 | INFO     | src.analysis.metrics_engine — [AZZA3] 2021: métricas carregadas do cache
2026-04-19 19:24:23 | INFO     | src.analysis.metrics_engine — [AZZA3] 2022: métricas carregadas do cache
2026-04-19 19:24:23 | INFO     | src.analysis.metrics_engine — [AZZA3] 2023: métricas carregadas do cache
2026-04-19 19:24:23 | INFO     | src.analysis.metrics_engine — [AZZA3] 2024: métricas carregadas do cache
2026-04-19 19:24:23 | INFO     | src.analysis.metrics_engine — [AZZA3] 2025: métricas carregadas do cache
2026-04-19 19:24:23 | SUCCESS  | src.analysis.metrics_engine — [AZZA3] 7 períodos calculados
2026-04-19 19:24:23 | INFO     | src.valuation.auto_dcf — [AZZA3] valuation carregado do cache
2026-04-19 19:24:23 | INFO     | __main__ — [NTCO3] iniciando análise completa...
2026-04-19 19:24:23 | INFO     | src.analysis.metrics_engine — [NTCO3] 2019: métricas carregadas do cache
2026-04-19 19:24:23 | INFO     | src.analysis.metrics_engine — [NTCO3] 2020: métricas carregadas do cache
2026-04-19 19:24:23 | INFO     | src.analysis.metrics_engine — [NTCO3] 2021: métricas carregadas do cache
2026-04-19 19:24:23 | INFO     | src.analysis.metrics_engine — [NTCO3] 2022: métricas carregadas do cache
2026-04-19 19:24:23 | INFO     | src.analysis.metrics_engine — [NTCO3] 2023: métricas carregadas do cache
2026-04-19 19:24:23 | INFO     | src.analysis.metrics_engine — [NTCO3] 2024: métricas carregadas do cache
2026-04-19 19:24:23 | INFO     | src.analysis.metrics_engine — [NTCO3] 2025: métricas carregadas do cache
2026-04-19 19:24:23 | SUCCESS  | src.analysis.metrics_engine — [NTCO3] 7 períodos calculados
2026-04-19 19:24:23 | INFO     | src.valuation.auto_dcf — [NTCO3] valuation carregado do cache
2026-04-19 19:24:23 | INFO     | __main__ — [CRFB3] iniciando análise completa...
2026-04-19 19:24:23 | INFO     | src.analysis.metrics_engine — [CRFB3] 2019: métricas carregadas do cache
2026-04-19 19:24:23 | INFO     | src.analysis.metrics_engine — [CRFB3] 2020: métricas carregadas do cache
2026-04-19 19:24:23 | INFO     | src.analysis.metrics_engine — [CRFB3] 2021: métricas carregadas do cache
2026-04-19 19:24:23 | INFO     | src.analysis.metrics_engine — [CRFB3] 2022: métricas carregadas do cache
2026-04-19 19:24:23 | INFO     | src.analysis.metrics_engine — [CRFB3] 2023: métricas carregadas do cache
2026-04-19 19:24:23 | INFO     | src.analysis.metrics_engine — [CRFB3] 2024: métricas carregadas do cache
2026-04-19 19:24:23 | SUCCESS  | src.analysis.metrics_engine — [CRFB3] 6 períodos calculados
2026-04-19 19:24:23 | INFO     | src.valuation.auto_dcf — [CRFB3] valuation carregado do cache
2026-04-19 19:24:23 | INFO     | __main__ — [PCAR3] iniciando análise completa...
2026-04-19 19:24:23 | INFO     | src.analysis.metrics_engine — [PCAR3] 2019: métricas carregadas do cache
2026-04-19 19:24:23 | INFO     | src.analysis.metrics_engine — [PCAR3] 2020: métricas carregadas do cache
2026-04-19 19:24:23 | INFO     | src.analysis.metrics_engine — [PCAR3] 2021: métricas carregadas do cache
2026-04-19 19:24:23 | INFO     | src.analysis.metrics_engine — [PCAR3] 2022: métricas carregadas do cache
2026-04-19 19:24:23 | INFO     | src.analysis.metrics_engine — [PCAR3] 2023: métricas carregadas do cache
2026-04-19 19:24:23 | INFO     | src.analysis.metrics_engine — [PCAR3] 2024: métricas carregadas do cache
2026-04-19 19:24:23 | INFO     | src.analysis.metrics_engine — [PCAR3] 2025: métricas carregadas do cache
2026-04-19 19:24:23 | SUCCESS  | src.analysis.metrics_engine — [PCAR3] 7 períodos calculados
2026-04-19 19:24:23 | INFO     | src.valuation.auto_dcf — [PCAR3] valuation carregado do cache
2026-04-19 19:24:23 | INFO     | __main__ — [PETZ3] iniciando análise completa...
2026-04-19 19:24:23 | INFO     | src.analysis.metrics_engine — [PETZ3] 2021: métricas carregadas do cache
2026-04-19 19:24:23 | INFO     | src.analysis.metrics_engine — [PETZ3] 2022: métricas carregadas do cache
2026-04-19 19:24:23 | INFO     | src.analysis.metrics_engine — [PETZ3] 2023: métricas carregadas do cache
2026-04-19 19:24:23 | INFO     | src.analysis.metrics_engine — [PETZ3] 2024: métricas carregadas do cache
2026-04-19 19:24:23 | INFO     | src.analysis.metrics_engine — [PETZ3] 2025: métricas carregadas do cache
2026-04-19 19:24:23 | SUCCESS  | src.analysis.metrics_engine — [PETZ3] 5 períodos calculados
2026-04-19 19:24:23 | INFO     | src.valuation.auto_dcf — [PETZ3] valuation carregado do cache
2026-04-19 19:24:23 | INFO     | __main__ — [VIVA3] iniciando análise completa...
2026-04-19 19:24:23 | INFO     | src.analysis.metrics_engine — [VIVA3] 2019: métricas carregadas do cache
2026-04-19 19:24:23 | INFO     | src.analysis.metrics_engine — [VIVA3] 2020: métricas carregadas do cache
2026-04-19 19:24:23 | INFO     | src.analysis.metrics_engine — [VIVA3] 2021: métricas carregadas do cache
2026-04-19 19:24:23 | INFO     | src.analysis.metrics_engine — [VIVA3] 2022: métricas carregadas do cache
2026-04-19 19:24:23 | INFO     | src.analysis.metrics_engine — [VIVA3] 2023: métricas carregadas do cache
2026-04-19 19:24:23 | INFO     | src.analysis.metrics_engine — [VIVA3] 2024: métricas carregadas do cache
2026-04-19 19:24:23 | INFO     | src.analysis.metrics_engine — [VIVA3] 2025: métricas carregadas do cache
2026-04-19 19:24:23 | SUCCESS  | src.analysis.metrics_engine — [VIVA3] 7 períodos calculados
2026-04-19 19:24:23 | INFO     | src.valuation.auto_dcf — [VIVA3] valuation carregado do cache
2026-04-19 19:24:23 | INFO     | __main__ — [AMOB3] iniciando análise completa...
2026-04-19 19:24:23 | INFO     | src.analysis.metrics_engine — [AMOB3] 2023: métricas carregadas do cache
2026-04-19 19:24:23 | INFO     | src.analysis.metrics_engine — [AMOB3] 2024: métricas carregadas do cache
2026-04-19 19:24:23 | INFO     | src.analysis.metrics_engine — [AMOB3] 2025: métricas carregadas do cache
2026-04-19 19:24:23 | SUCCESS  | src.analysis.metrics_engine — [AMOB3] 3 períodos calculados
2026-04-19 19:24:23 | INFO     | src.valuation.auto_dcf — [AMOB3] valuation carregado do cache
2026-04-19 19:24:23 | INFO     | __main__ — [RDOR3] iniciando análise completa...
2026-04-19 19:24:23 | INFO     | src.analysis.metrics_engine — [RDOR3] 2019: métricas carregadas do cache
2026-04-19 19:24:23 | INFO     | src.analysis.metrics_engine — [RDOR3] 2020: métricas carregadas do cache
2026-04-19 19:24:23 | INFO     | src.analysis.metrics_engine — [RDOR3] 2021: métricas carregadas do cache
2026-04-19 19:24:23 | INFO     | src.analysis.metrics_engine — [RDOR3] 2022: métricas carregadas do cache
2026-04-19 19:24:23 | INFO     | src.analysis.metrics_engine — [RDOR3] 2023: métricas carregadas do cache
2026-04-19 19:24:23 | INFO     | src.analysis.metrics_engine — [RDOR3] 2024: métricas carregadas do cache
2026-04-19 19:24:23 | INFO     | src.analysis.metrics_engine — [RDOR3] 2025: métricas carregadas do cache
2026-04-19 19:24:23 | SUCCESS  | src.analysis.metrics_engine — [RDOR3] 7 períodos calculados
2026-04-19 19:24:23 | INFO     | src.valuation.auto_dcf — [RDOR3] valuation carregado do cache
2026-04-19 19:24:23 | INFO     | __main__ — [HAPV3] iniciando análise completa...
2026-04-19 19:24:23 | INFO     | src.analysis.metrics_engine — [HAPV3] 2019: métricas carregadas do cache
2026-04-19 19:24:23 | INFO     | src.analysis.metrics_engine — [HAPV3] 2020: métricas carregadas do cache
2026-04-19 19:24:23 | INFO     | src.analysis.metrics_engine — [HAPV3] 2021: métricas carregadas do cache
2026-04-19 19:24:23 | INFO     | src.analysis.metrics_engine — [HAPV3] 2022: métricas carregadas do cache
2026-04-19 19:24:23 | INFO     | src.analysis.metrics_engine — [HAPV3] 2023: métricas carregadas do cache
2026-04-19 19:24:23 | INFO     | src.analysis.metrics_engine — [HAPV3] 2024: métricas carregadas do cache
2026-04-19 19:24:23 | INFO     | src.analysis.metrics_engine — [HAPV3] 2025: métricas carregadas do cache
2026-04-19 19:24:23 | SUCCESS  | src.analysis.metrics_engine — [HAPV3] 7 períodos calculados
2026-04-19 19:24:23 | INFO     | src.valuation.auto_dcf — [HAPV3] valuation carregado do cache
2026-04-19 19:24:23 | INFO     | __main__ — [FLRY3] iniciando análise completa...
2026-04-19 19:24:23 | INFO     | src.analysis.metrics_engine — [FLRY3] 2019: métricas carregadas do cache
2026-04-19 19:24:23 | INFO     | src.analysis.metrics_engine — [FLRY3] 2020: métricas carregadas do cache
2026-04-19 19:24:23 | INFO     | src.analysis.metrics_engine — [FLRY3] 2021: métricas carregadas do cache
2026-04-19 19:24:23 | INFO     | src.analysis.metrics_engine — [FLRY3] 2022: métricas carregadas do cache
2026-04-19 19:24:23 | INFO     | src.analysis.metrics_engine — [FLRY3] 2023: métricas carregadas do cache
2026-04-19 19:24:23 | INFO     | src.analysis.metrics_engine — [FLRY3] 2024: métricas carregadas do cache
2026-04-19 19:24:23 | INFO     | src.analysis.metrics_engine — [FLRY3] 2025: métricas carregadas do cache
2026-04-19 19:24:23 | SUCCESS  | src.analysis.metrics_engine — [FLRY3] 7 períodos calculados
2026-04-19 19:24:23 | INFO     | src.valuation.auto_dcf — [FLRY3] valuation carregado do cache
2026-04-19 19:24:23 | INFO     | __main__ — [HYPE3] iniciando análise completa...
2026-04-19 19:24:23 | INFO     | src.analysis.metrics_engine — [HYPE3] 2019: métricas carregadas do cache
2026-04-19 19:24:23 | INFO     | src.analysis.metrics_engine — [HYPE3] 2020: métricas carregadas do cache
2026-04-19 19:24:23 | INFO     | src.analysis.metrics_engine — [HYPE3] 2021: métricas carregadas do cache
2026-04-19 19:24:23 | INFO     | src.analysis.metrics_engine — [HYPE3] 2022: métricas carregadas do cache
2026-04-19 19:24:23 | INFO     | src.analysis.metrics_engine — [HYPE3] 2023: métricas carregadas do cache
2026-04-19 19:24:23 | INFO     | src.analysis.metrics_engine — [HYPE3] 2024: métricas carregadas do cache
2026-04-19 19:24:23 | INFO     | src.analysis.metrics_engine — [HYPE3] 2025: métricas carregadas do cache
2026-04-19 19:24:23 | SUCCESS  | src.analysis.metrics_engine — [HYPE3] 7 períodos calculados
2026-04-19 19:24:23 | INFO     | src.valuation.auto_dcf — [HYPE3] valuation carregado do cache
2026-04-19 19:24:23 | INFO     | __main__ — [RADL3] iniciando análise completa...
2026-04-19 19:24:23 | INFO     | src.analysis.metrics_engine — [RADL3] 2019: métricas carregadas do cache
2026-04-19 19:24:23 | INFO     | src.analysis.metrics_engine — [RADL3] 2020: métricas carregadas do cache
2026-04-19 19:24:23 | INFO     | src.analysis.metrics_engine — [RADL3] 2021: métricas carregadas do cache
2026-04-19 19:24:23 | INFO     | src.analysis.metrics_engine — [RADL3] 2022: métricas carregadas do cache
2026-04-19 19:24:23 | INFO     | src.analysis.metrics_engine — [RADL3] 2023: métricas carregadas do cache
2026-04-19 19:24:23 | INFO     | src.analysis.metrics_engine — [RADL3] 2024: métricas carregadas do cache
2026-04-19 19:24:23 | INFO     | src.analysis.metrics_engine — [RADL3] 2025: métricas carregadas do cache
2026-04-19 19:24:23 | SUCCESS  | src.analysis.metrics_engine — [RADL3] 7 períodos calculados
2026-04-19 19:24:23 | INFO     | src.valuation.auto_dcf — [RADL3] valuation carregado do cache
2026-04-19 19:24:23 | INFO     | __main__ — [MULT3] iniciando análise completa...
2026-04-19 19:24:23 | INFO     | src.analysis.metrics_engine — [MULT3] 2019: métricas carregadas do cache
2026-04-19 19:24:23 | INFO     | src.analysis.metrics_engine — [MULT3] 2020: métricas carregadas do cache
2026-04-19 19:24:23 | INFO     | src.analysis.metrics_engine — [MULT3] 2021: métricas carregadas do cache
2026-04-19 19:24:23 | INFO     | src.analysis.metrics_engine — [MULT3] 2022: métricas carregadas do cache
2026-04-19 19:24:23 | INFO     | src.analysis.metrics_engine — [MULT3] 2023: métricas carregadas do cache
2026-04-19 19:24:23 | INFO     | src.analysis.metrics_engine — [MULT3] 2024: métricas carregadas do cache
2026-04-19 19:24:23 | INFO     | src.analysis.metrics_engine — [MULT3] 2025: métricas carregadas do cache
2026-04-19 19:24:23 | SUCCESS  | src.analysis.metrics_engine — [MULT3] 7 períodos calculados
2026-04-19 19:24:23 | INFO     | src.valuation.auto_dcf — [MULT3] valuation carregado do cache
2026-04-19 19:24:23 | INFO     | __main__ — [CYRE3] iniciando análise completa...
2026-04-19 19:24:23 | INFO     | src.analysis.metrics_engine — [CYRE3] 2019: métricas carregadas do cache
2026-04-19 19:24:23 | INFO     | src.analysis.metrics_engine — [CYRE3] 2020: métricas carregadas do cache
2026-04-19 19:24:23 | INFO     | src.analysis.metrics_engine — [CYRE3] 2021: métricas carregadas do cache
2026-04-19 19:24:23 | INFO     | src.analysis.metrics_engine — [CYRE3] 2022: métricas carregadas do cache
2026-04-19 19:24:23 | INFO     | src.analysis.metrics_engine — [CYRE3] 2023: métricas carregadas do cache
2026-04-19 19:24:23 | INFO     | src.analysis.metrics_engine — [CYRE3] 2024: métricas carregadas do cache
2026-04-19 19:24:23 | INFO     | src.analysis.metrics_engine — [CYRE3] 2025: métricas carregadas do cache
2026-04-19 19:24:23 | SUCCESS  | src.analysis.metrics_engine — [CYRE3] 7 períodos calculados
2026-04-19 19:24:23 | INFO     | src.valuation.auto_dcf — [CYRE3] valuation carregado do cache
2026-04-19 19:24:23 | INFO     | __main__ — [MRVE3] iniciando análise completa...
2026-04-19 19:24:23 | INFO     | src.analysis.metrics_engine — [MRVE3] 2019: métricas carregadas do cache
2026-04-19 19:24:23 | INFO     | src.analysis.metrics_engine — [MRVE3] 2020: métricas carregadas do cache
2026-04-19 19:24:23 | INFO     | src.analysis.metrics_engine — [MRVE3] 2021: métricas carregadas do cache
2026-04-19 19:24:23 | INFO     | src.analysis.metrics_engine — [MRVE3] 2022: métricas carregadas do cache
2026-04-19 19:24:23 | INFO     | src.analysis.metrics_engine — [MRVE3] 2023: métricas carregadas do cache
2026-04-19 19:24:23 | INFO     | src.analysis.metrics_engine — [MRVE3] 2024: métricas carregadas do cache
2026-04-19 19:24:23 | INFO     | src.analysis.metrics_engine — [MRVE3] 2025: métricas carregadas do cache
2026-04-19 19:24:23 | SUCCESS  | src.analysis.metrics_engine — [MRVE3] 7 períodos calculados
2026-04-19 19:24:23 | INFO     | src.valuation.auto_dcf — [MRVE3] valuation carregado do cache
2026-04-19 19:24:23 | INFO     | __main__ — [IGTI11] iniciando análise completa...
2026-04-19 19:24:23 | INFO     | src.analysis.metrics_engine — [IGTI11] 2019: métricas carregadas do cache
2026-04-19 19:24:23 | INFO     | src.analysis.metrics_engine — [IGTI11] 2020: métricas carregadas do cache
2026-04-19 19:24:23 | INFO     | src.analysis.metrics_engine — [IGTI11] 2021: métricas carregadas do cache
2026-04-19 19:24:23 | INFO     | src.analysis.metrics_engine — [IGTI11] 2022: métricas carregadas do cache
2026-04-19 19:24:23 | INFO     | src.analysis.metrics_engine — [IGTI11] 2023: métricas carregadas do cache
2026-04-19 19:24:23 | INFO     | src.analysis.metrics_engine — [IGTI11] 2024: métricas carregadas do cache
2026-04-19 19:24:23 | INFO     | src.analysis.metrics_engine — [IGTI11] 2025: métricas carregadas do cache
2026-04-19 19:24:23 | SUCCESS  | src.analysis.metrics_engine — [IGTI11] 7 períodos calculados
2026-04-19 19:24:23 | INFO     | src.valuation.auto_dcf — [IGTI11] valuation carregado do cache
2026-04-19 19:24:23 | INFO     | __main__ — [ALOS3] iniciando análise completa...
2026-04-19 19:24:23 | INFO     | src.analysis.metrics_engine — [ALOS3] 2019: métricas carregadas do cache
2026-04-19 19:24:23 | INFO     | src.analysis.metrics_engine — [ALOS3] 2020: métricas carregadas do cache
2026-04-19 19:24:23 | INFO     | src.analysis.metrics_engine — [ALOS3] 2021: métricas carregadas do cache
2026-04-19 19:24:23 | INFO     | src.analysis.metrics_engine — [ALOS3] 2022: métricas carregadas do cache
2026-04-19 19:24:23 | INFO     | src.analysis.metrics_engine — [ALOS3] 2023: métricas carregadas do cache
2026-04-19 19:24:23 | INFO     | src.analysis.metrics_engine — [ALOS3] 2024: métricas carregadas do cache
2026-04-19 19:24:23 | INFO     | src.analysis.metrics_engine — [ALOS3] 2025: métricas carregadas do cache
2026-04-19 19:24:23 | SUCCESS  | src.analysis.metrics_engine — [ALOS3] 7 períodos calculados
2026-04-19 19:24:23 | INFO     | src.valuation.auto_dcf — [ALOS3] valuation carregado do cache
2026-04-19 19:24:23 | INFO     | __main__ — [RENT3] iniciando análise completa...
2026-04-19 19:24:23 | INFO     | src.analysis.metrics_engine — [RENT3] 2019: métricas carregadas do cache
2026-04-19 19:24:23 | INFO     | src.analysis.metrics_engine — [RENT3] 2020: métricas carregadas do cache
2026-04-19 19:24:23 | INFO     | src.analysis.metrics_engine — [RENT3] 2021: métricas carregadas do cache
2026-04-19 19:24:23 | INFO     | src.analysis.metrics_engine — [RENT3] 2022: métricas carregadas do cache
2026-04-19 19:24:23 | INFO     | src.analysis.metrics_engine — [RENT3] 2023: métricas carregadas do cache
2026-04-19 19:24:23 | INFO     | src.analysis.metrics_engine — [RENT3] 2024: métricas carregadas do cache
2026-04-19 19:24:23 | INFO     | src.analysis.metrics_engine — [RENT3] 2025: métricas carregadas do cache
2026-04-19 19:24:23 | SUCCESS  | src.analysis.metrics_engine — [RENT3] 7 períodos calculados
2026-04-19 19:24:23 | INFO     | src.valuation.auto_dcf — [RENT3] valuation carregado do cache
2026-04-19 19:24:23 | INFO     | __main__ — [VAMO3] iniciando análise completa...
2026-04-19 19:24:23 | INFO     | src.analysis.metrics_engine — [VAMO3] 2021: métricas carregadas do cache
2026-04-19 19:24:23 | INFO     | src.analysis.metrics_engine — [VAMO3] 2022: métricas carregadas do cache
2026-04-19 19:24:23 | INFO     | src.analysis.metrics_engine — [VAMO3] 2023: métricas carregadas do cache
2026-04-19 19:24:23 | INFO     | src.analysis.metrics_engine — [VAMO3] 2024: métricas carregadas do cache
2026-04-19 19:24:23 | SUCCESS  | src.analysis.metrics_engine — [VAMO3] 4 períodos calculados
2026-04-19 19:24:23 | INFO     | src.valuation.auto_dcf — [VAMO3] valuation carregado do cache
2026-04-19 19:24:23 | INFO     | __main__ — [TOTS3] iniciando análise completa...
2026-04-19 19:24:23 | INFO     | src.analysis.metrics_engine — [TOTS3] 2019: métricas carregadas do cache
2026-04-19 19:24:23 | INFO     | src.analysis.metrics_engine — [TOTS3] 2020: métricas carregadas do cache
2026-04-19 19:24:23 | INFO     | src.analysis.metrics_engine — [TOTS3] 2021: métricas carregadas do cache
2026-04-19 19:24:23 | INFO     | src.analysis.metrics_engine — [TOTS3] 2022: métricas carregadas do cache
2026-04-19 19:24:23 | INFO     | src.analysis.metrics_engine — [TOTS3] 2023: métricas carregadas do cache
2026-04-19 19:24:23 | INFO     | src.analysis.metrics_engine — [TOTS3] 2024: métricas carregadas do cache
2026-04-19 19:24:23 | INFO     | src.analysis.metrics_engine — [TOTS3] 2025: métricas carregadas do cache
2026-04-19 19:24:23 | SUCCESS  | src.analysis.metrics_engine — [TOTS3] 7 períodos calculados
2026-04-19 19:24:23 | INFO     | src.valuation.auto_dcf — [TOTS3] valuation carregado do cache
2026-04-19 19:24:23 | INFO     | __main__ — [LWSA3] iniciando análise completa...
2026-04-19 19:24:23 | INFO     | src.analysis.metrics_engine — [LWSA3] 2019: métricas carregadas do cache
2026-04-19 19:24:23 | INFO     | src.analysis.metrics_engine — [LWSA3] 2020: métricas carregadas do cache
2026-04-19 19:24:23 | INFO     | src.analysis.metrics_engine — [LWSA3] 2021: métricas carregadas do cache
2026-04-19 19:24:23 | INFO     | src.analysis.metrics_engine — [LWSA3] 2022: métricas carregadas do cache
2026-04-19 19:24:23 | INFO     | src.analysis.metrics_engine — [LWSA3] 2023: métricas carregadas do cache
2026-04-19 19:24:23 | INFO     | src.analysis.metrics_engine — [LWSA3] 2024: métricas carregadas do cache
2026-04-19 19:24:23 | INFO     | src.analysis.metrics_engine — [LWSA3] 2025: métricas carregadas do cache
2026-04-19 19:24:23 | SUCCESS  | src.analysis.metrics_engine — [LWSA3] 7 períodos calculados
2026-04-19 19:24:23 | INFO     | src.valuation.auto_dcf — [LWSA3] valuation carregado do cache
2026-04-19 19:24:23 | INFO     | __main__ — [COGN3] iniciando análise completa...
2026-04-19 19:24:23 | INFO     | src.analysis.metrics_engine — [COGN3] 2019: métricas carregadas do cache
2026-04-19 19:24:23 | INFO     | src.analysis.metrics_engine — [COGN3] 2020: métricas carregadas do cache
2026-04-19 19:24:23 | INFO     | src.analysis.metrics_engine — [COGN3] 2021: métricas carregadas do cache
2026-04-19 19:24:23 | INFO     | src.analysis.metrics_engine — [COGN3] 2022: métricas carregadas do cache
2026-04-19 19:24:23 | INFO     | src.analysis.metrics_engine — [COGN3] 2023: métricas carregadas do cache
2026-04-19 19:24:23 | INFO     | src.analysis.metrics_engine — [COGN3] 2024: métricas carregadas do cache
2026-04-19 19:24:23 | INFO     | src.analysis.metrics_engine — [COGN3] 2025: métricas carregadas do cache
2026-04-19 19:24:23 | SUCCESS  | src.analysis.metrics_engine — [COGN3] 7 períodos calculados
2026-04-19 19:24:23 | INFO     | src.valuation.auto_dcf — [COGN3] valuation carregado do cache
2026-04-19 19:24:23 | INFO     | __main__ — [YDUQ3] iniciando análise completa...
2026-04-19 19:24:23 | INFO     | src.analysis.metrics_engine — [YDUQ3] 2019: métricas carregadas do cache
2026-04-19 19:24:23 | INFO     | src.analysis.metrics_engine — [YDUQ3] 2020: métricas carregadas do cache
2026-04-19 19:24:23 | INFO     | src.analysis.metrics_engine — [YDUQ3] 2021: métricas carregadas do cache
2026-04-19 19:24:23 | INFO     | src.analysis.metrics_engine — [YDUQ3] 2022: métricas carregadas do cache
2026-04-19 19:24:23 | INFO     | src.analysis.metrics_engine — [YDUQ3] 2023: métricas carregadas do cache
2026-04-19 19:24:23 | INFO     | src.analysis.metrics_engine — [YDUQ3] 2024: métricas carregadas do cache
2026-04-19 19:24:23 | INFO     | src.analysis.metrics_engine — [YDUQ3] 2025: métricas carregadas do cache
2026-04-19 19:24:23 | SUCCESS  | src.analysis.metrics_engine — [YDUQ3] 7 períodos calculados
2026-04-19 19:24:23 | INFO     | src.valuation.auto_dcf — [YDUQ3] valuation carregado do cache
2026-04-19 19:24:23 | INFO     | __main__ — [AZUL4] iniciando análise completa...
2026-04-19 19:24:23 | INFO     | src.analysis.metrics_engine — [AZUL4] 2019: métricas carregadas do cache
2026-04-19 19:24:23 | INFO     | src.analysis.metrics_engine — [AZUL4] 2020: métricas carregadas do cache
2026-04-19 19:24:23 | INFO     | src.analysis.metrics_engine — [AZUL4] 2021: métricas carregadas do cache
2026-04-19 19:24:23 | INFO     | src.analysis.metrics_engine — [AZUL4] 2022: métricas carregadas do cache
2026-04-19 19:24:23 | INFO     | src.analysis.metrics_engine — [AZUL4] 2023: métricas carregadas do cache
2026-04-19 19:24:23 | INFO     | src.analysis.metrics_engine — [AZUL4] 2024: métricas carregadas do cache
2026-04-19 19:24:23 | INFO     | src.analysis.metrics_engine — [AZUL4] 2025: métricas carregadas do cache
2026-04-19 19:24:23 | SUCCESS  | src.analysis.metrics_engine — [AZUL4] 7 períodos calculados
2026-04-19 19:24:23 | INFO     | src.valuation.auto_dcf — [AZUL4] valuation carregado do cache
2026-04-19 19:24:23 | INFO     | __main__ — [CVCB3] iniciando análise completa...
2026-04-19 19:24:23 | INFO     | src.analysis.metrics_engine — [CVCB3] 2019: métricas carregadas do cache
2026-04-19 19:24:23 | INFO     | src.analysis.metrics_engine — [CVCB3] 2020: métricas carregadas do cache
2026-04-19 19:24:23 | INFO     | src.analysis.metrics_engine — [CVCB3] 2021: métricas carregadas do cache
2026-04-19 19:24:23 | INFO     | src.analysis.metrics_engine — [CVCB3] 2022: métricas carregadas do cache
2026-04-19 19:24:23 | INFO     | src.analysis.metrics_engine — [CVCB3] 2023: métricas carregadas do cache
2026-04-19 19:24:23 | INFO     | src.analysis.metrics_engine — [CVCB3] 2024: métricas carregadas do cache
2026-04-19 19:24:23 | INFO     | src.analysis.metrics_engine — [CVCB3] 2025: métricas carregadas do cache
2026-04-19 19:24:23 | SUCCESS  | src.analysis.metrics_engine — [CVCB3] 7 períodos calculados
2026-04-19 19:24:23 | INFO     | src.valuation.auto_dcf — [CVCB3] valuation carregado do cache
2026-04-19 19:24:52 | INFO     | __main__ — Gerando conteúdo: morning-call
2026-04-19 19:24:52 | INFO     | src.content.morning_call — [MorningCall] gerando para 2026-04-19...
2026-04-19 19:25:09 | INFO     | src.content.morning_call — [MorningCall] mercado: 15 ativos coletados
2026-04-19 19:25:09 | INFO     | src.content.morning_call — [MorningCall] chamando Claude...
