2026-04-24 17:18:30,350 [INFO] Banco inicializado: banco.db
2026-04-24 17:18:30,350 [INFO] Modo: ciclo único
2026-04-24 17:18:30,351 [INFO] ────────────────────────────────────────────────────────────
2026-04-24 17:18:30,355 [INFO] Ciclo iniciado: 24/04/2026 17:18:30 | 16 fontes
2026-04-24 17:18:31,601 [INFO] ✦ NOVA  [geral] Justiça solta empresária presa em operação contra venda ilegal de substâncias para emagrecimento
2026-04-24 17:18:31,988 [INFO] ✦ NOVA  [geral] Operação Babayaga prende suspeitos de movimentar R$ 57 milhões para o Comando Vermelho no Pará
2026-04-24 17:18:32,383 [INFO] ✦ NOVA  [geral] Jovem morta a facadas durante encontro era inteligente e trabalhadora, diz amiga
2026-04-24 17:18:32,713 [INFO] ✦ NOVA  [geral] Mulher viraliza nas redes sociais após divertir pacientes em hospital enquanto acompanhava sobrinha na Bahia
2026-04-24 17:18:33,345 [INFO] ✦ NOVA  [geral] Esurb está com inscrições abertas para processo seletivo em Montes Claros; veja como participar
2026-04-24 17:18:33,639 [INFO] ✦ NOVA  [geral] Piso contínuo e pedra protagonista: mais integração e conforto
2026-04-24 17:18:34,027 [INFO] ✦ NOVA  [geral] Trabalhador fica soterrado em obra às margens da BR-116
2026-04-24 17:18:34,426 [INFO] ✦ NOVA  [geral] GCM encontra descarte irregular de material odontológico em Mogi das Cruzes
2026-04-24 17:18:34,758 [INFO] ✦ NOVA  [geral] É #FAKE site que imita página para pagamento de pedágio free flow e dá golpe do PIX
2026-04-24 17:18:35,067 [INFO] ✦ NOVA  [geral] Piloto morre após sofrer acidente em campeonato de moto na Grande Florianópolis
2026-04-24 17:18:35,409 [INFO] ✦ NOVA  [geral] Incêndio no Parnaso em Petrópolis atinge planta ameaçada de extinção
2026-04-24 17:18:35,723 [INFO] ✦ NOVA  [geral] Tubarão-baleia escapa de rede de pesca em Arraial do Cabo: 'Imagem mais linda da vida', diz fotógrafo
2026-04-24 17:18:36,340 [INFO] ✦ NOVA  [geral] Rede de postos de combustíveis é investigada por suspeita de sonegação e lavagem de dinheiro no AC
2026-04-24 17:18:36,654 [INFO] ✦ NOVA  [geral] Festival da Cerveja Artesanal acontece no Centro de Santos; confira a programação
2026-04-24 17:18:36,990 [INFO] ✦ NOVA  [geral] Influenciador digital grava vídeo para pedir socorro após ser baleado em Salvador
2026-04-24 17:18:37,338 [INFO] ✦ NOVA  [geral] Detran-BA abre leilões com 354 lotes de veículos conservados e sucatas aproveitáveis
2026-04-24 17:18:37,678 [INFO] ✦ NOVA  [geral] Justiça condena Estado de SP a pagar R$ 200 mil para pais de jovem negro morto em mercado com 11 tiros por PM
2026-04-24 17:18:37,969 [INFO] ✦ NOVA  [geral] Caminhão perde controle em ladeira e atinge casa na Zona Leste de Manaus
2026-04-24 17:18:38,308 [INFO] ✦ NOVA  [geral] O que agrega valor a longo prazo em um investimento imobiliário?
2026-04-24 17:18:38,627 [INFO] ✦ NOVA  [geral] Jovem que morreu após ser atropelado por motorista de ônibus em briga de trânsito é enterrado, em João Pessoa
2026-04-24 17:18:38,627 [WARNING] 🚨 ALERTA: Jovem que morreu após ser atropelado por motorista de ônibus em briga de trânsito é enterrado, em João Pessoa
https://g1.globo.com/pb/paraiba/noticia/2026/04/24/jovem-que-morreu-apos-ser-atropelado-por-motorista-de-onibus-e-enterrado-em-joao-pessoa.ghtml
2026-04-24 17:18:39,005 [INFO] ✦ NOVA  [geral] Trump critica Suprema Corte e diz que 'decisão ridícula' sobre tarifaço vai custar US$ 159 bilhões aos EUA
2026-04-24 17:18:39,335 [INFO] ✦ NOVA  [geral] Advogada presa por delegado após reclamar nas redes sociais de arquivamento de boletim desabafa: 'Espero que seja severamente punido'
2026-04-24 17:18:39,674 [INFO] ✦ NOVA  [geral] Incêndio atinge cinco galpões na Grande BH; VÍDEO
2026-04-24 17:18:39,996 [INFO] ✦ NOVA  [geral] Dois alertas de chuvas intensas são emitidos para municípios do interior de PE; veja lista
2026-04-24 17:18:40,258 [INFO] ✦ NOVA  [geral] Dupla é detida com drogas em Paraty
2026-04-24 17:18:40,534 [INFO] ✦ NOVA  [geral] Privatização da Copasa: governo de MG divulga exigências para investidores interessados
2026-04-24 17:18:40,790 [INFO] ✦ NOVA  [geral] Família egípcia diz que está retida há 16 dias no Aeroporto Internacional de SP após solicitar refúgio
2026-04-24 17:18:41,054 [INFO] ✦ NOVA  [geral] Santa Isabel Rodeio Fest terá Zé Neto & Cristiano e Gustavo Mioto; confira programação
2026-04-24 17:18:41,317 [INFO] ✦ NOVA  [geral] Doações por PIX e convite por vídeo: saiba como pastor e empresário condenados pelo STF organizaram manifestantes para os atos de 8 de janeiro
2026-04-24 17:18:41,575 [INFO] ✦ NOVA  [geral] Vanessa da Mata faz show gratuito no Festival de Inverno de São Roque
2026-04-24 17:18:41,841 [INFO] ✦ NOVA  [geral] Especialista Unimed alerta: hipertensão é grave, silenciosa e exige controle
2026-04-24 17:18:42,100 [INFO] ✦ NOVA  [geral] Homem é preso após matar o próprio pai por maus-tratos e jogar corpo em matagal
2026-04-24 17:18:42,377 [INFO] ✦ NOVA  [geral] Sergipe tem previsão de mais chuvas para o fim de semana
2026-04-24 17:18:42,378 [WARNING] 🚨 ALERTA: Sergipe tem previsão de mais chuvas para o fim de semana
https://g1.globo.com/se/sergipe/noticia/2026/04/24/sergipe-tem-previsao-de-mais-chuvas-para-o-fim-de-semana.ghtml
2026-04-24 17:18:42,734 [INFO] ✦ NOVA  [geral] Descubra experiências aquáticas em Foz do Iguaçu para toda família
2026-04-24 17:18:43,057 [INFO] ✦ NOVA  [geral] No primeiro dia de mandato, prefeito de Itapeva exonera 12 secretários; veja as mudanças
2026-04-24 17:18:43,386 [INFO] ✦ NOVA  [geral] Falsos oftalmologistas são presos por realizar exames de vista ilegais dentro de igreja em Roraima
2026-04-24 17:18:43,707 [INFO] ✦ NOVA  [geral] Foragido da Justiça é preso em Angra dos Reis
2026-04-24 17:18:44,087 [INFO] ✦ NOVA  [geral] Regulação das apostas: governo bloqueia 27 plataformas que faziam previsões sobre eventos
2026-04-24 17:18:44,427 [INFO] ✦ NOVA  [geral] Filho de Rob Reiner publica carta sobre morte dos pais e julgamento do irmão: 'É quase impossível de processar'
2026-04-24 17:18:44,743 [INFO] ✦ NOVA  [geral] Mulher dá à luz um menino na orla da Lagoa da Pampulha, em BH, com ajuda de PMs; veja vídeo
2026-04-24 17:18:45,067 [INFO] ✦ NOVA  [geral] Filho de pastor ligado a acidente que matou árbitro é suspeito de atropelar jovem no AC: 'Falta de assistência'
2026-04-24 17:18:45,234 [INFO] ✦ NOVA  [geral] Justiça questiona relatório de operação em presídio de Presidente Prudente elaborado sete meses após ação
2026-04-24 17:18:45,538 [INFO] ✦ NOVA  [geral] Caminhão de lixo tomba e interdita a Via Dutra, em Porto Real (RJ)
2026-04-24 17:18:45,877 [INFO] ✦ NOVA  [geral] Abatedouro clandestino de aves é fechado após denúncias em Teresina; proprietário é preso
2026-04-24 17:18:46,203 [INFO] ✦ NOVA  [geral] Prefeitura promove oficina gratuita para ensinar mulheres a usar spray de pimenta em Porto Velho
2026-04-24 17:18:46,510 [INFO] ✦ NOVA  [geral] Justiça da Argentina ordena apreensão dos bens da ex-presidente Cristina Kirchner
2026-04-24 17:18:46,834 [INFO] ✦ NOVA  [geral] Falso advogado monitorava investigações e fazia 'espionagem' para o narcotráfico, aponta decisão
2026-04-24 17:18:47,162 [INFO] ✦ NOVA  [geral] YouTube lança ferramenta de detecção de deepfakes para celebridades de Hollywood
2026-04-24 17:18:47,485 [INFO] ✦ NOVA  [geral] João Pessoa registra volume de chuva 63% acima da média histórica de abril
2026-04-24 17:18:48,082 [INFO] ✦ NOVA  [geral] Semana S leva serviços grátis e oportunidades para comércio no país inteiro hoje
2026-04-24 17:18:48,395 [INFO] ✦ NOVA  [geral] Professora da UFMS concorre a prêmio global de US$ 1 milhão com pesquisa sobre clima
2026-04-24 17:18:48,693 [INFO] ✦ NOVA  [geral] Namorado mata mulher com 15 facadas na frente dos filhos em Timóteo após briga por ciúmes
2026-04-24 17:18:49,031 [INFO] ✦ NOVA  [geral] STF abre inquérito para investigar deputado Adail Filho por suspeita de corrupção e lavagem de dinheiro
2026-04-24 17:18:49,341 [INFO] ✦ NOVA  [geral] Homem é preso por ameaçar ex-companheira com enxada e descumprir medida protetiva em Janaúba
2026-04-24 17:18:49,676 [INFO] ✦ NOVA  [geral] Carga irregular é apreendida em Juruti e Sefa aplica multa de mais de R$ 127 mil
2026-04-24 17:18:50,016 [INFO] ✦ NOVA  [geral] Cachorro é morto a facadas durante briga entre vizinhos em Arari, no MA; suspeito foi preso
2026-04-24 17:18:50,323 [INFO] ✦ NOVA  [geral] Jeito mineiro: uma casa onde integração, vista e acolhimento definem o morar
2026-04-24 17:18:50,648 [INFO] ✦ NOVA  [geral] Adolescente morre após acidente e tem coração, pulmões, fígado e rins captados para doação no interior de SP
2026-04-24 17:18:50,952 [INFO] ✦ NOVA  [geral] Primeiro leilão oficial da 91ª ExpoZebu movimenta mais de R$ 615 mil
2026-04-24 17:18:51,258 [INFO] ✦ NOVA  [geral] Homem é condenado por explorar ilegalmente madeira em Terra Indígena no Maranhão
2026-04-24 17:18:51,584 [INFO] ✦ NOVA  [geral] Pesquisa da Unaerp na Ilha dos Arvoredos investiga o poder das plantas
2026-04-24 17:18:51,877 [INFO] ✦ NOVA  [geral] Governo anuncia curso presencial do Piauí Instituto de Tecnologia (PIT) em Batalha
2026-04-24 17:18:52,186 [INFO] ✦ NOVA  [geral] Policial investigado por morte de jovem em Manaus já foi preso por suspeita de sequestro e extorsão
2026-04-24 17:18:52,519 [INFO] ✦ NOVA  [geral] Turismo no Piauí cresce 43,8% e registra 129 mil visitantes no 1º trimestre de 2026
2026-04-24 17:18:52,860 [INFO] ✦ NOVA  [geral] Imposto de Renda 2026: A um mês do prazo final, mais de 54 mil declarações já foram enviadas no Acre
2026-04-24 17:18:54,595 [INFO] ✦ NOVA  [geral] Ouro fecha em leve alta com incerteza sobre negociações por cessar-fogo
2026-04-24 17:18:54,738 [INFO] ✦ NOVA  [geral] Safra brasileira e maior foco no etanol direcionam preços do açúcar em NY
2026-04-24 17:18:54,864 [INFO] ✦ NOVA  [geral] Justiça da Argentina ordena apreensão dos bens de Cristina Kirchner
2026-04-24 17:18:55,005 [INFO] ✦ NOVA  [geral] Governo pondera medidas para limitar alta de passagens aéreas
2026-04-24 17:18:55,005 [WARNING] 🚨 ALERTA: Governo pondera medidas para limitar alta de passagens aéreas
https://www.cnnbrasil.com.br/economia/macroeconomia/governo-preve-queda-no-trafego-aereo-por-precos-de-passagens-e-avalia-mais-medidas-emergenciais/
2026-04-24 17:18:55,137 [INFO] ✦ NOVA  [geral] Com guerra no radar, BC deve manter conservadorismo nos juros, diz Bmg
2026-04-24 17:18:55,258 [INFO] ✦ NOVA  [geral] Economista classifica situação fiscal como “calcanhar de Aquiles” do Brasil
2026-04-24 17:18:55,259 [WARNING] 🚨 ALERTA: Economista classifica situação fiscal como “calcanhar de Aquiles” do Brasil
https://www.cnnbrasil.com.br/economia/macroeconomia/economista-classifica-situacao-fiscal-como-calcanhar-de-aquiles-do-brasil/
2026-04-24 17:18:55,387 [INFO] ✦ NOVA  [geral] Itaú BBA prevê alta de 10% na sua carteira ao agro em 2026, diz diretor
2026-04-24 17:18:55,512 [INFO] ✦ NOVA  [geral] Departamento de Justiça dos EUA encerra investigação sobre chair do Fed
2026-04-24 17:18:55,512 [WARNING] 🚨 ALERTA: Departamento de Justiça dos EUA encerra investigação sobre chair do Fed
https://www.cnnbrasil.com.br/economia/macroeconomia/departamento-de-justica-dos-eua-encerra-investigacao-sobre-chair-do-fed/
2026-04-24 17:18:55,639 [INFO] ✦ NOVA  [geral] Bolsas da Europa fecham em queda com temores sobre diálogo EUA-Irã
2026-04-24 17:18:55,639 [WARNING] 🚨 ALERTA: Bolsas da Europa fecham em queda com temores sobre diálogo EUA-Irã
https://www.cnnbrasil.com.br/economia/mercado/bolsas-da-europa-fecham-em-queda-com-temores-sobre-dialogo-eua-ira/
2026-04-24 17:18:55,765 [INFO] ✦ NOVA  [geral] Resolução proíbe apostas em mercados de previsões sobre eleições e reality
2026-04-24 17:18:57,444 [INFO] ✦ NOVA  [financas] Petróleo fecha em queda e atenua alta na semana com impasse em negociações EUA-Irã
2026-04-24 17:18:57,590 [INFO] ✦ NOVA  [financas] Chanceler do Irã vai ao Paquistão e crescem esperanças de negociações de paz com EUA
2026-04-24 17:19:03,732 [INFO] ✦ NOVA  [financas] Com Polymarket e Kalshi proibidos, B3 vai estrear em predições sem concorrência
2026-04-24 17:19:06,388 [INFO] ✦ NOVA  [financas] Invicto com Diniz, Corinthians evita grandes gastos com contratações
2026-04-24 17:19:06,449 [INFO] ✦ NOVA  [financas] Estágio na Bayer oferece bolsa de até R$ 2.800 e mais de 100 vagas no Brasil
2026-04-24 17:19:07,662 [INFO] ✦ NOVA  [financas] Aluguel de ações da Hapvida dispara antes da eleição do conselho
2026-04-24 17:19:07,804 [INFO] ✦ NOVA  [financas] Small caps x IBOV: fluxo externo cria “duas bolsas” no Brasil
2026-04-24 17:19:08,169 [INFO] ✦ NOVA  [financas] Wall Street fecha sem direção única; Nasdaq e S&P 500 batem novos recordes
2026-04-24 17:19:08,297 [INFO] ✦ NOVA  [financas] Ibovespa acompanha NY e cai aos 190 mil pontos à espera de conversas entre EUA e Irã; dólar tem leve baixa a R$ 4,99
2026-04-24 17:19:08,368 [INFO] ✦ NOVA  [financas] Dólar cai e volta ao nível abaixo de R$ 5 com expectativa de avanço das negociações entre EUA e Irã
2026-04-24 17:19:08,535 [INFO] ✦ NOVA  [financas] Petróleo fecha em queda com negociações entre EUA e Irã no radar, mas avança 13% na semana
2026-04-24 17:19:08,669 [INFO] ✦ NOVA  [financas] Chanceler do Irã vai ao Paquistão e crescem esperanças de negociações de paz com EUA
2026-04-24 17:19:08,753 [INFO] ✦ NOVA  [financas] Por que o Bradesco (BBDC4) não empolga a XP?
2026-04-24 17:19:08,895 [INFO] ✦ NOVA  [financas] Ouro avança no dia com negociações entre EUA e Irã no radar, mas cai quase 3% na semana
2026-04-24 17:19:14,816 [INFO] Ciclo concluído: 89 novas | total no banco: 89 | hoje: 89
2026-04-24 22:49:07,970 [INFO] Coluna adicionada: noticias.score
2026-04-24 22:49:07,976 [INFO] Coluna adicionada: noticias.subcategoria
2026-04-24 22:49:07,980 [INFO] Coluna adicionada: noticias.urgente
2026-04-24 22:49:07,984 [INFO] Coluna adicionada: noticias.resumo_curto
2026-04-24 22:49:07,988 [INFO] Coluna adicionada: noticias.motivo_score
2026-04-24 22:49:07,995 [INFO] Banco inicializado: banco.db
2026-04-24 22:49:09,226 [INFO] Telegram: mensagem enviada (105 chars)
2026-04-24 22:50:05,174 [INFO] Modo simulação: executando job agora...
2026-04-24 22:50:05,174 [INFO] =======================================================
2026-04-24 22:50:05,174 [INFO] Execução automática iniciada — 24/04/2026 22:50:05
2026-04-24 22:50:05,175 [INFO] =======================================================
2026-04-24 22:50:05,594 [INFO] Banco inicializado: banco.db
2026-04-24 22:50:05,595 [INFO] ────────────────────────────────────────────────────────────
2026-04-24 22:50:05,596 [INFO] Ciclo iniciado: 24/04/2026 22:50:05 | 16 fontes
2026-04-24 22:50:06,695 [INFO] ✦ NOVA [tecnologia|score:17] Fragata Tamandaré, o navio de guerra mais moderno da América Latina, v
2026-04-24 22:50:06,695 [WARNING] 🚨 ALERTA: Fragata Tamandaré, o navio de guerra mais moderno da América Latina, vai reforçar a segurança na Amazônia
https://g1.globo.com/jornal-nacional/noticia/2026/04/24/fragata-tamandare-o-navio-de-guerra-mais-moderno-da-america-latina-vai-reforcar-a-seguranca-na-amazonia.ghtml
2026-04-24 22:50:07,915 [INFO] ✦ NOVA [tecnologia|score:9] Ministério Público Federal aponta atraso em exames e cobra melhorias n
2026-04-24 22:50:07,916 [WARNING] 🚨 ALERTA: Ministério Público Federal aponta atraso em exames e cobra melhorias no atendimento oncológico no AM
https://g1.globo.com/am/amazonas/noticia/2026/04/24/ministerio-publico-federal-aponta-atraso-em-exames-e-cobra-melhorias-no-atendimento-oncologico-no-am.ghtml
2026-04-24 22:50:08,629 [INFO] ✦ NOVA [commodities|score:13] Governador anuncia investimentos de R$ 350 milhões em gasoduto para Ub
2026-04-24 22:50:08,630 [WARNING] 🚨 ALERTA: Governador anuncia investimentos de R$ 350 milhões em gasoduto para Uberlândia e Uberaba
https://g1.globo.com/mg/triangulo-mineiro/noticia/2026/04/24/governador-anuncia-investimentos-de-r-350-milhoes-em-gasoduto-para-uberlandia-e-uberaba.ghtml
2026-04-24 22:50:09,328 [INFO] ✦ NOVA [bolsas|score:6] Estudante de educação física havia saído da casa da namorada antes de 
2026-04-24 22:50:09,809 [INFO] ✦ NOVA [empresas|score:9] Empréstimo consignado: veja o que muda com nova regra para quem tem de
2026-04-24 22:50:09,809 [WARNING] 🚨 ALERTA: Empréstimo consignado: veja o que muda com nova regra para quem tem desconto direto no salário ou na aposentadoria
https://g1.globo.com/jornal-nacional/noticia/2026/04/24/emprestimo-consignado-veja-o-que-muda-com-nova-regra-para-quem-tem-desconto-direto-no-salario-ou-na-aposentadoria.ghtml
2026-04-24 22:50:10,479 [INFO] ✦ NOVA [bolsas|score:6] Riocard lança cartão comemorativo para show de Shakira em Copacabana; 
2026-04-24 22:50:11,215 [INFO] ✦ NOVA [empresas|score:9] Dupla Sena hoje: resultado do concurso 2949 e números sorteados
2026-04-24 22:50:11,216 [WARNING] 🚨 ALERTA: Dupla Sena hoje: resultado do concurso 2949 e números sorteados
https://g1.globo.com/loterias/dupla-sena/noticia/2026/04/24/dupla-sena-hoje-resultado-do-concurso-2949-e-numeros-sorteados.ghtml
2026-04-24 22:50:11,934 [INFO] ✦ NOVA [empresas|score:9] Super Sete hoje: resultado do concurso 839 e números sorteados
2026-04-24 22:50:11,935 [WARNING] 🚨 ALERTA: Super Sete hoje: resultado do concurso 839 e números sorteados
https://g1.globo.com/loterias/super-sete/noticia/2026/04/24/super-sete-hoje-resultado-do-concurso-839-e-numeros-sorteados.ghtml
2026-04-24 22:50:15,873 [INFO] ✦ NOVA [empresas|score:9] Lotomania hoje: resultado do concurso 2916 e números sorteados
2026-04-24 22:50:15,874 [WARNING] 🚨 ALERTA: Lotomania hoje: resultado do concurso 2916 e números sorteados
https://g1.globo.com/loterias/lotomania/noticia/2026/04/24/lotomania-hoje-resultado-do-concurso-2916-e-numeros-sorteados.ghtml
2026-04-24 22:50:16,567 [INFO] ✦ NOVA [bolsas|score:6] Resumão diário do JN: Zanin mantém presidente do Tribunal de Justiça n
2026-04-24 22:50:17,201 [INFO] ✦ NOVA [empresas|score:9] Lotofácil hoje: resultado do concurso 3669 e números sorteados
2026-04-24 22:50:17,201 [WARNING] 🚨 ALERTA: Lotofácil hoje: resultado do concurso 3669 e números sorteados
https://g1.globo.com/loterias/lotofacil/noticia/2026/04/24/lotofacil-hoje-resultado-do-concurso-3669-e-numeros-sorteados.ghtml
2026-04-24 22:50:17,988 [INFO] ✦ NOVA [empresas|score:9] Quina hoje: resultado do concurso 7009 e números sorteados
2026-04-24 22:50:17,988 [WARNING] 🚨 ALERTA: Quina hoje: resultado do concurso 7009 e números sorteados
https://g1.globo.com/loterias/quina/noticia/2026/04/24/quina-hoje-resultado-do-concurso-7009-e-numeros-sorteados.ghtml
2026-04-24 22:50:18,751 [INFO] ✦ NOVA [empresas|score:18] MPF entra com ação na Justiça por falhas estruturais na ponte sobre o 
2026-04-24 22:50:18,751 [WARNING] 🚨 ALERTA: MPF entra com ação na Justiça por falhas estruturais na ponte sobre o rio Itacaiúnas em Marabá, no PA
https://g1.globo.com/pa/para/noticia/2026/04/24/mpf-entra-com-acao-na-justica-por-falhas-estruturais-na-ponte-sobre-o-rio-itacaiunas-em-maraba-no-pa.ghtml
2026-04-24 22:50:19,528 [INFO] ✦ NOVA [empresas|score:14] Mulher trans é baleada na cabeça à queima-roupa em Santo André, na Gra
2026-04-24 22:50:19,529 [WARNING] 🚨 ALERTA: Mulher trans é baleada na cabeça à queima-roupa em Santo André, na Grande SP; suspeito é preso
https://g1.globo.com/sp/sao-paulo/noticia/2026/04/24/mulher-trans-e-baleada-na-cabeca-a-queima-roupa-em-santo-andre-na-grande-sp-suspeito-e-preso.ghtml
2026-04-24 22:50:23,485 [INFO] ✦ NOVA [bolsas|score:6] Baleia-piloto é encontrada morta em praia no litoral do Ceará
2026-04-24 22:50:23,798 [INFO] ✦ NOVA [bancos_centrais|score:23] Sargento americano é preso por usar informações confidenciais da opera
2026-04-24 22:50:23,798 [WARNING] 🚨 ALERTA: Sargento americano é preso por usar informações confidenciais da operação que capturou Maduro para apostar e ganhar uma fortuna
https://g1.globo.com/jornal-nacional/noticia/2026/04/24/sargento-americano-e-preso-por-usar-informacoes-confidenciais-da-operacao-que-capturou-maduro-para-apostar-e-ganhar-uma-fortuna.ghtml
2026-04-24 22:50:24,516 [INFO] ✦ NOVA [empresas|score:14] Fome aguda dobra no planeta na última década, aponta relatório
2026-04-24 22:50:24,517 [WARNING] 🚨 ALERTA: Fome aguda dobra no planeta na última década, aponta relatório
https://g1.globo.com/jornal-nacional/noticia/2026/04/24/fome-aguda-dobra-no-planeta-na-ultima-decada-aponta-relatorio.ghtml
2026-04-24 22:50:25,253 [INFO] ✦ NOVA [bolsas|score:9] Sem acesso à escola na infância, idoso de 91 anos começa a aprender a 
2026-04-24 22:50:25,253 [WARNING] 🚨 ALERTA: Sem acesso à escola na infância, idoso de 91 anos começa a aprender a ler no PI: 'queria ter tido essa chance antes'
https://g1.globo.com/pi/piaui/noticia/2026/04/24/idoso-aprende-a-ler-piaui.ghtml
2026-04-24 22:50:25,976 [INFO] ✦ NOVA [empresas|score:9] Filho suspeito de tentar matar mãe de 70 anos com soda cáustica é pres
2026-04-24 22:50:25,976 [WARNING] 🚨 ALERTA: Filho suspeito de tentar matar mãe de 70 anos com soda cáustica é preso no interior do TO, diz PM
https://g1.globo.com/to/tocantins/noticia/2026/04/24/filho-suspeito-de-tentar-matar-mae-de-70-anos-com-soda-caustica-e-preso-no-interior-do-to-diz-pm.ghtml
2026-04-24 22:50:26,711 [INFO] ✦ NOVA [bolsas|score:11] Caso pastor David Gonçalves Silva: vídeo mostra vítima em exaustão apó
2026-04-24 22:50:26,711 [WARNING] 🚨 ALERTA: Caso pastor David Gonçalves Silva: vídeo mostra vítima em exaustão após 'castigo' imposto pelo líder religioso
https://g1.globo.com/ma/maranhao/noticia/2026/04/24/caso-pastor-david-goncalves-silva-video-mostra-vitima-em-exaustao-apos-castigo-imposto-pelo-lider-religioso.ghtml
2026-04-24 22:50:30,670 [INFO] ✦ NOVA [bolsas|score:11] Líderes europeus reagem a possíveis retaliações de Trump a países que 
2026-04-24 22:50:30,670 [WARNING] 🚨 ALERTA: Líderes europeus reagem a possíveis retaliações de Trump a países que não apoiaram a guerra com o Irã
https://g1.globo.com/jornal-nacional/noticia/2026/04/24/lideres-europeus-reagem-a-possiveis-retaliacoes-de-trump-a-paises-que-nao-apoiaram-a-guerra-com-o-ira.ghtml
2026-04-24 22:50:31,398 [INFO] ✦ NOVA [empresas|score:9] Governo publica regras que ampliam crédito para a reforma de imóveis; 
2026-04-24 22:50:31,398 [WARNING] 🚨 ALERTA: Governo publica regras que ampliam crédito para a reforma de imóveis; teto passou de R$ 30 mil para R$ 50 mil
https://g1.globo.com/economia/noticia/2026/04/24/governo-publica-regras-que-ampliam-credito-para-a-reforma-de-imoveis-teto-passou-de-r-30-mil-para-r-50-mil.ghtml
2026-04-24 22:50:32,163 [INFO] ✦ NOVA [bolsas|score:6] Postos de saúde, CAPs e mais: Ceará terá 24 novos equipamentos de saúd
2026-04-24 22:50:32,499 [INFO] ✦ NOVA [bolsas|score:11] Alto custo e estoques de munição baixos podem levar a acordo para o fi
2026-04-24 22:50:32,500 [WARNING] 🚨 ALERTA: Alto custo e estoques de munição baixos podem levar a acordo para o fim da guerra no Oriente Médio
https://g1.globo.com/jornal-nacional/noticia/2026/04/24/alto-custo-e-estoques-de-municao-baixos-podem-levar-a-acordo-para-o-fim-da-guerra-no-oriente-medio.ghtml
2026-04-24 22:50:33,206 [INFO] ✦ NOVA [tecnologia|score:9] Governo Federal pede suspensão de licitação de megaterminal no Porto d
2026-04-24 22:50:33,206 [WARNING] 🚨 ALERTA: Governo Federal pede suspensão de licitação de megaterminal no Porto de Santos; entenda
https://g1.globo.com/sp/santos-regiao/porto-mar/noticia/2026/04/24/governo-federal-pede-suspensao-de-licitacao-de-megaterminal-no-porto-de-santos-entenda.ghtml
2026-04-24 22:50:33,915 [INFO] ✦ NOVA [geral|score:3] Suspeito de envolvimento na morte de motorista de app é assassinado a 
2026-04-24 22:50:34,224 [INFO] ✦ NOVA [empresas|score:9] Homicídios em São José: 79% dos suspeitos tinham antecedentes criminai
2026-04-24 22:50:34,225 [WARNING] 🚨 ALERTA: Homicídios em São José: 79% dos suspeitos tinham antecedentes criminais, diz Polícia Civil
https://g1.globo.com/sp/vale-do-paraiba-regiao/noticia/2026/04/24/homicidios-em-sao-jose-79percent-dos-suspeitos-tinham-antecedentes-criminais-diz-policia-civil.ghtml
2026-04-24 22:50:38,208 [INFO] ✦ NOVA [bolsas|score:11] Quatro são presos por morte de mulher que se jogou na frente de namora
2026-04-24 22:50:38,208 [WARNING] 🚨 ALERTA: Quatro são presos por morte de mulher que se jogou na frente de namorado para salvá-lo de tiro, na Paraíba
https://g1.globo.com/pb/paraiba/noticia/2026/04/24/quatro-sao-presos-por-envolvimento-em-morte-de-mulher-que-se-jogou-na-frente-de-namorado-para-salva-lo-de-tiro-na-paraiba.ghtml
2026-04-24 22:50:38,940 [INFO] ✦ NOVA [empresas|score:9] Dois suspeitos são presos por envolvimento no assassinato de sargento 
2026-04-24 22:50:38,942 [WARNING] 🚨 ALERTA: Dois suspeitos são presos por envolvimento no assassinato de sargento da PM em São Luís
https://g1.globo.com/ma/maranhao/noticia/2026/04/24/dois-suspeitos-sao-presos-por-envolvimento-no-assassinato-de-sargento-da-pm-em-sao-luis.ghtml
2026-04-24 22:50:39,677 [INFO] ✦ NOVA [commodities|score:9] Em manifesto, PT prevê debate sobre reforma administrativa e do Judici
2026-04-24 22:50:39,677 [WARNING] 🚨 ALERTA: Em manifesto, PT prevê debate sobre reforma administrativa e do Judiciário
https://g1.globo.com/politica/noticia/2026/04/24/em-manifesto-pt-preve-debate-sobre-reforma-administrativa-e-do-judiciario.ghtml
2026-04-24 22:50:40,415 [INFO] ✦ NOVA [empresas|score:9] Homem é preso por matar vigilante de escola com barra de ferro após su
2026-04-24 22:50:40,415 [WARNING] 🚨 ALERTA: Homem é preso por matar vigilante de escola com barra de ferro após subtrair materiais de obra
https://g1.globo.com/ce/ceara/noticia/2026/04/24/homem-e-preso-por-matar-vigilante-de-escola-com-barra-de-ferro-apos-subtrair-materiais-de-obra.ghtml
2026-04-24 22:50:41,089 [INFO] ✦ NOVA [economia_brasil|score:10] Enquanto transportava grávida, ambulância se depara com acidente entre
2026-04-24 22:50:41,089 [WARNING] 🚨 ALERTA: Enquanto transportava grávida, ambulância se depara com acidente entre quatro veículos e interrompe viagem para atender feridos, no Paraná
https://g1.globo.com/pr/oeste-sudoeste/noticia/2026/04/24/batida-369-socorro.ghtml
2026-04-24 22:50:41,781 [INFO] ✦ NOVA [bolsas|score:6] Com 46 internados em corredores, Hospital PUC-Campinas indica falta de
2026-04-24 22:50:42,076 [INFO] ✦ NOVA [empresas|score:18] Alerj discute aumentar em 7 vezes o valor de emendas parlamentares
2026-04-24 22:50:42,076 [WARNING] 🚨 ALERTA: Alerj discute aumentar em 7 vezes o valor de emendas parlamentares
https://g1.globo.com/rj/rio-de-janeiro/noticia/2026/04/24/alerj-discute-aumentar-em-7-vezes-o-valor-de-emendas-parlamentares.ghtml
2026-04-24 22:50:42,763 [INFO] ✦ NOVA [geral|score:8] Operação da PF investiga grupo suspeito de furtar dinheiro em caixas e
2026-04-24 22:50:42,763 [WARNING] 🚨 ALERTA: Operação da PF investiga grupo suspeito de furtar dinheiro em caixas eletrônicos entre MT e CE
https://g1.globo.com/mt/mato-grosso/noticia/2026/04/24/operacao-da-pf-investiga-grupo-suspeito-de-furtar-dinheiro-em-caixas-eletronicos-entre-mt-e-ce.ghtml
2026-04-24 22:50:43,455 [INFO] ✦ NOVA [economia_brasil|score:15] Governo desiste de uso do FGTS para pagar débitos de endividados e foc
2026-04-24 22:50:43,455 [WARNING] 🚨 ALERTA: Governo desiste de uso do FGTS para pagar débitos de endividados e foca em nova fase do Desenrola
https://g1.globo.com/economia/blog/ana-flor/post/2026/04/24/governo-desiste-de-uso-do-fgts-para-pagar-debitos-de-endividados-e-foca-em-nova-fase-do-desenrola.ghtml
2026-04-24 22:50:44,179 [INFO] ✦ NOVA [economia_brasil|score:15] Chuva de granizo em Piedade destrói lavouras e ameaça abastecimento de
2026-04-24 22:50:44,180 [WARNING] 🚨 ALERTA: Chuva de granizo em Piedade destrói lavouras e ameaça abastecimento de hortifrúti para a região de Sorocaba
https://g1.globo.com/sp/sorocaba-jundiai/noticia/2026/04/24/chuva-granizo-piedade-ameaca-hortifruti-sorocaba.ghtml
2026-04-24 22:50:44,884 [INFO] ✦ NOVA [economia_brasil|score:25] Passagens aéreas sobem quase 20% em março, diz Anac
2026-04-24 22:50:44,884 [WARNING] 🚨 ALERTA: Passagens aéreas sobem quase 20% em março, diz Anac
https://g1.globo.com/economia/noticia/2026/04/24/precos-passagens-aereas-marco.ghtml
2026-04-24 22:50:45,587 [INFO] ✦ NOVA [empresas|score:13] Auditoria externa faz ressalva e diz que precatórios a serem pagos pel
2026-04-24 22:50:45,587 [WARNING] 🚨 ALERTA: Auditoria externa faz ressalva e diz que precatórios a serem pagos pelos Correios podem não ter valor informado
https://g1.globo.com/economia/noticia/2026/04/24/auditoria-externa-faz-ressalva-e-diz-que-precatorios-a-serem-pagos-pelos-correios-podem-nao-ter-valor-informado.ghtml
2026-04-26 11:53:55,257 [INFO] Banco inicializado: banco.db
2026-04-26 11:53:55,835 [INFO] ────────────────────────────────────────────────────────────
2026-04-26 11:53:55,836 [INFO] Ciclo iniciado: 26/04/2026 11:53:55 | 16 fontes
2026-04-26 11:53:57,310 [INFO] ✦ NOVA [bolsas|score:6] Ex e empresário se manifestam após Anderson Neiff ser baleado em SP: '
2026-04-26 11:53:57,885 [INFO] ✦ NOVA [empresas|score:6] Mulher é morta a facadas na frente do marido após casa ser invadida em
2026-04-26 11:53:58,214 [INFO] ✦ NOVA [empresas|score:6] Invasão de fazenda em Amambai termina com três pessoas presas e reforç
2026-04-26 11:53:58,513 [INFO] ✦ NOVA [tecnologia|score:6] Fiéis participam de ciclo romaria de São José em Manaus
2026-04-26 11:53:58,838 [INFO] ✦ NOVA [empresas|score:11] Depois de ser baleado, homem saca arma e abre fogo contra multidão em 
2026-04-26 11:53:58,838 [WARNING] 🚨 ALERTA: Depois de ser baleado, homem saca arma e abre fogo contra multidão em distribuidora de bebidas, no DF
https://g1.globo.com/df/distrito-federal/noticia/2026/04/26/depois-de-ser-baleado-homem-saca-arma-e-abre-fogo-contra-multidao-em-distribuidora-de-bebidas-no-df.ghtml
2026-04-26 11:54:00,119 [INFO] ✦ NOVA [bolsas|score:6] Shakira exalta mulheres latinas e diz que show em Copacabana será dedi
2026-04-26 11:54:00,476 [INFO] ✦ NOVA [bolsas|score:6] Três homens morrem afogados no mar em SP
2026-04-26 11:54:00,823 [INFO] ✦ NOVA [empresas|score:6] Stellantis abre vagas para jovem aprendiz em Porto Real
2026-04-26 11:54:01,212 [INFO] ✦ NOVA [bolsas|score:6] Guindaste pega fogo e fica totalmente destruído no Porto de Itajaí; VÍ
2026-04-26 11:54:01,703 [INFO] ✦ NOVA [bolsas|score:11] 'Buraco fake' em Sorocaba: equipe de manutenção esperou 'prefeito tikt
2026-04-26 11:54:01,704 [WARNING] 🚨 ALERTA: 'Buraco fake' em Sorocaba: equipe de manutenção esperou 'prefeito tiktoker' gravar vídeo para fechar vala, diz morador
https://g1.globo.com/sp/sorocaba-jundiai/noticia/2026/04/26/buraco-fake-em-sorocaba-equipe-de-manutencao-esperou-prefeito-tiktoker-gravar-video-para-fechar-vala-diz-morador.ghtml
2026-04-26 11:54:02,416 [INFO] ✦ NOVA [empresas|score:9] Mãe morre e filho é socorrido em estado grave após serem atropelados p
2026-04-26 11:54:02,418 [WARNING] 🚨 ALERTA: Mãe morre e filho é socorrido em estado grave após serem atropelados por caminhão em rodovia de Indaiatuba
https://g1.globo.com/sp/campinas-regiao/noticia/2026/04/26/mae-morre-e-filho-e-socorrido-em-estado-grave-apos-serem-atropelados-por-caminhao-em-rodovia-de-indaiatuba.ghtml
2026-04-26 11:54:03,157 [INFO] ✦ NOVA [empresas|score:9] Princípio de incêndio atinge maternidade de hospital privado de Salvad
2026-04-26 11:54:03,157 [WARNING] 🚨 ALERTA: Princípio de incêndio atinge maternidade de hospital privado de Salvador
https://g1.globo.com/ba/bahia/noticia/2026/04/26/principio-de-incendio-atinge-hospital-de-salvador.ghtml
2026-04-26 11:54:04,210 [INFO] ✦ NOVA [tecnologia|score:9] Festival Viva Roraima oferece oficinas de produção de panelas de barro
2026-04-26 11:54:04,210 [WARNING] 🚨 ALERTA: Festival Viva Roraima oferece oficinas de produção de panelas de barro e artesanato
https://g1.globo.com/rr/roraima/noticia/2026/04/26/festival-viva-roraima-oferece-oficinas-de-producao-de-panelas-de-barro-e-artesanato.ghtml
2026-04-26 11:54:04,880 [INFO] ✦ NOVA [empresas|score:6] Motorista morre após carro capotar e cair em açude ao lado de estrada 
2026-04-26 11:54:05,214 [INFO] ✦ NOVA [commodities|score:14] Irã retoma agenda diplomática no Paquistão enquanto negociações com os
2026-04-26 11:54:05,215 [WARNING] 🚨 ALERTA: Irã retoma agenda diplomática no Paquistão enquanto negociações com os EUA travam e cessar-fogo segue indefinido
https://g1.globo.com/mundo/noticia/2026/04/26/ira-retoma-agenda-diplomatica-no-paquistao-enquanto-negociacoes-com-os-eua-travam-e-cessar-fogo-segue-indefinido.ghtml
2026-04-26 11:54:05,920 [INFO] ✦ NOVA [bolsas|score:6] Quem é Anderson Neiff, artista pernambucano baleado nas costas ao volt
2026-04-26 11:54:06,242 [INFO] ✦ NOVA [empresas|score:6] Mulher de 60 anos é encontrada morta dentro de casa, em Caçapava; polí
2026-04-26 11:54:06,568 [INFO] ✦ NOVA [commodities|score:9] Matheus & Kauan se apresentam no palco da Facilpa em Lençóis Paulista 
2026-04-26 11:54:06,568 [WARNING] 🚨 ALERTA: Matheus & Kauan se apresentam no palco da Facilpa em Lençóis Paulista neste domingo
https://g1.globo.com/sp/bauru-marilia/noticia/2026/04/26/matheus-and-kauan-se-apresentam-no-palco-da-facilpa-em-lencois-paulista-neste-domingo.ghtml
2026-04-26 11:54:07,245 [INFO] ✦ NOVA [empresas|score:6] Arara-canindé ferida é resgatada pela Polícia Ambiental em RO
2026-04-26 11:54:07,569 [INFO] ✦ NOVA [bolsas|score:11] Em meio a cessar-fogo frágil, Israel volta a atacar o Líbano
2026-04-26 11:54:07,570 [WARNING] 🚨 ALERTA: Em meio a cessar-fogo frágil, Israel volta a atacar o Líbano
https://g1.globo.com/mundo/noticia/2026/04/26/israel-volta-a-atacar-o-sul-do-libano-apos-emitir-ordens-de-evacuacao-apesar-de-cessar-fogo-com-o-hezbollah.ghtml
2026-04-26 11:54:08,252 [INFO] ✦ NOVA [tecnologia|score:11] 'Hotel dos presidentes': local de tiroteio é o mesmo onde Reagan foi b
2026-04-26 11:54:08,252 [WARNING] 🚨 ALERTA: 'Hotel dos presidentes': local de tiroteio é o mesmo onde Reagan foi baleado em 1981
https://g1.globo.com/mundo/noticia/2026/04/26/hotel-dos-presidentes-local-de-tiroteio-e-o-mesmo-onde-reagan-foi-baleado-em-1981.ghtml
2026-04-26 11:54:08,884 [INFO] ✦ NOVA [tecnologia|score:14] VÍDEOS: Jornal do Acre 2ª Edição deste sábado, 25 de abril de 2026
2026-04-26 11:54:08,884 [WARNING] 🚨 ALERTA: VÍDEOS: Jornal do Acre 2ª Edição deste sábado, 25 de abril de 2026
https://g1.globo.com/ac/acre/playlist/videos-jornal-do-acre-2-edicao-deste-sabado-25-de-abril-de-2026.ghtml
2026-04-26 11:54:09,609 [INFO] ✦ NOVA [empresas|score:13] Prefeitura de Itapetininga alerta empresas de reciclagem sobre golpe d
2026-04-26 11:54:09,610 [WARNING] 🚨 ALERTA: Prefeitura de Itapetininga alerta empresas de reciclagem sobre golpe do PIX
https://g1.globo.com/sp/itapetininga-regiao/noticia/2026/04/26/prefeitura-de-itapetininga-alerta-empresas-de-reciclagem-sobre-golpe-do-pix.ghtml
2026-04-26 11:54:14,646 [INFO] ✦ NOVA [bolsas|score:6] Marina Lima valida assinatura moderna da obra autoral, entre perdas e 
2026-04-26 11:54:14,987 [INFO] ✦ NOVA [bolsas|score:11] Anderson Neiff, o 'rei do brega funk', é baleado em ataque em túnel de
2026-04-26 11:54:14,987 [WARNING] 🚨 ALERTA: Anderson Neiff, o 'rei do brega funk', é baleado em ataque em túnel de SP após sair de show
https://g1.globo.com/sp/sao-paulo/noticia/2026/04/26/anderson-neiff-o-rei-do-brega-funk-e-baleado-em-ataque-em-tunel-de-sp-apos-sair-de-show.ghtml
2026-04-26 11:54:16,223 [INFO] ✦ NOVA [empresas|score:6] Três apostas do Ceará acertam cinco dezenas da Mega-Sena e levam mais 
2026-04-26 11:54:16,637 [INFO] ✦ NOVA [bancos_centrais|score:7] Homem é preso com carro roubado na Via Dutra, em Barra Mansa
2026-04-26 11:54:16,984 [INFO] ✦ NOVA [empresas|score:9] Foragido da Interpol, magnata albanês é preso em operação policial em 
2026-04-26 11:54:16,984 [WARNING] 🚨 ALERTA: Foragido da Interpol, magnata albanês é preso em operação policial em Ilhabela, no Litoral Norte de SP
https://g1.globo.com/sp/vale-do-paraiba-regiao/noticia/2026/04/26/foragido-da-interpol-magnata-albanes-e-preso-em-operacao-policial-em-ilhabela-no-litoral-norte-de-sp.ghtml
2026-04-26 11:54:17,722 [INFO] ✦ NOVA [tecnologia|score:17] VÍDEOS: Amazônia Agro - Acre deste domingo, 26 de abril de 2026
2026-04-26 11:54:17,722 [WARNING] 🚨 ALERTA: VÍDEOS: Amazônia Agro - Acre deste domingo, 26 de abril de 2026
https://g1.globo.com/ac/acre/playlist/videos-amazonia-agro-acre-deste-domingo-26-de-abril-de-2026.ghtml
2026-04-26 11:54:18,440 [INFO] ✦ NOVA [empresas|score:9] Tambaqui é destaque em receita que valoriza ingredientes da Amazônia
2026-04-26 11:54:18,441 [WARNING] 🚨 ALERTA: Tambaqui é destaque em receita que valoriza ingredientes da Amazônia
https://g1.globo.com/am/amazonas/amazonia-agro/noticia/2026/04/26/tambaqui-e-destaque-em-receita-que-valoriza-ingredientes-da-amazonia.ghtml
2026-04-26 11:54:19,254 [INFO] ✦ NOVA [bolsas|score:6] Idoso é preso por dirigir embriagado e na contramão na Via Dutra, em R
2026-04-26 11:54:19,608 [INFO] ✦ NOVA [empresas|score:9] Oficinas gratuitas de gastronomia com ingredientes regionais e sustent
2026-04-26 11:54:19,608 [WARNING] 🚨 ALERTA: Oficinas gratuitas de gastronomia com ingredientes regionais e sustentáveis são realizadas em Santarém
https://g1.globo.com/pa/santarem-regiao/noticia/2026/04/26/oficinas-gratuitas-de-gastronomia-com-ingredientes-regionais-e-sustentaveis-sao-realizadas-em-santarem.ghtml
2026-04-26 11:54:20,347 [INFO] ✦ NOVA [bancos_centrais|score:7] R$ 500 mil em débitos: carro com mais de 600 multas vencidas é apreend
2026-04-26 11:54:20,723 [INFO] ✦ NOVA [tecnologia|score:9] Bateria recarregável feita 100% com nióbio é desenvolvida na USP de Sã
2026-04-26 11:54:20,723 [WARNING] 🚨 ALERTA: Bateria recarregável feita 100% com nióbio é desenvolvida na USP de São Carlos
https://g1.globo.com/sp/sao-carlos-regiao/noticia/2026/04/26/bateria-recarregavel-feita-100percent-com-niobio-e-desenvolvida-na-usp-de-sao-carlos.ghtml
2026-04-26 11:54:21,442 [INFO] ✦ NOVA [bolsas|score:6] Dino defende penas mais altas e perda automática de cargo para integra
2026-04-26 11:54:21,881 [INFO] ✦ NOVA [tecnologia|score:9] Concursos e seleções em PE têm 784 vagas de emprego com salários de at
2026-04-26 11:54:21,882 [WARNING] 🚨 ALERTA: Concursos e seleções em PE têm 784 vagas de emprego com salários de até R$ 15,4 mil; saiba como se inscrever
https://g1.globo.com/pe/pernambuco/noticia/2026/04/26/concursos-e-selecoes-em-pe-tem-784-vagas-de-emprego-com-salarios-de-ate-r-154-mil-saiba-como-se-inscrever.ghtml
2026-04-26 11:54:22,540 [INFO] ✦ NOVA [geral|score:8] Trump diz que homem detido após tiros durante jantar em hotel é 'lobo 
2026-04-26 11:54:22,540 [WARNING] 🚨 ALERTA: Trump diz que homem detido após tiros durante jantar em hotel é 'lobo solitário'
https://g1.globo.com/mundo/ao-vivo/trump-e-retirado-de-jantar-na-casa-branca.ghtml
2026-04-26 11:54:26,476 [INFO] ✦ NOVA [empresas|score:9] Polícia investiga corpo de mulher encontrado decapitado em parque de B
2026-04-26 11:54:26,476 [WARNING] 🚨 ALERTA: Polícia investiga corpo de mulher encontrado decapitado em parque de BH
https://g1.globo.com/mg/minas-gerais/noticia/2026/04/26/policia-investiga-corpo-de-mulher-encontrado-decapitado-em-parque-de-bh.ghtml
2026-04-26 11:54:27,512 [INFO] ✦ NOVA [empresas|score:9] Nove mortes violentas são registradas em dois dias na Grande São Luís;
2026-04-26 11:54:27,513 [WARNING] 🚨 ALERTA: Nove mortes violentas são registradas em dois dias na Grande São Luís; vítimas foram assassinadas a tiros
https://g1.globo.com/ma/maranhao/noticia/2026/04/26/nove-mortes-violentas-sao-registradas-em-dois-dias-na-grande-sao-luis-vitimas-foram-assassinadas-a-tiros.ghtml
2026-04-26 11:54:28,186 [INFO] ✦ NOVA [bancos_centrais|score:7] Homem é multado em R$ 9 mil por manter 18 pássaros silvestres em cativ
2026-04-26 11:54:28,510 [INFO] ✦ NOVA [empresas|score:9] Adolescente de 12 anos que engravidou após estupro fará aborto legal e
2026-04-26 11:54:28,511 [WARNING] 🚨 ALERTA: Adolescente de 12 anos que engravidou após estupro fará aborto legal em MS
https://g1.globo.com/ms/mato-grosso-do-sul/noticia/2026/04/26/adolescente-de-12-anos-que-engravidou-apos-estupro-no-paraguai-fara-aborto-legal-no-brasil.ghtml
2026-04-26 11:54:29,176 [INFO] ✦ NOVA [economia_brasil|score:7] Dnit recebe licença prévia para duplicação do segundo lote da BR-304 n
2026-04-26 11:54:29,506 [INFO] ✦ NOVA [empresas|score:6] Homem morre afogado no Rio Araguari após mergulhar em área proibida
2026-04-26 11:54:29,826 [INFO] ✦ NOVA [empresas|score:12] Suspeitos de duplo homicídio são presos com armas na BR-317, no AM
2026-04-26 11:54:29,826 [WARNING] 🚨 ALERTA: Suspeitos de duplo homicídio são presos com armas na BR-317, no AM
https://g1.globo.com/am/amazonas/noticia/2026/04/26/suspeitos-de-duplo-homicidio-sao-presos-com-armas-na-br-317-no-am.ghtml
2026-04-26 11:54:30,506 [INFO] ✦ NOVA [tecnologia|score:14] 'Serviço Secreto fez exatamente o que deveria e agiu rápido'; ex-agent
2026-04-26 11:54:30,506 [WARNING] 🚨 ALERTA: 'Serviço Secreto fez exatamente o que deveria e agiu rápido'; ex-agentes explicam resposta a ataque em jantar com Trump
https://g1.globo.com/mundo/noticia/2026/04/26/servico-secreto-fez-exatamente-o-que-deveria-e-agiu-rapido-ex-agentes-explicam-resposta-a-ataque-em-jantar-com-trump.ghtml
2026-04-26 11:54:31,204 [INFO] ✦ NOVA [commodities|score:9] Conheça muro de pedras histórico construído por escravizados na região
2026-04-26 11:54:31,205 [WARNING] 🚨 ALERTA: Conheça muro de pedras histórico construído por escravizados na região das Serras Gerais no TO
https://g1.globo.com/to/tocantins/noticia/2026/04/26/conheca-muro-em-pedras-historico-construido-por-escravizados-na-regiao-das-serras-gerais-no-to.ghtml
2026-04-26 11:54:31,925 [INFO] ✦ NOVA [bolsas|score:11] Carreta pega fogo na Rodovia Castello Branco em Araçariguama
2026-04-26 11:54:31,925 [WARNING] 🚨 ALERTA: Carreta pega fogo na Rodovia Castello Branco em Araçariguama
https://g1.globo.com/sp/sorocaba-jundiai/noticia/2026/04/26/carreta-pega-fogo-na-rodovia-castello-branco-em-aracariguama.ghtml
2026-04-26 11:54:32,702 [INFO] ✦ NOVA [bolsas|score:11] PR-092 é interditada devido a risco de deslizamento de terra
2026-04-26 11:54:32,703 [WARNING] 🚨 ALERTA: PR-092 é interditada devido a risco de deslizamento de terra
https://g1.globo.com/pr/parana/noticia/2026/04/26/pr-092-e-interditada-devido-a-risco-de-deslizamento-de-terra.ghtml
2026-04-26 11:54:33,420 [INFO] ✦ NOVA [empresas|score:9] Homem que atirou na cabeça de mulher trans em Santo André tem prisão c
2026-04-26 11:54:33,420 [WARNING] 🚨 ALERTA: Homem que atirou na cabeça de mulher trans em Santo André tem prisão convertida em preventiva
https://g1.globo.com/sp/sao-paulo/noticia/2026/04/26/homem-que-atirou-na-cabeca-de-mulher-trans-em-santo-andre-tem-prisao-convertida-em-preventiva.ghtml
2026-04-26 11:54:34,197 [INFO] ✦ NOVA [economia_brasil|score:10] Cidade do AC recebe mais de R$ 2 milhões para construção de unidade de
2026-04-26 11:54:34,222 [WARNING] 🚨 ALERTA: Cidade do AC recebe mais de R$ 2 milhões para construção de unidade de saúde prevista para atender mais de 6 mil pessoas
https://g1.globo.com/ac/acre/noticia/2026/04/26/cidade-do-ac-recebe-mais-de-r-2-milhoes-para-construcao-de-unidade-de-saude-prevista-para-atender-mais-de-6-mil-pessoas.ghtml
2026-04-26 11:54:35,253 [INFO] ✦ NOVA [bolsas|score:11] Um dia após ataque em jantar, Trump voltar a defender construção de 's
2026-04-26 11:54:35,253 [WARNING] 🚨 ALERTA: Um dia após ataque em jantar, Trump voltar a defender construção de 'salão de festas ultrassecreto' na Casa Branca
https://g1.globo.com/mundo/noticia/2026/04/26/trump-defende-novo-salao-ultrasseguro-na-casa-branca-apos-ataque-em-jantar.ghtml
2026-04-26 11:54:35,927 [INFO] ✦ NOVA [geral|score:8] Após tiroteio, Palácio de Buckingham está discutindo se manterá visita
2026-04-26 11:54:35,927 [WARNING] 🚨 ALERTA: Após tiroteio, Palácio de Buckingham está discutindo se manterá visita de Charles III aos EUA
https://g1.globo.com/mundo/noticia/2026/04/26/palacio-de-buckingham-discutindo-visita-de-charles-aos-eua.ghtml
2026-04-26 11:54:36,641 [INFO] ✦ NOVA [empresas|score:9] Museu preserva legado de Carmen Miranda com mais de 3 mil itens
2026-04-26 11:54:36,641 [WARNING] 🚨 ALERTA: Museu preserva legado de Carmen Miranda com mais de 3 mil itens
https://g1.globo.com/rj/rio-de-janeiro/globo-comunidade-rj/noticia/2026/04/26/museu-preserva-legado-de-carmen-miranda.ghtml
2026-04-26 11:54:37,380 [INFO] ✦ NOVA [empresas|score:14] Veja o que se sabe e o que falta esclarecer sobre o caso do ginecologi
2026-04-26 11:54:37,381 [WARNING] 🚨 ALERTA: Veja o que se sabe e o que falta esclarecer sobre o caso do ginecologista suspeito de crimes sexuais contra mais de 20 pacientes em Goiás
https://g1.globo.com/go/goias/noticia/2026/04/26/veja-o-que-se-sabe-e-o-que-falta-esclarecer-sobre-o-caso-do-ginecologista-suspeito-de-crimes-sexuais-contra-mais-de-20-pacientes-em-goias.ghtml
2026-04-26 11:54:38,451 [INFO] ✦ NOVA [empresas|score:20] Vídeos do g1 e TV Bahia - domingo, 26 de abril de 2026
2026-04-26 11:54:38,451 [WARNING] 🚨 ALERTA: Vídeos do g1 e TV Bahia - domingo, 26 de abril de 2026
https://g1.globo.com/ba/bahia/edicao/2026/04/26/videos-do-g1-e-tv-bahia-domingo-26-de-abril-de-2026.ghtml
2026-04-26 11:54:39,161 [INFO] ✦ NOVA [empresas|score:6] Homem é morto a tiros dentro de bar em Cruzeiro; suspeitos fugiram
2026-04-26 11:54:39,499 [INFO] ✦ NOVA [empresas|score:9] Homem é preso suspeito de matar vizinho que se recusou a fornecer água
2026-04-26 11:54:39,499 [WARNING] 🚨 ALERTA: Homem é preso suspeito de matar vizinho que se recusou a fornecer água e energia, diz PM
https://g1.globo.com/to/tocantins/noticia/2026/04/26/homem-e-preso-suspeito-de-matar-vizinho-que-se-recusou-a-fornecer-agua-e-energia-diz-pm.ghtml
2026-04-26 11:54:40,181 [INFO] ✦ NOVA [empresas|score:9] Aprenda a fazer um sorvete cremoso de café
2026-04-26 11:54:40,182 [WARNING] 🚨 ALERTA: Aprenda a fazer um sorvete cremoso de café
https://g1.globo.com/ce/ceara/receitas/noticia/2026/04/26/aprenda-a-fazer-um-sorvete-cremoso-de-cafe.ghtml
2026-04-26 11:54:40,907 [INFO] ✦ NOVA [empresas|score:13] Inscrições no concurso da Prefeitura de Itabaiana, na PB, com 126 vaga
2026-04-26 11:54:40,907 [WARNING] 🚨 ALERTA: Inscrições no concurso da Prefeitura de Itabaiana, na PB, com 126 vagas, terminam neste domingo (26)
https://g1.globo.com/pb/paraiba/noticia/2026/04/26/inscricoes-no-concurso-da-prefeitura-de-itabaiana-na-pb-com-126-vagas-terminam-neste-domingo-26.ghtml
2026-04-26 11:54:41,721 [INFO] ✦ NOVA [tecnologia|score:9] Projeto gratuito do Sesc oferece aulas de esporte para jovens de 7 a 1
2026-04-26 11:54:41,722 [WARNING] 🚨 ALERTA: Projeto gratuito do Sesc oferece aulas de esporte para jovens de 7 a 17 anos em Manaus; veja como se inscrever
https://g1.globo.com/am/amazonas/utilidade-publica/noticia/2026/04/26/projeto-gratuito-do-sesc-oferece-aulas-de-esporte-para-jovens-de-7-a-17-anos-em-manaus-veja-como-se-inscrever.ghtml
2026-04-26 11:54:42,455 [INFO] ✦ NOVA [tecnologia|score:18] Homem que tentou atirar em Trump é desenvolvedor de jogos e professor 
2026-04-26 11:54:42,455 [WARNING] 🚨 ALERTA: Homem que tentou atirar em Trump é desenvolvedor de jogos e professor premiado
https://g1.globo.com/mundo/noticia/2026/04/26/homem-que-tentou-atirar-em-trump-e-desenvolvedor-de-jogos-e-professor-premiado.ghtml
2026-04-26 11:54:43,265 [INFO] ✦ NOVA [bolsas|score:6] Motorista de carro de luxo é preso por dirigir bêbado após bater em ca
2026-04-26 11:54:43,941 [INFO] ✦ NOVA [tecnologia|score:13] A personagem de IA que viraliza com críticas ao governo Lula e ao STF
2026-04-26 11:54:43,942 [WARNING] 🚨 ALERTA: A personagem de IA que viraliza com críticas ao governo Lula e ao STF
https://g1.globo.com/politica/noticia/2026/04/26/a-personagem-de-ia-que-viraliza-com-criticas-ao-governo-lula-e-ao-stf.ghtml
2026-04-26 12:03:57,298 [INFO] Coluna adicionada: noticias.score
2026-04-26 12:03:57,304 [INFO] Coluna adicionada: noticias.subcategoria
2026-04-26 12:03:57,308 [INFO] Coluna adicionada: noticias.urgente
2026-04-26 12:03:57,313 [INFO] Coluna adicionada: noticias.resumo_curto
2026-04-26 12:03:57,317 [INFO] Coluna adicionada: noticias.motivo_score
2026-04-26 12:03:57,322 [INFO] Banco inicializado: banco.db
2026-04-26 12:03:57,818 [INFO] ────────────────────────────────────────────────────────────
2026-04-26 12:03:57,819 [INFO] Ciclo iniciado: 26/04/2026 12:03:57 | 21 fontes
2026-04-26 12:03:58,636 [INFO] ✦ NOVA [economia_global|score:28] G7 congela juros sob pressão do petróleo e espera sinal da inflação gl
2026-04-26 12:03:58,636 [WARNING] 🚨 ALERTA: G7 congela juros sob pressão do petróleo e espera sinal da inflação global
https://www.infomoney.com.br/economia/g-7-congela-juros-sob-pressao-do-petroleo-e-espera-sinal-da-inflacao-global/
2026-04-26 12:03:59,671 [INFO] ✦ NOVA [empresas|score:9] Virginia Fonseca planeja academia com investimento milionário e foco e
2026-04-26 12:03:59,671 [WARNING] 🚨 ALERTA: Virginia Fonseca planeja academia com investimento milionário e foco em mulheres
https://www.infomoney.com.br/consumo/virginia-academia-mensalidade-37-dias-mulheres/
2026-04-26 12:04:00,150 [INFO] ✦ NOVA [tecnologia|score:6] Maioria dos brasileiros investe para comprar imóvel, aponta pesquisa
2026-04-26 12:04:00,291 [INFO] ✦ NOVA [empresas|score:17] Após novas regras, quem tem direito ao Minha Casa, Minha Vida?
2026-04-26 12:04:00,292 [WARNING] 🚨 ALERTA: Após novas regras, quem tem direito ao Minha Casa, Minha Vida?
https://www.infomoney.com.br/minhas-financas/apos-novas-regras-quem-tem-direito-ao-minha-casa-minha-vida/
2026-04-26 12:04:00,772 [INFO] ✦ NOVA [empresas|score:17] Irã diz que transformou Ormuz em “alavanca econômica” após início do c
2026-04-26 12:04:00,772 [WARNING] 🚨 ALERTA: Irã diz que transformou Ormuz em “alavanca econômica” após início do conflito com EUA
https://www.infomoney.com.br/mundo/ira-diz-que-transformou-ormuz-em-alavanca-economica-apos-inicio-do-conflito-com-eua/
2026-04-26 12:04:01,247 [INFO] ✦ NOVA [tecnologia|score:13] Após turbulências, Nissan aposta na “velocidade chinesa” para voltar a
2026-04-26 12:04:01,247 [WARNING] 🚨 ALERTA: Após turbulências, Nissan aposta na “velocidade chinesa” para voltar a ficar de pé
https://www.infomoney.com.br/business/apos-turbulencias-nissan-aposta-na-velocidade-chinesa-para-voltar-a-ficar-de-pe/
2026-04-26 12:04:01,741 [INFO] ✦ NOVA [criptomoedas|score:23] Narcotráfico cada vez mais usa criptomoedas para ocultar origem ilícit
2026-04-26 12:04:01,741 [WARNING] 🚨 ALERTA: Narcotráfico cada vez mais usa criptomoedas para ocultar origem ilícita de recursos
https://www.infomoney.com.br/brasil/narcotrafico-cada-vez-mais-usa-criptomoedas-para-ocultar-origem-ilicita-de-recursos/
2026-04-26 12:04:05,331 [INFO] ✦ NOVA [tecnologia|score:15] Análise: Mais uma vez, um atirador chegou perigosamente perto de Trump
2026-04-26 12:04:05,331 [WARNING] 🚨 ALERTA: Análise: Mais uma vez, um atirador chegou perigosamente perto de Trump
https://www.infomoney.com.br/business/global/analise-mais-uma-vez-um-atirador-chegou-perigosamente-perto-de-trump/
2026-04-26 12:04:06,158 [INFO] ✦ NOVA [empresas|score:18] Após “pior ano da história”, resultados do Banco do Brasil voltarão “a
2026-04-26 12:04:06,159 [WARNING] 🚨 ALERTA: Após “pior ano da história”, resultados do Banco do Brasil voltarão “ao normal”?
https://www.infomoney.com.br/mercados/apos-pior-ano-da-historia-resultados-do-banco-do-brasil-voltarao-ao-normal/
2026-04-26 12:04:06,660 [INFO] ✦ NOVA [bolsas|score:11] Israel: Netanyahu ordena Exército atacar com força Hezbollah no Líbano
2026-04-26 12:04:06,660 [WARNING] 🚨 ALERTA: Israel: Netanyahu ordena Exército atacar com força Hezbollah no Líbano
https://www.infomoney.com.br/mercados/israel-netanyahu-ordena-exercito-atacar-com-forca-hezbollah-no-libano/
2026-04-26 12:04:07,135 [INFO] ✦ NOVA [bolsas|score:9] Trump comprou pelo menos US$51 mi em títulos em março
2026-04-26 12:04:07,135 [WARNING] 🚨 ALERTA: Trump comprou pelo menos US$51 mi em títulos em março
https://www.infomoney.com.br/mercados/trump-comprou-pelo-menos-us51-mi-em-titulos-em-marco/
2026-04-26 12:04:07,618 [INFO] ✦ NOVA [bolsas|score:17] ‘Incendiário e bombeiro’: como Trump virou o maior driver do S&P 500
2026-04-26 12:04:07,618 [WARNING] 🚨 ALERTA: ‘Incendiário e bombeiro’: como Trump virou o maior driver do S&P 500
https://www.infomoney.com.br/mercados/incendiario-e-bombeiro-como-trump-virou-o-maior-driver-do-sp-500/
2026-04-26 12:04:11,218 [INFO] ✦ NOVA [tecnologia|score:20] Hackers miram “cidade dos bilionários” em Santa Catarina e desviam R$ 
2026-04-26 12:04:11,218 [WARNING] 🚨 ALERTA: Hackers miram “cidade dos bilionários” em Santa Catarina e desviam R$ 12 milhões
https://www.infomoney.com.br/mercados/hackers-miram-cidade-dos-bilionarios-em-santa-catarina-e-desviam-r-12-milhoes/
2026-04-26 12:04:11,739 [INFO] ✦ NOVA [economia_global|score:21] O choque de 1 bilhão de barris em Ormuz está prestes a derrubar a dema
2026-04-26 12:04:11,739 [WARNING] 🚨 ALERTA: O choque de 1 bilhão de barris em Ormuz está prestes a derrubar a demanda
https://www.infomoney.com.br/mundo/o-choque-de-1-bilhao-de-barris-em-ormuz-esta-prestes-a-derrubar-a-demanda/
2026-04-26 12:04:12,213 [INFO] ✦ NOVA [empresas|score:13] Sabesp avalia incorporar totalidade das ações da Emae, que viraria sub
2026-04-26 12:04:12,213 [WARNING] 🚨 ALERTA: Sabesp avalia incorporar totalidade das ações da Emae, que viraria subsidiária
https://www.infomoney.com.br/business/sabesp-avalia-incorporar-totalidade-das-acoes-da-emae-que-viraria-subsidiaria/
2026-04-26 12:04:12,684 [INFO] ✦ NOVA [commodities|score:11] Caixa Econômica Federal vai escolher novo presidente do conselho após 
2026-04-26 12:04:12,684 [WARNING] 🚨 ALERTA: Caixa Econômica Federal vai escolher novo presidente do conselho após gestão de Ceron
https://www.infomoney.com.br/mercados/caixa-economica-federal-vai-escolher-novo-presidente-do-conselho-apos-gestao-de-ceron/
2026-04-26 12:04:13,155 [INFO] ✦ NOVA [bancos_centrais|score:19] UBS: Brasil se destaca entre mercados emergentes como forte exportador
2026-04-26 12:04:13,156 [WARNING] 🚨 ALERTA: UBS: Brasil se destaca entre mercados emergentes como forte exportador de commodities
https://www.infomoney.com.br/mercados/ubs-brasil-se-destaca-entre-mercados-emergentes-como-forte-exportador-de-commodities/
2026-04-26 12:04:16,811 [INFO] ✦ NOVA [empresas|score:17] Intel sobe 24% e supera pico da bolha da internet após projeção espeta
2026-04-26 12:04:16,811 [WARNING] 🚨 ALERTA: Intel sobe 24% e supera pico da bolha da internet após projeção espetacular
https://www.infomoney.com.br/mercados/intel-sobe-28-e-ultrapassa-pico-da-era-das-pontocom-apos-forte-previsao-de-vendas/
2026-04-26 12:04:18,074 [INFO] ✦ NOVA [bolsas|score:11] Gilmar Mendes vai à guerra
2026-04-26 12:04:18,074 [WARNING] 🚨 ALERTA: Gilmar Mendes vai à guerra
https://braziljournal.com/gilmar-mendes-vai-a-guerra/
2026-04-26 12:04:18,573 [INFO] ✦ NOVA [tecnologia|score:9] O Rio está conversando com turcos e chineses. A meta: voos diretos no 
2026-04-26 12:04:18,573 [WARNING] 🚨 ALERTA: O Rio está conversando com turcos e chineses. A meta: voos diretos no Galeão
https://braziljournal.com/o-rio-esta-conversando-com-turcos-e-chineses-a-meta-voos-diretos-no-galeao/
2026-04-26 12:04:19,073 [INFO] ✦ NOVA [commodities|score:6] OPINIÃO. Excessos, humildade e autocrítica
2026-04-26 12:04:19,348 [INFO] ✦ NOVA [empresas|score:9] Kinea chega a 10% da Petz Cobasi
2026-04-26 12:04:19,348 [WARNING] 🚨 ALERTA: Kinea chega a 10% da Petz Cobasi
https://braziljournal.com/kinea-chega-a-10-da-petz-cobasi/
2026-04-26 12:04:19,837 [INFO] ✦ NOVA [commodities|score:11] Petróleo pode subir ainda mais, diz o JP Morgan: “simples matemática”
2026-04-26 12:04:19,837 [WARNING] 🚨 ALERTA: Petróleo pode subir ainda mais, diz o JP Morgan: “simples matemática”
https://braziljournal.com/petroleo-pode-subir-ainda-mais-diz-o-jp-morgan-simples-matematica/
2026-04-26 12:04:20,303 [INFO] ✦ NOVA [empresas|score:6] Heineken surpreende com alta de preço – um alívio para a Ambev
2026-04-26 12:04:20,720 [INFO] ✦ NOVA [bolsas|score:6] Não liberou geral: Governo Trump aprova maconha, mas só para uso medic
2026-04-26 12:04:21,441 [INFO] ✦ NOVA [economia_global|score:22] Tudo ao mesmo tempo: agenda da semana tem Copom, Fed e bateria de indi
2026-04-26 12:04:21,441 [WARNING] 🚨 ALERTA: Tudo ao mesmo tempo: agenda da semana tem Copom, Fed e bateria de indicadores; confira
https://www.moneytimes.com.br/agenda-da-semana-tem-copom-fed-e-bateria-de-indicadores-confira-jcav/
2026-04-26 12:04:21,940 [INFO] ✦ NOVA [empresas|score:23] A possível escalada de preços do Bitcoin (BTC) e outros destaques do C
2026-04-26 12:04:21,941 [WARNING] 🚨 ALERTA: A possível escalada de preços do Bitcoin (BTC) e outros destaques do Crypto Times
https://www.moneytimes.com.br/a-possivel-escalada-de-precos-do-bitcoin-btc-e-outros-destaques-do-crypto-times-rens/
2026-04-26 12:04:22,402 [INFO] ✦ NOVA [empresas|score:20] Quem é o ‘lobo solitário’ que tentou matar Trump?
2026-04-26 12:04:22,402 [WARNING] 🚨 ALERTA: Quem é o ‘lobo solitário’ que tentou matar Trump?
https://www.moneytimes.com.br/quem-e-o-lobo-solitario-que-tentou-matar-trump-rnda/
2026-04-26 12:04:22,844 [INFO] ✦ NOVA [empresas|score:20] ‘Brasil repudia veementemente ataque em Washington durante jantar de T
2026-04-26 12:04:22,844 [WARNING] 🚨 ALERTA: ‘Brasil repudia veementemente ataque em Washington durante jantar de Trump’, diz Lula
https://www.moneytimes.com.br/brasil-repudia-veementemente-ataque-em-washington-durante-jantar-de-trump-diz-lula-rnda/
2026-04-26 12:04:23,380 [INFO] ✦ NOVA [empresas|score:20] Temporada de balanços: Vale (VALE3), Santander (SANB11), WEG (WEGE3) e
2026-04-26 12:04:23,380 [WARNING] 🚨 ALERTA: Temporada de balanços: Vale (VALE3), Santander (SANB11), WEG (WEGE3) e outras 12 empresas divulgam resultados nesta semana
https://www.moneytimes.com.br/temporada-de-balancos-vale-vale3-santander-sanb11-weg-wege3-e-outras-12-companhias-divulgam-seus-resultados-nesta-semana-ceci/
2026-04-26 12:04:23,885 [INFO] ✦ NOVA [empresas|score:20] Pagamentos do Pé-de-Meia abril de 2026 começam amanhã; veja quem pode 
2026-04-26 12:04:23,885 [WARNING] 🚨 ALERTA: Pagamentos do Pé-de-Meia abril de 2026 começam amanhã; veja quem pode receber o benefício
https://www.moneytimes.com.br/pagamentos-do-pe-de-meia-abril-de-2026-comecam-amanha-veja-quem-pode-receber-o-beneficio-mlem/
2026-04-26 12:04:24,329 [INFO] ✦ NOVA [tecnologia|score:11] Memes criados por IA viram a mais nova arma dos conflitos modernos
2026-04-26 12:04:24,330 [WARNING] 🚨 ALERTA: Memes criados por IA viram a mais nova arma dos conflitos modernos
https://www.moneytimes.com.br/memes-criados-por-ia-viram-a-mais-nova-arma-dos-conflitos-modernos/
2026-04-26 12:04:24,794 [INFO] ✦ NOVA [empresas|score:20] Acesso à lista com as 5 moedas que pode transformar R$ 2,5 mil em até 
2026-04-26 12:04:24,794 [WARNING] 🚨 ALERTA: Acesso à lista com as 5 moedas que pode transformar R$ 2,5 mil em até R$ 1 milhão será liberado amanhã (27); veja como receber os nomes
https://www.moneytimes.com.br/acesso-a-lista-com-as-5-moedas-que-pode-transformar-r-25-mil-em-ate-r-1-milhao-sera-liberado-amanha-27-veja-como-receber-os-nomes-lbrdis575/
2026-04-26 12:04:25,277 [INFO] ✦ NOVA [empresas|score:20] Fachin suspende decisão que impedia venda de bens do DF para socorrer 
2026-04-26 12:04:25,277 [WARNING] 🚨 ALERTA: Fachin suspende decisão que impedia venda de bens do DF para socorrer BRB
https://www.moneytimes.com.br/fachin-suspende-decisao-que-impedia-venda-de-bens-do-df-para-socorrer-brb/
2026-04-26 12:04:25,724 [INFO] ✦ NOVA [empresas|score:20] ‘Serviço Secreto e forças de segurança fizeram trabalho fantástico’, d
2026-04-26 12:04:25,724 [WARNING] 🚨 ALERTA: ‘Serviço Secreto e forças de segurança fizeram trabalho fantástico’, diz Trump
https://www.moneytimes.com.br/servico-secreto-e-forcas-de-seguranca-fizeram-trabalho-fantastico-diz-trump/
2026-04-26 12:04:27,456 [INFO] ✦ NOVA [empresas|score:10] Trisul (TRIS3) e Sabesp (SBSP3): Veja quem vai pagar dividendos na sem
2026-04-26 12:04:27,457 [WARNING] 🚨 ALERTA: Trisul (TRIS3) e Sabesp (SBSP3): Veja quem vai pagar dividendos na semana
https://www.suno.com.br/noticias/a-trisul-tris3-a-espacolaser-espa3-agenda-dividendos-24042026/
2026-04-26 12:04:28,013 [INFO] ✦ NOVA [empresas|score:16] Balanço 1T26: Petrobras (PETR4), Vale (VALE3) e Itaú (ITUB4) entram em
2026-04-26 12:04:28,014 [WARNING] 🚨 ALERTA: Balanço 1T26: Petrobras (PETR4), Vale (VALE3) e Itaú (ITUB4) entram em cena; veja datas e o que observar
https://www.suno.com.br/noticias/balanco-1t26-petrobras-petr4-vale-vale3-itau-itub4-mt/
2026-04-26 12:04:28,571 [INFO] ✦ NOVA [empresas|score:17] ALZR11 registra maior lucro em 8 meses e reforça guidance
2026-04-26 12:04:28,572 [WARNING] 🚨 ALERTA: ALZR11 registra maior lucro em 8 meses e reforça guidance
https://www.suno.com.br/noticias/alzr11-lucro-8-meses-rendimento-0-0836/
2026-04-26 12:04:29,140 [INFO] ✦ NOVA [empresas|score:13] Totvs (TOTS3): XP espera resultados sólidos no 1T26 e vê alta de 54%
2026-04-26 12:04:29,140 [WARNING] 🚨 ALERTA: Totvs (TOTS3): XP espera resultados sólidos no 1T26 e vê alta de 54%
https://www.suno.com.br/noticias/totvs-tots3-xp-resultados-solidos-1t26-go/
2026-04-26 12:04:29,708 [INFO] ✦ NOVA [empresas|score:10] SNEL11 bate recorde a R$ 8,54 e reforça tese de energia limpa
2026-04-26 12:04:29,708 [WARNING] 🚨 ALERTA: SNEL11 bate recorde a R$ 8,54 e reforça tese de energia limpa
https://www.suno.com.br/noticias/snel11-recorde-r-8-54-energia-limpa/
2026-04-26 12:04:30,266 [INFO] ✦ NOVA [empresas|score:13] FIIs puxam captações e mercado bate recorde no 1º tri de 2026
2026-04-26 12:04:30,266 [WARNING] 🚨 ALERTA: FIIs puxam captações e mercado bate recorde no 1º tri de 2026
https://www.suno.com.br/noticias/fundos-imobiliarios-captam-20-bilhoes-2026/
2026-04-26 12:04:30,820 [INFO] ✦ NOVA [empresas|score:6] IFIX sobe 0,18% e volta a rondar recorde de 52 semanas
2026-04-26 12:04:30,968 [INFO] ✦ NOVA [empresas|score:10] TRBL11 puxa alta e lidera rali dos fundos imobiliários em 2026
2026-04-26 12:04:30,968 [WARNING] 🚨 ALERTA: TRBL11 puxa alta e lidera rali dos fundos imobiliários em 2026
https://www.suno.com.br/noticias/trbl11-lidera-fundos-imobiliarios-2026/
2026-04-26 12:04:31,521 [INFO] ✦ NOVA [commodities|score:15] Estados Unidos anunciam novas sanções econômicas contra o Irã; entenda
2026-04-26 12:04:31,521 [WARNING] 🚨 ALERTA: Estados Unidos anunciam novas sanções econômicas contra o Irã; entenda
https://www.suno.com.br/noticias/estados-unidos-anunciam-sancoes-economicas-ira-go/
2026-04-26 12:04:32,074 [INFO] ✦ NOVA [bolsas|score:16] Ibovespa perde os 190 mil no intradia e fecha semana em queda com pres
2026-04-26 12:04:32,075 [WARNING] 🚨 ALERTA: Ibovespa perde os 190 mil no intradia e fecha semana em queda com pressão global
https://www.suno.com.br/noticias/ibovespa-cai-190-mil-amplia-perdas-semana-mt/
2026-04-26 12:04:32,905 [INFO] ✦ NOVA [empresas|score:6] Resultado da Lotofácil 3670: CINCO VENCEDORES; cada jogador ganhou cer
2026-04-26 12:04:33,136 [INFO] ✦ NOVA [empresas|score:6] Resultado da Loteria Federal 6060-7: bilhetes são premiados em cinco c
2026-04-26 12:04:33,347 [INFO] ✦ NOVA [empresas|score:9] Tele Sena Semanal de hoje (26): OS NÚMEROS SAÍRAM! Veja os valores dos
2026-04-26 12:04:33,347 [WARNING] 🚨 ALERTA: Tele Sena Semanal de hoje (26): OS NÚMEROS SAÍRAM! Veja os valores dos prêmios na 101ª edição
https://einvestidor.estadao.com.br/loterias/sorteio-tele-sena-semanal-101-edicao-26-abril-2026/
2026-04-26 12:04:34,133 [INFO] ✦ NOVA [economia_global|score:19] Calendário econômico: semana tem Fed, Copom e IPCA-15 no radar do merc
2026-04-26 12:04:34,133 [WARNING] 🚨 ALERTA: Calendário econômico: semana tem Fed, Copom e IPCA-15 no radar do mercado
https://einvestidor.estadao.com.br/ultimas/calendario-economico-semana-fed-bce-boj-ipca15-pib-eua/
2026-04-26 12:04:34,540 [INFO] ✦ NOVA [empresas|score:16] Dividendos da semana: Isa Energia, Sabesp e Iguatemi pagam acionistas 
2026-04-26 12:04:34,540 [WARNING] 🚨 ALERTA: Dividendos da semana: Isa Energia, Sabesp e Iguatemi pagam acionistas entre 27 de abril e 1º de maio
https://einvestidor.estadao.com.br/ultimas/dividendos-semana-mills-trisul-sabesp-proventos-b3/
2026-04-26 12:04:39,545 [INFO] ✦ NOVA [empresas|score:19] Gringos fogem de ações de baixo volume e 'small caps' são penalizadas
2026-04-26 12:04:39,545 [WARNING] 🚨 ALERTA: Gringos fogem de ações de baixo volume e 'small caps' são penalizadas
https://exame.com/invest/mercados/gringos-fogem-de-acoes-de-baixo-volume-e-small-caps-sao-penalizadas/
2026-04-26 12:04:43,132 [INFO] ✦ NOVA [bolsas|score:11] Ele queria apenas fazer churrasco no apê e criou negócio de varandas m
2026-04-26 12:04:43,132 [WARNING] 🚨 ALERTA: Ele queria apenas fazer churrasco no apê e criou negócio de varandas milionárias
https://exame.com/mercado-imobiliario/ele-queria-apenas-fazer-churrasco-no-ape-e-criou-negocio-de-varandas-milionarias/
2026-04-26 12:04:46,616 [INFO] ✦ NOVA [tecnologia|score:17] X Money: nova aposta de Musk quer unir rede social e banco digital
2026-04-26 12:04:46,617 [WARNING] 🚨 ALERTA: X Money: nova aposta de Musk quer unir rede social e banco digital
https://exame.com/mundo/x-money-nova-aposta-de-musk-quer-unir-rede-social-e-banco-digital/
2026-04-26 12:04:49,040 [INFO] ✦ NOVA [empresas|score:11] Vox Brasil: Tarcísio lidera em SP e abriria 20 pontos sobre Haddad no 
2026-04-26 12:04:49,040 [WARNING] 🚨 ALERTA: Vox Brasil: Tarcísio lidera em SP e abriria 20 pontos sobre Haddad no 2º turno
https://exame.com/brasil/vox-brasil-tarcisio-lidera-em-sp-e-abriria-20-pontos-sobre-haddad-no-2o-turno/
2026-04-26 12:04:51,397 [INFO] ✦ NOVA [tecnologia|score:14] Lula repudia ataque a Trump: 'Violência é afronta aos valores democrát
2026-04-26 12:04:51,398 [WARNING] 🚨 ALERTA: Lula repudia ataque a Trump: 'Violência é afronta aos valores democráticos'
https://exame.com/mundo/lula-repudia-ataque-a-trump-violencia-e-afronta-aos-valores-democraticos/
2026-04-26 12:05:00,877 [INFO] ✦ NOVA [tecnologia|score:14] Suspeito de ataque em jantar da Casa Branca era professor e criador de
2026-04-26 12:05:00,878 [WARNING] 🚨 ALERTA: Suspeito de ataque em jantar da Casa Branca era professor e criador de jogos
https://exame.com/mundo/suspeito-de-ataque-em-jantar-da-casa-branca-era-professor-e-criador-de-jogos/
2026-04-26 12:05:03,199 [INFO] ✦ NOVA [tecnologia|score:16] Tiroteio em evento com Trump mobiliza segurança e repercute entre líde
2026-04-26 12:05:03,199 [WARNING] 🚨 ALERTA: Tiroteio em evento com Trump mobiliza segurança e repercute entre líderes mundiais
https://exame.com/mundo/tiroteio-em-evento-com-trump-mobiliza-seguranca-e-repercute-entre-lideres-mundiais/
2026-04-26 12:05:05,572 [INFO] ✦ NOVA [tecnologia|score:16] Esses idosos de 80 anos têm memória melhor que adultos de 50, revela e
2026-04-26 12:05:05,572 [WARNING] 🚨 ALERTA: Esses idosos de 80 anos têm memória melhor que adultos de 50, revela estudo
https://exame.com/ciencia/esses-idosos-de-80-anos-tem-memoria-melhor-que-adultos-de-50-revela-estudo/
2026-04-26 12:05:07,788 [INFO] ✦ NOVA [empresas|score:13] Ela comprou uma casa de pescador por WhatsApp — e criou um negócio mil
2026-04-26 12:05:07,788 [WARNING] 🚨 ALERTA: Ela comprou uma casa de pescador por WhatsApp — e criou um negócio milionário no Ceará
https://exame.com/negocios/ela-comprou-uma-casa-de-pescador-por-whatsapp-e-criou-um-negocio-milionario-no-ceara/
2026-04-26 12:05:10,576 [INFO] ✦ NOVA [empresas|score:14] Artista do MoMa assina obra em prédio de luxo nos Jardins, em São Paul
2026-04-26 12:05:10,576 [WARNING] 🚨 ALERTA: Artista do MoMa assina obra em prédio de luxo nos Jardins, em São Paulo
https://exame.com/mercado-imobiliario/artista-do-moma-assina-obra-em-predio-de-luxo-nos-jardins-em-sao-paulo/
2026-04-26 12:05:10,969 [INFO] ✦ NOVA [criptomoedas|score:18] 24/7: a convergência entre IA e cripto está redefinindo o trading glob
2026-04-26 12:05:10,969 [WARNING] 🚨 ALERTA: 24/7: a convergência entre IA e cripto está redefinindo o trading global
https://exame.com/future-of-money/24-7-a-convergencia-entre-ia-e-cripto-esta-redefinindo-o-trading-global/
2026-04-26 12:05:11,974 [INFO] ✦ NOVA [empresas|score:21] A Prada em dois momentos: de 2006 ao presente
2026-04-26 12:05:11,974 [WARNING] 🚨 ALERTA: A Prada em dois momentos: de 2006 ao presente
https://exame.com/casual/a-prada-em-dois-momentos-de-2006-ao-presente/
2026-04-26 12:05:14,418 [INFO] ✦ NOVA [tecnologia|score:12] Londres quebra dois recordes e entra para a história das maratonas
2026-04-26 12:05:14,418 [WARNING] 🚨 ALERTA: Londres quebra dois recordes e entra para a história das maratonas
https://exame.com/esporte/londres-quebra-dois-recordes-e-entra-para-a-historia-das-maratonas/
2026-04-26 12:05:17,102 [INFO] ✦ NOVA [tecnologia|score:12] A IA que transforma áudio de reuniões em tarefas automáticas (e como u
2026-04-26 12:05:17,102 [WARNING] 🚨 ALERTA: A IA que transforma áudio de reuniões em tarefas automáticas (e como usar)
https://exame.com/inteligencia-artificial/a-ia-que-transforma-audio-de-reunioes-em-tarefas-automaticas-e-como-usar/
2026-04-26 12:05:19,416 [INFO] ✦ NOVA [tecnologia|score:24] Eles vão faturar R$ 15 milhões fazendo você comprar sempre do mesmo lu
2026-04-26 12:05:19,417 [WARNING] 🚨 ALERTA: Eles vão faturar R$ 15 milhões fazendo você comprar sempre do mesmo lugar
https://exame.com/negocios/eles-vao-faturar-r-15-milhoes-fazendo-voce-comprar-sempre-do-mesmo-lugar/
2026-04-26 12:05:21,987 [INFO] ✦ NOVA [empresas|score:12] Avanço da oposição no Nordeste testa força eleitoral de Lula na região
2026-04-26 12:05:21,987 [WARNING] 🚨 ALERTA: Avanço da oposição no Nordeste testa força eleitoral de Lula na região
https://exame.com/brasil/alerta-no-nordeste-disputas-acirradas-na-regiao-podem-reduzir-dominio-de-lula/
2026-04-26 12:05:24,382 [INFO] ✦ NOVA [tecnologia|score:12] Como usar o Rewind AI para “buscar” tudo que você já viu no computador
2026-04-26 12:05:24,382 [WARNING] 🚨 ALERTA: Como usar o Rewind AI para “buscar” tudo que você já viu no computador
https://exame.com/inteligencia-artificial/como-usar-o-rewind-ai-para-buscar-tudo-que-voce-ja-viu-no-computador/
2026-04-26 12:05:26,627 [INFO] ✦ NOVA [tecnologia|score:9] Jogos deste domingo, 26: onde assistir ao vivo e horários
2026-04-26 12:05:26,627 [WARNING] 🚨 ALERTA: Jogos deste domingo, 26: onde assistir ao vivo e horários
https://exame.com/esporte/jogos-deste-domingo-26-onde-assistir-ao-vivo-e-horarios/
2026-04-26 12:05:29,129 [INFO] ✦ NOVA [tecnologia|score:17] Kichute: o que aconteceu com o tênis que calçou o Brasil nos anos 1970
2026-04-26 12:05:29,129 [WARNING] 🚨 ALERTA: Kichute: o que aconteceu com o tênis que calçou o Brasil nos anos 1970
https://exame.com/negocios/kichute-o-que-aconteceu-com-o-tenis-que-calcou-o-brasil-nos-anos-1970/
2026-04-26 12:05:31,401 [INFO] ✦ NOVA [empresas|score:24] Com R$ 600, eles levaram internet à fazenda da família. Hoje atendem 2
2026-04-26 12:05:31,401 [WARNING] 🚨 ALERTA: Com R$ 600, eles levaram internet à fazenda da família. Hoje atendem 2 mil clientes
https://exame.com/negocios/com-r-600-eles-levaram-internet-a-fazenda-da-familia-hoje-atendem-2-mil-clientes/
2026-04-26 12:05:33,939 [INFO] ✦ NOVA [empresas|score:15] 9 filmes sobre moda para ver no streaming antes de 'O Diabo Veste Prad
2026-04-26 12:05:33,939 [WARNING] 🚨 ALERTA: 9 filmes sobre moda para ver no streaming antes de 'O Diabo Veste Prada 2'
https://exame.com/casual/9-filmes-sobre-moda-para-ver-no-streaming-antes-de-o-diabo-veste-prada-2/
2026-04-26 12:08:07,859 [INFO] Banco inicializado: banco.db
2026-04-26 12:08:07,866 [INFO] Gerando boletim para 2026-04-26...
2026-04-26 12:08:07,868 [INFO] Banco inicializado: banco.db
2026-04-26 12:08:08,376 [INFO] Boletim salvo: C:\Users\55819\OneDrive - EPEJUD\DIEGO\OBSIDIAN\Analista de Investimentos\12_PYTHON\news_hunter\boletins\boletim_2026-04-26.md | C:\Users\55819\OneDrive - EPEJUD\DIEGO\OBSIDIAN\Analista de Investimentos\12_PYTHON\news_hunter\boletins\boletim_2026-04-26.txt
2026-04-26 12:08:08,601 [INFO] Enviando boletim pelo Telegram...
2026-04-26 12:08:09,385 [INFO] Telegram: mensagem enviada (2589 chars)
2026-04-27 07:55:35,354 [INFO] Banco inicializado: banco.db
2026-04-27 07:55:36,739 [INFO] ────────────────────────────────────────────────────────────
2026-04-27 07:55:36,739 [INFO] Ciclo iniciado: 27/04/2026 07:55:36 | 21 fontes
2026-04-27 07:55:38,844 [INFO] ✦ NOVA [bolsas|score:13] Ibovespa Hoje Ao Vivo: Confira o que movimenta Bolsa, Dólar e Juros ne
2026-04-27 07:55:38,844 [WARNING] 🚨 ALERTA: Ibovespa Hoje Ao Vivo: Confira o que movimenta Bolsa, Dólar e Juros nesta segunda
https://www.infomoney.com.br/mercados/ibovespa-hoje-bolsa-de-valores-ao-vivo-27042026/
2026-04-27 07:55:40,102 [INFO] ✦ NOVA [empresas|score:9] BRF aprova distribuição de R$ 800 milhões em dividendos intermediários
2026-04-27 07:55:40,102 [WARNING] 🚨 ALERTA: BRF aprova distribuição de R$ 800 milhões em dividendos intermediários
https://www.infomoney.com.br/mercados/brf-aprova-distribuicao-de-r-800-milhoes-em-dividendos-intermediarios/
2026-04-27 07:55:40,763 [INFO] ✦ NOVA [bolsas|score:11] Enjoei (ENJU3) aprova redução de capital para absorver prejuízos
2026-04-27 07:55:40,763 [WARNING] 🚨 ALERTA: Enjoei (ENJU3) aprova redução de capital para absorver prejuízos
https://www.infomoney.com.br/mercados/enjoei-enju3-aprova-reducao-de-capital-para-absorver-prejuizos/
2026-04-27 07:55:41,613 [INFO] ✦ NOVA [bolsas|score:18] Sabesp (SBSP3) avalia incorporar totalidade das ações da Emae
2026-04-27 07:55:41,613 [WARNING] 🚨 ALERTA: Sabesp (SBSP3) avalia incorporar totalidade das ações da Emae
https://www.infomoney.com.br/mercados/sabesp-sbsp3-avalia-incorporar-totalidade-das-acoes-da-emae/
2026-04-27 07:55:42,232 [INFO] ✦ NOVA [empresas|score:9] Oncoclínicas elege Marcos Grodetzky presidente do conselho até assembl
2026-04-27 07:55:42,232 [WARNING] 🚨 ALERTA: Oncoclínicas elege Marcos Grodetzky presidente do conselho até assembleia
https://www.infomoney.com.br/mercados/oncoclinicas-elege-marcos-grodetzky-presidente-do-conselho-ate-assembleia/
2026-04-27 07:55:42,860 [INFO] ✦ NOVA [bolsas|score:18] Ministro do Irã vai à Rússia e Trump diz “nos chame” para negociar
2026-04-27 07:55:42,860 [WARNING] 🚨 ALERTA: Ministro do Irã vai à Rússia e Trump diz “nos chame” para negociar
https://www.infomoney.com.br/mundo/ministro-do-ira-vai-a-russia-e-trump-diz-nos-chame-para-negociar/
2026-04-27 07:55:46,604 [INFO] ✦ NOVA [bolsas|score:14] Irã apresenta proposta aos EUA para reabrir Ormuz e encerrar a guerra,
2026-04-27 07:55:46,604 [WARNING] 🚨 ALERTA: Irã apresenta proposta aos EUA para reabrir Ormuz e encerrar a guerra, diz Axios
https://www.infomoney.com.br/mundo/ira-apresenta-proposta-aos-eua-para-reabrir-ormuz-e-encerrar-a-guerra-diz-agencia/
2026-04-27 07:55:47,212 [INFO] ✦ NOVA [empresas|score:12] Vale (VALE3) divulga seu balanço nesta terça-feira; veja agenda da sem
2026-04-27 07:55:47,212 [WARNING] 🚨 ALERTA: Vale (VALE3) divulga seu balanço nesta terça-feira; veja agenda da semana
https://www.infomoney.com.br/mercados/vale-vale3-divulga-seu-balanco-nesta-terca-feira-veja-agenda-da-semana/
2026-04-27 07:55:47,905 [INFO] ✦ NOVA [economia_brasil|score:28] Dívida pública, Focus, balanço da Gerdau e mais desta segunda-feira
2026-04-27 07:55:47,905 [WARNING] 🚨 ALERTA: Dívida pública, Focus, balanço da Gerdau e mais desta segunda-feira
https://www.infomoney.com.br/mercados/divida-publica-focus-balanco-gerdau-desta-segunda-27042026/
2026-04-27 07:55:53,222 [INFO] ✦ NOVA [bolsas|score:23] Futuros de NY caem com impasse nas negociações de paz entre EUA e Irã
2026-04-27 07:55:53,222 [WARNING] 🚨 ALERTA: Futuros de NY caem com impasse nas negociações de paz entre EUA e Irã
https://www.infomoney.com.br/mercados/futuros-de-ny-caem-com-impasse-nas-negociacoes-de-paz-entre-eua-e-ira/
2026-04-27 07:55:54,988 [INFO] ✦ NOVA [bolsas|score:13] Hapvida (HAPV3) lidera ações “esticadas”; Suzano (SUZB3) aparece “desc
2026-04-27 07:55:54,988 [WARNING] 🚨 ALERTA: Hapvida (HAPV3) lidera ações “esticadas”; Suzano (SUZB3) aparece “descontada”
https://www.infomoney.com.br/mercados/hapvida-hapv3-lidera-acoes-esticadas-suzano-suzb3-aparece-descontada/
2026-04-27 07:55:55,861 [INFO] ✦ NOVA [bolsas|score:15] Ibovespa recua pela 2ª semana; dólar segue pressionado; veja análise d
2026-04-27 07:55:55,861 [WARNING] 🚨 ALERTA: Ibovespa recua pela 2ª semana; dólar segue pressionado; veja análise do mercado
https://www.infomoney.com.br/mercados/ibovespa-recua-pela-2a-semana-dolar-segue-pressionado-veja-analise-mercado/
2026-04-27 07:56:03,132 [INFO] ✦ NOVA [bolsas|score:25] Mega-Sena paga mais que todas as outras loterias somadas; confira os p
2026-04-27 07:56:03,132 [WARNING] 🚨 ALERTA: Mega-Sena paga mais que todas as outras loterias somadas; confira os prêmios em jogo nesta semana
https://www.moneytimes.com.br/mega-sena-paga-mais-que-todas-outras-loterias-somadas-confira-premios-em-jogo-nesta-semana-rsgp/
2026-04-27 07:56:03,775 [INFO] ✦ NOVA [bolsas|score:25] Paulo Junqueira endossa apoio a presidenciável, faz apelo ao setor suc
2026-04-27 07:56:03,775 [WARNING] 🚨 ALERTA: Paulo Junqueira endossa apoio a presidenciável, faz apelo ao setor sucroenergético e afirma: ‘Precisamos ganhar a Câmara e Senado’
https://www.moneytimes.com.br/paulo-junqueira-endossa-apoio-a-presidenciavel-faz-apelo-ao-setor-sucroenergetico-e-afirma-precisamos-ganhar-a-camara-e-senado-pads/
2026-04-27 07:56:04,428 [INFO] ✦ NOVA [economia_brasil|score:25] Adolfo Sachsida: ‘Vamos ganhar a eleição e, em um ano e meio, arrumamo
2026-04-27 07:56:04,428 [WARNING] 🚨 ALERTA: Adolfo Sachsida: ‘Vamos ganhar a eleição e, em um ano e meio, arrumamos o Brasil’
https://www.moneytimes.com.br/adolfo-sachsida-vamos-ganhar-a-eleicao-e-em-um-ano-e-meio-arrumamos-o-brasil-pads/
2026-04-27 07:56:05,083 [INFO] ✦ NOVA [bolsas|score:27] Guerra pressiona Fed e Copom; petróleo sobe mais de 2% e Ibovespa em d
2026-04-27 07:56:05,083 [WARNING] 🚨 ALERTA: Guerra pressiona Fed e Copom; petróleo sobe mais de 2% e Ibovespa em dólar avança hoje (27)
https://www.moneytimes.com.br/guerra-pressiona-fed-e-copom-petroleo-sobe-mais-de-2-e-ibovespa-em-dolar-avanca-hoje-27-jals/
2026-04-27 07:56:05,716 [INFO] ✦ NOVA [economia_brasil|score:22] Estresse ou oportunidade? A turbulência no crédito privado e a janela 
2026-04-27 07:56:05,716 [WARNING] 🚨 ALERTA: Estresse ou oportunidade? A turbulência no crédito privado e a janela para investidores
https://www.moneytimes.com.br/credito-privado-tem-saques-bilionarios-oportunidades-spreads-mais-altos-jcav/
2026-04-27 07:56:06,440 [INFO] ✦ NOVA [empresas|score:22] Pesquisa BTG Pactual/Nexus: Lula recupera vantagem no 1º turno, mas em
2026-04-27 07:56:06,440 [WARNING] 🚨 ALERTA: Pesquisa BTG Pactual/Nexus: Lula recupera vantagem no 1º turno, mas empata com Flávio Bolsonaro, Caiado e Zema no 2º
https://www.moneytimes.com.br/pesquisa-btg-pactual-nexus-27-abril-2026-gaep/
2026-04-27 07:56:10,654 [INFO] ✦ NOVA [economia_global|score:25] Para Armínio, ordem global acabou e é difícil prever o que vem agora
2026-04-27 07:56:10,655 [WARNING] 🚨 ALERTA: Para Armínio, ordem global acabou e é difícil prever o que vem agora
https://www.moneytimes.com.br/para-arminio-ordem-global-acabou-e-e-dificil-prever-o-que-vem-agora-fets/
2026-04-27 07:56:11,244 [INFO] ✦ NOVA [bolsas|score:25] Bolsas da Ásia fecham em alta e renovam máximas, favorecidas por IA e 
2026-04-27 07:56:11,244 [WARNING] 🚨 ALERTA: Bolsas da Ásia fecham em alta e renovam máximas, favorecidas por IA e com EUA-Irã em 2º plano
https://www.moneytimes.com.br/bolsas-da-asia-fecham-em-alta-e-renovam-maximas-favorecidas-por-ia-e-com-eua-ira-em-2o-plano-fets/
2026-04-27 07:56:11,933 [INFO] ✦ NOVA [empresas|score:25] Raízen (RAIZ4) faz nova proposta a credores, mas quer manter Ometto no
2026-04-27 07:56:11,934 [WARNING] 🚨 ALERTA: Raízen (RAIZ4) faz nova proposta a credores, mas quer manter Ometto no comando, diz Bloomberg
https://www.moneytimes.com.br/raizen-raiz4-faz-nova-proposta-a-credores-mas-quer-manter-ometto-no-comando-diz-bloomberg-fets/
2026-04-27 07:56:12,831 [INFO] ✦ NOVA [economia_global|score:27] Tempo Real: Ibovespa repercute Focus antes do IPCA-15 e Copom
2026-04-27 07:56:12,831 [WARNING] 🚨 ALERTA: Tempo Real: Ibovespa repercute Focus antes do IPCA-15 e Copom
https://www.moneytimes.com.br/tempo-real-ibovespa-hoje-mercado-ao-vivo-27-04-2026-jals-lils-apsa/
2026-04-27 07:56:22,921 [INFO] ✦ NOVA [empresas|score:9] Trade do dia: operação com São Martinho (SMTO3) pode dar 33,48% de luc
2026-04-27 07:56:22,921 [WARNING] 🚨 ALERTA: Trade do dia: operação com São Martinho (SMTO3) pode dar 33,48% de lucro nesta segunda-feira (27)
https://einvestidor.estadao.com.br/videos/trade-do-dia-acoes-sao-martinho-smto3-de-lucro-nesta-segunda-27/
2026-04-27 07:56:24,223 [INFO] ✦ NOVA [bolsas|score:20] Dow Jones hoje: futuros de NY perdem força diante de petróleo em alta 
2026-04-27 07:56:24,223 [WARNING] 🚨 ALERTA: Dow Jones hoje: futuros de NY perdem força diante de petróleo em alta e negociações da guerra paradas
https://einvestidor.estadao.com.br/ultimas/dow-jones-hoje-bolsas-futuros-ny-negociacoes-guerra-petroleo/
2026-04-27 07:56:24,906 [INFO] ✦ NOVA [empresas|score:6] Semana de balanços ganha força com Vale (VALE3), Santander (SANB11) e 
2026-04-27 07:56:25,132 [INFO] ✦ NOVA [tecnologia|score:13] Bolsas da Ásia fecham em alta e renovam máximas, favorecidas por IA e 
2026-04-27 07:56:25,132 [WARNING] 🚨 ALERTA: Bolsas da Ásia fecham em alta e renovam máximas, favorecidas por IA e com EUA-Irã em 2º plano
https://einvestidor.estadao.com.br/ultimas/bolsas-da-asia-fecham-em-alta-e-renovam-maximas-favorecidas-por-ia-e-com-eua-ira-em-2o-plano/
2026-04-27 07:56:26,054 [INFO] ✦ NOVA [bolsas|score:6] Patria aposta em compra de portfólios para crescer com rali dos FIIs: 
2026-04-27 07:56:26,471 [INFO] ✦ NOVA [empresas|score:16] Calendário do Bolsa Família 2026: benefício é pago para NIS com final 
2026-04-27 07:56:26,471 [WARNING] 🚨 ALERTA: Calendário do Bolsa Família 2026: benefício é pago para NIS com final 7 hoje (27)
https://einvestidor.estadao.com.br/radar-einvestidor/bolsa-familia-pagamento-27-abril-2026/
2026-04-27 07:56:31,016 [INFO] ✦ NOVA [empresas|score:20] Veja setlist completo do show do The Weeknd no Rio
2026-04-27 07:56:31,017 [WARNING] 🚨 ALERTA: Veja setlist completo do show do The Weeknd no Rio
https://exame.com/pop/veja-setlist-completo-do-show-do-the-weeknd-no-rio/
2026-04-27 07:56:33,987 [INFO] ✦ NOVA [empresas|score:24] O Letterboxd está à venda — e mira Hollywood
2026-04-27 07:56:33,987 [WARNING] 🚨 ALERTA: O Letterboxd está à venda — e mira Hollywood
https://exame.com/pop/o-letterboxd-esta-a-venda-e-mira-hollywood/
2026-04-27 07:56:37,266 [INFO] ✦ NOVA [empresas|score:17] The Weeknd anuncia 'Rio', nova música com Anitta, em show no Rio
2026-04-27 07:56:37,267 [WARNING] 🚨 ALERTA: The Weeknd anuncia 'Rio', nova música com Anitta, em show no Rio
https://exame.com/pop/the-weeknd-anuncia-rio-nova-musica-com-anitta-em-show-no-rio/
2026-04-27 07:56:39,760 [INFO] ✦ NOVA [bolsas|score:21] Petróleo supera novamente US$ 100 após Trump cancelar diálogo com Irã
2026-04-27 07:56:39,760 [WARNING] 🚨 ALERTA: Petróleo supera novamente US$ 100 após Trump cancelar diálogo com Irã
https://exame.com/invest/mercados/petroleo-supera-novamente-us-100-apos-trump-cancelar-dialogo-com-ira/
2026-04-27 07:56:43,506 [INFO] ✦ NOVA [tecnologia|score:28] S&P 500 recua após recordes, com petróleo em alta e incertezas no rada
2026-04-27 07:56:43,507 [WARNING] 🚨 ALERTA: S&P 500 recua após recordes, com petróleo em alta e incertezas no radar
https://exame.com/invest/mercados/sp-500-recua-apos-recordes-com-petroleo-em-alta-e-incertezas-no-radar/
2026-04-27 07:56:46,217 [INFO] ✦ NOVA [empresas|score:11] Hayley Williams no Brasil: o que se sabe até agora
2026-04-27 07:56:46,217 [WARNING] 🚨 ALERTA: Hayley Williams no Brasil: o que se sabe até agora
https://exame.com/pop/hayley-williams-no-brasil-o-que-se-sabe-ate-agora/
2026-04-27 07:56:49,815 [INFO] ✦ NOVA [empresas|score:17] 'O Diabo Veste Prada 2': por que o namorado de Andy, Nate, não voltou 
2026-04-27 07:56:49,815 [WARNING] 🚨 ALERTA: 'O Diabo Veste Prada 2': por que o namorado de Andy, Nate, não voltou à franquia?
https://exame.com/pop/o-diabo-veste-prada-2-por-que-o-namorado-de-andy-nate-nao-voltou-a-franquia/
2026-04-27 07:56:53,927 [INFO] ✦ NOVA [empresas|score:16] A estratégia da Insider para vencer o fast-fashion e crescer no mercad
2026-04-27 07:56:53,927 [WARNING] 🚨 ALERTA: A estratégia da Insider para vencer o fast-fashion e crescer no mercado
https://exame.com/casual/insider-entrevista-ceo-nove-anos/
2026-04-27 07:56:55,802 [INFO] ✦ NOVA [empresas|score:9] BTG/Nexus: Lula tem 46% e Flávio, 45%, no 2º turno
2026-04-27 07:56:55,802 [WARNING] 🚨 ALERTA: BTG/Nexus: Lula tem 46% e Flávio, 45%, no 2º turno
https://exame.com/brasil/btg-nexus-lula-tem-46-e-flavio-45-no-2o-turno/
2026-04-27 07:57:07,024 [INFO] ✦ NOVA [empresas|score:21] 3 pilares para a estratégia de multifranqueados
2026-04-27 07:57:07,025 [WARNING] 🚨 ALERTA: 3 pilares para a estratégia de multifranqueados
https://exame.com/bussola/3-pilares-para-a-estrategia-de-multifranqueados/
2026-04-27 07:57:11,359 [INFO] ✦ NOVA [empresas|score:21] SP prepara R$ 40 milhões em crédito subsidiado para máquinas durante a
2026-04-27 07:57:11,360 [WARNING] 🚨 ALERTA: SP prepara R$ 40 milhões em crédito subsidiado para máquinas durante a Agrishow
https://exame.com/agro/sp-prepara-r-40-milhoes-em-credito-subsidiado-para-maquinas-durante-a-agrishow/
2026-04-27 07:57:16,401 [INFO] ✦ NOVA [empresas|score:9] Novo filme de Star Wars com Pedro Pascal marca retorno da franquia ao 
2026-04-27 07:57:16,402 [WARNING] 🚨 ALERTA: Novo filme de Star Wars com Pedro Pascal marca retorno da franquia ao cinema
https://exame.com/pop/novo-filme-de-star-wars-com-pedro-pascal-marca-retorno-da-franquia-ao-cinema/
2026-04-27 07:57:25,069 [INFO] ✦ NOVA [empresas|score:6] BTG/Nexus: no 1º turno, Lula tem 41% e Flávio, 36%
2026-04-27 07:57:28,911 [INFO] ✦ NOVA [tecnologia|score:9] Filme de 'O Verão que Mudou Minha Vida' começa a ser gravado hoje; vej
2026-04-27 07:57:28,911 [WARNING] 🚨 ALERTA: Filme de 'O Verão que Mudou Minha Vida' começa a ser gravado hoje; veja o que se sabe
https://exame.com/pop/filme-de-o-verao-que-mudou-minha-vida-comeca-a-ser-gravado-hoje-veja-o-que-se-sabe/
2026-04-27 07:57:33,955 [INFO] ✦ NOVA [tecnologia|score:11] The Big Bang Theory ganha nova série que estreia em julho; veja imagen
2026-04-27 07:57:33,955 [WARNING] 🚨 ALERTA: The Big Bang Theory ganha nova série que estreia em julho; veja imagens
https://exame.com/pop/the-big-bang-theory-ganha-nova-serie-que-estreia-em-julho-veja-imagens/
2026-04-27 07:57:36,187 [INFO] ✦ NOVA [empresas|score:13] Entre a Marvel e a ciência: o que se sabe sobre o multiverso
2026-04-27 07:57:36,187 [WARNING] 🚨 ALERTA: Entre a Marvel e a ciência: o que se sabe sobre o multiverso
https://exame.com/ciencia/entre-a-marvel-e-a-ciencia-o-que-se-sabe-sobre-o-multiverso/
2026-04-27 07:57:36,898 [INFO] ✦ NOVA [tecnologia|score:12] Como usar o Poe (da Quora) para testar múltiplas IAs ao mesmo tempo
2026-04-27 07:57:36,898 [WARNING] 🚨 ALERTA: Como usar o Poe (da Quora) para testar múltiplas IAs ao mesmo tempo
https://exame.com/inteligencia-artificial/como-usar-o-poe-da-quora-para-testar-multiplas-ias-ao-mesmo-tempo/
2026-04-27 07:57:37,772 [INFO] ✦ NOVA [tecnologia|score:24] Agrishow 2026 começa nesta segunda com crédito no radar e maior peso p
2026-04-27 07:57:37,773 [WARNING] 🚨 ALERTA: Agrishow 2026 começa nesta segunda com crédito no radar e maior peso político
https://exame.com/agro/agrishow-2026-comeca-nesta-segunda-com-credito-no-radar-e-maior-peso-politico/
2026-04-27 07:57:38,469 [INFO] ✦ NOVA [empresas|score:16] AtlasIntel, Nexus e Quaest: quando e quais serão as próximas pesquisas
2026-04-27 07:57:38,469 [WARNING] 🚨 ALERTA: AtlasIntel, Nexus e Quaest: quando e quais serão as próximas pesquisas eleitorais?
https://exame.com/brasil/atlasintel-nexus-e-quaest-quando-e-quais-serao-as-proximas-pesquisas-eleitorais/
2026-04-27 07:57:39,685 [INFO] ✦ NOVA [empresas|score:15] Espanyol x Levante: onde assistir, horário e escalações pela LaLiga
2026-04-27 07:57:39,686 [WARNING] 🚨 ALERTA: Espanyol x Levante: onde assistir, horário e escalações pela LaLiga
https://exame.com/esporte/espanyol-x-levante-onde-assistir-horario-e-escalacoes-pela-laliga/
2026-04-27 07:57:40,499 [INFO] ✦ NOVA [economia_global|score:24] Focus no Brasil, desemprego no Japão e balanço da Gerdau: o que move o
2026-04-27 07:57:40,499 [WARNING] 🚨 ALERTA: Focus no Brasil, desemprego no Japão e balanço da Gerdau: o que move os mercados
https://exame.com/invest/mercados/focus-no-brasil-desemprego-no-japao-e-balanco-da-gerdau-o-que-move-os-mercados/
2026-04-27 07:57:42,187 [INFO] ✦ NOVA [bolsas|score:12] Manchester United x Brentford: onde assistir, horário e escalações pel
2026-04-27 07:57:42,188 [WARNING] 🚨 ALERTA: Manchester United x Brentford: onde assistir, horário e escalações pela Premier League
https://exame.com/esporte/manchester-united-x-brentford-onde-assistir-horario-e-escalacoes-pela-premier-league/
2026-04-27 07:57:43,834 [INFO] ✦ NOVA [tecnologia|score:9] Como usar o Claude Projects para organizar demandas complexas
2026-04-27 07:57:43,834 [WARNING] 🚨 ALERTA: Como usar o Claude Projects para organizar demandas complexas
https://exame.com/inteligencia-artificial/como-usar-o-claude-projects-para-organizar-demandas-complexas/
2026-04-27 07:57:44,529 [INFO] ✦ NOVA [empresas|score:18] Como o cérebro transformou nostalgia em mercado
2026-04-27 07:57:44,529 [WARNING] 🚨 ALERTA: Como o cérebro transformou nostalgia em mercado
https://exame.com/ciencia/o-mercado-da-nostalgia-como-a-ciencia-explica-o-consumo-do-passado/
2026-04-27 07:57:51,327 [INFO] ✦ NOVA [tecnologia|score:20] Máquinas atingem pico de descarbonização com projetos apresentados na 
2026-04-27 07:57:51,327 [WARNING] 🚨 ALERTA: Máquinas atingem pico de descarbonização com projetos apresentados na Agrishow
https://redir.folha.com.br/redir/online/mercado/rss091/*https://www1.folha.uol.com.br/mercado/2026/04/maquinas-atingem-pico-de-descarbonizacao-com-projetos-apresentados-na-agrishow.shtml
2026-04-27 07:57:55,104 [INFO] ✦ NOVA [empresas|score:12] Cigarro perde espaço para produto sem fumaça no faturamento de gigante
2026-04-27 07:57:55,104 [WARNING] 🚨 ALERTA: Cigarro perde espaço para produto sem fumaça no faturamento de gigante do tabaco
https://redir.folha.com.br/redir/online/mercado/rss091/*https://www1.folha.uol.com.br/mercado/2026/04/cigarro-perde-espaco-para-produto-sem-fumaca-no-faturamento-de-gigante-do-tabaco.shtml
2026-04-27 07:57:57,156 [INFO] ✦ NOVA [tecnologia|score:13] Entenda o direito trabalhista de faltar até três dias no ano para faze
2026-04-27 07:57:57,156 [WARNING] 🚨 ALERTA: Entenda o direito trabalhista de faltar até três dias no ano para fazer exames
https://redir.folha.com.br/redir/online/mercado/rss091/*https://www1.folha.uol.com.br/mercado/2026/04/entenda-o-direito-trabalhista-de-faltar-ate-tres-dias-no-ano-para-fazer-exames.shtml
2026-04-27 07:57:58,512 [INFO] ✦ NOVA [empresas|score:6] Casal deve declarar Imposto de Renda junto ou separado? Especialistas 
2026-04-27 07:58:00,673 [INFO] ✦ NOVA [empresas|score:13] Gigante chinesa dos smartphones desafia veículos elétricos de Elon Mus
2026-04-27 07:58:00,673 [WARNING] 🚨 ALERTA: Gigante chinesa dos smartphones desafia veículos elétricos de Elon Musk na Europa
https://redir.folha.com.br/redir/online/mercado/rss091/*https://www1.folha.uol.com.br/mercado/2026/04/gigante-chinesa-dos-smartphones-desafia-veiculos-eletricos-de-elon-musk-na-europa.shtml
2026-04-27 07:58:02,397 [INFO] ✦ NOVA [tecnologia|score:13] Diferença salarial entre homens e mulheres persiste, mas contratação f
2026-04-27 07:58:02,397 [WARNING] 🚨 ALERTA: Diferença salarial entre homens e mulheres persiste, mas contratação feminina aumenta 11%
https://redir.folha.com.br/redir/online/mercado/rss091/*https://www1.folha.uol.com.br/mercado/2026/04/diferenca-salarial-entre-homens-e-mulheres-persiste-mas-contratacao-feminina-aumenta-11.shtml
2026-04-27 07:58:04,486 [INFO] ✦ NOVA [economia_global|score:21] Powell lidera última reunião como presidente do Fed em meio a preocupa
2026-04-27 07:58:04,486 [WARNING] 🚨 ALERTA: Powell lidera última reunião como presidente do Fed em meio a preocupações com a inflação
https://redir.folha.com.br/redir/online/mercado/rss091/*https://www1.folha.uol.com.br/mercado/2026/04/powell-lidera-ultima-reuniao-como-presidente-do-fed-em-meio-a-preocupacoes-com-a-inflacao.shtml
2026-04-27 07:58:06,262 [INFO] ✦ NOVA [tecnologia|score:13] 45% dos brasileiros afirmam ter buscado renda alternativa nos últimos 
2026-04-27 07:58:06,262 [WARNING] 🚨 ALERTA: 45% dos brasileiros afirmam ter buscado renda alternativa nos últimos meses, segundo Datafolha
https://redir.folha.com.br/redir/online/mercado/rss091/*https://www1.folha.uol.com.br/mercado/2026/04/45-dos-brasileiros-afirmam-ter-buscado-renda-alternativa-nos-ultimos-meses-segundo-datafolha.shtml
2026-04-27 07:58:11,035 [INFO] ✦ NOVA [tecnologia|score:19] Investidores com IA, mas sem 'aura'
2026-04-27 07:58:11,035 [WARNING] 🚨 ALERTA: Investidores com IA, mas sem 'aura'
https://redir.folha.com.br/redir/online/mercado/rss091/*https://www1.folha.uol.com.br/colunas/marcos-de-vasconcellos/2026/04/investidores-com-ia-mas-sem-aura.shtml
2026-04-27 07:58:12,541 [INFO] ✦ NOVA [tecnologia|score:18] Durigan se reúne com CEOs de bancos para fechar pacote de renegociação
2026-04-27 07:58:12,541 [WARNING] 🚨 ALERTA: Durigan se reúne com CEOs de bancos para fechar pacote de renegociação de dívidas
https://redir.folha.com.br/redir/online/mercado/rss091/*https://www1.folha.uol.com.br/mercado/2026/04/durigan-se-reune-com-ceos-de-bancos-para-fechar-pacote-de-renegociacao-de-dividas.shtml
2026-04-27 07:58:14,741 [INFO] ✦ NOVA [empresas|score:16] Como declarar investimentos no Imposto de Renda 2026?
2026-04-27 07:58:14,741 [WARNING] 🚨 ALERTA: Como declarar investimentos no Imposto de Renda 2026?
https://redir.folha.com.br/redir/online/mercado/rss091/*https://www1.folha.uol.com.br/mercado/2026/04/como-declarar-investimentos-no-imposto-de-renda-2026.shtml
2026-04-27 07:58:17,113 [INFO] ✦ NOVA [tecnologia|score:13] Mulheres dizem sofrer mais com situação financeira do que homens, most
2026-04-27 07:58:17,113 [WARNING] 🚨 ALERTA: Mulheres dizem sofrer mais com situação financeira do que homens, mostra Datafolha
https://redir.folha.com.br/redir/online/mercado/rss091/*https://www1.folha.uol.com.br/mercado/2026/04/mulheres-dizem-sofrer-mais-com-situacao-financeira-do-que-homens-mostra-datafolha.shtml
2026-04-27 07:58:18,528 [INFO] ✦ NOVA [bancos_centrais|score:24] Petróleo abre em alta após revés em retomada de negociações entre EUA 
2026-04-27 07:58:18,528 [WARNING] 🚨 ALERTA: Petróleo abre em alta após revés em retomada de negociações entre EUA e Irã
https://redir.folha.com.br/redir/online/mercado/rss091/*https://www1.folha.uol.com.br/mercado/2026/04/petroleo-abre-em-alta-apos-reves-em-retomada-de-negociacoes-entre-eua-e-ira.shtml
2026-04-27 07:58:19,914 [INFO] ✦ NOVA [empresas|score:18] Gigante de mídia dono da Penguin Random House vive virada incomum na s
2026-04-27 07:58:19,914 [WARNING] 🚨 ALERTA: Gigante de mídia dono da Penguin Random House vive virada incomum na sucessão
https://redir.folha.com.br/redir/online/mercado/rss091/*https://www1.folha.uol.com.br/mercado/2026/04/gigante-de-midia-dono-da-penguin-random-house-vive-virada-incomum-na-sucessao.shtml
2026-04-27 07:58:25,344 [INFO] ✦ NOVA [tecnologia|score:18] Varejo quer vender mais TV 65" e celular caro na Copa, mas teme levar 
2026-04-27 07:58:25,344 [WARNING] 🚨 ALERTA: Varejo quer vender mais TV 65" e celular caro na Copa, mas teme levar calote
https://redir.folha.com.br/redir/online/mercado/rss091/*https://www1.folha.uol.com.br/mercado/2026/04/varejo-quer-vender-mais-tv-65-e-celular-caro-na-copa-mas-teme-levar-calote.shtml
2026-04-27 07:58:27,369 [INFO] ✦ NOVA [tecnologia|score:13] Por que a IA jamais será consciente, segundo um Nobel de Física
2026-04-27 07:58:27,369 [WARNING] 🚨 ALERTA: Por que a IA jamais será consciente, segundo um Nobel de Física
https://redir.folha.com.br/redir/online/mercado/rss091/*https://www1.folha.uol.com.br/colunas/ronaldolemos/2026/04/por-que-a-ia-jamais-sera-consciente-segundo-um-nobel-de-fisica.shtml
2026-04-27 07:58:29,658 [INFO] ✦ NOVA [tecnologia|score:13] Alckmin anuncia R$ 10 bi em crédito para máquinas agrícolas em feira d
2026-04-27 07:58:29,658 [WARNING] 🚨 ALERTA: Alckmin anuncia R$ 10 bi em crédito para máquinas agrícolas em feira do setor
https://redir.folha.com.br/redir/online/mercado/rss091/*https://www1.folha.uol.com.br/mercado/2026/04/alckmin-anuncia-r-10-bi-em-credito-para-maquinas-agricolas-em-feira-do-agro.shtml
2026-04-27 07:58:33,964 [INFO] ✦ NOVA [tecnologia|score:18] Motoristas dos EUA compartilham caronas e vendem até plasma sanguíneo 
2026-04-27 07:58:33,964 [WARNING] 🚨 ALERTA: Motoristas dos EUA compartilham caronas e vendem até plasma sanguíneo para pagar gasolina
https://redir.folha.com.br/redir/online/mercado/rss091/*https://www1.folha.uol.com.br/mercado/2026/04/motoristas-dos-eua-compartilham-caronas-e-vendem-ate-plasma-sanguineo-para-pagar-gasolina.shtml
2026-04-27 07:58:36,469 [INFO] ✦ NOVA [economia_brasil|score:21] Disparada do ouro, Selic alta e endividamento recorde dão impulso a pe
2026-04-27 07:58:36,469 [WARNING] 🚨 ALERTA: Disparada do ouro, Selic alta e endividamento recorde dão impulso a penhor de joias na Caixa
https://redir.folha.com.br/redir/online/mercado/rss091/*https://www1.folha.uol.com.br/mercado/2026/04/disparada-do-ouro-selic-alta-e-endividamento-recorde-dao-impulso-a-penhor-de-joias-na-caixa.shtml
2026-04-27 07:58:38,370 [INFO] ✦ NOVA [tecnologia|score:14] Guerra no Irã eleva preços do pistache ao maior patamar desde 2018
2026-04-27 07:58:38,370 [WARNING] 🚨 ALERTA: Guerra no Irã eleva preços do pistache ao maior patamar desde 2018
https://redir.folha.com.br/redir/online/mercado/rss091/*https://www1.folha.uol.com.br/mercado/2026/04/guerra-no-ira-eleva-precos-do-pistache-ao-maior-patamar-desde-2018.shtml
2026-04-28 10:28:53,298 [INFO] Banco inicializado: banco.db
2026-04-28 10:32:10,659 [INFO] Banco inicializado: banco.db
2026-04-28 10:32:10,660 [INFO] Modo: ciclo único
2026-04-28 10:32:10,662 [INFO] ────────────────────────────────────────────────────────────
2026-04-28 10:32:10,662 [INFO] Ciclo iniciado: 28/04/2026 10:32:10 | 21 fontes
2026-04-28 10:32:11,515 [INFO] ✦ NOVA [empresas|score:9] Moro denuncia troca na CCJ e vê “manobra” para aprovar Messias
2026-04-28 10:32:11,516 [WARNING] 🚨 ALERTA: Moro denuncia troca na CCJ e vê “manobra” para aprovar Messias
https://www.infomoney.com.br/politica/moro-denuncia-troca-na-ccj-e-ve-manobra-para-aprovar-messias/
2026-04-28 10:32:12,441 [INFO] ✦ NOVA [bolsas|score:6] Moraes pressiona EUA por notificação de aliado de Bolsonaro em ação go
2026-04-28 10:32:12,589 [INFO] ✦ NOVA [bolsas|score:11] Austríaco se declara culpado por ataque frustrado a show de Taylor Swi
2026-04-28 10:32:12,589 [WARNING] 🚨 ALERTA: Austríaco se declara culpado por ataque frustrado a show de Taylor Swift em Viena
https://www.infomoney.com.br/mundo/austriaco-se-declara-culpado-por-ataque-frustrado-a-show-de-taylor-swift-em-viena/
2026-04-28 10:32:13,067 [INFO] ✦ NOVA [economia_brasil|score:23] Tesouro Direto: taxas sobem com exterior e prévia da inflação na véspe
2026-04-28 10:32:13,067 [WARNING] 🚨 ALERTA: Tesouro Direto: taxas sobem com exterior e prévia da inflação na véspera do Copom
https://www.infomoney.com.br/onde-investir/tesouro-direto-taxas-sobem-com-exterior-e-previa-da-inflacao-na-vespera-do-copom/
2026-04-28 10:32:13,734 [INFO] ✦ NOVA [empresas|score:9] Engie Brasil contrata assessoria para estudar transferência de partici
2026-04-28 10:32:13,734 [WARNING] 🚨 ALERTA: Engie Brasil contrata assessoria para estudar transferência de participação em Jirau
https://www.infomoney.com.br/mercados/engie-brasil-contrata-assessoria-para-estudar-transferencia-de-participacao-em-jirau/
2026-04-28 10:32:14,210 [INFO] ✦ NOVA [empresas|score:14] Oi diz que Justiça aprovou publicação de edital para venda de unidade 
2026-04-28 10:32:14,210 [WARNING] 🚨 ALERTA: Oi diz que Justiça aprovou publicação de edital para venda de unidade de negócios B2B
https://www.infomoney.com.br/mercados/oi-diz-que-justica-aprovou-publicacao-de-edital-para-venda-de-unidade-de-negocios-b2b/
2026-04-28 10:32:14,704 [INFO] ✦ NOVA [empresas|score:16] Gerdau surpreende com melhor custo no Brasil e solidez na América do N
2026-04-28 10:32:14,704 [WARNING] 🚨 ALERTA: Gerdau surpreende com melhor custo no Brasil e solidez na América do Norte; ação sobe
https://www.infomoney.com.br/mercados/gerdau-surpreende-com-melhor-custo-no-brasil-e-solidez-na-america-do-norte-acao-sobe/
2026-04-28 10:32:18,310 [INFO] ✦ NOVA [empresas|score:13] JSL tem receita bruta de R$ 2,8 bi no 1º tri
2026-04-28 10:32:18,310 [WARNING] 🚨 ALERTA: JSL tem receita bruta de R$ 2,8 bi no 1º tri
https://www.infomoney.com.br/mercados/jsl-jslg3-resultados-primeiro-trimestre-2026/
2026-04-28 10:32:18,790 [INFO] ✦ NOVA [geral|score:8] Irã flexibiliza restrições de internet para negócios à medida que apag
2026-04-28 10:32:18,790 [WARNING] 🚨 ALERTA: Irã flexibiliza restrições de internet para negócios à medida que apagão continua
https://www.infomoney.com.br/mundo/ira-flexibiliza-restricoes-de-internet-para-negocios-a-medida-que-apagao-continua/
2026-04-28 10:32:19,322 [INFO] ✦ NOVA [bolsas|score:25] Ibovespa Hoje Ao Vivo: Bolsa cai 1% e perde os 188 mil pontos; PETR4 s
2026-04-28 10:32:19,323 [WARNING] 🚨 ALERTA: Ibovespa Hoje Ao Vivo: Bolsa cai 1% e perde os 188 mil pontos; PETR4 sobe
https://www.infomoney.com.br/mercados/ibovespa-hoje-bolsa-de-valores-ao-vivo-28042026/
2026-04-28 10:32:20,904 [INFO] ✦ NOVA [economia_global|score:18] Aumento da inflação e deterioração do crescimento criam dilema para o 
2026-04-28 10:32:20,905 [WARNING] 🚨 ALERTA: Aumento da inflação e deterioração do crescimento criam dilema para o BCE
https://www.infomoney.com.br/mercados/aumento-da-inflacao-e-deterioracao-do-crescimento-criam-dilema-para-o-bce/
2026-04-28 10:32:21,403 [INFO] ✦ NOVA [empresas|score:16] “O céu já não é tão azul”: BBI rebaixa ações de TIM e Vivo por pressão
2026-04-28 10:32:21,403 [WARNING] 🚨 ALERTA: “O céu já não é tão azul”: BBI rebaixa ações de TIM e Vivo por pressão competitiva
https://www.infomoney.com.br/mercados/o-ceu-ja-nao-e-tao-azul-bbi-rebaixa-acoes-de-tim-e-vivo-com-pressao-competitiva/
2026-04-28 10:32:25,022 [INFO] ✦ NOVA [empresas|score:17] Petrobras, Vale e Itaú lideram ações mais negociadas no 1º tri; veja r
2026-04-28 10:32:25,022 [WARNING] 🚨 ALERTA: Petrobras, Vale e Itaú lideram ações mais negociadas no 1º tri; veja ranking da B3
https://www.infomoney.com.br/onde-investir/petrobras-vale-e-itau-lideram-acoes-mais-negociadas-no-1o-tri-veja-ranking-da-b3/
2026-04-28 10:32:25,511 [INFO] ✦ NOVA [bancos_centrais|score:16] Coca-Cola supera expectativas em lucro e receita; ação sobe 2,5% no pr
2026-04-28 10:32:25,511 [WARNING] 🚨 ALERTA: Coca-Cola supera expectativas em lucro e receita; ação sobe 2,5% no pré-mercado
https://www.infomoney.com.br/mercados/coca-cola-supera-expectativas-em-lucro-e-receita-acao-sobe-25-no-pre-mercado/
2026-04-28 10:32:26,012 [INFO] ✦ NOVA [empresas|score:10] GM supera expectativas de lucro e receita no 1º trimestre
2026-04-28 10:32:26,012 [WARNING] 🚨 ALERTA: GM supera expectativas de lucro e receita no 1º trimestre
https://www.infomoney.com.br/mercados/gm-supera-expectativas-de-lucro-e-receita-no-1o-trimestre/
2026-04-28 10:32:27,374 [INFO] ✦ NOVA [empresas|score:13] Cosan lança IPO da Compass, buscando ‘market cap’ de até R$ 25 bilhões
2026-04-28 10:32:27,374 [WARNING] 🚨 ALERTA: Cosan lança IPO da Compass, buscando ‘market cap’ de até R$ 25 bilhões
https://braziljournal.com/cosan-lanca-ipo-da-compass-buscando-market-cap-de-ate-r-25-bilhoes/
2026-04-28 10:32:27,901 [INFO] ✦ NOVA [tecnologia|score:10] A inteligência artificial não vai matar o Booking. Vai fortalecê-lo
2026-04-28 10:32:27,901 [WARNING] 🚨 ALERTA: A inteligência artificial não vai matar o Booking. Vai fortalecê-lo
https://braziljournal.com/a-inteligencia-artificial-nao-vai-matar-o-booking-vai-fortalece-lo/
2026-04-28 10:32:31,550 [INFO] ✦ NOVA [tecnologia|score:6] OPINIÃO. As farmácias querem uma reserva de mercado
2026-04-28 10:32:31,704 [INFO] ✦ NOVA [empresas|score:6] JHSF faz aquisição e reforça conexão Catarina-Miami
2026-04-28 10:32:32,412 [INFO] ✦ NOVA [tecnologia|score:6] OpenAI e Microsoft partem para ‘casamento aberto’
2026-04-28 10:32:32,562 [INFO] ✦ NOVA [tecnologia|score:6] O Roncador perdia dinheiro com suas minas. Aí, descobriu ‘uma tabela p
2026-04-28 10:32:32,871 [INFO] ✦ NOVA [empresas|score:6] Os números da ‘space economy’, que pode ganhar com o IPO da SpaceX
2026-04-28 10:32:33,600 [INFO] ✦ NOVA [empresas|score:27] ‘Petroyuan’: Como o fechamento do Estreito de Ormuz fortalece a moeda 
2026-04-28 10:32:33,600 [WARNING] 🚨 ALERTA: ‘Petroyuan’: Como o fechamento do Estreito de Ormuz fortalece a moeda da China — e ameaça a hegemonia do dólar
https://www.moneytimes.com.br/petroyuan-como-o-fechamento-do-estreito-de-ormuz-fortalece-a-moeda-da-china-e-ameaca-a-hegemonia-do-dolar-rens/
2026-04-28 10:32:34,110 [INFO] ✦ NOVA [economia_brasil|score:25] Ibovespa cai 1% após IPCA-15 e impasse no Oriente Médio; 5 coisas para
2026-04-28 10:32:34,111 [WARNING] 🚨 ALERTA: Ibovespa cai 1% após IPCA-15 e impasse no Oriente Médio; 5 coisas para saber antes de investir hoje (28)
https://www.moneytimes.com.br/ibovespa-5-coisas-28-4-26-apsa/
2026-04-28 10:32:34,592 [INFO] ✦ NOVA [empresas|score:17] Cosan (CSAN3), Brava Energia (BRAV3), Gerdau (GGBR4) e outros destaque
2026-04-28 10:32:34,593 [WARNING] 🚨 ALERTA: Cosan (CSAN3), Brava Energia (BRAV3), Gerdau (GGBR4) e outros destaques desta terça-feira (28)
https://www.moneytimes.com.br/radar-do-mercado-destaques-corporativos-hoje-cosan-brava-energia-gerdau-28-04-2026-lmrs/
2026-04-28 10:32:35,056 [INFO] ✦ NOVA [empresas|score:17] Fundo imobiliário vende participação em shopping e prevê lucro de R$ 0
2026-04-28 10:32:35,056 [WARNING] 🚨 ALERTA: Fundo imobiliário vende participação em shopping e prevê lucro de R$ 0,94 por cota; confira
https://www.moneytimes.com.br/fundo-imobiliario-vende-participacao-em-shopping-e-preve-lucro-de-r-094-por-cota-confira-igdl/
2026-04-28 10:32:35,572 [INFO] ✦ NOVA [empresas|score:20] Agrishow 2026: BTG Pactual marca presença na maior feira agro do Brasi
2026-04-28 10:32:35,573 [WARNING] 🚨 ALERTA: Agrishow 2026: BTG Pactual marca presença na maior feira agro do Brasil
https://www.moneytimes.com.br/agrishow-2026-btg-pactual-marca-presenca-na-maior-feira-agro-do-brasil-gmds/
2026-04-28 10:32:36,007 [INFO] ✦ NOVA [bolsas|score:25] Tesouro Direto: Taxas avançam mesmo após IPCA-15 vir abaixo das expect
2026-04-28 10:32:36,007 [WARNING] 🚨 ALERTA: Tesouro Direto: Taxas avançam mesmo após IPCA-15 vir abaixo das expectativas; entenda
https://www.moneytimes.com.br/tesouro-direto-taxas-avancam-mesmo-apos-ipca-15-vir-abaixo-das-expectativas-jcav/
2026-04-28 10:32:36,594 [INFO] ✦ NOVA [empresas|score:22] Oi (OIBR3): Justiça aprova publicação de edital para a venda da Oi Sol
2026-04-28 10:32:36,595 [WARNING] 🚨 ALERTA: Oi (OIBR3): Justiça aprova publicação de edital para a venda da Oi Soluções; veja
https://www.moneytimes.com.br/oi-oibr3-justica-aprova-publicacao-de-edital-para-a-venda-da-oi-solucoes-veja-lmrs/
2026-04-28 10:32:37,392 [INFO] ✦ NOVA [empresas|score:22] Governo libera crédito extraordinário de R$ 330 milhões para subvenção
2026-04-28 10:32:37,393 [WARNING] 🚨 ALERTA: Governo libera crédito extraordinário de R$ 330 milhões para subvenção ao GLP
https://www.moneytimes.com.br/governo-libera-credito-extraordinario-de-r-330-milhoes-para-subvencao-ao-glp/
2026-04-28 10:32:38,770 [INFO] ✦ NOVA [empresas|score:17] Fundo imobiliário vende participação em imóvel por R$ 74 milhões e pre
2026-04-28 10:32:38,770 [WARNING] 🚨 ALERTA: Fundo imobiliário vende participação em imóvel por R$ 74 milhões e prevê ganho de capital aos cotistas; veja os detalhes
https://www.moneytimes.com.br/fundo-imobiliario-vende-participacao-em-imovel-por-r-74-milhoes-veja-os-detalhes-igdl/
2026-04-28 10:32:39,540 [INFO] ✦ NOVA [empresas|score:17] Supercomputador do passado já pertenceu à realeza indiana — e agora va
2026-04-28 10:32:39,540 [WARNING] 🚨 ALERTA: Supercomputador do passado já pertenceu à realeza indiana — e agora vai a leilão no Reino Unido
https://www.moneytimes.com.br/astrolabio-da-realeza-indiana-vai-a-leilao-isca/
2026-04-29 11:19:52,324 [INFO] Banco inicializado: banco.db
2026-04-29 11:19:52,326 [INFO] Modo: ciclo único
2026-04-29 11:19:52,326 [INFO] ────────────────────────────────────────────────────────────
2026-04-29 11:19:52,327 [INFO] Ciclo iniciado: 29/04/2026 11:19:52 | 21 fontes
2026-04-29 11:19:54,412 [INFO] ✦ NOVA [bolsas|score:21] Petróleo brent estende rali e bate US$ 114 com notícias sobre extensão
2026-04-29 11:19:54,413 [WARNING] 🚨 ALERTA: Petróleo brent estende rali e bate US$ 114 com notícias sobre extensão de bloqueio
https://www.infomoney.com.br/mercados/petroleo-abertura-fechamento-ira-eua-29042026/
2026-04-29 11:20:06,004 [INFO] ✦ NOVA [economia_global|score:19] Espresso Outliers: O que está acontece com o crédito privado?
2026-04-29 11:20:06,005 [WARNING] 🚨 ALERTA: Espresso Outliers: O que está acontece com o crédito privado?
https://www.infomoney.com.br/onde-investir/espresso-outliers-o-que-esta-acontece-com-o-credito-privado/
2026-04-29 11:20:07,122 [INFO] ✦ NOVA [economia_global|score:24] Era Powell no Fed, que começou e termina sob Trump, chega ao fim; conf
2026-04-29 11:20:07,123 [WARNING] 🚨 ALERTA: Era Powell no Fed, que começou e termina sob Trump, chega ao fim; confira trajetória
https://www.infomoney.com.br/mercados/era-powell-no-fed-que-comecou-e-termina-sob-trump-chega-ao-fim-confira-trajetoria/
2026-04-29 11:20:08,410 [INFO] ✦ NOVA [empresas|score:9] Senado aprovou todas as indicações ao STF desde 1988; cenário favorece
2026-04-29 11:20:08,411 [WARNING] 🚨 ALERTA: Senado aprovou todas as indicações ao STF desde 1988; cenário favorece Messias
https://www.infomoney.com.br/politica/senado-aprovou-todas-as-indicacoes-ao-stf-desde-1988-cenario-favorece-messias/
2026-04-29 11:20:09,761 [INFO] ✦ NOVA [empresas|score:14] CVLB Brasil protocola pedido de recuperação judicial para avançar em r
2026-04-29 11:20:09,761 [WARNING] 🚨 ALERTA: CVLB Brasil protocola pedido de recuperação judicial para avançar em reestruturação
https://www.infomoney.com.br/mercados/cvlb-brasil-protocola-pedido-de-recuperacao-judicial-para-avancar-em-reestruturacao/
2026-04-29 11:20:10,846 [INFO] ✦ NOVA [empresas|score:18] Adidas tem impulso da Copa do Mundo em mercado “muito volátil” no prim
2026-04-29 11:20:10,846 [WARNING] 🚨 ALERTA: Adidas tem impulso da Copa do Mundo em mercado “muito volátil” no primeiro trimestre
https://www.infomoney.com.br/mercados/adidas-tem-impulso-da-copa-do-mundo-em-mercado-muito-volatil-no-primeiro-trimestre/
2026-04-29 11:20:12,004 [INFO] ✦ NOVA [economia_brasil|score:15] Confiança de serviços no Brasil cai em abril ao menor nível desde agos
2026-04-29 11:20:12,004 [WARNING] 🚨 ALERTA: Confiança de serviços no Brasil cai em abril ao menor nível desde agosto, diz FGV
https://www.infomoney.com.br/mercados/confianca-de-servicos-no-brasil-cai-em-abril-ao-menor-nivel-desde-agosto-diz-fgv/
2026-04-29 11:20:12,944 [INFO] ✦ NOVA [empresas|score:13] WEG mostra desaceleração no 1T e WEGE3 cai forte, com mercado vendo aç
2026-04-29 11:20:12,945 [WARNING] 🚨 ALERTA: WEG mostra desaceleração no 1T e WEGE3 cai forte, com mercado vendo ação como cara
https://www.infomoney.com.br/mercados/weg-mostra-desaceleracao-no-1t-e-wege3-cai-forte-com-mercado-vendo-acao-como-cara/
2026-04-29 11:20:14,035 [INFO] ✦ NOVA [economia_global|score:25] Encomendas de bens de capital dos EUA superam expectativas em março
2026-04-29 11:20:14,035 [WARNING] 🚨 ALERTA: Encomendas de bens de capital dos EUA superam expectativas em março
https://www.infomoney.com.br/mercados/encomendas-de-bens-de-capital-dos-eua-superam-expectativas-em-marco/
2026-04-29 11:20:15,340 [INFO] ✦ NOVA [geral|score:8] Soldado libanês e irmão são mortos em ataque israelense, diz Exército 
2026-04-29 11:20:15,340 [WARNING] 🚨 ALERTA: Soldado libanês e irmão são mortos em ataque israelense, diz Exército do Líbano
https://www.infomoney.com.br/mundo/soldado-libanes-e-irmao-sao-mortos-em-ataque-israelense-diz-exercito-do-libano/
2026-04-29 11:20:27,310 [INFO] ✦ NOVA [empresas|score:19] Vale: lucro sobe, mas custos pesam e ação cai 4%; JPMorgan recomenda c
2026-04-29 11:20:27,311 [WARNING] 🚨 ALERTA: Vale: lucro sobe, mas custos pesam e ação cai 4%; JPMorgan recomenda compra na baixa
https://www.infomoney.com.br/mercados/vale-vale3-tem-lucro-maior-mas-custos-mais-altos-pesam-desempenho-acoes/
2026-04-29 11:20:28,389 [INFO] ✦ NOVA [empresas|score:16] Goldman rebaixa Banco do Brasil para venda, mesmo com ação descontada;
2026-04-29 11:20:28,389 [WARNING] 🚨 ALERTA: Goldman rebaixa Banco do Brasil para venda, mesmo com ação descontada; BBAS3 cai 2%
https://www.infomoney.com.br/mercados/goldman-rebaixa-banco-do-brasil-para-venda-mesmo-com-acao-descontada-bbas3-cai-2/
2026-04-29 11:20:30,579 [INFO] ✦ NOVA [empresas|score:18] Ibovespa Hoje Ao Vivo: Bolsa cai com balanços e dados econômicos; VALE
2026-04-29 11:20:30,579 [WARNING] 🚨 ALERTA: Ibovespa Hoje Ao Vivo: Bolsa cai com balanços e dados econômicos; VALE3 cai 5%
https://www.infomoney.com.br/mercados/ibovespa-hoje-bolsa-de-valores-ao-vivo-29042026/
2026-04-29 11:20:31,928 [INFO] ✦ NOVA [geral|score:8] GLP-1, regulação, “crise de identidade”: o que está mexendo com o seto
2026-04-29 11:20:31,928 [WARNING] 🚨 ALERTA: GLP-1, regulação, “crise de identidade”: o que está mexendo com o setor de saúde
https://braziljournal.com/glp-1-regulacao-crise-de-identidade-o-que-esta-mexendo-com-o-setor-de-saude/
2026-04-29 11:20:32,454 [INFO] ✦ NOVA [empresas|score:12] Maha faz fusão com SPAC para investir no petróleo venezuelano
2026-04-29 11:20:32,454 [WARNING] 🚨 ALERTA: Maha faz fusão com SPAC para investir no petróleo venezuelano
https://braziljournal.com/maha-faz-fusao-com-spac-para-investir-no-petroleo-venezuelano/
2026-04-29 11:20:34,876 [INFO] ✦ NOVA [empresas|score:20] Quanto vai custar o ‘supertênis’ usado pelos vencedores da Maratona de
2026-04-29 11:20:34,877 [WARNING] 🚨 ALERTA: Quanto vai custar o ‘supertênis’ usado pelos vencedores da Maratona de Londres — que quebraram recordes históricos
https://www.moneytimes.com.br/quanto-vai-custar-o-supertenis-usado-pelos-vencedores-da-maratona-de-londres-que-quebraram-recordes-historicos-mlem/
2026-04-29 11:20:35,376 [INFO] ✦ NOVA [empresas|score:25] Santander (SANB11): ‘Pagamos mais imposto. Isso é um bom sinal’, diz C
2026-04-29 11:20:35,376 [WARNING] 🚨 ALERTA: Santander (SANB11): ‘Pagamos mais imposto. Isso é um bom sinal’, diz CEO
https://www.moneytimes.com.br/santander-sanb11-pagamos-mais-imposto-isso-e-um-bom-sinal-diz-ceo-rnda/
2026-04-29 11:20:35,958 [INFO] ✦ NOVA [empresas|score:20] Foco na América Latina: Maior fundo de reflorestamento levanta R$ 6,2 
2026-04-29 11:20:35,958 [WARNING] 🚨 ALERTA: Foco na América Latina: Maior fundo de reflorestamento levanta R$ 6,2 bilhões com participação de Vale (VALE3) e BNDES; veja detalhes
https://www.moneytimes.com.br/maior-fundo-de-reflorestamento-levanta-r-62-bilhoes-com-participacao-de-vale-vale3-e-bndes-veja-detalhes-igdl/
2026-04-29 11:20:36,386 [INFO] ✦ NOVA [bolsas|score:25] Wall Street recua de olho na decisão de juros do Fed e nos balanços de
2026-04-29 11:20:36,386 [WARNING] 🚨 ALERTA: Wall Street recua de olho na decisão de juros do Fed e nos balanços de big techs
https://www.moneytimes.com.br/wall-street-abertura-29-4-26-apsa/
2026-04-29 11:20:36,811 [INFO] ✦ NOVA [empresas|score:20] Fundo imobiliário fecha nova locação em São Paulo e prevê ganho de R$ 
2026-04-29 11:20:36,811 [WARNING] 🚨 ALERTA: Fundo imobiliário fecha nova locação em São Paulo e prevê ganho de R$ 0,05 por cota; veja os detalhes
https://www.moneytimes.com.br/fundo-imobiliario-fecha-nova-locacao-em-sao-paulo-e-preve-ganho-de-r-005-por-cota-veja-os-detalhes-igdl/
2026-04-29 11:20:40,380 [INFO] ✦ NOVA [economia_brasil|score:22] Ibovespa cai com Vale (VALE3) e Super Quarta; 5 coisas para saber ante
2026-04-29 11:20:40,381 [WARNING] 🚨 ALERTA: Ibovespa cai com Vale (VALE3) e Super Quarta; 5 coisas para saber antes de investir hoje (29)
https://www.moneytimes.com.br/ibovespa-5-coisas-29-4-26-lils/
2026-04-29 11:20:40,794 [INFO] ✦ NOVA [empresas|score:20] Genial/Quaest aponta empate técnico entre ACM Neto e Jerônimo na Bahia
2026-04-29 11:20:40,794 [WARNING] 🚨 ALERTA: Genial/Quaest aponta empate técnico entre ACM Neto e Jerônimo na Bahia; Rui Costa e Jacques Wagner lideram para o Senado
https://www.moneytimes.com.br/acm-neto-e-jeronimo-tem-empate-tecnico-na-disputa-pelo-governo-da-bahia-aponta-genial-quaest-gaep/
2026-04-29 11:20:41,223 [INFO] ✦ NOVA [economia_brasil|score:20] Antes do Copom, taxas do Tesouro Direto avançam; confira o rendimento 
2026-04-29 11:20:41,223 [WARNING] 🚨 ALERTA: Antes do Copom, taxas do Tesouro Direto avançam; confira o rendimento desta quarta-feira (29)
https://www.moneytimes.com.br/antes-do-copom-taxas-do-tesouro-direto-avancam-jcav/
2026-04-29 11:20:41,685 [INFO] ✦ NOVA [bancos_centrais|score:20] Seus investimentos foram convocados à ‘guerra’: saiba como é possível 
2026-04-29 11:20:41,686 [WARNING] 🚨 ALERTA: Seus investimentos foram convocados à ‘guerra’: saiba como é possível buscar lucros em tempos de conflitos geopolíticos
https://www.moneytimes.com.br/conteudo-de-marca/seus-investimentos-foram-convocados-a-guerra-saiba-como-e-possivel-buscar-lucros-em-tempos-de-conflitos-geopoliticos-lbrdaz229/
2026-04-29 11:20:42,159 [INFO] ✦ NOVA [empresas|score:20] Bradesco quer crescer até 20% no agronegócio em 2026 e celebra 3 anos 
2026-04-29 11:20:42,161 [WARNING] 🚨 ALERTA: Bradesco quer crescer até 20% no agronegócio em 2026 e celebra 3 anos do E-agro
https://www.moneytimes.com.br/bradesco-quer-crescer-ate-20-no-agronegocio-em-2026-e-celebra-3-anos-do-e-agro-pads/
2026-04-29 11:20:45,987 [INFO] ✦ NOVA [bancos_centrais|score:10] Embraer (EMBJ3) acelera aposta em Indústria 4.0 com novo acordo
2026-04-29 11:20:45,988 [WARNING] 🚨 ALERTA: Embraer (EMBJ3) acelera aposta em Indústria 4.0 com novo acordo
https://www.suno.com.br/noticias/embraer-embj3-acordo-industria-4-0-mtae/
2026-04-29 11:20:46,561 [INFO] ✦ NOVA [empresas|score:6] Cargill reverte prejuízo e lucra R$ 1,7 bilhão no Brasil em 2025
2026-04-29 11:20:46,710 [INFO] ✦ NOVA [empresas|score:10] Santander Brasil (SANB11) tem lucro gerencial de R$ 3,8 bilhões no 1T2
2026-04-29 11:20:46,710 [WARNING] 🚨 ALERTA: Santander Brasil (SANB11) tem lucro gerencial de R$ 3,8 bilhões no 1T26, queda de 1,8%
https://www.suno.com.br/noticias/santander-sanb11-lucro-gerencial-3-8-bilhoes-1t26-go/
2026-04-29 11:20:47,200 [INFO] ✦ NOVA [empresas|score:9] Faria Lima puxa alta de preços e vacância cai no 1T26
2026-04-29 11:20:47,200 [WARNING] 🚨 ALERTA: Faria Lima puxa alta de preços e vacância cai no 1T26
https://www.suno.com.br/noticias/lajes-corporativas-sp-1t26/
2026-04-29 11:20:47,687 [INFO] ✦ NOVA [empresas|score:13] AIEC11 fecha locação com fintech e sobe ocupação a 92%
2026-04-29 11:20:47,687 [WARNING] 🚨 ALERTA: AIEC11 fecha locação com fintech e sobe ocupação a 92%
https://www.suno.com.br/noticias/aiec11-contrato-gooroo-ocupacao-92-percento/
2026-04-29 11:20:48,249 [INFO] ✦ NOVA [empresas|score:21] Vale (VALE3) entrega lucro bilionário, mas alta de 576% no níquel muda
2026-04-29 11:20:48,249 [WARNING] 🚨 ALERTA: Vale (VALE3) entrega lucro bilionário, mas alta de 576% no níquel muda a história; veja os destaques
https://www.suno.com.br/noticias/vale-vale3-resultado-1t26-niquel-mt/
2026-04-29 11:20:48,799 [INFO] ✦ NOVA [bolsas|score:10] IFIX recua 0,01% e segue perto da máxima em 52 semanas
2026-04-29 11:20:48,799 [WARNING] 🚨 ALERTA: IFIX recua 0,01% e segue perto da máxima em 52 semanas
https://www.suno.com.br/noticias/ifix-recua-001-e-segue-perto-da-maxima-52-semanas/
2026-04-29 11:20:49,292 [INFO] ✦ NOVA [empresas|score:6] SNFF11 mantém R$ 0,72 por cota e amplia reserva em março
2026-04-29 11:20:49,445 [INFO] ✦ NOVA [bolsas|score:17] Ibovespa sente IPCA-15, cai aos 188 mil e estende sequência negativa
2026-04-29 11:20:49,446 [WARNING] 🚨 ALERTA: Ibovespa sente IPCA-15, cai aos 188 mil e estende sequência negativa
https://www.suno.com.br/noticias/ibovespa-cai-188-mil-ipca15-pressao-mt/
2026-04-29 11:20:49,935 [INFO] ✦ NOVA [economia_brasil|score:17] Super Quarta: o que os analistas esperam do Fed e do Copom?
2026-04-29 11:20:49,935 [WARNING] 🚨 ALERTA: Super Quarta: o que os analistas esperam do Fed e do Copom?
https://www.suno.com.br/noticias/super-quarta-o-que-analistas-esperam-fed-copom-abril26-go/
2026-04-29 11:20:50,692 [INFO] ✦ NOVA [bolsas|score:6] Starlink: saiba qual é o plano residencial mais barato e o que está in
2026-04-29 11:20:51,141 [INFO] ✦ NOVA [empresas|score:13] Sabesp (SBSP3) aprova desdobramento de ações ordinárias de 1 para 5
2026-04-29 11:20:51,141 [WARNING] 🚨 ALERTA: Sabesp (SBSP3) aprova desdobramento de ações ordinárias de 1 para 5
https://einvestidor.estadao.com.br/ultimas/sabesp-sbsp3-desdobramento-acoes-1-para-5/
2026-04-29 11:20:51,590 [INFO] ✦ NOVA [empresas|score:6] Resultado da Lotofácil 3672: apostas cravam 14 números e recebem R$ 1.
2026-04-29 11:20:51,724 [INFO] ✦ NOVA [bolsas|score:10] Kinea aposta em FIIs de escritórios e vê retomada do mercado: ‘Momento
2026-04-29 11:20:51,725 [WARNING] 🚨 ALERTA: Kinea aposta em FIIs de escritórios e vê retomada do mercado: ‘Momento é de destravar captações’
https://einvestidor.estadao.com.br/direto-da-faria-lima/kinea-fundos-imobiliarios-queda-juros-captacoes-carlos-martins/
2026-04-29 11:20:52,464 [INFO] ✦ NOVA [empresas|score:23] Vale (VALE3) decepciona em custos, vê dívida subir e ações caem mais d
2026-04-29 11:20:52,465 [WARNING] 🚨 ALERTA: Vale (VALE3) decepciona em custos, vê dívida subir e ações caem mais de 2% após balanço
https://einvestidor.estadao.com.br/mercado/vale-vale3-resultados-1t26-custos-alavancagem-metais-basicos-analise-mercado/
2026-04-29 11:20:53,031 [INFO] ✦ NOVA [empresas|score:14] Petróleo hoje dispara a US$ 108 com Ormuz fechado, Superquarta e tensã
2026-04-29 11:20:53,031 [WARNING] 🚨 ALERTA: Petróleo hoje dispara a US$ 108 com Ormuz fechado, Superquarta e tensão EUA-Irã
https://einvestidor.estadao.com.br/mercado/petroleo-hoje-dispara-108-ormuz-fechado-eua-ira-opep-emirados/
2026-04-29 11:20:53,517 [INFO] ✦ NOVA [bolsas|score:21] Abertura de mercado: Super-Quarta com alta das commodities
2026-04-29 11:20:53,517 [WARNING] 🚨 ALERTA: Abertura de mercado: Super-Quarta com alta das commodities
https://einvestidor.estadao.com.br/mercado/abertura-de-mercado-super-quarta-com-alta-das-commodities/
2026-04-29 11:20:57,834 [INFO] ✦ NOVA [empresas|score:21] De saída do Santander, Mario Leão diz que banco retomará ROE de 20% em
2026-04-29 11:20:57,834 [WARNING] 🚨 ALERTA: De saída do Santander, Mario Leão diz que banco retomará ROE de 20% em 2028
https://exame.com/invest/mercados/de-saida-do-santander-mario-leao-diz-que-banco-retomara-roe-de-20-em-2028/
2026-04-29 11:21:08,520 [INFO] ✦ NOVA [empresas|score:16] Diretor de 'Leaving Neverland' critica filme de Michael Jackson: 'não 
2026-04-29 11:21:08,520 [WARNING] 🚨 ALERTA: Diretor de 'Leaving Neverland' critica filme de Michael Jackson: 'não faz sentido'
https://exame.com/pop/diretor-de-leaving-neverland-critica-filme-de-michael-jackson-nao-faz-sentido/
2026-04-29 11:21:11,050 [INFO] ✦ NOVA [empresas|score:19] Ele trocou o trabalho na pesca por um império de 13 milhões de dólares
2026-04-29 11:21:11,050 [WARNING] 🚨 ALERTA: Ele trocou o trabalho na pesca por um império de 13 milhões de dólares com capital próprio
https://exame.com/negocios/ele-trocou-o-trabalho-na-pesca-por-um-imperio-de-13-milhoes-de-dolares-com-capital-proprio/
2026-04-29 11:21:14,046 [INFO] ✦ NOVA [empresas|score:16] A nova divisão do varejo global: quem reorganizou a empresa para a IA 
2026-04-29 11:21:14,046 [WARNING] 🚨 ALERTA: A nova divisão do varejo global: quem reorganizou a empresa para a IA e quem ficou para trás
https://exame.com/negocios/a-nova-divisao-do-varejo-global-quem-reorganizou-a-empresa-para-a-ia-e-quem-ficou-para-tras/
2026-04-29 11:21:16,935 [INFO] ✦ NOVA [empresas|score:12] Dor que dura anos? Estudo identifica 'vilão' em circuito do cérebro
2026-04-29 11:21:16,936 [WARNING] 🚨 ALERTA: Dor que dura anos? Estudo identifica 'vilão' em circuito do cérebro
https://exame.com/ciencia/dor-que-dura-anos-estudo-identifica-vilao-em-circuito-do-cerebro/
2026-04-29 11:21:19,728 [INFO] ✦ NOVA [tecnologia|score:16] China paralisa emissão de licenças para robotáxis após falha em massa 
2026-04-29 11:21:19,728 [WARNING] 🚨 ALERTA: China paralisa emissão de licenças para robotáxis após falha em massa da Baidu
https://exame.com/inteligencia-artificial/china-paralisa-emissao-de-licencas-para-robotaxis-apos-falha-em-massa-da-baidu/
2026-04-29 11:21:22,321 [INFO] ✦ NOVA [empresas|score:17] Messias defende 'aperfeiçoamento' do STF em sabatina no Senado
2026-04-29 11:21:22,321 [WARNING] 🚨 ALERTA: Messias defende 'aperfeiçoamento' do STF em sabatina no Senado
https://exame.com/brasil/messias-defende-aperfeicoamento-do-stf-em-sabatina-no-senado/
2026-04-29 11:21:24,728 [INFO] ✦ NOVA [economia_brasil|score:16] Do forno ao bar: a revolução das pizzarias
2026-04-29 11:21:24,728 [WARNING] 🚨 ALERTA: Do forno ao bar: a revolução das pizzarias
https://exame.com/casual/do-forno-ao-bar-a-revolucao-das-pizzarias/
2026-04-29 11:21:27,923 [INFO] ✦ NOVA [empresas|score:21] Ela criou uma solução caseira para sua gravidez e rejeitou investidore
2026-04-29 11:21:27,923 [WARNING] 🚨 ALERTA: Ela criou uma solução caseira para sua gravidez e rejeitou investidores, agora fatura milhões
https://exame.com/negocios/ela-criou-uma-solucao-caseira-para-sua-gravidez-e-rejeitou-investidores-agora-fatura-milhoes/
2026-04-29 11:21:30,506 [INFO] ✦ NOVA [empresas|score:15] Por que a pele nem sempre volta ao normal após um corte?
2026-04-29 11:21:30,507 [WARNING] 🚨 ALERTA: Por que a pele nem sempre volta ao normal após um corte?
https://exame.com/ciencia/por-que-a-pele-nem-sempre-volta-ao-normal-apos-um-corte/
2026-04-29 11:21:33,173 [INFO] ✦ NOVA [empresas|score:18] Já imaginou seu nome escrito por paisagens? Ferramenta da Nasa faz iss
2026-04-29 11:21:33,173 [WARNING] 🚨 ALERTA: Já imaginou seu nome escrito por paisagens? Ferramenta da Nasa faz isso; veja como funciona
https://exame.com/ciencia/ja-imaginou-seu-nome-escrito-por-paisagens-ferramenta-da-nasa-faz-isso-veja-como-funciona/
2026-04-29 11:21:36,028 [INFO] ✦ NOVA [economia_global|score:27] Bitcoin é negociado em US$ 76 mil enquanto mercado aguarda manutenção 
2026-04-29 11:21:36,029 [WARNING] 🚨 ALERTA: Bitcoin é negociado em US$ 76 mil enquanto mercado aguarda manutenção de juros nos EUA
https://exame.com/future-of-money/bitcoin-hoje-29-04-2026/
2026-04-29 11:21:39,650 [INFO] ✦ NOVA [economia_brasil|score:24] Ibovespa cai pelo 6º dia e zera ganhos do mês com Vale em baixa após b
2026-04-29 11:21:39,650 [WARNING] 🚨 ALERTA: Ibovespa cai pelo 6º dia e zera ganhos do mês com Vale em baixa após balanço
https://exame.com/invest/mercados/ibovespa-cai-pelo-6o-dia-e-zera-ganhos-do-mes-com-vale-em-baixa-apos-balanco/
2026-04-29 11:21:42,722 [INFO] ✦ NOVA [criptomoedas|score:27] Criptomoedas têm desempenho misto antes do Fomc com destaque para disp
2026-04-29 11:21:42,722 [WARNING] 🚨 ALERTA: Criptomoedas têm desempenho misto antes do Fomc com destaque para disparada da dogecoin
https://exame.com/future-of-money/criptomoedas-hoje-29-04-2026/
2026-04-29 11:21:45,606 [INFO] ✦ NOVA [empresas|score:16] 'Treta': série de sucesso da Netflix terá uma 3ª temporada?
2026-04-29 11:21:45,606 [WARNING] 🚨 ALERTA: 'Treta': série de sucesso da Netflix terá uma 3ª temporada?
https://exame.com/pop/treta-serie-de-sucesso-da-netflix-tera-uma-3a-temporada/
2026-04-29 11:21:48,046 [INFO] ✦ NOVA [tecnologia|score:21] Com OpenAI e Anthropic, Amazon quer se estabelecer como principal parc
2026-04-29 11:21:48,046 [WARNING] 🚨 ALERTA: Com OpenAI e Anthropic, Amazon quer se estabelecer como principal parceira para modelos de IA
https://exame.com/inteligencia-artificial/com-openai-e-anthropic-amazon-quer-se-estabelecer-como-principal-parceira-para-modelos-de-ia/
2026-04-29 11:21:50,547 [INFO] ✦ NOVA [empresas|score:18] A fundadora que recusou o manual das startups e criou sozinha uma marc
2026-04-29 11:21:50,547 [WARNING] 🚨 ALERTA: A fundadora que recusou o manual das startups e criou sozinha uma marca bilionária
https://exame.com/carreira/a-fundadora-que-recusou-o-manual-das-startups-e-criou-sozinha-uma-marca-bilionaria/
2026-04-29 11:21:53,496 [INFO] ✦ NOVA [bancos_centrais|score:21] Como prosperar na incerteza: o conceito de antifragilidade aplicado à 
2026-04-29 11:21:53,497 [WARNING] 🚨 ALERTA: Como prosperar na incerteza: o conceito de antifragilidade aplicado à carreira
https://exame.com/carreira/como-prosperar-na-incerteza-o-conceito-de-antifragilidade-aplicado-a-carreira/
2026-04-29 11:21:55,914 [INFO] ✦ NOVA [tecnologia|score:18] Como surgiu o Dia do Trabalhador e qual é a relação com a escala 6x1?
2026-04-29 11:21:55,915 [WARNING] 🚨 ALERTA: Como surgiu o Dia do Trabalhador e qual é a relação com a escala 6x1?
https://exame.com/carreira/como-surgiu-o-dia-do-trabalhador-e-qual-e-a-relacao-dele-com-a-escala-6x1/
2026-04-29 11:21:58,632 [INFO] ✦ NOVA [empresas|score:21] Ele trocou a IBM por uma escola de rock e vai faturar R$ 120 milhões
2026-04-29 11:21:58,633 [WARNING] 🚨 ALERTA: Ele trocou a IBM por uma escola de rock e vai faturar R$ 120 milhões
https://exame.com/negocios/ele-trocou-a-ibm-por-uma-escola-de-rock-e-vai-faturar-r-120-milhoes/
2026-04-29 11:22:01,947 [INFO] ✦ NOVA [bolsas|score:14] Não para de subir: Kone fecha acordo de R$ 171 bilhões para criar líde
2026-04-29 11:22:01,948 [WARNING] 🚨 ALERTA: Não para de subir: Kone fecha acordo de R$ 171 bilhões para criar líder global de elevadores
https://exame.com/negocios/nao-para-de-subir-kone-fecha-acordo-de-r-171-bilhoes-para-criar-lider-global-de-elevadores/
2026-04-29 11:22:07,739 [INFO] ✦ NOVA [empresas|score:23] Apostas sobre clima em Paris levantam suspeita de fraude no Polymarket
2026-04-29 11:22:07,739 [WARNING] 🚨 ALERTA: Apostas sobre clima em Paris levantam suspeita de fraude no Polymarket
https://exame.com/invest/mercados/apostas-sobre-clima-em-paris-levantam-suspeita-de-fraude-no-polymarket/
2026-04-29 11:22:08,948 [INFO] ✦ NOVA [empresas|score:9] A Montblanc lança a Minerva como divisão própria da relojoaria
2026-04-29 11:22:08,949 [WARNING] 🚨 ALERTA: A Montblanc lança a Minerva como divisão própria da relojoaria
https://exame.com/casual/a-montblanc-lanca-a-minerva-como-divisao-propria-da-relojoaria/
2026-04-29 11:22:11,451 [INFO] ✦ NOVA [empresas|score:21] Bolsa de valores de pequenas empresas recebe investimentos do Banco Mu
2026-04-29 11:22:11,451 [WARNING] 🚨 ALERTA: Bolsa de valores de pequenas empresas recebe investimentos do Banco Mundial
https://exame.com/invest/mercados/bolsa-de-valores-de-pequenas-empresas-recebe-investimentos-do-banco-mundial/
2026-04-29 11:22:11,867 [INFO] ✦ NOVA [tecnologia|score:13] Mistério da ‘bola dourada’ no fundo do mar é desvendado; veja vídeo
2026-04-29 11:22:11,867 [WARNING] 🚨 ALERTA: Mistério da ‘bola dourada’ no fundo do mar é desvendado; veja vídeo
https://exame.com/ciencia/misterio-da-bola-dourada-no-fundo-do-mar-e-desvendado-veja-video/
2026-04-29 11:22:13,735 [INFO] ✦ NOVA [tecnologia|score:16] Torcedor prevê gastar mais de R$ 100 por jogo do Brasil na Copa do Mun
2026-04-29 11:22:13,735 [WARNING] 🚨 ALERTA: Torcedor prevê gastar mais de R$ 100 por jogo do Brasil na Copa do Mundo
https://redir.folha.com.br/redir/online/mercado/rss091/*https://www1.folha.uol.com.br/colunas/painelsa/2026/04/torcedor-preve-gastar-mais-de-r-100-por-jogo-do-brasil-na-copa-do-mundo.shtml
2026-04-29 11:22:14,629 [INFO] ✦ NOVA [economia_global|score:18] Por que inflação nos EUA virou um problema para Donald Trump
2026-04-29 11:22:14,629 [WARNING] 🚨 ALERTA: Por que inflação nos EUA virou um problema para Donald Trump
https://redir.folha.com.br/redir/online/mercado/rss091/*https://www1.folha.uol.com.br/mercado/2026/04/por-que-inflacao-nos-eua-virou-um-problema-para-donald-trump.shtml
2026-04-29 11:22:15,498 [INFO] ✦ NOVA [empresas|score:13] STF retoma julgamento sobre desoneração da folha de pagamentos nesta q
2026-04-29 11:22:15,499 [WARNING] 🚨 ALERTA: STF retoma julgamento sobre desoneração da folha de pagamentos nesta quarta (29)
https://redir.folha.com.br/redir/online/mercado/rss091/*https://www1.folha.uol.com.br/mercado/2026/04/stf-retoma-julgamento-sobre-desoneracao-da-folha-de-pagamentos-nesta-quarta-29.shtml
2026-04-29 11:22:16,390 [INFO] ✦ NOVA [economia_brasil|score:25] Dólar abre perto da estabilidade nesta sexta à espera de definição sob
2026-04-29 11:22:16,390 [WARNING] 🚨 ALERTA: Dólar abre perto da estabilidade nesta sexta à espera de definição sobre juros no Brasil e EUA
https://redir.folha.com.br/redir/online/mercado/rss091/*https://www1.folha.uol.com.br/mercado/2026/04/dolar-abre-perto-da-estabilidade-nesta-sexta-a-espera-de-definicao-sobre-juros-no-brasil-e-eua.shtml
2026-04-29 11:22:20,347 [INFO] ✦ NOVA [commodities|score:24] Preço do petróleo sobe mais de 3% e é o maior em três semanas após nov
2026-04-29 11:22:20,347 [WARNING] 🚨 ALERTA: Preço do petróleo sobe mais de 3% e é o maior em três semanas após novas ameaças de Trump ao Irã
https://redir.folha.com.br/redir/online/mercado/rss091/*https://www1.folha.uol.com.br/mercado/2026/04/preco-do-petroleo-sobe-mais-de-3-e-e-o-maior-em-tres-semanas-apos-novas-ameacas-de-trump-ao-ira.shtml
2026-04-29 11:22:21,222 [INFO] ✦ NOVA [empresas|score:6] STF vai retomar julgamento da revisão da vida toda do INSS em maio; o 
2026-04-29 11:22:21,713 [INFO] ✦ NOVA [tecnologia|score:21] Queda de preços do Game Pass é prenúncio de grandes mudanças na Xbox
2026-04-29 11:22:21,715 [WARNING] 🚨 ALERTA: Queda de preços do Game Pass é prenúncio de grandes mudanças na Xbox
https://redir.folha.com.br/redir/online/mercado/rss091/*https://www1.folha.uol.com.br/tec/2026/04/queda-de-precos-do-game-pass-e-prenuncio-de-grandes-mudancas-na-xbox.shtml
2026-04-29 11:22:22,596 [INFO] ✦ NOVA [tecnologia|score:21] Entenda porque a China proibiu a Meta de comprar a startup de IA Manus
2026-04-29 11:22:22,596 [WARNING] 🚨 ALERTA: Entenda porque a China proibiu a Meta de comprar a startup de IA Manus
https://redir.folha.com.br/redir/online/mercado/rss091/*https://www1.folha.uol.com.br/tec/2026/04/entenda-porque-a-china-proibiu-a-meta-de-comprar-a-startup-de-ia-manus.shtml
2026-04-29 11:22:23,445 [INFO] ✦ NOVA [empresas|score:15] Desenrola 2.0 vem em boa hora, diz CEO do Santander, que teve queda no
2026-04-29 11:22:23,445 [WARNING] 🚨 ALERTA: Desenrola 2.0 vem em boa hora, diz CEO do Santander, que teve queda no lucro
https://redir.folha.com.br/redir/online/mercado/rss091/*https://www1.folha.uol.com.br/mercado/2026/04/lucro-do-santander-tem-leve-queda-para-r-3788-bilhoes-no-1o-tri.shtml
2026-04-29 11:22:24,297 [INFO] ✦ NOVA [tecnologia|score:16] Os avanços e os 3 pontos a corrigir na privatização da Copasa
2026-04-29 11:22:24,297 [WARNING] 🚨 ALERTA: Os avanços e os 3 pontos a corrigir na privatização da Copasa
https://redir.folha.com.br/redir/online/mercado/rss091/*https://www1.folha.uol.com.br/colunas/mauricio-portugal-ribeiro/2026/04/os-avancos-e-os-3-pontos-a-corrigir-na-privatizacao-da-copasa.shtml
2026-04-29 11:22:28,278 [INFO] ✦ NOVA [empresas|score:6] Presidente e relator resistem a compensação por fim da 6x1 e querem vo
2026-04-29 11:22:28,774 [INFO] ✦ NOVA [empresas|score:13] Bancos, INSS e Correios não abrem nesta sexta (1º), Dia do Trabalho
2026-04-29 11:22:28,774 [WARNING] 🚨 ALERTA: Bancos, INSS e Correios não abrem nesta sexta (1º), Dia do Trabalho
https://redir.folha.com.br/redir/online/mercado/rss091/*https://www1.folha.uol.com.br/mercado/2026/04/bancos-inss-e-correios-nao-abrem-nesta-sexta-1o-dia-do-trabalho.shtml
2026-04-29 11:22:29,703 [INFO] ✦ NOVA [economia_brasil|score:22] Mercado aposta em novo corte de 0,25 ponto na Selic e ciclo de queda d
2026-04-29 11:22:29,703 [WARNING] 🚨 ALERTA: Mercado aposta em novo corte de 0,25 ponto na Selic e ciclo de queda de juros mais curto
https://redir.folha.com.br/redir/online/mercado/rss091/*https://www1.folha.uol.com.br/mercado/2026/04/mercado-aposta-em-novo-corte-de-025-ponto-na-selic-e-ciclo-de-queda-de-juros-mais-curto.shtml
2026-04-29 11:22:30,576 [INFO] ✦ NOVA [tecnologia|score:13] Mercosul vive impasse sobre divisão de cotas em acordo com União Europ
2026-04-29 11:22:30,576 [WARNING] 🚨 ALERTA: Mercosul vive impasse sobre divisão de cotas em acordo com União Europeia
https://redir.folha.com.br/redir/online/mercado/rss091/*https://www1.folha.uol.com.br/mercado/2026/04/mercosul-vive-impasse-sobre-divisao-de-cotas-em-acordo-com-uniao-europeia.shtml
2026-04-29 11:22:31,444 [INFO] ✦ NOVA [empresas|score:13] Lula cobra resultados para Desenrola 2 após primeira versão abaixo do 
2026-04-29 11:22:31,444 [WARNING] 🚨 ALERTA: Lula cobra resultados para Desenrola 2 após primeira versão abaixo do esperado
https://redir.folha.com.br/redir/online/mercado/rss091/*https://www1.folha.uol.com.br/mercado/2026/04/lula-cobra-resultados-para-desenrola-2-apos-primeira-versao-abaixo-do-esperado.shtml
2026-04-29 11:22:32,423 [INFO] ✦ NOVA [tecnologia|score:18] Decisão do STF sobre superendividamento pode ajudar aposentados
2026-04-29 11:22:32,423 [WARNING] 🚨 ALERTA: Decisão do STF sobre superendividamento pode ajudar aposentados
https://redir.folha.com.br/redir/online/mercado/rss091/*https://www1.folha.uol.com.br/colunas/romulo-saraiva/2026/04/decisao-do-stf-sobre-superendividamento-pode-ajudar-aposentados.shtml
2026-04-29 11:22:36,420 [INFO] ✦ NOVA [tecnologia|score:18] Empresa vê crescimento de mercado com duplicata testada pelo Banco Cen
2026-04-29 11:22:36,420 [WARNING] 🚨 ALERTA: Empresa vê crescimento de mercado com duplicata testada pelo Banco Central
https://redir.folha.com.br/redir/online/mercado/rss091/*https://www1.folha.uol.com.br/colunas/painelsa/2026/04/empresa-ve-crescimento-de-mercado-com-duplicata-testada-pelo-banco-central.shtml
2026-04-29 11:22:37,300 [INFO] ✦ NOVA [tecnologia|score:16] Fila do INSS cai para 2,6 milhões após atingir pico de 3,1 mi e levar 
2026-04-29 11:22:37,301 [WARNING] 🚨 ALERTA: Fila do INSS cai para 2,6 milhões após atingir pico de 3,1 mi e levar à demissão de presidente
https://redir.folha.com.br/redir/online/mercado/rss091/*https://www1.folha.uol.com.br/mercado/2026/04/fila-do-inss-cai-para-26-milhoes-apos-atingir-pico-de-31-mi-e-levar-a-demissao-de-presidente.shtml
2026-04-29 11:22:38,171 [INFO] ✦ NOVA [empresas|score:21] Lucro da Vale sobe 22% e chega a R$ 9,9 bilhões no primeiro trimestre
2026-04-29 11:22:38,171 [WARNING] 🚨 ALERTA: Lucro da Vale sobe 22% e chega a R$ 9,9 bilhões no primeiro trimestre
https://redir.folha.com.br/redir/online/mercado/rss091/*https://www1.folha.uol.com.br/mercado/2026/04/lucro-da-vale-sobe-22-e-chega-a-r-99-bilhoes-no-primeiro-trimestre.shtml
2026-04-29 11:22:39,057 [INFO] ✦ NOVA [economia_brasil|score:16] Lula planeja anunciar novo Desenrola em pronunciamento na TV sobre Dia
2026-04-29 11:22:39,057 [WARNING] 🚨 ALERTA: Lula planeja anunciar novo Desenrola em pronunciamento na TV sobre Dia do Trabalho
https://redir.folha.com.br/redir/online/mercado/rss091/*https://www1.folha.uol.com.br/mercado/2026/04/lula-planeja-anunciar-novo-desenrola-em-pronunciamento-na-tv-sobre-dia-do-trabalho.shtml
2026-04-29 11:22:39,880 [INFO] ✦ NOVA [economia_brasil|score:13] 'Lei de Responsabilidade Tarifária' na energia
2026-04-29 11:22:39,880 [WARNING] 🚨 ALERTA: 'Lei de Responsabilidade Tarifária' na energia
https://redir.folha.com.br/redir/online/mercado/rss091/*https://www1.folha.uol.com.br/colunas/jerson-kelman/2026/04/lei-de-responsabilidade-tarifaria-na-energia.shtml
2026-04-29 11:22:40,747 [INFO] ✦ NOVA [empresas|score:13] Cade abre processo contra Gol e Latam por suspeita de combinação de pr
2026-04-29 11:22:40,751 [WARNING] 🚨 ALERTA: Cade abre processo contra Gol e Latam por suspeita de combinação de preços
https://redir.folha.com.br/redir/online/mercado/rss091/*https://www1.folha.uol.com.br/mercado/2026/04/cade-abre-processo-contra-gol-e-latam-por-suspeita-de-combinacao-de-precos.shtml
2026-04-29 11:22:41,689 [INFO] ✦ NOVA [tecnologia|score:17] Google fecha acordo para fornecer IA para operações sigilosas do Pentá
2026-04-29 11:22:41,689 [WARNING] 🚨 ALERTA: Google fecha acordo para fornecer IA para operações sigilosas do Pentágono
https://redir.folha.com.br/redir/online/mercado/rss091/*https://www1.folha.uol.com.br/tec/2026/04/google-fecha-acordo-para-fornecer-ia-para-operacoes-sigilosas-do-pentagono.shtml
2026-04-29 11:22:42,540 [INFO] ✦ NOVA [tecnologia|score:18] Morre Giovanna Kupfer, fundadora da Giovanna Baby, aos 79 anos
2026-04-29 11:22:42,540 [WARNING] 🚨 ALERTA: Morre Giovanna Kupfer, fundadora da Giovanna Baby, aos 79 anos
https://redir.folha.com.br/redir/online/mercado/rss091/*https://www1.folha.uol.com.br/mercado/2026/04/morre-giovanna-kupfer-fundadora-da-giovanna-baby-aos-79-anos.shtml
2026-04-29 11:22:43,371 [INFO] ✦ NOVA [economia_brasil|score:21] Governadora do DF pede aval da gestão Lula para empréstimo ao BRB
2026-04-29 11:22:43,372 [WARNING] 🚨 ALERTA: Governadora do DF pede aval da gestão Lula para empréstimo ao BRB
https://redir.folha.com.br/redir/online/mercado/rss091/*https://www1.folha.uol.com.br/mercado/2026/04/governadora-do-df-pede-aval-da-gestao-lula-para-emprestimo-ao-brb.shtml
2026-04-29 11:22:44,213 [INFO] ✦ NOVA [tecnologia|score:19] CNA quer construção de um plano agrícola e pecuário plurianual
2026-04-29 11:22:44,213 [WARNING] 🚨 ALERTA: CNA quer construção de um plano agrícola e pecuário plurianual
https://redir.folha.com.br/redir/online/mercado/rss091/*https://www1.folha.uol.com.br/colunas/vaivem/2026/04/cna-quer-construcao-de-um-plano-agricola-e-pecuario-plurianual.shtml
2026-04-29 11:22:45,082 [INFO] ✦ NOVA [tecnologia|score:18] Suspensão de multas do free flow 'desinflama' debate e tira o assunto 
2026-04-29 11:22:45,082 [WARNING] 🚨 ALERTA: Suspensão de multas do free flow 'desinflama' debate e tira o assunto da arena eleitoral, diz setor
https://redir.folha.com.br/redir/online/mercado/rss091/*https://www1.folha.uol.com.br/mercado/2026/04/suspensao-de-multas-do-free-flow-desinflama-debate-e-tira-o-assunto-da-arena-eleitoral-diz-setor.shtml
2026-04-29 11:22:45,902 [INFO] ✦ NOVA [empresas|score:13] Ex-diretor do BC Diogo Guillen será economista-chefe do Itaú
2026-04-29 11:22:45,902 [WARNING] 🚨 ALERTA: Ex-diretor do BC Diogo Guillen será economista-chefe do Itaú
https://redir.folha.com.br/redir/online/mercado/rss091/*https://www1.folha.uol.com.br/mercado/2026/04/ex-diretor-do-bc-diogo-guillen-sera-economista-chefe-do-itau.shtml
2026-04-29 11:22:46,770 [INFO] ✦ NOVA [empresas|score:18] Aneel nega pedidos da J&F e mantém megaleilão de energia de R$ 515 bi
2026-04-29 11:22:46,770 [WARNING] 🚨 ALERTA: Aneel nega pedidos da J&F e mantém megaleilão de energia de R$ 515 bi
https://redir.folha.com.br/redir/online/mercado/rss091/*https://www1.folha.uol.com.br/mercado/2026/04/aneel-nega-pedidos-da-jf-e-mantem-megaleilao-de-energia-de-r-515-bi.shtml
2026-04-29 11:22:47,701 [INFO] ✦ NOVA [tecnologia|score:17] Lula assina decreto do acordo Mercosul-UE e diz que pacto foi firmado 
2026-04-29 11:22:47,702 [WARNING] 🚨 ALERTA: Lula assina decreto do acordo Mercosul-UE e diz que pacto foi firmado com 'ferro, suor e sangue'
https://redir.folha.com.br/redir/online/mercado/rss091/*https://www1.folha.uol.com.br/mercado/2026/04/lula-assina-decreto-do-acordo-mercosul-ue-e-diz-que-pacto-foi-firmado-com-ferro-suor-e-sangue.shtml
2026-04-29 11:22:48,533 [INFO] ✦ NOVA [tecnologia|score:13] Coco Leve e Baly lançam gelo saborizado inspirado no 'copão'
2026-04-29 11:22:48,535 [WARNING] 🚨 ALERTA: Coco Leve e Baly lançam gelo saborizado inspirado no 'copão'
https://redir.folha.com.br/redir/online/mercado/rss091/*https://www1.folha.uol.com.br/colunas/painelsa/2026/04/coco-leve-e-baly-lancam-gelo-saborizado-inspirado-no-copao.shtml
2026-04-29 11:22:49,357 [INFO] ✦ NOVA [tecnologia|score:13] A educação fiscal é importante; com a reforma tributária passa a ser i
2026-04-29 11:22:49,358 [WARNING] 🚨 ALERTA: A educação fiscal é importante; com a reforma tributária passa a ser imprescindível
https://redir.folha.com.br/redir/online/mercado/rss091/*https://www1.folha.uol.com.br/blogs/que-imposto-e-esse/2026/04/a-educacao-fiscal-e-importante-com-a-reforma-tributaria-passa-a-ser-imprescindivel.shtml
2026-04-29 11:22:50,201 [INFO] ✦ NOVA [tecnologia|score:18] Azul aumenta frota cargueira e aposta em cliente do agronegócio para c
2026-04-29 11:22:50,204 [WARNING] 🚨 ALERTA: Azul aumenta frota cargueira e aposta em cliente do agronegócio para crescer
https://redir.folha.com.br/redir/online/mercado/rss091/*https://www1.folha.uol.com.br/mercado/2026/04/azul-aumenta-frota-cargueira-e-aposta-em-cliente-dop-agronegocio-para-crescer.shtml
2026-04-29 11:22:51,022 [INFO] ✦ NOVA [tecnologia|score:20] Manifesto da Palantir por república tecnológica atrai críticas por 'te
2026-04-29 11:22:51,022 [WARNING] 🚨 ALERTA: Manifesto da Palantir por república tecnológica atrai críticas por 'tecnofascismo' e elogios da direita
https://redir.folha.com.br/redir/online/mercado/rss091/*https://www1.folha.uol.com.br/tec/2026/04/manifesto-da-palantir-por-republica-tecnologica-atrai-criticas-por-tecnofascismo-e-elogios-da-direita.shtml
2026-04-29 11:22:51,864 [INFO] ✦ NOVA [economia_brasil|score:22] A guerra esquecida do Irã aparece em inflação e juros maiores e turva 
2026-04-29 11:22:51,864 [WARNING] 🚨 ALERTA: A guerra esquecida do Irã aparece em inflação e juros maiores e turva 2027
https://redir.folha.com.br/redir/online/mercado/rss091/*https://www1.folha.uol.com.br/colunas/viniciustorres/2026/04/a-guerra-esquecida-do-ira-aparece-em-inflacao-e-juros-maiores-e-turva-2027.shtml
2026-04-29 11:22:52,739 [INFO] ✦ NOVA [empresas|score:18] Crise do combustível leva aéreas europeias a pressionar contra benefíc
2026-04-29 11:22:52,740 [WARNING] 🚨 ALERTA: Crise do combustível leva aéreas europeias a pressionar contra benefícios oferecidos aos passageiros
https://redir.folha.com.br/redir/online/mercado/rss091/*https://www1.folha.uol.com.br/mercado/2026/04/crise-do-combustivel-leva-aereas-europeias-a-pressionar-contra-beneficios-oferecidos-aos-passageiros.shtml
2026-04-29 11:22:53,551 [INFO] ✦ NOVA [empresas|score:19] Derrocada do conglomerado do Master reduz patrimônio do FGC em R$ 17,1
2026-04-29 11:22:53,552 [WARNING] 🚨 ALERTA: Derrocada do conglomerado do Master reduz patrimônio do FGC em R$ 17,1 bi
https://redir.folha.com.br/redir/online/mercado/rss091/*https://www1.folha.uol.com.br/mercado/2026/04/derrocada-do-conglomerado-do-master-reduz-patrimonio-do-fgc-em-r-171-bi.shtml
2026-04-29 11:22:54,450 [INFO] ✦ NOVA [tecnologia|score:16] Meta deve recuar em aquisição de empresa de IA Manus após bloqueio da 
2026-04-29 11:22:54,450 [WARNING] 🚨 ALERTA: Meta deve recuar em aquisição de empresa de IA Manus após bloqueio da China, diz relatório
https://redir.folha.com.br/redir/online/mercado/rss091/*https://www1.folha.uol.com.br/mercado/2026/04/meta-deve-recuar-em-aquisicao-de-empresa-de-ia-manus-apos-bloqueio-da-china-diz-relatorio.shtml
2026-04-29 11:22:55,267 [INFO] ✦ NOVA [tecnologia|score:18] Akad lança seguro cibernético com contratação em 30 minutos
2026-04-29 11:22:55,267 [WARNING] 🚨 ALERTA: Akad lança seguro cibernético com contratação em 30 minutos
https://redir.folha.com.br/redir/online/mercado/rss091/*https://www1.folha.uol.com.br/colunas/painelsa/2026/04/akad-lanca-seguro-cibernetico-com-contratacao-em-30-minutos.shtml
2026-04-29 11:22:56,199 [INFO] ✦ NOVA [empresas|score:13] Dona Maria da Penha, a senhora é a razão
2026-04-29 11:22:56,199 [WARNING] 🚨 ALERTA: Dona Maria da Penha, a senhora é a razão
https://redir.folha.com.br/redir/online/mercado/rss091/*https://www1.folha.uol.com.br/colunas/lorena-hakak/2026/04/dona-maria-da-penha-a-senhora-e-a-razao.shtml
2026-04-29 11:22:57,463 [INFO] ✦ NOVA [economia_brasil|score:22] Inflação dos alimentos acelera e pressiona IPCA-15 com oferta menor e 
2026-04-29 11:22:57,463 [WARNING] 🚨 ALERTA: Inflação dos alimentos acelera e pressiona IPCA-15 com oferta menor e frete mais caro
https://redir.folha.com.br/redir/online/mercado/rss091/*https://www1.folha.uol.com.br/mercado/2026/04/inflacao-dos-alimentos-acelera-e-pressiona-ipca-15-com-oferta-menor-e-frete-mais-caro.shtml
2026-04-29 16:52:14,141 [INFO] Banco inicializado: banco.db
2026-04-29 16:52:14,143 [INFO] Modo: ciclo único
2026-04-29 16:52:14,146 [INFO] ────────────────────────────────────────────────────────────
2026-04-29 16:52:14,147 [INFO] Ciclo iniciado: 29/04/2026 16:52:14 | 21 fontes
2026-04-29 16:52:17,103 [INFO] ✦ NOVA [bolsas|score:6] Flávio aciona TSE para barrar fala de Lula sobre escala 6×1 no 1º de M
2026-04-29 16:52:17,767 [INFO] ✦ NOVA [bolsas|score:21] Petróleo brent salta 6% e vai a US$ 118 com maior tensão EUA-Irã após 
2026-04-29 16:52:17,768 [WARNING] 🚨 ALERTA: Petróleo brent salta 6% e vai a US$ 118 com maior tensão EUA-Irã após fala de Trump
https://www.infomoney.com.br/mercados/petroleo-abertura-fechamento-ira-eua-29042026/
2026-04-29 16:52:19,573 [INFO] ✦ NOVA [empresas|score:6] Marinho estima impacto de R$4,5 bi no FGTS com programa de renegociaçã
2026-04-29 16:52:20,257 [INFO] ✦ NOVA [tecnologia|score:6] Zema defende que indicação ao STF se dê por lista tríplice de STJ, OAB
2026-04-29 16:52:20,980 [INFO] ✦ NOVA [bancos_centrais|score:12] Meu compromisso é com a Constituição, não com o governo transitório, d
2026-04-29 16:52:20,981 [WARNING] 🚨 ALERTA: Meu compromisso é com a Constituição, não com o governo transitório, diz Messias
https://www.infomoney.com.br/politica/meu-compromisso-e-com-a-constituicao-nao-com-o-governo-transitorio-diz-messias/
2026-04-29 16:52:22,242 [INFO] ✦ NOVA [economia_brasil|score:18] Lula abre crédito extraordinário de R$ 5 bi para atender o Brasil Sobe
2026-04-29 16:52:22,243 [WARNING] 🚨 ALERTA: Lula abre crédito extraordinário de R$ 5 bi para atender o Brasil Soberano
https://www.infomoney.com.br/politica/lula-abre-credito-extraordinario-de-r-5-bi-para-atender-o-brasil-soberano/
2026-04-29 16:52:23,172 [INFO] ✦ NOVA [bolsas|score:11] Messias nega a Flávio Bolsonaro que AGU tenha excluído manifestação li
2026-04-29 16:52:23,173 [WARNING] 🚨 ALERTA: Messias nega a Flávio Bolsonaro que AGU tenha excluído manifestação ligada a Lulinha
https://www.infomoney.com.br/politica/messias-nega-a-flavio-bolsonaro-que-agu-tenha-excluido-manifestacao-ligada-a-lulinha/
2026-04-29 16:52:27,695 [INFO] ✦ NOVA [bolsas|score:24] Ibovespa Hoje Ao Vivo: Bolsa cai com Fed, petróleo, exterior e VALE3
2026-04-29 16:52:27,695 [WARNING] 🚨 ALERTA: Ibovespa Hoje Ao Vivo: Bolsa cai com Fed, petróleo, exterior e VALE3
https://www.infomoney.com.br/mercados/ibovespa-hoje-bolsa-de-valores-ao-vivo-29042026/
2026-04-29 16:52:28,689 [INFO] ✦ NOVA [economia_brasil|score:15] Dólar hoje acelera ganhos e supera R$ 5 após decisão do Fed
2026-04-29 16:52:28,690 [WARNING] 🚨 ALERTA: Dólar hoje acelera ganhos e supera R$ 5 após decisão do Fed
https://www.infomoney.com.br/mercados/dolar-hoje-abertura-fechamento-comercial-turismo-29042026/
2026-04-29 16:52:41,511 [INFO] ✦ NOVA [tecnologia|score:16] Em depoimento, Elon Musk diz que foi “tolo” por ter financiado a OpenA
2026-04-29 16:52:41,511 [WARNING] 🚨 ALERTA: Em depoimento, Elon Musk diz que foi “tolo” por ter financiado a OpenAI
https://www.infomoney.com.br/mercados/musk-diz-que-sam-altman-nao-foi-honesto-sobre-missao-sem-fins-lucrativos-da-openai/
2026-04-29 16:52:42,477 [INFO] ✦ NOVA [commodities|score:14] Opep+ deve aumentar produção de petróleo mesmo sem os Emirados Árabes,
2026-04-29 16:52:42,477 [WARNING] 🚨 ALERTA: Opep+ deve aumentar produção de petróleo mesmo sem os Emirados Árabes, dizem fontes
https://www.infomoney.com.br/mercados/opep-deve-aumentar-producao-de-petroleo-mesmo-sem-os-emirados-arabes-dizem-fontes/
2026-04-29 16:52:43,395 [INFO] ✦ NOVA [empresas|score:24] Ibovespa intensifica queda para cerca de 2% após decisão do Fed e com 
2026-04-29 16:52:43,396 [WARNING] 🚨 ALERTA: Ibovespa intensifica queda para cerca de 2% após decisão do Fed e com impasse EUA-Irã
https://www.infomoney.com.br/mercados/impasse-eua-ira-decepcao-com-vale-e-super-4a-por-que-ibovespa-cai-1-nesta-sessao/
2026-04-29 16:52:44,334 [INFO] ✦ NOVA [economia_global|score:22] Powell diz que se preocupa com ataques ao Fed e, por isso, permanecerá
2026-04-29 16:52:44,334 [WARNING] 🚨 ALERTA: Powell diz que se preocupa com ataques ao Fed e, por isso, permanecerá como diretor
https://www.infomoney.com.br/mercados/fed-powell-discurso-fomc-2904/
2026-04-29 16:52:45,482 [INFO] ✦ NOVA [tecnologia|score:16] Publicidade digital no Brasil cresce 12,7% e soma R$ 42,7 bi em 2025
2026-04-29 16:52:45,482 [WARNING] 🚨 ALERTA: Publicidade digital no Brasil cresce 12,7% e soma R$ 42,7 bi em 2025
https://www.infomoney.com.br/consumo/publicidade-digital-no-brasil-cresce-127-e-soma-r-427-bi-em-2025/
2026-04-29 16:52:46,703 [INFO] ✦ NOVA [empresas|score:18] BBI: O que está fazendo as ações da Suzano caírem desde o fim de fever
2026-04-29 16:52:46,703 [WARNING] 🚨 ALERTA: BBI: O que está fazendo as ações da Suzano caírem desde o fim de fevereiro?
https://www.infomoney.com.br/mercados/bbi-o-que-esta-fazendo-as-acoes-da-suzano-cairem-desde-o-fim-de-fevereiro/
2026-04-29 16:52:47,917 [INFO] ✦ NOVA [bolsas|score:6] OPINIÃO. Plataformas querem vender tudo e se responsabilizar por nada
2026-04-29 16:52:48,072 [INFO] ✦ NOVA [empresas|score:10] O novo economista-chefe do Itaú. (No BC, seu antigo cargo continua vag
2026-04-29 16:52:48,073 [WARNING] 🚨 ALERTA: O novo economista-chefe do Itaú. (No BC, seu antigo cargo continua vago)
https://braziljournal.com/o-novo-economista-chefe-do-itau-no-bc-seu-antigo-cargo-continua-vago/
2026-04-29 16:52:48,582 [INFO] ✦ NOVA [empresas|score:6] Lucro do Santander fica abaixo do consenso; ROE cai para 16%
2026-04-29 16:52:48,751 [INFO] ✦ NOVA [commodities|score:14] Fim de ‘dobradinha’ na ANP preocupa o mercado
2026-04-29 16:52:48,752 [WARNING] 🚨 ALERTA: Fim de ‘dobradinha’ na ANP preocupa o mercado
https://braziljournal.com/fim-de-dobradinha-na-anp-preocupa-o-mercado/
2026-04-29 16:52:50,456 [INFO] ✦ NOVA [economia_brasil|score:20] Powell vê juros próximos do neutro e encerra ciclo com Fed cauteloso e
2026-04-29 16:52:50,456 [WARNING] 🚨 ALERTA: Powell vê juros próximos do neutro e encerra ciclo com Fed cauteloso e inflação ainda fora do alvo
https://www.moneytimes.com.br/powell-ve-juros-proximos-do-neutro-e-encerra-ciclo-com-fed-cauteloso-e-inflacao-ainda-fora-do-alvo-jcav/
2026-04-29 16:52:50,924 [INFO] ✦ NOVA [empresas|score:17] Com ou sem Neymar e Endrick, completar o álbum da Copa de 2026 vai cus
2026-04-29 16:52:50,925 [WARNING] 🚨 ALERTA: Com ou sem Neymar e Endrick, completar o álbum da Copa de 2026 vai custar quase um salário-mínimo (isso sem nenhuma figurinha repetida); veja como preparar o bolso
https://www.moneytimes.com.br/com-ou-sem-neymar-e-endrick-completar-o-album-da-copa-de-2026-vai-custar-quase-um-salario-minimo-isso-sem-nenhuma-figurinha-repetida-veja-como-preparar-o-bolso-mlem/
2026-04-29 16:52:51,348 [INFO] ✦ NOVA [empresas|score:17] Governo deve apresentar na segunda-feira pacote de medidas contra endi
2026-04-29 16:52:51,348 [WARNING] 🚨 ALERTA: Governo deve apresentar na segunda-feira pacote de medidas contra endividamento
https://www.moneytimes.com.br/governo-deve-apresentar-na-segunda-feira-pacote-de-medidas-contra-endividamento-vtra/
2026-04-29 16:52:54,897 [INFO] ✦ NOVA [economia_brasil|score:25] Ouro recua 1% com manutenção de juros pelo Fed e negociações travadas 
2026-04-29 16:52:54,899 [WARNING] 🚨 ALERTA: Ouro recua 1% com manutenção de juros pelo Fed e negociações travadas no Oriente Médio
https://www.moneytimes.com.br/ouro-29-4-26-apsa/
2026-04-29 16:52:55,323 [INFO] ✦ NOVA [economia_brasil|score:25] Aldo Rebelo promete ‘emendão’ para tirar poderes do STF e órgãos públi
2026-04-29 16:52:55,323 [WARNING] 🚨 ALERTA: Aldo Rebelo promete ‘emendão’ para tirar poderes do STF e órgãos públicos que ‘imobilizam o país’
https://www.moneytimes.com.br/aldo-rebelo-promete-emendao-para-tirar-poderes-do-stf-e-orgaos-publicos-que-imobilizam-o-pais/
2026-04-29 16:52:55,750 [INFO] ✦ NOVA [economia_brasil|score:17] Faturamento das bets soma R$ 2,2 bilhões em janeiro e avança 44% em um
2026-04-29 16:52:55,751 [WARNING] 🚨 ALERTA: Faturamento das bets soma R$ 2,2 bilhões em janeiro e avança 44% em um ano, aponta FecomercioSP
https://www.moneytimes.com.br/faturamento-das-bets-soma-r-22-bilhoes-em-janeiro-e-avanca-44-em-um-ano-aponta-fecomerciosp-igdl/
2026-04-29 16:52:56,169 [INFO] ✦ NOVA [economia_brasil|score:22] Governo tem pior déficit primário para março em 30 anos com mudança em
2026-04-29 16:52:56,169 [WARNING] 🚨 ALERTA: Governo tem pior déficit primário para março em 30 anos com mudança em pagamento de precatórios
https://www.moneytimes.com.br/governo-tem-pior-deficit-primario-para-marco-em-30-anos-com-mudanca-em-pagamento-de-precatorios-jcav/
2026-04-29 16:52:56,916 [INFO] ✦ NOVA [empresas|score:17] Mercado brasileiro abre 228 mil postos de trabalho em março, acima das
2026-04-29 16:52:56,917 [WARNING] 🚨 ALERTA: Mercado brasileiro abre 228 mil postos de trabalho em março, acima das expectativas
https://www.moneytimes.com.br/mercado-brasileiro-abre-228-mil-postos-de-trabalho-em-marco-acima-das-expectativas-jcav/
2026-04-29 16:52:57,424 [INFO] ✦ NOVA [empresas|score:17] Esta ação é compra para a XP e pode subir até 100% na bolsa; saiba o p
2026-04-29 16:52:57,424 [WARNING] 🚨 ALERTA: Esta ação é compra para a XP e pode subir até 100% na bolsa; saiba o porquê
https://www.moneytimes.com.br/esta-acao-e-compra-para-a-xp-e-pode-subir-ate-100-na-bolsa-saiba-o-porque-igdl/
2026-04-29 16:52:57,880 [INFO] ✦ NOVA [economia_brasil|score:22] BTG faz alerta sobre FIIs e aponta segmento mais seguro para 2026
2026-04-29 16:52:57,880 [WARNING] 🚨 ALERTA: BTG faz alerta sobre FIIs e aponta segmento mais seguro para 2026
https://www.moneytimes.com.br/btg-faz-alerta-sobre-fiis-e-aponta-os-fundos-mais-seguros-para-2026-ceci/
2026-04-29 16:52:59,463 [INFO] ✦ NOVA [bancos_centrais|score:10] Fed mantém juros dos EUA entre 3,50% a 3,75% ao ano
2026-04-29 16:52:59,463 [WARNING] 🚨 ALERTA: Fed mantém juros dos EUA entre 3,50% a 3,75% ao ano
https://www.suno.com.br/noticias/fed-mantem-juros-eua-3-50-3-75-go/
2026-04-29 16:52:59,950 [INFO] ✦ NOVA [commodities|score:13] Estoques de petróleo nos EUA despencam e surpreendem mercado
2026-04-29 16:52:59,950 [WARNING] 🚨 ALERTA: Estoques de petróleo nos EUA despencam e surpreendem mercado
https://www.suno.com.br/noticias/estoques-petroleo-eua-queda-surpresa-mtae/
2026-04-29 16:53:00,528 [INFO] ✦ NOVA [empresas|score:6] WEG (WEGE3) entrega lucro bilionário, mas queda de receita acende aler
2026-04-29 16:53:02,573 [INFO] ✦ NOVA [empresas|score:13] Itaú BBA eleva recomendação de Bradsaúde e ajusta preço-alvo
2026-04-29 16:53:02,573 [WARNING] 🚨 ALERTA: Itaú BBA eleva recomendação de Bradsaúde e ajusta preço-alvo
https://einvestidor.estadao.com.br/ultimas/itau-bba-recomendacao-outperform-compra-bradsaude-preco-alvo-19/
2026-04-29 16:53:03,603 [INFO] ✦ NOVA [commodities|score:6] 5 dicas de ouro para idosos fazerem compras e evitarem problemas nas f
2026-04-29 16:53:03,696 [INFO] ✦ NOVA [empresas|score:13] Banco do Brasil: por que BBAS3 cai mais de 2% hoje na Bolsa? Veja o im
2026-04-29 16:53:03,696 [WARNING] 🚨 ALERTA: Banco do Brasil: por que BBAS3 cai mais de 2% hoje na Bolsa? Veja o impacto sobre BBSE3
https://einvestidor.estadao.com.br/mercado/bbas3-cai-2-rebaixamento-goldman-bbse3-impacto/
2026-04-29 16:53:04,119 [INFO] ✦ NOVA [empresas|score:21] Bolsas da Europa fecham em queda com tensão no Oriente Médio e expecta
2026-04-29 16:53:04,119 [WARNING] 🚨 ALERTA: Bolsas da Europa fecham em queda com tensão no Oriente Médio e expectativa pelo Fed
https://einvestidor.estadao.com.br/ultimas/bolsas-europeias-fecham-queda-tensao-eua-ira-balancos-oriente-medio/
2026-04-29 16:53:04,545 [INFO] ✦ NOVA [empresas|score:6] Minha Casa, Minha Vida: ganho R$ 5 mil, qual casa consigo comprar?
2026-04-29 16:53:07,493 [INFO] ✦ NOVA [tecnologia|score:16] A IA muda o conceito de especialista. Seu time está pronto para atuar 
2026-04-29 16:53:07,494 [WARNING] 🚨 ALERTA: A IA muda o conceito de especialista. Seu time está pronto para atuar como diretor de IA?
https://exame.com/inteligencia-artificial/a-ia-muda-o-conceito-de-especialista-seu-time-esta-pronto-para-atuar-como-diretor-de-ia/
2026-04-29 16:53:10,596 [INFO] ✦ NOVA [tecnologia|score:13] Novo Desenrola terá renegociação de dívidas para pequenas e médias emp
2026-04-29 16:53:10,596 [WARNING] 🚨 ALERTA: Novo Desenrola terá renegociação de dívidas para pequenas e médias empresas
https://exame.com/brasil/novo-desenrola-tera-renegociacao-de-dividas-para-pequenas-e-medias-empresas/
2026-04-29 16:53:21,781 [INFO] ✦ NOVA [bancos_centrais|score:24] Powell diz que independência do Fed está sob risco
2026-04-29 16:53:21,781 [WARNING] 🚨 ALERTA: Powell diz que independência do Fed está sob risco
https://exame.com/invest/mercados/powell-diz-que-independencia-do-fed-esta-sob-risco/
2026-04-29 16:53:24,105 [INFO] ✦ NOVA [bolsas|score:24] Ibovespa amplia queda e cai quase 2%; dólar vira para alta
2026-04-29 16:53:24,106 [WARNING] 🚨 ALERTA: Ibovespa amplia queda e cai quase 2%; dólar vira para alta
https://exame.com/invest/mercados/ibovespa-amplia-queda-e-cai-quase-2-dolar-vira-para-alta/
2026-04-29 16:53:26,833 [INFO] ✦ NOVA [bancos_centrais|score:12] O Diabo Veste Renner: marca lança linha de roupas inspiradas no filme
2026-04-29 16:53:26,833 [WARNING] 🚨 ALERTA: O Diabo Veste Renner: marca lança linha de roupas inspiradas no filme
https://exame.com/casual/o-diabo-veste-renner-marca-lanca-linha-de-roupas-inspiradas-no-filme/
2026-04-29 16:53:29,424 [INFO] ✦ NOVA [economia_brasil|score:12] Shakira no Rio: pós-show contará com apresentações de Papatinho e Melo
2026-04-29 16:53:29,424 [WARNING] 🚨 ALERTA: Shakira no Rio: pós-show contará com apresentações de Papatinho e Melody
https://exame.com/pop/shakira-no-rio-pos-show-contara-com-apresentacoes-de-papatinho-e-melody/
2026-04-29 16:53:32,019 [INFO] ✦ NOVA [empresas|score:15] Netflix divulga primeiras imagens de novo thriller com Robert De Niro
2026-04-29 16:53:32,019 [WARNING] 🚨 ALERTA: Netflix divulga primeiras imagens de novo thriller com Robert De Niro
https://exame.com/pop/netflix-divulga-primeiras-imagens-de-novo-thriller-com-robert-de-niro/
2026-04-29 16:53:34,627 [INFO] ✦ NOVA [economia_global|score:20] Aprovação de Trump cai a 34% e atinge nível mais baixo neste mandato
2026-04-29 16:53:34,627 [WARNING] 🚨 ALERTA: Aprovação de Trump cai a 34% e atinge nível mais baixo neste mandato
https://exame.com/mundo/aprovacao-de-trump-cai-a-34-nivel-mais-baixo-neste-mandato/
2026-04-29 16:53:37,000 [INFO] ✦ NOVA [tecnologia|score:13] Novo Desenrola: Governo deve liberar R$ 4,5 bi do FGTS para pagamento 
2026-04-29 16:53:37,000 [WARNING] 🚨 ALERTA: Novo Desenrola: Governo deve liberar R$ 4,5 bi do FGTS para pagamento de dívidas
https://exame.com/brasil/novo-desenrola-governo-deve-liberar-r-45-bi-do-fgts-para-pagamento-de-dividas/
2026-04-29 16:53:39,450 [INFO] ✦ NOVA [tecnologia|score:18] O que o novo código de nutricionistas define sobre uso de IA e redes s
2026-04-29 16:53:39,450 [WARNING] 🚨 ALERTA: O que o novo código de nutricionistas define sobre uso de IA e redes sociais
https://exame.com/brasil/o-que-o-novo-codigo-de-nutricionistas-define-sobre-uso-de-ia-e-redes-sociais/
2026-04-29 16:53:42,154 [INFO] ✦ NOVA [tecnologia|score:18] Com 305 mil ligações por minuto, estudo propõe fim do telemarketing se
2026-04-29 16:53:42,154 [WARNING] 🚨 ALERTA: Com 305 mil ligações por minuto, estudo propõe fim do telemarketing sem autorização
https://exame.com/brasil/com-305-mil-ligacoes-por-minuto-estudo-propoe-fim-do-telemarketing-sem-autorizacao/
2026-04-29 16:53:44,632 [INFO] ✦ NOVA [tecnologia|score:15] Do Pikachu a ursinhos: lavanderia dá nova vida a bichinhos de pelúcia 
2026-04-29 16:53:44,632 [WARNING] 🚨 ALERTA: Do Pikachu a ursinhos: lavanderia dá nova vida a bichinhos de pelúcia e atrai clientes do mundo todo
https://exame.com/pop/do-pikachu-a-ursinhos-lavanderia-da-nova-vida-a-bichinhos-de-pelucia-e-atrai-clientes-do-mundo-todo/
2026-04-29 16:53:47,026 [INFO] ✦ NOVA [economia_global|score:27] 'Maldição'? Bitcoin pode enfrentar 'meses' de queda com posse de novo 
2026-04-29 16:53:47,026 [WARNING] 🚨 ALERTA: 'Maldição'? Bitcoin pode enfrentar 'meses' de queda com posse de novo presidente do Fed
https://exame.com/future-of-money/maldicao-bitcoin-pode-enfrentar-meses-de-queda-com-posse-de-novo-presidente-do-fed/
2026-04-29 16:53:49,362 [INFO] ✦ NOVA [tecnologia|score:17] Fim do 6x1: relator deve propor transição gradual e flexibilização das
2026-04-29 16:53:49,362 [WARNING] 🚨 ALERTA: Fim do 6x1: relator deve propor transição gradual e flexibilização das regras
https://exame.com/brasil/fim-do-6x1-relator-deve-propor-transicao-gradual-e-flexibilizacao-das-regras/
2026-04-29 16:53:49,799 [INFO] ✦ NOVA [economia_global|score:24] Reunião do Fed tem maior 'racha' entre membros em mais de 30 anos
2026-04-29 16:53:49,799 [WARNING] 🚨 ALERTA: Reunião do Fed tem maior 'racha' entre membros em mais de 30 anos
https://exame.com/invest/mercados/reuniao-do-fed-tem-maior-racha-entre-membros-em-mais-de-30-anos/
2026-04-29 16:53:52,268 [INFO] ✦ NOVA [tecnologia|score:15] Uber diz que IA reduziu pela metade tempo de lançamento de novos produ
2026-04-29 16:53:52,268 [WARNING] 🚨 ALERTA: Uber diz que IA reduziu pela metade tempo de lançamento de novos produtos
https://exame.com/tecnologia/uber-diz-que-ia-reduziu-pela-metade-tempo-de-lancamento-de-novos-produtos/
2026-04-29 16:53:54,783 [INFO] ✦ NOVA [tecnologia|score:16] Uber entra no ramo de hotéis e amplia aposta em virar plataforma de vi
2026-04-29 16:53:54,783 [WARNING] 🚨 ALERTA: Uber entra no ramo de hotéis e amplia aposta em virar plataforma de viagens
https://exame.com/tecnologia/uber-entra-no-ramo-de-hoteis-e-amplia-aposta-em-virar-plataforma-de-viagens/
2026-04-29 16:53:57,132 [INFO] ✦ NOVA [tecnologia|score:9] YouTube TV lança tela dividida para até 4 canais e amplia opções de co
2026-04-29 16:53:57,133 [WARNING] 🚨 ALERTA: YouTube TV lança tela dividida para até 4 canais e amplia opções de conteúdo
https://exame.com/tecnologia/youtube-tv-lanca-tela-dividida-para-ate-4-canais-e-amplia-opcoes-de-conteudo/
2026-04-29 16:53:59,751 [INFO] ✦ NOVA [tecnologia|score:21] Antes que a IA transforme seu negócio, ela testa a sua cultura
2026-04-29 16:53:59,752 [WARNING] 🚨 ALERTA: Antes que a IA transforme seu negócio, ela testa a sua cultura
https://exame.com/negocios/ia-transforme-negocio-cultura/
2026-04-29 16:54:02,311 [INFO] ✦ NOVA [economia_global|score:21] Floripa Airport bate recorde e se consolida como top 3 de passageiros 
2026-04-29 16:54:02,311 [WARNING] 🚨 ALERTA: Floripa Airport bate recorde e se consolida como top 3 de passageiros estrangeiros
https://exame.com/negocios/floripa-airport-bate-recorde-e-se-consolida-como-top-3-de-estrangeiros/
2026-04-29 16:54:02,790 [INFO] ✦ NOVA [tecnologia|score:13] OpenAI se mobiliza para conter interesse espontâneo do ChatGPT por gob
2026-04-29 16:54:02,790 [WARNING] 🚨 ALERTA: OpenAI se mobiliza para conter interesse espontâneo do ChatGPT por goblins e gremlins
https://exame.com/inteligencia-artificial/openai-se-mobiliza-para-conter-interesse-espontaneo-do-chatgpt-por-goblins-e-gremlins/
2026-04-29 16:54:03,215 [INFO] ✦ NOVA [empresas|score:24] Ele foi garimpeiro e hoje fatura R$ 43 bilhões com o terceiro maior su
2026-04-29 16:54:03,217 [WARNING] 🚨 ALERTA: Ele foi garimpeiro e hoje fatura R$ 43 bilhões com o terceiro maior supermercado do Brasil
https://exame.com/negocios/ele-foi-garimpeiro-e-hoje-fatura-r-43-bilhoes-com-o-terceiro-maior-supermercado-do-brasil/
2026-04-29 16:54:04,927 [INFO] ✦ NOVA [tecnologia|score:13] Uso do FGTS em novo Desenrola custará R$ 4,5 bi nos próximos 3 meses, 
2026-04-29 16:54:04,927 [WARNING] 🚨 ALERTA: Uso do FGTS em novo Desenrola custará R$ 4,5 bi nos próximos 3 meses, diz ministro
https://redir.folha.com.br/redir/online/mercado/rss091/*https://www1.folha.uol.com.br/mercado/2026/04/uso-do-fgts-em-novo-desenrola-custara-r-45-bi-nos-proximos-3-meses-diz-ministro.shtml
2026-04-29 16:54:05,830 [INFO] ✦ NOVA [tecnologia|score:16] Elon Musk acusa Altman de 'roubar instituição de caridade' em julgamen
2026-04-29 16:54:05,831 [WARNING] 🚨 ALERTA: Elon Musk acusa Altman de 'roubar instituição de caridade' em julgamento da OpenAI
https://redir.folha.com.br/redir/online/mercado/rss091/*https://www1.folha.uol.com.br/mercado/2026/04/elon-musk-acusa-altman-de-roubar-instituicao-de-caridade-em-julgamento-da-openai.shtml
2026-04-29 16:54:06,680 [INFO] ✦ NOVA [tecnologia|score:13] Serviço de 'spa para pelúcias' faz empresa de limpeza viralizar no Jap
2026-04-29 16:54:06,681 [WARNING] 🚨 ALERTA: Serviço de 'spa para pelúcias' faz empresa de limpeza viralizar no Japão
https://redir.folha.com.br/redir/online/mercado/rss091/*https://www1.folha.uol.com.br/mercado/2026/04/servico-de-spa-para-pelucias-faz-empresa-de-limpeza-viralizar-no-japao.shtml
2026-04-29 16:54:07,534 [INFO] ✦ NOVA [empresas|score:16] Empresas nos EUA mandam funcionários guardarem celular em bolsas lacra
2026-04-29 16:54:07,535 [WARNING] 🚨 ALERTA: Empresas nos EUA mandam funcionários guardarem celular em bolsas lacradas durante trabalho
https://redir.folha.com.br/redir/online/mercado/rss091/*https://www1.folha.uol.com.br/mercado/2026/04/empresas-nos-eua-mandam-funcionarios-guardarem-celular-em-bolsas-lacradas-durante-trabalho.shtml
2026-04-29 16:54:08,383 [INFO] ✦ NOVA [tecnologia|score:13] Goldman Sachs proíbe uso de IA da Anthropic em Hong Kong, diz jornal
2026-04-29 16:54:08,384 [WARNING] 🚨 ALERTA: Goldman Sachs proíbe uso de IA da Anthropic em Hong Kong, diz jornal
https://redir.folha.com.br/redir/online/mercado/rss091/*https://www1.folha.uol.com.br/mercado/2026/04/goldman-sachs-proibe-uso-de-ia-da-anthropic-em-hong-kong-diz-jornal.shtml
2026-04-29 16:54:09,269 [INFO] ✦ NOVA [economia_brasil|score:25] Governo registra pior déficit primário para março em quase 30 anos
2026-04-29 16:54:09,269 [WARNING] 🚨 ALERTA: Governo registra pior déficit primário para março em quase 30 anos
https://redir.folha.com.br/redir/online/mercado/rss091/*https://www1.folha.uol.com.br/mercado/2026/04/governo-registra-pior-deficit-primario-para-marco-em-quase-30-anos.shtml
2026-04-29 16:54:10,158 [INFO] ✦ NOVA [tecnologia|score:20] Cobli obtém R$ 53 milhões do BNDES para plataforma de IA e monitoramen
2026-04-29 16:54:10,158 [WARNING] 🚨 ALERTA: Cobli obtém R$ 53 milhões do BNDES para plataforma de IA e monitoramento de frota
https://redir.folha.com.br/redir/online/mercado/rss091/*https://www1.folha.uol.com.br/colunas/painelsa/2026/04/cobli-obtem-r-53-milhoes-do-bndes-para-plataforma-de-ia-e-monitoramento-de-frota.shtml
2026-04-29 16:54:11,365 [INFO] ✦ NOVA [tecnologia|score:16] Venda de máquinas agrícolas cai 16,4% no primeiro trimestre
2026-04-29 16:54:11,365 [WARNING] 🚨 ALERTA: Venda de máquinas agrícolas cai 16,4% no primeiro trimestre
https://redir.folha.com.br/redir/online/mercado/rss091/*https://www1.folha.uol.com.br/mercado/2026/04/venda-de-maquinas-agricolas-cai-164-no-primeiro-trimestre.shtml
2026-04-29 16:54:20,406 [INFO] ✦ NOVA [economia_global|score:21] Fed mantém juros nos EUA entre 3,5% e 3,75%, e alerta para alta da inf
2026-04-29 16:54:20,407 [WARNING] 🚨 ALERTA: Fed mantém juros nos EUA entre 3,5% e 3,75%, e alerta para alta da inflação e efeitos da guerra com Irã
https://redir.folha.com.br/redir/online/mercado/rss091/*https://www1.folha.uol.com.br/mercado/2026/04/fed-mantem-juros-nos-eua-entre-35-e-375-na-despedida-de-powell-como-presidente.shtml
2026-04-29 16:54:21,265 [INFO] ✦ NOVA [economia_brasil|score:16] Brasil abre 228 mil vagas formais em março, segundo Caged
2026-04-29 16:54:21,265 [WARNING] 🚨 ALERTA: Brasil abre 228 mil vagas formais em março, segundo Caged
https://redir.folha.com.br/redir/online/mercado/rss091/*https://www1.folha.uol.com.br/mercado/2026/04/brasil-abre-228-mil-vagas-formais-em-marco-segundo-caged.shtml
2026-04-29 16:54:22,068 [INFO] ✦ NOVA [empresas|score:18] CVLB Brasil, dona da Casa & Video, ajuíza pedido de recuperação judici
2026-04-29 16:54:22,068 [WARNING] 🚨 ALERTA: CVLB Brasil, dona da Casa & Video, ajuíza pedido de recuperação judicial
https://redir.folha.com.br/redir/online/mercado/rss091/*https://www1.folha.uol.com.br/mercado/2026/04/cvlb-brasil-dona-da-casa-video-ajuiza-pedido-de-recuperacao-judicial.shtml
2026-04-29 16:54:22,896 [INFO] ✦ NOVA [economia_brasil|score:21] Não há clima para IPOs, Compass é exceção, diz Warren Investimentos
2026-04-29 16:54:22,897 [WARNING] 🚨 ALERTA: Não há clima para IPOs, Compass é exceção, diz Warren Investimentos
https://redir.folha.com.br/redir/online/mercado/rss091/*https://www1.folha.uol.com.br/colunas/painelsa/2026/04/nao-ha-clima-para-ipos-compass-e-excecao-diz-warren-investimentos.shtml
2026-04-29 16:54:23,801 [INFO] ✦ NOVA [tecnologia|score:18] Exportadores de carne querem acesso a crédito bilionário devido à guer
2026-04-29 16:54:23,801 [WARNING] 🚨 ALERTA: Exportadores de carne querem acesso a crédito bilionário devido à guerra no Irã
https://redir.folha.com.br/redir/online/mercado/rss091/*https://www1.folha.uol.com.br/mercado/2026/04/exportadores-de-carne-querem-acesso-a-credito-bilionario-devido-a-guerra-no-ira.shtml
2026-04-29 16:54:27,920 [INFO] ✦ NOVA [empresas|score:13] Kone compra TK por R$ 169,4 bilhões e cria gigante de elevadores
2026-04-29 16:54:27,920 [WARNING] 🚨 ALERTA: Kone compra TK por R$ 169,4 bilhões e cria gigante de elevadores
https://redir.folha.com.br/redir/online/mercado/rss091/*https://www1.folha.uol.com.br/mercado/2026/04/kone-compra-tk-por-r-1694-bilhoes-e-cria-gigante-de-elevadores.shtml
2026-04-29 16:54:29,104 [INFO] ✦ NOVA [economia_brasil|score:18] Supermercados defendem contratação por hora para compensar fim da esca
2026-04-29 16:54:29,104 [WARNING] 🚨 ALERTA: Supermercados defendem contratação por hora para compensar fim da escala 6x1
https://redir.folha.com.br/redir/online/mercado/rss091/*https://www1.folha.uol.com.br/mercado/2026/04/supermercados-defendem-contratacao-por-hora-para-compensar-fim-da-escala6x1.shtml
2026-04-29 16:54:29,933 [INFO] ✦ NOVA [tecnologia|score:13] UE acusa Meta de permitir acesso de menores de 13 anos a Facebook e In
2026-04-29 16:54:29,933 [WARNING] 🚨 ALERTA: UE acusa Meta de permitir acesso de menores de 13 anos a Facebook e Instagram
https://redir.folha.com.br/redir/online/mercado/rss091/*https://www1.folha.uol.com.br/tec/2026/04/ue-acusa-meta-de-permitir-acesso-de-menores-de-13-anos-ao-facebook-e-instagram.shtml
2026-04-29 16:54:32,499 [INFO] ✦ NOVA [bancos_centrais|score:25] Dólar supera R$ 5 e Bolsa cai 2% após manutenção de juros nos EUA; mer
2026-04-29 16:54:32,500 [WARNING] 🚨 ALERTA: Dólar supera R$ 5 e Bolsa cai 2% após manutenção de juros nos EUA; mercado ainda aguarda Copom
https://redir.folha.com.br/redir/online/mercado/rss091/*https://www1.folha.uol.com.br/mercado/2026/04/dolar-abre-perto-da-estabilidade-nesta-sexta-a-espera-de-definicao-sobre-juros-no-brasil-e-eua.shtml
2026-04-29 16:54:33,345 [INFO] ✦ NOVA [bolsas|score:24] Preço do petróleo sobe mais de 6% e é o maior em três semanas após nov
2026-04-29 16:54:33,346 [WARNING] 🚨 ALERTA: Preço do petróleo sobe mais de 6% e é o maior em três semanas após novas ameaças de Trump ao Irã
https://redir.folha.com.br/redir/online/mercado/rss091/*https://www1.folha.uol.com.br/mercado/2026/04/preco-do-petroleo-sobe-mais-de-3-e-e-o-maior-em-tres-semanas-apos-novas-ameacas-de-trump-ao-ira.shtml
2026-04-29 16:54:35,215 [INFO] ✦ NOVA [tecnologia|score:21] Entenda por que a China proibiu a Meta de comprar a startup de IA Manu
2026-04-29 16:54:35,215 [WARNING] 🚨 ALERTA: Entenda por que a China proibiu a Meta de comprar a startup de IA Manus
https://redir.folha.com.br/redir/online/mercado/rss091/*https://www1.folha.uol.com.br/tec/2026/04/entenda-porque-a-china-proibiu-a-meta-de-comprar-a-startup-de-ia-manus.shtml
2026-04-29 16:54:36,020 [INFO] ✦ NOVA [empresas|score:22] Desenrola 2.0 vem em boa hora, diz CEO do Santander, em meio à alta do
2026-04-29 16:54:36,020 [WARNING] 🚨 ALERTA: Desenrola 2.0 vem em boa hora, diz CEO do Santander, em meio à alta do endividamento
https://redir.folha.com.br/redir/online/mercado/rss091/*https://www1.folha.uol.com.br/mercado/2026/04/lucro-do-santander-tem-leve-queda-para-r-3788-bilhoes-no-1o-tri.shtml
2026-04-29 16:54:54,003 [INFO] ✦ NOVA [tecnologia|score:9] Elétricas brasileiras intensificam uso de IA e projetam ganhos de cent
2026-04-29 16:54:54,004 [WARNING] 🚨 ALERTA: Elétricas brasileiras intensificam uso de IA e projetam ganhos de centena de milhões
https://redir.folha.com.br/redir/online/mercado/rss091/*https://aovivo.folha.uol.com.br/mercado/2026/04/01/6443-dolar-empresas-e-bolsas-acompanhe-ao-vivo-o-mercado.shtml#post450576
2026-04-29 16:54:54,912 [INFO] ✦ NOVA [empresas|score:13] Empresas usam projetos sociais para resolver falta de mão de obra e fo
2026-04-29 16:54:54,913 [WARNING] 🚨 ALERTA: Empresas usam projetos sociais para resolver falta de mão de obra e fortalecer negócios, diz estudo
https://redir.folha.com.br/redir/online/mercado/rss091/*https://www1.folha.uol.com.br/mercado/2026/04/empresas-usam-projetos-sociais-para-resolver-falta-de-mao-de-obra-e-fortalecer-negocios-diz-estudo.shtml
2026-04-29 16:54:55,874 [INFO] ✦ NOVA [tecnologia|score:24] Banco Mundial prevê aumento de 24% nos preços da energia em 2026 devid
2026-04-29 16:54:55,874 [WARNING] 🚨 ALERTA: Banco Mundial prevê aumento de 24% nos preços da energia em 2026 devido à guerra
https://redir.folha.com.br/redir/online/mercado/rss091/*https://www1.folha.uol.com.br/mercado/2026/04/banco-mundial-preve-aumento-de-24-nos-precos-da-energia-em-2026-devido-a-guerra.shtml
2026-04-29 16:54:56,752 [INFO] ✦ NOVA [empresas|score:18] Kalshi e Polymarket saem do ar, e usuários ficam no escuro sobre depós
2026-04-29 16:54:56,752 [WARNING] 🚨 ALERTA: Kalshi e Polymarket saem do ar, e usuários ficam no escuro sobre depósitos já feitos
https://redir.folha.com.br/redir/online/mercado/rss091/*https://www1.folha.uol.com.br/mercado/2026/04/kalshi-e-polymarket-saem-do-ar-e-usuarios-ficam-no-escuro-sobre-depositos-ja-feitos.shtml
2026-04-29 16:54:57,648 [INFO] ✦ NOVA [tecnologia|score:21] Gasolina nos EUA salta 1,6% e tem maior preço em quatro anos
2026-04-29 16:54:57,648 [WARNING] 🚨 ALERTA: Gasolina nos EUA salta 1,6% e tem maior preço em quatro anos
https://redir.folha.com.br/redir/online/mercado/rss091/*https://www1.folha.uol.com.br/mercado/2026/04/gasolina-nos-eua-salta-16-e-tem-maior-preco-em-quatro-anos.shtml
2026-04-29 16:54:58,479 [INFO] ✦ NOVA [tecnologia|score:13] Davos cita robôs cirurgiões e aparelhos ligados ao cérebro entre 7 tec
2026-04-29 16:54:58,479 [WARNING] 🚨 ALERTA: Davos cita robôs cirurgiões e aparelhos ligados ao cérebro entre 7 tecnologias do futuro; veja lista
https://redir.folha.com.br/redir/online/mercado/rss091/*https://www1.folha.uol.com.br/tec/2026/04/davos-cita-robos-cirurgioes-e-aparelhos-ligados-ao-cerebro-entre-8-tecnologias-do-futuro-veja-lista.shtml
2026-04-30 11:03:56,230 [INFO] Banco inicializado: banco.db
2026-04-30 11:03:56,230 [INFO] Modo: ciclo único
2026-04-30 11:03:56,230 [INFO] ────────────────────────────────────────────────────────────
2026-04-30 11:03:56,230 [INFO] Ciclo iniciado: 30/04/2026 11:03:56 | 21 fontes
2026-04-30 11:03:58,269 [INFO] ✦ NOVA [economia_brasil|score:20] Copom neutro, hawkish ou dovish? Pesquisa da XP mostra divergência no 
2026-04-30 11:03:58,269 [WARNING] 🚨 ALERTA: Copom neutro, hawkish ou dovish? Pesquisa da XP mostra divergência no mercado
https://www.infomoney.com.br/economia/copom-selic-ata-projecoes-mercado/
2026-04-30 11:04:00,800 [INFO] ✦ NOVA [bolsas|score:28] Ibovespa Hoje Ao Vivo: Bolsa sobe e volta aos 186 mil pontos; VALE3 so
2026-04-30 11:04:00,800 [WARNING] 🚨 ALERTA: Ibovespa Hoje Ao Vivo: Bolsa sobe e volta aos 186 mil pontos; VALE3 sobe 2%
https://www.infomoney.com.br/mercados/ibovespa-hoje-bolsa-de-valores-ao-vivo-30042026/
2026-04-30 11:04:01,869 [INFO] ✦ NOVA [empresas|score:25] JPMorgan corta Azzas para neutra e vê cenário desafiador para varejo; 
2026-04-30 11:04:01,869 [WARNING] 🚨 ALERTA: JPMorgan corta Azzas para neutra e vê cenário desafiador para varejo; veja preferidas
https://www.infomoney.com.br/mercados/jpmorgan-corta-azzas-para-neutra-e-ve-cenario-desafiador-para-varejo-veja-preferidas/
2026-04-30 11:04:02,892 [INFO] ✦ NOVA [economia_brasil|score:22] Renda Fixa Hoje: confira as taxas de CDBs, LCIs e LCAs na XP com corte
2026-04-30 11:04:02,892 [WARNING] 🚨 ALERTA: Renda Fixa Hoje: confira as taxas de CDBs, LCIs e LCAs na XP com corte da Selic
https://www.infomoney.com.br/onde-investir/renda-fixa-hoje-30042026/
2026-04-30 11:04:03,916 [INFO] ✦ NOVA [economia_global|score:18] Pedidos semanais de auxílio-desemprego nos EUA diminuem
2026-04-30 11:04:03,916 [WARNING] 🚨 ALERTA: Pedidos semanais de auxílio-desemprego nos EUA diminuem
https://www.infomoney.com.br/economia/pedidos-semanais-de-auxilio-desemprego-nos-eua-diminuem/
2026-04-30 11:04:05,052 [INFO] ✦ NOVA [empresas|score:6] Michelle Bolsonaro celebra rejeição de Messias para o STF: Justiça de 
2026-04-30 11:04:05,870 [INFO] ✦ NOVA [commodities|score:24] Petróleo brent passa a cair forte após bater US$ 126 com preocupações 
2026-04-30 11:04:05,870 [WARNING] 🚨 ALERTA: Petróleo brent passa a cair forte após bater US$ 126 com preocupações sobre EUA e Irã
https://www.infomoney.com.br/mercados/petroleo-abertura-fechamento-ira-eua-30042026/
2026-04-30 11:04:06,878 [INFO] ✦ NOVA [bolsas|score:10] Embraer obtém certificação para Praetor 600E de reguladores de Brasil,
2026-04-30 11:04:06,878 [WARNING] 🚨 ALERTA: Embraer obtém certificação para Praetor 600E de reguladores de Brasil, EUA e Europa
https://www.infomoney.com.br/mercados/embraer-obtem-certificacao-para-praetor-600e-de-reguladores-de-brasil-eua-e-europa/
2026-04-30 11:04:07,950 [INFO] ✦ NOVA [bolsas|score:21] Minério de ferro avança em Dalian com dados de atividade industrial na
2026-04-30 11:04:07,950 [WARNING] 🚨 ALERTA: Minério de ferro avança em Dalian com dados de atividade industrial na China
https://www.infomoney.com.br/mercados/minerio-de-ferro-avanca-em-dalian-com-dados-de-atividade-industrial-na-china/
2026-04-30 11:04:20,662 [INFO] ✦ NOVA [empresas|score:13] HAPV3: BBI corta recomendação de Hapvida para neutra e elege preferida
2026-04-30 11:04:20,663 [WARNING] 🚨 ALERTA: HAPV3: BBI corta recomendação de Hapvida para neutra e elege preferidas no setor
https://www.infomoney.com.br/mercados/hapv3-bbi-corta-recomendacao-de-hapvida-para-neutra-e-elege-preferidas-no-setor/
2026-04-30 11:04:21,814 [INFO] ✦ NOVA [bolsas|score:16] S&P 500 e Nasdaq renovam força após Super Quarta; veja projeções do me
2026-04-30 11:04:21,814 [WARNING] 🚨 ALERTA: S&P 500 e Nasdaq renovam força após Super Quarta; veja projeções do mercado
https://www.infomoney.com.br/mercados/sp-500-e-nasdaq-renovam-forca-apos-super-quarta-veja-projecoes-do-mercado/
2026-04-30 11:04:23,035 [INFO] ✦ NOVA [economia_brasil|score:17] Dólar hoje recua e opera abaixo do patamar de R$ 5
2026-04-30 11:04:23,035 [WARNING] 🚨 ALERTA: Dólar hoje recua e opera abaixo do patamar de R$ 5
https://www.infomoney.com.br/mercados/dolar-hoje-abertura-fechamento-comercial-turismo-30042026/
2026-04-30 11:04:24,339 [INFO] ✦ NOVA [commodities|score:6] OPINIÃO. Os gargalos que sufocam o potencial do Brasil em minerais crí
2026-04-30 11:04:24,710 [INFO] ✦ NOVA [bolsas|score:11] Brasil adota “narrativa de confrontação perigosa” com os EUA
2026-04-30 11:04:24,710 [WARNING] 🚨 ALERTA: Brasil adota “narrativa de confrontação perigosa” com os EUA
https://braziljournal.com/brasil-adota-narrativa-de-confrontacao-perigosa-com-os-eua/
2026-04-30 11:04:25,223 [INFO] ✦ NOVA [empresas|score:6] Terras raras & nióbio: australiana adquire projeto em Minas Gerais
2026-04-30 11:04:26,566 [INFO] ✦ NOVA [empresas|score:27] Wall Street opera mista após balanços de big techs e moderação do petr
2026-04-30 11:04:26,566 [WARNING] 🚨 ALERTA: Wall Street opera mista após balanços de big techs e moderação do petróleo
https://www.moneytimes.com.br/wall-street-abertura-30-4-26-apsa/
2026-04-30 11:04:27,057 [INFO] ✦ NOVA [economia_brasil|score:27] Taxas do Tesouro Direto sobem após Copom e pagam até 13,89%
2026-04-30 11:04:27,057 [WARNING] 🚨 ALERTA: Taxas do Tesouro Direto sobem após Copom e pagam até 13,89%
https://www.moneytimes.com.br/taxas-do-tesouro-direto-sobem-apos-copom-e-pagam-ate-1389-jcav/
2026-04-30 11:04:27,492 [INFO] ✦ NOVA [empresas|score:27] Com rejeição a Messias ao STF, ‘Senado se apequenou’ e ‘virou Senadinh
2026-04-30 11:04:27,492 [WARNING] 🚨 ALERTA: Com rejeição a Messias ao STF, ‘Senado se apequenou’ e ‘virou Senadinho’, diz Luiz Marinho
https://www.moneytimes.com.br/com-rejeicao-a-messias-ao-stf-senado-se-apequenou-e-virou-senadinho-diz-luiz-marinho-gaep/
2026-04-30 11:04:27,945 [INFO] ✦ NOVA [economia_brasil|score:27] Ibovespa avança com corte na Selic; 5 coisas para saber antes de inves
2026-04-30 11:04:27,945 [WARNING] 🚨 ALERTA: Ibovespa avança com corte na Selic; 5 coisas para saber antes de investir hoje (30)
https://www.moneytimes.com.br/ibovespa-5-coisas-30-4-26-lils/
2026-04-30 11:04:28,368 [INFO] ✦ NOVA [economia_brasil|score:22] Tether propõe fusão com a ‘Bitcoin Treasury’ Twenty-One Capital (XXI)
2026-04-30 11:04:28,368 [WARNING] 🚨 ALERTA: Tether propõe fusão com a ‘Bitcoin Treasury’ Twenty-One Capital (XXI)
https://www.moneytimes.com.br/tether-propoe-fusao-com-a-bitcoin-treasury-twenty-one-capital-xxi-rens/
2026-04-30 11:04:28,936 [INFO] ✦ NOVA [economia_brasil|score:27] PIB dos EUA acelera para 2% no 1T26 e inflação ao consumidor ganha for
2026-04-30 11:04:28,936 [WARNING] 🚨 ALERTA: PIB dos EUA acelera para 2% no 1T26 e inflação ao consumidor ganha força
https://www.moneytimes.com.br/pib-dos-eua-acelera-para-20-no-1t26-e-inflacao-ao-consumidor-ganha-forca-jcav/
2026-04-30 11:04:32,558 [INFO] ✦ NOVA [empresas|score:27] Fundo imobiliário move ação de despejo contra locatária inadimplente e
2026-04-30 11:04:32,558 [WARNING] 🚨 ALERTA: Fundo imobiliário move ação de despejo contra locatária inadimplente e prevê impacto nos dividendos
https://www.moneytimes.com.br/fundo-imobiliario-move-acao-de-despejo-contra-locataria-inadimplente-e-ve-impacto-nos-dividendos-igdl/
2026-04-30 11:04:33,085 [INFO] ✦ NOVA [empresas|score:27] Setor público tem déficit primário de R$ 80,676 bilhões em março, afir
2026-04-30 11:04:33,085 [WARNING] 🚨 ALERTA: Setor público tem déficit primário de R$ 80,676 bilhões em março, afirma BC
https://www.moneytimes.com.br/setor-publico-tem-deficit-primario-de-r-80676-bilhoes-em-marco-afirma-bc/
2026-04-30 11:04:33,888 [INFO] ✦ NOVA [empresas|score:27] Embraer (EMBJ3) obtém certificação para Praetor 600E de reguladores de
2026-04-30 11:04:33,888 [WARNING] 🚨 ALERTA: Embraer (EMBJ3) obtém certificação para Praetor 600E de reguladores de Brasil, EUA e Europa
https://www.moneytimes.com.br/embraer-embj3-obtem-certificacao-para-praetor-600e-de-reguladores-de-brasil-eua-e-europa-lmrs/
2026-04-30 11:04:35,636 [INFO] ✦ NOVA [empresas|score:27] Super Sete paga maior prêmio de rodada de bola dividida na Lotofácil; 
2026-04-30 11:04:35,636 [WARNING] 🚨 ALERTA: Super Sete paga maior prêmio de rodada de bola dividida na Lotofácil; Mega-Sena em R$ 130 milhões corre hoje
https://www.moneytimes.com.br/lotofacil-super-sete-mega-sena-loterias-resultados-rsgp/
2026-04-30 11:04:37,567 [INFO] ✦ NOVA [empresas|score:7] Suzano (SUZB3) decepciona no 1T26, mas ação barata levanta dúvida: já 
2026-04-30 11:04:37,715 [INFO] ✦ NOVA [empresas|score:6] XPCI11 supera fevereiro e mantém yield anualizado de 12,64%
2026-04-30 11:04:37,863 [INFO] ✦ NOVA [empresas|score:14] FIIs pagam dividendos hoje; BCIA11 lidera com R$ 0,86 por cota
2026-04-30 11:04:37,863 [WARNING] 🚨 ALERTA: FIIs pagam dividendos hoje; BCIA11 lidera com R$ 0,86 por cota
https://www.suno.com.br/noticias/dividendos-fiis-hoje-bcia11-bcia11-paga-0-86/
2026-04-30 11:04:38,428 [INFO] ✦ NOVA [empresas|score:12] Mato Grosso quebra recorde com 51,56 mi t de soja em 25/26
2026-04-30 11:04:38,428 [WARNING] 🚨 ALERTA: Mato Grosso quebra recorde com 51,56 mi t de soja em 25/26
https://www.suno.com.br/noticias/mato-grosso-recorde-soja-2025-26-snfz11/
2026-04-30 11:04:38,906 [INFO] ✦ NOVA [empresas|score:6] BBIG11 vende 9% do Pátio Paulista e acelera desalavancagem
2026-04-30 11:04:39,059 [INFO] ✦ NOVA [economia_brasil|score:13] SNAG11 corta distribuição e fortalece reservas em março
2026-04-30 11:04:39,059 [WARNING] 🚨 ALERTA: SNAG11 corta distribuição e fortalece reservas em março
https://www.suno.com.br/noticias/snag11-distribui-r-0-12-reforca-reservas-marco/
2026-04-30 11:04:39,696 [INFO] ✦ NOVA [empresas|score:6] OIAG11 reforça crédito, paga R$ 0,12 e amplia reservas
2026-04-30 11:04:39,922 [INFO] ✦ NOVA [empresas|score:6] BMLC11 obtém liminar e aciona despejo da Organic Life
2026-04-30 11:04:40,082 [INFO] ✦ NOVA [empresas|score:10] Rota logística em SP favorece FIIs com aluguéis em alta
2026-04-30 11:04:40,082 [WARNING] 🚨 ALERTA: Rota logística em SP favorece FIIs com aluguéis em alta
https://www.suno.com.br/noticias/galpoes-logisticos-sp-impulsionam-fiis-2026/
2026-04-30 11:04:41,049 [INFO] ✦ NOVA [economia_brasil|score:15] FIIs voltam ao radar e gestor vê fundos diversificados como aposta em 
2026-04-30 11:04:41,049 [WARNING] 🚨 ALERTA: FIIs voltam ao radar e gestor vê fundos diversificados como aposta em nova fase do mercado
https://einvestidor.estadao.com.br/investimentos/hedge-aponta-segmento-fiis-combina-dividendos-valorizacao/
2026-04-30 11:04:41,461 [INFO] ✦ NOVA [economia_brasil|score:19] Abertura de mercado: bolsas ensaiam recuperação com novos dados no rad
2026-04-30 11:04:41,461 [WARNING] 🚨 ALERTA: Abertura de mercado: bolsas ensaiam recuperação com novos dados no radar
https://einvestidor.estadao.com.br/mercado/abertura-de-mercado-bolsas-ensaiam-recuperacao/
2026-04-30 11:04:41,940 [INFO] ✦ NOVA [bolsas|score:13] Pé-de-Meia: é possível consultar se o dinheiro está rendendo pelo Caix
2026-04-30 11:04:41,940 [WARNING] 🚨 ALERTA: Pé-de-Meia: é possível consultar se o dinheiro está rendendo pelo Caixa Tem?
https://einvestidor.estadao.com.br/webstories/pe-de-meia-consultar-dinheiro-rendendo-caixa-tem/
2026-04-30 11:04:42,436 [INFO] ✦ NOVA [economia_brasil|score:16] Petróleo hoje perde fôlego após rali e recua; risco geopolítico segura
2026-04-30 11:04:42,436 [WARNING] 🚨 ALERTA: Petróleo hoje perde fôlego após rali e recua; risco geopolítico segura barril acima de US$ 100
https://einvestidor.estadao.com.br/mercado/petroleo-hoje-queda-apos-rali-eua-ira-brent-acima-100/
2026-04-30 11:04:42,836 [INFO] ✦ NOVA [economia_brasil|score:18] Dólar hoje recua com cautela após decisões de juros no Brasil e nos EU
2026-04-30 11:04:42,836 [WARNING] 🚨 ALERTA: Dólar hoje recua com cautela após decisões de juros no Brasil e nos EUA
https://einvestidor.estadao.com.br/ultimas/dolar-hoje-alta-decisoes-juros-brasil-eua/
2026-04-30 11:04:43,324 [INFO] ✦ NOVA [economia_brasil|score:10] BC decreta liquidação extrajudicial de corretora de câmbio em São Paul
2026-04-30 11:04:43,324 [WARNING] 🚨 ALERTA: BC decreta liquidação extrajudicial de corretora de câmbio em São Paulo
https://einvestidor.estadao.com.br/mercado/bc-liquidacao-extrajudicial-frente-corretora-cambio/
2026-04-30 11:04:43,733 [INFO] ✦ NOVA [empresas|score:9] Braskem (BRKM5) elege Magda Chambriard como presidente do Conselho de 
2026-04-30 11:04:43,733 [WARNING] 🚨 ALERTA: Braskem (BRKM5) elege Magda Chambriard como presidente do Conselho de Administração
https://einvestidor.estadao.com.br/ultimas/braskem-brkm5-magda-chambriard-presidente-conselho/
2026-04-30 11:04:48,412 [INFO] ✦ NOVA [tecnologia|score:12] Os eleitos dos chefs: os queijos preferidos dos profissionais
2026-04-30 11:04:48,412 [WARNING] 🚨 ALERTA: Os eleitos dos chefs: os queijos preferidos dos profissionais
https://exame.com/casual/os-eleitos-dos-chefs-os-queijos-preferidos-dos-profissionais/
2026-04-30 11:04:51,379 [INFO] ✦ NOVA [tecnologia|score:24] O boom dos data centers pode travar na transmissão de energia
2026-04-30 11:04:51,379 [WARNING] 🚨 ALERTA: O boom dos data centers pode travar na transmissão de energia
https://exame.com/esg/o-boom-dos-data-centers-pode-travar-na-transmissao-de-energia/
2026-04-30 11:05:01,875 [INFO] ✦ NOVA [tecnologia|score:16] Gaúcha de congelados muda de dono e mira R$ 1 bilhão em cinco anos
2026-04-30 11:05:01,875 [WARNING] 🚨 ALERTA: Gaúcha de congelados muda de dono e mira R$ 1 bilhão em cinco anos
https://exame.com/negocios/gaucha-de-congelados-muda-de-dono-e-mira-r-1-bilhao-em-cinco-anos/
2026-04-30 11:05:04,816 [INFO] ✦ NOVA [tecnologia|score:16] Google admite falta de capacidade e diz que poderia faturar mais com n
2026-04-30 11:05:04,816 [WARNING] 🚨 ALERTA: Google admite falta de capacidade e diz que poderia faturar mais com nuvem
https://exame.com/tecnologia/google-admite-falta-de-capacidade-e-diz-que-poderia-faturar-mais-com-nuvem/
2026-05-03 13:55:48,600 [INFO] Banco inicializado: banco.db
2026-05-03 13:55:48,602 [INFO] Modo: ciclo único
2026-05-03 13:55:48,603 [INFO] ────────────────────────────────────────────────────────────
2026-05-03 13:55:48,604 [INFO] Ciclo iniciado: 03/05/2026 13:55:48 | 21 fontes
2026-05-03 13:55:50,221 [INFO] ✦ NOVA [bolsas|score:11] Chuvas em Pernambuco matam seis pessoas e quase 10 mil são deslocadas
2026-05-03 13:55:50,222 [WARNING] 🚨 ALERTA: Chuvas em Pernambuco matam seis pessoas e quase 10 mil são deslocadas
https://www.infomoney.com.br/brasil/chuvas-em-pernambuco-matam-seis-pessoas-e-quase-10-mil-sao-deslocadas/
2026-05-03 13:55:51,650 [INFO] ✦ NOVA [empresas|score:17] Drones ucranianos atingem porto russo de Primorsk, petroleiros e navio
2026-05-03 13:55:51,651 [WARNING] 🚨 ALERTA: Drones ucranianos atingem porto russo de Primorsk, petroleiros e navios militares
https://www.infomoney.com.br/mundo/drones-ucranianos-atingem-porto-russo-de-primorsk-petroleiros-e-navios-militares/
2026-05-03 13:55:53,244 [INFO] ✦ NOVA [commodities|score:17] Opep+ anuncia aumento de 188 mil barris por dia de petróleo na produçã
2026-05-03 13:55:53,245 [WARNING] 🚨 ALERTA: Opep+ anuncia aumento de 188 mil barris por dia de petróleo na produção para junho
https://www.infomoney.com.br/economia/opep-anuncia-aumento-de-188-mil-barris-por-dia-de-petroleo-na-producao-para-junho/
2026-05-03 13:55:54,307 [INFO] ✦ NOVA [empresas|score:17] Trump sinaliza rejeição a acordo e diz que Irã não pagou “preço sufici
2026-05-03 13:55:54,307 [WARNING] 🚨 ALERTA: Trump sinaliza rejeição a acordo e diz que Irã não pagou “preço suficientemente alto”
https://www.infomoney.com.br/mundo/trump-sinaliza-rejeicao-a-acordo-e-diz-que-ira-nao-pagou-preco-suficientemente-alto/
2026-05-03 13:55:55,202 [INFO] ✦ NOVA [bolsas|score:11] Irã busca apoio de Omã e Alemanha para plano de paz com os EUA
2026-05-03 13:55:55,203 [WARNING] 🚨 ALERTA: Irã busca apoio de Omã e Alemanha para plano de paz com os EUA
https://www.infomoney.com.br/mundo/ira-busca-apoio-de-oma-e-alemanha-para-plano-de-paz-com-os-eua/
2026-05-03 13:55:56,144 [INFO] ✦ NOVA [commodities|score:11] Secretário do Tesouro dos EUA diz que preços do petróleo cairão após g
2026-05-03 13:55:56,144 [WARNING] 🚨 ALERTA: Secretário do Tesouro dos EUA diz que preços do petróleo cairão após guerra no Irã
https://www.infomoney.com.br/economia/secretario-do-tesouro-dos-eua-diz-que-precos-do-petroleo-cairao-apos-guerra-no-ira/
2026-05-03 13:55:57,066 [INFO] ✦ NOVA [empresas|score:12] Defesa Civil emite alerta para chuvas e ondas de até 3 metros na Baixa
2026-05-03 13:55:57,066 [WARNING] 🚨 ALERTA: Defesa Civil emite alerta para chuvas e ondas de até 3 metros na Baixada Santista
https://www.infomoney.com.br/brasil/defesa-civil-emite-alerta-para-chuvas-e-ondas-de-ate-3-metros-na-baixada-santista/
2026-05-03 13:55:58,003 [INFO] ✦ NOVA [empresas|score:14] Shakira, Madonna ou Lady Gaga: qual show levou mais público à Copacaba
2026-05-03 13:55:58,003 [WARNING] 🚨 ALERTA: Shakira, Madonna ou Lady Gaga: qual show levou mais público à Copacabana?
https://www.infomoney.com.br/consumo/shakira-madonna-ou-lady-gaga-qual-show-levou-mais-publico-a-copacabana/
2026-05-03 13:56:02,793 [INFO] ✦ NOVA [bolsas|score:11] Temperatura despenca em SP neste domingo; veja até quando vai a frente
2026-05-03 13:56:02,794 [WARNING] 🚨 ALERTA: Temperatura despenca em SP neste domingo; veja até quando vai a frente fria
https://www.infomoney.com.br/mercados/temperatura-despenca-em-sp-neste-domingo-veja-ate-quando-vai-a-frente-fria/
2026-05-03 13:56:03,749 [INFO] ✦ NOVA [empresas|score:14] Netanyahu diz que Israel vai investir quase US$ 120 bi em armas e muni
2026-05-03 13:56:03,750 [WARNING] 🚨 ALERTA: Netanyahu diz que Israel vai investir quase US$ 120 bi em armas e munições
https://www.infomoney.com.br/mercados/netanyahu-diz-que-israel-vai-investir-quase-us-120-bi-em-armas-e-municoes/
2026-05-03 13:56:04,726 [INFO] ✦ NOVA [commodities|score:11] Flávio Bolsonaro vai a culto de Malafaia para reconciliação após atrit
2026-05-03 13:56:04,727 [WARNING] 🚨 ALERTA: Flávio Bolsonaro vai a culto de Malafaia para reconciliação após atritos
https://www.infomoney.com.br/mercados/flavio-bolsonaro-vai-a-culto-de-malafaia-para-reconciliacao-apos-atritos/
2026-05-03 13:56:05,938 [INFO] ✦ NOVA [bolsas|score:22] Selic elevada trava small caps, mas há oportunidades; confira quais os
2026-05-03 13:56:05,938 [WARNING] 🚨 ALERTA: Selic elevada trava small caps, mas há oportunidades; confira quais os setores
https://www.infomoney.com.br/onde-investir/selic-elevada-trava-small-caps-mas-ha-oportunidades-confira-quais-os-setores/
2026-05-03 13:56:06,971 [INFO] ✦ NOVA [empresas|score:9] LATAM retoma voos entre Guarulhos e aeroporto da região de Juiz de For
2026-05-03 13:56:06,972 [WARNING] 🚨 ALERTA: LATAM retoma voos entre Guarulhos e aeroporto da região de Juiz de Fora (MG)
https://www.infomoney.com.br/mercados/latam-retoma-operacao-entre-guarulhos-e-aeroporto-da-regiao-de-juiz-de-fora-mg/
2026-05-03 13:56:08,071 [INFO] ✦ NOVA [empresas|score:16] Como a estatística ajuda o trader a ganhar confiança no mercado
2026-05-03 13:56:08,071 [WARNING] 🚨 ALERTA: Como a estatística ajuda o trader a ganhar confiança no mercado
https://www.infomoney.com.br/mercados/como-estatistica-ajuda-trader-ganhar-confianca-no-mercado/
2026-05-03 13:56:09,073 [INFO] ✦ NOVA [tecnologia|score:12] “Nunca tivemos tantas pessoas em estado de espírito de jogo”, diz Buff
2026-05-03 13:56:09,074 [WARNING] 🚨 ALERTA: “Nunca tivemos tantas pessoas em estado de espírito de jogo”, diz Buffett
https://www.infomoney.com.br/mercados/nunca-tivemos-tantas-pessoas-em-estado-de-espirito-de-jogo-diz-buffett/
2026-05-03 13:56:14,208 [INFO] ✦ NOVA [empresas|score:24] Bradesco (BBDC3;BBDC4), Itaú (ITUB3;ITUB4) e mais outras 7 empresas pa
2026-05-03 13:56:14,208 [WARNING] 🚨 ALERTA: Bradesco (BBDC3;BBDC4), Itaú (ITUB3;ITUB4) e mais outras 7 empresas pagam dividendos nesta semana; veja o calendário
https://www.moneytimes.com.br/dividendos-da-semana-30-4-26-apsa/
2026-05-03 13:56:14,682 [INFO] ✦ NOVA [economia_global|score:24] Agenda: Ata do Copom, payroll e feriados; confira os indicadores da se
2026-05-03 13:56:14,683 [WARNING] 🚨 ALERTA: Agenda: Ata do Copom, payroll e feriados; confira os indicadores da semana
https://www.moneytimes.com.br/agenda-ata-do-copom-payroll-e-feriados-confira-os-indicadores-da-semana-jcav/
2026-05-03 13:56:15,094 [INFO] ✦ NOVA [empresas|score:27] Itaú (ITUB4), Vale (VALE3) e mais: Veja 8 ações para buscar dividendos
2026-05-03 13:56:15,094 [WARNING] 🚨 ALERTA: Itaú (ITUB4), Vale (VALE3) e mais: Veja 8 ações para buscar dividendos em maio, segundo a Empiricus Research
https://www.moneytimes.com.br/veja-8-acoes-para-buscar-dividendos-em-maio-segundo-a-empiricus-research-igdl/
2026-05-03 13:56:15,559 [INFO] ✦ NOVA [empresas|score:27] A carteira ‘que vale mais do que dinheiro, Silvio’ e outros destaques 
2026-05-03 13:56:15,559 [WARNING] 🚨 ALERTA: A carteira ‘que vale mais do que dinheiro, Silvio’ e outros destaques das criptomoedas no Crypto Times
https://www.moneytimes.com.br/a-carteira-que-vale-mais-do-que-dinheiro-silvio-e-outros-destaques-das-criptomoedas-no-crypto-times-rens/
2026-05-03 13:56:15,981 [INFO] ✦ NOVA [empresas|score:20] O alerta do mercado para as small caps; vale a pena investir agora?
2026-05-03 13:56:15,981 [WARNING] 🚨 ALERTA: O alerta do mercado para as small caps; vale a pena investir agora?
https://www.moneytimes.com.br/o-alerta-do-mercado-para-as-small-caps-vale-a-pena-investir-agora-igdl/
2026-05-03 13:56:16,407 [INFO] ✦ NOVA [empresas|score:27] Passagens aéreas: App do Skyscanner no ChatGPT ajuda a encontrar voos 
2026-05-03 13:56:16,408 [WARNING] 🚨 ALERTA: Passagens aéreas: App do Skyscanner no ChatGPT ajuda a encontrar voos mais baratos; saiba como funciona
https://www.moneytimes.com.br/passagens-aereas-app-do-skyscanner-no-chatgpt-ajuda-a-encontrar-voos-mais-baratos-saiba-como-funciona/
2026-05-03 13:56:16,806 [INFO] ✦ NOVA [empresas|score:24] Bitcoin avança e mira US$ 80 mil; veja os preços das criptomoedas nest
2026-05-03 13:56:16,806 [WARNING] 🚨 ALERTA: Bitcoin avança e mira US$ 80 mil; veja os preços das criptomoedas neste domingo (3)
https://www.moneytimes.com.br/bitcoin-avanca-e-mira-us-80-mil-veja-os-precos-das-criptomoedas-neste-domingo-3-igdl/
2026-05-03 13:56:17,266 [INFO] ✦ NOVA [empresas|score:18] Temporada de balanços: Itaú (ITUB4), Prio (PRIO3) e Minerva Foods (BEE
2026-05-03 13:56:17,267 [WARNING] 🚨 ALERTA: Temporada de balanços: Itaú (ITUB4), Prio (PRIO3) e Minerva Foods (BEEF3) e outras 80 empresas divulgam resultados nesta semana
https://www.moneytimes.com.br/temporada-de-balancos-tau-itub4-prio-prio3-e-minerva-foods-beef3-e-outras-80-empresas-divulgam-resultados-nesta-semana-ceci/
2026-05-03 13:56:17,669 [INFO] ✦ NOVA [empresas|score:22] Operadores estrangeiros ampliam domínio sobre aeroportos brasileiros; 
2026-05-03 13:56:17,670 [WARNING] 🚨 ALERTA: Operadores estrangeiros ampliam domínio sobre aeroportos brasileiros; entenda
https://www.moneytimes.com.br/operadores-estrangeiros-ampliam-dominio-sobre-aeroportos-brasileiros-entenda-igdl/
2026-05-03 13:56:18,069 [INFO] ✦ NOVA [empresas|score:20] Irã apresenta nova oferta para encerrar guerra, mas Trump vê dificulda
2026-05-03 13:56:18,069 [WARNING] 🚨 ALERTA: Irã apresenta nova oferta para encerrar guerra, mas Trump vê dificuldades para acordo
https://www.moneytimes.com.br/ira-apresenta-nova-oferta-para-encerrar-guerra-mas-trump-ve-dificuldades-para-um-acordo-igdl/
2026-05-03 13:56:19,774 [INFO] ✦ NOVA [economia_brasil|score:15] FGC mantém R$ 123 bi mesmo após crise bilionária do Banco Master
2026-05-03 13:56:19,774 [WARNING] 🚨 ALERTA: FGC mantém R$ 123 bi mesmo após crise bilionária do Banco Master
https://www.suno.com.br/noticias/fgc-patrimonio-123-bilhoes-crise-banco-master-mt/
2026-05-03 13:56:20,338 [INFO] ✦ NOVA [tecnologia|score:9] IA virou hype, mas só 44% das empresas controlam custos; entenda o ale
2026-05-03 13:56:20,338 [WARNING] 🚨 ALERTA: IA virou hype, mas só 44% das empresas controlam custos; entenda o alerta do Gartner
https://www.suno.com.br/noticias/inteligencia-artificial-retorno-investidores-alerta-gartner-mt/
2026-05-03 13:56:20,890 [INFO] ✦ NOVA [empresas|score:10] Motiva (MOTV3): BB-BI vê resultados mistos no 1T26, mas mantém compra
2026-05-03 13:56:20,890 [WARNING] 🚨 ALERTA: Motiva (MOTV3): BB-BI vê resultados mistos no 1T26, mas mantém compra
https://www.suno.com.br/noticias/motiva-motv3-resultado-1t26-bb-investimentos-compra-go/
2026-05-03 13:56:21,457 [INFO] ✦ NOVA [empresas|score:16] Petrobras (PETR4) bate recordes no 1T26 e eleva produção para 3,23 mil
2026-05-03 13:56:21,457 [WARNING] 🚨 ALERTA: Petrobras (PETR4) bate recordes no 1T26 e eleva produção para 3,23 milhões de barris
https://www.suno.com.br/noticias/petrobras-petr4-producao-recorde-1t26-mt/
2026-05-03 13:56:22,014 [INFO] ✦ NOVA [empresas|score:10] HGLG11 mantém R$ 1,10 por cota e vacância controlada
2026-05-03 13:56:22,014 [WARNING] 🚨 ALERTA: HGLG11 mantém R$ 1,10 por cota e vacância controlada
https://www.suno.com.br/noticias/hglg11-dividendos-maio-2026/
2026-05-03 13:56:22,581 [INFO] ✦ NOVA [empresas|score:13] AAZQ11 anuncia R$ 0,105 por cota e eleva resultado
2026-05-03 13:56:22,582 [WARNING] 🚨 ALERTA: AAZQ11 anuncia R$ 0,105 por cota e eleva resultado
https://www.suno.com.br/noticias/aazq11-paga-0105-yield-124-abril/
2026-05-03 13:56:23,536 [INFO] ✦ NOVA [empresas|score:6] VGHF11 perde 23,5 mil cotistas e reforça renda fixa em março
2026-05-03 13:56:23,681 [INFO] ✦ NOVA [empresas|score:9] HGRU11 mantém R$ 0,95 por cota e vacância de 0,8%
2026-05-03 13:56:23,681 [WARNING] 🚨 ALERTA: HGRU11 mantém R$ 0,95 por cota e vacância de 0,8%
https://www.suno.com.br/noticias/hgru11-rendimento-095-maio-2026/
2026-05-03 13:56:24,248 [INFO] ✦ NOVA [empresas|score:14] VISC11 mantém R$ 0,84 por cota e conclui compra no BH Shopping
2026-05-03 13:56:24,248 [WARNING] 🚨 ALERTA: VISC11 mantém R$ 0,84 por cota e conclui compra no BH Shopping
https://www.suno.com.br/noticias/visc11-084-por-cota-bh-shopping/
2026-05-03 13:56:25,493 [INFO] ✦ NOVA [empresas|score:6] Resultado da Dia de Sorte 1208: UMA APOSTA LEVA MAIS DE R$ 600 MIL; ve
2026-05-03 13:56:25,580 [INFO] ✦ NOVA [empresas|score:6] Tele Sena Semanal de hoje (03): OS NÚMEROS FORAM REVELADOS; veja as de
2026-05-03 13:56:25,688 [INFO] ✦ NOVA [empresas|score:6] Resultado da Quina 7015: apostadores levam mais de R$ 5 mil para casa,
2026-05-03 13:56:25,772 [INFO] ✦ NOVA [empresas|score:6] Resultado da +Milionária 351: PRÊMIO ACUMULA EM R$ 39,5 MILHÕES; veja 
2026-05-03 13:56:25,853 [INFO] ✦ NOVA [empresas|score:6] Resultado da Mega-Sena 3003: 17 APOSTAS LEVAM R$ 61 MIL NA SEGUNDA FAI
2026-05-03 13:56:26,018 [INFO] ✦ NOVA [empresas|score:6] Resultado da Mega-Sena 3003: PRÊMIO ACUMULOU EM R$ 8 MILHÕES; veja os 
2026-05-03 13:56:26,101 [INFO] ✦ NOVA [empresas|score:6] Resultado da Lotofácil 3675: 920 APOSTAS LEVAM R$ 761,56; veja os esta
2026-05-03 13:56:30,218 [INFO] ✦ NOVA [commodities|score:11] Papa Leão XIV receberá o secretário de Estado dos EUA após embate com 
2026-05-03 13:56:30,219 [WARNING] 🚨 ALERTA: Papa Leão XIV receberá o secretário de Estado dos EUA após embate com Trump
https://exame.com/mundo/papa-leao-xiv-recebera-o-secretario-de-estado-dos-eua-apos-embate-com-trump/
2026-05-03 13:56:33,591 [INFO] ✦ NOVA [empresas|score:14] Chuvas em Pernambuco: governo decreta emergência em 27 cidades
2026-05-03 13:56:33,591 [WARNING] 🚨 ALERTA: Chuvas em Pernambuco: governo decreta emergência em 27 cidades
https://exame.com/brasil/chuvas-em-pernambuco-governo-decreta-emergencia-em-27-cidades/
2026-05-03 13:56:36,421 [INFO] ✦ NOVA [empresas|score:9] Praia Clube supera o Minas no Ibirapuera e é campeão da Superliga femi
2026-05-03 13:56:36,421 [WARNING] 🚨 ALERTA: Praia Clube supera o Minas no Ibirapuera e é campeão da Superliga feminina
https://exame.com/esporte/praia-clube-supera-o-minas-no-ibirapuera-e-e-campeao-da-superliga-feminina/
2026-05-03 13:56:38,791 [INFO] ✦ NOVA [bolsas|score:6] Shakira superou Lady Gaga e Madonna em Copacabana? Veja os números
2026-05-03 13:56:41,322 [INFO] ✦ NOVA [empresas|score:21] Opinião: confiança é o ativo mais valioso na expansão de um marketplac
2026-05-03 13:56:41,323 [WARNING] 🚨 ALERTA: Opinião: confiança é o ativo mais valioso na expansão de um marketplace
https://exame.com/bussola/opiniao-confianca-e-o-ativo-mais-valioso-na-expansao-de-um-marketplace/
2026-05-03 13:56:43,866 [INFO] ✦ NOVA [bolsas|score:6] Quais artistas se apresentaram com Shakira em Copacabana?
2026-05-03 13:56:46,031 [INFO] ✦ NOVA [commodities|score:20] Petroleiro iraniano ‘fura’ bloqueio dos EUA no Estreito de Ormuz, diz 
2026-05-03 13:56:46,031 [WARNING] 🚨 ALERTA: Petroleiro iraniano ‘fura’ bloqueio dos EUA no Estreito de Ormuz, diz site
https://exame.com/mundo/petroleiro-iraniano-fura-bloqueio-dos-eua-no-estreito-de-ormuz-diz-site/
2026-05-03 13:56:55,450 [INFO] ✦ NOVA [tecnologia|score:13] 15 franquias baratas para trabalhar de casa a partir de R$ 5.999
2026-05-03 13:56:55,451 [WARNING] 🚨 ALERTA: 15 franquias baratas para trabalhar de casa a partir de R$ 5.999
https://exame.com/negocios/15-franquias-baratas-para-trabalhar-de-casa-a-partir-de-r-5-999/
2026-05-03 13:56:58,338 [INFO] ✦ NOVA [tecnologia|score:9] Alerta de chuvas fortes: frente fria coloca Baixada Santista em risco
2026-05-03 13:56:58,338 [WARNING] 🚨 ALERTA: Alerta de chuvas fortes: frente fria coloca Baixada Santista em risco
https://exame.com/brasil/alerta-de-chuvas-fortes-frente-fria-coloca-baixada-santista-em-risco/
2026-05-03 13:57:00,532 [INFO] ✦ NOVA [tecnologia|score:20] Trump afirma que EUA retirarão 'muito mais de 5.000' militares da Alem
2026-05-03 13:57:00,532 [WARNING] 🚨 ALERTA: Trump afirma que EUA retirarão 'muito mais de 5.000' militares da Alemanha
https://exame.com/mundo/trump-afirma-que-eua-retirarao-muito-mais-de-5-000-militares-da-alemanha/
2026-05-03 13:57:03,427 [INFO] ✦ NOVA [tecnologia|score:12] O clássico surf and turf volta renovado
2026-05-03 13:57:03,427 [WARNING] 🚨 ALERTA: O clássico surf and turf volta renovado
https://exame.com/casual/o-classico-surf-and-turf-volta-renovado/
2026-05-03 13:57:06,588 [INFO] ✦ NOVA [empresas|score:24] Opep+ anuncia aumento na produção de petróleo de 188 mil barris diário
2026-05-03 13:57:06,588 [WARNING] 🚨 ALERTA: Opep+ anuncia aumento na produção de petróleo de 188 mil barris diários
https://exame.com/mundo/opep-anuncia-aumento-na-producao-de-petroleo-de-188-mil-barris-diarios/
2026-05-03 13:57:10,341 [INFO] ✦ NOVA [tecnologia|score:16] 'Não podemos prometer que não haverá mais demissões', diz CEO da Meta
2026-05-03 13:57:10,342 [WARNING] 🚨 ALERTA: 'Não podemos prometer que não haverá mais demissões', diz CEO da Meta
https://exame.com/tecnologia/nao-podemos-prometer-que-nao-havera-mais-demissoes-diz-ceo-da-meta/
2026-05-03 13:57:13,802 [INFO] ✦ NOVA [tecnologia|score:20] Irã diz que Trump deve escolher entre operação militar 'impossível' ou
2026-05-03 13:57:13,802 [WARNING] 🚨 ALERTA: Irã diz que Trump deve escolher entre operação militar 'impossível' ou 'acordo ruim'
https://exame.com/mundo/ira-diz-que-trump-deve-escolher-entre-operacao-militar-impossivel-ou-acordo-ruim/
2026-05-03 13:57:16,056 [INFO] ✦ NOVA [empresas|score:9] O mito do talento precoce no esporte, segundo a ciência
2026-05-03 13:57:16,056 [WARNING] 🚨 ALERTA: O mito do talento precoce no esporte, segundo a ciência
https://exame.com/esporte/o-mito-do-talento-precoce-no-esporte-segundo-a-ciencia/
2026-05-03 13:57:19,235 [INFO] ✦ NOVA [tecnologia|score:9] Espanyol x Real Madrid: que horas e onde assistir ao jogo da LaLiga
2026-05-03 13:57:19,235 [WARNING] 🚨 ALERTA: Espanyol x Real Madrid: que horas e onde assistir ao jogo da LaLiga
https://exame.com/esporte/espanyol-x-real-madrid-que-horas-e-onde-assistir-ao-jogo-da-laliga/
2026-05-03 13:57:21,513 [INFO] ✦ NOVA [tecnologia|score:9] Met Gala 2026 será realizado nesta segunda-feira, 4; saiba onde assist
2026-05-03 13:57:21,513 [WARNING] 🚨 ALERTA: Met Gala 2026 será realizado nesta segunda-feira, 4; saiba onde assistir
https://exame.com/pop/met-gala-2026-sera-realizado-nesta-segunda-feira-4-saiba-onde-assistir/
2026-05-03 13:57:21,928 [INFO] ✦ NOVA [tecnologia|score:9] O que aconteceu com Piqué? Como e com quem o ex de Shakira vive hoje
2026-05-03 13:57:21,929 [WARNING] 🚨 ALERTA: O que aconteceu com Piqué? Como e com quem o ex de Shakira vive hoje
https://exame.com/pop/o-que-aconteceu-com-pique-como-e-com-quem-o-ex-de-shakira-vive-hoje/
2026-05-03 13:57:24,258 [INFO] ✦ NOVA [criptomoedas|score:14] Sem fundamento, um Agente de IA não gera valor
2026-05-03 13:57:24,259 [WARNING] 🚨 ALERTA: Sem fundamento, um Agente de IA não gera valor
https://exame.com/future-of-money/sem-fundamento-um-agente-de-ia-nao-gera-valor/
2026-05-03 13:57:26,599 [INFO] ✦ NOVA [tecnologia|score:11] Qual é o grid de largada do GP de Miami de Fórmula 1?
2026-05-03 13:57:26,599 [WARNING] 🚨 ALERTA: Qual é o grid de largada do GP de Miami de Fórmula 1?
https://exame.com/esporte/qual-e-o-grid-de-largada-do-gp-de-miami-de-formula-1/
2026-05-03 13:57:27,001 [INFO] ✦ NOVA [tecnologia|score:14] Fórmula 1 antecipa horário do GP de Miami; veja onde assistir à corrid
2026-05-03 13:57:27,001 [WARNING] 🚨 ALERTA: Fórmula 1 antecipa horário do GP de Miami; veja onde assistir à corrida ao vivo
https://exame.com/esporte/formula-1-antecipa-horario-do-gp-de-miami-veja-onde-assistir-a-corrida-ao-vivo/
2026-05-03 13:57:29,296 [INFO] ✦ NOVA [tecnologia|score:17] Shakira reúne 2 milhões em Copacabana e faz show histórico no Rio
2026-05-03 13:57:29,296 [WARNING] 🚨 ALERTA: Shakira reúne 2 milhões em Copacabana e faz show histórico no Rio
https://exame.com/pop/shakira-reune-2-milhoes-em-copacabana-e-faz-show-historico-no-rio/
2026-05-03 13:57:31,570 [INFO] ✦ NOVA [empresas|score:20] Green Cards: emissão cai pela metade desde a volta de Trump
2026-05-03 13:57:31,570 [WARNING] 🚨 ALERTA: Green Cards: emissão cai pela metade desde a volta de Trump
https://exame.com/mundo/green-cards-emissao-cai-pela-metade-desde-a-volta-de-trump/
2026-05-03 13:57:33,101 [INFO] ✦ NOVA [tecnologia|score:21] Opep+ concorda com terceiro aumento de cota de produção de petróleo de
2026-05-03 13:57:33,102 [WARNING] 🚨 ALERTA: Opep+ concorda com terceiro aumento de cota de produção de petróleo desde fechamento de Hormuz
https://redir.folha.com.br/redir/online/mercado/rss091/*https://www1.folha.uol.com.br/mercado/2026/05/opep-concorda-com-terceiro-aumento-de-cota-de-producao-de-petroleo-desde-fechamento-de-hormuz.shtml
2026-05-03 13:57:33,909 [INFO] ✦ NOVA [empresas|score:21] O processo de privatização da Copasa é robusto?
2026-05-03 13:57:33,909 [WARNING] 🚨 ALERTA: O processo de privatização da Copasa é robusto?
https://redir.folha.com.br/redir/online/mercado/rss091/*https://www1.folha.uol.com.br/mercado/2026/05/o-processo-de-privatizacao-da-copasa-e-robusto.shtml
2026-05-03 13:57:34,715 [INFO] ✦ NOVA [empresas|score:13] Empresários argentinos planejam resort e vinícola no interior de São P
2026-05-03 13:57:34,716 [WARNING] 🚨 ALERTA: Empresários argentinos planejam resort e vinícola no interior de São Paulo
https://redir.folha.com.br/redir/online/mercado/rss091/*https://www1.folha.uol.com.br/colunas/painelsa/2026/05/empresarios-argentinos-planejam-resort-e-vinicola-no-interior-de-sao-paulo.shtml
2026-05-03 13:57:35,527 [INFO] ✦ NOVA [empresas|score:21] STF retoma julgamento sobre royalties do petróleo após 13 anos de espe
2026-05-03 13:57:35,527 [WARNING] 🚨 ALERTA: STF retoma julgamento sobre royalties do petróleo após 13 anos de espera
https://redir.folha.com.br/redir/online/mercado/rss091/*https://www1.folha.uol.com.br/mercado/2026/05/stf-retoma-julgamento-sobre-royalties-do-petroleo-apos-13-anos-de-espera.shtml
2026-05-03 13:57:36,310 [INFO] ✦ NOVA [empresas|score:28] O paradoxo da Noruega, país que ganha bilhões com aumento do petróleo 
2026-05-03 13:57:36,310 [WARNING] 🚨 ALERTA: O paradoxo da Noruega, país que ganha bilhões com aumento do petróleo mas o consome cada vez menos
https://redir.folha.com.br/redir/online/mercado/rss091/*https://www1.folha.uol.com.br/mercado/2026/05/o-paradoxo-da-noruega-pais-que-ganha-bilhoes-com-aumento-do-petroleo-mas-o-consome-cada-vez-menos.shtml
2026-05-03 13:57:37,116 [INFO] ✦ NOVA [tecnologia|score:13] Grupo Carnaúba planeja resort para incrementar potencial turístico de 
2026-05-03 13:57:37,116 [WARNING] 🚨 ALERTA: Grupo Carnaúba planeja resort para incrementar potencial turístico de Preá
https://redir.folha.com.br/redir/online/mercado/rss091/*https://www1.folha.uol.com.br/colunas/painelsa/2026/05/grupo-carnauba-planeja-resort-para-incrementar-potencial-turistico-de-prea.shtml
2026-05-03 13:57:37,920 [INFO] ✦ NOVA [economia_brasil|score:21] Mercado de máquinas agrícolas sofre com juros e preços baixos de grãos
2026-05-03 13:57:37,920 [WARNING] 🚨 ALERTA: Mercado de máquinas agrícolas sofre com juros e preços baixos de grãos
https://redir.folha.com.br/redir/online/mercado/rss091/*https://www1.folha.uol.com.br/mercado/2026/05/mercado-de-maquinas-agricolas-sofre-com-juros-e-precos-baixos-de-graos.shtml
2026-05-03 13:57:38,772 [INFO] ✦ NOVA [economia_brasil|score:20] IA, mercado de trabalho e a chance de reinventar o Estado
2026-05-03 13:57:38,772 [WARNING] 🚨 ALERTA: IA, mercado de trabalho e a chance de reinventar o Estado
https://redir.folha.com.br/redir/online/mercado/rss091/*https://www1.folha.uol.com.br/colunas/roberto-campos-neto/2026/05/ia-mercado-de-trabalho-e-a-chance-de-reinventar-o-estado.shtml
2026-05-03 13:57:39,747 [INFO] ✦ NOVA [empresas|score:13] Portos preveem R$ 10 bi em obras para aumentar capacidade e receber na
2026-05-03 13:57:39,747 [WARNING] 🚨 ALERTA: Portos preveem R$ 10 bi em obras para aumentar capacidade e receber navios maiores, diz consultoria
https://redir.folha.com.br/redir/online/mercado/rss091/*https://www1.folha.uol.com.br/mercado/2026/05/portos-preveem-r-10-bi-em-obras-para-aumentar-capacidade-e-receber-navios-maiores-diz-consultoria.shtml
2026-05-03 13:57:40,616 [INFO] ✦ NOVA [empresas|score:13] Produtividade baixa? A culpa é nossa?
2026-05-03 13:57:40,616 [WARNING] 🚨 ALERTA: Produtividade baixa? A culpa é nossa?
https://redir.folha.com.br/redir/online/mercado/rss091/*https://www1.folha.uol.com.br/colunas/samuelpessoa/2026/05/produtividade-baixa-a-culpa-e-nossa.shtml
2026-05-03 13:57:41,443 [INFO] ✦ NOVA [empresas|score:16] Flávio Augusto, da Wise Up, planeja 'última jornada' com liga para emp
2026-05-03 13:57:41,443 [WARNING] 🚨 ALERTA: Flávio Augusto, da Wise Up, planeja 'última jornada' com liga para empreendedores
https://redir.folha.com.br/redir/online/mercado/rss091/*https://www1.folha.uol.com.br/mercado/2026/05/flavio-augusto-da-wise-up-planeja-ultima-jornada-com-liga-para-empreendedores.shtml
2026-05-03 13:57:42,249 [INFO] ✦ NOVA [economia_brasil|score:13] Usinas solares acumulam 327 projetos com atraso em obras
2026-05-03 13:57:42,249 [WARNING] 🚨 ALERTA: Usinas solares acumulam 327 projetos com atraso em obras
https://redir.folha.com.br/redir/online/mercado/rss091/*https://www1.folha.uol.com.br/mercado/2026/05/usinas-solares-acumulam-327-projetos-com-atraso-em-obras.shtml
2026-05-03 13:57:43,081 [INFO] ✦ NOVA [economia_brasil|score:20] Qual cenário você está comprando ao investir?
2026-05-03 13:57:43,081 [WARNING] 🚨 ALERTA: Qual cenário você está comprando ao investir?
https://redir.folha.com.br/redir/online/mercado/rss091/*https://www1.folha.uol.com.br/blogs/de-grao-em-grao/2026/05/qual-cenario-voce-esta-comprando-ao-investir.shtml
2026-05-03 13:57:43,881 [INFO] ✦ NOVA [economia_brasil|score:16] O que o Desenrola 1 fez por Lula 3 e o que o Desenrola 2 pode fazer po
2026-05-03 13:57:43,881 [WARNING] 🚨 ALERTA: O que o Desenrola 1 fez por Lula 3 e o que o Desenrola 2 pode fazer por Lula 4
https://redir.folha.com.br/redir/online/mercado/rss091/*https://www1.folha.uol.com.br/colunas/viniciustorres/2026/05/o-que-o-desenrola-1-fez-por-lula-3-e-o-que-o-desenrola-2-pode-fazer-por-lula-4.shtml
2026-05-03 13:57:44,710 [INFO] ✦ NOVA [empresas|score:16] Entenda em 5 pontos o projeto de privatização da Copasa, que entra na 
2026-05-03 13:57:44,711 [WARNING] 🚨 ALERTA: Entenda em 5 pontos o projeto de privatização da Copasa, que entra na reta final
https://redir.folha.com.br/redir/online/mercado/rss091/*https://www1.folha.uol.com.br/mercado/2026/05/entenda-em-5-pontos-o-projeto-de-privatizacao-da-copasa-que-entra-na-reta-final.shtml
2026-05-03 13:57:45,499 [INFO] ✦ NOVA [empresas|score:13] Perfin quer aumentar fatia na Copasa para se firmar como 'fiel da bala
2026-05-03 13:57:45,499 [WARNING] 🚨 ALERTA: Perfin quer aumentar fatia na Copasa para se firmar como 'fiel da balança' pós-privatização
https://redir.folha.com.br/redir/online/mercado/rss091/*https://www1.folha.uol.com.br/mercado/2026/05/perfin-quer-aumentar-fatia-na-copasa-para-se-firmar-como-fiel-da-balanca-pos-privatizacao.shtml
2026-05-03 13:57:54,465 [INFO] ✦ NOVA [tecnologia|score:16] Leilões de gado de elite batem recorde e atingem R$ 218 milhões em Ube
2026-05-03 13:57:54,465 [WARNING] 🚨 ALERTA: Leilões de gado de elite batem recorde e atingem R$ 218 milhões em Uberaba (MG)
https://redir.folha.com.br/redir/online/mercado/rss091/*https://www1.folha.uol.com.br/mercado/2026/05/leiloes-de-gado-de-elite-batem-recorde-e-atingem-r-218-milhoes-em-uberaba-mg.shtml
2026-05-03 13:57:55,404 [INFO] ✦ NOVA [tecnologia|score:18] Bets tiram o capital do consumo, diz CEO da Mondial
2026-05-03 13:57:55,404 [WARNING] 🚨 ALERTA: Bets tiram o capital do consumo, diz CEO da Mondial
https://redir.folha.com.br/redir/online/mercado/rss091/*https://www1.folha.uol.com.br/colunas/painelsa/2026/05/bets-tiram-o-capital-do-consumo-diz-ceo-da-mondial.shtml
2026-05-03 13:57:56,247 [INFO] ✦ NOVA [empresas|score:19] Petrobras anuncia reajuste de 19,2% no preço do gás natural às distrib
2026-05-03 13:57:56,247 [WARNING] 🚨 ALERTA: Petrobras anuncia reajuste de 19,2% no preço do gás natural às distribuidoras
https://redir.folha.com.br/redir/online/mercado/rss091/*https://www1.folha.uol.com.br/mercado/2026/05/petrobras-anuncia-reajuste-de-192-no-preco-do-gas-natural-as-distribuidoras.shtml
2026-05-03 13:57:57,258 [INFO] ✦ NOVA [bolsas|score:6] Tráfego aéreo nos Emirados Árabes volta ao normal após dois meses, diz
2026-05-03 13:57:57,777 [INFO] ✦ NOVA [empresas|score:6] Shoppings de luxo crescem com volta de marcas estrangeiras e gastronom
2026-05-03 13:57:58,274 [INFO] ✦ NOVA [tecnologia|score:16] Venezuela assina acordos de mineração com empresas dos EUA e da Suíça
2026-05-03 13:57:58,274 [WARNING] 🚨 ALERTA: Venezuela assina acordos de mineração com empresas dos EUA e da Suíça
https://redir.folha.com.br/redir/online/mercado/rss091/*https://www1.folha.uol.com.br/mercado/2026/05/venezuela-assina-acordos-de-mineracao-com-empresas-dos-eua-e-da-suica.shtml
2026-05-03 13:57:59,106 [INFO] ✦ NOVA [empresas|score:16] CEO Greg Abel promete que Berkshire continuará única, em primeira reun
2026-05-03 13:57:59,106 [WARNING] 🚨 ALERTA: CEO Greg Abel promete que Berkshire continuará única, em primeira reunião sem Buffett no palco
https://redir.folha.com.br/redir/online/mercado/rss091/*https://www1.folha.uol.com.br/mercado/2026/05/berkshire-tem-venda-liquida-de-us-81-bi-em-acoes-e-aumenta-reserva-de-caixa-apos-saida-de-buffett.shtml
2026-05-03 13:57:59,949 [INFO] ✦ NOVA [tecnologia|score:16] Thermos realiza recall de 8,2 milhões de garrafas térmicas após três p
2026-05-03 13:57:59,950 [WARNING] 🚨 ALERTA: Thermos realiza recall de 8,2 milhões de garrafas térmicas após três pessoas perderem visão
https://redir.folha.com.br/redir/online/mercado/rss091/*https://www1.folha.uol.com.br/mercado/2026/05/thermos-realiza-recall-de-82-milhoes-de-garrafas-termicas-apos-tres-pessoas-perderem-visao.shtml
2026-05-03 13:58:00,903 [INFO] ✦ NOVA [tecnologia|score:18] Novo secretário de Fazenda do RJ promete plano de ajuste fiscal com co
2026-05-03 13:58:00,903 [WARNING] 🚨 ALERTA: Novo secretário de Fazenda do RJ promete plano de ajuste fiscal com corte de despesas
https://redir.folha.com.br/redir/online/mercado/rss091/*https://www1.folha.uol.com.br/mercado/2026/05/novo-secretario-de-fazenda-do-rj-promete-plano-de-ajuste-fiscal-com-corte-de-despesas.shtml
2026-05-03 13:58:01,962 [INFO] ✦ NOVA [empresas|score:13] Plataforma P-79 da Petrobras inicia produção antes do previsto
2026-05-03 13:58:01,962 [WARNING] 🚨 ALERTA: Plataforma P-79 da Petrobras inicia produção antes do previsto
https://redir.folha.com.br/redir/online/mercado/rss091/*https://www1.folha.uol.com.br/mercado/2026/05/plataforma-p-79-da-petrobras-inicia-producao-antes-do-previsto.shtml
2026-05-03 13:58:02,779 [INFO] ✦ NOVA [empresas|score:14] Spirit Airlines cancela todos os voos e anuncia encerramento das ativi
2026-05-03 13:58:02,780 [WARNING] 🚨 ALERTA: Spirit Airlines cancela todos os voos e anuncia encerramento das atividades
https://redir.folha.com.br/redir/online/mercado/rss091/*https://www1.folha.uol.com.br/mercado/2026/05/spirit-airlines-cancela-todos-os-voos-e-anuncia-encerramento-das-atividades.shtml
2026-05-03 13:58:03,619 [INFO] ✦ NOVA [tecnologia|score:24] Shoppings de SP sorteiam carro, iPhones e dão brindes no Dia das Mães;
2026-05-03 13:58:03,619 [WARNING] 🚨 ALERTA: Shoppings de SP sorteiam carro, iPhones e dão brindes no Dia das Mães; saiba como participar
https://redir.folha.com.br/redir/online/mercado/rss091/*https://www1.folha.uol.com.br/mercado/2026/05/shoppings-de-sp-sorteiam-carro-iphones-e-dao-brindes-no-dia-das-maes-saiba-como-participar.shtml
2026-05-03 13:58:07,567 [INFO] ✦ NOVA [economia_global|score:28] Sob Trump, dívida dos EUA ultrapassa 100% do PIB
2026-05-03 13:58:07,567 [WARNING] 🚨 ALERTA: Sob Trump, dívida dos EUA ultrapassa 100% do PIB
https://redir.folha.com.br/redir/online/mercado/rss091/*https://www1.folha.uol.com.br/mercado/2026/05/sob-trump-divida-dos-eua-ultrapassa-100-do-pib.shtml
2026-05-03 13:58:08,414 [INFO] ✦ NOVA [tecnologia|score:13] CEO da Disney quer criar 'super app' que une streaming, ingressos para
2026-05-03 13:58:08,415 [WARNING] 🚨 ALERTA: CEO da Disney quer criar 'super app' que une streaming, ingressos para parques e produtos
https://redir.folha.com.br/redir/online/mercado/rss091/*https://www1.folha.uol.com.br/mercado/2026/05/ceo-da-disney-quer-criar-super-app-que-une-streaming-ingressos-para-parques-e-produtos.shtml
2026-05-03 13:58:09,257 [INFO] ✦ NOVA [economia_brasil|score:16] Livro ouve endividados para discutir efeitos ambíguos do crédito nas p
2026-05-03 13:58:09,257 [WARNING] 🚨 ALERTA: Livro ouve endividados para discutir efeitos ambíguos do crédito nas periferias
https://redir.folha.com.br/redir/online/mercado/rss091/*https://www1.folha.uol.com.br/mercado/2026/05/livro-ouve-endividados-para-discutir-efeitos-ambiguos-do-credito-nas-periferias.shtml
2026-05-03 13:58:10,074 [INFO] ✦ NOVA [economia_brasil|score:25] Inflação de alimentos põe em xeque bondades eleitorais de Lula
2026-05-03 13:58:10,074 [WARNING] 🚨 ALERTA: Inflação de alimentos põe em xeque bondades eleitorais de Lula
https://redir.folha.com.br/redir/online/mercado/rss091/*https://www1.folha.uol.com.br/mercado/2026/05/inflacao-de-alimentos-poe-em-xeque-bondades-eleitorais-de-lula.shtml
2026-05-03 13:58:10,906 [INFO] ✦ NOVA [empresas|score:20] Guerra no Irã pressiona custos da construção civil no Brasil
2026-05-03 13:58:10,907 [WARNING] 🚨 ALERTA: Guerra no Irã pressiona custos da construção civil no Brasil
https://redir.folha.com.br/redir/online/mercado/rss091/*https://www1.folha.uol.com.br/mercado/2026/05/guerra-no-ira-pressiona-custos-da-construcao-civil-no-brasil.shtml
2026-05-03 13:58:14,864 [INFO] ✦ NOVA [economia_brasil|score:21] Mudar Lei de Responsabilidade Fiscal para aumentar subsídios a combust
2026-05-03 13:58:14,864 [WARNING] 🚨 ALERTA: Mudar Lei de Responsabilidade Fiscal para aumentar subsídios a combustíveis é incorreto e perigoso
https://redir.folha.com.br/redir/online/mercado/rss091/*https://www1.folha.uol.com.br/colunas/marcos-mendes/2026/05/mudar-lei-de-responsabilidade-fiscal-para-aumentar-subsidios-a-combustiveis-e-incorreto-e-perigoso.shtml
2026-05-03 13:58:16,817 [INFO] ✦ NOVA [empresas|score:13] EUA mantêm Brasil em lista de países observados por propriedade intele
2026-05-03 13:58:16,817 [WARNING] 🚨 ALERTA: EUA mantêm Brasil em lista de países observados por propriedade intelectual e cita 25 de março
https://redir.folha.com.br/redir/online/mercado/rss091/*https://www1.folha.uol.com.br/mercado/2026/05/eua-mantem-brasil-em-lista-de-paises-observados-por-propriedade-intelectual-e-cita-25-de-marco.shtml
2026-05-03 13:58:17,979 [INFO] ✦ NOVA [tecnologia|score:6] Governo aposta em pressão dos trabalhadores para tentar derrubar escal
2026-05-03 13:58:18,502 [INFO] ✦ NOVA [tecnologia|score:18] Tabata pede ao MPF investigação sobre festas de Vorcaro por potencial 
2026-05-03 13:58:18,502 [WARNING] 🚨 ALERTA: Tabata pede ao MPF investigação sobre festas de Vorcaro por potencial exploração sexual
https://redir.folha.com.br/redir/online/mercado/rss091/*https://www1.folha.uol.com.br/mercado/2026/05/tabata-pede-ao-mpf-investigacao-sobre-festas-de-vorcaro-por-potencial-exploracao-sexual.shtml
2026-05-03 13:58:19,688 [INFO] ✦ NOVA [tecnologia|score:21] Estée Lauder anuncia corte de até 10 mil empregos em plano de recupera
2026-05-03 13:58:19,688 [WARNING] 🚨 ALERTA: Estée Lauder anuncia corte de até 10 mil empregos em plano de recuperação
https://redir.folha.com.br/redir/online/mercado/rss091/*https://www1.folha.uol.com.br/mercado/2026/05/estee-lauder-anuncia-corte-de-ate-10-mil-empregos-em-plano-de-recuperacao.shtml
2026-05-03 13:58:20,567 [INFO] ✦ NOVA [commodities|score:21] Preços do petróleo podem chegar a US$ 200 por barril a partir de junho
2026-05-03 13:58:20,568 [WARNING] 🚨 ALERTA: Preços do petróleo podem chegar a US$ 200 por barril a partir de junho, alertam analistas
https://redir.folha.com.br/redir/online/mercado/rss091/*https://www1.folha.uol.com.br/mercado/2026/05/precos-do-petroleo-podem-chegar-a-us-200-por-barril-a-partir-de-junho-alertam-analistas.shtml
2026-05-03 13:58:21,705 [INFO] ✦ NOVA [tecnologia|score:22] Bolsonarismo ao lado de Moraes
2026-05-03 13:58:21,705 [WARNING] 🚨 ALERTA: Bolsonarismo ao lado de Moraes
https://redir.folha.com.br/redir/online/mercado/rss091/*https://www1.folha.uol.com.br/colunas/adriana-fernandes/2026/05/bolsonarismo-ao-lado-de-moraes.shtml
2026-05-03 13:58:25,210 [INFO] ✦ NOVA [tecnologia|score:14] Filhos de Trump assumem participação em mineradora apoiada pelos EUA
2026-05-03 13:58:25,210 [WARNING] 🚨 ALERTA: Filhos de Trump assumem participação em mineradora apoiada pelos EUA
https://redir.folha.com.br/redir/online/mercado/rss091/*https://www1.folha.uol.com.br/mercado/2026/05/filhos-de-trump-assumem-participacao-em-mineradora-apoiada-pelos-eua.shtml
2026-05-03 13:58:26,341 [INFO] ✦ NOVA [tecnologia|score:18] Dia do Trabalho no mundo tem protestos contra Trump e confrontos na Tu
2026-05-03 13:58:26,341 [WARNING] 🚨 ALERTA: Dia do Trabalho no mundo tem protestos contra Trump e confrontos na Turquia, no Chile e na França
https://redir.folha.com.br/redir/online/mercado/rss091/*https://www1.folha.uol.com.br/mercado/2026/05/dia-do-trabalho-no-mundo-tem-protestos-contra-trump-e-confrontos-na-turquia-no-chile-e-na-franca.shtml
2026-05-03 13:58:27,146 [INFO] ✦ NOVA [tecnologia|score:14] Primeiro teste de Greg Abel será conquistar os fiéis de Warren Buffett
2026-05-03 13:58:27,146 [WARNING] 🚨 ALERTA: Primeiro teste de Greg Abel será conquistar os fiéis de Warren Buffett
https://redir.folha.com.br/redir/online/mercado/rss091/*https://www1.folha.uol.com.br/mercado/2026/05/primeiro-teste-de-greg-abel-sera-conquistar-os-fieis-de-warren-buffett.shtml
2026-05-03 13:58:28,284 [INFO] ✦ NOVA [tecnologia|score:13] Arco Educação lança plataforma para gestão financeira e organizacional
2026-05-03 13:58:28,284 [WARNING] 🚨 ALERTA: Arco Educação lança plataforma para gestão financeira e organizacional de escolas
https://redir.folha.com.br/redir/online/mercado/rss091/*https://www1.folha.uol.com.br/colunas/painelsa/2026/05/arco-educacao-lanca-plataforma-para-gestao-financeira-e-organizacional-de-escolas.shtml
2026-05-03 13:58:29,098 [INFO] ✦ NOVA [tecnologia|score:16] Agrishow registra queda nas vendas pela primeira vez em 11 anos
2026-05-03 13:58:29,098 [WARNING] 🚨 ALERTA: Agrishow registra queda nas vendas pela primeira vez em 11 anos
https://redir.folha.com.br/redir/online/mercado/rss091/*https://www1.folha.uol.com.br/mercado/2026/05/agrishow-registra-queda-nas-vendas-pela-primeira-vez-em-11-anos.shtml
2026-05-03 13:58:30,298 [INFO] ✦ NOVA [empresas|score:21] Spirit Airlines se prepara para encerrar operações, diz jornal
2026-05-03 13:58:30,298 [WARNING] 🚨 ALERTA: Spirit Airlines se prepara para encerrar operações, diz jornal
https://redir.folha.com.br/redir/online/mercado/rss091/*https://www1.folha.uol.com.br/mercado/2026/05/spirit-airlines-se-prepara-para-encerrar-operacoes-diz-jornal.shtml
2026-05-03 13:58:31,202 [INFO] ✦ NOVA [tecnologia|score:16] Brasil define regras para cotas no acordo entre Mercosul e União Europ
2026-05-03 13:58:31,202 [WARNING] 🚨 ALERTA: Brasil define regras para cotas no acordo entre Mercosul e União Europeia
https://redir.folha.com.br/redir/online/mercado/rss091/*https://www1.folha.uol.com.br/mercado/2026/05/brasil-define-regras-para-cotas-no-acordo-entre-mercosul-e-uniao-europeia.shtml
2026-05-03 13:58:32,074 [INFO] ✦ NOVA [empresas|score:18] 'Ou come ou paga as contas': os trabalhadores que ganham até R$ 3.000 
2026-05-03 13:58:32,075 [WARNING] 🚨 ALERTA: 'Ou come ou paga as contas': os trabalhadores que ganham até R$ 3.000 e têm o nome sujo
https://redir.folha.com.br/redir/online/mercado/rss091/*https://www1.folha.uol.com.br/mercado/2026/05/ou-come-ou-paga-as-contas-envididados-sonham-com-sorteio-de-pix-no-1o-de-maio.shtml
2026-05-03 13:58:32,938 [INFO] ✦ NOVA [tecnologia|score:18] Trump diz que aumentará tarifas sobre automóveis da UE para 25%
2026-05-03 13:58:32,938 [WARNING] 🚨 ALERTA: Trump diz que aumentará tarifas sobre automóveis da UE para 25%
https://redir.folha.com.br/redir/online/mercado/rss091/*https://www1.folha.uol.com.br/mercado/2026/05/trump-diz-que-aumentara-tarifas-sobre-automoveis-da-ue-para-25.shtml
2026-05-03 13:58:34,055 [INFO] ✦ NOVA [empresas|score:6] Missa na Sé tem defesa da redução da jornada: muitas empresas colocam 
2026-05-03 13:58:34,463 [INFO] ✦ NOVA [bolsas|score:6] Eletronuclear nomeia novo presidente interino
2026-05-03 13:58:34,941 [INFO] ✦ NOVA [empresas|score:18] Petrobras eleva querosene de aviação em 18% a partir desta sexta
2026-05-03 13:58:34,941 [WARNING] 🚨 ALERTA: Petrobras eleva querosene de aviação em 18% a partir desta sexta
https://redir.folha.com.br/redir/online/mercado/rss091/*https://www1.folha.uol.com.br/mercado/2026/05/petrobras-eleva-querosene-de-aviacao-em-18-a-partir-desta-sexta.shtml
2026-05-03 13:58:36,499 [INFO] ✦ NOVA [tecnologia|score:21] Esterco de vaca ajuda Índia a enfrentar alta no preço do petróleo
2026-05-03 13:58:36,500 [WARNING] 🚨 ALERTA: Esterco de vaca ajuda Índia a enfrentar alta no preço do petróleo
https://redir.folha.com.br/redir/online/mercado/rss091/*https://www1.folha.uol.com.br/mercado/2026/05/esterco-de-vaca-ajuda-india-a-enfrentar-alta-no-preco-do-petroleo.shtml
2026-05-03 13:58:37,513 [INFO] ✦ NOVA [tecnologia|score:6] Já passou da hora de reduzir a jornada, mas Congresso não escuta o pov
2026-05-03 13:58:39,026 [INFO] ✦ NOVA [empresas|score:21] TCU quer ser avisado por Fazenda e bancos antes de qualquer operação s
2026-05-03 13:58:39,026 [WARNING] 🚨 ALERTA: TCU quer ser avisado por Fazenda e bancos antes de qualquer operação sobre federalizar BRB
https://redir.folha.com.br/redir/online/mercado/rss091/*https://www1.folha.uol.com.br/mercado/2026/05/tcu-quer-ser-avisado-por-fazenda-e-bancos-antes-de-qualquer-operacao-sobre-federalizar-brb.shtml
2026-05-03 13:58:40,519 [INFO] ✦ NOVA [empresas|score:17] Padarias e floriculturas recebem permissão para abrir nesta sexta na F
2026-05-03 13:58:40,519 [WARNING] 🚨 ALERTA: Padarias e floriculturas recebem permissão para abrir nesta sexta na França
https://redir.folha.com.br/redir/online/mercado/rss091/*https://www1.folha.uol.com.br/mercado/2026/05/padarias-e-floriculturas-recebem-permissao-para-abrir-nesta-sexta-na-franca.shtml
2026-05-03 13:58:41,327 [INFO] ✦ NOVA [tecnologia|score:13] Fazer a diferença no mundo é a principal motivação para empreender no 
2026-05-03 13:58:41,327 [WARNING] 🚨 ALERTA: Fazer a diferença no mundo é a principal motivação para empreender no Brasil, afirma pesquisa
https://redir.folha.com.br/redir/online/mercado/rss091/*https://www1.folha.uol.com.br/colunas/painelsa/2026/05/fazer-a-diferenca-no-mundo-e-a-principal-motivacao-para-empreender-no-brasil-afirma-pesquisa.shtml
2026-05-03 13:58:42,237 [INFO] ✦ NOVA [tecnologia|score:13] Pentágono anuncia acordo com sete empresas de IA, mas Anthropic fica f
2026-05-03 13:58:42,237 [WARNING] 🚨 ALERTA: Pentágono anuncia acordo com sete empresas de IA, mas Anthropic fica fora
https://redir.folha.com.br/redir/online/mercado/rss091/*https://www1.folha.uol.com.br/tec/2026/05/pentagono-anuncia-acordo-com-sete-empresas-de-ia-mas-anthropic-fica-fora.shtml
2026-05-03 13:58:43,072 [INFO] ✦ NOVA [empresas|score:18] Pepsi muda estratégia de negócio e espelha modelo da Coca-Cola para ma
2026-05-03 13:58:43,072 [WARNING] 🚨 ALERTA: Pepsi muda estratégia de negócio e espelha modelo da Coca-Cola para manter rivalidade centenária viva
https://redir.folha.com.br/redir/online/mercado/rss091/*https://www1.folha.uol.com.br/mercado/2026/05/pepsi-muda-estrategia-de-negocio-e-espelha-modelo-da-coca-cola-para-manter-rivalidade-centenaria-viva.shtml
2026-05-03 13:58:43,865 [INFO] ✦ NOVA [bolsas|score:24] Preço do petróleo chega a cair mais de 3% após Irã propor novo acordo 
2026-05-03 13:58:43,866 [WARNING] 🚨 ALERTA: Preço do petróleo chega a cair mais de 3% após Irã propor novo acordo aos EUA
https://redir.folha.com.br/redir/online/mercado/rss091/*https://www1.folha.uol.com.br/mercado/2026/05/preco-do-petroleo-oscila-apos-atingir-us-112-com-novas-ameacas-entre-eua-e-ira.shtml
2026-05-03 13:58:44,673 [INFO] ✦ NOVA [empresas|score:19] Mais da metade das apostas incomuns em ações militares na Polymarket s
2026-05-03 13:58:44,674 [WARNING] 🚨 ALERTA: Mais da metade das apostas incomuns em ações militares na Polymarket são bem-sucedidas
https://redir.folha.com.br/redir/online/mercado/rss091/*https://www1.folha.uol.com.br/mercado/2026/05/mais-da-metade-das-apostas-incomuns-em-acoes-militares-na-polymarket-sao-bem-sucedidas.shtml
2026-05-03 13:58:45,485 [INFO] ✦ NOVA [tecnologia|score:6] Raiva na era do X
2026-05-03 13:58:45,959 [INFO] ✦ NOVA [empresas|score:13] Receita lança painel para empresas com dados de mercado e visa estimul
2026-05-03 13:58:45,959 [WARNING] 🚨 ALERTA: Receita lança painel para empresas com dados de mercado e visa estimular conformidade
https://redir.folha.com.br/redir/online/mercado/rss091/*https://www1.folha.uol.com.br/blogs/que-imposto-e-esse/2026/05/receita-lanca-painel-para-empresas-com-dados-de-mercado-e-visa-estimular-conformidade.shtml
2026-05-03 13:58:53,904 [INFO] ✦ NOVA [empresas|score:13] Álbum de figurinhas da Copa do Mundo aumenta 10% do faturamento de red
2026-05-03 13:58:53,904 [WARNING] 🚨 ALERTA: Álbum de figurinhas da Copa do Mundo aumenta 10% do faturamento de rede de livrarias, estima CEO
https://redir.folha.com.br/redir/online/mercado/rss091/*https://www1.folha.uol.com.br/colunas/painelsa/2026/05/album-de-figurinhas-da-copa-do-mundo-aumenta-10-do-faturamento-de-rede-de-livrarias-estima-ceo.shtml
2026-05-03 13:58:54,748 [INFO] ✦ NOVA [tecnologia|score:18] Guerra no Irã e El Niño ameaçam produção mundial de arroz
2026-05-03 13:58:54,748 [WARNING] 🚨 ALERTA: Guerra no Irã e El Niño ameaçam produção mundial de arroz
https://redir.folha.com.br/redir/online/mercado/rss091/*https://www1.folha.uol.com.br/mercado/2026/05/guerra-no-ira-e-el-nino-ameacam-producao-mundial-de-arroz.shtml
2026-05-03 13:58:55,599 [INFO] ✦ NOVA [empresas|score:13] Importador de foie gras critica proibição e chama projeto de 'absurdo 
2026-05-03 13:58:55,599 [WARNING] 🚨 ALERTA: Importador de foie gras critica proibição e chama projeto de 'absurdo e desnecessário'
https://redir.folha.com.br/redir/online/mercado/rss091/*https://www1.folha.uol.com.br/mercado/2026/05/importador-de-foie-gras-critica-proibicao-e-chama-projeto-de-absurdo-e-desnecessario.shtml
2026-05-03 13:58:56,931 [INFO] ✦ NOVA [tecnologia|score:13] Dia do Trabalho completa 101 anos no Brasil com luta por jornada menor
2026-05-03 13:58:56,931 [WARNING] 🚨 ALERTA: Dia do Trabalho completa 101 anos no Brasil com luta por jornada menor; veja como o feriado surgiu
https://redir.folha.com.br/redir/online/mercado/rss091/*https://www1.folha.uol.com.br/mercado/2026/05/dia-do-trabalho-completa-101-anos-no-brasil-com-luta-por-jornada-menor-veja-como-o-feriado-surgiu.shtml
2026-05-03 13:58:57,759 [INFO] ✦ NOVA [empresas|score:9] Acordo UE-Mercosul entra em vigor nesta sexta (1º); veja o que muda pa
2026-05-03 13:58:57,759 [WARNING] 🚨 ALERTA: Acordo UE-Mercosul entra em vigor nesta sexta (1º); veja o que muda para o Brasil
https://redir.folha.com.br/redir/online/mercado/rss091/*https://www1.folha.uol.com.br/mercado/2026/04/acordo-ue-mercosul-entra-em-vigor-nesta-sexta-1o-veja-o-que-muda-para-o-brasil.shtml
2026-05-03 13:59:01,752 [INFO] ✦ NOVA [tecnologia|score:10] Eleição faz milagre, e fim da escala 6x1 não afeta economia, diz presi
2026-05-03 13:59:01,752 [WARNING] 🚨 ALERTA: Eleição faz milagre, e fim da escala 6x1 não afeta economia, diz presidente do TST
https://redir.folha.com.br/redir/online/mercado/rss091/*https://www1.folha.uol.com.br/mercado/2026/04/eleicao-faz-milagre-e-fim-da-escala-6x1-nao-afeta-economia-diz-presidente-do-tst.shtml
2026-05-03 13:59:02,628 [INFO] ✦ NOVA [empresas|score:21] Empréstimos do Tesouro que driblam meta fiscal crescem 34,5% e chegam 
2026-05-03 13:59:02,628 [WARNING] 🚨 ALERTA: Empréstimos do Tesouro que driblam meta fiscal crescem 34,5% e chegam a R$ 307 bi
https://redir.folha.com.br/redir/online/mercado/rss091/*https://www1.folha.uol.com.br/mercado/2026/04/emprestimos-do-tesouro-que-driblam-meta-fiscal-crescem-345-e-chegam-a-r-307-bi.shtml
2026-05-03 13:59:03,463 [INFO] ✦ NOVA [empresas|score:13] Supermercados BH compra redes Epa e Mineirão e amplia distância do Pão
2026-05-03 13:59:03,463 [WARNING] 🚨 ALERTA: Supermercados BH compra redes Epa e Mineirão e amplia distância do Pão de Açúcar
https://redir.folha.com.br/redir/online/mercado/rss091/*https://www1.folha.uol.com.br/mercado/2026/04/supermercados-bh-compra-redes-epa-e-mineirao-e-amplia-distancia-do-pao-de-acucar.shtml
2026-05-03 13:59:04,387 [INFO] ✦ NOVA [tecnologia|score:13] Musk diz em julgamento que não leu 'letras miúdas' sobre OpenAI se tor
2026-05-03 13:59:04,387 [WARNING] 🚨 ALERTA: Musk diz em julgamento que não leu 'letras miúdas' sobre OpenAI se tornar empresa com fins lucrativos
https://redir.folha.com.br/redir/online/mercado/rss091/*https://www1.folha.uol.com.br/mercado/2026/04/musk-diz-em-julgamento-que-nao-leu-letras-miudas-sobre-openai-se-tornar-empresa-com-fins-lucrativos.shtml
2026-05-03 13:59:05,213 [INFO] ✦ NOVA [tecnologia|score:18] Em pronunciamento, Lula confirma Desenrola 2 com saque do FGTS e veto 
2026-05-03 13:59:05,213 [WARNING] 🚨 ALERTA: Em pronunciamento, Lula confirma Desenrola 2 com saque do FGTS e veto a bets por 1 ano
https://redir.folha.com.br/redir/online/mercado/rss091/*https://www1.folha.uol.com.br/mercado/2026/04/em-pronunciamento-lula-confirma-desenrola-2-com-saque-do-fgts-e-veto-a-bets-por-1-ano.shtml
2026-05-03 13:59:09,202 [INFO] ✦ NOVA [economia_brasil|score:15] Assista à íntegra do pronunciamento de Lula pelo Dia do Trabalho
2026-05-03 13:59:09,202 [WARNING] 🚨 ALERTA: Assista à íntegra do pronunciamento de Lula pelo Dia do Trabalho
https://redir.folha.com.br/redir/online/mercado/rss091/*https://www1.folha.uol.com.br/mercado/2026/04/veja-integra-do-pronunciamento-de-lula-pelo-dia-do-trabalho.shtml
2026-05-03 13:59:10,054 [INFO] ✦ NOVA [tecnologia|score:13] Zuckerberg atribui demissões em massa na Meta a investimentos em IA
2026-05-03 13:59:10,054 [WARNING] 🚨 ALERTA: Zuckerberg atribui demissões em massa na Meta a investimentos em IA
https://redir.folha.com.br/redir/online/mercado/rss091/*https://www1.folha.uol.com.br/mercado/2026/04/zuckerberg-atribui-demissoes-em-massa-na-meta-a-investimentos-em-ia.shtml
2026-05-03 13:59:11,574 [INFO] ✦ NOVA [commodities|score:9] Programa Saúde no Campo leva atendimento gratuito a produtores rurais 
2026-05-03 13:59:11,574 [WARNING] 🚨 ALERTA: Programa Saúde no Campo leva atendimento gratuito a produtores rurais em Mineiros do Tietê
https://g1.globo.com/sp/sorocaba-jundiai/nosso-campo/noticia/2026/05/03/programa-saude-no-campo-leva-atendimento-gratuito-a-produtores-rurais-em-mineiros-do-tiete.ghtml
2026-05-03 13:59:12,305 [INFO] ✦ NOVA [tecnologia|score:13] Tecnologia e gestão transformam agro no Noroeste Paulista
2026-05-03 13:59:12,305 [WARNING] 🚨 ALERTA: Tecnologia e gestão transformam agro no Noroeste Paulista
https://g1.globo.com/sp/sorocaba-jundiai/nosso-campo/noticia/2026/05/03/tecnologia-e-gestao-transformam-agro-no-noroeste-paulista.ghtml
2026-05-03 13:59:12,984 [INFO] ✦ NOVA [tecnologia|score:9] Agrishow reúne 197 mil visitantes e destaca tecnologia e cultura no ca
2026-05-03 13:59:12,984 [WARNING] 🚨 ALERTA: Agrishow reúne 197 mil visitantes e destaca tecnologia e cultura no campo
https://g1.globo.com/sp/sorocaba-jundiai/nosso-campo/noticia/2026/05/03/agrishow-reune-197-mil-visitantes-e-destaca-tecnologia-e-cultura-no-campo.ghtml
2026-05-03 13:59:16,905 [INFO] ✦ NOVA [bolsas|score:18] Empresas nos EUA lacram celulares de funcionários para evitar distraçõ
2026-05-03 13:59:16,906 [WARNING] 🚨 ALERTA: Empresas nos EUA lacram celulares de funcionários para evitar distrações; isso é possível no Brasil?
https://g1.globo.com/trabalho-e-carreira/noticia/2026/05/03/empresas-nos-eua-lacram-celulares-de-funcionarios-para-evitar-distracoes.ghtml
2026-05-03 13:59:17,615 [INFO] ✦ NOVA [empresas|score:16] Por que trabalhadores experientes são uma vantagem competitiva
2026-05-03 13:59:17,615 [WARNING] 🚨 ALERTA: Por que trabalhadores experientes são uma vantagem competitiva
https://g1.globo.com/bemestar/blog/longevidade-modo-de-usar/post/2026/05/03/por-que-trabalhadores-experientes-sao-uma-vantagem-competitiva.ghtml
2026-05-03 13:59:18,328 [INFO] ✦ NOVA [tecnologia|score:12] A empresa chinesa de roupas esportivas que quer desafiar Nike e Adidas
2026-05-03 13:59:18,329 [WARNING] 🚨 ALERTA: A empresa chinesa de roupas esportivas que quer desafiar Nike e Adidas
https://g1.globo.com/economia/noticia/2026/05/03/a-empresa-chinesa-de-roupas-esportivas-que-quer-desafiar-nike-e-adidas.ghtml
2026-05-03 13:59:18,987 [INFO] ✦ NOVA [empresas|score:11] Conheça espécie de banana importada que produz frutos mais doces e cac
2026-05-03 13:59:18,987 [WARNING] 🚨 ALERTA: Conheça espécie de banana importada que produz frutos mais doces e cachos mais pesados no ES
https://g1.globo.com/es/espirito-santo/agronegocios/noticia/2026/05/03/conheca-especie-de-banana-importada-que-produz-frutos-mais-doces-e-cachos-mais-pesados-no-es.ghtml
2026-05-03 13:59:19,689 [INFO] ✦ NOVA [empresas|score:21] DF enfrenta risco fiscal e precisa de ajuste imediato e reformas estru
2026-05-03 13:59:19,689 [WARNING] 🚨 ALERTA: DF enfrenta risco fiscal e precisa de ajuste imediato e reformas estruturais, avaliam especialistas
https://g1.globo.com/df/distrito-federal/noticia/2026/05/03/df-enfrenta-risco-fiscal-e-precisa-de-ajuste-imediato-e-reformas-estruturais-avaliam-especialistas.ghtml
2026-05-03 13:59:23,639 [INFO] ✦ NOVA [economia_brasil|score:24] Como a alta do petróleo afeta o dia a dia da economia global
2026-05-03 13:59:23,639 [WARNING] 🚨 ALERTA: Como a alta do petróleo afeta o dia a dia da economia global
https://g1.globo.com/economia/noticia/2026/05/03/como-a-alta-do-petroleo-afeta-o-dia-a-dia-da-economia-global.ghtml
2026-05-03 13:59:24,328 [INFO] ✦ NOVA [empresas|score:6] Mega-Sena, concurso 3.003: prêmio acumula e vai a R$ 8 milhões
2026-05-03 13:59:25,099 [INFO] ✦ NOVA [commodities|score:6] Mega-Sena pode pagar R$ 3,5 milhões neste sábado; g1 transmite ao vivo
2026-05-03 13:59:25,370 [INFO] ✦ NOVA [tecnologia|score:12] Agrishow: produtores que começaram a plantar lúpulo no quintal apostam
2026-05-03 13:59:25,370 [WARNING] 🚨 ALERTA: Agrishow: produtores que começaram a plantar lúpulo no quintal apostam em água 'sabor cerveja' no interior de SP
https://g1.globo.com/sp/ribeirao-preto-franca/agrishow/noticia/2026/05/02/agrishow-produtores-que-comecaram-a-plantar-lupulo-no-quintal-apostam-em-agua-sabor-cerveja-no-interior-de-sp.ghtml
2026-05-03 13:59:26,049 [INFO] ✦ NOVA [economia_brasil|score:25] Governo alerta para impacto do envelhecimento da população sobre siste
2026-05-03 13:59:26,049 [WARNING] 🚨 ALERTA: Governo alerta para impacto do envelhecimento da população sobre sistemas previdenciário e de saúde
https://g1.globo.com/economia/noticia/2026/05/02/governo-alerta-para-impacto-do-envelhecimento-da-populacao-sobre-sistemas-previdenciario-e-de-saude.ghtml
2026-05-03 13:59:26,694 [INFO] ✦ NOVA [empresas|score:25] O paradoxo da Noruega, país que ganha bilhões com aumento do petróleo 
2026-05-03 13:59:26,694 [WARNING] 🚨 ALERTA: O paradoxo da Noruega, país que ganha bilhões com aumento do petróleo mas o consome cada vez menos
https://g1.globo.com/mundo/noticia/2026/05/02/o-paradoxo-da-noruega-pais-que-ganha-bilhoes-com-aumento-do-petroleo-mas-o-consome-cada-vez-menos.ghtml
2026-05-03 13:59:27,352 [INFO] ✦ NOVA [bolsas|score:6] Lavanderia no Japão viraliza ao dar ‘banho de spa’ em bichos de pelúci
2026-05-03 13:59:27,882 [INFO] ✦ NOVA [empresas|score:14] Spirit Airlines cancela todos os voos nos EUA e encerra atividades apó
2026-05-03 13:59:27,882 [WARNING] 🚨 ALERTA: Spirit Airlines cancela todos os voos nos EUA e encerra atividades após segunda falência
https://g1.globo.com/economia/noticia/2026/05/02/spirit-airlines-falencia.ghtml
2026-05-03 13:59:28,598 [INFO] ✦ NOVA [geral|score:8] 'Iguarias banhadas em sangue': caçadores de trufas arriscam a vida em 
2026-05-03 13:59:28,598 [WARNING] 🚨 ALERTA: 'Iguarias banhadas em sangue': caçadores de trufas arriscam a vida em meio a minas terrestres na Síria
https://g1.globo.com/mundo/noticia/2026/05/02/iguarias-banhadas-em-sangue-cacadores-de-trufas-arriscam-a-vida-em-meio-a-minas-terrestres-na-siria.ghtml
2026-05-03 13:59:29,283 [INFO] ✦ NOVA [empresas|score:21] Acordo UE-Mercosul: veja os produtos protegidos contra imitação — e qu
2026-05-03 13:59:29,283 [WARNING] 🚨 ALERTA: Acordo UE-Mercosul: veja os produtos protegidos contra imitação — e que podem deixar de ser feitos no Brasil
https://g1.globo.com/economia/agronegocios/noticia/2026/05/02/acordo-ue-mercosul-veja-os-produtos-protegidos-contra-imitacao-e-que-podem-deixar-de-ser-feitos-no-brasil.ghtml
2026-05-03 13:59:29,978 [INFO] ✦ NOVA [commodities|score:16] Petrobras eleva preço do gás natural em 19,2% a partir desta sexta-fei
2026-05-03 13:59:29,978 [WARNING] 🚨 ALERTA: Petrobras eleva preço do gás natural em 19,2% a partir desta sexta-feira
https://g1.globo.com/economia/noticia/2026/05/01/petrobras-gas-natural.ghtml
2026-05-03 13:59:30,732 [INFO] ✦ NOVA [commodities|score:25] Governo Trump estima que bloqueio no Golfo de Omã já custa US$ 4,8 bil
2026-05-03 13:59:30,732 [WARNING] 🚨 ALERTA: Governo Trump estima que bloqueio no Golfo de Omã já custa US$ 4,8 bilhões ao Irã, diz site
https://g1.globo.com/economia/noticia/2026/05/01/bloqueio-no-golfo-de-oma-impactos.ghtml
2026-05-03 13:59:31,433 [INFO] ✦ NOVA [empresas|score:18] 'Não dá para muita coisa': Venezuela aumenta salário para R$ 1.200 e d
2026-05-03 13:59:31,433 [WARNING] 🚨 ALERTA: 'Não dá para muita coisa': Venezuela aumenta salário para R$ 1.200 e divide opiniões
https://g1.globo.com/mundo/noticia/2026/05/01/nao-da-para-muita-coisa-venezuela-aumenta-salario-para-r-1200-e-divide-opinioes.ghtml
2026-05-03 13:59:32,155 [INFO] ✦ NOVA [empresas|score:12] Acordo Mercosul-UE: Brasil deve ampliar exportações em até US$ 1 bilhã
2026-05-03 13:59:32,156 [WARNING] 🚨 ALERTA: Acordo Mercosul-UE: Brasil deve ampliar exportações em até US$ 1 bilhão em um ano, estima agência
https://g1.globo.com/economia/noticia/2026/05/01/acordo-mercosul-ue-brasil-deve-ampliar-exportacoes-em-ate-us-1-bilhao-em-um-ano-estima-agencia.ghtml
2026-05-03 13:59:32,846 [INFO] ✦ NOVA [empresas|score:24] Agrishow tem queda de 22% no volume de negócios em meio a guerra no Or
2026-05-03 13:59:32,846 [WARNING] 🚨 ALERTA: Agrishow tem queda de 22% no volume de negócios em meio a guerra no Oriente Médio e altas taxas de juros
https://g1.globo.com/sp/ribeirao-preto-franca/agrishow/noticia/2026/05/01/agrishow-tem-queda-de-22percent-no-volume-de-negocios-em-meio-a-guerra-no-oriente-medio-e-altas-taxas-de-juros.ghtml
2026-05-03 13:59:33,518 [INFO] ✦ NOVA [empresas|score:9] Associação Internacional de Radiodifusão cobra proteção a jornalistas 
2026-05-03 13:59:33,518 [WARNING] 🚨 ALERTA: Associação Internacional de Radiodifusão cobra proteção a jornalistas no Dia Mundial da Liberdade de Imprensa
https://g1.globo.com/economia/midia-e-marketing/noticia/2026/05/01/associacao-internacional-de-radiodifusao-dia-mundial-da-liberdade-de-imprensa.ghtml
2026-05-03 13:59:34,209 [INFO] ✦ NOVA [economia_global|score:7] Trump diz que vai elevar tarifas sobre carros e caminhões da União Eur
2026-05-03 13:59:34,454 [INFO] ✦ NOVA [economia_brasil|score:13] No Dia do Trabalhador, Lula cita queda no desemprego, ampliação da lic
2026-05-03 13:59:34,454 [WARNING] 🚨 ALERTA: No Dia do Trabalhador, Lula cita queda no desemprego, ampliação da licença-paternidade e redução do IR
https://g1.globo.com/politica/noticia/2026/05/01/no-dia-do-trabalhador-lula-cita-queda-no-desemprego-ampliacao-da-licenca-paternidade-e-reducao-do-ir.ghtml
2026-05-03 13:59:35,169 [INFO] ✦ NOVA [tecnologia|score:17] Elon Musk admite uso de tecnologia do ChatGPT no treinamento do Grok
2026-05-03 13:59:35,169 [WARNING] 🚨 ALERTA: Elon Musk admite uso de tecnologia do ChatGPT no treinamento do Grok
https://g1.globo.com/tecnologia/noticia/2026/05/01/elon-musk-admite-uso-de-tecnologia-do-chatgpt-no-treinamento-do-grok.ghtml
2026-05-03 13:59:35,872 [INFO] ✦ NOVA [commodities|score:9] Petrobras eleva querosene de aviação em 18% a partir desta sexta
2026-05-03 13:59:35,872 [WARNING] 🚨 ALERTA: Petrobras eleva querosene de aviação em 18% a partir desta sexta
https://g1.globo.com/economia/noticia/2026/05/01/petrobras-eleva-querosene-de-aviacao-em-18-a-partir-desta-sexta.ghtml
2026-05-03 13:59:36,556 [INFO] ✦ NOVA [tecnologia|score:14] Pentágono fecha acordos com gigantes de IA para uso militar; Anthropic
2026-05-03 13:59:36,556 [WARNING] 🚨 ALERTA: Pentágono fecha acordos com gigantes de IA para uso militar; Anthropic fica de fora
https://g1.globo.com/tecnologia/noticia/2026/05/01/pentagono-fecha-acordos-com-principais-empresas-de-ia.ghtml
2026-05-03 13:59:37,407 [INFO] ✦ NOVA [tecnologia|score:12] SpaceX já gastou US$ 15 bilhões para viabilizar foguete reutilizável
2026-05-03 13:59:37,408 [WARNING] 🚨 ALERTA: SpaceX já gastou US$ 15 bilhões para viabilizar foguete reutilizável
https://g1.globo.com/tecnologia/noticia/2026/05/01/spacex-us-15-bilhoes-foguete-totalmente-reutilizavel.ghtml
2026-05-03 13:59:38,256 [INFO] ✦ NOVA [bolsas|score:24] Petróleo recua com proposta do Irã, mas barril segue acima de US$ 110
2026-05-03 13:59:38,256 [WARNING] 🚨 ALERTA: Petróleo recua com proposta do Irã, mas barril segue acima de US$ 110
https://g1.globo.com/economia/noticia/2026/05/01/cotacao-petroleo.ghtml
2026-05-03 13:59:38,940 [INFO] ✦ NOVA [empresas|score:14] Projeto no Pará revoluciona o cultivo de dendê e eleva produção em até
2026-05-03 13:59:38,940 [WARNING] 🚨 ALERTA: Projeto no Pará revoluciona o cultivo de dendê e eleva produção em até 38%; saiba mais
https://g1.globo.com/economia/agronegocios/globo-rural/noticia/2026/05/01/projeto-no-para-revoluciona-o-cultivo-de-dende-e-eleva-producao-em-ate-38percent-saiba-mais.ghtml
2026-05-03 13:59:39,627 [INFO] ✦ NOVA [empresas|score:21] Afastamentos por burnout crescem mais de 800% em quatro anos; entenda 
2026-05-03 13:59:39,627 [WARNING] 🚨 ALERTA: Afastamentos por burnout crescem mais de 800% em quatro anos; entenda o que está por trás do esgotamento no trabalho
https://g1.globo.com/trabalho-e-carreira/noticia/2026/05/01/afastamentos-por-burnout-crescem-mais-de-800percent-em-quatro-anos-entenda-o-que-esta-por-tras-do-esgotamento-no-trabalho.ghtml
2026-05-03 13:59:40,360 [INFO] ✦ NOVA [economia_brasil|score:28] Equipe econômica estima alta de gastos públicos três vezes acima do li
2026-05-03 13:59:40,360 [WARNING] 🚨 ALERTA: Equipe econômica estima alta de gastos públicos três vezes acima do limite da regra fiscal em 2026
https://g1.globo.com/economia/noticia/2026/05/01/equipe-economica-estima-alta-de-gastos-publicos-tres-vezes-acima-do-limite-da-regra-fiscal-em-2026.ghtml
2026-05-03 13:59:41,403 [INFO] ✦ NOVA [bolsas|score:6] 'Trabalho mais perigoso do mundo': o cientista que percorre o labirint
2026-05-03 13:59:41,745 [INFO] ✦ NOVA [bolsas|score:6] Cinco datas para tirar férias ainda em 2026 e 'ganhar' até seis dias d
2026-05-03 13:59:42,592 [INFO] ✦ NOVA [bolsas|score:6] Bolsa Família 2026: veja calendário de pagamentos em maio
2026-05-03 13:59:42,895 [INFO] ✦ NOVA [tecnologia|score:20] Chegou a hora: veja quem ganha e quem perde no Brasil com o acordo UE-
2026-05-03 13:59:42,896 [WARNING] 🚨 ALERTA: Chegou a hora: veja quem ganha e quem perde no Brasil com o acordo UE-Mercosul
https://g1.globo.com/economia/noticia/2026/05/01/veja-quem-ganha-e-quem-perde-no-brasil-com-o-acordo-ue-mercosul.ghtml
2026-05-03 13:59:43,624 [INFO] ✦ NOVA [empresas|score:12] Acordo UE-Mercosul começa a valer; veja o que está em jogo para o agro
2026-05-03 13:59:43,624 [WARNING] 🚨 ALERTA: Acordo UE-Mercosul começa a valer; veja o que está em jogo para o agro — de frutas a carnes e café
https://g1.globo.com/economia/agronegocios/noticia/2026/05/01/acordo-ue-mercosul-veja-o-que-esta-em-jogo-para-o-agro.ghtml
2026-05-03 13:59:44,344 [INFO] ✦ NOVA [empresas|score:9] Acordo UE-Mercosul: imposto do vinho europeu começa a cair nesta sexta
2026-05-03 13:59:44,344 [WARNING] 🚨 ALERTA: Acordo UE-Mercosul: imposto do vinho europeu começa a cair nesta sexta e zera em 2034; veja datas
https://g1.globo.com/economia/agronegocios/noticia/2026/05/01/acordo-ue-mercosul-imposto-do-vinho-europeu-comeca-a-cair-nesta-sexta-e-zera-em-2034-veja-datas.ghtml
2026-05-03 13:59:45,050 [INFO] ✦ NOVA [economia_brasil|score:13] Uso do FGTS, juros de até 1,99%, dívidas do Fies: o que se sabe sobre 
2026-05-03 13:59:45,050 [WARNING] 🚨 ALERTA: Uso do FGTS, juros de até 1,99%, dívidas do Fies: o que se sabe sobre o pacote contra o endividamento
https://g1.globo.com/economia/noticia/2026/05/01/o-que-se-sabe-sobre-o-pacote-contra-o-endividamento.ghtml
2026-05-03 13:59:45,744 [INFO] ✦ NOVA [empresas|score:6] Mega-Sena, concurso 3.002: aposta de Curitiba acerta as seis dezenas e
2026-05-03 13:59:46,097 [INFO] ✦ NOVA [bolsas|score:6] Supermercados BH, EPA e Mineirão assinam acordo para unir operações em
2026-05-03 13:59:46,449 [INFO] ✦ NOVA [tecnologia|score:9] Agrishow: comando de trator que se assemelha a 'videogame' torna rotin
2026-05-03 13:59:46,449 [WARNING] 🚨 ALERTA: Agrishow: comando de trator que se assemelha a 'videogame' torna rotina do produtor mais intuitiva e econômica
https://g1.globo.com/sp/ribeirao-preto-franca/agrishow/noticia/2026/04/30/agrishow-comando-de-trator-que-se-assemelha-a-videogame-torna-rotina-do-produtor-mais-intuitiva-e-economica.ghtml
2026-05-03 13:59:55,479 [INFO] ✦ NOVA [commodities|score:9] Após visita do rei Charles III, Trump diz que vai suspender tarifas so
2026-05-03 13:59:55,479 [WARNING] 🚨 ALERTA: Após visita do rei Charles III, Trump diz que vai suspender tarifas sobre uísque da Escócia
https://g1.globo.com/economia/noticia/2026/04/30/trump-tarifas-uisque.ghtml
2026-05-03 13:59:56,250 [INFO] ✦ NOVA [economia_brasil|score:22] Confiança do consumidor cai e entra em campo pessimista em abril, segu
2026-05-03 13:59:56,250 [WARNING] 🚨 ALERTA: Confiança do consumidor cai e entra em campo pessimista em abril, segundo Ipsos
https://g1.globo.com/economia/noticia/2026/04/30/confianca-do-consumidor-cai-e-entra-em-campo-pessimista-em-abril-segundo-ipsos.ghtml
2026-05-03 13:59:56,934 [INFO] ✦ NOVA [empresas|score:23] Vale anuncia R$ 12 bi em investimentos no ES na celebração dos 60 anos
2026-05-03 13:59:56,934 [WARNING] 🚨 ALERTA: Vale anuncia R$ 12 bi em investimentos no ES na celebração dos 60 anos de Tubarão em Vitória
https://g1.globo.com/es/espirito-santo/noticia/2026/04/30/vale-anuncia-r-12-bi-em-investimentos-no-es-na-celebracao-dos-60-anos-de-tubarao-em-vitoria.ghtml
2026-05-03 13:59:57,635 [INFO] ✦ NOVA [tecnologia|score:6] Jaecco 7 ganha versão mais barata, de R$ 179.990; SUV híbrido plug-in 
2026-05-03 13:59:57,939 [INFO] ✦ NOVA [empresas|score:16] Reforma tributária: ministro da Fazenda diz que empresas terão apenas 
2026-05-03 13:59:57,940 [WARNING] 🚨 ALERTA: Reforma tributária: ministro da Fazenda diz que empresas terão apenas de enviar notas fiscais; declaração será pré-preenchida
https://g1.globo.com/economia/noticia/2026/04/30/reforma-tributaria-ministro-da-fazenda-diz-que-empresas-terao-apenas-de-enviar-notas-fiscais-declaracao-sera-pre-preenchida.ghtml
2026-05-03 13:59:58,650 [INFO] ✦ NOVA [bolsas|score:18] Governo, estados e municípios publicam regulamento da reforma tributár
2026-05-03 13:59:58,650 [WARNING] 🚨 ALERTA: Governo, estados e municípios publicam regulamento da reforma tributária sobre o consumo, que começa em 2027
https://g1.globo.com/economia/noticia/2026/04/30/governo-estados-e-municipios-publicam-regulamento-da-reforma-tributaria-sobre-o-consumo-que-comeca-em-2027.ghtml
2026-05-03 14:00:02,676 [INFO] ✦ NOVA [economia_global|score:14] Acordo entre Mercosul e União Europeia entra em vigor de forma provisó
2026-05-03 14:00:02,676 [WARNING] 🚨 ALERTA: Acordo entre Mercosul e União Europeia entra em vigor de forma provisória nesta sexta-feira
https://g1.globo.com/economia/noticia/2026/04/30/acordo-mercosul-uniao-europeia.ghtml
2026-05-03 14:00:03,413 [INFO] ✦ NOVA [tecnologia|score:9] Anatel suspende leilão da faixa 700 MHz após decisão da Justiça
2026-05-03 14:00:03,413 [WARNING] 🚨 ALERTA: Anatel suspende leilão da faixa 700 MHz após decisão da Justiça
https://g1.globo.com/tecnologia/noticia/2026/04/30/anatel-confirma-suspensao-do-leilao-da-faixa-700-mhz-por-decisao-da-justica.ghtml
2026-05-03 14:00:04,115 [INFO] ✦ NOVA [empresas|score:16] Com novo CEO brasileiro, Coca-Cola encolhe embalagens para driblar que
2026-05-03 14:00:04,115 [WARNING] 🚨 ALERTA: Com novo CEO brasileiro, Coca-Cola encolhe embalagens para driblar queda no consumo e inflação
https://g1.globo.com/economia/noticia/2026/04/30/ceo-coca-cola-embalagens-consumo.ghtml
2026-05-03 14:00:04,906 [INFO] ✦ NOVA [commodities|score:21] Como possível ação dos EUA no Irã elevou petróleo ao maior nível desde
2026-05-03 14:00:04,907 [WARNING] 🚨 ALERTA: Como possível ação dos EUA no Irã elevou petróleo ao maior nível desde 2022
https://g1.globo.com/economia/noticia/2026/04/30/como-possivel-acao-dos-eua-no-ira-elevou-petroleo-ao-maior-nivel-desde-2022.ghtml
2026-05-03 14:00:05,618 [INFO] ✦ NOVA [bolsas|score:6] Veja dicas para o cultivo e poda do cacau
2026-05-03 14:00:05,960 [INFO] ✦ NOVA [bolsas|score:13] Reforma tributária: penalidade por não preencher nota fiscal com impos
2026-05-03 14:00:05,960 [WARNING] 🚨 ALERTA: Reforma tributária: penalidade por não preencher nota fiscal com impostos sobre consumo começa em 2027
https://g1.globo.com/economia/noticia/2026/04/30/reforma-tributaria-penalidade-por-nao-preencher-nota-fiscal-com-impostos-sobre-consumo-comeca-em-agosto.ghtml
2026-05-03 14:00:10,093 [INFO] ✦ NOVA [bancos_centrais|score:21] Argentina vai aumentar impostos sobre combustíveis em maio
2026-05-03 14:00:10,093 [WARNING] 🚨 ALERTA: Argentina vai aumentar impostos sobre combustíveis em maio
https://g1.globo.com/economia/noticia/2026/04/30/argentina-vai-aumentar-impostos-sobre-combustiveis.ghtml
2026-05-03 14:00:10,808 [INFO] ✦ NOVA [tecnologia|score:13] NR-1: Ministro diz que norma não será adiada sem acordo entre empresas
2026-05-03 14:00:10,809 [WARNING] 🚨 ALERTA: NR-1: Ministro diz que norma não será adiada sem acordo entre empresas e trabalhadores
https://g1.globo.com/trabalho-e-carreira/noticia/2026/04/30/nr-1-ministro-diz-que-norma-nao-sera-adiada-sem-acordo.ghtml
2026-05-03 14:00:11,582 [INFO] ✦ NOVA [commodities|score:9] Voos comerciais entre Miami e Caracas são retomados após sete anos
2026-05-03 14:00:11,582 [WARNING] 🚨 ALERTA: Voos comerciais entre Miami e Caracas são retomados após sete anos
https://g1.globo.com/mundo/noticia/2026/04/30/voos-comerciais-de-miami-a-caracas-sao-retomados-apos-sete-anos.ghtml
2026-05-03 14:00:12,323 [INFO] ✦ NOVA [bolsas|score:25] Dólar cai a R$ 4,95 e fecha no menor valor em mais de dois anos, com j
2026-05-03 14:00:12,323 [WARNING] 🚨 ALERTA: Dólar cai a R$ 4,95 e fecha no menor valor em mais de dois anos, com juros e petróleo no radar
https://g1.globo.com/economia/noticia/2026/04/30/dolar-ibovespa.ghtml
2026-05-03 14:00:13,047 [INFO] ✦ NOVA [empresas|score:13] Desemprego sobe a 6,1% no trimestre até março, mas mantém mínima histó
2026-05-03 14:00:13,047 [WARNING] 🚨 ALERTA: Desemprego sobe a 6,1% no trimestre até março, mas mantém mínima histórica para o período
https://g1.globo.com/economia/noticia/2026/04/30/pnad-desemprego-marco.ghtml
2026-05-03 14:00:17,075 [INFO] ✦ NOVA [empresas|score:6] Lula sinaliza a aliados que não vai abrir mão de nova indicação para o
2026-05-03 14:00:17,392 [INFO] ✦ NOVA [economia_brasil|score:23] Déficit de R$ 80,7 bilhões das contas públicas em março leva dívida a 
2026-05-03 14:00:17,392 [WARNING] 🚨 ALERTA: Déficit de R$ 80,7 bilhões das contas públicas em março leva dívida a 80% do PIB, maior nível em quase 5 anos
https://g1.globo.com/economia/noticia/2026/04/30/contas-publicas-tem-deficit-de-r-807-bilhoes-em-marco-divida-sobe-para-80percent-do-pib.ghtml
2026-05-03 14:00:18,398 [INFO] ✦ NOVA [economia_brasil|score:18] Banco Central decreta liquidação extrajudicial de corretora de câmbio 
2026-05-03 14:00:18,398 [WARNING] 🚨 ALERTA: Banco Central decreta liquidação extrajudicial de corretora de câmbio em São Paulo
https://g1.globo.com/economia/noticia/2026/04/30/banco-central-liquidacao-extrajudicial-corretora-de-cambio.ghtml
2026-05-03 14:00:19,429 [INFO] ✦ NOVA [economia_global|score:16] Bloqueio em Ormuz pode fazer receitas do petróleo do Irã ‘cair para ze
2026-05-03 14:00:19,429 [WARNING] 🚨 ALERTA: Bloqueio em Ormuz pode fazer receitas do petróleo do Irã ‘cair para zero’, diz analista
https://g1.globo.com/economia/noticia/2026/04/30/bloqueio-em-ormuz-pode-fazer-receitas-do-petroleo-do-ira-cair-para-zero-diz-analista.ghtml
2026-05-03 14:00:20,160 [INFO] ✦ NOVA [commodities|score:11] Chefe da agência de energia faz alerta: mundo pode enfrentar a maior c
2026-05-03 14:00:20,160 [WARNING] 🚨 ALERTA: Chefe da agência de energia faz alerta: mundo pode enfrentar a maior crise energética da história
https://g1.globo.com/economia/noticia/2026/04/30/chefe-da-agencia-de-energia-faz-alerta-mundo-pode-enfrentar-a-maior-crise-energetica-da-historia.ghtml
2026-05-03 14:00:20,879 [INFO] ✦ NOVA [bolsas|score:21] Petróleo Brent ultrapassa US$ 125 após Trump indicar que manterá bloqu
2026-05-03 14:00:20,879 [WARNING] 🚨 ALERTA: Petróleo Brent ultrapassa US$ 125 após Trump indicar que manterá bloqueio em Ormuz
https://g1.globo.com/economia/noticia/2026/04/30/petroleo-brent-ultrapassa-us-125.ghtml
2026-05-03 14:00:21,947 [INFO] ✦ NOVA [commodities|score:6] Mega-Sena pode pagar R$ 130 milhões nesta quinta-feira; g1 transmite a
2026-05-03 14:00:22,423 [INFO] ✦ NOVA [empresas|score:12] Presença digital virou regra para trabalhadores? Veja dicas de como nã
2026-05-03 14:00:22,423 [WARNING] 🚨 ALERTA: Presença digital virou regra para trabalhadores? Veja dicas de como não errar nas redes sociais
https://g1.globo.com/empreendedorismo/guia-do-empreendedor/noticia/2026/04/30/presenca-digital-virou-regra-para-trabalhadores-veja-dicas-de-como-nao-errar-nas-redes-sociais.ghtml
2026-05-03 14:00:23,109 [INFO] ✦ NOVA [empresas|score:6] Como fazer a declaração anual de MEI?
2026-05-03 14:00:23,420 [INFO] ✦ NOVA [empresas|score:9] Licença‑paternidade de até 20 dias: o que muda para MEIs?
2026-05-03 14:00:23,420 [WARNING] 🚨 ALERTA: Licença‑paternidade de até 20 dias: o que muda para MEIs?
https://g1.globo.com/empreendedorismo/guia-do-empreendedor/noticia/2026/04/30/licencapaternidade-de-ate-20-dias-o-que-muda-para-meis.ghtml
2026-05-03 14:00:24,118 [INFO] ✦ NOVA [empresas|score:14] Veja os serviços e como funciona o Contrata+Brasil, plataforma que con
2026-05-03 14:00:24,118 [WARNING] 🚨 ALERTA: Veja os serviços e como funciona o Contrata+Brasil, plataforma que conecta MEIs às contratações públicas
https://g1.globo.com/empreendedorismo/guia-do-empreendedor/noticia/2026/04/30/veja-os-servicos-e-como-funciona-o-contratabrasil-plataforma-que-conecta-meis-as-contratacoes-publicas.ghtml
2026-05-03 14:00:24,813 [INFO] ✦ NOVA [economia_global|score:21] Por que o ouro perdeu brilho em meio à guerra no Oriente Médio?
2026-05-03 14:00:24,813 [WARNING] 🚨 ALERTA: Por que o ouro perdeu brilho em meio à guerra no Oriente Médio?
https://g1.globo.com/economia/noticia/2026/04/30/por-que-o-ouro-perdeu-brilho-em-meio-a-guerra-no-oriente-medio.ghtml
2026-05-03 14:00:25,518 [INFO] ✦ NOVA [empresas|score:9] Vai trabalhar no feriado de 1º de maio? Veja quais são os seus direito
2026-05-03 14:00:25,518 [WARNING] 🚨 ALERTA: Vai trabalhar no feriado de 1º de maio? Veja quais são os seus direitos
https://g1.globo.com/trabalho-e-carreira/noticia/2026/04/30/vai-trabalhar-no-feriado-de-1o-de-maio-veja-quais-sao-os-seus-direitos.ghtml
2026-05-03 14:00:26,200 [INFO] ✦ NOVA [empresas|score:11] Imposto de Renda 2026: os erros mais comuns na declaração e como evita
2026-05-03 14:00:26,200 [WARNING] 🚨 ALERTA: Imposto de Renda 2026: os erros mais comuns na declaração e como evitar a malha fina
https://g1.globo.com/economia/noticia/2026/04/30/imposto-de-renda-2026-os-erros-mais-comuns-na-declaracao-e-como-evitar-a-malha-fina.ghtml
2026-05-03 14:00:27,253 [INFO] ✦ NOVA [tecnologia|score:16] Receita da Alphabet cresce mais de 20%, com melhor trimestre da histór
2026-05-03 14:00:27,253 [WARNING] 🚨 ALERTA: Receita da Alphabet cresce mais de 20%, com melhor trimestre da história de unidade de nuvem após boom de IA
https://g1.globo.com/tecnologia/noticia/2026/04/29/receita-da-alphabet-cresce-mais-de-20percent-com-melhor-trimestre-da-historia-de-unidade-de-nuvem-apos-boom-de-ia.ghtml
2026-05-03 14:00:28,211 [INFO] ✦ NOVA [economia_brasil|score:15] Apesar de corte na Selic, Brasil segue em 2º no ranking de maiores jur
2026-05-03 14:00:28,211 [WARNING] 🚨 ALERTA: Apesar de corte na Selic, Brasil segue em 2º no ranking de maiores juros reais do mundo; veja lista
https://g1.globo.com/economia/noticia/2026/04/29/brasil-ranking-juros-reais-abril.ghtml
2026-05-03 14:00:28,917 [INFO] ✦ NOVA [economia_brasil|score:25] Copom reduz a taxa básica de juros da economia, a Selic, de 14,75% par
2026-05-03 14:00:28,917 [WARNING] 🚨 ALERTA: Copom reduz a taxa básica de juros da economia, a Selic, de 14,75% para 14,5% ao ano
https://g1.globo.com/economia/noticia/2026/04/29/copom-reduz-a-taxa-basica-de-juros-da-economia-a-selic-de-1475percent-para-145percent-ao-ano.ghtml
2026-05-03 14:00:29,630 [INFO] ✦ NOVA [economia_brasil|score:18] TCU manda INSS suspender concessão de novos empréstimos pessoais consi
2026-05-03 14:00:29,630 [WARNING] 🚨 ALERTA: TCU manda INSS suspender concessão de novos empréstimos pessoais consignados até ajustes internos
https://g1.globo.com/economia/noticia/2026/04/29/tcu-manda-inss-suspender-concessao-de-novos-emprestimos-pessoais-consignados-ate-ajustes-internos.ghtml
2026-05-03 14:00:30,658 [INFO] ✦ NOVA [empresas|score:20] MPT pede condenação da JBS de R$ 118 milhões por comprar de fazendas n
2026-05-03 14:00:30,659 [WARNING] 🚨 ALERTA: MPT pede condenação da JBS de R$ 118 milhões por comprar de fazendas na 'lista suja' do trabalho escravo no PA
https://g1.globo.com/pa/para/noticia/2026/04/29/mpt-pede-condenacao-jbs-r-118-milhoes-fazendas-fornecedoras-na-lista-suja-trabalho-escravo-no-pa.ghtml
2026-05-03 14:00:31,343 [INFO] ✦ NOVA [empresas|score:14] Produção e venda de foie gras podem passar a ser consideradas maus-tra
2026-05-03 14:00:31,343 [WARNING] 🚨 ALERTA: Produção e venda de foie gras podem passar a ser consideradas maus-tratos a animais no Brasil; entenda
https://g1.globo.com/economia/agronegocios/noticia/2026/04/29/producao-e-venda-de-foie-gras-podem-passar-a-ser-consideradas-maus-tratos-a-animais-no-brasil-entenda.ghtml
2026-05-03 14:00:32,122 [INFO] ✦ NOVA [economia_global|score:19] Powell diz que permanecerá no Fed como diretor após o fim do mandato c
2026-05-03 14:00:32,122 [WARNING] 🚨 ALERTA: Powell diz que permanecerá no Fed como diretor após o fim do mandato como presidente
https://g1.globo.com/economia/noticia/2026/04/29/powell-permanencia-fed.ghtml
2026-05-03 14:00:32,887 [INFO] ✦ NOVA [economia_brasil|score:15] Trabalhadores poderão usar 20% do FGTS para pagar dívidas; governo dev
2026-05-03 14:00:32,887 [WARNING] 🚨 ALERTA: Trabalhadores poderão usar 20% do FGTS para pagar dívidas; governo deve liberar R$ 4,5 bilhões do fundo
https://g1.globo.com/economia/noticia/2026/04/29/governo-deve-liberar-r-45-bilhoes-do-fgts-para-reduzir-endividamento-diz-ministro-do-trabalho.ghtml
2026-05-03 14:00:33,569 [INFO] ✦ NOVA [commodities|score:14] Trump comemora saída dos Emirados Árabes Unidos da Opep
2026-05-03 14:00:33,569 [WARNING] 🚨 ALERTA: Trump comemora saída dos Emirados Árabes Unidos da Opep
https://g1.globo.com/economia/noticia/2026/04/29/trump-comemora-saida-dos-emirados-arabes-unidos-da-opep.ghtml
2026-05-03 14:00:34,357 [INFO] ✦ NOVA [economia_brasil|score:18] Tesouro diz que faltam dados para União garantir crédito para o BRB, m
2026-05-03 14:00:34,358 [WARNING] 🚨 ALERTA: Tesouro diz que faltam dados para União garantir crédito para o BRB, mas afirma que regras atuais impedem concessão
https://g1.globo.com/df/distrito-federal/noticia/2026/04/29/tesouro-nacional-diz-que-faltam-informacoes-para-operacao-de-credito-do-gdf-ao-brb-mas-indica-que-sera-rejeitado.ghtml
2026-05-03 14:00:35,049 [INFO] ✦ NOVA [economia_global|score:25] Fed mantém juros dos EUA na faixa de 3,50% a 3,75% ao ano em última de
2026-05-03 14:00:35,050 [WARNING] 🚨 ALERTA: Fed mantém juros dos EUA na faixa de 3,50% a 3,75% ao ano em última decisão com Powell na presidência
https://g1.globo.com/economia/noticia/2026/04/29/fed-juros-abril.ghtml
2026-05-03 14:00:35,874 [INFO] ✦ NOVA [economia_brasil|score:18] DF envia ao Ministério da Fazenda pedido de garantia para empréstimo d
2026-05-03 14:00:35,875 [WARNING] 🚨 ALERTA: DF envia ao Ministério da Fazenda pedido de garantia para empréstimo de R$ 6,6 bilhões do FGC ao BRB
https://g1.globo.com/df/distrito-federal/noticia/2026/04/29/df-envia-ao-ministerio-da-fazenda-pedido-de-garantia-para-emprestimo-de-r-66-bilhoes-do-fgc-ao-brb.ghtml
2026-05-03 14:00:36,560 [INFO] ✦ NOVA [economia_brasil|score:10] Brasil cria 228,2 mil vagas de emprego formal em março, quase três vez
2026-05-03 14:00:36,560 [WARNING] 🚨 ALERTA: Brasil cria 228,2 mil vagas de emprego formal em março, quase três vezes mais que 2025
https://g1.globo.com/economia/noticia/2026/04/29/brasil-cria-2282-mil-vagas-de-emprego-formal-em-marco-quase-tres-vezes-mais-que-2025.ghtml
2026-05-03 14:00:37,269 [INFO] ✦ NOVA [economia_brasil|score:23] Contas do governo têm déficit de R$ 73,8 bilhões em março, pior result
2026-05-03 14:00:37,269 [WARNING] 🚨 ALERTA: Contas do governo têm déficit de R$ 73,8 bilhões em março, pior resultado para o mês da história
https://g1.globo.com/economia/noticia/2026/04/29/contas-do-governo-tem-deficit-de-r-737-bilhoes-em-marco.ghtml
2026-05-03 14:00:38,080 [INFO] ✦ NOVA [commodities|score:17] Petróleo sobe a US$ 118 e tem maior patamar em quase quatro anos, com 
2026-05-03 14:00:38,081 [WARNING] 🚨 ALERTA: Petróleo sobe a US$ 118 e tem maior patamar em quase quatro anos, com Oriente Médio no radar
https://g1.globo.com/economia/noticia/2026/04/29/petroleo-sobe-com-oriente-medio-no-radar.ghtml
2026-05-03 14:00:38,828 [INFO] ✦ NOVA [economia_brasil|score:13] Caiado diz que é 'agro raiz' e critica políticos que se aproximam do s
2026-05-03 14:00:38,828 [WARNING] 🚨 ALERTA: Caiado diz que é 'agro raiz' e critica políticos que se aproximam do setor por conveniência
https://g1.globo.com/sp/ribeirao-preto-franca/agrishow/noticia/2026/04/29/caiado-diz-que-e-agro-raiz-e-critica-politicos-que-se-aproximam-do-setor-por-conveniencia.ghtml
2026-05-03 14:00:39,682 [INFO] ✦ NOVA [economia_global|score:18] Comissão do Senado dos EUA aprova indicação de Trump para o Fed
2026-05-03 14:00:39,682 [WARNING] 🚨 ALERTA: Comissão do Senado dos EUA aprova indicação de Trump para o Fed
https://g1.globo.com/economia/noticia/2026/04/29/comissao-do-senado-dos-eua-aprova-indicacao-de-trump-para-o-fed.ghtml
2026-05-03 14:00:40,387 [INFO] ✦ NOVA [tecnologia|score:12] Documentos mostram que apenas Elon Musk pode demitir Elon Musk da Spac
2026-05-03 14:00:40,387 [WARNING] 🚨 ALERTA: Documentos mostram que apenas Elon Musk pode demitir Elon Musk da SpaceX, diz agência
https://g1.globo.com/tecnologia/noticia/2026/04/29/so-elon-musk-pode-demitir-elon-musk-da-spacex.ghtml
2026-05-03 14:00:41,695 [INFO] ✦ NOVA [tecnologia|score:17] Famílias de vítimas processam dona do ChatGPT por massacre que deixou 
2026-05-03 14:00:41,695 [WARNING] 🚨 ALERTA: Famílias de vítimas processam dona do ChatGPT por massacre que deixou 8 mortos no Canadá
https://g1.globo.com/tecnologia/noticia/2026/04/29/familias-de-vitimas-processam-dona-do-chatgpt-por-massacre-que-deixou-8-mortos-no-canada.ghtml
2026-05-03 14:00:42,473 [INFO] ✦ NOVA [economia_brasil|score:13] Quem é Diogo Guillen, ex-diretor do BC que assume a chefia econômica d
2026-05-03 14:00:42,473 [WARNING] 🚨 ALERTA: Quem é Diogo Guillen, ex-diretor do BC que assume a chefia econômica do Itaú
https://g1.globo.com/economia/noticia/2026/04/29/itau-novo-economista-chefe.ghtml
2026-05-03 14:00:43,154 [INFO] ✦ NOVA [tecnologia|score:17] Em julgamento, Musk diz que OpenAI, dona do ChatGPT, era sua ideia e q
2026-05-03 14:00:43,154 [WARNING] 🚨 ALERTA: Em julgamento, Musk diz que OpenAI, dona do ChatGPT, era sua ideia e que não buscava lucro
https://g1.globo.com/tecnologia/noticia/2026/04/29/em-julgamento-musk-diz-que-openai-dona-do-chatgpt-era-sua-ideia-e-que-nao-buscava-lucro.ghtml
2026-05-03 14:00:44,216 [INFO] ✦ NOVA [empresas|score:18] Itaú (ITUB4), Mercado Livre (MELI34), Prio (PRIO3) e outras 80 empresa
2026-05-03 14:00:44,216 [WARNING] 🚨 ALERTA: Itaú (ITUB4), Mercado Livre (MELI34), Prio (PRIO3) e outras 80 empresas divulgam resultados nesta semana; veja datas
https://www.seudinheiro.com/2026/empresas/itau-itub4-mercado-livre-meli34-prio-prio3-e-outras-80-empresas-divulgam-resultados-nesta-semana-veja-datas-bdap/
2026-05-03 14:00:44,706 [INFO] ✦ NOVA [tecnologia|score:17] Plano do Irã reacende esperança de acordo, mas Trump joga dúvida sobre
2026-05-03 14:00:44,706 [WARNING] 🚨 ALERTA: Plano do Irã reacende esperança de acordo, mas Trump joga dúvida sobre fim da guerra
https://www.seudinheiro.com/2026/internacional/plano-do-ira-reacende-esperanca-de-acordo-mas-trump-joga-duvida-sobre-fim-da-guerra-bdap/
2026-05-03 14:00:45,180 [INFO] ✦ NOVA [economia_brasil|score:27] Ninguém crava os 6 números e Mega-Sena acumula e prêmio acumula; Lotof
2026-05-03 14:00:45,180 [WARNING] 🚨 ALERTA: Ninguém crava os 6 números e Mega-Sena acumula e prêmio acumula; Lotofácil paga mais de R$ 1 milhão e Quina passa em branco
https://www.seudinheiro.com/2026/economia/ninguem-crava-os-6-numeros-e-mega-sena-acumula-e-premio-acumula-lotofacil-paga-mais-de-r-1-milhao-e-quina-passa-em-branco-bdap/
2026-05-03 14:00:46,336 [INFO] ✦ NOVA [empresas|score:21] Amanhã (4): aprenda como é possível buscar lucros com seus investiment
2026-05-03 14:00:46,336 [WARNING] 🚨 ALERTA: Amanhã (4): aprenda como é possível buscar lucros com seus investimentos em meio aos conflitos geopolíticos
https://www.seudinheiro.com/2026/patrocinado/empiricus/amanha-aprenda-como-e-possivel-buscar-lucros-com-seus-investimentos-em-meio-aos-conflitos-geopoliticos-lbrdaz231/
2026-05-03 14:00:54,935 [INFO] ✦ NOVA [economia_brasil|score:22] Alta do risco no mercado de crédito impacta fundos imobiliários e prin
2026-05-03 14:00:54,935 [WARNING] 🚨 ALERTA: Alta do risco no mercado de crédito impacta fundos imobiliários e principalmente fiagros; é hora de ficar conservador?
https://www.seudinheiro.com/2026/colunistas/alta-do-risco-no-mercado-de-credito-impacta-fundos-imobiliarios-e-principalmente-os-fiagros-e-hora-de-ficar-conservador-julw/
2026-05-03 14:00:55,415 [INFO] ✦ NOVA [empresas|score:27] Não perca! Pagamentos do INSS e BPC/LOAS maio de 2026 começam na segun
2026-05-03 14:00:55,416 [WARNING] 🚨 ALERTA: Não perca! Pagamentos do INSS e BPC/LOAS maio de 2026 começam na segunda-feira (4); veja o calendário e como consultar
https://www.seudinheiro.com/2026/economia/pagamento-do-inss-maio-de-2026-isca/
2026-05-03 14:00:55,841 [INFO] ✦ NOVA [empresas|score:27] Calendário do PIS/Pasep em maio de 2026: veja quando o abono fica disp
2026-05-03 14:00:55,842 [WARNING] 🚨 ALERTA: Calendário do PIS/Pasep em maio de 2026: veja quando o abono fica disponível
https://www.seudinheiro.com/2026/economia/calendario-pis-pasep-maio-2026-isca/
2026-05-03 14:00:56,488 [INFO] ✦ NOVA [tecnologia|score:17] Com Warren Buffett na plateia, novo CEO traça próximos passos da Berks
2026-05-03 14:00:56,488 [WARNING] 🚨 ALERTA: Com Warren Buffett na plateia, novo CEO traça próximos passos da Berkshire Hathaway; veja os destaques da primeira reunião sem o Oráculo de Omaha
https://www.seudinheiro.com/2026/empresas/com-warren-buffett-na-plateia-pela-primeira-vez-berkshire-hathaway-tem-reuniao-com-novo-ceo-veja-os-destaques-do-evento-davs/
2026-05-03 14:00:56,973 [INFO] ✦ NOVA [economia_global|score:20] Usiminas (USIM5) lidera ganhos do Ibovespa e Hapvida (HAPV3) fica na l
2026-05-03 14:00:56,974 [WARNING] 🚨 ALERTA: Usiminas (USIM5) lidera ganhos do Ibovespa e Hapvida (HAPV3) fica na lanterna; veja os destaques
https://www.seudinheiro.com/2026/economia/usiminas-usim5-lidera-os-ganhos-do-ibovespa-e-hapvida-hapv3-e-acao-com-pior-desempenho-veja-os-destaques-da-semana-davs/
2026-05-03 14:01:02,025 [INFO] ✦ NOVA [empresas|score:18] Spirit Airlines encerra operações nos EUA após segunda falência; enten
2026-05-03 14:01:02,026 [WARNING] 🚨 ALERTA: Spirit Airlines encerra operações nos EUA após segunda falência; entenda o que levou a companhia aérea ao colapso
https://www.seudinheiro.com/2026/empresas/spirit-airlines-encerra-operacoes-nos-eua-apos-segunda-falencia-entenda-o-que-levou-a-companhia-aerea-ao-colapso-davs/
2026-05-03 14:01:03,470 [INFO] ✦ NOVA [empresas|score:23] Vai ter rali das small caps? ‘Eu não ficaria de fora’, diz analista; c
2026-05-03 14:01:03,470 [WARNING] 🚨 ALERTA: Vai ter rali das small caps? ‘Eu não ficaria de fora’, diz analista; confira a análise de Ruy Hungria e Marlon Scatolin no Empiricus Podca$t desta semana
https://www.empiricus.com.br/artigos/investimentos/vai-ter-rali-da-small-caps-eu-nao-ficaria-de-fora-diz-analista-confira-a-analise-de-ruy-hungria-e-marlon-scatolin-no-empiricus-podcat-desta-semana-lbrdis578/
2026-05-03 14:01:04,264 [INFO] ✦ NOVA [empresas|score:21] Brasileiros ainda têm a poupança como produto financeiro ‘preferido’, 
2026-05-03 14:01:04,264 [WARNING] 🚨 ALERTA: Brasileiros ainda têm a poupança como produto financeiro ‘preferido’, e analista alerta para outro tipo de investimento que rendeu 10 vezes mais em 2025
https://www.empiricus.com.br/artigos/investimentos/brasileiros-ainda-tem-a-poupanca-como-produto-financeiro-preferido-e-analista-alerta-para-outro-tipo-de-investimento-que-rendeu-10-vezes-mais-em-2025-lbrdjr238/
2026-05-03 14:01:05,201 [INFO] ✦ NOVA [tecnologia|score:21] Alphabet (GOGL34) é a grande vencedora da noite de resultados das big 
2026-05-03 14:01:05,202 [WARNING] 🚨 ALERTA: Alphabet (GOGL34) é a grande vencedora da noite de resultados das big techs; veja números do 1T26
https://www.empiricus.com.br/artigos/investimentos/alphabet-gogl34-e-a-grande-vencedora-da-noite-de-resultados-das-big-techs-veja-numeros-do-1t26-jrey/
2026-05-03 14:01:06,025 [INFO] ✦ NOVA [empresas|score:21] Microsoft (MSFT34): números do trimestre ‘vencem, mas não convencem’ i
2026-05-03 14:01:06,026 [WARNING] 🚨 ALERTA: Microsoft (MSFT34): números do trimestre ‘vencem, mas não convencem’ investidores? Saiba o que fazer com ações
https://www.empiricus.com.br/artigos/investimentos/microsoft-msft34-numeros-do-trimestre-vencem-mas-nao-convencem-saiba-o-que-fazer-com-acoes-alzs/
2026-05-03 14:01:06,828 [INFO] ✦ NOVA [empresas|score:21] Amazon (AMZO34): inteligência artificial ‘trabalhou’ para ‘encher o bo
2026-05-03 14:01:06,829 [WARNING] 🚨 ALERTA: Amazon (AMZO34): inteligência artificial ‘trabalhou’ para ‘encher o bolso’ do investidor no 1T26; veja se vale a pena investir na ação agora
https://www.empiricus.com.br/artigos/investimentos/amazon-amzo34-inteligencia-artificial-trabalhou-para-encher-o-bolso-do-investidor-no-1t26-veja-se-vale-a-pena-investir-na-acao-agora-imsd/
2026-05-03 14:01:07,700 [INFO] ✦ NOVA [empresas|score:21] Dividendos em maio: Itaú (ITUB4), Magalu (MGLU3), Santander (SANB11) e
2026-05-03 14:01:07,701 [WARNING] 🚨 ALERTA: Dividendos em maio: Itaú (ITUB4), Magalu (MGLU3), Santander (SANB11) e outras ações pagam proventos este mês
https://www.empiricus.com.br/artigos/investimentos/dividendos-em-maio-itau-itub4-magalu-mglu3-santander-sanb11-e-outras-acoes-pagam-proventos-este-mes-lbrdaz232/
2026-05-03 14:01:08,525 [INFO] ✦ NOVA [empresas|score:21] Meta (M1TA34): o que explica a queda das ações após a divulgação dos r
2026-05-03 14:01:08,525 [WARNING] 🚨 ALERTA: Meta (M1TA34): o que explica a queda das ações após a divulgação dos resultados do 1T26?
https://www.empiricus.com.br/artigos/investimentos/meta-m1ta34-o-que-explica-a-queda-das-acoes-apos-a-divulgacao-dos-resultados-do-1t26-jrey/
2026-05-03 14:01:09,488 [INFO] ✦ NOVA [empresas|score:21] Multiplan (MULT3) tem 1T26 consistente, mas avanço nas despesas pesa n
2026-05-03 14:01:09,488 [WARNING] 🚨 ALERTA: Multiplan (MULT3) tem 1T26 consistente, mas avanço nas despesas pesa no resultado; saiba mais
https://www.empiricus.com.br/artigos/investimentos/multiplan-mult3-tem-1t26-consistente-mas-avanco-nas-despesas-pesa-no-resultado-saiba-mais-jrey/
2026-05-03 14:01:13,469 [INFO] ✦ NOVA [economia_brasil|score:25] Ibovespa hoje: petróleo dispara com escalada das tensões no Oriente Mé
2026-05-03 14:01:13,469 [WARNING] 🚨 ALERTA: Ibovespa hoje: petróleo dispara com escalada das tensões no Oriente Médio, resultados das big techs, repercussão da Super Quarta e mais
https://www.empiricus.com.br/artigos/investimentos/ibovespa-hoje-petroleo-dispara-com-escalada-das-tensoes-no-oriente-medio-resultados-das-big-techs-repercussao-da-super-quarta-e-mais-jrey/
2026-05-03 14:01:14,217 [INFO] ✦ NOVA [tecnologia|score:18] Ibovespa: depois dos quase 200 mil pontos, índice recua 7%; o que diz 
2026-05-03 14:01:14,217 [WARNING] 🚨 ALERTA: Ibovespa: depois dos quase 200 mil pontos, índice recua 7%; o que diz a análise técnica?
https://www.empiricus.com.br/artigos/investimentos/ibovespa-recua-depois-dos-quase-200-mil-pontos-veja-o-que-diz-a-analise-tecnica-lbrdaz230/
2026-05-03 14:01:14,971 [INFO] ✦ NOVA [empresas|score:21] Weg (WEGE3): frente de energia e impactos cambiais pressionam 1T26; aç
2026-05-03 14:01:14,972 [WARNING] 🚨 ALERTA: Weg (WEGE3): frente de energia e impactos cambiais pressionam 1T26; ações valem a pena agora?
https://www.empiricus.com.br/artigos/investimentos/weg-wege3-frente-de-energia-pressiona-resultados-do-1t26-acoes-valem-a-pena-agora-alzs/
2026-05-03 14:01:15,728 [INFO] ✦ NOVA [empresas|score:21] Polymarket: contratos futuros expõem ceticismo do mercado e mantêm prê
2026-05-03 14:01:15,728 [WARNING] 🚨 ALERTA: Polymarket: contratos futuros expõem ceticismo do mercado e mantêm prêmio geopolítico ‘na mesa’; veja como se posicionar
https://www.empiricus.com.br/artigos/investimentos/polymarket-contratos-futuros-expoe-ceticismo-do-mercado-e-mantem-premio-geopolitico-na-mesa-veja-como-se-posicionar-lbrdis577/
2026-05-03 14:01:16,731 [INFO] ✦ NOVA [economia_brasil|score:23] Nada como uma Super Quarta depois da outra
2026-05-03 14:01:16,732 [WARNING] 🚨 ALERTA: Nada como uma Super Quarta depois da outra
https://www.empiricus.com.br/newsletters/day-one/nada-como-uma-super-quarta-depois-da-outra-jrey/
2026-05-03 14:01:20,626 [INFO] ✦ NOVA [empresas|score:21] Vale (VALE3) tem crescimento no 1T26, mas resultados vêm abaixo do esp
2026-05-03 14:01:20,626 [WARNING] 🚨 ALERTA: Vale (VALE3) tem crescimento no 1T26, mas resultados vêm abaixo do esperado; entenda
https://www.empiricus.com.br/artigos/investimentos/vale-vale3-apesar-do-bom-crescimento-resultados-do-1t26-vem-ligeiramente-abaixo-das-expectativas-entenda-jrey/
2026-05-03 14:01:21,704 [INFO] ✦ NOVA [economia_brasil|score:25] Ibovespa hoje: Super Quarta tem decisões de juros no Brasil e nos EUA,
2026-05-03 14:01:21,704 [WARNING] 🚨 ALERTA: Ibovespa hoje: Super Quarta tem decisões de juros no Brasil e nos EUA, repercussão dos resultados da Vale (VALE3) e mais
https://www.empiricus.com.br/artigos/investimentos/ibovespa-hoje-super-quarta-tem-decisoes-de-juros-no-brasil-e-nos-eua-repercussao-dos-resultados-da-vale-vale3-e-mais-jrey/
2026-05-03 14:01:22,434 [INFO] ✦ NOVA [empresas|score:25] Pátria Malls (PMLL11): venda do Shopping Park Sul destrava ganho e ref
2026-05-03 14:01:22,435 [WARNING] 🚨 ALERTA: Pátria Malls (PMLL11): venda do Shopping Park Sul destrava ganho e reforça exposição ao Shopping Taboão; veja análise
https://www.empiricus.com.br/artigos/investimentos/patria-malls-pmll11-venda-do-shopping-park-sul-destrava-ganho-e-reforca-exposicao-ao-shopping-taboao-veja-analise-jrey/
2026-05-03 14:01:23,295 [INFO] ✦ NOVA [empresas|score:21] Gerdau (GGBR4): operações nos EUA impulsionam 1T26 e empresa anuncia R
2026-05-03 14:01:23,295 [WARNING] 🚨 ALERTA: Gerdau (GGBR4): operações nos EUA impulsionam 1T26 e empresa anuncia R$ 354 milhões em dividendos; hora de comprar?
https://www.empiricus.com.br/artigos/investimentos/gerdau-ggbr4-numeros-do-1t26-vem-melhor-que-o-esperado-hora-de-comprar-acoes-alzs/
2026-05-03 14:01:24,074 [INFO] ✦ NOVA [economia_brasil|score:20] Ibovespa hoje: às vésperas do Copom, petróleo volta a subir e reduz es
2026-05-03 14:01:24,074 [WARNING] 🚨 ALERTA: Ibovespa hoje: às vésperas do Copom, petróleo volta a subir e reduz espaço para cortes na Selic; veja os destaques do dia
https://www.empiricus.com.br/artigos/investimentos/ibovespa-hoje-as-vesperas-do-copom-petroleo-volta-a-subir-e-reduz-espaco-para-cortes-na-selic-veja-os-destaques-do-dia-imsd/
2026-05-03 14:01:24,881 [INFO] ✦ NOVA [empresas|score:23] Convocação: a partir da próxima segunda-feira (4), saiba como sua cart
2026-05-03 14:01:24,881 [WARNING] 🚨 ALERTA: Convocação: a partir da próxima segunda-feira (4), saiba como sua carteira pode buscar retornos em tempos de conflitos
https://www.empiricus.com.br/artigos/investimentos/convocacao-saiba-como-sua-carteira-pode-buscar-retornos-em-tempos-de-conflitos-lbrdaz229/
2026-05-03 14:01:25,632 [INFO] ✦ NOVA [empresas|score:25] Fundos imobiliários: BTLG11, BRCO11, ALZR11 e PMLL11 trazem novidades 
2026-05-03 14:01:25,632 [WARNING] 🚨 ALERTA: Fundos imobiliários: BTLG11, BRCO11, ALZR11 e PMLL11 trazem novidades aos cotistas esta semana; confira
https://www.empiricus.com.br/artigos/investimentos/fundos-imobiliarios-btlg11-brco11-alzr11-e-pmll11-trazem-novidades-aos-cotistas-esta-semana-confira/
2026-05-03 14:01:26,891 [INFO] ✦ NOVA [bancos_centrais|score:25] Ibovespa na semana: Super Quarta, temporada de resultados, dados de em
2026-05-03 14:01:26,891 [WARNING] 🚨 ALERTA: Ibovespa na semana: Super Quarta, temporada de resultados, dados de emprego, inflação e mais destaques
https://www.empiricus.com.br/artigos/investimentos/ibovespa-na-semana-super-quarta-temporada-de-resultados-dados-de-emprego-inflacao-e-mais-destaques-jrey/
