2026-04-28 08:59:09,228 [INFO] pipeline:   Setor 'consumo_varejo': 12 tickers
2026-04-28 08:59:09,228 [INFO] pipeline: ======================================================================
2026-04-28 08:59:09,229 [INFO] pipeline: MODO BATCH — 12 empresa(s): LREN3, MGLU3, BHIA3, ASAI3, PCAR3, VIVA3, SBFG3, NTCO3, CEAB3, PETZ3, AZZA3, AMAR3
2026-04-28 08:59:09,229 [INFO] pipeline: ======================================================================
2026-04-28 08:59:09,229 [INFO] pipeline: 
──────────────────────────────────────────────────────────────────────
2026-04-28 08:59:09,229 [INFO] pipeline: Processando: LREN3 (Lojas Renner)
2026-04-28 08:59:09,230 [INFO] pipeline: ──────────────────────────────────────────────────────────────────────
2026-04-28 08:59:09,230 [INFO] pipeline: ======================================================================
2026-04-28 08:59:09,230 [INFO] pipeline: PIPELINE DE VALUATION [CONSUMO_VAREJO] — LREN3 — Lojas Renner
2026-04-28 08:59:09,230 [INFO] pipeline: Início: 2026-04-28 08:59:09
2026-04-28 08:59:09,230 [INFO] pipeline:   Setor: consumo_varejo | Motor: WACC
2026-04-28 08:59:09,230 [INFO] pipeline: ======================================================================
2026-04-28 08:59:09,230 [INFO] pipeline: 
[1/6] Coletando dados de mercado...
2026-04-28 08:59:10,000 [INFO] pipeline:   Buscando cotação via yfinance...
2026-04-28 08:59:10,001 [INFO] pipeline.mercado: Buscando cotação atual: LREN3.SA
2026-04-28 08:59:11,196 [INFO] pipeline:   Cotação ON: R$ 13.97  |  Cotação PN: R$ 0.00
2026-04-28 08:59:11,319 [INFO] pipeline.mercado: Calculando beta: LREN3 (252 dias úteis)
2026-04-28 08:59:11,321 [INFO] pipeline.mercado: Baixando preços: LREN3.SA (2019-01-01 → 2026-04-28)
2026-04-28 08:59:12,319 [INFO] pipeline.mercado:   1820 dias de preços carregados
2026-04-28 08:59:12,320 [INFO] pipeline.mercado: Baixando preços: ^BVSP (2019-01-01 → 2026-04-28)
2026-04-28 08:59:12,768 [INFO] pipeline.mercado:   1820 dias de preços carregados
2026-04-28 08:59:12,787 [INFO] pipeline.mercado:   Beta estatístico: 1.4638 | R²: 0.419 | n=251
2026-04-28 08:59:12,789 [INFO] pipeline:   Beta estatístico: 1.464 | Beta utilizado: 0.850
2026-04-28 08:59:12,789 [INFO] pipeline: 
[2/6] Coletando dados macroeconômicos (BCB)...
2026-04-28 08:59:13,134 [WARNING] pipeline.macro: Não foi possível obter Focus Selic: 400 Client Error: Bad Request for url: https://olinda.bcb.gov.br/olinda/servico/Expectativas/versao/v1/odata/ExpectativasMercadoAnuais?%24filter=Indicador%20eq%20'Selic'&%24top=100&%24format=json&%24select=Indicador,Data,Ano,Mediana
2026-04-28 08:59:13,409 [WARNING] pipeline.macro: Não foi possível obter Focus IPCA: 400 Client Error: Bad Request for url: https://olinda.bcb.gov.br/olinda/servico/Expectativas/versao/v1/odata/ExpectativasMercadoAnuais?%24filter=Indicador%20eq%20'IPCA'&%24top=100&%24format=json&%24select=Indicador,Data,Ano,Mediana
2026-04-28 08:59:13,411 [INFO] pipeline.macro: 
=== Coletando dados macroeconômicos ===
2026-04-28 08:59:13,411 [INFO] pipeline.macro: Baixando série BCB 432...
2026-04-28 08:59:13,689 [ERROR] pipeline.macro: Erro ao baixar série BCB 432: 406 Client Error: Not Acceptable for url: https://api.bcb.gov.br/dados/serie/bcdata.sgs.432/dados?formato=json&dataInicial=01%2F01%2F2010&dataFinal=28%2F04%2F2026
2026-04-28 08:59:13,689 [WARNING] pipeline.macro: Série Selic meta sem DatetimeIndex — usando fallback histórico
2026-04-28 08:59:13,690 [INFO] pipeline.macro: Baixando série BCB 12...
2026-04-28 08:59:13,788 [ERROR] pipeline.macro: Erro ao baixar série BCB 12: 406 Client Error: Not Acceptable for url: https://api.bcb.gov.br/dados/serie/bcdata.sgs.12/dados?formato=json&dataInicial=01%2F01%2F2010&dataFinal=28%2F04%2F2026
2026-04-28 08:59:13,788 [WARNING] pipeline.macro: Série DI sem DatetimeIndex — usando fallback histórico
2026-04-28 08:59:13,871 [WARNING] pipeline.macro: IPCA calculado fora do intervalo plausível (55.3%) para 2019 — usando fallback
2026-04-28 08:59:13,871 [WARNING] pipeline.macro: IPCA calculado fora do intervalo plausível (46.1%) para 2020 — usando fallback
2026-04-28 08:59:13,872 [WARNING] pipeline.macro: IPCA calculado fora do intervalo plausível (159.3%) para 2021 — usando fallback
2026-04-28 08:59:13,872 [WARNING] pipeline.macro: IPCA calculado fora do intervalo plausível (191.2%) para 2022 — usando fallback
2026-04-28 08:59:13,872 [WARNING] pipeline.macro: IPCA calculado fora do intervalo plausível (71.5%) para 2023 — usando fallback
2026-04-28 08:59:13,872 [WARNING] pipeline.macro: IPCA calculado fora do intervalo plausível (67.0%) para 2024 — usando fallback
2026-04-28 08:59:13,873 [INFO] pipeline.macro: Baixando série BCB 258...
2026-04-28 08:59:13,970 [ERROR] pipeline.macro: Erro ao baixar série BCB 258: 406 Client Error: Not Acceptable for url: https://api.bcb.gov.br/dados/serie/bcdata.sgs.258/dados?formato=json&dataInicial=01%2F01%2F2010&dataFinal=28%2F04%2F2026
2026-04-28 08:59:13,970 [WARNING] pipeline.macro: Série TJLP sem DatetimeIndex — usando fallback histórico
2026-04-28 08:59:13,981 [WARNING] pipeline.macro: IPCA calculado fora do intervalo plausível (55.3%) para 2019 — usando fallback
2026-04-28 08:59:13,982 [WARNING] pipeline.macro: IPCA calculado fora do intervalo plausível (46.1%) para 2020 — usando fallback
2026-04-28 08:59:13,982 [WARNING] pipeline.macro: IPCA calculado fora do intervalo plausível (159.3%) para 2021 — usando fallback
2026-04-28 08:59:13,983 [WARNING] pipeline.macro: IPCA calculado fora do intervalo plausível (191.2%) para 2022 — usando fallback
2026-04-28 08:59:13,983 [WARNING] pipeline.macro: IPCA calculado fora do intervalo plausível (71.5%) para 2023 — usando fallback
2026-04-28 08:59:13,984 [WARNING] pipeline.macro: IPCA calculado fora do intervalo plausível (67.0%) para 2024 — usando fallback
2026-04-28 08:59:13,984 [INFO] pipeline.macro: 
RESUMO MACRO HISTÓRICO:
2026-04-28 08:59:13,984 [INFO] pipeline.macro:   selic_meta     : 2020: 2.00% | 2021: 9.25% | 2022: 13.75% | 2023: 11.75% | 2024: 11.75%
2026-04-28 08:59:13,984 [INFO] pipeline.macro:   selic_efet     : 2020: 2.28% | 2021: 4.48% | 2022: 12.33% | 2023: 13.15% | 2024: 10.73%
2026-04-28 08:59:13,984 [INFO] pipeline.macro:   ipca           : 2020: 4.52% | 2021: 10.06% | 2022: 5.62% | 2023: 4.62% | 2024: 4.83%
2026-04-28 08:59:13,984 [INFO] pipeline.macro:   tjlp           : 2020: 5.25% | 2021: 5.25% | 2022: 6.25% | 2023: 7.00% | 2024: 7.00%
2026-04-28 08:59:13,984 [INFO] pipeline.macro:   cds            : 2020: 0.44% | 2021: 0.73% | 2022: 1.26% | 2023: 0.84% | 2024: 0.81%
2026-04-28 08:59:13,984 [INFO] pipeline.macro:   inflacao_impl  : 2020: 4.52% | 2021: 10.06% | 2022: 5.62% | 2023: 4.62% | 2024: 4.83%
2026-04-28 08:59:13,984 [INFO] pipeline: 
[3/6] Baixando demonstrações financeiras (CVM)...
2026-04-28 08:59:13,987 [INFO] pipeline.cvm: 
==================================================
2026-04-28 08:59:13,987 [INFO] pipeline.cvm: Baixando DFP 2019...
2026-04-28 08:59:14,264 [INFO] pipeline.cvm:   DFP dre 2019: 68 linhas
2026-04-28 08:59:14,667 [INFO] pipeline.cvm:   DFP bpa 2019: 132 linhas
2026-04-28 08:59:15,338 [INFO] pipeline.cvm:   DFP bpp 2019: 228 linhas
2026-04-28 08:59:15,663 [INFO] pipeline.cvm:   DFP dfc_mi 2019: 102 linhas
2026-04-28 08:59:15,692 [WARNING] pipeline.cvm:   Empresa 8133 não encontrada em dfc_md 2019
2026-04-28 08:59:15,693 [INFO] pipeline.cvm: 
==================================================
2026-04-28 08:59:15,693 [INFO] pipeline.cvm: Baixando DFP 2020...
2026-04-28 08:59:15,950 [INFO] pipeline.cvm:   DFP dre 2020: 68 linhas
2026-04-28 08:59:16,388 [INFO] pipeline.cvm:   DFP bpa 2020: 132 linhas
2026-04-28 08:59:17,101 [INFO] pipeline.cvm:   DFP bpp 2020: 232 linhas
2026-04-28 08:59:17,504 [INFO] pipeline.cvm:   DFP dfc_mi 2020: 108 linhas
2026-04-28 08:59:17,541 [WARNING] pipeline.cvm:   Empresa 8133 não encontrada em dfc_md 2020
2026-04-28 08:59:17,542 [INFO] pipeline.cvm: 
==================================================
2026-04-28 08:59:17,542 [INFO] pipeline.cvm: Baixando DFP 2021...
2026-04-28 08:59:17,823 [INFO] pipeline.cvm:   DFP dre 2021: 68 linhas
2026-04-28 08:59:18,257 [INFO] pipeline.cvm:   DFP bpa 2021: 132 linhas
2026-04-28 08:59:18,996 [INFO] pipeline.cvm:   DFP bpp 2021: 232 linhas
2026-04-28 08:59:19,385 [INFO] pipeline.cvm:   DFP dfc_mi 2021: 108 linhas
2026-04-28 08:59:19,418 [WARNING] pipeline.cvm:   Empresa 8133 não encontrada em dfc_md 2021
2026-04-28 08:59:19,419 [INFO] pipeline.cvm: 
==================================================
2026-04-28 08:59:19,419 [INFO] pipeline.cvm: Baixando DFP 2022...
2026-04-28 08:59:19,665 [INFO] pipeline.cvm:   DFP dre 2022: 68 linhas
2026-04-28 08:59:20,141 [INFO] pipeline.cvm:   DFP bpa 2022: 132 linhas
2026-04-28 08:59:20,927 [INFO] pipeline.cvm:   DFP bpp 2022: 236 linhas
2026-04-28 08:59:21,344 [INFO] pipeline.cvm:   DFP dfc_mi 2022: 82 linhas
2026-04-28 08:59:21,388 [WARNING] pipeline.cvm:   Empresa 8133 não encontrada em dfc_md 2022
2026-04-28 08:59:21,388 [INFO] pipeline.cvm: 
==================================================
2026-04-28 08:59:21,388 [INFO] pipeline.cvm: Baixando DFP 2023...
2026-04-28 08:59:21,650 [INFO] pipeline.cvm:   DFP dre 2023: 68 linhas
2026-04-28 08:59:22,137 [INFO] pipeline.cvm:   DFP bpa 2023: 132 linhas
2026-04-28 08:59:22,919 [INFO] pipeline.cvm:   DFP bpp 2023: 236 linhas
2026-04-28 08:59:23,379 [INFO] pipeline.cvm:   DFP dfc_mi 2023: 82 linhas
2026-04-28 08:59:23,418 [WARNING] pipeline.cvm:   Empresa 8133 não encontrada em dfc_md 2023
2026-04-28 08:59:23,419 [INFO] pipeline.cvm: 
==================================================
2026-04-28 08:59:23,419 [INFO] pipeline.cvm: Baixando DFP 2024...
2026-04-28 08:59:23,656 [INFO] pipeline.cvm:   DFP dre 2024: 68 linhas
2026-04-28 08:59:24,143 [INFO] pipeline.cvm:   DFP bpa 2024: 132 linhas
2026-04-28 08:59:24,916 [INFO] pipeline.cvm:   DFP bpp 2024: 236 linhas
2026-04-28 08:59:25,334 [INFO] pipeline.cvm:   DFP dfc_mi 2024: 76 linhas
2026-04-28 08:59:25,372 [WARNING] pipeline.cvm:   Empresa 8133 não encontrada em dfc_md 2024
2026-04-28 08:59:25,372 [INFO] pipeline.cvm: 
==================================================
2026-04-28 08:59:25,372 [INFO] pipeline.cvm: Baixando DFP 2025...
2026-04-28 08:59:25,583 [INFO] pipeline.cvm:   DFP dre 2025: 68 linhas
2026-04-28 08:59:26,048 [INFO] pipeline.cvm:   DFP bpa 2025: 136 linhas
2026-04-28 08:59:26,936 [INFO] pipeline.cvm:   DFP bpp 2025: 236 linhas
2026-04-28 08:59:27,465 [INFO] pipeline.cvm:   DFP dfc_mi 2025: 78 linhas
2026-04-28 08:59:27,513 [WARNING] pipeline.cvm:   Empresa 8133 não encontrada em dfc_md 2025
2026-04-28 08:59:27,514 [INFO] pipeline:   Anos ajustados → Histórico: 2019-2025 | Projeção: 2026-2035
2026-04-28 08:59:27,514 [INFO] pipeline: 
[4/6] Normalizando dados...
2026-04-28 08:59:29,549 [INFO] pipeline:   DFC normalizada: 11 linhas
2026-04-28 08:59:29,553 [INFO] pipeline:   DRE normalizada:
2026-04-28 08:59:29,553 [INFO] pipeline:     receita_liquida: 2019: 9,588 | 2020: 7,537 | 2021: 10,572 | 2022: 13,271 | 2023: 13,648 | 2024: 14,436 | 2025: 15,829
2026-04-28 08:59:29,553 [INFO] pipeline:     ebit: 2019: 1,644 | 2020: 857 | 2021: 814 | 2022: 1,407 | 2023: 889 | 2024: 1,259 | 2025: 1,797
2026-04-28 08:59:29,553 [INFO] pipeline:     lucro_liquido: 2019: 1,099 | 2020: 1,096 | 2021: 633 | 2022: 1,292 | 2023: 976 | 2024: 1,197 | 2025: 1,458
2026-04-28 08:59:29,553 [INFO] pipeline: 
[5/6] Calculando projeções...
2026-04-28 08:59:29,558 [INFO] pipeline.projecoes: 
=== Projeções (não-financeira / FCFF) ===
2026-04-28 08:59:29,559 [INFO] pipeline.projecoes:   Margem EBITDA: 14.6% → 19.0% (conv 6a)
2026-04-28 08:59:29,560 [INFO] pipeline.projecoes:   D&A/Receita: 3.9%
2026-04-28 08:59:29,561 [INFO] pipeline.projecoes:   CAPEX/Receita: 0.0% → 5.0%
2026-04-28 08:59:29,561 [INFO] pipeline.projecoes:   NCG/Receita: 47.6% → 8.0%
2026-04-28 08:59:29,566 [INFO] pipeline.projecoes:   Alíquota efetiva: 16.1%
2026-04-28 08:59:29,566 [INFO] pipeline.projecoes: Projeções concluídas (FCFF). Resumo:
2026-04-28 08:59:29,567 [INFO] pipeline.projecoes:    Ano      Receita     EBITDA    Mg%      NOPAT       FCFF
2026-04-28 08:59:29,567 [INFO] pipeline.projecoes:   2026       17,030      2,614  15.3%      1,634      2,593
2026-04-28 08:59:29,567 [INFO] pipeline.projecoes:   2027       18,250      2,934  16.1%      1,863      3,172
2026-04-28 08:59:29,567 [INFO] pipeline.projecoes:   2028       19,482      3,275  16.8%      2,108      3,437
2026-04-28 08:59:29,567 [INFO] pipeline.projecoes:   2029       20,716      3,633  17.5%      2,369      3,697
2026-04-28 08:59:29,567 [INFO] pipeline.projecoes:   2030       21,942      4,009  18.3%      2,643      3,947
2026-04-28 08:59:29,567 [INFO] pipeline.valuation:   Estrutura de capital: E=95% | D=5%
2026-04-28 08:59:29,567 [INFO] pipeline: 
[6/6] Calculando valuation (FCFF / WACC)...
2026-04-28 08:59:29,568 [INFO] pipeline.valuation: 
==================================================
2026-04-28 08:59:29,568 [INFO] pipeline.valuation: VALUATION FCFF/WACC — LREN3
2026-04-28 08:59:29,568 [INFO] pipeline.valuation:   VP FCFF (10a):     R$       17,796 MM
2026-04-28 08:59:29,568 [INFO] pipeline.valuation:   Valor Perp. (VP):  R$       17,410 MM
2026-04-28 08:59:29,568 [INFO] pipeline.valuation:   ENTERPRISE VALUE:  R$       35,206 MM
2026-04-28 08:59:29,568 [INFO] pipeline.valuation:   (-) Dívida Líq.:   R$       -1,523 MM
2026-04-28 08:59:29,568 [INFO] pipeline.valuation:   VALOR DO EQUITY:   R$       36,729 MM
2026-04-28 08:59:29,568 [INFO] pipeline.valuation:   Preço Justo ON:    R$    37.62
2026-04-28 08:59:29,568 [INFO] pipeline.valuation:   Preço Justo PN:    R$    37.62
2026-04-28 08:59:29,568 [INFO] pipeline.valuation:   Cotação ON:        R$    13.97
2026-04-28 08:59:29,568 [INFO] pipeline.valuation:   Upside ON:              169.3%
2026-04-28 08:59:29,569 [INFO] pipeline.valuation:   TIR (ON):                24.0%
2026-04-28 08:59:29,569 [INFO] pipeline.valuation:   WACC último ano:         12.0%
2026-04-28 08:59:29,572 [INFO] pipeline:   Sem template VAROS para LREN3 — Excel será criado do zero
2026-04-28 08:59:29,990 [INFO] pipeline.excel_geral: 
============================================================
2026-04-28 08:59:29,990 [INFO] pipeline.excel_geral: Criando Excel completo (12 abas) para: Lojas Renner (LREN3)
2026-04-28 08:59:29,992 [INFO] pipeline.excel_geral:   → 1/12  Dashboard
2026-04-28 08:59:30,004 [INFO] pipeline.excel_geral:   → 2/12  WACC
2026-04-28 08:59:30,046 [INFO] pipeline.excel_geral:   → 3/12  TIR ON
2026-04-28 08:59:30,056 [INFO] pipeline.excel_geral:   → 4/12  TIR PN
2026-04-28 08:59:30,068 [INFO] pipeline.excel_geral:   → 5/12  Valor do Equity
2026-04-28 08:59:30,075 [INFO] pipeline.excel_geral:   → 6/12  Preço Teto
2026-04-28 08:59:30,082 [INFO] pipeline.excel_geral:   → 7/12  DRE + DCF
2026-04-28 08:59:30,212 [INFO] pipeline.excel_geral:   → 8/12  DRE Contas Abertas
2026-04-28 08:59:30,280 [INFO] pipeline.excel_geral:   → 9/12  Balanço Patrimonial
2026-04-28 08:59:30,332 [INFO] pipeline.excel_geral:   → 10/12 Painel de Índices
2026-04-28 08:59:30,404 [INFO] pipeline.excel_geral:   → 11/12 Projeções Premissas
2026-04-28 08:59:30,433 [INFO] pipeline.excel_geral:   → 12/12 Projeções Capex e CG
2026-04-28 08:59:30,547 [INFO] pipeline.excel_geral: 
Arquivo salvo: C:\Users\55819\OneDrive - EPEJUD\DIEGO\OBSIDIAN\Analista de Investimentos\12_PYTHON\pipeline banco completo\outputs\Valuation_LREN3_Lojas Renner_20260428.xlsx
2026-04-28 08:59:30,547 [INFO] pipeline: 
======================================================================
2026-04-28 08:59:30,547 [INFO] pipeline: RESUMO DO VALUATION (FCFF/WACC)
2026-04-28 08:59:30,547 [INFO] pipeline: ======================================================================
2026-04-28 08:59:30,547 [INFO] pipeline:   Empresa:           Lojas Renner (LREN3)
2026-04-28 08:59:30,547 [INFO] pipeline:   Enterprise Value:  R$       35,206 MM
2026-04-28 08:59:30,547 [INFO] pipeline:   Cotação ON:        R$ 13.97
2026-04-28 08:59:30,547 [INFO] pipeline:   Preço Justo ON:    R$ 37.62
2026-04-28 08:59:30,547 [INFO] pipeline:   Upside ON:            169.3%
2026-04-28 08:59:30,548 [INFO] pipeline:   TIR:                  24.0%
2026-04-28 08:59:30,548 [INFO] pipeline:   Preço Teto ON:     R$ 37.62
2026-04-28 08:59:30,548 [INFO] pipeline: 
  Arquivo gerado:    C:\Users\55819\OneDrive - EPEJUD\DIEGO\OBSIDIAN\Analista de Investimentos\12_PYTHON\pipeline banco completo\outputs\Valuation_LREN3_Lojas Renner_20260428.xlsx
2026-04-28 08:59:30,548 [INFO] pipeline: ======================================================================
2026-04-28 08:59:30,552 [INFO] pipeline: ✓ LREN3: arquivo gerado → C:\Users\55819\OneDrive - EPEJUD\DIEGO\OBSIDIAN\Analista de Investimentos\12_PYTHON\pipeline banco completo\outputs\Valuation_LREN3_Lojas Renner_20260428.xlsx
2026-04-28 08:59:30,552 [INFO] pipeline: 
──────────────────────────────────────────────────────────────────────
2026-04-28 08:59:30,552 [INFO] pipeline: Processando: MGLU3 (Magazine Luiza)
2026-04-28 08:59:30,552 [INFO] pipeline: ──────────────────────────────────────────────────────────────────────
2026-04-28 08:59:30,552 [INFO] pipeline: ======================================================================
2026-04-28 08:59:30,552 [INFO] pipeline: PIPELINE DE VALUATION [CONSUMO_VAREJO] — MGLU3 — Magazine Luiza
2026-04-28 08:59:30,552 [INFO] pipeline: Início: 2026-04-28 08:59:30
2026-04-28 08:59:30,552 [INFO] pipeline:   Setor: consumo_varejo | Motor: WACC
2026-04-28 08:59:30,553 [INFO] pipeline: ======================================================================
2026-04-28 08:59:30,553 [INFO] pipeline: 
[1/6] Coletando dados de mercado...
2026-04-28 08:59:30,553 [INFO] pipeline:   Buscando cotação via yfinance...
2026-04-28 08:59:30,553 [INFO] pipeline.mercado: Buscando cotação atual: MGLU3.SA
2026-04-28 08:59:31,860 [INFO] pipeline:   Cotação ON: R$ 8.53  |  Cotação PN: R$ 0.00
2026-04-28 08:59:31,986 [INFO] pipeline.mercado: Calculando beta: MGLU3 (252 dias úteis)
2026-04-28 08:59:31,989 [INFO] pipeline.mercado: Baixando preços: MGLU3.SA (2019-01-01 → 2026-04-28)
2026-04-28 08:59:32,879 [INFO] pipeline.mercado:   1820 dias de preços carregados
2026-04-28 08:59:32,888 [INFO] pipeline.mercado:   Beta estatístico: 2.1106 | R²: 0.362 | n=251
2026-04-28 08:59:32,891 [INFO] pipeline:   Beta estatístico: 2.111 | Beta utilizado: 0.850
2026-04-28 08:59:32,891 [INFO] pipeline: 
[2/6] Coletando dados macroeconômicos (BCB)...
2026-04-28 08:59:33,225 [WARNING] pipeline.macro: Não foi possível obter Focus Selic: 400 Client Error: Bad Request for url: https://olinda.bcb.gov.br/olinda/servico/Expectativas/versao/v1/odata/ExpectativasMercadoAnuais?%24filter=Indicador%20eq%20'Selic'&%24top=100&%24format=json&%24select=Indicador,Data,Ano,Mediana
2026-04-28 08:59:33,508 [WARNING] pipeline.macro: Não foi possível obter Focus IPCA: 400 Client Error: Bad Request for url: https://olinda.bcb.gov.br/olinda/servico/Expectativas/versao/v1/odata/ExpectativasMercadoAnuais?%24filter=Indicador%20eq%20'IPCA'&%24top=100&%24format=json&%24select=Indicador,Data,Ano,Mediana
2026-04-28 08:59:33,509 [INFO] pipeline.macro: 
=== Coletando dados macroeconômicos ===
2026-04-28 08:59:33,509 [INFO] pipeline.macro: Baixando série BCB 432...
2026-04-28 08:59:33,821 [ERROR] pipeline.macro: Erro ao baixar série BCB 432: 406 Client Error: Not Acceptable for url: https://api.bcb.gov.br/dados/serie/bcdata.sgs.432/dados?formato=json&dataInicial=01%2F01%2F2010&dataFinal=28%2F04%2F2026
2026-04-28 08:59:33,821 [WARNING] pipeline.macro: Série Selic meta sem DatetimeIndex — usando fallback histórico
2026-04-28 08:59:33,822 [INFO] pipeline.macro: Baixando série BCB 12...
2026-04-28 08:59:33,962 [ERROR] pipeline.macro: Erro ao baixar série BCB 12: 406 Client Error: Not Acceptable for url: https://api.bcb.gov.br/dados/serie/bcdata.sgs.12/dados?formato=json&dataInicial=01%2F01%2F2010&dataFinal=28%2F04%2F2026
2026-04-28 08:59:33,962 [WARNING] pipeline.macro: Série DI sem DatetimeIndex — usando fallback histórico
2026-04-28 08:59:33,965 [WARNING] pipeline.macro: IPCA calculado fora do intervalo plausível (55.3%) para 2019 — usando fallback
2026-04-28 08:59:33,966 [WARNING] pipeline.macro: IPCA calculado fora do intervalo plausível (46.1%) para 2020 — usando fallback
2026-04-28 08:59:33,966 [WARNING] pipeline.macro: IPCA calculado fora do intervalo plausível (159.3%) para 2021 — usando fallback
2026-04-28 08:59:33,967 [WARNING] pipeline.macro: IPCA calculado fora do intervalo plausível (191.2%) para 2022 — usando fallback
2026-04-28 08:59:33,968 [WARNING] pipeline.macro: IPCA calculado fora do intervalo plausível (71.5%) para 2023 — usando fallback
2026-04-28 08:59:33,968 [WARNING] pipeline.macro: IPCA calculado fora do intervalo plausível (67.0%) para 2024 — usando fallback
2026-04-28 08:59:33,968 [INFO] pipeline.macro: Baixando série BCB 258...
2026-04-28 08:59:34,067 [ERROR] pipeline.macro: Erro ao baixar série BCB 258: 406 Client Error: Not Acceptable for url: https://api.bcb.gov.br/dados/serie/bcdata.sgs.258/dados?formato=json&dataInicial=01%2F01%2F2010&dataFinal=28%2F04%2F2026
2026-04-28 08:59:34,068 [WARNING] pipeline.macro: Série TJLP sem DatetimeIndex — usando fallback histórico
2026-04-28 08:59:34,075 [WARNING] pipeline.macro: IPCA calculado fora do intervalo plausível (55.3%) para 2019 — usando fallback
2026-04-28 08:59:34,076 [WARNING] pipeline.macro: IPCA calculado fora do intervalo plausível (46.1%) para 2020 — usando fallback
2026-04-28 08:59:34,076 [WARNING] pipeline.macro: IPCA calculado fora do intervalo plausível (159.3%) para 2021 — usando fallback
2026-04-28 08:59:34,076 [WARNING] pipeline.macro: IPCA calculado fora do intervalo plausível (191.2%) para 2022 — usando fallback
2026-04-28 08:59:34,076 [WARNING] pipeline.macro: IPCA calculado fora do intervalo plausível (71.5%) para 2023 — usando fallback
2026-04-28 08:59:34,077 [WARNING] pipeline.macro: IPCA calculado fora do intervalo plausível (67.0%) para 2024 — usando fallback
2026-04-28 08:59:34,077 [INFO] pipeline.macro: 
RESUMO MACRO HISTÓRICO:
2026-04-28 08:59:34,077 [INFO] pipeline.macro:   selic_meta     : 2020: 2.00% | 2021: 9.25% | 2022: 13.75% | 2023: 11.75% | 2024: 11.75%
2026-04-28 08:59:34,077 [INFO] pipeline.macro:   selic_efet     : 2020: 2.28% | 2021: 4.48% | 2022: 12.33% | 2023: 13.15% | 2024: 10.73%
2026-04-28 08:59:34,077 [INFO] pipeline.macro:   ipca           : 2020: 4.52% | 2021: 10.06% | 2022: 5.62% | 2023: 4.62% | 2024: 4.83%
2026-04-28 08:59:34,077 [INFO] pipeline.macro:   tjlp           : 2020: 5.25% | 2021: 5.25% | 2022: 6.25% | 2023: 7.00% | 2024: 7.00%
2026-04-28 08:59:34,077 [INFO] pipeline.macro:   cds            : 2020: 0.44% | 2021: 0.73% | 2022: 1.26% | 2023: 0.84% | 2024: 0.81%
2026-04-28 08:59:34,078 [INFO] pipeline.macro:   inflacao_impl  : 2020: 4.52% | 2021: 10.06% | 2022: 5.62% | 2023: 4.62% | 2024: 4.83%
2026-04-28 08:59:34,078 [INFO] pipeline: 
[3/6] Baixando demonstrações financeiras (CVM)...
2026-04-28 08:59:34,078 [INFO] pipeline.cvm: 
==================================================
2026-04-28 08:59:34,079 [INFO] pipeline.cvm: Baixando DFP 2019...
2026-04-28 08:59:34,270 [INFO] pipeline.cvm:   DFP dre 2019: 64 linhas
2026-04-28 08:59:34,602 [INFO] pipeline.cvm:   DFP bpa 2019: 124 linhas
2026-04-28 08:59:35,193 [INFO] pipeline.cvm:   DFP bpp 2019: 212 linhas
2026-04-28 08:59:35,498 [INFO] pipeline.cvm:   DFP dfc_mi 2019: 100 linhas
2026-04-28 08:59:35,520 [WARNING] pipeline.cvm:   Empresa 22470 não encontrada em dfc_md 2019
2026-04-28 08:59:35,520 [INFO] pipeline.cvm: 
==================================================
2026-04-28 08:59:35,521 [INFO] pipeline.cvm: Baixando DFP 2020...
2026-04-28 08:59:35,805 [INFO] pipeline.cvm:   DFP dre 2020: 64 linhas
2026-04-28 08:59:36,190 [INFO] pipeline.cvm:   DFP bpa 2020: 124 linhas
2026-04-28 08:59:36,879 [INFO] pipeline.cvm:   DFP bpp 2020: 214 linhas
2026-04-28 08:59:37,255 [INFO] pipeline.cvm:   DFP dfc_mi 2020: 104 linhas
2026-04-28 08:59:37,280 [WARNING] pipeline.cvm:   Empresa 22470 não encontrada em dfc_md 2020
2026-04-28 08:59:37,281 [INFO] pipeline.cvm: 
==================================================
2026-04-28 08:59:37,281 [INFO] pipeline.cvm: Baixando DFP 2021...
2026-04-28 08:59:37,548 [INFO] pipeline.cvm:   DFP dre 2021: 64 linhas
2026-04-28 08:59:37,938 [INFO] pipeline.cvm:   DFP bpa 2021: 128 linhas
2026-04-28 08:59:38,660 [INFO] pipeline.cvm:   DFP bpp 2021: 218 linhas
2026-04-28 08:59:39,025 [INFO] pipeline.cvm:   DFP dfc_mi 2021: 104 linhas
2026-04-28 08:59:39,062 [WARNING] pipeline.cvm:   Empresa 22470 não encontrada em dfc_md 2021
2026-04-28 08:59:39,062 [INFO] pipeline.cvm: 
==================================================
2026-04-28 08:59:39,062 [INFO] pipeline.cvm: Baixando DFP 2022...
2026-04-28 08:59:39,292 [INFO] pipeline.cvm:   DFP dre 2022: 64 linhas
2026-04-28 08:59:39,731 [INFO] pipeline.cvm:   DFP bpa 2022: 128 linhas
2026-04-28 08:59:40,450 [INFO] pipeline.cvm:   DFP bpp 2022: 222 linhas
2026-04-28 08:59:40,845 [INFO] pipeline.cvm:   DFP dfc_mi 2022: 106 linhas
2026-04-28 08:59:40,874 [WARNING] pipeline.cvm:   Empresa 22470 não encontrada em dfc_md 2022
2026-04-28 08:59:40,875 [INFO] pipeline.cvm: 
==================================================
2026-04-28 08:59:40,875 [INFO] pipeline.cvm: Baixando DFP 2023...
2026-04-28 08:59:41,110 [INFO] pipeline.cvm:   DFP dre 2023: 64 linhas
2026-04-28 08:59:41,527 [INFO] pipeline.cvm:   DFP bpa 2023: 128 linhas
2026-04-28 08:59:42,266 [INFO] pipeline.cvm:   DFP bpp 2023: 222 linhas
2026-04-28 08:59:42,682 [INFO] pipeline.cvm:   DFP dfc_mi 2023: 106 linhas
2026-04-28 08:59:42,718 [WARNING] pipeline.cvm:   Empresa 22470 não encontrada em dfc_md 2023
2026-04-28 08:59:42,719 [INFO] pipeline.cvm: 
==================================================
2026-04-28 08:59:42,719 [INFO] pipeline.cvm: Baixando DFP 2024...
2026-04-28 08:59:42,943 [INFO] pipeline.cvm:   DFP dre 2024: 64 linhas
2026-04-28 08:59:43,346 [INFO] pipeline.cvm:   DFP bpa 2024: 128 linhas
2026-04-28 08:59:44,102 [INFO] pipeline.cvm:   DFP bpp 2024: 222 linhas
2026-04-28 08:59:44,506 [INFO] pipeline.cvm:   DFP dfc_mi 2024: 108 linhas
2026-04-28 08:59:44,539 [WARNING] pipeline.cvm:   Empresa 22470 não encontrada em dfc_md 2024
2026-04-28 08:59:44,539 [INFO] pipeline.cvm: 
==================================================
2026-04-28 08:59:44,540 [INFO] pipeline.cvm: Baixando DFP 2025...
2026-04-28 08:59:44,746 [INFO] pipeline.cvm:   DFP dre 2025: 64 linhas
2026-04-28 08:59:45,116 [INFO] pipeline.cvm:   DFP bpa 2025: 128 linhas
2026-04-28 08:59:45,786 [INFO] pipeline.cvm:   DFP bpp 2025: 222 linhas
2026-04-28 08:59:46,144 [INFO] pipeline.cvm:   DFP dfc_mi 2025: 110 linhas
2026-04-28 08:59:46,173 [WARNING] pipeline.cvm:   Empresa 22470 não encontrada em dfc_md 2025
2026-04-28 08:59:46,173 [INFO] pipeline:   Anos ajustados → Histórico: 2019-2025 | Projeção: 2026-2035
2026-04-28 08:59:46,173 [INFO] pipeline: 
[4/6] Normalizando dados...
2026-04-28 08:59:48,012 [INFO] pipeline:   DFC normalizada: 11 linhas
2026-04-28 08:59:48,017 [INFO] pipeline:   DRE normalizada:
2026-04-28 08:59:48,017 [INFO] pipeline:     receita_liquida: 2019: 19,886 | 2020: 29,177 | 2021: 35,278 | 2022: 37,299 | 2023: 36,768 | 2024: 38,038 | 2025: 38,703
2026-04-28 08:59:48,017 [INFO] pipeline:     ebit: 2019: 1,289 | 2020: 825 | 2021: 471 | 2022: 772 | 2023: -372 | 2024: 1,562 | 2025: 1,919
2026-04-28 08:59:48,017 [INFO] pipeline:     lucro_liquido: 2019: 922 | 2020: 392 | 2021: 591 | 2022: -499 | 2023: -979 | 2024: 449 | 2025: 205
2026-04-28 08:59:48,018 [INFO] pipeline: 
[5/6] Calculando projeções...
2026-04-28 08:59:48,019 [INFO] pipeline.projecoes: 
=== Projeções (não-financeira / FCFF) ===
2026-04-28 08:59:48,020 [INFO] pipeline.projecoes:   Margem EBITDA: 7.0% → 5.0% (conv 6a)
2026-04-28 08:59:48,020 [INFO] pipeline.projecoes:   D&A/Receita: 2.0%
2026-04-28 08:59:48,021 [INFO] pipeline.projecoes:   CAPEX/Receita: 0.9% → 4.0%
2026-04-28 08:59:48,023 [INFO] pipeline.projecoes:   NCG/Receita: 8.7% → 12.0%
2026-04-28 08:59:48,026 [INFO] pipeline.projecoes:   Alíquota efetiva: 24.3%
2026-04-28 08:59:48,026 [INFO] pipeline.projecoes: Projeções concluídas (FCFF). Resumo:
2026-04-28 08:59:48,026 [INFO] pipeline.projecoes:    Ano      Receita     EBITDA    Mg%      NOPAT       FCFF
2026-04-28 08:59:48,026 [INFO] pipeline.projecoes:   2026       41,606      2,790   6.7%      1,491       -914
2026-04-28 08:59:48,026 [INFO] pipeline.projecoes:   2027       44,519      2,833   6.4%      1,480        841
2026-04-28 08:59:48,026 [INFO] pipeline.projecoes:   2028       47,412      2,856   6.0%      1,454        478
2026-04-28 08:59:48,027 [INFO] pipeline.projecoes:   2029       50,257      2,856   5.7%      1,412         67
2026-04-28 08:59:48,027 [INFO] pipeline.projecoes:   2030       53,021      2,832   5.3%      1,353       -389
2026-04-28 08:59:48,027 [INFO] pipeline.valuation:   Estrutura de capital: E=69% | D=31%
2026-04-28 08:59:48,027 [INFO] pipeline: 
[6/6] Calculando valuation (FCFF / WACC)...
2026-04-28 08:59:48,027 [WARNING] pipeline.valuation: TIR < g (5.5%) — cotação acima do valor intrínseco (DCF)
2026-04-28 08:59:48,028 [WARNING] pipeline.valuation: TIR < g (5.5%) — cotação acima do valor intrínseco (DCF)
2026-04-28 08:59:48,028 [INFO] pipeline.valuation: 
==================================================
2026-04-28 08:59:48,028 [INFO] pipeline.valuation: VALUATION FCFF/WACC — MGLU3
2026-04-28 08:59:48,028 [INFO] pipeline.valuation:   VP FCFF (10a):     R$         -364 MM
2026-04-28 08:59:48,028 [INFO] pipeline.valuation:   Valor Perp. (VP):  R$         -983 MM
2026-04-28 08:59:48,028 [INFO] pipeline.valuation:   ENTERPRISE VALUE:  R$       -1,347 MM
2026-04-28 08:59:48,028 [INFO] pipeline.valuation:   (-) Dívida Líq.:   R$        2,909 MM
2026-04-28 08:59:48,028 [INFO] pipeline.valuation:   VALOR DO EQUITY:   R$       -4,256 MM
2026-04-28 08:59:48,028 [INFO] pipeline.valuation:   Preço Justo ON:    R$    -5.49
2026-04-28 08:59:48,028 [INFO] pipeline.valuation:   Preço Justo PN:    R$    -5.49
2026-04-28 08:59:48,029 [INFO] pipeline.valuation:   Cotação ON:        R$     8.53
2026-04-28 08:59:48,029 [INFO] pipeline.valuation:   Upside ON:             -164.4%
2026-04-28 08:59:48,029 [INFO] pipeline.valuation:   TIR (ON):                 6.0%
2026-04-28 08:59:48,029 [INFO] pipeline.valuation:   WACC último ano:         12.0%
2026-04-28 08:59:48,029 [WARNING] pipeline: 
[!] AVISOS DE VALIDACAO:
2026-04-28 08:59:48,030 [WARNING] pipeline:   - Valor do Equity negativo ou zero: R$ -4,256 MM
2026-04-28 08:59:48,030 [WARNING] pipeline:   - Preço Justo ON inválido (≤ 0)
2026-04-28 08:59:48,031 [INFO] pipeline:   Sem template VAROS para MGLU3 — Excel será criado do zero
2026-04-28 08:59:48,032 [INFO] pipeline.excel_geral: 
============================================================
2026-04-28 08:59:48,032 [INFO] pipeline.excel_geral: Criando Excel completo (12 abas) para: Magazine Luiza (MGLU3)
2026-04-28 08:59:48,033 [INFO] pipeline.excel_geral:   → 1/12  Dashboard
2026-04-28 08:59:48,046 [INFO] pipeline.excel_geral:   → 2/12  WACC
2026-04-28 08:59:48,083 [INFO] pipeline.excel_geral:   → 3/12  TIR ON
2026-04-28 08:59:48,094 [INFO] pipeline.excel_geral:   → 4/12  TIR PN
2026-04-28 08:59:48,104 [INFO] pipeline.excel_geral:   → 5/12  Valor do Equity
2026-04-28 08:59:48,110 [INFO] pipeline.excel_geral:   → 6/12  Preço Teto
2026-04-28 08:59:48,117 [INFO] pipeline.excel_geral:   → 7/12  DRE + DCF
2026-04-28 08:59:48,233 [INFO] pipeline.excel_geral:   → 8/12  DRE Contas Abertas
2026-04-28 08:59:48,294 [INFO] pipeline.excel_geral:   → 9/12  Balanço Patrimonial
2026-04-28 08:59:48,337 [INFO] pipeline.excel_geral:   → 10/12 Painel de Índices
2026-04-28 08:59:48,402 [INFO] pipeline.excel_geral:   → 11/12 Projeções Premissas
2026-04-28 08:59:48,426 [INFO] pipeline.excel_geral:   → 12/12 Projeções Capex e CG
2026-04-28 08:59:48,530 [INFO] pipeline.excel_geral: 
Arquivo salvo: C:\Users\55819\OneDrive - EPEJUD\DIEGO\OBSIDIAN\Analista de Investimentos\12_PYTHON\pipeline banco completo\outputs\Valuation_MGLU3_Magazine Luiza_20260428.xlsx
2026-04-28 08:59:48,530 [INFO] pipeline: 
======================================================================
2026-04-28 08:59:48,530 [INFO] pipeline: RESUMO DO VALUATION (FCFF/WACC)
2026-04-28 08:59:48,530 [INFO] pipeline: ======================================================================
2026-04-28 08:59:48,530 [INFO] pipeline:   Empresa:           Magazine Luiza (MGLU3)
2026-04-28 08:59:48,530 [INFO] pipeline:   Enterprise Value:  R$       -1,347 MM
2026-04-28 08:59:48,531 [INFO] pipeline:   Cotação ON:        R$ 8.53
2026-04-28 08:59:48,531 [INFO] pipeline:   Preço Justo ON:    R$ -5.49
2026-04-28 08:59:48,531 [INFO] pipeline:   Upside ON:            -164.4%
2026-04-28 08:59:48,531 [INFO] pipeline:   TIR:                  6.0%
2026-04-28 08:59:48,531 [INFO] pipeline:   Preço Teto ON:     R$ -5.49
2026-04-28 08:59:48,531 [INFO] pipeline: 
  [!] 2 aviso(s) de validacao — verifique os logs
2026-04-28 08:59:48,531 [INFO] pipeline: 
  Arquivo gerado:    C:\Users\55819\OneDrive - EPEJUD\DIEGO\OBSIDIAN\Analista de Investimentos\12_PYTHON\pipeline banco completo\outputs\Valuation_MGLU3_Magazine Luiza_20260428.xlsx
2026-04-28 08:59:48,531 [INFO] pipeline: ======================================================================
2026-04-28 08:59:48,533 [INFO] pipeline: ✓ MGLU3: arquivo gerado → C:\Users\55819\OneDrive - EPEJUD\DIEGO\OBSIDIAN\Analista de Investimentos\12_PYTHON\pipeline banco completo\outputs\Valuation_MGLU3_Magazine Luiza_20260428.xlsx
2026-04-28 08:59:48,534 [INFO] pipeline: 
──────────────────────────────────────────────────────────────────────
2026-04-28 08:59:48,534 [INFO] pipeline: Processando: BHIA3 (Casas Bahia)
2026-04-28 08:59:48,534 [INFO] pipeline: ──────────────────────────────────────────────────────────────────────
2026-04-28 08:59:48,534 [INFO] pipeline: ======================================================================
2026-04-28 08:59:48,534 [INFO] pipeline: PIPELINE DE VALUATION [CONSUMO_VAREJO] — BHIA3 — Casas Bahia
2026-04-28 08:59:48,534 [INFO] pipeline: Início: 2026-04-28 08:59:48
2026-04-28 08:59:48,534 [INFO] pipeline:   Setor: consumo_varejo | Motor: WACC
2026-04-28 08:59:48,534 [INFO] pipeline: ======================================================================
2026-04-28 08:59:48,534 [INFO] pipeline: 
[1/6] Coletando dados de mercado...
2026-04-28 08:59:48,535 [INFO] pipeline:   Buscando cotação via yfinance...
2026-04-28 08:59:48,535 [INFO] pipeline.mercado: Buscando cotação atual: BHIA3.SA
2026-04-28 08:59:50,192 [INFO] pipeline:   Cotação ON: R$ 2.70  |  Cotação PN: R$ 0.00
2026-04-28 08:59:50,319 [INFO] pipeline.mercado: Calculando beta: BHIA3 (252 dias úteis)
2026-04-28 08:59:50,320 [INFO] pipeline.mercado: Baixando preços: BHIA3.SA (2019-01-01 → 2026-04-28)
2026-04-28 08:59:50,948 [INFO] pipeline.mercado:   1820 dias de preços carregados
2026-04-28 08:59:50,954 [INFO] pipeline.mercado:   Beta estatístico: 1.2572 | R²: 0.083 | n=251
2026-04-28 08:59:50,956 [INFO] pipeline:   Beta estatístico: 1.257 | Beta utilizado: 0.850
2026-04-28 08:59:50,957 [INFO] pipeline: 
[2/6] Coletando dados macroeconômicos (BCB)...
2026-04-28 08:59:51,231 [WARNING] pipeline.macro: Não foi possível obter Focus Selic: 400 Client Error: Bad Request for url: https://olinda.bcb.gov.br/olinda/servico/Expectativas/versao/v1/odata/ExpectativasMercadoAnuais?%24filter=Indicador%20eq%20'Selic'&%24top=100&%24format=json&%24select=Indicador,Data,Ano,Mediana
2026-04-28 08:59:51,520 [WARNING] pipeline.macro: Não foi possível obter Focus IPCA: 400 Client Error: Bad Request for url: https://olinda.bcb.gov.br/olinda/servico/Expectativas/versao/v1/odata/ExpectativasMercadoAnuais?%24filter=Indicador%20eq%20'IPCA'&%24top=100&%24format=json&%24select=Indicador,Data,Ano,Mediana
2026-04-28 08:59:51,522 [INFO] pipeline.macro: 
=== Coletando dados macroeconômicos ===
2026-04-28 08:59:51,522 [INFO] pipeline.macro: Baixando série BCB 432...
2026-04-28 08:59:51,814 [ERROR] pipeline.macro: Erro ao baixar série BCB 432: 406 Client Error: Not Acceptable for url: https://api.bcb.gov.br/dados/serie/bcdata.sgs.432/dados?formato=json&dataInicial=01%2F01%2F2010&dataFinal=28%2F04%2F2026
2026-04-28 08:59:51,815 [WARNING] pipeline.macro: Série Selic meta sem DatetimeIndex — usando fallback histórico
2026-04-28 08:59:51,818 [INFO] pipeline.macro: Baixando série BCB 12...
2026-04-28 08:59:51,928 [ERROR] pipeline.macro: Erro ao baixar série BCB 12: 406 Client Error: Not Acceptable for url: https://api.bcb.gov.br/dados/serie/bcdata.sgs.12/dados?formato=json&dataInicial=01%2F01%2F2010&dataFinal=28%2F04%2F2026
2026-04-28 08:59:51,928 [WARNING] pipeline.macro: Série DI sem DatetimeIndex — usando fallback histórico
2026-04-28 08:59:51,931 [WARNING] pipeline.macro: IPCA calculado fora do intervalo plausível (55.3%) para 2019 — usando fallback
2026-04-28 08:59:51,932 [WARNING] pipeline.macro: IPCA calculado fora do intervalo plausível (46.1%) para 2020 — usando fallback
2026-04-28 08:59:51,933 [WARNING] pipeline.macro: IPCA calculado fora do intervalo plausível (159.3%) para 2021 — usando fallback
2026-04-28 08:59:51,933 [WARNING] pipeline.macro: IPCA calculado fora do intervalo plausível (191.2%) para 2022 — usando fallback
2026-04-28 08:59:51,934 [WARNING] pipeline.macro: IPCA calculado fora do intervalo plausível (71.5%) para 2023 — usando fallback
2026-04-28 08:59:51,934 [WARNING] pipeline.macro: IPCA calculado fora do intervalo plausível (67.0%) para 2024 — usando fallback
2026-04-28 08:59:51,934 [INFO] pipeline.macro: Baixando série BCB 258...
2026-04-28 08:59:52,036 [ERROR] pipeline.macro: Erro ao baixar série BCB 258: 406 Client Error: Not Acceptable for url: https://api.bcb.gov.br/dados/serie/bcdata.sgs.258/dados?formato=json&dataInicial=01%2F01%2F2010&dataFinal=28%2F04%2F2026
2026-04-28 08:59:52,036 [WARNING] pipeline.macro: Série TJLP sem DatetimeIndex — usando fallback histórico
2026-04-28 08:59:52,044 [WARNING] pipeline.macro: IPCA calculado fora do intervalo plausível (55.3%) para 2019 — usando fallback
2026-04-28 08:59:52,045 [WARNING] pipeline.macro: IPCA calculado fora do intervalo plausível (46.1%) para 2020 — usando fallback
2026-04-28 08:59:52,045 [WARNING] pipeline.macro: IPCA calculado fora do intervalo plausível (159.3%) para 2021 — usando fallback
2026-04-28 08:59:52,046 [WARNING] pipeline.macro: IPCA calculado fora do intervalo plausível (191.2%) para 2022 — usando fallback
2026-04-28 08:59:52,046 [WARNING] pipeline.macro: IPCA calculado fora do intervalo plausível (71.5%) para 2023 — usando fallback
2026-04-28 08:59:52,046 [WARNING] pipeline.macro: IPCA calculado fora do intervalo plausível (67.0%) para 2024 — usando fallback
2026-04-28 08:59:52,046 [INFO] pipeline.macro: 
RESUMO MACRO HISTÓRICO:
2026-04-28 08:59:52,046 [INFO] pipeline.macro:   selic_meta     : 2020: 2.00% | 2021: 9.25% | 2022: 13.75% | 2023: 11.75% | 2024: 11.75%
2026-04-28 08:59:52,047 [INFO] pipeline.macro:   selic_efet     : 2020: 2.28% | 2021: 4.48% | 2022: 12.33% | 2023: 13.15% | 2024: 10.73%
2026-04-28 08:59:52,047 [INFO] pipeline.macro:   ipca           : 2020: 4.52% | 2021: 10.06% | 2022: 5.62% | 2023: 4.62% | 2024: 4.83%
2026-04-28 08:59:52,047 [INFO] pipeline.macro:   tjlp           : 2020: 5.25% | 2021: 5.25% | 2022: 6.25% | 2023: 7.00% | 2024: 7.00%
2026-04-28 08:59:52,047 [INFO] pipeline.macro:   cds            : 2020: 0.44% | 2021: 0.73% | 2022: 1.26% | 2023: 0.84% | 2024: 0.81%
2026-04-28 08:59:52,047 [INFO] pipeline.macro:   inflacao_impl  : 2020: 4.52% | 2021: 10.06% | 2022: 5.62% | 2023: 4.62% | 2024: 4.83%
2026-04-28 08:59:52,047 [INFO] pipeline: 
[3/6] Baixando demonstrações financeiras (CVM)...
2026-04-28 08:59:52,047 [INFO] pipeline.cvm: 
==================================================
2026-04-28 08:59:52,047 [INFO] pipeline.cvm: Baixando DFP 2019...
2026-04-28 08:59:52,243 [INFO] pipeline.cvm:   DFP dre 2019: 62 linhas
2026-04-28 08:59:52,567 [INFO] pipeline.cvm:   DFP bpa 2019: 128 linhas
2026-04-28 08:59:53,128 [INFO] pipeline.cvm:   DFP bpp 2019: 220 linhas
2026-04-28 08:59:53,421 [INFO] pipeline.cvm:   DFP dfc_mi 2019: 110 linhas
2026-04-28 08:59:53,440 [WARNING] pipeline.cvm:   Empresa 6505 não encontrada em dfc_md 2019
2026-04-28 08:59:53,441 [INFO] pipeline.cvm: 
==================================================
2026-04-28 08:59:53,441 [INFO] pipeline.cvm: Baixando DFP 2020...
2026-04-28 08:59:53,691 [INFO] pipeline.cvm:   DFP dre 2020: 62 linhas
2026-04-28 08:59:54,074 [INFO] pipeline.cvm:   DFP bpa 2020: 128 linhas
2026-04-28 08:59:54,742 [INFO] pipeline.cvm:   DFP bpp 2020: 226 linhas
2026-04-28 08:59:55,107 [INFO] pipeline.cvm:   DFP dfc_mi 2020: 122 linhas
2026-04-28 08:59:55,137 [WARNING] pipeline.cvm:   Empresa 6505 não encontrada em dfc_md 2020
2026-04-28 08:59:55,137 [INFO] pipeline.cvm: 
==================================================
2026-04-28 08:59:55,137 [INFO] pipeline.cvm: Baixando DFP 2021...
2026-04-28 08:59:55,383 [INFO] pipeline.cvm:   DFP dre 2021: 62 linhas
2026-04-28 08:59:55,827 [INFO] pipeline.cvm:   DFP bpa 2021: 128 linhas
2026-04-28 08:59:56,564 [INFO] pipeline.cvm:   DFP bpp 2021: 226 linhas
2026-04-28 08:59:56,935 [INFO] pipeline.cvm:   DFP dfc_mi 2021: 126 linhas
2026-04-28 08:59:56,966 [WARNING] pipeline.cvm:   Empresa 6505 não encontrada em dfc_md 2021
2026-04-28 08:59:56,967 [INFO] pipeline.cvm: 
==================================================
2026-04-28 08:59:56,967 [INFO] pipeline.cvm: Baixando DFP 2022...
2026-04-28 08:59:57,233 [INFO] pipeline.cvm:   DFP dre 2022: 62 linhas
2026-04-28 08:59:57,666 [INFO] pipeline.cvm:   DFP bpa 2022: 128 linhas
2026-04-28 08:59:58,494 [INFO] pipeline.cvm:   DFP bpp 2022: 230 linhas
2026-04-28 08:59:58,899 [INFO] pipeline.cvm:   DFP dfc_mi 2022: 132 linhas
2026-04-28 08:59:58,935 [WARNING] pipeline.cvm:   Empresa 6505 não encontrada em dfc_md 2022
2026-04-28 08:59:58,935 [INFO] pipeline.cvm: 
==================================================
2026-04-28 08:59:58,936 [INFO] pipeline.cvm: Baixando DFP 2023...
2026-04-28 08:59:59,193 [INFO] pipeline.cvm:   DFP dre 2023: 62 linhas
2026-04-28 08:59:59,873 [INFO] pipeline.cvm:   DFP bpa 2023: 128 linhas
2026-04-28 09:00:00,725 [INFO] pipeline.cvm:   DFP bpp 2023: 230 linhas
2026-04-28 09:00:01,157 [INFO] pipeline.cvm:   DFP dfc_mi 2023: 132 linhas
2026-04-28 09:00:01,193 [WARNING] pipeline.cvm:   Empresa 6505 não encontrada em dfc_md 2023
2026-04-28 09:00:01,193 [INFO] pipeline.cvm: 
==================================================
2026-04-28 09:00:01,193 [INFO] pipeline.cvm: Baixando DFP 2024...
2026-04-28 09:00:01,440 [INFO] pipeline.cvm:   DFP dre 2024: 70 linhas
2026-04-28 09:00:01,881 [INFO] pipeline.cvm:   DFP bpa 2024: 128 linhas
2026-04-28 09:00:02,648 [INFO] pipeline.cvm:   DFP bpp 2024: 230 linhas
2026-04-28 09:00:03,032 [INFO] pipeline.cvm:   DFP dfc_mi 2024: 134 linhas
2026-04-28 09:00:03,064 [WARNING] pipeline.cvm:   Empresa 6505 não encontrada em dfc_md 2024
2026-04-28 09:00:03,064 [INFO] pipeline.cvm: 
==================================================
2026-04-28 09:00:03,065 [INFO] pipeline.cvm: Baixando DFP 2025...
2026-04-28 09:00:03,270 [INFO] pipeline.cvm:   DFP dre 2025: 70 linhas
2026-04-28 09:00:03,638 [INFO] pipeline.cvm:   DFP bpa 2025: 132 linhas
2026-04-28 09:00:04,278 [INFO] pipeline.cvm:   DFP bpp 2025: 232 linhas
2026-04-28 09:00:04,638 [INFO] pipeline.cvm:   DFP dfc_mi 2025: 134 linhas
2026-04-28 09:00:04,663 [WARNING] pipeline.cvm:   Empresa 6505 não encontrada em dfc_md 2025
2026-04-28 09:00:04,664 [INFO] pipeline:   Anos ajustados → Histórico: 2019-2025 | Projeção: 2026-2035
2026-04-28 09:00:04,664 [INFO] pipeline: 
[4/6] Normalizando dados...
2026-04-28 09:00:06,410 [INFO] pipeline:   DFC normalizada: 11 linhas
2026-04-28 09:00:06,413 [INFO] pipeline:   DRE normalizada:
2026-04-28 09:00:06,414 [INFO] pipeline:     receita_liquida: 2019: 25,655 | 2020: 28,901 | 2021: 30,899 | 2022: 30,898 | 2023: 28,847 | 2024: 27,206 | 2025: 29,197
2026-04-28 09:00:06,414 [INFO] pipeline:     ebit: 2019: -1,042 | 2020: 1,619 | 2021: -343 | 2022: 1,161 | 2023: -1,161 | 2024: 510 | 2025: 1,343
2026-04-28 09:00:06,414 [INFO] pipeline:     lucro_liquido: 2019: -1,433 | 2020: 1,004 | 2021: -297 | 2022: -342 | 2023: -2,625 | 2024: -1,045 | 2025: -2,988
2026-04-28 09:00:06,414 [INFO] pipeline: 
[5/6] Calculando projeções...
2026-04-28 09:00:06,415 [INFO] pipeline.projecoes: 
=== Projeções (não-financeira / FCFF) ===
2026-04-28 09:00:06,416 [INFO] pipeline.projecoes:   Margem EBITDA: 6.4% → 6.0% (conv 6a)
2026-04-28 09:00:06,416 [INFO] pipeline.projecoes:   D&A/Receita: 1.8%
2026-04-28 09:00:06,417 [INFO] pipeline.projecoes:   CAPEX/Receita: 0.1% → 3.0%
2026-04-28 09:00:06,418 [INFO] pipeline.projecoes:   NCG/Receita: 11.2% → 10.0%
2026-04-28 09:00:06,420 [INFO] pipeline.projecoes:   Alíquota efetiva: 33.0%
2026-04-28 09:00:06,421 [INFO] pipeline.projecoes: Projeções concluídas (FCFF). Resumo:
2026-04-28 09:00:06,421 [INFO] pipeline.projecoes:    Ano      Receita     EBITDA    Mg%      NOPAT       FCFF
2026-04-28 09:00:06,421 [INFO] pipeline.projecoes:   2026       31,387      1,980   6.3%        942       -443
2026-04-28 09:00:06,421 [INFO] pipeline.projecoes:   2027       33,584      2,098   6.2%        994      1,028
2026-04-28 09:00:06,421 [INFO] pipeline.projecoes:   2028       35,767      2,212   6.2%      1,043        893
2026-04-28 09:00:06,421 [INFO] pipeline.projecoes:   2029       37,913      2,322   6.1%      1,090        732
2026-04-28 09:00:06,421 [INFO] pipeline.projecoes:   2030       39,998      2,425   6.1%      1,134        545
2026-04-28 09:00:06,421 [INFO] pipeline.valuation:   Estrutura de capital: E=36% | D=64%
2026-04-28 09:00:06,421 [INFO] pipeline: 
[6/6] Calculando valuation (FCFF / WACC)...
2026-04-28 09:00:06,422 [INFO] pipeline.valuation: 
==================================================
2026-04-28 09:00:06,422 [INFO] pipeline.valuation: VALUATION FCFF/WACC — BHIA3
2026-04-28 09:00:06,422 [INFO] pipeline.valuation:   VP FCFF (10a):     R$        3,122 MM
2026-04-28 09:00:06,422 [INFO] pipeline.valuation:   Valor Perp. (VP):  R$        3,276 MM
2026-04-28 09:00:06,422 [INFO] pipeline.valuation:   ENTERPRISE VALUE:  R$        6,397 MM
2026-04-28 09:00:06,422 [INFO] pipeline.valuation:   (-) Dívida Líq.:   R$        4,759 MM
2026-04-28 09:00:06,422 [INFO] pipeline.valuation:   VALOR DO EQUITY:   R$        1,638 MM
2026-04-28 09:00:06,422 [INFO] pipeline.valuation:   Preço Justo ON:    R$     1.68
2026-04-28 09:00:06,422 [INFO] pipeline.valuation:   Preço Justo PN:    R$     1.68
2026-04-28 09:00:06,422 [INFO] pipeline.valuation:   Cotação ON:        R$     2.70
2026-04-28 09:00:06,422 [INFO] pipeline.valuation:   Upside ON:              -37.8%
2026-04-28 09:00:06,422 [INFO] pipeline.valuation:   TIR (ON):                20.6%
2026-04-28 09:00:06,422 [INFO] pipeline.valuation:   WACC último ano:         12.0%
2026-04-28 09:00:06,423 [INFO] pipeline:   Sem template VAROS para BHIA3 — Excel será criado do zero
2026-04-28 09:00:06,424 [INFO] pipeline.excel_geral: 
============================================================
2026-04-28 09:00:06,424 [INFO] pipeline.excel_geral: Criando Excel completo (12 abas) para: Casas Bahia (BHIA3)
2026-04-28 09:00:06,426 [INFO] pipeline.excel_geral:   → 1/12  Dashboard
2026-04-28 09:00:06,435 [INFO] pipeline.excel_geral:   → 2/12  WACC
2026-04-28 09:00:06,472 [INFO] pipeline.excel_geral:   → 3/12  TIR ON
2026-04-28 09:00:06,483 [INFO] pipeline.excel_geral:   → 4/12  TIR PN
2026-04-28 09:00:06,494 [INFO] pipeline.excel_geral:   → 5/12  Valor do Equity
2026-04-28 09:00:06,499 [INFO] pipeline.excel_geral:   → 6/12  Preço Teto
2026-04-28 09:00:06,506 [INFO] pipeline.excel_geral:   → 7/12  DRE + DCF
2026-04-28 09:00:06,626 [INFO] pipeline.excel_geral:   → 8/12  DRE Contas Abertas
2026-04-28 09:00:06,685 [INFO] pipeline.excel_geral:   → 9/12  Balanço Patrimonial
2026-04-28 09:00:06,734 [INFO] pipeline.excel_geral:   → 10/12 Painel de Índices
2026-04-28 09:00:06,804 [INFO] pipeline.excel_geral:   → 11/12 Projeções Premissas
2026-04-28 09:00:06,828 [INFO] pipeline.excel_geral:   → 12/12 Projeções Capex e CG
2026-04-28 09:00:06,924 [INFO] pipeline.excel_geral: 
Arquivo salvo: C:\Users\55819\OneDrive - EPEJUD\DIEGO\OBSIDIAN\Analista de Investimentos\12_PYTHON\pipeline banco completo\outputs\Valuation_BHIA3_Casas Bahia_20260428.xlsx
2026-04-28 09:00:06,924 [INFO] pipeline: 
======================================================================
2026-04-28 09:00:06,924 [INFO] pipeline: RESUMO DO VALUATION (FCFF/WACC)
2026-04-28 09:00:06,924 [INFO] pipeline: ======================================================================
2026-04-28 09:00:06,924 [INFO] pipeline:   Empresa:           Casas Bahia (BHIA3)
2026-04-28 09:00:06,924 [INFO] pipeline:   Enterprise Value:  R$        6,397 MM
2026-04-28 09:00:06,925 [INFO] pipeline:   Cotação ON:        R$ 2.70
2026-04-28 09:00:06,925 [INFO] pipeline:   Preço Justo ON:    R$ 1.68
2026-04-28 09:00:06,925 [INFO] pipeline:   Upside ON:            -37.8%
2026-04-28 09:00:06,925 [INFO] pipeline:   TIR:                  20.6%
2026-04-28 09:00:06,925 [INFO] pipeline:   Preço Teto ON:     R$ 1.68
2026-04-28 09:00:06,925 [INFO] pipeline: 
  Arquivo gerado:    C:\Users\55819\OneDrive - EPEJUD\DIEGO\OBSIDIAN\Analista de Investimentos\12_PYTHON\pipeline banco completo\outputs\Valuation_BHIA3_Casas Bahia_20260428.xlsx
2026-04-28 09:00:06,925 [INFO] pipeline: ======================================================================
2026-04-28 09:00:06,927 [INFO] pipeline: ✓ BHIA3: arquivo gerado → C:\Users\55819\OneDrive - EPEJUD\DIEGO\OBSIDIAN\Analista de Investimentos\12_PYTHON\pipeline banco completo\outputs\Valuation_BHIA3_Casas Bahia_20260428.xlsx
2026-04-28 09:00:06,928 [INFO] pipeline: 
──────────────────────────────────────────────────────────────────────
2026-04-28 09:00:06,928 [INFO] pipeline: Processando: ASAI3 (Assaí Atacadista)
2026-04-28 09:00:06,928 [INFO] pipeline: ──────────────────────────────────────────────────────────────────────
2026-04-28 09:00:06,928 [INFO] pipeline: ======================================================================
2026-04-28 09:00:06,928 [INFO] pipeline: PIPELINE DE VALUATION [CONSUMO_VAREJO] — ASAI3 — Assaí Atacadista
2026-04-28 09:00:06,928 [INFO] pipeline: Início: 2026-04-28 09:00:06
2026-04-28 09:00:06,928 [INFO] pipeline:   Setor: consumo_varejo | Motor: WACC
2026-04-28 09:00:06,928 [INFO] pipeline: ======================================================================
2026-04-28 09:00:06,928 [INFO] pipeline: 
[1/6] Coletando dados de mercado...
2026-04-28 09:00:06,929 [INFO] pipeline:   Buscando cotação via yfinance...
2026-04-28 09:00:06,929 [INFO] pipeline.mercado: Buscando cotação atual: ASAI3.SA
2026-04-28 09:00:08,314 [INFO] pipeline:   Cotação ON: R$ 9.58  |  Cotação PN: R$ 0.00
2026-04-28 09:00:08,448 [INFO] pipeline.mercado: Calculando beta: ASAI3 (252 dias úteis)
2026-04-28 09:00:08,449 [INFO] pipeline.mercado: Baixando preços: ASAI3.SA (2019-01-01 → 2026-04-28)
2026-04-28 09:00:09,285 [INFO] pipeline.mercado:   1287 dias de preços carregados
2026-04-28 09:00:09,299 [INFO] pipeline.mercado:   Beta estatístico: 1.6919 | R²: 0.347 | n=251
2026-04-28 09:00:09,302 [INFO] pipeline:   Beta estatístico: 1.692 | Beta utilizado: 0.850
2026-04-28 09:00:09,302 [INFO] pipeline: 
[2/6] Coletando dados macroeconômicos (BCB)...
2026-04-28 09:00:09,641 [WARNING] pipeline.macro: Não foi possível obter Focus Selic: 400 Client Error: Bad Request for url: https://olinda.bcb.gov.br/olinda/servico/Expectativas/versao/v1/odata/ExpectativasMercadoAnuais?%24filter=Indicador%20eq%20'Selic'&%24top=100&%24format=json&%24select=Indicador,Data,Ano,Mediana
2026-04-28 09:00:09,915 [WARNING] pipeline.macro: Não foi possível obter Focus IPCA: 400 Client Error: Bad Request for url: https://olinda.bcb.gov.br/olinda/servico/Expectativas/versao/v1/odata/ExpectativasMercadoAnuais?%24filter=Indicador%20eq%20'IPCA'&%24top=100&%24format=json&%24select=Indicador,Data,Ano,Mediana
2026-04-28 09:00:09,916 [INFO] pipeline.macro: 
=== Coletando dados macroeconômicos ===
2026-04-28 09:00:09,916 [INFO] pipeline.macro: Baixando série BCB 432...
2026-04-28 09:00:10,251 [ERROR] pipeline.macro: Erro ao baixar série BCB 432: 406 Client Error: Not Acceptable for url: https://api.bcb.gov.br/dados/serie/bcdata.sgs.432/dados?formato=json&dataInicial=01%2F01%2F2010&dataFinal=28%2F04%2F2026
2026-04-28 09:00:10,251 [WARNING] pipeline.macro: Série Selic meta sem DatetimeIndex — usando fallback histórico
2026-04-28 09:00:10,252 [INFO] pipeline.macro: Baixando série BCB 12...
2026-04-28 09:00:10,356 [ERROR] pipeline.macro: Erro ao baixar série BCB 12: 406 Client Error: Not Acceptable for url: https://api.bcb.gov.br/dados/serie/bcdata.sgs.12/dados?formato=json&dataInicial=01%2F01%2F2010&dataFinal=28%2F04%2F2026
2026-04-28 09:00:10,357 [WARNING] pipeline.macro: Série DI sem DatetimeIndex — usando fallback histórico
2026-04-28 09:00:10,360 [WARNING] pipeline.macro: IPCA calculado fora do intervalo plausível (55.3%) para 2019 — usando fallback
2026-04-28 09:00:10,360 [WARNING] pipeline.macro: IPCA calculado fora do intervalo plausível (46.1%) para 2020 — usando fallback
2026-04-28 09:00:10,361 [WARNING] pipeline.macro: IPCA calculado fora do intervalo plausível (159.3%) para 2021 — usando fallback
2026-04-28 09:00:10,362 [WARNING] pipeline.macro: IPCA calculado fora do intervalo plausível (191.2%) para 2022 — usando fallback
2026-04-28 09:00:10,362 [WARNING] pipeline.macro: IPCA calculado fora do intervalo plausível (71.5%) para 2023 — usando fallback
2026-04-28 09:00:10,363 [WARNING] pipeline.macro: IPCA calculado fora do intervalo plausível (67.0%) para 2024 — usando fallback
2026-04-28 09:00:10,363 [INFO] pipeline.macro: Baixando série BCB 258...
2026-04-28 09:00:10,773 [ERROR] pipeline.macro: Erro ao baixar série BCB 258: 406 Client Error: Not Acceptable for url: https://api.bcb.gov.br/dados/serie/bcdata.sgs.258/dados?formato=json&dataInicial=01%2F01%2F2010&dataFinal=28%2F04%2F2026
2026-04-28 09:00:10,773 [WARNING] pipeline.macro: Série TJLP sem DatetimeIndex — usando fallback histórico
2026-04-28 09:00:10,782 [WARNING] pipeline.macro: IPCA calculado fora do intervalo plausível (55.3%) para 2019 — usando fallback
2026-04-28 09:00:10,782 [WARNING] pipeline.macro: IPCA calculado fora do intervalo plausível (46.1%) para 2020 — usando fallback
2026-04-28 09:00:10,783 [WARNING] pipeline.macro: IPCA calculado fora do intervalo plausível (159.3%) para 2021 — usando fallback
2026-04-28 09:00:10,783 [WARNING] pipeline.macro: IPCA calculado fora do intervalo plausível (191.2%) para 2022 — usando fallback
2026-04-28 09:00:10,783 [WARNING] pipeline.macro: IPCA calculado fora do intervalo plausível (71.5%) para 2023 — usando fallback
2026-04-28 09:00:10,783 [WARNING] pipeline.macro: IPCA calculado fora do intervalo plausível (67.0%) para 2024 — usando fallback
2026-04-28 09:00:10,784 [INFO] pipeline.macro: 
RESUMO MACRO HISTÓRICO:
2026-04-28 09:00:10,784 [INFO] pipeline.macro:   selic_meta     : 2020: 2.00% | 2021: 9.25% | 2022: 13.75% | 2023: 11.75% | 2024: 11.75%
2026-04-28 09:00:10,784 [INFO] pipeline.macro:   selic_efet     : 2020: 2.28% | 2021: 4.48% | 2022: 12.33% | 2023: 13.15% | 2024: 10.73%
2026-04-28 09:00:10,784 [INFO] pipeline.macro:   ipca           : 2020: 4.52% | 2021: 10.06% | 2022: 5.62% | 2023: 4.62% | 2024: 4.83%
2026-04-28 09:00:10,784 [INFO] pipeline.macro:   tjlp           : 2020: 5.25% | 2021: 5.25% | 2022: 6.25% | 2023: 7.00% | 2024: 7.00%
2026-04-28 09:00:10,784 [INFO] pipeline.macro:   cds            : 2020: 0.44% | 2021: 0.73% | 2022: 1.26% | 2023: 0.84% | 2024: 0.81%
2026-04-28 09:00:10,784 [INFO] pipeline.macro:   inflacao_impl  : 2020: 4.52% | 2021: 10.06% | 2022: 5.62% | 2023: 4.62% | 2024: 4.83%
2026-04-28 09:00:10,784 [INFO] pipeline: 
[3/6] Baixando demonstrações financeiras (CVM)...
2026-04-28 09:00:10,785 [INFO] pipeline.cvm: 
==================================================
2026-04-28 09:00:10,785 [INFO] pipeline.cvm: Baixando DFP 2019...
2026-04-28 09:00:10,988 [INFO] pipeline.cvm:   DFP dre 2019: 70 linhas
2026-04-28 09:00:11,338 [INFO] pipeline.cvm:   DFP bpa 2019: 130 linhas
2026-04-28 09:00:11,944 [INFO] pipeline.cvm:   DFP bpp 2019: 246 linhas
2026-04-28 09:00:12,230 [INFO] pipeline.cvm:   DFP dfc_mi 2019: 116 linhas
2026-04-28 09:00:12,248 [WARNING] pipeline.cvm:   Empresa 25372 não encontrada em dfc_md 2019
2026-04-28 09:00:12,248 [INFO] pipeline.cvm: 
==================================================
2026-04-28 09:00:12,248 [INFO] pipeline.cvm: Baixando DFP 2020...
2026-04-28 09:00:12,467 [INFO] pipeline.cvm:   DFP dre 2020: 70 linhas
2026-04-28 09:00:12,843 [INFO] pipeline.cvm:   DFP bpa 2020: 130 linhas
2026-04-28 09:00:13,501 [INFO] pipeline.cvm:   DFP bpp 2020: 246 linhas
2026-04-28 09:00:13,848 [INFO] pipeline.cvm:   DFP dfc_mi 2020: 118 linhas
2026-04-28 09:00:13,870 [WARNING] pipeline.cvm:   Empresa 25372 não encontrada em dfc_md 2020
2026-04-28 09:00:13,870 [INFO] pipeline.cvm: 
==================================================
2026-04-28 09:00:13,870 [INFO] pipeline.cvm: Baixando DFP 2021...
2026-04-28 09:00:14,099 [WARNING] pipeline.cvm:   Empresa 25372 não encontrada em dre 2021
2026-04-28 09:00:14,500 [WARNING] pipeline.cvm:   Empresa 25372 não encontrada em bpa 2021
2026-04-28 09:00:15,197 [WARNING] pipeline.cvm:   Empresa 25372 não encontrada em bpp 2021
2026-04-28 09:00:15,558 [WARNING] pipeline.cvm:   Empresa 25372 não encontrada em dfc_mi 2021
2026-04-28 09:00:15,587 [WARNING] pipeline.cvm:   Empresa 25372 não encontrada em dfc_md 2021
2026-04-28 09:00:15,588 [INFO] pipeline.cvm: 
==================================================
2026-04-28 09:00:15,588 [INFO] pipeline.cvm: Baixando DFP 2022...
2026-04-28 09:00:15,824 [WARNING] pipeline.cvm:   Empresa 25372 não encontrada em dre 2022
2026-04-28 09:00:16,242 [WARNING] pipeline.cvm:   Empresa 25372 não encontrada em bpa 2022
2026-04-28 09:00:16,963 [WARNING] pipeline.cvm:   Empresa 25372 não encontrada em bpp 2022
2026-04-28 09:00:17,355 [WARNING] pipeline.cvm:   Empresa 25372 não encontrada em dfc_mi 2022
2026-04-28 09:00:17,388 [WARNING] pipeline.cvm:   Empresa 25372 não encontrada em dfc_md 2022
2026-04-28 09:00:17,389 [INFO] pipeline.cvm: 
==================================================
2026-04-28 09:00:17,389 [INFO] pipeline.cvm: Baixando DFP 2023...
2026-04-28 09:00:17,622 [WARNING] pipeline.cvm:   Empresa 25372 não encontrada em dre 2023
2026-04-28 09:00:18,042 [WARNING] pipeline.cvm:   Empresa 25372 não encontrada em bpa 2023
2026-04-28 09:00:18,804 [WARNING] pipeline.cvm:   Empresa 25372 não encontrada em bpp 2023
2026-04-28 09:00:19,201 [WARNING] pipeline.cvm:   Empresa 25372 não encontrada em dfc_mi 2023
2026-04-28 09:00:19,229 [WARNING] pipeline.cvm:   Empresa 25372 não encontrada em dfc_md 2023
2026-04-28 09:00:19,230 [INFO] pipeline.cvm: 
==================================================
2026-04-28 09:00:19,230 [INFO] pipeline.cvm: Baixando DFP 2024...
2026-04-28 09:00:19,463 [WARNING] pipeline.cvm:   Empresa 25372 não encontrada em dre 2024
2026-04-28 09:00:19,873 [WARNING] pipeline.cvm:   Empresa 25372 não encontrada em bpa 2024
2026-04-28 09:00:20,593 [WARNING] pipeline.cvm:   Empresa 25372 não encontrada em bpp 2024
2026-04-28 09:00:20,985 [WARNING] pipeline.cvm:   Empresa 25372 não encontrada em dfc_mi 2024
2026-04-28 09:00:21,015 [WARNING] pipeline.cvm:   Empresa 25372 não encontrada em dfc_md 2024
2026-04-28 09:00:21,015 [INFO] pipeline.cvm: 
==================================================
2026-04-28 09:00:21,016 [INFO] pipeline.cvm: Baixando DFP 2025...
2026-04-28 09:00:21,246 [WARNING] pipeline.cvm:   Empresa 25372 não encontrada em dre 2025
2026-04-28 09:00:21,615 [WARNING] pipeline.cvm:   Empresa 25372 não encontrada em bpa 2025
2026-04-28 09:00:22,268 [WARNING] pipeline.cvm:   Empresa 25372 não encontrada em bpp 2025
2026-04-28 09:00:22,625 [WARNING] pipeline.cvm:   Empresa 25372 não encontrada em dfc_mi 2025
2026-04-28 09:00:22,653 [WARNING] pipeline.cvm:   Empresa 25372 não encontrada em dfc_md 2025
2026-04-28 09:00:22,654 [INFO] pipeline:   DFP 2021 indisponível — tentando anualizar via ITR...
2026-04-28 09:00:22,654 [INFO] pipeline.cvm: 
==================================================
2026-04-28 09:00:22,654 [INFO] pipeline.cvm: Tentando anualizar 2021 via ITR (LTM)...
2026-04-28 09:00:23,874 [INFO] pipeline.cvm:   ITR dre 2021 Ttodos: 350 linhas
2026-04-28 09:00:25,123 [INFO] pipeline.cvm:   ITR bpa 2021 Ttodos: 390 linhas
2026-04-28 09:00:27,296 [INFO] pipeline.cvm:   ITR bpp 2021 Ttodos: 738 linhas
2026-04-28 09:00:28,314 [INFO] pipeline.cvm:   ITR dfc_mi 2021 Ttodos: 354 linhas
2026-04-28 09:00:28,415 [INFO] pipeline.cvm:   Último trimestre: 3T2021 (9 meses)
2026-04-28 09:00:28,415 [INFO] pipeline.cvm:   LTM = Acum 9m/2021 + (DFP 2020 - Acum 9m/2020)
2026-04-28 09:00:28,428 [INFO] pipeline.cvm:   LTM dre: 35 linhas
2026-04-28 09:00:28,440 [INFO] pipeline.cvm:   LTM dfc_mi: 59 linhas
2026-04-28 09:00:28,445 [INFO] pipeline.cvm:   Balanço bpa (posição 3T2021): 64 linhas
2026-04-28 09:00:28,449 [INFO] pipeline.cvm:   Balanço bpp (posição 3T2021): 123 linhas
2026-04-28 09:00:28,449 [INFO] pipeline.cvm:   Anualização 2021 concluída com sucesso (3T LTM)
2026-04-28 09:00:28,450 [INFO] pipeline:   ✓ 2021 anualizado via ITR (LTM)
2026-04-28 09:00:28,450 [INFO] pipeline:   DFP 2022 indisponível — tentando anualizar via ITR...
2026-04-28 09:00:28,450 [INFO] pipeline.cvm: 
==================================================
2026-04-28 09:00:28,450 [INFO] pipeline.cvm: Tentando anualizar 2022 via ITR (LTM)...
2026-04-28 09:00:34,920 [WARNING] pipeline.cvm:   ITR 2022 não disponível — não é possível anualizar
2026-04-28 09:00:34,921 [WARNING] pipeline:   DFP 2022 e ITR indisponíveis — removido do histórico
2026-04-28 09:00:34,921 [INFO] pipeline:   DFP 2023 indisponível — tentando anualizar via ITR...
2026-04-28 09:00:34,921 [INFO] pipeline.cvm: 
==================================================
2026-04-28 09:00:34,921 [INFO] pipeline.cvm: Tentando anualizar 2023 via ITR (LTM)...
2026-04-28 09:00:41,295 [WARNING] pipeline.cvm:   ITR 2023 não disponível — não é possível anualizar
2026-04-28 09:00:41,295 [WARNING] pipeline:   DFP 2023 e ITR indisponíveis — removido do histórico
2026-04-28 09:00:41,295 [INFO] pipeline:   DFP 2024 indisponível — tentando anualizar via ITR...
2026-04-28 09:00:41,295 [INFO] pipeline.cvm: 
==================================================
2026-04-28 09:00:41,295 [INFO] pipeline.cvm: Tentando anualizar 2024 via ITR (LTM)...
2026-04-28 09:00:47,615 [WARNING] pipeline.cvm:   ITR 2024 não disponível — não é possível anualizar
2026-04-28 09:00:47,615 [WARNING] pipeline:   DFP 2024 e ITR indisponíveis — removido do histórico
2026-04-28 09:00:47,615 [INFO] pipeline:   DFP 2025 indisponível — tentando anualizar via ITR...
2026-04-28 09:00:47,615 [INFO] pipeline.cvm: 
==================================================
2026-04-28 09:00:47,615 [INFO] pipeline.cvm: Tentando anualizar 2025 via ITR (LTM)...
2026-04-28 09:00:53,616 [WARNING] pipeline.cvm:   ITR 2025 não disponível — não é possível anualizar
2026-04-28 09:00:53,616 [WARNING] pipeline:   DFP 2025 e ITR indisponíveis — removido do histórico
2026-04-28 09:00:53,616 [INFO] pipeline:   Anos ajustados → Histórico: 2019-2021 | Projeção: 2022-2031
2026-04-28 09:00:53,617 [INFO] pipeline: 
[4/6] Normalizando dados...
2026-04-28 09:00:54,413 [INFO] pipeline:   DFC normalizada: 11 linhas
2026-04-28 09:00:54,414 [INFO] pipeline:   DRE normalizada:
2026-04-28 09:00:54,414 [INFO] pipeline:     receita_liquida: 2019: 30,232 | 2020: 36,043 | 2021: 33,094
2026-04-28 09:00:54,414 [INFO] pipeline:     ebit: 2019: 1,728 | 2020: 2,068 | 2021: 2,304
2026-04-28 09:00:54,414 [INFO] pipeline:     lucro_liquido: 2019: 1,047 | 2020: 1,398 | 2021: 1,418
2026-04-28 09:00:54,414 [INFO] pipeline: 
[5/6] Calculando projeções...
2026-04-28 09:00:54,415 [INFO] pipeline.projecoes: 
=== Projeções (não-financeira / FCFF) ===
2026-04-28 09:00:54,417 [INFO] pipeline.projecoes:   Margem EBITDA: 9.0% → 8.0% (conv 6a)
2026-04-28 09:00:54,418 [INFO] pipeline.projecoes:   D&A/Receita: 3.2%
2026-04-28 09:00:54,419 [INFO] pipeline.projecoes:   CAPEX/Receita: 4.9% → 6.0%
2026-04-28 09:00:54,420 [INFO] pipeline.projecoes:   NCG/Receita: -5.8% → 4.0%
2026-04-28 09:00:54,422 [INFO] pipeline.projecoes:   Alíquota efetiva: 27.9%
2026-04-28 09:00:54,422 [INFO] pipeline.projecoes: Projeções concluídas (FCFF). Resumo:
2026-04-28 09:00:54,423 [INFO] pipeline.projecoes:    Ano      Receita     EBITDA    Mg%      NOPAT       FCFF
2026-04-28 09:00:54,423 [INFO] pipeline.projecoes:   2022       35,604      3,148   8.8%      1,435      1,648
2026-04-28 09:00:54,423 [INFO] pipeline.projecoes:   2023       38,155      3,309   8.7%      1,491         46
2026-04-28 09:00:54,423 [INFO] pipeline.projecoes:   2024       40,731      3,464   8.5%      1,543       -147
2026-04-28 09:00:54,423 [INFO] pipeline.projecoes:   2025       43,310      3,611   8.3%      1,588       -358
2026-04-28 09:00:54,423 [INFO] pipeline.projecoes:   2026       45,873      3,747   8.2%      1,626       -587
2026-04-28 09:00:54,423 [INFO] pipeline.valuation:   Estrutura de capital: E=71% | D=29%
2026-04-28 09:00:54,424 [INFO] pipeline: 
[6/6] Calculando valuation (FCFF / WACC)...
2026-04-28 09:00:54,424 [INFO] pipeline.valuation: 
==================================================
2026-04-28 09:00:54,425 [INFO] pipeline.valuation: VALUATION FCFF/WACC — ASAI3
2026-04-28 09:00:54,425 [INFO] pipeline.valuation:   VP FCFF (10a):     R$        1,374 MM
2026-04-28 09:00:54,425 [INFO] pipeline.valuation:   Valor Perp. (VP):  R$        2,553 MM
2026-04-28 09:00:54,425 [INFO] pipeline.valuation:   ENTERPRISE VALUE:  R$        3,928 MM
2026-04-28 09:00:54,425 [INFO] pipeline.valuation:   (-) Dívida Líq.:   R$        5,282 MM
2026-04-28 09:00:54,425 [INFO] pipeline.valuation:   VALOR DO EQUITY:   R$       -1,354 MM
2026-04-28 09:00:54,425 [INFO] pipeline.valuation:   Preço Justo ON:    R$    -1.01
2026-04-28 09:00:54,425 [INFO] pipeline.valuation:   Preço Justo PN:    R$    -1.01
2026-04-28 09:00:54,425 [INFO] pipeline.valuation:   Cotação ON:        R$     9.58
2026-04-28 09:00:54,425 [INFO] pipeline.valuation:   Upside ON:             -110.5%
2026-04-28 09:00:54,425 [INFO] pipeline.valuation:   TIR (ON):                 6.8%
2026-04-28 09:00:54,425 [INFO] pipeline.valuation:   WACC último ano:          9.5%
2026-04-28 09:00:54,426 [WARNING] pipeline: 
[!] AVISOS DE VALIDACAO:
2026-04-28 09:00:54,426 [WARNING] pipeline:   - Valor do Equity negativo ou zero: R$ -1,354 MM
2026-04-28 09:00:54,426 [WARNING] pipeline:   - Preço Justo ON inválido (≤ 0)
2026-04-28 09:00:54,428 [INFO] pipeline:   Sem template VAROS para ASAI3 — Excel será criado do zero
2026-04-28 09:00:54,429 [INFO] pipeline.excel_geral: 
============================================================
2026-04-28 09:00:54,429 [INFO] pipeline.excel_geral: Criando Excel completo (12 abas) para: Assaí Atacadista (ASAI3)
2026-04-28 09:00:54,431 [INFO] pipeline.excel_geral:   → 1/12  Dashboard
2026-04-28 09:00:54,441 [INFO] pipeline.excel_geral:   → 2/12  WACC
2026-04-28 09:00:54,471 [INFO] pipeline.excel_geral:   → 3/12  TIR ON
2026-04-28 09:00:54,482 [INFO] pipeline.excel_geral:   → 4/12  TIR PN
2026-04-28 09:00:54,492 [INFO] pipeline.excel_geral:   → 5/12  Valor do Equity
2026-04-28 09:00:54,498 [INFO] pipeline.excel_geral:   → 6/12  Preço Teto
2026-04-28 09:00:54,504 [INFO] pipeline.excel_geral:   → 7/12  DRE + DCF
2026-04-28 09:00:54,598 [INFO] pipeline.excel_geral:   → 8/12  DRE Contas Abertas
2026-04-28 09:00:54,643 [INFO] pipeline.excel_geral:   → 9/12  Balanço Patrimonial
2026-04-28 09:00:54,670 [INFO] pipeline.excel_geral:   → 10/12 Painel de Índices
2026-04-28 09:00:54,711 [INFO] pipeline.excel_geral:   → 11/12 Projeções Premissas
2026-04-28 09:00:54,735 [INFO] pipeline.excel_geral:   → 12/12 Projeções Capex e CG
2026-04-28 09:00:54,824 [INFO] pipeline.excel_geral: 
Arquivo salvo: C:\Users\55819\OneDrive - EPEJUD\DIEGO\OBSIDIAN\Analista de Investimentos\12_PYTHON\pipeline banco completo\outputs\Valuation_ASAI3_Assaí Atacadista_20260428.xlsx
2026-04-28 09:00:54,824 [INFO] pipeline: 
======================================================================
2026-04-28 09:00:54,824 [INFO] pipeline: RESUMO DO VALUATION (FCFF/WACC)
2026-04-28 09:00:54,824 [INFO] pipeline: ======================================================================
2026-04-28 09:00:54,824 [INFO] pipeline:   Empresa:           Assaí Atacadista (ASAI3)
2026-04-28 09:00:54,824 [INFO] pipeline:   Enterprise Value:  R$        3,928 MM
2026-04-28 09:00:54,824 [INFO] pipeline:   Cotação ON:        R$ 9.58
2026-04-28 09:00:54,824 [INFO] pipeline:   Preço Justo ON:    R$ -1.01
2026-04-28 09:00:54,824 [INFO] pipeline:   Upside ON:            -110.5%
2026-04-28 09:00:54,824 [INFO] pipeline:   TIR:                  6.8%
2026-04-28 09:00:54,824 [INFO] pipeline:   Preço Teto ON:     R$ -1.01
2026-04-28 09:00:54,824 [INFO] pipeline: 
  [!] 2 aviso(s) de validacao — verifique os logs
2026-04-28 09:00:54,825 [INFO] pipeline: 
  Arquivo gerado:    C:\Users\55819\OneDrive - EPEJUD\DIEGO\OBSIDIAN\Analista de Investimentos\12_PYTHON\pipeline banco completo\outputs\Valuation_ASAI3_Assaí Atacadista_20260428.xlsx
2026-04-28 09:00:54,825 [INFO] pipeline: ======================================================================
2026-04-28 09:00:54,828 [INFO] pipeline: ✓ ASAI3: arquivo gerado → C:\Users\55819\OneDrive - EPEJUD\DIEGO\OBSIDIAN\Analista de Investimentos\12_PYTHON\pipeline banco completo\outputs\Valuation_ASAI3_Assaí Atacadista_20260428.xlsx
2026-04-28 09:00:54,828 [INFO] pipeline: 
──────────────────────────────────────────────────────────────────────
2026-04-28 09:00:54,828 [INFO] pipeline: Processando: PCAR3 (GPA (Pão de Açúcar))
2026-04-28 09:00:54,828 [INFO] pipeline: ──────────────────────────────────────────────────────────────────────
2026-04-28 09:00:54,829 [INFO] pipeline: ======================================================================
2026-04-28 09:00:54,829 [INFO] pipeline: PIPELINE DE VALUATION [CONSUMO_VAREJO] — PCAR3 — GPA (Pão de Açúcar)
2026-04-28 09:00:54,829 [INFO] pipeline: Início: 2026-04-28 09:00:54
2026-04-28 09:00:54,829 [INFO] pipeline:   Setor: consumo_varejo | Motor: WACC
2026-04-28 09:00:54,829 [INFO] pipeline: ======================================================================
2026-04-28 09:00:54,829 [INFO] pipeline: 
[1/6] Coletando dados de mercado...
2026-04-28 09:00:54,829 [INFO] pipeline:   Buscando cotação via yfinance...
2026-04-28 09:00:54,829 [INFO] pipeline.mercado: Buscando cotação atual: PCAR3.SA
2026-04-28 09:00:56,158 [INFO] pipeline:   Cotação ON: R$ 2.34  |  Cotação PN: R$ 0.00
2026-04-28 09:00:56,286 [INFO] pipeline.mercado: Calculando beta: PCAR3 (252 dias úteis)
2026-04-28 09:00:56,287 [INFO] pipeline.mercado: Baixando preços: PCAR3.SA (2019-01-01 → 2026-04-28)
2026-04-28 09:00:56,774 [INFO] pipeline.mercado:   1820 dias de preços carregados
2026-04-28 09:00:56,782 [INFO] pipeline.mercado:   Beta estatístico: 1.1286 | R²: 0.080 | n=251
2026-04-28 09:00:56,784 [INFO] pipeline:   Beta estatístico: 1.129 | Beta utilizado: 0.850
2026-04-28 09:00:56,784 [INFO] pipeline: 
[2/6] Coletando dados macroeconômicos (BCB)...
2026-04-28 09:00:57,075 [WARNING] pipeline.macro: Não foi possível obter Focus Selic: 400 Client Error: Bad Request for url: https://olinda.bcb.gov.br/olinda/servico/Expectativas/versao/v1/odata/ExpectativasMercadoAnuais?%24filter=Indicador%20eq%20'Selic'&%24top=100&%24format=json&%24select=Indicador,Data,Ano,Mediana
2026-04-28 09:00:57,361 [WARNING] pipeline.macro: Não foi possível obter Focus IPCA: 400 Client Error: Bad Request for url: https://olinda.bcb.gov.br/olinda/servico/Expectativas/versao/v1/odata/ExpectativasMercadoAnuais?%24filter=Indicador%20eq%20'IPCA'&%24top=100&%24format=json&%24select=Indicador,Data,Ano,Mediana
2026-04-28 09:00:57,362 [INFO] pipeline.macro: 
=== Coletando dados macroeconômicos ===
2026-04-28 09:00:57,363 [INFO] pipeline.macro: Baixando série BCB 432...
2026-04-28 09:00:57,644 [ERROR] pipeline.macro: Erro ao baixar série BCB 432: 406 Client Error: Not Acceptable for url: https://api.bcb.gov.br/dados/serie/bcdata.sgs.432/dados?formato=json&dataInicial=01%2F01%2F2010&dataFinal=28%2F04%2F2026
2026-04-28 09:00:57,644 [WARNING] pipeline.macro: Série Selic meta sem DatetimeIndex — usando fallback histórico
2026-04-28 09:00:57,644 [INFO] pipeline.macro: Baixando série BCB 12...
2026-04-28 09:00:57,747 [ERROR] pipeline.macro: Erro ao baixar série BCB 12: 406 Client Error: Not Acceptable for url: https://api.bcb.gov.br/dados/serie/bcdata.sgs.12/dados?formato=json&dataInicial=01%2F01%2F2010&dataFinal=28%2F04%2F2026
2026-04-28 09:00:57,748 [WARNING] pipeline.macro: Série DI sem DatetimeIndex — usando fallback histórico
2026-04-28 09:00:57,752 [WARNING] pipeline.macro: IPCA calculado fora do intervalo plausível (55.3%) para 2019 — usando fallback
2026-04-28 09:00:57,753 [WARNING] pipeline.macro: IPCA calculado fora do intervalo plausível (46.1%) para 2020 — usando fallback
2026-04-28 09:00:57,753 [WARNING] pipeline.macro: IPCA calculado fora do intervalo plausível (159.3%) para 2021 — usando fallback
2026-04-28 09:00:57,753 [WARNING] pipeline.macro: IPCA calculado fora do intervalo plausível (191.2%) para 2022 — usando fallback
2026-04-28 09:00:57,754 [WARNING] pipeline.macro: IPCA calculado fora do intervalo plausível (71.5%) para 2023 — usando fallback
2026-04-28 09:00:57,754 [WARNING] pipeline.macro: IPCA calculado fora do intervalo plausível (67.0%) para 2024 — usando fallback
2026-04-28 09:00:57,754 [INFO] pipeline.macro: Baixando série BCB 258...
2026-04-28 09:00:57,859 [ERROR] pipeline.macro: Erro ao baixar série BCB 258: 406 Client Error: Not Acceptable for url: https://api.bcb.gov.br/dados/serie/bcdata.sgs.258/dados?formato=json&dataInicial=01%2F01%2F2010&dataFinal=28%2F04%2F2026
2026-04-28 09:00:57,859 [WARNING] pipeline.macro: Série TJLP sem DatetimeIndex — usando fallback histórico
2026-04-28 09:00:57,869 [WARNING] pipeline.macro: IPCA calculado fora do intervalo plausível (55.3%) para 2019 — usando fallback
2026-04-28 09:00:57,869 [WARNING] pipeline.macro: IPCA calculado fora do intervalo plausível (46.1%) para 2020 — usando fallback
2026-04-28 09:00:57,870 [WARNING] pipeline.macro: IPCA calculado fora do intervalo plausível (159.3%) para 2021 — usando fallback
2026-04-28 09:00:57,870 [WARNING] pipeline.macro: IPCA calculado fora do intervalo plausível (191.2%) para 2022 — usando fallback
2026-04-28 09:00:57,871 [WARNING] pipeline.macro: IPCA calculado fora do intervalo plausível (71.5%) para 2023 — usando fallback
2026-04-28 09:00:57,871 [WARNING] pipeline.macro: IPCA calculado fora do intervalo plausível (67.0%) para 2024 — usando fallback
2026-04-28 09:00:57,871 [INFO] pipeline.macro: 
RESUMO MACRO HISTÓRICO:
2026-04-28 09:00:57,871 [INFO] pipeline.macro:   selic_meta     : 2020: 2.00% | 2021: 9.25% | 2022: 13.75% | 2023: 11.75% | 2024: 11.75%
2026-04-28 09:00:57,871 [INFO] pipeline.macro:   selic_efet     : 2020: 2.28% | 2021: 4.48% | 2022: 12.33% | 2023: 13.15% | 2024: 10.73%
2026-04-28 09:00:57,871 [INFO] pipeline.macro:   ipca           : 2020: 4.52% | 2021: 10.06% | 2022: 5.62% | 2023: 4.62% | 2024: 4.83%
2026-04-28 09:00:57,872 [INFO] pipeline.macro:   tjlp           : 2020: 5.25% | 2021: 5.25% | 2022: 6.25% | 2023: 7.00% | 2024: 7.00%
2026-04-28 09:00:57,872 [INFO] pipeline.macro:   cds            : 2020: 0.44% | 2021: 0.73% | 2022: 1.26% | 2023: 0.84% | 2024: 0.81%
2026-04-28 09:00:57,872 [INFO] pipeline.macro:   inflacao_impl  : 2020: 4.52% | 2021: 10.06% | 2022: 5.62% | 2023: 4.62% | 2024: 4.83%
2026-04-28 09:00:57,872 [INFO] pipeline: 
[3/6] Baixando demonstrações financeiras (CVM)...
2026-04-28 09:00:57,872 [INFO] pipeline.cvm: 
==================================================
2026-04-28 09:00:57,872 [INFO] pipeline.cvm: Baixando DFP 2019...
2026-04-28 09:00:58,088 [INFO] pipeline.cvm:   DFP dre 2019: 70 linhas
2026-04-28 09:00:58,459 [INFO] pipeline.cvm:   DFP bpa 2019: 128 linhas
2026-04-28 09:00:59,094 [INFO] pipeline.cvm:   DFP bpp 2019: 246 linhas
2026-04-28 09:00:59,438 [INFO] pipeline.cvm:   DFP dfc_mi 2019: 116 linhas
2026-04-28 09:00:59,459 [WARNING] pipeline.cvm:   Empresa 14826 não encontrada em dfc_md 2019
2026-04-28 09:00:59,460 [INFO] pipeline.cvm: 
==================================================
2026-04-28 09:00:59,460 [INFO] pipeline.cvm: Baixando DFP 2020...
2026-04-28 09:00:59,710 [INFO] pipeline.cvm:   DFP dre 2020: 70 linhas
2026-04-28 09:01:00,141 [INFO] pipeline.cvm:   DFP bpa 2020: 130 linhas
2026-04-28 09:01:00,861 [INFO] pipeline.cvm:   DFP bpp 2020: 246 linhas
2026-04-28 09:01:01,226 [INFO] pipeline.cvm:   DFP dfc_mi 2020: 122 linhas
2026-04-28 09:01:01,245 [WARNING] pipeline.cvm:   Empresa 14826 não encontrada em dfc_md 2020
2026-04-28 09:01:01,245 [INFO] pipeline.cvm: 
==================================================
2026-04-28 09:01:01,245 [INFO] pipeline.cvm: Baixando DFP 2021...
2026-04-28 09:01:01,484 [INFO] pipeline.cvm:   DFP dre 2021: 70 linhas
2026-04-28 09:01:01,905 [INFO] pipeline.cvm:   DFP bpa 2021: 130 linhas
2026-04-28 09:01:02,623 [INFO] pipeline.cvm:   DFP bpp 2021: 246 linhas
2026-04-28 09:01:03,009 [INFO] pipeline.cvm:   DFP dfc_mi 2021: 124 linhas
2026-04-28 09:01:03,036 [WARNING] pipeline.cvm:   Empresa 14826 não encontrada em dfc_md 2021
2026-04-28 09:01:03,037 [INFO] pipeline.cvm: 
==================================================
2026-04-28 09:01:03,037 [INFO] pipeline.cvm: Baixando DFP 2022...
2026-04-28 09:01:03,274 [INFO] pipeline.cvm:   DFP dre 2022: 70 linhas
2026-04-28 09:01:03,696 [INFO] pipeline.cvm:   DFP bpa 2022: 132 linhas
2026-04-28 09:01:04,480 [INFO] pipeline.cvm:   DFP bpp 2022: 250 linhas
2026-04-28 09:01:04,872 [INFO] pipeline.cvm:   DFP dfc_mi 2022: 124 linhas
2026-04-28 09:01:04,902 [WARNING] pipeline.cvm:   Empresa 14826 não encontrada em dfc_md 2022
2026-04-28 09:01:04,903 [INFO] pipeline.cvm: 
==================================================
2026-04-28 09:01:04,904 [INFO] pipeline.cvm: Baixando DFP 2023...
2026-04-28 09:01:05,145 [INFO] pipeline.cvm:   DFP dre 2023: 70 linhas
2026-04-28 09:01:05,587 [INFO] pipeline.cvm:   DFP bpa 2023: 134 linhas
2026-04-28 09:01:06,347 [INFO] pipeline.cvm:   DFP bpp 2023: 254 linhas
2026-04-28 09:01:06,756 [INFO] pipeline.cvm:   DFP dfc_mi 2023: 126 linhas
2026-04-28 09:01:06,787 [WARNING] pipeline.cvm:   Empresa 14826 não encontrada em dfc_md 2023
2026-04-28 09:01:06,787 [INFO] pipeline.cvm: 
==================================================
2026-04-28 09:01:06,787 [INFO] pipeline.cvm: Baixando DFP 2024...
2026-04-28 09:01:07,019 [INFO] pipeline.cvm:   DFP dre 2024: 70 linhas
2026-04-28 09:01:07,432 [INFO] pipeline.cvm:   DFP bpa 2024: 134 linhas
2026-04-28 09:01:08,166 [INFO] pipeline.cvm:   DFP bpp 2024: 254 linhas
2026-04-28 09:01:08,565 [INFO] pipeline.cvm:   DFP dfc_mi 2024: 128 linhas
2026-04-28 09:01:08,593 [WARNING] pipeline.cvm:   Empresa 14826 não encontrada em dfc_md 2024
2026-04-28 09:01:08,594 [INFO] pipeline.cvm: 
==================================================
2026-04-28 09:01:08,594 [INFO] pipeline.cvm: Baixando DFP 2025...
2026-04-28 09:01:08,804 [INFO] pipeline.cvm:   DFP dre 2025: 70 linhas
2026-04-28 09:01:09,179 [INFO] pipeline.cvm:   DFP bpa 2025: 134 linhas
2026-04-28 09:01:09,834 [INFO] pipeline.cvm:   DFP bpp 2025: 254 linhas
2026-04-28 09:01:10,194 [INFO] pipeline.cvm:   DFP dfc_mi 2025: 130 linhas
2026-04-28 09:01:10,219 [WARNING] pipeline.cvm:   Empresa 14826 não encontrada em dfc_md 2025
2026-04-28 09:01:10,219 [INFO] pipeline:   Anos ajustados → Histórico: 2019-2025 | Projeção: 2026-2035
2026-04-28 09:01:10,219 [INFO] pipeline: 
[4/6] Normalizando dados...
2026-04-28 09:01:11,981 [INFO] pipeline:   DFC normalizada: 11 linhas
2026-04-28 09:01:11,984 [INFO] pipeline:   DRE normalizada:
2026-04-28 09:01:11,985 [INFO] pipeline:     receita_liquida: 2019: 56,635 | 2020: 51,253 | 2021: 51,291 | 2022: 17,321 | 2023: 19,250 | 2024: 18,790 | 2025: 19,113
2026-04-28 09:01:11,985 [INFO] pipeline:     ebit: 2019: 1,966 | 2020: 2,629 | 2021: 1,690 | 2022: -565 | 2023: 677 | 2024: -436 | 2025: -169
2026-04-28 09:01:11,985 [INFO] pipeline:     lucro_liquido: 2019: 790 | 2020: 2,179 | 2021: 802 | 2022: -172 | 2023: -2,271 | 2024: -2,407 | 2025: -824
2026-04-28 09:01:11,985 [INFO] pipeline: 
[5/6] Calculando projeções...
2026-04-28 09:01:11,987 [INFO] pipeline.projecoes: 
=== Projeções (não-financeira / FCFF) ===
2026-04-28 09:01:11,988 [INFO] pipeline.projecoes:   Margem EBITDA: 2.2% → 7.0% (conv 6a)
2026-04-28 09:01:11,988 [INFO] pipeline.projecoes:   D&A/Receita: 4.1%
2026-04-28 09:01:11,989 [INFO] pipeline.projecoes:   CAPEX/Receita: 5.0% → 5.0%
2026-04-28 09:01:11,990 [INFO] pipeline.projecoes:   NCG/Receita: -5.7% → 5.0%
2026-04-28 09:01:11,992 [INFO] pipeline.projecoes:   Alíquota efetiva: 34.8%
2026-04-28 09:01:11,992 [INFO] pipeline.projecoes: Projeções concluídas (FCFF). Resumo:
2026-04-28 09:01:11,993 [INFO] pipeline.projecoes:    Ano      Receita     EBITDA    Mg%      NOPAT       FCFF
2026-04-28 09:01:11,993 [INFO] pipeline.projecoes:   2026       20,562      1,028   5.0%        118       -399
2026-04-28 09:01:11,993 [INFO] pipeline.projecoes:   2027       22,036      1,102   5.0%        126       -483
2026-04-28 09:01:11,993 [INFO] pipeline.projecoes:   2028       23,523      1,176   5.0%        135       -552
2026-04-28 09:01:11,993 [INFO] pipeline.projecoes:   2029       25,013      1,355   5.4%        211       -554
2026-04-28 09:01:11,993 [INFO] pipeline.projecoes:   2030       26,493      1,645   6.2%        360       -483
2026-04-28 09:01:11,994 [INFO] pipeline.valuation:   Estrutura de capital: E=35% | D=65%
2026-04-28 09:01:11,994 [INFO] pipeline: 
[6/6] Calculando valuation (FCFF / WACC)...
2026-04-28 09:01:11,994 [INFO] pipeline.valuation: 
==================================================
2026-04-28 09:01:11,994 [INFO] pipeline.valuation: VALUATION FCFF/WACC — PCAR3
2026-04-28 09:01:11,994 [INFO] pipeline.valuation:   VP FCFF (10a):     R$       -1,307 MM
2026-04-28 09:01:11,994 [INFO] pipeline.valuation:   Valor Perp. (VP):  R$        1,717 MM
2026-04-28 09:01:11,994 [INFO] pipeline.valuation:   ENTERPRISE VALUE:  R$          409 MM
2026-04-28 09:01:11,995 [INFO] pipeline.valuation:   (-) Dívida Líq.:   R$        2,088 MM
2026-04-28 09:01:11,995 [INFO] pipeline.valuation:   VALOR DO EQUITY:   R$       -1,679 MM
2026-04-28 09:01:11,995 [INFO] pipeline.valuation:   Preço Justo ON:    R$    -3.42
2026-04-28 09:01:11,995 [INFO] pipeline.valuation:   Preço Justo PN:    R$    -3.42
2026-04-28 09:01:11,995 [INFO] pipeline.valuation:   Cotação ON:        R$     2.34
2026-04-28 09:01:11,995 [INFO] pipeline.valuation:   Upside ON:             -246.2%
2026-04-28 09:01:11,995 [INFO] pipeline.valuation:   TIR (ON):                 9.8%
2026-04-28 09:01:11,995 [INFO] pipeline.valuation:   WACC último ano:         12.0%
2026-04-28 09:01:11,995 [WARNING] pipeline: 
[!] AVISOS DE VALIDACAO:
2026-04-28 09:01:11,995 [WARNING] pipeline:   - Valor do Equity negativo ou zero: R$ -1,679 MM
2026-04-28 09:01:11,995 [WARNING] pipeline:   - Preço Justo ON inválido (≤ 0)
2026-04-28 09:01:11,996 [INFO] pipeline:   Sem template VAROS para PCAR3 — Excel será criado do zero
2026-04-28 09:01:11,997 [INFO] pipeline.excel_geral: 
============================================================
2026-04-28 09:01:11,997 [INFO] pipeline.excel_geral: Criando Excel completo (12 abas) para: GPA (Pão de Açúcar) (PCAR3)
2026-04-28 09:01:11,998 [INFO] pipeline.excel_geral:   → 1/12  Dashboard
2026-04-28 09:01:12,009 [INFO] pipeline.excel_geral:   → 2/12  WACC
2026-04-28 09:01:12,046 [INFO] pipeline.excel_geral:   → 3/12  TIR ON
2026-04-28 09:01:12,056 [INFO] pipeline.excel_geral:   → 4/12  TIR PN
2026-04-28 09:01:12,066 [INFO] pipeline.excel_geral:   → 5/12  Valor do Equity
2026-04-28 09:01:12,072 [INFO] pipeline.excel_geral:   → 6/12  Preço Teto
2026-04-28 09:01:12,079 [INFO] pipeline.excel_geral:   → 7/12  DRE + DCF
2026-04-28 09:01:12,196 [INFO] pipeline.excel_geral:   → 8/12  DRE Contas Abertas
2026-04-28 09:01:12,259 [INFO] pipeline.excel_geral:   → 9/12  Balanço Patrimonial
2026-04-28 09:01:12,304 [INFO] pipeline.excel_geral:   → 10/12 Painel de Índices
2026-04-28 09:01:12,373 [INFO] pipeline.excel_geral:   → 11/12 Projeções Premissas
2026-04-28 09:01:12,397 [INFO] pipeline.excel_geral:   → 12/12 Projeções Capex e CG
2026-04-28 09:01:12,500 [INFO] pipeline.excel_geral: 
Arquivo salvo: C:\Users\55819\OneDrive - EPEJUD\DIEGO\OBSIDIAN\Analista de Investimentos\12_PYTHON\pipeline banco completo\outputs\Valuation_PCAR3_GPA (Pão de Açúcar)_20260428.xlsx
2026-04-28 09:01:12,500 [INFO] pipeline: 
======================================================================
2026-04-28 09:01:12,500 [INFO] pipeline: RESUMO DO VALUATION (FCFF/WACC)
2026-04-28 09:01:12,500 [INFO] pipeline: ======================================================================
2026-04-28 09:01:12,500 [INFO] pipeline:   Empresa:           GPA (Pão de Açúcar) (PCAR3)
2026-04-28 09:01:12,500 [INFO] pipeline:   Enterprise Value:  R$          409 MM
2026-04-28 09:01:12,500 [INFO] pipeline:   Cotação ON:        R$ 2.34
2026-04-28 09:01:12,501 [INFO] pipeline:   Preço Justo ON:    R$ -3.42
2026-04-28 09:01:12,501 [INFO] pipeline:   Upside ON:            -246.2%
2026-04-28 09:01:12,501 [INFO] pipeline:   TIR:                  9.8%
2026-04-28 09:01:12,501 [INFO] pipeline:   Preço Teto ON:     R$ -3.42
2026-04-28 09:01:12,501 [INFO] pipeline: 
  [!] 2 aviso(s) de validacao — verifique os logs
2026-04-28 09:01:12,501 [INFO] pipeline: 
  Arquivo gerado:    C:\Users\55819\OneDrive - EPEJUD\DIEGO\OBSIDIAN\Analista de Investimentos\12_PYTHON\pipeline banco completo\outputs\Valuation_PCAR3_GPA (Pão de Açúcar)_20260428.xlsx
2026-04-28 09:01:12,501 [INFO] pipeline: ======================================================================
2026-04-28 09:01:12,504 [INFO] pipeline: ✓ PCAR3: arquivo gerado → C:\Users\55819\OneDrive - EPEJUD\DIEGO\OBSIDIAN\Analista de Investimentos\12_PYTHON\pipeline banco completo\outputs\Valuation_PCAR3_GPA (Pão de Açúcar)_20260428.xlsx
2026-04-28 09:01:12,504 [INFO] pipeline: 
──────────────────────────────────────────────────────────────────────
2026-04-28 09:01:12,504 [INFO] pipeline: Processando: VIVA3 (Vivara)
2026-04-28 09:01:12,504 [INFO] pipeline: ──────────────────────────────────────────────────────────────────────
2026-04-28 09:01:12,504 [INFO] pipeline: ======================================================================
2026-04-28 09:01:12,504 [INFO] pipeline: PIPELINE DE VALUATION [CONSUMO_VAREJO] — VIVA3 — Vivara
2026-04-28 09:01:12,505 [INFO] pipeline: Início: 2026-04-28 09:01:12
2026-04-28 09:01:12,505 [INFO] pipeline:   Setor: consumo_varejo | Motor: WACC
2026-04-28 09:01:12,505 [INFO] pipeline: ======================================================================
2026-04-28 09:01:12,505 [INFO] pipeline: 
[1/6] Coletando dados de mercado...
2026-04-28 09:01:12,505 [INFO] pipeline:   Buscando cotação via yfinance...
2026-04-28 09:01:12,505 [INFO] pipeline.mercado: Buscando cotação atual: VIVA3.SA
2026-04-28 09:01:13,919 [INFO] pipeline:   Cotação ON: R$ 25.46  |  Cotação PN: R$ 0.00
2026-04-28 09:01:14,053 [INFO] pipeline.mercado: Calculando beta: VIVA3 (252 dias úteis)
2026-04-28 09:01:14,053 [INFO] pipeline.mercado: Baixando preços: VIVA3.SA (2019-01-01 → 2026-04-28)
2026-04-28 09:01:14,574 [INFO] pipeline.mercado:   1625 dias de preços carregados
2026-04-28 09:01:14,583 [INFO] pipeline.mercado:   Beta estatístico: 1.1588 | R²: 0.256 | n=251
2026-04-28 09:01:14,587 [INFO] pipeline:   Beta estatístico: 1.159 | Beta utilizado: 0.850
2026-04-28 09:01:14,587 [INFO] pipeline: 
[2/6] Coletando dados macroeconômicos (BCB)...
2026-04-28 09:01:14,878 [WARNING] pipeline.macro: Não foi possível obter Focus Selic: 400 Client Error: Bad Request for url: https://olinda.bcb.gov.br/olinda/servico/Expectativas/versao/v1/odata/ExpectativasMercadoAnuais?%24filter=Indicador%20eq%20'Selic'&%24top=100&%24format=json&%24select=Indicador,Data,Ano,Mediana
2026-04-28 09:01:15,163 [WARNING] pipeline.macro: Não foi possível obter Focus IPCA: 400 Client Error: Bad Request for url: https://olinda.bcb.gov.br/olinda/servico/Expectativas/versao/v1/odata/ExpectativasMercadoAnuais?%24filter=Indicador%20eq%20'IPCA'&%24top=100&%24format=json&%24select=Indicador,Data,Ano,Mediana
2026-04-28 09:01:15,164 [INFO] pipeline.macro: 
=== Coletando dados macroeconômicos ===
2026-04-28 09:01:15,164 [INFO] pipeline.macro: Baixando série BCB 432...
2026-04-28 09:01:15,448 [ERROR] pipeline.macro: Erro ao baixar série BCB 432: 406 Client Error: Not Acceptable for url: https://api.bcb.gov.br/dados/serie/bcdata.sgs.432/dados?formato=json&dataInicial=01%2F01%2F2010&dataFinal=28%2F04%2F2026
2026-04-28 09:01:15,448 [WARNING] pipeline.macro: Série Selic meta sem DatetimeIndex — usando fallback histórico
2026-04-28 09:01:15,448 [INFO] pipeline.macro: Baixando série BCB 12...
2026-04-28 09:01:15,546 [ERROR] pipeline.macro: Erro ao baixar série BCB 12: 406 Client Error: Not Acceptable for url: https://api.bcb.gov.br/dados/serie/bcdata.sgs.12/dados?formato=json&dataInicial=01%2F01%2F2010&dataFinal=28%2F04%2F2026
2026-04-28 09:01:15,547 [WARNING] pipeline.macro: Série DI sem DatetimeIndex — usando fallback histórico
2026-04-28 09:01:15,551 [WARNING] pipeline.macro: IPCA calculado fora do intervalo plausível (55.3%) para 2019 — usando fallback
2026-04-28 09:01:15,551 [WARNING] pipeline.macro: IPCA calculado fora do intervalo plausível (46.1%) para 2020 — usando fallback
2026-04-28 09:01:15,552 [WARNING] pipeline.macro: IPCA calculado fora do intervalo plausível (159.3%) para 2021 — usando fallback
2026-04-28 09:01:15,552 [WARNING] pipeline.macro: IPCA calculado fora do intervalo plausível (191.2%) para 2022 — usando fallback
2026-04-28 09:01:15,552 [WARNING] pipeline.macro: IPCA calculado fora do intervalo plausível (71.5%) para 2023 — usando fallback
2026-04-28 09:01:15,552 [WARNING] pipeline.macro: IPCA calculado fora do intervalo plausível (67.0%) para 2024 — usando fallback
2026-04-28 09:01:15,553 [INFO] pipeline.macro: Baixando série BCB 258...
2026-04-28 09:01:15,652 [ERROR] pipeline.macro: Erro ao baixar série BCB 258: 406 Client Error: Not Acceptable for url: https://api.bcb.gov.br/dados/serie/bcdata.sgs.258/dados?formato=json&dataInicial=01%2F01%2F2010&dataFinal=28%2F04%2F2026
2026-04-28 09:01:15,652 [WARNING] pipeline.macro: Série TJLP sem DatetimeIndex — usando fallback histórico
2026-04-28 09:01:15,664 [WARNING] pipeline.macro: IPCA calculado fora do intervalo plausível (55.3%) para 2019 — usando fallback
2026-04-28 09:01:15,664 [WARNING] pipeline.macro: IPCA calculado fora do intervalo plausível (46.1%) para 2020 — usando fallback
2026-04-28 09:01:15,665 [WARNING] pipeline.macro: IPCA calculado fora do intervalo plausível (159.3%) para 2021 — usando fallback
2026-04-28 09:01:15,665 [WARNING] pipeline.macro: IPCA calculado fora do intervalo plausível (191.2%) para 2022 — usando fallback
2026-04-28 09:01:15,666 [WARNING] pipeline.macro: IPCA calculado fora do intervalo plausível (71.5%) para 2023 — usando fallback
2026-04-28 09:01:15,667 [WARNING] pipeline.macro: IPCA calculado fora do intervalo plausível (67.0%) para 2024 — usando fallback
2026-04-28 09:01:15,667 [INFO] pipeline.macro: 
RESUMO MACRO HISTÓRICO:
2026-04-28 09:01:15,668 [INFO] pipeline.macro:   selic_meta     : 2020: 2.00% | 2021: 9.25% | 2022: 13.75% | 2023: 11.75% | 2024: 11.75%
2026-04-28 09:01:15,668 [INFO] pipeline.macro:   selic_efet     : 2020: 2.28% | 2021: 4.48% | 2022: 12.33% | 2023: 13.15% | 2024: 10.73%
2026-04-28 09:01:15,668 [INFO] pipeline.macro:   ipca           : 2020: 4.52% | 2021: 10.06% | 2022: 5.62% | 2023: 4.62% | 2024: 4.83%
2026-04-28 09:01:15,668 [INFO] pipeline.macro:   tjlp           : 2020: 5.25% | 2021: 5.25% | 2022: 6.25% | 2023: 7.00% | 2024: 7.00%
2026-04-28 09:01:15,668 [INFO] pipeline.macro:   cds            : 2020: 0.44% | 2021: 0.73% | 2022: 1.26% | 2023: 0.84% | 2024: 0.81%
2026-04-28 09:01:15,668 [INFO] pipeline.macro:   inflacao_impl  : 2020: 4.52% | 2021: 10.06% | 2022: 5.62% | 2023: 4.62% | 2024: 4.83%
2026-04-28 09:01:15,668 [INFO] pipeline: 
[3/6] Baixando demonstrações financeiras (CVM)...
2026-04-28 09:01:15,669 [INFO] pipeline.cvm: 
==================================================
2026-04-28 09:01:15,669 [INFO] pipeline.cvm: Baixando DFP 2019...
2026-04-28 09:01:15,929 [INFO] pipeline.cvm:   DFP dre 2019: 38 linhas
2026-04-28 09:01:16,287 [INFO] pipeline.cvm:   DFP bpa 2019: 72 linhas
2026-04-28 09:01:16,894 [INFO] pipeline.cvm:   DFP bpp 2019: 127 linhas
2026-04-28 09:01:17,210 [INFO] pipeline.cvm:   DFP dfc_mi 2019: 54 linhas
2026-04-28 09:01:17,230 [WARNING] pipeline.cvm:   Empresa 24805 não encontrada em dfc_md 2019
2026-04-28 09:01:17,230 [INFO] pipeline.cvm: 
==================================================
2026-04-28 09:01:17,230 [INFO] pipeline.cvm: Baixando DFP 2020...
2026-04-28 09:01:17,475 [INFO] pipeline.cvm:   DFP dre 2020: 76 linhas
2026-04-28 09:01:17,850 [INFO] pipeline.cvm:   DFP bpa 2020: 144 linhas
2026-04-28 09:01:18,503 [INFO] pipeline.cvm:   DFP bpp 2020: 258 linhas
2026-04-28 09:01:18,849 [INFO] pipeline.cvm:   DFP dfc_mi 2020: 114 linhas
2026-04-28 09:01:18,870 [WARNING] pipeline.cvm:   Empresa 24805 não encontrada em dfc_md 2020
2026-04-28 09:01:18,870 [INFO] pipeline.cvm: 
==================================================
2026-04-28 09:01:18,870 [INFO] pipeline.cvm: Baixando DFP 2021...
2026-04-28 09:01:19,103 [INFO] pipeline.cvm:   DFP dre 2021: 78 linhas
2026-04-28 09:01:19,496 [INFO] pipeline.cvm:   DFP bpa 2021: 144 linhas
2026-04-28 09:01:20,185 [INFO] pipeline.cvm:   DFP bpp 2021: 258 linhas
2026-04-28 09:01:20,546 [INFO] pipeline.cvm:   DFP dfc_mi 2021: 116 linhas
2026-04-28 09:01:20,575 [WARNING] pipeline.cvm:   Empresa 24805 não encontrada em dfc_md 2021
2026-04-28 09:01:20,575 [INFO] pipeline.cvm: 
==================================================
2026-04-28 09:01:20,576 [INFO] pipeline.cvm: Baixando DFP 2022...
2026-04-28 09:01:20,809 [INFO] pipeline.cvm:   DFP dre 2022: 78 linhas
2026-04-28 09:01:21,228 [INFO] pipeline.cvm:   DFP bpa 2022: 144 linhas
2026-04-28 09:01:21,953 [INFO] pipeline.cvm:   DFP bpp 2022: 268 linhas
2026-04-28 09:01:22,352 [INFO] pipeline.cvm:   DFP dfc_mi 2022: 120 linhas
2026-04-28 09:01:22,385 [WARNING] pipeline.cvm:   Empresa 24805 não encontrada em dfc_md 2022
2026-04-28 09:01:22,385 [INFO] pipeline.cvm: 
==================================================
2026-04-28 09:01:22,385 [INFO] pipeline.cvm: Baixando DFP 2023...
2026-04-28 09:01:22,622 [INFO] pipeline.cvm:   DFP dre 2023: 78 linhas
2026-04-28 09:01:23,034 [INFO] pipeline.cvm:   DFP bpa 2023: 144 linhas
2026-04-28 09:01:23,824 [INFO] pipeline.cvm:   DFP bpp 2023: 268 linhas
2026-04-28 09:01:24,223 [INFO] pipeline.cvm:   DFP dfc_mi 2023: 124 linhas
2026-04-28 09:01:24,250 [WARNING] pipeline.cvm:   Empresa 24805 não encontrada em dfc_md 2023
2026-04-28 09:01:24,250 [INFO] pipeline.cvm: 
==================================================
2026-04-28 09:01:24,251 [INFO] pipeline.cvm: Baixando DFP 2024...
2026-04-28 09:01:24,483 [INFO] pipeline.cvm:   DFP dre 2024: 78 linhas
2026-04-28 09:01:24,890 [INFO] pipeline.cvm:   DFP bpa 2024: 148 linhas
2026-04-28 09:01:25,590 [INFO] pipeline.cvm:   DFP bpp 2024: 270 linhas
2026-04-28 09:01:26,036 [INFO] pipeline.cvm:   DFP dfc_mi 2024: 128 linhas
2026-04-28 09:01:26,066 [WARNING] pipeline.cvm:   Empresa 24805 não encontrada em dfc_md 2024
2026-04-28 09:01:26,066 [INFO] pipeline.cvm: 
==================================================
2026-04-28 09:01:26,066 [INFO] pipeline.cvm: Baixando DFP 2025...
2026-04-28 09:01:26,282 [INFO] pipeline.cvm:   DFP dre 2025: 78 linhas
2026-04-28 09:01:26,647 [INFO] pipeline.cvm:   DFP bpa 2025: 148 linhas
2026-04-28 09:01:27,281 [INFO] pipeline.cvm:   DFP bpp 2025: 270 linhas
2026-04-28 09:01:27,658 [INFO] pipeline.cvm:   DFP dfc_mi 2025: 136 linhas
2026-04-28 09:01:27,684 [WARNING] pipeline.cvm:   Empresa 24805 não encontrada em dfc_md 2025
2026-04-28 09:01:27,684 [INFO] pipeline:   Anos ajustados → Histórico: 2019-2025 | Projeção: 2026-2035
2026-04-28 09:01:27,684 [INFO] pipeline: 
[4/6] Normalizando dados...
2026-04-28 09:01:29,412 [INFO] pipeline:   DFC normalizada: 11 linhas
2026-04-28 09:01:29,415 [INFO] pipeline:   DRE normalizada:
2026-04-28 09:01:29,416 [INFO] pipeline:     receita_liquida: 2019: 749,667 | 2020: 1,047,547 | 2021: 1,466,387 | 2022: 1,843,735 | 2023: 2,186,975 | 2024: 2,577,113 | 2025: 3,026,582
2026-04-28 09:01:29,416 [INFO] pipeline:     ebit: 2019: 292,923 | 2020: 205,079 | 2021: 294,686 | 2022: 376,372 | 2023: 450,646 | 2024: 683,585 | 2025: 726,321
2026-04-28 09:01:29,416 [INFO] pipeline:     lucro_liquido: 2019: 257,971 | 2020: 146,672 | 2021: 298,490 | 2022: 360,854 | 2023: 369,245 | 2024: 653,394 | 2025: 619,502
2026-04-28 09:01:29,416 [INFO] pipeline: 
[5/6] Calculando projeções...
2026-04-28 09:01:29,417 [INFO] pipeline.projecoes: 
=== Projeções (não-financeira / FCFF) ===
2026-04-28 09:01:29,418 [INFO] pipeline.projecoes:   Margem EBITDA: 26.3% → 24.0% (conv 6a)
2026-04-28 09:01:29,419 [INFO] pipeline.projecoes:   D&A/Receita: 2.4%
2026-04-28 09:01:29,420 [INFO] pipeline.projecoes:   CAPEX/Receita: 5.7% → 3.0%
2026-04-28 09:01:29,420 [INFO] pipeline.projecoes:   NCG/Receita: 73.4% → 15.0%
2026-04-28 09:01:29,422 [INFO] pipeline.projecoes:   Alíquota efetiva: 15.0%
2026-04-28 09:01:29,422 [INFO] pipeline.projecoes: Projeções concluídas (FCFF). Resumo:
2026-04-28 09:01:29,422 [INFO] pipeline.projecoes:    Ano      Receita     EBITDA    Mg%      NOPAT       FCFF
2026-04-28 09:01:29,423 [INFO] pipeline.projecoes:   2026    3,256,097    843,864  25.9%    662,189    837,825
2026-04-28 09:01:29,423 [INFO] pipeline.projecoes:   2027    3,489,451    890,967  25.5%    698,066    885,417
2026-04-28 09:01:29,423 [INFO] pipeline.projecoes:   2028    3,724,989    936,830  25.1%    732,823    988,754
2026-04-28 09:01:29,423 [INFO] pipeline.projecoes:   2029    3,960,905    980,980  24.8%    766,091  1,094,378
2026-04-28 09:01:29,423 [INFO] pipeline.projecoes:   2030    4,195,258  1,022,942  24.4%    797,496  1,201,110
2026-04-28 09:01:29,423 [INFO] pipeline.valuation:   Estrutura de capital: E=20% | D=80%
2026-04-28 09:01:29,423 [INFO] pipeline: 
[6/6] Calculando valuation (FCFF / WACC)...
2026-04-28 09:01:29,424 [WARNING] pipeline.valuation: TIR > 150% — valor intrínseco muito acima do preço de mercado
2026-04-28 09:01:29,424 [WARNING] pipeline.valuation: TIR > 150% — valor intrínseco muito acima do preço de mercado
2026-04-28 09:01:29,424 [INFO] pipeline.valuation: 
==================================================
2026-04-28 09:01:29,424 [INFO] pipeline.valuation: VALUATION FCFF/WACC — VIVA3
2026-04-28 09:01:29,424 [INFO] pipeline.valuation:   VP FCFF (10a):     R$    5,608,256 MM
2026-04-28 09:01:29,424 [INFO] pipeline.valuation:   Valor Perp. (VP):  R$    5,777,064 MM
2026-04-28 09:01:29,425 [INFO] pipeline.valuation:   ENTERPRISE VALUE:  R$   11,385,321 MM
2026-04-28 09:01:29,425 [INFO] pipeline.valuation:   (-) Dívida Líq.:   R$      132,631 MM
2026-04-28 09:01:29,425 [INFO] pipeline.valuation:   VALOR DO EQUITY:   R$   11,252,689 MM
2026-04-28 09:01:29,425 [INFO] pipeline.valuation:   Preço Justo ON:    R$ 47869.16
2026-04-28 09:01:29,425 [INFO] pipeline.valuation:   Preço Justo PN:    R$ 47869.16
2026-04-28 09:01:29,425 [INFO] pipeline.valuation:   Cotação ON:        R$    25.46
2026-04-28 09:01:29,425 [INFO] pipeline.valuation:   Upside ON:            187917.1%
2026-04-28 09:01:29,425 [INFO] pipeline.valuation:   TIR (ON):               150.0%
2026-04-28 09:01:29,425 [INFO] pipeline.valuation:   WACC último ano:         12.0%
2026-04-28 09:01:29,426 [INFO] pipeline:   Sem template VAROS para VIVA3 — Excel será criado do zero
2026-04-28 09:01:29,427 [INFO] pipeline.excel_geral: 
============================================================
2026-04-28 09:01:29,427 [INFO] pipeline.excel_geral: Criando Excel completo (12 abas) para: Vivara (VIVA3)
2026-04-28 09:01:29,428 [INFO] pipeline.excel_geral:   → 1/12  Dashboard
2026-04-28 09:01:29,438 [INFO] pipeline.excel_geral:   → 2/12  WACC
2026-04-28 09:01:29,474 [INFO] pipeline.excel_geral:   → 3/12  TIR ON
2026-04-28 09:01:29,484 [INFO] pipeline.excel_geral:   → 4/12  TIR PN
2026-04-28 09:01:29,495 [INFO] pipeline.excel_geral:   → 5/12  Valor do Equity
2026-04-28 09:01:29,500 [INFO] pipeline.excel_geral:   → 6/12  Preço Teto
2026-04-28 09:01:29,506 [INFO] pipeline.excel_geral:   → 7/12  DRE + DCF
2026-04-28 09:01:29,630 [INFO] pipeline.excel_geral:   → 8/12  DRE Contas Abertas
2026-04-28 09:01:29,695 [INFO] pipeline.excel_geral:   → 9/12  Balanço Patrimonial
2026-04-28 09:01:29,786 [INFO] pipeline.excel_geral:   → 10/12 Painel de Índices
2026-04-28 09:01:29,877 [INFO] pipeline.excel_geral:   → 11/12 Projeções Premissas
2026-04-28 09:01:29,905 [INFO] pipeline.excel_geral:   → 12/12 Projeções Capex e CG
2026-04-28 09:01:30,026 [INFO] pipeline.excel_geral: 
Arquivo salvo: C:\Users\55819\OneDrive - EPEJUD\DIEGO\OBSIDIAN\Analista de Investimentos\12_PYTHON\pipeline banco completo\outputs\Valuation_VIVA3_Vivara_20260428.xlsx
2026-04-28 09:01:30,027 [INFO] pipeline: 
======================================================================
2026-04-28 09:01:30,027 [INFO] pipeline: RESUMO DO VALUATION (FCFF/WACC)
2026-04-28 09:01:30,027 [INFO] pipeline: ======================================================================
2026-04-28 09:01:30,027 [INFO] pipeline:   Empresa:           Vivara (VIVA3)
2026-04-28 09:01:30,027 [INFO] pipeline:   Enterprise Value:  R$   11,385,321 MM
2026-04-28 09:01:30,027 [INFO] pipeline:   Cotação ON:        R$ 25.46
2026-04-28 09:01:30,027 [INFO] pipeline:   Preço Justo ON:    R$ 47869.16
2026-04-28 09:01:30,027 [INFO] pipeline:   Upside ON:            187917.1%
2026-04-28 09:01:30,028 [INFO] pipeline:   TIR:                  150.0%
2026-04-28 09:01:30,028 [INFO] pipeline:   Preço Teto ON:     R$ 47869.16
2026-04-28 09:01:30,028 [INFO] pipeline: 
  Arquivo gerado:    C:\Users\55819\OneDrive - EPEJUD\DIEGO\OBSIDIAN\Analista de Investimentos\12_PYTHON\pipeline banco completo\outputs\Valuation_VIVA3_Vivara_20260428.xlsx
2026-04-28 09:01:30,028 [INFO] pipeline: ======================================================================
2026-04-28 09:01:30,031 [INFO] pipeline: ✓ VIVA3: arquivo gerado → C:\Users\55819\OneDrive - EPEJUD\DIEGO\OBSIDIAN\Analista de Investimentos\12_PYTHON\pipeline banco completo\outputs\Valuation_VIVA3_Vivara_20260428.xlsx
2026-04-28 09:01:30,031 [INFO] pipeline: 
──────────────────────────────────────────────────────────────────────
2026-04-28 09:01:30,031 [INFO] pipeline: Processando: SBFG3 (SBF Group (Centauro))
2026-04-28 09:01:30,031 [INFO] pipeline: ──────────────────────────────────────────────────────────────────────
2026-04-28 09:01:30,031 [INFO] pipeline: ======================================================================
2026-04-28 09:01:30,031 [INFO] pipeline: PIPELINE DE VALUATION [CONSUMO_VAREJO] — SBFG3 — SBF Group (Centauro)
2026-04-28 09:01:30,032 [INFO] pipeline: Início: 2026-04-28 09:01:30
2026-04-28 09:01:30,032 [INFO] pipeline:   Setor: consumo_varejo | Motor: WACC
2026-04-28 09:01:30,032 [INFO] pipeline: ======================================================================
2026-04-28 09:01:30,032 [INFO] pipeline: 
[1/6] Coletando dados de mercado...
2026-04-28 09:01:30,032 [INFO] pipeline:   Buscando cotação via yfinance...
2026-04-28 09:01:30,032 [INFO] pipeline.mercado: Buscando cotação atual: SBFG3.SA
2026-04-28 09:01:31,593 [INFO] pipeline:   Cotação ON: R$ 11.55  |  Cotação PN: R$ 0.00
2026-04-28 09:01:31,844 [INFO] pipeline.mercado: Calculando beta: SBFG3 (252 dias úteis)
2026-04-28 09:01:31,846 [INFO] pipeline.mercado: Baixando preços: SBFG3.SA (2019-01-01 → 2026-04-28)
2026-04-28 09:01:32,383 [INFO] pipeline.mercado:   1748 dias de preços carregados
2026-04-28 09:01:32,392 [INFO] pipeline.mercado:   Beta estatístico: 1.6658 | R²: 0.405 | n=251
2026-04-28 09:01:32,393 [INFO] pipeline:   Beta estatístico: 1.666 | Beta utilizado: 0.850
2026-04-28 09:01:32,394 [INFO] pipeline: 
[2/6] Coletando dados macroeconômicos (BCB)...
2026-04-28 09:01:32,765 [WARNING] pipeline.macro: Não foi possível obter Focus Selic: 400 Client Error: Bad Request for url: https://olinda.bcb.gov.br/olinda/servico/Expectativas/versao/v1/odata/ExpectativasMercadoAnuais?%24filter=Indicador%20eq%20'Selic'&%24top=100&%24format=json&%24select=Indicador,Data,Ano,Mediana
2026-04-28 09:01:33,053 [WARNING] pipeline.macro: Não foi possível obter Focus IPCA: 400 Client Error: Bad Request for url: https://olinda.bcb.gov.br/olinda/servico/Expectativas/versao/v1/odata/ExpectativasMercadoAnuais?%24filter=Indicador%20eq%20'IPCA'&%24top=100&%24format=json&%24select=Indicador,Data,Ano,Mediana
2026-04-28 09:01:33,056 [INFO] pipeline.macro: 
=== Coletando dados macroeconômicos ===
2026-04-28 09:01:33,056 [INFO] pipeline.macro: Baixando série BCB 432...
2026-04-28 09:01:33,443 [ERROR] pipeline.macro: Erro ao baixar série BCB 432: 406 Client Error: Not Acceptable for url: https://api.bcb.gov.br/dados/serie/bcdata.sgs.432/dados?formato=json&dataInicial=01%2F01%2F2010&dataFinal=28%2F04%2F2026
2026-04-28 09:01:33,444 [WARNING] pipeline.macro: Série Selic meta sem DatetimeIndex — usando fallback histórico
2026-04-28 09:01:33,444 [INFO] pipeline.macro: Baixando série BCB 12...
2026-04-28 09:01:33,544 [ERROR] pipeline.macro: Erro ao baixar série BCB 12: 406 Client Error: Not Acceptable for url: https://api.bcb.gov.br/dados/serie/bcdata.sgs.12/dados?formato=json&dataInicial=01%2F01%2F2010&dataFinal=28%2F04%2F2026
2026-04-28 09:01:33,545 [WARNING] pipeline.macro: Série DI sem DatetimeIndex — usando fallback histórico
2026-04-28 09:01:33,548 [WARNING] pipeline.macro: IPCA calculado fora do intervalo plausível (55.3%) para 2019 — usando fallback
2026-04-28 09:01:33,549 [WARNING] pipeline.macro: IPCA calculado fora do intervalo plausível (46.1%) para 2020 — usando fallback
2026-04-28 09:01:33,549 [WARNING] pipeline.macro: IPCA calculado fora do intervalo plausível (159.3%) para 2021 — usando fallback
2026-04-28 09:01:33,551 [WARNING] pipeline.macro: IPCA calculado fora do intervalo plausível (191.2%) para 2022 — usando fallback
2026-04-28 09:01:33,551 [WARNING] pipeline.macro: IPCA calculado fora do intervalo plausível (71.5%) para 2023 — usando fallback
2026-04-28 09:01:33,552 [WARNING] pipeline.macro: IPCA calculado fora do intervalo plausível (67.0%) para 2024 — usando fallback
2026-04-28 09:01:33,552 [INFO] pipeline.macro: Baixando série BCB 258...
2026-04-28 09:01:33,690 [ERROR] pipeline.macro: Erro ao baixar série BCB 258: 406 Client Error: Not Acceptable for url: https://api.bcb.gov.br/dados/serie/bcdata.sgs.258/dados?formato=json&dataInicial=01%2F01%2F2010&dataFinal=28%2F04%2F2026
2026-04-28 09:01:33,690 [WARNING] pipeline.macro: Série TJLP sem DatetimeIndex — usando fallback histórico
2026-04-28 09:01:33,699 [WARNING] pipeline.macro: IPCA calculado fora do intervalo plausível (55.3%) para 2019 — usando fallback
2026-04-28 09:01:33,699 [WARNING] pipeline.macro: IPCA calculado fora do intervalo plausível (46.1%) para 2020 — usando fallback
2026-04-28 09:01:33,700 [WARNING] pipeline.macro: IPCA calculado fora do intervalo plausível (159.3%) para 2021 — usando fallback
2026-04-28 09:01:33,701 [WARNING] pipeline.macro: IPCA calculado fora do intervalo plausível (191.2%) para 2022 — usando fallback
2026-04-28 09:01:33,702 [WARNING] pipeline.macro: IPCA calculado fora do intervalo plausível (71.5%) para 2023 — usando fallback
2026-04-28 09:01:33,702 [WARNING] pipeline.macro: IPCA calculado fora do intervalo plausível (67.0%) para 2024 — usando fallback
2026-04-28 09:01:33,703 [INFO] pipeline.macro: 
RESUMO MACRO HISTÓRICO:
2026-04-28 09:01:33,703 [INFO] pipeline.macro:   selic_meta     : 2020: 2.00% | 2021: 9.25% | 2022: 13.75% | 2023: 11.75% | 2024: 11.75%
2026-04-28 09:01:33,703 [INFO] pipeline.macro:   selic_efet     : 2020: 2.28% | 2021: 4.48% | 2022: 12.33% | 2023: 13.15% | 2024: 10.73%
2026-04-28 09:01:33,703 [INFO] pipeline.macro:   ipca           : 2020: 4.52% | 2021: 10.06% | 2022: 5.62% | 2023: 4.62% | 2024: 4.83%
2026-04-28 09:01:33,703 [INFO] pipeline.macro:   tjlp           : 2020: 5.25% | 2021: 5.25% | 2022: 6.25% | 2023: 7.00% | 2024: 7.00%
2026-04-28 09:01:33,703 [INFO] pipeline.macro:   cds            : 2020: 0.44% | 2021: 0.73% | 2022: 1.26% | 2023: 0.84% | 2024: 0.81%
2026-04-28 09:01:33,703 [INFO] pipeline.macro:   inflacao_impl  : 2020: 4.52% | 2021: 10.06% | 2022: 5.62% | 2023: 4.62% | 2024: 4.83%
2026-04-28 09:01:33,703 [INFO] pipeline: 
[3/6] Baixando demonstrações financeiras (CVM)...
2026-04-28 09:01:33,704 [INFO] pipeline.cvm: 
==================================================
2026-04-28 09:01:33,704 [INFO] pipeline.cvm: Baixando DFP 2019...
2026-04-28 09:01:33,911 [INFO] pipeline.cvm:   DFP dre 2019: 60 linhas
2026-04-28 09:01:34,244 [INFO] pipeline.cvm:   DFP bpa 2019: 122 linhas
2026-04-28 09:01:34,840 [INFO] pipeline.cvm:   DFP bpp 2019: 218 linhas
2026-04-28 09:01:35,151 [INFO] pipeline.cvm:   DFP dfc_mi 2019: 20 linhas
2026-04-28 09:01:35,168 [WARNING] pipeline.cvm:   Empresa 24694 não encontrada em dfc_md 2019
2026-04-28 09:01:35,168 [INFO] pipeline.cvm: 
==================================================
2026-04-28 09:01:35,168 [INFO] pipeline.cvm: Baixando DFP 2020...
2026-04-28 09:01:35,384 [INFO] pipeline.cvm:   DFP dre 2020: 60 linhas
2026-04-28 09:01:35,761 [INFO] pipeline.cvm:   DFP bpa 2020: 126 linhas
2026-04-28 09:01:36,428 [INFO] pipeline.cvm:   DFP bpp 2020: 222 linhas
2026-04-28 09:01:36,779 [INFO] pipeline.cvm:   DFP dfc_mi 2020: 118 linhas
2026-04-28 09:01:36,803 [WARNING] pipeline.cvm:   Empresa 24694 não encontrada em dfc_md 2020
2026-04-28 09:01:36,804 [INFO] pipeline.cvm: 
==================================================
2026-04-28 09:01:36,804 [INFO] pipeline.cvm: Baixando DFP 2021...
2026-04-28 09:01:37,036 [INFO] pipeline.cvm:   DFP dre 2021: 60 linhas
2026-04-28 09:01:37,420 [INFO] pipeline.cvm:   DFP bpa 2021: 128 linhas
2026-04-28 09:01:38,107 [INFO] pipeline.cvm:   DFP bpp 2021: 224 linhas
2026-04-28 09:01:38,467 [INFO] pipeline.cvm:   DFP dfc_mi 2021: 132 linhas
2026-04-28 09:01:38,496 [WARNING] pipeline.cvm:   Empresa 24694 não encontrada em dfc_md 2021
2026-04-28 09:01:38,497 [INFO] pipeline.cvm: 
==================================================
2026-04-28 09:01:38,497 [INFO] pipeline.cvm: Baixando DFP 2022...
2026-04-28 09:01:38,735 [INFO] pipeline.cvm:   DFP dre 2022: 60 linhas
2026-04-28 09:01:39,153 [INFO] pipeline.cvm:   DFP bpa 2022: 128 linhas
2026-04-28 09:01:39,887 [INFO] pipeline.cvm:   DFP bpp 2022: 228 linhas
2026-04-28 09:01:40,355 [INFO] pipeline.cvm:   DFP dfc_mi 2022: 132 linhas
2026-04-28 09:01:40,389 [WARNING] pipeline.cvm:   Empresa 24694 não encontrada em dfc_md 2022
2026-04-28 09:01:40,390 [INFO] pipeline.cvm: 
==================================================
2026-04-28 09:01:40,390 [INFO] pipeline.cvm: Baixando DFP 2023...
2026-04-28 09:01:40,644 [INFO] pipeline.cvm:   DFP dre 2023: 60 linhas
2026-04-28 09:01:41,081 [INFO] pipeline.cvm:   DFP bpa 2023: 128 linhas
2026-04-28 09:01:41,828 [INFO] pipeline.cvm:   DFP bpp 2023: 228 linhas
2026-04-28 09:01:42,225 [INFO] pipeline.cvm:   DFP dfc_mi 2023: 132 linhas
2026-04-28 09:01:42,255 [WARNING] pipeline.cvm:   Empresa 24694 não encontrada em dfc_md 2023
2026-04-28 09:01:42,255 [INFO] pipeline.cvm: 
==================================================
2026-04-28 09:01:42,255 [INFO] pipeline.cvm: Baixando DFP 2024...
2026-04-28 09:01:42,486 [INFO] pipeline.cvm:   DFP dre 2024: 60 linhas
2026-04-28 09:01:42,891 [INFO] pipeline.cvm:   DFP bpa 2024: 128 linhas
2026-04-28 09:01:43,614 [INFO] pipeline.cvm:   DFP bpp 2024: 228 linhas
2026-04-28 09:01:44,010 [INFO] pipeline.cvm:   DFP dfc_mi 2024: 134 linhas
2026-04-28 09:01:44,038 [WARNING] pipeline.cvm:   Empresa 24694 não encontrada em dfc_md 2024
2026-04-28 09:01:44,038 [INFO] pipeline.cvm: 
==================================================
2026-04-28 09:01:44,038 [INFO] pipeline.cvm: Baixando DFP 2025...
2026-04-28 09:01:44,245 [INFO] pipeline.cvm:   DFP dre 2025: 60 linhas
2026-04-28 09:01:44,613 [INFO] pipeline.cvm:   DFP bpa 2025: 128 linhas
2026-04-28 09:01:45,236 [INFO] pipeline.cvm:   DFP bpp 2025: 230 linhas
2026-04-28 09:01:45,592 [INFO] pipeline.cvm:   DFP dfc_mi 2025: 126 linhas
2026-04-28 09:01:45,617 [WARNING] pipeline.cvm:   Empresa 24694 não encontrada em dfc_md 2025
2026-04-28 09:01:45,618 [INFO] pipeline:   Anos ajustados → Histórico: 2019-2025 | Projeção: 2026-2035
2026-04-28 09:01:45,618 [INFO] pipeline: 
[4/6] Normalizando dados...
2026-04-28 09:01:47,332 [INFO] pipeline:   DFC normalizada: 11 linhas
2026-04-28 09:01:47,336 [INFO] pipeline:   DRE normalizada:
2026-04-28 09:01:47,336 [INFO] pipeline:     receita_liquida: 2019: 2,545 | 2020: 2,407 | 2021: 5,110 | 2022: 6,261 | 2023: 6,989 | 2024: 7,152 | 2025: 7,736
2026-04-28 09:01:47,336 [INFO] pipeline:     ebit: 2019: 469 | 2020: -73 | 2021: 402 | 2022: 402 | 2023: 531 | 2024: 612 | 2025: 529
2026-04-28 09:01:47,336 [INFO] pipeline:     lucro_liquido: 2019: 310 | 2020: -113 | 2021: 498 | 2022: 205 | 2023: 169 | 2024: 536 | 2025: 328
2026-04-28 09:01:47,336 [INFO] pipeline: 
[5/6] Calculando projeções...
2026-04-28 09:01:47,337 [INFO] pipeline.projecoes: 
=== Projeções (não-financeira / FCFF) ===
2026-04-28 09:01:47,338 [INFO] pipeline.projecoes:   Margem EBITDA: 9.3% → 14.0% (conv 6a)
2026-04-28 09:01:47,338 [INFO] pipeline.projecoes:   D&A/Receita: 3.5%
2026-04-28 09:01:47,339 [INFO] pipeline.projecoes:   CAPEX/Receita: 3.8% → 4.0%
2026-04-28 09:01:47,341 [INFO] pipeline.projecoes:   NCG/Receita: 31.1% → 10.0%
2026-04-28 09:01:47,343 [INFO] pipeline.projecoes:   Alíquota efetiva: 18.3%
2026-04-28 09:01:47,343 [INFO] pipeline.projecoes: Projeções concluídas (FCFF). Resumo:
2026-04-28 09:01:47,344 [INFO] pipeline.projecoes:    Ano      Receita     EBITDA    Mg%      NOPAT       FCFF
2026-04-28 09:01:47,344 [INFO] pipeline.projecoes:   2026        8,323        842  10.1%        453        618
2026-04-28 09:01:47,344 [INFO] pipeline.projecoes:   2027        8,920        972  10.9%        542        718
2026-04-28 09:01:47,344 [INFO] pipeline.projecoes:   2028        9,522      1,111  11.7%        639        859
2026-04-28 09:01:47,344 [INFO] pipeline.projecoes:   2029       10,125      1,260  12.4%        744      1,008
2026-04-28 09:01:47,344 [INFO] pipeline.projecoes:   2030       10,724      1,418  13.2%        856      1,164
2026-04-28 09:01:47,344 [INFO] pipeline.valuation:   Estrutura de capital: E=54% | D=46%
2026-04-28 09:01:47,344 [INFO] pipeline: 
[6/6] Calculando valuation (FCFF / WACC)...
2026-04-28 09:01:47,344 [INFO] pipeline.valuation: 
==================================================
2026-04-28 09:01:47,345 [INFO] pipeline.valuation: VALUATION FCFF/WACC — SBFG3
2026-04-28 09:01:47,345 [INFO] pipeline.valuation:   VP FCFF (10a):     R$        5,160 MM
2026-04-28 09:01:47,345 [INFO] pipeline.valuation:   Valor Perp. (VP):  R$        6,088 MM
2026-04-28 09:01:47,345 [INFO] pipeline.valuation:   ENTERPRISE VALUE:  R$       11,248 MM
2026-04-28 09:01:47,345 [INFO] pipeline.valuation:   (-) Dívida Líq.:   R$        2,258 MM
2026-04-28 09:01:47,345 [INFO] pipeline.valuation:   VALOR DO EQUITY:   R$        8,990 MM
2026-04-28 09:01:47,345 [INFO] pipeline.valuation:   Preço Justo ON:    R$    39.04
2026-04-28 09:01:47,345 [INFO] pipeline.valuation:   Preço Justo PN:    R$    39.04
2026-04-28 09:01:47,345 [INFO] pipeline.valuation:   Cotação ON:        R$    11.55
2026-04-28 09:01:47,345 [INFO] pipeline.valuation:   Upside ON:              238.0%
2026-04-28 09:01:47,345 [INFO] pipeline.valuation:   TIR (ON):                32.2%
2026-04-28 09:01:47,345 [INFO] pipeline.valuation:   WACC último ano:         12.0%
2026-04-28 09:01:47,348 [INFO] pipeline:   Sem template VAROS para SBFG3 — Excel será criado do zero
2026-04-28 09:01:47,348 [INFO] pipeline.excel_geral: 
============================================================
2026-04-28 09:01:47,348 [INFO] pipeline.excel_geral: Criando Excel completo (12 abas) para: SBF Group (Centauro) (SBFG3)
2026-04-28 09:01:47,349 [INFO] pipeline.excel_geral:   → 1/12  Dashboard
2026-04-28 09:01:47,360 [INFO] pipeline.excel_geral:   → 2/12  WACC
2026-04-28 09:01:47,401 [INFO] pipeline.excel_geral:   → 3/12  TIR ON
2026-04-28 09:01:47,412 [INFO] pipeline.excel_geral:   → 4/12  TIR PN
2026-04-28 09:01:47,422 [INFO] pipeline.excel_geral:   → 5/12  Valor do Equity
2026-04-28 09:01:47,428 [INFO] pipeline.excel_geral:   → 6/12  Preço Teto
2026-04-28 09:01:47,435 [INFO] pipeline.excel_geral:   → 7/12  DRE + DCF
2026-04-28 09:01:47,586 [INFO] pipeline.excel_geral:   → 8/12  DRE Contas Abertas
2026-04-28 09:01:47,649 [INFO] pipeline.excel_geral:   → 9/12  Balanço Patrimonial
2026-04-28 09:01:47,692 [INFO] pipeline.excel_geral:   → 10/12 Painel de Índices
2026-04-28 09:01:47,755 [INFO] pipeline.excel_geral:   → 11/12 Projeções Premissas
2026-04-28 09:01:47,777 [INFO] pipeline.excel_geral:   → 12/12 Projeções Capex e CG
2026-04-28 09:01:47,881 [INFO] pipeline.excel_geral: 
Arquivo salvo: C:\Users\55819\OneDrive - EPEJUD\DIEGO\OBSIDIAN\Analista de Investimentos\12_PYTHON\pipeline banco completo\outputs\Valuation_SBFG3_SBF Group (Centauro)_20260428.xlsx
2026-04-28 09:01:47,881 [INFO] pipeline: 
======================================================================
2026-04-28 09:01:47,882 [INFO] pipeline: RESUMO DO VALUATION (FCFF/WACC)
2026-04-28 09:01:47,882 [INFO] pipeline: ======================================================================
2026-04-28 09:01:47,882 [INFO] pipeline:   Empresa:           SBF Group (Centauro) (SBFG3)
2026-04-28 09:01:47,882 [INFO] pipeline:   Enterprise Value:  R$       11,248 MM
2026-04-28 09:01:47,882 [INFO] pipeline:   Cotação ON:        R$ 11.55
2026-04-28 09:01:47,882 [INFO] pipeline:   Preço Justo ON:    R$ 39.04
2026-04-28 09:01:47,882 [INFO] pipeline:   Upside ON:            238.0%
2026-04-28 09:01:47,882 [INFO] pipeline:   TIR:                  32.2%
2026-04-28 09:01:47,882 [INFO] pipeline:   Preço Teto ON:     R$ 39.04
2026-04-28 09:01:47,883 [INFO] pipeline: 
  Arquivo gerado:    C:\Users\55819\OneDrive - EPEJUD\DIEGO\OBSIDIAN\Analista de Investimentos\12_PYTHON\pipeline banco completo\outputs\Valuation_SBFG3_SBF Group (Centauro)_20260428.xlsx
2026-04-28 09:01:47,883 [INFO] pipeline: ======================================================================
2026-04-28 09:01:47,885 [INFO] pipeline: ✓ SBFG3: arquivo gerado → C:\Users\55819\OneDrive - EPEJUD\DIEGO\OBSIDIAN\Analista de Investimentos\12_PYTHON\pipeline banco completo\outputs\Valuation_SBFG3_SBF Group (Centauro)_20260428.xlsx
2026-04-28 09:01:47,885 [INFO] pipeline: 
──────────────────────────────────────────────────────────────────────
2026-04-28 09:01:47,885 [INFO] pipeline: Processando: NTCO3 (Natura &Co)
2026-04-28 09:01:47,885 [INFO] pipeline: ──────────────────────────────────────────────────────────────────────
2026-04-28 09:01:47,885 [INFO] pipeline: ======================================================================
2026-04-28 09:01:47,885 [INFO] pipeline: PIPELINE DE VALUATION [CONSUMO_VAREJO] — NTCO3 — Natura &Co
2026-04-28 09:01:47,885 [INFO] pipeline: Início: 2026-04-28 09:01:47
2026-04-28 09:01:47,885 [INFO] pipeline:   Setor: consumo_varejo | Motor: WACC
2026-04-28 09:01:47,885 [INFO] pipeline: ======================================================================
2026-04-28 09:01:47,886 [INFO] pipeline: 
[1/6] Coletando dados de mercado...
2026-04-28 09:01:47,886 [INFO] pipeline:   Buscando cotação via yfinance...
2026-04-28 09:01:47,886 [INFO] pipeline.mercado: Buscando cotação atual: NTCO3.SA
2026-04-28 09:01:49,323 [INFO] pipeline:   Cotação ON: R$ 0.00  |  Cotação PN: R$ 0.00
2026-04-28 09:01:49,596 [INFO] pipeline.mercado: Calculando beta: NTCO3 (252 dias úteis)
2026-04-28 09:01:49,596 [INFO] pipeline.mercado: Baixando preços: NTCO3.SA (2019-01-01 → 2026-04-28)
2026-04-28 09:01:50,876 [ERROR] yfinance: $NTCO3.SA: possibly delisted; no timezone found
2026-04-28 09:01:50,884 [ERROR] yfinance: 
1 Failed download:
2026-04-28 09:01:50,884 [ERROR] yfinance: ['NTCO3.SA']: possibly delisted; no timezone found
2026-04-28 09:01:50,886 [WARNING] pipeline.mercado: Sem dados de preços para NTCO3.SA
2026-04-28 09:01:50,890 [WARNING] pipeline.mercado: Dados insuficientes para calcular beta
2026-04-28 09:01:50,891 [INFO] pipeline:   Beta estatístico: 0.850 | Beta utilizado: 0.850
2026-04-28 09:01:50,891 [INFO] pipeline: 
[2/6] Coletando dados macroeconômicos (BCB)...
2026-04-28 09:01:51,214 [WARNING] pipeline.macro: Não foi possível obter Focus Selic: 400 Client Error: Bad Request for url: https://olinda.bcb.gov.br/olinda/servico/Expectativas/versao/v1/odata/ExpectativasMercadoAnuais?%24filter=Indicador%20eq%20'Selic'&%24top=100&%24format=json&%24select=Indicador,Data,Ano,Mediana
2026-04-28 09:01:51,572 [WARNING] pipeline.macro: Não foi possível obter Focus IPCA: 400 Client Error: Bad Request for url: https://olinda.bcb.gov.br/olinda/servico/Expectativas/versao/v1/odata/ExpectativasMercadoAnuais?%24filter=Indicador%20eq%20'IPCA'&%24top=100&%24format=json&%24select=Indicador,Data,Ano,Mediana
2026-04-28 09:01:51,573 [INFO] pipeline.macro: 
=== Coletando dados macroeconômicos ===
2026-04-28 09:01:51,574 [INFO] pipeline.macro: Baixando série BCB 432...
2026-04-28 09:01:56,433 [ERROR] pipeline.macro: Erro ao baixar série BCB 432: 406 Client Error: Not Acceptable for url: https://api.bcb.gov.br/dados/serie/bcdata.sgs.432/dados?formato=json&dataInicial=01%2F01%2F2010&dataFinal=28%2F04%2F2026
2026-04-28 09:01:56,434 [WARNING] pipeline.macro: Série Selic meta sem DatetimeIndex — usando fallback histórico
2026-04-28 09:01:56,434 [INFO] pipeline.macro: Baixando série BCB 12...
2026-04-28 09:01:56,533 [ERROR] pipeline.macro: Erro ao baixar série BCB 12: 406 Client Error: Not Acceptable for url: https://api.bcb.gov.br/dados/serie/bcdata.sgs.12/dados?formato=json&dataInicial=01%2F01%2F2010&dataFinal=28%2F04%2F2026
2026-04-28 09:01:56,534 [WARNING] pipeline.macro: Série DI sem DatetimeIndex — usando fallback histórico
2026-04-28 09:01:56,537 [WARNING] pipeline.macro: IPCA calculado fora do intervalo plausível (55.3%) para 2019 — usando fallback
2026-04-28 09:01:56,537 [WARNING] pipeline.macro: IPCA calculado fora do intervalo plausível (46.1%) para 2020 — usando fallback
2026-04-28 09:01:56,538 [WARNING] pipeline.macro: IPCA calculado fora do intervalo plausível (159.3%) para 2021 — usando fallback
2026-04-28 09:01:56,538 [WARNING] pipeline.macro: IPCA calculado fora do intervalo plausível (191.2%) para 2022 — usando fallback
2026-04-28 09:01:56,538 [WARNING] pipeline.macro: IPCA calculado fora do intervalo plausível (71.5%) para 2023 — usando fallback
2026-04-28 09:01:56,539 [WARNING] pipeline.macro: IPCA calculado fora do intervalo plausível (67.0%) para 2024 — usando fallback
2026-04-28 09:01:56,539 [INFO] pipeline.macro: Baixando série BCB 258...
2026-04-28 09:01:56,638 [ERROR] pipeline.macro: Erro ao baixar série BCB 258: 406 Client Error: Not Acceptable for url: https://api.bcb.gov.br/dados/serie/bcdata.sgs.258/dados?formato=json&dataInicial=01%2F01%2F2010&dataFinal=28%2F04%2F2026
2026-04-28 09:01:56,638 [WARNING] pipeline.macro: Série TJLP sem DatetimeIndex — usando fallback histórico
2026-04-28 09:01:56,646 [WARNING] pipeline.macro: IPCA calculado fora do intervalo plausível (55.3%) para 2019 — usando fallback
2026-04-28 09:01:56,647 [WARNING] pipeline.macro: IPCA calculado fora do intervalo plausível (46.1%) para 2020 — usando fallback
2026-04-28 09:01:56,647 [WARNING] pipeline.macro: IPCA calculado fora do intervalo plausível (159.3%) para 2021 — usando fallback
2026-04-28 09:01:56,648 [WARNING] pipeline.macro: IPCA calculado fora do intervalo plausível (191.2%) para 2022 — usando fallback
2026-04-28 09:01:56,648 [WARNING] pipeline.macro: IPCA calculado fora do intervalo plausível (71.5%) para 2023 — usando fallback
2026-04-28 09:01:56,648 [WARNING] pipeline.macro: IPCA calculado fora do intervalo plausível (67.0%) para 2024 — usando fallback
2026-04-28 09:01:56,648 [INFO] pipeline.macro: 
RESUMO MACRO HISTÓRICO:
2026-04-28 09:01:56,648 [INFO] pipeline.macro:   selic_meta     : 2020: 2.00% | 2021: 9.25% | 2022: 13.75% | 2023: 11.75% | 2024: 11.75%
2026-04-28 09:01:56,649 [INFO] pipeline.macro:   selic_efet     : 2020: 2.28% | 2021: 4.48% | 2022: 12.33% | 2023: 13.15% | 2024: 10.73%
2026-04-28 09:01:56,649 [INFO] pipeline.macro:   ipca           : 2020: 4.52% | 2021: 10.06% | 2022: 5.62% | 2023: 4.62% | 2024: 4.83%
2026-04-28 09:01:56,649 [INFO] pipeline.macro:   tjlp           : 2020: 5.25% | 2021: 5.25% | 2022: 6.25% | 2023: 7.00% | 2024: 7.00%
2026-04-28 09:01:56,649 [INFO] pipeline.macro:   cds            : 2020: 0.44% | 2021: 0.73% | 2022: 1.26% | 2023: 0.84% | 2024: 0.81%
2026-04-28 09:01:56,649 [INFO] pipeline.macro:   inflacao_impl  : 2020: 4.52% | 2021: 10.06% | 2022: 5.62% | 2023: 4.62% | 2024: 4.83%
2026-04-28 09:01:56,649 [INFO] pipeline: 
[3/6] Baixando demonstrações financeiras (CVM)...
2026-04-28 09:01:56,649 [INFO] pipeline.cvm: 
==================================================
2026-04-28 09:01:56,649 [INFO] pipeline.cvm: Baixando DFP 2019...
2026-04-28 09:01:56,842 [INFO] pipeline.cvm:   DFP dre 2019: 70 linhas
2026-04-28 09:01:57,164 [INFO] pipeline.cvm:   DFP bpa 2019: 132 linhas
2026-04-28 09:01:57,727 [INFO] pipeline.cvm:   DFP bpp 2019: 226 linhas
2026-04-28 09:01:58,021 [INFO] pipeline.cvm:   DFP dfc_mi 2019: 128 linhas
2026-04-28 09:01:58,039 [WARNING] pipeline.cvm:   Empresa 24783 não encontrada em dfc_md 2019
2026-04-28 09:01:58,039 [INFO] pipeline.cvm: 
==================================================
2026-04-28 09:01:58,039 [INFO] pipeline.cvm: Baixando DFP 2020...
2026-04-28 09:01:58,267 [INFO] pipeline.cvm:   DFP dre 2020: 70 linhas
2026-04-28 09:01:58,637 [INFO] pipeline.cvm:   DFP bpa 2020: 134 linhas
2026-04-28 09:01:59,348 [INFO] pipeline.cvm:   DFP bpp 2020: 226 linhas
2026-04-28 09:01:59,716 [INFO] pipeline.cvm:   DFP dfc_mi 2020: 122 linhas
2026-04-28 09:01:59,738 [WARNING] pipeline.cvm:   Empresa 24783 não encontrada em dfc_md 2020
2026-04-28 09:01:59,738 [INFO] pipeline.cvm: 
==================================================
2026-04-28 09:01:59,738 [INFO] pipeline.cvm: Baixando DFP 2021...
2026-04-28 09:01:59,983 [INFO] pipeline.cvm:   DFP dre 2021: 70 linhas
2026-04-28 09:02:00,397 [INFO] pipeline.cvm:   DFP bpa 2021: 134 linhas
2026-04-28 09:02:01,131 [INFO] pipeline.cvm:   DFP bpp 2021: 226 linhas
2026-04-28 09:02:01,493 [INFO] pipeline.cvm:   DFP dfc_mi 2021: 122 linhas
2026-04-28 09:02:01,524 [WARNING] pipeline.cvm:   Empresa 24783 não encontrada em dfc_md 2021
2026-04-28 09:02:01,525 [INFO] pipeline.cvm: 
==================================================
2026-04-28 09:02:01,525 [INFO] pipeline.cvm: Baixando DFP 2022...
2026-04-28 09:02:01,761 [INFO] pipeline.cvm:   DFP dre 2022: 70 linhas
2026-04-28 09:02:02,179 [INFO] pipeline.cvm:   DFP bpa 2022: 134 linhas
2026-04-28 09:02:02,899 [INFO] pipeline.cvm:   DFP bpp 2022: 228 linhas
2026-04-28 09:02:03,276 [INFO] pipeline.cvm:   DFP dfc_mi 2022: 122 linhas
2026-04-28 09:02:03,306 [WARNING] pipeline.cvm:   Empresa 24783 não encontrada em dfc_md 2022
2026-04-28 09:02:03,307 [INFO] pipeline.cvm: 
==================================================
2026-04-28 09:02:03,307 [INFO] pipeline.cvm: Baixando DFP 2023...
2026-04-28 09:02:03,543 [INFO] pipeline.cvm:   DFP dre 2023: 70 linhas
2026-04-28 09:02:03,956 [INFO] pipeline.cvm:   DFP bpa 2023: 140 linhas
2026-04-28 09:02:04,676 [INFO] pipeline.cvm:   DFP bpp 2023: 228 linhas
2026-04-28 09:02:05,078 [INFO] pipeline.cvm:   DFP dfc_mi 2023: 128 linhas
2026-04-28 09:02:05,107 [WARNING] pipeline.cvm:   Empresa 24783 não encontrada em dfc_md 2023
2026-04-28 09:02:05,108 [INFO] pipeline.cvm: 
==================================================
2026-04-28 09:02:05,108 [INFO] pipeline.cvm: Baixando DFP 2024...
2026-04-28 09:02:05,343 [INFO] pipeline.cvm:   DFP dre 2024: 64 linhas
2026-04-28 09:02:05,745 [INFO] pipeline.cvm:   DFP bpa 2024: 140 linhas
2026-04-28 09:02:06,460 [INFO] pipeline.cvm:   DFP bpp 2024: 232 linhas
2026-04-28 09:02:06,847 [INFO] pipeline.cvm:   DFP dfc_mi 2024: 138 linhas
2026-04-28 09:02:06,873 [WARNING] pipeline.cvm:   Empresa 24783 não encontrada em dfc_md 2024
2026-04-28 09:02:06,875 [INFO] pipeline.cvm: 
==================================================
2026-04-28 09:02:06,875 [INFO] pipeline.cvm: Baixando DFP 2025...
2026-04-28 09:02:07,087 [WARNING] pipeline.cvm:   Empresa 24783 não encontrada em dre 2025
2026-04-28 09:02:07,447 [WARNING] pipeline.cvm:   Empresa 24783 não encontrada em bpa 2025
2026-04-28 09:02:08,093 [WARNING] pipeline.cvm:   Empresa 24783 não encontrada em bpp 2025
2026-04-28 09:02:08,452 [WARNING] pipeline.cvm:   Empresa 24783 não encontrada em dfc_mi 2025
2026-04-28 09:02:08,478 [WARNING] pipeline.cvm:   Empresa 24783 não encontrada em dfc_md 2025
2026-04-28 09:02:08,478 [INFO] pipeline:   DFP 2025 indisponível — tentando anualizar via ITR...
2026-04-28 09:02:08,479 [INFO] pipeline.cvm: 
==================================================
2026-04-28 09:02:08,479 [INFO] pipeline.cvm: Tentando anualizar 2025 via ITR (LTM)...
2026-04-28 09:02:09,524 [INFO] pipeline.cvm:   ITR dre 2025 Ttodos: 188 linhas
2026-04-28 09:02:10,769 [INFO] pipeline.cvm:   ITR bpa 2025 Ttodos: 280 linhas
2026-04-28 09:02:12,962 [INFO] pipeline.cvm:   ITR bpp 2025 Ttodos: 464 linhas
2026-04-28 09:02:14,114 [INFO] pipeline.cvm:   ITR dfc_mi 2025 Ttodos: 256 linhas
2026-04-28 09:02:14,215 [INFO] pipeline.cvm:   Último trimestre: 2T2025 (6 meses)
2026-04-28 09:02:14,215 [INFO] pipeline.cvm:   LTM = Acum 6m/2025 + (DFP 2024 - Acum 6m/2024)
2026-04-28 09:02:14,225 [INFO] pipeline.cvm:   LTM dre: 31 linhas
2026-04-28 09:02:14,234 [INFO] pipeline.cvm:   LTM dfc_mi: 64 linhas
2026-04-28 09:02:14,239 [INFO] pipeline.cvm:   Balanço bpa (posição 2T2025): 70 linhas
2026-04-28 09:02:14,243 [INFO] pipeline.cvm:   Balanço bpp (posição 2T2025): 116 linhas
2026-04-28 09:02:14,243 [INFO] pipeline.cvm:   Anualização 2025 concluída com sucesso (2T LTM)
2026-04-28 09:02:14,244 [INFO] pipeline:   ✓ 2025 anualizado via ITR (LTM)
2026-04-28 09:02:14,244 [INFO] pipeline:   Anos ajustados → Histórico: 2019-2025 | Projeção: 2026-2035
2026-04-28 09:02:14,244 [INFO] pipeline: 
[4/6] Normalizando dados...
2026-04-28 09:02:16,007 [INFO] pipeline:   DFC normalizada: 11 linhas
2026-04-28 09:02:16,010 [INFO] pipeline:   DRE normalizada:
2026-04-28 09:02:16,010 [INFO] pipeline:     receita_liquida: 2019: 14,445 | 2020: 36,922 | 2021: 40,165 | 2022: 36,350 | 2023: 26,737 | 2024: 24,090 | 2025: 20,294
2026-04-28 09:02:16,010 [INFO] pipeline:     ebit: 2019: 1,351 | 2020: 790 | 2021: 1,118 | 2022: -458 | 2023: -155 | 2024: 908 | 2025: 976
2026-04-28 09:02:16,010 [INFO] pipeline:     lucro_liquido: 2019: 155 | 2020: -650 | 2021: 1,048 | 2022: -2,860 | 2023: 2,974 | 2024: -8,930 | 2025: 4,813
2026-04-28 09:02:16,010 [INFO] pipeline: 
[5/6] Calculando projeções...
2026-04-28 09:02:16,011 [INFO] pipeline.projecoes: 
=== Projeções (não-financeira / FCFF) ===
2026-04-28 09:02:16,012 [INFO] pipeline.projecoes:   Margem EBITDA: 11.5% → 16.0% (conv 6a)
2026-04-28 09:02:16,012 [INFO] pipeline.projecoes:   D&A/Receita: 7.3%
2026-04-28 09:02:16,014 [INFO] pipeline.projecoes:   CAPEX/Receita: 1.7% → 4.0%
2026-04-28 09:02:16,015 [INFO] pipeline.projecoes:   NCG/Receita: 7.1% → 10.0%
2026-04-28 09:02:16,017 [INFO] pipeline.projecoes:   Alíquota efetiva: 40.0%
2026-04-28 09:02:16,017 [INFO] pipeline.projecoes: Projeções concluídas (FCFF). Resumo:
2026-04-28 09:02:16,017 [INFO] pipeline.projecoes:    Ano      Receita     EBITDA    Mg%      NOPAT       FCFF
2026-04-28 09:02:16,017 [INFO] pipeline.projecoes:   2026       21,833      2,677  12.3%        555      2,518
2026-04-28 09:02:16,017 [INFO] pipeline.projecoes:   2027       23,398      3,044  13.0%        684      1,515
2026-04-28 09:02:16,017 [INFO] pipeline.projecoes:   2028       24,978      3,436  13.8%        825      1,596
2026-04-28 09:02:16,017 [INFO] pipeline.projecoes:   2029       26,560      3,852  14.5%        979      1,676
2026-04-28 09:02:16,018 [INFO] pipeline.projecoes:   2030       28,131      4,291  15.3%      1,144      1,755
2026-04-28 09:02:16,018 [INFO] pipeline.valuation:   Estrutura de capital: E=20% | D=80%
2026-04-28 09:02:16,018 [INFO] pipeline: 
[6/6] Calculando valuation (FCFF / WACC)...
2026-04-28 09:02:16,018 [INFO] pipeline.valuation: 
==================================================
2026-04-28 09:02:16,018 [INFO] pipeline.valuation: VALUATION FCFF/WACC — NTCO3
2026-04-28 09:02:16,018 [INFO] pipeline.valuation:   VP FCFF (10a):     R$       14,257 MM
2026-04-28 09:02:16,018 [INFO] pipeline.valuation:   Valor Perp. (VP):  R$       20,884 MM
2026-04-28 09:02:16,018 [INFO] pipeline.valuation:   ENTERPRISE VALUE:  R$       35,141 MM
2026-04-28 09:02:16,018 [INFO] pipeline.valuation:   (-) Dívida Líq.:   R$        4,017 MM
2026-04-28 09:02:16,018 [INFO] pipeline.valuation:   VALOR DO EQUITY:   R$       31,124 MM
2026-04-28 09:02:16,019 [INFO] pipeline.valuation:   Preço Justo ON:    R$     0.00
2026-04-28 09:02:16,019 [INFO] pipeline.valuation:   Preço Justo PN:    R$     0.00
2026-04-28 09:02:16,019 [INFO] pipeline.valuation:   Cotação ON:        R$     0.00
2026-04-28 09:02:16,019 [INFO] pipeline.valuation:   Upside ON:                0.0%
2026-04-28 09:02:16,019 [INFO] pipeline.valuation:   TIR (ON):                 0.0%
2026-04-28 09:02:16,019 [INFO] pipeline.valuation:   WACC último ano:         12.0%
2026-04-28 09:02:16,019 [WARNING] pipeline: 
[!] AVISOS DE VALIDACAO:
2026-04-28 09:02:16,020 [WARNING] pipeline:   - Preço Justo ON inválido (≤ 0)
2026-04-28 09:02:16,021 [INFO] pipeline:   Sem template VAROS para NTCO3 — Excel será criado do zero
2026-04-28 09:02:16,021 [INFO] pipeline.excel_geral: 
============================================================
2026-04-28 09:02:16,021 [INFO] pipeline.excel_geral: Criando Excel completo (12 abas) para: Natura &Co (NTCO3)
2026-04-28 09:02:16,023 [INFO] pipeline.excel_geral:   → 1/12  Dashboard
2026-04-28 09:02:16,033 [INFO] pipeline.excel_geral:   → 2/12  WACC
2026-04-28 09:02:16,069 [INFO] pipeline.excel_geral:   → 3/12  TIR ON
2026-04-28 09:02:16,080 [INFO] pipeline.excel_geral:   → 4/12  TIR PN
2026-04-28 09:02:16,091 [INFO] pipeline.excel_geral:   → 5/12  Valor do Equity
2026-04-28 09:02:16,097 [INFO] pipeline.excel_geral:   → 6/12  Preço Teto
2026-04-28 09:02:16,103 [INFO] pipeline.excel_geral:   → 7/12  DRE + DCF
2026-04-28 09:02:16,227 [INFO] pipeline.excel_geral:   → 8/12  DRE Contas Abertas
2026-04-28 09:02:16,285 [INFO] pipeline.excel_geral:   → 9/12  Balanço Patrimonial
2026-04-28 09:02:16,331 [INFO] pipeline.excel_geral:   → 10/12 Painel de Índices
2026-04-28 09:02:16,400 [INFO] pipeline.excel_geral:   → 11/12 Projeções Premissas
2026-04-28 09:02:16,427 [INFO] pipeline.excel_geral:   → 12/12 Projeções Capex e CG
2026-04-28 09:02:16,530 [INFO] pipeline.excel_geral: 
Arquivo salvo: C:\Users\55819\OneDrive - EPEJUD\DIEGO\OBSIDIAN\Analista de Investimentos\12_PYTHON\pipeline banco completo\outputs\Valuation_NTCO3_Natura &Co_20260428.xlsx
2026-04-28 09:02:16,530 [INFO] pipeline: 
======================================================================
2026-04-28 09:02:16,530 [INFO] pipeline: RESUMO DO VALUATION (FCFF/WACC)
2026-04-28 09:02:16,530 [INFO] pipeline: ======================================================================
2026-04-28 09:02:16,530 [INFO] pipeline:   Empresa:           Natura &Co (NTCO3)
2026-04-28 09:02:16,530 [INFO] pipeline:   Enterprise Value:  R$       35,141 MM
2026-04-28 09:02:16,530 [INFO] pipeline:   Cotação ON:        R$ 0.00
2026-04-28 09:02:16,530 [INFO] pipeline:   Preço Justo ON:    R$ 0.00
2026-04-28 09:02:16,530 [INFO] pipeline:   Upside ON:            0.0%
2026-04-28 09:02:16,530 [INFO] pipeline:   TIR:                  0.0%
2026-04-28 09:02:16,530 [INFO] pipeline:   Preço Teto ON:     R$ 0.00
2026-04-28 09:02:16,530 [INFO] pipeline: 
  [!] 1 aviso(s) de validacao — verifique os logs
2026-04-28 09:02:16,530 [INFO] pipeline: 
  Arquivo gerado:    C:\Users\55819\OneDrive - EPEJUD\DIEGO\OBSIDIAN\Analista de Investimentos\12_PYTHON\pipeline banco completo\outputs\Valuation_NTCO3_Natura &Co_20260428.xlsx
2026-04-28 09:02:16,531 [INFO] pipeline: ======================================================================
2026-04-28 09:02:16,533 [INFO] pipeline: ✓ NTCO3: arquivo gerado → C:\Users\55819\OneDrive - EPEJUD\DIEGO\OBSIDIAN\Analista de Investimentos\12_PYTHON\pipeline banco completo\outputs\Valuation_NTCO3_Natura &Co_20260428.xlsx
2026-04-28 09:02:16,533 [INFO] pipeline: 
──────────────────────────────────────────────────────────────────────
2026-04-28 09:02:16,533 [INFO] pipeline: Processando: CEAB3 (C&A Brasil)
2026-04-28 09:02:16,534 [INFO] pipeline: ──────────────────────────────────────────────────────────────────────
2026-04-28 09:02:16,534 [INFO] pipeline: ======================================================================
2026-04-28 09:02:16,534 [INFO] pipeline: PIPELINE DE VALUATION [CONSUMO_VAREJO] — CEAB3 — C&A Brasil
2026-04-28 09:02:16,534 [INFO] pipeline: Início: 2026-04-28 09:02:16
2026-04-28 09:02:16,534 [INFO] pipeline:   Setor: consumo_varejo | Motor: WACC
2026-04-28 09:02:16,534 [INFO] pipeline: ======================================================================
2026-04-28 09:02:16,534 [INFO] pipeline: 
[1/6] Coletando dados de mercado...
2026-04-28 09:02:16,535 [INFO] pipeline:   Buscando cotação via yfinance...
2026-04-28 09:02:16,535 [INFO] pipeline.mercado: Buscando cotação atual: CEAB3.SA
2026-04-28 09:02:17,708 [INFO] pipeline:   Cotação ON: R$ 11.20  |  Cotação PN: R$ 0.00
2026-04-28 09:02:18,213 [INFO] pipeline.mercado: Calculando beta: CEAB3 (252 dias úteis)
2026-04-28 09:02:18,264 [INFO] pipeline.mercado: Baixando preços: CEAB3.SA (2019-01-01 → 2026-04-28)
2026-04-28 09:02:18,794 [INFO] pipeline.mercado:   1608 dias de preços carregados
2026-04-28 09:02:18,803 [INFO] pipeline.mercado:   Beta estatístico: 1.6787 | R²: 0.264 | n=251
2026-04-28 09:02:18,806 [INFO] pipeline:   Beta estatístico: 1.679 | Beta utilizado: 0.850
2026-04-28 09:02:18,806 [INFO] pipeline: 
[2/6] Coletando dados macroeconômicos (BCB)...
2026-04-28 09:02:19,095 [WARNING] pipeline.macro: Não foi possível obter Focus Selic: 400 Client Error: Bad Request for url: https://olinda.bcb.gov.br/olinda/servico/Expectativas/versao/v1/odata/ExpectativasMercadoAnuais?%24filter=Indicador%20eq%20'Selic'&%24top=100&%24format=json&%24select=Indicador,Data,Ano,Mediana
2026-04-28 09:02:19,382 [WARNING] pipeline.macro: Não foi possível obter Focus IPCA: 400 Client Error: Bad Request for url: https://olinda.bcb.gov.br/olinda/servico/Expectativas/versao/v1/odata/ExpectativasMercadoAnuais?%24filter=Indicador%20eq%20'IPCA'&%24top=100&%24format=json&%24select=Indicador,Data,Ano,Mediana
2026-04-28 09:02:19,384 [INFO] pipeline.macro: 
=== Coletando dados macroeconômicos ===
2026-04-28 09:02:19,384 [INFO] pipeline.macro: Baixando série BCB 432...
2026-04-28 09:02:19,668 [ERROR] pipeline.macro: Erro ao baixar série BCB 432: 406 Client Error: Not Acceptable for url: https://api.bcb.gov.br/dados/serie/bcdata.sgs.432/dados?formato=json&dataInicial=01%2F01%2F2010&dataFinal=28%2F04%2F2026
2026-04-28 09:02:19,668 [WARNING] pipeline.macro: Série Selic meta sem DatetimeIndex — usando fallback histórico
2026-04-28 09:02:19,669 [INFO] pipeline.macro: Baixando série BCB 12...
2026-04-28 09:02:19,769 [ERROR] pipeline.macro: Erro ao baixar série BCB 12: 406 Client Error: Not Acceptable for url: https://api.bcb.gov.br/dados/serie/bcdata.sgs.12/dados?formato=json&dataInicial=01%2F01%2F2010&dataFinal=28%2F04%2F2026
2026-04-28 09:02:19,770 [WARNING] pipeline.macro: Série DI sem DatetimeIndex — usando fallback histórico
2026-04-28 09:02:19,776 [WARNING] pipeline.macro: IPCA calculado fora do intervalo plausível (55.3%) para 2019 — usando fallback
2026-04-28 09:02:19,777 [WARNING] pipeline.macro: IPCA calculado fora do intervalo plausível (46.1%) para 2020 — usando fallback
2026-04-28 09:02:19,778 [WARNING] pipeline.macro: IPCA calculado fora do intervalo plausível (159.3%) para 2021 — usando fallback
2026-04-28 09:02:19,778 [WARNING] pipeline.macro: IPCA calculado fora do intervalo plausível (191.2%) para 2022 — usando fallback
2026-04-28 09:02:19,779 [WARNING] pipeline.macro: IPCA calculado fora do intervalo plausível (71.5%) para 2023 — usando fallback
2026-04-28 09:02:19,780 [WARNING] pipeline.macro: IPCA calculado fora do intervalo plausível (67.0%) para 2024 — usando fallback
2026-04-28 09:02:19,780 [INFO] pipeline.macro: Baixando série BCB 258...
2026-04-28 09:02:19,879 [ERROR] pipeline.macro: Erro ao baixar série BCB 258: 406 Client Error: Not Acceptable for url: https://api.bcb.gov.br/dados/serie/bcdata.sgs.258/dados?formato=json&dataInicial=01%2F01%2F2010&dataFinal=28%2F04%2F2026
2026-04-28 09:02:19,879 [WARNING] pipeline.macro: Série TJLP sem DatetimeIndex — usando fallback histórico
2026-04-28 09:02:19,891 [WARNING] pipeline.macro: IPCA calculado fora do intervalo plausível (55.3%) para 2019 — usando fallback
2026-04-28 09:02:19,892 [WARNING] pipeline.macro: IPCA calculado fora do intervalo plausível (46.1%) para 2020 — usando fallback
2026-04-28 09:02:19,892 [WARNING] pipeline.macro: IPCA calculado fora do intervalo plausível (159.3%) para 2021 — usando fallback
2026-04-28 09:02:19,893 [WARNING] pipeline.macro: IPCA calculado fora do intervalo plausível (191.2%) para 2022 — usando fallback
2026-04-28 09:02:19,894 [WARNING] pipeline.macro: IPCA calculado fora do intervalo plausível (71.5%) para 2023 — usando fallback
2026-04-28 09:02:19,894 [WARNING] pipeline.macro: IPCA calculado fora do intervalo plausível (67.0%) para 2024 — usando fallback
2026-04-28 09:02:19,894 [INFO] pipeline.macro: 
RESUMO MACRO HISTÓRICO:
2026-04-28 09:02:19,894 [INFO] pipeline.macro:   selic_meta     : 2020: 2.00% | 2021: 9.25% | 2022: 13.75% | 2023: 11.75% | 2024: 11.75%
2026-04-28 09:02:19,895 [INFO] pipeline.macro:   selic_efet     : 2020: 2.28% | 2021: 4.48% | 2022: 12.33% | 2023: 13.15% | 2024: 10.73%
2026-04-28 09:02:19,895 [INFO] pipeline.macro:   ipca           : 2020: 4.52% | 2021: 10.06% | 2022: 5.62% | 2023: 4.62% | 2024: 4.83%
2026-04-28 09:02:19,895 [INFO] pipeline.macro:   tjlp           : 2020: 5.25% | 2021: 5.25% | 2022: 6.25% | 2023: 7.00% | 2024: 7.00%
2026-04-28 09:02:19,895 [INFO] pipeline.macro:   cds            : 2020: 0.44% | 2021: 0.73% | 2022: 1.26% | 2023: 0.84% | 2024: 0.81%
2026-04-28 09:02:19,895 [INFO] pipeline.macro:   inflacao_impl  : 2020: 4.52% | 2021: 10.06% | 2022: 5.62% | 2023: 4.62% | 2024: 4.83%
2026-04-28 09:02:19,895 [INFO] pipeline: 
[3/6] Baixando demonstrações financeiras (CVM)...
2026-04-28 09:02:19,896 [INFO] pipeline.cvm: 
==================================================
2026-04-28 09:02:19,896 [INFO] pipeline.cvm: Baixando DFP 2019...
2026-04-28 09:02:20,107 [INFO] pipeline.cvm:   DFP dre 2019: 68 linhas
2026-04-28 09:02:20,452 [INFO] pipeline.cvm:   DFP bpa 2019: 128 linhas
2026-04-28 09:02:21,069 [INFO] pipeline.cvm:   DFP bpp 2019: 212 linhas
2026-04-28 09:02:21,382 [INFO] pipeline.cvm:   DFP dfc_mi 2019: 98 linhas
2026-04-28 09:02:21,400 [WARNING] pipeline.cvm:   Empresa 24848 não encontrada em dfc_md 2019
2026-04-28 09:02:21,401 [INFO] pipeline.cvm: 
==================================================
2026-04-28 09:02:21,401 [INFO] pipeline.cvm: Baixando DFP 2020...
2026-04-28 09:02:21,640 [INFO] pipeline.cvm:   DFP dre 2020: 72 linhas
2026-04-28 09:02:22,045 [INFO] pipeline.cvm:   DFP bpa 2020: 132 linhas
2026-04-28 09:02:22,713 [INFO] pipeline.cvm:   DFP bpp 2020: 218 linhas
2026-04-28 09:02:23,054 [INFO] pipeline.cvm:   DFP dfc_mi 2020: 102 linhas
2026-04-28 09:02:23,073 [WARNING] pipeline.cvm:   Empresa 24848 não encontrada em dfc_md 2020
2026-04-28 09:02:23,073 [INFO] pipeline.cvm: 
==================================================
2026-04-28 09:02:23,073 [INFO] pipeline.cvm: Baixando DFP 2021...
2026-04-28 09:02:23,306 [INFO] pipeline.cvm:   DFP dre 2021: 76 linhas
2026-04-28 09:02:23,713 [INFO] pipeline.cvm:   DFP bpa 2021: 132 linhas
2026-04-28 09:02:24,431 [INFO] pipeline.cvm:   DFP bpp 2021: 218 linhas
2026-04-28 09:02:24,811 [INFO] pipeline.cvm:   DFP dfc_mi 2021: 104 linhas
2026-04-28 09:02:24,842 [WARNING] pipeline.cvm:   Empresa 24848 não encontrada em dfc_md 2021
2026-04-28 09:02:24,842 [INFO] pipeline.cvm: 
==================================================
2026-04-28 09:02:24,842 [INFO] pipeline.cvm: Baixando DFP 2022...
2026-04-28 09:02:25,080 [INFO] pipeline.cvm:   DFP dre 2022: 76 linhas
2026-04-28 09:02:25,509 [INFO] pipeline.cvm:   DFP bpa 2022: 134 linhas
2026-04-28 09:02:26,234 [INFO] pipeline.cvm:   DFP bpp 2022: 218 linhas
2026-04-28 09:02:26,691 [INFO] pipeline.cvm:   DFP dfc_mi 2022: 108 linhas
2026-04-28 09:02:26,731 [WARNING] pipeline.cvm:   Empresa 24848 não encontrada em dfc_md 2022
2026-04-28 09:02:26,732 [INFO] pipeline.cvm: 
==================================================
2026-04-28 09:02:26,732 [INFO] pipeline.cvm: Baixando DFP 2023...
2026-04-28 09:02:27,015 [INFO] pipeline.cvm:   DFP dre 2023: 78 linhas
2026-04-28 09:02:27,620 [INFO] pipeline.cvm:   DFP bpa 2023: 134 linhas
2026-04-28 09:02:28,632 [INFO] pipeline.cvm:   DFP bpp 2023: 224 linhas
2026-04-28 09:02:29,322 [INFO] pipeline.cvm:   DFP dfc_mi 2023: 112 linhas
2026-04-28 09:02:29,360 [WARNING] pipeline.cvm:   Empresa 24848 não encontrada em dfc_md 2023
2026-04-28 09:02:29,361 [INFO] pipeline.cvm: 
==================================================
2026-04-28 09:02:29,361 [INFO] pipeline.cvm: Baixando DFP 2024...
2026-04-28 09:02:29,704 [INFO] pipeline.cvm:   DFP dre 2024: 78 linhas
2026-04-28 09:02:30,323 [INFO] pipeline.cvm:   DFP bpa 2024: 136 linhas
2026-04-28 09:02:31,267 [INFO] pipeline.cvm:   DFP bpp 2024: 224 linhas
2026-04-28 09:02:31,684 [INFO] pipeline.cvm:   DFP dfc_mi 2024: 114 linhas
2026-04-28 09:02:31,715 [WARNING] pipeline.cvm:   Empresa 24848 não encontrada em dfc_md 2024
2026-04-28 09:02:31,715 [INFO] pipeline.cvm: 
==================================================
2026-04-28 09:02:31,716 [INFO] pipeline.cvm: Baixando DFP 2025...
2026-04-28 09:02:31,935 [INFO] pipeline.cvm:   DFP dre 2025: 76 linhas
2026-04-28 09:02:32,342 [INFO] pipeline.cvm:   DFP bpa 2025: 136 linhas
2026-04-28 09:02:33,035 [INFO] pipeline.cvm:   DFP bpp 2025: 228 linhas
2026-04-28 09:02:33,417 [INFO] pipeline.cvm:   DFP dfc_mi 2025: 84 linhas
2026-04-28 09:02:33,443 [WARNING] pipeline.cvm:   Empresa 24848 não encontrada em dfc_md 2025
2026-04-28 09:02:33,444 [INFO] pipeline:   Anos ajustados → Histórico: 2019-2025 | Projeção: 2026-2035
2026-04-28 09:02:33,444 [INFO] pipeline: 
[4/6] Normalizando dados...
2026-04-28 09:02:35,616 [INFO] pipeline:   DFC normalizada: 11 linhas
2026-04-28 09:02:35,620 [INFO] pipeline:   DRE normalizada:
2026-04-28 09:02:35,620 [INFO] pipeline:     receita_liquida: 2019: 5,285 | 2020: 4,085 | 2021: 5,153 | 2022: 6,184 | 2023: 6,719 | 2024: 7,637 | 2025: 7,983
2026-04-28 09:02:35,620 [INFO] pipeline:     ebit: 2019: 1,033 | 2020: -164 | 2021: 93 | 2022: 268 | 2023: 394 | 2024: 809 | 2025: 1,045
2026-04-28 09:02:35,620 [INFO] pipeline:     lucro_liquido: 2019: 972 | 2020: -166 | 2021: 329 | 2022: 1 | 2023: 2 | 2024: 452 | 2025: 587
2026-04-28 09:02:35,620 [INFO] pipeline: 
[5/6] Calculando projeções...
2026-04-28 09:02:35,621 [INFO] pipeline.projecoes: 
=== Projeções (não-financeira / FCFF) ===
2026-04-28 09:02:35,622 [INFO] pipeline.projecoes:   Margem EBITDA: 16.3% → 11.0% (conv 6a)
2026-04-28 09:02:35,623 [INFO] pipeline.projecoes:   D&A/Receita: 3.8%
2026-04-28 09:02:35,624 [INFO] pipeline.projecoes:   CAPEX/Receita: 0.0% → 4.0%
2026-04-28 09:02:35,626 [INFO] pipeline.projecoes:   NCG/Receita: 12.2% → 10.0%
2026-04-28 09:02:35,628 [INFO] pipeline.projecoes:   Alíquota efetiva: 25.4%
2026-04-28 09:02:35,628 [INFO] pipeline.projecoes: Projeções concluídas (FCFF). Resumo:
2026-04-28 09:02:35,629 [INFO] pipeline.projecoes:    Ano      Receita     EBITDA    Mg%      NOPAT       FCFF
2026-04-28 09:02:35,629 [INFO] pipeline.projecoes:   2026        8,588      1,325  15.4%        742      1,153
2026-04-28 09:02:35,629 [INFO] pipeline.projecoes:   2027        9,204      1,339  14.5%        734        909
2026-04-28 09:02:35,629 [INFO] pipeline.projecoes:   2028        9,825      1,342  13.7%        719        834
2026-04-28 09:02:35,629 [INFO] pipeline.projecoes:   2029       10,447      1,334  12.8%        695        741
2026-04-28 09:02:35,629 [INFO] pipeline.projecoes:   2030       11,065      1,315  11.9%        663        631
2026-04-28 09:02:35,629 [INFO] pipeline.valuation:   Estrutura de capital: E=95% | D=5%
2026-04-28 09:02:35,629 [INFO] pipeline: 
[6/6] Calculando valuation (FCFF / WACC)...
2026-04-28 09:02:35,630 [INFO] pipeline.valuation: 
==================================================
2026-04-28 09:02:35,630 [INFO] pipeline.valuation: VALUATION FCFF/WACC — CEAB3
2026-04-28 09:02:35,630 [INFO] pipeline.valuation:   VP FCFF (10a):     R$        4,284 MM
2026-04-28 09:02:35,630 [INFO] pipeline.valuation:   Valor Perp. (VP):  R$        3,420 MM
2026-04-28 09:02:35,630 [INFO] pipeline.valuation:   ENTERPRISE VALUE:  R$        7,704 MM
2026-04-28 09:02:35,630 [INFO] pipeline.valuation:   (-) Dívida Líq.:   R$          -83 MM
2026-04-28 09:02:35,630 [INFO] pipeline.valuation:   VALOR DO EQUITY:   R$        7,786 MM
2026-04-28 09:02:35,631 [INFO] pipeline.valuation:   Preço Justo ON:    R$    25.75
2026-04-28 09:02:35,631 [INFO] pipeline.valuation:   Preço Justo PN:    R$    25.75
2026-04-28 09:02:35,631 [INFO] pipeline.valuation:   Cotação ON:        R$    11.20
2026-04-28 09:02:35,631 [INFO] pipeline.valuation:   Upside ON:              129.9%
2026-04-28 09:02:35,631 [INFO] pipeline.valuation:   TIR (ON):                24.8%
2026-04-28 09:02:35,631 [INFO] pipeline.valuation:   WACC último ano:         12.0%
2026-04-28 09:02:35,633 [INFO] pipeline:   Template encontrado (empresa): CEAB3-ValuationModeloVZA.xlsx
2026-04-28 09:02:35,634 [INFO] pipeline.excel_geral: 
============================================================
2026-04-28 09:02:35,634 [INFO] pipeline.excel_geral: Escrevendo com template VAROS: CEAB3-ValuationModeloVZA.xlsx
2026-04-28 09:02:37,760 [INFO] pipeline.excel_geral: 
Arquivo salvo: C:\Users\55819\OneDrive - EPEJUD\DIEGO\OBSIDIAN\Analista de Investimentos\12_PYTHON\pipeline banco completo\outputs\Valuation_CEAB3_C&A Brasil_20260428.xlsx
2026-04-28 09:02:37,761 [INFO] pipeline: 
======================================================================
2026-04-28 09:02:37,761 [INFO] pipeline: RESUMO DO VALUATION (FCFF/WACC)
2026-04-28 09:02:37,761 [INFO] pipeline: ======================================================================
2026-04-28 09:02:37,761 [INFO] pipeline:   Empresa:           C&A Brasil (CEAB3)
2026-04-28 09:02:37,761 [INFO] pipeline:   Enterprise Value:  R$        7,704 MM
2026-04-28 09:02:37,761 [INFO] pipeline:   Cotação ON:        R$ 11.20
2026-04-28 09:02:37,761 [INFO] pipeline:   Preço Justo ON:    R$ 25.75
2026-04-28 09:02:37,761 [INFO] pipeline:   Upside ON:            129.9%
2026-04-28 09:02:37,761 [INFO] pipeline:   TIR:                  24.8%
2026-04-28 09:02:37,761 [INFO] pipeline:   Preço Teto ON:     R$ 25.75
2026-04-28 09:02:37,761 [INFO] pipeline: 
  Arquivo gerado:    C:\Users\55819\OneDrive - EPEJUD\DIEGO\OBSIDIAN\Analista de Investimentos\12_PYTHON\pipeline banco completo\outputs\Valuation_CEAB3_C&A Brasil_20260428.xlsx
2026-04-28 09:02:37,761 [INFO] pipeline: ======================================================================
2026-04-28 09:02:37,765 [INFO] pipeline: ✓ CEAB3: arquivo gerado → C:\Users\55819\OneDrive - EPEJUD\DIEGO\OBSIDIAN\Analista de Investimentos\12_PYTHON\pipeline banco completo\outputs\Valuation_CEAB3_C&A Brasil_20260428.xlsx
2026-04-28 09:02:37,765 [INFO] pipeline: 
──────────────────────────────────────────────────────────────────────
2026-04-28 09:02:37,765 [INFO] pipeline: Processando: PETZ3 (Petz)
2026-04-28 09:02:37,765 [INFO] pipeline: ──────────────────────────────────────────────────────────────────────
2026-04-28 09:02:37,765 [INFO] pipeline: ======================================================================
2026-04-28 09:02:37,765 [INFO] pipeline: PIPELINE DE VALUATION [CONSUMO_VAREJO] — PETZ3 — Petz
2026-04-28 09:02:37,765 [INFO] pipeline: Início: 2026-04-28 09:02:37
2026-04-28 09:02:37,765 [INFO] pipeline:   Setor: consumo_varejo | Motor: WACC
2026-04-28 09:02:37,766 [INFO] pipeline: ======================================================================
2026-04-28 09:02:37,766 [INFO] pipeline: 
[1/6] Coletando dados de mercado...
2026-04-28 09:02:37,766 [INFO] pipeline:   Buscando cotação via yfinance...
2026-04-28 09:02:37,766 [INFO] pipeline.mercado: Buscando cotação atual: PETZ3.SA
2026-04-28 09:02:38,726 [ERROR] yfinance: HTTP Error 404: {"quoteSummary":{"result":null,"error":{"code":"Not Found","description":"Quote not found for symbol: PETZ3.SA"}}}
2026-04-28 09:02:39,280 [INFO] pipeline:   Cotação ON: R$ 0.00  |  Cotação PN: R$ 0.00
2026-04-28 09:02:39,913 [ERROR] yfinance: HTTP Error 404: {"quoteSummary":{"result":null,"error":{"code":"Not Found","description":"Quote not found for symbol: PETZ3.SA"}}}
2026-04-28 09:02:39,977 [INFO] pipeline.mercado: Calculando beta: PETZ3 (252 dias úteis)
2026-04-28 09:02:39,977 [INFO] pipeline.mercado: Baixando preços: PETZ3.SA (2019-01-01 → 2026-04-28)
2026-04-28 09:02:41,764 [ERROR] yfinance: HTTP Error 404: {"quoteSummary":{"result":null,"error":{"code":"Not Found","description":"Quote not found for symbol: PETZ3.SA"}}}
2026-04-28 09:02:41,981 [ERROR] yfinance: $PETZ3.SA: possibly delisted; no timezone found
2026-04-28 09:02:41,983 [ERROR] yfinance: 
1 Failed download:
2026-04-28 09:02:41,983 [ERROR] yfinance: ['PETZ3.SA']: possibly delisted; no timezone found
2026-04-28 09:02:41,987 [WARNING] pipeline.mercado: Sem dados de preços para PETZ3.SA
2026-04-28 09:02:41,991 [WARNING] pipeline.mercado: Dados insuficientes para calcular beta
2026-04-28 09:02:41,991 [INFO] pipeline:   Beta estatístico: 0.850 | Beta utilizado: 0.850
2026-04-28 09:02:41,991 [INFO] pipeline: 
[2/6] Coletando dados macroeconômicos (BCB)...
2026-04-28 09:02:42,284 [WARNING] pipeline.macro: Não foi possível obter Focus Selic: 400 Client Error: Bad Request for url: https://olinda.bcb.gov.br/olinda/servico/Expectativas/versao/v1/odata/ExpectativasMercadoAnuais?%24filter=Indicador%20eq%20'Selic'&%24top=100&%24format=json&%24select=Indicador,Data,Ano,Mediana
2026-04-28 09:02:42,568 [WARNING] pipeline.macro: Não foi possível obter Focus IPCA: 400 Client Error: Bad Request for url: https://olinda.bcb.gov.br/olinda/servico/Expectativas/versao/v1/odata/ExpectativasMercadoAnuais?%24filter=Indicador%20eq%20'IPCA'&%24top=100&%24format=json&%24select=Indicador,Data,Ano,Mediana
2026-04-28 09:02:42,570 [INFO] pipeline.macro: 
=== Coletando dados macroeconômicos ===
2026-04-28 09:02:42,570 [INFO] pipeline.macro: Baixando série BCB 432...
2026-04-28 09:02:42,849 [ERROR] pipeline.macro: Erro ao baixar série BCB 432: 406 Client Error: Not Acceptable for url: https://api.bcb.gov.br/dados/serie/bcdata.sgs.432/dados?formato=json&dataInicial=01%2F01%2F2010&dataFinal=28%2F04%2F2026
2026-04-28 09:02:42,850 [WARNING] pipeline.macro: Série Selic meta sem DatetimeIndex — usando fallback histórico
2026-04-28 09:02:42,850 [INFO] pipeline.macro: Baixando série BCB 12...
2026-04-28 09:02:42,950 [ERROR] pipeline.macro: Erro ao baixar série BCB 12: 406 Client Error: Not Acceptable for url: https://api.bcb.gov.br/dados/serie/bcdata.sgs.12/dados?formato=json&dataInicial=01%2F01%2F2010&dataFinal=28%2F04%2F2026
2026-04-28 09:02:42,950 [WARNING] pipeline.macro: Série DI sem DatetimeIndex — usando fallback histórico
2026-04-28 09:02:42,954 [WARNING] pipeline.macro: IPCA calculado fora do intervalo plausível (55.3%) para 2019 — usando fallback
2026-04-28 09:02:42,955 [WARNING] pipeline.macro: IPCA calculado fora do intervalo plausível (46.1%) para 2020 — usando fallback
2026-04-28 09:02:42,955 [WARNING] pipeline.macro: IPCA calculado fora do intervalo plausível (159.3%) para 2021 — usando fallback
2026-04-28 09:02:42,955 [WARNING] pipeline.macro: IPCA calculado fora do intervalo plausível (191.2%) para 2022 — usando fallback
2026-04-28 09:02:42,955 [WARNING] pipeline.macro: IPCA calculado fora do intervalo plausível (71.5%) para 2023 — usando fallback
2026-04-28 09:02:42,956 [WARNING] pipeline.macro: IPCA calculado fora do intervalo plausível (67.0%) para 2024 — usando fallback
2026-04-28 09:02:42,956 [INFO] pipeline.macro: Baixando série BCB 258...
2026-04-28 09:02:43,060 [ERROR] pipeline.macro: Erro ao baixar série BCB 258: 406 Client Error: Not Acceptable for url: https://api.bcb.gov.br/dados/serie/bcdata.sgs.258/dados?formato=json&dataInicial=01%2F01%2F2010&dataFinal=28%2F04%2F2026
2026-04-28 09:02:43,061 [WARNING] pipeline.macro: Série TJLP sem DatetimeIndex — usando fallback histórico
2026-04-28 09:02:43,070 [WARNING] pipeline.macro: IPCA calculado fora do intervalo plausível (55.3%) para 2019 — usando fallback
2026-04-28 09:02:43,070 [WARNING] pipeline.macro: IPCA calculado fora do intervalo plausível (46.1%) para 2020 — usando fallback
2026-04-28 09:02:43,071 [WARNING] pipeline.macro: IPCA calculado fora do intervalo plausível (159.3%) para 2021 — usando fallback
2026-04-28 09:02:43,071 [WARNING] pipeline.macro: IPCA calculado fora do intervalo plausível (191.2%) para 2022 — usando fallback
2026-04-28 09:02:43,071 [WARNING] pipeline.macro: IPCA calculado fora do intervalo plausível (71.5%) para 2023 — usando fallback
2026-04-28 09:02:43,072 [WARNING] pipeline.macro: IPCA calculado fora do intervalo plausível (67.0%) para 2024 — usando fallback
2026-04-28 09:02:43,072 [INFO] pipeline.macro: 
RESUMO MACRO HISTÓRICO:
2026-04-28 09:02:43,072 [INFO] pipeline.macro:   selic_meta     : 2020: 2.00% | 2021: 9.25% | 2022: 13.75% | 2023: 11.75% | 2024: 11.75%
2026-04-28 09:02:43,072 [INFO] pipeline.macro:   selic_efet     : 2020: 2.28% | 2021: 4.48% | 2022: 12.33% | 2023: 13.15% | 2024: 10.73%
2026-04-28 09:02:43,072 [INFO] pipeline.macro:   ipca           : 2020: 4.52% | 2021: 10.06% | 2022: 5.62% | 2023: 4.62% | 2024: 4.83%
2026-04-28 09:02:43,072 [INFO] pipeline.macro:   tjlp           : 2020: 5.25% | 2021: 5.25% | 2022: 6.25% | 2023: 7.00% | 2024: 7.00%
2026-04-28 09:02:43,072 [INFO] pipeline.macro:   cds            : 2020: 0.44% | 2021: 0.73% | 2022: 1.26% | 2023: 0.84% | 2024: 0.81%
2026-04-28 09:02:43,072 [INFO] pipeline.macro:   inflacao_impl  : 2020: 4.52% | 2021: 10.06% | 2022: 5.62% | 2023: 4.62% | 2024: 4.83%
2026-04-28 09:02:43,072 [INFO] pipeline: 
[3/6] Baixando demonstrações financeiras (CVM)...
2026-04-28 09:02:43,073 [INFO] pipeline.cvm: 
==================================================
2026-04-28 09:02:43,073 [INFO] pipeline.cvm: Baixando DFP 2019...
2026-04-28 09:02:43,300 [WARNING] pipeline.cvm:   Empresa 25089 não encontrada em dre 2019
2026-04-28 09:02:43,656 [WARNING] pipeline.cvm:   Empresa 25089 não encontrada em bpa 2019
2026-04-28 09:02:44,299 [WARNING] pipeline.cvm:   Empresa 25089 não encontrada em bpp 2019
2026-04-28 09:02:44,626 [WARNING] pipeline.cvm:   Empresa 25089 não encontrada em dfc_mi 2019
2026-04-28 09:02:44,646 [WARNING] pipeline.cvm:   Empresa 25089 não encontrada em dfc_md 2019
2026-04-28 09:02:44,647 [INFO] pipeline.cvm: 
==================================================
2026-04-28 09:02:44,647 [INFO] pipeline.cvm: Baixando DFP 2020...
2026-04-28 09:02:44,891 [WARNING] pipeline.cvm:   Empresa 25089 não encontrada em dre 2020
2026-04-28 09:02:45,302 [WARNING] pipeline.cvm:   Empresa 25089 não encontrada em bpa 2020
2026-04-28 09:02:46,036 [WARNING] pipeline.cvm:   Empresa 25089 não encontrada em bpp 2020
2026-04-28 09:02:46,420 [WARNING] pipeline.cvm:   Empresa 25089 não encontrada em dfc_mi 2020
2026-04-28 09:02:46,442 [WARNING] pipeline.cvm:   Empresa 25089 não encontrada em dfc_md 2020
2026-04-28 09:02:46,442 [INFO] pipeline.cvm: 
==================================================
2026-04-28 09:02:46,442 [INFO] pipeline.cvm: Baixando DFP 2021...
2026-04-28 09:02:46,719 [INFO] pipeline.cvm:   DFP dre 2021: 64 linhas
2026-04-28 09:02:47,164 [INFO] pipeline.cvm:   DFP bpa 2021: 126 linhas
2026-04-28 09:02:47,949 [INFO] pipeline.cvm:   DFP bpp 2021: 214 linhas
2026-04-28 09:02:48,363 [INFO] pipeline.cvm:   DFP dfc_mi 2021: 94 linhas
2026-04-28 09:02:48,400 [WARNING] pipeline.cvm:   Empresa 25089 não encontrada em dfc_md 2021
2026-04-28 09:02:48,400 [INFO] pipeline.cvm: 
==================================================
2026-04-28 09:02:48,400 [INFO] pipeline.cvm: Baixando DFP 2022...
2026-04-28 09:02:48,652 [INFO] pipeline.cvm:   DFP dre 2022: 64 linhas
2026-04-28 09:02:49,158 [INFO] pipeline.cvm:   DFP bpa 2022: 126 linhas
2026-04-28 09:02:50,087 [INFO] pipeline.cvm:   DFP bpp 2022: 216 linhas
2026-04-28 09:02:50,630 [INFO] pipeline.cvm:   DFP dfc_mi 2022: 94 linhas
2026-04-28 09:02:50,668 [WARNING] pipeline.cvm:   Empresa 25089 não encontrada em dfc_md 2022
2026-04-28 09:02:50,669 [INFO] pipeline.cvm: 
==================================================
2026-04-28 09:02:50,669 [INFO] pipeline.cvm: Baixando DFP 2023...
2026-04-28 09:02:50,932 [INFO] pipeline.cvm:   DFP dre 2023: 64 linhas
2026-04-28 09:02:51,436 [INFO] pipeline.cvm:   DFP bpa 2023: 126 linhas
2026-04-28 09:02:52,294 [INFO] pipeline.cvm:   DFP bpp 2023: 218 linhas
2026-04-28 09:02:52,754 [INFO] pipeline.cvm:   DFP dfc_mi 2023: 98 linhas
2026-04-28 09:02:52,808 [WARNING] pipeline.cvm:   Empresa 25089 não encontrada em dfc_md 2023
2026-04-28 09:02:52,809 [INFO] pipeline.cvm: 
==================================================
2026-04-28 09:02:52,809 [INFO] pipeline.cvm: Baixando DFP 2024...
2026-04-28 09:02:53,090 [INFO] pipeline.cvm:   DFP dre 2024: 64 linhas
2026-04-28 09:02:53,543 [INFO] pipeline.cvm:   DFP bpa 2024: 128 linhas
2026-04-28 09:02:54,349 [INFO] pipeline.cvm:   DFP bpp 2024: 218 linhas
2026-04-28 09:02:54,795 [INFO] pipeline.cvm:   DFP dfc_mi 2024: 100 linhas
2026-04-28 09:02:54,827 [WARNING] pipeline.cvm:   Empresa 25089 não encontrada em dfc_md 2024
2026-04-28 09:02:54,828 [INFO] pipeline.cvm: 
==================================================
2026-04-28 09:02:54,828 [INFO] pipeline.cvm: Baixando DFP 2025...
2026-04-28 09:02:55,057 [INFO] pipeline.cvm:   DFP dre 2025: 64 linhas
2026-04-28 09:02:55,456 [INFO] pipeline.cvm:   DFP bpa 2025: 128 linhas
2026-04-28 09:02:56,219 [INFO] pipeline.cvm:   DFP bpp 2025: 218 linhas
2026-04-28 09:02:56,620 [INFO] pipeline.cvm:   DFP dfc_mi 2025: 100 linhas
2026-04-28 09:02:56,649 [WARNING] pipeline.cvm:   Empresa 25089 não encontrada em dfc_md 2025
2026-04-28 09:02:56,649 [INFO] pipeline:   DFP 2019 indisponível — tentando anualizar via ITR...
2026-04-28 09:02:56,649 [INFO] pipeline.cvm: 
==================================================
2026-04-28 09:02:56,649 [INFO] pipeline.cvm: Tentando anualizar 2019 via ITR (LTM)...
2026-04-28 09:03:01,534 [WARNING] pipeline.cvm:   ITR 2019 não disponível — não é possível anualizar
2026-04-28 09:03:01,535 [WARNING] pipeline:   DFP 2019 e ITR indisponíveis — removido do histórico
2026-04-28 09:03:01,535 [INFO] pipeline:   DFP 2020 indisponível — tentando anualizar via ITR...
2026-04-28 09:03:01,535 [INFO] pipeline.cvm: 
==================================================
2026-04-28 09:03:01,535 [INFO] pipeline.cvm: Tentando anualizar 2020 via ITR (LTM)...
2026-04-28 09:03:06,919 [WARNING] pipeline.cvm:   ITR 2020 não disponível — não é possível anualizar
2026-04-28 09:03:06,919 [WARNING] pipeline:   DFP 2020 e ITR indisponíveis — removido do histórico
2026-04-28 09:03:06,920 [INFO] pipeline:   Anos ajustados → Histórico: 2021-2025 | Projeção: 2026-2035
2026-04-28 09:03:06,920 [INFO] pipeline: 
[4/6] Normalizando dados...
2026-04-28 09:03:08,467 [INFO] pipeline:   DFC normalizada: 11 linhas
2026-04-28 09:03:08,469 [INFO] pipeline:   DRE normalizada:
2026-04-28 09:03:08,470 [INFO] pipeline:     receita_liquida: 2021: 2,098 | 2022: 2,835 | 2023: 3,173 | 2024: 3,323 | 2025: 3,587
2026-04-28 09:03:08,471 [INFO] pipeline:     ebit: 2021: 162 | 2022: 136 | 2023: 128 | 2024: 63 | 2025: 152
2026-04-28 09:03:08,471 [INFO] pipeline:     lucro_liquido: 2021: 75 | 2022: 51 | 2023: 16 | 2024: -43 | 2025: 40
2026-04-28 09:03:08,471 [INFO] pipeline: 
[5/6] Calculando projeções...
2026-04-28 09:03:08,473 [INFO] pipeline.projecoes: 
=== Projeções (não-financeira / FCFF) ===
2026-04-28 09:03:08,474 [INFO] pipeline.projecoes:   Margem EBITDA: 9.3% → 10.0% (conv 6a)
2026-04-28 09:03:08,475 [INFO] pipeline.projecoes:   D&A/Receita: 6.1%
2026-04-28 09:03:08,476 [INFO] pipeline.projecoes:   CAPEX/Receita: 9.6% → 4.0%
2026-04-28 09:03:08,476 [INFO] pipeline.projecoes:   NCG/Receita: 12.6% → 10.0%
2026-04-28 09:03:08,480 [INFO] pipeline.projecoes:   Alíquota efetiva: 35.2%
2026-04-28 09:03:08,480 [INFO] pipeline.projecoes: Projeções concluídas (FCFF). Resumo:
2026-04-28 09:03:08,481 [INFO] pipeline.projecoes:    Ano      Receita     EBITDA    Mg%      NOPAT       FCFF
2026-04-28 09:03:08,481 [INFO] pipeline.projecoes:   2026        3,859        363   9.4%         81        -87
2026-04-28 09:03:08,481 [INFO] pipeline.projecoes:   2027        4,135        393   9.5%         90         27
2026-04-28 09:03:08,481 [INFO] pipeline.projecoes:   2028        4,414        425   9.6%        100         86
2026-04-28 09:03:08,481 [INFO] pipeline.projecoes:   2029        4,694        458   9.8%        110        151
2026-04-28 09:03:08,481 [INFO] pipeline.projecoes:   2030        4,972        491   9.9%        120        223
2026-04-28 09:03:08,481 [INFO] pipeline: 
[6/6] Calculando valuation (FCFF / WACC)...
2026-04-28 09:03:08,482 [INFO] pipeline.valuation: 
==================================================
2026-04-28 09:03:08,482 [INFO] pipeline.valuation: VALUATION FCFF/WACC — PETZ3
2026-04-28 09:03:08,482 [INFO] pipeline.valuation:   VP FCFF (10a):     R$          794 MM
2026-04-28 09:03:08,482 [INFO] pipeline.valuation:   Valor Perp. (VP):  R$        1,625 MM
2026-04-28 09:03:08,482 [INFO] pipeline.valuation:   ENTERPRISE VALUE:  R$        2,418 MM
2026-04-28 09:03:08,482 [INFO] pipeline.valuation:   (-) Dívida Líq.:   R$         -157 MM
2026-04-28 09:03:08,482 [INFO] pipeline.valuation:   VALOR DO EQUITY:   R$        2,576 MM
2026-04-28 09:03:08,482 [INFO] pipeline.valuation:   Preço Justo ON:    R$     0.00
2026-04-28 09:03:08,482 [INFO] pipeline.valuation:   Preço Justo PN:    R$     0.00
2026-04-28 09:03:08,482 [INFO] pipeline.valuation:   Cotação ON:        R$     0.00
2026-04-28 09:03:08,483 [INFO] pipeline.valuation:   Upside ON:                0.0%
2026-04-28 09:03:08,483 [INFO] pipeline.valuation:   TIR (ON):                 0.0%
2026-04-28 09:03:08,483 [INFO] pipeline.valuation:   WACC último ano:         12.0%
2026-04-28 09:03:08,483 [WARNING] pipeline: 
[!] AVISOS DE VALIDACAO:
2026-04-28 09:03:08,483 [WARNING] pipeline:   - Preço Justo ON inválido (≤ 0)
2026-04-28 09:03:08,485 [INFO] pipeline:   Template encontrado (empresa): Valuation Petz (DCF) - VAROS 2T24.xlsx
2026-04-28 09:03:08,486 [INFO] pipeline.excel_geral: 
============================================================
2026-04-28 09:03:08,487 [INFO] pipeline.excel_geral: Escrevendo com template VAROS: Valuation Petz (DCF) - VAROS 2T24.xlsx
2026-04-28 09:04:03,695 [INFO] pipeline.excel_geral: 
Arquivo salvo: C:\Users\55819\OneDrive - EPEJUD\DIEGO\OBSIDIAN\Analista de Investimentos\12_PYTHON\pipeline banco completo\outputs\Valuation_PETZ3_Petz_20260428.xlsx
2026-04-28 09:04:03,695 [INFO] pipeline: 
======================================================================
2026-04-28 09:04:03,695 [INFO] pipeline: RESUMO DO VALUATION (FCFF/WACC)
2026-04-28 09:04:03,695 [INFO] pipeline: ======================================================================
2026-04-28 09:04:03,696 [INFO] pipeline:   Empresa:           Petz (PETZ3)
2026-04-28 09:04:03,696 [INFO] pipeline:   Enterprise Value:  R$        2,418 MM
2026-04-28 09:04:03,696 [INFO] pipeline:   Cotação ON:        R$ 0.00
2026-04-28 09:04:03,696 [INFO] pipeline:   Preço Justo ON:    R$ 0.00
2026-04-28 09:04:03,696 [INFO] pipeline:   Upside ON:            0.0%
2026-04-28 09:04:03,696 [INFO] pipeline:   TIR:                  0.0%
2026-04-28 09:04:03,696 [INFO] pipeline:   Preço Teto ON:     R$ 0.00
2026-04-28 09:04:03,696 [INFO] pipeline: 
  [!] 1 aviso(s) de validacao — verifique os logs
2026-04-28 09:04:03,696 [INFO] pipeline: 
  Arquivo gerado:    C:\Users\55819\OneDrive - EPEJUD\DIEGO\OBSIDIAN\Analista de Investimentos\12_PYTHON\pipeline banco completo\outputs\Valuation_PETZ3_Petz_20260428.xlsx
2026-04-28 09:04:03,696 [INFO] pipeline: ======================================================================
2026-04-28 09:04:03,698 [INFO] pipeline: ✓ PETZ3: arquivo gerado → C:\Users\55819\OneDrive - EPEJUD\DIEGO\OBSIDIAN\Analista de Investimentos\12_PYTHON\pipeline banco completo\outputs\Valuation_PETZ3_Petz_20260428.xlsx
2026-04-28 09:04:03,699 [INFO] pipeline: 
──────────────────────────────────────────────────────────────────────
2026-04-28 09:04:03,699 [INFO] pipeline: Processando: AZZA3 (Azzas 2154)
2026-04-28 09:04:03,699 [INFO] pipeline: ──────────────────────────────────────────────────────────────────────
2026-04-28 09:04:03,700 [INFO] pipeline: ======================================================================
2026-04-28 09:04:03,700 [INFO] pipeline: PIPELINE DE VALUATION [CONSUMO_VAREJO] — AZZA3 — Azzas 2154
2026-04-28 09:04:03,700 [INFO] pipeline: Início: 2026-04-28 09:04:03
2026-04-28 09:04:03,700 [INFO] pipeline:   Setor: consumo_varejo | Motor: WACC
2026-04-28 09:04:03,700 [INFO] pipeline: ======================================================================
2026-04-28 09:04:03,701 [INFO] pipeline: 
[1/6] Coletando dados de mercado...
2026-04-28 09:04:03,701 [INFO] pipeline:   Buscando cotação via yfinance...
2026-04-28 09:04:03,702 [INFO] pipeline.mercado: Buscando cotação atual: AZZA3.SA
2026-04-28 09:04:04,658 [INFO] pipeline:   Cotação ON: R$ 21.90  |  Cotação PN: R$ 0.00
2026-04-28 09:04:04,788 [INFO] pipeline.mercado: Calculando beta: AZZA3 (252 dias úteis)
2026-04-28 09:04:04,789 [INFO] pipeline.mercado: Baixando preços: AZZA3.SA (2019-01-01 → 2026-04-28)
2026-04-28 09:04:05,359 [INFO] pipeline.mercado:   1820 dias de preços carregados
2026-04-28 09:04:05,368 [INFO] pipeline.mercado:   Beta estatístico: 1.6169 | R²: 0.290 | n=251
2026-04-28 09:04:05,370 [INFO] pipeline:   Beta estatístico: 1.617 | Beta utilizado: 0.850
2026-04-28 09:04:05,370 [INFO] pipeline: 
[2/6] Coletando dados macroeconômicos (BCB)...
2026-04-28 09:04:05,703 [WARNING] pipeline.macro: Não foi possível obter Focus Selic: 400 Client Error: Bad Request for url: https://olinda.bcb.gov.br/olinda/servico/Expectativas/versao/v1/odata/ExpectativasMercadoAnuais?%24filter=Indicador%20eq%20'Selic'&%24top=100&%24format=json&%24select=Indicador,Data,Ano,Mediana
2026-04-28 09:04:05,973 [WARNING] pipeline.macro: Não foi possível obter Focus IPCA: 400 Client Error: Bad Request for url: https://olinda.bcb.gov.br/olinda/servico/Expectativas/versao/v1/odata/ExpectativasMercadoAnuais?%24filter=Indicador%20eq%20'IPCA'&%24top=100&%24format=json&%24select=Indicador,Data,Ano,Mediana
2026-04-28 09:04:05,975 [INFO] pipeline.macro: 
=== Coletando dados macroeconômicos ===
2026-04-28 09:04:05,975 [INFO] pipeline.macro: Baixando série BCB 432...
2026-04-28 09:04:06,252 [ERROR] pipeline.macro: Erro ao baixar série BCB 432: 406 Client Error: Not Acceptable for url: https://api.bcb.gov.br/dados/serie/bcdata.sgs.432/dados?formato=json&dataInicial=01%2F01%2F2010&dataFinal=28%2F04%2F2026
2026-04-28 09:04:06,252 [WARNING] pipeline.macro: Série Selic meta sem DatetimeIndex — usando fallback histórico
2026-04-28 09:04:06,253 [INFO] pipeline.macro: Baixando série BCB 12...
2026-04-28 09:04:06,353 [ERROR] pipeline.macro: Erro ao baixar série BCB 12: 406 Client Error: Not Acceptable for url: https://api.bcb.gov.br/dados/serie/bcdata.sgs.12/dados?formato=json&dataInicial=01%2F01%2F2010&dataFinal=28%2F04%2F2026
2026-04-28 09:04:06,353 [WARNING] pipeline.macro: Série DI sem DatetimeIndex — usando fallback histórico
2026-04-28 09:04:06,357 [WARNING] pipeline.macro: IPCA calculado fora do intervalo plausível (55.3%) para 2019 — usando fallback
2026-04-28 09:04:06,358 [WARNING] pipeline.macro: IPCA calculado fora do intervalo plausível (46.1%) para 2020 — usando fallback
2026-04-28 09:04:06,358 [WARNING] pipeline.macro: IPCA calculado fora do intervalo plausível (159.3%) para 2021 — usando fallback
2026-04-28 09:04:06,358 [WARNING] pipeline.macro: IPCA calculado fora do intervalo plausível (191.2%) para 2022 — usando fallback
2026-04-28 09:04:06,359 [WARNING] pipeline.macro: IPCA calculado fora do intervalo plausível (71.5%) para 2023 — usando fallback
2026-04-28 09:04:06,360 [WARNING] pipeline.macro: IPCA calculado fora do intervalo plausível (67.0%) para 2024 — usando fallback
2026-04-28 09:04:06,361 [INFO] pipeline.macro: Baixando série BCB 258...
2026-04-28 09:04:06,480 [ERROR] pipeline.macro: Erro ao baixar série BCB 258: 406 Client Error: Not Acceptable for url: https://api.bcb.gov.br/dados/serie/bcdata.sgs.258/dados?formato=json&dataInicial=01%2F01%2F2010&dataFinal=28%2F04%2F2026
2026-04-28 09:04:06,481 [WARNING] pipeline.macro: Série TJLP sem DatetimeIndex — usando fallback histórico
2026-04-28 09:04:06,490 [WARNING] pipeline.macro: IPCA calculado fora do intervalo plausível (55.3%) para 2019 — usando fallback
2026-04-28 09:04:06,491 [WARNING] pipeline.macro: IPCA calculado fora do intervalo plausível (46.1%) para 2020 — usando fallback
2026-04-28 09:04:06,492 [WARNING] pipeline.macro: IPCA calculado fora do intervalo plausível (159.3%) para 2021 — usando fallback
2026-04-28 09:04:06,492 [WARNING] pipeline.macro: IPCA calculado fora do intervalo plausível (191.2%) para 2022 — usando fallback
2026-04-28 09:04:06,493 [WARNING] pipeline.macro: IPCA calculado fora do intervalo plausível (71.5%) para 2023 — usando fallback
2026-04-28 09:04:06,494 [WARNING] pipeline.macro: IPCA calculado fora do intervalo plausível (67.0%) para 2024 — usando fallback
2026-04-28 09:04:06,494 [INFO] pipeline.macro: 
RESUMO MACRO HISTÓRICO:
2026-04-28 09:04:06,494 [INFO] pipeline.macro:   selic_meta     : 2020: 2.00% | 2021: 9.25% | 2022: 13.75% | 2023: 11.75% | 2024: 11.75%
2026-04-28 09:04:06,494 [INFO] pipeline.macro:   selic_efet     : 2020: 2.28% | 2021: 4.48% | 2022: 12.33% | 2023: 13.15% | 2024: 10.73%
2026-04-28 09:04:06,494 [INFO] pipeline.macro:   ipca           : 2020: 4.52% | 2021: 10.06% | 2022: 5.62% | 2023: 4.62% | 2024: 4.83%
2026-04-28 09:04:06,495 [INFO] pipeline.macro:   tjlp           : 2020: 5.25% | 2021: 5.25% | 2022: 6.25% | 2023: 7.00% | 2024: 7.00%
2026-04-28 09:04:06,495 [INFO] pipeline.macro:   cds            : 2020: 0.44% | 2021: 0.73% | 2022: 1.26% | 2023: 0.84% | 2024: 0.81%
2026-04-28 09:04:06,495 [INFO] pipeline.macro:   inflacao_impl  : 2020: 4.52% | 2021: 10.06% | 2022: 5.62% | 2023: 4.62% | 2024: 4.83%
2026-04-28 09:04:06,495 [INFO] pipeline: 
[3/6] Baixando demonstrações financeiras (CVM)...
2026-04-28 09:04:06,496 [INFO] pipeline.cvm: 
==================================================
2026-04-28 09:04:06,496 [INFO] pipeline.cvm: Baixando DFP 2019...
2026-04-28 09:04:06,745 [INFO] pipeline.cvm:   DFP dre 2019: 68 linhas
2026-04-28 09:04:07,202 [INFO] pipeline.cvm:   DFP bpa 2019: 126 linhas
2026-04-28 09:04:07,903 [INFO] pipeline.cvm:   DFP bpp 2019: 214 linhas
2026-04-28 09:04:08,253 [INFO] pipeline.cvm:   DFP dfc_mi 2019: 88 linhas
2026-04-28 09:04:08,293 [WARNING] pipeline.cvm:   Empresa 22349 não encontrada em dfc_md 2019
2026-04-28 09:04:08,293 [INFO] pipeline.cvm: 
==================================================
2026-04-28 09:04:08,293 [INFO] pipeline.cvm: Baixando DFP 2020...
2026-04-28 09:04:08,552 [INFO] pipeline.cvm:   DFP dre 2020: 68 linhas
2026-04-28 09:04:08,999 [INFO] pipeline.cvm:   DFP bpa 2020: 132 linhas
2026-04-28 09:04:09,773 [INFO] pipeline.cvm:   DFP bpp 2020: 216 linhas
2026-04-28 09:04:10,296 [INFO] pipeline.cvm:   DFP dfc_mi 2020: 96 linhas
2026-04-28 09:04:10,332 [WARNING] pipeline.cvm:   Empresa 22349 não encontrada em dfc_md 2020
2026-04-28 09:04:10,333 [INFO] pipeline.cvm: 
==================================================
2026-04-28 09:04:10,333 [INFO] pipeline.cvm: Baixando DFP 2021...
2026-04-28 09:04:10,637 [INFO] pipeline.cvm:   DFP dre 2021: 68 linhas
2026-04-28 09:04:11,214 [INFO] pipeline.cvm:   DFP bpa 2021: 140 linhas
2026-04-28 09:04:12,091 [INFO] pipeline.cvm:   DFP bpp 2021: 224 linhas
2026-04-28 09:04:12,487 [INFO] pipeline.cvm:   DFP dfc_mi 2021: 96 linhas
2026-04-28 09:04:12,524 [WARNING] pipeline.cvm:   Empresa 22349 não encontrada em dfc_md 2021
2026-04-28 09:04:12,524 [INFO] pipeline.cvm: 
==================================================
2026-04-28 09:04:12,524 [INFO] pipeline.cvm: Baixando DFP 2022...
2026-04-28 09:04:12,781 [INFO] pipeline.cvm:   DFP dre 2022: 68 linhas
2026-04-28 09:04:13,441 [INFO] pipeline.cvm:   DFP bpa 2022: 146 linhas
2026-04-28 09:04:14,719 [INFO] pipeline.cvm:   DFP bpp 2022: 226 linhas
2026-04-28 09:04:15,150 [INFO] pipeline.cvm:   DFP dfc_mi 2022: 104 linhas
2026-04-28 09:04:15,190 [WARNING] pipeline.cvm:   Empresa 22349 não encontrada em dfc_md 2022
2026-04-28 09:04:15,191 [INFO] pipeline.cvm: 
==================================================
2026-04-28 09:04:15,191 [INFO] pipeline.cvm: Baixando DFP 2023...
2026-04-28 09:04:15,479 [INFO] pipeline.cvm:   DFP dre 2023: 68 linhas
2026-04-28 09:04:16,137 [INFO] pipeline.cvm:   DFP bpa 2023: 146 linhas
2026-04-28 09:04:17,650 [INFO] pipeline.cvm:   DFP bpp 2023: 234 linhas
2026-04-28 09:04:18,204 [INFO] pipeline.cvm:   DFP dfc_mi 2023: 106 linhas
2026-04-28 09:04:18,250 [WARNING] pipeline.cvm:   Empresa 22349 não encontrada em dfc_md 2023
2026-04-28 09:04:18,251 [INFO] pipeline.cvm: 
==================================================
2026-04-28 09:04:18,251 [INFO] pipeline.cvm: Baixando DFP 2024...
2026-04-28 09:04:18,595 [INFO] pipeline.cvm:   DFP dre 2024: 68 linhas
2026-04-28 09:04:19,337 [INFO] pipeline.cvm:   DFP bpa 2024: 146 linhas
2026-04-28 09:04:20,788 [INFO] pipeline.cvm:   DFP bpp 2024: 236 linhas
2026-04-28 09:04:21,245 [INFO] pipeline.cvm:   DFP dfc_mi 2024: 112 linhas
2026-04-28 09:04:21,281 [WARNING] pipeline.cvm:   Empresa 22349 não encontrada em dfc_md 2024
2026-04-28 09:04:21,282 [INFO] pipeline.cvm: 
==================================================
2026-04-28 09:04:21,282 [INFO] pipeline.cvm: Baixando DFP 2025...
2026-04-28 09:04:21,512 [INFO] pipeline.cvm:   DFP dre 2025: 68 linhas
2026-04-28 09:04:21,975 [INFO] pipeline.cvm:   DFP bpa 2025: 146 linhas
2026-04-28 09:04:22,778 [INFO] pipeline.cvm:   DFP bpp 2025: 238 linhas
2026-04-28 09:04:23,179 [INFO] pipeline.cvm:   DFP dfc_mi 2025: 120 linhas
2026-04-28 09:04:23,214 [WARNING] pipeline.cvm:   Empresa 22349 não encontrada em dfc_md 2025
2026-04-28 09:04:23,215 [INFO] pipeline:   Anos ajustados → Histórico: 2019-2025 | Projeção: 2026-2035
2026-04-28 09:04:23,215 [INFO] pipeline: 
[4/6] Normalizando dados...
2026-04-28 09:04:25,292 [INFO] pipeline:   DFC normalizada: 11 linhas
2026-04-28 09:04:25,295 [INFO] pipeline:   DRE normalizada:
2026-04-28 09:04:25,295 [INFO] pipeline:     receita_liquida: 2019: 1,679 | 2020: 1,591 | 2021: 2,924 | 2022: 4,234 | 2023: 4,847 | 2024: 8,380 | 2025: 11,819
2026-04-28 09:04:25,295 [INFO] pipeline:     ebit: 2019: 223 | 2020: 92 | 2021: 469 | 2022: 550 | 2023: 559 | 2024: 384 | 2025: 1,138
2026-04-28 09:04:25,297 [INFO] pipeline:     lucro_liquido: 2019: 162 | 2020: 49 | 2021: 345 | 2022: 425 | 2023: 399 | 2024: 342 | 2025: 911
2026-04-28 09:04:25,297 [INFO] pipeline: 
[5/6] Calculando projeções...
2026-04-28 09:04:25,298 [INFO] pipeline.projecoes: 
=== Projeções (não-financeira / FCFF) ===
2026-04-28 09:04:25,298 [INFO] pipeline.projecoes:   Margem EBITDA: 14.0% → 18.0% (conv 6a)
2026-04-28 09:04:25,299 [INFO] pipeline.projecoes:   D&A/Receita: 3.8%
2026-04-28 09:04:25,300 [INFO] pipeline.projecoes:   CAPEX/Receita: 14.5% → 4.0%
2026-04-28 09:04:25,300 [INFO] pipeline.projecoes:   NCG/Receita: 27.4% → 10.0%
2026-04-28 09:04:25,302 [INFO] pipeline.projecoes:   Alíquota efetiva: 15.0%
2026-04-28 09:04:25,304 [INFO] pipeline.projecoes: Projeções concluídas (FCFF). Resumo:
2026-04-28 09:04:25,304 [INFO] pipeline.projecoes:    Ano      Receita     EBITDA    Mg%      NOPAT       FCFF
2026-04-28 09:04:25,304 [INFO] pipeline.projecoes:   2026       12,716      1,865  14.7%      1,205        231
2026-04-28 09:04:25,304 [INFO] pipeline.projecoes:   2027       13,627      2,089  15.3%      1,371        737
2026-04-28 09:04:25,304 [INFO] pipeline.projecoes:   2028       14,547      2,327  16.0%      1,548      1,222
2026-04-28 09:04:25,304 [INFO] pipeline.projecoes:   2029       15,468      2,578  16.7%      1,736      1,759
2026-04-28 09:04:25,304 [INFO] pipeline.projecoes:   2030       16,383      2,840  17.3%      1,934      2,345
2026-04-28 09:04:25,304 [INFO] pipeline.valuation:   Estrutura de capital: E=67% | D=33%
2026-04-28 09:04:25,304 [INFO] pipeline: 
[6/6] Calculando valuation (FCFF / WACC)...
2026-04-28 09:04:25,304 [INFO] pipeline.valuation: 
==================================================
2026-04-28 09:04:25,305 [INFO] pipeline.valuation: VALUATION FCFF/WACC — AZZA3
2026-04-28 09:04:25,305 [INFO] pipeline.valuation:   VP FCFF (10a):     R$        8,840 MM
2026-04-28 09:04:25,305 [INFO] pipeline.valuation:   Valor Perp. (VP):  R$       13,749 MM
2026-04-28 09:04:25,305 [INFO] pipeline.valuation:   ENTERPRISE VALUE:  R$       22,590 MM
2026-04-28 09:04:25,305 [INFO] pipeline.valuation:   (-) Dívida Líq.:   R$        2,145 MM
2026-04-28 09:04:25,305 [INFO] pipeline.valuation:   VALOR DO EQUITY:   R$       20,444 MM
2026-04-28 09:04:25,305 [INFO] pipeline.valuation:   Preço Justo ON:    R$   101.22
2026-04-28 09:04:25,305 [INFO] pipeline.valuation:   Preço Justo PN:    R$   101.22
2026-04-28 09:04:25,305 [INFO] pipeline.valuation:   Cotação ON:        R$    21.90
2026-04-28 09:04:25,305 [INFO] pipeline.valuation:   Upside ON:              362.2%
2026-04-28 09:04:25,305 [INFO] pipeline.valuation:   TIR (ON):                30.9%
2026-04-28 09:04:25,305 [INFO] pipeline.valuation:   WACC último ano:         12.0%
2026-04-28 09:04:25,307 [INFO] pipeline:   Sem template VAROS para AZZA3 — Excel será criado do zero
2026-04-28 09:04:25,307 [INFO] pipeline.excel_geral: 
============================================================
2026-04-28 09:04:25,307 [INFO] pipeline.excel_geral: Criando Excel completo (12 abas) para: Azzas 2154 (AZZA3)
2026-04-28 09:04:25,308 [INFO] pipeline.excel_geral:   → 1/12  Dashboard
2026-04-28 09:04:25,319 [INFO] pipeline.excel_geral:   → 2/12  WACC
2026-04-28 09:04:25,355 [INFO] pipeline.excel_geral:   → 3/12  TIR ON
2026-04-28 09:04:25,368 [INFO] pipeline.excel_geral:   → 4/12  TIR PN
2026-04-28 09:04:25,378 [INFO] pipeline.excel_geral:   → 5/12  Valor do Equity
2026-04-28 09:04:25,384 [INFO] pipeline.excel_geral:   → 6/12  Preço Teto
2026-04-28 09:04:25,391 [INFO] pipeline.excel_geral:   → 7/12  DRE + DCF
2026-04-28 09:04:25,514 [INFO] pipeline.excel_geral:   → 8/12  DRE Contas Abertas
2026-04-28 09:04:25,581 [INFO] pipeline.excel_geral:   → 9/12  Balanço Patrimonial
2026-04-28 09:04:25,629 [INFO] pipeline.excel_geral:   → 10/12 Painel de Índices
2026-04-28 09:04:25,699 [INFO] pipeline.excel_geral:   → 11/12 Projeções Premissas
2026-04-28 09:04:25,726 [INFO] pipeline.excel_geral:   → 12/12 Projeções Capex e CG
2026-04-28 09:04:25,836 [INFO] pipeline.excel_geral: 
Arquivo salvo: C:\Users\55819\OneDrive - EPEJUD\DIEGO\OBSIDIAN\Analista de Investimentos\12_PYTHON\pipeline banco completo\outputs\Valuation_AZZA3_Azzas 2154_20260428.xlsx
2026-04-28 09:04:25,836 [INFO] pipeline: 
======================================================================
2026-04-28 09:04:25,836 [INFO] pipeline: RESUMO DO VALUATION (FCFF/WACC)
2026-04-28 09:04:25,836 [INFO] pipeline: ======================================================================
2026-04-28 09:04:25,836 [INFO] pipeline:   Empresa:           Azzas 2154 (AZZA3)
2026-04-28 09:04:25,836 [INFO] pipeline:   Enterprise Value:  R$       22,590 MM
2026-04-28 09:04:25,837 [INFO] pipeline:   Cotação ON:        R$ 21.90
2026-04-28 09:04:25,837 [INFO] pipeline:   Preço Justo ON:    R$ 101.22
2026-04-28 09:04:25,837 [INFO] pipeline:   Upside ON:            362.2%
2026-04-28 09:04:25,837 [INFO] pipeline:   TIR:                  30.9%
2026-04-28 09:04:25,837 [INFO] pipeline:   Preço Teto ON:     R$ 101.22
2026-04-28 09:04:25,837 [INFO] pipeline: 
  Arquivo gerado:    C:\Users\55819\OneDrive - EPEJUD\DIEGO\OBSIDIAN\Analista de Investimentos\12_PYTHON\pipeline banco completo\outputs\Valuation_AZZA3_Azzas 2154_20260428.xlsx
2026-04-28 09:04:25,837 [INFO] pipeline: ======================================================================
2026-04-28 09:04:25,843 [INFO] pipeline: ✓ AZZA3: arquivo gerado → C:\Users\55819\OneDrive - EPEJUD\DIEGO\OBSIDIAN\Analista de Investimentos\12_PYTHON\pipeline banco completo\outputs\Valuation_AZZA3_Azzas 2154_20260428.xlsx
2026-04-28 09:04:25,843 [INFO] pipeline: 
──────────────────────────────────────────────────────────────────────
2026-04-28 09:04:25,843 [INFO] pipeline: Processando: AMAR3 (Marisa Lojas)
2026-04-28 09:04:25,843 [INFO] pipeline: ──────────────────────────────────────────────────────────────────────
2026-04-28 09:04:25,843 [INFO] pipeline: ======================================================================
2026-04-28 09:04:25,844 [INFO] pipeline: PIPELINE DE VALUATION [CONSUMO_VAREJO] — AMAR3 — Marisa Lojas
2026-04-28 09:04:25,844 [INFO] pipeline: Início: 2026-04-28 09:04:25
2026-04-28 09:04:25,844 [INFO] pipeline:   Setor: consumo_varejo | Motor: WACC
2026-04-28 09:04:25,844 [INFO] pipeline: ======================================================================
2026-04-28 09:04:25,844 [INFO] pipeline: 
[1/6] Coletando dados de mercado...
2026-04-28 09:04:25,844 [INFO] pipeline:   Buscando cotação via yfinance...
2026-04-28 09:04:25,845 [INFO] pipeline.mercado: Buscando cotação atual: AMAR3.SA
2026-04-28 09:04:27,180 [INFO] pipeline:   Cotação ON: R$ 0.87  |  Cotação PN: R$ 0.00
2026-04-28 09:04:27,308 [INFO] pipeline.mercado: Calculando beta: AMAR3 (252 dias úteis)
2026-04-28 09:04:27,308 [INFO] pipeline.mercado: Baixando preços: AMAR3.SA (2019-01-01 → 2026-04-28)
2026-04-28 09:04:27,959 [INFO] pipeline.mercado:   1820 dias de preços carregados
2026-04-28 09:04:27,966 [INFO] pipeline.mercado:   Beta estatístico: 0.1504 | R²: 0.004 | n=251
2026-04-28 09:04:27,968 [INFO] pipeline:   Beta estatístico: 0.150 | Beta utilizado: 0.850
2026-04-28 09:04:27,969 [INFO] pipeline: 
[2/6] Coletando dados macroeconômicos (BCB)...
2026-04-28 09:04:28,265 [WARNING] pipeline.macro: Não foi possível obter Focus Selic: 400 Client Error: Bad Request for url: https://olinda.bcb.gov.br/olinda/servico/Expectativas/versao/v1/odata/ExpectativasMercadoAnuais?%24filter=Indicador%20eq%20'Selic'&%24top=100&%24format=json&%24select=Indicador,Data,Ano,Mediana
2026-04-28 09:04:28,538 [WARNING] pipeline.macro: Não foi possível obter Focus IPCA: 400 Client Error: Bad Request for url: https://olinda.bcb.gov.br/olinda/servico/Expectativas/versao/v1/odata/ExpectativasMercadoAnuais?%24filter=Indicador%20eq%20'IPCA'&%24top=100&%24format=json&%24select=Indicador,Data,Ano,Mediana
2026-04-28 09:04:28,540 [INFO] pipeline.macro: 
=== Coletando dados macroeconômicos ===
2026-04-28 09:04:28,540 [INFO] pipeline.macro: Baixando série BCB 432...
2026-04-28 09:04:47,738 [ERROR] pipeline.macro: Erro ao baixar série BCB 432: 406 Client Error: Not Acceptable for url: https://api.bcb.gov.br/dados/serie/bcdata.sgs.432/dados?formato=json&dataInicial=01%2F01%2F2010&dataFinal=28%2F04%2F2026
2026-04-28 09:04:47,738 [WARNING] pipeline.macro: Série Selic meta sem DatetimeIndex — usando fallback histórico
2026-04-28 09:04:47,738 [INFO] pipeline.macro: Baixando série BCB 12...
2026-04-28 09:04:47,840 [ERROR] pipeline.macro: Erro ao baixar série BCB 12: 406 Client Error: Not Acceptable for url: https://api.bcb.gov.br/dados/serie/bcdata.sgs.12/dados?formato=json&dataInicial=01%2F01%2F2010&dataFinal=28%2F04%2F2026
2026-04-28 09:04:47,840 [WARNING] pipeline.macro: Série DI sem DatetimeIndex — usando fallback histórico
2026-04-28 09:04:47,844 [WARNING] pipeline.macro: IPCA calculado fora do intervalo plausível (55.3%) para 2019 — usando fallback
2026-04-28 09:04:47,845 [WARNING] pipeline.macro: IPCA calculado fora do intervalo plausível (46.1%) para 2020 — usando fallback
2026-04-28 09:04:47,846 [WARNING] pipeline.macro: IPCA calculado fora do intervalo plausível (159.3%) para 2021 — usando fallback
2026-04-28 09:04:47,846 [WARNING] pipeline.macro: IPCA calculado fora do intervalo plausível (191.2%) para 2022 — usando fallback
2026-04-28 09:04:47,847 [WARNING] pipeline.macro: IPCA calculado fora do intervalo plausível (71.5%) para 2023 — usando fallback
2026-04-28 09:04:47,848 [WARNING] pipeline.macro: IPCA calculado fora do intervalo plausível (67.0%) para 2024 — usando fallback
2026-04-28 09:04:47,848 [INFO] pipeline.macro: Baixando série BCB 258...
2026-04-28 09:04:47,951 [ERROR] pipeline.macro: Erro ao baixar série BCB 258: 406 Client Error: Not Acceptable for url: https://api.bcb.gov.br/dados/serie/bcdata.sgs.258/dados?formato=json&dataInicial=01%2F01%2F2010&dataFinal=28%2F04%2F2026
2026-04-28 09:04:47,951 [WARNING] pipeline.macro: Série TJLP sem DatetimeIndex — usando fallback histórico
2026-04-28 09:04:47,961 [WARNING] pipeline.macro: IPCA calculado fora do intervalo plausível (55.3%) para 2019 — usando fallback
2026-04-28 09:04:47,962 [WARNING] pipeline.macro: IPCA calculado fora do intervalo plausível (46.1%) para 2020 — usando fallback
2026-04-28 09:04:47,962 [WARNING] pipeline.macro: IPCA calculado fora do intervalo plausível (159.3%) para 2021 — usando fallback
2026-04-28 09:04:47,963 [WARNING] pipeline.macro: IPCA calculado fora do intervalo plausível (191.2%) para 2022 — usando fallback
2026-04-28 09:04:47,964 [WARNING] pipeline.macro: IPCA calculado fora do intervalo plausível (71.5%) para 2023 — usando fallback
2026-04-28 09:04:47,965 [WARNING] pipeline.macro: IPCA calculado fora do intervalo plausível (67.0%) para 2024 — usando fallback
2026-04-28 09:04:47,965 [INFO] pipeline.macro: 
RESUMO MACRO HISTÓRICO:
2026-04-28 09:04:47,965 [INFO] pipeline.macro:   selic_meta     : 2020: 2.00% | 2021: 9.25% | 2022: 13.75% | 2023: 11.75% | 2024: 11.75%
2026-04-28 09:04:47,965 [INFO] pipeline.macro:   selic_efet     : 2020: 2.28% | 2021: 4.48% | 2022: 12.33% | 2023: 13.15% | 2024: 10.73%
2026-04-28 09:04:47,965 [INFO] pipeline.macro:   ipca           : 2020: 4.52% | 2021: 10.06% | 2022: 5.62% | 2023: 4.62% | 2024: 4.83%
2026-04-28 09:04:47,965 [INFO] pipeline.macro:   tjlp           : 2020: 5.25% | 2021: 5.25% | 2022: 6.25% | 2023: 7.00% | 2024: 7.00%
2026-04-28 09:04:47,965 [INFO] pipeline.macro:   cds            : 2020: 0.44% | 2021: 0.73% | 2022: 1.26% | 2023: 0.84% | 2024: 0.81%
2026-04-28 09:04:47,966 [INFO] pipeline.macro:   inflacao_impl  : 2020: 4.52% | 2021: 10.06% | 2022: 5.62% | 2023: 4.62% | 2024: 4.83%
2026-04-28 09:04:47,966 [INFO] pipeline: 
[3/6] Baixando demonstrações financeiras (CVM)...
2026-04-28 09:04:47,966 [INFO] pipeline.cvm: 
==================================================
2026-04-28 09:04:47,966 [INFO] pipeline.cvm: Baixando DFP 2019...
2026-04-28 09:04:48,216 [INFO] pipeline.cvm:   DFP dre 2019: 64 linhas
2026-04-28 09:04:48,625 [INFO] pipeline.cvm:   DFP bpa 2019: 130 linhas
2026-04-28 09:04:49,347 [INFO] pipeline.cvm:   DFP bpp 2019: 230 linhas
2026-04-28 09:04:49,695 [INFO] pipeline.cvm:   DFP dfc_mi 2019: 116 linhas
2026-04-28 09:04:49,722 [WARNING] pipeline.cvm:   Empresa 22055 não encontrada em dfc_md 2019
2026-04-28 09:04:49,723 [INFO] pipeline.cvm: 
==================================================
2026-04-28 09:04:49,723 [INFO] pipeline.cvm: Baixando DFP 2020...
2026-04-28 09:04:49,993 [INFO] pipeline.cvm:   DFP dre 2020: 62 linhas
2026-04-28 09:04:50,473 [INFO] pipeline.cvm:   DFP bpa 2020: 130 linhas
2026-04-28 09:04:51,292 [INFO] pipeline.cvm:   DFP bpp 2020: 222 linhas
2026-04-28 09:04:51,669 [INFO] pipeline.cvm:   DFP dfc_mi 2020: 118 linhas
2026-04-28 09:04:51,699 [WARNING] pipeline.cvm:   Empresa 22055 não encontrada em dfc_md 2020
2026-04-28 09:04:51,700 [INFO] pipeline.cvm: 
==================================================
2026-04-28 09:04:51,701 [INFO] pipeline.cvm: Baixando DFP 2021...
2026-04-28 09:04:51,999 [INFO] pipeline.cvm:   DFP dre 2021: 60 linhas
2026-04-28 09:04:52,475 [INFO] pipeline.cvm:   DFP bpa 2021: 130 linhas
2026-04-28 09:04:53,271 [INFO] pipeline.cvm:   DFP bpp 2021: 224 linhas
2026-04-28 09:04:53,677 [INFO] pipeline.cvm:   DFP dfc_mi 2021: 106 linhas
2026-04-28 09:04:53,717 [WARNING] pipeline.cvm:   Empresa 22055 não encontrada em dfc_md 2021
2026-04-28 09:04:53,718 [INFO] pipeline.cvm: 
==================================================
2026-04-28 09:04:53,718 [INFO] pipeline.cvm: Baixando DFP 2022...
2026-04-28 09:04:53,977 [INFO] pipeline.cvm:   DFP dre 2022: 62 linhas
2026-04-28 09:04:54,430 [INFO] pipeline.cvm:   DFP bpa 2022: 130 linhas
2026-04-28 09:04:55,238 [INFO] pipeline.cvm:   DFP bpp 2022: 224 linhas
2026-04-28 09:04:55,667 [INFO] pipeline.cvm:   DFP dfc_mi 2022: 116 linhas
2026-04-28 09:04:55,710 [WARNING] pipeline.cvm:   Empresa 22055 não encontrada em dfc_md 2022
2026-04-28 09:04:55,710 [INFO] pipeline.cvm: 
==================================================
2026-04-28 09:04:55,710 [INFO] pipeline.cvm: Baixando DFP 2023...
2026-04-28 09:04:55,972 [INFO] pipeline.cvm:   DFP dre 2023: 62 linhas
2026-04-28 09:04:56,486 [INFO] pipeline.cvm:   DFP bpa 2023: 132 linhas
2026-04-28 09:04:57,389 [INFO] pipeline.cvm:   DFP bpp 2023: 226 linhas
2026-04-28 09:04:57,830 [INFO] pipeline.cvm:   DFP dfc_mi 2023: 120 linhas
2026-04-28 09:04:57,868 [WARNING] pipeline.cvm:   Empresa 22055 não encontrada em dfc_md 2023
2026-04-28 09:04:57,869 [INFO] pipeline.cvm: 
==================================================
2026-04-28 09:04:57,869 [INFO] pipeline.cvm: Baixando DFP 2024...
2026-04-28 09:04:58,128 [INFO] pipeline.cvm:   DFP dre 2024: 62 linhas
2026-04-28 09:04:58,688 [INFO] pipeline.cvm:   DFP bpa 2024: 132 linhas
2026-04-28 09:04:59,654 [INFO] pipeline.cvm:   DFP bpp 2024: 228 linhas
2026-04-28 09:05:00,099 [INFO] pipeline.cvm:   DFP dfc_mi 2024: 120 linhas
2026-04-28 09:05:00,135 [WARNING] pipeline.cvm:   Empresa 22055 não encontrada em dfc_md 2024
2026-04-28 09:05:00,136 [INFO] pipeline.cvm: 
==================================================
2026-04-28 09:05:00,136 [INFO] pipeline.cvm: Baixando DFP 2025...
2026-04-28 09:05:00,369 [INFO] pipeline.cvm:   DFP dre 2025: 62 linhas
2026-04-28 09:05:00,776 [INFO] pipeline.cvm:   DFP bpa 2025: 132 linhas
2026-04-28 09:05:01,579 [INFO] pipeline.cvm:   DFP bpp 2025: 230 linhas
2026-04-28 09:05:02,053 [INFO] pipeline.cvm:   DFP dfc_mi 2025: 120 linhas
2026-04-28 09:05:02,086 [WARNING] pipeline.cvm:   Empresa 22055 não encontrada em dfc_md 2025
2026-04-28 09:05:02,086 [INFO] pipeline:   Anos ajustados → Histórico: 2019-2025 | Projeção: 2026-2035
2026-04-28 09:05:02,086 [INFO] pipeline: 
[4/6] Normalizando dados...
2026-04-28 09:05:04,394 [INFO] pipeline:   DFC normalizada: 11 linhas
2026-04-28 09:05:04,397 [INFO] pipeline:   DRE normalizada:
2026-04-28 09:05:04,398 [INFO] pipeline:     receita_liquida: 2019: 2,882 | 2020: 2,139 | 2021: 2,525 | 2022: 2,750 | 2023: 1,646 | 2024: 1,392 | 2025: 1,483
2026-04-28 09:05:04,398 [INFO] pipeline:     ebit: 2019: 67 | 2020: -293 | 2021: 5 | 2022: -241 | 2023: -289 | 2024: -44 | 2025: 197
2026-04-28 09:05:04,398 [INFO] pipeline:     lucro_liquido: 2019: -112 | 2020: -864 | 2021: -72 | 2022: -519 | 2023: -521 | 2024: -316 | 2025: -60
2026-04-28 09:05:04,398 [INFO] pipeline: 
[5/6] Calculando projeções...
2026-04-28 09:05:04,399 [INFO] pipeline.projecoes: 
=== Projeções (não-financeira / FCFF) ===
2026-04-28 09:05:04,402 [INFO] pipeline.projecoes:   Margem EBITDA: 16.6% → 5.0% (conv 6a)
2026-04-28 09:05:04,403 [INFO] pipeline.projecoes:   D&A/Receita: 3.3%
2026-04-28 09:05:04,404 [INFO] pipeline.projecoes:   CAPEX/Receita: 2.8% → 4.0%
2026-04-28 09:05:04,404 [INFO] pipeline.projecoes:   NCG/Receita: 11.0% → 10.0%
2026-04-28 09:05:04,406 [INFO] pipeline.projecoes:   Alíquota efetiva: 19.0%
2026-04-28 09:05:04,407 [INFO] pipeline.projecoes: Projeções concluídas (FCFF). Resumo:
2026-04-28 09:05:04,407 [INFO] pipeline.projecoes:    Ano      Receita     EBITDA    Mg%      NOPAT       FCFF
2026-04-28 09:05:04,407 [INFO] pipeline.projecoes:   2026        1,593        234  14.7%        147        -25
2026-04-28 09:05:04,407 [INFO] pipeline.projecoes:   2027        1,702        217  12.7%        131        122
2026-04-28 09:05:04,408 [INFO] pipeline.projecoes:   2028        1,808        195  10.8%        110         98
2026-04-28 09:05:04,408 [INFO] pipeline.projecoes:   2029        1,911        170   8.9%         87         71
2026-04-28 09:05:04,408 [INFO] pipeline.projecoes:   2030        2,008        139   6.9%         60         39
2026-04-28 09:05:04,409 [INFO] pipeline.valuation:   Estrutura de capital: E=37% | D=63%
2026-04-28 09:05:04,409 [INFO] pipeline: 
[6/6] Calculando valuation (FCFF / WACC)...
2026-04-28 09:05:04,410 [INFO] pipeline.valuation: 
==================================================
2026-04-28 09:05:04,410 [INFO] pipeline.valuation: VALUATION FCFF/WACC — AMAR3
2026-04-28 09:05:04,410 [INFO] pipeline.valuation:   VP FCFF (10a):     R$          225 MM
2026-04-28 09:05:04,410 [INFO] pipeline.valuation:   Valor Perp. (VP):  R$           29 MM
2026-04-28 09:05:04,410 [INFO] pipeline.valuation:   ENTERPRISE VALUE:  R$          254 MM
2026-04-28 09:05:04,410 [INFO] pipeline.valuation:   (-) Dívida Líq.:   R$          758 MM
2026-04-28 09:05:04,410 [INFO] pipeline.valuation:   VALOR DO EQUITY:   R$         -503 MM
2026-04-28 09:05:04,410 [INFO] pipeline.valuation:   Preço Justo ON:    R$    -0.98
2026-04-28 09:05:04,410 [INFO] pipeline.valuation:   Preço Justo PN:    R$    -0.98
2026-04-28 09:05:04,410 [INFO] pipeline.valuation:   Cotação ON:        R$     0.87
2026-04-28 09:05:04,411 [INFO] pipeline.valuation:   Upside ON:             -212.6%
2026-04-28 09:05:04,411 [INFO] pipeline.valuation:   TIR (ON):                 7.2%
2026-04-28 09:05:04,411 [INFO] pipeline.valuation:   WACC último ano:         12.0%
2026-04-28 09:05:04,411 [WARNING] pipeline: 
[!] AVISOS DE VALIDACAO:
2026-04-28 09:05:04,411 [WARNING] pipeline:   - Valor do Equity negativo ou zero: R$ -503 MM
2026-04-28 09:05:04,411 [WARNING] pipeline:   - Preço Justo ON inválido (≤ 0)
2026-04-28 09:05:04,412 [INFO] pipeline:   Sem template VAROS para AMAR3 — Excel será criado do zero
2026-04-28 09:05:04,412 [INFO] pipeline.excel_geral: 
============================================================
2026-04-28 09:05:04,412 [INFO] pipeline.excel_geral: Criando Excel completo (12 abas) para: Marisa Lojas (AMAR3)
2026-04-28 09:05:04,414 [INFO] pipeline.excel_geral:   → 1/12  Dashboard
2026-04-28 09:05:04,428 [INFO] pipeline.excel_geral:   → 2/12  WACC
2026-04-28 09:05:04,479 [INFO] pipeline.excel_geral:   → 3/12  TIR ON
2026-04-28 09:05:04,491 [INFO] pipeline.excel_geral:   → 4/12  TIR PN
2026-04-28 09:05:04,504 [INFO] pipeline.excel_geral:   → 5/12  Valor do Equity
2026-04-28 09:05:04,510 [INFO] pipeline.excel_geral:   → 6/12  Preço Teto
2026-04-28 09:05:04,517 [INFO] pipeline.excel_geral:   → 7/12  DRE + DCF
2026-04-28 09:05:04,680 [INFO] pipeline.excel_geral:   → 8/12  DRE Contas Abertas
2026-04-28 09:05:04,756 [INFO] pipeline.excel_geral:   → 9/12  Balanço Patrimonial
2026-04-28 09:05:04,814 [INFO] pipeline.excel_geral:   → 10/12 Painel de Índices
2026-04-28 09:05:04,898 [INFO] pipeline.excel_geral:   → 11/12 Projeções Premissas
2026-04-28 09:05:04,932 [INFO] pipeline.excel_geral:   → 12/12 Projeções Capex e CG
2026-04-28 09:05:05,049 [INFO] pipeline.excel_geral: 
Arquivo salvo: C:\Users\55819\OneDrive - EPEJUD\DIEGO\OBSIDIAN\Analista de Investimentos\12_PYTHON\pipeline banco completo\outputs\Valuation_AMAR3_Marisa Lojas_20260428.xlsx
2026-04-28 09:05:05,050 [INFO] pipeline: 
======================================================================
2026-04-28 09:05:05,050 [INFO] pipeline: RESUMO DO VALUATION (FCFF/WACC)
2026-04-28 09:05:05,050 [INFO] pipeline: ======================================================================
2026-04-28 09:05:05,050 [INFO] pipeline:   Empresa:           Marisa Lojas (AMAR3)
2026-04-28 09:05:05,050 [INFO] pipeline:   Enterprise Value:  R$          254 MM
2026-04-28 09:05:05,050 [INFO] pipeline:   Cotação ON:        R$ 0.87
2026-04-28 09:05:05,050 [INFO] pipeline:   Preço Justo ON:    R$ -0.98
2026-04-28 09:05:05,050 [INFO] pipeline:   Upside ON:            -212.6%
2026-04-28 09:05:05,050 [INFO] pipeline:   TIR:                  7.2%
2026-04-28 09:05:05,050 [INFO] pipeline:   Preço Teto ON:     R$ -0.98
2026-04-28 09:05:05,050 [INFO] pipeline: 
  [!] 2 aviso(s) de validacao — verifique os logs
2026-04-28 09:05:05,050 [INFO] pipeline: 
  Arquivo gerado:    C:\Users\55819\OneDrive - EPEJUD\DIEGO\OBSIDIAN\Analista de Investimentos\12_PYTHON\pipeline banco completo\outputs\Valuation_AMAR3_Marisa Lojas_20260428.xlsx
2026-04-28 09:05:05,050 [INFO] pipeline: ======================================================================
2026-04-28 09:05:05,055 [INFO] pipeline: ✓ AMAR3: arquivo gerado → C:\Users\55819\OneDrive - EPEJUD\DIEGO\OBSIDIAN\Analista de Investimentos\12_PYTHON\pipeline banco completo\outputs\Valuation_AMAR3_Marisa Lojas_20260428.xlsx
2026-04-28 09:05:05,055 [INFO] pipeline: 
======================================================================
2026-04-28 09:05:05,055 [INFO] pipeline: RESUMO DO BATCH
2026-04-28 09:05:05,055 [INFO] pipeline: ======================================================================
2026-04-28 09:05:05,055 [INFO] pipeline:   Total:     12
2026-04-28 09:05:05,055 [INFO] pipeline:   Sucesso:   12
2026-04-28 09:05:05,055 [INFO] pipeline:   Erros:     0
2026-04-28 09:05:05,055 [INFO] pipeline: 
2026-04-28 09:05:05,056 [INFO] pipeline:   Ticker       Cotação ON  Preço Justo ON   Upside      TIR
2026-04-28 09:05:05,056 [INFO] pipeline:   ────────── ──────────── ─────────────── ──────── ────────
2026-04-28 09:05:05,056 [INFO] pipeline:   LREN3        R$   13.97     R$   37.62      169.3%      24.0%
2026-04-28 09:05:05,056 [INFO] pipeline:   MGLU3        R$    8.53     R$   -5.49     -164.4%       6.0%
2026-04-28 09:05:05,056 [INFO] pipeline:   BHIA3        R$    2.70     R$    1.68      -37.8%      20.6%
2026-04-28 09:05:05,056 [INFO] pipeline:   ASAI3        R$    9.58     R$   -1.01     -110.5%       6.8%
2026-04-28 09:05:05,056 [INFO] pipeline:   PCAR3        R$    2.34     R$   -3.42     -246.2%       9.8%
2026-04-28 09:05:05,056 [INFO] pipeline:   VIVA3        R$   25.46     R$47869.16     187917.1%     150.0%
2026-04-28 09:05:05,057 [INFO] pipeline:   SBFG3        R$   11.55     R$   39.04      238.0%      32.2%
2026-04-28 09:05:05,057 [INFO] pipeline:   NTCO3        R$    0.00     R$    0.00        0.0%       0.0%
2026-04-28 09:05:05,057 [INFO] pipeline:   CEAB3        R$   11.20     R$   25.75      129.9%      24.8%
2026-04-28 09:05:05,057 [INFO] pipeline:   PETZ3        R$    0.00     R$    0.00        0.0%       0.0%
2026-04-28 09:05:05,057 [INFO] pipeline:   AZZA3        R$   21.90     R$  101.22      362.2%      30.9%
2026-04-28 09:05:05,057 [INFO] pipeline:   AMAR3        R$    0.87     R$   -0.98     -212.6%       7.2%
2026-04-28 09:05:05,057 [INFO] pipeline: ======================================================================
