2026-05-04 12:26:23,173 [INFO] pipeline: ======================================================================
2026-05-04 12:26:23,174 [INFO] pipeline: AUDITORIA CVM/B3 — 63 ticker(s): BBDC4, BBAS3, ITUB4, SANB11, BPAC11, BRSR6, ABCB4, ELET3, EGIE3, TAEE11, TRPL4, AESB3, ALUP11, CLSC4, ENBR3, WEGE3, TUPY3, TASA4, AERI3, KEPL3, SUZB3, KLBN11, RANI3, RAIL3, JSLG3, SIMH3, SEQL3, TGMA3, EVEN3, MDNE3, PLPL3, MELK3, LAVV3, LREN3, MGLU3, BHIA3, ASAI3, PCAR3, VIVA3, SBFG3, NATU3, CEAB3, AUAU3, AZZA3, AMAR3, AGRO3, SOJA3, SAPR11, SBSP3, VIVT3, BRIT3, FIQE3, FLRY3, RADL3, HYPE3, RENT3, MOVI3, VAMO3, PETR4, PRIO3, RECV3, RRRP3, LVTC3
2026-05-04 12:26:23,174 [INFO] pipeline: ======================================================================
2026-05-04 12:26:23,174 [INFO] pipeline: 
Auditorando BBDC4...
2026-05-04 12:26:23,464 [INFO] pipeline.cvm:   DFP dre 2020: 82 linhas
2026-05-04 12:26:23,899 [INFO] pipeline.cvm:   DFP bpa 2020: 82 linhas
2026-05-04 12:26:24,665 [INFO] pipeline.cvm:   DFP bpp 2020: 96 linhas
2026-05-04 12:26:25,036 [INFO] pipeline.cvm:   DFP dfc_mi 2020: 94 linhas
2026-05-04 12:26:25,068 [WARNING] pipeline.cvm:   Empresa 906 não encontrada em dfc_md 2020
2026-05-04 12:26:25,438 [INFO] pipeline.cvm:   DFP dre 2020: 80 linhas
2026-05-04 12:26:26,232 [INFO] pipeline.cvm:   DFP bpa 2020: 84 linhas
2026-05-04 12:26:27,502 [INFO] pipeline.cvm:   DFP bpp 2020: 90 linhas
2026-05-04 12:26:28,024 [INFO] pipeline.cvm:   DFP dfc_mi 2020: 86 linhas
2026-05-04 12:26:28,062 [WARNING] pipeline.cvm:   Empresa 906 não encontrada em dfc_md 2020
2026-05-04 12:26:28,292 [INFO] pipeline.cvm:   DFP dre 2021: 82 linhas
2026-05-04 12:26:28,740 [INFO] pipeline.cvm:   DFP bpa 2021: 82 linhas
2026-05-04 12:26:29,683 [INFO] pipeline.cvm:   DFP bpp 2021: 86 linhas
2026-05-04 12:26:30,051 [WARNING] pipeline.cvm:   Empresa 906 não encontrada em dfc_mi 2021
2026-05-04 12:26:30,082 [INFO] pipeline.cvm:   DFP dfc_md 2021: 64 linhas
2026-05-04 12:26:30,408 [INFO] pipeline.cvm:   DFP dre 2021: 80 linhas
2026-05-04 12:26:31,103 [INFO] pipeline.cvm:   DFP bpa 2021: 84 linhas
2026-05-04 12:26:32,664 [INFO] pipeline.cvm:   DFP bpp 2021: 90 linhas
2026-05-04 12:26:33,171 [INFO] pipeline.cvm:   DFP dfc_mi 2021: 88 linhas
2026-05-04 12:26:33,215 [WARNING] pipeline.cvm:   Empresa 906 não encontrada em dfc_md 2021
2026-05-04 12:26:33,464 [INFO] pipeline.cvm:   DFP dre 2022: 82 linhas
2026-05-04 12:26:33,909 [INFO] pipeline.cvm:   DFP bpa 2022: 82 linhas
2026-05-04 12:26:34,740 [INFO] pipeline.cvm:   DFP bpp 2022: 86 linhas
2026-05-04 12:26:35,140 [INFO] pipeline.cvm:   DFP dfc_mi 2022: 96 linhas
2026-05-04 12:26:35,174 [WARNING] pipeline.cvm:   Empresa 906 não encontrada em dfc_md 2022
2026-05-04 12:26:35,501 [INFO] pipeline.cvm:   DFP dre 2022: 82 linhas
2026-05-04 12:26:36,189 [INFO] pipeline.cvm:   DFP bpa 2022: 84 linhas
2026-05-04 12:26:37,326 [INFO] pipeline.cvm:   DFP bpp 2022: 90 linhas
2026-05-04 12:26:37,875 [INFO] pipeline.cvm:   DFP dfc_mi 2022: 88 linhas
2026-05-04 12:26:37,934 [WARNING] pipeline.cvm:   Empresa 906 não encontrada em dfc_md 2022
2026-05-04 12:26:38,165 [INFO] pipeline.cvm:   DFP dre 2023: 82 linhas
2026-05-04 12:26:38,594 [INFO] pipeline.cvm:   DFP bpa 2023: 82 linhas
2026-05-04 12:26:39,297 [INFO] pipeline.cvm:   DFP bpp 2023: 86 linhas
2026-05-04 12:26:39,691 [INFO] pipeline.cvm:   DFP dfc_mi 2023: 96 linhas
2026-05-04 12:26:39,725 [WARNING] pipeline.cvm:   Empresa 906 não encontrada em dfc_md 2023
2026-05-04 12:26:40,046 [INFO] pipeline.cvm:   DFP dre 2023: 82 linhas
2026-05-04 12:26:40,749 [INFO] pipeline.cvm:   DFP bpa 2023: 84 linhas
2026-05-04 12:26:41,879 [INFO] pipeline.cvm:   DFP bpp 2023: 90 linhas
2026-05-04 12:26:42,425 [INFO] pipeline.cvm:   DFP dfc_mi 2023: 88 linhas
2026-05-04 12:26:42,473 [WARNING] pipeline.cvm:   Empresa 906 não encontrada em dfc_md 2023
2026-05-04 12:26:42,692 [INFO] pipeline.cvm:   DFP dre 2024: 82 linhas
2026-05-04 12:26:43,117 [INFO] pipeline.cvm:   DFP bpa 2024: 82 linhas
2026-05-04 12:26:43,802 [INFO] pipeline.cvm:   DFP bpp 2024: 86 linhas
2026-05-04 12:26:44,202 [INFO] pipeline.cvm:   DFP dfc_mi 2024: 96 linhas
2026-05-04 12:26:44,233 [WARNING] pipeline.cvm:   Empresa 906 não encontrada em dfc_md 2024
2026-05-04 12:26:44,539 [INFO] pipeline.cvm:   DFP dre 2024: 82 linhas
2026-05-04 12:26:45,149 [INFO] pipeline.cvm:   DFP bpa 2024: 84 linhas
2026-05-04 12:26:46,419 [INFO] pipeline.cvm:   DFP bpp 2024: 90 linhas
2026-05-04 12:26:46,940 [INFO] pipeline.cvm:   DFP dfc_mi 2024: 88 linhas
2026-05-04 12:26:46,985 [WARNING] pipeline.cvm:   Empresa 906 não encontrada em dfc_md 2024
2026-05-04 12:26:47,184 [INFO] pipeline.cvm:   DFP dre 2025: 82 linhas
2026-05-04 12:26:47,558 [INFO] pipeline.cvm:   DFP bpa 2025: 82 linhas
2026-05-04 12:26:48,186 [INFO] pipeline.cvm:   DFP bpp 2025: 86 linhas
2026-05-04 12:26:48,538 [INFO] pipeline.cvm:   DFP dfc_mi 2025: 96 linhas
2026-05-04 12:26:48,565 [WARNING] pipeline.cvm:   Empresa 906 não encontrada em dfc_md 2025
2026-05-04 12:26:48,848 [INFO] pipeline.cvm:   DFP dre 2025: 80 linhas
2026-05-04 12:26:49,388 [INFO] pipeline.cvm:   DFP bpa 2025: 86 linhas
2026-05-04 12:26:50,349 [INFO] pipeline.cvm:   DFP bpp 2025: 90 linhas
2026-05-04 12:26:50,885 [INFO] pipeline.cvm:   DFP dfc_mi 2025: 90 linhas
2026-05-04 12:26:50,924 [WARNING] pipeline.cvm:   Empresa 906 não encontrada em dfc_md 2025
2026-05-04 12:26:53,037 [INFO] pipeline:   BBDC4: score=100/100 | critical=0 | warnings=0
2026-05-04 12:26:53,037 [INFO] pipeline:   Relatorio: C:\Users\55819\OneDrive - EPEJUD\DIEGO\OBSIDIAN\Analista de Investimentos\12_PYTHON\pipeline banco completo\outputs\data_quality\audit_BBDC4_20260504.md
2026-05-04 12:26:53,037 [INFO] pipeline: 
Auditorando BBAS3...
2026-05-04 12:26:53,242 [INFO] pipeline.cvm:   DFP dre 2020: 74 linhas
2026-05-04 12:26:53,626 [INFO] pipeline.cvm:   DFP bpa 2020: 82 linhas
2026-05-04 12:26:54,265 [INFO] pipeline.cvm:   DFP bpp 2020: 84 linhas
2026-05-04 12:26:54,622 [INFO] pipeline.cvm:   DFP dfc_mi 2020: 106 linhas
2026-05-04 12:26:54,646 [WARNING] pipeline.cvm:   Empresa 1023 não encontrada em dfc_md 2020
2026-05-04 12:26:54,967 [INFO] pipeline.cvm:   DFP dre 2020: 80 linhas
2026-05-04 12:26:55,581 [INFO] pipeline.cvm:   DFP bpa 2020: 84 linhas
2026-05-04 12:26:56,626 [INFO] pipeline.cvm:   DFP bpp 2020: 94 linhas
2026-05-04 12:26:57,097 [INFO] pipeline.cvm:   DFP dfc_mi 2020: 82 linhas
2026-05-04 12:26:57,135 [WARNING] pipeline.cvm:   Empresa 1023 não encontrada em dfc_md 2020
2026-05-04 12:26:57,353 [INFO] pipeline.cvm:   DFP dre 2021: 74 linhas
2026-05-04 12:26:57,735 [INFO] pipeline.cvm:   DFP bpa 2021: 82 linhas
2026-05-04 12:26:58,407 [INFO] pipeline.cvm:   DFP bpp 2021: 84 linhas
2026-05-04 12:26:58,751 [INFO] pipeline.cvm:   DFP dfc_mi 2021: 106 linhas
2026-05-04 12:26:58,775 [WARNING] pipeline.cvm:   Empresa 1023 não encontrada em dfc_md 2021
2026-05-04 12:26:59,095 [INFO] pipeline.cvm:   DFP dre 2021: 82 linhas
2026-05-04 12:26:59,693 [INFO] pipeline.cvm:   DFP bpa 2021: 92 linhas
2026-05-04 12:27:00,781 [INFO] pipeline.cvm:   DFP bpp 2021: 94 linhas
2026-05-04 12:27:01,254 [INFO] pipeline.cvm:   DFP dfc_mi 2021: 80 linhas
2026-05-04 12:27:01,298 [WARNING] pipeline.cvm:   Empresa 1023 não encontrada em dfc_md 2021
2026-05-04 12:27:01,515 [INFO] pipeline.cvm:   DFP dre 2022: 74 linhas
2026-05-04 12:27:01,910 [INFO] pipeline.cvm:   DFP bpa 2022: 82 linhas
2026-05-04 12:27:02,684 [INFO] pipeline.cvm:   DFP bpp 2022: 84 linhas
2026-05-04 12:27:03,040 [INFO] pipeline.cvm:   DFP dfc_mi 2022: 108 linhas
2026-05-04 12:27:03,071 [WARNING] pipeline.cvm:   Empresa 1023 não encontrada em dfc_md 2022
2026-05-04 12:27:03,375 [INFO] pipeline.cvm:   DFP dre 2022: 82 linhas
2026-05-04 12:27:03,956 [INFO] pipeline.cvm:   DFP bpa 2022: 96 linhas
2026-05-04 12:27:04,981 [INFO] pipeline.cvm:   DFP bpp 2022: 94 linhas
2026-05-04 12:27:05,487 [INFO] pipeline.cvm:   DFP dfc_mi 2022: 82 linhas
2026-05-04 12:27:05,536 [WARNING] pipeline.cvm:   Empresa 1023 não encontrada em dfc_md 2022
2026-05-04 12:27:05,759 [INFO] pipeline.cvm:   DFP dre 2023: 74 linhas
2026-05-04 12:27:06,146 [INFO] pipeline.cvm:   DFP bpa 2023: 82 linhas
2026-05-04 12:27:06,894 [INFO] pipeline.cvm:   DFP bpp 2023: 84 linhas
2026-05-04 12:27:07,270 [INFO] pipeline.cvm:   DFP dfc_mi 2023: 108 linhas
2026-05-04 12:27:07,301 [WARNING] pipeline.cvm:   Empresa 1023 não encontrada em dfc_md 2023
2026-05-04 12:27:07,613 [INFO] pipeline.cvm:   DFP dre 2023: 82 linhas
2026-05-04 12:27:08,216 [INFO] pipeline.cvm:   DFP bpa 2023: 96 linhas
2026-05-04 12:27:09,267 [INFO] pipeline.cvm:   DFP bpp 2023: 94 linhas
2026-05-04 12:27:09,771 [INFO] pipeline.cvm:   DFP dfc_mi 2023: 84 linhas
2026-05-04 12:27:09,818 [WARNING] pipeline.cvm:   Empresa 1023 não encontrada em dfc_md 2023
2026-05-04 12:27:10,032 [INFO] pipeline.cvm:   DFP dre 2024: 74 linhas
2026-05-04 12:27:10,407 [INFO] pipeline.cvm:   DFP bpa 2024: 82 linhas
2026-05-04 12:27:11,118 [INFO] pipeline.cvm:   DFP bpp 2024: 82 linhas
2026-05-04 12:27:11,482 [INFO] pipeline.cvm:   DFP dfc_mi 2024: 108 linhas
2026-05-04 12:27:11,510 [WARNING] pipeline.cvm:   Empresa 1023 não encontrada em dfc_md 2024
2026-05-04 12:27:11,807 [INFO] pipeline.cvm:   DFP dre 2024: 82 linhas
2026-05-04 12:27:12,405 [INFO] pipeline.cvm:   DFP bpa 2024: 96 linhas
2026-05-04 12:27:13,424 [INFO] pipeline.cvm:   DFP bpp 2024: 94 linhas
2026-05-04 12:27:13,926 [INFO] pipeline.cvm:   DFP dfc_mi 2024: 84 linhas
2026-05-04 12:27:13,966 [WARNING] pipeline.cvm:   Empresa 1023 não encontrada em dfc_md 2024
2026-05-04 12:27:14,154 [INFO] pipeline.cvm:   DFP dre 2025: 70 linhas
2026-05-04 12:27:14,487 [INFO] pipeline.cvm:   DFP bpa 2025: 82 linhas
2026-05-04 12:27:15,078 [INFO] pipeline.cvm:   DFP bpp 2025: 84 linhas
2026-05-04 12:27:15,405 [INFO] pipeline.cvm:   DFP dfc_mi 2025: 108 linhas
2026-05-04 12:27:15,431 [WARNING] pipeline.cvm:   Empresa 1023 não encontrada em dfc_md 2025
2026-05-04 12:27:15,704 [INFO] pipeline.cvm:   DFP dre 2025: 82 linhas
2026-05-04 12:27:16,305 [INFO] pipeline.cvm:   DFP bpa 2025: 96 linhas
2026-05-04 12:27:17,360 [INFO] pipeline.cvm:   DFP bpp 2025: 94 linhas
2026-05-04 12:27:17,839 [INFO] pipeline.cvm:   DFP dfc_mi 2025: 86 linhas
2026-05-04 12:27:17,878 [WARNING] pipeline.cvm:   Empresa 1023 não encontrada em dfc_md 2025
2026-05-04 12:27:19,378 [INFO] pipeline:   BBAS3: score=82/100 | critical=1 | warnings=0
2026-05-04 12:27:19,378 [INFO] pipeline:   Relatorio: C:\Users\55819\OneDrive - EPEJUD\DIEGO\OBSIDIAN\Analista de Investimentos\12_PYTHON\pipeline banco completo\outputs\data_quality\audit_BBAS3_20260504.md
2026-05-04 12:27:19,379 [INFO] pipeline: 
Auditorando ITUB4...
2026-05-04 12:27:19,593 [INFO] pipeline.cvm:   DFP dre 2020: 84 linhas
2026-05-04 12:27:19,944 [INFO] pipeline.cvm:   DFP bpa 2020: 76 linhas
2026-05-04 12:27:20,646 [INFO] pipeline.cvm:   DFP bpp 2020: 106 linhas
2026-05-04 12:27:20,972 [INFO] pipeline.cvm:   DFP dfc_mi 2020: 132 linhas
2026-05-04 12:27:20,993 [WARNING] pipeline.cvm:   Empresa 19348 não encontrada em dfc_md 2020
2026-05-04 12:27:21,296 [INFO] pipeline.cvm:   DFP dre 2020: 52 linhas
2026-05-04 12:27:21,885 [INFO] pipeline.cvm:   DFP bpa 2020: 98 linhas
2026-05-04 12:27:22,913 [INFO] pipeline.cvm:   DFP bpp 2020: 114 linhas
2026-05-04 12:27:23,368 [INFO] pipeline.cvm:   DFP dfc_mi 2020: 70 linhas
2026-05-04 12:27:23,407 [WARNING] pipeline.cvm:   Empresa 19348 não encontrada em dfc_md 2020
2026-05-04 12:27:23,620 [INFO] pipeline.cvm:   DFP dre 2021: 84 linhas
2026-05-04 12:27:23,994 [INFO] pipeline.cvm:   DFP bpa 2021: 80 linhas
2026-05-04 12:27:24,805 [INFO] pipeline.cvm:   DFP bpp 2021: 106 linhas
2026-05-04 12:27:25,154 [INFO] pipeline.cvm:   DFP dfc_mi 2021: 134 linhas
2026-05-04 12:27:25,180 [WARNING] pipeline.cvm:   Empresa 19348 não encontrada em dfc_md 2021
2026-05-04 12:27:25,489 [INFO] pipeline.cvm:   DFP dre 2021: 58 linhas
2026-05-04 12:27:26,083 [INFO] pipeline.cvm:   DFP bpa 2021: 100 linhas
2026-05-04 12:27:27,112 [INFO] pipeline.cvm:   DFP bpp 2021: 114 linhas
2026-05-04 12:27:27,572 [INFO] pipeline.cvm:   DFP dfc_mi 2021: 70 linhas
2026-05-04 12:27:27,611 [WARNING] pipeline.cvm:   Empresa 19348 não encontrada em dfc_md 2021
2026-05-04 12:27:27,827 [INFO] pipeline.cvm:   DFP dre 2022: 82 linhas
2026-05-04 12:27:28,199 [INFO] pipeline.cvm:   DFP bpa 2022: 80 linhas
2026-05-04 12:27:28,918 [INFO] pipeline.cvm:   DFP bpp 2022: 106 linhas
2026-05-04 12:27:29,278 [INFO] pipeline.cvm:   DFP dfc_mi 2022: 144 linhas
2026-05-04 12:27:29,303 [WARNING] pipeline.cvm:   Empresa 19348 não encontrada em dfc_md 2022
2026-05-04 12:27:29,611 [INFO] pipeline.cvm:   DFP dre 2022: 60 linhas
2026-05-04 12:27:30,191 [INFO] pipeline.cvm:   DFP bpa 2022: 124 linhas
2026-05-04 12:27:31,248 [INFO] pipeline.cvm:   DFP bpp 2022: 126 linhas
2026-05-04 12:27:31,736 [INFO] pipeline.cvm:   DFP dfc_mi 2022: 78 linhas
2026-05-04 12:27:31,782 [WARNING] pipeline.cvm:   Empresa 19348 não encontrada em dfc_md 2022
2026-05-04 12:27:32,003 [INFO] pipeline.cvm:   DFP dre 2023: 82 linhas
2026-05-04 12:27:32,398 [INFO] pipeline.cvm:   DFP bpa 2023: 82 linhas
2026-05-04 12:27:33,077 [INFO] pipeline.cvm:   DFP bpp 2023: 106 linhas
2026-05-04 12:27:33,470 [INFO] pipeline.cvm:   DFP dfc_mi 2023: 146 linhas
2026-05-04 12:27:33,501 [WARNING] pipeline.cvm:   Empresa 19348 não encontrada em dfc_md 2023
2026-05-04 12:27:33,825 [INFO] pipeline.cvm:   DFP dre 2023: 60 linhas
2026-05-04 12:27:34,437 [INFO] pipeline.cvm:   DFP bpa 2023: 126 linhas
2026-05-04 12:27:35,455 [INFO] pipeline.cvm:   DFP bpp 2023: 138 linhas
2026-05-04 12:27:35,931 [INFO] pipeline.cvm:   DFP dfc_mi 2023: 94 linhas
2026-05-04 12:27:35,976 [WARNING] pipeline.cvm:   Empresa 19348 não encontrada em dfc_md 2023
2026-05-04 12:27:36,188 [INFO] pipeline.cvm:   DFP dre 2024: 82 linhas
2026-05-04 12:27:36,565 [INFO] pipeline.cvm:   DFP bpa 2024: 82 linhas
2026-05-04 12:27:37,248 [INFO] pipeline.cvm:   DFP bpp 2024: 106 linhas
2026-05-04 12:27:37,611 [INFO] pipeline.cvm:   DFP dfc_mi 2024: 146 linhas
2026-05-04 12:27:37,634 [WARNING] pipeline.cvm:   Empresa 19348 não encontrada em dfc_md 2024
2026-05-04 12:27:37,928 [INFO] pipeline.cvm:   DFP dre 2024: 60 linhas
2026-05-04 12:27:38,496 [INFO] pipeline.cvm:   DFP bpa 2024: 132 linhas
2026-05-04 12:27:39,548 [INFO] pipeline.cvm:   DFP bpp 2024: 138 linhas
2026-05-04 12:27:40,019 [INFO] pipeline.cvm:   DFP dfc_mi 2024: 94 linhas
2026-05-04 12:27:40,060 [WARNING] pipeline.cvm:   Empresa 19348 não encontrada em dfc_md 2024
2026-05-04 12:27:40,313 [INFO] pipeline.cvm:   DFP dre 2025: 80 linhas
2026-05-04 12:27:40,647 [INFO] pipeline.cvm:   DFP bpa 2025: 82 linhas
2026-05-04 12:27:41,249 [INFO] pipeline.cvm:   DFP bpp 2025: 106 linhas
2026-05-04 12:27:41,582 [INFO] pipeline.cvm:   DFP dfc_mi 2025: 146 linhas
2026-05-04 12:27:41,601 [WARNING] pipeline.cvm:   Empresa 19348 não encontrada em dfc_md 2025
2026-05-04 12:27:41,870 [INFO] pipeline.cvm:   DFP dre 2025: 64 linhas
2026-05-04 12:27:42,375 [INFO] pipeline.cvm:   DFP bpa 2025: 134 linhas
2026-05-04 12:27:43,352 [INFO] pipeline.cvm:   DFP bpp 2025: 142 linhas
2026-05-04 12:27:43,804 [INFO] pipeline.cvm:   DFP dfc_mi 2025: 100 linhas
2026-05-04 12:27:43,838 [WARNING] pipeline.cvm:   Empresa 19348 não encontrada em dfc_md 2025
2026-05-04 12:27:45,254 [INFO] pipeline:   ITUB4: score=82/100 | critical=1 | warnings=0
2026-05-04 12:27:45,254 [INFO] pipeline:   Relatorio: C:\Users\55819\OneDrive - EPEJUD\DIEGO\OBSIDIAN\Analista de Investimentos\12_PYTHON\pipeline banco completo\outputs\data_quality\audit_ITUB4_20260504.md
2026-05-04 12:27:45,254 [INFO] pipeline: 
Auditorando SANB11...
2026-05-04 12:27:45,512 [INFO] pipeline.cvm:   DFP dre 2020: 92 linhas
2026-05-04 12:27:45,852 [INFO] pipeline.cvm:   DFP bpa 2020: 86 linhas
2026-05-04 12:27:46,439 [INFO] pipeline.cvm:   DFP bpp 2020: 76 linhas
2026-05-04 12:27:46,748 [INFO] pipeline.cvm:   DFP dfc_mi 2020: 100 linhas
2026-05-04 12:27:46,767 [WARNING] pipeline.cvm:   Empresa 20532 não encontrada em dfc_md 2020
2026-05-04 12:27:47,066 [INFO] pipeline.cvm:   DFP dre 2020: 88 linhas
2026-05-04 12:27:47,624 [INFO] pipeline.cvm:   DFP bpa 2020: 114 linhas
2026-05-04 12:27:48,690 [INFO] pipeline.cvm:   DFP bpp 2020: 138 linhas
2026-05-04 12:27:49,126 [INFO] pipeline.cvm:   DFP dfc_mi 2020: 92 linhas
2026-05-04 12:27:49,163 [WARNING] pipeline.cvm:   Empresa 20532 não encontrada em dfc_md 2020
2026-05-04 12:27:49,372 [INFO] pipeline.cvm:   DFP dre 2021: 78 linhas
2026-05-04 12:27:49,727 [INFO] pipeline.cvm:   DFP bpa 2021: 82 linhas
2026-05-04 12:27:50,358 [INFO] pipeline.cvm:   DFP bpp 2021: 76 linhas
2026-05-04 12:27:50,711 [INFO] pipeline.cvm:   DFP dfc_mi 2021: 24 linhas
2026-05-04 12:27:50,738 [WARNING] pipeline.cvm:   Empresa 20532 não encontrada em dfc_md 2021
2026-05-04 12:27:51,066 [INFO] pipeline.cvm:   DFP dre 2021: 78 linhas
2026-05-04 12:27:51,644 [INFO] pipeline.cvm:   DFP bpa 2021: 114 linhas
2026-05-04 12:27:52,677 [INFO] pipeline.cvm:   DFP bpp 2021: 118 linhas
2026-05-04 12:27:53,152 [INFO] pipeline.cvm:   DFP dfc_mi 2021: 94 linhas
2026-05-04 12:27:53,192 [WARNING] pipeline.cvm:   Empresa 20532 não encontrada em dfc_md 2021
2026-05-04 12:27:53,413 [INFO] pipeline.cvm:   DFP dre 2022: 80 linhas
2026-05-04 12:27:53,809 [INFO] pipeline.cvm:   DFP bpa 2022: 82 linhas
2026-05-04 12:27:54,522 [INFO] pipeline.cvm:   DFP bpp 2022: 76 linhas
2026-05-04 12:27:54,905 [WARNING] pipeline.cvm:   Empresa 20532 não encontrada em dfc_mi 2022
2026-05-04 12:27:54,939 [INFO] pipeline.cvm:   DFP dfc_md 2022: 20 linhas
2026-05-04 12:27:55,272 [INFO] pipeline.cvm:   DFP dre 2022: 78 linhas
2026-05-04 12:27:55,882 [INFO] pipeline.cvm:   DFP bpa 2022: 100 linhas
2026-05-04 12:27:56,954 [INFO] pipeline.cvm:   DFP bpp 2022: 98 linhas
2026-05-04 12:27:57,434 [INFO] pipeline.cvm:   DFP dfc_mi 2022: 96 linhas
2026-05-04 12:27:57,481 [WARNING] pipeline.cvm:   Empresa 20532 não encontrada em dfc_md 2022
2026-05-04 12:27:57,706 [INFO] pipeline.cvm:   DFP dre 2023: 80 linhas
2026-05-04 12:27:58,110 [INFO] pipeline.cvm:   DFP bpa 2023: 82 linhas
2026-05-04 12:27:58,911 [INFO] pipeline.cvm:   DFP bpp 2023: 76 linhas
2026-05-04 12:27:59,310 [WARNING] pipeline.cvm:   Empresa 20532 não encontrada em dfc_mi 2023
2026-05-04 12:27:59,342 [INFO] pipeline.cvm:   DFP dfc_md 2023: 20 linhas
2026-05-04 12:27:59,681 [INFO] pipeline.cvm:   DFP dre 2023: 78 linhas
2026-05-04 12:28:00,320 [INFO] pipeline.cvm:   DFP bpa 2023: 100 linhas
2026-05-04 12:28:01,434 [INFO] pipeline.cvm:   DFP bpp 2023: 98 linhas
2026-05-04 12:28:01,976 [INFO] pipeline.cvm:   DFP dfc_mi 2023: 96 linhas
2026-05-04 12:28:02,030 [WARNING] pipeline.cvm:   Empresa 20532 não encontrada em dfc_md 2023
2026-05-04 12:28:02,302 [INFO] pipeline.cvm:   DFP dre 2024: 80 linhas
2026-05-04 12:28:02,860 [INFO] pipeline.cvm:   DFP bpa 2024: 82 linhas
2026-05-04 12:28:03,640 [INFO] pipeline.cvm:   DFP bpp 2024: 76 linhas
2026-05-04 12:28:04,167 [WARNING] pipeline.cvm:   Empresa 20532 não encontrada em dfc_mi 2024
2026-05-04 12:28:04,201 [INFO] pipeline.cvm:   DFP dfc_md 2024: 20 linhas
2026-05-04 12:28:04,578 [INFO] pipeline.cvm:   DFP dre 2024: 78 linhas
2026-05-04 12:28:05,265 [INFO] pipeline.cvm:   DFP bpa 2024: 100 linhas
2026-05-04 12:28:06,393 [INFO] pipeline.cvm:   DFP bpp 2024: 98 linhas
2026-05-04 12:28:06,924 [INFO] pipeline.cvm:   DFP dfc_mi 2024: 96 linhas
2026-05-04 12:28:06,966 [WARNING] pipeline.cvm:   Empresa 20532 não encontrada em dfc_md 2024
2026-05-04 12:28:07,169 [INFO] pipeline.cvm:   DFP dre 2025: 80 linhas
2026-05-04 12:28:07,586 [INFO] pipeline.cvm:   DFP bpa 2025: 82 linhas
2026-05-04 12:28:08,218 [INFO] pipeline.cvm:   DFP bpp 2025: 76 linhas
2026-05-04 12:28:08,559 [WARNING] pipeline.cvm:   Empresa 20532 não encontrada em dfc_mi 2025
2026-05-04 12:28:08,583 [INFO] pipeline.cvm:   DFP dfc_md 2025: 20 linhas
2026-05-04 12:28:08,871 [INFO] pipeline.cvm:   DFP dre 2025: 80 linhas
2026-05-04 12:28:09,422 [INFO] pipeline.cvm:   DFP bpa 2025: 102 linhas
2026-05-04 12:28:10,325 [INFO] pipeline.cvm:   DFP bpp 2025: 98 linhas
2026-05-04 12:28:10,791 [INFO] pipeline.cvm:   DFP dfc_mi 2025: 96 linhas
2026-05-04 12:28:10,826 [WARNING] pipeline.cvm:   Empresa 20532 não encontrada em dfc_md 2025
2026-05-04 12:28:12,311 [INFO] pipeline:   SANB11: score=82/100 | critical=1 | warnings=0
2026-05-04 12:28:12,311 [INFO] pipeline:   Relatorio: C:\Users\55819\OneDrive - EPEJUD\DIEGO\OBSIDIAN\Analista de Investimentos\12_PYTHON\pipeline banco completo\outputs\data_quality\audit_SANB11_20260504.md
2026-05-04 12:28:12,312 [INFO] pipeline: 
Auditorando BPAC11...
2026-05-04 12:28:12,526 [INFO] pipeline.cvm:   DFP dre 2020: 62 linhas
2026-05-04 12:28:12,889 [INFO] pipeline.cvm:   DFP bpa 2020: 56 linhas
2026-05-04 12:28:13,541 [INFO] pipeline.cvm:   DFP bpp 2020: 74 linhas
2026-05-04 12:28:13,865 [INFO] pipeline.cvm:   DFP dfc_mi 2020: 76 linhas
2026-05-04 12:28:13,887 [WARNING] pipeline.cvm:   Empresa 22616 não encontrada em dfc_md 2020
2026-05-04 12:28:14,191 [INFO] pipeline.cvm:   DFP dre 2020: 72 linhas
2026-05-04 12:28:14,795 [INFO] pipeline.cvm:   DFP bpa 2020: 166 linhas
2026-05-04 12:28:15,966 [INFO] pipeline.cvm:   DFP bpp 2020: 174 linhas
2026-05-04 12:28:16,443 [INFO] pipeline.cvm:   DFP dfc_mi 2020: 76 linhas
2026-05-04 12:28:16,478 [WARNING] pipeline.cvm:   Empresa 22616 não encontrada em dfc_md 2020
2026-05-04 12:28:16,712 [INFO] pipeline.cvm:   DFP dre 2021: 64 linhas
2026-05-04 12:28:17,222 [INFO] pipeline.cvm:   DFP bpa 2021: 66 linhas
2026-05-04 12:28:18,041 [INFO] pipeline.cvm:   DFP bpp 2021: 88 linhas
2026-05-04 12:28:18,436 [INFO] pipeline.cvm:   DFP dfc_mi 2021: 106 linhas
2026-05-04 12:28:18,462 [WARNING] pipeline.cvm:   Empresa 22616 não encontrada em dfc_md 2021
2026-05-04 12:28:18,799 [INFO] pipeline.cvm:   DFP dre 2021: 72 linhas
2026-05-04 12:28:19,469 [INFO] pipeline.cvm:   DFP bpa 2021: 166 linhas
2026-05-04 12:28:20,744 [INFO] pipeline.cvm:   DFP bpp 2021: 184 linhas
2026-05-04 12:28:21,266 [INFO] pipeline.cvm:   DFP dfc_mi 2021: 76 linhas
2026-05-04 12:28:21,308 [WARNING] pipeline.cvm:   Empresa 22616 não encontrada em dfc_md 2021
2026-05-04 12:28:21,527 [INFO] pipeline.cvm:   DFP dre 2022: 58 linhas
2026-05-04 12:28:22,011 [INFO] pipeline.cvm:   DFP bpa 2022: 62 linhas
2026-05-04 12:28:22,715 [INFO] pipeline.cvm:   DFP bpp 2022: 96 linhas
2026-05-04 12:28:23,081 [INFO] pipeline.cvm:   DFP dfc_mi 2022: 92 linhas
2026-05-04 12:28:23,113 [WARNING] pipeline.cvm:   Empresa 22616 não encontrada em dfc_md 2022
2026-05-04 12:28:23,426 [INFO] pipeline.cvm:   DFP dre 2022: 80 linhas
2026-05-04 12:28:24,045 [INFO] pipeline.cvm:   DFP bpa 2022: 178 linhas
2026-05-04 12:28:25,133 [INFO] pipeline.cvm:   DFP bpp 2022: 192 linhas
2026-05-04 12:28:25,655 [INFO] pipeline.cvm:   DFP dfc_mi 2022: 88 linhas
2026-05-04 12:28:25,698 [WARNING] pipeline.cvm:   Empresa 22616 não encontrada em dfc_md 2022
2026-05-04 12:28:25,937 [INFO] pipeline.cvm:   DFP dre 2023: 58 linhas
2026-05-04 12:28:26,334 [INFO] pipeline.cvm:   DFP bpa 2023: 64 linhas
2026-05-04 12:28:27,063 [INFO] pipeline.cvm:   DFP bpp 2023: 92 linhas
2026-05-04 12:28:27,452 [INFO] pipeline.cvm:   DFP dfc_mi 2023: 88 linhas
2026-05-04 12:28:27,478 [WARNING] pipeline.cvm:   Empresa 22616 não encontrada em dfc_md 2023
2026-05-04 12:28:27,789 [INFO] pipeline.cvm:   DFP dre 2023: 80 linhas
2026-05-04 12:28:28,366 [INFO] pipeline.cvm:   DFP bpa 2023: 178 linhas
2026-05-04 12:28:29,423 [INFO] pipeline.cvm:   DFP bpp 2023: 192 linhas
2026-05-04 12:28:29,903 [INFO] pipeline.cvm:   DFP dfc_mi 2023: 88 linhas
2026-05-04 12:28:29,944 [WARNING] pipeline.cvm:   Empresa 22616 não encontrada em dfc_md 2023
2026-05-04 12:28:30,150 [INFO] pipeline.cvm:   DFP dre 2024: 66 linhas
2026-05-04 12:28:30,518 [INFO] pipeline.cvm:   DFP bpa 2024: 62 linhas
2026-05-04 12:28:31,236 [INFO] pipeline.cvm:   DFP bpp 2024: 94 linhas
2026-05-04 12:28:31,602 [INFO] pipeline.cvm:   DFP dfc_mi 2024: 86 linhas
2026-05-04 12:28:31,627 [WARNING] pipeline.cvm:   Empresa 22616 não encontrada em dfc_md 2024
2026-05-04 12:28:32,014 [INFO] pipeline.cvm:   DFP dre 2024: 80 linhas
2026-05-04 12:28:32,943 [INFO] pipeline.cvm:   DFP bpa 2024: 178 linhas
2026-05-04 12:28:34,042 [INFO] pipeline.cvm:   DFP bpp 2024: 194 linhas
2026-05-04 12:28:34,543 [INFO] pipeline.cvm:   DFP dfc_mi 2024: 88 linhas
2026-05-04 12:28:34,588 [WARNING] pipeline.cvm:   Empresa 22616 não encontrada em dfc_md 2024
2026-05-04 12:28:34,780 [INFO] pipeline.cvm:   DFP dre 2025: 58 linhas
2026-05-04 12:28:35,318 [INFO] pipeline.cvm:   DFP bpa 2025: 62 linhas
2026-05-04 12:28:36,002 [INFO] pipeline.cvm:   DFP bpp 2025: 94 linhas
2026-05-04 12:28:36,365 [INFO] pipeline.cvm:   DFP dfc_mi 2025: 86 linhas
2026-05-04 12:28:36,388 [WARNING] pipeline.cvm:   Empresa 22616 não encontrada em dfc_md 2025
2026-05-04 12:28:36,694 [INFO] pipeline.cvm:   DFP dre 2025: 80 linhas
2026-05-04 12:28:37,309 [INFO] pipeline.cvm:   DFP bpa 2025: 160 linhas
2026-05-04 12:28:38,310 [INFO] pipeline.cvm:   DFP bpp 2025: 148 linhas
2026-05-04 12:28:38,799 [INFO] pipeline.cvm:   DFP dfc_mi 2025: 84 linhas
2026-05-04 12:28:38,836 [WARNING] pipeline.cvm:   Empresa 22616 não encontrada em dfc_md 2025
2026-05-04 12:28:40,456 [INFO] pipeline:   BPAC11: score=82/100 | critical=1 | warnings=0
2026-05-04 12:28:40,456 [INFO] pipeline:   Relatorio: C:\Users\55819\OneDrive - EPEJUD\DIEGO\OBSIDIAN\Analista de Investimentos\12_PYTHON\pipeline banco completo\outputs\data_quality\audit_BPAC11_20260504.md
2026-05-04 12:28:40,456 [INFO] pipeline: 
Auditorando BRSR6...
2026-05-04 12:28:40,664 [WARNING] pipeline.cvm:   Empresa 1120 não encontrada em dre 2020
2026-05-04 12:28:41,059 [WARNING] pipeline.cvm:   Empresa 1120 não encontrada em bpa 2020
2026-05-04 12:28:41,748 [WARNING] pipeline.cvm:   Empresa 1120 não encontrada em bpp 2020
2026-05-04 12:28:42,092 [WARNING] pipeline.cvm:   Empresa 1120 não encontrada em dfc_mi 2020
2026-05-04 12:28:42,112 [WARNING] pipeline.cvm:   Empresa 1120 não encontrada em dfc_md 2020
2026-05-04 12:28:42,429 [INFO] pipeline.cvm:   DFP dre 2020: 124 linhas
2026-05-04 12:28:43,012 [INFO] pipeline.cvm:   DFP bpa 2020: 128 linhas
2026-05-04 12:28:44,040 [INFO] pipeline.cvm:   DFP bpp 2020: 116 linhas
2026-05-04 12:28:44,514 [INFO] pipeline.cvm:   DFP dfc_mi 2020: 126 linhas
2026-05-04 12:28:44,552 [WARNING] pipeline.cvm:   Empresa 1120 não encontrada em dfc_md 2020
2026-05-04 12:28:44,766 [WARNING] pipeline.cvm:   Empresa 1120 não encontrada em dre 2021
2026-05-04 12:28:45,168 [WARNING] pipeline.cvm:   Empresa 1120 não encontrada em bpa 2021
2026-05-04 12:28:45,923 [WARNING] pipeline.cvm:   Empresa 1120 não encontrada em bpp 2021
2026-05-04 12:28:46,268 [WARNING] pipeline.cvm:   Empresa 1120 não encontrada em dfc_mi 2021
2026-05-04 12:28:46,294 [WARNING] pipeline.cvm:   Empresa 1120 não encontrada em dfc_md 2021
2026-05-04 12:28:46,616 [INFO] pipeline.cvm:   DFP dre 2021: 124 linhas
2026-05-04 12:28:47,218 [INFO] pipeline.cvm:   DFP bpa 2021: 128 linhas
2026-05-04 12:28:48,266 [INFO] pipeline.cvm:   DFP bpp 2021: 116 linhas
2026-05-04 12:28:48,732 [INFO] pipeline.cvm:   DFP dfc_mi 2021: 126 linhas
2026-05-04 12:28:48,772 [WARNING] pipeline.cvm:   Empresa 1120 não encontrada em dfc_md 2021
2026-05-04 12:28:48,991 [WARNING] pipeline.cvm:   Empresa 1120 não encontrada em dre 2022
2026-05-04 12:28:49,373 [WARNING] pipeline.cvm:   Empresa 1120 não encontrada em bpa 2022
2026-05-04 12:28:50,041 [WARNING] pipeline.cvm:   Empresa 1120 não encontrada em bpp 2022
2026-05-04 12:28:50,406 [WARNING] pipeline.cvm:   Empresa 1120 não encontrada em dfc_mi 2022
2026-05-04 12:28:50,433 [WARNING] pipeline.cvm:   Empresa 1120 não encontrada em dfc_md 2022
2026-05-04 12:28:50,743 [INFO] pipeline.cvm:   DFP dre 2022: 124 linhas
2026-05-04 12:28:51,329 [INFO] pipeline.cvm:   DFP bpa 2022: 128 linhas
2026-05-04 12:28:52,410 [INFO] pipeline.cvm:   DFP bpp 2022: 116 linhas
2026-05-04 12:28:53,045 [INFO] pipeline.cvm:   DFP dfc_mi 2022: 126 linhas
2026-05-04 12:28:53,091 [WARNING] pipeline.cvm:   Empresa 1120 não encontrada em dfc_md 2022
2026-05-04 12:28:53,315 [WARNING] pipeline.cvm:   Empresa 1120 não encontrada em dre 2023
2026-05-04 12:28:53,795 [WARNING] pipeline.cvm:   Empresa 1120 não encontrada em bpa 2023
2026-05-04 12:28:54,483 [WARNING] pipeline.cvm:   Empresa 1120 não encontrada em bpp 2023
2026-05-04 12:28:54,866 [WARNING] pipeline.cvm:   Empresa 1120 não encontrada em dfc_mi 2023
2026-05-04 12:28:54,896 [WARNING] pipeline.cvm:   Empresa 1120 não encontrada em dfc_md 2023
2026-05-04 12:28:55,223 [INFO] pipeline.cvm:   DFP dre 2023: 124 linhas
2026-05-04 12:28:55,860 [INFO] pipeline.cvm:   DFP bpa 2023: 128 linhas
2026-05-04 12:28:56,959 [INFO] pipeline.cvm:   DFP bpp 2023: 116 linhas
2026-05-04 12:28:57,475 [INFO] pipeline.cvm:   DFP dfc_mi 2023: 126 linhas
2026-05-04 12:28:57,523 [WARNING] pipeline.cvm:   Empresa 1120 não encontrada em dfc_md 2023
2026-05-04 12:28:57,753 [WARNING] pipeline.cvm:   Empresa 1120 não encontrada em dre 2024
2026-05-04 12:28:58,141 [WARNING] pipeline.cvm:   Empresa 1120 não encontrada em bpa 2024
2026-05-04 12:28:58,841 [WARNING] pipeline.cvm:   Empresa 1120 não encontrada em bpp 2024
2026-05-04 12:28:59,210 [WARNING] pipeline.cvm:   Empresa 1120 não encontrada em dfc_mi 2024
2026-05-04 12:28:59,237 [WARNING] pipeline.cvm:   Empresa 1120 não encontrada em dfc_md 2024
2026-05-04 12:28:59,544 [INFO] pipeline.cvm:   DFP dre 2024: 124 linhas
2026-05-04 12:29:00,146 [INFO] pipeline.cvm:   DFP bpa 2024: 128 linhas
2026-05-04 12:29:01,157 [INFO] pipeline.cvm:   DFP bpp 2024: 116 linhas
2026-05-04 12:29:01,637 [INFO] pipeline.cvm:   DFP dfc_mi 2024: 126 linhas
2026-05-04 12:29:01,677 [WARNING] pipeline.cvm:   Empresa 1120 não encontrada em dfc_md 2024
2026-05-04 12:29:01,869 [WARNING] pipeline.cvm:   Empresa 1120 não encontrada em dre 2025
2026-05-04 12:29:02,263 [WARNING] pipeline.cvm:   Empresa 1120 não encontrada em bpa 2025
2026-05-04 12:29:02,903 [WARNING] pipeline.cvm:   Empresa 1120 não encontrada em bpp 2025
2026-05-04 12:29:03,277 [WARNING] pipeline.cvm:   Empresa 1120 não encontrada em dfc_mi 2025
2026-05-04 12:29:03,306 [WARNING] pipeline.cvm:   Empresa 1120 não encontrada em dfc_md 2025
2026-05-04 12:29:03,592 [INFO] pipeline.cvm:   DFP dre 2025: 148 linhas
2026-05-04 12:29:04,144 [INFO] pipeline.cvm:   DFP bpa 2025: 104 linhas
2026-05-04 12:29:05,175 [INFO] pipeline.cvm:   DFP bpp 2025: 120 linhas
2026-05-04 12:29:05,658 [INFO] pipeline.cvm:   DFP dfc_mi 2025: 90 linhas
2026-05-04 12:29:05,694 [WARNING] pipeline.cvm:   Empresa 1120 não encontrada em dfc_md 2025
2026-05-04 12:29:07,506 [INFO] pipeline:   BRSR6: score=95/100 | critical=0 | warnings=1
2026-05-04 12:29:07,506 [INFO] pipeline:   Relatorio: C:\Users\55819\OneDrive - EPEJUD\DIEGO\OBSIDIAN\Analista de Investimentos\12_PYTHON\pipeline banco completo\outputs\data_quality\audit_BRSR6_20260504.md
2026-05-04 12:29:07,506 [INFO] pipeline: 
Auditorando ABCB4...
2026-05-04 12:29:07,715 [INFO] pipeline.cvm:   DFP dre 2020: 68 linhas
2026-05-04 12:29:08,095 [INFO] pipeline.cvm:   DFP bpa 2020: 160 linhas
2026-05-04 12:29:08,704 [INFO] pipeline.cvm:   DFP bpp 2020: 238 linhas
2026-05-04 12:29:09,028 [INFO] pipeline.cvm:   DFP dfc_mi 2020: 146 linhas
2026-05-04 12:29:09,047 [WARNING] pipeline.cvm:   Empresa 14311 não encontrada em dfc_md 2020
2026-05-04 12:29:09,349 [INFO] pipeline.cvm:   DFP dre 2020: 64 linhas
2026-05-04 12:29:09,923 [INFO] pipeline.cvm:   DFP bpa 2020: 144 linhas
2026-05-04 12:29:10,920 [INFO] pipeline.cvm:   DFP bpp 2020: 220 linhas
2026-05-04 12:29:11,365 [INFO] pipeline.cvm:   DFP dfc_mi 2020: 112 linhas
2026-05-04 12:29:11,399 [WARNING] pipeline.cvm:   Empresa 14311 não encontrada em dfc_md 2020
2026-05-04 12:29:11,613 [INFO] pipeline.cvm:   DFP dre 2021: 68 linhas
2026-05-04 12:29:11,977 [INFO] pipeline.cvm:   DFP bpa 2021: 160 linhas
2026-05-04 12:29:12,652 [INFO] pipeline.cvm:   DFP bpp 2021: 238 linhas
2026-05-04 12:29:12,991 [INFO] pipeline.cvm:   DFP dfc_mi 2021: 150 linhas
2026-05-04 12:29:13,023 [WARNING] pipeline.cvm:   Empresa 14311 não encontrada em dfc_md 2021
2026-05-04 12:29:13,336 [INFO] pipeline.cvm:   DFP dre 2021: 64 linhas
2026-05-04 12:29:13,918 [INFO] pipeline.cvm:   DFP bpa 2021: 144 linhas
2026-05-04 12:29:15,042 [INFO] pipeline.cvm:   DFP bpp 2021: 220 linhas
2026-05-04 12:29:15,508 [INFO] pipeline.cvm:   DFP dfc_mi 2021: 124 linhas
2026-05-04 12:29:15,549 [WARNING] pipeline.cvm:   Empresa 14311 não encontrada em dfc_md 2021
2026-05-04 12:29:15,766 [INFO] pipeline.cvm:   DFP dre 2022: 76 linhas
2026-05-04 12:29:16,206 [INFO] pipeline.cvm:   DFP bpa 2022: 158 linhas
2026-05-04 12:29:16,866 [INFO] pipeline.cvm:   DFP bpp 2022: 240 linhas
2026-05-04 12:29:17,262 [INFO] pipeline.cvm:   DFP dfc_mi 2022: 150 linhas
2026-05-04 12:29:17,290 [WARNING] pipeline.cvm:   Empresa 14311 não encontrada em dfc_md 2022
2026-05-04 12:29:17,607 [INFO] pipeline.cvm:   DFP dre 2022: 64 linhas
2026-05-04 12:29:18,178 [INFO] pipeline.cvm:   DFP bpa 2022: 144 linhas
2026-05-04 12:29:19,191 [INFO] pipeline.cvm:   DFP bpp 2022: 220 linhas
2026-05-04 12:29:19,681 [INFO] pipeline.cvm:   DFP dfc_mi 2022: 120 linhas
2026-05-04 12:29:19,723 [WARNING] pipeline.cvm:   Empresa 14311 não encontrada em dfc_md 2022
2026-05-04 12:29:19,946 [INFO] pipeline.cvm:   DFP dre 2023: 76 linhas
2026-05-04 12:29:20,336 [INFO] pipeline.cvm:   DFP bpa 2023: 158 linhas
2026-05-04 12:29:21,002 [INFO] pipeline.cvm:   DFP bpp 2023: 240 linhas
2026-05-04 12:29:21,393 [INFO] pipeline.cvm:   DFP dfc_mi 2023: 154 linhas
2026-05-04 12:29:21,420 [WARNING] pipeline.cvm:   Empresa 14311 não encontrada em dfc_md 2023
2026-05-04 12:29:21,740 [INFO] pipeline.cvm:   DFP dre 2023: 64 linhas
2026-05-04 12:29:22,342 [INFO] pipeline.cvm:   DFP bpa 2023: 144 linhas
2026-05-04 12:29:23,385 [INFO] pipeline.cvm:   DFP bpp 2023: 220 linhas
2026-05-04 12:29:23,879 [INFO] pipeline.cvm:   DFP dfc_mi 2023: 122 linhas
2026-05-04 12:29:23,923 [WARNING] pipeline.cvm:   Empresa 14311 não encontrada em dfc_md 2023
2026-05-04 12:29:24,129 [INFO] pipeline.cvm:   DFP dre 2024: 68 linhas
2026-05-04 12:29:24,499 [INFO] pipeline.cvm:   DFP bpa 2024: 162 linhas
2026-05-04 12:29:25,202 [INFO] pipeline.cvm:   DFP bpp 2024: 250 linhas
2026-05-04 12:29:25,575 [INFO] pipeline.cvm:   DFP dfc_mi 2024: 158 linhas
2026-05-04 12:29:25,596 [WARNING] pipeline.cvm:   Empresa 14311 não encontrada em dfc_md 2024
2026-05-04 12:29:25,891 [INFO] pipeline.cvm:   DFP dre 2024: 64 linhas
2026-05-04 12:29:26,441 [INFO] pipeline.cvm:   DFP bpa 2024: 144 linhas
2026-05-04 12:29:27,447 [INFO] pipeline.cvm:   DFP bpp 2024: 224 linhas
2026-05-04 12:29:28,000 [INFO] pipeline.cvm:   DFP dfc_mi 2024: 126 linhas
2026-05-04 12:29:28,036 [WARNING] pipeline.cvm:   Empresa 14311 não encontrada em dfc_md 2024
2026-05-04 12:29:28,234 [INFO] pipeline.cvm:   DFP dre 2025: 68 linhas
2026-05-04 12:29:28,568 [INFO] pipeline.cvm:   DFP bpa 2025: 162 linhas
2026-05-04 12:29:29,155 [INFO] pipeline.cvm:   DFP bpp 2025: 254 linhas
2026-05-04 12:29:29,503 [INFO] pipeline.cvm:   DFP dfc_mi 2025: 160 linhas
2026-05-04 12:29:29,526 [WARNING] pipeline.cvm:   Empresa 14311 não encontrada em dfc_md 2025
2026-05-04 12:29:29,796 [INFO] pipeline.cvm:   DFP dre 2025: 64 linhas
2026-05-04 12:29:30,308 [INFO] pipeline.cvm:   DFP bpa 2025: 144 linhas
2026-05-04 12:29:31,258 [INFO] pipeline.cvm:   DFP bpp 2025: 224 linhas
2026-05-04 12:29:31,714 [INFO] pipeline.cvm:   DFP dfc_mi 2025: 130 linhas
2026-05-04 12:29:31,742 [WARNING] pipeline.cvm:   Empresa 14311 não encontrada em dfc_md 2025
2026-05-04 12:29:33,485 [INFO] pipeline:   ABCB4: score=95/100 | critical=0 | warnings=1
2026-05-04 12:29:33,485 [INFO] pipeline:   Relatorio: C:\Users\55819\OneDrive - EPEJUD\DIEGO\OBSIDIAN\Analista de Investimentos\12_PYTHON\pipeline banco completo\outputs\data_quality\audit_ABCB4_20260504.md
2026-05-04 12:29:33,485 [INFO] pipeline: 
Auditorando ELET3...
2026-05-04 12:29:33,712 [INFO] pipeline.cvm:   DFP dre 2020: 130 linhas
2026-05-04 12:29:34,063 [INFO] pipeline.cvm:   DFP bpa 2020: 174 linhas
2026-05-04 12:29:34,726 [INFO] pipeline.cvm:   DFP bpp 2020: 282 linhas
2026-05-04 12:29:35,091 [INFO] pipeline.cvm:   DFP dfc_mi 2020: 162 linhas
2026-05-04 12:29:35,110 [WARNING] pipeline.cvm:   Empresa 2437 não encontrada em dfc_md 2020
2026-05-04 12:29:35,417 [INFO] pipeline.cvm:   DFP dre 2020: 104 linhas
2026-05-04 12:29:35,991 [INFO] pipeline.cvm:   DFP bpa 2020: 162 linhas
2026-05-04 12:29:36,988 [INFO] pipeline.cvm:   DFP bpp 2020: 264 linhas
2026-05-04 12:29:37,422 [INFO] pipeline.cvm:   DFP dfc_mi 2020: 128 linhas
2026-05-04 12:29:37,456 [WARNING] pipeline.cvm:   Empresa 2437 não encontrada em dfc_md 2020
2026-05-04 12:29:37,661 [INFO] pipeline.cvm:   DFP dre 2021: 142 linhas
2026-05-04 12:29:38,034 [INFO] pipeline.cvm:   DFP bpa 2021: 174 linhas
2026-05-04 12:29:38,714 [INFO] pipeline.cvm:   DFP bpp 2021: 282 linhas
2026-05-04 12:29:39,041 [INFO] pipeline.cvm:   DFP dfc_mi 2021: 164 linhas
2026-05-04 12:29:39,064 [WARNING] pipeline.cvm:   Empresa 2437 não encontrada em dfc_md 2021
2026-05-04 12:29:39,382 [INFO] pipeline.cvm:   DFP dre 2021: 106 linhas
2026-05-04 12:29:40,009 [INFO] pipeline.cvm:   DFP bpa 2021: 166 linhas
2026-05-04 12:29:41,047 [INFO] pipeline.cvm:   DFP bpp 2021: 264 linhas
2026-05-04 12:29:41,505 [INFO] pipeline.cvm:   DFP dfc_mi 2021: 128 linhas
2026-05-04 12:29:41,542 [WARNING] pipeline.cvm:   Empresa 2437 não encontrada em dfc_md 2021
2026-05-04 12:29:41,750 [INFO] pipeline.cvm:   DFP dre 2022: 148 linhas
2026-05-04 12:29:42,113 [INFO] pipeline.cvm:   DFP bpa 2022: 178 linhas
2026-05-04 12:29:42,736 [INFO] pipeline.cvm:   DFP bpp 2022: 286 linhas
2026-05-04 12:29:43,078 [INFO] pipeline.cvm:   DFP dfc_mi 2022: 164 linhas
2026-05-04 12:29:43,102 [WARNING] pipeline.cvm:   Empresa 2437 não encontrada em dfc_md 2022
2026-05-04 12:29:43,418 [INFO] pipeline.cvm:   DFP dre 2022: 108 linhas
2026-05-04 12:29:43,999 [INFO] pipeline.cvm:   DFP bpa 2022: 168 linhas
2026-05-04 12:29:45,066 [INFO] pipeline.cvm:   DFP bpp 2022: 264 linhas
2026-05-04 12:29:45,548 [INFO] pipeline.cvm:   DFP dfc_mi 2022: 130 linhas
2026-05-04 12:29:45,590 [WARNING] pipeline.cvm:   Empresa 2437 não encontrada em dfc_md 2022
2026-05-04 12:29:45,811 [INFO] pipeline.cvm:   DFP dre 2023: 106 linhas
2026-05-04 12:29:46,196 [INFO] pipeline.cvm:   DFP bpa 2023: 178 linhas
2026-05-04 12:29:46,923 [INFO] pipeline.cvm:   DFP bpp 2023: 266 linhas
2026-05-04 12:29:47,298 [INFO] pipeline.cvm:   DFP dfc_mi 2023: 122 linhas
2026-05-04 12:29:47,323 [WARNING] pipeline.cvm:   Empresa 2437 não encontrada em dfc_md 2023
2026-05-04 12:29:47,633 [INFO] pipeline.cvm:   DFP dre 2023: 110 linhas
2026-05-04 12:29:48,223 [INFO] pipeline.cvm:   DFP bpa 2023: 168 linhas
2026-05-04 12:29:49,269 [INFO] pipeline.cvm:   DFP bpp 2023: 248 linhas
2026-05-04 12:29:49,762 [INFO] pipeline.cvm:   DFP dfc_mi 2023: 104 linhas
2026-05-04 12:29:49,803 [WARNING] pipeline.cvm:   Empresa 2437 não encontrada em dfc_md 2023
2026-05-04 12:29:50,009 [INFO] pipeline.cvm:   DFP dre 2024: 136 linhas
2026-05-04 12:29:50,385 [INFO] pipeline.cvm:   DFP bpa 2024: 176 linhas
2026-05-04 12:29:51,062 [INFO] pipeline.cvm:   DFP bpp 2024: 274 linhas
2026-05-04 12:29:51,468 [INFO] pipeline.cvm:   DFP dfc_mi 2024: 122 linhas
2026-05-04 12:29:51,497 [WARNING] pipeline.cvm:   Empresa 2437 não encontrada em dfc_md 2024
2026-05-04 12:29:51,790 [INFO] pipeline.cvm:   DFP dre 2024: 132 linhas
2026-05-04 12:29:52,363 [INFO] pipeline.cvm:   DFP bpa 2024: 168 linhas
2026-05-04 12:29:53,336 [INFO] pipeline.cvm:   DFP bpp 2024: 266 linhas
2026-05-04 12:29:53,817 [INFO] pipeline.cvm:   DFP dfc_mi 2024: 126 linhas
2026-05-04 12:29:53,858 [WARNING] pipeline.cvm:   Empresa 2437 não encontrada em dfc_md 2024
2026-05-04 12:29:54,045 [INFO] pipeline.cvm:   DFP dre 2025: 76 linhas
2026-05-04 12:29:54,388 [INFO] pipeline.cvm:   DFP bpa 2025: 164 linhas
2026-05-04 12:29:55,061 [INFO] pipeline.cvm:   DFP bpp 2025: 278 linhas
2026-05-04 12:29:55,444 [INFO] pipeline.cvm:   DFP dfc_mi 2025: 126 linhas
2026-05-04 12:29:55,469 [WARNING] pipeline.cvm:   Empresa 2437 não encontrada em dfc_md 2025
2026-05-04 12:29:55,743 [INFO] pipeline.cvm:   DFP dre 2025: 72 linhas
2026-05-04 12:29:56,271 [INFO] pipeline.cvm:   DFP bpa 2025: 170 linhas
2026-05-04 12:29:57,150 [INFO] pipeline.cvm:   DFP bpp 2025: 270 linhas
2026-05-04 12:29:57,599 [INFO] pipeline.cvm:   DFP dfc_mi 2025: 130 linhas
2026-05-04 12:29:57,631 [WARNING] pipeline.cvm:   Empresa 2437 não encontrada em dfc_md 2025
2026-05-04 12:30:05,583 [INFO] pipeline:   ELET3: score=72/100 | critical=1 | warnings=2
2026-05-04 12:30:05,583 [INFO] pipeline:   Relatorio: C:\Users\55819\OneDrive - EPEJUD\DIEGO\OBSIDIAN\Analista de Investimentos\12_PYTHON\pipeline banco completo\outputs\data_quality\audit_ELET3_20260504.md
2026-05-04 12:30:05,584 [INFO] pipeline: 
Auditorando EGIE3...
2026-05-04 12:30:05,818 [INFO] pipeline.cvm:   DFP dre 2020: 78 linhas
2026-05-04 12:30:06,184 [INFO] pipeline.cvm:   DFP bpa 2020: 150 linhas
2026-05-04 12:30:06,903 [INFO] pipeline.cvm:   DFP bpp 2020: 232 linhas
2026-05-04 12:30:07,244 [INFO] pipeline.cvm:   DFP dfc_mi 2020: 114 linhas
2026-05-04 12:30:07,265 [WARNING] pipeline.cvm:   Empresa 17329 não encontrada em dfc_md 2020
2026-05-04 12:30:07,580 [INFO] pipeline.cvm:   DFP dre 2020: 76 linhas
2026-05-04 12:30:08,160 [INFO] pipeline.cvm:   DFP bpa 2020: 158 linhas
2026-05-04 12:30:09,232 [INFO] pipeline.cvm:   DFP bpp 2020: 226 linhas
2026-05-04 12:30:09,730 [INFO] pipeline.cvm:   DFP dfc_mi 2020: 96 linhas
2026-05-04 12:30:09,767 [WARNING] pipeline.cvm:   Empresa 17329 não encontrada em dfc_md 2020
2026-05-04 12:30:10,021 [INFO] pipeline.cvm:   DFP dre 2021: 80 linhas
2026-05-04 12:30:10,428 [INFO] pipeline.cvm:   DFP bpa 2021: 150 linhas
2026-05-04 12:30:11,262 [INFO] pipeline.cvm:   DFP bpp 2021: 232 linhas
2026-05-04 12:30:11,601 [INFO] pipeline.cvm:   DFP dfc_mi 2021: 124 linhas
2026-05-04 12:30:11,623 [WARNING] pipeline.cvm:   Empresa 17329 não encontrada em dfc_md 2021
2026-05-04 12:30:11,957 [INFO] pipeline.cvm:   DFP dre 2021: 78 linhas
2026-05-04 12:30:12,560 [INFO] pipeline.cvm:   DFP bpa 2021: 158 linhas
2026-05-04 12:30:13,658 [INFO] pipeline.cvm:   DFP bpp 2021: 226 linhas
2026-05-04 12:30:14,168 [INFO] pipeline.cvm:   DFP dfc_mi 2021: 102 linhas
2026-05-04 12:30:14,209 [WARNING] pipeline.cvm:   Empresa 17329 não encontrada em dfc_md 2021
2026-05-04 12:30:14,516 [INFO] pipeline.cvm:   DFP dre 2022: 84 linhas
2026-05-04 12:30:15,005 [INFO] pipeline.cvm:   DFP bpa 2022: 150 linhas
2026-05-04 12:30:15,844 [INFO] pipeline.cvm:   DFP bpp 2022: 234 linhas
2026-05-04 12:30:16,211 [INFO] pipeline.cvm:   DFP dfc_mi 2022: 126 linhas
2026-05-04 12:30:16,238 [WARNING] pipeline.cvm:   Empresa 17329 não encontrada em dfc_md 2022
2026-05-04 12:30:16,587 [INFO] pipeline.cvm:   DFP dre 2022: 80 linhas
2026-05-04 12:30:17,192 [INFO] pipeline.cvm:   DFP bpa 2022: 156 linhas
2026-05-04 12:30:18,249 [INFO] pipeline.cvm:   DFP bpp 2022: 228 linhas
2026-05-04 12:30:18,754 [INFO] pipeline.cvm:   DFP dfc_mi 2022: 126 linhas
2026-05-04 12:30:18,801 [WARNING] pipeline.cvm:   Empresa 17329 não encontrada em dfc_md 2022
2026-05-04 12:30:19,027 [INFO] pipeline.cvm:   DFP dre 2023: 88 linhas
2026-05-04 12:30:19,432 [INFO] pipeline.cvm:   DFP bpa 2023: 166 linhas
2026-05-04 12:30:20,283 [INFO] pipeline.cvm:   DFP bpp 2023: 234 linhas
2026-05-04 12:30:20,665 [INFO] pipeline.cvm:   DFP dfc_mi 2023: 106 linhas
2026-05-04 12:30:20,690 [WARNING] pipeline.cvm:   Empresa 17329 não encontrada em dfc_md 2023
2026-05-04 12:30:21,001 [INFO] pipeline.cvm:   DFP dre 2023: 82 linhas
2026-05-04 12:30:21,582 [INFO] pipeline.cvm:   DFP bpa 2023: 168 linhas
2026-05-04 12:30:22,676 [INFO] pipeline.cvm:   DFP bpp 2023: 234 linhas
2026-05-04 12:30:23,185 [INFO] pipeline.cvm:   DFP dfc_mi 2023: 108 linhas
2026-05-04 12:30:23,230 [WARNING] pipeline.cvm:   Empresa 17329 não encontrada em dfc_md 2023
2026-05-04 12:30:23,453 [INFO] pipeline.cvm:   DFP dre 2024: 82 linhas
2026-05-04 12:30:23,851 [INFO] pipeline.cvm:   DFP bpa 2024: 166 linhas
2026-05-04 12:30:24,647 [INFO] pipeline.cvm:   DFP bpp 2024: 234 linhas
2026-05-04 12:30:25,023 [INFO] pipeline.cvm:   DFP dfc_mi 2024: 112 linhas
2026-05-04 12:30:25,068 [WARNING] pipeline.cvm:   Empresa 17329 não encontrada em dfc_md 2024
2026-05-04 12:30:25,461 [INFO] pipeline.cvm:   DFP dre 2024: 78 linhas
2026-05-04 12:30:26,047 [INFO] pipeline.cvm:   DFP bpa 2024: 168 linhas
2026-05-04 12:30:27,042 [INFO] pipeline.cvm:   DFP bpp 2024: 234 linhas
2026-05-04 12:30:27,548 [INFO] pipeline.cvm:   DFP dfc_mi 2024: 114 linhas
2026-05-04 12:30:27,596 [WARNING] pipeline.cvm:   Empresa 17329 não encontrada em dfc_md 2024
2026-05-04 12:30:27,805 [INFO] pipeline.cvm:   DFP dre 2025: 84 linhas
2026-05-04 12:30:28,156 [INFO] pipeline.cvm:   DFP bpa 2025: 142 linhas
2026-05-04 12:30:28,755 [INFO] pipeline.cvm:   DFP bpp 2025: 226 linhas
2026-05-04 12:30:29,101 [INFO] pipeline.cvm:   DFP dfc_mi 2025: 114 linhas
2026-05-04 12:30:29,120 [WARNING] pipeline.cvm:   Empresa 17329 não encontrada em dfc_md 2025
2026-05-04 12:30:29,418 [INFO] pipeline.cvm:   DFP dre 2025: 76 linhas
2026-05-04 12:30:29,963 [INFO] pipeline.cvm:   DFP bpa 2025: 130 linhas
2026-05-04 12:30:30,914 [INFO] pipeline.cvm:   DFP bpp 2025: 218 linhas
2026-05-04 12:30:31,364 [INFO] pipeline.cvm:   DFP dfc_mi 2025: 90 linhas
2026-05-04 12:30:31,398 [WARNING] pipeline.cvm:   Empresa 17329 não encontrada em dfc_md 2025
2026-05-04 12:30:40,373 [INFO] pipeline:   EGIE3: score=77/100 | critical=1 | warnings=1
2026-05-04 12:30:40,373 [INFO] pipeline:   Relatorio: C:\Users\55819\OneDrive - EPEJUD\DIEGO\OBSIDIAN\Analista de Investimentos\12_PYTHON\pipeline banco completo\outputs\data_quality\audit_EGIE3_20260504.md
2026-05-04 12:30:40,373 [INFO] pipeline: 
Auditorando TAEE11...
2026-05-04 12:30:40,577 [INFO] pipeline.cvm:   DFP dre 2020: 90 linhas
2026-05-04 12:30:40,915 [INFO] pipeline.cvm:   DFP bpa 2020: 146 linhas
2026-05-04 12:30:41,536 [INFO] pipeline.cvm:   DFP bpp 2020: 226 linhas
2026-05-04 12:30:41,946 [INFO] pipeline.cvm:   DFP dfc_mi 2020: 118 linhas
2026-05-04 12:30:41,965 [WARNING] pipeline.cvm:   Empresa 20257 não encontrada em dfc_md 2020
2026-05-04 12:30:42,269 [INFO] pipeline.cvm:   DFP dre 2020: 86 linhas
2026-05-04 12:30:42,885 [INFO] pipeline.cvm:   DFP bpa 2020: 148 linhas
2026-05-04 12:30:44,006 [INFO] pipeline.cvm:   DFP bpp 2020: 228 linhas
2026-05-04 12:30:44,443 [INFO] pipeline.cvm:   DFP dfc_mi 2020: 124 linhas
2026-05-04 12:30:44,473 [WARNING] pipeline.cvm:   Empresa 20257 não encontrada em dfc_md 2020
2026-05-04 12:30:44,691 [INFO] pipeline.cvm:   DFP dre 2021: 86 linhas
2026-05-04 12:30:45,047 [INFO] pipeline.cvm:   DFP bpa 2021: 146 linhas
2026-05-04 12:30:45,683 [INFO] pipeline.cvm:   DFP bpp 2021: 226 linhas
2026-05-04 12:30:46,008 [INFO] pipeline.cvm:   DFP dfc_mi 2021: 114 linhas
2026-05-04 12:30:46,034 [WARNING] pipeline.cvm:   Empresa 20257 não encontrada em dfc_md 2021
2026-05-04 12:30:46,338 [INFO] pipeline.cvm:   DFP dre 2021: 82 linhas
2026-05-04 12:30:46,926 [INFO] pipeline.cvm:   DFP bpa 2021: 142 linhas
2026-05-04 12:30:47,994 [INFO] pipeline.cvm:   DFP bpp 2021: 222 linhas
2026-05-04 12:30:48,453 [INFO] pipeline.cvm:   DFP dfc_mi 2021: 112 linhas
2026-05-04 12:30:48,487 [WARNING] pipeline.cvm:   Empresa 20257 não encontrada em dfc_md 2021
2026-05-04 12:30:48,707 [INFO] pipeline.cvm:   DFP dre 2022: 86 linhas
2026-05-04 12:30:49,084 [INFO] pipeline.cvm:   DFP bpa 2022: 146 linhas
2026-05-04 12:30:49,750 [INFO] pipeline.cvm:   DFP bpp 2022: 226 linhas
2026-05-04 12:30:50,105 [INFO] pipeline.cvm:   DFP dfc_mi 2022: 110 linhas
2026-05-04 12:30:50,131 [WARNING] pipeline.cvm:   Empresa 20257 não encontrada em dfc_md 2022
2026-05-04 12:30:50,443 [INFO] pipeline.cvm:   DFP dre 2022: 82 linhas
2026-05-04 12:30:51,025 [INFO] pipeline.cvm:   DFP bpa 2022: 142 linhas
2026-05-04 12:30:52,065 [INFO] pipeline.cvm:   DFP bpp 2022: 222 linhas
2026-05-04 12:30:52,537 [INFO] pipeline.cvm:   DFP dfc_mi 2022: 106 linhas
2026-05-04 12:30:52,581 [WARNING] pipeline.cvm:   Empresa 20257 não encontrada em dfc_md 2022
2026-05-04 12:30:52,803 [INFO] pipeline.cvm:   DFP dre 2023: 88 linhas
2026-05-04 12:30:53,179 [INFO] pipeline.cvm:   DFP bpa 2023: 146 linhas
2026-05-04 12:30:53,831 [INFO] pipeline.cvm:   DFP bpp 2023: 232 linhas
2026-05-04 12:30:54,221 [INFO] pipeline.cvm:   DFP dfc_mi 2023: 110 linhas
2026-05-04 12:30:54,247 [WARNING] pipeline.cvm:   Empresa 20257 não encontrada em dfc_md 2023
2026-05-04 12:30:54,550 [INFO] pipeline.cvm:   DFP dre 2023: 84 linhas
2026-05-04 12:30:55,139 [INFO] pipeline.cvm:   DFP bpa 2023: 142 linhas
2026-05-04 12:30:56,256 [INFO] pipeline.cvm:   DFP bpp 2023: 228 linhas
2026-05-04 12:30:56,740 [INFO] pipeline.cvm:   DFP dfc_mi 2023: 106 linhas
2026-05-04 12:30:56,784 [WARNING] pipeline.cvm:   Empresa 20257 não encontrada em dfc_md 2023
2026-05-04 12:30:57,003 [INFO] pipeline.cvm:   DFP dre 2024: 88 linhas
2026-05-04 12:30:57,369 [INFO] pipeline.cvm:   DFP bpa 2024: 146 linhas
2026-05-04 12:30:57,991 [INFO] pipeline.cvm:   DFP bpp 2024: 232 linhas
2026-05-04 12:30:58,333 [INFO] pipeline.cvm:   DFP dfc_mi 2024: 110 linhas
2026-05-04 12:30:58,356 [WARNING] pipeline.cvm:   Empresa 20257 não encontrada em dfc_md 2024
2026-05-04 12:30:58,636 [INFO] pipeline.cvm:   DFP dre 2024: 84 linhas
2026-05-04 12:30:59,173 [INFO] pipeline.cvm:   DFP bpa 2024: 142 linhas
2026-05-04 12:31:00,152 [INFO] pipeline.cvm:   DFP bpp 2024: 228 linhas
2026-05-04 12:31:00,695 [INFO] pipeline.cvm:   DFP dfc_mi 2024: 106 linhas
2026-05-04 12:31:00,732 [WARNING] pipeline.cvm:   Empresa 20257 não encontrada em dfc_md 2024
2026-05-04 12:31:00,931 [INFO] pipeline.cvm:   DFP dre 2025: 88 linhas
2026-05-04 12:31:01,269 [INFO] pipeline.cvm:   DFP bpa 2025: 146 linhas
2026-05-04 12:31:01,854 [INFO] pipeline.cvm:   DFP bpp 2025: 230 linhas
2026-05-04 12:31:02,196 [INFO] pipeline.cvm:   DFP dfc_mi 2025: 110 linhas
2026-05-04 12:31:02,219 [WARNING] pipeline.cvm:   Empresa 20257 não encontrada em dfc_md 2025
2026-05-04 12:31:02,481 [INFO] pipeline.cvm:   DFP dre 2025: 84 linhas
2026-05-04 12:31:03,006 [INFO] pipeline.cvm:   DFP bpa 2025: 142 linhas
2026-05-04 12:31:03,949 [INFO] pipeline.cvm:   DFP bpp 2025: 226 linhas
2026-05-04 12:31:04,399 [INFO] pipeline.cvm:   DFP dfc_mi 2025: 104 linhas
2026-05-04 12:31:04,433 [WARNING] pipeline.cvm:   Empresa 20257 não encontrada em dfc_md 2025
2026-05-04 12:31:06,950 [INFO] pipeline:   TAEE11: score=77/100 | critical=1 | warnings=1
2026-05-04 12:31:06,950 [INFO] pipeline:   Relatorio: C:\Users\55819\OneDrive - EPEJUD\DIEGO\OBSIDIAN\Analista de Investimentos\12_PYTHON\pipeline banco completo\outputs\data_quality\audit_TAEE11_20260504.md
2026-05-04 12:31:06,950 [INFO] pipeline: 
Auditorando TRPL4...
2026-05-04 12:31:07,167 [INFO] pipeline.cvm:   DFP dre 2020: 84 linhas
2026-05-04 12:31:07,509 [INFO] pipeline.cvm:   DFP bpa 2020: 142 linhas
2026-05-04 12:31:08,118 [INFO] pipeline.cvm:   DFP bpp 2020: 262 linhas
2026-05-04 12:31:08,445 [INFO] pipeline.cvm:   DFP dfc_mi 2020: 122 linhas
2026-05-04 12:31:08,464 [WARNING] pipeline.cvm:   Empresa 18376 não encontrada em dfc_md 2020
2026-05-04 12:31:08,763 [INFO] pipeline.cvm:   DFP dre 2020: 78 linhas
2026-05-04 12:31:09,326 [INFO] pipeline.cvm:   DFP bpa 2020: 144 linhas
2026-05-04 12:31:10,442 [INFO] pipeline.cvm:   DFP bpp 2020: 260 linhas
2026-05-04 12:31:10,938 [INFO] pipeline.cvm:   DFP dfc_mi 2020: 116 linhas
2026-05-04 12:31:10,971 [WARNING] pipeline.cvm:   Empresa 18376 não encontrada em dfc_md 2020
2026-05-04 12:31:11,189 [INFO] pipeline.cvm:   DFP dre 2021: 84 linhas
2026-05-04 12:31:11,568 [INFO] pipeline.cvm:   DFP bpa 2021: 142 linhas
2026-05-04 12:31:12,228 [INFO] pipeline.cvm:   DFP bpp 2021: 262 linhas
2026-05-04 12:31:12,563 [INFO] pipeline.cvm:   DFP dfc_mi 2021: 122 linhas
2026-05-04 12:31:12,593 [WARNING] pipeline.cvm:   Empresa 18376 não encontrada em dfc_md 2021
2026-05-04 12:31:12,895 [INFO] pipeline.cvm:   DFP dre 2021: 78 linhas
2026-05-04 12:31:13,471 [INFO] pipeline.cvm:   DFP bpa 2021: 144 linhas
2026-05-04 12:31:14,474 [INFO] pipeline.cvm:   DFP bpp 2021: 260 linhas
2026-05-04 12:31:14,934 [INFO] pipeline.cvm:   DFP dfc_mi 2021: 114 linhas
2026-05-04 12:31:14,965 [WARNING] pipeline.cvm:   Empresa 18376 não encontrada em dfc_md 2021
2026-05-04 12:31:15,186 [INFO] pipeline.cvm:   DFP dre 2022: 84 linhas
2026-05-04 12:31:15,579 [INFO] pipeline.cvm:   DFP bpa 2022: 142 linhas
2026-05-04 12:31:16,234 [INFO] pipeline.cvm:   DFP bpp 2022: 262 linhas
2026-05-04 12:31:16,584 [INFO] pipeline.cvm:   DFP dfc_mi 2022: 126 linhas
2026-05-04 12:31:16,610 [WARNING] pipeline.cvm:   Empresa 18376 não encontrada em dfc_md 2022
2026-05-04 12:31:16,918 [INFO] pipeline.cvm:   DFP dre 2022: 78 linhas
2026-05-04 12:31:17,495 [INFO] pipeline.cvm:   DFP bpa 2022: 146 linhas
2026-05-04 12:31:18,531 [INFO] pipeline.cvm:   DFP bpp 2022: 260 linhas
2026-05-04 12:31:19,015 [INFO] pipeline.cvm:   DFP dfc_mi 2022: 116 linhas
2026-05-04 12:31:19,058 [WARNING] pipeline.cvm:   Empresa 18376 não encontrada em dfc_md 2022
2026-05-04 12:31:19,313 [INFO] pipeline.cvm:   DFP dre 2023: 86 linhas
2026-05-04 12:31:19,697 [INFO] pipeline.cvm:   DFP bpa 2023: 142 linhas
2026-05-04 12:31:20,402 [INFO] pipeline.cvm:   DFP bpp 2023: 262 linhas
2026-05-04 12:31:20,781 [INFO] pipeline.cvm:   DFP dfc_mi 2023: 126 linhas
2026-05-04 12:31:20,806 [WARNING] pipeline.cvm:   Empresa 18376 não encontrada em dfc_md 2023
2026-05-04 12:31:21,110 [INFO] pipeline.cvm:   DFP dre 2023: 80 linhas
2026-05-04 12:31:21,701 [INFO] pipeline.cvm:   DFP bpa 2023: 148 linhas
2026-05-04 12:31:22,743 [INFO] pipeline.cvm:   DFP bpp 2023: 260 linhas
2026-05-04 12:31:23,249 [INFO] pipeline.cvm:   DFP dfc_mi 2023: 116 linhas
2026-05-04 12:31:23,293 [WARNING] pipeline.cvm:   Empresa 18376 não encontrada em dfc_md 2023
2026-05-04 12:31:23,503 [INFO] pipeline.cvm:   DFP dre 2024: 86 linhas
2026-05-04 12:31:23,874 [INFO] pipeline.cvm:   DFP bpa 2024: 142 linhas
2026-05-04 12:31:24,579 [INFO] pipeline.cvm:   DFP bpp 2024: 262 linhas
2026-05-04 12:31:24,937 [INFO] pipeline.cvm:   DFP dfc_mi 2024: 128 linhas
2026-05-04 12:31:24,962 [WARNING] pipeline.cvm:   Empresa 18376 não encontrada em dfc_md 2024
2026-05-04 12:31:25,249 [INFO] pipeline.cvm:   DFP dre 2024: 80 linhas
2026-05-04 12:31:25,807 [INFO] pipeline.cvm:   DFP bpa 2024: 148 linhas
2026-05-04 12:31:26,803 [INFO] pipeline.cvm:   DFP bpp 2024: 260 linhas
2026-05-04 12:31:27,442 [INFO] pipeline.cvm:   DFP dfc_mi 2024: 120 linhas
2026-05-04 12:31:27,487 [WARNING] pipeline.cvm:   Empresa 18376 não encontrada em dfc_md 2024
2026-05-04 12:31:27,686 [INFO] pipeline.cvm:   DFP dre 2025: 86 linhas
2026-05-04 12:31:28,062 [INFO] pipeline.cvm:   DFP bpa 2025: 142 linhas
2026-05-04 12:31:28,758 [INFO] pipeline.cvm:   DFP bpp 2025: 262 linhas
2026-05-04 12:31:29,086 [INFO] pipeline.cvm:   DFP dfc_mi 2025: 130 linhas
2026-05-04 12:31:29,112 [WARNING] pipeline.cvm:   Empresa 18376 não encontrada em dfc_md 2025
2026-05-04 12:31:29,373 [INFO] pipeline.cvm:   DFP dre 2025: 80 linhas
2026-05-04 12:31:29,882 [INFO] pipeline.cvm:   DFP bpa 2025: 148 linhas
2026-05-04 12:31:30,762 [INFO] pipeline.cvm:   DFP bpp 2025: 260 linhas
2026-05-04 12:31:31,208 [INFO] pipeline.cvm:   DFP dfc_mi 2025: 120 linhas
2026-05-04 12:31:31,240 [WARNING] pipeline.cvm:   Empresa 18376 não encontrada em dfc_md 2025
2026-05-04 12:31:40,459 [INFO] pipeline:   TRPL4: score=72/100 | critical=1 | warnings=2
2026-05-04 12:31:40,459 [INFO] pipeline:   Relatorio: C:\Users\55819\OneDrive - EPEJUD\DIEGO\OBSIDIAN\Analista de Investimentos\12_PYTHON\pipeline banco completo\outputs\data_quality\audit_TRPL4_20260504.md
2026-05-04 12:31:40,460 [INFO] pipeline: 
Auditorando AESB3...
2026-05-04 12:31:40,696 [WARNING] pipeline.cvm:   Empresa 26620 não encontrada em dre 2020
2026-05-04 12:31:41,060 [WARNING] pipeline.cvm:   Empresa 26620 não encontrada em bpa 2020
2026-05-04 12:31:41,690 [WARNING] pipeline.cvm:   Empresa 26620 não encontrada em bpp 2020
2026-05-04 12:31:42,038 [WARNING] pipeline.cvm:   Empresa 26620 não encontrada em dfc_mi 2020
2026-05-04 12:31:42,062 [WARNING] pipeline.cvm:   Empresa 26620 não encontrada em dfc_md 2020
2026-05-04 12:31:42,386 [WARNING] pipeline.cvm:   Empresa 26620 não encontrada em dre 2020
2026-05-04 12:31:42,968 [WARNING] pipeline.cvm:   Empresa 26620 não encontrada em bpa 2020
2026-05-04 12:31:44,201 [WARNING] pipeline.cvm:   Empresa 26620 não encontrada em bpp 2020
2026-05-04 12:31:44,672 [WARNING] pipeline.cvm:   Empresa 26620 não encontrada em dfc_mi 2020
2026-05-04 12:31:44,708 [WARNING] pipeline.cvm:   Empresa 26620 não encontrada em dfc_md 2020
2026-05-04 12:31:44,930 [INFO] pipeline.cvm:   DFP dre 2021: 66 linhas
2026-05-04 12:31:45,301 [INFO] pipeline.cvm:   DFP bpa 2021: 134 linhas
2026-05-04 12:31:46,017 [INFO] pipeline.cvm:   DFP bpp 2021: 236 linhas
2026-05-04 12:31:46,356 [INFO] pipeline.cvm:   DFP dfc_mi 2021: 118 linhas
2026-05-04 12:31:46,383 [WARNING] pipeline.cvm:   Empresa 26620 não encontrada em dfc_md 2021
2026-05-04 12:31:46,693 [INFO] pipeline.cvm:   DFP dre 2021: 58 linhas
2026-05-04 12:31:47,279 [INFO] pipeline.cvm:   DFP bpa 2021: 118 linhas
2026-05-04 12:31:48,348 [INFO] pipeline.cvm:   DFP bpp 2021: 208 linhas
2026-05-04 12:31:48,830 [INFO] pipeline.cvm:   DFP dfc_mi 2021: 66 linhas
2026-05-04 12:31:48,871 [WARNING] pipeline.cvm:   Empresa 26620 não encontrada em dfc_md 2021
2026-05-04 12:31:49,092 [INFO] pipeline.cvm:   DFP dre 2022: 68 linhas
2026-05-04 12:31:49,491 [INFO] pipeline.cvm:   DFP bpa 2022: 144 linhas
2026-05-04 12:31:50,197 [INFO] pipeline.cvm:   DFP bpp 2022: 240 linhas
2026-05-04 12:31:50,560 [INFO] pipeline.cvm:   DFP dfc_mi 2022: 126 linhas
2026-05-04 12:31:50,588 [WARNING] pipeline.cvm:   Empresa 26620 não encontrada em dfc_md 2022
2026-05-04 12:31:50,899 [INFO] pipeline.cvm:   DFP dre 2022: 60 linhas
2026-05-04 12:31:51,503 [INFO] pipeline.cvm:   DFP bpa 2022: 130 linhas
2026-05-04 12:31:52,575 [INFO] pipeline.cvm:   DFP bpp 2022: 238 linhas
2026-05-04 12:31:53,060 [INFO] pipeline.cvm:   DFP dfc_mi 2022: 136 linhas
2026-05-04 12:31:53,101 [WARNING] pipeline.cvm:   Empresa 26620 não encontrada em dfc_md 2022
2026-05-04 12:31:53,321 [INFO] pipeline.cvm:   DFP dre 2023: 72 linhas
2026-05-04 12:31:53,702 [INFO] pipeline.cvm:   DFP bpa 2023: 144 linhas
2026-05-04 12:31:54,430 [INFO] pipeline.cvm:   DFP bpp 2023: 242 linhas
2026-05-04 12:31:54,801 [INFO] pipeline.cvm:   DFP dfc_mi 2023: 130 linhas
2026-05-04 12:31:54,825 [WARNING] pipeline.cvm:   Empresa 26620 não encontrada em dfc_md 2023
2026-05-04 12:31:55,133 [INFO] pipeline.cvm:   DFP dre 2023: 64 linhas
2026-05-04 12:31:55,718 [INFO] pipeline.cvm:   DFP bpa 2023: 144 linhas
2026-05-04 12:31:56,751 [INFO] pipeline.cvm:   DFP bpp 2023: 240 linhas
2026-05-04 12:31:57,242 [INFO] pipeline.cvm:   DFP dfc_mi 2023: 130 linhas
2026-05-04 12:31:57,282 [WARNING] pipeline.cvm:   Empresa 26620 não encontrada em dfc_md 2023
2026-05-04 12:31:57,498 [INFO] pipeline.cvm:   DFP dre 2024: 72 linhas
2026-05-04 12:31:57,872 [INFO] pipeline.cvm:   DFP bpa 2024: 152 linhas
2026-05-04 12:31:58,530 [INFO] pipeline.cvm:   DFP bpp 2024: 242 linhas
2026-05-04 12:31:58,890 [INFO] pipeline.cvm:   DFP dfc_mi 2024: 140 linhas
2026-05-04 12:31:58,915 [WARNING] pipeline.cvm:   Empresa 26620 não encontrada em dfc_md 2024
2026-05-04 12:31:59,203 [INFO] pipeline.cvm:   DFP dre 2024: 68 linhas
2026-05-04 12:31:59,786 [INFO] pipeline.cvm:   DFP bpa 2024: 154 linhas
2026-05-04 12:32:00,853 [INFO] pipeline.cvm:   DFP bpp 2024: 244 linhas
2026-05-04 12:32:01,346 [INFO] pipeline.cvm:   DFP dfc_mi 2024: 134 linhas
2026-05-04 12:32:01,381 [WARNING] pipeline.cvm:   Empresa 26620 não encontrada em dfc_md 2024
2026-05-04 12:32:01,575 [INFO] pipeline.cvm:   DFP dre 2025: 72 linhas
2026-05-04 12:32:01,928 [INFO] pipeline.cvm:   DFP bpa 2025: 158 linhas
2026-05-04 12:32:02,612 [INFO] pipeline.cvm:   DFP bpp 2025: 246 linhas
2026-05-04 12:32:02,942 [INFO] pipeline.cvm:   DFP dfc_mi 2025: 148 linhas
2026-05-04 12:32:02,965 [WARNING] pipeline.cvm:   Empresa 26620 não encontrada em dfc_md 2025
2026-05-04 12:32:03,229 [INFO] pipeline.cvm:   DFP dre 2025: 68 linhas
2026-05-04 12:32:03,757 [INFO] pipeline.cvm:   DFP bpa 2025: 154 linhas
2026-05-04 12:32:04,696 [INFO] pipeline.cvm:   DFP bpp 2025: 244 linhas
2026-05-04 12:32:05,177 [INFO] pipeline.cvm:   DFP dfc_mi 2025: 136 linhas
2026-05-04 12:32:05,219 [WARNING] pipeline.cvm:   Empresa 26620 não encontrada em dfc_md 2025
2026-05-04 12:32:09,998 [INFO] pipeline:   AESB3: score=54/100 | critical=2 | warnings=2
2026-05-04 12:32:09,999 [INFO] pipeline:   Relatorio: C:\Users\55819\OneDrive - EPEJUD\DIEGO\OBSIDIAN\Analista de Investimentos\12_PYTHON\pipeline banco completo\outputs\data_quality\audit_AESB3_20260504.md
2026-05-04 12:32:09,999 [INFO] pipeline: 
Auditorando ALUP11...
2026-05-04 12:32:10,201 [INFO] pipeline.cvm:   DFP dre 2020: 100 linhas
2026-05-04 12:32:10,601 [INFO] pipeline.cvm:   DFP bpa 2020: 152 linhas
2026-05-04 12:32:11,261 [INFO] pipeline.cvm:   DFP bpp 2020: 256 linhas
2026-05-04 12:32:11,598 [INFO] pipeline.cvm:   DFP dfc_mi 2020: 112 linhas
2026-05-04 12:32:11,619 [WARNING] pipeline.cvm:   Empresa 21490 não encontrada em dfc_md 2020
2026-05-04 12:32:11,924 [INFO] pipeline.cvm:   DFP dre 2020: 80 linhas
2026-05-04 12:32:12,487 [INFO] pipeline.cvm:   DFP bpa 2020: 138 linhas
2026-05-04 12:32:13,780 [INFO] pipeline.cvm:   DFP bpp 2020: 228 linhas
2026-05-04 12:32:14,247 [INFO] pipeline.cvm:   DFP dfc_mi 2020: 106 linhas
2026-05-04 12:32:14,285 [WARNING] pipeline.cvm:   Empresa 21490 não encontrada em dfc_md 2020
2026-05-04 12:32:14,515 [INFO] pipeline.cvm:   DFP dre 2021: 78 linhas
2026-05-04 12:32:14,887 [INFO] pipeline.cvm:   DFP bpa 2021: 152 linhas
2026-05-04 12:32:15,567 [INFO] pipeline.cvm:   DFP bpp 2021: 256 linhas
2026-05-04 12:32:15,922 [INFO] pipeline.cvm:   DFP dfc_mi 2021: 110 linhas
2026-05-04 12:32:15,948 [WARNING] pipeline.cvm:   Empresa 21490 não encontrada em dfc_md 2021
2026-05-04 12:32:16,259 [INFO] pipeline.cvm:   DFP dre 2021: 66 linhas
2026-05-04 12:32:16,874 [INFO] pipeline.cvm:   DFP bpa 2021: 136 linhas
2026-05-04 12:32:17,950 [INFO] pipeline.cvm:   DFP bpp 2021: 226 linhas
2026-05-04 12:32:18,414 [INFO] pipeline.cvm:   DFP dfc_mi 2021: 94 linhas
2026-05-04 12:32:18,456 [WARNING] pipeline.cvm:   Empresa 21490 não encontrada em dfc_md 2021
2026-05-04 12:32:18,678 [INFO] pipeline.cvm:   DFP dre 2022: 78 linhas
2026-05-04 12:32:19,067 [INFO] pipeline.cvm:   DFP bpa 2022: 152 linhas
2026-05-04 12:32:19,724 [INFO] pipeline.cvm:   DFP bpp 2022: 260 linhas
2026-05-04 12:32:20,097 [INFO] pipeline.cvm:   DFP dfc_mi 2022: 112 linhas
2026-05-04 12:32:20,126 [WARNING] pipeline.cvm:   Empresa 21490 não encontrada em dfc_md 2022
2026-05-04 12:32:20,467 [INFO] pipeline.cvm:   DFP dre 2022: 66 linhas
2026-05-04 12:32:21,054 [INFO] pipeline.cvm:   DFP bpa 2022: 136 linhas
2026-05-04 12:32:22,144 [INFO] pipeline.cvm:   DFP bpp 2022: 228 linhas
2026-05-04 12:32:22,639 [INFO] pipeline.cvm:   DFP dfc_mi 2022: 96 linhas
2026-05-04 12:32:22,681 [WARNING] pipeline.cvm:   Empresa 21490 não encontrada em dfc_md 2022
2026-05-04 12:32:22,908 [INFO] pipeline.cvm:   DFP dre 2023: 78 linhas
2026-05-04 12:32:23,365 [INFO] pipeline.cvm:   DFP bpa 2023: 152 linhas
2026-05-04 12:32:24,087 [INFO] pipeline.cvm:   DFP bpp 2023: 266 linhas
2026-05-04 12:32:24,510 [INFO] pipeline.cvm:   DFP dfc_mi 2023: 120 linhas
2026-05-04 12:32:24,535 [WARNING] pipeline.cvm:   Empresa 21490 não encontrada em dfc_md 2023
2026-05-04 12:32:24,868 [INFO] pipeline.cvm:   DFP dre 2023: 66 linhas
2026-05-04 12:32:25,480 [INFO] pipeline.cvm:   DFP bpa 2023: 136 linhas
2026-05-04 12:32:26,612 [INFO] pipeline.cvm:   DFP bpp 2023: 230 linhas
2026-05-04 12:32:27,098 [INFO] pipeline.cvm:   DFP dfc_mi 2023: 96 linhas
2026-05-04 12:32:27,142 [WARNING] pipeline.cvm:   Empresa 21490 não encontrada em dfc_md 2023
2026-05-04 12:32:27,379 [INFO] pipeline.cvm:   DFP dre 2024: 78 linhas
2026-05-04 12:32:27,796 [INFO] pipeline.cvm:   DFP bpa 2024: 154 linhas
2026-05-04 12:32:28,451 [INFO] pipeline.cvm:   DFP bpp 2024: 270 linhas
2026-05-04 12:32:28,814 [INFO] pipeline.cvm:   DFP dfc_mi 2024: 120 linhas
2026-05-04 12:32:28,840 [WARNING] pipeline.cvm:   Empresa 21490 não encontrada em dfc_md 2024
2026-05-04 12:32:29,165 [INFO] pipeline.cvm:   DFP dre 2024: 60 linhas
2026-05-04 12:32:29,743 [INFO] pipeline.cvm:   DFP bpa 2024: 136 linhas
2026-05-04 12:32:30,833 [INFO] pipeline.cvm:   DFP bpp 2024: 232 linhas
2026-05-04 12:32:31,341 [INFO] pipeline.cvm:   DFP dfc_mi 2024: 90 linhas
2026-05-04 12:32:31,383 [WARNING] pipeline.cvm:   Empresa 21490 não encontrada em dfc_md 2024
2026-05-04 12:32:31,597 [INFO] pipeline.cvm:   DFP dre 2025: 78 linhas
2026-05-04 12:32:31,952 [INFO] pipeline.cvm:   DFP bpa 2025: 154 linhas
2026-05-04 12:32:32,618 [INFO] pipeline.cvm:   DFP bpp 2025: 270 linhas
2026-05-04 12:32:32,962 [INFO] pipeline.cvm:   DFP dfc_mi 2025: 120 linhas
2026-05-04 12:32:32,984 [WARNING] pipeline.cvm:   Empresa 21490 não encontrada em dfc_md 2025
2026-05-04 12:32:33,255 [INFO] pipeline.cvm:   DFP dre 2025: 60 linhas
2026-05-04 12:32:33,766 [INFO] pipeline.cvm:   DFP bpa 2025: 138 linhas
2026-05-04 12:32:34,747 [INFO] pipeline.cvm:   DFP bpp 2025: 232 linhas
2026-05-04 12:32:35,222 [INFO] pipeline.cvm:   DFP dfc_mi 2025: 96 linhas
2026-05-04 12:32:35,250 [WARNING] pipeline.cvm:   Empresa 21490 não encontrada em dfc_md 2025
2026-05-04 12:32:48,913 [INFO] pipeline:   ALUP11: score=77/100 | critical=1 | warnings=1
2026-05-04 12:32:48,913 [INFO] pipeline:   Relatorio: C:\Users\55819\OneDrive - EPEJUD\DIEGO\OBSIDIAN\Analista de Investimentos\12_PYTHON\pipeline banco completo\outputs\data_quality\audit_ALUP11_20260504.md
2026-05-04 12:32:48,914 [INFO] pipeline: 
Auditorando CLSC4...
2026-05-04 12:32:49,127 [INFO] pipeline.cvm:   DFP dre 2020: 80 linhas
2026-05-04 12:32:49,476 [INFO] pipeline.cvm:   DFP bpa 2020: 146 linhas
2026-05-04 12:32:50,123 [INFO] pipeline.cvm:   DFP bpp 2020: 234 linhas
2026-05-04 12:32:50,436 [INFO] pipeline.cvm:   DFP dfc_mi 2020: 126 linhas
2026-05-04 12:32:50,456 [WARNING] pipeline.cvm:   Empresa 2461 não encontrada em dfc_md 2020
2026-05-04 12:32:50,794 [INFO] pipeline.cvm:   DFP dre 2020: 60 linhas
2026-05-04 12:32:51,369 [INFO] pipeline.cvm:   DFP bpa 2020: 124 linhas
2026-05-04 12:32:52,523 [INFO] pipeline.cvm:   DFP bpp 2020: 226 linhas
2026-05-04 12:32:52,975 [INFO] pipeline.cvm:   DFP dfc_mi 2020: 68 linhas
2026-05-04 12:32:53,005 [WARNING] pipeline.cvm:   Empresa 2461 não encontrada em dfc_md 2020
2026-05-04 12:32:53,228 [INFO] pipeline.cvm:   DFP dre 2021: 80 linhas
2026-05-04 12:32:53,588 [INFO] pipeline.cvm:   DFP bpa 2021: 154 linhas
2026-05-04 12:32:54,267 [INFO] pipeline.cvm:   DFP bpp 2021: 240 linhas
2026-05-04 12:32:54,607 [INFO] pipeline.cvm:   DFP dfc_mi 2021: 122 linhas
2026-05-04 12:32:54,632 [WARNING] pipeline.cvm:   Empresa 2461 não encontrada em dfc_md 2021
2026-05-04 12:32:54,937 [INFO] pipeline.cvm:   DFP dre 2021: 60 linhas
2026-05-04 12:32:55,589 [INFO] pipeline.cvm:   DFP bpa 2021: 124 linhas
2026-05-04 12:32:56,644 [INFO] pipeline.cvm:   DFP bpp 2021: 230 linhas
2026-05-04 12:32:57,113 [INFO] pipeline.cvm:   DFP dfc_mi 2021: 72 linhas
2026-05-04 12:32:57,154 [WARNING] pipeline.cvm:   Empresa 2461 não encontrada em dfc_md 2021
2026-05-04 12:32:57,381 [INFO] pipeline.cvm:   DFP dre 2022: 80 linhas
2026-05-04 12:32:57,807 [INFO] pipeline.cvm:   DFP bpa 2022: 154 linhas
2026-05-04 12:32:58,515 [INFO] pipeline.cvm:   DFP bpp 2022: 242 linhas
2026-05-04 12:32:58,904 [INFO] pipeline.cvm:   DFP dfc_mi 2022: 122 linhas
2026-05-04 12:32:58,934 [WARNING] pipeline.cvm:   Empresa 2461 não encontrada em dfc_md 2022
2026-05-04 12:32:59,246 [INFO] pipeline.cvm:   DFP dre 2022: 60 linhas
2026-05-04 12:32:59,817 [INFO] pipeline.cvm:   DFP bpa 2022: 126 linhas
2026-05-04 12:33:00,885 [INFO] pipeline.cvm:   DFP bpp 2022: 230 linhas
2026-05-04 12:33:01,367 [INFO] pipeline.cvm:   DFP dfc_mi 2022: 70 linhas
2026-05-04 12:33:01,409 [WARNING] pipeline.cvm:   Empresa 2461 não encontrada em dfc_md 2022
2026-05-04 12:33:01,648 [INFO] pipeline.cvm:   DFP dre 2023: 80 linhas
2026-05-04 12:33:02,082 [INFO] pipeline.cvm:   DFP bpa 2023: 160 linhas
2026-05-04 12:33:02,779 [INFO] pipeline.cvm:   DFP bpp 2023: 240 linhas
2026-05-04 12:33:03,141 [INFO] pipeline.cvm:   DFP dfc_mi 2023: 128 linhas
2026-05-04 12:33:03,163 [WARNING] pipeline.cvm:   Empresa 2461 não encontrada em dfc_md 2023
2026-05-04 12:33:03,496 [INFO] pipeline.cvm:   DFP dre 2023: 60 linhas
2026-05-04 12:33:04,097 [INFO] pipeline.cvm:   DFP bpa 2023: 128 linhas
2026-05-04 12:33:05,147 [INFO] pipeline.cvm:   DFP bpp 2023: 230 linhas
2026-05-04 12:33:05,644 [INFO] pipeline.cvm:   DFP dfc_mi 2023: 64 linhas
2026-05-04 12:33:05,686 [WARNING] pipeline.cvm:   Empresa 2461 não encontrada em dfc_md 2023
2026-05-04 12:33:05,899 [INFO] pipeline.cvm:   DFP dre 2024: 80 linhas
2026-05-04 12:33:06,278 [INFO] pipeline.cvm:   DFP bpa 2024: 160 linhas
2026-05-04 12:33:06,911 [INFO] pipeline.cvm:   DFP bpp 2024: 242 linhas
2026-05-04 12:33:07,274 [INFO] pipeline.cvm:   DFP dfc_mi 2024: 130 linhas
2026-05-04 12:33:07,306 [WARNING] pipeline.cvm:   Empresa 2461 não encontrada em dfc_md 2024
2026-05-04 12:33:07,594 [INFO] pipeline.cvm:   DFP dre 2024: 60 linhas
2026-05-04 12:33:08,135 [INFO] pipeline.cvm:   DFP bpa 2024: 128 linhas
2026-05-04 12:33:09,073 [INFO] pipeline.cvm:   DFP bpp 2024: 230 linhas
2026-05-04 12:33:09,554 [INFO] pipeline.cvm:   DFP dfc_mi 2024: 64 linhas
2026-05-04 12:33:09,591 [WARNING] pipeline.cvm:   Empresa 2461 não encontrada em dfc_md 2024
2026-05-04 12:33:09,789 [INFO] pipeline.cvm:   DFP dre 2025: 80 linhas
2026-05-04 12:33:10,130 [INFO] pipeline.cvm:   DFP bpa 2025: 162 linhas
2026-05-04 12:33:10,713 [INFO] pipeline.cvm:   DFP bpp 2025: 244 linhas
2026-05-04 12:33:11,043 [INFO] pipeline.cvm:   DFP dfc_mi 2025: 130 linhas
2026-05-04 12:33:11,065 [WARNING] pipeline.cvm:   Empresa 2461 não encontrada em dfc_md 2025
2026-05-04 12:33:11,344 [INFO] pipeline.cvm:   DFP dre 2025: 60 linhas
2026-05-04 12:33:11,854 [INFO] pipeline.cvm:   DFP bpa 2025: 128 linhas
2026-05-04 12:33:12,738 [INFO] pipeline.cvm:   DFP bpp 2025: 230 linhas
2026-05-04 12:33:13,231 [INFO] pipeline.cvm:   DFP dfc_mi 2025: 66 linhas
2026-05-04 12:33:13,261 [WARNING] pipeline.cvm:   Empresa 2461 não encontrada em dfc_md 2025
2026-05-04 12:33:18,783 [INFO] pipeline:   CLSC4: score=77/100 | critical=1 | warnings=1
2026-05-04 12:33:18,783 [INFO] pipeline:   Relatorio: C:\Users\55819\OneDrive - EPEJUD\DIEGO\OBSIDIAN\Analista de Investimentos\12_PYTHON\pipeline banco completo\outputs\data_quality\audit_CLSC4_20260504.md
2026-05-04 12:33:18,783 [INFO] pipeline: 
Auditorando ENBR3...
2026-05-04 12:33:18,986 [INFO] pipeline.cvm:   DFP dre 2020: 76 linhas
2026-05-04 12:33:19,358 [INFO] pipeline.cvm:   DFP bpa 2020: 156 linhas
2026-05-04 12:33:19,982 [INFO] pipeline.cvm:   DFP bpp 2020: 270 linhas
2026-05-04 12:33:20,305 [INFO] pipeline.cvm:   DFP dfc_mi 2020: 146 linhas
2026-05-04 12:33:20,325 [WARNING] pipeline.cvm:   Empresa 19763 não encontrada em dfc_md 2020
2026-05-04 12:33:20,645 [INFO] pipeline.cvm:   DFP dre 2020: 70 linhas
2026-05-04 12:33:21,257 [INFO] pipeline.cvm:   DFP bpa 2020: 146 linhas
2026-05-04 12:33:22,416 [INFO] pipeline.cvm:   DFP bpp 2020: 234 linhas
2026-05-04 12:33:22,860 [INFO] pipeline.cvm:   DFP dfc_mi 2020: 122 linhas
2026-05-04 12:33:22,895 [WARNING] pipeline.cvm:   Empresa 19763 não encontrada em dfc_md 2020
2026-05-04 12:33:23,105 [INFO] pipeline.cvm:   DFP dre 2021: 76 linhas
2026-05-04 12:33:23,471 [INFO] pipeline.cvm:   DFP bpa 2021: 156 linhas
2026-05-04 12:33:24,157 [INFO] pipeline.cvm:   DFP bpp 2021: 270 linhas
2026-05-04 12:33:24,493 [INFO] pipeline.cvm:   DFP dfc_mi 2021: 152 linhas
2026-05-04 12:33:24,518 [WARNING] pipeline.cvm:   Empresa 19763 não encontrada em dfc_md 2021
2026-05-04 12:33:24,829 [INFO] pipeline.cvm:   DFP dre 2021: 70 linhas
2026-05-04 12:33:25,409 [INFO] pipeline.cvm:   DFP bpa 2021: 146 linhas
2026-05-04 12:33:26,465 [INFO] pipeline.cvm:   DFP bpp 2021: 234 linhas
2026-05-04 12:33:26,945 [INFO] pipeline.cvm:   DFP dfc_mi 2021: 128 linhas
2026-05-04 12:33:26,983 [WARNING] pipeline.cvm:   Empresa 19763 não encontrada em dfc_md 2021
2026-05-04 12:33:27,208 [INFO] pipeline.cvm:   DFP dre 2022: 76 linhas
2026-05-04 12:33:27,599 [INFO] pipeline.cvm:   DFP bpa 2022: 162 linhas
2026-05-04 12:33:28,303 [INFO] pipeline.cvm:   DFP bpp 2022: 280 linhas
2026-05-04 12:33:28,653 [INFO] pipeline.cvm:   DFP dfc_mi 2022: 154 linhas
2026-05-04 12:33:28,685 [WARNING] pipeline.cvm:   Empresa 19763 não encontrada em dfc_md 2022
2026-05-04 12:33:29,078 [INFO] pipeline.cvm:   DFP dre 2022: 70 linhas
2026-05-04 12:33:29,667 [INFO] pipeline.cvm:   DFP bpa 2022: 150 linhas
2026-05-04 12:33:30,661 [INFO] pipeline.cvm:   DFP bpp 2022: 236 linhas
2026-05-04 12:33:31,139 [INFO] pipeline.cvm:   DFP dfc_mi 2022: 126 linhas
2026-05-04 12:33:31,180 [WARNING] pipeline.cvm:   Empresa 19763 não encontrada em dfc_md 2022
2026-05-04 12:33:31,401 [INFO] pipeline.cvm:   DFP dre 2023: 76 linhas
2026-05-04 12:33:31,792 [INFO] pipeline.cvm:   DFP bpa 2023: 164 linhas
2026-05-04 12:33:32,500 [INFO] pipeline.cvm:   DFP bpp 2023: 280 linhas
2026-05-04 12:33:32,868 [INFO] pipeline.cvm:   DFP dfc_mi 2023: 156 linhas
2026-05-04 12:33:32,893 [WARNING] pipeline.cvm:   Empresa 19763 não encontrada em dfc_md 2023
2026-05-04 12:33:33,201 [INFO] pipeline.cvm:   DFP dre 2023: 70 linhas
2026-05-04 12:33:33,786 [INFO] pipeline.cvm:   DFP bpa 2023: 150 linhas
2026-05-04 12:33:34,838 [INFO] pipeline.cvm:   DFP bpp 2023: 240 linhas
2026-05-04 12:33:35,373 [INFO] pipeline.cvm:   DFP dfc_mi 2023: 126 linhas
2026-05-04 12:33:35,415 [WARNING] pipeline.cvm:   Empresa 19763 não encontrada em dfc_md 2023
2026-05-04 12:33:35,628 [INFO] pipeline.cvm:   DFP dre 2024: 76 linhas
2026-05-04 12:33:36,001 [INFO] pipeline.cvm:   DFP bpa 2024: 170 linhas
2026-05-04 12:33:36,655 [INFO] pipeline.cvm:   DFP bpp 2024: 282 linhas
2026-05-04 12:33:37,001 [INFO] pipeline.cvm:   DFP dfc_mi 2024: 158 linhas
2026-05-04 12:33:37,026 [WARNING] pipeline.cvm:   Empresa 19763 não encontrada em dfc_md 2024
2026-05-04 12:33:37,334 [INFO] pipeline.cvm:   DFP dre 2024: 70 linhas
2026-05-04 12:33:37,882 [INFO] pipeline.cvm:   DFP bpa 2024: 152 linhas
2026-05-04 12:33:38,828 [INFO] pipeline.cvm:   DFP bpp 2024: 244 linhas
2026-05-04 12:33:39,304 [INFO] pipeline.cvm:   DFP dfc_mi 2024: 126 linhas
2026-05-04 12:33:39,337 [WARNING] pipeline.cvm:   Empresa 19763 não encontrada em dfc_md 2024
2026-05-04 12:33:39,534 [INFO] pipeline.cvm:   DFP dre 2025: 76 linhas
2026-05-04 12:33:39,879 [INFO] pipeline.cvm:   DFP bpa 2025: 170 linhas
2026-05-04 12:33:40,470 [INFO] pipeline.cvm:   DFP bpp 2025: 282 linhas
2026-05-04 12:33:40,798 [INFO] pipeline.cvm:   DFP dfc_mi 2025: 158 linhas
2026-05-04 12:33:40,820 [WARNING] pipeline.cvm:   Empresa 19763 não encontrada em dfc_md 2025
2026-05-04 12:33:41,086 [INFO] pipeline.cvm:   DFP dre 2025: 70 linhas
2026-05-04 12:33:41,607 [INFO] pipeline.cvm:   DFP bpa 2025: 152 linhas
2026-05-04 12:33:42,555 [INFO] pipeline.cvm:   DFP bpp 2025: 246 linhas
2026-05-04 12:33:43,006 [INFO] pipeline.cvm:   DFP dfc_mi 2025: 126 linhas
2026-05-04 12:33:43,045 [WARNING] pipeline.cvm:   Empresa 19763 não encontrada em dfc_md 2025
2026-05-04 12:33:47,844 [INFO] pipeline:   ENBR3: score=72/100 | critical=1 | warnings=2
2026-05-04 12:33:47,845 [INFO] pipeline:   Relatorio: C:\Users\55819\OneDrive - EPEJUD\DIEGO\OBSIDIAN\Analista de Investimentos\12_PYTHON\pipeline banco completo\outputs\data_quality\audit_ENBR3_20260504.md
2026-05-04 12:33:47,845 [INFO] pipeline: 
Auditorando WEGE3...
2026-05-04 12:33:48,066 [INFO] pipeline.cvm:   DFP dre 2020: 64 linhas
2026-05-04 12:33:48,418 [INFO] pipeline.cvm:   DFP bpa 2020: 130 linhas
2026-05-04 12:33:49,054 [INFO] pipeline.cvm:   DFP bpp 2020: 238 linhas
2026-05-04 12:33:49,389 [INFO] pipeline.cvm:   DFP dfc_mi 2020: 94 linhas
2026-05-04 12:33:49,409 [WARNING] pipeline.cvm:   Empresa 5410 não encontrada em dfc_md 2020
2026-05-04 12:33:49,713 [INFO] pipeline.cvm:   DFP dre 2020: 60 linhas
2026-05-04 12:33:50,295 [INFO] pipeline.cvm:   DFP bpa 2020: 126 linhas
2026-05-04 12:33:51,570 [INFO] pipeline.cvm:   DFP bpp 2020: 220 linhas
2026-05-04 12:33:52,009 [INFO] pipeline.cvm:   DFP dfc_mi 2020: 60 linhas
2026-05-04 12:33:52,043 [WARNING] pipeline.cvm:   Empresa 5410 não encontrada em dfc_md 2020
2026-05-04 12:33:52,259 [INFO] pipeline.cvm:   DFP dre 2021: 64 linhas
2026-05-04 12:33:52,665 [INFO] pipeline.cvm:   DFP bpa 2021: 130 linhas
2026-05-04 12:33:53,328 [INFO] pipeline.cvm:   DFP bpp 2021: 238 linhas
2026-05-04 12:33:53,671 [INFO] pipeline.cvm:   DFP dfc_mi 2021: 96 linhas
2026-05-04 12:33:53,692 [WARNING] pipeline.cvm:   Empresa 5410 não encontrada em dfc_md 2021
2026-05-04 12:33:54,005 [INFO] pipeline.cvm:   DFP dre 2021: 60 linhas
2026-05-04 12:33:54,585 [INFO] pipeline.cvm:   DFP bpa 2021: 126 linhas
2026-05-04 12:33:55,610 [INFO] pipeline.cvm:   DFP bpp 2021: 220 linhas
2026-05-04 12:33:56,083 [INFO] pipeline.cvm:   DFP dfc_mi 2021: 60 linhas
2026-05-04 12:33:56,120 [WARNING] pipeline.cvm:   Empresa 5410 não encontrada em dfc_md 2021
2026-05-04 12:33:56,349 [INFO] pipeline.cvm:   DFP dre 2022: 68 linhas
2026-05-04 12:33:56,725 [INFO] pipeline.cvm:   DFP bpa 2022: 136 linhas
2026-05-04 12:33:57,373 [INFO] pipeline.cvm:   DFP bpp 2022: 238 linhas
2026-05-04 12:33:57,769 [INFO] pipeline.cvm:   DFP dfc_mi 2022: 98 linhas
2026-05-04 12:33:57,795 [WARNING] pipeline.cvm:   Empresa 5410 não encontrada em dfc_md 2022
2026-05-04 12:33:58,118 [INFO] pipeline.cvm:   DFP dre 2022: 60 linhas
2026-05-04 12:33:58,690 [INFO] pipeline.cvm:   DFP bpa 2022: 128 linhas
2026-05-04 12:33:59,707 [INFO] pipeline.cvm:   DFP bpp 2022: 220 linhas
2026-05-04 12:34:00,200 [INFO] pipeline.cvm:   DFP dfc_mi 2022: 60 linhas
2026-05-04 12:34:00,245 [WARNING] pipeline.cvm:   Empresa 5410 não encontrada em dfc_md 2022
2026-05-04 12:34:00,467 [INFO] pipeline.cvm:   DFP dre 2023: 68 linhas
2026-05-04 12:34:00,854 [INFO] pipeline.cvm:   DFP bpa 2023: 136 linhas
2026-05-04 12:34:01,526 [INFO] pipeline.cvm:   DFP bpp 2023: 236 linhas
2026-05-04 12:34:01,920 [INFO] pipeline.cvm:   DFP dfc_mi 2023: 112 linhas
2026-05-04 12:34:01,943 [WARNING] pipeline.cvm:   Empresa 5410 não encontrada em dfc_md 2023
2026-05-04 12:34:02,274 [INFO] pipeline.cvm:   DFP dre 2023: 60 linhas
2026-05-04 12:34:02,948 [INFO] pipeline.cvm:   DFP bpa 2023: 128 linhas
2026-05-04 12:34:04,043 [INFO] pipeline.cvm:   DFP bpp 2023: 220 linhas
2026-05-04 12:34:04,590 [INFO] pipeline.cvm:   DFP dfc_mi 2023: 78 linhas
2026-05-04 12:34:04,633 [WARNING] pipeline.cvm:   Empresa 5410 não encontrada em dfc_md 2023
2026-05-04 12:34:04,864 [INFO] pipeline.cvm:   DFP dre 2024: 68 linhas
2026-05-04 12:34:05,311 [INFO] pipeline.cvm:   DFP bpa 2024: 136 linhas
2026-05-04 12:34:05,974 [INFO] pipeline.cvm:   DFP bpp 2024: 236 linhas
2026-05-04 12:34:06,354 [INFO] pipeline.cvm:   DFP dfc_mi 2024: 112 linhas
2026-05-04 12:34:06,385 [WARNING] pipeline.cvm:   Empresa 5410 não encontrada em dfc_md 2024
2026-05-04 12:34:06,705 [INFO] pipeline.cvm:   DFP dre 2024: 60 linhas
2026-05-04 12:34:07,336 [INFO] pipeline.cvm:   DFP bpa 2024: 128 linhas
2026-05-04 12:34:08,332 [INFO] pipeline.cvm:   DFP bpp 2024: 220 linhas
2026-05-04 12:34:08,809 [INFO] pipeline.cvm:   DFP dfc_mi 2024: 78 linhas
2026-05-04 12:34:08,846 [WARNING] pipeline.cvm:   Empresa 5410 não encontrada em dfc_md 2024
2026-05-04 12:34:09,034 [INFO] pipeline.cvm:   DFP dre 2025: 68 linhas
2026-05-04 12:34:09,364 [INFO] pipeline.cvm:   DFP bpa 2025: 136 linhas
2026-05-04 12:34:09,939 [INFO] pipeline.cvm:   DFP bpp 2025: 238 linhas
2026-05-04 12:34:10,292 [INFO] pipeline.cvm:   DFP dfc_mi 2025: 112 linhas
2026-05-04 12:34:10,315 [WARNING] pipeline.cvm:   Empresa 5410 não encontrada em dfc_md 2025
2026-05-04 12:34:10,581 [INFO] pipeline.cvm:   DFP dre 2025: 60 linhas
2026-05-04 12:34:11,100 [INFO] pipeline.cvm:   DFP bpa 2025: 128 linhas
2026-05-04 12:34:12,015 [INFO] pipeline.cvm:   DFP bpp 2025: 224 linhas
2026-05-04 12:34:12,492 [INFO] pipeline.cvm:   DFP dfc_mi 2025: 78 linhas
2026-05-04 12:34:12,525 [WARNING] pipeline.cvm:   Empresa 5410 não encontrada em dfc_md 2025
2026-05-04 12:34:15,109 [INFO] pipeline:   WEGE3: score=95/100 | critical=0 | warnings=1
2026-05-04 12:34:15,110 [INFO] pipeline:   Relatorio: C:\Users\55819\OneDrive - EPEJUD\DIEGO\OBSIDIAN\Analista de Investimentos\12_PYTHON\pipeline banco completo\outputs\data_quality\audit_WEGE3_20260504.md
2026-05-04 12:34:15,110 [INFO] pipeline: 
Auditorando TUPY3...
2026-05-04 12:34:15,327 [INFO] pipeline.cvm:   DFP dre 2020: 64 linhas
2026-05-04 12:34:15,683 [INFO] pipeline.cvm:   DFP bpa 2020: 132 linhas
2026-05-04 12:34:16,373 [INFO] pipeline.cvm:   DFP bpp 2020: 218 linhas
2026-05-04 12:34:16,723 [INFO] pipeline.cvm:   DFP dfc_mi 2020: 118 linhas
2026-05-04 12:34:16,743 [WARNING] pipeline.cvm:   Empresa 6343 não encontrada em dfc_md 2020
2026-05-04 12:34:17,053 [INFO] pipeline.cvm:   DFP dre 2020: 60 linhas
2026-05-04 12:34:17,671 [INFO] pipeline.cvm:   DFP bpa 2020: 136 linhas
2026-05-04 12:34:18,926 [INFO] pipeline.cvm:   DFP bpp 2020: 218 linhas
2026-05-04 12:34:19,379 [INFO] pipeline.cvm:   DFP dfc_mi 2020: 122 linhas
2026-05-04 12:34:19,407 [WARNING] pipeline.cvm:   Empresa 6343 não encontrada em dfc_md 2020
2026-05-04 12:34:19,622 [INFO] pipeline.cvm:   DFP dre 2021: 64 linhas
2026-05-04 12:34:19,982 [INFO] pipeline.cvm:   DFP bpa 2021: 132 linhas
2026-05-04 12:34:20,667 [INFO] pipeline.cvm:   DFP bpp 2021: 218 linhas
2026-05-04 12:34:20,997 [INFO] pipeline.cvm:   DFP dfc_mi 2021: 126 linhas
2026-05-04 12:34:21,022 [WARNING] pipeline.cvm:   Empresa 6343 não encontrada em dfc_md 2021
2026-05-04 12:34:21,350 [INFO] pipeline.cvm:   DFP dre 2021: 60 linhas
2026-05-04 12:34:21,958 [INFO] pipeline.cvm:   DFP bpa 2021: 136 linhas
2026-05-04 12:34:23,046 [INFO] pipeline.cvm:   DFP bpp 2021: 218 linhas
2026-05-04 12:34:23,537 [INFO] pipeline.cvm:   DFP dfc_mi 2021: 126 linhas
2026-05-04 12:34:23,571 [WARNING] pipeline.cvm:   Empresa 6343 não encontrada em dfc_md 2021
2026-05-04 12:34:23,810 [INFO] pipeline.cvm:   DFP dre 2022: 64 linhas
2026-05-04 12:34:24,213 [INFO] pipeline.cvm:   DFP bpa 2022: 132 linhas
2026-05-04 12:34:24,929 [INFO] pipeline.cvm:   DFP bpp 2022: 222 linhas
2026-05-04 12:34:25,298 [INFO] pipeline.cvm:   DFP dfc_mi 2022: 126 linhas
2026-05-04 12:34:25,325 [WARNING] pipeline.cvm:   Empresa 6343 não encontrada em dfc_md 2022
2026-05-04 12:34:25,651 [INFO] pipeline.cvm:   DFP dre 2022: 60 linhas
2026-05-04 12:34:26,237 [INFO] pipeline.cvm:   DFP bpa 2022: 136 linhas
2026-05-04 12:34:27,293 [INFO] pipeline.cvm:   DFP bpp 2022: 222 linhas
2026-05-04 12:34:27,815 [INFO] pipeline.cvm:   DFP dfc_mi 2022: 126 linhas
2026-05-04 12:34:27,856 [WARNING] pipeline.cvm:   Empresa 6343 não encontrada em dfc_md 2022
2026-05-04 12:34:28,099 [INFO] pipeline.cvm:   DFP dre 2023: 64 linhas
2026-05-04 12:34:28,517 [INFO] pipeline.cvm:   DFP bpa 2023: 132 linhas
2026-05-04 12:34:29,217 [INFO] pipeline.cvm:   DFP bpp 2023: 222 linhas
2026-05-04 12:34:29,597 [INFO] pipeline.cvm:   DFP dfc_mi 2023: 132 linhas
2026-05-04 12:34:29,619 [WARNING] pipeline.cvm:   Empresa 6343 não encontrada em dfc_md 2023
2026-05-04 12:34:29,935 [INFO] pipeline.cvm:   DFP dre 2023: 60 linhas
2026-05-04 12:34:30,531 [INFO] pipeline.cvm:   DFP bpa 2023: 136 linhas
2026-05-04 12:34:31,631 [INFO] pipeline.cvm:   DFP bpp 2023: 222 linhas
2026-05-04 12:34:32,143 [INFO] pipeline.cvm:   DFP dfc_mi 2023: 136 linhas
2026-05-04 12:34:32,189 [WARNING] pipeline.cvm:   Empresa 6343 não encontrada em dfc_md 2023
2026-05-04 12:34:32,431 [INFO] pipeline.cvm:   DFP dre 2024: 64 linhas
2026-05-04 12:34:32,810 [INFO] pipeline.cvm:   DFP bpa 2024: 132 linhas
2026-05-04 12:34:33,485 [INFO] pipeline.cvm:   DFP bpp 2024: 222 linhas
2026-05-04 12:34:33,851 [INFO] pipeline.cvm:   DFP dfc_mi 2024: 132 linhas
2026-05-04 12:34:33,877 [WARNING] pipeline.cvm:   Empresa 6343 não encontrada em dfc_md 2024
2026-05-04 12:34:34,205 [INFO] pipeline.cvm:   DFP dre 2024: 60 linhas
2026-05-04 12:34:34,791 [INFO] pipeline.cvm:   DFP bpa 2024: 136 linhas
2026-05-04 12:34:35,799 [INFO] pipeline.cvm:   DFP bpp 2024: 222 linhas
2026-05-04 12:34:36,281 [INFO] pipeline.cvm:   DFP dfc_mi 2024: 138 linhas
2026-05-04 12:34:36,322 [WARNING] pipeline.cvm:   Empresa 6343 não encontrada em dfc_md 2024
2026-05-04 12:34:36,519 [INFO] pipeline.cvm:   DFP dre 2025: 64 linhas
2026-05-04 12:34:36,870 [INFO] pipeline.cvm:   DFP bpa 2025: 132 linhas
2026-05-04 12:34:37,495 [INFO] pipeline.cvm:   DFP bpp 2025: 222 linhas
2026-05-04 12:34:37,832 [INFO] pipeline.cvm:   DFP dfc_mi 2025: 134 linhas
2026-05-04 12:34:37,852 [WARNING] pipeline.cvm:   Empresa 6343 não encontrada em dfc_md 2025
2026-05-04 12:34:38,115 [INFO] pipeline.cvm:   DFP dre 2025: 60 linhas
2026-05-04 12:34:38,616 [INFO] pipeline.cvm:   DFP bpa 2025: 136 linhas
2026-05-04 12:34:39,521 [INFO] pipeline.cvm:   DFP bpp 2025: 222 linhas
2026-05-04 12:34:39,955 [INFO] pipeline.cvm:   DFP dfc_mi 2025: 140 linhas
2026-05-04 12:34:39,981 [WARNING] pipeline.cvm:   Empresa 6343 não encontrada em dfc_md 2025
2026-05-04 12:34:42,187 [INFO] pipeline:   TUPY3: score=95/100 | critical=0 | warnings=1
2026-05-04 12:34:42,187 [INFO] pipeline:   Relatorio: C:\Users\55819\OneDrive - EPEJUD\DIEGO\OBSIDIAN\Analista de Investimentos\12_PYTHON\pipeline banco completo\outputs\data_quality\audit_TUPY3_20260504.md
2026-05-04 12:34:42,187 [INFO] pipeline: 
Auditorando TASA4...
2026-05-04 12:34:42,399 [INFO] pipeline.cvm:   DFP dre 2020: 64 linhas
2026-05-04 12:34:42,755 [INFO] pipeline.cvm:   DFP bpa 2020: 124 linhas
2026-05-04 12:34:43,352 [INFO] pipeline.cvm:   DFP bpp 2020: 224 linhas
2026-05-04 12:34:43,669 [INFO] pipeline.cvm:   DFP dfc_mi 2020: 96 linhas
2026-05-04 12:34:43,687 [WARNING] pipeline.cvm:   Empresa 6173 não encontrada em dfc_md 2020
2026-05-04 12:34:43,982 [INFO] pipeline.cvm:   DFP dre 2020: 60 linhas
2026-05-04 12:34:44,551 [INFO] pipeline.cvm:   DFP bpa 2020: 128 linhas
2026-05-04 12:34:45,620 [INFO] pipeline.cvm:   DFP bpp 2020: 226 linhas
2026-05-04 12:34:46,121 [INFO] pipeline.cvm:   DFP dfc_mi 2020: 82 linhas
2026-05-04 12:34:46,153 [WARNING] pipeline.cvm:   Empresa 6173 não encontrada em dfc_md 2020
2026-05-04 12:34:46,364 [INFO] pipeline.cvm:   DFP dre 2021: 64 linhas
2026-05-04 12:34:46,728 [INFO] pipeline.cvm:   DFP bpa 2021: 124 linhas
2026-05-04 12:34:47,362 [INFO] pipeline.cvm:   DFP bpp 2021: 228 linhas
2026-05-04 12:34:47,700 [INFO] pipeline.cvm:   DFP dfc_mi 2021: 96 linhas
2026-05-04 12:34:47,724 [WARNING] pipeline.cvm:   Empresa 6173 não encontrada em dfc_md 2021
2026-05-04 12:34:48,034 [INFO] pipeline.cvm:   DFP dre 2021: 60 linhas
2026-05-04 12:34:48,605 [INFO] pipeline.cvm:   DFP bpa 2021: 128 linhas
2026-05-04 12:34:49,639 [INFO] pipeline.cvm:   DFP bpp 2021: 226 linhas
2026-05-04 12:34:50,110 [INFO] pipeline.cvm:   DFP dfc_mi 2021: 82 linhas
2026-05-04 12:34:50,141 [WARNING] pipeline.cvm:   Empresa 6173 não encontrada em dfc_md 2021
2026-05-04 12:34:50,363 [INFO] pipeline.cvm:   DFP dre 2022: 64 linhas
2026-05-04 12:34:50,741 [INFO] pipeline.cvm:   DFP bpa 2022: 124 linhas
2026-05-04 12:34:51,389 [INFO] pipeline.cvm:   DFP bpp 2022: 230 linhas
2026-05-04 12:34:51,738 [INFO] pipeline.cvm:   DFP dfc_mi 2022: 102 linhas
2026-05-04 12:34:51,765 [WARNING] pipeline.cvm:   Empresa 6173 não encontrada em dfc_md 2022
2026-05-04 12:34:52,066 [INFO] pipeline.cvm:   DFP dre 2022: 60 linhas
2026-05-04 12:34:52,635 [INFO] pipeline.cvm:   DFP bpa 2022: 128 linhas
2026-05-04 12:34:53,656 [INFO] pipeline.cvm:   DFP bpp 2022: 228 linhas
2026-05-04 12:34:54,133 [INFO] pipeline.cvm:   DFP dfc_mi 2022: 84 linhas
2026-05-04 12:34:54,173 [WARNING] pipeline.cvm:   Empresa 6173 não encontrada em dfc_md 2022
2026-05-04 12:34:54,391 [INFO] pipeline.cvm:   DFP dre 2023: 64 linhas
2026-05-04 12:34:54,770 [INFO] pipeline.cvm:   DFP bpa 2023: 124 linhas
2026-05-04 12:34:55,430 [INFO] pipeline.cvm:   DFP bpp 2023: 232 linhas
2026-05-04 12:34:55,801 [INFO] pipeline.cvm:   DFP dfc_mi 2023: 106 linhas
2026-05-04 12:34:55,826 [WARNING] pipeline.cvm:   Empresa 6173 não encontrada em dfc_md 2023
2026-05-04 12:34:56,130 [INFO] pipeline.cvm:   DFP dre 2023: 60 linhas
2026-05-04 12:34:56,715 [INFO] pipeline.cvm:   DFP bpa 2023: 128 linhas
2026-05-04 12:34:57,810 [INFO] pipeline.cvm:   DFP bpp 2023: 228 linhas
2026-05-04 12:34:58,295 [INFO] pipeline.cvm:   DFP dfc_mi 2023: 88 linhas
2026-05-04 12:34:58,335 [WARNING] pipeline.cvm:   Empresa 6173 não encontrada em dfc_md 2023
2026-05-04 12:34:58,545 [INFO] pipeline.cvm:   DFP dre 2024: 64 linhas
2026-05-04 12:34:58,932 [INFO] pipeline.cvm:   DFP bpa 2024: 124 linhas
2026-05-04 12:34:59,584 [INFO] pipeline.cvm:   DFP bpp 2024: 232 linhas
2026-05-04 12:34:59,942 [INFO] pipeline.cvm:   DFP dfc_mi 2024: 106 linhas
2026-05-04 12:34:59,968 [WARNING] pipeline.cvm:   Empresa 6173 não encontrada em dfc_md 2024
2026-05-04 12:35:00,271 [INFO] pipeline.cvm:   DFP dre 2024: 60 linhas
2026-05-04 12:35:00,832 [INFO] pipeline.cvm:   DFP bpa 2024: 128 linhas
2026-05-04 12:35:01,835 [INFO] pipeline.cvm:   DFP bpp 2024: 228 linhas
2026-05-04 12:35:02,339 [INFO] pipeline.cvm:   DFP dfc_mi 2024: 88 linhas
2026-05-04 12:35:02,377 [WARNING] pipeline.cvm:   Empresa 6173 não encontrada em dfc_md 2024
2026-05-04 12:35:02,576 [INFO] pipeline.cvm:   DFP dre 2025: 64 linhas
2026-05-04 12:35:02,934 [INFO] pipeline.cvm:   DFP bpa 2025: 124 linhas
2026-05-04 12:35:03,569 [INFO] pipeline.cvm:   DFP bpp 2025: 234 linhas
2026-05-04 12:35:03,896 [INFO] pipeline.cvm:   DFP dfc_mi 2025: 106 linhas
2026-05-04 12:35:03,919 [WARNING] pipeline.cvm:   Empresa 6173 não encontrada em dfc_md 2025
2026-05-04 12:35:04,203 [INFO] pipeline.cvm:   DFP dre 2025: 60 linhas
2026-05-04 12:35:04,713 [INFO] pipeline.cvm:   DFP bpa 2025: 128 linhas
2026-05-04 12:35:05,601 [INFO] pipeline.cvm:   DFP bpp 2025: 230 linhas
2026-05-04 12:35:06,105 [INFO] pipeline.cvm:   DFP dfc_mi 2025: 88 linhas
2026-05-04 12:35:06,136 [WARNING] pipeline.cvm:   Empresa 6173 não encontrada em dfc_md 2025
2026-05-04 12:35:08,506 [INFO] pipeline:   TASA4: score=95/100 | critical=0 | warnings=1
2026-05-04 12:35:08,506 [INFO] pipeline:   Relatorio: C:\Users\55819\OneDrive - EPEJUD\DIEGO\OBSIDIAN\Analista de Investimentos\12_PYTHON\pipeline banco completo\outputs\data_quality\audit_TASA4_20260504.md
2026-05-04 12:35:08,506 [INFO] pipeline: 
Auditorando AERI3...
2026-05-04 12:35:08,733 [INFO] pipeline.cvm:   DFP dre 2020: 62 linhas
2026-05-04 12:35:09,074 [INFO] pipeline.cvm:   DFP bpa 2020: 126 linhas
2026-05-04 12:35:09,680 [INFO] pipeline.cvm:   DFP bpp 2020: 214 linhas
2026-05-04 12:35:10,003 [INFO] pipeline.cvm:   DFP dfc_mi 2020: 80 linhas
2026-05-04 12:35:10,022 [WARNING] pipeline.cvm:   Empresa 25283 não encontrada em dfc_md 2020
2026-05-04 12:35:10,327 [INFO] pipeline.cvm:   DFP dre 2020: 58 linhas
2026-05-04 12:35:10,909 [INFO] pipeline.cvm:   DFP bpa 2020: 128 linhas
2026-05-04 12:35:12,036 [INFO] pipeline.cvm:   DFP bpp 2020: 216 linhas
2026-05-04 12:35:12,484 [INFO] pipeline.cvm:   DFP dfc_mi 2020: 82 linhas
2026-05-04 12:35:12,512 [WARNING] pipeline.cvm:   Empresa 25283 não encontrada em dfc_md 2020
2026-05-04 12:35:12,719 [INFO] pipeline.cvm:   DFP dre 2021: 62 linhas
2026-05-04 12:35:13,071 [INFO] pipeline.cvm:   DFP bpa 2021: 126 linhas
2026-05-04 12:35:13,678 [INFO] pipeline.cvm:   DFP bpp 2021: 216 linhas
2026-05-04 12:35:14,007 [INFO] pipeline.cvm:   DFP dfc_mi 2021: 90 linhas
2026-05-04 12:35:14,032 [WARNING] pipeline.cvm:   Empresa 25283 não encontrada em dfc_md 2021
2026-05-04 12:35:14,339 [INFO] pipeline.cvm:   DFP dre 2021: 58 linhas
2026-05-04 12:35:14,947 [INFO] pipeline.cvm:   DFP bpa 2021: 128 linhas
2026-05-04 12:35:16,083 [INFO] pipeline.cvm:   DFP bpp 2021: 218 linhas
2026-05-04 12:35:16,606 [INFO] pipeline.cvm:   DFP dfc_mi 2021: 92 linhas
2026-05-04 12:35:16,642 [WARNING] pipeline.cvm:   Empresa 25283 não encontrada em dfc_md 2021
2026-05-04 12:35:16,899 [INFO] pipeline.cvm:   DFP dre 2022: 62 linhas
2026-05-04 12:35:17,321 [INFO] pipeline.cvm:   DFP bpa 2022: 126 linhas
2026-05-04 12:35:18,059 [INFO] pipeline.cvm:   DFP bpp 2022: 216 linhas
2026-05-04 12:35:18,409 [INFO] pipeline.cvm:   DFP dfc_mi 2022: 92 linhas
2026-05-04 12:35:18,443 [WARNING] pipeline.cvm:   Empresa 25283 não encontrada em dfc_md 2022
2026-05-04 12:35:18,770 [INFO] pipeline.cvm:   DFP dre 2022: 58 linhas
2026-05-04 12:35:19,356 [INFO] pipeline.cvm:   DFP bpa 2022: 128 linhas
2026-05-04 12:35:20,508 [INFO] pipeline.cvm:   DFP bpp 2022: 218 linhas
2026-05-04 12:35:21,053 [INFO] pipeline.cvm:   DFP dfc_mi 2022: 94 linhas
2026-05-04 12:35:21,098 [WARNING] pipeline.cvm:   Empresa 25283 não encontrada em dfc_md 2022
2026-05-04 12:35:21,368 [INFO] pipeline.cvm:   DFP dre 2023: 62 linhas
2026-05-04 12:35:22,022 [INFO] pipeline.cvm:   DFP bpa 2023: 126 linhas
2026-05-04 12:35:22,830 [INFO] pipeline.cvm:   DFP bpp 2023: 220 linhas
2026-05-04 12:35:23,197 [INFO] pipeline.cvm:   DFP dfc_mi 2023: 108 linhas
2026-05-04 12:35:23,222 [WARNING] pipeline.cvm:   Empresa 25283 não encontrada em dfc_md 2023
2026-05-04 12:35:23,547 [INFO] pipeline.cvm:   DFP dre 2023: 58 linhas
2026-05-04 12:35:24,211 [INFO] pipeline.cvm:   DFP bpa 2023: 128 linhas
2026-05-04 12:35:25,427 [INFO] pipeline.cvm:   DFP bpp 2023: 222 linhas
2026-05-04 12:35:25,944 [INFO] pipeline.cvm:   DFP dfc_mi 2023: 110 linhas
2026-05-04 12:35:25,985 [WARNING] pipeline.cvm:   Empresa 25283 não encontrada em dfc_md 2023
2026-05-04 12:35:26,201 [INFO] pipeline.cvm:   DFP dre 2024: 62 linhas
2026-05-04 12:35:26,601 [INFO] pipeline.cvm:   DFP bpa 2024: 126 linhas
2026-05-04 12:35:27,697 [INFO] pipeline.cvm:   DFP bpp 2024: 220 linhas
2026-05-04 12:35:28,177 [INFO] pipeline.cvm:   DFP dfc_mi 2024: 114 linhas
2026-05-04 12:35:28,212 [WARNING] pipeline.cvm:   Empresa 25283 não encontrada em dfc_md 2024
2026-05-04 12:35:28,581 [INFO] pipeline.cvm:   DFP dre 2024: 58 linhas
2026-05-04 12:35:29,442 [INFO] pipeline.cvm:   DFP bpa 2024: 128 linhas
2026-05-04 12:35:31,094 [INFO] pipeline.cvm:   DFP bpp 2024: 222 linhas
2026-05-04 12:35:32,041 [INFO] pipeline.cvm:   DFP dfc_mi 2024: 118 linhas
2026-05-04 12:35:32,130 [WARNING] pipeline.cvm:   Empresa 25283 não encontrada em dfc_md 2024
2026-05-04 12:35:32,470 [INFO] pipeline.cvm:   DFP dre 2025: 66 linhas
2026-05-04 12:35:33,025 [INFO] pipeline.cvm:   DFP bpa 2025: 134 linhas
2026-05-04 12:35:33,856 [INFO] pipeline.cvm:   DFP bpp 2025: 224 linhas
2026-05-04 12:35:34,390 [INFO] pipeline.cvm:   DFP dfc_mi 2025: 124 linhas
2026-05-04 12:35:34,425 [WARNING] pipeline.cvm:   Empresa 25283 não encontrada em dfc_md 2025
2026-05-04 12:35:35,080 [INFO] pipeline.cvm:   DFP dre 2025: 62 linhas
2026-05-04 12:35:35,834 [INFO] pipeline.cvm:   DFP bpa 2025: 136 linhas
2026-05-04 12:35:37,417 [INFO] pipeline.cvm:   DFP bpp 2025: 228 linhas
2026-05-04 12:35:38,202 [INFO] pipeline.cvm:   DFP dfc_mi 2025: 124 linhas
2026-05-04 12:35:38,275 [WARNING] pipeline.cvm:   Empresa 25283 não encontrada em dfc_md 2025
2026-05-04 12:35:41,212 [INFO] pipeline:   AERI3: score=95/100 | critical=0 | warnings=1
2026-05-04 12:35:41,212 [INFO] pipeline:   Relatorio: C:\Users\55819\OneDrive - EPEJUD\DIEGO\OBSIDIAN\Analista de Investimentos\12_PYTHON\pipeline banco completo\outputs\data_quality\audit_AERI3_20260504.md
2026-05-04 12:35:41,212 [INFO] pipeline: 
Auditorando KEPL3...
2026-05-04 12:35:41,429 [INFO] pipeline.cvm:   DFP dre 2020: 70 linhas
2026-05-04 12:35:41,837 [INFO] pipeline.cvm:   DFP bpa 2020: 120 linhas
2026-05-04 12:35:42,489 [INFO] pipeline.cvm:   DFP bpp 2020: 228 linhas
2026-05-04 12:35:42,855 [INFO] pipeline.cvm:   DFP dfc_mi 2020: 20 linhas
2026-05-04 12:35:42,875 [WARNING] pipeline.cvm:   Empresa 7544 não encontrada em dfc_md 2020
2026-05-04 12:35:43,184 [INFO] pipeline.cvm:   DFP dre 2020: 66 linhas
2026-05-04 12:35:43,767 [INFO] pipeline.cvm:   DFP bpa 2020: 124 linhas
2026-05-04 12:35:44,980 [INFO] pipeline.cvm:   DFP bpp 2020: 230 linhas
2026-05-04 12:35:45,455 [INFO] pipeline.cvm:   DFP dfc_mi 2020: 20 linhas
2026-05-04 12:35:45,486 [WARNING] pipeline.cvm:   Empresa 7544 não encontrada em dfc_md 2020
2026-05-04 12:35:45,733 [INFO] pipeline.cvm:   DFP dre 2021: 72 linhas
2026-05-04 12:35:46,134 [INFO] pipeline.cvm:   DFP bpa 2021: 120 linhas
2026-05-04 12:35:46,850 [INFO] pipeline.cvm:   DFP bpp 2021: 228 linhas
2026-05-04 12:35:47,404 [INFO] pipeline.cvm:   DFP dfc_mi 2021: 20 linhas
2026-05-04 12:35:47,462 [WARNING] pipeline.cvm:   Empresa 7544 não encontrada em dfc_md 2021
2026-05-04 12:35:47,887 [INFO] pipeline.cvm:   DFP dre 2021: 68 linhas
2026-05-04 12:35:48,917 [INFO] pipeline.cvm:   DFP bpa 2021: 124 linhas
2026-05-04 12:35:50,118 [INFO] pipeline.cvm:   DFP bpp 2021: 230 linhas
2026-05-04 12:35:50,679 [INFO] pipeline.cvm:   DFP dfc_mi 2021: 20 linhas
2026-05-04 12:35:50,724 [WARNING] pipeline.cvm:   Empresa 7544 não encontrada em dfc_md 2021
2026-05-04 12:35:51,008 [INFO] pipeline.cvm:   DFP dre 2022: 72 linhas
2026-05-04 12:35:51,505 [INFO] pipeline.cvm:   DFP bpa 2022: 120 linhas
2026-05-04 12:35:52,409 [INFO] pipeline.cvm:   DFP bpp 2022: 228 linhas
2026-05-04 12:35:52,944 [INFO] pipeline.cvm:   DFP dfc_mi 2022: 20 linhas
2026-05-04 12:35:52,975 [WARNING] pipeline.cvm:   Empresa 7544 não encontrada em dfc_md 2022
2026-05-04 12:35:53,375 [INFO] pipeline.cvm:   DFP dre 2022: 68 linhas
2026-05-04 12:35:54,321 [INFO] pipeline.cvm:   DFP bpa 2022: 124 linhas
2026-05-04 12:35:55,624 [INFO] pipeline.cvm:   DFP bpp 2022: 230 linhas
2026-05-04 12:35:56,234 [INFO] pipeline.cvm:   DFP dfc_mi 2022: 20 linhas
2026-05-04 12:35:56,279 [WARNING] pipeline.cvm:   Empresa 7544 não encontrada em dfc_md 2022
2026-05-04 12:35:56,540 [INFO] pipeline.cvm:   DFP dre 2023: 72 linhas
2026-05-04 12:35:57,009 [INFO] pipeline.cvm:   DFP bpa 2023: 120 linhas
2026-05-04 12:35:57,847 [INFO] pipeline.cvm:   DFP bpp 2023: 228 linhas
2026-05-04 12:35:58,336 [INFO] pipeline.cvm:   DFP dfc_mi 2023: 20 linhas
2026-05-04 12:35:58,362 [WARNING] pipeline.cvm:   Empresa 7544 não encontrada em dfc_md 2023
2026-05-04 12:35:58,689 [INFO] pipeline.cvm:   DFP dre 2023: 68 linhas
2026-05-04 12:35:59,309 [INFO] pipeline.cvm:   DFP bpa 2023: 124 linhas
2026-05-04 12:36:00,524 [INFO] pipeline.cvm:   DFP bpp 2023: 230 linhas
2026-05-04 12:36:01,102 [INFO] pipeline.cvm:   DFP dfc_mi 2023: 20 linhas
2026-05-04 12:36:01,148 [WARNING] pipeline.cvm:   Empresa 7544 não encontrada em dfc_md 2023
2026-05-04 12:36:01,407 [INFO] pipeline.cvm:   DFP dre 2024: 72 linhas
2026-05-04 12:36:01,859 [INFO] pipeline.cvm:   DFP bpa 2024: 120 linhas
2026-05-04 12:36:02,617 [INFO] pipeline.cvm:   DFP bpp 2024: 228 linhas
2026-05-04 12:36:03,077 [INFO] pipeline.cvm:   DFP dfc_mi 2024: 20 linhas
2026-05-04 12:36:03,101 [WARNING] pipeline.cvm:   Empresa 7544 não encontrada em dfc_md 2024
2026-05-04 12:36:03,501 [INFO] pipeline.cvm:   DFP dre 2024: 68 linhas
2026-05-04 12:36:04,223 [INFO] pipeline.cvm:   DFP bpa 2024: 124 linhas
2026-05-04 12:36:05,466 [INFO] pipeline.cvm:   DFP bpp 2024: 230 linhas
2026-05-04 12:36:06,075 [INFO] pipeline.cvm:   DFP dfc_mi 2024: 20 linhas
2026-05-04 12:36:06,114 [WARNING] pipeline.cvm:   Empresa 7544 não encontrada em dfc_md 2024
2026-05-04 12:36:06,360 [INFO] pipeline.cvm:   DFP dre 2025: 72 linhas
2026-05-04 12:36:06,803 [INFO] pipeline.cvm:   DFP bpa 2025: 120 linhas
2026-05-04 12:36:07,504 [INFO] pipeline.cvm:   DFP bpp 2025: 228 linhas
2026-05-04 12:36:07,998 [INFO] pipeline.cvm:   DFP dfc_mi 2025: 20 linhas
2026-05-04 12:36:08,033 [WARNING] pipeline.cvm:   Empresa 7544 não encontrada em dfc_md 2025
2026-05-04 12:36:08,477 [INFO] pipeline.cvm:   DFP dre 2025: 68 linhas
2026-05-04 12:36:09,132 [INFO] pipeline.cvm:   DFP bpa 2025: 124 linhas
2026-05-04 12:36:10,186 [INFO] pipeline.cvm:   DFP bpp 2025: 228 linhas
2026-05-04 12:36:10,723 [INFO] pipeline.cvm:   DFP dfc_mi 2025: 20 linhas
2026-05-04 12:36:10,765 [WARNING] pipeline.cvm:   Empresa 7544 não encontrada em dfc_md 2025
2026-05-04 12:36:13,504 [INFO] pipeline:   KEPL3: score=95/100 | critical=0 | warnings=1
2026-05-04 12:36:13,505 [INFO] pipeline:   Relatorio: C:\Users\55819\OneDrive - EPEJUD\DIEGO\OBSIDIAN\Analista de Investimentos\12_PYTHON\pipeline banco completo\outputs\data_quality\audit_KEPL3_20260504.md
2026-05-04 12:36:13,505 [INFO] pipeline: 
Auditorando SUZB3...
2026-05-04 12:36:13,731 [INFO] pipeline.cvm:   DFP dre 2020: 68 linhas
2026-05-04 12:36:14,118 [INFO] pipeline.cvm:   DFP bpa 2020: 156 linhas
2026-05-04 12:36:15,043 [INFO] pipeline.cvm:   DFP bpp 2020: 254 linhas
2026-05-04 12:36:15,516 [INFO] pipeline.cvm:   DFP dfc_mi 2020: 120 linhas
2026-05-04 12:36:15,539 [WARNING] pipeline.cvm:   Empresa 13986 não encontrada em dfc_md 2020
2026-05-04 12:36:15,889 [INFO] pipeline.cvm:   DFP dre 2020: 64 linhas
2026-05-04 12:36:16,525 [INFO] pipeline.cvm:   DFP bpa 2020: 154 linhas
2026-05-04 12:36:17,993 [INFO] pipeline.cvm:   DFP bpp 2020: 254 linhas
2026-05-04 12:36:18,541 [INFO] pipeline.cvm:   DFP dfc_mi 2020: 124 linhas
2026-05-04 12:36:18,570 [WARNING] pipeline.cvm:   Empresa 13986 não encontrada em dfc_md 2020
2026-05-04 12:36:18,810 [INFO] pipeline.cvm:   DFP dre 2021: 68 linhas
2026-05-04 12:36:19,219 [INFO] pipeline.cvm:   DFP bpa 2021: 158 linhas
2026-05-04 12:36:20,058 [INFO] pipeline.cvm:   DFP bpp 2021: 254 linhas
2026-05-04 12:36:20,467 [INFO] pipeline.cvm:   DFP dfc_mi 2021: 122 linhas
2026-05-04 12:36:20,498 [WARNING] pipeline.cvm:   Empresa 13986 não encontrada em dfc_md 2021
2026-05-04 12:36:20,869 [INFO] pipeline.cvm:   DFP dre 2021: 64 linhas
2026-05-04 12:36:21,523 [INFO] pipeline.cvm:   DFP bpa 2021: 154 linhas
2026-05-04 12:36:22,649 [INFO] pipeline.cvm:   DFP bpp 2021: 254 linhas
2026-05-04 12:36:23,143 [INFO] pipeline.cvm:   DFP dfc_mi 2021: 128 linhas
2026-05-04 12:36:23,182 [WARNING] pipeline.cvm:   Empresa 13986 não encontrada em dfc_md 2021
2026-05-04 12:36:23,435 [INFO] pipeline.cvm:   DFP dre 2022: 68 linhas
2026-05-04 12:36:23,864 [INFO] pipeline.cvm:   DFP bpa 2022: 158 linhas
2026-05-04 12:36:24,628 [INFO] pipeline.cvm:   DFP bpp 2022: 254 linhas
2026-05-04 12:36:25,004 [INFO] pipeline.cvm:   DFP dfc_mi 2022: 126 linhas
2026-05-04 12:36:25,039 [WARNING] pipeline.cvm:   Empresa 13986 não encontrada em dfc_md 2022
2026-05-04 12:36:25,379 [INFO] pipeline.cvm:   DFP dre 2022: 64 linhas
2026-05-04 12:36:26,006 [INFO] pipeline.cvm:   DFP bpa 2022: 154 linhas
2026-05-04 12:36:27,183 [INFO] pipeline.cvm:   DFP bpp 2022: 254 linhas
2026-05-04 12:36:27,732 [INFO] pipeline.cvm:   DFP dfc_mi 2022: 134 linhas
2026-05-04 12:36:27,781 [WARNING] pipeline.cvm:   Empresa 13986 não encontrada em dfc_md 2022
2026-05-04 12:36:28,017 [INFO] pipeline.cvm:   DFP dre 2023: 68 linhas
2026-05-04 12:36:28,493 [INFO] pipeline.cvm:   DFP bpa 2023: 158 linhas
2026-05-04 12:36:29,213 [INFO] pipeline.cvm:   DFP bpp 2023: 256 linhas
2026-05-04 12:36:29,613 [INFO] pipeline.cvm:   DFP dfc_mi 2023: 122 linhas
2026-05-04 12:36:29,641 [WARNING] pipeline.cvm:   Empresa 13986 não encontrada em dfc_md 2023
2026-05-04 12:36:29,969 [INFO] pipeline.cvm:   DFP dre 2023: 64 linhas
2026-05-04 12:36:30,611 [INFO] pipeline.cvm:   DFP bpa 2023: 154 linhas
2026-05-04 12:36:32,022 [INFO] pipeline.cvm:   DFP bpp 2023: 256 linhas
2026-05-04 12:36:32,641 [INFO] pipeline.cvm:   DFP dfc_mi 2023: 128 linhas
2026-05-04 12:36:32,686 [WARNING] pipeline.cvm:   Empresa 13986 não encontrada em dfc_md 2023
2026-05-04 12:36:32,919 [INFO] pipeline.cvm:   DFP dre 2024: 68 linhas
2026-05-04 12:36:33,355 [INFO] pipeline.cvm:   DFP bpa 2024: 158 linhas
2026-05-04 12:36:34,096 [INFO] pipeline.cvm:   DFP bpp 2024: 256 linhas
2026-05-04 12:36:34,504 [INFO] pipeline.cvm:   DFP dfc_mi 2024: 124 linhas
2026-05-04 12:36:34,534 [WARNING] pipeline.cvm:   Empresa 13986 não encontrada em dfc_md 2024
2026-05-04 12:36:34,877 [INFO] pipeline.cvm:   DFP dre 2024: 64 linhas
2026-05-04 12:36:35,514 [INFO] pipeline.cvm:   DFP bpa 2024: 154 linhas
2026-05-04 12:36:36,580 [INFO] pipeline.cvm:   DFP bpp 2024: 256 linhas
2026-05-04 12:36:37,134 [INFO] pipeline.cvm:   DFP dfc_mi 2024: 130 linhas
2026-05-04 12:36:37,168 [WARNING] pipeline.cvm:   Empresa 13986 não encontrada em dfc_md 2024
2026-05-04 12:36:37,390 [INFO] pipeline.cvm:   DFP dre 2025: 68 linhas
2026-05-04 12:36:37,754 [INFO] pipeline.cvm:   DFP bpa 2025: 160 linhas
2026-05-04 12:36:38,477 [INFO] pipeline.cvm:   DFP bpp 2025: 256 linhas
2026-05-04 12:36:38,873 [INFO] pipeline.cvm:   DFP dfc_mi 2025: 126 linhas
2026-05-04 12:36:38,895 [WARNING] pipeline.cvm:   Empresa 13986 não encontrada em dfc_md 2025
2026-05-04 12:36:39,176 [INFO] pipeline.cvm:   DFP dre 2025: 64 linhas
2026-05-04 12:36:39,723 [INFO] pipeline.cvm:   DFP bpa 2025: 156 linhas
2026-05-04 12:36:40,679 [INFO] pipeline.cvm:   DFP bpp 2025: 256 linhas
2026-05-04 12:36:41,152 [INFO] pipeline.cvm:   DFP dfc_mi 2025: 136 linhas
2026-05-04 12:36:41,180 [WARNING] pipeline.cvm:   Empresa 13986 não encontrada em dfc_md 2025
2026-05-04 12:36:43,914 [INFO] pipeline:   SUZB3: score=95/100 | critical=0 | warnings=1
2026-05-04 12:36:43,914 [INFO] pipeline:   Relatorio: C:\Users\55819\OneDrive - EPEJUD\DIEGO\OBSIDIAN\Analista de Investimentos\12_PYTHON\pipeline banco completo\outputs\data_quality\audit_SUZB3_20260504.md
2026-05-04 12:36:43,915 [INFO] pipeline: 
Auditorando KLBN11...
2026-05-04 12:36:44,147 [INFO] pipeline.cvm:   DFP dre 2020: 68 linhas
2026-05-04 12:36:44,559 [INFO] pipeline.cvm:   DFP bpa 2020: 122 linhas
2026-05-04 12:36:45,203 [INFO] pipeline.cvm:   DFP bpp 2020: 238 linhas
2026-05-04 12:36:45,547 [INFO] pipeline.cvm:   DFP dfc_mi 2020: 134 linhas
2026-05-04 12:36:45,567 [WARNING] pipeline.cvm:   Empresa 12653 não encontrada em dfc_md 2020
2026-05-04 12:36:45,868 [INFO] pipeline.cvm:   DFP dre 2020: 64 linhas
2026-05-04 12:36:46,424 [INFO] pipeline.cvm:   DFP bpa 2020: 122 linhas
2026-05-04 12:36:47,633 [INFO] pipeline.cvm:   DFP bpp 2020: 236 linhas
2026-05-04 12:36:48,074 [INFO] pipeline.cvm:   DFP dfc_mi 2020: 126 linhas
2026-05-04 12:36:48,106 [WARNING] pipeline.cvm:   Empresa 12653 não encontrada em dfc_md 2020
2026-05-04 12:36:48,323 [INFO] pipeline.cvm:   DFP dre 2021: 68 linhas
2026-05-04 12:36:48,702 [INFO] pipeline.cvm:   DFP bpa 2021: 122 linhas
2026-05-04 12:36:49,379 [INFO] pipeline.cvm:   DFP bpp 2021: 240 linhas
2026-05-04 12:36:49,724 [INFO] pipeline.cvm:   DFP dfc_mi 2021: 134 linhas
2026-05-04 12:36:49,755 [WARNING] pipeline.cvm:   Empresa 12653 não encontrada em dfc_md 2021
2026-05-04 12:36:50,074 [INFO] pipeline.cvm:   DFP dre 2021: 64 linhas
2026-05-04 12:36:50,729 [INFO] pipeline.cvm:   DFP bpa 2021: 122 linhas
2026-05-04 12:36:51,793 [INFO] pipeline.cvm:   DFP bpp 2021: 236 linhas
2026-05-04 12:36:52,277 [INFO] pipeline.cvm:   DFP dfc_mi 2021: 126 linhas
2026-05-04 12:36:52,316 [WARNING] pipeline.cvm:   Empresa 12653 não encontrada em dfc_md 2021
2026-05-04 12:36:52,568 [INFO] pipeline.cvm:   DFP dre 2022: 68 linhas
2026-05-04 12:36:52,984 [INFO] pipeline.cvm:   DFP bpa 2022: 122 linhas
2026-05-04 12:36:53,689 [INFO] pipeline.cvm:   DFP bpp 2022: 246 linhas
2026-05-04 12:36:54,058 [INFO] pipeline.cvm:   DFP dfc_mi 2022: 134 linhas
2026-05-04 12:36:54,087 [WARNING] pipeline.cvm:   Empresa 12653 não encontrada em dfc_md 2022
2026-05-04 12:36:54,403 [INFO] pipeline.cvm:   DFP dre 2022: 64 linhas
2026-05-04 12:36:55,070 [INFO] pipeline.cvm:   DFP bpa 2022: 122 linhas
2026-05-04 12:36:56,189 [INFO] pipeline.cvm:   DFP bpp 2022: 244 linhas
2026-05-04 12:36:56,702 [INFO] pipeline.cvm:   DFP dfc_mi 2022: 128 linhas
2026-05-04 12:36:56,743 [WARNING] pipeline.cvm:   Empresa 12653 não encontrada em dfc_md 2022
2026-05-04 12:36:56,982 [INFO] pipeline.cvm:   DFP dre 2023: 68 linhas
2026-05-04 12:36:57,394 [INFO] pipeline.cvm:   DFP bpa 2023: 124 linhas
2026-05-04 12:36:58,114 [INFO] pipeline.cvm:   DFP bpp 2023: 248 linhas
2026-05-04 12:36:58,500 [INFO] pipeline.cvm:   DFP dfc_mi 2023: 134 linhas
2026-05-04 12:36:58,523 [WARNING] pipeline.cvm:   Empresa 12653 não encontrada em dfc_md 2023
2026-05-04 12:36:58,856 [INFO] pipeline.cvm:   DFP dre 2023: 64 linhas
2026-05-04 12:36:59,467 [INFO] pipeline.cvm:   DFP bpa 2023: 124 linhas
2026-05-04 12:37:00,527 [INFO] pipeline.cvm:   DFP bpp 2023: 248 linhas
2026-05-04 12:37:01,054 [INFO] pipeline.cvm:   DFP dfc_mi 2023: 100 linhas
2026-05-04 12:37:01,100 [WARNING] pipeline.cvm:   Empresa 12653 não encontrada em dfc_md 2023
2026-05-04 12:37:01,317 [INFO] pipeline.cvm:   DFP dre 2024: 76 linhas
2026-05-04 12:37:01,730 [INFO] pipeline.cvm:   DFP bpa 2024: 132 linhas
2026-05-04 12:37:02,433 [INFO] pipeline.cvm:   DFP bpp 2024: 254 linhas
2026-05-04 12:37:02,811 [INFO] pipeline.cvm:   DFP dfc_mi 2024: 114 linhas
2026-05-04 12:37:02,839 [WARNING] pipeline.cvm:   Empresa 12653 não encontrada em dfc_md 2024
2026-05-04 12:37:03,155 [INFO] pipeline.cvm:   DFP dre 2024: 72 linhas
2026-05-04 12:37:03,740 [INFO] pipeline.cvm:   DFP bpa 2024: 138 linhas
2026-05-04 12:37:04,839 [INFO] pipeline.cvm:   DFP bpp 2024: 252 linhas
2026-05-04 12:37:05,371 [INFO] pipeline.cvm:   DFP dfc_mi 2024: 104 linhas
2026-05-04 12:37:05,411 [WARNING] pipeline.cvm:   Empresa 12653 não encontrada em dfc_md 2024
2026-05-04 12:37:05,614 [INFO] pipeline.cvm:   DFP dre 2025: 76 linhas
2026-05-04 12:37:05,975 [INFO] pipeline.cvm:   DFP bpa 2025: 138 linhas
2026-05-04 12:37:06,639 [INFO] pipeline.cvm:   DFP bpp 2025: 260 linhas
2026-05-04 12:37:06,979 [INFO] pipeline.cvm:   DFP dfc_mi 2025: 124 linhas
2026-05-04 12:37:07,001 [WARNING] pipeline.cvm:   Empresa 12653 não encontrada em dfc_md 2025
2026-05-04 12:37:07,334 [INFO] pipeline.cvm:   DFP dre 2025: 72 linhas
2026-05-04 12:37:07,867 [INFO] pipeline.cvm:   DFP bpa 2025: 138 linhas
2026-05-04 12:37:08,816 [INFO] pipeline.cvm:   DFP bpp 2025: 258 linhas
2026-05-04 12:37:09,296 [INFO] pipeline.cvm:   DFP dfc_mi 2025: 120 linhas
2026-05-04 12:37:09,328 [WARNING] pipeline.cvm:   Empresa 12653 não encontrada em dfc_md 2025
2026-05-04 12:37:12,006 [INFO] pipeline:   KLBN11: score=95/100 | critical=0 | warnings=1
2026-05-04 12:37:12,007 [INFO] pipeline:   Relatorio: C:\Users\55819\OneDrive - EPEJUD\DIEGO\OBSIDIAN\Analista de Investimentos\12_PYTHON\pipeline banco completo\outputs\data_quality\audit_KLBN11_20260504.md
2026-05-04 12:37:12,007 [INFO] pipeline: 
Auditorando RANI3...
2026-05-04 12:37:12,225 [INFO] pipeline.cvm:   DFP dre 2020: 64 linhas
2026-05-04 12:37:12,576 [INFO] pipeline.cvm:   DFP bpa 2020: 126 linhas
2026-05-04 12:37:13,218 [INFO] pipeline.cvm:   DFP bpp 2020: 226 linhas
2026-05-04 12:37:13,563 [INFO] pipeline.cvm:   DFP dfc_mi 2020: 114 linhas
2026-05-04 12:37:13,585 [WARNING] pipeline.cvm:   Empresa 2429 não encontrada em dfc_md 2020
2026-05-04 12:37:13,944 [INFO] pipeline.cvm:   DFP dre 2020: 60 linhas
2026-05-04 12:37:14,579 [INFO] pipeline.cvm:   DFP bpa 2020: 128 linhas
2026-05-04 12:37:15,827 [INFO] pipeline.cvm:   DFP bpp 2020: 228 linhas
2026-05-04 12:37:16,309 [INFO] pipeline.cvm:   DFP dfc_mi 2020: 114 linhas
2026-05-04 12:37:16,346 [WARNING] pipeline.cvm:   Empresa 2429 não encontrada em dfc_md 2020
2026-05-04 12:37:16,587 [INFO] pipeline.cvm:   DFP dre 2021: 64 linhas
2026-05-04 12:37:16,979 [INFO] pipeline.cvm:   DFP bpa 2021: 128 linhas
2026-05-04 12:37:17,643 [INFO] pipeline.cvm:   DFP bpp 2021: 232 linhas
2026-05-04 12:37:18,000 [INFO] pipeline.cvm:   DFP dfc_mi 2021: 118 linhas
2026-05-04 12:37:18,021 [WARNING] pipeline.cvm:   Empresa 2429 não encontrada em dfc_md 2021
2026-05-04 12:37:18,351 [INFO] pipeline.cvm:   DFP dre 2021: 60 linhas
2026-05-04 12:37:19,026 [INFO] pipeline.cvm:   DFP bpa 2021: 130 linhas
2026-05-04 12:37:20,092 [INFO] pipeline.cvm:   DFP bpp 2021: 234 linhas
2026-05-04 12:37:20,583 [INFO] pipeline.cvm:   DFP dfc_mi 2021: 120 linhas
2026-05-04 12:37:20,624 [WARNING] pipeline.cvm:   Empresa 2429 não encontrada em dfc_md 2021
2026-05-04 12:37:20,893 [INFO] pipeline.cvm:   DFP dre 2022: 64 linhas
2026-05-04 12:37:21,291 [INFO] pipeline.cvm:   DFP bpa 2022: 134 linhas
2026-05-04 12:37:22,007 [INFO] pipeline.cvm:   DFP bpp 2022: 232 linhas
2026-05-04 12:37:22,373 [INFO] pipeline.cvm:   DFP dfc_mi 2022: 118 linhas
2026-05-04 12:37:22,401 [WARNING] pipeline.cvm:   Empresa 2429 não encontrada em dfc_md 2022
2026-05-04 12:37:22,718 [INFO] pipeline.cvm:   DFP dre 2022: 60 linhas
2026-05-04 12:37:23,334 [INFO] pipeline.cvm:   DFP bpa 2022: 134 linhas
2026-05-04 12:37:24,427 [INFO] pipeline.cvm:   DFP bpp 2022: 234 linhas
2026-05-04 12:37:24,970 [INFO] pipeline.cvm:   DFP dfc_mi 2022: 118 linhas
2026-05-04 12:37:25,018 [WARNING] pipeline.cvm:   Empresa 2429 não encontrada em dfc_md 2022
2026-05-04 12:37:25,266 [INFO] pipeline.cvm:   DFP dre 2023: 64 linhas
2026-05-04 12:37:25,729 [INFO] pipeline.cvm:   DFP bpa 2023: 134 linhas
2026-05-04 12:37:26,455 [INFO] pipeline.cvm:   DFP bpp 2023: 232 linhas
2026-05-04 12:37:26,850 [INFO] pipeline.cvm:   DFP dfc_mi 2023: 122 linhas
2026-05-04 12:37:26,875 [WARNING] pipeline.cvm:   Empresa 2429 não encontrada em dfc_md 2023
2026-05-04 12:37:27,202 [INFO] pipeline.cvm:   DFP dre 2023: 60 linhas
2026-05-04 12:37:27,783 [INFO] pipeline.cvm:   DFP bpa 2023: 134 linhas
2026-05-04 12:37:28,840 [INFO] pipeline.cvm:   DFP bpp 2023: 234 linhas
2026-05-04 12:37:29,329 [INFO] pipeline.cvm:   DFP dfc_mi 2023: 124 linhas
2026-05-04 12:37:29,369 [WARNING] pipeline.cvm:   Empresa 2429 não encontrada em dfc_md 2023
2026-05-04 12:37:29,581 [INFO] pipeline.cvm:   DFP dre 2024: 64 linhas
2026-05-04 12:37:29,968 [INFO] pipeline.cvm:   DFP bpa 2024: 138 linhas
2026-05-04 12:37:30,643 [INFO] pipeline.cvm:   DFP bpp 2024: 232 linhas
2026-05-04 12:37:31,024 [INFO] pipeline.cvm:   DFP dfc_mi 2024: 122 linhas
2026-05-04 12:37:31,050 [WARNING] pipeline.cvm:   Empresa 2429 não encontrada em dfc_md 2024
2026-05-04 12:37:31,371 [INFO] pipeline.cvm:   DFP dre 2024: 60 linhas
2026-05-04 12:37:31,959 [INFO] pipeline.cvm:   DFP bpa 2024: 138 linhas
2026-05-04 12:37:32,974 [INFO] pipeline.cvm:   DFP bpp 2024: 234 linhas
2026-05-04 12:37:33,495 [INFO] pipeline.cvm:   DFP dfc_mi 2024: 124 linhas
2026-05-04 12:37:33,526 [WARNING] pipeline.cvm:   Empresa 2429 não encontrada em dfc_md 2024
2026-05-04 12:37:33,739 [INFO] pipeline.cvm:   DFP dre 2025: 64 linhas
2026-05-04 12:37:34,086 [INFO] pipeline.cvm:   DFP bpa 2025: 138 linhas
2026-05-04 12:37:34,756 [INFO] pipeline.cvm:   DFP bpp 2025: 232 linhas
2026-05-04 12:37:35,106 [INFO] pipeline.cvm:   DFP dfc_mi 2025: 116 linhas
2026-05-04 12:37:35,129 [WARNING] pipeline.cvm:   Empresa 2429 não encontrada em dfc_md 2025
2026-05-04 12:37:35,411 [INFO] pipeline.cvm:   DFP dre 2025: 60 linhas
2026-05-04 12:37:35,975 [INFO] pipeline.cvm:   DFP bpa 2025: 138 linhas
2026-05-04 12:37:36,891 [INFO] pipeline.cvm:   DFP bpp 2025: 234 linhas
2026-05-04 12:37:37,378 [INFO] pipeline.cvm:   DFP dfc_mi 2025: 108 linhas
2026-05-04 12:37:37,405 [WARNING] pipeline.cvm:   Empresa 2429 não encontrada em dfc_md 2025
2026-05-04 12:37:39,993 [INFO] pipeline:   RANI3: score=95/100 | critical=0 | warnings=1
2026-05-04 12:37:39,993 [INFO] pipeline:   Relatorio: C:\Users\55819\OneDrive - EPEJUD\DIEGO\OBSIDIAN\Analista de Investimentos\12_PYTHON\pipeline banco completo\outputs\data_quality\audit_RANI3_20260504.md
2026-05-04 12:37:39,993 [INFO] pipeline: 
Auditorando RAIL3...
2026-05-04 12:37:40,210 [INFO] pipeline.cvm:   DFP dre 2020: 68 linhas
2026-05-04 12:37:40,602 [INFO] pipeline.cvm:   DFP bpa 2020: 150 linhas
2026-05-04 12:37:41,309 [INFO] pipeline.cvm:   DFP bpp 2020: 242 linhas
2026-05-04 12:37:41,698 [INFO] pipeline.cvm:   DFP dfc_mi 2020: 118 linhas
2026-05-04 12:37:41,730 [WARNING] pipeline.cvm:   Empresa 17450 não encontrada em dfc_md 2020
2026-05-04 12:37:42,080 [INFO] pipeline.cvm:   DFP dre 2020: 64 linhas
2026-05-04 12:37:42,805 [INFO] pipeline.cvm:   DFP bpa 2020: 144 linhas
2026-05-04 12:37:44,109 [INFO] pipeline.cvm:   DFP bpp 2020: 242 linhas
2026-05-04 12:37:44,570 [INFO] pipeline.cvm:   DFP dfc_mi 2020: 120 linhas
2026-05-04 12:37:44,601 [WARNING] pipeline.cvm:   Empresa 17450 não encontrada em dfc_md 2020
2026-05-04 12:37:44,819 [INFO] pipeline.cvm:   DFP dre 2021: 68 linhas
2026-05-04 12:37:45,225 [INFO] pipeline.cvm:   DFP bpa 2021: 150 linhas
2026-05-04 12:37:45,881 [INFO] pipeline.cvm:   DFP bpp 2021: 242 linhas
2026-05-04 12:37:46,248 [INFO] pipeline.cvm:   DFP dfc_mi 2021: 118 linhas
2026-05-04 12:37:46,273 [WARNING] pipeline.cvm:   Empresa 17450 não encontrada em dfc_md 2021
2026-05-04 12:37:46,595 [INFO] pipeline.cvm:   DFP dre 2021: 64 linhas
2026-05-04 12:37:47,211 [INFO] pipeline.cvm:   DFP bpa 2021: 144 linhas
2026-05-04 12:37:48,301 [INFO] pipeline.cvm:   DFP bpp 2021: 242 linhas
2026-05-04 12:37:48,842 [INFO] pipeline.cvm:   DFP dfc_mi 2021: 120 linhas
2026-05-04 12:37:48,879 [WARNING] pipeline.cvm:   Empresa 17450 não encontrada em dfc_md 2021
2026-05-04 12:37:49,103 [INFO] pipeline.cvm:   DFP dre 2022: 68 linhas
2026-05-04 12:37:49,506 [INFO] pipeline.cvm:   DFP bpa 2022: 150 linhas
2026-05-04 12:37:50,244 [INFO] pipeline.cvm:   DFP bpp 2022: 244 linhas
2026-05-04 12:37:50,618 [INFO] pipeline.cvm:   DFP dfc_mi 2022: 120 linhas
2026-05-04 12:37:50,647 [WARNING] pipeline.cvm:   Empresa 17450 não encontrada em dfc_md 2022
2026-05-04 12:37:50,972 [INFO] pipeline.cvm:   DFP dre 2022: 64 linhas
2026-05-04 12:37:51,592 [INFO] pipeline.cvm:   DFP bpa 2022: 144 linhas
2026-05-04 12:37:52,649 [INFO] pipeline.cvm:   DFP bpp 2022: 242 linhas
2026-05-04 12:37:53,154 [INFO] pipeline.cvm:   DFP dfc_mi 2022: 120 linhas
2026-05-04 12:37:53,200 [WARNING] pipeline.cvm:   Empresa 17450 não encontrada em dfc_md 2022
2026-05-04 12:37:53,434 [INFO] pipeline.cvm:   DFP dre 2023: 68 linhas
2026-05-04 12:37:53,858 [INFO] pipeline.cvm:   DFP bpa 2023: 150 linhas
2026-05-04 12:37:54,578 [INFO] pipeline.cvm:   DFP bpp 2023: 244 linhas
2026-05-04 12:37:54,976 [INFO] pipeline.cvm:   DFP dfc_mi 2023: 120 linhas
2026-05-04 12:37:55,006 [WARNING] pipeline.cvm:   Empresa 17450 não encontrada em dfc_md 2023
2026-05-04 12:37:55,349 [INFO] pipeline.cvm:   DFP dre 2023: 64 linhas
2026-05-04 12:37:56,003 [INFO] pipeline.cvm:   DFP bpa 2023: 144 linhas
2026-05-04 12:37:57,116 [INFO] pipeline.cvm:   DFP bpp 2023: 242 linhas
2026-05-04 12:37:57,644 [INFO] pipeline.cvm:   DFP dfc_mi 2023: 120 linhas
2026-05-04 12:37:57,686 [WARNING] pipeline.cvm:   Empresa 17450 não encontrada em dfc_md 2023
2026-05-04 12:37:57,916 [INFO] pipeline.cvm:   DFP dre 2024: 72 linhas
2026-05-04 12:37:58,317 [INFO] pipeline.cvm:   DFP bpa 2024: 152 linhas
2026-05-04 12:37:59,067 [INFO] pipeline.cvm:   DFP bpp 2024: 244 linhas
2026-05-04 12:37:59,437 [INFO] pipeline.cvm:   DFP dfc_mi 2024: 122 linhas
2026-05-04 12:37:59,465 [WARNING] pipeline.cvm:   Empresa 17450 não encontrada em dfc_md 2024
2026-05-04 12:37:59,784 [INFO] pipeline.cvm:   DFP dre 2024: 64 linhas
2026-05-04 12:38:00,372 [INFO] pipeline.cvm:   DFP bpa 2024: 146 linhas
2026-05-04 12:38:01,425 [INFO] pipeline.cvm:   DFP bpp 2024: 242 linhas
2026-05-04 12:38:01,970 [INFO] pipeline.cvm:   DFP dfc_mi 2024: 120 linhas
2026-05-04 12:38:02,014 [WARNING] pipeline.cvm:   Empresa 17450 não encontrada em dfc_md 2024
2026-05-04 12:38:02,273 [INFO] pipeline.cvm:   DFP dre 2025: 68 linhas
2026-05-04 12:38:02,672 [INFO] pipeline.cvm:   DFP bpa 2025: 144 linhas
2026-05-04 12:38:03,407 [INFO] pipeline.cvm:   DFP bpp 2025: 244 linhas
2026-05-04 12:38:03,801 [INFO] pipeline.cvm:   DFP dfc_mi 2025: 130 linhas
2026-05-04 12:38:03,829 [WARNING] pipeline.cvm:   Empresa 17450 não encontrada em dfc_md 2025
2026-05-04 12:38:04,136 [INFO] pipeline.cvm:   DFP dre 2025: 64 linhas
2026-05-04 12:38:04,679 [INFO] pipeline.cvm:   DFP bpa 2025: 146 linhas
2026-05-04 12:38:05,685 [INFO] pipeline.cvm:   DFP bpp 2025: 244 linhas
2026-05-04 12:38:06,184 [INFO] pipeline.cvm:   DFP dfc_mi 2025: 122 linhas
2026-05-04 12:38:06,212 [WARNING] pipeline.cvm:   Empresa 17450 não encontrada em dfc_md 2025
2026-05-04 12:38:09,041 [INFO] pipeline:   RAIL3: score=95/100 | critical=0 | warnings=1
2026-05-04 12:38:09,041 [INFO] pipeline:   Relatorio: C:\Users\55819\OneDrive - EPEJUD\DIEGO\OBSIDIAN\Analista de Investimentos\12_PYTHON\pipeline banco completo\outputs\data_quality\audit_RAIL3_20260504.md
2026-05-04 12:38:09,041 [INFO] pipeline: 
Auditorando JSLG3...
2026-05-04 12:38:09,283 [INFO] pipeline.cvm:   DFP dre 2020: 82 linhas
2026-05-04 12:38:09,662 [INFO] pipeline.cvm:   DFP bpa 2020: 142 linhas
2026-05-04 12:38:10,343 [INFO] pipeline.cvm:   DFP bpp 2020: 248 linhas
2026-05-04 12:38:10,699 [INFO] pipeline.cvm:   DFP dfc_mi 2020: 134 linhas
2026-05-04 12:38:10,722 [WARNING] pipeline.cvm:   Empresa 22020 não encontrada em dfc_md 2020
2026-05-04 12:38:11,109 [INFO] pipeline.cvm:   DFP dre 2020: 72 linhas
2026-05-04 12:38:11,744 [INFO] pipeline.cvm:   DFP bpa 2020: 146 linhas
2026-05-04 12:38:13,121 [INFO] pipeline.cvm:   DFP bpp 2020: 242 linhas
2026-05-04 12:38:13,577 [INFO] pipeline.cvm:   DFP dfc_mi 2020: 122 linhas
2026-05-04 12:38:13,608 [WARNING] pipeline.cvm:   Empresa 22020 não encontrada em dfc_md 2020
2026-05-04 12:38:13,829 [INFO] pipeline.cvm:   DFP dre 2021: 82 linhas
2026-05-04 12:38:14,200 [INFO] pipeline.cvm:   DFP bpa 2021: 142 linhas
2026-05-04 12:38:14,969 [INFO] pipeline.cvm:   DFP bpp 2021: 248 linhas
2026-05-04 12:38:15,315 [INFO] pipeline.cvm:   DFP dfc_mi 2021: 136 linhas
2026-05-04 12:38:15,342 [WARNING] pipeline.cvm:   Empresa 22020 não encontrada em dfc_md 2021
2026-05-04 12:38:15,663 [INFO] pipeline.cvm:   DFP dre 2021: 72 linhas
2026-05-04 12:38:16,282 [INFO] pipeline.cvm:   DFP bpa 2021: 146 linhas
2026-05-04 12:38:17,413 [INFO] pipeline.cvm:   DFP bpp 2021: 242 linhas
2026-05-04 12:38:17,962 [INFO] pipeline.cvm:   DFP dfc_mi 2021: 124 linhas
2026-05-04 12:38:18,002 [WARNING] pipeline.cvm:   Empresa 22020 não encontrada em dfc_md 2021
2026-05-04 12:38:18,242 [INFO] pipeline.cvm:   DFP dre 2022: 82 linhas
2026-05-04 12:38:18,682 [INFO] pipeline.cvm:   DFP bpa 2022: 142 linhas
2026-05-04 12:38:19,510 [INFO] pipeline.cvm:   DFP bpp 2022: 248 linhas
2026-05-04 12:38:19,947 [INFO] pipeline.cvm:   DFP dfc_mi 2022: 140 linhas
2026-05-04 12:38:19,975 [WARNING] pipeline.cvm:   Empresa 22020 não encontrada em dfc_md 2022
2026-05-04 12:38:20,307 [INFO] pipeline.cvm:   DFP dre 2022: 72 linhas
2026-05-04 12:38:20,965 [INFO] pipeline.cvm:   DFP bpa 2022: 146 linhas
2026-05-04 12:38:22,077 [INFO] pipeline.cvm:   DFP bpp 2022: 242 linhas
2026-05-04 12:38:22,677 [INFO] pipeline.cvm:   DFP dfc_mi 2022: 130 linhas
2026-05-04 12:38:22,722 [WARNING] pipeline.cvm:   Empresa 22020 não encontrada em dfc_md 2022
2026-05-04 12:38:22,973 [INFO] pipeline.cvm:   DFP dre 2023: 82 linhas
2026-05-04 12:38:23,432 [INFO] pipeline.cvm:   DFP bpa 2023: 142 linhas
2026-05-04 12:38:24,196 [INFO] pipeline.cvm:   DFP bpp 2023: 252 linhas
2026-05-04 12:38:24,654 [INFO] pipeline.cvm:   DFP dfc_mi 2023: 144 linhas
2026-05-04 12:38:24,682 [WARNING] pipeline.cvm:   Empresa 22020 não encontrada em dfc_md 2023
2026-05-04 12:38:25,036 [INFO] pipeline.cvm:   DFP dre 2023: 72 linhas
2026-05-04 12:38:25,762 [INFO] pipeline.cvm:   DFP bpa 2023: 146 linhas
2026-05-04 12:38:26,907 [INFO] pipeline.cvm:   DFP bpp 2023: 246 linhas
2026-05-04 12:38:27,504 [INFO] pipeline.cvm:   DFP dfc_mi 2023: 132 linhas
2026-05-04 12:38:27,547 [WARNING] pipeline.cvm:   Empresa 22020 não encontrada em dfc_md 2023
2026-05-04 12:38:27,794 [INFO] pipeline.cvm:   DFP dre 2024: 84 linhas
2026-05-04 12:38:28,236 [INFO] pipeline.cvm:   DFP bpa 2024: 142 linhas
2026-05-04 12:38:28,931 [INFO] pipeline.cvm:   DFP bpp 2024: 252 linhas
2026-05-04 12:38:29,354 [INFO] pipeline.cvm:   DFP dfc_mi 2024: 136 linhas
2026-05-04 12:38:29,383 [WARNING] pipeline.cvm:   Empresa 22020 não encontrada em dfc_md 2024
2026-05-04 12:38:29,716 [INFO] pipeline.cvm:   DFP dre 2024: 74 linhas
2026-05-04 12:38:30,318 [INFO] pipeline.cvm:   DFP bpa 2024: 148 linhas
2026-05-04 12:38:31,427 [INFO] pipeline.cvm:   DFP bpp 2024: 246 linhas
2026-05-04 12:38:31,992 [INFO] pipeline.cvm:   DFP dfc_mi 2024: 140 linhas
2026-05-04 12:38:32,033 [WARNING] pipeline.cvm:   Empresa 22020 não encontrada em dfc_md 2024
2026-05-04 12:38:32,272 [INFO] pipeline.cvm:   DFP dre 2025: 86 linhas
2026-05-04 12:38:32,707 [INFO] pipeline.cvm:   DFP bpa 2025: 142 linhas
2026-05-04 12:38:33,394 [INFO] pipeline.cvm:   DFP bpp 2025: 252 linhas
2026-05-04 12:38:33,778 [INFO] pipeline.cvm:   DFP dfc_mi 2025: 136 linhas
2026-05-04 12:38:33,800 [WARNING] pipeline.cvm:   Empresa 22020 não encontrada em dfc_md 2025
2026-05-04 12:38:34,123 [INFO] pipeline.cvm:   DFP dre 2025: 74 linhas
2026-05-04 12:38:34,732 [INFO] pipeline.cvm:   DFP bpa 2025: 148 linhas
2026-05-04 12:38:35,795 [INFO] pipeline.cvm:   DFP bpp 2025: 246 linhas
2026-05-04 12:38:36,309 [INFO] pipeline.cvm:   DFP dfc_mi 2025: 140 linhas
2026-05-04 12:38:36,342 [WARNING] pipeline.cvm:   Empresa 22020 não encontrada em dfc_md 2025
2026-05-04 12:38:39,225 [INFO] pipeline:   JSLG3: score=95/100 | critical=0 | warnings=1
2026-05-04 12:38:39,225 [INFO] pipeline:   Relatorio: C:\Users\55819\OneDrive - EPEJUD\DIEGO\OBSIDIAN\Analista de Investimentos\12_PYTHON\pipeline banco completo\outputs\data_quality\audit_JSLG3_20260504.md
2026-05-04 12:38:39,225 [INFO] pipeline: 
Auditorando SIMH3...
2026-05-04 12:38:39,440 [INFO] pipeline.cvm:   DFP dre 2020: 84 linhas
2026-05-04 12:38:39,837 [INFO] pipeline.cvm:   DFP bpa 2020: 154 linhas
2026-05-04 12:38:40,461 [INFO] pipeline.cvm:   DFP bpp 2020: 254 linhas
2026-05-04 12:38:40,933 [INFO] pipeline.cvm:   DFP dfc_mi 2020: 86 linhas
2026-05-04 12:38:40,952 [WARNING] pipeline.cvm:   Empresa 25003 não encontrada em dfc_md 2020
2026-05-04 12:38:41,284 [INFO] pipeline.cvm:   DFP dre 2020: 64 linhas
2026-05-04 12:38:41,864 [INFO] pipeline.cvm:   DFP bpa 2020: 146 linhas
2026-05-04 12:38:43,083 [INFO] pipeline.cvm:   DFP bpp 2020: 232 linhas
2026-05-04 12:38:43,548 [INFO] pipeline.cvm:   DFP dfc_mi 2020: 66 linhas
2026-05-04 12:38:43,582 [WARNING] pipeline.cvm:   Empresa 25003 não encontrada em dfc_md 2020
2026-05-04 12:38:43,813 [INFO] pipeline.cvm:   DFP dre 2021: 84 linhas
2026-05-04 12:38:44,201 [INFO] pipeline.cvm:   DFP bpa 2021: 156 linhas
2026-05-04 12:38:44,931 [INFO] pipeline.cvm:   DFP bpp 2021: 260 linhas
2026-05-04 12:38:45,262 [INFO] pipeline.cvm:   DFP dfc_mi 2021: 92 linhas
2026-05-04 12:38:45,286 [WARNING] pipeline.cvm:   Empresa 25003 não encontrada em dfc_md 2021
2026-05-04 12:38:45,592 [INFO] pipeline.cvm:   DFP dre 2021: 64 linhas
2026-05-04 12:38:46,181 [INFO] pipeline.cvm:   DFP bpa 2021: 148 linhas
2026-05-04 12:38:47,233 [INFO] pipeline.cvm:   DFP bpp 2021: 242 linhas
2026-05-04 12:38:47,690 [INFO] pipeline.cvm:   DFP dfc_mi 2021: 76 linhas
2026-05-04 12:38:47,729 [WARNING] pipeline.cvm:   Empresa 25003 não encontrada em dfc_md 2021
2026-05-04 12:38:47,978 [INFO] pipeline.cvm:   DFP dre 2022: 84 linhas
2026-05-04 12:38:48,389 [INFO] pipeline.cvm:   DFP bpa 2022: 158 linhas
2026-05-04 12:38:49,100 [INFO] pipeline.cvm:   DFP bpp 2022: 266 linhas
2026-05-04 12:38:49,464 [INFO] pipeline.cvm:   DFP dfc_mi 2022: 92 linhas
2026-05-04 12:38:49,491 [WARNING] pipeline.cvm:   Empresa 25003 não encontrada em dfc_md 2022
2026-05-04 12:38:49,816 [INFO] pipeline.cvm:   DFP dre 2022: 64 linhas
2026-05-04 12:38:50,423 [INFO] pipeline.cvm:   DFP bpa 2022: 148 linhas
2026-05-04 12:38:51,541 [INFO] pipeline.cvm:   DFP bpp 2022: 244 linhas
2026-05-04 12:38:52,039 [INFO] pipeline.cvm:   DFP dfc_mi 2022: 76 linhas
2026-05-04 12:38:52,075 [WARNING] pipeline.cvm:   Empresa 25003 não encontrada em dfc_md 2022
2026-05-04 12:38:52,305 [INFO] pipeline.cvm:   DFP dre 2023: 86 linhas
2026-05-04 12:38:52,705 [INFO] pipeline.cvm:   DFP bpa 2023: 156 linhas
2026-05-04 12:38:53,407 [INFO] pipeline.cvm:   DFP bpp 2023: 270 linhas
2026-05-04 12:38:53,787 [INFO] pipeline.cvm:   DFP dfc_mi 2023: 120 linhas
2026-05-04 12:38:53,813 [WARNING] pipeline.cvm:   Empresa 25003 não encontrada em dfc_md 2023
2026-05-04 12:38:54,153 [INFO] pipeline.cvm:   DFP dre 2023: 64 linhas
2026-05-04 12:38:54,764 [INFO] pipeline.cvm:   DFP bpa 2023: 150 linhas
2026-05-04 12:38:55,914 [INFO] pipeline.cvm:   DFP bpp 2023: 248 linhas
2026-05-04 12:38:56,472 [INFO] pipeline.cvm:   DFP dfc_mi 2023: 92 linhas
2026-05-04 12:38:56,513 [WARNING] pipeline.cvm:   Empresa 25003 não encontrada em dfc_md 2023
2026-05-04 12:38:56,745 [INFO] pipeline.cvm:   DFP dre 2024: 86 linhas
2026-05-04 12:38:57,131 [INFO] pipeline.cvm:   DFP bpa 2024: 158 linhas
2026-05-04 12:38:57,802 [INFO] pipeline.cvm:   DFP bpp 2024: 264 linhas
2026-05-04 12:38:58,239 [INFO] pipeline.cvm:   DFP dfc_mi 2024: 120 linhas
2026-05-04 12:38:58,271 [WARNING] pipeline.cvm:   Empresa 25003 não encontrada em dfc_md 2024
2026-05-04 12:38:58,596 [INFO] pipeline.cvm:   DFP dre 2024: 64 linhas
2026-05-04 12:38:59,211 [INFO] pipeline.cvm:   DFP bpa 2024: 150 linhas
2026-05-04 12:39:00,282 [INFO] pipeline.cvm:   DFP bpp 2024: 252 linhas
2026-05-04 12:39:00,831 [INFO] pipeline.cvm:   DFP dfc_mi 2024: 96 linhas
2026-05-04 12:39:00,869 [WARNING] pipeline.cvm:   Empresa 25003 não encontrada em dfc_md 2024
2026-05-04 12:39:01,079 [INFO] pipeline.cvm:   DFP dre 2025: 86 linhas
2026-05-04 12:39:01,449 [INFO] pipeline.cvm:   DFP bpa 2025: 158 linhas
2026-05-04 12:39:02,162 [INFO] pipeline.cvm:   DFP bpp 2025: 264 linhas
2026-05-04 12:39:02,511 [INFO] pipeline.cvm:   DFP dfc_mi 2025: 126 linhas
2026-05-04 12:39:02,534 [WARNING] pipeline.cvm:   Empresa 25003 não encontrada em dfc_md 2025
2026-05-04 12:39:02,842 [INFO] pipeline.cvm:   DFP dre 2025: 68 linhas
2026-05-04 12:39:03,371 [INFO] pipeline.cvm:   DFP bpa 2025: 150 linhas
2026-05-04 12:39:04,295 [INFO] pipeline.cvm:   DFP bpp 2025: 254 linhas
2026-05-04 12:39:04,788 [INFO] pipeline.cvm:   DFP dfc_mi 2025: 104 linhas
2026-05-04 12:39:04,822 [WARNING] pipeline.cvm:   Empresa 25003 não encontrada em dfc_md 2025
2026-05-04 12:39:07,446 [INFO] pipeline:   SIMH3: score=95/100 | critical=0 | warnings=1
2026-05-04 12:39:07,446 [INFO] pipeline:   Relatorio: C:\Users\55819\OneDrive - EPEJUD\DIEGO\OBSIDIAN\Analista de Investimentos\12_PYTHON\pipeline banco completo\outputs\data_quality\audit_SIMH3_20260504.md
2026-05-04 12:39:07,446 [INFO] pipeline: 
Auditorando SEQL3...
2026-05-04 12:39:07,682 [INFO] pipeline.cvm:   DFP dre 2020: 64 linhas
2026-05-04 12:39:08,067 [INFO] pipeline.cvm:   DFP bpa 2020: 130 linhas
2026-05-04 12:39:08,702 [INFO] pipeline.cvm:   DFP bpp 2020: 224 linhas
2026-05-04 12:39:09,040 [INFO] pipeline.cvm:   DFP dfc_mi 2020: 90 linhas
2026-05-04 12:39:09,062 [WARNING] pipeline.cvm:   Empresa 25160 não encontrada em dfc_md 2020
2026-05-04 12:39:09,386 [INFO] pipeline.cvm:   DFP dre 2020: 58 linhas
2026-05-04 12:39:09,980 [INFO] pipeline.cvm:   DFP bpa 2020: 130 linhas
2026-05-04 12:39:11,258 [INFO] pipeline.cvm:   DFP bpp 2020: 226 linhas
2026-05-04 12:39:11,727 [INFO] pipeline.cvm:   DFP dfc_mi 2020: 94 linhas
2026-05-04 12:39:11,755 [WARNING] pipeline.cvm:   Empresa 25160 não encontrada em dfc_md 2020
2026-05-04 12:39:12,013 [INFO] pipeline.cvm:   DFP dre 2021: 64 linhas
2026-05-04 12:39:12,435 [INFO] pipeline.cvm:   DFP bpa 2021: 130 linhas
2026-05-04 12:39:13,090 [INFO] pipeline.cvm:   DFP bpp 2021: 226 linhas
2026-05-04 12:39:13,434 [INFO] pipeline.cvm:   DFP dfc_mi 2021: 98 linhas
2026-05-04 12:39:13,459 [WARNING] pipeline.cvm:   Empresa 25160 não encontrada em dfc_md 2021
2026-05-04 12:39:13,794 [INFO] pipeline.cvm:   DFP dre 2021: 58 linhas
2026-05-04 12:39:14,412 [INFO] pipeline.cvm:   DFP bpa 2021: 130 linhas
2026-05-04 12:39:15,538 [INFO] pipeline.cvm:   DFP bpp 2021: 230 linhas
2026-05-04 12:39:16,121 [INFO] pipeline.cvm:   DFP dfc_mi 2021: 98 linhas
2026-05-04 12:39:16,160 [WARNING] pipeline.cvm:   Empresa 25160 não encontrada em dfc_md 2021
2026-05-04 12:39:16,382 [INFO] pipeline.cvm:   DFP dre 2022: 64 linhas
2026-05-04 12:39:16,768 [INFO] pipeline.cvm:   DFP bpa 2022: 130 linhas
2026-05-04 12:39:17,425 [INFO] pipeline.cvm:   DFP bpp 2022: 228 linhas
2026-05-04 12:39:17,779 [INFO] pipeline.cvm:   DFP dfc_mi 2022: 90 linhas
2026-05-04 12:39:17,805 [WARNING] pipeline.cvm:   Empresa 25160 não encontrada em dfc_md 2022
2026-05-04 12:39:18,111 [INFO] pipeline.cvm:   DFP dre 2022: 58 linhas
2026-05-04 12:39:18,684 [INFO] pipeline.cvm:   DFP bpa 2022: 132 linhas
2026-05-04 12:39:19,726 [INFO] pipeline.cvm:   DFP bpp 2022: 230 linhas
2026-05-04 12:39:20,229 [INFO] pipeline.cvm:   DFP dfc_mi 2022: 86 linhas
2026-05-04 12:39:20,276 [WARNING] pipeline.cvm:   Empresa 25160 não encontrada em dfc_md 2022
2026-05-04 12:39:20,520 [INFO] pipeline.cvm:   DFP dre 2023: 64 linhas
2026-05-04 12:39:20,941 [INFO] pipeline.cvm:   DFP bpa 2023: 132 linhas
2026-05-04 12:39:21,658 [INFO] pipeline.cvm:   DFP bpp 2023: 232 linhas
2026-05-04 12:39:22,046 [INFO] pipeline.cvm:   DFP dfc_mi 2023: 92 linhas
2026-05-04 12:39:22,074 [WARNING] pipeline.cvm:   Empresa 25160 não encontrada em dfc_md 2023
2026-05-04 12:39:22,408 [INFO] pipeline.cvm:   DFP dre 2023: 58 linhas
2026-05-04 12:39:23,121 [INFO] pipeline.cvm:   DFP bpa 2023: 134 linhas
2026-05-04 12:39:24,224 [INFO] pipeline.cvm:   DFP bpp 2023: 234 linhas
2026-05-04 12:39:24,772 [INFO] pipeline.cvm:   DFP dfc_mi 2023: 86 linhas
2026-05-04 12:39:24,811 [WARNING] pipeline.cvm:   Empresa 25160 não encontrada em dfc_md 2023
2026-05-04 12:39:25,033 [INFO] pipeline.cvm:   DFP dre 2024: 64 linhas
2026-05-04 12:39:25,429 [INFO] pipeline.cvm:   DFP bpa 2024: 134 linhas
2026-05-04 12:39:26,214 [INFO] pipeline.cvm:   DFP bpp 2024: 232 linhas
2026-05-04 12:39:26,589 [INFO] pipeline.cvm:   DFP dfc_mi 2024: 102 linhas
2026-05-04 12:39:26,616 [WARNING] pipeline.cvm:   Empresa 25160 não encontrada em dfc_md 2024
2026-05-04 12:39:26,930 [INFO] pipeline.cvm:   DFP dre 2024: 58 linhas
2026-05-04 12:39:27,530 [INFO] pipeline.cvm:   DFP bpa 2024: 134 linhas
2026-05-04 12:39:28,560 [INFO] pipeline.cvm:   DFP bpp 2024: 234 linhas
2026-05-04 12:39:29,078 [INFO] pipeline.cvm:   DFP dfc_mi 2024: 96 linhas
2026-05-04 12:39:29,107 [WARNING] pipeline.cvm:   Empresa 25160 não encontrada em dfc_md 2024
2026-05-04 12:39:29,315 [WARNING] pipeline.cvm:   Empresa 25160 não encontrada em dre 2025
2026-05-04 12:39:29,680 [WARNING] pipeline.cvm:   Empresa 25160 não encontrada em bpa 2025
2026-05-04 12:39:30,354 [WARNING] pipeline.cvm:   Empresa 25160 não encontrada em bpp 2025
2026-05-04 12:39:30,748 [WARNING] pipeline.cvm:   Empresa 25160 não encontrada em dfc_mi 2025
2026-05-04 12:39:30,771 [WARNING] pipeline.cvm:   Empresa 25160 não encontrada em dfc_md 2025
2026-05-04 12:39:31,090 [WARNING] pipeline.cvm:   Empresa 25160 não encontrada em dre 2025
2026-05-04 12:39:31,714 [WARNING] pipeline.cvm:   Empresa 25160 não encontrada em bpa 2025
2026-05-04 12:39:32,725 [WARNING] pipeline.cvm:   Empresa 25160 não encontrada em bpp 2025
2026-05-04 12:39:33,275 [WARNING] pipeline.cvm:   Empresa 25160 não encontrada em dfc_mi 2025
2026-05-04 12:39:33,312 [WARNING] pipeline.cvm:   Empresa 25160 não encontrada em dfc_md 2025
2026-05-04 12:39:35,566 [INFO] pipeline:   SEQL3: score=77/100 | critical=1 | warnings=1
2026-05-04 12:39:35,566 [INFO] pipeline:   Relatorio: C:\Users\55819\OneDrive - EPEJUD\DIEGO\OBSIDIAN\Analista de Investimentos\12_PYTHON\pipeline banco completo\outputs\data_quality\audit_SEQL3_20260504.md
2026-05-04 12:39:35,566 [INFO] pipeline: 
Auditorando TGMA3...
2026-05-04 12:39:35,803 [INFO] pipeline.cvm:   DFP dre 2020: 70 linhas
2026-05-04 12:39:36,236 [INFO] pipeline.cvm:   DFP bpa 2020: 132 linhas
2026-05-04 12:39:36,895 [INFO] pipeline.cvm:   DFP bpp 2020: 228 linhas
2026-05-04 12:39:37,244 [INFO] pipeline.cvm:   DFP dfc_mi 2020: 128 linhas
2026-05-04 12:39:37,263 [WARNING] pipeline.cvm:   Empresa 20800 não encontrada em dfc_md 2020
2026-05-04 12:39:37,587 [INFO] pipeline.cvm:   DFP dre 2020: 70 linhas
2026-05-04 12:39:38,191 [INFO] pipeline.cvm:   DFP bpa 2020: 128 linhas
2026-05-04 12:39:39,421 [INFO] pipeline.cvm:   DFP bpp 2020: 224 linhas
2026-05-04 12:39:39,940 [INFO] pipeline.cvm:   DFP dfc_mi 2020: 122 linhas
2026-05-04 12:39:39,972 [WARNING] pipeline.cvm:   Empresa 20800 não encontrada em dfc_md 2020
2026-05-04 12:39:40,192 [INFO] pipeline.cvm:   DFP dre 2021: 70 linhas
2026-05-04 12:39:40,579 [INFO] pipeline.cvm:   DFP bpa 2021: 134 linhas
2026-05-04 12:39:41,292 [INFO] pipeline.cvm:   DFP bpp 2021: 228 linhas
2026-05-04 12:39:41,624 [INFO] pipeline.cvm:   DFP dfc_mi 2021: 128 linhas
2026-05-04 12:39:41,650 [WARNING] pipeline.cvm:   Empresa 20800 não encontrada em dfc_md 2021
2026-05-04 12:39:41,968 [INFO] pipeline.cvm:   DFP dre 2021: 70 linhas
2026-05-04 12:39:42,585 [INFO] pipeline.cvm:   DFP bpa 2021: 134 linhas
2026-05-04 12:39:43,638 [INFO] pipeline.cvm:   DFP bpp 2021: 224 linhas
2026-05-04 12:39:44,130 [INFO] pipeline.cvm:   DFP dfc_mi 2021: 122 linhas
2026-05-04 12:39:44,170 [WARNING] pipeline.cvm:   Empresa 20800 não encontrada em dfc_md 2021
2026-05-04 12:39:44,395 [INFO] pipeline.cvm:   DFP dre 2022: 70 linhas
2026-05-04 12:39:44,785 [INFO] pipeline.cvm:   DFP bpa 2022: 134 linhas
2026-05-04 12:39:45,460 [INFO] pipeline.cvm:   DFP bpp 2022: 228 linhas
2026-05-04 12:39:45,850 [INFO] pipeline.cvm:   DFP dfc_mi 2022: 128 linhas
2026-05-04 12:39:45,878 [WARNING] pipeline.cvm:   Empresa 20800 não encontrada em dfc_md 2022
2026-05-04 12:39:46,199 [INFO] pipeline.cvm:   DFP dre 2022: 70 linhas
2026-05-04 12:39:46,805 [INFO] pipeline.cvm:   DFP bpa 2022: 134 linhas
2026-05-04 12:39:47,880 [INFO] pipeline.cvm:   DFP bpp 2022: 224 linhas
2026-05-04 12:39:48,388 [INFO] pipeline.cvm:   DFP dfc_mi 2022: 122 linhas
2026-05-04 12:39:48,424 [WARNING] pipeline.cvm:   Empresa 20800 não encontrada em dfc_md 2022
2026-05-04 12:39:48,661 [INFO] pipeline.cvm:   DFP dre 2023: 70 linhas
2026-05-04 12:39:49,049 [INFO] pipeline.cvm:   DFP bpa 2023: 134 linhas
2026-05-04 12:39:49,772 [INFO] pipeline.cvm:   DFP bpp 2023: 228 linhas
2026-05-04 12:39:50,147 [INFO] pipeline.cvm:   DFP dfc_mi 2023: 128 linhas
2026-05-04 12:39:50,171 [WARNING] pipeline.cvm:   Empresa 20800 não encontrada em dfc_md 2023
2026-05-04 12:39:50,487 [INFO] pipeline.cvm:   DFP dre 2023: 70 linhas
2026-05-04 12:39:51,073 [INFO] pipeline.cvm:   DFP bpa 2023: 134 linhas
2026-05-04 12:39:52,118 [INFO] pipeline.cvm:   DFP bpp 2023: 224 linhas
2026-05-04 12:39:52,622 [INFO] pipeline.cvm:   DFP dfc_mi 2023: 122 linhas
2026-05-04 12:39:52,666 [WARNING] pipeline.cvm:   Empresa 20800 não encontrada em dfc_md 2023
2026-05-04 12:39:52,891 [INFO] pipeline.cvm:   DFP dre 2024: 70 linhas
2026-05-04 12:39:53,295 [INFO] pipeline.cvm:   DFP bpa 2024: 134 linhas
2026-05-04 12:39:53,987 [INFO] pipeline.cvm:   DFP bpp 2024: 230 linhas
2026-05-04 12:39:54,375 [INFO] pipeline.cvm:   DFP dfc_mi 2024: 130 linhas
2026-05-04 12:39:54,402 [WARNING] pipeline.cvm:   Empresa 20800 não encontrada em dfc_md 2024
2026-05-04 12:39:54,724 [INFO] pipeline.cvm:   DFP dre 2024: 70 linhas
2026-05-04 12:39:55,319 [INFO] pipeline.cvm:   DFP bpa 2024: 134 linhas
2026-05-04 12:39:56,394 [INFO] pipeline.cvm:   DFP bpp 2024: 226 linhas
2026-05-04 12:39:56,913 [INFO] pipeline.cvm:   DFP dfc_mi 2024: 126 linhas
2026-05-04 12:39:56,950 [WARNING] pipeline.cvm:   Empresa 20800 não encontrada em dfc_md 2024
2026-05-04 12:39:57,155 [INFO] pipeline.cvm:   DFP dre 2025: 70 linhas
2026-05-04 12:39:57,515 [INFO] pipeline.cvm:   DFP bpa 2025: 134 linhas
2026-05-04 12:39:58,161 [INFO] pipeline.cvm:   DFP bpp 2025: 230 linhas
2026-05-04 12:39:58,506 [INFO] pipeline.cvm:   DFP dfc_mi 2025: 130 linhas
2026-05-04 12:39:58,529 [WARNING] pipeline.cvm:   Empresa 20800 não encontrada em dfc_md 2025
2026-05-04 12:39:58,822 [INFO] pipeline.cvm:   DFP dre 2025: 70 linhas
2026-05-04 12:39:59,347 [INFO] pipeline.cvm:   DFP bpa 2025: 134 linhas
2026-05-04 12:40:00,287 [INFO] pipeline.cvm:   DFP bpp 2025: 226 linhas
2026-05-04 12:40:00,775 [INFO] pipeline.cvm:   DFP dfc_mi 2025: 128 linhas
2026-05-04 12:40:00,801 [WARNING] pipeline.cvm:   Empresa 20800 não encontrada em dfc_md 2025
2026-05-04 12:40:03,688 [INFO] pipeline:   TGMA3: score=95/100 | critical=0 | warnings=1
2026-05-04 12:40:03,688 [INFO] pipeline:   Relatorio: C:\Users\55819\OneDrive - EPEJUD\DIEGO\OBSIDIAN\Analista de Investimentos\12_PYTHON\pipeline banco completo\outputs\data_quality\audit_TGMA3_20260504.md
2026-05-04 12:40:03,688 [INFO] pipeline: 
Auditorando EVEN3...
2026-05-04 12:40:03,945 [INFO] pipeline.cvm:   DFP dre 2020: 68 linhas
2026-05-04 12:40:04,346 [INFO] pipeline.cvm:   DFP bpa 2020: 154 linhas
2026-05-04 12:40:05,061 [INFO] pipeline.cvm:   DFP bpp 2020: 244 linhas
2026-05-04 12:40:05,419 [INFO] pipeline.cvm:   DFP dfc_mi 2020: 124 linhas
2026-05-04 12:40:05,442 [WARNING] pipeline.cvm:   Empresa 20915 não encontrada em dfc_md 2020
2026-05-04 12:40:05,794 [INFO] pipeline.cvm:   DFP dre 2020: 64 linhas
2026-05-04 12:40:06,447 [INFO] pipeline.cvm:   DFP bpa 2020: 156 linhas
2026-05-04 12:40:07,920 [INFO] pipeline.cvm:   DFP bpp 2020: 246 linhas
2026-05-04 12:40:08,454 [INFO] pipeline.cvm:   DFP dfc_mi 2020: 122 linhas
2026-05-04 12:40:08,494 [WARNING] pipeline.cvm:   Empresa 20915 não encontrada em dfc_md 2020
2026-05-04 12:40:08,765 [INFO] pipeline.cvm:   DFP dre 2021: 68 linhas
2026-05-04 12:40:09,183 [INFO] pipeline.cvm:   DFP bpa 2021: 154 linhas
2026-05-04 12:40:09,936 [INFO] pipeline.cvm:   DFP bpp 2021: 248 linhas
2026-05-04 12:40:10,367 [INFO] pipeline.cvm:   DFP dfc_mi 2021: 128 linhas
2026-05-04 12:40:10,394 [WARNING] pipeline.cvm:   Empresa 20915 não encontrada em dfc_md 2021
2026-05-04 12:40:10,832 [INFO] pipeline.cvm:   DFP dre 2021: 64 linhas
2026-05-04 12:40:11,480 [INFO] pipeline.cvm:   DFP bpa 2021: 156 linhas
2026-05-04 12:40:12,665 [INFO] pipeline.cvm:   DFP bpp 2021: 252 linhas
2026-05-04 12:40:13,175 [INFO] pipeline.cvm:   DFP dfc_mi 2021: 126 linhas
2026-05-04 12:40:13,207 [WARNING] pipeline.cvm:   Empresa 20915 não encontrada em dfc_md 2021
2026-05-04 12:40:13,476 [INFO] pipeline.cvm:   DFP dre 2022: 68 linhas
2026-05-04 12:40:13,967 [INFO] pipeline.cvm:   DFP bpa 2022: 154 linhas
2026-05-04 12:40:14,720 [INFO] pipeline.cvm:   DFP bpp 2022: 250 linhas
2026-05-04 12:40:15,099 [INFO] pipeline.cvm:   DFP dfc_mi 2022: 130 linhas
2026-05-04 12:40:15,129 [WARNING] pipeline.cvm:   Empresa 20915 não encontrada em dfc_md 2022
2026-05-04 12:40:15,464 [INFO] pipeline.cvm:   DFP dre 2022: 64 linhas
2026-05-04 12:40:16,173 [INFO] pipeline.cvm:   DFP bpa 2022: 156 linhas
2026-05-04 12:40:17,357 [INFO] pipeline.cvm:   DFP bpp 2022: 254 linhas
2026-05-04 12:40:17,897 [INFO] pipeline.cvm:   DFP dfc_mi 2022: 126 linhas
2026-05-04 12:40:17,939 [WARNING] pipeline.cvm:   Empresa 20915 não encontrada em dfc_md 2022
2026-05-04 12:40:18,201 [INFO] pipeline.cvm:   DFP dre 2023: 68 linhas
2026-05-04 12:40:18,616 [INFO] pipeline.cvm:   DFP bpa 2023: 154 linhas
2026-05-04 12:40:19,450 [INFO] pipeline.cvm:   DFP bpp 2023: 250 linhas
2026-05-04 12:40:19,867 [INFO] pipeline.cvm:   DFP dfc_mi 2023: 132 linhas
2026-05-04 12:40:19,899 [WARNING] pipeline.cvm:   Empresa 20915 não encontrada em dfc_md 2023
2026-05-04 12:40:20,252 [INFO] pipeline.cvm:   DFP dre 2023: 64 linhas
2026-05-04 12:40:20,941 [INFO] pipeline.cvm:   DFP bpa 2023: 154 linhas
2026-05-04 12:40:22,184 [INFO] pipeline.cvm:   DFP bpp 2023: 254 linhas
2026-05-04 12:40:22,779 [INFO] pipeline.cvm:   DFP dfc_mi 2023: 130 linhas
2026-05-04 12:40:22,825 [WARNING] pipeline.cvm:   Empresa 20915 não encontrada em dfc_md 2023
2026-05-04 12:40:23,056 [INFO] pipeline.cvm:   DFP dre 2024: 68 linhas
2026-05-04 12:40:23,483 [INFO] pipeline.cvm:   DFP bpa 2024: 154 linhas
2026-05-04 12:40:24,258 [INFO] pipeline.cvm:   DFP bpp 2024: 252 linhas
2026-05-04 12:40:24,644 [INFO] pipeline.cvm:   DFP dfc_mi 2024: 132 linhas
2026-05-04 12:40:24,670 [WARNING] pipeline.cvm:   Empresa 20915 não encontrada em dfc_md 2024
2026-05-04 12:40:24,980 [INFO] pipeline.cvm:   DFP dre 2024: 64 linhas
2026-05-04 12:40:25,573 [INFO] pipeline.cvm:   DFP bpa 2024: 156 linhas
2026-05-04 12:40:26,694 [INFO] pipeline.cvm:   DFP bpp 2024: 256 linhas
2026-05-04 12:40:27,180 [INFO] pipeline.cvm:   DFP dfc_mi 2024: 130 linhas
2026-05-04 12:40:27,216 [WARNING] pipeline.cvm:   Empresa 20915 não encontrada em dfc_md 2024
2026-05-04 12:40:27,433 [INFO] pipeline.cvm:   DFP dre 2025: 68 linhas
2026-05-04 12:40:27,810 [INFO] pipeline.cvm:   DFP bpa 2025: 154 linhas
2026-05-04 12:40:28,483 [INFO] pipeline.cvm:   DFP bpp 2025: 252 linhas
2026-05-04 12:40:28,857 [INFO] pipeline.cvm:   DFP dfc_mi 2025: 134 linhas
2026-05-04 12:40:28,881 [WARNING] pipeline.cvm:   Empresa 20915 não encontrada em dfc_md 2025
2026-05-04 12:40:29,176 [INFO] pipeline.cvm:   DFP dre 2025: 64 linhas
2026-05-04 12:40:29,766 [INFO] pipeline.cvm:   DFP bpa 2025: 156 linhas
2026-05-04 12:40:30,835 [INFO] pipeline.cvm:   DFP bpp 2025: 256 linhas
2026-05-04 12:40:31,386 [INFO] pipeline.cvm:   DFP dfc_mi 2025: 132 linhas
2026-05-04 12:40:31,424 [WARNING] pipeline.cvm:   Empresa 20915 não encontrada em dfc_md 2025
2026-05-04 12:40:34,495 [INFO] pipeline:   EVEN3: score=95/100 | critical=0 | warnings=1
2026-05-04 12:40:34,495 [INFO] pipeline:   Relatorio: C:\Users\55819\OneDrive - EPEJUD\DIEGO\OBSIDIAN\Analista de Investimentos\12_PYTHON\pipeline banco completo\outputs\data_quality\audit_EVEN3_20260504.md
2026-05-04 12:40:34,496 [INFO] pipeline: 
Auditorando MDNE3...
2026-05-04 12:40:34,764 [INFO] pipeline.cvm:   DFP dre 2020: 60 linhas
2026-05-04 12:40:35,145 [INFO] pipeline.cvm:   DFP bpa 2020: 144 linhas
2026-05-04 12:40:35,836 [INFO] pipeline.cvm:   DFP bpp 2020: 278 linhas
2026-05-04 12:40:36,199 [INFO] pipeline.cvm:   DFP dfc_mi 2020: 134 linhas
2026-05-04 12:40:36,224 [WARNING] pipeline.cvm:   Empresa 21067 não encontrada em dfc_md 2020
2026-05-04 12:40:36,581 [INFO] pipeline.cvm:   DFP dre 2020: 58 linhas
2026-05-04 12:40:37,201 [INFO] pipeline.cvm:   DFP bpa 2020: 142 linhas
2026-05-04 12:40:38,524 [INFO] pipeline.cvm:   DFP bpp 2020: 252 linhas
2026-05-04 12:40:39,033 [INFO] pipeline.cvm:   DFP dfc_mi 2020: 122 linhas
2026-05-04 12:40:39,064 [WARNING] pipeline.cvm:   Empresa 21067 não encontrada em dfc_md 2020
2026-05-04 12:40:39,287 [INFO] pipeline.cvm:   DFP dre 2021: 60 linhas
2026-05-04 12:40:39,688 [INFO] pipeline.cvm:   DFP bpa 2021: 144 linhas
2026-05-04 12:40:40,341 [INFO] pipeline.cvm:   DFP bpp 2021: 278 linhas
2026-05-04 12:40:40,715 [INFO] pipeline.cvm:   DFP dfc_mi 2021: 134 linhas
2026-05-04 12:40:40,742 [WARNING] pipeline.cvm:   Empresa 21067 não encontrada em dfc_md 2021
2026-05-04 12:40:41,075 [INFO] pipeline.cvm:   DFP dre 2021: 58 linhas
2026-05-04 12:40:41,709 [INFO] pipeline.cvm:   DFP bpa 2021: 142 linhas
2026-05-04 12:40:42,751 [INFO] pipeline.cvm:   DFP bpp 2021: 252 linhas
2026-05-04 12:40:43,254 [INFO] pipeline.cvm:   DFP dfc_mi 2021: 122 linhas
2026-05-04 12:40:43,290 [WARNING] pipeline.cvm:   Empresa 21067 não encontrada em dfc_md 2021
2026-05-04 12:40:43,525 [INFO] pipeline.cvm:   DFP dre 2022: 60 linhas
2026-05-04 12:40:43,934 [INFO] pipeline.cvm:   DFP bpa 2022: 144 linhas
2026-05-04 12:40:44,638 [INFO] pipeline.cvm:   DFP bpp 2022: 278 linhas
2026-05-04 12:40:45,008 [INFO] pipeline.cvm:   DFP dfc_mi 2022: 132 linhas
2026-05-04 12:40:45,036 [WARNING] pipeline.cvm:   Empresa 21067 não encontrada em dfc_md 2022
2026-05-04 12:40:45,369 [INFO] pipeline.cvm:   DFP dre 2022: 58 linhas
2026-05-04 12:40:45,986 [INFO] pipeline.cvm:   DFP bpa 2022: 142 linhas
2026-05-04 12:40:47,021 [INFO] pipeline.cvm:   DFP bpp 2022: 252 linhas
2026-05-04 12:40:47,506 [INFO] pipeline.cvm:   DFP dfc_mi 2022: 122 linhas
2026-05-04 12:40:47,547 [WARNING] pipeline.cvm:   Empresa 21067 não encontrada em dfc_md 2022
2026-05-04 12:40:47,779 [INFO] pipeline.cvm:   DFP dre 2023: 60 linhas
2026-05-04 12:40:48,184 [INFO] pipeline.cvm:   DFP bpa 2023: 144 linhas
2026-05-04 12:40:48,878 [INFO] pipeline.cvm:   DFP bpp 2023: 278 linhas
2026-05-04 12:40:49,262 [INFO] pipeline.cvm:   DFP dfc_mi 2023: 134 linhas
2026-05-04 12:40:49,288 [WARNING] pipeline.cvm:   Empresa 21067 não encontrada em dfc_md 2023
2026-05-04 12:40:49,627 [INFO] pipeline.cvm:   DFP dre 2023: 58 linhas
2026-05-04 12:40:50,274 [INFO] pipeline.cvm:   DFP bpa 2023: 142 linhas
2026-05-04 12:40:51,432 [INFO] pipeline.cvm:   DFP bpp 2023: 252 linhas
2026-05-04 12:40:51,961 [INFO] pipeline.cvm:   DFP dfc_mi 2023: 122 linhas
2026-05-04 12:40:52,001 [WARNING] pipeline.cvm:   Empresa 21067 não encontrada em dfc_md 2023
2026-05-04 12:40:52,254 [INFO] pipeline.cvm:   DFP dre 2024: 60 linhas
2026-05-04 12:40:52,667 [INFO] pipeline.cvm:   DFP bpa 2024: 144 linhas
2026-05-04 12:40:53,354 [INFO] pipeline.cvm:   DFP bpp 2024: 278 linhas
2026-05-04 12:40:53,744 [INFO] pipeline.cvm:   DFP dfc_mi 2024: 146 linhas
2026-05-04 12:40:53,776 [WARNING] pipeline.cvm:   Empresa 21067 não encontrada em dfc_md 2024
2026-05-04 12:40:54,103 [INFO] pipeline.cvm:   DFP dre 2024: 58 linhas
2026-05-04 12:40:54,684 [INFO] pipeline.cvm:   DFP bpa 2024: 142 linhas
2026-05-04 12:40:55,746 [INFO] pipeline.cvm:   DFP bpp 2024: 252 linhas
2026-05-04 12:40:56,281 [INFO] pipeline.cvm:   DFP dfc_mi 2024: 136 linhas
2026-05-04 12:40:56,314 [WARNING] pipeline.cvm:   Empresa 21067 não encontrada em dfc_md 2024
2026-05-04 12:40:56,540 [INFO] pipeline.cvm:   DFP dre 2025: 60 linhas
2026-05-04 12:40:56,920 [INFO] pipeline.cvm:   DFP bpa 2025: 144 linhas
2026-05-04 12:40:57,557 [INFO] pipeline.cvm:   DFP bpp 2025: 276 linhas
2026-05-04 12:40:57,921 [INFO] pipeline.cvm:   DFP dfc_mi 2025: 146 linhas
2026-05-04 12:40:57,945 [WARNING] pipeline.cvm:   Empresa 21067 não encontrada em dfc_md 2025
2026-05-04 12:40:58,291 [INFO] pipeline.cvm:   DFP dre 2025: 60 linhas
2026-05-04 12:40:58,796 [INFO] pipeline.cvm:   DFP bpa 2025: 142 linhas
2026-05-04 12:40:59,668 [INFO] pipeline.cvm:   DFP bpp 2025: 248 linhas
2026-05-04 12:41:00,126 [INFO] pipeline.cvm:   DFP dfc_mi 2025: 138 linhas
2026-05-04 12:41:00,157 [WARNING] pipeline.cvm:   Empresa 21067 não encontrada em dfc_md 2025
2026-05-04 12:41:02,908 [INFO] pipeline:   MDNE3: score=95/100 | critical=0 | warnings=1
2026-05-04 12:41:02,908 [INFO] pipeline:   Relatorio: C:\Users\55819\OneDrive - EPEJUD\DIEGO\OBSIDIAN\Analista de Investimentos\12_PYTHON\pipeline banco completo\outputs\data_quality\audit_MDNE3_20260504.md
2026-05-04 12:41:02,908 [INFO] pipeline: 
Auditorando PLPL3...
2026-05-04 12:41:03,160 [INFO] pipeline.cvm:   DFP dre 2020: 62 linhas
2026-05-04 12:41:03,521 [INFO] pipeline.cvm:   DFP bpa 2020: 120 linhas
2026-05-04 12:41:04,165 [INFO] pipeline.cvm:   DFP bpp 2020: 228 linhas
2026-05-04 12:41:04,497 [INFO] pipeline.cvm:   DFP dfc_mi 2020: 92 linhas
2026-05-04 12:41:04,518 [WARNING] pipeline.cvm:   Empresa 25070 não encontrada em dfc_md 2020
2026-05-04 12:41:04,853 [INFO] pipeline.cvm:   DFP dre 2020: 58 linhas
2026-05-04 12:41:05,451 [INFO] pipeline.cvm:   DFP bpa 2020: 118 linhas
2026-05-04 12:41:06,695 [INFO] pipeline.cvm:   DFP bpp 2020: 218 linhas
2026-05-04 12:41:07,170 [INFO] pipeline.cvm:   DFP dfc_mi 2020: 72 linhas
2026-05-04 12:41:07,205 [WARNING] pipeline.cvm:   Empresa 25070 não encontrada em dfc_md 2020
2026-05-04 12:41:07,460 [INFO] pipeline.cvm:   DFP dre 2021: 62 linhas
2026-05-04 12:41:07,875 [INFO] pipeline.cvm:   DFP bpa 2021: 120 linhas
2026-05-04 12:41:08,574 [INFO] pipeline.cvm:   DFP bpp 2021: 228 linhas
2026-05-04 12:41:08,934 [INFO] pipeline.cvm:   DFP dfc_mi 2021: 104 linhas
2026-05-04 12:41:08,958 [WARNING] pipeline.cvm:   Empresa 25070 não encontrada em dfc_md 2021
2026-05-04 12:41:09,302 [INFO] pipeline.cvm:   DFP dre 2021: 58 linhas
2026-05-04 12:41:09,923 [INFO] pipeline.cvm:   DFP bpa 2021: 118 linhas
2026-05-04 12:41:10,988 [INFO] pipeline.cvm:   DFP bpp 2021: 220 linhas
2026-05-04 12:41:11,486 [INFO] pipeline.cvm:   DFP dfc_mi 2021: 90 linhas
2026-05-04 12:41:11,519 [WARNING] pipeline.cvm:   Empresa 25070 não encontrada em dfc_md 2021
2026-05-04 12:41:11,756 [INFO] pipeline.cvm:   DFP dre 2022: 62 linhas
2026-05-04 12:41:12,186 [INFO] pipeline.cvm:   DFP bpa 2022: 120 linhas
2026-05-04 12:41:12,903 [INFO] pipeline.cvm:   DFP bpp 2022: 230 linhas
2026-05-04 12:41:13,275 [INFO] pipeline.cvm:   DFP dfc_mi 2022: 106 linhas
2026-05-04 12:41:13,304 [WARNING] pipeline.cvm:   Empresa 25070 não encontrada em dfc_md 2022
2026-05-04 12:41:13,648 [INFO] pipeline.cvm:   DFP dre 2022: 58 linhas
2026-05-04 12:41:14,244 [INFO] pipeline.cvm:   DFP bpa 2022: 118 linhas
2026-05-04 12:41:15,328 [INFO] pipeline.cvm:   DFP bpp 2022: 222 linhas
2026-05-04 12:41:15,836 [INFO] pipeline.cvm:   DFP dfc_mi 2022: 90 linhas
2026-05-04 12:41:15,877 [WARNING] pipeline.cvm:   Empresa 25070 não encontrada em dfc_md 2022
2026-05-04 12:41:16,105 [INFO] pipeline.cvm:   DFP dre 2023: 62 linhas
2026-05-04 12:41:16,529 [INFO] pipeline.cvm:   DFP bpa 2023: 120 linhas
2026-05-04 12:41:17,257 [INFO] pipeline.cvm:   DFP bpp 2023: 234 linhas
2026-05-04 12:41:17,677 [INFO] pipeline.cvm:   DFP dfc_mi 2023: 108 linhas
2026-05-04 12:41:17,700 [WARNING] pipeline.cvm:   Empresa 25070 não encontrada em dfc_md 2023
2026-05-04 12:41:18,026 [INFO] pipeline.cvm:   DFP dre 2023: 58 linhas
2026-05-04 12:41:18,655 [INFO] pipeline.cvm:   DFP bpa 2023: 118 linhas
2026-05-04 12:41:19,740 [INFO] pipeline.cvm:   DFP bpp 2023: 230 linhas
2026-05-04 12:41:20,263 [INFO] pipeline.cvm:   DFP dfc_mi 2023: 96 linhas
2026-05-04 12:41:20,305 [WARNING] pipeline.cvm:   Empresa 25070 não encontrada em dfc_md 2023
2026-05-04 12:41:20,539 [INFO] pipeline.cvm:   DFP dre 2024: 62 linhas
2026-05-04 12:41:20,956 [INFO] pipeline.cvm:   DFP bpa 2024: 122 linhas
2026-05-04 12:41:21,622 [INFO] pipeline.cvm:   DFP bpp 2024: 244 linhas
2026-05-04 12:41:21,986 [INFO] pipeline.cvm:   DFP dfc_mi 2024: 120 linhas
2026-05-04 12:41:22,012 [WARNING] pipeline.cvm:   Empresa 25070 não encontrada em dfc_md 2024
2026-05-04 12:41:22,314 [INFO] pipeline.cvm:   DFP dre 2024: 60 linhas
2026-05-04 12:41:22,947 [INFO] pipeline.cvm:   DFP bpa 2024: 120 linhas
2026-05-04 12:41:23,977 [INFO] pipeline.cvm:   DFP bpp 2024: 240 linhas
2026-05-04 12:41:24,481 [INFO] pipeline.cvm:   DFP dfc_mi 2024: 100 linhas
2026-05-04 12:41:24,519 [WARNING] pipeline.cvm:   Empresa 25070 não encontrada em dfc_md 2024
2026-05-04 12:41:24,717 [INFO] pipeline.cvm:   DFP dre 2025: 62 linhas
2026-05-04 12:41:25,067 [INFO] pipeline.cvm:   DFP bpa 2025: 122 linhas
2026-05-04 12:41:25,706 [INFO] pipeline.cvm:   DFP bpp 2025: 254 linhas
2026-05-04 12:41:26,073 [INFO] pipeline.cvm:   DFP dfc_mi 2025: 114 linhas
2026-05-04 12:41:26,097 [WARNING] pipeline.cvm:   Empresa 25070 não encontrada em dfc_md 2025
2026-05-04 12:41:26,376 [INFO] pipeline.cvm:   DFP dre 2025: 62 linhas
2026-05-04 12:41:26,899 [INFO] pipeline.cvm:   DFP bpa 2025: 120 linhas
2026-05-04 12:41:27,849 [INFO] pipeline.cvm:   DFP bpp 2025: 242 linhas
2026-05-04 12:41:28,325 [INFO] pipeline.cvm:   DFP dfc_mi 2025: 106 linhas
2026-05-04 12:41:28,357 [WARNING] pipeline.cvm:   Empresa 25070 não encontrada em dfc_md 2025
2026-05-04 12:41:30,953 [INFO] pipeline:   PLPL3: score=95/100 | critical=0 | warnings=1
2026-05-04 12:41:30,953 [INFO] pipeline:   Relatorio: C:\Users\55819\OneDrive - EPEJUD\DIEGO\OBSIDIAN\Analista de Investimentos\12_PYTHON\pipeline banco completo\outputs\data_quality\audit_PLPL3_20260504.md
2026-05-04 12:41:30,953 [INFO] pipeline: 
Auditorando MELK3...
2026-05-04 12:41:31,189 [INFO] pipeline.cvm:   DFP dre 2020: 72 linhas
2026-05-04 12:41:31,554 [INFO] pipeline.cvm:   DFP bpa 2020: 138 linhas
2026-05-04 12:41:32,207 [INFO] pipeline.cvm:   DFP bpp 2020: 236 linhas
2026-05-04 12:41:32,546 [INFO] pipeline.cvm:   DFP dfc_mi 2020: 106 linhas
2026-05-04 12:41:32,567 [WARNING] pipeline.cvm:   Empresa 25119 não encontrada em dfc_md 2020
2026-05-04 12:41:32,876 [INFO] pipeline.cvm:   DFP dre 2020: 58 linhas
2026-05-04 12:41:33,433 [INFO] pipeline.cvm:   DFP bpa 2020: 130 linhas
2026-05-04 12:41:34,517 [INFO] pipeline.cvm:   DFP bpp 2020: 228 linhas
2026-05-04 12:41:34,977 [INFO] pipeline.cvm:   DFP dfc_mi 2020: 90 linhas
2026-05-04 12:41:35,004 [WARNING] pipeline.cvm:   Empresa 25119 não encontrada em dfc_md 2020
2026-05-04 12:41:35,233 [INFO] pipeline.cvm:   DFP dre 2021: 72 linhas
2026-05-04 12:41:35,606 [INFO] pipeline.cvm:   DFP bpa 2021: 138 linhas
2026-05-04 12:41:36,290 [INFO] pipeline.cvm:   DFP bpp 2021: 236 linhas
2026-05-04 12:41:36,632 [INFO] pipeline.cvm:   DFP dfc_mi 2021: 108 linhas
2026-05-04 12:41:36,656 [WARNING] pipeline.cvm:   Empresa 25119 não encontrada em dfc_md 2021
2026-05-04 12:41:36,977 [INFO] pipeline.cvm:   DFP dre 2021: 58 linhas
2026-05-04 12:41:37,588 [INFO] pipeline.cvm:   DFP bpa 2021: 130 linhas
2026-05-04 12:41:38,627 [INFO] pipeline.cvm:   DFP bpp 2021: 228 linhas
2026-05-04 12:41:39,116 [INFO] pipeline.cvm:   DFP dfc_mi 2021: 94 linhas
2026-05-04 12:41:39,149 [WARNING] pipeline.cvm:   Empresa 25119 não encontrada em dfc_md 2021
2026-05-04 12:41:39,386 [INFO] pipeline.cvm:   DFP dre 2022: 72 linhas
2026-05-04 12:41:39,812 [INFO] pipeline.cvm:   DFP bpa 2022: 140 linhas
2026-05-04 12:41:40,515 [INFO] pipeline.cvm:   DFP bpp 2022: 238 linhas
2026-05-04 12:41:40,889 [INFO] pipeline.cvm:   DFP dfc_mi 2022: 112 linhas
2026-05-04 12:41:40,916 [WARNING] pipeline.cvm:   Empresa 25119 não encontrada em dfc_md 2022
2026-05-04 12:41:41,237 [INFO] pipeline.cvm:   DFP dre 2022: 58 linhas
2026-05-04 12:41:41,833 [INFO] pipeline.cvm:   DFP bpa 2022: 132 linhas
2026-05-04 12:41:42,865 [INFO] pipeline.cvm:   DFP bpp 2022: 230 linhas
2026-05-04 12:41:43,384 [INFO] pipeline.cvm:   DFP dfc_mi 2022: 94 linhas
2026-05-04 12:41:43,428 [WARNING] pipeline.cvm:   Empresa 25119 não encontrada em dfc_md 2022
2026-05-04 12:41:43,662 [INFO] pipeline.cvm:   DFP dre 2023: 72 linhas
2026-05-04 12:41:44,068 [INFO] pipeline.cvm:   DFP bpa 2023: 140 linhas
2026-05-04 12:41:44,789 [INFO] pipeline.cvm:   DFP bpp 2023: 238 linhas
2026-05-04 12:41:45,179 [INFO] pipeline.cvm:   DFP dfc_mi 2023: 112 linhas
2026-05-04 12:41:45,201 [WARNING] pipeline.cvm:   Empresa 25119 não encontrada em dfc_md 2023
2026-05-04 12:41:45,531 [INFO] pipeline.cvm:   DFP dre 2023: 58 linhas
2026-05-04 12:41:46,167 [INFO] pipeline.cvm:   DFP bpa 2023: 132 linhas
2026-05-04 12:41:47,222 [INFO] pipeline.cvm:   DFP bpp 2023: 230 linhas
2026-05-04 12:41:47,744 [INFO] pipeline.cvm:   DFP dfc_mi 2023: 96 linhas
2026-05-04 12:41:47,789 [WARNING] pipeline.cvm:   Empresa 25119 não encontrada em dfc_md 2023
2026-05-04 12:41:48,020 [INFO] pipeline.cvm:   DFP dre 2024: 72 linhas
2026-05-04 12:41:48,424 [INFO] pipeline.cvm:   DFP bpa 2024: 140 linhas
2026-05-04 12:41:49,131 [INFO] pipeline.cvm:   DFP bpp 2024: 238 linhas
2026-05-04 12:41:49,524 [INFO] pipeline.cvm:   DFP dfc_mi 2024: 112 linhas
2026-05-04 12:41:49,550 [WARNING] pipeline.cvm:   Empresa 25119 não encontrada em dfc_md 2024
2026-05-04 12:41:49,861 [INFO] pipeline.cvm:   DFP dre 2024: 58 linhas
2026-05-04 12:41:50,459 [INFO] pipeline.cvm:   DFP bpa 2024: 132 linhas
2026-05-04 12:41:51,627 [INFO] pipeline.cvm:   DFP bpp 2024: 230 linhas
2026-05-04 12:41:52,187 [INFO] pipeline.cvm:   DFP dfc_mi 2024: 96 linhas
2026-05-04 12:41:52,228 [WARNING] pipeline.cvm:   Empresa 25119 não encontrada em dfc_md 2024
2026-05-04 12:41:52,447 [INFO] pipeline.cvm:   DFP dre 2025: 72 linhas
2026-05-04 12:41:52,817 [INFO] pipeline.cvm:   DFP bpa 2025: 140 linhas
2026-05-04 12:41:53,497 [INFO] pipeline.cvm:   DFP bpp 2025: 242 linhas
2026-05-04 12:41:53,849 [INFO] pipeline.cvm:   DFP dfc_mi 2025: 112 linhas
2026-05-04 12:41:53,873 [WARNING] pipeline.cvm:   Empresa 25119 não encontrada em dfc_md 2025
2026-05-04 12:41:54,154 [INFO] pipeline.cvm:   DFP dre 2025: 58 linhas
2026-05-04 12:41:54,686 [INFO] pipeline.cvm:   DFP bpa 2025: 132 linhas
2026-05-04 12:41:55,616 [INFO] pipeline.cvm:   DFP bpp 2025: 234 linhas
2026-05-04 12:41:56,121 [INFO] pipeline.cvm:   DFP dfc_mi 2025: 96 linhas
2026-05-04 12:41:56,156 [WARNING] pipeline.cvm:   Empresa 25119 não encontrada em dfc_md 2025
2026-05-04 12:41:59,117 [INFO] pipeline:   MELK3: score=95/100 | critical=0 | warnings=1
2026-05-04 12:41:59,118 [INFO] pipeline:   Relatorio: C:\Users\55819\OneDrive - EPEJUD\DIEGO\OBSIDIAN\Analista de Investimentos\12_PYTHON\pipeline banco completo\outputs\data_quality\audit_MELK3_20260504.md
2026-05-04 12:41:59,118 [INFO] pipeline: 
Auditorando LAVV3...
2026-05-04 12:41:59,359 [INFO] pipeline.cvm:   DFP dre 2020: 64 linhas
2026-05-04 12:41:59,748 [INFO] pipeline.cvm:   DFP bpa 2020: 136 linhas
2026-05-04 12:42:00,447 [INFO] pipeline.cvm:   DFP bpp 2020: 224 linhas
2026-05-04 12:42:00,844 [INFO] pipeline.cvm:   DFP dfc_mi 2020: 98 linhas
2026-05-04 12:42:00,865 [WARNING] pipeline.cvm:   Empresa 25062 não encontrada em dfc_md 2020
2026-05-04 12:42:01,196 [INFO] pipeline.cvm:   DFP dre 2020: 60 linhas
2026-05-04 12:42:01,839 [INFO] pipeline.cvm:   DFP bpa 2020: 138 linhas
2026-05-04 12:42:03,410 [INFO] pipeline.cvm:   DFP bpp 2020: 226 linhas
2026-05-04 12:42:03,998 [INFO] pipeline.cvm:   DFP dfc_mi 2020: 98 linhas
2026-05-04 12:42:04,037 [WARNING] pipeline.cvm:   Empresa 25062 não encontrada em dfc_md 2020
2026-05-04 12:42:04,296 [INFO] pipeline.cvm:   DFP dre 2021: 64 linhas
2026-05-04 12:42:04,745 [INFO] pipeline.cvm:   DFP bpa 2021: 136 linhas
2026-05-04 12:42:05,541 [INFO] pipeline.cvm:   DFP bpp 2021: 224 linhas
2026-05-04 12:42:05,907 [INFO] pipeline.cvm:   DFP dfc_mi 2021: 100 linhas
2026-05-04 12:42:05,930 [WARNING] pipeline.cvm:   Empresa 25062 não encontrada em dfc_md 2021
2026-05-04 12:42:06,266 [INFO] pipeline.cvm:   DFP dre 2021: 60 linhas
2026-05-04 12:42:06,906 [INFO] pipeline.cvm:   DFP bpa 2021: 138 linhas
2026-05-04 12:42:07,994 [INFO] pipeline.cvm:   DFP bpp 2021: 226 linhas
2026-05-04 12:42:08,490 [INFO] pipeline.cvm:   DFP dfc_mi 2021: 100 linhas
2026-05-04 12:42:08,527 [WARNING] pipeline.cvm:   Empresa 25062 não encontrada em dfc_md 2021
2026-05-04 12:42:08,773 [INFO] pipeline.cvm:   DFP dre 2022: 64 linhas
2026-05-04 12:42:09,200 [INFO] pipeline.cvm:   DFP bpa 2022: 136 linhas
2026-05-04 12:42:09,977 [INFO] pipeline.cvm:   DFP bpp 2022: 224 linhas
2026-05-04 12:42:10,359 [INFO] pipeline.cvm:   DFP dfc_mi 2022: 108 linhas
2026-05-04 12:42:10,387 [WARNING] pipeline.cvm:   Empresa 25062 não encontrada em dfc_md 2022
2026-05-04 12:42:10,720 [INFO] pipeline.cvm:   DFP dre 2022: 60 linhas
2026-05-04 12:42:11,339 [INFO] pipeline.cvm:   DFP bpa 2022: 138 linhas
2026-05-04 12:42:12,376 [INFO] pipeline.cvm:   DFP bpp 2022: 226 linhas
2026-05-04 12:42:12,919 [INFO] pipeline.cvm:   DFP dfc_mi 2022: 108 linhas
2026-05-04 12:42:12,966 [WARNING] pipeline.cvm:   Empresa 25062 não encontrada em dfc_md 2022
2026-05-04 12:42:13,225 [INFO] pipeline.cvm:   DFP dre 2023: 64 linhas
2026-05-04 12:42:13,637 [INFO] pipeline.cvm:   DFP bpa 2023: 136 linhas
2026-05-04 12:42:14,363 [INFO] pipeline.cvm:   DFP bpp 2023: 224 linhas
2026-05-04 12:42:14,776 [INFO] pipeline.cvm:   DFP dfc_mi 2023: 112 linhas
2026-05-04 12:42:14,811 [WARNING] pipeline.cvm:   Empresa 25062 não encontrada em dfc_md 2023
2026-05-04 12:42:15,145 [INFO] pipeline.cvm:   DFP dre 2023: 60 linhas
2026-05-04 12:42:15,839 [INFO] pipeline.cvm:   DFP bpa 2023: 138 linhas
2026-05-04 12:42:17,073 [INFO] pipeline.cvm:   DFP bpp 2023: 226 linhas
2026-05-04 12:42:17,582 [INFO] pipeline.cvm:   DFP dfc_mi 2023: 110 linhas
2026-05-04 12:42:17,628 [WARNING] pipeline.cvm:   Empresa 25062 não encontrada em dfc_md 2023
2026-05-04 12:42:17,889 [INFO] pipeline.cvm:   DFP dre 2024: 64 linhas
2026-05-04 12:42:18,299 [INFO] pipeline.cvm:   DFP bpa 2024: 140 linhas
2026-05-04 12:42:19,026 [INFO] pipeline.cvm:   DFP bpp 2024: 232 linhas
2026-05-04 12:42:19,431 [INFO] pipeline.cvm:   DFP dfc_mi 2024: 114 linhas
2026-05-04 12:42:19,461 [WARNING] pipeline.cvm:   Empresa 25062 não encontrada em dfc_md 2024
2026-05-04 12:42:19,794 [INFO] pipeline.cvm:   DFP dre 2024: 60 linhas
2026-05-04 12:42:20,412 [INFO] pipeline.cvm:   DFP bpa 2024: 138 linhas
2026-05-04 12:42:21,490 [INFO] pipeline.cvm:   DFP bpp 2024: 234 linhas
2026-05-04 12:42:22,095 [INFO] pipeline.cvm:   DFP dfc_mi 2024: 110 linhas
2026-05-04 12:42:22,134 [WARNING] pipeline.cvm:   Empresa 25062 não encontrada em dfc_md 2024
2026-05-04 12:42:22,351 [INFO] pipeline.cvm:   DFP dre 2025: 64 linhas
2026-05-04 12:42:22,741 [INFO] pipeline.cvm:   DFP bpa 2025: 140 linhas
2026-05-04 12:42:23,379 [INFO] pipeline.cvm:   DFP bpp 2025: 232 linhas
2026-05-04 12:42:23,739 [INFO] pipeline.cvm:   DFP dfc_mi 2025: 118 linhas
2026-05-04 12:42:23,763 [WARNING] pipeline.cvm:   Empresa 25062 não encontrada em dfc_md 2025
2026-05-04 12:42:24,059 [INFO] pipeline.cvm:   DFP dre 2025: 60 linhas
2026-05-04 12:42:24,629 [INFO] pipeline.cvm:   DFP bpa 2025: 138 linhas
2026-05-04 12:42:25,655 [INFO] pipeline.cvm:   DFP bpp 2025: 234 linhas
2026-05-04 12:42:26,166 [INFO] pipeline.cvm:   DFP dfc_mi 2025: 110 linhas
2026-05-04 12:42:26,200 [WARNING] pipeline.cvm:   Empresa 25062 não encontrada em dfc_md 2025
2026-05-04 12:42:29,260 [INFO] pipeline:   LAVV3: score=95/100 | critical=0 | warnings=1
2026-05-04 12:42:29,261 [INFO] pipeline:   Relatorio: C:\Users\55819\OneDrive - EPEJUD\DIEGO\OBSIDIAN\Analista de Investimentos\12_PYTHON\pipeline banco completo\outputs\data_quality\audit_LAVV3_20260504.md
2026-05-04 12:42:29,261 [INFO] pipeline: 
Auditorando LREN3...
2026-05-04 12:42:29,498 [INFO] pipeline.cvm:   DFP dre 2020: 68 linhas
2026-05-04 12:42:29,897 [INFO] pipeline.cvm:   DFP bpa 2020: 132 linhas
2026-05-04 12:42:30,660 [INFO] pipeline.cvm:   DFP bpp 2020: 232 linhas
2026-05-04 12:42:31,026 [INFO] pipeline.cvm:   DFP dfc_mi 2020: 108 linhas
2026-05-04 12:42:31,045 [WARNING] pipeline.cvm:   Empresa 8133 não encontrada em dfc_md 2020
2026-05-04 12:42:31,384 [INFO] pipeline.cvm:   DFP dre 2020: 64 linhas
2026-05-04 12:42:32,123 [INFO] pipeline.cvm:   DFP bpa 2020: 134 linhas
2026-05-04 12:42:33,595 [INFO] pipeline.cvm:   DFP bpp 2020: 234 linhas
2026-05-04 12:42:34,119 [INFO] pipeline.cvm:   DFP dfc_mi 2020: 108 linhas
2026-05-04 12:42:34,156 [WARNING] pipeline.cvm:   Empresa 8133 não encontrada em dfc_md 2020
2026-05-04 12:42:34,394 [INFO] pipeline.cvm:   DFP dre 2021: 68 linhas
2026-05-04 12:42:34,799 [INFO] pipeline.cvm:   DFP bpa 2021: 132 linhas
2026-05-04 12:42:35,503 [INFO] pipeline.cvm:   DFP bpp 2021: 232 linhas
2026-05-04 12:42:35,880 [INFO] pipeline.cvm:   DFP dfc_mi 2021: 108 linhas
2026-05-04 12:42:35,907 [WARNING] pipeline.cvm:   Empresa 8133 não encontrada em dfc_md 2021
2026-05-04 12:42:36,279 [INFO] pipeline.cvm:   DFP dre 2021: 64 linhas
2026-05-04 12:42:36,987 [INFO] pipeline.cvm:   DFP bpa 2021: 134 linhas
2026-05-04 12:42:38,126 [INFO] pipeline.cvm:   DFP bpp 2021: 234 linhas
2026-05-04 12:42:38,638 [INFO] pipeline.cvm:   DFP dfc_mi 2021: 108 linhas
2026-05-04 12:42:38,670 [WARNING] pipeline.cvm:   Empresa 8133 não encontrada em dfc_md 2021
2026-05-04 12:42:38,909 [INFO] pipeline.cvm:   DFP dre 2022: 68 linhas
2026-05-04 12:42:39,320 [INFO] pipeline.cvm:   DFP bpa 2022: 132 linhas
2026-05-04 12:42:40,053 [INFO] pipeline.cvm:   DFP bpp 2022: 236 linhas
2026-05-04 12:42:40,410 [INFO] pipeline.cvm:   DFP dfc_mi 2022: 82 linhas
2026-05-04 12:42:40,436 [WARNING] pipeline.cvm:   Empresa 8133 não encontrada em dfc_md 2022
2026-05-04 12:42:40,745 [INFO] pipeline.cvm:   DFP dre 2022: 64 linhas
2026-05-04 12:42:41,317 [INFO] pipeline.cvm:   DFP bpa 2022: 134 linhas
2026-05-04 12:42:42,314 [INFO] pipeline.cvm:   DFP bpp 2022: 238 linhas
2026-05-04 12:42:42,790 [INFO] pipeline.cvm:   DFP dfc_mi 2022: 86 linhas
2026-05-04 12:42:42,831 [WARNING] pipeline.cvm:   Empresa 8133 não encontrada em dfc_md 2022
2026-05-04 12:42:43,070 [INFO] pipeline.cvm:   DFP dre 2023: 68 linhas
2026-05-04 12:42:43,480 [INFO] pipeline.cvm:   DFP bpa 2023: 132 linhas
2026-05-04 12:42:44,179 [INFO] pipeline.cvm:   DFP bpp 2023: 236 linhas
2026-05-04 12:42:44,573 [INFO] pipeline.cvm:   DFP dfc_mi 2023: 82 linhas
2026-05-04 12:42:44,601 [WARNING] pipeline.cvm:   Empresa 8133 não encontrada em dfc_md 2023
2026-05-04 12:42:44,928 [INFO] pipeline.cvm:   DFP dre 2023: 64 linhas
2026-05-04 12:42:45,547 [INFO] pipeline.cvm:   DFP bpa 2023: 134 linhas
2026-05-04 12:42:46,643 [INFO] pipeline.cvm:   DFP bpp 2023: 238 linhas
2026-05-04 12:42:47,172 [INFO] pipeline.cvm:   DFP dfc_mi 2023: 86 linhas
2026-05-04 12:42:47,216 [WARNING] pipeline.cvm:   Empresa 8133 não encontrada em dfc_md 2023
2026-05-04 12:42:47,448 [INFO] pipeline.cvm:   DFP dre 2024: 68 linhas
2026-05-04 12:42:47,851 [INFO] pipeline.cvm:   DFP bpa 2024: 132 linhas
2026-05-04 12:42:48,553 [INFO] pipeline.cvm:   DFP bpp 2024: 236 linhas
2026-05-04 12:42:48,997 [INFO] pipeline.cvm:   DFP dfc_mi 2024: 76 linhas
2026-05-04 12:42:49,024 [WARNING] pipeline.cvm:   Empresa 8133 não encontrada em dfc_md 2024
2026-05-04 12:42:49,360 [INFO] pipeline.cvm:   DFP dre 2024: 64 linhas
2026-05-04 12:42:49,958 [INFO] pipeline.cvm:   DFP bpa 2024: 134 linhas
2026-05-04 12:42:51,075 [INFO] pipeline.cvm:   DFP bpp 2024: 238 linhas
2026-05-04 12:42:51,597 [INFO] pipeline.cvm:   DFP dfc_mi 2024: 82 linhas
2026-05-04 12:42:51,638 [WARNING] pipeline.cvm:   Empresa 8133 não encontrada em dfc_md 2024
2026-05-04 12:42:51,863 [INFO] pipeline.cvm:   DFP dre 2025: 68 linhas
2026-05-04 12:42:52,242 [INFO] pipeline.cvm:   DFP bpa 2025: 136 linhas
2026-05-04 12:42:52,874 [INFO] pipeline.cvm:   DFP bpp 2025: 236 linhas
2026-05-04 12:42:53,225 [INFO] pipeline.cvm:   DFP dfc_mi 2025: 78 linhas
2026-05-04 12:42:53,249 [WARNING] pipeline.cvm:   Empresa 8133 não encontrada em dfc_md 2025
2026-05-04 12:42:53,546 [INFO] pipeline.cvm:   DFP dre 2025: 64 linhas
2026-05-04 12:42:54,084 [INFO] pipeline.cvm:   DFP bpa 2025: 138 linhas
2026-05-04 12:42:55,018 [INFO] pipeline.cvm:   DFP bpp 2025: 238 linhas
2026-05-04 12:42:55,535 [INFO] pipeline.cvm:   DFP dfc_mi 2025: 82 linhas
2026-05-04 12:42:55,566 [WARNING] pipeline.cvm:   Empresa 8133 não encontrada em dfc_md 2025
2026-05-04 12:42:58,474 [INFO] pipeline:   LREN3: score=95/100 | critical=0 | warnings=1
2026-05-04 12:42:58,475 [INFO] pipeline:   Relatorio: C:\Users\55819\OneDrive - EPEJUD\DIEGO\OBSIDIAN\Analista de Investimentos\12_PYTHON\pipeline banco completo\outputs\data_quality\audit_LREN3_20260504.md
2026-05-04 12:42:58,475 [INFO] pipeline: 
Auditorando MGLU3...
2026-05-04 12:42:58,702 [INFO] pipeline.cvm:   DFP dre 2020: 64 linhas
2026-05-04 12:42:59,068 [INFO] pipeline.cvm:   DFP bpa 2020: 124 linhas
2026-05-04 12:42:59,710 [INFO] pipeline.cvm:   DFP bpp 2020: 214 linhas
2026-05-04 12:43:00,045 [INFO] pipeline.cvm:   DFP dfc_mi 2020: 104 linhas
2026-05-04 12:43:00,064 [WARNING] pipeline.cvm:   Empresa 22470 não encontrada em dfc_md 2020
2026-05-04 12:43:00,396 [INFO] pipeline.cvm:   DFP dre 2020: 60 linhas
2026-05-04 12:43:01,081 [INFO] pipeline.cvm:   DFP bpa 2020: 126 linhas
2026-05-04 12:43:02,467 [INFO] pipeline.cvm:   DFP bpp 2020: 214 linhas
2026-05-04 12:43:02,939 [INFO] pipeline.cvm:   DFP dfc_mi 2020: 106 linhas
2026-05-04 12:43:02,973 [WARNING] pipeline.cvm:   Empresa 22470 não encontrada em dfc_md 2020
2026-05-04 12:43:03,209 [INFO] pipeline.cvm:   DFP dre 2021: 64 linhas
2026-05-04 12:43:03,612 [INFO] pipeline.cvm:   DFP bpa 2021: 128 linhas
2026-05-04 12:43:04,297 [INFO] pipeline.cvm:   DFP bpp 2021: 218 linhas
2026-05-04 12:43:04,648 [INFO] pipeline.cvm:   DFP dfc_mi 2021: 104 linhas
2026-05-04 12:43:04,674 [WARNING] pipeline.cvm:   Empresa 22470 não encontrada em dfc_md 2021
2026-05-04 12:43:04,996 [INFO] pipeline.cvm:   DFP dre 2021: 60 linhas
2026-05-04 12:43:05,628 [INFO] pipeline.cvm:   DFP bpa 2021: 130 linhas
2026-05-04 12:43:06,786 [INFO] pipeline.cvm:   DFP bpp 2021: 216 linhas
2026-05-04 12:43:07,294 [INFO] pipeline.cvm:   DFP dfc_mi 2021: 106 linhas
2026-05-04 12:43:07,325 [WARNING] pipeline.cvm:   Empresa 22470 não encontrada em dfc_md 2021
2026-05-04 12:43:07,568 [INFO] pipeline.cvm:   DFP dre 2022: 64 linhas
2026-05-04 12:43:07,980 [INFO] pipeline.cvm:   DFP bpa 2022: 128 linhas
2026-05-04 12:43:08,709 [INFO] pipeline.cvm:   DFP bpp 2022: 222 linhas
2026-05-04 12:43:09,200 [INFO] pipeline.cvm:   DFP dfc_mi 2022: 106 linhas
2026-05-04 12:43:09,223 [WARNING] pipeline.cvm:   Empresa 22470 não encontrada em dfc_md 2022
2026-05-04 12:43:09,543 [INFO] pipeline.cvm:   DFP dre 2022: 60 linhas
2026-05-04 12:43:10,200 [INFO] pipeline.cvm:   DFP bpa 2022: 130 linhas
2026-05-04 12:43:11,183 [INFO] pipeline.cvm:   DFP bpp 2022: 220 linhas
2026-05-04 12:43:11,658 [INFO] pipeline.cvm:   DFP dfc_mi 2022: 108 linhas
2026-05-04 12:43:11,697 [WARNING] pipeline.cvm:   Empresa 22470 não encontrada em dfc_md 2022
2026-05-04 12:43:11,921 [INFO] pipeline.cvm:   DFP dre 2023: 64 linhas
2026-05-04 12:43:12,312 [INFO] pipeline.cvm:   DFP bpa 2023: 128 linhas
2026-05-04 12:43:12,987 [INFO] pipeline.cvm:   DFP bpp 2023: 222 linhas
2026-05-04 12:43:13,378 [INFO] pipeline.cvm:   DFP dfc_mi 2023: 106 linhas
2026-05-04 12:43:13,403 [WARNING] pipeline.cvm:   Empresa 22470 não encontrada em dfc_md 2023
2026-05-04 12:43:13,743 [INFO] pipeline.cvm:   DFP dre 2023: 60 linhas
2026-05-04 12:43:14,368 [INFO] pipeline.cvm:   DFP bpa 2023: 130 linhas
2026-05-04 12:43:15,473 [INFO] pipeline.cvm:   DFP bpp 2023: 220 linhas
2026-05-04 12:43:16,006 [INFO] pipeline.cvm:   DFP dfc_mi 2023: 108 linhas
2026-05-04 12:43:16,045 [WARNING] pipeline.cvm:   Empresa 22470 não encontrada em dfc_md 2023
2026-05-04 12:43:16,273 [INFO] pipeline.cvm:   DFP dre 2024: 64 linhas
2026-05-04 12:43:16,677 [INFO] pipeline.cvm:   DFP bpa 2024: 128 linhas
2026-05-04 12:43:17,361 [INFO] pipeline.cvm:   DFP bpp 2024: 222 linhas
2026-05-04 12:43:17,738 [INFO] pipeline.cvm:   DFP dfc_mi 2024: 108 linhas
2026-05-04 12:43:17,767 [WARNING] pipeline.cvm:   Empresa 22470 não encontrada em dfc_md 2024
2026-05-04 12:43:18,097 [INFO] pipeline.cvm:   DFP dre 2024: 60 linhas
2026-05-04 12:43:18,712 [INFO] pipeline.cvm:   DFP bpa 2024: 130 linhas
2026-05-04 12:43:19,784 [INFO] pipeline.cvm:   DFP bpp 2024: 220 linhas
2026-05-04 12:43:20,309 [INFO] pipeline.cvm:   DFP dfc_mi 2024: 110 linhas
2026-05-04 12:43:20,347 [WARNING] pipeline.cvm:   Empresa 22470 não encontrada em dfc_md 2024
2026-05-04 12:43:20,550 [INFO] pipeline.cvm:   DFP dre 2025: 64 linhas
2026-05-04 12:43:20,908 [INFO] pipeline.cvm:   DFP bpa 2025: 128 linhas
2026-05-04 12:43:21,549 [INFO] pipeline.cvm:   DFP bpp 2025: 222 linhas
2026-05-04 12:43:21,919 [INFO] pipeline.cvm:   DFP dfc_mi 2025: 110 linhas
2026-05-04 12:43:21,943 [WARNING] pipeline.cvm:   Empresa 22470 não encontrada em dfc_md 2025
2026-05-04 12:43:22,241 [INFO] pipeline.cvm:   DFP dre 2025: 60 linhas
2026-05-04 12:43:22,778 [INFO] pipeline.cvm:   DFP bpa 2025: 130 linhas
2026-05-04 12:43:23,727 [INFO] pipeline.cvm:   DFP bpp 2025: 220 linhas
2026-05-04 12:43:24,209 [INFO] pipeline.cvm:   DFP dfc_mi 2025: 112 linhas
2026-05-04 12:43:24,242 [WARNING] pipeline.cvm:   Empresa 22470 não encontrada em dfc_md 2025
2026-05-04 12:43:27,025 [INFO] pipeline:   MGLU3: score=95/100 | critical=0 | warnings=1
2026-05-04 12:43:27,025 [INFO] pipeline:   Relatorio: C:\Users\55819\OneDrive - EPEJUD\DIEGO\OBSIDIAN\Analista de Investimentos\12_PYTHON\pipeline banco completo\outputs\data_quality\audit_MGLU3_20260504.md
2026-05-04 12:43:27,026 [INFO] pipeline: 
Auditorando BHIA3...
2026-05-04 12:43:27,282 [INFO] pipeline.cvm:   DFP dre 2020: 62 linhas
2026-05-04 12:43:27,680 [INFO] pipeline.cvm:   DFP bpa 2020: 128 linhas
2026-05-04 12:43:28,351 [INFO] pipeline.cvm:   DFP bpp 2020: 226 linhas
2026-05-04 12:43:28,722 [INFO] pipeline.cvm:   DFP dfc_mi 2020: 122 linhas
2026-05-04 12:43:28,743 [WARNING] pipeline.cvm:   Empresa 6505 não encontrada em dfc_md 2020
2026-05-04 12:43:29,074 [INFO] pipeline.cvm:   DFP dre 2020: 66 linhas
2026-05-04 12:43:29,801 [INFO] pipeline.cvm:   DFP bpa 2020: 130 linhas
2026-05-04 12:43:31,124 [INFO] pipeline.cvm:   DFP bpp 2020: 228 linhas
2026-05-04 12:43:31,575 [INFO] pipeline.cvm:   DFP dfc_mi 2020: 120 linhas
2026-05-04 12:43:31,606 [WARNING] pipeline.cvm:   Empresa 6505 não encontrada em dfc_md 2020
2026-05-04 12:43:31,831 [INFO] pipeline.cvm:   DFP dre 2021: 62 linhas
2026-05-04 12:43:32,216 [INFO] pipeline.cvm:   DFP bpa 2021: 128 linhas
2026-05-04 12:43:32,876 [INFO] pipeline.cvm:   DFP bpp 2021: 226 linhas
2026-05-04 12:43:33,242 [INFO] pipeline.cvm:   DFP dfc_mi 2021: 126 linhas
2026-05-04 12:43:33,268 [WARNING] pipeline.cvm:   Empresa 6505 não encontrada em dfc_md 2021
2026-05-04 12:43:33,615 [INFO] pipeline.cvm:   DFP dre 2021: 66 linhas
2026-05-04 12:43:34,239 [INFO] pipeline.cvm:   DFP bpa 2021: 130 linhas
2026-05-04 12:43:35,345 [INFO] pipeline.cvm:   DFP bpp 2021: 228 linhas
2026-05-04 12:43:35,841 [INFO] pipeline.cvm:   DFP dfc_mi 2021: 126 linhas
2026-05-04 12:43:35,870 [WARNING] pipeline.cvm:   Empresa 6505 não encontrada em dfc_md 2021
2026-05-04 12:43:36,102 [INFO] pipeline.cvm:   DFP dre 2022: 62 linhas
2026-05-04 12:43:36,510 [INFO] pipeline.cvm:   DFP bpa 2022: 128 linhas
2026-05-04 12:43:37,223 [INFO] pipeline.cvm:   DFP bpp 2022: 230 linhas
2026-05-04 12:43:37,582 [INFO] pipeline.cvm:   DFP dfc_mi 2022: 132 linhas
2026-05-04 12:43:37,611 [WARNING] pipeline.cvm:   Empresa 6505 não encontrada em dfc_md 2022
2026-05-04 12:43:37,922 [INFO] pipeline.cvm:   DFP dre 2022: 66 linhas
2026-05-04 12:43:38,549 [INFO] pipeline.cvm:   DFP bpa 2022: 130 linhas
2026-05-04 12:43:39,584 [INFO] pipeline.cvm:   DFP bpp 2022: 232 linhas
2026-05-04 12:43:40,067 [INFO] pipeline.cvm:   DFP dfc_mi 2022: 132 linhas
2026-05-04 12:43:40,103 [WARNING] pipeline.cvm:   Empresa 6505 não encontrada em dfc_md 2022
2026-05-04 12:43:40,326 [INFO] pipeline.cvm:   DFP dre 2023: 62 linhas
2026-05-04 12:43:40,711 [INFO] pipeline.cvm:   DFP bpa 2023: 128 linhas
2026-05-04 12:43:41,381 [INFO] pipeline.cvm:   DFP bpp 2023: 230 linhas
2026-05-04 12:43:41,749 [INFO] pipeline.cvm:   DFP dfc_mi 2023: 132 linhas
2026-05-04 12:43:41,774 [WARNING] pipeline.cvm:   Empresa 6505 não encontrada em dfc_md 2023
2026-05-04 12:43:42,088 [INFO] pipeline.cvm:   DFP dre 2023: 66 linhas
2026-05-04 12:43:42,680 [INFO] pipeline.cvm:   DFP bpa 2023: 130 linhas
2026-05-04 12:43:43,753 [INFO] pipeline.cvm:   DFP bpp 2023: 232 linhas
2026-05-04 12:43:44,277 [INFO] pipeline.cvm:   DFP dfc_mi 2023: 134 linhas
2026-05-04 12:43:44,318 [WARNING] pipeline.cvm:   Empresa 6505 não encontrada em dfc_md 2023
2026-05-04 12:43:44,550 [INFO] pipeline.cvm:   DFP dre 2024: 70 linhas
2026-05-04 12:43:44,942 [INFO] pipeline.cvm:   DFP bpa 2024: 128 linhas
2026-05-04 12:43:45,631 [INFO] pipeline.cvm:   DFP bpp 2024: 230 linhas
2026-05-04 12:43:46,111 [INFO] pipeline.cvm:   DFP dfc_mi 2024: 134 linhas
2026-05-04 12:43:46,133 [WARNING] pipeline.cvm:   Empresa 6505 não encontrada em dfc_md 2024
2026-05-04 12:43:46,452 [INFO] pipeline.cvm:   DFP dre 2024: 66 linhas
2026-05-04 12:43:47,045 [INFO] pipeline.cvm:   DFP bpa 2024: 130 linhas
2026-05-04 12:43:48,145 [INFO] pipeline.cvm:   DFP bpp 2024: 232 linhas
2026-05-04 12:43:48,672 [INFO] pipeline.cvm:   DFP dfc_mi 2024: 136 linhas
2026-05-04 12:43:48,712 [WARNING] pipeline.cvm:   Empresa 6505 não encontrada em dfc_md 2024
2026-05-04 12:43:48,926 [INFO] pipeline.cvm:   DFP dre 2025: 70 linhas
2026-05-04 12:43:49,297 [INFO] pipeline.cvm:   DFP bpa 2025: 132 linhas
2026-05-04 12:43:49,929 [INFO] pipeline.cvm:   DFP bpp 2025: 232 linhas
2026-05-04 12:43:50,318 [INFO] pipeline.cvm:   DFP dfc_mi 2025: 134 linhas
2026-05-04 12:43:50,337 [WARNING] pipeline.cvm:   Empresa 6505 não encontrada em dfc_md 2025
2026-05-04 12:43:50,630 [INFO] pipeline.cvm:   DFP dre 2025: 66 linhas
2026-05-04 12:43:51,182 [INFO] pipeline.cvm:   DFP bpa 2025: 134 linhas
2026-05-04 12:43:52,121 [INFO] pipeline.cvm:   DFP bpp 2025: 232 linhas
2026-05-04 12:43:52,626 [INFO] pipeline.cvm:   DFP dfc_mi 2025: 140 linhas
2026-05-04 12:43:52,658 [WARNING] pipeline.cvm:   Empresa 6505 não encontrada em dfc_md 2025
2026-05-04 12:43:55,424 [INFO] pipeline:   BHIA3: score=95/100 | critical=0 | warnings=1
2026-05-04 12:43:55,424 [INFO] pipeline:   Relatorio: C:\Users\55819\OneDrive - EPEJUD\DIEGO\OBSIDIAN\Analista de Investimentos\12_PYTHON\pipeline banco completo\outputs\data_quality\audit_BHIA3_20260504.md
2026-05-04 12:43:55,424 [INFO] pipeline: 
Auditorando ASAI3...
2026-05-04 12:43:55,653 [INFO] pipeline.cvm:   DFP dre 2020: 70 linhas
2026-05-04 12:43:56,034 [INFO] pipeline.cvm:   DFP bpa 2020: 130 linhas
2026-05-04 12:43:56,758 [INFO] pipeline.cvm:   DFP bpp 2020: 246 linhas
2026-05-04 12:43:57,100 [INFO] pipeline.cvm:   DFP dfc_mi 2020: 118 linhas
2026-05-04 12:43:57,122 [WARNING] pipeline.cvm:   Empresa 25372 não encontrada em dfc_md 2020
2026-05-04 12:43:57,530 [INFO] pipeline.cvm:   DFP dre 2020: 66 linhas
2026-05-04 12:43:58,146 [INFO] pipeline.cvm:   DFP bpa 2020: 140 linhas
2026-05-04 12:43:59,549 [INFO] pipeline.cvm:   DFP bpp 2020: 252 linhas
2026-05-04 12:44:00,100 [INFO] pipeline.cvm:   DFP dfc_mi 2020: 124 linhas
2026-05-04 12:44:00,135 [WARNING] pipeline.cvm:   Empresa 25372 não encontrada em dfc_md 2020
2026-05-04 12:44:00,370 [WARNING] pipeline.cvm:   Empresa 25372 não encontrada em dre 2021
2026-05-04 12:44:00,769 [WARNING] pipeline.cvm:   Empresa 25372 não encontrada em bpa 2021
2026-05-04 12:44:01,500 [WARNING] pipeline.cvm:   Empresa 25372 não encontrada em bpp 2021
2026-05-04 12:44:01,851 [WARNING] pipeline.cvm:   Empresa 25372 não encontrada em dfc_mi 2021
2026-05-04 12:44:01,881 [WARNING] pipeline.cvm:   Empresa 25372 não encontrada em dfc_md 2021
2026-05-04 12:44:02,240 [INFO] pipeline.cvm:   DFP dre 2021: 66 linhas
2026-05-04 12:44:02,895 [INFO] pipeline.cvm:   DFP bpa 2021: 140 linhas
2026-05-04 12:44:04,157 [INFO] pipeline.cvm:   DFP bpp 2021: 252 linhas
2026-05-04 12:44:04,681 [INFO] pipeline.cvm:   DFP dfc_mi 2021: 126 linhas
2026-05-04 12:44:04,715 [WARNING] pipeline.cvm:   Empresa 25372 não encontrada em dfc_md 2021
2026-05-04 12:44:04,982 [WARNING] pipeline.cvm:   Empresa 25372 não encontrada em dre 2022
2026-05-04 12:44:05,414 [WARNING] pipeline.cvm:   Empresa 25372 não encontrada em bpa 2022
2026-05-04 12:44:06,212 [WARNING] pipeline.cvm:   Empresa 25372 não encontrada em bpp 2022
2026-05-04 12:44:06,615 [WARNING] pipeline.cvm:   Empresa 25372 não encontrada em dfc_mi 2022
2026-05-04 12:44:06,639 [WARNING] pipeline.cvm:   Empresa 25372 não encontrada em dfc_md 2022
2026-05-04 12:44:06,980 [INFO] pipeline.cvm:   DFP dre 2022: 66 linhas
2026-05-04 12:44:07,628 [INFO] pipeline.cvm:   DFP bpa 2022: 140 linhas
2026-05-04 12:44:08,776 [INFO] pipeline.cvm:   DFP bpp 2022: 260 linhas
2026-05-04 12:44:09,336 [INFO] pipeline.cvm:   DFP dfc_mi 2022: 126 linhas
2026-05-04 12:44:09,380 [WARNING] pipeline.cvm:   Empresa 25372 não encontrada em dfc_md 2022
2026-05-04 12:44:09,632 [WARNING] pipeline.cvm:   Empresa 25372 não encontrada em dre 2023
2026-05-04 12:44:10,040 [WARNING] pipeline.cvm:   Empresa 25372 não encontrada em bpa 2023
2026-05-04 12:44:10,794 [WARNING] pipeline.cvm:   Empresa 25372 não encontrada em bpp 2023
2026-05-04 12:44:11,197 [WARNING] pipeline.cvm:   Empresa 25372 não encontrada em dfc_mi 2023
2026-05-04 12:44:11,223 [WARNING] pipeline.cvm:   Empresa 25372 não encontrada em dfc_md 2023
2026-05-04 12:44:11,544 [INFO] pipeline.cvm:   DFP dre 2023: 66 linhas
2026-05-04 12:44:12,147 [INFO] pipeline.cvm:   DFP bpa 2023: 140 linhas
2026-05-04 12:44:13,230 [INFO] pipeline.cvm:   DFP bpp 2023: 266 linhas
2026-05-04 12:44:13,773 [INFO] pipeline.cvm:   DFP dfc_mi 2023: 132 linhas
2026-05-04 12:44:13,816 [WARNING] pipeline.cvm:   Empresa 25372 não encontrada em dfc_md 2023
2026-05-04 12:44:14,056 [WARNING] pipeline.cvm:   Empresa 25372 não encontrada em dre 2024
2026-05-04 12:44:14,473 [WARNING] pipeline.cvm:   Empresa 25372 não encontrada em bpa 2024
2026-05-04 12:44:15,179 [WARNING] pipeline.cvm:   Empresa 25372 não encontrada em bpp 2024
2026-05-04 12:44:15,616 [WARNING] pipeline.cvm:   Empresa 25372 não encontrada em dfc_mi 2024
2026-05-04 12:44:15,647 [WARNING] pipeline.cvm:   Empresa 25372 não encontrada em dfc_md 2024
2026-05-04 12:44:16,022 [INFO] pipeline.cvm:   DFP dre 2024: 66 linhas
2026-05-04 12:44:16,640 [INFO] pipeline.cvm:   DFP bpa 2024: 144 linhas
2026-05-04 12:44:17,720 [INFO] pipeline.cvm:   DFP bpp 2024: 270 linhas
2026-05-04 12:44:18,283 [INFO] pipeline.cvm:   DFP dfc_mi 2024: 132 linhas
2026-05-04 12:44:18,322 [WARNING] pipeline.cvm:   Empresa 25372 não encontrada em dfc_md 2024
2026-05-04 12:44:18,545 [WARNING] pipeline.cvm:   Empresa 25372 não encontrada em dre 2025
2026-05-04 12:44:18,924 [WARNING] pipeline.cvm:   Empresa 25372 não encontrada em bpa 2025
2026-05-04 12:44:19,582 [WARNING] pipeline.cvm:   Empresa 25372 não encontrada em bpp 2025
2026-05-04 12:44:19,963 [WARNING] pipeline.cvm:   Empresa 25372 não encontrada em dfc_mi 2025
2026-05-04 12:44:19,986 [WARNING] pipeline.cvm:   Empresa 25372 não encontrada em dfc_md 2025
2026-05-04 12:44:20,296 [INFO] pipeline.cvm:   DFP dre 2025: 66 linhas
2026-05-04 12:44:20,878 [INFO] pipeline.cvm:   DFP bpa 2025: 144 linhas
2026-05-04 12:44:21,900 [INFO] pipeline.cvm:   DFP bpp 2025: 270 linhas
2026-05-04 12:44:22,440 [INFO] pipeline.cvm:   DFP dfc_mi 2025: 134 linhas
2026-05-04 12:44:22,474 [WARNING] pipeline.cvm:   Empresa 25372 não encontrada em dfc_md 2025
2026-05-04 12:44:25,451 [INFO] pipeline:   ASAI3: score=77/100 | critical=1 | warnings=1
2026-05-04 12:44:25,451 [INFO] pipeline:   Relatorio: C:\Users\55819\OneDrive - EPEJUD\DIEGO\OBSIDIAN\Analista de Investimentos\12_PYTHON\pipeline banco completo\outputs\data_quality\audit_ASAI3_20260504.md
2026-05-04 12:44:25,451 [INFO] pipeline: 
Auditorando PCAR3...
2026-05-04 12:44:25,703 [INFO] pipeline.cvm:   DFP dre 2020: 70 linhas
2026-05-04 12:44:26,101 [INFO] pipeline.cvm:   DFP bpa 2020: 130 linhas
2026-05-04 12:44:26,918 [INFO] pipeline.cvm:   DFP bpp 2020: 246 linhas
2026-05-04 12:44:27,274 [INFO] pipeline.cvm:   DFP dfc_mi 2020: 122 linhas
2026-05-04 12:44:27,294 [WARNING] pipeline.cvm:   Empresa 14826 não encontrada em dfc_md 2020
2026-05-04 12:44:27,745 [INFO] pipeline.cvm:   DFP dre 2020: 66 linhas
2026-05-04 12:44:28,428 [INFO] pipeline.cvm:   DFP bpa 2020: 140 linhas
2026-05-04 12:44:29,860 [INFO] pipeline.cvm:   DFP bpp 2020: 246 linhas
2026-05-04 12:44:30,445 [INFO] pipeline.cvm:   DFP dfc_mi 2020: 126 linhas
2026-05-04 12:44:30,489 [WARNING] pipeline.cvm:   Empresa 14826 não encontrada em dfc_md 2020
2026-05-04 12:44:30,740 [INFO] pipeline.cvm:   DFP dre 2021: 70 linhas
2026-05-04 12:44:31,144 [INFO] pipeline.cvm:   DFP bpa 2021: 130 linhas
2026-05-04 12:44:31,859 [INFO] pipeline.cvm:   DFP bpp 2021: 246 linhas
2026-05-04 12:44:32,225 [INFO] pipeline.cvm:   DFP dfc_mi 2021: 124 linhas
2026-05-04 12:44:32,247 [WARNING] pipeline.cvm:   Empresa 14826 não encontrada em dfc_md 2021
2026-05-04 12:44:32,587 [INFO] pipeline.cvm:   DFP dre 2021: 66 linhas
2026-05-04 12:44:33,244 [INFO] pipeline.cvm:   DFP bpa 2021: 140 linhas
2026-05-04 12:44:34,677 [INFO] pipeline.cvm:   DFP bpp 2021: 246 linhas
2026-05-04 12:44:35,185 [INFO] pipeline.cvm:   DFP dfc_mi 2021: 126 linhas
2026-05-04 12:44:35,226 [WARNING] pipeline.cvm:   Empresa 14826 não encontrada em dfc_md 2021
2026-05-04 12:44:35,487 [INFO] pipeline.cvm:   DFP dre 2022: 70 linhas
2026-05-04 12:44:36,003 [INFO] pipeline.cvm:   DFP bpa 2022: 132 linhas
2026-05-04 12:44:36,813 [INFO] pipeline.cvm:   DFP bpp 2022: 250 linhas
2026-05-04 12:44:37,225 [INFO] pipeline.cvm:   DFP dfc_mi 2022: 124 linhas
2026-05-04 12:44:37,257 [WARNING] pipeline.cvm:   Empresa 14826 não encontrada em dfc_md 2022
2026-05-04 12:44:37,614 [INFO] pipeline.cvm:   DFP dre 2022: 66 linhas
2026-05-04 12:44:38,281 [INFO] pipeline.cvm:   DFP bpa 2022: 142 linhas
2026-05-04 12:44:39,472 [INFO] pipeline.cvm:   DFP bpp 2022: 250 linhas
2026-05-04 12:44:39,965 [INFO] pipeline.cvm:   DFP dfc_mi 2022: 126 linhas
2026-05-04 12:44:40,002 [WARNING] pipeline.cvm:   Empresa 14826 não encontrada em dfc_md 2022
2026-05-04 12:44:40,224 [INFO] pipeline.cvm:   DFP dre 2023: 70 linhas
2026-05-04 12:44:40,612 [INFO] pipeline.cvm:   DFP bpa 2023: 134 linhas
2026-05-04 12:44:41,286 [INFO] pipeline.cvm:   DFP bpp 2023: 254 linhas
2026-05-04 12:44:41,651 [INFO] pipeline.cvm:   DFP dfc_mi 2023: 126 linhas
2026-05-04 12:44:41,676 [WARNING] pipeline.cvm:   Empresa 14826 não encontrada em dfc_md 2023
2026-05-04 12:44:41,985 [INFO] pipeline.cvm:   DFP dre 2023: 66 linhas
2026-05-04 12:44:42,572 [INFO] pipeline.cvm:   DFP bpa 2023: 144 linhas
2026-05-04 12:44:43,740 [INFO] pipeline.cvm:   DFP bpp 2023: 254 linhas
2026-05-04 12:44:44,266 [INFO] pipeline.cvm:   DFP dfc_mi 2023: 128 linhas
2026-05-04 12:44:44,310 [WARNING] pipeline.cvm:   Empresa 14826 não encontrada em dfc_md 2023
2026-05-04 12:44:44,544 [INFO] pipeline.cvm:   DFP dre 2024: 70 linhas
2026-05-04 12:44:44,942 [INFO] pipeline.cvm:   DFP bpa 2024: 134 linhas
2026-05-04 12:44:45,653 [INFO] pipeline.cvm:   DFP bpp 2024: 254 linhas
2026-05-04 12:44:46,082 [INFO] pipeline.cvm:   DFP dfc_mi 2024: 128 linhas
2026-05-04 12:44:46,111 [WARNING] pipeline.cvm:   Empresa 14826 não encontrada em dfc_md 2024
2026-05-04 12:44:46,439 [INFO] pipeline.cvm:   DFP dre 2024: 66 linhas
2026-05-04 12:44:47,138 [INFO] pipeline.cvm:   DFP bpa 2024: 144 linhas
2026-05-04 12:44:48,204 [INFO] pipeline.cvm:   DFP bpp 2024: 254 linhas
2026-05-04 12:44:48,741 [INFO] pipeline.cvm:   DFP dfc_mi 2024: 130 linhas
2026-05-04 12:44:48,774 [WARNING] pipeline.cvm:   Empresa 14826 não encontrada em dfc_md 2024
2026-05-04 12:44:48,994 [INFO] pipeline.cvm:   DFP dre 2025: 70 linhas
2026-05-04 12:44:49,385 [INFO] pipeline.cvm:   DFP bpa 2025: 134 linhas
2026-05-04 12:44:50,079 [INFO] pipeline.cvm:   DFP bpp 2025: 254 linhas
2026-05-04 12:44:50,472 [INFO] pipeline.cvm:   DFP dfc_mi 2025: 130 linhas
2026-05-04 12:44:50,497 [WARNING] pipeline.cvm:   Empresa 14826 não encontrada em dfc_md 2025
2026-05-04 12:44:50,816 [INFO] pipeline.cvm:   DFP dre 2025: 66 linhas
2026-05-04 12:44:51,401 [INFO] pipeline.cvm:   DFP bpa 2025: 146 linhas
2026-05-04 12:44:52,462 [INFO] pipeline.cvm:   DFP bpp 2025: 254 linhas
2026-05-04 12:44:52,999 [INFO] pipeline.cvm:   DFP dfc_mi 2025: 132 linhas
2026-05-04 12:44:53,036 [WARNING] pipeline.cvm:   Empresa 14826 não encontrada em dfc_md 2025
2026-05-04 12:44:55,935 [INFO] pipeline:   PCAR3: score=95/100 | critical=0 | warnings=1
2026-05-04 12:44:55,935 [INFO] pipeline:   Relatorio: C:\Users\55819\OneDrive - EPEJUD\DIEGO\OBSIDIAN\Analista de Investimentos\12_PYTHON\pipeline banco completo\outputs\data_quality\audit_PCAR3_20260504.md
2026-05-04 12:44:55,935 [INFO] pipeline: 
Auditorando VIVA3...
2026-05-04 12:44:56,175 [INFO] pipeline.cvm:   DFP dre 2020: 76 linhas
2026-05-04 12:44:56,558 [INFO] pipeline.cvm:   DFP bpa 2020: 144 linhas
2026-05-04 12:44:57,350 [INFO] pipeline.cvm:   DFP bpp 2020: 258 linhas
2026-05-04 12:44:57,694 [INFO] pipeline.cvm:   DFP dfc_mi 2020: 114 linhas
2026-05-04 12:44:57,714 [WARNING] pipeline.cvm:   Empresa 24805 não encontrada em dfc_md 2020
2026-05-04 12:44:58,039 [INFO] pipeline.cvm:   DFP dre 2020: 72 linhas
2026-05-04 12:44:58,709 [INFO] pipeline.cvm:   DFP bpa 2020: 144 linhas
2026-05-04 12:44:59,920 [INFO] pipeline.cvm:   DFP bpp 2020: 258 linhas
2026-05-04 12:45:00,389 [INFO] pipeline.cvm:   DFP dfc_mi 2020: 110 linhas
2026-05-04 12:45:00,424 [WARNING] pipeline.cvm:   Empresa 24805 não encontrada em dfc_md 2020
2026-05-04 12:45:00,654 [INFO] pipeline.cvm:   DFP dre 2021: 78 linhas
2026-05-04 12:45:01,150 [INFO] pipeline.cvm:   DFP bpa 2021: 144 linhas
2026-05-04 12:45:01,924 [INFO] pipeline.cvm:   DFP bpp 2021: 258 linhas
2026-05-04 12:45:02,313 [INFO] pipeline.cvm:   DFP dfc_mi 2021: 116 linhas
2026-05-04 12:45:02,339 [WARNING] pipeline.cvm:   Empresa 24805 não encontrada em dfc_md 2021
2026-05-04 12:45:02,675 [INFO] pipeline.cvm:   DFP dre 2021: 74 linhas
2026-05-04 12:45:03,309 [INFO] pipeline.cvm:   DFP bpa 2021: 144 linhas
2026-05-04 12:45:04,622 [INFO] pipeline.cvm:   DFP bpp 2021: 258 linhas
2026-05-04 12:45:05,206 [INFO] pipeline.cvm:   DFP dfc_mi 2021: 114 linhas
2026-05-04 12:45:05,240 [WARNING] pipeline.cvm:   Empresa 24805 não encontrada em dfc_md 2021
2026-05-04 12:45:05,486 [INFO] pipeline.cvm:   DFP dre 2022: 78 linhas
2026-05-04 12:45:05,977 [INFO] pipeline.cvm:   DFP bpa 2022: 144 linhas
2026-05-04 12:45:06,823 [INFO] pipeline.cvm:   DFP bpp 2022: 268 linhas
2026-05-04 12:45:07,290 [INFO] pipeline.cvm:   DFP dfc_mi 2022: 120 linhas
2026-05-04 12:45:07,319 [WARNING] pipeline.cvm:   Empresa 24805 não encontrada em dfc_md 2022
2026-05-04 12:45:07,649 [INFO] pipeline.cvm:   DFP dre 2022: 74 linhas
2026-05-04 12:45:08,259 [INFO] pipeline.cvm:   DFP bpa 2022: 144 linhas
2026-05-04 12:45:09,335 [INFO] pipeline.cvm:   DFP bpp 2022: 258 linhas
2026-05-04 12:45:09,892 [INFO] pipeline.cvm:   DFP dfc_mi 2022: 118 linhas
2026-05-04 12:45:09,933 [WARNING] pipeline.cvm:   Empresa 24805 não encontrada em dfc_md 2022
2026-05-04 12:45:10,169 [INFO] pipeline.cvm:   DFP dre 2023: 78 linhas
2026-05-04 12:45:10,566 [INFO] pipeline.cvm:   DFP bpa 2023: 144 linhas
2026-05-04 12:45:11,295 [INFO] pipeline.cvm:   DFP bpp 2023: 268 linhas
2026-05-04 12:45:11,659 [INFO] pipeline.cvm:   DFP dfc_mi 2023: 124 linhas
2026-05-04 12:45:11,683 [WARNING] pipeline.cvm:   Empresa 24805 não encontrada em dfc_md 2023
2026-05-04 12:45:11,993 [INFO] pipeline.cvm:   DFP dre 2023: 74 linhas
2026-05-04 12:45:12,585 [INFO] pipeline.cvm:   DFP bpa 2023: 144 linhas
2026-05-04 12:45:13,682 [INFO] pipeline.cvm:   DFP bpp 2023: 266 linhas
2026-05-04 12:45:14,224 [INFO] pipeline.cvm:   DFP dfc_mi 2023: 120 linhas
2026-05-04 12:45:14,265 [WARNING] pipeline.cvm:   Empresa 24805 não encontrada em dfc_md 2023
2026-05-04 12:45:14,486 [INFO] pipeline.cvm:   DFP dre 2024: 78 linhas
2026-05-04 12:45:14,880 [INFO] pipeline.cvm:   DFP bpa 2024: 148 linhas
2026-05-04 12:45:15,697 [INFO] pipeline.cvm:   DFP bpp 2024: 270 linhas
2026-05-04 12:45:16,079 [INFO] pipeline.cvm:   DFP dfc_mi 2024: 128 linhas
2026-05-04 12:45:16,109 [WARNING] pipeline.cvm:   Empresa 24805 não encontrada em dfc_md 2024
2026-05-04 12:45:16,424 [INFO] pipeline.cvm:   DFP dre 2024: 70 linhas
2026-05-04 12:45:16,996 [INFO] pipeline.cvm:   DFP bpa 2024: 146 linhas
2026-05-04 12:45:18,068 [INFO] pipeline.cvm:   DFP bpp 2024: 268 linhas
2026-05-04 12:45:18,586 [INFO] pipeline.cvm:   DFP dfc_mi 2024: 104 linhas
2026-05-04 12:45:18,616 [WARNING] pipeline.cvm:   Empresa 24805 não encontrada em dfc_md 2024
2026-05-04 12:45:18,816 [INFO] pipeline.cvm:   DFP dre 2025: 78 linhas
2026-05-04 12:45:19,170 [INFO] pipeline.cvm:   DFP bpa 2025: 148 linhas
2026-05-04 12:45:19,866 [INFO] pipeline.cvm:   DFP bpp 2025: 270 linhas
2026-05-04 12:45:20,217 [INFO] pipeline.cvm:   DFP dfc_mi 2025: 136 linhas
2026-05-04 12:45:20,241 [WARNING] pipeline.cvm:   Empresa 24805 não encontrada em dfc_md 2025
2026-05-04 12:45:20,526 [INFO] pipeline.cvm:   DFP dre 2025: 70 linhas
2026-05-04 12:45:21,113 [INFO] pipeline.cvm:   DFP bpa 2025: 146 linhas
2026-05-04 12:45:22,053 [INFO] pipeline.cvm:   DFP bpp 2025: 268 linhas
2026-05-04 12:45:22,534 [INFO] pipeline.cvm:   DFP dfc_mi 2025: 108 linhas
2026-05-04 12:45:22,560 [WARNING] pipeline.cvm:   Empresa 24805 não encontrada em dfc_md 2025
2026-05-04 12:45:25,175 [INFO] pipeline:   VIVA3: score=95/100 | critical=0 | warnings=1
2026-05-04 12:45:25,176 [INFO] pipeline:   Relatorio: C:\Users\55819\OneDrive - EPEJUD\DIEGO\OBSIDIAN\Analista de Investimentos\12_PYTHON\pipeline banco completo\outputs\data_quality\audit_VIVA3_20260504.md
2026-05-04 12:45:25,176 [INFO] pipeline: 
Auditorando SBFG3...
2026-05-04 12:45:25,425 [INFO] pipeline.cvm:   DFP dre 2020: 60 linhas
2026-05-04 12:45:25,923 [INFO] pipeline.cvm:   DFP bpa 2020: 126 linhas
2026-05-04 12:45:26,600 [INFO] pipeline.cvm:   DFP bpp 2020: 222 linhas
2026-05-04 12:45:26,989 [INFO] pipeline.cvm:   DFP dfc_mi 2020: 118 linhas
2026-05-04 12:45:27,008 [WARNING] pipeline.cvm:   Empresa 24694 não encontrada em dfc_md 2020
2026-05-04 12:45:27,324 [INFO] pipeline.cvm:   DFP dre 2020: 56 linhas
2026-05-04 12:45:27,919 [INFO] pipeline.cvm:   DFP bpa 2020: 120 linhas
2026-05-04 12:45:29,216 [INFO] pipeline.cvm:   DFP bpp 2020: 216 linhas
2026-05-04 12:45:29,688 [INFO] pipeline.cvm:   DFP dfc_mi 2020: 74 linhas
2026-05-04 12:45:29,721 [WARNING] pipeline.cvm:   Empresa 24694 não encontrada em dfc_md 2020
2026-05-04 12:45:29,944 [INFO] pipeline.cvm:   DFP dre 2021: 60 linhas
2026-05-04 12:45:30,404 [INFO] pipeline.cvm:   DFP bpa 2021: 128 linhas
2026-05-04 12:45:31,144 [INFO] pipeline.cvm:   DFP bpp 2021: 224 linhas
2026-05-04 12:45:31,492 [INFO] pipeline.cvm:   DFP dfc_mi 2021: 132 linhas
2026-05-04 12:45:31,516 [WARNING] pipeline.cvm:   Empresa 24694 não encontrada em dfc_md 2021
2026-05-04 12:45:31,840 [INFO] pipeline.cvm:   DFP dre 2021: 56 linhas
2026-05-04 12:45:32,461 [INFO] pipeline.cvm:   DFP bpa 2021: 124 linhas
2026-05-04 12:45:33,606 [INFO] pipeline.cvm:   DFP bpp 2021: 218 linhas
2026-05-04 12:45:34,133 [INFO] pipeline.cvm:   DFP dfc_mi 2021: 78 linhas
2026-05-04 12:45:34,165 [WARNING] pipeline.cvm:   Empresa 24694 não encontrada em dfc_md 2021
2026-05-04 12:45:34,397 [INFO] pipeline.cvm:   DFP dre 2022: 60 linhas
2026-05-04 12:45:34,806 [INFO] pipeline.cvm:   DFP bpa 2022: 128 linhas
2026-05-04 12:45:35,610 [INFO] pipeline.cvm:   DFP bpp 2022: 228 linhas
2026-05-04 12:45:35,983 [INFO] pipeline.cvm:   DFP dfc_mi 2022: 132 linhas
2026-05-04 12:45:36,007 [WARNING] pipeline.cvm:   Empresa 24694 não encontrada em dfc_md 2022
2026-05-04 12:45:36,326 [INFO] pipeline.cvm:   DFP dre 2022: 56 linhas
2026-05-04 12:45:36,957 [INFO] pipeline.cvm:   DFP bpa 2022: 126 linhas
2026-05-04 12:45:38,144 [INFO] pipeline.cvm:   DFP bpp 2022: 220 linhas
2026-05-04 12:45:38,629 [INFO] pipeline.cvm:   DFP dfc_mi 2022: 92 linhas
2026-05-04 12:45:38,670 [WARNING] pipeline.cvm:   Empresa 24694 não encontrada em dfc_md 2022
2026-05-04 12:45:38,920 [INFO] pipeline.cvm:   DFP dre 2023: 60 linhas
2026-05-04 12:45:39,322 [INFO] pipeline.cvm:   DFP bpa 2023: 128 linhas
2026-05-04 12:45:40,009 [INFO] pipeline.cvm:   DFP bpp 2023: 228 linhas
2026-05-04 12:45:40,379 [INFO] pipeline.cvm:   DFP dfc_mi 2023: 132 linhas
2026-05-04 12:45:40,403 [WARNING] pipeline.cvm:   Empresa 24694 não encontrada em dfc_md 2023
2026-05-04 12:45:40,724 [INFO] pipeline.cvm:   DFP dre 2023: 56 linhas
2026-05-04 12:45:41,315 [INFO] pipeline.cvm:   DFP bpa 2023: 132 linhas
2026-05-04 12:45:42,332 [INFO] pipeline.cvm:   DFP bpp 2023: 220 linhas
2026-05-04 12:45:42,823 [INFO] pipeline.cvm:   DFP dfc_mi 2023: 92 linhas
2026-05-04 12:45:42,862 [WARNING] pipeline.cvm:   Empresa 24694 não encontrada em dfc_md 2023
2026-05-04 12:45:43,089 [INFO] pipeline.cvm:   DFP dre 2024: 60 linhas
2026-05-04 12:45:43,492 [INFO] pipeline.cvm:   DFP bpa 2024: 128 linhas
2026-05-04 12:45:44,240 [INFO] pipeline.cvm:   DFP bpp 2024: 228 linhas
2026-05-04 12:45:44,597 [INFO] pipeline.cvm:   DFP dfc_mi 2024: 134 linhas
2026-05-04 12:45:44,623 [WARNING] pipeline.cvm:   Empresa 24694 não encontrada em dfc_md 2024
2026-05-04 12:45:44,961 [INFO] pipeline.cvm:   DFP dre 2024: 56 linhas
2026-05-04 12:45:45,536 [INFO] pipeline.cvm:   DFP bpa 2024: 132 linhas
2026-05-04 12:45:46,652 [INFO] pipeline.cvm:   DFP bpp 2024: 222 linhas
2026-05-04 12:45:47,154 [INFO] pipeline.cvm:   DFP dfc_mi 2024: 92 linhas
2026-05-04 12:45:47,189 [WARNING] pipeline.cvm:   Empresa 24694 não encontrada em dfc_md 2024
2026-05-04 12:45:47,387 [INFO] pipeline.cvm:   DFP dre 2025: 60 linhas
2026-05-04 12:45:47,746 [INFO] pipeline.cvm:   DFP bpa 2025: 128 linhas
2026-05-04 12:45:48,471 [INFO] pipeline.cvm:   DFP bpp 2025: 230 linhas
2026-05-04 12:45:48,815 [INFO] pipeline.cvm:   DFP dfc_mi 2025: 126 linhas
2026-05-04 12:45:48,838 [WARNING] pipeline.cvm:   Empresa 24694 não encontrada em dfc_md 2025
2026-05-04 12:45:49,127 [INFO] pipeline.cvm:   DFP dre 2025: 56 linhas
2026-05-04 12:45:49,656 [INFO] pipeline.cvm:   DFP bpa 2025: 132 linhas
2026-05-04 12:45:50,597 [INFO] pipeline.cvm:   DFP bpp 2025: 222 linhas
2026-05-04 12:45:51,089 [INFO] pipeline.cvm:   DFP dfc_mi 2025: 84 linhas
2026-05-04 12:45:51,120 [WARNING] pipeline.cvm:   Empresa 24694 não encontrada em dfc_md 2025
2026-05-04 12:45:53,751 [INFO] pipeline:   SBFG3: score=95/100 | critical=0 | warnings=1
2026-05-04 12:45:53,751 [INFO] pipeline:   Relatorio: C:\Users\55819\OneDrive - EPEJUD\DIEGO\OBSIDIAN\Analista de Investimentos\12_PYTHON\pipeline banco completo\outputs\data_quality\audit_SBFG3_20260504.md
2026-05-04 12:45:53,751 [INFO] pipeline: 
Auditorando NATU3...
2026-05-04 12:45:53,967 [INFO] pipeline.cvm:   DFP dre 2020: 70 linhas
2026-05-04 12:45:54,325 [INFO] pipeline.cvm:   DFP bpa 2020: 134 linhas
2026-05-04 12:45:55,153 [INFO] pipeline.cvm:   DFP bpp 2020: 228 linhas
2026-05-04 12:45:55,499 [INFO] pipeline.cvm:   DFP dfc_mi 2020: 132 linhas
2026-05-04 12:45:55,518 [WARNING] pipeline.cvm:   Empresa 19550 não encontrada em dfc_md 2020
2026-05-04 12:45:55,927 [INFO] pipeline.cvm:   DFP dre 2020: 66 linhas
2026-05-04 12:45:56,520 [INFO] pipeline.cvm:   DFP bpa 2020: 136 linhas
2026-05-04 12:45:57,851 [INFO] pipeline.cvm:   DFP bpp 2020: 232 linhas
2026-05-04 12:45:58,309 [INFO] pipeline.cvm:   DFP dfc_mi 2020: 132 linhas
2026-05-04 12:45:58,345 [WARNING] pipeline.cvm:   Empresa 19550 não encontrada em dfc_md 2020
2026-05-04 12:45:58,581 [INFO] pipeline.cvm:   DFP dre 2021: 70 linhas
2026-05-04 12:45:59,012 [INFO] pipeline.cvm:   DFP bpa 2021: 134 linhas
2026-05-04 12:45:59,789 [INFO] pipeline.cvm:   DFP bpp 2021: 228 linhas
2026-05-04 12:46:00,153 [INFO] pipeline.cvm:   DFP dfc_mi 2021: 132 linhas
2026-05-04 12:46:00,178 [WARNING] pipeline.cvm:   Empresa 19550 não encontrada em dfc_md 2021
2026-05-04 12:46:00,505 [INFO] pipeline.cvm:   DFP dre 2021: 66 linhas
2026-05-04 12:46:01,108 [INFO] pipeline.cvm:   DFP bpa 2021: 136 linhas
2026-05-04 12:46:02,247 [INFO] pipeline.cvm:   DFP bpp 2021: 232 linhas
2026-05-04 12:46:02,761 [INFO] pipeline.cvm:   DFP dfc_mi 2021: 132 linhas
2026-05-04 12:46:02,791 [WARNING] pipeline.cvm:   Empresa 19550 não encontrada em dfc_md 2021
2026-05-04 12:46:03,052 [INFO] pipeline.cvm:   DFP dre 2022: 70 linhas
2026-05-04 12:46:03,462 [INFO] pipeline.cvm:   DFP bpa 2022: 134 linhas
2026-05-04 12:46:04,363 [INFO] pipeline.cvm:   DFP bpp 2022: 234 linhas
2026-05-04 12:46:04,748 [INFO] pipeline.cvm:   DFP dfc_mi 2022: 132 linhas
2026-05-04 12:46:04,777 [WARNING] pipeline.cvm:   Empresa 19550 não encontrada em dfc_md 2022
2026-05-04 12:46:05,146 [INFO] pipeline.cvm:   DFP dre 2022: 66 linhas
2026-05-04 12:46:05,859 [INFO] pipeline.cvm:   DFP bpa 2022: 136 linhas
2026-05-04 12:46:06,975 [INFO] pipeline.cvm:   DFP bpp 2022: 238 linhas
2026-05-04 12:46:07,498 [INFO] pipeline.cvm:   DFP dfc_mi 2022: 132 linhas
2026-05-04 12:46:07,550 [WARNING] pipeline.cvm:   Empresa 19550 não encontrada em dfc_md 2022
2026-05-04 12:46:07,792 [INFO] pipeline.cvm:   DFP dre 2023: 62 linhas
2026-05-04 12:46:08,242 [INFO] pipeline.cvm:   DFP bpa 2023: 138 linhas
2026-05-04 12:46:09,057 [INFO] pipeline.cvm:   DFP bpp 2023: 232 linhas
2026-05-04 12:46:09,463 [INFO] pipeline.cvm:   DFP dfc_mi 2023: 138 linhas
2026-05-04 12:46:09,492 [WARNING] pipeline.cvm:   Empresa 19550 não encontrada em dfc_md 2023
2026-05-04 12:46:09,835 [INFO] pipeline.cvm:   DFP dre 2023: 58 linhas
2026-05-04 12:46:10,448 [INFO] pipeline.cvm:   DFP bpa 2023: 138 linhas
2026-05-04 12:46:11,583 [INFO] pipeline.cvm:   DFP bpp 2023: 238 linhas
2026-05-04 12:46:12,083 [INFO] pipeline.cvm:   DFP dfc_mi 2023: 140 linhas
2026-05-04 12:46:12,120 [WARNING] pipeline.cvm:   Empresa 19550 não encontrada em dfc_md 2023
2026-05-04 12:46:12,337 [INFO] pipeline.cvm:   DFP dre 2024: 62 linhas
2026-05-04 12:46:12,723 [INFO] pipeline.cvm:   DFP bpa 2024: 140 linhas
2026-05-04 12:46:13,520 [INFO] pipeline.cvm:   DFP bpp 2024: 234 linhas
2026-05-04 12:46:13,926 [INFO] pipeline.cvm:   DFP dfc_mi 2024: 144 linhas
2026-05-04 12:46:13,949 [WARNING] pipeline.cvm:   Empresa 19550 não encontrada em dfc_md 2024
2026-05-04 12:46:14,272 [INFO] pipeline.cvm:   DFP dre 2024: 58 linhas
2026-05-04 12:46:14,889 [INFO] pipeline.cvm:   DFP bpa 2024: 140 linhas
2026-05-04 12:46:16,034 [INFO] pipeline.cvm:   DFP bpp 2024: 238 linhas
2026-05-04 12:46:16,553 [INFO] pipeline.cvm:   DFP dfc_mi 2024: 144 linhas
2026-05-04 12:46:16,588 [WARNING] pipeline.cvm:   Empresa 19550 não encontrada em dfc_md 2024
2026-05-04 12:46:16,797 [INFO] pipeline.cvm:   DFP dre 2025: 62 linhas
2026-05-04 12:46:17,172 [INFO] pipeline.cvm:   DFP bpa 2025: 140 linhas
2026-05-04 12:46:17,832 [INFO] pipeline.cvm:   DFP bpp 2025: 234 linhas
2026-05-04 12:46:18,186 [INFO] pipeline.cvm:   DFP dfc_mi 2025: 144 linhas
2026-05-04 12:46:18,208 [WARNING] pipeline.cvm:   Empresa 19550 não encontrada em dfc_md 2025
2026-05-04 12:46:18,531 [INFO] pipeline.cvm:   DFP dre 2025: 58 linhas
2026-05-04 12:46:19,096 [INFO] pipeline.cvm:   DFP bpa 2025: 140 linhas
2026-05-04 12:46:20,196 [INFO] pipeline.cvm:   DFP bpp 2025: 238 linhas
2026-05-04 12:46:20,702 [INFO] pipeline.cvm:   DFP dfc_mi 2025: 144 linhas
2026-05-04 12:46:20,740 [WARNING] pipeline.cvm:   Empresa 19550 não encontrada em dfc_md 2025
2026-05-04 12:46:23,462 [INFO] pipeline:   NATU3: score=95/100 | critical=0 | warnings=1
2026-05-04 12:46:23,462 [INFO] pipeline:   Relatorio: C:\Users\55819\OneDrive - EPEJUD\DIEGO\OBSIDIAN\Analista de Investimentos\12_PYTHON\pipeline banco completo\outputs\data_quality\audit_NATU3_20260504.md
2026-05-04 12:46:23,462 [INFO] pipeline: 
Auditorando CEAB3...
2026-05-04 12:46:23,719 [INFO] pipeline.cvm:   DFP dre 2020: 72 linhas
2026-05-04 12:46:24,140 [INFO] pipeline.cvm:   DFP bpa 2020: 132 linhas
2026-05-04 12:46:24,900 [INFO] pipeline.cvm:   DFP bpp 2020: 218 linhas
2026-05-04 12:46:25,240 [INFO] pipeline.cvm:   DFP dfc_mi 2020: 102 linhas
2026-05-04 12:46:25,264 [WARNING] pipeline.cvm:   Empresa 24848 não encontrada em dfc_md 2020
2026-05-04 12:46:25,657 [INFO] pipeline.cvm:   DFP dre 2020: 66 linhas
2026-05-04 12:46:26,358 [INFO] pipeline.cvm:   DFP bpa 2020: 134 linhas
2026-05-04 12:46:27,777 [INFO] pipeline.cvm:   DFP bpp 2020: 220 linhas
2026-05-04 12:46:28,246 [INFO] pipeline.cvm:   DFP dfc_mi 2020: 106 linhas
2026-05-04 12:46:28,278 [WARNING] pipeline.cvm:   Empresa 24848 não encontrada em dfc_md 2020
2026-05-04 12:46:28,522 [INFO] pipeline.cvm:   DFP dre 2021: 76 linhas
2026-05-04 12:46:28,952 [INFO] pipeline.cvm:   DFP bpa 2021: 132 linhas
2026-05-04 12:46:29,718 [INFO] pipeline.cvm:   DFP bpp 2021: 218 linhas
2026-05-04 12:46:30,086 [INFO] pipeline.cvm:   DFP dfc_mi 2021: 104 linhas
2026-05-04 12:46:30,111 [WARNING] pipeline.cvm:   Empresa 24848 não encontrada em dfc_md 2021
2026-05-04 12:46:30,474 [INFO] pipeline.cvm:   DFP dre 2021: 66 linhas
2026-05-04 12:46:31,172 [INFO] pipeline.cvm:   DFP bpa 2021: 134 linhas
2026-05-04 12:46:32,370 [INFO] pipeline.cvm:   DFP bpp 2021: 220 linhas
2026-05-04 12:46:32,871 [INFO] pipeline.cvm:   DFP dfc_mi 2021: 108 linhas
2026-05-04 12:46:32,908 [WARNING] pipeline.cvm:   Empresa 24848 não encontrada em dfc_md 2021
2026-05-04 12:46:33,146 [INFO] pipeline.cvm:   DFP dre 2022: 76 linhas
2026-05-04 12:46:33,630 [INFO] pipeline.cvm:   DFP bpa 2022: 134 linhas
2026-05-04 12:46:34,484 [INFO] pipeline.cvm:   DFP bpp 2022: 218 linhas
2026-05-04 12:46:34,905 [INFO] pipeline.cvm:   DFP dfc_mi 2022: 108 linhas
2026-05-04 12:46:34,941 [WARNING] pipeline.cvm:   Empresa 24848 não encontrada em dfc_md 2022
2026-05-04 12:46:35,296 [INFO] pipeline.cvm:   DFP dre 2022: 66 linhas
2026-05-04 12:46:35,971 [INFO] pipeline.cvm:   DFP bpa 2022: 136 linhas
2026-05-04 12:46:37,237 [INFO] pipeline.cvm:   DFP bpp 2022: 220 linhas
2026-05-04 12:46:37,791 [INFO] pipeline.cvm:   DFP dfc_mi 2022: 112 linhas
2026-05-04 12:46:37,829 [WARNING] pipeline.cvm:   Empresa 24848 não encontrada em dfc_md 2022
2026-05-04 12:46:38,068 [INFO] pipeline.cvm:   DFP dre 2023: 78 linhas
2026-05-04 12:46:38,479 [INFO] pipeline.cvm:   DFP bpa 2023: 134 linhas
2026-05-04 12:46:39,288 [INFO] pipeline.cvm:   DFP bpp 2023: 224 linhas
2026-05-04 12:46:39,673 [INFO] pipeline.cvm:   DFP dfc_mi 2023: 112 linhas
2026-05-04 12:46:39,700 [WARNING] pipeline.cvm:   Empresa 24848 não encontrada em dfc_md 2023
2026-05-04 12:46:40,020 [INFO] pipeline.cvm:   DFP dre 2023: 68 linhas
2026-05-04 12:46:40,609 [INFO] pipeline.cvm:   DFP bpa 2023: 138 linhas
2026-05-04 12:46:41,706 [INFO] pipeline.cvm:   DFP bpp 2023: 224 linhas
2026-05-04 12:46:42,207 [INFO] pipeline.cvm:   DFP dfc_mi 2023: 116 linhas
2026-05-04 12:46:42,246 [WARNING] pipeline.cvm:   Empresa 24848 não encontrada em dfc_md 2023
2026-05-04 12:46:42,460 [INFO] pipeline.cvm:   DFP dre 2024: 78 linhas
2026-05-04 12:46:42,838 [INFO] pipeline.cvm:   DFP bpa 2024: 136 linhas
2026-05-04 12:46:43,497 [INFO] pipeline.cvm:   DFP bpp 2024: 224 linhas
2026-05-04 12:46:43,882 [INFO] pipeline.cvm:   DFP dfc_mi 2024: 114 linhas
2026-05-04 12:46:43,908 [WARNING] pipeline.cvm:   Empresa 24848 não encontrada em dfc_md 2024
2026-05-04 12:46:44,211 [INFO] pipeline.cvm:   DFP dre 2024: 68 linhas
2026-05-04 12:46:44,800 [INFO] pipeline.cvm:   DFP bpa 2024: 140 linhas
2026-05-04 12:46:45,957 [INFO] pipeline.cvm:   DFP bpp 2024: 224 linhas
2026-05-04 12:46:46,466 [INFO] pipeline.cvm:   DFP dfc_mi 2024: 116 linhas
2026-05-04 12:46:46,500 [WARNING] pipeline.cvm:   Empresa 24848 não encontrada em dfc_md 2024
2026-05-04 12:46:46,699 [INFO] pipeline.cvm:   DFP dre 2025: 76 linhas
2026-05-04 12:46:47,077 [INFO] pipeline.cvm:   DFP bpa 2025: 136 linhas
2026-05-04 12:46:47,757 [INFO] pipeline.cvm:   DFP bpp 2025: 228 linhas
2026-05-04 12:46:48,099 [INFO] pipeline.cvm:   DFP dfc_mi 2025: 84 linhas
2026-05-04 12:46:48,123 [WARNING] pipeline.cvm:   Empresa 24848 não encontrada em dfc_md 2025
2026-05-04 12:46:48,408 [INFO] pipeline.cvm:   DFP dre 2025: 68 linhas
2026-05-04 12:46:48,967 [INFO] pipeline.cvm:   DFP bpa 2025: 140 linhas
2026-05-04 12:46:49,897 [INFO] pipeline.cvm:   DFP bpp 2025: 228 linhas
2026-05-04 12:46:50,403 [INFO] pipeline.cvm:   DFP dfc_mi 2025: 94 linhas
2026-05-04 12:46:50,434 [WARNING] pipeline.cvm:   Empresa 24848 não encontrada em dfc_md 2025
2026-05-04 12:46:53,114 [INFO] pipeline:   CEAB3: score=95/100 | critical=0 | warnings=1
2026-05-04 12:46:53,114 [INFO] pipeline:   Relatorio: C:\Users\55819\OneDrive - EPEJUD\DIEGO\OBSIDIAN\Analista de Investimentos\12_PYTHON\pipeline banco completo\outputs\data_quality\audit_CEAB3_20260504.md
2026-05-04 12:46:53,115 [INFO] pipeline: 
Auditorando AUAU3...
2026-05-04 12:46:53,335 [WARNING] pipeline.cvm:   Empresa 25089 não encontrada em dre 2020
2026-05-04 12:46:53,686 [WARNING] pipeline.cvm:   Empresa 25089 não encontrada em bpa 2020
2026-05-04 12:46:54,321 [WARNING] pipeline.cvm:   Empresa 25089 não encontrada em bpp 2020
2026-05-04 12:46:54,702 [WARNING] pipeline.cvm:   Empresa 25089 não encontrada em dfc_mi 2020
2026-05-04 12:46:54,722 [WARNING] pipeline.cvm:   Empresa 25089 não encontrada em dfc_md 2020
2026-05-04 12:46:55,144 [INFO] pipeline.cvm:   DFP dre 2020: 58 linhas
2026-05-04 12:46:55,742 [INFO] pipeline.cvm:   DFP bpa 2020: 128 linhas
2026-05-04 12:46:57,035 [INFO] pipeline.cvm:   DFP bpp 2020: 216 linhas
2026-05-04 12:46:57,553 [INFO] pipeline.cvm:   DFP dfc_mi 2020: 82 linhas
2026-05-04 12:46:57,589 [WARNING] pipeline.cvm:   Empresa 25089 não encontrada em dfc_md 2020
2026-05-04 12:46:57,826 [INFO] pipeline.cvm:   DFP dre 2021: 64 linhas
2026-05-04 12:46:58,215 [INFO] pipeline.cvm:   DFP bpa 2021: 126 linhas
2026-05-04 12:46:58,878 [INFO] pipeline.cvm:   DFP bpp 2021: 214 linhas
2026-05-04 12:46:59,233 [INFO] pipeline.cvm:   DFP dfc_mi 2021: 94 linhas
2026-05-04 12:46:59,258 [WARNING] pipeline.cvm:   Empresa 25089 não encontrada em dfc_md 2021
2026-05-04 12:46:59,621 [INFO] pipeline.cvm:   DFP dre 2021: 58 linhas
2026-05-04 12:47:00,262 [INFO] pipeline.cvm:   DFP bpa 2021: 128 linhas
2026-05-04 12:47:01,370 [INFO] pipeline.cvm:   DFP bpp 2021: 218 linhas
2026-05-04 12:47:01,872 [INFO] pipeline.cvm:   DFP dfc_mi 2021: 92 linhas
2026-05-04 12:47:01,907 [WARNING] pipeline.cvm:   Empresa 25089 não encontrada em dfc_md 2021
2026-05-04 12:47:02,166 [INFO] pipeline.cvm:   DFP dre 2022: 64 linhas
2026-05-04 12:47:02,605 [INFO] pipeline.cvm:   DFP bpa 2022: 126 linhas
2026-05-04 12:47:03,366 [INFO] pipeline.cvm:   DFP bpp 2022: 216 linhas
2026-05-04 12:47:03,762 [INFO] pipeline.cvm:   DFP dfc_mi 2022: 94 linhas
2026-05-04 12:47:03,792 [WARNING] pipeline.cvm:   Empresa 25089 não encontrada em dfc_md 2022
2026-05-04 12:47:04,136 [INFO] pipeline.cvm:   DFP dre 2022: 58 linhas
2026-05-04 12:47:04,746 [INFO] pipeline.cvm:   DFP bpa 2022: 128 linhas
2026-05-04 12:47:05,836 [INFO] pipeline.cvm:   DFP bpp 2022: 218 linhas
2026-05-04 12:47:06,338 [INFO] pipeline.cvm:   DFP dfc_mi 2022: 94 linhas
2026-05-04 12:47:06,377 [WARNING] pipeline.cvm:   Empresa 25089 não encontrada em dfc_md 2022
2026-05-04 12:47:06,603 [INFO] pipeline.cvm:   DFP dre 2023: 64 linhas
2026-05-04 12:47:07,004 [INFO] pipeline.cvm:   DFP bpa 2023: 126 linhas
2026-05-04 12:47:07,804 [INFO] pipeline.cvm:   DFP bpp 2023: 218 linhas
2026-05-04 12:47:08,194 [INFO] pipeline.cvm:   DFP dfc_mi 2023: 98 linhas
2026-05-04 12:47:08,220 [WARNING] pipeline.cvm:   Empresa 25089 não encontrada em dfc_md 2023
2026-05-04 12:47:08,543 [INFO] pipeline.cvm:   DFP dre 2023: 62 linhas
2026-05-04 12:47:09,174 [INFO] pipeline.cvm:   DFP bpa 2023: 128 linhas
2026-05-04 12:47:10,239 [INFO] pipeline.cvm:   DFP bpp 2023: 220 linhas
2026-05-04 12:47:10,754 [INFO] pipeline.cvm:   DFP dfc_mi 2023: 100 linhas
2026-05-04 12:47:10,796 [WARNING] pipeline.cvm:   Empresa 25089 não encontrada em dfc_md 2023
2026-05-04 12:47:11,009 [INFO] pipeline.cvm:   DFP dre 2024: 64 linhas
2026-05-04 12:47:11,386 [INFO] pipeline.cvm:   DFP bpa 2024: 128 linhas
2026-05-04 12:47:12,102 [INFO] pipeline.cvm:   DFP bpp 2024: 218 linhas
2026-05-04 12:47:12,459 [INFO] pipeline.cvm:   DFP dfc_mi 2024: 100 linhas
2026-05-04 12:47:12,486 [WARNING] pipeline.cvm:   Empresa 25089 não encontrada em dfc_md 2024
2026-05-04 12:47:12,792 [INFO] pipeline.cvm:   DFP dre 2024: 62 linhas
2026-05-04 12:47:13,360 [INFO] pipeline.cvm:   DFP bpa 2024: 130 linhas
2026-05-04 12:47:14,466 [INFO] pipeline.cvm:   DFP bpp 2024: 220 linhas
2026-05-04 12:47:14,969 [INFO] pipeline.cvm:   DFP dfc_mi 2024: 102 linhas
2026-05-04 12:47:15,005 [WARNING] pipeline.cvm:   Empresa 25089 não encontrada em dfc_md 2024
2026-05-04 12:47:15,222 [INFO] pipeline.cvm:   DFP dre 2025: 64 linhas
2026-05-04 12:47:15,592 [INFO] pipeline.cvm:   DFP bpa 2025: 128 linhas
2026-05-04 12:47:16,235 [INFO] pipeline.cvm:   DFP bpp 2025: 218 linhas
2026-05-04 12:47:16,617 [INFO] pipeline.cvm:   DFP dfc_mi 2025: 100 linhas
2026-05-04 12:47:16,641 [WARNING] pipeline.cvm:   Empresa 25089 não encontrada em dfc_md 2025
2026-05-04 12:47:16,932 [INFO] pipeline.cvm:   DFP dre 2025: 62 linhas
2026-05-04 12:47:17,482 [INFO] pipeline.cvm:   DFP bpa 2025: 130 linhas
2026-05-04 12:47:18,405 [INFO] pipeline.cvm:   DFP bpp 2025: 220 linhas
2026-05-04 12:47:18,940 [INFO] pipeline.cvm:   DFP dfc_mi 2025: 102 linhas
2026-05-04 12:47:18,969 [WARNING] pipeline.cvm:   Empresa 25089 não encontrada em dfc_md 2025
2026-05-04 12:47:21,560 [INFO] pipeline:   AUAU3: score=59/100 | critical=2 | warnings=1
2026-05-04 12:47:21,560 [INFO] pipeline:   Relatorio: C:\Users\55819\OneDrive - EPEJUD\DIEGO\OBSIDIAN\Analista de Investimentos\12_PYTHON\pipeline banco completo\outputs\data_quality\audit_AUAU3_20260504.md
2026-05-04 12:47:21,560 [INFO] pipeline: 
Auditorando AZZA3...
2026-05-04 12:47:21,785 [INFO] pipeline.cvm:   DFP dre 2020: 68 linhas
2026-05-04 12:47:22,190 [INFO] pipeline.cvm:   DFP bpa 2020: 132 linhas
2026-05-04 12:47:22,984 [INFO] pipeline.cvm:   DFP bpp 2020: 216 linhas
2026-05-04 12:47:23,320 [INFO] pipeline.cvm:   DFP dfc_mi 2020: 96 linhas
2026-05-04 12:47:23,340 [WARNING] pipeline.cvm:   Empresa 22349 não encontrada em dfc_md 2020
2026-05-04 12:47:23,724 [INFO] pipeline.cvm:   DFP dre 2020: 64 linhas
2026-05-04 12:47:24,426 [INFO] pipeline.cvm:   DFP bpa 2020: 134 linhas
2026-05-04 12:47:25,818 [INFO] pipeline.cvm:   DFP bpp 2020: 220 linhas
2026-05-04 12:47:26,285 [INFO] pipeline.cvm:   DFP dfc_mi 2020: 96 linhas
2026-05-04 12:47:26,316 [WARNING] pipeline.cvm:   Empresa 22349 não encontrada em dfc_md 2020
2026-05-04 12:47:26,549 [INFO] pipeline.cvm:   DFP dre 2021: 68 linhas
2026-05-04 12:47:26,919 [INFO] pipeline.cvm:   DFP bpa 2021: 140 linhas
2026-05-04 12:47:27,626 [INFO] pipeline.cvm:   DFP bpp 2021: 224 linhas
2026-05-04 12:47:27,965 [INFO] pipeline.cvm:   DFP dfc_mi 2021: 96 linhas
2026-05-04 12:47:27,991 [WARNING] pipeline.cvm:   Empresa 22349 não encontrada em dfc_md 2021
2026-05-04 12:47:28,317 [INFO] pipeline.cvm:   DFP dre 2021: 64 linhas
2026-05-04 12:47:28,942 [INFO] pipeline.cvm:   DFP bpa 2021: 138 linhas
2026-05-04 12:47:30,113 [INFO] pipeline.cvm:   DFP bpp 2021: 222 linhas
2026-05-04 12:47:30,608 [INFO] pipeline.cvm:   DFP dfc_mi 2021: 96 linhas
2026-05-04 12:47:30,641 [WARNING] pipeline.cvm:   Empresa 22349 não encontrada em dfc_md 2021
2026-05-04 12:47:30,886 [INFO] pipeline.cvm:   DFP dre 2022: 68 linhas
2026-05-04 12:47:31,293 [INFO] pipeline.cvm:   DFP bpa 2022: 146 linhas
2026-05-04 12:47:32,115 [INFO] pipeline.cvm:   DFP bpp 2022: 226 linhas
2026-05-04 12:47:32,515 [INFO] pipeline.cvm:   DFP dfc_mi 2022: 104 linhas
2026-05-04 12:47:32,544 [WARNING] pipeline.cvm:   Empresa 22349 não encontrada em dfc_md 2022
2026-05-04 12:47:32,923 [INFO] pipeline.cvm:   DFP dre 2022: 64 linhas
2026-05-04 12:47:33,537 [INFO] pipeline.cvm:   DFP bpa 2022: 140 linhas
2026-05-04 12:47:34,637 [INFO] pipeline.cvm:   DFP bpp 2022: 228 linhas
2026-05-04 12:47:35,129 [INFO] pipeline.cvm:   DFP dfc_mi 2022: 110 linhas
2026-05-04 12:47:35,171 [WARNING] pipeline.cvm:   Empresa 22349 não encontrada em dfc_md 2022
2026-05-04 12:47:35,420 [INFO] pipeline.cvm:   DFP dre 2023: 68 linhas
2026-05-04 12:47:35,857 [INFO] pipeline.cvm:   DFP bpa 2023: 146 linhas
2026-05-04 12:47:36,560 [INFO] pipeline.cvm:   DFP bpp 2023: 234 linhas
2026-05-04 12:47:36,968 [INFO] pipeline.cvm:   DFP dfc_mi 2023: 106 linhas
2026-05-04 12:47:36,994 [WARNING] pipeline.cvm:   Empresa 22349 não encontrada em dfc_md 2023
2026-05-04 12:47:37,331 [INFO] pipeline.cvm:   DFP dre 2023: 64 linhas
2026-05-04 12:47:37,929 [INFO] pipeline.cvm:   DFP bpa 2023: 144 linhas
2026-05-04 12:47:39,091 [INFO] pipeline.cvm:   DFP bpp 2023: 234 linhas
2026-05-04 12:47:39,616 [INFO] pipeline.cvm:   DFP dfc_mi 2023: 110 linhas
2026-05-04 12:47:39,657 [WARNING] pipeline.cvm:   Empresa 22349 não encontrada em dfc_md 2023
2026-05-04 12:47:39,880 [INFO] pipeline.cvm:   DFP dre 2024: 68 linhas
2026-05-04 12:47:40,262 [INFO] pipeline.cvm:   DFP bpa 2024: 146 linhas
2026-05-04 12:47:40,920 [INFO] pipeline.cvm:   DFP bpp 2024: 236 linhas
2026-05-04 12:47:41,283 [INFO] pipeline.cvm:   DFP dfc_mi 2024: 112 linhas
2026-05-04 12:47:41,309 [WARNING] pipeline.cvm:   Empresa 22349 não encontrada em dfc_md 2024
2026-05-04 12:47:41,604 [INFO] pipeline.cvm:   DFP dre 2024: 64 linhas
2026-05-04 12:47:42,161 [INFO] pipeline.cvm:   DFP bpa 2024: 146 linhas
2026-05-04 12:47:43,200 [INFO] pipeline.cvm:   DFP bpp 2024: 240 linhas
2026-05-04 12:47:43,702 [INFO] pipeline.cvm:   DFP dfc_mi 2024: 118 linhas
2026-05-04 12:47:43,737 [WARNING] pipeline.cvm:   Empresa 22349 não encontrada em dfc_md 2024
2026-05-04 12:47:43,939 [INFO] pipeline.cvm:   DFP dre 2025: 68 linhas
2026-05-04 12:47:44,312 [INFO] pipeline.cvm:   DFP bpa 2025: 146 linhas
2026-05-04 12:47:44,971 [INFO] pipeline.cvm:   DFP bpp 2025: 238 linhas
2026-05-04 12:47:45,311 [INFO] pipeline.cvm:   DFP dfc_mi 2025: 120 linhas
2026-05-04 12:47:45,334 [WARNING] pipeline.cvm:   Empresa 22349 não encontrada em dfc_md 2025
2026-05-04 12:47:45,623 [INFO] pipeline.cvm:   DFP dre 2025: 64 linhas
2026-05-04 12:47:46,168 [INFO] pipeline.cvm:   DFP bpa 2025: 146 linhas
2026-05-04 12:47:47,216 [INFO] pipeline.cvm:   DFP bpp 2025: 240 linhas
2026-05-04 12:47:47,694 [INFO] pipeline.cvm:   DFP dfc_mi 2025: 122 linhas
2026-05-04 12:47:47,724 [WARNING] pipeline.cvm:   Empresa 22349 não encontrada em dfc_md 2025
2026-05-04 12:47:50,296 [INFO] pipeline:   AZZA3: score=95/100 | critical=0 | warnings=1
2026-05-04 12:47:50,296 [INFO] pipeline:   Relatorio: C:\Users\55819\OneDrive - EPEJUD\DIEGO\OBSIDIAN\Analista de Investimentos\12_PYTHON\pipeline banco completo\outputs\data_quality\audit_AZZA3_20260504.md
2026-05-04 12:47:50,296 [INFO] pipeline: 
Auditorando AMAR3...
2026-05-04 12:47:50,535 [INFO] pipeline.cvm:   DFP dre 2020: 62 linhas
2026-05-04 12:47:50,914 [INFO] pipeline.cvm:   DFP bpa 2020: 130 linhas
2026-05-04 12:47:51,557 [INFO] pipeline.cvm:   DFP bpp 2020: 222 linhas
2026-05-04 12:47:51,997 [INFO] pipeline.cvm:   DFP dfc_mi 2020: 118 linhas
2026-05-04 12:47:52,016 [WARNING] pipeline.cvm:   Empresa 22055 não encontrada em dfc_md 2020
2026-05-04 12:47:52,351 [INFO] pipeline.cvm:   DFP dre 2020: 58 linhas
2026-05-04 12:47:52,992 [INFO] pipeline.cvm:   DFP bpa 2020: 136 linhas
2026-05-04 12:47:54,328 [INFO] pipeline.cvm:   DFP bpp 2020: 218 linhas
2026-05-04 12:47:54,883 [INFO] pipeline.cvm:   DFP dfc_mi 2020: 126 linhas
2026-05-04 12:47:54,914 [WARNING] pipeline.cvm:   Empresa 22055 não encontrada em dfc_md 2020
2026-05-04 12:47:55,133 [INFO] pipeline.cvm:   DFP dre 2021: 60 linhas
2026-05-04 12:47:55,518 [INFO] pipeline.cvm:   DFP bpa 2021: 130 linhas
2026-05-04 12:47:56,214 [INFO] pipeline.cvm:   DFP bpp 2021: 224 linhas
2026-05-04 12:47:56,568 [INFO] pipeline.cvm:   DFP dfc_mi 2021: 106 linhas
2026-05-04 12:47:56,592 [WARNING] pipeline.cvm:   Empresa 22055 não encontrada em dfc_md 2021
2026-05-04 12:47:56,916 [INFO] pipeline.cvm:   DFP dre 2021: 56 linhas
2026-05-04 12:47:57,539 [INFO] pipeline.cvm:   DFP bpa 2021: 134 linhas
2026-05-04 12:47:58,627 [INFO] pipeline.cvm:   DFP bpp 2021: 224 linhas
2026-05-04 12:47:59,128 [INFO] pipeline.cvm:   DFP dfc_mi 2021: 114 linhas
2026-05-04 12:47:59,166 [WARNING] pipeline.cvm:   Empresa 22055 não encontrada em dfc_md 2021
2026-05-04 12:47:59,410 [INFO] pipeline.cvm:   DFP dre 2022: 62 linhas
2026-05-04 12:47:59,895 [INFO] pipeline.cvm:   DFP bpa 2022: 130 linhas
2026-05-04 12:48:00,699 [INFO] pipeline.cvm:   DFP bpp 2022: 224 linhas
2026-05-04 12:48:01,098 [INFO] pipeline.cvm:   DFP dfc_mi 2022: 116 linhas
2026-05-04 12:48:01,128 [WARNING] pipeline.cvm:   Empresa 22055 não encontrada em dfc_md 2022
2026-05-04 12:48:01,470 [INFO] pipeline.cvm:   DFP dre 2022: 58 linhas
2026-05-04 12:48:02,115 [INFO] pipeline.cvm:   DFP bpa 2022: 134 linhas
2026-05-04 12:48:03,257 [INFO] pipeline.cvm:   DFP bpp 2022: 224 linhas
2026-05-04 12:48:03,829 [INFO] pipeline.cvm:   DFP dfc_mi 2022: 126 linhas
2026-05-04 12:48:03,872 [WARNING] pipeline.cvm:   Empresa 22055 não encontrada em dfc_md 2022
2026-05-04 12:48:04,143 [INFO] pipeline.cvm:   DFP dre 2023: 62 linhas
2026-05-04 12:48:04,617 [INFO] pipeline.cvm:   DFP bpa 2023: 132 linhas
2026-05-04 12:48:05,382 [INFO] pipeline.cvm:   DFP bpp 2023: 226 linhas
2026-05-04 12:48:05,798 [INFO] pipeline.cvm:   DFP dfc_mi 2023: 120 linhas
2026-05-04 12:48:05,827 [WARNING] pipeline.cvm:   Empresa 22055 não encontrada em dfc_md 2023
2026-05-04 12:48:06,174 [INFO] pipeline.cvm:   DFP dre 2023: 58 linhas
2026-05-04 12:48:06,905 [INFO] pipeline.cvm:   DFP bpa 2023: 136 linhas
2026-05-04 12:48:08,045 [INFO] pipeline.cvm:   DFP bpp 2023: 224 linhas
2026-05-04 12:48:08,617 [INFO] pipeline.cvm:   DFP dfc_mi 2023: 136 linhas
2026-05-04 12:48:08,658 [WARNING] pipeline.cvm:   Empresa 22055 não encontrada em dfc_md 2023
2026-05-04 12:48:08,891 [INFO] pipeline.cvm:   DFP dre 2024: 62 linhas
2026-05-04 12:48:09,314 [INFO] pipeline.cvm:   DFP bpa 2024: 132 linhas
2026-05-04 12:48:10,101 [INFO] pipeline.cvm:   DFP bpp 2024: 228 linhas
2026-05-04 12:48:10,486 [INFO] pipeline.cvm:   DFP dfc_mi 2024: 120 linhas
2026-05-04 12:48:10,512 [WARNING] pipeline.cvm:   Empresa 22055 não encontrada em dfc_md 2024
2026-05-04 12:48:10,845 [INFO] pipeline.cvm:   DFP dre 2024: 58 linhas
2026-05-04 12:48:11,442 [INFO] pipeline.cvm:   DFP bpa 2024: 136 linhas
2026-05-04 12:48:12,441 [INFO] pipeline.cvm:   DFP bpp 2024: 224 linhas
2026-05-04 12:48:12,947 [INFO] pipeline.cvm:   DFP dfc_mi 2024: 136 linhas
2026-05-04 12:48:12,981 [WARNING] pipeline.cvm:   Empresa 22055 não encontrada em dfc_md 2024
2026-05-04 12:48:13,189 [INFO] pipeline.cvm:   DFP dre 2025: 62 linhas
2026-05-04 12:48:13,572 [INFO] pipeline.cvm:   DFP bpa 2025: 132 linhas
2026-05-04 12:48:14,321 [INFO] pipeline.cvm:   DFP bpp 2025: 230 linhas
2026-05-04 12:48:14,695 [INFO] pipeline.cvm:   DFP dfc_mi 2025: 120 linhas
2026-05-04 12:48:14,718 [WARNING] pipeline.cvm:   Empresa 22055 não encontrada em dfc_md 2025
2026-05-04 12:48:15,011 [INFO] pipeline.cvm:   DFP dre 2025: 58 linhas
2026-05-04 12:48:15,576 [INFO] pipeline.cvm:   DFP bpa 2025: 136 linhas
2026-05-04 12:48:16,591 [INFO] pipeline.cvm:   DFP bpp 2025: 228 linhas
2026-05-04 12:48:17,095 [INFO] pipeline.cvm:   DFP dfc_mi 2025: 136 linhas
2026-05-04 12:48:17,130 [WARNING] pipeline.cvm:   Empresa 22055 não encontrada em dfc_md 2025
2026-05-04 12:48:20,447 [INFO] pipeline:   AMAR3: score=95/100 | critical=0 | warnings=1
2026-05-04 12:48:20,448 [INFO] pipeline:   Relatorio: C:\Users\55819\OneDrive - EPEJUD\DIEGO\OBSIDIAN\Analista de Investimentos\12_PYTHON\pipeline banco completo\outputs\data_quality\audit_AMAR3_20260504.md
2026-05-04 12:48:20,448 [INFO] pipeline: 
Auditorando AGRO3...
2026-05-04 12:48:20,687 [INFO] pipeline.cvm:   DFP dre 2020: 68 linhas
2026-05-04 12:48:21,109 [INFO] pipeline.cvm:   DFP bpa 2020: 128 linhas
2026-05-04 12:48:21,973 [INFO] pipeline.cvm:   DFP bpp 2020: 224 linhas
2026-05-04 12:48:22,350 [INFO] pipeline.cvm:   DFP dfc_mi 2020: 112 linhas
2026-05-04 12:48:22,374 [WARNING] pipeline.cvm:   Empresa 20036 não encontrada em dfc_md 2020
2026-05-04 12:48:22,807 [INFO] pipeline.cvm:   DFP dre 2020: 62 linhas
2026-05-04 12:48:23,527 [INFO] pipeline.cvm:   DFP bpa 2020: 132 linhas
2026-05-04 12:48:24,906 [INFO] pipeline.cvm:   DFP bpp 2020: 222 linhas
2026-05-04 12:48:25,440 [INFO] pipeline.cvm:   DFP dfc_mi 2020: 106 linhas
2026-05-04 12:48:25,482 [WARNING] pipeline.cvm:   Empresa 20036 não encontrada em dfc_md 2020
2026-05-04 12:48:25,731 [INFO] pipeline.cvm:   DFP dre 2021: 68 linhas
2026-05-04 12:48:26,163 [INFO] pipeline.cvm:   DFP bpa 2021: 128 linhas
2026-05-04 12:48:26,877 [INFO] pipeline.cvm:   DFP bpp 2021: 228 linhas
2026-05-04 12:48:27,262 [INFO] pipeline.cvm:   DFP dfc_mi 2021: 120 linhas
2026-05-04 12:48:27,291 [WARNING] pipeline.cvm:   Empresa 20036 não encontrada em dfc_md 2021
2026-05-04 12:48:27,643 [INFO] pipeline.cvm:   DFP dre 2021: 62 linhas
2026-05-04 12:48:28,344 [INFO] pipeline.cvm:   DFP bpa 2021: 132 linhas
2026-05-04 12:48:29,570 [INFO] pipeline.cvm:   DFP bpp 2021: 228 linhas
2026-05-04 12:48:30,104 [INFO] pipeline.cvm:   DFP dfc_mi 2021: 114 linhas
2026-05-04 12:48:30,144 [WARNING] pipeline.cvm:   Empresa 20036 não encontrada em dfc_md 2021
2026-05-04 12:48:30,394 [INFO] pipeline.cvm:   DFP dre 2022: 68 linhas
2026-05-04 12:48:30,847 [INFO] pipeline.cvm:   DFP bpa 2022: 128 linhas
2026-05-04 12:48:31,782 [INFO] pipeline.cvm:   DFP bpp 2022: 228 linhas
2026-05-04 12:48:32,195 [INFO] pipeline.cvm:   DFP dfc_mi 2022: 120 linhas
2026-05-04 12:48:32,224 [WARNING] pipeline.cvm:   Empresa 20036 não encontrada em dfc_md 2022
2026-05-04 12:48:32,588 [INFO] pipeline.cvm:   DFP dre 2022: 62 linhas
2026-05-04 12:48:33,251 [INFO] pipeline.cvm:   DFP bpa 2022: 132 linhas
2026-05-04 12:48:34,635 [INFO] pipeline.cvm:   DFP bpp 2022: 228 linhas
2026-05-04 12:48:35,185 [INFO] pipeline.cvm:   DFP dfc_mi 2022: 114 linhas
2026-05-04 12:48:35,235 [WARNING] pipeline.cvm:   Empresa 20036 não encontrada em dfc_md 2022
2026-05-04 12:48:35,505 [INFO] pipeline.cvm:   DFP dre 2023: 68 linhas
2026-05-04 12:48:35,972 [INFO] pipeline.cvm:   DFP bpa 2023: 128 linhas
2026-05-04 12:48:36,809 [INFO] pipeline.cvm:   DFP bpp 2023: 228 linhas
2026-05-04 12:48:37,229 [INFO] pipeline.cvm:   DFP dfc_mi 2023: 124 linhas
2026-05-04 12:48:37,256 [WARNING] pipeline.cvm:   Empresa 20036 não encontrada em dfc_md 2023
2026-05-04 12:48:37,613 [INFO] pipeline.cvm:   DFP dre 2023: 62 linhas
2026-05-04 12:48:38,301 [INFO] pipeline.cvm:   DFP bpa 2023: 132 linhas
2026-05-04 12:48:39,522 [INFO] pipeline.cvm:   DFP bpp 2023: 230 linhas
2026-05-04 12:48:40,043 [INFO] pipeline.cvm:   DFP dfc_mi 2023: 116 linhas
2026-05-04 12:48:40,088 [WARNING] pipeline.cvm:   Empresa 20036 não encontrada em dfc_md 2023
2026-05-04 12:48:40,304 [INFO] pipeline.cvm:   DFP dre 2024: 68 linhas
2026-05-04 12:48:40,689 [INFO] pipeline.cvm:   DFP bpa 2024: 128 linhas
2026-05-04 12:48:41,340 [INFO] pipeline.cvm:   DFP bpp 2024: 228 linhas
2026-05-04 12:48:41,722 [INFO] pipeline.cvm:   DFP dfc_mi 2024: 124 linhas
2026-05-04 12:48:41,744 [WARNING] pipeline.cvm:   Empresa 20036 não encontrada em dfc_md 2024
2026-05-04 12:48:42,069 [INFO] pipeline.cvm:   DFP dre 2024: 62 linhas
2026-05-04 12:48:42,630 [INFO] pipeline.cvm:   DFP bpa 2024: 132 linhas
2026-05-04 12:48:43,636 [INFO] pipeline.cvm:   DFP bpp 2024: 230 linhas
2026-05-04 12:48:44,143 [INFO] pipeline.cvm:   DFP dfc_mi 2024: 116 linhas
2026-05-04 12:48:44,180 [WARNING] pipeline.cvm:   Empresa 20036 não encontrada em dfc_md 2024
2026-05-04 12:48:44,386 [INFO] pipeline.cvm:   DFP dre 2025: 68 linhas
2026-05-04 12:48:44,748 [INFO] pipeline.cvm:   DFP bpa 2025: 128 linhas
2026-05-04 12:48:45,379 [INFO] pipeline.cvm:   DFP bpp 2025: 228 linhas
2026-05-04 12:48:45,730 [INFO] pipeline.cvm:   DFP dfc_mi 2025: 126 linhas
2026-05-04 12:48:45,754 [WARNING] pipeline.cvm:   Empresa 20036 não encontrada em dfc_md 2025
2026-05-04 12:48:46,053 [INFO] pipeline.cvm:   DFP dre 2025: 62 linhas
2026-05-04 12:48:46,590 [INFO] pipeline.cvm:   DFP bpa 2025: 132 linhas
2026-05-04 12:48:47,509 [INFO] pipeline.cvm:   DFP bpp 2025: 230 linhas
2026-05-04 12:48:47,993 [INFO] pipeline.cvm:   DFP dfc_mi 2025: 118 linhas
2026-05-04 12:48:48,025 [WARNING] pipeline.cvm:   Empresa 20036 não encontrada em dfc_md 2025
2026-05-04 12:48:51,323 [INFO] pipeline:   AGRO3: score=41/100 | critical=3 | warnings=1
2026-05-04 12:48:51,323 [INFO] pipeline:   Relatorio: C:\Users\55819\OneDrive - EPEJUD\DIEGO\OBSIDIAN\Analista de Investimentos\12_PYTHON\pipeline banco completo\outputs\data_quality\audit_AGRO3_20260504.md
2026-05-04 12:48:51,323 [INFO] pipeline: 
Auditorando SOJA3...
2026-05-04 12:48:51,584 [WARNING] pipeline.cvm:   Empresa 25704 não encontrada em dre 2020
2026-05-04 12:48:51,971 [WARNING] pipeline.cvm:   Empresa 25704 não encontrada em bpa 2020
2026-05-04 12:48:52,627 [WARNING] pipeline.cvm:   Empresa 25704 não encontrada em bpp 2020
2026-05-04 12:48:53,038 [WARNING] pipeline.cvm:   Empresa 25704 não encontrada em dfc_mi 2020
2026-05-04 12:48:53,063 [WARNING] pipeline.cvm:   Empresa 25704 não encontrada em dfc_md 2020
2026-05-04 12:48:53,398 [INFO] pipeline.cvm:   DFP dre 2020: 54 linhas
2026-05-04 12:48:54,157 [INFO] pipeline.cvm:   DFP bpa 2020: 134 linhas
2026-05-04 12:48:55,454 [INFO] pipeline.cvm:   DFP bpp 2020: 210 linhas
2026-05-04 12:48:56,027 [INFO] pipeline.cvm:   DFP dfc_mi 2020: 78 linhas
2026-05-04 12:48:56,056 [WARNING] pipeline.cvm:   Empresa 25704 não encontrada em dfc_md 2020
2026-05-04 12:48:56,317 [WARNING] pipeline.cvm:   Empresa 25704 não encontrada em dre 2021
2026-05-04 12:48:56,707 [WARNING] pipeline.cvm:   Empresa 25704 não encontrada em bpa 2021
2026-05-04 12:48:57,375 [WARNING] pipeline.cvm:   Empresa 25704 não encontrada em bpp 2021
2026-05-04 12:48:57,727 [WARNING] pipeline.cvm:   Empresa 25704 não encontrada em dfc_mi 2021
2026-05-04 12:48:57,754 [WARNING] pipeline.cvm:   Empresa 25704 não encontrada em dfc_md 2021
2026-05-04 12:48:58,092 [INFO] pipeline.cvm:   DFP dre 2021: 54 linhas
2026-05-04 12:48:58,712 [INFO] pipeline.cvm:   DFP bpa 2021: 138 linhas
2026-05-04 12:48:59,819 [INFO] pipeline.cvm:   DFP bpp 2021: 212 linhas
2026-05-04 12:49:00,322 [INFO] pipeline.cvm:   DFP dfc_mi 2021: 82 linhas
2026-05-04 12:49:00,362 [WARNING] pipeline.cvm:   Empresa 25704 não encontrada em dfc_md 2021
2026-05-04 12:49:00,624 [INFO] pipeline.cvm:   DFP dre 2022: 56 linhas
2026-05-04 12:49:01,111 [INFO] pipeline.cvm:   DFP bpa 2022: 128 linhas
2026-05-04 12:49:01,854 [INFO] pipeline.cvm:   DFP bpp 2022: 212 linhas
2026-05-04 12:49:02,265 [INFO] pipeline.cvm:   DFP dfc_mi 2022: 80 linhas
2026-05-04 12:49:02,296 [WARNING] pipeline.cvm:   Empresa 25704 não encontrada em dfc_md 2022
2026-05-04 12:49:02,623 [INFO] pipeline.cvm:   DFP dre 2022: 54 linhas
2026-05-04 12:49:03,236 [INFO] pipeline.cvm:   DFP bpa 2022: 138 linhas
2026-05-04 12:49:04,345 [INFO] pipeline.cvm:   DFP bpp 2022: 218 linhas
2026-05-04 12:49:04,898 [INFO] pipeline.cvm:   DFP dfc_mi 2022: 94 linhas
2026-05-04 12:49:04,940 [WARNING] pipeline.cvm:   Empresa 25704 não encontrada em dfc_md 2022
2026-05-04 12:49:05,178 [INFO] pipeline.cvm:   DFP dre 2023: 58 linhas
2026-05-04 12:49:05,623 [INFO] pipeline.cvm:   DFP bpa 2023: 136 linhas
2026-05-04 12:49:06,461 [INFO] pipeline.cvm:   DFP bpp 2023: 212 linhas
2026-05-04 12:49:06,892 [INFO] pipeline.cvm:   DFP dfc_mi 2023: 102 linhas
2026-05-04 12:49:06,925 [WARNING] pipeline.cvm:   Empresa 25704 não encontrada em dfc_md 2023
2026-05-04 12:49:07,262 [INFO] pipeline.cvm:   DFP dre 2023: 54 linhas
2026-05-04 12:49:07,949 [INFO] pipeline.cvm:   DFP bpa 2023: 144 linhas
2026-05-04 12:49:09,063 [INFO] pipeline.cvm:   DFP bpp 2023: 218 linhas
2026-05-04 12:49:09,597 [INFO] pipeline.cvm:   DFP dfc_mi 2023: 110 linhas
2026-05-04 12:49:09,639 [WARNING] pipeline.cvm:   Empresa 25704 não encontrada em dfc_md 2023
2026-05-04 12:49:09,870 [INFO] pipeline.cvm:   DFP dre 2024: 58 linhas
2026-05-04 12:49:10,298 [INFO] pipeline.cvm:   DFP bpa 2024: 136 linhas
2026-05-04 12:49:10,969 [INFO] pipeline.cvm:   DFP bpp 2024: 212 linhas
2026-05-04 12:49:11,331 [INFO] pipeline.cvm:   DFP dfc_mi 2024: 116 linhas
2026-05-04 12:49:11,353 [WARNING] pipeline.cvm:   Empresa 25704 não encontrada em dfc_md 2024
2026-05-04 12:49:11,654 [INFO] pipeline.cvm:   DFP dre 2024: 54 linhas
2026-05-04 12:49:12,220 [INFO] pipeline.cvm:   DFP bpa 2024: 144 linhas
2026-05-04 12:49:13,187 [INFO] pipeline.cvm:   DFP bpp 2024: 218 linhas
2026-05-04 12:49:13,728 [INFO] pipeline.cvm:   DFP dfc_mi 2024: 118 linhas
2026-05-04 12:49:13,767 [WARNING] pipeline.cvm:   Empresa 25704 não encontrada em dfc_md 2024
2026-05-04 12:49:14,005 [INFO] pipeline.cvm:   DFP dre 2025: 58 linhas
2026-05-04 12:49:14,408 [INFO] pipeline.cvm:   DFP bpa 2025: 136 linhas
2026-05-04 12:49:15,121 [INFO] pipeline.cvm:   DFP bpp 2025: 212 linhas
2026-05-04 12:49:15,488 [INFO] pipeline.cvm:   DFP dfc_mi 2025: 120 linhas
2026-05-04 12:49:15,511 [WARNING] pipeline.cvm:   Empresa 25704 não encontrada em dfc_md 2025
2026-05-04 12:49:15,820 [INFO] pipeline.cvm:   DFP dre 2025: 54 linhas
2026-05-04 12:49:16,366 [INFO] pipeline.cvm:   DFP bpa 2025: 144 linhas
2026-05-04 12:49:17,382 [INFO] pipeline.cvm:   DFP bpp 2025: 218 linhas
2026-05-04 12:49:17,875 [INFO] pipeline.cvm:   DFP dfc_mi 2025: 118 linhas
2026-05-04 12:49:17,908 [WARNING] pipeline.cvm:   Empresa 25704 não encontrada em dfc_md 2025
2026-05-04 12:49:20,571 [INFO] pipeline:   SOJA3: score=95/100 | critical=0 | warnings=1
2026-05-04 12:49:20,571 [INFO] pipeline:   Relatorio: C:\Users\55819\OneDrive - EPEJUD\DIEGO\OBSIDIAN\Analista de Investimentos\12_PYTHON\pipeline banco completo\outputs\data_quality\audit_SOJA3_20260504.md
2026-05-04 12:49:20,572 [INFO] pipeline: 
Auditorando SAPR11...
2026-05-04 12:49:20,824 [WARNING] pipeline.cvm:   Empresa 18627 não encontrada em dre 2020
2026-05-04 12:49:21,207 [WARNING] pipeline.cvm:   Empresa 18627 não encontrada em bpa 2020
2026-05-04 12:49:21,867 [WARNING] pipeline.cvm:   Empresa 18627 não encontrada em bpp 2020
2026-05-04 12:49:22,269 [WARNING] pipeline.cvm:   Empresa 18627 não encontrada em dfc_mi 2020
2026-05-04 12:49:22,296 [WARNING] pipeline.cvm:   Empresa 18627 não encontrada em dfc_md 2020
2026-05-04 12:49:22,619 [INFO] pipeline.cvm:   DFP dre 2020: 68 linhas
2026-05-04 12:49:23,257 [INFO] pipeline.cvm:   DFP bpa 2020: 144 linhas
2026-05-04 12:49:24,464 [INFO] pipeline.cvm:   DFP bpp 2020: 244 linhas
2026-05-04 12:49:25,000 [INFO] pipeline.cvm:   DFP dfc_mi 2020: 104 linhas
2026-05-04 12:49:25,035 [WARNING] pipeline.cvm:   Empresa 18627 não encontrada em dfc_md 2020
2026-05-04 12:49:25,270 [WARNING] pipeline.cvm:   Empresa 18627 não encontrada em dre 2021
2026-05-04 12:49:25,675 [WARNING] pipeline.cvm:   Empresa 18627 não encontrada em bpa 2021
2026-05-04 12:49:26,427 [WARNING] pipeline.cvm:   Empresa 18627 não encontrada em bpp 2021
2026-05-04 12:49:26,795 [WARNING] pipeline.cvm:   Empresa 18627 não encontrada em dfc_mi 2021
2026-05-04 12:49:26,821 [WARNING] pipeline.cvm:   Empresa 18627 não encontrada em dfc_md 2021
2026-05-04 12:49:27,159 [INFO] pipeline.cvm:   DFP dre 2021: 68 linhas
2026-05-04 12:49:27,798 [INFO] pipeline.cvm:   DFP bpa 2021: 144 linhas
2026-05-04 12:49:28,997 [INFO] pipeline.cvm:   DFP bpp 2021: 244 linhas
2026-05-04 12:49:29,520 [INFO] pipeline.cvm:   DFP dfc_mi 2021: 104 linhas
2026-05-04 12:49:29,560 [WARNING] pipeline.cvm:   Empresa 18627 não encontrada em dfc_md 2021
2026-05-04 12:49:29,810 [WARNING] pipeline.cvm:   Empresa 18627 não encontrada em dre 2022
2026-05-04 12:49:30,225 [WARNING] pipeline.cvm:   Empresa 18627 não encontrada em bpa 2022
2026-05-04 12:49:30,944 [WARNING] pipeline.cvm:   Empresa 18627 não encontrada em bpp 2022
2026-05-04 12:49:31,324 [WARNING] pipeline.cvm:   Empresa 18627 não encontrada em dfc_mi 2022
2026-05-04 12:49:31,354 [WARNING] pipeline.cvm:   Empresa 18627 não encontrada em dfc_md 2022
2026-05-04 12:49:31,679 [INFO] pipeline.cvm:   DFP dre 2022: 68 linhas
2026-05-04 12:49:32,361 [INFO] pipeline.cvm:   DFP bpa 2022: 144 linhas
2026-05-04 12:49:33,464 [INFO] pipeline.cvm:   DFP bpp 2022: 244 linhas
2026-05-04 12:49:33,990 [INFO] pipeline.cvm:   DFP dfc_mi 2022: 104 linhas
2026-05-04 12:49:34,029 [WARNING] pipeline.cvm:   Empresa 18627 não encontrada em dfc_md 2022
2026-05-04 12:49:34,305 [WARNING] pipeline.cvm:   Empresa 18627 não encontrada em dre 2023
2026-05-04 12:49:34,747 [WARNING] pipeline.cvm:   Empresa 18627 não encontrada em bpa 2023
2026-05-04 12:49:35,465 [WARNING] pipeline.cvm:   Empresa 18627 não encontrada em bpp 2023
2026-05-04 12:49:35,874 [WARNING] pipeline.cvm:   Empresa 18627 não encontrada em dfc_mi 2023
2026-05-04 12:49:35,899 [WARNING] pipeline.cvm:   Empresa 18627 não encontrada em dfc_md 2023
2026-05-04 12:49:36,252 [INFO] pipeline.cvm:   DFP dre 2023: 68 linhas
2026-05-04 12:49:36,878 [INFO] pipeline.cvm:   DFP bpa 2023: 144 linhas
2026-05-04 12:49:38,035 [INFO] pipeline.cvm:   DFP bpp 2023: 244 linhas
2026-05-04 12:49:38,572 [INFO] pipeline.cvm:   DFP dfc_mi 2023: 104 linhas
2026-05-04 12:49:38,611 [WARNING] pipeline.cvm:   Empresa 18627 não encontrada em dfc_md 2023
2026-05-04 12:49:38,850 [WARNING] pipeline.cvm:   Empresa 18627 não encontrada em dre 2024
2026-05-04 12:49:39,264 [WARNING] pipeline.cvm:   Empresa 18627 não encontrada em bpa 2024
2026-05-04 12:49:39,963 [WARNING] pipeline.cvm:   Empresa 18627 não encontrada em bpp 2024
2026-05-04 12:49:40,330 [WARNING] pipeline.cvm:   Empresa 18627 não encontrada em dfc_mi 2024
2026-05-04 12:49:40,356 [WARNING] pipeline.cvm:   Empresa 18627 não encontrada em dfc_md 2024
2026-05-04 12:49:40,655 [INFO] pipeline.cvm:   DFP dre 2024: 68 linhas
2026-05-04 12:49:41,224 [INFO] pipeline.cvm:   DFP bpa 2024: 144 linhas
2026-05-04 12:49:42,234 [INFO] pipeline.cvm:   DFP bpp 2024: 248 linhas
2026-05-04 12:49:42,731 [INFO] pipeline.cvm:   DFP dfc_mi 2024: 104 linhas
2026-05-04 12:49:42,765 [WARNING] pipeline.cvm:   Empresa 18627 não encontrada em dfc_md 2024
2026-05-04 12:49:42,966 [WARNING] pipeline.cvm:   Empresa 18627 não encontrada em dre 2025
2026-05-04 12:49:43,375 [WARNING] pipeline.cvm:   Empresa 18627 não encontrada em bpa 2025
2026-05-04 12:49:44,048 [WARNING] pipeline.cvm:   Empresa 18627 não encontrada em bpp 2025
2026-05-04 12:49:44,417 [WARNING] pipeline.cvm:   Empresa 18627 não encontrada em dfc_mi 2025
2026-05-04 12:49:44,445 [WARNING] pipeline.cvm:   Empresa 18627 não encontrada em dfc_md 2025
2026-05-04 12:49:44,769 [INFO] pipeline.cvm:   DFP dre 2025: 80 linhas
2026-05-04 12:49:45,349 [INFO] pipeline.cvm:   DFP bpa 2025: 144 linhas
2026-05-04 12:49:46,353 [INFO] pipeline.cvm:   DFP bpp 2025: 250 linhas
2026-05-04 12:49:46,877 [INFO] pipeline.cvm:   DFP dfc_mi 2025: 104 linhas
2026-05-04 12:49:46,911 [WARNING] pipeline.cvm:   Empresa 18627 não encontrada em dfc_md 2025
2026-05-04 12:49:49,992 [INFO] pipeline:   SAPR11: score=95/100 | critical=0 | warnings=1
2026-05-04 12:49:49,992 [INFO] pipeline:   Relatorio: C:\Users\55819\OneDrive - EPEJUD\DIEGO\OBSIDIAN\Analista de Investimentos\12_PYTHON\pipeline banco completo\outputs\data_quality\audit_SAPR11_20260504.md
2026-05-04 12:49:49,992 [INFO] pipeline: 
Auditorando SBSP3...
2026-05-04 12:49:50,236 [WARNING] pipeline.cvm:   Empresa 14443 não encontrada em dre 2020
2026-05-04 12:49:50,647 [WARNING] pipeline.cvm:   Empresa 14443 não encontrada em bpa 2020
2026-05-04 12:49:51,438 [WARNING] pipeline.cvm:   Empresa 14443 não encontrada em bpp 2020
2026-05-04 12:49:51,904 [WARNING] pipeline.cvm:   Empresa 14443 não encontrada em dfc_mi 2020
2026-05-04 12:49:51,927 [WARNING] pipeline.cvm:   Empresa 14443 não encontrada em dfc_md 2020
2026-05-04 12:49:52,265 [INFO] pipeline.cvm:   DFP dre 2020: 92 linhas
2026-05-04 12:49:52,983 [INFO] pipeline.cvm:   DFP bpa 2020: 136 linhas
2026-05-04 12:49:54,296 [INFO] pipeline.cvm:   DFP bpp 2020: 256 linhas
2026-05-04 12:49:54,788 [INFO] pipeline.cvm:   DFP dfc_mi 2020: 118 linhas
2026-05-04 12:49:54,824 [WARNING] pipeline.cvm:   Empresa 14443 não encontrada em dfc_md 2020
2026-05-04 12:49:55,060 [WARNING] pipeline.cvm:   Empresa 14443 não encontrada em dre 2021
2026-05-04 12:49:55,477 [WARNING] pipeline.cvm:   Empresa 14443 não encontrada em bpa 2021
2026-05-04 12:49:56,301 [WARNING] pipeline.cvm:   Empresa 14443 não encontrada em bpp 2021
2026-05-04 12:49:56,677 [WARNING] pipeline.cvm:   Empresa 14443 não encontrada em dfc_mi 2021
2026-05-04 12:49:56,706 [WARNING] pipeline.cvm:   Empresa 14443 não encontrada em dfc_md 2021
2026-05-04 12:49:57,059 [INFO] pipeline.cvm:   DFP dre 2021: 92 linhas
2026-05-04 12:49:57,713 [INFO] pipeline.cvm:   DFP bpa 2021: 136 linhas
2026-05-04 12:49:58,990 [INFO] pipeline.cvm:   DFP bpp 2021: 256 linhas
2026-05-04 12:49:59,526 [INFO] pipeline.cvm:   DFP dfc_mi 2021: 116 linhas
2026-05-04 12:49:59,569 [WARNING] pipeline.cvm:   Empresa 14443 não encontrada em dfc_md 2021
2026-05-04 12:49:59,821 [WARNING] pipeline.cvm:   Empresa 14443 não encontrada em dre 2022
2026-05-04 12:50:00,262 [WARNING] pipeline.cvm:   Empresa 14443 não encontrada em bpa 2022
2026-05-04 12:50:01,029 [WARNING] pipeline.cvm:   Empresa 14443 não encontrada em bpp 2022
2026-05-04 12:50:01,464 [WARNING] pipeline.cvm:   Empresa 14443 não encontrada em dfc_mi 2022
2026-05-04 12:50:01,496 [WARNING] pipeline.cvm:   Empresa 14443 não encontrada em dfc_md 2022
2026-05-04 12:50:01,870 [INFO] pipeline.cvm:   DFP dre 2022: 92 linhas
2026-05-04 12:50:02,551 [INFO] pipeline.cvm:   DFP bpa 2022: 138 linhas
2026-05-04 12:50:03,672 [INFO] pipeline.cvm:   DFP bpp 2022: 256 linhas
2026-05-04 12:50:04,267 [INFO] pipeline.cvm:   DFP dfc_mi 2022: 116 linhas
2026-05-04 12:50:04,316 [WARNING] pipeline.cvm:   Empresa 14443 não encontrada em dfc_md 2022
2026-05-04 12:50:04,599 [INFO] pipeline.cvm:   DFP dre 2023: 82 linhas
2026-05-04 12:50:05,036 [INFO] pipeline.cvm:   DFP bpa 2023: 136 linhas
2026-05-04 12:50:05,817 [INFO] pipeline.cvm:   DFP bpp 2023: 244 linhas
2026-05-04 12:50:06,251 [INFO] pipeline.cvm:   DFP dfc_mi 2023: 108 linhas
2026-05-04 12:50:06,277 [WARNING] pipeline.cvm:   Empresa 14443 não encontrada em dfc_md 2023
2026-05-04 12:50:06,641 [INFO] pipeline.cvm:   DFP dre 2023: 92 linhas
2026-05-04 12:50:07,372 [INFO] pipeline.cvm:   DFP bpa 2023: 138 linhas
2026-05-04 12:50:08,533 [INFO] pipeline.cvm:   DFP bpp 2023: 256 linhas
2026-05-04 12:50:09,082 [INFO] pipeline.cvm:   DFP dfc_mi 2023: 116 linhas
2026-05-04 12:50:09,126 [WARNING] pipeline.cvm:   Empresa 14443 não encontrada em dfc_md 2023
2026-05-04 12:50:09,371 [INFO] pipeline.cvm:   DFP dre 2024: 84 linhas
2026-05-04 12:50:09,777 [INFO] pipeline.cvm:   DFP bpa 2024: 142 linhas
2026-05-04 12:50:10,515 [INFO] pipeline.cvm:   DFP bpp 2024: 248 linhas
2026-05-04 12:50:10,902 [INFO] pipeline.cvm:   DFP dfc_mi 2024: 116 linhas
2026-05-04 12:50:10,931 [WARNING] pipeline.cvm:   Empresa 14443 não encontrada em dfc_md 2024
2026-05-04 12:50:11,232 [INFO] pipeline.cvm:   DFP dre 2024: 96 linhas
2026-05-04 12:50:11,802 [INFO] pipeline.cvm:   DFP bpa 2024: 144 linhas
2026-05-04 12:50:12,798 [INFO] pipeline.cvm:   DFP bpp 2024: 260 linhas
2026-05-04 12:50:13,313 [INFO] pipeline.cvm:   DFP dfc_mi 2024: 114 linhas
2026-05-04 12:50:13,353 [WARNING] pipeline.cvm:   Empresa 14443 não encontrada em dfc_md 2024
2026-05-04 12:50:13,569 [INFO] pipeline.cvm:   DFP dre 2025: 64 linhas
2026-05-04 12:50:13,943 [INFO] pipeline.cvm:   DFP bpa 2025: 130 linhas
2026-05-04 12:50:14,770 [INFO] pipeline.cvm:   DFP bpp 2025: 246 linhas
2026-05-04 12:50:15,197 [INFO] pipeline.cvm:   DFP dfc_mi 2025: 120 linhas
2026-05-04 12:50:15,221 [WARNING] pipeline.cvm:   Empresa 14443 não encontrada em dfc_md 2025
2026-05-04 12:50:15,528 [INFO] pipeline.cvm:   DFP dre 2025: 60 linhas
2026-05-04 12:50:16,110 [INFO] pipeline.cvm:   DFP bpa 2025: 132 linhas
2026-05-04 12:50:17,079 [INFO] pipeline.cvm:   DFP bpp 2025: 248 linhas
2026-05-04 12:50:17,607 [INFO] pipeline.cvm:   DFP dfc_mi 2025: 120 linhas
2026-05-04 12:50:17,643 [WARNING] pipeline.cvm:   Empresa 14443 não encontrada em dfc_md 2025
2026-05-04 12:50:22,469 [INFO] pipeline:   SBSP3: score=77/100 | critical=1 | warnings=1
2026-05-04 12:50:22,469 [INFO] pipeline:   Relatorio: C:\Users\55819\OneDrive - EPEJUD\DIEGO\OBSIDIAN\Analista de Investimentos\12_PYTHON\pipeline banco completo\outputs\data_quality\audit_SBSP3_20260504.md
2026-05-04 12:50:22,469 [INFO] pipeline: 
Auditorando VIVT3...
2026-05-04 12:50:22,695 [INFO] pipeline.cvm:   DFP dre 2020: 56 linhas
2026-05-04 12:50:23,072 [INFO] pipeline.cvm:   DFP bpa 2020: 142 linhas
2026-05-04 12:50:23,751 [INFO] pipeline.cvm:   DFP bpp 2020: 244 linhas
2026-05-04 12:50:24,147 [INFO] pipeline.cvm:   DFP dfc_mi 2020: 108 linhas
2026-05-04 12:50:24,168 [WARNING] pipeline.cvm:   Empresa 17671 não encontrada em dfc_md 2020
2026-05-04 12:50:24,499 [INFO] pipeline.cvm:   DFP dre 2020: 60 linhas
2026-05-04 12:50:25,225 [INFO] pipeline.cvm:   DFP bpa 2020: 144 linhas
2026-05-04 12:50:26,475 [INFO] pipeline.cvm:   DFP bpp 2020: 252 linhas
2026-05-04 12:50:27,026 [INFO] pipeline.cvm:   DFP dfc_mi 2020: 106 linhas
2026-05-04 12:50:27,054 [WARNING] pipeline.cvm:   Empresa 17671 não encontrada em dfc_md 2020
2026-05-04 12:50:27,293 [INFO] pipeline.cvm:   DFP dre 2021: 56 linhas
2026-05-04 12:50:27,702 [INFO] pipeline.cvm:   DFP bpa 2021: 146 linhas
2026-05-04 12:50:28,374 [INFO] pipeline.cvm:   DFP bpp 2021: 240 linhas
2026-05-04 12:50:28,734 [INFO] pipeline.cvm:   DFP dfc_mi 2021: 112 linhas
2026-05-04 12:50:28,760 [WARNING] pipeline.cvm:   Empresa 17671 não encontrada em dfc_md 2021
2026-05-04 12:50:29,100 [INFO] pipeline.cvm:   DFP dre 2021: 60 linhas
2026-05-04 12:50:29,723 [INFO] pipeline.cvm:   DFP bpa 2021: 148 linhas
2026-05-04 12:50:31,003 [INFO] pipeline.cvm:   DFP bpp 2021: 242 linhas
2026-05-04 12:50:31,503 [INFO] pipeline.cvm:   DFP dfc_mi 2021: 112 linhas
2026-05-04 12:50:31,540 [WARNING] pipeline.cvm:   Empresa 17671 não encontrada em dfc_md 2021
2026-05-04 12:50:31,776 [INFO] pipeline.cvm:   DFP dre 2022: 56 linhas
2026-05-04 12:50:32,187 [INFO] pipeline.cvm:   DFP bpa 2022: 146 linhas
2026-05-04 12:50:32,897 [INFO] pipeline.cvm:   DFP bpp 2022: 244 linhas
2026-05-04 12:50:33,282 [INFO] pipeline.cvm:   DFP dfc_mi 2022: 112 linhas
2026-05-04 12:50:33,311 [WARNING] pipeline.cvm:   Empresa 17671 não encontrada em dfc_md 2022
2026-05-04 12:50:33,643 [INFO] pipeline.cvm:   DFP dre 2022: 60 linhas
2026-05-04 12:50:34,300 [INFO] pipeline.cvm:   DFP bpa 2022: 148 linhas
2026-05-04 12:50:35,555 [INFO] pipeline.cvm:   DFP bpp 2022: 246 linhas
2026-05-04 12:50:36,101 [INFO] pipeline.cvm:   DFP dfc_mi 2022: 112 linhas
2026-05-04 12:50:36,145 [WARNING] pipeline.cvm:   Empresa 17671 não encontrada em dfc_md 2022
2026-05-04 12:50:36,385 [INFO] pipeline.cvm:   DFP dre 2023: 56 linhas
2026-05-04 12:50:36,800 [INFO] pipeline.cvm:   DFP bpa 2023: 146 linhas
2026-05-04 12:50:37,515 [INFO] pipeline.cvm:   DFP bpp 2023: 244 linhas
2026-05-04 12:50:37,913 [INFO] pipeline.cvm:   DFP dfc_mi 2023: 112 linhas
2026-05-04 12:50:37,940 [WARNING] pipeline.cvm:   Empresa 17671 não encontrada em dfc_md 2023
2026-05-04 12:50:38,274 [INFO] pipeline.cvm:   DFP dre 2023: 60 linhas
2026-05-04 12:50:38,920 [INFO] pipeline.cvm:   DFP bpa 2023: 148 linhas
2026-05-04 12:50:40,027 [INFO] pipeline.cvm:   DFP bpp 2023: 246 linhas
2026-05-04 12:50:40,534 [INFO] pipeline.cvm:   DFP dfc_mi 2023: 114 linhas
2026-05-04 12:50:40,571 [WARNING] pipeline.cvm:   Empresa 17671 não encontrada em dfc_md 2023
2026-05-04 12:50:40,801 [INFO] pipeline.cvm:   DFP dre 2024: 56 linhas
2026-05-04 12:50:41,182 [INFO] pipeline.cvm:   DFP bpa 2024: 146 linhas
2026-05-04 12:50:41,883 [INFO] pipeline.cvm:   DFP bpp 2024: 244 linhas
2026-05-04 12:50:42,244 [INFO] pipeline.cvm:   DFP dfc_mi 2024: 112 linhas
2026-05-04 12:50:42,270 [WARNING] pipeline.cvm:   Empresa 17671 não encontrada em dfc_md 2024
2026-05-04 12:50:42,569 [INFO] pipeline.cvm:   DFP dre 2024: 60 linhas
2026-05-04 12:50:43,125 [INFO] pipeline.cvm:   DFP bpa 2024: 148 linhas
2026-05-04 12:50:44,152 [INFO] pipeline.cvm:   DFP bpp 2024: 246 linhas
2026-05-04 12:50:44,671 [INFO] pipeline.cvm:   DFP dfc_mi 2024: 114 linhas
2026-05-04 12:50:44,702 [WARNING] pipeline.cvm:   Empresa 17671 não encontrada em dfc_md 2024
2026-05-04 12:50:44,918 [INFO] pipeline.cvm:   DFP dre 2025: 56 linhas
2026-05-04 12:50:45,283 [INFO] pipeline.cvm:   DFP bpa 2025: 146 linhas
2026-05-04 12:50:45,932 [INFO] pipeline.cvm:   DFP bpp 2025: 248 linhas
2026-05-04 12:50:46,285 [INFO] pipeline.cvm:   DFP dfc_mi 2025: 120 linhas
2026-05-04 12:50:46,310 [WARNING] pipeline.cvm:   Empresa 17671 não encontrada em dfc_md 2025
2026-05-04 12:50:46,601 [INFO] pipeline.cvm:   DFP dre 2025: 60 linhas
2026-05-04 12:50:47,138 [INFO] pipeline.cvm:   DFP bpa 2025: 148 linhas
2026-05-04 12:50:48,060 [INFO] pipeline.cvm:   DFP bpp 2025: 250 linhas
2026-05-04 12:50:48,544 [INFO] pipeline.cvm:   DFP dfc_mi 2025: 122 linhas
2026-05-04 12:50:48,571 [WARNING] pipeline.cvm:   Empresa 17671 não encontrada em dfc_md 2025
2026-05-04 12:50:51,352 [INFO] pipeline:   VIVT3: score=95/100 | critical=0 | warnings=1
2026-05-04 12:50:51,352 [INFO] pipeline:   Relatorio: C:\Users\55819\OneDrive - EPEJUD\DIEGO\OBSIDIAN\Analista de Investimentos\12_PYTHON\pipeline banco completo\outputs\data_quality\audit_VIVT3_20260504.md
2026-05-04 12:50:51,352 [INFO] pipeline: 
Auditorando BRIT3...
2026-05-04 12:50:51,587 [WARNING] pipeline.cvm:   Empresa 27693 não encontrada em dre 2020
2026-05-04 12:50:51,962 [WARNING] pipeline.cvm:   Empresa 27693 não encontrada em bpa 2020
2026-05-04 12:50:52,697 [WARNING] pipeline.cvm:   Empresa 27693 não encontrada em bpp 2020
2026-05-04 12:50:53,101 [WARNING] pipeline.cvm:   Empresa 27693 não encontrada em dfc_mi 2020
2026-05-04 12:50:53,125 [WARNING] pipeline.cvm:   Empresa 27693 não encontrada em dfc_md 2020
2026-05-04 12:50:53,458 [WARNING] pipeline.cvm:   Empresa 27693 não encontrada em dre 2020
2026-05-04 12:50:54,105 [WARNING] pipeline.cvm:   Empresa 27693 não encontrada em bpa 2020
2026-05-04 12:50:55,287 [WARNING] pipeline.cvm:   Empresa 27693 não encontrada em bpp 2020
2026-05-04 12:50:55,775 [WARNING] pipeline.cvm:   Empresa 27693 não encontrada em dfc_mi 2020
2026-05-04 12:50:55,802 [WARNING] pipeline.cvm:   Empresa 27693 não encontrada em dfc_md 2020
2026-05-04 12:50:56,054 [WARNING] pipeline.cvm:   Empresa 27693 não encontrada em dre 2021
2026-05-04 12:50:56,446 [WARNING] pipeline.cvm:   Empresa 27693 não encontrada em bpa 2021
2026-05-04 12:50:57,122 [WARNING] pipeline.cvm:   Empresa 27693 não encontrada em bpp 2021
2026-05-04 12:50:57,479 [WARNING] pipeline.cvm:   Empresa 27693 não encontrada em dfc_mi 2021
2026-05-04 12:50:57,505 [WARNING] pipeline.cvm:   Empresa 27693 não encontrada em dfc_md 2021
2026-05-04 12:50:57,835 [WARNING] pipeline.cvm:   Empresa 27693 não encontrada em dre 2021
2026-05-04 12:50:58,471 [WARNING] pipeline.cvm:   Empresa 27693 não encontrada em bpa 2021
2026-05-04 12:50:59,610 [WARNING] pipeline.cvm:   Empresa 27693 não encontrada em bpp 2021
2026-05-04 12:51:00,156 [WARNING] pipeline.cvm:   Empresa 27693 não encontrada em dfc_mi 2021
2026-05-04 12:51:00,189 [WARNING] pipeline.cvm:   Empresa 27693 não encontrada em dfc_md 2021
2026-05-04 12:51:00,431 [WARNING] pipeline.cvm:   Empresa 27693 não encontrada em dre 2022
2026-05-04 12:51:00,868 [WARNING] pipeline.cvm:   Empresa 27693 não encontrada em bpa 2022
2026-05-04 12:51:01,688 [WARNING] pipeline.cvm:   Empresa 27693 não encontrada em bpp 2022
2026-05-04 12:51:02,099 [WARNING] pipeline.cvm:   Empresa 27693 não encontrada em dfc_mi 2022
2026-05-04 12:51:02,132 [WARNING] pipeline.cvm:   Empresa 27693 não encontrada em dfc_md 2022
2026-05-04 12:51:02,509 [WARNING] pipeline.cvm:   Empresa 27693 não encontrada em dre 2022
2026-05-04 12:51:03,184 [WARNING] pipeline.cvm:   Empresa 27693 não encontrada em bpa 2022
2026-05-04 12:51:04,323 [WARNING] pipeline.cvm:   Empresa 27693 não encontrada em bpp 2022
2026-05-04 12:51:04,891 [WARNING] pipeline.cvm:   Empresa 27693 não encontrada em dfc_mi 2022
2026-05-04 12:51:04,936 [WARNING] pipeline.cvm:   Empresa 27693 não encontrada em dfc_md 2022
2026-05-04 12:51:05,216 [INFO] pipeline.cvm:   DFP dre 2023: 116 linhas
2026-05-04 12:51:05,691 [INFO] pipeline.cvm:   DFP bpa 2023: 244 linhas
2026-05-04 12:51:06,614 [INFO] pipeline.cvm:   DFP bpp 2023: 436 linhas
2026-05-04 12:51:07,041 [INFO] pipeline.cvm:   DFP dfc_mi 2023: 228 linhas
2026-05-04 12:51:07,067 [WARNING] pipeline.cvm:   Empresa 27693 não encontrada em dfc_md 2023
2026-05-04 12:51:07,438 [INFO] pipeline.cvm:   DFP dre 2023: 124 linhas
2026-05-04 12:51:08,130 [INFO] pipeline.cvm:   DFP bpa 2023: 252 linhas
2026-05-04 12:51:09,313 [INFO] pipeline.cvm:   DFP bpp 2023: 440 linhas
2026-05-04 12:51:09,888 [INFO] pipeline.cvm:   DFP dfc_mi 2023: 248 linhas
2026-05-04 12:51:09,930 [WARNING] pipeline.cvm:   Empresa 27693 não encontrada em dfc_md 2023
2026-05-04 12:51:10,174 [INFO] pipeline.cvm:   DFP dre 2024: 62 linhas
2026-05-04 12:51:10,572 [INFO] pipeline.cvm:   DFP bpa 2024: 122 linhas
2026-05-04 12:51:11,315 [INFO] pipeline.cvm:   DFP bpp 2024: 224 linhas
2026-05-04 12:51:11,697 [INFO] pipeline.cvm:   DFP dfc_mi 2024: 118 linhas
2026-05-04 12:51:11,721 [WARNING] pipeline.cvm:   Empresa 27693 não encontrada em dfc_md 2024
2026-05-04 12:51:12,026 [INFO] pipeline.cvm:   DFP dre 2024: 62 linhas
2026-05-04 12:51:12,596 [INFO] pipeline.cvm:   DFP bpa 2024: 126 linhas
2026-05-04 12:51:13,722 [INFO] pipeline.cvm:   DFP bpp 2024: 226 linhas
2026-05-04 12:51:14,366 [INFO] pipeline.cvm:   DFP dfc_mi 2024: 128 linhas
2026-05-04 12:51:14,404 [WARNING] pipeline.cvm:   Empresa 27693 não encontrada em dfc_md 2024
2026-05-04 12:51:14,637 [INFO] pipeline.cvm:   DFP dre 2025: 62 linhas
2026-05-04 12:51:15,102 [INFO] pipeline.cvm:   DFP bpa 2025: 122 linhas
2026-05-04 12:51:15,775 [INFO] pipeline.cvm:   DFP bpp 2025: 228 linhas
2026-05-04 12:51:16,144 [INFO] pipeline.cvm:   DFP dfc_mi 2025: 124 linhas
2026-05-04 12:51:16,169 [WARNING] pipeline.cvm:   Empresa 27693 não encontrada em dfc_md 2025
2026-05-04 12:51:16,479 [INFO] pipeline.cvm:   DFP dre 2025: 58 linhas
2026-05-04 12:51:17,037 [INFO] pipeline.cvm:   DFP bpa 2025: 126 linhas
2026-05-04 12:51:18,102 [INFO] pipeline.cvm:   DFP bpp 2025: 230 linhas
2026-05-04 12:51:18,607 [INFO] pipeline.cvm:   DFP dfc_mi 2025: 132 linhas
2026-05-04 12:51:18,640 [WARNING] pipeline.cvm:   Empresa 27693 não encontrada em dfc_md 2025
2026-05-04 12:51:20,211 [INFO] pipeline:   BRIT3: score=0/100 | critical=6 | warnings=1
2026-05-04 12:51:20,212 [INFO] pipeline:   Relatorio: C:\Users\55819\OneDrive - EPEJUD\DIEGO\OBSIDIAN\Analista de Investimentos\12_PYTHON\pipeline banco completo\outputs\data_quality\audit_BRIT3_20260504.md
2026-05-04 12:51:20,213 [INFO] pipeline: 
Auditorando FIQE3...
2026-05-04 12:51:20,450 [INFO] pipeline.cvm:   DFP dre 2020: 60 linhas
2026-05-04 12:51:20,847 [INFO] pipeline.cvm:   DFP bpa 2020: 162 linhas
2026-05-04 12:51:21,537 [INFO] pipeline.cvm:   DFP bpp 2020: 220 linhas
2026-05-04 12:51:21,963 [INFO] pipeline.cvm:   DFP dfc_mi 2020: 94 linhas
2026-05-04 12:51:21,989 [WARNING] pipeline.cvm:   Empresa 26050 não encontrada em dfc_md 2020
2026-05-04 12:51:22,343 [INFO] pipeline.cvm:   DFP dre 2020: 52 linhas
2026-05-04 12:51:23,029 [INFO] pipeline.cvm:   DFP bpa 2020: 164 linhas
2026-05-04 12:51:24,446 [INFO] pipeline.cvm:   DFP bpp 2020: 222 linhas
2026-05-04 12:51:24,929 [INFO] pipeline.cvm:   DFP dfc_mi 2020: 96 linhas
2026-05-04 12:51:24,963 [WARNING] pipeline.cvm:   Empresa 26050 não encontrada em dfc_md 2020
2026-05-04 12:51:25,209 [INFO] pipeline.cvm:   DFP dre 2021: 60 linhas
2026-05-04 12:51:25,626 [INFO] pipeline.cvm:   DFP bpa 2021: 166 linhas
2026-05-04 12:51:26,341 [INFO] pipeline.cvm:   DFP bpp 2021: 220 linhas
2026-05-04 12:51:26,716 [INFO] pipeline.cvm:   DFP dfc_mi 2021: 114 linhas
2026-05-04 12:51:26,744 [WARNING] pipeline.cvm:   Empresa 26050 não encontrada em dfc_md 2021
2026-05-04 12:51:27,103 [INFO] pipeline.cvm:   DFP dre 2021: 56 linhas
2026-05-04 12:51:27,784 [INFO] pipeline.cvm:   DFP bpa 2021: 168 linhas
2026-05-04 12:51:29,005 [INFO] pipeline.cvm:   DFP bpp 2021: 222 linhas
2026-05-04 12:51:29,523 [INFO] pipeline.cvm:   DFP dfc_mi 2021: 116 linhas
2026-05-04 12:51:29,560 [WARNING] pipeline.cvm:   Empresa 26050 não encontrada em dfc_md 2021
2026-05-04 12:51:29,831 [INFO] pipeline.cvm:   DFP dre 2022: 60 linhas
2026-05-04 12:51:30,275 [INFO] pipeline.cvm:   DFP bpa 2022: 166 linhas
2026-05-04 12:51:31,083 [INFO] pipeline.cvm:   DFP bpp 2022: 222 linhas
2026-05-04 12:51:31,486 [INFO] pipeline.cvm:   DFP dfc_mi 2022: 122 linhas
2026-05-04 12:51:31,518 [WARNING] pipeline.cvm:   Empresa 26050 não encontrada em dfc_md 2022
2026-05-04 12:51:31,879 [INFO] pipeline.cvm:   DFP dre 2022: 56 linhas
2026-05-04 12:51:32,524 [INFO] pipeline.cvm:   DFP bpa 2022: 168 linhas
2026-05-04 12:51:33,771 [INFO] pipeline.cvm:   DFP bpp 2022: 224 linhas
2026-05-04 12:51:34,356 [INFO] pipeline.cvm:   DFP dfc_mi 2022: 124 linhas
2026-05-04 12:51:34,409 [WARNING] pipeline.cvm:   Empresa 26050 não encontrada em dfc_md 2022
2026-05-04 12:51:34,663 [INFO] pipeline.cvm:   DFP dre 2023: 60 linhas
2026-05-04 12:51:35,105 [INFO] pipeline.cvm:   DFP bpa 2023: 170 linhas
2026-05-04 12:51:35,923 [INFO] pipeline.cvm:   DFP bpp 2023: 224 linhas
2026-05-04 12:51:36,350 [INFO] pipeline.cvm:   DFP dfc_mi 2023: 118 linhas
2026-05-04 12:51:36,379 [WARNING] pipeline.cvm:   Empresa 26050 não encontrada em dfc_md 2023
2026-05-04 12:51:36,734 [INFO] pipeline.cvm:   DFP dre 2023: 56 linhas
2026-05-04 12:51:37,405 [INFO] pipeline.cvm:   DFP bpa 2023: 172 linhas
2026-05-04 12:51:38,659 [INFO] pipeline.cvm:   DFP bpp 2023: 224 linhas
2026-05-04 12:51:39,190 [INFO] pipeline.cvm:   DFP dfc_mi 2023: 118 linhas
2026-05-04 12:51:39,230 [WARNING] pipeline.cvm:   Empresa 26050 não encontrada em dfc_md 2023
2026-05-04 12:51:39,465 [INFO] pipeline.cvm:   DFP dre 2024: 60 linhas
2026-05-04 12:51:39,873 [INFO] pipeline.cvm:   DFP bpa 2024: 170 linhas
2026-05-04 12:51:40,535 [INFO] pipeline.cvm:   DFP bpp 2024: 224 linhas
2026-05-04 12:51:40,901 [INFO] pipeline.cvm:   DFP dfc_mi 2024: 120 linhas
2026-05-04 12:51:40,922 [WARNING] pipeline.cvm:   Empresa 26050 não encontrada em dfc_md 2024
2026-05-04 12:51:41,222 [INFO] pipeline.cvm:   DFP dre 2024: 56 linhas
2026-05-04 12:51:41,800 [INFO] pipeline.cvm:   DFP bpa 2024: 172 linhas
2026-05-04 12:51:42,833 [INFO] pipeline.cvm:   DFP bpp 2024: 224 linhas
2026-05-04 12:51:43,337 [INFO] pipeline.cvm:   DFP dfc_mi 2024: 122 linhas
2026-05-04 12:51:43,374 [WARNING] pipeline.cvm:   Empresa 26050 não encontrada em dfc_md 2024
2026-05-04 12:51:43,587 [INFO] pipeline.cvm:   DFP dre 2025: 60 linhas
2026-05-04 12:51:43,953 [INFO] pipeline.cvm:   DFP bpa 2025: 170 linhas
2026-05-04 12:51:44,575 [INFO] pipeline.cvm:   DFP bpp 2025: 226 linhas
2026-05-04 12:51:44,937 [INFO] pipeline.cvm:   DFP dfc_mi 2025: 124 linhas
2026-05-04 12:51:44,959 [WARNING] pipeline.cvm:   Empresa 26050 não encontrada em dfc_md 2025
2026-05-04 12:51:45,247 [INFO] pipeline.cvm:   DFP dre 2025: 56 linhas
2026-05-04 12:51:45,806 [INFO] pipeline.cvm:   DFP bpa 2025: 172 linhas
2026-05-04 12:51:46,820 [INFO] pipeline.cvm:   DFP bpp 2025: 228 linhas
2026-05-04 12:51:47,311 [INFO] pipeline.cvm:   DFP dfc_mi 2025: 124 linhas
2026-05-04 12:51:47,337 [WARNING] pipeline.cvm:   Empresa 26050 não encontrada em dfc_md 2025
2026-05-04 12:51:50,171 [INFO] pipeline:   FIQE3: score=95/100 | critical=0 | warnings=1
2026-05-04 12:51:50,171 [INFO] pipeline:   Relatorio: C:\Users\55819\OneDrive - EPEJUD\DIEGO\OBSIDIAN\Analista de Investimentos\12_PYTHON\pipeline banco completo\outputs\data_quality\audit_FIQE3_20260504.md
2026-05-04 12:51:50,171 [INFO] pipeline: 
Auditorando FLRY3...
2026-05-04 12:51:50,398 [INFO] pipeline.cvm:   DFP dre 2020: 64 linhas
2026-05-04 12:51:50,796 [INFO] pipeline.cvm:   DFP bpa 2020: 138 linhas
2026-05-04 12:51:51,476 [INFO] pipeline.cvm:   DFP bpp 2020: 220 linhas
2026-05-04 12:51:51,953 [INFO] pipeline.cvm:   DFP dfc_mi 2020: 104 linhas
2026-05-04 12:51:51,973 [WARNING] pipeline.cvm:   Empresa 21881 não encontrada em dfc_md 2020
2026-05-04 12:51:52,302 [INFO] pipeline.cvm:   DFP dre 2020: 60 linhas
2026-05-04 12:51:52,959 [INFO] pipeline.cvm:   DFP bpa 2020: 138 linhas
2026-05-04 12:51:54,289 [INFO] pipeline.cvm:   DFP bpp 2020: 220 linhas
2026-05-04 12:51:54,761 [INFO] pipeline.cvm:   DFP dfc_mi 2020: 102 linhas
2026-05-04 12:51:54,791 [WARNING] pipeline.cvm:   Empresa 21881 não encontrada em dfc_md 2020
2026-05-04 12:51:55,022 [INFO] pipeline.cvm:   DFP dre 2021: 64 linhas
2026-05-04 12:51:55,418 [INFO] pipeline.cvm:   DFP bpa 2021: 140 linhas
2026-05-04 12:51:56,110 [INFO] pipeline.cvm:   DFP bpp 2021: 224 linhas
2026-05-04 12:51:56,469 [INFO] pipeline.cvm:   DFP dfc_mi 2021: 108 linhas
2026-05-04 12:51:56,492 [WARNING] pipeline.cvm:   Empresa 21881 não encontrada em dfc_md 2021
2026-05-04 12:51:56,837 [INFO] pipeline.cvm:   DFP dre 2021: 60 linhas
2026-05-04 12:51:57,489 [INFO] pipeline.cvm:   DFP bpa 2021: 138 linhas
2026-05-04 12:51:58,594 [INFO] pipeline.cvm:   DFP bpp 2021: 226 linhas
2026-05-04 12:51:59,112 [INFO] pipeline.cvm:   DFP dfc_mi 2021: 106 linhas
2026-05-04 12:51:59,147 [WARNING] pipeline.cvm:   Empresa 21881 não encontrada em dfc_md 2021
2026-05-04 12:51:59,393 [INFO] pipeline.cvm:   DFP dre 2022: 64 linhas
2026-05-04 12:51:59,798 [INFO] pipeline.cvm:   DFP bpa 2022: 140 linhas
2026-05-04 12:52:00,613 [INFO] pipeline.cvm:   DFP bpp 2022: 226 linhas
2026-05-04 12:52:01,009 [INFO] pipeline.cvm:   DFP dfc_mi 2022: 108 linhas
2026-05-04 12:52:01,039 [WARNING] pipeline.cvm:   Empresa 21881 não encontrada em dfc_md 2022
2026-05-04 12:52:01,367 [INFO] pipeline.cvm:   DFP dre 2022: 60 linhas
2026-05-04 12:52:02,009 [INFO] pipeline.cvm:   DFP bpa 2022: 138 linhas
2026-05-04 12:52:03,118 [INFO] pipeline.cvm:   DFP bpp 2022: 228 linhas
2026-05-04 12:52:03,646 [INFO] pipeline.cvm:   DFP dfc_mi 2022: 106 linhas
2026-05-04 12:52:03,685 [WARNING] pipeline.cvm:   Empresa 21881 não encontrada em dfc_md 2022
2026-05-04 12:52:03,921 [INFO] pipeline.cvm:   DFP dre 2023: 64 linhas
2026-05-04 12:52:04,337 [INFO] pipeline.cvm:   DFP bpa 2023: 140 linhas
2026-05-04 12:52:05,076 [INFO] pipeline.cvm:   DFP bpp 2023: 226 linhas
2026-05-04 12:52:05,515 [INFO] pipeline.cvm:   DFP dfc_mi 2023: 108 linhas
2026-05-04 12:52:05,545 [WARNING] pipeline.cvm:   Empresa 21881 não encontrada em dfc_md 2023
2026-05-04 12:52:05,912 [INFO] pipeline.cvm:   DFP dre 2023: 60 linhas
2026-05-04 12:52:06,560 [INFO] pipeline.cvm:   DFP bpa 2023: 140 linhas
2026-05-04 12:52:07,688 [INFO] pipeline.cvm:   DFP bpp 2023: 228 linhas
2026-05-04 12:52:08,229 [INFO] pipeline.cvm:   DFP dfc_mi 2023: 106 linhas
2026-05-04 12:52:08,272 [WARNING] pipeline.cvm:   Empresa 21881 não encontrada em dfc_md 2023
2026-05-04 12:52:08,504 [INFO] pipeline.cvm:   DFP dre 2024: 64 linhas
2026-05-04 12:52:08,921 [INFO] pipeline.cvm:   DFP bpa 2024: 140 linhas
2026-05-04 12:52:09,696 [INFO] pipeline.cvm:   DFP bpp 2024: 226 linhas
2026-05-04 12:52:10,090 [INFO] pipeline.cvm:   DFP dfc_mi 2024: 108 linhas
2026-05-04 12:52:10,117 [WARNING] pipeline.cvm:   Empresa 21881 não encontrada em dfc_md 2024
2026-05-04 12:52:10,419 [INFO] pipeline.cvm:   DFP dre 2024: 60 linhas
2026-05-04 12:52:10,984 [INFO] pipeline.cvm:   DFP bpa 2024: 142 linhas
2026-05-04 12:52:11,957 [INFO] pipeline.cvm:   DFP bpp 2024: 228 linhas
2026-05-04 12:52:12,446 [INFO] pipeline.cvm:   DFP dfc_mi 2024: 106 linhas
2026-05-04 12:52:12,479 [WARNING] pipeline.cvm:   Empresa 21881 não encontrada em dfc_md 2024
2026-05-04 12:52:12,676 [INFO] pipeline.cvm:   DFP dre 2025: 64 linhas
2026-05-04 12:52:13,021 [INFO] pipeline.cvm:   DFP bpa 2025: 140 linhas
2026-05-04 12:52:13,697 [INFO] pipeline.cvm:   DFP bpp 2025: 228 linhas
2026-05-04 12:52:14,051 [INFO] pipeline.cvm:   DFP dfc_mi 2025: 110 linhas
2026-05-04 12:52:14,075 [WARNING] pipeline.cvm:   Empresa 21881 não encontrada em dfc_md 2025
2026-05-04 12:52:14,362 [INFO] pipeline.cvm:   DFP dre 2025: 60 linhas
2026-05-04 12:52:14,925 [INFO] pipeline.cvm:   DFP bpa 2025: 142 linhas
2026-05-04 12:52:15,879 [INFO] pipeline.cvm:   DFP bpp 2025: 230 linhas
2026-05-04 12:52:16,364 [INFO] pipeline.cvm:   DFP dfc_mi 2025: 108 linhas
2026-05-04 12:52:16,397 [WARNING] pipeline.cvm:   Empresa 21881 não encontrada em dfc_md 2025
2026-05-04 12:52:19,222 [INFO] pipeline:   FLRY3: score=95/100 | critical=0 | warnings=1
2026-05-04 12:52:19,222 [INFO] pipeline:   Relatorio: C:\Users\55819\OneDrive - EPEJUD\DIEGO\OBSIDIAN\Analista de Investimentos\12_PYTHON\pipeline banco completo\outputs\data_quality\audit_FLRY3_20260504.md
2026-05-04 12:52:19,222 [INFO] pipeline: 
Auditorando RADL3...
2026-05-04 12:52:19,499 [INFO] pipeline.cvm:   DFP dre 2020: 72 linhas
2026-05-04 12:52:19,893 [INFO] pipeline.cvm:   DFP bpa 2020: 150 linhas
2026-05-04 12:52:20,573 [INFO] pipeline.cvm:   DFP bpp 2020: 236 linhas
2026-05-04 12:52:21,018 [INFO] pipeline.cvm:   DFP dfc_mi 2020: 94 linhas
2026-05-04 12:52:21,039 [WARNING] pipeline.cvm:   Empresa 5258 não encontrada em dfc_md 2020
2026-05-04 12:52:21,380 [INFO] pipeline.cvm:   DFP dre 2020: 68 linhas
2026-05-04 12:52:22,061 [INFO] pipeline.cvm:   DFP bpa 2020: 156 linhas
2026-05-04 12:52:23,284 [INFO] pipeline.cvm:   DFP bpp 2020: 240 linhas
2026-05-04 12:52:23,771 [INFO] pipeline.cvm:   DFP dfc_mi 2020: 94 linhas
2026-05-04 12:52:23,802 [WARNING] pipeline.cvm:   Empresa 5258 não encontrada em dfc_md 2020
2026-05-04 12:52:24,030 [INFO] pipeline.cvm:   DFP dre 2021: 72 linhas
2026-05-04 12:52:24,474 [INFO] pipeline.cvm:   DFP bpa 2021: 152 linhas
2026-05-04 12:52:25,200 [INFO] pipeline.cvm:   DFP bpp 2021: 236 linhas
2026-05-04 12:52:25,558 [INFO] pipeline.cvm:   DFP dfc_mi 2021: 102 linhas
2026-05-04 12:52:25,586 [WARNING] pipeline.cvm:   Empresa 5258 não encontrada em dfc_md 2021
2026-05-04 12:52:25,937 [INFO] pipeline.cvm:   DFP dre 2021: 68 linhas
2026-05-04 12:52:26,580 [INFO] pipeline.cvm:   DFP bpa 2021: 156 linhas
2026-05-04 12:52:27,690 [INFO] pipeline.cvm:   DFP bpp 2021: 240 linhas
2026-05-04 12:52:28,201 [INFO] pipeline.cvm:   DFP dfc_mi 2021: 100 linhas
2026-05-04 12:52:28,230 [WARNING] pipeline.cvm:   Empresa 5258 não encontrada em dfc_md 2021
2026-05-04 12:52:28,478 [INFO] pipeline.cvm:   DFP dre 2022: 72 linhas
2026-05-04 12:52:28,893 [INFO] pipeline.cvm:   DFP bpa 2022: 152 linhas
2026-05-04 12:52:29,608 [INFO] pipeline.cvm:   DFP bpp 2022: 240 linhas
2026-05-04 12:52:29,999 [INFO] pipeline.cvm:   DFP dfc_mi 2022: 104 linhas
2026-05-04 12:52:30,031 [WARNING] pipeline.cvm:   Empresa 5258 não encontrada em dfc_md 2022
2026-05-04 12:52:30,381 [INFO] pipeline.cvm:   DFP dre 2022: 68 linhas
2026-05-04 12:52:31,006 [INFO] pipeline.cvm:   DFP bpa 2022: 156 linhas
2026-05-04 12:52:32,077 [INFO] pipeline.cvm:   DFP bpp 2022: 244 linhas
2026-05-04 12:52:32,595 [INFO] pipeline.cvm:   DFP dfc_mi 2022: 102 linhas
2026-05-04 12:52:32,634 [WARNING] pipeline.cvm:   Empresa 5258 não encontrada em dfc_md 2022
2026-05-04 12:52:32,871 [INFO] pipeline.cvm:   DFP dre 2023: 72 linhas
2026-05-04 12:52:33,294 [INFO] pipeline.cvm:   DFP bpa 2023: 156 linhas
2026-05-04 12:52:34,094 [INFO] pipeline.cvm:   DFP bpp 2023: 250 linhas
2026-05-04 12:52:34,497 [INFO] pipeline.cvm:   DFP dfc_mi 2023: 106 linhas
2026-05-04 12:52:34,523 [WARNING] pipeline.cvm:   Empresa 5258 não encontrada em dfc_md 2023
2026-05-04 12:52:34,861 [INFO] pipeline.cvm:   DFP dre 2023: 68 linhas
2026-05-04 12:52:35,529 [INFO] pipeline.cvm:   DFP bpa 2023: 158 linhas
2026-05-04 12:52:36,690 [INFO] pipeline.cvm:   DFP bpp 2023: 252 linhas
2026-05-04 12:52:37,278 [INFO] pipeline.cvm:   DFP dfc_mi 2023: 104 linhas
2026-05-04 12:52:37,320 [WARNING] pipeline.cvm:   Empresa 5258 não encontrada em dfc_md 2023
2026-05-04 12:52:37,549 [INFO] pipeline.cvm:   DFP dre 2024: 72 linhas
2026-05-04 12:52:37,956 [INFO] pipeline.cvm:   DFP bpa 2024: 140 linhas
2026-05-04 12:52:38,645 [INFO] pipeline.cvm:   DFP bpp 2024: 246 linhas
2026-05-04 12:52:39,028 [INFO] pipeline.cvm:   DFP dfc_mi 2024: 106 linhas
2026-05-04 12:52:39,055 [WARNING] pipeline.cvm:   Empresa 5258 não encontrada em dfc_md 2024
2026-05-04 12:52:39,377 [INFO] pipeline.cvm:   DFP dre 2024: 68 linhas
2026-05-04 12:52:39,978 [INFO] pipeline.cvm:   DFP bpa 2024: 142 linhas
2026-05-04 12:52:41,082 [INFO] pipeline.cvm:   DFP bpp 2024: 250 linhas
2026-05-04 12:52:41,639 [INFO] pipeline.cvm:   DFP dfc_mi 2024: 104 linhas
2026-05-04 12:52:41,670 [WARNING] pipeline.cvm:   Empresa 5258 não encontrada em dfc_md 2024
2026-05-04 12:52:41,891 [INFO] pipeline.cvm:   DFP dre 2025: 72 linhas
2026-05-04 12:52:42,273 [INFO] pipeline.cvm:   DFP bpa 2025: 140 linhas
2026-05-04 12:52:42,930 [INFO] pipeline.cvm:   DFP bpp 2025: 246 linhas
2026-05-04 12:52:43,300 [INFO] pipeline.cvm:   DFP dfc_mi 2025: 110 linhas
2026-05-04 12:52:43,323 [WARNING] pipeline.cvm:   Empresa 5258 não encontrada em dfc_md 2025
2026-05-04 12:52:43,632 [INFO] pipeline.cvm:   DFP dre 2025: 68 linhas
2026-05-04 12:52:44,210 [INFO] pipeline.cvm:   DFP bpa 2025: 142 linhas
2026-05-04 12:52:45,193 [INFO] pipeline.cvm:   DFP bpp 2025: 250 linhas
2026-05-04 12:52:45,771 [INFO] pipeline.cvm:   DFP dfc_mi 2025: 104 linhas
2026-05-04 12:52:45,803 [WARNING] pipeline.cvm:   Empresa 5258 não encontrada em dfc_md 2025
2026-05-04 12:52:48,719 [INFO] pipeline:   RADL3: score=77/100 | critical=1 | warnings=1
2026-05-04 12:52:48,720 [INFO] pipeline:   Relatorio: C:\Users\55819\OneDrive - EPEJUD\DIEGO\OBSIDIAN\Analista de Investimentos\12_PYTHON\pipeline banco completo\outputs\data_quality\audit_RADL3_20260504.md
2026-05-04 12:52:48,720 [INFO] pipeline: 
Auditorando HYPE3...
2026-05-04 12:52:48,953 [INFO] pipeline.cvm:   DFP dre 2020: 60 linhas
2026-05-04 12:52:49,346 [INFO] pipeline.cvm:   DFP bpa 2020: 134 linhas
2026-05-04 12:52:50,032 [INFO] pipeline.cvm:   DFP bpp 2020: 238 linhas
2026-05-04 12:52:50,399 [INFO] pipeline.cvm:   DFP dfc_mi 2020: 100 linhas
2026-05-04 12:52:50,420 [WARNING] pipeline.cvm:   Empresa 21431 não encontrada em dfc_md 2020
2026-05-04 12:52:50,785 [INFO] pipeline.cvm:   DFP dre 2020: 56 linhas
2026-05-04 12:52:51,442 [INFO] pipeline.cvm:   DFP bpa 2020: 136 linhas
2026-05-04 12:52:52,742 [INFO] pipeline.cvm:   DFP bpp 2020: 238 linhas
2026-05-04 12:52:53,261 [INFO] pipeline.cvm:   DFP dfc_mi 2020: 110 linhas
2026-05-04 12:52:53,296 [WARNING] pipeline.cvm:   Empresa 21431 não encontrada em dfc_md 2020
2026-05-04 12:52:53,535 [INFO] pipeline.cvm:   DFP dre 2021: 60 linhas
2026-05-04 12:52:53,997 [INFO] pipeline.cvm:   DFP bpa 2021: 134 linhas
2026-05-04 12:52:54,715 [INFO] pipeline.cvm:   DFP bpp 2021: 238 linhas
2026-05-04 12:52:55,092 [INFO] pipeline.cvm:   DFP dfc_mi 2021: 100 linhas
2026-05-04 12:52:55,121 [WARNING] pipeline.cvm:   Empresa 21431 não encontrada em dfc_md 2021
2026-05-04 12:52:55,479 [INFO] pipeline.cvm:   DFP dre 2021: 56 linhas
2026-05-04 12:52:56,165 [INFO] pipeline.cvm:   DFP bpa 2021: 136 linhas
2026-05-04 12:52:57,336 [INFO] pipeline.cvm:   DFP bpp 2021: 238 linhas
2026-05-04 12:52:57,895 [INFO] pipeline.cvm:   DFP dfc_mi 2021: 110 linhas
2026-05-04 12:52:57,932 [WARNING] pipeline.cvm:   Empresa 21431 não encontrada em dfc_md 2021
2026-05-04 12:52:58,199 [INFO] pipeline.cvm:   DFP dre 2022: 60 linhas
2026-05-04 12:52:58,653 [INFO] pipeline.cvm:   DFP bpa 2022: 134 linhas
2026-05-04 12:52:59,385 [INFO] pipeline.cvm:   DFP bpp 2022: 238 linhas
2026-05-04 12:52:59,783 [INFO] pipeline.cvm:   DFP dfc_mi 2022: 102 linhas
2026-05-04 12:52:59,812 [WARNING] pipeline.cvm:   Empresa 21431 não encontrada em dfc_md 2022
2026-05-04 12:53:00,154 [INFO] pipeline.cvm:   DFP dre 2022: 58 linhas
2026-05-04 12:53:00,826 [INFO] pipeline.cvm:   DFP bpa 2022: 136 linhas
2026-05-04 12:53:01,956 [INFO] pipeline.cvm:   DFP bpp 2022: 238 linhas
2026-05-04 12:53:02,559 [INFO] pipeline.cvm:   DFP dfc_mi 2022: 110 linhas
2026-05-04 12:53:02,600 [WARNING] pipeline.cvm:   Empresa 21431 não encontrada em dfc_md 2022
2026-05-04 12:53:02,896 [INFO] pipeline.cvm:   DFP dre 2023: 60 linhas
2026-05-04 12:53:03,413 [INFO] pipeline.cvm:   DFP bpa 2023: 134 linhas
2026-05-04 12:53:04,230 [INFO] pipeline.cvm:   DFP bpp 2023: 238 linhas
2026-05-04 12:53:04,690 [INFO] pipeline.cvm:   DFP dfc_mi 2023: 102 linhas
2026-05-04 12:53:04,719 [WARNING] pipeline.cvm:   Empresa 21431 não encontrada em dfc_md 2023
2026-05-04 12:53:05,102 [INFO] pipeline.cvm:   DFP dre 2023: 58 linhas
2026-05-04 12:53:05,849 [INFO] pipeline.cvm:   DFP bpa 2023: 136 linhas
2026-05-04 12:53:07,095 [INFO] pipeline.cvm:   DFP bpp 2023: 238 linhas
2026-05-04 12:53:07,687 [INFO] pipeline.cvm:   DFP dfc_mi 2023: 110 linhas
2026-05-04 12:53:07,735 [WARNING] pipeline.cvm:   Empresa 21431 não encontrada em dfc_md 2023
2026-05-04 12:53:08,031 [INFO] pipeline.cvm:   DFP dre 2024: 60 linhas
2026-05-04 12:53:08,486 [INFO] pipeline.cvm:   DFP bpa 2024: 134 linhas
2026-05-04 12:53:09,256 [INFO] pipeline.cvm:   DFP bpp 2024: 238 linhas
2026-05-04 12:53:09,690 [INFO] pipeline.cvm:   DFP dfc_mi 2024: 102 linhas
2026-05-04 12:53:09,721 [WARNING] pipeline.cvm:   Empresa 21431 não encontrada em dfc_md 2024
2026-05-04 12:53:10,067 [INFO] pipeline.cvm:   DFP dre 2024: 58 linhas
2026-05-04 12:53:10,740 [INFO] pipeline.cvm:   DFP bpa 2024: 136 linhas
2026-05-04 12:53:11,957 [INFO] pipeline.cvm:   DFP bpp 2024: 238 linhas
2026-05-04 12:53:12,538 [INFO] pipeline.cvm:   DFP dfc_mi 2024: 110 linhas
2026-05-04 12:53:12,581 [WARNING] pipeline.cvm:   Empresa 21431 não encontrada em dfc_md 2024
2026-05-04 12:53:12,813 [INFO] pipeline.cvm:   DFP dre 2025: 60 linhas
2026-05-04 12:53:13,180 [INFO] pipeline.cvm:   DFP bpa 2025: 134 linhas
2026-05-04 12:53:13,862 [INFO] pipeline.cvm:   DFP bpp 2025: 238 linhas
2026-05-04 12:53:14,229 [INFO] pipeline.cvm:   DFP dfc_mi 2025: 102 linhas
2026-05-04 12:53:14,250 [WARNING] pipeline.cvm:   Empresa 21431 não encontrada em dfc_md 2025
2026-05-04 12:53:14,541 [INFO] pipeline.cvm:   DFP dre 2025: 58 linhas
2026-05-04 12:53:15,099 [INFO] pipeline.cvm:   DFP bpa 2025: 136 linhas
2026-05-04 12:53:16,083 [INFO] pipeline.cvm:   DFP bpp 2025: 238 linhas
2026-05-04 12:53:16,667 [INFO] pipeline.cvm:   DFP dfc_mi 2025: 110 linhas
2026-05-04 12:53:16,703 [WARNING] pipeline.cvm:   Empresa 21431 não encontrada em dfc_md 2025
2026-05-04 12:53:19,921 [INFO] pipeline:   HYPE3: score=95/100 | critical=0 | warnings=1
2026-05-04 12:53:19,921 [INFO] pipeline:   Relatorio: C:\Users\55819\OneDrive - EPEJUD\DIEGO\OBSIDIAN\Analista de Investimentos\12_PYTHON\pipeline banco completo\outputs\data_quality\audit_HYPE3_20260504.md
2026-05-04 12:53:19,921 [INFO] pipeline: 
Auditorando RENT3...
2026-05-04 12:53:20,172 [INFO] pipeline.cvm:   DFP dre 2020: 60 linhas
2026-05-04 12:53:20,587 [INFO] pipeline.cvm:   DFP bpa 2020: 140 linhas
2026-05-04 12:53:21,412 [INFO] pipeline.cvm:   DFP bpp 2020: 226 linhas
2026-05-04 12:53:21,861 [INFO] pipeline.cvm:   DFP dfc_mi 2020: 108 linhas
2026-05-04 12:53:21,881 [WARNING] pipeline.cvm:   Empresa 19739 não encontrada em dfc_md 2020
2026-05-04 12:53:22,226 [INFO] pipeline.cvm:   DFP dre 2020: 56 linhas
2026-05-04 12:53:22,948 [INFO] pipeline.cvm:   DFP bpa 2020: 136 linhas
2026-05-04 12:53:24,340 [INFO] pipeline.cvm:   DFP bpp 2020: 226 linhas
2026-05-04 12:53:24,895 [INFO] pipeline.cvm:   DFP dfc_mi 2020: 122 linhas
2026-05-04 12:53:24,934 [WARNING] pipeline.cvm:   Empresa 19739 não encontrada em dfc_md 2020
2026-05-04 12:53:25,198 [INFO] pipeline.cvm:   DFP dre 2021: 60 linhas
2026-05-04 12:53:25,626 [INFO] pipeline.cvm:   DFP bpa 2021: 130 linhas
2026-05-04 12:53:26,348 [INFO] pipeline.cvm:   DFP bpp 2021: 228 linhas
2026-05-04 12:53:26,727 [INFO] pipeline.cvm:   DFP dfc_mi 2021: 100 linhas
2026-05-04 12:53:26,757 [WARNING] pipeline.cvm:   Empresa 19739 não encontrada em dfc_md 2021
2026-05-04 12:53:27,116 [INFO] pipeline.cvm:   DFP dre 2021: 56 linhas
2026-05-04 12:53:27,794 [INFO] pipeline.cvm:   DFP bpa 2021: 126 linhas
2026-05-04 12:53:28,971 [INFO] pipeline.cvm:   DFP bpp 2021: 228 linhas
2026-05-04 12:53:29,502 [INFO] pipeline.cvm:   DFP dfc_mi 2021: 102 linhas
2026-05-04 12:53:29,545 [WARNING] pipeline.cvm:   Empresa 19739 não encontrada em dfc_md 2021
2026-05-04 12:53:29,787 [INFO] pipeline.cvm:   DFP dre 2022: 60 linhas
2026-05-04 12:53:30,211 [INFO] pipeline.cvm:   DFP bpa 2022: 150 linhas
2026-05-04 12:53:31,047 [INFO] pipeline.cvm:   DFP bpp 2022: 226 linhas
2026-05-04 12:53:31,451 [INFO] pipeline.cvm:   DFP dfc_mi 2022: 120 linhas
2026-05-04 12:53:31,482 [WARNING] pipeline.cvm:   Empresa 19739 não encontrada em dfc_md 2022
2026-05-04 12:53:31,829 [INFO] pipeline.cvm:   DFP dre 2022: 56 linhas
2026-05-04 12:53:32,491 [INFO] pipeline.cvm:   DFP bpa 2022: 138 linhas
2026-05-04 12:53:33,672 [INFO] pipeline.cvm:   DFP bpp 2022: 226 linhas
2026-05-04 12:53:34,243 [INFO] pipeline.cvm:   DFP dfc_mi 2022: 120 linhas
2026-05-04 12:53:34,293 [WARNING] pipeline.cvm:   Empresa 19739 não encontrada em dfc_md 2022
2026-05-04 12:53:34,557 [INFO] pipeline.cvm:   DFP dre 2023: 60 linhas
2026-05-04 12:53:34,991 [INFO] pipeline.cvm:   DFP bpa 2023: 144 linhas
2026-05-04 12:53:35,857 [INFO] pipeline.cvm:   DFP bpp 2023: 226 linhas
2026-05-04 12:53:36,307 [INFO] pipeline.cvm:   DFP dfc_mi 2023: 130 linhas
2026-05-04 12:53:36,337 [WARNING] pipeline.cvm:   Empresa 19739 não encontrada em dfc_md 2023
2026-05-04 12:53:36,687 [INFO] pipeline.cvm:   DFP dre 2023: 56 linhas
2026-05-04 12:53:37,390 [INFO] pipeline.cvm:   DFP bpa 2023: 134 linhas
2026-05-04 12:53:38,577 [INFO] pipeline.cvm:   DFP bpp 2023: 224 linhas
2026-05-04 12:53:39,128 [INFO] pipeline.cvm:   DFP dfc_mi 2023: 108 linhas
2026-05-04 12:53:39,166 [WARNING] pipeline.cvm:   Empresa 19739 não encontrada em dfc_md 2023
2026-05-04 12:53:39,396 [INFO] pipeline.cvm:   DFP dre 2024: 60 linhas
2026-05-04 12:53:39,795 [INFO] pipeline.cvm:   DFP bpa 2024: 144 linhas
2026-05-04 12:53:40,580 [INFO] pipeline.cvm:   DFP bpp 2024: 226 linhas
2026-05-04 12:53:40,987 [INFO] pipeline.cvm:   DFP dfc_mi 2024: 128 linhas
2026-05-04 12:53:41,009 [WARNING] pipeline.cvm:   Empresa 19739 não encontrada em dfc_md 2024
2026-05-04 12:53:41,337 [INFO] pipeline.cvm:   DFP dre 2024: 56 linhas
2026-05-04 12:53:41,949 [INFO] pipeline.cvm:   DFP bpa 2024: 134 linhas
2026-05-04 12:53:42,957 [INFO] pipeline.cvm:   DFP bpp 2024: 224 linhas
2026-05-04 12:53:43,440 [INFO] pipeline.cvm:   DFP dfc_mi 2024: 110 linhas
2026-05-04 12:53:43,474 [WARNING] pipeline.cvm:   Empresa 19739 não encontrada em dfc_md 2024
2026-05-04 12:53:43,670 [INFO] pipeline.cvm:   DFP dre 2025: 60 linhas
2026-05-04 12:53:44,013 [INFO] pipeline.cvm:   DFP bpa 2025: 146 linhas
2026-05-04 12:53:44,617 [INFO] pipeline.cvm:   DFP bpp 2025: 228 linhas
2026-05-04 12:53:44,960 [INFO] pipeline.cvm:   DFP dfc_mi 2025: 130 linhas
2026-05-04 12:53:44,979 [WARNING] pipeline.cvm:   Empresa 19739 não encontrada em dfc_md 2025
2026-05-04 12:53:45,252 [INFO] pipeline.cvm:   DFP dre 2025: 56 linhas
2026-05-04 12:53:45,806 [INFO] pipeline.cvm:   DFP bpa 2025: 134 linhas
2026-05-04 12:53:46,749 [INFO] pipeline.cvm:   DFP bpp 2025: 224 linhas
2026-05-04 12:53:47,236 [INFO] pipeline.cvm:   DFP dfc_mi 2025: 110 linhas
2026-05-04 12:53:47,269 [WARNING] pipeline.cvm:   Empresa 19739 não encontrada em dfc_md 2025
2026-05-04 12:53:50,088 [INFO] pipeline:   RENT3: score=95/100 | critical=0 | warnings=1
2026-05-04 12:53:50,088 [INFO] pipeline:   Relatorio: C:\Users\55819\OneDrive - EPEJUD\DIEGO\OBSIDIAN\Analista de Investimentos\12_PYTHON\pipeline banco completo\outputs\data_quality\audit_RENT3_20260504.md
2026-05-04 12:53:50,089 [INFO] pipeline: 
Auditorando MOVI3...
2026-05-04 12:53:50,340 [INFO] pipeline.cvm:   DFP dre 2020: 60 linhas
2026-05-04 12:53:50,740 [INFO] pipeline.cvm:   DFP bpa 2020: 140 linhas
2026-05-04 12:53:51,390 [INFO] pipeline.cvm:   DFP bpp 2020: 224 linhas
2026-05-04 12:53:51,791 [INFO] pipeline.cvm:   DFP dfc_mi 2020: 110 linhas
2026-05-04 12:53:51,814 [WARNING] pipeline.cvm:   Empresa 23825 não encontrada em dfc_md 2020
2026-05-04 12:53:52,145 [INFO] pipeline.cvm:   DFP dre 2020: 56 linhas
2026-05-04 12:53:52,812 [INFO] pipeline.cvm:   DFP bpa 2020: 134 linhas
2026-05-04 12:53:54,066 [INFO] pipeline.cvm:   DFP bpp 2020: 224 linhas
2026-05-04 12:53:54,565 [INFO] pipeline.cvm:   DFP dfc_mi 2020: 110 linhas
2026-05-04 12:53:54,597 [WARNING] pipeline.cvm:   Empresa 23825 não encontrada em dfc_md 2020
2026-05-04 12:53:54,845 [INFO] pipeline.cvm:   DFP dre 2021: 60 linhas
2026-05-04 12:53:55,252 [INFO] pipeline.cvm:   DFP bpa 2021: 142 linhas
2026-05-04 12:53:55,944 [INFO] pipeline.cvm:   DFP bpp 2021: 232 linhas
2026-05-04 12:53:56,317 [INFO] pipeline.cvm:   DFP dfc_mi 2021: 122 linhas
2026-05-04 12:53:56,338 [WARNING] pipeline.cvm:   Empresa 23825 não encontrada em dfc_md 2021
2026-05-04 12:53:56,682 [INFO] pipeline.cvm:   DFP dre 2021: 56 linhas
2026-05-04 12:53:57,319 [INFO] pipeline.cvm:   DFP bpa 2021: 134 linhas
2026-05-04 12:53:58,428 [INFO] pipeline.cvm:   DFP bpp 2021: 230 linhas
2026-05-04 12:53:58,924 [INFO] pipeline.cvm:   DFP dfc_mi 2021: 118 linhas
2026-05-04 12:53:58,962 [WARNING] pipeline.cvm:   Empresa 23825 não encontrada em dfc_md 2021
2026-05-04 12:53:59,204 [INFO] pipeline.cvm:   DFP dre 2022: 60 linhas
2026-05-04 12:53:59,638 [INFO] pipeline.cvm:   DFP bpa 2022: 142 linhas
2026-05-04 12:54:00,425 [INFO] pipeline.cvm:   DFP bpp 2022: 238 linhas
2026-05-04 12:54:00,827 [INFO] pipeline.cvm:   DFP dfc_mi 2022: 122 linhas
2026-05-04 12:54:00,855 [WARNING] pipeline.cvm:   Empresa 23825 não encontrada em dfc_md 2022
2026-05-04 12:54:01,181 [INFO] pipeline.cvm:   DFP dre 2022: 56 linhas
2026-05-04 12:54:01,791 [INFO] pipeline.cvm:   DFP bpa 2022: 136 linhas
2026-05-04 12:54:02,877 [INFO] pipeline.cvm:   DFP bpp 2022: 238 linhas
2026-05-04 12:54:03,389 [INFO] pipeline.cvm:   DFP dfc_mi 2022: 122 linhas
2026-05-04 12:54:03,420 [WARNING] pipeline.cvm:   Empresa 23825 não encontrada em dfc_md 2022
2026-05-04 12:54:03,652 [INFO] pipeline.cvm:   DFP dre 2023: 64 linhas
2026-05-04 12:54:04,065 [INFO] pipeline.cvm:   DFP bpa 2023: 142 linhas
2026-05-04 12:54:04,782 [INFO] pipeline.cvm:   DFP bpp 2023: 238 linhas
2026-05-04 12:54:05,189 [INFO] pipeline.cvm:   DFP dfc_mi 2023: 102 linhas
2026-05-04 12:54:05,221 [WARNING] pipeline.cvm:   Empresa 23825 não encontrada em dfc_md 2023
2026-05-04 12:54:05,547 [INFO] pipeline.cvm:   DFP dre 2023: 60 linhas
2026-05-04 12:54:06,184 [INFO] pipeline.cvm:   DFP bpa 2023: 136 linhas
2026-05-04 12:54:07,301 [INFO] pipeline.cvm:   DFP bpp 2023: 238 linhas
2026-05-04 12:54:07,838 [INFO] pipeline.cvm:   DFP dfc_mi 2023: 112 linhas
2026-05-04 12:54:07,875 [WARNING] pipeline.cvm:   Empresa 23825 não encontrada em dfc_md 2023
2026-05-04 12:54:08,094 [INFO] pipeline.cvm:   DFP dre 2024: 64 linhas
2026-05-04 12:54:08,492 [INFO] pipeline.cvm:   DFP bpa 2024: 144 linhas
2026-05-04 12:54:09,236 [INFO] pipeline.cvm:   DFP bpp 2024: 238 linhas
2026-05-04 12:54:09,621 [INFO] pipeline.cvm:   DFP dfc_mi 2024: 102 linhas
2026-05-04 12:54:09,642 [WARNING] pipeline.cvm:   Empresa 23825 não encontrada em dfc_md 2024
2026-05-04 12:54:09,957 [INFO] pipeline.cvm:   DFP dre 2024: 60 linhas
2026-05-04 12:54:10,547 [INFO] pipeline.cvm:   DFP bpa 2024: 138 linhas
2026-05-04 12:54:11,565 [INFO] pipeline.cvm:   DFP bpp 2024: 238 linhas
2026-05-04 12:54:12,069 [INFO] pipeline.cvm:   DFP dfc_mi 2024: 112 linhas
2026-05-04 12:54:12,104 [WARNING] pipeline.cvm:   Empresa 23825 não encontrada em dfc_md 2024
2026-05-04 12:54:12,314 [INFO] pipeline.cvm:   DFP dre 2025: 64 linhas
2026-05-04 12:54:12,674 [INFO] pipeline.cvm:   DFP bpa 2025: 146 linhas
2026-05-04 12:54:13,291 [INFO] pipeline.cvm:   DFP bpp 2025: 240 linhas
2026-05-04 12:54:13,640 [INFO] pipeline.cvm:   DFP dfc_mi 2025: 102 linhas
2026-05-04 12:54:13,662 [WARNING] pipeline.cvm:   Empresa 23825 não encontrada em dfc_md 2025
2026-05-04 12:54:13,945 [INFO] pipeline.cvm:   DFP dre 2025: 60 linhas
2026-05-04 12:54:14,475 [INFO] pipeline.cvm:   DFP bpa 2025: 144 linhas
2026-05-04 12:54:15,441 [INFO] pipeline.cvm:   DFP bpp 2025: 240 linhas
2026-05-04 12:54:15,933 [INFO] pipeline.cvm:   DFP dfc_mi 2025: 112 linhas
2026-05-04 12:54:15,957 [WARNING] pipeline.cvm:   Empresa 23825 não encontrada em dfc_md 2025
2026-05-04 12:54:18,487 [INFO] pipeline:   MOVI3: score=95/100 | critical=0 | warnings=1
2026-05-04 12:54:18,487 [INFO] pipeline:   Relatorio: C:\Users\55819\OneDrive - EPEJUD\DIEGO\OBSIDIAN\Analista de Investimentos\12_PYTHON\pipeline banco completo\outputs\data_quality\audit_MOVI3_20260504.md
2026-05-04 12:54:18,487 [INFO] pipeline: 
Auditorando VAMO3...
2026-05-04 12:54:18,724 [INFO] pipeline.cvm:   DFP dre 2020: 66 linhas
2026-05-04 12:54:19,086 [INFO] pipeline.cvm:   DFP bpa 2020: 128 linhas
2026-05-04 12:54:19,733 [INFO] pipeline.cvm:   DFP bpp 2020: 232 linhas
2026-05-04 12:54:20,089 [INFO] pipeline.cvm:   DFP dfc_mi 2020: 108 linhas
2026-05-04 12:54:20,109 [WARNING] pipeline.cvm:   Empresa 24716 não encontrada em dfc_md 2020
2026-05-04 12:54:20,444 [INFO] pipeline.cvm:   DFP dre 2020: 60 linhas
2026-05-04 12:54:21,041 [INFO] pipeline.cvm:   DFP bpa 2020: 132 linhas
2026-05-04 12:54:22,349 [INFO] pipeline.cvm:   DFP bpp 2020: 232 linhas
2026-05-04 12:54:22,810 [INFO] pipeline.cvm:   DFP dfc_mi 2020: 110 linhas
2026-05-04 12:54:22,838 [WARNING] pipeline.cvm:   Empresa 24716 não encontrada em dfc_md 2020
2026-05-04 12:54:23,068 [INFO] pipeline.cvm:   DFP dre 2021: 66 linhas
2026-05-04 12:54:23,442 [INFO] pipeline.cvm:   DFP bpa 2021: 130 linhas
2026-05-04 12:54:24,085 [INFO] pipeline.cvm:   DFP bpp 2021: 244 linhas
2026-05-04 12:54:24,467 [INFO] pipeline.cvm:   DFP dfc_mi 2021: 114 linhas
2026-05-04 12:54:24,494 [WARNING] pipeline.cvm:   Empresa 24716 não encontrada em dfc_md 2021
2026-05-04 12:54:24,840 [INFO] pipeline.cvm:   DFP dre 2021: 60 linhas
2026-05-04 12:54:25,444 [INFO] pipeline.cvm:   DFP bpa 2021: 134 linhas
2026-05-04 12:54:26,501 [INFO] pipeline.cvm:   DFP bpp 2021: 242 linhas
2026-05-04 12:54:26,989 [INFO] pipeline.cvm:   DFP dfc_mi 2021: 116 linhas
2026-05-04 12:54:27,020 [WARNING] pipeline.cvm:   Empresa 24716 não encontrada em dfc_md 2021
2026-05-04 12:54:27,267 [INFO] pipeline.cvm:   DFP dre 2022: 66 linhas
2026-05-04 12:54:27,694 [INFO] pipeline.cvm:   DFP bpa 2022: 134 linhas
2026-05-04 12:54:28,364 [INFO] pipeline.cvm:   DFP bpp 2022: 244 linhas
2026-05-04 12:54:28,740 [INFO] pipeline.cvm:   DFP dfc_mi 2022: 120 linhas
2026-05-04 12:54:28,768 [WARNING] pipeline.cvm:   Empresa 24716 não encontrada em dfc_md 2022
2026-05-04 12:54:29,099 [INFO] pipeline.cvm:   DFP dre 2022: 60 linhas
2026-05-04 12:54:29,720 [INFO] pipeline.cvm:   DFP bpa 2022: 140 linhas
2026-05-04 12:54:30,761 [INFO] pipeline.cvm:   DFP bpp 2022: 242 linhas
2026-05-04 12:54:31,249 [INFO] pipeline.cvm:   DFP dfc_mi 2022: 126 linhas
2026-05-04 12:54:31,287 [WARNING] pipeline.cvm:   Empresa 24716 não encontrada em dfc_md 2022
2026-05-04 12:54:31,511 [INFO] pipeline.cvm:   DFP dre 2023: 66 linhas
2026-05-04 12:54:31,914 [INFO] pipeline.cvm:   DFP bpa 2023: 136 linhas
2026-05-04 12:54:32,622 [INFO] pipeline.cvm:   DFP bpp 2023: 246 linhas
2026-05-04 12:54:33,001 [INFO] pipeline.cvm:   DFP dfc_mi 2023: 124 linhas
2026-05-04 12:54:33,028 [WARNING] pipeline.cvm:   Empresa 24716 não encontrada em dfc_md 2023
2026-05-04 12:54:33,344 [INFO] pipeline.cvm:   DFP dre 2023: 60 linhas
2026-05-04 12:54:33,954 [INFO] pipeline.cvm:   DFP bpa 2023: 142 linhas
2026-05-04 12:54:35,059 [INFO] pipeline.cvm:   DFP bpp 2023: 244 linhas
2026-05-04 12:54:35,571 [INFO] pipeline.cvm:   DFP dfc_mi 2023: 132 linhas
2026-05-04 12:54:35,613 [WARNING] pipeline.cvm:   Empresa 24716 não encontrada em dfc_md 2023
2026-05-04 12:54:35,844 [INFO] pipeline.cvm:   DFP dre 2024: 80 linhas
2026-05-04 12:54:36,231 [INFO] pipeline.cvm:   DFP bpa 2024: 138 linhas
2026-05-04 12:54:36,946 [INFO] pipeline.cvm:   DFP bpp 2024: 250 linhas
2026-05-04 12:54:37,332 [INFO] pipeline.cvm:   DFP dfc_mi 2024: 132 linhas
2026-05-04 12:54:37,355 [WARNING] pipeline.cvm:   Empresa 24716 não encontrada em dfc_md 2024
2026-05-04 12:54:37,661 [INFO] pipeline.cvm:   DFP dre 2024: 66 linhas
2026-05-04 12:54:38,256 [INFO] pipeline.cvm:   DFP bpa 2024: 142 linhas
2026-05-04 12:54:39,244 [INFO] pipeline.cvm:   DFP bpp 2024: 252 linhas
2026-05-04 12:54:39,757 [INFO] pipeline.cvm:   DFP dfc_mi 2024: 138 linhas
2026-05-04 12:54:39,795 [WARNING] pipeline.cvm:   Empresa 24716 não encontrada em dfc_md 2024
2026-05-04 12:54:39,996 [INFO] pipeline.cvm:   DFP dre 2025: 80 linhas
2026-05-04 12:54:40,360 [INFO] pipeline.cvm:   DFP bpa 2025: 138 linhas
2026-05-04 12:54:40,977 [INFO] pipeline.cvm:   DFP bpp 2025: 250 linhas
2026-05-04 12:54:41,323 [INFO] pipeline.cvm:   DFP dfc_mi 2025: 98 linhas
2026-05-04 12:54:41,343 [WARNING] pipeline.cvm:   Empresa 24716 não encontrada em dfc_md 2025
2026-05-04 12:54:41,636 [INFO] pipeline.cvm:   DFP dre 2025: 66 linhas
2026-05-04 12:54:42,174 [INFO] pipeline.cvm:   DFP bpa 2025: 142 linhas
2026-05-04 12:54:43,140 [INFO] pipeline.cvm:   DFP bpp 2025: 252 linhas
2026-05-04 12:54:43,651 [INFO] pipeline.cvm:   DFP dfc_mi 2025: 98 linhas
2026-05-04 12:54:43,682 [WARNING] pipeline.cvm:   Empresa 24716 não encontrada em dfc_md 2025
2026-05-04 12:54:46,213 [INFO] pipeline:   VAMO3: score=95/100 | critical=0 | warnings=1
2026-05-04 12:54:46,213 [INFO] pipeline:   Relatorio: C:\Users\55819\OneDrive - EPEJUD\DIEGO\OBSIDIAN\Analista de Investimentos\12_PYTHON\pipeline banco completo\outputs\data_quality\audit_VAMO3_20260504.md
2026-05-04 12:54:46,213 [INFO] pipeline: 
Auditorando PETR4...
2026-05-04 12:54:46,430 [INFO] pipeline.cvm:   DFP dre 2020: 86 linhas
2026-05-04 12:54:46,794 [INFO] pipeline.cvm:   DFP bpa 2020: 130 linhas
2026-05-04 12:54:47,428 [INFO] pipeline.cvm:   DFP bpp 2020: 218 linhas
2026-05-04 12:54:47,755 [INFO] pipeline.cvm:   DFP dfc_mi 2020: 124 linhas
2026-05-04 12:54:47,773 [WARNING] pipeline.cvm:   Empresa 9512 não encontrada em dfc_md 2020
2026-05-04 12:54:48,093 [INFO] pipeline.cvm:   DFP dre 2020: 82 linhas
2026-05-04 12:54:48,713 [INFO] pipeline.cvm:   DFP bpa 2020: 132 linhas
2026-05-04 12:54:49,952 [INFO] pipeline.cvm:   DFP bpp 2020: 220 linhas
2026-05-04 12:54:50,448 [INFO] pipeline.cvm:   DFP dfc_mi 2020: 122 linhas
2026-05-04 12:54:50,483 [WARNING] pipeline.cvm:   Empresa 9512 não encontrada em dfc_md 2020
2026-05-04 12:54:50,722 [INFO] pipeline.cvm:   DFP dre 2021: 86 linhas
2026-05-04 12:54:51,112 [INFO] pipeline.cvm:   DFP bpa 2021: 130 linhas
2026-05-04 12:54:51,775 [INFO] pipeline.cvm:   DFP bpp 2021: 218 linhas
2026-05-04 12:54:52,118 [INFO] pipeline.cvm:   DFP dfc_mi 2021: 126 linhas
2026-05-04 12:54:52,145 [WARNING] pipeline.cvm:   Empresa 9512 não encontrada em dfc_md 2021
2026-05-04 12:54:52,478 [INFO] pipeline.cvm:   DFP dre 2021: 82 linhas
2026-05-04 12:54:53,086 [INFO] pipeline.cvm:   DFP bpa 2021: 132 linhas
2026-05-04 12:54:54,143 [INFO] pipeline.cvm:   DFP bpp 2021: 220 linhas
2026-05-04 12:54:54,621 [INFO] pipeline.cvm:   DFP dfc_mi 2021: 124 linhas
2026-05-04 12:54:54,653 [WARNING] pipeline.cvm:   Empresa 9512 não encontrada em dfc_md 2021
2026-05-04 12:54:54,881 [INFO] pipeline.cvm:   DFP dre 2022: 86 linhas
2026-05-04 12:54:55,272 [INFO] pipeline.cvm:   DFP bpa 2022: 130 linhas
2026-05-04 12:54:55,956 [INFO] pipeline.cvm:   DFP bpp 2022: 218 linhas
2026-05-04 12:54:56,331 [INFO] pipeline.cvm:   DFP dfc_mi 2022: 128 linhas
2026-05-04 12:54:56,357 [WARNING] pipeline.cvm:   Empresa 9512 não encontrada em dfc_md 2022
2026-05-04 12:54:56,681 [INFO] pipeline.cvm:   DFP dre 2022: 82 linhas
2026-05-04 12:54:57,282 [INFO] pipeline.cvm:   DFP bpa 2022: 132 linhas
2026-05-04 12:54:58,298 [INFO] pipeline.cvm:   DFP bpp 2022: 220 linhas
2026-05-04 12:54:58,817 [INFO] pipeline.cvm:   DFP dfc_mi 2022: 128 linhas
2026-05-04 12:54:58,848 [WARNING] pipeline.cvm:   Empresa 9512 não encontrada em dfc_md 2022
2026-05-04 12:54:59,115 [INFO] pipeline.cvm:   DFP dre 2023: 86 linhas
2026-05-04 12:54:59,525 [INFO] pipeline.cvm:   DFP bpa 2023: 130 linhas
2026-05-04 12:55:00,262 [INFO] pipeline.cvm:   DFP bpp 2023: 220 linhas
2026-05-04 12:55:00,650 [INFO] pipeline.cvm:   DFP dfc_mi 2023: 130 linhas
2026-05-04 12:55:00,677 [WARNING] pipeline.cvm:   Empresa 9512 não encontrada em dfc_md 2023
2026-05-04 12:55:00,995 [INFO] pipeline.cvm:   DFP dre 2023: 82 linhas
2026-05-04 12:55:01,592 [INFO] pipeline.cvm:   DFP bpa 2023: 132 linhas
2026-05-04 12:55:02,803 [INFO] pipeline.cvm:   DFP bpp 2023: 222 linhas
2026-05-04 12:55:03,380 [INFO] pipeline.cvm:   DFP dfc_mi 2023: 130 linhas
2026-05-04 12:55:03,425 [WARNING] pipeline.cvm:   Empresa 9512 não encontrada em dfc_md 2023
2026-05-04 12:55:03,672 [INFO] pipeline.cvm:   DFP dre 2024: 86 linhas
2026-05-04 12:55:04,087 [INFO] pipeline.cvm:   DFP bpa 2024: 130 linhas
2026-05-04 12:55:04,831 [INFO] pipeline.cvm:   DFP bpp 2024: 220 linhas
2026-05-04 12:55:05,230 [INFO] pipeline.cvm:   DFP dfc_mi 2024: 130 linhas
2026-05-04 12:55:05,259 [WARNING] pipeline.cvm:   Empresa 9512 não encontrada em dfc_md 2024
2026-05-04 12:55:05,584 [INFO] pipeline.cvm:   DFP dre 2024: 82 linhas
2026-05-04 12:55:06,215 [INFO] pipeline.cvm:   DFP bpa 2024: 132 linhas
2026-05-04 12:55:07,365 [INFO] pipeline.cvm:   DFP bpp 2024: 222 linhas
2026-05-04 12:55:07,916 [INFO] pipeline.cvm:   DFP dfc_mi 2024: 130 linhas
2026-05-04 12:55:07,956 [WARNING] pipeline.cvm:   Empresa 9512 não encontrada em dfc_md 2024
2026-05-04 12:55:08,176 [INFO] pipeline.cvm:   DFP dre 2025: 86 linhas
2026-05-04 12:55:08,563 [INFO] pipeline.cvm:   DFP bpa 2025: 136 linhas
2026-05-04 12:55:09,302 [INFO] pipeline.cvm:   DFP bpp 2025: 220 linhas
2026-05-04 12:55:09,678 [INFO] pipeline.cvm:   DFP dfc_mi 2025: 130 linhas
2026-05-04 12:55:09,704 [WARNING] pipeline.cvm:   Empresa 9512 não encontrada em dfc_md 2025
2026-05-04 12:55:10,010 [INFO] pipeline.cvm:   DFP dre 2025: 82 linhas
2026-05-04 12:55:10,584 [INFO] pipeline.cvm:   DFP bpa 2025: 136 linhas
2026-05-04 12:55:11,576 [INFO] pipeline.cvm:   DFP bpp 2025: 222 linhas
2026-05-04 12:55:12,086 [INFO] pipeline.cvm:   DFP dfc_mi 2025: 130 linhas
2026-05-04 12:55:12,121 [WARNING] pipeline.cvm:   Empresa 9512 não encontrada em dfc_md 2025
2026-05-04 12:55:15,007 [INFO] pipeline:   PETR4: score=95/100 | critical=0 | warnings=1
2026-05-04 12:55:15,008 [INFO] pipeline:   Relatorio: C:\Users\55819\OneDrive - EPEJUD\DIEGO\OBSIDIAN\Analista de Investimentos\12_PYTHON\pipeline banco completo\outputs\data_quality\audit_PETR4_20260504.md
2026-05-04 12:55:15,009 [INFO] pipeline: 
Auditorando PRIO3...
2026-05-04 12:55:15,245 [INFO] pipeline.cvm:   DFP dre 2020: 82 linhas
2026-05-04 12:55:15,633 [INFO] pipeline.cvm:   DFP bpa 2020: 130 linhas
2026-05-04 12:55:16,324 [INFO] pipeline.cvm:   DFP bpp 2020: 230 linhas
2026-05-04 12:55:16,772 [INFO] pipeline.cvm:   DFP dfc_mi 2020: 126 linhas
2026-05-04 12:55:16,793 [WARNING] pipeline.cvm:   Empresa 22187 não encontrada em dfc_md 2020
2026-05-04 12:55:17,142 [INFO] pipeline.cvm:   DFP dre 2020: 68 linhas
2026-05-04 12:55:17,842 [INFO] pipeline.cvm:   DFP bpa 2020: 122 linhas
2026-05-04 12:55:19,206 [INFO] pipeline.cvm:   DFP bpp 2020: 224 linhas
2026-05-04 12:55:19,711 [INFO] pipeline.cvm:   DFP dfc_mi 2020: 90 linhas
2026-05-04 12:55:19,743 [WARNING] pipeline.cvm:   Empresa 22187 não encontrada em dfc_md 2020
2026-05-04 12:55:19,981 [INFO] pipeline.cvm:   DFP dre 2021: 82 linhas
2026-05-04 12:55:20,444 [INFO] pipeline.cvm:   DFP bpa 2021: 130 linhas
2026-05-04 12:55:21,215 [INFO] pipeline.cvm:   DFP bpp 2021: 234 linhas
2026-05-04 12:55:21,588 [INFO] pipeline.cvm:   DFP dfc_mi 2021: 126 linhas
2026-05-04 12:55:21,616 [WARNING] pipeline.cvm:   Empresa 22187 não encontrada em dfc_md 2021
2026-05-04 12:55:21,972 [INFO] pipeline.cvm:   DFP dre 2021: 68 linhas
2026-05-04 12:55:22,698 [INFO] pipeline.cvm:   DFP bpa 2021: 122 linhas
2026-05-04 12:55:23,844 [INFO] pipeline.cvm:   DFP bpp 2021: 226 linhas
2026-05-04 12:55:24,375 [INFO] pipeline.cvm:   DFP dfc_mi 2021: 90 linhas
2026-05-04 12:55:24,411 [WARNING] pipeline.cvm:   Empresa 22187 não encontrada em dfc_md 2021
2026-05-04 12:55:24,660 [INFO] pipeline.cvm:   DFP dre 2022: 82 linhas
2026-05-04 12:55:25,101 [INFO] pipeline.cvm:   DFP bpa 2022: 130 linhas
2026-05-04 12:55:25,850 [INFO] pipeline.cvm:   DFP bpp 2022: 234 linhas
2026-05-04 12:55:26,244 [INFO] pipeline.cvm:   DFP dfc_mi 2022: 128 linhas
2026-05-04 12:55:26,278 [WARNING] pipeline.cvm:   Empresa 22187 não encontrada em dfc_md 2022
2026-05-04 12:55:26,622 [INFO] pipeline.cvm:   DFP dre 2022: 68 linhas
2026-05-04 12:55:27,267 [INFO] pipeline.cvm:   DFP bpa 2022: 122 linhas
2026-05-04 12:55:28,386 [INFO] pipeline.cvm:   DFP bpp 2022: 226 linhas
2026-05-04 12:55:28,933 [INFO] pipeline.cvm:   DFP dfc_mi 2022: 94 linhas
2026-05-04 12:55:28,975 [WARNING] pipeline.cvm:   Empresa 22187 não encontrada em dfc_md 2022
2026-05-04 12:55:29,232 [INFO] pipeline.cvm:   DFP dre 2023: 82 linhas
2026-05-04 12:55:29,683 [INFO] pipeline.cvm:   DFP bpa 2023: 132 linhas
2026-05-04 12:55:30,432 [INFO] pipeline.cvm:   DFP bpp 2023: 238 linhas
2026-05-04 12:55:30,814 [INFO] pipeline.cvm:   DFP dfc_mi 2023: 134 linhas
2026-05-04 12:55:30,840 [WARNING] pipeline.cvm:   Empresa 22187 não encontrada em dfc_md 2023
2026-05-04 12:55:31,168 [INFO] pipeline.cvm:   DFP dre 2023: 68 linhas
2026-05-04 12:55:31,768 [INFO] pipeline.cvm:   DFP bpa 2023: 122 linhas
2026-05-04 12:55:32,994 [INFO] pipeline.cvm:   DFP bpp 2023: 226 linhas
2026-05-04 12:55:33,729 [INFO] pipeline.cvm:   DFP dfc_mi 2023: 94 linhas
2026-05-04 12:55:33,781 [WARNING] pipeline.cvm:   Empresa 22187 não encontrada em dfc_md 2023
2026-05-04 12:55:34,051 [INFO] pipeline.cvm:   DFP dre 2024: 82 linhas
2026-05-04 12:55:34,496 [INFO] pipeline.cvm:   DFP bpa 2024: 132 linhas
2026-05-04 12:55:35,282 [INFO] pipeline.cvm:   DFP bpp 2024: 238 linhas
2026-05-04 12:55:35,708 [INFO] pipeline.cvm:   DFP dfc_mi 2024: 136 linhas
2026-05-04 12:55:35,745 [WARNING] pipeline.cvm:   Empresa 22187 não encontrada em dfc_md 2024
2026-05-04 12:55:36,080 [INFO] pipeline.cvm:   DFP dre 2024: 68 linhas
2026-05-04 12:55:36,700 [INFO] pipeline.cvm:   DFP bpa 2024: 122 linhas
2026-05-04 12:55:37,874 [INFO] pipeline.cvm:   DFP bpp 2024: 226 linhas
2026-05-04 12:55:38,380 [INFO] pipeline.cvm:   DFP dfc_mi 2024: 94 linhas
2026-05-04 12:55:38,417 [WARNING] pipeline.cvm:   Empresa 22187 não encontrada em dfc_md 2024
2026-05-04 12:55:38,632 [INFO] pipeline.cvm:   DFP dre 2025: 80 linhas
2026-05-04 12:55:38,998 [INFO] pipeline.cvm:   DFP bpa 2025: 134 linhas
2026-05-04 12:55:39,620 [INFO] pipeline.cvm:   DFP bpp 2025: 242 linhas
2026-05-04 12:55:39,983 [INFO] pipeline.cvm:   DFP dfc_mi 2025: 136 linhas
2026-05-04 12:55:40,005 [WARNING] pipeline.cvm:   Empresa 22187 não encontrada em dfc_md 2025
2026-05-04 12:55:40,302 [INFO] pipeline.cvm:   DFP dre 2025: 76 linhas
2026-05-04 12:55:40,861 [INFO] pipeline.cvm:   DFP bpa 2025: 122 linhas
2026-05-04 12:55:41,784 [INFO] pipeline.cvm:   DFP bpp 2025: 232 linhas
2026-05-04 12:55:42,263 [INFO] pipeline.cvm:   DFP dfc_mi 2025: 94 linhas
2026-05-04 12:55:42,293 [WARNING] pipeline.cvm:   Empresa 22187 não encontrada em dfc_md 2025
2026-05-04 12:55:45,099 [INFO] pipeline:   PRIO3: score=95/100 | critical=0 | warnings=1
2026-05-04 12:55:45,100 [INFO] pipeline:   Relatorio: C:\Users\55819\OneDrive - EPEJUD\DIEGO\OBSIDIAN\Analista de Investimentos\12_PYTHON\pipeline banco completo\outputs\data_quality\audit_PRIO3_20260504.md
2026-05-04 12:55:45,100 [INFO] pipeline: 
Auditorando RECV3...
2026-05-04 12:55:45,320 [INFO] pipeline.cvm:   DFP dre 2020: 70 linhas
2026-05-04 12:55:45,701 [INFO] pipeline.cvm:   DFP bpa 2020: 140 linhas
2026-05-04 12:55:46,357 [INFO] pipeline.cvm:   DFP bpp 2020: 228 linhas
2026-05-04 12:55:46,759 [INFO] pipeline.cvm:   DFP dfc_mi 2020: 106 linhas
2026-05-04 12:55:46,783 [WARNING] pipeline.cvm:   Empresa 25780 não encontrada em dfc_md 2020
2026-05-04 12:55:47,104 [INFO] pipeline.cvm:   DFP dre 2020: 70 linhas
2026-05-04 12:55:47,741 [INFO] pipeline.cvm:   DFP bpa 2020: 142 linhas
2026-05-04 12:55:48,934 [INFO] pipeline.cvm:   DFP bpp 2020: 232 linhas
2026-05-04 12:55:49,408 [INFO] pipeline.cvm:   DFP dfc_mi 2020: 106 linhas
2026-05-04 12:55:49,439 [WARNING] pipeline.cvm:   Empresa 25780 não encontrada em dfc_md 2020
2026-05-04 12:55:49,675 [INFO] pipeline.cvm:   DFP dre 2021: 72 linhas
2026-05-04 12:55:50,071 [INFO] pipeline.cvm:   DFP bpa 2021: 140 linhas
2026-05-04 12:55:50,802 [INFO] pipeline.cvm:   DFP bpp 2021: 236 linhas
2026-05-04 12:55:51,182 [INFO] pipeline.cvm:   DFP dfc_mi 2021: 122 linhas
2026-05-04 12:55:51,204 [WARNING] pipeline.cvm:   Empresa 25780 não encontrada em dfc_md 2021
2026-05-04 12:55:51,553 [INFO] pipeline.cvm:   DFP dre 2021: 70 linhas
2026-05-04 12:55:52,183 [INFO] pipeline.cvm:   DFP bpa 2021: 142 linhas
2026-05-04 12:55:53,256 [INFO] pipeline.cvm:   DFP bpp 2021: 234 linhas
2026-05-04 12:55:53,742 [INFO] pipeline.cvm:   DFP dfc_mi 2021: 122 linhas
2026-05-04 12:55:53,778 [WARNING] pipeline.cvm:   Empresa 25780 não encontrada em dfc_md 2021
2026-05-04 12:55:54,013 [INFO] pipeline.cvm:   DFP dre 2022: 72 linhas
2026-05-04 12:55:54,432 [INFO] pipeline.cvm:   DFP bpa 2022: 140 linhas
2026-05-04 12:55:55,141 [INFO] pipeline.cvm:   DFP bpp 2022: 238 linhas
2026-05-04 12:55:55,525 [INFO] pipeline.cvm:   DFP dfc_mi 2022: 124 linhas
2026-05-04 12:55:55,553 [WARNING] pipeline.cvm:   Empresa 25780 não encontrada em dfc_md 2022
2026-05-04 12:55:55,978 [INFO] pipeline.cvm:   DFP dre 2022: 70 linhas
2026-05-04 12:55:56,610 [INFO] pipeline.cvm:   DFP bpa 2022: 142 linhas
2026-05-04 12:55:57,679 [INFO] pipeline.cvm:   DFP bpp 2022: 240 linhas
2026-05-04 12:55:58,198 [INFO] pipeline.cvm:   DFP dfc_mi 2022: 122 linhas
2026-05-04 12:55:58,237 [WARNING] pipeline.cvm:   Empresa 25780 não encontrada em dfc_md 2022
2026-05-04 12:55:58,480 [INFO] pipeline.cvm:   DFP dre 2023: 64 linhas
2026-05-04 12:55:58,902 [INFO] pipeline.cvm:   DFP bpa 2023: 140 linhas
2026-05-04 12:55:59,628 [INFO] pipeline.cvm:   DFP bpp 2023: 242 linhas
2026-05-04 12:56:00,047 [INFO] pipeline.cvm:   DFP dfc_mi 2023: 138 linhas
2026-05-04 12:56:00,076 [WARNING] pipeline.cvm:   Empresa 25780 não encontrada em dfc_md 2023
2026-05-04 12:56:00,417 [INFO] pipeline.cvm:   DFP dre 2023: 70 linhas
2026-05-04 12:56:01,021 [INFO] pipeline.cvm:   DFP bpa 2023: 142 linhas
2026-05-04 12:56:02,034 [INFO] pipeline.cvm:   DFP bpp 2023: 246 linhas
2026-05-04 12:56:02,525 [INFO] pipeline.cvm:   DFP dfc_mi 2023: 132 linhas
2026-05-04 12:56:02,561 [WARNING] pipeline.cvm:   Empresa 25780 não encontrada em dfc_md 2023
2026-05-04 12:56:02,776 [INFO] pipeline.cvm:   DFP dre 2024: 64 linhas
2026-05-04 12:56:03,156 [INFO] pipeline.cvm:   DFP bpa 2024: 140 linhas
2026-05-04 12:56:03,828 [INFO] pipeline.cvm:   DFP bpp 2024: 242 linhas
2026-05-04 12:56:04,213 [INFO] pipeline.cvm:   DFP dfc_mi 2024: 90 linhas
2026-05-04 12:56:04,240 [WARNING] pipeline.cvm:   Empresa 25780 não encontrada em dfc_md 2024
2026-05-04 12:56:04,554 [INFO] pipeline.cvm:   DFP dre 2024: 70 linhas
2026-05-04 12:56:05,147 [INFO] pipeline.cvm:   DFP bpa 2024: 142 linhas
2026-05-04 12:56:06,182 [INFO] pipeline.cvm:   DFP bpp 2024: 246 linhas
2026-05-04 12:56:06,725 [INFO] pipeline.cvm:   DFP dfc_mi 2024: 98 linhas
2026-05-04 12:56:06,755 [WARNING] pipeline.cvm:   Empresa 25780 não encontrada em dfc_md 2024
2026-05-04 12:56:06,970 [INFO] pipeline.cvm:   DFP dre 2025: 64 linhas
2026-05-04 12:56:07,339 [INFO] pipeline.cvm:   DFP bpa 2025: 140 linhas
2026-05-04 12:56:07,965 [INFO] pipeline.cvm:   DFP bpp 2025: 244 linhas
2026-05-04 12:56:08,317 [INFO] pipeline.cvm:   DFP dfc_mi 2025: 92 linhas
2026-05-04 12:56:08,341 [WARNING] pipeline.cvm:   Empresa 25780 não encontrada em dfc_md 2025
2026-05-04 12:56:08,634 [INFO] pipeline.cvm:   DFP dre 2025: 70 linhas
2026-05-04 12:56:09,172 [INFO] pipeline.cvm:   DFP bpa 2025: 142 linhas
2026-05-04 12:56:10,189 [INFO] pipeline.cvm:   DFP bpp 2025: 248 linhas
2026-05-04 12:56:10,700 [INFO] pipeline.cvm:   DFP dfc_mi 2025: 98 linhas
2026-05-04 12:56:10,732 [WARNING] pipeline.cvm:   Empresa 25780 não encontrada em dfc_md 2025
2026-05-04 12:56:13,400 [INFO] pipeline:   RECV3: score=95/100 | critical=0 | warnings=1
2026-05-04 12:56:13,400 [INFO] pipeline:   Relatorio: C:\Users\55819\OneDrive - EPEJUD\DIEGO\OBSIDIAN\Analista de Investimentos\12_PYTHON\pipeline banco completo\outputs\data_quality\audit_RECV3_20260504.md
2026-05-04 12:56:13,401 [INFO] pipeline: 
Auditorando RRRP3...
2026-05-04 12:56:13,625 [INFO] pipeline.cvm:   DFP dre 2020: 72 linhas
2026-05-04 12:56:14,006 [INFO] pipeline.cvm:   DFP bpa 2020: 136 linhas
2026-05-04 12:56:14,679 [INFO] pipeline.cvm:   DFP bpp 2020: 226 linhas
2026-05-04 12:56:15,070 [INFO] pipeline.cvm:   DFP dfc_mi 2020: 124 linhas
2026-05-04 12:56:15,094 [WARNING] pipeline.cvm:   Empresa 25291 não encontrada em dfc_md 2020
2026-05-04 12:56:15,436 [INFO] pipeline.cvm:   DFP dre 2020: 66 linhas
2026-05-04 12:56:16,114 [INFO] pipeline.cvm:   DFP bpa 2020: 134 linhas
2026-05-04 12:56:17,313 [INFO] pipeline.cvm:   DFP bpp 2020: 224 linhas
2026-05-04 12:56:17,790 [INFO] pipeline.cvm:   DFP dfc_mi 2020: 100 linhas
2026-05-04 12:56:17,815 [WARNING] pipeline.cvm:   Empresa 25291 não encontrada em dfc_md 2020
2026-05-04 12:56:18,052 [INFO] pipeline.cvm:   DFP dre 2021: 72 linhas
2026-05-04 12:56:18,449 [INFO] pipeline.cvm:   DFP bpa 2021: 136 linhas
2026-05-04 12:56:19,141 [INFO] pipeline.cvm:   DFP bpp 2021: 234 linhas
2026-05-04 12:56:19,505 [INFO] pipeline.cvm:   DFP dfc_mi 2021: 126 linhas
2026-05-04 12:56:19,533 [WARNING] pipeline.cvm:   Empresa 25291 não encontrada em dfc_md 2021
2026-05-04 12:56:19,871 [INFO] pipeline.cvm:   DFP dre 2021: 66 linhas
2026-05-04 12:56:20,545 [INFO] pipeline.cvm:   DFP bpa 2021: 134 linhas
2026-05-04 12:56:21,728 [INFO] pipeline.cvm:   DFP bpp 2021: 226 linhas
2026-05-04 12:56:22,224 [INFO] pipeline.cvm:   DFP dfc_mi 2021: 104 linhas
2026-05-04 12:56:22,258 [WARNING] pipeline.cvm:   Empresa 25291 não encontrada em dfc_md 2021
2026-05-04 12:56:22,492 [INFO] pipeline.cvm:   DFP dre 2022: 72 linhas
2026-05-04 12:56:22,902 [INFO] pipeline.cvm:   DFP bpa 2022: 138 linhas
2026-05-04 12:56:23,597 [INFO] pipeline.cvm:   DFP bpp 2022: 234 linhas
2026-05-04 12:56:23,973 [INFO] pipeline.cvm:   DFP dfc_mi 2022: 140 linhas
2026-05-04 12:56:24,001 [WARNING] pipeline.cvm:   Empresa 25291 não encontrada em dfc_md 2022
2026-05-04 12:56:24,326 [INFO] pipeline.cvm:   DFP dre 2022: 66 linhas
2026-05-04 12:56:24,940 [INFO] pipeline.cvm:   DFP bpa 2022: 138 linhas
2026-05-04 12:56:26,004 [INFO] pipeline.cvm:   DFP bpp 2022: 226 linhas
2026-05-04 12:56:26,511 [INFO] pipeline.cvm:   DFP dfc_mi 2022: 126 linhas
2026-05-04 12:56:26,550 [WARNING] pipeline.cvm:   Empresa 25291 não encontrada em dfc_md 2022
2026-05-04 12:56:26,790 [INFO] pipeline.cvm:   DFP dre 2023: 72 linhas
2026-05-04 12:56:27,212 [INFO] pipeline.cvm:   DFP bpa 2023: 140 linhas
2026-05-04 12:56:27,925 [INFO] pipeline.cvm:   DFP bpp 2023: 236 linhas
2026-05-04 12:56:28,317 [INFO] pipeline.cvm:   DFP dfc_mi 2023: 140 linhas
2026-05-04 12:56:28,344 [WARNING] pipeline.cvm:   Empresa 25291 não encontrada em dfc_md 2023
2026-05-04 12:56:28,680 [INFO] pipeline.cvm:   DFP dre 2023: 66 linhas
2026-05-04 12:56:29,309 [INFO] pipeline.cvm:   DFP bpa 2023: 140 linhas
2026-05-04 12:56:30,393 [INFO] pipeline.cvm:   DFP bpp 2023: 228 linhas
2026-05-04 12:56:30,905 [INFO] pipeline.cvm:   DFP dfc_mi 2023: 128 linhas
2026-05-04 12:56:30,942 [WARNING] pipeline.cvm:   Empresa 25291 não encontrada em dfc_md 2023
2026-05-04 12:56:31,164 [INFO] pipeline.cvm:   DFP dre 2024: 72 linhas
2026-05-04 12:56:31,550 [INFO] pipeline.cvm:   DFP bpa 2024: 146 linhas
2026-05-04 12:56:32,210 [INFO] pipeline.cvm:   DFP bpp 2024: 238 linhas
2026-05-04 12:56:32,569 [INFO] pipeline.cvm:   DFP dfc_mi 2024: 138 linhas
2026-05-04 12:56:32,596 [WARNING] pipeline.cvm:   Empresa 25291 não encontrada em dfc_md 2024
2026-05-04 12:56:32,893 [INFO] pipeline.cvm:   DFP dre 2024: 66 linhas
2026-05-04 12:56:33,467 [INFO] pipeline.cvm:   DFP bpa 2024: 142 linhas
2026-05-04 12:56:34,538 [INFO] pipeline.cvm:   DFP bpp 2024: 228 linhas
2026-05-04 12:56:35,053 [INFO] pipeline.cvm:   DFP dfc_mi 2024: 128 linhas
2026-05-04 12:56:35,087 [WARNING] pipeline.cvm:   Empresa 25291 não encontrada em dfc_md 2024
2026-05-04 12:56:35,303 [INFO] pipeline.cvm:   DFP dre 2025: 74 linhas
2026-05-04 12:56:35,717 [INFO] pipeline.cvm:   DFP bpa 2025: 148 linhas
2026-05-04 12:56:36,491 [INFO] pipeline.cvm:   DFP bpp 2025: 242 linhas
2026-05-04 12:56:36,878 [INFO] pipeline.cvm:   DFP dfc_mi 2025: 140 linhas
2026-05-04 12:56:36,902 [WARNING] pipeline.cvm:   Empresa 25291 não encontrada em dfc_md 2025
2026-05-04 12:56:37,193 [INFO] pipeline.cvm:   DFP dre 2025: 66 linhas
2026-05-04 12:56:37,748 [INFO] pipeline.cvm:   DFP bpa 2025: 142 linhas
2026-05-04 12:56:38,780 [INFO] pipeline.cvm:   DFP bpp 2025: 240 linhas
2026-05-04 12:56:39,307 [INFO] pipeline.cvm:   DFP dfc_mi 2025: 140 linhas
2026-05-04 12:56:39,337 [WARNING] pipeline.cvm:   Empresa 25291 não encontrada em dfc_md 2025
2026-05-04 12:56:42,104 [INFO] pipeline:   RRRP3: score=95/100 | critical=0 | warnings=1
2026-05-04 12:56:42,105 [INFO] pipeline:   Relatorio: C:\Users\55819\OneDrive - EPEJUD\DIEGO\OBSIDIAN\Analista de Investimentos\12_PYTHON\pipeline banco completo\outputs\data_quality\audit_RRRP3_20260504.md
2026-05-04 12:56:42,105 [INFO] pipeline: 
Auditorando LVTC3...
2026-05-04 12:56:42,329 [INFO] pipeline.cvm:   DFP dre 2020: 64 linhas
2026-05-04 12:56:42,714 [INFO] pipeline.cvm:   DFP bpa 2020: 132 linhas
2026-05-04 12:56:43,388 [INFO] pipeline.cvm:   DFP bpp 2020: 228 linhas
2026-05-04 12:56:43,790 [INFO] pipeline.cvm:   DFP dfc_mi 2020: 104 linhas
2026-05-04 12:56:43,812 [WARNING] pipeline.cvm:   Empresa 25895 não encontrada em dfc_md 2020
2026-05-04 12:56:44,233 [INFO] pipeline.cvm:   DFP dre 2020: 56 linhas
2026-05-04 12:56:44,986 [INFO] pipeline.cvm:   DFP bpa 2020: 136 linhas
2026-05-04 12:56:46,334 [INFO] pipeline.cvm:   DFP bpp 2020: 232 linhas
2026-05-04 12:56:46,820 [INFO] pipeline.cvm:   DFP dfc_mi 2020: 104 linhas
2026-05-04 12:56:46,850 [WARNING] pipeline.cvm:   Empresa 25895 não encontrada em dfc_md 2020
2026-05-04 12:56:47,075 [INFO] pipeline.cvm:   DFP dre 2021: 64 linhas
2026-05-04 12:56:47,470 [INFO] pipeline.cvm:   DFP bpa 2021: 134 linhas
2026-05-04 12:56:48,137 [INFO] pipeline.cvm:   DFP bpp 2021: 228 linhas
2026-05-04 12:56:48,490 [INFO] pipeline.cvm:   DFP dfc_mi 2021: 108 linhas
2026-05-04 12:56:48,511 [WARNING] pipeline.cvm:   Empresa 25895 não encontrada em dfc_md 2021
2026-05-04 12:56:48,842 [INFO] pipeline.cvm:   DFP dre 2021: 56 linhas
2026-05-04 12:56:49,457 [INFO] pipeline.cvm:   DFP bpa 2021: 138 linhas
2026-05-04 12:56:50,533 [INFO] pipeline.cvm:   DFP bpp 2021: 234 linhas
2026-05-04 12:56:51,065 [INFO] pipeline.cvm:   DFP dfc_mi 2021: 108 linhas
2026-05-04 12:56:51,102 [WARNING] pipeline.cvm:   Empresa 25895 não encontrada em dfc_md 2021
2026-05-04 12:56:51,339 [INFO] pipeline.cvm:   DFP dre 2022: 64 linhas
2026-05-04 12:56:51,759 [INFO] pipeline.cvm:   DFP bpa 2022: 134 linhas
2026-05-04 12:56:52,549 [INFO] pipeline.cvm:   DFP bpp 2022: 232 linhas
2026-05-04 12:56:52,941 [INFO] pipeline.cvm:   DFP dfc_mi 2022: 112 linhas
2026-05-04 12:56:52,971 [WARNING] pipeline.cvm:   Empresa 25895 não encontrada em dfc_md 2022
2026-05-04 12:56:53,306 [INFO] pipeline.cvm:   DFP dre 2022: 56 linhas
2026-05-04 12:56:53,913 [INFO] pipeline.cvm:   DFP bpa 2022: 138 linhas
2026-05-04 12:56:54,983 [INFO] pipeline.cvm:   DFP bpp 2022: 238 linhas
2026-05-04 12:56:55,497 [INFO] pipeline.cvm:   DFP dfc_mi 2022: 112 linhas
2026-05-04 12:56:55,538 [WARNING] pipeline.cvm:   Empresa 25895 não encontrada em dfc_md 2022
2026-05-04 12:56:55,791 [INFO] pipeline.cvm:   DFP dre 2023: 64 linhas
2026-05-04 12:56:56,216 [INFO] pipeline.cvm:   DFP bpa 2023: 136 linhas
2026-05-04 12:56:57,007 [INFO] pipeline.cvm:   DFP bpp 2023: 232 linhas
2026-05-04 12:56:57,406 [INFO] pipeline.cvm:   DFP dfc_mi 2023: 116 linhas
2026-05-04 12:56:57,433 [WARNING] pipeline.cvm:   Empresa 25895 não encontrada em dfc_md 2023
2026-05-04 12:56:57,769 [INFO] pipeline.cvm:   DFP dre 2023: 56 linhas
2026-05-04 12:56:58,405 [INFO] pipeline.cvm:   DFP bpa 2023: 140 linhas
2026-05-04 12:56:59,516 [INFO] pipeline.cvm:   DFP bpp 2023: 240 linhas
2026-05-04 12:57:00,052 [INFO] pipeline.cvm:   DFP dfc_mi 2023: 118 linhas
2026-05-04 12:57:00,096 [WARNING] pipeline.cvm:   Empresa 25895 não encontrada em dfc_md 2023
2026-05-04 12:57:00,344 [INFO] pipeline.cvm:   DFP dre 2024: 64 linhas
2026-05-04 12:57:00,727 [INFO] pipeline.cvm:   DFP bpa 2024: 136 linhas
2026-05-04 12:57:01,388 [INFO] pipeline.cvm:   DFP bpp 2024: 232 linhas
2026-05-04 12:57:01,753 [INFO] pipeline.cvm:   DFP dfc_mi 2024: 120 linhas
2026-05-04 12:57:01,778 [WARNING] pipeline.cvm:   Empresa 25895 não encontrada em dfc_md 2024
2026-05-04 12:57:02,091 [INFO] pipeline.cvm:   DFP dre 2024: 56 linhas
2026-05-04 12:57:02,713 [INFO] pipeline.cvm:   DFP bpa 2024: 140 linhas
2026-05-04 12:57:03,763 [INFO] pipeline.cvm:   DFP bpp 2024: 240 linhas
2026-05-04 12:57:04,359 [INFO] pipeline.cvm:   DFP dfc_mi 2024: 124 linhas
2026-05-04 12:57:04,397 [WARNING] pipeline.cvm:   Empresa 25895 não encontrada em dfc_md 2024
2026-05-04 12:57:04,616 [INFO] pipeline.cvm:   DFP dre 2025: 64 linhas
2026-05-04 12:57:05,023 [INFO] pipeline.cvm:   DFP bpa 2025: 138 linhas
2026-05-04 12:57:05,707 [INFO] pipeline.cvm:   DFP bpp 2025: 232 linhas
2026-05-04 12:57:06,101 [INFO] pipeline.cvm:   DFP dfc_mi 2025: 124 linhas
2026-05-04 12:57:06,123 [WARNING] pipeline.cvm:   Empresa 25895 não encontrada em dfc_md 2025
2026-05-04 12:57:06,442 [INFO] pipeline.cvm:   DFP dre 2025: 56 linhas
2026-05-04 12:57:07,028 [INFO] pipeline.cvm:   DFP bpa 2025: 144 linhas
2026-05-04 12:57:08,012 [INFO] pipeline.cvm:   DFP bpp 2025: 240 linhas
2026-05-04 12:57:08,513 [INFO] pipeline.cvm:   DFP dfc_mi 2025: 132 linhas
2026-05-04 12:57:08,547 [WARNING] pipeline.cvm:   Empresa 25895 não encontrada em dfc_md 2025
2026-05-04 12:57:11,464 [INFO] pipeline:   LVTC3: score=95/100 | critical=0 | warnings=1
2026-05-04 12:57:11,464 [INFO] pipeline:   Relatorio: C:\Users\55819\OneDrive - EPEJUD\DIEGO\OBSIDIAN\Analista de Investimentos\12_PYTHON\pipeline banco completo\outputs\data_quality\audit_LVTC3_20260504.md
2026-05-04 12:57:11,491 [INFO] pipeline: 
======================================================================
2026-05-04 12:57:11,491 [INFO] pipeline: RESUMO DA AUDITORIA
2026-05-04 12:57:11,491 [INFO] pipeline: ======================================================================
2026-05-04 12:57:11,492 [INFO] pipeline:   Auditados: 63
2026-05-04 12:57:11,492 [INFO] pipeline:   Erros:     0
2026-05-04 12:57:11,493 [INFO] pipeline:   CSV:       C:\Users\55819\OneDrive - EPEJUD\DIEGO\OBSIDIAN\Analista de Investimentos\12_PYTHON\pipeline banco completo\outputs\data_quality\audit_all_20260504.csv
