2026-05-04 11:15:43,932 [INFO] pipeline: ======================================================================
2026-05-04 11:15:43,933 [INFO] pipeline: AUDITORIA CVM/B3 — 63 ticker(s): BBDC4, BBAS3, ITUB4, SANB11, BPAC11, BRSR6, ABCB4, ELET3, EGIE3, TAEE11, TRPL4, AESB3, ALUP11, CLSC4, ENBR3, WEGE3, TUPY3, TASA4, AERI3, KEPL3, SUZB3, KLBN11, RANI3, RAIL3, JSLG3, SIMH3, SEQL3, TGMA3, EVEN3, MDNE3, PLPL3, MELK3, LAVV3, LREN3, MGLU3, BHIA3, ASAI3, PCAR3, VIVA3, SBFG3, NATU3, CEAB3, AUAU3, AZZA3, AMAR3, AGRO3, SOJA3, SAPR11, SBSP3, VIVT3, BRIT3, FIQE3, FLRY3, RADL3, HYPE3, RENT3, MOVI3, VAMO3, PETR4, PRIO3, RECV3, RRRP3, LVTC3
2026-05-04 11:15:43,934 [INFO] pipeline: ======================================================================
2026-05-04 11:15:43,934 [INFO] pipeline: 
Auditorando BBDC4...
2026-05-04 11:15:44,298 [INFO] pipeline.cvm:   DFP dre 2020: 82 linhas
2026-05-04 11:15:44,889 [INFO] pipeline.cvm:   DFP bpa 2020: 82 linhas
2026-05-04 11:15:45,905 [INFO] pipeline.cvm:   DFP bpp 2020: 96 linhas
2026-05-04 11:15:46,382 [INFO] pipeline.cvm:   DFP dfc_mi 2020: 94 linhas
2026-05-04 11:15:46,412 [WARNING] pipeline.cvm:   Empresa 906 não encontrada em dfc_md 2020
2026-05-04 11:15:46,851 [INFO] pipeline.cvm:   DFP dre 2020: 80 linhas
2026-05-04 11:15:47,632 [INFO] pipeline.cvm:   DFP bpa 2020: 84 linhas
2026-05-04 11:15:48,725 [INFO] pipeline.cvm:   DFP bpp 2020: 90 linhas
2026-05-04 11:15:49,231 [INFO] pipeline.cvm:   DFP dfc_mi 2020: 86 linhas
2026-05-04 11:15:49,276 [WARNING] pipeline.cvm:   Empresa 906 não encontrada em dfc_md 2020
2026-05-04 11:15:49,505 [INFO] pipeline.cvm:   DFP dre 2021: 82 linhas
2026-05-04 11:15:49,963 [INFO] pipeline.cvm:   DFP bpa 2021: 82 linhas
2026-05-04 11:15:50,713 [INFO] pipeline.cvm:   DFP bpp 2021: 86 linhas
2026-05-04 11:15:51,082 [WARNING] pipeline.cvm:   Empresa 906 não encontrada em dfc_mi 2021
2026-05-04 11:15:51,120 [INFO] pipeline.cvm:   DFP dfc_md 2021: 64 linhas
2026-05-04 11:15:51,468 [INFO] pipeline.cvm:   DFP dre 2021: 80 linhas
2026-05-04 11:15:52,265 [INFO] pipeline.cvm:   DFP bpa 2021: 84 linhas
2026-05-04 11:15:53,487 [INFO] pipeline.cvm:   DFP bpp 2021: 90 linhas
2026-05-04 11:15:54,037 [INFO] pipeline.cvm:   DFP dfc_mi 2021: 88 linhas
2026-05-04 11:15:54,078 [WARNING] pipeline.cvm:   Empresa 906 não encontrada em dfc_md 2021
2026-05-04 11:15:54,343 [INFO] pipeline.cvm:   DFP dre 2022: 82 linhas
2026-05-04 11:15:54,919 [INFO] pipeline.cvm:   DFP bpa 2022: 82 linhas
2026-05-04 11:15:55,774 [INFO] pipeline.cvm:   DFP bpp 2022: 86 linhas
2026-05-04 11:15:56,177 [INFO] pipeline.cvm:   DFP dfc_mi 2022: 96 linhas
2026-05-04 11:15:56,295 [WARNING] pipeline.cvm:   Empresa 906 não encontrada em dfc_md 2022
2026-05-04 11:15:56,647 [INFO] pipeline.cvm:   DFP dre 2022: 82 linhas
2026-05-04 11:15:57,366 [INFO] pipeline.cvm:   DFP bpa 2022: 84 linhas
2026-05-04 11:15:58,517 [INFO] pipeline.cvm:   DFP bpp 2022: 90 linhas
2026-05-04 11:15:59,059 [INFO] pipeline.cvm:   DFP dfc_mi 2022: 88 linhas
2026-05-04 11:15:59,113 [WARNING] pipeline.cvm:   Empresa 906 não encontrada em dfc_md 2022
2026-05-04 11:15:59,356 [INFO] pipeline.cvm:   DFP dre 2023: 82 linhas
2026-05-04 11:15:59,803 [INFO] pipeline.cvm:   DFP bpa 2023: 82 linhas
2026-05-04 11:16:00,625 [INFO] pipeline.cvm:   DFP bpp 2023: 86 linhas
2026-05-04 11:16:01,039 [INFO] pipeline.cvm:   DFP dfc_mi 2023: 96 linhas
2026-05-04 11:16:01,073 [WARNING] pipeline.cvm:   Empresa 906 não encontrada em dfc_md 2023
2026-05-04 11:16:01,410 [INFO] pipeline.cvm:   DFP dre 2023: 82 linhas
2026-05-04 11:16:02,086 [INFO] pipeline.cvm:   DFP bpa 2023: 84 linhas
2026-05-04 11:16:03,205 [INFO] pipeline.cvm:   DFP bpp 2023: 90 linhas
2026-05-04 11:16:03,739 [INFO] pipeline.cvm:   DFP dfc_mi 2023: 88 linhas
2026-05-04 11:16:03,796 [WARNING] pipeline.cvm:   Empresa 906 não encontrada em dfc_md 2023
2026-05-04 11:16:04,081 [INFO] pipeline.cvm:   DFP dre 2024: 82 linhas
2026-05-04 11:16:04,533 [INFO] pipeline.cvm:   DFP bpa 2024: 82 linhas
2026-05-04 11:16:05,337 [INFO] pipeline.cvm:   DFP bpp 2024: 86 linhas
2026-05-04 11:16:05,732 [INFO] pipeline.cvm:   DFP dfc_mi 2024: 96 linhas
2026-05-04 11:16:05,762 [WARNING] pipeline.cvm:   Empresa 906 não encontrada em dfc_md 2024
2026-05-04 11:16:06,077 [INFO] pipeline.cvm:   DFP dre 2024: 82 linhas
2026-05-04 11:16:06,708 [INFO] pipeline.cvm:   DFP bpa 2024: 84 linhas
2026-05-04 11:16:07,791 [INFO] pipeline.cvm:   DFP bpp 2024: 90 linhas
2026-05-04 11:16:08,360 [INFO] pipeline.cvm:   DFP dfc_mi 2024: 88 linhas
2026-05-04 11:16:08,414 [WARNING] pipeline.cvm:   Empresa 906 não encontrada em dfc_md 2024
2026-05-04 11:16:08,652 [INFO] pipeline.cvm:   DFP dre 2025: 82 linhas
2026-05-04 11:16:09,035 [INFO] pipeline.cvm:   DFP bpa 2025: 82 linhas
2026-05-04 11:16:09,740 [INFO] pipeline.cvm:   DFP bpp 2025: 86 linhas
2026-05-04 11:16:10,103 [INFO] pipeline.cvm:   DFP dfc_mi 2025: 96 linhas
2026-05-04 11:16:10,130 [WARNING] pipeline.cvm:   Empresa 906 não encontrada em dfc_md 2025
2026-05-04 11:16:10,482 [INFO] pipeline.cvm:   DFP dre 2025: 80 linhas
2026-05-04 11:16:11,149 [INFO] pipeline.cvm:   DFP bpa 2025: 86 linhas
2026-05-04 11:16:12,759 [INFO] pipeline.cvm:   DFP bpp 2025: 90 linhas
2026-05-04 11:16:13,499 [INFO] pipeline.cvm:   DFP dfc_mi 2025: 90 linhas
2026-05-04 11:16:13,548 [WARNING] pipeline.cvm:   Empresa 906 não encontrada em dfc_md 2025
2026-05-04 11:16:15,840 [INFO] pipeline:   BBDC4: score=100/100 | critical=0 | warnings=0
2026-05-04 11:16:15,840 [INFO] pipeline:   Relatorio: C:\Users\55819\OneDrive - EPEJUD\DIEGO\OBSIDIAN\Analista de Investimentos\12_PYTHON\pipeline banco completo\outputs\data_quality\audit_BBDC4_20260504.md
2026-05-04 11:16:15,840 [INFO] pipeline: 
Auditorando BBAS3...
2026-05-04 11:16:16,066 [INFO] pipeline.cvm:   DFP dre 2020: 74 linhas
2026-05-04 11:16:16,548 [INFO] pipeline.cvm:   DFP bpa 2020: 82 linhas
2026-05-04 11:16:17,403 [INFO] pipeline.cvm:   DFP bpp 2020: 84 linhas
2026-05-04 11:16:17,811 [INFO] pipeline.cvm:   DFP dfc_mi 2020: 106 linhas
2026-05-04 11:16:17,838 [WARNING] pipeline.cvm:   Empresa 1023 não encontrada em dfc_md 2020
2026-05-04 11:16:18,159 [INFO] pipeline.cvm:   DFP dre 2020: 80 linhas
2026-05-04 11:16:18,804 [INFO] pipeline.cvm:   DFP bpa 2020: 84 linhas
2026-05-04 11:16:19,929 [INFO] pipeline.cvm:   DFP bpp 2020: 94 linhas
2026-05-04 11:16:20,416 [INFO] pipeline.cvm:   DFP dfc_mi 2020: 82 linhas
2026-05-04 11:16:20,459 [WARNING] pipeline.cvm:   Empresa 1023 não encontrada em dfc_md 2020
2026-05-04 11:16:20,682 [INFO] pipeline.cvm:   DFP dre 2021: 74 linhas
2026-05-04 11:16:21,090 [INFO] pipeline.cvm:   DFP bpa 2021: 82 linhas
2026-05-04 11:16:21,893 [INFO] pipeline.cvm:   DFP bpp 2021: 84 linhas
2026-05-04 11:16:22,326 [INFO] pipeline.cvm:   DFP dfc_mi 2021: 106 linhas
2026-05-04 11:16:22,363 [WARNING] pipeline.cvm:   Empresa 1023 não encontrada em dfc_md 2021
2026-05-04 11:16:22,730 [INFO] pipeline.cvm:   DFP dre 2021: 82 linhas
2026-05-04 11:16:23,398 [INFO] pipeline.cvm:   DFP bpa 2021: 92 linhas
2026-05-04 11:16:24,515 [INFO] pipeline.cvm:   DFP bpp 2021: 94 linhas
2026-05-04 11:16:25,012 [INFO] pipeline.cvm:   DFP dfc_mi 2021: 80 linhas
2026-05-04 11:16:25,052 [WARNING] pipeline.cvm:   Empresa 1023 não encontrada em dfc_md 2021
2026-05-04 11:16:25,295 [INFO] pipeline.cvm:   DFP dre 2022: 74 linhas
2026-05-04 11:16:25,692 [INFO] pipeline.cvm:   DFP bpa 2022: 82 linhas
2026-05-04 11:16:26,466 [INFO] pipeline.cvm:   DFP bpp 2022: 84 linhas
2026-05-04 11:16:26,868 [INFO] pipeline.cvm:   DFP dfc_mi 2022: 108 linhas
2026-05-04 11:16:26,895 [WARNING] pipeline.cvm:   Empresa 1023 não encontrada em dfc_md 2022
2026-05-04 11:16:27,214 [INFO] pipeline.cvm:   DFP dre 2022: 82 linhas
2026-05-04 11:16:27,838 [INFO] pipeline.cvm:   DFP bpa 2022: 96 linhas
2026-05-04 11:16:28,920 [INFO] pipeline.cvm:   DFP bpp 2022: 94 linhas
2026-05-04 11:16:29,424 [INFO] pipeline.cvm:   DFP dfc_mi 2022: 82 linhas
2026-05-04 11:16:29,473 [WARNING] pipeline.cvm:   Empresa 1023 não encontrada em dfc_md 2022
2026-05-04 11:16:29,697 [INFO] pipeline.cvm:   DFP dre 2023: 74 linhas
2026-05-04 11:16:30,119 [INFO] pipeline.cvm:   DFP bpa 2023: 82 linhas
2026-05-04 11:16:30,849 [INFO] pipeline.cvm:   DFP bpp 2023: 84 linhas
2026-05-04 11:16:31,223 [INFO] pipeline.cvm:   DFP dfc_mi 2023: 108 linhas
2026-05-04 11:16:31,256 [WARNING] pipeline.cvm:   Empresa 1023 não encontrada em dfc_md 2023
2026-05-04 11:16:31,662 [INFO] pipeline.cvm:   DFP dre 2023: 82 linhas
2026-05-04 11:16:32,359 [INFO] pipeline.cvm:   DFP bpa 2023: 96 linhas
2026-05-04 11:16:33,822 [INFO] pipeline.cvm:   DFP bpp 2023: 94 linhas
2026-05-04 11:16:34,622 [INFO] pipeline.cvm:   DFP dfc_mi 2023: 84 linhas
2026-05-04 11:16:34,691 [WARNING] pipeline.cvm:   Empresa 1023 não encontrada em dfc_md 2023
2026-05-04 11:16:35,086 [INFO] pipeline.cvm:   DFP dre 2024: 74 linhas
2026-05-04 11:16:35,644 [INFO] pipeline.cvm:   DFP bpa 2024: 82 linhas
2026-05-04 11:16:36,527 [INFO] pipeline.cvm:   DFP bpp 2024: 82 linhas
2026-05-04 11:16:37,003 [INFO] pipeline.cvm:   DFP dfc_mi 2024: 108 linhas
2026-05-04 11:16:37,032 [WARNING] pipeline.cvm:   Empresa 1023 não encontrada em dfc_md 2024
2026-05-04 11:16:37,349 [INFO] pipeline.cvm:   DFP dre 2024: 82 linhas
2026-05-04 11:16:37,975 [INFO] pipeline.cvm:   DFP bpa 2024: 96 linhas
2026-05-04 11:16:39,066 [INFO] pipeline.cvm:   DFP bpp 2024: 94 linhas
2026-05-04 11:16:39,603 [INFO] pipeline.cvm:   DFP dfc_mi 2024: 84 linhas
2026-05-04 11:16:39,649 [WARNING] pipeline.cvm:   Empresa 1023 não encontrada em dfc_md 2024
2026-05-04 11:16:39,846 [INFO] pipeline.cvm:   DFP dre 2025: 70 linhas
2026-05-04 11:16:40,263 [INFO] pipeline.cvm:   DFP bpa 2025: 82 linhas
2026-05-04 11:16:40,991 [INFO] pipeline.cvm:   DFP bpp 2025: 84 linhas
2026-05-04 11:16:41,361 [INFO] pipeline.cvm:   DFP dfc_mi 2025: 108 linhas
2026-05-04 11:16:41,389 [WARNING] pipeline.cvm:   Empresa 1023 não encontrada em dfc_md 2025
2026-05-04 11:16:41,666 [INFO] pipeline.cvm:   DFP dre 2025: 82 linhas
2026-05-04 11:16:42,198 [INFO] pipeline.cvm:   DFP bpa 2025: 96 linhas
2026-05-04 11:16:43,171 [INFO] pipeline.cvm:   DFP bpp 2025: 94 linhas
2026-05-04 11:16:43,696 [INFO] pipeline.cvm:   DFP dfc_mi 2025: 86 linhas
2026-05-04 11:16:43,735 [WARNING] pipeline.cvm:   Empresa 1023 não encontrada em dfc_md 2025
2026-05-04 11:16:45,271 [INFO] pipeline:   BBAS3: score=82/100 | critical=1 | warnings=0
2026-05-04 11:16:45,271 [INFO] pipeline:   Relatorio: C:\Users\55819\OneDrive - EPEJUD\DIEGO\OBSIDIAN\Analista de Investimentos\12_PYTHON\pipeline banco completo\outputs\data_quality\audit_BBAS3_20260504.md
2026-05-04 11:16:45,271 [INFO] pipeline: 
Auditorando ITUB4...
2026-05-04 11:16:45,566 [INFO] pipeline.cvm:   DFP dre 2020: 84 linhas
2026-05-04 11:16:46,082 [INFO] pipeline.cvm:   DFP bpa 2020: 76 linhas
2026-05-04 11:16:47,234 [INFO] pipeline.cvm:   DFP bpp 2020: 106 linhas
2026-05-04 11:16:47,840 [INFO] pipeline.cvm:   DFP dfc_mi 2020: 132 linhas
2026-05-04 11:16:47,869 [WARNING] pipeline.cvm:   Empresa 19348 não encontrada em dfc_md 2020
2026-05-04 11:16:48,294 [INFO] pipeline.cvm:   DFP dre 2020: 52 linhas
2026-05-04 11:16:49,113 [INFO] pipeline.cvm:   DFP bpa 2020: 98 linhas
2026-05-04 11:16:50,492 [INFO] pipeline.cvm:   DFP bpp 2020: 114 linhas
2026-05-04 11:16:50,978 [INFO] pipeline.cvm:   DFP dfc_mi 2020: 70 linhas
2026-05-04 11:16:51,016 [WARNING] pipeline.cvm:   Empresa 19348 não encontrada em dfc_md 2020
2026-05-04 11:16:51,235 [INFO] pipeline.cvm:   DFP dre 2021: 84 linhas
2026-05-04 11:16:51,636 [INFO] pipeline.cvm:   DFP bpa 2021: 80 linhas
2026-05-04 11:16:52,341 [INFO] pipeline.cvm:   DFP bpp 2021: 106 linhas
2026-05-04 11:16:52,730 [INFO] pipeline.cvm:   DFP dfc_mi 2021: 134 linhas
2026-05-04 11:16:52,761 [WARNING] pipeline.cvm:   Empresa 19348 não encontrada em dfc_md 2021
2026-05-04 11:16:53,090 [INFO] pipeline.cvm:   DFP dre 2021: 58 linhas
2026-05-04 11:16:53,717 [INFO] pipeline.cvm:   DFP bpa 2021: 100 linhas
2026-05-04 11:16:54,856 [INFO] pipeline.cvm:   DFP bpp 2021: 114 linhas
2026-05-04 11:16:55,339 [INFO] pipeline.cvm:   DFP dfc_mi 2021: 70 linhas
2026-05-04 11:16:55,382 [WARNING] pipeline.cvm:   Empresa 19348 não encontrada em dfc_md 2021
2026-05-04 11:16:55,634 [INFO] pipeline.cvm:   DFP dre 2022: 82 linhas
2026-05-04 11:16:56,032 [INFO] pipeline.cvm:   DFP bpa 2022: 80 linhas
2026-05-04 11:16:56,735 [INFO] pipeline.cvm:   DFP bpp 2022: 106 linhas
2026-05-04 11:16:57,124 [INFO] pipeline.cvm:   DFP dfc_mi 2022: 144 linhas
2026-05-04 11:16:57,153 [WARNING] pipeline.cvm:   Empresa 19348 não encontrada em dfc_md 2022
2026-05-04 11:16:57,473 [INFO] pipeline.cvm:   DFP dre 2022: 60 linhas
2026-05-04 11:16:58,089 [INFO] pipeline.cvm:   DFP bpa 2022: 124 linhas
2026-05-04 11:16:59,661 [INFO] pipeline.cvm:   DFP bpp 2022: 126 linhas
2026-05-04 11:17:00,508 [INFO] pipeline.cvm:   DFP dfc_mi 2022: 78 linhas
2026-05-04 11:17:00,591 [WARNING] pipeline.cvm:   Empresa 19348 não encontrada em dfc_md 2022
2026-05-04 11:17:01,042 [INFO] pipeline.cvm:   DFP dre 2023: 82 linhas
2026-05-04 11:17:01,842 [INFO] pipeline.cvm:   DFP bpa 2023: 82 linhas
2026-05-04 11:17:03,584 [INFO] pipeline.cvm:   DFP bpp 2023: 106 linhas
2026-05-04 11:17:04,254 [INFO] pipeline.cvm:   DFP dfc_mi 2023: 146 linhas
2026-05-04 11:17:04,296 [WARNING] pipeline.cvm:   Empresa 19348 não encontrada em dfc_md 2023
2026-05-04 11:17:04,813 [INFO] pipeline.cvm:   DFP dre 2023: 60 linhas
2026-05-04 11:17:05,569 [INFO] pipeline.cvm:   DFP bpa 2023: 126 linhas
2026-05-04 11:17:06,837 [INFO] pipeline.cvm:   DFP bpp 2023: 138 linhas
2026-05-04 11:17:07,430 [INFO] pipeline.cvm:   DFP dfc_mi 2023: 94 linhas
2026-05-04 11:17:07,482 [WARNING] pipeline.cvm:   Empresa 19348 não encontrada em dfc_md 2023
2026-05-04 11:17:07,729 [INFO] pipeline.cvm:   DFP dre 2024: 82 linhas
2026-05-04 11:17:08,192 [INFO] pipeline.cvm:   DFP bpa 2024: 82 linhas
2026-05-04 11:17:09,185 [INFO] pipeline.cvm:   DFP bpp 2024: 106 linhas
2026-05-04 11:17:09,824 [INFO] pipeline.cvm:   DFP dfc_mi 2024: 146 linhas
2026-05-04 11:17:09,872 [WARNING] pipeline.cvm:   Empresa 19348 não encontrada em dfc_md 2024
2026-05-04 11:17:10,365 [INFO] pipeline.cvm:   DFP dre 2024: 60 linhas
2026-05-04 11:17:11,168 [INFO] pipeline.cvm:   DFP bpa 2024: 132 linhas
2026-05-04 11:17:12,430 [INFO] pipeline.cvm:   DFP bpp 2024: 138 linhas
2026-05-04 11:17:13,038 [INFO] pipeline.cvm:   DFP dfc_mi 2024: 94 linhas
2026-05-04 11:17:13,084 [WARNING] pipeline.cvm:   Empresa 19348 não encontrada em dfc_md 2024
2026-05-04 11:17:13,334 [INFO] pipeline.cvm:   DFP dre 2025: 80 linhas
2026-05-04 11:17:13,713 [INFO] pipeline.cvm:   DFP bpa 2025: 82 linhas
2026-05-04 11:17:14,405 [INFO] pipeline.cvm:   DFP bpp 2025: 106 linhas
2026-05-04 11:17:14,809 [INFO] pipeline.cvm:   DFP dfc_mi 2025: 146 linhas
2026-05-04 11:17:14,835 [WARNING] pipeline.cvm:   Empresa 19348 não encontrada em dfc_md 2025
2026-05-04 11:17:15,214 [INFO] pipeline.cvm:   DFP dre 2025: 64 linhas
2026-05-04 11:17:15,877 [INFO] pipeline.cvm:   DFP bpa 2025: 134 linhas
2026-05-04 11:17:17,383 [INFO] pipeline.cvm:   DFP bpp 2025: 142 linhas
2026-05-04 11:17:18,186 [INFO] pipeline.cvm:   DFP dfc_mi 2025: 100 linhas
2026-05-04 11:17:18,262 [WARNING] pipeline.cvm:   Empresa 19348 não encontrada em dfc_md 2025
2026-05-04 11:17:20,570 [INFO] pipeline:   ITUB4: score=82/100 | critical=1 | warnings=0
2026-05-04 11:17:20,570 [INFO] pipeline:   Relatorio: C:\Users\55819\OneDrive - EPEJUD\DIEGO\OBSIDIAN\Analista de Investimentos\12_PYTHON\pipeline banco completo\outputs\data_quality\audit_ITUB4_20260504.md
2026-05-04 11:17:20,571 [INFO] pipeline: 
Auditorando SANB11...
2026-05-04 11:17:20,914 [INFO] pipeline.cvm:   DFP dre 2020: 92 linhas
2026-05-04 11:17:21,671 [INFO] pipeline.cvm:   DFP bpa 2020: 86 linhas
2026-05-04 11:17:23,125 [INFO] pipeline.cvm:   DFP bpp 2020: 76 linhas
2026-05-04 11:17:23,815 [INFO] pipeline.cvm:   DFP dfc_mi 2020: 100 linhas
2026-05-04 11:17:23,855 [WARNING] pipeline.cvm:   Empresa 20532 não encontrada em dfc_md 2020
2026-05-04 11:17:24,433 [INFO] pipeline.cvm:   DFP dre 2020: 88 linhas
2026-05-04 11:17:25,385 [INFO] pipeline.cvm:   DFP bpa 2020: 114 linhas
2026-05-04 11:17:26,634 [INFO] pipeline.cvm:   DFP bpp 2020: 138 linhas
2026-05-04 11:17:27,142 [INFO] pipeline.cvm:   DFP dfc_mi 2020: 92 linhas
2026-05-04 11:17:27,178 [WARNING] pipeline.cvm:   Empresa 20532 não encontrada em dfc_md 2020
2026-05-04 11:17:27,461 [INFO] pipeline.cvm:   DFP dre 2021: 78 linhas
2026-05-04 11:17:27,957 [INFO] pipeline.cvm:   DFP bpa 2021: 82 linhas
2026-05-04 11:17:28,724 [INFO] pipeline.cvm:   DFP bpp 2021: 76 linhas
2026-05-04 11:17:29,187 [INFO] pipeline.cvm:   DFP dfc_mi 2021: 24 linhas
2026-05-04 11:17:29,215 [WARNING] pipeline.cvm:   Empresa 20532 não encontrada em dfc_md 2021
2026-05-04 11:17:29,583 [INFO] pipeline.cvm:   DFP dre 2021: 78 linhas
2026-05-04 11:17:30,461 [INFO] pipeline.cvm:   DFP bpa 2021: 114 linhas
2026-05-04 11:17:31,829 [INFO] pipeline.cvm:   DFP bpp 2021: 118 linhas
2026-05-04 11:17:32,420 [INFO] pipeline.cvm:   DFP dfc_mi 2021: 94 linhas
2026-05-04 11:17:32,462 [WARNING] pipeline.cvm:   Empresa 20532 não encontrada em dfc_md 2021
2026-05-04 11:17:32,697 [INFO] pipeline.cvm:   DFP dre 2022: 80 linhas
2026-05-04 11:17:33,111 [INFO] pipeline.cvm:   DFP bpa 2022: 82 linhas
2026-05-04 11:17:33,927 [INFO] pipeline.cvm:   DFP bpp 2022: 76 linhas
2026-05-04 11:17:34,305 [WARNING] pipeline.cvm:   Empresa 20532 não encontrada em dfc_mi 2022
2026-05-04 11:17:34,337 [INFO] pipeline.cvm:   DFP dfc_md 2022: 20 linhas
2026-05-04 11:17:34,686 [INFO] pipeline.cvm:   DFP dre 2022: 78 linhas
2026-05-04 11:17:35,366 [INFO] pipeline.cvm:   DFP bpa 2022: 100 linhas
2026-05-04 11:17:36,517 [INFO] pipeline.cvm:   DFP bpp 2022: 98 linhas
2026-05-04 11:17:37,121 [INFO] pipeline.cvm:   DFP dfc_mi 2022: 96 linhas
2026-05-04 11:17:37,160 [WARNING] pipeline.cvm:   Empresa 20532 não encontrada em dfc_md 2022
2026-05-04 11:17:37,454 [INFO] pipeline.cvm:   DFP dre 2023: 80 linhas
2026-05-04 11:17:37,970 [INFO] pipeline.cvm:   DFP bpa 2023: 82 linhas
2026-05-04 11:17:38,695 [INFO] pipeline.cvm:   DFP bpp 2023: 76 linhas
2026-05-04 11:17:39,112 [WARNING] pipeline.cvm:   Empresa 20532 não encontrada em dfc_mi 2023
2026-05-04 11:17:39,141 [INFO] pipeline.cvm:   DFP dfc_md 2023: 20 linhas
2026-05-04 11:17:39,500 [INFO] pipeline.cvm:   DFP dre 2023: 78 linhas
2026-05-04 11:17:40,197 [INFO] pipeline.cvm:   DFP bpa 2023: 100 linhas
2026-05-04 11:17:41,381 [INFO] pipeline.cvm:   DFP bpp 2023: 98 linhas
2026-05-04 11:17:41,912 [INFO] pipeline.cvm:   DFP dfc_mi 2023: 96 linhas
2026-05-04 11:17:41,964 [WARNING] pipeline.cvm:   Empresa 20532 não encontrada em dfc_md 2023
2026-05-04 11:17:42,195 [INFO] pipeline.cvm:   DFP dre 2024: 80 linhas
2026-05-04 11:17:42,663 [INFO] pipeline.cvm:   DFP bpa 2024: 82 linhas
2026-05-04 11:17:43,424 [INFO] pipeline.cvm:   DFP bpp 2024: 76 linhas
2026-05-04 11:17:43,872 [WARNING] pipeline.cvm:   Empresa 20532 não encontrada em dfc_mi 2024
2026-05-04 11:17:43,912 [INFO] pipeline.cvm:   DFP dfc_md 2024: 20 linhas
2026-05-04 11:17:44,273 [INFO] pipeline.cvm:   DFP dre 2024: 78 linhas
2026-05-04 11:17:44,930 [INFO] pipeline.cvm:   DFP bpa 2024: 100 linhas
2026-05-04 11:17:46,052 [INFO] pipeline.cvm:   DFP bpp 2024: 98 linhas
2026-05-04 11:17:46,671 [INFO] pipeline.cvm:   DFP dfc_mi 2024: 96 linhas
2026-05-04 11:17:46,714 [WARNING] pipeline.cvm:   Empresa 20532 não encontrada em dfc_md 2024
2026-05-04 11:17:46,942 [INFO] pipeline.cvm:   DFP dre 2025: 80 linhas
2026-05-04 11:17:47,388 [INFO] pipeline.cvm:   DFP bpa 2025: 82 linhas
2026-05-04 11:17:48,104 [INFO] pipeline.cvm:   DFP bpp 2025: 76 linhas
2026-05-04 11:17:48,489 [WARNING] pipeline.cvm:   Empresa 20532 não encontrada em dfc_mi 2025
2026-05-04 11:17:48,525 [INFO] pipeline.cvm:   DFP dfc_md 2025: 20 linhas
2026-05-04 11:17:48,913 [INFO] pipeline.cvm:   DFP dre 2025: 80 linhas
2026-05-04 11:17:49,746 [INFO] pipeline.cvm:   DFP bpa 2025: 102 linhas
2026-05-04 11:17:51,241 [INFO] pipeline.cvm:   DFP bpp 2025: 98 linhas
2026-05-04 11:17:51,767 [INFO] pipeline.cvm:   DFP dfc_mi 2025: 96 linhas
2026-05-04 11:17:51,804 [WARNING] pipeline.cvm:   Empresa 20532 não encontrada em dfc_md 2025
2026-05-04 11:17:53,468 [INFO] pipeline:   SANB11: score=82/100 | critical=1 | warnings=0
2026-05-04 11:17:53,468 [INFO] pipeline:   Relatorio: C:\Users\55819\OneDrive - EPEJUD\DIEGO\OBSIDIAN\Analista de Investimentos\12_PYTHON\pipeline banco completo\outputs\data_quality\audit_SANB11_20260504.md
2026-05-04 11:17:53,468 [INFO] pipeline: 
Auditorando BPAC11...
2026-05-04 11:17:53,753 [INFO] pipeline.cvm:   DFP dre 2020: 62 linhas
2026-05-04 11:17:54,322 [INFO] pipeline.cvm:   DFP bpa 2020: 56 linhas
2026-05-04 11:17:55,345 [INFO] pipeline.cvm:   DFP bpp 2020: 74 linhas
2026-05-04 11:17:55,938 [INFO] pipeline.cvm:   DFP dfc_mi 2020: 76 linhas
2026-05-04 11:17:55,968 [WARNING] pipeline.cvm:   Empresa 22616 não encontrada em dfc_md 2020
2026-05-04 11:17:56,412 [INFO] pipeline.cvm:   DFP dre 2020: 72 linhas
2026-05-04 11:17:57,226 [INFO] pipeline.cvm:   DFP bpa 2020: 166 linhas
2026-05-04 11:17:58,598 [INFO] pipeline.cvm:   DFP bpp 2020: 174 linhas
2026-05-04 11:17:59,060 [INFO] pipeline.cvm:   DFP dfc_mi 2020: 76 linhas
2026-05-04 11:17:59,098 [WARNING] pipeline.cvm:   Empresa 22616 não encontrada em dfc_md 2020
2026-05-04 11:17:59,337 [INFO] pipeline.cvm:   DFP dre 2021: 64 linhas
2026-05-04 11:17:59,723 [INFO] pipeline.cvm:   DFP bpa 2021: 66 linhas
2026-05-04 11:18:00,477 [INFO] pipeline.cvm:   DFP bpp 2021: 88 linhas
2026-05-04 11:18:00,895 [INFO] pipeline.cvm:   DFP dfc_mi 2021: 106 linhas
2026-05-04 11:18:00,921 [WARNING] pipeline.cvm:   Empresa 22616 não encontrada em dfc_md 2021
2026-05-04 11:18:01,240 [INFO] pipeline.cvm:   DFP dre 2021: 72 linhas
2026-05-04 11:18:01,878 [INFO] pipeline.cvm:   DFP bpa 2021: 166 linhas
2026-05-04 11:18:02,969 [INFO] pipeline.cvm:   DFP bpp 2021: 184 linhas
2026-05-04 11:18:03,438 [INFO] pipeline.cvm:   DFP dfc_mi 2021: 76 linhas
2026-05-04 11:18:03,477 [WARNING] pipeline.cvm:   Empresa 22616 não encontrada em dfc_md 2021
2026-05-04 11:18:03,703 [INFO] pipeline.cvm:   DFP dre 2022: 58 linhas
2026-05-04 11:18:04,092 [INFO] pipeline.cvm:   DFP bpa 2022: 62 linhas
2026-05-04 11:18:04,808 [INFO] pipeline.cvm:   DFP bpp 2022: 96 linhas
2026-05-04 11:18:05,164 [INFO] pipeline.cvm:   DFP dfc_mi 2022: 92 linhas
2026-05-04 11:18:05,192 [WARNING] pipeline.cvm:   Empresa 22616 não encontrada em dfc_md 2022
2026-05-04 11:18:05,501 [INFO] pipeline.cvm:   DFP dre 2022: 80 linhas
2026-05-04 11:18:06,125 [INFO] pipeline.cvm:   DFP bpa 2022: 178 linhas
2026-05-04 11:18:07,184 [INFO] pipeline.cvm:   DFP bpp 2022: 192 linhas
2026-05-04 11:18:07,682 [INFO] pipeline.cvm:   DFP dfc_mi 2022: 88 linhas
2026-05-04 11:18:07,728 [WARNING] pipeline.cvm:   Empresa 22616 não encontrada em dfc_md 2022
2026-05-04 11:18:07,960 [INFO] pipeline.cvm:   DFP dre 2023: 58 linhas
2026-05-04 11:18:08,354 [INFO] pipeline.cvm:   DFP bpa 2023: 64 linhas
2026-05-04 11:18:09,119 [INFO] pipeline.cvm:   DFP bpp 2023: 92 linhas
2026-05-04 11:18:09,586 [INFO] pipeline.cvm:   DFP dfc_mi 2023: 88 linhas
2026-05-04 11:18:09,630 [WARNING] pipeline.cvm:   Empresa 22616 não encontrada em dfc_md 2023
2026-05-04 11:18:10,123 [INFO] pipeline.cvm:   DFP dre 2023: 80 linhas
2026-05-04 11:18:11,101 [INFO] pipeline.cvm:   DFP bpa 2023: 178 linhas
2026-05-04 11:18:12,344 [INFO] pipeline.cvm:   DFP bpp 2023: 192 linhas
2026-05-04 11:18:13,042 [INFO] pipeline.cvm:   DFP dfc_mi 2023: 88 linhas
2026-05-04 11:18:13,082 [WARNING] pipeline.cvm:   Empresa 22616 não encontrada em dfc_md 2023
2026-05-04 11:18:13,304 [INFO] pipeline.cvm:   DFP dre 2024: 66 linhas
2026-05-04 11:18:13,699 [INFO] pipeline.cvm:   DFP bpa 2024: 62 linhas
2026-05-04 11:18:14,442 [INFO] pipeline.cvm:   DFP bpp 2024: 94 linhas
2026-05-04 11:18:14,833 [INFO] pipeline.cvm:   DFP dfc_mi 2024: 86 linhas
2026-05-04 11:18:14,861 [WARNING] pipeline.cvm:   Empresa 22616 não encontrada em dfc_md 2024
2026-05-04 11:18:15,177 [INFO] pipeline.cvm:   DFP dre 2024: 80 linhas
2026-05-04 11:18:15,792 [INFO] pipeline.cvm:   DFP bpa 2024: 178 linhas
2026-05-04 11:18:17,067 [INFO] pipeline.cvm:   DFP bpp 2024: 194 linhas
2026-05-04 11:18:17,897 [INFO] pipeline.cvm:   DFP dfc_mi 2024: 88 linhas
2026-05-04 11:18:17,954 [WARNING] pipeline.cvm:   Empresa 22616 não encontrada em dfc_md 2024
2026-05-04 11:18:18,273 [INFO] pipeline.cvm:   DFP dre 2025: 58 linhas
2026-05-04 11:18:18,858 [INFO] pipeline.cvm:   DFP bpa 2025: 62 linhas
2026-05-04 11:18:19,655 [INFO] pipeline.cvm:   DFP bpp 2025: 94 linhas
2026-05-04 11:18:20,139 [INFO] pipeline.cvm:   DFP dfc_mi 2025: 86 linhas
2026-05-04 11:18:20,189 [WARNING] pipeline.cvm:   Empresa 22616 não encontrada em dfc_md 2025
2026-05-04 11:18:20,565 [INFO] pipeline.cvm:   DFP dre 2025: 80 linhas
2026-05-04 11:18:21,096 [INFO] pipeline.cvm:   DFP bpa 2025: 160 linhas
2026-05-04 11:18:22,157 [INFO] pipeline.cvm:   DFP bpp 2025: 148 linhas
2026-05-04 11:18:22,717 [INFO] pipeline.cvm:   DFP dfc_mi 2025: 84 linhas
2026-05-04 11:18:22,748 [WARNING] pipeline.cvm:   Empresa 22616 não encontrada em dfc_md 2025
2026-05-04 11:18:24,455 [INFO] pipeline:   BPAC11: score=82/100 | critical=1 | warnings=0
2026-05-04 11:18:24,455 [INFO] pipeline:   Relatorio: C:\Users\55819\OneDrive - EPEJUD\DIEGO\OBSIDIAN\Analista de Investimentos\12_PYTHON\pipeline banco completo\outputs\data_quality\audit_BPAC11_20260504.md
2026-05-04 11:18:24,455 [INFO] pipeline: 
Auditorando BRSR6...
2026-05-04 11:18:24,776 [WARNING] pipeline.cvm:   Empresa 1120 não encontrada em dre 2020
2026-05-04 11:18:25,274 [WARNING] pipeline.cvm:   Empresa 1120 não encontrada em bpa 2020
2026-05-04 11:18:26,394 [WARNING] pipeline.cvm:   Empresa 1120 não encontrada em bpp 2020
2026-05-04 11:18:26,911 [WARNING] pipeline.cvm:   Empresa 1120 não encontrada em dfc_mi 2020
2026-05-04 11:18:26,941 [WARNING] pipeline.cvm:   Empresa 1120 não encontrada em dfc_md 2020
2026-05-04 11:18:27,392 [INFO] pipeline.cvm:   DFP dre 2020: 124 linhas
2026-05-04 11:18:28,278 [INFO] pipeline.cvm:   DFP bpa 2020: 128 linhas
2026-05-04 11:18:29,781 [INFO] pipeline.cvm:   DFP bpp 2020: 116 linhas
2026-05-04 11:18:30,278 [INFO] pipeline.cvm:   DFP dfc_mi 2020: 126 linhas
2026-05-04 11:18:30,317 [WARNING] pipeline.cvm:   Empresa 1120 não encontrada em dfc_md 2020
2026-05-04 11:18:30,552 [WARNING] pipeline.cvm:   Empresa 1120 não encontrada em dre 2021
2026-05-04 11:18:30,960 [WARNING] pipeline.cvm:   Empresa 1120 não encontrada em bpa 2021
2026-05-04 11:18:31,702 [WARNING] pipeline.cvm:   Empresa 1120 não encontrada em bpp 2021
2026-05-04 11:18:32,073 [WARNING] pipeline.cvm:   Empresa 1120 não encontrada em dfc_mi 2021
2026-05-04 11:18:32,094 [WARNING] pipeline.cvm:   Empresa 1120 não encontrada em dfc_md 2021
2026-05-04 11:18:32,432 [INFO] pipeline.cvm:   DFP dre 2021: 124 linhas
2026-05-04 11:18:33,034 [INFO] pipeline.cvm:   DFP bpa 2021: 128 linhas
2026-05-04 11:18:34,070 [INFO] pipeline.cvm:   DFP bpp 2021: 116 linhas
2026-05-04 11:18:34,544 [INFO] pipeline.cvm:   DFP dfc_mi 2021: 126 linhas
2026-05-04 11:18:34,583 [WARNING] pipeline.cvm:   Empresa 1120 não encontrada em dfc_md 2021
2026-05-04 11:18:34,803 [WARNING] pipeline.cvm:   Empresa 1120 não encontrada em dre 2022
2026-05-04 11:18:35,201 [WARNING] pipeline.cvm:   Empresa 1120 não encontrada em bpa 2022
2026-05-04 11:18:35,873 [WARNING] pipeline.cvm:   Empresa 1120 não encontrada em bpp 2022
2026-05-04 11:18:36,230 [WARNING] pipeline.cvm:   Empresa 1120 não encontrada em dfc_mi 2022
2026-05-04 11:18:36,259 [WARNING] pipeline.cvm:   Empresa 1120 não encontrada em dfc_md 2022
2026-05-04 11:18:36,568 [INFO] pipeline.cvm:   DFP dre 2022: 124 linhas
2026-05-04 11:18:37,148 [INFO] pipeline.cvm:   DFP bpa 2022: 128 linhas
2026-05-04 11:18:38,492 [INFO] pipeline.cvm:   DFP bpp 2022: 116 linhas
2026-05-04 11:18:39,232 [INFO] pipeline.cvm:   DFP dfc_mi 2022: 126 linhas
2026-05-04 11:18:39,293 [WARNING] pipeline.cvm:   Empresa 1120 não encontrada em dfc_md 2022
2026-05-04 11:18:39,644 [WARNING] pipeline.cvm:   Empresa 1120 não encontrada em dre 2023
2026-05-04 11:18:40,121 [WARNING] pipeline.cvm:   Empresa 1120 não encontrada em bpa 2023
2026-05-04 11:18:40,876 [WARNING] pipeline.cvm:   Empresa 1120 não encontrada em bpp 2023
2026-05-04 11:18:41,443 [WARNING] pipeline.cvm:   Empresa 1120 não encontrada em dfc_mi 2023
2026-05-04 11:18:41,475 [WARNING] pipeline.cvm:   Empresa 1120 não encontrada em dfc_md 2023
2026-05-04 11:18:41,830 [INFO] pipeline.cvm:   DFP dre 2023: 124 linhas
2026-05-04 11:18:42,478 [INFO] pipeline.cvm:   DFP bpa 2023: 128 linhas
2026-05-04 11:18:43,642 [INFO] pipeline.cvm:   DFP bpp 2023: 116 linhas
2026-05-04 11:18:44,296 [INFO] pipeline.cvm:   DFP dfc_mi 2023: 126 linhas
2026-05-04 11:18:44,346 [WARNING] pipeline.cvm:   Empresa 1120 não encontrada em dfc_md 2023
2026-05-04 11:18:44,659 [WARNING] pipeline.cvm:   Empresa 1120 não encontrada em dre 2024
2026-05-04 11:18:45,221 [WARNING] pipeline.cvm:   Empresa 1120 não encontrada em bpa 2024
2026-05-04 11:18:46,032 [WARNING] pipeline.cvm:   Empresa 1120 não encontrada em bpp 2024
2026-05-04 11:18:46,538 [WARNING] pipeline.cvm:   Empresa 1120 não encontrada em dfc_mi 2024
2026-05-04 11:18:46,572 [WARNING] pipeline.cvm:   Empresa 1120 não encontrada em dfc_md 2024
2026-05-04 11:18:47,029 [INFO] pipeline.cvm:   DFP dre 2024: 124 linhas
2026-05-04 11:18:47,825 [INFO] pipeline.cvm:   DFP bpa 2024: 128 linhas
2026-05-04 11:18:48,898 [INFO] pipeline.cvm:   DFP bpp 2024: 116 linhas
2026-05-04 11:18:49,422 [INFO] pipeline.cvm:   DFP dfc_mi 2024: 126 linhas
2026-05-04 11:18:49,460 [WARNING] pipeline.cvm:   Empresa 1120 não encontrada em dfc_md 2024
2026-05-04 11:18:49,665 [WARNING] pipeline.cvm:   Empresa 1120 não encontrada em dre 2025
2026-05-04 11:18:50,028 [WARNING] pipeline.cvm:   Empresa 1120 não encontrada em bpa 2025
2026-05-04 11:18:50,696 [WARNING] pipeline.cvm:   Empresa 1120 não encontrada em bpp 2025
2026-05-04 11:18:51,153 [WARNING] pipeline.cvm:   Empresa 1120 não encontrada em dfc_mi 2025
2026-05-04 11:18:51,193 [WARNING] pipeline.cvm:   Empresa 1120 não encontrada em dfc_md 2025
2026-05-04 11:18:51,703 [INFO] pipeline.cvm:   DFP dre 2025: 148 linhas
2026-05-04 11:18:52,589 [INFO] pipeline.cvm:   DFP bpa 2025: 104 linhas
2026-05-04 11:18:53,963 [INFO] pipeline.cvm:   DFP bpp 2025: 120 linhas
2026-05-04 11:18:54,639 [INFO] pipeline.cvm:   DFP dfc_mi 2025: 90 linhas
2026-05-04 11:18:54,670 [WARNING] pipeline.cvm:   Empresa 1120 não encontrada em dfc_md 2025
2026-05-04 11:18:56,766 [INFO] pipeline:   BRSR6: score=95/100 | critical=0 | warnings=1
2026-05-04 11:18:56,767 [INFO] pipeline:   Relatorio: C:\Users\55819\OneDrive - EPEJUD\DIEGO\OBSIDIAN\Analista de Investimentos\12_PYTHON\pipeline banco completo\outputs\data_quality\audit_BRSR6_20260504.md
2026-05-04 11:18:56,767 [INFO] pipeline: 
Auditorando ABCB4...
2026-05-04 11:18:57,123 [INFO] pipeline.cvm:   DFP dre 2020: 68 linhas
2026-05-04 11:18:57,826 [INFO] pipeline.cvm:   DFP bpa 2020: 160 linhas
2026-05-04 11:18:59,057 [INFO] pipeline.cvm:   DFP bpp 2020: 238 linhas
2026-05-04 11:18:59,620 [INFO] pipeline.cvm:   DFP dfc_mi 2020: 146 linhas
2026-05-04 11:18:59,653 [WARNING] pipeline.cvm:   Empresa 14311 não encontrada em dfc_md 2020
2026-05-04 11:19:00,145 [INFO] pipeline.cvm:   DFP dre 2020: 64 linhas
2026-05-04 11:19:01,079 [INFO] pipeline.cvm:   DFP bpa 2020: 144 linhas
2026-05-04 11:19:02,559 [INFO] pipeline.cvm:   DFP bpp 2020: 220 linhas
2026-05-04 11:19:03,117 [INFO] pipeline.cvm:   DFP dfc_mi 2020: 112 linhas
2026-05-04 11:19:03,150 [WARNING] pipeline.cvm:   Empresa 14311 não encontrada em dfc_md 2020
2026-05-04 11:19:03,423 [INFO] pipeline.cvm:   DFP dre 2021: 68 linhas
2026-05-04 11:19:03,894 [INFO] pipeline.cvm:   DFP bpa 2021: 160 linhas
2026-05-04 11:19:04,645 [INFO] pipeline.cvm:   DFP bpp 2021: 238 linhas
2026-05-04 11:19:05,004 [INFO] pipeline.cvm:   DFP dfc_mi 2021: 150 linhas
2026-05-04 11:19:05,028 [WARNING] pipeline.cvm:   Empresa 14311 não encontrada em dfc_md 2021
2026-05-04 11:19:05,373 [INFO] pipeline.cvm:   DFP dre 2021: 64 linhas
2026-05-04 11:19:06,040 [INFO] pipeline.cvm:   DFP bpa 2021: 144 linhas
2026-05-04 11:19:07,354 [INFO] pipeline.cvm:   DFP bpp 2021: 220 linhas
2026-05-04 11:19:07,910 [INFO] pipeline.cvm:   DFP dfc_mi 2021: 124 linhas
2026-05-04 11:19:07,956 [WARNING] pipeline.cvm:   Empresa 14311 não encontrada em dfc_md 2021
2026-05-04 11:19:08,240 [INFO] pipeline.cvm:   DFP dre 2022: 76 linhas
2026-05-04 11:19:08,802 [INFO] pipeline.cvm:   DFP bpa 2022: 158 linhas
2026-05-04 11:19:09,672 [INFO] pipeline.cvm:   DFP bpp 2022: 240 linhas
2026-05-04 11:19:10,245 [INFO] pipeline.cvm:   DFP dfc_mi 2022: 150 linhas
2026-05-04 11:19:10,282 [WARNING] pipeline.cvm:   Empresa 14311 não encontrada em dfc_md 2022
2026-05-04 11:19:10,689 [INFO] pipeline.cvm:   DFP dre 2022: 64 linhas
2026-05-04 11:19:11,682 [INFO] pipeline.cvm:   DFP bpa 2022: 144 linhas
2026-05-04 11:19:13,159 [INFO] pipeline.cvm:   DFP bpp 2022: 220 linhas
2026-05-04 11:19:13,851 [INFO] pipeline.cvm:   DFP dfc_mi 2022: 120 linhas
2026-05-04 11:19:13,913 [WARNING] pipeline.cvm:   Empresa 14311 não encontrada em dfc_md 2022
2026-05-04 11:19:14,229 [INFO] pipeline.cvm:   DFP dre 2023: 76 linhas
2026-05-04 11:19:14,813 [INFO] pipeline.cvm:   DFP bpa 2023: 158 linhas
2026-05-04 11:19:15,760 [INFO] pipeline.cvm:   DFP bpp 2023: 240 linhas
2026-05-04 11:19:16,260 [INFO] pipeline.cvm:   DFP dfc_mi 2023: 154 linhas
2026-05-04 11:19:16,295 [WARNING] pipeline.cvm:   Empresa 14311 não encontrada em dfc_md 2023
2026-05-04 11:19:16,725 [INFO] pipeline.cvm:   DFP dre 2023: 64 linhas
2026-05-04 11:19:17,654 [INFO] pipeline.cvm:   DFP bpa 2023: 144 linhas
2026-05-04 11:19:19,130 [INFO] pipeline.cvm:   DFP bpp 2023: 220 linhas
2026-05-04 11:19:19,784 [INFO] pipeline.cvm:   DFP dfc_mi 2023: 122 linhas
2026-05-04 11:19:19,842 [WARNING] pipeline.cvm:   Empresa 14311 não encontrada em dfc_md 2023
2026-05-04 11:19:20,145 [INFO] pipeline.cvm:   DFP dre 2024: 68 linhas
2026-05-04 11:19:20,685 [INFO] pipeline.cvm:   DFP bpa 2024: 162 linhas
2026-05-04 11:19:21,595 [INFO] pipeline.cvm:   DFP bpp 2024: 250 linhas
2026-05-04 11:19:22,033 [INFO] pipeline.cvm:   DFP dfc_mi 2024: 158 linhas
2026-05-04 11:19:22,061 [WARNING] pipeline.cvm:   Empresa 14311 não encontrada em dfc_md 2024
2026-05-04 11:19:22,390 [INFO] pipeline.cvm:   DFP dre 2024: 64 linhas
2026-05-04 11:19:23,049 [INFO] pipeline.cvm:   DFP bpa 2024: 144 linhas
2026-05-04 11:19:24,511 [INFO] pipeline.cvm:   DFP bpp 2024: 224 linhas
2026-05-04 11:19:25,239 [INFO] pipeline.cvm:   DFP dfc_mi 2024: 126 linhas
2026-05-04 11:19:25,289 [WARNING] pipeline.cvm:   Empresa 14311 não encontrada em dfc_md 2024
2026-05-04 11:19:25,616 [INFO] pipeline.cvm:   DFP dre 2025: 68 linhas
2026-05-04 11:19:26,147 [INFO] pipeline.cvm:   DFP bpa 2025: 162 linhas
2026-05-04 11:19:26,909 [INFO] pipeline.cvm:   DFP bpp 2025: 254 linhas
2026-05-04 11:19:27,271 [INFO] pipeline.cvm:   DFP dfc_mi 2025: 160 linhas
2026-05-04 11:19:27,296 [WARNING] pipeline.cvm:   Empresa 14311 não encontrada em dfc_md 2025
2026-05-04 11:19:27,608 [INFO] pipeline.cvm:   DFP dre 2025: 64 linhas
2026-05-04 11:19:28,207 [INFO] pipeline.cvm:   DFP bpa 2025: 144 linhas
2026-05-04 11:19:29,832 [INFO] pipeline.cvm:   DFP bpp 2025: 224 linhas
2026-05-04 11:19:30,663 [INFO] pipeline.cvm:   DFP dfc_mi 2025: 130 linhas
2026-05-04 11:19:30,716 [WARNING] pipeline.cvm:   Empresa 14311 não encontrada em dfc_md 2025
2026-05-04 11:19:32,951 [INFO] pipeline:   ABCB4: score=95/100 | critical=0 | warnings=1
2026-05-04 11:19:32,952 [INFO] pipeline:   Relatorio: C:\Users\55819\OneDrive - EPEJUD\DIEGO\OBSIDIAN\Analista de Investimentos\12_PYTHON\pipeline banco completo\outputs\data_quality\audit_ABCB4_20260504.md
2026-05-04 11:19:32,952 [INFO] pipeline: 
Auditorando ELET3...
2026-05-04 11:19:33,263 [INFO] pipeline.cvm:   DFP dre 2020: 130 linhas
2026-05-04 11:19:33,927 [INFO] pipeline.cvm:   DFP bpa 2020: 174 linhas
2026-05-04 11:19:35,247 [INFO] pipeline.cvm:   DFP bpp 2020: 282 linhas
2026-05-04 11:19:35,937 [INFO] pipeline.cvm:   DFP dfc_mi 2020: 162 linhas
2026-05-04 11:19:35,980 [WARNING] pipeline.cvm:   Empresa 2437 não encontrada em dfc_md 2020
2026-05-04 11:19:36,614 [INFO] pipeline.cvm:   DFP dre 2020: 104 linhas
2026-05-04 11:19:37,741 [INFO] pipeline.cvm:   DFP bpa 2020: 162 linhas
2026-05-04 11:19:39,129 [INFO] pipeline.cvm:   DFP bpp 2020: 264 linhas
2026-05-04 11:19:39,629 [INFO] pipeline.cvm:   DFP dfc_mi 2020: 128 linhas
2026-05-04 11:19:39,673 [WARNING] pipeline.cvm:   Empresa 2437 não encontrada em dfc_md 2020
2026-05-04 11:19:39,920 [INFO] pipeline.cvm:   DFP dre 2021: 142 linhas
2026-05-04 11:19:40,439 [INFO] pipeline.cvm:   DFP bpa 2021: 174 linhas
2026-05-04 11:19:41,616 [INFO] pipeline.cvm:   DFP bpp 2021: 282 linhas
2026-05-04 11:19:42,165 [INFO] pipeline.cvm:   DFP dfc_mi 2021: 164 linhas
2026-05-04 11:19:42,208 [WARNING] pipeline.cvm:   Empresa 2437 não encontrada em dfc_md 2021
2026-05-04 11:19:42,745 [INFO] pipeline.cvm:   DFP dre 2021: 106 linhas
2026-05-04 11:19:43,667 [INFO] pipeline.cvm:   DFP bpa 2021: 166 linhas
2026-05-04 11:19:45,521 [INFO] pipeline.cvm:   DFP bpp 2021: 264 linhas
2026-05-04 11:19:46,076 [INFO] pipeline.cvm:   DFP dfc_mi 2021: 128 linhas
2026-05-04 11:19:46,144 [WARNING] pipeline.cvm:   Empresa 2437 não encontrada em dfc_md 2021
2026-05-04 11:19:46,392 [INFO] pipeline.cvm:   DFP dre 2022: 148 linhas
2026-05-04 11:19:46,797 [INFO] pipeline.cvm:   DFP bpa 2022: 178 linhas
2026-05-04 11:19:47,751 [INFO] pipeline.cvm:   DFP bpp 2022: 286 linhas
2026-05-04 11:19:48,241 [INFO] pipeline.cvm:   DFP dfc_mi 2022: 164 linhas
2026-05-04 11:19:48,275 [WARNING] pipeline.cvm:   Empresa 2437 não encontrada em dfc_md 2022
2026-05-04 11:19:48,627 [INFO] pipeline.cvm:   DFP dre 2022: 108 linhas
2026-05-04 11:19:49,238 [INFO] pipeline.cvm:   DFP bpa 2022: 168 linhas
2026-05-04 11:19:50,322 [INFO] pipeline.cvm:   DFP bpp 2022: 264 linhas
2026-05-04 11:19:50,832 [INFO] pipeline.cvm:   DFP dfc_mi 2022: 130 linhas
2026-05-04 11:19:50,877 [WARNING] pipeline.cvm:   Empresa 2437 não encontrada em dfc_md 2022
2026-05-04 11:19:51,107 [INFO] pipeline.cvm:   DFP dre 2023: 106 linhas
2026-05-04 11:19:51,515 [INFO] pipeline.cvm:   DFP bpa 2023: 178 linhas
2026-05-04 11:19:52,241 [INFO] pipeline.cvm:   DFP bpp 2023: 266 linhas
2026-05-04 11:19:52,635 [INFO] pipeline.cvm:   DFP dfc_mi 2023: 122 linhas
2026-05-04 11:19:52,661 [WARNING] pipeline.cvm:   Empresa 2437 não encontrada em dfc_md 2023
2026-05-04 11:19:52,994 [INFO] pipeline.cvm:   DFP dre 2023: 110 linhas
2026-05-04 11:19:53,638 [INFO] pipeline.cvm:   DFP bpa 2023: 168 linhas
2026-05-04 11:19:55,023 [INFO] pipeline.cvm:   DFP bpp 2023: 248 linhas
2026-05-04 11:19:55,581 [INFO] pipeline.cvm:   DFP dfc_mi 2023: 104 linhas
2026-05-04 11:19:55,624 [WARNING] pipeline.cvm:   Empresa 2437 não encontrada em dfc_md 2023
2026-05-04 11:19:55,860 [INFO] pipeline.cvm:   DFP dre 2024: 136 linhas
2026-05-04 11:19:56,287 [INFO] pipeline.cvm:   DFP bpa 2024: 176 linhas
2026-05-04 11:19:57,003 [INFO] pipeline.cvm:   DFP bpp 2024: 274 linhas
2026-05-04 11:19:57,450 [INFO] pipeline.cvm:   DFP dfc_mi 2024: 122 linhas
2026-05-04 11:19:57,476 [WARNING] pipeline.cvm:   Empresa 2437 não encontrada em dfc_md 2024
2026-05-04 11:19:57,796 [INFO] pipeline.cvm:   DFP dre 2024: 132 linhas
2026-05-04 11:19:58,394 [INFO] pipeline.cvm:   DFP bpa 2024: 168 linhas
2026-05-04 11:19:59,462 [INFO] pipeline.cvm:   DFP bpp 2024: 266 linhas
2026-05-04 11:20:00,008 [INFO] pipeline.cvm:   DFP dfc_mi 2024: 126 linhas
2026-05-04 11:20:00,062 [WARNING] pipeline.cvm:   Empresa 2437 não encontrada em dfc_md 2024
2026-05-04 11:20:00,271 [INFO] pipeline.cvm:   DFP dre 2025: 76 linhas
2026-05-04 11:20:00,640 [INFO] pipeline.cvm:   DFP bpa 2025: 164 linhas
2026-05-04 11:20:01,356 [INFO] pipeline.cvm:   DFP bpp 2025: 278 linhas
2026-05-04 11:20:01,756 [INFO] pipeline.cvm:   DFP dfc_mi 2025: 126 linhas
2026-05-04 11:20:01,779 [WARNING] pipeline.cvm:   Empresa 2437 não encontrada em dfc_md 2025
2026-05-04 11:20:02,082 [INFO] pipeline.cvm:   DFP dre 2025: 72 linhas
2026-05-04 11:20:02,628 [INFO] pipeline.cvm:   DFP bpa 2025: 170 linhas
2026-05-04 11:20:03,641 [INFO] pipeline.cvm:   DFP bpp 2025: 270 linhas
2026-05-04 11:20:04,111 [INFO] pipeline.cvm:   DFP dfc_mi 2025: 130 linhas
2026-05-04 11:20:04,145 [WARNING] pipeline.cvm:   Empresa 2437 não encontrada em dfc_md 2025
2026-05-04 11:20:11,404 [INFO] pipeline:   ELET3: score=72/100 | critical=1 | warnings=2
2026-05-04 11:20:11,404 [INFO] pipeline:   Relatorio: C:\Users\55819\OneDrive - EPEJUD\DIEGO\OBSIDIAN\Analista de Investimentos\12_PYTHON\pipeline banco completo\outputs\data_quality\audit_ELET3_20260504.md
2026-05-04 11:20:11,404 [INFO] pipeline: 
Auditorando EGIE3...
2026-05-04 11:20:11,681 [WARNING] pipeline.cvm:   Empresa 3983 não encontrada em dre 2020
2026-05-04 11:20:12,169 [WARNING] pipeline.cvm:   Empresa 3983 não encontrada em bpa 2020
2026-05-04 11:20:13,318 [WARNING] pipeline.cvm:   Empresa 3983 não encontrada em bpp 2020
2026-05-04 11:20:13,827 [WARNING] pipeline.cvm:   Empresa 3983 não encontrada em dfc_mi 2020
2026-05-04 11:20:13,860 [WARNING] pipeline.cvm:   Empresa 3983 não encontrada em dfc_md 2020
2026-05-04 11:20:14,304 [WARNING] pipeline.cvm:   Empresa 3983 não encontrada em dre 2020
2026-05-04 11:20:15,096 [WARNING] pipeline.cvm:   Empresa 3983 não encontrada em bpa 2020
2026-05-04 11:20:16,366 [WARNING] pipeline.cvm:   Empresa 3983 não encontrada em bpp 2020
2026-05-04 11:20:16,813 [WARNING] pipeline.cvm:   Empresa 3983 não encontrada em dfc_mi 2020
2026-05-04 11:20:16,850 [WARNING] pipeline.cvm:   Empresa 3983 não encontrada em dfc_md 2020
2026-05-04 11:20:17,073 [WARNING] pipeline.cvm:   Empresa 3983 não encontrada em dre 2021
2026-05-04 11:20:17,449 [WARNING] pipeline.cvm:   Empresa 3983 não encontrada em bpa 2021
2026-05-04 11:20:18,307 [WARNING] pipeline.cvm:   Empresa 3983 não encontrada em bpp 2021
2026-05-04 11:20:18,755 [WARNING] pipeline.cvm:   Empresa 3983 não encontrada em dfc_mi 2021
2026-05-04 11:20:18,798 [WARNING] pipeline.cvm:   Empresa 3983 não encontrada em dfc_md 2021
2026-05-04 11:20:19,422 [WARNING] pipeline.cvm:   Empresa 3983 não encontrada em dre 2021
2026-05-04 11:20:20,457 [WARNING] pipeline.cvm:   Empresa 3983 não encontrada em bpa 2021
2026-05-04 11:20:21,964 [WARNING] pipeline.cvm:   Empresa 3983 não encontrada em bpp 2021
2026-05-04 11:20:22,560 [WARNING] pipeline.cvm:   Empresa 3983 não encontrada em dfc_mi 2021
2026-05-04 11:20:22,606 [WARNING] pipeline.cvm:   Empresa 3983 não encontrada em dfc_md 2021
2026-05-04 11:20:22,842 [WARNING] pipeline.cvm:   Empresa 3983 não encontrada em dre 2022
2026-05-04 11:20:23,260 [WARNING] pipeline.cvm:   Empresa 3983 não encontrada em bpa 2022
2026-05-04 11:20:24,051 [WARNING] pipeline.cvm:   Empresa 3983 não encontrada em bpp 2022
2026-05-04 11:20:24,427 [WARNING] pipeline.cvm:   Empresa 3983 não encontrada em dfc_mi 2022
2026-05-04 11:20:24,454 [WARNING] pipeline.cvm:   Empresa 3983 não encontrada em dfc_md 2022
2026-05-04 11:20:24,811 [WARNING] pipeline.cvm:   Empresa 3983 não encontrada em dre 2022
2026-05-04 11:20:25,472 [WARNING] pipeline.cvm:   Empresa 3983 não encontrada em bpa 2022
2026-05-04 11:20:26,562 [WARNING] pipeline.cvm:   Empresa 3983 não encontrada em bpp 2022
2026-05-04 11:20:27,119 [WARNING] pipeline.cvm:   Empresa 3983 não encontrada em dfc_mi 2022
2026-05-04 11:20:27,181 [WARNING] pipeline.cvm:   Empresa 3983 não encontrada em dfc_md 2022
2026-05-04 11:20:27,502 [WARNING] pipeline.cvm:   Empresa 3983 não encontrada em dre 2023
2026-05-04 11:20:28,119 [WARNING] pipeline.cvm:   Empresa 3983 não encontrada em bpa 2023
2026-05-04 11:20:29,294 [WARNING] pipeline.cvm:   Empresa 3983 não encontrada em bpp 2023
2026-05-04 11:20:29,830 [WARNING] pipeline.cvm:   Empresa 3983 não encontrada em dfc_mi 2023
2026-05-04 11:20:29,866 [WARNING] pipeline.cvm:   Empresa 3983 não encontrada em dfc_md 2023
2026-05-04 11:20:30,260 [WARNING] pipeline.cvm:   Empresa 3983 não encontrada em dre 2023
2026-05-04 11:20:31,069 [WARNING] pipeline.cvm:   Empresa 3983 não encontrada em bpa 2023
2026-05-04 11:20:32,187 [WARNING] pipeline.cvm:   Empresa 3983 não encontrada em bpp 2023
2026-05-04 11:20:32,718 [WARNING] pipeline.cvm:   Empresa 3983 não encontrada em dfc_mi 2023
2026-05-04 11:20:32,767 [WARNING] pipeline.cvm:   Empresa 3983 não encontrada em dfc_md 2023
2026-05-04 11:20:32,995 [WARNING] pipeline.cvm:   Empresa 3983 não encontrada em dre 2024
2026-05-04 11:20:33,377 [WARNING] pipeline.cvm:   Empresa 3983 não encontrada em bpa 2024
2026-05-04 11:20:34,032 [WARNING] pipeline.cvm:   Empresa 3983 não encontrada em bpp 2024
2026-05-04 11:20:34,430 [WARNING] pipeline.cvm:   Empresa 3983 não encontrada em dfc_mi 2024
2026-05-04 11:20:34,459 [WARNING] pipeline.cvm:   Empresa 3983 não encontrada em dfc_md 2024
2026-05-04 11:20:34,822 [WARNING] pipeline.cvm:   Empresa 3983 não encontrada em dre 2024
2026-05-04 11:20:35,439 [WARNING] pipeline.cvm:   Empresa 3983 não encontrada em bpa 2024
2026-05-04 11:20:36,424 [WARNING] pipeline.cvm:   Empresa 3983 não encontrada em bpp 2024
2026-05-04 11:20:36,933 [WARNING] pipeline.cvm:   Empresa 3983 não encontrada em dfc_mi 2024
2026-05-04 11:20:36,981 [WARNING] pipeline.cvm:   Empresa 3983 não encontrada em dfc_md 2024
2026-05-04 11:20:37,260 [WARNING] pipeline.cvm:   Empresa 3983 não encontrada em dre 2025
2026-05-04 11:20:37,733 [WARNING] pipeline.cvm:   Empresa 3983 não encontrada em bpa 2025
2026-05-04 11:20:38,599 [WARNING] pipeline.cvm:   Empresa 3983 não encontrada em bpp 2025
2026-05-04 11:20:39,067 [WARNING] pipeline.cvm:   Empresa 3983 não encontrada em dfc_mi 2025
2026-05-04 11:20:39,093 [WARNING] pipeline.cvm:   Empresa 3983 não encontrada em dfc_md 2025
2026-05-04 11:20:39,380 [WARNING] pipeline.cvm:   Empresa 3983 não encontrada em dre 2025
2026-05-04 11:20:39,912 [WARNING] pipeline.cvm:   Empresa 3983 não encontrada em bpa 2025
2026-05-04 11:20:40,951 [WARNING] pipeline.cvm:   Empresa 3983 não encontrada em bpp 2025
2026-05-04 11:20:41,405 [WARNING] pipeline.cvm:   Empresa 3983 não encontrada em dfc_mi 2025
2026-05-04 11:20:41,440 [WARNING] pipeline.cvm:   Empresa 3983 não encontrada em dfc_md 2025
2026-05-04 11:20:47,761 [INFO] pipeline:   EGIE3: score=0/100 | critical=9 | warnings=0
2026-05-04 11:20:47,765 [INFO] pipeline:   Relatorio: C:\Users\55819\OneDrive - EPEJUD\DIEGO\OBSIDIAN\Analista de Investimentos\12_PYTHON\pipeline banco completo\outputs\data_quality\audit_EGIE3_20260504.md
2026-05-04 11:20:47,766 [INFO] pipeline: 
Auditorando TAEE11...
2026-05-04 11:20:48,410 [INFO] pipeline.cvm:   DFP dre 2020: 84 linhas
2026-05-04 11:20:49,357 [INFO] pipeline.cvm:   DFP bpa 2020: 142 linhas
2026-05-04 11:20:50,869 [INFO] pipeline.cvm:   DFP bpp 2020: 262 linhas
2026-05-04 11:20:51,763 [INFO] pipeline.cvm:   DFP dfc_mi 2020: 122 linhas
2026-05-04 11:20:51,803 [WARNING] pipeline.cvm:   Empresa 18376 não encontrada em dfc_md 2020
2026-05-04 11:20:52,417 [INFO] pipeline.cvm:   DFP dre 2020: 78 linhas
2026-05-04 11:20:53,445 [INFO] pipeline.cvm:   DFP bpa 2020: 144 linhas
2026-05-04 11:20:54,533 [INFO] pipeline.cvm:   DFP bpp 2020: 260 linhas
2026-05-04 11:20:54,980 [INFO] pipeline.cvm:   DFP dfc_mi 2020: 116 linhas
2026-05-04 11:20:55,014 [WARNING] pipeline.cvm:   Empresa 18376 não encontrada em dfc_md 2020
2026-05-04 11:20:55,231 [INFO] pipeline.cvm:   DFP dre 2021: 84 linhas
2026-05-04 11:20:55,610 [INFO] pipeline.cvm:   DFP bpa 2021: 142 linhas
2026-05-04 11:20:56,313 [INFO] pipeline.cvm:   DFP bpp 2021: 262 linhas
2026-05-04 11:20:56,670 [INFO] pipeline.cvm:   DFP dfc_mi 2021: 122 linhas
2026-05-04 11:20:56,696 [WARNING] pipeline.cvm:   Empresa 18376 não encontrada em dfc_md 2021
2026-05-04 11:20:57,013 [INFO] pipeline.cvm:   DFP dre 2021: 78 linhas
2026-05-04 11:20:57,667 [INFO] pipeline.cvm:   DFP bpa 2021: 144 linhas
2026-05-04 11:20:59,009 [INFO] pipeline.cvm:   DFP bpp 2021: 260 linhas
2026-05-04 11:20:59,574 [INFO] pipeline.cvm:   DFP dfc_mi 2021: 114 linhas
2026-05-04 11:20:59,612 [WARNING] pipeline.cvm:   Empresa 18376 não encontrada em dfc_md 2021
2026-05-04 11:20:59,852 [INFO] pipeline.cvm:   DFP dre 2022: 84 linhas
2026-05-04 11:21:00,276 [INFO] pipeline.cvm:   DFP bpa 2022: 142 linhas
2026-05-04 11:21:01,310 [INFO] pipeline.cvm:   DFP bpp 2022: 262 linhas
2026-05-04 11:21:01,872 [INFO] pipeline.cvm:   DFP dfc_mi 2022: 126 linhas
2026-05-04 11:21:01,913 [WARNING] pipeline.cvm:   Empresa 18376 não encontrada em dfc_md 2022
2026-05-04 11:21:02,344 [INFO] pipeline.cvm:   DFP dre 2022: 78 linhas
2026-05-04 11:21:03,090 [INFO] pipeline.cvm:   DFP bpa 2022: 146 linhas
2026-05-04 11:21:04,347 [INFO] pipeline.cvm:   DFP bpp 2022: 260 linhas
2026-05-04 11:21:04,848 [INFO] pipeline.cvm:   DFP dfc_mi 2022: 116 linhas
2026-05-04 11:21:04,887 [WARNING] pipeline.cvm:   Empresa 18376 não encontrada em dfc_md 2022
2026-05-04 11:21:05,114 [INFO] pipeline.cvm:   DFP dre 2023: 86 linhas
2026-05-04 11:21:05,814 [INFO] pipeline.cvm:   DFP bpa 2023: 142 linhas
2026-05-04 11:21:06,880 [INFO] pipeline.cvm:   DFP bpp 2023: 262 linhas
2026-05-04 11:21:07,437 [INFO] pipeline.cvm:   DFP dfc_mi 2023: 126 linhas
2026-05-04 11:21:07,475 [WARNING] pipeline.cvm:   Empresa 18376 não encontrada em dfc_md 2023
2026-05-04 11:21:07,823 [INFO] pipeline.cvm:   DFP dre 2023: 80 linhas
2026-05-04 11:21:08,565 [INFO] pipeline.cvm:   DFP bpa 2023: 148 linhas
2026-05-04 11:21:09,800 [INFO] pipeline.cvm:   DFP bpp 2023: 260 linhas
2026-05-04 11:21:10,329 [INFO] pipeline.cvm:   DFP dfc_mi 2023: 116 linhas
2026-05-04 11:21:10,374 [WARNING] pipeline.cvm:   Empresa 18376 não encontrada em dfc_md 2023
2026-05-04 11:21:10,591 [INFO] pipeline.cvm:   DFP dre 2024: 86 linhas
2026-05-04 11:21:10,971 [INFO] pipeline.cvm:   DFP bpa 2024: 142 linhas
2026-05-04 11:21:11,761 [INFO] pipeline.cvm:   DFP bpp 2024: 262 linhas
2026-05-04 11:21:12,187 [INFO] pipeline.cvm:   DFP dfc_mi 2024: 128 linhas
2026-05-04 11:21:12,208 [WARNING] pipeline.cvm:   Empresa 18376 não encontrada em dfc_md 2024
2026-05-04 11:21:12,512 [INFO] pipeline.cvm:   DFP dre 2024: 80 linhas
2026-05-04 11:21:13,097 [INFO] pipeline.cvm:   DFP bpa 2024: 148 linhas
2026-05-04 11:21:14,110 [INFO] pipeline.cvm:   DFP bpp 2024: 260 linhas
2026-05-04 11:21:14,613 [INFO] pipeline.cvm:   DFP dfc_mi 2024: 120 linhas
2026-05-04 11:21:14,651 [WARNING] pipeline.cvm:   Empresa 18376 não encontrada em dfc_md 2024
2026-05-04 11:21:14,851 [INFO] pipeline.cvm:   DFP dre 2025: 86 linhas
2026-05-04 11:21:15,206 [INFO] pipeline.cvm:   DFP bpa 2025: 142 linhas
2026-05-04 11:21:15,814 [INFO] pipeline.cvm:   DFP bpp 2025: 262 linhas
2026-05-04 11:21:16,156 [INFO] pipeline.cvm:   DFP dfc_mi 2025: 130 linhas
2026-05-04 11:21:16,182 [WARNING] pipeline.cvm:   Empresa 18376 não encontrada em dfc_md 2025
2026-05-04 11:21:16,452 [INFO] pipeline.cvm:   DFP dre 2025: 80 linhas
2026-05-04 11:21:16,982 [INFO] pipeline.cvm:   DFP bpa 2025: 148 linhas
2026-05-04 11:21:18,011 [INFO] pipeline.cvm:   DFP bpp 2025: 260 linhas
2026-05-04 11:21:18,654 [INFO] pipeline.cvm:   DFP dfc_mi 2025: 120 linhas
2026-05-04 11:21:18,691 [WARNING] pipeline.cvm:   Empresa 18376 não encontrada em dfc_md 2025
2026-05-04 11:21:22,183 [INFO] pipeline:   TAEE11: score=95/100 | critical=0 | warnings=1
2026-05-04 11:21:22,183 [INFO] pipeline:   Relatorio: C:\Users\55819\OneDrive - EPEJUD\DIEGO\OBSIDIAN\Analista de Investimentos\12_PYTHON\pipeline banco completo\outputs\data_quality\audit_TAEE11_20260504.md
2026-05-04 11:21:22,184 [INFO] pipeline: 
Auditorando TRPL4...
2026-05-04 11:21:22,470 [WARNING] pipeline.cvm:   Empresa 18627 não encontrada em dre 2020
2026-05-04 11:21:22,919 [WARNING] pipeline.cvm:   Empresa 18627 não encontrada em bpa 2020
2026-05-04 11:21:23,746 [WARNING] pipeline.cvm:   Empresa 18627 não encontrada em bpp 2020
2026-05-04 11:21:24,163 [WARNING] pipeline.cvm:   Empresa 18627 não encontrada em dfc_mi 2020
2026-05-04 11:21:24,187 [WARNING] pipeline.cvm:   Empresa 18627 não encontrada em dfc_md 2020
2026-05-04 11:21:24,564 [INFO] pipeline.cvm:   DFP dre 2020: 68 linhas
2026-05-04 11:21:25,300 [INFO] pipeline.cvm:   DFP bpa 2020: 144 linhas
2026-05-04 11:21:26,856 [INFO] pipeline.cvm:   DFP bpp 2020: 244 linhas
2026-05-04 11:21:27,626 [INFO] pipeline.cvm:   DFP dfc_mi 2020: 104 linhas
2026-05-04 11:21:27,692 [WARNING] pipeline.cvm:   Empresa 18627 não encontrada em dfc_md 2020
2026-05-04 11:21:28,008 [WARNING] pipeline.cvm:   Empresa 18627 não encontrada em dre 2021
2026-05-04 11:21:28,567 [WARNING] pipeline.cvm:   Empresa 18627 não encontrada em bpa 2021
2026-05-04 11:21:29,463 [WARNING] pipeline.cvm:   Empresa 18627 não encontrada em bpp 2021
2026-05-04 11:21:29,855 [WARNING] pipeline.cvm:   Empresa 18627 não encontrada em dfc_mi 2021
2026-05-04 11:21:29,885 [WARNING] pipeline.cvm:   Empresa 18627 não encontrada em dfc_md 2021
2026-05-04 11:21:30,286 [INFO] pipeline.cvm:   DFP dre 2021: 68 linhas
2026-05-04 11:21:30,963 [INFO] pipeline.cvm:   DFP bpa 2021: 144 linhas
2026-05-04 11:21:32,190 [INFO] pipeline.cvm:   DFP bpp 2021: 244 linhas
2026-05-04 11:21:32,671 [INFO] pipeline.cvm:   DFP dfc_mi 2021: 104 linhas
2026-05-04 11:21:32,714 [WARNING] pipeline.cvm:   Empresa 18627 não encontrada em dfc_md 2021
2026-05-04 11:21:33,001 [WARNING] pipeline.cvm:   Empresa 18627 não encontrada em dre 2022
2026-05-04 11:21:33,414 [WARNING] pipeline.cvm:   Empresa 18627 não encontrada em bpa 2022
2026-05-04 11:21:34,421 [WARNING] pipeline.cvm:   Empresa 18627 não encontrada em bpp 2022
2026-05-04 11:21:35,259 [WARNING] pipeline.cvm:   Empresa 18627 não encontrada em dfc_mi 2022
2026-05-04 11:21:35,319 [WARNING] pipeline.cvm:   Empresa 18627 não encontrada em dfc_md 2022
2026-05-04 11:21:35,956 [INFO] pipeline.cvm:   DFP dre 2022: 68 linhas
2026-05-04 11:21:36,912 [INFO] pipeline.cvm:   DFP bpa 2022: 144 linhas
2026-05-04 11:21:38,319 [INFO] pipeline.cvm:   DFP bpp 2022: 244 linhas
2026-05-04 11:21:38,816 [INFO] pipeline.cvm:   DFP dfc_mi 2022: 104 linhas
2026-05-04 11:21:38,866 [WARNING] pipeline.cvm:   Empresa 18627 não encontrada em dfc_md 2022
2026-05-04 11:21:39,099 [WARNING] pipeline.cvm:   Empresa 18627 não encontrada em dre 2023
2026-05-04 11:21:39,521 [WARNING] pipeline.cvm:   Empresa 18627 não encontrada em bpa 2023
2026-05-04 11:21:40,485 [WARNING] pipeline.cvm:   Empresa 18627 não encontrada em bpp 2023
2026-05-04 11:21:40,995 [WARNING] pipeline.cvm:   Empresa 18627 não encontrada em dfc_mi 2023
2026-05-04 11:21:41,026 [WARNING] pipeline.cvm:   Empresa 18627 não encontrada em dfc_md 2023
2026-05-04 11:21:41,359 [INFO] pipeline.cvm:   DFP dre 2023: 68 linhas
2026-05-04 11:21:42,002 [INFO] pipeline.cvm:   DFP bpa 2023: 144 linhas
2026-05-04 11:21:43,377 [INFO] pipeline.cvm:   DFP bpp 2023: 244 linhas
2026-05-04 11:21:43,893 [INFO] pipeline.cvm:   DFP dfc_mi 2023: 104 linhas
2026-05-04 11:21:43,935 [WARNING] pipeline.cvm:   Empresa 18627 não encontrada em dfc_md 2023
2026-05-04 11:21:44,172 [WARNING] pipeline.cvm:   Empresa 18627 não encontrada em dre 2024
2026-05-04 11:21:44,819 [WARNING] pipeline.cvm:   Empresa 18627 não encontrada em bpa 2024
2026-05-04 11:21:46,043 [WARNING] pipeline.cvm:   Empresa 18627 não encontrada em bpp 2024
2026-05-04 11:21:46,708 [WARNING] pipeline.cvm:   Empresa 18627 não encontrada em dfc_mi 2024
2026-05-04 11:21:46,739 [WARNING] pipeline.cvm:   Empresa 18627 não encontrada em dfc_md 2024
2026-05-04 11:21:47,080 [INFO] pipeline.cvm:   DFP dre 2024: 68 linhas
2026-05-04 11:21:47,889 [INFO] pipeline.cvm:   DFP bpa 2024: 144 linhas
2026-05-04 11:21:49,095 [INFO] pipeline.cvm:   DFP bpp 2024: 248 linhas
2026-05-04 11:21:49,619 [INFO] pipeline.cvm:   DFP dfc_mi 2024: 104 linhas
2026-05-04 11:21:49,654 [WARNING] pipeline.cvm:   Empresa 18627 não encontrada em dfc_md 2024
2026-05-04 11:21:49,866 [WARNING] pipeline.cvm:   Empresa 18627 não encontrada em dre 2025
2026-05-04 11:21:50,224 [WARNING] pipeline.cvm:   Empresa 18627 não encontrada em bpa 2025
2026-05-04 11:21:51,012 [WARNING] pipeline.cvm:   Empresa 18627 não encontrada em bpp 2025
2026-05-04 11:21:51,438 [WARNING] pipeline.cvm:   Empresa 18627 não encontrada em dfc_mi 2025
2026-05-04 11:21:51,465 [WARNING] pipeline.cvm:   Empresa 18627 não encontrada em dfc_md 2025
2026-05-04 11:21:51,749 [INFO] pipeline.cvm:   DFP dre 2025: 80 linhas
2026-05-04 11:21:52,488 [INFO] pipeline.cvm:   DFP bpa 2025: 144 linhas
2026-05-04 11:21:53,781 [INFO] pipeline.cvm:   DFP bpp 2025: 250 linhas
2026-05-04 11:21:54,517 [INFO] pipeline.cvm:   DFP dfc_mi 2025: 104 linhas
2026-05-04 11:21:54,555 [WARNING] pipeline.cvm:   Empresa 18627 não encontrada em dfc_md 2025
2026-05-04 11:22:05,741 [INFO] pipeline:   TRPL4: score=72/100 | critical=1 | warnings=2
2026-05-04 11:22:05,742 [INFO] pipeline:   Relatorio: C:\Users\55819\OneDrive - EPEJUD\DIEGO\OBSIDIAN\Analista de Investimentos\12_PYTHON\pipeline banco completo\outputs\data_quality\audit_TRPL4_20260504.md
2026-05-04 11:22:05,742 [INFO] pipeline: 
Auditorando AESB3...
2026-05-04 11:22:05,743 [INFO] pipeline.cvm: Buscando código CVM para AESB3...
2026-05-04 11:22:06,623 [WARNING] pipeline.cvm: Ticker AESB3 não encontrado no cadastro CVM
2026-05-04 11:22:11,600 [INFO] pipeline:   AESB3: score=23/100 | critical=4 | warnings=1
2026-05-04 11:22:11,611 [INFO] pipeline:   Relatorio: C:\Users\55819\OneDrive - EPEJUD\DIEGO\OBSIDIAN\Analista de Investimentos\12_PYTHON\pipeline banco completo\outputs\data_quality\audit_AESB3_20260504.md
2026-05-04 11:22:11,650 [INFO] pipeline: 
Auditorando ALUP11...
2026-05-04 11:22:12,078 [INFO] pipeline.cvm:   DFP dre 2020: 100 linhas
2026-05-04 11:22:12,804 [INFO] pipeline.cvm:   DFP bpa 2020: 152 linhas
2026-05-04 11:22:13,777 [INFO] pipeline.cvm:   DFP bpp 2020: 256 linhas
2026-05-04 11:22:14,289 [INFO] pipeline.cvm:   DFP dfc_mi 2020: 112 linhas
2026-05-04 11:22:14,317 [WARNING] pipeline.cvm:   Empresa 21490 não encontrada em dfc_md 2020
2026-05-04 11:22:14,753 [INFO] pipeline.cvm:   DFP dre 2020: 80 linhas
2026-05-04 11:22:15,708 [INFO] pipeline.cvm:   DFP bpa 2020: 138 linhas
2026-05-04 11:22:17,111 [INFO] pipeline.cvm:   DFP bpp 2020: 228 linhas
2026-05-04 11:22:17,582 [INFO] pipeline.cvm:   DFP dfc_mi 2020: 106 linhas
2026-05-04 11:22:17,625 [WARNING] pipeline.cvm:   Empresa 21490 não encontrada em dfc_md 2020
2026-05-04 11:22:17,855 [INFO] pipeline.cvm:   DFP dre 2021: 78 linhas
2026-05-04 11:22:18,293 [INFO] pipeline.cvm:   DFP bpa 2021: 152 linhas
2026-05-04 11:22:19,251 [INFO] pipeline.cvm:   DFP bpp 2021: 256 linhas
2026-05-04 11:22:19,726 [INFO] pipeline.cvm:   DFP dfc_mi 2021: 110 linhas
2026-05-04 11:22:19,757 [WARNING] pipeline.cvm:   Empresa 21490 não encontrada em dfc_md 2021
2026-05-04 11:22:20,142 [INFO] pipeline.cvm:   DFP dre 2021: 66 linhas
2026-05-04 11:22:20,796 [INFO] pipeline.cvm:   DFP bpa 2021: 136 linhas
2026-05-04 11:22:22,183 [INFO] pipeline.cvm:   DFP bpp 2021: 226 linhas
2026-05-04 11:22:22,806 [INFO] pipeline.cvm:   DFP dfc_mi 2021: 94 linhas
2026-05-04 11:22:22,850 [WARNING] pipeline.cvm:   Empresa 21490 não encontrada em dfc_md 2021
2026-05-04 11:22:23,081 [INFO] pipeline.cvm:   DFP dre 2022: 78 linhas
2026-05-04 11:22:23,504 [INFO] pipeline.cvm:   DFP bpa 2022: 152 linhas
2026-05-04 11:22:24,263 [INFO] pipeline.cvm:   DFP bpp 2022: 260 linhas
2026-05-04 11:22:24,933 [INFO] pipeline.cvm:   DFP dfc_mi 2022: 112 linhas
2026-05-04 11:22:24,989 [WARNING] pipeline.cvm:   Empresa 21490 não encontrada em dfc_md 2022
2026-05-04 11:22:25,612 [INFO] pipeline.cvm:   DFP dre 2022: 66 linhas
2026-05-04 11:22:26,983 [INFO] pipeline.cvm:   DFP bpa 2022: 136 linhas
2026-05-04 11:22:28,349 [INFO] pipeline.cvm:   DFP bpp 2022: 228 linhas
2026-05-04 11:22:28,891 [INFO] pipeline.cvm:   DFP dfc_mi 2022: 96 linhas
2026-05-04 11:22:28,941 [WARNING] pipeline.cvm:   Empresa 21490 não encontrada em dfc_md 2022
2026-05-04 11:22:29,246 [INFO] pipeline.cvm:   DFP dre 2023: 78 linhas
2026-05-04 11:22:29,662 [INFO] pipeline.cvm:   DFP bpa 2023: 152 linhas
2026-05-04 11:22:30,364 [INFO] pipeline.cvm:   DFP bpp 2023: 266 linhas
2026-05-04 11:22:30,757 [INFO] pipeline.cvm:   DFP dfc_mi 2023: 120 linhas
2026-05-04 11:22:30,780 [WARNING] pipeline.cvm:   Empresa 21490 não encontrada em dfc_md 2023
2026-05-04 11:22:31,165 [INFO] pipeline.cvm:   DFP dre 2023: 66 linhas
2026-05-04 11:22:31,968 [INFO] pipeline.cvm:   DFP bpa 2023: 136 linhas
2026-05-04 11:22:33,308 [INFO] pipeline.cvm:   DFP bpp 2023: 230 linhas
2026-05-04 11:22:33,837 [INFO] pipeline.cvm:   DFP dfc_mi 2023: 96 linhas
2026-05-04 11:22:33,876 [WARNING] pipeline.cvm:   Empresa 21490 não encontrada em dfc_md 2023
2026-05-04 11:22:34,094 [INFO] pipeline.cvm:   DFP dre 2024: 78 linhas
2026-05-04 11:22:34,476 [INFO] pipeline.cvm:   DFP bpa 2024: 154 linhas
2026-05-04 11:22:35,204 [INFO] pipeline.cvm:   DFP bpp 2024: 270 linhas
2026-05-04 11:22:35,604 [INFO] pipeline.cvm:   DFP dfc_mi 2024: 120 linhas
2026-05-04 11:22:35,631 [WARNING] pipeline.cvm:   Empresa 21490 não encontrada em dfc_md 2024
2026-05-04 11:22:35,929 [INFO] pipeline.cvm:   DFP dre 2024: 60 linhas
2026-05-04 11:22:36,499 [INFO] pipeline.cvm:   DFP bpa 2024: 136 linhas
2026-05-04 11:22:37,581 [INFO] pipeline.cvm:   DFP bpp 2024: 232 linhas
2026-05-04 11:22:38,073 [INFO] pipeline.cvm:   DFP dfc_mi 2024: 90 linhas
2026-05-04 11:22:38,105 [WARNING] pipeline.cvm:   Empresa 21490 não encontrada em dfc_md 2024
2026-05-04 11:22:38,308 [INFO] pipeline.cvm:   DFP dre 2025: 78 linhas
2026-05-04 11:22:38,666 [INFO] pipeline.cvm:   DFP bpa 2025: 154 linhas
2026-05-04 11:22:39,371 [INFO] pipeline.cvm:   DFP bpp 2025: 270 linhas
2026-05-04 11:22:39,838 [INFO] pipeline.cvm:   DFP dfc_mi 2025: 120 linhas
2026-05-04 11:22:39,862 [WARNING] pipeline.cvm:   Empresa 21490 não encontrada em dfc_md 2025
2026-05-04 11:22:40,188 [INFO] pipeline.cvm:   DFP dre 2025: 60 linhas
2026-05-04 11:22:40,732 [INFO] pipeline.cvm:   DFP bpa 2025: 138 linhas
2026-05-04 11:22:41,927 [INFO] pipeline.cvm:   DFP bpp 2025: 232 linhas
2026-05-04 11:22:42,628 [INFO] pipeline.cvm:   DFP dfc_mi 2025: 96 linhas
2026-05-04 11:22:42,677 [WARNING] pipeline.cvm:   Empresa 21490 não encontrada em dfc_md 2025
2026-05-04 11:23:01,807 [INFO] pipeline:   ALUP11: score=77/100 | critical=1 | warnings=1
2026-05-04 11:23:01,807 [INFO] pipeline:   Relatorio: C:\Users\55819\OneDrive - EPEJUD\DIEGO\OBSIDIAN\Analista de Investimentos\12_PYTHON\pipeline banco completo\outputs\data_quality\audit_ALUP11_20260504.md
2026-05-04 11:23:01,807 [INFO] pipeline: 
Auditorando CLSC4...
2026-05-04 11:23:02,133 [WARNING] pipeline.cvm:   Empresa 1406 não encontrada em dre 2020
2026-05-04 11:23:02,717 [WARNING] pipeline.cvm:   Empresa 1406 não encontrada em bpa 2020
2026-05-04 11:23:03,775 [WARNING] pipeline.cvm:   Empresa 1406 não encontrada em bpp 2020
2026-05-04 11:23:04,511 [WARNING] pipeline.cvm:   Empresa 1406 não encontrada em dfc_mi 2020
2026-05-04 11:23:04,539 [WARNING] pipeline.cvm:   Empresa 1406 não encontrada em dfc_md 2020
2026-05-04 11:23:04,999 [WARNING] pipeline.cvm:   Empresa 1406 não encontrada em dre 2020
2026-05-04 11:23:06,063 [WARNING] pipeline.cvm:   Empresa 1406 não encontrada em bpa 2020
2026-05-04 11:23:07,498 [WARNING] pipeline.cvm:   Empresa 1406 não encontrada em bpp 2020
2026-05-04 11:23:07,961 [WARNING] pipeline.cvm:   Empresa 1406 não encontrada em dfc_mi 2020
2026-05-04 11:23:08,004 [WARNING] pipeline.cvm:   Empresa 1406 não encontrada em dfc_md 2020
2026-05-04 11:23:08,264 [WARNING] pipeline.cvm:   Empresa 1406 não encontrada em dre 2021
2026-05-04 11:23:08,657 [WARNING] pipeline.cvm:   Empresa 1406 não encontrada em bpa 2021
2026-05-04 11:23:09,361 [WARNING] pipeline.cvm:   Empresa 1406 não encontrada em bpp 2021
2026-05-04 11:23:09,695 [WARNING] pipeline.cvm:   Empresa 1406 não encontrada em dfc_mi 2021
2026-05-04 11:23:09,716 [WARNING] pipeline.cvm:   Empresa 1406 não encontrada em dfc_md 2021
2026-05-04 11:23:10,065 [WARNING] pipeline.cvm:   Empresa 1406 não encontrada em dre 2021
2026-05-04 11:23:10,667 [WARNING] pipeline.cvm:   Empresa 1406 não encontrada em bpa 2021
2026-05-04 11:23:11,753 [WARNING] pipeline.cvm:   Empresa 1406 não encontrada em bpp 2021
2026-05-04 11:23:12,240 [WARNING] pipeline.cvm:   Empresa 1406 não encontrada em dfc_mi 2021
2026-05-04 11:23:12,282 [WARNING] pipeline.cvm:   Empresa 1406 não encontrada em dfc_md 2021
2026-05-04 11:23:12,515 [WARNING] pipeline.cvm:   Empresa 1406 não encontrada em dre 2022
2026-05-04 11:23:12,944 [WARNING] pipeline.cvm:   Empresa 1406 não encontrada em bpa 2022
2026-05-04 11:23:13,811 [WARNING] pipeline.cvm:   Empresa 1406 não encontrada em bpp 2022
2026-05-04 11:23:14,227 [WARNING] pipeline.cvm:   Empresa 1406 não encontrada em dfc_mi 2022
2026-05-04 11:23:14,256 [WARNING] pipeline.cvm:   Empresa 1406 não encontrada em dfc_md 2022
2026-05-04 11:23:14,588 [WARNING] pipeline.cvm:   Empresa 1406 não encontrada em dre 2022
2026-05-04 11:23:15,224 [WARNING] pipeline.cvm:   Empresa 1406 não encontrada em bpa 2022
2026-05-04 11:23:16,423 [WARNING] pipeline.cvm:   Empresa 1406 não encontrada em bpp 2022
2026-05-04 11:23:17,296 [WARNING] pipeline.cvm:   Empresa 1406 não encontrada em dfc_mi 2022
2026-05-04 11:23:17,373 [WARNING] pipeline.cvm:   Empresa 1406 não encontrada em dfc_md 2022
2026-05-04 11:23:17,757 [WARNING] pipeline.cvm:   Empresa 1406 não encontrada em dre 2023
2026-05-04 11:23:18,447 [WARNING] pipeline.cvm:   Empresa 1406 não encontrada em bpa 2023
2026-05-04 11:23:19,580 [WARNING] pipeline.cvm:   Empresa 1406 não encontrada em bpp 2023
2026-05-04 11:23:20,204 [WARNING] pipeline.cvm:   Empresa 1406 não encontrada em dfc_mi 2023
2026-05-04 11:23:20,245 [WARNING] pipeline.cvm:   Empresa 1406 não encontrada em dfc_md 2023
2026-05-04 11:23:20,759 [WARNING] pipeline.cvm:   Empresa 1406 não encontrada em dre 2023
2026-05-04 11:23:21,593 [WARNING] pipeline.cvm:   Empresa 1406 não encontrada em bpa 2023
2026-05-04 11:23:23,165 [WARNING] pipeline.cvm:   Empresa 1406 não encontrada em bpp 2023
2026-05-04 11:23:23,864 [WARNING] pipeline.cvm:   Empresa 1406 não encontrada em dfc_mi 2023
2026-05-04 11:23:23,921 [WARNING] pipeline.cvm:   Empresa 1406 não encontrada em dfc_md 2023
2026-05-04 11:23:24,223 [WARNING] pipeline.cvm:   Empresa 1406 não encontrada em dre 2024
2026-05-04 11:23:24,735 [WARNING] pipeline.cvm:   Empresa 1406 não encontrada em bpa 2024
2026-05-04 11:23:25,563 [WARNING] pipeline.cvm:   Empresa 1406 não encontrada em bpp 2024
2026-05-04 11:23:25,969 [WARNING] pipeline.cvm:   Empresa 1406 não encontrada em dfc_mi 2024
2026-05-04 11:23:26,002 [WARNING] pipeline.cvm:   Empresa 1406 não encontrada em dfc_md 2024
2026-05-04 11:23:26,334 [WARNING] pipeline.cvm:   Empresa 1406 não encontrada em dre 2024
2026-05-04 11:23:26,965 [WARNING] pipeline.cvm:   Empresa 1406 não encontrada em bpa 2024
2026-05-04 11:23:28,153 [WARNING] pipeline.cvm:   Empresa 1406 não encontrada em bpp 2024
2026-05-04 11:23:28,771 [WARNING] pipeline.cvm:   Empresa 1406 não encontrada em dfc_mi 2024
2026-05-04 11:23:28,820 [WARNING] pipeline.cvm:   Empresa 1406 não encontrada em dfc_md 2024
2026-05-04 11:23:29,087 [WARNING] pipeline.cvm:   Empresa 1406 não encontrada em dre 2025
2026-05-04 11:23:29,564 [WARNING] pipeline.cvm:   Empresa 1406 não encontrada em bpa 2025
2026-05-04 11:23:30,369 [WARNING] pipeline.cvm:   Empresa 1406 não encontrada em bpp 2025
2026-05-04 11:23:30,808 [WARNING] pipeline.cvm:   Empresa 1406 não encontrada em dfc_mi 2025
2026-05-04 11:23:30,836 [WARNING] pipeline.cvm:   Empresa 1406 não encontrada em dfc_md 2025
2026-05-04 11:23:31,135 [WARNING] pipeline.cvm:   Empresa 1406 não encontrada em dre 2025
2026-05-04 11:23:31,724 [WARNING] pipeline.cvm:   Empresa 1406 não encontrada em bpa 2025
2026-05-04 11:23:32,709 [WARNING] pipeline.cvm:   Empresa 1406 não encontrada em bpp 2025
2026-05-04 11:23:33,180 [WARNING] pipeline.cvm:   Empresa 1406 não encontrada em dfc_mi 2025
2026-05-04 11:23:33,215 [WARNING] pipeline.cvm:   Empresa 1406 não encontrada em dfc_md 2025
2026-05-04 11:23:36,585 [INFO] pipeline:   CLSC4: score=0/100 | critical=9 | warnings=0
2026-05-04 11:23:36,586 [INFO] pipeline:   Relatorio: C:\Users\55819\OneDrive - EPEJUD\DIEGO\OBSIDIAN\Analista de Investimentos\12_PYTHON\pipeline banco completo\outputs\data_quality\audit_CLSC4_20260504.md
2026-05-04 11:23:36,586 [INFO] pipeline: 
Auditorando ENBR3...
2026-05-04 11:23:36,587 [INFO] pipeline.cvm: Buscando código CVM para ENBR3...
2026-05-04 11:23:37,300 [WARNING] pipeline.cvm: Ticker ENBR3 não encontrado no cadastro CVM
2026-05-04 11:23:41,240 [INFO] pipeline:   ENBR3: score=23/100 | critical=4 | warnings=1
2026-05-04 11:23:41,241 [INFO] pipeline:   Relatorio: C:\Users\55819\OneDrive - EPEJUD\DIEGO\OBSIDIAN\Analista de Investimentos\12_PYTHON\pipeline banco completo\outputs\data_quality\audit_ENBR3_20260504.md
2026-05-04 11:23:41,241 [INFO] pipeline: 
Auditorando WEGE3...
2026-05-04 11:23:41,567 [INFO] pipeline.cvm:   DFP dre 2020: 64 linhas
2026-05-04 11:23:42,111 [INFO] pipeline.cvm:   DFP bpa 2020: 130 linhas
2026-05-04 11:23:42,916 [INFO] pipeline.cvm:   DFP bpp 2020: 238 linhas
2026-05-04 11:23:43,361 [INFO] pipeline.cvm:   DFP dfc_mi 2020: 94 linhas
2026-05-04 11:23:43,389 [WARNING] pipeline.cvm:   Empresa 5410 não encontrada em dfc_md 2020
2026-05-04 11:23:43,766 [INFO] pipeline.cvm:   DFP dre 2020: 60 linhas
2026-05-04 11:23:44,463 [INFO] pipeline.cvm:   DFP bpa 2020: 126 linhas
2026-05-04 11:23:45,800 [INFO] pipeline.cvm:   DFP bpp 2020: 220 linhas
2026-05-04 11:23:46,383 [INFO] pipeline.cvm:   DFP dfc_mi 2020: 60 linhas
2026-05-04 11:23:46,428 [WARNING] pipeline.cvm:   Empresa 5410 não encontrada em dfc_md 2020
2026-05-04 11:23:46,665 [INFO] pipeline.cvm:   DFP dre 2021: 64 linhas
2026-05-04 11:23:47,043 [INFO] pipeline.cvm:   DFP bpa 2021: 130 linhas
2026-05-04 11:23:47,772 [INFO] pipeline.cvm:   DFP bpp 2021: 238 linhas
2026-05-04 11:23:48,237 [INFO] pipeline.cvm:   DFP dfc_mi 2021: 96 linhas
2026-05-04 11:23:48,261 [WARNING] pipeline.cvm:   Empresa 5410 não encontrada em dfc_md 2021
2026-05-04 11:23:48,671 [INFO] pipeline.cvm:   DFP dre 2021: 60 linhas
2026-05-04 11:23:49,502 [INFO] pipeline.cvm:   DFP bpa 2021: 126 linhas
2026-05-04 11:23:50,879 [INFO] pipeline.cvm:   DFP bpp 2021: 220 linhas
2026-05-04 11:23:51,363 [INFO] pipeline.cvm:   DFP dfc_mi 2021: 60 linhas
2026-05-04 11:23:51,407 [WARNING] pipeline.cvm:   Empresa 5410 não encontrada em dfc_md 2021
2026-05-04 11:23:51,649 [INFO] pipeline.cvm:   DFP dre 2022: 68 linhas
2026-05-04 11:23:52,045 [INFO] pipeline.cvm:   DFP bpa 2022: 136 linhas
2026-05-04 11:23:52,803 [INFO] pipeline.cvm:   DFP bpp 2022: 238 linhas
2026-05-04 11:23:53,211 [INFO] pipeline.cvm:   DFP dfc_mi 2022: 98 linhas
2026-05-04 11:23:53,238 [WARNING] pipeline.cvm:   Empresa 5410 não encontrada em dfc_md 2022
2026-05-04 11:23:53,557 [INFO] pipeline.cvm:   DFP dre 2022: 60 linhas
2026-05-04 11:23:54,179 [INFO] pipeline.cvm:   DFP bpa 2022: 128 linhas
2026-05-04 11:23:55,297 [INFO] pipeline.cvm:   DFP bpp 2022: 220 linhas
2026-05-04 11:23:55,910 [INFO] pipeline.cvm:   DFP dfc_mi 2022: 60 linhas
2026-05-04 11:23:55,951 [WARNING] pipeline.cvm:   Empresa 5410 não encontrada em dfc_md 2022
2026-05-04 11:23:56,181 [INFO] pipeline.cvm:   DFP dre 2023: 68 linhas
2026-05-04 11:23:56,661 [INFO] pipeline.cvm:   DFP bpa 2023: 136 linhas
2026-05-04 11:23:57,358 [INFO] pipeline.cvm:   DFP bpp 2023: 236 linhas
2026-05-04 11:23:57,739 [INFO] pipeline.cvm:   DFP dfc_mi 2023: 112 linhas
2026-05-04 11:23:57,767 [WARNING] pipeline.cvm:   Empresa 5410 não encontrada em dfc_md 2023
2026-05-04 11:23:58,091 [INFO] pipeline.cvm:   DFP dre 2023: 60 linhas
2026-05-04 11:23:58,704 [INFO] pipeline.cvm:   DFP bpa 2023: 128 linhas
2026-05-04 11:23:59,771 [INFO] pipeline.cvm:   DFP bpp 2023: 220 linhas
2026-05-04 11:24:00,283 [INFO] pipeline.cvm:   DFP dfc_mi 2023: 78 linhas
2026-05-04 11:24:00,326 [WARNING] pipeline.cvm:   Empresa 5410 não encontrada em dfc_md 2023
2026-05-04 11:24:00,550 [INFO] pipeline.cvm:   DFP dre 2024: 68 linhas
2026-05-04 11:24:00,941 [INFO] pipeline.cvm:   DFP bpa 2024: 136 linhas
2026-05-04 11:24:01,616 [INFO] pipeline.cvm:   DFP bpp 2024: 236 linhas
2026-05-04 11:24:02,022 [INFO] pipeline.cvm:   DFP dfc_mi 2024: 112 linhas
2026-05-04 11:24:02,050 [WARNING] pipeline.cvm:   Empresa 5410 não encontrada em dfc_md 2024
2026-05-04 11:24:02,359 [INFO] pipeline.cvm:   DFP dre 2024: 60 linhas
2026-05-04 11:24:02,937 [INFO] pipeline.cvm:   DFP bpa 2024: 128 linhas
2026-05-04 11:24:04,181 [INFO] pipeline.cvm:   DFP bpp 2024: 220 linhas
2026-05-04 11:24:04,944 [INFO] pipeline.cvm:   DFP dfc_mi 2024: 78 linhas
2026-05-04 11:24:05,007 [WARNING] pipeline.cvm:   Empresa 5410 não encontrada em dfc_md 2024
2026-05-04 11:24:05,325 [INFO] pipeline.cvm:   DFP dre 2025: 68 linhas
2026-05-04 11:24:05,783 [INFO] pipeline.cvm:   DFP bpa 2025: 136 linhas
2026-05-04 11:24:06,573 [INFO] pipeline.cvm:   DFP bpp 2025: 238 linhas
2026-05-04 11:24:07,101 [INFO] pipeline.cvm:   DFP dfc_mi 2025: 112 linhas
2026-05-04 11:24:07,137 [WARNING] pipeline.cvm:   Empresa 5410 não encontrada em dfc_md 2025
2026-05-04 11:24:07,525 [INFO] pipeline.cvm:   DFP dre 2025: 60 linhas
2026-05-04 11:24:08,222 [INFO] pipeline.cvm:   DFP bpa 2025: 128 linhas
2026-05-04 11:24:09,402 [INFO] pipeline.cvm:   DFP bpp 2025: 224 linhas
2026-05-04 11:24:10,077 [INFO] pipeline.cvm:   DFP dfc_mi 2025: 78 linhas
2026-05-04 11:24:10,123 [WARNING] pipeline.cvm:   Empresa 5410 não encontrada em dfc_md 2025
2026-05-04 11:24:14,086 [INFO] pipeline:   WEGE3: score=95/100 | critical=0 | warnings=1
2026-05-04 11:24:14,086 [INFO] pipeline:   Relatorio: C:\Users\55819\OneDrive - EPEJUD\DIEGO\OBSIDIAN\Analista de Investimentos\12_PYTHON\pipeline banco completo\outputs\data_quality\audit_WEGE3_20260504.md
2026-05-04 11:24:14,087 [INFO] pipeline: 
Auditorando TUPY3...
2026-05-04 11:24:14,339 [INFO] pipeline.cvm:   DFP dre 2020: 68 linhas
2026-05-04 11:24:14,716 [INFO] pipeline.cvm:   DFP bpa 2020: 114 linhas
2026-05-04 11:24:15,403 [INFO] pipeline.cvm:   DFP bpp 2020: 220 linhas
2026-05-04 11:24:15,827 [INFO] pipeline.cvm:   DFP dfc_mi 2020: 82 linhas
2026-05-04 11:24:15,849 [WARNING] pipeline.cvm:   Empresa 8451 não encontrada em dfc_md 2020
2026-05-04 11:24:16,165 [INFO] pipeline.cvm:   DFP dre 2020: 64 linhas
2026-05-04 11:24:16,871 [INFO] pipeline.cvm:   DFP bpa 2020: 116 linhas
2026-05-04 11:24:18,034 [INFO] pipeline.cvm:   DFP bpp 2020: 222 linhas
2026-05-04 11:24:18,509 [INFO] pipeline.cvm:   DFP dfc_mi 2020: 78 linhas
2026-05-04 11:24:18,545 [WARNING] pipeline.cvm:   Empresa 8451 não encontrada em dfc_md 2020
2026-05-04 11:24:18,783 [INFO] pipeline.cvm:   DFP dre 2021: 68 linhas
2026-05-04 11:24:19,176 [INFO] pipeline.cvm:   DFP bpa 2021: 116 linhas
2026-05-04 11:24:19,844 [INFO] pipeline.cvm:   DFP bpp 2021: 220 linhas
2026-05-04 11:24:20,197 [INFO] pipeline.cvm:   DFP dfc_mi 2021: 82 linhas
2026-05-04 11:24:20,232 [WARNING] pipeline.cvm:   Empresa 8451 não encontrada em dfc_md 2021
2026-05-04 11:24:20,553 [INFO] pipeline.cvm:   DFP dre 2021: 64 linhas
2026-05-04 11:24:21,176 [INFO] pipeline.cvm:   DFP bpa 2021: 118 linhas
2026-05-04 11:24:22,266 [INFO] pipeline.cvm:   DFP bpp 2021: 222 linhas
2026-05-04 11:24:22,882 [INFO] pipeline.cvm:   DFP dfc_mi 2021: 78 linhas
2026-05-04 11:24:22,920 [WARNING] pipeline.cvm:   Empresa 8451 não encontrada em dfc_md 2021
2026-05-04 11:24:23,185 [INFO] pipeline.cvm:   DFP dre 2022: 68 linhas
2026-05-04 11:24:23,685 [INFO] pipeline.cvm:   DFP bpa 2022: 122 linhas
2026-05-04 11:24:24,454 [INFO] pipeline.cvm:   DFP bpp 2022: 222 linhas
2026-05-04 11:24:24,860 [INFO] pipeline.cvm:   DFP dfc_mi 2022: 80 linhas
2026-05-04 11:24:24,890 [WARNING] pipeline.cvm:   Empresa 8451 não encontrada em dfc_md 2022
2026-05-04 11:24:25,244 [INFO] pipeline.cvm:   DFP dre 2022: 64 linhas
2026-05-04 11:24:25,881 [INFO] pipeline.cvm:   DFP bpa 2022: 124 linhas
2026-05-04 11:24:27,016 [INFO] pipeline.cvm:   DFP bpp 2022: 224 linhas
2026-05-04 11:24:27,538 [INFO] pipeline.cvm:   DFP dfc_mi 2022: 76 linhas
2026-05-04 11:24:27,588 [WARNING] pipeline.cvm:   Empresa 8451 não encontrada em dfc_md 2022
2026-05-04 11:24:27,835 [INFO] pipeline.cvm:   DFP dre 2023: 68 linhas
2026-05-04 11:24:28,230 [INFO] pipeline.cvm:   DFP bpa 2023: 122 linhas
2026-05-04 11:24:28,919 [INFO] pipeline.cvm:   DFP bpp 2023: 222 linhas
2026-05-04 11:24:29,287 [INFO] pipeline.cvm:   DFP dfc_mi 2023: 90 linhas
2026-05-04 11:24:29,315 [WARNING] pipeline.cvm:   Empresa 8451 não encontrada em dfc_md 2023
2026-05-04 11:24:29,718 [INFO] pipeline.cvm:   DFP dre 2023: 64 linhas
2026-05-04 11:24:30,333 [INFO] pipeline.cvm:   DFP bpa 2023: 124 linhas
2026-05-04 11:24:31,801 [INFO] pipeline.cvm:   DFP bpp 2023: 224 linhas
2026-05-04 11:24:32,305 [INFO] pipeline.cvm:   DFP dfc_mi 2023: 86 linhas
2026-05-04 11:24:32,346 [WARNING] pipeline.cvm:   Empresa 8451 não encontrada em dfc_md 2023
2026-05-04 11:24:32,567 [INFO] pipeline.cvm:   DFP dre 2024: 68 linhas
2026-05-04 11:24:32,955 [INFO] pipeline.cvm:   DFP bpa 2024: 122 linhas
2026-05-04 11:24:33,601 [INFO] pipeline.cvm:   DFP bpp 2024: 222 linhas
2026-05-04 11:24:33,965 [INFO] pipeline.cvm:   DFP dfc_mi 2024: 94 linhas
2026-05-04 11:24:33,985 [WARNING] pipeline.cvm:   Empresa 8451 não encontrada em dfc_md 2024
2026-05-04 11:24:34,284 [INFO] pipeline.cvm:   DFP dre 2024: 64 linhas
2026-05-04 11:24:34,851 [INFO] pipeline.cvm:   DFP bpa 2024: 124 linhas
2026-05-04 11:24:35,925 [INFO] pipeline.cvm:   DFP bpp 2024: 224 linhas
2026-05-04 11:24:36,431 [INFO] pipeline.cvm:   DFP dfc_mi 2024: 88 linhas
2026-05-04 11:24:36,467 [WARNING] pipeline.cvm:   Empresa 8451 não encontrada em dfc_md 2024
2026-05-04 11:24:36,662 [INFO] pipeline.cvm:   DFP dre 2025: 68 linhas
2026-05-04 11:24:36,997 [INFO] pipeline.cvm:   DFP bpa 2025: 122 linhas
2026-05-04 11:24:37,584 [INFO] pipeline.cvm:   DFP bpp 2025: 222 linhas
2026-05-04 11:24:37,920 [INFO] pipeline.cvm:   DFP dfc_mi 2025: 92 linhas
2026-05-04 11:24:37,943 [WARNING] pipeline.cvm:   Empresa 8451 não encontrada em dfc_md 2025
2026-05-04 11:24:38,216 [INFO] pipeline.cvm:   DFP dre 2025: 64 linhas
2026-05-04 11:24:38,736 [INFO] pipeline.cvm:   DFP bpa 2025: 124 linhas
2026-05-04 11:24:39,625 [INFO] pipeline.cvm:   DFP bpp 2025: 224 linhas
2026-05-04 11:24:40,080 [INFO] pipeline.cvm:   DFP dfc_mi 2025: 90 linhas
2026-05-04 11:24:40,107 [WARNING] pipeline.cvm:   Empresa 8451 não encontrada em dfc_md 2025
2026-05-04 11:24:42,282 [INFO] pipeline:   TUPY3: score=95/100 | critical=0 | warnings=1
2026-05-04 11:24:42,282 [INFO] pipeline:   Relatorio: C:\Users\55819\OneDrive - EPEJUD\DIEGO\OBSIDIAN\Analista de Investimentos\12_PYTHON\pipeline banco completo\outputs\data_quality\audit_TUPY3_20260504.md
2026-05-04 11:24:42,282 [INFO] pipeline: 
Auditorando TASA4...
2026-05-04 11:24:42,554 [INFO] pipeline.cvm:   DFP dre 2020: 68 linhas
2026-05-04 11:24:42,969 [INFO] pipeline.cvm:   DFP bpa 2020: 114 linhas
2026-05-04 11:24:43,752 [INFO] pipeline.cvm:   DFP bpp 2020: 220 linhas
2026-05-04 11:24:44,176 [INFO] pipeline.cvm:   DFP dfc_mi 2020: 82 linhas
2026-05-04 11:24:44,201 [WARNING] pipeline.cvm:   Empresa 8451 não encontrada em dfc_md 2020
2026-05-04 11:24:44,584 [INFO] pipeline.cvm:   DFP dre 2020: 64 linhas
2026-05-04 11:24:45,298 [INFO] pipeline.cvm:   DFP bpa 2020: 116 linhas
2026-05-04 11:24:46,857 [INFO] pipeline.cvm:   DFP bpp 2020: 222 linhas
2026-05-04 11:24:47,727 [INFO] pipeline.cvm:   DFP dfc_mi 2020: 78 linhas
2026-05-04 11:24:47,765 [WARNING] pipeline.cvm:   Empresa 8451 não encontrada em dfc_md 2020
2026-05-04 11:24:48,095 [INFO] pipeline.cvm:   DFP dre 2021: 68 linhas
2026-05-04 11:24:48,757 [INFO] pipeline.cvm:   DFP bpa 2021: 116 linhas
2026-05-04 11:24:49,802 [INFO] pipeline.cvm:   DFP bpp 2021: 220 linhas
2026-05-04 11:24:50,152 [INFO] pipeline.cvm:   DFP dfc_mi 2021: 82 linhas
2026-05-04 11:24:50,181 [WARNING] pipeline.cvm:   Empresa 8451 não encontrada em dfc_md 2021
2026-05-04 11:24:50,555 [INFO] pipeline.cvm:   DFP dre 2021: 64 linhas
2026-05-04 11:24:51,303 [INFO] pipeline.cvm:   DFP bpa 2021: 118 linhas
2026-05-04 11:24:52,390 [INFO] pipeline.cvm:   DFP bpp 2021: 222 linhas
2026-05-04 11:24:52,896 [INFO] pipeline.cvm:   DFP dfc_mi 2021: 78 linhas
2026-05-04 11:24:52,935 [WARNING] pipeline.cvm:   Empresa 8451 não encontrada em dfc_md 2021
2026-05-04 11:24:53,182 [INFO] pipeline.cvm:   DFP dre 2022: 68 linhas
2026-05-04 11:24:53,597 [INFO] pipeline.cvm:   DFP bpa 2022: 122 linhas
2026-05-04 11:24:54,311 [INFO] pipeline.cvm:   DFP bpp 2022: 222 linhas
2026-05-04 11:24:54,822 [INFO] pipeline.cvm:   DFP dfc_mi 2022: 80 linhas
2026-05-04 11:24:54,866 [WARNING] pipeline.cvm:   Empresa 8451 não encontrada em dfc_md 2022
2026-05-04 11:24:55,237 [INFO] pipeline.cvm:   DFP dre 2022: 64 linhas
2026-05-04 11:24:56,026 [INFO] pipeline.cvm:   DFP bpa 2022: 124 linhas
2026-05-04 11:24:57,201 [INFO] pipeline.cvm:   DFP bpp 2022: 224 linhas
2026-05-04 11:24:57,912 [INFO] pipeline.cvm:   DFP dfc_mi 2022: 76 linhas
2026-05-04 11:24:57,967 [WARNING] pipeline.cvm:   Empresa 8451 não encontrada em dfc_md 2022
2026-05-04 11:24:58,341 [INFO] pipeline.cvm:   DFP dre 2023: 68 linhas
2026-05-04 11:24:59,093 [INFO] pipeline.cvm:   DFP bpa 2023: 122 linhas
2026-05-04 11:25:00,206 [INFO] pipeline.cvm:   DFP bpp 2023: 222 linhas
2026-05-04 11:25:00,701 [INFO] pipeline.cvm:   DFP dfc_mi 2023: 90 linhas
2026-05-04 11:25:00,731 [WARNING] pipeline.cvm:   Empresa 8451 não encontrada em dfc_md 2023
2026-05-04 11:25:01,229 [INFO] pipeline.cvm:   DFP dre 2023: 64 linhas
2026-05-04 11:25:01,909 [INFO] pipeline.cvm:   DFP bpa 2023: 124 linhas
2026-05-04 11:25:03,116 [INFO] pipeline.cvm:   DFP bpp 2023: 224 linhas
2026-05-04 11:25:03,636 [INFO] pipeline.cvm:   DFP dfc_mi 2023: 86 linhas
2026-05-04 11:25:03,679 [WARNING] pipeline.cvm:   Empresa 8451 não encontrada em dfc_md 2023
2026-05-04 11:25:03,904 [INFO] pipeline.cvm:   DFP dre 2024: 68 linhas
2026-05-04 11:25:04,321 [INFO] pipeline.cvm:   DFP bpa 2024: 122 linhas
2026-05-04 11:25:05,060 [INFO] pipeline.cvm:   DFP bpp 2024: 222 linhas
2026-05-04 11:25:05,454 [INFO] pipeline.cvm:   DFP dfc_mi 2024: 94 linhas
2026-05-04 11:25:05,483 [WARNING] pipeline.cvm:   Empresa 8451 não encontrada em dfc_md 2024
2026-05-04 11:25:05,789 [INFO] pipeline.cvm:   DFP dre 2024: 64 linhas
2026-05-04 11:25:06,402 [INFO] pipeline.cvm:   DFP bpa 2024: 124 linhas
2026-05-04 11:25:07,437 [INFO] pipeline.cvm:   DFP bpp 2024: 224 linhas
2026-05-04 11:25:07,968 [INFO] pipeline.cvm:   DFP dfc_mi 2024: 88 linhas
2026-05-04 11:25:08,004 [WARNING] pipeline.cvm:   Empresa 8451 não encontrada em dfc_md 2024
2026-05-04 11:25:08,213 [INFO] pipeline.cvm:   DFP dre 2025: 68 linhas
2026-05-04 11:25:08,577 [INFO] pipeline.cvm:   DFP bpa 2025: 122 linhas
2026-05-04 11:25:09,263 [INFO] pipeline.cvm:   DFP bpp 2025: 222 linhas
2026-05-04 11:25:09,628 [INFO] pipeline.cvm:   DFP dfc_mi 2025: 92 linhas
2026-05-04 11:25:09,653 [WARNING] pipeline.cvm:   Empresa 8451 não encontrada em dfc_md 2025
2026-05-04 11:25:09,936 [INFO] pipeline.cvm:   DFP dre 2025: 64 linhas
2026-05-04 11:25:10,487 [INFO] pipeline.cvm:   DFP bpa 2025: 124 linhas
2026-05-04 11:25:11,599 [INFO] pipeline.cvm:   DFP bpp 2025: 224 linhas
2026-05-04 11:25:12,085 [INFO] pipeline.cvm:   DFP dfc_mi 2025: 90 linhas
2026-05-04 11:25:12,115 [WARNING] pipeline.cvm:   Empresa 8451 não encontrada em dfc_md 2025
2026-05-04 11:25:14,810 [INFO] pipeline:   TASA4: score=95/100 | critical=0 | warnings=1
2026-05-04 11:25:14,810 [INFO] pipeline:   Relatorio: C:\Users\55819\OneDrive - EPEJUD\DIEGO\OBSIDIAN\Analista de Investimentos\12_PYTHON\pipeline banco completo\outputs\data_quality\audit_TASA4_20260504.md
2026-05-04 11:25:14,810 [INFO] pipeline: 
Auditorando AERI3...
2026-05-04 11:25:14,811 [INFO] pipeline.cvm: Buscando código CVM para AERI3...
2026-05-04 11:25:15,539 [WARNING] pipeline.cvm: Ticker AERI3 não encontrado no cadastro CVM
2026-05-04 11:25:15,559 [INFO] pipeline:   AERI3: score=23/100 | critical=4 | warnings=1
2026-05-04 11:25:15,559 [INFO] pipeline:   Relatorio: C:\Users\55819\OneDrive - EPEJUD\DIEGO\OBSIDIAN\Analista de Investimentos\12_PYTHON\pipeline banco completo\outputs\data_quality\audit_AERI3_20260504.md
2026-05-04 11:25:15,559 [INFO] pipeline: 
Auditorando KEPL3...
2026-05-04 11:25:15,866 [INFO] pipeline.cvm:   DFP dre 2020: 70 linhas
2026-05-04 11:25:16,440 [INFO] pipeline.cvm:   DFP bpa 2020: 120 linhas
2026-05-04 11:25:17,702 [INFO] pipeline.cvm:   DFP bpp 2020: 228 linhas
2026-05-04 11:25:18,322 [INFO] pipeline.cvm:   DFP dfc_mi 2020: 20 linhas
2026-05-04 11:25:18,358 [WARNING] pipeline.cvm:   Empresa 7544 não encontrada em dfc_md 2020
2026-05-04 11:25:18,877 [INFO] pipeline.cvm:   DFP dre 2020: 66 linhas
2026-05-04 11:25:19,956 [INFO] pipeline.cvm:   DFP bpa 2020: 124 linhas
2026-05-04 11:25:21,622 [INFO] pipeline.cvm:   DFP bpp 2020: 230 linhas
2026-05-04 11:25:22,322 [INFO] pipeline.cvm:   DFP dfc_mi 2020: 20 linhas
2026-05-04 11:25:22,363 [WARNING] pipeline.cvm:   Empresa 7544 não encontrada em dfc_md 2020
2026-05-04 11:25:22,736 [INFO] pipeline.cvm:   DFP dre 2021: 72 linhas
2026-05-04 11:25:23,200 [INFO] pipeline.cvm:   DFP bpa 2021: 120 linhas
2026-05-04 11:25:23,885 [INFO] pipeline.cvm:   DFP bpp 2021: 228 linhas
2026-05-04 11:25:24,287 [INFO] pipeline.cvm:   DFP dfc_mi 2021: 20 linhas
2026-05-04 11:25:24,319 [WARNING] pipeline.cvm:   Empresa 7544 não encontrada em dfc_md 2021
2026-05-04 11:25:24,717 [INFO] pipeline.cvm:   DFP dre 2021: 68 linhas
2026-05-04 11:25:25,375 [INFO] pipeline.cvm:   DFP bpa 2021: 124 linhas
2026-05-04 11:25:26,456 [INFO] pipeline.cvm:   DFP bpp 2021: 230 linhas
2026-05-04 11:25:26,970 [INFO] pipeline.cvm:   DFP dfc_mi 2021: 20 linhas
2026-05-04 11:25:27,009 [WARNING] pipeline.cvm:   Empresa 7544 não encontrada em dfc_md 2021
2026-05-04 11:25:27,239 [INFO] pipeline.cvm:   DFP dre 2022: 72 linhas
2026-05-04 11:25:27,660 [INFO] pipeline.cvm:   DFP bpa 2022: 120 linhas
2026-05-04 11:25:28,463 [INFO] pipeline.cvm:   DFP bpp 2022: 228 linhas
2026-05-04 11:25:28,900 [INFO] pipeline.cvm:   DFP dfc_mi 2022: 20 linhas
2026-05-04 11:25:28,933 [WARNING] pipeline.cvm:   Empresa 7544 não encontrada em dfc_md 2022
2026-05-04 11:25:29,250 [INFO] pipeline.cvm:   DFP dre 2022: 68 linhas
2026-05-04 11:25:29,875 [INFO] pipeline.cvm:   DFP bpa 2022: 124 linhas
2026-05-04 11:25:31,423 [INFO] pipeline.cvm:   DFP bpp 2022: 230 linhas
2026-05-04 11:25:31,970 [INFO] pipeline.cvm:   DFP dfc_mi 2022: 20 linhas
2026-05-04 11:25:32,012 [WARNING] pipeline.cvm:   Empresa 7544 não encontrada em dfc_md 2022
2026-05-04 11:25:32,242 [INFO] pipeline.cvm:   DFP dre 2023: 72 linhas
2026-05-04 11:25:32,645 [INFO] pipeline.cvm:   DFP bpa 2023: 120 linhas
2026-05-04 11:25:33,358 [INFO] pipeline.cvm:   DFP bpp 2023: 228 linhas
2026-05-04 11:25:33,730 [INFO] pipeline.cvm:   DFP dfc_mi 2023: 20 linhas
2026-05-04 11:25:33,756 [WARNING] pipeline.cvm:   Empresa 7544 não encontrada em dfc_md 2023
2026-05-04 11:25:34,072 [INFO] pipeline.cvm:   DFP dre 2023: 68 linhas
2026-05-04 11:25:34,681 [INFO] pipeline.cvm:   DFP bpa 2023: 124 linhas
2026-05-04 11:25:35,891 [INFO] pipeline.cvm:   DFP bpp 2023: 230 linhas
2026-05-04 11:25:36,388 [INFO] pipeline.cvm:   DFP dfc_mi 2023: 20 linhas
2026-05-04 11:25:36,431 [WARNING] pipeline.cvm:   Empresa 7544 não encontrada em dfc_md 2023
2026-05-04 11:25:36,650 [INFO] pipeline.cvm:   DFP dre 2024: 72 linhas
2026-05-04 11:25:37,031 [INFO] pipeline.cvm:   DFP bpa 2024: 120 linhas
2026-05-04 11:25:37,739 [INFO] pipeline.cvm:   DFP bpp 2024: 228 linhas
2026-05-04 11:25:38,137 [INFO] pipeline.cvm:   DFP dfc_mi 2024: 20 linhas
2026-05-04 11:25:38,169 [WARNING] pipeline.cvm:   Empresa 7544 não encontrada em dfc_md 2024
2026-05-04 11:25:38,480 [INFO] pipeline.cvm:   DFP dre 2024: 68 linhas
2026-05-04 11:25:39,077 [INFO] pipeline.cvm:   DFP bpa 2024: 124 linhas
2026-05-04 11:25:40,162 [INFO] pipeline.cvm:   DFP bpp 2024: 230 linhas
2026-05-04 11:25:40,678 [INFO] pipeline.cvm:   DFP dfc_mi 2024: 20 linhas
2026-05-04 11:25:40,709 [WARNING] pipeline.cvm:   Empresa 7544 não encontrada em dfc_md 2024
2026-05-04 11:25:40,912 [INFO] pipeline.cvm:   DFP dre 2025: 72 linhas
2026-05-04 11:25:41,263 [INFO] pipeline.cvm:   DFP bpa 2025: 120 linhas
2026-05-04 11:25:41,881 [INFO] pipeline.cvm:   DFP bpp 2025: 228 linhas
2026-05-04 11:25:42,235 [INFO] pipeline.cvm:   DFP dfc_mi 2025: 20 linhas
2026-05-04 11:25:42,259 [WARNING] pipeline.cvm:   Empresa 7544 não encontrada em dfc_md 2025
2026-05-04 11:25:42,543 [INFO] pipeline.cvm:   DFP dre 2025: 68 linhas
2026-05-04 11:25:43,073 [INFO] pipeline.cvm:   DFP bpa 2025: 124 linhas
2026-05-04 11:25:44,039 [INFO] pipeline.cvm:   DFP bpp 2025: 228 linhas
2026-05-04 11:25:44,550 [INFO] pipeline.cvm:   DFP dfc_mi 2025: 20 linhas
2026-05-04 11:25:44,593 [WARNING] pipeline.cvm:   Empresa 7544 não encontrada em dfc_md 2025
2026-05-04 11:25:47,719 [INFO] pipeline:   KEPL3: score=95/100 | critical=0 | warnings=1
2026-05-04 11:25:47,725 [INFO] pipeline:   Relatorio: C:\Users\55819\OneDrive - EPEJUD\DIEGO\OBSIDIAN\Analista de Investimentos\12_PYTHON\pipeline banco completo\outputs\data_quality\audit_KEPL3_20260504.md
2026-05-04 11:25:47,726 [INFO] pipeline: 
Auditorando SUZB3...
2026-05-04 11:25:48,266 [WARNING] pipeline.cvm:   Empresa 18538 não encontrada em dre 2020
2026-05-04 11:25:48,976 [WARNING] pipeline.cvm:   Empresa 18538 não encontrada em bpa 2020
2026-05-04 11:25:50,439 [WARNING] pipeline.cvm:   Empresa 18538 não encontrada em bpp 2020
2026-05-04 11:25:51,038 [WARNING] pipeline.cvm:   Empresa 18538 não encontrada em dfc_mi 2020
2026-05-04 11:25:51,072 [WARNING] pipeline.cvm:   Empresa 18538 não encontrada em dfc_md 2020
2026-05-04 11:25:51,687 [INFO] pipeline.cvm:   DFP dre 2020: 56 linhas
2026-05-04 11:25:52,907 [INFO] pipeline.cvm:   DFP bpa 2020: 114 linhas
2026-05-04 11:25:54,166 [INFO] pipeline.cvm:   DFP bpp 2020: 208 linhas
2026-05-04 11:25:54,698 [INFO] pipeline.cvm:   DFP dfc_mi 2020: 20 linhas
2026-05-04 11:25:54,744 [WARNING] pipeline.cvm:   Empresa 18538 não encontrada em dfc_md 2020
2026-05-04 11:25:55,013 [WARNING] pipeline.cvm:   Empresa 18538 não encontrada em dre 2021
2026-05-04 11:25:55,565 [WARNING] pipeline.cvm:   Empresa 18538 não encontrada em bpa 2021
2026-05-04 11:25:56,460 [WARNING] pipeline.cvm:   Empresa 18538 não encontrada em bpp 2021
2026-05-04 11:25:56,877 [WARNING] pipeline.cvm:   Empresa 18538 não encontrada em dfc_mi 2021
2026-05-04 11:25:56,910 [WARNING] pipeline.cvm:   Empresa 18538 não encontrada em dfc_md 2021
2026-05-04 11:25:57,257 [INFO] pipeline.cvm:   DFP dre 2021: 56 linhas
2026-05-04 11:25:58,015 [INFO] pipeline.cvm:   DFP bpa 2021: 114 linhas
2026-05-04 11:25:59,268 [INFO] pipeline.cvm:   DFP bpp 2021: 208 linhas
2026-05-04 11:25:59,767 [INFO] pipeline.cvm:   DFP dfc_mi 2021: 20 linhas
2026-05-04 11:25:59,811 [WARNING] pipeline.cvm:   Empresa 18538 não encontrada em dfc_md 2021
2026-05-04 11:26:00,056 [WARNING] pipeline.cvm:   Empresa 18538 não encontrada em dre 2022
2026-05-04 11:26:00,469 [WARNING] pipeline.cvm:   Empresa 18538 não encontrada em bpa 2022
2026-05-04 11:26:01,213 [WARNING] pipeline.cvm:   Empresa 18538 não encontrada em bpp 2022
2026-05-04 11:26:01,618 [WARNING] pipeline.cvm:   Empresa 18538 não encontrada em dfc_mi 2022
2026-05-04 11:26:01,654 [WARNING] pipeline.cvm:   Empresa 18538 não encontrada em dfc_md 2022
2026-05-04 11:26:02,055 [INFO] pipeline.cvm:   DFP dre 2022: 56 linhas
2026-05-04 11:26:02,810 [INFO] pipeline.cvm:   DFP bpa 2022: 114 linhas
2026-05-04 11:26:04,120 [INFO] pipeline.cvm:   DFP bpp 2022: 210 linhas
2026-05-04 11:26:04,659 [INFO] pipeline.cvm:   DFP dfc_mi 2022: 20 linhas
2026-05-04 11:26:04,700 [WARNING] pipeline.cvm:   Empresa 18538 não encontrada em dfc_md 2022
2026-05-04 11:26:04,926 [WARNING] pipeline.cvm:   Empresa 18538 não encontrada em dre 2023
2026-05-04 11:26:05,318 [WARNING] pipeline.cvm:   Empresa 18538 não encontrada em bpa 2023
2026-05-04 11:26:06,081 [WARNING] pipeline.cvm:   Empresa 18538 não encontrada em bpp 2023
2026-05-04 11:26:06,490 [WARNING] pipeline.cvm:   Empresa 18538 não encontrada em dfc_mi 2023
2026-05-04 11:26:06,521 [WARNING] pipeline.cvm:   Empresa 18538 não encontrada em dfc_md 2023
2026-05-04 11:26:06,844 [INFO] pipeline.cvm:   DFP dre 2023: 56 linhas
2026-05-04 11:26:07,445 [INFO] pipeline.cvm:   DFP bpa 2023: 116 linhas
2026-05-04 11:26:08,471 [INFO] pipeline.cvm:   DFP bpp 2023: 210 linhas
2026-05-04 11:26:08,965 [INFO] pipeline.cvm:   DFP dfc_mi 2023: 20 linhas
2026-05-04 11:26:09,006 [WARNING] pipeline.cvm:   Empresa 18538 não encontrada em dfc_md 2023
2026-05-04 11:26:09,222 [WARNING] pipeline.cvm:   Empresa 18538 não encontrada em dre 2024
2026-05-04 11:26:09,600 [WARNING] pipeline.cvm:   Empresa 18538 não encontrada em bpa 2024
2026-05-04 11:26:10,379 [WARNING] pipeline.cvm:   Empresa 18538 não encontrada em bpp 2024
2026-05-04 11:26:10,783 [WARNING] pipeline.cvm:   Empresa 18538 não encontrada em dfc_mi 2024
2026-05-04 11:26:10,813 [WARNING] pipeline.cvm:   Empresa 18538 não encontrada em dfc_md 2024
2026-05-04 11:26:11,121 [INFO] pipeline.cvm:   DFP dre 2024: 56 linhas
2026-05-04 11:26:11,779 [INFO] pipeline.cvm:   DFP bpa 2024: 116 linhas
2026-05-04 11:26:12,812 [INFO] pipeline.cvm:   DFP bpp 2024: 212 linhas
2026-05-04 11:26:13,327 [INFO] pipeline.cvm:   DFP dfc_mi 2024: 20 linhas
2026-05-04 11:26:13,367 [WARNING] pipeline.cvm:   Empresa 18538 não encontrada em dfc_md 2024
2026-05-04 11:26:13,572 [WARNING] pipeline.cvm:   Empresa 18538 não encontrada em dre 2025
2026-05-04 11:26:13,932 [WARNING] pipeline.cvm:   Empresa 18538 não encontrada em bpa 2025
2026-05-04 11:26:14,569 [WARNING] pipeline.cvm:   Empresa 18538 não encontrada em bpp 2025
2026-05-04 11:26:14,920 [WARNING] pipeline.cvm:   Empresa 18538 não encontrada em dfc_mi 2025
2026-05-04 11:26:14,945 [WARNING] pipeline.cvm:   Empresa 18538 não encontrada em dfc_md 2025
2026-05-04 11:26:15,229 [WARNING] pipeline.cvm:   Empresa 18538 não encontrada em dre 2025
2026-05-04 11:26:15,788 [WARNING] pipeline.cvm:   Empresa 18538 não encontrada em bpa 2025
2026-05-04 11:26:16,815 [WARNING] pipeline.cvm:   Empresa 18538 não encontrada em bpp 2025
2026-05-04 11:26:17,336 [WARNING] pipeline.cvm:   Empresa 18538 não encontrada em dfc_mi 2025
2026-05-04 11:26:17,378 [WARNING] pipeline.cvm:   Empresa 18538 não encontrada em dfc_md 2025
2026-05-04 11:26:20,076 [INFO] pipeline:   SUZB3: score=77/100 | critical=1 | warnings=1
2026-05-04 11:26:20,077 [INFO] pipeline:   Relatorio: C:\Users\55819\OneDrive - EPEJUD\DIEGO\OBSIDIAN\Analista de Investimentos\12_PYTHON\pipeline banco completo\outputs\data_quality\audit_SUZB3_20260504.md
2026-05-04 11:26:20,077 [INFO] pipeline: 
Auditorando KLBN11...
2026-05-04 11:26:20,435 [INFO] pipeline.cvm:   DFP dre 2020: 68 linhas
2026-05-04 11:26:21,002 [INFO] pipeline.cvm:   DFP bpa 2020: 122 linhas
2026-05-04 11:26:22,104 [INFO] pipeline.cvm:   DFP bpp 2020: 238 linhas
2026-05-04 11:26:22,603 [INFO] pipeline.cvm:   DFP dfc_mi 2020: 134 linhas
2026-05-04 11:26:22,642 [WARNING] pipeline.cvm:   Empresa 12653 não encontrada em dfc_md 2020
2026-05-04 11:26:23,287 [INFO] pipeline.cvm:   DFP dre 2020: 64 linhas
2026-05-04 11:26:24,113 [INFO] pipeline.cvm:   DFP bpa 2020: 122 linhas
2026-05-04 11:26:25,472 [INFO] pipeline.cvm:   DFP bpp 2020: 236 linhas
2026-05-04 11:26:25,951 [INFO] pipeline.cvm:   DFP dfc_mi 2020: 126 linhas
2026-05-04 11:26:25,980 [WARNING] pipeline.cvm:   Empresa 12653 não encontrada em dfc_md 2020
2026-05-04 11:26:26,214 [INFO] pipeline.cvm:   DFP dre 2021: 68 linhas
2026-05-04 11:26:26,598 [INFO] pipeline.cvm:   DFP bpa 2021: 122 linhas
2026-05-04 11:26:27,351 [INFO] pipeline.cvm:   DFP bpp 2021: 240 linhas
2026-05-04 11:26:27,756 [INFO] pipeline.cvm:   DFP dfc_mi 2021: 134 linhas
2026-05-04 11:26:27,792 [WARNING] pipeline.cvm:   Empresa 12653 não encontrada em dfc_md 2021
2026-05-04 11:26:28,163 [INFO] pipeline.cvm:   DFP dre 2021: 64 linhas
2026-05-04 11:26:28,838 [INFO] pipeline.cvm:   DFP bpa 2021: 122 linhas
2026-05-04 11:26:30,139 [INFO] pipeline.cvm:   DFP bpp 2021: 236 linhas
2026-05-04 11:26:30,715 [INFO] pipeline.cvm:   DFP dfc_mi 2021: 126 linhas
2026-05-04 11:26:30,761 [WARNING] pipeline.cvm:   Empresa 12653 não encontrada em dfc_md 2021
2026-05-04 11:26:31,039 [INFO] pipeline.cvm:   DFP dre 2022: 68 linhas
2026-05-04 11:26:31,464 [INFO] pipeline.cvm:   DFP bpa 2022: 122 linhas
2026-05-04 11:26:32,317 [INFO] pipeline.cvm:   DFP bpp 2022: 246 linhas
2026-05-04 11:26:32,741 [INFO] pipeline.cvm:   DFP dfc_mi 2022: 134 linhas
2026-05-04 11:26:32,777 [WARNING] pipeline.cvm:   Empresa 12653 não encontrada em dfc_md 2022
2026-05-04 11:26:33,114 [INFO] pipeline.cvm:   DFP dre 2022: 64 linhas
2026-05-04 11:26:33,817 [INFO] pipeline.cvm:   DFP bpa 2022: 122 linhas
2026-05-04 11:26:35,381 [INFO] pipeline.cvm:   DFP bpp 2022: 244 linhas
2026-05-04 11:26:35,942 [INFO] pipeline.cvm:   DFP dfc_mi 2022: 128 linhas
2026-05-04 11:26:35,989 [WARNING] pipeline.cvm:   Empresa 12653 não encontrada em dfc_md 2022
2026-05-04 11:26:36,245 [INFO] pipeline.cvm:   DFP dre 2023: 68 linhas
2026-05-04 11:26:36,712 [INFO] pipeline.cvm:   DFP bpa 2023: 124 linhas
2026-05-04 11:26:37,743 [INFO] pipeline.cvm:   DFP bpp 2023: 248 linhas
2026-05-04 11:26:38,252 [INFO] pipeline.cvm:   DFP dfc_mi 2023: 134 linhas
2026-05-04 11:26:38,277 [WARNING] pipeline.cvm:   Empresa 12653 não encontrada em dfc_md 2023
2026-05-04 11:26:38,629 [INFO] pipeline.cvm:   DFP dre 2023: 64 linhas
2026-05-04 11:26:39,296 [INFO] pipeline.cvm:   DFP bpa 2023: 124 linhas
2026-05-04 11:26:40,521 [INFO] pipeline.cvm:   DFP bpp 2023: 248 linhas
2026-05-04 11:26:41,185 [INFO] pipeline.cvm:   DFP dfc_mi 2023: 100 linhas
2026-05-04 11:26:41,231 [WARNING] pipeline.cvm:   Empresa 12653 não encontrada em dfc_md 2023
2026-05-04 11:26:41,477 [INFO] pipeline.cvm:   DFP dre 2024: 76 linhas
2026-05-04 11:26:42,004 [INFO] pipeline.cvm:   DFP bpa 2024: 132 linhas
2026-05-04 11:26:42,807 [INFO] pipeline.cvm:   DFP bpp 2024: 254 linhas
2026-05-04 11:26:43,229 [INFO] pipeline.cvm:   DFP dfc_mi 2024: 114 linhas
2026-05-04 11:26:43,256 [WARNING] pipeline.cvm:   Empresa 12653 não encontrada em dfc_md 2024
2026-05-04 11:26:43,593 [INFO] pipeline.cvm:   DFP dre 2024: 72 linhas
2026-05-04 11:26:44,282 [INFO] pipeline.cvm:   DFP bpa 2024: 138 linhas
2026-05-04 11:26:45,387 [INFO] pipeline.cvm:   DFP bpp 2024: 252 linhas
2026-05-04 11:26:45,925 [INFO] pipeline.cvm:   DFP dfc_mi 2024: 104 linhas
2026-05-04 11:26:45,967 [WARNING] pipeline.cvm:   Empresa 12653 não encontrada em dfc_md 2024
2026-05-04 11:26:46,184 [INFO] pipeline.cvm:   DFP dre 2025: 76 linhas
2026-05-04 11:26:46,563 [INFO] pipeline.cvm:   DFP bpa 2025: 138 linhas
2026-05-04 11:26:47,216 [INFO] pipeline.cvm:   DFP bpp 2025: 260 linhas
2026-05-04 11:26:47,572 [INFO] pipeline.cvm:   DFP dfc_mi 2025: 124 linhas
2026-05-04 11:26:47,596 [WARNING] pipeline.cvm:   Empresa 12653 não encontrada em dfc_md 2025
2026-05-04 11:26:47,880 [INFO] pipeline.cvm:   DFP dre 2025: 72 linhas
2026-05-04 11:26:48,501 [INFO] pipeline.cvm:   DFP bpa 2025: 138 linhas
2026-05-04 11:26:49,677 [INFO] pipeline.cvm:   DFP bpp 2025: 258 linhas
2026-05-04 11:26:50,278 [INFO] pipeline.cvm:   DFP dfc_mi 2025: 120 linhas
2026-05-04 11:26:50,315 [WARNING] pipeline.cvm:   Empresa 12653 não encontrada em dfc_md 2025
2026-05-04 11:26:53,218 [INFO] pipeline:   KLBN11: score=95/100 | critical=0 | warnings=1
2026-05-04 11:26:53,218 [INFO] pipeline:   Relatorio: C:\Users\55819\OneDrive - EPEJUD\DIEGO\OBSIDIAN\Analista de Investimentos\12_PYTHON\pipeline banco completo\outputs\data_quality\audit_KLBN11_20260504.md
2026-05-04 11:26:53,219 [INFO] pipeline: 
Auditorando RANI3...
2026-05-04 11:26:53,537 [INFO] pipeline.cvm:   DFP dre 2020: 76 linhas
2026-05-04 11:26:54,163 [INFO] pipeline.cvm:   DFP bpa 2020: 94 linhas
2026-05-04 11:26:55,308 [INFO] pipeline.cvm:   DFP bpp 2020: 120 linhas
2026-05-04 11:26:55,869 [INFO] pipeline.cvm:   DFP dfc_mi 2020: 68 linhas
2026-05-04 11:26:55,904 [WARNING] pipeline.cvm:   Empresa 3891 não encontrada em dfc_md 2020
2026-05-04 11:26:56,429 [INFO] pipeline.cvm:   DFP dre 2020: 100 linhas
2026-05-04 11:26:57,333 [INFO] pipeline.cvm:   DFP bpa 2020: 114 linhas
2026-05-04 11:26:58,639 [INFO] pipeline.cvm:   DFP bpp 2020: 140 linhas
2026-05-04 11:26:59,139 [INFO] pipeline.cvm:   DFP dfc_mi 2020: 78 linhas
2026-05-04 11:26:59,178 [WARNING] pipeline.cvm:   Empresa 3891 não encontrada em dfc_md 2020
2026-05-04 11:26:59,418 [INFO] pipeline.cvm:   DFP dre 2021: 84 linhas
2026-05-04 11:26:59,827 [INFO] pipeline.cvm:   DFP bpa 2021: 120 linhas
2026-05-04 11:27:00,542 [INFO] pipeline.cvm:   DFP bpp 2021: 136 linhas
2026-05-04 11:27:00,909 [INFO] pipeline.cvm:   DFP dfc_mi 2021: 70 linhas
2026-05-04 11:27:00,935 [WARNING] pipeline.cvm:   Empresa 3891 não encontrada em dfc_md 2021
2026-05-04 11:27:01,271 [INFO] pipeline.cvm:   DFP dre 2021: 100 linhas
2026-05-04 11:27:01,952 [INFO] pipeline.cvm:   DFP bpa 2021: 122 linhas
2026-05-04 11:27:03,169 [INFO] pipeline.cvm:   DFP bpp 2021: 124 linhas
2026-05-04 11:27:03,674 [INFO] pipeline.cvm:   DFP dfc_mi 2021: 86 linhas
2026-05-04 11:27:03,726 [WARNING] pipeline.cvm:   Empresa 3891 não encontrada em dfc_md 2021
2026-05-04 11:27:03,967 [INFO] pipeline.cvm:   DFP dre 2022: 84 linhas
2026-05-04 11:27:04,399 [INFO] pipeline.cvm:   DFP bpa 2022: 120 linhas
2026-05-04 11:27:05,193 [INFO] pipeline.cvm:   DFP bpp 2022: 136 linhas
2026-05-04 11:27:05,665 [INFO] pipeline.cvm:   DFP dfc_mi 2022: 70 linhas
2026-05-04 11:27:05,703 [WARNING] pipeline.cvm:   Empresa 3891 não encontrada em dfc_md 2022
2026-05-04 11:27:06,128 [INFO] pipeline.cvm:   DFP dre 2022: 100 linhas
2026-05-04 11:27:07,064 [INFO] pipeline.cvm:   DFP bpa 2022: 122 linhas
2026-05-04 11:27:08,629 [INFO] pipeline.cvm:   DFP bpp 2022: 124 linhas
2026-05-04 11:27:09,301 [INFO] pipeline.cvm:   DFP dfc_mi 2022: 86 linhas
2026-05-04 11:27:09,354 [WARNING] pipeline.cvm:   Empresa 3891 não encontrada em dfc_md 2022
2026-05-04 11:27:09,678 [INFO] pipeline.cvm:   DFP dre 2023: 84 linhas
2026-05-04 11:27:10,150 [INFO] pipeline.cvm:   DFP bpa 2023: 120 linhas
2026-05-04 11:27:10,992 [INFO] pipeline.cvm:   DFP bpp 2023: 138 linhas
2026-05-04 11:27:11,477 [INFO] pipeline.cvm:   DFP dfc_mi 2023: 76 linhas
2026-05-04 11:27:11,518 [WARNING] pipeline.cvm:   Empresa 3891 não encontrada em dfc_md 2023
2026-05-04 11:27:11,931 [INFO] pipeline.cvm:   DFP dre 2023: 100 linhas
2026-05-04 11:27:12,667 [INFO] pipeline.cvm:   DFP bpa 2023: 122 linhas
2026-05-04 11:27:14,070 [INFO] pipeline.cvm:   DFP bpp 2023: 126 linhas
2026-05-04 11:27:14,649 [INFO] pipeline.cvm:   DFP dfc_mi 2023: 86 linhas
2026-05-04 11:27:14,701 [WARNING] pipeline.cvm:   Empresa 3891 não encontrada em dfc_md 2023
2026-05-04 11:27:14,942 [WARNING] pipeline.cvm:   Empresa 3891 não encontrada em dre 2024
2026-05-04 11:27:15,363 [WARNING] pipeline.cvm:   Empresa 3891 não encontrada em bpa 2024
2026-05-04 11:27:16,102 [WARNING] pipeline.cvm:   Empresa 3891 não encontrada em bpp 2024
2026-05-04 11:27:16,525 [WARNING] pipeline.cvm:   Empresa 3891 não encontrada em dfc_mi 2024
2026-05-04 11:27:16,557 [WARNING] pipeline.cvm:   Empresa 3891 não encontrada em dfc_md 2024
2026-05-04 11:27:16,897 [WARNING] pipeline.cvm:   Empresa 3891 não encontrada em dre 2024
2026-05-04 11:27:17,568 [WARNING] pipeline.cvm:   Empresa 3891 não encontrada em bpa 2024
2026-05-04 11:27:19,185 [WARNING] pipeline.cvm:   Empresa 3891 não encontrada em bpp 2024
2026-05-04 11:27:19,926 [WARNING] pipeline.cvm:   Empresa 3891 não encontrada em dfc_mi 2024
2026-05-04 11:27:19,974 [WARNING] pipeline.cvm:   Empresa 3891 não encontrada em dfc_md 2024
2026-05-04 11:27:20,196 [WARNING] pipeline.cvm:   Empresa 3891 não encontrada em dre 2025
2026-05-04 11:27:20,569 [WARNING] pipeline.cvm:   Empresa 3891 não encontrada em bpa 2025
2026-05-04 11:27:21,344 [WARNING] pipeline.cvm:   Empresa 3891 não encontrada em bpp 2025
2026-05-04 11:27:21,773 [WARNING] pipeline.cvm:   Empresa 3891 não encontrada em dfc_mi 2025
2026-05-04 11:27:21,805 [WARNING] pipeline.cvm:   Empresa 3891 não encontrada em dfc_md 2025
2026-05-04 11:27:22,153 [WARNING] pipeline.cvm:   Empresa 3891 não encontrada em dre 2025
2026-05-04 11:27:22,732 [WARNING] pipeline.cvm:   Empresa 3891 não encontrada em bpa 2025
2026-05-04 11:27:23,739 [WARNING] pipeline.cvm:   Empresa 3891 não encontrada em bpp 2025
2026-05-04 11:27:24,236 [WARNING] pipeline.cvm:   Empresa 3891 não encontrada em dfc_mi 2025
2026-05-04 11:27:24,273 [WARNING] pipeline.cvm:   Empresa 3891 não encontrada em dfc_md 2025
2026-05-04 11:27:26,317 [INFO] pipeline:   RANI3: score=5/100 | critical=5 | warnings=1
2026-05-04 11:27:26,317 [INFO] pipeline:   Relatorio: C:\Users\55819\OneDrive - EPEJUD\DIEGO\OBSIDIAN\Analista de Investimentos\12_PYTHON\pipeline banco completo\outputs\data_quality\audit_RANI3_20260504.md
2026-05-04 11:27:26,317 [INFO] pipeline: 
Auditorando RAIL3...
2026-05-04 11:27:26,644 [WARNING] pipeline.cvm:   Empresa 21725 não encontrada em dre 2020
2026-05-04 11:27:27,197 [WARNING] pipeline.cvm:   Empresa 21725 não encontrada em bpa 2020
2026-05-04 11:27:28,199 [WARNING] pipeline.cvm:   Empresa 21725 não encontrada em bpp 2020
2026-05-04 11:27:28,716 [WARNING] pipeline.cvm:   Empresa 21725 não encontrada em dfc_mi 2020
2026-05-04 11:27:28,747 [WARNING] pipeline.cvm:   Empresa 21725 não encontrada em dfc_md 2020
2026-05-04 11:27:29,230 [WARNING] pipeline.cvm:   Empresa 21725 não encontrada em dre 2020
2026-05-04 11:27:30,402 [WARNING] pipeline.cvm:   Empresa 21725 não encontrada em bpa 2020
2026-05-04 11:27:32,786 [WARNING] pipeline.cvm:   Empresa 21725 não encontrada em bpp 2020
2026-05-04 11:27:33,337 [WARNING] pipeline.cvm:   Empresa 21725 não encontrada em dfc_mi 2020
2026-05-04 11:27:33,374 [WARNING] pipeline.cvm:   Empresa 21725 não encontrada em dfc_md 2020
2026-05-04 11:27:33,628 [WARNING] pipeline.cvm:   Empresa 21725 não encontrada em dre 2021
2026-05-04 11:27:34,182 [WARNING] pipeline.cvm:   Empresa 21725 não encontrada em bpa 2021
2026-05-04 11:27:35,027 [WARNING] pipeline.cvm:   Empresa 21725 não encontrada em bpp 2021
2026-05-04 11:27:35,382 [WARNING] pipeline.cvm:   Empresa 21725 não encontrada em dfc_mi 2021
2026-05-04 11:27:35,409 [WARNING] pipeline.cvm:   Empresa 21725 não encontrada em dfc_md 2021
2026-05-04 11:27:35,742 [WARNING] pipeline.cvm:   Empresa 21725 não encontrada em dre 2021
2026-05-04 11:27:36,847 [WARNING] pipeline.cvm:   Empresa 21725 não encontrada em bpa 2021
2026-05-04 11:27:38,569 [WARNING] pipeline.cvm:   Empresa 21725 não encontrada em bpp 2021
2026-05-04 11:27:39,481 [WARNING] pipeline.cvm:   Empresa 21725 não encontrada em dfc_mi 2021
2026-05-04 11:27:39,551 [WARNING] pipeline.cvm:   Empresa 21725 não encontrada em dfc_md 2021
2026-05-04 11:27:40,266 [WARNING] pipeline.cvm:   Empresa 21725 não encontrada em dre 2022
2026-05-04 11:27:41,977 [WARNING] pipeline.cvm:   Empresa 21725 não encontrada em bpa 2022
2026-05-04 11:27:43,213 [WARNING] pipeline.cvm:   Empresa 21725 não encontrada em bpp 2022
2026-05-04 11:27:43,802 [WARNING] pipeline.cvm:   Empresa 21725 não encontrada em dfc_mi 2022
2026-05-04 11:27:43,843 [WARNING] pipeline.cvm:   Empresa 21725 não encontrada em dfc_md 2022
2026-05-04 11:27:44,408 [WARNING] pipeline.cvm:   Empresa 21725 não encontrada em dre 2022
2026-05-04 11:27:45,473 [WARNING] pipeline.cvm:   Empresa 21725 não encontrada em bpa 2022
2026-05-04 11:27:46,989 [WARNING] pipeline.cvm:   Empresa 21725 não encontrada em bpp 2022
2026-05-04 11:27:47,526 [WARNING] pipeline.cvm:   Empresa 21725 não encontrada em dfc_mi 2022
2026-05-04 11:27:47,572 [WARNING] pipeline.cvm:   Empresa 21725 não encontrada em dfc_md 2022
2026-05-04 11:27:47,824 [WARNING] pipeline.cvm:   Empresa 21725 não encontrada em dre 2023
2026-05-04 11:27:48,304 [WARNING] pipeline.cvm:   Empresa 21725 não encontrada em bpa 2023
2026-05-04 11:27:49,127 [WARNING] pipeline.cvm:   Empresa 21725 não encontrada em bpp 2023
2026-05-04 11:27:49,567 [WARNING] pipeline.cvm:   Empresa 21725 não encontrada em dfc_mi 2023
2026-05-04 11:27:49,603 [WARNING] pipeline.cvm:   Empresa 21725 não encontrada em dfc_md 2023
2026-05-04 11:27:49,984 [WARNING] pipeline.cvm:   Empresa 21725 não encontrada em dre 2023
2026-05-04 11:27:50,659 [WARNING] pipeline.cvm:   Empresa 21725 não encontrada em bpa 2023
2026-05-04 11:27:51,850 [WARNING] pipeline.cvm:   Empresa 21725 não encontrada em bpp 2023
2026-05-04 11:27:52,423 [WARNING] pipeline.cvm:   Empresa 21725 não encontrada em dfc_mi 2023
2026-05-04 11:27:52,466 [WARNING] pipeline.cvm:   Empresa 21725 não encontrada em dfc_md 2023
2026-05-04 11:27:52,721 [WARNING] pipeline.cvm:   Empresa 21725 não encontrada em dre 2024
2026-05-04 11:27:53,149 [WARNING] pipeline.cvm:   Empresa 21725 não encontrada em bpa 2024
2026-05-04 11:27:53,856 [WARNING] pipeline.cvm:   Empresa 21725 não encontrada em bpp 2024
2026-05-04 11:27:54,230 [WARNING] pipeline.cvm:   Empresa 21725 não encontrada em dfc_mi 2024
2026-05-04 11:27:54,258 [WARNING] pipeline.cvm:   Empresa 21725 não encontrada em dfc_md 2024
2026-05-04 11:27:54,576 [WARNING] pipeline.cvm:   Empresa 21725 não encontrada em dre 2024
2026-05-04 11:27:55,183 [WARNING] pipeline.cvm:   Empresa 21725 não encontrada em bpa 2024
2026-05-04 11:27:56,282 [WARNING] pipeline.cvm:   Empresa 21725 não encontrada em bpp 2024
2026-05-04 11:27:56,826 [WARNING] pipeline.cvm:   Empresa 21725 não encontrada em dfc_mi 2024
2026-05-04 11:27:56,865 [WARNING] pipeline.cvm:   Empresa 21725 não encontrada em dfc_md 2024
2026-05-04 11:27:57,069 [WARNING] pipeline.cvm:   Empresa 21725 não encontrada em dre 2025
2026-05-04 11:27:57,435 [WARNING] pipeline.cvm:   Empresa 21725 não encontrada em bpa 2025
2026-05-04 11:27:58,064 [WARNING] pipeline.cvm:   Empresa 21725 não encontrada em bpp 2025
2026-05-04 11:27:58,416 [WARNING] pipeline.cvm:   Empresa 21725 não encontrada em dfc_mi 2025
2026-05-04 11:27:58,441 [WARNING] pipeline.cvm:   Empresa 21725 não encontrada em dfc_md 2025
2026-05-04 11:27:58,715 [WARNING] pipeline.cvm:   Empresa 21725 não encontrada em dre 2025
2026-05-04 11:27:59,278 [WARNING] pipeline.cvm:   Empresa 21725 não encontrada em bpa 2025
2026-05-04 11:28:00,252 [WARNING] pipeline.cvm:   Empresa 21725 não encontrada em bpp 2025
2026-05-04 11:28:00,732 [WARNING] pipeline.cvm:   Empresa 21725 não encontrada em dfc_mi 2025
2026-05-04 11:28:00,764 [WARNING] pipeline.cvm:   Empresa 21725 não encontrada em dfc_md 2025
2026-05-04 11:28:00,774 [INFO] pipeline:   RAIL3: score=0/100 | critical=9 | warnings=1
2026-05-04 11:28:00,774 [INFO] pipeline:   Relatorio: C:\Users\55819\OneDrive - EPEJUD\DIEGO\OBSIDIAN\Analista de Investimentos\12_PYTHON\pipeline banco completo\outputs\data_quality\audit_RAIL3_20260504.md
2026-05-04 11:28:00,774 [INFO] pipeline: 
Auditorando JSLG3...
2026-05-04 11:28:01,053 [WARNING] pipeline.cvm:   Empresa 20940 não encontrada em dre 2020
2026-05-04 11:28:01,566 [WARNING] pipeline.cvm:   Empresa 20940 não encontrada em bpa 2020
2026-05-04 11:28:02,682 [WARNING] pipeline.cvm:   Empresa 20940 não encontrada em bpp 2020
2026-05-04 11:28:03,487 [WARNING] pipeline.cvm:   Empresa 20940 não encontrada em dfc_mi 2020
2026-05-04 11:28:03,526 [WARNING] pipeline.cvm:   Empresa 20940 não encontrada em dfc_md 2020
2026-05-04 11:28:04,154 [WARNING] pipeline.cvm:   Empresa 20940 não encontrada em dre 2020
2026-05-04 11:28:05,345 [WARNING] pipeline.cvm:   Empresa 20940 não encontrada em bpa 2020
2026-05-04 11:28:06,696 [WARNING] pipeline.cvm:   Empresa 20940 não encontrada em bpp 2020
2026-05-04 11:28:07,218 [WARNING] pipeline.cvm:   Empresa 20940 não encontrada em dfc_mi 2020
2026-05-04 11:28:07,249 [WARNING] pipeline.cvm:   Empresa 20940 não encontrada em dfc_md 2020
2026-05-04 11:28:07,471 [WARNING] pipeline.cvm:   Empresa 20940 não encontrada em dre 2021
2026-05-04 11:28:07,848 [WARNING] pipeline.cvm:   Empresa 20940 não encontrada em bpa 2021
2026-05-04 11:28:08,487 [WARNING] pipeline.cvm:   Empresa 20940 não encontrada em bpp 2021
2026-05-04 11:28:08,824 [WARNING] pipeline.cvm:   Empresa 20940 não encontrada em dfc_mi 2021
2026-05-04 11:28:08,848 [WARNING] pipeline.cvm:   Empresa 20940 não encontrada em dfc_md 2021
2026-05-04 11:28:09,167 [WARNING] pipeline.cvm:   Empresa 20940 não encontrada em dre 2021
2026-05-04 11:28:09,766 [WARNING] pipeline.cvm:   Empresa 20940 não encontrada em bpa 2021
2026-05-04 11:28:10,977 [WARNING] pipeline.cvm:   Empresa 20940 não encontrada em bpp 2021
2026-05-04 11:28:11,526 [WARNING] pipeline.cvm:   Empresa 20940 não encontrada em dfc_mi 2021
2026-05-04 11:28:11,560 [WARNING] pipeline.cvm:   Empresa 20940 não encontrada em dfc_md 2021
2026-05-04 11:28:11,809 [WARNING] pipeline.cvm:   Empresa 20940 não encontrada em dre 2022
2026-05-04 11:28:12,222 [WARNING] pipeline.cvm:   Empresa 20940 não encontrada em bpa 2022
2026-05-04 11:28:12,922 [WARNING] pipeline.cvm:   Empresa 20940 não encontrada em bpp 2022
2026-05-04 11:28:13,418 [WARNING] pipeline.cvm:   Empresa 20940 não encontrada em dfc_mi 2022
2026-05-04 11:28:13,453 [WARNING] pipeline.cvm:   Empresa 20940 não encontrada em dfc_md 2022
2026-05-04 11:28:13,916 [WARNING] pipeline.cvm:   Empresa 20940 não encontrada em dre 2022
2026-05-04 11:28:14,854 [WARNING] pipeline.cvm:   Empresa 20940 não encontrada em bpa 2022
2026-05-04 11:28:16,291 [WARNING] pipeline.cvm:   Empresa 20940 não encontrada em bpp 2022
2026-05-04 11:28:16,927 [WARNING] pipeline.cvm:   Empresa 20940 não encontrada em dfc_mi 2022
2026-05-04 11:28:16,970 [WARNING] pipeline.cvm:   Empresa 20940 não encontrada em dfc_md 2022
2026-05-04 11:28:17,213 [WARNING] pipeline.cvm:   Empresa 20940 não encontrada em dre 2023
2026-05-04 11:28:17,632 [WARNING] pipeline.cvm:   Empresa 20940 não encontrada em bpa 2023
2026-05-04 11:28:18,407 [WARNING] pipeline.cvm:   Empresa 20940 não encontrada em bpp 2023
2026-05-04 11:28:18,853 [WARNING] pipeline.cvm:   Empresa 20940 não encontrada em dfc_mi 2023
2026-05-04 11:28:18,886 [WARNING] pipeline.cvm:   Empresa 20940 não encontrada em dfc_md 2023
2026-05-04 11:28:19,227 [WARNING] pipeline.cvm:   Empresa 20940 não encontrada em dre 2023
2026-05-04 11:28:20,002 [WARNING] pipeline.cvm:   Empresa 20940 não encontrada em bpa 2023
2026-05-04 11:28:21,079 [WARNING] pipeline.cvm:   Empresa 20940 não encontrada em bpp 2023
2026-05-04 11:28:21,597 [WARNING] pipeline.cvm:   Empresa 20940 não encontrada em dfc_mi 2023
2026-05-04 11:28:21,649 [WARNING] pipeline.cvm:   Empresa 20940 não encontrada em dfc_md 2023
2026-05-04 11:28:21,887 [WARNING] pipeline.cvm:   Empresa 20940 não encontrada em dre 2024
2026-05-04 11:28:22,294 [WARNING] pipeline.cvm:   Empresa 20940 não encontrada em bpa 2024
2026-05-04 11:28:23,130 [WARNING] pipeline.cvm:   Empresa 20940 não encontrada em bpp 2024
2026-05-04 11:28:23,576 [WARNING] pipeline.cvm:   Empresa 20940 não encontrada em dfc_mi 2024
2026-05-04 11:28:23,618 [WARNING] pipeline.cvm:   Empresa 20940 não encontrada em dfc_md 2024
2026-05-04 11:28:23,942 [WARNING] pipeline.cvm:   Empresa 20940 não encontrada em dre 2024
2026-05-04 11:28:24,548 [WARNING] pipeline.cvm:   Empresa 20940 não encontrada em bpa 2024
2026-05-04 11:28:25,586 [WARNING] pipeline.cvm:   Empresa 20940 não encontrada em bpp 2024
2026-05-04 11:28:26,110 [WARNING] pipeline.cvm:   Empresa 20940 não encontrada em dfc_mi 2024
2026-05-04 11:28:26,148 [WARNING] pipeline.cvm:   Empresa 20940 não encontrada em dfc_md 2024
2026-05-04 11:28:26,350 [WARNING] pipeline.cvm:   Empresa 20940 não encontrada em dre 2025
2026-05-04 11:28:26,724 [WARNING] pipeline.cvm:   Empresa 20940 não encontrada em bpa 2025
2026-05-04 11:28:27,384 [WARNING] pipeline.cvm:   Empresa 20940 não encontrada em bpp 2025
2026-05-04 11:28:27,760 [WARNING] pipeline.cvm:   Empresa 20940 não encontrada em dfc_mi 2025
2026-05-04 11:28:27,784 [WARNING] pipeline.cvm:   Empresa 20940 não encontrada em dfc_md 2025
2026-05-04 11:28:28,071 [WARNING] pipeline.cvm:   Empresa 20940 não encontrada em dre 2025
2026-05-04 11:28:28,607 [WARNING] pipeline.cvm:   Empresa 20940 não encontrada em bpa 2025
2026-05-04 11:28:29,564 [WARNING] pipeline.cvm:   Empresa 20940 não encontrada em bpp 2025
2026-05-04 11:28:30,046 [WARNING] pipeline.cvm:   Empresa 20940 não encontrada em dfc_mi 2025
2026-05-04 11:28:30,073 [WARNING] pipeline.cvm:   Empresa 20940 não encontrada em dfc_md 2025
2026-05-04 11:28:30,083 [INFO] pipeline:   JSLG3: score=0/100 | critical=9 | warnings=1
2026-05-04 11:28:30,084 [INFO] pipeline:   Relatorio: C:\Users\55819\OneDrive - EPEJUD\DIEGO\OBSIDIAN\Analista de Investimentos\12_PYTHON\pipeline banco completo\outputs\data_quality\audit_JSLG3_20260504.md
2026-05-04 11:28:30,084 [INFO] pipeline: 
Auditorando SIMH3...
2026-05-04 11:28:30,378 [WARNING] pipeline.cvm:   Empresa 8621 não encontrada em dre 2020
2026-05-04 11:28:30,884 [WARNING] pipeline.cvm:   Empresa 8621 não encontrada em bpa 2020
2026-05-04 11:28:32,077 [WARNING] pipeline.cvm:   Empresa 8621 não encontrada em bpp 2020
2026-05-04 11:28:32,600 [WARNING] pipeline.cvm:   Empresa 8621 não encontrada em dfc_mi 2020
2026-05-04 11:28:32,633 [WARNING] pipeline.cvm:   Empresa 8621 não encontrada em dfc_md 2020
2026-05-04 11:28:33,114 [WARNING] pipeline.cvm:   Empresa 8621 não encontrada em dre 2020
2026-05-04 11:28:34,064 [WARNING] pipeline.cvm:   Empresa 8621 não encontrada em bpa 2020
2026-05-04 11:28:35,370 [WARNING] pipeline.cvm:   Empresa 8621 não encontrada em bpp 2020
2026-05-04 11:28:35,810 [WARNING] pipeline.cvm:   Empresa 8621 não encontrada em dfc_mi 2020
2026-05-04 11:28:35,842 [WARNING] pipeline.cvm:   Empresa 8621 não encontrada em dfc_md 2020
2026-05-04 11:28:36,059 [WARNING] pipeline.cvm:   Empresa 8621 não encontrada em dre 2021
2026-05-04 11:28:36,438 [WARNING] pipeline.cvm:   Empresa 8621 não encontrada em bpa 2021
2026-05-04 11:28:37,062 [WARNING] pipeline.cvm:   Empresa 8621 não encontrada em bpp 2021
2026-05-04 11:28:37,401 [WARNING] pipeline.cvm:   Empresa 8621 não encontrada em dfc_mi 2021
2026-05-04 11:28:37,425 [WARNING] pipeline.cvm:   Empresa 8621 não encontrada em dfc_md 2021
2026-05-04 11:28:37,735 [WARNING] pipeline.cvm:   Empresa 8621 não encontrada em dre 2021
2026-05-04 11:28:38,322 [WARNING] pipeline.cvm:   Empresa 8621 não encontrada em bpa 2021
2026-05-04 11:28:39,338 [WARNING] pipeline.cvm:   Empresa 8621 não encontrada em bpp 2021
2026-05-04 11:28:39,799 [WARNING] pipeline.cvm:   Empresa 8621 não encontrada em dfc_mi 2021
2026-05-04 11:28:39,833 [WARNING] pipeline.cvm:   Empresa 8621 não encontrada em dfc_md 2021
2026-05-04 11:28:40,054 [WARNING] pipeline.cvm:   Empresa 8621 não encontrada em dre 2022
2026-05-04 11:28:40,434 [WARNING] pipeline.cvm:   Empresa 8621 não encontrada em bpa 2022
2026-05-04 11:28:41,183 [WARNING] pipeline.cvm:   Empresa 8621 não encontrada em bpp 2022
2026-05-04 11:28:41,629 [WARNING] pipeline.cvm:   Empresa 8621 não encontrada em dfc_mi 2022
2026-05-04 11:28:41,663 [WARNING] pipeline.cvm:   Empresa 8621 não encontrada em dfc_md 2022
2026-05-04 11:28:42,014 [WARNING] pipeline.cvm:   Empresa 8621 não encontrada em dre 2022
2026-05-04 11:28:42,703 [WARNING] pipeline.cvm:   Empresa 8621 não encontrada em bpa 2022
2026-05-04 11:28:43,754 [WARNING] pipeline.cvm:   Empresa 8621 não encontrada em bpp 2022
2026-05-04 11:28:44,248 [WARNING] pipeline.cvm:   Empresa 8621 não encontrada em dfc_mi 2022
2026-05-04 11:28:44,290 [WARNING] pipeline.cvm:   Empresa 8621 não encontrada em dfc_md 2022
2026-05-04 11:28:44,583 [WARNING] pipeline.cvm:   Empresa 8621 não encontrada em dre 2023
2026-05-04 11:28:45,240 [WARNING] pipeline.cvm:   Empresa 8621 não encontrada em bpa 2023
2026-05-04 11:28:46,333 [WARNING] pipeline.cvm:   Empresa 8621 não encontrada em bpp 2023
2026-05-04 11:28:46,941 [WARNING] pipeline.cvm:   Empresa 8621 não encontrada em dfc_mi 2023
2026-05-04 11:28:46,973 [WARNING] pipeline.cvm:   Empresa 8621 não encontrada em dfc_md 2023
2026-05-04 11:28:47,397 [WARNING] pipeline.cvm:   Empresa 8621 não encontrada em dre 2023
2026-05-04 11:28:48,232 [WARNING] pipeline.cvm:   Empresa 8621 não encontrada em bpa 2023
2026-05-04 11:28:49,458 [WARNING] pipeline.cvm:   Empresa 8621 não encontrada em bpp 2023
2026-05-04 11:28:49,999 [WARNING] pipeline.cvm:   Empresa 8621 não encontrada em dfc_mi 2023
2026-05-04 11:28:50,042 [WARNING] pipeline.cvm:   Empresa 8621 não encontrada em dfc_md 2023
2026-05-04 11:28:50,275 [WARNING] pipeline.cvm:   Empresa 8621 não encontrada em dre 2024
2026-05-04 11:28:50,679 [WARNING] pipeline.cvm:   Empresa 8621 não encontrada em bpa 2024
2026-05-04 11:28:51,528 [WARNING] pipeline.cvm:   Empresa 8621 não encontrada em bpp 2024
2026-05-04 11:28:51,999 [WARNING] pipeline.cvm:   Empresa 8621 não encontrada em dfc_mi 2024
2026-05-04 11:28:52,040 [WARNING] pipeline.cvm:   Empresa 8621 não encontrada em dfc_md 2024
2026-05-04 11:28:52,437 [WARNING] pipeline.cvm:   Empresa 8621 não encontrada em dre 2024
2026-05-04 11:28:53,210 [WARNING] pipeline.cvm:   Empresa 8621 não encontrada em bpa 2024
2026-05-04 11:28:54,294 [WARNING] pipeline.cvm:   Empresa 8621 não encontrada em bpp 2024
2026-05-04 11:28:54,867 [WARNING] pipeline.cvm:   Empresa 8621 não encontrada em dfc_mi 2024
2026-05-04 11:28:54,899 [WARNING] pipeline.cvm:   Empresa 8621 não encontrada em dfc_md 2024
2026-05-04 11:28:55,113 [WARNING] pipeline.cvm:   Empresa 8621 não encontrada em dre 2025
2026-05-04 11:28:55,533 [WARNING] pipeline.cvm:   Empresa 8621 não encontrada em bpa 2025
2026-05-04 11:28:56,224 [WARNING] pipeline.cvm:   Empresa 8621 não encontrada em bpp 2025
2026-05-04 11:28:56,615 [WARNING] pipeline.cvm:   Empresa 8621 não encontrada em dfc_mi 2025
2026-05-04 11:28:56,641 [WARNING] pipeline.cvm:   Empresa 8621 não encontrada em dfc_md 2025
2026-05-04 11:28:56,929 [WARNING] pipeline.cvm:   Empresa 8621 não encontrada em dre 2025
2026-05-04 11:28:57,488 [WARNING] pipeline.cvm:   Empresa 8621 não encontrada em bpa 2025
2026-05-04 11:28:58,438 [WARNING] pipeline.cvm:   Empresa 8621 não encontrada em bpp 2025
2026-05-04 11:28:58,912 [WARNING] pipeline.cvm:   Empresa 8621 não encontrada em dfc_mi 2025
2026-05-04 11:28:58,938 [WARNING] pipeline.cvm:   Empresa 8621 não encontrada em dfc_md 2025
2026-05-04 11:28:58,947 [INFO] pipeline:   SIMH3: score=0/100 | critical=9 | warnings=1
2026-05-04 11:28:58,947 [INFO] pipeline:   Relatorio: C:\Users\55819\OneDrive - EPEJUD\DIEGO\OBSIDIAN\Analista de Investimentos\12_PYTHON\pipeline banco completo\outputs\data_quality\audit_SIMH3_20260504.md
2026-05-04 11:28:58,948 [INFO] pipeline: 
Auditorando SEQL3...
2026-05-04 11:28:58,949 [INFO] pipeline.cvm: Buscando código CVM para SEQL3...
2026-05-04 11:29:00,072 [WARNING] pipeline.cvm: Ticker SEQL3 não encontrado no cadastro CVM
2026-05-04 11:29:00,087 [INFO] pipeline:   SEQL3: score=23/100 | critical=4 | warnings=1
2026-05-04 11:29:00,087 [INFO] pipeline:   Relatorio: C:\Users\55819\OneDrive - EPEJUD\DIEGO\OBSIDIAN\Analista de Investimentos\12_PYTHON\pipeline banco completo\outputs\data_quality\audit_SEQL3_20260504.md
2026-05-04 11:29:00,088 [INFO] pipeline: 
Auditorando TGMA3...
2026-05-04 11:29:00,428 [INFO] pipeline.cvm:   DFP dre 2020: 70 linhas
2026-05-04 11:29:00,971 [INFO] pipeline.cvm:   DFP bpa 2020: 132 linhas
2026-05-04 11:29:02,078 [INFO] pipeline.cvm:   DFP bpp 2020: 228 linhas
2026-05-04 11:29:02,587 [INFO] pipeline.cvm:   DFP dfc_mi 2020: 128 linhas
2026-05-04 11:29:02,626 [WARNING] pipeline.cvm:   Empresa 20800 não encontrada em dfc_md 2020
2026-05-04 11:29:03,130 [INFO] pipeline.cvm:   DFP dre 2020: 70 linhas
2026-05-04 11:29:04,101 [INFO] pipeline.cvm:   DFP bpa 2020: 128 linhas
2026-05-04 11:29:05,810 [INFO] pipeline.cvm:   DFP bpp 2020: 224 linhas
2026-05-04 11:29:06,602 [INFO] pipeline.cvm:   DFP dfc_mi 2020: 122 linhas
2026-05-04 11:29:06,670 [WARNING] pipeline.cvm:   Empresa 20800 não encontrada em dfc_md 2020
2026-05-04 11:29:07,089 [INFO] pipeline.cvm:   DFP dre 2021: 70 linhas
2026-05-04 11:29:07,959 [INFO] pipeline.cvm:   DFP bpa 2021: 134 linhas
2026-05-04 11:29:09,136 [INFO] pipeline.cvm:   DFP bpp 2021: 228 linhas
2026-05-04 11:29:09,754 [INFO] pipeline.cvm:   DFP dfc_mi 2021: 128 linhas
2026-05-04 11:29:09,800 [WARNING] pipeline.cvm:   Empresa 20800 não encontrada em dfc_md 2021
2026-05-04 11:29:10,277 [INFO] pipeline.cvm:   DFP dre 2021: 70 linhas
2026-05-04 11:29:11,077 [INFO] pipeline.cvm:   DFP bpa 2021: 134 linhas
2026-05-04 11:29:12,330 [INFO] pipeline.cvm:   DFP bpp 2021: 224 linhas
2026-05-04 11:29:12,837 [INFO] pipeline.cvm:   DFP dfc_mi 2021: 122 linhas
2026-05-04 11:29:12,878 [WARNING] pipeline.cvm:   Empresa 20800 não encontrada em dfc_md 2021
2026-05-04 11:29:13,179 [INFO] pipeline.cvm:   DFP dre 2022: 70 linhas
2026-05-04 11:29:13,605 [INFO] pipeline.cvm:   DFP bpa 2022: 134 linhas
2026-05-04 11:29:14,545 [INFO] pipeline.cvm:   DFP bpp 2022: 228 linhas
2026-05-04 11:29:15,110 [INFO] pipeline.cvm:   DFP dfc_mi 2022: 128 linhas
2026-05-04 11:29:15,149 [WARNING] pipeline.cvm:   Empresa 20800 não encontrada em dfc_md 2022
2026-05-04 11:29:15,540 [INFO] pipeline.cvm:   DFP dre 2022: 70 linhas
2026-05-04 11:29:16,260 [INFO] pipeline.cvm:   DFP bpa 2022: 134 linhas
2026-05-04 11:29:17,374 [INFO] pipeline.cvm:   DFP bpp 2022: 224 linhas
2026-05-04 11:29:17,936 [INFO] pipeline.cvm:   DFP dfc_mi 2022: 122 linhas
2026-05-04 11:29:17,981 [WARNING] pipeline.cvm:   Empresa 20800 não encontrada em dfc_md 2022
2026-05-04 11:29:18,238 [INFO] pipeline.cvm:   DFP dre 2023: 70 linhas
2026-05-04 11:29:18,671 [INFO] pipeline.cvm:   DFP bpa 2023: 134 linhas
2026-05-04 11:29:19,378 [INFO] pipeline.cvm:   DFP bpp 2023: 228 linhas
2026-05-04 11:29:19,751 [INFO] pipeline.cvm:   DFP dfc_mi 2023: 128 linhas
2026-05-04 11:29:19,778 [WARNING] pipeline.cvm:   Empresa 20800 não encontrada em dfc_md 2023
2026-05-04 11:29:20,105 [INFO] pipeline.cvm:   DFP dre 2023: 70 linhas
2026-05-04 11:29:20,718 [INFO] pipeline.cvm:   DFP bpa 2023: 134 linhas
2026-05-04 11:29:21,883 [INFO] pipeline.cvm:   DFP bpp 2023: 224 linhas
2026-05-04 11:29:22,438 [INFO] pipeline.cvm:   DFP dfc_mi 2023: 122 linhas
2026-05-04 11:29:22,480 [WARNING] pipeline.cvm:   Empresa 20800 não encontrada em dfc_md 2023
2026-05-04 11:29:22,725 [INFO] pipeline.cvm:   DFP dre 2024: 70 linhas
2026-05-04 11:29:23,129 [INFO] pipeline.cvm:   DFP bpa 2024: 134 linhas
2026-05-04 11:29:23,825 [INFO] pipeline.cvm:   DFP bpp 2024: 230 linhas
2026-05-04 11:29:24,193 [INFO] pipeline.cvm:   DFP dfc_mi 2024: 130 linhas
2026-05-04 11:29:24,220 [WARNING] pipeline.cvm:   Empresa 20800 não encontrada em dfc_md 2024
2026-05-04 11:29:24,527 [INFO] pipeline.cvm:   DFP dre 2024: 70 linhas
2026-05-04 11:29:25,105 [INFO] pipeline.cvm:   DFP bpa 2024: 134 linhas
2026-05-04 11:29:26,127 [INFO] pipeline.cvm:   DFP bpp 2024: 226 linhas
2026-05-04 11:29:26,638 [INFO] pipeline.cvm:   DFP dfc_mi 2024: 126 linhas
2026-05-04 11:29:26,668 [WARNING] pipeline.cvm:   Empresa 20800 não encontrada em dfc_md 2024
2026-05-04 11:29:26,878 [INFO] pipeline.cvm:   DFP dre 2025: 70 linhas
2026-05-04 11:29:27,230 [INFO] pipeline.cvm:   DFP bpa 2025: 134 linhas
2026-05-04 11:29:27,853 [INFO] pipeline.cvm:   DFP bpp 2025: 230 linhas
2026-05-04 11:29:28,214 [INFO] pipeline.cvm:   DFP dfc_mi 2025: 130 linhas
2026-05-04 11:29:28,238 [WARNING] pipeline.cvm:   Empresa 20800 não encontrada em dfc_md 2025
2026-05-04 11:29:28,511 [INFO] pipeline.cvm:   DFP dre 2025: 70 linhas
2026-05-04 11:29:29,035 [INFO] pipeline.cvm:   DFP bpa 2025: 134 linhas
2026-05-04 11:29:29,956 [INFO] pipeline.cvm:   DFP bpp 2025: 226 linhas
2026-05-04 11:29:30,421 [INFO] pipeline.cvm:   DFP dfc_mi 2025: 128 linhas
2026-05-04 11:29:30,455 [WARNING] pipeline.cvm:   Empresa 20800 não encontrada em dfc_md 2025
2026-05-04 11:29:33,523 [INFO] pipeline:   TGMA3: score=95/100 | critical=0 | warnings=1
2026-05-04 11:29:33,523 [INFO] pipeline:   Relatorio: C:\Users\55819\OneDrive - EPEJUD\DIEGO\OBSIDIAN\Analista de Investimentos\12_PYTHON\pipeline banco completo\outputs\data_quality\audit_TGMA3_20260504.md
2026-05-04 11:29:33,524 [INFO] pipeline: 
Auditorando EVEN3...
2026-05-04 11:29:33,856 [INFO] pipeline.cvm:   DFP dre 2020: 68 linhas
2026-05-04 11:29:34,567 [INFO] pipeline.cvm:   DFP bpa 2020: 154 linhas
2026-05-04 11:29:35,710 [INFO] pipeline.cvm:   DFP bpp 2020: 244 linhas
2026-05-04 11:29:36,274 [INFO] pipeline.cvm:   DFP dfc_mi 2020: 124 linhas
2026-05-04 11:29:36,314 [WARNING] pipeline.cvm:   Empresa 20915 não encontrada em dfc_md 2020
2026-05-04 11:29:36,888 [INFO] pipeline.cvm:   DFP dre 2020: 64 linhas
2026-05-04 11:29:37,923 [INFO] pipeline.cvm:   DFP bpa 2020: 156 linhas
2026-05-04 11:29:39,296 [INFO] pipeline.cvm:   DFP bpp 2020: 246 linhas
2026-05-04 11:29:39,793 [INFO] pipeline.cvm:   DFP dfc_mi 2020: 122 linhas
2026-05-04 11:29:39,830 [WARNING] pipeline.cvm:   Empresa 20915 não encontrada em dfc_md 2020
2026-05-04 11:29:40,066 [INFO] pipeline.cvm:   DFP dre 2021: 68 linhas
2026-05-04 11:29:40,486 [INFO] pipeline.cvm:   DFP bpa 2021: 154 linhas
2026-05-04 11:29:41,212 [INFO] pipeline.cvm:   DFP bpp 2021: 248 linhas
2026-05-04 11:29:41,591 [INFO] pipeline.cvm:   DFP dfc_mi 2021: 128 linhas
2026-05-04 11:29:41,615 [WARNING] pipeline.cvm:   Empresa 20915 não encontrada em dfc_md 2021
2026-05-04 11:29:42,025 [INFO] pipeline.cvm:   DFP dre 2021: 64 linhas
2026-05-04 11:29:42,650 [INFO] pipeline.cvm:   DFP bpa 2021: 156 linhas
2026-05-04 11:29:43,792 [INFO] pipeline.cvm:   DFP bpp 2021: 252 linhas
2026-05-04 11:29:44,323 [INFO] pipeline.cvm:   DFP dfc_mi 2021: 126 linhas
2026-05-04 11:29:44,355 [WARNING] pipeline.cvm:   Empresa 20915 não encontrada em dfc_md 2021
2026-05-04 11:29:44,600 [INFO] pipeline.cvm:   DFP dre 2022: 68 linhas
2026-05-04 11:29:45,055 [INFO] pipeline.cvm:   DFP bpa 2022: 154 linhas
2026-05-04 11:29:45,758 [INFO] pipeline.cvm:   DFP bpp 2022: 250 linhas
2026-05-04 11:29:46,137 [INFO] pipeline.cvm:   DFP dfc_mi 2022: 130 linhas
2026-05-04 11:29:46,166 [WARNING] pipeline.cvm:   Empresa 20915 não encontrada em dfc_md 2022
2026-05-04 11:29:46,554 [INFO] pipeline.cvm:   DFP dre 2022: 64 linhas
2026-05-04 11:29:47,205 [INFO] pipeline.cvm:   DFP bpa 2022: 156 linhas
2026-05-04 11:29:48,263 [INFO] pipeline.cvm:   DFP bpp 2022: 254 linhas
2026-05-04 11:29:48,733 [INFO] pipeline.cvm:   DFP dfc_mi 2022: 126 linhas
2026-05-04 11:29:48,770 [WARNING] pipeline.cvm:   Empresa 20915 não encontrada em dfc_md 2022
2026-05-04 11:29:48,991 [INFO] pipeline.cvm:   DFP dre 2023: 68 linhas
2026-05-04 11:29:49,372 [INFO] pipeline.cvm:   DFP bpa 2023: 154 linhas
2026-05-04 11:29:50,171 [INFO] pipeline.cvm:   DFP bpp 2023: 250 linhas
2026-05-04 11:29:50,544 [INFO] pipeline.cvm:   DFP dfc_mi 2023: 132 linhas
2026-05-04 11:29:50,566 [WARNING] pipeline.cvm:   Empresa 20915 não encontrada em dfc_md 2023
2026-05-04 11:29:50,879 [INFO] pipeline.cvm:   DFP dre 2023: 64 linhas
2026-05-04 11:29:51,475 [INFO] pipeline.cvm:   DFP bpa 2023: 154 linhas
2026-05-04 11:29:52,500 [INFO] pipeline.cvm:   DFP bpp 2023: 254 linhas
2026-05-04 11:29:53,151 [INFO] pipeline.cvm:   DFP dfc_mi 2023: 130 linhas
2026-05-04 11:29:53,191 [WARNING] pipeline.cvm:   Empresa 20915 não encontrada em dfc_md 2023
2026-05-04 11:29:53,415 [INFO] pipeline.cvm:   DFP dre 2024: 68 linhas
2026-05-04 11:29:53,802 [INFO] pipeline.cvm:   DFP bpa 2024: 154 linhas
2026-05-04 11:29:54,452 [INFO] pipeline.cvm:   DFP bpp 2024: 252 linhas
2026-05-04 11:29:54,839 [INFO] pipeline.cvm:   DFP dfc_mi 2024: 132 linhas
2026-05-04 11:29:54,867 [WARNING] pipeline.cvm:   Empresa 20915 não encontrada em dfc_md 2024
2026-05-04 11:29:55,182 [INFO] pipeline.cvm:   DFP dre 2024: 64 linhas
2026-05-04 11:29:55,818 [INFO] pipeline.cvm:   DFP bpa 2024: 156 linhas
2026-05-04 11:29:57,043 [INFO] pipeline.cvm:   DFP bpp 2024: 256 linhas
2026-05-04 11:29:57,596 [INFO] pipeline.cvm:   DFP dfc_mi 2024: 130 linhas
2026-05-04 11:29:57,635 [WARNING] pipeline.cvm:   Empresa 20915 não encontrada em dfc_md 2024
2026-05-04 11:29:57,843 [INFO] pipeline.cvm:   DFP dre 2025: 68 linhas
2026-05-04 11:29:58,204 [INFO] pipeline.cvm:   DFP bpa 2025: 154 linhas
2026-05-04 11:29:58,824 [INFO] pipeline.cvm:   DFP bpp 2025: 252 linhas
2026-05-04 11:29:59,221 [INFO] pipeline.cvm:   DFP dfc_mi 2025: 134 linhas
2026-05-04 11:29:59,245 [WARNING] pipeline.cvm:   Empresa 20915 não encontrada em dfc_md 2025
2026-05-04 11:29:59,535 [INFO] pipeline.cvm:   DFP dre 2025: 64 linhas
2026-05-04 11:30:00,076 [INFO] pipeline.cvm:   DFP bpa 2025: 156 linhas
2026-05-04 11:30:00,986 [INFO] pipeline.cvm:   DFP bpp 2025: 256 linhas
2026-05-04 11:30:01,459 [INFO] pipeline.cvm:   DFP dfc_mi 2025: 132 linhas
2026-05-04 11:30:01,492 [WARNING] pipeline.cvm:   Empresa 20915 não encontrada em dfc_md 2025
2026-05-04 11:30:04,299 [INFO] pipeline:   EVEN3: score=95/100 | critical=0 | warnings=1
2026-05-04 11:30:04,299 [INFO] pipeline:   Relatorio: C:\Users\55819\OneDrive - EPEJUD\DIEGO\OBSIDIAN\Analista de Investimentos\12_PYTHON\pipeline banco completo\outputs\data_quality\audit_EVEN3_20260504.md
2026-05-04 11:30:04,299 [INFO] pipeline: 
Auditorando MDNE3...
2026-05-04 11:30:04,300 [INFO] pipeline.cvm: Buscando código CVM para MDNE3...
2026-05-04 11:30:05,181 [WARNING] pipeline.cvm: Ticker MDNE3 não encontrado no cadastro CVM
2026-05-04 11:30:05,195 [INFO] pipeline:   MDNE3: score=23/100 | critical=4 | warnings=1
2026-05-04 11:30:05,196 [INFO] pipeline:   Relatorio: C:\Users\55819\OneDrive - EPEJUD\DIEGO\OBSIDIAN\Analista de Investimentos\12_PYTHON\pipeline banco completo\outputs\data_quality\audit_MDNE3_20260504.md
2026-05-04 11:30:05,197 [INFO] pipeline: 
Auditorando PLPL3...
2026-05-04 11:30:05,198 [INFO] pipeline.cvm: Buscando código CVM para PLPL3...
2026-05-04 11:30:06,140 [WARNING] pipeline.cvm: Ticker PLPL3 não encontrado no cadastro CVM
2026-05-04 11:30:06,157 [INFO] pipeline:   PLPL3: score=23/100 | critical=4 | warnings=1
2026-05-04 11:30:06,158 [INFO] pipeline:   Relatorio: C:\Users\55819\OneDrive - EPEJUD\DIEGO\OBSIDIAN\Analista de Investimentos\12_PYTHON\pipeline banco completo\outputs\data_quality\audit_PLPL3_20260504.md
2026-05-04 11:30:06,159 [INFO] pipeline: 
Auditorando MELK3...
2026-05-04 11:30:06,160 [INFO] pipeline.cvm: Buscando código CVM para MELK3...
2026-05-04 11:30:07,181 [WARNING] pipeline.cvm: Ticker MELK3 não encontrado no cadastro CVM
2026-05-04 11:30:07,206 [INFO] pipeline:   MELK3: score=23/100 | critical=4 | warnings=1
2026-05-04 11:30:07,207 [INFO] pipeline:   Relatorio: C:\Users\55819\OneDrive - EPEJUD\DIEGO\OBSIDIAN\Analista de Investimentos\12_PYTHON\pipeline banco completo\outputs\data_quality\audit_MELK3_20260504.md
2026-05-04 11:30:07,208 [INFO] pipeline: 
Auditorando LAVV3...
2026-05-04 11:30:07,209 [INFO] pipeline.cvm: Buscando código CVM para LAVV3...
2026-05-04 11:30:07,945 [WARNING] pipeline.cvm: Ticker LAVV3 não encontrado no cadastro CVM
2026-05-04 11:30:07,961 [INFO] pipeline:   LAVV3: score=23/100 | critical=4 | warnings=1
2026-05-04 11:30:07,961 [INFO] pipeline:   Relatorio: C:\Users\55819\OneDrive - EPEJUD\DIEGO\OBSIDIAN\Analista de Investimentos\12_PYTHON\pipeline banco completo\outputs\data_quality\audit_LAVV3_20260504.md
2026-05-04 11:30:07,962 [INFO] pipeline: 
Auditorando LREN3...
2026-05-04 11:30:08,262 [INFO] pipeline.cvm:   DFP dre 2020: 68 linhas
2026-05-04 11:30:08,890 [INFO] pipeline.cvm:   DFP bpa 2020: 132 linhas
2026-05-04 11:30:09,831 [INFO] pipeline.cvm:   DFP bpp 2020: 232 linhas
2026-05-04 11:30:10,414 [INFO] pipeline.cvm:   DFP dfc_mi 2020: 108 linhas
2026-05-04 11:30:10,443 [WARNING] pipeline.cvm:   Empresa 8133 não encontrada em dfc_md 2020
2026-05-04 11:30:10,936 [INFO] pipeline.cvm:   DFP dre 2020: 64 linhas
2026-05-04 11:30:11,853 [INFO] pipeline.cvm:   DFP bpa 2020: 134 linhas
2026-05-04 11:30:13,330 [INFO] pipeline.cvm:   DFP bpp 2020: 234 linhas
2026-05-04 11:30:14,084 [INFO] pipeline.cvm:   DFP dfc_mi 2020: 108 linhas
2026-05-04 11:30:14,132 [WARNING] pipeline.cvm:   Empresa 8133 não encontrada em dfc_md 2020
2026-05-04 11:30:14,480 [INFO] pipeline.cvm:   DFP dre 2021: 68 linhas
2026-05-04 11:30:15,084 [INFO] pipeline.cvm:   DFP bpa 2021: 132 linhas
2026-05-04 11:30:16,209 [INFO] pipeline.cvm:   DFP bpp 2021: 232 linhas
2026-05-04 11:30:16,799 [INFO] pipeline.cvm:   DFP dfc_mi 2021: 108 linhas
2026-05-04 11:30:16,844 [WARNING] pipeline.cvm:   Empresa 8133 não encontrada em dfc_md 2021
2026-05-04 11:30:17,308 [INFO] pipeline.cvm:   DFP dre 2021: 64 linhas
2026-05-04 11:30:18,113 [INFO] pipeline.cvm:   DFP bpa 2021: 134 linhas
2026-05-04 11:30:19,245 [INFO] pipeline.cvm:   DFP bpp 2021: 234 linhas
2026-05-04 11:30:19,802 [INFO] pipeline.cvm:   DFP dfc_mi 2021: 108 linhas
2026-05-04 11:30:19,843 [WARNING] pipeline.cvm:   Empresa 8133 não encontrada em dfc_md 2021
2026-05-04 11:30:20,101 [INFO] pipeline.cvm:   DFP dre 2022: 68 linhas
2026-05-04 11:30:20,541 [INFO] pipeline.cvm:   DFP bpa 2022: 132 linhas
2026-05-04 11:30:21,301 [INFO] pipeline.cvm:   DFP bpp 2022: 236 linhas
2026-05-04 11:30:21,703 [INFO] pipeline.cvm:   DFP dfc_mi 2022: 82 linhas
2026-05-04 11:30:21,734 [WARNING] pipeline.cvm:   Empresa 8133 não encontrada em dfc_md 2022
2026-05-04 11:30:22,080 [INFO] pipeline.cvm:   DFP dre 2022: 64 linhas
2026-05-04 11:30:22,695 [INFO] pipeline.cvm:   DFP bpa 2022: 134 linhas
2026-05-04 11:30:23,822 [INFO] pipeline.cvm:   DFP bpp 2022: 238 linhas
2026-05-04 11:30:24,350 [INFO] pipeline.cvm:   DFP dfc_mi 2022: 86 linhas
2026-05-04 11:30:24,398 [WARNING] pipeline.cvm:   Empresa 8133 não encontrada em dfc_md 2022
2026-05-04 11:30:24,667 [INFO] pipeline.cvm:   DFP dre 2023: 68 linhas
2026-05-04 11:30:25,172 [INFO] pipeline.cvm:   DFP bpa 2023: 132 linhas
2026-05-04 11:30:26,104 [INFO] pipeline.cvm:   DFP bpp 2023: 236 linhas
2026-05-04 11:30:26,578 [INFO] pipeline.cvm:   DFP dfc_mi 2023: 82 linhas
2026-05-04 11:30:26,601 [WARNING] pipeline.cvm:   Empresa 8133 não encontrada em dfc_md 2023
2026-05-04 11:30:26,933 [INFO] pipeline.cvm:   DFP dre 2023: 64 linhas
2026-05-04 11:30:27,587 [INFO] pipeline.cvm:   DFP bpa 2023: 134 linhas
2026-05-04 11:30:28,711 [INFO] pipeline.cvm:   DFP bpp 2023: 238 linhas
2026-05-04 11:30:29,243 [INFO] pipeline.cvm:   DFP dfc_mi 2023: 86 linhas
2026-05-04 11:30:29,291 [WARNING] pipeline.cvm:   Empresa 8133 não encontrada em dfc_md 2023
2026-05-04 11:30:29,519 [INFO] pipeline.cvm:   DFP dre 2024: 68 linhas
2026-05-04 11:30:29,904 [INFO] pipeline.cvm:   DFP bpa 2024: 132 linhas
2026-05-04 11:30:30,562 [INFO] pipeline.cvm:   DFP bpp 2024: 236 linhas
2026-05-04 11:30:30,926 [INFO] pipeline.cvm:   DFP dfc_mi 2024: 76 linhas
2026-05-04 11:30:30,953 [WARNING] pipeline.cvm:   Empresa 8133 não encontrada em dfc_md 2024
2026-05-04 11:30:31,256 [INFO] pipeline.cvm:   DFP dre 2024: 64 linhas
2026-05-04 11:30:31,828 [INFO] pipeline.cvm:   DFP bpa 2024: 134 linhas
2026-05-04 11:30:32,937 [INFO] pipeline.cvm:   DFP bpp 2024: 238 linhas
2026-05-04 11:30:33,461 [INFO] pipeline.cvm:   DFP dfc_mi 2024: 82 linhas
2026-05-04 11:30:33,495 [WARNING] pipeline.cvm:   Empresa 8133 não encontrada em dfc_md 2024
2026-05-04 11:30:33,694 [INFO] pipeline.cvm:   DFP dre 2025: 68 linhas
2026-05-04 11:30:34,034 [INFO] pipeline.cvm:   DFP bpa 2025: 136 linhas
2026-05-04 11:30:34,634 [INFO] pipeline.cvm:   DFP bpp 2025: 236 linhas
2026-05-04 11:30:34,975 [INFO] pipeline.cvm:   DFP dfc_mi 2025: 78 linhas
2026-05-04 11:30:34,999 [WARNING] pipeline.cvm:   Empresa 8133 não encontrada em dfc_md 2025
2026-05-04 11:30:35,285 [INFO] pipeline.cvm:   DFP dre 2025: 64 linhas
2026-05-04 11:30:35,896 [INFO] pipeline.cvm:   DFP bpa 2025: 138 linhas
2026-05-04 11:30:36,885 [INFO] pipeline.cvm:   DFP bpp 2025: 238 linhas
2026-05-04 11:30:37,372 [INFO] pipeline.cvm:   DFP dfc_mi 2025: 82 linhas
2026-05-04 11:30:37,402 [WARNING] pipeline.cvm:   Empresa 8133 não encontrada em dfc_md 2025
2026-05-04 11:30:40,084 [INFO] pipeline:   LREN3: score=95/100 | critical=0 | warnings=1
2026-05-04 11:30:40,084 [INFO] pipeline:   Relatorio: C:\Users\55819\OneDrive - EPEJUD\DIEGO\OBSIDIAN\Analista de Investimentos\12_PYTHON\pipeline banco completo\outputs\data_quality\audit_LREN3_20260504.md
2026-05-04 11:30:40,084 [INFO] pipeline: 
Auditorando MGLU3...
2026-05-04 11:30:40,307 [INFO] pipeline.cvm:   DFP dre 2020: 64 linhas
2026-05-04 11:30:40,667 [INFO] pipeline.cvm:   DFP bpa 2020: 124 linhas
2026-05-04 11:30:41,294 [INFO] pipeline.cvm:   DFP bpp 2020: 214 linhas
2026-05-04 11:30:41,623 [INFO] pipeline.cvm:   DFP dfc_mi 2020: 104 linhas
2026-05-04 11:30:41,642 [WARNING] pipeline.cvm:   Empresa 22470 não encontrada em dfc_md 2020
2026-05-04 11:30:41,955 [INFO] pipeline.cvm:   DFP dre 2020: 60 linhas
2026-05-04 11:30:42,546 [INFO] pipeline.cvm:   DFP bpa 2020: 126 linhas
2026-05-04 11:30:43,708 [INFO] pipeline.cvm:   DFP bpp 2020: 214 linhas
2026-05-04 11:30:44,174 [INFO] pipeline.cvm:   DFP dfc_mi 2020: 106 linhas
2026-05-04 11:30:44,204 [WARNING] pipeline.cvm:   Empresa 22470 não encontrada em dfc_md 2020
2026-05-04 11:30:44,477 [INFO] pipeline.cvm:   DFP dre 2021: 64 linhas
2026-05-04 11:30:44,873 [INFO] pipeline.cvm:   DFP bpa 2021: 128 linhas
2026-05-04 11:30:45,520 [INFO] pipeline.cvm:   DFP bpp 2021: 218 linhas
2026-05-04 11:30:45,864 [INFO] pipeline.cvm:   DFP dfc_mi 2021: 104 linhas
2026-05-04 11:30:45,889 [WARNING] pipeline.cvm:   Empresa 22470 não encontrada em dfc_md 2021
2026-05-04 11:30:46,227 [INFO] pipeline.cvm:   DFP dre 2021: 60 linhas
2026-05-04 11:30:46,835 [INFO] pipeline.cvm:   DFP bpa 2021: 130 linhas
2026-05-04 11:30:47,907 [INFO] pipeline.cvm:   DFP bpp 2021: 216 linhas
2026-05-04 11:30:48,384 [INFO] pipeline.cvm:   DFP dfc_mi 2021: 106 linhas
2026-05-04 11:30:48,419 [WARNING] pipeline.cvm:   Empresa 22470 não encontrada em dfc_md 2021
2026-05-04 11:30:48,643 [INFO] pipeline.cvm:   DFP dre 2022: 64 linhas
2026-05-04 11:30:49,042 [INFO] pipeline.cvm:   DFP bpa 2022: 128 linhas
2026-05-04 11:30:49,708 [INFO] pipeline.cvm:   DFP bpp 2022: 222 linhas
2026-05-04 11:30:50,087 [INFO] pipeline.cvm:   DFP dfc_mi 2022: 106 linhas
2026-05-04 11:30:50,121 [WARNING] pipeline.cvm:   Empresa 22470 não encontrada em dfc_md 2022
2026-05-04 11:30:50,459 [INFO] pipeline.cvm:   DFP dre 2022: 60 linhas
2026-05-04 11:30:51,096 [INFO] pipeline.cvm:   DFP bpa 2022: 130 linhas
2026-05-04 11:30:52,220 [INFO] pipeline.cvm:   DFP bpp 2022: 220 linhas
2026-05-04 11:30:52,746 [INFO] pipeline.cvm:   DFP dfc_mi 2022: 108 linhas
2026-05-04 11:30:52,783 [WARNING] pipeline.cvm:   Empresa 22470 não encontrada em dfc_md 2022
2026-05-04 11:30:53,019 [INFO] pipeline.cvm:   DFP dre 2023: 64 linhas
2026-05-04 11:30:53,422 [INFO] pipeline.cvm:   DFP bpa 2023: 128 linhas
2026-05-04 11:30:54,132 [INFO] pipeline.cvm:   DFP bpp 2023: 222 linhas
2026-05-04 11:30:54,515 [INFO] pipeline.cvm:   DFP dfc_mi 2023: 106 linhas
2026-05-04 11:30:54,541 [WARNING] pipeline.cvm:   Empresa 22470 não encontrada em dfc_md 2023
2026-05-04 11:30:54,859 [INFO] pipeline.cvm:   DFP dre 2023: 60 linhas
2026-05-04 11:30:55,477 [INFO] pipeline.cvm:   DFP bpa 2023: 130 linhas
2026-05-04 11:30:56,518 [INFO] pipeline.cvm:   DFP bpp 2023: 220 linhas
2026-05-04 11:30:57,019 [INFO] pipeline.cvm:   DFP dfc_mi 2023: 108 linhas
2026-05-04 11:30:57,059 [WARNING] pipeline.cvm:   Empresa 22470 não encontrada em dfc_md 2023
2026-05-04 11:30:57,285 [INFO] pipeline.cvm:   DFP dre 2024: 64 linhas
2026-05-04 11:30:57,681 [INFO] pipeline.cvm:   DFP bpa 2024: 128 linhas
2026-05-04 11:30:58,346 [INFO] pipeline.cvm:   DFP bpp 2024: 222 linhas
2026-05-04 11:30:58,718 [INFO] pipeline.cvm:   DFP dfc_mi 2024: 108 linhas
2026-05-04 11:30:58,744 [WARNING] pipeline.cvm:   Empresa 22470 não encontrada em dfc_md 2024
2026-05-04 11:30:59,048 [INFO] pipeline.cvm:   DFP dre 2024: 60 linhas
2026-05-04 11:30:59,634 [INFO] pipeline.cvm:   DFP bpa 2024: 130 linhas
2026-05-04 11:31:00,640 [INFO] pipeline.cvm:   DFP bpp 2024: 220 linhas
2026-05-04 11:31:01,161 [INFO] pipeline.cvm:   DFP dfc_mi 2024: 110 linhas
2026-05-04 11:31:01,196 [WARNING] pipeline.cvm:   Empresa 22470 não encontrada em dfc_md 2024
2026-05-04 11:31:01,401 [INFO] pipeline.cvm:   DFP dre 2025: 64 linhas
2026-05-04 11:31:01,767 [INFO] pipeline.cvm:   DFP bpa 2025: 128 linhas
2026-05-04 11:31:02,419 [INFO] pipeline.cvm:   DFP bpp 2025: 222 linhas
2026-05-04 11:31:02,771 [INFO] pipeline.cvm:   DFP dfc_mi 2025: 110 linhas
2026-05-04 11:31:02,795 [WARNING] pipeline.cvm:   Empresa 22470 não encontrada em dfc_md 2025
2026-05-04 11:31:03,080 [INFO] pipeline.cvm:   DFP dre 2025: 60 linhas
2026-05-04 11:31:03,693 [INFO] pipeline.cvm:   DFP bpa 2025: 130 linhas
2026-05-04 11:31:04,673 [INFO] pipeline.cvm:   DFP bpp 2025: 220 linhas
2026-05-04 11:31:05,253 [INFO] pipeline.cvm:   DFP dfc_mi 2025: 112 linhas
2026-05-04 11:31:05,300 [WARNING] pipeline.cvm:   Empresa 22470 não encontrada em dfc_md 2025
2026-05-04 11:31:09,448 [INFO] pipeline:   MGLU3: score=95/100 | critical=0 | warnings=1
2026-05-04 11:31:09,448 [INFO] pipeline:   Relatorio: C:\Users\55819\OneDrive - EPEJUD\DIEGO\OBSIDIAN\Analista de Investimentos\12_PYTHON\pipeline banco completo\outputs\data_quality\audit_MGLU3_20260504.md
2026-05-04 11:31:09,449 [INFO] pipeline: 
Auditorando BHIA3...
2026-05-04 11:31:09,841 [INFO] pipeline.cvm:   DFP dre 2020: 62 linhas
2026-05-04 11:31:10,489 [INFO] pipeline.cvm:   DFP bpa 2020: 128 linhas
2026-05-04 11:31:11,674 [INFO] pipeline.cvm:   DFP bpp 2020: 226 linhas
2026-05-04 11:31:12,199 [INFO] pipeline.cvm:   DFP dfc_mi 2020: 122 linhas
2026-05-04 11:31:12,237 [WARNING] pipeline.cvm:   Empresa 6505 não encontrada em dfc_md 2020
2026-05-04 11:31:12,841 [INFO] pipeline.cvm:   DFP dre 2020: 66 linhas
2026-05-04 11:31:13,909 [INFO] pipeline.cvm:   DFP bpa 2020: 130 linhas
2026-05-04 11:31:15,533 [INFO] pipeline.cvm:   DFP bpp 2020: 228 linhas
2026-05-04 11:31:16,179 [INFO] pipeline.cvm:   DFP dfc_mi 2020: 120 linhas
2026-05-04 11:31:16,213 [WARNING] pipeline.cvm:   Empresa 6505 não encontrada em dfc_md 2020
2026-05-04 11:31:16,559 [INFO] pipeline.cvm:   DFP dre 2021: 62 linhas
2026-05-04 11:31:17,143 [INFO] pipeline.cvm:   DFP bpa 2021: 128 linhas
2026-05-04 11:31:17,875 [INFO] pipeline.cvm:   DFP bpp 2021: 226 linhas
2026-05-04 11:31:18,243 [INFO] pipeline.cvm:   DFP dfc_mi 2021: 126 linhas
2026-05-04 11:31:18,281 [WARNING] pipeline.cvm:   Empresa 6505 não encontrada em dfc_md 2021
2026-05-04 11:31:18,741 [INFO] pipeline.cvm:   DFP dre 2021: 66 linhas
2026-05-04 11:31:19,529 [INFO] pipeline.cvm:   DFP bpa 2021: 130 linhas
2026-05-04 11:31:21,024 [INFO] pipeline.cvm:   DFP bpp 2021: 228 linhas
2026-05-04 11:31:21,554 [INFO] pipeline.cvm:   DFP dfc_mi 2021: 126 linhas
2026-05-04 11:31:21,618 [WARNING] pipeline.cvm:   Empresa 6505 não encontrada em dfc_md 2021
2026-05-04 11:31:21,888 [INFO] pipeline.cvm:   DFP dre 2022: 62 linhas
2026-05-04 11:31:22,404 [INFO] pipeline.cvm:   DFP bpa 2022: 128 linhas
2026-05-04 11:31:23,286 [INFO] pipeline.cvm:   DFP bpp 2022: 230 linhas
2026-05-04 11:31:23,772 [INFO] pipeline.cvm:   DFP dfc_mi 2022: 132 linhas
2026-05-04 11:31:23,807 [WARNING] pipeline.cvm:   Empresa 6505 não encontrada em dfc_md 2022
2026-05-04 11:31:24,148 [INFO] pipeline.cvm:   DFP dre 2022: 66 linhas
2026-05-04 11:31:24,803 [INFO] pipeline.cvm:   DFP bpa 2022: 130 linhas
2026-05-04 11:31:26,056 [INFO] pipeline.cvm:   DFP bpp 2022: 232 linhas
2026-05-04 11:31:26,664 [INFO] pipeline.cvm:   DFP dfc_mi 2022: 132 linhas
2026-05-04 11:31:26,714 [WARNING] pipeline.cvm:   Empresa 6505 não encontrada em dfc_md 2022
2026-05-04 11:31:27,002 [INFO] pipeline.cvm:   DFP dre 2023: 62 linhas
2026-05-04 11:31:27,462 [INFO] pipeline.cvm:   DFP bpa 2023: 128 linhas
2026-05-04 11:31:28,440 [INFO] pipeline.cvm:   DFP bpp 2023: 230 linhas
2026-05-04 11:31:28,928 [INFO] pipeline.cvm:   DFP dfc_mi 2023: 132 linhas
2026-05-04 11:31:28,964 [WARNING] pipeline.cvm:   Empresa 6505 não encontrada em dfc_md 2023
2026-05-04 11:31:29,309 [INFO] pipeline.cvm:   DFP dre 2023: 66 linhas
2026-05-04 11:31:29,946 [INFO] pipeline.cvm:   DFP bpa 2023: 130 linhas
2026-05-04 11:31:31,071 [INFO] pipeline.cvm:   DFP bpp 2023: 232 linhas
2026-05-04 11:31:31,871 [INFO] pipeline.cvm:   DFP dfc_mi 2023: 134 linhas
2026-05-04 11:31:31,935 [WARNING] pipeline.cvm:   Empresa 6505 não encontrada em dfc_md 2023
2026-05-04 11:31:32,286 [INFO] pipeline.cvm:   DFP dre 2024: 70 linhas
2026-05-04 11:31:32,913 [INFO] pipeline.cvm:   DFP bpa 2024: 128 linhas
2026-05-04 11:31:33,905 [INFO] pipeline.cvm:   DFP bpp 2024: 230 linhas
2026-05-04 11:31:34,406 [INFO] pipeline.cvm:   DFP dfc_mi 2024: 134 linhas
2026-05-04 11:31:34,438 [WARNING] pipeline.cvm:   Empresa 6505 não encontrada em dfc_md 2024
2026-05-04 11:31:34,905 [INFO] pipeline.cvm:   DFP dre 2024: 66 linhas
2026-05-04 11:31:35,727 [INFO] pipeline.cvm:   DFP bpa 2024: 130 linhas
2026-05-04 11:31:37,094 [INFO] pipeline.cvm:   DFP bpp 2024: 232 linhas
2026-05-04 11:31:37,658 [INFO] pipeline.cvm:   DFP dfc_mi 2024: 136 linhas
2026-05-04 11:31:37,710 [WARNING] pipeline.cvm:   Empresa 6505 não encontrada em dfc_md 2024
2026-05-04 11:31:37,947 [INFO] pipeline.cvm:   DFP dre 2025: 70 linhas
2026-05-04 11:31:38,374 [INFO] pipeline.cvm:   DFP bpa 2025: 132 linhas
2026-05-04 11:31:39,253 [INFO] pipeline.cvm:   DFP bpp 2025: 232 linhas
2026-05-04 11:31:39,811 [INFO] pipeline.cvm:   DFP dfc_mi 2025: 134 linhas
2026-05-04 11:31:39,852 [WARNING] pipeline.cvm:   Empresa 6505 não encontrada em dfc_md 2025
2026-05-04 11:31:40,274 [INFO] pipeline.cvm:   DFP dre 2025: 66 linhas
2026-05-04 11:31:40,991 [INFO] pipeline.cvm:   DFP bpa 2025: 134 linhas
2026-05-04 11:31:42,057 [INFO] pipeline.cvm:   DFP bpp 2025: 232 linhas
2026-05-04 11:31:42,625 [INFO] pipeline.cvm:   DFP dfc_mi 2025: 140 linhas
2026-05-04 11:31:42,666 [WARNING] pipeline.cvm:   Empresa 6505 não encontrada em dfc_md 2025
2026-05-04 11:31:46,855 [INFO] pipeline:   BHIA3: score=95/100 | critical=0 | warnings=1
2026-05-04 11:31:46,856 [INFO] pipeline:   Relatorio: C:\Users\55819\OneDrive - EPEJUD\DIEGO\OBSIDIAN\Analista de Investimentos\12_PYTHON\pipeline banco completo\outputs\data_quality\audit_BHIA3_20260504.md
2026-05-04 11:31:46,856 [INFO] pipeline: 
Auditorando ASAI3...
2026-05-04 11:31:47,198 [INFO] pipeline.cvm:   DFP dre 2020: 70 linhas
2026-05-04 11:31:47,726 [INFO] pipeline.cvm:   DFP bpa 2020: 130 linhas
2026-05-04 11:31:48,663 [INFO] pipeline.cvm:   DFP bpp 2020: 246 linhas
2026-05-04 11:31:49,192 [INFO] pipeline.cvm:   DFP dfc_mi 2020: 118 linhas
2026-05-04 11:31:49,230 [WARNING] pipeline.cvm:   Empresa 25372 não encontrada em dfc_md 2020
2026-05-04 11:31:49,779 [INFO] pipeline.cvm:   DFP dre 2020: 66 linhas
2026-05-04 11:31:50,899 [INFO] pipeline.cvm:   DFP bpa 2020: 140 linhas
2026-05-04 11:31:52,852 [INFO] pipeline.cvm:   DFP bpp 2020: 252 linhas
2026-05-04 11:31:53,452 [INFO] pipeline.cvm:   DFP dfc_mi 2020: 124 linhas
2026-05-04 11:31:53,493 [WARNING] pipeline.cvm:   Empresa 25372 não encontrada em dfc_md 2020
2026-05-04 11:31:53,797 [WARNING] pipeline.cvm:   Empresa 25372 não encontrada em dre 2021
2026-05-04 11:31:54,234 [WARNING] pipeline.cvm:   Empresa 25372 não encontrada em bpa 2021
2026-05-04 11:31:55,089 [WARNING] pipeline.cvm:   Empresa 25372 não encontrada em bpp 2021
2026-05-04 11:31:55,652 [WARNING] pipeline.cvm:   Empresa 25372 não encontrada em dfc_mi 2021
2026-05-04 11:31:55,694 [WARNING] pipeline.cvm:   Empresa 25372 não encontrada em dfc_md 2021
2026-05-04 11:31:56,151 [INFO] pipeline.cvm:   DFP dre 2021: 66 linhas
2026-05-04 11:31:57,013 [INFO] pipeline.cvm:   DFP bpa 2021: 140 linhas
2026-05-04 11:31:58,110 [INFO] pipeline.cvm:   DFP bpp 2021: 252 linhas
2026-05-04 11:31:58,610 [INFO] pipeline.cvm:   DFP dfc_mi 2021: 126 linhas
2026-05-04 11:31:58,649 [WARNING] pipeline.cvm:   Empresa 25372 não encontrada em dfc_md 2021
2026-05-04 11:31:58,895 [WARNING] pipeline.cvm:   Empresa 25372 não encontrada em dre 2022
2026-05-04 11:31:59,356 [WARNING] pipeline.cvm:   Empresa 25372 não encontrada em bpa 2022
2026-05-04 11:32:00,021 [WARNING] pipeline.cvm:   Empresa 25372 não encontrada em bpp 2022
2026-05-04 11:32:00,382 [WARNING] pipeline.cvm:   Empresa 25372 não encontrada em dfc_mi 2022
2026-05-04 11:32:00,411 [WARNING] pipeline.cvm:   Empresa 25372 não encontrada em dfc_md 2022
2026-05-04 11:32:00,727 [INFO] pipeline.cvm:   DFP dre 2022: 66 linhas
2026-05-04 11:32:01,314 [INFO] pipeline.cvm:   DFP bpa 2022: 140 linhas
2026-05-04 11:32:02,655 [INFO] pipeline.cvm:   DFP bpp 2022: 260 linhas
2026-05-04 11:32:03,292 [INFO] pipeline.cvm:   DFP dfc_mi 2022: 126 linhas
2026-05-04 11:32:03,345 [WARNING] pipeline.cvm:   Empresa 25372 não encontrada em dfc_md 2022
2026-05-04 11:32:03,650 [WARNING] pipeline.cvm:   Empresa 25372 não encontrada em dre 2023
2026-05-04 11:32:04,166 [WARNING] pipeline.cvm:   Empresa 25372 não encontrada em bpa 2023
2026-05-04 11:32:05,042 [WARNING] pipeline.cvm:   Empresa 25372 não encontrada em bpp 2023
2026-05-04 11:32:05,514 [WARNING] pipeline.cvm:   Empresa 25372 não encontrada em dfc_mi 2023
2026-05-04 11:32:05,549 [WARNING] pipeline.cvm:   Empresa 25372 não encontrada em dfc_md 2023
2026-05-04 11:32:05,901 [INFO] pipeline.cvm:   DFP dre 2023: 66 linhas
2026-05-04 11:32:06,600 [INFO] pipeline.cvm:   DFP bpa 2023: 140 linhas
2026-05-04 11:32:07,951 [INFO] pipeline.cvm:   DFP bpp 2023: 266 linhas
2026-05-04 11:32:08,545 [INFO] pipeline.cvm:   DFP dfc_mi 2023: 132 linhas
2026-05-04 11:32:08,586 [WARNING] pipeline.cvm:   Empresa 25372 não encontrada em dfc_md 2023
2026-05-04 11:32:08,806 [WARNING] pipeline.cvm:   Empresa 25372 não encontrada em dre 2024
2026-05-04 11:32:09,258 [WARNING] pipeline.cvm:   Empresa 25372 não encontrada em bpa 2024
2026-05-04 11:32:09,997 [WARNING] pipeline.cvm:   Empresa 25372 não encontrada em bpp 2024
2026-05-04 11:32:10,394 [WARNING] pipeline.cvm:   Empresa 25372 não encontrada em dfc_mi 2024
2026-05-04 11:32:10,422 [WARNING] pipeline.cvm:   Empresa 25372 não encontrada em dfc_md 2024
2026-05-04 11:32:10,726 [INFO] pipeline.cvm:   DFP dre 2024: 66 linhas
2026-05-04 11:32:11,549 [INFO] pipeline.cvm:   DFP bpa 2024: 144 linhas
2026-05-04 11:32:13,163 [INFO] pipeline.cvm:   DFP bpp 2024: 270 linhas
2026-05-04 11:32:13,844 [INFO] pipeline.cvm:   DFP dfc_mi 2024: 132 linhas
2026-05-04 11:32:13,887 [WARNING] pipeline.cvm:   Empresa 25372 não encontrada em dfc_md 2024
2026-05-04 11:32:14,112 [WARNING] pipeline.cvm:   Empresa 25372 não encontrada em dre 2025
2026-05-04 11:32:14,501 [WARNING] pipeline.cvm:   Empresa 25372 não encontrada em bpa 2025
2026-05-04 11:32:15,151 [WARNING] pipeline.cvm:   Empresa 25372 não encontrada em bpp 2025
2026-05-04 11:32:15,500 [WARNING] pipeline.cvm:   Empresa 25372 não encontrada em dfc_mi 2025
2026-05-04 11:32:15,523 [WARNING] pipeline.cvm:   Empresa 25372 não encontrada em dfc_md 2025
2026-05-04 11:32:15,828 [INFO] pipeline.cvm:   DFP dre 2025: 66 linhas
2026-05-04 11:32:16,402 [INFO] pipeline.cvm:   DFP bpa 2025: 144 linhas
2026-05-04 11:32:17,383 [INFO] pipeline.cvm:   DFP bpp 2025: 270 linhas
2026-05-04 11:32:18,015 [INFO] pipeline.cvm:   DFP dfc_mi 2025: 134 linhas
2026-05-04 11:32:18,049 [WARNING] pipeline.cvm:   Empresa 25372 não encontrada em dfc_md 2025
2026-05-04 11:32:20,752 [INFO] pipeline:   ASAI3: score=77/100 | critical=1 | warnings=1
2026-05-04 11:32:20,754 [INFO] pipeline:   Relatorio: C:\Users\55819\OneDrive - EPEJUD\DIEGO\OBSIDIAN\Analista de Investimentos\12_PYTHON\pipeline banco completo\outputs\data_quality\audit_ASAI3_20260504.md
2026-05-04 11:32:20,754 [INFO] pipeline: 
Auditorando PCAR3...
2026-05-04 11:32:21,102 [INFO] pipeline.cvm:   DFP dre 2020: 70 linhas
2026-05-04 11:32:21,811 [INFO] pipeline.cvm:   DFP bpa 2020: 130 linhas
2026-05-04 11:32:23,339 [INFO] pipeline.cvm:   DFP bpp 2020: 246 linhas
2026-05-04 11:32:24,007 [INFO] pipeline.cvm:   DFP dfc_mi 2020: 122 linhas
2026-05-04 11:32:24,045 [WARNING] pipeline.cvm:   Empresa 14826 não encontrada em dfc_md 2020
2026-05-04 11:32:24,480 [INFO] pipeline.cvm:   DFP dre 2020: 66 linhas
2026-05-04 11:32:25,276 [INFO] pipeline.cvm:   DFP bpa 2020: 140 linhas
2026-05-04 11:32:26,546 [INFO] pipeline.cvm:   DFP bpp 2020: 246 linhas
2026-05-04 11:32:27,037 [INFO] pipeline.cvm:   DFP dfc_mi 2020: 126 linhas
2026-05-04 11:32:27,069 [WARNING] pipeline.cvm:   Empresa 14826 não encontrada em dfc_md 2020
2026-05-04 11:32:27,309 [INFO] pipeline.cvm:   DFP dre 2021: 70 linhas
2026-05-04 11:32:27,721 [INFO] pipeline.cvm:   DFP bpa 2021: 130 linhas
2026-05-04 11:32:28,393 [INFO] pipeline.cvm:   DFP bpp 2021: 246 linhas
2026-05-04 11:32:28,765 [INFO] pipeline.cvm:   DFP dfc_mi 2021: 124 linhas
2026-05-04 11:32:28,792 [WARNING] pipeline.cvm:   Empresa 14826 não encontrada em dfc_md 2021
2026-05-04 11:32:29,136 [INFO] pipeline.cvm:   DFP dre 2021: 66 linhas
2026-05-04 11:32:29,766 [INFO] pipeline.cvm:   DFP bpa 2021: 140 linhas
2026-05-04 11:32:30,848 [INFO] pipeline.cvm:   DFP bpp 2021: 246 linhas
2026-05-04 11:32:31,324 [INFO] pipeline.cvm:   DFP dfc_mi 2021: 126 linhas
2026-05-04 11:32:31,359 [WARNING] pipeline.cvm:   Empresa 14826 não encontrada em dfc_md 2021
2026-05-04 11:32:31,592 [INFO] pipeline.cvm:   DFP dre 2022: 70 linhas
2026-05-04 11:32:32,002 [INFO] pipeline.cvm:   DFP bpa 2022: 132 linhas
2026-05-04 11:32:32,686 [INFO] pipeline.cvm:   DFP bpp 2022: 250 linhas
2026-05-04 11:32:33,047 [INFO] pipeline.cvm:   DFP dfc_mi 2022: 124 linhas
2026-05-04 11:32:33,075 [WARNING] pipeline.cvm:   Empresa 14826 não encontrada em dfc_md 2022
2026-05-04 11:32:33,396 [INFO] pipeline.cvm:   DFP dre 2022: 66 linhas
2026-05-04 11:32:33,998 [INFO] pipeline.cvm:   DFP bpa 2022: 142 linhas
2026-05-04 11:32:35,079 [INFO] pipeline.cvm:   DFP bpp 2022: 250 linhas
2026-05-04 11:32:35,601 [INFO] pipeline.cvm:   DFP dfc_mi 2022: 126 linhas
2026-05-04 11:32:35,641 [WARNING] pipeline.cvm:   Empresa 14826 não encontrada em dfc_md 2022
2026-05-04 11:32:35,883 [INFO] pipeline.cvm:   DFP dre 2023: 70 linhas
2026-05-04 11:32:36,300 [INFO] pipeline.cvm:   DFP bpa 2023: 134 linhas
2026-05-04 11:32:37,062 [INFO] pipeline.cvm:   DFP bpp 2023: 254 linhas
2026-05-04 11:32:37,468 [INFO] pipeline.cvm:   DFP dfc_mi 2023: 126 linhas
2026-05-04 11:32:37,496 [WARNING] pipeline.cvm:   Empresa 14826 não encontrada em dfc_md 2023
2026-05-04 11:32:37,814 [INFO] pipeline.cvm:   DFP dre 2023: 66 linhas
2026-05-04 11:32:38,413 [INFO] pipeline.cvm:   DFP bpa 2023: 144 linhas
2026-05-04 11:32:39,750 [INFO] pipeline.cvm:   DFP bpp 2023: 254 linhas
2026-05-04 11:32:40,551 [INFO] pipeline.cvm:   DFP dfc_mi 2023: 128 linhas
2026-05-04 11:32:40,591 [WARNING] pipeline.cvm:   Empresa 14826 não encontrada em dfc_md 2023
2026-05-04 11:32:40,820 [INFO] pipeline.cvm:   DFP dre 2024: 70 linhas
2026-05-04 11:32:41,223 [INFO] pipeline.cvm:   DFP bpa 2024: 134 linhas
2026-05-04 11:32:41,906 [INFO] pipeline.cvm:   DFP bpp 2024: 254 linhas
2026-05-04 11:32:42,280 [INFO] pipeline.cvm:   DFP dfc_mi 2024: 128 linhas
2026-05-04 11:32:42,311 [WARNING] pipeline.cvm:   Empresa 14826 não encontrada em dfc_md 2024
2026-05-04 11:32:42,696 [INFO] pipeline.cvm:   DFP dre 2024: 66 linhas
2026-05-04 11:32:43,279 [INFO] pipeline.cvm:   DFP bpa 2024: 144 linhas
2026-05-04 11:32:44,463 [INFO] pipeline.cvm:   DFP bpp 2024: 254 linhas
2026-05-04 11:32:45,021 [INFO] pipeline.cvm:   DFP dfc_mi 2024: 130 linhas
2026-05-04 11:32:45,057 [WARNING] pipeline.cvm:   Empresa 14826 não encontrada em dfc_md 2024
2026-05-04 11:32:45,260 [INFO] pipeline.cvm:   DFP dre 2025: 70 linhas
2026-05-04 11:32:45,612 [INFO] pipeline.cvm:   DFP bpa 2025: 134 linhas
2026-05-04 11:32:46,221 [INFO] pipeline.cvm:   DFP bpp 2025: 254 linhas
2026-05-04 11:32:46,585 [INFO] pipeline.cvm:   DFP dfc_mi 2025: 130 linhas
2026-05-04 11:32:46,609 [WARNING] pipeline.cvm:   Empresa 14826 não encontrada em dfc_md 2025
2026-05-04 11:32:46,895 [INFO] pipeline.cvm:   DFP dre 2025: 66 linhas
2026-05-04 11:32:47,457 [INFO] pipeline.cvm:   DFP bpa 2025: 146 linhas
2026-05-04 11:32:48,425 [INFO] pipeline.cvm:   DFP bpp 2025: 254 linhas
2026-05-04 11:32:48,905 [INFO] pipeline.cvm:   DFP dfc_mi 2025: 132 linhas
2026-05-04 11:32:48,945 [WARNING] pipeline.cvm:   Empresa 14826 não encontrada em dfc_md 2025
2026-05-04 11:32:52,033 [INFO] pipeline:   PCAR3: score=95/100 | critical=0 | warnings=1
2026-05-04 11:32:52,034 [INFO] pipeline:   Relatorio: C:\Users\55819\OneDrive - EPEJUD\DIEGO\OBSIDIAN\Analista de Investimentos\12_PYTHON\pipeline banco completo\outputs\data_quality\audit_PCAR3_20260504.md
2026-05-04 11:32:52,034 [INFO] pipeline: 
Auditorando VIVA3...
2026-05-04 11:32:52,339 [INFO] pipeline.cvm:   DFP dre 2020: 76 linhas
2026-05-04 11:32:52,961 [INFO] pipeline.cvm:   DFP bpa 2020: 144 linhas
2026-05-04 11:32:53,966 [INFO] pipeline.cvm:   DFP bpp 2020: 258 linhas
2026-05-04 11:32:54,562 [INFO] pipeline.cvm:   DFP dfc_mi 2020: 114 linhas
2026-05-04 11:32:54,592 [WARNING] pipeline.cvm:   Empresa 24805 não encontrada em dfc_md 2020
2026-05-04 11:32:55,050 [INFO] pipeline.cvm:   DFP dre 2020: 72 linhas
2026-05-04 11:32:55,891 [INFO] pipeline.cvm:   DFP bpa 2020: 144 linhas
2026-05-04 11:32:57,278 [INFO] pipeline.cvm:   DFP bpp 2020: 258 linhas
2026-05-04 11:32:57,774 [INFO] pipeline.cvm:   DFP dfc_mi 2020: 110 linhas
2026-05-04 11:32:57,808 [WARNING] pipeline.cvm:   Empresa 24805 não encontrada em dfc_md 2020
2026-05-04 11:32:58,048 [INFO] pipeline.cvm:   DFP dre 2021: 78 linhas
2026-05-04 11:32:58,422 [INFO] pipeline.cvm:   DFP bpa 2021: 144 linhas
2026-05-04 11:32:59,109 [INFO] pipeline.cvm:   DFP bpp 2021: 258 linhas
2026-05-04 11:32:59,476 [INFO] pipeline.cvm:   DFP dfc_mi 2021: 116 linhas
2026-05-04 11:32:59,503 [WARNING] pipeline.cvm:   Empresa 24805 não encontrada em dfc_md 2021
2026-05-04 11:32:59,830 [INFO] pipeline.cvm:   DFP dre 2021: 74 linhas
2026-05-04 11:33:00,436 [INFO] pipeline.cvm:   DFP bpa 2021: 144 linhas
2026-05-04 11:33:01,486 [INFO] pipeline.cvm:   DFP bpp 2021: 258 linhas
2026-05-04 11:33:01,985 [INFO] pipeline.cvm:   DFP dfc_mi 2021: 114 linhas
2026-05-04 11:33:02,022 [WARNING] pipeline.cvm:   Empresa 24805 não encontrada em dfc_md 2021
2026-05-04 11:33:02,260 [INFO] pipeline.cvm:   DFP dre 2022: 78 linhas
2026-05-04 11:33:02,665 [INFO] pipeline.cvm:   DFP bpa 2022: 144 linhas
2026-05-04 11:33:03,374 [INFO] pipeline.cvm:   DFP bpp 2022: 268 linhas
2026-05-04 11:33:03,758 [INFO] pipeline.cvm:   DFP dfc_mi 2022: 120 linhas
2026-05-04 11:33:03,786 [WARNING] pipeline.cvm:   Empresa 24805 não encontrada em dfc_md 2022
2026-05-04 11:33:04,118 [INFO] pipeline.cvm:   DFP dre 2022: 74 linhas
2026-05-04 11:33:04,724 [INFO] pipeline.cvm:   DFP bpa 2022: 144 linhas
2026-05-04 11:33:05,795 [INFO] pipeline.cvm:   DFP bpp 2022: 258 linhas
2026-05-04 11:33:06,302 [INFO] pipeline.cvm:   DFP dfc_mi 2022: 118 linhas
2026-05-04 11:33:06,365 [WARNING] pipeline.cvm:   Empresa 24805 não encontrada em dfc_md 2022
2026-05-04 11:33:06,630 [INFO] pipeline.cvm:   DFP dre 2023: 78 linhas
2026-05-04 11:33:07,187 [INFO] pipeline.cvm:   DFP bpa 2023: 144 linhas
2026-05-04 11:33:08,028 [INFO] pipeline.cvm:   DFP bpp 2023: 268 linhas
2026-05-04 11:33:08,418 [INFO] pipeline.cvm:   DFP dfc_mi 2023: 124 linhas
2026-05-04 11:33:08,450 [WARNING] pipeline.cvm:   Empresa 24805 não encontrada em dfc_md 2023
2026-05-04 11:33:08,780 [INFO] pipeline.cvm:   DFP dre 2023: 74 linhas
2026-05-04 11:33:09,410 [INFO] pipeline.cvm:   DFP bpa 2023: 144 linhas
2026-05-04 11:33:10,621 [INFO] pipeline.cvm:   DFP bpp 2023: 266 linhas
2026-05-04 11:33:11,199 [INFO] pipeline.cvm:   DFP dfc_mi 2023: 120 linhas
2026-05-04 11:33:11,247 [WARNING] pipeline.cvm:   Empresa 24805 não encontrada em dfc_md 2023
2026-05-04 11:33:11,491 [INFO] pipeline.cvm:   DFP dre 2024: 78 linhas
2026-05-04 11:33:11,900 [INFO] pipeline.cvm:   DFP bpa 2024: 148 linhas
2026-05-04 11:33:12,706 [INFO] pipeline.cvm:   DFP bpp 2024: 270 linhas
2026-05-04 11:33:13,195 [INFO] pipeline.cvm:   DFP dfc_mi 2024: 128 linhas
2026-05-04 11:33:13,226 [WARNING] pipeline.cvm:   Empresa 24805 não encontrada em dfc_md 2024
2026-05-04 11:33:13,603 [INFO] pipeline.cvm:   DFP dre 2024: 70 linhas
2026-05-04 11:33:14,322 [INFO] pipeline.cvm:   DFP bpa 2024: 146 linhas
2026-05-04 11:33:15,457 [INFO] pipeline.cvm:   DFP bpp 2024: 268 linhas
2026-05-04 11:33:16,062 [INFO] pipeline.cvm:   DFP dfc_mi 2024: 104 linhas
2026-05-04 11:33:16,090 [WARNING] pipeline.cvm:   Empresa 24805 não encontrada em dfc_md 2024
2026-05-04 11:33:16,436 [INFO] pipeline.cvm:   DFP dre 2025: 78 linhas
2026-05-04 11:33:16,861 [INFO] pipeline.cvm:   DFP bpa 2025: 148 linhas
2026-05-04 11:33:17,514 [INFO] pipeline.cvm:   DFP bpp 2025: 270 linhas
2026-05-04 11:33:17,943 [INFO] pipeline.cvm:   DFP dfc_mi 2025: 136 linhas
2026-05-04 11:33:17,972 [WARNING] pipeline.cvm:   Empresa 24805 não encontrada em dfc_md 2025
2026-05-04 11:33:18,278 [INFO] pipeline.cvm:   DFP dre 2025: 70 linhas
2026-05-04 11:33:18,920 [INFO] pipeline.cvm:   DFP bpa 2025: 146 linhas
2026-05-04 11:33:20,339 [INFO] pipeline.cvm:   DFP bpp 2025: 268 linhas
2026-05-04 11:33:20,900 [INFO] pipeline.cvm:   DFP dfc_mi 2025: 108 linhas
2026-05-04 11:33:20,931 [WARNING] pipeline.cvm:   Empresa 24805 não encontrada em dfc_md 2025
2026-05-04 11:33:24,090 [INFO] pipeline:   VIVA3: score=95/100 | critical=0 | warnings=1
2026-05-04 11:33:24,090 [INFO] pipeline:   Relatorio: C:\Users\55819\OneDrive - EPEJUD\DIEGO\OBSIDIAN\Analista de Investimentos\12_PYTHON\pipeline banco completo\outputs\data_quality\audit_VIVA3_20260504.md
2026-05-04 11:33:24,090 [INFO] pipeline: 
Auditorando SBFG3...
2026-05-04 11:33:24,404 [INFO] pipeline.cvm:   DFP dre 2020: 60 linhas
2026-05-04 11:33:24,905 [INFO] pipeline.cvm:   DFP bpa 2020: 126 linhas
2026-05-04 11:33:25,820 [INFO] pipeline.cvm:   DFP bpp 2020: 222 linhas
2026-05-04 11:33:26,273 [INFO] pipeline.cvm:   DFP dfc_mi 2020: 118 linhas
2026-05-04 11:33:26,304 [WARNING] pipeline.cvm:   Empresa 24694 não encontrada em dfc_md 2020
2026-05-04 11:33:26,766 [INFO] pipeline.cvm:   DFP dre 2020: 56 linhas
2026-05-04 11:33:27,642 [INFO] pipeline.cvm:   DFP bpa 2020: 120 linhas
2026-05-04 11:33:29,423 [INFO] pipeline.cvm:   DFP bpp 2020: 216 linhas
2026-05-04 11:33:29,871 [INFO] pipeline.cvm:   DFP dfc_mi 2020: 74 linhas
2026-05-04 11:33:29,900 [WARNING] pipeline.cvm:   Empresa 24694 não encontrada em dfc_md 2020
2026-05-04 11:33:30,120 [INFO] pipeline.cvm:   DFP dre 2021: 60 linhas
2026-05-04 11:33:30,499 [INFO] pipeline.cvm:   DFP bpa 2021: 128 linhas
2026-05-04 11:33:31,147 [INFO] pipeline.cvm:   DFP bpp 2021: 224 linhas
2026-05-04 11:33:31,489 [INFO] pipeline.cvm:   DFP dfc_mi 2021: 132 linhas
2026-05-04 11:33:31,511 [WARNING] pipeline.cvm:   Empresa 24694 não encontrada em dfc_md 2021
2026-05-04 11:33:31,839 [INFO] pipeline.cvm:   DFP dre 2021: 56 linhas
2026-05-04 11:33:32,468 [INFO] pipeline.cvm:   DFP bpa 2021: 124 linhas
2026-05-04 11:33:33,512 [INFO] pipeline.cvm:   DFP bpp 2021: 218 linhas
2026-05-04 11:33:33,984 [INFO] pipeline.cvm:   DFP dfc_mi 2021: 78 linhas
2026-05-04 11:33:34,020 [WARNING] pipeline.cvm:   Empresa 24694 não encontrada em dfc_md 2021
2026-05-04 11:33:34,257 [INFO] pipeline.cvm:   DFP dre 2022: 60 linhas
2026-05-04 11:33:34,728 [INFO] pipeline.cvm:   DFP bpa 2022: 128 linhas
2026-05-04 11:33:35,563 [INFO] pipeline.cvm:   DFP bpp 2022: 228 linhas
2026-05-04 11:33:36,003 [INFO] pipeline.cvm:   DFP dfc_mi 2022: 132 linhas
2026-05-04 11:33:36,045 [WARNING] pipeline.cvm:   Empresa 24694 não encontrada em dfc_md 2022
2026-05-04 11:33:36,397 [INFO] pipeline.cvm:   DFP dre 2022: 56 linhas
2026-05-04 11:33:37,112 [INFO] pipeline.cvm:   DFP bpa 2022: 126 linhas
2026-05-04 11:33:38,326 [INFO] pipeline.cvm:   DFP bpp 2022: 220 linhas
2026-05-04 11:33:38,852 [INFO] pipeline.cvm:   DFP dfc_mi 2022: 92 linhas
2026-05-04 11:33:38,896 [WARNING] pipeline.cvm:   Empresa 24694 não encontrada em dfc_md 2022
2026-05-04 11:33:39,166 [INFO] pipeline.cvm:   DFP dre 2023: 60 linhas
2026-05-04 11:33:39,591 [INFO] pipeline.cvm:   DFP bpa 2023: 128 linhas
2026-05-04 11:33:40,314 [INFO] pipeline.cvm:   DFP bpp 2023: 228 linhas
2026-05-04 11:33:40,736 [INFO] pipeline.cvm:   DFP dfc_mi 2023: 132 linhas
2026-05-04 11:33:40,767 [WARNING] pipeline.cvm:   Empresa 24694 não encontrada em dfc_md 2023
2026-05-04 11:33:41,131 [INFO] pipeline.cvm:   DFP dre 2023: 56 linhas
2026-05-04 11:33:41,777 [INFO] pipeline.cvm:   DFP bpa 2023: 132 linhas
2026-05-04 11:33:42,935 [INFO] pipeline.cvm:   DFP bpp 2023: 220 linhas
2026-05-04 11:33:43,449 [INFO] pipeline.cvm:   DFP dfc_mi 2023: 92 linhas
2026-05-04 11:33:43,493 [WARNING] pipeline.cvm:   Empresa 24694 não encontrada em dfc_md 2023
2026-05-04 11:33:43,760 [INFO] pipeline.cvm:   DFP dre 2024: 60 linhas
2026-05-04 11:33:44,225 [INFO] pipeline.cvm:   DFP bpa 2024: 128 linhas
2026-05-04 11:33:44,938 [INFO] pipeline.cvm:   DFP bpp 2024: 228 linhas
2026-05-04 11:33:45,329 [INFO] pipeline.cvm:   DFP dfc_mi 2024: 134 linhas
2026-05-04 11:33:45,357 [WARNING] pipeline.cvm:   Empresa 24694 não encontrada em dfc_md 2024
2026-05-04 11:33:45,687 [INFO] pipeline.cvm:   DFP dre 2024: 56 linhas
2026-05-04 11:33:46,360 [INFO] pipeline.cvm:   DFP bpa 2024: 132 linhas
2026-05-04 11:33:47,479 [INFO] pipeline.cvm:   DFP bpp 2024: 222 linhas
2026-05-04 11:33:48,061 [INFO] pipeline.cvm:   DFP dfc_mi 2024: 92 linhas
2026-05-04 11:33:48,097 [WARNING] pipeline.cvm:   Empresa 24694 não encontrada em dfc_md 2024
2026-05-04 11:33:48,326 [INFO] pipeline.cvm:   DFP dre 2025: 60 linhas
2026-05-04 11:33:48,693 [INFO] pipeline.cvm:   DFP bpa 2025: 128 linhas
2026-05-04 11:33:49,334 [INFO] pipeline.cvm:   DFP bpp 2025: 230 linhas
2026-05-04 11:33:49,701 [INFO] pipeline.cvm:   DFP dfc_mi 2025: 126 linhas
2026-05-04 11:33:49,725 [WARNING] pipeline.cvm:   Empresa 24694 não encontrada em dfc_md 2025
2026-05-04 11:33:50,010 [INFO] pipeline.cvm:   DFP dre 2025: 56 linhas
2026-05-04 11:33:50,561 [INFO] pipeline.cvm:   DFP bpa 2025: 132 linhas
2026-05-04 11:33:51,697 [INFO] pipeline.cvm:   DFP bpp 2025: 222 linhas
2026-05-04 11:33:52,188 [INFO] pipeline.cvm:   DFP dfc_mi 2025: 84 linhas
2026-05-04 11:33:52,213 [WARNING] pipeline.cvm:   Empresa 24694 não encontrada em dfc_md 2025
2026-05-04 11:33:55,123 [INFO] pipeline:   SBFG3: score=95/100 | critical=0 | warnings=1
2026-05-04 11:33:55,123 [INFO] pipeline:   Relatorio: C:\Users\55819\OneDrive - EPEJUD\DIEGO\OBSIDIAN\Analista de Investimentos\12_PYTHON\pipeline banco completo\outputs\data_quality\audit_SBFG3_20260504.md
2026-05-04 11:33:55,124 [INFO] pipeline: 
Auditorando NATU3...
2026-05-04 11:33:55,443 [INFO] pipeline.cvm:   DFP dre 2020: 70 linhas
2026-05-04 11:33:55,970 [INFO] pipeline.cvm:   DFP bpa 2020: 134 linhas
2026-05-04 11:33:56,987 [INFO] pipeline.cvm:   DFP bpp 2020: 228 linhas
2026-05-04 11:33:57,466 [INFO] pipeline.cvm:   DFP dfc_mi 2020: 132 linhas
2026-05-04 11:33:57,501 [WARNING] pipeline.cvm:   Empresa 19550 não encontrada em dfc_md 2020
2026-05-04 11:33:58,023 [INFO] pipeline.cvm:   DFP dre 2020: 66 linhas
2026-05-04 11:33:59,433 [INFO] pipeline.cvm:   DFP bpa 2020: 136 linhas
2026-05-04 11:34:01,200 [INFO] pipeline.cvm:   DFP bpp 2020: 232 linhas
2026-05-04 11:34:01,685 [INFO] pipeline.cvm:   DFP dfc_mi 2020: 132 linhas
2026-05-04 11:34:01,709 [WARNING] pipeline.cvm:   Empresa 19550 não encontrada em dfc_md 2020
2026-05-04 11:34:01,982 [INFO] pipeline.cvm:   DFP dre 2021: 70 linhas
2026-05-04 11:34:02,435 [INFO] pipeline.cvm:   DFP bpa 2021: 134 linhas
2026-05-04 11:34:03,159 [INFO] pipeline.cvm:   DFP bpp 2021: 228 linhas
2026-05-04 11:34:03,520 [INFO] pipeline.cvm:   DFP dfc_mi 2021: 132 linhas
2026-05-04 11:34:03,547 [WARNING] pipeline.cvm:   Empresa 19550 não encontrada em dfc_md 2021
2026-05-04 11:34:03,878 [INFO] pipeline.cvm:   DFP dre 2021: 66 linhas
2026-05-04 11:34:04,562 [INFO] pipeline.cvm:   DFP bpa 2021: 136 linhas
2026-05-04 11:34:05,607 [INFO] pipeline.cvm:   DFP bpp 2021: 232 linhas
2026-05-04 11:34:06,077 [INFO] pipeline.cvm:   DFP dfc_mi 2021: 132 linhas
2026-05-04 11:34:06,108 [WARNING] pipeline.cvm:   Empresa 19550 não encontrada em dfc_md 2021
2026-05-04 11:34:06,345 [INFO] pipeline.cvm:   DFP dre 2022: 70 linhas
2026-05-04 11:34:06,731 [INFO] pipeline.cvm:   DFP bpa 2022: 134 linhas
2026-05-04 11:34:07,419 [INFO] pipeline.cvm:   DFP bpp 2022: 234 linhas
2026-05-04 11:34:07,782 [INFO] pipeline.cvm:   DFP dfc_mi 2022: 132 linhas
2026-05-04 11:34:07,809 [WARNING] pipeline.cvm:   Empresa 19550 não encontrada em dfc_md 2022
2026-05-04 11:34:08,117 [INFO] pipeline.cvm:   DFP dre 2022: 66 linhas
2026-05-04 11:34:08,698 [INFO] pipeline.cvm:   DFP bpa 2022: 136 linhas
2026-05-04 11:34:09,706 [INFO] pipeline.cvm:   DFP bpp 2022: 238 linhas
2026-05-04 11:34:10,198 [INFO] pipeline.cvm:   DFP dfc_mi 2022: 132 linhas
2026-05-04 11:34:10,234 [WARNING] pipeline.cvm:   Empresa 19550 não encontrada em dfc_md 2022
2026-05-04 11:34:10,463 [INFO] pipeline.cvm:   DFP dre 2023: 62 linhas
2026-05-04 11:34:10,887 [INFO] pipeline.cvm:   DFP bpa 2023: 138 linhas
2026-05-04 11:34:11,873 [INFO] pipeline.cvm:   DFP bpp 2023: 232 linhas
2026-05-04 11:34:12,389 [INFO] pipeline.cvm:   DFP dfc_mi 2023: 138 linhas
2026-05-04 11:34:12,421 [WARNING] pipeline.cvm:   Empresa 19550 não encontrada em dfc_md 2023
2026-05-04 11:34:12,953 [INFO] pipeline.cvm:   DFP dre 2023: 58 linhas
2026-05-04 11:34:13,623 [INFO] pipeline.cvm:   DFP bpa 2023: 138 linhas
2026-05-04 11:34:14,775 [INFO] pipeline.cvm:   DFP bpp 2023: 238 linhas
2026-05-04 11:34:15,288 [INFO] pipeline.cvm:   DFP dfc_mi 2023: 140 linhas
2026-05-04 11:34:15,327 [WARNING] pipeline.cvm:   Empresa 19550 não encontrada em dfc_md 2023
2026-05-04 11:34:15,550 [INFO] pipeline.cvm:   DFP dre 2024: 62 linhas
2026-05-04 11:34:15,974 [INFO] pipeline.cvm:   DFP bpa 2024: 140 linhas
2026-05-04 11:34:16,635 [INFO] pipeline.cvm:   DFP bpp 2024: 234 linhas
2026-05-04 11:34:17,010 [INFO] pipeline.cvm:   DFP dfc_mi 2024: 144 linhas
2026-05-04 11:34:17,033 [WARNING] pipeline.cvm:   Empresa 19550 não encontrada em dfc_md 2024
2026-05-04 11:34:17,341 [INFO] pipeline.cvm:   DFP dre 2024: 58 linhas
2026-05-04 11:34:17,934 [INFO] pipeline.cvm:   DFP bpa 2024: 140 linhas
2026-05-04 11:34:19,020 [INFO] pipeline.cvm:   DFP bpp 2024: 238 linhas
2026-05-04 11:34:19,547 [INFO] pipeline.cvm:   DFP dfc_mi 2024: 144 linhas
2026-05-04 11:34:19,583 [WARNING] pipeline.cvm:   Empresa 19550 não encontrada em dfc_md 2024
2026-05-04 11:34:19,795 [INFO] pipeline.cvm:   DFP dre 2025: 62 linhas
2026-05-04 11:34:20,169 [INFO] pipeline.cvm:   DFP bpa 2025: 140 linhas
2026-05-04 11:34:20,805 [INFO] pipeline.cvm:   DFP bpp 2025: 234 linhas
2026-05-04 11:34:21,149 [INFO] pipeline.cvm:   DFP dfc_mi 2025: 144 linhas
2026-05-04 11:34:21,170 [WARNING] pipeline.cvm:   Empresa 19550 não encontrada em dfc_md 2025
2026-05-04 11:34:21,466 [INFO] pipeline.cvm:   DFP dre 2025: 58 linhas
2026-05-04 11:34:22,004 [INFO] pipeline.cvm:   DFP bpa 2025: 140 linhas
2026-05-04 11:34:22,954 [INFO] pipeline.cvm:   DFP bpp 2025: 238 linhas
2026-05-04 11:34:23,474 [INFO] pipeline.cvm:   DFP dfc_mi 2025: 144 linhas
2026-05-04 11:34:23,515 [WARNING] pipeline.cvm:   Empresa 19550 não encontrada em dfc_md 2025
2026-05-04 11:34:26,103 [INFO] pipeline:   NATU3: score=95/100 | critical=0 | warnings=1
2026-05-04 11:34:26,103 [INFO] pipeline:   Relatorio: C:\Users\55819\OneDrive - EPEJUD\DIEGO\OBSIDIAN\Analista de Investimentos\12_PYTHON\pipeline banco completo\outputs\data_quality\audit_NATU3_20260504.md
2026-05-04 11:34:26,103 [INFO] pipeline: 
Auditorando CEAB3...
2026-05-04 11:34:26,392 [INFO] pipeline.cvm:   DFP dre 2020: 72 linhas
2026-05-04 11:34:26,840 [INFO] pipeline.cvm:   DFP bpa 2020: 132 linhas
2026-05-04 11:34:27,690 [INFO] pipeline.cvm:   DFP bpp 2020: 218 linhas
2026-05-04 11:34:28,131 [INFO] pipeline.cvm:   DFP dfc_mi 2020: 102 linhas
2026-05-04 11:34:28,154 [WARNING] pipeline.cvm:   Empresa 24848 não encontrada em dfc_md 2020
2026-05-04 11:34:28,549 [INFO] pipeline.cvm:   DFP dre 2020: 66 linhas
2026-05-04 11:34:29,346 [INFO] pipeline.cvm:   DFP bpa 2020: 134 linhas
2026-05-04 11:34:30,680 [INFO] pipeline.cvm:   DFP bpp 2020: 220 linhas
2026-05-04 11:34:31,279 [INFO] pipeline.cvm:   DFP dfc_mi 2020: 106 linhas
2026-05-04 11:34:31,304 [WARNING] pipeline.cvm:   Empresa 24848 não encontrada em dfc_md 2020
2026-05-04 11:34:31,530 [INFO] pipeline.cvm:   DFP dre 2021: 76 linhas
2026-05-04 11:34:31,930 [INFO] pipeline.cvm:   DFP bpa 2021: 132 linhas
2026-05-04 11:34:32,704 [INFO] pipeline.cvm:   DFP bpp 2021: 218 linhas
2026-05-04 11:34:33,064 [INFO] pipeline.cvm:   DFP dfc_mi 2021: 104 linhas
2026-05-04 11:34:33,089 [WARNING] pipeline.cvm:   Empresa 24848 não encontrada em dfc_md 2021
2026-05-04 11:34:33,463 [INFO] pipeline.cvm:   DFP dre 2021: 66 linhas
2026-05-04 11:34:34,130 [INFO] pipeline.cvm:   DFP bpa 2021: 134 linhas
2026-05-04 11:34:35,245 [INFO] pipeline.cvm:   DFP bpp 2021: 220 linhas
2026-05-04 11:34:35,728 [INFO] pipeline.cvm:   DFP dfc_mi 2021: 108 linhas
2026-05-04 11:34:35,767 [WARNING] pipeline.cvm:   Empresa 24848 não encontrada em dfc_md 2021
2026-05-04 11:34:35,993 [INFO] pipeline.cvm:   DFP dre 2022: 76 linhas
2026-05-04 11:34:36,391 [INFO] pipeline.cvm:   DFP bpa 2022: 134 linhas
2026-05-04 11:34:37,053 [INFO] pipeline.cvm:   DFP bpp 2022: 218 linhas
2026-05-04 11:34:37,410 [INFO] pipeline.cvm:   DFP dfc_mi 2022: 108 linhas
2026-05-04 11:34:37,437 [WARNING] pipeline.cvm:   Empresa 24848 não encontrada em dfc_md 2022
2026-05-04 11:34:37,754 [INFO] pipeline.cvm:   DFP dre 2022: 66 linhas
2026-05-04 11:34:38,343 [INFO] pipeline.cvm:   DFP bpa 2022: 136 linhas
2026-05-04 11:34:39,418 [INFO] pipeline.cvm:   DFP bpp 2022: 220 linhas
2026-05-04 11:34:39,920 [INFO] pipeline.cvm:   DFP dfc_mi 2022: 112 linhas
2026-05-04 11:34:39,959 [WARNING] pipeline.cvm:   Empresa 24848 não encontrada em dfc_md 2022
2026-05-04 11:34:40,188 [INFO] pipeline.cvm:   DFP dre 2023: 78 linhas
2026-05-04 11:34:40,575 [INFO] pipeline.cvm:   DFP bpa 2023: 134 linhas
2026-05-04 11:34:41,255 [INFO] pipeline.cvm:   DFP bpp 2023: 224 linhas
2026-05-04 11:34:41,627 [INFO] pipeline.cvm:   DFP dfc_mi 2023: 112 linhas
2026-05-04 11:34:41,649 [WARNING] pipeline.cvm:   Empresa 24848 não encontrada em dfc_md 2023
2026-05-04 11:34:41,975 [INFO] pipeline.cvm:   DFP dre 2023: 68 linhas
2026-05-04 11:34:42,587 [INFO] pipeline.cvm:   DFP bpa 2023: 138 linhas
2026-05-04 11:34:43,780 [INFO] pipeline.cvm:   DFP bpp 2023: 224 linhas
2026-05-04 11:34:44,315 [INFO] pipeline.cvm:   DFP dfc_mi 2023: 116 linhas
2026-05-04 11:34:44,355 [WARNING] pipeline.cvm:   Empresa 24848 não encontrada em dfc_md 2023
2026-05-04 11:34:44,578 [INFO] pipeline.cvm:   DFP dre 2024: 78 linhas
2026-05-04 11:34:45,081 [INFO] pipeline.cvm:   DFP bpa 2024: 136 linhas
2026-05-04 11:34:45,766 [INFO] pipeline.cvm:   DFP bpp 2024: 224 linhas
2026-05-04 11:34:46,180 [INFO] pipeline.cvm:   DFP dfc_mi 2024: 114 linhas
2026-05-04 11:34:46,208 [WARNING] pipeline.cvm:   Empresa 24848 não encontrada em dfc_md 2024
2026-05-04 11:34:46,558 [INFO] pipeline.cvm:   DFP dre 2024: 68 linhas
2026-05-04 11:34:47,175 [INFO] pipeline.cvm:   DFP bpa 2024: 140 linhas
2026-05-04 11:34:48,226 [INFO] pipeline.cvm:   DFP bpp 2024: 224 linhas
2026-05-04 11:34:48,757 [INFO] pipeline.cvm:   DFP dfc_mi 2024: 116 linhas
2026-05-04 11:34:48,787 [WARNING] pipeline.cvm:   Empresa 24848 não encontrada em dfc_md 2024
2026-05-04 11:34:48,997 [INFO] pipeline.cvm:   DFP dre 2025: 76 linhas
2026-05-04 11:34:49,362 [INFO] pipeline.cvm:   DFP bpa 2025: 136 linhas
2026-05-04 11:34:49,997 [INFO] pipeline.cvm:   DFP bpp 2025: 228 linhas
2026-05-04 11:34:50,358 [INFO] pipeline.cvm:   DFP dfc_mi 2025: 84 linhas
2026-05-04 11:34:50,382 [WARNING] pipeline.cvm:   Empresa 24848 não encontrada em dfc_md 2025
2026-05-04 11:34:50,682 [INFO] pipeline.cvm:   DFP dre 2025: 68 linhas
2026-05-04 11:34:51,223 [INFO] pipeline.cvm:   DFP bpa 2025: 140 linhas
2026-05-04 11:34:52,170 [INFO] pipeline.cvm:   DFP bpp 2025: 228 linhas
2026-05-04 11:34:52,667 [INFO] pipeline.cvm:   DFP dfc_mi 2025: 94 linhas
2026-05-04 11:34:52,699 [WARNING] pipeline.cvm:   Empresa 24848 não encontrada em dfc_md 2025
2026-05-04 11:34:55,747 [INFO] pipeline:   CEAB3: score=95/100 | critical=0 | warnings=1
2026-05-04 11:34:55,747 [INFO] pipeline:   Relatorio: C:\Users\55819\OneDrive - EPEJUD\DIEGO\OBSIDIAN\Analista de Investimentos\12_PYTHON\pipeline banco completo\outputs\data_quality\audit_CEAB3_20260504.md
2026-05-04 11:34:55,748 [INFO] pipeline: 
Auditorando AUAU3...
2026-05-04 11:34:56,086 [WARNING] pipeline.cvm:   Empresa 25089 não encontrada em dre 2020
2026-05-04 11:34:56,677 [WARNING] pipeline.cvm:   Empresa 25089 não encontrada em bpa 2020
2026-05-04 11:34:57,831 [WARNING] pipeline.cvm:   Empresa 25089 não encontrada em bpp 2020
2026-05-04 11:34:58,429 [WARNING] pipeline.cvm:   Empresa 25089 não encontrada em dfc_mi 2020
2026-05-04 11:34:58,465 [WARNING] pipeline.cvm:   Empresa 25089 não encontrada em dfc_md 2020
2026-05-04 11:34:59,062 [INFO] pipeline.cvm:   DFP dre 2020: 58 linhas
2026-05-04 11:35:00,184 [INFO] pipeline.cvm:   DFP bpa 2020: 128 linhas
2026-05-04 11:35:01,903 [INFO] pipeline.cvm:   DFP bpp 2020: 216 linhas
2026-05-04 11:35:02,615 [INFO] pipeline.cvm:   DFP dfc_mi 2020: 82 linhas
2026-05-04 11:35:02,654 [WARNING] pipeline.cvm:   Empresa 25089 não encontrada em dfc_md 2020
2026-05-04 11:35:02,954 [INFO] pipeline.cvm:   DFP dre 2021: 64 linhas
2026-05-04 11:35:03,543 [INFO] pipeline.cvm:   DFP bpa 2021: 126 linhas
2026-05-04 11:35:04,380 [INFO] pipeline.cvm:   DFP bpp 2021: 214 linhas
2026-05-04 11:35:04,895 [INFO] pipeline.cvm:   DFP dfc_mi 2021: 94 linhas
2026-05-04 11:35:04,925 [WARNING] pipeline.cvm:   Empresa 25089 não encontrada em dfc_md 2021
2026-05-04 11:35:05,276 [INFO] pipeline.cvm:   DFP dre 2021: 58 linhas
2026-05-04 11:35:06,034 [INFO] pipeline.cvm:   DFP bpa 2021: 128 linhas
2026-05-04 11:35:07,376 [INFO] pipeline.cvm:   DFP bpp 2021: 218 linhas
2026-05-04 11:35:08,014 [INFO] pipeline.cvm:   DFP dfc_mi 2021: 92 linhas
2026-05-04 11:35:08,049 [WARNING] pipeline.cvm:   Empresa 25089 não encontrada em dfc_md 2021
2026-05-04 11:35:08,300 [INFO] pipeline.cvm:   DFP dre 2022: 64 linhas
2026-05-04 11:35:08,744 [INFO] pipeline.cvm:   DFP bpa 2022: 126 linhas
2026-05-04 11:35:09,528 [INFO] pipeline.cvm:   DFP bpp 2022: 216 linhas
2026-05-04 11:35:09,955 [INFO] pipeline.cvm:   DFP dfc_mi 2022: 94 linhas
2026-05-04 11:35:09,993 [WARNING] pipeline.cvm:   Empresa 25089 não encontrada em dfc_md 2022
2026-05-04 11:35:10,322 [INFO] pipeline.cvm:   DFP dre 2022: 58 linhas
2026-05-04 11:35:11,092 [INFO] pipeline.cvm:   DFP bpa 2022: 128 linhas
2026-05-04 11:35:12,192 [INFO] pipeline.cvm:   DFP bpp 2022: 218 linhas
2026-05-04 11:35:12,695 [INFO] pipeline.cvm:   DFP dfc_mi 2022: 94 linhas
2026-05-04 11:35:12,734 [WARNING] pipeline.cvm:   Empresa 25089 não encontrada em dfc_md 2022
2026-05-04 11:35:12,984 [INFO] pipeline.cvm:   DFP dre 2023: 64 linhas
2026-05-04 11:35:13,385 [INFO] pipeline.cvm:   DFP bpa 2023: 126 linhas
2026-05-04 11:35:14,111 [INFO] pipeline.cvm:   DFP bpp 2023: 218 linhas
2026-05-04 11:35:14,497 [INFO] pipeline.cvm:   DFP dfc_mi 2023: 98 linhas
2026-05-04 11:35:14,519 [WARNING] pipeline.cvm:   Empresa 25089 não encontrada em dfc_md 2023
2026-05-04 11:35:14,842 [INFO] pipeline.cvm:   DFP dre 2023: 62 linhas
2026-05-04 11:35:15,442 [INFO] pipeline.cvm:   DFP bpa 2023: 128 linhas
2026-05-04 11:35:16,500 [INFO] pipeline.cvm:   DFP bpp 2023: 220 linhas
2026-05-04 11:35:17,004 [INFO] pipeline.cvm:   DFP dfc_mi 2023: 100 linhas
2026-05-04 11:35:17,042 [WARNING] pipeline.cvm:   Empresa 25089 não encontrada em dfc_md 2023
2026-05-04 11:35:17,261 [INFO] pipeline.cvm:   DFP dre 2024: 64 linhas
2026-05-04 11:35:17,648 [INFO] pipeline.cvm:   DFP bpa 2024: 128 linhas
2026-05-04 11:35:18,347 [INFO] pipeline.cvm:   DFP bpp 2024: 218 linhas
2026-05-04 11:35:18,735 [INFO] pipeline.cvm:   DFP dfc_mi 2024: 100 linhas
2026-05-04 11:35:18,763 [WARNING] pipeline.cvm:   Empresa 25089 não encontrada em dfc_md 2024
2026-05-04 11:35:19,064 [INFO] pipeline.cvm:   DFP dre 2024: 62 linhas
2026-05-04 11:35:19,637 [INFO] pipeline.cvm:   DFP bpa 2024: 130 linhas
2026-05-04 11:35:20,777 [INFO] pipeline.cvm:   DFP bpp 2024: 220 linhas
2026-05-04 11:35:21,380 [INFO] pipeline.cvm:   DFP dfc_mi 2024: 102 linhas
2026-05-04 11:35:21,417 [WARNING] pipeline.cvm:   Empresa 25089 não encontrada em dfc_md 2024
2026-05-04 11:35:21,619 [INFO] pipeline.cvm:   DFP dre 2025: 64 linhas
2026-05-04 11:35:21,976 [INFO] pipeline.cvm:   DFP bpa 2025: 128 linhas
2026-05-04 11:35:22,611 [INFO] pipeline.cvm:   DFP bpp 2025: 218 linhas
2026-05-04 11:35:22,982 [INFO] pipeline.cvm:   DFP dfc_mi 2025: 100 linhas
2026-05-04 11:35:23,008 [WARNING] pipeline.cvm:   Empresa 25089 não encontrada em dfc_md 2025
2026-05-04 11:35:23,282 [INFO] pipeline.cvm:   DFP dre 2025: 62 linhas
2026-05-04 11:35:23,795 [INFO] pipeline.cvm:   DFP bpa 2025: 130 linhas
2026-05-04 11:35:24,838 [INFO] pipeline.cvm:   DFP bpp 2025: 220 linhas
2026-05-04 11:35:25,302 [INFO] pipeline.cvm:   DFP dfc_mi 2025: 102 linhas
2026-05-04 11:35:25,331 [WARNING] pipeline.cvm:   Empresa 25089 não encontrada em dfc_md 2025
2026-05-04 11:35:27,822 [INFO] pipeline:   AUAU3: score=59/100 | critical=2 | warnings=1
2026-05-04 11:35:27,822 [INFO] pipeline:   Relatorio: C:\Users\55819\OneDrive - EPEJUD\DIEGO\OBSIDIAN\Analista de Investimentos\12_PYTHON\pipeline banco completo\outputs\data_quality\audit_AUAU3_20260504.md
2026-05-04 11:35:27,822 [INFO] pipeline: 
Auditorando AZZA3...
2026-05-04 11:35:28,109 [INFO] pipeline.cvm:   DFP dre 2020: 68 linhas
2026-05-04 11:35:28,564 [INFO] pipeline.cvm:   DFP bpa 2020: 132 linhas
2026-05-04 11:35:29,910 [INFO] pipeline.cvm:   DFP bpp 2020: 216 linhas
2026-05-04 11:35:30,546 [INFO] pipeline.cvm:   DFP dfc_mi 2020: 96 linhas
2026-05-04 11:35:30,585 [WARNING] pipeline.cvm:   Empresa 22349 não encontrada em dfc_md 2020
2026-05-04 11:35:31,198 [INFO] pipeline.cvm:   DFP dre 2020: 64 linhas
2026-05-04 11:35:32,589 [INFO] pipeline.cvm:   DFP bpa 2020: 134 linhas
2026-05-04 11:35:33,896 [INFO] pipeline.cvm:   DFP bpp 2020: 220 linhas
2026-05-04 11:35:34,409 [INFO] pipeline.cvm:   DFP dfc_mi 2020: 96 linhas
2026-05-04 11:35:34,440 [WARNING] pipeline.cvm:   Empresa 22349 não encontrada em dfc_md 2020
2026-05-04 11:35:34,741 [INFO] pipeline.cvm:   DFP dre 2021: 68 linhas
2026-05-04 11:35:35,415 [INFO] pipeline.cvm:   DFP bpa 2021: 140 linhas
2026-05-04 11:35:36,143 [INFO] pipeline.cvm:   DFP bpp 2021: 224 linhas
2026-05-04 11:35:36,492 [INFO] pipeline.cvm:   DFP dfc_mi 2021: 96 linhas
2026-05-04 11:35:36,519 [WARNING] pipeline.cvm:   Empresa 22349 não encontrada em dfc_md 2021
2026-05-04 11:35:36,856 [INFO] pipeline.cvm:   DFP dre 2021: 64 linhas
2026-05-04 11:35:37,538 [INFO] pipeline.cvm:   DFP bpa 2021: 138 linhas
2026-05-04 11:35:38,754 [INFO] pipeline.cvm:   DFP bpp 2021: 222 linhas
2026-05-04 11:35:39,248 [INFO] pipeline.cvm:   DFP dfc_mi 2021: 96 linhas
2026-05-04 11:35:39,275 [WARNING] pipeline.cvm:   Empresa 22349 não encontrada em dfc_md 2021
2026-05-04 11:35:39,514 [INFO] pipeline.cvm:   DFP dre 2022: 68 linhas
2026-05-04 11:35:39,946 [INFO] pipeline.cvm:   DFP bpa 2022: 146 linhas
2026-05-04 11:35:40,754 [INFO] pipeline.cvm:   DFP bpp 2022: 226 linhas
2026-05-04 11:35:41,148 [INFO] pipeline.cvm:   DFP dfc_mi 2022: 104 linhas
2026-05-04 11:35:41,182 [WARNING] pipeline.cvm:   Empresa 22349 não encontrada em dfc_md 2022
2026-05-04 11:35:41,596 [INFO] pipeline.cvm:   DFP dre 2022: 64 linhas
2026-05-04 11:35:42,199 [INFO] pipeline.cvm:   DFP bpa 2022: 140 linhas
2026-05-04 11:35:43,273 [INFO] pipeline.cvm:   DFP bpp 2022: 228 linhas
2026-05-04 11:35:43,796 [INFO] pipeline.cvm:   DFP dfc_mi 2022: 110 linhas
2026-05-04 11:35:43,841 [WARNING] pipeline.cvm:   Empresa 22349 não encontrada em dfc_md 2022
2026-05-04 11:35:44,078 [INFO] pipeline.cvm:   DFP dre 2023: 68 linhas
2026-05-04 11:35:44,492 [INFO] pipeline.cvm:   DFP bpa 2023: 146 linhas
2026-05-04 11:35:45,190 [INFO] pipeline.cvm:   DFP bpp 2023: 234 linhas
2026-05-04 11:35:45,562 [INFO] pipeline.cvm:   DFP dfc_mi 2023: 106 linhas
2026-05-04 11:35:45,592 [WARNING] pipeline.cvm:   Empresa 22349 não encontrada em dfc_md 2023
2026-05-04 11:35:45,929 [INFO] pipeline.cvm:   DFP dre 2023: 64 linhas
2026-05-04 11:35:46,555 [INFO] pipeline.cvm:   DFP bpa 2023: 144 linhas
2026-05-04 11:35:47,930 [INFO] pipeline.cvm:   DFP bpp 2023: 234 linhas
2026-05-04 11:35:48,526 [INFO] pipeline.cvm:   DFP dfc_mi 2023: 110 linhas
2026-05-04 11:35:48,575 [WARNING] pipeline.cvm:   Empresa 22349 não encontrada em dfc_md 2023
2026-05-04 11:35:48,812 [INFO] pipeline.cvm:   DFP dre 2024: 68 linhas
2026-05-04 11:35:49,209 [INFO] pipeline.cvm:   DFP bpa 2024: 146 linhas
2026-05-04 11:35:49,935 [INFO] pipeline.cvm:   DFP bpp 2024: 236 linhas
2026-05-04 11:35:50,345 [INFO] pipeline.cvm:   DFP dfc_mi 2024: 112 linhas
2026-05-04 11:35:50,371 [WARNING] pipeline.cvm:   Empresa 22349 não encontrada em dfc_md 2024
2026-05-04 11:35:50,738 [INFO] pipeline.cvm:   DFP dre 2024: 64 linhas
2026-05-04 11:35:51,498 [INFO] pipeline.cvm:   DFP bpa 2024: 146 linhas
2026-05-04 11:35:52,936 [INFO] pipeline.cvm:   DFP bpp 2024: 240 linhas
2026-05-04 11:35:53,498 [INFO] pipeline.cvm:   DFP dfc_mi 2024: 118 linhas
2026-05-04 11:35:53,535 [WARNING] pipeline.cvm:   Empresa 22349 não encontrada em dfc_md 2024
2026-05-04 11:35:53,762 [INFO] pipeline.cvm:   DFP dre 2025: 68 linhas
2026-05-04 11:35:54,130 [INFO] pipeline.cvm:   DFP bpa 2025: 146 linhas
2026-05-04 11:35:54,777 [INFO] pipeline.cvm:   DFP bpp 2025: 238 linhas
2026-05-04 11:35:55,203 [INFO] pipeline.cvm:   DFP dfc_mi 2025: 120 linhas
2026-05-04 11:35:55,227 [WARNING] pipeline.cvm:   Empresa 22349 não encontrada em dfc_md 2025
2026-05-04 11:35:55,510 [INFO] pipeline.cvm:   DFP dre 2025: 64 linhas
2026-05-04 11:35:56,113 [INFO] pipeline.cvm:   DFP bpa 2025: 146 linhas
2026-05-04 11:35:57,107 [INFO] pipeline.cvm:   DFP bpp 2025: 240 linhas
2026-05-04 11:35:57,603 [INFO] pipeline.cvm:   DFP dfc_mi 2025: 122 linhas
2026-05-04 11:35:57,637 [WARNING] pipeline.cvm:   Empresa 22349 não encontrada em dfc_md 2025
2026-05-04 11:36:00,404 [INFO] pipeline:   AZZA3: score=95/100 | critical=0 | warnings=1
2026-05-04 11:36:00,404 [INFO] pipeline:   Relatorio: C:\Users\55819\OneDrive - EPEJUD\DIEGO\OBSIDIAN\Analista de Investimentos\12_PYTHON\pipeline banco completo\outputs\data_quality\audit_AZZA3_20260504.md
2026-05-04 11:36:00,404 [INFO] pipeline: 
Auditorando AMAR3...
2026-05-04 11:36:00,717 [INFO] pipeline.cvm:   DFP dre 2020: 62 linhas
2026-05-04 11:36:01,211 [INFO] pipeline.cvm:   DFP bpa 2020: 130 linhas
2026-05-04 11:36:02,268 [INFO] pipeline.cvm:   DFP bpp 2020: 222 linhas
2026-05-04 11:36:02,853 [INFO] pipeline.cvm:   DFP dfc_mi 2020: 118 linhas
2026-05-04 11:36:02,887 [WARNING] pipeline.cvm:   Empresa 22055 não encontrada em dfc_md 2020
2026-05-04 11:36:03,325 [INFO] pipeline.cvm:   DFP dre 2020: 58 linhas
2026-05-04 11:36:04,183 [INFO] pipeline.cvm:   DFP bpa 2020: 136 linhas
2026-05-04 11:36:05,844 [INFO] pipeline.cvm:   DFP bpp 2020: 218 linhas
2026-05-04 11:36:06,371 [INFO] pipeline.cvm:   DFP dfc_mi 2020: 126 linhas
2026-05-04 11:36:06,409 [WARNING] pipeline.cvm:   Empresa 22055 não encontrada em dfc_md 2020
2026-05-04 11:36:06,662 [INFO] pipeline.cvm:   DFP dre 2021: 60 linhas
2026-05-04 11:36:07,046 [INFO] pipeline.cvm:   DFP bpa 2021: 130 linhas
2026-05-04 11:36:07,730 [INFO] pipeline.cvm:   DFP bpp 2021: 224 linhas
2026-05-04 11:36:08,104 [INFO] pipeline.cvm:   DFP dfc_mi 2021: 106 linhas
2026-05-04 11:36:08,132 [WARNING] pipeline.cvm:   Empresa 22055 não encontrada em dfc_md 2021
2026-05-04 11:36:08,461 [INFO] pipeline.cvm:   DFP dre 2021: 56 linhas
2026-05-04 11:36:09,097 [INFO] pipeline.cvm:   DFP bpa 2021: 134 linhas
2026-05-04 11:36:10,217 [INFO] pipeline.cvm:   DFP bpp 2021: 224 linhas
2026-05-04 11:36:10,723 [INFO] pipeline.cvm:   DFP dfc_mi 2021: 114 linhas
2026-05-04 11:36:10,762 [WARNING] pipeline.cvm:   Empresa 22055 não encontrada em dfc_md 2021
2026-05-04 11:36:11,018 [INFO] pipeline.cvm:   DFP dre 2022: 62 linhas
2026-05-04 11:36:11,540 [INFO] pipeline.cvm:   DFP bpa 2022: 130 linhas
2026-05-04 11:36:12,624 [INFO] pipeline.cvm:   DFP bpp 2022: 224 linhas
2026-05-04 11:36:13,158 [INFO] pipeline.cvm:   DFP dfc_mi 2022: 116 linhas
2026-05-04 11:36:13,217 [WARNING] pipeline.cvm:   Empresa 22055 não encontrada em dfc_md 2022
2026-05-04 11:36:13,755 [INFO] pipeline.cvm:   DFP dre 2022: 58 linhas
2026-05-04 11:36:14,609 [INFO] pipeline.cvm:   DFP bpa 2022: 134 linhas
2026-05-04 11:36:16,028 [INFO] pipeline.cvm:   DFP bpp 2022: 224 linhas
2026-05-04 11:36:16,581 [INFO] pipeline.cvm:   DFP dfc_mi 2022: 126 linhas
2026-05-04 11:36:16,622 [WARNING] pipeline.cvm:   Empresa 22055 não encontrada em dfc_md 2022
2026-05-04 11:36:16,868 [INFO] pipeline.cvm:   DFP dre 2023: 62 linhas
2026-05-04 11:36:17,284 [INFO] pipeline.cvm:   DFP bpa 2023: 132 linhas
2026-05-04 11:36:18,043 [INFO] pipeline.cvm:   DFP bpp 2023: 226 linhas
2026-05-04 11:36:18,439 [INFO] pipeline.cvm:   DFP dfc_mi 2023: 120 linhas
2026-05-04 11:36:18,466 [WARNING] pipeline.cvm:   Empresa 22055 não encontrada em dfc_md 2023
2026-05-04 11:36:18,795 [INFO] pipeline.cvm:   DFP dre 2023: 58 linhas
2026-05-04 11:36:19,446 [INFO] pipeline.cvm:   DFP bpa 2023: 136 linhas
2026-05-04 11:36:20,502 [INFO] pipeline.cvm:   DFP bpp 2023: 224 linhas
2026-05-04 11:36:21,010 [INFO] pipeline.cvm:   DFP dfc_mi 2023: 136 linhas
2026-05-04 11:36:21,051 [WARNING] pipeline.cvm:   Empresa 22055 não encontrada em dfc_md 2023
2026-05-04 11:36:21,269 [INFO] pipeline.cvm:   DFP dre 2024: 62 linhas
2026-05-04 11:36:21,673 [INFO] pipeline.cvm:   DFP bpa 2024: 132 linhas
2026-05-04 11:36:22,375 [INFO] pipeline.cvm:   DFP bpp 2024: 228 linhas
2026-05-04 11:36:22,756 [INFO] pipeline.cvm:   DFP dfc_mi 2024: 120 linhas
2026-05-04 11:36:22,783 [WARNING] pipeline.cvm:   Empresa 22055 não encontrada em dfc_md 2024
2026-05-04 11:36:23,084 [INFO] pipeline.cvm:   DFP dre 2024: 58 linhas
2026-05-04 11:36:23,662 [INFO] pipeline.cvm:   DFP bpa 2024: 136 linhas
2026-05-04 11:36:24,821 [INFO] pipeline.cvm:   DFP bpp 2024: 224 linhas
2026-05-04 11:36:25,356 [INFO] pipeline.cvm:   DFP dfc_mi 2024: 136 linhas
2026-05-04 11:36:25,386 [WARNING] pipeline.cvm:   Empresa 22055 não encontrada em dfc_md 2024
2026-05-04 11:36:25,591 [INFO] pipeline.cvm:   DFP dre 2025: 62 linhas
2026-05-04 11:36:26,026 [INFO] pipeline.cvm:   DFP bpa 2025: 132 linhas
2026-05-04 11:36:26,656 [INFO] pipeline.cvm:   DFP bpp 2025: 230 linhas
2026-05-04 11:36:27,013 [INFO] pipeline.cvm:   DFP dfc_mi 2025: 120 linhas
2026-05-04 11:36:27,036 [WARNING] pipeline.cvm:   Empresa 22055 não encontrada em dfc_md 2025
2026-05-04 11:36:27,337 [INFO] pipeline.cvm:   DFP dre 2025: 58 linhas
2026-05-04 11:36:27,869 [INFO] pipeline.cvm:   DFP bpa 2025: 136 linhas
2026-05-04 11:36:28,935 [INFO] pipeline.cvm:   DFP bpp 2025: 228 linhas
2026-05-04 11:36:29,421 [INFO] pipeline.cvm:   DFP dfc_mi 2025: 136 linhas
2026-05-04 11:36:29,451 [WARNING] pipeline.cvm:   Empresa 22055 não encontrada em dfc_md 2025
2026-05-04 11:36:32,334 [INFO] pipeline:   AMAR3: score=95/100 | critical=0 | warnings=1
2026-05-04 11:36:32,334 [INFO] pipeline:   Relatorio: C:\Users\55819\OneDrive - EPEJUD\DIEGO\OBSIDIAN\Analista de Investimentos\12_PYTHON\pipeline banco completo\outputs\data_quality\audit_AMAR3_20260504.md
2026-05-04 11:36:32,334 [INFO] pipeline: 
Auditorando AGRO3...
2026-05-04 11:36:32,682 [WARNING] pipeline.cvm:   Empresa 21300 não encontrada em dre 2020
2026-05-04 11:36:33,198 [WARNING] pipeline.cvm:   Empresa 21300 não encontrada em bpa 2020
2026-05-04 11:36:34,135 [WARNING] pipeline.cvm:   Empresa 21300 não encontrada em bpp 2020
2026-05-04 11:36:34,639 [WARNING] pipeline.cvm:   Empresa 21300 não encontrada em dfc_mi 2020
2026-05-04 11:36:34,671 [WARNING] pipeline.cvm:   Empresa 21300 não encontrada em dfc_md 2020
2026-05-04 11:36:35,180 [WARNING] pipeline.cvm:   Empresa 21300 não encontrada em dre 2020
2026-05-04 11:36:35,978 [WARNING] pipeline.cvm:   Empresa 21300 não encontrada em bpa 2020
2026-05-04 11:36:37,465 [WARNING] pipeline.cvm:   Empresa 21300 não encontrada em bpp 2020
2026-05-04 11:36:37,968 [WARNING] pipeline.cvm:   Empresa 21300 não encontrada em dfc_mi 2020
2026-05-04 11:36:38,002 [WARNING] pipeline.cvm:   Empresa 21300 não encontrada em dfc_md 2020
2026-05-04 11:36:38,241 [WARNING] pipeline.cvm:   Empresa 21300 não encontrada em dre 2021
2026-05-04 11:36:38,699 [WARNING] pipeline.cvm:   Empresa 21300 não encontrada em bpa 2021
2026-05-04 11:36:39,435 [WARNING] pipeline.cvm:   Empresa 21300 não encontrada em bpp 2021
2026-05-04 11:36:39,882 [WARNING] pipeline.cvm:   Empresa 21300 não encontrada em dfc_mi 2021
2026-05-04 11:36:39,907 [WARNING] pipeline.cvm:   Empresa 21300 não encontrada em dfc_md 2021
2026-05-04 11:36:40,230 [WARNING] pipeline.cvm:   Empresa 21300 não encontrada em dre 2021
2026-05-04 11:36:40,861 [WARNING] pipeline.cvm:   Empresa 21300 não encontrada em bpa 2021
2026-05-04 11:36:42,149 [WARNING] pipeline.cvm:   Empresa 21300 não encontrada em bpp 2021
2026-05-04 11:36:42,669 [WARNING] pipeline.cvm:   Empresa 21300 não encontrada em dfc_mi 2021
2026-05-04 11:36:42,704 [WARNING] pipeline.cvm:   Empresa 21300 não encontrada em dfc_md 2021
2026-05-04 11:36:42,934 [WARNING] pipeline.cvm:   Empresa 21300 não encontrada em dre 2022
2026-05-04 11:36:43,342 [WARNING] pipeline.cvm:   Empresa 21300 não encontrada em bpa 2022
2026-05-04 11:36:44,104 [WARNING] pipeline.cvm:   Empresa 21300 não encontrada em bpp 2022
2026-05-04 11:36:44,565 [WARNING] pipeline.cvm:   Empresa 21300 não encontrada em dfc_mi 2022
2026-05-04 11:36:44,592 [WARNING] pipeline.cvm:   Empresa 21300 não encontrada em dfc_md 2022
2026-05-04 11:36:44,902 [WARNING] pipeline.cvm:   Empresa 21300 não encontrada em dre 2022
2026-05-04 11:36:45,516 [WARNING] pipeline.cvm:   Empresa 21300 não encontrada em bpa 2022
2026-05-04 11:36:46,562 [WARNING] pipeline.cvm:   Empresa 21300 não encontrada em bpp 2022
2026-05-04 11:36:47,076 [WARNING] pipeline.cvm:   Empresa 21300 não encontrada em dfc_mi 2022
2026-05-04 11:36:47,114 [WARNING] pipeline.cvm:   Empresa 21300 não encontrada em dfc_md 2022
2026-05-04 11:36:47,349 [WARNING] pipeline.cvm:   Empresa 21300 não encontrada em dre 2023
2026-05-04 11:36:47,904 [WARNING] pipeline.cvm:   Empresa 21300 não encontrada em bpa 2023
2026-05-04 11:36:48,623 [WARNING] pipeline.cvm:   Empresa 21300 não encontrada em bpp 2023
2026-05-04 11:36:49,005 [WARNING] pipeline.cvm:   Empresa 21300 não encontrada em dfc_mi 2023
2026-05-04 11:36:49,029 [WARNING] pipeline.cvm:   Empresa 21300 não encontrada em dfc_md 2023
2026-05-04 11:36:49,365 [WARNING] pipeline.cvm:   Empresa 21300 não encontrada em dre 2023
2026-05-04 11:36:50,007 [WARNING] pipeline.cvm:   Empresa 21300 não encontrada em bpa 2023
2026-05-04 11:36:51,098 [WARNING] pipeline.cvm:   Empresa 21300 não encontrada em bpp 2023
2026-05-04 11:36:51,619 [WARNING] pipeline.cvm:   Empresa 21300 não encontrada em dfc_mi 2023
2026-05-04 11:36:51,658 [WARNING] pipeline.cvm:   Empresa 21300 não encontrada em dfc_md 2023
2026-05-04 11:36:51,901 [WARNING] pipeline.cvm:   Empresa 21300 não encontrada em dre 2024
2026-05-04 11:36:52,288 [WARNING] pipeline.cvm:   Empresa 21300 não encontrada em bpa 2024
2026-05-04 11:36:53,023 [WARNING] pipeline.cvm:   Empresa 21300 não encontrada em bpp 2024
2026-05-04 11:36:53,398 [WARNING] pipeline.cvm:   Empresa 21300 não encontrada em dfc_mi 2024
2026-05-04 11:36:53,425 [WARNING] pipeline.cvm:   Empresa 21300 não encontrada em dfc_md 2024
2026-05-04 11:36:53,749 [WARNING] pipeline.cvm:   Empresa 21300 não encontrada em dre 2024
2026-05-04 11:36:54,333 [WARNING] pipeline.cvm:   Empresa 21300 não encontrada em bpa 2024
2026-05-04 11:36:55,307 [WARNING] pipeline.cvm:   Empresa 21300 não encontrada em bpp 2024
2026-05-04 11:36:55,803 [WARNING] pipeline.cvm:   Empresa 21300 não encontrada em dfc_mi 2024
2026-05-04 11:36:55,837 [WARNING] pipeline.cvm:   Empresa 21300 não encontrada em dfc_md 2024
2026-05-04 11:36:56,058 [WARNING] pipeline.cvm:   Empresa 21300 não encontrada em dre 2025
2026-05-04 11:36:56,409 [WARNING] pipeline.cvm:   Empresa 21300 não encontrada em bpa 2025
2026-05-04 11:36:57,015 [WARNING] pipeline.cvm:   Empresa 21300 não encontrada em bpp 2025
2026-05-04 11:36:57,362 [WARNING] pipeline.cvm:   Empresa 21300 não encontrada em dfc_mi 2025
2026-05-04 11:36:57,387 [WARNING] pipeline.cvm:   Empresa 21300 não encontrada em dfc_md 2025
2026-05-04 11:36:57,662 [WARNING] pipeline.cvm:   Empresa 21300 não encontrada em dre 2025
2026-05-04 11:36:58,196 [WARNING] pipeline.cvm:   Empresa 21300 não encontrada em bpa 2025
2026-05-04 11:36:59,130 [WARNING] pipeline.cvm:   Empresa 21300 não encontrada em bpp 2025
2026-05-04 11:36:59,648 [WARNING] pipeline.cvm:   Empresa 21300 não encontrada em dfc_mi 2025
2026-05-04 11:36:59,688 [WARNING] pipeline.cvm:   Empresa 21300 não encontrada em dfc_md 2025
2026-05-04 11:36:59,708 [INFO] pipeline:   AGRO3: score=0/100 | critical=9 | warnings=1
2026-05-04 11:36:59,708 [INFO] pipeline:   Relatorio: C:\Users\55819\OneDrive - EPEJUD\DIEGO\OBSIDIAN\Analista de Investimentos\12_PYTHON\pipeline banco completo\outputs\data_quality\audit_AGRO3_20260504.md
2026-05-04 11:36:59,709 [INFO] pipeline: 
Auditorando SOJA3...
2026-05-04 11:36:59,710 [INFO] pipeline.cvm: Buscando código CVM para SOJA3...
2026-05-04 11:37:00,479 [WARNING] pipeline.cvm: Ticker SOJA3 não encontrado no cadastro CVM
2026-05-04 11:37:00,500 [INFO] pipeline:   SOJA3: score=23/100 | critical=4 | warnings=1
2026-05-04 11:37:00,500 [INFO] pipeline:   Relatorio: C:\Users\55819\OneDrive - EPEJUD\DIEGO\OBSIDIAN\Analista de Investimentos\12_PYTHON\pipeline banco completo\outputs\data_quality\audit_SOJA3_20260504.md
2026-05-04 11:37:00,500 [INFO] pipeline: 
Auditorando SAPR11...
2026-05-04 11:37:00,844 [WARNING] pipeline.cvm:   Empresa 18627 não encontrada em dre 2020
2026-05-04 11:37:01,622 [WARNING] pipeline.cvm:   Empresa 18627 não encontrada em bpa 2020
2026-05-04 11:37:02,785 [WARNING] pipeline.cvm:   Empresa 18627 não encontrada em bpp 2020
2026-05-04 11:37:03,295 [WARNING] pipeline.cvm:   Empresa 18627 não encontrada em dfc_mi 2020
2026-05-04 11:37:03,326 [WARNING] pipeline.cvm:   Empresa 18627 não encontrada em dfc_md 2020
2026-05-04 11:37:03,856 [INFO] pipeline.cvm:   DFP dre 2020: 68 linhas
2026-05-04 11:37:04,732 [INFO] pipeline.cvm:   DFP bpa 2020: 144 linhas
2026-05-04 11:37:06,327 [INFO] pipeline.cvm:   DFP bpp 2020: 244 linhas
2026-05-04 11:37:07,148 [INFO] pipeline.cvm:   DFP dfc_mi 2020: 104 linhas
2026-05-04 11:37:07,207 [WARNING] pipeline.cvm:   Empresa 18627 não encontrada em dfc_md 2020
2026-05-04 11:37:07,550 [WARNING] pipeline.cvm:   Empresa 18627 não encontrada em dre 2021
2026-05-04 11:37:08,089 [WARNING] pipeline.cvm:   Empresa 18627 não encontrada em bpa 2021
2026-05-04 11:37:08,774 [WARNING] pipeline.cvm:   Empresa 18627 não encontrada em bpp 2021
2026-05-04 11:37:09,144 [WARNING] pipeline.cvm:   Empresa 18627 não encontrada em dfc_mi 2021
2026-05-04 11:37:09,169 [WARNING] pipeline.cvm:   Empresa 18627 não encontrada em dfc_md 2021
2026-05-04 11:37:09,517 [INFO] pipeline.cvm:   DFP dre 2021: 68 linhas
2026-05-04 11:37:10,301 [INFO] pipeline.cvm:   DFP bpa 2021: 144 linhas
2026-05-04 11:37:11,416 [INFO] pipeline.cvm:   DFP bpp 2021: 244 linhas
2026-05-04 11:37:11,954 [INFO] pipeline.cvm:   DFP dfc_mi 2021: 104 linhas
2026-05-04 11:37:11,998 [WARNING] pipeline.cvm:   Empresa 18627 não encontrada em dfc_md 2021
2026-05-04 11:37:12,243 [WARNING] pipeline.cvm:   Empresa 18627 não encontrada em dre 2022
2026-05-04 11:37:12,658 [WARNING] pipeline.cvm:   Empresa 18627 não encontrada em bpa 2022
2026-05-04 11:37:13,360 [WARNING] pipeline.cvm:   Empresa 18627 não encontrada em bpp 2022
2026-05-04 11:37:13,771 [WARNING] pipeline.cvm:   Empresa 18627 não encontrada em dfc_mi 2022
2026-05-04 11:37:13,805 [WARNING] pipeline.cvm:   Empresa 18627 não encontrada em dfc_md 2022
2026-05-04 11:37:14,137 [INFO] pipeline.cvm:   DFP dre 2022: 68 linhas
2026-05-04 11:37:14,750 [INFO] pipeline.cvm:   DFP bpa 2022: 144 linhas
2026-05-04 11:37:15,850 [INFO] pipeline.cvm:   DFP bpp 2022: 244 linhas
2026-05-04 11:37:16,374 [INFO] pipeline.cvm:   DFP dfc_mi 2022: 104 linhas
2026-05-04 11:37:16,415 [WARNING] pipeline.cvm:   Empresa 18627 não encontrada em dfc_md 2022
2026-05-04 11:37:16,709 [WARNING] pipeline.cvm:   Empresa 18627 não encontrada em dre 2023
2026-05-04 11:37:17,132 [WARNING] pipeline.cvm:   Empresa 18627 não encontrada em bpa 2023
2026-05-04 11:37:17,866 [WARNING] pipeline.cvm:   Empresa 18627 não encontrada em bpp 2023
2026-05-04 11:37:18,283 [WARNING] pipeline.cvm:   Empresa 18627 não encontrada em dfc_mi 2023
2026-05-04 11:37:18,313 [WARNING] pipeline.cvm:   Empresa 18627 não encontrada em dfc_md 2023
2026-05-04 11:37:18,659 [INFO] pipeline.cvm:   DFP dre 2023: 68 linhas
2026-05-04 11:37:19,442 [INFO] pipeline.cvm:   DFP bpa 2023: 144 linhas
2026-05-04 11:37:20,943 [INFO] pipeline.cvm:   DFP bpp 2023: 244 linhas
2026-05-04 11:37:21,469 [INFO] pipeline.cvm:   DFP dfc_mi 2023: 104 linhas
2026-05-04 11:37:21,517 [WARNING] pipeline.cvm:   Empresa 18627 não encontrada em dfc_md 2023
2026-05-04 11:37:21,756 [WARNING] pipeline.cvm:   Empresa 18627 não encontrada em dre 2024
2026-05-04 11:37:22,186 [WARNING] pipeline.cvm:   Empresa 18627 não encontrada em bpa 2024
2026-05-04 11:37:22,882 [WARNING] pipeline.cvm:   Empresa 18627 não encontrada em bpp 2024
2026-05-04 11:37:23,265 [WARNING] pipeline.cvm:   Empresa 18627 não encontrada em dfc_mi 2024
2026-05-04 11:37:23,292 [WARNING] pipeline.cvm:   Empresa 18627 não encontrada em dfc_md 2024
2026-05-04 11:37:23,607 [INFO] pipeline.cvm:   DFP dre 2024: 68 linhas
2026-05-04 11:37:24,244 [INFO] pipeline.cvm:   DFP bpa 2024: 144 linhas
2026-05-04 11:37:25,359 [INFO] pipeline.cvm:   DFP bpp 2024: 248 linhas
2026-05-04 11:37:25,972 [INFO] pipeline.cvm:   DFP dfc_mi 2024: 104 linhas
2026-05-04 11:37:26,000 [WARNING] pipeline.cvm:   Empresa 18627 não encontrada em dfc_md 2024
2026-05-04 11:37:26,217 [WARNING] pipeline.cvm:   Empresa 18627 não encontrada em dre 2025
2026-05-04 11:37:26,578 [WARNING] pipeline.cvm:   Empresa 18627 não encontrada em bpa 2025
2026-05-04 11:37:27,193 [WARNING] pipeline.cvm:   Empresa 18627 não encontrada em bpp 2025
2026-05-04 11:37:27,542 [WARNING] pipeline.cvm:   Empresa 18627 não encontrada em dfc_mi 2025
2026-05-04 11:37:27,570 [WARNING] pipeline.cvm:   Empresa 18627 não encontrada em dfc_md 2025
2026-05-04 11:37:27,858 [INFO] pipeline.cvm:   DFP dre 2025: 80 linhas
2026-05-04 11:37:28,437 [INFO] pipeline.cvm:   DFP bpa 2025: 144 linhas
2026-05-04 11:37:29,947 [INFO] pipeline.cvm:   DFP bpp 2025: 250 linhas
2026-05-04 11:37:30,650 [INFO] pipeline.cvm:   DFP dfc_mi 2025: 104 linhas
2026-05-04 11:37:30,693 [WARNING] pipeline.cvm:   Empresa 18627 não encontrada em dfc_md 2025
2026-05-04 11:37:34,096 [INFO] pipeline:   SAPR11: score=95/100 | critical=0 | warnings=1
2026-05-04 11:37:34,096 [INFO] pipeline:   Relatorio: C:\Users\55819\OneDrive - EPEJUD\DIEGO\OBSIDIAN\Analista de Investimentos\12_PYTHON\pipeline banco completo\outputs\data_quality\audit_SAPR11_20260504.md
2026-05-04 11:37:34,097 [INFO] pipeline: 
Auditorando SBSP3...
2026-05-04 11:37:34,405 [WARNING] pipeline.cvm:   Empresa 14443 não encontrada em dre 2020
2026-05-04 11:37:34,919 [WARNING] pipeline.cvm:   Empresa 14443 não encontrada em bpa 2020
2026-05-04 11:37:35,981 [WARNING] pipeline.cvm:   Empresa 14443 não encontrada em bpp 2020
2026-05-04 11:37:36,753 [WARNING] pipeline.cvm:   Empresa 14443 não encontrada em dfc_mi 2020
2026-05-04 11:37:36,802 [WARNING] pipeline.cvm:   Empresa 14443 não encontrada em dfc_md 2020
2026-05-04 11:37:37,453 [INFO] pipeline.cvm:   DFP dre 2020: 92 linhas
2026-05-04 11:37:38,496 [INFO] pipeline.cvm:   DFP bpa 2020: 136 linhas
2026-05-04 11:37:39,950 [INFO] pipeline.cvm:   DFP bpp 2020: 256 linhas
2026-05-04 11:37:40,595 [INFO] pipeline.cvm:   DFP dfc_mi 2020: 118 linhas
2026-05-04 11:37:40,637 [WARNING] pipeline.cvm:   Empresa 14443 não encontrada em dfc_md 2020
2026-05-04 11:37:40,903 [WARNING] pipeline.cvm:   Empresa 14443 não encontrada em dre 2021
2026-05-04 11:37:41,322 [WARNING] pipeline.cvm:   Empresa 14443 não encontrada em bpa 2021
2026-05-04 11:37:41,999 [WARNING] pipeline.cvm:   Empresa 14443 não encontrada em bpp 2021
2026-05-04 11:37:42,349 [WARNING] pipeline.cvm:   Empresa 14443 não encontrada em dfc_mi 2021
2026-05-04 11:37:42,373 [WARNING] pipeline.cvm:   Empresa 14443 não encontrada em dfc_md 2021
2026-05-04 11:37:42,715 [INFO] pipeline.cvm:   DFP dre 2021: 92 linhas
2026-05-04 11:37:43,338 [INFO] pipeline.cvm:   DFP bpa 2021: 136 linhas
2026-05-04 11:37:44,535 [INFO] pipeline.cvm:   DFP bpp 2021: 256 linhas
2026-05-04 11:37:45,038 [INFO] pipeline.cvm:   DFP dfc_mi 2021: 116 linhas
2026-05-04 11:37:45,083 [WARNING] pipeline.cvm:   Empresa 14443 não encontrada em dfc_md 2021
2026-05-04 11:37:45,316 [WARNING] pipeline.cvm:   Empresa 14443 não encontrada em dre 2022
2026-05-04 11:37:45,734 [WARNING] pipeline.cvm:   Empresa 14443 não encontrada em bpa 2022
2026-05-04 11:37:46,498 [WARNING] pipeline.cvm:   Empresa 14443 não encontrada em bpp 2022
2026-05-04 11:37:46,946 [WARNING] pipeline.cvm:   Empresa 14443 não encontrada em dfc_mi 2022
2026-05-04 11:37:46,974 [WARNING] pipeline.cvm:   Empresa 14443 não encontrada em dfc_md 2022
2026-05-04 11:37:47,316 [INFO] pipeline.cvm:   DFP dre 2022: 92 linhas
2026-05-04 11:37:47,992 [INFO] pipeline.cvm:   DFP bpa 2022: 138 linhas
2026-05-04 11:37:49,234 [INFO] pipeline.cvm:   DFP bpp 2022: 256 linhas
2026-05-04 11:37:49,752 [INFO] pipeline.cvm:   DFP dfc_mi 2022: 116 linhas
2026-05-04 11:37:49,790 [WARNING] pipeline.cvm:   Empresa 14443 não encontrada em dfc_md 2022
2026-05-04 11:37:50,035 [INFO] pipeline.cvm:   DFP dre 2023: 82 linhas
2026-05-04 11:37:50,467 [INFO] pipeline.cvm:   DFP bpa 2023: 136 linhas
2026-05-04 11:37:51,308 [INFO] pipeline.cvm:   DFP bpp 2023: 244 linhas
2026-05-04 11:37:51,702 [INFO] pipeline.cvm:   DFP dfc_mi 2023: 108 linhas
2026-05-04 11:37:51,733 [WARNING] pipeline.cvm:   Empresa 14443 não encontrada em dfc_md 2023
2026-05-04 11:37:52,100 [INFO] pipeline.cvm:   DFP dre 2023: 92 linhas
2026-05-04 11:37:52,765 [INFO] pipeline.cvm:   DFP bpa 2023: 138 linhas
2026-05-04 11:37:53,866 [INFO] pipeline.cvm:   DFP bpp 2023: 256 linhas
2026-05-04 11:37:54,438 [INFO] pipeline.cvm:   DFP dfc_mi 2023: 116 linhas
2026-05-04 11:37:54,483 [WARNING] pipeline.cvm:   Empresa 14443 não encontrada em dfc_md 2023
2026-05-04 11:37:54,716 [INFO] pipeline.cvm:   DFP dre 2024: 84 linhas
2026-05-04 11:37:55,130 [INFO] pipeline.cvm:   DFP bpa 2024: 142 linhas
2026-05-04 11:37:55,830 [INFO] pipeline.cvm:   DFP bpp 2024: 248 linhas
2026-05-04 11:37:56,249 [INFO] pipeline.cvm:   DFP dfc_mi 2024: 116 linhas
2026-05-04 11:37:56,275 [WARNING] pipeline.cvm:   Empresa 14443 não encontrada em dfc_md 2024
2026-05-04 11:37:56,598 [INFO] pipeline.cvm:   DFP dre 2024: 96 linhas
2026-05-04 11:37:57,260 [INFO] pipeline.cvm:   DFP bpa 2024: 144 linhas
2026-05-04 11:37:58,291 [INFO] pipeline.cvm:   DFP bpp 2024: 260 linhas
2026-05-04 11:37:58,800 [INFO] pipeline.cvm:   DFP dfc_mi 2024: 114 linhas
2026-05-04 11:37:58,831 [WARNING] pipeline.cvm:   Empresa 14443 não encontrada em dfc_md 2024
2026-05-04 11:37:59,043 [INFO] pipeline.cvm:   DFP dre 2025: 64 linhas
2026-05-04 11:37:59,418 [INFO] pipeline.cvm:   DFP bpa 2025: 130 linhas
2026-05-04 11:38:00,055 [INFO] pipeline.cvm:   DFP bpp 2025: 246 linhas
2026-05-04 11:38:00,432 [INFO] pipeline.cvm:   DFP dfc_mi 2025: 120 linhas
2026-05-04 11:38:00,464 [WARNING] pipeline.cvm:   Empresa 14443 não encontrada em dfc_md 2025
2026-05-04 11:38:00,836 [INFO] pipeline.cvm:   DFP dre 2025: 60 linhas
2026-05-04 11:38:01,543 [INFO] pipeline.cvm:   DFP bpa 2025: 132 linhas
2026-05-04 11:38:02,603 [INFO] pipeline.cvm:   DFP bpp 2025: 248 linhas
2026-05-04 11:38:03,112 [INFO] pipeline.cvm:   DFP dfc_mi 2025: 120 linhas
2026-05-04 11:38:03,142 [WARNING] pipeline.cvm:   Empresa 14443 não encontrada em dfc_md 2025
2026-05-04 11:38:07,542 [INFO] pipeline:   SBSP3: score=77/100 | critical=1 | warnings=1
2026-05-04 11:38:07,543 [INFO] pipeline:   Relatorio: C:\Users\55819\OneDrive - EPEJUD\DIEGO\OBSIDIAN\Analista de Investimentos\12_PYTHON\pipeline banco completo\outputs\data_quality\audit_SBSP3_20260504.md
2026-05-04 11:38:07,543 [INFO] pipeline: 
Auditorando VIVT3...
2026-05-04 11:38:07,856 [WARNING] pipeline.cvm:   Empresa 16330 não encontrada em dre 2020
2026-05-04 11:38:08,320 [WARNING] pipeline.cvm:   Empresa 16330 não encontrada em bpa 2020
2026-05-04 11:38:09,116 [WARNING] pipeline.cvm:   Empresa 16330 não encontrada em bpp 2020
2026-05-04 11:38:09,752 [WARNING] pipeline.cvm:   Empresa 16330 não encontrada em dfc_mi 2020
2026-05-04 11:38:09,793 [WARNING] pipeline.cvm:   Empresa 16330 não encontrada em dfc_md 2020
2026-05-04 11:38:10,220 [WARNING] pipeline.cvm:   Empresa 16330 não encontrada em dre 2020
2026-05-04 11:38:11,242 [WARNING] pipeline.cvm:   Empresa 16330 não encontrada em bpa 2020
2026-05-04 11:38:12,899 [WARNING] pipeline.cvm:   Empresa 16330 não encontrada em bpp 2020
2026-05-04 11:38:13,430 [WARNING] pipeline.cvm:   Empresa 16330 não encontrada em dfc_mi 2020
2026-05-04 11:38:13,461 [WARNING] pipeline.cvm:   Empresa 16330 não encontrada em dfc_md 2020
2026-05-04 11:38:13,698 [WARNING] pipeline.cvm:   Empresa 16330 não encontrada em dre 2021
2026-05-04 11:38:14,081 [WARNING] pipeline.cvm:   Empresa 16330 não encontrada em bpa 2021
2026-05-04 11:38:14,816 [WARNING] pipeline.cvm:   Empresa 16330 não encontrada em bpp 2021
2026-05-04 11:38:15,189 [WARNING] pipeline.cvm:   Empresa 16330 não encontrada em dfc_mi 2021
2026-05-04 11:38:15,221 [WARNING] pipeline.cvm:   Empresa 16330 não encontrada em dfc_md 2021
2026-05-04 11:38:15,606 [WARNING] pipeline.cvm:   Empresa 16330 não encontrada em dre 2021
2026-05-04 11:38:16,267 [WARNING] pipeline.cvm:   Empresa 16330 não encontrada em bpa 2021
2026-05-04 11:38:17,345 [WARNING] pipeline.cvm:   Empresa 16330 não encontrada em bpp 2021
2026-05-04 11:38:17,832 [WARNING] pipeline.cvm:   Empresa 16330 não encontrada em dfc_mi 2021
2026-05-04 11:38:17,866 [WARNING] pipeline.cvm:   Empresa 16330 não encontrada em dfc_md 2021
2026-05-04 11:38:18,107 [WARNING] pipeline.cvm:   Empresa 16330 não encontrada em dre 2022
2026-05-04 11:38:18,568 [WARNING] pipeline.cvm:   Empresa 16330 não encontrada em bpa 2022
2026-05-04 11:38:19,283 [WARNING] pipeline.cvm:   Empresa 16330 não encontrada em bpp 2022
2026-05-04 11:38:19,673 [WARNING] pipeline.cvm:   Empresa 16330 não encontrada em dfc_mi 2022
2026-05-04 11:38:19,705 [WARNING] pipeline.cvm:   Empresa 16330 não encontrada em dfc_md 2022
2026-05-04 11:38:20,039 [WARNING] pipeline.cvm:   Empresa 16330 não encontrada em dre 2022
2026-05-04 11:38:20,705 [WARNING] pipeline.cvm:   Empresa 16330 não encontrada em bpa 2022
2026-05-04 11:38:21,899 [WARNING] pipeline.cvm:   Empresa 16330 não encontrada em bpp 2022
2026-05-04 11:38:22,517 [WARNING] pipeline.cvm:   Empresa 16330 não encontrada em dfc_mi 2022
2026-05-04 11:38:22,562 [WARNING] pipeline.cvm:   Empresa 16330 não encontrada em dfc_md 2022
2026-05-04 11:38:22,811 [WARNING] pipeline.cvm:   Empresa 16330 não encontrada em dre 2023
2026-05-04 11:38:23,219 [WARNING] pipeline.cvm:   Empresa 16330 não encontrada em bpa 2023
2026-05-04 11:38:23,979 [WARNING] pipeline.cvm:   Empresa 16330 não encontrada em bpp 2023
2026-05-04 11:38:24,425 [WARNING] pipeline.cvm:   Empresa 16330 não encontrada em dfc_mi 2023
2026-05-04 11:38:24,452 [WARNING] pipeline.cvm:   Empresa 16330 não encontrada em dfc_md 2023
2026-05-04 11:38:24,907 [WARNING] pipeline.cvm:   Empresa 16330 não encontrada em dre 2023
2026-05-04 11:38:25,702 [WARNING] pipeline.cvm:   Empresa 16330 não encontrada em bpa 2023
2026-05-04 11:38:27,124 [WARNING] pipeline.cvm:   Empresa 16330 não encontrada em bpp 2023
2026-05-04 11:38:27,941 [WARNING] pipeline.cvm:   Empresa 16330 não encontrada em dfc_mi 2023
2026-05-04 11:38:28,001 [WARNING] pipeline.cvm:   Empresa 16330 não encontrada em dfc_md 2023
2026-05-04 11:38:28,326 [WARNING] pipeline.cvm:   Empresa 16330 não encontrada em dre 2024
2026-05-04 11:38:28,815 [WARNING] pipeline.cvm:   Empresa 16330 não encontrada em bpa 2024
2026-05-04 11:38:29,581 [WARNING] pipeline.cvm:   Empresa 16330 não encontrada em bpp 2024
2026-05-04 11:38:29,998 [WARNING] pipeline.cvm:   Empresa 16330 não encontrada em dfc_mi 2024
2026-05-04 11:38:30,025 [WARNING] pipeline.cvm:   Empresa 16330 não encontrada em dfc_md 2024
2026-05-04 11:38:30,376 [WARNING] pipeline.cvm:   Empresa 16330 não encontrada em dre 2024
2026-05-04 11:38:30,960 [WARNING] pipeline.cvm:   Empresa 16330 não encontrada em bpa 2024
2026-05-04 11:38:31,966 [WARNING] pipeline.cvm:   Empresa 16330 não encontrada em bpp 2024
2026-05-04 11:38:32,493 [WARNING] pipeline.cvm:   Empresa 16330 não encontrada em dfc_mi 2024
2026-05-04 11:38:32,521 [WARNING] pipeline.cvm:   Empresa 16330 não encontrada em dfc_md 2024
2026-05-04 11:38:32,741 [WARNING] pipeline.cvm:   Empresa 16330 não encontrada em dre 2025
2026-05-04 11:38:33,196 [WARNING] pipeline.cvm:   Empresa 16330 não encontrada em bpa 2025
2026-05-04 11:38:33,806 [WARNING] pipeline.cvm:   Empresa 16330 não encontrada em bpp 2025
2026-05-04 11:38:34,193 [WARNING] pipeline.cvm:   Empresa 16330 não encontrada em dfc_mi 2025
2026-05-04 11:38:34,219 [WARNING] pipeline.cvm:   Empresa 16330 não encontrada em dfc_md 2025
2026-05-04 11:38:34,568 [WARNING] pipeline.cvm:   Empresa 16330 não encontrada em dre 2025
2026-05-04 11:38:35,134 [WARNING] pipeline.cvm:   Empresa 16330 não encontrada em bpa 2025
2026-05-04 11:38:36,251 [WARNING] pipeline.cvm:   Empresa 16330 não encontrada em bpp 2025
2026-05-04 11:38:36,753 [WARNING] pipeline.cvm:   Empresa 16330 não encontrada em dfc_mi 2025
2026-05-04 11:38:36,778 [WARNING] pipeline.cvm:   Empresa 16330 não encontrada em dfc_md 2025
2026-05-04 11:38:36,788 [INFO] pipeline:   VIVT3: score=0/100 | critical=9 | warnings=1
2026-05-04 11:38:36,788 [INFO] pipeline:   Relatorio: C:\Users\55819\OneDrive - EPEJUD\DIEGO\OBSIDIAN\Analista de Investimentos\12_PYTHON\pipeline banco completo\outputs\data_quality\audit_VIVT3_20260504.md
2026-05-04 11:38:36,789 [INFO] pipeline: 
Auditorando BRIT3...
2026-05-04 11:38:36,789 [INFO] pipeline.cvm: Buscando código CVM para BRIT3...
2026-05-04 11:38:37,522 [WARNING] pipeline.cvm: Ticker BRIT3 não encontrado no cadastro CVM
2026-05-04 11:38:37,535 [INFO] pipeline:   BRIT3: score=23/100 | critical=4 | warnings=1
2026-05-04 11:38:37,535 [INFO] pipeline:   Relatorio: C:\Users\55819\OneDrive - EPEJUD\DIEGO\OBSIDIAN\Analista de Investimentos\12_PYTHON\pipeline banco completo\outputs\data_quality\audit_BRIT3_20260504.md
2026-05-04 11:38:37,535 [INFO] pipeline: 
Auditorando FIQE3...
2026-05-04 11:38:37,536 [INFO] pipeline.cvm: Buscando código CVM para FIQE3...
2026-05-04 11:38:38,291 [WARNING] pipeline.cvm: Ticker FIQE3 não encontrado no cadastro CVM
2026-05-04 11:38:38,312 [INFO] pipeline:   FIQE3: score=23/100 | critical=4 | warnings=1
2026-05-04 11:38:38,312 [INFO] pipeline:   Relatorio: C:\Users\55819\OneDrive - EPEJUD\DIEGO\OBSIDIAN\Analista de Investimentos\12_PYTHON\pipeline banco completo\outputs\data_quality\audit_FIQE3_20260504.md
2026-05-04 11:38:38,312 [INFO] pipeline: 
Auditorando FLRY3...
2026-05-04 11:38:38,659 [WARNING] pipeline.cvm:   Empresa 21784 não encontrada em dre 2020
2026-05-04 11:38:39,132 [WARNING] pipeline.cvm:   Empresa 21784 não encontrada em bpa 2020
2026-05-04 11:38:40,200 [WARNING] pipeline.cvm:   Empresa 21784 não encontrada em bpp 2020
2026-05-04 11:38:40,627 [WARNING] pipeline.cvm:   Empresa 21784 não encontrada em dfc_mi 2020
2026-05-04 11:38:40,653 [WARNING] pipeline.cvm:   Empresa 21784 não encontrada em dfc_md 2020
2026-05-04 11:38:41,046 [WARNING] pipeline.cvm:   Empresa 21784 não encontrada em dre 2020
2026-05-04 11:38:41,791 [WARNING] pipeline.cvm:   Empresa 21784 não encontrada em bpa 2020
2026-05-04 11:38:43,083 [WARNING] pipeline.cvm:   Empresa 21784 não encontrada em bpp 2020
2026-05-04 11:38:43,951 [WARNING] pipeline.cvm:   Empresa 21784 não encontrada em dfc_mi 2020
2026-05-04 11:38:43,994 [WARNING] pipeline.cvm:   Empresa 21784 não encontrada em dfc_md 2020
2026-05-04 11:38:44,404 [WARNING] pipeline.cvm:   Empresa 21784 não encontrada em dre 2021
2026-05-04 11:38:45,136 [WARNING] pipeline.cvm:   Empresa 21784 não encontrada em bpa 2021
2026-05-04 11:38:46,091 [WARNING] pipeline.cvm:   Empresa 21784 não encontrada em bpp 2021
2026-05-04 11:38:46,453 [WARNING] pipeline.cvm:   Empresa 21784 não encontrada em dfc_mi 2021
2026-05-04 11:38:46,479 [WARNING] pipeline.cvm:   Empresa 21784 não encontrada em dfc_md 2021
2026-05-04 11:38:46,865 [WARNING] pipeline.cvm:   Empresa 21784 não encontrada em dre 2021
2026-05-04 11:38:47,610 [WARNING] pipeline.cvm:   Empresa 21784 não encontrada em bpa 2021
2026-05-04 11:38:48,859 [WARNING] pipeline.cvm:   Empresa 21784 não encontrada em bpp 2021
2026-05-04 11:38:49,420 [WARNING] pipeline.cvm:   Empresa 21784 não encontrada em dfc_mi 2021
2026-05-04 11:38:49,461 [WARNING] pipeline.cvm:   Empresa 21784 não encontrada em dfc_md 2021
2026-05-04 11:38:49,695 [WARNING] pipeline.cvm:   Empresa 21784 não encontrada em dre 2022
2026-05-04 11:38:50,190 [WARNING] pipeline.cvm:   Empresa 21784 não encontrada em bpa 2022
2026-05-04 11:38:51,182 [WARNING] pipeline.cvm:   Empresa 21784 não encontrada em bpp 2022
2026-05-04 11:38:51,837 [WARNING] pipeline.cvm:   Empresa 21784 não encontrada em dfc_mi 2022
2026-05-04 11:38:51,867 [WARNING] pipeline.cvm:   Empresa 21784 não encontrada em dfc_md 2022
2026-05-04 11:38:52,189 [WARNING] pipeline.cvm:   Empresa 21784 não encontrada em dre 2022
2026-05-04 11:38:52,792 [WARNING] pipeline.cvm:   Empresa 21784 não encontrada em bpa 2022
2026-05-04 11:38:53,897 [WARNING] pipeline.cvm:   Empresa 21784 não encontrada em bpp 2022
2026-05-04 11:38:54,542 [WARNING] pipeline.cvm:   Empresa 21784 não encontrada em dfc_mi 2022
2026-05-04 11:38:54,583 [WARNING] pipeline.cvm:   Empresa 21784 não encontrada em dfc_md 2022
2026-05-04 11:38:54,866 [WARNING] pipeline.cvm:   Empresa 21784 não encontrada em dre 2023
2026-05-04 11:38:55,313 [WARNING] pipeline.cvm:   Empresa 21784 não encontrada em bpa 2023
2026-05-04 11:38:56,132 [WARNING] pipeline.cvm:   Empresa 21784 não encontrada em bpp 2023
2026-05-04 11:38:56,585 [WARNING] pipeline.cvm:   Empresa 21784 não encontrada em dfc_mi 2023
2026-05-04 11:38:56,614 [WARNING] pipeline.cvm:   Empresa 21784 não encontrada em dfc_md 2023
2026-05-04 11:38:56,943 [WARNING] pipeline.cvm:   Empresa 21784 não encontrada em dre 2023
2026-05-04 11:38:57,637 [WARNING] pipeline.cvm:   Empresa 21784 não encontrada em bpa 2023
2026-05-04 11:38:58,980 [WARNING] pipeline.cvm:   Empresa 21784 não encontrada em bpp 2023
2026-05-04 11:38:59,795 [WARNING] pipeline.cvm:   Empresa 21784 não encontrada em dfc_mi 2023
2026-05-04 11:38:59,850 [WARNING] pipeline.cvm:   Empresa 21784 não encontrada em dfc_md 2023
2026-05-04 11:39:00,195 [WARNING] pipeline.cvm:   Empresa 21784 não encontrada em dre 2024
2026-05-04 11:39:00,753 [WARNING] pipeline.cvm:   Empresa 21784 não encontrada em bpa 2024
2026-05-04 11:39:01,778 [WARNING] pipeline.cvm:   Empresa 21784 não encontrada em bpp 2024
2026-05-04 11:39:02,387 [WARNING] pipeline.cvm:   Empresa 21784 não encontrada em dfc_mi 2024
2026-05-04 11:39:02,422 [WARNING] pipeline.cvm:   Empresa 21784 não encontrada em dfc_md 2024
2026-05-04 11:39:02,882 [WARNING] pipeline.cvm:   Empresa 21784 não encontrada em dre 2024
2026-05-04 11:39:03,837 [WARNING] pipeline.cvm:   Empresa 21784 não encontrada em bpa 2024
2026-05-04 11:39:05,324 [WARNING] pipeline.cvm:   Empresa 21784 não encontrada em bpp 2024
2026-05-04 11:39:06,034 [WARNING] pipeline.cvm:   Empresa 21784 não encontrada em dfc_mi 2024
2026-05-04 11:39:06,075 [WARNING] pipeline.cvm:   Empresa 21784 não encontrada em dfc_md 2024
2026-05-04 11:39:06,274 [WARNING] pipeline.cvm:   Empresa 21784 não encontrada em dre 2025
2026-05-04 11:39:06,673 [WARNING] pipeline.cvm:   Empresa 21784 não encontrada em bpa 2025
2026-05-04 11:39:07,369 [WARNING] pipeline.cvm:   Empresa 21784 não encontrada em bpp 2025
2026-05-04 11:39:07,741 [WARNING] pipeline.cvm:   Empresa 21784 não encontrada em dfc_mi 2025
2026-05-04 11:39:07,770 [WARNING] pipeline.cvm:   Empresa 21784 não encontrada em dfc_md 2025
2026-05-04 11:39:08,052 [WARNING] pipeline.cvm:   Empresa 21784 não encontrada em dre 2025
2026-05-04 11:39:08,633 [WARNING] pipeline.cvm:   Empresa 21784 não encontrada em bpa 2025
2026-05-04 11:39:09,593 [WARNING] pipeline.cvm:   Empresa 21784 não encontrada em bpp 2025
2026-05-04 11:39:10,056 [WARNING] pipeline.cvm:   Empresa 21784 não encontrada em dfc_mi 2025
2026-05-04 11:39:10,087 [WARNING] pipeline.cvm:   Empresa 21784 não encontrada em dfc_md 2025
2026-05-04 11:39:10,099 [INFO] pipeline:   FLRY3: score=0/100 | critical=9 | warnings=1
2026-05-04 11:39:10,099 [INFO] pipeline:   Relatorio: C:\Users\55819\OneDrive - EPEJUD\DIEGO\OBSIDIAN\Analista de Investimentos\12_PYTHON\pipeline banco completo\outputs\data_quality\audit_FLRY3_20260504.md
2026-05-04 11:39:10,099 [INFO] pipeline: 
Auditorando RADL3...
2026-05-04 11:39:10,446 [INFO] pipeline.cvm:   DFP dre 2020: 76 linhas
2026-05-04 11:39:10,969 [INFO] pipeline.cvm:   DFP bpa 2020: 140 linhas
2026-05-04 11:39:11,916 [INFO] pipeline.cvm:   DFP bpp 2020: 234 linhas
2026-05-04 11:39:12,382 [INFO] pipeline.cvm:   DFP dfc_mi 2020: 84 linhas
2026-05-04 11:39:12,412 [WARNING] pipeline.cvm:   Empresa 20346 não encontrada em dfc_md 2020
2026-05-04 11:39:12,868 [INFO] pipeline.cvm:   DFP dre 2020: 72 linhas
2026-05-04 11:39:13,934 [INFO] pipeline.cvm:   DFP bpa 2020: 128 linhas
2026-05-04 11:39:15,671 [INFO] pipeline.cvm:   DFP bpp 2020: 230 linhas
2026-05-04 11:39:16,254 [INFO] pipeline.cvm:   DFP dfc_mi 2020: 78 linhas
2026-05-04 11:39:16,287 [WARNING] pipeline.cvm:   Empresa 20346 não encontrada em dfc_md 2020
2026-05-04 11:39:16,542 [INFO] pipeline.cvm:   DFP dre 2021: 76 linhas
2026-05-04 11:39:16,970 [INFO] pipeline.cvm:   DFP bpa 2021: 140 linhas
2026-05-04 11:39:17,703 [INFO] pipeline.cvm:   DFP bpp 2021: 236 linhas
2026-05-04 11:39:18,116 [INFO] pipeline.cvm:   DFP dfc_mi 2021: 88 linhas
2026-05-04 11:39:18,147 [WARNING] pipeline.cvm:   Empresa 20346 não encontrada em dfc_md 2021
2026-05-04 11:39:18,571 [INFO] pipeline.cvm:   DFP dre 2021: 72 linhas
2026-05-04 11:39:19,428 [INFO] pipeline.cvm:   DFP bpa 2021: 128 linhas
2026-05-04 11:39:21,026 [INFO] pipeline.cvm:   DFP bpp 2021: 232 linhas
2026-05-04 11:39:21,748 [INFO] pipeline.cvm:   DFP dfc_mi 2021: 82 linhas
2026-05-04 11:39:21,793 [WARNING] pipeline.cvm:   Empresa 20346 não encontrada em dfc_md 2021
2026-05-04 11:39:22,113 [INFO] pipeline.cvm:   DFP dre 2022: 76 linhas
2026-05-04 11:39:22,646 [INFO] pipeline.cvm:   DFP bpa 2022: 140 linhas
2026-05-04 11:39:23,477 [INFO] pipeline.cvm:   DFP bpp 2022: 242 linhas
2026-05-04 11:39:23,946 [INFO] pipeline.cvm:   DFP dfc_mi 2022: 90 linhas
2026-05-04 11:39:23,987 [WARNING] pipeline.cvm:   Empresa 20346 não encontrada em dfc_md 2022
2026-05-04 11:39:24,485 [INFO] pipeline.cvm:   DFP dre 2022: 72 linhas
2026-05-04 11:39:25,357 [INFO] pipeline.cvm:   DFP bpa 2022: 128 linhas
2026-05-04 11:39:26,664 [INFO] pipeline.cvm:   DFP bpp 2022: 238 linhas
2026-05-04 11:39:27,204 [INFO] pipeline.cvm:   DFP dfc_mi 2022: 84 linhas
2026-05-04 11:39:27,242 [WARNING] pipeline.cvm:   Empresa 20346 não encontrada em dfc_md 2022
2026-05-04 11:39:27,494 [INFO] pipeline.cvm:   DFP dre 2023: 68 linhas
2026-05-04 11:39:27,935 [INFO] pipeline.cvm:   DFP bpa 2023: 140 linhas
2026-05-04 11:39:28,659 [INFO] pipeline.cvm:   DFP bpp 2023: 244 linhas
2026-05-04 11:39:29,091 [INFO] pipeline.cvm:   DFP dfc_mi 2023: 94 linhas
2026-05-04 11:39:29,128 [WARNING] pipeline.cvm:   Empresa 20346 não encontrada em dfc_md 2023
2026-05-04 11:39:29,514 [INFO] pipeline.cvm:   DFP dre 2023: 64 linhas
2026-05-04 11:39:30,285 [INFO] pipeline.cvm:   DFP bpa 2023: 128 linhas
2026-05-04 11:39:31,919 [INFO] pipeline.cvm:   DFP bpp 2023: 240 linhas
2026-05-04 11:39:32,590 [INFO] pipeline.cvm:   DFP dfc_mi 2023: 88 linhas
2026-05-04 11:39:32,632 [WARNING] pipeline.cvm:   Empresa 20346 não encontrada em dfc_md 2023
2026-05-04 11:39:32,895 [INFO] pipeline.cvm:   DFP dre 2024: 60 linhas
2026-05-04 11:39:33,408 [INFO] pipeline.cvm:   DFP bpa 2024: 140 linhas
2026-05-04 11:39:34,253 [INFO] pipeline.cvm:   DFP bpp 2024: 246 linhas
2026-05-04 11:39:34,654 [INFO] pipeline.cvm:   DFP dfc_mi 2024: 94 linhas
2026-05-04 11:39:34,683 [WARNING] pipeline.cvm:   Empresa 20346 não encontrada em dfc_md 2024
2026-05-04 11:39:34,996 [INFO] pipeline.cvm:   DFP dre 2024: 64 linhas
2026-05-04 11:39:35,640 [INFO] pipeline.cvm:   DFP bpa 2024: 130 linhas
2026-05-04 11:39:36,875 [INFO] pipeline.cvm:   DFP bpp 2024: 242 linhas
2026-05-04 11:39:37,472 [INFO] pipeline.cvm:   DFP dfc_mi 2024: 90 linhas
2026-05-04 11:39:37,507 [WARNING] pipeline.cvm:   Empresa 20346 não encontrada em dfc_md 2024
2026-05-04 11:39:37,729 [INFO] pipeline.cvm:   DFP dre 2025: 60 linhas
2026-05-04 11:39:38,101 [INFO] pipeline.cvm:   DFP bpa 2025: 140 linhas
2026-05-04 11:39:38,809 [INFO] pipeline.cvm:   DFP bpp 2025: 246 linhas
2026-05-04 11:39:39,285 [INFO] pipeline.cvm:   DFP dfc_mi 2025: 96 linhas
2026-05-04 11:39:39,320 [WARNING] pipeline.cvm:   Empresa 20346 não encontrada em dfc_md 2025
2026-05-04 11:39:39,623 [INFO] pipeline.cvm:   DFP dre 2025: 64 linhas
2026-05-04 11:39:40,172 [INFO] pipeline.cvm:   DFP bpa 2025: 130 linhas
2026-05-04 11:39:41,114 [INFO] pipeline.cvm:   DFP bpp 2025: 244 linhas
2026-05-04 11:39:41,678 [INFO] pipeline.cvm:   DFP dfc_mi 2025: 94 linhas
2026-05-04 11:39:41,711 [WARNING] pipeline.cvm:   Empresa 20346 não encontrada em dfc_md 2025
2026-05-04 11:39:44,748 [INFO] pipeline:   RADL3: score=77/100 | critical=1 | warnings=1
2026-05-04 11:39:44,748 [INFO] pipeline:   Relatorio: C:\Users\55819\OneDrive - EPEJUD\DIEGO\OBSIDIAN\Analista de Investimentos\12_PYTHON\pipeline banco completo\outputs\data_quality\audit_RADL3_20260504.md
2026-05-04 11:39:44,748 [INFO] pipeline: 
Auditorando HYPE3...
2026-05-04 11:39:45,018 [INFO] pipeline.cvm:   DFP dre 2020: 64 linhas
2026-05-04 11:39:45,497 [INFO] pipeline.cvm:   DFP bpa 2020: 132 linhas
2026-05-04 11:39:46,330 [INFO] pipeline.cvm:   DFP bpp 2020: 230 linhas
2026-05-04 11:39:46,731 [INFO] pipeline.cvm:   DFP dfc_mi 2020: 134 linhas
2026-05-04 11:39:46,755 [WARNING] pipeline.cvm:   Empresa 17973 não encontrada em dfc_md 2020
2026-05-04 11:39:47,129 [INFO] pipeline.cvm:   DFP dre 2020: 56 linhas
2026-05-04 11:39:47,903 [INFO] pipeline.cvm:   DFP bpa 2020: 124 linhas
2026-05-04 11:39:49,199 [INFO] pipeline.cvm:   DFP bpp 2020: 212 linhas
2026-05-04 11:39:49,776 [INFO] pipeline.cvm:   DFP dfc_mi 2020: 120 linhas
2026-05-04 11:39:49,801 [WARNING] pipeline.cvm:   Empresa 17973 não encontrada em dfc_md 2020
2026-05-04 11:39:50,029 [INFO] pipeline.cvm:   DFP dre 2021: 64 linhas
2026-05-04 11:39:50,401 [INFO] pipeline.cvm:   DFP bpa 2021: 132 linhas
2026-05-04 11:39:51,040 [INFO] pipeline.cvm:   DFP bpp 2021: 230 linhas
2026-05-04 11:39:51,468 [INFO] pipeline.cvm:   DFP dfc_mi 2021: 140 linhas
2026-05-04 11:39:51,520 [WARNING] pipeline.cvm:   Empresa 17973 não encontrada em dfc_md 2021
2026-05-04 11:39:51,939 [INFO] pipeline.cvm:   DFP dre 2021: 56 linhas
2026-05-04 11:39:52,537 [INFO] pipeline.cvm:   DFP bpa 2021: 128 linhas
2026-05-04 11:39:53,619 [INFO] pipeline.cvm:   DFP bpp 2021: 212 linhas
2026-05-04 11:39:54,112 [INFO] pipeline.cvm:   DFP dfc_mi 2021: 120 linhas
2026-05-04 11:39:54,144 [WARNING] pipeline.cvm:   Empresa 17973 não encontrada em dfc_md 2021
2026-05-04 11:39:54,416 [INFO] pipeline.cvm:   DFP dre 2022: 64 linhas
2026-05-04 11:39:55,200 [INFO] pipeline.cvm:   DFP bpa 2022: 140 linhas
2026-05-04 11:39:56,004 [INFO] pipeline.cvm:   DFP bpp 2022: 232 linhas
2026-05-04 11:39:56,448 [INFO] pipeline.cvm:   DFP dfc_mi 2022: 150 linhas
2026-05-04 11:39:56,483 [WARNING] pipeline.cvm:   Empresa 17973 não encontrada em dfc_md 2022
2026-05-04 11:39:56,842 [INFO] pipeline.cvm:   DFP dre 2022: 56 linhas
2026-05-04 11:39:57,519 [INFO] pipeline.cvm:   DFP bpa 2022: 134 linhas
2026-05-04 11:39:59,081 [INFO] pipeline.cvm:   DFP bpp 2022: 214 linhas
2026-05-04 11:39:59,735 [INFO] pipeline.cvm:   DFP dfc_mi 2022: 128 linhas
2026-05-04 11:39:59,790 [WARNING] pipeline.cvm:   Empresa 17973 não encontrada em dfc_md 2022
2026-05-04 11:40:00,151 [INFO] pipeline.cvm:   DFP dre 2023: 64 linhas
2026-05-04 11:40:00,667 [INFO] pipeline.cvm:   DFP bpa 2023: 140 linhas
2026-05-04 11:40:01,403 [INFO] pipeline.cvm:   DFP bpp 2023: 234 linhas
2026-05-04 11:40:01,796 [INFO] pipeline.cvm:   DFP dfc_mi 2023: 154 linhas
2026-05-04 11:40:01,823 [WARNING] pipeline.cvm:   Empresa 17973 não encontrada em dfc_md 2023
2026-05-04 11:40:02,186 [INFO] pipeline.cvm:   DFP dre 2023: 56 linhas
2026-05-04 11:40:02,920 [INFO] pipeline.cvm:   DFP bpa 2023: 138 linhas
2026-05-04 11:40:04,095 [INFO] pipeline.cvm:   DFP bpp 2023: 214 linhas
2026-05-04 11:40:04,869 [INFO] pipeline.cvm:   DFP dfc_mi 2023: 132 linhas
2026-05-04 11:40:04,965 [WARNING] pipeline.cvm:   Empresa 17973 não encontrada em dfc_md 2023
2026-05-04 11:40:05,221 [INFO] pipeline.cvm:   DFP dre 2024: 64 linhas
2026-05-04 11:40:05,633 [INFO] pipeline.cvm:   DFP bpa 2024: 140 linhas
2026-05-04 11:40:06,333 [INFO] pipeline.cvm:   DFP bpp 2024: 236 linhas
2026-05-04 11:40:06,724 [INFO] pipeline.cvm:   DFP dfc_mi 2024: 154 linhas
2026-05-04 11:40:06,752 [WARNING] pipeline.cvm:   Empresa 17973 não encontrada em dfc_md 2024
2026-05-04 11:40:07,077 [INFO] pipeline.cvm:   DFP dre 2024: 56 linhas
2026-05-04 11:40:07,758 [INFO] pipeline.cvm:   DFP bpa 2024: 138 linhas
2026-05-04 11:40:08,948 [INFO] pipeline.cvm:   DFP bpp 2024: 214 linhas
2026-05-04 11:40:09,492 [INFO] pipeline.cvm:   DFP dfc_mi 2024: 132 linhas
2026-05-04 11:40:09,521 [WARNING] pipeline.cvm:   Empresa 17973 não encontrada em dfc_md 2024
2026-05-04 11:40:09,743 [INFO] pipeline.cvm:   DFP dre 2025: 64 linhas
2026-05-04 11:40:10,116 [INFO] pipeline.cvm:   DFP bpa 2025: 140 linhas
2026-05-04 11:40:10,772 [INFO] pipeline.cvm:   DFP bpp 2025: 236 linhas
2026-05-04 11:40:11,136 [INFO] pipeline.cvm:   DFP dfc_mi 2025: 160 linhas
2026-05-04 11:40:11,161 [WARNING] pipeline.cvm:   Empresa 17973 não encontrada em dfc_md 2025
2026-05-04 11:40:11,478 [INFO] pipeline.cvm:   DFP dre 2025: 56 linhas
2026-05-04 11:40:12,072 [INFO] pipeline.cvm:   DFP bpa 2025: 138 linhas
2026-05-04 11:40:13,147 [INFO] pipeline.cvm:   DFP bpp 2025: 218 linhas
2026-05-04 11:40:13,668 [INFO] pipeline.cvm:   DFP dfc_mi 2025: 136 linhas
2026-05-04 11:40:13,697 [WARNING] pipeline.cvm:   Empresa 17973 não encontrada em dfc_md 2025
2026-05-04 11:40:16,698 [INFO] pipeline:   HYPE3: score=95/100 | critical=0 | warnings=1
2026-05-04 11:40:16,706 [INFO] pipeline:   Relatorio: C:\Users\55819\OneDrive - EPEJUD\DIEGO\OBSIDIAN\Analista de Investimentos\12_PYTHON\pipeline banco completo\outputs\data_quality\audit_HYPE3_20260504.md
2026-05-04 11:40:16,707 [INFO] pipeline: 
Auditorando RENT3...
2026-05-04 11:40:17,415 [WARNING] pipeline.cvm:   Empresa 20869 não encontrada em dre 2020
2026-05-04 11:40:18,030 [WARNING] pipeline.cvm:   Empresa 20869 não encontrada em bpa 2020
2026-05-04 11:40:19,003 [WARNING] pipeline.cvm:   Empresa 20869 não encontrada em bpp 2020
2026-05-04 11:40:19,507 [WARNING] pipeline.cvm:   Empresa 20869 não encontrada em dfc_mi 2020
2026-05-04 11:40:19,538 [WARNING] pipeline.cvm:   Empresa 20869 não encontrada em dfc_md 2020
2026-05-04 11:40:20,024 [WARNING] pipeline.cvm:   Empresa 20869 não encontrada em dre 2020
2026-05-04 11:40:20,930 [WARNING] pipeline.cvm:   Empresa 20869 não encontrada em bpa 2020
2026-05-04 11:40:22,522 [WARNING] pipeline.cvm:   Empresa 20869 não encontrada em bpp 2020
2026-05-04 11:40:23,067 [WARNING] pipeline.cvm:   Empresa 20869 não encontrada em dfc_mi 2020
2026-05-04 11:40:23,103 [WARNING] pipeline.cvm:   Empresa 20869 não encontrada em dfc_md 2020
2026-05-04 11:40:23,331 [WARNING] pipeline.cvm:   Empresa 20869 não encontrada em dre 2021
2026-05-04 11:40:23,789 [WARNING] pipeline.cvm:   Empresa 20869 não encontrada em bpa 2021
2026-05-04 11:40:24,481 [WARNING] pipeline.cvm:   Empresa 20869 não encontrada em bpp 2021
2026-05-04 11:40:24,838 [WARNING] pipeline.cvm:   Empresa 20869 não encontrada em dfc_mi 2021
2026-05-04 11:40:24,871 [WARNING] pipeline.cvm:   Empresa 20869 não encontrada em dfc_md 2021
2026-05-04 11:40:25,262 [WARNING] pipeline.cvm:   Empresa 20869 não encontrada em dre 2021
2026-05-04 11:40:25,888 [WARNING] pipeline.cvm:   Empresa 20869 não encontrada em bpa 2021
2026-05-04 11:40:27,064 [WARNING] pipeline.cvm:   Empresa 20869 não encontrada em bpp 2021
2026-05-04 11:40:27,576 [WARNING] pipeline.cvm:   Empresa 20869 não encontrada em dfc_mi 2021
2026-05-04 11:40:27,615 [WARNING] pipeline.cvm:   Empresa 20869 não encontrada em dfc_md 2021
2026-05-04 11:40:27,850 [WARNING] pipeline.cvm:   Empresa 20869 não encontrada em dre 2022
2026-05-04 11:40:28,255 [WARNING] pipeline.cvm:   Empresa 20869 não encontrada em bpa 2022
2026-05-04 11:40:29,031 [WARNING] pipeline.cvm:   Empresa 20869 não encontrada em bpp 2022
2026-05-04 11:40:29,411 [WARNING] pipeline.cvm:   Empresa 20869 não encontrada em dfc_mi 2022
2026-05-04 11:40:29,440 [WARNING] pipeline.cvm:   Empresa 20869 não encontrada em dfc_md 2022
2026-05-04 11:40:29,765 [WARNING] pipeline.cvm:   Empresa 20869 não encontrada em dre 2022
2026-05-04 11:40:30,353 [WARNING] pipeline.cvm:   Empresa 20869 não encontrada em bpa 2022
2026-05-04 11:40:31,403 [WARNING] pipeline.cvm:   Empresa 20869 não encontrada em bpp 2022
2026-05-04 11:40:31,923 [WARNING] pipeline.cvm:   Empresa 20869 não encontrada em dfc_mi 2022
2026-05-04 11:40:31,958 [WARNING] pipeline.cvm:   Empresa 20869 não encontrada em dfc_md 2022
2026-05-04 11:40:32,198 [WARNING] pipeline.cvm:   Empresa 20869 não encontrada em dre 2023
2026-05-04 11:40:32,622 [WARNING] pipeline.cvm:   Empresa 20869 não encontrada em bpa 2023
2026-05-04 11:40:33,325 [WARNING] pipeline.cvm:   Empresa 20869 não encontrada em bpp 2023
2026-05-04 11:40:33,700 [WARNING] pipeline.cvm:   Empresa 20869 não encontrada em dfc_mi 2023
2026-05-04 11:40:33,725 [WARNING] pipeline.cvm:   Empresa 20869 não encontrada em dfc_md 2023
2026-05-04 11:40:34,047 [WARNING] pipeline.cvm:   Empresa 20869 não encontrada em dre 2023
2026-05-04 11:40:34,655 [WARNING] pipeline.cvm:   Empresa 20869 não encontrada em bpa 2023
2026-05-04 11:40:35,698 [WARNING] pipeline.cvm:   Empresa 20869 não encontrada em bpp 2023
2026-05-04 11:40:36,201 [WARNING] pipeline.cvm:   Empresa 20869 não encontrada em dfc_mi 2023
2026-05-04 11:40:36,238 [WARNING] pipeline.cvm:   Empresa 20869 não encontrada em dfc_md 2023
2026-05-04 11:40:36,461 [WARNING] pipeline.cvm:   Empresa 20869 não encontrada em dre 2024
2026-05-04 11:40:36,855 [WARNING] pipeline.cvm:   Empresa 20869 não encontrada em bpa 2024
2026-05-04 11:40:37,544 [WARNING] pipeline.cvm:   Empresa 20869 não encontrada em bpp 2024
2026-05-04 11:40:37,974 [WARNING] pipeline.cvm:   Empresa 20869 não encontrada em dfc_mi 2024
2026-05-04 11:40:38,008 [WARNING] pipeline.cvm:   Empresa 20869 não encontrada em dfc_md 2024
2026-05-04 11:40:38,346 [WARNING] pipeline.cvm:   Empresa 20869 não encontrada em dre 2024
2026-05-04 11:40:38,970 [WARNING] pipeline.cvm:   Empresa 20869 não encontrada em bpa 2024
2026-05-04 11:40:40,035 [WARNING] pipeline.cvm:   Empresa 20869 não encontrada em bpp 2024
2026-05-04 11:40:40,536 [WARNING] pipeline.cvm:   Empresa 20869 não encontrada em dfc_mi 2024
2026-05-04 11:40:40,571 [WARNING] pipeline.cvm:   Empresa 20869 não encontrada em dfc_md 2024
2026-05-04 11:40:40,768 [WARNING] pipeline.cvm:   Empresa 20869 não encontrada em dre 2025
2026-05-04 11:40:41,118 [WARNING] pipeline.cvm:   Empresa 20869 não encontrada em bpa 2025
2026-05-04 11:40:41,731 [WARNING] pipeline.cvm:   Empresa 20869 não encontrada em bpp 2025
2026-05-04 11:40:42,088 [WARNING] pipeline.cvm:   Empresa 20869 não encontrada em dfc_mi 2025
2026-05-04 11:40:42,110 [WARNING] pipeline.cvm:   Empresa 20869 não encontrada em dfc_md 2025
2026-05-04 11:40:42,394 [WARNING] pipeline.cvm:   Empresa 20869 não encontrada em dre 2025
2026-05-04 11:40:42,943 [WARNING] pipeline.cvm:   Empresa 20869 não encontrada em bpa 2025
2026-05-04 11:40:43,830 [WARNING] pipeline.cvm:   Empresa 20869 não encontrada em bpp 2025
2026-05-04 11:40:44,293 [WARNING] pipeline.cvm:   Empresa 20869 não encontrada em dfc_mi 2025
2026-05-04 11:40:44,319 [WARNING] pipeline.cvm:   Empresa 20869 não encontrada em dfc_md 2025
2026-05-04 11:40:44,327 [INFO] pipeline:   RENT3: score=0/100 | critical=9 | warnings=1
2026-05-04 11:40:44,327 [INFO] pipeline:   Relatorio: C:\Users\55819\OneDrive - EPEJUD\DIEGO\OBSIDIAN\Analista de Investimentos\12_PYTHON\pipeline banco completo\outputs\data_quality\audit_RENT3_20260504.md
2026-05-04 11:40:44,329 [INFO] pipeline: 
Auditorando MOVI3...
2026-05-04 11:40:44,596 [WARNING] pipeline.cvm:   Empresa 23850 não encontrada em dre 2020
2026-05-04 11:40:45,026 [WARNING] pipeline.cvm:   Empresa 23850 não encontrada em bpa 2020
2026-05-04 11:40:45,887 [WARNING] pipeline.cvm:   Empresa 23850 não encontrada em bpp 2020
2026-05-04 11:40:46,339 [WARNING] pipeline.cvm:   Empresa 23850 não encontrada em dfc_mi 2020
2026-05-04 11:40:46,361 [WARNING] pipeline.cvm:   Empresa 23850 não encontrada em dfc_md 2020
2026-05-04 11:40:46,741 [INFO] pipeline.cvm:   DFP dre 2020: 56 linhas
2026-05-04 11:40:47,464 [INFO] pipeline.cvm:   DFP bpa 2020: 114 linhas
2026-05-04 11:40:48,709 [INFO] pipeline.cvm:   DFP bpp 2020: 204 linhas
2026-05-04 11:40:49,257 [INFO] pipeline.cvm:   DFP dfc_mi 2020: 30 linhas
2026-05-04 11:40:49,287 [WARNING] pipeline.cvm:   Empresa 23850 não encontrada em dfc_md 2020
2026-05-04 11:40:49,496 [WARNING] pipeline.cvm:   Empresa 23850 não encontrada em dre 2021
2026-05-04 11:40:49,866 [WARNING] pipeline.cvm:   Empresa 23850 não encontrada em bpa 2021
2026-05-04 11:40:50,531 [WARNING] pipeline.cvm:   Empresa 23850 não encontrada em bpp 2021
2026-05-04 11:40:50,920 [WARNING] pipeline.cvm:   Empresa 23850 não encontrada em dfc_mi 2021
2026-05-04 11:40:50,946 [WARNING] pipeline.cvm:   Empresa 23850 não encontrada em dfc_md 2021
2026-05-04 11:40:51,278 [INFO] pipeline.cvm:   DFP dre 2021: 58 linhas
2026-05-04 11:40:51,956 [INFO] pipeline.cvm:   DFP bpa 2021: 114 linhas
2026-05-04 11:40:53,020 [INFO] pipeline.cvm:   DFP bpp 2021: 204 linhas
2026-05-04 11:40:53,487 [INFO] pipeline.cvm:   DFP dfc_mi 2021: 30 linhas
2026-05-04 11:40:53,513 [WARNING] pipeline.cvm:   Empresa 23850 não encontrada em dfc_md 2021
2026-05-04 11:40:53,739 [WARNING] pipeline.cvm:   Empresa 23850 não encontrada em dre 2022
2026-05-04 11:40:54,150 [WARNING] pipeline.cvm:   Empresa 23850 não encontrada em bpa 2022
2026-05-04 11:40:54,912 [WARNING] pipeline.cvm:   Empresa 23850 não encontrada em bpp 2022
2026-05-04 11:40:55,292 [WARNING] pipeline.cvm:   Empresa 23850 não encontrada em dfc_mi 2022
2026-05-04 11:40:55,319 [WARNING] pipeline.cvm:   Empresa 23850 não encontrada em dfc_md 2022
2026-05-04 11:40:55,642 [INFO] pipeline.cvm:   DFP dre 2022: 58 linhas
2026-05-04 11:40:56,223 [INFO] pipeline.cvm:   DFP bpa 2022: 114 linhas
2026-05-04 11:40:57,311 [INFO] pipeline.cvm:   DFP bpp 2022: 204 linhas
2026-05-04 11:40:57,843 [INFO] pipeline.cvm:   DFP dfc_mi 2022: 30 linhas
2026-05-04 11:40:57,877 [WARNING] pipeline.cvm:   Empresa 23850 não encontrada em dfc_md 2022
2026-05-04 11:40:58,100 [WARNING] pipeline.cvm:   Empresa 23850 não encontrada em dre 2023
2026-05-04 11:40:58,507 [WARNING] pipeline.cvm:   Empresa 23850 não encontrada em bpa 2023
2026-05-04 11:40:59,259 [WARNING] pipeline.cvm:   Empresa 23850 não encontrada em bpp 2023
2026-05-04 11:40:59,642 [WARNING] pipeline.cvm:   Empresa 23850 não encontrada em dfc_mi 2023
2026-05-04 11:40:59,665 [WARNING] pipeline.cvm:   Empresa 23850 não encontrada em dfc_md 2023
2026-05-04 11:40:59,991 [INFO] pipeline.cvm:   DFP dre 2023: 58 linhas
2026-05-04 11:41:00,702 [INFO] pipeline.cvm:   DFP bpa 2023: 114 linhas
2026-05-04 11:41:02,244 [INFO] pipeline.cvm:   DFP bpp 2023: 204 linhas
2026-05-04 11:41:02,991 [INFO] pipeline.cvm:   DFP dfc_mi 2023: 30 linhas
2026-05-04 11:41:03,040 [WARNING] pipeline.cvm:   Empresa 23850 não encontrada em dfc_md 2023
2026-05-04 11:41:03,352 [WARNING] pipeline.cvm:   Empresa 23850 não encontrada em dre 2024
2026-05-04 11:41:03,882 [WARNING] pipeline.cvm:   Empresa 23850 não encontrada em bpa 2024
2026-05-04 11:41:04,871 [WARNING] pipeline.cvm:   Empresa 23850 não encontrada em bpp 2024
2026-05-04 11:41:05,415 [WARNING] pipeline.cvm:   Empresa 23850 não encontrada em dfc_mi 2024
2026-05-04 11:41:05,451 [WARNING] pipeline.cvm:   Empresa 23850 não encontrada em dfc_md 2024
2026-05-04 11:41:05,902 [WARNING] pipeline.cvm:   Empresa 23850 não encontrada em dre 2024
2026-05-04 11:41:06,763 [WARNING] pipeline.cvm:   Empresa 23850 não encontrada em bpa 2024
2026-05-04 11:41:07,780 [WARNING] pipeline.cvm:   Empresa 23850 não encontrada em bpp 2024
2026-05-04 11:41:08,318 [WARNING] pipeline.cvm:   Empresa 23850 não encontrada em dfc_mi 2024
2026-05-04 11:41:08,359 [WARNING] pipeline.cvm:   Empresa 23850 não encontrada em dfc_md 2024
2026-05-04 11:41:08,600 [WARNING] pipeline.cvm:   Empresa 23850 não encontrada em dre 2025
2026-05-04 11:41:08,960 [WARNING] pipeline.cvm:   Empresa 23850 não encontrada em bpa 2025
2026-05-04 11:41:09,576 [WARNING] pipeline.cvm:   Empresa 23850 não encontrada em bpp 2025
2026-05-04 11:41:09,952 [WARNING] pipeline.cvm:   Empresa 23850 não encontrada em dfc_mi 2025
2026-05-04 11:41:09,975 [WARNING] pipeline.cvm:   Empresa 23850 não encontrada em dfc_md 2025
2026-05-04 11:41:10,264 [WARNING] pipeline.cvm:   Empresa 23850 não encontrada em dre 2025
2026-05-04 11:41:10,856 [WARNING] pipeline.cvm:   Empresa 23850 não encontrada em bpa 2025
2026-05-04 11:41:11,822 [WARNING] pipeline.cvm:   Empresa 23850 não encontrada em bpp 2025
2026-05-04 11:41:12,307 [WARNING] pipeline.cvm:   Empresa 23850 não encontrada em dfc_mi 2025
2026-05-04 11:41:12,337 [WARNING] pipeline.cvm:   Empresa 23850 não encontrada em dfc_md 2025
2026-05-04 11:41:13,993 [INFO] pipeline:   MOVI3: score=5/100 | critical=5 | warnings=1
2026-05-04 11:41:13,994 [INFO] pipeline:   Relatorio: C:\Users\55819\OneDrive - EPEJUD\DIEGO\OBSIDIAN\Analista de Investimentos\12_PYTHON\pipeline banco completo\outputs\data_quality\audit_MOVI3_20260504.md
2026-05-04 11:41:13,994 [INFO] pipeline: 
Auditorando VAMO3...
2026-05-04 11:41:13,995 [INFO] pipeline.cvm: Buscando código CVM para VAMO3...
2026-05-04 11:41:16,166 [WARNING] pipeline.cvm: Ticker VAMO3 não encontrado no cadastro CVM
2026-05-04 11:41:16,181 [INFO] pipeline:   VAMO3: score=23/100 | critical=4 | warnings=1
2026-05-04 11:41:16,181 [INFO] pipeline:   Relatorio: C:\Users\55819\OneDrive - EPEJUD\DIEGO\OBSIDIAN\Analista de Investimentos\12_PYTHON\pipeline banco completo\outputs\data_quality\audit_VAMO3_20260504.md
2026-05-04 11:41:16,182 [INFO] pipeline: 
Auditorando PETR4...
2026-05-04 11:41:16,469 [INFO] pipeline.cvm:   DFP dre 2020: 86 linhas
2026-05-04 11:41:17,029 [INFO] pipeline.cvm:   DFP bpa 2020: 130 linhas
2026-05-04 11:41:17,879 [INFO] pipeline.cvm:   DFP bpp 2020: 218 linhas
2026-05-04 11:41:18,298 [INFO] pipeline.cvm:   DFP dfc_mi 2020: 124 linhas
2026-05-04 11:41:18,326 [WARNING] pipeline.cvm:   Empresa 9512 não encontrada em dfc_md 2020
2026-05-04 11:41:18,786 [INFO] pipeline.cvm:   DFP dre 2020: 82 linhas
2026-05-04 11:41:19,607 [INFO] pipeline.cvm:   DFP bpa 2020: 132 linhas
2026-05-04 11:41:21,164 [INFO] pipeline.cvm:   DFP bpp 2020: 220 linhas
2026-05-04 11:41:21,863 [INFO] pipeline.cvm:   DFP dfc_mi 2020: 122 linhas
2026-05-04 11:41:21,909 [WARNING] pipeline.cvm:   Empresa 9512 não encontrada em dfc_md 2020
2026-05-04 11:41:22,253 [INFO] pipeline.cvm:   DFP dre 2021: 86 linhas
2026-05-04 11:41:22,803 [INFO] pipeline.cvm:   DFP bpa 2021: 130 linhas
2026-05-04 11:41:23,683 [INFO] pipeline.cvm:   DFP bpp 2021: 218 linhas
2026-05-04 11:41:24,111 [INFO] pipeline.cvm:   DFP dfc_mi 2021: 126 linhas
2026-05-04 11:41:24,138 [WARNING] pipeline.cvm:   Empresa 9512 não encontrada em dfc_md 2021
2026-05-04 11:41:24,547 [INFO] pipeline.cvm:   DFP dre 2021: 82 linhas
2026-05-04 11:41:25,377 [INFO] pipeline.cvm:   DFP bpa 2021: 132 linhas
2026-05-04 11:41:26,443 [INFO] pipeline.cvm:   DFP bpp 2021: 220 linhas
2026-05-04 11:41:26,919 [INFO] pipeline.cvm:   DFP dfc_mi 2021: 124 linhas
2026-05-04 11:41:26,951 [WARNING] pipeline.cvm:   Empresa 9512 não encontrada em dfc_md 2021
2026-05-04 11:41:27,214 [INFO] pipeline.cvm:   DFP dre 2022: 86 linhas
2026-05-04 11:41:27,638 [INFO] pipeline.cvm:   DFP bpa 2022: 130 linhas
2026-05-04 11:41:28,369 [INFO] pipeline.cvm:   DFP bpp 2022: 218 linhas
2026-05-04 11:41:28,745 [INFO] pipeline.cvm:   DFP dfc_mi 2022: 128 linhas
2026-05-04 11:41:28,774 [WARNING] pipeline.cvm:   Empresa 9512 não encontrada em dfc_md 2022
2026-05-04 11:41:29,120 [INFO] pipeline.cvm:   DFP dre 2022: 82 linhas
2026-05-04 11:41:29,734 [INFO] pipeline.cvm:   DFP bpa 2022: 132 linhas
2026-05-04 11:41:30,821 [INFO] pipeline.cvm:   DFP bpp 2022: 220 linhas
2026-05-04 11:41:31,329 [INFO] pipeline.cvm:   DFP dfc_mi 2022: 128 linhas
2026-05-04 11:41:31,370 [WARNING] pipeline.cvm:   Empresa 9512 não encontrada em dfc_md 2022
2026-05-04 11:41:31,607 [INFO] pipeline.cvm:   DFP dre 2023: 86 linhas
2026-05-04 11:41:32,015 [INFO] pipeline.cvm:   DFP bpa 2023: 130 linhas
2026-05-04 11:41:32,727 [INFO] pipeline.cvm:   DFP bpp 2023: 220 linhas
2026-05-04 11:41:33,132 [INFO] pipeline.cvm:   DFP dfc_mi 2023: 130 linhas
2026-05-04 11:41:33,157 [WARNING] pipeline.cvm:   Empresa 9512 não encontrada em dfc_md 2023
2026-05-04 11:41:33,495 [INFO] pipeline.cvm:   DFP dre 2023: 82 linhas
2026-05-04 11:41:34,128 [INFO] pipeline.cvm:   DFP bpa 2023: 132 linhas
2026-05-04 11:41:35,398 [INFO] pipeline.cvm:   DFP bpp 2023: 222 linhas
2026-05-04 11:41:36,018 [INFO] pipeline.cvm:   DFP dfc_mi 2023: 130 linhas
2026-05-04 11:41:36,064 [WARNING] pipeline.cvm:   Empresa 9512 não encontrada em dfc_md 2023
2026-05-04 11:41:36,319 [INFO] pipeline.cvm:   DFP dre 2024: 86 linhas
2026-05-04 11:41:36,721 [INFO] pipeline.cvm:   DFP bpa 2024: 130 linhas
2026-05-04 11:41:37,408 [INFO] pipeline.cvm:   DFP bpp 2024: 220 linhas
2026-05-04 11:41:37,884 [INFO] pipeline.cvm:   DFP dfc_mi 2024: 130 linhas
2026-05-04 11:41:37,919 [WARNING] pipeline.cvm:   Empresa 9512 não encontrada em dfc_md 2024
2026-05-04 11:41:38,287 [INFO] pipeline.cvm:   DFP dre 2024: 82 linhas
2026-05-04 11:41:38,885 [INFO] pipeline.cvm:   DFP bpa 2024: 132 linhas
2026-05-04 11:41:39,919 [INFO] pipeline.cvm:   DFP bpp 2024: 222 linhas
2026-05-04 11:41:40,475 [INFO] pipeline.cvm:   DFP dfc_mi 2024: 130 linhas
2026-05-04 11:41:40,510 [WARNING] pipeline.cvm:   Empresa 9512 não encontrada em dfc_md 2024
2026-05-04 11:41:40,714 [INFO] pipeline.cvm:   DFP dre 2025: 86 linhas
2026-05-04 11:41:41,072 [INFO] pipeline.cvm:   DFP bpa 2025: 136 linhas
2026-05-04 11:41:41,743 [INFO] pipeline.cvm:   DFP bpp 2025: 220 linhas
2026-05-04 11:41:42,148 [INFO] pipeline.cvm:   DFP dfc_mi 2025: 130 linhas
2026-05-04 11:41:42,174 [WARNING] pipeline.cvm:   Empresa 9512 não encontrada em dfc_md 2025
2026-05-04 11:41:42,465 [INFO] pipeline.cvm:   DFP dre 2025: 82 linhas
2026-05-04 11:41:43,008 [INFO] pipeline.cvm:   DFP bpa 2025: 136 linhas
2026-05-04 11:41:43,959 [INFO] pipeline.cvm:   DFP bpp 2025: 222 linhas
2026-05-04 11:41:44,511 [INFO] pipeline.cvm:   DFP dfc_mi 2025: 130 linhas
2026-05-04 11:41:44,548 [WARNING] pipeline.cvm:   Empresa 9512 não encontrada em dfc_md 2025
2026-05-04 11:41:47,399 [INFO] pipeline:   PETR4: score=95/100 | critical=0 | warnings=1
2026-05-04 11:41:47,399 [INFO] pipeline:   Relatorio: C:\Users\55819\OneDrive - EPEJUD\DIEGO\OBSIDIAN\Analista de Investimentos\12_PYTHON\pipeline banco completo\outputs\data_quality\audit_PETR4_20260504.md
2026-05-04 11:41:47,400 [INFO] pipeline: 
Auditorando PRIO3...
2026-05-04 11:41:47,639 [INFO] pipeline.cvm:   DFP dre 2020: 82 linhas
2026-05-04 11:41:48,005 [INFO] pipeline.cvm:   DFP bpa 2020: 158 linhas
2026-05-04 11:41:48,659 [INFO] pipeline.cvm:   DFP bpp 2020: 246 linhas
2026-05-04 11:41:49,005 [INFO] pipeline.cvm:   DFP dfc_mi 2020: 126 linhas
2026-05-04 11:41:49,027 [WARNING] pipeline.cvm:   Empresa 18660 não encontrada em dfc_md 2020
2026-05-04 11:41:49,380 [INFO] pipeline.cvm:   DFP dre 2020: 56 linhas
2026-05-04 11:41:50,022 [INFO] pipeline.cvm:   DFP bpa 2020: 136 linhas
2026-05-04 11:41:51,062 [INFO] pipeline.cvm:   DFP bpp 2020: 238 linhas
2026-05-04 11:41:51,514 [INFO] pipeline.cvm:   DFP dfc_mi 2020: 124 linhas
2026-05-04 11:41:51,541 [WARNING] pipeline.cvm:   Empresa 18660 não encontrada em dfc_md 2020
2026-05-04 11:41:51,758 [INFO] pipeline.cvm:   DFP dre 2021: 82 linhas
2026-05-04 11:41:52,128 [INFO] pipeline.cvm:   DFP bpa 2021: 160 linhas
2026-05-04 11:41:52,811 [INFO] pipeline.cvm:   DFP bpp 2021: 250 linhas
2026-05-04 11:41:53,169 [INFO] pipeline.cvm:   DFP dfc_mi 2021: 128 linhas
2026-05-04 11:41:53,192 [WARNING] pipeline.cvm:   Empresa 18660 não encontrada em dfc_md 2021
2026-05-04 11:41:53,510 [INFO] pipeline.cvm:   DFP dre 2021: 56 linhas
2026-05-04 11:41:54,094 [INFO] pipeline.cvm:   DFP bpa 2021: 136 linhas
2026-05-04 11:41:55,223 [INFO] pipeline.cvm:   DFP bpp 2021: 238 linhas
2026-05-04 11:41:55,845 [INFO] pipeline.cvm:   DFP dfc_mi 2021: 124 linhas
2026-05-04 11:41:55,899 [WARNING] pipeline.cvm:   Empresa 18660 não encontrada em dfc_md 2021
2026-05-04 11:41:56,145 [INFO] pipeline.cvm:   DFP dre 2022: 82 linhas
2026-05-04 11:41:56,524 [INFO] pipeline.cvm:   DFP bpa 2022: 160 linhas
2026-05-04 11:41:57,190 [INFO] pipeline.cvm:   DFP bpp 2022: 250 linhas
2026-05-04 11:41:57,619 [INFO] pipeline.cvm:   DFP dfc_mi 2022: 132 linhas
2026-05-04 11:41:57,646 [WARNING] pipeline.cvm:   Empresa 18660 não encontrada em dfc_md 2022
2026-05-04 11:41:57,962 [INFO] pipeline.cvm:   DFP dre 2022: 58 linhas
2026-05-04 11:41:58,715 [INFO] pipeline.cvm:   DFP bpa 2022: 136 linhas
2026-05-04 11:41:59,867 [INFO] pipeline.cvm:   DFP bpp 2022: 240 linhas
2026-05-04 11:42:00,385 [INFO] pipeline.cvm:   DFP dfc_mi 2022: 124 linhas
2026-05-04 11:42:00,421 [WARNING] pipeline.cvm:   Empresa 18660 não encontrada em dfc_md 2022
2026-05-04 11:42:00,643 [INFO] pipeline.cvm:   DFP dre 2023: 82 linhas
2026-05-04 11:42:01,042 [INFO] pipeline.cvm:   DFP bpa 2023: 160 linhas
2026-05-04 11:42:01,893 [INFO] pipeline.cvm:   DFP bpp 2023: 254 linhas
2026-05-04 11:42:02,346 [INFO] pipeline.cvm:   DFP dfc_mi 2023: 134 linhas
2026-05-04 11:42:02,376 [WARNING] pipeline.cvm:   Empresa 18660 não encontrada em dfc_md 2023
2026-05-04 11:42:02,713 [INFO] pipeline.cvm:   DFP dre 2023: 58 linhas
2026-05-04 11:42:03,353 [INFO] pipeline.cvm:   DFP bpa 2023: 136 linhas
2026-05-04 11:42:04,495 [INFO] pipeline.cvm:   DFP bpp 2023: 240 linhas
2026-05-04 11:42:05,260 [INFO] pipeline.cvm:   DFP dfc_mi 2023: 120 linhas
2026-05-04 11:42:05,297 [WARNING] pipeline.cvm:   Empresa 18660 não encontrada em dfc_md 2023
2026-05-04 11:42:05,522 [INFO] pipeline.cvm:   DFP dre 2024: 82 linhas
2026-05-04 11:42:05,922 [INFO] pipeline.cvm:   DFP bpa 2024: 160 linhas
2026-05-04 11:42:06,739 [INFO] pipeline.cvm:   DFP bpp 2024: 256 linhas
2026-05-04 11:42:07,126 [INFO] pipeline.cvm:   DFP dfc_mi 2024: 134 linhas
2026-05-04 11:42:07,151 [WARNING] pipeline.cvm:   Empresa 18660 não encontrada em dfc_md 2024
2026-05-04 11:42:07,466 [INFO] pipeline.cvm:   DFP dre 2024: 58 linhas
2026-05-04 11:42:08,058 [INFO] pipeline.cvm:   DFP bpa 2024: 142 linhas
2026-05-04 11:42:09,057 [INFO] pipeline.cvm:   DFP bpp 2024: 240 linhas
2026-05-04 11:42:09,578 [INFO] pipeline.cvm:   DFP dfc_mi 2024: 120 linhas
2026-05-04 11:42:09,616 [WARNING] pipeline.cvm:   Empresa 18660 não encontrada em dfc_md 2024
2026-05-04 11:42:09,855 [INFO] pipeline.cvm:   DFP dre 2025: 82 linhas
2026-05-04 11:42:10,297 [INFO] pipeline.cvm:   DFP bpa 2025: 160 linhas
2026-05-04 11:42:10,957 [INFO] pipeline.cvm:   DFP bpp 2025: 256 linhas
2026-05-04 11:42:11,327 [INFO] pipeline.cvm:   DFP dfc_mi 2025: 136 linhas
2026-05-04 11:42:11,350 [WARNING] pipeline.cvm:   Empresa 18660 não encontrada em dfc_md 2025
2026-05-04 11:42:11,633 [INFO] pipeline.cvm:   DFP dre 2025: 58 linhas
2026-05-04 11:42:12,166 [INFO] pipeline.cvm:   DFP bpa 2025: 142 linhas
2026-05-04 11:42:13,141 [INFO] pipeline.cvm:   DFP bpp 2025: 240 linhas
2026-05-04 11:42:13,646 [INFO] pipeline.cvm:   DFP dfc_mi 2025: 122 linhas
2026-05-04 11:42:13,675 [WARNING] pipeline.cvm:   Empresa 18660 não encontrada em dfc_md 2025
2026-05-04 11:42:16,345 [INFO] pipeline:   PRIO3: score=95/100 | critical=0 | warnings=1
2026-05-04 11:42:16,345 [INFO] pipeline:   Relatorio: C:\Users\55819\OneDrive - EPEJUD\DIEGO\OBSIDIAN\Analista de Investimentos\12_PYTHON\pipeline banco completo\outputs\data_quality\audit_PRIO3_20260504.md
2026-05-04 11:42:16,345 [INFO] pipeline: 
Auditorando RECV3...
2026-05-04 11:42:16,635 [WARNING] pipeline.cvm:   Empresa 23370 não encontrada em dre 2020
2026-05-04 11:42:17,124 [WARNING] pipeline.cvm:   Empresa 23370 não encontrada em bpa 2020
2026-05-04 11:42:18,106 [WARNING] pipeline.cvm:   Empresa 23370 não encontrada em bpp 2020
2026-05-04 11:42:18,573 [WARNING] pipeline.cvm:   Empresa 23370 não encontrada em dfc_mi 2020
2026-05-04 11:42:18,604 [WARNING] pipeline.cvm:   Empresa 23370 não encontrada em dfc_md 2020
2026-05-04 11:42:19,035 [INFO] pipeline.cvm:   DFP dre 2020: 52 linhas
2026-05-04 11:42:19,859 [INFO] pipeline.cvm:   DFP bpa 2020: 118 linhas
2026-05-04 11:42:21,260 [INFO] pipeline.cvm:   DFP bpp 2020: 218 linhas
2026-05-04 11:42:21,750 [INFO] pipeline.cvm:   DFP dfc_mi 2020: 94 linhas
2026-05-04 11:42:21,775 [WARNING] pipeline.cvm:   Empresa 23370 não encontrada em dfc_md 2020
2026-05-04 11:42:21,996 [WARNING] pipeline.cvm:   Empresa 23370 não encontrada em dre 2021
2026-05-04 11:42:22,368 [WARNING] pipeline.cvm:   Empresa 23370 não encontrada em bpa 2021
2026-05-04 11:42:23,070 [WARNING] pipeline.cvm:   Empresa 23370 não encontrada em bpp 2021
2026-05-04 11:42:23,407 [WARNING] pipeline.cvm:   Empresa 23370 não encontrada em dfc_mi 2021
2026-05-04 11:42:23,431 [WARNING] pipeline.cvm:   Empresa 23370 não encontrada em dfc_md 2021
2026-05-04 11:42:23,745 [INFO] pipeline.cvm:   DFP dre 2021: 52 linhas
2026-05-04 11:42:24,332 [INFO] pipeline.cvm:   DFP bpa 2021: 118 linhas
2026-05-04 11:42:25,576 [INFO] pipeline.cvm:   DFP bpp 2021: 218 linhas
2026-05-04 11:42:26,088 [INFO] pipeline.cvm:   DFP dfc_mi 2021: 96 linhas
2026-05-04 11:42:26,121 [WARNING] pipeline.cvm:   Empresa 23370 não encontrada em dfc_md 2021
2026-05-04 11:42:26,397 [WARNING] pipeline.cvm:   Empresa 23370 não encontrada em dre 2022
2026-05-04 11:42:26,849 [WARNING] pipeline.cvm:   Empresa 23370 não encontrada em bpa 2022
2026-05-04 11:42:27,583 [WARNING] pipeline.cvm:   Empresa 23370 não encontrada em bpp 2022
2026-05-04 11:42:27,980 [WARNING] pipeline.cvm:   Empresa 23370 não encontrada em dfc_mi 2022
2026-05-04 11:42:28,008 [WARNING] pipeline.cvm:   Empresa 23370 não encontrada em dfc_md 2022
2026-05-04 11:42:28,331 [INFO] pipeline.cvm:   DFP dre 2022: 52 linhas
2026-05-04 11:42:28,963 [INFO] pipeline.cvm:   DFP bpa 2022: 118 linhas
2026-05-04 11:42:30,070 [INFO] pipeline.cvm:   DFP bpp 2022: 218 linhas
2026-05-04 11:42:30,666 [INFO] pipeline.cvm:   DFP dfc_mi 2022: 98 linhas
2026-05-04 11:42:30,726 [WARNING] pipeline.cvm:   Empresa 23370 não encontrada em dfc_md 2022
2026-05-04 11:42:31,117 [WARNING] pipeline.cvm:   Empresa 23370 não encontrada em dre 2023
2026-05-04 11:42:31,741 [WARNING] pipeline.cvm:   Empresa 23370 não encontrada em bpa 2023
2026-05-04 11:42:32,857 [WARNING] pipeline.cvm:   Empresa 23370 não encontrada em bpp 2023
2026-05-04 11:42:33,450 [WARNING] pipeline.cvm:   Empresa 23370 não encontrada em dfc_mi 2023
2026-05-04 11:42:33,504 [WARNING] pipeline.cvm:   Empresa 23370 não encontrada em dfc_md 2023
2026-05-04 11:42:33,990 [INFO] pipeline.cvm:   DFP dre 2023: 52 linhas
2026-05-04 11:42:34,885 [INFO] pipeline.cvm:   DFP bpa 2023: 118 linhas
2026-05-04 11:42:36,357 [INFO] pipeline.cvm:   DFP bpp 2023: 218 linhas
2026-05-04 11:42:37,000 [INFO] pipeline.cvm:   DFP dfc_mi 2023: 98 linhas
2026-05-04 11:42:37,044 [WARNING] pipeline.cvm:   Empresa 23370 não encontrada em dfc_md 2023
2026-05-04 11:42:37,295 [WARNING] pipeline.cvm:   Empresa 23370 não encontrada em dre 2024
2026-05-04 11:42:37,690 [WARNING] pipeline.cvm:   Empresa 23370 não encontrada em bpa 2024
2026-05-04 11:42:38,503 [WARNING] pipeline.cvm:   Empresa 23370 não encontrada em bpp 2024
2026-05-04 11:42:38,970 [WARNING] pipeline.cvm:   Empresa 23370 não encontrada em dfc_mi 2024
2026-05-04 11:42:39,006 [WARNING] pipeline.cvm:   Empresa 23370 não encontrada em dfc_md 2024
2026-05-04 11:42:39,523 [INFO] pipeline.cvm:   DFP dre 2024: 52 linhas
2026-05-04 11:42:40,280 [INFO] pipeline.cvm:   DFP bpa 2024: 118 linhas
2026-05-04 11:42:41,455 [INFO] pipeline.cvm:   DFP bpp 2024: 218 linhas
2026-05-04 11:42:42,131 [INFO] pipeline.cvm:   DFP dfc_mi 2024: 98 linhas
2026-05-04 11:42:42,175 [WARNING] pipeline.cvm:   Empresa 23370 não encontrada em dfc_md 2024
2026-05-04 11:42:42,448 [WARNING] pipeline.cvm:   Empresa 23370 não encontrada em dre 2025
2026-05-04 11:42:42,866 [WARNING] pipeline.cvm:   Empresa 23370 não encontrada em bpa 2025
2026-05-04 11:42:43,599 [WARNING] pipeline.cvm:   Empresa 23370 não encontrada em bpp 2025
2026-05-04 11:42:44,013 [WARNING] pipeline.cvm:   Empresa 23370 não encontrada em dfc_mi 2025
2026-05-04 11:42:44,045 [WARNING] pipeline.cvm:   Empresa 23370 não encontrada em dfc_md 2025
2026-05-04 11:42:44,511 [INFO] pipeline.cvm:   DFP dre 2025: 52 linhas
2026-05-04 11:42:45,117 [INFO] pipeline.cvm:   DFP bpa 2025: 118 linhas
2026-05-04 11:42:46,214 [INFO] pipeline.cvm:   DFP bpp 2025: 218 linhas
2026-05-04 11:42:46,778 [INFO] pipeline.cvm:   DFP dfc_mi 2025: 104 linhas
2026-05-04 11:42:46,816 [WARNING] pipeline.cvm:   Empresa 23370 não encontrada em dfc_md 2025
2026-05-04 11:42:50,438 [INFO] pipeline:   RECV3: score=95/100 | critical=0 | warnings=1
2026-05-04 11:42:50,439 [INFO] pipeline:   Relatorio: C:\Users\55819\OneDrive - EPEJUD\DIEGO\OBSIDIAN\Analista de Investimentos\12_PYTHON\pipeline banco completo\outputs\data_quality\audit_RECV3_20260504.md
2026-05-04 11:42:50,439 [INFO] pipeline: 
Auditorando RRRP3...
2026-05-04 11:42:50,440 [INFO] pipeline.cvm: Buscando código CVM para RRRP3...
2026-05-04 11:42:51,224 [WARNING] pipeline.cvm: Ticker RRRP3 não encontrado no cadastro CVM
2026-05-04 11:42:51,240 [INFO] pipeline:   RRRP3: score=23/100 | critical=4 | warnings=1
2026-05-04 11:42:51,240 [INFO] pipeline:   Relatorio: C:\Users\55819\OneDrive - EPEJUD\DIEGO\OBSIDIAN\Analista de Investimentos\12_PYTHON\pipeline banco completo\outputs\data_quality\audit_RRRP3_20260504.md
2026-05-04 11:42:51,241 [INFO] pipeline: 
Auditorando LVTC3...
2026-05-04 11:42:51,242 [INFO] pipeline.cvm: Buscando código CVM para LVTC3...
2026-05-04 11:42:52,031 [WARNING] pipeline.cvm: Ticker LVTC3 não encontrado no cadastro CVM
2026-05-04 11:42:52,066 [INFO] pipeline:   LVTC3: score=23/100 | critical=4 | warnings=1
2026-05-04 11:42:52,073 [INFO] pipeline:   Relatorio: C:\Users\55819\OneDrive - EPEJUD\DIEGO\OBSIDIAN\Analista de Investimentos\12_PYTHON\pipeline banco completo\outputs\data_quality\audit_LVTC3_20260504.md
2026-05-04 11:42:52,106 [INFO] pipeline: 
======================================================================
2026-05-04 11:42:52,106 [INFO] pipeline: RESUMO DA AUDITORIA
2026-05-04 11:42:52,106 [INFO] pipeline: ======================================================================
2026-05-04 11:42:52,107 [INFO] pipeline:   Auditados: 63
2026-05-04 11:42:52,107 [INFO] pipeline:   Erros:     0
2026-05-04 11:42:52,107 [INFO] pipeline:   CSV:       C:\Users\55819\OneDrive - EPEJUD\DIEGO\OBSIDIAN\Analista de Investimentos\12_PYTHON\pipeline banco completo\outputs\data_quality\audit_all_20260504.csv
