2026-04-27 23:06:13,536 [INFO] pipeline:   Setor 'consumo_varejo': 12 tickers
2026-04-27 23:06:13,537 [INFO] pipeline: ======================================================================
2026-04-27 23:06:13,537 [INFO] pipeline: MODO BATCH — 12 empresa(s): LREN3, MGLU3, BHIA3, ASAI3, PCAR3, VIVA3, SBFG3, NTCO3, CEAB3, PETZ3, AZZA3, AMAR3
2026-04-27 23:06:13,537 [INFO] pipeline: ======================================================================
2026-04-27 23:06:13,537 [INFO] pipeline: 
──────────────────────────────────────────────────────────────────────
2026-04-27 23:06:13,538 [INFO] pipeline: Processando: LREN3 (Lojas Renner)
2026-04-27 23:06:13,538 [INFO] pipeline: ──────────────────────────────────────────────────────────────────────
2026-04-27 23:06:13,538 [INFO] pipeline: ======================================================================
2026-04-27 23:06:13,538 [INFO] pipeline: PIPELINE DE VALUATION [CONSUMO_VAREJO] — LREN3 — Lojas Renner
2026-04-27 23:06:13,538 [INFO] pipeline: Início: 2026-04-27 23:06:13
2026-04-27 23:06:13,538 [INFO] pipeline:   Setor: consumo_varejo | Motor: WACC
2026-04-27 23:06:13,538 [INFO] pipeline: ======================================================================
2026-04-27 23:06:13,538 [INFO] pipeline: 
[1/6] Coletando dados de mercado...
2026-04-27 23:06:14,411 [INFO] pipeline:   Buscando cotação via yfinance...
2026-04-27 23:06:14,411 [INFO] pipeline.mercado: Buscando cotação atual: LREN3.SA
2026-04-27 23:06:15,548 [INFO] pipeline:   Cotação ON: R$ 13.97  |  Cotação PN: R$ 0.00
2026-04-27 23:06:15,830 [INFO] pipeline.mercado: Calculando beta: LREN3 (252 dias úteis)
2026-04-27 23:06:15,941 [INFO] pipeline.mercado:   Beta estatístico: 1.4812 | R²: 0.424 | n=251
2026-04-27 23:06:15,944 [INFO] pipeline:   Beta estatístico: 1.481 | Beta utilizado: 0.850
2026-04-27 23:06:15,944 [INFO] pipeline: 
[2/6] Coletando dados macroeconômicos (BCB)...
2026-04-27 23:06:16,342 [WARNING] pipeline.macro: Não foi possível obter Focus Selic: 400 Client Error: Bad Request for url: https://olinda.bcb.gov.br/olinda/servico/Expectativas/versao/v1/odata/ExpectativasMercadoAnuais?%24filter=Indicador%20eq%20'Selic'&%24top=100&%24format=json&%24select=Indicador,Data,Ano,Mediana
2026-04-27 23:06:16,622 [WARNING] pipeline.macro: Não foi possível obter Focus IPCA: 400 Client Error: Bad Request for url: https://olinda.bcb.gov.br/olinda/servico/Expectativas/versao/v1/odata/ExpectativasMercadoAnuais?%24filter=Indicador%20eq%20'IPCA'&%24top=100&%24format=json&%24select=Indicador,Data,Ano,Mediana
2026-04-27 23:06:16,623 [INFO] pipeline.macro: 
=== Coletando dados macroeconômicos ===
2026-04-27 23:06:16,623 [INFO] pipeline.macro: Baixando série BCB 432...
2026-04-27 23:06:16,913 [ERROR] pipeline.macro: Erro ao baixar série BCB 432: 406 Client Error: Not Acceptable for url: https://api.bcb.gov.br/dados/serie/bcdata.sgs.432/dados?formato=json&dataInicial=01%2F01%2F2010&dataFinal=27%2F04%2F2026
2026-04-27 23:06:16,913 [WARNING] pipeline.macro: Série Selic meta sem DatetimeIndex — usando fallback histórico
2026-04-27 23:06:16,914 [INFO] pipeline.macro: Baixando série BCB 12...
2026-04-27 23:06:17,012 [ERROR] pipeline.macro: Erro ao baixar série BCB 12: 406 Client Error: Not Acceptable for url: https://api.bcb.gov.br/dados/serie/bcdata.sgs.12/dados?formato=json&dataInicial=01%2F01%2F2010&dataFinal=27%2F04%2F2026
2026-04-27 23:06:17,013 [WARNING] pipeline.macro: Série DI sem DatetimeIndex — usando fallback histórico
2026-04-27 23:06:17,018 [WARNING] pipeline.macro: IPCA calculado fora do intervalo plausível (55.3%) para 2019 — usando fallback
2026-04-27 23:06:17,018 [WARNING] pipeline.macro: IPCA calculado fora do intervalo plausível (46.1%) para 2020 — usando fallback
2026-04-27 23:06:17,018 [WARNING] pipeline.macro: IPCA calculado fora do intervalo plausível (159.3%) para 2021 — usando fallback
2026-04-27 23:06:17,019 [WARNING] pipeline.macro: IPCA calculado fora do intervalo plausível (191.2%) para 2022 — usando fallback
2026-04-27 23:06:17,019 [WARNING] pipeline.macro: IPCA calculado fora do intervalo plausível (71.5%) para 2023 — usando fallback
2026-04-27 23:06:17,019 [WARNING] pipeline.macro: IPCA calculado fora do intervalo plausível (67.0%) para 2024 — usando fallback
2026-04-27 23:06:17,019 [INFO] pipeline.macro: Baixando série BCB 258...
2026-04-27 23:06:17,118 [ERROR] pipeline.macro: Erro ao baixar série BCB 258: 406 Client Error: Not Acceptable for url: https://api.bcb.gov.br/dados/serie/bcdata.sgs.258/dados?formato=json&dataInicial=01%2F01%2F2010&dataFinal=27%2F04%2F2026
2026-04-27 23:06:17,118 [WARNING] pipeline.macro: Série TJLP sem DatetimeIndex — usando fallback histórico
2026-04-27 23:06:17,127 [WARNING] pipeline.macro: IPCA calculado fora do intervalo plausível (55.3%) para 2019 — usando fallback
2026-04-27 23:06:17,127 [WARNING] pipeline.macro: IPCA calculado fora do intervalo plausível (46.1%) para 2020 — usando fallback
2026-04-27 23:06:17,128 [WARNING] pipeline.macro: IPCA calculado fora do intervalo plausível (159.3%) para 2021 — usando fallback
2026-04-27 23:06:17,128 [WARNING] pipeline.macro: IPCA calculado fora do intervalo plausível (191.2%) para 2022 — usando fallback
2026-04-27 23:06:17,129 [WARNING] pipeline.macro: IPCA calculado fora do intervalo plausível (71.5%) para 2023 — usando fallback
2026-04-27 23:06:17,129 [WARNING] pipeline.macro: IPCA calculado fora do intervalo plausível (67.0%) para 2024 — usando fallback
2026-04-27 23:06:17,129 [INFO] pipeline.macro: 
RESUMO MACRO HISTÓRICO:
2026-04-27 23:06:17,129 [INFO] pipeline.macro:   selic_meta     : 2020: 2.00% | 2021: 9.25% | 2022: 13.75% | 2023: 11.75% | 2024: 11.75%
2026-04-27 23:06:17,129 [INFO] pipeline.macro:   selic_efet     : 2020: 2.28% | 2021: 4.48% | 2022: 12.33% | 2023: 13.15% | 2024: 10.73%
2026-04-27 23:06:17,129 [INFO] pipeline.macro:   ipca           : 2020: 4.52% | 2021: 10.06% | 2022: 5.62% | 2023: 4.62% | 2024: 4.83%
2026-04-27 23:06:17,129 [INFO] pipeline.macro:   tjlp           : 2020: 5.25% | 2021: 5.25% | 2022: 6.25% | 2023: 7.00% | 2024: 7.00%
2026-04-27 23:06:17,129 [INFO] pipeline.macro:   cds            : 2020: 0.44% | 2021: 0.73% | 2022: 1.26% | 2023: 0.84% | 2024: 0.81%
2026-04-27 23:06:17,129 [INFO] pipeline.macro:   inflacao_impl  : 2020: 4.52% | 2021: 10.06% | 2022: 5.62% | 2023: 4.62% | 2024: 4.83%
2026-04-27 23:06:17,129 [INFO] pipeline: 
[3/6] Baixando demonstrações financeiras (CVM)...
2026-04-27 23:06:17,132 [INFO] pipeline.cvm: 
==================================================
2026-04-27 23:06:17,132 [INFO] pipeline.cvm: Baixando DFP 2019...
2026-04-27 23:06:17,356 [WARNING] pipeline.cvm:   Empresa 14486 não encontrada em dre 2019
2026-04-27 23:06:17,749 [WARNING] pipeline.cvm:   Empresa 14486 não encontrada em bpa 2019
2026-04-27 23:06:18,452 [WARNING] pipeline.cvm:   Empresa 14486 não encontrada em bpp 2019
2026-04-27 23:06:19,047 [WARNING] pipeline.cvm:   Empresa 14486 não encontrada em dfc_mi 2019
2026-04-27 23:06:19,083 [WARNING] pipeline.cvm:   Empresa 14486 não encontrada em dfc_md 2019
2026-04-27 23:06:19,085 [INFO] pipeline.cvm: 
==================================================
2026-04-27 23:06:19,085 [INFO] pipeline.cvm: Baixando DFP 2020...
2026-04-27 23:06:19,398 [WARNING] pipeline.cvm:   Empresa 14486 não encontrada em dre 2020
2026-04-27 23:06:19,857 [WARNING] pipeline.cvm:   Empresa 14486 não encontrada em bpa 2020
2026-04-27 23:06:20,634 [WARNING] pipeline.cvm:   Empresa 14486 não encontrada em bpp 2020
2026-04-27 23:06:21,035 [WARNING] pipeline.cvm:   Empresa 14486 não encontrada em dfc_mi 2020
2026-04-27 23:06:21,073 [WARNING] pipeline.cvm:   Empresa 14486 não encontrada em dfc_md 2020
2026-04-27 23:06:21,074 [INFO] pipeline.cvm: 
==================================================
2026-04-27 23:06:21,074 [INFO] pipeline.cvm: Baixando DFP 2021...
2026-04-27 23:06:21,342 [WARNING] pipeline.cvm:   Empresa 14486 não encontrada em dre 2021
2026-04-27 23:06:21,829 [WARNING] pipeline.cvm:   Empresa 14486 não encontrada em bpa 2021
2026-04-27 23:06:22,630 [WARNING] pipeline.cvm:   Empresa 14486 não encontrada em bpp 2021
2026-04-27 23:06:23,043 [WARNING] pipeline.cvm:   Empresa 14486 não encontrada em dfc_mi 2021
2026-04-27 23:06:23,086 [WARNING] pipeline.cvm:   Empresa 14486 não encontrada em dfc_md 2021
2026-04-27 23:06:23,087 [INFO] pipeline.cvm: 
==================================================
2026-04-27 23:06:23,087 [INFO] pipeline.cvm: Baixando DFP 2022...
2026-04-27 23:06:23,358 [WARNING] pipeline.cvm:   Empresa 14486 não encontrada em dre 2022
2026-04-27 23:06:23,857 [WARNING] pipeline.cvm:   Empresa 14486 não encontrada em bpa 2022
2026-04-27 23:06:24,713 [WARNING] pipeline.cvm:   Empresa 14486 não encontrada em bpp 2022
2026-04-27 23:06:25,151 [WARNING] pipeline.cvm:   Empresa 14486 não encontrada em dfc_mi 2022
2026-04-27 23:06:25,198 [WARNING] pipeline.cvm:   Empresa 14486 não encontrada em dfc_md 2022
2026-04-27 23:06:25,199 [INFO] pipeline.cvm: 
==================================================
2026-04-27 23:06:25,199 [INFO] pipeline.cvm: Baixando DFP 2023...
2026-04-27 23:06:25,470 [WARNING] pipeline.cvm:   Empresa 14486 não encontrada em dre 2023
2026-04-27 23:06:25,976 [WARNING] pipeline.cvm:   Empresa 14486 não encontrada em bpa 2023
2026-04-27 23:06:26,837 [WARNING] pipeline.cvm:   Empresa 14486 não encontrada em bpp 2023
2026-04-27 23:06:27,305 [WARNING] pipeline.cvm:   Empresa 14486 não encontrada em dfc_mi 2023
2026-04-27 23:06:27,348 [WARNING] pipeline.cvm:   Empresa 14486 não encontrada em dfc_md 2023
2026-04-27 23:06:27,350 [INFO] pipeline.cvm: 
==================================================
2026-04-27 23:06:27,350 [INFO] pipeline.cvm: Baixando DFP 2024...
2026-04-27 23:06:27,614 [WARNING] pipeline.cvm:   Empresa 14486 não encontrada em dre 2024
2026-04-27 23:06:28,092 [WARNING] pipeline.cvm:   Empresa 14486 não encontrada em bpa 2024
2026-04-27 23:06:29,039 [WARNING] pipeline.cvm:   Empresa 14486 não encontrada em bpp 2024
2026-04-27 23:06:29,778 [WARNING] pipeline.cvm:   Empresa 14486 não encontrada em dfc_mi 2024
2026-04-27 23:06:29,841 [WARNING] pipeline.cvm:   Empresa 14486 não encontrada em dfc_md 2024
2026-04-27 23:06:29,843 [INFO] pipeline.cvm: 
==================================================
2026-04-27 23:06:29,843 [INFO] pipeline.cvm: Baixando DFP 2025...
2026-04-27 23:06:30,128 [WARNING] pipeline.cvm:   Empresa 14486 não encontrada em dre 2025
2026-04-27 23:06:30,623 [WARNING] pipeline.cvm:   Empresa 14486 não encontrada em bpa 2025
2026-04-27 23:06:31,421 [WARNING] pipeline.cvm:   Empresa 14486 não encontrada em bpp 2025
2026-04-27 23:06:31,849 [WARNING] pipeline.cvm:   Empresa 14486 não encontrada em dfc_mi 2025
2026-04-27 23:06:31,881 [WARNING] pipeline.cvm:   Empresa 14486 não encontrada em dfc_md 2025
2026-04-27 23:06:31,882 [INFO] pipeline:   DFP 2019 indisponível — tentando anualizar via ITR...
2026-04-27 23:06:31,882 [INFO] pipeline.cvm: 
==================================================
2026-04-27 23:06:31,882 [INFO] pipeline.cvm: Tentando anualizar 2019 via ITR (LTM)...
2026-04-27 23:06:36,613 [WARNING] pipeline.cvm:   ITR 2019 não disponível — não é possível anualizar
2026-04-27 23:06:36,613 [WARNING] pipeline:   DFP 2019 e ITR indisponíveis — removido do histórico
2026-04-27 23:06:36,613 [INFO] pipeline:   DFP 2020 indisponível — tentando anualizar via ITR...
2026-04-27 23:06:36,613 [INFO] pipeline.cvm: 
==================================================
2026-04-27 23:06:36,614 [INFO] pipeline.cvm: Tentando anualizar 2020 via ITR (LTM)...
2026-04-27 23:06:42,821 [WARNING] pipeline.cvm:   ITR 2020 não disponível — não é possível anualizar
2026-04-27 23:06:42,821 [WARNING] pipeline:   DFP 2020 e ITR indisponíveis — removido do histórico
2026-04-27 23:06:42,821 [INFO] pipeline:   DFP 2021 indisponível — tentando anualizar via ITR...
2026-04-27 23:06:42,821 [INFO] pipeline.cvm: 
==================================================
2026-04-27 23:06:42,821 [INFO] pipeline.cvm: Tentando anualizar 2021 via ITR (LTM)...
2026-04-27 23:06:49,959 [WARNING] pipeline.cvm:   ITR 2021 não disponível — não é possível anualizar
2026-04-27 23:06:49,959 [WARNING] pipeline:   DFP 2021 e ITR indisponíveis — removido do histórico
2026-04-27 23:06:49,959 [INFO] pipeline:   DFP 2022 indisponível — tentando anualizar via ITR...
2026-04-27 23:06:49,959 [INFO] pipeline.cvm: 
==================================================
2026-04-27 23:06:49,960 [INFO] pipeline.cvm: Tentando anualizar 2022 via ITR (LTM)...
2026-04-27 23:06:56,869 [WARNING] pipeline.cvm:   ITR 2022 não disponível — não é possível anualizar
2026-04-27 23:06:56,869 [WARNING] pipeline:   DFP 2022 e ITR indisponíveis — removido do histórico
2026-04-27 23:06:56,870 [INFO] pipeline:   DFP 2023 indisponível — tentando anualizar via ITR...
2026-04-27 23:06:56,870 [INFO] pipeline.cvm: 
==================================================
2026-04-27 23:06:56,870 [INFO] pipeline.cvm: Tentando anualizar 2023 via ITR (LTM)...
2026-04-27 23:07:03,541 [WARNING] pipeline.cvm:   ITR 2023 não disponível — não é possível anualizar
2026-04-27 23:07:03,541 [WARNING] pipeline:   DFP 2023 e ITR indisponíveis — removido do histórico
2026-04-27 23:07:03,542 [INFO] pipeline:   DFP 2024 indisponível — tentando anualizar via ITR...
2026-04-27 23:07:03,542 [INFO] pipeline.cvm: 
==================================================
2026-04-27 23:07:03,542 [INFO] pipeline.cvm: Tentando anualizar 2024 via ITR (LTM)...
2026-04-27 23:07:10,097 [WARNING] pipeline.cvm:   ITR 2024 não disponível — não é possível anualizar
2026-04-27 23:07:10,097 [WARNING] pipeline:   DFP 2024 e ITR indisponíveis — removido do histórico
2026-04-27 23:07:10,097 [INFO] pipeline:   DFP 2025 indisponível — tentando anualizar via ITR...
2026-04-27 23:07:10,097 [INFO] pipeline.cvm: 
==================================================
2026-04-27 23:07:10,097 [INFO] pipeline.cvm: Tentando anualizar 2025 via ITR (LTM)...
2026-04-27 23:07:16,352 [WARNING] pipeline.cvm:   ITR 2025 não disponível — não é possível anualizar
2026-04-27 23:07:16,352 [WARNING] pipeline:   DFP 2025 e ITR indisponíveis — removido do histórico
2026-04-27 23:07:16,352 [WARNING] pipeline:   Nenhum ano com dados históricos — continuando sem histórico CVM
2026-04-27 23:07:16,353 [INFO] pipeline: 
[4/6] Normalizando dados...
2026-04-27 23:07:16,361 [INFO] pipeline:   DRE normalizada:
2026-04-27 23:07:16,362 [INFO] pipeline: 
[5/6] Calculando projeções...
2026-04-27 23:07:16,367 [INFO] pipeline.projecoes: 
=== Projeções (não-financeira / FCFF) ===
2026-04-27 23:07:16,369 [INFO] pipeline.projecoes:   Margem EBITDA: 19.0% → 19.0% (conv 6a)
2026-04-27 23:07:16,369 [INFO] pipeline.projecoes:   D&A/Receita: 5.0%
2026-04-27 23:07:16,370 [INFO] pipeline.projecoes:   CAPEX/Receita: 5.0% → 5.0%
2026-04-27 23:07:16,371 [INFO] pipeline.projecoes:   NCG/Receita: 8.0% → 8.0%
2026-04-27 23:07:16,373 [INFO] pipeline.projecoes:   Alíquota efetiva: 34.0%
2026-04-27 23:07:16,373 [INFO] pipeline.projecoes: Projeções concluídas (FCFF). Resumo:
2026-04-27 23:07:16,373 [INFO] pipeline.projecoes:    Ano      Receita     EBITDA    Mg%      NOPAT       FCFF
2026-04-27 23:07:16,373 [INFO] pipeline.projecoes:   2025            0          0  19.0%          0          0
2026-04-27 23:07:16,373 [INFO] pipeline.projecoes:   2026            0          0  19.0%          0          0
2026-04-27 23:07:16,373 [INFO] pipeline.projecoes:   2027            0          0  19.0%          0          0
2026-04-27 23:07:16,373 [INFO] pipeline.projecoes:   2028            0          0  19.0%          0          0
2026-04-27 23:07:16,373 [INFO] pipeline.projecoes:   2029            0          0  19.0%          0          0
2026-04-27 23:07:16,374 [INFO] pipeline.valuation:   Estrutura de capital: E=95% | D=5%
2026-04-27 23:07:16,374 [INFO] pipeline: 
[6/6] Calculando valuation (FCFF / WACC)...
2026-04-27 23:07:16,374 [WARNING] pipeline.valuation: TIR < g (5.5%) — cotação acima do valor intrínseco (DCF)
2026-04-27 23:07:16,374 [WARNING] pipeline.valuation: TIR < g (5.5%) — cotação acima do valor intrínseco (DCF)
2026-04-27 23:07:16,374 [INFO] pipeline.valuation: 
==================================================
2026-04-27 23:07:16,375 [INFO] pipeline.valuation: VALUATION FCFF/WACC — LREN3
2026-04-27 23:07:16,375 [INFO] pipeline.valuation:   VP FCFF (10a):     R$            0 MM
2026-04-27 23:07:16,375 [INFO] pipeline.valuation:   Valor Perp. (VP):  R$            0 MM
2026-04-27 23:07:16,375 [INFO] pipeline.valuation:   ENTERPRISE VALUE:  R$            0 MM
2026-04-27 23:07:16,375 [INFO] pipeline.valuation:   (-) Dívida Líq.:   R$            0 MM
2026-04-27 23:07:16,375 [INFO] pipeline.valuation:   VALOR DO EQUITY:   R$            0 MM
2026-04-27 23:07:16,375 [INFO] pipeline.valuation:   Preço Justo ON:    R$     0.00
2026-04-27 23:07:16,375 [INFO] pipeline.valuation:   Preço Justo PN:    R$     0.00
2026-04-27 23:07:16,376 [INFO] pipeline.valuation:   Cotação ON:        R$    13.97
2026-04-27 23:07:16,376 [INFO] pipeline.valuation:   Upside ON:             -100.0%
2026-04-27 23:07:16,376 [INFO] pipeline.valuation:   TIR (ON):                 6.0%
2026-04-27 23:07:16,376 [INFO] pipeline.valuation:   WACC último ano:         10.7%
2026-04-27 23:07:16,376 [WARNING] pipeline: 
[!] AVISOS DE VALIDACAO:
2026-04-27 23:07:16,376 [WARNING] pipeline:   - DRE histórica vazia — planilha terá apenas projeções
2026-04-27 23:07:16,376 [WARNING] pipeline:   - FCFF projetado é zero em todos os anos — verificar dados históricos
2026-04-27 23:07:16,376 [WARNING] pipeline:   - Valor do Equity negativo ou zero: R$ 0 MM
2026-04-27 23:07:16,376 [WARNING] pipeline:   - Preço Justo ON inválido (≤ 0)
2026-04-27 23:07:16,378 [INFO] pipeline:   Sem template VAROS para LREN3 — Excel será criado do zero
2026-04-27 23:07:16,777 [INFO] pipeline.excel_geral: 
============================================================
2026-04-27 23:07:16,777 [INFO] pipeline.excel_geral: Criando Excel completo (12 abas) para: Lojas Renner (LREN3)
2026-04-27 23:07:16,779 [INFO] pipeline.excel_geral:   → 1/12  Dashboard
2026-04-27 23:07:16,791 [INFO] pipeline.excel_geral:   → 2/12  WACC
2026-04-27 23:07:16,824 [INFO] pipeline.excel_geral:   → 3/12  TIR ON
2026-04-27 23:07:16,834 [INFO] pipeline.excel_geral:   → 4/12  TIR PN
2026-04-27 23:07:16,844 [INFO] pipeline.excel_geral:   → 5/12  Valor do Equity
2026-04-27 23:07:16,850 [INFO] pipeline.excel_geral:   → 6/12  Preço Teto
2026-04-27 23:07:16,856 [INFO] pipeline.excel_geral:   → 7/12  DRE + DCF
2026-04-27 23:07:16,948 [INFO] pipeline.excel_geral:   → 8/12  DRE Contas Abertas
2026-04-27 23:07:17,022 [INFO] pipeline.excel_geral:   → 9/12  Balanço Patrimonial
2026-04-27 23:07:17,038 [INFO] pipeline.excel_geral:   → 10/12 Painel de Índices
2026-04-27 23:07:17,058 [INFO] pipeline.excel_geral:   → 11/12 Projeções Premissas
2026-04-27 23:07:17,104 [INFO] pipeline.excel_geral:   → 12/12 Projeções Capex e CG
2026-04-27 23:07:17,212 [INFO] pipeline.excel_geral: 
Arquivo salvo: C:\Users\55819\OneDrive - EPEJUD\DIEGO\OBSIDIAN\Analista de Investimentos\12_PYTHON\pipeline banco completo\outputs\Valuation_LREN3_Lojas Renner_20260427.xlsx
2026-04-27 23:07:17,212 [INFO] pipeline: 
======================================================================
2026-04-27 23:07:17,212 [INFO] pipeline: RESUMO DO VALUATION (FCFF/WACC)
2026-04-27 23:07:17,212 [INFO] pipeline: ======================================================================
2026-04-27 23:07:17,212 [INFO] pipeline:   Empresa:           Lojas Renner (LREN3)
2026-04-27 23:07:17,212 [INFO] pipeline:   Enterprise Value:  R$            0 MM
2026-04-27 23:07:17,212 [INFO] pipeline:   Cotação ON:        R$ 13.97
2026-04-27 23:07:17,212 [INFO] pipeline:   Preço Justo ON:    R$ 0.00
2026-04-27 23:07:17,212 [INFO] pipeline:   Upside ON:            -100.0%
2026-04-27 23:07:17,213 [INFO] pipeline:   TIR:                  6.0%
2026-04-27 23:07:17,213 [INFO] pipeline:   Preço Teto ON:     R$ 0.00
2026-04-27 23:07:17,213 [INFO] pipeline: 
  [!] 4 aviso(s) de validacao — verifique os logs
2026-04-27 23:07:17,213 [INFO] pipeline: 
  Arquivo gerado:    C:\Users\55819\OneDrive - EPEJUD\DIEGO\OBSIDIAN\Analista de Investimentos\12_PYTHON\pipeline banco completo\outputs\Valuation_LREN3_Lojas Renner_20260427.xlsx
2026-04-27 23:07:17,213 [INFO] pipeline: ======================================================================
2026-04-27 23:07:17,215 [INFO] pipeline: ✓ LREN3: arquivo gerado → C:\Users\55819\OneDrive - EPEJUD\DIEGO\OBSIDIAN\Analista de Investimentos\12_PYTHON\pipeline banco completo\outputs\Valuation_LREN3_Lojas Renner_20260427.xlsx
2026-04-27 23:07:17,215 [INFO] pipeline: 
──────────────────────────────────────────────────────────────────────
2026-04-27 23:07:17,215 [INFO] pipeline: Processando: MGLU3 (Magazine Luiza)
2026-04-27 23:07:17,216 [INFO] pipeline: ──────────────────────────────────────────────────────────────────────
2026-04-27 23:07:17,216 [INFO] pipeline: ======================================================================
2026-04-27 23:07:17,216 [INFO] pipeline: PIPELINE DE VALUATION [CONSUMO_VAREJO] — MGLU3 — Magazine Luiza
2026-04-27 23:07:17,216 [INFO] pipeline: Início: 2026-04-27 23:07:17
2026-04-27 23:07:17,216 [INFO] pipeline:   Setor: consumo_varejo | Motor: WACC
2026-04-27 23:07:17,216 [INFO] pipeline: ======================================================================
2026-04-27 23:07:17,216 [INFO] pipeline: 
[1/6] Coletando dados de mercado...
2026-04-27 23:07:17,217 [INFO] pipeline:   Buscando cotação via yfinance...
2026-04-27 23:07:17,217 [INFO] pipeline.mercado: Buscando cotação atual: MGLU3.SA
2026-04-27 23:07:17,852 [INFO] pipeline:   Cotação ON: R$ 8.53  |  Cotação PN: R$ 0.00
2026-04-27 23:07:17,986 [INFO] pipeline.mercado: Calculando beta: MGLU3 (252 dias úteis)
2026-04-27 23:07:18,003 [INFO] pipeline.mercado:   Beta estatístico: 2.1577 | R²: 0.369 | n=251
2026-04-27 23:07:18,005 [INFO] pipeline:   Beta estatístico: 2.158 | Beta utilizado: 0.850
2026-04-27 23:07:18,006 [INFO] pipeline: 
[2/6] Coletando dados macroeconômicos (BCB)...
2026-04-27 23:07:18,349 [WARNING] pipeline.macro: Não foi possível obter Focus Selic: 400 Client Error: Bad Request for url: https://olinda.bcb.gov.br/olinda/servico/Expectativas/versao/v1/odata/ExpectativasMercadoAnuais?%24filter=Indicador%20eq%20'Selic'&%24top=100&%24format=json&%24select=Indicador,Data,Ano,Mediana
2026-04-27 23:07:18,630 [WARNING] pipeline.macro: Não foi possível obter Focus IPCA: 400 Client Error: Bad Request for url: https://olinda.bcb.gov.br/olinda/servico/Expectativas/versao/v1/odata/ExpectativasMercadoAnuais?%24filter=Indicador%20eq%20'IPCA'&%24top=100&%24format=json&%24select=Indicador,Data,Ano,Mediana
2026-04-27 23:07:18,633 [INFO] pipeline.macro: 
=== Coletando dados macroeconômicos ===
2026-04-27 23:07:18,633 [INFO] pipeline.macro: Baixando série BCB 432...
2026-04-27 23:07:18,927 [ERROR] pipeline.macro: Erro ao baixar série BCB 432: 406 Client Error: Not Acceptable for url: https://api.bcb.gov.br/dados/serie/bcdata.sgs.432/dados?formato=json&dataInicial=01%2F01%2F2010&dataFinal=27%2F04%2F2026
2026-04-27 23:07:18,927 [WARNING] pipeline.macro: Série Selic meta sem DatetimeIndex — usando fallback histórico
2026-04-27 23:07:18,928 [INFO] pipeline.macro: Baixando série BCB 12...
2026-04-27 23:07:19,028 [ERROR] pipeline.macro: Erro ao baixar série BCB 12: 406 Client Error: Not Acceptable for url: https://api.bcb.gov.br/dados/serie/bcdata.sgs.12/dados?formato=json&dataInicial=01%2F01%2F2010&dataFinal=27%2F04%2F2026
2026-04-27 23:07:19,029 [WARNING] pipeline.macro: Série DI sem DatetimeIndex — usando fallback histórico
2026-04-27 23:07:19,033 [WARNING] pipeline.macro: IPCA calculado fora do intervalo plausível (55.3%) para 2019 — usando fallback
2026-04-27 23:07:19,033 [WARNING] pipeline.macro: IPCA calculado fora do intervalo plausível (46.1%) para 2020 — usando fallback
2026-04-27 23:07:19,033 [WARNING] pipeline.macro: IPCA calculado fora do intervalo plausível (159.3%) para 2021 — usando fallback
2026-04-27 23:07:19,034 [WARNING] pipeline.macro: IPCA calculado fora do intervalo plausível (191.2%) para 2022 — usando fallback
2026-04-27 23:07:19,035 [WARNING] pipeline.macro: IPCA calculado fora do intervalo plausível (71.5%) para 2023 — usando fallback
2026-04-27 23:07:19,036 [WARNING] pipeline.macro: IPCA calculado fora do intervalo plausível (67.0%) para 2024 — usando fallback
2026-04-27 23:07:19,036 [INFO] pipeline.macro: Baixando série BCB 258...
2026-04-27 23:07:19,142 [ERROR] pipeline.macro: Erro ao baixar série BCB 258: 406 Client Error: Not Acceptable for url: https://api.bcb.gov.br/dados/serie/bcdata.sgs.258/dados?formato=json&dataInicial=01%2F01%2F2010&dataFinal=27%2F04%2F2026
2026-04-27 23:07:19,142 [WARNING] pipeline.macro: Série TJLP sem DatetimeIndex — usando fallback histórico
2026-04-27 23:07:19,154 [WARNING] pipeline.macro: IPCA calculado fora do intervalo plausível (55.3%) para 2019 — usando fallback
2026-04-27 23:07:19,154 [WARNING] pipeline.macro: IPCA calculado fora do intervalo plausível (46.1%) para 2020 — usando fallback
2026-04-27 23:07:19,155 [WARNING] pipeline.macro: IPCA calculado fora do intervalo plausível (159.3%) para 2021 — usando fallback
2026-04-27 23:07:19,155 [WARNING] pipeline.macro: IPCA calculado fora do intervalo plausível (191.2%) para 2022 — usando fallback
2026-04-27 23:07:19,156 [WARNING] pipeline.macro: IPCA calculado fora do intervalo plausível (71.5%) para 2023 — usando fallback
2026-04-27 23:07:19,156 [WARNING] pipeline.macro: IPCA calculado fora do intervalo plausível (67.0%) para 2024 — usando fallback
2026-04-27 23:07:19,156 [INFO] pipeline.macro: 
RESUMO MACRO HISTÓRICO:
2026-04-27 23:07:19,156 [INFO] pipeline.macro:   selic_meta     : 2020: 2.00% | 2021: 9.25% | 2022: 13.75% | 2023: 11.75% | 2024: 11.75%
2026-04-27 23:07:19,156 [INFO] pipeline.macro:   selic_efet     : 2020: 2.28% | 2021: 4.48% | 2022: 12.33% | 2023: 13.15% | 2024: 10.73%
2026-04-27 23:07:19,157 [INFO] pipeline.macro:   ipca           : 2020: 4.52% | 2021: 10.06% | 2022: 5.62% | 2023: 4.62% | 2024: 4.83%
2026-04-27 23:07:19,157 [INFO] pipeline.macro:   tjlp           : 2020: 5.25% | 2021: 5.25% | 2022: 6.25% | 2023: 7.00% | 2024: 7.00%
2026-04-27 23:07:19,157 [INFO] pipeline.macro:   cds            : 2020: 0.44% | 2021: 0.73% | 2022: 1.26% | 2023: 0.84% | 2024: 0.81%
2026-04-27 23:07:19,157 [INFO] pipeline.macro:   inflacao_impl  : 2020: 4.52% | 2021: 10.06% | 2022: 5.62% | 2023: 4.62% | 2024: 4.83%
2026-04-27 23:07:19,157 [INFO] pipeline: 
[3/6] Baixando demonstrações financeiras (CVM)...
2026-04-27 23:07:19,157 [INFO] pipeline.cvm: 
==================================================
2026-04-27 23:07:19,158 [INFO] pipeline.cvm: Baixando DFP 2019...
2026-04-27 23:07:19,397 [WARNING] pipeline.cvm:   Empresa 21105 não encontrada em dre 2019
2026-04-27 23:07:19,777 [WARNING] pipeline.cvm:   Empresa 21105 não encontrada em bpa 2019
2026-04-27 23:07:20,518 [WARNING] pipeline.cvm:   Empresa 21105 não encontrada em bpp 2019
2026-04-27 23:07:20,911 [WARNING] pipeline.cvm:   Empresa 21105 não encontrada em dfc_mi 2019
2026-04-27 23:07:20,934 [WARNING] pipeline.cvm:   Empresa 21105 não encontrada em dfc_md 2019
2026-04-27 23:07:20,934 [INFO] pipeline.cvm: 
==================================================
2026-04-27 23:07:20,934 [INFO] pipeline.cvm: Baixando DFP 2020...
2026-04-27 23:07:21,189 [WARNING] pipeline.cvm:   Empresa 21105 não encontrada em dre 2020
2026-04-27 23:07:21,693 [WARNING] pipeline.cvm:   Empresa 21105 não encontrada em bpa 2020
2026-04-27 23:07:22,594 [WARNING] pipeline.cvm:   Empresa 21105 não encontrada em bpp 2020
2026-04-27 23:07:23,060 [WARNING] pipeline.cvm:   Empresa 21105 não encontrada em dfc_mi 2020
2026-04-27 23:07:23,095 [WARNING] pipeline.cvm:   Empresa 21105 não encontrada em dfc_md 2020
2026-04-27 23:07:23,096 [INFO] pipeline.cvm: 
==================================================
2026-04-27 23:07:23,096 [INFO] pipeline.cvm: Baixando DFP 2021...
2026-04-27 23:07:23,365 [WARNING] pipeline.cvm:   Empresa 21105 não encontrada em dre 2021
2026-04-27 23:07:23,846 [WARNING] pipeline.cvm:   Empresa 21105 não encontrada em bpa 2021
2026-04-27 23:07:24,704 [WARNING] pipeline.cvm:   Empresa 21105 não encontrada em bpp 2021
2026-04-27 23:07:25,140 [WARNING] pipeline.cvm:   Empresa 21105 não encontrada em dfc_mi 2021
2026-04-27 23:07:25,181 [WARNING] pipeline.cvm:   Empresa 21105 não encontrada em dfc_md 2021
2026-04-27 23:07:25,182 [INFO] pipeline.cvm: 
==================================================
2026-04-27 23:07:25,182 [INFO] pipeline.cvm: Baixando DFP 2022...
2026-04-27 23:07:25,456 [WARNING] pipeline.cvm:   Empresa 21105 não encontrada em dre 2022
2026-04-27 23:07:25,948 [WARNING] pipeline.cvm:   Empresa 21105 não encontrada em bpa 2022
2026-04-27 23:07:26,906 [WARNING] pipeline.cvm:   Empresa 21105 não encontrada em bpp 2022
2026-04-27 23:07:27,357 [WARNING] pipeline.cvm:   Empresa 21105 não encontrada em dfc_mi 2022
2026-04-27 23:07:27,397 [WARNING] pipeline.cvm:   Empresa 21105 não encontrada em dfc_md 2022
2026-04-27 23:07:27,398 [INFO] pipeline.cvm: 
==================================================
2026-04-27 23:07:27,398 [INFO] pipeline.cvm: Baixando DFP 2023...
2026-04-27 23:07:27,676 [WARNING] pipeline.cvm:   Empresa 21105 não encontrada em dre 2023
2026-04-27 23:07:28,154 [WARNING] pipeline.cvm:   Empresa 21105 não encontrada em bpa 2023
2026-04-27 23:07:29,168 [WARNING] pipeline.cvm:   Empresa 21105 não encontrada em bpp 2023
2026-04-27 23:07:29,678 [WARNING] pipeline.cvm:   Empresa 21105 não encontrada em dfc_mi 2023
2026-04-27 23:07:29,716 [WARNING] pipeline.cvm:   Empresa 21105 não encontrada em dfc_md 2023
2026-04-27 23:07:29,717 [INFO] pipeline.cvm: 
==================================================
2026-04-27 23:07:29,717 [INFO] pipeline.cvm: Baixando DFP 2024...
2026-04-27 23:07:30,040 [WARNING] pipeline.cvm:   Empresa 21105 não encontrada em dre 2024
2026-04-27 23:07:30,611 [WARNING] pipeline.cvm:   Empresa 21105 não encontrada em bpa 2024
2026-04-27 23:07:31,573 [WARNING] pipeline.cvm:   Empresa 21105 não encontrada em bpp 2024
2026-04-27 23:07:32,070 [WARNING] pipeline.cvm:   Empresa 21105 não encontrada em dfc_mi 2024
2026-04-27 23:07:32,105 [WARNING] pipeline.cvm:   Empresa 21105 não encontrada em dfc_md 2024
2026-04-27 23:07:32,106 [INFO] pipeline.cvm: 
==================================================
2026-04-27 23:07:32,106 [INFO] pipeline.cvm: Baixando DFP 2025...
2026-04-27 23:07:32,357 [WARNING] pipeline.cvm:   Empresa 21105 não encontrada em dre 2025
2026-04-27 23:07:32,814 [WARNING] pipeline.cvm:   Empresa 21105 não encontrada em bpa 2025
2026-04-27 23:07:33,573 [WARNING] pipeline.cvm:   Empresa 21105 não encontrada em bpp 2025
2026-04-27 23:07:33,991 [WARNING] pipeline.cvm:   Empresa 21105 não encontrada em dfc_mi 2025
2026-04-27 23:07:34,024 [WARNING] pipeline.cvm:   Empresa 21105 não encontrada em dfc_md 2025
2026-04-27 23:07:34,024 [INFO] pipeline:   DFP 2019 indisponível — tentando anualizar via ITR...
2026-04-27 23:07:34,024 [INFO] pipeline.cvm: 
==================================================
2026-04-27 23:07:34,024 [INFO] pipeline.cvm: Tentando anualizar 2019 via ITR (LTM)...
2026-04-27 23:07:38,669 [WARNING] pipeline.cvm:   ITR 2019 não disponível — não é possível anualizar
2026-04-27 23:07:38,669 [WARNING] pipeline:   DFP 2019 e ITR indisponíveis — removido do histórico
2026-04-27 23:07:38,670 [INFO] pipeline:   DFP 2020 indisponível — tentando anualizar via ITR...
2026-04-27 23:07:38,670 [INFO] pipeline.cvm: 
==================================================
2026-04-27 23:07:38,670 [INFO] pipeline.cvm: Tentando anualizar 2020 via ITR (LTM)...
2026-04-27 23:07:43,935 [WARNING] pipeline.cvm:   ITR 2020 não disponível — não é possível anualizar
2026-04-27 23:07:43,935 [WARNING] pipeline:   DFP 2020 e ITR indisponíveis — removido do histórico
2026-04-27 23:07:43,935 [INFO] pipeline:   DFP 2021 indisponível — tentando anualizar via ITR...
2026-04-27 23:07:43,935 [INFO] pipeline.cvm: 
==================================================
2026-04-27 23:07:43,935 [INFO] pipeline.cvm: Tentando anualizar 2021 via ITR (LTM)...
2026-04-27 23:07:50,198 [WARNING] pipeline.cvm:   ITR 2021 não disponível — não é possível anualizar
2026-04-27 23:07:50,198 [WARNING] pipeline:   DFP 2021 e ITR indisponíveis — removido do histórico
2026-04-27 23:07:50,199 [INFO] pipeline:   DFP 2022 indisponível — tentando anualizar via ITR...
2026-04-27 23:07:50,199 [INFO] pipeline.cvm: 
==================================================
2026-04-27 23:07:50,199 [INFO] pipeline.cvm: Tentando anualizar 2022 via ITR (LTM)...
2026-04-27 23:07:57,228 [WARNING] pipeline.cvm:   ITR 2022 não disponível — não é possível anualizar
2026-04-27 23:07:57,229 [WARNING] pipeline:   DFP 2022 e ITR indisponíveis — removido do histórico
2026-04-27 23:07:57,229 [INFO] pipeline:   DFP 2023 indisponível — tentando anualizar via ITR...
2026-04-27 23:07:57,229 [INFO] pipeline.cvm: 
==================================================
2026-04-27 23:07:57,229 [INFO] pipeline.cvm: Tentando anualizar 2023 via ITR (LTM)...
2026-04-27 23:08:04,488 [WARNING] pipeline.cvm:   ITR 2023 não disponível — não é possível anualizar
2026-04-27 23:08:04,488 [WARNING] pipeline:   DFP 2023 e ITR indisponíveis — removido do histórico
2026-04-27 23:08:04,488 [INFO] pipeline:   DFP 2024 indisponível — tentando anualizar via ITR...
2026-04-27 23:08:04,488 [INFO] pipeline.cvm: 
==================================================
2026-04-27 23:08:04,488 [INFO] pipeline.cvm: Tentando anualizar 2024 via ITR (LTM)...
2026-04-27 23:08:11,730 [WARNING] pipeline.cvm:   ITR 2024 não disponível — não é possível anualizar
2026-04-27 23:08:11,731 [WARNING] pipeline:   DFP 2024 e ITR indisponíveis — removido do histórico
2026-04-27 23:08:11,731 [INFO] pipeline:   DFP 2025 indisponível — tentando anualizar via ITR...
2026-04-27 23:08:11,731 [INFO] pipeline.cvm: 
==================================================
2026-04-27 23:08:11,731 [INFO] pipeline.cvm: Tentando anualizar 2025 via ITR (LTM)...
2026-04-27 23:08:18,488 [WARNING] pipeline.cvm:   ITR 2025 não disponível — não é possível anualizar
2026-04-27 23:08:18,489 [WARNING] pipeline:   DFP 2025 e ITR indisponíveis — removido do histórico
2026-04-27 23:08:18,489 [WARNING] pipeline:   Nenhum ano com dados históricos — continuando sem histórico CVM
2026-04-27 23:08:18,489 [INFO] pipeline: 
[4/6] Normalizando dados...
2026-04-27 23:08:18,492 [INFO] pipeline:   DRE normalizada:
2026-04-27 23:08:18,492 [INFO] pipeline: 
[5/6] Calculando projeções...
2026-04-27 23:08:18,494 [INFO] pipeline.projecoes: 
=== Projeções (não-financeira / FCFF) ===
2026-04-27 23:08:18,495 [INFO] pipeline.projecoes:   Margem EBITDA: 5.0% → 5.0% (conv 6a)
2026-04-27 23:08:18,495 [INFO] pipeline.projecoes:   D&A/Receita: 5.0%
2026-04-27 23:08:18,495 [INFO] pipeline.projecoes:   CAPEX/Receita: 4.0% → 4.0%
2026-04-27 23:08:18,496 [INFO] pipeline.projecoes:   NCG/Receita: 12.0% → 12.0%
2026-04-27 23:08:18,497 [INFO] pipeline.projecoes:   Alíquota efetiva: 34.0%
2026-04-27 23:08:18,497 [INFO] pipeline.projecoes: Projeções concluídas (FCFF). Resumo:
2026-04-27 23:08:18,497 [INFO] pipeline.projecoes:    Ano      Receita     EBITDA    Mg%      NOPAT       FCFF
2026-04-27 23:08:18,497 [INFO] pipeline.projecoes:   2025            0          0   5.0%          0          0
2026-04-27 23:08:18,498 [INFO] pipeline.projecoes:   2026            0          0   5.0%          0          0
2026-04-27 23:08:18,498 [INFO] pipeline.projecoes:   2027            0          0   5.0%          0          0
2026-04-27 23:08:18,498 [INFO] pipeline.projecoes:   2028            0          0   5.0%          0          0
2026-04-27 23:08:18,498 [INFO] pipeline.projecoes:   2029            0          0   5.0%          0          0
2026-04-27 23:08:18,498 [INFO] pipeline.valuation:   Estrutura de capital: E=95% | D=5%
2026-04-27 23:08:18,499 [INFO] pipeline: 
[6/6] Calculando valuation (FCFF / WACC)...
2026-04-27 23:08:18,499 [WARNING] pipeline.valuation: TIR < g (5.5%) — cotação acima do valor intrínseco (DCF)
2026-04-27 23:08:18,500 [WARNING] pipeline.valuation: TIR < g (5.5%) — cotação acima do valor intrínseco (DCF)
2026-04-27 23:08:18,500 [INFO] pipeline.valuation: 
==================================================
2026-04-27 23:08:18,500 [INFO] pipeline.valuation: VALUATION FCFF/WACC — MGLU3
2026-04-27 23:08:18,500 [INFO] pipeline.valuation:   VP FCFF (10a):     R$            0 MM
2026-04-27 23:08:18,500 [INFO] pipeline.valuation:   Valor Perp. (VP):  R$            0 MM
2026-04-27 23:08:18,500 [INFO] pipeline.valuation:   ENTERPRISE VALUE:  R$            0 MM
2026-04-27 23:08:18,500 [INFO] pipeline.valuation:   (-) Dívida Líq.:   R$            0 MM
2026-04-27 23:08:18,500 [INFO] pipeline.valuation:   VALOR DO EQUITY:   R$            0 MM
2026-04-27 23:08:18,500 [INFO] pipeline.valuation:   Preço Justo ON:    R$     0.00
2026-04-27 23:08:18,500 [INFO] pipeline.valuation:   Preço Justo PN:    R$     0.00
2026-04-27 23:08:18,501 [INFO] pipeline.valuation:   Cotação ON:        R$     8.53
2026-04-27 23:08:18,501 [INFO] pipeline.valuation:   Upside ON:             -100.0%
2026-04-27 23:08:18,501 [INFO] pipeline.valuation:   TIR (ON):                 6.0%
2026-04-27 23:08:18,501 [INFO] pipeline.valuation:   WACC último ano:         12.9%
2026-04-27 23:08:18,501 [WARNING] pipeline: 
[!] AVISOS DE VALIDACAO:
2026-04-27 23:08:18,501 [WARNING] pipeline:   - DRE histórica vazia — planilha terá apenas projeções
2026-04-27 23:08:18,501 [WARNING] pipeline:   - FCFF projetado é zero em todos os anos — verificar dados históricos
2026-04-27 23:08:18,501 [WARNING] pipeline:   - Valor do Equity negativo ou zero: R$ 0 MM
2026-04-27 23:08:18,501 [WARNING] pipeline:   - Preço Justo ON inválido (≤ 0)
2026-04-27 23:08:18,502 [INFO] pipeline:   Sem template VAROS para MGLU3 — Excel será criado do zero
2026-04-27 23:08:18,503 [INFO] pipeline.excel_geral: 
============================================================
2026-04-27 23:08:18,503 [INFO] pipeline.excel_geral: Criando Excel completo (12 abas) para: Magazine Luiza (MGLU3)
2026-04-27 23:08:18,504 [INFO] pipeline.excel_geral:   → 1/12  Dashboard
2026-04-27 23:08:18,517 [INFO] pipeline.excel_geral:   → 2/12  WACC
2026-04-27 23:08:18,553 [INFO] pipeline.excel_geral:   → 3/12  TIR ON
2026-04-27 23:08:18,566 [INFO] pipeline.excel_geral:   → 4/12  TIR PN
2026-04-27 23:08:18,579 [INFO] pipeline.excel_geral:   → 5/12  Valor do Equity
2026-04-27 23:08:18,586 [INFO] pipeline.excel_geral:   → 6/12  Preço Teto
2026-04-27 23:08:18,593 [INFO] pipeline.excel_geral:   → 7/12  DRE + DCF
2026-04-27 23:08:18,664 [INFO] pipeline.excel_geral:   → 8/12  DRE Contas Abertas
2026-04-27 23:08:18,702 [INFO] pipeline.excel_geral:   → 9/12  Balanço Patrimonial
2026-04-27 23:08:18,711 [INFO] pipeline.excel_geral:   → 10/12 Painel de Índices
2026-04-27 23:08:18,724 [INFO] pipeline.excel_geral:   → 11/12 Projeções Premissas
2026-04-27 23:08:18,755 [INFO] pipeline.excel_geral:   → 12/12 Projeções Capex e CG
2026-04-27 23:08:18,842 [INFO] pipeline.excel_geral: 
Arquivo salvo: C:\Users\55819\OneDrive - EPEJUD\DIEGO\OBSIDIAN\Analista de Investimentos\12_PYTHON\pipeline banco completo\outputs\Valuation_MGLU3_Magazine Luiza_20260427.xlsx
2026-04-27 23:08:18,842 [INFO] pipeline: 
======================================================================
2026-04-27 23:08:18,842 [INFO] pipeline: RESUMO DO VALUATION (FCFF/WACC)
2026-04-27 23:08:18,842 [INFO] pipeline: ======================================================================
2026-04-27 23:08:18,842 [INFO] pipeline:   Empresa:           Magazine Luiza (MGLU3)
2026-04-27 23:08:18,842 [INFO] pipeline:   Enterprise Value:  R$            0 MM
2026-04-27 23:08:18,842 [INFO] pipeline:   Cotação ON:        R$ 8.53
2026-04-27 23:08:18,842 [INFO] pipeline:   Preço Justo ON:    R$ 0.00
2026-04-27 23:08:18,842 [INFO] pipeline:   Upside ON:            -100.0%
2026-04-27 23:08:18,842 [INFO] pipeline:   TIR:                  6.0%
2026-04-27 23:08:18,842 [INFO] pipeline:   Preço Teto ON:     R$ 0.00
2026-04-27 23:08:18,842 [INFO] pipeline: 
  [!] 4 aviso(s) de validacao — verifique os logs
2026-04-27 23:08:18,842 [INFO] pipeline: 
  Arquivo gerado:    C:\Users\55819\OneDrive - EPEJUD\DIEGO\OBSIDIAN\Analista de Investimentos\12_PYTHON\pipeline banco completo\outputs\Valuation_MGLU3_Magazine Luiza_20260427.xlsx
2026-04-27 23:08:18,842 [INFO] pipeline: ======================================================================
2026-04-27 23:08:18,844 [INFO] pipeline: ✓ MGLU3: arquivo gerado → C:\Users\55819\OneDrive - EPEJUD\DIEGO\OBSIDIAN\Analista de Investimentos\12_PYTHON\pipeline banco completo\outputs\Valuation_MGLU3_Magazine Luiza_20260427.xlsx
2026-04-27 23:08:18,844 [INFO] pipeline: 
──────────────────────────────────────────────────────────────────────
2026-04-27 23:08:18,844 [INFO] pipeline: Processando: BHIA3 (Casas Bahia)
2026-04-27 23:08:18,844 [INFO] pipeline: ──────────────────────────────────────────────────────────────────────
2026-04-27 23:08:18,844 [INFO] pipeline: ======================================================================
2026-04-27 23:08:18,844 [INFO] pipeline: PIPELINE DE VALUATION [CONSUMO_VAREJO] — BHIA3 — Casas Bahia
2026-04-27 23:08:18,844 [INFO] pipeline: Início: 2026-04-27 23:08:18
2026-04-27 23:08:18,844 [INFO] pipeline:   Setor: consumo_varejo | Motor: WACC
2026-04-27 23:08:18,844 [INFO] pipeline: ======================================================================
2026-04-27 23:08:18,844 [INFO] pipeline: 
[1/6] Coletando dados de mercado...
2026-04-27 23:08:18,845 [INFO] pipeline:   Buscando cotação via yfinance...
2026-04-27 23:08:18,845 [INFO] pipeline.mercado: Buscando cotação atual: BHIA3.SA
2026-04-27 23:08:19,485 [INFO] pipeline:   Cotação ON: R$ 2.70  |  Cotação PN: R$ 0.00
2026-04-27 23:08:19,763 [INFO] pipeline.mercado: Calculando beta: BHIA3 (252 dias úteis)
2026-04-27 23:08:19,774 [INFO] pipeline.mercado:   Beta estatístico: 1.2644 | R²: 0.085 | n=251
2026-04-27 23:08:19,778 [INFO] pipeline:   Beta estatístico: 1.264 | Beta utilizado: 0.850
2026-04-27 23:08:19,778 [INFO] pipeline: 
[2/6] Coletando dados macroeconômicos (BCB)...
2026-04-27 23:08:20,109 [WARNING] pipeline.macro: Não foi possível obter Focus Selic: 400 Client Error: Bad Request for url: https://olinda.bcb.gov.br/olinda/servico/Expectativas/versao/v1/odata/ExpectativasMercadoAnuais?%24filter=Indicador%20eq%20'Selic'&%24top=100&%24format=json&%24select=Indicador,Data,Ano,Mediana
2026-04-27 23:08:20,429 [WARNING] pipeline.macro: Não foi possível obter Focus IPCA: 400 Client Error: Bad Request for url: https://olinda.bcb.gov.br/olinda/servico/Expectativas/versao/v1/odata/ExpectativasMercadoAnuais?%24filter=Indicador%20eq%20'IPCA'&%24top=100&%24format=json&%24select=Indicador,Data,Ano,Mediana
2026-04-27 23:08:20,431 [INFO] pipeline.macro: 
=== Coletando dados macroeconômicos ===
2026-04-27 23:08:20,431 [INFO] pipeline.macro: Baixando série BCB 432...
2026-04-27 23:08:20,762 [ERROR] pipeline.macro: Erro ao baixar série BCB 432: 406 Client Error: Not Acceptable for url: https://api.bcb.gov.br/dados/serie/bcdata.sgs.432/dados?formato=json&dataInicial=01%2F01%2F2010&dataFinal=27%2F04%2F2026
2026-04-27 23:08:20,763 [WARNING] pipeline.macro: Série Selic meta sem DatetimeIndex — usando fallback histórico
2026-04-27 23:08:20,763 [INFO] pipeline.macro: Baixando série BCB 12...
2026-04-27 23:08:20,862 [ERROR] pipeline.macro: Erro ao baixar série BCB 12: 406 Client Error: Not Acceptable for url: https://api.bcb.gov.br/dados/serie/bcdata.sgs.12/dados?formato=json&dataInicial=01%2F01%2F2010&dataFinal=27%2F04%2F2026
2026-04-27 23:08:20,862 [WARNING] pipeline.macro: Série DI sem DatetimeIndex — usando fallback histórico
2026-04-27 23:08:20,866 [WARNING] pipeline.macro: IPCA calculado fora do intervalo plausível (55.3%) para 2019 — usando fallback
2026-04-27 23:08:20,867 [WARNING] pipeline.macro: IPCA calculado fora do intervalo plausível (46.1%) para 2020 — usando fallback
2026-04-27 23:08:20,867 [WARNING] pipeline.macro: IPCA calculado fora do intervalo plausível (159.3%) para 2021 — usando fallback
2026-04-27 23:08:20,869 [WARNING] pipeline.macro: IPCA calculado fora do intervalo plausível (191.2%) para 2022 — usando fallback
2026-04-27 23:08:20,869 [WARNING] pipeline.macro: IPCA calculado fora do intervalo plausível (71.5%) para 2023 — usando fallback
2026-04-27 23:08:20,870 [WARNING] pipeline.macro: IPCA calculado fora do intervalo plausível (67.0%) para 2024 — usando fallback
2026-04-27 23:08:20,870 [INFO] pipeline.macro: Baixando série BCB 258...
2026-04-27 23:08:20,966 [ERROR] pipeline.macro: Erro ao baixar série BCB 258: 406 Client Error: Not Acceptable for url: https://api.bcb.gov.br/dados/serie/bcdata.sgs.258/dados?formato=json&dataInicial=01%2F01%2F2010&dataFinal=27%2F04%2F2026
2026-04-27 23:08:20,966 [WARNING] pipeline.macro: Série TJLP sem DatetimeIndex — usando fallback histórico
2026-04-27 23:08:20,975 [WARNING] pipeline.macro: IPCA calculado fora do intervalo plausível (55.3%) para 2019 — usando fallback
2026-04-27 23:08:20,975 [WARNING] pipeline.macro: IPCA calculado fora do intervalo plausível (46.1%) para 2020 — usando fallback
2026-04-27 23:08:20,976 [WARNING] pipeline.macro: IPCA calculado fora do intervalo plausível (159.3%) para 2021 — usando fallback
2026-04-27 23:08:20,976 [WARNING] pipeline.macro: IPCA calculado fora do intervalo plausível (191.2%) para 2022 — usando fallback
2026-04-27 23:08:20,976 [WARNING] pipeline.macro: IPCA calculado fora do intervalo plausível (71.5%) para 2023 — usando fallback
2026-04-27 23:08:20,976 [WARNING] pipeline.macro: IPCA calculado fora do intervalo plausível (67.0%) para 2024 — usando fallback
2026-04-27 23:08:20,976 [INFO] pipeline.macro: 
RESUMO MACRO HISTÓRICO:
2026-04-27 23:08:20,976 [INFO] pipeline.macro:   selic_meta     : 2020: 2.00% | 2021: 9.25% | 2022: 13.75% | 2023: 11.75% | 2024: 11.75%
2026-04-27 23:08:20,976 [INFO] pipeline.macro:   selic_efet     : 2020: 2.28% | 2021: 4.48% | 2022: 12.33% | 2023: 13.15% | 2024: 10.73%
2026-04-27 23:08:20,978 [INFO] pipeline.macro:   ipca           : 2020: 4.52% | 2021: 10.06% | 2022: 5.62% | 2023: 4.62% | 2024: 4.83%
2026-04-27 23:08:20,978 [INFO] pipeline.macro:   tjlp           : 2020: 5.25% | 2021: 5.25% | 2022: 6.25% | 2023: 7.00% | 2024: 7.00%
2026-04-27 23:08:20,978 [INFO] pipeline.macro:   cds            : 2020: 0.44% | 2021: 0.73% | 2022: 1.26% | 2023: 0.84% | 2024: 0.81%
2026-04-27 23:08:20,978 [INFO] pipeline.macro:   inflacao_impl  : 2020: 4.52% | 2021: 10.06% | 2022: 5.62% | 2023: 4.62% | 2024: 4.83%
2026-04-27 23:08:20,978 [INFO] pipeline: 
[3/6] Baixando demonstrações financeiras (CVM)...
2026-04-27 23:08:20,979 [INFO] pipeline.cvm: 
==================================================
2026-04-27 23:08:20,979 [INFO] pipeline.cvm: Baixando DFP 2019...
2026-04-27 23:08:21,211 [INFO] pipeline.cvm:   DFP dre 2019: 88 linhas
2026-04-27 23:08:21,579 [INFO] pipeline.cvm:   DFP bpa 2019: 68 linhas
2026-04-27 23:08:22,398 [INFO] pipeline.cvm:   DFP bpp 2019: 100 linhas
2026-04-27 23:08:22,796 [INFO] pipeline.cvm:   DFP dfc_mi 2019: 146 linhas
2026-04-27 23:08:22,822 [WARNING] pipeline.cvm:   Empresa 906 não encontrada em dfc_md 2019
2026-04-27 23:08:22,822 [INFO] pipeline.cvm: 
==================================================
2026-04-27 23:08:22,822 [INFO] pipeline.cvm: Baixando DFP 2020...
2026-04-27 23:08:23,112 [INFO] pipeline.cvm:   DFP dre 2020: 82 linhas
2026-04-27 23:08:23,586 [INFO] pipeline.cvm:   DFP bpa 2020: 82 linhas
2026-04-27 23:08:24,363 [INFO] pipeline.cvm:   DFP bpp 2020: 96 linhas
2026-04-27 23:08:24,798 [INFO] pipeline.cvm:   DFP dfc_mi 2020: 94 linhas
2026-04-27 23:08:24,822 [WARNING] pipeline.cvm:   Empresa 906 não encontrada em dfc_md 2020
2026-04-27 23:08:24,823 [INFO] pipeline.cvm: 
==================================================
2026-04-27 23:08:24,823 [INFO] pipeline.cvm: Baixando DFP 2021...
2026-04-27 23:08:25,098 [INFO] pipeline.cvm:   DFP dre 2021: 82 linhas
2026-04-27 23:08:25,577 [INFO] pipeline.cvm:   DFP bpa 2021: 82 linhas
2026-04-27 23:08:26,465 [INFO] pipeline.cvm:   DFP bpp 2021: 86 linhas
2026-04-27 23:08:26,900 [WARNING] pipeline.cvm:   Empresa 906 não encontrada em dfc_mi 2021
2026-04-27 23:08:26,925 [INFO] pipeline.cvm:   DFP dfc_md 2021: 64 linhas
2026-04-27 23:08:26,926 [INFO] pipeline.cvm: 
==================================================
2026-04-27 23:08:26,926 [INFO] pipeline.cvm: Baixando DFP 2022...
2026-04-27 23:08:27,196 [INFO] pipeline.cvm:   DFP dre 2022: 82 linhas
2026-04-27 23:08:27,755 [INFO] pipeline.cvm:   DFP bpa 2022: 82 linhas
2026-04-27 23:08:29,124 [INFO] pipeline.cvm:   DFP bpp 2022: 86 linhas
2026-04-27 23:08:29,672 [INFO] pipeline.cvm:   DFP dfc_mi 2022: 96 linhas
2026-04-27 23:08:29,710 [WARNING] pipeline.cvm:   Empresa 906 não encontrada em dfc_md 2022
2026-04-27 23:08:29,711 [INFO] pipeline.cvm: 
==================================================
2026-04-27 23:08:29,711 [INFO] pipeline.cvm: Baixando DFP 2023...
2026-04-27 23:08:30,087 [INFO] pipeline.cvm:   DFP dre 2023: 82 linhas
2026-04-27 23:08:30,742 [INFO] pipeline.cvm:   DFP bpa 2023: 82 linhas
2026-04-27 23:08:31,931 [INFO] pipeline.cvm:   DFP bpp 2023: 86 linhas
2026-04-27 23:08:32,709 [INFO] pipeline.cvm:   DFP dfc_mi 2023: 96 linhas
2026-04-27 23:08:32,768 [WARNING] pipeline.cvm:   Empresa 906 não encontrada em dfc_md 2023
2026-04-27 23:08:32,773 [INFO] pipeline.cvm: 
==================================================
2026-04-27 23:08:32,773 [INFO] pipeline.cvm: Baixando DFP 2024...
2026-04-27 23:08:33,133 [INFO] pipeline.cvm:   DFP dre 2024: 82 linhas
2026-04-27 23:08:33,863 [INFO] pipeline.cvm:   DFP bpa 2024: 82 linhas
2026-04-27 23:08:34,837 [INFO] pipeline.cvm:   DFP bpp 2024: 86 linhas
2026-04-27 23:08:35,326 [INFO] pipeline.cvm:   DFP dfc_mi 2024: 96 linhas
2026-04-27 23:08:35,360 [WARNING] pipeline.cvm:   Empresa 906 não encontrada em dfc_md 2024
2026-04-27 23:08:35,361 [INFO] pipeline.cvm: 
==================================================
2026-04-27 23:08:35,361 [INFO] pipeline.cvm: Baixando DFP 2025...
2026-04-27 23:08:35,628 [INFO] pipeline.cvm:   DFP dre 2025: 82 linhas
2026-04-27 23:08:36,113 [INFO] pipeline.cvm:   DFP bpa 2025: 82 linhas
2026-04-27 23:08:36,905 [INFO] pipeline.cvm:   DFP bpp 2025: 86 linhas
2026-04-27 23:08:37,344 [INFO] pipeline.cvm:   DFP dfc_mi 2025: 96 linhas
2026-04-27 23:08:37,374 [WARNING] pipeline.cvm:   Empresa 906 não encontrada em dfc_md 2025
2026-04-27 23:08:37,375 [INFO] pipeline:   Anos ajustados → Histórico: 2019-2025 | Projeção: 2026-2035
2026-04-27 23:08:37,375 [INFO] pipeline: 
[4/6] Normalizando dados...
2026-04-27 23:08:39,740 [INFO] pipeline:   DFC normalizada: 11 linhas
2026-04-27 23:08:39,746 [INFO] pipeline:   DRE normalizada:
2026-04-27 23:08:39,746 [INFO] pipeline:     receita_liquida: 2019: 124,306 | 2020: 98,429 | 2021: 125,443 | 2022: 205,913 | 2023: 224,458 | 2024: 213,220 | 2025: 270,183
2026-04-27 23:08:39,746 [INFO] pipeline:     ebit: 2019: 13,381 | 2020: 4,075 | 2021: 32,852 | 2022: 24,210 | 2023: 10,208 | 2024: 16,901 | 2025: 21,025
2026-04-27 23:08:39,746 [INFO] pipeline:     lucro_liquido: 2019: 21,173 | 2020: 15,837 | 2021: 23,172 | 2022: 20,984 | 2023: 14,251 | 2024: 17,253 | 2025: 23,673
2026-04-27 23:08:39,746 [INFO] pipeline: 
[5/6] Calculando projeções...
2026-04-27 23:08:39,749 [INFO] pipeline.projecoes: 
=== Projeções (não-financeira / FCFF) ===
2026-04-27 23:08:39,752 [INFO] pipeline.projecoes:   Margem EBITDA: 52.1% → 6.0% (conv 6a)
2026-04-27 23:08:39,753 [INFO] pipeline.projecoes:   D&A/Receita: 20.0%
2026-04-27 23:08:39,755 [INFO] pipeline.projecoes:   CAPEX/Receita: 0.3% → 3.0%
2026-04-27 23:08:39,757 [INFO] pipeline.projecoes:   NCG/Receita: 0.0% → 10.0%
2026-04-27 23:08:39,759 [INFO] pipeline.projecoes:   Alíquota efetiva: 34.0%
2026-04-27 23:08:39,759 [INFO] pipeline.projecoes: Projeções concluídas (FCFF). Resumo:
2026-04-27 23:08:39,759 [INFO] pipeline.projecoes:    Ano      Receita     EBITDA    Mg%      NOPAT       FCFF
2026-04-27 23:08:39,760 [INFO] pipeline.projecoes:   2026      290,447    129,122  44.5%     46,881     96,751
2026-04-27 23:08:39,760 [INFO] pipeline.projecoes:   2027      310,778    114,258  36.8%     34,387     85,655
2026-04-27 23:08:39,760 [INFO] pipeline.projecoes:   2028      330,979     96,228  29.1%     19,821     72,251
2026-04-27 23:08:39,760 [INFO] pipeline.projecoes:   2029      350,837     75,018  21.4%      3,201     56,539
2026-04-27 23:08:39,760 [INFO] pipeline.projecoes:   2030      370,133     50,676  13.7%    -15,412     38,565
2026-04-27 23:08:39,760 [INFO] pipeline.valuation:   Estrutura de capital: E=20% | D=80%
2026-04-27 23:08:39,760 [INFO] pipeline: 
[6/6] Calculando valuation (FCFF / WACC)...
2026-04-27 23:08:39,761 [WARNING] pipeline.valuation: TIR > 150% — valor intrínseco muito acima do preço de mercado
2026-04-27 23:08:39,761 [WARNING] pipeline.valuation: TIR > 150% — valor intrínseco muito acima do preço de mercado
2026-04-27 23:08:39,761 [INFO] pipeline.valuation: 
==================================================
2026-04-27 23:08:39,761 [INFO] pipeline.valuation: VALUATION FCFF/WACC — BHIA3
2026-04-27 23:08:39,761 [INFO] pipeline.valuation:   VP FCFF (10a):     R$      354,912 MM
2026-04-27 23:08:39,761 [INFO] pipeline.valuation:   Valor Perp. (VP):  R$      211,229 MM
2026-04-27 23:08:39,761 [INFO] pipeline.valuation:   ENTERPRISE VALUE:  R$      566,141 MM
2026-04-27 23:08:39,761 [INFO] pipeline.valuation:   (-) Dívida Líq.:   R$      534,446 MM
2026-04-27 23:08:39,762 [INFO] pipeline.valuation:   VALOR DO EQUITY:   R$       31,695 MM
2026-04-27 23:08:39,762 [INFO] pipeline.valuation:   Preço Justo ON:    R$    32.48
2026-04-27 23:08:39,762 [INFO] pipeline.valuation:   Preço Justo PN:    R$    32.48
2026-04-27 23:08:39,762 [INFO] pipeline.valuation:   Cotação ON:        R$     2.70
2026-04-27 23:08:39,762 [INFO] pipeline.valuation:   Upside ON:             1103.0%
2026-04-27 23:08:39,762 [INFO] pipeline.valuation:   TIR (ON):               150.0%
2026-04-27 23:08:39,762 [INFO] pipeline.valuation:   WACC último ano:         12.0%
2026-04-27 23:08:39,765 [INFO] pipeline:   Sem template VAROS para BHIA3 — Excel será criado do zero
2026-04-27 23:08:39,765 [INFO] pipeline.excel_geral: 
============================================================
2026-04-27 23:08:39,765 [INFO] pipeline.excel_geral: Criando Excel completo (12 abas) para: Casas Bahia (BHIA3)
2026-04-27 23:08:39,767 [INFO] pipeline.excel_geral:   → 1/12  Dashboard
2026-04-27 23:08:39,781 [INFO] pipeline.excel_geral:   → 2/12  WACC
2026-04-27 23:08:39,842 [INFO] pipeline.excel_geral:   → 3/12  TIR ON
2026-04-27 23:08:39,858 [INFO] pipeline.excel_geral:   → 4/12  TIR PN
2026-04-27 23:08:39,872 [INFO] pipeline.excel_geral:   → 5/12  Valor do Equity
2026-04-27 23:08:39,879 [INFO] pipeline.excel_geral:   → 6/12  Preço Teto
2026-04-27 23:08:39,887 [INFO] pipeline.excel_geral:   → 7/12  DRE + DCF
2026-04-27 23:08:40,046 [INFO] pipeline.excel_geral:   → 8/12  DRE Contas Abertas
2026-04-27 23:08:40,126 [INFO] pipeline.excel_geral:   → 9/12  Balanço Patrimonial
2026-04-27 23:08:40,225 [INFO] pipeline.excel_geral:   → 10/12 Painel de Índices
2026-04-27 23:08:40,310 [INFO] pipeline.excel_geral:   → 11/12 Projeções Premissas
2026-04-27 23:08:40,336 [INFO] pipeline.excel_geral:   → 12/12 Projeções Capex e CG
2026-04-27 23:08:40,447 [INFO] pipeline.excel_geral: 
Arquivo salvo: C:\Users\55819\OneDrive - EPEJUD\DIEGO\OBSIDIAN\Analista de Investimentos\12_PYTHON\pipeline banco completo\outputs\Valuation_BHIA3_Casas Bahia_20260427.xlsx
2026-04-27 23:08:40,448 [INFO] pipeline: 
======================================================================
2026-04-27 23:08:40,448 [INFO] pipeline: RESUMO DO VALUATION (FCFF/WACC)
2026-04-27 23:08:40,448 [INFO] pipeline: ======================================================================
2026-04-27 23:08:40,448 [INFO] pipeline:   Empresa:           Casas Bahia (BHIA3)
2026-04-27 23:08:40,448 [INFO] pipeline:   Enterprise Value:  R$      566,141 MM
2026-04-27 23:08:40,448 [INFO] pipeline:   Cotação ON:        R$ 2.70
2026-04-27 23:08:40,448 [INFO] pipeline:   Preço Justo ON:    R$ 32.48
2026-04-27 23:08:40,448 [INFO] pipeline:   Upside ON:            1103.0%
2026-04-27 23:08:40,448 [INFO] pipeline:   TIR:                  150.0%
2026-04-27 23:08:40,448 [INFO] pipeline:   Preço Teto ON:     R$ 32.48
2026-04-27 23:08:40,448 [INFO] pipeline: 
  Arquivo gerado:    C:\Users\55819\OneDrive - EPEJUD\DIEGO\OBSIDIAN\Analista de Investimentos\12_PYTHON\pipeline banco completo\outputs\Valuation_BHIA3_Casas Bahia_20260427.xlsx
2026-04-27 23:08:40,448 [INFO] pipeline: ======================================================================
2026-04-27 23:08:40,452 [INFO] pipeline: ✓ BHIA3: arquivo gerado → C:\Users\55819\OneDrive - EPEJUD\DIEGO\OBSIDIAN\Analista de Investimentos\12_PYTHON\pipeline banco completo\outputs\Valuation_BHIA3_Casas Bahia_20260427.xlsx
2026-04-27 23:08:40,452 [INFO] pipeline: 
──────────────────────────────────────────────────────────────────────
2026-04-27 23:08:40,452 [INFO] pipeline: Processando: ASAI3 (Assaí Atacadista)
2026-04-27 23:08:40,453 [INFO] pipeline: ──────────────────────────────────────────────────────────────────────
2026-04-27 23:08:40,453 [INFO] pipeline: ======================================================================
2026-04-27 23:08:40,453 [INFO] pipeline: PIPELINE DE VALUATION [CONSUMO_VAREJO] — ASAI3 — Assaí Atacadista
2026-04-27 23:08:40,453 [INFO] pipeline: Início: 2026-04-27 23:08:40
2026-04-27 23:08:40,453 [INFO] pipeline:   Setor: consumo_varejo | Motor: WACC
2026-04-27 23:08:40,453 [INFO] pipeline: ======================================================================
2026-04-27 23:08:40,453 [INFO] pipeline: 
[1/6] Coletando dados de mercado...
2026-04-27 23:08:40,453 [INFO] pipeline:   Buscando cotação via yfinance...
2026-04-27 23:08:40,454 [INFO] pipeline.mercado: Buscando cotação atual: ASAI3.SA
2026-04-27 23:08:41,084 [INFO] pipeline:   Cotação ON: R$ 9.58  |  Cotação PN: R$ 0.00
2026-04-27 23:08:41,214 [INFO] pipeline.mercado: Calculando beta: ASAI3 (252 dias úteis)
2026-04-27 23:08:41,233 [INFO] pipeline.mercado:   Beta estatístico: 1.7131 | R²: 0.355 | n=251
2026-04-27 23:08:41,237 [INFO] pipeline:   Beta estatístico: 1.713 | Beta utilizado: 0.850
2026-04-27 23:08:41,237 [INFO] pipeline: 
[2/6] Coletando dados macroeconômicos (BCB)...
2026-04-27 23:08:41,534 [WARNING] pipeline.macro: Não foi possível obter Focus Selic: 400 Client Error: Bad Request for url: https://olinda.bcb.gov.br/olinda/servico/Expectativas/versao/v1/odata/ExpectativasMercadoAnuais?%24filter=Indicador%20eq%20'Selic'&%24top=100&%24format=json&%24select=Indicador,Data,Ano,Mediana
2026-04-27 23:08:41,809 [WARNING] pipeline.macro: Não foi possível obter Focus IPCA: 400 Client Error: Bad Request for url: https://olinda.bcb.gov.br/olinda/servico/Expectativas/versao/v1/odata/ExpectativasMercadoAnuais?%24filter=Indicador%20eq%20'IPCA'&%24top=100&%24format=json&%24select=Indicador,Data,Ano,Mediana
2026-04-27 23:08:41,811 [INFO] pipeline.macro: 
=== Coletando dados macroeconômicos ===
2026-04-27 23:08:41,811 [INFO] pipeline.macro: Baixando série BCB 432...
2026-04-27 23:08:42,117 [ERROR] pipeline.macro: Erro ao baixar série BCB 432: 406 Client Error: Not Acceptable for url: https://api.bcb.gov.br/dados/serie/bcdata.sgs.432/dados?formato=json&dataInicial=01%2F01%2F2010&dataFinal=27%2F04%2F2026
2026-04-27 23:08:42,118 [WARNING] pipeline.macro: Série Selic meta sem DatetimeIndex — usando fallback histórico
2026-04-27 23:08:42,118 [INFO] pipeline.macro: Baixando série BCB 12...
2026-04-27 23:08:42,215 [ERROR] pipeline.macro: Erro ao baixar série BCB 12: 406 Client Error: Not Acceptable for url: https://api.bcb.gov.br/dados/serie/bcdata.sgs.12/dados?formato=json&dataInicial=01%2F01%2F2010&dataFinal=27%2F04%2F2026
2026-04-27 23:08:42,215 [WARNING] pipeline.macro: Série DI sem DatetimeIndex — usando fallback histórico
2026-04-27 23:08:42,218 [WARNING] pipeline.macro: IPCA calculado fora do intervalo plausível (55.3%) para 2019 — usando fallback
2026-04-27 23:08:42,218 [WARNING] pipeline.macro: IPCA calculado fora do intervalo plausível (46.1%) para 2020 — usando fallback
2026-04-27 23:08:42,219 [WARNING] pipeline.macro: IPCA calculado fora do intervalo plausível (159.3%) para 2021 — usando fallback
2026-04-27 23:08:42,219 [WARNING] pipeline.macro: IPCA calculado fora do intervalo plausível (191.2%) para 2022 — usando fallback
2026-04-27 23:08:42,219 [WARNING] pipeline.macro: IPCA calculado fora do intervalo plausível (71.5%) para 2023 — usando fallback
2026-04-27 23:08:42,220 [WARNING] pipeline.macro: IPCA calculado fora do intervalo plausível (67.0%) para 2024 — usando fallback
2026-04-27 23:08:42,221 [INFO] pipeline.macro: Baixando série BCB 258...
2026-04-27 23:08:42,326 [ERROR] pipeline.macro: Erro ao baixar série BCB 258: 406 Client Error: Not Acceptable for url: https://api.bcb.gov.br/dados/serie/bcdata.sgs.258/dados?formato=json&dataInicial=01%2F01%2F2010&dataFinal=27%2F04%2F2026
2026-04-27 23:08:42,327 [WARNING] pipeline.macro: Série TJLP sem DatetimeIndex — usando fallback histórico
2026-04-27 23:08:42,336 [WARNING] pipeline.macro: IPCA calculado fora do intervalo plausível (55.3%) para 2019 — usando fallback
2026-04-27 23:08:42,336 [WARNING] pipeline.macro: IPCA calculado fora do intervalo plausível (46.1%) para 2020 — usando fallback
2026-04-27 23:08:42,336 [WARNING] pipeline.macro: IPCA calculado fora do intervalo plausível (159.3%) para 2021 — usando fallback
2026-04-27 23:08:42,337 [WARNING] pipeline.macro: IPCA calculado fora do intervalo plausível (191.2%) para 2022 — usando fallback
2026-04-27 23:08:42,337 [WARNING] pipeline.macro: IPCA calculado fora do intervalo plausível (71.5%) para 2023 — usando fallback
2026-04-27 23:08:42,337 [WARNING] pipeline.macro: IPCA calculado fora do intervalo plausível (67.0%) para 2024 — usando fallback
2026-04-27 23:08:42,337 [INFO] pipeline.macro: 
RESUMO MACRO HISTÓRICO:
2026-04-27 23:08:42,337 [INFO] pipeline.macro:   selic_meta     : 2020: 2.00% | 2021: 9.25% | 2022: 13.75% | 2023: 11.75% | 2024: 11.75%
2026-04-27 23:08:42,337 [INFO] pipeline.macro:   selic_efet     : 2020: 2.28% | 2021: 4.48% | 2022: 12.33% | 2023: 13.15% | 2024: 10.73%
2026-04-27 23:08:42,338 [INFO] pipeline.macro:   ipca           : 2020: 4.52% | 2021: 10.06% | 2022: 5.62% | 2023: 4.62% | 2024: 4.83%
2026-04-27 23:08:42,338 [INFO] pipeline.macro:   tjlp           : 2020: 5.25% | 2021: 5.25% | 2022: 6.25% | 2023: 7.00% | 2024: 7.00%
2026-04-27 23:08:42,338 [INFO] pipeline.macro:   cds            : 2020: 0.44% | 2021: 0.73% | 2022: 1.26% | 2023: 0.84% | 2024: 0.81%
2026-04-27 23:08:42,338 [INFO] pipeline.macro:   inflacao_impl  : 2020: 4.52% | 2021: 10.06% | 2022: 5.62% | 2023: 4.62% | 2024: 4.83%
2026-04-27 23:08:42,338 [INFO] pipeline: 
[3/6] Baixando demonstrações financeiras (CVM)...
2026-04-27 23:08:42,339 [INFO] pipeline.cvm: 
==================================================
2026-04-27 23:08:42,339 [INFO] pipeline.cvm: Baixando DFP 2019...
2026-04-27 23:08:42,562 [WARNING] pipeline.cvm:   Empresa 23434 não encontrada em dre 2019
2026-04-27 23:08:42,928 [WARNING] pipeline.cvm:   Empresa 23434 não encontrada em bpa 2019
2026-04-27 23:08:43,579 [WARNING] pipeline.cvm:   Empresa 23434 não encontrada em bpp 2019
2026-04-27 23:08:43,919 [WARNING] pipeline.cvm:   Empresa 23434 não encontrada em dfc_mi 2019
2026-04-27 23:08:43,940 [WARNING] pipeline.cvm:   Empresa 23434 não encontrada em dfc_md 2019
2026-04-27 23:08:43,940 [INFO] pipeline.cvm: 
==================================================
2026-04-27 23:08:43,941 [INFO] pipeline.cvm: Baixando DFP 2020...
2026-04-27 23:08:44,191 [WARNING] pipeline.cvm:   Empresa 23434 não encontrada em dre 2020
2026-04-27 23:08:44,598 [WARNING] pipeline.cvm:   Empresa 23434 não encontrada em bpa 2020
2026-04-27 23:08:45,327 [WARNING] pipeline.cvm:   Empresa 23434 não encontrada em bpp 2020
2026-04-27 23:08:45,785 [WARNING] pipeline.cvm:   Empresa 23434 não encontrada em dfc_mi 2020
2026-04-27 23:08:45,809 [WARNING] pipeline.cvm:   Empresa 23434 não encontrada em dfc_md 2020
2026-04-27 23:08:45,809 [INFO] pipeline.cvm: 
==================================================
2026-04-27 23:08:45,810 [INFO] pipeline.cvm: Baixando DFP 2021...
2026-04-27 23:08:46,055 [WARNING] pipeline.cvm:   Empresa 23434 não encontrada em dre 2021
2026-04-27 23:08:46,490 [WARNING] pipeline.cvm:   Empresa 23434 não encontrada em bpa 2021
2026-04-27 23:08:47,267 [WARNING] pipeline.cvm:   Empresa 23434 não encontrada em bpp 2021
2026-04-27 23:08:47,675 [WARNING] pipeline.cvm:   Empresa 23434 não encontrada em dfc_mi 2021
2026-04-27 23:08:47,702 [WARNING] pipeline.cvm:   Empresa 23434 não encontrada em dfc_md 2021
2026-04-27 23:08:47,703 [INFO] pipeline.cvm: 
==================================================
2026-04-27 23:08:47,703 [INFO] pipeline.cvm: Baixando DFP 2022...
2026-04-27 23:08:47,954 [WARNING] pipeline.cvm:   Empresa 23434 não encontrada em dre 2022
2026-04-27 23:08:48,421 [WARNING] pipeline.cvm:   Empresa 23434 não encontrada em bpa 2022
2026-04-27 23:08:49,284 [WARNING] pipeline.cvm:   Empresa 23434 não encontrada em bpp 2022
2026-04-27 23:08:49,716 [WARNING] pipeline.cvm:   Empresa 23434 não encontrada em dfc_mi 2022
2026-04-27 23:08:49,751 [WARNING] pipeline.cvm:   Empresa 23434 não encontrada em dfc_md 2022
2026-04-27 23:08:49,751 [INFO] pipeline.cvm: 
==================================================
2026-04-27 23:08:49,752 [INFO] pipeline.cvm: Baixando DFP 2023...
2026-04-27 23:08:50,009 [WARNING] pipeline.cvm:   Empresa 23434 não encontrada em dre 2023
2026-04-27 23:08:50,515 [WARNING] pipeline.cvm:   Empresa 23434 não encontrada em bpa 2023
2026-04-27 23:08:51,420 [WARNING] pipeline.cvm:   Empresa 23434 não encontrada em bpp 2023
2026-04-27 23:08:51,863 [WARNING] pipeline.cvm:   Empresa 23434 não encontrada em dfc_mi 2023
2026-04-27 23:08:51,900 [WARNING] pipeline.cvm:   Empresa 23434 não encontrada em dfc_md 2023
2026-04-27 23:08:51,900 [INFO] pipeline.cvm: 
==================================================
2026-04-27 23:08:51,900 [INFO] pipeline.cvm: Baixando DFP 2024...
2026-04-27 23:08:52,145 [WARNING] pipeline.cvm:   Empresa 23434 não encontrada em dre 2024
2026-04-27 23:08:52,628 [WARNING] pipeline.cvm:   Empresa 23434 não encontrada em bpa 2024
2026-04-27 23:08:53,466 [WARNING] pipeline.cvm:   Empresa 23434 não encontrada em bpp 2024
2026-04-27 23:08:53,900 [WARNING] pipeline.cvm:   Empresa 23434 não encontrada em dfc_mi 2024
2026-04-27 23:08:53,928 [WARNING] pipeline.cvm:   Empresa 23434 não encontrada em dfc_md 2024
2026-04-27 23:08:53,929 [INFO] pipeline.cvm: 
==================================================
2026-04-27 23:08:53,929 [INFO] pipeline.cvm: Baixando DFP 2025...
2026-04-27 23:08:54,156 [WARNING] pipeline.cvm:   Empresa 23434 não encontrada em dre 2025
2026-04-27 23:08:54,559 [WARNING] pipeline.cvm:   Empresa 23434 não encontrada em bpa 2025
2026-04-27 23:08:55,287 [WARNING] pipeline.cvm:   Empresa 23434 não encontrada em bpp 2025
2026-04-27 23:08:55,684 [WARNING] pipeline.cvm:   Empresa 23434 não encontrada em dfc_mi 2025
2026-04-27 23:08:55,712 [WARNING] pipeline.cvm:   Empresa 23434 não encontrada em dfc_md 2025
2026-04-27 23:08:55,712 [INFO] pipeline:   DFP 2019 indisponível — tentando anualizar via ITR...
2026-04-27 23:08:55,713 [INFO] pipeline.cvm: 
==================================================
2026-04-27 23:08:55,713 [INFO] pipeline.cvm: Tentando anualizar 2019 via ITR (LTM)...
2026-04-27 23:09:00,622 [WARNING] pipeline.cvm:   ITR 2019 não disponível — não é possível anualizar
2026-04-27 23:09:00,622 [WARNING] pipeline:   DFP 2019 e ITR indisponíveis — removido do histórico
2026-04-27 23:09:00,622 [INFO] pipeline:   DFP 2020 indisponível — tentando anualizar via ITR...
2026-04-27 23:09:00,622 [INFO] pipeline.cvm: 
==================================================
2026-04-27 23:09:00,622 [INFO] pipeline.cvm: Tentando anualizar 2020 via ITR (LTM)...
2026-04-27 23:09:07,430 [WARNING] pipeline.cvm:   ITR 2020 não disponível — não é possível anualizar
2026-04-27 23:09:07,431 [WARNING] pipeline:   DFP 2020 e ITR indisponíveis — removido do histórico
2026-04-27 23:09:07,431 [INFO] pipeline:   DFP 2021 indisponível — tentando anualizar via ITR...
2026-04-27 23:09:07,431 [INFO] pipeline.cvm: 
==================================================
2026-04-27 23:09:07,431 [INFO] pipeline.cvm: Tentando anualizar 2021 via ITR (LTM)...
2026-04-27 23:09:14,885 [WARNING] pipeline.cvm:   ITR 2021 não disponível — não é possível anualizar
2026-04-27 23:09:14,885 [WARNING] pipeline:   DFP 2021 e ITR indisponíveis — removido do histórico
2026-04-27 23:09:14,885 [INFO] pipeline:   DFP 2022 indisponível — tentando anualizar via ITR...
2026-04-27 23:09:14,886 [INFO] pipeline.cvm: 
==================================================
2026-04-27 23:09:14,886 [INFO] pipeline.cvm: Tentando anualizar 2022 via ITR (LTM)...
2026-04-27 23:09:21,497 [WARNING] pipeline.cvm:   ITR 2022 não disponível — não é possível anualizar
2026-04-27 23:09:21,497 [WARNING] pipeline:   DFP 2022 e ITR indisponíveis — removido do histórico
2026-04-27 23:09:21,497 [INFO] pipeline:   DFP 2023 indisponível — tentando anualizar via ITR...
2026-04-27 23:09:21,497 [INFO] pipeline.cvm: 
==================================================
2026-04-27 23:09:21,498 [INFO] pipeline.cvm: Tentando anualizar 2023 via ITR (LTM)...
2026-04-27 23:09:27,890 [WARNING] pipeline.cvm:   ITR 2023 não disponível — não é possível anualizar
2026-04-27 23:09:27,890 [WARNING] pipeline:   DFP 2023 e ITR indisponíveis — removido do histórico
2026-04-27 23:09:27,890 [INFO] pipeline:   DFP 2024 indisponível — tentando anualizar via ITR...
2026-04-27 23:09:27,890 [INFO] pipeline.cvm: 
==================================================
2026-04-27 23:09:27,890 [INFO] pipeline.cvm: Tentando anualizar 2024 via ITR (LTM)...
2026-04-27 23:09:34,378 [WARNING] pipeline.cvm:   ITR 2024 não disponível — não é possível anualizar
2026-04-27 23:09:34,379 [WARNING] pipeline:   DFP 2024 e ITR indisponíveis — removido do histórico
2026-04-27 23:09:34,379 [INFO] pipeline:   DFP 2025 indisponível — tentando anualizar via ITR...
2026-04-27 23:09:34,379 [INFO] pipeline.cvm: 
==================================================
2026-04-27 23:09:34,379 [INFO] pipeline.cvm: Tentando anualizar 2025 via ITR (LTM)...
2026-04-27 23:09:40,843 [WARNING] pipeline.cvm:   ITR 2025 não disponível — não é possível anualizar
2026-04-27 23:09:40,843 [WARNING] pipeline:   DFP 2025 e ITR indisponíveis — removido do histórico
2026-04-27 23:09:40,843 [WARNING] pipeline:   Nenhum ano com dados históricos — continuando sem histórico CVM
2026-04-27 23:09:40,843 [INFO] pipeline: 
[4/6] Normalizando dados...
2026-04-27 23:09:40,847 [INFO] pipeline:   DRE normalizada:
2026-04-27 23:09:40,848 [INFO] pipeline: 
[5/6] Calculando projeções...
2026-04-27 23:09:40,849 [INFO] pipeline.projecoes: 
=== Projeções (não-financeira / FCFF) ===
2026-04-27 23:09:40,850 [INFO] pipeline.projecoes:   Margem EBITDA: 8.0% → 8.0% (conv 6a)
2026-04-27 23:09:40,850 [INFO] pipeline.projecoes:   D&A/Receita: 5.0%
2026-04-27 23:09:40,851 [INFO] pipeline.projecoes:   CAPEX/Receita: 6.0% → 6.0%
2026-04-27 23:09:40,852 [INFO] pipeline.projecoes:   NCG/Receita: 4.0% → 4.0%
2026-04-27 23:09:40,854 [INFO] pipeline.projecoes:   Alíquota efetiva: 34.0%
2026-04-27 23:09:40,854 [INFO] pipeline.projecoes: Projeções concluídas (FCFF). Resumo:
2026-04-27 23:09:40,855 [INFO] pipeline.projecoes:    Ano      Receita     EBITDA    Mg%      NOPAT       FCFF
2026-04-27 23:09:40,855 [INFO] pipeline.projecoes:   2025            0          0   8.0%          0          0
2026-04-27 23:09:40,855 [INFO] pipeline.projecoes:   2026            0          0   8.0%          0          0
2026-04-27 23:09:40,855 [INFO] pipeline.projecoes:   2027            0          0   8.0%          0          0
2026-04-27 23:09:40,855 [INFO] pipeline.projecoes:   2028            0          0   8.0%          0          0
2026-04-27 23:09:40,855 [INFO] pipeline.projecoes:   2029            0          0   8.0%          0          0
2026-04-27 23:09:40,855 [INFO] pipeline.valuation:   Estrutura de capital: E=95% | D=5%
2026-04-27 23:09:40,855 [INFO] pipeline: 
[6/6] Calculando valuation (FCFF / WACC)...
2026-04-27 23:09:40,855 [WARNING] pipeline.valuation: TIR < g (5.5%) — cotação acima do valor intrínseco (DCF)
2026-04-27 23:09:40,856 [WARNING] pipeline.valuation: TIR < g (5.5%) — cotação acima do valor intrínseco (DCF)
2026-04-27 23:09:40,856 [INFO] pipeline.valuation: 
==================================================
2026-04-27 23:09:40,856 [INFO] pipeline.valuation: VALUATION FCFF/WACC — ASAI3
2026-04-27 23:09:40,856 [INFO] pipeline.valuation:   VP FCFF (10a):     R$            0 MM
2026-04-27 23:09:40,856 [INFO] pipeline.valuation:   Valor Perp. (VP):  R$            0 MM
2026-04-27 23:09:40,856 [INFO] pipeline.valuation:   ENTERPRISE VALUE:  R$            0 MM
2026-04-27 23:09:40,856 [INFO] pipeline.valuation:   (-) Dívida Líq.:   R$            0 MM
2026-04-27 23:09:40,856 [INFO] pipeline.valuation:   VALOR DO EQUITY:   R$            0 MM
2026-04-27 23:09:40,856 [INFO] pipeline.valuation:   Preço Justo ON:    R$     0.00
2026-04-27 23:09:40,856 [INFO] pipeline.valuation:   Preço Justo PN:    R$     0.00
2026-04-27 23:09:40,856 [INFO] pipeline.valuation:   Cotação ON:        R$     9.58
2026-04-27 23:09:40,856 [INFO] pipeline.valuation:   Upside ON:             -100.0%
2026-04-27 23:09:40,856 [INFO] pipeline.valuation:   TIR (ON):                 6.0%
2026-04-27 23:09:40,856 [INFO] pipeline.valuation:   WACC último ano:          9.8%
2026-04-27 23:09:40,856 [WARNING] pipeline: 
[!] AVISOS DE VALIDACAO:
2026-04-27 23:09:40,857 [WARNING] pipeline:   - DRE histórica vazia — planilha terá apenas projeções
2026-04-27 23:09:40,857 [WARNING] pipeline:   - FCFF projetado é zero em todos os anos — verificar dados históricos
2026-04-27 23:09:40,857 [WARNING] pipeline:   - Valor do Equity negativo ou zero: R$ 0 MM
2026-04-27 23:09:40,857 [WARNING] pipeline:   - Preço Justo ON inválido (≤ 0)
2026-04-27 23:09:40,860 [INFO] pipeline:   Sem template VAROS para ASAI3 — Excel será criado do zero
2026-04-27 23:09:40,861 [INFO] pipeline.excel_geral: 
============================================================
2026-04-27 23:09:40,861 [INFO] pipeline.excel_geral: Criando Excel completo (12 abas) para: Assaí Atacadista (ASAI3)
2026-04-27 23:09:40,862 [INFO] pipeline.excel_geral:   → 1/12  Dashboard
2026-04-27 23:09:40,878 [INFO] pipeline.excel_geral:   → 2/12  WACC
2026-04-27 23:09:40,950 [INFO] pipeline.excel_geral:   → 3/12  TIR ON
2026-04-27 23:09:40,975 [INFO] pipeline.excel_geral:   → 4/12  TIR PN
2026-04-27 23:09:40,990 [INFO] pipeline.excel_geral:   → 5/12  Valor do Equity
2026-04-27 23:09:41,001 [INFO] pipeline.excel_geral:   → 6/12  Preço Teto
2026-04-27 23:09:41,016 [INFO] pipeline.excel_geral:   → 7/12  DRE + DCF
2026-04-27 23:09:41,091 [INFO] pipeline.excel_geral:   → 8/12  DRE Contas Abertas
2026-04-27 23:09:41,122 [INFO] pipeline.excel_geral:   → 9/12  Balanço Patrimonial
2026-04-27 23:09:41,131 [INFO] pipeline.excel_geral:   → 10/12 Painel de Índices
2026-04-27 23:09:41,142 [INFO] pipeline.excel_geral:   → 11/12 Projeções Premissas
2026-04-27 23:09:41,169 [INFO] pipeline.excel_geral:   → 12/12 Projeções Capex e CG
2026-04-27 23:09:41,281 [INFO] pipeline.excel_geral: 
Arquivo salvo: C:\Users\55819\OneDrive - EPEJUD\DIEGO\OBSIDIAN\Analista de Investimentos\12_PYTHON\pipeline banco completo\outputs\Valuation_ASAI3_Assaí Atacadista_20260427.xlsx
2026-04-27 23:09:41,281 [INFO] pipeline: 
======================================================================
2026-04-27 23:09:41,282 [INFO] pipeline: RESUMO DO VALUATION (FCFF/WACC)
2026-04-27 23:09:41,282 [INFO] pipeline: ======================================================================
2026-04-27 23:09:41,282 [INFO] pipeline:   Empresa:           Assaí Atacadista (ASAI3)
2026-04-27 23:09:41,282 [INFO] pipeline:   Enterprise Value:  R$            0 MM
2026-04-27 23:09:41,282 [INFO] pipeline:   Cotação ON:        R$ 9.58
2026-04-27 23:09:41,282 [INFO] pipeline:   Preço Justo ON:    R$ 0.00
2026-04-27 23:09:41,283 [INFO] pipeline:   Upside ON:            -100.0%
2026-04-27 23:09:41,283 [INFO] pipeline:   TIR:                  6.0%
2026-04-27 23:09:41,283 [INFO] pipeline:   Preço Teto ON:     R$ 0.00
2026-04-27 23:09:41,283 [INFO] pipeline: 
  [!] 4 aviso(s) de validacao — verifique os logs
2026-04-27 23:09:41,283 [INFO] pipeline: 
  Arquivo gerado:    C:\Users\55819\OneDrive - EPEJUD\DIEGO\OBSIDIAN\Analista de Investimentos\12_PYTHON\pipeline banco completo\outputs\Valuation_ASAI3_Assaí Atacadista_20260427.xlsx
2026-04-27 23:09:41,283 [INFO] pipeline: ======================================================================
2026-04-27 23:09:41,285 [INFO] pipeline: ✓ ASAI3: arquivo gerado → C:\Users\55819\OneDrive - EPEJUD\DIEGO\OBSIDIAN\Analista de Investimentos\12_PYTHON\pipeline banco completo\outputs\Valuation_ASAI3_Assaí Atacadista_20260427.xlsx
2026-04-27 23:09:41,286 [INFO] pipeline: 
──────────────────────────────────────────────────────────────────────
2026-04-27 23:09:41,286 [INFO] pipeline: Processando: PCAR3 (GPA (Pão de Açúcar))
2026-04-27 23:09:41,286 [INFO] pipeline: ──────────────────────────────────────────────────────────────────────
2026-04-27 23:09:41,286 [INFO] pipeline: ======================================================================
2026-04-27 23:09:41,286 [INFO] pipeline: PIPELINE DE VALUATION [CONSUMO_VAREJO] — PCAR3 — GPA (Pão de Açúcar)
2026-04-27 23:09:41,287 [INFO] pipeline: Início: 2026-04-27 23:09:41
2026-04-27 23:09:41,287 [INFO] pipeline:   Setor: consumo_varejo | Motor: WACC
2026-04-27 23:09:41,287 [INFO] pipeline: ======================================================================
2026-04-27 23:09:41,287 [INFO] pipeline: 
[1/6] Coletando dados de mercado...
2026-04-27 23:09:41,287 [INFO] pipeline:   Buscando cotação via yfinance...
2026-04-27 23:09:41,288 [INFO] pipeline.mercado: Buscando cotação atual: PCAR3.SA
2026-04-27 23:09:41,934 [INFO] pipeline:   Cotação ON: R$ 2.34  |  Cotação PN: R$ 0.00
2026-04-27 23:09:42,064 [INFO] pipeline.mercado: Calculando beta: PCAR3 (252 dias úteis)
2026-04-27 23:09:42,076 [INFO] pipeline.mercado:   Beta estatístico: 1.1574 | R²: 0.084 | n=251
2026-04-27 23:09:42,079 [INFO] pipeline:   Beta estatístico: 1.157 | Beta utilizado: 0.850
2026-04-27 23:09:42,079 [INFO] pipeline: 
[2/6] Coletando dados macroeconômicos (BCB)...
2026-04-27 23:09:42,410 [WARNING] pipeline.macro: Não foi possível obter Focus Selic: 400 Client Error: Bad Request for url: https://olinda.bcb.gov.br/olinda/servico/Expectativas/versao/v1/odata/ExpectativasMercadoAnuais?%24filter=Indicador%20eq%20'Selic'&%24top=100&%24format=json&%24select=Indicador,Data,Ano,Mediana
2026-04-27 23:09:42,686 [WARNING] pipeline.macro: Não foi possível obter Focus IPCA: 400 Client Error: Bad Request for url: https://olinda.bcb.gov.br/olinda/servico/Expectativas/versao/v1/odata/ExpectativasMercadoAnuais?%24filter=Indicador%20eq%20'IPCA'&%24top=100&%24format=json&%24select=Indicador,Data,Ano,Mediana
2026-04-27 23:09:42,688 [INFO] pipeline.macro: 
=== Coletando dados macroeconômicos ===
2026-04-27 23:09:42,688 [INFO] pipeline.macro: Baixando série BCB 432...
2026-04-27 23:09:42,968 [ERROR] pipeline.macro: Erro ao baixar série BCB 432: 406 Client Error: Not Acceptable for url: https://api.bcb.gov.br/dados/serie/bcdata.sgs.432/dados?formato=json&dataInicial=01%2F01%2F2010&dataFinal=27%2F04%2F2026
2026-04-27 23:09:42,968 [WARNING] pipeline.macro: Série Selic meta sem DatetimeIndex — usando fallback histórico
2026-04-27 23:09:42,969 [INFO] pipeline.macro: Baixando série BCB 12...
2026-04-27 23:09:43,069 [ERROR] pipeline.macro: Erro ao baixar série BCB 12: 406 Client Error: Not Acceptable for url: https://api.bcb.gov.br/dados/serie/bcdata.sgs.12/dados?formato=json&dataInicial=01%2F01%2F2010&dataFinal=27%2F04%2F2026
2026-04-27 23:09:43,069 [WARNING] pipeline.macro: Série DI sem DatetimeIndex — usando fallback histórico
2026-04-27 23:09:43,074 [WARNING] pipeline.macro: IPCA calculado fora do intervalo plausível (55.3%) para 2019 — usando fallback
2026-04-27 23:09:43,075 [WARNING] pipeline.macro: IPCA calculado fora do intervalo plausível (46.1%) para 2020 — usando fallback
2026-04-27 23:09:43,075 [WARNING] pipeline.macro: IPCA calculado fora do intervalo plausível (159.3%) para 2021 — usando fallback
2026-04-27 23:09:43,076 [WARNING] pipeline.macro: IPCA calculado fora do intervalo plausível (191.2%) para 2022 — usando fallback
2026-04-27 23:09:43,077 [WARNING] pipeline.macro: IPCA calculado fora do intervalo plausível (71.5%) para 2023 — usando fallback
2026-04-27 23:09:43,077 [WARNING] pipeline.macro: IPCA calculado fora do intervalo plausível (67.0%) para 2024 — usando fallback
2026-04-27 23:09:43,078 [INFO] pipeline.macro: Baixando série BCB 258...
2026-04-27 23:09:43,180 [ERROR] pipeline.macro: Erro ao baixar série BCB 258: 406 Client Error: Not Acceptable for url: https://api.bcb.gov.br/dados/serie/bcdata.sgs.258/dados?formato=json&dataInicial=01%2F01%2F2010&dataFinal=27%2F04%2F2026
2026-04-27 23:09:43,180 [WARNING] pipeline.macro: Série TJLP sem DatetimeIndex — usando fallback histórico
2026-04-27 23:09:43,191 [WARNING] pipeline.macro: IPCA calculado fora do intervalo plausível (55.3%) para 2019 — usando fallback
2026-04-27 23:09:43,191 [WARNING] pipeline.macro: IPCA calculado fora do intervalo plausível (46.1%) para 2020 — usando fallback
2026-04-27 23:09:43,191 [WARNING] pipeline.macro: IPCA calculado fora do intervalo plausível (159.3%) para 2021 — usando fallback
2026-04-27 23:09:43,191 [WARNING] pipeline.macro: IPCA calculado fora do intervalo plausível (191.2%) para 2022 — usando fallback
2026-04-27 23:09:43,192 [WARNING] pipeline.macro: IPCA calculado fora do intervalo plausível (71.5%) para 2023 — usando fallback
2026-04-27 23:09:43,193 [WARNING] pipeline.macro: IPCA calculado fora do intervalo plausível (67.0%) para 2024 — usando fallback
2026-04-27 23:09:43,193 [INFO] pipeline.macro: 
RESUMO MACRO HISTÓRICO:
2026-04-27 23:09:43,193 [INFO] pipeline.macro:   selic_meta     : 2020: 2.00% | 2021: 9.25% | 2022: 13.75% | 2023: 11.75% | 2024: 11.75%
2026-04-27 23:09:43,194 [INFO] pipeline.macro:   selic_efet     : 2020: 2.28% | 2021: 4.48% | 2022: 12.33% | 2023: 13.15% | 2024: 10.73%
2026-04-27 23:09:43,194 [INFO] pipeline.macro:   ipca           : 2020: 4.52% | 2021: 10.06% | 2022: 5.62% | 2023: 4.62% | 2024: 4.83%
2026-04-27 23:09:43,194 [INFO] pipeline.macro:   tjlp           : 2020: 5.25% | 2021: 5.25% | 2022: 6.25% | 2023: 7.00% | 2024: 7.00%
2026-04-27 23:09:43,194 [INFO] pipeline.macro:   cds            : 2020: 0.44% | 2021: 0.73% | 2022: 1.26% | 2023: 0.84% | 2024: 0.81%
2026-04-27 23:09:43,194 [INFO] pipeline.macro:   inflacao_impl  : 2020: 4.52% | 2021: 10.06% | 2022: 5.62% | 2023: 4.62% | 2024: 4.83%
2026-04-27 23:09:43,194 [INFO] pipeline: 
[3/6] Baixando demonstrações financeiras (CVM)...
2026-04-27 23:09:43,195 [INFO] pipeline.cvm: 
==================================================
2026-04-27 23:09:43,195 [INFO] pipeline.cvm: Baixando DFP 2019...
2026-04-27 23:09:43,461 [WARNING] pipeline.cvm:   Empresa 14303 não encontrada em dre 2019
2026-04-27 23:09:43,899 [WARNING] pipeline.cvm:   Empresa 14303 não encontrada em bpa 2019
2026-04-27 23:09:44,856 [WARNING] pipeline.cvm:   Empresa 14303 não encontrada em bpp 2019
2026-04-27 23:09:45,365 [WARNING] pipeline.cvm:   Empresa 14303 não encontrada em dfc_mi 2019
2026-04-27 23:09:45,398 [WARNING] pipeline.cvm:   Empresa 14303 não encontrada em dfc_md 2019
2026-04-27 23:09:45,398 [INFO] pipeline.cvm: 
==================================================
2026-04-27 23:09:45,398 [INFO] pipeline.cvm: Baixando DFP 2020...
2026-04-27 23:09:45,723 [WARNING] pipeline.cvm:   Empresa 14303 não encontrada em dre 2020
2026-04-27 23:09:46,255 [WARNING] pipeline.cvm:   Empresa 14303 não encontrada em bpa 2020
2026-04-27 23:09:47,032 [WARNING] pipeline.cvm:   Empresa 14303 não encontrada em bpp 2020
2026-04-27 23:09:47,422 [WARNING] pipeline.cvm:   Empresa 14303 não encontrada em dfc_mi 2020
2026-04-27 23:09:47,445 [WARNING] pipeline.cvm:   Empresa 14303 não encontrada em dfc_md 2020
2026-04-27 23:09:47,445 [INFO] pipeline.cvm: 
==================================================
2026-04-27 23:09:47,445 [INFO] pipeline.cvm: Baixando DFP 2021...
2026-04-27 23:09:47,700 [WARNING] pipeline.cvm:   Empresa 14303 não encontrada em dre 2021
2026-04-27 23:09:48,143 [WARNING] pipeline.cvm:   Empresa 14303 não encontrada em bpa 2021
2026-04-27 23:09:48,900 [WARNING] pipeline.cvm:   Empresa 14303 não encontrada em bpp 2021
2026-04-27 23:09:49,296 [WARNING] pipeline.cvm:   Empresa 14303 não encontrada em dfc_mi 2021
2026-04-27 23:09:49,320 [WARNING] pipeline.cvm:   Empresa 14303 não encontrada em dfc_md 2021
2026-04-27 23:09:49,320 [INFO] pipeline.cvm: 
==================================================
2026-04-27 23:09:49,321 [INFO] pipeline.cvm: Baixando DFP 2022...
2026-04-27 23:09:49,639 [WARNING] pipeline.cvm:   Empresa 14303 não encontrada em dre 2022
2026-04-27 23:09:50,076 [WARNING] pipeline.cvm:   Empresa 14303 não encontrada em bpa 2022
2026-04-27 23:09:50,881 [WARNING] pipeline.cvm:   Empresa 14303 não encontrada em bpp 2022
2026-04-27 23:09:51,303 [WARNING] pipeline.cvm:   Empresa 14303 não encontrada em dfc_mi 2022
2026-04-27 23:09:51,328 [WARNING] pipeline.cvm:   Empresa 14303 não encontrada em dfc_md 2022
2026-04-27 23:09:51,329 [INFO] pipeline.cvm: 
==================================================
2026-04-27 23:09:51,329 [INFO] pipeline.cvm: Baixando DFP 2023...
2026-04-27 23:09:51,578 [WARNING] pipeline.cvm:   Empresa 14303 não encontrada em dre 2023
2026-04-27 23:09:52,012 [WARNING] pipeline.cvm:   Empresa 14303 não encontrada em bpa 2023
2026-04-27 23:09:52,797 [WARNING] pipeline.cvm:   Empresa 14303 não encontrada em bpp 2023
2026-04-27 23:09:53,222 [WARNING] pipeline.cvm:   Empresa 14303 não encontrada em dfc_mi 2023
2026-04-27 23:09:53,257 [WARNING] pipeline.cvm:   Empresa 14303 não encontrada em dfc_md 2023
2026-04-27 23:09:53,257 [INFO] pipeline.cvm: 
==================================================
2026-04-27 23:09:53,257 [INFO] pipeline.cvm: Baixando DFP 2024...
2026-04-27 23:09:53,493 [WARNING] pipeline.cvm:   Empresa 14303 não encontrada em dre 2024
2026-04-27 23:09:53,955 [WARNING] pipeline.cvm:   Empresa 14303 não encontrada em bpa 2024
2026-04-27 23:09:54,721 [WARNING] pipeline.cvm:   Empresa 14303 não encontrada em bpp 2024
2026-04-27 23:09:55,159 [WARNING] pipeline.cvm:   Empresa 14303 não encontrada em dfc_mi 2024
2026-04-27 23:09:55,187 [WARNING] pipeline.cvm:   Empresa 14303 não encontrada em dfc_md 2024
2026-04-27 23:09:55,188 [INFO] pipeline.cvm: 
==================================================
2026-04-27 23:09:55,188 [INFO] pipeline.cvm: Baixando DFP 2025...
2026-04-27 23:09:55,397 [WARNING] pipeline.cvm:   Empresa 14303 não encontrada em dre 2025
2026-04-27 23:09:55,781 [WARNING] pipeline.cvm:   Empresa 14303 não encontrada em bpa 2025
2026-04-27 23:09:56,459 [WARNING] pipeline.cvm:   Empresa 14303 não encontrada em bpp 2025
2026-04-27 23:09:56,826 [WARNING] pipeline.cvm:   Empresa 14303 não encontrada em dfc_mi 2025
2026-04-27 23:09:56,855 [WARNING] pipeline.cvm:   Empresa 14303 não encontrada em dfc_md 2025
2026-04-27 23:09:56,856 [INFO] pipeline:   DFP 2019 indisponível — tentando anualizar via ITR...
2026-04-27 23:09:56,856 [INFO] pipeline.cvm: 
==================================================
2026-04-27 23:09:56,856 [INFO] pipeline.cvm: Tentando anualizar 2019 via ITR (LTM)...
2026-04-27 23:10:01,043 [WARNING] pipeline.cvm:   ITR 2019 não disponível — não é possível anualizar
2026-04-27 23:10:01,044 [WARNING] pipeline:   DFP 2019 e ITR indisponíveis — removido do histórico
2026-04-27 23:10:01,044 [INFO] pipeline:   DFP 2020 indisponível — tentando anualizar via ITR...
2026-04-27 23:10:01,044 [INFO] pipeline.cvm: 
==================================================
2026-04-27 23:10:01,044 [INFO] pipeline.cvm: Tentando anualizar 2020 via ITR (LTM)...
2026-04-27 23:10:06,172 [WARNING] pipeline.cvm:   ITR 2020 não disponível — não é possível anualizar
2026-04-27 23:10:06,172 [WARNING] pipeline:   DFP 2020 e ITR indisponíveis — removido do histórico
2026-04-27 23:10:06,172 [INFO] pipeline:   DFP 2021 indisponível — tentando anualizar via ITR...
2026-04-27 23:10:06,172 [INFO] pipeline.cvm: 
==================================================
2026-04-27 23:10:06,172 [INFO] pipeline.cvm: Tentando anualizar 2021 via ITR (LTM)...
2026-04-27 23:10:12,111 [WARNING] pipeline.cvm:   ITR 2021 não disponível — não é possível anualizar
2026-04-27 23:10:12,111 [WARNING] pipeline:   DFP 2021 e ITR indisponíveis — removido do histórico
2026-04-27 23:10:12,111 [INFO] pipeline:   DFP 2022 indisponível — tentando anualizar via ITR...
2026-04-27 23:10:12,112 [INFO] pipeline.cvm: 
==================================================
2026-04-27 23:10:12,112 [INFO] pipeline.cvm: Tentando anualizar 2022 via ITR (LTM)...
2026-04-27 23:10:18,790 [WARNING] pipeline.cvm:   ITR 2022 não disponível — não é possível anualizar
2026-04-27 23:10:18,790 [WARNING] pipeline:   DFP 2022 e ITR indisponíveis — removido do histórico
2026-04-27 23:10:18,790 [INFO] pipeline:   DFP 2023 indisponível — tentando anualizar via ITR...
2026-04-27 23:10:18,790 [INFO] pipeline.cvm: 
==================================================
2026-04-27 23:10:18,790 [INFO] pipeline.cvm: Tentando anualizar 2023 via ITR (LTM)...
2026-04-27 23:10:26,034 [WARNING] pipeline.cvm:   ITR 2023 não disponível — não é possível anualizar
2026-04-27 23:10:26,035 [WARNING] pipeline:   DFP 2023 e ITR indisponíveis — removido do histórico
2026-04-27 23:10:26,035 [INFO] pipeline:   DFP 2024 indisponível — tentando anualizar via ITR...
2026-04-27 23:10:26,035 [INFO] pipeline.cvm: 
==================================================
2026-04-27 23:10:26,035 [INFO] pipeline.cvm: Tentando anualizar 2024 via ITR (LTM)...
2026-04-27 23:10:32,749 [WARNING] pipeline.cvm:   ITR 2024 não disponível — não é possível anualizar
2026-04-27 23:10:32,749 [WARNING] pipeline:   DFP 2024 e ITR indisponíveis — removido do histórico
2026-04-27 23:10:32,749 [INFO] pipeline:   DFP 2025 indisponível — tentando anualizar via ITR...
2026-04-27 23:10:32,749 [INFO] pipeline.cvm: 
==================================================
2026-04-27 23:10:32,749 [INFO] pipeline.cvm: Tentando anualizar 2025 via ITR (LTM)...
2026-04-27 23:10:39,090 [WARNING] pipeline.cvm:   ITR 2025 não disponível — não é possível anualizar
2026-04-27 23:10:39,090 [WARNING] pipeline:   DFP 2025 e ITR indisponíveis — removido do histórico
2026-04-27 23:10:39,090 [WARNING] pipeline:   Nenhum ano com dados históricos — continuando sem histórico CVM
2026-04-27 23:10:39,090 [INFO] pipeline: 
[4/6] Normalizando dados...
2026-04-27 23:10:39,092 [INFO] pipeline:   DRE normalizada:
2026-04-27 23:10:39,092 [INFO] pipeline: 
[5/6] Calculando projeções...
2026-04-27 23:10:39,093 [INFO] pipeline.projecoes: 
=== Projeções (não-financeira / FCFF) ===
2026-04-27 23:10:39,094 [INFO] pipeline.projecoes:   Margem EBITDA: 7.0% → 7.0% (conv 6a)
2026-04-27 23:10:39,094 [INFO] pipeline.projecoes:   D&A/Receita: 5.0%
2026-04-27 23:10:39,095 [INFO] pipeline.projecoes:   CAPEX/Receita: 5.0% → 5.0%
2026-04-27 23:10:39,096 [INFO] pipeline.projecoes:   NCG/Receita: 5.0% → 5.0%
2026-04-27 23:10:39,097 [INFO] pipeline.projecoes:   Alíquota efetiva: 34.0%
2026-04-27 23:10:39,098 [INFO] pipeline.projecoes: Projeções concluídas (FCFF). Resumo:
2026-04-27 23:10:39,098 [INFO] pipeline.projecoes:    Ano      Receita     EBITDA    Mg%      NOPAT       FCFF
2026-04-27 23:10:39,098 [INFO] pipeline.projecoes:   2025            0          0   7.0%          0          0
2026-04-27 23:10:39,098 [INFO] pipeline.projecoes:   2026            0          0   7.0%          0          0
2026-04-27 23:10:39,098 [INFO] pipeline.projecoes:   2027            0          0   7.0%          0          0
2026-04-27 23:10:39,098 [INFO] pipeline.projecoes:   2028            0          0   7.0%          0          0
2026-04-27 23:10:39,098 [INFO] pipeline.projecoes:   2029            0          0   7.0%          0          0
2026-04-27 23:10:39,098 [INFO] pipeline.valuation:   Estrutura de capital: E=95% | D=5%
2026-04-27 23:10:39,098 [INFO] pipeline: 
[6/6] Calculando valuation (FCFF / WACC)...
2026-04-27 23:10:39,099 [WARNING] pipeline.valuation: TIR < g (5.5%) — cotação acima do valor intrínseco (DCF)
2026-04-27 23:10:39,099 [WARNING] pipeline.valuation: TIR < g (5.5%) — cotação acima do valor intrínseco (DCF)
2026-04-27 23:10:39,099 [INFO] pipeline.valuation: 
==================================================
2026-04-27 23:10:39,099 [INFO] pipeline.valuation: VALUATION FCFF/WACC — PCAR3
2026-04-27 23:10:39,099 [INFO] pipeline.valuation:   VP FCFF (10a):     R$            0 MM
2026-04-27 23:10:39,099 [INFO] pipeline.valuation:   Valor Perp. (VP):  R$            0 MM
2026-04-27 23:10:39,099 [INFO] pipeline.valuation:   ENTERPRISE VALUE:  R$            0 MM
2026-04-27 23:10:39,099 [INFO] pipeline.valuation:   (-) Dívida Líq.:   R$            0 MM
2026-04-27 23:10:39,099 [INFO] pipeline.valuation:   VALOR DO EQUITY:   R$            0 MM
2026-04-27 23:10:39,099 [INFO] pipeline.valuation:   Preço Justo ON:    R$     0.00
2026-04-27 23:10:39,099 [INFO] pipeline.valuation:   Preço Justo PN:    R$     0.00
2026-04-27 23:10:39,099 [INFO] pipeline.valuation:   Cotação ON:        R$     2.34
2026-04-27 23:10:39,099 [INFO] pipeline.valuation:   Upside ON:             -100.0%
2026-04-27 23:10:39,099 [INFO] pipeline.valuation:   TIR (ON):                 6.0%
2026-04-27 23:10:39,100 [INFO] pipeline.valuation:   WACC último ano:         10.4%
2026-04-27 23:10:39,100 [WARNING] pipeline: 
[!] AVISOS DE VALIDACAO:
2026-04-27 23:10:39,100 [WARNING] pipeline:   - DRE histórica vazia — planilha terá apenas projeções
2026-04-27 23:10:39,100 [WARNING] pipeline:   - FCFF projetado é zero em todos os anos — verificar dados históricos
2026-04-27 23:10:39,100 [WARNING] pipeline:   - Valor do Equity negativo ou zero: R$ 0 MM
2026-04-27 23:10:39,100 [WARNING] pipeline:   - Preço Justo ON inválido (≤ 0)
2026-04-27 23:10:39,103 [INFO] pipeline:   Sem template VAROS para PCAR3 — Excel será criado do zero
2026-04-27 23:10:39,104 [INFO] pipeline.excel_geral: 
============================================================
2026-04-27 23:10:39,104 [INFO] pipeline.excel_geral: Criando Excel completo (12 abas) para: GPA (Pão de Açúcar) (PCAR3)
2026-04-27 23:10:39,105 [INFO] pipeline.excel_geral:   → 1/12  Dashboard
2026-04-27 23:10:39,119 [INFO] pipeline.excel_geral:   → 2/12  WACC
2026-04-27 23:10:39,152 [INFO] pipeline.excel_geral:   → 3/12  TIR ON
2026-04-27 23:10:39,163 [INFO] pipeline.excel_geral:   → 4/12  TIR PN
2026-04-27 23:10:39,177 [INFO] pipeline.excel_geral:   → 5/12  Valor do Equity
2026-04-27 23:10:39,183 [INFO] pipeline.excel_geral:   → 6/12  Preço Teto
2026-04-27 23:10:39,189 [INFO] pipeline.excel_geral:   → 7/12  DRE + DCF
2026-04-27 23:10:39,250 [INFO] pipeline.excel_geral:   → 8/12  DRE Contas Abertas
2026-04-27 23:10:39,279 [INFO] pipeline.excel_geral:   → 9/12  Balanço Patrimonial
2026-04-27 23:10:39,287 [INFO] pipeline.excel_geral:   → 10/12 Painel de Índices
2026-04-27 23:10:39,299 [INFO] pipeline.excel_geral:   → 11/12 Projeções Premissas
2026-04-27 23:10:39,324 [INFO] pipeline.excel_geral:   → 12/12 Projeções Capex e CG
2026-04-27 23:10:39,403 [INFO] pipeline.excel_geral: 
Arquivo salvo: C:\Users\55819\OneDrive - EPEJUD\DIEGO\OBSIDIAN\Analista de Investimentos\12_PYTHON\pipeline banco completo\outputs\Valuation_PCAR3_GPA (Pão de Açúcar)_20260427.xlsx
2026-04-27 23:10:39,403 [INFO] pipeline: 
======================================================================
2026-04-27 23:10:39,403 [INFO] pipeline: RESUMO DO VALUATION (FCFF/WACC)
2026-04-27 23:10:39,403 [INFO] pipeline: ======================================================================
2026-04-27 23:10:39,403 [INFO] pipeline:   Empresa:           GPA (Pão de Açúcar) (PCAR3)
2026-04-27 23:10:39,403 [INFO] pipeline:   Enterprise Value:  R$            0 MM
2026-04-27 23:10:39,403 [INFO] pipeline:   Cotação ON:        R$ 2.34
2026-04-27 23:10:39,403 [INFO] pipeline:   Preço Justo ON:    R$ 0.00
2026-04-27 23:10:39,403 [INFO] pipeline:   Upside ON:            -100.0%
2026-04-27 23:10:39,404 [INFO] pipeline:   TIR:                  6.0%
2026-04-27 23:10:39,404 [INFO] pipeline:   Preço Teto ON:     R$ 0.00
2026-04-27 23:10:39,404 [INFO] pipeline: 
  [!] 4 aviso(s) de validacao — verifique os logs
2026-04-27 23:10:39,404 [INFO] pipeline: 
  Arquivo gerado:    C:\Users\55819\OneDrive - EPEJUD\DIEGO\OBSIDIAN\Analista de Investimentos\12_PYTHON\pipeline banco completo\outputs\Valuation_PCAR3_GPA (Pão de Açúcar)_20260427.xlsx
2026-04-27 23:10:39,404 [INFO] pipeline: ======================================================================
2026-04-27 23:10:39,405 [INFO] pipeline: ✓ PCAR3: arquivo gerado → C:\Users\55819\OneDrive - EPEJUD\DIEGO\OBSIDIAN\Analista de Investimentos\12_PYTHON\pipeline banco completo\outputs\Valuation_PCAR3_GPA (Pão de Açúcar)_20260427.xlsx
2026-04-27 23:10:39,405 [INFO] pipeline: 
──────────────────────────────────────────────────────────────────────
2026-04-27 23:10:39,405 [INFO] pipeline: Processando: VIVA3 (Vivara)
2026-04-27 23:10:39,405 [INFO] pipeline: ──────────────────────────────────────────────────────────────────────
2026-04-27 23:10:39,405 [INFO] pipeline: ======================================================================
2026-04-27 23:10:39,405 [INFO] pipeline: PIPELINE DE VALUATION [CONSUMO_VAREJO] — VIVA3 — Vivara
2026-04-27 23:10:39,406 [INFO] pipeline: Início: 2026-04-27 23:10:39
2026-04-27 23:10:39,406 [INFO] pipeline:   Setor: consumo_varejo | Motor: WACC
2026-04-27 23:10:39,406 [INFO] pipeline: ======================================================================
2026-04-27 23:10:39,406 [INFO] pipeline: 
[1/6] Coletando dados de mercado...
2026-04-27 23:10:39,406 [INFO] pipeline:   Buscando cotação via yfinance...
2026-04-27 23:10:39,406 [INFO] pipeline.mercado: Buscando cotação atual: VIVA3.SA
2026-04-27 23:10:40,042 [INFO] pipeline:   Cotação ON: R$ 25.46  |  Cotação PN: R$ 0.00
2026-04-27 23:10:40,170 [INFO] pipeline.mercado: Calculando beta: VIVA3 (252 dias úteis)
2026-04-27 23:10:40,183 [INFO] pipeline.mercado:   Beta estatístico: 1.1619 | R²: 0.259 | n=251
2026-04-27 23:10:40,186 [INFO] pipeline:   Beta estatístico: 1.162 | Beta utilizado: 0.850
2026-04-27 23:10:40,186 [INFO] pipeline: 
[2/6] Coletando dados macroeconômicos (BCB)...
2026-04-27 23:10:40,515 [WARNING] pipeline.macro: Não foi possível obter Focus Selic: 400 Client Error: Bad Request for url: https://olinda.bcb.gov.br/olinda/servico/Expectativas/versao/v1/odata/ExpectativasMercadoAnuais?%24filter=Indicador%20eq%20'Selic'&%24top=100&%24format=json&%24select=Indicador,Data,Ano,Mediana
2026-04-27 23:10:40,797 [WARNING] pipeline.macro: Não foi possível obter Focus IPCA: 400 Client Error: Bad Request for url: https://olinda.bcb.gov.br/olinda/servico/Expectativas/versao/v1/odata/ExpectativasMercadoAnuais?%24filter=Indicador%20eq%20'IPCA'&%24top=100&%24format=json&%24select=Indicador,Data,Ano,Mediana
2026-04-27 23:10:40,798 [INFO] pipeline.macro: 
=== Coletando dados macroeconômicos ===
2026-04-27 23:10:40,799 [INFO] pipeline.macro: Baixando série BCB 432...
2026-04-27 23:10:41,072 [ERROR] pipeline.macro: Erro ao baixar série BCB 432: 406 Client Error: Not Acceptable for url: https://api.bcb.gov.br/dados/serie/bcdata.sgs.432/dados?formato=json&dataInicial=01%2F01%2F2010&dataFinal=27%2F04%2F2026
2026-04-27 23:10:41,072 [WARNING] pipeline.macro: Série Selic meta sem DatetimeIndex — usando fallback histórico
2026-04-27 23:10:41,072 [INFO] pipeline.macro: Baixando série BCB 12...
2026-04-27 23:10:41,172 [ERROR] pipeline.macro: Erro ao baixar série BCB 12: 406 Client Error: Not Acceptable for url: https://api.bcb.gov.br/dados/serie/bcdata.sgs.12/dados?formato=json&dataInicial=01%2F01%2F2010&dataFinal=27%2F04%2F2026
2026-04-27 23:10:41,172 [WARNING] pipeline.macro: Série DI sem DatetimeIndex — usando fallback histórico
2026-04-27 23:10:41,176 [WARNING] pipeline.macro: IPCA calculado fora do intervalo plausível (55.3%) para 2019 — usando fallback
2026-04-27 23:10:41,176 [WARNING] pipeline.macro: IPCA calculado fora do intervalo plausível (46.1%) para 2020 — usando fallback
2026-04-27 23:10:41,176 [WARNING] pipeline.macro: IPCA calculado fora do intervalo plausível (159.3%) para 2021 — usando fallback
2026-04-27 23:10:41,177 [WARNING] pipeline.macro: IPCA calculado fora do intervalo plausível (191.2%) para 2022 — usando fallback
2026-04-27 23:10:41,177 [WARNING] pipeline.macro: IPCA calculado fora do intervalo plausível (71.5%) para 2023 — usando fallback
2026-04-27 23:10:41,178 [WARNING] pipeline.macro: IPCA calculado fora do intervalo plausível (67.0%) para 2024 — usando fallback
2026-04-27 23:10:41,178 [INFO] pipeline.macro: Baixando série BCB 258...
2026-04-27 23:10:41,279 [ERROR] pipeline.macro: Erro ao baixar série BCB 258: 406 Client Error: Not Acceptable for url: https://api.bcb.gov.br/dados/serie/bcdata.sgs.258/dados?formato=json&dataInicial=01%2F01%2F2010&dataFinal=27%2F04%2F2026
2026-04-27 23:10:41,279 [WARNING] pipeline.macro: Série TJLP sem DatetimeIndex — usando fallback histórico
2026-04-27 23:10:41,293 [WARNING] pipeline.macro: IPCA calculado fora do intervalo plausível (55.3%) para 2019 — usando fallback
2026-04-27 23:10:41,293 [WARNING] pipeline.macro: IPCA calculado fora do intervalo plausível (46.1%) para 2020 — usando fallback
2026-04-27 23:10:41,293 [WARNING] pipeline.macro: IPCA calculado fora do intervalo plausível (159.3%) para 2021 — usando fallback
2026-04-27 23:10:41,294 [WARNING] pipeline.macro: IPCA calculado fora do intervalo plausível (191.2%) para 2022 — usando fallback
2026-04-27 23:10:41,294 [WARNING] pipeline.macro: IPCA calculado fora do intervalo plausível (71.5%) para 2023 — usando fallback
2026-04-27 23:10:41,295 [WARNING] pipeline.macro: IPCA calculado fora do intervalo plausível (67.0%) para 2024 — usando fallback
2026-04-27 23:10:41,295 [INFO] pipeline.macro: 
RESUMO MACRO HISTÓRICO:
2026-04-27 23:10:41,296 [INFO] pipeline.macro:   selic_meta     : 2020: 2.00% | 2021: 9.25% | 2022: 13.75% | 2023: 11.75% | 2024: 11.75%
2026-04-27 23:10:41,296 [INFO] pipeline.macro:   selic_efet     : 2020: 2.28% | 2021: 4.48% | 2022: 12.33% | 2023: 13.15% | 2024: 10.73%
2026-04-27 23:10:41,296 [INFO] pipeline.macro:   ipca           : 2020: 4.52% | 2021: 10.06% | 2022: 5.62% | 2023: 4.62% | 2024: 4.83%
2026-04-27 23:10:41,297 [INFO] pipeline.macro:   tjlp           : 2020: 5.25% | 2021: 5.25% | 2022: 6.25% | 2023: 7.00% | 2024: 7.00%
2026-04-27 23:10:41,297 [INFO] pipeline.macro:   cds            : 2020: 0.44% | 2021: 0.73% | 2022: 1.26% | 2023: 0.84% | 2024: 0.81%
2026-04-27 23:10:41,297 [INFO] pipeline.macro:   inflacao_impl  : 2020: 4.52% | 2021: 10.06% | 2022: 5.62% | 2023: 4.62% | 2024: 4.83%
2026-04-27 23:10:41,297 [INFO] pipeline: 
[3/6] Baixando demonstrações financeiras (CVM)...
2026-04-27 23:10:41,298 [INFO] pipeline.cvm: 
==================================================
2026-04-27 23:10:41,298 [INFO] pipeline.cvm: Baixando DFP 2019...
2026-04-27 23:10:41,500 [INFO] pipeline.cvm:   DFP dre 2019: 88 linhas
2026-04-27 23:10:41,855 [INFO] pipeline.cvm:   DFP bpa 2019: 68 linhas
2026-04-27 23:10:42,493 [INFO] pipeline.cvm:   DFP bpp 2019: 100 linhas
2026-04-27 23:10:42,902 [INFO] pipeline.cvm:   DFP dfc_mi 2019: 146 linhas
2026-04-27 23:10:42,926 [WARNING] pipeline.cvm:   Empresa 906 não encontrada em dfc_md 2019
2026-04-27 23:10:42,926 [INFO] pipeline.cvm: 
==================================================
2026-04-27 23:10:42,926 [INFO] pipeline.cvm: Baixando DFP 2020...
2026-04-27 23:10:43,197 [INFO] pipeline.cvm:   DFP dre 2020: 82 linhas
2026-04-27 23:10:43,640 [INFO] pipeline.cvm:   DFP bpa 2020: 82 linhas
2026-04-27 23:10:44,301 [INFO] pipeline.cvm:   DFP bpp 2020: 96 linhas
2026-04-27 23:10:44,645 [INFO] pipeline.cvm:   DFP dfc_mi 2020: 94 linhas
2026-04-27 23:10:44,666 [WARNING] pipeline.cvm:   Empresa 906 não encontrada em dfc_md 2020
2026-04-27 23:10:44,666 [INFO] pipeline.cvm: 
==================================================
2026-04-27 23:10:44,666 [INFO] pipeline.cvm: Baixando DFP 2021...
2026-04-27 23:10:44,895 [INFO] pipeline.cvm:   DFP dre 2021: 82 linhas
2026-04-27 23:10:45,292 [INFO] pipeline.cvm:   DFP bpa 2021: 82 linhas
2026-04-27 23:10:46,028 [INFO] pipeline.cvm:   DFP bpp 2021: 86 linhas
2026-04-27 23:10:46,426 [WARNING] pipeline.cvm:   Empresa 906 não encontrada em dfc_mi 2021
2026-04-27 23:10:46,457 [INFO] pipeline.cvm:   DFP dfc_md 2021: 64 linhas
2026-04-27 23:10:46,458 [INFO] pipeline.cvm: 
==================================================
2026-04-27 23:10:46,458 [INFO] pipeline.cvm: Baixando DFP 2022...
2026-04-27 23:10:46,699 [INFO] pipeline.cvm:   DFP dre 2022: 82 linhas
2026-04-27 23:10:47,120 [INFO] pipeline.cvm:   DFP bpa 2022: 82 linhas
2026-04-27 23:10:47,849 [INFO] pipeline.cvm:   DFP bpp 2022: 86 linhas
2026-04-27 23:10:48,236 [INFO] pipeline.cvm:   DFP dfc_mi 2022: 96 linhas
2026-04-27 23:10:48,264 [WARNING] pipeline.cvm:   Empresa 906 não encontrada em dfc_md 2022
2026-04-27 23:10:48,265 [INFO] pipeline.cvm: 
==================================================
2026-04-27 23:10:48,265 [INFO] pipeline.cvm: Baixando DFP 2023...
2026-04-27 23:10:48,500 [INFO] pipeline.cvm:   DFP dre 2023: 82 linhas
2026-04-27 23:10:48,920 [INFO] pipeline.cvm:   DFP bpa 2023: 82 linhas
2026-04-27 23:10:49,744 [INFO] pipeline.cvm:   DFP bpp 2023: 86 linhas
2026-04-27 23:10:50,173 [INFO] pipeline.cvm:   DFP dfc_mi 2023: 96 linhas
2026-04-27 23:10:50,203 [WARNING] pipeline.cvm:   Empresa 906 não encontrada em dfc_md 2023
2026-04-27 23:10:50,204 [INFO] pipeline.cvm: 
==================================================
2026-04-27 23:10:50,204 [INFO] pipeline.cvm: Baixando DFP 2024...
2026-04-27 23:10:50,451 [INFO] pipeline.cvm:   DFP dre 2024: 82 linhas
2026-04-27 23:10:50,931 [INFO] pipeline.cvm:   DFP bpa 2024: 82 linhas
2026-04-27 23:10:51,731 [INFO] pipeline.cvm:   DFP bpp 2024: 86 linhas
2026-04-27 23:10:52,152 [INFO] pipeline.cvm:   DFP dfc_mi 2024: 96 linhas
2026-04-27 23:10:52,182 [WARNING] pipeline.cvm:   Empresa 906 não encontrada em dfc_md 2024
2026-04-27 23:10:52,182 [INFO] pipeline.cvm: 
==================================================
2026-04-27 23:10:52,182 [INFO] pipeline.cvm: Baixando DFP 2025...
2026-04-27 23:10:52,404 [INFO] pipeline.cvm:   DFP dre 2025: 82 linhas
2026-04-27 23:10:52,805 [INFO] pipeline.cvm:   DFP bpa 2025: 82 linhas
2026-04-27 23:10:53,523 [INFO] pipeline.cvm:   DFP bpp 2025: 86 linhas
2026-04-27 23:10:53,898 [INFO] pipeline.cvm:   DFP dfc_mi 2025: 96 linhas
2026-04-27 23:10:53,921 [WARNING] pipeline.cvm:   Empresa 906 não encontrada em dfc_md 2025
2026-04-27 23:10:53,922 [INFO] pipeline:   Anos ajustados → Histórico: 2019-2025 | Projeção: 2026-2035
2026-04-27 23:10:53,922 [INFO] pipeline: 
[4/6] Normalizando dados...
2026-04-27 23:10:55,738 [INFO] pipeline:   DFC normalizada: 11 linhas
2026-04-27 23:10:55,741 [INFO] pipeline:   DRE normalizada:
2026-04-27 23:10:55,742 [INFO] pipeline:     receita_liquida: 2019: 124,306 | 2020: 98,429 | 2021: 125,443 | 2022: 205,913 | 2023: 224,458 | 2024: 213,220 | 2025: 270,183
2026-04-27 23:10:55,742 [INFO] pipeline:     ebit: 2019: 13,381 | 2020: 4,075 | 2021: 32,852 | 2022: 24,210 | 2023: 10,208 | 2024: 16,901 | 2025: 21,025
2026-04-27 23:10:55,742 [INFO] pipeline:     lucro_liquido: 2019: 21,173 | 2020: 15,837 | 2021: 23,172 | 2022: 20,984 | 2023: 14,251 | 2024: 17,253 | 2025: 23,673
2026-04-27 23:10:55,742 [INFO] pipeline: 
[5/6] Calculando projeções...
2026-04-27 23:10:55,743 [INFO] pipeline.projecoes: 
=== Projeções (não-financeira / FCFF) ===
2026-04-27 23:10:55,744 [INFO] pipeline.projecoes:   Margem EBITDA: 52.1% → 24.0% (conv 6a)
2026-04-27 23:10:55,744 [INFO] pipeline.projecoes:   D&A/Receita: 20.0%
2026-04-27 23:10:55,745 [INFO] pipeline.projecoes:   CAPEX/Receita: 0.3% → 3.0%
2026-04-27 23:10:55,746 [INFO] pipeline.projecoes:   NCG/Receita: 0.0% → 15.0%
2026-04-27 23:10:55,749 [INFO] pipeline.projecoes:   Alíquota efetiva: 34.0%
2026-04-27 23:10:55,749 [INFO] pipeline.projecoes: Projeções concluídas (FCFF). Resumo:
2026-04-27 23:10:55,749 [INFO] pipeline.projecoes:    Ano      Receita     EBITDA    Mg%      NOPAT       FCFF
2026-04-27 23:10:55,749 [INFO] pipeline.projecoes:   2026      290,672    137,942  47.5%     52,673     99,675
2026-04-27 23:10:55,749 [INFO] pipeline.projecoes:   2027      311,503    133,214  42.8%     46,803     94,858
2026-04-27 23:10:55,749 [INFO] pipeline.projecoes:   2028      332,530    126,607  38.1%     39,666     88,567
2026-04-27 23:10:55,749 [INFO] pipeline.projecoes:   2029      353,590    118,037  33.4%     31,231     80,756
2026-04-27 23:10:55,749 [INFO] pipeline.projecoes:   2030      374,511    107,452  28.7%     21,483     71,404
2026-04-27 23:10:55,750 [INFO] pipeline.valuation:   Estrutura de capital: E=20% | D=80%
2026-04-27 23:10:55,750 [INFO] pipeline: 
[6/6] Calculando valuation (FCFF / WACC)...
2026-04-27 23:10:55,750 [WARNING] pipeline.valuation: TIR > 150% — valor intrínseco muito acima do preço de mercado
2026-04-27 23:10:55,750 [WARNING] pipeline.valuation: TIR > 150% — valor intrínseco muito acima do preço de mercado
2026-04-27 23:10:55,750 [INFO] pipeline.valuation: 
==================================================
2026-04-27 23:10:55,750 [INFO] pipeline.valuation: VALUATION FCFF/WACC — VIVA3
2026-04-27 23:10:55,750 [INFO] pipeline.valuation:   VP FCFF (10a):     R$      563,245 MM
2026-04-27 23:10:55,750 [INFO] pipeline.valuation:   Valor Perp. (VP):  R$      657,605 MM
2026-04-27 23:10:55,750 [INFO] pipeline.valuation:   ENTERPRISE VALUE:  R$    1,220,850 MM
2026-04-27 23:10:55,750 [INFO] pipeline.valuation:   (-) Dívida Líq.:   R$      534,446 MM
2026-04-27 23:10:55,750 [INFO] pipeline.valuation:   VALOR DO EQUITY:   R$      686,403 MM
2026-04-27 23:10:55,750 [INFO] pipeline.valuation:   Preço Justo ON:    R$  2919.97
2026-04-27 23:10:55,750 [INFO] pipeline.valuation:   Preço Justo PN:    R$  2919.97
2026-04-27 23:10:55,751 [INFO] pipeline.valuation:   Cotação ON:        R$    25.46
2026-04-27 23:10:55,751 [INFO] pipeline.valuation:   Upside ON:            11368.9%
2026-04-27 23:10:55,751 [INFO] pipeline.valuation:   TIR (ON):               150.0%
2026-04-27 23:10:55,751 [INFO] pipeline.valuation:   WACC último ano:         12.0%
2026-04-27 23:10:55,752 [INFO] pipeline:   Sem template VAROS para VIVA3 — Excel será criado do zero
2026-04-27 23:10:55,752 [INFO] pipeline.excel_geral: 
============================================================
2026-04-27 23:10:55,752 [INFO] pipeline.excel_geral: Criando Excel completo (12 abas) para: Vivara (VIVA3)
2026-04-27 23:10:55,754 [INFO] pipeline.excel_geral:   → 1/12  Dashboard
2026-04-27 23:10:55,765 [INFO] pipeline.excel_geral:   → 2/12  WACC
2026-04-27 23:10:55,807 [INFO] pipeline.excel_geral:   → 3/12  TIR ON
2026-04-27 23:10:55,818 [INFO] pipeline.excel_geral:   → 4/12  TIR PN
2026-04-27 23:10:55,828 [INFO] pipeline.excel_geral:   → 5/12  Valor do Equity
2026-04-27 23:10:55,834 [INFO] pipeline.excel_geral:   → 6/12  Preço Teto
2026-04-27 23:10:55,841 [INFO] pipeline.excel_geral:   → 7/12  DRE + DCF
2026-04-27 23:10:55,960 [INFO] pipeline.excel_geral:   → 8/12  DRE Contas Abertas
2026-04-27 23:10:56,023 [INFO] pipeline.excel_geral:   → 9/12  Balanço Patrimonial
2026-04-27 23:10:56,073 [INFO] pipeline.excel_geral:   → 10/12 Painel de Índices
2026-04-27 23:10:56,145 [INFO] pipeline.excel_geral:   → 11/12 Projeções Premissas
2026-04-27 23:10:56,170 [INFO] pipeline.excel_geral:   → 12/12 Projeções Capex e CG
2026-04-27 23:10:56,319 [INFO] pipeline.excel_geral: 
Arquivo salvo: C:\Users\55819\OneDrive - EPEJUD\DIEGO\OBSIDIAN\Analista de Investimentos\12_PYTHON\pipeline banco completo\outputs\Valuation_VIVA3_Vivara_20260427.xlsx
2026-04-27 23:10:56,320 [INFO] pipeline: 
======================================================================
2026-04-27 23:10:56,320 [INFO] pipeline: RESUMO DO VALUATION (FCFF/WACC)
2026-04-27 23:10:56,320 [INFO] pipeline: ======================================================================
2026-04-27 23:10:56,320 [INFO] pipeline:   Empresa:           Vivara (VIVA3)
2026-04-27 23:10:56,320 [INFO] pipeline:   Enterprise Value:  R$    1,220,850 MM
2026-04-27 23:10:56,320 [INFO] pipeline:   Cotação ON:        R$ 25.46
2026-04-27 23:10:56,320 [INFO] pipeline:   Preço Justo ON:    R$ 2919.97
2026-04-27 23:10:56,320 [INFO] pipeline:   Upside ON:            11368.9%
2026-04-27 23:10:56,320 [INFO] pipeline:   TIR:                  150.0%
2026-04-27 23:10:56,320 [INFO] pipeline:   Preço Teto ON:     R$ 2919.97
2026-04-27 23:10:56,321 [INFO] pipeline: 
  Arquivo gerado:    C:\Users\55819\OneDrive - EPEJUD\DIEGO\OBSIDIAN\Analista de Investimentos\12_PYTHON\pipeline banco completo\outputs\Valuation_VIVA3_Vivara_20260427.xlsx
2026-04-27 23:10:56,321 [INFO] pipeline: ======================================================================
2026-04-27 23:10:56,324 [INFO] pipeline: ✓ VIVA3: arquivo gerado → C:\Users\55819\OneDrive - EPEJUD\DIEGO\OBSIDIAN\Analista de Investimentos\12_PYTHON\pipeline banco completo\outputs\Valuation_VIVA3_Vivara_20260427.xlsx
2026-04-27 23:10:56,324 [INFO] pipeline: 
──────────────────────────────────────────────────────────────────────
2026-04-27 23:10:56,324 [INFO] pipeline: Processando: SBFG3 (SBF Group (Centauro))
2026-04-27 23:10:56,325 [INFO] pipeline: ──────────────────────────────────────────────────────────────────────
2026-04-27 23:10:56,325 [INFO] pipeline: ======================================================================
2026-04-27 23:10:56,325 [INFO] pipeline: PIPELINE DE VALUATION [CONSUMO_VAREJO] — SBFG3 — SBF Group (Centauro)
2026-04-27 23:10:56,325 [INFO] pipeline: Início: 2026-04-27 23:10:56
2026-04-27 23:10:56,325 [INFO] pipeline:   Setor: consumo_varejo | Motor: WACC
2026-04-27 23:10:56,325 [INFO] pipeline: ======================================================================
2026-04-27 23:10:56,325 [INFO] pipeline: 
[1/6] Coletando dados de mercado...
2026-04-27 23:10:56,326 [INFO] pipeline:   Buscando cotação via yfinance...
2026-04-27 23:10:56,326 [INFO] pipeline.mercado: Buscando cotação atual: SBFG3.SA
2026-04-27 23:10:56,954 [INFO] pipeline:   Cotação ON: R$ 11.55  |  Cotação PN: R$ 0.00
2026-04-27 23:10:57,085 [INFO] pipeline.mercado: Calculando beta: SBFG3 (252 dias úteis)
2026-04-27 23:10:57,098 [INFO] pipeline.mercado:   Beta estatístico: 1.6786 | R²: 0.410 | n=251
2026-04-27 23:10:57,099 [INFO] pipeline:   Beta estatístico: 1.679 | Beta utilizado: 0.850
2026-04-27 23:10:57,100 [INFO] pipeline: 
[2/6] Coletando dados macroeconômicos (BCB)...
2026-04-27 23:10:57,392 [WARNING] pipeline.macro: Não foi possível obter Focus Selic: 400 Client Error: Bad Request for url: https://olinda.bcb.gov.br/olinda/servico/Expectativas/versao/v1/odata/ExpectativasMercadoAnuais?%24filter=Indicador%20eq%20'Selic'&%24top=100&%24format=json&%24select=Indicador,Data,Ano,Mediana
2026-04-27 23:10:57,665 [WARNING] pipeline.macro: Não foi possível obter Focus IPCA: 400 Client Error: Bad Request for url: https://olinda.bcb.gov.br/olinda/servico/Expectativas/versao/v1/odata/ExpectativasMercadoAnuais?%24filter=Indicador%20eq%20'IPCA'&%24top=100&%24format=json&%24select=Indicador,Data,Ano,Mediana
2026-04-27 23:10:57,666 [INFO] pipeline.macro: 
=== Coletando dados macroeconômicos ===
2026-04-27 23:10:57,666 [INFO] pipeline.macro: Baixando série BCB 432...
2026-04-27 23:10:57,948 [ERROR] pipeline.macro: Erro ao baixar série BCB 432: 406 Client Error: Not Acceptable for url: https://api.bcb.gov.br/dados/serie/bcdata.sgs.432/dados?formato=json&dataInicial=01%2F01%2F2010&dataFinal=27%2F04%2F2026
2026-04-27 23:10:57,948 [WARNING] pipeline.macro: Série Selic meta sem DatetimeIndex — usando fallback histórico
2026-04-27 23:10:57,949 [INFO] pipeline.macro: Baixando série BCB 12...
2026-04-27 23:10:58,054 [ERROR] pipeline.macro: Erro ao baixar série BCB 12: 406 Client Error: Not Acceptable for url: https://api.bcb.gov.br/dados/serie/bcdata.sgs.12/dados?formato=json&dataInicial=01%2F01%2F2010&dataFinal=27%2F04%2F2026
2026-04-27 23:10:58,055 [WARNING] pipeline.macro: Série DI sem DatetimeIndex — usando fallback histórico
2026-04-27 23:10:58,058 [WARNING] pipeline.macro: IPCA calculado fora do intervalo plausível (55.3%) para 2019 — usando fallback
2026-04-27 23:10:58,058 [WARNING] pipeline.macro: IPCA calculado fora do intervalo plausível (46.1%) para 2020 — usando fallback
2026-04-27 23:10:58,058 [WARNING] pipeline.macro: IPCA calculado fora do intervalo plausível (159.3%) para 2021 — usando fallback
2026-04-27 23:10:58,059 [WARNING] pipeline.macro: IPCA calculado fora do intervalo plausível (191.2%) para 2022 — usando fallback
2026-04-27 23:10:58,059 [WARNING] pipeline.macro: IPCA calculado fora do intervalo plausível (71.5%) para 2023 — usando fallback
2026-04-27 23:10:58,060 [WARNING] pipeline.macro: IPCA calculado fora do intervalo plausível (67.0%) para 2024 — usando fallback
2026-04-27 23:10:58,060 [INFO] pipeline.macro: Baixando série BCB 258...
2026-04-27 23:10:58,167 [ERROR] pipeline.macro: Erro ao baixar série BCB 258: 406 Client Error: Not Acceptable for url: https://api.bcb.gov.br/dados/serie/bcdata.sgs.258/dados?formato=json&dataInicial=01%2F01%2F2010&dataFinal=27%2F04%2F2026
2026-04-27 23:10:58,167 [WARNING] pipeline.macro: Série TJLP sem DatetimeIndex — usando fallback histórico
2026-04-27 23:10:58,175 [WARNING] pipeline.macro: IPCA calculado fora do intervalo plausível (55.3%) para 2019 — usando fallback
2026-04-27 23:10:58,176 [WARNING] pipeline.macro: IPCA calculado fora do intervalo plausível (46.1%) para 2020 — usando fallback
2026-04-27 23:10:58,176 [WARNING] pipeline.macro: IPCA calculado fora do intervalo plausível (159.3%) para 2021 — usando fallback
2026-04-27 23:10:58,177 [WARNING] pipeline.macro: IPCA calculado fora do intervalo plausível (191.2%) para 2022 — usando fallback
2026-04-27 23:10:58,177 [WARNING] pipeline.macro: IPCA calculado fora do intervalo plausível (71.5%) para 2023 — usando fallback
2026-04-27 23:10:58,178 [WARNING] pipeline.macro: IPCA calculado fora do intervalo plausível (67.0%) para 2024 — usando fallback
2026-04-27 23:10:58,178 [INFO] pipeline.macro: 
RESUMO MACRO HISTÓRICO:
2026-04-27 23:10:58,178 [INFO] pipeline.macro:   selic_meta     : 2020: 2.00% | 2021: 9.25% | 2022: 13.75% | 2023: 11.75% | 2024: 11.75%
2026-04-27 23:10:58,179 [INFO] pipeline.macro:   selic_efet     : 2020: 2.28% | 2021: 4.48% | 2022: 12.33% | 2023: 13.15% | 2024: 10.73%
2026-04-27 23:10:58,179 [INFO] pipeline.macro:   ipca           : 2020: 4.52% | 2021: 10.06% | 2022: 5.62% | 2023: 4.62% | 2024: 4.83%
2026-04-27 23:10:58,179 [INFO] pipeline.macro:   tjlp           : 2020: 5.25% | 2021: 5.25% | 2022: 6.25% | 2023: 7.00% | 2024: 7.00%
2026-04-27 23:10:58,179 [INFO] pipeline.macro:   cds            : 2020: 0.44% | 2021: 0.73% | 2022: 1.26% | 2023: 0.84% | 2024: 0.81%
2026-04-27 23:10:58,179 [INFO] pipeline.macro:   inflacao_impl  : 2020: 4.52% | 2021: 10.06% | 2022: 5.62% | 2023: 4.62% | 2024: 4.83%
2026-04-27 23:10:58,179 [INFO] pipeline: 
[3/6] Baixando demonstrações financeiras (CVM)...
2026-04-27 23:10:58,180 [INFO] pipeline.cvm: 
==================================================
2026-04-27 23:10:58,180 [INFO] pipeline.cvm: Baixando DFP 2019...
2026-04-27 23:10:58,381 [INFO] pipeline.cvm:   DFP dre 2019: 88 linhas
2026-04-27 23:10:58,720 [INFO] pipeline.cvm:   DFP bpa 2019: 68 linhas
2026-04-27 23:10:59,422 [INFO] pipeline.cvm:   DFP bpp 2019: 100 linhas
2026-04-27 23:10:59,807 [INFO] pipeline.cvm:   DFP dfc_mi 2019: 146 linhas
2026-04-27 23:10:59,848 [WARNING] pipeline.cvm:   Empresa 906 não encontrada em dfc_md 2019
2026-04-27 23:10:59,849 [INFO] pipeline.cvm: 
==================================================
2026-04-27 23:10:59,849 [INFO] pipeline.cvm: Baixando DFP 2020...
2026-04-27 23:11:00,155 [INFO] pipeline.cvm:   DFP dre 2020: 82 linhas
2026-04-27 23:11:00,612 [INFO] pipeline.cvm:   DFP bpa 2020: 82 linhas
2026-04-27 23:11:01,286 [INFO] pipeline.cvm:   DFP bpp 2020: 96 linhas
2026-04-27 23:11:01,662 [INFO] pipeline.cvm:   DFP dfc_mi 2020: 94 linhas
2026-04-27 23:11:01,685 [WARNING] pipeline.cvm:   Empresa 906 não encontrada em dfc_md 2020
2026-04-27 23:11:01,686 [INFO] pipeline.cvm: 
==================================================
2026-04-27 23:11:01,686 [INFO] pipeline.cvm: Baixando DFP 2021...
2026-04-27 23:11:01,922 [INFO] pipeline.cvm:   DFP dre 2021: 82 linhas
2026-04-27 23:11:02,365 [INFO] pipeline.cvm:   DFP bpa 2021: 82 linhas
2026-04-27 23:11:03,059 [INFO] pipeline.cvm:   DFP bpp 2021: 86 linhas
2026-04-27 23:11:03,416 [WARNING] pipeline.cvm:   Empresa 906 não encontrada em dfc_mi 2021
2026-04-27 23:11:03,445 [INFO] pipeline.cvm:   DFP dfc_md 2021: 64 linhas
2026-04-27 23:11:03,445 [INFO] pipeline.cvm: 
==================================================
2026-04-27 23:11:03,445 [INFO] pipeline.cvm: Baixando DFP 2022...
2026-04-27 23:11:03,676 [INFO] pipeline.cvm:   DFP dre 2022: 82 linhas
2026-04-27 23:11:04,096 [INFO] pipeline.cvm:   DFP bpa 2022: 82 linhas
2026-04-27 23:11:04,814 [INFO] pipeline.cvm:   DFP bpp 2022: 86 linhas
2026-04-27 23:11:05,206 [INFO] pipeline.cvm:   DFP dfc_mi 2022: 96 linhas
2026-04-27 23:11:05,236 [WARNING] pipeline.cvm:   Empresa 906 não encontrada em dfc_md 2022
2026-04-27 23:11:05,236 [INFO] pipeline.cvm: 
==================================================
2026-04-27 23:11:05,237 [INFO] pipeline.cvm: Baixando DFP 2023...
2026-04-27 23:11:05,476 [INFO] pipeline.cvm:   DFP dre 2023: 82 linhas
2026-04-27 23:11:05,901 [INFO] pipeline.cvm:   DFP bpa 2023: 82 linhas
2026-04-27 23:11:06,638 [INFO] pipeline.cvm:   DFP bpp 2023: 86 linhas
2026-04-27 23:11:07,051 [INFO] pipeline.cvm:   DFP dfc_mi 2023: 96 linhas
2026-04-27 23:11:07,079 [WARNING] pipeline.cvm:   Empresa 906 não encontrada em dfc_md 2023
2026-04-27 23:11:07,080 [INFO] pipeline.cvm: 
==================================================
2026-04-27 23:11:07,080 [INFO] pipeline.cvm: Baixando DFP 2024...
2026-04-27 23:11:07,311 [INFO] pipeline.cvm:   DFP dre 2024: 82 linhas
2026-04-27 23:11:07,720 [INFO] pipeline.cvm:   DFP bpa 2024: 82 linhas
2026-04-27 23:11:08,437 [INFO] pipeline.cvm:   DFP bpp 2024: 86 linhas
2026-04-27 23:11:08,836 [INFO] pipeline.cvm:   DFP dfc_mi 2024: 96 linhas
2026-04-27 23:11:08,863 [WARNING] pipeline.cvm:   Empresa 906 não encontrada em dfc_md 2024
2026-04-27 23:11:08,864 [INFO] pipeline.cvm: 
==================================================
2026-04-27 23:11:08,864 [INFO] pipeline.cvm: Baixando DFP 2025...
2026-04-27 23:11:09,067 [INFO] pipeline.cvm:   DFP dre 2025: 82 linhas
2026-04-27 23:11:09,437 [INFO] pipeline.cvm:   DFP bpa 2025: 82 linhas
2026-04-27 23:11:10,076 [INFO] pipeline.cvm:   DFP bpp 2025: 86 linhas
2026-04-27 23:11:10,436 [INFO] pipeline.cvm:   DFP dfc_mi 2025: 96 linhas
2026-04-27 23:11:10,457 [WARNING] pipeline.cvm:   Empresa 906 não encontrada em dfc_md 2025
2026-04-27 23:11:10,457 [INFO] pipeline:   Anos ajustados → Histórico: 2019-2025 | Projeção: 2026-2035
2026-04-27 23:11:10,457 [INFO] pipeline: 
[4/6] Normalizando dados...
2026-04-27 23:11:12,063 [INFO] pipeline:   DFC normalizada: 11 linhas
2026-04-27 23:11:12,065 [INFO] pipeline:   DRE normalizada:
2026-04-27 23:11:12,065 [INFO] pipeline:     receita_liquida: 2019: 124,306 | 2020: 98,429 | 2021: 125,443 | 2022: 205,913 | 2023: 224,458 | 2024: 213,220 | 2025: 270,183
2026-04-27 23:11:12,066 [INFO] pipeline:     ebit: 2019: 13,381 | 2020: 4,075 | 2021: 32,852 | 2022: 24,210 | 2023: 10,208 | 2024: 16,901 | 2025: 21,025
2026-04-27 23:11:12,066 [INFO] pipeline:     lucro_liquido: 2019: 21,173 | 2020: 15,837 | 2021: 23,172 | 2022: 20,984 | 2023: 14,251 | 2024: 17,253 | 2025: 23,673
2026-04-27 23:11:12,066 [INFO] pipeline: 
[5/6] Calculando projeções...
2026-04-27 23:11:12,067 [INFO] pipeline.projecoes: 
=== Projeções (não-financeira / FCFF) ===
2026-04-27 23:11:12,069 [INFO] pipeline.projecoes:   Margem EBITDA: 52.1% → 14.0% (conv 6a)
2026-04-27 23:11:12,069 [INFO] pipeline.projecoes:   D&A/Receita: 20.0%
2026-04-27 23:11:12,070 [INFO] pipeline.projecoes:   CAPEX/Receita: 0.3% → 4.0%
2026-04-27 23:11:12,070 [INFO] pipeline.projecoes:   NCG/Receita: 0.0% → 10.0%
2026-04-27 23:11:12,072 [INFO] pipeline.projecoes:   Alíquota efetiva: 34.0%
2026-04-27 23:11:12,072 [INFO] pipeline.projecoes: Projeções concluídas (FCFF). Resumo:
2026-04-27 23:11:12,072 [INFO] pipeline.projecoes:    Ano      Receita     EBITDA    Mg%      NOPAT       FCFF
2026-04-27 23:11:12,072 [INFO] pipeline.projecoes:   2026      290,672    133,097  45.8%     49,476     98,803
2026-04-27 23:11:12,072 [INFO] pipeline.projecoes:   2027      311,503    122,831  39.4%     39,950     90,082
2026-04-27 23:11:12,072 [INFO] pipeline.projecoes:   2028      332,530    109,980  33.1%     28,693     79,344
2026-04-27 23:11:12,072 [INFO] pipeline.projecoes:   2029      353,590     94,465  26.7%     15,673     66,537
2026-04-27 23:11:12,072 [INFO] pipeline.projecoes:   2030      374,511     76,243  20.4%        885     51,643
2026-04-27 23:11:12,073 [INFO] pipeline.valuation:   Estrutura de capital: E=20% | D=80%
2026-04-27 23:11:12,073 [INFO] pipeline: 
[6/6] Calculando valuation (FCFF / WACC)...
2026-04-27 23:11:12,073 [WARNING] pipeline.valuation: TIR > 150% — valor intrínseco muito acima do preço de mercado
2026-04-27 23:11:12,073 [WARNING] pipeline.valuation: TIR > 150% — valor intrínseco muito acima do preço de mercado
2026-04-27 23:11:12,074 [INFO] pipeline.valuation: 
==================================================
2026-04-27 23:11:12,074 [INFO] pipeline.valuation: VALUATION FCFF/WACC — SBFG3
2026-04-27 23:11:12,074 [INFO] pipeline.valuation:   VP FCFF (10a):     R$      437,666 MM
2026-04-27 23:11:12,074 [INFO] pipeline.valuation:   Valor Perp. (VP):  R$      390,976 MM
2026-04-27 23:11:12,074 [INFO] pipeline.valuation:   ENTERPRISE VALUE:  R$      828,642 MM
2026-04-27 23:11:12,074 [INFO] pipeline.valuation:   (-) Dívida Líq.:   R$      534,446 MM
2026-04-27 23:11:12,074 [INFO] pipeline.valuation:   VALOR DO EQUITY:   R$      294,196 MM
2026-04-27 23:11:12,074 [INFO] pipeline.valuation:   Preço Justo ON:    R$  1277.64
2026-04-27 23:11:12,074 [INFO] pipeline.valuation:   Preço Justo PN:    R$  1277.64
2026-04-27 23:11:12,074 [INFO] pipeline.valuation:   Cotação ON:        R$    11.55
2026-04-27 23:11:12,074 [INFO] pipeline.valuation:   Upside ON:            10961.8%
2026-04-27 23:11:12,075 [INFO] pipeline.valuation:   TIR (ON):               150.0%
2026-04-27 23:11:12,075 [INFO] pipeline.valuation:   WACC último ano:         12.0%
2026-04-27 23:11:12,076 [INFO] pipeline:   Sem template VAROS para SBFG3 — Excel será criado do zero
2026-04-27 23:11:12,076 [INFO] pipeline.excel_geral: 
============================================================
2026-04-27 23:11:12,076 [INFO] pipeline.excel_geral: Criando Excel completo (12 abas) para: SBF Group (Centauro) (SBFG3)
2026-04-27 23:11:12,077 [INFO] pipeline.excel_geral:   → 1/12  Dashboard
2026-04-27 23:11:12,088 [INFO] pipeline.excel_geral:   → 2/12  WACC
2026-04-27 23:11:12,125 [INFO] pipeline.excel_geral:   → 3/12  TIR ON
2026-04-27 23:11:12,135 [INFO] pipeline.excel_geral:   → 4/12  TIR PN
2026-04-27 23:11:12,144 [INFO] pipeline.excel_geral:   → 5/12  Valor do Equity
2026-04-27 23:11:12,150 [INFO] pipeline.excel_geral:   → 6/12  Preço Teto
2026-04-27 23:11:12,155 [INFO] pipeline.excel_geral:   → 7/12  DRE + DCF
2026-04-27 23:11:12,269 [INFO] pipeline.excel_geral:   → 8/12  DRE Contas Abertas
2026-04-27 23:11:12,329 [INFO] pipeline.excel_geral:   → 9/12  Balanço Patrimonial
2026-04-27 23:11:12,376 [INFO] pipeline.excel_geral:   → 10/12 Painel de Índices
2026-04-27 23:11:12,443 [INFO] pipeline.excel_geral:   → 11/12 Projeções Premissas
2026-04-27 23:11:12,467 [INFO] pipeline.excel_geral:   → 12/12 Projeções Capex e CG
2026-04-27 23:11:12,566 [INFO] pipeline.excel_geral: 
Arquivo salvo: C:\Users\55819\OneDrive - EPEJUD\DIEGO\OBSIDIAN\Analista de Investimentos\12_PYTHON\pipeline banco completo\outputs\Valuation_SBFG3_SBF Group (Centauro)_20260427.xlsx
2026-04-27 23:11:12,567 [INFO] pipeline: 
======================================================================
2026-04-27 23:11:12,567 [INFO] pipeline: RESUMO DO VALUATION (FCFF/WACC)
2026-04-27 23:11:12,567 [INFO] pipeline: ======================================================================
2026-04-27 23:11:12,567 [INFO] pipeline:   Empresa:           SBF Group (Centauro) (SBFG3)
2026-04-27 23:11:12,567 [INFO] pipeline:   Enterprise Value:  R$      828,642 MM
2026-04-27 23:11:12,567 [INFO] pipeline:   Cotação ON:        R$ 11.55
2026-04-27 23:11:12,567 [INFO] pipeline:   Preço Justo ON:    R$ 1277.64
2026-04-27 23:11:12,567 [INFO] pipeline:   Upside ON:            10961.8%
2026-04-27 23:11:12,567 [INFO] pipeline:   TIR:                  150.0%
2026-04-27 23:11:12,567 [INFO] pipeline:   Preço Teto ON:     R$ 1277.63
2026-04-27 23:11:12,567 [INFO] pipeline: 
  Arquivo gerado:    C:\Users\55819\OneDrive - EPEJUD\DIEGO\OBSIDIAN\Analista de Investimentos\12_PYTHON\pipeline banco completo\outputs\Valuation_SBFG3_SBF Group (Centauro)_20260427.xlsx
2026-04-27 23:11:12,567 [INFO] pipeline: ======================================================================
2026-04-27 23:11:12,569 [INFO] pipeline: ✓ SBFG3: arquivo gerado → C:\Users\55819\OneDrive - EPEJUD\DIEGO\OBSIDIAN\Analista de Investimentos\12_PYTHON\pipeline banco completo\outputs\Valuation_SBFG3_SBF Group (Centauro)_20260427.xlsx
2026-04-27 23:11:12,570 [INFO] pipeline: 
──────────────────────────────────────────────────────────────────────
2026-04-27 23:11:12,570 [INFO] pipeline: Processando: NTCO3 (Natura &Co)
2026-04-27 23:11:12,570 [INFO] pipeline: ──────────────────────────────────────────────────────────────────────
2026-04-27 23:11:12,570 [INFO] pipeline: ======================================================================
2026-04-27 23:11:12,570 [INFO] pipeline: PIPELINE DE VALUATION [CONSUMO_VAREJO] — NTCO3 — Natura &Co
2026-04-27 23:11:12,570 [INFO] pipeline: Início: 2026-04-27 23:11:12
2026-04-27 23:11:12,570 [INFO] pipeline:   Setor: consumo_varejo | Motor: WACC
2026-04-27 23:11:12,570 [INFO] pipeline: ======================================================================
2026-04-27 23:11:12,570 [INFO] pipeline: 
[1/6] Coletando dados de mercado...
2026-04-27 23:11:12,571 [INFO] pipeline:   Buscando cotação via yfinance...
2026-04-27 23:11:12,571 [INFO] pipeline.mercado: Buscando cotação atual: NTCO3.SA
2026-04-27 23:11:13,194 [INFO] pipeline:   Cotação ON: R$ 0.00  |  Cotação PN: R$ 0.00
2026-04-27 23:11:13,325 [INFO] pipeline.mercado: Calculando beta: NTCO3 (252 dias úteis)
2026-04-27 23:11:13,325 [INFO] pipeline.mercado: Baixando preços: NTCO3.SA (2019-01-01 → 2026-04-27)
2026-04-27 23:11:14,651 [ERROR] yfinance: $NTCO3.SA: possibly delisted; no timezone found
2026-04-27 23:11:14,659 [ERROR] yfinance: 
1 Failed download:
2026-04-27 23:11:14,659 [ERROR] yfinance: ['NTCO3.SA']: possibly delisted; no timezone found
2026-04-27 23:11:14,671 [WARNING] pipeline.mercado: Sem dados de preços para NTCO3.SA
2026-04-27 23:11:14,676 [WARNING] pipeline.mercado: Dados insuficientes para calcular beta
2026-04-27 23:11:14,677 [INFO] pipeline:   Beta estatístico: 0.850 | Beta utilizado: 0.850
2026-04-27 23:11:14,677 [INFO] pipeline: 
[2/6] Coletando dados macroeconômicos (BCB)...
2026-04-27 23:11:14,957 [WARNING] pipeline.macro: Não foi possível obter Focus Selic: 400 Client Error: Bad Request for url: https://olinda.bcb.gov.br/olinda/servico/Expectativas/versao/v1/odata/ExpectativasMercadoAnuais?%24filter=Indicador%20eq%20'Selic'&%24top=100&%24format=json&%24select=Indicador,Data,Ano,Mediana
2026-04-27 23:11:15,245 [WARNING] pipeline.macro: Não foi possível obter Focus IPCA: 400 Client Error: Bad Request for url: https://olinda.bcb.gov.br/olinda/servico/Expectativas/versao/v1/odata/ExpectativasMercadoAnuais?%24filter=Indicador%20eq%20'IPCA'&%24top=100&%24format=json&%24select=Indicador,Data,Ano,Mediana
2026-04-27 23:11:15,247 [INFO] pipeline.macro: 
=== Coletando dados macroeconômicos ===
2026-04-27 23:11:15,247 [INFO] pipeline.macro: Baixando série BCB 432...
2026-04-27 23:11:15,524 [ERROR] pipeline.macro: Erro ao baixar série BCB 432: 406 Client Error: Not Acceptable for url: https://api.bcb.gov.br/dados/serie/bcdata.sgs.432/dados?formato=json&dataInicial=01%2F01%2F2010&dataFinal=27%2F04%2F2026
2026-04-27 23:11:15,525 [WARNING] pipeline.macro: Série Selic meta sem DatetimeIndex — usando fallback histórico
2026-04-27 23:11:15,525 [INFO] pipeline.macro: Baixando série BCB 12...
2026-04-27 23:11:15,641 [ERROR] pipeline.macro: Erro ao baixar série BCB 12: 406 Client Error: Not Acceptable for url: https://api.bcb.gov.br/dados/serie/bcdata.sgs.12/dados?formato=json&dataInicial=01%2F01%2F2010&dataFinal=27%2F04%2F2026
2026-04-27 23:11:15,641 [WARNING] pipeline.macro: Série DI sem DatetimeIndex — usando fallback histórico
2026-04-27 23:11:15,645 [WARNING] pipeline.macro: IPCA calculado fora do intervalo plausível (55.3%) para 2019 — usando fallback
2026-04-27 23:11:15,646 [WARNING] pipeline.macro: IPCA calculado fora do intervalo plausível (46.1%) para 2020 — usando fallback
2026-04-27 23:11:15,646 [WARNING] pipeline.macro: IPCA calculado fora do intervalo plausível (159.3%) para 2021 — usando fallback
2026-04-27 23:11:15,647 [WARNING] pipeline.macro: IPCA calculado fora do intervalo plausível (191.2%) para 2022 — usando fallback
2026-04-27 23:11:15,647 [WARNING] pipeline.macro: IPCA calculado fora do intervalo plausível (71.5%) para 2023 — usando fallback
2026-04-27 23:11:15,647 [WARNING] pipeline.macro: IPCA calculado fora do intervalo plausível (67.0%) para 2024 — usando fallback
2026-04-27 23:11:15,647 [INFO] pipeline.macro: Baixando série BCB 258...
2026-04-27 23:11:15,748 [ERROR] pipeline.macro: Erro ao baixar série BCB 258: 406 Client Error: Not Acceptable for url: https://api.bcb.gov.br/dados/serie/bcdata.sgs.258/dados?formato=json&dataInicial=01%2F01%2F2010&dataFinal=27%2F04%2F2026
2026-04-27 23:11:15,748 [WARNING] pipeline.macro: Série TJLP sem DatetimeIndex — usando fallback histórico
2026-04-27 23:11:15,758 [WARNING] pipeline.macro: IPCA calculado fora do intervalo plausível (55.3%) para 2019 — usando fallback
2026-04-27 23:11:15,759 [WARNING] pipeline.macro: IPCA calculado fora do intervalo plausível (46.1%) para 2020 — usando fallback
2026-04-27 23:11:15,759 [WARNING] pipeline.macro: IPCA calculado fora do intervalo plausível (159.3%) para 2021 — usando fallback
2026-04-27 23:11:15,760 [WARNING] pipeline.macro: IPCA calculado fora do intervalo plausível (191.2%) para 2022 — usando fallback
2026-04-27 23:11:15,760 [WARNING] pipeline.macro: IPCA calculado fora do intervalo plausível (71.5%) para 2023 — usando fallback
2026-04-27 23:11:15,761 [WARNING] pipeline.macro: IPCA calculado fora do intervalo plausível (67.0%) para 2024 — usando fallback
2026-04-27 23:11:15,761 [INFO] pipeline.macro: 
RESUMO MACRO HISTÓRICO:
2026-04-27 23:11:15,762 [INFO] pipeline.macro:   selic_meta     : 2020: 2.00% | 2021: 9.25% | 2022: 13.75% | 2023: 11.75% | 2024: 11.75%
2026-04-27 23:11:15,762 [INFO] pipeline.macro:   selic_efet     : 2020: 2.28% | 2021: 4.48% | 2022: 12.33% | 2023: 13.15% | 2024: 10.73%
2026-04-27 23:11:15,762 [INFO] pipeline.macro:   ipca           : 2020: 4.52% | 2021: 10.06% | 2022: 5.62% | 2023: 4.62% | 2024: 4.83%
2026-04-27 23:11:15,762 [INFO] pipeline.macro:   tjlp           : 2020: 5.25% | 2021: 5.25% | 2022: 6.25% | 2023: 7.00% | 2024: 7.00%
2026-04-27 23:11:15,762 [INFO] pipeline.macro:   cds            : 2020: 0.44% | 2021: 0.73% | 2022: 1.26% | 2023: 0.84% | 2024: 0.81%
2026-04-27 23:11:15,762 [INFO] pipeline.macro:   inflacao_impl  : 2020: 4.52% | 2021: 10.06% | 2022: 5.62% | 2023: 4.62% | 2024: 4.83%
2026-04-27 23:11:15,762 [INFO] pipeline: 
[3/6] Baixando demonstrações financeiras (CVM)...
2026-04-27 23:11:15,763 [INFO] pipeline.cvm: 
==================================================
2026-04-27 23:11:15,763 [INFO] pipeline.cvm: Baixando DFP 2019...
2026-04-27 23:11:15,999 [INFO] pipeline.cvm:   DFP dre 2019: 64 linhas
2026-04-27 23:11:16,417 [INFO] pipeline.cvm:   DFP bpa 2019: 130 linhas
2026-04-27 23:11:17,036 [INFO] pipeline.cvm:   DFP bpp 2019: 230 linhas
2026-04-27 23:11:17,342 [INFO] pipeline.cvm:   DFP dfc_mi 2019: 116 linhas
2026-04-27 23:11:17,359 [WARNING] pipeline.cvm:   Empresa 22055 não encontrada em dfc_md 2019
2026-04-27 23:11:17,359 [INFO] pipeline.cvm: 
==================================================
2026-04-27 23:11:17,360 [INFO] pipeline.cvm: Baixando DFP 2020...
2026-04-27 23:11:17,582 [INFO] pipeline.cvm:   DFP dre 2020: 62 linhas
2026-04-27 23:11:17,964 [INFO] pipeline.cvm:   DFP bpa 2020: 130 linhas
2026-04-27 23:11:18,621 [INFO] pipeline.cvm:   DFP bpp 2020: 222 linhas
2026-04-27 23:11:18,967 [INFO] pipeline.cvm:   DFP dfc_mi 2020: 118 linhas
2026-04-27 23:11:18,988 [WARNING] pipeline.cvm:   Empresa 22055 não encontrada em dfc_md 2020
2026-04-27 23:11:18,989 [INFO] pipeline.cvm: 
==================================================
2026-04-27 23:11:18,989 [INFO] pipeline.cvm: Baixando DFP 2021...
2026-04-27 23:11:19,222 [INFO] pipeline.cvm:   DFP dre 2021: 60 linhas
2026-04-27 23:11:19,619 [INFO] pipeline.cvm:   DFP bpa 2021: 130 linhas
2026-04-27 23:11:20,316 [INFO] pipeline.cvm:   DFP bpp 2021: 224 linhas
2026-04-27 23:11:20,691 [INFO] pipeline.cvm:   DFP dfc_mi 2021: 106 linhas
2026-04-27 23:11:20,723 [WARNING] pipeline.cvm:   Empresa 22055 não encontrada em dfc_md 2021
2026-04-27 23:11:20,724 [INFO] pipeline.cvm: 
==================================================
2026-04-27 23:11:20,724 [INFO] pipeline.cvm: Baixando DFP 2022...
2026-04-27 23:11:20,988 [INFO] pipeline.cvm:   DFP dre 2022: 62 linhas
2026-04-27 23:11:21,431 [INFO] pipeline.cvm:   DFP bpa 2022: 130 linhas
2026-04-27 23:11:22,161 [INFO] pipeline.cvm:   DFP bpp 2022: 224 linhas
2026-04-27 23:11:22,600 [INFO] pipeline.cvm:   DFP dfc_mi 2022: 116 linhas
2026-04-27 23:11:22,629 [WARNING] pipeline.cvm:   Empresa 22055 não encontrada em dfc_md 2022
2026-04-27 23:11:22,630 [INFO] pipeline.cvm: 
==================================================
2026-04-27 23:11:22,630 [INFO] pipeline.cvm: Baixando DFP 2023...
2026-04-27 23:11:22,904 [INFO] pipeline.cvm:   DFP dre 2023: 62 linhas
2026-04-27 23:11:23,355 [INFO] pipeline.cvm:   DFP bpa 2023: 132 linhas
2026-04-27 23:11:24,162 [INFO] pipeline.cvm:   DFP bpp 2023: 226 linhas
2026-04-27 23:11:24,595 [INFO] pipeline.cvm:   DFP dfc_mi 2023: 120 linhas
2026-04-27 23:11:24,627 [WARNING] pipeline.cvm:   Empresa 22055 não encontrada em dfc_md 2023
2026-04-27 23:11:24,628 [INFO] pipeline.cvm: 
==================================================
2026-04-27 23:11:24,628 [INFO] pipeline.cvm: Baixando DFP 2024...
2026-04-27 23:11:24,879 [INFO] pipeline.cvm:   DFP dre 2024: 62 linhas
2026-04-27 23:11:25,335 [INFO] pipeline.cvm:   DFP bpa 2024: 132 linhas
2026-04-27 23:11:26,118 [INFO] pipeline.cvm:   DFP bpp 2024: 228 linhas
2026-04-27 23:11:26,549 [INFO] pipeline.cvm:   DFP dfc_mi 2024: 120 linhas
2026-04-27 23:11:26,579 [WARNING] pipeline.cvm:   Empresa 22055 não encontrada em dfc_md 2024
2026-04-27 23:11:26,580 [INFO] pipeline.cvm: 
==================================================
2026-04-27 23:11:26,580 [INFO] pipeline.cvm: Baixando DFP 2025...
2026-04-27 23:11:26,806 [INFO] pipeline.cvm:   DFP dre 2025: 62 linhas
2026-04-27 23:11:27,204 [INFO] pipeline.cvm:   DFP bpa 2025: 132 linhas
2026-04-27 23:11:27,889 [INFO] pipeline.cvm:   DFP bpp 2025: 230 linhas
2026-04-27 23:11:28,273 [INFO] pipeline.cvm:   DFP dfc_mi 2025: 120 linhas
2026-04-27 23:11:28,299 [WARNING] pipeline.cvm:   Empresa 22055 não encontrada em dfc_md 2025
2026-04-27 23:11:28,299 [INFO] pipeline:   Anos ajustados → Histórico: 2019-2025 | Projeção: 2026-2035
2026-04-27 23:11:28,299 [INFO] pipeline: 
[4/6] Normalizando dados...
2026-04-27 23:11:30,266 [INFO] pipeline:   DFC normalizada: 11 linhas
2026-04-27 23:11:30,270 [INFO] pipeline:   DRE normalizada:
2026-04-27 23:11:30,271 [INFO] pipeline:     receita_liquida: 2019: 2,882 | 2020: 2,139 | 2021: 2,525 | 2022: 2,750 | 2023: 1,646 | 2024: 1,392 | 2025: 1,483
2026-04-27 23:11:30,271 [INFO] pipeline:     ebit: 2019: 67 | 2020: -293 | 2021: 5 | 2022: -241 | 2023: -289 | 2024: -44 | 2025: 197
2026-04-27 23:11:30,271 [INFO] pipeline:     lucro_liquido: 2019: -112 | 2020: -864 | 2021: -72 | 2022: -519 | 2023: -521 | 2024: -316 | 2025: -60
2026-04-27 23:11:30,271 [INFO] pipeline: 
[5/6] Calculando projeções...
2026-04-27 23:11:30,272 [INFO] pipeline.projecoes: 
=== Projeções (não-financeira / FCFF) ===
2026-04-27 23:11:30,273 [INFO] pipeline.projecoes:   Margem EBITDA: 16.6% → 16.0% (conv 6a)
2026-04-27 23:11:30,273 [INFO] pipeline.projecoes:   D&A/Receita: 3.3%
2026-04-27 23:11:30,275 [INFO] pipeline.projecoes:   CAPEX/Receita: 2.8% → 4.0%
2026-04-27 23:11:30,277 [INFO] pipeline.projecoes:   NCG/Receita: 11.0% → 10.0%
2026-04-27 23:11:30,280 [INFO] pipeline.projecoes:   Alíquota efetiva: 19.0%
2026-04-27 23:11:30,280 [INFO] pipeline.projecoes: Projeções concluídas (FCFF). Resumo:
2026-04-27 23:11:30,280 [INFO] pipeline.projecoes:    Ano      Receita     EBITDA    Mg%      NOPAT       FCFF
2026-04-27 23:11:30,280 [INFO] pipeline.projecoes:   2026        1,596        264  16.5%        171         -1
2026-04-27 23:11:30,280 [INFO] pipeline.projecoes:   2027        1,710        281  16.4%        182        173
2026-04-27 23:11:30,280 [INFO] pipeline.projecoes:   2028        1,825        298  16.3%        193        180
2026-04-27 23:11:30,280 [INFO] pipeline.projecoes:   2029        1,941        315  16.2%        203        186
2026-04-27 23:11:30,280 [INFO] pipeline.projecoes:   2030        2,056        331  16.1%        214        191
2026-04-27 23:11:30,281 [INFO] pipeline.valuation:   Estrutura de capital: E=20% | D=80%
2026-04-27 23:11:30,281 [INFO] pipeline: 
[6/6] Calculando valuation (FCFF / WACC)...
2026-04-27 23:11:30,282 [INFO] pipeline.valuation: 
==================================================
2026-04-27 23:11:30,282 [INFO] pipeline.valuation: VALUATION FCFF/WACC — NTCO3
2026-04-27 23:11:30,282 [INFO] pipeline.valuation:   VP FCFF (10a):     R$        1,029 MM
2026-04-27 23:11:30,283 [INFO] pipeline.valuation:   Valor Perp. (VP):  R$        1,520 MM
2026-04-27 23:11:30,283 [INFO] pipeline.valuation:   ENTERPRISE VALUE:  R$        2,549 MM
2026-04-27 23:11:30,283 [INFO] pipeline.valuation:   (-) Dívida Líq.:   R$          758 MM
2026-04-27 23:11:30,283 [INFO] pipeline.valuation:   VALOR DO EQUITY:   R$        1,791 MM
2026-04-27 23:11:30,283 [INFO] pipeline.valuation:   Preço Justo ON:    R$     0.00
2026-04-27 23:11:30,283 [INFO] pipeline.valuation:   Preço Justo PN:    R$     0.00
2026-04-27 23:11:30,283 [INFO] pipeline.valuation:   Cotação ON:        R$     0.00
2026-04-27 23:11:30,283 [INFO] pipeline.valuation:   Upside ON:                0.0%
2026-04-27 23:11:30,283 [INFO] pipeline.valuation:   TIR (ON):                 0.0%
2026-04-27 23:11:30,283 [INFO] pipeline.valuation:   WACC último ano:         12.0%
2026-04-27 23:11:30,283 [WARNING] pipeline: 
[!] AVISOS DE VALIDACAO:
2026-04-27 23:11:30,284 [WARNING] pipeline:   - Preço Justo ON inválido (≤ 0)
2026-04-27 23:11:30,285 [INFO] pipeline:   Sem template VAROS para NTCO3 — Excel será criado do zero
2026-04-27 23:11:30,285 [INFO] pipeline.excel_geral: 
============================================================
2026-04-27 23:11:30,285 [INFO] pipeline.excel_geral: Criando Excel completo (12 abas) para: Natura &Co (NTCO3)
2026-04-27 23:11:30,286 [INFO] pipeline.excel_geral:   → 1/12  Dashboard
2026-04-27 23:11:30,299 [INFO] pipeline.excel_geral:   → 2/12  WACC
2026-04-27 23:11:30,346 [INFO] pipeline.excel_geral:   → 3/12  TIR ON
2026-04-27 23:11:30,360 [INFO] pipeline.excel_geral:   → 4/12  TIR PN
2026-04-27 23:11:30,370 [INFO] pipeline.excel_geral:   → 5/12  Valor do Equity
2026-04-27 23:11:30,376 [INFO] pipeline.excel_geral:   → 6/12  Preço Teto
2026-04-27 23:11:30,385 [INFO] pipeline.excel_geral:   → 7/12  DRE + DCF
2026-04-27 23:11:30,526 [INFO] pipeline.excel_geral:   → 8/12  DRE Contas Abertas
2026-04-27 23:11:30,598 [INFO] pipeline.excel_geral:   → 9/12  Balanço Patrimonial
2026-04-27 23:11:30,651 [INFO] pipeline.excel_geral:   → 10/12 Painel de Índices
2026-04-27 23:11:30,739 [INFO] pipeline.excel_geral:   → 11/12 Projeções Premissas
2026-04-27 23:11:30,769 [INFO] pipeline.excel_geral:   → 12/12 Projeções Capex e CG
2026-04-27 23:11:30,906 [INFO] pipeline.excel_geral: 
Arquivo salvo: C:\Users\55819\OneDrive - EPEJUD\DIEGO\OBSIDIAN\Analista de Investimentos\12_PYTHON\pipeline banco completo\outputs\Valuation_NTCO3_Natura &Co_20260427.xlsx
2026-04-27 23:11:30,906 [INFO] pipeline: 
======================================================================
2026-04-27 23:11:30,906 [INFO] pipeline: RESUMO DO VALUATION (FCFF/WACC)
2026-04-27 23:11:30,906 [INFO] pipeline: ======================================================================
2026-04-27 23:11:30,906 [INFO] pipeline:   Empresa:           Natura &Co (NTCO3)
2026-04-27 23:11:30,907 [INFO] pipeline:   Enterprise Value:  R$        2,549 MM
2026-04-27 23:11:30,907 [INFO] pipeline:   Cotação ON:        R$ 0.00
2026-04-27 23:11:30,907 [INFO] pipeline:   Preço Justo ON:    R$ 0.00
2026-04-27 23:11:30,907 [INFO] pipeline:   Upside ON:            0.0%
2026-04-27 23:11:30,907 [INFO] pipeline:   TIR:                  0.0%
2026-04-27 23:11:30,907 [INFO] pipeline:   Preço Teto ON:     R$ 0.00
2026-04-27 23:11:30,907 [INFO] pipeline: 
  [!] 1 aviso(s) de validacao — verifique os logs
2026-04-27 23:11:30,908 [INFO] pipeline: 
  Arquivo gerado:    C:\Users\55819\OneDrive - EPEJUD\DIEGO\OBSIDIAN\Analista de Investimentos\12_PYTHON\pipeline banco completo\outputs\Valuation_NTCO3_Natura &Co_20260427.xlsx
2026-04-27 23:11:30,908 [INFO] pipeline: ======================================================================
2026-04-27 23:11:30,909 [INFO] pipeline: ✓ NTCO3: arquivo gerado → C:\Users\55819\OneDrive - EPEJUD\DIEGO\OBSIDIAN\Analista de Investimentos\12_PYTHON\pipeline banco completo\outputs\Valuation_NTCO3_Natura &Co_20260427.xlsx
2026-04-27 23:11:30,910 [INFO] pipeline: 
──────────────────────────────────────────────────────────────────────
2026-04-27 23:11:30,910 [INFO] pipeline: Processando: CEAB3 (C&A Brasil)
2026-04-27 23:11:30,910 [INFO] pipeline: ──────────────────────────────────────────────────────────────────────
2026-04-27 23:11:30,910 [INFO] pipeline: ======================================================================
2026-04-27 23:11:30,910 [INFO] pipeline: PIPELINE DE VALUATION [CONSUMO_VAREJO] — CEAB3 — C&A Brasil
2026-04-27 23:11:30,910 [INFO] pipeline: Início: 2026-04-27 23:11:30
2026-04-27 23:11:30,910 [INFO] pipeline:   Setor: consumo_varejo | Motor: WACC
2026-04-27 23:11:30,910 [INFO] pipeline: ======================================================================
2026-04-27 23:11:30,910 [INFO] pipeline: 
[1/6] Coletando dados de mercado...
2026-04-27 23:11:30,911 [INFO] pipeline:   Buscando cotação via yfinance...
2026-04-27 23:11:30,911 [INFO] pipeline.mercado: Buscando cotação atual: CEAB3.SA
2026-04-27 23:11:31,822 [INFO] pipeline:   Cotação ON: R$ 11.20  |  Cotação PN: R$ 0.00
2026-04-27 23:11:31,950 [INFO] pipeline.mercado: Calculando beta: CEAB3 (252 dias úteis)
2026-04-27 23:11:31,961 [INFO] pipeline.mercado:   Beta estatístico: 1.6810 | R²: 0.267 | n=251
2026-04-27 23:11:31,964 [INFO] pipeline:   Beta estatístico: 1.681 | Beta utilizado: 0.850
2026-04-27 23:11:31,964 [INFO] pipeline: 
[2/6] Coletando dados macroeconômicos (BCB)...
2026-04-27 23:11:32,299 [WARNING] pipeline.macro: Não foi possível obter Focus Selic: 400 Client Error: Bad Request for url: https://olinda.bcb.gov.br/olinda/servico/Expectativas/versao/v1/odata/ExpectativasMercadoAnuais?%24filter=Indicador%20eq%20'Selic'&%24top=100&%24format=json&%24select=Indicador,Data,Ano,Mediana
2026-04-27 23:11:32,582 [WARNING] pipeline.macro: Não foi possível obter Focus IPCA: 400 Client Error: Bad Request for url: https://olinda.bcb.gov.br/olinda/servico/Expectativas/versao/v1/odata/ExpectativasMercadoAnuais?%24filter=Indicador%20eq%20'IPCA'&%24top=100&%24format=json&%24select=Indicador,Data,Ano,Mediana
2026-04-27 23:11:32,583 [INFO] pipeline.macro: 
=== Coletando dados macroeconômicos ===
2026-04-27 23:11:32,583 [INFO] pipeline.macro: Baixando série BCB 432...
2026-04-27 23:11:32,868 [ERROR] pipeline.macro: Erro ao baixar série BCB 432: 406 Client Error: Not Acceptable for url: https://api.bcb.gov.br/dados/serie/bcdata.sgs.432/dados?formato=json&dataInicial=01%2F01%2F2010&dataFinal=27%2F04%2F2026
2026-04-27 23:11:32,868 [WARNING] pipeline.macro: Série Selic meta sem DatetimeIndex — usando fallback histórico
2026-04-27 23:11:32,868 [INFO] pipeline.macro: Baixando série BCB 12...
2026-04-27 23:11:32,966 [ERROR] pipeline.macro: Erro ao baixar série BCB 12: 406 Client Error: Not Acceptable for url: https://api.bcb.gov.br/dados/serie/bcdata.sgs.12/dados?formato=json&dataInicial=01%2F01%2F2010&dataFinal=27%2F04%2F2026
2026-04-27 23:11:32,966 [WARNING] pipeline.macro: Série DI sem DatetimeIndex — usando fallback histórico
2026-04-27 23:11:32,970 [WARNING] pipeline.macro: IPCA calculado fora do intervalo plausível (55.3%) para 2019 — usando fallback
2026-04-27 23:11:32,971 [WARNING] pipeline.macro: IPCA calculado fora do intervalo plausível (46.1%) para 2020 — usando fallback
2026-04-27 23:11:32,971 [WARNING] pipeline.macro: IPCA calculado fora do intervalo plausível (159.3%) para 2021 — usando fallback
2026-04-27 23:11:32,971 [WARNING] pipeline.macro: IPCA calculado fora do intervalo plausível (191.2%) para 2022 — usando fallback
2026-04-27 23:11:32,972 [WARNING] pipeline.macro: IPCA calculado fora do intervalo plausível (71.5%) para 2023 — usando fallback
2026-04-27 23:11:32,972 [WARNING] pipeline.macro: IPCA calculado fora do intervalo plausível (67.0%) para 2024 — usando fallback
2026-04-27 23:11:32,972 [INFO] pipeline.macro: Baixando série BCB 258...
2026-04-27 23:11:40,557 [ERROR] pipeline.macro: Erro ao baixar série BCB 258: 406 Client Error: Not Acceptable for url: https://api.bcb.gov.br/dados/serie/bcdata.sgs.258/dados?formato=json&dataInicial=01%2F01%2F2010&dataFinal=27%2F04%2F2026
2026-04-27 23:11:40,558 [WARNING] pipeline.macro: Série TJLP sem DatetimeIndex — usando fallback histórico
2026-04-27 23:11:40,569 [WARNING] pipeline.macro: IPCA calculado fora do intervalo plausível (55.3%) para 2019 — usando fallback
2026-04-27 23:11:40,569 [WARNING] pipeline.macro: IPCA calculado fora do intervalo plausível (46.1%) para 2020 — usando fallback
2026-04-27 23:11:40,570 [WARNING] pipeline.macro: IPCA calculado fora do intervalo plausível (159.3%) para 2021 — usando fallback
2026-04-27 23:11:40,570 [WARNING] pipeline.macro: IPCA calculado fora do intervalo plausível (191.2%) para 2022 — usando fallback
2026-04-27 23:11:40,570 [WARNING] pipeline.macro: IPCA calculado fora do intervalo plausível (71.5%) para 2023 — usando fallback
2026-04-27 23:11:40,571 [WARNING] pipeline.macro: IPCA calculado fora do intervalo plausível (67.0%) para 2024 — usando fallback
2026-04-27 23:11:40,571 [INFO] pipeline.macro: 
RESUMO MACRO HISTÓRICO:
2026-04-27 23:11:40,571 [INFO] pipeline.macro:   selic_meta     : 2020: 2.00% | 2021: 9.25% | 2022: 13.75% | 2023: 11.75% | 2024: 11.75%
2026-04-27 23:11:40,571 [INFO] pipeline.macro:   selic_efet     : 2020: 2.28% | 2021: 4.48% | 2022: 12.33% | 2023: 13.15% | 2024: 10.73%
2026-04-27 23:11:40,571 [INFO] pipeline.macro:   ipca           : 2020: 4.52% | 2021: 10.06% | 2022: 5.62% | 2023: 4.62% | 2024: 4.83%
2026-04-27 23:11:40,572 [INFO] pipeline.macro:   tjlp           : 2020: 5.25% | 2021: 5.25% | 2022: 6.25% | 2023: 7.00% | 2024: 7.00%
2026-04-27 23:11:40,572 [INFO] pipeline.macro:   cds            : 2020: 0.44% | 2021: 0.73% | 2022: 1.26% | 2023: 0.84% | 2024: 0.81%
2026-04-27 23:11:40,572 [INFO] pipeline.macro:   inflacao_impl  : 2020: 4.52% | 2021: 10.06% | 2022: 5.62% | 2023: 4.62% | 2024: 4.83%
2026-04-27 23:11:40,572 [INFO] pipeline: 
[3/6] Baixando demonstrações financeiras (CVM)...
2026-04-27 23:11:40,573 [INFO] pipeline.cvm: 
==================================================
2026-04-27 23:11:40,573 [INFO] pipeline.cvm: Baixando DFP 2019...
2026-04-27 23:11:40,789 [INFO] pipeline.cvm:   DFP dre 2019: 88 linhas
2026-04-27 23:11:41,109 [INFO] pipeline.cvm:   DFP bpa 2019: 68 linhas
2026-04-27 23:11:41,679 [INFO] pipeline.cvm:   DFP bpp 2019: 100 linhas
2026-04-27 23:11:41,979 [INFO] pipeline.cvm:   DFP dfc_mi 2019: 146 linhas
2026-04-27 23:11:41,998 [WARNING] pipeline.cvm:   Empresa 906 não encontrada em dfc_md 2019
2026-04-27 23:11:41,998 [INFO] pipeline.cvm: 
==================================================
2026-04-27 23:11:41,998 [INFO] pipeline.cvm: Baixando DFP 2020...
2026-04-27 23:11:42,221 [INFO] pipeline.cvm:   DFP dre 2020: 82 linhas
2026-04-27 23:11:42,597 [INFO] pipeline.cvm:   DFP bpa 2020: 82 linhas
2026-04-27 23:11:43,249 [INFO] pipeline.cvm:   DFP bpp 2020: 96 linhas
2026-04-27 23:11:43,597 [INFO] pipeline.cvm:   DFP dfc_mi 2020: 94 linhas
2026-04-27 23:11:43,617 [WARNING] pipeline.cvm:   Empresa 906 não encontrada em dfc_md 2020
2026-04-27 23:11:43,617 [INFO] pipeline.cvm: 
==================================================
2026-04-27 23:11:43,617 [INFO] pipeline.cvm: Baixando DFP 2021...
2026-04-27 23:11:43,846 [INFO] pipeline.cvm:   DFP dre 2021: 82 linhas
2026-04-27 23:11:44,244 [INFO] pipeline.cvm:   DFP bpa 2021: 82 linhas
2026-04-27 23:11:44,937 [INFO] pipeline.cvm:   DFP bpp 2021: 86 linhas
2026-04-27 23:11:45,302 [WARNING] pipeline.cvm:   Empresa 906 não encontrada em dfc_mi 2021
2026-04-27 23:11:45,330 [INFO] pipeline.cvm:   DFP dfc_md 2021: 64 linhas
2026-04-27 23:11:45,330 [INFO] pipeline.cvm: 
==================================================
2026-04-27 23:11:45,330 [INFO] pipeline.cvm: Baixando DFP 2022...
2026-04-27 23:11:45,562 [INFO] pipeline.cvm:   DFP dre 2022: 82 linhas
2026-04-27 23:11:45,977 [INFO] pipeline.cvm:   DFP bpa 2022: 82 linhas
2026-04-27 23:11:46,707 [INFO] pipeline.cvm:   DFP bpp 2022: 86 linhas
2026-04-27 23:11:47,090 [INFO] pipeline.cvm:   DFP dfc_mi 2022: 96 linhas
2026-04-27 23:11:47,121 [WARNING] pipeline.cvm:   Empresa 906 não encontrada em dfc_md 2022
2026-04-27 23:11:47,122 [INFO] pipeline.cvm: 
==================================================
2026-04-27 23:11:47,122 [INFO] pipeline.cvm: Baixando DFP 2023...
2026-04-27 23:11:47,362 [INFO] pipeline.cvm:   DFP dre 2023: 82 linhas
2026-04-27 23:11:47,786 [INFO] pipeline.cvm:   DFP bpa 2023: 82 linhas
2026-04-27 23:11:48,551 [INFO] pipeline.cvm:   DFP bpp 2023: 86 linhas
2026-04-27 23:11:48,953 [INFO] pipeline.cvm:   DFP dfc_mi 2023: 96 linhas
2026-04-27 23:11:48,984 [WARNING] pipeline.cvm:   Empresa 906 não encontrada em dfc_md 2023
2026-04-27 23:11:48,984 [INFO] pipeline.cvm: 
==================================================
2026-04-27 23:11:48,984 [INFO] pipeline.cvm: Baixando DFP 2024...
2026-04-27 23:11:49,215 [INFO] pipeline.cvm:   DFP dre 2024: 82 linhas
2026-04-27 23:11:49,625 [INFO] pipeline.cvm:   DFP bpa 2024: 82 linhas
2026-04-27 23:11:50,338 [INFO] pipeline.cvm:   DFP bpp 2024: 86 linhas
2026-04-27 23:11:50,757 [INFO] pipeline.cvm:   DFP dfc_mi 2024: 96 linhas
2026-04-27 23:11:50,788 [WARNING] pipeline.cvm:   Empresa 906 não encontrada em dfc_md 2024
2026-04-27 23:11:50,789 [INFO] pipeline.cvm: 
==================================================
2026-04-27 23:11:50,789 [INFO] pipeline.cvm: Baixando DFP 2025...
2026-04-27 23:11:51,012 [INFO] pipeline.cvm:   DFP dre 2025: 82 linhas
2026-04-27 23:11:51,411 [INFO] pipeline.cvm:   DFP bpa 2025: 82 linhas
2026-04-27 23:11:52,099 [INFO] pipeline.cvm:   DFP bpp 2025: 86 linhas
2026-04-27 23:11:52,467 [INFO] pipeline.cvm:   DFP dfc_mi 2025: 96 linhas
2026-04-27 23:11:52,492 [WARNING] pipeline.cvm:   Empresa 906 não encontrada em dfc_md 2025
2026-04-27 23:11:52,493 [INFO] pipeline:   Anos ajustados → Histórico: 2019-2025 | Projeção: 2026-2035
2026-04-27 23:11:52,493 [INFO] pipeline: 
[4/6] Normalizando dados...
2026-04-27 23:11:54,144 [INFO] pipeline:   DFC normalizada: 11 linhas
2026-04-27 23:11:54,147 [INFO] pipeline:   DRE normalizada:
2026-04-27 23:11:54,147 [INFO] pipeline:     receita_liquida: 2019: 124,306 | 2020: 98,429 | 2021: 125,443 | 2022: 205,913 | 2023: 224,458 | 2024: 213,220 | 2025: 270,183
2026-04-27 23:11:54,147 [INFO] pipeline:     ebit: 2019: 13,381 | 2020: 4,075 | 2021: 32,852 | 2022: 24,210 | 2023: 10,208 | 2024: 16,901 | 2025: 21,025
2026-04-27 23:11:54,147 [INFO] pipeline:     lucro_liquido: 2019: 21,173 | 2020: 15,837 | 2021: 23,172 | 2022: 20,984 | 2023: 14,251 | 2024: 17,253 | 2025: 23,673
2026-04-27 23:11:54,147 [INFO] pipeline: 
[5/6] Calculando projeções...
2026-04-27 23:11:54,150 [INFO] pipeline.projecoes: 
=== Projeções (não-financeira / FCFF) ===
2026-04-27 23:11:54,151 [INFO] pipeline.projecoes:   Margem EBITDA: 52.1% → 11.0% (conv 6a)
2026-04-27 23:11:54,151 [INFO] pipeline.projecoes:   D&A/Receita: 20.0%
2026-04-27 23:11:54,152 [INFO] pipeline.projecoes:   CAPEX/Receita: 0.3% → 4.0%
2026-04-27 23:11:54,152 [INFO] pipeline.projecoes:   NCG/Receita: 0.0% → 10.0%
2026-04-27 23:11:54,154 [INFO] pipeline.projecoes:   Alíquota efetiva: 34.0%
2026-04-27 23:11:54,154 [INFO] pipeline.projecoes: Projeções concluídas (FCFF). Resumo:
2026-04-27 23:11:54,154 [INFO] pipeline.projecoes:    Ano      Receita     EBITDA    Mg%      NOPAT       FCFF
2026-04-27 23:11:54,154 [INFO] pipeline.projecoes:   2026      290,672    131,644  45.3%     48,516     97,843
2026-04-27 23:11:54,154 [INFO] pipeline.projecoes:   2027      311,503    119,716  38.4%     37,894     88,027
2026-04-27 23:11:54,154 [INFO] pipeline.projecoes:   2028      332,530    104,992  31.6%     25,401     76,052
2026-04-27 23:11:54,154 [INFO] pipeline.projecoes:   2029      353,590     87,393  24.7%     11,005     61,870
2026-04-27 23:11:54,154 [INFO] pipeline.projecoes:   2030      374,511     66,880  17.9%     -5,295     45,463
2026-04-27 23:11:54,155 [INFO] pipeline.valuation:   Estrutura de capital: E=20% | D=80%
2026-04-27 23:11:54,155 [INFO] pipeline: 
[6/6] Calculando valuation (FCFF / WACC)...
2026-04-27 23:11:54,155 [WARNING] pipeline.valuation: TIR > 150% — valor intrínseco muito acima do preço de mercado
2026-04-27 23:11:54,155 [WARNING] pipeline.valuation: TIR > 150% — valor intrínseco muito acima do preço de mercado
2026-04-27 23:11:54,156 [INFO] pipeline.valuation: 
==================================================
2026-04-27 23:11:54,156 [INFO] pipeline.valuation: VALUATION FCFF/WACC — CEAB3
2026-04-27 23:11:54,156 [INFO] pipeline.valuation:   VP FCFF (10a):     R$      400,946 MM
2026-04-27 23:11:54,156 [INFO] pipeline.valuation:   Valor Perp. (VP):  R$      320,300 MM
2026-04-27 23:11:54,157 [INFO] pipeline.valuation:   ENTERPRISE VALUE:  R$      721,246 MM
2026-04-27 23:11:54,157 [INFO] pipeline.valuation:   (-) Dívida Líq.:   R$      534,446 MM
2026-04-27 23:11:54,157 [INFO] pipeline.valuation:   VALOR DO EQUITY:   R$      186,800 MM
2026-04-27 23:11:54,157 [INFO] pipeline.valuation:   Preço Justo ON:    R$   617.80
2026-04-27 23:11:54,157 [INFO] pipeline.valuation:   Preço Justo PN:    R$   617.80
2026-04-27 23:11:54,157 [INFO] pipeline.valuation:   Cotação ON:        R$    11.20
2026-04-27 23:11:54,157 [INFO] pipeline.valuation:   Upside ON:             5416.1%
2026-04-27 23:11:54,157 [INFO] pipeline.valuation:   TIR (ON):               150.0%
2026-04-27 23:11:54,157 [INFO] pipeline.valuation:   WACC último ano:         12.0%
2026-04-27 23:11:54,159 [INFO] pipeline:   Template encontrado (empresa): CEAB3-ValuationModeloVZA.xlsx
2026-04-27 23:11:54,159 [INFO] pipeline.excel_geral: 
============================================================
2026-04-27 23:11:54,160 [INFO] pipeline.excel_geral: Escrevendo com template VAROS: CEAB3-ValuationModeloVZA.xlsx
2026-04-27 23:11:55,821 [INFO] pipeline.excel_geral: 
Arquivo salvo: C:\Users\55819\OneDrive - EPEJUD\DIEGO\OBSIDIAN\Analista de Investimentos\12_PYTHON\pipeline banco completo\outputs\Valuation_CEAB3_C&A Brasil_20260427.xlsx
2026-04-27 23:11:55,821 [INFO] pipeline: 
======================================================================
2026-04-27 23:11:55,821 [INFO] pipeline: RESUMO DO VALUATION (FCFF/WACC)
2026-04-27 23:11:55,821 [INFO] pipeline: ======================================================================
2026-04-27 23:11:55,821 [INFO] pipeline:   Empresa:           C&A Brasil (CEAB3)
2026-04-27 23:11:55,821 [INFO] pipeline:   Enterprise Value:  R$      721,246 MM
2026-04-27 23:11:55,821 [INFO] pipeline:   Cotação ON:        R$ 11.20
2026-04-27 23:11:55,821 [INFO] pipeline:   Preço Justo ON:    R$ 617.80
2026-04-27 23:11:55,821 [INFO] pipeline:   Upside ON:            5416.1%
2026-04-27 23:11:55,821 [INFO] pipeline:   TIR:                  150.0%
2026-04-27 23:11:55,821 [INFO] pipeline:   Preço Teto ON:     R$ 617.80
2026-04-27 23:11:55,821 [INFO] pipeline: 
  Arquivo gerado:    C:\Users\55819\OneDrive - EPEJUD\DIEGO\OBSIDIAN\Analista de Investimentos\12_PYTHON\pipeline banco completo\outputs\Valuation_CEAB3_C&A Brasil_20260427.xlsx
2026-04-27 23:11:55,821 [INFO] pipeline: ======================================================================
2026-04-27 23:11:55,824 [INFO] pipeline: ✓ CEAB3: arquivo gerado → C:\Users\55819\OneDrive - EPEJUD\DIEGO\OBSIDIAN\Analista de Investimentos\12_PYTHON\pipeline banco completo\outputs\Valuation_CEAB3_C&A Brasil_20260427.xlsx
2026-04-27 23:11:55,824 [INFO] pipeline: 
──────────────────────────────────────────────────────────────────────
2026-04-27 23:11:55,824 [INFO] pipeline: Processando: PETZ3 (Petz)
2026-04-27 23:11:55,824 [INFO] pipeline: ──────────────────────────────────────────────────────────────────────
2026-04-27 23:11:55,824 [INFO] pipeline: ======================================================================
2026-04-27 23:11:55,824 [INFO] pipeline: PIPELINE DE VALUATION [CONSUMO_VAREJO] — PETZ3 — Petz
2026-04-27 23:11:55,824 [INFO] pipeline: Início: 2026-04-27 23:11:55
2026-04-27 23:11:55,824 [INFO] pipeline:   Setor: consumo_varejo | Motor: WACC
2026-04-27 23:11:55,825 [INFO] pipeline: ======================================================================
2026-04-27 23:11:55,825 [INFO] pipeline: 
[1/6] Coletando dados de mercado...
2026-04-27 23:11:55,825 [INFO] pipeline:   Buscando cotação via yfinance...
2026-04-27 23:11:55,825 [INFO] pipeline.mercado: Buscando cotação atual: PETZ3.SA
2026-04-27 23:11:56,470 [ERROR] yfinance: HTTP Error 404: {"quoteSummary":{"result":null,"error":{"code":"Not Found","description":"Quote not found for symbol: PETZ3.SA"}}}
2026-04-27 23:11:56,971 [INFO] pipeline:   Cotação ON: R$ 0.00  |  Cotação PN: R$ 0.00
2026-04-27 23:11:57,685 [ERROR] yfinance: HTTP Error 404: {"quoteSummary":{"result":null,"error":{"code":"Not Found","description":"Quote not found for symbol: PETZ3.SA"}}}
2026-04-27 23:11:57,749 [INFO] pipeline.mercado: Calculando beta: PETZ3 (252 dias úteis)
2026-04-27 23:11:57,749 [INFO] pipeline.mercado: Baixando preços: PETZ3.SA (2019-01-01 → 2026-04-27)
2026-04-27 23:11:59,484 [ERROR] yfinance: HTTP Error 404: {"quoteSummary":{"result":null,"error":{"code":"Not Found","description":"Quote not found for symbol: PETZ3.SA"}}}
2026-04-27 23:11:59,694 [ERROR] yfinance: $PETZ3.SA: possibly delisted; no timezone found
2026-04-27 23:11:59,700 [ERROR] yfinance: 
1 Failed download:
2026-04-27 23:11:59,700 [ERROR] yfinance: ['PETZ3.SA']: possibly delisted; no timezone found
2026-04-27 23:11:59,702 [WARNING] pipeline.mercado: Sem dados de preços para PETZ3.SA
2026-04-27 23:11:59,707 [WARNING] pipeline.mercado: Dados insuficientes para calcular beta
2026-04-27 23:11:59,707 [INFO] pipeline:   Beta estatístico: 0.850 | Beta utilizado: 0.850
2026-04-27 23:11:59,707 [INFO] pipeline: 
[2/6] Coletando dados macroeconômicos (BCB)...
2026-04-27 23:11:59,990 [WARNING] pipeline.macro: Não foi possível obter Focus Selic: 400 Client Error: Bad Request for url: https://olinda.bcb.gov.br/olinda/servico/Expectativas/versao/v1/odata/ExpectativasMercadoAnuais?%24filter=Indicador%20eq%20'Selic'&%24top=100&%24format=json&%24select=Indicador,Data,Ano,Mediana
2026-04-27 23:12:00,285 [WARNING] pipeline.macro: Não foi possível obter Focus IPCA: 400 Client Error: Bad Request for url: https://olinda.bcb.gov.br/olinda/servico/Expectativas/versao/v1/odata/ExpectativasMercadoAnuais?%24filter=Indicador%20eq%20'IPCA'&%24top=100&%24format=json&%24select=Indicador,Data,Ano,Mediana
2026-04-27 23:12:00,286 [INFO] pipeline.macro: 
=== Coletando dados macroeconômicos ===
2026-04-27 23:12:00,286 [INFO] pipeline.macro: Baixando série BCB 432...
2026-04-27 23:12:02,955 [ERROR] pipeline.macro: Erro ao baixar série BCB 432: 502 Server Error: Bad Gateway for url: https://api.bcb.gov.br/dados/serie/bcdata.sgs.432/dados?formato=json&dataInicial=01%2F01%2F2010&dataFinal=27%2F04%2F2026
2026-04-27 23:12:02,955 [WARNING] pipeline.macro: Série Selic meta sem DatetimeIndex — usando fallback histórico
2026-04-27 23:12:02,956 [INFO] pipeline.macro: Baixando série BCB 12...
2026-04-27 23:12:03,065 [ERROR] pipeline.macro: Erro ao baixar série BCB 12: 406 Client Error: Not Acceptable for url: https://api.bcb.gov.br/dados/serie/bcdata.sgs.12/dados?formato=json&dataInicial=01%2F01%2F2010&dataFinal=27%2F04%2F2026
2026-04-27 23:12:03,065 [WARNING] pipeline.macro: Série DI sem DatetimeIndex — usando fallback histórico
2026-04-27 23:12:03,069 [WARNING] pipeline.macro: IPCA calculado fora do intervalo plausível (55.3%) para 2019 — usando fallback
2026-04-27 23:12:03,070 [WARNING] pipeline.macro: IPCA calculado fora do intervalo plausível (46.1%) para 2020 — usando fallback
2026-04-27 23:12:03,070 [WARNING] pipeline.macro: IPCA calculado fora do intervalo plausível (159.3%) para 2021 — usando fallback
2026-04-27 23:12:03,070 [WARNING] pipeline.macro: IPCA calculado fora do intervalo plausível (191.2%) para 2022 — usando fallback
2026-04-27 23:12:03,070 [WARNING] pipeline.macro: IPCA calculado fora do intervalo plausível (71.5%) para 2023 — usando fallback
2026-04-27 23:12:03,071 [WARNING] pipeline.macro: IPCA calculado fora do intervalo plausível (67.0%) para 2024 — usando fallback
2026-04-27 23:12:03,071 [INFO] pipeline.macro: Baixando série BCB 258...
2026-04-27 23:12:03,186 [ERROR] pipeline.macro: Erro ao baixar série BCB 258: 406 Client Error: Not Acceptable for url: https://api.bcb.gov.br/dados/serie/bcdata.sgs.258/dados?formato=json&dataInicial=01%2F01%2F2010&dataFinal=27%2F04%2F2026
2026-04-27 23:12:03,186 [WARNING] pipeline.macro: Série TJLP sem DatetimeIndex — usando fallback histórico
2026-04-27 23:12:03,195 [WARNING] pipeline.macro: IPCA calculado fora do intervalo plausível (55.3%) para 2019 — usando fallback
2026-04-27 23:12:03,195 [WARNING] pipeline.macro: IPCA calculado fora do intervalo plausível (46.1%) para 2020 — usando fallback
2026-04-27 23:12:03,195 [WARNING] pipeline.macro: IPCA calculado fora do intervalo plausível (159.3%) para 2021 — usando fallback
2026-04-27 23:12:03,196 [WARNING] pipeline.macro: IPCA calculado fora do intervalo plausível (191.2%) para 2022 — usando fallback
2026-04-27 23:12:03,196 [WARNING] pipeline.macro: IPCA calculado fora do intervalo plausível (71.5%) para 2023 — usando fallback
2026-04-27 23:12:03,196 [WARNING] pipeline.macro: IPCA calculado fora do intervalo plausível (67.0%) para 2024 — usando fallback
2026-04-27 23:12:03,197 [INFO] pipeline.macro: 
RESUMO MACRO HISTÓRICO:
2026-04-27 23:12:03,197 [INFO] pipeline.macro:   selic_meta     : 2020: 2.00% | 2021: 9.25% | 2022: 13.75% | 2023: 11.75% | 2024: 11.75%
2026-04-27 23:12:03,197 [INFO] pipeline.macro:   selic_efet     : 2020: 2.28% | 2021: 4.48% | 2022: 12.33% | 2023: 13.15% | 2024: 10.73%
2026-04-27 23:12:03,197 [INFO] pipeline.macro:   ipca           : 2020: 4.52% | 2021: 10.06% | 2022: 5.62% | 2023: 4.62% | 2024: 4.83%
2026-04-27 23:12:03,197 [INFO] pipeline.macro:   tjlp           : 2020: 5.25% | 2021: 5.25% | 2022: 6.25% | 2023: 7.00% | 2024: 7.00%
2026-04-27 23:12:03,197 [INFO] pipeline.macro:   cds            : 2020: 0.44% | 2021: 0.73% | 2022: 1.26% | 2023: 0.84% | 2024: 0.81%
2026-04-27 23:12:03,197 [INFO] pipeline.macro:   inflacao_impl  : 2020: 4.52% | 2021: 10.06% | 2022: 5.62% | 2023: 4.62% | 2024: 4.83%
2026-04-27 23:12:03,197 [INFO] pipeline: 
[3/6] Baixando demonstrações financeiras (CVM)...
2026-04-27 23:12:03,198 [INFO] pipeline.cvm: 
==================================================
2026-04-27 23:12:03,199 [INFO] pipeline.cvm: Baixando DFP 2019...
2026-04-27 23:12:03,426 [INFO] pipeline.cvm:   DFP dre 2019: 88 linhas
2026-04-27 23:12:03,815 [INFO] pipeline.cvm:   DFP bpa 2019: 68 linhas
2026-04-27 23:12:04,496 [INFO] pipeline.cvm:   DFP bpp 2019: 100 linhas
2026-04-27 23:12:04,845 [INFO] pipeline.cvm:   DFP dfc_mi 2019: 146 linhas
2026-04-27 23:12:04,867 [WARNING] pipeline.cvm:   Empresa 906 não encontrada em dfc_md 2019
2026-04-27 23:12:04,867 [INFO] pipeline.cvm: 
==================================================
2026-04-27 23:12:04,867 [INFO] pipeline.cvm: Baixando DFP 2020...
2026-04-27 23:12:05,124 [INFO] pipeline.cvm:   DFP dre 2020: 82 linhas
2026-04-27 23:12:05,562 [INFO] pipeline.cvm:   DFP bpa 2020: 82 linhas
2026-04-27 23:12:06,297 [INFO] pipeline.cvm:   DFP bpp 2020: 96 linhas
2026-04-27 23:12:06,693 [INFO] pipeline.cvm:   DFP dfc_mi 2020: 94 linhas
2026-04-27 23:12:06,715 [WARNING] pipeline.cvm:   Empresa 906 não encontrada em dfc_md 2020
2026-04-27 23:12:06,716 [INFO] pipeline.cvm: 
==================================================
2026-04-27 23:12:06,716 [INFO] pipeline.cvm: Baixando DFP 2021...
2026-04-27 23:12:06,977 [INFO] pipeline.cvm:   DFP dre 2021: 82 linhas
2026-04-27 23:12:07,428 [INFO] pipeline.cvm:   DFP bpa 2021: 82 linhas
2026-04-27 23:12:08,218 [INFO] pipeline.cvm:   DFP bpp 2021: 86 linhas
2026-04-27 23:12:08,612 [WARNING] pipeline.cvm:   Empresa 906 não encontrada em dfc_mi 2021
2026-04-27 23:12:08,643 [INFO] pipeline.cvm:   DFP dfc_md 2021: 64 linhas
2026-04-27 23:12:08,644 [INFO] pipeline.cvm: 
==================================================
2026-04-27 23:12:08,644 [INFO] pipeline.cvm: Baixando DFP 2022...
2026-04-27 23:12:08,895 [INFO] pipeline.cvm:   DFP dre 2022: 82 linhas
2026-04-27 23:12:09,346 [INFO] pipeline.cvm:   DFP bpa 2022: 82 linhas
2026-04-27 23:12:10,117 [INFO] pipeline.cvm:   DFP bpp 2022: 86 linhas
2026-04-27 23:12:10,516 [INFO] pipeline.cvm:   DFP dfc_mi 2022: 96 linhas
2026-04-27 23:12:10,550 [WARNING] pipeline.cvm:   Empresa 906 não encontrada em dfc_md 2022
2026-04-27 23:12:10,550 [INFO] pipeline.cvm: 
==================================================
2026-04-27 23:12:10,550 [INFO] pipeline.cvm: Baixando DFP 2023...
2026-04-27 23:12:10,804 [INFO] pipeline.cvm:   DFP dre 2023: 82 linhas
2026-04-27 23:12:11,255 [INFO] pipeline.cvm:   DFP bpa 2023: 82 linhas
2026-04-27 23:12:12,047 [INFO] pipeline.cvm:   DFP bpp 2023: 86 linhas
2026-04-27 23:12:12,475 [INFO] pipeline.cvm:   DFP dfc_mi 2023: 96 linhas
2026-04-27 23:12:12,508 [WARNING] pipeline.cvm:   Empresa 906 não encontrada em dfc_md 2023
2026-04-27 23:12:12,509 [INFO] pipeline.cvm: 
==================================================
2026-04-27 23:12:12,509 [INFO] pipeline.cvm: Baixando DFP 2024...
2026-04-27 23:12:12,751 [INFO] pipeline.cvm:   DFP dre 2024: 82 linhas
2026-04-27 23:12:13,194 [INFO] pipeline.cvm:   DFP bpa 2024: 82 linhas
2026-04-27 23:12:13,953 [INFO] pipeline.cvm:   DFP bpp 2024: 86 linhas
2026-04-27 23:12:14,381 [INFO] pipeline.cvm:   DFP dfc_mi 2024: 96 linhas
2026-04-27 23:12:14,408 [WARNING] pipeline.cvm:   Empresa 906 não encontrada em dfc_md 2024
2026-04-27 23:12:14,409 [INFO] pipeline.cvm: 
==================================================
2026-04-27 23:12:14,409 [INFO] pipeline.cvm: Baixando DFP 2025...
2026-04-27 23:12:14,624 [INFO] pipeline.cvm:   DFP dre 2025: 82 linhas
2026-04-27 23:12:15,014 [INFO] pipeline.cvm:   DFP bpa 2025: 82 linhas
2026-04-27 23:12:15,687 [INFO] pipeline.cvm:   DFP bpp 2025: 86 linhas
2026-04-27 23:12:16,075 [INFO] pipeline.cvm:   DFP dfc_mi 2025: 96 linhas
2026-04-27 23:12:16,100 [WARNING] pipeline.cvm:   Empresa 906 não encontrada em dfc_md 2025
2026-04-27 23:12:16,101 [INFO] pipeline:   Anos ajustados → Histórico: 2019-2025 | Projeção: 2026-2035
2026-04-27 23:12:16,101 [INFO] pipeline: 
[4/6] Normalizando dados...
2026-04-27 23:12:17,870 [INFO] pipeline:   DFC normalizada: 11 linhas
2026-04-27 23:12:17,874 [INFO] pipeline:   DRE normalizada:
2026-04-27 23:12:17,875 [INFO] pipeline:     receita_liquida: 2019: 124,306 | 2020: 98,429 | 2021: 125,443 | 2022: 205,913 | 2023: 224,458 | 2024: 213,220 | 2025: 270,183
2026-04-27 23:12:17,875 [INFO] pipeline:     ebit: 2019: 13,381 | 2020: 4,075 | 2021: 32,852 | 2022: 24,210 | 2023: 10,208 | 2024: 16,901 | 2025: 21,025
2026-04-27 23:12:17,875 [INFO] pipeline:     lucro_liquido: 2019: 21,173 | 2020: 15,837 | 2021: 23,172 | 2022: 20,984 | 2023: 14,251 | 2024: 17,253 | 2025: 23,673
2026-04-27 23:12:17,875 [INFO] pipeline: 
[5/6] Calculando projeções...
2026-04-27 23:12:17,876 [INFO] pipeline.projecoes: 
=== Projeções (não-financeira / FCFF) ===
2026-04-27 23:12:17,877 [INFO] pipeline.projecoes:   Margem EBITDA: 52.1% → 10.0% (conv 6a)
2026-04-27 23:12:17,877 [INFO] pipeline.projecoes:   D&A/Receita: 20.0%
2026-04-27 23:12:17,878 [INFO] pipeline.projecoes:   CAPEX/Receita: 0.3% → 4.0%
2026-04-27 23:12:17,880 [INFO] pipeline.projecoes:   NCG/Receita: 0.0% → 10.0%
2026-04-27 23:12:17,881 [INFO] pipeline.projecoes:   Alíquota efetiva: 34.0%
2026-04-27 23:12:17,881 [INFO] pipeline.projecoes: Projeções concluídas (FCFF). Resumo:
2026-04-27 23:12:17,882 [INFO] pipeline.projecoes:    Ano      Receita     EBITDA    Mg%      NOPAT       FCFF
2026-04-27 23:12:17,882 [INFO] pipeline.projecoes:   2026      290,672    131,160  45.1%     48,197     97,524
2026-04-27 23:12:17,882 [INFO] pipeline.projecoes:   2027      311,503    118,678  38.1%     37,209     87,341
2026-04-27 23:12:17,882 [INFO] pipeline.projecoes:   2028      332,530    103,330  31.1%     24,304     74,955
2026-04-27 23:12:17,882 [INFO] pipeline.projecoes:   2029      353,590     85,035  24.0%      9,450     60,314
2026-04-27 23:12:17,882 [INFO] pipeline.projecoes:   2030      374,511     63,759  17.0%     -7,355     43,403
2026-04-27 23:12:17,882 [INFO] pipeline.valuation:   Estrutura de capital: E=20% | D=80%
2026-04-27 23:12:17,882 [INFO] pipeline: 
[6/6] Calculando valuation (FCFF / WACC)...
2026-04-27 23:12:17,882 [INFO] pipeline.valuation: 
==================================================
2026-04-27 23:12:17,882 [INFO] pipeline.valuation: VALUATION FCFF/WACC — PETZ3
2026-04-27 23:12:17,882 [INFO] pipeline.valuation:   VP FCFF (10a):     R$      391,199 MM
2026-04-27 23:12:17,883 [INFO] pipeline.valuation:   Valor Perp. (VP):  R$      301,367 MM
2026-04-27 23:12:17,883 [INFO] pipeline.valuation:   ENTERPRISE VALUE:  R$      692,566 MM
2026-04-27 23:12:17,883 [INFO] pipeline.valuation:   (-) Dívida Líq.:   R$      534,446 MM
2026-04-27 23:12:17,883 [INFO] pipeline.valuation:   VALOR DO EQUITY:   R$      158,120 MM
2026-04-27 23:12:17,883 [INFO] pipeline.valuation:   Preço Justo ON:    R$     0.00
2026-04-27 23:12:17,883 [INFO] pipeline.valuation:   Preço Justo PN:    R$     0.00
2026-04-27 23:12:17,883 [INFO] pipeline.valuation:   Cotação ON:        R$     0.00
2026-04-27 23:12:17,883 [INFO] pipeline.valuation:   Upside ON:                0.0%
2026-04-27 23:12:17,883 [INFO] pipeline.valuation:   TIR (ON):                 0.0%
2026-04-27 23:12:17,883 [INFO] pipeline.valuation:   WACC último ano:         12.0%
2026-04-27 23:12:17,883 [WARNING] pipeline: 
[!] AVISOS DE VALIDACAO:
2026-04-27 23:12:17,883 [WARNING] pipeline:   - Preço Justo ON inválido (≤ 0)
2026-04-27 23:12:17,887 [INFO] pipeline:   Template encontrado (empresa): Valuation Petz (DCF) - VAROS 2T24.xlsx
2026-04-27 23:12:17,888 [INFO] pipeline.excel_geral: 
============================================================
2026-04-27 23:12:17,888 [INFO] pipeline.excel_geral: Escrevendo com template VAROS: Valuation Petz (DCF) - VAROS 2T24.xlsx
2026-04-27 23:13:05,566 [INFO] pipeline.excel_geral: 
Arquivo salvo: C:\Users\55819\OneDrive - EPEJUD\DIEGO\OBSIDIAN\Analista de Investimentos\12_PYTHON\pipeline banco completo\outputs\Valuation_PETZ3_Petz_20260427.xlsx
2026-04-27 23:13:05,567 [INFO] pipeline: 
======================================================================
2026-04-27 23:13:05,567 [INFO] pipeline: RESUMO DO VALUATION (FCFF/WACC)
2026-04-27 23:13:05,567 [INFO] pipeline: ======================================================================
2026-04-27 23:13:05,567 [INFO] pipeline:   Empresa:           Petz (PETZ3)
2026-04-27 23:13:05,567 [INFO] pipeline:   Enterprise Value:  R$      692,566 MM
2026-04-27 23:13:05,567 [INFO] pipeline:   Cotação ON:        R$ 0.00
2026-04-27 23:13:05,568 [INFO] pipeline:   Preço Justo ON:    R$ 0.00
2026-04-27 23:13:05,568 [INFO] pipeline:   Upside ON:            0.0%
2026-04-27 23:13:05,568 [INFO] pipeline:   TIR:                  0.0%
2026-04-27 23:13:05,568 [INFO] pipeline:   Preço Teto ON:     R$ 0.00
2026-04-27 23:13:05,568 [INFO] pipeline: 
  [!] 1 aviso(s) de validacao — verifique os logs
2026-04-27 23:13:05,568 [INFO] pipeline: 
  Arquivo gerado:    C:\Users\55819\OneDrive - EPEJUD\DIEGO\OBSIDIAN\Analista de Investimentos\12_PYTHON\pipeline banco completo\outputs\Valuation_PETZ3_Petz_20260427.xlsx
2026-04-27 23:13:05,568 [INFO] pipeline: ======================================================================
2026-04-27 23:13:05,572 [INFO] pipeline: ✓ PETZ3: arquivo gerado → C:\Users\55819\OneDrive - EPEJUD\DIEGO\OBSIDIAN\Analista de Investimentos\12_PYTHON\pipeline banco completo\outputs\Valuation_PETZ3_Petz_20260427.xlsx
2026-04-27 23:13:05,573 [INFO] pipeline: 
──────────────────────────────────────────────────────────────────────
2026-04-27 23:13:05,573 [INFO] pipeline: Processando: AZZA3 (Azzas 2154)
2026-04-27 23:13:05,573 [INFO] pipeline: ──────────────────────────────────────────────────────────────────────
2026-04-27 23:13:05,573 [INFO] pipeline: ======================================================================
2026-04-27 23:13:05,573 [INFO] pipeline: PIPELINE DE VALUATION [CONSUMO_VAREJO] — AZZA3 — Azzas 2154
2026-04-27 23:13:05,573 [INFO] pipeline: Início: 2026-04-27 23:13:05
2026-04-27 23:13:05,574 [INFO] pipeline:   Setor: consumo_varejo | Motor: WACC
2026-04-27 23:13:05,574 [INFO] pipeline: ======================================================================
2026-04-27 23:13:05,574 [INFO] pipeline: 
[1/6] Coletando dados de mercado...
2026-04-27 23:13:05,574 [INFO] pipeline:   Buscando cotação via yfinance...
2026-04-27 23:13:05,574 [INFO] pipeline.mercado: Buscando cotação atual: AZZA3.SA
2026-04-27 23:13:07,204 [INFO] pipeline:   Cotação ON: R$ 21.90  |  Cotação PN: R$ 0.00
2026-04-27 23:13:07,485 [INFO] pipeline.mercado: Calculando beta: AZZA3 (252 dias úteis)
2026-04-27 23:13:07,497 [INFO] pipeline.mercado:   Beta estatístico: 1.6305 | R²: 0.294 | n=251
2026-04-27 23:13:07,498 [INFO] pipeline:   Beta estatístico: 1.631 | Beta utilizado: 0.850
2026-04-27 23:13:07,499 [INFO] pipeline: 
[2/6] Coletando dados macroeconômicos (BCB)...
2026-04-27 23:13:07,789 [WARNING] pipeline.macro: Não foi possível obter Focus Selic: 400 Client Error: Bad Request for url: https://olinda.bcb.gov.br/olinda/servico/Expectativas/versao/v1/odata/ExpectativasMercadoAnuais?%24filter=Indicador%20eq%20'Selic'&%24top=100&%24format=json&%24select=Indicador,Data,Ano,Mediana
2026-04-27 23:13:08,061 [WARNING] pipeline.macro: Não foi possível obter Focus IPCA: 400 Client Error: Bad Request for url: https://olinda.bcb.gov.br/olinda/servico/Expectativas/versao/v1/odata/ExpectativasMercadoAnuais?%24filter=Indicador%20eq%20'IPCA'&%24top=100&%24format=json&%24select=Indicador,Data,Ano,Mediana
2026-04-27 23:13:08,062 [INFO] pipeline.macro: 
=== Coletando dados macroeconômicos ===
2026-04-27 23:13:08,062 [INFO] pipeline.macro: Baixando série BCB 432...
2026-04-27 23:13:08,357 [ERROR] pipeline.macro: Erro ao baixar série BCB 432: 406 Client Error: Not Acceptable for url: https://api.bcb.gov.br/dados/serie/bcdata.sgs.432/dados?formato=json&dataInicial=01%2F01%2F2010&dataFinal=27%2F04%2F2026
2026-04-27 23:13:08,357 [WARNING] pipeline.macro: Série Selic meta sem DatetimeIndex — usando fallback histórico
2026-04-27 23:13:08,357 [INFO] pipeline.macro: Baixando série BCB 12...
2026-04-27 23:13:08,463 [ERROR] pipeline.macro: Erro ao baixar série BCB 12: 406 Client Error: Not Acceptable for url: https://api.bcb.gov.br/dados/serie/bcdata.sgs.12/dados?formato=json&dataInicial=01%2F01%2F2010&dataFinal=27%2F04%2F2026
2026-04-27 23:13:08,464 [WARNING] pipeline.macro: Série DI sem DatetimeIndex — usando fallback histórico
2026-04-27 23:13:08,467 [WARNING] pipeline.macro: IPCA calculado fora do intervalo plausível (55.3%) para 2019 — usando fallback
2026-04-27 23:13:08,468 [WARNING] pipeline.macro: IPCA calculado fora do intervalo plausível (46.1%) para 2020 — usando fallback
2026-04-27 23:13:08,468 [WARNING] pipeline.macro: IPCA calculado fora do intervalo plausível (159.3%) para 2021 — usando fallback
2026-04-27 23:13:08,469 [WARNING] pipeline.macro: IPCA calculado fora do intervalo plausível (191.2%) para 2022 — usando fallback
2026-04-27 23:13:08,469 [WARNING] pipeline.macro: IPCA calculado fora do intervalo plausível (71.5%) para 2023 — usando fallback
2026-04-27 23:13:08,469 [WARNING] pipeline.macro: IPCA calculado fora do intervalo plausível (67.0%) para 2024 — usando fallback
2026-04-27 23:13:08,469 [INFO] pipeline.macro: Baixando série BCB 258...
2026-04-27 23:13:08,576 [ERROR] pipeline.macro: Erro ao baixar série BCB 258: 406 Client Error: Not Acceptable for url: https://api.bcb.gov.br/dados/serie/bcdata.sgs.258/dados?formato=json&dataInicial=01%2F01%2F2010&dataFinal=27%2F04%2F2026
2026-04-27 23:13:08,577 [WARNING] pipeline.macro: Série TJLP sem DatetimeIndex — usando fallback histórico
2026-04-27 23:13:08,585 [WARNING] pipeline.macro: IPCA calculado fora do intervalo plausível (55.3%) para 2019 — usando fallback
2026-04-27 23:13:08,587 [WARNING] pipeline.macro: IPCA calculado fora do intervalo plausível (46.1%) para 2020 — usando fallback
2026-04-27 23:13:08,587 [WARNING] pipeline.macro: IPCA calculado fora do intervalo plausível (159.3%) para 2021 — usando fallback
2026-04-27 23:13:08,587 [WARNING] pipeline.macro: IPCA calculado fora do intervalo plausível (191.2%) para 2022 — usando fallback
2026-04-27 23:13:08,588 [WARNING] pipeline.macro: IPCA calculado fora do intervalo plausível (71.5%) para 2023 — usando fallback
2026-04-27 23:13:08,588 [WARNING] pipeline.macro: IPCA calculado fora do intervalo plausível (67.0%) para 2024 — usando fallback
2026-04-27 23:13:08,588 [INFO] pipeline.macro: 
RESUMO MACRO HISTÓRICO:
2026-04-27 23:13:08,588 [INFO] pipeline.macro:   selic_meta     : 2020: 2.00% | 2021: 9.25% | 2022: 13.75% | 2023: 11.75% | 2024: 11.75%
2026-04-27 23:13:08,588 [INFO] pipeline.macro:   selic_efet     : 2020: 2.28% | 2021: 4.48% | 2022: 12.33% | 2023: 13.15% | 2024: 10.73%
2026-04-27 23:13:08,588 [INFO] pipeline.macro:   ipca           : 2020: 4.52% | 2021: 10.06% | 2022: 5.62% | 2023: 4.62% | 2024: 4.83%
2026-04-27 23:13:08,588 [INFO] pipeline.macro:   tjlp           : 2020: 5.25% | 2021: 5.25% | 2022: 6.25% | 2023: 7.00% | 2024: 7.00%
2026-04-27 23:13:08,588 [INFO] pipeline.macro:   cds            : 2020: 0.44% | 2021: 0.73% | 2022: 1.26% | 2023: 0.84% | 2024: 0.81%
2026-04-27 23:13:08,588 [INFO] pipeline.macro:   inflacao_impl  : 2020: 4.52% | 2021: 10.06% | 2022: 5.62% | 2023: 4.62% | 2024: 4.83%
2026-04-27 23:13:08,589 [INFO] pipeline: 
[3/6] Baixando demonstrações financeiras (CVM)...
2026-04-27 23:13:08,589 [INFO] pipeline.cvm: 
==================================================
2026-04-27 23:13:08,589 [INFO] pipeline.cvm: Baixando DFP 2019...
2026-04-27 23:13:08,870 [INFO] pipeline.cvm:   DFP dre 2019: 88 linhas
2026-04-27 23:13:09,343 [INFO] pipeline.cvm:   DFP bpa 2019: 68 linhas
2026-04-27 23:13:10,065 [INFO] pipeline.cvm:   DFP bpp 2019: 100 linhas
2026-04-27 23:13:10,385 [INFO] pipeline.cvm:   DFP dfc_mi 2019: 146 linhas
2026-04-27 23:13:10,415 [WARNING] pipeline.cvm:   Empresa 906 não encontrada em dfc_md 2019
2026-04-27 23:13:10,415 [INFO] pipeline.cvm: 
==================================================
2026-04-27 23:13:10,416 [INFO] pipeline.cvm: Baixando DFP 2020...
2026-04-27 23:13:10,653 [INFO] pipeline.cvm:   DFP dre 2020: 82 linhas
2026-04-27 23:13:11,122 [INFO] pipeline.cvm:   DFP bpa 2020: 82 linhas
2026-04-27 23:13:11,859 [INFO] pipeline.cvm:   DFP bpp 2020: 96 linhas
2026-04-27 23:13:12,231 [INFO] pipeline.cvm:   DFP dfc_mi 2020: 94 linhas
2026-04-27 23:13:12,261 [WARNING] pipeline.cvm:   Empresa 906 não encontrada em dfc_md 2020
2026-04-27 23:13:12,262 [INFO] pipeline.cvm: 
==================================================
2026-04-27 23:13:12,262 [INFO] pipeline.cvm: Baixando DFP 2021...
2026-04-27 23:13:12,507 [INFO] pipeline.cvm:   DFP dre 2021: 82 linhas
2026-04-27 23:13:12,927 [INFO] pipeline.cvm:   DFP bpa 2021: 82 linhas
2026-04-27 23:13:13,628 [INFO] pipeline.cvm:   DFP bpp 2021: 86 linhas
2026-04-27 23:13:13,991 [WARNING] pipeline.cvm:   Empresa 906 não encontrada em dfc_mi 2021
2026-04-27 23:13:14,029 [INFO] pipeline.cvm:   DFP dfc_md 2021: 64 linhas
2026-04-27 23:13:14,030 [INFO] pipeline.cvm: 
==================================================
2026-04-27 23:13:14,030 [INFO] pipeline.cvm: Baixando DFP 2022...
2026-04-27 23:13:14,266 [INFO] pipeline.cvm:   DFP dre 2022: 82 linhas
2026-04-27 23:13:14,686 [INFO] pipeline.cvm:   DFP bpa 2022: 82 linhas
2026-04-27 23:13:15,483 [INFO] pipeline.cvm:   DFP bpp 2022: 86 linhas
2026-04-27 23:13:15,863 [INFO] pipeline.cvm:   DFP dfc_mi 2022: 96 linhas
2026-04-27 23:13:15,899 [WARNING] pipeline.cvm:   Empresa 906 não encontrada em dfc_md 2022
2026-04-27 23:13:15,899 [INFO] pipeline.cvm: 
==================================================
2026-04-27 23:13:15,900 [INFO] pipeline.cvm: Baixando DFP 2023...
2026-04-27 23:13:16,136 [INFO] pipeline.cvm:   DFP dre 2023: 82 linhas
2026-04-27 23:13:16,554 [INFO] pipeline.cvm:   DFP bpa 2023: 82 linhas
2026-04-27 23:13:17,379 [INFO] pipeline.cvm:   DFP bpp 2023: 86 linhas
2026-04-27 23:13:17,777 [INFO] pipeline.cvm:   DFP dfc_mi 2023: 96 linhas
2026-04-27 23:13:17,810 [WARNING] pipeline.cvm:   Empresa 906 não encontrada em dfc_md 2023
2026-04-27 23:13:17,811 [INFO] pipeline.cvm: 
==================================================
2026-04-27 23:13:17,811 [INFO] pipeline.cvm: Baixando DFP 2024...
2026-04-27 23:13:18,038 [INFO] pipeline.cvm:   DFP dre 2024: 82 linhas
2026-04-27 23:13:18,442 [INFO] pipeline.cvm:   DFP bpa 2024: 82 linhas
2026-04-27 23:13:19,246 [INFO] pipeline.cvm:   DFP bpp 2024: 86 linhas
2026-04-27 23:13:19,644 [INFO] pipeline.cvm:   DFP dfc_mi 2024: 96 linhas
2026-04-27 23:13:19,672 [WARNING] pipeline.cvm:   Empresa 906 não encontrada em dfc_md 2024
2026-04-27 23:13:19,672 [INFO] pipeline.cvm: 
==================================================
2026-04-27 23:13:19,672 [INFO] pipeline.cvm: Baixando DFP 2025...
2026-04-27 23:13:19,880 [INFO] pipeline.cvm:   DFP dre 2025: 82 linhas
2026-04-27 23:13:20,250 [INFO] pipeline.cvm:   DFP bpa 2025: 82 linhas
2026-04-27 23:13:20,887 [INFO] pipeline.cvm:   DFP bpp 2025: 86 linhas
2026-04-27 23:13:21,228 [INFO] pipeline.cvm:   DFP dfc_mi 2025: 96 linhas
2026-04-27 23:13:21,254 [WARNING] pipeline.cvm:   Empresa 906 não encontrada em dfc_md 2025
2026-04-27 23:13:21,255 [INFO] pipeline:   Anos ajustados → Histórico: 2019-2025 | Projeção: 2026-2035
2026-04-27 23:13:21,255 [INFO] pipeline: 
[4/6] Normalizando dados...
2026-04-27 23:13:22,961 [INFO] pipeline:   DFC normalizada: 11 linhas
2026-04-27 23:13:22,964 [INFO] pipeline:   DRE normalizada:
2026-04-27 23:13:22,964 [INFO] pipeline:     receita_liquida: 2019: 124,306 | 2020: 98,429 | 2021: 125,443 | 2022: 205,913 | 2023: 224,458 | 2024: 213,220 | 2025: 270,183
2026-04-27 23:13:22,964 [INFO] pipeline:     ebit: 2019: 13,381 | 2020: 4,075 | 2021: 32,852 | 2022: 24,210 | 2023: 10,208 | 2024: 16,901 | 2025: 21,025
2026-04-27 23:13:22,964 [INFO] pipeline:     lucro_liquido: 2019: 21,173 | 2020: 15,837 | 2021: 23,172 | 2022: 20,984 | 2023: 14,251 | 2024: 17,253 | 2025: 23,673
2026-04-27 23:13:22,964 [INFO] pipeline: 
[5/6] Calculando projeções...
2026-04-27 23:13:22,965 [INFO] pipeline.projecoes: 
=== Projeções (não-financeira / FCFF) ===
2026-04-27 23:13:22,967 [INFO] pipeline.projecoes:   Margem EBITDA: 52.1% → 18.0% (conv 6a)
2026-04-27 23:13:22,967 [INFO] pipeline.projecoes:   D&A/Receita: 20.0%
2026-04-27 23:13:22,968 [INFO] pipeline.projecoes:   CAPEX/Receita: 0.3% → 4.0%
2026-04-27 23:13:22,969 [INFO] pipeline.projecoes:   NCG/Receita: 0.0% → 10.0%
2026-04-27 23:13:22,970 [INFO] pipeline.projecoes:   Alíquota efetiva: 34.0%
2026-04-27 23:13:22,970 [INFO] pipeline.projecoes: Projeções concluídas (FCFF). Resumo:
2026-04-27 23:13:22,970 [INFO] pipeline.projecoes:    Ano      Receita     EBITDA    Mg%      NOPAT       FCFF
2026-04-27 23:13:22,970 [INFO] pipeline.projecoes:   2026      290,672    135,035  46.5%     50,755    100,081
2026-04-27 23:13:22,971 [INFO] pipeline.projecoes:   2027      311,503    126,984  40.8%     42,691     92,824
2026-04-27 23:13:22,971 [INFO] pipeline.projecoes:   2028      332,530    116,631  35.1%     33,082     83,733
2026-04-27 23:13:22,971 [INFO] pipeline.projecoes:   2029      353,590    103,894  29.4%     21,896     72,760
2026-04-27 23:13:22,971 [INFO] pipeline.projecoes:   2030      374,511     88,726  23.7%      9,124     59,882
2026-04-27 23:13:22,971 [INFO] pipeline.valuation:   Estrutura de capital: E=20% | D=80%
2026-04-27 23:13:22,971 [INFO] pipeline: 
[6/6] Calculando valuation (FCFF / WACC)...
2026-04-27 23:13:22,971 [WARNING] pipeline.valuation: TIR > 150% — valor intrínseco muito acima do preço de mercado
2026-04-27 23:13:22,971 [WARNING] pipeline.valuation: TIR > 150% — valor intrínseco muito acima do preço de mercado
2026-04-27 23:13:22,971 [INFO] pipeline.valuation: 
==================================================
2026-04-27 23:13:22,971 [INFO] pipeline.valuation: VALUATION FCFF/WACC — AZZA3
2026-04-27 23:13:22,972 [INFO] pipeline.valuation:   VP FCFF (10a):     R$      484,133 MM
2026-04-27 23:13:22,972 [INFO] pipeline.valuation:   Valor Perp. (VP):  R$      480,585 MM
2026-04-27 23:13:22,972 [INFO] pipeline.valuation:   ENTERPRISE VALUE:  R$      964,718 MM
2026-04-27 23:13:22,972 [INFO] pipeline.valuation:   (-) Dívida Líq.:   R$      534,446 MM
2026-04-27 23:13:22,972 [INFO] pipeline.valuation:   VALOR DO EQUITY:   R$      430,272 MM
2026-04-27 23:13:22,972 [INFO] pipeline.valuation:   Preço Justo ON:    R$  2130.18
2026-04-27 23:13:22,972 [INFO] pipeline.valuation:   Preço Justo PN:    R$  2130.18
2026-04-27 23:13:22,972 [INFO] pipeline.valuation:   Cotação ON:        R$    21.90
2026-04-27 23:13:22,972 [INFO] pipeline.valuation:   Upside ON:             9626.8%
2026-04-27 23:13:22,972 [INFO] pipeline.valuation:   TIR (ON):               150.0%
2026-04-27 23:13:22,972 [INFO] pipeline.valuation:   WACC último ano:         12.0%
2026-04-27 23:13:22,977 [INFO] pipeline:   Sem template VAROS para AZZA3 — Excel será criado do zero
2026-04-27 23:13:22,977 [INFO] pipeline.excel_geral: 
============================================================
2026-04-27 23:13:22,977 [INFO] pipeline.excel_geral: Criando Excel completo (12 abas) para: Azzas 2154 (AZZA3)
2026-04-27 23:13:22,978 [INFO] pipeline.excel_geral:   → 1/12  Dashboard
2026-04-27 23:13:22,990 [INFO] pipeline.excel_geral:   → 2/12  WACC
2026-04-27 23:13:23,028 [INFO] pipeline.excel_geral:   → 3/12  TIR ON
2026-04-27 23:13:23,037 [INFO] pipeline.excel_geral:   → 4/12  TIR PN
2026-04-27 23:13:23,047 [INFO] pipeline.excel_geral:   → 5/12  Valor do Equity
2026-04-27 23:13:23,053 [INFO] pipeline.excel_geral:   → 6/12  Preço Teto
2026-04-27 23:13:23,059 [INFO] pipeline.excel_geral:   → 7/12  DRE + DCF
2026-04-27 23:13:23,175 [INFO] pipeline.excel_geral:   → 8/12  DRE Contas Abertas
2026-04-27 23:13:23,234 [INFO] pipeline.excel_geral:   → 9/12  Balanço Patrimonial
2026-04-27 23:13:23,282 [INFO] pipeline.excel_geral:   → 10/12 Painel de Índices
2026-04-27 23:13:23,348 [INFO] pipeline.excel_geral:   → 11/12 Projeções Premissas
2026-04-27 23:13:23,372 [INFO] pipeline.excel_geral:   → 12/12 Projeções Capex e CG
2026-04-27 23:13:23,473 [INFO] pipeline.excel_geral: 
Arquivo salvo: C:\Users\55819\OneDrive - EPEJUD\DIEGO\OBSIDIAN\Analista de Investimentos\12_PYTHON\pipeline banco completo\outputs\Valuation_AZZA3_Azzas 2154_20260427.xlsx
2026-04-27 23:13:23,473 [INFO] pipeline: 
======================================================================
2026-04-27 23:13:23,473 [INFO] pipeline: RESUMO DO VALUATION (FCFF/WACC)
2026-04-27 23:13:23,474 [INFO] pipeline: ======================================================================
2026-04-27 23:13:23,474 [INFO] pipeline:   Empresa:           Azzas 2154 (AZZA3)
2026-04-27 23:13:23,474 [INFO] pipeline:   Enterprise Value:  R$      964,718 MM
2026-04-27 23:13:23,474 [INFO] pipeline:   Cotação ON:        R$ 21.90
2026-04-27 23:13:23,474 [INFO] pipeline:   Preço Justo ON:    R$ 2130.18
2026-04-27 23:13:23,474 [INFO] pipeline:   Upside ON:            9626.9%
2026-04-27 23:13:23,474 [INFO] pipeline:   TIR:                  150.0%
2026-04-27 23:13:23,474 [INFO] pipeline:   Preço Teto ON:     R$ 2130.18
2026-04-27 23:13:23,475 [INFO] pipeline: 
  Arquivo gerado:    C:\Users\55819\OneDrive - EPEJUD\DIEGO\OBSIDIAN\Analista de Investimentos\12_PYTHON\pipeline banco completo\outputs\Valuation_AZZA3_Azzas 2154_20260427.xlsx
2026-04-27 23:13:23,475 [INFO] pipeline: ======================================================================
2026-04-27 23:13:23,480 [INFO] pipeline: ✓ AZZA3: arquivo gerado → C:\Users\55819\OneDrive - EPEJUD\DIEGO\OBSIDIAN\Analista de Investimentos\12_PYTHON\pipeline banco completo\outputs\Valuation_AZZA3_Azzas 2154_20260427.xlsx
2026-04-27 23:13:23,480 [INFO] pipeline: 
──────────────────────────────────────────────────────────────────────
2026-04-27 23:13:23,480 [INFO] pipeline: Processando: AMAR3 (Marisa Lojas)
2026-04-27 23:13:23,480 [INFO] pipeline: ──────────────────────────────────────────────────────────────────────
2026-04-27 23:13:23,481 [INFO] pipeline: ======================================================================
2026-04-27 23:13:23,481 [INFO] pipeline: PIPELINE DE VALUATION [CONSUMO_VAREJO] — AMAR3 — Marisa Lojas
2026-04-27 23:13:23,481 [INFO] pipeline: Início: 2026-04-27 23:13:23
2026-04-27 23:13:23,481 [INFO] pipeline:   Setor: consumo_varejo | Motor: WACC
2026-04-27 23:13:23,481 [INFO] pipeline: ======================================================================
2026-04-27 23:13:23,481 [INFO] pipeline: 
[1/6] Coletando dados de mercado...
2026-04-27 23:13:23,482 [INFO] pipeline:   Buscando cotação via yfinance...
2026-04-27 23:13:23,482 [INFO] pipeline.mercado: Buscando cotação atual: AMAR3.SA
2026-04-27 23:13:24,120 [INFO] pipeline:   Cotação ON: R$ 0.87  |  Cotação PN: R$ 0.00
2026-04-27 23:13:24,247 [INFO] pipeline.mercado: Calculando beta: AMAR3 (252 dias úteis)
2026-04-27 23:13:24,257 [INFO] pipeline.mercado:   Beta estatístico: 0.1352 | R²: 0.003 | n=251
2026-04-27 23:13:24,260 [INFO] pipeline:   Beta estatístico: 0.135 | Beta utilizado: 0.850
2026-04-27 23:13:24,260 [INFO] pipeline: 
[2/6] Coletando dados macroeconômicos (BCB)...
2026-04-27 23:13:24,588 [WARNING] pipeline.macro: Não foi possível obter Focus Selic: 400 Client Error: Bad Request for url: https://olinda.bcb.gov.br/olinda/servico/Expectativas/versao/v1/odata/ExpectativasMercadoAnuais?%24filter=Indicador%20eq%20'Selic'&%24top=100&%24format=json&%24select=Indicador,Data,Ano,Mediana
2026-04-27 23:13:24,864 [WARNING] pipeline.macro: Não foi possível obter Focus IPCA: 400 Client Error: Bad Request for url: https://olinda.bcb.gov.br/olinda/servico/Expectativas/versao/v1/odata/ExpectativasMercadoAnuais?%24filter=Indicador%20eq%20'IPCA'&%24top=100&%24format=json&%24select=Indicador,Data,Ano,Mediana
2026-04-27 23:13:24,865 [INFO] pipeline.macro: 
=== Coletando dados macroeconômicos ===
2026-04-27 23:13:24,865 [INFO] pipeline.macro: Baixando série BCB 432...
2026-04-27 23:13:25,157 [ERROR] pipeline.macro: Erro ao baixar série BCB 432: 406 Client Error: Not Acceptable for url: https://api.bcb.gov.br/dados/serie/bcdata.sgs.432/dados?formato=json&dataInicial=01%2F01%2F2010&dataFinal=27%2F04%2F2026
2026-04-27 23:13:25,157 [WARNING] pipeline.macro: Série Selic meta sem DatetimeIndex — usando fallback histórico
2026-04-27 23:13:25,157 [INFO] pipeline.macro: Baixando série BCB 12...
2026-04-27 23:13:25,256 [ERROR] pipeline.macro: Erro ao baixar série BCB 12: 406 Client Error: Not Acceptable for url: https://api.bcb.gov.br/dados/serie/bcdata.sgs.12/dados?formato=json&dataInicial=01%2F01%2F2010&dataFinal=27%2F04%2F2026
2026-04-27 23:13:25,257 [WARNING] pipeline.macro: Série DI sem DatetimeIndex — usando fallback histórico
2026-04-27 23:13:25,263 [WARNING] pipeline.macro: IPCA calculado fora do intervalo plausível (55.3%) para 2019 — usando fallback
2026-04-27 23:13:25,263 [WARNING] pipeline.macro: IPCA calculado fora do intervalo plausível (46.1%) para 2020 — usando fallback
2026-04-27 23:13:25,264 [WARNING] pipeline.macro: IPCA calculado fora do intervalo plausível (159.3%) para 2021 — usando fallback
2026-04-27 23:13:25,265 [WARNING] pipeline.macro: IPCA calculado fora do intervalo plausível (191.2%) para 2022 — usando fallback
2026-04-27 23:13:25,266 [WARNING] pipeline.macro: IPCA calculado fora do intervalo plausível (71.5%) para 2023 — usando fallback
2026-04-27 23:13:25,266 [WARNING] pipeline.macro: IPCA calculado fora do intervalo plausível (67.0%) para 2024 — usando fallback
2026-04-27 23:13:25,267 [INFO] pipeline.macro: Baixando série BCB 258...
2026-04-27 23:13:25,364 [ERROR] pipeline.macro: Erro ao baixar série BCB 258: 406 Client Error: Not Acceptable for url: https://api.bcb.gov.br/dados/serie/bcdata.sgs.258/dados?formato=json&dataInicial=01%2F01%2F2010&dataFinal=27%2F04%2F2026
2026-04-27 23:13:25,365 [WARNING] pipeline.macro: Série TJLP sem DatetimeIndex — usando fallback histórico
2026-04-27 23:13:25,373 [WARNING] pipeline.macro: IPCA calculado fora do intervalo plausível (55.3%) para 2019 — usando fallback
2026-04-27 23:13:25,374 [WARNING] pipeline.macro: IPCA calculado fora do intervalo plausível (46.1%) para 2020 — usando fallback
2026-04-27 23:13:25,374 [WARNING] pipeline.macro: IPCA calculado fora do intervalo plausível (159.3%) para 2021 — usando fallback
2026-04-27 23:13:25,375 [WARNING] pipeline.macro: IPCA calculado fora do intervalo plausível (191.2%) para 2022 — usando fallback
2026-04-27 23:13:25,376 [WARNING] pipeline.macro: IPCA calculado fora do intervalo plausível (71.5%) para 2023 — usando fallback
2026-04-27 23:13:25,376 [WARNING] pipeline.macro: IPCA calculado fora do intervalo plausível (67.0%) para 2024 — usando fallback
2026-04-27 23:13:25,377 [INFO] pipeline.macro: 
RESUMO MACRO HISTÓRICO:
2026-04-27 23:13:25,377 [INFO] pipeline.macro:   selic_meta     : 2020: 2.00% | 2021: 9.25% | 2022: 13.75% | 2023: 11.75% | 2024: 11.75%
2026-04-27 23:13:25,377 [INFO] pipeline.macro:   selic_efet     : 2020: 2.28% | 2021: 4.48% | 2022: 12.33% | 2023: 13.15% | 2024: 10.73%
2026-04-27 23:13:25,377 [INFO] pipeline.macro:   ipca           : 2020: 4.52% | 2021: 10.06% | 2022: 5.62% | 2023: 4.62% | 2024: 4.83%
2026-04-27 23:13:25,377 [INFO] pipeline.macro:   tjlp           : 2020: 5.25% | 2021: 5.25% | 2022: 6.25% | 2023: 7.00% | 2024: 7.00%
2026-04-27 23:13:25,377 [INFO] pipeline.macro:   cds            : 2020: 0.44% | 2021: 0.73% | 2022: 1.26% | 2023: 0.84% | 2024: 0.81%
2026-04-27 23:13:25,377 [INFO] pipeline.macro:   inflacao_impl  : 2020: 4.52% | 2021: 10.06% | 2022: 5.62% | 2023: 4.62% | 2024: 4.83%
2026-04-27 23:13:25,377 [INFO] pipeline: 
[3/6] Baixando demonstrações financeiras (CVM)...
2026-04-27 23:13:25,378 [INFO] pipeline.cvm: 
==================================================
2026-04-27 23:13:25,378 [INFO] pipeline.cvm: Baixando DFP 2019...
2026-04-27 23:13:25,585 [INFO] pipeline.cvm:   DFP dre 2019: 88 linhas
2026-04-27 23:13:25,907 [INFO] pipeline.cvm:   DFP bpa 2019: 68 linhas
2026-04-27 23:13:26,520 [INFO] pipeline.cvm:   DFP bpp 2019: 100 linhas
2026-04-27 23:13:26,902 [INFO] pipeline.cvm:   DFP dfc_mi 2019: 146 linhas
2026-04-27 23:13:26,927 [WARNING] pipeline.cvm:   Empresa 906 não encontrada em dfc_md 2019
2026-04-27 23:13:26,927 [INFO] pipeline.cvm: 
==================================================
2026-04-27 23:13:26,927 [INFO] pipeline.cvm: Baixando DFP 2020...
2026-04-27 23:13:27,225 [INFO] pipeline.cvm:   DFP dre 2020: 82 linhas
2026-04-27 23:13:27,728 [INFO] pipeline.cvm:   DFP bpa 2020: 82 linhas
2026-04-27 23:13:28,492 [INFO] pipeline.cvm:   DFP bpp 2020: 96 linhas
2026-04-27 23:13:28,850 [INFO] pipeline.cvm:   DFP dfc_mi 2020: 94 linhas
2026-04-27 23:13:28,874 [WARNING] pipeline.cvm:   Empresa 906 não encontrada em dfc_md 2020
2026-04-27 23:13:28,875 [INFO] pipeline.cvm: 
==================================================
2026-04-27 23:13:28,875 [INFO] pipeline.cvm: Baixando DFP 2021...
2026-04-27 23:13:29,107 [INFO] pipeline.cvm:   DFP dre 2021: 82 linhas
2026-04-27 23:13:29,504 [INFO] pipeline.cvm:   DFP bpa 2021: 82 linhas
2026-04-27 23:13:30,301 [INFO] pipeline.cvm:   DFP bpp 2021: 86 linhas
2026-04-27 23:13:30,712 [WARNING] pipeline.cvm:   Empresa 906 não encontrada em dfc_mi 2021
2026-04-27 23:13:30,749 [INFO] pipeline.cvm:   DFP dfc_md 2021: 64 linhas
2026-04-27 23:13:30,751 [INFO] pipeline.cvm: 
==================================================
2026-04-27 23:13:30,751 [INFO] pipeline.cvm: Baixando DFP 2022...
2026-04-27 23:13:31,026 [INFO] pipeline.cvm:   DFP dre 2022: 82 linhas
2026-04-27 23:13:31,489 [INFO] pipeline.cvm:   DFP bpa 2022: 82 linhas
2026-04-27 23:13:32,259 [INFO] pipeline.cvm:   DFP bpp 2022: 86 linhas
2026-04-27 23:13:32,653 [INFO] pipeline.cvm:   DFP dfc_mi 2022: 96 linhas
2026-04-27 23:13:32,689 [WARNING] pipeline.cvm:   Empresa 906 não encontrada em dfc_md 2022
2026-04-27 23:13:32,690 [INFO] pipeline.cvm: 
==================================================
2026-04-27 23:13:32,690 [INFO] pipeline.cvm: Baixando DFP 2023...
2026-04-27 23:13:32,928 [INFO] pipeline.cvm:   DFP dre 2023: 82 linhas
2026-04-27 23:13:33,353 [INFO] pipeline.cvm:   DFP bpa 2023: 82 linhas
2026-04-27 23:13:34,205 [INFO] pipeline.cvm:   DFP bpp 2023: 86 linhas
2026-04-27 23:13:34,623 [INFO] pipeline.cvm:   DFP dfc_mi 2023: 96 linhas
2026-04-27 23:13:34,658 [WARNING] pipeline.cvm:   Empresa 906 não encontrada em dfc_md 2023
2026-04-27 23:13:34,659 [INFO] pipeline.cvm: 
==================================================
2026-04-27 23:13:34,659 [INFO] pipeline.cvm: Baixando DFP 2024...
2026-04-27 23:13:34,893 [INFO] pipeline.cvm:   DFP dre 2024: 82 linhas
2026-04-27 23:13:35,305 [INFO] pipeline.cvm:   DFP bpa 2024: 82 linhas
2026-04-27 23:13:36,034 [INFO] pipeline.cvm:   DFP bpp 2024: 86 linhas
2026-04-27 23:13:36,483 [INFO] pipeline.cvm:   DFP dfc_mi 2024: 96 linhas
2026-04-27 23:13:36,519 [WARNING] pipeline.cvm:   Empresa 906 não encontrada em dfc_md 2024
2026-04-27 23:13:36,520 [INFO] pipeline.cvm: 
==================================================
2026-04-27 23:13:36,521 [INFO] pipeline.cvm: Baixando DFP 2025...
2026-04-27 23:13:36,739 [INFO] pipeline.cvm:   DFP dre 2025: 82 linhas
2026-04-27 23:13:37,142 [INFO] pipeline.cvm:   DFP bpa 2025: 82 linhas
2026-04-27 23:13:37,907 [INFO] pipeline.cvm:   DFP bpp 2025: 86 linhas
2026-04-27 23:13:38,323 [INFO] pipeline.cvm:   DFP dfc_mi 2025: 96 linhas
2026-04-27 23:13:38,354 [WARNING] pipeline.cvm:   Empresa 906 não encontrada em dfc_md 2025
2026-04-27 23:13:38,355 [INFO] pipeline:   Anos ajustados → Histórico: 2019-2025 | Projeção: 2026-2035
2026-04-27 23:13:38,355 [INFO] pipeline: 
[4/6] Normalizando dados...
2026-04-27 23:13:40,216 [INFO] pipeline:   DFC normalizada: 11 linhas
2026-04-27 23:13:40,218 [INFO] pipeline:   DRE normalizada:
2026-04-27 23:13:40,219 [INFO] pipeline:     receita_liquida: 2019: 124,306 | 2020: 98,429 | 2021: 125,443 | 2022: 205,913 | 2023: 224,458 | 2024: 213,220 | 2025: 270,183
2026-04-27 23:13:40,219 [INFO] pipeline:     ebit: 2019: 13,381 | 2020: 4,075 | 2021: 32,852 | 2022: 24,210 | 2023: 10,208 | 2024: 16,901 | 2025: 21,025
2026-04-27 23:13:40,219 [INFO] pipeline:     lucro_liquido: 2019: 21,173 | 2020: 15,837 | 2021: 23,172 | 2022: 20,984 | 2023: 14,251 | 2024: 17,253 | 2025: 23,673
2026-04-27 23:13:40,219 [INFO] pipeline: 
[5/6] Calculando projeções...
2026-04-27 23:13:40,220 [INFO] pipeline.projecoes: 
=== Projeções (não-financeira / FCFF) ===
2026-04-27 23:13:40,221 [INFO] pipeline.projecoes:   Margem EBITDA: 52.1% → 5.0% (conv 6a)
2026-04-27 23:13:40,221 [INFO] pipeline.projecoes:   D&A/Receita: 20.0%
2026-04-27 23:13:40,223 [INFO] pipeline.projecoes:   CAPEX/Receita: 0.3% → 4.0%
2026-04-27 23:13:40,224 [INFO] pipeline.projecoes:   NCG/Receita: 0.0% → 10.0%
2026-04-27 23:13:40,226 [INFO] pipeline.projecoes:   Alíquota efetiva: 34.0%
2026-04-27 23:13:40,226 [INFO] pipeline.projecoes: Projeções concluídas (FCFF). Resumo:
2026-04-27 23:13:40,226 [INFO] pipeline.projecoes:    Ano      Receita     EBITDA    Mg%      NOPAT       FCFF
2026-04-27 23:13:40,226 [INFO] pipeline.projecoes:   2026      290,222    128,538  44.3%     46,526     95,776
2026-04-27 23:13:40,226 [INFO] pipeline.projecoes:   2027      310,054    112,958  36.4%     33,625     83,542
2026-04-27 23:13:40,226 [INFO] pipeline.projecoes:   2028      329,432     94,131  28.6%     18,641     68,879
2026-04-27 23:13:40,226 [INFO] pipeline.projecoes:   2029      348,100     72,112  20.7%      1,645     51,843
2026-04-27 23:13:40,227 [INFO] pipeline.projecoes:   2030      365,795     47,034  12.9%    -17,243     32,553
2026-04-27 23:13:40,227 [INFO] pipeline.valuation:   Estrutura de capital: E=20% | D=80%
2026-04-27 23:13:40,227 [INFO] pipeline: 
[6/6] Calculando valuation (FCFF / WACC)...
2026-04-27 23:13:40,227 [WARNING] pipeline.valuation: TIR > 150% — valor intrínseco muito acima do preço de mercado
2026-04-27 23:13:40,227 [WARNING] pipeline.valuation: TIR > 150% — valor intrínseco muito acima do preço de mercado
2026-04-27 23:13:40,227 [INFO] pipeline.valuation: 
==================================================
2026-04-27 23:13:40,227 [INFO] pipeline.valuation: VALUATION FCFF/WACC — AMAR3
2026-04-27 23:13:40,227 [INFO] pipeline.valuation:   VP FCFF (10a):     R$      325,245 MM
2026-04-27 23:13:40,227 [INFO] pipeline.valuation:   Valor Perp. (VP):  R$      148,960 MM
2026-04-27 23:13:40,228 [INFO] pipeline.valuation:   ENTERPRISE VALUE:  R$      474,205 MM
2026-04-27 23:13:40,228 [INFO] pipeline.valuation:   (-) Dívida Líq.:   R$      534,446 MM
2026-04-27 23:13:40,228 [INFO] pipeline.valuation:   VALOR DO EQUITY:   R$      -60,241 MM
2026-04-27 23:13:40,228 [INFO] pipeline.valuation:   Preço Justo ON:    R$  -117.32
2026-04-27 23:13:40,228 [INFO] pipeline.valuation:   Preço Justo PN:    R$  -117.32
2026-04-27 23:13:40,228 [INFO] pipeline.valuation:   Cotação ON:        R$     0.87
2026-04-27 23:13:40,228 [INFO] pipeline.valuation:   Upside ON:            -13585.1%
2026-04-27 23:13:40,228 [INFO] pipeline.valuation:   TIR (ON):               150.0%
2026-04-27 23:13:40,228 [INFO] pipeline.valuation:   WACC último ano:         12.0%
2026-04-27 23:13:40,228 [WARNING] pipeline: 
[!] AVISOS DE VALIDACAO:
2026-04-27 23:13:40,229 [WARNING] pipeline:   - Valor do Equity negativo ou zero: R$ -60,241 MM
2026-04-27 23:13:40,229 [WARNING] pipeline:   - Preço Justo ON inválido (≤ 0)
2026-04-27 23:13:40,230 [INFO] pipeline:   Sem template VAROS para AMAR3 — Excel será criado do zero
2026-04-27 23:13:40,231 [INFO] pipeline.excel_geral: 
============================================================
2026-04-27 23:13:40,231 [INFO] pipeline.excel_geral: Criando Excel completo (12 abas) para: Marisa Lojas (AMAR3)
2026-04-27 23:13:40,233 [INFO] pipeline.excel_geral:   → 1/12  Dashboard
2026-04-27 23:13:40,245 [INFO] pipeline.excel_geral:   → 2/12  WACC
2026-04-27 23:13:40,289 [INFO] pipeline.excel_geral:   → 3/12  TIR ON
2026-04-27 23:13:40,301 [INFO] pipeline.excel_geral:   → 4/12  TIR PN
2026-04-27 23:13:40,311 [INFO] pipeline.excel_geral:   → 5/12  Valor do Equity
2026-04-27 23:13:40,317 [INFO] pipeline.excel_geral:   → 6/12  Preço Teto
2026-04-27 23:13:40,324 [INFO] pipeline.excel_geral:   → 7/12  DRE + DCF
2026-04-27 23:13:40,448 [INFO] pipeline.excel_geral:   → 8/12  DRE Contas Abertas
2026-04-27 23:13:40,514 [INFO] pipeline.excel_geral:   → 9/12  Balanço Patrimonial
2026-04-27 23:13:40,566 [INFO] pipeline.excel_geral:   → 10/12 Painel de Índices
2026-04-27 23:13:40,638 [INFO] pipeline.excel_geral:   → 11/12 Projeções Premissas
2026-04-27 23:13:40,663 [INFO] pipeline.excel_geral:   → 12/12 Projeções Capex e CG
2026-04-27 23:13:40,769 [INFO] pipeline.excel_geral: 
Arquivo salvo: C:\Users\55819\OneDrive - EPEJUD\DIEGO\OBSIDIAN\Analista de Investimentos\12_PYTHON\pipeline banco completo\outputs\Valuation_AMAR3_Marisa Lojas_20260427.xlsx
2026-04-27 23:13:40,769 [INFO] pipeline: 
======================================================================
2026-04-27 23:13:40,769 [INFO] pipeline: RESUMO DO VALUATION (FCFF/WACC)
2026-04-27 23:13:40,769 [INFO] pipeline: ======================================================================
2026-04-27 23:13:40,769 [INFO] pipeline:   Empresa:           Marisa Lojas (AMAR3)
2026-04-27 23:13:40,770 [INFO] pipeline:   Enterprise Value:  R$      474,205 MM
2026-04-27 23:13:40,770 [INFO] pipeline:   Cotação ON:        R$ 0.87
2026-04-27 23:13:40,770 [INFO] pipeline:   Preço Justo ON:    R$ -117.32
2026-04-27 23:13:40,770 [INFO] pipeline:   Upside ON:            -13585.1%
2026-04-27 23:13:40,770 [INFO] pipeline:   TIR:                  150.0%
2026-04-27 23:13:40,770 [INFO] pipeline:   Preço Teto ON:     R$ -117.32
2026-04-27 23:13:40,770 [INFO] pipeline: 
  [!] 2 aviso(s) de validacao — verifique os logs
2026-04-27 23:13:40,770 [INFO] pipeline: 
  Arquivo gerado:    C:\Users\55819\OneDrive - EPEJUD\DIEGO\OBSIDIAN\Analista de Investimentos\12_PYTHON\pipeline banco completo\outputs\Valuation_AMAR3_Marisa Lojas_20260427.xlsx
2026-04-27 23:13:40,770 [INFO] pipeline: ======================================================================
2026-04-27 23:13:40,774 [INFO] pipeline: ✓ AMAR3: arquivo gerado → C:\Users\55819\OneDrive - EPEJUD\DIEGO\OBSIDIAN\Analista de Investimentos\12_PYTHON\pipeline banco completo\outputs\Valuation_AMAR3_Marisa Lojas_20260427.xlsx
2026-04-27 23:13:40,774 [INFO] pipeline: 
======================================================================
2026-04-27 23:13:40,774 [INFO] pipeline: RESUMO DO BATCH
2026-04-27 23:13:40,774 [INFO] pipeline: ======================================================================
2026-04-27 23:13:40,774 [INFO] pipeline:   Total:     12
2026-04-27 23:13:40,774 [INFO] pipeline:   Sucesso:   12
2026-04-27 23:13:40,774 [INFO] pipeline:   Erros:     0
2026-04-27 23:13:40,774 [INFO] pipeline: 
2026-04-27 23:13:40,775 [INFO] pipeline:   Ticker       Cotação ON  Preço Justo ON   Upside      TIR
2026-04-27 23:13:40,775 [INFO] pipeline:   ────────── ──────────── ─────────────── ──────── ────────
2026-04-27 23:13:40,775 [INFO] pipeline:   LREN3        R$   13.97     R$    0.00     -100.0%       6.0%
2026-04-27 23:13:40,775 [INFO] pipeline:   MGLU3        R$    8.53     R$    0.00     -100.0%       6.0%
2026-04-27 23:13:40,775 [INFO] pipeline:   BHIA3        R$    2.70     R$   32.48     1103.0%     150.0%
2026-04-27 23:13:40,775 [INFO] pipeline:   ASAI3        R$    9.58     R$    0.00     -100.0%       6.0%
2026-04-27 23:13:40,775 [INFO] pipeline:   PCAR3        R$    2.34     R$    0.00     -100.0%       6.0%
2026-04-27 23:13:40,775 [INFO] pipeline:   VIVA3        R$   25.46     R$ 2919.97     11368.9%     150.0%
2026-04-27 23:13:40,775 [INFO] pipeline:   SBFG3        R$   11.55     R$ 1277.64     10961.8%     150.0%
2026-04-27 23:13:40,775 [INFO] pipeline:   NTCO3        R$    0.00     R$    0.00        0.0%       0.0%
2026-04-27 23:13:40,775 [INFO] pipeline:   CEAB3        R$   11.20     R$  617.80     5416.1%     150.0%
2026-04-27 23:13:40,776 [INFO] pipeline:   PETZ3        R$    0.00     R$    0.00        0.0%       0.0%
2026-04-27 23:13:40,776 [INFO] pipeline:   AZZA3        R$   21.90     R$ 2130.18     9626.9%     150.0%
2026-04-27 23:13:40,776 [INFO] pipeline:   AMAR3        R$    0.87     R$ -117.32     -13585.1%     150.0%
2026-04-27 23:13:40,776 [INFO] pipeline: ======================================================================
