2026-04-28 09:16:16,568 [INFO] pipeline:   Setor 'consumo_varejo': 12 tickers
2026-04-28 09:16:16,568 [INFO] pipeline: ======================================================================
2026-04-28 09:16:16,568 [INFO] pipeline: MODO BATCH — 12 empresa(s): LREN3, MGLU3, BHIA3, ASAI3, PCAR3, VIVA3, SBFG3, NTCO3, CEAB3, PETZ3, AZZA3, AMAR3
2026-04-28 09:16:16,568 [INFO] pipeline: ======================================================================
2026-04-28 09:16:16,568 [INFO] pipeline: 
──────────────────────────────────────────────────────────────────────
2026-04-28 09:16:16,569 [INFO] pipeline: Processando: LREN3 (Lojas Renner)
2026-04-28 09:16:16,569 [INFO] pipeline: ──────────────────────────────────────────────────────────────────────
2026-04-28 09:16:16,569 [INFO] pipeline: ======================================================================
2026-04-28 09:16:16,569 [INFO] pipeline: PIPELINE DE VALUATION [CONSUMO_VAREJO] — LREN3 — Lojas Renner
2026-04-28 09:16:16,569 [INFO] pipeline: Início: 2026-04-28 09:16:16
2026-04-28 09:16:16,569 [INFO] pipeline:   Setor: consumo_varejo | Motor: WACC
2026-04-28 09:16:16,570 [INFO] pipeline: ======================================================================
2026-04-28 09:16:16,570 [INFO] pipeline: 
[1/6] Coletando dados de mercado...
2026-04-28 09:16:17,067 [INFO] pipeline:   Buscando cotação via yfinance...
2026-04-28 09:16:17,067 [INFO] pipeline.mercado: Buscando cotação atual: LREN3.SA
2026-04-28 09:16:18,471 [INFO] pipeline:   Cotação ON: R$ 13.97  |  Cotação PN: R$ 0.00
2026-04-28 09:16:18,747 [INFO] pipeline.mercado: Calculando beta: LREN3 (252 dias úteis)
2026-04-28 09:16:18,747 [INFO] pipeline.mercado: Baixando preços: LREN3.SA (2019-01-01 → 2026-04-28)
2026-04-28 09:16:19,461 [INFO] pipeline.mercado:   1820 dias de preços carregados
2026-04-28 09:16:19,461 [INFO] pipeline.mercado: Baixando preços: ^BVSP (2019-01-01 → 2026-04-28)
2026-04-28 09:16:20,075 [INFO] pipeline.mercado:   1820 dias de preços carregados
2026-04-28 09:16:20,085 [INFO] pipeline.mercado:   Beta estatístico: 1.4638 | R²: 0.419 | n=251
2026-04-28 09:16:20,088 [INFO] pipeline:   Beta estatístico: 1.464 | Beta utilizado: 0.850
2026-04-28 09:16:20,088 [INFO] pipeline: 
[2/6] Coletando dados macroeconômicos (BCB)...
2026-04-28 09:16:20,385 [WARNING] pipeline.macro: Não foi possível obter Focus Selic: 400 Client Error: Bad Request for url: https://olinda.bcb.gov.br/olinda/servico/Expectativas/versao/v1/odata/ExpectativasMercadoAnuais?%24filter=Indicador%20eq%20'Selic'&%24top=100&%24format=json&%24select=Indicador,Data,Ano,Mediana
2026-04-28 09:16:20,663 [WARNING] pipeline.macro: Não foi possível obter Focus IPCA: 400 Client Error: Bad Request for url: https://olinda.bcb.gov.br/olinda/servico/Expectativas/versao/v1/odata/ExpectativasMercadoAnuais?%24filter=Indicador%20eq%20'IPCA'&%24top=100&%24format=json&%24select=Indicador,Data,Ano,Mediana
2026-04-28 09:16:20,664 [INFO] pipeline.macro: 
=== Coletando dados macroeconômicos ===
2026-04-28 09:16:20,664 [INFO] pipeline.macro: Baixando série BCB 432...
2026-04-28 09:16:20,943 [ERROR] pipeline.macro: Erro ao baixar série BCB 432: 406 Client Error: Not Acceptable for url: https://api.bcb.gov.br/dados/serie/bcdata.sgs.432/dados?formato=json&dataInicial=01%2F01%2F2010&dataFinal=28%2F04%2F2026
2026-04-28 09:16:20,944 [WARNING] pipeline.macro: Série Selic meta sem DatetimeIndex — usando fallback histórico
2026-04-28 09:16:20,944 [INFO] pipeline.macro: Baixando série BCB 12...
2026-04-28 09:16:21,043 [ERROR] pipeline.macro: Erro ao baixar série BCB 12: 406 Client Error: Not Acceptable for url: https://api.bcb.gov.br/dados/serie/bcdata.sgs.12/dados?formato=json&dataInicial=01%2F01%2F2010&dataFinal=28%2F04%2F2026
2026-04-28 09:16:21,044 [WARNING] pipeline.macro: Série DI sem DatetimeIndex — usando fallback histórico
2026-04-28 09:16:21,044 [INFO] pipeline.macro: Baixando série BCB 13522...
2026-04-28 09:16:21,156 [INFO] pipeline.macro:   Série 13522: 195 observações (2010-01-01 → 2026-03-01)
2026-04-28 09:16:21,157 [WARNING] pipeline.macro: IPCA calculado fora do intervalo plausível (46.1%) para 2020 — usando fallback
2026-04-28 09:16:21,157 [WARNING] pipeline.macro: IPCA calculado fora do intervalo plausível (159.3%) para 2021 — usando fallback
2026-04-28 09:16:21,158 [WARNING] pipeline.macro: IPCA calculado fora do intervalo plausível (191.2%) para 2022 — usando fallback
2026-04-28 09:16:21,158 [WARNING] pipeline.macro: IPCA calculado fora do intervalo plausível (71.5%) para 2023 — usando fallback
2026-04-28 09:16:21,159 [WARNING] pipeline.macro: IPCA calculado fora do intervalo plausível (67.0%) para 2024 — usando fallback
2026-04-28 09:16:21,159 [WARNING] pipeline.macro: IPCA calculado fora do intervalo plausível (80.0%) para 2025 — usando fallback
2026-04-28 09:16:21,159 [INFO] pipeline.macro: Baixando série BCB 258...
2026-04-28 09:16:21,256 [ERROR] pipeline.macro: Erro ao baixar série BCB 258: 406 Client Error: Not Acceptable for url: https://api.bcb.gov.br/dados/serie/bcdata.sgs.258/dados?formato=json&dataInicial=01%2F01%2F2010&dataFinal=28%2F04%2F2026
2026-04-28 09:16:21,256 [WARNING] pipeline.macro: Série TJLP sem DatetimeIndex — usando fallback histórico
2026-04-28 09:16:21,256 [INFO] pipeline.macro: Baixando série BCB 29039...
2026-04-28 09:16:21,365 [INFO] pipeline.macro:   Série 29039: 195 observações (2010-01-01 → 2026-03-01)
2026-04-28 09:16:21,367 [INFO] pipeline.macro: Baixando série BCB 13522...
2026-04-28 09:16:21,482 [INFO] pipeline.macro:   Série 13522: 195 observações (2010-01-01 → 2026-03-01)
2026-04-28 09:16:21,483 [WARNING] pipeline.macro: IPCA calculado fora do intervalo plausível (46.1%) para 2020 — usando fallback
2026-04-28 09:16:21,483 [WARNING] pipeline.macro: IPCA calculado fora do intervalo plausível (159.3%) para 2021 — usando fallback
2026-04-28 09:16:21,483 [WARNING] pipeline.macro: IPCA calculado fora do intervalo plausível (191.2%) para 2022 — usando fallback
2026-04-28 09:16:21,484 [WARNING] pipeline.macro: IPCA calculado fora do intervalo plausível (71.5%) para 2023 — usando fallback
2026-04-28 09:16:21,484 [WARNING] pipeline.macro: IPCA calculado fora do intervalo plausível (67.0%) para 2024 — usando fallback
2026-04-28 09:16:21,484 [WARNING] pipeline.macro: IPCA calculado fora do intervalo plausível (80.0%) para 2025 — usando fallback
2026-04-28 09:16:21,484 [INFO] pipeline.macro: 
RESUMO MACRO HISTÓRICO:
2026-04-28 09:16:21,484 [INFO] pipeline.macro:   selic_meta     : 2021: 9.25% | 2022: 13.75% | 2023: 11.75% | 2024: 11.75% | 2025: 10.00%
2026-04-28 09:16:21,485 [INFO] pipeline.macro:   selic_efet     : 2021: 4.48% | 2022: 12.33% | 2023: 13.15% | 2024: 10.73% | 2025: 10.50%
2026-04-28 09:16:21,485 [INFO] pipeline.macro:   ipca           : 2021: 10.06% | 2022: 5.62% | 2023: 4.62% | 2024: 4.83% | 2025: 4.50%
2026-04-28 09:16:21,485 [INFO] pipeline.macro:   tjlp           : 2021: 5.25% | 2022: 6.25% | 2023: 7.00% | 2024: 7.00% | 2025: 6.50%
2026-04-28 09:16:21,485 [INFO] pipeline.macro:   cds            : 2021: 0.73% | 2022: 1.26% | 2023: 0.84% | 2024: 0.81% | 2025: 0.76%
2026-04-28 09:16:21,485 [INFO] pipeline.macro:   inflacao_impl  : 2021: 10.06% | 2022: 5.62% | 2023: 4.62% | 2024: 4.83% | 2025: 4.50%
2026-04-28 09:16:21,485 [INFO] pipeline: 
[3/6] Baixando demonstrações financeiras (CVM)...
2026-04-28 09:16:21,486 [INFO] pipeline.cvm: 
==================================================
2026-04-28 09:16:21,486 [INFO] pipeline.cvm: Baixando DFP 2020...
2026-04-28 09:16:21,486 [INFO] pipeline.cvm: Baixando: https://dados.cvm.gov.br/dados/CIA_ABERTA/DOC/DFP/DADOS/dfp_cia_aberta_2020.zip
2026-04-28 09:16:25,653 [INFO] pipeline.cvm:   DFP dre 2020: 68 linhas
2026-04-28 09:16:25,653 [INFO] pipeline.cvm: Baixando: https://dados.cvm.gov.br/dados/CIA_ABERTA/DOC/DFP/DADOS/dfp_cia_aberta_2020.zip
2026-04-28 09:16:29,915 [INFO] pipeline.cvm:   DFP bpa 2020: 132 linhas
2026-04-28 09:16:29,916 [INFO] pipeline.cvm: Baixando: https://dados.cvm.gov.br/dados/CIA_ABERTA/DOC/DFP/DADOS/dfp_cia_aberta_2020.zip
2026-04-28 09:16:35,442 [INFO] pipeline.cvm:   DFP bpp 2020: 232 linhas
2026-04-28 09:16:35,443 [INFO] pipeline.cvm: Baixando: https://dados.cvm.gov.br/dados/CIA_ABERTA/DOC/DFP/DADOS/dfp_cia_aberta_2020.zip
2026-04-28 09:16:39,352 [INFO] pipeline.cvm:   DFP dfc_mi 2020: 108 linhas
2026-04-28 09:16:39,352 [INFO] pipeline.cvm: Baixando: https://dados.cvm.gov.br/dados/CIA_ABERTA/DOC/DFP/DADOS/dfp_cia_aberta_2020.zip
2026-04-28 09:16:41,738 [WARNING] pipeline.cvm:   Empresa 8133 não encontrada em dfc_md 2020
2026-04-28 09:16:41,739 [INFO] pipeline.cvm: 
==================================================
2026-04-28 09:16:41,739 [INFO] pipeline.cvm: Baixando DFP 2021...
2026-04-28 09:16:41,739 [INFO] pipeline.cvm: Baixando: https://dados.cvm.gov.br/dados/CIA_ABERTA/DOC/DFP/DADOS/dfp_cia_aberta_2021.zip
2026-04-28 09:16:45,170 [INFO] pipeline.cvm:   DFP dre 2021: 68 linhas
2026-04-28 09:16:45,170 [INFO] pipeline.cvm: Baixando: https://dados.cvm.gov.br/dados/CIA_ABERTA/DOC/DFP/DADOS/dfp_cia_aberta_2021.zip
2026-04-28 09:16:49,138 [INFO] pipeline.cvm:   DFP bpa 2021: 132 linhas
2026-04-28 09:16:49,139 [INFO] pipeline.cvm: Baixando: https://dados.cvm.gov.br/dados/CIA_ABERTA/DOC/DFP/DADOS/dfp_cia_aberta_2021.zip
2026-04-28 09:16:54,486 [INFO] pipeline.cvm:   DFP bpp 2021: 232 linhas
2026-04-28 09:16:54,486 [INFO] pipeline.cvm: Baixando: https://dados.cvm.gov.br/dados/CIA_ABERTA/DOC/DFP/DADOS/dfp_cia_aberta_2021.zip
2026-04-28 09:16:58,383 [INFO] pipeline.cvm:   DFP dfc_mi 2021: 108 linhas
2026-04-28 09:16:58,384 [INFO] pipeline.cvm: Baixando: https://dados.cvm.gov.br/dados/CIA_ABERTA/DOC/DFP/DADOS/dfp_cia_aberta_2021.zip
2026-04-28 09:17:01,847 [WARNING] pipeline.cvm:   Empresa 8133 não encontrada em dfc_md 2021
2026-04-28 09:17:01,847 [INFO] pipeline.cvm: 
==================================================
2026-04-28 09:17:01,848 [INFO] pipeline.cvm: Baixando DFP 2022...
2026-04-28 09:17:01,848 [INFO] pipeline.cvm: Baixando: https://dados.cvm.gov.br/dados/CIA_ABERTA/DOC/DFP/DADOS/dfp_cia_aberta_2022.zip
2026-04-28 09:17:07,247 [INFO] pipeline.cvm:   DFP dre 2022: 68 linhas
2026-04-28 09:17:07,247 [INFO] pipeline.cvm: Baixando: https://dados.cvm.gov.br/dados/CIA_ABERTA/DOC/DFP/DADOS/dfp_cia_aberta_2022.zip
2026-04-28 09:17:14,309 [INFO] pipeline.cvm:   DFP bpa 2022: 132 linhas
2026-04-28 09:17:14,309 [INFO] pipeline.cvm: Baixando: https://dados.cvm.gov.br/dados/CIA_ABERTA/DOC/DFP/DADOS/dfp_cia_aberta_2022.zip
2026-04-28 09:17:23,725 [INFO] pipeline.cvm:   DFP bpp 2022: 236 linhas
2026-04-28 09:17:23,725 [INFO] pipeline.cvm: Baixando: https://dados.cvm.gov.br/dados/CIA_ABERTA/DOC/DFP/DADOS/dfp_cia_aberta_2022.zip
2026-04-28 09:17:31,414 [INFO] pipeline.cvm:   DFP dfc_mi 2022: 82 linhas
2026-04-28 09:17:31,414 [INFO] pipeline.cvm: Baixando: https://dados.cvm.gov.br/dados/CIA_ABERTA/DOC/DFP/DADOS/dfp_cia_aberta_2022.zip
2026-04-28 09:17:35,719 [WARNING] pipeline.cvm:   Empresa 8133 não encontrada em dfc_md 2022
2026-04-28 09:17:35,720 [INFO] pipeline.cvm: 
==================================================
2026-04-28 09:17:35,720 [INFO] pipeline.cvm: Baixando DFP 2023...
2026-04-28 09:17:35,720 [INFO] pipeline.cvm: Baixando: https://dados.cvm.gov.br/dados/CIA_ABERTA/DOC/DFP/DADOS/dfp_cia_aberta_2023.zip
2026-04-28 09:17:41,156 [INFO] pipeline.cvm:   DFP dre 2023: 68 linhas
2026-04-28 09:17:41,156 [INFO] pipeline.cvm: Baixando: https://dados.cvm.gov.br/dados/CIA_ABERTA/DOC/DFP/DADOS/dfp_cia_aberta_2023.zip
2026-04-28 09:17:47,458 [INFO] pipeline.cvm:   DFP bpa 2023: 132 linhas
2026-04-28 09:17:47,458 [INFO] pipeline.cvm: Baixando: https://dados.cvm.gov.br/dados/CIA_ABERTA/DOC/DFP/DADOS/dfp_cia_aberta_2023.zip
2026-04-28 09:17:54,531 [INFO] pipeline.cvm:   DFP bpp 2023: 236 linhas
2026-04-28 09:17:54,531 [INFO] pipeline.cvm: Baixando: https://dados.cvm.gov.br/dados/CIA_ABERTA/DOC/DFP/DADOS/dfp_cia_aberta_2023.zip
2026-04-28 09:18:01,529 [INFO] pipeline.cvm:   DFP dfc_mi 2023: 82 linhas
2026-04-28 09:18:01,529 [INFO] pipeline.cvm: Baixando: https://dados.cvm.gov.br/dados/CIA_ABERTA/DOC/DFP/DADOS/dfp_cia_aberta_2023.zip
2026-04-28 09:18:07,431 [WARNING] pipeline.cvm:   Empresa 8133 não encontrada em dfc_md 2023
2026-04-28 09:18:07,431 [INFO] pipeline.cvm: 
==================================================
2026-04-28 09:18:07,431 [INFO] pipeline.cvm: Baixando DFP 2024...
2026-04-28 09:18:07,432 [INFO] pipeline.cvm: Baixando: https://dados.cvm.gov.br/dados/CIA_ABERTA/DOC/DFP/DADOS/dfp_cia_aberta_2024.zip
2026-04-28 09:18:14,158 [INFO] pipeline.cvm:   DFP dre 2024: 68 linhas
2026-04-28 09:18:14,159 [INFO] pipeline.cvm: Baixando: https://dados.cvm.gov.br/dados/CIA_ABERTA/DOC/DFP/DADOS/dfp_cia_aberta_2024.zip
2026-04-28 09:18:21,444 [INFO] pipeline.cvm:   DFP bpa 2024: 132 linhas
2026-04-28 09:18:21,444 [INFO] pipeline.cvm: Baixando: https://dados.cvm.gov.br/dados/CIA_ABERTA/DOC/DFP/DADOS/dfp_cia_aberta_2024.zip
2026-04-28 09:18:30,367 [INFO] pipeline.cvm:   DFP bpp 2024: 236 linhas
2026-04-28 09:18:30,367 [INFO] pipeline.cvm: Baixando: https://dados.cvm.gov.br/dados/CIA_ABERTA/DOC/DFP/DADOS/dfp_cia_aberta_2024.zip
2026-04-28 09:18:37,294 [INFO] pipeline.cvm:   DFP dfc_mi 2024: 76 linhas
2026-04-28 09:18:37,294 [INFO] pipeline.cvm: Baixando: https://dados.cvm.gov.br/dados/CIA_ABERTA/DOC/DFP/DADOS/dfp_cia_aberta_2024.zip
2026-04-28 09:18:43,772 [WARNING] pipeline.cvm:   Empresa 8133 não encontrada em dfc_md 2024
2026-04-28 09:18:43,772 [INFO] pipeline.cvm: 
==================================================
2026-04-28 09:18:43,772 [INFO] pipeline.cvm: Baixando DFP 2025...
2026-04-28 09:18:43,772 [INFO] pipeline.cvm: Baixando: https://dados.cvm.gov.br/dados/CIA_ABERTA/DOC/DFP/DADOS/dfp_cia_aberta_2025.zip
2026-04-28 09:18:49,201 [INFO] pipeline.cvm:   DFP dre 2025: 68 linhas
2026-04-28 09:18:49,201 [INFO] pipeline.cvm: Baixando: https://dados.cvm.gov.br/dados/CIA_ABERTA/DOC/DFP/DADOS/dfp_cia_aberta_2025.zip
2026-04-28 09:18:54,005 [INFO] pipeline.cvm:   DFP bpa 2025: 136 linhas
2026-04-28 09:18:54,006 [INFO] pipeline.cvm: Baixando: https://dados.cvm.gov.br/dados/CIA_ABERTA/DOC/DFP/DADOS/dfp_cia_aberta_2025.zip
2026-04-28 09:19:01,518 [INFO] pipeline.cvm:   DFP bpp 2025: 236 linhas
2026-04-28 09:19:01,519 [INFO] pipeline.cvm: Baixando: https://dados.cvm.gov.br/dados/CIA_ABERTA/DOC/DFP/DADOS/dfp_cia_aberta_2025.zip
2026-04-28 09:19:08,176 [INFO] pipeline.cvm:   DFP dfc_mi 2025: 78 linhas
2026-04-28 09:19:08,176 [INFO] pipeline.cvm: Baixando: https://dados.cvm.gov.br/dados/CIA_ABERTA/DOC/DFP/DADOS/dfp_cia_aberta_2025.zip
2026-04-28 09:19:13,422 [WARNING] pipeline.cvm:   Empresa 8133 não encontrada em dfc_md 2025
2026-04-28 09:19:13,422 [INFO] pipeline: 
[4/6] Normalizando dados...
2026-04-28 09:19:15,649 [INFO] pipeline:   DFC normalizada: 11 linhas
2026-04-28 09:19:15,652 [INFO] pipeline:   DRE normalizada:
2026-04-28 09:19:15,653 [INFO] pipeline:     receita_liquida: 2020: 7,537 | 2021: 10,572 | 2022: 13,271 | 2023: 13,648 | 2024: 14,436 | 2025: 15,829
2026-04-28 09:19:15,653 [INFO] pipeline:     ebit: 2020: 857 | 2021: 814 | 2022: 1,407 | 2023: 889 | 2024: 1,259 | 2025: 1,797
2026-04-28 09:19:15,653 [INFO] pipeline:     lucro_liquido: 2020: 1,096 | 2021: 633 | 2022: 1,292 | 2023: 976 | 2024: 1,197 | 2025: 1,458
2026-04-28 09:19:15,653 [INFO] pipeline: 
[5/6] Calculando projeções...
2026-04-28 09:19:15,657 [INFO] pipeline.projecoes: 
=== Projeções (não-financeira / FCFF) ===
2026-04-28 09:19:15,659 [INFO] pipeline.projecoes:   Margem EBITDA: 14.6% → 19.0% (conv 6a)
2026-04-28 09:19:15,659 [INFO] pipeline.projecoes:   D&A/Receita: 3.9%
2026-04-28 09:19:15,660 [INFO] pipeline.projecoes:   CAPEX/Receita: 0.0% → 5.0%
2026-04-28 09:19:15,661 [INFO] pipeline.projecoes:   NCG/Receita: 48.8% → 8.0%
2026-04-28 09:19:15,665 [INFO] pipeline.projecoes:   Alíquota efetiva: 15.6%
2026-04-28 09:19:15,666 [INFO] pipeline.projecoes: Projeções concluídas (FCFF). Resumo:
2026-04-28 09:19:15,666 [INFO] pipeline.projecoes:    Ano      Receita     EBITDA    Mg%      NOPAT       FCFF
2026-04-28 09:19:15,666 [INFO] pipeline.projecoes:   2026       17,030      2,614  15.3%      1,642      2,440
2026-04-28 09:19:15,666 [INFO] pipeline.projecoes:   2027       18,250      2,934  16.1%      1,872      3,218
2026-04-28 09:19:15,666 [INFO] pipeline.projecoes:   2028       19,482      3,275  16.8%      2,119      3,490
2026-04-28 09:19:15,666 [INFO] pipeline.projecoes:   2029       20,716      3,633  17.5%      2,381      3,758
2026-04-28 09:19:15,666 [INFO] pipeline.projecoes:   2030       21,942      4,009  18.3%      2,657      4,016
2026-04-28 09:19:15,666 [INFO] pipeline.valuation:   Estrutura de capital: E=95% | D=5%
2026-04-28 09:19:15,666 [INFO] pipeline: 
[6/6] Calculando valuation (FCFF / WACC)...
2026-04-28 09:19:15,667 [INFO] pipeline.valuation: 
==================================================
2026-04-28 09:19:15,667 [INFO] pipeline.valuation: VALUATION FCFF/WACC — LREN3
2026-04-28 09:19:15,667 [INFO] pipeline.valuation:   VP FCFF (10a):     R$       17,440 MM
2026-04-28 09:19:15,667 [INFO] pipeline.valuation:   Valor Perp. (VP):  R$       20,908 MM
2026-04-28 09:19:15,667 [INFO] pipeline.valuation:   ENTERPRISE VALUE:  R$       38,348 MM
2026-04-28 09:19:15,667 [INFO] pipeline.valuation:   (-) Dívida Líq.:   R$       -1,523 MM
2026-04-28 09:19:15,667 [INFO] pipeline.valuation:   VALOR DO EQUITY:   R$       39,871 MM
2026-04-28 09:19:15,667 [INFO] pipeline.valuation:   Preço Justo ON:    R$    40.84
2026-04-28 09:19:15,667 [INFO] pipeline.valuation:   Preço Justo PN:    R$    40.84
2026-04-28 09:19:15,667 [INFO] pipeline.valuation:   Cotação ON:        R$    13.97
2026-04-28 09:19:15,667 [INFO] pipeline.valuation:   Upside ON:              192.3%
2026-04-28 09:19:15,667 [INFO] pipeline.valuation:   TIR (ON):                24.0%
2026-04-28 09:19:15,667 [INFO] pipeline.valuation:   WACC último ano:         10.8%
2026-04-28 09:19:15,669 [INFO] pipeline:   Sem template VAROS para LREN3 — Excel será criado do zero
2026-04-28 09:19:15,968 [INFO] pipeline.excel_geral: 
============================================================
2026-04-28 09:19:15,969 [INFO] pipeline.excel_geral: Criando Excel completo (12 abas) para: Lojas Renner (LREN3)
2026-04-28 09:19:15,971 [INFO] pipeline.excel_geral:   → 1/12  Dashboard
2026-04-28 09:19:15,985 [INFO] pipeline.excel_geral:   → 2/12  WACC
2026-04-28 09:19:16,039 [INFO] pipeline.excel_geral:   → 3/12  TIR ON
2026-04-28 09:19:16,052 [INFO] pipeline.excel_geral:   → 4/12  TIR PN
2026-04-28 09:19:16,068 [INFO] pipeline.excel_geral:   → 5/12  Valor do Equity
2026-04-28 09:19:16,077 [INFO] pipeline.excel_geral:   → 6/12  Preço Teto
2026-04-28 09:19:16,089 [INFO] pipeline.excel_geral:   → 7/12  DRE + DCF
2026-04-28 09:19:16,254 [INFO] pipeline.excel_geral:   → 8/12  DRE Contas Abertas
2026-04-28 09:19:16,337 [INFO] pipeline.excel_geral:   → 9/12  Balanço Patrimonial
2026-04-28 09:19:16,417 [INFO] pipeline.excel_geral:   → 10/12 Painel de Índices
2026-04-28 09:19:16,562 [INFO] pipeline.excel_geral:   → 11/12 Projeções Premissas
2026-04-28 09:19:16,609 [INFO] pipeline.excel_geral:   → 12/12 Projeções Capex e CG
2026-04-28 09:19:16,740 [INFO] pipeline.excel_geral: 
Arquivo salvo: C:\Users\55819\OneDrive - EPEJUD\DIEGO\OBSIDIAN\Analista de Investimentos\12_PYTHON\pipeline banco completo\outputs\Valuation_LREN3_Lojas Renner_20260428.xlsx
2026-04-28 09:19:16,741 [INFO] pipeline: 
======================================================================
2026-04-28 09:19:16,741 [INFO] pipeline: RESUMO DO VALUATION (FCFF/WACC)
2026-04-28 09:19:16,741 [INFO] pipeline: ======================================================================
2026-04-28 09:19:16,741 [INFO] pipeline:   Empresa:           Lojas Renner (LREN3)
2026-04-28 09:19:16,741 [INFO] pipeline:   Enterprise Value:  R$       38,348 MM
2026-04-28 09:19:16,741 [INFO] pipeline:   Cotação ON:        R$ 13.97
2026-04-28 09:19:16,741 [INFO] pipeline:   Preço Justo ON:    R$ 40.84
2026-04-28 09:19:16,741 [INFO] pipeline:   Upside ON:            192.3%
2026-04-28 09:19:16,741 [INFO] pipeline:   TIR:                  24.0%
2026-04-28 09:19:16,741 [INFO] pipeline:   Preço Teto ON:     R$ 40.84
2026-04-28 09:19:16,741 [INFO] pipeline: 
  Arquivo gerado:    C:\Users\55819\OneDrive - EPEJUD\DIEGO\OBSIDIAN\Analista de Investimentos\12_PYTHON\pipeline banco completo\outputs\Valuation_LREN3_Lojas Renner_20260428.xlsx
2026-04-28 09:19:16,742 [INFO] pipeline: ======================================================================
2026-04-28 09:19:16,744 [INFO] pipeline: ✓ LREN3: arquivo gerado → C:\Users\55819\OneDrive - EPEJUD\DIEGO\OBSIDIAN\Analista de Investimentos\12_PYTHON\pipeline banco completo\outputs\Valuation_LREN3_Lojas Renner_20260428.xlsx
2026-04-28 09:19:16,744 [INFO] pipeline: 
──────────────────────────────────────────────────────────────────────
2026-04-28 09:19:16,744 [INFO] pipeline: Processando: MGLU3 (Magazine Luiza)
2026-04-28 09:19:16,745 [INFO] pipeline: ──────────────────────────────────────────────────────────────────────
2026-04-28 09:19:16,745 [INFO] pipeline: ======================================================================
2026-04-28 09:19:16,745 [INFO] pipeline: PIPELINE DE VALUATION [CONSUMO_VAREJO] — MGLU3 — Magazine Luiza
2026-04-28 09:19:16,745 [INFO] pipeline: Início: 2026-04-28 09:19:16
2026-04-28 09:19:16,745 [INFO] pipeline:   Setor: consumo_varejo | Motor: WACC
2026-04-28 09:19:16,745 [INFO] pipeline: ======================================================================
2026-04-28 09:19:16,746 [INFO] pipeline: 
[1/6] Coletando dados de mercado...
2026-04-28 09:19:16,746 [INFO] pipeline:   Buscando cotação via yfinance...
2026-04-28 09:19:16,746 [INFO] pipeline.mercado: Buscando cotação atual: MGLU3.SA
2026-04-28 09:19:18,046 [INFO] pipeline:   Cotação ON: R$ 8.53  |  Cotação PN: R$ 0.00
2026-04-28 09:19:18,171 [INFO] pipeline.mercado: Calculando beta: MGLU3 (252 dias úteis)
2026-04-28 09:19:18,171 [INFO] pipeline.mercado: Baixando preços: MGLU3.SA (2019-01-01 → 2026-04-28)
2026-04-28 09:19:19,049 [INFO] pipeline.mercado:   1820 dias de preços carregados
2026-04-28 09:19:19,049 [INFO] pipeline.mercado: Baixando preços: ^BVSP (2019-01-01 → 2026-04-28)
2026-04-28 09:19:19,090 [INFO] pipeline.mercado:   1820 dias de preços carregados
2026-04-28 09:19:19,095 [INFO] pipeline.mercado:   Beta estatístico: 2.1106 | R²: 0.362 | n=251
2026-04-28 09:19:19,097 [INFO] pipeline:   Beta estatístico: 2.111 | Beta utilizado: 0.850
2026-04-28 09:19:19,098 [INFO] pipeline: 
[2/6] Coletando dados macroeconômicos (BCB)...
2026-04-28 09:19:19,435 [WARNING] pipeline.macro: Não foi possível obter Focus Selic: 400 Client Error: Bad Request for url: https://olinda.bcb.gov.br/olinda/servico/Expectativas/versao/v1/odata/ExpectativasMercadoAnuais?%24filter=Indicador%20eq%20'Selic'&%24top=100&%24format=json&%24select=Indicador,Data,Ano,Mediana
2026-04-28 09:19:19,707 [WARNING] pipeline.macro: Não foi possível obter Focus IPCA: 400 Client Error: Bad Request for url: https://olinda.bcb.gov.br/olinda/servico/Expectativas/versao/v1/odata/ExpectativasMercadoAnuais?%24filter=Indicador%20eq%20'IPCA'&%24top=100&%24format=json&%24select=Indicador,Data,Ano,Mediana
2026-04-28 09:19:19,709 [INFO] pipeline.macro: 
=== Coletando dados macroeconômicos ===
2026-04-28 09:19:19,710 [INFO] pipeline.macro: Baixando série BCB 432...
2026-04-28 09:19:19,992 [ERROR] pipeline.macro: Erro ao baixar série BCB 432: 406 Client Error: Not Acceptable for url: https://api.bcb.gov.br/dados/serie/bcdata.sgs.432/dados?formato=json&dataInicial=01%2F01%2F2010&dataFinal=28%2F04%2F2026
2026-04-28 09:19:19,992 [WARNING] pipeline.macro: Série Selic meta sem DatetimeIndex — usando fallback histórico
2026-04-28 09:19:19,992 [INFO] pipeline.macro: Baixando série BCB 12...
2026-04-28 09:19:20,093 [ERROR] pipeline.macro: Erro ao baixar série BCB 12: 406 Client Error: Not Acceptable for url: https://api.bcb.gov.br/dados/serie/bcdata.sgs.12/dados?formato=json&dataInicial=01%2F01%2F2010&dataFinal=28%2F04%2F2026
2026-04-28 09:19:20,094 [WARNING] pipeline.macro: Série DI sem DatetimeIndex — usando fallback histórico
2026-04-28 09:19:20,094 [INFO] pipeline.macro: Baixando série BCB 13522...
2026-04-28 09:19:20,237 [INFO] pipeline.macro:   Série 13522: 195 observações (2010-01-01 → 2026-03-01)
2026-04-28 09:19:20,238 [WARNING] pipeline.macro: IPCA calculado fora do intervalo plausível (46.1%) para 2020 — usando fallback
2026-04-28 09:19:20,239 [WARNING] pipeline.macro: IPCA calculado fora do intervalo plausível (159.3%) para 2021 — usando fallback
2026-04-28 09:19:20,240 [WARNING] pipeline.macro: IPCA calculado fora do intervalo plausível (191.2%) para 2022 — usando fallback
2026-04-28 09:19:20,240 [WARNING] pipeline.macro: IPCA calculado fora do intervalo plausível (71.5%) para 2023 — usando fallback
2026-04-28 09:19:20,241 [WARNING] pipeline.macro: IPCA calculado fora do intervalo plausível (67.0%) para 2024 — usando fallback
2026-04-28 09:19:20,242 [WARNING] pipeline.macro: IPCA calculado fora do intervalo plausível (80.0%) para 2025 — usando fallback
2026-04-28 09:19:20,242 [INFO] pipeline.macro: Baixando série BCB 258...
2026-04-28 09:19:20,718 [ERROR] pipeline.macro: Erro ao baixar série BCB 258: 406 Client Error: Not Acceptable for url: https://api.bcb.gov.br/dados/serie/bcdata.sgs.258/dados?formato=json&dataInicial=01%2F01%2F2010&dataFinal=28%2F04%2F2026
2026-04-28 09:19:20,719 [WARNING] pipeline.macro: Série TJLP sem DatetimeIndex — usando fallback histórico
2026-04-28 09:19:20,719 [INFO] pipeline.macro: Baixando série BCB 29039...
2026-04-28 09:19:20,845 [INFO] pipeline.macro:   Série 29039: 195 observações (2010-01-01 → 2026-03-01)
2026-04-28 09:19:20,848 [INFO] pipeline.macro: Baixando série BCB 13522...
2026-04-28 09:19:20,966 [INFO] pipeline.macro:   Série 13522: 195 observações (2010-01-01 → 2026-03-01)
2026-04-28 09:19:20,967 [WARNING] pipeline.macro: IPCA calculado fora do intervalo plausível (46.1%) para 2020 — usando fallback
2026-04-28 09:19:20,968 [WARNING] pipeline.macro: IPCA calculado fora do intervalo plausível (159.3%) para 2021 — usando fallback
2026-04-28 09:19:20,969 [WARNING] pipeline.macro: IPCA calculado fora do intervalo plausível (191.2%) para 2022 — usando fallback
2026-04-28 09:19:20,970 [WARNING] pipeline.macro: IPCA calculado fora do intervalo plausível (71.5%) para 2023 — usando fallback
2026-04-28 09:19:20,970 [WARNING] pipeline.macro: IPCA calculado fora do intervalo plausível (67.0%) para 2024 — usando fallback
2026-04-28 09:19:20,971 [WARNING] pipeline.macro: IPCA calculado fora do intervalo plausível (80.0%) para 2025 — usando fallback
2026-04-28 09:19:20,971 [INFO] pipeline.macro: 
RESUMO MACRO HISTÓRICO:
2026-04-28 09:19:20,971 [INFO] pipeline.macro:   selic_meta     : 2021: 9.25% | 2022: 13.75% | 2023: 11.75% | 2024: 11.75% | 2025: 10.00%
2026-04-28 09:19:20,971 [INFO] pipeline.macro:   selic_efet     : 2021: 4.48% | 2022: 12.33% | 2023: 13.15% | 2024: 10.73% | 2025: 10.50%
2026-04-28 09:19:20,971 [INFO] pipeline.macro:   ipca           : 2021: 10.06% | 2022: 5.62% | 2023: 4.62% | 2024: 4.83% | 2025: 4.50%
2026-04-28 09:19:20,971 [INFO] pipeline.macro:   tjlp           : 2021: 5.25% | 2022: 6.25% | 2023: 7.00% | 2024: 7.00% | 2025: 6.50%
2026-04-28 09:19:20,971 [INFO] pipeline.macro:   cds            : 2021: 0.73% | 2022: 1.26% | 2023: 0.84% | 2024: 0.81% | 2025: 0.76%
2026-04-28 09:19:20,971 [INFO] pipeline.macro:   inflacao_impl  : 2021: 10.06% | 2022: 5.62% | 2023: 4.62% | 2024: 4.83% | 2025: 4.50%
2026-04-28 09:19:20,971 [INFO] pipeline: 
[3/6] Baixando demonstrações financeiras (CVM)...
2026-04-28 09:19:20,972 [INFO] pipeline.cvm: 
==================================================
2026-04-28 09:19:20,972 [INFO] pipeline.cvm: Baixando DFP 2020...
2026-04-28 09:19:20,972 [INFO] pipeline.cvm: Baixando: https://dados.cvm.gov.br/dados/CIA_ABERTA/DOC/DFP/DADOS/dfp_cia_aberta_2020.zip
2026-04-28 09:19:24,421 [INFO] pipeline.cvm:   DFP dre 2020: 64 linhas
2026-04-28 09:19:24,422 [INFO] pipeline.cvm: Baixando: https://dados.cvm.gov.br/dados/CIA_ABERTA/DOC/DFP/DADOS/dfp_cia_aberta_2020.zip
2026-04-28 09:19:29,333 [INFO] pipeline.cvm:   DFP bpa 2020: 124 linhas
2026-04-28 09:19:29,333 [INFO] pipeline.cvm: Baixando: https://dados.cvm.gov.br/dados/CIA_ABERTA/DOC/DFP/DADOS/dfp_cia_aberta_2020.zip
2026-04-28 09:19:36,453 [INFO] pipeline.cvm:   DFP bpp 2020: 214 linhas
2026-04-28 09:19:36,453 [INFO] pipeline.cvm: Baixando: https://dados.cvm.gov.br/dados/CIA_ABERTA/DOC/DFP/DADOS/dfp_cia_aberta_2020.zip
2026-04-28 09:19:42,453 [INFO] pipeline.cvm:   DFP dfc_mi 2020: 104 linhas
2026-04-28 09:19:42,453 [INFO] pipeline.cvm: Baixando: https://dados.cvm.gov.br/dados/CIA_ABERTA/DOC/DFP/DADOS/dfp_cia_aberta_2020.zip
2026-04-28 09:19:45,977 [WARNING] pipeline.cvm:   Empresa 22470 não encontrada em dfc_md 2020
2026-04-28 09:19:45,977 [INFO] pipeline.cvm: 
==================================================
2026-04-28 09:19:45,977 [INFO] pipeline.cvm: Baixando DFP 2021...
2026-04-28 09:19:45,977 [INFO] pipeline.cvm: Baixando: https://dados.cvm.gov.br/dados/CIA_ABERTA/DOC/DFP/DADOS/dfp_cia_aberta_2021.zip
2026-04-28 09:19:50,879 [INFO] pipeline.cvm:   DFP dre 2021: 64 linhas
2026-04-28 09:19:50,879 [INFO] pipeline.cvm: Baixando: https://dados.cvm.gov.br/dados/CIA_ABERTA/DOC/DFP/DADOS/dfp_cia_aberta_2021.zip
2026-04-28 09:19:59,779 [INFO] pipeline.cvm:   DFP bpa 2021: 128 linhas
2026-04-28 09:19:59,779 [INFO] pipeline.cvm: Baixando: https://dados.cvm.gov.br/dados/CIA_ABERTA/DOC/DFP/DADOS/dfp_cia_aberta_2021.zip
2026-04-28 09:20:06,918 [INFO] pipeline.cvm:   DFP bpp 2021: 218 linhas
2026-04-28 09:20:06,918 [INFO] pipeline.cvm: Baixando: https://dados.cvm.gov.br/dados/CIA_ABERTA/DOC/DFP/DADOS/dfp_cia_aberta_2021.zip
2026-04-28 09:20:10,802 [INFO] pipeline.cvm:   DFP dfc_mi 2021: 104 linhas
2026-04-28 09:20:10,802 [INFO] pipeline.cvm: Baixando: https://dados.cvm.gov.br/dados/CIA_ABERTA/DOC/DFP/DADOS/dfp_cia_aberta_2021.zip
2026-04-28 09:20:12,765 [WARNING] pipeline.cvm:   Empresa 22470 não encontrada em dfc_md 2021
2026-04-28 09:20:12,765 [INFO] pipeline.cvm: 
==================================================
2026-04-28 09:20:12,766 [INFO] pipeline.cvm: Baixando DFP 2022...
2026-04-28 09:20:12,766 [INFO] pipeline.cvm: Baixando: https://dados.cvm.gov.br/dados/CIA_ABERTA/DOC/DFP/DADOS/dfp_cia_aberta_2022.zip
2026-04-28 09:20:16,302 [INFO] pipeline.cvm:   DFP dre 2022: 64 linhas
2026-04-28 09:20:16,303 [INFO] pipeline.cvm: Baixando: https://dados.cvm.gov.br/dados/CIA_ABERTA/DOC/DFP/DADOS/dfp_cia_aberta_2022.zip
2026-04-28 09:20:20,837 [INFO] pipeline.cvm:   DFP bpa 2022: 128 linhas
2026-04-28 09:20:20,837 [INFO] pipeline.cvm: Baixando: https://dados.cvm.gov.br/dados/CIA_ABERTA/DOC/DFP/DADOS/dfp_cia_aberta_2022.zip
2026-04-28 09:20:27,384 [INFO] pipeline.cvm:   DFP bpp 2022: 222 linhas
2026-04-28 09:20:27,384 [INFO] pipeline.cvm: Baixando: https://dados.cvm.gov.br/dados/CIA_ABERTA/DOC/DFP/DADOS/dfp_cia_aberta_2022.zip
2026-04-28 09:20:32,132 [INFO] pipeline.cvm:   DFP dfc_mi 2022: 106 linhas
2026-04-28 09:20:32,132 [INFO] pipeline.cvm: Baixando: https://dados.cvm.gov.br/dados/CIA_ABERTA/DOC/DFP/DADOS/dfp_cia_aberta_2022.zip
2026-04-28 09:20:34,878 [WARNING] pipeline.cvm:   Empresa 22470 não encontrada em dfc_md 2022
2026-04-28 09:20:34,878 [INFO] pipeline.cvm: 
==================================================
2026-04-28 09:20:34,878 [INFO] pipeline.cvm: Baixando DFP 2023...
2026-04-28 09:20:34,878 [INFO] pipeline.cvm: Baixando: https://dados.cvm.gov.br/dados/CIA_ABERTA/DOC/DFP/DADOS/dfp_cia_aberta_2023.zip
2026-04-28 09:20:38,791 [INFO] pipeline.cvm:   DFP dre 2023: 64 linhas
2026-04-28 09:20:38,791 [INFO] pipeline.cvm: Baixando: https://dados.cvm.gov.br/dados/CIA_ABERTA/DOC/DFP/DADOS/dfp_cia_aberta_2023.zip
2026-04-28 09:20:43,598 [INFO] pipeline.cvm:   DFP bpa 2023: 128 linhas
2026-04-28 09:20:43,598 [INFO] pipeline.cvm: Baixando: https://dados.cvm.gov.br/dados/CIA_ABERTA/DOC/DFP/DADOS/dfp_cia_aberta_2023.zip
2026-04-28 09:20:52,175 [INFO] pipeline.cvm:   DFP bpp 2023: 222 linhas
2026-04-28 09:20:52,176 [INFO] pipeline.cvm: Baixando: https://dados.cvm.gov.br/dados/CIA_ABERTA/DOC/DFP/DADOS/dfp_cia_aberta_2023.zip
2026-04-28 09:20:58,388 [INFO] pipeline.cvm:   DFP dfc_mi 2023: 106 linhas
2026-04-28 09:20:58,388 [INFO] pipeline.cvm: Baixando: https://dados.cvm.gov.br/dados/CIA_ABERTA/DOC/DFP/DADOS/dfp_cia_aberta_2023.zip
2026-04-28 09:21:02,052 [WARNING] pipeline.cvm:   Empresa 22470 não encontrada em dfc_md 2023
2026-04-28 09:21:02,052 [INFO] pipeline.cvm: 
==================================================
2026-04-28 09:21:02,052 [INFO] pipeline.cvm: Baixando DFP 2024...
2026-04-28 09:21:02,052 [INFO] pipeline.cvm: Baixando: https://dados.cvm.gov.br/dados/CIA_ABERTA/DOC/DFP/DADOS/dfp_cia_aberta_2024.zip
2026-04-28 09:21:06,056 [INFO] pipeline.cvm:   DFP dre 2024: 64 linhas
2026-04-28 09:21:06,056 [INFO] pipeline.cvm: Baixando: https://dados.cvm.gov.br/dados/CIA_ABERTA/DOC/DFP/DADOS/dfp_cia_aberta_2024.zip
2026-04-28 09:21:12,794 [INFO] pipeline.cvm:   DFP bpa 2024: 128 linhas
2026-04-28 09:21:12,795 [INFO] pipeline.cvm: Baixando: https://dados.cvm.gov.br/dados/CIA_ABERTA/DOC/DFP/DADOS/dfp_cia_aberta_2024.zip
2026-04-28 09:21:21,384 [INFO] pipeline.cvm:   DFP bpp 2024: 222 linhas
2026-04-28 09:21:21,384 [INFO] pipeline.cvm: Baixando: https://dados.cvm.gov.br/dados/CIA_ABERTA/DOC/DFP/DADOS/dfp_cia_aberta_2024.zip
2026-04-28 09:21:28,014 [INFO] pipeline.cvm:   DFP dfc_mi 2024: 108 linhas
2026-04-28 09:21:28,015 [INFO] pipeline.cvm: Baixando: https://dados.cvm.gov.br/dados/CIA_ABERTA/DOC/DFP/DADOS/dfp_cia_aberta_2024.zip
2026-04-28 09:21:31,884 [WARNING] pipeline.cvm:   Empresa 22470 não encontrada em dfc_md 2024
2026-04-28 09:21:31,885 [INFO] pipeline.cvm: 
==================================================
2026-04-28 09:21:31,885 [INFO] pipeline.cvm: Baixando DFP 2025...
2026-04-28 09:21:31,885 [INFO] pipeline.cvm: Baixando: https://dados.cvm.gov.br/dados/CIA_ABERTA/DOC/DFP/DADOS/dfp_cia_aberta_2025.zip
2026-04-28 09:21:35,972 [INFO] pipeline.cvm:   DFP dre 2025: 64 linhas
2026-04-28 09:21:35,973 [INFO] pipeline.cvm: Baixando: https://dados.cvm.gov.br/dados/CIA_ABERTA/DOC/DFP/DADOS/dfp_cia_aberta_2025.zip
2026-04-28 09:21:43,950 [INFO] pipeline.cvm:   DFP bpa 2025: 128 linhas
2026-04-28 09:21:43,950 [INFO] pipeline.cvm: Baixando: https://dados.cvm.gov.br/dados/CIA_ABERTA/DOC/DFP/DADOS/dfp_cia_aberta_2025.zip
2026-04-28 09:21:52,559 [INFO] pipeline.cvm:   DFP bpp 2025: 222 linhas
2026-04-28 09:21:52,559 [INFO] pipeline.cvm: Baixando: https://dados.cvm.gov.br/dados/CIA_ABERTA/DOC/DFP/DADOS/dfp_cia_aberta_2025.zip
2026-04-28 09:21:58,070 [INFO] pipeline.cvm:   DFP dfc_mi 2025: 110 linhas
2026-04-28 09:21:58,070 [INFO] pipeline.cvm: Baixando: https://dados.cvm.gov.br/dados/CIA_ABERTA/DOC/DFP/DADOS/dfp_cia_aberta_2025.zip
2026-04-28 09:22:00,478 [WARNING] pipeline.cvm:   Empresa 22470 não encontrada em dfc_md 2025
2026-04-28 09:22:00,478 [INFO] pipeline: 
[4/6] Normalizando dados...
2026-04-28 09:22:02,626 [INFO] pipeline:   DFC normalizada: 11 linhas
2026-04-28 09:22:02,630 [INFO] pipeline:   DRE normalizada:
2026-04-28 09:22:02,630 [INFO] pipeline:     receita_liquida: 2020: 29,177 | 2021: 35,278 | 2022: 37,299 | 2023: 36,768 | 2024: 38,038 | 2025: 38,703
2026-04-28 09:22:02,630 [INFO] pipeline:     ebit: 2020: 825 | 2021: 471 | 2022: 772 | 2023: -372 | 2024: 1,562 | 2025: 1,919
2026-04-28 09:22:02,630 [INFO] pipeline:     lucro_liquido: 2020: 392 | 2021: 591 | 2022: -499 | 2023: -979 | 2024: 449 | 2025: 205
2026-04-28 09:22:02,630 [INFO] pipeline: 
[5/6] Calculando projeções...
2026-04-28 09:22:02,631 [INFO] pipeline.projecoes: 
=== Projeções (não-financeira / FCFF) ===
2026-04-28 09:22:02,632 [INFO] pipeline.projecoes:   Margem EBITDA: 7.0% → 5.0% (conv 6a)
2026-04-28 09:22:02,633 [INFO] pipeline.projecoes:   D&A/Receita: 2.0%
2026-04-28 09:22:02,634 [INFO] pipeline.projecoes:   CAPEX/Receita: 0.9% → 4.0%
2026-04-28 09:22:02,635 [INFO] pipeline.projecoes:   NCG/Receita: 9.5% → 12.0%
2026-04-28 09:22:02,638 [INFO] pipeline.projecoes:   Alíquota efetiva: 34.0%
2026-04-28 09:22:02,638 [INFO] pipeline.projecoes: Projeções concluídas (FCFF). Resumo:
2026-04-28 09:22:02,638 [INFO] pipeline.projecoes:    Ano      Receita     EBITDA    Mg%      NOPAT       FCFF
2026-04-28 09:22:02,638 [INFO] pipeline.projecoes:   2026       41,606      2,790   6.7%      1,295     -1,380
2026-04-28 09:22:02,638 [INFO] pipeline.projecoes:   2027       44,519      2,833   6.4%      1,285        695
2026-04-28 09:22:02,638 [INFO] pipeline.projecoes:   2028       47,412      2,856   6.0%      1,262        348
2026-04-28 09:22:02,639 [INFO] pipeline.projecoes:   2029       50,257      2,856   5.7%      1,225        -44
2026-04-28 09:22:02,639 [INFO] pipeline.projecoes:   2030       53,021      2,832   5.3%      1,173       -479
2026-04-28 09:22:02,639 [INFO] pipeline.valuation:   Estrutura de capital: E=69% | D=31%
2026-04-28 09:22:02,639 [INFO] pipeline: 
[6/6] Calculando valuation (FCFF / WACC)...
2026-04-28 09:22:02,639 [WARNING] pipeline.valuation: TIR < g (5.5%) — cotação acima do valor intrínseco (DCF)
2026-04-28 09:22:02,639 [WARNING] pipeline.valuation: TIR < g (5.5%) — cotação acima do valor intrínseco (DCF)
2026-04-28 09:22:02,639 [INFO] pipeline.valuation: 
==================================================
2026-04-28 09:22:02,639 [INFO] pipeline.valuation: VALUATION FCFF/WACC — MGLU3
2026-04-28 09:22:02,639 [INFO] pipeline.valuation:   VP FCFF (10a):     R$       -1,434 MM
2026-04-28 09:22:02,640 [INFO] pipeline.valuation:   Valor Perp. (VP):  R$       -2,088 MM
2026-04-28 09:22:02,640 [INFO] pipeline.valuation:   ENTERPRISE VALUE:  R$       -3,523 MM
2026-04-28 09:22:02,640 [INFO] pipeline.valuation:   (-) Dívida Líq.:   R$        2,909 MM
2026-04-28 09:22:02,640 [INFO] pipeline.valuation:   VALOR DO EQUITY:   R$       -6,431 MM
2026-04-28 09:22:02,640 [INFO] pipeline.valuation:   Preço Justo ON:    R$    -8.30
2026-04-28 09:22:02,640 [INFO] pipeline.valuation:   Preço Justo PN:    R$    -8.30
2026-04-28 09:22:02,640 [INFO] pipeline.valuation:   Cotação ON:        R$     8.53
2026-04-28 09:22:02,640 [INFO] pipeline.valuation:   Upside ON:             -197.3%
2026-04-28 09:22:02,640 [INFO] pipeline.valuation:   TIR (ON):                 6.0%
2026-04-28 09:22:02,640 [INFO] pipeline.valuation:   WACC último ano:         11.4%
2026-04-28 09:22:02,640 [WARNING] pipeline: 
[!] AVISOS DE VALIDACAO:
2026-04-28 09:22:02,640 [WARNING] pipeline:   - Valor do Equity negativo ou zero: R$ -6,431 MM
2026-04-28 09:22:02,640 [WARNING] pipeline:   - Preço Justo ON inválido (≤ 0)
2026-04-28 09:22:02,642 [INFO] pipeline:   Sem template VAROS para MGLU3 — Excel será criado do zero
2026-04-28 09:22:02,643 [INFO] pipeline.excel_geral: 
============================================================
2026-04-28 09:22:02,643 [INFO] pipeline.excel_geral: Criando Excel completo (12 abas) para: Magazine Luiza (MGLU3)
2026-04-28 09:22:02,644 [INFO] pipeline.excel_geral:   → 1/12  Dashboard
2026-04-28 09:22:02,655 [INFO] pipeline.excel_geral:   → 2/12  WACC
2026-04-28 09:22:02,702 [INFO] pipeline.excel_geral:   → 3/12  TIR ON
2026-04-28 09:22:02,714 [INFO] pipeline.excel_geral:   → 4/12  TIR PN
2026-04-28 09:22:02,726 [INFO] pipeline.excel_geral:   → 5/12  Valor do Equity
2026-04-28 09:22:02,732 [INFO] pipeline.excel_geral:   → 6/12  Preço Teto
2026-04-28 09:22:02,741 [INFO] pipeline.excel_geral:   → 7/12  DRE + DCF
2026-04-28 09:22:02,868 [INFO] pipeline.excel_geral:   → 8/12  DRE Contas Abertas
2026-04-28 09:22:02,936 [INFO] pipeline.excel_geral:   → 9/12  Balanço Patrimonial
2026-04-28 09:22:02,982 [INFO] pipeline.excel_geral:   → 10/12 Painel de Índices
2026-04-28 09:22:03,055 [INFO] pipeline.excel_geral:   → 11/12 Projeções Premissas
2026-04-28 09:22:03,083 [INFO] pipeline.excel_geral:   → 12/12 Projeções Capex e CG
2026-04-28 09:22:03,207 [INFO] pipeline.excel_geral: 
Arquivo salvo: C:\Users\55819\OneDrive - EPEJUD\DIEGO\OBSIDIAN\Analista de Investimentos\12_PYTHON\pipeline banco completo\outputs\Valuation_MGLU3_Magazine Luiza_20260428.xlsx
2026-04-28 09:22:03,207 [INFO] pipeline: 
======================================================================
2026-04-28 09:22:03,207 [INFO] pipeline: RESUMO DO VALUATION (FCFF/WACC)
2026-04-28 09:22:03,208 [INFO] pipeline: ======================================================================
2026-04-28 09:22:03,208 [INFO] pipeline:   Empresa:           Magazine Luiza (MGLU3)
2026-04-28 09:22:03,208 [INFO] pipeline:   Enterprise Value:  R$       -3,523 MM
2026-04-28 09:22:03,208 [INFO] pipeline:   Cotação ON:        R$ 8.53
2026-04-28 09:22:03,208 [INFO] pipeline:   Preço Justo ON:    R$ -8.30
2026-04-28 09:22:03,208 [INFO] pipeline:   Upside ON:            -197.3%
2026-04-28 09:22:03,208 [INFO] pipeline:   TIR:                  6.0%
2026-04-28 09:22:03,208 [INFO] pipeline:   Preço Teto ON:     R$ -8.30
2026-04-28 09:22:03,208 [INFO] pipeline: 
  [!] 2 aviso(s) de validacao — verifique os logs
2026-04-28 09:22:03,208 [INFO] pipeline: 
  Arquivo gerado:    C:\Users\55819\OneDrive - EPEJUD\DIEGO\OBSIDIAN\Analista de Investimentos\12_PYTHON\pipeline banco completo\outputs\Valuation_MGLU3_Magazine Luiza_20260428.xlsx
2026-04-28 09:22:03,208 [INFO] pipeline: ======================================================================
2026-04-28 09:22:03,212 [INFO] pipeline: ✓ MGLU3: arquivo gerado → C:\Users\55819\OneDrive - EPEJUD\DIEGO\OBSIDIAN\Analista de Investimentos\12_PYTHON\pipeline banco completo\outputs\Valuation_MGLU3_Magazine Luiza_20260428.xlsx
2026-04-28 09:22:03,212 [INFO] pipeline: 
──────────────────────────────────────────────────────────────────────
2026-04-28 09:22:03,212 [INFO] pipeline: Processando: BHIA3 (Casas Bahia)
2026-04-28 09:22:03,212 [INFO] pipeline: ──────────────────────────────────────────────────────────────────────
2026-04-28 09:22:03,213 [INFO] pipeline: ======================================================================
2026-04-28 09:22:03,213 [INFO] pipeline: PIPELINE DE VALUATION [CONSUMO_VAREJO] — BHIA3 — Casas Bahia
2026-04-28 09:22:03,213 [INFO] pipeline: Início: 2026-04-28 09:22:03
2026-04-28 09:22:03,213 [INFO] pipeline:   Setor: consumo_varejo | Motor: WACC
2026-04-28 09:22:03,213 [INFO] pipeline: ======================================================================
2026-04-28 09:22:03,213 [INFO] pipeline: 
[1/6] Coletando dados de mercado...
2026-04-28 09:22:03,214 [INFO] pipeline:   Buscando cotação via yfinance...
2026-04-28 09:22:03,214 [INFO] pipeline.mercado: Buscando cotação atual: BHIA3.SA
2026-04-28 09:22:04,786 [INFO] pipeline:   Cotação ON: R$ 2.70  |  Cotação PN: R$ 0.00
2026-04-28 09:22:04,917 [INFO] pipeline.mercado: Calculando beta: BHIA3 (252 dias úteis)
2026-04-28 09:22:04,917 [INFO] pipeline.mercado: Baixando preços: BHIA3.SA (2019-01-01 → 2026-04-28)
2026-04-28 09:22:05,556 [INFO] pipeline.mercado:   1820 dias de preços carregados
2026-04-28 09:22:05,556 [INFO] pipeline.mercado: Baixando preços: ^BVSP (2019-01-01 → 2026-04-28)
2026-04-28 09:22:05,593 [INFO] pipeline.mercado:   1820 dias de preços carregados
2026-04-28 09:22:05,597 [INFO] pipeline.mercado:   Beta estatístico: 1.2572 | R²: 0.083 | n=251
2026-04-28 09:22:05,600 [INFO] pipeline:   Beta estatístico: 1.257 | Beta utilizado: 0.850
2026-04-28 09:22:05,600 [INFO] pipeline: 
[2/6] Coletando dados macroeconômicos (BCB)...
2026-04-28 09:22:05,894 [WARNING] pipeline.macro: Não foi possível obter Focus Selic: 400 Client Error: Bad Request for url: https://olinda.bcb.gov.br/olinda/servico/Expectativas/versao/v1/odata/ExpectativasMercadoAnuais?%24filter=Indicador%20eq%20'Selic'&%24top=100&%24format=json&%24select=Indicador,Data,Ano,Mediana
2026-04-28 09:22:06,178 [WARNING] pipeline.macro: Não foi possível obter Focus IPCA: 400 Client Error: Bad Request for url: https://olinda.bcb.gov.br/olinda/servico/Expectativas/versao/v1/odata/ExpectativasMercadoAnuais?%24filter=Indicador%20eq%20'IPCA'&%24top=100&%24format=json&%24select=Indicador,Data,Ano,Mediana
2026-04-28 09:22:06,179 [INFO] pipeline.macro: 
=== Coletando dados macroeconômicos ===
2026-04-28 09:22:06,179 [INFO] pipeline.macro: Baixando série BCB 432...
2026-04-28 09:22:06,461 [ERROR] pipeline.macro: Erro ao baixar série BCB 432: 406 Client Error: Not Acceptable for url: https://api.bcb.gov.br/dados/serie/bcdata.sgs.432/dados?formato=json&dataInicial=01%2F01%2F2010&dataFinal=28%2F04%2F2026
2026-04-28 09:22:06,462 [WARNING] pipeline.macro: Série Selic meta sem DatetimeIndex — usando fallback histórico
2026-04-28 09:22:06,462 [INFO] pipeline.macro: Baixando série BCB 12...
2026-04-28 09:22:06,567 [ERROR] pipeline.macro: Erro ao baixar série BCB 12: 406 Client Error: Not Acceptable for url: https://api.bcb.gov.br/dados/serie/bcdata.sgs.12/dados?formato=json&dataInicial=01%2F01%2F2010&dataFinal=28%2F04%2F2026
2026-04-28 09:22:06,567 [WARNING] pipeline.macro: Série DI sem DatetimeIndex — usando fallback histórico
2026-04-28 09:22:06,568 [INFO] pipeline.macro: Baixando série BCB 13522...
2026-04-28 09:22:06,678 [INFO] pipeline.macro:   Série 13522: 195 observações (2010-01-01 → 2026-03-01)
2026-04-28 09:22:06,679 [WARNING] pipeline.macro: IPCA calculado fora do intervalo plausível (46.1%) para 2020 — usando fallback
2026-04-28 09:22:06,680 [WARNING] pipeline.macro: IPCA calculado fora do intervalo plausível (159.3%) para 2021 — usando fallback
2026-04-28 09:22:06,680 [WARNING] pipeline.macro: IPCA calculado fora do intervalo plausível (191.2%) para 2022 — usando fallback
2026-04-28 09:22:06,681 [WARNING] pipeline.macro: IPCA calculado fora do intervalo plausível (71.5%) para 2023 — usando fallback
2026-04-28 09:22:06,681 [WARNING] pipeline.macro: IPCA calculado fora do intervalo plausível (67.0%) para 2024 — usando fallback
2026-04-28 09:22:06,681 [WARNING] pipeline.macro: IPCA calculado fora do intervalo plausível (80.0%) para 2025 — usando fallback
2026-04-28 09:22:06,681 [INFO] pipeline.macro: Baixando série BCB 258...
2026-04-28 09:22:06,779 [ERROR] pipeline.macro: Erro ao baixar série BCB 258: 406 Client Error: Not Acceptable for url: https://api.bcb.gov.br/dados/serie/bcdata.sgs.258/dados?formato=json&dataInicial=01%2F01%2F2010&dataFinal=28%2F04%2F2026
2026-04-28 09:22:06,780 [WARNING] pipeline.macro: Série TJLP sem DatetimeIndex — usando fallback histórico
2026-04-28 09:22:06,780 [INFO] pipeline.macro: Baixando série BCB 29039...
2026-04-28 09:22:06,890 [INFO] pipeline.macro:   Série 29039: 195 observações (2010-01-01 → 2026-03-01)
2026-04-28 09:22:06,893 [INFO] pipeline.macro: Baixando série BCB 13522...
2026-04-28 09:22:07,004 [INFO] pipeline.macro:   Série 13522: 195 observações (2010-01-01 → 2026-03-01)
2026-04-28 09:22:07,005 [WARNING] pipeline.macro: IPCA calculado fora do intervalo plausível (46.1%) para 2020 — usando fallback
2026-04-28 09:22:07,006 [WARNING] pipeline.macro: IPCA calculado fora do intervalo plausível (159.3%) para 2021 — usando fallback
2026-04-28 09:22:07,006 [WARNING] pipeline.macro: IPCA calculado fora do intervalo plausível (191.2%) para 2022 — usando fallback
2026-04-28 09:22:07,007 [WARNING] pipeline.macro: IPCA calculado fora do intervalo plausível (71.5%) para 2023 — usando fallback
2026-04-28 09:22:07,007 [WARNING] pipeline.macro: IPCA calculado fora do intervalo plausível (67.0%) para 2024 — usando fallback
2026-04-28 09:22:07,007 [WARNING] pipeline.macro: IPCA calculado fora do intervalo plausível (80.0%) para 2025 — usando fallback
2026-04-28 09:22:07,008 [INFO] pipeline.macro: 
RESUMO MACRO HISTÓRICO:
2026-04-28 09:22:07,008 [INFO] pipeline.macro:   selic_meta     : 2021: 9.25% | 2022: 13.75% | 2023: 11.75% | 2024: 11.75% | 2025: 10.00%
2026-04-28 09:22:07,008 [INFO] pipeline.macro:   selic_efet     : 2021: 4.48% | 2022: 12.33% | 2023: 13.15% | 2024: 10.73% | 2025: 10.50%
2026-04-28 09:22:07,008 [INFO] pipeline.macro:   ipca           : 2021: 10.06% | 2022: 5.62% | 2023: 4.62% | 2024: 4.83% | 2025: 4.50%
2026-04-28 09:22:07,008 [INFO] pipeline.macro:   tjlp           : 2021: 5.25% | 2022: 6.25% | 2023: 7.00% | 2024: 7.00% | 2025: 6.50%
2026-04-28 09:22:07,008 [INFO] pipeline.macro:   cds            : 2021: 0.73% | 2022: 1.26% | 2023: 0.84% | 2024: 0.81% | 2025: 0.76%
2026-04-28 09:22:07,008 [INFO] pipeline.macro:   inflacao_impl  : 2021: 10.06% | 2022: 5.62% | 2023: 4.62% | 2024: 4.83% | 2025: 4.50%
2026-04-28 09:22:07,008 [INFO] pipeline: 
[3/6] Baixando demonstrações financeiras (CVM)...
2026-04-28 09:22:07,009 [INFO] pipeline.cvm: 
==================================================
2026-04-28 09:22:07,009 [INFO] pipeline.cvm: Baixando DFP 2020...
2026-04-28 09:22:07,009 [INFO] pipeline.cvm: Baixando: https://dados.cvm.gov.br/dados/CIA_ABERTA/DOC/DFP/DADOS/dfp_cia_aberta_2020.zip
2026-04-28 09:22:10,320 [INFO] pipeline.cvm:   DFP dre 2020: 62 linhas
2026-04-28 09:22:10,320 [INFO] pipeline.cvm: Baixando: https://dados.cvm.gov.br/dados/CIA_ABERTA/DOC/DFP/DADOS/dfp_cia_aberta_2020.zip
2026-04-28 09:22:14,725 [INFO] pipeline.cvm:   DFP bpa 2020: 128 linhas
2026-04-28 09:22:14,726 [INFO] pipeline.cvm: Baixando: https://dados.cvm.gov.br/dados/CIA_ABERTA/DOC/DFP/DADOS/dfp_cia_aberta_2020.zip
2026-04-28 09:22:20,144 [INFO] pipeline.cvm:   DFP bpp 2020: 226 linhas
2026-04-28 09:22:20,145 [INFO] pipeline.cvm: Baixando: https://dados.cvm.gov.br/dados/CIA_ABERTA/DOC/DFP/DADOS/dfp_cia_aberta_2020.zip
2026-04-28 09:22:24,475 [INFO] pipeline.cvm:   DFP dfc_mi 2020: 122 linhas
2026-04-28 09:22:24,475 [INFO] pipeline.cvm: Baixando: https://dados.cvm.gov.br/dados/CIA_ABERTA/DOC/DFP/DADOS/dfp_cia_aberta_2020.zip
2026-04-28 09:22:27,266 [WARNING] pipeline.cvm:   Empresa 6505 não encontrada em dfc_md 2020
2026-04-28 09:22:27,266 [INFO] pipeline.cvm: 
==================================================
2026-04-28 09:22:27,266 [INFO] pipeline.cvm: Baixando DFP 2021...
2026-04-28 09:22:27,266 [INFO] pipeline.cvm: Baixando: https://dados.cvm.gov.br/dados/CIA_ABERTA/DOC/DFP/DADOS/dfp_cia_aberta_2021.zip
2026-04-28 09:22:31,663 [INFO] pipeline.cvm:   DFP dre 2021: 62 linhas
2026-04-28 09:22:31,663 [INFO] pipeline.cvm: Baixando: https://dados.cvm.gov.br/dados/CIA_ABERTA/DOC/DFP/DADOS/dfp_cia_aberta_2021.zip
2026-04-28 09:22:36,859 [INFO] pipeline.cvm:   DFP bpa 2021: 128 linhas
2026-04-28 09:22:36,859 [INFO] pipeline.cvm: Baixando: https://dados.cvm.gov.br/dados/CIA_ABERTA/DOC/DFP/DADOS/dfp_cia_aberta_2021.zip
2026-04-28 09:22:43,482 [INFO] pipeline.cvm:   DFP bpp 2021: 226 linhas
2026-04-28 09:22:43,483 [INFO] pipeline.cvm: Baixando: https://dados.cvm.gov.br/dados/CIA_ABERTA/DOC/DFP/DADOS/dfp_cia_aberta_2021.zip
2026-04-28 09:22:47,635 [INFO] pipeline.cvm:   DFP dfc_mi 2021: 126 linhas
2026-04-28 09:22:47,635 [INFO] pipeline.cvm: Baixando: https://dados.cvm.gov.br/dados/CIA_ABERTA/DOC/DFP/DADOS/dfp_cia_aberta_2021.zip
2026-04-28 09:22:50,552 [WARNING] pipeline.cvm:   Empresa 6505 não encontrada em dfc_md 2021
2026-04-28 09:22:50,553 [INFO] pipeline.cvm: 
==================================================
2026-04-28 09:22:50,553 [INFO] pipeline.cvm: Baixando DFP 2022...
2026-04-28 09:22:50,553 [INFO] pipeline.cvm: Baixando: https://dados.cvm.gov.br/dados/CIA_ABERTA/DOC/DFP/DADOS/dfp_cia_aberta_2022.zip
2026-04-28 09:22:55,404 [INFO] pipeline.cvm:   DFP dre 2022: 62 linhas
2026-04-28 09:22:55,404 [INFO] pipeline.cvm: Baixando: https://dados.cvm.gov.br/dados/CIA_ABERTA/DOC/DFP/DADOS/dfp_cia_aberta_2022.zip
2026-04-28 09:23:05,280 [INFO] pipeline.cvm:   DFP bpa 2022: 128 linhas
2026-04-28 09:23:05,280 [INFO] pipeline.cvm: Baixando: https://dados.cvm.gov.br/dados/CIA_ABERTA/DOC/DFP/DADOS/dfp_cia_aberta_2022.zip
2026-04-28 09:23:15,238 [INFO] pipeline.cvm:   DFP bpp 2022: 230 linhas
2026-04-28 09:23:15,238 [INFO] pipeline.cvm: Baixando: https://dados.cvm.gov.br/dados/CIA_ABERTA/DOC/DFP/DADOS/dfp_cia_aberta_2022.zip
2026-04-28 09:23:22,035 [INFO] pipeline.cvm:   DFP dfc_mi 2022: 132 linhas
2026-04-28 09:23:22,035 [INFO] pipeline.cvm: Baixando: https://dados.cvm.gov.br/dados/CIA_ABERTA/DOC/DFP/DADOS/dfp_cia_aberta_2022.zip
2026-04-28 09:23:26,700 [WARNING] pipeline.cvm:   Empresa 6505 não encontrada em dfc_md 2022
2026-04-28 09:23:26,700 [INFO] pipeline.cvm: 
==================================================
2026-04-28 09:23:26,700 [INFO] pipeline.cvm: Baixando DFP 2023...
2026-04-28 09:23:26,701 [INFO] pipeline.cvm: Baixando: https://dados.cvm.gov.br/dados/CIA_ABERTA/DOC/DFP/DADOS/dfp_cia_aberta_2023.zip
2026-04-28 09:23:33,520 [INFO] pipeline.cvm:   DFP dre 2023: 62 linhas
2026-04-28 09:23:33,523 [INFO] pipeline.cvm: Baixando: https://dados.cvm.gov.br/dados/CIA_ABERTA/DOC/DFP/DADOS/dfp_cia_aberta_2023.zip
2026-04-28 09:23:38,008 [INFO] pipeline.cvm:   DFP bpa 2023: 128 linhas
2026-04-28 09:23:38,008 [INFO] pipeline.cvm: Baixando: https://dados.cvm.gov.br/dados/CIA_ABERTA/DOC/DFP/DADOS/dfp_cia_aberta_2023.zip
2026-04-28 09:23:45,671 [INFO] pipeline.cvm:   DFP bpp 2023: 230 linhas
2026-04-28 09:23:45,671 [INFO] pipeline.cvm: Baixando: https://dados.cvm.gov.br/dados/CIA_ABERTA/DOC/DFP/DADOS/dfp_cia_aberta_2023.zip
2026-04-28 09:23:50,197 [INFO] pipeline.cvm:   DFP dfc_mi 2023: 132 linhas
2026-04-28 09:23:50,197 [INFO] pipeline.cvm: Baixando: https://dados.cvm.gov.br/dados/CIA_ABERTA/DOC/DFP/DADOS/dfp_cia_aberta_2023.zip
2026-04-28 09:23:52,839 [WARNING] pipeline.cvm:   Empresa 6505 não encontrada em dfc_md 2023
2026-04-28 09:23:52,840 [INFO] pipeline.cvm: 
==================================================
2026-04-28 09:23:52,840 [INFO] pipeline.cvm: Baixando DFP 2024...
2026-04-28 09:23:52,840 [INFO] pipeline.cvm: Baixando: https://dados.cvm.gov.br/dados/CIA_ABERTA/DOC/DFP/DADOS/dfp_cia_aberta_2024.zip
2026-04-28 09:23:56,698 [INFO] pipeline.cvm:   DFP dre 2024: 70 linhas
2026-04-28 09:23:56,698 [INFO] pipeline.cvm: Baixando: https://dados.cvm.gov.br/dados/CIA_ABERTA/DOC/DFP/DADOS/dfp_cia_aberta_2024.zip
2026-04-28 09:24:01,566 [INFO] pipeline.cvm:   DFP bpa 2024: 128 linhas
2026-04-28 09:24:01,566 [INFO] pipeline.cvm: Baixando: https://dados.cvm.gov.br/dados/CIA_ABERTA/DOC/DFP/DADOS/dfp_cia_aberta_2024.zip
2026-04-28 09:24:08,720 [INFO] pipeline.cvm:   DFP bpp 2024: 230 linhas
2026-04-28 09:24:08,721 [INFO] pipeline.cvm: Baixando: https://dados.cvm.gov.br/dados/CIA_ABERTA/DOC/DFP/DADOS/dfp_cia_aberta_2024.zip
2026-04-28 09:24:13,609 [INFO] pipeline.cvm:   DFP dfc_mi 2024: 134 linhas
2026-04-28 09:24:13,610 [INFO] pipeline.cvm: Baixando: https://dados.cvm.gov.br/dados/CIA_ABERTA/DOC/DFP/DADOS/dfp_cia_aberta_2024.zip
2026-04-28 09:24:16,280 [WARNING] pipeline.cvm:   Empresa 6505 não encontrada em dfc_md 2024
2026-04-28 09:24:16,281 [INFO] pipeline.cvm: 
==================================================
2026-04-28 09:24:16,281 [INFO] pipeline.cvm: Baixando DFP 2025...
2026-04-28 09:24:16,281 [INFO] pipeline.cvm: Baixando: https://dados.cvm.gov.br/dados/CIA_ABERTA/DOC/DFP/DADOS/dfp_cia_aberta_2025.zip
2026-04-28 09:24:19,948 [INFO] pipeline.cvm:   DFP dre 2025: 70 linhas
2026-04-28 09:24:19,948 [INFO] pipeline.cvm: Baixando: https://dados.cvm.gov.br/dados/CIA_ABERTA/DOC/DFP/DADOS/dfp_cia_aberta_2025.zip
2026-04-28 09:24:25,109 [INFO] pipeline.cvm:   DFP bpa 2025: 132 linhas
2026-04-28 09:24:25,109 [INFO] pipeline.cvm: Baixando: https://dados.cvm.gov.br/dados/CIA_ABERTA/DOC/DFP/DADOS/dfp_cia_aberta_2025.zip
2026-04-28 09:24:32,237 [INFO] pipeline.cvm:   DFP bpp 2025: 232 linhas
2026-04-28 09:24:32,238 [INFO] pipeline.cvm: Baixando: https://dados.cvm.gov.br/dados/CIA_ABERTA/DOC/DFP/DADOS/dfp_cia_aberta_2025.zip
2026-04-28 09:24:37,300 [INFO] pipeline.cvm:   DFP dfc_mi 2025: 134 linhas
2026-04-28 09:24:37,300 [INFO] pipeline.cvm: Baixando: https://dados.cvm.gov.br/dados/CIA_ABERTA/DOC/DFP/DADOS/dfp_cia_aberta_2025.zip
2026-04-28 09:24:42,794 [WARNING] pipeline.cvm:   Empresa 6505 não encontrada em dfc_md 2025
2026-04-28 09:24:42,795 [INFO] pipeline: 
[4/6] Normalizando dados...
2026-04-28 09:24:44,932 [INFO] pipeline:   DFC normalizada: 11 linhas
2026-04-28 09:24:44,937 [INFO] pipeline:   DRE normalizada:
2026-04-28 09:24:44,937 [INFO] pipeline:     receita_liquida: 2020: 28,901 | 2021: 30,899 | 2022: 30,898 | 2023: 28,847 | 2024: 27,206 | 2025: 29,197
2026-04-28 09:24:44,937 [INFO] pipeline:     ebit: 2020: 1,619 | 2021: -343 | 2022: 1,161 | 2023: -1,161 | 2024: 510 | 2025: 1,343
2026-04-28 09:24:44,938 [INFO] pipeline:     lucro_liquido: 2020: 1,004 | 2021: -297 | 2022: -342 | 2023: -2,625 | 2024: -1,045 | 2025: -2,988
2026-04-28 09:24:44,938 [INFO] pipeline: 
[5/6] Calculando projeções...
2026-04-28 09:24:44,939 [INFO] pipeline.projecoes: 
=== Projeções (não-financeira / FCFF) ===
2026-04-28 09:24:44,940 [INFO] pipeline.projecoes:   Margem EBITDA: 6.4% → 6.0% (conv 6a)
2026-04-28 09:24:44,941 [INFO] pipeline.projecoes:   D&A/Receita: 1.8%
2026-04-28 09:24:44,941 [INFO] pipeline.projecoes:   CAPEX/Receita: 0.1% → 3.0%
2026-04-28 09:24:44,943 [INFO] pipeline.projecoes:   NCG/Receita: 11.5% → 10.0%
2026-04-28 09:24:44,947 [INFO] pipeline.projecoes:   Alíquota efetiva: 37.5%
2026-04-28 09:24:44,947 [INFO] pipeline.projecoes: Projeções concluídas (FCFF). Resumo:
2026-04-28 09:24:44,947 [INFO] pipeline.projecoes:    Ano      Receita     EBITDA    Mg%      NOPAT       FCFF
2026-04-28 09:24:44,947 [INFO] pipeline.projecoes:   2026       31,387      1,980   6.3%        878       -582
2026-04-28 09:24:44,947 [INFO] pipeline.projecoes:   2027       33,584      2,098   6.2%        927        976
2026-04-28 09:24:44,948 [INFO] pipeline.projecoes:   2028       35,767      2,212   6.2%        973        840
2026-04-28 09:24:44,948 [INFO] pipeline.projecoes:   2029       37,913      2,322   6.1%      1,017        678
2026-04-28 09:24:44,948 [INFO] pipeline.projecoes:   2030       39,998      2,425   6.1%      1,058        491
2026-04-28 09:24:44,948 [INFO] pipeline.valuation:   Estrutura de capital: E=36% | D=64%
2026-04-28 09:24:44,948 [INFO] pipeline: 
[6/6] Calculando valuation (FCFF / WACC)...
2026-04-28 09:24:44,949 [INFO] pipeline.valuation: 
==================================================
2026-04-28 09:24:44,949 [INFO] pipeline.valuation: VALUATION FCFF/WACC — BHIA3
2026-04-28 09:24:44,950 [INFO] pipeline.valuation:   VP FCFF (10a):     R$        2,638 MM
2026-04-28 09:24:44,950 [INFO] pipeline.valuation:   Valor Perp. (VP):  R$        4,509 MM
2026-04-28 09:24:44,950 [INFO] pipeline.valuation:   ENTERPRISE VALUE:  R$        7,147 MM
2026-04-28 09:24:44,950 [INFO] pipeline.valuation:   (-) Dívida Líq.:   R$        4,759 MM
2026-04-28 09:24:44,950 [INFO] pipeline.valuation:   VALOR DO EQUITY:   R$        2,388 MM
2026-04-28 09:24:44,950 [INFO] pipeline.valuation:   Preço Justo ON:    R$     2.45
2026-04-28 09:24:44,951 [INFO] pipeline.valuation:   Preço Justo PN:    R$     2.45
2026-04-28 09:24:44,951 [INFO] pipeline.valuation:   Cotação ON:        R$     2.70
2026-04-28 09:24:44,951 [INFO] pipeline.valuation:   Upside ON:               -9.3%
2026-04-28 09:24:44,951 [INFO] pipeline.valuation:   TIR (ON):                18.2%
2026-04-28 09:24:44,951 [INFO] pipeline.valuation:   WACC último ano:          9.4%
2026-04-28 09:24:44,953 [INFO] pipeline:   Sem template VAROS para BHIA3 — Excel será criado do zero
2026-04-28 09:24:44,953 [INFO] pipeline.excel_geral: 
============================================================
2026-04-28 09:24:44,953 [INFO] pipeline.excel_geral: Criando Excel completo (12 abas) para: Casas Bahia (BHIA3)
2026-04-28 09:24:44,955 [INFO] pipeline.excel_geral:   → 1/12  Dashboard
2026-04-28 09:24:44,993 [INFO] pipeline.excel_geral:   → 2/12  WACC
2026-04-28 09:24:45,049 [INFO] pipeline.excel_geral:   → 3/12  TIR ON
2026-04-28 09:24:45,060 [INFO] pipeline.excel_geral:   → 4/12  TIR PN
2026-04-28 09:24:45,079 [INFO] pipeline.excel_geral:   → 5/12  Valor do Equity
2026-04-28 09:24:45,091 [INFO] pipeline.excel_geral:   → 6/12  Preço Teto
2026-04-28 09:24:45,103 [INFO] pipeline.excel_geral:   → 7/12  DRE + DCF
2026-04-28 09:24:45,253 [INFO] pipeline.excel_geral:   → 8/12  DRE Contas Abertas
2026-04-28 09:24:45,331 [INFO] pipeline.excel_geral:   → 9/12  Balanço Patrimonial
2026-04-28 09:24:45,391 [INFO] pipeline.excel_geral:   → 10/12 Painel de Índices
2026-04-28 09:24:45,475 [INFO] pipeline.excel_geral:   → 11/12 Projeções Premissas
2026-04-28 09:24:45,507 [INFO] pipeline.excel_geral:   → 12/12 Projeções Capex e CG
2026-04-28 09:24:45,648 [INFO] pipeline.excel_geral: 
Arquivo salvo: C:\Users\55819\OneDrive - EPEJUD\DIEGO\OBSIDIAN\Analista de Investimentos\12_PYTHON\pipeline banco completo\outputs\Valuation_BHIA3_Casas Bahia_20260428.xlsx
2026-04-28 09:24:45,648 [INFO] pipeline: 
======================================================================
2026-04-28 09:24:45,648 [INFO] pipeline: RESUMO DO VALUATION (FCFF/WACC)
2026-04-28 09:24:45,648 [INFO] pipeline: ======================================================================
2026-04-28 09:24:45,648 [INFO] pipeline:   Empresa:           Casas Bahia (BHIA3)
2026-04-28 09:24:45,648 [INFO] pipeline:   Enterprise Value:  R$        7,147 MM
2026-04-28 09:24:45,648 [INFO] pipeline:   Cotação ON:        R$ 2.70
2026-04-28 09:24:45,648 [INFO] pipeline:   Preço Justo ON:    R$ 2.45
2026-04-28 09:24:45,648 [INFO] pipeline:   Upside ON:            -9.3%
2026-04-28 09:24:45,648 [INFO] pipeline:   TIR:                  18.2%
2026-04-28 09:24:45,649 [INFO] pipeline:   Preço Teto ON:     R$ 2.45
2026-04-28 09:24:45,649 [INFO] pipeline: 
  Arquivo gerado:    C:\Users\55819\OneDrive - EPEJUD\DIEGO\OBSIDIAN\Analista de Investimentos\12_PYTHON\pipeline banco completo\outputs\Valuation_BHIA3_Casas Bahia_20260428.xlsx
2026-04-28 09:24:45,649 [INFO] pipeline: ======================================================================
2026-04-28 09:24:45,652 [INFO] pipeline: ✓ BHIA3: arquivo gerado → C:\Users\55819\OneDrive - EPEJUD\DIEGO\OBSIDIAN\Analista de Investimentos\12_PYTHON\pipeline banco completo\outputs\Valuation_BHIA3_Casas Bahia_20260428.xlsx
2026-04-28 09:24:45,653 [INFO] pipeline: 
──────────────────────────────────────────────────────────────────────
2026-04-28 09:24:45,653 [INFO] pipeline: Processando: ASAI3 (Assaí Atacadista)
2026-04-28 09:24:45,653 [INFO] pipeline: ──────────────────────────────────────────────────────────────────────
2026-04-28 09:24:45,653 [INFO] pipeline: ======================================================================
2026-04-28 09:24:45,654 [INFO] pipeline: PIPELINE DE VALUATION [CONSUMO_VAREJO] — ASAI3 — Assaí Atacadista
2026-04-28 09:24:45,654 [INFO] pipeline: Início: 2026-04-28 09:24:45
2026-04-28 09:24:45,654 [INFO] pipeline:   Setor: consumo_varejo | Motor: WACC
2026-04-28 09:24:45,654 [INFO] pipeline: ======================================================================
2026-04-28 09:24:45,654 [INFO] pipeline: 
[1/6] Coletando dados de mercado...
2026-04-28 09:24:45,655 [INFO] pipeline:   Buscando cotação via yfinance...
2026-04-28 09:24:45,655 [INFO] pipeline.mercado: Buscando cotação atual: ASAI3.SA
2026-04-28 09:24:46,961 [INFO] pipeline:   Cotação ON: R$ 9.58  |  Cotação PN: R$ 0.00
2026-04-28 09:24:47,105 [INFO] pipeline.mercado: Calculando beta: ASAI3 (252 dias úteis)
2026-04-28 09:24:47,105 [INFO] pipeline.mercado: Baixando preços: ASAI3.SA (2019-01-01 → 2026-04-28)
2026-04-28 09:24:47,765 [INFO] pipeline.mercado:   1287 dias de preços carregados
2026-04-28 09:24:47,765 [INFO] pipeline.mercado: Baixando preços: ^BVSP (2019-01-01 → 2026-04-28)
2026-04-28 09:24:47,814 [INFO] pipeline.mercado:   1820 dias de preços carregados
2026-04-28 09:24:47,819 [INFO] pipeline.mercado:   Beta estatístico: 1.6919 | R²: 0.347 | n=251
2026-04-28 09:24:47,822 [INFO] pipeline:   Beta estatístico: 1.692 | Beta utilizado: 0.850
2026-04-28 09:24:47,822 [INFO] pipeline: 
[2/6] Coletando dados macroeconômicos (BCB)...
2026-04-28 09:24:48,169 [WARNING] pipeline.macro: Não foi possível obter Focus Selic: 400 Client Error: Bad Request for url: https://olinda.bcb.gov.br/olinda/servico/Expectativas/versao/v1/odata/ExpectativasMercadoAnuais?%24filter=Indicador%20eq%20'Selic'&%24top=100&%24format=json&%24select=Indicador,Data,Ano,Mediana
2026-04-28 09:24:48,480 [WARNING] pipeline.macro: Não foi possível obter Focus IPCA: 400 Client Error: Bad Request for url: https://olinda.bcb.gov.br/olinda/servico/Expectativas/versao/v1/odata/ExpectativasMercadoAnuais?%24filter=Indicador%20eq%20'IPCA'&%24top=100&%24format=json&%24select=Indicador,Data,Ano,Mediana
2026-04-28 09:24:48,481 [INFO] pipeline.macro: 
=== Coletando dados macroeconômicos ===
2026-04-28 09:24:48,482 [INFO] pipeline.macro: Baixando série BCB 432...
2026-04-28 09:24:48,771 [ERROR] pipeline.macro: Erro ao baixar série BCB 432: 406 Client Error: Not Acceptable for url: https://api.bcb.gov.br/dados/serie/bcdata.sgs.432/dados?formato=json&dataInicial=01%2F01%2F2010&dataFinal=28%2F04%2F2026
2026-04-28 09:24:48,771 [WARNING] pipeline.macro: Série Selic meta sem DatetimeIndex — usando fallback histórico
2026-04-28 09:24:48,772 [INFO] pipeline.macro: Baixando série BCB 12...
2026-04-28 09:24:48,876 [ERROR] pipeline.macro: Erro ao baixar série BCB 12: 406 Client Error: Not Acceptable for url: https://api.bcb.gov.br/dados/serie/bcdata.sgs.12/dados?formato=json&dataInicial=01%2F01%2F2010&dataFinal=28%2F04%2F2026
2026-04-28 09:24:48,877 [WARNING] pipeline.macro: Série DI sem DatetimeIndex — usando fallback histórico
2026-04-28 09:24:48,877 [INFO] pipeline.macro: Baixando série BCB 13522...
2026-04-28 09:24:49,001 [INFO] pipeline.macro:   Série 13522: 195 observações (2010-01-01 → 2026-03-01)
2026-04-28 09:24:49,003 [WARNING] pipeline.macro: IPCA calculado fora do intervalo plausível (46.1%) para 2020 — usando fallback
2026-04-28 09:24:49,003 [WARNING] pipeline.macro: IPCA calculado fora do intervalo plausível (159.3%) para 2021 — usando fallback
2026-04-28 09:24:49,004 [WARNING] pipeline.macro: IPCA calculado fora do intervalo plausível (191.2%) para 2022 — usando fallback
2026-04-28 09:24:49,006 [WARNING] pipeline.macro: IPCA calculado fora do intervalo plausível (71.5%) para 2023 — usando fallback
2026-04-28 09:24:49,007 [WARNING] pipeline.macro: IPCA calculado fora do intervalo plausível (67.0%) para 2024 — usando fallback
2026-04-28 09:24:49,008 [WARNING] pipeline.macro: IPCA calculado fora do intervalo plausível (80.0%) para 2025 — usando fallback
2026-04-28 09:24:49,008 [INFO] pipeline.macro: Baixando série BCB 258...
2026-04-28 09:24:49,118 [ERROR] pipeline.macro: Erro ao baixar série BCB 258: 406 Client Error: Not Acceptable for url: https://api.bcb.gov.br/dados/serie/bcdata.sgs.258/dados?formato=json&dataInicial=01%2F01%2F2010&dataFinal=28%2F04%2F2026
2026-04-28 09:24:49,119 [WARNING] pipeline.macro: Série TJLP sem DatetimeIndex — usando fallback histórico
2026-04-28 09:24:49,119 [INFO] pipeline.macro: Baixando série BCB 29039...
2026-04-28 09:24:49,306 [INFO] pipeline.macro:   Série 29039: 195 observações (2010-01-01 → 2026-03-01)
2026-04-28 09:24:49,309 [INFO] pipeline.macro: Baixando série BCB 13522...
2026-04-28 09:24:49,421 [INFO] pipeline.macro:   Série 13522: 195 observações (2010-01-01 → 2026-03-01)
2026-04-28 09:24:49,422 [WARNING] pipeline.macro: IPCA calculado fora do intervalo plausível (46.1%) para 2020 — usando fallback
2026-04-28 09:24:49,423 [WARNING] pipeline.macro: IPCA calculado fora do intervalo plausível (159.3%) para 2021 — usando fallback
2026-04-28 09:24:49,424 [WARNING] pipeline.macro: IPCA calculado fora do intervalo plausível (191.2%) para 2022 — usando fallback
2026-04-28 09:24:49,424 [WARNING] pipeline.macro: IPCA calculado fora do intervalo plausível (71.5%) para 2023 — usando fallback
2026-04-28 09:24:49,425 [WARNING] pipeline.macro: IPCA calculado fora do intervalo plausível (67.0%) para 2024 — usando fallback
2026-04-28 09:24:49,425 [WARNING] pipeline.macro: IPCA calculado fora do intervalo plausível (80.0%) para 2025 — usando fallback
2026-04-28 09:24:49,425 [INFO] pipeline.macro: 
RESUMO MACRO HISTÓRICO:
2026-04-28 09:24:49,425 [INFO] pipeline.macro:   selic_meta     : 2021: 9.25% | 2022: 13.75% | 2023: 11.75% | 2024: 11.75% | 2025: 10.00%
2026-04-28 09:24:49,426 [INFO] pipeline.macro:   selic_efet     : 2021: 4.48% | 2022: 12.33% | 2023: 13.15% | 2024: 10.73% | 2025: 10.50%
2026-04-28 09:24:49,426 [INFO] pipeline.macro:   ipca           : 2021: 10.06% | 2022: 5.62% | 2023: 4.62% | 2024: 4.83% | 2025: 4.50%
2026-04-28 09:24:49,426 [INFO] pipeline.macro:   tjlp           : 2021: 5.25% | 2022: 6.25% | 2023: 7.00% | 2024: 7.00% | 2025: 6.50%
2026-04-28 09:24:49,426 [INFO] pipeline.macro:   cds            : 2021: 0.73% | 2022: 1.26% | 2023: 0.84% | 2024: 0.81% | 2025: 0.76%
2026-04-28 09:24:49,426 [INFO] pipeline.macro:   inflacao_impl  : 2021: 10.06% | 2022: 5.62% | 2023: 4.62% | 2024: 4.83% | 2025: 4.50%
2026-04-28 09:24:49,426 [INFO] pipeline: 
[3/6] Baixando demonstrações financeiras (CVM)...
2026-04-28 09:24:49,427 [INFO] pipeline.cvm: 
==================================================
2026-04-28 09:24:49,427 [INFO] pipeline.cvm: Baixando DFP 2020...
2026-04-28 09:24:49,427 [INFO] pipeline.cvm: Baixando: https://dados.cvm.gov.br/dados/CIA_ABERTA/DOC/DFP/DADOS/dfp_cia_aberta_2020.zip
2026-04-28 09:25:00,890 [INFO] pipeline.cvm:   DFP dre 2020: 70 linhas
2026-04-28 09:25:00,890 [INFO] pipeline.cvm: Baixando: https://dados.cvm.gov.br/dados/CIA_ABERTA/DOC/DFP/DADOS/dfp_cia_aberta_2020.zip
2026-04-28 09:25:07,989 [INFO] pipeline.cvm:   DFP bpa 2020: 130 linhas
2026-04-28 09:25:07,989 [INFO] pipeline.cvm: Baixando: https://dados.cvm.gov.br/dados/CIA_ABERTA/DOC/DFP/DADOS/dfp_cia_aberta_2020.zip
2026-04-28 09:25:16,397 [INFO] pipeline.cvm:   DFP bpp 2020: 246 linhas
2026-04-28 09:25:16,397 [INFO] pipeline.cvm: Baixando: https://dados.cvm.gov.br/dados/CIA_ABERTA/DOC/DFP/DADOS/dfp_cia_aberta_2020.zip
2026-04-28 09:25:22,423 [INFO] pipeline.cvm:   DFP dfc_mi 2020: 118 linhas
2026-04-28 09:25:22,423 [INFO] pipeline.cvm: Baixando: https://dados.cvm.gov.br/dados/CIA_ABERTA/DOC/DFP/DADOS/dfp_cia_aberta_2020.zip
2026-04-28 09:25:26,346 [WARNING] pipeline.cvm:   Empresa 25372 não encontrada em dfc_md 2020
2026-04-28 09:25:26,347 [INFO] pipeline.cvm: 
==================================================
2026-04-28 09:25:26,347 [INFO] pipeline.cvm: Baixando DFP 2021...
2026-04-28 09:25:26,347 [INFO] pipeline.cvm: Baixando: https://dados.cvm.gov.br/dados/CIA_ABERTA/DOC/DFP/DADOS/dfp_cia_aberta_2021.zip
2026-04-28 09:25:31,649 [WARNING] pipeline.cvm:   Empresa 25372 não encontrada em dre 2021
2026-04-28 09:25:31,649 [INFO] pipeline.cvm: Baixando: https://dados.cvm.gov.br/dados/CIA_ABERTA/DOC/DFP/DADOS/dfp_cia_aberta_2021.zip
2026-04-28 09:25:38,633 [WARNING] pipeline.cvm:   Empresa 25372 não encontrada em bpa 2021
2026-04-28 09:25:38,633 [INFO] pipeline.cvm: Baixando: https://dados.cvm.gov.br/dados/CIA_ABERTA/DOC/DFP/DADOS/dfp_cia_aberta_2021.zip
2026-04-28 09:25:46,868 [WARNING] pipeline.cvm:   Empresa 25372 não encontrada em bpp 2021
2026-04-28 09:25:46,868 [INFO] pipeline.cvm: Baixando: https://dados.cvm.gov.br/dados/CIA_ABERTA/DOC/DFP/DADOS/dfp_cia_aberta_2021.zip
2026-04-28 09:25:52,819 [WARNING] pipeline.cvm:   Empresa 25372 não encontrada em dfc_mi 2021
2026-04-28 09:25:52,819 [INFO] pipeline.cvm: Baixando: https://dados.cvm.gov.br/dados/CIA_ABERTA/DOC/DFP/DADOS/dfp_cia_aberta_2021.zip
2026-04-28 09:25:56,750 [WARNING] pipeline.cvm:   Empresa 25372 não encontrada em dfc_md 2021
2026-04-28 09:25:56,750 [INFO] pipeline.cvm: 
==================================================
2026-04-28 09:25:56,751 [INFO] pipeline.cvm: Baixando DFP 2022...
2026-04-28 09:25:56,751 [INFO] pipeline.cvm: Baixando: https://dados.cvm.gov.br/dados/CIA_ABERTA/DOC/DFP/DADOS/dfp_cia_aberta_2022.zip
2026-04-28 09:26:02,513 [WARNING] pipeline.cvm:   Empresa 25372 não encontrada em dre 2022
2026-04-28 09:26:02,513 [INFO] pipeline.cvm: Baixando: https://dados.cvm.gov.br/dados/CIA_ABERTA/DOC/DFP/DADOS/dfp_cia_aberta_2022.zip
2026-04-28 09:26:09,586 [WARNING] pipeline.cvm:   Empresa 25372 não encontrada em bpa 2022
2026-04-28 09:26:09,586 [INFO] pipeline.cvm: Baixando: https://dados.cvm.gov.br/dados/CIA_ABERTA/DOC/DFP/DADOS/dfp_cia_aberta_2022.zip
2026-04-28 09:26:17,637 [WARNING] pipeline.cvm:   Empresa 25372 não encontrada em bpp 2022
2026-04-28 09:26:17,637 [INFO] pipeline.cvm: Baixando: https://dados.cvm.gov.br/dados/CIA_ABERTA/DOC/DFP/DADOS/dfp_cia_aberta_2022.zip
2026-04-28 09:26:23,364 [WARNING] pipeline.cvm:   Empresa 25372 não encontrada em dfc_mi 2022
2026-04-28 09:26:23,364 [INFO] pipeline.cvm: Baixando: https://dados.cvm.gov.br/dados/CIA_ABERTA/DOC/DFP/DADOS/dfp_cia_aberta_2022.zip
2026-04-28 09:26:27,322 [WARNING] pipeline.cvm:   Empresa 25372 não encontrada em dfc_md 2022
2026-04-28 09:26:27,323 [INFO] pipeline.cvm: 
==================================================
2026-04-28 09:26:27,323 [INFO] pipeline.cvm: Baixando DFP 2023...
2026-04-28 09:26:27,323 [INFO] pipeline.cvm: Baixando: https://dados.cvm.gov.br/dados/CIA_ABERTA/DOC/DFP/DADOS/dfp_cia_aberta_2023.zip
2026-04-28 09:26:32,713 [WARNING] pipeline.cvm:   Empresa 25372 não encontrada em dre 2023
2026-04-28 09:26:32,713 [INFO] pipeline.cvm: Baixando: https://dados.cvm.gov.br/dados/CIA_ABERTA/DOC/DFP/DADOS/dfp_cia_aberta_2023.zip
2026-04-28 09:26:38,889 [WARNING] pipeline.cvm:   Empresa 25372 não encontrada em bpa 2023
2026-04-28 09:26:38,889 [INFO] pipeline.cvm: Baixando: https://dados.cvm.gov.br/dados/CIA_ABERTA/DOC/DFP/DADOS/dfp_cia_aberta_2023.zip
2026-04-28 09:26:46,323 [WARNING] pipeline.cvm:   Empresa 25372 não encontrada em bpp 2023
2026-04-28 09:26:46,324 [INFO] pipeline.cvm: Baixando: https://dados.cvm.gov.br/dados/CIA_ABERTA/DOC/DFP/DADOS/dfp_cia_aberta_2023.zip
2026-04-28 09:26:51,810 [WARNING] pipeline.cvm:   Empresa 25372 não encontrada em dfc_mi 2023
2026-04-28 09:26:51,810 [INFO] pipeline.cvm: Baixando: https://dados.cvm.gov.br/dados/CIA_ABERTA/DOC/DFP/DADOS/dfp_cia_aberta_2023.zip
2026-04-28 09:26:55,897 [WARNING] pipeline.cvm:   Empresa 25372 não encontrada em dfc_md 2023
2026-04-28 09:26:55,897 [INFO] pipeline.cvm: 
==================================================
2026-04-28 09:26:55,897 [INFO] pipeline.cvm: Baixando DFP 2024...
2026-04-28 09:26:55,897 [INFO] pipeline.cvm: Baixando: https://dados.cvm.gov.br/dados/CIA_ABERTA/DOC/DFP/DADOS/dfp_cia_aberta_2024.zip
2026-04-28 09:27:00,859 [WARNING] pipeline.cvm:   Empresa 25372 não encontrada em dre 2024
2026-04-28 09:27:00,859 [INFO] pipeline.cvm: Baixando: https://dados.cvm.gov.br/dados/CIA_ABERTA/DOC/DFP/DADOS/dfp_cia_aberta_2024.zip
2026-04-28 09:27:06,878 [WARNING] pipeline.cvm:   Empresa 25372 não encontrada em bpa 2024
2026-04-28 09:27:06,878 [INFO] pipeline.cvm: Baixando: https://dados.cvm.gov.br/dados/CIA_ABERTA/DOC/DFP/DADOS/dfp_cia_aberta_2024.zip
2026-04-28 09:27:14,572 [WARNING] pipeline.cvm:   Empresa 25372 não encontrada em bpp 2024
2026-04-28 09:27:14,572 [INFO] pipeline.cvm: Baixando: https://dados.cvm.gov.br/dados/CIA_ABERTA/DOC/DFP/DADOS/dfp_cia_aberta_2024.zip
2026-04-28 09:27:20,146 [WARNING] pipeline.cvm:   Empresa 25372 não encontrada em dfc_mi 2024
2026-04-28 09:27:20,146 [INFO] pipeline.cvm: Baixando: https://dados.cvm.gov.br/dados/CIA_ABERTA/DOC/DFP/DADOS/dfp_cia_aberta_2024.zip
2026-04-28 09:27:23,998 [WARNING] pipeline.cvm:   Empresa 25372 não encontrada em dfc_md 2024
2026-04-28 09:27:23,998 [INFO] pipeline.cvm: 
==================================================
2026-04-28 09:27:23,998 [INFO] pipeline.cvm: Baixando DFP 2025...
2026-04-28 09:27:23,998 [INFO] pipeline.cvm: Baixando: https://dados.cvm.gov.br/dados/CIA_ABERTA/DOC/DFP/DADOS/dfp_cia_aberta_2025.zip
2026-04-28 09:27:28,019 [WARNING] pipeline.cvm:   Empresa 25372 não encontrada em dre 2025
2026-04-28 09:27:28,019 [INFO] pipeline.cvm: Baixando: https://dados.cvm.gov.br/dados/CIA_ABERTA/DOC/DFP/DADOS/dfp_cia_aberta_2025.zip
2026-04-28 09:27:34,042 [WARNING] pipeline.cvm:   Empresa 25372 não encontrada em bpa 2025
2026-04-28 09:27:34,042 [INFO] pipeline.cvm: Baixando: https://dados.cvm.gov.br/dados/CIA_ABERTA/DOC/DFP/DADOS/dfp_cia_aberta_2025.zip
2026-04-28 09:27:41,015 [WARNING] pipeline.cvm:   Empresa 25372 não encontrada em bpp 2025
2026-04-28 09:27:41,016 [INFO] pipeline.cvm: Baixando: https://dados.cvm.gov.br/dados/CIA_ABERTA/DOC/DFP/DADOS/dfp_cia_aberta_2025.zip
2026-04-28 09:27:46,989 [WARNING] pipeline.cvm:   Empresa 25372 não encontrada em dfc_mi 2025
2026-04-28 09:27:46,989 [INFO] pipeline.cvm: Baixando: https://dados.cvm.gov.br/dados/CIA_ABERTA/DOC/DFP/DADOS/dfp_cia_aberta_2025.zip
2026-04-28 09:27:49,922 [WARNING] pipeline.cvm:   Empresa 25372 não encontrada em dfc_md 2025
2026-04-28 09:27:49,922 [INFO] pipeline:   DFP 2021 indisponível — tentando anualizar via ITR...
2026-04-28 09:27:49,922 [INFO] pipeline.cvm: 
==================================================
2026-04-28 09:27:49,922 [INFO] pipeline.cvm: Tentando anualizar 2021 via ITR (LTM)...
2026-04-28 09:27:49,922 [INFO] pipeline.cvm: Baixando: https://dados.cvm.gov.br/dados/CIA_ABERTA/DOC/ITR/DADOS/itr_cia_aberta_2021.zip
2026-04-28 09:28:03,493 [INFO] pipeline.cvm:   ITR dre 2021 Ttodos: 350 linhas
2026-04-28 09:28:03,494 [INFO] pipeline.cvm: Baixando: https://dados.cvm.gov.br/dados/CIA_ABERTA/DOC/ITR/DADOS/itr_cia_aberta_2021.zip
2026-04-28 09:28:20,710 [INFO] pipeline.cvm:   ITR bpa 2021 Ttodos: 390 linhas
2026-04-28 09:28:20,710 [INFO] pipeline.cvm: Baixando: https://dados.cvm.gov.br/dados/CIA_ABERTA/DOC/ITR/DADOS/itr_cia_aberta_2021.zip
2026-04-28 09:28:44,843 [INFO] pipeline.cvm:   ITR bpp 2021 Ttodos: 738 linhas
2026-04-28 09:28:44,843 [INFO] pipeline.cvm: Baixando: https://dados.cvm.gov.br/dados/CIA_ABERTA/DOC/ITR/DADOS/itr_cia_aberta_2021.zip
2026-04-28 09:29:00,134 [INFO] pipeline.cvm:   ITR dfc_mi 2021 Ttodos: 354 linhas
2026-04-28 09:29:00,135 [INFO] pipeline.cvm: Baixando: https://dados.cvm.gov.br/dados/CIA_ABERTA/DOC/ITR/DADOS/itr_cia_aberta_2021.zip
2026-04-28 09:29:05,998 [INFO] pipeline.cvm:   Último trimestre: 3T2021 (9 meses)
2026-04-28 09:29:05,999 [INFO] pipeline.cvm:   LTM = Acum 9m/2021 + (DFP 2020 - Acum 9m/2020)
2026-04-28 09:29:06,013 [INFO] pipeline.cvm:   LTM dre: 35 linhas
2026-04-28 09:29:06,027 [INFO] pipeline.cvm:   LTM dfc_mi: 59 linhas
2026-04-28 09:29:06,032 [INFO] pipeline.cvm:   Balanço bpa (posição 3T2021): 64 linhas
2026-04-28 09:29:06,039 [INFO] pipeline.cvm:   Balanço bpp (posição 3T2021): 123 linhas
2026-04-28 09:29:06,039 [INFO] pipeline.cvm:   Anualização 2021 concluída com sucesso (3T LTM)
2026-04-28 09:29:06,040 [INFO] pipeline:   ✓ 2021 anualizado via ITR (LTM)
2026-04-28 09:29:06,040 [INFO] pipeline:   DFP 2022 indisponível — tentando anualizar via ITR...
2026-04-28 09:29:06,040 [INFO] pipeline.cvm: 
==================================================
2026-04-28 09:29:06,040 [INFO] pipeline.cvm: Tentando anualizar 2022 via ITR (LTM)...
2026-04-28 09:29:06,040 [INFO] pipeline.cvm: Baixando: https://dados.cvm.gov.br/dados/CIA_ABERTA/DOC/ITR/DADOS/itr_cia_aberta_2022.zip
2026-04-28 09:29:18,142 [INFO] pipeline.cvm: Baixando: https://dados.cvm.gov.br/dados/CIA_ABERTA/DOC/ITR/DADOS/itr_cia_aberta_2022.zip
2026-04-28 09:29:33,179 [INFO] pipeline.cvm: Baixando: https://dados.cvm.gov.br/dados/CIA_ABERTA/DOC/ITR/DADOS/itr_cia_aberta_2022.zip
2026-04-28 09:29:55,030 [INFO] pipeline.cvm: Baixando: https://dados.cvm.gov.br/dados/CIA_ABERTA/DOC/ITR/DADOS/itr_cia_aberta_2022.zip
2026-04-28 09:30:08,306 [INFO] pipeline.cvm: Baixando: https://dados.cvm.gov.br/dados/CIA_ABERTA/DOC/ITR/DADOS/itr_cia_aberta_2022.zip
2026-04-28 09:30:16,882 [WARNING] pipeline.cvm:   ITR 2022 não disponível — não é possível anualizar
2026-04-28 09:30:16,882 [WARNING] pipeline:   DFP 2022 e ITR indisponíveis — removido do histórico
2026-04-28 09:30:16,882 [INFO] pipeline:   DFP 2023 indisponível — tentando anualizar via ITR...
2026-04-28 09:30:16,882 [INFO] pipeline.cvm: 
==================================================
2026-04-28 09:30:16,882 [INFO] pipeline.cvm: Tentando anualizar 2023 via ITR (LTM)...
2026-04-28 09:30:16,882 [INFO] pipeline.cvm: Baixando: https://dados.cvm.gov.br/dados/CIA_ABERTA/DOC/ITR/DADOS/itr_cia_aberta_2023.zip
2026-04-28 09:30:31,914 [INFO] pipeline.cvm: Baixando: https://dados.cvm.gov.br/dados/CIA_ABERTA/DOC/ITR/DADOS/itr_cia_aberta_2023.zip
2026-04-28 09:30:51,315 [INFO] pipeline.cvm: Baixando: https://dados.cvm.gov.br/dados/CIA_ABERTA/DOC/ITR/DADOS/itr_cia_aberta_2023.zip
2026-04-28 09:31:16,850 [INFO] pipeline.cvm: Baixando: https://dados.cvm.gov.br/dados/CIA_ABERTA/DOC/ITR/DADOS/itr_cia_aberta_2023.zip
2026-04-28 09:31:32,473 [INFO] pipeline.cvm: Baixando: https://dados.cvm.gov.br/dados/CIA_ABERTA/DOC/ITR/DADOS/itr_cia_aberta_2023.zip
2026-04-28 09:31:44,094 [WARNING] pipeline.cvm:   ITR 2023 não disponível — não é possível anualizar
2026-04-28 09:31:44,094 [WARNING] pipeline:   DFP 2023 e ITR indisponíveis — removido do histórico
2026-04-28 09:31:44,095 [INFO] pipeline:   DFP 2024 indisponível — tentando anualizar via ITR...
2026-04-28 09:31:44,095 [INFO] pipeline.cvm: 
==================================================
2026-04-28 09:31:44,095 [INFO] pipeline.cvm: Tentando anualizar 2024 via ITR (LTM)...
2026-04-28 09:31:44,095 [INFO] pipeline.cvm: Baixando: https://dados.cvm.gov.br/dados/CIA_ABERTA/DOC/ITR/DADOS/itr_cia_aberta_2024.zip
2026-04-28 09:32:02,746 [INFO] pipeline.cvm: Baixando: https://dados.cvm.gov.br/dados/CIA_ABERTA/DOC/ITR/DADOS/itr_cia_aberta_2024.zip
2026-04-28 09:32:17,442 [INFO] pipeline.cvm: Baixando: https://dados.cvm.gov.br/dados/CIA_ABERTA/DOC/ITR/DADOS/itr_cia_aberta_2024.zip
2026-04-28 09:32:40,705 [INFO] pipeline.cvm: Baixando: https://dados.cvm.gov.br/dados/CIA_ABERTA/DOC/ITR/DADOS/itr_cia_aberta_2024.zip
2026-04-28 09:32:54,882 [INFO] pipeline.cvm: Baixando: https://dados.cvm.gov.br/dados/CIA_ABERTA/DOC/ITR/DADOS/itr_cia_aberta_2024.zip
2026-04-28 09:33:01,317 [WARNING] pipeline.cvm:   ITR 2024 não disponível — não é possível anualizar
2026-04-28 09:33:01,318 [WARNING] pipeline:   DFP 2024 e ITR indisponíveis — removido do histórico
2026-04-28 09:33:01,318 [INFO] pipeline:   DFP 2025 indisponível — tentando anualizar via ITR...
2026-04-28 09:33:01,318 [INFO] pipeline.cvm: 
==================================================
2026-04-28 09:33:01,318 [INFO] pipeline.cvm: Tentando anualizar 2025 via ITR (LTM)...
2026-04-28 09:33:01,318 [INFO] pipeline.cvm: Baixando: https://dados.cvm.gov.br/dados/CIA_ABERTA/DOC/ITR/DADOS/itr_cia_aberta_2025.zip
2026-04-28 09:33:15,573 [INFO] pipeline.cvm: Baixando: https://dados.cvm.gov.br/dados/CIA_ABERTA/DOC/ITR/DADOS/itr_cia_aberta_2025.zip
2026-04-28 09:33:31,021 [INFO] pipeline.cvm: Baixando: https://dados.cvm.gov.br/dados/CIA_ABERTA/DOC/ITR/DADOS/itr_cia_aberta_2025.zip
2026-04-28 09:33:50,744 [INFO] pipeline.cvm: Baixando: https://dados.cvm.gov.br/dados/CIA_ABERTA/DOC/ITR/DADOS/itr_cia_aberta_2025.zip
2026-04-28 09:34:02,432 [INFO] pipeline.cvm: Baixando: https://dados.cvm.gov.br/dados/CIA_ABERTA/DOC/ITR/DADOS/itr_cia_aberta_2025.zip
2026-04-28 09:34:13,151 [WARNING] pipeline.cvm:   ITR 2025 não disponível — não é possível anualizar
2026-04-28 09:34:13,151 [WARNING] pipeline:   DFP 2025 e ITR indisponíveis — removido do histórico
2026-04-28 09:34:13,151 [INFO] pipeline:   Anos ajustados → Histórico: 2020-2021 | Projeção: 2022-2031
2026-04-28 09:34:13,151 [INFO] pipeline: 
[4/6] Normalizando dados...
2026-04-28 09:34:13,652 [INFO] pipeline:   DFC normalizada: 11 linhas
2026-04-28 09:34:13,653 [INFO] pipeline:   DRE normalizada:
2026-04-28 09:34:13,653 [INFO] pipeline:     receita_liquida: 2020: 36,043 | 2021: 33,094
2026-04-28 09:34:13,653 [INFO] pipeline:     ebit: 2020: 2,068 | 2021: 2,304
2026-04-28 09:34:13,654 [INFO] pipeline:     lucro_liquido: 2020: 1,398 | 2021: 1,418
2026-04-28 09:34:13,654 [INFO] pipeline: 
[5/6] Calculando projeções...
2026-04-28 09:34:13,655 [INFO] pipeline.projecoes: 
=== Projeções (não-financeira / FCFF) ===
2026-04-28 09:34:13,656 [INFO] pipeline.projecoes:   Margem EBITDA: 9.0% → 8.0% (conv 6a)
2026-04-28 09:34:13,656 [INFO] pipeline.projecoes:   D&A/Receita: 1.9%
2026-04-28 09:34:13,657 [INFO] pipeline.projecoes:   CAPEX/Receita: 5.0% → 6.0%
2026-04-28 09:34:13,658 [INFO] pipeline.projecoes:   NCG/Receita: -2.3% → 4.0%
2026-04-28 09:34:13,659 [INFO] pipeline.projecoes:   Alíquota efetiva: 28.0%
2026-04-28 09:34:13,660 [INFO] pipeline.projecoes: Projeções concluídas (FCFF). Resumo:
2026-04-28 09:34:13,660 [INFO] pipeline.projecoes:    Ano      Receita     EBITDA    Mg%      NOPAT       FCFF
2026-04-28 09:34:13,660 [INFO] pipeline.projecoes:   2022       35,604      3,148   8.8%      1,782        476
2026-04-28 09:34:13,660 [INFO] pipeline.projecoes:   2023       38,155      3,309   8.7%      1,864         71
2026-04-28 09:34:13,661 [INFO] pipeline.projecoes:   2024       40,731      3,464   8.5%      1,940        -88
2026-04-28 09:34:13,661 [INFO] pipeline.projecoes:   2025       43,310      3,611   8.3%      2,010       -264
2026-04-28 09:34:13,661 [INFO] pipeline.projecoes:   2026       45,873      3,747   8.2%      2,074       -455
2026-04-28 09:34:13,661 [INFO] pipeline.valuation:   Estrutura de capital: E=71% | D=29%
2026-04-28 09:34:13,661 [INFO] pipeline: 
[6/6] Calculando valuation (FCFF / WACC)...
2026-04-28 09:34:13,662 [WARNING] pipeline.valuation: TIR < g (5.5%) — cotação acima do valor intrínseco (DCF)
2026-04-28 09:34:13,662 [WARNING] pipeline.valuation: TIR < g (5.5%) — cotação acima do valor intrínseco (DCF)
2026-04-28 09:34:13,662 [INFO] pipeline.valuation: 
==================================================
2026-04-28 09:34:13,662 [INFO] pipeline.valuation: VALUATION FCFF/WACC — ASAI3
2026-04-28 09:34:13,662 [INFO] pipeline.valuation:   VP FCFF (10a):     R$           90 MM
2026-04-28 09:34:13,662 [INFO] pipeline.valuation:   Valor Perp. (VP):  R$          435 MM
2026-04-28 09:34:13,662 [INFO] pipeline.valuation:   ENTERPRISE VALUE:  R$          525 MM
2026-04-28 09:34:13,662 [INFO] pipeline.valuation:   (-) Dívida Líq.:   R$        5,282 MM
2026-04-28 09:34:13,663 [INFO] pipeline.valuation:   VALOR DO EQUITY:   R$       -4,757 MM
2026-04-28 09:34:13,663 [INFO] pipeline.valuation:   Preço Justo ON:    R$    -3.55
2026-04-28 09:34:13,663 [INFO] pipeline.valuation:   Preço Justo PN:    R$    -3.55
2026-04-28 09:34:13,663 [INFO] pipeline.valuation:   Cotação ON:        R$     9.58
2026-04-28 09:34:13,663 [INFO] pipeline.valuation:   Upside ON:             -137.1%
2026-04-28 09:34:13,663 [INFO] pipeline.valuation:   TIR (ON):                 6.0%
2026-04-28 09:34:13,663 [INFO] pipeline.valuation:   WACC último ano:          9.7%
2026-04-28 09:34:13,663 [WARNING] pipeline: 
[!] AVISOS DE VALIDACAO:
2026-04-28 09:34:13,663 [WARNING] pipeline:   - Valor do Equity negativo ou zero: R$ -4,757 MM
2026-04-28 09:34:13,663 [WARNING] pipeline:   - Preço Justo ON inválido (≤ 0)
2026-04-28 09:34:13,664 [INFO] pipeline:   Sem template VAROS para ASAI3 — Excel será criado do zero
2026-04-28 09:34:13,665 [INFO] pipeline.excel_geral: 
============================================================
2026-04-28 09:34:13,665 [INFO] pipeline.excel_geral: Criando Excel completo (12 abas) para: Assaí Atacadista (ASAI3)
2026-04-28 09:34:13,666 [INFO] pipeline.excel_geral:   → 1/12  Dashboard
2026-04-28 09:34:13,676 [INFO] pipeline.excel_geral:   → 2/12  WACC
2026-04-28 09:34:13,706 [INFO] pipeline.excel_geral:   → 3/12  TIR ON
2026-04-28 09:34:13,717 [INFO] pipeline.excel_geral:   → 4/12  TIR PN
2026-04-28 09:34:13,728 [INFO] pipeline.excel_geral:   → 5/12  Valor do Equity
2026-04-28 09:34:13,733 [INFO] pipeline.excel_geral:   → 6/12  Preço Teto
2026-04-28 09:34:13,741 [INFO] pipeline.excel_geral:   → 7/12  DRE + DCF
2026-04-28 09:34:13,886 [INFO] pipeline.excel_geral:   → 8/12  DRE Contas Abertas
2026-04-28 09:34:13,943 [INFO] pipeline.excel_geral:   → 9/12  Balanço Patrimonial
2026-04-28 09:34:13,970 [INFO] pipeline.excel_geral:   → 10/12 Painel de Índices
2026-04-28 09:34:14,011 [INFO] pipeline.excel_geral:   → 11/12 Projeções Premissas
2026-04-28 09:34:14,037 [INFO] pipeline.excel_geral:   → 12/12 Projeções Capex e CG
2026-04-28 09:34:14,156 [INFO] pipeline.excel_geral: 
Arquivo salvo: C:\Users\55819\OneDrive - EPEJUD\DIEGO\OBSIDIAN\Analista de Investimentos\12_PYTHON\pipeline banco completo\outputs\Valuation_ASAI3_Assaí Atacadista_20260428.xlsx
2026-04-28 09:34:14,157 [INFO] pipeline: 
======================================================================
2026-04-28 09:34:14,157 [INFO] pipeline: RESUMO DO VALUATION (FCFF/WACC)
2026-04-28 09:34:14,157 [INFO] pipeline: ======================================================================
2026-04-28 09:34:14,157 [INFO] pipeline:   Empresa:           Assaí Atacadista (ASAI3)
2026-04-28 09:34:14,157 [INFO] pipeline:   Enterprise Value:  R$          525 MM
2026-04-28 09:34:14,157 [INFO] pipeline:   Cotação ON:        R$ 9.58
2026-04-28 09:34:14,157 [INFO] pipeline:   Preço Justo ON:    R$ -3.55
2026-04-28 09:34:14,157 [INFO] pipeline:   Upside ON:            -137.1%
2026-04-28 09:34:14,157 [INFO] pipeline:   TIR:                  6.0%
2026-04-28 09:34:14,157 [INFO] pipeline:   Preço Teto ON:     R$ -3.55
2026-04-28 09:34:14,157 [INFO] pipeline: 
  [!] 2 aviso(s) de validacao — verifique os logs
2026-04-28 09:34:14,157 [INFO] pipeline: 
  Arquivo gerado:    C:\Users\55819\OneDrive - EPEJUD\DIEGO\OBSIDIAN\Analista de Investimentos\12_PYTHON\pipeline banco completo\outputs\Valuation_ASAI3_Assaí Atacadista_20260428.xlsx
2026-04-28 09:34:14,157 [INFO] pipeline: ======================================================================
2026-04-28 09:34:14,160 [INFO] pipeline: ✓ ASAI3: arquivo gerado → C:\Users\55819\OneDrive - EPEJUD\DIEGO\OBSIDIAN\Analista de Investimentos\12_PYTHON\pipeline banco completo\outputs\Valuation_ASAI3_Assaí Atacadista_20260428.xlsx
2026-04-28 09:34:14,160 [INFO] pipeline: 
──────────────────────────────────────────────────────────────────────
2026-04-28 09:34:14,160 [INFO] pipeline: Processando: PCAR3 (GPA (Pão de Açúcar))
2026-04-28 09:34:14,160 [INFO] pipeline: ──────────────────────────────────────────────────────────────────────
2026-04-28 09:34:14,161 [INFO] pipeline: ======================================================================
2026-04-28 09:34:14,161 [INFO] pipeline: PIPELINE DE VALUATION [CONSUMO_VAREJO] — PCAR3 — GPA (Pão de Açúcar)
2026-04-28 09:34:14,161 [INFO] pipeline: Início: 2026-04-28 09:34:14
2026-04-28 09:34:14,161 [INFO] pipeline:   Setor: consumo_varejo | Motor: WACC
2026-04-28 09:34:14,161 [INFO] pipeline: ======================================================================
2026-04-28 09:34:14,161 [INFO] pipeline: 
[1/6] Coletando dados de mercado...
2026-04-28 09:34:14,162 [INFO] pipeline:   Buscando cotação via yfinance...
2026-04-28 09:34:14,162 [INFO] pipeline.mercado: Buscando cotação atual: PCAR3.SA
2026-04-28 09:34:15,974 [INFO] pipeline:   Cotação ON: R$ 2.34  |  Cotação PN: R$ 0.00
2026-04-28 09:34:16,102 [INFO] pipeline.mercado: Calculando beta: PCAR3 (252 dias úteis)
2026-04-28 09:34:16,102 [INFO] pipeline.mercado: Baixando preços: PCAR3.SA (2019-01-01 → 2026-04-28)
2026-04-28 09:34:16,733 [INFO] pipeline.mercado:   1820 dias de preços carregados
2026-04-28 09:34:16,733 [INFO] pipeline.mercado: Baixando preços: ^BVSP (2019-01-01 → 2026-04-28)
2026-04-28 09:34:16,768 [INFO] pipeline.mercado:   1820 dias de preços carregados
2026-04-28 09:34:16,772 [INFO] pipeline.mercado:   Beta estatístico: 1.1286 | R²: 0.080 | n=251
2026-04-28 09:34:16,775 [INFO] pipeline:   Beta estatístico: 1.129 | Beta utilizado: 0.850
2026-04-28 09:34:16,775 [INFO] pipeline: 
[2/6] Coletando dados macroeconômicos (BCB)...
2026-04-28 09:34:17,106 [WARNING] pipeline.macro: Não foi possível obter Focus Selic: 400 Client Error: Bad Request for url: https://olinda.bcb.gov.br/olinda/servico/Expectativas/versao/v1/odata/ExpectativasMercadoAnuais?%24filter=Indicador%20eq%20'Selic'&%24top=100&%24format=json&%24select=Indicador,Data,Ano,Mediana
2026-04-28 09:34:17,396 [WARNING] pipeline.macro: Não foi possível obter Focus IPCA: 400 Client Error: Bad Request for url: https://olinda.bcb.gov.br/olinda/servico/Expectativas/versao/v1/odata/ExpectativasMercadoAnuais?%24filter=Indicador%20eq%20'IPCA'&%24top=100&%24format=json&%24select=Indicador,Data,Ano,Mediana
2026-04-28 09:34:17,398 [INFO] pipeline.macro: 
=== Coletando dados macroeconômicos ===
2026-04-28 09:34:17,398 [INFO] pipeline.macro: Baixando série BCB 432...
2026-04-28 09:34:47,591 [ERROR] pipeline.macro: Erro ao baixar série BCB 432: HTTPSConnectionPool(host='api.bcb.gov.br', port=443): Read timed out. (read timeout=30)
2026-04-28 09:34:47,591 [WARNING] pipeline.macro: Série Selic meta sem DatetimeIndex — usando fallback histórico
2026-04-28 09:34:47,592 [INFO] pipeline.macro: Baixando série BCB 12...
2026-04-28 09:35:17,779 [ERROR] pipeline.macro: Erro ao baixar série BCB 12: HTTPSConnectionPool(host='api.bcb.gov.br', port=443): Read timed out. (read timeout=30)
2026-04-28 09:35:17,779 [WARNING] pipeline.macro: Série DI sem DatetimeIndex — usando fallback histórico
2026-04-28 09:35:17,780 [INFO] pipeline.macro: Baixando série BCB 13522...
2026-04-28 09:35:18,078 [INFO] pipeline.macro:   Série 13522: 195 observações (2010-01-01 → 2026-03-01)
2026-04-28 09:35:18,079 [WARNING] pipeline.macro: IPCA calculado fora do intervalo plausível (46.1%) para 2020 — usando fallback
2026-04-28 09:35:18,079 [WARNING] pipeline.macro: IPCA calculado fora do intervalo plausível (159.3%) para 2021 — usando fallback
2026-04-28 09:35:18,079 [WARNING] pipeline.macro: IPCA calculado fora do intervalo plausível (191.2%) para 2022 — usando fallback
2026-04-28 09:35:18,080 [WARNING] pipeline.macro: IPCA calculado fora do intervalo plausível (71.5%) para 2023 — usando fallback
2026-04-28 09:35:18,080 [WARNING] pipeline.macro: IPCA calculado fora do intervalo plausível (67.0%) para 2024 — usando fallback
2026-04-28 09:35:18,080 [WARNING] pipeline.macro: IPCA calculado fora do intervalo plausível (80.0%) para 2025 — usando fallback
2026-04-28 09:35:18,081 [INFO] pipeline.macro: Baixando série BCB 258...
2026-04-28 09:35:18,184 [ERROR] pipeline.macro: Erro ao baixar série BCB 258: 406 Client Error: Not Acceptable for url: https://api.bcb.gov.br/dados/serie/bcdata.sgs.258/dados?formato=json&dataInicial=01%2F01%2F2010&dataFinal=28%2F04%2F2026
2026-04-28 09:35:18,184 [WARNING] pipeline.macro: Série TJLP sem DatetimeIndex — usando fallback histórico
2026-04-28 09:35:18,184 [INFO] pipeline.macro: Baixando série BCB 29039...
2026-04-28 09:35:18,517 [INFO] pipeline.macro:   Série 29039: 195 observações (2010-01-01 → 2026-03-01)
2026-04-28 09:35:18,521 [INFO] pipeline.macro: Baixando série BCB 13522...
2026-04-28 09:35:18,641 [INFO] pipeline.macro:   Série 13522: 195 observações (2010-01-01 → 2026-03-01)
2026-04-28 09:35:18,642 [WARNING] pipeline.macro: IPCA calculado fora do intervalo plausível (46.1%) para 2020 — usando fallback
2026-04-28 09:35:18,642 [WARNING] pipeline.macro: IPCA calculado fora do intervalo plausível (159.3%) para 2021 — usando fallback
2026-04-28 09:35:18,643 [WARNING] pipeline.macro: IPCA calculado fora do intervalo plausível (191.2%) para 2022 — usando fallback
2026-04-28 09:35:18,643 [WARNING] pipeline.macro: IPCA calculado fora do intervalo plausível (71.5%) para 2023 — usando fallback
2026-04-28 09:35:18,643 [WARNING] pipeline.macro: IPCA calculado fora do intervalo plausível (67.0%) para 2024 — usando fallback
2026-04-28 09:35:18,644 [WARNING] pipeline.macro: IPCA calculado fora do intervalo plausível (80.0%) para 2025 — usando fallback
2026-04-28 09:35:18,644 [INFO] pipeline.macro: 
RESUMO MACRO HISTÓRICO:
2026-04-28 09:35:18,644 [INFO] pipeline.macro:   selic_meta     : 2021: 9.25% | 2022: 13.75% | 2023: 11.75% | 2024: 11.75% | 2025: 10.00%
2026-04-28 09:35:18,644 [INFO] pipeline.macro:   selic_efet     : 2021: 4.48% | 2022: 12.33% | 2023: 13.15% | 2024: 10.73% | 2025: 10.50%
2026-04-28 09:35:18,644 [INFO] pipeline.macro:   ipca           : 2021: 10.06% | 2022: 5.62% | 2023: 4.62% | 2024: 4.83% | 2025: 4.50%
2026-04-28 09:35:18,644 [INFO] pipeline.macro:   tjlp           : 2021: 5.25% | 2022: 6.25% | 2023: 7.00% | 2024: 7.00% | 2025: 6.50%
2026-04-28 09:35:18,644 [INFO] pipeline.macro:   cds            : 2021: 0.73% | 2022: 1.26% | 2023: 0.84% | 2024: 0.81% | 2025: 0.76%
2026-04-28 09:35:18,644 [INFO] pipeline.macro:   inflacao_impl  : 2021: 10.06% | 2022: 5.62% | 2023: 4.62% | 2024: 4.83% | 2025: 4.50%
2026-04-28 09:35:18,645 [INFO] pipeline: 
[3/6] Baixando demonstrações financeiras (CVM)...
2026-04-28 09:35:18,645 [INFO] pipeline.cvm: 
==================================================
2026-04-28 09:35:18,645 [INFO] pipeline.cvm: Baixando DFP 2020...
2026-04-28 09:35:18,646 [INFO] pipeline.cvm: Baixando: https://dados.cvm.gov.br/dados/CIA_ABERTA/DOC/DFP/DADOS/dfp_cia_aberta_2020.zip
2026-04-28 09:35:23,983 [INFO] pipeline.cvm:   DFP dre 2020: 70 linhas
2026-04-28 09:35:23,984 [INFO] pipeline.cvm: Baixando: https://dados.cvm.gov.br/dados/CIA_ABERTA/DOC/DFP/DADOS/dfp_cia_aberta_2020.zip
2026-04-28 09:35:30,116 [INFO] pipeline.cvm:   DFP bpa 2020: 130 linhas
2026-04-28 09:35:30,116 [INFO] pipeline.cvm: Baixando: https://dados.cvm.gov.br/dados/CIA_ABERTA/DOC/DFP/DADOS/dfp_cia_aberta_2020.zip
2026-04-28 09:35:38,959 [INFO] pipeline.cvm:   DFP bpp 2020: 246 linhas
2026-04-28 09:35:38,960 [INFO] pipeline.cvm: Baixando: https://dados.cvm.gov.br/dados/CIA_ABERTA/DOC/DFP/DADOS/dfp_cia_aberta_2020.zip
2026-04-28 09:35:46,120 [INFO] pipeline.cvm:   DFP dfc_mi 2020: 122 linhas
2026-04-28 09:35:46,121 [INFO] pipeline.cvm: Baixando: https://dados.cvm.gov.br/dados/CIA_ABERTA/DOC/DFP/DADOS/dfp_cia_aberta_2020.zip
2026-04-28 09:35:51,117 [WARNING] pipeline.cvm:   Empresa 14826 não encontrada em dfc_md 2020
2026-04-28 09:35:51,117 [INFO] pipeline.cvm: 
==================================================
2026-04-28 09:35:51,117 [INFO] pipeline.cvm: Baixando DFP 2021...
2026-04-28 09:35:51,118 [INFO] pipeline.cvm: Baixando: https://dados.cvm.gov.br/dados/CIA_ABERTA/DOC/DFP/DADOS/dfp_cia_aberta_2021.zip
2026-04-28 09:35:58,238 [INFO] pipeline.cvm:   DFP dre 2021: 70 linhas
2026-04-28 09:35:58,238 [INFO] pipeline.cvm: Baixando: https://dados.cvm.gov.br/dados/CIA_ABERTA/DOC/DFP/DADOS/dfp_cia_aberta_2021.zip
2026-04-28 09:36:05,396 [INFO] pipeline.cvm:   DFP bpa 2021: 130 linhas
2026-04-28 09:36:05,396 [INFO] pipeline.cvm: Baixando: https://dados.cvm.gov.br/dados/CIA_ABERTA/DOC/DFP/DADOS/dfp_cia_aberta_2021.zip
2026-04-28 09:36:14,207 [INFO] pipeline.cvm:   DFP bpp 2021: 246 linhas
2026-04-28 09:36:14,208 [INFO] pipeline.cvm: Baixando: https://dados.cvm.gov.br/dados/CIA_ABERTA/DOC/DFP/DADOS/dfp_cia_aberta_2021.zip
2026-04-28 09:36:21,424 [INFO] pipeline.cvm:   DFP dfc_mi 2021: 124 linhas
2026-04-28 09:36:21,425 [INFO] pipeline.cvm: Baixando: https://dados.cvm.gov.br/dados/CIA_ABERTA/DOC/DFP/DADOS/dfp_cia_aberta_2021.zip
2026-04-28 09:36:25,278 [WARNING] pipeline.cvm:   Empresa 14826 não encontrada em dfc_md 2021
2026-04-28 09:36:25,278 [INFO] pipeline.cvm: 
==================================================
2026-04-28 09:36:25,278 [INFO] pipeline.cvm: Baixando DFP 2022...
2026-04-28 09:36:25,279 [INFO] pipeline.cvm: Baixando: https://dados.cvm.gov.br/dados/CIA_ABERTA/DOC/DFP/DADOS/dfp_cia_aberta_2022.zip
2026-04-28 09:36:29,003 [INFO] pipeline.cvm:   DFP dre 2022: 70 linhas
2026-04-28 09:36:29,004 [INFO] pipeline.cvm: Baixando: https://dados.cvm.gov.br/dados/CIA_ABERTA/DOC/DFP/DADOS/dfp_cia_aberta_2022.zip
2026-04-28 09:36:33,644 [INFO] pipeline.cvm:   DFP bpa 2022: 132 linhas
2026-04-28 09:36:33,645 [INFO] pipeline.cvm: Baixando: https://dados.cvm.gov.br/dados/CIA_ABERTA/DOC/DFP/DADOS/dfp_cia_aberta_2022.zip
2026-04-28 09:36:40,792 [INFO] pipeline.cvm:   DFP bpp 2022: 250 linhas
2026-04-28 09:36:40,792 [INFO] pipeline.cvm: Baixando: https://dados.cvm.gov.br/dados/CIA_ABERTA/DOC/DFP/DADOS/dfp_cia_aberta_2022.zip
2026-04-28 09:36:45,549 [INFO] pipeline.cvm:   DFP dfc_mi 2022: 124 linhas
2026-04-28 09:36:45,549 [INFO] pipeline.cvm: Baixando: https://dados.cvm.gov.br/dados/CIA_ABERTA/DOC/DFP/DADOS/dfp_cia_aberta_2022.zip
2026-04-28 09:36:48,536 [WARNING] pipeline.cvm:   Empresa 14826 não encontrada em dfc_md 2022
2026-04-28 09:36:48,537 [INFO] pipeline.cvm: 
==================================================
2026-04-28 09:36:48,537 [INFO] pipeline.cvm: Baixando DFP 2023...
2026-04-28 09:36:48,537 [INFO] pipeline.cvm: Baixando: https://dados.cvm.gov.br/dados/CIA_ABERTA/DOC/DFP/DADOS/dfp_cia_aberta_2023.zip
2026-04-28 09:36:53,078 [INFO] pipeline.cvm:   DFP dre 2023: 70 linhas
2026-04-28 09:36:53,079 [INFO] pipeline.cvm: Baixando: https://dados.cvm.gov.br/dados/CIA_ABERTA/DOC/DFP/DADOS/dfp_cia_aberta_2023.zip
2026-04-28 09:36:58,743 [INFO] pipeline.cvm:   DFP bpa 2023: 134 linhas
2026-04-28 09:36:58,743 [INFO] pipeline.cvm: Baixando: https://dados.cvm.gov.br/dados/CIA_ABERTA/DOC/DFP/DADOS/dfp_cia_aberta_2023.zip
2026-04-28 09:37:05,708 [INFO] pipeline.cvm:   DFP bpp 2023: 254 linhas
2026-04-28 09:37:05,708 [INFO] pipeline.cvm: Baixando: https://dados.cvm.gov.br/dados/CIA_ABERTA/DOC/DFP/DADOS/dfp_cia_aberta_2023.zip
2026-04-28 09:37:10,801 [INFO] pipeline.cvm:   DFP dfc_mi 2023: 126 linhas
2026-04-28 09:37:10,801 [INFO] pipeline.cvm: Baixando: https://dados.cvm.gov.br/dados/CIA_ABERTA/DOC/DFP/DADOS/dfp_cia_aberta_2023.zip
2026-04-28 09:37:14,385 [WARNING] pipeline.cvm:   Empresa 14826 não encontrada em dfc_md 2023
2026-04-28 09:37:14,385 [INFO] pipeline.cvm: 
==================================================
2026-04-28 09:37:14,385 [INFO] pipeline.cvm: Baixando DFP 2024...
2026-04-28 09:37:14,385 [INFO] pipeline.cvm: Baixando: https://dados.cvm.gov.br/dados/CIA_ABERTA/DOC/DFP/DADOS/dfp_cia_aberta_2024.zip
2026-04-28 09:37:18,477 [INFO] pipeline.cvm:   DFP dre 2024: 70 linhas
2026-04-28 09:37:18,477 [INFO] pipeline.cvm: Baixando: https://dados.cvm.gov.br/dados/CIA_ABERTA/DOC/DFP/DADOS/dfp_cia_aberta_2024.zip
2026-04-28 09:37:23,416 [INFO] pipeline.cvm:   DFP bpa 2024: 134 linhas
2026-04-28 09:37:23,417 [INFO] pipeline.cvm: Baixando: https://dados.cvm.gov.br/dados/CIA_ABERTA/DOC/DFP/DADOS/dfp_cia_aberta_2024.zip
2026-04-28 09:37:30,622 [INFO] pipeline.cvm:   DFP bpp 2024: 254 linhas
2026-04-28 09:37:30,622 [INFO] pipeline.cvm: Baixando: https://dados.cvm.gov.br/dados/CIA_ABERTA/DOC/DFP/DADOS/dfp_cia_aberta_2024.zip
2026-04-28 09:37:34,780 [INFO] pipeline.cvm:   DFP dfc_mi 2024: 128 linhas
2026-04-28 09:37:34,780 [INFO] pipeline.cvm: Baixando: https://dados.cvm.gov.br/dados/CIA_ABERTA/DOC/DFP/DADOS/dfp_cia_aberta_2024.zip
2026-04-28 09:37:37,881 [WARNING] pipeline.cvm:   Empresa 14826 não encontrada em dfc_md 2024
2026-04-28 09:37:37,881 [INFO] pipeline.cvm: 
==================================================
2026-04-28 09:37:37,881 [INFO] pipeline.cvm: Baixando DFP 2025...
2026-04-28 09:37:37,881 [INFO] pipeline.cvm: Baixando: https://dados.cvm.gov.br/dados/CIA_ABERTA/DOC/DFP/DADOS/dfp_cia_aberta_2025.zip
2026-04-28 09:37:41,261 [INFO] pipeline.cvm:   DFP dre 2025: 70 linhas
2026-04-28 09:37:41,261 [INFO] pipeline.cvm: Baixando: https://dados.cvm.gov.br/dados/CIA_ABERTA/DOC/DFP/DADOS/dfp_cia_aberta_2025.zip
2026-04-28 09:37:45,754 [INFO] pipeline.cvm:   DFP bpa 2025: 134 linhas
2026-04-28 09:37:45,755 [INFO] pipeline.cvm: Baixando: https://dados.cvm.gov.br/dados/CIA_ABERTA/DOC/DFP/DADOS/dfp_cia_aberta_2025.zip
2026-04-28 09:37:52,050 [INFO] pipeline.cvm:   DFP bpp 2025: 254 linhas
2026-04-28 09:37:52,050 [INFO] pipeline.cvm: Baixando: https://dados.cvm.gov.br/dados/CIA_ABERTA/DOC/DFP/DADOS/dfp_cia_aberta_2025.zip
2026-04-28 09:37:57,460 [INFO] pipeline.cvm:   DFP dfc_mi 2025: 130 linhas
2026-04-28 09:37:57,460 [INFO] pipeline.cvm: Baixando: https://dados.cvm.gov.br/dados/CIA_ABERTA/DOC/DFP/DADOS/dfp_cia_aberta_2025.zip
2026-04-28 09:38:00,954 [WARNING] pipeline.cvm:   Empresa 14826 não encontrada em dfc_md 2025
2026-04-28 09:38:00,954 [INFO] pipeline: 
[4/6] Normalizando dados...
2026-04-28 09:38:02,224 [INFO] pipeline:   DFC normalizada: 11 linhas
2026-04-28 09:38:02,226 [INFO] pipeline:   DRE normalizada:
2026-04-28 09:38:02,227 [INFO] pipeline:     receita_liquida: 2020: 51,253 | 2021: 51,291 | 2022: 17,321 | 2023: 19,250 | 2024: 18,790 | 2025: 19,113
2026-04-28 09:38:02,227 [INFO] pipeline:     ebit: 2020: 2,629 | 2021: 1,690 | 2022: -565 | 2023: 677 | 2024: -436 | 2025: -169
2026-04-28 09:38:02,227 [INFO] pipeline:     lucro_liquido: 2020: 2,179 | 2021: 802 | 2022: -172 | 2023: -2,271 | 2024: -2,407 | 2025: -824
2026-04-28 09:38:02,227 [INFO] pipeline: 
[5/6] Calculando projeções...
2026-04-28 09:38:02,228 [INFO] pipeline.projecoes: 
=== Projeções (não-financeira / FCFF) ===
2026-04-28 09:38:02,229 [INFO] pipeline.projecoes:   Margem EBITDA: 2.2% → 7.0% (conv 6a)
2026-04-28 09:38:02,230 [INFO] pipeline.projecoes:   D&A/Receita: 4.1%
2026-04-28 09:38:02,231 [INFO] pipeline.projecoes:   CAPEX/Receita: 5.0% → 5.0%
2026-04-28 09:38:02,232 [INFO] pipeline.projecoes:   NCG/Receita: -5.2% → 5.0%
2026-04-28 09:38:02,234 [INFO] pipeline.projecoes:   Alíquota efetiva: 34.7%
2026-04-28 09:38:02,234 [INFO] pipeline.projecoes: Projeções concluídas (FCFF). Resumo:
2026-04-28 09:38:02,234 [INFO] pipeline.projecoes:    Ano      Receita     EBITDA    Mg%      NOPAT       FCFF
2026-04-28 09:38:02,234 [INFO] pipeline.projecoes:   2026       20,562      1,028   5.0%        125       -496
2026-04-28 09:38:02,234 [INFO] pipeline.projecoes:   2027       22,036      1,102   5.0%        134       -469
2026-04-28 09:38:02,234 [INFO] pipeline.projecoes:   2028       23,523      1,176   5.0%        143       -535
2026-04-28 09:38:02,235 [INFO] pipeline.projecoes:   2029       25,013      1,355   5.4%        220       -534
2026-04-28 09:38:02,235 [INFO] pipeline.projecoes:   2030       26,493      1,645   6.2%        370       -459
2026-04-28 09:38:02,235 [INFO] pipeline.valuation:   Estrutura de capital: E=35% | D=65%
2026-04-28 09:38:02,235 [INFO] pipeline: 
[6/6] Calculando valuation (FCFF / WACC)...
2026-04-28 09:38:02,235 [INFO] pipeline.valuation: 
==================================================
2026-04-28 09:38:02,235 [INFO] pipeline.valuation: VALUATION FCFF/WACC — PCAR3
2026-04-28 09:38:02,236 [INFO] pipeline.valuation:   VP FCFF (10a):     R$       -1,328 MM
2026-04-28 09:38:02,236 [INFO] pipeline.valuation:   Valor Perp. (VP):  R$        3,805 MM
2026-04-28 09:38:02,236 [INFO] pipeline.valuation:   ENTERPRISE VALUE:  R$        2,478 MM
2026-04-28 09:38:02,236 [INFO] pipeline.valuation:   (-) Dívida Líq.:   R$        2,088 MM
2026-04-28 09:38:02,236 [INFO] pipeline.valuation:   VALOR DO EQUITY:   R$          390 MM
2026-04-28 09:38:02,236 [INFO] pipeline.valuation:   Preço Justo ON:    R$     0.79
2026-04-28 09:38:02,236 [INFO] pipeline.valuation:   Preço Justo PN:    R$     0.79
2026-04-28 09:38:02,236 [INFO] pipeline.valuation:   Cotação ON:        R$     2.34
2026-04-28 09:38:02,236 [INFO] pipeline.valuation:   Upside ON:              -66.2%
2026-04-28 09:38:02,236 [INFO] pipeline.valuation:   TIR (ON):                 9.7%
2026-04-28 09:38:02,236 [INFO] pipeline.valuation:   WACC último ano:          8.4%
2026-04-28 09:38:02,238 [INFO] pipeline:   Sem template VAROS para PCAR3 — Excel será criado do zero
2026-04-28 09:38:02,238 [INFO] pipeline.excel_geral: 
============================================================
2026-04-28 09:38:02,238 [INFO] pipeline.excel_geral: Criando Excel completo (12 abas) para: GPA (Pão de Açúcar) (PCAR3)
2026-04-28 09:38:02,240 [INFO] pipeline.excel_geral:   → 1/12  Dashboard
2026-04-28 09:38:02,251 [INFO] pipeline.excel_geral:   → 2/12  WACC
2026-04-28 09:38:02,297 [INFO] pipeline.excel_geral:   → 3/12  TIR ON
2026-04-28 09:38:02,307 [INFO] pipeline.excel_geral:   → 4/12  TIR PN
2026-04-28 09:38:02,315 [INFO] pipeline.excel_geral:   → 5/12  Valor do Equity
2026-04-28 09:38:02,320 [INFO] pipeline.excel_geral:   → 6/12  Preço Teto
2026-04-28 09:38:02,326 [INFO] pipeline.excel_geral:   → 7/12  DRE + DCF
2026-04-28 09:38:02,422 [INFO] pipeline.excel_geral:   → 8/12  DRE Contas Abertas
2026-04-28 09:38:02,471 [INFO] pipeline.excel_geral:   → 9/12  Balanço Patrimonial
2026-04-28 09:38:02,519 [INFO] pipeline.excel_geral:   → 10/12 Painel de Índices
2026-04-28 09:38:02,586 [INFO] pipeline.excel_geral:   → 11/12 Projeções Premissas
2026-04-28 09:38:02,607 [INFO] pipeline.excel_geral:   → 12/12 Projeções Capex e CG
2026-04-28 09:38:02,703 [INFO] pipeline.excel_geral: 
Arquivo salvo: C:\Users\55819\OneDrive - EPEJUD\DIEGO\OBSIDIAN\Analista de Investimentos\12_PYTHON\pipeline banco completo\outputs\Valuation_PCAR3_GPA (Pão de Açúcar)_20260428.xlsx
2026-04-28 09:38:02,703 [INFO] pipeline: 
======================================================================
2026-04-28 09:38:02,704 [INFO] pipeline: RESUMO DO VALUATION (FCFF/WACC)
2026-04-28 09:38:02,704 [INFO] pipeline: ======================================================================
2026-04-28 09:38:02,704 [INFO] pipeline:   Empresa:           GPA (Pão de Açúcar) (PCAR3)
2026-04-28 09:38:02,704 [INFO] pipeline:   Enterprise Value:  R$        2,478 MM
2026-04-28 09:38:02,704 [INFO] pipeline:   Cotação ON:        R$ 2.34
2026-04-28 09:38:02,704 [INFO] pipeline:   Preço Justo ON:    R$ 0.79
2026-04-28 09:38:02,704 [INFO] pipeline:   Upside ON:            -66.2%
2026-04-28 09:38:02,704 [INFO] pipeline:   TIR:                  9.7%
2026-04-28 09:38:02,704 [INFO] pipeline:   Preço Teto ON:     R$ 0.79
2026-04-28 09:38:02,704 [INFO] pipeline: 
  Arquivo gerado:    C:\Users\55819\OneDrive - EPEJUD\DIEGO\OBSIDIAN\Analista de Investimentos\12_PYTHON\pipeline banco completo\outputs\Valuation_PCAR3_GPA (Pão de Açúcar)_20260428.xlsx
2026-04-28 09:38:02,704 [INFO] pipeline: ======================================================================
2026-04-28 09:38:02,707 [INFO] pipeline: ✓ PCAR3: arquivo gerado → C:\Users\55819\OneDrive - EPEJUD\DIEGO\OBSIDIAN\Analista de Investimentos\12_PYTHON\pipeline banco completo\outputs\Valuation_PCAR3_GPA (Pão de Açúcar)_20260428.xlsx
2026-04-28 09:38:02,708 [INFO] pipeline: 
──────────────────────────────────────────────────────────────────────
2026-04-28 09:38:02,708 [INFO] pipeline: Processando: VIVA3 (Vivara)
2026-04-28 09:38:02,708 [INFO] pipeline: ──────────────────────────────────────────────────────────────────────
2026-04-28 09:38:02,708 [INFO] pipeline: ======================================================================
2026-04-28 09:38:02,708 [INFO] pipeline: PIPELINE DE VALUATION [CONSUMO_VAREJO] — VIVA3 — Vivara
2026-04-28 09:38:02,708 [INFO] pipeline: Início: 2026-04-28 09:38:02
2026-04-28 09:38:02,708 [INFO] pipeline:   Setor: consumo_varejo | Motor: WACC
2026-04-28 09:38:02,708 [INFO] pipeline: ======================================================================
2026-04-28 09:38:02,709 [INFO] pipeline: 
[1/6] Coletando dados de mercado...
2026-04-28 09:38:02,709 [INFO] pipeline:   Buscando cotação via yfinance...
2026-04-28 09:38:02,709 [INFO] pipeline.mercado: Buscando cotação atual: VIVA3.SA
2026-04-28 09:38:04,273 [INFO] pipeline:   Cotação ON: R$ 25.46  |  Cotação PN: R$ 0.00
2026-04-28 09:38:04,402 [INFO] pipeline.mercado: Calculando beta: VIVA3 (252 dias úteis)
2026-04-28 09:38:04,403 [INFO] pipeline.mercado: Baixando preços: VIVA3.SA (2019-01-01 → 2026-04-28)
2026-04-28 09:38:04,911 [INFO] pipeline.mercado:   1625 dias de preços carregados
2026-04-28 09:38:04,911 [INFO] pipeline.mercado: Baixando preços: ^BVSP (2019-01-01 → 2026-04-28)
2026-04-28 09:38:04,944 [INFO] pipeline.mercado:   1820 dias de preços carregados
2026-04-28 09:38:04,947 [INFO] pipeline.mercado:   Beta estatístico: 1.1588 | R²: 0.256 | n=251
2026-04-28 09:38:04,949 [INFO] pipeline:   Beta estatístico: 1.159 | Beta utilizado: 0.850
2026-04-28 09:38:04,949 [INFO] pipeline: 
[2/6] Coletando dados macroeconômicos (BCB)...
2026-04-28 09:38:05,247 [WARNING] pipeline.macro: Não foi possível obter Focus Selic: 400 Client Error: Bad Request for url: https://olinda.bcb.gov.br/olinda/servico/Expectativas/versao/v1/odata/ExpectativasMercadoAnuais?%24filter=Indicador%20eq%20'Selic'&%24top=100&%24format=json&%24select=Indicador,Data,Ano,Mediana
2026-04-28 09:38:05,522 [WARNING] pipeline.macro: Não foi possível obter Focus IPCA: 400 Client Error: Bad Request for url: https://olinda.bcb.gov.br/olinda/servico/Expectativas/versao/v1/odata/ExpectativasMercadoAnuais?%24filter=Indicador%20eq%20'IPCA'&%24top=100&%24format=json&%24select=Indicador,Data,Ano,Mediana
2026-04-28 09:38:05,525 [INFO] pipeline.macro: 
=== Coletando dados macroeconômicos ===
2026-04-28 09:38:05,525 [INFO] pipeline.macro: Baixando série BCB 432...
2026-04-28 09:38:05,861 [ERROR] pipeline.macro: Erro ao baixar série BCB 432: 406 Client Error: Not Acceptable for url: https://api.bcb.gov.br/dados/serie/bcdata.sgs.432/dados?formato=json&dataInicial=01%2F01%2F2010&dataFinal=28%2F04%2F2026
2026-04-28 09:38:05,862 [WARNING] pipeline.macro: Série Selic meta sem DatetimeIndex — usando fallback histórico
2026-04-28 09:38:05,862 [INFO] pipeline.macro: Baixando série BCB 12...
2026-04-28 09:38:05,962 [ERROR] pipeline.macro: Erro ao baixar série BCB 12: 406 Client Error: Not Acceptable for url: https://api.bcb.gov.br/dados/serie/bcdata.sgs.12/dados?formato=json&dataInicial=01%2F01%2F2010&dataFinal=28%2F04%2F2026
2026-04-28 09:38:05,962 [WARNING] pipeline.macro: Série DI sem DatetimeIndex — usando fallback histórico
2026-04-28 09:38:05,963 [INFO] pipeline.macro: Baixando série BCB 13522...
2026-04-28 09:38:06,084 [INFO] pipeline.macro:   Série 13522: 195 observações (2010-01-01 → 2026-03-01)
2026-04-28 09:38:06,084 [WARNING] pipeline.macro: IPCA calculado fora do intervalo plausível (46.1%) para 2020 — usando fallback
2026-04-28 09:38:06,085 [WARNING] pipeline.macro: IPCA calculado fora do intervalo plausível (159.3%) para 2021 — usando fallback
2026-04-28 09:38:06,086 [WARNING] pipeline.macro: IPCA calculado fora do intervalo plausível (191.2%) para 2022 — usando fallback
2026-04-28 09:38:06,086 [WARNING] pipeline.macro: IPCA calculado fora do intervalo plausível (71.5%) para 2023 — usando fallback
2026-04-28 09:38:06,087 [WARNING] pipeline.macro: IPCA calculado fora do intervalo plausível (67.0%) para 2024 — usando fallback
2026-04-28 09:38:06,087 [WARNING] pipeline.macro: IPCA calculado fora do intervalo plausível (80.0%) para 2025 — usando fallback
2026-04-28 09:38:06,087 [INFO] pipeline.macro: Baixando série BCB 258...
2026-04-28 09:38:06,197 [ERROR] pipeline.macro: Erro ao baixar série BCB 258: 406 Client Error: Not Acceptable for url: https://api.bcb.gov.br/dados/serie/bcdata.sgs.258/dados?formato=json&dataInicial=01%2F01%2F2010&dataFinal=28%2F04%2F2026
2026-04-28 09:38:06,198 [WARNING] pipeline.macro: Série TJLP sem DatetimeIndex — usando fallback histórico
2026-04-28 09:38:06,198 [INFO] pipeline.macro: Baixando série BCB 29039...
2026-04-28 09:38:06,352 [INFO] pipeline.macro:   Série 29039: 195 observações (2010-01-01 → 2026-03-01)
2026-04-28 09:38:06,355 [INFO] pipeline.macro: Baixando série BCB 13522...
2026-04-28 09:38:06,539 [INFO] pipeline.macro:   Série 13522: 195 observações (2010-01-01 → 2026-03-01)
2026-04-28 09:38:06,540 [WARNING] pipeline.macro: IPCA calculado fora do intervalo plausível (46.1%) para 2020 — usando fallback
2026-04-28 09:38:06,540 [WARNING] pipeline.macro: IPCA calculado fora do intervalo plausível (159.3%) para 2021 — usando fallback
2026-04-28 09:38:06,541 [WARNING] pipeline.macro: IPCA calculado fora do intervalo plausível (191.2%) para 2022 — usando fallback
2026-04-28 09:38:06,541 [WARNING] pipeline.macro: IPCA calculado fora do intervalo plausível (71.5%) para 2023 — usando fallback
2026-04-28 09:38:06,541 [WARNING] pipeline.macro: IPCA calculado fora do intervalo plausível (67.0%) para 2024 — usando fallback
2026-04-28 09:38:06,542 [WARNING] pipeline.macro: IPCA calculado fora do intervalo plausível (80.0%) para 2025 — usando fallback
2026-04-28 09:38:06,542 [INFO] pipeline.macro: 
RESUMO MACRO HISTÓRICO:
2026-04-28 09:38:06,542 [INFO] pipeline.macro:   selic_meta     : 2021: 9.25% | 2022: 13.75% | 2023: 11.75% | 2024: 11.75% | 2025: 10.00%
2026-04-28 09:38:06,542 [INFO] pipeline.macro:   selic_efet     : 2021: 4.48% | 2022: 12.33% | 2023: 13.15% | 2024: 10.73% | 2025: 10.50%
2026-04-28 09:38:06,542 [INFO] pipeline.macro:   ipca           : 2021: 10.06% | 2022: 5.62% | 2023: 4.62% | 2024: 4.83% | 2025: 4.50%
2026-04-28 09:38:06,542 [INFO] pipeline.macro:   tjlp           : 2021: 5.25% | 2022: 6.25% | 2023: 7.00% | 2024: 7.00% | 2025: 6.50%
2026-04-28 09:38:06,542 [INFO] pipeline.macro:   cds            : 2021: 0.73% | 2022: 1.26% | 2023: 0.84% | 2024: 0.81% | 2025: 0.76%
2026-04-28 09:38:06,542 [INFO] pipeline.macro:   inflacao_impl  : 2021: 10.06% | 2022: 5.62% | 2023: 4.62% | 2024: 4.83% | 2025: 4.50%
2026-04-28 09:38:06,542 [INFO] pipeline: 
[3/6] Baixando demonstrações financeiras (CVM)...
2026-04-28 09:38:06,543 [INFO] pipeline.cvm: 
==================================================
2026-04-28 09:38:06,543 [INFO] pipeline.cvm: Baixando DFP 2020...
2026-04-28 09:38:06,543 [INFO] pipeline.cvm: Baixando: https://dados.cvm.gov.br/dados/CIA_ABERTA/DOC/DFP/DADOS/dfp_cia_aberta_2020.zip
2026-04-28 09:38:11,104 [INFO] pipeline.cvm:   DFP dre 2020: 76 linhas
2026-04-28 09:38:11,104 [INFO] pipeline.cvm: Baixando: https://dados.cvm.gov.br/dados/CIA_ABERTA/DOC/DFP/DADOS/dfp_cia_aberta_2020.zip
2026-04-28 09:38:17,363 [INFO] pipeline.cvm:   DFP bpa 2020: 144 linhas
2026-04-28 09:38:17,363 [INFO] pipeline.cvm: Baixando: https://dados.cvm.gov.br/dados/CIA_ABERTA/DOC/DFP/DADOS/dfp_cia_aberta_2020.zip
2026-04-28 09:38:25,182 [INFO] pipeline.cvm:   DFP bpp 2020: 258 linhas
2026-04-28 09:38:25,182 [INFO] pipeline.cvm: Baixando: https://dados.cvm.gov.br/dados/CIA_ABERTA/DOC/DFP/DADOS/dfp_cia_aberta_2020.zip
2026-04-28 09:38:31,203 [INFO] pipeline.cvm:   DFP dfc_mi 2020: 114 linhas
2026-04-28 09:38:31,203 [INFO] pipeline.cvm: Baixando: https://dados.cvm.gov.br/dados/CIA_ABERTA/DOC/DFP/DADOS/dfp_cia_aberta_2020.zip
2026-04-28 09:38:35,570 [WARNING] pipeline.cvm:   Empresa 24805 não encontrada em dfc_md 2020
2026-04-28 09:38:35,570 [INFO] pipeline.cvm: 
==================================================
2026-04-28 09:38:35,570 [INFO] pipeline.cvm: Baixando DFP 2021...
2026-04-28 09:38:35,570 [INFO] pipeline.cvm: Baixando: https://dados.cvm.gov.br/dados/CIA_ABERTA/DOC/DFP/DADOS/dfp_cia_aberta_2021.zip
2026-04-28 09:38:41,181 [INFO] pipeline.cvm:   DFP dre 2021: 78 linhas
2026-04-28 09:38:41,181 [INFO] pipeline.cvm: Baixando: https://dados.cvm.gov.br/dados/CIA_ABERTA/DOC/DFP/DADOS/dfp_cia_aberta_2021.zip
2026-04-28 09:38:47,281 [INFO] pipeline.cvm:   DFP bpa 2021: 144 linhas
2026-04-28 09:38:47,281 [INFO] pipeline.cvm: Baixando: https://dados.cvm.gov.br/dados/CIA_ABERTA/DOC/DFP/DADOS/dfp_cia_aberta_2021.zip
2026-04-28 09:38:53,912 [INFO] pipeline.cvm:   DFP bpp 2021: 258 linhas
2026-04-28 09:38:53,913 [INFO] pipeline.cvm: Baixando: https://dados.cvm.gov.br/dados/CIA_ABERTA/DOC/DFP/DADOS/dfp_cia_aberta_2021.zip
2026-04-28 09:38:58,028 [INFO] pipeline.cvm:   DFP dfc_mi 2021: 116 linhas
2026-04-28 09:38:58,030 [INFO] pipeline.cvm: Baixando: https://dados.cvm.gov.br/dados/CIA_ABERTA/DOC/DFP/DADOS/dfp_cia_aberta_2021.zip
2026-04-28 09:39:00,077 [WARNING] pipeline.cvm:   Empresa 24805 não encontrada em dfc_md 2021
2026-04-28 09:39:00,078 [INFO] pipeline.cvm: 
==================================================
2026-04-28 09:39:00,078 [INFO] pipeline.cvm: Baixando DFP 2022...
2026-04-28 09:39:00,078 [INFO] pipeline.cvm: Baixando: https://dados.cvm.gov.br/dados/CIA_ABERTA/DOC/DFP/DADOS/dfp_cia_aberta_2022.zip
2026-04-28 09:39:04,164 [INFO] pipeline.cvm:   DFP dre 2022: 78 linhas
2026-04-28 09:39:04,164 [INFO] pipeline.cvm: Baixando: https://dados.cvm.gov.br/dados/CIA_ABERTA/DOC/DFP/DADOS/dfp_cia_aberta_2022.zip
2026-04-28 09:39:09,989 [INFO] pipeline.cvm:   DFP bpa 2022: 144 linhas
2026-04-28 09:39:09,989 [INFO] pipeline.cvm: Baixando: https://dados.cvm.gov.br/dados/CIA_ABERTA/DOC/DFP/DADOS/dfp_cia_aberta_2022.zip
2026-04-28 09:39:17,922 [INFO] pipeline.cvm:   DFP bpp 2022: 268 linhas
2026-04-28 09:39:17,923 [INFO] pipeline.cvm: Baixando: https://dados.cvm.gov.br/dados/CIA_ABERTA/DOC/DFP/DADOS/dfp_cia_aberta_2022.zip
2026-04-28 09:39:22,500 [INFO] pipeline.cvm:   DFP dfc_mi 2022: 120 linhas
2026-04-28 09:39:22,500 [INFO] pipeline.cvm: Baixando: https://dados.cvm.gov.br/dados/CIA_ABERTA/DOC/DFP/DADOS/dfp_cia_aberta_2022.zip
2026-04-28 09:39:25,134 [WARNING] pipeline.cvm:   Empresa 24805 não encontrada em dfc_md 2022
2026-04-28 09:39:25,134 [INFO] pipeline.cvm: 
==================================================
2026-04-28 09:39:25,134 [INFO] pipeline.cvm: Baixando DFP 2023...
2026-04-28 09:39:25,134 [INFO] pipeline.cvm: Baixando: https://dados.cvm.gov.br/dados/CIA_ABERTA/DOC/DFP/DADOS/dfp_cia_aberta_2023.zip
2026-04-28 09:39:28,599 [INFO] pipeline.cvm:   DFP dre 2023: 78 linhas
2026-04-28 09:39:28,600 [INFO] pipeline.cvm: Baixando: https://dados.cvm.gov.br/dados/CIA_ABERTA/DOC/DFP/DADOS/dfp_cia_aberta_2023.zip
2026-04-28 09:39:33,071 [INFO] pipeline.cvm:   DFP bpa 2023: 144 linhas
2026-04-28 09:39:33,071 [INFO] pipeline.cvm: Baixando: https://dados.cvm.gov.br/dados/CIA_ABERTA/DOC/DFP/DADOS/dfp_cia_aberta_2023.zip
2026-04-28 09:39:40,348 [INFO] pipeline.cvm:   DFP bpp 2023: 268 linhas
2026-04-28 09:39:40,348 [INFO] pipeline.cvm: Baixando: https://dados.cvm.gov.br/dados/CIA_ABERTA/DOC/DFP/DADOS/dfp_cia_aberta_2023.zip
2026-04-28 09:39:45,171 [INFO] pipeline.cvm:   DFP dfc_mi 2023: 124 linhas
2026-04-28 09:39:45,171 [INFO] pipeline.cvm: Baixando: https://dados.cvm.gov.br/dados/CIA_ABERTA/DOC/DFP/DADOS/dfp_cia_aberta_2023.zip
2026-04-28 09:39:47,633 [WARNING] pipeline.cvm:   Empresa 24805 não encontrada em dfc_md 2023
2026-04-28 09:39:47,633 [INFO] pipeline.cvm: 
==================================================
2026-04-28 09:39:47,633 [INFO] pipeline.cvm: Baixando DFP 2024...
2026-04-28 09:39:47,633 [INFO] pipeline.cvm: Baixando: https://dados.cvm.gov.br/dados/CIA_ABERTA/DOC/DFP/DADOS/dfp_cia_aberta_2024.zip
2026-04-28 09:39:50,813 [INFO] pipeline.cvm:   DFP dre 2024: 78 linhas
2026-04-28 09:39:50,813 [INFO] pipeline.cvm: Baixando: https://dados.cvm.gov.br/dados/CIA_ABERTA/DOC/DFP/DADOS/dfp_cia_aberta_2024.zip
2026-04-28 09:39:55,036 [INFO] pipeline.cvm:   DFP bpa 2024: 148 linhas
2026-04-28 09:39:55,036 [INFO] pipeline.cvm: Baixando: https://dados.cvm.gov.br/dados/CIA_ABERTA/DOC/DFP/DADOS/dfp_cia_aberta_2024.zip
2026-04-28 09:40:01,536 [INFO] pipeline.cvm:   DFP bpp 2024: 270 linhas
2026-04-28 09:40:01,536 [INFO] pipeline.cvm: Baixando: https://dados.cvm.gov.br/dados/CIA_ABERTA/DOC/DFP/DADOS/dfp_cia_aberta_2024.zip
2026-04-28 09:40:08,622 [INFO] pipeline.cvm:   DFP dfc_mi 2024: 128 linhas
2026-04-28 09:40:08,622 [INFO] pipeline.cvm: Baixando: https://dados.cvm.gov.br/dados/CIA_ABERTA/DOC/DFP/DADOS/dfp_cia_aberta_2024.zip
2026-04-28 09:40:16,894 [WARNING] pipeline.cvm:   Empresa 24805 não encontrada em dfc_md 2024
2026-04-28 09:40:16,895 [INFO] pipeline.cvm: 
==================================================
2026-04-28 09:40:16,895 [INFO] pipeline.cvm: Baixando DFP 2025...
2026-04-28 09:40:16,895 [INFO] pipeline.cvm: Baixando: https://dados.cvm.gov.br/dados/CIA_ABERTA/DOC/DFP/DADOS/dfp_cia_aberta_2025.zip
2026-04-28 09:40:23,843 [INFO] pipeline.cvm:   DFP dre 2025: 78 linhas
2026-04-28 09:40:23,843 [INFO] pipeline.cvm: Baixando: https://dados.cvm.gov.br/dados/CIA_ABERTA/DOC/DFP/DADOS/dfp_cia_aberta_2025.zip
2026-04-28 09:40:34,074 [INFO] pipeline.cvm:   DFP bpa 2025: 148 linhas
2026-04-28 09:40:34,074 [INFO] pipeline.cvm: Baixando: https://dados.cvm.gov.br/dados/CIA_ABERTA/DOC/DFP/DADOS/dfp_cia_aberta_2025.zip
2026-04-28 09:40:44,324 [INFO] pipeline.cvm:   DFP bpp 2025: 270 linhas
2026-04-28 09:40:44,324 [INFO] pipeline.cvm: Baixando: https://dados.cvm.gov.br/dados/CIA_ABERTA/DOC/DFP/DADOS/dfp_cia_aberta_2025.zip
2026-04-28 09:40:49,920 [INFO] pipeline.cvm:   DFP dfc_mi 2025: 136 linhas
2026-04-28 09:40:49,921 [INFO] pipeline.cvm: Baixando: https://dados.cvm.gov.br/dados/CIA_ABERTA/DOC/DFP/DADOS/dfp_cia_aberta_2025.zip
2026-04-28 09:40:52,074 [WARNING] pipeline.cvm:   Empresa 24805 não encontrada em dfc_md 2025
2026-04-28 09:40:52,074 [INFO] pipeline: 
[4/6] Normalizando dados...
2026-04-28 09:40:54,063 [INFO] pipeline:   DFC normalizada: 11 linhas
2026-04-28 09:40:54,066 [INFO] pipeline:   DRE normalizada:
2026-04-28 09:40:54,067 [INFO] pipeline:     receita_liquida: 2020: 1,047,547 | 2021: 1,466,387 | 2022: 1,843,735 | 2023: 2,186,975 | 2024: 2,577,113 | 2025: 3,026,582
2026-04-28 09:40:54,067 [INFO] pipeline:     ebit: 2020: 205,079 | 2021: 294,686 | 2022: 376,372 | 2023: 450,646 | 2024: 683,585 | 2025: 726,321
2026-04-28 09:40:54,067 [INFO] pipeline:     lucro_liquido: 2020: 146,672 | 2021: 298,490 | 2022: 360,854 | 2023: 369,245 | 2024: 653,394 | 2025: 619,502
2026-04-28 09:40:54,067 [INFO] pipeline: 
[5/6] Calculando projeções...
2026-04-28 09:40:54,068 [INFO] pipeline.projecoes: 
=== Projeções (não-financeira / FCFF) ===
2026-04-28 09:40:54,069 [INFO] pipeline.projecoes:   Margem EBITDA: 26.3% → 24.0% (conv 6a)
2026-04-28 09:40:54,069 [INFO] pipeline.projecoes:   D&A/Receita: 2.3%
2026-04-28 09:40:54,070 [INFO] pipeline.projecoes:   CAPEX/Receita: 5.8% → 3.0%
2026-04-28 09:40:54,071 [INFO] pipeline.projecoes:   NCG/Receita: 69.3% → 15.0%
2026-04-28 09:40:54,074 [INFO] pipeline.projecoes:   Alíquota efetiva: 15.0%
2026-04-28 09:40:54,074 [INFO] pipeline.projecoes: Projeções concluídas (FCFF). Resumo:
2026-04-28 09:40:54,074 [INFO] pipeline.projecoes:    Ano      Receita     EBITDA    Mg%      NOPAT       FCFF
2026-04-28 09:40:54,074 [INFO] pipeline.projecoes:   2026    3,256,097    843,864  25.9%    676,528    955,488
2026-04-28 09:40:54,074 [INFO] pipeline.projecoes:   2027    3,489,451    890,967  25.5%    713,225    874,543
2026-04-28 09:40:54,074 [INFO] pipeline.projecoes:   2028    3,724,989    936,830  25.1%    748,784    975,147
2026-04-28 09:40:54,074 [INFO] pipeline.projecoes:   2029    3,960,905    980,980  24.8%    782,827  1,078,021
2026-04-28 09:40:54,075 [INFO] pipeline.projecoes:   2030    4,195,258  1,022,942  24.4%    814,972  1,182,041
2026-04-28 09:40:54,075 [INFO] pipeline.valuation:   Estrutura de capital: E=20% | D=80%
2026-04-28 09:40:54,075 [INFO] pipeline: 
[6/6] Calculando valuation (FCFF / WACC)...
2026-04-28 09:40:54,075 [WARNING] pipeline.valuation: TIR > 150% — valor intrínseco muito acima do preço de mercado
2026-04-28 09:40:54,075 [WARNING] pipeline.valuation: TIR > 150% — valor intrínseco muito acima do preço de mercado
2026-04-28 09:40:54,075 [INFO] pipeline.valuation: 
==================================================
2026-04-28 09:40:54,075 [INFO] pipeline.valuation: VALUATION FCFF/WACC — VIVA3
2026-04-28 09:40:54,075 [INFO] pipeline.valuation:   VP FCFF (10a):     R$    5,540,115 MM
2026-04-28 09:40:54,075 [INFO] pipeline.valuation:   Valor Perp. (VP):  R$    8,946,263 MM
2026-04-28 09:40:54,075 [INFO] pipeline.valuation:   ENTERPRISE VALUE:  R$   14,486,378 MM
2026-04-28 09:40:54,076 [INFO] pipeline.valuation:   (-) Dívida Líq.:   R$      132,631 MM
2026-04-28 09:40:54,076 [INFO] pipeline.valuation:   VALOR DO EQUITY:   R$   14,353,747 MM
2026-04-28 09:40:54,076 [INFO] pipeline.valuation:   Preço Justo ON:    R$ 61061.11
2026-04-28 09:40:54,076 [INFO] pipeline.valuation:   Preço Justo PN:    R$ 61061.11
2026-04-28 09:40:54,076 [INFO] pipeline.valuation:   Cotação ON:        R$    25.46
2026-04-28 09:40:54,076 [INFO] pipeline.valuation:   Upside ON:            239731.5%
2026-04-28 09:40:54,076 [INFO] pipeline.valuation:   TIR (ON):               150.0%
2026-04-28 09:40:54,076 [INFO] pipeline.valuation:   WACC último ano:          9.7%
2026-04-28 09:40:54,079 [INFO] pipeline:   Sem template VAROS para VIVA3 — Excel será criado do zero
2026-04-28 09:40:54,079 [INFO] pipeline.excel_geral: 
============================================================
2026-04-28 09:40:54,079 [INFO] pipeline.excel_geral: Criando Excel completo (12 abas) para: Vivara (VIVA3)
2026-04-28 09:40:54,081 [INFO] pipeline.excel_geral:   → 1/12  Dashboard
2026-04-28 09:40:54,095 [INFO] pipeline.excel_geral:   → 2/12  WACC
2026-04-28 09:40:54,134 [INFO] pipeline.excel_geral:   → 3/12  TIR ON
2026-04-28 09:40:54,145 [INFO] pipeline.excel_geral:   → 4/12  TIR PN
2026-04-28 09:40:54,156 [INFO] pipeline.excel_geral:   → 5/12  Valor do Equity
2026-04-28 09:40:54,162 [INFO] pipeline.excel_geral:   → 6/12  Preço Teto
2026-04-28 09:40:54,169 [INFO] pipeline.excel_geral:   → 7/12  DRE + DCF
2026-04-28 09:40:54,297 [INFO] pipeline.excel_geral:   → 8/12  DRE Contas Abertas
2026-04-28 09:40:54,392 [INFO] pipeline.excel_geral:   → 9/12  Balanço Patrimonial
2026-04-28 09:40:54,446 [INFO] pipeline.excel_geral:   → 10/12 Painel de Índices
2026-04-28 09:40:54,531 [INFO] pipeline.excel_geral:   → 11/12 Projeções Premissas
2026-04-28 09:40:54,558 [INFO] pipeline.excel_geral:   → 12/12 Projeções Capex e CG
2026-04-28 09:40:54,664 [INFO] pipeline.excel_geral: 
Arquivo salvo: C:\Users\55819\OneDrive - EPEJUD\DIEGO\OBSIDIAN\Analista de Investimentos\12_PYTHON\pipeline banco completo\outputs\Valuation_VIVA3_Vivara_20260428.xlsx
2026-04-28 09:40:54,664 [INFO] pipeline: 
======================================================================
2026-04-28 09:40:54,664 [INFO] pipeline: RESUMO DO VALUATION (FCFF/WACC)
2026-04-28 09:40:54,664 [INFO] pipeline: ======================================================================
2026-04-28 09:40:54,664 [INFO] pipeline:   Empresa:           Vivara (VIVA3)
2026-04-28 09:40:54,664 [INFO] pipeline:   Enterprise Value:  R$   14,486,378 MM
2026-04-28 09:40:54,664 [INFO] pipeline:   Cotação ON:        R$ 25.46
2026-04-28 09:40:54,664 [INFO] pipeline:   Preço Justo ON:    R$ 61061.11
2026-04-28 09:40:54,665 [INFO] pipeline:   Upside ON:            239731.5%
2026-04-28 09:40:54,665 [INFO] pipeline:   TIR:                  150.0%
2026-04-28 09:40:54,665 [INFO] pipeline:   Preço Teto ON:     R$ 61061.12
2026-04-28 09:40:54,665 [INFO] pipeline: 
  Arquivo gerado:    C:\Users\55819\OneDrive - EPEJUD\DIEGO\OBSIDIAN\Analista de Investimentos\12_PYTHON\pipeline banco completo\outputs\Valuation_VIVA3_Vivara_20260428.xlsx
2026-04-28 09:40:54,665 [INFO] pipeline: ======================================================================
2026-04-28 09:40:54,667 [INFO] pipeline: ✓ VIVA3: arquivo gerado → C:\Users\55819\OneDrive - EPEJUD\DIEGO\OBSIDIAN\Analista de Investimentos\12_PYTHON\pipeline banco completo\outputs\Valuation_VIVA3_Vivara_20260428.xlsx
2026-04-28 09:40:54,667 [INFO] pipeline: 
──────────────────────────────────────────────────────────────────────
2026-04-28 09:40:54,668 [INFO] pipeline: Processando: SBFG3 (SBF Group (Centauro))
2026-04-28 09:40:54,668 [INFO] pipeline: ──────────────────────────────────────────────────────────────────────
2026-04-28 09:40:54,668 [INFO] pipeline: ======================================================================
2026-04-28 09:40:54,668 [INFO] pipeline: PIPELINE DE VALUATION [CONSUMO_VAREJO] — SBFG3 — SBF Group (Centauro)
2026-04-28 09:40:54,668 [INFO] pipeline: Início: 2026-04-28 09:40:54
2026-04-28 09:40:54,669 [INFO] pipeline:   Setor: consumo_varejo | Motor: WACC
2026-04-28 09:40:54,669 [INFO] pipeline: ======================================================================
2026-04-28 09:40:54,669 [INFO] pipeline: 
[1/6] Coletando dados de mercado...
2026-04-28 09:40:54,670 [INFO] pipeline:   Buscando cotação via yfinance...
2026-04-28 09:40:54,670 [INFO] pipeline.mercado: Buscando cotação atual: SBFG3.SA
2026-04-28 09:40:55,982 [INFO] pipeline:   Cotação ON: R$ 11.55  |  Cotação PN: R$ 0.00
2026-04-28 09:40:56,106 [INFO] pipeline.mercado: Calculando beta: SBFG3 (252 dias úteis)
2026-04-28 09:40:56,106 [INFO] pipeline.mercado: Baixando preços: SBFG3.SA (2019-01-01 → 2026-04-28)
2026-04-28 09:40:56,754 [INFO] pipeline.mercado:   1748 dias de preços carregados
2026-04-28 09:40:56,755 [INFO] pipeline.mercado: Baixando preços: ^BVSP (2019-01-01 → 2026-04-28)
2026-04-28 09:40:56,799 [INFO] pipeline.mercado:   1820 dias de preços carregados
2026-04-28 09:40:56,805 [INFO] pipeline.mercado:   Beta estatístico: 1.6658 | R²: 0.405 | n=251
2026-04-28 09:40:56,809 [INFO] pipeline:   Beta estatístico: 1.666 | Beta utilizado: 0.850
2026-04-28 09:40:56,810 [INFO] pipeline: 
[2/6] Coletando dados macroeconômicos (BCB)...
2026-04-28 09:40:57,099 [WARNING] pipeline.macro: Não foi possível obter Focus Selic: 400 Client Error: Bad Request for url: https://olinda.bcb.gov.br/olinda/servico/Expectativas/versao/v1/odata/ExpectativasMercadoAnuais?%24filter=Indicador%20eq%20'Selic'&%24top=100&%24format=json&%24select=Indicador,Data,Ano,Mediana
2026-04-28 09:40:57,384 [WARNING] pipeline.macro: Não foi possível obter Focus IPCA: 400 Client Error: Bad Request for url: https://olinda.bcb.gov.br/olinda/servico/Expectativas/versao/v1/odata/ExpectativasMercadoAnuais?%24filter=Indicador%20eq%20'IPCA'&%24top=100&%24format=json&%24select=Indicador,Data,Ano,Mediana
2026-04-28 09:40:57,385 [INFO] pipeline.macro: 
=== Coletando dados macroeconômicos ===
2026-04-28 09:40:57,386 [INFO] pipeline.macro: Baixando série BCB 432...
2026-04-28 09:40:57,685 [ERROR] pipeline.macro: Erro ao baixar série BCB 432: 406 Client Error: Not Acceptable for url: https://api.bcb.gov.br/dados/serie/bcdata.sgs.432/dados?formato=json&dataInicial=01%2F01%2F2010&dataFinal=28%2F04%2F2026
2026-04-28 09:40:57,686 [WARNING] pipeline.macro: Série Selic meta sem DatetimeIndex — usando fallback histórico
2026-04-28 09:40:57,686 [INFO] pipeline.macro: Baixando série BCB 12...
2026-04-28 09:40:57,790 [ERROR] pipeline.macro: Erro ao baixar série BCB 12: 406 Client Error: Not Acceptable for url: https://api.bcb.gov.br/dados/serie/bcdata.sgs.12/dados?formato=json&dataInicial=01%2F01%2F2010&dataFinal=28%2F04%2F2026
2026-04-28 09:40:57,791 [WARNING] pipeline.macro: Série DI sem DatetimeIndex — usando fallback histórico
2026-04-28 09:40:57,791 [INFO] pipeline.macro: Baixando série BCB 13522...
2026-04-28 09:40:57,911 [INFO] pipeline.macro:   Série 13522: 195 observações (2010-01-01 → 2026-03-01)
2026-04-28 09:40:57,912 [WARNING] pipeline.macro: IPCA calculado fora do intervalo plausível (46.1%) para 2020 — usando fallback
2026-04-28 09:40:57,912 [WARNING] pipeline.macro: IPCA calculado fora do intervalo plausível (159.3%) para 2021 — usando fallback
2026-04-28 09:40:57,913 [WARNING] pipeline.macro: IPCA calculado fora do intervalo plausível (191.2%) para 2022 — usando fallback
2026-04-28 09:40:57,914 [WARNING] pipeline.macro: IPCA calculado fora do intervalo plausível (71.5%) para 2023 — usando fallback
2026-04-28 09:40:57,914 [WARNING] pipeline.macro: IPCA calculado fora do intervalo plausível (67.0%) para 2024 — usando fallback
2026-04-28 09:40:57,915 [WARNING] pipeline.macro: IPCA calculado fora do intervalo plausível (80.0%) para 2025 — usando fallback
2026-04-28 09:40:57,915 [INFO] pipeline.macro: Baixando série BCB 258...
2026-04-28 09:40:58,022 [ERROR] pipeline.macro: Erro ao baixar série BCB 258: 406 Client Error: Not Acceptable for url: https://api.bcb.gov.br/dados/serie/bcdata.sgs.258/dados?formato=json&dataInicial=01%2F01%2F2010&dataFinal=28%2F04%2F2026
2026-04-28 09:40:58,022 [WARNING] pipeline.macro: Série TJLP sem DatetimeIndex — usando fallback histórico
2026-04-28 09:40:58,022 [INFO] pipeline.macro: Baixando série BCB 29039...
2026-04-28 09:40:58,154 [INFO] pipeline.macro:   Série 29039: 195 observações (2010-01-01 → 2026-03-01)
2026-04-28 09:40:58,156 [INFO] pipeline.macro: Baixando série BCB 13522...
2026-04-28 09:40:58,272 [INFO] pipeline.macro:   Série 13522: 195 observações (2010-01-01 → 2026-03-01)
2026-04-28 09:40:58,272 [WARNING] pipeline.macro: IPCA calculado fora do intervalo plausível (46.1%) para 2020 — usando fallback
2026-04-28 09:40:58,273 [WARNING] pipeline.macro: IPCA calculado fora do intervalo plausível (159.3%) para 2021 — usando fallback
2026-04-28 09:40:58,274 [WARNING] pipeline.macro: IPCA calculado fora do intervalo plausível (191.2%) para 2022 — usando fallback
2026-04-28 09:40:58,275 [WARNING] pipeline.macro: IPCA calculado fora do intervalo plausível (71.5%) para 2023 — usando fallback
2026-04-28 09:40:58,275 [WARNING] pipeline.macro: IPCA calculado fora do intervalo plausível (67.0%) para 2024 — usando fallback
2026-04-28 09:40:58,276 [WARNING] pipeline.macro: IPCA calculado fora do intervalo plausível (80.0%) para 2025 — usando fallback
2026-04-28 09:40:58,276 [INFO] pipeline.macro: 
RESUMO MACRO HISTÓRICO:
2026-04-28 09:40:58,276 [INFO] pipeline.macro:   selic_meta     : 2021: 9.25% | 2022: 13.75% | 2023: 11.75% | 2024: 11.75% | 2025: 10.00%
2026-04-28 09:40:58,276 [INFO] pipeline.macro:   selic_efet     : 2021: 4.48% | 2022: 12.33% | 2023: 13.15% | 2024: 10.73% | 2025: 10.50%
2026-04-28 09:40:58,276 [INFO] pipeline.macro:   ipca           : 2021: 10.06% | 2022: 5.62% | 2023: 4.62% | 2024: 4.83% | 2025: 4.50%
2026-04-28 09:40:58,276 [INFO] pipeline.macro:   tjlp           : 2021: 5.25% | 2022: 6.25% | 2023: 7.00% | 2024: 7.00% | 2025: 6.50%
2026-04-28 09:40:58,277 [INFO] pipeline.macro:   cds            : 2021: 0.73% | 2022: 1.26% | 2023: 0.84% | 2024: 0.81% | 2025: 0.76%
2026-04-28 09:40:58,277 [INFO] pipeline.macro:   inflacao_impl  : 2021: 10.06% | 2022: 5.62% | 2023: 4.62% | 2024: 4.83% | 2025: 4.50%
2026-04-28 09:40:58,277 [INFO] pipeline: 
[3/6] Baixando demonstrações financeiras (CVM)...
2026-04-28 09:40:58,277 [INFO] pipeline.cvm: 
==================================================
2026-04-28 09:40:58,278 [INFO] pipeline.cvm: Baixando DFP 2020...
2026-04-28 09:40:58,278 [INFO] pipeline.cvm: Baixando: https://dados.cvm.gov.br/dados/CIA_ABERTA/DOC/DFP/DADOS/dfp_cia_aberta_2020.zip
2026-04-28 09:41:01,886 [INFO] pipeline.cvm:   DFP dre 2020: 60 linhas
2026-04-28 09:41:01,887 [INFO] pipeline.cvm: Baixando: https://dados.cvm.gov.br/dados/CIA_ABERTA/DOC/DFP/DADOS/dfp_cia_aberta_2020.zip
2026-04-28 09:41:06,614 [INFO] pipeline.cvm:   DFP bpa 2020: 126 linhas
2026-04-28 09:41:06,615 [INFO] pipeline.cvm: Baixando: https://dados.cvm.gov.br/dados/CIA_ABERTA/DOC/DFP/DADOS/dfp_cia_aberta_2020.zip
2026-04-28 09:41:13,922 [INFO] pipeline.cvm:   DFP bpp 2020: 222 linhas
2026-04-28 09:41:13,922 [INFO] pipeline.cvm: Baixando: https://dados.cvm.gov.br/dados/CIA_ABERTA/DOC/DFP/DADOS/dfp_cia_aberta_2020.zip
2026-04-28 09:41:19,304 [INFO] pipeline.cvm:   DFP dfc_mi 2020: 118 linhas
2026-04-28 09:41:19,304 [INFO] pipeline.cvm: Baixando: https://dados.cvm.gov.br/dados/CIA_ABERTA/DOC/DFP/DADOS/dfp_cia_aberta_2020.zip
2026-04-28 09:41:22,573 [WARNING] pipeline.cvm:   Empresa 24694 não encontrada em dfc_md 2020
2026-04-28 09:41:22,574 [INFO] pipeline.cvm: 
==================================================
2026-04-28 09:41:22,574 [INFO] pipeline.cvm: Baixando DFP 2021...
2026-04-28 09:41:22,574 [INFO] pipeline.cvm: Baixando: https://dados.cvm.gov.br/dados/CIA_ABERTA/DOC/DFP/DADOS/dfp_cia_aberta_2021.zip
2026-04-28 09:41:27,575 [INFO] pipeline.cvm:   DFP dre 2021: 60 linhas
2026-04-28 09:41:27,575 [INFO] pipeline.cvm: Baixando: https://dados.cvm.gov.br/dados/CIA_ABERTA/DOC/DFP/DADOS/dfp_cia_aberta_2021.zip
2026-04-28 09:41:33,894 [INFO] pipeline.cvm:   DFP bpa 2021: 128 linhas
2026-04-28 09:41:33,894 [INFO] pipeline.cvm: Baixando: https://dados.cvm.gov.br/dados/CIA_ABERTA/DOC/DFP/DADOS/dfp_cia_aberta_2021.zip
2026-04-28 09:41:42,932 [INFO] pipeline.cvm:   DFP bpp 2021: 224 linhas
2026-04-28 09:41:42,932 [INFO] pipeline.cvm: Baixando: https://dados.cvm.gov.br/dados/CIA_ABERTA/DOC/DFP/DADOS/dfp_cia_aberta_2021.zip
2026-04-28 09:41:47,966 [INFO] pipeline.cvm:   DFP dfc_mi 2021: 132 linhas
2026-04-28 09:41:47,966 [INFO] pipeline.cvm: Baixando: https://dados.cvm.gov.br/dados/CIA_ABERTA/DOC/DFP/DADOS/dfp_cia_aberta_2021.zip
2026-04-28 09:41:51,846 [WARNING] pipeline.cvm:   Empresa 24694 não encontrada em dfc_md 2021
2026-04-28 09:41:51,847 [INFO] pipeline.cvm: 
==================================================
2026-04-28 09:41:51,847 [INFO] pipeline.cvm: Baixando DFP 2022...
2026-04-28 09:41:51,847 [INFO] pipeline.cvm: Baixando: https://dados.cvm.gov.br/dados/CIA_ABERTA/DOC/DFP/DADOS/dfp_cia_aberta_2022.zip
2026-04-28 09:41:56,977 [INFO] pipeline.cvm:   DFP dre 2022: 60 linhas
2026-04-28 09:41:56,977 [INFO] pipeline.cvm: Baixando: https://dados.cvm.gov.br/dados/CIA_ABERTA/DOC/DFP/DADOS/dfp_cia_aberta_2022.zip
2026-04-28 09:42:02,967 [INFO] pipeline.cvm:   DFP bpa 2022: 128 linhas
2026-04-28 09:42:02,968 [INFO] pipeline.cvm: Baixando: https://dados.cvm.gov.br/dados/CIA_ABERTA/DOC/DFP/DADOS/dfp_cia_aberta_2022.zip
2026-04-28 09:42:09,845 [INFO] pipeline.cvm:   DFP bpp 2022: 228 linhas
2026-04-28 09:42:09,845 [INFO] pipeline.cvm: Baixando: https://dados.cvm.gov.br/dados/CIA_ABERTA/DOC/DFP/DADOS/dfp_cia_aberta_2022.zip
2026-04-28 09:42:16,176 [INFO] pipeline.cvm:   DFP dfc_mi 2022: 132 linhas
2026-04-28 09:42:16,176 [INFO] pipeline.cvm: Baixando: https://dados.cvm.gov.br/dados/CIA_ABERTA/DOC/DFP/DADOS/dfp_cia_aberta_2022.zip
2026-04-28 09:42:20,279 [WARNING] pipeline.cvm:   Empresa 24694 não encontrada em dfc_md 2022
2026-04-28 09:42:20,279 [INFO] pipeline.cvm: 
==================================================
2026-04-28 09:42:20,279 [INFO] pipeline.cvm: Baixando DFP 2023...
2026-04-28 09:42:20,279 [INFO] pipeline.cvm: Baixando: https://dados.cvm.gov.br/dados/CIA_ABERTA/DOC/DFP/DADOS/dfp_cia_aberta_2023.zip
2026-04-28 09:42:28,070 [INFO] pipeline.cvm:   DFP dre 2023: 60 linhas
2026-04-28 09:42:28,070 [INFO] pipeline.cvm: Baixando: https://dados.cvm.gov.br/dados/CIA_ABERTA/DOC/DFP/DADOS/dfp_cia_aberta_2023.zip
2026-04-28 09:42:36,237 [INFO] pipeline.cvm:   DFP bpa 2023: 128 linhas
2026-04-28 09:42:36,237 [INFO] pipeline.cvm: Baixando: https://dados.cvm.gov.br/dados/CIA_ABERTA/DOC/DFP/DADOS/dfp_cia_aberta_2023.zip
2026-04-28 09:42:46,191 [INFO] pipeline.cvm:   DFP bpp 2023: 228 linhas
2026-04-28 09:42:46,191 [INFO] pipeline.cvm: Baixando: https://dados.cvm.gov.br/dados/CIA_ABERTA/DOC/DFP/DADOS/dfp_cia_aberta_2023.zip
2026-04-28 09:42:53,768 [INFO] pipeline.cvm:   DFP dfc_mi 2023: 132 linhas
2026-04-28 09:42:53,769 [INFO] pipeline.cvm: Baixando: https://dados.cvm.gov.br/dados/CIA_ABERTA/DOC/DFP/DADOS/dfp_cia_aberta_2023.zip
2026-04-28 09:42:57,937 [WARNING] pipeline.cvm:   Empresa 24694 não encontrada em dfc_md 2023
2026-04-28 09:42:57,937 [INFO] pipeline.cvm: 
==================================================
2026-04-28 09:42:57,937 [INFO] pipeline.cvm: Baixando DFP 2024...
2026-04-28 09:42:57,937 [INFO] pipeline.cvm: Baixando: https://dados.cvm.gov.br/dados/CIA_ABERTA/DOC/DFP/DADOS/dfp_cia_aberta_2024.zip
2026-04-28 09:43:01,403 [INFO] pipeline.cvm:   DFP dre 2024: 60 linhas
2026-04-28 09:43:01,403 [INFO] pipeline.cvm: Baixando: https://dados.cvm.gov.br/dados/CIA_ABERTA/DOC/DFP/DADOS/dfp_cia_aberta_2024.zip
2026-04-28 09:43:06,781 [INFO] pipeline.cvm:   DFP bpa 2024: 128 linhas
2026-04-28 09:43:06,781 [INFO] pipeline.cvm: Baixando: https://dados.cvm.gov.br/dados/CIA_ABERTA/DOC/DFP/DADOS/dfp_cia_aberta_2024.zip
2026-04-28 09:43:14,637 [INFO] pipeline.cvm:   DFP bpp 2024: 228 linhas
2026-04-28 09:43:14,637 [INFO] pipeline.cvm: Baixando: https://dados.cvm.gov.br/dados/CIA_ABERTA/DOC/DFP/DADOS/dfp_cia_aberta_2024.zip
2026-04-28 09:43:19,905 [INFO] pipeline.cvm:   DFP dfc_mi 2024: 134 linhas
2026-04-28 09:43:19,905 [INFO] pipeline.cvm: Baixando: https://dados.cvm.gov.br/dados/CIA_ABERTA/DOC/DFP/DADOS/dfp_cia_aberta_2024.zip
2026-04-28 09:43:22,559 [WARNING] pipeline.cvm:   Empresa 24694 não encontrada em dfc_md 2024
2026-04-28 09:43:22,559 [INFO] pipeline.cvm: 
==================================================
2026-04-28 09:43:22,560 [INFO] pipeline.cvm: Baixando DFP 2025...
2026-04-28 09:43:22,560 [INFO] pipeline.cvm: Baixando: https://dados.cvm.gov.br/dados/CIA_ABERTA/DOC/DFP/DADOS/dfp_cia_aberta_2025.zip
2026-04-28 09:43:26,964 [INFO] pipeline.cvm:   DFP dre 2025: 60 linhas
2026-04-28 09:43:26,965 [INFO] pipeline.cvm: Baixando: https://dados.cvm.gov.br/dados/CIA_ABERTA/DOC/DFP/DADOS/dfp_cia_aberta_2025.zip
2026-04-28 09:43:32,071 [INFO] pipeline.cvm:   DFP bpa 2025: 128 linhas
2026-04-28 09:43:32,071 [INFO] pipeline.cvm: Baixando: https://dados.cvm.gov.br/dados/CIA_ABERTA/DOC/DFP/DADOS/dfp_cia_aberta_2025.zip
2026-04-28 09:43:39,255 [INFO] pipeline.cvm:   DFP bpp 2025: 230 linhas
2026-04-28 09:43:39,255 [INFO] pipeline.cvm: Baixando: https://dados.cvm.gov.br/dados/CIA_ABERTA/DOC/DFP/DADOS/dfp_cia_aberta_2025.zip
2026-04-28 09:43:44,807 [INFO] pipeline.cvm:   DFP dfc_mi 2025: 126 linhas
2026-04-28 09:43:44,807 [INFO] pipeline.cvm: Baixando: https://dados.cvm.gov.br/dados/CIA_ABERTA/DOC/DFP/DADOS/dfp_cia_aberta_2025.zip
2026-04-28 09:43:47,737 [WARNING] pipeline.cvm:   Empresa 24694 não encontrada em dfc_md 2025
2026-04-28 09:43:47,738 [INFO] pipeline: 
[4/6] Normalizando dados...
2026-04-28 09:43:49,934 [INFO] pipeline:   DFC normalizada: 11 linhas
2026-04-28 09:43:49,938 [INFO] pipeline:   DRE normalizada:
2026-04-28 09:43:49,938 [INFO] pipeline:     receita_liquida: 2020: 2,407 | 2021: 5,110 | 2022: 6,261 | 2023: 6,989 | 2024: 7,152 | 2025: 7,736
2026-04-28 09:43:49,938 [INFO] pipeline:     ebit: 2020: -73 | 2021: 402 | 2022: 402 | 2023: 531 | 2024: 612 | 2025: 529
2026-04-28 09:43:49,938 [INFO] pipeline:     lucro_liquido: 2020: -113 | 2021: 498 | 2022: 205 | 2023: 169 | 2024: 536 | 2025: 328
2026-04-28 09:43:49,938 [INFO] pipeline: 
[5/6] Calculando projeções...
2026-04-28 09:43:49,939 [INFO] pipeline.projecoes: 
=== Projeções (não-financeira / FCFF) ===
2026-04-28 09:43:49,941 [INFO] pipeline.projecoes:   Margem EBITDA: 9.3% → 14.0% (conv 6a)
2026-04-28 09:43:49,942 [INFO] pipeline.projecoes:   D&A/Receita: 3.3%
2026-04-28 09:43:49,943 [INFO] pipeline.projecoes:   CAPEX/Receita: 3.8% → 4.0%
2026-04-28 09:43:49,944 [INFO] pipeline.projecoes:   NCG/Receita: 33.9% → 10.0%
2026-04-28 09:43:49,946 [INFO] pipeline.projecoes:   Alíquota efetiva: 15.0%
2026-04-28 09:43:49,947 [INFO] pipeline.projecoes: Projeções concluídas (FCFF). Resumo:
2026-04-28 09:43:49,947 [INFO] pipeline.projecoes:    Ano      Receita     EBITDA    Mg%      NOPAT       FCFF
2026-04-28 09:43:49,947 [INFO] pipeline.projecoes:   2026        8,323        842  10.1%        495        457
2026-04-28 09:43:49,947 [INFO] pipeline.projecoes:   2027        8,920        972  10.9%        591        792
2026-04-28 09:43:49,947 [INFO] pipeline.projecoes:   2028        9,522      1,111  11.7%        695        945
2026-04-28 09:43:49,947 [INFO] pipeline.projecoes:   2029       10,125      1,260  12.4%        808      1,108
2026-04-28 09:43:49,947 [INFO] pipeline.projecoes:   2030       10,724      1,418  13.2%        929      1,280
2026-04-28 09:43:49,948 [INFO] pipeline.valuation:   Estrutura de capital: E=54% | D=46%
2026-04-28 09:43:49,948 [INFO] pipeline: 
[6/6] Calculando valuation (FCFF / WACC)...
2026-04-28 09:43:49,949 [INFO] pipeline.valuation: 
==================================================
2026-04-28 09:43:49,949 [INFO] pipeline.valuation: VALUATION FCFF/WACC — SBFG3
2026-04-28 09:43:49,949 [INFO] pipeline.valuation:   VP FCFF (10a):     R$        5,222 MM
2026-04-28 09:43:49,949 [INFO] pipeline.valuation:   Valor Perp. (VP):  R$        8,173 MM
2026-04-28 09:43:49,949 [INFO] pipeline.valuation:   ENTERPRISE VALUE:  R$       13,395 MM
2026-04-28 09:43:49,950 [INFO] pipeline.valuation:   (-) Dívida Líq.:   R$        2,258 MM
2026-04-28 09:43:49,950 [INFO] pipeline.valuation:   VALOR DO EQUITY:   R$       11,137 MM
2026-04-28 09:43:49,950 [INFO] pipeline.valuation:   Preço Justo ON:    R$    48.37
2026-04-28 09:43:49,950 [INFO] pipeline.valuation:   Preço Justo PN:    R$    48.37
2026-04-28 09:43:49,950 [INFO] pipeline.valuation:   Cotação ON:        R$    11.55
2026-04-28 09:43:49,950 [INFO] pipeline.valuation:   Upside ON:              318.8%
2026-04-28 09:43:49,950 [INFO] pipeline.valuation:   TIR (ON):                33.0%
2026-04-28 09:43:49,950 [INFO] pipeline.valuation:   WACC último ano:         10.5%
2026-04-28 09:43:49,951 [INFO] pipeline:   Sem template VAROS para SBFG3 — Excel será criado do zero
2026-04-28 09:43:49,952 [INFO] pipeline.excel_geral: 
============================================================
2026-04-28 09:43:49,952 [INFO] pipeline.excel_geral: Criando Excel completo (12 abas) para: SBF Group (Centauro) (SBFG3)
2026-04-28 09:43:49,953 [INFO] pipeline.excel_geral:   → 1/12  Dashboard
2026-04-28 09:43:49,965 [INFO] pipeline.excel_geral:   → 2/12  WACC
2026-04-28 09:43:50,007 [INFO] pipeline.excel_geral:   → 3/12  TIR ON
2026-04-28 09:43:50,019 [INFO] pipeline.excel_geral:   → 4/12  TIR PN
2026-04-28 09:43:50,030 [INFO] pipeline.excel_geral:   → 5/12  Valor do Equity
2026-04-28 09:43:50,035 [INFO] pipeline.excel_geral:   → 6/12  Preço Teto
2026-04-28 09:43:50,045 [INFO] pipeline.excel_geral:   → 7/12  DRE + DCF
2026-04-28 09:43:50,174 [INFO] pipeline.excel_geral:   → 8/12  DRE Contas Abertas
2026-04-28 09:43:50,239 [INFO] pipeline.excel_geral:   → 9/12  Balanço Patrimonial
2026-04-28 09:43:50,287 [INFO] pipeline.excel_geral:   → 10/12 Painel de Índices
2026-04-28 09:43:50,357 [INFO] pipeline.excel_geral:   → 11/12 Projeções Premissas
2026-04-28 09:43:50,388 [INFO] pipeline.excel_geral:   → 12/12 Projeções Capex e CG
2026-04-28 09:43:50,499 [INFO] pipeline.excel_geral: 
Arquivo salvo: C:\Users\55819\OneDrive - EPEJUD\DIEGO\OBSIDIAN\Analista de Investimentos\12_PYTHON\pipeline banco completo\outputs\Valuation_SBFG3_SBF Group (Centauro)_20260428.xlsx
2026-04-28 09:43:50,499 [INFO] pipeline: 
======================================================================
2026-04-28 09:43:50,499 [INFO] pipeline: RESUMO DO VALUATION (FCFF/WACC)
2026-04-28 09:43:50,499 [INFO] pipeline: ======================================================================
2026-04-28 09:43:50,499 [INFO] pipeline:   Empresa:           SBF Group (Centauro) (SBFG3)
2026-04-28 09:43:50,499 [INFO] pipeline:   Enterprise Value:  R$       13,395 MM
2026-04-28 09:43:50,499 [INFO] pipeline:   Cotação ON:        R$ 11.55
2026-04-28 09:43:50,500 [INFO] pipeline:   Preço Justo ON:    R$ 48.37
2026-04-28 09:43:50,500 [INFO] pipeline:   Upside ON:            318.8%
2026-04-28 09:43:50,500 [INFO] pipeline:   TIR:                  33.0%
2026-04-28 09:43:50,500 [INFO] pipeline:   Preço Teto ON:     R$ 48.37
2026-04-28 09:43:50,500 [INFO] pipeline: 
  Arquivo gerado:    C:\Users\55819\OneDrive - EPEJUD\DIEGO\OBSIDIAN\Analista de Investimentos\12_PYTHON\pipeline banco completo\outputs\Valuation_SBFG3_SBF Group (Centauro)_20260428.xlsx
2026-04-28 09:43:50,500 [INFO] pipeline: ======================================================================
2026-04-28 09:43:50,503 [INFO] pipeline: ✓ SBFG3: arquivo gerado → C:\Users\55819\OneDrive - EPEJUD\DIEGO\OBSIDIAN\Analista de Investimentos\12_PYTHON\pipeline banco completo\outputs\Valuation_SBFG3_SBF Group (Centauro)_20260428.xlsx
2026-04-28 09:43:50,504 [INFO] pipeline: 
──────────────────────────────────────────────────────────────────────
2026-04-28 09:43:50,504 [INFO] pipeline: Processando: NTCO3 (Natura &Co)
2026-04-28 09:43:50,504 [INFO] pipeline: ──────────────────────────────────────────────────────────────────────
2026-04-28 09:43:50,504 [INFO] pipeline: ======================================================================
2026-04-28 09:43:50,505 [INFO] pipeline: PIPELINE DE VALUATION [CONSUMO_VAREJO] — NTCO3 — Natura &Co
2026-04-28 09:43:50,505 [INFO] pipeline: Início: 2026-04-28 09:43:50
2026-04-28 09:43:50,505 [INFO] pipeline:   Setor: consumo_varejo | Motor: WACC
2026-04-28 09:43:50,505 [INFO] pipeline: ======================================================================
2026-04-28 09:43:50,505 [INFO] pipeline: 
[1/6] Coletando dados de mercado...
2026-04-28 09:43:50,506 [INFO] pipeline:   Buscando cotação via yfinance...
2026-04-28 09:43:50,506 [INFO] pipeline.mercado: Buscando cotação atual: NTCO3.SA
2026-04-28 09:43:52,088 [INFO] pipeline:   Cotação ON: R$ 0.00  |  Cotação PN: R$ 0.00
2026-04-28 09:43:52,214 [INFO] pipeline.mercado: Calculando beta: NTCO3 (252 dias úteis)
2026-04-28 09:43:52,215 [INFO] pipeline.mercado: Baixando preços: NTCO3.SA (2019-01-01 → 2026-04-28)
2026-04-28 09:43:53,748 [ERROR] yfinance: $NTCO3.SA: possibly delisted; no timezone found
2026-04-28 09:43:53,751 [ERROR] yfinance: 
1 Failed download:
2026-04-28 09:43:53,751 [ERROR] yfinance: ['NTCO3.SA']: possibly delisted; no timezone found
2026-04-28 09:43:53,754 [WARNING] pipeline.mercado: Sem dados de preços para NTCO3.SA
2026-04-28 09:43:53,755 [INFO] pipeline.mercado: Baixando preços: ^BVSP (2019-01-01 → 2026-04-28)
2026-04-28 09:43:53,791 [INFO] pipeline.mercado:   1820 dias de preços carregados
2026-04-28 09:43:53,791 [WARNING] pipeline.mercado: Dados insuficientes para calcular beta
2026-04-28 09:43:53,791 [INFO] pipeline:   Beta estatístico: 0.850 | Beta utilizado: 0.850
2026-04-28 09:43:53,791 [INFO] pipeline: 
[2/6] Coletando dados macroeconômicos (BCB)...
2026-04-28 09:43:54,084 [WARNING] pipeline.macro: Não foi possível obter Focus Selic: 400 Client Error: Bad Request for url: https://olinda.bcb.gov.br/olinda/servico/Expectativas/versao/v1/odata/ExpectativasMercadoAnuais?%24filter=Indicador%20eq%20'Selic'&%24top=100&%24format=json&%24select=Indicador,Data,Ano,Mediana
2026-04-28 09:43:54,385 [WARNING] pipeline.macro: Não foi possível obter Focus IPCA: 400 Client Error: Bad Request for url: https://olinda.bcb.gov.br/olinda/servico/Expectativas/versao/v1/odata/ExpectativasMercadoAnuais?%24filter=Indicador%20eq%20'IPCA'&%24top=100&%24format=json&%24select=Indicador,Data,Ano,Mediana
2026-04-28 09:43:54,387 [INFO] pipeline.macro: 
=== Coletando dados macroeconômicos ===
2026-04-28 09:43:54,387 [INFO] pipeline.macro: Baixando série BCB 432...
2026-04-28 09:43:54,753 [ERROR] pipeline.macro: Erro ao baixar série BCB 432: 406 Client Error: Not Acceptable for url: https://api.bcb.gov.br/dados/serie/bcdata.sgs.432/dados?formato=json&dataInicial=01%2F01%2F2010&dataFinal=28%2F04%2F2026
2026-04-28 09:43:54,754 [WARNING] pipeline.macro: Série Selic meta sem DatetimeIndex — usando fallback histórico
2026-04-28 09:43:54,754 [INFO] pipeline.macro: Baixando série BCB 12...
2026-04-28 09:43:54,866 [ERROR] pipeline.macro: Erro ao baixar série BCB 12: 406 Client Error: Not Acceptable for url: https://api.bcb.gov.br/dados/serie/bcdata.sgs.12/dados?formato=json&dataInicial=01%2F01%2F2010&dataFinal=28%2F04%2F2026
2026-04-28 09:43:54,866 [WARNING] pipeline.macro: Série DI sem DatetimeIndex — usando fallback histórico
2026-04-28 09:43:54,866 [INFO] pipeline.macro: Baixando série BCB 13522...
2026-04-28 09:43:54,977 [INFO] pipeline.macro:   Série 13522: 195 observações (2010-01-01 → 2026-03-01)
2026-04-28 09:43:54,978 [WARNING] pipeline.macro: IPCA calculado fora do intervalo plausível (46.1%) para 2020 — usando fallback
2026-04-28 09:43:54,978 [WARNING] pipeline.macro: IPCA calculado fora do intervalo plausível (159.3%) para 2021 — usando fallback
2026-04-28 09:43:54,979 [WARNING] pipeline.macro: IPCA calculado fora do intervalo plausível (191.2%) para 2022 — usando fallback
2026-04-28 09:43:54,979 [WARNING] pipeline.macro: IPCA calculado fora do intervalo plausível (71.5%) para 2023 — usando fallback
2026-04-28 09:43:54,979 [WARNING] pipeline.macro: IPCA calculado fora do intervalo plausível (67.0%) para 2024 — usando fallback
2026-04-28 09:43:54,980 [WARNING] pipeline.macro: IPCA calculado fora do intervalo plausível (80.0%) para 2025 — usando fallback
2026-04-28 09:43:54,980 [INFO] pipeline.macro: Baixando série BCB 258...
2026-04-28 09:43:55,087 [ERROR] pipeline.macro: Erro ao baixar série BCB 258: 406 Client Error: Not Acceptable for url: https://api.bcb.gov.br/dados/serie/bcdata.sgs.258/dados?formato=json&dataInicial=01%2F01%2F2010&dataFinal=28%2F04%2F2026
2026-04-28 09:43:55,087 [WARNING] pipeline.macro: Série TJLP sem DatetimeIndex — usando fallback histórico
2026-04-28 09:43:55,087 [INFO] pipeline.macro: Baixando série BCB 29039...
2026-04-28 09:43:55,209 [INFO] pipeline.macro:   Série 29039: 195 observações (2010-01-01 → 2026-03-01)
2026-04-28 09:43:55,211 [INFO] pipeline.macro: Baixando série BCB 13522...
2026-04-28 09:43:55,349 [INFO] pipeline.macro:   Série 13522: 195 observações (2010-01-01 → 2026-03-01)
2026-04-28 09:43:55,350 [WARNING] pipeline.macro: IPCA calculado fora do intervalo plausível (46.1%) para 2020 — usando fallback
2026-04-28 09:43:55,351 [WARNING] pipeline.macro: IPCA calculado fora do intervalo plausível (159.3%) para 2021 — usando fallback
2026-04-28 09:43:55,353 [WARNING] pipeline.macro: IPCA calculado fora do intervalo plausível (191.2%) para 2022 — usando fallback
2026-04-28 09:43:55,354 [WARNING] pipeline.macro: IPCA calculado fora do intervalo plausível (71.5%) para 2023 — usando fallback
2026-04-28 09:43:55,355 [WARNING] pipeline.macro: IPCA calculado fora do intervalo plausível (67.0%) para 2024 — usando fallback
2026-04-28 09:43:55,357 [WARNING] pipeline.macro: IPCA calculado fora do intervalo plausível (80.0%) para 2025 — usando fallback
2026-04-28 09:43:55,358 [INFO] pipeline.macro: 
RESUMO MACRO HISTÓRICO:
2026-04-28 09:43:55,358 [INFO] pipeline.macro:   selic_meta     : 2021: 9.25% | 2022: 13.75% | 2023: 11.75% | 2024: 11.75% | 2025: 10.00%
2026-04-28 09:43:55,358 [INFO] pipeline.macro:   selic_efet     : 2021: 4.48% | 2022: 12.33% | 2023: 13.15% | 2024: 10.73% | 2025: 10.50%
2026-04-28 09:43:55,359 [INFO] pipeline.macro:   ipca           : 2021: 10.06% | 2022: 5.62% | 2023: 4.62% | 2024: 4.83% | 2025: 4.50%
2026-04-28 09:43:55,359 [INFO] pipeline.macro:   tjlp           : 2021: 5.25% | 2022: 6.25% | 2023: 7.00% | 2024: 7.00% | 2025: 6.50%
2026-04-28 09:43:55,359 [INFO] pipeline.macro:   cds            : 2021: 0.73% | 2022: 1.26% | 2023: 0.84% | 2024: 0.81% | 2025: 0.76%
2026-04-28 09:43:55,360 [INFO] pipeline.macro:   inflacao_impl  : 2021: 10.06% | 2022: 5.62% | 2023: 4.62% | 2024: 4.83% | 2025: 4.50%
2026-04-28 09:43:55,360 [INFO] pipeline: 
[3/6] Baixando demonstrações financeiras (CVM)...
2026-04-28 09:43:55,361 [INFO] pipeline.cvm: 
==================================================
2026-04-28 09:43:55,361 [INFO] pipeline.cvm: Baixando DFP 2020...
2026-04-28 09:43:55,361 [INFO] pipeline.cvm: Baixando: https://dados.cvm.gov.br/dados/CIA_ABERTA/DOC/DFP/DADOS/dfp_cia_aberta_2020.zip
2026-04-28 09:43:59,243 [INFO] pipeline.cvm:   DFP dre 2020: 70 linhas
2026-04-28 09:43:59,244 [INFO] pipeline.cvm: Baixando: https://dados.cvm.gov.br/dados/CIA_ABERTA/DOC/DFP/DADOS/dfp_cia_aberta_2020.zip
2026-04-28 09:44:03,463 [INFO] pipeline.cvm:   DFP bpa 2020: 134 linhas
2026-04-28 09:44:03,463 [INFO] pipeline.cvm: Baixando: https://dados.cvm.gov.br/dados/CIA_ABERTA/DOC/DFP/DADOS/dfp_cia_aberta_2020.zip
2026-04-28 09:44:08,787 [INFO] pipeline.cvm:   DFP bpp 2020: 226 linhas
2026-04-28 09:44:08,787 [INFO] pipeline.cvm: Baixando: https://dados.cvm.gov.br/dados/CIA_ABERTA/DOC/DFP/DADOS/dfp_cia_aberta_2020.zip
2026-04-28 09:44:12,956 [INFO] pipeline.cvm:   DFP dfc_mi 2020: 122 linhas
2026-04-28 09:44:12,956 [INFO] pipeline.cvm: Baixando: https://dados.cvm.gov.br/dados/CIA_ABERTA/DOC/DFP/DADOS/dfp_cia_aberta_2020.zip
2026-04-28 09:44:15,315 [WARNING] pipeline.cvm:   Empresa 24783 não encontrada em dfc_md 2020
2026-04-28 09:44:15,315 [INFO] pipeline.cvm: 
==================================================
2026-04-28 09:44:15,316 [INFO] pipeline.cvm: Baixando DFP 2021...
2026-04-28 09:44:15,316 [INFO] pipeline.cvm: Baixando: https://dados.cvm.gov.br/dados/CIA_ABERTA/DOC/DFP/DADOS/dfp_cia_aberta_2021.zip
2026-04-28 09:44:19,900 [INFO] pipeline.cvm:   DFP dre 2021: 70 linhas
2026-04-28 09:44:19,900 [INFO] pipeline.cvm: Baixando: https://dados.cvm.gov.br/dados/CIA_ABERTA/DOC/DFP/DADOS/dfp_cia_aberta_2021.zip
2026-04-28 09:44:24,616 [INFO] pipeline.cvm:   DFP bpa 2021: 134 linhas
2026-04-28 09:44:24,616 [INFO] pipeline.cvm: Baixando: https://dados.cvm.gov.br/dados/CIA_ABERTA/DOC/DFP/DADOS/dfp_cia_aberta_2021.zip
2026-04-28 09:44:32,321 [INFO] pipeline.cvm:   DFP bpp 2021: 226 linhas
2026-04-28 09:44:32,321 [INFO] pipeline.cvm: Baixando: https://dados.cvm.gov.br/dados/CIA_ABERTA/DOC/DFP/DADOS/dfp_cia_aberta_2021.zip
2026-04-28 09:44:40,698 [INFO] pipeline.cvm:   DFP dfc_mi 2021: 122 linhas
2026-04-28 09:44:40,698 [INFO] pipeline.cvm: Baixando: https://dados.cvm.gov.br/dados/CIA_ABERTA/DOC/DFP/DADOS/dfp_cia_aberta_2021.zip
2026-04-28 09:44:48,691 [WARNING] pipeline.cvm:   Empresa 24783 não encontrada em dfc_md 2021
2026-04-28 09:44:48,691 [INFO] pipeline.cvm: 
==================================================
2026-04-28 09:44:48,691 [INFO] pipeline.cvm: Baixando DFP 2022...
2026-04-28 09:44:48,691 [INFO] pipeline.cvm: Baixando: https://dados.cvm.gov.br/dados/CIA_ABERTA/DOC/DFP/DADOS/dfp_cia_aberta_2022.zip
2026-04-28 09:44:54,264 [INFO] pipeline.cvm:   DFP dre 2022: 70 linhas
2026-04-28 09:44:54,264 [INFO] pipeline.cvm: Baixando: https://dados.cvm.gov.br/dados/CIA_ABERTA/DOC/DFP/DADOS/dfp_cia_aberta_2022.zip
2026-04-28 09:44:59,273 [INFO] pipeline.cvm:   DFP bpa 2022: 134 linhas
2026-04-28 09:44:59,273 [INFO] pipeline.cvm: Baixando: https://dados.cvm.gov.br/dados/CIA_ABERTA/DOC/DFP/DADOS/dfp_cia_aberta_2022.zip
2026-04-28 09:45:05,474 [INFO] pipeline.cvm:   DFP bpp 2022: 228 linhas
2026-04-28 09:45:05,475 [INFO] pipeline.cvm: Baixando: https://dados.cvm.gov.br/dados/CIA_ABERTA/DOC/DFP/DADOS/dfp_cia_aberta_2022.zip
2026-04-28 09:45:11,195 [INFO] pipeline.cvm:   DFP dfc_mi 2022: 122 linhas
2026-04-28 09:45:11,195 [INFO] pipeline.cvm: Baixando: https://dados.cvm.gov.br/dados/CIA_ABERTA/DOC/DFP/DADOS/dfp_cia_aberta_2022.zip
2026-04-28 09:45:14,827 [WARNING] pipeline.cvm:   Empresa 24783 não encontrada em dfc_md 2022
2026-04-28 09:45:14,827 [INFO] pipeline.cvm: 
==================================================
2026-04-28 09:45:14,827 [INFO] pipeline.cvm: Baixando DFP 2023...
2026-04-28 09:45:14,827 [INFO] pipeline.cvm: Baixando: https://dados.cvm.gov.br/dados/CIA_ABERTA/DOC/DFP/DADOS/dfp_cia_aberta_2023.zip
2026-04-28 09:45:18,524 [INFO] pipeline.cvm:   DFP dre 2023: 70 linhas
2026-04-28 09:45:18,525 [INFO] pipeline.cvm: Baixando: https://dados.cvm.gov.br/dados/CIA_ABERTA/DOC/DFP/DADOS/dfp_cia_aberta_2023.zip
2026-04-28 09:45:22,420 [INFO] pipeline.cvm:   DFP bpa 2023: 140 linhas
2026-04-28 09:45:22,421 [INFO] pipeline.cvm: Baixando: https://dados.cvm.gov.br/dados/CIA_ABERTA/DOC/DFP/DADOS/dfp_cia_aberta_2023.zip
2026-04-28 09:45:27,497 [INFO] pipeline.cvm:   DFP bpp 2023: 228 linhas
2026-04-28 09:45:27,498 [INFO] pipeline.cvm: Baixando: https://dados.cvm.gov.br/dados/CIA_ABERTA/DOC/DFP/DADOS/dfp_cia_aberta_2023.zip
2026-04-28 09:45:31,502 [INFO] pipeline.cvm:   DFP dfc_mi 2023: 128 linhas
2026-04-28 09:45:31,502 [INFO] pipeline.cvm: Baixando: https://dados.cvm.gov.br/dados/CIA_ABERTA/DOC/DFP/DADOS/dfp_cia_aberta_2023.zip
2026-04-28 09:45:34,376 [WARNING] pipeline.cvm:   Empresa 24783 não encontrada em dfc_md 2023
2026-04-28 09:45:34,376 [INFO] pipeline.cvm: 
==================================================
2026-04-28 09:45:34,376 [INFO] pipeline.cvm: Baixando DFP 2024...
2026-04-28 09:45:34,377 [INFO] pipeline.cvm: Baixando: https://dados.cvm.gov.br/dados/CIA_ABERTA/DOC/DFP/DADOS/dfp_cia_aberta_2024.zip
2026-04-28 09:45:39,635 [INFO] pipeline.cvm:   DFP dre 2024: 64 linhas
2026-04-28 09:45:39,635 [INFO] pipeline.cvm: Baixando: https://dados.cvm.gov.br/dados/CIA_ABERTA/DOC/DFP/DADOS/dfp_cia_aberta_2024.zip
2026-04-28 09:45:46,478 [INFO] pipeline.cvm:   DFP bpa 2024: 140 linhas
2026-04-28 09:45:46,478 [INFO] pipeline.cvm: Baixando: https://dados.cvm.gov.br/dados/CIA_ABERTA/DOC/DFP/DADOS/dfp_cia_aberta_2024.zip
2026-04-28 09:45:57,468 [INFO] pipeline.cvm:   DFP bpp 2024: 232 linhas
2026-04-28 09:45:57,468 [INFO] pipeline.cvm: Baixando: https://dados.cvm.gov.br/dados/CIA_ABERTA/DOC/DFP/DADOS/dfp_cia_aberta_2024.zip
2026-04-28 09:46:04,959 [INFO] pipeline.cvm:   DFP dfc_mi 2024: 138 linhas
2026-04-28 09:46:04,959 [INFO] pipeline.cvm: Baixando: https://dados.cvm.gov.br/dados/CIA_ABERTA/DOC/DFP/DADOS/dfp_cia_aberta_2024.zip
2026-04-28 09:46:08,751 [WARNING] pipeline.cvm:   Empresa 24783 não encontrada em dfc_md 2024
2026-04-28 09:46:08,751 [INFO] pipeline.cvm: 
==================================================
2026-04-28 09:46:08,751 [INFO] pipeline.cvm: Baixando DFP 2025...
2026-04-28 09:46:08,751 [INFO] pipeline.cvm: Baixando: https://dados.cvm.gov.br/dados/CIA_ABERTA/DOC/DFP/DADOS/dfp_cia_aberta_2025.zip
2026-04-28 09:46:11,463 [WARNING] pipeline.cvm:   Empresa 24783 não encontrada em dre 2025
2026-04-28 09:46:11,463 [INFO] pipeline.cvm: Baixando: https://dados.cvm.gov.br/dados/CIA_ABERTA/DOC/DFP/DADOS/dfp_cia_aberta_2025.zip
2026-04-28 09:46:14,568 [WARNING] pipeline.cvm:   Empresa 24783 não encontrada em bpa 2025
2026-04-28 09:46:14,569 [INFO] pipeline.cvm: Baixando: https://dados.cvm.gov.br/dados/CIA_ABERTA/DOC/DFP/DADOS/dfp_cia_aberta_2025.zip
2026-04-28 09:46:19,897 [WARNING] pipeline.cvm:   Empresa 24783 não encontrada em bpp 2025
2026-04-28 09:46:19,897 [INFO] pipeline.cvm: Baixando: https://dados.cvm.gov.br/dados/CIA_ABERTA/DOC/DFP/DADOS/dfp_cia_aberta_2025.zip
2026-04-28 09:46:26,383 [WARNING] pipeline.cvm:   Empresa 24783 não encontrada em dfc_mi 2025
2026-04-28 09:46:26,383 [INFO] pipeline.cvm: Baixando: https://dados.cvm.gov.br/dados/CIA_ABERTA/DOC/DFP/DADOS/dfp_cia_aberta_2025.zip
2026-04-28 09:46:31,450 [WARNING] pipeline.cvm:   Empresa 24783 não encontrada em dfc_md 2025
2026-04-28 09:46:31,450 [INFO] pipeline:   DFP 2025 indisponível — tentando anualizar via ITR...
2026-04-28 09:46:31,450 [INFO] pipeline.cvm: 
==================================================
2026-04-28 09:46:31,450 [INFO] pipeline.cvm: Tentando anualizar 2025 via ITR (LTM)...
2026-04-28 09:46:31,450 [INFO] pipeline.cvm: Baixando: https://dados.cvm.gov.br/dados/CIA_ABERTA/DOC/ITR/DADOS/itr_cia_aberta_2025.zip
2026-04-28 09:46:42,991 [INFO] pipeline.cvm:   ITR dre 2025 Ttodos: 188 linhas
2026-04-28 09:46:42,992 [INFO] pipeline.cvm: Baixando: https://dados.cvm.gov.br/dados/CIA_ABERTA/DOC/ITR/DADOS/itr_cia_aberta_2025.zip
2026-04-28 09:46:56,551 [INFO] pipeline.cvm:   ITR bpa 2025 Ttodos: 280 linhas
2026-04-28 09:46:56,551 [INFO] pipeline.cvm: Baixando: https://dados.cvm.gov.br/dados/CIA_ABERTA/DOC/ITR/DADOS/itr_cia_aberta_2025.zip
2026-04-28 09:47:13,912 [INFO] pipeline.cvm:   ITR bpp 2025 Ttodos: 464 linhas
2026-04-28 09:47:13,912 [INFO] pipeline.cvm: Baixando: https://dados.cvm.gov.br/dados/CIA_ABERTA/DOC/ITR/DADOS/itr_cia_aberta_2025.zip
2026-04-28 09:47:25,868 [INFO] pipeline.cvm:   ITR dfc_mi 2025 Ttodos: 256 linhas
2026-04-28 09:47:25,868 [INFO] pipeline.cvm: Baixando: https://dados.cvm.gov.br/dados/CIA_ABERTA/DOC/ITR/DADOS/itr_cia_aberta_2025.zip
2026-04-28 09:47:33,526 [INFO] pipeline.cvm:   Último trimestre: 2T2025 (6 meses)
2026-04-28 09:47:33,527 [INFO] pipeline.cvm:   LTM = Acum 6m/2025 + (DFP 2024 - Acum 6m/2024)
2026-04-28 09:47:33,535 [INFO] pipeline.cvm:   LTM dre: 31 linhas
2026-04-28 09:47:33,544 [INFO] pipeline.cvm:   LTM dfc_mi: 64 linhas
2026-04-28 09:47:33,547 [INFO] pipeline.cvm:   Balanço bpa (posição 2T2025): 70 linhas
2026-04-28 09:47:33,552 [INFO] pipeline.cvm:   Balanço bpp (posição 2T2025): 116 linhas
2026-04-28 09:47:33,552 [INFO] pipeline.cvm:   Anualização 2025 concluída com sucesso (2T LTM)
2026-04-28 09:47:33,552 [INFO] pipeline:   ✓ 2025 anualizado via ITR (LTM)
2026-04-28 09:47:33,552 [INFO] pipeline: 
[4/6] Normalizando dados...
2026-04-28 09:47:35,001 [INFO] pipeline:   DFC normalizada: 11 linhas
2026-04-28 09:47:35,003 [INFO] pipeline:   DRE normalizada:
2026-04-28 09:47:35,004 [INFO] pipeline:     receita_liquida: 2020: 36,922 | 2021: 40,165 | 2022: 36,350 | 2023: 26,737 | 2024: 24,090 | 2025: 20,294
2026-04-28 09:47:35,004 [INFO] pipeline:     ebit: 2020: 790 | 2021: 1,118 | 2022: -458 | 2023: -155 | 2024: 908 | 2025: 976
2026-04-28 09:47:35,004 [INFO] pipeline:     lucro_liquido: 2020: -650 | 2021: 1,048 | 2022: -2,860 | 2023: 2,974 | 2024: -8,930 | 2025: 4,813
2026-04-28 09:47:35,004 [INFO] pipeline: 
[5/6] Calculando projeções...
2026-04-28 09:47:35,005 [INFO] pipeline.projecoes: 
=== Projeções (não-financeira / FCFF) ===
2026-04-28 09:47:35,006 [INFO] pipeline.projecoes:   Margem EBITDA: 11.5% → 16.0% (conv 6a)
2026-04-28 09:47:35,006 [INFO] pipeline.projecoes:   D&A/Receita: 8.1%
2026-04-28 09:47:35,008 [INFO] pipeline.projecoes:   CAPEX/Receita: 1.9% → 4.0%
2026-04-28 09:47:35,008 [INFO] pipeline.projecoes:   NCG/Receita: 6.7% → 10.0%
2026-04-28 09:47:35,010 [INFO] pipeline.projecoes:   Alíquota efetiva: 34.0%
2026-04-28 09:47:35,011 [INFO] pipeline.projecoes: Projeções concluídas (FCFF). Resumo:
2026-04-28 09:47:35,011 [INFO] pipeline.projecoes:    Ano      Receita     EBITDA    Mg%      NOPAT       FCFF
2026-04-28 09:47:35,011 [INFO] pipeline.projecoes:   2026       21,833      2,677  12.3%        597      2,763
2026-04-28 09:47:35,011 [INFO] pipeline.projecoes:   2027       23,398      3,044  13.0%        755      1,745
2026-04-28 09:47:35,011 [INFO] pipeline.projecoes:   2028       24,978      3,436  13.8%        930      1,878
2026-04-28 09:47:35,011 [INFO] pipeline.projecoes:   2029       26,560      3,852  14.5%      1,120      2,014
2026-04-28 09:47:35,011 [INFO] pipeline.projecoes:   2030       28,131      4,291  15.3%      1,325      2,153
2026-04-28 09:47:35,011 [INFO] pipeline.valuation:   Estrutura de capital: E=20% | D=80%
2026-04-28 09:47:35,012 [INFO] pipeline: 
[6/6] Calculando valuation (FCFF / WACC)...
2026-04-28 09:47:35,012 [INFO] pipeline.valuation: 
==================================================
2026-04-28 09:47:35,012 [INFO] pipeline.valuation: VALUATION FCFF/WACC — NTCO3
2026-04-28 09:47:35,012 [INFO] pipeline.valuation:   VP FCFF (10a):     R$       15,547 MM
2026-04-28 09:47:35,012 [INFO] pipeline.valuation:   Valor Perp. (VP):  R$       61,398 MM
2026-04-28 09:47:35,012 [INFO] pipeline.valuation:   ENTERPRISE VALUE:  R$       76,945 MM
2026-04-28 09:47:35,012 [INFO] pipeline.valuation:   (-) Dívida Líq.:   R$        4,017 MM
2026-04-28 09:47:35,012 [INFO] pipeline.valuation:   VALOR DO EQUITY:   R$       72,929 MM
2026-04-28 09:47:35,012 [INFO] pipeline.valuation:   Preço Justo ON:    R$     0.00
2026-04-28 09:47:35,012 [INFO] pipeline.valuation:   Preço Justo PN:    R$     0.00
2026-04-28 09:47:35,012 [INFO] pipeline.valuation:   Cotação ON:        R$     0.00
2026-04-28 09:47:35,013 [INFO] pipeline.valuation:   Upside ON:                0.0%
2026-04-28 09:47:35,013 [INFO] pipeline.valuation:   TIR (ON):                 0.0%
2026-04-28 09:47:35,013 [INFO] pipeline.valuation:   WACC último ano:          7.9%
2026-04-28 09:47:35,013 [WARNING] pipeline: 
[!] AVISOS DE VALIDACAO:
2026-04-28 09:47:35,013 [WARNING] pipeline:   - Preço Justo ON inválido (≤ 0)
2026-04-28 09:47:35,014 [INFO] pipeline:   Sem template VAROS para NTCO3 — Excel será criado do zero
2026-04-28 09:47:35,014 [INFO] pipeline.excel_geral: 
============================================================
2026-04-28 09:47:35,014 [INFO] pipeline.excel_geral: Criando Excel completo (12 abas) para: Natura &Co (NTCO3)
2026-04-28 09:47:35,016 [INFO] pipeline.excel_geral:   → 1/12  Dashboard
2026-04-28 09:47:35,025 [INFO] pipeline.excel_geral:   → 2/12  WACC
2026-04-28 09:47:35,063 [INFO] pipeline.excel_geral:   → 3/12  TIR ON
2026-04-28 09:47:35,072 [INFO] pipeline.excel_geral:   → 4/12  TIR PN
2026-04-28 09:47:35,082 [INFO] pipeline.excel_geral:   → 5/12  Valor do Equity
2026-04-28 09:47:35,087 [INFO] pipeline.excel_geral:   → 6/12  Preço Teto
2026-04-28 09:47:35,093 [INFO] pipeline.excel_geral:   → 7/12  DRE + DCF
2026-04-28 09:47:35,280 [INFO] pipeline.excel_geral:   → 8/12  DRE Contas Abertas
2026-04-28 09:47:35,359 [INFO] pipeline.excel_geral:   → 9/12  Balanço Patrimonial
2026-04-28 09:47:35,414 [INFO] pipeline.excel_geral:   → 10/12 Painel de Índices
2026-04-28 09:47:35,506 [INFO] pipeline.excel_geral:   → 11/12 Projeções Premissas
2026-04-28 09:47:35,542 [INFO] pipeline.excel_geral:   → 12/12 Projeções Capex e CG
2026-04-28 09:47:35,675 [INFO] pipeline.excel_geral: 
Arquivo salvo: C:\Users\55819\OneDrive - EPEJUD\DIEGO\OBSIDIAN\Analista de Investimentos\12_PYTHON\pipeline banco completo\outputs\Valuation_NTCO3_Natura &Co_20260428.xlsx
2026-04-28 09:47:35,675 [INFO] pipeline: 
======================================================================
2026-04-28 09:47:35,676 [INFO] pipeline: RESUMO DO VALUATION (FCFF/WACC)
2026-04-28 09:47:35,676 [INFO] pipeline: ======================================================================
2026-04-28 09:47:35,676 [INFO] pipeline:   Empresa:           Natura &Co (NTCO3)
2026-04-28 09:47:35,676 [INFO] pipeline:   Enterprise Value:  R$       76,945 MM
2026-04-28 09:47:35,676 [INFO] pipeline:   Cotação ON:        R$ 0.00
2026-04-28 09:47:35,676 [INFO] pipeline:   Preço Justo ON:    R$ 0.00
2026-04-28 09:47:35,676 [INFO] pipeline:   Upside ON:            0.0%
2026-04-28 09:47:35,676 [INFO] pipeline:   TIR:                  0.0%
2026-04-28 09:47:35,676 [INFO] pipeline:   Preço Teto ON:     R$ 0.00
2026-04-28 09:47:35,676 [INFO] pipeline: 
  [!] 1 aviso(s) de validacao — verifique os logs
2026-04-28 09:47:35,676 [INFO] pipeline: 
  Arquivo gerado:    C:\Users\55819\OneDrive - EPEJUD\DIEGO\OBSIDIAN\Analista de Investimentos\12_PYTHON\pipeline banco completo\outputs\Valuation_NTCO3_Natura &Co_20260428.xlsx
2026-04-28 09:47:35,677 [INFO] pipeline: ======================================================================
2026-04-28 09:47:35,680 [INFO] pipeline: ✓ NTCO3: arquivo gerado → C:\Users\55819\OneDrive - EPEJUD\DIEGO\OBSIDIAN\Analista de Investimentos\12_PYTHON\pipeline banco completo\outputs\Valuation_NTCO3_Natura &Co_20260428.xlsx
2026-04-28 09:47:35,681 [INFO] pipeline: 
──────────────────────────────────────────────────────────────────────
2026-04-28 09:47:35,681 [INFO] pipeline: Processando: CEAB3 (C&A Brasil)
2026-04-28 09:47:35,681 [INFO] pipeline: ──────────────────────────────────────────────────────────────────────
2026-04-28 09:47:35,681 [INFO] pipeline: ======================================================================
2026-04-28 09:47:35,681 [INFO] pipeline: PIPELINE DE VALUATION [CONSUMO_VAREJO] — CEAB3 — C&A Brasil
2026-04-28 09:47:35,681 [INFO] pipeline: Início: 2026-04-28 09:47:35
2026-04-28 09:47:35,681 [INFO] pipeline:   Setor: consumo_varejo | Motor: WACC
2026-04-28 09:47:35,681 [INFO] pipeline: ======================================================================
2026-04-28 09:47:35,681 [INFO] pipeline: 
[1/6] Coletando dados de mercado...
2026-04-28 09:47:35,682 [INFO] pipeline:   Buscando cotação via yfinance...
2026-04-28 09:47:35,682 [INFO] pipeline.mercado: Buscando cotação atual: CEAB3.SA
2026-04-28 09:47:37,014 [INFO] pipeline:   Cotação ON: R$ 11.20  |  Cotação PN: R$ 0.00
2026-04-28 09:47:37,140 [INFO] pipeline.mercado: Calculando beta: CEAB3 (252 dias úteis)
2026-04-28 09:47:37,141 [INFO] pipeline.mercado: Baixando preços: CEAB3.SA (2019-01-01 → 2026-04-28)
2026-04-28 09:47:37,765 [INFO] pipeline.mercado:   1608 dias de preços carregados
2026-04-28 09:47:37,765 [INFO] pipeline.mercado: Baixando preços: ^BVSP (2019-01-01 → 2026-04-28)
2026-04-28 09:47:37,797 [INFO] pipeline.mercado:   1820 dias de preços carregados
2026-04-28 09:47:37,800 [INFO] pipeline.mercado:   Beta estatístico: 1.6787 | R²: 0.264 | n=251
2026-04-28 09:47:37,802 [INFO] pipeline:   Beta estatístico: 1.679 | Beta utilizado: 0.850
2026-04-28 09:47:37,802 [INFO] pipeline: 
[2/6] Coletando dados macroeconômicos (BCB)...
2026-04-28 09:47:38,077 [WARNING] pipeline.macro: Não foi possível obter Focus Selic: 400 Client Error: Bad Request for url: https://olinda.bcb.gov.br/olinda/servico/Expectativas/versao/v1/odata/ExpectativasMercadoAnuais?%24filter=Indicador%20eq%20'Selic'&%24top=100&%24format=json&%24select=Indicador,Data,Ano,Mediana
2026-04-28 09:47:38,353 [WARNING] pipeline.macro: Não foi possível obter Focus IPCA: 400 Client Error: Bad Request for url: https://olinda.bcb.gov.br/olinda/servico/Expectativas/versao/v1/odata/ExpectativasMercadoAnuais?%24filter=Indicador%20eq%20'IPCA'&%24top=100&%24format=json&%24select=Indicador,Data,Ano,Mediana
2026-04-28 09:47:38,354 [INFO] pipeline.macro: 
=== Coletando dados macroeconômicos ===
2026-04-28 09:47:38,354 [INFO] pipeline.macro: Baixando série BCB 432...
2026-04-28 09:47:38,641 [ERROR] pipeline.macro: Erro ao baixar série BCB 432: 406 Client Error: Not Acceptable for url: https://api.bcb.gov.br/dados/serie/bcdata.sgs.432/dados?formato=json&dataInicial=01%2F01%2F2010&dataFinal=28%2F04%2F2026
2026-04-28 09:47:38,641 [WARNING] pipeline.macro: Série Selic meta sem DatetimeIndex — usando fallback histórico
2026-04-28 09:47:38,641 [INFO] pipeline.macro: Baixando série BCB 12...
2026-04-28 09:47:38,738 [ERROR] pipeline.macro: Erro ao baixar série BCB 12: 406 Client Error: Not Acceptable for url: https://api.bcb.gov.br/dados/serie/bcdata.sgs.12/dados?formato=json&dataInicial=01%2F01%2F2010&dataFinal=28%2F04%2F2026
2026-04-28 09:47:38,738 [WARNING] pipeline.macro: Série DI sem DatetimeIndex — usando fallback histórico
2026-04-28 09:47:38,739 [INFO] pipeline.macro: Baixando série BCB 13522...
2026-04-28 09:47:39,401 [INFO] pipeline.macro:   Série 13522: 195 observações (2010-01-01 → 2026-03-01)
2026-04-28 09:47:39,401 [WARNING] pipeline.macro: IPCA calculado fora do intervalo plausível (46.1%) para 2020 — usando fallback
2026-04-28 09:47:39,402 [WARNING] pipeline.macro: IPCA calculado fora do intervalo plausível (159.3%) para 2021 — usando fallback
2026-04-28 09:47:39,402 [WARNING] pipeline.macro: IPCA calculado fora do intervalo plausível (191.2%) para 2022 — usando fallback
2026-04-28 09:47:39,402 [WARNING] pipeline.macro: IPCA calculado fora do intervalo plausível (71.5%) para 2023 — usando fallback
2026-04-28 09:47:39,403 [WARNING] pipeline.macro: IPCA calculado fora do intervalo plausível (67.0%) para 2024 — usando fallback
2026-04-28 09:47:39,403 [WARNING] pipeline.macro: IPCA calculado fora do intervalo plausível (80.0%) para 2025 — usando fallback
2026-04-28 09:47:39,403 [INFO] pipeline.macro: Baixando série BCB 258...
2026-04-28 09:47:39,499 [ERROR] pipeline.macro: Erro ao baixar série BCB 258: 406 Client Error: Not Acceptable for url: https://api.bcb.gov.br/dados/serie/bcdata.sgs.258/dados?formato=json&dataInicial=01%2F01%2F2010&dataFinal=28%2F04%2F2026
2026-04-28 09:47:39,500 [WARNING] pipeline.macro: Série TJLP sem DatetimeIndex — usando fallback histórico
2026-04-28 09:47:39,500 [INFO] pipeline.macro: Baixando série BCB 29039...
2026-04-28 09:47:40,130 [INFO] pipeline.macro:   Série 29039: 195 observações (2010-01-01 → 2026-03-01)
2026-04-28 09:47:40,133 [INFO] pipeline.macro: Baixando série BCB 13522...
2026-04-28 09:47:40,239 [INFO] pipeline.macro:   Série 13522: 195 observações (2010-01-01 → 2026-03-01)
2026-04-28 09:47:40,240 [WARNING] pipeline.macro: IPCA calculado fora do intervalo plausível (46.1%) para 2020 — usando fallback
2026-04-28 09:47:40,240 [WARNING] pipeline.macro: IPCA calculado fora do intervalo plausível (159.3%) para 2021 — usando fallback
2026-04-28 09:47:40,241 [WARNING] pipeline.macro: IPCA calculado fora do intervalo plausível (191.2%) para 2022 — usando fallback
2026-04-28 09:47:40,241 [WARNING] pipeline.macro: IPCA calculado fora do intervalo plausível (71.5%) para 2023 — usando fallback
2026-04-28 09:47:40,241 [WARNING] pipeline.macro: IPCA calculado fora do intervalo plausível (67.0%) para 2024 — usando fallback
2026-04-28 09:47:40,242 [WARNING] pipeline.macro: IPCA calculado fora do intervalo plausível (80.0%) para 2025 — usando fallback
2026-04-28 09:47:40,242 [INFO] pipeline.macro: 
RESUMO MACRO HISTÓRICO:
2026-04-28 09:47:40,242 [INFO] pipeline.macro:   selic_meta     : 2021: 9.25% | 2022: 13.75% | 2023: 11.75% | 2024: 11.75% | 2025: 10.00%
2026-04-28 09:47:40,242 [INFO] pipeline.macro:   selic_efet     : 2021: 4.48% | 2022: 12.33% | 2023: 13.15% | 2024: 10.73% | 2025: 10.50%
2026-04-28 09:47:40,242 [INFO] pipeline.macro:   ipca           : 2021: 10.06% | 2022: 5.62% | 2023: 4.62% | 2024: 4.83% | 2025: 4.50%
2026-04-28 09:47:40,242 [INFO] pipeline.macro:   tjlp           : 2021: 5.25% | 2022: 6.25% | 2023: 7.00% | 2024: 7.00% | 2025: 6.50%
2026-04-28 09:47:40,242 [INFO] pipeline.macro:   cds            : 2021: 0.73% | 2022: 1.26% | 2023: 0.84% | 2024: 0.81% | 2025: 0.76%
2026-04-28 09:47:40,242 [INFO] pipeline.macro:   inflacao_impl  : 2021: 10.06% | 2022: 5.62% | 2023: 4.62% | 2024: 4.83% | 2025: 4.50%
2026-04-28 09:47:40,243 [INFO] pipeline: 
[3/6] Baixando demonstrações financeiras (CVM)...
2026-04-28 09:47:40,243 [INFO] pipeline.cvm: 
==================================================
2026-04-28 09:47:40,243 [INFO] pipeline.cvm: Baixando DFP 2020...
2026-04-28 09:47:40,243 [INFO] pipeline.cvm: Baixando: https://dados.cvm.gov.br/dados/CIA_ABERTA/DOC/DFP/DADOS/dfp_cia_aberta_2020.zip
2026-04-28 09:47:43,653 [INFO] pipeline.cvm:   DFP dre 2020: 72 linhas
2026-04-28 09:47:43,653 [INFO] pipeline.cvm: Baixando: https://dados.cvm.gov.br/dados/CIA_ABERTA/DOC/DFP/DADOS/dfp_cia_aberta_2020.zip
2026-04-28 09:47:47,083 [INFO] pipeline.cvm:   DFP bpa 2020: 132 linhas
2026-04-28 09:47:47,083 [INFO] pipeline.cvm: Baixando: https://dados.cvm.gov.br/dados/CIA_ABERTA/DOC/DFP/DADOS/dfp_cia_aberta_2020.zip
2026-04-28 09:47:52,006 [INFO] pipeline.cvm:   DFP bpp 2020: 218 linhas
2026-04-28 09:47:52,006 [INFO] pipeline.cvm: Baixando: https://dados.cvm.gov.br/dados/CIA_ABERTA/DOC/DFP/DADOS/dfp_cia_aberta_2020.zip
2026-04-28 09:47:55,504 [INFO] pipeline.cvm:   DFP dfc_mi 2020: 102 linhas
2026-04-28 09:47:55,504 [INFO] pipeline.cvm: Baixando: https://dados.cvm.gov.br/dados/CIA_ABERTA/DOC/DFP/DADOS/dfp_cia_aberta_2020.zip
2026-04-28 09:47:57,735 [WARNING] pipeline.cvm:   Empresa 24848 não encontrada em dfc_md 2020
2026-04-28 09:47:57,735 [INFO] pipeline.cvm: 
==================================================
2026-04-28 09:47:57,735 [INFO] pipeline.cvm: Baixando DFP 2021...
2026-04-28 09:47:57,735 [INFO] pipeline.cvm: Baixando: https://dados.cvm.gov.br/dados/CIA_ABERTA/DOC/DFP/DADOS/dfp_cia_aberta_2021.zip
2026-04-28 09:48:01,561 [INFO] pipeline.cvm:   DFP dre 2021: 76 linhas
2026-04-28 09:48:01,561 [INFO] pipeline.cvm: Baixando: https://dados.cvm.gov.br/dados/CIA_ABERTA/DOC/DFP/DADOS/dfp_cia_aberta_2021.zip
2026-04-28 09:48:06,898 [INFO] pipeline.cvm:   DFP bpa 2021: 132 linhas
2026-04-28 09:48:06,898 [INFO] pipeline.cvm: Baixando: https://dados.cvm.gov.br/dados/CIA_ABERTA/DOC/DFP/DADOS/dfp_cia_aberta_2021.zip
2026-04-28 09:48:14,031 [INFO] pipeline.cvm:   DFP bpp 2021: 218 linhas
2026-04-28 09:48:14,032 [INFO] pipeline.cvm: Baixando: https://dados.cvm.gov.br/dados/CIA_ABERTA/DOC/DFP/DADOS/dfp_cia_aberta_2021.zip
2026-04-28 09:48:19,043 [INFO] pipeline.cvm:   DFP dfc_mi 2021: 104 linhas
2026-04-28 09:48:19,043 [INFO] pipeline.cvm: Baixando: https://dados.cvm.gov.br/dados/CIA_ABERTA/DOC/DFP/DADOS/dfp_cia_aberta_2021.zip
2026-04-28 09:48:22,716 [WARNING] pipeline.cvm:   Empresa 24848 não encontrada em dfc_md 2021
2026-04-28 09:48:22,716 [INFO] pipeline.cvm: 
==================================================
2026-04-28 09:48:22,716 [INFO] pipeline.cvm: Baixando DFP 2022...
2026-04-28 09:48:22,716 [INFO] pipeline.cvm: Baixando: https://dados.cvm.gov.br/dados/CIA_ABERTA/DOC/DFP/DADOS/dfp_cia_aberta_2022.zip
2026-04-28 09:48:27,822 [INFO] pipeline.cvm:   DFP dre 2022: 76 linhas
2026-04-28 09:48:27,822 [INFO] pipeline.cvm: Baixando: https://dados.cvm.gov.br/dados/CIA_ABERTA/DOC/DFP/DADOS/dfp_cia_aberta_2022.zip
2026-04-28 09:48:35,009 [INFO] pipeline.cvm:   DFP bpa 2022: 134 linhas
2026-04-28 09:48:35,009 [INFO] pipeline.cvm: Baixando: https://dados.cvm.gov.br/dados/CIA_ABERTA/DOC/DFP/DADOS/dfp_cia_aberta_2022.zip
2026-04-28 09:48:43,025 [INFO] pipeline.cvm:   DFP bpp 2022: 218 linhas
2026-04-28 09:48:43,025 [INFO] pipeline.cvm: Baixando: https://dados.cvm.gov.br/dados/CIA_ABERTA/DOC/DFP/DADOS/dfp_cia_aberta_2022.zip
2026-04-28 09:48:48,360 [INFO] pipeline.cvm:   DFP dfc_mi 2022: 108 linhas
2026-04-28 09:48:48,360 [INFO] pipeline.cvm: Baixando: https://dados.cvm.gov.br/dados/CIA_ABERTA/DOC/DFP/DADOS/dfp_cia_aberta_2022.zip
2026-04-28 09:48:51,118 [WARNING] pipeline.cvm:   Empresa 24848 não encontrada em dfc_md 2022
2026-04-28 09:48:51,118 [INFO] pipeline.cvm: 
==================================================
2026-04-28 09:48:51,118 [INFO] pipeline.cvm: Baixando DFP 2023...
2026-04-28 09:48:51,118 [INFO] pipeline.cvm: Baixando: https://dados.cvm.gov.br/dados/CIA_ABERTA/DOC/DFP/DADOS/dfp_cia_aberta_2023.zip
2026-04-28 09:48:54,507 [INFO] pipeline.cvm:   DFP dre 2023: 78 linhas
2026-04-28 09:48:54,508 [INFO] pipeline.cvm: Baixando: https://dados.cvm.gov.br/dados/CIA_ABERTA/DOC/DFP/DADOS/dfp_cia_aberta_2023.zip
2026-04-28 09:48:58,844 [INFO] pipeline.cvm:   DFP bpa 2023: 134 linhas
2026-04-28 09:48:58,844 [INFO] pipeline.cvm: Baixando: https://dados.cvm.gov.br/dados/CIA_ABERTA/DOC/DFP/DADOS/dfp_cia_aberta_2023.zip
2026-04-28 09:49:05,233 [INFO] pipeline.cvm:   DFP bpp 2023: 224 linhas
2026-04-28 09:49:05,234 [INFO] pipeline.cvm: Baixando: https://dados.cvm.gov.br/dados/CIA_ABERTA/DOC/DFP/DADOS/dfp_cia_aberta_2023.zip
2026-04-28 09:49:09,541 [INFO] pipeline.cvm:   DFP dfc_mi 2023: 112 linhas
2026-04-28 09:49:09,542 [INFO] pipeline.cvm: Baixando: https://dados.cvm.gov.br/dados/CIA_ABERTA/DOC/DFP/DADOS/dfp_cia_aberta_2023.zip
2026-04-28 09:49:12,216 [WARNING] pipeline.cvm:   Empresa 24848 não encontrada em dfc_md 2023
2026-04-28 09:49:12,217 [INFO] pipeline.cvm: 
==================================================
2026-04-28 09:49:12,217 [INFO] pipeline.cvm: Baixando DFP 2024...
2026-04-28 09:49:12,217 [INFO] pipeline.cvm: Baixando: https://dados.cvm.gov.br/dados/CIA_ABERTA/DOC/DFP/DADOS/dfp_cia_aberta_2024.zip
2026-04-28 09:49:16,295 [INFO] pipeline.cvm:   DFP dre 2024: 78 linhas
2026-04-28 09:49:16,295 [INFO] pipeline.cvm: Baixando: https://dados.cvm.gov.br/dados/CIA_ABERTA/DOC/DFP/DADOS/dfp_cia_aberta_2024.zip
2026-04-28 09:49:21,353 [INFO] pipeline.cvm:   DFP bpa 2024: 136 linhas
2026-04-28 09:49:21,353 [INFO] pipeline.cvm: Baixando: https://dados.cvm.gov.br/dados/CIA_ABERTA/DOC/DFP/DADOS/dfp_cia_aberta_2024.zip
2026-04-28 09:49:27,718 [INFO] pipeline.cvm:   DFP bpp 2024: 224 linhas
2026-04-28 09:49:27,718 [INFO] pipeline.cvm: Baixando: https://dados.cvm.gov.br/dados/CIA_ABERTA/DOC/DFP/DADOS/dfp_cia_aberta_2024.zip
2026-04-28 09:49:33,059 [INFO] pipeline.cvm:   DFP dfc_mi 2024: 114 linhas
2026-04-28 09:49:33,059 [INFO] pipeline.cvm: Baixando: https://dados.cvm.gov.br/dados/CIA_ABERTA/DOC/DFP/DADOS/dfp_cia_aberta_2024.zip
2026-04-28 09:49:36,767 [WARNING] pipeline.cvm:   Empresa 24848 não encontrada em dfc_md 2024
2026-04-28 09:49:36,767 [INFO] pipeline.cvm: 
==================================================
2026-04-28 09:49:36,767 [INFO] pipeline.cvm: Baixando DFP 2025...
2026-04-28 09:49:36,767 [INFO] pipeline.cvm: Baixando: https://dados.cvm.gov.br/dados/CIA_ABERTA/DOC/DFP/DADOS/dfp_cia_aberta_2025.zip
2026-04-28 09:49:40,457 [INFO] pipeline.cvm:   DFP dre 2025: 76 linhas
2026-04-28 09:49:40,457 [INFO] pipeline.cvm: Baixando: https://dados.cvm.gov.br/dados/CIA_ABERTA/DOC/DFP/DADOS/dfp_cia_aberta_2025.zip
2026-04-28 09:49:45,009 [INFO] pipeline.cvm:   DFP bpa 2025: 136 linhas
2026-04-28 09:49:45,009 [INFO] pipeline.cvm: Baixando: https://dados.cvm.gov.br/dados/CIA_ABERTA/DOC/DFP/DADOS/dfp_cia_aberta_2025.zip
2026-04-28 09:49:50,713 [INFO] pipeline.cvm:   DFP bpp 2025: 228 linhas
2026-04-28 09:49:50,713 [INFO] pipeline.cvm: Baixando: https://dados.cvm.gov.br/dados/CIA_ABERTA/DOC/DFP/DADOS/dfp_cia_aberta_2025.zip
2026-04-28 09:49:55,191 [INFO] pipeline.cvm:   DFP dfc_mi 2025: 84 linhas
2026-04-28 09:49:55,191 [INFO] pipeline.cvm: Baixando: https://dados.cvm.gov.br/dados/CIA_ABERTA/DOC/DFP/DADOS/dfp_cia_aberta_2025.zip
2026-04-28 09:49:58,343 [WARNING] pipeline.cvm:   Empresa 24848 não encontrada em dfc_md 2025
2026-04-28 09:49:58,343 [INFO] pipeline: 
[4/6] Normalizando dados...
2026-04-28 09:49:59,929 [INFO] pipeline:   DFC normalizada: 11 linhas
2026-04-28 09:49:59,932 [INFO] pipeline:   DRE normalizada:
2026-04-28 09:49:59,932 [INFO] pipeline:     receita_liquida: 2020: 4,085 | 2021: 5,153 | 2022: 6,184 | 2023: 6,719 | 2024: 7,637 | 2025: 7,983
2026-04-28 09:49:59,932 [INFO] pipeline:     ebit: 2020: -164 | 2021: 93 | 2022: 268 | 2023: 394 | 2024: 809 | 2025: 1,045
2026-04-28 09:49:59,932 [INFO] pipeline:     lucro_liquido: 2020: -166 | 2021: 329 | 2022: 1 | 2023: 2 | 2024: 452 | 2025: 587
2026-04-28 09:49:59,933 [INFO] pipeline: 
[5/6] Calculando projeções...
2026-04-28 09:49:59,933 [INFO] pipeline.projecoes: 
=== Projeções (não-financeira / FCFF) ===
2026-04-28 09:49:59,934 [INFO] pipeline.projecoes:   Margem EBITDA: 16.3% → 11.0% (conv 6a)
2026-04-28 09:49:59,935 [INFO] pipeline.projecoes:   D&A/Receita: 4.0%
2026-04-28 09:49:59,936 [INFO] pipeline.projecoes:   CAPEX/Receita: 0.0% → 4.0%
2026-04-28 09:49:59,937 [INFO] pipeline.projecoes:   NCG/Receita: 11.4% → 10.0%
2026-04-28 09:49:59,939 [INFO] pipeline.projecoes:   Alíquota efetiva: 19.2%
2026-04-28 09:49:59,940 [INFO] pipeline.projecoes: Projeções concluídas (FCFF). Resumo:
2026-04-28 09:49:59,940 [INFO] pipeline.projecoes:    Ano      Receita     EBITDA    Mg%      NOPAT       FCFF
2026-04-28 09:49:59,940 [INFO] pipeline.projecoes:   2026        8,588      1,325  15.4%        796      1,270
2026-04-28 09:49:59,940 [INFO] pipeline.projecoes:   2027        9,204      1,339  14.5%        788        961
2026-04-28 09:49:59,940 [INFO] pipeline.projecoes:   2028        9,825      1,342  13.7%        770        883
2026-04-28 09:49:59,940 [INFO] pipeline.projecoes:   2029       10,447      1,334  12.8%        744        787
2026-04-28 09:49:59,940 [INFO] pipeline.projecoes:   2030       11,065      1,315  11.9%        709        672
2026-04-28 09:49:59,940 [INFO] pipeline.valuation:   Estrutura de capital: E=95% | D=5%
2026-04-28 09:49:59,941 [INFO] pipeline: 
[6/6] Calculando valuation (FCFF / WACC)...
2026-04-28 09:49:59,941 [INFO] pipeline.valuation: 
==================================================
2026-04-28 09:49:59,941 [INFO] pipeline.valuation: VALUATION FCFF/WACC — CEAB3
2026-04-28 09:49:59,941 [INFO] pipeline.valuation:   VP FCFF (10a):     R$        4,524 MM
2026-04-28 09:49:59,941 [INFO] pipeline.valuation:   Valor Perp. (VP):  R$        3,791 MM
2026-04-28 09:49:59,941 [INFO] pipeline.valuation:   ENTERPRISE VALUE:  R$        8,315 MM
2026-04-28 09:49:59,941 [INFO] pipeline.valuation:   (-) Dívida Líq.:   R$          -83 MM
2026-04-28 09:49:59,941 [INFO] pipeline.valuation:   VALOR DO EQUITY:   R$        8,398 MM
2026-04-28 09:49:59,942 [INFO] pipeline.valuation:   Preço Justo ON:    R$    27.77
2026-04-28 09:49:59,942 [INFO] pipeline.valuation:   Preço Justo PN:    R$    27.77
2026-04-28 09:49:59,942 [INFO] pipeline.valuation:   Cotação ON:        R$    11.20
2026-04-28 09:49:59,942 [INFO] pipeline.valuation:   Upside ON:              147.9%
2026-04-28 09:49:59,942 [INFO] pipeline.valuation:   TIR (ON):                26.9%
2026-04-28 09:49:59,942 [INFO] pipeline.valuation:   WACC último ano:         11.7%
2026-04-28 09:49:59,944 [INFO] pipeline:   Template encontrado (empresa): CEAB3-ValuationModeloVZA.xlsx
2026-04-28 09:49:59,944 [INFO] pipeline.excel_geral: 
============================================================
2026-04-28 09:49:59,944 [INFO] pipeline.excel_geral: Escrevendo com template VAROS: CEAB3-ValuationModeloVZA.xlsx
2026-04-28 09:50:01,465 [INFO] pipeline.excel_geral: 
Arquivo salvo: C:\Users\55819\OneDrive - EPEJUD\DIEGO\OBSIDIAN\Analista de Investimentos\12_PYTHON\pipeline banco completo\outputs\Valuation_CEAB3_C&A Brasil_20260428.xlsx
2026-04-28 09:50:01,465 [INFO] pipeline: 
======================================================================
2026-04-28 09:50:01,465 [INFO] pipeline: RESUMO DO VALUATION (FCFF/WACC)
2026-04-28 09:50:01,465 [INFO] pipeline: ======================================================================
2026-04-28 09:50:01,465 [INFO] pipeline:   Empresa:           C&A Brasil (CEAB3)
2026-04-28 09:50:01,465 [INFO] pipeline:   Enterprise Value:  R$        8,315 MM
2026-04-28 09:50:01,465 [INFO] pipeline:   Cotação ON:        R$ 11.20
2026-04-28 09:50:01,465 [INFO] pipeline:   Preço Justo ON:    R$ 27.77
2026-04-28 09:50:01,465 [INFO] pipeline:   Upside ON:            148.0%
2026-04-28 09:50:01,466 [INFO] pipeline:   TIR:                  26.9%
2026-04-28 09:50:01,466 [INFO] pipeline:   Preço Teto ON:     R$ 27.77
2026-04-28 09:50:01,466 [INFO] pipeline: 
  Arquivo gerado:    C:\Users\55819\OneDrive - EPEJUD\DIEGO\OBSIDIAN\Analista de Investimentos\12_PYTHON\pipeline banco completo\outputs\Valuation_CEAB3_C&A Brasil_20260428.xlsx
2026-04-28 09:50:01,466 [INFO] pipeline: ======================================================================
2026-04-28 09:50:01,468 [INFO] pipeline: ✓ CEAB3: arquivo gerado → C:\Users\55819\OneDrive - EPEJUD\DIEGO\OBSIDIAN\Analista de Investimentos\12_PYTHON\pipeline banco completo\outputs\Valuation_CEAB3_C&A Brasil_20260428.xlsx
2026-04-28 09:50:01,469 [INFO] pipeline: 
──────────────────────────────────────────────────────────────────────
2026-04-28 09:50:01,469 [INFO] pipeline: Processando: PETZ3 (Petz)
2026-04-28 09:50:01,469 [INFO] pipeline: ──────────────────────────────────────────────────────────────────────
2026-04-28 09:50:01,469 [INFO] pipeline: ======================================================================
2026-04-28 09:50:01,469 [INFO] pipeline: PIPELINE DE VALUATION [CONSUMO_VAREJO] — PETZ3 — Petz
2026-04-28 09:50:01,469 [INFO] pipeline: Início: 2026-04-28 09:50:01
2026-04-28 09:50:01,469 [INFO] pipeline:   Setor: consumo_varejo | Motor: WACC
2026-04-28 09:50:01,469 [INFO] pipeline: ======================================================================
2026-04-28 09:50:01,470 [INFO] pipeline: 
[1/6] Coletando dados de mercado...
2026-04-28 09:50:01,470 [INFO] pipeline:   Buscando cotação via yfinance...
2026-04-28 09:50:01,470 [INFO] pipeline.mercado: Buscando cotação atual: PETZ3.SA
2026-04-28 09:50:02,593 [ERROR] yfinance: HTTP Error 404: {"quoteSummary":{"result":null,"error":{"code":"Not Found","description":"Quote not found for symbol: PETZ3.SA"}}}
2026-04-28 09:50:03,009 [INFO] pipeline:   Cotação ON: R$ 0.00  |  Cotação PN: R$ 0.00
2026-04-28 09:50:03,630 [ERROR] yfinance: HTTP Error 404: {"quoteSummary":{"result":null,"error":{"code":"Not Found","description":"Quote not found for symbol: PETZ3.SA"}}}
2026-04-28 09:50:03,692 [INFO] pipeline.mercado: Calculando beta: PETZ3 (252 dias úteis)
2026-04-28 09:50:03,692 [INFO] pipeline.mercado: Baixando preços: PETZ3.SA (2019-01-01 → 2026-04-28)
2026-04-28 09:50:05,616 [ERROR] yfinance: HTTP Error 404: {"quoteSummary":{"result":null,"error":{"code":"Not Found","description":"Quote not found for symbol: PETZ3.SA"}}}
2026-04-28 09:50:05,828 [ERROR] yfinance: $PETZ3.SA: possibly delisted; no timezone found
2026-04-28 09:50:05,838 [ERROR] yfinance: 
1 Failed download:
2026-04-28 09:50:05,838 [ERROR] yfinance: ['PETZ3.SA']: possibly delisted; no timezone found
2026-04-28 09:50:05,840 [WARNING] pipeline.mercado: Sem dados de preços para PETZ3.SA
2026-04-28 09:50:05,841 [INFO] pipeline.mercado: Baixando preços: ^BVSP (2019-01-01 → 2026-04-28)
2026-04-28 09:50:05,874 [INFO] pipeline.mercado:   1820 dias de preços carregados
2026-04-28 09:50:05,874 [WARNING] pipeline.mercado: Dados insuficientes para calcular beta
2026-04-28 09:50:05,874 [INFO] pipeline:   Beta estatístico: 0.850 | Beta utilizado: 0.850
2026-04-28 09:50:05,875 [INFO] pipeline: 
[2/6] Coletando dados macroeconômicos (BCB)...
2026-04-28 09:50:06,218 [WARNING] pipeline.macro: Não foi possível obter Focus Selic: 400 Client Error: Bad Request for url: https://olinda.bcb.gov.br/olinda/servico/Expectativas/versao/v1/odata/ExpectativasMercadoAnuais?%24filter=Indicador%20eq%20'Selic'&%24top=100&%24format=json&%24select=Indicador,Data,Ano,Mediana
2026-04-28 09:50:06,512 [WARNING] pipeline.macro: Não foi possível obter Focus IPCA: 400 Client Error: Bad Request for url: https://olinda.bcb.gov.br/olinda/servico/Expectativas/versao/v1/odata/ExpectativasMercadoAnuais?%24filter=Indicador%20eq%20'IPCA'&%24top=100&%24format=json&%24select=Indicador,Data,Ano,Mediana
2026-04-28 09:50:06,513 [INFO] pipeline.macro: 
=== Coletando dados macroeconômicos ===
2026-04-28 09:50:06,514 [INFO] pipeline.macro: Baixando série BCB 432...
2026-04-28 09:50:06,806 [ERROR] pipeline.macro: Erro ao baixar série BCB 432: 406 Client Error: Not Acceptable for url: https://api.bcb.gov.br/dados/serie/bcdata.sgs.432/dados?formato=json&dataInicial=01%2F01%2F2010&dataFinal=28%2F04%2F2026
2026-04-28 09:50:06,807 [WARNING] pipeline.macro: Série Selic meta sem DatetimeIndex — usando fallback histórico
2026-04-28 09:50:06,807 [INFO] pipeline.macro: Baixando série BCB 12...
2026-04-28 09:50:06,905 [ERROR] pipeline.macro: Erro ao baixar série BCB 12: 406 Client Error: Not Acceptable for url: https://api.bcb.gov.br/dados/serie/bcdata.sgs.12/dados?formato=json&dataInicial=01%2F01%2F2010&dataFinal=28%2F04%2F2026
2026-04-28 09:50:06,905 [WARNING] pipeline.macro: Série DI sem DatetimeIndex — usando fallback histórico
2026-04-28 09:50:06,905 [INFO] pipeline.macro: Baixando série BCB 13522...
2026-04-28 09:50:07,026 [INFO] pipeline.macro:   Série 13522: 195 observações (2010-01-01 → 2026-03-01)
2026-04-28 09:50:07,026 [WARNING] pipeline.macro: IPCA calculado fora do intervalo plausível (46.1%) para 2020 — usando fallback
2026-04-28 09:50:07,027 [WARNING] pipeline.macro: IPCA calculado fora do intervalo plausível (159.3%) para 2021 — usando fallback
2026-04-28 09:50:07,027 [WARNING] pipeline.macro: IPCA calculado fora do intervalo plausível (191.2%) para 2022 — usando fallback
2026-04-28 09:50:07,028 [WARNING] pipeline.macro: IPCA calculado fora do intervalo plausível (71.5%) para 2023 — usando fallback
2026-04-28 09:50:07,028 [WARNING] pipeline.macro: IPCA calculado fora do intervalo plausível (67.0%) para 2024 — usando fallback
2026-04-28 09:50:07,028 [WARNING] pipeline.macro: IPCA calculado fora do intervalo plausível (80.0%) para 2025 — usando fallback
2026-04-28 09:50:07,029 [INFO] pipeline.macro: Baixando série BCB 258...
2026-04-28 09:50:07,132 [ERROR] pipeline.macro: Erro ao baixar série BCB 258: 406 Client Error: Not Acceptable for url: https://api.bcb.gov.br/dados/serie/bcdata.sgs.258/dados?formato=json&dataInicial=01%2F01%2F2010&dataFinal=28%2F04%2F2026
2026-04-28 09:50:07,132 [WARNING] pipeline.macro: Série TJLP sem DatetimeIndex — usando fallback histórico
2026-04-28 09:50:07,132 [INFO] pipeline.macro: Baixando série BCB 29039...
2026-04-28 09:50:07,255 [INFO] pipeline.macro:   Série 29039: 195 observações (2010-01-01 → 2026-03-01)
2026-04-28 09:50:07,257 [INFO] pipeline.macro: Baixando série BCB 13522...
2026-04-28 09:50:07,369 [INFO] pipeline.macro:   Série 13522: 195 observações (2010-01-01 → 2026-03-01)
2026-04-28 09:50:07,370 [WARNING] pipeline.macro: IPCA calculado fora do intervalo plausível (46.1%) para 2020 — usando fallback
2026-04-28 09:50:07,370 [WARNING] pipeline.macro: IPCA calculado fora do intervalo plausível (159.3%) para 2021 — usando fallback
2026-04-28 09:50:07,371 [WARNING] pipeline.macro: IPCA calculado fora do intervalo plausível (191.2%) para 2022 — usando fallback
2026-04-28 09:50:07,371 [WARNING] pipeline.macro: IPCA calculado fora do intervalo plausível (71.5%) para 2023 — usando fallback
2026-04-28 09:50:07,371 [WARNING] pipeline.macro: IPCA calculado fora do intervalo plausível (67.0%) para 2024 — usando fallback
2026-04-28 09:50:07,372 [WARNING] pipeline.macro: IPCA calculado fora do intervalo plausível (80.0%) para 2025 — usando fallback
2026-04-28 09:50:07,372 [INFO] pipeline.macro: 
RESUMO MACRO HISTÓRICO:
2026-04-28 09:50:07,372 [INFO] pipeline.macro:   selic_meta     : 2021: 9.25% | 2022: 13.75% | 2023: 11.75% | 2024: 11.75% | 2025: 10.00%
2026-04-28 09:50:07,372 [INFO] pipeline.macro:   selic_efet     : 2021: 4.48% | 2022: 12.33% | 2023: 13.15% | 2024: 10.73% | 2025: 10.50%
2026-04-28 09:50:07,372 [INFO] pipeline.macro:   ipca           : 2021: 10.06% | 2022: 5.62% | 2023: 4.62% | 2024: 4.83% | 2025: 4.50%
2026-04-28 09:50:07,372 [INFO] pipeline.macro:   tjlp           : 2021: 5.25% | 2022: 6.25% | 2023: 7.00% | 2024: 7.00% | 2025: 6.50%
2026-04-28 09:50:07,372 [INFO] pipeline.macro:   cds            : 2021: 0.73% | 2022: 1.26% | 2023: 0.84% | 2024: 0.81% | 2025: 0.76%
2026-04-28 09:50:07,372 [INFO] pipeline.macro:   inflacao_impl  : 2021: 10.06% | 2022: 5.62% | 2023: 4.62% | 2024: 4.83% | 2025: 4.50%
2026-04-28 09:50:07,372 [INFO] pipeline: 
[3/6] Baixando demonstrações financeiras (CVM)...
2026-04-28 09:50:07,373 [INFO] pipeline.cvm: 
==================================================
2026-04-28 09:50:07,373 [INFO] pipeline.cvm: Baixando DFP 2020...
2026-04-28 09:50:07,373 [INFO] pipeline.cvm: Baixando: https://dados.cvm.gov.br/dados/CIA_ABERTA/DOC/DFP/DADOS/dfp_cia_aberta_2020.zip
2026-04-28 09:50:11,457 [WARNING] pipeline.cvm:   Empresa 25089 não encontrada em dre 2020
2026-04-28 09:50:11,457 [INFO] pipeline.cvm: Baixando: https://dados.cvm.gov.br/dados/CIA_ABERTA/DOC/DFP/DADOS/dfp_cia_aberta_2020.zip
2026-04-28 09:50:15,958 [WARNING] pipeline.cvm:   Empresa 25089 não encontrada em bpa 2020
2026-04-28 09:50:15,958 [INFO] pipeline.cvm: Baixando: https://dados.cvm.gov.br/dados/CIA_ABERTA/DOC/DFP/DADOS/dfp_cia_aberta_2020.zip
2026-04-28 09:50:21,370 [WARNING] pipeline.cvm:   Empresa 25089 não encontrada em bpp 2020
2026-04-28 09:50:21,370 [INFO] pipeline.cvm: Baixando: https://dados.cvm.gov.br/dados/CIA_ABERTA/DOC/DFP/DADOS/dfp_cia_aberta_2020.zip
2026-04-28 09:50:26,460 [WARNING] pipeline.cvm:   Empresa 25089 não encontrada em dfc_mi 2020
2026-04-28 09:50:26,460 [INFO] pipeline.cvm: Baixando: https://dados.cvm.gov.br/dados/CIA_ABERTA/DOC/DFP/DADOS/dfp_cia_aberta_2020.zip
2026-04-28 09:50:30,433 [WARNING] pipeline.cvm:   Empresa 25089 não encontrada em dfc_md 2020
2026-04-28 09:50:30,434 [INFO] pipeline.cvm: 
==================================================
2026-04-28 09:50:30,434 [INFO] pipeline.cvm: Baixando DFP 2021...
2026-04-28 09:50:30,434 [INFO] pipeline.cvm: Baixando: https://dados.cvm.gov.br/dados/CIA_ABERTA/DOC/DFP/DADOS/dfp_cia_aberta_2021.zip
2026-04-28 09:50:35,336 [INFO] pipeline.cvm:   DFP dre 2021: 64 linhas
2026-04-28 09:50:35,337 [INFO] pipeline.cvm: Baixando: https://dados.cvm.gov.br/dados/CIA_ABERTA/DOC/DFP/DADOS/dfp_cia_aberta_2021.zip
2026-04-28 09:50:41,207 [INFO] pipeline.cvm:   DFP bpa 2021: 126 linhas
2026-04-28 09:50:41,207 [INFO] pipeline.cvm: Baixando: https://dados.cvm.gov.br/dados/CIA_ABERTA/DOC/DFP/DADOS/dfp_cia_aberta_2021.zip
2026-04-28 09:50:48,412 [INFO] pipeline.cvm:   DFP bpp 2021: 214 linhas
2026-04-28 09:50:48,412 [INFO] pipeline.cvm: Baixando: https://dados.cvm.gov.br/dados/CIA_ABERTA/DOC/DFP/DADOS/dfp_cia_aberta_2021.zip
2026-04-28 09:50:53,642 [INFO] pipeline.cvm:   DFP dfc_mi 2021: 94 linhas
2026-04-28 09:50:53,642 [INFO] pipeline.cvm: Baixando: https://dados.cvm.gov.br/dados/CIA_ABERTA/DOC/DFP/DADOS/dfp_cia_aberta_2021.zip
2026-04-28 09:50:57,291 [WARNING] pipeline.cvm:   Empresa 25089 não encontrada em dfc_md 2021
2026-04-28 09:50:57,291 [INFO] pipeline.cvm: 
==================================================
2026-04-28 09:50:57,291 [INFO] pipeline.cvm: Baixando DFP 2022...
2026-04-28 09:50:57,291 [INFO] pipeline.cvm: Baixando: https://dados.cvm.gov.br/dados/CIA_ABERTA/DOC/DFP/DADOS/dfp_cia_aberta_2022.zip
2026-04-28 09:51:01,304 [INFO] pipeline.cvm:   DFP dre 2022: 64 linhas
2026-04-28 09:51:01,304 [INFO] pipeline.cvm: Baixando: https://dados.cvm.gov.br/dados/CIA_ABERTA/DOC/DFP/DADOS/dfp_cia_aberta_2022.zip
2026-04-28 09:51:05,832 [INFO] pipeline.cvm:   DFP bpa 2022: 126 linhas
2026-04-28 09:51:05,832 [INFO] pipeline.cvm: Baixando: https://dados.cvm.gov.br/dados/CIA_ABERTA/DOC/DFP/DADOS/dfp_cia_aberta_2022.zip
2026-04-28 09:51:11,236 [INFO] pipeline.cvm:   DFP bpp 2022: 216 linhas
2026-04-28 09:51:11,236 [INFO] pipeline.cvm: Baixando: https://dados.cvm.gov.br/dados/CIA_ABERTA/DOC/DFP/DADOS/dfp_cia_aberta_2022.zip
2026-04-28 09:51:15,108 [INFO] pipeline.cvm:   DFP dfc_mi 2022: 94 linhas
2026-04-28 09:51:15,108 [INFO] pipeline.cvm: Baixando: https://dados.cvm.gov.br/dados/CIA_ABERTA/DOC/DFP/DADOS/dfp_cia_aberta_2022.zip
2026-04-28 09:51:17,670 [WARNING] pipeline.cvm:   Empresa 25089 não encontrada em dfc_md 2022
2026-04-28 09:51:17,670 [INFO] pipeline.cvm: 
==================================================
2026-04-28 09:51:17,671 [INFO] pipeline.cvm: Baixando DFP 2023...
2026-04-28 09:51:17,671 [INFO] pipeline.cvm: Baixando: https://dados.cvm.gov.br/dados/CIA_ABERTA/DOC/DFP/DADOS/dfp_cia_aberta_2023.zip
2026-04-28 09:51:23,672 [INFO] pipeline.cvm:   DFP dre 2023: 64 linhas
2026-04-28 09:51:23,673 [INFO] pipeline.cvm: Baixando: https://dados.cvm.gov.br/dados/CIA_ABERTA/DOC/DFP/DADOS/dfp_cia_aberta_2023.zip
2026-04-28 09:51:30,572 [INFO] pipeline.cvm:   DFP bpa 2023: 126 linhas
2026-04-28 09:51:30,572 [INFO] pipeline.cvm: Baixando: https://dados.cvm.gov.br/dados/CIA_ABERTA/DOC/DFP/DADOS/dfp_cia_aberta_2023.zip
2026-04-28 09:51:39,151 [INFO] pipeline.cvm:   DFP bpp 2023: 218 linhas
2026-04-28 09:51:39,151 [INFO] pipeline.cvm: Baixando: https://dados.cvm.gov.br/dados/CIA_ABERTA/DOC/DFP/DADOS/dfp_cia_aberta_2023.zip
2026-04-28 09:51:44,824 [INFO] pipeline.cvm:   DFP dfc_mi 2023: 98 linhas
2026-04-28 09:51:44,824 [INFO] pipeline.cvm: Baixando: https://dados.cvm.gov.br/dados/CIA_ABERTA/DOC/DFP/DADOS/dfp_cia_aberta_2023.zip
2026-04-28 09:51:49,145 [WARNING] pipeline.cvm:   Empresa 25089 não encontrada em dfc_md 2023
2026-04-28 09:51:49,146 [INFO] pipeline.cvm: 
==================================================
2026-04-28 09:51:49,146 [INFO] pipeline.cvm: Baixando DFP 2024...
2026-04-28 09:51:49,146 [INFO] pipeline.cvm: Baixando: https://dados.cvm.gov.br/dados/CIA_ABERTA/DOC/DFP/DADOS/dfp_cia_aberta_2024.zip
2026-04-28 09:51:53,702 [INFO] pipeline.cvm:   DFP dre 2024: 64 linhas
2026-04-28 09:51:53,702 [INFO] pipeline.cvm: Baixando: https://dados.cvm.gov.br/dados/CIA_ABERTA/DOC/DFP/DADOS/dfp_cia_aberta_2024.zip
2026-04-28 09:51:59,476 [INFO] pipeline.cvm:   DFP bpa 2024: 128 linhas
2026-04-28 09:51:59,476 [INFO] pipeline.cvm: Baixando: https://dados.cvm.gov.br/dados/CIA_ABERTA/DOC/DFP/DADOS/dfp_cia_aberta_2024.zip
2026-04-28 09:52:06,303 [INFO] pipeline.cvm:   DFP bpp 2024: 218 linhas
2026-04-28 09:52:06,304 [INFO] pipeline.cvm: Baixando: https://dados.cvm.gov.br/dados/CIA_ABERTA/DOC/DFP/DADOS/dfp_cia_aberta_2024.zip
2026-04-28 09:52:11,213 [INFO] pipeline.cvm:   DFP dfc_mi 2024: 100 linhas
2026-04-28 09:52:11,213 [INFO] pipeline.cvm: Baixando: https://dados.cvm.gov.br/dados/CIA_ABERTA/DOC/DFP/DADOS/dfp_cia_aberta_2024.zip
2026-04-28 09:52:16,060 [WARNING] pipeline.cvm:   Empresa 25089 não encontrada em dfc_md 2024
2026-04-28 09:52:16,060 [INFO] pipeline.cvm: 
==================================================
2026-04-28 09:52:16,061 [INFO] pipeline.cvm: Baixando DFP 2025...
2026-04-28 09:52:16,061 [INFO] pipeline.cvm: Baixando: https://dados.cvm.gov.br/dados/CIA_ABERTA/DOC/DFP/DADOS/dfp_cia_aberta_2025.zip
2026-04-28 09:52:21,071 [INFO] pipeline.cvm:   DFP dre 2025: 64 linhas
2026-04-28 09:52:21,072 [INFO] pipeline.cvm: Baixando: https://dados.cvm.gov.br/dados/CIA_ABERTA/DOC/DFP/DADOS/dfp_cia_aberta_2025.zip
2026-04-28 09:52:26,686 [INFO] pipeline.cvm:   DFP bpa 2025: 128 linhas
2026-04-28 09:52:26,686 [INFO] pipeline.cvm: Baixando: https://dados.cvm.gov.br/dados/CIA_ABERTA/DOC/DFP/DADOS/dfp_cia_aberta_2025.zip
2026-04-28 09:52:33,482 [INFO] pipeline.cvm:   DFP bpp 2025: 218 linhas
2026-04-28 09:52:33,482 [INFO] pipeline.cvm: Baixando: https://dados.cvm.gov.br/dados/CIA_ABERTA/DOC/DFP/DADOS/dfp_cia_aberta_2025.zip
2026-04-28 09:52:38,059 [INFO] pipeline.cvm:   DFP dfc_mi 2025: 100 linhas
2026-04-28 09:52:38,059 [INFO] pipeline.cvm: Baixando: https://dados.cvm.gov.br/dados/CIA_ABERTA/DOC/DFP/DADOS/dfp_cia_aberta_2025.zip
2026-04-28 09:52:40,170 [WARNING] pipeline.cvm:   Empresa 25089 não encontrada em dfc_md 2025
2026-04-28 09:52:40,170 [INFO] pipeline:   DFP 2020 indisponível — tentando anualizar via ITR...
2026-04-28 09:52:40,170 [INFO] pipeline.cvm: 
==================================================
2026-04-28 09:52:40,170 [INFO] pipeline.cvm: Tentando anualizar 2020 via ITR (LTM)...
2026-04-28 09:52:40,170 [INFO] pipeline.cvm: Baixando: https://dados.cvm.gov.br/dados/CIA_ABERTA/DOC/ITR/DADOS/itr_cia_aberta_2020.zip
2026-04-28 09:52:48,997 [INFO] pipeline.cvm: Baixando: https://dados.cvm.gov.br/dados/CIA_ABERTA/DOC/ITR/DADOS/itr_cia_aberta_2020.zip
2026-04-28 09:52:57,497 [INFO] pipeline.cvm: Baixando: https://dados.cvm.gov.br/dados/CIA_ABERTA/DOC/ITR/DADOS/itr_cia_aberta_2020.zip
2026-04-28 09:53:09,891 [INFO] pipeline.cvm: Baixando: https://dados.cvm.gov.br/dados/CIA_ABERTA/DOC/ITR/DADOS/itr_cia_aberta_2020.zip
2026-04-28 09:53:26,207 [INFO] pipeline.cvm: Baixando: https://dados.cvm.gov.br/dados/CIA_ABERTA/DOC/ITR/DADOS/itr_cia_aberta_2020.zip
2026-04-28 09:53:37,202 [WARNING] pipeline.cvm:   ITR 2020 não disponível — não é possível anualizar
2026-04-28 09:53:37,202 [WARNING] pipeline:   DFP 2020 e ITR indisponíveis — removido do histórico
2026-04-28 09:53:37,202 [INFO] pipeline:   Anos ajustados → Histórico: 2021-2025 | Projeção: 2026-2035
2026-04-28 09:53:37,202 [INFO] pipeline: 
[4/6] Normalizando dados...
2026-04-28 09:53:38,791 [INFO] pipeline:   DFC normalizada: 11 linhas
2026-04-28 09:53:38,793 [INFO] pipeline:   DRE normalizada:
2026-04-28 09:53:38,793 [INFO] pipeline:     receita_liquida: 2021: 2,098 | 2022: 2,835 | 2023: 3,173 | 2024: 3,323 | 2025: 3,587
2026-04-28 09:53:38,794 [INFO] pipeline:     ebit: 2021: 162 | 2022: 136 | 2023: 128 | 2024: 63 | 2025: 152
2026-04-28 09:53:38,794 [INFO] pipeline:     lucro_liquido: 2021: 75 | 2022: 51 | 2023: 16 | 2024: -43 | 2025: 40
2026-04-28 09:53:38,794 [INFO] pipeline: 
[5/6] Calculando projeções...
2026-04-28 09:53:38,795 [INFO] pipeline.projecoes: 
=== Projeções (não-financeira / FCFF) ===
2026-04-28 09:53:38,797 [INFO] pipeline.projecoes:   Margem EBITDA: 9.3% → 10.0% (conv 6a)
2026-04-28 09:53:38,798 [INFO] pipeline.projecoes:   D&A/Receita: 6.1%
2026-04-28 09:53:38,800 [INFO] pipeline.projecoes:   CAPEX/Receita: 9.6% → 4.0%
2026-04-28 09:53:38,801 [INFO] pipeline.projecoes:   NCG/Receita: 12.6% → 10.0%
2026-04-28 09:53:38,803 [INFO] pipeline.projecoes:   Alíquota efetiva: 35.2%
2026-04-28 09:53:38,803 [INFO] pipeline.projecoes: Projeções concluídas (FCFF). Resumo:
2026-04-28 09:53:38,804 [INFO] pipeline.projecoes:    Ano      Receita     EBITDA    Mg%      NOPAT       FCFF
2026-04-28 09:53:38,804 [INFO] pipeline.projecoes:   2026        3,859        363   9.4%         81        -87
2026-04-28 09:53:38,804 [INFO] pipeline.projecoes:   2027        4,135        393   9.5%         90         27
2026-04-28 09:53:38,804 [INFO] pipeline.projecoes:   2028        4,414        425   9.6%        100         86
2026-04-28 09:53:38,804 [INFO] pipeline.projecoes:   2029        4,694        458   9.8%        110        151
2026-04-28 09:53:38,804 [INFO] pipeline.projecoes:   2030        4,972        491   9.9%        120        223
2026-04-28 09:53:38,805 [INFO] pipeline: 
[6/6] Calculando valuation (FCFF / WACC)...
2026-04-28 09:53:38,805 [INFO] pipeline.valuation: 
==================================================
2026-04-28 09:53:38,805 [INFO] pipeline.valuation: VALUATION FCFF/WACC — PETZ3
2026-04-28 09:53:38,805 [INFO] pipeline.valuation:   VP FCFF (10a):     R$          774 MM
2026-04-28 09:53:38,805 [INFO] pipeline.valuation:   Valor Perp. (VP):  R$        2,558 MM
2026-04-28 09:53:38,805 [INFO] pipeline.valuation:   ENTERPRISE VALUE:  R$        3,332 MM
2026-04-28 09:53:38,805 [INFO] pipeline.valuation:   (-) Dívida Líq.:   R$         -157 MM
2026-04-28 09:53:38,807 [INFO] pipeline.valuation:   VALOR DO EQUITY:   R$        3,489 MM
2026-04-28 09:53:38,807 [INFO] pipeline.valuation:   Preço Justo ON:    R$     0.00
2026-04-28 09:53:38,807 [INFO] pipeline.valuation:   Preço Justo PN:    R$     0.00
2026-04-28 09:53:38,807 [INFO] pipeline.valuation:   Cotação ON:        R$     0.00
2026-04-28 09:53:38,807 [INFO] pipeline.valuation:   Upside ON:                0.0%
2026-04-28 09:53:38,807 [INFO] pipeline.valuation:   TIR (ON):                 0.0%
2026-04-28 09:53:38,807 [INFO] pipeline.valuation:   WACC último ano:          9.6%
2026-04-28 09:53:38,807 [WARNING] pipeline: 
[!] AVISOS DE VALIDACAO:
2026-04-28 09:53:38,808 [WARNING] pipeline:   - Preço Justo ON inválido (≤ 0)
2026-04-28 09:53:38,808 [INFO] pipeline:   Template encontrado (empresa): Valuation Petz (DCF) - VAROS 2T24.xlsx
2026-04-28 09:53:38,809 [INFO] pipeline.excel_geral: 
============================================================
2026-04-28 09:53:38,809 [INFO] pipeline.excel_geral: Escrevendo com template VAROS: Valuation Petz (DCF) - VAROS 2T24.xlsx
2026-04-28 09:54:28,707 [INFO] pipeline.excel_geral: 
Arquivo salvo: C:\Users\55819\OneDrive - EPEJUD\DIEGO\OBSIDIAN\Analista de Investimentos\12_PYTHON\pipeline banco completo\outputs\Valuation_PETZ3_Petz_20260428.xlsx
2026-04-28 09:54:28,707 [INFO] pipeline: 
======================================================================
2026-04-28 09:54:28,707 [INFO] pipeline: RESUMO DO VALUATION (FCFF/WACC)
2026-04-28 09:54:28,707 [INFO] pipeline: ======================================================================
2026-04-28 09:54:28,707 [INFO] pipeline:   Empresa:           Petz (PETZ3)
2026-04-28 09:54:28,708 [INFO] pipeline:   Enterprise Value:  R$        3,332 MM
2026-04-28 09:54:28,708 [INFO] pipeline:   Cotação ON:        R$ 0.00
2026-04-28 09:54:28,708 [INFO] pipeline:   Preço Justo ON:    R$ 0.00
2026-04-28 09:54:28,708 [INFO] pipeline:   Upside ON:            0.0%
2026-04-28 09:54:28,708 [INFO] pipeline:   TIR:                  0.0%
2026-04-28 09:54:28,708 [INFO] pipeline:   Preço Teto ON:     R$ 0.00
2026-04-28 09:54:28,708 [INFO] pipeline: 
  [!] 1 aviso(s) de validacao — verifique os logs
2026-04-28 09:54:28,708 [INFO] pipeline: 
  Arquivo gerado:    C:\Users\55819\OneDrive - EPEJUD\DIEGO\OBSIDIAN\Analista de Investimentos\12_PYTHON\pipeline banco completo\outputs\Valuation_PETZ3_Petz_20260428.xlsx
2026-04-28 09:54:28,708 [INFO] pipeline: ======================================================================
2026-04-28 09:54:28,711 [INFO] pipeline: ✓ PETZ3: arquivo gerado → C:\Users\55819\OneDrive - EPEJUD\DIEGO\OBSIDIAN\Analista de Investimentos\12_PYTHON\pipeline banco completo\outputs\Valuation_PETZ3_Petz_20260428.xlsx
2026-04-28 09:54:28,711 [INFO] pipeline: 
──────────────────────────────────────────────────────────────────────
2026-04-28 09:54:28,711 [INFO] pipeline: Processando: AZZA3 (Azzas 2154)
2026-04-28 09:54:28,711 [INFO] pipeline: ──────────────────────────────────────────────────────────────────────
2026-04-28 09:54:28,711 [INFO] pipeline: ======================================================================
2026-04-28 09:54:28,712 [INFO] pipeline: PIPELINE DE VALUATION [CONSUMO_VAREJO] — AZZA3 — Azzas 2154
2026-04-28 09:54:28,712 [INFO] pipeline: Início: 2026-04-28 09:54:28
2026-04-28 09:54:28,712 [INFO] pipeline:   Setor: consumo_varejo | Motor: WACC
2026-04-28 09:54:28,712 [INFO] pipeline: ======================================================================
2026-04-28 09:54:28,712 [INFO] pipeline: 
[1/6] Coletando dados de mercado...
2026-04-28 09:54:28,712 [INFO] pipeline:   Buscando cotação via yfinance...
2026-04-28 09:54:28,713 [INFO] pipeline.mercado: Buscando cotação atual: AZZA3.SA
2026-04-28 09:54:30,081 [INFO] pipeline:   Cotação ON: R$ 21.90  |  Cotação PN: R$ 0.00
2026-04-28 09:54:30,218 [INFO] pipeline.mercado: Calculando beta: AZZA3 (252 dias úteis)
2026-04-28 09:54:30,218 [INFO] pipeline.mercado: Baixando preços: AZZA3.SA (2019-01-01 → 2026-04-28)
2026-04-28 09:54:30,773 [INFO] pipeline.mercado:   1820 dias de preços carregados
2026-04-28 09:54:30,773 [INFO] pipeline.mercado: Baixando preços: ^BVSP (2019-01-01 → 2026-04-28)
2026-04-28 09:54:30,833 [INFO] pipeline.mercado:   1820 dias de preços carregados
2026-04-28 09:54:30,839 [INFO] pipeline.mercado:   Beta estatístico: 1.6169 | R²: 0.290 | n=251
2026-04-28 09:54:30,842 [INFO] pipeline:   Beta estatístico: 1.617 | Beta utilizado: 0.850
2026-04-28 09:54:30,843 [INFO] pipeline: 
[2/6] Coletando dados macroeconômicos (BCB)...
2026-04-28 09:54:31,463 [WARNING] pipeline.macro: Não foi possível obter Focus Selic: 400 Client Error: Bad Request for url: https://olinda.bcb.gov.br/olinda/servico/Expectativas/versao/v1/odata/ExpectativasMercadoAnuais?%24filter=Indicador%20eq%20'Selic'&%24top=100&%24format=json&%24select=Indicador,Data,Ano,Mediana
2026-04-28 09:54:31,757 [WARNING] pipeline.macro: Não foi possível obter Focus IPCA: 400 Client Error: Bad Request for url: https://olinda.bcb.gov.br/olinda/servico/Expectativas/versao/v1/odata/ExpectativasMercadoAnuais?%24filter=Indicador%20eq%20'IPCA'&%24top=100&%24format=json&%24select=Indicador,Data,Ano,Mediana
2026-04-28 09:54:31,758 [INFO] pipeline.macro: 
=== Coletando dados macroeconômicos ===
2026-04-28 09:54:31,758 [INFO] pipeline.macro: Baixando série BCB 432...
2026-04-28 09:54:32,091 [ERROR] pipeline.macro: Erro ao baixar série BCB 432: 406 Client Error: Not Acceptable for url: https://api.bcb.gov.br/dados/serie/bcdata.sgs.432/dados?formato=json&dataInicial=01%2F01%2F2010&dataFinal=28%2F04%2F2026
2026-04-28 09:54:32,092 [WARNING] pipeline.macro: Série Selic meta sem DatetimeIndex — usando fallback histórico
2026-04-28 09:54:32,092 [INFO] pipeline.macro: Baixando série BCB 12...
2026-04-28 09:54:32,193 [ERROR] pipeline.macro: Erro ao baixar série BCB 12: 406 Client Error: Not Acceptable for url: https://api.bcb.gov.br/dados/serie/bcdata.sgs.12/dados?formato=json&dataInicial=01%2F01%2F2010&dataFinal=28%2F04%2F2026
2026-04-28 09:54:32,193 [WARNING] pipeline.macro: Série DI sem DatetimeIndex — usando fallback histórico
2026-04-28 09:54:32,193 [INFO] pipeline.macro: Baixando série BCB 13522...
2026-04-28 09:54:32,675 [INFO] pipeline.macro:   Série 13522: 195 observações (2010-01-01 → 2026-03-01)
2026-04-28 09:54:32,676 [WARNING] pipeline.macro: IPCA calculado fora do intervalo plausível (46.1%) para 2020 — usando fallback
2026-04-28 09:54:32,677 [WARNING] pipeline.macro: IPCA calculado fora do intervalo plausível (159.3%) para 2021 — usando fallback
2026-04-28 09:54:32,677 [WARNING] pipeline.macro: IPCA calculado fora do intervalo plausível (191.2%) para 2022 — usando fallback
2026-04-28 09:54:32,678 [WARNING] pipeline.macro: IPCA calculado fora do intervalo plausível (71.5%) para 2023 — usando fallback
2026-04-28 09:54:32,679 [WARNING] pipeline.macro: IPCA calculado fora do intervalo plausível (67.0%) para 2024 — usando fallback
2026-04-28 09:54:32,679 [WARNING] pipeline.macro: IPCA calculado fora do intervalo plausível (80.0%) para 2025 — usando fallback
2026-04-28 09:54:32,680 [INFO] pipeline.macro: Baixando série BCB 258...
2026-04-28 09:54:32,776 [ERROR] pipeline.macro: Erro ao baixar série BCB 258: 406 Client Error: Not Acceptable for url: https://api.bcb.gov.br/dados/serie/bcdata.sgs.258/dados?formato=json&dataInicial=01%2F01%2F2010&dataFinal=28%2F04%2F2026
2026-04-28 09:54:32,777 [WARNING] pipeline.macro: Série TJLP sem DatetimeIndex — usando fallback histórico
2026-04-28 09:54:32,777 [INFO] pipeline.macro: Baixando série BCB 29039...
2026-04-28 09:54:32,893 [INFO] pipeline.macro:   Série 29039: 195 observações (2010-01-01 → 2026-03-01)
2026-04-28 09:54:32,897 [INFO] pipeline.macro: Baixando série BCB 13522...
2026-04-28 09:54:33,020 [INFO] pipeline.macro:   Série 13522: 195 observações (2010-01-01 → 2026-03-01)
2026-04-28 09:54:33,021 [WARNING] pipeline.macro: IPCA calculado fora do intervalo plausível (46.1%) para 2020 — usando fallback
2026-04-28 09:54:33,022 [WARNING] pipeline.macro: IPCA calculado fora do intervalo plausível (159.3%) para 2021 — usando fallback
2026-04-28 09:54:33,022 [WARNING] pipeline.macro: IPCA calculado fora do intervalo plausível (191.2%) para 2022 — usando fallback
2026-04-28 09:54:33,025 [WARNING] pipeline.macro: IPCA calculado fora do intervalo plausível (71.5%) para 2023 — usando fallback
2026-04-28 09:54:33,025 [WARNING] pipeline.macro: IPCA calculado fora do intervalo plausível (67.0%) para 2024 — usando fallback
2026-04-28 09:54:33,026 [WARNING] pipeline.macro: IPCA calculado fora do intervalo plausível (80.0%) para 2025 — usando fallback
2026-04-28 09:54:33,026 [INFO] pipeline.macro: 
RESUMO MACRO HISTÓRICO:
2026-04-28 09:54:33,027 [INFO] pipeline.macro:   selic_meta     : 2021: 9.25% | 2022: 13.75% | 2023: 11.75% | 2024: 11.75% | 2025: 10.00%
2026-04-28 09:54:33,027 [INFO] pipeline.macro:   selic_efet     : 2021: 4.48% | 2022: 12.33% | 2023: 13.15% | 2024: 10.73% | 2025: 10.50%
2026-04-28 09:54:33,027 [INFO] pipeline.macro:   ipca           : 2021: 10.06% | 2022: 5.62% | 2023: 4.62% | 2024: 4.83% | 2025: 4.50%
2026-04-28 09:54:33,027 [INFO] pipeline.macro:   tjlp           : 2021: 5.25% | 2022: 6.25% | 2023: 7.00% | 2024: 7.00% | 2025: 6.50%
2026-04-28 09:54:33,027 [INFO] pipeline.macro:   cds            : 2021: 0.73% | 2022: 1.26% | 2023: 0.84% | 2024: 0.81% | 2025: 0.76%
2026-04-28 09:54:33,027 [INFO] pipeline.macro:   inflacao_impl  : 2021: 10.06% | 2022: 5.62% | 2023: 4.62% | 2024: 4.83% | 2025: 4.50%
2026-04-28 09:54:33,027 [INFO] pipeline: 
[3/6] Baixando demonstrações financeiras (CVM)...
2026-04-28 09:54:33,027 [INFO] pipeline.cvm: 
==================================================
2026-04-28 09:54:33,027 [INFO] pipeline.cvm: Baixando DFP 2020...
2026-04-28 09:54:33,027 [INFO] pipeline.cvm: Baixando: https://dados.cvm.gov.br/dados/CIA_ABERTA/DOC/DFP/DADOS/dfp_cia_aberta_2020.zip
2026-04-28 09:54:36,239 [INFO] pipeline.cvm:   DFP dre 2020: 68 linhas
2026-04-28 09:54:36,239 [INFO] pipeline.cvm: Baixando: https://dados.cvm.gov.br/dados/CIA_ABERTA/DOC/DFP/DADOS/dfp_cia_aberta_2020.zip
2026-04-28 09:54:41,136 [INFO] pipeline.cvm:   DFP bpa 2020: 132 linhas
2026-04-28 09:54:41,136 [INFO] pipeline.cvm: Baixando: https://dados.cvm.gov.br/dados/CIA_ABERTA/DOC/DFP/DADOS/dfp_cia_aberta_2020.zip
2026-04-28 09:54:47,016 [INFO] pipeline.cvm:   DFP bpp 2020: 216 linhas
2026-04-28 09:54:47,016 [INFO] pipeline.cvm: Baixando: https://dados.cvm.gov.br/dados/CIA_ABERTA/DOC/DFP/DADOS/dfp_cia_aberta_2020.zip
2026-04-28 09:54:51,163 [INFO] pipeline.cvm:   DFP dfc_mi 2020: 96 linhas
2026-04-28 09:54:51,164 [INFO] pipeline.cvm: Baixando: https://dados.cvm.gov.br/dados/CIA_ABERTA/DOC/DFP/DADOS/dfp_cia_aberta_2020.zip
2026-04-28 09:54:53,938 [WARNING] pipeline.cvm:   Empresa 22349 não encontrada em dfc_md 2020
2026-04-28 09:54:53,938 [INFO] pipeline.cvm: 
==================================================
2026-04-28 09:54:53,938 [INFO] pipeline.cvm: Baixando DFP 2021...
2026-04-28 09:54:53,939 [INFO] pipeline.cvm: Baixando: https://dados.cvm.gov.br/dados/CIA_ABERTA/DOC/DFP/DADOS/dfp_cia_aberta_2021.zip
2026-04-28 09:54:57,628 [INFO] pipeline.cvm:   DFP dre 2021: 68 linhas
2026-04-28 09:54:57,628 [INFO] pipeline.cvm: Baixando: https://dados.cvm.gov.br/dados/CIA_ABERTA/DOC/DFP/DADOS/dfp_cia_aberta_2021.zip
2026-04-28 09:55:02,389 [INFO] pipeline.cvm:   DFP bpa 2021: 140 linhas
2026-04-28 09:55:02,390 [INFO] pipeline.cvm: Baixando: https://dados.cvm.gov.br/dados/CIA_ABERTA/DOC/DFP/DADOS/dfp_cia_aberta_2021.zip
2026-04-28 09:55:10,070 [INFO] pipeline.cvm:   DFP bpp 2021: 224 linhas
2026-04-28 09:55:10,070 [INFO] pipeline.cvm: Baixando: https://dados.cvm.gov.br/dados/CIA_ABERTA/DOC/DFP/DADOS/dfp_cia_aberta_2021.zip
2026-04-28 09:55:15,049 [INFO] pipeline.cvm:   DFP dfc_mi 2021: 96 linhas
2026-04-28 09:55:15,049 [INFO] pipeline.cvm: Baixando: https://dados.cvm.gov.br/dados/CIA_ABERTA/DOC/DFP/DADOS/dfp_cia_aberta_2021.zip
2026-04-28 09:55:18,161 [WARNING] pipeline.cvm:   Empresa 22349 não encontrada em dfc_md 2021
2026-04-28 09:55:18,161 [INFO] pipeline.cvm: 
==================================================
2026-04-28 09:55:18,161 [INFO] pipeline.cvm: Baixando DFP 2022...
2026-04-28 09:55:18,162 [INFO] pipeline.cvm: Baixando: https://dados.cvm.gov.br/dados/CIA_ABERTA/DOC/DFP/DADOS/dfp_cia_aberta_2022.zip
2026-04-28 09:55:22,825 [INFO] pipeline.cvm:   DFP dre 2022: 68 linhas
2026-04-28 09:55:22,826 [INFO] pipeline.cvm: Baixando: https://dados.cvm.gov.br/dados/CIA_ABERTA/DOC/DFP/DADOS/dfp_cia_aberta_2022.zip
2026-04-28 09:55:29,474 [INFO] pipeline.cvm:   DFP bpa 2022: 146 linhas
2026-04-28 09:55:29,474 [INFO] pipeline.cvm: Baixando: https://dados.cvm.gov.br/dados/CIA_ABERTA/DOC/DFP/DADOS/dfp_cia_aberta_2022.zip
2026-04-28 09:55:39,518 [INFO] pipeline.cvm:   DFP bpp 2022: 226 linhas
2026-04-28 09:55:39,519 [INFO] pipeline.cvm: Baixando: https://dados.cvm.gov.br/dados/CIA_ABERTA/DOC/DFP/DADOS/dfp_cia_aberta_2022.zip
2026-04-28 09:55:46,223 [INFO] pipeline.cvm:   DFP dfc_mi 2022: 104 linhas
2026-04-28 09:55:46,223 [INFO] pipeline.cvm: Baixando: https://dados.cvm.gov.br/dados/CIA_ABERTA/DOC/DFP/DADOS/dfp_cia_aberta_2022.zip
2026-04-28 09:55:53,034 [WARNING] pipeline.cvm:   Empresa 22349 não encontrada em dfc_md 2022
2026-04-28 09:55:53,035 [INFO] pipeline.cvm: 
==================================================
2026-04-28 09:55:53,035 [INFO] pipeline.cvm: Baixando DFP 2023...
2026-04-28 09:55:53,035 [INFO] pipeline.cvm: Baixando: https://dados.cvm.gov.br/dados/CIA_ABERTA/DOC/DFP/DADOS/dfp_cia_aberta_2023.zip
2026-04-28 09:56:02,504 [INFO] pipeline.cvm:   DFP dre 2023: 68 linhas
2026-04-28 09:56:02,504 [INFO] pipeline.cvm: Baixando: https://dados.cvm.gov.br/dados/CIA_ABERTA/DOC/DFP/DADOS/dfp_cia_aberta_2023.zip
2026-04-28 09:56:08,967 [INFO] pipeline.cvm:   DFP bpa 2023: 146 linhas
2026-04-28 09:56:08,967 [INFO] pipeline.cvm: Baixando: https://dados.cvm.gov.br/dados/CIA_ABERTA/DOC/DFP/DADOS/dfp_cia_aberta_2023.zip
2026-04-28 09:56:17,354 [INFO] pipeline.cvm:   DFP bpp 2023: 234 linhas
2026-04-28 09:56:17,354 [INFO] pipeline.cvm: Baixando: https://dados.cvm.gov.br/dados/CIA_ABERTA/DOC/DFP/DADOS/dfp_cia_aberta_2023.zip
2026-04-28 09:56:21,705 [INFO] pipeline.cvm:   DFP dfc_mi 2023: 106 linhas
2026-04-28 09:56:21,705 [INFO] pipeline.cvm: Baixando: https://dados.cvm.gov.br/dados/CIA_ABERTA/DOC/DFP/DADOS/dfp_cia_aberta_2023.zip
2026-04-28 09:56:24,230 [WARNING] pipeline.cvm:   Empresa 22349 não encontrada em dfc_md 2023
2026-04-28 09:56:24,230 [INFO] pipeline.cvm: 
==================================================
2026-04-28 09:56:24,230 [INFO] pipeline.cvm: Baixando DFP 2024...
2026-04-28 09:56:24,230 [INFO] pipeline.cvm: Baixando: https://dados.cvm.gov.br/dados/CIA_ABERTA/DOC/DFP/DADOS/dfp_cia_aberta_2024.zip
2026-04-28 09:56:27,784 [INFO] pipeline.cvm:   DFP dre 2024: 68 linhas
2026-04-28 09:56:27,784 [INFO] pipeline.cvm: Baixando: https://dados.cvm.gov.br/dados/CIA_ABERTA/DOC/DFP/DADOS/dfp_cia_aberta_2024.zip
2026-04-28 09:56:33,627 [INFO] pipeline.cvm:   DFP bpa 2024: 146 linhas
2026-04-28 09:56:33,627 [INFO] pipeline.cvm: Baixando: https://dados.cvm.gov.br/dados/CIA_ABERTA/DOC/DFP/DADOS/dfp_cia_aberta_2024.zip
2026-04-28 09:56:40,872 [INFO] pipeline.cvm:   DFP bpp 2024: 236 linhas
2026-04-28 09:56:40,872 [INFO] pipeline.cvm: Baixando: https://dados.cvm.gov.br/dados/CIA_ABERTA/DOC/DFP/DADOS/dfp_cia_aberta_2024.zip
2026-04-28 09:56:49,545 [INFO] pipeline.cvm:   DFP dfc_mi 2024: 112 linhas
2026-04-28 09:56:49,545 [INFO] pipeline.cvm: Baixando: https://dados.cvm.gov.br/dados/CIA_ABERTA/DOC/DFP/DADOS/dfp_cia_aberta_2024.zip
2026-04-28 09:56:57,165 [WARNING] pipeline.cvm:   Empresa 22349 não encontrada em dfc_md 2024
2026-04-28 09:56:57,165 [INFO] pipeline.cvm: 
==================================================
2026-04-28 09:56:57,165 [INFO] pipeline.cvm: Baixando DFP 2025...
2026-04-28 09:56:57,165 [INFO] pipeline.cvm: Baixando: https://dados.cvm.gov.br/dados/CIA_ABERTA/DOC/DFP/DADOS/dfp_cia_aberta_2025.zip
2026-04-28 09:57:04,950 [INFO] pipeline.cvm:   DFP dre 2025: 68 linhas
2026-04-28 09:57:04,950 [INFO] pipeline.cvm: Baixando: https://dados.cvm.gov.br/dados/CIA_ABERTA/DOC/DFP/DADOS/dfp_cia_aberta_2025.zip
2026-04-28 09:57:13,050 [INFO] pipeline.cvm:   DFP bpa 2025: 146 linhas
2026-04-28 09:57:13,051 [INFO] pipeline.cvm: Baixando: https://dados.cvm.gov.br/dados/CIA_ABERTA/DOC/DFP/DADOS/dfp_cia_aberta_2025.zip
2026-04-28 09:57:22,854 [INFO] pipeline.cvm:   DFP bpp 2025: 238 linhas
2026-04-28 09:57:22,854 [INFO] pipeline.cvm: Baixando: https://dados.cvm.gov.br/dados/CIA_ABERTA/DOC/DFP/DADOS/dfp_cia_aberta_2025.zip
2026-04-28 09:57:31,325 [INFO] pipeline.cvm:   DFP dfc_mi 2025: 120 linhas
2026-04-28 09:57:31,326 [INFO] pipeline.cvm: Baixando: https://dados.cvm.gov.br/dados/CIA_ABERTA/DOC/DFP/DADOS/dfp_cia_aberta_2025.zip
2026-04-28 09:57:36,482 [WARNING] pipeline.cvm:   Empresa 22349 não encontrada em dfc_md 2025
2026-04-28 09:57:36,482 [INFO] pipeline: 
[4/6] Normalizando dados...
2026-04-28 09:57:37,993 [INFO] pipeline:   DFC normalizada: 11 linhas
2026-04-28 09:57:37,995 [INFO] pipeline:   DRE normalizada:
2026-04-28 09:57:37,995 [INFO] pipeline:     receita_liquida: 2020: 1,591 | 2021: 2,924 | 2022: 4,234 | 2023: 4,847 | 2024: 8,380 | 2025: 11,819
2026-04-28 09:57:37,996 [INFO] pipeline:     ebit: 2020: 92 | 2021: 469 | 2022: 550 | 2023: 559 | 2024: 384 | 2025: 1,138
2026-04-28 09:57:37,996 [INFO] pipeline:     lucro_liquido: 2020: 49 | 2021: 345 | 2022: 425 | 2023: 399 | 2024: 342 | 2025: 911
2026-04-28 09:57:37,996 [INFO] pipeline: 
[5/6] Calculando projeções...
2026-04-28 09:57:37,996 [INFO] pipeline.projecoes: 
=== Projeções (não-financeira / FCFF) ===
2026-04-28 09:57:37,997 [INFO] pipeline.projecoes:   Margem EBITDA: 14.0% → 18.0% (conv 6a)
2026-04-28 09:57:37,998 [INFO] pipeline.projecoes:   D&A/Receita: 4.5%
2026-04-28 09:57:37,998 [INFO] pipeline.projecoes:   CAPEX/Receita: 6.2% → 4.0%
2026-04-28 09:57:37,999 [INFO] pipeline.projecoes:   NCG/Receita: 27.5% → 10.0%
2026-04-28 09:57:38,001 [INFO] pipeline.projecoes:   Alíquota efetiva: 15.0%
2026-04-28 09:57:38,001 [INFO] pipeline.projecoes: Projeções concluídas (FCFF). Resumo:
2026-04-28 09:57:38,001 [INFO] pipeline.projecoes:    Ano      Receita     EBITDA    Mg%      NOPAT       FCFF
2026-04-28 09:57:38,001 [INFO] pipeline.projecoes:   2026       12,716      1,865  14.7%      1,148      1,114
2026-04-28 09:57:38,001 [INFO] pipeline.projecoes:   2027       13,627      2,089  15.3%      1,311      1,462
2026-04-28 09:57:38,001 [INFO] pipeline.projecoes:   2028       14,547      2,327  16.0%      1,486      1,755
2026-04-28 09:57:38,001 [INFO] pipeline.projecoes:   2029       15,468      2,578  16.7%      1,672      2,070
2026-04-28 09:57:38,001 [INFO] pipeline.projecoes:   2030       16,383      2,840  17.3%      1,869      2,403
2026-04-28 09:57:38,002 [INFO] pipeline.valuation:   Estrutura de capital: E=67% | D=33%
2026-04-28 09:57:38,002 [INFO] pipeline: 
[6/6] Calculando valuation (FCFF / WACC)...
2026-04-28 09:57:38,002 [INFO] pipeline.valuation: 
==================================================
2026-04-28 09:57:38,002 [INFO] pipeline.valuation: VALUATION FCFF/WACC — AZZA3
2026-04-28 09:57:38,002 [INFO] pipeline.valuation:   VP FCFF (10a):     R$       10,644 MM
2026-04-28 09:57:38,002 [INFO] pipeline.valuation:   Valor Perp. (VP):  R$       17,014 MM
2026-04-28 09:57:38,002 [INFO] pipeline.valuation:   ENTERPRISE VALUE:  R$       27,659 MM
2026-04-28 09:57:38,002 [INFO] pipeline.valuation:   (-) Dívida Líq.:   R$        2,145 MM
2026-04-28 09:57:38,002 [INFO] pipeline.valuation:   VALOR DO EQUITY:   R$       25,514 MM
2026-04-28 09:57:38,002 [INFO] pipeline.valuation:   Preço Justo ON:    R$   126.31
2026-04-28 09:57:38,003 [INFO] pipeline.valuation:   Preço Justo PN:    R$   126.31
2026-04-28 09:57:38,003 [INFO] pipeline.valuation:   Cotação ON:        R$    21.90
2026-04-28 09:57:38,003 [INFO] pipeline.valuation:   Upside ON:              476.8%
2026-04-28 09:57:38,003 [INFO] pipeline.valuation:   TIR (ON):                39.0%
2026-04-28 09:57:38,003 [INFO] pipeline.valuation:   WACC último ano:         10.8%
2026-04-28 09:57:38,004 [INFO] pipeline:   Sem template VAROS para AZZA3 — Excel será criado do zero
2026-04-28 09:57:38,004 [INFO] pipeline.excel_geral: 
============================================================
2026-04-28 09:57:38,005 [INFO] pipeline.excel_geral: Criando Excel completo (12 abas) para: Azzas 2154 (AZZA3)
2026-04-28 09:57:38,006 [INFO] pipeline.excel_geral:   → 1/12  Dashboard
2026-04-28 09:57:38,015 [INFO] pipeline.excel_geral:   → 2/12  WACC
2026-04-28 09:57:38,065 [INFO] pipeline.excel_geral:   → 3/12  TIR ON
2026-04-28 09:57:38,078 [INFO] pipeline.excel_geral:   → 4/12  TIR PN
2026-04-28 09:57:38,090 [INFO] pipeline.excel_geral:   → 5/12  Valor do Equity
2026-04-28 09:57:38,097 [INFO] pipeline.excel_geral:   → 6/12  Preço Teto
2026-04-28 09:57:38,105 [INFO] pipeline.excel_geral:   → 7/12  DRE + DCF
2026-04-28 09:57:38,214 [INFO] pipeline.excel_geral:   → 8/12  DRE Contas Abertas
2026-04-28 09:57:38,266 [INFO] pipeline.excel_geral:   → 9/12  Balanço Patrimonial
2026-04-28 09:57:38,303 [INFO] pipeline.excel_geral:   → 10/12 Painel de Índices
2026-04-28 09:57:38,357 [INFO] pipeline.excel_geral:   → 11/12 Projeções Premissas
2026-04-28 09:57:38,377 [INFO] pipeline.excel_geral:   → 12/12 Projeções Capex e CG
2026-04-28 09:57:38,462 [INFO] pipeline.excel_geral: 
Arquivo salvo: C:\Users\55819\OneDrive - EPEJUD\DIEGO\OBSIDIAN\Analista de Investimentos\12_PYTHON\pipeline banco completo\outputs\Valuation_AZZA3_Azzas 2154_20260428.xlsx
2026-04-28 09:57:38,462 [INFO] pipeline: 
======================================================================
2026-04-28 09:57:38,462 [INFO] pipeline: RESUMO DO VALUATION (FCFF/WACC)
2026-04-28 09:57:38,462 [INFO] pipeline: ======================================================================
2026-04-28 09:57:38,462 [INFO] pipeline:   Empresa:           Azzas 2154 (AZZA3)
2026-04-28 09:57:38,462 [INFO] pipeline:   Enterprise Value:  R$       27,659 MM
2026-04-28 09:57:38,462 [INFO] pipeline:   Cotação ON:        R$ 21.90
2026-04-28 09:57:38,462 [INFO] pipeline:   Preço Justo ON:    R$ 126.31
2026-04-28 09:57:38,462 [INFO] pipeline:   Upside ON:            476.8%
2026-04-28 09:57:38,462 [INFO] pipeline:   TIR:                  39.0%
2026-04-28 09:57:38,462 [INFO] pipeline:   Preço Teto ON:     R$ 126.31
2026-04-28 09:57:38,462 [INFO] pipeline: 
  Arquivo gerado:    C:\Users\55819\OneDrive - EPEJUD\DIEGO\OBSIDIAN\Analista de Investimentos\12_PYTHON\pipeline banco completo\outputs\Valuation_AZZA3_Azzas 2154_20260428.xlsx
2026-04-28 09:57:38,463 [INFO] pipeline: ======================================================================
2026-04-28 09:57:38,466 [INFO] pipeline: ✓ AZZA3: arquivo gerado → C:\Users\55819\OneDrive - EPEJUD\DIEGO\OBSIDIAN\Analista de Investimentos\12_PYTHON\pipeline banco completo\outputs\Valuation_AZZA3_Azzas 2154_20260428.xlsx
2026-04-28 09:57:38,466 [INFO] pipeline: 
──────────────────────────────────────────────────────────────────────
2026-04-28 09:57:38,466 [INFO] pipeline: Processando: AMAR3 (Marisa Lojas)
2026-04-28 09:57:38,466 [INFO] pipeline: ──────────────────────────────────────────────────────────────────────
2026-04-28 09:57:38,466 [INFO] pipeline: ======================================================================
2026-04-28 09:57:38,466 [INFO] pipeline: PIPELINE DE VALUATION [CONSUMO_VAREJO] — AMAR3 — Marisa Lojas
2026-04-28 09:57:38,466 [INFO] pipeline: Início: 2026-04-28 09:57:38
2026-04-28 09:57:38,466 [INFO] pipeline:   Setor: consumo_varejo | Motor: WACC
2026-04-28 09:57:38,466 [INFO] pipeline: ======================================================================
2026-04-28 09:57:38,466 [INFO] pipeline: 
[1/6] Coletando dados de mercado...
2026-04-28 09:57:38,467 [INFO] pipeline:   Buscando cotação via yfinance...
2026-04-28 09:57:38,467 [INFO] pipeline.mercado: Buscando cotação atual: AMAR3.SA
2026-04-28 09:57:39,798 [INFO] pipeline:   Cotação ON: R$ 0.87  |  Cotação PN: R$ 0.00
2026-04-28 09:57:39,931 [INFO] pipeline.mercado: Calculando beta: AMAR3 (252 dias úteis)
2026-04-28 09:57:39,931 [INFO] pipeline.mercado: Baixando preços: AMAR3.SA (2019-01-01 → 2026-04-28)
2026-04-28 09:57:40,541 [INFO] pipeline.mercado:   1820 dias de preços carregados
2026-04-28 09:57:40,542 [INFO] pipeline.mercado: Baixando preços: ^BVSP (2019-01-01 → 2026-04-28)
2026-04-28 09:57:40,584 [INFO] pipeline.mercado:   1820 dias de preços carregados
2026-04-28 09:57:40,588 [INFO] pipeline.mercado:   Beta estatístico: 0.1504 | R²: 0.004 | n=251
2026-04-28 09:57:40,590 [INFO] pipeline:   Beta estatístico: 0.150 | Beta utilizado: 0.850
2026-04-28 09:57:40,590 [INFO] pipeline: 
[2/6] Coletando dados macroeconômicos (BCB)...
2026-04-28 09:57:40,913 [WARNING] pipeline.macro: Não foi possível obter Focus Selic: 400 Client Error: Bad Request for url: https://olinda.bcb.gov.br/olinda/servico/Expectativas/versao/v1/odata/ExpectativasMercadoAnuais?%24filter=Indicador%20eq%20'Selic'&%24top=100&%24format=json&%24select=Indicador,Data,Ano,Mediana
2026-04-28 09:57:41,495 [WARNING] pipeline.macro: Não foi possível obter Focus IPCA: 400 Client Error: Bad Request for url: https://olinda.bcb.gov.br/olinda/servico/Expectativas/versao/v1/odata/ExpectativasMercadoAnuais?%24filter=Indicador%20eq%20'IPCA'&%24top=100&%24format=json&%24select=Indicador,Data,Ano,Mediana
2026-04-28 09:57:41,496 [INFO] pipeline.macro: 
=== Coletando dados macroeconômicos ===
2026-04-28 09:57:41,496 [INFO] pipeline.macro: Baixando série BCB 432...
2026-04-28 09:57:41,768 [ERROR] pipeline.macro: Erro ao baixar série BCB 432: 406 Client Error: Not Acceptable for url: https://api.bcb.gov.br/dados/serie/bcdata.sgs.432/dados?formato=json&dataInicial=01%2F01%2F2010&dataFinal=28%2F04%2F2026
2026-04-28 09:57:41,769 [WARNING] pipeline.macro: Série Selic meta sem DatetimeIndex — usando fallback histórico
2026-04-28 09:57:41,769 [INFO] pipeline.macro: Baixando série BCB 12...
2026-04-28 09:57:41,883 [ERROR] pipeline.macro: Erro ao baixar série BCB 12: 406 Client Error: Not Acceptable for url: https://api.bcb.gov.br/dados/serie/bcdata.sgs.12/dados?formato=json&dataInicial=01%2F01%2F2010&dataFinal=28%2F04%2F2026
2026-04-28 09:57:41,883 [WARNING] pipeline.macro: Série DI sem DatetimeIndex — usando fallback histórico
2026-04-28 09:57:41,883 [INFO] pipeline.macro: Baixando série BCB 13522...
2026-04-28 09:57:41,999 [INFO] pipeline.macro:   Série 13522: 195 observações (2010-01-01 → 2026-03-01)
2026-04-28 09:57:42,000 [WARNING] pipeline.macro: IPCA calculado fora do intervalo plausível (46.1%) para 2020 — usando fallback
2026-04-28 09:57:42,000 [WARNING] pipeline.macro: IPCA calculado fora do intervalo plausível (159.3%) para 2021 — usando fallback
2026-04-28 09:57:42,001 [WARNING] pipeline.macro: IPCA calculado fora do intervalo plausível (191.2%) para 2022 — usando fallback
2026-04-28 09:57:42,001 [WARNING] pipeline.macro: IPCA calculado fora do intervalo plausível (71.5%) para 2023 — usando fallback
2026-04-28 09:57:42,001 [WARNING] pipeline.macro: IPCA calculado fora do intervalo plausível (67.0%) para 2024 — usando fallback
2026-04-28 09:57:42,002 [WARNING] pipeline.macro: IPCA calculado fora do intervalo plausível (80.0%) para 2025 — usando fallback
2026-04-28 09:57:42,002 [INFO] pipeline.macro: Baixando série BCB 258...
2026-04-28 09:57:42,127 [ERROR] pipeline.macro: Erro ao baixar série BCB 258: 406 Client Error: Not Acceptable for url: https://api.bcb.gov.br/dados/serie/bcdata.sgs.258/dados?formato=json&dataInicial=01%2F01%2F2010&dataFinal=28%2F04%2F2026
2026-04-28 09:57:42,128 [WARNING] pipeline.macro: Série TJLP sem DatetimeIndex — usando fallback histórico
2026-04-28 09:57:42,128 [INFO] pipeline.macro: Baixando série BCB 29039...
2026-04-28 09:57:42,242 [INFO] pipeline.macro:   Série 29039: 195 observações (2010-01-01 → 2026-03-01)
2026-04-28 09:57:42,245 [INFO] pipeline.macro: Baixando série BCB 13522...
2026-04-28 09:57:42,363 [INFO] pipeline.macro:   Série 13522: 195 observações (2010-01-01 → 2026-03-01)
2026-04-28 09:57:42,364 [WARNING] pipeline.macro: IPCA calculado fora do intervalo plausível (46.1%) para 2020 — usando fallback
2026-04-28 09:57:42,364 [WARNING] pipeline.macro: IPCA calculado fora do intervalo plausível (159.3%) para 2021 — usando fallback
2026-04-28 09:57:42,365 [WARNING] pipeline.macro: IPCA calculado fora do intervalo plausível (191.2%) para 2022 — usando fallback
2026-04-28 09:57:42,365 [WARNING] pipeline.macro: IPCA calculado fora do intervalo plausível (71.5%) para 2023 — usando fallback
2026-04-28 09:57:42,365 [WARNING] pipeline.macro: IPCA calculado fora do intervalo plausível (67.0%) para 2024 — usando fallback
2026-04-28 09:57:42,366 [WARNING] pipeline.macro: IPCA calculado fora do intervalo plausível (80.0%) para 2025 — usando fallback
2026-04-28 09:57:42,366 [INFO] pipeline.macro: 
RESUMO MACRO HISTÓRICO:
2026-04-28 09:57:42,366 [INFO] pipeline.macro:   selic_meta     : 2021: 9.25% | 2022: 13.75% | 2023: 11.75% | 2024: 11.75% | 2025: 10.00%
2026-04-28 09:57:42,366 [INFO] pipeline.macro:   selic_efet     : 2021: 4.48% | 2022: 12.33% | 2023: 13.15% | 2024: 10.73% | 2025: 10.50%
2026-04-28 09:57:42,366 [INFO] pipeline.macro:   ipca           : 2021: 10.06% | 2022: 5.62% | 2023: 4.62% | 2024: 4.83% | 2025: 4.50%
2026-04-28 09:57:42,366 [INFO] pipeline.macro:   tjlp           : 2021: 5.25% | 2022: 6.25% | 2023: 7.00% | 2024: 7.00% | 2025: 6.50%
2026-04-28 09:57:42,366 [INFO] pipeline.macro:   cds            : 2021: 0.73% | 2022: 1.26% | 2023: 0.84% | 2024: 0.81% | 2025: 0.76%
2026-04-28 09:57:42,366 [INFO] pipeline.macro:   inflacao_impl  : 2021: 10.06% | 2022: 5.62% | 2023: 4.62% | 2024: 4.83% | 2025: 4.50%
2026-04-28 09:57:42,366 [INFO] pipeline: 
[3/6] Baixando demonstrações financeiras (CVM)...
2026-04-28 09:57:42,367 [INFO] pipeline.cvm: 
==================================================
2026-04-28 09:57:42,367 [INFO] pipeline.cvm: Baixando DFP 2020...
2026-04-28 09:57:42,367 [INFO] pipeline.cvm: Baixando: https://dados.cvm.gov.br/dados/CIA_ABERTA/DOC/DFP/DADOS/dfp_cia_aberta_2020.zip
2026-04-28 09:57:46,022 [INFO] pipeline.cvm:   DFP dre 2020: 62 linhas
2026-04-28 09:57:46,022 [INFO] pipeline.cvm: Baixando: https://dados.cvm.gov.br/dados/CIA_ABERTA/DOC/DFP/DADOS/dfp_cia_aberta_2020.zip
2026-04-28 09:57:49,868 [INFO] pipeline.cvm:   DFP bpa 2020: 130 linhas
2026-04-28 09:57:49,868 [INFO] pipeline.cvm: Baixando: https://dados.cvm.gov.br/dados/CIA_ABERTA/DOC/DFP/DADOS/dfp_cia_aberta_2020.zip
2026-04-28 09:57:54,888 [INFO] pipeline.cvm:   DFP bpp 2020: 222 linhas
2026-04-28 09:57:54,888 [INFO] pipeline.cvm: Baixando: https://dados.cvm.gov.br/dados/CIA_ABERTA/DOC/DFP/DADOS/dfp_cia_aberta_2020.zip
2026-04-28 09:57:58,358 [INFO] pipeline.cvm:   DFP dfc_mi 2020: 118 linhas
2026-04-28 09:57:58,358 [INFO] pipeline.cvm: Baixando: https://dados.cvm.gov.br/dados/CIA_ABERTA/DOC/DFP/DADOS/dfp_cia_aberta_2020.zip
2026-04-28 09:58:01,023 [WARNING] pipeline.cvm:   Empresa 22055 não encontrada em dfc_md 2020
2026-04-28 09:58:01,023 [INFO] pipeline.cvm: 
==================================================
2026-04-28 09:58:01,023 [INFO] pipeline.cvm: Baixando DFP 2021...
2026-04-28 09:58:01,023 [INFO] pipeline.cvm: Baixando: https://dados.cvm.gov.br/dados/CIA_ABERTA/DOC/DFP/DADOS/dfp_cia_aberta_2021.zip
2026-04-28 09:58:04,753 [INFO] pipeline.cvm:   DFP dre 2021: 60 linhas
2026-04-28 09:58:04,753 [INFO] pipeline.cvm: Baixando: https://dados.cvm.gov.br/dados/CIA_ABERTA/DOC/DFP/DADOS/dfp_cia_aberta_2021.zip
2026-04-28 09:58:09,107 [INFO] pipeline.cvm:   DFP bpa 2021: 130 linhas
2026-04-28 09:58:09,107 [INFO] pipeline.cvm: Baixando: https://dados.cvm.gov.br/dados/CIA_ABERTA/DOC/DFP/DADOS/dfp_cia_aberta_2021.zip
2026-04-28 09:58:17,317 [INFO] pipeline.cvm:   DFP bpp 2021: 224 linhas
2026-04-28 09:58:17,318 [INFO] pipeline.cvm: Baixando: https://dados.cvm.gov.br/dados/CIA_ABERTA/DOC/DFP/DADOS/dfp_cia_aberta_2021.zip
2026-04-28 09:58:25,278 [INFO] pipeline.cvm:   DFP dfc_mi 2021: 106 linhas
2026-04-28 09:58:25,278 [INFO] pipeline.cvm: Baixando: https://dados.cvm.gov.br/dados/CIA_ABERTA/DOC/DFP/DADOS/dfp_cia_aberta_2021.zip
2026-04-28 09:58:30,463 [WARNING] pipeline.cvm:   Empresa 22055 não encontrada em dfc_md 2021
2026-04-28 09:58:30,463 [INFO] pipeline.cvm: 
==================================================
2026-04-28 09:58:30,463 [INFO] pipeline.cvm: Baixando DFP 2022...
2026-04-28 09:58:30,463 [INFO] pipeline.cvm: Baixando: https://dados.cvm.gov.br/dados/CIA_ABERTA/DOC/DFP/DADOS/dfp_cia_aberta_2022.zip
2026-04-28 09:58:36,549 [INFO] pipeline.cvm:   DFP dre 2022: 62 linhas
2026-04-28 09:58:36,550 [INFO] pipeline.cvm: Baixando: https://dados.cvm.gov.br/dados/CIA_ABERTA/DOC/DFP/DADOS/dfp_cia_aberta_2022.zip
2026-04-28 09:58:43,540 [INFO] pipeline.cvm:   DFP bpa 2022: 130 linhas
2026-04-28 09:58:43,540 [INFO] pipeline.cvm: Baixando: https://dados.cvm.gov.br/dados/CIA_ABERTA/DOC/DFP/DADOS/dfp_cia_aberta_2022.zip
2026-04-28 09:58:51,486 [INFO] pipeline.cvm:   DFP bpp 2022: 224 linhas
2026-04-28 09:58:51,486 [INFO] pipeline.cvm: Baixando: https://dados.cvm.gov.br/dados/CIA_ABERTA/DOC/DFP/DADOS/dfp_cia_aberta_2022.zip
2026-04-28 09:58:57,775 [INFO] pipeline.cvm:   DFP dfc_mi 2022: 116 linhas
2026-04-28 09:58:57,775 [INFO] pipeline.cvm: Baixando: https://dados.cvm.gov.br/dados/CIA_ABERTA/DOC/DFP/DADOS/dfp_cia_aberta_2022.zip
2026-04-28 09:59:01,960 [WARNING] pipeline.cvm:   Empresa 22055 não encontrada em dfc_md 2022
2026-04-28 09:59:01,960 [INFO] pipeline.cvm: 
==================================================
2026-04-28 09:59:01,960 [INFO] pipeline.cvm: Baixando DFP 2023...
2026-04-28 09:59:01,960 [INFO] pipeline.cvm: Baixando: https://dados.cvm.gov.br/dados/CIA_ABERTA/DOC/DFP/DADOS/dfp_cia_aberta_2023.zip
2026-04-28 09:59:06,588 [INFO] pipeline.cvm:   DFP dre 2023: 62 linhas
2026-04-28 09:59:06,588 [INFO] pipeline.cvm: Baixando: https://dados.cvm.gov.br/dados/CIA_ABERTA/DOC/DFP/DADOS/dfp_cia_aberta_2023.zip
2026-04-28 09:59:11,721 [INFO] pipeline.cvm:   DFP bpa 2023: 132 linhas
2026-04-28 09:59:11,721 [INFO] pipeline.cvm: Baixando: https://dados.cvm.gov.br/dados/CIA_ABERTA/DOC/DFP/DADOS/dfp_cia_aberta_2023.zip
2026-04-28 09:59:18,184 [INFO] pipeline.cvm:   DFP bpp 2023: 226 linhas
2026-04-28 09:59:18,185 [INFO] pipeline.cvm: Baixando: https://dados.cvm.gov.br/dados/CIA_ABERTA/DOC/DFP/DADOS/dfp_cia_aberta_2023.zip
2026-04-28 09:59:22,582 [INFO] pipeline.cvm:   DFP dfc_mi 2023: 120 linhas
2026-04-28 09:59:22,583 [INFO] pipeline.cvm: Baixando: https://dados.cvm.gov.br/dados/CIA_ABERTA/DOC/DFP/DADOS/dfp_cia_aberta_2023.zip
2026-04-28 09:59:25,570 [WARNING] pipeline.cvm:   Empresa 22055 não encontrada em dfc_md 2023
2026-04-28 09:59:25,570 [INFO] pipeline.cvm: 
==================================================
2026-04-28 09:59:25,570 [INFO] pipeline.cvm: Baixando DFP 2024...
2026-04-28 09:59:25,570 [INFO] pipeline.cvm: Baixando: https://dados.cvm.gov.br/dados/CIA_ABERTA/DOC/DFP/DADOS/dfp_cia_aberta_2024.zip
2026-04-28 09:59:30,292 [INFO] pipeline.cvm:   DFP dre 2024: 62 linhas
2026-04-28 09:59:30,292 [INFO] pipeline.cvm: Baixando: https://dados.cvm.gov.br/dados/CIA_ABERTA/DOC/DFP/DADOS/dfp_cia_aberta_2024.zip
2026-04-28 09:59:37,143 [INFO] pipeline.cvm:   DFP bpa 2024: 132 linhas
2026-04-28 09:59:37,143 [INFO] pipeline.cvm: Baixando: https://dados.cvm.gov.br/dados/CIA_ABERTA/DOC/DFP/DADOS/dfp_cia_aberta_2024.zip
2026-04-28 09:59:44,797 [INFO] pipeline.cvm:   DFP bpp 2024: 228 linhas
2026-04-28 09:59:44,797 [INFO] pipeline.cvm: Baixando: https://dados.cvm.gov.br/dados/CIA_ABERTA/DOC/DFP/DADOS/dfp_cia_aberta_2024.zip
2026-04-28 09:59:51,383 [INFO] pipeline.cvm:   DFP dfc_mi 2024: 120 linhas
2026-04-28 09:59:51,384 [INFO] pipeline.cvm: Baixando: https://dados.cvm.gov.br/dados/CIA_ABERTA/DOC/DFP/DADOS/dfp_cia_aberta_2024.zip
2026-04-28 09:59:57,097 [WARNING] pipeline.cvm:   Empresa 22055 não encontrada em dfc_md 2024
2026-04-28 09:59:57,097 [INFO] pipeline.cvm: 
==================================================
2026-04-28 09:59:57,097 [INFO] pipeline.cvm: Baixando DFP 2025...
2026-04-28 09:59:57,097 [INFO] pipeline.cvm: Baixando: https://dados.cvm.gov.br/dados/CIA_ABERTA/DOC/DFP/DADOS/dfp_cia_aberta_2025.zip
2026-04-28 10:00:07,402 [INFO] pipeline.cvm:   DFP dre 2025: 62 linhas
2026-04-28 10:00:07,402 [INFO] pipeline.cvm: Baixando: https://dados.cvm.gov.br/dados/CIA_ABERTA/DOC/DFP/DADOS/dfp_cia_aberta_2025.zip
2026-04-28 10:00:25,734 [INFO] pipeline.cvm:   DFP bpa 2025: 132 linhas
2026-04-28 10:00:25,734 [INFO] pipeline.cvm: Baixando: https://dados.cvm.gov.br/dados/CIA_ABERTA/DOC/DFP/DADOS/dfp_cia_aberta_2025.zip
2026-04-28 10:00:47,092 [INFO] pipeline.cvm:   DFP bpp 2025: 230 linhas
2026-04-28 10:00:47,092 [INFO] pipeline.cvm: Baixando: https://dados.cvm.gov.br/dados/CIA_ABERTA/DOC/DFP/DADOS/dfp_cia_aberta_2025.zip
2026-04-28 10:00:58,184 [INFO] pipeline.cvm:   DFP dfc_mi 2025: 120 linhas
2026-04-28 10:00:58,184 [INFO] pipeline.cvm: Baixando: https://dados.cvm.gov.br/dados/CIA_ABERTA/DOC/DFP/DADOS/dfp_cia_aberta_2025.zip
2026-04-28 10:01:09,897 [WARNING] pipeline.cvm:   Empresa 22055 não encontrada em dfc_md 2025
2026-04-28 10:01:09,898 [INFO] pipeline: 
[4/6] Normalizando dados...
2026-04-28 10:01:11,564 [INFO] pipeline:   DFC normalizada: 11 linhas
2026-04-28 10:01:11,568 [INFO] pipeline:   DRE normalizada:
2026-04-28 10:01:11,568 [INFO] pipeline:     receita_liquida: 2020: 2,139 | 2021: 2,525 | 2022: 2,750 | 2023: 1,646 | 2024: 1,392 | 2025: 1,483
2026-04-28 10:01:11,568 [INFO] pipeline:     ebit: 2020: -293 | 2021: 5 | 2022: -241 | 2023: -289 | 2024: -44 | 2025: 197
2026-04-28 10:01:11,569 [INFO] pipeline:     lucro_liquido: 2020: -864 | 2021: -72 | 2022: -519 | 2023: -521 | 2024: -316 | 2025: -60
2026-04-28 10:01:11,569 [INFO] pipeline: 
[5/6] Calculando projeções...
2026-04-28 10:01:11,570 [INFO] pipeline.projecoes: 
=== Projeções (não-financeira / FCFF) ===
2026-04-28 10:01:11,571 [INFO] pipeline.projecoes:   Margem EBITDA: 16.6% → 5.0% (conv 6a)
2026-04-28 10:01:11,571 [INFO] pipeline.projecoes:   D&A/Receita: 3.3%
2026-04-28 10:01:11,573 [INFO] pipeline.projecoes:   CAPEX/Receita: 3.0% → 4.0%
2026-04-28 10:01:11,574 [INFO] pipeline.projecoes:   NCG/Receita: 8.4% → 10.0%
2026-04-28 10:01:11,577 [INFO] pipeline.projecoes:   Alíquota efetiva: 15.0%
2026-04-28 10:01:11,577 [INFO] pipeline.projecoes: Projeções concluídas (FCFF). Resumo:
2026-04-28 10:01:11,577 [INFO] pipeline.projecoes:    Ano      Receita     EBITDA    Mg%      NOPAT       FCFF
2026-04-28 10:01:11,577 [INFO] pipeline.projecoes:   2026        1,593        234  14.7%        154         14
2026-04-28 10:01:11,577 [INFO] pipeline.projecoes:   2027        1,702        217  12.7%        137        120
2026-04-28 10:01:11,577 [INFO] pipeline.projecoes:   2028        1,808        195  10.8%        115         95
2026-04-28 10:01:11,577 [INFO] pipeline.projecoes:   2029        1,911        170   8.9%         90         65
2026-04-28 10:01:11,577 [INFO] pipeline.projecoes:   2030        2,008        139   6.9%         62         32
2026-04-28 10:01:11,577 [INFO] pipeline.valuation:   Estrutura de capital: E=37% | D=63%
2026-04-28 10:01:11,578 [INFO] pipeline: 
[6/6] Calculando valuation (FCFF / WACC)...
2026-04-28 10:01:11,578 [INFO] pipeline.valuation: 
==================================================
2026-04-28 10:01:11,578 [INFO] pipeline.valuation: VALUATION FCFF/WACC — AMAR3
2026-04-28 10:01:11,579 [INFO] pipeline.valuation:   VP FCFF (10a):     R$          245 MM
2026-04-28 10:01:11,579 [INFO] pipeline.valuation:   Valor Perp. (VP):  R$           45 MM
2026-04-28 10:01:11,579 [INFO] pipeline.valuation:   ENTERPRISE VALUE:  R$          290 MM
2026-04-28 10:01:11,579 [INFO] pipeline.valuation:   (-) Dívida Líq.:   R$          758 MM
2026-04-28 10:01:11,579 [INFO] pipeline.valuation:   VALOR DO EQUITY:   R$         -468 MM
2026-04-28 10:01:11,579 [INFO] pipeline.valuation:   Preço Justo ON:    R$    -0.91
2026-04-28 10:01:11,579 [INFO] pipeline.valuation:   Preço Justo PN:    R$    -0.91
2026-04-28 10:01:11,579 [INFO] pipeline.valuation:   Cotação ON:        R$     0.87
2026-04-28 10:01:11,579 [INFO] pipeline.valuation:   Upside ON:             -204.6%
2026-04-28 10:01:11,579 [INFO] pipeline.valuation:   TIR (ON):                 7.9%
2026-04-28 10:01:11,580 [INFO] pipeline.valuation:   WACC último ano:         10.8%
2026-04-28 10:01:11,580 [WARNING] pipeline: 
[!] AVISOS DE VALIDACAO:
2026-04-28 10:01:11,580 [WARNING] pipeline:   - Valor do Equity negativo ou zero: R$ -468 MM
2026-04-28 10:01:11,580 [WARNING] pipeline:   - Preço Justo ON inválido (≤ 0)
2026-04-28 10:01:11,581 [INFO] pipeline:   Sem template VAROS para AMAR3 — Excel será criado do zero
2026-04-28 10:01:11,582 [INFO] pipeline.excel_geral: 
============================================================
2026-04-28 10:01:11,582 [INFO] pipeline.excel_geral: Criando Excel completo (12 abas) para: Marisa Lojas (AMAR3)
2026-04-28 10:01:11,583 [INFO] pipeline.excel_geral:   → 1/12  Dashboard
2026-04-28 10:01:11,594 [INFO] pipeline.excel_geral:   → 2/12  WACC
2026-04-28 10:01:11,645 [INFO] pipeline.excel_geral:   → 3/12  TIR ON
2026-04-28 10:01:11,663 [INFO] pipeline.excel_geral:   → 4/12  TIR PN
2026-04-28 10:01:11,681 [INFO] pipeline.excel_geral:   → 5/12  Valor do Equity
2026-04-28 10:01:11,691 [INFO] pipeline.excel_geral:   → 6/12  Preço Teto
2026-04-28 10:01:11,703 [INFO] pipeline.excel_geral:   → 7/12  DRE + DCF
2026-04-28 10:01:11,841 [INFO] pipeline.excel_geral:   → 8/12  DRE Contas Abertas
2026-04-28 10:01:11,907 [INFO] pipeline.excel_geral:   → 9/12  Balanço Patrimonial
2026-04-28 10:01:11,953 [INFO] pipeline.excel_geral:   → 10/12 Painel de Índices
2026-04-28 10:01:12,079 [INFO] pipeline.excel_geral:   → 11/12 Projeções Premissas
2026-04-28 10:01:12,150 [INFO] pipeline.excel_geral:   → 12/12 Projeções Capex e CG
2026-04-28 10:01:12,291 [INFO] pipeline.excel_geral: 
Arquivo salvo: C:\Users\55819\OneDrive - EPEJUD\DIEGO\OBSIDIAN\Analista de Investimentos\12_PYTHON\pipeline banco completo\outputs\Valuation_AMAR3_Marisa Lojas_20260428.xlsx
2026-04-28 10:01:12,292 [INFO] pipeline: 
======================================================================
2026-04-28 10:01:12,292 [INFO] pipeline: RESUMO DO VALUATION (FCFF/WACC)
2026-04-28 10:01:12,292 [INFO] pipeline: ======================================================================
2026-04-28 10:01:12,292 [INFO] pipeline:   Empresa:           Marisa Lojas (AMAR3)
2026-04-28 10:01:12,292 [INFO] pipeline:   Enterprise Value:  R$          290 MM
2026-04-28 10:01:12,292 [INFO] pipeline:   Cotação ON:        R$ 0.87
2026-04-28 10:01:12,292 [INFO] pipeline:   Preço Justo ON:    R$ -0.91
2026-04-28 10:01:12,292 [INFO] pipeline:   Upside ON:            -204.6%
2026-04-28 10:01:12,292 [INFO] pipeline:   TIR:                  7.9%
2026-04-28 10:01:12,292 [INFO] pipeline:   Preço Teto ON:     R$ -0.91
2026-04-28 10:01:12,292 [INFO] pipeline: 
  [!] 2 aviso(s) de validacao — verifique os logs
2026-04-28 10:01:12,292 [INFO] pipeline: 
  Arquivo gerado:    C:\Users\55819\OneDrive - EPEJUD\DIEGO\OBSIDIAN\Analista de Investimentos\12_PYTHON\pipeline banco completo\outputs\Valuation_AMAR3_Marisa Lojas_20260428.xlsx
2026-04-28 10:01:12,292 [INFO] pipeline: ======================================================================
2026-04-28 10:01:12,299 [INFO] pipeline: ✓ AMAR3: arquivo gerado → C:\Users\55819\OneDrive - EPEJUD\DIEGO\OBSIDIAN\Analista de Investimentos\12_PYTHON\pipeline banco completo\outputs\Valuation_AMAR3_Marisa Lojas_20260428.xlsx
2026-04-28 10:01:12,299 [INFO] pipeline: 
======================================================================
2026-04-28 10:01:12,299 [INFO] pipeline: RESUMO DO BATCH
2026-04-28 10:01:12,299 [INFO] pipeline: ======================================================================
2026-04-28 10:01:12,299 [INFO] pipeline:   Total:     12
2026-04-28 10:01:12,300 [INFO] pipeline:   Sucesso:   12
2026-04-28 10:01:12,300 [INFO] pipeline:   Erros:     0
2026-04-28 10:01:12,300 [INFO] pipeline: 
2026-04-28 10:01:12,300 [INFO] pipeline:   Ticker       Cotação ON  Preço Justo ON   Upside      TIR
2026-04-28 10:01:12,300 [INFO] pipeline:   ────────── ──────────── ─────────────── ──────── ────────
2026-04-28 10:01:12,300 [INFO] pipeline:   LREN3        R$   13.97     R$   40.84      192.3%      24.0%
2026-04-28 10:01:12,301 [INFO] pipeline:   MGLU3        R$    8.53     R$   -8.30     -197.3%       6.0%
2026-04-28 10:01:12,301 [INFO] pipeline:   BHIA3        R$    2.70     R$    2.45       -9.3%      18.2%
2026-04-28 10:01:12,301 [INFO] pipeline:   ASAI3        R$    9.58     R$   -3.55     -137.1%       6.0%
2026-04-28 10:01:12,301 [INFO] pipeline:   PCAR3        R$    2.34     R$    0.79      -66.2%       9.7%
2026-04-28 10:01:12,301 [INFO] pipeline:   VIVA3        R$   25.46     R$61061.11     239731.5%     150.0%
2026-04-28 10:01:12,301 [INFO] pipeline:   SBFG3        R$   11.55     R$   48.37      318.8%      33.0%
2026-04-28 10:01:12,302 [INFO] pipeline:   NTCO3        R$    0.00     R$    0.00        0.0%       0.0%
2026-04-28 10:01:12,302 [INFO] pipeline:   CEAB3        R$   11.20     R$   27.77      148.0%      26.9%
2026-04-28 10:01:12,302 [INFO] pipeline:   PETZ3        R$    0.00     R$    0.00        0.0%       0.0%
2026-04-28 10:01:12,302 [INFO] pipeline:   AZZA3        R$   21.90     R$  126.31      476.8%      39.0%
2026-04-28 10:01:12,302 [INFO] pipeline:   AMAR3        R$    0.87     R$   -0.91     -204.6%       7.9%
2026-04-28 10:01:12,302 [INFO] pipeline: ======================================================================
