2026-04-27 22:57:37,799 [INFO] pipeline:   Setor 'consumo_varejo': 12 tickers
2026-04-27 22:57:37,799 [INFO] pipeline: ======================================================================
2026-04-27 22:57:37,799 [INFO] pipeline: MODO BATCH — 12 empresa(s): LREN3, MGLU3, BHIA3, ASAI3, PCAR3, VIVA3, SBFG3, NTCO3, CEAB3, PETZ3, AZZA3, AMAR3
2026-04-27 22:57:37,799 [INFO] pipeline: ======================================================================
2026-04-27 22:57:37,799 [INFO] pipeline: 
──────────────────────────────────────────────────────────────────────
2026-04-27 22:57:37,800 [INFO] pipeline: Processando: LREN3 (Lojas Renner)
2026-04-27 22:57:37,800 [INFO] pipeline: ──────────────────────────────────────────────────────────────────────
2026-04-27 22:57:37,800 [INFO] pipeline: ======================================================================
2026-04-27 22:57:37,800 [INFO] pipeline: PIPELINE DE VALUATION [CONSUMO_VAREJO] — LREN3 — Lojas Renner
2026-04-27 22:57:37,800 [INFO] pipeline: Início: 2026-04-27 22:57:37
2026-04-27 22:57:37,801 [INFO] pipeline:   Setor: consumo_varejo | Motor: WACC
2026-04-27 22:57:37,801 [INFO] pipeline: ======================================================================
2026-04-27 22:57:37,801 [INFO] pipeline: 
[1/6] Coletando dados de mercado...
2026-04-27 22:57:38,672 [INFO] pipeline:   Buscando cotação via yfinance...
2026-04-27 22:57:38,673 [INFO] pipeline.mercado: Buscando cotação atual: LREN3.SA
2026-04-27 22:57:39,913 [INFO] pipeline:   Cotação ON: R$ 13.97  |  Cotação PN: R$ 0.00
2026-04-27 22:57:40,038 [INFO] pipeline.mercado: Calculando beta: LREN3 (252 dias úteis)
2026-04-27 22:57:40,039 [INFO] pipeline.mercado: Baixando preços: LREN3.SA (2019-01-01 → 2026-04-27)
2026-04-27 22:57:41,225 [INFO] pipeline.mercado:   1819 dias de preços carregados
2026-04-27 22:57:41,328 [INFO] pipeline.mercado:   Beta estatístico: 1.4812 | R²: 0.424 | n=251
2026-04-27 22:57:41,332 [INFO] pipeline:   Beta estatístico: 1.481 | Beta utilizado: 0.850
2026-04-27 22:57:41,332 [INFO] pipeline: 
[2/6] Coletando dados macroeconômicos (BCB)...
2026-04-27 22:57:41,700 [WARNING] pipeline.macro: Não foi possível obter Focus Selic: 400 Client Error: Bad Request for url: https://olinda.bcb.gov.br/olinda/servico/Expectativas/versao/v1/odata/ExpectativasMercadoAnuais?%24filter=Indicador%20eq%20'Selic'&%24top=100&%24format=json&%24select=Indicador,Data,Ano,Mediana
2026-04-27 22:57:41,970 [WARNING] pipeline.macro: Não foi possível obter Focus IPCA: 400 Client Error: Bad Request for url: https://olinda.bcb.gov.br/olinda/servico/Expectativas/versao/v1/odata/ExpectativasMercadoAnuais?%24filter=Indicador%20eq%20'IPCA'&%24top=100&%24format=json&%24select=Indicador,Data,Ano,Mediana
2026-04-27 22:57:41,971 [INFO] pipeline.macro: 
=== Coletando dados macroeconômicos ===
2026-04-27 22:57:41,972 [INFO] pipeline.macro: Baixando série BCB 432...
2026-04-27 22:57:42,322 [ERROR] pipeline.macro: Erro ao baixar série BCB 432: 406 Client Error: Not Acceptable for url: https://api.bcb.gov.br/dados/serie/bcdata.sgs.432/dados?formato=json&dataInicial=01%2F01%2F2010&dataFinal=27%2F04%2F2026
2026-04-27 22:57:42,322 [WARNING] pipeline.macro: Série Selic meta sem DatetimeIndex — usando fallback histórico
2026-04-27 22:57:42,323 [INFO] pipeline.macro: Baixando série BCB 12...
2026-04-27 22:57:42,430 [ERROR] pipeline.macro: Erro ao baixar série BCB 12: 406 Client Error: Not Acceptable for url: https://api.bcb.gov.br/dados/serie/bcdata.sgs.12/dados?formato=json&dataInicial=01%2F01%2F2010&dataFinal=27%2F04%2F2026
2026-04-27 22:57:42,430 [WARNING] pipeline.macro: Série DI sem DatetimeIndex — usando fallback histórico
2026-04-27 22:57:42,435 [WARNING] pipeline.macro: IPCA calculado fora do intervalo plausível (55.3%) para 2019 — usando fallback
2026-04-27 22:57:42,436 [WARNING] pipeline.macro: IPCA calculado fora do intervalo plausível (46.1%) para 2020 — usando fallback
2026-04-27 22:57:42,436 [WARNING] pipeline.macro: IPCA calculado fora do intervalo plausível (159.3%) para 2021 — usando fallback
2026-04-27 22:57:42,436 [WARNING] pipeline.macro: IPCA calculado fora do intervalo plausível (191.2%) para 2022 — usando fallback
2026-04-27 22:57:42,437 [WARNING] pipeline.macro: IPCA calculado fora do intervalo plausível (71.5%) para 2023 — usando fallback
2026-04-27 22:57:42,437 [WARNING] pipeline.macro: IPCA calculado fora do intervalo plausível (67.0%) para 2024 — usando fallback
2026-04-27 22:57:42,437 [INFO] pipeline.macro: Baixando série BCB 258...
2026-04-27 22:57:42,536 [ERROR] pipeline.macro: Erro ao baixar série BCB 258: 406 Client Error: Not Acceptable for url: https://api.bcb.gov.br/dados/serie/bcdata.sgs.258/dados?formato=json&dataInicial=01%2F01%2F2010&dataFinal=27%2F04%2F2026
2026-04-27 22:57:42,536 [WARNING] pipeline.macro: Série TJLP sem DatetimeIndex — usando fallback histórico
2026-04-27 22:57:42,545 [WARNING] pipeline.macro: IPCA calculado fora do intervalo plausível (55.3%) para 2019 — usando fallback
2026-04-27 22:57:42,545 [WARNING] pipeline.macro: IPCA calculado fora do intervalo plausível (46.1%) para 2020 — usando fallback
2026-04-27 22:57:42,546 [WARNING] pipeline.macro: IPCA calculado fora do intervalo plausível (159.3%) para 2021 — usando fallback
2026-04-27 22:57:42,546 [WARNING] pipeline.macro: IPCA calculado fora do intervalo plausível (191.2%) para 2022 — usando fallback
2026-04-27 22:57:42,547 [WARNING] pipeline.macro: IPCA calculado fora do intervalo plausível (71.5%) para 2023 — usando fallback
2026-04-27 22:57:42,547 [WARNING] pipeline.macro: IPCA calculado fora do intervalo plausível (67.0%) para 2024 — usando fallback
2026-04-27 22:57:42,547 [INFO] pipeline.macro: 
RESUMO MACRO HISTÓRICO:
2026-04-27 22:57:42,547 [INFO] pipeline.macro:   selic_meta     : 2020: 2.00% | 2021: 9.25% | 2022: 13.75% | 2023: 11.75% | 2024: 11.75%
2026-04-27 22:57:42,547 [INFO] pipeline.macro:   selic_efet     : 2020: 2.28% | 2021: 4.48% | 2022: 12.33% | 2023: 13.15% | 2024: 10.73%
2026-04-27 22:57:42,547 [INFO] pipeline.macro:   ipca           : 2020: 4.52% | 2021: 10.06% | 2022: 5.62% | 2023: 4.62% | 2024: 4.83%
2026-04-27 22:57:42,547 [INFO] pipeline.macro:   tjlp           : 2020: 5.25% | 2021: 5.25% | 2022: 6.25% | 2023: 7.00% | 2024: 7.00%
2026-04-27 22:57:42,547 [INFO] pipeline.macro:   cds            : 2020: 0.44% | 2021: 0.73% | 2022: 1.26% | 2023: 0.84% | 2024: 0.81%
2026-04-27 22:57:42,547 [INFO] pipeline.macro:   inflacao_impl  : 2020: 4.52% | 2021: 10.06% | 2022: 5.62% | 2023: 4.62% | 2024: 4.83%
2026-04-27 22:57:42,547 [INFO] pipeline: 
[3/6] Baixando demonstrações financeiras (CVM)...
2026-04-27 22:57:42,550 [INFO] pipeline.cvm: 
==================================================
2026-04-27 22:57:42,550 [INFO] pipeline.cvm: Baixando DFP 2019...
2026-04-27 22:57:42,781 [WARNING] pipeline.cvm:   Empresa 14486 não encontrada em dre 2019
2026-04-27 22:57:43,169 [WARNING] pipeline.cvm:   Empresa 14486 não encontrada em bpa 2019
2026-04-27 22:57:43,829 [WARNING] pipeline.cvm:   Empresa 14486 não encontrada em bpp 2019
2026-04-27 22:57:44,170 [WARNING] pipeline.cvm:   Empresa 14486 não encontrada em dfc_mi 2019
2026-04-27 22:57:44,213 [WARNING] pipeline.cvm:   Empresa 14486 não encontrada em dfc_md 2019
2026-04-27 22:57:44,214 [INFO] pipeline.cvm: 
==================================================
2026-04-27 22:57:44,214 [INFO] pipeline.cvm: Baixando DFP 2020...
2026-04-27 22:57:44,518 [WARNING] pipeline.cvm:   Empresa 14486 não encontrada em dre 2020
2026-04-27 22:57:45,013 [WARNING] pipeline.cvm:   Empresa 14486 não encontrada em bpa 2020
2026-04-27 22:57:45,786 [WARNING] pipeline.cvm:   Empresa 14486 não encontrada em bpp 2020
2026-04-27 22:57:46,174 [WARNING] pipeline.cvm:   Empresa 14486 não encontrada em dfc_mi 2020
2026-04-27 22:57:46,210 [WARNING] pipeline.cvm:   Empresa 14486 não encontrada em dfc_md 2020
2026-04-27 22:57:46,210 [INFO] pipeline.cvm: 
==================================================
2026-04-27 22:57:46,211 [INFO] pipeline.cvm: Baixando DFP 2021...
2026-04-27 22:57:46,499 [WARNING] pipeline.cvm:   Empresa 14486 não encontrada em dre 2021
2026-04-27 22:57:47,003 [WARNING] pipeline.cvm:   Empresa 14486 não encontrada em bpa 2021
2026-04-27 22:57:47,819 [WARNING] pipeline.cvm:   Empresa 14486 não encontrada em bpp 2021
2026-04-27 22:57:48,223 [WARNING] pipeline.cvm:   Empresa 14486 não encontrada em dfc_mi 2021
2026-04-27 22:57:48,270 [WARNING] pipeline.cvm:   Empresa 14486 não encontrada em dfc_md 2021
2026-04-27 22:57:48,271 [INFO] pipeline.cvm: 
==================================================
2026-04-27 22:57:48,271 [INFO] pipeline.cvm: Baixando DFP 2022...
2026-04-27 22:57:48,548 [WARNING] pipeline.cvm:   Empresa 14486 não encontrada em dre 2022
2026-04-27 22:57:49,097 [WARNING] pipeline.cvm:   Empresa 14486 não encontrada em bpa 2022
2026-04-27 22:57:49,914 [WARNING] pipeline.cvm:   Empresa 14486 não encontrada em bpp 2022
2026-04-27 22:57:50,355 [WARNING] pipeline.cvm:   Empresa 14486 não encontrada em dfc_mi 2022
2026-04-27 22:57:50,400 [WARNING] pipeline.cvm:   Empresa 14486 não encontrada em dfc_md 2022
2026-04-27 22:57:50,402 [INFO] pipeline.cvm: 
==================================================
2026-04-27 22:57:50,402 [INFO] pipeline.cvm: Baixando DFP 2023...
2026-04-27 22:57:50,663 [WARNING] pipeline.cvm:   Empresa 14486 não encontrada em dre 2023
2026-04-27 22:57:51,201 [WARNING] pipeline.cvm:   Empresa 14486 não encontrada em bpa 2023
2026-04-27 22:57:52,078 [WARNING] pipeline.cvm:   Empresa 14486 não encontrada em bpp 2023
2026-04-27 22:57:52,528 [WARNING] pipeline.cvm:   Empresa 14486 não encontrada em dfc_mi 2023
2026-04-27 22:57:52,573 [WARNING] pipeline.cvm:   Empresa 14486 não encontrada em dfc_md 2023
2026-04-27 22:57:52,574 [INFO] pipeline.cvm: 
==================================================
2026-04-27 22:57:52,575 [INFO] pipeline.cvm: Baixando DFP 2024...
2026-04-27 22:57:52,820 [WARNING] pipeline.cvm:   Empresa 14486 não encontrada em dre 2024
2026-04-27 22:57:53,323 [WARNING] pipeline.cvm:   Empresa 14486 não encontrada em bpa 2024
2026-04-27 22:57:54,123 [WARNING] pipeline.cvm:   Empresa 14486 não encontrada em bpp 2024
2026-04-27 22:57:54,565 [WARNING] pipeline.cvm:   Empresa 14486 não encontrada em dfc_mi 2024
2026-04-27 22:57:54,609 [WARNING] pipeline.cvm:   Empresa 14486 não encontrada em dfc_md 2024
2026-04-27 22:57:54,610 [INFO] pipeline.cvm: 
==================================================
2026-04-27 22:57:54,610 [INFO] pipeline.cvm: Baixando DFP 2025...
2026-04-27 22:57:54,826 [WARNING] pipeline.cvm:   Empresa 14486 não encontrada em dre 2025
2026-04-27 22:57:55,278 [WARNING] pipeline.cvm:   Empresa 14486 não encontrada em bpa 2025
2026-04-27 22:57:56,031 [WARNING] pipeline.cvm:   Empresa 14486 não encontrada em bpp 2025
2026-04-27 22:57:56,427 [WARNING] pipeline.cvm:   Empresa 14486 não encontrada em dfc_mi 2025
2026-04-27 22:57:56,457 [WARNING] pipeline.cvm:   Empresa 14486 não encontrada em dfc_md 2025
2026-04-27 22:57:56,458 [INFO] pipeline:   DFP 2019 indisponível — tentando anualizar via ITR...
2026-04-27 22:57:56,458 [INFO] pipeline.cvm: 
==================================================
2026-04-27 22:57:56,458 [INFO] pipeline.cvm: Tentando anualizar 2019 via ITR (LTM)...
2026-04-27 22:58:01,363 [WARNING] pipeline.cvm:   ITR 2019 não disponível — não é possível anualizar
2026-04-27 22:58:01,363 [WARNING] pipeline:   DFP 2019 e ITR indisponíveis — removido do histórico
2026-04-27 22:58:01,363 [INFO] pipeline:   DFP 2020 indisponível — tentando anualizar via ITR...
2026-04-27 22:58:01,363 [INFO] pipeline.cvm: 
==================================================
2026-04-27 22:58:01,363 [INFO] pipeline.cvm: Tentando anualizar 2020 via ITR (LTM)...
2026-04-27 22:58:07,582 [WARNING] pipeline.cvm:   ITR 2020 não disponível — não é possível anualizar
2026-04-27 22:58:07,582 [WARNING] pipeline:   DFP 2020 e ITR indisponíveis — removido do histórico
2026-04-27 22:58:07,583 [INFO] pipeline:   DFP 2021 indisponível — tentando anualizar via ITR...
2026-04-27 22:58:07,583 [INFO] pipeline.cvm: 
==================================================
2026-04-27 22:58:07,583 [INFO] pipeline.cvm: Tentando anualizar 2021 via ITR (LTM)...
2026-04-27 22:58:14,385 [WARNING] pipeline.cvm:   ITR 2021 não disponível — não é possível anualizar
2026-04-27 22:58:14,385 [WARNING] pipeline:   DFP 2021 e ITR indisponíveis — removido do histórico
2026-04-27 22:58:14,385 [INFO] pipeline:   DFP 2022 indisponível — tentando anualizar via ITR...
2026-04-27 22:58:14,385 [INFO] pipeline.cvm: 
==================================================
2026-04-27 22:58:14,385 [INFO] pipeline.cvm: Tentando anualizar 2022 via ITR (LTM)...
2026-04-27 22:58:21,556 [WARNING] pipeline.cvm:   ITR 2022 não disponível — não é possível anualizar
2026-04-27 22:58:21,557 [WARNING] pipeline:   DFP 2022 e ITR indisponíveis — removido do histórico
2026-04-27 22:58:21,557 [INFO] pipeline:   DFP 2023 indisponível — tentando anualizar via ITR...
2026-04-27 22:58:21,557 [INFO] pipeline.cvm: 
==================================================
2026-04-27 22:58:21,557 [INFO] pipeline.cvm: Tentando anualizar 2023 via ITR (LTM)...
2026-04-27 22:58:28,930 [WARNING] pipeline.cvm:   ITR 2023 não disponível — não é possível anualizar
2026-04-27 22:58:28,931 [WARNING] pipeline:   DFP 2023 e ITR indisponíveis — removido do histórico
2026-04-27 22:58:28,931 [INFO] pipeline:   DFP 2024 indisponível — tentando anualizar via ITR...
2026-04-27 22:58:28,931 [INFO] pipeline.cvm: 
==================================================
2026-04-27 22:58:28,931 [INFO] pipeline.cvm: Tentando anualizar 2024 via ITR (LTM)...
2026-04-27 22:58:37,416 [WARNING] pipeline.cvm:   ITR 2024 não disponível — não é possível anualizar
2026-04-27 22:58:37,417 [WARNING] pipeline:   DFP 2024 e ITR indisponíveis — removido do histórico
2026-04-27 22:58:37,417 [INFO] pipeline:   DFP 2025 indisponível — tentando anualizar via ITR...
2026-04-27 22:58:37,417 [INFO] pipeline.cvm: 
==================================================
2026-04-27 22:58:37,417 [INFO] pipeline.cvm: Tentando anualizar 2025 via ITR (LTM)...
2026-04-27 22:58:45,241 [WARNING] pipeline.cvm:   ITR 2025 não disponível — não é possível anualizar
2026-04-27 22:58:45,241 [WARNING] pipeline:   DFP 2025 e ITR indisponíveis — removido do histórico
2026-04-27 22:58:45,241 [WARNING] pipeline:   Nenhum ano com dados históricos — continuando sem histórico CVM
2026-04-27 22:58:45,241 [INFO] pipeline: 
[4/6] Normalizando dados...
2026-04-27 22:58:45,257 [INFO] pipeline:   DRE normalizada:
2026-04-27 22:58:45,257 [INFO] pipeline: 
[5/6] Calculando projeções...
2026-04-27 22:58:45,263 [INFO] pipeline.projecoes: 
=== Projeções (não-financeira / FCFF) ===
2026-04-27 22:58:45,264 [INFO] pipeline.projecoes:   Margem EBITDA: 19.0% → 19.0% (conv 6a)
2026-04-27 22:58:45,264 [INFO] pipeline.projecoes:   D&A/Receita: 5.0%
2026-04-27 22:58:45,265 [INFO] pipeline.projecoes:   CAPEX/Receita: 5.0% → 5.0%
2026-04-27 22:58:45,267 [INFO] pipeline.projecoes:   NCG/Receita: 8.0% → 8.0%
2026-04-27 22:58:45,269 [INFO] pipeline.projecoes:   Alíquota efetiva: 34.0%
2026-04-27 22:58:45,269 [INFO] pipeline.projecoes: Projeções concluídas (FCFF). Resumo:
2026-04-27 22:58:45,269 [INFO] pipeline.projecoes:    Ano      Receita     EBITDA    Mg%      NOPAT       FCFF
2026-04-27 22:58:45,269 [INFO] pipeline.projecoes:   2025            0          0  19.0%          0          0
2026-04-27 22:58:45,270 [INFO] pipeline.projecoes:   2026            0          0  19.0%          0          0
2026-04-27 22:58:45,270 [INFO] pipeline.projecoes:   2027            0          0  19.0%          0          0
2026-04-27 22:58:45,270 [INFO] pipeline.projecoes:   2028            0          0  19.0%          0          0
2026-04-27 22:58:45,270 [INFO] pipeline.projecoes:   2029            0          0  19.0%          0          0
2026-04-27 22:58:45,270 [INFO] pipeline.valuation:   Estrutura de capital: E=95% | D=5%
2026-04-27 22:58:45,270 [INFO] pipeline: 
[6/6] Calculando valuation (FCFF / WACC)...
2026-04-27 22:58:45,270 [WARNING] pipeline.valuation: TIR < g (5.5%) — cotação acima do valor intrínseco (DCF)
2026-04-27 22:58:45,270 [WARNING] pipeline.valuation: TIR < g (5.5%) — cotação acima do valor intrínseco (DCF)
2026-04-27 22:58:45,270 [INFO] pipeline.valuation: 
==================================================
2026-04-27 22:58:45,270 [INFO] pipeline.valuation: VALUATION FCFF/WACC — LREN3
2026-04-27 22:58:45,270 [INFO] pipeline.valuation:   VP FCFF (10a):     R$            0 MM
2026-04-27 22:58:45,270 [INFO] pipeline.valuation:   Valor Perp. (VP):  R$            0 MM
2026-04-27 22:58:45,271 [INFO] pipeline.valuation:   ENTERPRISE VALUE:  R$            0 MM
2026-04-27 22:58:45,271 [INFO] pipeline.valuation:   (-) Dívida Líq.:   R$            0 MM
2026-04-27 22:58:45,271 [INFO] pipeline.valuation:   VALOR DO EQUITY:   R$            0 MM
2026-04-27 22:58:45,271 [INFO] pipeline.valuation:   Preço Justo ON:    R$     0.00
2026-04-27 22:58:45,271 [INFO] pipeline.valuation:   Preço Justo PN:    R$     0.00
2026-04-27 22:58:45,271 [INFO] pipeline.valuation:   Cotação ON:        R$    13.97
2026-04-27 22:58:45,271 [INFO] pipeline.valuation:   Upside ON:             -100.0%
2026-04-27 22:58:45,271 [INFO] pipeline.valuation:   TIR (ON):                 6.0%
2026-04-27 22:58:45,271 [INFO] pipeline.valuation:   WACC último ano:         10.7%
2026-04-27 22:58:45,271 [WARNING] pipeline: 
[!] AVISOS DE VALIDACAO:
2026-04-27 22:58:45,271 [WARNING] pipeline:   - DRE histórica vazia — planilha terá apenas projeções
2026-04-27 22:58:45,271 [WARNING] pipeline:   - FCFF projetado é zero em todos os anos — verificar dados históricos
2026-04-27 22:58:45,271 [WARNING] pipeline:   - Valor do Equity negativo ou zero: R$ 0 MM
2026-04-27 22:58:45,271 [WARNING] pipeline:   - Preço Justo ON inválido (≤ 0)
2026-04-27 22:58:45,277 [INFO] pipeline:   Sem template VAROS para LREN3 — Excel será criado do zero
2026-04-27 22:58:45,762 [INFO] pipeline.excel_geral: 
============================================================
2026-04-27 22:58:45,762 [INFO] pipeline.excel_geral: Criando Excel completo (12 abas) para: Lojas Renner (LREN3)
2026-04-27 22:58:45,764 [INFO] pipeline.excel_geral:   → 1/12  Dashboard
2026-04-27 22:58:45,779 [INFO] pipeline.excel_geral:   → 2/12  WACC
2026-04-27 22:58:45,822 [INFO] pipeline.excel_geral:   → 3/12  TIR ON
2026-04-27 22:58:45,834 [INFO] pipeline.excel_geral:   → 4/12  TIR PN
2026-04-27 22:58:45,846 [INFO] pipeline.excel_geral:   → 5/12  Valor do Equity
2026-04-27 22:58:45,853 [INFO] pipeline.excel_geral:   → 6/12  Preço Teto
2026-04-27 22:58:45,861 [INFO] pipeline.excel_geral:   → 7/12  DRE + DCF
2026-04-27 22:58:45,940 [INFO] pipeline.excel_geral:   → 8/12  DRE Contas Abertas
2026-04-27 22:58:45,985 [INFO] pipeline.excel_geral:   → 9/12  Balanço Patrimonial
2026-04-27 22:58:45,996 [INFO] pipeline.excel_geral:   → 10/12 Painel de Índices
2026-04-27 22:58:46,008 [INFO] pipeline.excel_geral:   → 11/12 Projeções Premissas
2026-04-27 22:58:46,039 [INFO] pipeline.excel_geral:   → 12/12 Projeções Capex e CG
2026-04-27 22:58:46,132 [INFO] pipeline.excel_geral: 
Arquivo salvo: C:\Users\55819\OneDrive - EPEJUD\DIEGO\OBSIDIAN\Analista de Investimentos\12_PYTHON\pipeline banco completo\outputs\Valuation_LREN3_Lojas Renner_20260427.xlsx
2026-04-27 22:58:46,132 [INFO] pipeline: 
======================================================================
2026-04-27 22:58:46,132 [INFO] pipeline: RESUMO DO VALUATION (FCFF/WACC)
2026-04-27 22:58:46,132 [INFO] pipeline: ======================================================================
2026-04-27 22:58:46,132 [INFO] pipeline:   Empresa:           Lojas Renner (LREN3)
2026-04-27 22:58:46,132 [INFO] pipeline:   Enterprise Value:  R$            0 MM
2026-04-27 22:58:46,132 [INFO] pipeline:   Cotação ON:        R$ 13.97
2026-04-27 22:58:46,132 [INFO] pipeline:   Preço Justo ON:    R$ 0.00
2026-04-27 22:58:46,132 [INFO] pipeline:   Upside ON:            -100.0%
2026-04-27 22:58:46,133 [INFO] pipeline:   TIR:                  6.0%
2026-04-27 22:58:46,133 [INFO] pipeline:   Preço Teto ON:     R$ 0.00
2026-04-27 22:58:46,133 [INFO] pipeline: 
  [!] 4 aviso(s) de validacao — verifique os logs
2026-04-27 22:58:46,133 [INFO] pipeline: 
  Arquivo gerado:    C:\Users\55819\OneDrive - EPEJUD\DIEGO\OBSIDIAN\Analista de Investimentos\12_PYTHON\pipeline banco completo\outputs\Valuation_LREN3_Lojas Renner_20260427.xlsx
2026-04-27 22:58:46,133 [INFO] pipeline: ======================================================================
2026-04-27 22:58:46,135 [INFO] pipeline: ✓ LREN3: arquivo gerado → C:\Users\55819\OneDrive - EPEJUD\DIEGO\OBSIDIAN\Analista de Investimentos\12_PYTHON\pipeline banco completo\outputs\Valuation_LREN3_Lojas Renner_20260427.xlsx
2026-04-27 22:58:46,136 [INFO] pipeline: 
──────────────────────────────────────────────────────────────────────
2026-04-27 22:58:46,136 [INFO] pipeline: Processando: MGLU3 (Magazine Luiza)
2026-04-27 22:58:46,136 [INFO] pipeline: ──────────────────────────────────────────────────────────────────────
2026-04-27 22:58:46,136 [INFO] pipeline: ======================================================================
2026-04-27 22:58:46,136 [INFO] pipeline: PIPELINE DE VALUATION [CONSUMO_VAREJO] — MGLU3 — Magazine Luiza
2026-04-27 22:58:46,136 [INFO] pipeline: Início: 2026-04-27 22:58:46
2026-04-27 22:58:46,136 [INFO] pipeline:   Setor: consumo_varejo | Motor: WACC
2026-04-27 22:58:46,136 [INFO] pipeline: ======================================================================
2026-04-27 22:58:46,136 [INFO] pipeline: 
[1/6] Coletando dados de mercado...
2026-04-27 22:58:46,137 [INFO] pipeline:   Buscando cotação via yfinance...
2026-04-27 22:58:46,137 [INFO] pipeline.mercado: Buscando cotação atual: MGLU3.SA
2026-04-27 22:58:47,442 [INFO] pipeline:   Cotação ON: R$ 8.53  |  Cotação PN: R$ 0.00
2026-04-27 22:58:47,567 [INFO] pipeline.mercado: Calculando beta: MGLU3 (252 dias úteis)
2026-04-27 22:58:47,567 [INFO] pipeline.mercado: Baixando preços: MGLU3.SA (2019-01-01 → 2026-04-27)
2026-04-27 22:58:48,319 [INFO] pipeline.mercado:   1819 dias de preços carregados
2026-04-27 22:58:48,329 [INFO] pipeline.mercado:   Beta estatístico: 2.1577 | R²: 0.369 | n=251
2026-04-27 22:58:48,332 [INFO] pipeline:   Beta estatístico: 2.158 | Beta utilizado: 0.850
2026-04-27 22:58:48,332 [INFO] pipeline: 
[2/6] Coletando dados macroeconômicos (BCB)...
2026-04-27 22:58:48,658 [WARNING] pipeline.macro: Não foi possível obter Focus Selic: 400 Client Error: Bad Request for url: https://olinda.bcb.gov.br/olinda/servico/Expectativas/versao/v1/odata/ExpectativasMercadoAnuais?%24filter=Indicador%20eq%20'Selic'&%24top=100&%24format=json&%24select=Indicador,Data,Ano,Mediana
2026-04-27 22:58:48,982 [WARNING] pipeline.macro: Não foi possível obter Focus IPCA: 400 Client Error: Bad Request for url: https://olinda.bcb.gov.br/olinda/servico/Expectativas/versao/v1/odata/ExpectativasMercadoAnuais?%24filter=Indicador%20eq%20'IPCA'&%24top=100&%24format=json&%24select=Indicador,Data,Ano,Mediana
2026-04-27 22:58:48,983 [INFO] pipeline.macro: 
=== Coletando dados macroeconômicos ===
2026-04-27 22:58:48,983 [INFO] pipeline.macro: Baixando série BCB 432...
2026-04-27 22:58:49,270 [ERROR] pipeline.macro: Erro ao baixar série BCB 432: 406 Client Error: Not Acceptable for url: https://api.bcb.gov.br/dados/serie/bcdata.sgs.432/dados?formato=json&dataInicial=01%2F01%2F2010&dataFinal=27%2F04%2F2026
2026-04-27 22:58:49,270 [WARNING] pipeline.macro: Série Selic meta sem DatetimeIndex — usando fallback histórico
2026-04-27 22:58:49,270 [INFO] pipeline.macro: Baixando série BCB 12...
2026-04-27 22:58:49,367 [ERROR] pipeline.macro: Erro ao baixar série BCB 12: 406 Client Error: Not Acceptable for url: https://api.bcb.gov.br/dados/serie/bcdata.sgs.12/dados?formato=json&dataInicial=01%2F01%2F2010&dataFinal=27%2F04%2F2026
2026-04-27 22:58:49,367 [WARNING] pipeline.macro: Série DI sem DatetimeIndex — usando fallback histórico
2026-04-27 22:58:49,372 [WARNING] pipeline.macro: IPCA calculado fora do intervalo plausível (55.3%) para 2019 — usando fallback
2026-04-27 22:58:49,372 [WARNING] pipeline.macro: IPCA calculado fora do intervalo plausível (46.1%) para 2020 — usando fallback
2026-04-27 22:58:49,373 [WARNING] pipeline.macro: IPCA calculado fora do intervalo plausível (159.3%) para 2021 — usando fallback
2026-04-27 22:58:49,373 [WARNING] pipeline.macro: IPCA calculado fora do intervalo plausível (191.2%) para 2022 — usando fallback
2026-04-27 22:58:49,373 [WARNING] pipeline.macro: IPCA calculado fora do intervalo plausível (71.5%) para 2023 — usando fallback
2026-04-27 22:58:49,373 [WARNING] pipeline.macro: IPCA calculado fora do intervalo plausível (67.0%) para 2024 — usando fallback
2026-04-27 22:58:49,374 [INFO] pipeline.macro: Baixando série BCB 258...
2026-04-27 22:58:49,490 [ERROR] pipeline.macro: Erro ao baixar série BCB 258: 406 Client Error: Not Acceptable for url: https://api.bcb.gov.br/dados/serie/bcdata.sgs.258/dados?formato=json&dataInicial=01%2F01%2F2010&dataFinal=27%2F04%2F2026
2026-04-27 22:58:49,490 [WARNING] pipeline.macro: Série TJLP sem DatetimeIndex — usando fallback histórico
2026-04-27 22:58:49,498 [WARNING] pipeline.macro: IPCA calculado fora do intervalo plausível (55.3%) para 2019 — usando fallback
2026-04-27 22:58:49,499 [WARNING] pipeline.macro: IPCA calculado fora do intervalo plausível (46.1%) para 2020 — usando fallback
2026-04-27 22:58:49,499 [WARNING] pipeline.macro: IPCA calculado fora do intervalo plausível (159.3%) para 2021 — usando fallback
2026-04-27 22:58:49,499 [WARNING] pipeline.macro: IPCA calculado fora do intervalo plausível (191.2%) para 2022 — usando fallback
2026-04-27 22:58:49,499 [WARNING] pipeline.macro: IPCA calculado fora do intervalo plausível (71.5%) para 2023 — usando fallback
2026-04-27 22:58:49,500 [WARNING] pipeline.macro: IPCA calculado fora do intervalo plausível (67.0%) para 2024 — usando fallback
2026-04-27 22:58:49,500 [INFO] pipeline.macro: 
RESUMO MACRO HISTÓRICO:
2026-04-27 22:58:49,500 [INFO] pipeline.macro:   selic_meta     : 2020: 2.00% | 2021: 9.25% | 2022: 13.75% | 2023: 11.75% | 2024: 11.75%
2026-04-27 22:58:49,500 [INFO] pipeline.macro:   selic_efet     : 2020: 2.28% | 2021: 4.48% | 2022: 12.33% | 2023: 13.15% | 2024: 10.73%
2026-04-27 22:58:49,500 [INFO] pipeline.macro:   ipca           : 2020: 4.52% | 2021: 10.06% | 2022: 5.62% | 2023: 4.62% | 2024: 4.83%
2026-04-27 22:58:49,500 [INFO] pipeline.macro:   tjlp           : 2020: 5.25% | 2021: 5.25% | 2022: 6.25% | 2023: 7.00% | 2024: 7.00%
2026-04-27 22:58:49,500 [INFO] pipeline.macro:   cds            : 2020: 0.44% | 2021: 0.73% | 2022: 1.26% | 2023: 0.84% | 2024: 0.81%
2026-04-27 22:58:49,500 [INFO] pipeline.macro:   inflacao_impl  : 2020: 4.52% | 2021: 10.06% | 2022: 5.62% | 2023: 4.62% | 2024: 4.83%
2026-04-27 22:58:49,500 [INFO] pipeline: 
[3/6] Baixando demonstrações financeiras (CVM)...
2026-04-27 22:58:49,501 [INFO] pipeline.cvm: 
==================================================
2026-04-27 22:58:49,501 [INFO] pipeline.cvm: Baixando DFP 2019...
2026-04-27 22:58:49,701 [WARNING] pipeline.cvm:   Empresa 21105 não encontrada em dre 2019
2026-04-27 22:58:50,048 [WARNING] pipeline.cvm:   Empresa 21105 não encontrada em bpa 2019
2026-04-27 22:58:50,727 [WARNING] pipeline.cvm:   Empresa 21105 não encontrada em bpp 2019
2026-04-27 22:58:51,080 [WARNING] pipeline.cvm:   Empresa 21105 não encontrada em dfc_mi 2019
2026-04-27 22:58:51,104 [WARNING] pipeline.cvm:   Empresa 21105 não encontrada em dfc_md 2019
2026-04-27 22:58:51,104 [INFO] pipeline.cvm: 
==================================================
2026-04-27 22:58:51,105 [INFO] pipeline.cvm: Baixando DFP 2020...
2026-04-27 22:58:51,364 [WARNING] pipeline.cvm:   Empresa 21105 não encontrada em dre 2020
2026-04-27 22:58:51,869 [WARNING] pipeline.cvm:   Empresa 21105 não encontrada em bpa 2020
2026-04-27 22:58:52,817 [WARNING] pipeline.cvm:   Empresa 21105 não encontrada em bpp 2020
2026-04-27 22:58:53,198 [WARNING] pipeline.cvm:   Empresa 21105 não encontrada em dfc_mi 2020
2026-04-27 22:58:53,227 [WARNING] pipeline.cvm:   Empresa 21105 não encontrada em dfc_md 2020
2026-04-27 22:58:53,227 [INFO] pipeline.cvm: 
==================================================
2026-04-27 22:58:53,227 [INFO] pipeline.cvm: Baixando DFP 2021...
2026-04-27 22:58:53,478 [WARNING] pipeline.cvm:   Empresa 21105 não encontrada em dre 2021
2026-04-27 22:58:53,906 [WARNING] pipeline.cvm:   Empresa 21105 não encontrada em bpa 2021
2026-04-27 22:58:54,697 [WARNING] pipeline.cvm:   Empresa 21105 não encontrada em bpp 2021
2026-04-27 22:58:55,223 [WARNING] pipeline.cvm:   Empresa 21105 não encontrada em dfc_mi 2021
2026-04-27 22:58:55,269 [WARNING] pipeline.cvm:   Empresa 21105 não encontrada em dfc_md 2021
2026-04-27 22:58:55,270 [INFO] pipeline.cvm: 
==================================================
2026-04-27 22:58:55,270 [INFO] pipeline.cvm: Baixando DFP 2022...
2026-04-27 22:58:55,611 [WARNING] pipeline.cvm:   Empresa 21105 não encontrada em dre 2022
2026-04-27 22:58:56,083 [WARNING] pipeline.cvm:   Empresa 21105 não encontrada em bpa 2022
2026-04-27 22:58:56,907 [WARNING] pipeline.cvm:   Empresa 21105 não encontrada em bpp 2022
2026-04-27 22:58:57,324 [WARNING] pipeline.cvm:   Empresa 21105 não encontrada em dfc_mi 2022
2026-04-27 22:58:57,366 [WARNING] pipeline.cvm:   Empresa 21105 não encontrada em dfc_md 2022
2026-04-27 22:58:57,366 [INFO] pipeline.cvm: 
==================================================
2026-04-27 22:58:57,367 [INFO] pipeline.cvm: Baixando DFP 2023...
2026-04-27 22:58:57,649 [WARNING] pipeline.cvm:   Empresa 21105 não encontrada em dre 2023
2026-04-27 22:58:58,143 [WARNING] pipeline.cvm:   Empresa 21105 não encontrada em bpa 2023
2026-04-27 22:58:59,013 [WARNING] pipeline.cvm:   Empresa 21105 não encontrada em bpp 2023
2026-04-27 22:58:59,472 [WARNING] pipeline.cvm:   Empresa 21105 não encontrada em dfc_mi 2023
2026-04-27 22:58:59,517 [WARNING] pipeline.cvm:   Empresa 21105 não encontrada em dfc_md 2023
2026-04-27 22:58:59,518 [INFO] pipeline.cvm: 
==================================================
2026-04-27 22:58:59,518 [INFO] pipeline.cvm: Baixando DFP 2024...
2026-04-27 22:58:59,843 [WARNING] pipeline.cvm:   Empresa 21105 não encontrada em dre 2024
2026-04-27 22:59:00,444 [WARNING] pipeline.cvm:   Empresa 21105 não encontrada em bpa 2024
2026-04-27 22:59:01,448 [WARNING] pipeline.cvm:   Empresa 21105 não encontrada em bpp 2024
2026-04-27 22:59:01,908 [WARNING] pipeline.cvm:   Empresa 21105 não encontrada em dfc_mi 2024
2026-04-27 22:59:01,951 [WARNING] pipeline.cvm:   Empresa 21105 não encontrada em dfc_md 2024
2026-04-27 22:59:01,951 [INFO] pipeline.cvm: 
==================================================
2026-04-27 22:59:01,951 [INFO] pipeline.cvm: Baixando DFP 2025...
2026-04-27 22:59:02,180 [WARNING] pipeline.cvm:   Empresa 21105 não encontrada em dre 2025
2026-04-27 22:59:02,647 [WARNING] pipeline.cvm:   Empresa 21105 não encontrada em bpa 2025
2026-04-27 22:59:03,449 [WARNING] pipeline.cvm:   Empresa 21105 não encontrada em bpp 2025
2026-04-27 22:59:03,843 [WARNING] pipeline.cvm:   Empresa 21105 não encontrada em dfc_mi 2025
2026-04-27 22:59:03,873 [WARNING] pipeline.cvm:   Empresa 21105 não encontrada em dfc_md 2025
2026-04-27 22:59:03,874 [INFO] pipeline:   DFP 2019 indisponível — tentando anualizar via ITR...
2026-04-27 22:59:03,874 [INFO] pipeline.cvm: 
==================================================
2026-04-27 22:59:03,874 [INFO] pipeline.cvm: Tentando anualizar 2019 via ITR (LTM)...
2026-04-27 22:59:08,327 [WARNING] pipeline.cvm:   ITR 2019 não disponível — não é possível anualizar
2026-04-27 22:59:08,328 [WARNING] pipeline:   DFP 2019 e ITR indisponíveis — removido do histórico
2026-04-27 22:59:08,328 [INFO] pipeline:   DFP 2020 indisponível — tentando anualizar via ITR...
2026-04-27 22:59:08,328 [INFO] pipeline.cvm: 
==================================================
2026-04-27 22:59:08,328 [INFO] pipeline.cvm: Tentando anualizar 2020 via ITR (LTM)...
2026-04-27 22:59:14,140 [WARNING] pipeline.cvm:   ITR 2020 não disponível — não é possível anualizar
2026-04-27 22:59:14,140 [WARNING] pipeline:   DFP 2020 e ITR indisponíveis — removido do histórico
2026-04-27 22:59:14,140 [INFO] pipeline:   DFP 2021 indisponível — tentando anualizar via ITR...
2026-04-27 22:59:14,140 [INFO] pipeline.cvm: 
==================================================
2026-04-27 22:59:14,140 [INFO] pipeline.cvm: Tentando anualizar 2021 via ITR (LTM)...
2026-04-27 22:59:21,069 [WARNING] pipeline.cvm:   ITR 2021 não disponível — não é possível anualizar
2026-04-27 22:59:21,069 [WARNING] pipeline:   DFP 2021 e ITR indisponíveis — removido do histórico
2026-04-27 22:59:21,069 [INFO] pipeline:   DFP 2022 indisponível — tentando anualizar via ITR...
2026-04-27 22:59:21,069 [INFO] pipeline.cvm: 
==================================================
2026-04-27 22:59:21,069 [INFO] pipeline.cvm: Tentando anualizar 2022 via ITR (LTM)...
2026-04-27 22:59:27,738 [WARNING] pipeline.cvm:   ITR 2022 não disponível — não é possível anualizar
2026-04-27 22:59:27,738 [WARNING] pipeline:   DFP 2022 e ITR indisponíveis — removido do histórico
2026-04-27 22:59:27,738 [INFO] pipeline:   DFP 2023 indisponível — tentando anualizar via ITR...
2026-04-27 22:59:27,738 [INFO] pipeline.cvm: 
==================================================
2026-04-27 22:59:27,738 [INFO] pipeline.cvm: Tentando anualizar 2023 via ITR (LTM)...
2026-04-27 22:59:34,632 [WARNING] pipeline.cvm:   ITR 2023 não disponível — não é possível anualizar
2026-04-27 22:59:34,632 [WARNING] pipeline:   DFP 2023 e ITR indisponíveis — removido do histórico
2026-04-27 22:59:34,632 [INFO] pipeline:   DFP 2024 indisponível — tentando anualizar via ITR...
2026-04-27 22:59:34,632 [INFO] pipeline.cvm: 
==================================================
2026-04-27 22:59:34,632 [INFO] pipeline.cvm: Tentando anualizar 2024 via ITR (LTM)...
2026-04-27 22:59:41,598 [WARNING] pipeline.cvm:   ITR 2024 não disponível — não é possível anualizar
2026-04-27 22:59:41,598 [WARNING] pipeline:   DFP 2024 e ITR indisponíveis — removido do histórico
2026-04-27 22:59:41,599 [INFO] pipeline:   DFP 2025 indisponível — tentando anualizar via ITR...
2026-04-27 22:59:41,599 [INFO] pipeline.cvm: 
==================================================
2026-04-27 22:59:41,599 [INFO] pipeline.cvm: Tentando anualizar 2025 via ITR (LTM)...
2026-04-27 22:59:48,354 [WARNING] pipeline.cvm:   ITR 2025 não disponível — não é possível anualizar
2026-04-27 22:59:48,355 [WARNING] pipeline:   DFP 2025 e ITR indisponíveis — removido do histórico
2026-04-27 22:59:48,355 [WARNING] pipeline:   Nenhum ano com dados históricos — continuando sem histórico CVM
2026-04-27 22:59:48,355 [INFO] pipeline: 
[4/6] Normalizando dados...
2026-04-27 22:59:48,359 [INFO] pipeline:   DRE normalizada:
2026-04-27 22:59:48,359 [INFO] pipeline: 
[5/6] Calculando projeções...
2026-04-27 22:59:48,360 [INFO] pipeline.projecoes: 
=== Projeções (não-financeira / FCFF) ===
2026-04-27 22:59:48,360 [INFO] pipeline.projecoes:   Margem EBITDA: 5.0% → 5.0% (conv 6a)
2026-04-27 22:59:48,361 [INFO] pipeline.projecoes:   D&A/Receita: 5.0%
2026-04-27 22:59:48,361 [INFO] pipeline.projecoes:   CAPEX/Receita: 4.0% → 4.0%
2026-04-27 22:59:48,362 [INFO] pipeline.projecoes:   NCG/Receita: 12.0% → 12.0%
2026-04-27 22:59:48,365 [INFO] pipeline.projecoes:   Alíquota efetiva: 34.0%
2026-04-27 22:59:48,365 [INFO] pipeline.projecoes: Projeções concluídas (FCFF). Resumo:
2026-04-27 22:59:48,366 [INFO] pipeline.projecoes:    Ano      Receita     EBITDA    Mg%      NOPAT       FCFF
2026-04-27 22:59:48,366 [INFO] pipeline.projecoes:   2025            0          0   5.0%          0          0
2026-04-27 22:59:48,366 [INFO] pipeline.projecoes:   2026            0          0   5.0%          0          0
2026-04-27 22:59:48,366 [INFO] pipeline.projecoes:   2027            0          0   5.0%          0          0
2026-04-27 22:59:48,366 [INFO] pipeline.projecoes:   2028            0          0   5.0%          0          0
2026-04-27 22:59:48,366 [INFO] pipeline.projecoes:   2029            0          0   5.0%          0          0
2026-04-27 22:59:48,366 [INFO] pipeline.valuation:   Estrutura de capital: E=95% | D=5%
2026-04-27 22:59:48,366 [INFO] pipeline: 
[6/6] Calculando valuation (FCFF / WACC)...
2026-04-27 22:59:48,367 [WARNING] pipeline.valuation: TIR < g (5.5%) — cotação acima do valor intrínseco (DCF)
2026-04-27 22:59:48,367 [WARNING] pipeline.valuation: TIR < g (5.5%) — cotação acima do valor intrínseco (DCF)
2026-04-27 22:59:48,367 [INFO] pipeline.valuation: 
==================================================
2026-04-27 22:59:48,367 [INFO] pipeline.valuation: VALUATION FCFF/WACC — MGLU3
2026-04-27 22:59:48,367 [INFO] pipeline.valuation:   VP FCFF (10a):     R$            0 MM
2026-04-27 22:59:48,367 [INFO] pipeline.valuation:   Valor Perp. (VP):  R$            0 MM
2026-04-27 22:59:48,367 [INFO] pipeline.valuation:   ENTERPRISE VALUE:  R$            0 MM
2026-04-27 22:59:48,367 [INFO] pipeline.valuation:   (-) Dívida Líq.:   R$            0 MM
2026-04-27 22:59:48,367 [INFO] pipeline.valuation:   VALOR DO EQUITY:   R$            0 MM
2026-04-27 22:59:48,367 [INFO] pipeline.valuation:   Preço Justo ON:    R$     0.00
2026-04-27 22:59:48,367 [INFO] pipeline.valuation:   Preço Justo PN:    R$     0.00
2026-04-27 22:59:48,368 [INFO] pipeline.valuation:   Cotação ON:        R$     8.53
2026-04-27 22:59:48,368 [INFO] pipeline.valuation:   Upside ON:             -100.0%
2026-04-27 22:59:48,368 [INFO] pipeline.valuation:   TIR (ON):                 6.0%
2026-04-27 22:59:48,368 [INFO] pipeline.valuation:   WACC último ano:         12.9%
2026-04-27 22:59:48,368 [WARNING] pipeline: 
[!] AVISOS DE VALIDACAO:
2026-04-27 22:59:48,368 [WARNING] pipeline:   - DRE histórica vazia — planilha terá apenas projeções
2026-04-27 22:59:48,368 [WARNING] pipeline:   - FCFF projetado é zero em todos os anos — verificar dados históricos
2026-04-27 22:59:48,368 [WARNING] pipeline:   - Valor do Equity negativo ou zero: R$ 0 MM
2026-04-27 22:59:48,368 [WARNING] pipeline:   - Preço Justo ON inválido (≤ 0)
2026-04-27 22:59:48,371 [INFO] pipeline:   Sem template VAROS para MGLU3 — Excel será criado do zero
2026-04-27 22:59:48,371 [INFO] pipeline.excel_geral: 
============================================================
2026-04-27 22:59:48,371 [INFO] pipeline.excel_geral: Criando Excel completo (12 abas) para: Magazine Luiza (MGLU3)
2026-04-27 22:59:48,373 [INFO] pipeline.excel_geral:   → 1/12  Dashboard
2026-04-27 22:59:48,390 [INFO] pipeline.excel_geral:   → 2/12  WACC
2026-04-27 22:59:48,435 [INFO] pipeline.excel_geral:   → 3/12  TIR ON
2026-04-27 22:59:48,450 [INFO] pipeline.excel_geral:   → 4/12  TIR PN
2026-04-27 22:59:48,463 [INFO] pipeline.excel_geral:   → 5/12  Valor do Equity
2026-04-27 22:59:48,472 [INFO] pipeline.excel_geral:   → 6/12  Preço Teto
2026-04-27 22:59:48,481 [INFO] pipeline.excel_geral:   → 7/12  DRE + DCF
2026-04-27 22:59:48,561 [INFO] pipeline.excel_geral:   → 8/12  DRE Contas Abertas
2026-04-27 22:59:48,597 [INFO] pipeline.excel_geral:   → 9/12  Balanço Patrimonial
2026-04-27 22:59:48,609 [INFO] pipeline.excel_geral:   → 10/12 Painel de Índices
2026-04-27 22:59:48,621 [INFO] pipeline.excel_geral:   → 11/12 Projeções Premissas
2026-04-27 22:59:48,653 [INFO] pipeline.excel_geral:   → 12/12 Projeções Capex e CG
2026-04-27 22:59:48,747 [INFO] pipeline.excel_geral: 
Arquivo salvo: C:\Users\55819\OneDrive - EPEJUD\DIEGO\OBSIDIAN\Analista de Investimentos\12_PYTHON\pipeline banco completo\outputs\Valuation_MGLU3_Magazine Luiza_20260427.xlsx
2026-04-27 22:59:48,748 [INFO] pipeline: 
======================================================================
2026-04-27 22:59:48,748 [INFO] pipeline: RESUMO DO VALUATION (FCFF/WACC)
2026-04-27 22:59:48,748 [INFO] pipeline: ======================================================================
2026-04-27 22:59:48,748 [INFO] pipeline:   Empresa:           Magazine Luiza (MGLU3)
2026-04-27 22:59:48,748 [INFO] pipeline:   Enterprise Value:  R$            0 MM
2026-04-27 22:59:48,748 [INFO] pipeline:   Cotação ON:        R$ 8.53
2026-04-27 22:59:48,748 [INFO] pipeline:   Preço Justo ON:    R$ 0.00
2026-04-27 22:59:48,748 [INFO] pipeline:   Upside ON:            -100.0%
2026-04-27 22:59:48,748 [INFO] pipeline:   TIR:                  6.0%
2026-04-27 22:59:48,748 [INFO] pipeline:   Preço Teto ON:     R$ 0.00
2026-04-27 22:59:48,748 [INFO] pipeline: 
  [!] 4 aviso(s) de validacao — verifique os logs
2026-04-27 22:59:48,748 [INFO] pipeline: 
  Arquivo gerado:    C:\Users\55819\OneDrive - EPEJUD\DIEGO\OBSIDIAN\Analista de Investimentos\12_PYTHON\pipeline banco completo\outputs\Valuation_MGLU3_Magazine Luiza_20260427.xlsx
2026-04-27 22:59:48,748 [INFO] pipeline: ======================================================================
2026-04-27 22:59:48,750 [INFO] pipeline: ✓ MGLU3: arquivo gerado → C:\Users\55819\OneDrive - EPEJUD\DIEGO\OBSIDIAN\Analista de Investimentos\12_PYTHON\pipeline banco completo\outputs\Valuation_MGLU3_Magazine Luiza_20260427.xlsx
2026-04-27 22:59:48,750 [INFO] pipeline: 
──────────────────────────────────────────────────────────────────────
2026-04-27 22:59:48,751 [INFO] pipeline: Processando: BHIA3 (Casas Bahia)
2026-04-27 22:59:48,751 [INFO] pipeline: ──────────────────────────────────────────────────────────────────────
2026-04-27 22:59:48,751 [INFO] pipeline: ======================================================================
2026-04-27 22:59:48,751 [INFO] pipeline: PIPELINE DE VALUATION [CONSUMO_VAREJO] — BHIA3 — Casas Bahia
2026-04-27 22:59:48,751 [INFO] pipeline: Início: 2026-04-27 22:59:48
2026-04-27 22:59:48,752 [INFO] pipeline:   Setor: consumo_varejo | Motor: WACC
2026-04-27 22:59:48,752 [INFO] pipeline: ======================================================================
2026-04-27 22:59:48,752 [INFO] pipeline: 
[1/6] Coletando dados de mercado...
2026-04-27 22:59:48,752 [INFO] pipeline:   Buscando cotação via yfinance...
2026-04-27 22:59:48,753 [INFO] pipeline.mercado: Buscando cotação atual: BHIA3.SA
2026-04-27 22:59:50,072 [INFO] pipeline:   Cotação ON: R$ 2.70  |  Cotação PN: R$ 0.00
2026-04-27 22:59:50,200 [INFO] pipeline.mercado: Calculando beta: BHIA3 (252 dias úteis)
2026-04-27 22:59:50,201 [INFO] pipeline.mercado: Baixando preços: BHIA3.SA (2019-01-01 → 2026-04-27)
2026-04-27 22:59:51,067 [INFO] pipeline.mercado:   1819 dias de preços carregados
2026-04-27 22:59:51,076 [INFO] pipeline.mercado:   Beta estatístico: 1.2644 | R²: 0.085 | n=251
2026-04-27 22:59:51,078 [INFO] pipeline:   Beta estatístico: 1.264 | Beta utilizado: 0.850
2026-04-27 22:59:51,078 [INFO] pipeline: 
[2/6] Coletando dados macroeconômicos (BCB)...
2026-04-27 22:59:51,476 [WARNING] pipeline.macro: Não foi possível obter Focus Selic: 400 Client Error: Bad Request for url: https://olinda.bcb.gov.br/olinda/servico/Expectativas/versao/v1/odata/ExpectativasMercadoAnuais?%24filter=Indicador%20eq%20'Selic'&%24top=100&%24format=json&%24select=Indicador,Data,Ano,Mediana
2026-04-27 22:59:51,751 [WARNING] pipeline.macro: Não foi possível obter Focus IPCA: 400 Client Error: Bad Request for url: https://olinda.bcb.gov.br/olinda/servico/Expectativas/versao/v1/odata/ExpectativasMercadoAnuais?%24filter=Indicador%20eq%20'IPCA'&%24top=100&%24format=json&%24select=Indicador,Data,Ano,Mediana
2026-04-27 22:59:51,753 [INFO] pipeline.macro: 
=== Coletando dados macroeconômicos ===
2026-04-27 22:59:51,753 [INFO] pipeline.macro: Baixando série BCB 432...
2026-04-27 22:59:52,039 [ERROR] pipeline.macro: Erro ao baixar série BCB 432: 406 Client Error: Not Acceptable for url: https://api.bcb.gov.br/dados/serie/bcdata.sgs.432/dados?formato=json&dataInicial=01%2F01%2F2010&dataFinal=27%2F04%2F2026
2026-04-27 22:59:52,039 [WARNING] pipeline.macro: Série Selic meta sem DatetimeIndex — usando fallback histórico
2026-04-27 22:59:52,039 [INFO] pipeline.macro: Baixando série BCB 12...
2026-04-27 22:59:52,144 [ERROR] pipeline.macro: Erro ao baixar série BCB 12: 406 Client Error: Not Acceptable for url: https://api.bcb.gov.br/dados/serie/bcdata.sgs.12/dados?formato=json&dataInicial=01%2F01%2F2010&dataFinal=27%2F04%2F2026
2026-04-27 22:59:52,144 [WARNING] pipeline.macro: Série DI sem DatetimeIndex — usando fallback histórico
2026-04-27 22:59:52,150 [WARNING] pipeline.macro: IPCA calculado fora do intervalo plausível (55.3%) para 2019 — usando fallback
2026-04-27 22:59:52,150 [WARNING] pipeline.macro: IPCA calculado fora do intervalo plausível (46.1%) para 2020 — usando fallback
2026-04-27 22:59:52,151 [WARNING] pipeline.macro: IPCA calculado fora do intervalo plausível (159.3%) para 2021 — usando fallback
2026-04-27 22:59:52,151 [WARNING] pipeline.macro: IPCA calculado fora do intervalo plausível (191.2%) para 2022 — usando fallback
2026-04-27 22:59:52,152 [WARNING] pipeline.macro: IPCA calculado fora do intervalo plausível (71.5%) para 2023 — usando fallback
2026-04-27 22:59:52,152 [WARNING] pipeline.macro: IPCA calculado fora do intervalo plausível (67.0%) para 2024 — usando fallback
2026-04-27 22:59:52,152 [INFO] pipeline.macro: Baixando série BCB 258...
2026-04-27 22:59:52,264 [ERROR] pipeline.macro: Erro ao baixar série BCB 258: 406 Client Error: Not Acceptable for url: https://api.bcb.gov.br/dados/serie/bcdata.sgs.258/dados?formato=json&dataInicial=01%2F01%2F2010&dataFinal=27%2F04%2F2026
2026-04-27 22:59:52,264 [WARNING] pipeline.macro: Série TJLP sem DatetimeIndex — usando fallback histórico
2026-04-27 22:59:52,274 [WARNING] pipeline.macro: IPCA calculado fora do intervalo plausível (55.3%) para 2019 — usando fallback
2026-04-27 22:59:52,275 [WARNING] pipeline.macro: IPCA calculado fora do intervalo plausível (46.1%) para 2020 — usando fallback
2026-04-27 22:59:52,275 [WARNING] pipeline.macro: IPCA calculado fora do intervalo plausível (159.3%) para 2021 — usando fallback
2026-04-27 22:59:52,276 [WARNING] pipeline.macro: IPCA calculado fora do intervalo plausível (191.2%) para 2022 — usando fallback
2026-04-27 22:59:52,276 [WARNING] pipeline.macro: IPCA calculado fora do intervalo plausível (71.5%) para 2023 — usando fallback
2026-04-27 22:59:52,277 [WARNING] pipeline.macro: IPCA calculado fora do intervalo plausível (67.0%) para 2024 — usando fallback
2026-04-27 22:59:52,277 [INFO] pipeline.macro: 
RESUMO MACRO HISTÓRICO:
2026-04-27 22:59:52,277 [INFO] pipeline.macro:   selic_meta     : 2020: 2.00% | 2021: 9.25% | 2022: 13.75% | 2023: 11.75% | 2024: 11.75%
2026-04-27 22:59:52,277 [INFO] pipeline.macro:   selic_efet     : 2020: 2.28% | 2021: 4.48% | 2022: 12.33% | 2023: 13.15% | 2024: 10.73%
2026-04-27 22:59:52,277 [INFO] pipeline.macro:   ipca           : 2020: 4.52% | 2021: 10.06% | 2022: 5.62% | 2023: 4.62% | 2024: 4.83%
2026-04-27 22:59:52,277 [INFO] pipeline.macro:   tjlp           : 2020: 5.25% | 2021: 5.25% | 2022: 6.25% | 2023: 7.00% | 2024: 7.00%
2026-04-27 22:59:52,277 [INFO] pipeline.macro:   cds            : 2020: 0.44% | 2021: 0.73% | 2022: 1.26% | 2023: 0.84% | 2024: 0.81%
2026-04-27 22:59:52,277 [INFO] pipeline.macro:   inflacao_impl  : 2020: 4.52% | 2021: 10.06% | 2022: 5.62% | 2023: 4.62% | 2024: 4.83%
2026-04-27 22:59:52,277 [INFO] pipeline: 
[3/6] Baixando demonstrações financeiras (CVM)...
2026-04-27 22:59:52,278 [INFO] pipeline.cvm: 
==================================================
2026-04-27 22:59:52,278 [INFO] pipeline.cvm: Baixando DFP 2019...
2026-04-27 22:59:52,525 [INFO] pipeline.cvm:   DFP dre 2019: 88 linhas
2026-04-27 22:59:52,921 [INFO] pipeline.cvm:   DFP bpa 2019: 68 linhas
2026-04-27 22:59:53,686 [INFO] pipeline.cvm:   DFP bpp 2019: 100 linhas
2026-04-27 22:59:54,081 [INFO] pipeline.cvm:   DFP dfc_mi 2019: 146 linhas
2026-04-27 22:59:54,104 [WARNING] pipeline.cvm:   Empresa 906 não encontrada em dfc_md 2019
2026-04-27 22:59:54,105 [INFO] pipeline.cvm: 
==================================================
2026-04-27 22:59:54,105 [INFO] pipeline.cvm: Baixando DFP 2020...
2026-04-27 22:59:54,406 [INFO] pipeline.cvm:   DFP dre 2020: 82 linhas
2026-04-27 22:59:54,916 [INFO] pipeline.cvm:   DFP bpa 2020: 82 linhas
2026-04-27 22:59:55,714 [INFO] pipeline.cvm:   DFP bpp 2020: 96 linhas
2026-04-27 22:59:56,129 [INFO] pipeline.cvm:   DFP dfc_mi 2020: 94 linhas
2026-04-27 22:59:56,152 [WARNING] pipeline.cvm:   Empresa 906 não encontrada em dfc_md 2020
2026-04-27 22:59:56,153 [INFO] pipeline.cvm: 
==================================================
2026-04-27 22:59:56,153 [INFO] pipeline.cvm: Baixando DFP 2021...
2026-04-27 22:59:56,407 [INFO] pipeline.cvm:   DFP dre 2021: 82 linhas
2026-04-27 22:59:56,858 [INFO] pipeline.cvm:   DFP bpa 2021: 82 linhas
2026-04-27 22:59:57,626 [INFO] pipeline.cvm:   DFP bpp 2021: 86 linhas
2026-04-27 22:59:58,034 [WARNING] pipeline.cvm:   Empresa 906 não encontrada em dfc_mi 2021
2026-04-27 22:59:58,065 [INFO] pipeline.cvm:   DFP dfc_md 2021: 64 linhas
2026-04-27 22:59:58,066 [INFO] pipeline.cvm: 
==================================================
2026-04-27 22:59:58,067 [INFO] pipeline.cvm: Baixando DFP 2022...
2026-04-27 22:59:58,326 [INFO] pipeline.cvm:   DFP dre 2022: 82 linhas
2026-04-27 22:59:58,790 [INFO] pipeline.cvm:   DFP bpa 2022: 82 linhas
2026-04-27 22:59:59,679 [INFO] pipeline.cvm:   DFP bpp 2022: 86 linhas
2026-04-27 23:00:00,131 [INFO] pipeline.cvm:   DFP dfc_mi 2022: 96 linhas
2026-04-27 23:00:00,165 [WARNING] pipeline.cvm:   Empresa 906 não encontrada em dfc_md 2022
2026-04-27 23:00:00,166 [INFO] pipeline.cvm: 
==================================================
2026-04-27 23:00:00,166 [INFO] pipeline.cvm: Baixando DFP 2023...
2026-04-27 23:00:00,437 [INFO] pipeline.cvm:   DFP dre 2023: 82 linhas
2026-04-27 23:00:00,930 [INFO] pipeline.cvm:   DFP bpa 2023: 82 linhas
2026-04-27 23:00:01,780 [INFO] pipeline.cvm:   DFP bpp 2023: 86 linhas
2026-04-27 23:00:02,270 [INFO] pipeline.cvm:   DFP dfc_mi 2023: 96 linhas
2026-04-27 23:00:02,311 [WARNING] pipeline.cvm:   Empresa 906 não encontrada em dfc_md 2023
2026-04-27 23:00:02,312 [INFO] pipeline.cvm: 
==================================================
2026-04-27 23:00:02,312 [INFO] pipeline.cvm: Baixando DFP 2024...
2026-04-27 23:00:02,592 [INFO] pipeline.cvm:   DFP dre 2024: 82 linhas
2026-04-27 23:00:03,086 [INFO] pipeline.cvm:   DFP bpa 2024: 82 linhas
2026-04-27 23:00:03,978 [INFO] pipeline.cvm:   DFP bpp 2024: 86 linhas
2026-04-27 23:00:04,468 [INFO] pipeline.cvm:   DFP dfc_mi 2024: 96 linhas
2026-04-27 23:00:04,500 [WARNING] pipeline.cvm:   Empresa 906 não encontrada em dfc_md 2024
2026-04-27 23:00:04,500 [INFO] pipeline.cvm: 
==================================================
2026-04-27 23:00:04,501 [INFO] pipeline.cvm: Baixando DFP 2025...
2026-04-27 23:00:04,763 [INFO] pipeline.cvm:   DFP dre 2025: 82 linhas
2026-04-27 23:00:05,245 [INFO] pipeline.cvm:   DFP bpa 2025: 82 linhas
2026-04-27 23:00:06,024 [INFO] pipeline.cvm:   DFP bpp 2025: 86 linhas
2026-04-27 23:00:06,459 [INFO] pipeline.cvm:   DFP dfc_mi 2025: 96 linhas
2026-04-27 23:00:06,488 [WARNING] pipeline.cvm:   Empresa 906 não encontrada em dfc_md 2025
2026-04-27 23:00:06,489 [INFO] pipeline:   Anos ajustados → Histórico: 2019-2025 | Projeção: 2026-2035
2026-04-27 23:00:06,490 [INFO] pipeline: 
[4/6] Normalizando dados...
2026-04-27 23:00:08,450 [INFO] pipeline:   DFC normalizada: 11 linhas
2026-04-27 23:00:08,453 [INFO] pipeline:   DRE normalizada:
2026-04-27 23:00:08,454 [INFO] pipeline:     receita_liquida: 2019: 124,306 | 2020: 98,429 | 2021: 125,443 | 2022: 205,913 | 2023: 224,458 | 2024: 213,220 | 2025: 270,183
2026-04-27 23:00:08,454 [INFO] pipeline:     ebit: 2019: 13,381 | 2020: 4,075 | 2021: 32,852 | 2022: 24,210 | 2023: 10,208 | 2024: 16,901 | 2025: 21,025
2026-04-27 23:00:08,454 [INFO] pipeline:     lucro_liquido: 2019: 21,173 | 2020: 15,837 | 2021: 23,172 | 2022: 20,984 | 2023: 14,251 | 2024: 17,253 | 2025: 23,673
2026-04-27 23:00:08,454 [INFO] pipeline: 
[5/6] Calculando projeções...
2026-04-27 23:00:08,456 [INFO] pipeline.projecoes: 
=== Projeções (não-financeira / FCFF) ===
2026-04-27 23:00:08,459 [INFO] pipeline.projecoes:   Margem EBITDA: 52.1% → 6.0% (conv 6a)
2026-04-27 23:00:08,460 [INFO] pipeline.projecoes:   D&A/Receita: 20.0%
2026-04-27 23:00:08,461 [INFO] pipeline.projecoes:   CAPEX/Receita: 0.3% → 3.0%
2026-04-27 23:00:08,462 [INFO] pipeline.projecoes:   NCG/Receita: 0.0% → 10.0%
2026-04-27 23:00:08,463 [INFO] pipeline.projecoes:   Alíquota efetiva: 34.0%
2026-04-27 23:00:08,464 [INFO] pipeline.projecoes: Projeções concluídas (FCFF). Resumo:
2026-04-27 23:00:08,464 [INFO] pipeline.projecoes:    Ano      Receita     EBITDA    Mg%      NOPAT       FCFF
2026-04-27 23:00:08,464 [INFO] pipeline.projecoes:   2026      290,447    129,122  44.5%     46,881     96,751
2026-04-27 23:00:08,464 [INFO] pipeline.projecoes:   2027      310,778    114,258  36.8%     34,387     85,655
2026-04-27 23:00:08,464 [INFO] pipeline.projecoes:   2028      330,979     96,228  29.1%     19,821     72,251
2026-04-27 23:00:08,464 [INFO] pipeline.projecoes:   2029      350,837     75,018  21.4%      3,201     56,539
2026-04-27 23:00:08,464 [INFO] pipeline.projecoes:   2030      370,133     50,676  13.7%    -15,412     38,565
2026-04-27 23:00:08,464 [INFO] pipeline.valuation:   Estrutura de capital: E=20% | D=80%
2026-04-27 23:00:08,464 [INFO] pipeline: 
[6/6] Calculando valuation (FCFF / WACC)...
2026-04-27 23:00:08,464 [WARNING] pipeline.valuation: TIR > 150% — valor intrínseco muito acima do preço de mercado
2026-04-27 23:00:08,464 [WARNING] pipeline.valuation: TIR > 150% — valor intrínseco muito acima do preço de mercado
2026-04-27 23:00:08,465 [INFO] pipeline.valuation: 
==================================================
2026-04-27 23:00:08,465 [INFO] pipeline.valuation: VALUATION FCFF/WACC — BHIA3
2026-04-27 23:00:08,465 [INFO] pipeline.valuation:   VP FCFF (10a):     R$      354,912 MM
2026-04-27 23:00:08,465 [INFO] pipeline.valuation:   Valor Perp. (VP):  R$      211,229 MM
2026-04-27 23:00:08,465 [INFO] pipeline.valuation:   ENTERPRISE VALUE:  R$      566,141 MM
2026-04-27 23:00:08,465 [INFO] pipeline.valuation:   (-) Dívida Líq.:   R$      534,446 MM
2026-04-27 23:00:08,465 [INFO] pipeline.valuation:   VALOR DO EQUITY:   R$       31,695 MM
2026-04-27 23:00:08,465 [INFO] pipeline.valuation:   Preço Justo ON:    R$    32.48
2026-04-27 23:00:08,465 [INFO] pipeline.valuation:   Preço Justo PN:    R$    32.48
2026-04-27 23:00:08,465 [INFO] pipeline.valuation:   Cotação ON:        R$     2.70
2026-04-27 23:00:08,465 [INFO] pipeline.valuation:   Upside ON:             1103.0%
2026-04-27 23:00:08,465 [INFO] pipeline.valuation:   TIR (ON):               150.0%
2026-04-27 23:00:08,465 [INFO] pipeline.valuation:   WACC último ano:         12.0%
2026-04-27 23:00:08,467 [INFO] pipeline:   Sem template VAROS para BHIA3 — Excel será criado do zero
2026-04-27 23:00:08,468 [INFO] pipeline.excel_geral: 
============================================================
2026-04-27 23:00:08,468 [INFO] pipeline.excel_geral: Criando Excel completo (12 abas) para: Casas Bahia (BHIA3)
2026-04-27 23:00:08,469 [INFO] pipeline.excel_geral:   → 1/12  Dashboard
2026-04-27 23:00:08,479 [INFO] pipeline.excel_geral:   → 2/12  WACC
2026-04-27 23:00:08,520 [INFO] pipeline.excel_geral:   → 3/12  TIR ON
2026-04-27 23:00:08,531 [INFO] pipeline.excel_geral:   → 4/12  TIR PN
2026-04-27 23:00:08,541 [INFO] pipeline.excel_geral:   → 5/12  Valor do Equity
2026-04-27 23:00:08,547 [INFO] pipeline.excel_geral:   → 6/12  Preço Teto
2026-04-27 23:00:08,589 [INFO] pipeline.excel_geral:   → 7/12  DRE + DCF
2026-04-27 23:00:08,727 [INFO] pipeline.excel_geral:   → 8/12  DRE Contas Abertas
2026-04-27 23:00:08,797 [INFO] pipeline.excel_geral:   → 9/12  Balanço Patrimonial
2026-04-27 23:00:08,853 [INFO] pipeline.excel_geral:   → 10/12 Painel de Índices
2026-04-27 23:00:08,933 [INFO] pipeline.excel_geral:   → 11/12 Projeções Premissas
2026-04-27 23:00:08,959 [INFO] pipeline.excel_geral:   → 12/12 Projeções Capex e CG
2026-04-27 23:00:09,070 [INFO] pipeline.excel_geral: 
Arquivo salvo: C:\Users\55819\OneDrive - EPEJUD\DIEGO\OBSIDIAN\Analista de Investimentos\12_PYTHON\pipeline banco completo\outputs\Valuation_BHIA3_Casas Bahia_20260427.xlsx
2026-04-27 23:00:09,070 [INFO] pipeline: 
======================================================================
2026-04-27 23:00:09,070 [INFO] pipeline: RESUMO DO VALUATION (FCFF/WACC)
2026-04-27 23:00:09,071 [INFO] pipeline: ======================================================================
2026-04-27 23:00:09,071 [INFO] pipeline:   Empresa:           Casas Bahia (BHIA3)
2026-04-27 23:00:09,071 [INFO] pipeline:   Enterprise Value:  R$      566,141 MM
2026-04-27 23:00:09,071 [INFO] pipeline:   Cotação ON:        R$ 2.70
2026-04-27 23:00:09,071 [INFO] pipeline:   Preço Justo ON:    R$ 32.48
2026-04-27 23:00:09,071 [INFO] pipeline:   Upside ON:            1103.0%
2026-04-27 23:00:09,071 [INFO] pipeline:   TIR:                  150.0%
2026-04-27 23:00:09,072 [INFO] pipeline:   Preço Teto ON:     R$ 32.48
2026-04-27 23:00:09,072 [INFO] pipeline: 
  Arquivo gerado:    C:\Users\55819\OneDrive - EPEJUD\DIEGO\OBSIDIAN\Analista de Investimentos\12_PYTHON\pipeline banco completo\outputs\Valuation_BHIA3_Casas Bahia_20260427.xlsx
2026-04-27 23:00:09,072 [INFO] pipeline: ======================================================================
2026-04-27 23:00:09,074 [INFO] pipeline: ✓ BHIA3: arquivo gerado → C:\Users\55819\OneDrive - EPEJUD\DIEGO\OBSIDIAN\Analista de Investimentos\12_PYTHON\pipeline banco completo\outputs\Valuation_BHIA3_Casas Bahia_20260427.xlsx
2026-04-27 23:00:09,075 [INFO] pipeline: 
──────────────────────────────────────────────────────────────────────
2026-04-27 23:00:09,075 [INFO] pipeline: Processando: ASAI3 (Assaí Atacadista)
2026-04-27 23:00:09,075 [INFO] pipeline: ──────────────────────────────────────────────────────────────────────
2026-04-27 23:00:09,075 [INFO] pipeline: ======================================================================
2026-04-27 23:00:09,075 [INFO] pipeline: PIPELINE DE VALUATION [CONSUMO_VAREJO] — ASAI3 — Assaí Atacadista
2026-04-27 23:00:09,075 [INFO] pipeline: Início: 2026-04-27 23:00:09
2026-04-27 23:00:09,075 [INFO] pipeline:   Setor: consumo_varejo | Motor: WACC
2026-04-27 23:00:09,075 [INFO] pipeline: ======================================================================
2026-04-27 23:00:09,075 [INFO] pipeline: 
[1/6] Coletando dados de mercado...
2026-04-27 23:00:09,076 [INFO] pipeline:   Buscando cotação via yfinance...
2026-04-27 23:00:09,076 [INFO] pipeline.mercado: Buscando cotação atual: ASAI3.SA
2026-04-27 23:00:10,426 [INFO] pipeline:   Cotação ON: R$ 9.58  |  Cotação PN: R$ 0.00
2026-04-27 23:00:10,558 [INFO] pipeline.mercado: Calculando beta: ASAI3 (252 dias úteis)
2026-04-27 23:00:10,558 [INFO] pipeline.mercado: Baixando preços: ASAI3.SA (2019-01-01 → 2026-04-27)
2026-04-27 23:00:11,308 [INFO] pipeline.mercado:   1286 dias de preços carregados
2026-04-27 23:00:11,327 [INFO] pipeline.mercado:   Beta estatístico: 1.7131 | R²: 0.355 | n=251
2026-04-27 23:00:11,331 [INFO] pipeline:   Beta estatístico: 1.713 | Beta utilizado: 0.850
2026-04-27 23:00:11,331 [INFO] pipeline: 
[2/6] Coletando dados macroeconômicos (BCB)...
2026-04-27 23:00:11,670 [WARNING] pipeline.macro: Não foi possível obter Focus Selic: 400 Client Error: Bad Request for url: https://olinda.bcb.gov.br/olinda/servico/Expectativas/versao/v1/odata/ExpectativasMercadoAnuais?%24filter=Indicador%20eq%20'Selic'&%24top=100&%24format=json&%24select=Indicador,Data,Ano,Mediana
2026-04-27 23:00:11,955 [WARNING] pipeline.macro: Não foi possível obter Focus IPCA: 400 Client Error: Bad Request for url: https://olinda.bcb.gov.br/olinda/servico/Expectativas/versao/v1/odata/ExpectativasMercadoAnuais?%24filter=Indicador%20eq%20'IPCA'&%24top=100&%24format=json&%24select=Indicador,Data,Ano,Mediana
2026-04-27 23:00:11,956 [INFO] pipeline.macro: 
=== Coletando dados macroeconômicos ===
2026-04-27 23:00:11,956 [INFO] pipeline.macro: Baixando série BCB 432...
2026-04-27 23:00:12,239 [ERROR] pipeline.macro: Erro ao baixar série BCB 432: 406 Client Error: Not Acceptable for url: https://api.bcb.gov.br/dados/serie/bcdata.sgs.432/dados?formato=json&dataInicial=01%2F01%2F2010&dataFinal=27%2F04%2F2026
2026-04-27 23:00:12,240 [WARNING] pipeline.macro: Série Selic meta sem DatetimeIndex — usando fallback histórico
2026-04-27 23:00:12,240 [INFO] pipeline.macro: Baixando série BCB 12...
2026-04-27 23:00:12,343 [ERROR] pipeline.macro: Erro ao baixar série BCB 12: 406 Client Error: Not Acceptable for url: https://api.bcb.gov.br/dados/serie/bcdata.sgs.12/dados?formato=json&dataInicial=01%2F01%2F2010&dataFinal=27%2F04%2F2026
2026-04-27 23:00:12,343 [WARNING] pipeline.macro: Série DI sem DatetimeIndex — usando fallback histórico
2026-04-27 23:00:12,346 [WARNING] pipeline.macro: IPCA calculado fora do intervalo plausível (55.3%) para 2019 — usando fallback
2026-04-27 23:00:12,346 [WARNING] pipeline.macro: IPCA calculado fora do intervalo plausível (46.1%) para 2020 — usando fallback
2026-04-27 23:00:12,346 [WARNING] pipeline.macro: IPCA calculado fora do intervalo plausível (159.3%) para 2021 — usando fallback
2026-04-27 23:00:12,347 [WARNING] pipeline.macro: IPCA calculado fora do intervalo plausível (191.2%) para 2022 — usando fallback
2026-04-27 23:00:12,347 [WARNING] pipeline.macro: IPCA calculado fora do intervalo plausível (71.5%) para 2023 — usando fallback
2026-04-27 23:00:12,347 [WARNING] pipeline.macro: IPCA calculado fora do intervalo plausível (67.0%) para 2024 — usando fallback
2026-04-27 23:00:12,348 [INFO] pipeline.macro: Baixando série BCB 258...
2026-04-27 23:00:12,450 [ERROR] pipeline.macro: Erro ao baixar série BCB 258: 406 Client Error: Not Acceptable for url: https://api.bcb.gov.br/dados/serie/bcdata.sgs.258/dados?formato=json&dataInicial=01%2F01%2F2010&dataFinal=27%2F04%2F2026
2026-04-27 23:00:12,450 [WARNING] pipeline.macro: Série TJLP sem DatetimeIndex — usando fallback histórico
2026-04-27 23:00:12,458 [WARNING] pipeline.macro: IPCA calculado fora do intervalo plausível (55.3%) para 2019 — usando fallback
2026-04-27 23:00:12,459 [WARNING] pipeline.macro: IPCA calculado fora do intervalo plausível (46.1%) para 2020 — usando fallback
2026-04-27 23:00:12,460 [WARNING] pipeline.macro: IPCA calculado fora do intervalo plausível (159.3%) para 2021 — usando fallback
2026-04-27 23:00:12,461 [WARNING] pipeline.macro: IPCA calculado fora do intervalo plausível (191.2%) para 2022 — usando fallback
2026-04-27 23:00:12,461 [WARNING] pipeline.macro: IPCA calculado fora do intervalo plausível (71.5%) para 2023 — usando fallback
2026-04-27 23:00:12,462 [WARNING] pipeline.macro: IPCA calculado fora do intervalo plausível (67.0%) para 2024 — usando fallback
2026-04-27 23:00:12,462 [INFO] pipeline.macro: 
RESUMO MACRO HISTÓRICO:
2026-04-27 23:00:12,462 [INFO] pipeline.macro:   selic_meta     : 2020: 2.00% | 2021: 9.25% | 2022: 13.75% | 2023: 11.75% | 2024: 11.75%
2026-04-27 23:00:12,462 [INFO] pipeline.macro:   selic_efet     : 2020: 2.28% | 2021: 4.48% | 2022: 12.33% | 2023: 13.15% | 2024: 10.73%
2026-04-27 23:00:12,462 [INFO] pipeline.macro:   ipca           : 2020: 4.52% | 2021: 10.06% | 2022: 5.62% | 2023: 4.62% | 2024: 4.83%
2026-04-27 23:00:12,462 [INFO] pipeline.macro:   tjlp           : 2020: 5.25% | 2021: 5.25% | 2022: 6.25% | 2023: 7.00% | 2024: 7.00%
2026-04-27 23:00:12,463 [INFO] pipeline.macro:   cds            : 2020: 0.44% | 2021: 0.73% | 2022: 1.26% | 2023: 0.84% | 2024: 0.81%
2026-04-27 23:00:12,463 [INFO] pipeline.macro:   inflacao_impl  : 2020: 4.52% | 2021: 10.06% | 2022: 5.62% | 2023: 4.62% | 2024: 4.83%
2026-04-27 23:00:12,463 [INFO] pipeline: 
[3/6] Baixando demonstrações financeiras (CVM)...
2026-04-27 23:00:12,463 [INFO] pipeline.cvm: 
==================================================
2026-04-27 23:00:12,463 [INFO] pipeline.cvm: Baixando DFP 2019...
2026-04-27 23:00:12,677 [WARNING] pipeline.cvm:   Empresa 23434 não encontrada em dre 2019
2026-04-27 23:00:13,058 [WARNING] pipeline.cvm:   Empresa 23434 não encontrada em bpa 2019
2026-04-27 23:00:13,730 [WARNING] pipeline.cvm:   Empresa 23434 não encontrada em bpp 2019
2026-04-27 23:00:14,086 [WARNING] pipeline.cvm:   Empresa 23434 não encontrada em dfc_mi 2019
2026-04-27 23:00:14,110 [WARNING] pipeline.cvm:   Empresa 23434 não encontrada em dfc_md 2019
2026-04-27 23:00:14,110 [INFO] pipeline.cvm: 
==================================================
2026-04-27 23:00:14,110 [INFO] pipeline.cvm: Baixando DFP 2020...
2026-04-27 23:00:14,394 [WARNING] pipeline.cvm:   Empresa 23434 não encontrada em dre 2020
2026-04-27 23:00:14,838 [WARNING] pipeline.cvm:   Empresa 23434 não encontrada em bpa 2020
2026-04-27 23:00:15,602 [WARNING] pipeline.cvm:   Empresa 23434 não encontrada em bpp 2020
2026-04-27 23:00:15,998 [WARNING] pipeline.cvm:   Empresa 23434 não encontrada em dfc_mi 2020
2026-04-27 23:00:16,024 [WARNING] pipeline.cvm:   Empresa 23434 não encontrada em dfc_md 2020
2026-04-27 23:00:16,024 [INFO] pipeline.cvm: 
==================================================
2026-04-27 23:00:16,024 [INFO] pipeline.cvm: Baixando DFP 2021...
2026-04-27 23:00:16,310 [WARNING] pipeline.cvm:   Empresa 23434 não encontrada em dre 2021
2026-04-27 23:00:16,814 [WARNING] pipeline.cvm:   Empresa 23434 não encontrada em bpa 2021
2026-04-27 23:00:17,633 [WARNING] pipeline.cvm:   Empresa 23434 não encontrada em bpp 2021
2026-04-27 23:00:18,055 [WARNING] pipeline.cvm:   Empresa 23434 não encontrada em dfc_mi 2021
2026-04-27 23:00:18,092 [WARNING] pipeline.cvm:   Empresa 23434 não encontrada em dfc_md 2021
2026-04-27 23:00:18,093 [INFO] pipeline.cvm: 
==================================================
2026-04-27 23:00:18,093 [INFO] pipeline.cvm: Baixando DFP 2022...
2026-04-27 23:00:18,405 [WARNING] pipeline.cvm:   Empresa 23434 não encontrada em dre 2022
2026-04-27 23:00:18,934 [WARNING] pipeline.cvm:   Empresa 23434 não encontrada em bpa 2022
2026-04-27 23:00:19,845 [WARNING] pipeline.cvm:   Empresa 23434 não encontrada em bpp 2022
2026-04-27 23:00:20,292 [WARNING] pipeline.cvm:   Empresa 23434 não encontrada em dfc_mi 2022
2026-04-27 23:00:20,331 [WARNING] pipeline.cvm:   Empresa 23434 não encontrada em dfc_md 2022
2026-04-27 23:00:20,331 [INFO] pipeline.cvm: 
==================================================
2026-04-27 23:00:20,332 [INFO] pipeline.cvm: Baixando DFP 2023...
2026-04-27 23:00:20,631 [WARNING] pipeline.cvm:   Empresa 23434 não encontrada em dre 2023
2026-04-27 23:00:21,346 [WARNING] pipeline.cvm:   Empresa 23434 não encontrada em bpa 2023
2026-04-27 23:00:22,520 [WARNING] pipeline.cvm:   Empresa 23434 não encontrada em bpp 2023
2026-04-27 23:00:23,065 [WARNING] pipeline.cvm:   Empresa 23434 não encontrada em dfc_mi 2023
2026-04-27 23:00:23,122 [WARNING] pipeline.cvm:   Empresa 23434 não encontrada em dfc_md 2023
2026-04-27 23:00:23,124 [INFO] pipeline.cvm: 
==================================================
2026-04-27 23:00:23,124 [INFO] pipeline.cvm: Baixando DFP 2024...
2026-04-27 23:00:23,427 [WARNING] pipeline.cvm:   Empresa 23434 não encontrada em dre 2024
2026-04-27 23:00:23,931 [WARNING] pipeline.cvm:   Empresa 23434 não encontrada em bpa 2024
2026-04-27 23:00:24,938 [WARNING] pipeline.cvm:   Empresa 23434 não encontrada em bpp 2024
2026-04-27 23:00:25,523 [WARNING] pipeline.cvm:   Empresa 23434 não encontrada em dfc_mi 2024
2026-04-27 23:00:25,587 [WARNING] pipeline.cvm:   Empresa 23434 não encontrada em dfc_md 2024
2026-04-27 23:00:25,588 [INFO] pipeline.cvm: 
==================================================
2026-04-27 23:00:25,588 [INFO] pipeline.cvm: Baixando DFP 2025...
2026-04-27 23:00:25,956 [WARNING] pipeline.cvm:   Empresa 23434 não encontrada em dre 2025
2026-04-27 23:00:26,516 [WARNING] pipeline.cvm:   Empresa 23434 não encontrada em bpa 2025
2026-04-27 23:00:27,499 [WARNING] pipeline.cvm:   Empresa 23434 não encontrada em bpp 2025
2026-04-27 23:00:27,965 [WARNING] pipeline.cvm:   Empresa 23434 não encontrada em dfc_mi 2025
2026-04-27 23:00:27,992 [WARNING] pipeline.cvm:   Empresa 23434 não encontrada em dfc_md 2025
2026-04-27 23:00:27,992 [INFO] pipeline:   DFP 2019 indisponível — tentando anualizar via ITR...
2026-04-27 23:00:27,992 [INFO] pipeline.cvm: 
==================================================
2026-04-27 23:00:27,993 [INFO] pipeline.cvm: Tentando anualizar 2019 via ITR (LTM)...
2026-04-27 23:00:33,673 [WARNING] pipeline.cvm:   ITR 2019 não disponível — não é possível anualizar
2026-04-27 23:00:33,673 [WARNING] pipeline:   DFP 2019 e ITR indisponíveis — removido do histórico
2026-04-27 23:00:33,673 [INFO] pipeline:   DFP 2020 indisponível — tentando anualizar via ITR...
2026-04-27 23:00:33,673 [INFO] pipeline.cvm: 
==================================================
2026-04-27 23:00:33,673 [INFO] pipeline.cvm: Tentando anualizar 2020 via ITR (LTM)...
2026-04-27 23:00:39,534 [WARNING] pipeline.cvm:   ITR 2020 não disponível — não é possível anualizar
2026-04-27 23:00:39,534 [WARNING] pipeline:   DFP 2020 e ITR indisponíveis — removido do histórico
2026-04-27 23:00:39,534 [INFO] pipeline:   DFP 2021 indisponível — tentando anualizar via ITR...
2026-04-27 23:00:39,534 [INFO] pipeline.cvm: 
==================================================
2026-04-27 23:00:39,534 [INFO] pipeline.cvm: Tentando anualizar 2021 via ITR (LTM)...
2026-04-27 23:00:46,496 [WARNING] pipeline.cvm:   ITR 2021 não disponível — não é possível anualizar
2026-04-27 23:00:46,496 [WARNING] pipeline:   DFP 2021 e ITR indisponíveis — removido do histórico
2026-04-27 23:00:46,496 [INFO] pipeline:   DFP 2022 indisponível — tentando anualizar via ITR...
2026-04-27 23:00:46,496 [INFO] pipeline.cvm: 
==================================================
2026-04-27 23:00:46,496 [INFO] pipeline.cvm: Tentando anualizar 2022 via ITR (LTM)...
2026-04-27 23:00:53,130 [WARNING] pipeline.cvm:   ITR 2022 não disponível — não é possível anualizar
2026-04-27 23:00:53,130 [WARNING] pipeline:   DFP 2022 e ITR indisponíveis — removido do histórico
2026-04-27 23:00:53,130 [INFO] pipeline:   DFP 2023 indisponível — tentando anualizar via ITR...
2026-04-27 23:00:53,130 [INFO] pipeline.cvm: 
==================================================
2026-04-27 23:00:53,130 [INFO] pipeline.cvm: Tentando anualizar 2023 via ITR (LTM)...
2026-04-27 23:00:59,736 [WARNING] pipeline.cvm:   ITR 2023 não disponível — não é possível anualizar
2026-04-27 23:00:59,736 [WARNING] pipeline:   DFP 2023 e ITR indisponíveis — removido do histórico
2026-04-27 23:00:59,736 [INFO] pipeline:   DFP 2024 indisponível — tentando anualizar via ITR...
2026-04-27 23:00:59,737 [INFO] pipeline.cvm: 
==================================================
2026-04-27 23:00:59,737 [INFO] pipeline.cvm: Tentando anualizar 2024 via ITR (LTM)...
2026-04-27 23:01:07,186 [WARNING] pipeline.cvm:   ITR 2024 não disponível — não é possível anualizar
2026-04-27 23:01:07,186 [WARNING] pipeline:   DFP 2024 e ITR indisponíveis — removido do histórico
2026-04-27 23:01:07,186 [INFO] pipeline:   DFP 2025 indisponível — tentando anualizar via ITR...
2026-04-27 23:01:07,186 [INFO] pipeline.cvm: 
==================================================
2026-04-27 23:01:07,186 [INFO] pipeline.cvm: Tentando anualizar 2025 via ITR (LTM)...
2026-04-27 23:01:13,548 [WARNING] pipeline.cvm:   ITR 2025 não disponível — não é possível anualizar
2026-04-27 23:01:13,549 [WARNING] pipeline:   DFP 2025 e ITR indisponíveis — removido do histórico
2026-04-27 23:01:13,549 [WARNING] pipeline:   Nenhum ano com dados históricos — continuando sem histórico CVM
2026-04-27 23:01:13,549 [INFO] pipeline: 
[4/6] Normalizando dados...
2026-04-27 23:01:13,552 [INFO] pipeline:   DRE normalizada:
2026-04-27 23:01:13,552 [INFO] pipeline: 
[5/6] Calculando projeções...
2026-04-27 23:01:13,553 [INFO] pipeline.projecoes: 
=== Projeções (não-financeira / FCFF) ===
2026-04-27 23:01:13,554 [INFO] pipeline.projecoes:   Margem EBITDA: 8.0% → 8.0% (conv 6a)
2026-04-27 23:01:13,554 [INFO] pipeline.projecoes:   D&A/Receita: 5.0%
2026-04-27 23:01:13,555 [INFO] pipeline.projecoes:   CAPEX/Receita: 6.0% → 6.0%
2026-04-27 23:01:13,556 [INFO] pipeline.projecoes:   NCG/Receita: 4.0% → 4.0%
2026-04-27 23:01:13,558 [INFO] pipeline.projecoes:   Alíquota efetiva: 34.0%
2026-04-27 23:01:13,559 [INFO] pipeline.projecoes: Projeções concluídas (FCFF). Resumo:
2026-04-27 23:01:13,559 [INFO] pipeline.projecoes:    Ano      Receita     EBITDA    Mg%      NOPAT       FCFF
2026-04-27 23:01:13,559 [INFO] pipeline.projecoes:   2025            0          0   8.0%          0          0
2026-04-27 23:01:13,559 [INFO] pipeline.projecoes:   2026            0          0   8.0%          0          0
2026-04-27 23:01:13,559 [INFO] pipeline.projecoes:   2027            0          0   8.0%          0          0
2026-04-27 23:01:13,559 [INFO] pipeline.projecoes:   2028            0          0   8.0%          0          0
2026-04-27 23:01:13,559 [INFO] pipeline.projecoes:   2029            0          0   8.0%          0          0
2026-04-27 23:01:13,559 [INFO] pipeline.valuation:   Estrutura de capital: E=95% | D=5%
2026-04-27 23:01:13,559 [INFO] pipeline: 
[6/6] Calculando valuation (FCFF / WACC)...
2026-04-27 23:01:13,559 [WARNING] pipeline.valuation: TIR < g (5.5%) — cotação acima do valor intrínseco (DCF)
2026-04-27 23:01:13,559 [WARNING] pipeline.valuation: TIR < g (5.5%) — cotação acima do valor intrínseco (DCF)
2026-04-27 23:01:13,560 [INFO] pipeline.valuation: 
==================================================
2026-04-27 23:01:13,560 [INFO] pipeline.valuation: VALUATION FCFF/WACC — ASAI3
2026-04-27 23:01:13,560 [INFO] pipeline.valuation:   VP FCFF (10a):     R$            0 MM
2026-04-27 23:01:13,560 [INFO] pipeline.valuation:   Valor Perp. (VP):  R$            0 MM
2026-04-27 23:01:13,560 [INFO] pipeline.valuation:   ENTERPRISE VALUE:  R$            0 MM
2026-04-27 23:01:13,560 [INFO] pipeline.valuation:   (-) Dívida Líq.:   R$            0 MM
2026-04-27 23:01:13,560 [INFO] pipeline.valuation:   VALOR DO EQUITY:   R$            0 MM
2026-04-27 23:01:13,560 [INFO] pipeline.valuation:   Preço Justo ON:    R$     0.00
2026-04-27 23:01:13,560 [INFO] pipeline.valuation:   Preço Justo PN:    R$     0.00
2026-04-27 23:01:13,560 [INFO] pipeline.valuation:   Cotação ON:        R$     9.58
2026-04-27 23:01:13,560 [INFO] pipeline.valuation:   Upside ON:             -100.0%
2026-04-27 23:01:13,560 [INFO] pipeline.valuation:   TIR (ON):                 6.0%
2026-04-27 23:01:13,560 [INFO] pipeline.valuation:   WACC último ano:          9.8%
2026-04-27 23:01:13,560 [WARNING] pipeline: 
[!] AVISOS DE VALIDACAO:
2026-04-27 23:01:13,560 [WARNING] pipeline:   - DRE histórica vazia — planilha terá apenas projeções
2026-04-27 23:01:13,561 [WARNING] pipeline:   - FCFF projetado é zero em todos os anos — verificar dados históricos
2026-04-27 23:01:13,561 [WARNING] pipeline:   - Valor do Equity negativo ou zero: R$ 0 MM
2026-04-27 23:01:13,561 [WARNING] pipeline:   - Preço Justo ON inválido (≤ 0)
2026-04-27 23:01:13,563 [INFO] pipeline:   Sem template VAROS para ASAI3 — Excel será criado do zero
2026-04-27 23:01:13,563 [INFO] pipeline.excel_geral: 
============================================================
2026-04-27 23:01:13,564 [INFO] pipeline.excel_geral: Criando Excel completo (12 abas) para: Assaí Atacadista (ASAI3)
2026-04-27 23:01:13,565 [INFO] pipeline.excel_geral:   → 1/12  Dashboard
2026-04-27 23:01:13,577 [INFO] pipeline.excel_geral:   → 2/12  WACC
2026-04-27 23:01:13,614 [INFO] pipeline.excel_geral:   → 3/12  TIR ON
2026-04-27 23:01:13,624 [INFO] pipeline.excel_geral:   → 4/12  TIR PN
2026-04-27 23:01:13,634 [INFO] pipeline.excel_geral:   → 5/12  Valor do Equity
2026-04-27 23:01:13,640 [INFO] pipeline.excel_geral:   → 6/12  Preço Teto
2026-04-27 23:01:13,647 [INFO] pipeline.excel_geral:   → 7/12  DRE + DCF
2026-04-27 23:01:13,716 [INFO] pipeline.excel_geral:   → 8/12  DRE Contas Abertas
2026-04-27 23:01:13,747 [INFO] pipeline.excel_geral:   → 9/12  Balanço Patrimonial
2026-04-27 23:01:13,755 [INFO] pipeline.excel_geral:   → 10/12 Painel de Índices
2026-04-27 23:01:13,766 [INFO] pipeline.excel_geral:   → 11/12 Projeções Premissas
2026-04-27 23:01:13,791 [INFO] pipeline.excel_geral:   → 12/12 Projeções Capex e CG
2026-04-27 23:01:13,870 [INFO] pipeline.excel_geral: 
Arquivo salvo: C:\Users\55819\OneDrive - EPEJUD\DIEGO\OBSIDIAN\Analista de Investimentos\12_PYTHON\pipeline banco completo\outputs\Valuation_ASAI3_Assaí Atacadista_20260427.xlsx
2026-04-27 23:01:13,870 [INFO] pipeline: 
======================================================================
2026-04-27 23:01:13,870 [INFO] pipeline: RESUMO DO VALUATION (FCFF/WACC)
2026-04-27 23:01:13,870 [INFO] pipeline: ======================================================================
2026-04-27 23:01:13,870 [INFO] pipeline:   Empresa:           Assaí Atacadista (ASAI3)
2026-04-27 23:01:13,870 [INFO] pipeline:   Enterprise Value:  R$            0 MM
2026-04-27 23:01:13,870 [INFO] pipeline:   Cotação ON:        R$ 9.58
2026-04-27 23:01:13,871 [INFO] pipeline:   Preço Justo ON:    R$ 0.00
2026-04-27 23:01:13,871 [INFO] pipeline:   Upside ON:            -100.0%
2026-04-27 23:01:13,871 [INFO] pipeline:   TIR:                  6.0%
2026-04-27 23:01:13,871 [INFO] pipeline:   Preço Teto ON:     R$ 0.00
2026-04-27 23:01:13,871 [INFO] pipeline: 
  [!] 4 aviso(s) de validacao — verifique os logs
2026-04-27 23:01:13,871 [INFO] pipeline: 
  Arquivo gerado:    C:\Users\55819\OneDrive - EPEJUD\DIEGO\OBSIDIAN\Analista de Investimentos\12_PYTHON\pipeline banco completo\outputs\Valuation_ASAI3_Assaí Atacadista_20260427.xlsx
2026-04-27 23:01:13,871 [INFO] pipeline: ======================================================================
2026-04-27 23:01:13,872 [INFO] pipeline: ✓ ASAI3: arquivo gerado → C:\Users\55819\OneDrive - EPEJUD\DIEGO\OBSIDIAN\Analista de Investimentos\12_PYTHON\pipeline banco completo\outputs\Valuation_ASAI3_Assaí Atacadista_20260427.xlsx
2026-04-27 23:01:13,873 [INFO] pipeline: 
──────────────────────────────────────────────────────────────────────
2026-04-27 23:01:13,873 [INFO] pipeline: Processando: PCAR3 (GPA (Pão de Açúcar))
2026-04-27 23:01:13,873 [INFO] pipeline: ──────────────────────────────────────────────────────────────────────
2026-04-27 23:01:13,873 [INFO] pipeline: ======================================================================
2026-04-27 23:01:13,873 [INFO] pipeline: PIPELINE DE VALUATION [CONSUMO_VAREJO] — PCAR3 — GPA (Pão de Açúcar)
2026-04-27 23:01:13,873 [INFO] pipeline: Início: 2026-04-27 23:01:13
2026-04-27 23:01:13,873 [INFO] pipeline:   Setor: consumo_varejo | Motor: WACC
2026-04-27 23:01:13,873 [INFO] pipeline: ======================================================================
2026-04-27 23:01:13,873 [INFO] pipeline: 
[1/6] Coletando dados de mercado...
2026-04-27 23:01:13,873 [INFO] pipeline:   Buscando cotação via yfinance...
2026-04-27 23:01:13,874 [INFO] pipeline.mercado: Buscando cotação atual: PCAR3.SA
2026-04-27 23:01:15,162 [INFO] pipeline:   Cotação ON: R$ 2.34  |  Cotação PN: R$ 0.00
2026-04-27 23:01:15,287 [INFO] pipeline.mercado: Calculando beta: PCAR3 (252 dias úteis)
2026-04-27 23:01:15,287 [INFO] pipeline.mercado: Baixando preços: PCAR3.SA (2019-01-01 → 2026-04-27)
2026-04-27 23:01:16,006 [INFO] pipeline.mercado:   1819 dias de preços carregados
2026-04-27 23:01:16,014 [INFO] pipeline.mercado:   Beta estatístico: 1.1574 | R²: 0.084 | n=251
2026-04-27 23:01:16,017 [INFO] pipeline:   Beta estatístico: 1.157 | Beta utilizado: 0.850
2026-04-27 23:01:16,017 [INFO] pipeline: 
[2/6] Coletando dados macroeconômicos (BCB)...
2026-04-27 23:01:16,294 [WARNING] pipeline.macro: Não foi possível obter Focus Selic: 400 Client Error: Bad Request for url: https://olinda.bcb.gov.br/olinda/servico/Expectativas/versao/v1/odata/ExpectativasMercadoAnuais?%24filter=Indicador%20eq%20'Selic'&%24top=100&%24format=json&%24select=Indicador,Data,Ano,Mediana
2026-04-27 23:01:16,579 [WARNING] pipeline.macro: Não foi possível obter Focus IPCA: 400 Client Error: Bad Request for url: https://olinda.bcb.gov.br/olinda/servico/Expectativas/versao/v1/odata/ExpectativasMercadoAnuais?%24filter=Indicador%20eq%20'IPCA'&%24top=100&%24format=json&%24select=Indicador,Data,Ano,Mediana
2026-04-27 23:01:16,580 [INFO] pipeline.macro: 
=== Coletando dados macroeconômicos ===
2026-04-27 23:01:16,580 [INFO] pipeline.macro: Baixando série BCB 432...
2026-04-27 23:01:16,910 [ERROR] pipeline.macro: Erro ao baixar série BCB 432: 406 Client Error: Not Acceptable for url: https://api.bcb.gov.br/dados/serie/bcdata.sgs.432/dados?formato=json&dataInicial=01%2F01%2F2010&dataFinal=27%2F04%2F2026
2026-04-27 23:01:16,911 [WARNING] pipeline.macro: Série Selic meta sem DatetimeIndex — usando fallback histórico
2026-04-27 23:01:16,911 [INFO] pipeline.macro: Baixando série BCB 12...
2026-04-27 23:01:17,017 [ERROR] pipeline.macro: Erro ao baixar série BCB 12: 406 Client Error: Not Acceptable for url: https://api.bcb.gov.br/dados/serie/bcdata.sgs.12/dados?formato=json&dataInicial=01%2F01%2F2010&dataFinal=27%2F04%2F2026
2026-04-27 23:01:17,017 [WARNING] pipeline.macro: Série DI sem DatetimeIndex — usando fallback histórico
2026-04-27 23:01:17,021 [WARNING] pipeline.macro: IPCA calculado fora do intervalo plausível (55.3%) para 2019 — usando fallback
2026-04-27 23:01:17,022 [WARNING] pipeline.macro: IPCA calculado fora do intervalo plausível (46.1%) para 2020 — usando fallback
2026-04-27 23:01:17,022 [WARNING] pipeline.macro: IPCA calculado fora do intervalo plausível (159.3%) para 2021 — usando fallback
2026-04-27 23:01:17,023 [WARNING] pipeline.macro: IPCA calculado fora do intervalo plausível (191.2%) para 2022 — usando fallback
2026-04-27 23:01:17,023 [WARNING] pipeline.macro: IPCA calculado fora do intervalo plausível (71.5%) para 2023 — usando fallback
2026-04-27 23:01:17,024 [WARNING] pipeline.macro: IPCA calculado fora do intervalo plausível (67.0%) para 2024 — usando fallback
2026-04-27 23:01:17,024 [INFO] pipeline.macro: Baixando série BCB 258...
2026-04-27 23:01:17,122 [ERROR] pipeline.macro: Erro ao baixar série BCB 258: 406 Client Error: Not Acceptable for url: https://api.bcb.gov.br/dados/serie/bcdata.sgs.258/dados?formato=json&dataInicial=01%2F01%2F2010&dataFinal=27%2F04%2F2026
2026-04-27 23:01:17,122 [WARNING] pipeline.macro: Série TJLP sem DatetimeIndex — usando fallback histórico
2026-04-27 23:01:17,131 [WARNING] pipeline.macro: IPCA calculado fora do intervalo plausível (55.3%) para 2019 — usando fallback
2026-04-27 23:01:17,132 [WARNING] pipeline.macro: IPCA calculado fora do intervalo plausível (46.1%) para 2020 — usando fallback
2026-04-27 23:01:17,132 [WARNING] pipeline.macro: IPCA calculado fora do intervalo plausível (159.3%) para 2021 — usando fallback
2026-04-27 23:01:17,133 [WARNING] pipeline.macro: IPCA calculado fora do intervalo plausível (191.2%) para 2022 — usando fallback
2026-04-27 23:01:17,134 [WARNING] pipeline.macro: IPCA calculado fora do intervalo plausível (71.5%) para 2023 — usando fallback
2026-04-27 23:01:17,134 [WARNING] pipeline.macro: IPCA calculado fora do intervalo plausível (67.0%) para 2024 — usando fallback
2026-04-27 23:01:17,134 [INFO] pipeline.macro: 
RESUMO MACRO HISTÓRICO:
2026-04-27 23:01:17,134 [INFO] pipeline.macro:   selic_meta     : 2020: 2.00% | 2021: 9.25% | 2022: 13.75% | 2023: 11.75% | 2024: 11.75%
2026-04-27 23:01:17,134 [INFO] pipeline.macro:   selic_efet     : 2020: 2.28% | 2021: 4.48% | 2022: 12.33% | 2023: 13.15% | 2024: 10.73%
2026-04-27 23:01:17,135 [INFO] pipeline.macro:   ipca           : 2020: 4.52% | 2021: 10.06% | 2022: 5.62% | 2023: 4.62% | 2024: 4.83%
2026-04-27 23:01:17,135 [INFO] pipeline.macro:   tjlp           : 2020: 5.25% | 2021: 5.25% | 2022: 6.25% | 2023: 7.00% | 2024: 7.00%
2026-04-27 23:01:17,135 [INFO] pipeline.macro:   cds            : 2020: 0.44% | 2021: 0.73% | 2022: 1.26% | 2023: 0.84% | 2024: 0.81%
2026-04-27 23:01:17,135 [INFO] pipeline.macro:   inflacao_impl  : 2020: 4.52% | 2021: 10.06% | 2022: 5.62% | 2023: 4.62% | 2024: 4.83%
2026-04-27 23:01:17,135 [INFO] pipeline: 
[3/6] Baixando demonstrações financeiras (CVM)...
2026-04-27 23:01:17,135 [INFO] pipeline.cvm: 
==================================================
2026-04-27 23:01:17,135 [INFO] pipeline.cvm: Baixando DFP 2019...
2026-04-27 23:01:17,348 [WARNING] pipeline.cvm:   Empresa 14303 não encontrada em dre 2019
2026-04-27 23:01:17,694 [WARNING] pipeline.cvm:   Empresa 14303 não encontrada em bpa 2019
2026-04-27 23:01:18,381 [WARNING] pipeline.cvm:   Empresa 14303 não encontrada em bpp 2019
2026-04-27 23:01:18,784 [WARNING] pipeline.cvm:   Empresa 14303 não encontrada em dfc_mi 2019
2026-04-27 23:01:18,809 [WARNING] pipeline.cvm:   Empresa 14303 não encontrada em dfc_md 2019
2026-04-27 23:01:18,810 [INFO] pipeline.cvm: 
==================================================
2026-04-27 23:01:18,810 [INFO] pipeline.cvm: Baixando DFP 2020...
2026-04-27 23:01:19,089 [WARNING] pipeline.cvm:   Empresa 14303 não encontrada em dre 2020
2026-04-27 23:01:19,527 [WARNING] pipeline.cvm:   Empresa 14303 não encontrada em bpa 2020
2026-04-27 23:01:20,235 [WARNING] pipeline.cvm:   Empresa 14303 não encontrada em bpp 2020
2026-04-27 23:01:20,620 [WARNING] pipeline.cvm:   Empresa 14303 não encontrada em dfc_mi 2020
2026-04-27 23:01:20,642 [WARNING] pipeline.cvm:   Empresa 14303 não encontrada em dfc_md 2020
2026-04-27 23:01:20,642 [INFO] pipeline.cvm: 
==================================================
2026-04-27 23:01:20,642 [INFO] pipeline.cvm: Baixando DFP 2021...
2026-04-27 23:01:20,892 [WARNING] pipeline.cvm:   Empresa 14303 não encontrada em dre 2021
2026-04-27 23:01:21,342 [WARNING] pipeline.cvm:   Empresa 14303 não encontrada em bpa 2021
2026-04-27 23:01:22,080 [WARNING] pipeline.cvm:   Empresa 14303 não encontrada em bpp 2021
2026-04-27 23:01:22,499 [WARNING] pipeline.cvm:   Empresa 14303 não encontrada em dfc_mi 2021
2026-04-27 23:01:22,527 [WARNING] pipeline.cvm:   Empresa 14303 não encontrada em dfc_md 2021
2026-04-27 23:01:22,527 [INFO] pipeline.cvm: 
==================================================
2026-04-27 23:01:22,527 [INFO] pipeline.cvm: Baixando DFP 2022...
2026-04-27 23:01:22,813 [WARNING] pipeline.cvm:   Empresa 14303 não encontrada em dre 2022
2026-04-27 23:01:23,271 [WARNING] pipeline.cvm:   Empresa 14303 não encontrada em bpa 2022
2026-04-27 23:01:24,034 [WARNING] pipeline.cvm:   Empresa 14303 não encontrada em bpp 2022
2026-04-27 23:01:24,442 [WARNING] pipeline.cvm:   Empresa 14303 não encontrada em dfc_mi 2022
2026-04-27 23:01:24,472 [WARNING] pipeline.cvm:   Empresa 14303 não encontrada em dfc_md 2022
2026-04-27 23:01:24,472 [INFO] pipeline.cvm: 
==================================================
2026-04-27 23:01:24,473 [INFO] pipeline.cvm: Baixando DFP 2023...
2026-04-27 23:01:24,829 [WARNING] pipeline.cvm:   Empresa 14303 não encontrada em dre 2023
2026-04-27 23:01:25,329 [WARNING] pipeline.cvm:   Empresa 14303 não encontrada em bpa 2023
2026-04-27 23:01:26,133 [WARNING] pipeline.cvm:   Empresa 14303 não encontrada em bpp 2023
2026-04-27 23:01:26,578 [WARNING] pipeline.cvm:   Empresa 14303 não encontrada em dfc_mi 2023
2026-04-27 23:01:26,602 [WARNING] pipeline.cvm:   Empresa 14303 não encontrada em dfc_md 2023
2026-04-27 23:01:26,602 [INFO] pipeline.cvm: 
==================================================
2026-04-27 23:01:26,602 [INFO] pipeline.cvm: Baixando DFP 2024...
2026-04-27 23:01:26,839 [WARNING] pipeline.cvm:   Empresa 14303 não encontrada em dre 2024
2026-04-27 23:01:27,274 [WARNING] pipeline.cvm:   Empresa 14303 não encontrada em bpa 2024
2026-04-27 23:01:28,196 [WARNING] pipeline.cvm:   Empresa 14303 não encontrada em bpp 2024
2026-04-27 23:01:28,864 [WARNING] pipeline.cvm:   Empresa 14303 não encontrada em dfc_mi 2024
2026-04-27 23:01:28,888 [WARNING] pipeline.cvm:   Empresa 14303 não encontrada em dfc_md 2024
2026-04-27 23:01:28,888 [INFO] pipeline.cvm: 
==================================================
2026-04-27 23:01:28,888 [INFO] pipeline.cvm: Baixando DFP 2025...
2026-04-27 23:01:29,108 [WARNING] pipeline.cvm:   Empresa 14303 não encontrada em dre 2025
2026-04-27 23:01:29,487 [WARNING] pipeline.cvm:   Empresa 14303 não encontrada em bpa 2025
2026-04-27 23:01:30,282 [WARNING] pipeline.cvm:   Empresa 14303 não encontrada em bpp 2025
2026-04-27 23:01:30,733 [WARNING] pipeline.cvm:   Empresa 14303 não encontrada em dfc_mi 2025
2026-04-27 23:01:30,759 [WARNING] pipeline.cvm:   Empresa 14303 não encontrada em dfc_md 2025
2026-04-27 23:01:30,759 [INFO] pipeline:   DFP 2019 indisponível — tentando anualizar via ITR...
2026-04-27 23:01:30,759 [INFO] pipeline.cvm: 
==================================================
2026-04-27 23:01:30,759 [INFO] pipeline.cvm: Tentando anualizar 2019 via ITR (LTM)...
2026-04-27 23:01:36,496 [WARNING] pipeline.cvm:   ITR 2019 não disponível — não é possível anualizar
2026-04-27 23:01:36,496 [WARNING] pipeline:   DFP 2019 e ITR indisponíveis — removido do histórico
2026-04-27 23:01:36,496 [INFO] pipeline:   DFP 2020 indisponível — tentando anualizar via ITR...
2026-04-27 23:01:36,496 [INFO] pipeline.cvm: 
==================================================
2026-04-27 23:01:36,496 [INFO] pipeline.cvm: Tentando anualizar 2020 via ITR (LTM)...
2026-04-27 23:01:42,446 [WARNING] pipeline.cvm:   ITR 2020 não disponível — não é possível anualizar
2026-04-27 23:01:42,446 [WARNING] pipeline:   DFP 2020 e ITR indisponíveis — removido do histórico
2026-04-27 23:01:42,447 [INFO] pipeline:   DFP 2021 indisponível — tentando anualizar via ITR...
2026-04-27 23:01:42,447 [INFO] pipeline.cvm: 
==================================================
2026-04-27 23:01:42,447 [INFO] pipeline.cvm: Tentando anualizar 2021 via ITR (LTM)...
2026-04-27 23:01:48,823 [WARNING] pipeline.cvm:   ITR 2021 não disponível — não é possível anualizar
2026-04-27 23:01:48,823 [WARNING] pipeline:   DFP 2021 e ITR indisponíveis — removido do histórico
2026-04-27 23:01:48,823 [INFO] pipeline:   DFP 2022 indisponível — tentando anualizar via ITR...
2026-04-27 23:01:48,824 [INFO] pipeline.cvm: 
==================================================
2026-04-27 23:01:48,824 [INFO] pipeline.cvm: Tentando anualizar 2022 via ITR (LTM)...
2026-04-27 23:01:55,291 [WARNING] pipeline.cvm:   ITR 2022 não disponível — não é possível anualizar
2026-04-27 23:01:55,291 [WARNING] pipeline:   DFP 2022 e ITR indisponíveis — removido do histórico
2026-04-27 23:01:55,291 [INFO] pipeline:   DFP 2023 indisponível — tentando anualizar via ITR...
2026-04-27 23:01:55,291 [INFO] pipeline.cvm: 
==================================================
2026-04-27 23:01:55,291 [INFO] pipeline.cvm: Tentando anualizar 2023 via ITR (LTM)...
2026-04-27 23:02:02,061 [WARNING] pipeline.cvm:   ITR 2023 não disponível — não é possível anualizar
2026-04-27 23:02:02,061 [WARNING] pipeline:   DFP 2023 e ITR indisponíveis — removido do histórico
2026-04-27 23:02:02,061 [INFO] pipeline:   DFP 2024 indisponível — tentando anualizar via ITR...
2026-04-27 23:02:02,061 [INFO] pipeline.cvm: 
==================================================
2026-04-27 23:02:02,061 [INFO] pipeline.cvm: Tentando anualizar 2024 via ITR (LTM)...
2026-04-27 23:02:09,574 [WARNING] pipeline.cvm:   ITR 2024 não disponível — não é possível anualizar
2026-04-27 23:02:09,574 [WARNING] pipeline:   DFP 2024 e ITR indisponíveis — removido do histórico
2026-04-27 23:02:09,574 [INFO] pipeline:   DFP 2025 indisponível — tentando anualizar via ITR...
2026-04-27 23:02:09,574 [INFO] pipeline.cvm: 
==================================================
2026-04-27 23:02:09,575 [INFO] pipeline.cvm: Tentando anualizar 2025 via ITR (LTM)...
2026-04-27 23:02:16,844 [WARNING] pipeline.cvm:   ITR 2025 não disponível — não é possível anualizar
2026-04-27 23:02:16,844 [WARNING] pipeline:   DFP 2025 e ITR indisponíveis — removido do histórico
2026-04-27 23:02:16,844 [WARNING] pipeline:   Nenhum ano com dados históricos — continuando sem histórico CVM
2026-04-27 23:02:16,844 [INFO] pipeline: 
[4/6] Normalizando dados...
2026-04-27 23:02:16,847 [INFO] pipeline:   DRE normalizada:
2026-04-27 23:02:16,848 [INFO] pipeline: 
[5/6] Calculando projeções...
2026-04-27 23:02:16,849 [INFO] pipeline.projecoes: 
=== Projeções (não-financeira / FCFF) ===
2026-04-27 23:02:16,851 [INFO] pipeline.projecoes:   Margem EBITDA: 7.0% → 7.0% (conv 6a)
2026-04-27 23:02:16,851 [INFO] pipeline.projecoes:   D&A/Receita: 5.0%
2026-04-27 23:02:16,852 [INFO] pipeline.projecoes:   CAPEX/Receita: 5.0% → 5.0%
2026-04-27 23:02:16,853 [INFO] pipeline.projecoes:   NCG/Receita: 5.0% → 5.0%
2026-04-27 23:02:16,855 [INFO] pipeline.projecoes:   Alíquota efetiva: 34.0%
2026-04-27 23:02:16,855 [INFO] pipeline.projecoes: Projeções concluídas (FCFF). Resumo:
2026-04-27 23:02:16,856 [INFO] pipeline.projecoes:    Ano      Receita     EBITDA    Mg%      NOPAT       FCFF
2026-04-27 23:02:16,856 [INFO] pipeline.projecoes:   2025            0          0   7.0%          0          0
2026-04-27 23:02:16,856 [INFO] pipeline.projecoes:   2026            0          0   7.0%          0          0
2026-04-27 23:02:16,856 [INFO] pipeline.projecoes:   2027            0          0   7.0%          0          0
2026-04-27 23:02:16,856 [INFO] pipeline.projecoes:   2028            0          0   7.0%          0          0
2026-04-27 23:02:16,856 [INFO] pipeline.projecoes:   2029            0          0   7.0%          0          0
2026-04-27 23:02:16,856 [INFO] pipeline.valuation:   Estrutura de capital: E=95% | D=5%
2026-04-27 23:02:16,856 [INFO] pipeline: 
[6/6] Calculando valuation (FCFF / WACC)...
2026-04-27 23:02:16,857 [WARNING] pipeline.valuation: TIR < g (5.5%) — cotação acima do valor intrínseco (DCF)
2026-04-27 23:02:16,857 [WARNING] pipeline.valuation: TIR < g (5.5%) — cotação acima do valor intrínseco (DCF)
2026-04-27 23:02:16,857 [INFO] pipeline.valuation: 
==================================================
2026-04-27 23:02:16,857 [INFO] pipeline.valuation: VALUATION FCFF/WACC — PCAR3
2026-04-27 23:02:16,857 [INFO] pipeline.valuation:   VP FCFF (10a):     R$            0 MM
2026-04-27 23:02:16,857 [INFO] pipeline.valuation:   Valor Perp. (VP):  R$            0 MM
2026-04-27 23:02:16,857 [INFO] pipeline.valuation:   ENTERPRISE VALUE:  R$            0 MM
2026-04-27 23:02:16,857 [INFO] pipeline.valuation:   (-) Dívida Líq.:   R$            0 MM
2026-04-27 23:02:16,857 [INFO] pipeline.valuation:   VALOR DO EQUITY:   R$            0 MM
2026-04-27 23:02:16,858 [INFO] pipeline.valuation:   Preço Justo ON:    R$     0.00
2026-04-27 23:02:16,858 [INFO] pipeline.valuation:   Preço Justo PN:    R$     0.00
2026-04-27 23:02:16,858 [INFO] pipeline.valuation:   Cotação ON:        R$     2.34
2026-04-27 23:02:16,858 [INFO] pipeline.valuation:   Upside ON:             -100.0%
2026-04-27 23:02:16,858 [INFO] pipeline.valuation:   TIR (ON):                 6.0%
2026-04-27 23:02:16,858 [INFO] pipeline.valuation:   WACC último ano:         10.4%
2026-04-27 23:02:16,858 [WARNING] pipeline: 
[!] AVISOS DE VALIDACAO:
2026-04-27 23:02:16,858 [WARNING] pipeline:   - DRE histórica vazia — planilha terá apenas projeções
2026-04-27 23:02:16,858 [WARNING] pipeline:   - FCFF projetado é zero em todos os anos — verificar dados históricos
2026-04-27 23:02:16,858 [WARNING] pipeline:   - Valor do Equity negativo ou zero: R$ 0 MM
2026-04-27 23:02:16,859 [WARNING] pipeline:   - Preço Justo ON inválido (≤ 0)
2026-04-27 23:02:16,860 [INFO] pipeline:   Sem template VAROS para PCAR3 — Excel será criado do zero
2026-04-27 23:02:16,860 [INFO] pipeline.excel_geral: 
============================================================
2026-04-27 23:02:16,861 [INFO] pipeline.excel_geral: Criando Excel completo (12 abas) para: GPA (Pão de Açúcar) (PCAR3)
2026-04-27 23:02:16,863 [INFO] pipeline.excel_geral:   → 1/12  Dashboard
2026-04-27 23:02:16,879 [INFO] pipeline.excel_geral:   → 2/12  WACC
2026-04-27 23:02:16,921 [INFO] pipeline.excel_geral:   → 3/12  TIR ON
2026-04-27 23:02:16,934 [INFO] pipeline.excel_geral:   → 4/12  TIR PN
2026-04-27 23:02:16,949 [INFO] pipeline.excel_geral:   → 5/12  Valor do Equity
2026-04-27 23:02:16,956 [INFO] pipeline.excel_geral:   → 6/12  Preço Teto
2026-04-27 23:02:16,964 [INFO] pipeline.excel_geral:   → 7/12  DRE + DCF
2026-04-27 23:02:17,050 [INFO] pipeline.excel_geral:   → 8/12  DRE Contas Abertas
2026-04-27 23:02:17,087 [INFO] pipeline.excel_geral:   → 9/12  Balanço Patrimonial
2026-04-27 23:02:17,099 [INFO] pipeline.excel_geral:   → 10/12 Painel de Índices
2026-04-27 23:02:17,111 [INFO] pipeline.excel_geral:   → 11/12 Projeções Premissas
2026-04-27 23:02:17,149 [INFO] pipeline.excel_geral:   → 12/12 Projeções Capex e CG
2026-04-27 23:02:17,249 [INFO] pipeline.excel_geral: 
Arquivo salvo: C:\Users\55819\OneDrive - EPEJUD\DIEGO\OBSIDIAN\Analista de Investimentos\12_PYTHON\pipeline banco completo\outputs\Valuation_PCAR3_GPA (Pão de Açúcar)_20260427.xlsx
2026-04-27 23:02:17,250 [INFO] pipeline: 
======================================================================
2026-04-27 23:02:17,250 [INFO] pipeline: RESUMO DO VALUATION (FCFF/WACC)
2026-04-27 23:02:17,250 [INFO] pipeline: ======================================================================
2026-04-27 23:02:17,250 [INFO] pipeline:   Empresa:           GPA (Pão de Açúcar) (PCAR3)
2026-04-27 23:02:17,251 [INFO] pipeline:   Enterprise Value:  R$            0 MM
2026-04-27 23:02:17,251 [INFO] pipeline:   Cotação ON:        R$ 2.34
2026-04-27 23:02:17,251 [INFO] pipeline:   Preço Justo ON:    R$ 0.00
2026-04-27 23:02:17,251 [INFO] pipeline:   Upside ON:            -100.0%
2026-04-27 23:02:17,251 [INFO] pipeline:   TIR:                  6.0%
2026-04-27 23:02:17,251 [INFO] pipeline:   Preço Teto ON:     R$ 0.00
2026-04-27 23:02:17,252 [INFO] pipeline: 
  [!] 4 aviso(s) de validacao — verifique os logs
2026-04-27 23:02:17,252 [INFO] pipeline: 
  Arquivo gerado:    C:\Users\55819\OneDrive - EPEJUD\DIEGO\OBSIDIAN\Analista de Investimentos\12_PYTHON\pipeline banco completo\outputs\Valuation_PCAR3_GPA (Pão de Açúcar)_20260427.xlsx
2026-04-27 23:02:17,252 [INFO] pipeline: ======================================================================
2026-04-27 23:02:17,254 [INFO] pipeline: ✓ PCAR3: arquivo gerado → C:\Users\55819\OneDrive - EPEJUD\DIEGO\OBSIDIAN\Analista de Investimentos\12_PYTHON\pipeline banco completo\outputs\Valuation_PCAR3_GPA (Pão de Açúcar)_20260427.xlsx
2026-04-27 23:02:17,254 [INFO] pipeline: 
──────────────────────────────────────────────────────────────────────
2026-04-27 23:02:17,254 [INFO] pipeline: Processando: VIVA3 (Vivara)
2026-04-27 23:02:17,254 [INFO] pipeline: ──────────────────────────────────────────────────────────────────────
2026-04-27 23:02:17,254 [INFO] pipeline: ======================================================================
2026-04-27 23:02:17,255 [INFO] pipeline: PIPELINE DE VALUATION [CONSUMO_VAREJO] — VIVA3 — Vivara
2026-04-27 23:02:17,255 [INFO] pipeline: Início: 2026-04-27 23:02:17
2026-04-27 23:02:17,255 [INFO] pipeline:   Setor: consumo_varejo | Motor: WACC
2026-04-27 23:02:17,255 [INFO] pipeline: ======================================================================
2026-04-27 23:02:17,255 [INFO] pipeline: 
[1/6] Coletando dados de mercado...
2026-04-27 23:02:17,255 [INFO] pipeline:   Buscando cotação via yfinance...
2026-04-27 23:02:17,255 [INFO] pipeline.mercado: Buscando cotação atual: VIVA3.SA
2026-04-27 23:02:18,555 [INFO] pipeline:   Cotação ON: R$ 25.46  |  Cotação PN: R$ 0.00
2026-04-27 23:02:18,680 [INFO] pipeline.mercado: Calculando beta: VIVA3 (252 dias úteis)
2026-04-27 23:02:18,680 [INFO] pipeline.mercado: Baixando preços: VIVA3.SA (2019-01-01 → 2026-04-27)
2026-04-27 23:02:19,376 [INFO] pipeline.mercado:   1624 dias de preços carregados
2026-04-27 23:02:19,390 [INFO] pipeline.mercado:   Beta estatístico: 1.1619 | R²: 0.259 | n=251
2026-04-27 23:02:19,394 [INFO] pipeline:   Beta estatístico: 1.162 | Beta utilizado: 0.850
2026-04-27 23:02:19,394 [INFO] pipeline: 
[2/6] Coletando dados macroeconômicos (BCB)...
2026-04-27 23:02:19,712 [WARNING] pipeline.macro: Não foi possível obter Focus Selic: 400 Client Error: Bad Request for url: https://olinda.bcb.gov.br/olinda/servico/Expectativas/versao/v1/odata/ExpectativasMercadoAnuais?%24filter=Indicador%20eq%20'Selic'&%24top=100&%24format=json&%24select=Indicador,Data,Ano,Mediana
2026-04-27 23:02:20,058 [WARNING] pipeline.macro: Não foi possível obter Focus IPCA: 400 Client Error: Bad Request for url: https://olinda.bcb.gov.br/olinda/servico/Expectativas/versao/v1/odata/ExpectativasMercadoAnuais?%24filter=Indicador%20eq%20'IPCA'&%24top=100&%24format=json&%24select=Indicador,Data,Ano,Mediana
2026-04-27 23:02:20,059 [INFO] pipeline.macro: 
=== Coletando dados macroeconômicos ===
2026-04-27 23:02:20,059 [INFO] pipeline.macro: Baixando série BCB 432...
2026-04-27 23:02:20,336 [ERROR] pipeline.macro: Erro ao baixar série BCB 432: 406 Client Error: Not Acceptable for url: https://api.bcb.gov.br/dados/serie/bcdata.sgs.432/dados?formato=json&dataInicial=01%2F01%2F2010&dataFinal=27%2F04%2F2026
2026-04-27 23:02:20,337 [WARNING] pipeline.macro: Série Selic meta sem DatetimeIndex — usando fallback histórico
2026-04-27 23:02:20,337 [INFO] pipeline.macro: Baixando série BCB 12...
2026-04-27 23:02:20,439 [ERROR] pipeline.macro: Erro ao baixar série BCB 12: 406 Client Error: Not Acceptable for url: https://api.bcb.gov.br/dados/serie/bcdata.sgs.12/dados?formato=json&dataInicial=01%2F01%2F2010&dataFinal=27%2F04%2F2026
2026-04-27 23:02:20,439 [WARNING] pipeline.macro: Série DI sem DatetimeIndex — usando fallback histórico
2026-04-27 23:02:20,443 [WARNING] pipeline.macro: IPCA calculado fora do intervalo plausível (55.3%) para 2019 — usando fallback
2026-04-27 23:02:20,443 [WARNING] pipeline.macro: IPCA calculado fora do intervalo plausível (46.1%) para 2020 — usando fallback
2026-04-27 23:02:20,444 [WARNING] pipeline.macro: IPCA calculado fora do intervalo plausível (159.3%) para 2021 — usando fallback
2026-04-27 23:02:20,445 [WARNING] pipeline.macro: IPCA calculado fora do intervalo plausível (191.2%) para 2022 — usando fallback
2026-04-27 23:02:20,446 [WARNING] pipeline.macro: IPCA calculado fora do intervalo plausível (71.5%) para 2023 — usando fallback
2026-04-27 23:02:20,446 [WARNING] pipeline.macro: IPCA calculado fora do intervalo plausível (67.0%) para 2024 — usando fallback
2026-04-27 23:02:20,447 [INFO] pipeline.macro: Baixando série BCB 258...
2026-04-27 23:02:20,546 [ERROR] pipeline.macro: Erro ao baixar série BCB 258: 406 Client Error: Not Acceptable for url: https://api.bcb.gov.br/dados/serie/bcdata.sgs.258/dados?formato=json&dataInicial=01%2F01%2F2010&dataFinal=27%2F04%2F2026
2026-04-27 23:02:20,546 [WARNING] pipeline.macro: Série TJLP sem DatetimeIndex — usando fallback histórico
2026-04-27 23:02:20,555 [WARNING] pipeline.macro: IPCA calculado fora do intervalo plausível (55.3%) para 2019 — usando fallback
2026-04-27 23:02:20,556 [WARNING] pipeline.macro: IPCA calculado fora do intervalo plausível (46.1%) para 2020 — usando fallback
2026-04-27 23:02:20,557 [WARNING] pipeline.macro: IPCA calculado fora do intervalo plausível (159.3%) para 2021 — usando fallback
2026-04-27 23:02:20,557 [WARNING] pipeline.macro: IPCA calculado fora do intervalo plausível (191.2%) para 2022 — usando fallback
2026-04-27 23:02:20,558 [WARNING] pipeline.macro: IPCA calculado fora do intervalo plausível (71.5%) para 2023 — usando fallback
2026-04-27 23:02:20,558 [WARNING] pipeline.macro: IPCA calculado fora do intervalo plausível (67.0%) para 2024 — usando fallback
2026-04-27 23:02:20,559 [INFO] pipeline.macro: 
RESUMO MACRO HISTÓRICO:
2026-04-27 23:02:20,559 [INFO] pipeline.macro:   selic_meta     : 2020: 2.00% | 2021: 9.25% | 2022: 13.75% | 2023: 11.75% | 2024: 11.75%
2026-04-27 23:02:20,559 [INFO] pipeline.macro:   selic_efet     : 2020: 2.28% | 2021: 4.48% | 2022: 12.33% | 2023: 13.15% | 2024: 10.73%
2026-04-27 23:02:20,559 [INFO] pipeline.macro:   ipca           : 2020: 4.52% | 2021: 10.06% | 2022: 5.62% | 2023: 4.62% | 2024: 4.83%
2026-04-27 23:02:20,559 [INFO] pipeline.macro:   tjlp           : 2020: 5.25% | 2021: 5.25% | 2022: 6.25% | 2023: 7.00% | 2024: 7.00%
2026-04-27 23:02:20,559 [INFO] pipeline.macro:   cds            : 2020: 0.44% | 2021: 0.73% | 2022: 1.26% | 2023: 0.84% | 2024: 0.81%
2026-04-27 23:02:20,559 [INFO] pipeline.macro:   inflacao_impl  : 2020: 4.52% | 2021: 10.06% | 2022: 5.62% | 2023: 4.62% | 2024: 4.83%
2026-04-27 23:02:20,559 [INFO] pipeline: 
[3/6] Baixando demonstrações financeiras (CVM)...
2026-04-27 23:02:20,560 [INFO] pipeline.cvm: 
==================================================
2026-04-27 23:02:20,560 [INFO] pipeline.cvm: Baixando DFP 2019...
2026-04-27 23:02:20,811 [INFO] pipeline.cvm:   DFP dre 2019: 88 linhas
2026-04-27 23:02:21,228 [INFO] pipeline.cvm:   DFP bpa 2019: 68 linhas
2026-04-27 23:02:21,892 [INFO] pipeline.cvm:   DFP bpp 2019: 100 linhas
2026-04-27 23:02:22,239 [INFO] pipeline.cvm:   DFP dfc_mi 2019: 146 linhas
2026-04-27 23:02:22,261 [WARNING] pipeline.cvm:   Empresa 906 não encontrada em dfc_md 2019
2026-04-27 23:02:22,261 [INFO] pipeline.cvm: 
==================================================
2026-04-27 23:02:22,261 [INFO] pipeline.cvm: Baixando DFP 2020...
2026-04-27 23:02:22,525 [INFO] pipeline.cvm:   DFP dre 2020: 82 linhas
2026-04-27 23:02:23,005 [INFO] pipeline.cvm:   DFP bpa 2020: 82 linhas
2026-04-27 23:02:23,872 [INFO] pipeline.cvm:   DFP bpp 2020: 96 linhas
2026-04-27 23:02:24,341 [INFO] pipeline.cvm:   DFP dfc_mi 2020: 94 linhas
2026-04-27 23:02:24,372 [WARNING] pipeline.cvm:   Empresa 906 não encontrada em dfc_md 2020
2026-04-27 23:02:24,373 [INFO] pipeline.cvm: 
==================================================
2026-04-27 23:02:24,373 [INFO] pipeline.cvm: Baixando DFP 2021...
2026-04-27 23:02:24,640 [INFO] pipeline.cvm:   DFP dre 2021: 82 linhas
2026-04-27 23:02:25,102 [INFO] pipeline.cvm:   DFP bpa 2021: 82 linhas
2026-04-27 23:02:25,912 [INFO] pipeline.cvm:   DFP bpp 2021: 86 linhas
2026-04-27 23:02:26,334 [WARNING] pipeline.cvm:   Empresa 906 não encontrada em dfc_mi 2021
2026-04-27 23:02:26,366 [INFO] pipeline.cvm:   DFP dfc_md 2021: 64 linhas
2026-04-27 23:02:26,366 [INFO] pipeline.cvm: 
==================================================
2026-04-27 23:02:26,366 [INFO] pipeline.cvm: Baixando DFP 2022...
2026-04-27 23:02:26,646 [INFO] pipeline.cvm:   DFP dre 2022: 82 linhas
2026-04-27 23:02:27,133 [INFO] pipeline.cvm:   DFP bpa 2022: 82 linhas
2026-04-27 23:02:27,982 [INFO] pipeline.cvm:   DFP bpp 2022: 86 linhas
2026-04-27 23:02:28,455 [INFO] pipeline.cvm:   DFP dfc_mi 2022: 96 linhas
2026-04-27 23:02:28,490 [WARNING] pipeline.cvm:   Empresa 906 não encontrada em dfc_md 2022
2026-04-27 23:02:28,490 [INFO] pipeline.cvm: 
==================================================
2026-04-27 23:02:28,491 [INFO] pipeline.cvm: Baixando DFP 2023...
2026-04-27 23:02:28,746 [INFO] pipeline.cvm:   DFP dre 2023: 82 linhas
2026-04-27 23:02:29,416 [INFO] pipeline.cvm:   DFP bpa 2023: 82 linhas
2026-04-27 23:02:31,056 [INFO] pipeline.cvm:   DFP bpp 2023: 86 linhas
2026-04-27 23:02:31,933 [INFO] pipeline.cvm:   DFP dfc_mi 2023: 96 linhas
2026-04-27 23:02:31,986 [WARNING] pipeline.cvm:   Empresa 906 não encontrada em dfc_md 2023
2026-04-27 23:02:31,987 [INFO] pipeline.cvm: 
==================================================
2026-04-27 23:02:31,987 [INFO] pipeline.cvm: Baixando DFP 2024...
2026-04-27 23:02:32,656 [INFO] pipeline.cvm:   DFP dre 2024: 82 linhas
2026-04-27 23:02:33,608 [INFO] pipeline.cvm:   DFP bpa 2024: 82 linhas
2026-04-27 23:02:35,206 [INFO] pipeline.cvm:   DFP bpp 2024: 86 linhas
2026-04-27 23:02:35,788 [INFO] pipeline.cvm:   DFP dfc_mi 2024: 96 linhas
2026-04-27 23:02:35,826 [WARNING] pipeline.cvm:   Empresa 906 não encontrada em dfc_md 2024
2026-04-27 23:02:35,827 [INFO] pipeline.cvm: 
==================================================
2026-04-27 23:02:35,827 [INFO] pipeline.cvm: Baixando DFP 2025...
2026-04-27 23:02:36,086 [INFO] pipeline.cvm:   DFP dre 2025: 82 linhas
2026-04-27 23:02:36,542 [INFO] pipeline.cvm:   DFP bpa 2025: 82 linhas
2026-04-27 23:02:37,318 [INFO] pipeline.cvm:   DFP bpp 2025: 86 linhas
2026-04-27 23:02:37,744 [INFO] pipeline.cvm:   DFP dfc_mi 2025: 96 linhas
2026-04-27 23:02:37,775 [WARNING] pipeline.cvm:   Empresa 906 não encontrada em dfc_md 2025
2026-04-27 23:02:37,776 [INFO] pipeline:   Anos ajustados → Histórico: 2019-2025 | Projeção: 2026-2035
2026-04-27 23:02:37,776 [INFO] pipeline: 
[4/6] Normalizando dados...
2026-04-27 23:02:39,900 [INFO] pipeline:   DFC normalizada: 11 linhas
2026-04-27 23:02:39,903 [INFO] pipeline:   DRE normalizada:
2026-04-27 23:02:39,903 [INFO] pipeline:     receita_liquida: 2019: 124,306 | 2020: 98,429 | 2021: 125,443 | 2022: 205,913 | 2023: 224,458 | 2024: 213,220 | 2025: 270,183
2026-04-27 23:02:39,903 [INFO] pipeline:     ebit: 2019: 13,381 | 2020: 4,075 | 2021: 32,852 | 2022: 24,210 | 2023: 10,208 | 2024: 16,901 | 2025: 21,025
2026-04-27 23:02:39,903 [INFO] pipeline:     lucro_liquido: 2019: 21,173 | 2020: 15,837 | 2021: 23,172 | 2022: 20,984 | 2023: 14,251 | 2024: 17,253 | 2025: 23,673
2026-04-27 23:02:39,903 [INFO] pipeline: 
[5/6] Calculando projeções...
2026-04-27 23:02:39,904 [INFO] pipeline.projecoes: 
=== Projeções (não-financeira / FCFF) ===
2026-04-27 23:02:39,906 [INFO] pipeline.projecoes:   Margem EBITDA: 52.1% → 24.0% (conv 6a)
2026-04-27 23:02:39,906 [INFO] pipeline.projecoes:   D&A/Receita: 20.0%
2026-04-27 23:02:39,907 [INFO] pipeline.projecoes:   CAPEX/Receita: 0.3% → 3.0%
2026-04-27 23:02:39,908 [INFO] pipeline.projecoes:   NCG/Receita: 0.0% → 15.0%
2026-04-27 23:02:39,909 [INFO] pipeline.projecoes:   Alíquota efetiva: 34.0%
2026-04-27 23:02:39,909 [INFO] pipeline.projecoes: Projeções concluídas (FCFF). Resumo:
2026-04-27 23:02:39,910 [INFO] pipeline.projecoes:    Ano      Receita     EBITDA    Mg%      NOPAT       FCFF
2026-04-27 23:02:39,910 [INFO] pipeline.projecoes:   2026      290,672    137,942  47.5%     52,673     99,675
2026-04-27 23:02:39,910 [INFO] pipeline.projecoes:   2027      311,503    133,214  42.8%     46,803     94,858
2026-04-27 23:02:39,910 [INFO] pipeline.projecoes:   2028      332,530    126,607  38.1%     39,666     88,567
2026-04-27 23:02:39,910 [INFO] pipeline.projecoes:   2029      353,590    118,037  33.4%     31,231     80,756
2026-04-27 23:02:39,910 [INFO] pipeline.projecoes:   2030      374,511    107,452  28.7%     21,483     71,404
2026-04-27 23:02:39,910 [INFO] pipeline.valuation:   Estrutura de capital: E=20% | D=80%
2026-04-27 23:02:39,910 [INFO] pipeline: 
[6/6] Calculando valuation (FCFF / WACC)...
2026-04-27 23:02:39,910 [WARNING] pipeline.valuation: TIR > 150% — valor intrínseco muito acima do preço de mercado
2026-04-27 23:02:39,910 [WARNING] pipeline.valuation: TIR > 150% — valor intrínseco muito acima do preço de mercado
2026-04-27 23:02:39,910 [INFO] pipeline.valuation: 
==================================================
2026-04-27 23:02:39,911 [INFO] pipeline.valuation: VALUATION FCFF/WACC — VIVA3
2026-04-27 23:02:39,911 [INFO] pipeline.valuation:   VP FCFF (10a):     R$      563,245 MM
2026-04-27 23:02:39,911 [INFO] pipeline.valuation:   Valor Perp. (VP):  R$      657,605 MM
2026-04-27 23:02:39,911 [INFO] pipeline.valuation:   ENTERPRISE VALUE:  R$    1,220,850 MM
2026-04-27 23:02:39,911 [INFO] pipeline.valuation:   (-) Dívida Líq.:   R$      534,446 MM
2026-04-27 23:02:39,911 [INFO] pipeline.valuation:   VALOR DO EQUITY:   R$      686,403 MM
2026-04-27 23:02:39,911 [INFO] pipeline.valuation:   Preço Justo ON:    R$  2919.97
2026-04-27 23:02:39,911 [INFO] pipeline.valuation:   Preço Justo PN:    R$  2919.97
2026-04-27 23:02:39,911 [INFO] pipeline.valuation:   Cotação ON:        R$    25.46
2026-04-27 23:02:39,911 [INFO] pipeline.valuation:   Upside ON:            11368.9%
2026-04-27 23:02:39,911 [INFO] pipeline.valuation:   TIR (ON):               150.0%
2026-04-27 23:02:39,911 [INFO] pipeline.valuation:   WACC último ano:         12.0%
2026-04-27 23:02:39,913 [INFO] pipeline:   Sem template VAROS para VIVA3 — Excel será criado do zero
2026-04-27 23:02:39,913 [INFO] pipeline.excel_geral: 
============================================================
2026-04-27 23:02:39,914 [INFO] pipeline.excel_geral: Criando Excel completo (12 abas) para: Vivara (VIVA3)
2026-04-27 23:02:39,915 [INFO] pipeline.excel_geral:   → 1/12  Dashboard
2026-04-27 23:02:39,926 [INFO] pipeline.excel_geral:   → 2/12  WACC
2026-04-27 23:02:39,969 [INFO] pipeline.excel_geral:   → 3/12  TIR ON
2026-04-27 23:02:39,980 [INFO] pipeline.excel_geral:   → 4/12  TIR PN
2026-04-27 23:02:39,992 [INFO] pipeline.excel_geral:   → 5/12  Valor do Equity
2026-04-27 23:02:40,000 [INFO] pipeline.excel_geral:   → 6/12  Preço Teto
2026-04-27 23:02:40,008 [INFO] pipeline.excel_geral:   → 7/12  DRE + DCF
2026-04-27 23:02:40,154 [INFO] pipeline.excel_geral:   → 8/12  DRE Contas Abertas
2026-04-27 23:02:40,231 [INFO] pipeline.excel_geral:   → 9/12  Balanço Patrimonial
2026-04-27 23:02:40,291 [INFO] pipeline.excel_geral:   → 10/12 Painel de Índices
2026-04-27 23:02:40,386 [INFO] pipeline.excel_geral:   → 11/12 Projeções Premissas
2026-04-27 23:02:40,416 [INFO] pipeline.excel_geral:   → 12/12 Projeções Capex e CG
2026-04-27 23:02:40,550 [INFO] pipeline.excel_geral: 
Arquivo salvo: C:\Users\55819\OneDrive - EPEJUD\DIEGO\OBSIDIAN\Analista de Investimentos\12_PYTHON\pipeline banco completo\outputs\Valuation_VIVA3_Vivara_20260427.xlsx
2026-04-27 23:02:40,550 [INFO] pipeline: 
======================================================================
2026-04-27 23:02:40,551 [INFO] pipeline: RESUMO DO VALUATION (FCFF/WACC)
2026-04-27 23:02:40,551 [INFO] pipeline: ======================================================================
2026-04-27 23:02:40,551 [INFO] pipeline:   Empresa:           Vivara (VIVA3)
2026-04-27 23:02:40,551 [INFO] pipeline:   Enterprise Value:  R$    1,220,850 MM
2026-04-27 23:02:40,551 [INFO] pipeline:   Cotação ON:        R$ 25.46
2026-04-27 23:02:40,551 [INFO] pipeline:   Preço Justo ON:    R$ 2919.97
2026-04-27 23:02:40,551 [INFO] pipeline:   Upside ON:            11368.9%
2026-04-27 23:02:40,551 [INFO] pipeline:   TIR:                  150.0%
2026-04-27 23:02:40,551 [INFO] pipeline:   Preço Teto ON:     R$ 2919.97
2026-04-27 23:02:40,552 [INFO] pipeline: 
  Arquivo gerado:    C:\Users\55819\OneDrive - EPEJUD\DIEGO\OBSIDIAN\Analista de Investimentos\12_PYTHON\pipeline banco completo\outputs\Valuation_VIVA3_Vivara_20260427.xlsx
2026-04-27 23:02:40,552 [INFO] pipeline: ======================================================================
2026-04-27 23:02:40,556 [INFO] pipeline: ✓ VIVA3: arquivo gerado → C:\Users\55819\OneDrive - EPEJUD\DIEGO\OBSIDIAN\Analista de Investimentos\12_PYTHON\pipeline banco completo\outputs\Valuation_VIVA3_Vivara_20260427.xlsx
2026-04-27 23:02:40,556 [INFO] pipeline: 
──────────────────────────────────────────────────────────────────────
2026-04-27 23:02:40,556 [INFO] pipeline: Processando: SBFG3 (SBF Group (Centauro))
2026-04-27 23:02:40,556 [INFO] pipeline: ──────────────────────────────────────────────────────────────────────
2026-04-27 23:02:40,556 [INFO] pipeline: ======================================================================
2026-04-27 23:02:40,556 [INFO] pipeline: PIPELINE DE VALUATION [CONSUMO_VAREJO] — SBFG3 — SBF Group (Centauro)
2026-04-27 23:02:40,557 [INFO] pipeline: Início: 2026-04-27 23:02:40
2026-04-27 23:02:40,557 [INFO] pipeline:   Setor: consumo_varejo | Motor: WACC
2026-04-27 23:02:40,557 [INFO] pipeline: ======================================================================
2026-04-27 23:02:40,557 [INFO] pipeline: 
[1/6] Coletando dados de mercado...
2026-04-27 23:02:40,557 [INFO] pipeline:   Buscando cotação via yfinance...
2026-04-27 23:02:40,557 [INFO] pipeline.mercado: Buscando cotação atual: SBFG3.SA
2026-04-27 23:02:41,870 [INFO] pipeline:   Cotação ON: R$ 11.55  |  Cotação PN: R$ 0.00
2026-04-27 23:02:41,998 [INFO] pipeline.mercado: Calculando beta: SBFG3 (252 dias úteis)
2026-04-27 23:02:41,998 [INFO] pipeline.mercado: Baixando preços: SBFG3.SA (2019-01-01 → 2026-04-27)
2026-04-27 23:02:42,846 [INFO] pipeline.mercado:   1747 dias de preços carregados
2026-04-27 23:02:42,855 [INFO] pipeline.mercado:   Beta estatístico: 1.6786 | R²: 0.410 | n=251
2026-04-27 23:02:42,858 [INFO] pipeline:   Beta estatístico: 1.679 | Beta utilizado: 0.850
2026-04-27 23:02:42,858 [INFO] pipeline: 
[2/6] Coletando dados macroeconômicos (BCB)...
2026-04-27 23:02:43,152 [WARNING] pipeline.macro: Não foi possível obter Focus Selic: 400 Client Error: Bad Request for url: https://olinda.bcb.gov.br/olinda/servico/Expectativas/versao/v1/odata/ExpectativasMercadoAnuais?%24filter=Indicador%20eq%20'Selic'&%24top=100&%24format=json&%24select=Indicador,Data,Ano,Mediana
2026-04-27 23:02:43,441 [WARNING] pipeline.macro: Não foi possível obter Focus IPCA: 400 Client Error: Bad Request for url: https://olinda.bcb.gov.br/olinda/servico/Expectativas/versao/v1/odata/ExpectativasMercadoAnuais?%24filter=Indicador%20eq%20'IPCA'&%24top=100&%24format=json&%24select=Indicador,Data,Ano,Mediana
2026-04-27 23:02:43,443 [INFO] pipeline.macro: 
=== Coletando dados macroeconômicos ===
2026-04-27 23:02:43,443 [INFO] pipeline.macro: Baixando série BCB 432...
2026-04-27 23:02:43,770 [ERROR] pipeline.macro: Erro ao baixar série BCB 432: 406 Client Error: Not Acceptable for url: https://api.bcb.gov.br/dados/serie/bcdata.sgs.432/dados?formato=json&dataInicial=01%2F01%2F2010&dataFinal=27%2F04%2F2026
2026-04-27 23:02:43,770 [WARNING] pipeline.macro: Série Selic meta sem DatetimeIndex — usando fallback histórico
2026-04-27 23:02:43,770 [INFO] pipeline.macro: Baixando série BCB 12...
2026-04-27 23:02:43,918 [ERROR] pipeline.macro: Erro ao baixar série BCB 12: 406 Client Error: Not Acceptable for url: https://api.bcb.gov.br/dados/serie/bcdata.sgs.12/dados?formato=json&dataInicial=01%2F01%2F2010&dataFinal=27%2F04%2F2026
2026-04-27 23:02:43,919 [WARNING] pipeline.macro: Série DI sem DatetimeIndex — usando fallback histórico
2026-04-27 23:02:43,923 [WARNING] pipeline.macro: IPCA calculado fora do intervalo plausível (55.3%) para 2019 — usando fallback
2026-04-27 23:02:43,923 [WARNING] pipeline.macro: IPCA calculado fora do intervalo plausível (46.1%) para 2020 — usando fallback
2026-04-27 23:02:43,923 [WARNING] pipeline.macro: IPCA calculado fora do intervalo plausível (159.3%) para 2021 — usando fallback
2026-04-27 23:02:43,924 [WARNING] pipeline.macro: IPCA calculado fora do intervalo plausível (191.2%) para 2022 — usando fallback
2026-04-27 23:02:43,924 [WARNING] pipeline.macro: IPCA calculado fora do intervalo plausível (71.5%) para 2023 — usando fallback
2026-04-27 23:02:43,924 [WARNING] pipeline.macro: IPCA calculado fora do intervalo plausível (67.0%) para 2024 — usando fallback
2026-04-27 23:02:43,925 [INFO] pipeline.macro: Baixando série BCB 258...
2026-04-27 23:02:44,025 [ERROR] pipeline.macro: Erro ao baixar série BCB 258: 406 Client Error: Not Acceptable for url: https://api.bcb.gov.br/dados/serie/bcdata.sgs.258/dados?formato=json&dataInicial=01%2F01%2F2010&dataFinal=27%2F04%2F2026
2026-04-27 23:02:44,025 [WARNING] pipeline.macro: Série TJLP sem DatetimeIndex — usando fallback histórico
2026-04-27 23:02:44,034 [WARNING] pipeline.macro: IPCA calculado fora do intervalo plausível (55.3%) para 2019 — usando fallback
2026-04-27 23:02:44,034 [WARNING] pipeline.macro: IPCA calculado fora do intervalo plausível (46.1%) para 2020 — usando fallback
2026-04-27 23:02:44,034 [WARNING] pipeline.macro: IPCA calculado fora do intervalo plausível (159.3%) para 2021 — usando fallback
2026-04-27 23:02:44,035 [WARNING] pipeline.macro: IPCA calculado fora do intervalo plausível (191.2%) para 2022 — usando fallback
2026-04-27 23:02:44,035 [WARNING] pipeline.macro: IPCA calculado fora do intervalo plausível (71.5%) para 2023 — usando fallback
2026-04-27 23:02:44,035 [WARNING] pipeline.macro: IPCA calculado fora do intervalo plausível (67.0%) para 2024 — usando fallback
2026-04-27 23:02:44,035 [INFO] pipeline.macro: 
RESUMO MACRO HISTÓRICO:
2026-04-27 23:02:44,035 [INFO] pipeline.macro:   selic_meta     : 2020: 2.00% | 2021: 9.25% | 2022: 13.75% | 2023: 11.75% | 2024: 11.75%
2026-04-27 23:02:44,036 [INFO] pipeline.macro:   selic_efet     : 2020: 2.28% | 2021: 4.48% | 2022: 12.33% | 2023: 13.15% | 2024: 10.73%
2026-04-27 23:02:44,036 [INFO] pipeline.macro:   ipca           : 2020: 4.52% | 2021: 10.06% | 2022: 5.62% | 2023: 4.62% | 2024: 4.83%
2026-04-27 23:02:44,036 [INFO] pipeline.macro:   tjlp           : 2020: 5.25% | 2021: 5.25% | 2022: 6.25% | 2023: 7.00% | 2024: 7.00%
2026-04-27 23:02:44,036 [INFO] pipeline.macro:   cds            : 2020: 0.44% | 2021: 0.73% | 2022: 1.26% | 2023: 0.84% | 2024: 0.81%
2026-04-27 23:02:44,036 [INFO] pipeline.macro:   inflacao_impl  : 2020: 4.52% | 2021: 10.06% | 2022: 5.62% | 2023: 4.62% | 2024: 4.83%
2026-04-27 23:02:44,036 [INFO] pipeline: 
[3/6] Baixando demonstrações financeiras (CVM)...
2026-04-27 23:02:44,036 [INFO] pipeline.cvm: 
==================================================
2026-04-27 23:02:44,037 [INFO] pipeline.cvm: Baixando DFP 2019...
2026-04-27 23:02:44,282 [INFO] pipeline.cvm:   DFP dre 2019: 88 linhas
2026-04-27 23:02:44,708 [INFO] pipeline.cvm:   DFP bpa 2019: 68 linhas
2026-04-27 23:02:45,394 [INFO] pipeline.cvm:   DFP bpp 2019: 100 linhas
2026-04-27 23:02:45,725 [INFO] pipeline.cvm:   DFP dfc_mi 2019: 146 linhas
2026-04-27 23:02:45,744 [WARNING] pipeline.cvm:   Empresa 906 não encontrada em dfc_md 2019
2026-04-27 23:02:45,744 [INFO] pipeline.cvm: 
==================================================
2026-04-27 23:02:45,744 [INFO] pipeline.cvm: Baixando DFP 2020...
2026-04-27 23:02:45,974 [INFO] pipeline.cvm:   DFP dre 2020: 82 linhas
2026-04-27 23:02:46,373 [INFO] pipeline.cvm:   DFP bpa 2020: 82 linhas
2026-04-27 23:02:47,070 [INFO] pipeline.cvm:   DFP bpp 2020: 96 linhas
2026-04-27 23:02:47,444 [INFO] pipeline.cvm:   DFP dfc_mi 2020: 94 linhas
2026-04-27 23:02:47,472 [WARNING] pipeline.cvm:   Empresa 906 não encontrada em dfc_md 2020
2026-04-27 23:02:47,472 [INFO] pipeline.cvm: 
==================================================
2026-04-27 23:02:47,473 [INFO] pipeline.cvm: Baixando DFP 2021...
2026-04-27 23:02:47,761 [INFO] pipeline.cvm:   DFP dre 2021: 82 linhas
2026-04-27 23:02:48,314 [INFO] pipeline.cvm:   DFP bpa 2021: 82 linhas
2026-04-27 23:02:49,248 [INFO] pipeline.cvm:   DFP bpp 2021: 86 linhas
2026-04-27 23:02:49,665 [WARNING] pipeline.cvm:   Empresa 906 não encontrada em dfc_mi 2021
2026-04-27 23:02:49,700 [INFO] pipeline.cvm:   DFP dfc_md 2021: 64 linhas
2026-04-27 23:02:49,701 [INFO] pipeline.cvm: 
==================================================
2026-04-27 23:02:49,701 [INFO] pipeline.cvm: Baixando DFP 2022...
2026-04-27 23:02:49,991 [INFO] pipeline.cvm:   DFP dre 2022: 82 linhas
2026-04-27 23:02:50,471 [INFO] pipeline.cvm:   DFP bpa 2022: 82 linhas
2026-04-27 23:02:51,281 [INFO] pipeline.cvm:   DFP bpp 2022: 86 linhas
2026-04-27 23:02:51,720 [INFO] pipeline.cvm:   DFP dfc_mi 2022: 96 linhas
2026-04-27 23:02:51,751 [WARNING] pipeline.cvm:   Empresa 906 não encontrada em dfc_md 2022
2026-04-27 23:02:51,752 [INFO] pipeline.cvm: 
==================================================
2026-04-27 23:02:51,752 [INFO] pipeline.cvm: Baixando DFP 2023...
2026-04-27 23:02:52,012 [INFO] pipeline.cvm:   DFP dre 2023: 82 linhas
2026-04-27 23:02:52,506 [INFO] pipeline.cvm:   DFP bpa 2023: 82 linhas
2026-04-27 23:02:53,418 [INFO] pipeline.cvm:   DFP bpp 2023: 86 linhas
2026-04-27 23:02:53,940 [INFO] pipeline.cvm:   DFP dfc_mi 2023: 96 linhas
2026-04-27 23:02:53,971 [WARNING] pipeline.cvm:   Empresa 906 não encontrada em dfc_md 2023
2026-04-27 23:02:53,972 [INFO] pipeline.cvm: 
==================================================
2026-04-27 23:02:53,972 [INFO] pipeline.cvm: Baixando DFP 2024...
2026-04-27 23:02:54,281 [INFO] pipeline.cvm:   DFP dre 2024: 82 linhas
2026-04-27 23:02:54,816 [INFO] pipeline.cvm:   DFP bpa 2024: 82 linhas
2026-04-27 23:02:55,635 [INFO] pipeline.cvm:   DFP bpp 2024: 86 linhas
2026-04-27 23:02:56,136 [INFO] pipeline.cvm:   DFP dfc_mi 2024: 96 linhas
2026-04-27 23:02:56,170 [WARNING] pipeline.cvm:   Empresa 906 não encontrada em dfc_md 2024
2026-04-27 23:02:56,171 [INFO] pipeline.cvm: 
==================================================
2026-04-27 23:02:56,171 [INFO] pipeline.cvm: Baixando DFP 2025...
2026-04-27 23:02:56,431 [INFO] pipeline.cvm:   DFP dre 2025: 82 linhas
2026-04-27 23:02:56,889 [INFO] pipeline.cvm:   DFP bpa 2025: 82 linhas
2026-04-27 23:02:57,645 [INFO] pipeline.cvm:   DFP bpp 2025: 86 linhas
2026-04-27 23:02:58,061 [INFO] pipeline.cvm:   DFP dfc_mi 2025: 96 linhas
2026-04-27 23:02:58,086 [WARNING] pipeline.cvm:   Empresa 906 não encontrada em dfc_md 2025
2026-04-27 23:02:58,087 [INFO] pipeline:   Anos ajustados → Histórico: 2019-2025 | Projeção: 2026-2035
2026-04-27 23:02:58,087 [INFO] pipeline: 
[4/6] Normalizando dados...
2026-04-27 23:03:00,125 [INFO] pipeline:   DFC normalizada: 11 linhas
2026-04-27 23:03:00,128 [INFO] pipeline:   DRE normalizada:
2026-04-27 23:03:00,128 [INFO] pipeline:     receita_liquida: 2019: 124,306 | 2020: 98,429 | 2021: 125,443 | 2022: 205,913 | 2023: 224,458 | 2024: 213,220 | 2025: 270,183
2026-04-27 23:03:00,129 [INFO] pipeline:     ebit: 2019: 13,381 | 2020: 4,075 | 2021: 32,852 | 2022: 24,210 | 2023: 10,208 | 2024: 16,901 | 2025: 21,025
2026-04-27 23:03:00,129 [INFO] pipeline:     lucro_liquido: 2019: 21,173 | 2020: 15,837 | 2021: 23,172 | 2022: 20,984 | 2023: 14,251 | 2024: 17,253 | 2025: 23,673
2026-04-27 23:03:00,129 [INFO] pipeline: 
[5/6] Calculando projeções...
2026-04-27 23:03:00,130 [INFO] pipeline.projecoes: 
=== Projeções (não-financeira / FCFF) ===
2026-04-27 23:03:00,131 [INFO] pipeline.projecoes:   Margem EBITDA: 52.1% → 14.0% (conv 6a)
2026-04-27 23:03:00,132 [INFO] pipeline.projecoes:   D&A/Receita: 20.0%
2026-04-27 23:03:00,132 [INFO] pipeline.projecoes:   CAPEX/Receita: 0.3% → 4.0%
2026-04-27 23:03:00,133 [INFO] pipeline.projecoes:   NCG/Receita: 0.0% → 10.0%
2026-04-27 23:03:00,136 [INFO] pipeline.projecoes:   Alíquota efetiva: 34.0%
2026-04-27 23:03:00,136 [INFO] pipeline.projecoes: Projeções concluídas (FCFF). Resumo:
2026-04-27 23:03:00,136 [INFO] pipeline.projecoes:    Ano      Receita     EBITDA    Mg%      NOPAT       FCFF
2026-04-27 23:03:00,136 [INFO] pipeline.projecoes:   2026      290,672    133,097  45.8%     49,476     98,803
2026-04-27 23:03:00,136 [INFO] pipeline.projecoes:   2027      311,503    122,831  39.4%     39,950     90,082
2026-04-27 23:03:00,137 [INFO] pipeline.projecoes:   2028      332,530    109,980  33.1%     28,693     79,344
2026-04-27 23:03:00,137 [INFO] pipeline.projecoes:   2029      353,590     94,465  26.7%     15,673     66,537
2026-04-27 23:03:00,137 [INFO] pipeline.projecoes:   2030      374,511     76,243  20.4%        885     51,643
2026-04-27 23:03:00,137 [INFO] pipeline.valuation:   Estrutura de capital: E=20% | D=80%
2026-04-27 23:03:00,137 [INFO] pipeline: 
[6/6] Calculando valuation (FCFF / WACC)...
2026-04-27 23:03:00,137 [WARNING] pipeline.valuation: TIR > 150% — valor intrínseco muito acima do preço de mercado
2026-04-27 23:03:00,137 [WARNING] pipeline.valuation: TIR > 150% — valor intrínseco muito acima do preço de mercado
2026-04-27 23:03:00,137 [INFO] pipeline.valuation: 
==================================================
2026-04-27 23:03:00,137 [INFO] pipeline.valuation: VALUATION FCFF/WACC — SBFG3
2026-04-27 23:03:00,138 [INFO] pipeline.valuation:   VP FCFF (10a):     R$      437,666 MM
2026-04-27 23:03:00,138 [INFO] pipeline.valuation:   Valor Perp. (VP):  R$      390,976 MM
2026-04-27 23:03:00,138 [INFO] pipeline.valuation:   ENTERPRISE VALUE:  R$      828,642 MM
2026-04-27 23:03:00,138 [INFO] pipeline.valuation:   (-) Dívida Líq.:   R$      534,446 MM
2026-04-27 23:03:00,138 [INFO] pipeline.valuation:   VALOR DO EQUITY:   R$      294,196 MM
2026-04-27 23:03:00,138 [INFO] pipeline.valuation:   Preço Justo ON:    R$  1277.64
2026-04-27 23:03:00,138 [INFO] pipeline.valuation:   Preço Justo PN:    R$  1277.64
2026-04-27 23:03:00,138 [INFO] pipeline.valuation:   Cotação ON:        R$    11.55
2026-04-27 23:03:00,138 [INFO] pipeline.valuation:   Upside ON:            10961.8%
2026-04-27 23:03:00,138 [INFO] pipeline.valuation:   TIR (ON):               150.0%
2026-04-27 23:03:00,138 [INFO] pipeline.valuation:   WACC último ano:         12.0%
2026-04-27 23:03:00,139 [INFO] pipeline:   Sem template VAROS para SBFG3 — Excel será criado do zero
2026-04-27 23:03:00,140 [INFO] pipeline.excel_geral: 
============================================================
2026-04-27 23:03:00,140 [INFO] pipeline.excel_geral: Criando Excel completo (12 abas) para: SBF Group (Centauro) (SBFG3)
2026-04-27 23:03:00,141 [INFO] pipeline.excel_geral:   → 1/12  Dashboard
2026-04-27 23:03:00,153 [INFO] pipeline.excel_geral:   → 2/12  WACC
2026-04-27 23:03:00,192 [INFO] pipeline.excel_geral:   → 3/12  TIR ON
2026-04-27 23:03:00,202 [INFO] pipeline.excel_geral:   → 4/12  TIR PN
2026-04-27 23:03:00,216 [INFO] pipeline.excel_geral:   → 5/12  Valor do Equity
2026-04-27 23:03:00,221 [INFO] pipeline.excel_geral:   → 6/12  Preço Teto
2026-04-27 23:03:00,228 [INFO] pipeline.excel_geral:   → 7/12  DRE + DCF
2026-04-27 23:03:00,392 [INFO] pipeline.excel_geral:   → 8/12  DRE Contas Abertas
2026-04-27 23:03:00,462 [INFO] pipeline.excel_geral:   → 9/12  Balanço Patrimonial
2026-04-27 23:03:00,513 [INFO] pipeline.excel_geral:   → 10/12 Painel de Índices
2026-04-27 23:03:00,596 [INFO] pipeline.excel_geral:   → 11/12 Projeções Premissas
2026-04-27 23:03:00,620 [INFO] pipeline.excel_geral:   → 12/12 Projeções Capex e CG
2026-04-27 23:03:00,726 [INFO] pipeline.excel_geral: 
Arquivo salvo: C:\Users\55819\OneDrive - EPEJUD\DIEGO\OBSIDIAN\Analista de Investimentos\12_PYTHON\pipeline banco completo\outputs\Valuation_SBFG3_SBF Group (Centauro)_20260427.xlsx
2026-04-27 23:03:00,726 [INFO] pipeline: 
======================================================================
2026-04-27 23:03:00,726 [INFO] pipeline: RESUMO DO VALUATION (FCFF/WACC)
2026-04-27 23:03:00,726 [INFO] pipeline: ======================================================================
2026-04-27 23:03:00,726 [INFO] pipeline:   Empresa:           SBF Group (Centauro) (SBFG3)
2026-04-27 23:03:00,726 [INFO] pipeline:   Enterprise Value:  R$      828,642 MM
2026-04-27 23:03:00,727 [INFO] pipeline:   Cotação ON:        R$ 11.55
2026-04-27 23:03:00,727 [INFO] pipeline:   Preço Justo ON:    R$ 1277.64
2026-04-27 23:03:00,727 [INFO] pipeline:   Upside ON:            10961.8%
2026-04-27 23:03:00,727 [INFO] pipeline:   TIR:                  150.0%
2026-04-27 23:03:00,727 [INFO] pipeline:   Preço Teto ON:     R$ 1277.63
2026-04-27 23:03:00,727 [INFO] pipeline: 
  Arquivo gerado:    C:\Users\55819\OneDrive - EPEJUD\DIEGO\OBSIDIAN\Analista de Investimentos\12_PYTHON\pipeline banco completo\outputs\Valuation_SBFG3_SBF Group (Centauro)_20260427.xlsx
2026-04-27 23:03:00,727 [INFO] pipeline: ======================================================================
2026-04-27 23:03:00,729 [INFO] pipeline: ✓ SBFG3: arquivo gerado → C:\Users\55819\OneDrive - EPEJUD\DIEGO\OBSIDIAN\Analista de Investimentos\12_PYTHON\pipeline banco completo\outputs\Valuation_SBFG3_SBF Group (Centauro)_20260427.xlsx
2026-04-27 23:03:00,729 [INFO] pipeline: 
──────────────────────────────────────────────────────────────────────
2026-04-27 23:03:00,729 [INFO] pipeline: Processando: NTCO3 (Natura &Co)
2026-04-27 23:03:00,729 [INFO] pipeline: ──────────────────────────────────────────────────────────────────────
2026-04-27 23:03:00,729 [INFO] pipeline: ======================================================================
2026-04-27 23:03:00,729 [INFO] pipeline: PIPELINE DE VALUATION [CONSUMO_VAREJO] — NTCO3 — Natura &Co
2026-04-27 23:03:00,729 [INFO] pipeline: Início: 2026-04-27 23:03:00
2026-04-27 23:03:00,730 [INFO] pipeline:   Setor: consumo_varejo | Motor: WACC
2026-04-27 23:03:00,730 [INFO] pipeline: ======================================================================
2026-04-27 23:03:00,730 [INFO] pipeline: 
[1/6] Coletando dados de mercado...
2026-04-27 23:03:00,730 [INFO] pipeline:   Buscando cotação via yfinance...
2026-04-27 23:03:00,730 [INFO] pipeline.mercado: Buscando cotação atual: NTCO3.SA
2026-04-27 23:03:02,283 [INFO] pipeline:   Cotação ON: R$ 0.00  |  Cotação PN: R$ 0.00
2026-04-27 23:03:02,565 [INFO] pipeline.mercado: Calculando beta: NTCO3 (252 dias úteis)
2026-04-27 23:03:02,566 [INFO] pipeline.mercado: Baixando preços: NTCO3.SA (2019-01-01 → 2026-04-27)
2026-04-27 23:03:03,868 [ERROR] yfinance: $NTCO3.SA: possibly delisted; no timezone found
2026-04-27 23:03:03,872 [ERROR] yfinance: 
1 Failed download:
2026-04-27 23:03:03,872 [ERROR] yfinance: ['NTCO3.SA']: possibly delisted; no timezone found
2026-04-27 23:03:03,874 [WARNING] pipeline.mercado: Sem dados de preços para NTCO3.SA
2026-04-27 23:03:03,878 [WARNING] pipeline.mercado: Dados insuficientes para calcular beta
2026-04-27 23:03:03,879 [INFO] pipeline:   Beta estatístico: 0.850 | Beta utilizado: 0.850
2026-04-27 23:03:03,879 [INFO] pipeline: 
[2/6] Coletando dados macroeconômicos (BCB)...
2026-04-27 23:03:04,167 [WARNING] pipeline.macro: Não foi possível obter Focus Selic: 400 Client Error: Bad Request for url: https://olinda.bcb.gov.br/olinda/servico/Expectativas/versao/v1/odata/ExpectativasMercadoAnuais?%24filter=Indicador%20eq%20'Selic'&%24top=100&%24format=json&%24select=Indicador,Data,Ano,Mediana
2026-04-27 23:03:04,451 [WARNING] pipeline.macro: Não foi possível obter Focus IPCA: 400 Client Error: Bad Request for url: https://olinda.bcb.gov.br/olinda/servico/Expectativas/versao/v1/odata/ExpectativasMercadoAnuais?%24filter=Indicador%20eq%20'IPCA'&%24top=100&%24format=json&%24select=Indicador,Data,Ano,Mediana
2026-04-27 23:03:04,452 [INFO] pipeline.macro: 
=== Coletando dados macroeconômicos ===
2026-04-27 23:03:04,453 [INFO] pipeline.macro: Baixando série BCB 432...
2026-04-27 23:03:04,847 [ERROR] pipeline.macro: Erro ao baixar série BCB 432: 406 Client Error: Not Acceptable for url: https://api.bcb.gov.br/dados/serie/bcdata.sgs.432/dados?formato=json&dataInicial=01%2F01%2F2010&dataFinal=27%2F04%2F2026
2026-04-27 23:03:04,847 [WARNING] pipeline.macro: Série Selic meta sem DatetimeIndex — usando fallback histórico
2026-04-27 23:03:04,847 [INFO] pipeline.macro: Baixando série BCB 12...
2026-04-27 23:03:05,099 [ERROR] pipeline.macro: Erro ao baixar série BCB 12: 406 Client Error: Not Acceptable for url: https://api.bcb.gov.br/dados/serie/bcdata.sgs.12/dados?formato=json&dataInicial=01%2F01%2F2010&dataFinal=27%2F04%2F2026
2026-04-27 23:03:05,099 [WARNING] pipeline.macro: Série DI sem DatetimeIndex — usando fallback histórico
2026-04-27 23:03:05,103 [WARNING] pipeline.macro: IPCA calculado fora do intervalo plausível (55.3%) para 2019 — usando fallback
2026-04-27 23:03:05,104 [WARNING] pipeline.macro: IPCA calculado fora do intervalo plausível (46.1%) para 2020 — usando fallback
2026-04-27 23:03:05,104 [WARNING] pipeline.macro: IPCA calculado fora do intervalo plausível (159.3%) para 2021 — usando fallback
2026-04-27 23:03:05,104 [WARNING] pipeline.macro: IPCA calculado fora do intervalo plausível (191.2%) para 2022 — usando fallback
2026-04-27 23:03:05,105 [WARNING] pipeline.macro: IPCA calculado fora do intervalo plausível (71.5%) para 2023 — usando fallback
2026-04-27 23:03:05,105 [WARNING] pipeline.macro: IPCA calculado fora do intervalo plausível (67.0%) para 2024 — usando fallback
2026-04-27 23:03:05,105 [INFO] pipeline.macro: Baixando série BCB 258...
2026-04-27 23:03:05,221 [ERROR] pipeline.macro: Erro ao baixar série BCB 258: 406 Client Error: Not Acceptable for url: https://api.bcb.gov.br/dados/serie/bcdata.sgs.258/dados?formato=json&dataInicial=01%2F01%2F2010&dataFinal=27%2F04%2F2026
2026-04-27 23:03:05,221 [WARNING] pipeline.macro: Série TJLP sem DatetimeIndex — usando fallback histórico
2026-04-27 23:03:05,230 [WARNING] pipeline.macro: IPCA calculado fora do intervalo plausível (55.3%) para 2019 — usando fallback
2026-04-27 23:03:05,230 [WARNING] pipeline.macro: IPCA calculado fora do intervalo plausível (46.1%) para 2020 — usando fallback
2026-04-27 23:03:05,230 [WARNING] pipeline.macro: IPCA calculado fora do intervalo plausível (159.3%) para 2021 — usando fallback
2026-04-27 23:03:05,231 [WARNING] pipeline.macro: IPCA calculado fora do intervalo plausível (191.2%) para 2022 — usando fallback
2026-04-27 23:03:05,231 [WARNING] pipeline.macro: IPCA calculado fora do intervalo plausível (71.5%) para 2023 — usando fallback
2026-04-27 23:03:05,232 [WARNING] pipeline.macro: IPCA calculado fora do intervalo plausível (67.0%) para 2024 — usando fallback
2026-04-27 23:03:05,232 [INFO] pipeline.macro: 
RESUMO MACRO HISTÓRICO:
2026-04-27 23:03:05,232 [INFO] pipeline.macro:   selic_meta     : 2020: 2.00% | 2021: 9.25% | 2022: 13.75% | 2023: 11.75% | 2024: 11.75%
2026-04-27 23:03:05,232 [INFO] pipeline.macro:   selic_efet     : 2020: 2.28% | 2021: 4.48% | 2022: 12.33% | 2023: 13.15% | 2024: 10.73%
2026-04-27 23:03:05,233 [INFO] pipeline.macro:   ipca           : 2020: 4.52% | 2021: 10.06% | 2022: 5.62% | 2023: 4.62% | 2024: 4.83%
2026-04-27 23:03:05,233 [INFO] pipeline.macro:   tjlp           : 2020: 5.25% | 2021: 5.25% | 2022: 6.25% | 2023: 7.00% | 2024: 7.00%
2026-04-27 23:03:05,233 [INFO] pipeline.macro:   cds            : 2020: 0.44% | 2021: 0.73% | 2022: 1.26% | 2023: 0.84% | 2024: 0.81%
2026-04-27 23:03:05,233 [INFO] pipeline.macro:   inflacao_impl  : 2020: 4.52% | 2021: 10.06% | 2022: 5.62% | 2023: 4.62% | 2024: 4.83%
2026-04-27 23:03:05,233 [INFO] pipeline: 
[3/6] Baixando demonstrações financeiras (CVM)...
2026-04-27 23:03:05,233 [INFO] pipeline.cvm: 
==================================================
2026-04-27 23:03:05,234 [INFO] pipeline.cvm: Baixando DFP 2019...
2026-04-27 23:03:05,453 [INFO] pipeline.cvm:   DFP dre 2019: 64 linhas
2026-04-27 23:03:05,845 [INFO] pipeline.cvm:   DFP bpa 2019: 130 linhas
2026-04-27 23:03:06,478 [INFO] pipeline.cvm:   DFP bpp 2019: 230 linhas
2026-04-27 23:03:06,791 [INFO] pipeline.cvm:   DFP dfc_mi 2019: 116 linhas
2026-04-27 23:03:06,810 [WARNING] pipeline.cvm:   Empresa 22055 não encontrada em dfc_md 2019
2026-04-27 23:03:06,811 [INFO] pipeline.cvm: 
==================================================
2026-04-27 23:03:06,811 [INFO] pipeline.cvm: Baixando DFP 2020...
2026-04-27 23:03:07,043 [INFO] pipeline.cvm:   DFP dre 2020: 62 linhas
2026-04-27 23:03:07,445 [INFO] pipeline.cvm:   DFP bpa 2020: 130 linhas
2026-04-27 23:03:08,138 [INFO] pipeline.cvm:   DFP bpp 2020: 222 linhas
2026-04-27 23:03:08,509 [INFO] pipeline.cvm:   DFP dfc_mi 2020: 118 linhas
2026-04-27 23:03:08,532 [WARNING] pipeline.cvm:   Empresa 22055 não encontrada em dfc_md 2020
2026-04-27 23:03:08,532 [INFO] pipeline.cvm: 
==================================================
2026-04-27 23:03:08,532 [INFO] pipeline.cvm: Baixando DFP 2021...
2026-04-27 23:03:08,770 [INFO] pipeline.cvm:   DFP dre 2021: 60 linhas
2026-04-27 23:03:09,187 [INFO] pipeline.cvm:   DFP bpa 2021: 130 linhas
2026-04-27 23:03:09,919 [INFO] pipeline.cvm:   DFP bpp 2021: 224 linhas
2026-04-27 23:03:10,305 [INFO] pipeline.cvm:   DFP dfc_mi 2021: 106 linhas
2026-04-27 23:03:10,334 [WARNING] pipeline.cvm:   Empresa 22055 não encontrada em dfc_md 2021
2026-04-27 23:03:10,335 [INFO] pipeline.cvm: 
==================================================
2026-04-27 23:03:10,335 [INFO] pipeline.cvm: Baixando DFP 2022...
2026-04-27 23:03:10,586 [INFO] pipeline.cvm:   DFP dre 2022: 62 linhas
2026-04-27 23:03:11,038 [INFO] pipeline.cvm:   DFP bpa 2022: 130 linhas
2026-04-27 23:03:11,808 [INFO] pipeline.cvm:   DFP bpp 2022: 224 linhas
2026-04-27 23:03:12,213 [INFO] pipeline.cvm:   DFP dfc_mi 2022: 116 linhas
2026-04-27 23:03:12,246 [WARNING] pipeline.cvm:   Empresa 22055 não encontrada em dfc_md 2022
2026-04-27 23:03:12,247 [INFO] pipeline.cvm: 
==================================================
2026-04-27 23:03:12,248 [INFO] pipeline.cvm: Baixando DFP 2023...
2026-04-27 23:03:12,499 [INFO] pipeline.cvm:   DFP dre 2023: 62 linhas
2026-04-27 23:03:12,985 [INFO] pipeline.cvm:   DFP bpa 2023: 132 linhas
2026-04-27 23:03:13,780 [INFO] pipeline.cvm:   DFP bpp 2023: 226 linhas
2026-04-27 23:03:14,199 [INFO] pipeline.cvm:   DFP dfc_mi 2023: 120 linhas
2026-04-27 23:03:14,234 [WARNING] pipeline.cvm:   Empresa 22055 não encontrada em dfc_md 2023
2026-04-27 23:03:14,234 [INFO] pipeline.cvm: 
==================================================
2026-04-27 23:03:14,234 [INFO] pipeline.cvm: Baixando DFP 2024...
2026-04-27 23:03:14,477 [INFO] pipeline.cvm:   DFP dre 2024: 62 linhas
2026-04-27 23:03:14,908 [INFO] pipeline.cvm:   DFP bpa 2024: 132 linhas
2026-04-27 23:03:15,667 [INFO] pipeline.cvm:   DFP bpp 2024: 228 linhas
2026-04-27 23:03:16,104 [INFO] pipeline.cvm:   DFP dfc_mi 2024: 120 linhas
2026-04-27 23:03:16,135 [WARNING] pipeline.cvm:   Empresa 22055 não encontrada em dfc_md 2024
2026-04-27 23:03:16,135 [INFO] pipeline.cvm: 
==================================================
2026-04-27 23:03:16,136 [INFO] pipeline.cvm: Baixando DFP 2025...
2026-04-27 23:03:16,348 [INFO] pipeline.cvm:   DFP dre 2025: 62 linhas
2026-04-27 23:03:16,738 [INFO] pipeline.cvm:   DFP bpa 2025: 132 linhas
2026-04-27 23:03:17,424 [INFO] pipeline.cvm:   DFP bpp 2025: 230 linhas
2026-04-27 23:03:17,821 [INFO] pipeline.cvm:   DFP dfc_mi 2025: 120 linhas
2026-04-27 23:03:17,849 [WARNING] pipeline.cvm:   Empresa 22055 não encontrada em dfc_md 2025
2026-04-27 23:03:17,849 [INFO] pipeline:   Anos ajustados → Histórico: 2019-2025 | Projeção: 2026-2035
2026-04-27 23:03:17,849 [INFO] pipeline: 
[4/6] Normalizando dados...
2026-04-27 23:03:19,905 [INFO] pipeline:   DFC normalizada: 11 linhas
2026-04-27 23:03:19,909 [INFO] pipeline:   DRE normalizada:
2026-04-27 23:03:19,910 [INFO] pipeline:     receita_liquida: 2019: 2,882 | 2020: 2,139 | 2021: 2,525 | 2022: 2,750 | 2023: 1,646 | 2024: 1,392 | 2025: 1,483
2026-04-27 23:03:19,910 [INFO] pipeline:     ebit: 2019: 67 | 2020: -293 | 2021: 5 | 2022: -241 | 2023: -289 | 2024: -44 | 2025: 197
2026-04-27 23:03:19,910 [INFO] pipeline:     lucro_liquido: 2019: -112 | 2020: -864 | 2021: -72 | 2022: -519 | 2023: -521 | 2024: -316 | 2025: -60
2026-04-27 23:03:19,910 [INFO] pipeline: 
[5/6] Calculando projeções...
2026-04-27 23:03:19,911 [INFO] pipeline.projecoes: 
=== Projeções (não-financeira / FCFF) ===
2026-04-27 23:03:19,913 [INFO] pipeline.projecoes:   Margem EBITDA: 16.6% → 16.0% (conv 6a)
2026-04-27 23:03:19,914 [INFO] pipeline.projecoes:   D&A/Receita: 3.3%
2026-04-27 23:03:19,915 [INFO] pipeline.projecoes:   CAPEX/Receita: 2.8% → 4.0%
2026-04-27 23:03:19,916 [INFO] pipeline.projecoes:   NCG/Receita: 11.0% → 10.0%
2026-04-27 23:03:19,919 [INFO] pipeline.projecoes:   Alíquota efetiva: 19.0%
2026-04-27 23:03:19,919 [INFO] pipeline.projecoes: Projeções concluídas (FCFF). Resumo:
2026-04-27 23:03:19,920 [INFO] pipeline.projecoes:    Ano      Receita     EBITDA    Mg%      NOPAT       FCFF
2026-04-27 23:03:19,920 [INFO] pipeline.projecoes:   2026        1,596        264  16.5%        171         -1
2026-04-27 23:03:19,920 [INFO] pipeline.projecoes:   2027        1,710        281  16.4%        182        173
2026-04-27 23:03:19,920 [INFO] pipeline.projecoes:   2028        1,825        298  16.3%        193        180
2026-04-27 23:03:19,920 [INFO] pipeline.projecoes:   2029        1,941        315  16.2%        203        186
2026-04-27 23:03:19,920 [INFO] pipeline.projecoes:   2030        2,056        331  16.1%        214        191
2026-04-27 23:03:19,920 [INFO] pipeline.valuation:   Estrutura de capital: E=20% | D=80%
2026-04-27 23:03:19,920 [INFO] pipeline: 
[6/6] Calculando valuation (FCFF / WACC)...
2026-04-27 23:03:19,921 [INFO] pipeline.valuation: 
==================================================
2026-04-27 23:03:19,921 [INFO] pipeline.valuation: VALUATION FCFF/WACC — NTCO3
2026-04-27 23:03:19,921 [INFO] pipeline.valuation:   VP FCFF (10a):     R$        1,029 MM
2026-04-27 23:03:19,921 [INFO] pipeline.valuation:   Valor Perp. (VP):  R$        1,520 MM
2026-04-27 23:03:19,921 [INFO] pipeline.valuation:   ENTERPRISE VALUE:  R$        2,549 MM
2026-04-27 23:03:19,921 [INFO] pipeline.valuation:   (-) Dívida Líq.:   R$          758 MM
2026-04-27 23:03:19,921 [INFO] pipeline.valuation:   VALOR DO EQUITY:   R$        1,791 MM
2026-04-27 23:03:19,921 [INFO] pipeline.valuation:   Preço Justo ON:    R$     0.00
2026-04-27 23:03:19,921 [INFO] pipeline.valuation:   Preço Justo PN:    R$     0.00
2026-04-27 23:03:19,921 [INFO] pipeline.valuation:   Cotação ON:        R$     0.00
2026-04-27 23:03:19,921 [INFO] pipeline.valuation:   Upside ON:                0.0%
2026-04-27 23:03:19,921 [INFO] pipeline.valuation:   TIR (ON):                 0.0%
2026-04-27 23:03:19,921 [INFO] pipeline.valuation:   WACC último ano:         12.0%
2026-04-27 23:03:19,922 [WARNING] pipeline: 
[!] AVISOS DE VALIDACAO:
2026-04-27 23:03:19,922 [WARNING] pipeline:   - Preço Justo ON inválido (≤ 0)
2026-04-27 23:03:19,922 [INFO] pipeline:   Sem template VAROS para NTCO3 — Excel será criado do zero
2026-04-27 23:03:19,923 [INFO] pipeline.excel_geral: 
============================================================
2026-04-27 23:03:19,923 [INFO] pipeline.excel_geral: Criando Excel completo (12 abas) para: Natura &Co (NTCO3)
2026-04-27 23:03:19,924 [INFO] pipeline.excel_geral:   → 1/12  Dashboard
2026-04-27 23:03:19,936 [INFO] pipeline.excel_geral:   → 2/12  WACC
2026-04-27 23:03:19,976 [INFO] pipeline.excel_geral:   → 3/12  TIR ON
2026-04-27 23:03:19,986 [INFO] pipeline.excel_geral:   → 4/12  TIR PN
2026-04-27 23:03:19,998 [INFO] pipeline.excel_geral:   → 5/12  Valor do Equity
2026-04-27 23:03:20,005 [INFO] pipeline.excel_geral:   → 6/12  Preço Teto
2026-04-27 23:03:20,013 [INFO] pipeline.excel_geral:   → 7/12  DRE + DCF
2026-04-27 23:03:20,181 [INFO] pipeline.excel_geral:   → 8/12  DRE Contas Abertas
2026-04-27 23:03:20,252 [INFO] pipeline.excel_geral:   → 9/12  Balanço Patrimonial
2026-04-27 23:03:20,304 [INFO] pipeline.excel_geral:   → 10/12 Painel de Índices
2026-04-27 23:03:20,381 [INFO] pipeline.excel_geral:   → 11/12 Projeções Premissas
2026-04-27 23:03:20,406 [INFO] pipeline.excel_geral:   → 12/12 Projeções Capex e CG
2026-04-27 23:03:20,518 [INFO] pipeline.excel_geral: 
Arquivo salvo: C:\Users\55819\OneDrive - EPEJUD\DIEGO\OBSIDIAN\Analista de Investimentos\12_PYTHON\pipeline banco completo\outputs\Valuation_NTCO3_Natura &Co_20260427.xlsx
2026-04-27 23:03:20,518 [INFO] pipeline: 
======================================================================
2026-04-27 23:03:20,518 [INFO] pipeline: RESUMO DO VALUATION (FCFF/WACC)
2026-04-27 23:03:20,518 [INFO] pipeline: ======================================================================
2026-04-27 23:03:20,518 [INFO] pipeline:   Empresa:           Natura &Co (NTCO3)
2026-04-27 23:03:20,518 [INFO] pipeline:   Enterprise Value:  R$        2,549 MM
2026-04-27 23:03:20,518 [INFO] pipeline:   Cotação ON:        R$ 0.00
2026-04-27 23:03:20,518 [INFO] pipeline:   Preço Justo ON:    R$ 0.00
2026-04-27 23:03:20,518 [INFO] pipeline:   Upside ON:            0.0%
2026-04-27 23:03:20,518 [INFO] pipeline:   TIR:                  0.0%
2026-04-27 23:03:20,518 [INFO] pipeline:   Preço Teto ON:     R$ 0.00
2026-04-27 23:03:20,519 [INFO] pipeline: 
  [!] 1 aviso(s) de validacao — verifique os logs
2026-04-27 23:03:20,519 [INFO] pipeline: 
  Arquivo gerado:    C:\Users\55819\OneDrive - EPEJUD\DIEGO\OBSIDIAN\Analista de Investimentos\12_PYTHON\pipeline banco completo\outputs\Valuation_NTCO3_Natura &Co_20260427.xlsx
2026-04-27 23:03:20,519 [INFO] pipeline: ======================================================================
2026-04-27 23:03:20,521 [INFO] pipeline: ✓ NTCO3: arquivo gerado → C:\Users\55819\OneDrive - EPEJUD\DIEGO\OBSIDIAN\Analista de Investimentos\12_PYTHON\pipeline banco completo\outputs\Valuation_NTCO3_Natura &Co_20260427.xlsx
2026-04-27 23:03:20,521 [INFO] pipeline: 
──────────────────────────────────────────────────────────────────────
2026-04-27 23:03:20,521 [INFO] pipeline: Processando: CEAB3 (C&A Brasil)
2026-04-27 23:03:20,521 [INFO] pipeline: ──────────────────────────────────────────────────────────────────────
2026-04-27 23:03:20,521 [INFO] pipeline: ======================================================================
2026-04-27 23:03:20,521 [INFO] pipeline: PIPELINE DE VALUATION [CONSUMO_VAREJO] — CEAB3 — C&A Brasil
2026-04-27 23:03:20,522 [INFO] pipeline: Início: 2026-04-27 23:03:20
2026-04-27 23:03:20,522 [INFO] pipeline:   Setor: consumo_varejo | Motor: WACC
2026-04-27 23:03:20,522 [INFO] pipeline: ======================================================================
2026-04-27 23:03:20,522 [INFO] pipeline: 
[1/6] Coletando dados de mercado...
2026-04-27 23:03:20,522 [INFO] pipeline:   Buscando cotação via yfinance...
2026-04-27 23:03:20,522 [INFO] pipeline.mercado: Buscando cotação atual: CEAB3.SA
2026-04-27 23:03:21,676 [INFO] pipeline:   Cotação ON: R$ 11.20  |  Cotação PN: R$ 0.00
2026-04-27 23:03:21,801 [INFO] pipeline.mercado: Calculando beta: CEAB3 (252 dias úteis)
2026-04-27 23:03:21,801 [INFO] pipeline.mercado: Baixando preços: CEAB3.SA (2019-01-01 → 2026-04-27)
2026-04-27 23:03:22,525 [INFO] pipeline.mercado:   1607 dias de preços carregados
2026-04-27 23:03:22,533 [INFO] pipeline.mercado:   Beta estatístico: 1.6810 | R²: 0.267 | n=251
2026-04-27 23:03:22,535 [INFO] pipeline:   Beta estatístico: 1.681 | Beta utilizado: 0.850
2026-04-27 23:03:22,535 [INFO] pipeline: 
[2/6] Coletando dados macroeconômicos (BCB)...
2026-04-27 23:03:22,859 [WARNING] pipeline.macro: Não foi possível obter Focus Selic: 400 Client Error: Bad Request for url: https://olinda.bcb.gov.br/olinda/servico/Expectativas/versao/v1/odata/ExpectativasMercadoAnuais?%24filter=Indicador%20eq%20'Selic'&%24top=100&%24format=json&%24select=Indicador,Data,Ano,Mediana
2026-04-27 23:03:23,132 [WARNING] pipeline.macro: Não foi possível obter Focus IPCA: 400 Client Error: Bad Request for url: https://olinda.bcb.gov.br/olinda/servico/Expectativas/versao/v1/odata/ExpectativasMercadoAnuais?%24filter=Indicador%20eq%20'IPCA'&%24top=100&%24format=json&%24select=Indicador,Data,Ano,Mediana
2026-04-27 23:03:23,134 [INFO] pipeline.macro: 
=== Coletando dados macroeconômicos ===
2026-04-27 23:03:23,134 [INFO] pipeline.macro: Baixando série BCB 432...
2026-04-27 23:03:23,470 [ERROR] pipeline.macro: Erro ao baixar série BCB 432: 406 Client Error: Not Acceptable for url: https://api.bcb.gov.br/dados/serie/bcdata.sgs.432/dados?formato=json&dataInicial=01%2F01%2F2010&dataFinal=27%2F04%2F2026
2026-04-27 23:03:23,471 [WARNING] pipeline.macro: Série Selic meta sem DatetimeIndex — usando fallback histórico
2026-04-27 23:03:23,471 [INFO] pipeline.macro: Baixando série BCB 12...
2026-04-27 23:03:23,569 [ERROR] pipeline.macro: Erro ao baixar série BCB 12: 406 Client Error: Not Acceptable for url: https://api.bcb.gov.br/dados/serie/bcdata.sgs.12/dados?formato=json&dataInicial=01%2F01%2F2010&dataFinal=27%2F04%2F2026
2026-04-27 23:03:23,569 [WARNING] pipeline.macro: Série DI sem DatetimeIndex — usando fallback histórico
2026-04-27 23:03:23,574 [WARNING] pipeline.macro: IPCA calculado fora do intervalo plausível (55.3%) para 2019 — usando fallback
2026-04-27 23:03:23,574 [WARNING] pipeline.macro: IPCA calculado fora do intervalo plausível (46.1%) para 2020 — usando fallback
2026-04-27 23:03:23,575 [WARNING] pipeline.macro: IPCA calculado fora do intervalo plausível (159.3%) para 2021 — usando fallback
2026-04-27 23:03:23,575 [WARNING] pipeline.macro: IPCA calculado fora do intervalo plausível (191.2%) para 2022 — usando fallback
2026-04-27 23:03:23,576 [WARNING] pipeline.macro: IPCA calculado fora do intervalo plausível (71.5%) para 2023 — usando fallback
2026-04-27 23:03:23,576 [WARNING] pipeline.macro: IPCA calculado fora do intervalo plausível (67.0%) para 2024 — usando fallback
2026-04-27 23:03:23,576 [INFO] pipeline.macro: Baixando série BCB 258...
2026-04-27 23:03:23,679 [ERROR] pipeline.macro: Erro ao baixar série BCB 258: 406 Client Error: Not Acceptable for url: https://api.bcb.gov.br/dados/serie/bcdata.sgs.258/dados?formato=json&dataInicial=01%2F01%2F2010&dataFinal=27%2F04%2F2026
2026-04-27 23:03:23,679 [WARNING] pipeline.macro: Série TJLP sem DatetimeIndex — usando fallback histórico
2026-04-27 23:03:23,688 [WARNING] pipeline.macro: IPCA calculado fora do intervalo plausível (55.3%) para 2019 — usando fallback
2026-04-27 23:03:23,688 [WARNING] pipeline.macro: IPCA calculado fora do intervalo plausível (46.1%) para 2020 — usando fallback
2026-04-27 23:03:23,688 [WARNING] pipeline.macro: IPCA calculado fora do intervalo plausível (159.3%) para 2021 — usando fallback
2026-04-27 23:03:23,689 [WARNING] pipeline.macro: IPCA calculado fora do intervalo plausível (191.2%) para 2022 — usando fallback
2026-04-27 23:03:23,689 [WARNING] pipeline.macro: IPCA calculado fora do intervalo plausível (71.5%) para 2023 — usando fallback
2026-04-27 23:03:23,690 [WARNING] pipeline.macro: IPCA calculado fora do intervalo plausível (67.0%) para 2024 — usando fallback
2026-04-27 23:03:23,690 [INFO] pipeline.macro: 
RESUMO MACRO HISTÓRICO:
2026-04-27 23:03:23,690 [INFO] pipeline.macro:   selic_meta     : 2020: 2.00% | 2021: 9.25% | 2022: 13.75% | 2023: 11.75% | 2024: 11.75%
2026-04-27 23:03:23,690 [INFO] pipeline.macro:   selic_efet     : 2020: 2.28% | 2021: 4.48% | 2022: 12.33% | 2023: 13.15% | 2024: 10.73%
2026-04-27 23:03:23,690 [INFO] pipeline.macro:   ipca           : 2020: 4.52% | 2021: 10.06% | 2022: 5.62% | 2023: 4.62% | 2024: 4.83%
2026-04-27 23:03:23,691 [INFO] pipeline.macro:   tjlp           : 2020: 5.25% | 2021: 5.25% | 2022: 6.25% | 2023: 7.00% | 2024: 7.00%
2026-04-27 23:03:23,691 [INFO] pipeline.macro:   cds            : 2020: 0.44% | 2021: 0.73% | 2022: 1.26% | 2023: 0.84% | 2024: 0.81%
2026-04-27 23:03:23,691 [INFO] pipeline.macro:   inflacao_impl  : 2020: 4.52% | 2021: 10.06% | 2022: 5.62% | 2023: 4.62% | 2024: 4.83%
2026-04-27 23:03:23,691 [INFO] pipeline: 
[3/6] Baixando demonstrações financeiras (CVM)...
2026-04-27 23:03:23,692 [INFO] pipeline.cvm: 
==================================================
2026-04-27 23:03:23,692 [INFO] pipeline.cvm: Baixando DFP 2019...
2026-04-27 23:03:23,957 [INFO] pipeline.cvm:   DFP dre 2019: 88 linhas
2026-04-27 23:03:24,394 [INFO] pipeline.cvm:   DFP bpa 2019: 68 linhas
2026-04-27 23:03:25,161 [INFO] pipeline.cvm:   DFP bpp 2019: 100 linhas
2026-04-27 23:03:25,559 [INFO] pipeline.cvm:   DFP dfc_mi 2019: 146 linhas
2026-04-27 23:03:25,580 [WARNING] pipeline.cvm:   Empresa 906 não encontrada em dfc_md 2019
2026-04-27 23:03:25,580 [INFO] pipeline.cvm: 
==================================================
2026-04-27 23:03:25,581 [INFO] pipeline.cvm: Baixando DFP 2020...
2026-04-27 23:03:25,839 [INFO] pipeline.cvm:   DFP dre 2020: 82 linhas
2026-04-27 23:03:26,280 [INFO] pipeline.cvm:   DFP bpa 2020: 82 linhas
2026-04-27 23:03:27,046 [INFO] pipeline.cvm:   DFP bpp 2020: 96 linhas
2026-04-27 23:03:27,454 [INFO] pipeline.cvm:   DFP dfc_mi 2020: 94 linhas
2026-04-27 23:03:27,477 [WARNING] pipeline.cvm:   Empresa 906 não encontrada em dfc_md 2020
2026-04-27 23:03:27,478 [INFO] pipeline.cvm: 
==================================================
2026-04-27 23:03:27,478 [INFO] pipeline.cvm: Baixando DFP 2021...
2026-04-27 23:03:27,751 [INFO] pipeline.cvm:   DFP dre 2021: 82 linhas
2026-04-27 23:03:28,215 [INFO] pipeline.cvm:   DFP bpa 2021: 82 linhas
2026-04-27 23:03:29,063 [INFO] pipeline.cvm:   DFP bpp 2021: 86 linhas
2026-04-27 23:03:29,501 [WARNING] pipeline.cvm:   Empresa 906 não encontrada em dfc_mi 2021
2026-04-27 23:03:29,533 [INFO] pipeline.cvm:   DFP dfc_md 2021: 64 linhas
2026-04-27 23:03:29,534 [INFO] pipeline.cvm: 
==================================================
2026-04-27 23:03:29,534 [INFO] pipeline.cvm: Baixando DFP 2022...
2026-04-27 23:03:29,837 [INFO] pipeline.cvm:   DFP dre 2022: 82 linhas
2026-04-27 23:03:30,375 [INFO] pipeline.cvm:   DFP bpa 2022: 82 linhas
2026-04-27 23:03:31,357 [INFO] pipeline.cvm:   DFP bpp 2022: 86 linhas
2026-04-27 23:03:31,950 [INFO] pipeline.cvm:   DFP dfc_mi 2022: 96 linhas
2026-04-27 23:03:31,991 [WARNING] pipeline.cvm:   Empresa 906 não encontrada em dfc_md 2022
2026-04-27 23:03:31,992 [INFO] pipeline.cvm: 
==================================================
2026-04-27 23:03:31,992 [INFO] pipeline.cvm: Baixando DFP 2023...
2026-04-27 23:03:32,289 [INFO] pipeline.cvm:   DFP dre 2023: 82 linhas
2026-04-27 23:03:32,762 [INFO] pipeline.cvm:   DFP bpa 2023: 82 linhas
2026-04-27 23:03:33,580 [INFO] pipeline.cvm:   DFP bpp 2023: 86 linhas
2026-04-27 23:03:34,069 [INFO] pipeline.cvm:   DFP dfc_mi 2023: 96 linhas
2026-04-27 23:03:34,104 [WARNING] pipeline.cvm:   Empresa 906 não encontrada em dfc_md 2023
2026-04-27 23:03:34,104 [INFO] pipeline.cvm: 
==================================================
2026-04-27 23:03:34,104 [INFO] pipeline.cvm: Baixando DFP 2024...
2026-04-27 23:03:34,394 [INFO] pipeline.cvm:   DFP dre 2024: 82 linhas
2026-04-27 23:03:34,889 [INFO] pipeline.cvm:   DFP bpa 2024: 82 linhas
2026-04-27 23:03:35,684 [INFO] pipeline.cvm:   DFP bpp 2024: 86 linhas
2026-04-27 23:03:36,117 [INFO] pipeline.cvm:   DFP dfc_mi 2024: 96 linhas
2026-04-27 23:03:36,149 [WARNING] pipeline.cvm:   Empresa 906 não encontrada em dfc_md 2024
2026-04-27 23:03:36,149 [INFO] pipeline.cvm: 
==================================================
2026-04-27 23:03:36,149 [INFO] pipeline.cvm: Baixando DFP 2025...
2026-04-27 23:03:36,376 [INFO] pipeline.cvm:   DFP dre 2025: 82 linhas
2026-04-27 23:03:36,784 [INFO] pipeline.cvm:   DFP bpa 2025: 82 linhas
2026-04-27 23:03:37,494 [INFO] pipeline.cvm:   DFP bpp 2025: 86 linhas
2026-04-27 23:03:37,888 [INFO] pipeline.cvm:   DFP dfc_mi 2025: 96 linhas
2026-04-27 23:03:37,926 [WARNING] pipeline.cvm:   Empresa 906 não encontrada em dfc_md 2025
2026-04-27 23:03:37,928 [INFO] pipeline:   Anos ajustados → Histórico: 2019-2025 | Projeção: 2026-2035
2026-04-27 23:03:37,928 [INFO] pipeline: 
[4/6] Normalizando dados...
2026-04-27 23:03:39,861 [INFO] pipeline:   DFC normalizada: 11 linhas
2026-04-27 23:03:39,865 [INFO] pipeline:   DRE normalizada:
2026-04-27 23:03:39,865 [INFO] pipeline:     receita_liquida: 2019: 124,306 | 2020: 98,429 | 2021: 125,443 | 2022: 205,913 | 2023: 224,458 | 2024: 213,220 | 2025: 270,183
2026-04-27 23:03:39,866 [INFO] pipeline:     ebit: 2019: 13,381 | 2020: 4,075 | 2021: 32,852 | 2022: 24,210 | 2023: 10,208 | 2024: 16,901 | 2025: 21,025
2026-04-27 23:03:39,866 [INFO] pipeline:     lucro_liquido: 2019: 21,173 | 2020: 15,837 | 2021: 23,172 | 2022: 20,984 | 2023: 14,251 | 2024: 17,253 | 2025: 23,673
2026-04-27 23:03:39,866 [INFO] pipeline: 
[5/6] Calculando projeções...
2026-04-27 23:03:39,867 [INFO] pipeline.projecoes: 
=== Projeções (não-financeira / FCFF) ===
2026-04-27 23:03:39,868 [INFO] pipeline.projecoes:   Margem EBITDA: 52.1% → 11.0% (conv 6a)
2026-04-27 23:03:39,868 [INFO] pipeline.projecoes:   D&A/Receita: 20.0%
2026-04-27 23:03:39,869 [INFO] pipeline.projecoes:   CAPEX/Receita: 0.3% → 4.0%
2026-04-27 23:03:39,870 [INFO] pipeline.projecoes:   NCG/Receita: 0.0% → 10.0%
2026-04-27 23:03:39,872 [INFO] pipeline.projecoes:   Alíquota efetiva: 34.0%
2026-04-27 23:03:39,872 [INFO] pipeline.projecoes: Projeções concluídas (FCFF). Resumo:
2026-04-27 23:03:39,872 [INFO] pipeline.projecoes:    Ano      Receita     EBITDA    Mg%      NOPAT       FCFF
2026-04-27 23:03:39,873 [INFO] pipeline.projecoes:   2026      290,672    131,644  45.3%     48,516     97,843
2026-04-27 23:03:39,873 [INFO] pipeline.projecoes:   2027      311,503    119,716  38.4%     37,894     88,027
2026-04-27 23:03:39,873 [INFO] pipeline.projecoes:   2028      332,530    104,992  31.6%     25,401     76,052
2026-04-27 23:03:39,873 [INFO] pipeline.projecoes:   2029      353,590     87,393  24.7%     11,005     61,870
2026-04-27 23:03:39,873 [INFO] pipeline.projecoes:   2030      374,511     66,880  17.9%     -5,295     45,463
2026-04-27 23:03:39,873 [INFO] pipeline.valuation:   Estrutura de capital: E=20% | D=80%
2026-04-27 23:03:39,873 [INFO] pipeline: 
[6/6] Calculando valuation (FCFF / WACC)...
2026-04-27 23:03:39,873 [WARNING] pipeline.valuation: TIR > 150% — valor intrínseco muito acima do preço de mercado
2026-04-27 23:03:39,873 [WARNING] pipeline.valuation: TIR > 150% — valor intrínseco muito acima do preço de mercado
2026-04-27 23:03:39,873 [INFO] pipeline.valuation: 
==================================================
2026-04-27 23:03:39,873 [INFO] pipeline.valuation: VALUATION FCFF/WACC — CEAB3
2026-04-27 23:03:39,874 [INFO] pipeline.valuation:   VP FCFF (10a):     R$      400,946 MM
2026-04-27 23:03:39,874 [INFO] pipeline.valuation:   Valor Perp. (VP):  R$      320,300 MM
2026-04-27 23:03:39,874 [INFO] pipeline.valuation:   ENTERPRISE VALUE:  R$      721,246 MM
2026-04-27 23:03:39,874 [INFO] pipeline.valuation:   (-) Dívida Líq.:   R$      534,446 MM
2026-04-27 23:03:39,874 [INFO] pipeline.valuation:   VALOR DO EQUITY:   R$      186,800 MM
2026-04-27 23:03:39,874 [INFO] pipeline.valuation:   Preço Justo ON:    R$   617.80
2026-04-27 23:03:39,874 [INFO] pipeline.valuation:   Preço Justo PN:    R$   617.80
2026-04-27 23:03:39,874 [INFO] pipeline.valuation:   Cotação ON:        R$    11.20
2026-04-27 23:03:39,874 [INFO] pipeline.valuation:   Upside ON:             5416.1%
2026-04-27 23:03:39,874 [INFO] pipeline.valuation:   TIR (ON):               150.0%
2026-04-27 23:03:39,874 [INFO] pipeline.valuation:   WACC último ano:         12.0%
2026-04-27 23:03:39,875 [INFO] pipeline:   Template encontrado (empresa): CEAB3-ValuationModeloVZA.xlsx
2026-04-27 23:03:39,876 [INFO] pipeline.excel_geral: 
============================================================
2026-04-27 23:03:39,877 [INFO] pipeline.excel_geral: Escrevendo com template VAROS: CEAB3-ValuationModeloVZA.xlsx
2026-04-27 23:03:41,715 [INFO] pipeline.excel_geral: 
Arquivo salvo: C:\Users\55819\OneDrive - EPEJUD\DIEGO\OBSIDIAN\Analista de Investimentos\12_PYTHON\pipeline banco completo\outputs\Valuation_CEAB3_C&A Brasil_20260427.xlsx
2026-04-27 23:03:41,715 [INFO] pipeline: 
======================================================================
2026-04-27 23:03:41,715 [INFO] pipeline: RESUMO DO VALUATION (FCFF/WACC)
2026-04-27 23:03:41,716 [INFO] pipeline: ======================================================================
2026-04-27 23:03:41,716 [INFO] pipeline:   Empresa:           C&A Brasil (CEAB3)
2026-04-27 23:03:41,716 [INFO] pipeline:   Enterprise Value:  R$      721,246 MM
2026-04-27 23:03:41,716 [INFO] pipeline:   Cotação ON:        R$ 11.20
2026-04-27 23:03:41,716 [INFO] pipeline:   Preço Justo ON:    R$ 617.80
2026-04-27 23:03:41,716 [INFO] pipeline:   Upside ON:            5416.1%
2026-04-27 23:03:41,716 [INFO] pipeline:   TIR:                  150.0%
2026-04-27 23:03:41,716 [INFO] pipeline:   Preço Teto ON:     R$ 617.80
2026-04-27 23:03:41,716 [INFO] pipeline: 
  Arquivo gerado:    C:\Users\55819\OneDrive - EPEJUD\DIEGO\OBSIDIAN\Analista de Investimentos\12_PYTHON\pipeline banco completo\outputs\Valuation_CEAB3_C&A Brasil_20260427.xlsx
2026-04-27 23:03:41,716 [INFO] pipeline: ======================================================================
2026-04-27 23:03:41,719 [INFO] pipeline: ✓ CEAB3: arquivo gerado → C:\Users\55819\OneDrive - EPEJUD\DIEGO\OBSIDIAN\Analista de Investimentos\12_PYTHON\pipeline banco completo\outputs\Valuation_CEAB3_C&A Brasil_20260427.xlsx
2026-04-27 23:03:41,720 [INFO] pipeline: 
──────────────────────────────────────────────────────────────────────
2026-04-27 23:03:41,720 [INFO] pipeline: Processando: PETZ3 (Petz)
2026-04-27 23:03:41,720 [INFO] pipeline: ──────────────────────────────────────────────────────────────────────
2026-04-27 23:03:41,720 [INFO] pipeline: ======================================================================
2026-04-27 23:03:41,720 [INFO] pipeline: PIPELINE DE VALUATION [CONSUMO_VAREJO] — PETZ3 — Petz
2026-04-27 23:03:41,720 [INFO] pipeline: Início: 2026-04-27 23:03:41
2026-04-27 23:03:41,720 [INFO] pipeline:   Setor: consumo_varejo | Motor: WACC
2026-04-27 23:03:41,720 [INFO] pipeline: ======================================================================
2026-04-27 23:03:41,720 [INFO] pipeline: 
[1/6] Coletando dados de mercado...
2026-04-27 23:03:41,721 [INFO] pipeline:   Buscando cotação via yfinance...
2026-04-27 23:03:41,721 [INFO] pipeline.mercado: Buscando cotação atual: PETZ3.SA
2026-04-27 23:03:42,707 [ERROR] yfinance: HTTP Error 404: {"quoteSummary":{"result":null,"error":{"code":"Not Found","description":"Quote not found for symbol: PETZ3.SA"}}}
2026-04-27 23:03:43,263 [INFO] pipeline:   Cotação ON: R$ 0.00  |  Cotação PN: R$ 0.00
2026-04-27 23:03:44,078 [ERROR] yfinance: HTTP Error 404: {"quoteSummary":{"result":null,"error":{"code":"Not Found","description":"Quote not found for symbol: PETZ3.SA"}}}
2026-04-27 23:03:44,284 [INFO] pipeline.mercado: Calculando beta: PETZ3 (252 dias úteis)
2026-04-27 23:03:44,284 [INFO] pipeline.mercado: Baixando preços: PETZ3.SA (2019-01-01 → 2026-04-27)
2026-04-27 23:03:45,770 [ERROR] yfinance: HTTP Error 404: {"quoteSummary":{"result":null,"error":{"code":"Not Found","description":"Quote not found for symbol: PETZ3.SA"}}}
2026-04-27 23:03:45,976 [ERROR] yfinance: $PETZ3.SA: possibly delisted; no timezone found
2026-04-27 23:03:45,981 [ERROR] yfinance: 
1 Failed download:
2026-04-27 23:03:45,981 [ERROR] yfinance: ['PETZ3.SA']: possibly delisted; no timezone found
2026-04-27 23:03:45,985 [WARNING] pipeline.mercado: Sem dados de preços para PETZ3.SA
2026-04-27 23:03:45,990 [WARNING] pipeline.mercado: Dados insuficientes para calcular beta
2026-04-27 23:03:45,990 [INFO] pipeline:   Beta estatístico: 0.850 | Beta utilizado: 0.850
2026-04-27 23:03:45,990 [INFO] pipeline: 
[2/6] Coletando dados macroeconômicos (BCB)...
2026-04-27 23:03:46,281 [WARNING] pipeline.macro: Não foi possível obter Focus Selic: 400 Client Error: Bad Request for url: https://olinda.bcb.gov.br/olinda/servico/Expectativas/versao/v1/odata/ExpectativasMercadoAnuais?%24filter=Indicador%20eq%20'Selic'&%24top=100&%24format=json&%24select=Indicador,Data,Ano,Mediana
2026-04-27 23:03:46,595 [WARNING] pipeline.macro: Não foi possível obter Focus IPCA: 400 Client Error: Bad Request for url: https://olinda.bcb.gov.br/olinda/servico/Expectativas/versao/v1/odata/ExpectativasMercadoAnuais?%24filter=Indicador%20eq%20'IPCA'&%24top=100&%24format=json&%24select=Indicador,Data,Ano,Mediana
2026-04-27 23:03:46,596 [INFO] pipeline.macro: 
=== Coletando dados macroeconômicos ===
2026-04-27 23:03:46,597 [INFO] pipeline.macro: Baixando série BCB 432...
2026-04-27 23:03:46,887 [ERROR] pipeline.macro: Erro ao baixar série BCB 432: 406 Client Error: Not Acceptable for url: https://api.bcb.gov.br/dados/serie/bcdata.sgs.432/dados?formato=json&dataInicial=01%2F01%2F2010&dataFinal=27%2F04%2F2026
2026-04-27 23:03:46,888 [WARNING] pipeline.macro: Série Selic meta sem DatetimeIndex — usando fallback histórico
2026-04-27 23:03:46,888 [INFO] pipeline.macro: Baixando série BCB 12...
2026-04-27 23:03:46,998 [ERROR] pipeline.macro: Erro ao baixar série BCB 12: 406 Client Error: Not Acceptable for url: https://api.bcb.gov.br/dados/serie/bcdata.sgs.12/dados?formato=json&dataInicial=01%2F01%2F2010&dataFinal=27%2F04%2F2026
2026-04-27 23:03:46,999 [WARNING] pipeline.macro: Série DI sem DatetimeIndex — usando fallback histórico
2026-04-27 23:03:47,003 [WARNING] pipeline.macro: IPCA calculado fora do intervalo plausível (55.3%) para 2019 — usando fallback
2026-04-27 23:03:47,004 [WARNING] pipeline.macro: IPCA calculado fora do intervalo plausível (46.1%) para 2020 — usando fallback
2026-04-27 23:03:47,004 [WARNING] pipeline.macro: IPCA calculado fora do intervalo plausível (159.3%) para 2021 — usando fallback
2026-04-27 23:03:47,005 [WARNING] pipeline.macro: IPCA calculado fora do intervalo plausível (191.2%) para 2022 — usando fallback
2026-04-27 23:03:47,005 [WARNING] pipeline.macro: IPCA calculado fora do intervalo plausível (71.5%) para 2023 — usando fallback
2026-04-27 23:03:47,005 [WARNING] pipeline.macro: IPCA calculado fora do intervalo plausível (67.0%) para 2024 — usando fallback
2026-04-27 23:03:47,006 [INFO] pipeline.macro: Baixando série BCB 258...
2026-04-27 23:03:47,194 [ERROR] pipeline.macro: Erro ao baixar série BCB 258: 406 Client Error: Not Acceptable for url: https://api.bcb.gov.br/dados/serie/bcdata.sgs.258/dados?formato=json&dataInicial=01%2F01%2F2010&dataFinal=27%2F04%2F2026
2026-04-27 23:03:47,194 [WARNING] pipeline.macro: Série TJLP sem DatetimeIndex — usando fallback histórico
2026-04-27 23:03:47,205 [WARNING] pipeline.macro: IPCA calculado fora do intervalo plausível (55.3%) para 2019 — usando fallback
2026-04-27 23:03:47,206 [WARNING] pipeline.macro: IPCA calculado fora do intervalo plausível (46.1%) para 2020 — usando fallback
2026-04-27 23:03:47,206 [WARNING] pipeline.macro: IPCA calculado fora do intervalo plausível (159.3%) para 2021 — usando fallback
2026-04-27 23:03:47,207 [WARNING] pipeline.macro: IPCA calculado fora do intervalo plausível (191.2%) para 2022 — usando fallback
2026-04-27 23:03:47,207 [WARNING] pipeline.macro: IPCA calculado fora do intervalo plausível (71.5%) para 2023 — usando fallback
2026-04-27 23:03:47,207 [WARNING] pipeline.macro: IPCA calculado fora do intervalo plausível (67.0%) para 2024 — usando fallback
2026-04-27 23:03:47,208 [INFO] pipeline.macro: 
RESUMO MACRO HISTÓRICO:
2026-04-27 23:03:47,208 [INFO] pipeline.macro:   selic_meta     : 2020: 2.00% | 2021: 9.25% | 2022: 13.75% | 2023: 11.75% | 2024: 11.75%
2026-04-27 23:03:47,208 [INFO] pipeline.macro:   selic_efet     : 2020: 2.28% | 2021: 4.48% | 2022: 12.33% | 2023: 13.15% | 2024: 10.73%
2026-04-27 23:03:47,208 [INFO] pipeline.macro:   ipca           : 2020: 4.52% | 2021: 10.06% | 2022: 5.62% | 2023: 4.62% | 2024: 4.83%
2026-04-27 23:03:47,208 [INFO] pipeline.macro:   tjlp           : 2020: 5.25% | 2021: 5.25% | 2022: 6.25% | 2023: 7.00% | 2024: 7.00%
2026-04-27 23:03:47,208 [INFO] pipeline.macro:   cds            : 2020: 0.44% | 2021: 0.73% | 2022: 1.26% | 2023: 0.84% | 2024: 0.81%
2026-04-27 23:03:47,208 [INFO] pipeline.macro:   inflacao_impl  : 2020: 4.52% | 2021: 10.06% | 2022: 5.62% | 2023: 4.62% | 2024: 4.83%
2026-04-27 23:03:47,208 [INFO] pipeline: 
[3/6] Baixando demonstrações financeiras (CVM)...
2026-04-27 23:03:47,209 [INFO] pipeline.cvm: 
==================================================
2026-04-27 23:03:47,209 [INFO] pipeline.cvm: Baixando DFP 2019...
2026-04-27 23:03:47,421 [INFO] pipeline.cvm:   DFP dre 2019: 88 linhas
2026-04-27 23:03:47,754 [INFO] pipeline.cvm:   DFP bpa 2019: 68 linhas
2026-04-27 23:03:48,337 [INFO] pipeline.cvm:   DFP bpp 2019: 100 linhas
2026-04-27 23:03:48,660 [INFO] pipeline.cvm:   DFP dfc_mi 2019: 146 linhas
2026-04-27 23:03:48,682 [WARNING] pipeline.cvm:   Empresa 906 não encontrada em dfc_md 2019
2026-04-27 23:03:48,684 [INFO] pipeline.cvm: 
==================================================
2026-04-27 23:03:48,684 [INFO] pipeline.cvm: Baixando DFP 2020...
2026-04-27 23:03:48,924 [INFO] pipeline.cvm:   DFP dre 2020: 82 linhas
2026-04-27 23:03:49,373 [INFO] pipeline.cvm:   DFP bpa 2020: 82 linhas
2026-04-27 23:03:50,260 [INFO] pipeline.cvm:   DFP bpp 2020: 96 linhas
2026-04-27 23:03:50,643 [INFO] pipeline.cvm:   DFP dfc_mi 2020: 94 linhas
2026-04-27 23:03:50,666 [WARNING] pipeline.cvm:   Empresa 906 não encontrada em dfc_md 2020
2026-04-27 23:03:50,667 [INFO] pipeline.cvm: 
==================================================
2026-04-27 23:03:50,667 [INFO] pipeline.cvm: Baixando DFP 2021...
2026-04-27 23:03:50,924 [INFO] pipeline.cvm:   DFP dre 2021: 82 linhas
2026-04-27 23:03:51,359 [INFO] pipeline.cvm:   DFP bpa 2021: 82 linhas
2026-04-27 23:03:52,172 [INFO] pipeline.cvm:   DFP bpp 2021: 86 linhas
2026-04-27 23:03:52,666 [WARNING] pipeline.cvm:   Empresa 906 não encontrada em dfc_mi 2021
2026-04-27 23:03:52,704 [INFO] pipeline.cvm:   DFP dfc_md 2021: 64 linhas
2026-04-27 23:03:52,705 [INFO] pipeline.cvm: 
==================================================
2026-04-27 23:03:52,705 [INFO] pipeline.cvm: Baixando DFP 2022...
2026-04-27 23:03:53,060 [INFO] pipeline.cvm:   DFP dre 2022: 82 linhas
2026-04-27 23:03:53,524 [INFO] pipeline.cvm:   DFP bpa 2022: 82 linhas
2026-04-27 23:03:54,345 [INFO] pipeline.cvm:   DFP bpp 2022: 86 linhas
2026-04-27 23:03:54,775 [INFO] pipeline.cvm:   DFP dfc_mi 2022: 96 linhas
2026-04-27 23:03:54,810 [WARNING] pipeline.cvm:   Empresa 906 não encontrada em dfc_md 2022
2026-04-27 23:03:54,811 [INFO] pipeline.cvm: 
==================================================
2026-04-27 23:03:54,811 [INFO] pipeline.cvm: Baixando DFP 2023...
2026-04-27 23:03:55,063 [INFO] pipeline.cvm:   DFP dre 2023: 82 linhas
2026-04-27 23:03:55,524 [INFO] pipeline.cvm:   DFP bpa 2023: 82 linhas
2026-04-27 23:03:56,430 [INFO] pipeline.cvm:   DFP bpp 2023: 86 linhas
2026-04-27 23:03:57,019 [INFO] pipeline.cvm:   DFP dfc_mi 2023: 96 linhas
2026-04-27 23:03:57,059 [WARNING] pipeline.cvm:   Empresa 906 não encontrada em dfc_md 2023
2026-04-27 23:03:57,060 [INFO] pipeline.cvm: 
==================================================
2026-04-27 23:03:57,060 [INFO] pipeline.cvm: Baixando DFP 2024...
2026-04-27 23:03:57,350 [INFO] pipeline.cvm:   DFP dre 2024: 82 linhas
2026-04-27 23:03:57,948 [INFO] pipeline.cvm:   DFP bpa 2024: 82 linhas
2026-04-27 23:03:58,819 [INFO] pipeline.cvm:   DFP bpp 2024: 86 linhas
2026-04-27 23:03:59,277 [INFO] pipeline.cvm:   DFP dfc_mi 2024: 96 linhas
2026-04-27 23:03:59,312 [WARNING] pipeline.cvm:   Empresa 906 não encontrada em dfc_md 2024
2026-04-27 23:03:59,313 [INFO] pipeline.cvm: 
==================================================
2026-04-27 23:03:59,313 [INFO] pipeline.cvm: Baixando DFP 2025...
2026-04-27 23:03:59,553 [INFO] pipeline.cvm:   DFP dre 2025: 82 linhas
2026-04-27 23:04:00,012 [INFO] pipeline.cvm:   DFP bpa 2025: 82 linhas
2026-04-27 23:04:00,886 [INFO] pipeline.cvm:   DFP bpp 2025: 86 linhas
2026-04-27 23:04:01,324 [INFO] pipeline.cvm:   DFP dfc_mi 2025: 96 linhas
2026-04-27 23:04:01,357 [WARNING] pipeline.cvm:   Empresa 906 não encontrada em dfc_md 2025
2026-04-27 23:04:01,358 [INFO] pipeline:   Anos ajustados → Histórico: 2019-2025 | Projeção: 2026-2035
2026-04-27 23:04:01,358 [INFO] pipeline: 
[4/6] Normalizando dados...
2026-04-27 23:04:04,477 [INFO] pipeline:   DFC normalizada: 11 linhas
2026-04-27 23:04:04,482 [INFO] pipeline:   DRE normalizada:
2026-04-27 23:04:04,482 [INFO] pipeline:     receita_liquida: 2019: 124,306 | 2020: 98,429 | 2021: 125,443 | 2022: 205,913 | 2023: 224,458 | 2024: 213,220 | 2025: 270,183
2026-04-27 23:04:04,483 [INFO] pipeline:     ebit: 2019: 13,381 | 2020: 4,075 | 2021: 32,852 | 2022: 24,210 | 2023: 10,208 | 2024: 16,901 | 2025: 21,025
2026-04-27 23:04:04,483 [INFO] pipeline:     lucro_liquido: 2019: 21,173 | 2020: 15,837 | 2021: 23,172 | 2022: 20,984 | 2023: 14,251 | 2024: 17,253 | 2025: 23,673
2026-04-27 23:04:04,483 [INFO] pipeline: 
[5/6] Calculando projeções...
2026-04-27 23:04:04,484 [INFO] pipeline.projecoes: 
=== Projeções (não-financeira / FCFF) ===
2026-04-27 23:04:04,486 [INFO] pipeline.projecoes:   Margem EBITDA: 52.1% → 10.0% (conv 6a)
2026-04-27 23:04:04,487 [INFO] pipeline.projecoes:   D&A/Receita: 20.0%
2026-04-27 23:04:04,490 [INFO] pipeline.projecoes:   CAPEX/Receita: 0.3% → 4.0%
2026-04-27 23:04:04,491 [INFO] pipeline.projecoes:   NCG/Receita: 0.0% → 10.0%
2026-04-27 23:04:04,493 [INFO] pipeline.projecoes:   Alíquota efetiva: 34.0%
2026-04-27 23:04:04,493 [INFO] pipeline.projecoes: Projeções concluídas (FCFF). Resumo:
2026-04-27 23:04:04,495 [INFO] pipeline.projecoes:    Ano      Receita     EBITDA    Mg%      NOPAT       FCFF
2026-04-27 23:04:04,496 [INFO] pipeline.projecoes:   2026      290,672    131,160  45.1%     48,197     97,524
2026-04-27 23:04:04,496 [INFO] pipeline.projecoes:   2027      311,503    118,678  38.1%     37,209     87,341
2026-04-27 23:04:04,496 [INFO] pipeline.projecoes:   2028      332,530    103,330  31.1%     24,304     74,955
2026-04-27 23:04:04,496 [INFO] pipeline.projecoes:   2029      353,590     85,035  24.0%      9,450     60,314
2026-04-27 23:04:04,496 [INFO] pipeline.projecoes:   2030      374,511     63,759  17.0%     -7,355     43,403
2026-04-27 23:04:04,497 [INFO] pipeline.valuation:   Estrutura de capital: E=20% | D=80%
2026-04-27 23:04:04,497 [INFO] pipeline: 
[6/6] Calculando valuation (FCFF / WACC)...
2026-04-27 23:04:04,497 [INFO] pipeline.valuation: 
==================================================
2026-04-27 23:04:04,497 [INFO] pipeline.valuation: VALUATION FCFF/WACC — PETZ3
2026-04-27 23:04:04,498 [INFO] pipeline.valuation:   VP FCFF (10a):     R$      391,199 MM
2026-04-27 23:04:04,498 [INFO] pipeline.valuation:   Valor Perp. (VP):  R$      301,367 MM
2026-04-27 23:04:04,498 [INFO] pipeline.valuation:   ENTERPRISE VALUE:  R$      692,566 MM
2026-04-27 23:04:04,498 [INFO] pipeline.valuation:   (-) Dívida Líq.:   R$      534,446 MM
2026-04-27 23:04:04,498 [INFO] pipeline.valuation:   VALOR DO EQUITY:   R$      158,120 MM
2026-04-27 23:04:04,498 [INFO] pipeline.valuation:   Preço Justo ON:    R$     0.00
2026-04-27 23:04:04,498 [INFO] pipeline.valuation:   Preço Justo PN:    R$     0.00
2026-04-27 23:04:04,498 [INFO] pipeline.valuation:   Cotação ON:        R$     0.00
2026-04-27 23:04:04,498 [INFO] pipeline.valuation:   Upside ON:                0.0%
2026-04-27 23:04:04,498 [INFO] pipeline.valuation:   TIR (ON):                 0.0%
2026-04-27 23:04:04,498 [INFO] pipeline.valuation:   WACC último ano:         12.0%
2026-04-27 23:04:04,499 [WARNING] pipeline: 
[!] AVISOS DE VALIDACAO:
2026-04-27 23:04:04,499 [WARNING] pipeline:   - Preço Justo ON inválido (≤ 0)
2026-04-27 23:04:04,500 [INFO] pipeline:   Template encontrado (empresa): Valuation Petz (DCF) - VAROS 2T24.xlsx
2026-04-27 23:04:04,503 [INFO] pipeline.excel_geral: 
============================================================
2026-04-27 23:04:04,504 [INFO] pipeline.excel_geral: Escrevendo com template VAROS: Valuation Petz (DCF) - VAROS 2T24.xlsx
2026-04-27 23:04:54,735 [INFO] pipeline.excel_geral: 
Arquivo salvo: C:\Users\55819\OneDrive - EPEJUD\DIEGO\OBSIDIAN\Analista de Investimentos\12_PYTHON\pipeline banco completo\outputs\Valuation_PETZ3_Petz_20260427.xlsx
2026-04-27 23:04:54,735 [INFO] pipeline: 
======================================================================
2026-04-27 23:04:54,735 [INFO] pipeline: RESUMO DO VALUATION (FCFF/WACC)
2026-04-27 23:04:54,735 [INFO] pipeline: ======================================================================
2026-04-27 23:04:54,735 [INFO] pipeline:   Empresa:           Petz (PETZ3)
2026-04-27 23:04:54,735 [INFO] pipeline:   Enterprise Value:  R$      692,566 MM
2026-04-27 23:04:54,735 [INFO] pipeline:   Cotação ON:        R$ 0.00
2026-04-27 23:04:54,736 [INFO] pipeline:   Preço Justo ON:    R$ 0.00
2026-04-27 23:04:54,736 [INFO] pipeline:   Upside ON:            0.0%
2026-04-27 23:04:54,736 [INFO] pipeline:   TIR:                  0.0%
2026-04-27 23:04:54,736 [INFO] pipeline:   Preço Teto ON:     R$ 0.00
2026-04-27 23:04:54,736 [INFO] pipeline: 
  [!] 1 aviso(s) de validacao — verifique os logs
2026-04-27 23:04:54,736 [INFO] pipeline: 
  Arquivo gerado:    C:\Users\55819\OneDrive - EPEJUD\DIEGO\OBSIDIAN\Analista de Investimentos\12_PYTHON\pipeline banco completo\outputs\Valuation_PETZ3_Petz_20260427.xlsx
2026-04-27 23:04:54,736 [INFO] pipeline: ======================================================================
2026-04-27 23:04:54,738 [INFO] pipeline: ✓ PETZ3: arquivo gerado → C:\Users\55819\OneDrive - EPEJUD\DIEGO\OBSIDIAN\Analista de Investimentos\12_PYTHON\pipeline banco completo\outputs\Valuation_PETZ3_Petz_20260427.xlsx
2026-04-27 23:04:54,739 [INFO] pipeline: 
──────────────────────────────────────────────────────────────────────
2026-04-27 23:04:54,739 [INFO] pipeline: Processando: AZZA3 (Azzas 2154)
2026-04-27 23:04:54,739 [INFO] pipeline: ──────────────────────────────────────────────────────────────────────
2026-04-27 23:04:54,739 [INFO] pipeline: ======================================================================
2026-04-27 23:04:54,739 [INFO] pipeline: PIPELINE DE VALUATION [CONSUMO_VAREJO] — AZZA3 — Azzas 2154
2026-04-27 23:04:54,739 [INFO] pipeline: Início: 2026-04-27 23:04:54
2026-04-27 23:04:54,739 [INFO] pipeline:   Setor: consumo_varejo | Motor: WACC
2026-04-27 23:04:54,739 [INFO] pipeline: ======================================================================
2026-04-27 23:04:54,739 [INFO] pipeline: 
[1/6] Coletando dados de mercado...
2026-04-27 23:04:54,740 [INFO] pipeline:   Buscando cotação via yfinance...
2026-04-27 23:04:54,740 [INFO] pipeline.mercado: Buscando cotação atual: AZZA3.SA
2026-04-27 23:04:55,643 [INFO] pipeline:   Cotação ON: R$ 21.90  |  Cotação PN: R$ 0.00
2026-04-27 23:04:55,998 [INFO] pipeline.mercado: Calculando beta: AZZA3 (252 dias úteis)
2026-04-27 23:04:55,998 [INFO] pipeline.mercado: Baixando preços: AZZA3.SA (2019-01-01 → 2026-04-27)
2026-04-27 23:04:56,895 [INFO] pipeline.mercado:   1819 dias de preços carregados
2026-04-27 23:04:56,902 [INFO] pipeline.mercado:   Beta estatístico: 1.6305 | R²: 0.294 | n=251
2026-04-27 23:04:56,904 [INFO] pipeline:   Beta estatístico: 1.631 | Beta utilizado: 0.850
2026-04-27 23:04:56,905 [INFO] pipeline: 
[2/6] Coletando dados macroeconômicos (BCB)...
2026-04-27 23:04:57,184 [WARNING] pipeline.macro: Não foi possível obter Focus Selic: 400 Client Error: Bad Request for url: https://olinda.bcb.gov.br/olinda/servico/Expectativas/versao/v1/odata/ExpectativasMercadoAnuais?%24filter=Indicador%20eq%20'Selic'&%24top=100&%24format=json&%24select=Indicador,Data,Ano,Mediana
2026-04-27 23:04:57,475 [WARNING] pipeline.macro: Não foi possível obter Focus IPCA: 400 Client Error: Bad Request for url: https://olinda.bcb.gov.br/olinda/servico/Expectativas/versao/v1/odata/ExpectativasMercadoAnuais?%24filter=Indicador%20eq%20'IPCA'&%24top=100&%24format=json&%24select=Indicador,Data,Ano,Mediana
2026-04-27 23:04:57,480 [INFO] pipeline.macro: 
=== Coletando dados macroeconômicos ===
2026-04-27 23:04:57,481 [INFO] pipeline.macro: Baixando série BCB 432...
2026-04-27 23:04:57,786 [ERROR] pipeline.macro: Erro ao baixar série BCB 432: 406 Client Error: Not Acceptable for url: https://api.bcb.gov.br/dados/serie/bcdata.sgs.432/dados?formato=json&dataInicial=01%2F01%2F2010&dataFinal=27%2F04%2F2026
2026-04-27 23:04:57,787 [WARNING] pipeline.macro: Série Selic meta sem DatetimeIndex — usando fallback histórico
2026-04-27 23:04:57,787 [INFO] pipeline.macro: Baixando série BCB 12...
2026-04-27 23:04:57,886 [ERROR] pipeline.macro: Erro ao baixar série BCB 12: 406 Client Error: Not Acceptable for url: https://api.bcb.gov.br/dados/serie/bcdata.sgs.12/dados?formato=json&dataInicial=01%2F01%2F2010&dataFinal=27%2F04%2F2026
2026-04-27 23:04:57,886 [WARNING] pipeline.macro: Série DI sem DatetimeIndex — usando fallback histórico
2026-04-27 23:04:57,892 [WARNING] pipeline.macro: IPCA calculado fora do intervalo plausível (55.3%) para 2019 — usando fallback
2026-04-27 23:04:57,893 [WARNING] pipeline.macro: IPCA calculado fora do intervalo plausível (46.1%) para 2020 — usando fallback
2026-04-27 23:04:57,893 [WARNING] pipeline.macro: IPCA calculado fora do intervalo plausível (159.3%) para 2021 — usando fallback
2026-04-27 23:04:57,894 [WARNING] pipeline.macro: IPCA calculado fora do intervalo plausível (191.2%) para 2022 — usando fallback
2026-04-27 23:04:57,894 [WARNING] pipeline.macro: IPCA calculado fora do intervalo plausível (71.5%) para 2023 — usando fallback
2026-04-27 23:04:57,894 [WARNING] pipeline.macro: IPCA calculado fora do intervalo plausível (67.0%) para 2024 — usando fallback
2026-04-27 23:04:57,895 [INFO] pipeline.macro: Baixando série BCB 258...
2026-04-27 23:04:57,994 [ERROR] pipeline.macro: Erro ao baixar série BCB 258: 406 Client Error: Not Acceptable for url: https://api.bcb.gov.br/dados/serie/bcdata.sgs.258/dados?formato=json&dataInicial=01%2F01%2F2010&dataFinal=27%2F04%2F2026
2026-04-27 23:04:57,994 [WARNING] pipeline.macro: Série TJLP sem DatetimeIndex — usando fallback histórico
2026-04-27 23:04:58,003 [WARNING] pipeline.macro: IPCA calculado fora do intervalo plausível (55.3%) para 2019 — usando fallback
2026-04-27 23:04:58,003 [WARNING] pipeline.macro: IPCA calculado fora do intervalo plausível (46.1%) para 2020 — usando fallback
2026-04-27 23:04:58,004 [WARNING] pipeline.macro: IPCA calculado fora do intervalo plausível (159.3%) para 2021 — usando fallback
2026-04-27 23:04:58,004 [WARNING] pipeline.macro: IPCA calculado fora do intervalo plausível (191.2%) para 2022 — usando fallback
2026-04-27 23:04:58,004 [WARNING] pipeline.macro: IPCA calculado fora do intervalo plausível (71.5%) para 2023 — usando fallback
2026-04-27 23:04:58,005 [WARNING] pipeline.macro: IPCA calculado fora do intervalo plausível (67.0%) para 2024 — usando fallback
2026-04-27 23:04:58,005 [INFO] pipeline.macro: 
RESUMO MACRO HISTÓRICO:
2026-04-27 23:04:58,005 [INFO] pipeline.macro:   selic_meta     : 2020: 2.00% | 2021: 9.25% | 2022: 13.75% | 2023: 11.75% | 2024: 11.75%
2026-04-27 23:04:58,005 [INFO] pipeline.macro:   selic_efet     : 2020: 2.28% | 2021: 4.48% | 2022: 12.33% | 2023: 13.15% | 2024: 10.73%
2026-04-27 23:04:58,005 [INFO] pipeline.macro:   ipca           : 2020: 4.52% | 2021: 10.06% | 2022: 5.62% | 2023: 4.62% | 2024: 4.83%
2026-04-27 23:04:58,005 [INFO] pipeline.macro:   tjlp           : 2020: 5.25% | 2021: 5.25% | 2022: 6.25% | 2023: 7.00% | 2024: 7.00%
2026-04-27 23:04:58,005 [INFO] pipeline.macro:   cds            : 2020: 0.44% | 2021: 0.73% | 2022: 1.26% | 2023: 0.84% | 2024: 0.81%
2026-04-27 23:04:58,005 [INFO] pipeline.macro:   inflacao_impl  : 2020: 4.52% | 2021: 10.06% | 2022: 5.62% | 2023: 4.62% | 2024: 4.83%
2026-04-27 23:04:58,005 [INFO] pipeline: 
[3/6] Baixando demonstrações financeiras (CVM)...
2026-04-27 23:04:58,006 [INFO] pipeline.cvm: 
==================================================
2026-04-27 23:04:58,006 [INFO] pipeline.cvm: Baixando DFP 2019...
2026-04-27 23:04:58,213 [INFO] pipeline.cvm:   DFP dre 2019: 88 linhas
2026-04-27 23:04:58,551 [INFO] pipeline.cvm:   DFP bpa 2019: 68 linhas
2026-04-27 23:04:59,166 [INFO] pipeline.cvm:   DFP bpp 2019: 100 linhas
2026-04-27 23:04:59,460 [INFO] pipeline.cvm:   DFP dfc_mi 2019: 146 linhas
2026-04-27 23:04:59,485 [WARNING] pipeline.cvm:   Empresa 906 não encontrada em dfc_md 2019
2026-04-27 23:04:59,485 [INFO] pipeline.cvm: 
==================================================
2026-04-27 23:04:59,485 [INFO] pipeline.cvm: Baixando DFP 2020...
2026-04-27 23:04:59,713 [INFO] pipeline.cvm:   DFP dre 2020: 82 linhas
2026-04-27 23:05:00,107 [INFO] pipeline.cvm:   DFP bpa 2020: 82 linhas
2026-04-27 23:05:00,862 [INFO] pipeline.cvm:   DFP bpp 2020: 96 linhas
2026-04-27 23:05:01,214 [INFO] pipeline.cvm:   DFP dfc_mi 2020: 94 linhas
2026-04-27 23:05:01,242 [WARNING] pipeline.cvm:   Empresa 906 não encontrada em dfc_md 2020
2026-04-27 23:05:01,243 [INFO] pipeline.cvm: 
==================================================
2026-04-27 23:05:01,243 [INFO] pipeline.cvm: Baixando DFP 2021...
2026-04-27 23:05:01,483 [INFO] pipeline.cvm:   DFP dre 2021: 82 linhas
2026-04-27 23:05:01,887 [INFO] pipeline.cvm:   DFP bpa 2021: 82 linhas
2026-04-27 23:05:02,720 [INFO] pipeline.cvm:   DFP bpp 2021: 86 linhas
2026-04-27 23:05:03,152 [WARNING] pipeline.cvm:   Empresa 906 não encontrada em dfc_mi 2021
2026-04-27 23:05:03,188 [INFO] pipeline.cvm:   DFP dfc_md 2021: 64 linhas
2026-04-27 23:05:03,189 [INFO] pipeline.cvm: 
==================================================
2026-04-27 23:05:03,189 [INFO] pipeline.cvm: Baixando DFP 2022...
2026-04-27 23:05:03,435 [INFO] pipeline.cvm:   DFP dre 2022: 82 linhas
2026-04-27 23:05:03,858 [INFO] pipeline.cvm:   DFP bpa 2022: 82 linhas
2026-04-27 23:05:04,594 [INFO] pipeline.cvm:   DFP bpp 2022: 86 linhas
2026-04-27 23:05:05,008 [INFO] pipeline.cvm:   DFP dfc_mi 2022: 96 linhas
2026-04-27 23:05:05,051 [WARNING] pipeline.cvm:   Empresa 906 não encontrada em dfc_md 2022
2026-04-27 23:05:05,052 [INFO] pipeline.cvm: 
==================================================
2026-04-27 23:05:05,052 [INFO] pipeline.cvm: Baixando DFP 2023...
2026-04-27 23:05:05,318 [INFO] pipeline.cvm:   DFP dre 2023: 82 linhas
2026-04-27 23:05:05,798 [INFO] pipeline.cvm:   DFP bpa 2023: 82 linhas
2026-04-27 23:05:06,718 [INFO] pipeline.cvm:   DFP bpp 2023: 86 linhas
2026-04-27 23:05:07,158 [INFO] pipeline.cvm:   DFP dfc_mi 2023: 96 linhas
2026-04-27 23:05:07,198 [WARNING] pipeline.cvm:   Empresa 906 não encontrada em dfc_md 2023
2026-04-27 23:05:07,199 [INFO] pipeline.cvm: 
==================================================
2026-04-27 23:05:07,199 [INFO] pipeline.cvm: Baixando DFP 2024...
2026-04-27 23:05:07,450 [INFO] pipeline.cvm:   DFP dre 2024: 82 linhas
2026-04-27 23:05:07,953 [INFO] pipeline.cvm:   DFP bpa 2024: 82 linhas
2026-04-27 23:05:08,813 [INFO] pipeline.cvm:   DFP bpp 2024: 86 linhas
2026-04-27 23:05:09,263 [INFO] pipeline.cvm:   DFP dfc_mi 2024: 96 linhas
2026-04-27 23:05:09,300 [WARNING] pipeline.cvm:   Empresa 906 não encontrada em dfc_md 2024
2026-04-27 23:05:09,301 [INFO] pipeline.cvm: 
==================================================
2026-04-27 23:05:09,301 [INFO] pipeline.cvm: Baixando DFP 2025...
2026-04-27 23:05:09,530 [INFO] pipeline.cvm:   DFP dre 2025: 82 linhas
2026-04-27 23:05:09,916 [INFO] pipeline.cvm:   DFP bpa 2025: 82 linhas
2026-04-27 23:05:10,691 [INFO] pipeline.cvm:   DFP bpp 2025: 86 linhas
2026-04-27 23:05:11,092 [INFO] pipeline.cvm:   DFP dfc_mi 2025: 96 linhas
2026-04-27 23:05:11,126 [WARNING] pipeline.cvm:   Empresa 906 não encontrada em dfc_md 2025
2026-04-27 23:05:11,127 [INFO] pipeline:   Anos ajustados → Histórico: 2019-2025 | Projeção: 2026-2035
2026-04-27 23:05:11,127 [INFO] pipeline: 
[4/6] Normalizando dados...
2026-04-27 23:05:12,857 [INFO] pipeline:   DFC normalizada: 11 linhas
2026-04-27 23:05:12,860 [INFO] pipeline:   DRE normalizada:
2026-04-27 23:05:12,860 [INFO] pipeline:     receita_liquida: 2019: 124,306 | 2020: 98,429 | 2021: 125,443 | 2022: 205,913 | 2023: 224,458 | 2024: 213,220 | 2025: 270,183
2026-04-27 23:05:12,860 [INFO] pipeline:     ebit: 2019: 13,381 | 2020: 4,075 | 2021: 32,852 | 2022: 24,210 | 2023: 10,208 | 2024: 16,901 | 2025: 21,025
2026-04-27 23:05:12,860 [INFO] pipeline:     lucro_liquido: 2019: 21,173 | 2020: 15,837 | 2021: 23,172 | 2022: 20,984 | 2023: 14,251 | 2024: 17,253 | 2025: 23,673
2026-04-27 23:05:12,860 [INFO] pipeline: 
[5/6] Calculando projeções...
2026-04-27 23:05:12,862 [INFO] pipeline.projecoes: 
=== Projeções (não-financeira / FCFF) ===
2026-04-27 23:05:12,864 [INFO] pipeline.projecoes:   Margem EBITDA: 52.1% → 18.0% (conv 6a)
2026-04-27 23:05:12,864 [INFO] pipeline.projecoes:   D&A/Receita: 20.0%
2026-04-27 23:05:12,865 [INFO] pipeline.projecoes:   CAPEX/Receita: 0.3% → 4.0%
2026-04-27 23:05:12,866 [INFO] pipeline.projecoes:   NCG/Receita: 0.0% → 10.0%
2026-04-27 23:05:12,867 [INFO] pipeline.projecoes:   Alíquota efetiva: 34.0%
2026-04-27 23:05:12,867 [INFO] pipeline.projecoes: Projeções concluídas (FCFF). Resumo:
2026-04-27 23:05:12,867 [INFO] pipeline.projecoes:    Ano      Receita     EBITDA    Mg%      NOPAT       FCFF
2026-04-27 23:05:12,867 [INFO] pipeline.projecoes:   2026      290,672    135,035  46.5%     50,755    100,081
2026-04-27 23:05:12,868 [INFO] pipeline.projecoes:   2027      311,503    126,984  40.8%     42,691     92,824
2026-04-27 23:05:12,868 [INFO] pipeline.projecoes:   2028      332,530    116,631  35.1%     33,082     83,733
2026-04-27 23:05:12,868 [INFO] pipeline.projecoes:   2029      353,590    103,894  29.4%     21,896     72,760
2026-04-27 23:05:12,868 [INFO] pipeline.projecoes:   2030      374,511     88,726  23.7%      9,124     59,882
2026-04-27 23:05:12,868 [INFO] pipeline.valuation:   Estrutura de capital: E=20% | D=80%
2026-04-27 23:05:12,868 [INFO] pipeline: 
[6/6] Calculando valuation (FCFF / WACC)...
2026-04-27 23:05:12,868 [WARNING] pipeline.valuation: TIR > 150% — valor intrínseco muito acima do preço de mercado
2026-04-27 23:05:12,869 [WARNING] pipeline.valuation: TIR > 150% — valor intrínseco muito acima do preço de mercado
2026-04-27 23:05:12,869 [INFO] pipeline.valuation: 
==================================================
2026-04-27 23:05:12,869 [INFO] pipeline.valuation: VALUATION FCFF/WACC — AZZA3
2026-04-27 23:05:12,869 [INFO] pipeline.valuation:   VP FCFF (10a):     R$      484,133 MM
2026-04-27 23:05:12,870 [INFO] pipeline.valuation:   Valor Perp. (VP):  R$      480,585 MM
2026-04-27 23:05:12,870 [INFO] pipeline.valuation:   ENTERPRISE VALUE:  R$      964,718 MM
2026-04-27 23:05:12,870 [INFO] pipeline.valuation:   (-) Dívida Líq.:   R$      534,446 MM
2026-04-27 23:05:12,870 [INFO] pipeline.valuation:   VALOR DO EQUITY:   R$      430,272 MM
2026-04-27 23:05:12,870 [INFO] pipeline.valuation:   Preço Justo ON:    R$  2130.18
2026-04-27 23:05:12,870 [INFO] pipeline.valuation:   Preço Justo PN:    R$  2130.18
2026-04-27 23:05:12,870 [INFO] pipeline.valuation:   Cotação ON:        R$    21.90
2026-04-27 23:05:12,870 [INFO] pipeline.valuation:   Upside ON:             9626.8%
2026-04-27 23:05:12,870 [INFO] pipeline.valuation:   TIR (ON):               150.0%
2026-04-27 23:05:12,870 [INFO] pipeline.valuation:   WACC último ano:         12.0%
2026-04-27 23:05:12,872 [INFO] pipeline:   Sem template VAROS para AZZA3 — Excel será criado do zero
2026-04-27 23:05:12,872 [INFO] pipeline.excel_geral: 
============================================================
2026-04-27 23:05:12,872 [INFO] pipeline.excel_geral: Criando Excel completo (12 abas) para: Azzas 2154 (AZZA3)
2026-04-27 23:05:12,873 [INFO] pipeline.excel_geral:   → 1/12  Dashboard
2026-04-27 23:05:12,886 [INFO] pipeline.excel_geral:   → 2/12  WACC
2026-04-27 23:05:12,927 [INFO] pipeline.excel_geral:   → 3/12  TIR ON
2026-04-27 23:05:12,937 [INFO] pipeline.excel_geral:   → 4/12  TIR PN
2026-04-27 23:05:12,949 [INFO] pipeline.excel_geral:   → 5/12  Valor do Equity
2026-04-27 23:05:12,957 [INFO] pipeline.excel_geral:   → 6/12  Preço Teto
2026-04-27 23:05:12,964 [INFO] pipeline.excel_geral:   → 7/12  DRE + DCF
2026-04-27 23:05:13,082 [INFO] pipeline.excel_geral:   → 8/12  DRE Contas Abertas
2026-04-27 23:05:13,145 [INFO] pipeline.excel_geral:   → 9/12  Balanço Patrimonial
2026-04-27 23:05:13,195 [INFO] pipeline.excel_geral:   → 10/12 Painel de Índices
2026-04-27 23:05:13,264 [INFO] pipeline.excel_geral:   → 11/12 Projeções Premissas
2026-04-27 23:05:13,288 [INFO] pipeline.excel_geral:   → 12/12 Projeções Capex e CG
2026-04-27 23:05:13,387 [INFO] pipeline.excel_geral: 
Arquivo salvo: C:\Users\55819\OneDrive - EPEJUD\DIEGO\OBSIDIAN\Analista de Investimentos\12_PYTHON\pipeline banco completo\outputs\Valuation_AZZA3_Azzas 2154_20260427.xlsx
2026-04-27 23:05:13,387 [INFO] pipeline: 
======================================================================
2026-04-27 23:05:13,387 [INFO] pipeline: RESUMO DO VALUATION (FCFF/WACC)
2026-04-27 23:05:13,388 [INFO] pipeline: ======================================================================
2026-04-27 23:05:13,388 [INFO] pipeline:   Empresa:           Azzas 2154 (AZZA3)
2026-04-27 23:05:13,388 [INFO] pipeline:   Enterprise Value:  R$      964,718 MM
2026-04-27 23:05:13,388 [INFO] pipeline:   Cotação ON:        R$ 21.90
2026-04-27 23:05:13,388 [INFO] pipeline:   Preço Justo ON:    R$ 2130.18
2026-04-27 23:05:13,388 [INFO] pipeline:   Upside ON:            9626.9%
2026-04-27 23:05:13,388 [INFO] pipeline:   TIR:                  150.0%
2026-04-27 23:05:13,388 [INFO] pipeline:   Preço Teto ON:     R$ 2130.18
2026-04-27 23:05:13,388 [INFO] pipeline: 
  Arquivo gerado:    C:\Users\55819\OneDrive - EPEJUD\DIEGO\OBSIDIAN\Analista de Investimentos\12_PYTHON\pipeline banco completo\outputs\Valuation_AZZA3_Azzas 2154_20260427.xlsx
2026-04-27 23:05:13,388 [INFO] pipeline: ======================================================================
2026-04-27 23:05:13,393 [INFO] pipeline: ✓ AZZA3: arquivo gerado → C:\Users\55819\OneDrive - EPEJUD\DIEGO\OBSIDIAN\Analista de Investimentos\12_PYTHON\pipeline banco completo\outputs\Valuation_AZZA3_Azzas 2154_20260427.xlsx
2026-04-27 23:05:13,393 [INFO] pipeline: 
──────────────────────────────────────────────────────────────────────
2026-04-27 23:05:13,393 [INFO] pipeline: Processando: AMAR3 (Marisa Lojas)
2026-04-27 23:05:13,393 [INFO] pipeline: ──────────────────────────────────────────────────────────────────────
2026-04-27 23:05:13,393 [INFO] pipeline: ======================================================================
2026-04-27 23:05:13,393 [INFO] pipeline: PIPELINE DE VALUATION [CONSUMO_VAREJO] — AMAR3 — Marisa Lojas
2026-04-27 23:05:13,393 [INFO] pipeline: Início: 2026-04-27 23:05:13
2026-04-27 23:05:13,393 [INFO] pipeline:   Setor: consumo_varejo | Motor: WACC
2026-04-27 23:05:13,394 [INFO] pipeline: ======================================================================
2026-04-27 23:05:13,394 [INFO] pipeline: 
[1/6] Coletando dados de mercado...
2026-04-27 23:05:13,394 [INFO] pipeline:   Buscando cotação via yfinance...
2026-04-27 23:05:13,394 [INFO] pipeline.mercado: Buscando cotação atual: AMAR3.SA
2026-04-27 23:05:14,705 [INFO] pipeline:   Cotação ON: R$ 0.87  |  Cotação PN: R$ 0.00
2026-04-27 23:05:14,979 [INFO] pipeline.mercado: Calculando beta: AMAR3 (252 dias úteis)
2026-04-27 23:05:14,979 [INFO] pipeline.mercado: Baixando preços: AMAR3.SA (2019-01-01 → 2026-04-27)
2026-04-27 23:05:15,638 [INFO] pipeline.mercado:   1819 dias de preços carregados
2026-04-27 23:05:15,645 [INFO] pipeline.mercado:   Beta estatístico: 0.1352 | R²: 0.003 | n=251
2026-04-27 23:05:15,648 [INFO] pipeline:   Beta estatístico: 0.135 | Beta utilizado: 0.850
2026-04-27 23:05:15,648 [INFO] pipeline: 
[2/6] Coletando dados macroeconômicos (BCB)...
2026-04-27 23:05:15,928 [WARNING] pipeline.macro: Não foi possível obter Focus Selic: 400 Client Error: Bad Request for url: https://olinda.bcb.gov.br/olinda/servico/Expectativas/versao/v1/odata/ExpectativasMercadoAnuais?%24filter=Indicador%20eq%20'Selic'&%24top=100&%24format=json&%24select=Indicador,Data,Ano,Mediana
2026-04-27 23:05:16,218 [WARNING] pipeline.macro: Não foi possível obter Focus IPCA: 400 Client Error: Bad Request for url: https://olinda.bcb.gov.br/olinda/servico/Expectativas/versao/v1/odata/ExpectativasMercadoAnuais?%24filter=Indicador%20eq%20'IPCA'&%24top=100&%24format=json&%24select=Indicador,Data,Ano,Mediana
2026-04-27 23:05:16,219 [INFO] pipeline.macro: 
=== Coletando dados macroeconômicos ===
2026-04-27 23:05:16,219 [INFO] pipeline.macro: Baixando série BCB 432...
2026-04-27 23:05:16,508 [ERROR] pipeline.macro: Erro ao baixar série BCB 432: 406 Client Error: Not Acceptable for url: https://api.bcb.gov.br/dados/serie/bcdata.sgs.432/dados?formato=json&dataInicial=01%2F01%2F2010&dataFinal=27%2F04%2F2026
2026-04-27 23:05:16,508 [WARNING] pipeline.macro: Série Selic meta sem DatetimeIndex — usando fallback histórico
2026-04-27 23:05:16,509 [INFO] pipeline.macro: Baixando série BCB 12...
2026-04-27 23:05:16,611 [ERROR] pipeline.macro: Erro ao baixar série BCB 12: 406 Client Error: Not Acceptable for url: https://api.bcb.gov.br/dados/serie/bcdata.sgs.12/dados?formato=json&dataInicial=01%2F01%2F2010&dataFinal=27%2F04%2F2026
2026-04-27 23:05:16,612 [WARNING] pipeline.macro: Série DI sem DatetimeIndex — usando fallback histórico
2026-04-27 23:05:16,615 [WARNING] pipeline.macro: IPCA calculado fora do intervalo plausível (55.3%) para 2019 — usando fallback
2026-04-27 23:05:16,616 [WARNING] pipeline.macro: IPCA calculado fora do intervalo plausível (46.1%) para 2020 — usando fallback
2026-04-27 23:05:16,616 [WARNING] pipeline.macro: IPCA calculado fora do intervalo plausível (159.3%) para 2021 — usando fallback
2026-04-27 23:05:16,617 [WARNING] pipeline.macro: IPCA calculado fora do intervalo plausível (191.2%) para 2022 — usando fallback
2026-04-27 23:05:16,617 [WARNING] pipeline.macro: IPCA calculado fora do intervalo plausível (71.5%) para 2023 — usando fallback
2026-04-27 23:05:16,617 [WARNING] pipeline.macro: IPCA calculado fora do intervalo plausível (67.0%) para 2024 — usando fallback
2026-04-27 23:05:16,618 [INFO] pipeline.macro: Baixando série BCB 258...
2026-04-27 23:05:16,727 [ERROR] pipeline.macro: Erro ao baixar série BCB 258: 406 Client Error: Not Acceptable for url: https://api.bcb.gov.br/dados/serie/bcdata.sgs.258/dados?formato=json&dataInicial=01%2F01%2F2010&dataFinal=27%2F04%2F2026
2026-04-27 23:05:16,727 [WARNING] pipeline.macro: Série TJLP sem DatetimeIndex — usando fallback histórico
2026-04-27 23:05:16,735 [WARNING] pipeline.macro: IPCA calculado fora do intervalo plausível (55.3%) para 2019 — usando fallback
2026-04-27 23:05:16,736 [WARNING] pipeline.macro: IPCA calculado fora do intervalo plausível (46.1%) para 2020 — usando fallback
2026-04-27 23:05:16,736 [WARNING] pipeline.macro: IPCA calculado fora do intervalo plausível (159.3%) para 2021 — usando fallback
2026-04-27 23:05:16,737 [WARNING] pipeline.macro: IPCA calculado fora do intervalo plausível (191.2%) para 2022 — usando fallback
2026-04-27 23:05:16,737 [WARNING] pipeline.macro: IPCA calculado fora do intervalo plausível (71.5%) para 2023 — usando fallback
2026-04-27 23:05:16,738 [WARNING] pipeline.macro: IPCA calculado fora do intervalo plausível (67.0%) para 2024 — usando fallback
2026-04-27 23:05:16,738 [INFO] pipeline.macro: 
RESUMO MACRO HISTÓRICO:
2026-04-27 23:05:16,738 [INFO] pipeline.macro:   selic_meta     : 2020: 2.00% | 2021: 9.25% | 2022: 13.75% | 2023: 11.75% | 2024: 11.75%
2026-04-27 23:05:16,738 [INFO] pipeline.macro:   selic_efet     : 2020: 2.28% | 2021: 4.48% | 2022: 12.33% | 2023: 13.15% | 2024: 10.73%
2026-04-27 23:05:16,739 [INFO] pipeline.macro:   ipca           : 2020: 4.52% | 2021: 10.06% | 2022: 5.62% | 2023: 4.62% | 2024: 4.83%
2026-04-27 23:05:16,739 [INFO] pipeline.macro:   tjlp           : 2020: 5.25% | 2021: 5.25% | 2022: 6.25% | 2023: 7.00% | 2024: 7.00%
2026-04-27 23:05:16,739 [INFO] pipeline.macro:   cds            : 2020: 0.44% | 2021: 0.73% | 2022: 1.26% | 2023: 0.84% | 2024: 0.81%
2026-04-27 23:05:16,739 [INFO] pipeline.macro:   inflacao_impl  : 2020: 4.52% | 2021: 10.06% | 2022: 5.62% | 2023: 4.62% | 2024: 4.83%
2026-04-27 23:05:16,739 [INFO] pipeline: 
[3/6] Baixando demonstrações financeiras (CVM)...
2026-04-27 23:05:16,739 [INFO] pipeline.cvm: 
==================================================
2026-04-27 23:05:16,739 [INFO] pipeline.cvm: Baixando DFP 2019...
2026-04-27 23:05:16,944 [INFO] pipeline.cvm:   DFP dre 2019: 88 linhas
2026-04-27 23:05:17,291 [INFO] pipeline.cvm:   DFP bpa 2019: 68 linhas
2026-04-27 23:05:18,003 [INFO] pipeline.cvm:   DFP bpp 2019: 100 linhas
2026-04-27 23:05:18,365 [INFO] pipeline.cvm:   DFP dfc_mi 2019: 146 linhas
2026-04-27 23:05:18,399 [WARNING] pipeline.cvm:   Empresa 906 não encontrada em dfc_md 2019
2026-04-27 23:05:18,400 [INFO] pipeline.cvm: 
==================================================
2026-04-27 23:05:18,400 [INFO] pipeline.cvm: Baixando DFP 2020...
2026-04-27 23:05:18,669 [INFO] pipeline.cvm:   DFP dre 2020: 82 linhas
2026-04-27 23:05:19,108 [INFO] pipeline.cvm:   DFP bpa 2020: 82 linhas
2026-04-27 23:05:19,843 [INFO] pipeline.cvm:   DFP bpp 2020: 96 linhas
2026-04-27 23:05:20,224 [INFO] pipeline.cvm:   DFP dfc_mi 2020: 94 linhas
2026-04-27 23:05:20,251 [WARNING] pipeline.cvm:   Empresa 906 não encontrada em dfc_md 2020
2026-04-27 23:05:20,251 [INFO] pipeline.cvm: 
==================================================
2026-04-27 23:05:20,252 [INFO] pipeline.cvm: Baixando DFP 2021...
2026-04-27 23:05:20,503 [INFO] pipeline.cvm:   DFP dre 2021: 82 linhas
2026-04-27 23:05:20,941 [INFO] pipeline.cvm:   DFP bpa 2021: 82 linhas
2026-04-27 23:05:21,724 [INFO] pipeline.cvm:   DFP bpp 2021: 86 linhas
2026-04-27 23:05:22,136 [WARNING] pipeline.cvm:   Empresa 906 não encontrada em dfc_mi 2021
2026-04-27 23:05:22,176 [INFO] pipeline.cvm:   DFP dfc_md 2021: 64 linhas
2026-04-27 23:05:22,176 [INFO] pipeline.cvm: 
==================================================
2026-04-27 23:05:22,176 [INFO] pipeline.cvm: Baixando DFP 2022...
2026-04-27 23:05:22,436 [INFO] pipeline.cvm:   DFP dre 2022: 82 linhas
2026-04-27 23:05:22,903 [INFO] pipeline.cvm:   DFP bpa 2022: 82 linhas
2026-04-27 23:05:23,830 [INFO] pipeline.cvm:   DFP bpp 2022: 86 linhas
2026-04-27 23:05:24,281 [INFO] pipeline.cvm:   DFP dfc_mi 2022: 96 linhas
2026-04-27 23:05:24,318 [WARNING] pipeline.cvm:   Empresa 906 não encontrada em dfc_md 2022
2026-04-27 23:05:24,318 [INFO] pipeline.cvm: 
==================================================
2026-04-27 23:05:24,318 [INFO] pipeline.cvm: Baixando DFP 2023...
2026-04-27 23:05:24,579 [INFO] pipeline.cvm:   DFP dre 2023: 82 linhas
2026-04-27 23:05:25,039 [INFO] pipeline.cvm:   DFP bpa 2023: 82 linhas
2026-04-27 23:05:25,867 [INFO] pipeline.cvm:   DFP bpp 2023: 86 linhas
2026-04-27 23:05:26,309 [INFO] pipeline.cvm:   DFP dfc_mi 2023: 96 linhas
2026-04-27 23:05:26,342 [WARNING] pipeline.cvm:   Empresa 906 não encontrada em dfc_md 2023
2026-04-27 23:05:26,343 [INFO] pipeline.cvm: 
==================================================
2026-04-27 23:05:26,343 [INFO] pipeline.cvm: Baixando DFP 2024...
2026-04-27 23:05:26,603 [INFO] pipeline.cvm:   DFP dre 2024: 82 linhas
2026-04-27 23:05:27,117 [INFO] pipeline.cvm:   DFP bpa 2024: 82 linhas
2026-04-27 23:05:27,934 [INFO] pipeline.cvm:   DFP bpp 2024: 86 linhas
2026-04-27 23:05:28,369 [INFO] pipeline.cvm:   DFP dfc_mi 2024: 96 linhas
2026-04-27 23:05:28,402 [WARNING] pipeline.cvm:   Empresa 906 não encontrada em dfc_md 2024
2026-04-27 23:05:28,402 [INFO] pipeline.cvm: 
==================================================
2026-04-27 23:05:28,402 [INFO] pipeline.cvm: Baixando DFP 2025...
2026-04-27 23:05:28,656 [INFO] pipeline.cvm:   DFP dre 2025: 82 linhas
2026-04-27 23:05:29,218 [INFO] pipeline.cvm:   DFP bpa 2025: 82 linhas
2026-04-27 23:05:30,207 [INFO] pipeline.cvm:   DFP bpp 2025: 86 linhas
2026-04-27 23:05:30,675 [INFO] pipeline.cvm:   DFP dfc_mi 2025: 96 linhas
2026-04-27 23:05:30,707 [WARNING] pipeline.cvm:   Empresa 906 não encontrada em dfc_md 2025
2026-04-27 23:05:30,707 [INFO] pipeline:   Anos ajustados → Histórico: 2019-2025 | Projeção: 2026-2035
2026-04-27 23:05:30,707 [INFO] pipeline: 
[4/6] Normalizando dados...
2026-04-27 23:05:32,977 [INFO] pipeline:   DFC normalizada: 11 linhas
2026-04-27 23:05:32,981 [INFO] pipeline:   DRE normalizada:
2026-04-27 23:05:32,981 [INFO] pipeline:     receita_liquida: 2019: 124,306 | 2020: 98,429 | 2021: 125,443 | 2022: 205,913 | 2023: 224,458 | 2024: 213,220 | 2025: 270,183
2026-04-27 23:05:32,982 [INFO] pipeline:     ebit: 2019: 13,381 | 2020: 4,075 | 2021: 32,852 | 2022: 24,210 | 2023: 10,208 | 2024: 16,901 | 2025: 21,025
2026-04-27 23:05:32,982 [INFO] pipeline:     lucro_liquido: 2019: 21,173 | 2020: 15,837 | 2021: 23,172 | 2022: 20,984 | 2023: 14,251 | 2024: 17,253 | 2025: 23,673
2026-04-27 23:05:32,982 [INFO] pipeline: 
[5/6] Calculando projeções...
2026-04-27 23:05:32,983 [INFO] pipeline.projecoes: 
=== Projeções (não-financeira / FCFF) ===
2026-04-27 23:05:32,984 [INFO] pipeline.projecoes:   Margem EBITDA: 52.1% → 5.0% (conv 6a)
2026-04-27 23:05:32,984 [INFO] pipeline.projecoes:   D&A/Receita: 20.0%
2026-04-27 23:05:32,985 [INFO] pipeline.projecoes:   CAPEX/Receita: 0.3% → 4.0%
2026-04-27 23:05:32,986 [INFO] pipeline.projecoes:   NCG/Receita: 0.0% → 10.0%
2026-04-27 23:05:32,989 [INFO] pipeline.projecoes:   Alíquota efetiva: 34.0%
2026-04-27 23:05:32,989 [INFO] pipeline.projecoes: Projeções concluídas (FCFF). Resumo:
2026-04-27 23:05:32,989 [INFO] pipeline.projecoes:    Ano      Receita     EBITDA    Mg%      NOPAT       FCFF
2026-04-27 23:05:32,989 [INFO] pipeline.projecoes:   2026      290,222    128,538  44.3%     46,526     95,776
2026-04-27 23:05:32,989 [INFO] pipeline.projecoes:   2027      310,054    112,958  36.4%     33,625     83,542
2026-04-27 23:05:32,990 [INFO] pipeline.projecoes:   2028      329,432     94,131  28.6%     18,641     68,879
2026-04-27 23:05:32,990 [INFO] pipeline.projecoes:   2029      348,100     72,112  20.7%      1,645     51,843
2026-04-27 23:05:32,990 [INFO] pipeline.projecoes:   2030      365,795     47,034  12.9%    -17,243     32,553
2026-04-27 23:05:32,990 [INFO] pipeline.valuation:   Estrutura de capital: E=20% | D=80%
2026-04-27 23:05:32,990 [INFO] pipeline: 
[6/6] Calculando valuation (FCFF / WACC)...
2026-04-27 23:05:32,990 [WARNING] pipeline.valuation: TIR > 150% — valor intrínseco muito acima do preço de mercado
2026-04-27 23:05:32,990 [WARNING] pipeline.valuation: TIR > 150% — valor intrínseco muito acima do preço de mercado
2026-04-27 23:05:32,990 [INFO] pipeline.valuation: 
==================================================
2026-04-27 23:05:32,990 [INFO] pipeline.valuation: VALUATION FCFF/WACC — AMAR3
2026-04-27 23:05:32,990 [INFO] pipeline.valuation:   VP FCFF (10a):     R$      325,245 MM
2026-04-27 23:05:32,990 [INFO] pipeline.valuation:   Valor Perp. (VP):  R$      148,960 MM
2026-04-27 23:05:32,991 [INFO] pipeline.valuation:   ENTERPRISE VALUE:  R$      474,205 MM
2026-04-27 23:05:32,991 [INFO] pipeline.valuation:   (-) Dívida Líq.:   R$      534,446 MM
2026-04-27 23:05:32,991 [INFO] pipeline.valuation:   VALOR DO EQUITY:   R$      -60,241 MM
2026-04-27 23:05:32,991 [INFO] pipeline.valuation:   Preço Justo ON:    R$  -117.32
2026-04-27 23:05:32,991 [INFO] pipeline.valuation:   Preço Justo PN:    R$  -117.32
2026-04-27 23:05:32,991 [INFO] pipeline.valuation:   Cotação ON:        R$     0.87
2026-04-27 23:05:32,991 [INFO] pipeline.valuation:   Upside ON:            -13585.1%
2026-04-27 23:05:32,991 [INFO] pipeline.valuation:   TIR (ON):               150.0%
2026-04-27 23:05:32,991 [INFO] pipeline.valuation:   WACC último ano:         12.0%
2026-04-27 23:05:32,991 [WARNING] pipeline: 
[!] AVISOS DE VALIDACAO:
2026-04-27 23:05:32,991 [WARNING] pipeline:   - Valor do Equity negativo ou zero: R$ -60,241 MM
2026-04-27 23:05:32,991 [WARNING] pipeline:   - Preço Justo ON inválido (≤ 0)
2026-04-27 23:05:32,992 [INFO] pipeline:   Sem template VAROS para AMAR3 — Excel será criado do zero
2026-04-27 23:05:32,993 [INFO] pipeline.excel_geral: 
============================================================
2026-04-27 23:05:32,993 [INFO] pipeline.excel_geral: Criando Excel completo (12 abas) para: Marisa Lojas (AMAR3)
2026-04-27 23:05:32,996 [INFO] pipeline.excel_geral:   → 1/12  Dashboard
2026-04-27 23:05:33,007 [INFO] pipeline.excel_geral:   → 2/12  WACC
2026-04-27 23:05:33,050 [INFO] pipeline.excel_geral:   → 3/12  TIR ON
2026-04-27 23:05:33,063 [INFO] pipeline.excel_geral:   → 4/12  TIR PN
2026-04-27 23:05:33,073 [INFO] pipeline.excel_geral:   → 5/12  Valor do Equity
2026-04-27 23:05:33,080 [INFO] pipeline.excel_geral:   → 6/12  Preço Teto
2026-04-27 23:05:33,087 [INFO] pipeline.excel_geral:   → 7/12  DRE + DCF
2026-04-27 23:05:33,225 [INFO] pipeline.excel_geral:   → 8/12  DRE Contas Abertas
2026-04-27 23:05:33,298 [INFO] pipeline.excel_geral:   → 9/12  Balanço Patrimonial
2026-04-27 23:05:33,354 [INFO] pipeline.excel_geral:   → 10/12 Painel de Índices
2026-04-27 23:05:33,433 [INFO] pipeline.excel_geral:   → 11/12 Projeções Premissas
2026-04-27 23:05:33,458 [INFO] pipeline.excel_geral:   → 12/12 Projeções Capex e CG
2026-04-27 23:05:33,568 [INFO] pipeline.excel_geral: 
Arquivo salvo: C:\Users\55819\OneDrive - EPEJUD\DIEGO\OBSIDIAN\Analista de Investimentos\12_PYTHON\pipeline banco completo\outputs\Valuation_AMAR3_Marisa Lojas_20260427.xlsx
2026-04-27 23:05:33,568 [INFO] pipeline: 
======================================================================
2026-04-27 23:05:33,568 [INFO] pipeline: RESUMO DO VALUATION (FCFF/WACC)
2026-04-27 23:05:33,568 [INFO] pipeline: ======================================================================
2026-04-27 23:05:33,568 [INFO] pipeline:   Empresa:           Marisa Lojas (AMAR3)
2026-04-27 23:05:33,568 [INFO] pipeline:   Enterprise Value:  R$      474,205 MM
2026-04-27 23:05:33,568 [INFO] pipeline:   Cotação ON:        R$ 0.87
2026-04-27 23:05:33,568 [INFO] pipeline:   Preço Justo ON:    R$ -117.32
2026-04-27 23:05:33,568 [INFO] pipeline:   Upside ON:            -13585.1%
2026-04-27 23:05:33,568 [INFO] pipeline:   TIR:                  150.0%
2026-04-27 23:05:33,568 [INFO] pipeline:   Preço Teto ON:     R$ -117.32
2026-04-27 23:05:33,568 [INFO] pipeline: 
  [!] 2 aviso(s) de validacao — verifique os logs
2026-04-27 23:05:33,568 [INFO] pipeline: 
  Arquivo gerado:    C:\Users\55819\OneDrive - EPEJUD\DIEGO\OBSIDIAN\Analista de Investimentos\12_PYTHON\pipeline banco completo\outputs\Valuation_AMAR3_Marisa Lojas_20260427.xlsx
2026-04-27 23:05:33,568 [INFO] pipeline: ======================================================================
2026-04-27 23:05:33,573 [INFO] pipeline: ✓ AMAR3: arquivo gerado → C:\Users\55819\OneDrive - EPEJUD\DIEGO\OBSIDIAN\Analista de Investimentos\12_PYTHON\pipeline banco completo\outputs\Valuation_AMAR3_Marisa Lojas_20260427.xlsx
2026-04-27 23:05:33,573 [INFO] pipeline: 
======================================================================
2026-04-27 23:05:33,573 [INFO] pipeline: RESUMO DO BATCH
2026-04-27 23:05:33,573 [INFO] pipeline: ======================================================================
2026-04-27 23:05:33,573 [INFO] pipeline:   Total:     12
2026-04-27 23:05:33,573 [INFO] pipeline:   Sucesso:   12
2026-04-27 23:05:33,573 [INFO] pipeline:   Erros:     0
2026-04-27 23:05:33,573 [INFO] pipeline: 
2026-04-27 23:05:33,575 [INFO] pipeline:   Ticker       Cotação ON  Preço Justo ON   Upside      TIR
2026-04-27 23:05:33,575 [INFO] pipeline:   ────────── ──────────── ─────────────── ──────── ────────
2026-04-27 23:05:33,575 [INFO] pipeline:   LREN3        R$   13.97     R$    0.00     -100.0%       6.0%
2026-04-27 23:05:33,575 [INFO] pipeline:   MGLU3        R$    8.53     R$    0.00     -100.0%       6.0%
2026-04-27 23:05:33,575 [INFO] pipeline:   BHIA3        R$    2.70     R$   32.48     1103.0%     150.0%
2026-04-27 23:05:33,575 [INFO] pipeline:   ASAI3        R$    9.58     R$    0.00     -100.0%       6.0%
2026-04-27 23:05:33,575 [INFO] pipeline:   PCAR3        R$    2.34     R$    0.00     -100.0%       6.0%
2026-04-27 23:05:33,575 [INFO] pipeline:   VIVA3        R$   25.46     R$ 2919.97     11368.9%     150.0%
2026-04-27 23:05:33,575 [INFO] pipeline:   SBFG3        R$   11.55     R$ 1277.64     10961.8%     150.0%
2026-04-27 23:05:33,575 [INFO] pipeline:   NTCO3        R$    0.00     R$    0.00        0.0%       0.0%
2026-04-27 23:05:33,575 [INFO] pipeline:   CEAB3        R$   11.20     R$  617.80     5416.1%     150.0%
2026-04-27 23:05:33,576 [INFO] pipeline:   PETZ3        R$    0.00     R$    0.00        0.0%       0.0%
2026-04-27 23:05:33,576 [INFO] pipeline:   AZZA3        R$   21.90     R$ 2130.18     9626.9%     150.0%
2026-04-27 23:05:33,576 [INFO] pipeline:   AMAR3        R$    0.87     R$ -117.32     -13585.1%     150.0%
2026-04-27 23:05:33,576 [INFO] pipeline: ======================================================================
