2026-04-28 00:11:46,507 [INFO] pipeline:   Setor 'consumo_varejo': 12 tickers
2026-04-28 00:11:46,508 [INFO] pipeline: ======================================================================
2026-04-28 00:11:46,508 [INFO] pipeline: MODO BATCH — 12 empresa(s): LREN3, MGLU3, BHIA3, ASAI3, PCAR3, VIVA3, SBFG3, NTCO3, CEAB3, PETZ3, AZZA3, AMAR3
2026-04-28 00:11:46,508 [INFO] pipeline: ======================================================================
2026-04-28 00:11:46,508 [INFO] pipeline: 
──────────────────────────────────────────────────────────────────────
2026-04-28 00:11:46,508 [INFO] pipeline: Processando: LREN3 (Lojas Renner)
2026-04-28 00:11:46,508 [INFO] pipeline: ──────────────────────────────────────────────────────────────────────
2026-04-28 00:11:46,508 [INFO] pipeline: ======================================================================
2026-04-28 00:11:46,508 [INFO] pipeline: PIPELINE DE VALUATION [CONSUMO_VAREJO] — LREN3 — Lojas Renner
2026-04-28 00:11:46,508 [INFO] pipeline: Início: 2026-04-28 00:11:46
2026-04-28 00:11:46,508 [INFO] pipeline:   Setor: consumo_varejo | Motor: WACC
2026-04-28 00:11:46,508 [INFO] pipeline: ======================================================================
2026-04-28 00:11:46,509 [INFO] pipeline: 
[1/6] Coletando dados de mercado...
2026-04-28 00:11:47,377 [INFO] pipeline:   Buscando cotação via yfinance...
2026-04-28 00:11:47,377 [INFO] pipeline.mercado: Buscando cotação atual: LREN3.SA
2026-04-28 00:11:48,560 [INFO] pipeline:   Cotação ON: R$ 13.97  |  Cotação PN: R$ 0.00
2026-04-28 00:11:48,834 [INFO] pipeline.mercado: Calculando beta: LREN3 (252 dias úteis)
2026-04-28 00:11:48,834 [INFO] pipeline.mercado: Baixando preços: LREN3.SA (2019-01-01 → 2026-04-28)
2026-04-28 00:11:49,804 [INFO] pipeline.mercado:   1820 dias de preços carregados
2026-04-28 00:11:49,804 [INFO] pipeline.mercado: Baixando preços: ^BVSP (2019-01-01 → 2026-04-28)
2026-04-28 00:11:50,240 [INFO] pipeline.mercado:   1820 dias de preços carregados
2026-04-28 00:11:50,265 [INFO] pipeline.mercado:   Beta estatístico: 1.4638 | R²: 0.419 | n=251
2026-04-28 00:11:50,267 [INFO] pipeline:   Beta estatístico: 1.464 | Beta utilizado: 0.850
2026-04-28 00:11:50,267 [INFO] pipeline: 
[2/6] Coletando dados macroeconômicos (BCB)...
2026-04-28 00:11:50,912 [WARNING] pipeline.macro: Não foi possível obter Focus Selic: 400 Client Error: Bad Request for url: https://olinda.bcb.gov.br/olinda/servico/Expectativas/versao/v1/odata/ExpectativasMercadoAnuais?%24filter=Indicador%20eq%20'Selic'&%24top=100&%24format=json&%24select=Indicador,Data,Ano,Mediana
2026-04-28 00:11:51,201 [WARNING] pipeline.macro: Não foi possível obter Focus IPCA: 400 Client Error: Bad Request for url: https://olinda.bcb.gov.br/olinda/servico/Expectativas/versao/v1/odata/ExpectativasMercadoAnuais?%24filter=Indicador%20eq%20'IPCA'&%24top=100&%24format=json&%24select=Indicador,Data,Ano,Mediana
2026-04-28 00:11:51,202 [INFO] pipeline.macro: 
=== Coletando dados macroeconômicos ===
2026-04-28 00:11:51,202 [INFO] pipeline.macro: Baixando série BCB 432...
2026-04-28 00:11:54,955 [ERROR] pipeline.macro: Erro ao baixar série BCB 432: 502 Server Error: Bad Gateway for url: https://api.bcb.gov.br/dados/serie/bcdata.sgs.432/dados?formato=json&dataInicial=01%2F01%2F2010&dataFinal=28%2F04%2F2026
2026-04-28 00:11:54,956 [WARNING] pipeline.macro: Série Selic meta sem DatetimeIndex — usando fallback histórico
2026-04-28 00:11:54,956 [INFO] pipeline.macro: Baixando série BCB 12...
2026-04-28 00:11:55,065 [ERROR] pipeline.macro: Erro ao baixar série BCB 12: 406 Client Error: Not Acceptable for url: https://api.bcb.gov.br/dados/serie/bcdata.sgs.12/dados?formato=json&dataInicial=01%2F01%2F2010&dataFinal=28%2F04%2F2026
2026-04-28 00:11:55,065 [WARNING] pipeline.macro: Série DI sem DatetimeIndex — usando fallback histórico
2026-04-28 00:11:55,065 [INFO] pipeline.macro: Baixando série BCB 13522...
2026-04-28 00:11:56,139 [INFO] pipeline.macro:   Série 13522: 195 observações (2010-01-01 → 2026-03-01)
2026-04-28 00:11:56,140 [WARNING] pipeline.macro: IPCA calculado fora do intervalo plausível (55.3%) para 2019 — usando fallback
2026-04-28 00:11:56,141 [WARNING] pipeline.macro: IPCA calculado fora do intervalo plausível (46.1%) para 2020 — usando fallback
2026-04-28 00:11:56,141 [WARNING] pipeline.macro: IPCA calculado fora do intervalo plausível (159.3%) para 2021 — usando fallback
2026-04-28 00:11:56,141 [WARNING] pipeline.macro: IPCA calculado fora do intervalo plausível (191.2%) para 2022 — usando fallback
2026-04-28 00:11:56,141 [WARNING] pipeline.macro: IPCA calculado fora do intervalo plausível (71.5%) para 2023 — usando fallback
2026-04-28 00:11:56,142 [WARNING] pipeline.macro: IPCA calculado fora do intervalo plausível (67.0%) para 2024 — usando fallback
2026-04-28 00:11:56,142 [INFO] pipeline.macro: Baixando série BCB 258...
2026-04-28 00:11:56,245 [ERROR] pipeline.macro: Erro ao baixar série BCB 258: 406 Client Error: Not Acceptable for url: https://api.bcb.gov.br/dados/serie/bcdata.sgs.258/dados?formato=json&dataInicial=01%2F01%2F2010&dataFinal=28%2F04%2F2026
2026-04-28 00:11:56,245 [WARNING] pipeline.macro: Série TJLP sem DatetimeIndex — usando fallback histórico
2026-04-28 00:11:56,245 [INFO] pipeline.macro: Baixando série BCB 29039...
2026-04-28 00:11:57,454 [INFO] pipeline.macro:   Série 29039: 195 observações (2010-01-01 → 2026-03-01)
2026-04-28 00:11:57,457 [INFO] pipeline.macro: Baixando série BCB 13522...
2026-04-28 00:11:57,613 [INFO] pipeline.macro:   Série 13522: 195 observações (2010-01-01 → 2026-03-01)
2026-04-28 00:11:57,614 [WARNING] pipeline.macro: IPCA calculado fora do intervalo plausível (55.3%) para 2019 — usando fallback
2026-04-28 00:11:57,614 [WARNING] pipeline.macro: IPCA calculado fora do intervalo plausível (46.1%) para 2020 — usando fallback
2026-04-28 00:11:57,614 [WARNING] pipeline.macro: IPCA calculado fora do intervalo plausível (159.3%) para 2021 — usando fallback
2026-04-28 00:11:57,615 [WARNING] pipeline.macro: IPCA calculado fora do intervalo plausível (191.2%) para 2022 — usando fallback
2026-04-28 00:11:57,616 [WARNING] pipeline.macro: IPCA calculado fora do intervalo plausível (71.5%) para 2023 — usando fallback
2026-04-28 00:11:57,617 [WARNING] pipeline.macro: IPCA calculado fora do intervalo plausível (67.0%) para 2024 — usando fallback
2026-04-28 00:11:57,617 [INFO] pipeline.macro: 
RESUMO MACRO HISTÓRICO:
2026-04-28 00:11:57,617 [INFO] pipeline.macro:   selic_meta     : 2020: 2.00% | 2021: 9.25% | 2022: 13.75% | 2023: 11.75% | 2024: 11.75%
2026-04-28 00:11:57,617 [INFO] pipeline.macro:   selic_efet     : 2020: 2.28% | 2021: 4.48% | 2022: 12.33% | 2023: 13.15% | 2024: 10.73%
2026-04-28 00:11:57,617 [INFO] pipeline.macro:   ipca           : 2020: 4.52% | 2021: 10.06% | 2022: 5.62% | 2023: 4.62% | 2024: 4.83%
2026-04-28 00:11:57,617 [INFO] pipeline.macro:   tjlp           : 2020: 5.25% | 2021: 5.25% | 2022: 6.25% | 2023: 7.00% | 2024: 7.00%
2026-04-28 00:11:57,617 [INFO] pipeline.macro:   cds            : 2020: 0.44% | 2021: 0.73% | 2022: 1.26% | 2023: 0.84% | 2024: 0.81%
2026-04-28 00:11:57,617 [INFO] pipeline.macro:   inflacao_impl  : 2020: 4.52% | 2021: 10.06% | 2022: 5.62% | 2023: 4.62% | 2024: 4.83%
2026-04-28 00:11:57,618 [INFO] pipeline: 
[3/6] Baixando demonstrações financeiras (CVM)...
2026-04-28 00:11:57,620 [INFO] pipeline.cvm: 
==================================================
2026-04-28 00:11:57,620 [INFO] pipeline.cvm: Baixando DFP 2019...
2026-04-28 00:11:57,620 [INFO] pipeline.cvm: Baixando: https://dados.cvm.gov.br/dados/CIA_ABERTA/DOC/DFP/DADOS/dfp_cia_aberta_2019.zip
2026-04-28 00:12:01,309 [INFO] pipeline.cvm:   DFP dre 2019: 68 linhas
2026-04-28 00:12:01,309 [INFO] pipeline.cvm: Baixando: https://dados.cvm.gov.br/dados/CIA_ABERTA/DOC/DFP/DADOS/dfp_cia_aberta_2019.zip
2026-04-28 00:12:06,207 [INFO] pipeline.cvm:   DFP bpa 2019: 132 linhas
2026-04-28 00:12:06,207 [INFO] pipeline.cvm: Baixando: https://dados.cvm.gov.br/dados/CIA_ABERTA/DOC/DFP/DADOS/dfp_cia_aberta_2019.zip
2026-04-28 00:12:11,945 [INFO] pipeline.cvm:   DFP bpp 2019: 228 linhas
2026-04-28 00:12:11,946 [INFO] pipeline.cvm: Baixando: https://dados.cvm.gov.br/dados/CIA_ABERTA/DOC/DFP/DADOS/dfp_cia_aberta_2019.zip
2026-04-28 00:12:17,236 [INFO] pipeline.cvm:   DFP dfc_mi 2019: 102 linhas
2026-04-28 00:12:17,236 [INFO] pipeline.cvm: Baixando: https://dados.cvm.gov.br/dados/CIA_ABERTA/DOC/DFP/DADOS/dfp_cia_aberta_2019.zip
2026-04-28 00:12:22,027 [WARNING] pipeline.cvm:   Empresa 8133 não encontrada em dfc_md 2019
2026-04-28 00:12:22,027 [INFO] pipeline.cvm: 
==================================================
2026-04-28 00:12:22,028 [INFO] pipeline.cvm: Baixando DFP 2020...
2026-04-28 00:12:22,028 [INFO] pipeline.cvm: Baixando: https://dados.cvm.gov.br/dados/CIA_ABERTA/DOC/DFP/DADOS/dfp_cia_aberta_2020.zip
2026-04-28 00:12:31,395 [INFO] pipeline.cvm:   DFP dre 2020: 68 linhas
2026-04-28 00:12:31,395 [INFO] pipeline.cvm: Baixando: https://dados.cvm.gov.br/dados/CIA_ABERTA/DOC/DFP/DADOS/dfp_cia_aberta_2020.zip
2026-04-28 00:12:43,835 [INFO] pipeline.cvm:   DFP bpa 2020: 132 linhas
2026-04-28 00:12:43,836 [INFO] pipeline.cvm: Baixando: https://dados.cvm.gov.br/dados/CIA_ABERTA/DOC/DFP/DADOS/dfp_cia_aberta_2020.zip
2026-04-28 00:12:58,155 [INFO] pipeline.cvm:   DFP bpp 2020: 232 linhas
2026-04-28 00:12:58,155 [INFO] pipeline.cvm: Baixando: https://dados.cvm.gov.br/dados/CIA_ABERTA/DOC/DFP/DADOS/dfp_cia_aberta_2020.zip
2026-04-28 00:13:08,494 [INFO] pipeline.cvm:   DFP dfc_mi 2020: 108 linhas
2026-04-28 00:13:08,494 [INFO] pipeline.cvm: Baixando: https://dados.cvm.gov.br/dados/CIA_ABERTA/DOC/DFP/DADOS/dfp_cia_aberta_2020.zip
2026-04-28 00:13:14,712 [WARNING] pipeline.cvm:   Empresa 8133 não encontrada em dfc_md 2020
2026-04-28 00:13:14,712 [INFO] pipeline.cvm: 
==================================================
2026-04-28 00:13:14,713 [INFO] pipeline.cvm: Baixando DFP 2021...
2026-04-28 00:13:14,713 [INFO] pipeline.cvm: Baixando: https://dados.cvm.gov.br/dados/CIA_ABERTA/DOC/DFP/DADOS/dfp_cia_aberta_2021.zip
2026-04-28 00:13:20,222 [INFO] pipeline.cvm:   DFP dre 2021: 68 linhas
2026-04-28 00:13:20,222 [INFO] pipeline.cvm: Baixando: https://dados.cvm.gov.br/dados/CIA_ABERTA/DOC/DFP/DADOS/dfp_cia_aberta_2021.zip
2026-04-28 00:13:24,969 [INFO] pipeline.cvm:   DFP bpa 2021: 132 linhas
2026-04-28 00:13:24,969 [INFO] pipeline.cvm: Baixando: https://dados.cvm.gov.br/dados/CIA_ABERTA/DOC/DFP/DADOS/dfp_cia_aberta_2021.zip
2026-04-28 00:13:31,097 [INFO] pipeline.cvm:   DFP bpp 2021: 232 linhas
2026-04-28 00:13:31,097 [INFO] pipeline.cvm: Baixando: https://dados.cvm.gov.br/dados/CIA_ABERTA/DOC/DFP/DADOS/dfp_cia_aberta_2021.zip
2026-04-28 00:13:34,505 [INFO] pipeline.cvm:   DFP dfc_mi 2021: 108 linhas
2026-04-28 00:13:34,505 [INFO] pipeline.cvm: Baixando: https://dados.cvm.gov.br/dados/CIA_ABERTA/DOC/DFP/DADOS/dfp_cia_aberta_2021.zip
2026-04-28 00:13:36,580 [WARNING] pipeline.cvm:   Empresa 8133 não encontrada em dfc_md 2021
2026-04-28 00:13:36,580 [INFO] pipeline.cvm: 
==================================================
2026-04-28 00:13:36,580 [INFO] pipeline.cvm: Baixando DFP 2022...
2026-04-28 00:13:36,581 [INFO] pipeline.cvm: Baixando: https://dados.cvm.gov.br/dados/CIA_ABERTA/DOC/DFP/DADOS/dfp_cia_aberta_2022.zip
2026-04-28 00:13:40,350 [INFO] pipeline.cvm:   DFP dre 2022: 68 linhas
2026-04-28 00:13:40,351 [INFO] pipeline.cvm: Baixando: https://dados.cvm.gov.br/dados/CIA_ABERTA/DOC/DFP/DADOS/dfp_cia_aberta_2022.zip
2026-04-28 00:13:44,496 [INFO] pipeline.cvm:   DFP bpa 2022: 132 linhas
2026-04-28 00:13:44,497 [INFO] pipeline.cvm: Baixando: https://dados.cvm.gov.br/dados/CIA_ABERTA/DOC/DFP/DADOS/dfp_cia_aberta_2022.zip
2026-04-28 00:13:51,422 [INFO] pipeline.cvm:   DFP bpp 2022: 236 linhas
2026-04-28 00:13:51,422 [INFO] pipeline.cvm: Baixando: https://dados.cvm.gov.br/dados/CIA_ABERTA/DOC/DFP/DADOS/dfp_cia_aberta_2022.zip
2026-04-28 00:13:56,547 [INFO] pipeline.cvm:   DFP dfc_mi 2022: 82 linhas
2026-04-28 00:13:56,547 [INFO] pipeline.cvm: Baixando: https://dados.cvm.gov.br/dados/CIA_ABERTA/DOC/DFP/DADOS/dfp_cia_aberta_2022.zip
2026-04-28 00:13:59,965 [WARNING] pipeline.cvm:   Empresa 8133 não encontrada em dfc_md 2022
2026-04-28 00:13:59,965 [INFO] pipeline.cvm: 
==================================================
2026-04-28 00:13:59,965 [INFO] pipeline.cvm: Baixando DFP 2023...
2026-04-28 00:13:59,965 [INFO] pipeline.cvm: Baixando: https://dados.cvm.gov.br/dados/CIA_ABERTA/DOC/DFP/DADOS/dfp_cia_aberta_2023.zip
2026-04-28 00:14:04,055 [INFO] pipeline.cvm:   DFP dre 2023: 68 linhas
2026-04-28 00:14:04,055 [INFO] pipeline.cvm: Baixando: https://dados.cvm.gov.br/dados/CIA_ABERTA/DOC/DFP/DADOS/dfp_cia_aberta_2023.zip
2026-04-28 00:14:10,819 [INFO] pipeline.cvm:   DFP bpa 2023: 132 linhas
2026-04-28 00:14:10,819 [INFO] pipeline.cvm: Baixando: https://dados.cvm.gov.br/dados/CIA_ABERTA/DOC/DFP/DADOS/dfp_cia_aberta_2023.zip
2026-04-28 00:14:19,327 [INFO] pipeline.cvm:   DFP bpp 2023: 236 linhas
2026-04-28 00:14:19,327 [INFO] pipeline.cvm: Baixando: https://dados.cvm.gov.br/dados/CIA_ABERTA/DOC/DFP/DADOS/dfp_cia_aberta_2023.zip
2026-04-28 00:14:26,270 [INFO] pipeline.cvm:   DFP dfc_mi 2023: 82 linhas
2026-04-28 00:14:26,270 [INFO] pipeline.cvm: Baixando: https://dados.cvm.gov.br/dados/CIA_ABERTA/DOC/DFP/DADOS/dfp_cia_aberta_2023.zip
2026-04-28 00:14:31,050 [WARNING] pipeline.cvm:   Empresa 8133 não encontrada em dfc_md 2023
2026-04-28 00:14:31,051 [INFO] pipeline.cvm: 
==================================================
2026-04-28 00:14:31,051 [INFO] pipeline.cvm: Baixando DFP 2024...
2026-04-28 00:14:31,051 [INFO] pipeline.cvm: Baixando: https://dados.cvm.gov.br/dados/CIA_ABERTA/DOC/DFP/DADOS/dfp_cia_aberta_2024.zip
2026-04-28 00:14:36,092 [INFO] pipeline.cvm:   DFP dre 2024: 68 linhas
2026-04-28 00:14:36,092 [INFO] pipeline.cvm: Baixando: https://dados.cvm.gov.br/dados/CIA_ABERTA/DOC/DFP/DADOS/dfp_cia_aberta_2024.zip
2026-04-28 00:14:43,919 [INFO] pipeline.cvm:   DFP bpa 2024: 132 linhas
2026-04-28 00:14:43,919 [INFO] pipeline.cvm: Baixando: https://dados.cvm.gov.br/dados/CIA_ABERTA/DOC/DFP/DADOS/dfp_cia_aberta_2024.zip
2026-04-28 00:14:52,664 [INFO] pipeline.cvm:   DFP bpp 2024: 236 linhas
2026-04-28 00:14:52,664 [INFO] pipeline.cvm: Baixando: https://dados.cvm.gov.br/dados/CIA_ABERTA/DOC/DFP/DADOS/dfp_cia_aberta_2024.zip
2026-04-28 00:14:59,798 [INFO] pipeline.cvm:   DFP dfc_mi 2024: 76 linhas
2026-04-28 00:14:59,799 [INFO] pipeline.cvm: Baixando: https://dados.cvm.gov.br/dados/CIA_ABERTA/DOC/DFP/DADOS/dfp_cia_aberta_2024.zip
2026-04-28 00:15:04,783 [WARNING] pipeline.cvm:   Empresa 8133 não encontrada em dfc_md 2024
2026-04-28 00:15:04,783 [INFO] pipeline.cvm: 
==================================================
2026-04-28 00:15:04,784 [INFO] pipeline.cvm: Baixando DFP 2025...
2026-04-28 00:15:04,784 [INFO] pipeline.cvm: Baixando: https://dados.cvm.gov.br/dados/CIA_ABERTA/DOC/DFP/DADOS/dfp_cia_aberta_2025.zip
2026-04-28 00:15:09,628 [INFO] pipeline.cvm:   DFP dre 2025: 68 linhas
2026-04-28 00:15:09,628 [INFO] pipeline.cvm: Baixando: https://dados.cvm.gov.br/dados/CIA_ABERTA/DOC/DFP/DADOS/dfp_cia_aberta_2025.zip
2026-04-28 00:15:15,332 [INFO] pipeline.cvm:   DFP bpa 2025: 136 linhas
2026-04-28 00:15:15,332 [INFO] pipeline.cvm: Baixando: https://dados.cvm.gov.br/dados/CIA_ABERTA/DOC/DFP/DADOS/dfp_cia_aberta_2025.zip
2026-04-28 00:15:22,189 [INFO] pipeline.cvm:   DFP bpp 2025: 236 linhas
2026-04-28 00:15:22,190 [INFO] pipeline.cvm: Baixando: https://dados.cvm.gov.br/dados/CIA_ABERTA/DOC/DFP/DADOS/dfp_cia_aberta_2025.zip
2026-04-28 00:15:27,512 [INFO] pipeline.cvm:   DFP dfc_mi 2025: 78 linhas
2026-04-28 00:15:27,512 [INFO] pipeline.cvm: Baixando: https://dados.cvm.gov.br/dados/CIA_ABERTA/DOC/DFP/DADOS/dfp_cia_aberta_2025.zip
2026-04-28 00:15:31,426 [WARNING] pipeline.cvm:   Empresa 8133 não encontrada em dfc_md 2025
2026-04-28 00:15:31,426 [INFO] pipeline:   Anos ajustados → Histórico: 2019-2025 | Projeção: 2026-2035
2026-04-28 00:15:31,426 [INFO] pipeline: 
[4/6] Normalizando dados...
2026-04-28 00:15:33,444 [INFO] pipeline:   DFC normalizada: 11 linhas
2026-04-28 00:15:33,449 [INFO] pipeline:   DRE normalizada:
2026-04-28 00:15:33,449 [INFO] pipeline:     receita_liquida: 2019: 9,588 | 2020: 7,537 | 2021: 10,572 | 2022: 13,271 | 2023: 13,648 | 2024: 14,436 | 2025: 15,829
2026-04-28 00:15:33,449 [INFO] pipeline:     ebit: 2019: 1,644 | 2020: 857 | 2021: 814 | 2022: 1,407 | 2023: 889 | 2024: 1,259 | 2025: 1,797
2026-04-28 00:15:33,449 [INFO] pipeline:     lucro_liquido: 2019: 1,099 | 2020: 1,096 | 2021: 633 | 2022: 1,292 | 2023: 976 | 2024: 1,197 | 2025: 1,458
2026-04-28 00:15:33,450 [INFO] pipeline: 
[5/6] Calculando projeções...
2026-04-28 00:15:33,455 [INFO] pipeline.projecoes: 
=== Projeções (não-financeira / FCFF) ===
2026-04-28 00:15:33,456 [INFO] pipeline.projecoes:   Margem EBITDA: 14.6% → 19.0% (conv 6a)
2026-04-28 00:15:33,456 [INFO] pipeline.projecoes:   D&A/Receita: 3.9%
2026-04-28 00:15:33,457 [INFO] pipeline.projecoes:   CAPEX/Receita: 0.0% → 5.0%
2026-04-28 00:15:33,458 [INFO] pipeline.projecoes:   NCG/Receita: 47.6% → 8.0%
2026-04-28 00:15:33,463 [INFO] pipeline.projecoes:   Alíquota efetiva: 16.1%
2026-04-28 00:15:33,463 [INFO] pipeline.projecoes: Projeções concluídas (FCFF). Resumo:
2026-04-28 00:15:33,463 [INFO] pipeline.projecoes:    Ano      Receita     EBITDA    Mg%      NOPAT       FCFF
2026-04-28 00:15:33,463 [INFO] pipeline.projecoes:   2026       17,030      2,614  15.3%      1,634      2,593
2026-04-28 00:15:33,463 [INFO] pipeline.projecoes:   2027       18,250      2,934  16.1%      1,863      3,172
2026-04-28 00:15:33,463 [INFO] pipeline.projecoes:   2028       19,482      3,275  16.8%      2,108      3,437
2026-04-28 00:15:33,463 [INFO] pipeline.projecoes:   2029       20,716      3,633  17.5%      2,369      3,697
2026-04-28 00:15:33,463 [INFO] pipeline.projecoes:   2030       21,942      4,009  18.3%      2,643      3,947
2026-04-28 00:15:33,464 [INFO] pipeline.valuation:   Estrutura de capital: E=95% | D=5%
2026-04-28 00:15:33,464 [INFO] pipeline: 
[6/6] Calculando valuation (FCFF / WACC)...
2026-04-28 00:15:33,464 [INFO] pipeline.valuation: 
==================================================
2026-04-28 00:15:33,464 [INFO] pipeline.valuation: VALUATION FCFF/WACC — LREN3
2026-04-28 00:15:33,464 [INFO] pipeline.valuation:   VP FCFF (10a):     R$       17,796 MM
2026-04-28 00:15:33,464 [INFO] pipeline.valuation:   Valor Perp. (VP):  R$       17,410 MM
2026-04-28 00:15:33,464 [INFO] pipeline.valuation:   ENTERPRISE VALUE:  R$       35,206 MM
2026-04-28 00:15:33,465 [INFO] pipeline.valuation:   (-) Dívida Líq.:   R$       -1,523 MM
2026-04-28 00:15:33,465 [INFO] pipeline.valuation:   VALOR DO EQUITY:   R$       36,729 MM
2026-04-28 00:15:33,465 [INFO] pipeline.valuation:   Preço Justo ON:    R$    37.62
2026-04-28 00:15:33,465 [INFO] pipeline.valuation:   Preço Justo PN:    R$    37.62
2026-04-28 00:15:33,465 [INFO] pipeline.valuation:   Cotação ON:        R$    13.97
2026-04-28 00:15:33,465 [INFO] pipeline.valuation:   Upside ON:              169.3%
2026-04-28 00:15:33,465 [INFO] pipeline.valuation:   TIR (ON):                24.0%
2026-04-28 00:15:33,465 [INFO] pipeline.valuation:   WACC último ano:         12.0%
2026-04-28 00:15:33,468 [INFO] pipeline:   Sem template VAROS para LREN3 — Excel será criado do zero
2026-04-28 00:15:33,892 [INFO] pipeline.excel_geral: 
============================================================
2026-04-28 00:15:33,892 [INFO] pipeline.excel_geral: Criando Excel completo (12 abas) para: Lojas Renner (LREN3)
2026-04-28 00:15:33,894 [INFO] pipeline.excel_geral:   → 1/12  Dashboard
2026-04-28 00:15:33,907 [INFO] pipeline.excel_geral:   → 2/12  WACC
2026-04-28 00:15:33,953 [INFO] pipeline.excel_geral:   → 3/12  TIR ON
2026-04-28 00:15:33,964 [INFO] pipeline.excel_geral:   → 4/12  TIR PN
2026-04-28 00:15:33,977 [INFO] pipeline.excel_geral:   → 5/12  Valor do Equity
2026-04-28 00:15:33,984 [INFO] pipeline.excel_geral:   → 6/12  Preço Teto
2026-04-28 00:15:33,991 [INFO] pipeline.excel_geral:   → 7/12  DRE + DCF
2026-04-28 00:15:34,129 [INFO] pipeline.excel_geral:   → 8/12  DRE Contas Abertas
2026-04-28 00:15:34,201 [INFO] pipeline.excel_geral:   → 9/12  Balanço Patrimonial
2026-04-28 00:15:34,254 [INFO] pipeline.excel_geral:   → 10/12 Painel de Índices
2026-04-28 00:15:34,332 [INFO] pipeline.excel_geral:   → 11/12 Projeções Premissas
2026-04-28 00:15:34,363 [INFO] pipeline.excel_geral:   → 12/12 Projeções Capex e CG
2026-04-28 00:15:34,485 [INFO] pipeline.excel_geral: 
Arquivo salvo: C:\Users\55819\OneDrive - EPEJUD\DIEGO\OBSIDIAN\Analista de Investimentos\12_PYTHON\pipeline banco completo\outputs\Valuation_LREN3_Lojas Renner_20260428.xlsx
2026-04-28 00:15:34,486 [INFO] pipeline: 
======================================================================
2026-04-28 00:15:34,486 [INFO] pipeline: RESUMO DO VALUATION (FCFF/WACC)
2026-04-28 00:15:34,486 [INFO] pipeline: ======================================================================
2026-04-28 00:15:34,486 [INFO] pipeline:   Empresa:           Lojas Renner (LREN3)
2026-04-28 00:15:34,486 [INFO] pipeline:   Enterprise Value:  R$       35,206 MM
2026-04-28 00:15:34,486 [INFO] pipeline:   Cotação ON:        R$ 13.97
2026-04-28 00:15:34,486 [INFO] pipeline:   Preço Justo ON:    R$ 37.62
2026-04-28 00:15:34,486 [INFO] pipeline:   Upside ON:            169.3%
2026-04-28 00:15:34,486 [INFO] pipeline:   TIR:                  24.0%
2026-04-28 00:15:34,486 [INFO] pipeline:   Preço Teto ON:     R$ 37.62
2026-04-28 00:15:34,486 [INFO] pipeline: 
  Arquivo gerado:    C:\Users\55819\OneDrive - EPEJUD\DIEGO\OBSIDIAN\Analista de Investimentos\12_PYTHON\pipeline banco completo\outputs\Valuation_LREN3_Lojas Renner_20260428.xlsx
2026-04-28 00:15:34,487 [INFO] pipeline: ======================================================================
2026-04-28 00:15:34,490 [INFO] pipeline: ✓ LREN3: arquivo gerado → C:\Users\55819\OneDrive - EPEJUD\DIEGO\OBSIDIAN\Analista de Investimentos\12_PYTHON\pipeline banco completo\outputs\Valuation_LREN3_Lojas Renner_20260428.xlsx
2026-04-28 00:15:34,490 [INFO] pipeline: 
──────────────────────────────────────────────────────────────────────
2026-04-28 00:15:34,491 [INFO] pipeline: Processando: MGLU3 (Magazine Luiza)
2026-04-28 00:15:34,491 [INFO] pipeline: ──────────────────────────────────────────────────────────────────────
2026-04-28 00:15:34,491 [INFO] pipeline: ======================================================================
2026-04-28 00:15:34,491 [INFO] pipeline: PIPELINE DE VALUATION [CONSUMO_VAREJO] — MGLU3 — Magazine Luiza
2026-04-28 00:15:34,491 [INFO] pipeline: Início: 2026-04-28 00:15:34
2026-04-28 00:15:34,491 [INFO] pipeline:   Setor: consumo_varejo | Motor: WACC
2026-04-28 00:15:34,491 [INFO] pipeline: ======================================================================
2026-04-28 00:15:34,491 [INFO] pipeline: 
[1/6] Coletando dados de mercado...
2026-04-28 00:15:34,492 [INFO] pipeline:   Buscando cotação via yfinance...
2026-04-28 00:15:34,492 [INFO] pipeline.mercado: Buscando cotação atual: MGLU3.SA
2026-04-28 00:15:35,815 [INFO] pipeline:   Cotação ON: R$ 8.53  |  Cotação PN: R$ 0.00
2026-04-28 00:15:35,942 [INFO] pipeline.mercado: Calculando beta: MGLU3 (252 dias úteis)
2026-04-28 00:15:35,942 [INFO] pipeline.mercado: Baixando preços: MGLU3.SA (2019-01-01 → 2026-04-28)
2026-04-28 00:15:36,466 [INFO] pipeline.mercado:   1820 dias de preços carregados
2026-04-28 00:15:36,467 [INFO] pipeline.mercado: Baixando preços: ^BVSP (2019-01-01 → 2026-04-28)
2026-04-28 00:15:36,959 [INFO] pipeline.mercado:   1820 dias de preços carregados
2026-04-28 00:15:36,963 [INFO] pipeline.mercado:   Beta estatístico: 2.1115 | R²: 0.363 | n=251
2026-04-28 00:15:36,965 [INFO] pipeline:   Beta estatístico: 2.111 | Beta utilizado: 0.850
2026-04-28 00:15:36,965 [INFO] pipeline: 
[2/6] Coletando dados macroeconômicos (BCB)...
2026-04-28 00:15:37,288 [WARNING] pipeline.macro: Não foi possível obter Focus Selic: 400 Client Error: Bad Request for url: https://olinda.bcb.gov.br/olinda/servico/Expectativas/versao/v1/odata/ExpectativasMercadoAnuais?%24filter=Indicador%20eq%20'Selic'&%24top=100&%24format=json&%24select=Indicador,Data,Ano,Mediana
2026-04-28 00:15:37,573 [WARNING] pipeline.macro: Não foi possível obter Focus IPCA: 400 Client Error: Bad Request for url: https://olinda.bcb.gov.br/olinda/servico/Expectativas/versao/v1/odata/ExpectativasMercadoAnuais?%24filter=Indicador%20eq%20'IPCA'&%24top=100&%24format=json&%24select=Indicador,Data,Ano,Mediana
2026-04-28 00:15:37,574 [INFO] pipeline.macro: 
=== Coletando dados macroeconômicos ===
2026-04-28 00:15:37,575 [INFO] pipeline.macro: Baixando série BCB 432...
2026-04-28 00:15:37,865 [ERROR] pipeline.macro: Erro ao baixar série BCB 432: 406 Client Error: Not Acceptable for url: https://api.bcb.gov.br/dados/serie/bcdata.sgs.432/dados?formato=json&dataInicial=01%2F01%2F2010&dataFinal=28%2F04%2F2026
2026-04-28 00:15:37,866 [WARNING] pipeline.macro: Série Selic meta sem DatetimeIndex — usando fallback histórico
2026-04-28 00:15:37,866 [INFO] pipeline.macro: Baixando série BCB 12...
2026-04-28 00:15:37,977 [ERROR] pipeline.macro: Erro ao baixar série BCB 12: 406 Client Error: Not Acceptable for url: https://api.bcb.gov.br/dados/serie/bcdata.sgs.12/dados?formato=json&dataInicial=01%2F01%2F2010&dataFinal=28%2F04%2F2026
2026-04-28 00:15:37,978 [WARNING] pipeline.macro: Série DI sem DatetimeIndex — usando fallback histórico
2026-04-28 00:15:37,978 [INFO] pipeline.macro: Baixando série BCB 13522...
2026-04-28 00:15:38,097 [INFO] pipeline.macro:   Série 13522: 195 observações (2010-01-01 → 2026-03-01)
2026-04-28 00:15:38,098 [WARNING] pipeline.macro: IPCA calculado fora do intervalo plausível (55.3%) para 2019 — usando fallback
2026-04-28 00:15:38,099 [WARNING] pipeline.macro: IPCA calculado fora do intervalo plausível (46.1%) para 2020 — usando fallback
2026-04-28 00:15:38,100 [WARNING] pipeline.macro: IPCA calculado fora do intervalo plausível (159.3%) para 2021 — usando fallback
2026-04-28 00:15:38,100 [WARNING] pipeline.macro: IPCA calculado fora do intervalo plausível (191.2%) para 2022 — usando fallback
2026-04-28 00:15:38,101 [WARNING] pipeline.macro: IPCA calculado fora do intervalo plausível (71.5%) para 2023 — usando fallback
2026-04-28 00:15:38,102 [WARNING] pipeline.macro: IPCA calculado fora do intervalo plausível (67.0%) para 2024 — usando fallback
2026-04-28 00:15:38,102 [INFO] pipeline.macro: Baixando série BCB 258...
2026-04-28 00:15:38,200 [ERROR] pipeline.macro: Erro ao baixar série BCB 258: 406 Client Error: Not Acceptable for url: https://api.bcb.gov.br/dados/serie/bcdata.sgs.258/dados?formato=json&dataInicial=01%2F01%2F2010&dataFinal=28%2F04%2F2026
2026-04-28 00:15:38,201 [WARNING] pipeline.macro: Série TJLP sem DatetimeIndex — usando fallback histórico
2026-04-28 00:15:38,201 [INFO] pipeline.macro: Baixando série BCB 29039...
2026-04-28 00:15:38,325 [INFO] pipeline.macro:   Série 29039: 195 observações (2010-01-01 → 2026-03-01)
2026-04-28 00:15:38,330 [INFO] pipeline.macro: Baixando série BCB 13522...
2026-04-28 00:15:38,446 [INFO] pipeline.macro:   Série 13522: 195 observações (2010-01-01 → 2026-03-01)
2026-04-28 00:15:38,447 [WARNING] pipeline.macro: IPCA calculado fora do intervalo plausível (55.3%) para 2019 — usando fallback
2026-04-28 00:15:38,448 [WARNING] pipeline.macro: IPCA calculado fora do intervalo plausível (46.1%) para 2020 — usando fallback
2026-04-28 00:15:38,449 [WARNING] pipeline.macro: IPCA calculado fora do intervalo plausível (159.3%) para 2021 — usando fallback
2026-04-28 00:15:38,449 [WARNING] pipeline.macro: IPCA calculado fora do intervalo plausível (191.2%) para 2022 — usando fallback
2026-04-28 00:15:38,450 [WARNING] pipeline.macro: IPCA calculado fora do intervalo plausível (71.5%) para 2023 — usando fallback
2026-04-28 00:15:38,451 [WARNING] pipeline.macro: IPCA calculado fora do intervalo plausível (67.0%) para 2024 — usando fallback
2026-04-28 00:15:38,451 [INFO] pipeline.macro: 
RESUMO MACRO HISTÓRICO:
2026-04-28 00:15:38,451 [INFO] pipeline.macro:   selic_meta     : 2020: 2.00% | 2021: 9.25% | 2022: 13.75% | 2023: 11.75% | 2024: 11.75%
2026-04-28 00:15:38,451 [INFO] pipeline.macro:   selic_efet     : 2020: 2.28% | 2021: 4.48% | 2022: 12.33% | 2023: 13.15% | 2024: 10.73%
2026-04-28 00:15:38,451 [INFO] pipeline.macro:   ipca           : 2020: 4.52% | 2021: 10.06% | 2022: 5.62% | 2023: 4.62% | 2024: 4.83%
2026-04-28 00:15:38,451 [INFO] pipeline.macro:   tjlp           : 2020: 5.25% | 2021: 5.25% | 2022: 6.25% | 2023: 7.00% | 2024: 7.00%
2026-04-28 00:15:38,451 [INFO] pipeline.macro:   cds            : 2020: 0.44% | 2021: 0.73% | 2022: 1.26% | 2023: 0.84% | 2024: 0.81%
2026-04-28 00:15:38,451 [INFO] pipeline.macro:   inflacao_impl  : 2020: 4.52% | 2021: 10.06% | 2022: 5.62% | 2023: 4.62% | 2024: 4.83%
2026-04-28 00:15:38,451 [INFO] pipeline: 
[3/6] Baixando demonstrações financeiras (CVM)...
2026-04-28 00:15:38,452 [INFO] pipeline.cvm: 
==================================================
2026-04-28 00:15:38,452 [INFO] pipeline.cvm: Baixando DFP 2019...
2026-04-28 00:15:38,453 [INFO] pipeline.cvm: Baixando: https://dados.cvm.gov.br/dados/CIA_ABERTA/DOC/DFP/DADOS/dfp_cia_aberta_2019.zip
2026-04-28 00:15:41,694 [INFO] pipeline.cvm:   DFP dre 2019: 64 linhas
2026-04-28 00:15:41,695 [INFO] pipeline.cvm: Baixando: https://dados.cvm.gov.br/dados/CIA_ABERTA/DOC/DFP/DADOS/dfp_cia_aberta_2019.zip
2026-04-28 00:15:45,187 [INFO] pipeline.cvm:   DFP bpa 2019: 124 linhas
2026-04-28 00:15:45,187 [INFO] pipeline.cvm: Baixando: https://dados.cvm.gov.br/dados/CIA_ABERTA/DOC/DFP/DADOS/dfp_cia_aberta_2019.zip
2026-04-28 00:15:50,399 [INFO] pipeline.cvm:   DFP bpp 2019: 212 linhas
2026-04-28 00:15:50,399 [INFO] pipeline.cvm: Baixando: https://dados.cvm.gov.br/dados/CIA_ABERTA/DOC/DFP/DADOS/dfp_cia_aberta_2019.zip
2026-04-28 00:15:53,903 [INFO] pipeline.cvm:   DFP dfc_mi 2019: 100 linhas
2026-04-28 00:15:53,903 [INFO] pipeline.cvm: Baixando: https://dados.cvm.gov.br/dados/CIA_ABERTA/DOC/DFP/DADOS/dfp_cia_aberta_2019.zip
2026-04-28 00:15:56,075 [WARNING] pipeline.cvm:   Empresa 22470 não encontrada em dfc_md 2019
2026-04-28 00:15:56,075 [INFO] pipeline.cvm: 
==================================================
2026-04-28 00:15:56,076 [INFO] pipeline.cvm: Baixando DFP 2020...
2026-04-28 00:15:56,076 [INFO] pipeline.cvm: Baixando: https://dados.cvm.gov.br/dados/CIA_ABERTA/DOC/DFP/DADOS/dfp_cia_aberta_2020.zip
2026-04-28 00:15:59,003 [INFO] pipeline.cvm:   DFP dre 2020: 64 linhas
2026-04-28 00:15:59,003 [INFO] pipeline.cvm: Baixando: https://dados.cvm.gov.br/dados/CIA_ABERTA/DOC/DFP/DADOS/dfp_cia_aberta_2020.zip
2026-04-28 00:16:03,332 [INFO] pipeline.cvm:   DFP bpa 2020: 124 linhas
2026-04-28 00:16:03,332 [INFO] pipeline.cvm: Baixando: https://dados.cvm.gov.br/dados/CIA_ABERTA/DOC/DFP/DADOS/dfp_cia_aberta_2020.zip
2026-04-28 00:16:09,557 [INFO] pipeline.cvm:   DFP bpp 2020: 214 linhas
2026-04-28 00:16:09,558 [INFO] pipeline.cvm: Baixando: https://dados.cvm.gov.br/dados/CIA_ABERTA/DOC/DFP/DADOS/dfp_cia_aberta_2020.zip
2026-04-28 00:16:13,769 [INFO] pipeline.cvm:   DFP dfc_mi 2020: 104 linhas
2026-04-28 00:16:13,769 [INFO] pipeline.cvm: Baixando: https://dados.cvm.gov.br/dados/CIA_ABERTA/DOC/DFP/DADOS/dfp_cia_aberta_2020.zip
2026-04-28 00:16:16,167 [WARNING] pipeline.cvm:   Empresa 22470 não encontrada em dfc_md 2020
2026-04-28 00:16:16,167 [INFO] pipeline.cvm: 
==================================================
2026-04-28 00:16:16,168 [INFO] pipeline.cvm: Baixando DFP 2021...
2026-04-28 00:16:16,168 [INFO] pipeline.cvm: Baixando: https://dados.cvm.gov.br/dados/CIA_ABERTA/DOC/DFP/DADOS/dfp_cia_aberta_2021.zip
2026-04-28 00:16:19,348 [INFO] pipeline.cvm:   DFP dre 2021: 64 linhas
2026-04-28 00:16:19,348 [INFO] pipeline.cvm: Baixando: https://dados.cvm.gov.br/dados/CIA_ABERTA/DOC/DFP/DADOS/dfp_cia_aberta_2021.zip
2026-04-28 00:16:23,003 [INFO] pipeline.cvm:   DFP bpa 2021: 128 linhas
2026-04-28 00:16:23,003 [INFO] pipeline.cvm: Baixando: https://dados.cvm.gov.br/dados/CIA_ABERTA/DOC/DFP/DADOS/dfp_cia_aberta_2021.zip
2026-04-28 00:16:27,881 [INFO] pipeline.cvm:   DFP bpp 2021: 218 linhas
2026-04-28 00:16:27,881 [INFO] pipeline.cvm: Baixando: https://dados.cvm.gov.br/dados/CIA_ABERTA/DOC/DFP/DADOS/dfp_cia_aberta_2021.zip
2026-04-28 00:16:31,495 [INFO] pipeline.cvm:   DFP dfc_mi 2021: 104 linhas
2026-04-28 00:16:31,495 [INFO] pipeline.cvm: Baixando: https://dados.cvm.gov.br/dados/CIA_ABERTA/DOC/DFP/DADOS/dfp_cia_aberta_2021.zip
2026-04-28 00:16:33,145 [WARNING] pipeline.cvm:   Empresa 22470 não encontrada em dfc_md 2021
2026-04-28 00:16:33,145 [INFO] pipeline.cvm: 
==================================================
2026-04-28 00:16:33,146 [INFO] pipeline.cvm: Baixando DFP 2022...
2026-04-28 00:16:33,146 [INFO] pipeline.cvm: Baixando: https://dados.cvm.gov.br/dados/CIA_ABERTA/DOC/DFP/DADOS/dfp_cia_aberta_2022.zip
2026-04-28 00:16:35,775 [INFO] pipeline.cvm:   DFP dre 2022: 64 linhas
2026-04-28 00:16:35,776 [INFO] pipeline.cvm: Baixando: https://dados.cvm.gov.br/dados/CIA_ABERTA/DOC/DFP/DADOS/dfp_cia_aberta_2022.zip
2026-04-28 00:16:40,192 [INFO] pipeline.cvm:   DFP bpa 2022: 128 linhas
2026-04-28 00:16:40,192 [INFO] pipeline.cvm: Baixando: https://dados.cvm.gov.br/dados/CIA_ABERTA/DOC/DFP/DADOS/dfp_cia_aberta_2022.zip
2026-04-28 00:16:47,962 [INFO] pipeline.cvm:   DFP bpp 2022: 222 linhas
2026-04-28 00:16:47,963 [INFO] pipeline.cvm: Baixando: https://dados.cvm.gov.br/dados/CIA_ABERTA/DOC/DFP/DADOS/dfp_cia_aberta_2022.zip
2026-04-28 00:16:51,457 [INFO] pipeline.cvm:   DFP dfc_mi 2022: 106 linhas
2026-04-28 00:16:51,457 [INFO] pipeline.cvm: Baixando: https://dados.cvm.gov.br/dados/CIA_ABERTA/DOC/DFP/DADOS/dfp_cia_aberta_2022.zip
2026-04-28 00:16:53,360 [WARNING] pipeline.cvm:   Empresa 22470 não encontrada em dfc_md 2022
2026-04-28 00:16:53,360 [INFO] pipeline.cvm: 
==================================================
2026-04-28 00:16:53,361 [INFO] pipeline.cvm: Baixando DFP 2023...
2026-04-28 00:16:53,361 [INFO] pipeline.cvm: Baixando: https://dados.cvm.gov.br/dados/CIA_ABERTA/DOC/DFP/DADOS/dfp_cia_aberta_2023.zip
2026-04-28 00:16:56,704 [INFO] pipeline.cvm:   DFP dre 2023: 64 linhas
2026-04-28 00:16:56,704 [INFO] pipeline.cvm: Baixando: https://dados.cvm.gov.br/dados/CIA_ABERTA/DOC/DFP/DADOS/dfp_cia_aberta_2023.zip
2026-04-28 00:17:00,950 [INFO] pipeline.cvm:   DFP bpa 2023: 128 linhas
2026-04-28 00:17:00,950 [INFO] pipeline.cvm: Baixando: https://dados.cvm.gov.br/dados/CIA_ABERTA/DOC/DFP/DADOS/dfp_cia_aberta_2023.zip
2026-04-28 00:17:07,583 [INFO] pipeline.cvm:   DFP bpp 2023: 222 linhas
2026-04-28 00:17:07,583 [INFO] pipeline.cvm: Baixando: https://dados.cvm.gov.br/dados/CIA_ABERTA/DOC/DFP/DADOS/dfp_cia_aberta_2023.zip
2026-04-28 00:17:13,082 [INFO] pipeline.cvm:   DFP dfc_mi 2023: 106 linhas
2026-04-28 00:17:13,083 [INFO] pipeline.cvm: Baixando: https://dados.cvm.gov.br/dados/CIA_ABERTA/DOC/DFP/DADOS/dfp_cia_aberta_2023.zip
2026-04-28 00:17:17,579 [WARNING] pipeline.cvm:   Empresa 22470 não encontrada em dfc_md 2023
2026-04-28 00:17:17,579 [INFO] pipeline.cvm: 
==================================================
2026-04-28 00:17:17,579 [INFO] pipeline.cvm: Baixando DFP 2024...
2026-04-28 00:17:17,579 [INFO] pipeline.cvm: Baixando: https://dados.cvm.gov.br/dados/CIA_ABERTA/DOC/DFP/DADOS/dfp_cia_aberta_2024.zip
2026-04-28 00:17:22,500 [INFO] pipeline.cvm:   DFP dre 2024: 64 linhas
2026-04-28 00:17:22,500 [INFO] pipeline.cvm: Baixando: https://dados.cvm.gov.br/dados/CIA_ABERTA/DOC/DFP/DADOS/dfp_cia_aberta_2024.zip
2026-04-28 00:17:28,179 [INFO] pipeline.cvm:   DFP bpa 2024: 128 linhas
2026-04-28 00:17:28,180 [INFO] pipeline.cvm: Baixando: https://dados.cvm.gov.br/dados/CIA_ABERTA/DOC/DFP/DADOS/dfp_cia_aberta_2024.zip
2026-04-28 00:17:34,512 [INFO] pipeline.cvm:   DFP bpp 2024: 222 linhas
2026-04-28 00:17:34,512 [INFO] pipeline.cvm: Baixando: https://dados.cvm.gov.br/dados/CIA_ABERTA/DOC/DFP/DADOS/dfp_cia_aberta_2024.zip
2026-04-28 00:17:38,686 [INFO] pipeline.cvm:   DFP dfc_mi 2024: 108 linhas
2026-04-28 00:17:38,687 [INFO] pipeline.cvm: Baixando: https://dados.cvm.gov.br/dados/CIA_ABERTA/DOC/DFP/DADOS/dfp_cia_aberta_2024.zip
2026-04-28 00:17:40,375 [WARNING] pipeline.cvm:   Empresa 22470 não encontrada em dfc_md 2024
2026-04-28 00:17:40,377 [INFO] pipeline.cvm: 
==================================================
2026-04-28 00:17:40,378 [INFO] pipeline.cvm: Baixando DFP 2025...
2026-04-28 00:17:40,378 [INFO] pipeline.cvm: Baixando: https://dados.cvm.gov.br/dados/CIA_ABERTA/DOC/DFP/DADOS/dfp_cia_aberta_2025.zip
2026-04-28 00:17:43,222 [INFO] pipeline.cvm:   DFP dre 2025: 64 linhas
2026-04-28 00:17:43,222 [INFO] pipeline.cvm: Baixando: https://dados.cvm.gov.br/dados/CIA_ABERTA/DOC/DFP/DADOS/dfp_cia_aberta_2025.zip
2026-04-28 00:17:46,686 [INFO] pipeline.cvm:   DFP bpa 2025: 128 linhas
2026-04-28 00:17:46,686 [INFO] pipeline.cvm: Baixando: https://dados.cvm.gov.br/dados/CIA_ABERTA/DOC/DFP/DADOS/dfp_cia_aberta_2025.zip
2026-04-28 00:17:51,578 [INFO] pipeline.cvm:   DFP bpp 2025: 222 linhas
2026-04-28 00:17:51,578 [INFO] pipeline.cvm: Baixando: https://dados.cvm.gov.br/dados/CIA_ABERTA/DOC/DFP/DADOS/dfp_cia_aberta_2025.zip
2026-04-28 00:17:55,139 [INFO] pipeline.cvm:   DFP dfc_mi 2025: 110 linhas
2026-04-28 00:17:55,140 [INFO] pipeline.cvm: Baixando: https://dados.cvm.gov.br/dados/CIA_ABERTA/DOC/DFP/DADOS/dfp_cia_aberta_2025.zip
2026-04-28 00:17:57,366 [WARNING] pipeline.cvm:   Empresa 22470 não encontrada em dfc_md 2025
2026-04-28 00:17:57,366 [INFO] pipeline:   Anos ajustados → Histórico: 2019-2025 | Projeção: 2026-2035
2026-04-28 00:17:57,366 [INFO] pipeline: 
[4/6] Normalizando dados...
2026-04-28 00:17:59,671 [INFO] pipeline:   DFC normalizada: 11 linhas
2026-04-28 00:17:59,673 [INFO] pipeline:   DRE normalizada:
2026-04-28 00:17:59,674 [INFO] pipeline:     receita_liquida: 2019: 19,886 | 2020: 29,177 | 2021: 35,278 | 2022: 37,299 | 2023: 36,768 | 2024: 38,038 | 2025: 38,703
2026-04-28 00:17:59,674 [INFO] pipeline:     ebit: 2019: 1,289 | 2020: 825 | 2021: 471 | 2022: 772 | 2023: -372 | 2024: 1,562 | 2025: 1,919
2026-04-28 00:17:59,674 [INFO] pipeline:     lucro_liquido: 2019: 922 | 2020: 392 | 2021: 591 | 2022: -499 | 2023: -979 | 2024: 449 | 2025: 205
2026-04-28 00:17:59,674 [INFO] pipeline: 
[5/6] Calculando projeções...
2026-04-28 00:17:59,676 [INFO] pipeline.projecoes: 
=== Projeções (não-financeira / FCFF) ===
2026-04-28 00:17:59,677 [INFO] pipeline.projecoes:   Margem EBITDA: 7.0% → 5.0% (conv 6a)
2026-04-28 00:17:59,677 [INFO] pipeline.projecoes:   D&A/Receita: 2.0%
2026-04-28 00:17:59,678 [INFO] pipeline.projecoes:   CAPEX/Receita: 0.9% → 4.0%
2026-04-28 00:17:59,679 [INFO] pipeline.projecoes:   NCG/Receita: 8.7% → 12.0%
2026-04-28 00:17:59,680 [INFO] pipeline.projecoes:   Alíquota efetiva: 24.3%
2026-04-28 00:17:59,681 [INFO] pipeline.projecoes: Projeções concluídas (FCFF). Resumo:
2026-04-28 00:17:59,681 [INFO] pipeline.projecoes:    Ano      Receita     EBITDA    Mg%      NOPAT       FCFF
2026-04-28 00:17:59,681 [INFO] pipeline.projecoes:   2026       41,606      2,790   6.7%      1,491       -914
2026-04-28 00:17:59,681 [INFO] pipeline.projecoes:   2027       44,519      2,833   6.4%      1,480        841
2026-04-28 00:17:59,681 [INFO] pipeline.projecoes:   2028       47,412      2,856   6.0%      1,454        478
2026-04-28 00:17:59,682 [INFO] pipeline.projecoes:   2029       50,257      2,856   5.7%      1,412         67
2026-04-28 00:17:59,682 [INFO] pipeline.projecoes:   2030       53,021      2,832   5.3%      1,353       -389
2026-04-28 00:17:59,682 [INFO] pipeline.valuation:   Estrutura de capital: E=69% | D=31%
2026-04-28 00:17:59,682 [INFO] pipeline: 
[6/6] Calculando valuation (FCFF / WACC)...
2026-04-28 00:17:59,683 [WARNING] pipeline.valuation: TIR < g (5.5%) — cotação acima do valor intrínseco (DCF)
2026-04-28 00:17:59,683 [WARNING] pipeline.valuation: TIR < g (5.5%) — cotação acima do valor intrínseco (DCF)
2026-04-28 00:17:59,683 [INFO] pipeline.valuation: 
==================================================
2026-04-28 00:17:59,683 [INFO] pipeline.valuation: VALUATION FCFF/WACC — MGLU3
2026-04-28 00:17:59,683 [INFO] pipeline.valuation:   VP FCFF (10a):     R$         -364 MM
2026-04-28 00:17:59,683 [INFO] pipeline.valuation:   Valor Perp. (VP):  R$         -983 MM
2026-04-28 00:17:59,683 [INFO] pipeline.valuation:   ENTERPRISE VALUE:  R$       -1,347 MM
2026-04-28 00:17:59,683 [INFO] pipeline.valuation:   (-) Dívida Líq.:   R$        2,909 MM
2026-04-28 00:17:59,683 [INFO] pipeline.valuation:   VALOR DO EQUITY:   R$       -4,256 MM
2026-04-28 00:17:59,683 [INFO] pipeline.valuation:   Preço Justo ON:    R$    -5.49
2026-04-28 00:17:59,684 [INFO] pipeline.valuation:   Preço Justo PN:    R$    -5.49
2026-04-28 00:17:59,684 [INFO] pipeline.valuation:   Cotação ON:        R$     8.53
2026-04-28 00:17:59,684 [INFO] pipeline.valuation:   Upside ON:             -164.4%
2026-04-28 00:17:59,684 [INFO] pipeline.valuation:   TIR (ON):                 6.0%
2026-04-28 00:17:59,684 [INFO] pipeline.valuation:   WACC último ano:         12.0%
2026-04-28 00:17:59,684 [WARNING] pipeline: 
[!] AVISOS DE VALIDACAO:
2026-04-28 00:17:59,684 [WARNING] pipeline:   - Valor do Equity negativo ou zero: R$ -4,256 MM
2026-04-28 00:17:59,684 [WARNING] pipeline:   - Preço Justo ON inválido (≤ 0)
2026-04-28 00:17:59,685 [INFO] pipeline:   Sem template VAROS para MGLU3 — Excel será criado do zero
2026-04-28 00:17:59,685 [INFO] pipeline.excel_geral: 
============================================================
2026-04-28 00:17:59,686 [INFO] pipeline.excel_geral: Criando Excel completo (12 abas) para: Magazine Luiza (MGLU3)
2026-04-28 00:17:59,687 [INFO] pipeline.excel_geral:   → 1/12  Dashboard
2026-04-28 00:17:59,697 [INFO] pipeline.excel_geral:   → 2/12  WACC
2026-04-28 00:17:59,733 [INFO] pipeline.excel_geral:   → 3/12  TIR ON
2026-04-28 00:17:59,743 [INFO] pipeline.excel_geral:   → 4/12  TIR PN
2026-04-28 00:17:59,753 [INFO] pipeline.excel_geral:   → 5/12  Valor do Equity
2026-04-28 00:17:59,759 [INFO] pipeline.excel_geral:   → 6/12  Preço Teto
2026-04-28 00:17:59,764 [INFO] pipeline.excel_geral:   → 7/12  DRE + DCF
2026-04-28 00:17:59,883 [INFO] pipeline.excel_geral:   → 8/12  DRE Contas Abertas
2026-04-28 00:17:59,943 [INFO] pipeline.excel_geral:   → 9/12  Balanço Patrimonial
2026-04-28 00:17:59,987 [INFO] pipeline.excel_geral:   → 10/12 Painel de Índices
2026-04-28 00:18:00,058 [INFO] pipeline.excel_geral:   → 11/12 Projeções Premissas
2026-04-28 00:18:00,081 [INFO] pipeline.excel_geral:   → 12/12 Projeções Capex e CG
2026-04-28 00:18:00,194 [INFO] pipeline.excel_geral: 
Arquivo salvo: C:\Users\55819\OneDrive - EPEJUD\DIEGO\OBSIDIAN\Analista de Investimentos\12_PYTHON\pipeline banco completo\outputs\Valuation_MGLU3_Magazine Luiza_20260428.xlsx
2026-04-28 00:18:00,195 [INFO] pipeline: 
======================================================================
2026-04-28 00:18:00,195 [INFO] pipeline: RESUMO DO VALUATION (FCFF/WACC)
2026-04-28 00:18:00,195 [INFO] pipeline: ======================================================================
2026-04-28 00:18:00,195 [INFO] pipeline:   Empresa:           Magazine Luiza (MGLU3)
2026-04-28 00:18:00,195 [INFO] pipeline:   Enterprise Value:  R$       -1,347 MM
2026-04-28 00:18:00,195 [INFO] pipeline:   Cotação ON:        R$ 8.53
2026-04-28 00:18:00,195 [INFO] pipeline:   Preço Justo ON:    R$ -5.49
2026-04-28 00:18:00,195 [INFO] pipeline:   Upside ON:            -164.4%
2026-04-28 00:18:00,196 [INFO] pipeline:   TIR:                  6.0%
2026-04-28 00:18:00,196 [INFO] pipeline:   Preço Teto ON:     R$ -5.49
2026-04-28 00:18:00,196 [INFO] pipeline: 
  [!] 2 aviso(s) de validacao — verifique os logs
2026-04-28 00:18:00,196 [INFO] pipeline: 
  Arquivo gerado:    C:\Users\55819\OneDrive - EPEJUD\DIEGO\OBSIDIAN\Analista de Investimentos\12_PYTHON\pipeline banco completo\outputs\Valuation_MGLU3_Magazine Luiza_20260428.xlsx
2026-04-28 00:18:00,196 [INFO] pipeline: ======================================================================
2026-04-28 00:18:00,200 [INFO] pipeline: ✓ MGLU3: arquivo gerado → C:\Users\55819\OneDrive - EPEJUD\DIEGO\OBSIDIAN\Analista de Investimentos\12_PYTHON\pipeline banco completo\outputs\Valuation_MGLU3_Magazine Luiza_20260428.xlsx
2026-04-28 00:18:00,200 [INFO] pipeline: 
──────────────────────────────────────────────────────────────────────
2026-04-28 00:18:00,200 [INFO] pipeline: Processando: BHIA3 (Casas Bahia)
2026-04-28 00:18:00,200 [INFO] pipeline: ──────────────────────────────────────────────────────────────────────
2026-04-28 00:18:00,200 [INFO] pipeline: ======================================================================
2026-04-28 00:18:00,200 [INFO] pipeline: PIPELINE DE VALUATION [CONSUMO_VAREJO] — BHIA3 — Casas Bahia
2026-04-28 00:18:00,201 [INFO] pipeline: Início: 2026-04-28 00:18:00
2026-04-28 00:18:00,201 [INFO] pipeline:   Setor: consumo_varejo | Motor: WACC
2026-04-28 00:18:00,201 [INFO] pipeline: ======================================================================
2026-04-28 00:18:00,201 [INFO] pipeline: 
[1/6] Coletando dados de mercado...
2026-04-28 00:18:00,202 [INFO] pipeline:   Buscando cotação via yfinance...
2026-04-28 00:18:00,202 [INFO] pipeline.mercado: Buscando cotação atual: BHIA3.SA
2026-04-28 00:18:01,522 [INFO] pipeline:   Cotação ON: R$ 2.70  |  Cotação PN: R$ 0.00
2026-04-28 00:18:01,796 [INFO] pipeline.mercado: Calculando beta: BHIA3 (252 dias úteis)
2026-04-28 00:18:01,796 [INFO] pipeline.mercado: Baixando preços: BHIA3.SA (2019-01-01 → 2026-04-28)
2026-04-28 00:18:02,442 [INFO] pipeline.mercado:   1820 dias de preços carregados
2026-04-28 00:18:02,443 [INFO] pipeline.mercado: Baixando preços: ^BVSP (2019-01-01 → 2026-04-28)
2026-04-28 00:18:03,057 [INFO] pipeline.mercado:   1820 dias de preços carregados
2026-04-28 00:18:03,060 [INFO] pipeline.mercado:   Beta estatístico: 1.2572 | R²: 0.083 | n=251
2026-04-28 00:18:03,061 [INFO] pipeline:   Beta estatístico: 1.257 | Beta utilizado: 0.850
2026-04-28 00:18:03,062 [INFO] pipeline: 
[2/6] Coletando dados macroeconômicos (BCB)...
2026-04-28 00:18:03,385 [WARNING] pipeline.macro: Não foi possível obter Focus Selic: 400 Client Error: Bad Request for url: https://olinda.bcb.gov.br/olinda/servico/Expectativas/versao/v1/odata/ExpectativasMercadoAnuais?%24filter=Indicador%20eq%20'Selic'&%24top=100&%24format=json&%24select=Indicador,Data,Ano,Mediana
2026-04-28 00:18:03,671 [WARNING] pipeline.macro: Não foi possível obter Focus IPCA: 400 Client Error: Bad Request for url: https://olinda.bcb.gov.br/olinda/servico/Expectativas/versao/v1/odata/ExpectativasMercadoAnuais?%24filter=Indicador%20eq%20'IPCA'&%24top=100&%24format=json&%24select=Indicador,Data,Ano,Mediana
2026-04-28 00:18:03,672 [INFO] pipeline.macro: 
=== Coletando dados macroeconômicos ===
2026-04-28 00:18:03,672 [INFO] pipeline.macro: Baixando série BCB 432...
2026-04-28 00:18:04,559 [ERROR] pipeline.macro: Erro ao baixar série BCB 432: 406 Client Error: Not Acceptable for url: https://api.bcb.gov.br/dados/serie/bcdata.sgs.432/dados?formato=json&dataInicial=01%2F01%2F2010&dataFinal=28%2F04%2F2026
2026-04-28 00:18:04,559 [WARNING] pipeline.macro: Série Selic meta sem DatetimeIndex — usando fallback histórico
2026-04-28 00:18:04,560 [INFO] pipeline.macro: Baixando série BCB 12...
2026-04-28 00:18:04,673 [ERROR] pipeline.macro: Erro ao baixar série BCB 12: 406 Client Error: Not Acceptable for url: https://api.bcb.gov.br/dados/serie/bcdata.sgs.12/dados?formato=json&dataInicial=01%2F01%2F2010&dataFinal=28%2F04%2F2026
2026-04-28 00:18:04,673 [WARNING] pipeline.macro: Série DI sem DatetimeIndex — usando fallback histórico
2026-04-28 00:18:04,674 [INFO] pipeline.macro: Baixando série BCB 13522...
2026-04-28 00:18:04,905 [INFO] pipeline.macro:   Série 13522: 195 observações (2010-01-01 → 2026-03-01)
2026-04-28 00:18:04,906 [WARNING] pipeline.macro: IPCA calculado fora do intervalo plausível (55.3%) para 2019 — usando fallback
2026-04-28 00:18:04,907 [WARNING] pipeline.macro: IPCA calculado fora do intervalo plausível (46.1%) para 2020 — usando fallback
2026-04-28 00:18:04,907 [WARNING] pipeline.macro: IPCA calculado fora do intervalo plausível (159.3%) para 2021 — usando fallback
2026-04-28 00:18:04,908 [WARNING] pipeline.macro: IPCA calculado fora do intervalo plausível (191.2%) para 2022 — usando fallback
2026-04-28 00:18:04,908 [WARNING] pipeline.macro: IPCA calculado fora do intervalo plausível (71.5%) para 2023 — usando fallback
2026-04-28 00:18:04,909 [WARNING] pipeline.macro: IPCA calculado fora do intervalo plausível (67.0%) para 2024 — usando fallback
2026-04-28 00:18:04,909 [INFO] pipeline.macro: Baixando série BCB 258...
2026-04-28 00:18:05,058 [ERROR] pipeline.macro: Erro ao baixar série BCB 258: 406 Client Error: Not Acceptable for url: https://api.bcb.gov.br/dados/serie/bcdata.sgs.258/dados?formato=json&dataInicial=01%2F01%2F2010&dataFinal=28%2F04%2F2026
2026-04-28 00:18:05,058 [WARNING] pipeline.macro: Série TJLP sem DatetimeIndex — usando fallback histórico
2026-04-28 00:18:05,058 [INFO] pipeline.macro: Baixando série BCB 29039...
2026-04-28 00:18:05,176 [INFO] pipeline.macro:   Série 29039: 195 observações (2010-01-01 → 2026-03-01)
2026-04-28 00:18:05,179 [INFO] pipeline.macro: Baixando série BCB 13522...
2026-04-28 00:18:05,290 [INFO] pipeline.macro:   Série 13522: 195 observações (2010-01-01 → 2026-03-01)
2026-04-28 00:18:05,291 [WARNING] pipeline.macro: IPCA calculado fora do intervalo plausível (55.3%) para 2019 — usando fallback
2026-04-28 00:18:05,291 [WARNING] pipeline.macro: IPCA calculado fora do intervalo plausível (46.1%) para 2020 — usando fallback
2026-04-28 00:18:05,291 [WARNING] pipeline.macro: IPCA calculado fora do intervalo plausível (159.3%) para 2021 — usando fallback
2026-04-28 00:18:05,292 [WARNING] pipeline.macro: IPCA calculado fora do intervalo plausível (191.2%) para 2022 — usando fallback
2026-04-28 00:18:05,292 [WARNING] pipeline.macro: IPCA calculado fora do intervalo plausível (71.5%) para 2023 — usando fallback
2026-04-28 00:18:05,293 [WARNING] pipeline.macro: IPCA calculado fora do intervalo plausível (67.0%) para 2024 — usando fallback
2026-04-28 00:18:05,293 [INFO] pipeline.macro: 
RESUMO MACRO HISTÓRICO:
2026-04-28 00:18:05,294 [INFO] pipeline.macro:   selic_meta     : 2020: 2.00% | 2021: 9.25% | 2022: 13.75% | 2023: 11.75% | 2024: 11.75%
2026-04-28 00:18:05,294 [INFO] pipeline.macro:   selic_efet     : 2020: 2.28% | 2021: 4.48% | 2022: 12.33% | 2023: 13.15% | 2024: 10.73%
2026-04-28 00:18:05,294 [INFO] pipeline.macro:   ipca           : 2020: 4.52% | 2021: 10.06% | 2022: 5.62% | 2023: 4.62% | 2024: 4.83%
2026-04-28 00:18:05,294 [INFO] pipeline.macro:   tjlp           : 2020: 5.25% | 2021: 5.25% | 2022: 6.25% | 2023: 7.00% | 2024: 7.00%
2026-04-28 00:18:05,294 [INFO] pipeline.macro:   cds            : 2020: 0.44% | 2021: 0.73% | 2022: 1.26% | 2023: 0.84% | 2024: 0.81%
2026-04-28 00:18:05,294 [INFO] pipeline.macro:   inflacao_impl  : 2020: 4.52% | 2021: 10.06% | 2022: 5.62% | 2023: 4.62% | 2024: 4.83%
2026-04-28 00:18:05,294 [INFO] pipeline: 
[3/6] Baixando demonstrações financeiras (CVM)...
2026-04-28 00:18:05,295 [INFO] pipeline.cvm: 
==================================================
2026-04-28 00:18:05,295 [INFO] pipeline.cvm: Baixando DFP 2019...
2026-04-28 00:18:05,295 [INFO] pipeline.cvm: Baixando: https://dados.cvm.gov.br/dados/CIA_ABERTA/DOC/DFP/DADOS/dfp_cia_aberta_2019.zip
2026-04-28 00:18:08,165 [INFO] pipeline.cvm:   DFP dre 2019: 62 linhas
2026-04-28 00:18:08,165 [INFO] pipeline.cvm: Baixando: https://dados.cvm.gov.br/dados/CIA_ABERTA/DOC/DFP/DADOS/dfp_cia_aberta_2019.zip
2026-04-28 00:18:11,265 [INFO] pipeline.cvm:   DFP bpa 2019: 128 linhas
2026-04-28 00:18:11,265 [INFO] pipeline.cvm: Baixando: https://dados.cvm.gov.br/dados/CIA_ABERTA/DOC/DFP/DADOS/dfp_cia_aberta_2019.zip
2026-04-28 00:18:16,019 [INFO] pipeline.cvm:   DFP bpp 2019: 220 linhas
2026-04-28 00:18:16,019 [INFO] pipeline.cvm: Baixando: https://dados.cvm.gov.br/dados/CIA_ABERTA/DOC/DFP/DADOS/dfp_cia_aberta_2019.zip
2026-04-28 00:18:19,260 [INFO] pipeline.cvm:   DFP dfc_mi 2019: 110 linhas
2026-04-28 00:18:19,260 [INFO] pipeline.cvm: Baixando: https://dados.cvm.gov.br/dados/CIA_ABERTA/DOC/DFP/DADOS/dfp_cia_aberta_2019.zip
2026-04-28 00:18:21,214 [WARNING] pipeline.cvm:   Empresa 6505 não encontrada em dfc_md 2019
2026-04-28 00:18:21,214 [INFO] pipeline.cvm: 
==================================================
2026-04-28 00:18:21,215 [INFO] pipeline.cvm: Baixando DFP 2020...
2026-04-28 00:18:21,215 [INFO] pipeline.cvm: Baixando: https://dados.cvm.gov.br/dados/CIA_ABERTA/DOC/DFP/DADOS/dfp_cia_aberta_2020.zip
2026-04-28 00:18:24,374 [INFO] pipeline.cvm:   DFP dre 2020: 62 linhas
2026-04-28 00:18:24,374 [INFO] pipeline.cvm: Baixando: https://dados.cvm.gov.br/dados/CIA_ABERTA/DOC/DFP/DADOS/dfp_cia_aberta_2020.zip
2026-04-28 00:18:28,294 [INFO] pipeline.cvm:   DFP bpa 2020: 128 linhas
2026-04-28 00:18:28,294 [INFO] pipeline.cvm: Baixando: https://dados.cvm.gov.br/dados/CIA_ABERTA/DOC/DFP/DADOS/dfp_cia_aberta_2020.zip
2026-04-28 00:18:33,423 [INFO] pipeline.cvm:   DFP bpp 2020: 226 linhas
2026-04-28 00:18:33,423 [INFO] pipeline.cvm: Baixando: https://dados.cvm.gov.br/dados/CIA_ABERTA/DOC/DFP/DADOS/dfp_cia_aberta_2020.zip
2026-04-28 00:18:36,681 [INFO] pipeline.cvm:   DFP dfc_mi 2020: 122 linhas
2026-04-28 00:18:36,681 [INFO] pipeline.cvm: Baixando: https://dados.cvm.gov.br/dados/CIA_ABERTA/DOC/DFP/DADOS/dfp_cia_aberta_2020.zip
2026-04-28 00:18:38,734 [WARNING] pipeline.cvm:   Empresa 6505 não encontrada em dfc_md 2020
2026-04-28 00:18:38,734 [INFO] pipeline.cvm: 
==================================================
2026-04-28 00:18:38,734 [INFO] pipeline.cvm: Baixando DFP 2021...
2026-04-28 00:18:38,734 [INFO] pipeline.cvm: Baixando: https://dados.cvm.gov.br/dados/CIA_ABERTA/DOC/DFP/DADOS/dfp_cia_aberta_2021.zip
2026-04-28 00:18:41,981 [INFO] pipeline.cvm:   DFP dre 2021: 62 linhas
2026-04-28 00:18:41,981 [INFO] pipeline.cvm: Baixando: https://dados.cvm.gov.br/dados/CIA_ABERTA/DOC/DFP/DADOS/dfp_cia_aberta_2021.zip
2026-04-28 00:18:46,289 [INFO] pipeline.cvm:   DFP bpa 2021: 128 linhas
2026-04-28 00:18:46,289 [INFO] pipeline.cvm: Baixando: https://dados.cvm.gov.br/dados/CIA_ABERTA/DOC/DFP/DADOS/dfp_cia_aberta_2021.zip
2026-04-28 00:18:51,895 [INFO] pipeline.cvm:   DFP bpp 2021: 226 linhas
2026-04-28 00:18:51,895 [INFO] pipeline.cvm: Baixando: https://dados.cvm.gov.br/dados/CIA_ABERTA/DOC/DFP/DADOS/dfp_cia_aberta_2021.zip
2026-04-28 00:18:56,050 [INFO] pipeline.cvm:   DFP dfc_mi 2021: 126 linhas
2026-04-28 00:18:56,050 [INFO] pipeline.cvm: Baixando: https://dados.cvm.gov.br/dados/CIA_ABERTA/DOC/DFP/DADOS/dfp_cia_aberta_2021.zip
2026-04-28 00:18:58,420 [WARNING] pipeline.cvm:   Empresa 6505 não encontrada em dfc_md 2021
2026-04-28 00:18:58,420 [INFO] pipeline.cvm: 
==================================================
2026-04-28 00:18:58,420 [INFO] pipeline.cvm: Baixando DFP 2022...
2026-04-28 00:18:58,420 [INFO] pipeline.cvm: Baixando: https://dados.cvm.gov.br/dados/CIA_ABERTA/DOC/DFP/DADOS/dfp_cia_aberta_2022.zip
2026-04-28 00:19:01,899 [INFO] pipeline.cvm:   DFP dre 2022: 62 linhas
2026-04-28 00:19:01,899 [INFO] pipeline.cvm: Baixando: https://dados.cvm.gov.br/dados/CIA_ABERTA/DOC/DFP/DADOS/dfp_cia_aberta_2022.zip
2026-04-28 00:19:07,043 [INFO] pipeline.cvm:   DFP bpa 2022: 128 linhas
2026-04-28 00:19:07,044 [INFO] pipeline.cvm: Baixando: https://dados.cvm.gov.br/dados/CIA_ABERTA/DOC/DFP/DADOS/dfp_cia_aberta_2022.zip
2026-04-28 00:19:14,259 [INFO] pipeline.cvm:   DFP bpp 2022: 230 linhas
2026-04-28 00:19:14,259 [INFO] pipeline.cvm: Baixando: https://dados.cvm.gov.br/dados/CIA_ABERTA/DOC/DFP/DADOS/dfp_cia_aberta_2022.zip
2026-04-28 00:19:19,702 [INFO] pipeline.cvm:   DFP dfc_mi 2022: 132 linhas
2026-04-28 00:19:19,702 [INFO] pipeline.cvm: Baixando: https://dados.cvm.gov.br/dados/CIA_ABERTA/DOC/DFP/DADOS/dfp_cia_aberta_2022.zip
2026-04-28 00:19:22,920 [WARNING] pipeline.cvm:   Empresa 6505 não encontrada em dfc_md 2022
2026-04-28 00:19:22,921 [INFO] pipeline.cvm: 
==================================================
2026-04-28 00:19:22,921 [INFO] pipeline.cvm: Baixando DFP 2023...
2026-04-28 00:19:22,921 [INFO] pipeline.cvm: Baixando: https://dados.cvm.gov.br/dados/CIA_ABERTA/DOC/DFP/DADOS/dfp_cia_aberta_2023.zip
2026-04-28 00:19:27,462 [INFO] pipeline.cvm:   DFP dre 2023: 62 linhas
2026-04-28 00:19:27,463 [INFO] pipeline.cvm: Baixando: https://dados.cvm.gov.br/dados/CIA_ABERTA/DOC/DFP/DADOS/dfp_cia_aberta_2023.zip
2026-04-28 00:19:33,282 [INFO] pipeline.cvm:   DFP bpa 2023: 128 linhas
2026-04-28 00:19:33,283 [INFO] pipeline.cvm: Baixando: https://dados.cvm.gov.br/dados/CIA_ABERTA/DOC/DFP/DADOS/dfp_cia_aberta_2023.zip
2026-04-28 00:19:40,782 [INFO] pipeline.cvm:   DFP bpp 2023: 230 linhas
2026-04-28 00:19:40,782 [INFO] pipeline.cvm: Baixando: https://dados.cvm.gov.br/dados/CIA_ABERTA/DOC/DFP/DADOS/dfp_cia_aberta_2023.zip
2026-04-28 00:19:45,567 [INFO] pipeline.cvm:   DFP dfc_mi 2023: 132 linhas
2026-04-28 00:19:45,567 [INFO] pipeline.cvm: Baixando: https://dados.cvm.gov.br/dados/CIA_ABERTA/DOC/DFP/DADOS/dfp_cia_aberta_2023.zip
2026-04-28 00:19:48,516 [WARNING] pipeline.cvm:   Empresa 6505 não encontrada em dfc_md 2023
2026-04-28 00:19:48,517 [INFO] pipeline.cvm: 
==================================================
2026-04-28 00:19:48,517 [INFO] pipeline.cvm: Baixando DFP 2024...
2026-04-28 00:19:48,517 [INFO] pipeline.cvm: Baixando: https://dados.cvm.gov.br/dados/CIA_ABERTA/DOC/DFP/DADOS/dfp_cia_aberta_2024.zip
2026-04-28 00:19:51,615 [INFO] pipeline.cvm:   DFP dre 2024: 70 linhas
2026-04-28 00:19:51,615 [INFO] pipeline.cvm: Baixando: https://dados.cvm.gov.br/dados/CIA_ABERTA/DOC/DFP/DADOS/dfp_cia_aberta_2024.zip
2026-04-28 00:19:55,537 [INFO] pipeline.cvm:   DFP bpa 2024: 128 linhas
2026-04-28 00:19:55,537 [INFO] pipeline.cvm: Baixando: https://dados.cvm.gov.br/dados/CIA_ABERTA/DOC/DFP/DADOS/dfp_cia_aberta_2024.zip
2026-04-28 00:20:02,366 [INFO] pipeline.cvm:   DFP bpp 2024: 230 linhas
2026-04-28 00:20:02,367 [INFO] pipeline.cvm: Baixando: https://dados.cvm.gov.br/dados/CIA_ABERTA/DOC/DFP/DADOS/dfp_cia_aberta_2024.zip
2026-04-28 00:20:06,952 [INFO] pipeline.cvm:   DFP dfc_mi 2024: 134 linhas
2026-04-28 00:20:06,953 [INFO] pipeline.cvm: Baixando: https://dados.cvm.gov.br/dados/CIA_ABERTA/DOC/DFP/DADOS/dfp_cia_aberta_2024.zip
2026-04-28 00:20:10,721 [WARNING] pipeline.cvm:   Empresa 6505 não encontrada em dfc_md 2024
2026-04-28 00:20:10,721 [INFO] pipeline.cvm: 
==================================================
2026-04-28 00:20:10,721 [INFO] pipeline.cvm: Baixando DFP 2025...
2026-04-28 00:20:10,722 [INFO] pipeline.cvm: Baixando: https://dados.cvm.gov.br/dados/CIA_ABERTA/DOC/DFP/DADOS/dfp_cia_aberta_2025.zip
2026-04-28 00:20:14,491 [INFO] pipeline.cvm:   DFP dre 2025: 70 linhas
2026-04-28 00:20:14,491 [INFO] pipeline.cvm: Baixando: https://dados.cvm.gov.br/dados/CIA_ABERTA/DOC/DFP/DADOS/dfp_cia_aberta_2025.zip
2026-04-28 00:20:18,758 [INFO] pipeline.cvm:   DFP bpa 2025: 132 linhas
2026-04-28 00:20:18,758 [INFO] pipeline.cvm: Baixando: https://dados.cvm.gov.br/dados/CIA_ABERTA/DOC/DFP/DADOS/dfp_cia_aberta_2025.zip
2026-04-28 00:20:24,039 [INFO] pipeline.cvm:   DFP bpp 2025: 232 linhas
2026-04-28 00:20:24,039 [INFO] pipeline.cvm: Baixando: https://dados.cvm.gov.br/dados/CIA_ABERTA/DOC/DFP/DADOS/dfp_cia_aberta_2025.zip
2026-04-28 00:20:27,766 [INFO] pipeline.cvm:   DFP dfc_mi 2025: 134 linhas
2026-04-28 00:20:27,767 [INFO] pipeline.cvm: Baixando: https://dados.cvm.gov.br/dados/CIA_ABERTA/DOC/DFP/DADOS/dfp_cia_aberta_2025.zip
2026-04-28 00:20:29,820 [WARNING] pipeline.cvm:   Empresa 6505 não encontrada em dfc_md 2025
2026-04-28 00:20:29,821 [INFO] pipeline:   Anos ajustados → Histórico: 2019-2025 | Projeção: 2026-2035
2026-04-28 00:20:29,821 [INFO] pipeline: 
[4/6] Normalizando dados...
2026-04-28 00:20:32,533 [INFO] pipeline:   DFC normalizada: 11 linhas
2026-04-28 00:20:32,537 [INFO] pipeline:   DRE normalizada:
2026-04-28 00:20:32,537 [INFO] pipeline:     receita_liquida: 2019: 25,655 | 2020: 28,901 | 2021: 30,899 | 2022: 30,898 | 2023: 28,847 | 2024: 27,206 | 2025: 29,197
2026-04-28 00:20:32,537 [INFO] pipeline:     ebit: 2019: -1,042 | 2020: 1,619 | 2021: -343 | 2022: 1,161 | 2023: -1,161 | 2024: 510 | 2025: 1,343
2026-04-28 00:20:32,537 [INFO] pipeline:     lucro_liquido: 2019: -1,433 | 2020: 1,004 | 2021: -297 | 2022: -342 | 2023: -2,625 | 2024: -1,045 | 2025: -2,988
2026-04-28 00:20:32,537 [INFO] pipeline: 
[5/6] Calculando projeções...
2026-04-28 00:20:32,538 [INFO] pipeline.projecoes: 
=== Projeções (não-financeira / FCFF) ===
2026-04-28 00:20:32,539 [INFO] pipeline.projecoes:   Margem EBITDA: 6.4% → 6.0% (conv 6a)
2026-04-28 00:20:32,539 [INFO] pipeline.projecoes:   D&A/Receita: 1.8%
2026-04-28 00:20:32,541 [INFO] pipeline.projecoes:   CAPEX/Receita: 0.1% → 3.0%
2026-04-28 00:20:32,542 [INFO] pipeline.projecoes:   NCG/Receita: 11.2% → 10.0%
2026-04-28 00:20:32,544 [INFO] pipeline.projecoes:   Alíquota efetiva: 33.0%
2026-04-28 00:20:32,544 [INFO] pipeline.projecoes: Projeções concluídas (FCFF). Resumo:
2026-04-28 00:20:32,544 [INFO] pipeline.projecoes:    Ano      Receita     EBITDA    Mg%      NOPAT       FCFF
2026-04-28 00:20:32,544 [INFO] pipeline.projecoes:   2026       31,387      1,980   6.3%        942       -443
2026-04-28 00:20:32,544 [INFO] pipeline.projecoes:   2027       33,584      2,098   6.2%        994      1,028
2026-04-28 00:20:32,544 [INFO] pipeline.projecoes:   2028       35,767      2,212   6.2%      1,043        893
2026-04-28 00:20:32,545 [INFO] pipeline.projecoes:   2029       37,913      2,322   6.1%      1,090        732
2026-04-28 00:20:32,545 [INFO] pipeline.projecoes:   2030       39,998      2,425   6.1%      1,134        545
2026-04-28 00:20:32,545 [INFO] pipeline.valuation:   Estrutura de capital: E=36% | D=64%
2026-04-28 00:20:32,545 [INFO] pipeline: 
[6/6] Calculando valuation (FCFF / WACC)...
2026-04-28 00:20:32,545 [INFO] pipeline.valuation: 
==================================================
2026-04-28 00:20:32,545 [INFO] pipeline.valuation: VALUATION FCFF/WACC — BHIA3
2026-04-28 00:20:32,545 [INFO] pipeline.valuation:   VP FCFF (10a):     R$        3,122 MM
2026-04-28 00:20:32,545 [INFO] pipeline.valuation:   Valor Perp. (VP):  R$        3,276 MM
2026-04-28 00:20:32,545 [INFO] pipeline.valuation:   ENTERPRISE VALUE:  R$        6,397 MM
2026-04-28 00:20:32,546 [INFO] pipeline.valuation:   (-) Dívida Líq.:   R$        4,759 MM
2026-04-28 00:20:32,546 [INFO] pipeline.valuation:   VALOR DO EQUITY:   R$        1,638 MM
2026-04-28 00:20:32,546 [INFO] pipeline.valuation:   Preço Justo ON:    R$     1.68
2026-04-28 00:20:32,546 [INFO] pipeline.valuation:   Preço Justo PN:    R$     1.68
2026-04-28 00:20:32,546 [INFO] pipeline.valuation:   Cotação ON:        R$     2.70
2026-04-28 00:20:32,546 [INFO] pipeline.valuation:   Upside ON:              -37.8%
2026-04-28 00:20:32,546 [INFO] pipeline.valuation:   TIR (ON):                20.6%
2026-04-28 00:20:32,546 [INFO] pipeline.valuation:   WACC último ano:         12.0%
2026-04-28 00:20:32,548 [INFO] pipeline:   Sem template VAROS para BHIA3 — Excel será criado do zero
2026-04-28 00:20:32,549 [INFO] pipeline.excel_geral: 
============================================================
2026-04-28 00:20:32,549 [INFO] pipeline.excel_geral: Criando Excel completo (12 abas) para: Casas Bahia (BHIA3)
2026-04-28 00:20:32,550 [INFO] pipeline.excel_geral:   → 1/12  Dashboard
2026-04-28 00:20:32,561 [INFO] pipeline.excel_geral:   → 2/12  WACC
2026-04-28 00:20:32,600 [INFO] pipeline.excel_geral:   → 3/12  TIR ON
2026-04-28 00:20:32,612 [INFO] pipeline.excel_geral:   → 4/12  TIR PN
2026-04-28 00:20:32,622 [INFO] pipeline.excel_geral:   → 5/12  Valor do Equity
2026-04-28 00:20:32,628 [INFO] pipeline.excel_geral:   → 6/12  Preço Teto
2026-04-28 00:20:32,635 [INFO] pipeline.excel_geral:   → 7/12  DRE + DCF
2026-04-28 00:20:32,766 [INFO] pipeline.excel_geral:   → 8/12  DRE Contas Abertas
2026-04-28 00:20:32,831 [INFO] pipeline.excel_geral:   → 9/12  Balanço Patrimonial
2026-04-28 00:20:32,878 [INFO] pipeline.excel_geral:   → 10/12 Painel de Índices
2026-04-28 00:20:32,948 [INFO] pipeline.excel_geral:   → 11/12 Projeções Premissas
2026-04-28 00:20:32,975 [INFO] pipeline.excel_geral:   → 12/12 Projeções Capex e CG
2026-04-28 00:20:33,082 [INFO] pipeline.excel_geral: 
Arquivo salvo: C:\Users\55819\OneDrive - EPEJUD\DIEGO\OBSIDIAN\Analista de Investimentos\12_PYTHON\pipeline banco completo\outputs\Valuation_BHIA3_Casas Bahia_20260428.xlsx
2026-04-28 00:20:33,082 [INFO] pipeline: 
======================================================================
2026-04-28 00:20:33,083 [INFO] pipeline: RESUMO DO VALUATION (FCFF/WACC)
2026-04-28 00:20:33,083 [INFO] pipeline: ======================================================================
2026-04-28 00:20:33,083 [INFO] pipeline:   Empresa:           Casas Bahia (BHIA3)
2026-04-28 00:20:33,083 [INFO] pipeline:   Enterprise Value:  R$        6,397 MM
2026-04-28 00:20:33,083 [INFO] pipeline:   Cotação ON:        R$ 2.70
2026-04-28 00:20:33,083 [INFO] pipeline:   Preço Justo ON:    R$ 1.68
2026-04-28 00:20:33,083 [INFO] pipeline:   Upside ON:            -37.8%
2026-04-28 00:20:33,083 [INFO] pipeline:   TIR:                  20.6%
2026-04-28 00:20:33,083 [INFO] pipeline:   Preço Teto ON:     R$ 1.68
2026-04-28 00:20:33,083 [INFO] pipeline: 
  Arquivo gerado:    C:\Users\55819\OneDrive - EPEJUD\DIEGO\OBSIDIAN\Analista de Investimentos\12_PYTHON\pipeline banco completo\outputs\Valuation_BHIA3_Casas Bahia_20260428.xlsx
2026-04-28 00:20:33,083 [INFO] pipeline: ======================================================================
2026-04-28 00:20:33,086 [INFO] pipeline: ✓ BHIA3: arquivo gerado → C:\Users\55819\OneDrive - EPEJUD\DIEGO\OBSIDIAN\Analista de Investimentos\12_PYTHON\pipeline banco completo\outputs\Valuation_BHIA3_Casas Bahia_20260428.xlsx
2026-04-28 00:20:33,086 [INFO] pipeline: 
──────────────────────────────────────────────────────────────────────
2026-04-28 00:20:33,086 [INFO] pipeline: Processando: ASAI3 (Assaí Atacadista)
2026-04-28 00:20:33,086 [INFO] pipeline: ──────────────────────────────────────────────────────────────────────
2026-04-28 00:20:33,086 [INFO] pipeline: ======================================================================
2026-04-28 00:20:33,087 [INFO] pipeline: PIPELINE DE VALUATION [CONSUMO_VAREJO] — ASAI3 — Assaí Atacadista
2026-04-28 00:20:33,087 [INFO] pipeline: Início: 2026-04-28 00:20:33
2026-04-28 00:20:33,087 [INFO] pipeline:   Setor: consumo_varejo | Motor: WACC
2026-04-28 00:20:33,087 [INFO] pipeline: ======================================================================
2026-04-28 00:20:33,087 [INFO] pipeline: 
[1/6] Coletando dados de mercado...
2026-04-28 00:20:33,087 [INFO] pipeline:   Buscando cotação via yfinance...
2026-04-28 00:20:33,087 [INFO] pipeline.mercado: Buscando cotação atual: ASAI3.SA
2026-04-28 00:20:34,414 [INFO] pipeline:   Cotação ON: R$ 9.58  |  Cotação PN: R$ 0.00
2026-04-28 00:20:34,542 [INFO] pipeline.mercado: Calculando beta: ASAI3 (252 dias úteis)
2026-04-28 00:20:34,542 [INFO] pipeline.mercado: Baixando preços: ASAI3.SA (2019-01-01 → 2026-04-28)
2026-04-28 00:20:35,124 [INFO] pipeline.mercado:   1287 dias de preços carregados
2026-04-28 00:20:35,125 [INFO] pipeline.mercado: Baixando preços: ^BVSP (2019-01-01 → 2026-04-28)
2026-04-28 00:20:35,553 [INFO] pipeline.mercado:   1820 dias de preços carregados
2026-04-28 00:20:35,563 [INFO] pipeline.mercado:   Beta estatístico: 1.6919 | R²: 0.347 | n=251
2026-04-28 00:20:35,565 [INFO] pipeline:   Beta estatístico: 1.692 | Beta utilizado: 0.850
2026-04-28 00:20:35,565 [INFO] pipeline: 
[2/6] Coletando dados macroeconômicos (BCB)...
2026-04-28 00:20:35,851 [WARNING] pipeline.macro: Não foi possível obter Focus Selic: 400 Client Error: Bad Request for url: https://olinda.bcb.gov.br/olinda/servico/Expectativas/versao/v1/odata/ExpectativasMercadoAnuais?%24filter=Indicador%20eq%20'Selic'&%24top=100&%24format=json&%24select=Indicador,Data,Ano,Mediana
2026-04-28 00:20:36,127 [WARNING] pipeline.macro: Não foi possível obter Focus IPCA: 400 Client Error: Bad Request for url: https://olinda.bcb.gov.br/olinda/servico/Expectativas/versao/v1/odata/ExpectativasMercadoAnuais?%24filter=Indicador%20eq%20'IPCA'&%24top=100&%24format=json&%24select=Indicador,Data,Ano,Mediana
2026-04-28 00:20:36,128 [INFO] pipeline.macro: 
=== Coletando dados macroeconômicos ===
2026-04-28 00:20:36,129 [INFO] pipeline.macro: Baixando série BCB 432...
2026-04-28 00:20:36,404 [ERROR] pipeline.macro: Erro ao baixar série BCB 432: 406 Client Error: Not Acceptable for url: https://api.bcb.gov.br/dados/serie/bcdata.sgs.432/dados?formato=json&dataInicial=01%2F01%2F2010&dataFinal=28%2F04%2F2026
2026-04-28 00:20:36,404 [WARNING] pipeline.macro: Série Selic meta sem DatetimeIndex — usando fallback histórico
2026-04-28 00:20:36,404 [INFO] pipeline.macro: Baixando série BCB 12...
2026-04-28 00:20:36,501 [ERROR] pipeline.macro: Erro ao baixar série BCB 12: 406 Client Error: Not Acceptable for url: https://api.bcb.gov.br/dados/serie/bcdata.sgs.12/dados?formato=json&dataInicial=01%2F01%2F2010&dataFinal=28%2F04%2F2026
2026-04-28 00:20:36,501 [WARNING] pipeline.macro: Série DI sem DatetimeIndex — usando fallback histórico
2026-04-28 00:20:36,501 [INFO] pipeline.macro: Baixando série BCB 13522...
2026-04-28 00:20:36,625 [INFO] pipeline.macro:   Série 13522: 195 observações (2010-01-01 → 2026-03-01)
2026-04-28 00:20:36,626 [WARNING] pipeline.macro: IPCA calculado fora do intervalo plausível (55.3%) para 2019 — usando fallback
2026-04-28 00:20:36,627 [WARNING] pipeline.macro: IPCA calculado fora do intervalo plausível (46.1%) para 2020 — usando fallback
2026-04-28 00:20:36,627 [WARNING] pipeline.macro: IPCA calculado fora do intervalo plausível (159.3%) para 2021 — usando fallback
2026-04-28 00:20:36,628 [WARNING] pipeline.macro: IPCA calculado fora do intervalo plausível (191.2%) para 2022 — usando fallback
2026-04-28 00:20:36,628 [WARNING] pipeline.macro: IPCA calculado fora do intervalo plausível (71.5%) para 2023 — usando fallback
2026-04-28 00:20:36,629 [WARNING] pipeline.macro: IPCA calculado fora do intervalo plausível (67.0%) para 2024 — usando fallback
2026-04-28 00:20:36,629 [INFO] pipeline.macro: Baixando série BCB 258...
2026-04-28 00:20:36,743 [ERROR] pipeline.macro: Erro ao baixar série BCB 258: 406 Client Error: Not Acceptable for url: https://api.bcb.gov.br/dados/serie/bcdata.sgs.258/dados?formato=json&dataInicial=01%2F01%2F2010&dataFinal=28%2F04%2F2026
2026-04-28 00:20:36,744 [WARNING] pipeline.macro: Série TJLP sem DatetimeIndex — usando fallback histórico
2026-04-28 00:20:36,744 [INFO] pipeline.macro: Baixando série BCB 29039...
2026-04-28 00:20:36,870 [INFO] pipeline.macro:   Série 29039: 195 observações (2010-01-01 → 2026-03-01)
2026-04-28 00:20:36,872 [INFO] pipeline.macro: Baixando série BCB 13522...
2026-04-28 00:20:36,983 [INFO] pipeline.macro:   Série 13522: 195 observações (2010-01-01 → 2026-03-01)
2026-04-28 00:20:36,985 [WARNING] pipeline.macro: IPCA calculado fora do intervalo plausível (55.3%) para 2019 — usando fallback
2026-04-28 00:20:36,985 [WARNING] pipeline.macro: IPCA calculado fora do intervalo plausível (46.1%) para 2020 — usando fallback
2026-04-28 00:20:36,986 [WARNING] pipeline.macro: IPCA calculado fora do intervalo plausível (159.3%) para 2021 — usando fallback
2026-04-28 00:20:36,987 [WARNING] pipeline.macro: IPCA calculado fora do intervalo plausível (191.2%) para 2022 — usando fallback
2026-04-28 00:20:36,988 [WARNING] pipeline.macro: IPCA calculado fora do intervalo plausível (71.5%) para 2023 — usando fallback
2026-04-28 00:20:36,988 [WARNING] pipeline.macro: IPCA calculado fora do intervalo plausível (67.0%) para 2024 — usando fallback
2026-04-28 00:20:36,989 [INFO] pipeline.macro: 
RESUMO MACRO HISTÓRICO:
2026-04-28 00:20:36,989 [INFO] pipeline.macro:   selic_meta     : 2020: 2.00% | 2021: 9.25% | 2022: 13.75% | 2023: 11.75% | 2024: 11.75%
2026-04-28 00:20:36,989 [INFO] pipeline.macro:   selic_efet     : 2020: 2.28% | 2021: 4.48% | 2022: 12.33% | 2023: 13.15% | 2024: 10.73%
2026-04-28 00:20:36,989 [INFO] pipeline.macro:   ipca           : 2020: 4.52% | 2021: 10.06% | 2022: 5.62% | 2023: 4.62% | 2024: 4.83%
2026-04-28 00:20:36,989 [INFO] pipeline.macro:   tjlp           : 2020: 5.25% | 2021: 5.25% | 2022: 6.25% | 2023: 7.00% | 2024: 7.00%
2026-04-28 00:20:36,989 [INFO] pipeline.macro:   cds            : 2020: 0.44% | 2021: 0.73% | 2022: 1.26% | 2023: 0.84% | 2024: 0.81%
2026-04-28 00:20:36,989 [INFO] pipeline.macro:   inflacao_impl  : 2020: 4.52% | 2021: 10.06% | 2022: 5.62% | 2023: 4.62% | 2024: 4.83%
2026-04-28 00:20:36,990 [INFO] pipeline: 
[3/6] Baixando demonstrações financeiras (CVM)...
2026-04-28 00:20:36,990 [INFO] pipeline.cvm: 
==================================================
2026-04-28 00:20:36,990 [INFO] pipeline.cvm: Baixando DFP 2019...
2026-04-28 00:20:36,991 [INFO] pipeline.cvm: Baixando: https://dados.cvm.gov.br/dados/CIA_ABERTA/DOC/DFP/DADOS/dfp_cia_aberta_2019.zip
2026-04-28 00:20:41,293 [INFO] pipeline.cvm:   DFP dre 2019: 70 linhas
2026-04-28 00:20:41,293 [INFO] pipeline.cvm: Baixando: https://dados.cvm.gov.br/dados/CIA_ABERTA/DOC/DFP/DADOS/dfp_cia_aberta_2019.zip
2026-04-28 00:20:44,462 [INFO] pipeline.cvm:   DFP bpa 2019: 130 linhas
2026-04-28 00:20:44,462 [INFO] pipeline.cvm: Baixando: https://dados.cvm.gov.br/dados/CIA_ABERTA/DOC/DFP/DADOS/dfp_cia_aberta_2019.zip
2026-04-28 00:20:48,965 [INFO] pipeline.cvm:   DFP bpp 2019: 246 linhas
2026-04-28 00:20:48,965 [INFO] pipeline.cvm: Baixando: https://dados.cvm.gov.br/dados/CIA_ABERTA/DOC/DFP/DADOS/dfp_cia_aberta_2019.zip
2026-04-28 00:20:52,557 [INFO] pipeline.cvm:   DFP dfc_mi 2019: 116 linhas
2026-04-28 00:20:52,558 [INFO] pipeline.cvm: Baixando: https://dados.cvm.gov.br/dados/CIA_ABERTA/DOC/DFP/DADOS/dfp_cia_aberta_2019.zip
2026-04-28 00:20:54,690 [WARNING] pipeline.cvm:   Empresa 25372 não encontrada em dfc_md 2019
2026-04-28 00:20:54,690 [INFO] pipeline.cvm: 
==================================================
2026-04-28 00:20:54,690 [INFO] pipeline.cvm: Baixando DFP 2020...
2026-04-28 00:20:54,691 [INFO] pipeline.cvm: Baixando: https://dados.cvm.gov.br/dados/CIA_ABERTA/DOC/DFP/DADOS/dfp_cia_aberta_2020.zip
2026-04-28 00:20:58,753 [INFO] pipeline.cvm:   DFP dre 2020: 70 linhas
2026-04-28 00:20:58,753 [INFO] pipeline.cvm: Baixando: https://dados.cvm.gov.br/dados/CIA_ABERTA/DOC/DFP/DADOS/dfp_cia_aberta_2020.zip
2026-04-28 00:21:03,836 [INFO] pipeline.cvm:   DFP bpa 2020: 130 linhas
2026-04-28 00:21:03,836 [INFO] pipeline.cvm: Baixando: https://dados.cvm.gov.br/dados/CIA_ABERTA/DOC/DFP/DADOS/dfp_cia_aberta_2020.zip
2026-04-28 00:21:10,585 [INFO] pipeline.cvm:   DFP bpp 2020: 246 linhas
2026-04-28 00:21:10,585 [INFO] pipeline.cvm: Baixando: https://dados.cvm.gov.br/dados/CIA_ABERTA/DOC/DFP/DADOS/dfp_cia_aberta_2020.zip
2026-04-28 00:21:14,967 [INFO] pipeline.cvm:   DFP dfc_mi 2020: 118 linhas
2026-04-28 00:21:14,967 [INFO] pipeline.cvm: Baixando: https://dados.cvm.gov.br/dados/CIA_ABERTA/DOC/DFP/DADOS/dfp_cia_aberta_2020.zip
2026-04-28 00:21:17,176 [WARNING] pipeline.cvm:   Empresa 25372 não encontrada em dfc_md 2020
2026-04-28 00:21:17,176 [INFO] pipeline.cvm: 
==================================================
2026-04-28 00:21:17,176 [INFO] pipeline.cvm: Baixando DFP 2021...
2026-04-28 00:21:17,176 [INFO] pipeline.cvm: Baixando: https://dados.cvm.gov.br/dados/CIA_ABERTA/DOC/DFP/DADOS/dfp_cia_aberta_2021.zip
2026-04-28 00:21:20,677 [WARNING] pipeline.cvm:   Empresa 25372 não encontrada em dre 2021
2026-04-28 00:21:20,677 [INFO] pipeline.cvm: Baixando: https://dados.cvm.gov.br/dados/CIA_ABERTA/DOC/DFP/DADOS/dfp_cia_aberta_2021.zip
2026-04-28 00:21:25,204 [WARNING] pipeline.cvm:   Empresa 25372 não encontrada em bpa 2021
2026-04-28 00:21:25,204 [INFO] pipeline.cvm: Baixando: https://dados.cvm.gov.br/dados/CIA_ABERTA/DOC/DFP/DADOS/dfp_cia_aberta_2021.zip
2026-04-28 00:21:31,472 [WARNING] pipeline.cvm:   Empresa 25372 não encontrada em bpp 2021
2026-04-28 00:21:31,472 [INFO] pipeline.cvm: Baixando: https://dados.cvm.gov.br/dados/CIA_ABERTA/DOC/DFP/DADOS/dfp_cia_aberta_2021.zip
2026-04-28 00:21:35,460 [WARNING] pipeline.cvm:   Empresa 25372 não encontrada em dfc_mi 2021
2026-04-28 00:21:35,460 [INFO] pipeline.cvm: Baixando: https://dados.cvm.gov.br/dados/CIA_ABERTA/DOC/DFP/DADOS/dfp_cia_aberta_2021.zip
2026-04-28 00:21:38,085 [WARNING] pipeline.cvm:   Empresa 25372 não encontrada em dfc_md 2021
2026-04-28 00:21:38,085 [INFO] pipeline.cvm: 
==================================================
2026-04-28 00:21:38,085 [INFO] pipeline.cvm: Baixando DFP 2022...
2026-04-28 00:21:38,086 [INFO] pipeline.cvm: Baixando: https://dados.cvm.gov.br/dados/CIA_ABERTA/DOC/DFP/DADOS/dfp_cia_aberta_2022.zip
2026-04-28 00:21:41,764 [WARNING] pipeline.cvm:   Empresa 25372 não encontrada em dre 2022
2026-04-28 00:21:41,764 [INFO] pipeline.cvm: Baixando: https://dados.cvm.gov.br/dados/CIA_ABERTA/DOC/DFP/DADOS/dfp_cia_aberta_2022.zip
2026-04-28 00:21:46,853 [WARNING] pipeline.cvm:   Empresa 25372 não encontrada em bpa 2022
2026-04-28 00:21:46,854 [INFO] pipeline.cvm: Baixando: https://dados.cvm.gov.br/dados/CIA_ABERTA/DOC/DFP/DADOS/dfp_cia_aberta_2022.zip
2026-04-28 00:21:56,125 [WARNING] pipeline.cvm:   Empresa 25372 não encontrada em bpp 2022
2026-04-28 00:21:56,125 [INFO] pipeline.cvm: Baixando: https://dados.cvm.gov.br/dados/CIA_ABERTA/DOC/DFP/DADOS/dfp_cia_aberta_2022.zip
2026-04-28 00:22:01,717 [WARNING] pipeline.cvm:   Empresa 25372 não encontrada em dfc_mi 2022
2026-04-28 00:22:01,717 [INFO] pipeline.cvm: Baixando: https://dados.cvm.gov.br/dados/CIA_ABERTA/DOC/DFP/DADOS/dfp_cia_aberta_2022.zip
2026-04-28 00:22:05,129 [WARNING] pipeline.cvm:   Empresa 25372 não encontrada em dfc_md 2022
2026-04-28 00:22:05,129 [INFO] pipeline.cvm: 
==================================================
2026-04-28 00:22:05,129 [INFO] pipeline.cvm: Baixando DFP 2023...
2026-04-28 00:22:05,129 [INFO] pipeline.cvm: Baixando: https://dados.cvm.gov.br/dados/CIA_ABERTA/DOC/DFP/DADOS/dfp_cia_aberta_2023.zip
2026-04-28 00:22:09,134 [WARNING] pipeline.cvm:   Empresa 25372 não encontrada em dre 2023
2026-04-28 00:22:09,134 [INFO] pipeline.cvm: Baixando: https://dados.cvm.gov.br/dados/CIA_ABERTA/DOC/DFP/DADOS/dfp_cia_aberta_2023.zip
2026-04-28 00:22:14,093 [WARNING] pipeline.cvm:   Empresa 25372 não encontrada em bpa 2023
2026-04-28 00:22:14,094 [INFO] pipeline.cvm: Baixando: https://dados.cvm.gov.br/dados/CIA_ABERTA/DOC/DFP/DADOS/dfp_cia_aberta_2023.zip
2026-04-28 00:22:20,045 [WARNING] pipeline.cvm:   Empresa 25372 não encontrada em bpp 2023
2026-04-28 00:22:20,045 [INFO] pipeline.cvm: Baixando: https://dados.cvm.gov.br/dados/CIA_ABERTA/DOC/DFP/DADOS/dfp_cia_aberta_2023.zip
2026-04-28 00:22:24,166 [WARNING] pipeline.cvm:   Empresa 25372 não encontrada em dfc_mi 2023
2026-04-28 00:22:24,166 [INFO] pipeline.cvm: Baixando: https://dados.cvm.gov.br/dados/CIA_ABERTA/DOC/DFP/DADOS/dfp_cia_aberta_2023.zip
2026-04-28 00:22:26,336 [WARNING] pipeline.cvm:   Empresa 25372 não encontrada em dfc_md 2023
2026-04-28 00:22:26,337 [INFO] pipeline.cvm: 
==================================================
2026-04-28 00:22:26,337 [INFO] pipeline.cvm: Baixando DFP 2024...
2026-04-28 00:22:26,337 [INFO] pipeline.cvm: Baixando: https://dados.cvm.gov.br/dados/CIA_ABERTA/DOC/DFP/DADOS/dfp_cia_aberta_2024.zip
2026-04-28 00:22:29,528 [WARNING] pipeline.cvm:   Empresa 25372 não encontrada em dre 2024
2026-04-28 00:22:29,528 [INFO] pipeline.cvm: Baixando: https://dados.cvm.gov.br/dados/CIA_ABERTA/DOC/DFP/DADOS/dfp_cia_aberta_2024.zip
2026-04-28 00:22:33,446 [WARNING] pipeline.cvm:   Empresa 25372 não encontrada em bpa 2024
2026-04-28 00:22:33,446 [INFO] pipeline.cvm: Baixando: https://dados.cvm.gov.br/dados/CIA_ABERTA/DOC/DFP/DADOS/dfp_cia_aberta_2024.zip
2026-04-28 00:22:39,263 [WARNING] pipeline.cvm:   Empresa 25372 não encontrada em bpp 2024
2026-04-28 00:22:39,263 [INFO] pipeline.cvm: Baixando: https://dados.cvm.gov.br/dados/CIA_ABERTA/DOC/DFP/DADOS/dfp_cia_aberta_2024.zip
2026-04-28 00:22:43,701 [WARNING] pipeline.cvm:   Empresa 25372 não encontrada em dfc_mi 2024
2026-04-28 00:22:43,701 [INFO] pipeline.cvm: Baixando: https://dados.cvm.gov.br/dados/CIA_ABERTA/DOC/DFP/DADOS/dfp_cia_aberta_2024.zip
2026-04-28 00:22:46,314 [WARNING] pipeline.cvm:   Empresa 25372 não encontrada em dfc_md 2024
2026-04-28 00:22:46,314 [INFO] pipeline.cvm: 
==================================================
2026-04-28 00:22:46,314 [INFO] pipeline.cvm: Baixando DFP 2025...
2026-04-28 00:22:46,314 [INFO] pipeline.cvm: Baixando: https://dados.cvm.gov.br/dados/CIA_ABERTA/DOC/DFP/DADOS/dfp_cia_aberta_2025.zip
2026-04-28 00:22:49,371 [WARNING] pipeline.cvm:   Empresa 25372 não encontrada em dre 2025
2026-04-28 00:22:49,371 [INFO] pipeline.cvm: Baixando: https://dados.cvm.gov.br/dados/CIA_ABERTA/DOC/DFP/DADOS/dfp_cia_aberta_2025.zip
2026-04-28 00:22:53,455 [WARNING] pipeline.cvm:   Empresa 25372 não encontrada em bpa 2025
2026-04-28 00:22:53,456 [INFO] pipeline.cvm: Baixando: https://dados.cvm.gov.br/dados/CIA_ABERTA/DOC/DFP/DADOS/dfp_cia_aberta_2025.zip
2026-04-28 00:22:59,563 [WARNING] pipeline.cvm:   Empresa 25372 não encontrada em bpp 2025
2026-04-28 00:22:59,564 [INFO] pipeline.cvm: Baixando: https://dados.cvm.gov.br/dados/CIA_ABERTA/DOC/DFP/DADOS/dfp_cia_aberta_2025.zip
2026-04-28 00:23:03,973 [WARNING] pipeline.cvm:   Empresa 25372 não encontrada em dfc_mi 2025
2026-04-28 00:23:03,973 [INFO] pipeline.cvm: Baixando: https://dados.cvm.gov.br/dados/CIA_ABERTA/DOC/DFP/DADOS/dfp_cia_aberta_2025.zip
2026-04-28 00:23:06,355 [WARNING] pipeline.cvm:   Empresa 25372 não encontrada em dfc_md 2025
2026-04-28 00:23:06,355 [INFO] pipeline:   DFP 2021 indisponível — tentando anualizar via ITR...
2026-04-28 00:23:06,356 [INFO] pipeline.cvm: 
==================================================
2026-04-28 00:23:06,356 [INFO] pipeline.cvm: Tentando anualizar 2021 via ITR (LTM)...
2026-04-28 00:23:06,356 [INFO] pipeline.cvm: Baixando: https://dados.cvm.gov.br/dados/CIA_ABERTA/DOC/ITR/DADOS/itr_cia_aberta_2021.zip
2026-04-28 00:23:17,677 [INFO] pipeline.cvm:   ITR dre 2021 Ttodos: 350 linhas
2026-04-28 00:23:17,678 [INFO] pipeline.cvm: Baixando: https://dados.cvm.gov.br/dados/CIA_ABERTA/DOC/ITR/DADOS/itr_cia_aberta_2021.zip
2026-04-28 00:23:29,974 [INFO] pipeline.cvm:   ITR bpa 2021 Ttodos: 390 linhas
2026-04-28 00:23:29,974 [INFO] pipeline.cvm: Baixando: https://dados.cvm.gov.br/dados/CIA_ABERTA/DOC/ITR/DADOS/itr_cia_aberta_2021.zip
2026-04-28 00:23:46,388 [INFO] pipeline.cvm:   ITR bpp 2021 Ttodos: 738 linhas
2026-04-28 00:23:46,388 [INFO] pipeline.cvm: Baixando: https://dados.cvm.gov.br/dados/CIA_ABERTA/DOC/ITR/DADOS/itr_cia_aberta_2021.zip
2026-04-28 00:23:54,398 [INFO] pipeline.cvm:   ITR dfc_mi 2021 Ttodos: 354 linhas
2026-04-28 00:23:54,399 [INFO] pipeline.cvm: Baixando: https://dados.cvm.gov.br/dados/CIA_ABERTA/DOC/ITR/DADOS/itr_cia_aberta_2021.zip
2026-04-28 00:23:58,098 [INFO] pipeline.cvm:   Último trimestre: 3T2021 (9 meses)
2026-04-28 00:23:58,098 [INFO] pipeline.cvm:   LTM = Acum 9m/2021 + (DFP 2020 - Acum 9m/2020)
2026-04-28 00:23:58,109 [INFO] pipeline.cvm:   LTM dre: 35 linhas
2026-04-28 00:23:58,119 [INFO] pipeline.cvm:   LTM dfc_mi: 59 linhas
2026-04-28 00:23:58,124 [INFO] pipeline.cvm:   Balanço bpa (posição 3T2021): 64 linhas
2026-04-28 00:23:58,127 [INFO] pipeline.cvm:   Balanço bpp (posição 3T2021): 123 linhas
2026-04-28 00:23:58,127 [INFO] pipeline.cvm:   Anualização 2021 concluída com sucesso (3T LTM)
2026-04-28 00:23:58,127 [INFO] pipeline:   ✓ 2021 anualizado via ITR (LTM)
2026-04-28 00:23:58,127 [INFO] pipeline:   DFP 2022 indisponível — tentando anualizar via ITR...
2026-04-28 00:23:58,128 [INFO] pipeline.cvm: 
==================================================
2026-04-28 00:23:58,128 [INFO] pipeline.cvm: Tentando anualizar 2022 via ITR (LTM)...
2026-04-28 00:23:58,128 [INFO] pipeline.cvm: Baixando: https://dados.cvm.gov.br/dados/CIA_ABERTA/DOC/ITR/DADOS/itr_cia_aberta_2022.zip
2026-04-28 00:24:07,555 [INFO] pipeline.cvm: Baixando: https://dados.cvm.gov.br/dados/CIA_ABERTA/DOC/ITR/DADOS/itr_cia_aberta_2022.zip
2026-04-28 00:24:18,529 [INFO] pipeline.cvm: Baixando: https://dados.cvm.gov.br/dados/CIA_ABERTA/DOC/ITR/DADOS/itr_cia_aberta_2022.zip
2026-04-28 00:24:33,391 [INFO] pipeline.cvm: Baixando: https://dados.cvm.gov.br/dados/CIA_ABERTA/DOC/ITR/DADOS/itr_cia_aberta_2022.zip
2026-04-28 00:24:43,500 [INFO] pipeline.cvm: Baixando: https://dados.cvm.gov.br/dados/CIA_ABERTA/DOC/ITR/DADOS/itr_cia_aberta_2022.zip
2026-04-28 00:24:48,834 [WARNING] pipeline.cvm:   ITR 2022 não disponível — não é possível anualizar
2026-04-28 00:24:48,834 [WARNING] pipeline:   DFP 2022 e ITR indisponíveis — removido do histórico
2026-04-28 00:24:48,834 [INFO] pipeline:   DFP 2023 indisponível — tentando anualizar via ITR...
2026-04-28 00:24:48,834 [INFO] pipeline.cvm: 
==================================================
2026-04-28 00:24:48,834 [INFO] pipeline.cvm: Tentando anualizar 2023 via ITR (LTM)...
2026-04-28 00:24:48,834 [INFO] pipeline.cvm: Baixando: https://dados.cvm.gov.br/dados/CIA_ABERTA/DOC/ITR/DADOS/itr_cia_aberta_2023.zip
2026-04-28 00:24:58,588 [INFO] pipeline.cvm: Baixando: https://dados.cvm.gov.br/dados/CIA_ABERTA/DOC/ITR/DADOS/itr_cia_aberta_2023.zip
2026-04-28 00:25:09,873 [INFO] pipeline.cvm: Baixando: https://dados.cvm.gov.br/dados/CIA_ABERTA/DOC/ITR/DADOS/itr_cia_aberta_2023.zip
2026-04-28 00:25:25,982 [INFO] pipeline.cvm: Baixando: https://dados.cvm.gov.br/dados/CIA_ABERTA/DOC/ITR/DADOS/itr_cia_aberta_2023.zip
2026-04-28 00:25:36,350 [INFO] pipeline.cvm: Baixando: https://dados.cvm.gov.br/dados/CIA_ABERTA/DOC/ITR/DADOS/itr_cia_aberta_2023.zip
2026-04-28 00:25:52,022 [WARNING] pipeline.cvm:   ITR 2023 não disponível — não é possível anualizar
2026-04-28 00:25:52,022 [WARNING] pipeline:   DFP 2023 e ITR indisponíveis — removido do histórico
2026-04-28 00:25:52,022 [INFO] pipeline:   DFP 2024 indisponível — tentando anualizar via ITR...
2026-04-28 00:25:52,022 [INFO] pipeline.cvm: 
==================================================
2026-04-28 00:25:52,022 [INFO] pipeline.cvm: Tentando anualizar 2024 via ITR (LTM)...
2026-04-28 00:25:52,022 [INFO] pipeline.cvm: Baixando: https://dados.cvm.gov.br/dados/CIA_ABERTA/DOC/ITR/DADOS/itr_cia_aberta_2024.zip
2026-04-28 00:26:06,296 [INFO] pipeline.cvm: Baixando: https://dados.cvm.gov.br/dados/CIA_ABERTA/DOC/ITR/DADOS/itr_cia_aberta_2024.zip
2026-04-28 00:26:19,532 [INFO] pipeline.cvm: Baixando: https://dados.cvm.gov.br/dados/CIA_ABERTA/DOC/ITR/DADOS/itr_cia_aberta_2024.zip
2026-04-28 00:26:35,978 [INFO] pipeline.cvm: Baixando: https://dados.cvm.gov.br/dados/CIA_ABERTA/DOC/ITR/DADOS/itr_cia_aberta_2024.zip
2026-04-28 00:26:46,030 [INFO] pipeline.cvm: Baixando: https://dados.cvm.gov.br/dados/CIA_ABERTA/DOC/ITR/DADOS/itr_cia_aberta_2024.zip
2026-04-28 00:26:52,436 [WARNING] pipeline.cvm:   ITR 2024 não disponível — não é possível anualizar
2026-04-28 00:26:52,436 [WARNING] pipeline:   DFP 2024 e ITR indisponíveis — removido do histórico
2026-04-28 00:26:52,436 [INFO] pipeline:   DFP 2025 indisponível — tentando anualizar via ITR...
2026-04-28 00:26:52,436 [INFO] pipeline.cvm: 
==================================================
2026-04-28 00:26:52,436 [INFO] pipeline.cvm: Tentando anualizar 2025 via ITR (LTM)...
2026-04-28 00:26:52,436 [INFO] pipeline.cvm: Baixando: https://dados.cvm.gov.br/dados/CIA_ABERTA/DOC/ITR/DADOS/itr_cia_aberta_2025.zip
2026-04-28 00:27:06,356 [INFO] pipeline.cvm: Baixando: https://dados.cvm.gov.br/dados/CIA_ABERTA/DOC/ITR/DADOS/itr_cia_aberta_2025.zip
2026-04-28 00:27:19,495 [INFO] pipeline.cvm: Baixando: https://dados.cvm.gov.br/dados/CIA_ABERTA/DOC/ITR/DADOS/itr_cia_aberta_2025.zip
2026-04-28 00:27:34,403 [INFO] pipeline.cvm: Baixando: https://dados.cvm.gov.br/dados/CIA_ABERTA/DOC/ITR/DADOS/itr_cia_aberta_2025.zip
2026-04-28 00:27:43,399 [INFO] pipeline.cvm: Baixando: https://dados.cvm.gov.br/dados/CIA_ABERTA/DOC/ITR/DADOS/itr_cia_aberta_2025.zip
2026-04-28 00:27:47,960 [WARNING] pipeline.cvm:   ITR 2025 não disponível — não é possível anualizar
2026-04-28 00:27:47,960 [WARNING] pipeline:   DFP 2025 e ITR indisponíveis — removido do histórico
2026-04-28 00:27:47,960 [INFO] pipeline:   Anos ajustados → Histórico: 2019-2021 | Projeção: 2022-2031
2026-04-28 00:27:47,960 [INFO] pipeline: 
[4/6] Normalizando dados...
2026-04-28 00:27:48,715 [INFO] pipeline:   DFC normalizada: 11 linhas
2026-04-28 00:27:48,716 [INFO] pipeline:   DRE normalizada:
2026-04-28 00:27:48,716 [INFO] pipeline:     receita_liquida: 2019: 30,232 | 2020: 36,043 | 2021: 33,094
2026-04-28 00:27:48,716 [INFO] pipeline:     ebit: 2019: 1,728 | 2020: 2,068 | 2021: 2,304
2026-04-28 00:27:48,717 [INFO] pipeline:     lucro_liquido: 2019: 1,047 | 2020: 1,398 | 2021: 1,418
2026-04-28 00:27:48,717 [INFO] pipeline: 
[5/6] Calculando projeções...
2026-04-28 00:27:48,718 [INFO] pipeline.projecoes: 
=== Projeções (não-financeira / FCFF) ===
2026-04-28 00:27:48,719 [INFO] pipeline.projecoes:   Margem EBITDA: 9.0% → 8.0% (conv 6a)
2026-04-28 00:27:48,720 [INFO] pipeline.projecoes:   D&A/Receita: 3.2%
2026-04-28 00:27:48,721 [INFO] pipeline.projecoes:   CAPEX/Receita: 4.9% → 6.0%
2026-04-28 00:27:48,721 [INFO] pipeline.projecoes:   NCG/Receita: -5.8% → 4.0%
2026-04-28 00:27:48,723 [INFO] pipeline.projecoes:   Alíquota efetiva: 27.9%
2026-04-28 00:27:48,723 [INFO] pipeline.projecoes: Projeções concluídas (FCFF). Resumo:
2026-04-28 00:27:48,724 [INFO] pipeline.projecoes:    Ano      Receita     EBITDA    Mg%      NOPAT       FCFF
2026-04-28 00:27:48,724 [INFO] pipeline.projecoes:   2022       35,604      3,148   8.8%      1,435      1,648
2026-04-28 00:27:48,724 [INFO] pipeline.projecoes:   2023       38,155      3,309   8.7%      1,491         46
2026-04-28 00:27:48,724 [INFO] pipeline.projecoes:   2024       40,731      3,464   8.5%      1,543       -147
2026-04-28 00:27:48,724 [INFO] pipeline.projecoes:   2025       43,310      3,611   8.3%      1,588       -358
2026-04-28 00:27:48,724 [INFO] pipeline.projecoes:   2026       45,873      3,747   8.2%      1,626       -587
2026-04-28 00:27:48,724 [INFO] pipeline.valuation:   Estrutura de capital: E=71% | D=29%
2026-04-28 00:27:48,724 [INFO] pipeline: 
[6/6] Calculando valuation (FCFF / WACC)...
2026-04-28 00:27:48,725 [INFO] pipeline.valuation: 
==================================================
2026-04-28 00:27:48,725 [INFO] pipeline.valuation: VALUATION FCFF/WACC — ASAI3
2026-04-28 00:27:48,725 [INFO] pipeline.valuation:   VP FCFF (10a):     R$        1,374 MM
2026-04-28 00:27:48,725 [INFO] pipeline.valuation:   Valor Perp. (VP):  R$        2,553 MM
2026-04-28 00:27:48,725 [INFO] pipeline.valuation:   ENTERPRISE VALUE:  R$        3,928 MM
2026-04-28 00:27:48,725 [INFO] pipeline.valuation:   (-) Dívida Líq.:   R$        5,282 MM
2026-04-28 00:27:48,726 [INFO] pipeline.valuation:   VALOR DO EQUITY:   R$       -1,354 MM
2026-04-28 00:27:48,726 [INFO] pipeline.valuation:   Preço Justo ON:    R$    -1.01
2026-04-28 00:27:48,726 [INFO] pipeline.valuation:   Preço Justo PN:    R$    -1.01
2026-04-28 00:27:48,726 [INFO] pipeline.valuation:   Cotação ON:        R$     9.58
2026-04-28 00:27:48,726 [INFO] pipeline.valuation:   Upside ON:             -110.5%
2026-04-28 00:27:48,726 [INFO] pipeline.valuation:   TIR (ON):                 6.8%
2026-04-28 00:27:48,726 [INFO] pipeline.valuation:   WACC último ano:          9.5%
2026-04-28 00:27:48,726 [WARNING] pipeline: 
[!] AVISOS DE VALIDACAO:
2026-04-28 00:27:48,726 [WARNING] pipeline:   - Valor do Equity negativo ou zero: R$ -1,354 MM
2026-04-28 00:27:48,726 [WARNING] pipeline:   - Preço Justo ON inválido (≤ 0)
2026-04-28 00:27:48,729 [INFO] pipeline:   Sem template VAROS para ASAI3 — Excel será criado do zero
2026-04-28 00:27:48,730 [INFO] pipeline.excel_geral: 
============================================================
2026-04-28 00:27:48,730 [INFO] pipeline.excel_geral: Criando Excel completo (12 abas) para: Assaí Atacadista (ASAI3)
2026-04-28 00:27:48,732 [INFO] pipeline.excel_geral:   → 1/12  Dashboard
2026-04-28 00:27:48,743 [INFO] pipeline.excel_geral:   → 2/12  WACC
2026-04-28 00:27:48,773 [INFO] pipeline.excel_geral:   → 3/12  TIR ON
2026-04-28 00:27:48,783 [INFO] pipeline.excel_geral:   → 4/12  TIR PN
2026-04-28 00:27:48,793 [INFO] pipeline.excel_geral:   → 5/12  Valor do Equity
2026-04-28 00:27:48,800 [INFO] pipeline.excel_geral:   → 6/12  Preço Teto
2026-04-28 00:27:48,806 [INFO] pipeline.excel_geral:   → 7/12  DRE + DCF
2026-04-28 00:27:48,895 [INFO] pipeline.excel_geral:   → 8/12  DRE Contas Abertas
2026-04-28 00:27:48,938 [INFO] pipeline.excel_geral:   → 9/12  Balanço Patrimonial
2026-04-28 00:27:48,966 [INFO] pipeline.excel_geral:   → 10/12 Painel de Índices
2026-04-28 00:27:49,006 [INFO] pipeline.excel_geral:   → 11/12 Projeções Premissas
2026-04-28 00:27:49,029 [INFO] pipeline.excel_geral:   → 12/12 Projeções Capex e CG
2026-04-28 00:27:49,117 [INFO] pipeline.excel_geral: 
Arquivo salvo: C:\Users\55819\OneDrive - EPEJUD\DIEGO\OBSIDIAN\Analista de Investimentos\12_PYTHON\pipeline banco completo\outputs\Valuation_ASAI3_Assaí Atacadista_20260428.xlsx
2026-04-28 00:27:49,117 [INFO] pipeline: 
======================================================================
2026-04-28 00:27:49,117 [INFO] pipeline: RESUMO DO VALUATION (FCFF/WACC)
2026-04-28 00:27:49,118 [INFO] pipeline: ======================================================================
2026-04-28 00:27:49,118 [INFO] pipeline:   Empresa:           Assaí Atacadista (ASAI3)
2026-04-28 00:27:49,118 [INFO] pipeline:   Enterprise Value:  R$        3,928 MM
2026-04-28 00:27:49,118 [INFO] pipeline:   Cotação ON:        R$ 9.58
2026-04-28 00:27:49,118 [INFO] pipeline:   Preço Justo ON:    R$ -1.01
2026-04-28 00:27:49,118 [INFO] pipeline:   Upside ON:            -110.5%
2026-04-28 00:27:49,118 [INFO] pipeline:   TIR:                  6.8%
2026-04-28 00:27:49,118 [INFO] pipeline:   Preço Teto ON:     R$ -1.01
2026-04-28 00:27:49,118 [INFO] pipeline: 
  [!] 2 aviso(s) de validacao — verifique os logs
2026-04-28 00:27:49,118 [INFO] pipeline: 
  Arquivo gerado:    C:\Users\55819\OneDrive - EPEJUD\DIEGO\OBSIDIAN\Analista de Investimentos\12_PYTHON\pipeline banco completo\outputs\Valuation_ASAI3_Assaí Atacadista_20260428.xlsx
2026-04-28 00:27:49,118 [INFO] pipeline: ======================================================================
2026-04-28 00:27:49,121 [INFO] pipeline: ✓ ASAI3: arquivo gerado → C:\Users\55819\OneDrive - EPEJUD\DIEGO\OBSIDIAN\Analista de Investimentos\12_PYTHON\pipeline banco completo\outputs\Valuation_ASAI3_Assaí Atacadista_20260428.xlsx
2026-04-28 00:27:49,121 [INFO] pipeline: 
──────────────────────────────────────────────────────────────────────
2026-04-28 00:27:49,121 [INFO] pipeline: Processando: PCAR3 (GPA (Pão de Açúcar))
2026-04-28 00:27:49,122 [INFO] pipeline: ──────────────────────────────────────────────────────────────────────
2026-04-28 00:27:49,122 [INFO] pipeline: ======================================================================
2026-04-28 00:27:49,122 [INFO] pipeline: PIPELINE DE VALUATION [CONSUMO_VAREJO] — PCAR3 — GPA (Pão de Açúcar)
2026-04-28 00:27:49,122 [INFO] pipeline: Início: 2026-04-28 00:27:49
2026-04-28 00:27:49,122 [INFO] pipeline:   Setor: consumo_varejo | Motor: WACC
2026-04-28 00:27:49,122 [INFO] pipeline: ======================================================================
2026-04-28 00:27:49,122 [INFO] pipeline: 
[1/6] Coletando dados de mercado...
2026-04-28 00:27:49,123 [INFO] pipeline:   Buscando cotação via yfinance...
2026-04-28 00:27:49,123 [INFO] pipeline.mercado: Buscando cotação atual: PCAR3.SA
2026-04-28 00:27:50,661 [INFO] pipeline:   Cotação ON: R$ 2.34  |  Cotação PN: R$ 0.00
2026-04-28 00:27:50,911 [INFO] pipeline.mercado: Calculando beta: PCAR3 (252 dias úteis)
2026-04-28 00:27:50,911 [INFO] pipeline.mercado: Baixando preços: PCAR3.SA (2019-01-01 → 2026-04-28)
2026-04-28 00:27:51,544 [INFO] pipeline.mercado:   1820 dias de preços carregados
2026-04-28 00:27:51,544 [INFO] pipeline.mercado: Baixando preços: ^BVSP (2019-01-01 → 2026-04-28)
2026-04-28 00:27:52,029 [INFO] pipeline.mercado:   1820 dias de preços carregados
2026-04-28 00:27:52,033 [INFO] pipeline.mercado:   Beta estatístico: 1.1286 | R²: 0.080 | n=251
2026-04-28 00:27:52,035 [INFO] pipeline:   Beta estatístico: 1.129 | Beta utilizado: 0.850
2026-04-28 00:27:52,035 [INFO] pipeline: 
[2/6] Coletando dados macroeconômicos (BCB)...
2026-04-28 00:27:52,349 [WARNING] pipeline.macro: Não foi possível obter Focus Selic: 400 Client Error: Bad Request for url: https://olinda.bcb.gov.br/olinda/servico/Expectativas/versao/v1/odata/ExpectativasMercadoAnuais?%24filter=Indicador%20eq%20'Selic'&%24top=100&%24format=json&%24select=Indicador,Data,Ano,Mediana
2026-04-28 00:27:52,625 [WARNING] pipeline.macro: Não foi possível obter Focus IPCA: 400 Client Error: Bad Request for url: https://olinda.bcb.gov.br/olinda/servico/Expectativas/versao/v1/odata/ExpectativasMercadoAnuais?%24filter=Indicador%20eq%20'IPCA'&%24top=100&%24format=json&%24select=Indicador,Data,Ano,Mediana
2026-04-28 00:27:52,626 [INFO] pipeline.macro: 
=== Coletando dados macroeconômicos ===
2026-04-28 00:27:52,626 [INFO] pipeline.macro: Baixando série BCB 432...
2026-04-28 00:27:52,945 [ERROR] pipeline.macro: Erro ao baixar série BCB 432: 406 Client Error: Not Acceptable for url: https://api.bcb.gov.br/dados/serie/bcdata.sgs.432/dados?formato=json&dataInicial=01%2F01%2F2010&dataFinal=28%2F04%2F2026
2026-04-28 00:27:52,945 [WARNING] pipeline.macro: Série Selic meta sem DatetimeIndex — usando fallback histórico
2026-04-28 00:27:52,945 [INFO] pipeline.macro: Baixando série BCB 12...
2026-04-28 00:27:53,048 [ERROR] pipeline.macro: Erro ao baixar série BCB 12: 406 Client Error: Not Acceptable for url: https://api.bcb.gov.br/dados/serie/bcdata.sgs.12/dados?formato=json&dataInicial=01%2F01%2F2010&dataFinal=28%2F04%2F2026
2026-04-28 00:27:53,049 [WARNING] pipeline.macro: Série DI sem DatetimeIndex — usando fallback histórico
2026-04-28 00:27:53,050 [INFO] pipeline.macro: Baixando série BCB 13522...
2026-04-28 00:27:53,641 [INFO] pipeline.macro:   Série 13522: 195 observações (2010-01-01 → 2026-03-01)
2026-04-28 00:27:53,642 [WARNING] pipeline.macro: IPCA calculado fora do intervalo plausível (55.3%) para 2019 — usando fallback
2026-04-28 00:27:53,643 [WARNING] pipeline.macro: IPCA calculado fora do intervalo plausível (46.1%) para 2020 — usando fallback
2026-04-28 00:27:53,644 [WARNING] pipeline.macro: IPCA calculado fora do intervalo plausível (159.3%) para 2021 — usando fallback
2026-04-28 00:27:53,644 [WARNING] pipeline.macro: IPCA calculado fora do intervalo plausível (191.2%) para 2022 — usando fallback
2026-04-28 00:27:53,645 [WARNING] pipeline.macro: IPCA calculado fora do intervalo plausível (71.5%) para 2023 — usando fallback
2026-04-28 00:27:53,645 [WARNING] pipeline.macro: IPCA calculado fora do intervalo plausível (67.0%) para 2024 — usando fallback
2026-04-28 00:27:53,645 [INFO] pipeline.macro: Baixando série BCB 258...
2026-04-28 00:27:53,747 [ERROR] pipeline.macro: Erro ao baixar série BCB 258: 406 Client Error: Not Acceptable for url: https://api.bcb.gov.br/dados/serie/bcdata.sgs.258/dados?formato=json&dataInicial=01%2F01%2F2010&dataFinal=28%2F04%2F2026
2026-04-28 00:27:53,747 [WARNING] pipeline.macro: Série TJLP sem DatetimeIndex — usando fallback histórico
2026-04-28 00:27:53,748 [INFO] pipeline.macro: Baixando série BCB 29039...
2026-04-28 00:27:54,369 [INFO] pipeline.macro:   Série 29039: 195 observações (2010-01-01 → 2026-03-01)
2026-04-28 00:27:54,371 [INFO] pipeline.macro: Baixando série BCB 13522...
2026-04-28 00:27:54,481 [INFO] pipeline.macro:   Série 13522: 195 observações (2010-01-01 → 2026-03-01)
2026-04-28 00:27:54,482 [WARNING] pipeline.macro: IPCA calculado fora do intervalo plausível (55.3%) para 2019 — usando fallback
2026-04-28 00:27:54,483 [WARNING] pipeline.macro: IPCA calculado fora do intervalo plausível (46.1%) para 2020 — usando fallback
2026-04-28 00:27:54,483 [WARNING] pipeline.macro: IPCA calculado fora do intervalo plausível (159.3%) para 2021 — usando fallback
2026-04-28 00:27:54,484 [WARNING] pipeline.macro: IPCA calculado fora do intervalo plausível (191.2%) para 2022 — usando fallback
2026-04-28 00:27:54,484 [WARNING] pipeline.macro: IPCA calculado fora do intervalo plausível (71.5%) para 2023 — usando fallback
2026-04-28 00:27:54,484 [WARNING] pipeline.macro: IPCA calculado fora do intervalo plausível (67.0%) para 2024 — usando fallback
2026-04-28 00:27:54,485 [INFO] pipeline.macro: 
RESUMO MACRO HISTÓRICO:
2026-04-28 00:27:54,485 [INFO] pipeline.macro:   selic_meta     : 2020: 2.00% | 2021: 9.25% | 2022: 13.75% | 2023: 11.75% | 2024: 11.75%
2026-04-28 00:27:54,485 [INFO] pipeline.macro:   selic_efet     : 2020: 2.28% | 2021: 4.48% | 2022: 12.33% | 2023: 13.15% | 2024: 10.73%
2026-04-28 00:27:54,485 [INFO] pipeline.macro:   ipca           : 2020: 4.52% | 2021: 10.06% | 2022: 5.62% | 2023: 4.62% | 2024: 4.83%
2026-04-28 00:27:54,485 [INFO] pipeline.macro:   tjlp           : 2020: 5.25% | 2021: 5.25% | 2022: 6.25% | 2023: 7.00% | 2024: 7.00%
2026-04-28 00:27:54,485 [INFO] pipeline.macro:   cds            : 2020: 0.44% | 2021: 0.73% | 2022: 1.26% | 2023: 0.84% | 2024: 0.81%
2026-04-28 00:27:54,485 [INFO] pipeline.macro:   inflacao_impl  : 2020: 4.52% | 2021: 10.06% | 2022: 5.62% | 2023: 4.62% | 2024: 4.83%
2026-04-28 00:27:54,485 [INFO] pipeline: 
[3/6] Baixando demonstrações financeiras (CVM)...
2026-04-28 00:27:54,486 [INFO] pipeline.cvm: 
==================================================
2026-04-28 00:27:54,486 [INFO] pipeline.cvm: Baixando DFP 2019...
2026-04-28 00:27:54,486 [INFO] pipeline.cvm: Baixando: https://dados.cvm.gov.br/dados/CIA_ABERTA/DOC/DFP/DADOS/dfp_cia_aberta_2019.zip
2026-04-28 00:27:57,206 [INFO] pipeline.cvm:   DFP dre 2019: 70 linhas
2026-04-28 00:27:57,207 [INFO] pipeline.cvm: Baixando: https://dados.cvm.gov.br/dados/CIA_ABERTA/DOC/DFP/DADOS/dfp_cia_aberta_2019.zip
2026-04-28 00:28:00,817 [INFO] pipeline.cvm:   DFP bpa 2019: 128 linhas
2026-04-28 00:28:00,817 [INFO] pipeline.cvm: Baixando: https://dados.cvm.gov.br/dados/CIA_ABERTA/DOC/DFP/DADOS/dfp_cia_aberta_2019.zip
2026-04-28 00:28:06,075 [INFO] pipeline.cvm:   DFP bpp 2019: 246 linhas
2026-04-28 00:28:06,076 [INFO] pipeline.cvm: Baixando: https://dados.cvm.gov.br/dados/CIA_ABERTA/DOC/DFP/DADOS/dfp_cia_aberta_2019.zip
2026-04-28 00:28:09,518 [INFO] pipeline.cvm:   DFP dfc_mi 2019: 116 linhas
2026-04-28 00:28:09,519 [INFO] pipeline.cvm: Baixando: https://dados.cvm.gov.br/dados/CIA_ABERTA/DOC/DFP/DADOS/dfp_cia_aberta_2019.zip
2026-04-28 00:28:11,534 [WARNING] pipeline.cvm:   Empresa 14826 não encontrada em dfc_md 2019
2026-04-28 00:28:11,534 [INFO] pipeline.cvm: 
==================================================
2026-04-28 00:28:11,534 [INFO] pipeline.cvm: Baixando DFP 2020...
2026-04-28 00:28:11,535 [INFO] pipeline.cvm: Baixando: https://dados.cvm.gov.br/dados/CIA_ABERTA/DOC/DFP/DADOS/dfp_cia_aberta_2020.zip
2026-04-28 00:28:14,342 [INFO] pipeline.cvm:   DFP dre 2020: 70 linhas
2026-04-28 00:28:14,342 [INFO] pipeline.cvm: Baixando: https://dados.cvm.gov.br/dados/CIA_ABERTA/DOC/DFP/DADOS/dfp_cia_aberta_2020.zip
2026-04-28 00:28:17,853 [INFO] pipeline.cvm:   DFP bpa 2020: 130 linhas
2026-04-28 00:28:17,853 [INFO] pipeline.cvm: Baixando: https://dados.cvm.gov.br/dados/CIA_ABERTA/DOC/DFP/DADOS/dfp_cia_aberta_2020.zip
2026-04-28 00:28:22,877 [INFO] pipeline.cvm:   DFP bpp 2020: 246 linhas
2026-04-28 00:28:22,877 [INFO] pipeline.cvm: Baixando: https://dados.cvm.gov.br/dados/CIA_ABERTA/DOC/DFP/DADOS/dfp_cia_aberta_2020.zip
2026-04-28 00:28:26,613 [INFO] pipeline.cvm:   DFP dfc_mi 2020: 122 linhas
2026-04-28 00:28:26,613 [INFO] pipeline.cvm: Baixando: https://dados.cvm.gov.br/dados/CIA_ABERTA/DOC/DFP/DADOS/dfp_cia_aberta_2020.zip
2026-04-28 00:28:28,866 [WARNING] pipeline.cvm:   Empresa 14826 não encontrada em dfc_md 2020
2026-04-28 00:28:28,866 [INFO] pipeline.cvm: 
==================================================
2026-04-28 00:28:28,866 [INFO] pipeline.cvm: Baixando DFP 2021...
2026-04-28 00:28:28,866 [INFO] pipeline.cvm: Baixando: https://dados.cvm.gov.br/dados/CIA_ABERTA/DOC/DFP/DADOS/dfp_cia_aberta_2021.zip
2026-04-28 00:28:32,142 [INFO] pipeline.cvm:   DFP dre 2021: 70 linhas
2026-04-28 00:28:32,142 [INFO] pipeline.cvm: Baixando: https://dados.cvm.gov.br/dados/CIA_ABERTA/DOC/DFP/DADOS/dfp_cia_aberta_2021.zip
2026-04-28 00:28:36,215 [INFO] pipeline.cvm:   DFP bpa 2021: 130 linhas
2026-04-28 00:28:36,215 [INFO] pipeline.cvm: Baixando: https://dados.cvm.gov.br/dados/CIA_ABERTA/DOC/DFP/DADOS/dfp_cia_aberta_2021.zip
2026-04-28 00:28:42,235 [INFO] pipeline.cvm:   DFP bpp 2021: 246 linhas
2026-04-28 00:28:42,236 [INFO] pipeline.cvm: Baixando: https://dados.cvm.gov.br/dados/CIA_ABERTA/DOC/DFP/DADOS/dfp_cia_aberta_2021.zip
2026-04-28 00:28:46,033 [INFO] pipeline.cvm:   DFP dfc_mi 2021: 124 linhas
2026-04-28 00:28:46,033 [INFO] pipeline.cvm: Baixando: https://dados.cvm.gov.br/dados/CIA_ABERTA/DOC/DFP/DADOS/dfp_cia_aberta_2021.zip
2026-04-28 00:28:48,180 [WARNING] pipeline.cvm:   Empresa 14826 não encontrada em dfc_md 2021
2026-04-28 00:28:48,180 [INFO] pipeline.cvm: 
==================================================
2026-04-28 00:28:48,180 [INFO] pipeline.cvm: Baixando DFP 2022...
2026-04-28 00:28:48,180 [INFO] pipeline.cvm: Baixando: https://dados.cvm.gov.br/dados/CIA_ABERTA/DOC/DFP/DADOS/dfp_cia_aberta_2022.zip
2026-04-28 00:28:51,108 [INFO] pipeline.cvm:   DFP dre 2022: 70 linhas
2026-04-28 00:28:51,109 [INFO] pipeline.cvm: Baixando: https://dados.cvm.gov.br/dados/CIA_ABERTA/DOC/DFP/DADOS/dfp_cia_aberta_2022.zip
2026-04-28 00:28:54,883 [INFO] pipeline.cvm:   DFP bpa 2022: 132 linhas
2026-04-28 00:28:54,884 [INFO] pipeline.cvm: Baixando: https://dados.cvm.gov.br/dados/CIA_ABERTA/DOC/DFP/DADOS/dfp_cia_aberta_2022.zip
2026-04-28 00:29:00,109 [INFO] pipeline.cvm:   DFP bpp 2022: 250 linhas
2026-04-28 00:29:00,109 [INFO] pipeline.cvm: Baixando: https://dados.cvm.gov.br/dados/CIA_ABERTA/DOC/DFP/DADOS/dfp_cia_aberta_2022.zip
2026-04-28 00:29:03,811 [INFO] pipeline.cvm:   DFP dfc_mi 2022: 124 linhas
2026-04-28 00:29:03,811 [INFO] pipeline.cvm: Baixando: https://dados.cvm.gov.br/dados/CIA_ABERTA/DOC/DFP/DADOS/dfp_cia_aberta_2022.zip
2026-04-28 00:29:06,171 [WARNING] pipeline.cvm:   Empresa 14826 não encontrada em dfc_md 2022
2026-04-28 00:29:06,171 [INFO] pipeline.cvm: 
==================================================
2026-04-28 00:29:06,172 [INFO] pipeline.cvm: Baixando DFP 2023...
2026-04-28 00:29:06,172 [INFO] pipeline.cvm: Baixando: https://dados.cvm.gov.br/dados/CIA_ABERTA/DOC/DFP/DADOS/dfp_cia_aberta_2023.zip
2026-04-28 00:29:09,540 [INFO] pipeline.cvm:   DFP dre 2023: 70 linhas
2026-04-28 00:29:09,540 [INFO] pipeline.cvm: Baixando: https://dados.cvm.gov.br/dados/CIA_ABERTA/DOC/DFP/DADOS/dfp_cia_aberta_2023.zip
2026-04-28 00:29:14,952 [INFO] pipeline.cvm:   DFP bpa 2023: 134 linhas
2026-04-28 00:29:14,952 [INFO] pipeline.cvm: Baixando: https://dados.cvm.gov.br/dados/CIA_ABERTA/DOC/DFP/DADOS/dfp_cia_aberta_2023.zip
2026-04-28 00:29:21,457 [INFO] pipeline.cvm:   DFP bpp 2023: 254 linhas
2026-04-28 00:29:21,457 [INFO] pipeline.cvm: Baixando: https://dados.cvm.gov.br/dados/CIA_ABERTA/DOC/DFP/DADOS/dfp_cia_aberta_2023.zip
2026-04-28 00:29:25,648 [INFO] pipeline.cvm:   DFP dfc_mi 2023: 126 linhas
2026-04-28 00:29:25,648 [INFO] pipeline.cvm: Baixando: https://dados.cvm.gov.br/dados/CIA_ABERTA/DOC/DFP/DADOS/dfp_cia_aberta_2023.zip
2026-04-28 00:29:28,343 [WARNING] pipeline.cvm:   Empresa 14826 não encontrada em dfc_md 2023
2026-04-28 00:29:28,344 [INFO] pipeline.cvm: 
==================================================
2026-04-28 00:29:28,344 [INFO] pipeline.cvm: Baixando DFP 2024...
2026-04-28 00:29:28,344 [INFO] pipeline.cvm: Baixando: https://dados.cvm.gov.br/dados/CIA_ABERTA/DOC/DFP/DADOS/dfp_cia_aberta_2024.zip
2026-04-28 00:29:31,474 [INFO] pipeline.cvm:   DFP dre 2024: 70 linhas
2026-04-28 00:29:31,475 [INFO] pipeline.cvm: Baixando: https://dados.cvm.gov.br/dados/CIA_ABERTA/DOC/DFP/DADOS/dfp_cia_aberta_2024.zip
2026-04-28 00:29:35,952 [INFO] pipeline.cvm:   DFP bpa 2024: 134 linhas
2026-04-28 00:29:35,952 [INFO] pipeline.cvm: Baixando: https://dados.cvm.gov.br/dados/CIA_ABERTA/DOC/DFP/DADOS/dfp_cia_aberta_2024.zip
2026-04-28 00:29:42,094 [INFO] pipeline.cvm:   DFP bpp 2024: 254 linhas
2026-04-28 00:29:42,094 [INFO] pipeline.cvm: Baixando: https://dados.cvm.gov.br/dados/CIA_ABERTA/DOC/DFP/DADOS/dfp_cia_aberta_2024.zip
2026-04-28 00:29:46,422 [INFO] pipeline.cvm:   DFP dfc_mi 2024: 128 linhas
2026-04-28 00:29:46,422 [INFO] pipeline.cvm: Baixando: https://dados.cvm.gov.br/dados/CIA_ABERTA/DOC/DFP/DADOS/dfp_cia_aberta_2024.zip
2026-04-28 00:29:48,893 [WARNING] pipeline.cvm:   Empresa 14826 não encontrada em dfc_md 2024
2026-04-28 00:29:48,893 [INFO] pipeline.cvm: 
==================================================
2026-04-28 00:29:48,893 [INFO] pipeline.cvm: Baixando DFP 2025...
2026-04-28 00:29:48,893 [INFO] pipeline.cvm: Baixando: https://dados.cvm.gov.br/dados/CIA_ABERTA/DOC/DFP/DADOS/dfp_cia_aberta_2025.zip
2026-04-28 00:29:52,093 [INFO] pipeline.cvm:   DFP dre 2025: 70 linhas
2026-04-28 00:29:52,093 [INFO] pipeline.cvm: Baixando: https://dados.cvm.gov.br/dados/CIA_ABERTA/DOC/DFP/DADOS/dfp_cia_aberta_2025.zip
2026-04-28 00:29:56,012 [INFO] pipeline.cvm:   DFP bpa 2025: 134 linhas
2026-04-28 00:29:56,012 [INFO] pipeline.cvm: Baixando: https://dados.cvm.gov.br/dados/CIA_ABERTA/DOC/DFP/DADOS/dfp_cia_aberta_2025.zip
2026-04-28 00:30:01,498 [INFO] pipeline.cvm:   DFP bpp 2025: 254 linhas
2026-04-28 00:30:01,498 [INFO] pipeline.cvm: Baixando: https://dados.cvm.gov.br/dados/CIA_ABERTA/DOC/DFP/DADOS/dfp_cia_aberta_2025.zip
2026-04-28 00:30:05,502 [INFO] pipeline.cvm:   DFP dfc_mi 2025: 130 linhas
2026-04-28 00:30:05,502 [INFO] pipeline.cvm: Baixando: https://dados.cvm.gov.br/dados/CIA_ABERTA/DOC/DFP/DADOS/dfp_cia_aberta_2025.zip
2026-04-28 00:30:07,778 [WARNING] pipeline.cvm:   Empresa 14826 não encontrada em dfc_md 2025
2026-04-28 00:30:07,779 [INFO] pipeline:   Anos ajustados → Histórico: 2019-2025 | Projeção: 2026-2035
2026-04-28 00:30:07,779 [INFO] pipeline: 
[4/6] Normalizando dados...
2026-04-28 00:30:09,813 [INFO] pipeline:   DFC normalizada: 11 linhas
2026-04-28 00:30:09,817 [INFO] pipeline:   DRE normalizada:
2026-04-28 00:30:09,817 [INFO] pipeline:     receita_liquida: 2019: 56,635 | 2020: 51,253 | 2021: 51,291 | 2022: 17,321 | 2023: 19,250 | 2024: 18,790 | 2025: 19,113
2026-04-28 00:30:09,817 [INFO] pipeline:     ebit: 2019: 1,966 | 2020: 2,629 | 2021: 1,690 | 2022: -565 | 2023: 677 | 2024: -436 | 2025: -169
2026-04-28 00:30:09,817 [INFO] pipeline:     lucro_liquido: 2019: 790 | 2020: 2,179 | 2021: 802 | 2022: -172 | 2023: -2,271 | 2024: -2,407 | 2025: -824
2026-04-28 00:30:09,817 [INFO] pipeline: 
[5/6] Calculando projeções...
2026-04-28 00:30:09,818 [INFO] pipeline.projecoes: 
=== Projeções (não-financeira / FCFF) ===
2026-04-28 00:30:09,819 [INFO] pipeline.projecoes:   Margem EBITDA: 2.2% → 7.0% (conv 6a)
2026-04-28 00:30:09,819 [INFO] pipeline.projecoes:   D&A/Receita: 4.1%
2026-04-28 00:30:09,820 [INFO] pipeline.projecoes:   CAPEX/Receita: 5.0% → 5.0%
2026-04-28 00:30:09,821 [INFO] pipeline.projecoes:   NCG/Receita: -5.7% → 5.0%
2026-04-28 00:30:09,824 [INFO] pipeline.projecoes:   Alíquota efetiva: 34.8%
2026-04-28 00:30:09,825 [INFO] pipeline.projecoes: Projeções concluídas (FCFF). Resumo:
2026-04-28 00:30:09,825 [INFO] pipeline.projecoes:    Ano      Receita     EBITDA    Mg%      NOPAT       FCFF
2026-04-28 00:30:09,825 [INFO] pipeline.projecoes:   2026       20,562      1,028   5.0%        118       -399
2026-04-28 00:30:09,825 [INFO] pipeline.projecoes:   2027       22,036      1,102   5.0%        126       -483
2026-04-28 00:30:09,825 [INFO] pipeline.projecoes:   2028       23,523      1,176   5.0%        135       -552
2026-04-28 00:30:09,825 [INFO] pipeline.projecoes:   2029       25,013      1,355   5.4%        211       -554
2026-04-28 00:30:09,825 [INFO] pipeline.projecoes:   2030       26,493      1,645   6.2%        360       -483
2026-04-28 00:30:09,825 [INFO] pipeline.valuation:   Estrutura de capital: E=35% | D=65%
2026-04-28 00:30:09,825 [INFO] pipeline: 
[6/6] Calculando valuation (FCFF / WACC)...
2026-04-28 00:30:09,826 [INFO] pipeline.valuation: 
==================================================
2026-04-28 00:30:09,826 [INFO] pipeline.valuation: VALUATION FCFF/WACC — PCAR3
2026-04-28 00:30:09,826 [INFO] pipeline.valuation:   VP FCFF (10a):     R$       -1,307 MM
2026-04-28 00:30:09,826 [INFO] pipeline.valuation:   Valor Perp. (VP):  R$        1,717 MM
2026-04-28 00:30:09,826 [INFO] pipeline.valuation:   ENTERPRISE VALUE:  R$          409 MM
2026-04-28 00:30:09,826 [INFO] pipeline.valuation:   (-) Dívida Líq.:   R$        2,088 MM
2026-04-28 00:30:09,826 [INFO] pipeline.valuation:   VALOR DO EQUITY:   R$       -1,679 MM
2026-04-28 00:30:09,826 [INFO] pipeline.valuation:   Preço Justo ON:    R$    -3.42
2026-04-28 00:30:09,826 [INFO] pipeline.valuation:   Preço Justo PN:    R$    -3.42
2026-04-28 00:30:09,826 [INFO] pipeline.valuation:   Cotação ON:        R$     2.34
2026-04-28 00:30:09,826 [INFO] pipeline.valuation:   Upside ON:             -246.2%
2026-04-28 00:30:09,826 [INFO] pipeline.valuation:   TIR (ON):                 9.8%
2026-04-28 00:30:09,826 [INFO] pipeline.valuation:   WACC último ano:         12.0%
2026-04-28 00:30:09,827 [WARNING] pipeline: 
[!] AVISOS DE VALIDACAO:
2026-04-28 00:30:09,827 [WARNING] pipeline:   - Valor do Equity negativo ou zero: R$ -1,679 MM
2026-04-28 00:30:09,827 [WARNING] pipeline:   - Preço Justo ON inválido (≤ 0)
2026-04-28 00:30:09,828 [INFO] pipeline:   Sem template VAROS para PCAR3 — Excel será criado do zero
2026-04-28 00:30:09,829 [INFO] pipeline.excel_geral: 
============================================================
2026-04-28 00:30:09,829 [INFO] pipeline.excel_geral: Criando Excel completo (12 abas) para: GPA (Pão de Açúcar) (PCAR3)
2026-04-28 00:30:09,830 [INFO] pipeline.excel_geral:   → 1/12  Dashboard
2026-04-28 00:30:09,840 [INFO] pipeline.excel_geral:   → 2/12  WACC
2026-04-28 00:30:09,895 [INFO] pipeline.excel_geral:   → 3/12  TIR ON
2026-04-28 00:30:09,908 [INFO] pipeline.excel_geral:   → 4/12  TIR PN
2026-04-28 00:30:09,919 [INFO] pipeline.excel_geral:   → 5/12  Valor do Equity
2026-04-28 00:30:09,925 [INFO] pipeline.excel_geral:   → 6/12  Preço Teto
2026-04-28 00:30:09,931 [INFO] pipeline.excel_geral:   → 7/12  DRE + DCF
2026-04-28 00:30:10,049 [INFO] pipeline.excel_geral:   → 8/12  DRE Contas Abertas
2026-04-28 00:30:10,104 [INFO] pipeline.excel_geral:   → 9/12  Balanço Patrimonial
2026-04-28 00:30:10,149 [INFO] pipeline.excel_geral:   → 10/12 Painel de Índices
2026-04-28 00:30:10,212 [INFO] pipeline.excel_geral:   → 11/12 Projeções Premissas
2026-04-28 00:30:10,235 [INFO] pipeline.excel_geral:   → 12/12 Projeções Capex e CG
2026-04-28 00:30:10,335 [INFO] pipeline.excel_geral: 
Arquivo salvo: C:\Users\55819\OneDrive - EPEJUD\DIEGO\OBSIDIAN\Analista de Investimentos\12_PYTHON\pipeline banco completo\outputs\Valuation_PCAR3_GPA (Pão de Açúcar)_20260428.xlsx
2026-04-28 00:30:10,335 [INFO] pipeline: 
======================================================================
2026-04-28 00:30:10,335 [INFO] pipeline: RESUMO DO VALUATION (FCFF/WACC)
2026-04-28 00:30:10,335 [INFO] pipeline: ======================================================================
2026-04-28 00:30:10,336 [INFO] pipeline:   Empresa:           GPA (Pão de Açúcar) (PCAR3)
2026-04-28 00:30:10,336 [INFO] pipeline:   Enterprise Value:  R$          409 MM
2026-04-28 00:30:10,336 [INFO] pipeline:   Cotação ON:        R$ 2.34
2026-04-28 00:30:10,336 [INFO] pipeline:   Preço Justo ON:    R$ -3.42
2026-04-28 00:30:10,336 [INFO] pipeline:   Upside ON:            -246.2%
2026-04-28 00:30:10,336 [INFO] pipeline:   TIR:                  9.8%
2026-04-28 00:30:10,336 [INFO] pipeline:   Preço Teto ON:     R$ -3.42
2026-04-28 00:30:10,336 [INFO] pipeline: 
  [!] 2 aviso(s) de validacao — verifique os logs
2026-04-28 00:30:10,336 [INFO] pipeline: 
  Arquivo gerado:    C:\Users\55819\OneDrive - EPEJUD\DIEGO\OBSIDIAN\Analista de Investimentos\12_PYTHON\pipeline banco completo\outputs\Valuation_PCAR3_GPA (Pão de Açúcar)_20260428.xlsx
2026-04-28 00:30:10,336 [INFO] pipeline: ======================================================================
2026-04-28 00:30:10,339 [INFO] pipeline: ✓ PCAR3: arquivo gerado → C:\Users\55819\OneDrive - EPEJUD\DIEGO\OBSIDIAN\Analista de Investimentos\12_PYTHON\pipeline banco completo\outputs\Valuation_PCAR3_GPA (Pão de Açúcar)_20260428.xlsx
2026-04-28 00:30:10,339 [INFO] pipeline: 
──────────────────────────────────────────────────────────────────────
2026-04-28 00:30:10,339 [INFO] pipeline: Processando: VIVA3 (Vivara)
2026-04-28 00:30:10,339 [INFO] pipeline: ──────────────────────────────────────────────────────────────────────
2026-04-28 00:30:10,339 [INFO] pipeline: ======================================================================
2026-04-28 00:30:10,339 [INFO] pipeline: PIPELINE DE VALUATION [CONSUMO_VAREJO] — VIVA3 — Vivara
2026-04-28 00:30:10,339 [INFO] pipeline: Início: 2026-04-28 00:30:10
2026-04-28 00:30:10,340 [INFO] pipeline:   Setor: consumo_varejo | Motor: WACC
2026-04-28 00:30:10,340 [INFO] pipeline: ======================================================================
2026-04-28 00:30:10,340 [INFO] pipeline: 
[1/6] Coletando dados de mercado...
2026-04-28 00:30:10,340 [INFO] pipeline:   Buscando cotação via yfinance...
2026-04-28 00:30:10,340 [INFO] pipeline.mercado: Buscando cotação atual: VIVA3.SA
2026-04-28 00:30:11,660 [INFO] pipeline:   Cotação ON: R$ 25.46  |  Cotação PN: R$ 0.00
2026-04-28 00:30:11,941 [INFO] pipeline.mercado: Calculando beta: VIVA3 (252 dias úteis)
2026-04-28 00:30:11,942 [INFO] pipeline.mercado: Baixando preços: VIVA3.SA (2019-01-01 → 2026-04-28)
2026-04-28 00:30:12,383 [INFO] pipeline.mercado:   1624 dias de preços carregados
2026-04-28 00:30:12,383 [INFO] pipeline.mercado: Baixando preços: ^BVSP (2019-01-01 → 2026-04-28)
2026-04-28 00:30:12,879 [INFO] pipeline.mercado:   1820 dias de preços carregados
2026-04-28 00:30:12,883 [INFO] pipeline.mercado:   Beta estatístico: 1.1619 | R²: 0.259 | n=251
2026-04-28 00:30:12,886 [INFO] pipeline:   Beta estatístico: 1.162 | Beta utilizado: 0.850
2026-04-28 00:30:12,886 [INFO] pipeline: 
[2/6] Coletando dados macroeconômicos (BCB)...
2026-04-28 00:30:13,284 [WARNING] pipeline.macro: Não foi possível obter Focus Selic: 400 Client Error: Bad Request for url: https://olinda.bcb.gov.br/olinda/servico/Expectativas/versao/v1/odata/ExpectativasMercadoAnuais?%24filter=Indicador%20eq%20'Selic'&%24top=100&%24format=json&%24select=Indicador,Data,Ano,Mediana
2026-04-28 00:30:13,567 [WARNING] pipeline.macro: Não foi possível obter Focus IPCA: 400 Client Error: Bad Request for url: https://olinda.bcb.gov.br/olinda/servico/Expectativas/versao/v1/odata/ExpectativasMercadoAnuais?%24filter=Indicador%20eq%20'IPCA'&%24top=100&%24format=json&%24select=Indicador,Data,Ano,Mediana
2026-04-28 00:30:13,568 [INFO] pipeline.macro: 
=== Coletando dados macroeconômicos ===
2026-04-28 00:30:13,568 [INFO] pipeline.macro: Baixando série BCB 432...
2026-04-28 00:30:13,862 [ERROR] pipeline.macro: Erro ao baixar série BCB 432: 406 Client Error: Not Acceptable for url: https://api.bcb.gov.br/dados/serie/bcdata.sgs.432/dados?formato=json&dataInicial=01%2F01%2F2010&dataFinal=28%2F04%2F2026
2026-04-28 00:30:13,863 [WARNING] pipeline.macro: Série Selic meta sem DatetimeIndex — usando fallback histórico
2026-04-28 00:30:13,863 [INFO] pipeline.macro: Baixando série BCB 12...
2026-04-28 00:30:13,968 [ERROR] pipeline.macro: Erro ao baixar série BCB 12: 406 Client Error: Not Acceptable for url: https://api.bcb.gov.br/dados/serie/bcdata.sgs.12/dados?formato=json&dataInicial=01%2F01%2F2010&dataFinal=28%2F04%2F2026
2026-04-28 00:30:13,968 [WARNING] pipeline.macro: Série DI sem DatetimeIndex — usando fallback histórico
2026-04-28 00:30:13,968 [INFO] pipeline.macro: Baixando série BCB 13522...
2026-04-28 00:30:14,083 [INFO] pipeline.macro:   Série 13522: 195 observações (2010-01-01 → 2026-03-01)
2026-04-28 00:30:14,084 [WARNING] pipeline.macro: IPCA calculado fora do intervalo plausível (55.3%) para 2019 — usando fallback
2026-04-28 00:30:14,085 [WARNING] pipeline.macro: IPCA calculado fora do intervalo plausível (46.1%) para 2020 — usando fallback
2026-04-28 00:30:14,086 [WARNING] pipeline.macro: IPCA calculado fora do intervalo plausível (159.3%) para 2021 — usando fallback
2026-04-28 00:30:14,086 [WARNING] pipeline.macro: IPCA calculado fora do intervalo plausível (191.2%) para 2022 — usando fallback
2026-04-28 00:30:14,087 [WARNING] pipeline.macro: IPCA calculado fora do intervalo plausível (71.5%) para 2023 — usando fallback
2026-04-28 00:30:14,088 [WARNING] pipeline.macro: IPCA calculado fora do intervalo plausível (67.0%) para 2024 — usando fallback
2026-04-28 00:30:14,088 [INFO] pipeline.macro: Baixando série BCB 258...
2026-04-28 00:30:14,200 [ERROR] pipeline.macro: Erro ao baixar série BCB 258: 406 Client Error: Not Acceptable for url: https://api.bcb.gov.br/dados/serie/bcdata.sgs.258/dados?formato=json&dataInicial=01%2F01%2F2010&dataFinal=28%2F04%2F2026
2026-04-28 00:30:14,201 [WARNING] pipeline.macro: Série TJLP sem DatetimeIndex — usando fallback histórico
2026-04-28 00:30:14,201 [INFO] pipeline.macro: Baixando série BCB 29039...
2026-04-28 00:30:14,328 [INFO] pipeline.macro:   Série 29039: 195 observações (2010-01-01 → 2026-03-01)
2026-04-28 00:30:14,331 [INFO] pipeline.macro: Baixando série BCB 13522...
2026-04-28 00:30:14,448 [INFO] pipeline.macro:   Série 13522: 195 observações (2010-01-01 → 2026-03-01)
2026-04-28 00:30:14,449 [WARNING] pipeline.macro: IPCA calculado fora do intervalo plausível (55.3%) para 2019 — usando fallback
2026-04-28 00:30:14,450 [WARNING] pipeline.macro: IPCA calculado fora do intervalo plausível (46.1%) para 2020 — usando fallback
2026-04-28 00:30:14,450 [WARNING] pipeline.macro: IPCA calculado fora do intervalo plausível (159.3%) para 2021 — usando fallback
2026-04-28 00:30:14,450 [WARNING] pipeline.macro: IPCA calculado fora do intervalo plausível (191.2%) para 2022 — usando fallback
2026-04-28 00:30:14,451 [WARNING] pipeline.macro: IPCA calculado fora do intervalo plausível (71.5%) para 2023 — usando fallback
2026-04-28 00:30:14,451 [WARNING] pipeline.macro: IPCA calculado fora do intervalo plausível (67.0%) para 2024 — usando fallback
2026-04-28 00:30:14,451 [INFO] pipeline.macro: 
RESUMO MACRO HISTÓRICO:
2026-04-28 00:30:14,452 [INFO] pipeline.macro:   selic_meta     : 2020: 2.00% | 2021: 9.25% | 2022: 13.75% | 2023: 11.75% | 2024: 11.75%
2026-04-28 00:30:14,452 [INFO] pipeline.macro:   selic_efet     : 2020: 2.28% | 2021: 4.48% | 2022: 12.33% | 2023: 13.15% | 2024: 10.73%
2026-04-28 00:30:14,452 [INFO] pipeline.macro:   ipca           : 2020: 4.52% | 2021: 10.06% | 2022: 5.62% | 2023: 4.62% | 2024: 4.83%
2026-04-28 00:30:14,452 [INFO] pipeline.macro:   tjlp           : 2020: 5.25% | 2021: 5.25% | 2022: 6.25% | 2023: 7.00% | 2024: 7.00%
2026-04-28 00:30:14,452 [INFO] pipeline.macro:   cds            : 2020: 0.44% | 2021: 0.73% | 2022: 1.26% | 2023: 0.84% | 2024: 0.81%
2026-04-28 00:30:14,452 [INFO] pipeline.macro:   inflacao_impl  : 2020: 4.52% | 2021: 10.06% | 2022: 5.62% | 2023: 4.62% | 2024: 4.83%
2026-04-28 00:30:14,452 [INFO] pipeline: 
[3/6] Baixando demonstrações financeiras (CVM)...
2026-04-28 00:30:14,453 [INFO] pipeline.cvm: 
==================================================
2026-04-28 00:30:14,454 [INFO] pipeline.cvm: Baixando DFP 2019...
2026-04-28 00:30:14,454 [INFO] pipeline.cvm: Baixando: https://dados.cvm.gov.br/dados/CIA_ABERTA/DOC/DFP/DADOS/dfp_cia_aberta_2019.zip
2026-04-28 00:30:17,228 [INFO] pipeline.cvm:   DFP dre 2019: 38 linhas
2026-04-28 00:30:17,228 [INFO] pipeline.cvm: Baixando: https://dados.cvm.gov.br/dados/CIA_ABERTA/DOC/DFP/DADOS/dfp_cia_aberta_2019.zip
2026-04-28 00:30:20,460 [INFO] pipeline.cvm:   DFP bpa 2019: 72 linhas
2026-04-28 00:30:20,460 [INFO] pipeline.cvm: Baixando: https://dados.cvm.gov.br/dados/CIA_ABERTA/DOC/DFP/DADOS/dfp_cia_aberta_2019.zip
2026-04-28 00:30:25,270 [INFO] pipeline.cvm:   DFP bpp 2019: 127 linhas
2026-04-28 00:30:25,270 [INFO] pipeline.cvm: Baixando: https://dados.cvm.gov.br/dados/CIA_ABERTA/DOC/DFP/DADOS/dfp_cia_aberta_2019.zip
2026-04-28 00:30:28,381 [INFO] pipeline.cvm:   DFP dfc_mi 2019: 54 linhas
2026-04-28 00:30:28,381 [INFO] pipeline.cvm: Baixando: https://dados.cvm.gov.br/dados/CIA_ABERTA/DOC/DFP/DADOS/dfp_cia_aberta_2019.zip
2026-04-28 00:30:30,352 [WARNING] pipeline.cvm:   Empresa 24805 não encontrada em dfc_md 2019
2026-04-28 00:30:30,352 [INFO] pipeline.cvm: 
==================================================
2026-04-28 00:30:30,352 [INFO] pipeline.cvm: Baixando DFP 2020...
2026-04-28 00:30:30,353 [INFO] pipeline.cvm: Baixando: https://dados.cvm.gov.br/dados/CIA_ABERTA/DOC/DFP/DADOS/dfp_cia_aberta_2020.zip
2026-04-28 00:30:33,468 [INFO] pipeline.cvm:   DFP dre 2020: 76 linhas
2026-04-28 00:30:33,468 [INFO] pipeline.cvm: Baixando: https://dados.cvm.gov.br/dados/CIA_ABERTA/DOC/DFP/DADOS/dfp_cia_aberta_2020.zip
2026-04-28 00:30:37,217 [INFO] pipeline.cvm:   DFP bpa 2020: 144 linhas
2026-04-28 00:30:37,217 [INFO] pipeline.cvm: Baixando: https://dados.cvm.gov.br/dados/CIA_ABERTA/DOC/DFP/DADOS/dfp_cia_aberta_2020.zip
2026-04-28 00:30:42,277 [INFO] pipeline.cvm:   DFP bpp 2020: 258 linhas
2026-04-28 00:30:42,277 [INFO] pipeline.cvm: Baixando: https://dados.cvm.gov.br/dados/CIA_ABERTA/DOC/DFP/DADOS/dfp_cia_aberta_2020.zip
2026-04-28 00:30:45,913 [INFO] pipeline.cvm:   DFP dfc_mi 2020: 114 linhas
2026-04-28 00:30:45,913 [INFO] pipeline.cvm: Baixando: https://dados.cvm.gov.br/dados/CIA_ABERTA/DOC/DFP/DADOS/dfp_cia_aberta_2020.zip
2026-04-28 00:30:48,391 [WARNING] pipeline.cvm:   Empresa 24805 não encontrada em dfc_md 2020
2026-04-28 00:30:48,392 [INFO] pipeline.cvm: 
==================================================
2026-04-28 00:30:48,392 [INFO] pipeline.cvm: Baixando DFP 2021...
2026-04-28 00:30:48,392 [INFO] pipeline.cvm: Baixando: https://dados.cvm.gov.br/dados/CIA_ABERTA/DOC/DFP/DADOS/dfp_cia_aberta_2021.zip
2026-04-28 00:30:51,955 [INFO] pipeline.cvm:   DFP dre 2021: 78 linhas
2026-04-28 00:30:51,955 [INFO] pipeline.cvm: Baixando: https://dados.cvm.gov.br/dados/CIA_ABERTA/DOC/DFP/DADOS/dfp_cia_aberta_2021.zip
2026-04-28 00:30:56,179 [INFO] pipeline.cvm:   DFP bpa 2021: 144 linhas
2026-04-28 00:30:56,179 [INFO] pipeline.cvm: Baixando: https://dados.cvm.gov.br/dados/CIA_ABERTA/DOC/DFP/DADOS/dfp_cia_aberta_2021.zip
2026-04-28 00:31:02,083 [INFO] pipeline.cvm:   DFP bpp 2021: 258 linhas
2026-04-28 00:31:02,084 [INFO] pipeline.cvm: Baixando: https://dados.cvm.gov.br/dados/CIA_ABERTA/DOC/DFP/DADOS/dfp_cia_aberta_2021.zip
2026-04-28 00:31:06,215 [INFO] pipeline.cvm:   DFP dfc_mi 2021: 116 linhas
2026-04-28 00:31:06,215 [INFO] pipeline.cvm: Baixando: https://dados.cvm.gov.br/dados/CIA_ABERTA/DOC/DFP/DADOS/dfp_cia_aberta_2021.zip
2026-04-28 00:31:08,624 [WARNING] pipeline.cvm:   Empresa 24805 não encontrada em dfc_md 2021
2026-04-28 00:31:08,624 [INFO] pipeline.cvm: 
==================================================
2026-04-28 00:31:08,624 [INFO] pipeline.cvm: Baixando DFP 2022...
2026-04-28 00:31:08,624 [INFO] pipeline.cvm: Baixando: https://dados.cvm.gov.br/dados/CIA_ABERTA/DOC/DFP/DADOS/dfp_cia_aberta_2022.zip
2026-04-28 00:31:12,205 [INFO] pipeline.cvm:   DFP dre 2022: 78 linhas
2026-04-28 00:31:12,205 [INFO] pipeline.cvm: Baixando: https://dados.cvm.gov.br/dados/CIA_ABERTA/DOC/DFP/DADOS/dfp_cia_aberta_2022.zip
2026-04-28 00:31:17,491 [INFO] pipeline.cvm:   DFP bpa 2022: 144 linhas
2026-04-28 00:31:17,491 [INFO] pipeline.cvm: Baixando: https://dados.cvm.gov.br/dados/CIA_ABERTA/DOC/DFP/DADOS/dfp_cia_aberta_2022.zip
2026-04-28 00:31:24,796 [INFO] pipeline.cvm:   DFP bpp 2022: 268 linhas
2026-04-28 00:31:24,796 [INFO] pipeline.cvm: Baixando: https://dados.cvm.gov.br/dados/CIA_ABERTA/DOC/DFP/DADOS/dfp_cia_aberta_2022.zip
2026-04-28 00:31:29,376 [INFO] pipeline.cvm:   DFP dfc_mi 2022: 120 linhas
2026-04-28 00:31:29,376 [INFO] pipeline.cvm: Baixando: https://dados.cvm.gov.br/dados/CIA_ABERTA/DOC/DFP/DADOS/dfp_cia_aberta_2022.zip
2026-04-28 00:31:31,987 [WARNING] pipeline.cvm:   Empresa 24805 não encontrada em dfc_md 2022
2026-04-28 00:31:31,988 [INFO] pipeline.cvm: 
==================================================
2026-04-28 00:31:31,988 [INFO] pipeline.cvm: Baixando DFP 2023...
2026-04-28 00:31:31,988 [INFO] pipeline.cvm: Baixando: https://dados.cvm.gov.br/dados/CIA_ABERTA/DOC/DFP/DADOS/dfp_cia_aberta_2023.zip
2026-04-28 00:31:35,254 [INFO] pipeline.cvm:   DFP dre 2023: 78 linhas
2026-04-28 00:31:35,254 [INFO] pipeline.cvm: Baixando: https://dados.cvm.gov.br/dados/CIA_ABERTA/DOC/DFP/DADOS/dfp_cia_aberta_2023.zip
2026-04-28 00:31:40,059 [INFO] pipeline.cvm:   DFP bpa 2023: 144 linhas
2026-04-28 00:31:40,059 [INFO] pipeline.cvm: Baixando: https://dados.cvm.gov.br/dados/CIA_ABERTA/DOC/DFP/DADOS/dfp_cia_aberta_2023.zip
2026-04-28 00:31:46,973 [INFO] pipeline.cvm:   DFP bpp 2023: 268 linhas
2026-04-28 00:31:46,973 [INFO] pipeline.cvm: Baixando: https://dados.cvm.gov.br/dados/CIA_ABERTA/DOC/DFP/DADOS/dfp_cia_aberta_2023.zip
2026-04-28 00:31:52,773 [INFO] pipeline.cvm:   DFP dfc_mi 2023: 124 linhas
2026-04-28 00:31:52,773 [INFO] pipeline.cvm: Baixando: https://dados.cvm.gov.br/dados/CIA_ABERTA/DOC/DFP/DADOS/dfp_cia_aberta_2023.zip
2026-04-28 00:31:56,307 [WARNING] pipeline.cvm:   Empresa 24805 não encontrada em dfc_md 2023
2026-04-28 00:31:56,308 [INFO] pipeline.cvm: 
==================================================
2026-04-28 00:31:56,308 [INFO] pipeline.cvm: Baixando DFP 2024...
2026-04-28 00:31:56,308 [INFO] pipeline.cvm: Baixando: https://dados.cvm.gov.br/dados/CIA_ABERTA/DOC/DFP/DADOS/dfp_cia_aberta_2024.zip
2026-04-28 00:32:00,319 [INFO] pipeline.cvm:   DFP dre 2024: 78 linhas
2026-04-28 00:32:00,319 [INFO] pipeline.cvm: Baixando: https://dados.cvm.gov.br/dados/CIA_ABERTA/DOC/DFP/DADOS/dfp_cia_aberta_2024.zip
2026-04-28 00:32:04,394 [INFO] pipeline.cvm:   DFP bpa 2024: 148 linhas
2026-04-28 00:32:04,395 [INFO] pipeline.cvm: Baixando: https://dados.cvm.gov.br/dados/CIA_ABERTA/DOC/DFP/DADOS/dfp_cia_aberta_2024.zip
2026-04-28 00:32:09,775 [INFO] pipeline.cvm:   DFP bpp 2024: 270 linhas
2026-04-28 00:32:09,775 [INFO] pipeline.cvm: Baixando: https://dados.cvm.gov.br/dados/CIA_ABERTA/DOC/DFP/DADOS/dfp_cia_aberta_2024.zip
2026-04-28 00:32:13,735 [INFO] pipeline.cvm:   DFP dfc_mi 2024: 128 linhas
2026-04-28 00:32:13,735 [INFO] pipeline.cvm: Baixando: https://dados.cvm.gov.br/dados/CIA_ABERTA/DOC/DFP/DADOS/dfp_cia_aberta_2024.zip
2026-04-28 00:32:15,821 [WARNING] pipeline.cvm:   Empresa 24805 não encontrada em dfc_md 2024
2026-04-28 00:32:15,822 [INFO] pipeline.cvm: 
==================================================
2026-04-28 00:32:15,822 [INFO] pipeline.cvm: Baixando DFP 2025...
2026-04-28 00:32:15,822 [INFO] pipeline.cvm: Baixando: https://dados.cvm.gov.br/dados/CIA_ABERTA/DOC/DFP/DADOS/dfp_cia_aberta_2025.zip
2026-04-28 00:32:18,808 [INFO] pipeline.cvm:   DFP dre 2025: 78 linhas
2026-04-28 00:32:18,808 [INFO] pipeline.cvm: Baixando: https://dados.cvm.gov.br/dados/CIA_ABERTA/DOC/DFP/DADOS/dfp_cia_aberta_2025.zip
2026-04-28 00:32:22,420 [INFO] pipeline.cvm:   DFP bpa 2025: 148 linhas
2026-04-28 00:32:22,420 [INFO] pipeline.cvm: Baixando: https://dados.cvm.gov.br/dados/CIA_ABERTA/DOC/DFP/DADOS/dfp_cia_aberta_2025.zip
2026-04-28 00:32:27,473 [INFO] pipeline.cvm:   DFP bpp 2025: 270 linhas
2026-04-28 00:32:27,473 [INFO] pipeline.cvm: Baixando: https://dados.cvm.gov.br/dados/CIA_ABERTA/DOC/DFP/DADOS/dfp_cia_aberta_2025.zip
2026-04-28 00:32:31,314 [INFO] pipeline.cvm:   DFP dfc_mi 2025: 136 linhas
2026-04-28 00:32:31,314 [INFO] pipeline.cvm: Baixando: https://dados.cvm.gov.br/dados/CIA_ABERTA/DOC/DFP/DADOS/dfp_cia_aberta_2025.zip
2026-04-28 00:32:33,743 [WARNING] pipeline.cvm:   Empresa 24805 não encontrada em dfc_md 2025
2026-04-28 00:32:33,744 [INFO] pipeline:   Anos ajustados → Histórico: 2019-2025 | Projeção: 2026-2035
2026-04-28 00:32:33,744 [INFO] pipeline: 
[4/6] Normalizando dados...
2026-04-28 00:32:35,705 [INFO] pipeline:   DFC normalizada: 11 linhas
2026-04-28 00:32:35,708 [INFO] pipeline:   DRE normalizada:
2026-04-28 00:32:35,708 [INFO] pipeline:     receita_liquida: 2019: 749,667 | 2020: 1,047,547 | 2021: 1,466,387 | 2022: 1,843,735 | 2023: 2,186,975 | 2024: 2,577,113 | 2025: 3,026,582
2026-04-28 00:32:35,709 [INFO] pipeline:     ebit: 2019: 292,923 | 2020: 205,079 | 2021: 294,686 | 2022: 376,372 | 2023: 450,646 | 2024: 683,585 | 2025: 726,321
2026-04-28 00:32:35,709 [INFO] pipeline:     lucro_liquido: 2019: 257,971 | 2020: 146,672 | 2021: 298,490 | 2022: 360,854 | 2023: 369,245 | 2024: 653,394 | 2025: 619,502
2026-04-28 00:32:35,709 [INFO] pipeline: 
[5/6] Calculando projeções...
2026-04-28 00:32:35,710 [INFO] pipeline.projecoes: 
=== Projeções (não-financeira / FCFF) ===
2026-04-28 00:32:35,711 [INFO] pipeline.projecoes:   Margem EBITDA: 26.3% → 24.0% (conv 6a)
2026-04-28 00:32:35,711 [INFO] pipeline.projecoes:   D&A/Receita: 2.4%
2026-04-28 00:32:35,712 [INFO] pipeline.projecoes:   CAPEX/Receita: 5.7% → 3.0%
2026-04-28 00:32:35,712 [INFO] pipeline.projecoes:   NCG/Receita: 73.4% → 15.0%
2026-04-28 00:32:35,715 [INFO] pipeline.projecoes:   Alíquota efetiva: 15.0%
2026-04-28 00:32:35,715 [INFO] pipeline.projecoes: Projeções concluídas (FCFF). Resumo:
2026-04-28 00:32:35,715 [INFO] pipeline.projecoes:    Ano      Receita     EBITDA    Mg%      NOPAT       FCFF
2026-04-28 00:32:35,715 [INFO] pipeline.projecoes:   2026    3,256,097    843,864  25.9%    662,189    837,825
2026-04-28 00:32:35,715 [INFO] pipeline.projecoes:   2027    3,489,451    890,967  25.5%    698,066    885,417
2026-04-28 00:32:35,715 [INFO] pipeline.projecoes:   2028    3,724,989    936,830  25.1%    732,823    988,754
2026-04-28 00:32:35,716 [INFO] pipeline.projecoes:   2029    3,960,905    980,980  24.8%    766,091  1,094,378
2026-04-28 00:32:35,716 [INFO] pipeline.projecoes:   2030    4,195,258  1,022,942  24.4%    797,496  1,201,110
2026-04-28 00:32:35,716 [INFO] pipeline.valuation:   Estrutura de capital: E=20% | D=80%
2026-04-28 00:32:35,716 [INFO] pipeline: 
[6/6] Calculando valuation (FCFF / WACC)...
2026-04-28 00:32:35,716 [WARNING] pipeline.valuation: TIR > 150% — valor intrínseco muito acima do preço de mercado
2026-04-28 00:32:35,716 [WARNING] pipeline.valuation: TIR > 150% — valor intrínseco muito acima do preço de mercado
2026-04-28 00:32:35,717 [INFO] pipeline.valuation: 
==================================================
2026-04-28 00:32:35,717 [INFO] pipeline.valuation: VALUATION FCFF/WACC — VIVA3
2026-04-28 00:32:35,717 [INFO] pipeline.valuation:   VP FCFF (10a):     R$    5,608,256 MM
2026-04-28 00:32:35,717 [INFO] pipeline.valuation:   Valor Perp. (VP):  R$    5,777,064 MM
2026-04-28 00:32:35,717 [INFO] pipeline.valuation:   ENTERPRISE VALUE:  R$   11,385,321 MM
2026-04-28 00:32:35,717 [INFO] pipeline.valuation:   (-) Dívida Líq.:   R$      132,631 MM
2026-04-28 00:32:35,717 [INFO] pipeline.valuation:   VALOR DO EQUITY:   R$   11,252,689 MM
2026-04-28 00:32:35,717 [INFO] pipeline.valuation:   Preço Justo ON:    R$ 47869.16
2026-04-28 00:32:35,717 [INFO] pipeline.valuation:   Preço Justo PN:    R$ 47869.16
2026-04-28 00:32:35,717 [INFO] pipeline.valuation:   Cotação ON:        R$    25.46
2026-04-28 00:32:35,717 [INFO] pipeline.valuation:   Upside ON:            187917.1%
2026-04-28 00:32:35,717 [INFO] pipeline.valuation:   TIR (ON):               150.0%
2026-04-28 00:32:35,717 [INFO] pipeline.valuation:   WACC último ano:         12.0%
2026-04-28 00:32:35,718 [INFO] pipeline:   Sem template VAROS para VIVA3 — Excel será criado do zero
2026-04-28 00:32:35,719 [INFO] pipeline.excel_geral: 
============================================================
2026-04-28 00:32:35,719 [INFO] pipeline.excel_geral: Criando Excel completo (12 abas) para: Vivara (VIVA3)
2026-04-28 00:32:35,720 [INFO] pipeline.excel_geral:   → 1/12  Dashboard
2026-04-28 00:32:35,731 [INFO] pipeline.excel_geral:   → 2/12  WACC
2026-04-28 00:32:35,766 [INFO] pipeline.excel_geral:   → 3/12  TIR ON
2026-04-28 00:32:35,775 [INFO] pipeline.excel_geral:   → 4/12  TIR PN
2026-04-28 00:32:35,785 [INFO] pipeline.excel_geral:   → 5/12  Valor do Equity
2026-04-28 00:32:35,789 [INFO] pipeline.excel_geral:   → 6/12  Preço Teto
2026-04-28 00:32:35,796 [INFO] pipeline.excel_geral:   → 7/12  DRE + DCF
2026-04-28 00:32:35,910 [INFO] pipeline.excel_geral:   → 8/12  DRE Contas Abertas
2026-04-28 00:32:35,968 [INFO] pipeline.excel_geral:   → 9/12  Balanço Patrimonial
2026-04-28 00:32:36,017 [INFO] pipeline.excel_geral:   → 10/12 Painel de Índices
2026-04-28 00:32:36,082 [INFO] pipeline.excel_geral:   → 11/12 Projeções Premissas
2026-04-28 00:32:36,106 [INFO] pipeline.excel_geral:   → 12/12 Projeções Capex e CG
2026-04-28 00:32:36,205 [INFO] pipeline.excel_geral: 
Arquivo salvo: C:\Users\55819\OneDrive - EPEJUD\DIEGO\OBSIDIAN\Analista de Investimentos\12_PYTHON\pipeline banco completo\outputs\Valuation_VIVA3_Vivara_20260428.xlsx
2026-04-28 00:32:36,205 [INFO] pipeline: 
======================================================================
2026-04-28 00:32:36,206 [INFO] pipeline: RESUMO DO VALUATION (FCFF/WACC)
2026-04-28 00:32:36,206 [INFO] pipeline: ======================================================================
2026-04-28 00:32:36,206 [INFO] pipeline:   Empresa:           Vivara (VIVA3)
2026-04-28 00:32:36,206 [INFO] pipeline:   Enterprise Value:  R$   11,385,321 MM
2026-04-28 00:32:36,206 [INFO] pipeline:   Cotação ON:        R$ 25.46
2026-04-28 00:32:36,206 [INFO] pipeline:   Preço Justo ON:    R$ 47869.16
2026-04-28 00:32:36,206 [INFO] pipeline:   Upside ON:            187917.1%
2026-04-28 00:32:36,206 [INFO] pipeline:   TIR:                  150.0%
2026-04-28 00:32:36,206 [INFO] pipeline:   Preço Teto ON:     R$ 47869.16
2026-04-28 00:32:36,206 [INFO] pipeline: 
  Arquivo gerado:    C:\Users\55819\OneDrive - EPEJUD\DIEGO\OBSIDIAN\Analista de Investimentos\12_PYTHON\pipeline banco completo\outputs\Valuation_VIVA3_Vivara_20260428.xlsx
2026-04-28 00:32:36,206 [INFO] pipeline: ======================================================================
2026-04-28 00:32:36,210 [INFO] pipeline: ✓ VIVA3: arquivo gerado → C:\Users\55819\OneDrive - EPEJUD\DIEGO\OBSIDIAN\Analista de Investimentos\12_PYTHON\pipeline banco completo\outputs\Valuation_VIVA3_Vivara_20260428.xlsx
2026-04-28 00:32:36,210 [INFO] pipeline: 
──────────────────────────────────────────────────────────────────────
2026-04-28 00:32:36,210 [INFO] pipeline: Processando: SBFG3 (SBF Group (Centauro))
2026-04-28 00:32:36,210 [INFO] pipeline: ──────────────────────────────────────────────────────────────────────
2026-04-28 00:32:36,210 [INFO] pipeline: ======================================================================
2026-04-28 00:32:36,210 [INFO] pipeline: PIPELINE DE VALUATION [CONSUMO_VAREJO] — SBFG3 — SBF Group (Centauro)
2026-04-28 00:32:36,210 [INFO] pipeline: Início: 2026-04-28 00:32:36
2026-04-28 00:32:36,211 [INFO] pipeline:   Setor: consumo_varejo | Motor: WACC
2026-04-28 00:32:36,211 [INFO] pipeline: ======================================================================
2026-04-28 00:32:36,211 [INFO] pipeline: 
[1/6] Coletando dados de mercado...
2026-04-28 00:32:36,211 [INFO] pipeline:   Buscando cotação via yfinance...
2026-04-28 00:32:36,211 [INFO] pipeline.mercado: Buscando cotação atual: SBFG3.SA
2026-04-28 00:32:37,503 [INFO] pipeline:   Cotação ON: R$ 11.55  |  Cotação PN: R$ 0.00
2026-04-28 00:32:37,781 [INFO] pipeline.mercado: Calculando beta: SBFG3 (252 dias úteis)
2026-04-28 00:32:37,781 [INFO] pipeline.mercado: Baixando preços: SBFG3.SA (2019-01-01 → 2026-04-28)
2026-04-28 00:32:38,412 [INFO] pipeline.mercado:   1747 dias de preços carregados
2026-04-28 00:32:38,412 [INFO] pipeline.mercado: Baixando preços: ^BVSP (2019-01-01 → 2026-04-28)
2026-04-28 00:32:38,448 [INFO] pipeline.mercado:   1820 dias de preços carregados
2026-04-28 00:32:38,452 [INFO] pipeline.mercado:   Beta estatístico: 1.6786 | R²: 0.410 | n=251
2026-04-28 00:32:38,454 [INFO] pipeline:   Beta estatístico: 1.679 | Beta utilizado: 0.850
2026-04-28 00:32:38,454 [INFO] pipeline: 
[2/6] Coletando dados macroeconômicos (BCB)...
2026-04-28 00:32:38,781 [WARNING] pipeline.macro: Não foi possível obter Focus Selic: 400 Client Error: Bad Request for url: https://olinda.bcb.gov.br/olinda/servico/Expectativas/versao/v1/odata/ExpectativasMercadoAnuais?%24filter=Indicador%20eq%20'Selic'&%24top=100&%24format=json&%24select=Indicador,Data,Ano,Mediana
2026-04-28 00:32:39,060 [WARNING] pipeline.macro: Não foi possível obter Focus IPCA: 400 Client Error: Bad Request for url: https://olinda.bcb.gov.br/olinda/servico/Expectativas/versao/v1/odata/ExpectativasMercadoAnuais?%24filter=Indicador%20eq%20'IPCA'&%24top=100&%24format=json&%24select=Indicador,Data,Ano,Mediana
2026-04-28 00:32:39,062 [INFO] pipeline.macro: 
=== Coletando dados macroeconômicos ===
2026-04-28 00:32:39,062 [INFO] pipeline.macro: Baixando série BCB 432...
2026-04-28 00:32:39,336 [ERROR] pipeline.macro: Erro ao baixar série BCB 432: 406 Client Error: Not Acceptable for url: https://api.bcb.gov.br/dados/serie/bcdata.sgs.432/dados?formato=json&dataInicial=01%2F01%2F2010&dataFinal=28%2F04%2F2026
2026-04-28 00:32:39,337 [WARNING] pipeline.macro: Série Selic meta sem DatetimeIndex — usando fallback histórico
2026-04-28 00:32:39,337 [INFO] pipeline.macro: Baixando série BCB 12...
2026-04-28 00:32:39,432 [ERROR] pipeline.macro: Erro ao baixar série BCB 12: 406 Client Error: Not Acceptable for url: https://api.bcb.gov.br/dados/serie/bcdata.sgs.12/dados?formato=json&dataInicial=01%2F01%2F2010&dataFinal=28%2F04%2F2026
2026-04-28 00:32:39,432 [WARNING] pipeline.macro: Série DI sem DatetimeIndex — usando fallback histórico
2026-04-28 00:32:39,432 [INFO] pipeline.macro: Baixando série BCB 13522...
2026-04-28 00:32:39,540 [INFO] pipeline.macro:   Série 13522: 195 observações (2010-01-01 → 2026-03-01)
2026-04-28 00:32:39,541 [WARNING] pipeline.macro: IPCA calculado fora do intervalo plausível (55.3%) para 2019 — usando fallback
2026-04-28 00:32:39,542 [WARNING] pipeline.macro: IPCA calculado fora do intervalo plausível (46.1%) para 2020 — usando fallback
2026-04-28 00:32:39,543 [WARNING] pipeline.macro: IPCA calculado fora do intervalo plausível (159.3%) para 2021 — usando fallback
2026-04-28 00:32:39,543 [WARNING] pipeline.macro: IPCA calculado fora do intervalo plausível (191.2%) para 2022 — usando fallback
2026-04-28 00:32:39,544 [WARNING] pipeline.macro: IPCA calculado fora do intervalo plausível (71.5%) para 2023 — usando fallback
2026-04-28 00:32:39,544 [WARNING] pipeline.macro: IPCA calculado fora do intervalo plausível (67.0%) para 2024 — usando fallback
2026-04-28 00:32:39,544 [INFO] pipeline.macro: Baixando série BCB 258...
2026-04-28 00:32:39,640 [ERROR] pipeline.macro: Erro ao baixar série BCB 258: 406 Client Error: Not Acceptable for url: https://api.bcb.gov.br/dados/serie/bcdata.sgs.258/dados?formato=json&dataInicial=01%2F01%2F2010&dataFinal=28%2F04%2F2026
2026-04-28 00:32:39,640 [WARNING] pipeline.macro: Série TJLP sem DatetimeIndex — usando fallback histórico
2026-04-28 00:32:39,641 [INFO] pipeline.macro: Baixando série BCB 29039...
2026-04-28 00:32:39,748 [INFO] pipeline.macro:   Série 29039: 195 observações (2010-01-01 → 2026-03-01)
2026-04-28 00:32:39,751 [INFO] pipeline.macro: Baixando série BCB 13522...
2026-04-28 00:32:39,867 [INFO] pipeline.macro:   Série 13522: 195 observações (2010-01-01 → 2026-03-01)
2026-04-28 00:32:39,868 [WARNING] pipeline.macro: IPCA calculado fora do intervalo plausível (55.3%) para 2019 — usando fallback
2026-04-28 00:32:39,869 [WARNING] pipeline.macro: IPCA calculado fora do intervalo plausível (46.1%) para 2020 — usando fallback
2026-04-28 00:32:39,870 [WARNING] pipeline.macro: IPCA calculado fora do intervalo plausível (159.3%) para 2021 — usando fallback
2026-04-28 00:32:39,870 [WARNING] pipeline.macro: IPCA calculado fora do intervalo plausível (191.2%) para 2022 — usando fallback
2026-04-28 00:32:39,870 [WARNING] pipeline.macro: IPCA calculado fora do intervalo plausível (71.5%) para 2023 — usando fallback
2026-04-28 00:32:39,870 [WARNING] pipeline.macro: IPCA calculado fora do intervalo plausível (67.0%) para 2024 — usando fallback
2026-04-28 00:32:39,871 [INFO] pipeline.macro: 
RESUMO MACRO HISTÓRICO:
2026-04-28 00:32:39,871 [INFO] pipeline.macro:   selic_meta     : 2020: 2.00% | 2021: 9.25% | 2022: 13.75% | 2023: 11.75% | 2024: 11.75%
2026-04-28 00:32:39,871 [INFO] pipeline.macro:   selic_efet     : 2020: 2.28% | 2021: 4.48% | 2022: 12.33% | 2023: 13.15% | 2024: 10.73%
2026-04-28 00:32:39,871 [INFO] pipeline.macro:   ipca           : 2020: 4.52% | 2021: 10.06% | 2022: 5.62% | 2023: 4.62% | 2024: 4.83%
2026-04-28 00:32:39,871 [INFO] pipeline.macro:   tjlp           : 2020: 5.25% | 2021: 5.25% | 2022: 6.25% | 2023: 7.00% | 2024: 7.00%
2026-04-28 00:32:39,871 [INFO] pipeline.macro:   cds            : 2020: 0.44% | 2021: 0.73% | 2022: 1.26% | 2023: 0.84% | 2024: 0.81%
2026-04-28 00:32:39,871 [INFO] pipeline.macro:   inflacao_impl  : 2020: 4.52% | 2021: 10.06% | 2022: 5.62% | 2023: 4.62% | 2024: 4.83%
2026-04-28 00:32:39,871 [INFO] pipeline: 
[3/6] Baixando demonstrações financeiras (CVM)...
2026-04-28 00:32:39,872 [INFO] pipeline.cvm: 
==================================================
2026-04-28 00:32:39,872 [INFO] pipeline.cvm: Baixando DFP 2019...
2026-04-28 00:32:39,872 [INFO] pipeline.cvm: Baixando: https://dados.cvm.gov.br/dados/CIA_ABERTA/DOC/DFP/DADOS/dfp_cia_aberta_2019.zip
2026-04-28 00:32:42,850 [INFO] pipeline.cvm:   DFP dre 2019: 60 linhas
2026-04-28 00:32:42,850 [INFO] pipeline.cvm: Baixando: https://dados.cvm.gov.br/dados/CIA_ABERTA/DOC/DFP/DADOS/dfp_cia_aberta_2019.zip
2026-04-28 00:32:46,209 [INFO] pipeline.cvm:   DFP bpa 2019: 122 linhas
2026-04-28 00:32:46,210 [INFO] pipeline.cvm: Baixando: https://dados.cvm.gov.br/dados/CIA_ABERTA/DOC/DFP/DADOS/dfp_cia_aberta_2019.zip
2026-04-28 00:32:50,696 [INFO] pipeline.cvm:   DFP bpp 2019: 218 linhas
2026-04-28 00:32:50,696 [INFO] pipeline.cvm: Baixando: https://dados.cvm.gov.br/dados/CIA_ABERTA/DOC/DFP/DADOS/dfp_cia_aberta_2019.zip
2026-04-28 00:32:53,933 [INFO] pipeline.cvm:   DFP dfc_mi 2019: 20 linhas
2026-04-28 00:32:53,934 [INFO] pipeline.cvm: Baixando: https://dados.cvm.gov.br/dados/CIA_ABERTA/DOC/DFP/DADOS/dfp_cia_aberta_2019.zip
2026-04-28 00:32:56,024 [WARNING] pipeline.cvm:   Empresa 24694 não encontrada em dfc_md 2019
2026-04-28 00:32:56,024 [INFO] pipeline.cvm: 
==================================================
2026-04-28 00:32:56,024 [INFO] pipeline.cvm: Baixando DFP 2020...
2026-04-28 00:32:56,024 [INFO] pipeline.cvm: Baixando: https://dados.cvm.gov.br/dados/CIA_ABERTA/DOC/DFP/DADOS/dfp_cia_aberta_2020.zip
2026-04-28 00:32:59,672 [INFO] pipeline.cvm:   DFP dre 2020: 60 linhas
2026-04-28 00:32:59,672 [INFO] pipeline.cvm: Baixando: https://dados.cvm.gov.br/dados/CIA_ABERTA/DOC/DFP/DADOS/dfp_cia_aberta_2020.zip
2026-04-28 00:33:04,906 [INFO] pipeline.cvm:   DFP bpa 2020: 126 linhas
2026-04-28 00:33:04,906 [INFO] pipeline.cvm: Baixando: https://dados.cvm.gov.br/dados/CIA_ABERTA/DOC/DFP/DADOS/dfp_cia_aberta_2020.zip
2026-04-28 00:33:11,646 [INFO] pipeline.cvm:   DFP bpp 2020: 222 linhas
2026-04-28 00:33:11,646 [INFO] pipeline.cvm: Baixando: https://dados.cvm.gov.br/dados/CIA_ABERTA/DOC/DFP/DADOS/dfp_cia_aberta_2020.zip
2026-04-28 00:33:17,295 [INFO] pipeline.cvm:   DFP dfc_mi 2020: 118 linhas
2026-04-28 00:33:17,296 [INFO] pipeline.cvm: Baixando: https://dados.cvm.gov.br/dados/CIA_ABERTA/DOC/DFP/DADOS/dfp_cia_aberta_2020.zip
2026-04-28 00:33:21,257 [WARNING] pipeline.cvm:   Empresa 24694 não encontrada em dfc_md 2020
2026-04-28 00:33:21,258 [INFO] pipeline.cvm: 
==================================================
2026-04-28 00:33:21,258 [INFO] pipeline.cvm: Baixando DFP 2021...
2026-04-28 00:33:21,258 [INFO] pipeline.cvm: Baixando: https://dados.cvm.gov.br/dados/CIA_ABERTA/DOC/DFP/DADOS/dfp_cia_aberta_2021.zip
2026-04-28 00:33:27,299 [INFO] pipeline.cvm:   DFP dre 2021: 60 linhas
2026-04-28 00:33:27,300 [INFO] pipeline.cvm: Baixando: https://dados.cvm.gov.br/dados/CIA_ABERTA/DOC/DFP/DADOS/dfp_cia_aberta_2021.zip
2026-04-28 00:33:33,976 [INFO] pipeline.cvm:   DFP bpa 2021: 128 linhas
2026-04-28 00:33:33,976 [INFO] pipeline.cvm: Baixando: https://dados.cvm.gov.br/dados/CIA_ABERTA/DOC/DFP/DADOS/dfp_cia_aberta_2021.zip
2026-04-28 00:33:40,899 [INFO] pipeline.cvm:   DFP bpp 2021: 224 linhas
2026-04-28 00:33:40,899 [INFO] pipeline.cvm: Baixando: https://dados.cvm.gov.br/dados/CIA_ABERTA/DOC/DFP/DADOS/dfp_cia_aberta_2021.zip
2026-04-28 00:33:47,189 [INFO] pipeline.cvm:   DFP dfc_mi 2021: 132 linhas
2026-04-28 00:33:47,189 [INFO] pipeline.cvm: Baixando: https://dados.cvm.gov.br/dados/CIA_ABERTA/DOC/DFP/DADOS/dfp_cia_aberta_2021.zip
2026-04-28 00:33:51,611 [WARNING] pipeline.cvm:   Empresa 24694 não encontrada em dfc_md 2021
2026-04-28 00:33:51,612 [INFO] pipeline.cvm: 
==================================================
2026-04-28 00:33:51,612 [INFO] pipeline.cvm: Baixando DFP 2022...
2026-04-28 00:33:51,612 [INFO] pipeline.cvm: Baixando: https://dados.cvm.gov.br/dados/CIA_ABERTA/DOC/DFP/DADOS/dfp_cia_aberta_2022.zip
2026-04-28 00:33:57,121 [INFO] pipeline.cvm:   DFP dre 2022: 60 linhas
2026-04-28 00:33:57,121 [INFO] pipeline.cvm: Baixando: https://dados.cvm.gov.br/dados/CIA_ABERTA/DOC/DFP/DADOS/dfp_cia_aberta_2022.zip
2026-04-28 00:34:03,832 [INFO] pipeline.cvm:   DFP bpa 2022: 128 linhas
2026-04-28 00:34:03,833 [INFO] pipeline.cvm: Baixando: https://dados.cvm.gov.br/dados/CIA_ABERTA/DOC/DFP/DADOS/dfp_cia_aberta_2022.zip
2026-04-28 00:34:11,383 [INFO] pipeline.cvm:   DFP bpp 2022: 228 linhas
2026-04-28 00:34:11,383 [INFO] pipeline.cvm: Baixando: https://dados.cvm.gov.br/dados/CIA_ABERTA/DOC/DFP/DADOS/dfp_cia_aberta_2022.zip
2026-04-28 00:34:17,270 [INFO] pipeline.cvm:   DFP dfc_mi 2022: 132 linhas
2026-04-28 00:34:17,271 [INFO] pipeline.cvm: Baixando: https://dados.cvm.gov.br/dados/CIA_ABERTA/DOC/DFP/DADOS/dfp_cia_aberta_2022.zip
2026-04-28 00:34:21,018 [WARNING] pipeline.cvm:   Empresa 24694 não encontrada em dfc_md 2022
2026-04-28 00:34:21,018 [INFO] pipeline.cvm: 
==================================================
2026-04-28 00:34:21,018 [INFO] pipeline.cvm: Baixando DFP 2023...
2026-04-28 00:34:21,018 [INFO] pipeline.cvm: Baixando: https://dados.cvm.gov.br/dados/CIA_ABERTA/DOC/DFP/DADOS/dfp_cia_aberta_2023.zip
2026-04-28 00:34:25,466 [INFO] pipeline.cvm:   DFP dre 2023: 60 linhas
2026-04-28 00:34:25,466 [INFO] pipeline.cvm: Baixando: https://dados.cvm.gov.br/dados/CIA_ABERTA/DOC/DFP/DADOS/dfp_cia_aberta_2023.zip
2026-04-28 00:34:30,870 [INFO] pipeline.cvm:   DFP bpa 2023: 128 linhas
2026-04-28 00:34:30,871 [INFO] pipeline.cvm: Baixando: https://dados.cvm.gov.br/dados/CIA_ABERTA/DOC/DFP/DADOS/dfp_cia_aberta_2023.zip
2026-04-28 00:34:37,612 [INFO] pipeline.cvm:   DFP bpp 2023: 228 linhas
2026-04-28 00:34:37,612 [INFO] pipeline.cvm: Baixando: https://dados.cvm.gov.br/dados/CIA_ABERTA/DOC/DFP/DADOS/dfp_cia_aberta_2023.zip
2026-04-28 00:34:42,078 [INFO] pipeline.cvm:   DFP dfc_mi 2023: 132 linhas
2026-04-28 00:34:42,078 [INFO] pipeline.cvm: Baixando: https://dados.cvm.gov.br/dados/CIA_ABERTA/DOC/DFP/DADOS/dfp_cia_aberta_2023.zip
2026-04-28 00:34:44,221 [WARNING] pipeline.cvm:   Empresa 24694 não encontrada em dfc_md 2023
2026-04-28 00:34:44,221 [INFO] pipeline.cvm: 
==================================================
2026-04-28 00:34:44,221 [INFO] pipeline.cvm: Baixando DFP 2024...
2026-04-28 00:34:44,222 [INFO] pipeline.cvm: Baixando: https://dados.cvm.gov.br/dados/CIA_ABERTA/DOC/DFP/DADOS/dfp_cia_aberta_2024.zip
2026-04-28 00:34:47,162 [INFO] pipeline.cvm:   DFP dre 2024: 60 linhas
2026-04-28 00:34:47,162 [INFO] pipeline.cvm: Baixando: https://dados.cvm.gov.br/dados/CIA_ABERTA/DOC/DFP/DADOS/dfp_cia_aberta_2024.zip
2026-04-28 00:34:50,828 [INFO] pipeline.cvm:   DFP bpa 2024: 128 linhas
2026-04-28 00:34:50,828 [INFO] pipeline.cvm: Baixando: https://dados.cvm.gov.br/dados/CIA_ABERTA/DOC/DFP/DADOS/dfp_cia_aberta_2024.zip
2026-04-28 00:34:56,467 [INFO] pipeline.cvm:   DFP bpp 2024: 228 linhas
2026-04-28 00:34:56,467 [INFO] pipeline.cvm: Baixando: https://dados.cvm.gov.br/dados/CIA_ABERTA/DOC/DFP/DADOS/dfp_cia_aberta_2024.zip
2026-04-28 00:35:00,454 [INFO] pipeline.cvm:   DFP dfc_mi 2024: 134 linhas
2026-04-28 00:35:00,454 [INFO] pipeline.cvm: Baixando: https://dados.cvm.gov.br/dados/CIA_ABERTA/DOC/DFP/DADOS/dfp_cia_aberta_2024.zip
2026-04-28 00:35:02,639 [WARNING] pipeline.cvm:   Empresa 24694 não encontrada em dfc_md 2024
2026-04-28 00:35:02,640 [INFO] pipeline.cvm: 
==================================================
2026-04-28 00:35:02,640 [INFO] pipeline.cvm: Baixando DFP 2025...
2026-04-28 00:35:02,640 [INFO] pipeline.cvm: Baixando: https://dados.cvm.gov.br/dados/CIA_ABERTA/DOC/DFP/DADOS/dfp_cia_aberta_2025.zip
2026-04-28 00:35:06,211 [INFO] pipeline.cvm:   DFP dre 2025: 60 linhas
2026-04-28 00:35:06,211 [INFO] pipeline.cvm: Baixando: https://dados.cvm.gov.br/dados/CIA_ABERTA/DOC/DFP/DADOS/dfp_cia_aberta_2025.zip
2026-04-28 00:35:10,515 [INFO] pipeline.cvm:   DFP bpa 2025: 128 linhas
2026-04-28 00:35:10,515 [INFO] pipeline.cvm: Baixando: https://dados.cvm.gov.br/dados/CIA_ABERTA/DOC/DFP/DADOS/dfp_cia_aberta_2025.zip
2026-04-28 00:35:16,622 [INFO] pipeline.cvm:   DFP bpp 2025: 230 linhas
2026-04-28 00:35:16,622 [INFO] pipeline.cvm: Baixando: https://dados.cvm.gov.br/dados/CIA_ABERTA/DOC/DFP/DADOS/dfp_cia_aberta_2025.zip
2026-04-28 00:35:20,891 [INFO] pipeline.cvm:   DFP dfc_mi 2025: 126 linhas
2026-04-28 00:35:20,892 [INFO] pipeline.cvm: Baixando: https://dados.cvm.gov.br/dados/CIA_ABERTA/DOC/DFP/DADOS/dfp_cia_aberta_2025.zip
2026-04-28 00:35:23,906 [WARNING] pipeline.cvm:   Empresa 24694 não encontrada em dfc_md 2025
2026-04-28 00:35:23,907 [INFO] pipeline:   Anos ajustados → Histórico: 2019-2025 | Projeção: 2026-2035
2026-04-28 00:35:23,907 [INFO] pipeline: 
[4/6] Normalizando dados...
2026-04-28 00:35:26,205 [INFO] pipeline:   DFC normalizada: 11 linhas
2026-04-28 00:35:26,209 [INFO] pipeline:   DRE normalizada:
2026-04-28 00:35:26,209 [INFO] pipeline:     receita_liquida: 2019: 2,545 | 2020: 2,407 | 2021: 5,110 | 2022: 6,261 | 2023: 6,989 | 2024: 7,152 | 2025: 7,736
2026-04-28 00:35:26,209 [INFO] pipeline:     ebit: 2019: 469 | 2020: -73 | 2021: 402 | 2022: 402 | 2023: 531 | 2024: 612 | 2025: 529
2026-04-28 00:35:26,209 [INFO] pipeline:     lucro_liquido: 2019: 310 | 2020: -113 | 2021: 498 | 2022: 205 | 2023: 169 | 2024: 536 | 2025: 328
2026-04-28 00:35:26,209 [INFO] pipeline: 
[5/6] Calculando projeções...
2026-04-28 00:35:26,210 [INFO] pipeline.projecoes: 
=== Projeções (não-financeira / FCFF) ===
2026-04-28 00:35:26,211 [INFO] pipeline.projecoes:   Margem EBITDA: 9.3% → 14.0% (conv 6a)
2026-04-28 00:35:26,211 [INFO] pipeline.projecoes:   D&A/Receita: 3.5%
2026-04-28 00:35:26,213 [INFO] pipeline.projecoes:   CAPEX/Receita: 3.8% → 4.0%
2026-04-28 00:35:26,214 [INFO] pipeline.projecoes:   NCG/Receita: 31.1% → 10.0%
2026-04-28 00:35:26,217 [INFO] pipeline.projecoes:   Alíquota efetiva: 18.3%
2026-04-28 00:35:26,217 [INFO] pipeline.projecoes: Projeções concluídas (FCFF). Resumo:
2026-04-28 00:35:26,217 [INFO] pipeline.projecoes:    Ano      Receita     EBITDA    Mg%      NOPAT       FCFF
2026-04-28 00:35:26,218 [INFO] pipeline.projecoes:   2026        8,323        842  10.1%        453        618
2026-04-28 00:35:26,218 [INFO] pipeline.projecoes:   2027        8,920        972  10.9%        542        718
2026-04-28 00:35:26,218 [INFO] pipeline.projecoes:   2028        9,522      1,111  11.7%        639        859
2026-04-28 00:35:26,218 [INFO] pipeline.projecoes:   2029       10,125      1,260  12.4%        744      1,008
2026-04-28 00:35:26,218 [INFO] pipeline.projecoes:   2030       10,724      1,418  13.2%        856      1,164
2026-04-28 00:35:26,218 [INFO] pipeline.valuation:   Estrutura de capital: E=54% | D=46%
2026-04-28 00:35:26,218 [INFO] pipeline: 
[6/6] Calculando valuation (FCFF / WACC)...
2026-04-28 00:35:26,218 [INFO] pipeline.valuation: 
==================================================
2026-04-28 00:35:26,219 [INFO] pipeline.valuation: VALUATION FCFF/WACC — SBFG3
2026-04-28 00:35:26,219 [INFO] pipeline.valuation:   VP FCFF (10a):     R$        5,160 MM
2026-04-28 00:35:26,219 [INFO] pipeline.valuation:   Valor Perp. (VP):  R$        6,088 MM
2026-04-28 00:35:26,219 [INFO] pipeline.valuation:   ENTERPRISE VALUE:  R$       11,248 MM
2026-04-28 00:35:26,219 [INFO] pipeline.valuation:   (-) Dívida Líq.:   R$        2,258 MM
2026-04-28 00:35:26,219 [INFO] pipeline.valuation:   VALOR DO EQUITY:   R$        8,990 MM
2026-04-28 00:35:26,219 [INFO] pipeline.valuation:   Preço Justo ON:    R$    39.04
2026-04-28 00:35:26,219 [INFO] pipeline.valuation:   Preço Justo PN:    R$    39.04
2026-04-28 00:35:26,219 [INFO] pipeline.valuation:   Cotação ON:        R$    11.55
2026-04-28 00:35:26,219 [INFO] pipeline.valuation:   Upside ON:              238.0%
2026-04-28 00:35:26,219 [INFO] pipeline.valuation:   TIR (ON):                32.2%
2026-04-28 00:35:26,219 [INFO] pipeline.valuation:   WACC último ano:         12.0%
2026-04-28 00:35:26,221 [INFO] pipeline:   Sem template VAROS para SBFG3 — Excel será criado do zero
2026-04-28 00:35:26,222 [INFO] pipeline.excel_geral: 
============================================================
2026-04-28 00:35:26,222 [INFO] pipeline.excel_geral: Criando Excel completo (12 abas) para: SBF Group (Centauro) (SBFG3)
2026-04-28 00:35:26,223 [INFO] pipeline.excel_geral:   → 1/12  Dashboard
2026-04-28 00:35:26,234 [INFO] pipeline.excel_geral:   → 2/12  WACC
2026-04-28 00:35:26,272 [INFO] pipeline.excel_geral:   → 3/12  TIR ON
2026-04-28 00:35:26,286 [INFO] pipeline.excel_geral:   → 4/12  TIR PN
2026-04-28 00:35:26,299 [INFO] pipeline.excel_geral:   → 5/12  Valor do Equity
2026-04-28 00:35:26,305 [INFO] pipeline.excel_geral:   → 6/12  Preço Teto
2026-04-28 00:35:26,311 [INFO] pipeline.excel_geral:   → 7/12  DRE + DCF
2026-04-28 00:35:26,436 [INFO] pipeline.excel_geral:   → 8/12  DRE Contas Abertas
2026-04-28 00:35:26,500 [INFO] pipeline.excel_geral:   → 9/12  Balanço Patrimonial
2026-04-28 00:35:26,548 [INFO] pipeline.excel_geral:   → 10/12 Painel de Índices
2026-04-28 00:35:26,620 [INFO] pipeline.excel_geral:   → 11/12 Projeções Premissas
2026-04-28 00:35:26,648 [INFO] pipeline.excel_geral:   → 12/12 Projeções Capex e CG
2026-04-28 00:35:26,773 [INFO] pipeline.excel_geral: 
Arquivo salvo: C:\Users\55819\OneDrive - EPEJUD\DIEGO\OBSIDIAN\Analista de Investimentos\12_PYTHON\pipeline banco completo\outputs\Valuation_SBFG3_SBF Group (Centauro)_20260428.xlsx
2026-04-28 00:35:26,774 [INFO] pipeline: 
======================================================================
2026-04-28 00:35:26,774 [INFO] pipeline: RESUMO DO VALUATION (FCFF/WACC)
2026-04-28 00:35:26,774 [INFO] pipeline: ======================================================================
2026-04-28 00:35:26,774 [INFO] pipeline:   Empresa:           SBF Group (Centauro) (SBFG3)
2026-04-28 00:35:26,774 [INFO] pipeline:   Enterprise Value:  R$       11,248 MM
2026-04-28 00:35:26,774 [INFO] pipeline:   Cotação ON:        R$ 11.55
2026-04-28 00:35:26,775 [INFO] pipeline:   Preço Justo ON:    R$ 39.04
2026-04-28 00:35:26,775 [INFO] pipeline:   Upside ON:            238.0%
2026-04-28 00:35:26,775 [INFO] pipeline:   TIR:                  32.2%
2026-04-28 00:35:26,775 [INFO] pipeline:   Preço Teto ON:     R$ 39.04
2026-04-28 00:35:26,775 [INFO] pipeline: 
  Arquivo gerado:    C:\Users\55819\OneDrive - EPEJUD\DIEGO\OBSIDIAN\Analista de Investimentos\12_PYTHON\pipeline banco completo\outputs\Valuation_SBFG3_SBF Group (Centauro)_20260428.xlsx
2026-04-28 00:35:26,775 [INFO] pipeline: ======================================================================
2026-04-28 00:35:26,779 [INFO] pipeline: ✓ SBFG3: arquivo gerado → C:\Users\55819\OneDrive - EPEJUD\DIEGO\OBSIDIAN\Analista de Investimentos\12_PYTHON\pipeline banco completo\outputs\Valuation_SBFG3_SBF Group (Centauro)_20260428.xlsx
2026-04-28 00:35:26,779 [INFO] pipeline: 
──────────────────────────────────────────────────────────────────────
2026-04-28 00:35:26,779 [INFO] pipeline: Processando: NTCO3 (Natura &Co)
2026-04-28 00:35:26,779 [INFO] pipeline: ──────────────────────────────────────────────────────────────────────
2026-04-28 00:35:26,779 [INFO] pipeline: ======================================================================
2026-04-28 00:35:26,780 [INFO] pipeline: PIPELINE DE VALUATION [CONSUMO_VAREJO] — NTCO3 — Natura &Co
2026-04-28 00:35:26,780 [INFO] pipeline: Início: 2026-04-28 00:35:26
2026-04-28 00:35:26,780 [INFO] pipeline:   Setor: consumo_varejo | Motor: WACC
2026-04-28 00:35:26,780 [INFO] pipeline: ======================================================================
2026-04-28 00:35:26,780 [INFO] pipeline: 
[1/6] Coletando dados de mercado...
2026-04-28 00:35:26,780 [INFO] pipeline:   Buscando cotação via yfinance...
2026-04-28 00:35:26,780 [INFO] pipeline.mercado: Buscando cotação atual: NTCO3.SA
2026-04-28 00:35:28,093 [INFO] pipeline:   Cotação ON: R$ 0.00  |  Cotação PN: R$ 0.00
2026-04-28 00:35:28,222 [INFO] pipeline.mercado: Calculando beta: NTCO3 (252 dias úteis)
2026-04-28 00:35:28,222 [INFO] pipeline.mercado: Baixando preços: NTCO3.SA (2019-01-01 → 2026-04-28)
2026-04-28 00:35:29,528 [ERROR] yfinance: $NTCO3.SA: possibly delisted; no timezone found
2026-04-28 00:35:29,529 [ERROR] yfinance: 
1 Failed download:
2026-04-28 00:35:29,529 [ERROR] yfinance: ['NTCO3.SA']: possibly delisted; no timezone found
2026-04-28 00:35:29,532 [WARNING] pipeline.mercado: Sem dados de preços para NTCO3.SA
2026-04-28 00:35:29,533 [INFO] pipeline.mercado: Baixando preços: ^BVSP (2019-01-01 → 2026-04-28)
2026-04-28 00:35:29,571 [INFO] pipeline.mercado:   1820 dias de preços carregados
2026-04-28 00:35:29,571 [WARNING] pipeline.mercado: Dados insuficientes para calcular beta
2026-04-28 00:35:29,571 [INFO] pipeline:   Beta estatístico: 0.850 | Beta utilizado: 0.850
2026-04-28 00:35:29,572 [INFO] pipeline: 
[2/6] Coletando dados macroeconômicos (BCB)...
2026-04-28 00:35:29,899 [WARNING] pipeline.macro: Não foi possível obter Focus Selic: 400 Client Error: Bad Request for url: https://olinda.bcb.gov.br/olinda/servico/Expectativas/versao/v1/odata/ExpectativasMercadoAnuais?%24filter=Indicador%20eq%20'Selic'&%24top=100&%24format=json&%24select=Indicador,Data,Ano,Mediana
2026-04-28 00:35:30,174 [WARNING] pipeline.macro: Não foi possível obter Focus IPCA: 400 Client Error: Bad Request for url: https://olinda.bcb.gov.br/olinda/servico/Expectativas/versao/v1/odata/ExpectativasMercadoAnuais?%24filter=Indicador%20eq%20'IPCA'&%24top=100&%24format=json&%24select=Indicador,Data,Ano,Mediana
2026-04-28 00:35:30,175 [INFO] pipeline.macro: 
=== Coletando dados macroeconômicos ===
2026-04-28 00:35:30,175 [INFO] pipeline.macro: Baixando série BCB 432...
2026-04-28 00:35:30,501 [ERROR] pipeline.macro: Erro ao baixar série BCB 432: 406 Client Error: Not Acceptable for url: https://api.bcb.gov.br/dados/serie/bcdata.sgs.432/dados?formato=json&dataInicial=01%2F01%2F2010&dataFinal=28%2F04%2F2026
2026-04-28 00:35:30,502 [WARNING] pipeline.macro: Série Selic meta sem DatetimeIndex — usando fallback histórico
2026-04-28 00:35:30,502 [INFO] pipeline.macro: Baixando série BCB 12...
2026-04-28 00:35:30,609 [ERROR] pipeline.macro: Erro ao baixar série BCB 12: 406 Client Error: Not Acceptable for url: https://api.bcb.gov.br/dados/serie/bcdata.sgs.12/dados?formato=json&dataInicial=01%2F01%2F2010&dataFinal=28%2F04%2F2026
2026-04-28 00:35:30,610 [WARNING] pipeline.macro: Série DI sem DatetimeIndex — usando fallback histórico
2026-04-28 00:35:30,610 [INFO] pipeline.macro: Baixando série BCB 13522...
2026-04-28 00:35:30,731 [INFO] pipeline.macro:   Série 13522: 195 observações (2010-01-01 → 2026-03-01)
2026-04-28 00:35:30,732 [WARNING] pipeline.macro: IPCA calculado fora do intervalo plausível (55.3%) para 2019 — usando fallback
2026-04-28 00:35:30,733 [WARNING] pipeline.macro: IPCA calculado fora do intervalo plausível (46.1%) para 2020 — usando fallback
2026-04-28 00:35:30,734 [WARNING] pipeline.macro: IPCA calculado fora do intervalo plausível (159.3%) para 2021 — usando fallback
2026-04-28 00:35:30,735 [WARNING] pipeline.macro: IPCA calculado fora do intervalo plausível (191.2%) para 2022 — usando fallback
2026-04-28 00:35:30,736 [WARNING] pipeline.macro: IPCA calculado fora do intervalo plausível (71.5%) para 2023 — usando fallback
2026-04-28 00:35:30,736 [WARNING] pipeline.macro: IPCA calculado fora do intervalo plausível (67.0%) para 2024 — usando fallback
2026-04-28 00:35:30,737 [INFO] pipeline.macro: Baixando série BCB 258...
2026-04-28 00:35:30,842 [ERROR] pipeline.macro: Erro ao baixar série BCB 258: 406 Client Error: Not Acceptable for url: https://api.bcb.gov.br/dados/serie/bcdata.sgs.258/dados?formato=json&dataInicial=01%2F01%2F2010&dataFinal=28%2F04%2F2026
2026-04-28 00:35:30,842 [WARNING] pipeline.macro: Série TJLP sem DatetimeIndex — usando fallback histórico
2026-04-28 00:35:30,843 [INFO] pipeline.macro: Baixando série BCB 29039...
2026-04-28 00:35:30,960 [INFO] pipeline.macro:   Série 29039: 195 observações (2010-01-01 → 2026-03-01)
2026-04-28 00:35:30,964 [INFO] pipeline.macro: Baixando série BCB 13522...
2026-04-28 00:35:31,084 [INFO] pipeline.macro:   Série 13522: 195 observações (2010-01-01 → 2026-03-01)
2026-04-28 00:35:31,084 [WARNING] pipeline.macro: IPCA calculado fora do intervalo plausível (55.3%) para 2019 — usando fallback
2026-04-28 00:35:31,085 [WARNING] pipeline.macro: IPCA calculado fora do intervalo plausível (46.1%) para 2020 — usando fallback
2026-04-28 00:35:31,085 [WARNING] pipeline.macro: IPCA calculado fora do intervalo plausível (159.3%) para 2021 — usando fallback
2026-04-28 00:35:31,085 [WARNING] pipeline.macro: IPCA calculado fora do intervalo plausível (191.2%) para 2022 — usando fallback
2026-04-28 00:35:31,086 [WARNING] pipeline.macro: IPCA calculado fora do intervalo plausível (71.5%) para 2023 — usando fallback
2026-04-28 00:35:31,086 [WARNING] pipeline.macro: IPCA calculado fora do intervalo plausível (67.0%) para 2024 — usando fallback
2026-04-28 00:35:31,086 [INFO] pipeline.macro: 
RESUMO MACRO HISTÓRICO:
2026-04-28 00:35:31,086 [INFO] pipeline.macro:   selic_meta     : 2020: 2.00% | 2021: 9.25% | 2022: 13.75% | 2023: 11.75% | 2024: 11.75%
2026-04-28 00:35:31,087 [INFO] pipeline.macro:   selic_efet     : 2020: 2.28% | 2021: 4.48% | 2022: 12.33% | 2023: 13.15% | 2024: 10.73%
2026-04-28 00:35:31,087 [INFO] pipeline.macro:   ipca           : 2020: 4.52% | 2021: 10.06% | 2022: 5.62% | 2023: 4.62% | 2024: 4.83%
2026-04-28 00:35:31,087 [INFO] pipeline.macro:   tjlp           : 2020: 5.25% | 2021: 5.25% | 2022: 6.25% | 2023: 7.00% | 2024: 7.00%
2026-04-28 00:35:31,087 [INFO] pipeline.macro:   cds            : 2020: 0.44% | 2021: 0.73% | 2022: 1.26% | 2023: 0.84% | 2024: 0.81%
2026-04-28 00:35:31,087 [INFO] pipeline.macro:   inflacao_impl  : 2020: 4.52% | 2021: 10.06% | 2022: 5.62% | 2023: 4.62% | 2024: 4.83%
2026-04-28 00:35:31,087 [INFO] pipeline: 
[3/6] Baixando demonstrações financeiras (CVM)...
2026-04-28 00:35:31,088 [INFO] pipeline.cvm: 
==================================================
2026-04-28 00:35:31,088 [INFO] pipeline.cvm: Baixando DFP 2019...
2026-04-28 00:35:31,088 [INFO] pipeline.cvm: Baixando: https://dados.cvm.gov.br/dados/CIA_ABERTA/DOC/DFP/DADOS/dfp_cia_aberta_2019.zip
2026-04-28 00:35:34,348 [INFO] pipeline.cvm:   DFP dre 2019: 70 linhas
2026-04-28 00:35:34,348 [INFO] pipeline.cvm: Baixando: https://dados.cvm.gov.br/dados/CIA_ABERTA/DOC/DFP/DADOS/dfp_cia_aberta_2019.zip
2026-04-28 00:35:37,995 [INFO] pipeline.cvm:   DFP bpa 2019: 132 linhas
2026-04-28 00:35:37,995 [INFO] pipeline.cvm: Baixando: https://dados.cvm.gov.br/dados/CIA_ABERTA/DOC/DFP/DADOS/dfp_cia_aberta_2019.zip
2026-04-28 00:35:43,853 [INFO] pipeline.cvm:   DFP bpp 2019: 226 linhas
2026-04-28 00:35:43,853 [INFO] pipeline.cvm: Baixando: https://dados.cvm.gov.br/dados/CIA_ABERTA/DOC/DFP/DADOS/dfp_cia_aberta_2019.zip
2026-04-28 00:35:47,662 [INFO] pipeline.cvm:   DFP dfc_mi 2019: 128 linhas
2026-04-28 00:35:47,662 [INFO] pipeline.cvm: Baixando: https://dados.cvm.gov.br/dados/CIA_ABERTA/DOC/DFP/DADOS/dfp_cia_aberta_2019.zip
2026-04-28 00:35:49,949 [WARNING] pipeline.cvm:   Empresa 24783 não encontrada em dfc_md 2019
2026-04-28 00:35:49,949 [INFO] pipeline.cvm: 
==================================================
2026-04-28 00:35:49,950 [INFO] pipeline.cvm: Baixando DFP 2020...
2026-04-28 00:35:49,950 [INFO] pipeline.cvm: Baixando: https://dados.cvm.gov.br/dados/CIA_ABERTA/DOC/DFP/DADOS/dfp_cia_aberta_2020.zip
2026-04-28 00:35:53,403 [INFO] pipeline.cvm:   DFP dre 2020: 70 linhas
2026-04-28 00:35:53,403 [INFO] pipeline.cvm: Baixando: https://dados.cvm.gov.br/dados/CIA_ABERTA/DOC/DFP/DADOS/dfp_cia_aberta_2020.zip
2026-04-28 00:35:57,536 [INFO] pipeline.cvm:   DFP bpa 2020: 134 linhas
2026-04-28 00:35:57,536 [INFO] pipeline.cvm: Baixando: https://dados.cvm.gov.br/dados/CIA_ABERTA/DOC/DFP/DADOS/dfp_cia_aberta_2020.zip
2026-04-28 00:36:03,103 [INFO] pipeline.cvm:   DFP bpp 2020: 226 linhas
2026-04-28 00:36:03,104 [INFO] pipeline.cvm: Baixando: https://dados.cvm.gov.br/dados/CIA_ABERTA/DOC/DFP/DADOS/dfp_cia_aberta_2020.zip
2026-04-28 00:36:07,493 [INFO] pipeline.cvm:   DFP dfc_mi 2020: 122 linhas
2026-04-28 00:36:07,494 [INFO] pipeline.cvm: Baixando: https://dados.cvm.gov.br/dados/CIA_ABERTA/DOC/DFP/DADOS/dfp_cia_aberta_2020.zip
2026-04-28 00:36:10,811 [WARNING] pipeline.cvm:   Empresa 24783 não encontrada em dfc_md 2020
2026-04-28 00:36:10,811 [INFO] pipeline.cvm: 
==================================================
2026-04-28 00:36:10,812 [INFO] pipeline.cvm: Baixando DFP 2021...
2026-04-28 00:36:10,812 [INFO] pipeline.cvm: Baixando: https://dados.cvm.gov.br/dados/CIA_ABERTA/DOC/DFP/DADOS/dfp_cia_aberta_2021.zip
2026-04-28 00:36:14,787 [INFO] pipeline.cvm:   DFP dre 2021: 70 linhas
2026-04-28 00:36:14,787 [INFO] pipeline.cvm: Baixando: https://dados.cvm.gov.br/dados/CIA_ABERTA/DOC/DFP/DADOS/dfp_cia_aberta_2021.zip
2026-04-28 00:36:19,592 [INFO] pipeline.cvm:   DFP bpa 2021: 134 linhas
2026-04-28 00:36:19,592 [INFO] pipeline.cvm: Baixando: https://dados.cvm.gov.br/dados/CIA_ABERTA/DOC/DFP/DADOS/dfp_cia_aberta_2021.zip
2026-04-28 00:36:25,509 [INFO] pipeline.cvm:   DFP bpp 2021: 226 linhas
2026-04-28 00:36:25,509 [INFO] pipeline.cvm: Baixando: https://dados.cvm.gov.br/dados/CIA_ABERTA/DOC/DFP/DADOS/dfp_cia_aberta_2021.zip
2026-04-28 00:36:28,999 [INFO] pipeline.cvm:   DFP dfc_mi 2021: 122 linhas
2026-04-28 00:36:28,999 [INFO] pipeline.cvm: Baixando: https://dados.cvm.gov.br/dados/CIA_ABERTA/DOC/DFP/DADOS/dfp_cia_aberta_2021.zip
2026-04-28 00:36:31,033 [WARNING] pipeline.cvm:   Empresa 24783 não encontrada em dfc_md 2021
2026-04-28 00:36:31,033 [INFO] pipeline.cvm: 
==================================================
2026-04-28 00:36:31,033 [INFO] pipeline.cvm: Baixando DFP 2022...
2026-04-28 00:36:31,033 [INFO] pipeline.cvm: Baixando: https://dados.cvm.gov.br/dados/CIA_ABERTA/DOC/DFP/DADOS/dfp_cia_aberta_2022.zip
2026-04-28 00:36:35,230 [INFO] pipeline.cvm:   DFP dre 2022: 70 linhas
2026-04-28 00:36:35,230 [INFO] pipeline.cvm: Baixando: https://dados.cvm.gov.br/dados/CIA_ABERTA/DOC/DFP/DADOS/dfp_cia_aberta_2022.zip
2026-04-28 00:36:40,439 [INFO] pipeline.cvm:   DFP bpa 2022: 134 linhas
2026-04-28 00:36:40,439 [INFO] pipeline.cvm: Baixando: https://dados.cvm.gov.br/dados/CIA_ABERTA/DOC/DFP/DADOS/dfp_cia_aberta_2022.zip
2026-04-28 00:36:46,834 [INFO] pipeline.cvm:   DFP bpp 2022: 228 linhas
2026-04-28 00:36:46,834 [INFO] pipeline.cvm: Baixando: https://dados.cvm.gov.br/dados/CIA_ABERTA/DOC/DFP/DADOS/dfp_cia_aberta_2022.zip
2026-04-28 00:36:50,880 [INFO] pipeline.cvm:   DFP dfc_mi 2022: 122 linhas
2026-04-28 00:36:50,880 [INFO] pipeline.cvm: Baixando: https://dados.cvm.gov.br/dados/CIA_ABERTA/DOC/DFP/DADOS/dfp_cia_aberta_2022.zip
2026-04-28 00:36:53,202 [WARNING] pipeline.cvm:   Empresa 24783 não encontrada em dfc_md 2022
2026-04-28 00:36:53,203 [INFO] pipeline.cvm: 
==================================================
2026-04-28 00:36:53,204 [INFO] pipeline.cvm: Baixando DFP 2023...
2026-04-28 00:36:53,204 [INFO] pipeline.cvm: Baixando: https://dados.cvm.gov.br/dados/CIA_ABERTA/DOC/DFP/DADOS/dfp_cia_aberta_2023.zip
2026-04-28 00:36:56,692 [INFO] pipeline.cvm:   DFP dre 2023: 70 linhas
2026-04-28 00:36:56,693 [INFO] pipeline.cvm: Baixando: https://dados.cvm.gov.br/dados/CIA_ABERTA/DOC/DFP/DADOS/dfp_cia_aberta_2023.zip
2026-04-28 00:37:00,534 [INFO] pipeline.cvm:   DFP bpa 2023: 140 linhas
2026-04-28 00:37:00,534 [INFO] pipeline.cvm: Baixando: https://dados.cvm.gov.br/dados/CIA_ABERTA/DOC/DFP/DADOS/dfp_cia_aberta_2023.zip
2026-04-28 00:37:06,317 [INFO] pipeline.cvm:   DFP bpp 2023: 228 linhas
2026-04-28 00:37:06,318 [INFO] pipeline.cvm: Baixando: https://dados.cvm.gov.br/dados/CIA_ABERTA/DOC/DFP/DADOS/dfp_cia_aberta_2023.zip
2026-04-28 00:37:10,380 [INFO] pipeline.cvm:   DFP dfc_mi 2023: 128 linhas
2026-04-28 00:37:10,380 [INFO] pipeline.cvm: Baixando: https://dados.cvm.gov.br/dados/CIA_ABERTA/DOC/DFP/DADOS/dfp_cia_aberta_2023.zip
2026-04-28 00:37:12,825 [WARNING] pipeline.cvm:   Empresa 24783 não encontrada em dfc_md 2023
2026-04-28 00:37:12,825 [INFO] pipeline.cvm: 
==================================================
2026-04-28 00:37:12,825 [INFO] pipeline.cvm: Baixando DFP 2024...
2026-04-28 00:37:12,825 [INFO] pipeline.cvm: Baixando: https://dados.cvm.gov.br/dados/CIA_ABERTA/DOC/DFP/DADOS/dfp_cia_aberta_2024.zip
2026-04-28 00:37:16,756 [INFO] pipeline.cvm:   DFP dre 2024: 64 linhas
2026-04-28 00:37:16,756 [INFO] pipeline.cvm: Baixando: https://dados.cvm.gov.br/dados/CIA_ABERTA/DOC/DFP/DADOS/dfp_cia_aberta_2024.zip
2026-04-28 00:37:22,992 [INFO] pipeline.cvm:   DFP bpa 2024: 140 linhas
2026-04-28 00:37:22,992 [INFO] pipeline.cvm: Baixando: https://dados.cvm.gov.br/dados/CIA_ABERTA/DOC/DFP/DADOS/dfp_cia_aberta_2024.zip
2026-04-28 00:37:30,667 [INFO] pipeline.cvm:   DFP bpp 2024: 232 linhas
2026-04-28 00:37:30,668 [INFO] pipeline.cvm: Baixando: https://dados.cvm.gov.br/dados/CIA_ABERTA/DOC/DFP/DADOS/dfp_cia_aberta_2024.zip
2026-04-28 00:37:36,826 [INFO] pipeline.cvm:   DFP dfc_mi 2024: 138 linhas
2026-04-28 00:37:36,826 [INFO] pipeline.cvm: Baixando: https://dados.cvm.gov.br/dados/CIA_ABERTA/DOC/DFP/DADOS/dfp_cia_aberta_2024.zip
2026-04-28 00:37:41,494 [WARNING] pipeline.cvm:   Empresa 24783 não encontrada em dfc_md 2024
2026-04-28 00:37:41,494 [INFO] pipeline.cvm: 
==================================================
2026-04-28 00:37:41,494 [INFO] pipeline.cvm: Baixando DFP 2025...
2026-04-28 00:37:41,494 [INFO] pipeline.cvm: Baixando: https://dados.cvm.gov.br/dados/CIA_ABERTA/DOC/DFP/DADOS/dfp_cia_aberta_2025.zip
2026-04-28 00:37:46,250 [WARNING] pipeline.cvm:   Empresa 24783 não encontrada em dre 2025
2026-04-28 00:37:46,250 [INFO] pipeline.cvm: Baixando: https://dados.cvm.gov.br/dados/CIA_ABERTA/DOC/DFP/DADOS/dfp_cia_aberta_2025.zip
2026-04-28 00:37:51,776 [WARNING] pipeline.cvm:   Empresa 24783 não encontrada em bpa 2025
2026-04-28 00:37:51,777 [INFO] pipeline.cvm: Baixando: https://dados.cvm.gov.br/dados/CIA_ABERTA/DOC/DFP/DADOS/dfp_cia_aberta_2025.zip
2026-04-28 00:37:58,321 [WARNING] pipeline.cvm:   Empresa 24783 não encontrada em bpp 2025
2026-04-28 00:37:58,321 [INFO] pipeline.cvm: Baixando: https://dados.cvm.gov.br/dados/CIA_ABERTA/DOC/DFP/DADOS/dfp_cia_aberta_2025.zip
2026-04-28 00:38:03,002 [WARNING] pipeline.cvm:   Empresa 24783 não encontrada em dfc_mi 2025
2026-04-28 00:38:03,003 [INFO] pipeline.cvm: Baixando: https://dados.cvm.gov.br/dados/CIA_ABERTA/DOC/DFP/DADOS/dfp_cia_aberta_2025.zip
2026-04-28 00:38:06,053 [WARNING] pipeline.cvm:   Empresa 24783 não encontrada em dfc_md 2025
2026-04-28 00:38:06,054 [INFO] pipeline:   DFP 2025 indisponível — tentando anualizar via ITR...
2026-04-28 00:38:06,054 [INFO] pipeline.cvm: 
==================================================
2026-04-28 00:38:06,054 [INFO] pipeline.cvm: Tentando anualizar 2025 via ITR (LTM)...
2026-04-28 00:38:06,054 [INFO] pipeline.cvm: Baixando: https://dados.cvm.gov.br/dados/CIA_ABERTA/DOC/ITR/DADOS/itr_cia_aberta_2025.zip
2026-04-28 00:38:16,916 [INFO] pipeline.cvm:   ITR dre 2025 Ttodos: 188 linhas
2026-04-28 00:38:16,916 [INFO] pipeline.cvm: Baixando: https://dados.cvm.gov.br/dados/CIA_ABERTA/DOC/ITR/DADOS/itr_cia_aberta_2025.zip
2026-04-28 00:38:28,666 [INFO] pipeline.cvm:   ITR bpa 2025 Ttodos: 280 linhas
2026-04-28 00:38:28,666 [INFO] pipeline.cvm: Baixando: https://dados.cvm.gov.br/dados/CIA_ABERTA/DOC/ITR/DADOS/itr_cia_aberta_2025.zip
2026-04-28 00:38:45,084 [INFO] pipeline.cvm:   ITR bpp 2025 Ttodos: 464 linhas
2026-04-28 00:38:45,085 [INFO] pipeline.cvm: Baixando: https://dados.cvm.gov.br/dados/CIA_ABERTA/DOC/ITR/DADOS/itr_cia_aberta_2025.zip
2026-04-28 00:38:58,527 [INFO] pipeline.cvm:   ITR dfc_mi 2025 Ttodos: 256 linhas
2026-04-28 00:38:58,527 [INFO] pipeline.cvm: Baixando: https://dados.cvm.gov.br/dados/CIA_ABERTA/DOC/ITR/DADOS/itr_cia_aberta_2025.zip
2026-04-28 00:39:06,913 [INFO] pipeline.cvm:   Último trimestre: 2T2025 (6 meses)
2026-04-28 00:39:06,913 [INFO] pipeline.cvm:   LTM = Acum 6m/2025 + (DFP 2024 - Acum 6m/2024)
2026-04-28 00:39:06,923 [INFO] pipeline.cvm:   LTM dre: 31 linhas
2026-04-28 00:39:06,936 [INFO] pipeline.cvm:   LTM dfc_mi: 64 linhas
2026-04-28 00:39:06,941 [INFO] pipeline.cvm:   Balanço bpa (posição 2T2025): 70 linhas
2026-04-28 00:39:06,946 [INFO] pipeline.cvm:   Balanço bpp (posição 2T2025): 116 linhas
2026-04-28 00:39:06,946 [INFO] pipeline.cvm:   Anualização 2025 concluída com sucesso (2T LTM)
2026-04-28 00:39:06,946 [INFO] pipeline:   ✓ 2025 anualizado via ITR (LTM)
2026-04-28 00:39:06,946 [INFO] pipeline:   Anos ajustados → Histórico: 2019-2025 | Projeção: 2026-2035
2026-04-28 00:39:06,946 [INFO] pipeline: 
[4/6] Normalizando dados...
2026-04-28 00:39:09,013 [INFO] pipeline:   DFC normalizada: 11 linhas
2026-04-28 00:39:09,017 [INFO] pipeline:   DRE normalizada:
2026-04-28 00:39:09,017 [INFO] pipeline:     receita_liquida: 2019: 14,445 | 2020: 36,922 | 2021: 40,165 | 2022: 36,350 | 2023: 26,737 | 2024: 24,090 | 2025: 20,294
2026-04-28 00:39:09,017 [INFO] pipeline:     ebit: 2019: 1,351 | 2020: 790 | 2021: 1,118 | 2022: -458 | 2023: -155 | 2024: 908 | 2025: 976
2026-04-28 00:39:09,017 [INFO] pipeline:     lucro_liquido: 2019: 155 | 2020: -650 | 2021: 1,048 | 2022: -2,860 | 2023: 2,974 | 2024: -8,930 | 2025: 4,813
2026-04-28 00:39:09,017 [INFO] pipeline: 
[5/6] Calculando projeções...
2026-04-28 00:39:09,018 [INFO] pipeline.projecoes: 
=== Projeções (não-financeira / FCFF) ===
2026-04-28 00:39:09,019 [INFO] pipeline.projecoes:   Margem EBITDA: 11.5% → 16.0% (conv 6a)
2026-04-28 00:39:09,019 [INFO] pipeline.projecoes:   D&A/Receita: 7.3%
2026-04-28 00:39:09,020 [INFO] pipeline.projecoes:   CAPEX/Receita: 1.7% → 4.0%
2026-04-28 00:39:09,022 [INFO] pipeline.projecoes:   NCG/Receita: 7.1% → 10.0%
2026-04-28 00:39:09,025 [INFO] pipeline.projecoes:   Alíquota efetiva: 40.0%
2026-04-28 00:39:09,025 [INFO] pipeline.projecoes: Projeções concluídas (FCFF). Resumo:
2026-04-28 00:39:09,025 [INFO] pipeline.projecoes:    Ano      Receita     EBITDA    Mg%      NOPAT       FCFF
2026-04-28 00:39:09,025 [INFO] pipeline.projecoes:   2026       21,833      2,677  12.3%        555      2,518
2026-04-28 00:39:09,025 [INFO] pipeline.projecoes:   2027       23,398      3,044  13.0%        684      1,515
2026-04-28 00:39:09,025 [INFO] pipeline.projecoes:   2028       24,978      3,436  13.8%        825      1,596
2026-04-28 00:39:09,025 [INFO] pipeline.projecoes:   2029       26,560      3,852  14.5%        979      1,676
2026-04-28 00:39:09,026 [INFO] pipeline.projecoes:   2030       28,131      4,291  15.3%      1,144      1,755
2026-04-28 00:39:09,026 [INFO] pipeline.valuation:   Estrutura de capital: E=20% | D=80%
2026-04-28 00:39:09,026 [INFO] pipeline: 
[6/6] Calculando valuation (FCFF / WACC)...
2026-04-28 00:39:09,026 [INFO] pipeline.valuation: 
==================================================
2026-04-28 00:39:09,026 [INFO] pipeline.valuation: VALUATION FCFF/WACC — NTCO3
2026-04-28 00:39:09,026 [INFO] pipeline.valuation:   VP FCFF (10a):     R$       14,257 MM
2026-04-28 00:39:09,026 [INFO] pipeline.valuation:   Valor Perp. (VP):  R$       20,884 MM
2026-04-28 00:39:09,026 [INFO] pipeline.valuation:   ENTERPRISE VALUE:  R$       35,141 MM
2026-04-28 00:39:09,026 [INFO] pipeline.valuation:   (-) Dívida Líq.:   R$        4,017 MM
2026-04-28 00:39:09,027 [INFO] pipeline.valuation:   VALOR DO EQUITY:   R$       31,124 MM
2026-04-28 00:39:09,027 [INFO] pipeline.valuation:   Preço Justo ON:    R$     0.00
2026-04-28 00:39:09,027 [INFO] pipeline.valuation:   Preço Justo PN:    R$     0.00
2026-04-28 00:39:09,027 [INFO] pipeline.valuation:   Cotação ON:        R$     0.00
2026-04-28 00:39:09,027 [INFO] pipeline.valuation:   Upside ON:                0.0%
2026-04-28 00:39:09,027 [INFO] pipeline.valuation:   TIR (ON):                 0.0%
2026-04-28 00:39:09,027 [INFO] pipeline.valuation:   WACC último ano:         12.0%
2026-04-28 00:39:09,027 [WARNING] pipeline: 
[!] AVISOS DE VALIDACAO:
2026-04-28 00:39:09,027 [WARNING] pipeline:   - Preço Justo ON inválido (≤ 0)
2026-04-28 00:39:09,029 [INFO] pipeline:   Sem template VAROS para NTCO3 — Excel será criado do zero
2026-04-28 00:39:09,031 [INFO] pipeline.excel_geral: 
============================================================
2026-04-28 00:39:09,031 [INFO] pipeline.excel_geral: Criando Excel completo (12 abas) para: Natura &Co (NTCO3)
2026-04-28 00:39:09,032 [INFO] pipeline.excel_geral:   → 1/12  Dashboard
2026-04-28 00:39:09,044 [INFO] pipeline.excel_geral:   → 2/12  WACC
2026-04-28 00:39:09,088 [INFO] pipeline.excel_geral:   → 3/12  TIR ON
2026-04-28 00:39:09,100 [INFO] pipeline.excel_geral:   → 4/12  TIR PN
2026-04-28 00:39:09,110 [INFO] pipeline.excel_geral:   → 5/12  Valor do Equity
2026-04-28 00:39:09,117 [INFO] pipeline.excel_geral:   → 6/12  Preço Teto
2026-04-28 00:39:09,125 [INFO] pipeline.excel_geral:   → 7/12  DRE + DCF
2026-04-28 00:39:09,276 [INFO] pipeline.excel_geral:   → 8/12  DRE Contas Abertas
2026-04-28 00:39:09,346 [INFO] pipeline.excel_geral:   → 9/12  Balanço Patrimonial
2026-04-28 00:39:09,399 [INFO] pipeline.excel_geral:   → 10/12 Painel de Índices
2026-04-28 00:39:09,474 [INFO] pipeline.excel_geral:   → 11/12 Projeções Premissas
2026-04-28 00:39:09,504 [INFO] pipeline.excel_geral:   → 12/12 Projeções Capex e CG
2026-04-28 00:39:09,616 [INFO] pipeline.excel_geral: 
Arquivo salvo: C:\Users\55819\OneDrive - EPEJUD\DIEGO\OBSIDIAN\Analista de Investimentos\12_PYTHON\pipeline banco completo\outputs\Valuation_NTCO3_Natura &Co_20260428.xlsx
2026-04-28 00:39:09,616 [INFO] pipeline: 
======================================================================
2026-04-28 00:39:09,616 [INFO] pipeline: RESUMO DO VALUATION (FCFF/WACC)
2026-04-28 00:39:09,616 [INFO] pipeline: ======================================================================
2026-04-28 00:39:09,617 [INFO] pipeline:   Empresa:           Natura &Co (NTCO3)
2026-04-28 00:39:09,617 [INFO] pipeline:   Enterprise Value:  R$       35,141 MM
2026-04-28 00:39:09,617 [INFO] pipeline:   Cotação ON:        R$ 0.00
2026-04-28 00:39:09,617 [INFO] pipeline:   Preço Justo ON:    R$ 0.00
2026-04-28 00:39:09,617 [INFO] pipeline:   Upside ON:            0.0%
2026-04-28 00:39:09,617 [INFO] pipeline:   TIR:                  0.0%
2026-04-28 00:39:09,617 [INFO] pipeline:   Preço Teto ON:     R$ 0.00
2026-04-28 00:39:09,617 [INFO] pipeline: 
  [!] 1 aviso(s) de validacao — verifique os logs
2026-04-28 00:39:09,617 [INFO] pipeline: 
  Arquivo gerado:    C:\Users\55819\OneDrive - EPEJUD\DIEGO\OBSIDIAN\Analista de Investimentos\12_PYTHON\pipeline banco completo\outputs\Valuation_NTCO3_Natura &Co_20260428.xlsx
2026-04-28 00:39:09,617 [INFO] pipeline: ======================================================================
2026-04-28 00:39:09,620 [INFO] pipeline: ✓ NTCO3: arquivo gerado → C:\Users\55819\OneDrive - EPEJUD\DIEGO\OBSIDIAN\Analista de Investimentos\12_PYTHON\pipeline banco completo\outputs\Valuation_NTCO3_Natura &Co_20260428.xlsx
2026-04-28 00:39:09,621 [INFO] pipeline: 
──────────────────────────────────────────────────────────────────────
2026-04-28 00:39:09,621 [INFO] pipeline: Processando: CEAB3 (C&A Brasil)
2026-04-28 00:39:09,621 [INFO] pipeline: ──────────────────────────────────────────────────────────────────────
2026-04-28 00:39:09,621 [INFO] pipeline: ======================================================================
2026-04-28 00:39:09,621 [INFO] pipeline: PIPELINE DE VALUATION [CONSUMO_VAREJO] — CEAB3 — C&A Brasil
2026-04-28 00:39:09,621 [INFO] pipeline: Início: 2026-04-28 00:39:09
2026-04-28 00:39:09,621 [INFO] pipeline:   Setor: consumo_varejo | Motor: WACC
2026-04-28 00:39:09,621 [INFO] pipeline: ======================================================================
2026-04-28 00:39:09,621 [INFO] pipeline: 
[1/6] Coletando dados de mercado...
2026-04-28 00:39:09,622 [INFO] pipeline:   Buscando cotação via yfinance...
2026-04-28 00:39:09,622 [INFO] pipeline.mercado: Buscando cotação atual: CEAB3.SA
2026-04-28 00:39:10,944 [INFO] pipeline:   Cotação ON: R$ 11.20  |  Cotação PN: R$ 0.00
2026-04-28 00:39:11,074 [INFO] pipeline.mercado: Calculando beta: CEAB3 (252 dias úteis)
2026-04-28 00:39:11,074 [INFO] pipeline.mercado: Baixando preços: CEAB3.SA (2019-01-01 → 2026-04-28)
2026-04-28 00:39:11,699 [INFO] pipeline.mercado:   1608 dias de preços carregados
2026-04-28 00:39:11,699 [INFO] pipeline.mercado: Baixando preços: ^BVSP (2019-01-01 → 2026-04-28)
2026-04-28 00:39:11,741 [INFO] pipeline.mercado:   1820 dias de preços carregados
2026-04-28 00:39:11,747 [INFO] pipeline.mercado:   Beta estatístico: 1.6787 | R²: 0.264 | n=251
2026-04-28 00:39:11,749 [INFO] pipeline:   Beta estatístico: 1.679 | Beta utilizado: 0.850
2026-04-28 00:39:11,749 [INFO] pipeline: 
[2/6] Coletando dados macroeconômicos (BCB)...
2026-04-28 00:39:12,098 [WARNING] pipeline.macro: Não foi possível obter Focus Selic: 400 Client Error: Bad Request for url: https://olinda.bcb.gov.br/olinda/servico/Expectativas/versao/v1/odata/ExpectativasMercadoAnuais?%24filter=Indicador%20eq%20'Selic'&%24top=100&%24format=json&%24select=Indicador,Data,Ano,Mediana
2026-04-28 00:39:12,370 [WARNING] pipeline.macro: Não foi possível obter Focus IPCA: 400 Client Error: Bad Request for url: https://olinda.bcb.gov.br/olinda/servico/Expectativas/versao/v1/odata/ExpectativasMercadoAnuais?%24filter=Indicador%20eq%20'IPCA'&%24top=100&%24format=json&%24select=Indicador,Data,Ano,Mediana
2026-04-28 00:39:12,372 [INFO] pipeline.macro: 
=== Coletando dados macroeconômicos ===
2026-04-28 00:39:12,372 [INFO] pipeline.macro: Baixando série BCB 432...
2026-04-28 00:39:12,697 [ERROR] pipeline.macro: Erro ao baixar série BCB 432: 406 Client Error: Not Acceptable for url: https://api.bcb.gov.br/dados/serie/bcdata.sgs.432/dados?formato=json&dataInicial=01%2F01%2F2010&dataFinal=28%2F04%2F2026
2026-04-28 00:39:12,698 [WARNING] pipeline.macro: Série Selic meta sem DatetimeIndex — usando fallback histórico
2026-04-28 00:39:12,698 [INFO] pipeline.macro: Baixando série BCB 12...
2026-04-28 00:39:12,795 [ERROR] pipeline.macro: Erro ao baixar série BCB 12: 406 Client Error: Not Acceptable for url: https://api.bcb.gov.br/dados/serie/bcdata.sgs.12/dados?formato=json&dataInicial=01%2F01%2F2010&dataFinal=28%2F04%2F2026
2026-04-28 00:39:12,796 [WARNING] pipeline.macro: Série DI sem DatetimeIndex — usando fallback histórico
2026-04-28 00:39:12,796 [INFO] pipeline.macro: Baixando série BCB 13522...
2026-04-28 00:39:12,907 [INFO] pipeline.macro:   Série 13522: 195 observações (2010-01-01 → 2026-03-01)
2026-04-28 00:39:12,908 [WARNING] pipeline.macro: IPCA calculado fora do intervalo plausível (55.3%) para 2019 — usando fallback
2026-04-28 00:39:12,909 [WARNING] pipeline.macro: IPCA calculado fora do intervalo plausível (46.1%) para 2020 — usando fallback
2026-04-28 00:39:12,909 [WARNING] pipeline.macro: IPCA calculado fora do intervalo plausível (159.3%) para 2021 — usando fallback
2026-04-28 00:39:12,910 [WARNING] pipeline.macro: IPCA calculado fora do intervalo plausível (191.2%) para 2022 — usando fallback
2026-04-28 00:39:12,910 [WARNING] pipeline.macro: IPCA calculado fora do intervalo plausível (71.5%) para 2023 — usando fallback
2026-04-28 00:39:12,911 [WARNING] pipeline.macro: IPCA calculado fora do intervalo plausível (67.0%) para 2024 — usando fallback
2026-04-28 00:39:12,911 [INFO] pipeline.macro: Baixando série BCB 258...
2026-04-28 00:39:13,018 [ERROR] pipeline.macro: Erro ao baixar série BCB 258: 406 Client Error: Not Acceptable for url: https://api.bcb.gov.br/dados/serie/bcdata.sgs.258/dados?formato=json&dataInicial=01%2F01%2F2010&dataFinal=28%2F04%2F2026
2026-04-28 00:39:13,019 [WARNING] pipeline.macro: Série TJLP sem DatetimeIndex — usando fallback histórico
2026-04-28 00:39:13,019 [INFO] pipeline.macro: Baixando série BCB 29039...
2026-04-28 00:39:13,133 [INFO] pipeline.macro:   Série 29039: 195 observações (2010-01-01 → 2026-03-01)
2026-04-28 00:39:13,136 [INFO] pipeline.macro: Baixando série BCB 13522...
2026-04-28 00:39:13,247 [INFO] pipeline.macro:   Série 13522: 195 observações (2010-01-01 → 2026-03-01)
2026-04-28 00:39:13,248 [WARNING] pipeline.macro: IPCA calculado fora do intervalo plausível (55.3%) para 2019 — usando fallback
2026-04-28 00:39:13,248 [WARNING] pipeline.macro: IPCA calculado fora do intervalo plausível (46.1%) para 2020 — usando fallback
2026-04-28 00:39:13,248 [WARNING] pipeline.macro: IPCA calculado fora do intervalo plausível (159.3%) para 2021 — usando fallback
2026-04-28 00:39:13,249 [WARNING] pipeline.macro: IPCA calculado fora do intervalo plausível (191.2%) para 2022 — usando fallback
2026-04-28 00:39:13,249 [WARNING] pipeline.macro: IPCA calculado fora do intervalo plausível (71.5%) para 2023 — usando fallback
2026-04-28 00:39:13,249 [WARNING] pipeline.macro: IPCA calculado fora do intervalo plausível (67.0%) para 2024 — usando fallback
2026-04-28 00:39:13,249 [INFO] pipeline.macro: 
RESUMO MACRO HISTÓRICO:
2026-04-28 00:39:13,250 [INFO] pipeline.macro:   selic_meta     : 2020: 2.00% | 2021: 9.25% | 2022: 13.75% | 2023: 11.75% | 2024: 11.75%
2026-04-28 00:39:13,250 [INFO] pipeline.macro:   selic_efet     : 2020: 2.28% | 2021: 4.48% | 2022: 12.33% | 2023: 13.15% | 2024: 10.73%
2026-04-28 00:39:13,250 [INFO] pipeline.macro:   ipca           : 2020: 4.52% | 2021: 10.06% | 2022: 5.62% | 2023: 4.62% | 2024: 4.83%
2026-04-28 00:39:13,250 [INFO] pipeline.macro:   tjlp           : 2020: 5.25% | 2021: 5.25% | 2022: 6.25% | 2023: 7.00% | 2024: 7.00%
2026-04-28 00:39:13,250 [INFO] pipeline.macro:   cds            : 2020: 0.44% | 2021: 0.73% | 2022: 1.26% | 2023: 0.84% | 2024: 0.81%
2026-04-28 00:39:13,250 [INFO] pipeline.macro:   inflacao_impl  : 2020: 4.52% | 2021: 10.06% | 2022: 5.62% | 2023: 4.62% | 2024: 4.83%
2026-04-28 00:39:13,250 [INFO] pipeline: 
[3/6] Baixando demonstrações financeiras (CVM)...
2026-04-28 00:39:13,251 [INFO] pipeline.cvm: 
==================================================
2026-04-28 00:39:13,252 [INFO] pipeline.cvm: Baixando DFP 2019...
2026-04-28 00:39:13,252 [INFO] pipeline.cvm: Baixando: https://dados.cvm.gov.br/dados/CIA_ABERTA/DOC/DFP/DADOS/dfp_cia_aberta_2019.zip
2026-04-28 00:39:15,971 [INFO] pipeline.cvm:   DFP dre 2019: 68 linhas
2026-04-28 00:39:15,971 [INFO] pipeline.cvm: Baixando: https://dados.cvm.gov.br/dados/CIA_ABERTA/DOC/DFP/DADOS/dfp_cia_aberta_2019.zip
2026-04-28 00:39:18,941 [INFO] pipeline.cvm:   DFP bpa 2019: 128 linhas
2026-04-28 00:39:18,941 [INFO] pipeline.cvm: Baixando: https://dados.cvm.gov.br/dados/CIA_ABERTA/DOC/DFP/DADOS/dfp_cia_aberta_2019.zip
2026-04-28 00:39:23,816 [INFO] pipeline.cvm:   DFP bpp 2019: 212 linhas
2026-04-28 00:39:23,817 [INFO] pipeline.cvm: Baixando: https://dados.cvm.gov.br/dados/CIA_ABERTA/DOC/DFP/DADOS/dfp_cia_aberta_2019.zip
2026-04-28 00:39:27,429 [INFO] pipeline.cvm:   DFP dfc_mi 2019: 98 linhas
2026-04-28 00:39:27,429 [INFO] pipeline.cvm: Baixando: https://dados.cvm.gov.br/dados/CIA_ABERTA/DOC/DFP/DADOS/dfp_cia_aberta_2019.zip
2026-04-28 00:39:30,004 [WARNING] pipeline.cvm:   Empresa 24848 não encontrada em dfc_md 2019
2026-04-28 00:39:30,004 [INFO] pipeline.cvm: 
==================================================
2026-04-28 00:39:30,004 [INFO] pipeline.cvm: Baixando DFP 2020...
2026-04-28 00:39:30,004 [INFO] pipeline.cvm: Baixando: https://dados.cvm.gov.br/dados/CIA_ABERTA/DOC/DFP/DADOS/dfp_cia_aberta_2020.zip
2026-04-28 00:39:34,034 [INFO] pipeline.cvm:   DFP dre 2020: 72 linhas
2026-04-28 00:39:34,035 [INFO] pipeline.cvm: Baixando: https://dados.cvm.gov.br/dados/CIA_ABERTA/DOC/DFP/DADOS/dfp_cia_aberta_2020.zip
2026-04-28 00:39:39,181 [INFO] pipeline.cvm:   DFP bpa 2020: 132 linhas
2026-04-28 00:39:39,181 [INFO] pipeline.cvm: Baixando: https://dados.cvm.gov.br/dados/CIA_ABERTA/DOC/DFP/DADOS/dfp_cia_aberta_2020.zip
2026-04-28 00:39:46,128 [INFO] pipeline.cvm:   DFP bpp 2020: 218 linhas
2026-04-28 00:39:46,128 [INFO] pipeline.cvm: Baixando: https://dados.cvm.gov.br/dados/CIA_ABERTA/DOC/DFP/DADOS/dfp_cia_aberta_2020.zip
2026-04-28 00:39:51,553 [INFO] pipeline.cvm:   DFP dfc_mi 2020: 102 linhas
2026-04-28 00:39:51,553 [INFO] pipeline.cvm: Baixando: https://dados.cvm.gov.br/dados/CIA_ABERTA/DOC/DFP/DADOS/dfp_cia_aberta_2020.zip
2026-04-28 00:39:55,228 [WARNING] pipeline.cvm:   Empresa 24848 não encontrada em dfc_md 2020
2026-04-28 00:39:55,228 [INFO] pipeline.cvm: 
==================================================
2026-04-28 00:39:55,228 [INFO] pipeline.cvm: Baixando DFP 2021...
2026-04-28 00:39:55,228 [INFO] pipeline.cvm: Baixando: https://dados.cvm.gov.br/dados/CIA_ABERTA/DOC/DFP/DADOS/dfp_cia_aberta_2021.zip
2026-04-28 00:39:59,643 [INFO] pipeline.cvm:   DFP dre 2021: 76 linhas
2026-04-28 00:39:59,643 [INFO] pipeline.cvm: Baixando: https://dados.cvm.gov.br/dados/CIA_ABERTA/DOC/DFP/DADOS/dfp_cia_aberta_2021.zip
2026-04-28 00:40:04,314 [INFO] pipeline.cvm:   DFP bpa 2021: 132 linhas
2026-04-28 00:40:04,314 [INFO] pipeline.cvm: Baixando: https://dados.cvm.gov.br/dados/CIA_ABERTA/DOC/DFP/DADOS/dfp_cia_aberta_2021.zip
2026-04-28 00:40:10,032 [INFO] pipeline.cvm:   DFP bpp 2021: 218 linhas
2026-04-28 00:40:10,032 [INFO] pipeline.cvm: Baixando: https://dados.cvm.gov.br/dados/CIA_ABERTA/DOC/DFP/DADOS/dfp_cia_aberta_2021.zip
2026-04-28 00:40:14,158 [INFO] pipeline.cvm:   DFP dfc_mi 2021: 104 linhas
2026-04-28 00:40:14,158 [INFO] pipeline.cvm: Baixando: https://dados.cvm.gov.br/dados/CIA_ABERTA/DOC/DFP/DADOS/dfp_cia_aberta_2021.zip
2026-04-28 00:40:16,434 [WARNING] pipeline.cvm:   Empresa 24848 não encontrada em dfc_md 2021
2026-04-28 00:40:16,434 [INFO] pipeline.cvm: 
==================================================
2026-04-28 00:40:16,434 [INFO] pipeline.cvm: Baixando DFP 2022...
2026-04-28 00:40:16,435 [INFO] pipeline.cvm: Baixando: https://dados.cvm.gov.br/dados/CIA_ABERTA/DOC/DFP/DADOS/dfp_cia_aberta_2022.zip
2026-04-28 00:40:20,038 [INFO] pipeline.cvm:   DFP dre 2022: 76 linhas
2026-04-28 00:40:20,038 [INFO] pipeline.cvm: Baixando: https://dados.cvm.gov.br/dados/CIA_ABERTA/DOC/DFP/DADOS/dfp_cia_aberta_2022.zip
2026-04-28 00:40:24,251 [INFO] pipeline.cvm:   DFP bpa 2022: 134 linhas
2026-04-28 00:40:24,251 [INFO] pipeline.cvm: Baixando: https://dados.cvm.gov.br/dados/CIA_ABERTA/DOC/DFP/DADOS/dfp_cia_aberta_2022.zip
2026-04-28 00:40:29,981 [INFO] pipeline.cvm:   DFP bpp 2022: 218 linhas
2026-04-28 00:40:29,981 [INFO] pipeline.cvm: Baixando: https://dados.cvm.gov.br/dados/CIA_ABERTA/DOC/DFP/DADOS/dfp_cia_aberta_2022.zip
2026-04-28 00:40:34,080 [INFO] pipeline.cvm:   DFP dfc_mi 2022: 108 linhas
2026-04-28 00:40:34,081 [INFO] pipeline.cvm: Baixando: https://dados.cvm.gov.br/dados/CIA_ABERTA/DOC/DFP/DADOS/dfp_cia_aberta_2022.zip
2026-04-28 00:40:36,278 [WARNING] pipeline.cvm:   Empresa 24848 não encontrada em dfc_md 2022
2026-04-28 00:40:36,279 [INFO] pipeline.cvm: 
==================================================
2026-04-28 00:40:36,279 [INFO] pipeline.cvm: Baixando DFP 2023...
2026-04-28 00:40:36,279 [INFO] pipeline.cvm: Baixando: https://dados.cvm.gov.br/dados/CIA_ABERTA/DOC/DFP/DADOS/dfp_cia_aberta_2023.zip
2026-04-28 00:40:39,653 [INFO] pipeline.cvm:   DFP dre 2023: 78 linhas
2026-04-28 00:40:39,653 [INFO] pipeline.cvm: Baixando: https://dados.cvm.gov.br/dados/CIA_ABERTA/DOC/DFP/DADOS/dfp_cia_aberta_2023.zip
2026-04-28 00:40:45,073 [INFO] pipeline.cvm:   DFP bpa 2023: 134 linhas
2026-04-28 00:40:45,073 [INFO] pipeline.cvm: Baixando: https://dados.cvm.gov.br/dados/CIA_ABERTA/DOC/DFP/DADOS/dfp_cia_aberta_2023.zip
2026-04-28 00:40:52,177 [INFO] pipeline.cvm:   DFP bpp 2023: 224 linhas
2026-04-28 00:40:52,178 [INFO] pipeline.cvm: Baixando: https://dados.cvm.gov.br/dados/CIA_ABERTA/DOC/DFP/DADOS/dfp_cia_aberta_2023.zip
2026-04-28 00:40:57,125 [INFO] pipeline.cvm:   DFP dfc_mi 2023: 112 linhas
2026-04-28 00:40:57,125 [INFO] pipeline.cvm: Baixando: https://dados.cvm.gov.br/dados/CIA_ABERTA/DOC/DFP/DADOS/dfp_cia_aberta_2023.zip
2026-04-28 00:40:59,626 [WARNING] pipeline.cvm:   Empresa 24848 não encontrada em dfc_md 2023
2026-04-28 00:40:59,626 [INFO] pipeline.cvm: 
==================================================
2026-04-28 00:40:59,626 [INFO] pipeline.cvm: Baixando DFP 2024...
2026-04-28 00:40:59,626 [INFO] pipeline.cvm: Baixando: https://dados.cvm.gov.br/dados/CIA_ABERTA/DOC/DFP/DADOS/dfp_cia_aberta_2024.zip
2026-04-28 00:41:02,601 [INFO] pipeline.cvm:   DFP dre 2024: 78 linhas
2026-04-28 00:41:02,602 [INFO] pipeline.cvm: Baixando: https://dados.cvm.gov.br/dados/CIA_ABERTA/DOC/DFP/DADOS/dfp_cia_aberta_2024.zip
2026-04-28 00:41:06,181 [INFO] pipeline.cvm:   DFP bpa 2024: 136 linhas
2026-04-28 00:41:06,181 [INFO] pipeline.cvm: Baixando: https://dados.cvm.gov.br/dados/CIA_ABERTA/DOC/DFP/DADOS/dfp_cia_aberta_2024.zip
2026-04-28 00:41:12,303 [INFO] pipeline.cvm:   DFP bpp 2024: 224 linhas
2026-04-28 00:41:12,303 [INFO] pipeline.cvm: Baixando: https://dados.cvm.gov.br/dados/CIA_ABERTA/DOC/DFP/DADOS/dfp_cia_aberta_2024.zip
2026-04-28 00:41:17,237 [INFO] pipeline.cvm:   DFP dfc_mi 2024: 114 linhas
2026-04-28 00:41:17,237 [INFO] pipeline.cvm: Baixando: https://dados.cvm.gov.br/dados/CIA_ABERTA/DOC/DFP/DADOS/dfp_cia_aberta_2024.zip
2026-04-28 00:41:20,184 [WARNING] pipeline.cvm:   Empresa 24848 não encontrada em dfc_md 2024
2026-04-28 00:41:20,184 [INFO] pipeline.cvm: 
==================================================
2026-04-28 00:41:20,185 [INFO] pipeline.cvm: Baixando DFP 2025...
2026-04-28 00:41:20,185 [INFO] pipeline.cvm: Baixando: https://dados.cvm.gov.br/dados/CIA_ABERTA/DOC/DFP/DADOS/dfp_cia_aberta_2025.zip
2026-04-28 00:41:23,918 [INFO] pipeline.cvm:   DFP dre 2025: 76 linhas
2026-04-28 00:41:23,919 [INFO] pipeline.cvm: Baixando: https://dados.cvm.gov.br/dados/CIA_ABERTA/DOC/DFP/DADOS/dfp_cia_aberta_2025.zip
2026-04-28 00:41:28,437 [INFO] pipeline.cvm:   DFP bpa 2025: 136 linhas
2026-04-28 00:41:28,437 [INFO] pipeline.cvm: Baixando: https://dados.cvm.gov.br/dados/CIA_ABERTA/DOC/DFP/DADOS/dfp_cia_aberta_2025.zip
2026-04-28 00:41:34,354 [INFO] pipeline.cvm:   DFP bpp 2025: 228 linhas
2026-04-28 00:41:34,354 [INFO] pipeline.cvm: Baixando: https://dados.cvm.gov.br/dados/CIA_ABERTA/DOC/DFP/DADOS/dfp_cia_aberta_2025.zip
2026-04-28 00:41:38,607 [INFO] pipeline.cvm:   DFP dfc_mi 2025: 84 linhas
2026-04-28 00:41:38,608 [INFO] pipeline.cvm: Baixando: https://dados.cvm.gov.br/dados/CIA_ABERTA/DOC/DFP/DADOS/dfp_cia_aberta_2025.zip
2026-04-28 00:41:40,492 [WARNING] pipeline.cvm:   Empresa 24848 não encontrada em dfc_md 2025
2026-04-28 00:41:40,492 [INFO] pipeline:   Anos ajustados → Histórico: 2019-2025 | Projeção: 2026-2035
2026-04-28 00:41:40,492 [INFO] pipeline: 
[4/6] Normalizando dados...
2026-04-28 00:41:42,533 [INFO] pipeline:   DFC normalizada: 11 linhas
2026-04-28 00:41:42,536 [INFO] pipeline:   DRE normalizada:
2026-04-28 00:41:42,537 [INFO] pipeline:     receita_liquida: 2019: 5,285 | 2020: 4,085 | 2021: 5,153 | 2022: 6,184 | 2023: 6,719 | 2024: 7,637 | 2025: 7,983
2026-04-28 00:41:42,537 [INFO] pipeline:     ebit: 2019: 1,033 | 2020: -164 | 2021: 93 | 2022: 268 | 2023: 394 | 2024: 809 | 2025: 1,045
2026-04-28 00:41:42,537 [INFO] pipeline:     lucro_liquido: 2019: 972 | 2020: -166 | 2021: 329 | 2022: 1 | 2023: 2 | 2024: 452 | 2025: 587
2026-04-28 00:41:42,537 [INFO] pipeline: 
[5/6] Calculando projeções...
2026-04-28 00:41:42,538 [INFO] pipeline.projecoes: 
=== Projeções (não-financeira / FCFF) ===
2026-04-28 00:41:42,539 [INFO] pipeline.projecoes:   Margem EBITDA: 16.3% → 11.0% (conv 6a)
2026-04-28 00:41:42,539 [INFO] pipeline.projecoes:   D&A/Receita: 3.8%
2026-04-28 00:41:42,540 [INFO] pipeline.projecoes:   CAPEX/Receita: 0.0% → 4.0%
2026-04-28 00:41:42,540 [INFO] pipeline.projecoes:   NCG/Receita: 12.2% → 10.0%
2026-04-28 00:41:42,543 [INFO] pipeline.projecoes:   Alíquota efetiva: 25.4%
2026-04-28 00:41:42,543 [INFO] pipeline.projecoes: Projeções concluídas (FCFF). Resumo:
2026-04-28 00:41:42,543 [INFO] pipeline.projecoes:    Ano      Receita     EBITDA    Mg%      NOPAT       FCFF
2026-04-28 00:41:42,543 [INFO] pipeline.projecoes:   2026        8,588      1,325  15.4%        742      1,153
2026-04-28 00:41:42,543 [INFO] pipeline.projecoes:   2027        9,204      1,339  14.5%        734        909
2026-04-28 00:41:42,543 [INFO] pipeline.projecoes:   2028        9,825      1,342  13.7%        719        834
2026-04-28 00:41:42,543 [INFO] pipeline.projecoes:   2029       10,447      1,334  12.8%        695        741
2026-04-28 00:41:42,543 [INFO] pipeline.projecoes:   2030       11,065      1,315  11.9%        663        631
2026-04-28 00:41:42,544 [INFO] pipeline.valuation:   Estrutura de capital: E=95% | D=5%
2026-04-28 00:41:42,544 [INFO] pipeline: 
[6/6] Calculando valuation (FCFF / WACC)...
2026-04-28 00:41:42,544 [INFO] pipeline.valuation: 
==================================================
2026-04-28 00:41:42,544 [INFO] pipeline.valuation: VALUATION FCFF/WACC — CEAB3
2026-04-28 00:41:42,544 [INFO] pipeline.valuation:   VP FCFF (10a):     R$        4,284 MM
2026-04-28 00:41:42,544 [INFO] pipeline.valuation:   Valor Perp. (VP):  R$        3,420 MM
2026-04-28 00:41:42,544 [INFO] pipeline.valuation:   ENTERPRISE VALUE:  R$        7,704 MM
2026-04-28 00:41:42,544 [INFO] pipeline.valuation:   (-) Dívida Líq.:   R$          -83 MM
2026-04-28 00:41:42,544 [INFO] pipeline.valuation:   VALOR DO EQUITY:   R$        7,786 MM
2026-04-28 00:41:42,545 [INFO] pipeline.valuation:   Preço Justo ON:    R$    25.75
2026-04-28 00:41:42,545 [INFO] pipeline.valuation:   Preço Justo PN:    R$    25.75
2026-04-28 00:41:42,545 [INFO] pipeline.valuation:   Cotação ON:        R$    11.20
2026-04-28 00:41:42,545 [INFO] pipeline.valuation:   Upside ON:              129.9%
2026-04-28 00:41:42,545 [INFO] pipeline.valuation:   TIR (ON):                24.8%
2026-04-28 00:41:42,545 [INFO] pipeline.valuation:   WACC último ano:         12.0%
2026-04-28 00:41:42,547 [INFO] pipeline:   Template encontrado (empresa): CEAB3-ValuationModeloVZA.xlsx
2026-04-28 00:41:42,547 [INFO] pipeline.excel_geral: 
============================================================
2026-04-28 00:41:42,548 [INFO] pipeline.excel_geral: Escrevendo com template VAROS: CEAB3-ValuationModeloVZA.xlsx
2026-04-28 00:41:44,460 [INFO] pipeline.excel_geral: 
Arquivo salvo: C:\Users\55819\OneDrive - EPEJUD\DIEGO\OBSIDIAN\Analista de Investimentos\12_PYTHON\pipeline banco completo\outputs\Valuation_CEAB3_C&A Brasil_20260428.xlsx
2026-04-28 00:41:44,461 [INFO] pipeline: 
======================================================================
2026-04-28 00:41:44,461 [INFO] pipeline: RESUMO DO VALUATION (FCFF/WACC)
2026-04-28 00:41:44,461 [INFO] pipeline: ======================================================================
2026-04-28 00:41:44,461 [INFO] pipeline:   Empresa:           C&A Brasil (CEAB3)
2026-04-28 00:41:44,461 [INFO] pipeline:   Enterprise Value:  R$        7,704 MM
2026-04-28 00:41:44,461 [INFO] pipeline:   Cotação ON:        R$ 11.20
2026-04-28 00:41:44,461 [INFO] pipeline:   Preço Justo ON:    R$ 25.75
2026-04-28 00:41:44,461 [INFO] pipeline:   Upside ON:            129.9%
2026-04-28 00:41:44,461 [INFO] pipeline:   TIR:                  24.8%
2026-04-28 00:41:44,461 [INFO] pipeline:   Preço Teto ON:     R$ 25.75
2026-04-28 00:41:44,461 [INFO] pipeline: 
  Arquivo gerado:    C:\Users\55819\OneDrive - EPEJUD\DIEGO\OBSIDIAN\Analista de Investimentos\12_PYTHON\pipeline banco completo\outputs\Valuation_CEAB3_C&A Brasil_20260428.xlsx
2026-04-28 00:41:44,462 [INFO] pipeline: ======================================================================
2026-04-28 00:41:44,465 [INFO] pipeline: ✓ CEAB3: arquivo gerado → C:\Users\55819\OneDrive - EPEJUD\DIEGO\OBSIDIAN\Analista de Investimentos\12_PYTHON\pipeline banco completo\outputs\Valuation_CEAB3_C&A Brasil_20260428.xlsx
2026-04-28 00:41:44,465 [INFO] pipeline: 
──────────────────────────────────────────────────────────────────────
2026-04-28 00:41:44,465 [INFO] pipeline: Processando: PETZ3 (Petz)
2026-04-28 00:41:44,465 [INFO] pipeline: ──────────────────────────────────────────────────────────────────────
2026-04-28 00:41:44,465 [INFO] pipeline: ======================================================================
2026-04-28 00:41:44,465 [INFO] pipeline: PIPELINE DE VALUATION [CONSUMO_VAREJO] — PETZ3 — Petz
2026-04-28 00:41:44,466 [INFO] pipeline: Início: 2026-04-28 00:41:44
2026-04-28 00:41:44,466 [INFO] pipeline:   Setor: consumo_varejo | Motor: WACC
2026-04-28 00:41:44,466 [INFO] pipeline: ======================================================================
2026-04-28 00:41:44,466 [INFO] pipeline: 
[1/6] Coletando dados de mercado...
2026-04-28 00:41:44,466 [INFO] pipeline:   Buscando cotação via yfinance...
2026-04-28 00:41:44,466 [INFO] pipeline.mercado: Buscando cotação atual: PETZ3.SA
2026-04-28 00:41:45,386 [ERROR] yfinance: HTTP Error 404: {"quoteSummary":{"result":null,"error":{"code":"Not Found","description":"Quote not found for symbol: PETZ3.SA"}}}
2026-04-28 00:41:45,800 [INFO] pipeline:   Cotação ON: R$ 0.00  |  Cotação PN: R$ 0.00
2026-04-28 00:41:46,415 [ERROR] yfinance: HTTP Error 404: {"quoteSummary":{"result":null,"error":{"code":"Not Found","description":"Quote not found for symbol: PETZ3.SA"}}}
2026-04-28 00:41:46,481 [INFO] pipeline.mercado: Calculando beta: PETZ3 (252 dias úteis)
2026-04-28 00:41:46,481 [INFO] pipeline.mercado: Baixando preços: PETZ3.SA (2019-01-01 → 2026-04-28)
2026-04-28 00:41:47,926 [ERROR] yfinance: HTTP Error 404: {"quoteSummary":{"result":null,"error":{"code":"Not Found","description":"Quote not found for symbol: PETZ3.SA"}}}
2026-04-28 00:41:48,131 [ERROR] yfinance: $PETZ3.SA: possibly delisted; no timezone found
2026-04-28 00:41:48,134 [ERROR] yfinance: 
1 Failed download:
2026-04-28 00:41:48,134 [ERROR] yfinance: ['PETZ3.SA']: possibly delisted; no timezone found
2026-04-28 00:41:48,136 [WARNING] pipeline.mercado: Sem dados de preços para PETZ3.SA
2026-04-28 00:41:48,137 [INFO] pipeline.mercado: Baixando preços: ^BVSP (2019-01-01 → 2026-04-28)
2026-04-28 00:41:48,173 [INFO] pipeline.mercado:   1820 dias de preços carregados
2026-04-28 00:41:48,174 [WARNING] pipeline.mercado: Dados insuficientes para calcular beta
2026-04-28 00:41:48,174 [INFO] pipeline:   Beta estatístico: 0.850 | Beta utilizado: 0.850
2026-04-28 00:41:48,174 [INFO] pipeline: 
[2/6] Coletando dados macroeconômicos (BCB)...
2026-04-28 00:41:48,494 [WARNING] pipeline.macro: Não foi possível obter Focus Selic: 400 Client Error: Bad Request for url: https://olinda.bcb.gov.br/olinda/servico/Expectativas/versao/v1/odata/ExpectativasMercadoAnuais?%24filter=Indicador%20eq%20'Selic'&%24top=100&%24format=json&%24select=Indicador,Data,Ano,Mediana
2026-04-28 00:41:48,780 [WARNING] pipeline.macro: Não foi possível obter Focus IPCA: 400 Client Error: Bad Request for url: https://olinda.bcb.gov.br/olinda/servico/Expectativas/versao/v1/odata/ExpectativasMercadoAnuais?%24filter=Indicador%20eq%20'IPCA'&%24top=100&%24format=json&%24select=Indicador,Data,Ano,Mediana
2026-04-28 00:41:48,781 [INFO] pipeline.macro: 
=== Coletando dados macroeconômicos ===
2026-04-28 00:41:48,782 [INFO] pipeline.macro: Baixando série BCB 432...
2026-04-28 00:41:49,064 [ERROR] pipeline.macro: Erro ao baixar série BCB 432: 406 Client Error: Not Acceptable for url: https://api.bcb.gov.br/dados/serie/bcdata.sgs.432/dados?formato=json&dataInicial=01%2F01%2F2010&dataFinal=28%2F04%2F2026
2026-04-28 00:41:49,064 [WARNING] pipeline.macro: Série Selic meta sem DatetimeIndex — usando fallback histórico
2026-04-28 00:41:49,064 [INFO] pipeline.macro: Baixando série BCB 12...
2026-04-28 00:41:49,164 [ERROR] pipeline.macro: Erro ao baixar série BCB 12: 406 Client Error: Not Acceptable for url: https://api.bcb.gov.br/dados/serie/bcdata.sgs.12/dados?formato=json&dataInicial=01%2F01%2F2010&dataFinal=28%2F04%2F2026
2026-04-28 00:41:49,164 [WARNING] pipeline.macro: Série DI sem DatetimeIndex — usando fallback histórico
2026-04-28 00:41:49,164 [INFO] pipeline.macro: Baixando série BCB 13522...
2026-04-28 00:41:49,276 [INFO] pipeline.macro:   Série 13522: 195 observações (2010-01-01 → 2026-03-01)
2026-04-28 00:41:49,278 [WARNING] pipeline.macro: IPCA calculado fora do intervalo plausível (55.3%) para 2019 — usando fallback
2026-04-28 00:41:49,278 [WARNING] pipeline.macro: IPCA calculado fora do intervalo plausível (46.1%) para 2020 — usando fallback
2026-04-28 00:41:49,279 [WARNING] pipeline.macro: IPCA calculado fora do intervalo plausível (159.3%) para 2021 — usando fallback
2026-04-28 00:41:49,280 [WARNING] pipeline.macro: IPCA calculado fora do intervalo plausível (191.2%) para 2022 — usando fallback
2026-04-28 00:41:49,280 [WARNING] pipeline.macro: IPCA calculado fora do intervalo plausível (71.5%) para 2023 — usando fallback
2026-04-28 00:41:49,280 [WARNING] pipeline.macro: IPCA calculado fora do intervalo plausível (67.0%) para 2024 — usando fallback
2026-04-28 00:41:49,280 [INFO] pipeline.macro: Baixando série BCB 258...
2026-04-28 00:41:49,378 [ERROR] pipeline.macro: Erro ao baixar série BCB 258: 406 Client Error: Not Acceptable for url: https://api.bcb.gov.br/dados/serie/bcdata.sgs.258/dados?formato=json&dataInicial=01%2F01%2F2010&dataFinal=28%2F04%2F2026
2026-04-28 00:41:49,378 [WARNING] pipeline.macro: Série TJLP sem DatetimeIndex — usando fallback histórico
2026-04-28 00:41:49,379 [INFO] pipeline.macro: Baixando série BCB 29039...
2026-04-28 00:41:49,488 [INFO] pipeline.macro:   Série 29039: 195 observações (2010-01-01 → 2026-03-01)
2026-04-28 00:41:49,490 [INFO] pipeline.macro: Baixando série BCB 13522...
2026-04-28 00:41:49,600 [INFO] pipeline.macro:   Série 13522: 195 observações (2010-01-01 → 2026-03-01)
2026-04-28 00:41:49,600 [WARNING] pipeline.macro: IPCA calculado fora do intervalo plausível (55.3%) para 2019 — usando fallback
2026-04-28 00:41:49,601 [WARNING] pipeline.macro: IPCA calculado fora do intervalo plausível (46.1%) para 2020 — usando fallback
2026-04-28 00:41:49,601 [WARNING] pipeline.macro: IPCA calculado fora do intervalo plausível (159.3%) para 2021 — usando fallback
2026-04-28 00:41:49,601 [WARNING] pipeline.macro: IPCA calculado fora do intervalo plausível (191.2%) para 2022 — usando fallback
2026-04-28 00:41:49,601 [WARNING] pipeline.macro: IPCA calculado fora do intervalo plausível (71.5%) para 2023 — usando fallback
2026-04-28 00:41:49,602 [WARNING] pipeline.macro: IPCA calculado fora do intervalo plausível (67.0%) para 2024 — usando fallback
2026-04-28 00:41:49,602 [INFO] pipeline.macro: 
RESUMO MACRO HISTÓRICO:
2026-04-28 00:41:49,602 [INFO] pipeline.macro:   selic_meta     : 2020: 2.00% | 2021: 9.25% | 2022: 13.75% | 2023: 11.75% | 2024: 11.75%
2026-04-28 00:41:49,602 [INFO] pipeline.macro:   selic_efet     : 2020: 2.28% | 2021: 4.48% | 2022: 12.33% | 2023: 13.15% | 2024: 10.73%
2026-04-28 00:41:49,602 [INFO] pipeline.macro:   ipca           : 2020: 4.52% | 2021: 10.06% | 2022: 5.62% | 2023: 4.62% | 2024: 4.83%
2026-04-28 00:41:49,602 [INFO] pipeline.macro:   tjlp           : 2020: 5.25% | 2021: 5.25% | 2022: 6.25% | 2023: 7.00% | 2024: 7.00%
2026-04-28 00:41:49,602 [INFO] pipeline.macro:   cds            : 2020: 0.44% | 2021: 0.73% | 2022: 1.26% | 2023: 0.84% | 2024: 0.81%
2026-04-28 00:41:49,603 [INFO] pipeline.macro:   inflacao_impl  : 2020: 4.52% | 2021: 10.06% | 2022: 5.62% | 2023: 4.62% | 2024: 4.83%
2026-04-28 00:41:49,603 [INFO] pipeline: 
[3/6] Baixando demonstrações financeiras (CVM)...
2026-04-28 00:41:49,603 [INFO] pipeline.cvm: 
==================================================
2026-04-28 00:41:49,604 [INFO] pipeline.cvm: Baixando DFP 2019...
2026-04-28 00:41:49,604 [INFO] pipeline.cvm: Baixando: https://dados.cvm.gov.br/dados/CIA_ABERTA/DOC/DFP/DADOS/dfp_cia_aberta_2019.zip
2026-04-28 00:41:52,848 [WARNING] pipeline.cvm:   Empresa 25089 não encontrada em dre 2019
2026-04-28 00:41:52,849 [INFO] pipeline.cvm: Baixando: https://dados.cvm.gov.br/dados/CIA_ABERTA/DOC/DFP/DADOS/dfp_cia_aberta_2019.zip
2026-04-28 00:41:57,871 [WARNING] pipeline.cvm:   Empresa 25089 não encontrada em bpa 2019
2026-04-28 00:41:57,871 [INFO] pipeline.cvm: Baixando: https://dados.cvm.gov.br/dados/CIA_ABERTA/DOC/DFP/DADOS/dfp_cia_aberta_2019.zip
2026-04-28 00:42:03,088 [WARNING] pipeline.cvm:   Empresa 25089 não encontrada em bpp 2019
2026-04-28 00:42:03,088 [INFO] pipeline.cvm: Baixando: https://dados.cvm.gov.br/dados/CIA_ABERTA/DOC/DFP/DADOS/dfp_cia_aberta_2019.zip
2026-04-28 00:42:06,510 [WARNING] pipeline.cvm:   Empresa 25089 não encontrada em dfc_mi 2019
2026-04-28 00:42:06,510 [INFO] pipeline.cvm: Baixando: https://dados.cvm.gov.br/dados/CIA_ABERTA/DOC/DFP/DADOS/dfp_cia_aberta_2019.zip
2026-04-28 00:42:12,089 [WARNING] pipeline.cvm:   Empresa 25089 não encontrada em dfc_md 2019
2026-04-28 00:42:12,089 [INFO] pipeline.cvm: 
==================================================
2026-04-28 00:42:12,089 [INFO] pipeline.cvm: Baixando DFP 2020...
2026-04-28 00:42:12,089 [INFO] pipeline.cvm: Baixando: https://dados.cvm.gov.br/dados/CIA_ABERTA/DOC/DFP/DADOS/dfp_cia_aberta_2020.zip
2026-04-28 00:42:22,758 [WARNING] pipeline.cvm:   Empresa 25089 não encontrada em dre 2020
2026-04-28 00:42:22,758 [INFO] pipeline.cvm: Baixando: https://dados.cvm.gov.br/dados/CIA_ABERTA/DOC/DFP/DADOS/dfp_cia_aberta_2020.zip
2026-04-28 00:42:32,080 [WARNING] pipeline.cvm:   Empresa 25089 não encontrada em bpa 2020
2026-04-28 00:42:32,080 [INFO] pipeline.cvm: Baixando: https://dados.cvm.gov.br/dados/CIA_ABERTA/DOC/DFP/DADOS/dfp_cia_aberta_2020.zip
2026-04-28 00:42:41,300 [WARNING] pipeline.cvm:   Empresa 25089 não encontrada em bpp 2020
2026-04-28 00:42:41,300 [INFO] pipeline.cvm: Baixando: https://dados.cvm.gov.br/dados/CIA_ABERTA/DOC/DFP/DADOS/dfp_cia_aberta_2020.zip
2026-04-28 00:42:48,428 [WARNING] pipeline.cvm:   Empresa 25089 não encontrada em dfc_mi 2020
2026-04-28 00:42:48,429 [INFO] pipeline.cvm: Baixando: https://dados.cvm.gov.br/dados/CIA_ABERTA/DOC/DFP/DADOS/dfp_cia_aberta_2020.zip
2026-04-28 00:42:52,863 [WARNING] pipeline.cvm:   Empresa 25089 não encontrada em dfc_md 2020
2026-04-28 00:42:52,863 [INFO] pipeline.cvm: 
==================================================
2026-04-28 00:42:52,863 [INFO] pipeline.cvm: Baixando DFP 2021...
2026-04-28 00:42:52,864 [INFO] pipeline.cvm: Baixando: https://dados.cvm.gov.br/dados/CIA_ABERTA/DOC/DFP/DADOS/dfp_cia_aberta_2021.zip
2026-04-28 00:42:57,413 [INFO] pipeline.cvm:   DFP dre 2021: 64 linhas
2026-04-28 00:42:57,413 [INFO] pipeline.cvm: Baixando: https://dados.cvm.gov.br/dados/CIA_ABERTA/DOC/DFP/DADOS/dfp_cia_aberta_2021.zip
2026-04-28 00:43:02,699 [INFO] pipeline.cvm:   DFP bpa 2021: 126 linhas
2026-04-28 00:43:02,699 [INFO] pipeline.cvm: Baixando: https://dados.cvm.gov.br/dados/CIA_ABERTA/DOC/DFP/DADOS/dfp_cia_aberta_2021.zip
2026-04-28 00:43:09,429 [INFO] pipeline.cvm:   DFP bpp 2021: 214 linhas
2026-04-28 00:43:09,429 [INFO] pipeline.cvm: Baixando: https://dados.cvm.gov.br/dados/CIA_ABERTA/DOC/DFP/DADOS/dfp_cia_aberta_2021.zip
2026-04-28 00:43:14,240 [INFO] pipeline.cvm:   DFP dfc_mi 2021: 94 linhas
2026-04-28 00:43:14,240 [INFO] pipeline.cvm: Baixando: https://dados.cvm.gov.br/dados/CIA_ABERTA/DOC/DFP/DADOS/dfp_cia_aberta_2021.zip
2026-04-28 00:43:17,783 [WARNING] pipeline.cvm:   Empresa 25089 não encontrada em dfc_md 2021
2026-04-28 00:43:17,784 [INFO] pipeline.cvm: 
==================================================
2026-04-28 00:43:17,784 [INFO] pipeline.cvm: Baixando DFP 2022...
2026-04-28 00:43:17,784 [INFO] pipeline.cvm: Baixando: https://dados.cvm.gov.br/dados/CIA_ABERTA/DOC/DFP/DADOS/dfp_cia_aberta_2022.zip
2026-04-28 00:43:22,139 [INFO] pipeline.cvm:   DFP dre 2022: 64 linhas
2026-04-28 00:43:22,139 [INFO] pipeline.cvm: Baixando: https://dados.cvm.gov.br/dados/CIA_ABERTA/DOC/DFP/DADOS/dfp_cia_aberta_2022.zip
2026-04-28 00:43:27,575 [INFO] pipeline.cvm:   DFP bpa 2022: 126 linhas
2026-04-28 00:43:27,576 [INFO] pipeline.cvm: Baixando: https://dados.cvm.gov.br/dados/CIA_ABERTA/DOC/DFP/DADOS/dfp_cia_aberta_2022.zip
2026-04-28 00:43:35,114 [INFO] pipeline.cvm:   DFP bpp 2022: 216 linhas
2026-04-28 00:43:35,114 [INFO] pipeline.cvm: Baixando: https://dados.cvm.gov.br/dados/CIA_ABERTA/DOC/DFP/DADOS/dfp_cia_aberta_2022.zip
2026-04-28 00:43:39,677 [INFO] pipeline.cvm:   DFP dfc_mi 2022: 94 linhas
2026-04-28 00:43:39,678 [INFO] pipeline.cvm: Baixando: https://dados.cvm.gov.br/dados/CIA_ABERTA/DOC/DFP/DADOS/dfp_cia_aberta_2022.zip
2026-04-28 00:43:42,678 [WARNING] pipeline.cvm:   Empresa 25089 não encontrada em dfc_md 2022
2026-04-28 00:43:42,678 [INFO] pipeline.cvm: 
==================================================
2026-04-28 00:43:42,678 [INFO] pipeline.cvm: Baixando DFP 2023...
2026-04-28 00:43:42,678 [INFO] pipeline.cvm: Baixando: https://dados.cvm.gov.br/dados/CIA_ABERTA/DOC/DFP/DADOS/dfp_cia_aberta_2023.zip
2026-04-28 00:43:46,674 [INFO] pipeline.cvm:   DFP dre 2023: 64 linhas
2026-04-28 00:43:46,674 [INFO] pipeline.cvm: Baixando: https://dados.cvm.gov.br/dados/CIA_ABERTA/DOC/DFP/DADOS/dfp_cia_aberta_2023.zip
2026-04-28 00:43:51,267 [INFO] pipeline.cvm:   DFP bpa 2023: 126 linhas
2026-04-28 00:43:51,267 [INFO] pipeline.cvm: Baixando: https://dados.cvm.gov.br/dados/CIA_ABERTA/DOC/DFP/DADOS/dfp_cia_aberta_2023.zip
2026-04-28 00:43:57,447 [INFO] pipeline.cvm:   DFP bpp 2023: 218 linhas
2026-04-28 00:43:57,447 [INFO] pipeline.cvm: Baixando: https://dados.cvm.gov.br/dados/CIA_ABERTA/DOC/DFP/DADOS/dfp_cia_aberta_2023.zip
2026-04-28 00:44:02,018 [INFO] pipeline.cvm:   DFP dfc_mi 2023: 98 linhas
2026-04-28 00:44:02,019 [INFO] pipeline.cvm: Baixando: https://dados.cvm.gov.br/dados/CIA_ABERTA/DOC/DFP/DADOS/dfp_cia_aberta_2023.zip
2026-04-28 00:44:04,892 [WARNING] pipeline.cvm:   Empresa 25089 não encontrada em dfc_md 2023
2026-04-28 00:44:04,892 [INFO] pipeline.cvm: 
==================================================
2026-04-28 00:44:04,892 [INFO] pipeline.cvm: Baixando DFP 2024...
2026-04-28 00:44:04,892 [INFO] pipeline.cvm: Baixando: https://dados.cvm.gov.br/dados/CIA_ABERTA/DOC/DFP/DADOS/dfp_cia_aberta_2024.zip
2026-04-28 00:44:08,197 [INFO] pipeline.cvm:   DFP dre 2024: 64 linhas
2026-04-28 00:44:08,197 [INFO] pipeline.cvm: Baixando: https://dados.cvm.gov.br/dados/CIA_ABERTA/DOC/DFP/DADOS/dfp_cia_aberta_2024.zip
2026-04-28 00:44:13,486 [INFO] pipeline.cvm:   DFP bpa 2024: 128 linhas
2026-04-28 00:44:13,487 [INFO] pipeline.cvm: Baixando: https://dados.cvm.gov.br/dados/CIA_ABERTA/DOC/DFP/DADOS/dfp_cia_aberta_2024.zip
2026-04-28 00:44:20,034 [INFO] pipeline.cvm:   DFP bpp 2024: 218 linhas
2026-04-28 00:44:20,035 [INFO] pipeline.cvm: Baixando: https://dados.cvm.gov.br/dados/CIA_ABERTA/DOC/DFP/DADOS/dfp_cia_aberta_2024.zip
2026-04-28 00:44:24,700 [INFO] pipeline.cvm:   DFP dfc_mi 2024: 100 linhas
2026-04-28 00:44:24,701 [INFO] pipeline.cvm: Baixando: https://dados.cvm.gov.br/dados/CIA_ABERTA/DOC/DFP/DADOS/dfp_cia_aberta_2024.zip
2026-04-28 00:44:27,143 [WARNING] pipeline.cvm:   Empresa 25089 não encontrada em dfc_md 2024
2026-04-28 00:44:27,143 [INFO] pipeline.cvm: 
==================================================
2026-04-28 00:44:27,143 [INFO] pipeline.cvm: Baixando DFP 2025...
2026-04-28 00:44:27,143 [INFO] pipeline.cvm: Baixando: https://dados.cvm.gov.br/dados/CIA_ABERTA/DOC/DFP/DADOS/dfp_cia_aberta_2025.zip
2026-04-28 00:44:30,380 [INFO] pipeline.cvm:   DFP dre 2025: 64 linhas
2026-04-28 00:44:30,380 [INFO] pipeline.cvm: Baixando: https://dados.cvm.gov.br/dados/CIA_ABERTA/DOC/DFP/DADOS/dfp_cia_aberta_2025.zip
2026-04-28 00:44:34,854 [INFO] pipeline.cvm:   DFP bpa 2025: 128 linhas
2026-04-28 00:44:34,854 [INFO] pipeline.cvm: Baixando: https://dados.cvm.gov.br/dados/CIA_ABERTA/DOC/DFP/DADOS/dfp_cia_aberta_2025.zip
2026-04-28 00:44:40,424 [INFO] pipeline.cvm:   DFP bpp 2025: 218 linhas
2026-04-28 00:44:40,425 [INFO] pipeline.cvm: Baixando: https://dados.cvm.gov.br/dados/CIA_ABERTA/DOC/DFP/DADOS/dfp_cia_aberta_2025.zip
2026-04-28 00:44:44,690 [INFO] pipeline.cvm:   DFP dfc_mi 2025: 100 linhas
2026-04-28 00:44:44,690 [INFO] pipeline.cvm: Baixando: https://dados.cvm.gov.br/dados/CIA_ABERTA/DOC/DFP/DADOS/dfp_cia_aberta_2025.zip
2026-04-28 00:44:47,196 [WARNING] pipeline.cvm:   Empresa 25089 não encontrada em dfc_md 2025
2026-04-28 00:44:47,197 [INFO] pipeline:   DFP 2019 indisponível — tentando anualizar via ITR...
2026-04-28 00:44:47,197 [INFO] pipeline.cvm: 
==================================================
2026-04-28 00:44:47,197 [INFO] pipeline.cvm: Tentando anualizar 2019 via ITR (LTM)...
2026-04-28 00:44:47,197 [INFO] pipeline.cvm: Baixando: https://dados.cvm.gov.br/dados/CIA_ABERTA/DOC/ITR/DADOS/itr_cia_aberta_2019.zip
2026-04-28 00:44:56,866 [INFO] pipeline.cvm: Baixando: https://dados.cvm.gov.br/dados/CIA_ABERTA/DOC/ITR/DADOS/itr_cia_aberta_2019.zip
2026-04-28 00:45:07,354 [INFO] pipeline.cvm: Baixando: https://dados.cvm.gov.br/dados/CIA_ABERTA/DOC/ITR/DADOS/itr_cia_aberta_2019.zip
2026-04-28 00:45:20,598 [INFO] pipeline.cvm: Baixando: https://dados.cvm.gov.br/dados/CIA_ABERTA/DOC/ITR/DADOS/itr_cia_aberta_2019.zip
2026-04-28 00:45:29,840 [INFO] pipeline.cvm: Baixando: https://dados.cvm.gov.br/dados/CIA_ABERTA/DOC/ITR/DADOS/itr_cia_aberta_2019.zip
2026-04-28 00:45:34,530 [WARNING] pipeline.cvm:   ITR 2019 não disponível — não é possível anualizar
2026-04-28 00:45:34,531 [WARNING] pipeline:   DFP 2019 e ITR indisponíveis — removido do histórico
2026-04-28 00:45:34,531 [INFO] pipeline:   DFP 2020 indisponível — tentando anualizar via ITR...
2026-04-28 00:45:34,531 [INFO] pipeline.cvm: 
==================================================
2026-04-28 00:45:34,531 [INFO] pipeline.cvm: Tentando anualizar 2020 via ITR (LTM)...
2026-04-28 00:45:34,531 [INFO] pipeline.cvm: Baixando: https://dados.cvm.gov.br/dados/CIA_ABERTA/DOC/ITR/DADOS/itr_cia_aberta_2020.zip
2026-04-28 00:45:43,536 [INFO] pipeline.cvm: Baixando: https://dados.cvm.gov.br/dados/CIA_ABERTA/DOC/ITR/DADOS/itr_cia_aberta_2020.zip
2026-04-28 00:45:52,257 [INFO] pipeline.cvm: Baixando: https://dados.cvm.gov.br/dados/CIA_ABERTA/DOC/ITR/DADOS/itr_cia_aberta_2020.zip
2026-04-28 00:46:04,768 [INFO] pipeline.cvm: Baixando: https://dados.cvm.gov.br/dados/CIA_ABERTA/DOC/ITR/DADOS/itr_cia_aberta_2020.zip
2026-04-28 00:46:14,201 [INFO] pipeline.cvm: Baixando: https://dados.cvm.gov.br/dados/CIA_ABERTA/DOC/ITR/DADOS/itr_cia_aberta_2020.zip
2026-04-28 00:46:20,173 [WARNING] pipeline.cvm:   ITR 2020 não disponível — não é possível anualizar
2026-04-28 00:46:20,173 [WARNING] pipeline:   DFP 2020 e ITR indisponíveis — removido do histórico
2026-04-28 00:46:20,173 [INFO] pipeline:   Anos ajustados → Histórico: 2021-2025 | Projeção: 2026-2035
2026-04-28 00:46:20,173 [INFO] pipeline: 
[4/6] Normalizando dados...
2026-04-28 00:46:21,364 [INFO] pipeline:   DFC normalizada: 11 linhas
2026-04-28 00:46:21,365 [INFO] pipeline:   DRE normalizada:
2026-04-28 00:46:21,365 [INFO] pipeline:     receita_liquida: 2021: 2,098 | 2022: 2,835 | 2023: 3,173 | 2024: 3,323 | 2025: 3,587
2026-04-28 00:46:21,365 [INFO] pipeline:     ebit: 2021: 162 | 2022: 136 | 2023: 128 | 2024: 63 | 2025: 152
2026-04-28 00:46:21,365 [INFO] pipeline:     lucro_liquido: 2021: 75 | 2022: 51 | 2023: 16 | 2024: -43 | 2025: 40
2026-04-28 00:46:21,367 [INFO] pipeline: 
[5/6] Calculando projeções...
2026-04-28 00:46:21,367 [INFO] pipeline.projecoes: 
=== Projeções (não-financeira / FCFF) ===
2026-04-28 00:46:21,368 [INFO] pipeline.projecoes:   Margem EBITDA: 9.3% → 10.0% (conv 6a)
2026-04-28 00:46:21,369 [INFO] pipeline.projecoes:   D&A/Receita: 6.1%
2026-04-28 00:46:21,370 [INFO] pipeline.projecoes:   CAPEX/Receita: 9.6% → 4.0%
2026-04-28 00:46:21,370 [INFO] pipeline.projecoes:   NCG/Receita: 12.6% → 10.0%
2026-04-28 00:46:21,372 [INFO] pipeline.projecoes:   Alíquota efetiva: 35.2%
2026-04-28 00:46:21,373 [INFO] pipeline.projecoes: Projeções concluídas (FCFF). Resumo:
2026-04-28 00:46:21,373 [INFO] pipeline.projecoes:    Ano      Receita     EBITDA    Mg%      NOPAT       FCFF
2026-04-28 00:46:21,373 [INFO] pipeline.projecoes:   2026        3,859        363   9.4%         81        -87
2026-04-28 00:46:21,373 [INFO] pipeline.projecoes:   2027        4,135        393   9.5%         90         27
2026-04-28 00:46:21,373 [INFO] pipeline.projecoes:   2028        4,414        425   9.6%        100         86
2026-04-28 00:46:21,373 [INFO] pipeline.projecoes:   2029        4,694        458   9.8%        110        151
2026-04-28 00:46:21,373 [INFO] pipeline.projecoes:   2030        4,972        491   9.9%        120        223
2026-04-28 00:46:21,374 [INFO] pipeline: 
[6/6] Calculando valuation (FCFF / WACC)...
2026-04-28 00:46:21,374 [INFO] pipeline.valuation: 
==================================================
2026-04-28 00:46:21,374 [INFO] pipeline.valuation: VALUATION FCFF/WACC — PETZ3
2026-04-28 00:46:21,374 [INFO] pipeline.valuation:   VP FCFF (10a):     R$          794 MM
2026-04-28 00:46:21,374 [INFO] pipeline.valuation:   Valor Perp. (VP):  R$        1,625 MM
2026-04-28 00:46:21,374 [INFO] pipeline.valuation:   ENTERPRISE VALUE:  R$        2,418 MM
2026-04-28 00:46:21,374 [INFO] pipeline.valuation:   (-) Dívida Líq.:   R$         -157 MM
2026-04-28 00:46:21,374 [INFO] pipeline.valuation:   VALOR DO EQUITY:   R$        2,576 MM
2026-04-28 00:46:21,374 [INFO] pipeline.valuation:   Preço Justo ON:    R$     0.00
2026-04-28 00:46:21,374 [INFO] pipeline.valuation:   Preço Justo PN:    R$     0.00
2026-04-28 00:46:21,374 [INFO] pipeline.valuation:   Cotação ON:        R$     0.00
2026-04-28 00:46:21,374 [INFO] pipeline.valuation:   Upside ON:                0.0%
2026-04-28 00:46:21,375 [INFO] pipeline.valuation:   TIR (ON):                 0.0%
2026-04-28 00:46:21,375 [INFO] pipeline.valuation:   WACC último ano:         12.0%
2026-04-28 00:46:21,375 [WARNING] pipeline: 
[!] AVISOS DE VALIDACAO:
2026-04-28 00:46:21,375 [WARNING] pipeline:   - Preço Justo ON inválido (≤ 0)
2026-04-28 00:46:21,377 [INFO] pipeline:   Template encontrado (empresa): Valuation Petz (DCF) - VAROS 2T24.xlsx
2026-04-28 00:46:21,377 [INFO] pipeline.excel_geral: 
============================================================
2026-04-28 00:46:21,378 [INFO] pipeline.excel_geral: Escrevendo com template VAROS: Valuation Petz (DCF) - VAROS 2T24.xlsx
2026-04-28 00:47:07,811 [INFO] pipeline.excel_geral: 
Arquivo salvo: C:\Users\55819\OneDrive - EPEJUD\DIEGO\OBSIDIAN\Analista de Investimentos\12_PYTHON\pipeline banco completo\outputs\Valuation_PETZ3_Petz_20260428.xlsx
2026-04-28 00:47:07,811 [INFO] pipeline: 
======================================================================
2026-04-28 00:47:07,811 [INFO] pipeline: RESUMO DO VALUATION (FCFF/WACC)
2026-04-28 00:47:07,811 [INFO] pipeline: ======================================================================
2026-04-28 00:47:07,811 [INFO] pipeline:   Empresa:           Petz (PETZ3)
2026-04-28 00:47:07,811 [INFO] pipeline:   Enterprise Value:  R$        2,418 MM
2026-04-28 00:47:07,811 [INFO] pipeline:   Cotação ON:        R$ 0.00
2026-04-28 00:47:07,811 [INFO] pipeline:   Preço Justo ON:    R$ 0.00
2026-04-28 00:47:07,811 [INFO] pipeline:   Upside ON:            0.0%
2026-04-28 00:47:07,812 [INFO] pipeline:   TIR:                  0.0%
2026-04-28 00:47:07,812 [INFO] pipeline:   Preço Teto ON:     R$ 0.00
2026-04-28 00:47:07,812 [INFO] pipeline: 
  [!] 1 aviso(s) de validacao — verifique os logs
2026-04-28 00:47:07,812 [INFO] pipeline: 
  Arquivo gerado:    C:\Users\55819\OneDrive - EPEJUD\DIEGO\OBSIDIAN\Analista de Investimentos\12_PYTHON\pipeline banco completo\outputs\Valuation_PETZ3_Petz_20260428.xlsx
2026-04-28 00:47:07,812 [INFO] pipeline: ======================================================================
2026-04-28 00:47:07,815 [INFO] pipeline: ✓ PETZ3: arquivo gerado → C:\Users\55819\OneDrive - EPEJUD\DIEGO\OBSIDIAN\Analista de Investimentos\12_PYTHON\pipeline banco completo\outputs\Valuation_PETZ3_Petz_20260428.xlsx
2026-04-28 00:47:07,815 [INFO] pipeline: 
──────────────────────────────────────────────────────────────────────
2026-04-28 00:47:07,817 [INFO] pipeline: Processando: AZZA3 (Azzas 2154)
2026-04-28 00:47:07,817 [INFO] pipeline: ──────────────────────────────────────────────────────────────────────
2026-04-28 00:47:07,817 [INFO] pipeline: ======================================================================
2026-04-28 00:47:07,817 [INFO] pipeline: PIPELINE DE VALUATION [CONSUMO_VAREJO] — AZZA3 — Azzas 2154
2026-04-28 00:47:07,817 [INFO] pipeline: Início: 2026-04-28 00:47:07
2026-04-28 00:47:07,817 [INFO] pipeline:   Setor: consumo_varejo | Motor: WACC
2026-04-28 00:47:07,817 [INFO] pipeline: ======================================================================
2026-04-28 00:47:07,817 [INFO] pipeline: 
[1/6] Coletando dados de mercado...
2026-04-28 00:47:07,817 [INFO] pipeline:   Buscando cotação via yfinance...
2026-04-28 00:47:07,817 [INFO] pipeline.mercado: Buscando cotação atual: AZZA3.SA
2026-04-28 00:47:09,460 [INFO] pipeline:   Cotação ON: R$ 21.90  |  Cotação PN: R$ 0.00
2026-04-28 00:47:09,655 [INFO] pipeline.mercado: Calculando beta: AZZA3 (252 dias úteis)
2026-04-28 00:47:09,655 [INFO] pipeline.mercado: Baixando preços: AZZA3.SA (2019-01-01 → 2026-04-28)
2026-04-28 00:47:10,295 [INFO] pipeline.mercado:   1820 dias de preços carregados
2026-04-28 00:47:10,295 [INFO] pipeline.mercado: Baixando preços: ^BVSP (2019-01-01 → 2026-04-28)
2026-04-28 00:47:10,340 [INFO] pipeline.mercado:   1820 dias de preços carregados
2026-04-28 00:47:10,344 [INFO] pipeline.mercado:   Beta estatístico: 1.6169 | R²: 0.290 | n=251
2026-04-28 00:47:10,346 [INFO] pipeline:   Beta estatístico: 1.617 | Beta utilizado: 0.850
2026-04-28 00:47:10,346 [INFO] pipeline: 
[2/6] Coletando dados macroeconômicos (BCB)...
2026-04-28 00:47:10,709 [WARNING] pipeline.macro: Não foi possível obter Focus Selic: 400 Client Error: Bad Request for url: https://olinda.bcb.gov.br/olinda/servico/Expectativas/versao/v1/odata/ExpectativasMercadoAnuais?%24filter=Indicador%20eq%20'Selic'&%24top=100&%24format=json&%24select=Indicador,Data,Ano,Mediana
2026-04-28 00:47:11,016 [WARNING] pipeline.macro: Não foi possível obter Focus IPCA: 400 Client Error: Bad Request for url: https://olinda.bcb.gov.br/olinda/servico/Expectativas/versao/v1/odata/ExpectativasMercadoAnuais?%24filter=Indicador%20eq%20'IPCA'&%24top=100&%24format=json&%24select=Indicador,Data,Ano,Mediana
2026-04-28 00:47:11,018 [INFO] pipeline.macro: 
=== Coletando dados macroeconômicos ===
2026-04-28 00:47:11,018 [INFO] pipeline.macro: Baixando série BCB 432...
2026-04-28 00:47:41,247 [ERROR] pipeline.macro: Erro ao baixar série BCB 432: HTTPSConnectionPool(host='api.bcb.gov.br', port=443): Read timed out. (read timeout=30)
2026-04-28 00:47:41,247 [WARNING] pipeline.macro: Série Selic meta sem DatetimeIndex — usando fallback histórico
2026-04-28 00:47:41,247 [INFO] pipeline.macro: Baixando série BCB 12...
2026-04-28 00:48:11,462 [ERROR] pipeline.macro: Erro ao baixar série BCB 12: HTTPSConnectionPool(host='api.bcb.gov.br', port=443): Read timed out. (read timeout=30)
2026-04-28 00:48:11,462 [WARNING] pipeline.macro: Série DI sem DatetimeIndex — usando fallback histórico
2026-04-28 00:48:11,462 [INFO] pipeline.macro: Baixando série BCB 13522...
2026-04-28 00:48:41,678 [ERROR] pipeline.macro: Erro ao baixar série BCB 13522: HTTPSConnectionPool(host='api.bcb.gov.br', port=443): Read timed out. (read timeout=30)
2026-04-28 00:48:41,678 [WARNING] pipeline.macro: Série IPCA sem DatetimeIndex — usando fallback histórico
2026-04-28 00:48:41,679 [INFO] pipeline.macro: Baixando série BCB 258...
2026-04-28 00:49:11,908 [ERROR] pipeline.macro: Erro ao baixar série BCB 258: HTTPSConnectionPool(host='api.bcb.gov.br', port=443): Read timed out. (read timeout=30)
2026-04-28 00:49:11,908 [WARNING] pipeline.macro: Série TJLP sem DatetimeIndex — usando fallback histórico
2026-04-28 00:49:11,909 [INFO] pipeline.macro: Baixando série BCB 29039...
2026-04-28 00:49:29,249 [INFO] pipeline.macro:   Série 29039: 195 observações (2010-01-01 → 2026-03-01)
2026-04-28 00:49:29,252 [INFO] pipeline.macro: Baixando série BCB 13522...
2026-04-28 00:49:30,400 [INFO] pipeline.macro:   Série 13522: 195 observações (2010-01-01 → 2026-03-01)
2026-04-28 00:49:30,402 [WARNING] pipeline.macro: IPCA calculado fora do intervalo plausível (55.3%) para 2019 — usando fallback
2026-04-28 00:49:30,402 [WARNING] pipeline.macro: IPCA calculado fora do intervalo plausível (46.1%) para 2020 — usando fallback
2026-04-28 00:49:30,403 [WARNING] pipeline.macro: IPCA calculado fora do intervalo plausível (159.3%) para 2021 — usando fallback
2026-04-28 00:49:30,403 [WARNING] pipeline.macro: IPCA calculado fora do intervalo plausível (191.2%) para 2022 — usando fallback
2026-04-28 00:49:30,404 [WARNING] pipeline.macro: IPCA calculado fora do intervalo plausível (71.5%) para 2023 — usando fallback
2026-04-28 00:49:30,404 [WARNING] pipeline.macro: IPCA calculado fora do intervalo plausível (67.0%) para 2024 — usando fallback
2026-04-28 00:49:30,404 [INFO] pipeline.macro: 
RESUMO MACRO HISTÓRICO:
2026-04-28 00:49:30,404 [INFO] pipeline.macro:   selic_meta     : 2020: 2.00% | 2021: 9.25% | 2022: 13.75% | 2023: 11.75% | 2024: 11.75%
2026-04-28 00:49:30,405 [INFO] pipeline.macro:   selic_efet     : 2020: 2.28% | 2021: 4.48% | 2022: 12.33% | 2023: 13.15% | 2024: 10.73%
2026-04-28 00:49:30,405 [INFO] pipeline.macro:   ipca           : 2020: 4.52% | 2021: 10.06% | 2022: 5.62% | 2023: 4.62% | 2024: 4.83%
2026-04-28 00:49:30,405 [INFO] pipeline.macro:   tjlp           : 2020: 5.25% | 2021: 5.25% | 2022: 6.25% | 2023: 7.00% | 2024: 7.00%
2026-04-28 00:49:30,405 [INFO] pipeline.macro:   cds            : 2020: 0.44% | 2021: 0.73% | 2022: 1.26% | 2023: 0.84% | 2024: 0.81%
2026-04-28 00:49:30,405 [INFO] pipeline.macro:   inflacao_impl  : 2020: 4.52% | 2021: 10.06% | 2022: 5.62% | 2023: 4.62% | 2024: 4.83%
2026-04-28 00:49:30,405 [INFO] pipeline: 
[3/6] Baixando demonstrações financeiras (CVM)...
2026-04-28 00:49:30,406 [INFO] pipeline.cvm: 
==================================================
2026-04-28 00:49:30,406 [INFO] pipeline.cvm: Baixando DFP 2019...
2026-04-28 00:49:30,406 [INFO] pipeline.cvm: Baixando: https://dados.cvm.gov.br/dados/CIA_ABERTA/DOC/DFP/DADOS/dfp_cia_aberta_2019.zip
2026-04-28 00:49:33,078 [INFO] pipeline.cvm:   DFP dre 2019: 68 linhas
2026-04-28 00:49:33,079 [INFO] pipeline.cvm: Baixando: https://dados.cvm.gov.br/dados/CIA_ABERTA/DOC/DFP/DADOS/dfp_cia_aberta_2019.zip
2026-04-28 00:49:36,426 [INFO] pipeline.cvm:   DFP bpa 2019: 126 linhas
2026-04-28 00:49:36,426 [INFO] pipeline.cvm: Baixando: https://dados.cvm.gov.br/dados/CIA_ABERTA/DOC/DFP/DADOS/dfp_cia_aberta_2019.zip
2026-04-28 00:49:41,264 [INFO] pipeline.cvm:   DFP bpp 2019: 214 linhas
2026-04-28 00:49:41,264 [INFO] pipeline.cvm: Baixando: https://dados.cvm.gov.br/dados/CIA_ABERTA/DOC/DFP/DADOS/dfp_cia_aberta_2019.zip
2026-04-28 00:49:44,435 [INFO] pipeline.cvm:   DFP dfc_mi 2019: 88 linhas
2026-04-28 00:49:44,436 [INFO] pipeline.cvm: Baixando: https://dados.cvm.gov.br/dados/CIA_ABERTA/DOC/DFP/DADOS/dfp_cia_aberta_2019.zip
2026-04-28 00:49:46,496 [WARNING] pipeline.cvm:   Empresa 22349 não encontrada em dfc_md 2019
2026-04-28 00:49:46,496 [INFO] pipeline.cvm: 
==================================================
2026-04-28 00:49:46,496 [INFO] pipeline.cvm: Baixando DFP 2020...
2026-04-28 00:49:46,496 [INFO] pipeline.cvm: Baixando: https://dados.cvm.gov.br/dados/CIA_ABERTA/DOC/DFP/DADOS/dfp_cia_aberta_2020.zip
2026-04-28 00:49:49,573 [INFO] pipeline.cvm:   DFP dre 2020: 68 linhas
2026-04-28 00:49:49,573 [INFO] pipeline.cvm: Baixando: https://dados.cvm.gov.br/dados/CIA_ABERTA/DOC/DFP/DADOS/dfp_cia_aberta_2020.zip
2026-04-28 00:49:53,328 [INFO] pipeline.cvm:   DFP bpa 2020: 132 linhas
2026-04-28 00:49:53,328 [INFO] pipeline.cvm: Baixando: https://dados.cvm.gov.br/dados/CIA_ABERTA/DOC/DFP/DADOS/dfp_cia_aberta_2020.zip
2026-04-28 00:49:58,763 [INFO] pipeline.cvm:   DFP bpp 2020: 216 linhas
2026-04-28 00:49:58,763 [INFO] pipeline.cvm: Baixando: https://dados.cvm.gov.br/dados/CIA_ABERTA/DOC/DFP/DADOS/dfp_cia_aberta_2020.zip
2026-04-28 00:50:02,601 [INFO] pipeline.cvm:   DFP dfc_mi 2020: 96 linhas
2026-04-28 00:50:02,601 [INFO] pipeline.cvm: Baixando: https://dados.cvm.gov.br/dados/CIA_ABERTA/DOC/DFP/DADOS/dfp_cia_aberta_2020.zip
2026-04-28 00:50:04,616 [WARNING] pipeline.cvm:   Empresa 22349 não encontrada em dfc_md 2020
2026-04-28 00:50:04,616 [INFO] pipeline.cvm: 
==================================================
2026-04-28 00:50:04,617 [INFO] pipeline.cvm: Baixando DFP 2021...
2026-04-28 00:50:04,617 [INFO] pipeline.cvm: Baixando: https://dados.cvm.gov.br/dados/CIA_ABERTA/DOC/DFP/DADOS/dfp_cia_aberta_2021.zip
2026-04-28 00:50:07,879 [INFO] pipeline.cvm:   DFP dre 2021: 68 linhas
2026-04-28 00:50:07,880 [INFO] pipeline.cvm: Baixando: https://dados.cvm.gov.br/dados/CIA_ABERTA/DOC/DFP/DADOS/dfp_cia_aberta_2021.zip
2026-04-28 00:50:12,233 [INFO] pipeline.cvm:   DFP bpa 2021: 140 linhas
2026-04-28 00:50:12,233 [INFO] pipeline.cvm: Baixando: https://dados.cvm.gov.br/dados/CIA_ABERTA/DOC/DFP/DADOS/dfp_cia_aberta_2021.zip
2026-04-28 00:50:18,496 [INFO] pipeline.cvm:   DFP bpp 2021: 224 linhas
2026-04-28 00:50:18,496 [INFO] pipeline.cvm: Baixando: https://dados.cvm.gov.br/dados/CIA_ABERTA/DOC/DFP/DADOS/dfp_cia_aberta_2021.zip
2026-04-28 00:50:24,060 [INFO] pipeline.cvm:   DFP dfc_mi 2021: 96 linhas
2026-04-28 00:50:24,060 [INFO] pipeline.cvm: Baixando: https://dados.cvm.gov.br/dados/CIA_ABERTA/DOC/DFP/DADOS/dfp_cia_aberta_2021.zip
2026-04-28 00:50:27,412 [WARNING] pipeline.cvm:   Empresa 22349 não encontrada em dfc_md 2021
2026-04-28 00:50:27,412 [INFO] pipeline.cvm: 
==================================================
2026-04-28 00:50:27,412 [INFO] pipeline.cvm: Baixando DFP 2022...
2026-04-28 00:50:27,412 [INFO] pipeline.cvm: Baixando: https://dados.cvm.gov.br/dados/CIA_ABERTA/DOC/DFP/DADOS/dfp_cia_aberta_2022.zip
2026-04-28 00:50:31,339 [INFO] pipeline.cvm:   DFP dre 2022: 68 linhas
2026-04-28 00:50:31,339 [INFO] pipeline.cvm: Baixando: https://dados.cvm.gov.br/dados/CIA_ABERTA/DOC/DFP/DADOS/dfp_cia_aberta_2022.zip
2026-04-28 00:50:36,054 [INFO] pipeline.cvm:   DFP bpa 2022: 146 linhas
2026-04-28 00:50:36,054 [INFO] pipeline.cvm: Baixando: https://dados.cvm.gov.br/dados/CIA_ABERTA/DOC/DFP/DADOS/dfp_cia_aberta_2022.zip
2026-04-28 00:50:42,076 [INFO] pipeline.cvm:   DFP bpp 2022: 226 linhas
2026-04-28 00:50:42,076 [INFO] pipeline.cvm: Baixando: https://dados.cvm.gov.br/dados/CIA_ABERTA/DOC/DFP/DADOS/dfp_cia_aberta_2022.zip
2026-04-28 00:50:46,345 [INFO] pipeline.cvm:   DFP dfc_mi 2022: 104 linhas
2026-04-28 00:50:46,345 [INFO] pipeline.cvm: Baixando: https://dados.cvm.gov.br/dados/CIA_ABERTA/DOC/DFP/DADOS/dfp_cia_aberta_2022.zip
2026-04-28 00:50:48,912 [WARNING] pipeline.cvm:   Empresa 22349 não encontrada em dfc_md 2022
2026-04-28 00:50:48,912 [INFO] pipeline.cvm: 
==================================================
2026-04-28 00:50:48,912 [INFO] pipeline.cvm: Baixando DFP 2023...
2026-04-28 00:50:48,912 [INFO] pipeline.cvm: Baixando: https://dados.cvm.gov.br/dados/CIA_ABERTA/DOC/DFP/DADOS/dfp_cia_aberta_2023.zip
2026-04-28 00:50:52,836 [INFO] pipeline.cvm:   DFP dre 2023: 68 linhas
2026-04-28 00:50:52,836 [INFO] pipeline.cvm: Baixando: https://dados.cvm.gov.br/dados/CIA_ABERTA/DOC/DFP/DADOS/dfp_cia_aberta_2023.zip
2026-04-28 00:50:58,266 [INFO] pipeline.cvm:   DFP bpa 2023: 146 linhas
2026-04-28 00:50:58,266 [INFO] pipeline.cvm: Baixando: https://dados.cvm.gov.br/dados/CIA_ABERTA/DOC/DFP/DADOS/dfp_cia_aberta_2023.zip
2026-04-28 00:51:06,477 [INFO] pipeline.cvm:   DFP bpp 2023: 234 linhas
2026-04-28 00:51:06,477 [INFO] pipeline.cvm: Baixando: https://dados.cvm.gov.br/dados/CIA_ABERTA/DOC/DFP/DADOS/dfp_cia_aberta_2023.zip
2026-04-28 00:51:11,245 [INFO] pipeline.cvm:   DFP dfc_mi 2023: 106 linhas
2026-04-28 00:51:11,245 [INFO] pipeline.cvm: Baixando: https://dados.cvm.gov.br/dados/CIA_ABERTA/DOC/DFP/DADOS/dfp_cia_aberta_2023.zip
2026-04-28 00:51:14,126 [WARNING] pipeline.cvm:   Empresa 22349 não encontrada em dfc_md 2023
2026-04-28 00:51:14,127 [INFO] pipeline.cvm: 
==================================================
2026-04-28 00:51:14,127 [INFO] pipeline.cvm: Baixando DFP 2024...
2026-04-28 00:51:14,127 [INFO] pipeline.cvm: Baixando: https://dados.cvm.gov.br/dados/CIA_ABERTA/DOC/DFP/DADOS/dfp_cia_aberta_2024.zip
2026-04-28 00:51:17,272 [INFO] pipeline.cvm:   DFP dre 2024: 68 linhas
2026-04-28 00:51:17,272 [INFO] pipeline.cvm: Baixando: https://dados.cvm.gov.br/dados/CIA_ABERTA/DOC/DFP/DADOS/dfp_cia_aberta_2024.zip
2026-04-28 00:51:21,661 [INFO] pipeline.cvm:   DFP bpa 2024: 146 linhas
2026-04-28 00:51:21,661 [INFO] pipeline.cvm: Baixando: https://dados.cvm.gov.br/dados/CIA_ABERTA/DOC/DFP/DADOS/dfp_cia_aberta_2024.zip
2026-04-28 00:51:27,480 [INFO] pipeline.cvm:   DFP bpp 2024: 236 linhas
2026-04-28 00:51:27,480 [INFO] pipeline.cvm: Baixando: https://dados.cvm.gov.br/dados/CIA_ABERTA/DOC/DFP/DADOS/dfp_cia_aberta_2024.zip
2026-04-28 00:51:31,838 [INFO] pipeline.cvm:   DFP dfc_mi 2024: 112 linhas
2026-04-28 00:51:31,839 [INFO] pipeline.cvm: Baixando: https://dados.cvm.gov.br/dados/CIA_ABERTA/DOC/DFP/DADOS/dfp_cia_aberta_2024.zip
2026-04-28 00:51:34,026 [WARNING] pipeline.cvm:   Empresa 22349 não encontrada em dfc_md 2024
2026-04-28 00:51:34,027 [INFO] pipeline.cvm: 
==================================================
2026-04-28 00:51:34,027 [INFO] pipeline.cvm: Baixando DFP 2025...
2026-04-28 00:51:34,027 [INFO] pipeline.cvm: Baixando: https://dados.cvm.gov.br/dados/CIA_ABERTA/DOC/DFP/DADOS/dfp_cia_aberta_2025.zip
2026-04-28 00:51:37,240 [INFO] pipeline.cvm:   DFP dre 2025: 68 linhas
2026-04-28 00:51:37,241 [INFO] pipeline.cvm: Baixando: https://dados.cvm.gov.br/dados/CIA_ABERTA/DOC/DFP/DADOS/dfp_cia_aberta_2025.zip
2026-04-28 00:51:41,120 [INFO] pipeline.cvm:   DFP bpa 2025: 146 linhas
2026-04-28 00:51:41,120 [INFO] pipeline.cvm: Baixando: https://dados.cvm.gov.br/dados/CIA_ABERTA/DOC/DFP/DADOS/dfp_cia_aberta_2025.zip
2026-04-28 00:51:46,487 [INFO] pipeline.cvm:   DFP bpp 2025: 238 linhas
2026-04-28 00:51:46,487 [INFO] pipeline.cvm: Baixando: https://dados.cvm.gov.br/dados/CIA_ABERTA/DOC/DFP/DADOS/dfp_cia_aberta_2025.zip
2026-04-28 00:51:50,041 [INFO] pipeline.cvm:   DFP dfc_mi 2025: 120 linhas
2026-04-28 00:51:50,041 [INFO] pipeline.cvm: Baixando: https://dados.cvm.gov.br/dados/CIA_ABERTA/DOC/DFP/DADOS/dfp_cia_aberta_2025.zip
2026-04-28 00:51:52,300 [WARNING] pipeline.cvm:   Empresa 22349 não encontrada em dfc_md 2025
2026-04-28 00:51:52,300 [INFO] pipeline:   Anos ajustados → Histórico: 2019-2025 | Projeção: 2026-2035
2026-04-28 00:51:52,300 [INFO] pipeline: 
[4/6] Normalizando dados...
2026-04-28 00:51:54,172 [INFO] pipeline:   DFC normalizada: 11 linhas
2026-04-28 00:51:54,175 [INFO] pipeline:   DRE normalizada:
2026-04-28 00:51:54,175 [INFO] pipeline:     receita_liquida: 2019: 1,679 | 2020: 1,591 | 2021: 2,924 | 2022: 4,234 | 2023: 4,847 | 2024: 8,380 | 2025: 11,819
2026-04-28 00:51:54,175 [INFO] pipeline:     ebit: 2019: 223 | 2020: 92 | 2021: 469 | 2022: 550 | 2023: 559 | 2024: 384 | 2025: 1,138
2026-04-28 00:51:54,175 [INFO] pipeline:     lucro_liquido: 2019: 162 | 2020: 49 | 2021: 345 | 2022: 425 | 2023: 399 | 2024: 342 | 2025: 911
2026-04-28 00:51:54,175 [INFO] pipeline: 
[5/6] Calculando projeções...
2026-04-28 00:51:54,176 [INFO] pipeline.projecoes: 
=== Projeções (não-financeira / FCFF) ===
2026-04-28 00:51:54,178 [INFO] pipeline.projecoes:   Margem EBITDA: 14.0% → 18.0% (conv 6a)
2026-04-28 00:51:54,179 [INFO] pipeline.projecoes:   D&A/Receita: 3.8%
2026-04-28 00:51:54,180 [INFO] pipeline.projecoes:   CAPEX/Receita: 14.5% → 4.0%
2026-04-28 00:51:54,181 [INFO] pipeline.projecoes:   NCG/Receita: 27.4% → 10.0%
2026-04-28 00:51:54,184 [INFO] pipeline.projecoes:   Alíquota efetiva: 15.0%
2026-04-28 00:51:54,184 [INFO] pipeline.projecoes: Projeções concluídas (FCFF). Resumo:
2026-04-28 00:51:54,184 [INFO] pipeline.projecoes:    Ano      Receita     EBITDA    Mg%      NOPAT       FCFF
2026-04-28 00:51:54,185 [INFO] pipeline.projecoes:   2026       12,716      1,865  14.7%      1,205        231
2026-04-28 00:51:54,185 [INFO] pipeline.projecoes:   2027       13,627      2,089  15.3%      1,371        737
2026-04-28 00:51:54,185 [INFO] pipeline.projecoes:   2028       14,547      2,327  16.0%      1,548      1,222
2026-04-28 00:51:54,185 [INFO] pipeline.projecoes:   2029       15,468      2,578  16.7%      1,736      1,759
2026-04-28 00:51:54,185 [INFO] pipeline.projecoes:   2030       16,383      2,840  17.3%      1,934      2,345
2026-04-28 00:51:54,185 [INFO] pipeline.valuation:   Estrutura de capital: E=67% | D=33%
2026-04-28 00:51:54,185 [INFO] pipeline: 
[6/6] Calculando valuation (FCFF / WACC)...
2026-04-28 00:51:54,186 [INFO] pipeline.valuation: 
==================================================
2026-04-28 00:51:54,186 [INFO] pipeline.valuation: VALUATION FCFF/WACC — AZZA3
2026-04-28 00:51:54,186 [INFO] pipeline.valuation:   VP FCFF (10a):     R$        8,840 MM
2026-04-28 00:51:54,186 [INFO] pipeline.valuation:   Valor Perp. (VP):  R$       13,749 MM
2026-04-28 00:51:54,186 [INFO] pipeline.valuation:   ENTERPRISE VALUE:  R$       22,590 MM
2026-04-28 00:51:54,186 [INFO] pipeline.valuation:   (-) Dívida Líq.:   R$        2,145 MM
2026-04-28 00:51:54,186 [INFO] pipeline.valuation:   VALOR DO EQUITY:   R$       20,444 MM
2026-04-28 00:51:54,187 [INFO] pipeline.valuation:   Preço Justo ON:    R$   101.22
2026-04-28 00:51:54,187 [INFO] pipeline.valuation:   Preço Justo PN:    R$   101.22
2026-04-28 00:51:54,187 [INFO] pipeline.valuation:   Cotação ON:        R$    21.90
2026-04-28 00:51:54,187 [INFO] pipeline.valuation:   Upside ON:              362.2%
2026-04-28 00:51:54,187 [INFO] pipeline.valuation:   TIR (ON):                30.9%
2026-04-28 00:51:54,187 [INFO] pipeline.valuation:   WACC último ano:         12.0%
2026-04-28 00:51:54,190 [INFO] pipeline:   Sem template VAROS para AZZA3 — Excel será criado do zero
2026-04-28 00:51:54,191 [INFO] pipeline.excel_geral: 
============================================================
2026-04-28 00:51:54,191 [INFO] pipeline.excel_geral: Criando Excel completo (12 abas) para: Azzas 2154 (AZZA3)
2026-04-28 00:51:54,193 [INFO] pipeline.excel_geral:   → 1/12  Dashboard
2026-04-28 00:51:54,208 [INFO] pipeline.excel_geral:   → 2/12  WACC
2026-04-28 00:51:54,275 [INFO] pipeline.excel_geral:   → 3/12  TIR ON
2026-04-28 00:51:54,297 [INFO] pipeline.excel_geral:   → 4/12  TIR PN
2026-04-28 00:51:54,312 [INFO] pipeline.excel_geral:   → 5/12  Valor do Equity
2026-04-28 00:51:54,320 [INFO] pipeline.excel_geral:   → 6/12  Preço Teto
2026-04-28 00:51:54,327 [INFO] pipeline.excel_geral:   → 7/12  DRE + DCF
2026-04-28 00:51:54,521 [INFO] pipeline.excel_geral:   → 8/12  DRE Contas Abertas
2026-04-28 00:51:54,583 [INFO] pipeline.excel_geral:   → 9/12  Balanço Patrimonial
2026-04-28 00:51:54,632 [INFO] pipeline.excel_geral:   → 10/12 Painel de Índices
2026-04-28 00:51:54,701 [INFO] pipeline.excel_geral:   → 11/12 Projeções Premissas
2026-04-28 00:51:54,723 [INFO] pipeline.excel_geral:   → 12/12 Projeções Capex e CG
2026-04-28 00:51:54,823 [INFO] pipeline.excel_geral: 
Arquivo salvo: C:\Users\55819\OneDrive - EPEJUD\DIEGO\OBSIDIAN\Analista de Investimentos\12_PYTHON\pipeline banco completo\outputs\Valuation_AZZA3_Azzas 2154_20260428.xlsx
2026-04-28 00:51:54,824 [INFO] pipeline: 
======================================================================
2026-04-28 00:51:54,824 [INFO] pipeline: RESUMO DO VALUATION (FCFF/WACC)
2026-04-28 00:51:54,824 [INFO] pipeline: ======================================================================
2026-04-28 00:51:54,824 [INFO] pipeline:   Empresa:           Azzas 2154 (AZZA3)
2026-04-28 00:51:54,824 [INFO] pipeline:   Enterprise Value:  R$       22,590 MM
2026-04-28 00:51:54,824 [INFO] pipeline:   Cotação ON:        R$ 21.90
2026-04-28 00:51:54,824 [INFO] pipeline:   Preço Justo ON:    R$ 101.22
2026-04-28 00:51:54,824 [INFO] pipeline:   Upside ON:            362.2%
2026-04-28 00:51:54,824 [INFO] pipeline:   TIR:                  30.9%
2026-04-28 00:51:54,824 [INFO] pipeline:   Preço Teto ON:     R$ 101.22
2026-04-28 00:51:54,824 [INFO] pipeline: 
  Arquivo gerado:    C:\Users\55819\OneDrive - EPEJUD\DIEGO\OBSIDIAN\Analista de Investimentos\12_PYTHON\pipeline banco completo\outputs\Valuation_AZZA3_Azzas 2154_20260428.xlsx
2026-04-28 00:51:54,825 [INFO] pipeline: ======================================================================
2026-04-28 00:51:54,827 [INFO] pipeline: ✓ AZZA3: arquivo gerado → C:\Users\55819\OneDrive - EPEJUD\DIEGO\OBSIDIAN\Analista de Investimentos\12_PYTHON\pipeline banco completo\outputs\Valuation_AZZA3_Azzas 2154_20260428.xlsx
2026-04-28 00:51:54,827 [INFO] pipeline: 
──────────────────────────────────────────────────────────────────────
2026-04-28 00:51:54,828 [INFO] pipeline: Processando: AMAR3 (Marisa Lojas)
2026-04-28 00:51:54,828 [INFO] pipeline: ──────────────────────────────────────────────────────────────────────
2026-04-28 00:51:54,828 [INFO] pipeline: ======================================================================
2026-04-28 00:51:54,828 [INFO] pipeline: PIPELINE DE VALUATION [CONSUMO_VAREJO] — AMAR3 — Marisa Lojas
2026-04-28 00:51:54,828 [INFO] pipeline: Início: 2026-04-28 00:51:54
2026-04-28 00:51:54,828 [INFO] pipeline:   Setor: consumo_varejo | Motor: WACC
2026-04-28 00:51:54,828 [INFO] pipeline: ======================================================================
2026-04-28 00:51:54,828 [INFO] pipeline: 
[1/6] Coletando dados de mercado...
2026-04-28 00:51:54,829 [INFO] pipeline:   Buscando cotação via yfinance...
2026-04-28 00:51:54,829 [INFO] pipeline.mercado: Buscando cotação atual: AMAR3.SA
2026-04-28 00:51:56,135 [INFO] pipeline:   Cotação ON: R$ 0.87  |  Cotação PN: R$ 0.00
2026-04-28 00:51:56,258 [INFO] pipeline.mercado: Calculando beta: AMAR3 (252 dias úteis)
2026-04-28 00:51:56,258 [INFO] pipeline.mercado: Baixando preços: AMAR3.SA (2019-01-01 → 2026-04-28)
2026-04-28 00:51:56,896 [INFO] pipeline.mercado:   1820 dias de preços carregados
2026-04-28 00:51:56,897 [INFO] pipeline.mercado: Baixando preços: ^BVSP (2019-01-01 → 2026-04-28)
2026-04-28 00:51:56,938 [INFO] pipeline.mercado:   1820 dias de preços carregados
2026-04-28 00:51:56,943 [INFO] pipeline.mercado:   Beta estatístico: 0.1504 | R²: 0.004 | n=251
2026-04-28 00:51:56,945 [INFO] pipeline:   Beta estatístico: 0.150 | Beta utilizado: 0.850
2026-04-28 00:51:56,945 [INFO] pipeline: 
[2/6] Coletando dados macroeconômicos (BCB)...
2026-04-28 00:51:57,278 [WARNING] pipeline.macro: Não foi possível obter Focus Selic: 400 Client Error: Bad Request for url: https://olinda.bcb.gov.br/olinda/servico/Expectativas/versao/v1/odata/ExpectativasMercadoAnuais?%24filter=Indicador%20eq%20'Selic'&%24top=100&%24format=json&%24select=Indicador,Data,Ano,Mediana
2026-04-28 00:51:57,569 [WARNING] pipeline.macro: Não foi possível obter Focus IPCA: 400 Client Error: Bad Request for url: https://olinda.bcb.gov.br/olinda/servico/Expectativas/versao/v1/odata/ExpectativasMercadoAnuais?%24filter=Indicador%20eq%20'IPCA'&%24top=100&%24format=json&%24select=Indicador,Data,Ano,Mediana
2026-04-28 00:51:57,571 [INFO] pipeline.macro: 
=== Coletando dados macroeconômicos ===
2026-04-28 00:51:57,571 [INFO] pipeline.macro: Baixando série BCB 432...
2026-04-28 00:51:57,859 [ERROR] pipeline.macro: Erro ao baixar série BCB 432: 406 Client Error: Not Acceptable for url: https://api.bcb.gov.br/dados/serie/bcdata.sgs.432/dados?formato=json&dataInicial=01%2F01%2F2010&dataFinal=28%2F04%2F2026
2026-04-28 00:51:57,859 [WARNING] pipeline.macro: Série Selic meta sem DatetimeIndex — usando fallback histórico
2026-04-28 00:51:57,859 [INFO] pipeline.macro: Baixando série BCB 12...
2026-04-28 00:51:57,967 [ERROR] pipeline.macro: Erro ao baixar série BCB 12: 406 Client Error: Not Acceptable for url: https://api.bcb.gov.br/dados/serie/bcdata.sgs.12/dados?formato=json&dataInicial=01%2F01%2F2010&dataFinal=28%2F04%2F2026
2026-04-28 00:51:57,967 [WARNING] pipeline.macro: Série DI sem DatetimeIndex — usando fallback histórico
2026-04-28 00:51:57,967 [INFO] pipeline.macro: Baixando série BCB 13522...
2026-04-28 00:51:58,085 [INFO] pipeline.macro:   Série 13522: 195 observações (2010-01-01 → 2026-03-01)
2026-04-28 00:51:58,086 [WARNING] pipeline.macro: IPCA calculado fora do intervalo plausível (55.3%) para 2019 — usando fallback
2026-04-28 00:51:58,087 [WARNING] pipeline.macro: IPCA calculado fora do intervalo plausível (46.1%) para 2020 — usando fallback
2026-04-28 00:51:58,088 [WARNING] pipeline.macro: IPCA calculado fora do intervalo plausível (159.3%) para 2021 — usando fallback
2026-04-28 00:51:58,088 [WARNING] pipeline.macro: IPCA calculado fora do intervalo plausível (191.2%) para 2022 — usando fallback
2026-04-28 00:51:58,088 [WARNING] pipeline.macro: IPCA calculado fora do intervalo plausível (71.5%) para 2023 — usando fallback
2026-04-28 00:51:58,089 [WARNING] pipeline.macro: IPCA calculado fora do intervalo plausível (67.0%) para 2024 — usando fallback
2026-04-28 00:51:58,089 [INFO] pipeline.macro: Baixando série BCB 258...
2026-04-28 00:51:58,188 [ERROR] pipeline.macro: Erro ao baixar série BCB 258: 406 Client Error: Not Acceptable for url: https://api.bcb.gov.br/dados/serie/bcdata.sgs.258/dados?formato=json&dataInicial=01%2F01%2F2010&dataFinal=28%2F04%2F2026
2026-04-28 00:51:58,188 [WARNING] pipeline.macro: Série TJLP sem DatetimeIndex — usando fallback histórico
2026-04-28 00:51:58,188 [INFO] pipeline.macro: Baixando série BCB 29039...
2026-04-28 00:51:58,966 [INFO] pipeline.macro:   Série 29039: 195 observações (2010-01-01 → 2026-03-01)
2026-04-28 00:51:58,967 [INFO] pipeline.macro: Baixando série BCB 13522...
2026-04-28 00:51:59,127 [INFO] pipeline.macro:   Série 13522: 195 observações (2010-01-01 → 2026-03-01)
2026-04-28 00:51:59,128 [WARNING] pipeline.macro: IPCA calculado fora do intervalo plausível (55.3%) para 2019 — usando fallback
2026-04-28 00:51:59,128 [WARNING] pipeline.macro: IPCA calculado fora do intervalo plausível (46.1%) para 2020 — usando fallback
2026-04-28 00:51:59,129 [WARNING] pipeline.macro: IPCA calculado fora do intervalo plausível (159.3%) para 2021 — usando fallback
2026-04-28 00:51:59,129 [WARNING] pipeline.macro: IPCA calculado fora do intervalo plausível (191.2%) para 2022 — usando fallback
2026-04-28 00:51:59,130 [WARNING] pipeline.macro: IPCA calculado fora do intervalo plausível (71.5%) para 2023 — usando fallback
2026-04-28 00:51:59,130 [WARNING] pipeline.macro: IPCA calculado fora do intervalo plausível (67.0%) para 2024 — usando fallback
2026-04-28 00:51:59,130 [INFO] pipeline.macro: 
RESUMO MACRO HISTÓRICO:
2026-04-28 00:51:59,130 [INFO] pipeline.macro:   selic_meta     : 2020: 2.00% | 2021: 9.25% | 2022: 13.75% | 2023: 11.75% | 2024: 11.75%
2026-04-28 00:51:59,130 [INFO] pipeline.macro:   selic_efet     : 2020: 2.28% | 2021: 4.48% | 2022: 12.33% | 2023: 13.15% | 2024: 10.73%
2026-04-28 00:51:59,130 [INFO] pipeline.macro:   ipca           : 2020: 4.52% | 2021: 10.06% | 2022: 5.62% | 2023: 4.62% | 2024: 4.83%
2026-04-28 00:51:59,130 [INFO] pipeline.macro:   tjlp           : 2020: 5.25% | 2021: 5.25% | 2022: 6.25% | 2023: 7.00% | 2024: 7.00%
2026-04-28 00:51:59,131 [INFO] pipeline.macro:   cds            : 2020: 0.44% | 2021: 0.73% | 2022: 1.26% | 2023: 0.84% | 2024: 0.81%
2026-04-28 00:51:59,131 [INFO] pipeline.macro:   inflacao_impl  : 2020: 4.52% | 2021: 10.06% | 2022: 5.62% | 2023: 4.62% | 2024: 4.83%
2026-04-28 00:51:59,131 [INFO] pipeline: 
[3/6] Baixando demonstrações financeiras (CVM)...
2026-04-28 00:51:59,131 [INFO] pipeline.cvm: 
==================================================
2026-04-28 00:51:59,131 [INFO] pipeline.cvm: Baixando DFP 2019...
2026-04-28 00:51:59,131 [INFO] pipeline.cvm: Baixando: https://dados.cvm.gov.br/dados/CIA_ABERTA/DOC/DFP/DADOS/dfp_cia_aberta_2019.zip
2026-04-28 00:52:01,992 [INFO] pipeline.cvm:   DFP dre 2019: 64 linhas
2026-04-28 00:52:01,992 [INFO] pipeline.cvm: Baixando: https://dados.cvm.gov.br/dados/CIA_ABERTA/DOC/DFP/DADOS/dfp_cia_aberta_2019.zip
2026-04-28 00:52:05,546 [INFO] pipeline.cvm:   DFP bpa 2019: 130 linhas
2026-04-28 00:52:05,546 [INFO] pipeline.cvm: Baixando: https://dados.cvm.gov.br/dados/CIA_ABERTA/DOC/DFP/DADOS/dfp_cia_aberta_2019.zip
2026-04-28 00:52:10,485 [INFO] pipeline.cvm:   DFP bpp 2019: 230 linhas
2026-04-28 00:52:10,485 [INFO] pipeline.cvm: Baixando: https://dados.cvm.gov.br/dados/CIA_ABERTA/DOC/DFP/DADOS/dfp_cia_aberta_2019.zip
2026-04-28 00:52:13,666 [INFO] pipeline.cvm:   DFP dfc_mi 2019: 116 linhas
2026-04-28 00:52:13,666 [INFO] pipeline.cvm: Baixando: https://dados.cvm.gov.br/dados/CIA_ABERTA/DOC/DFP/DADOS/dfp_cia_aberta_2019.zip
2026-04-28 00:52:15,733 [WARNING] pipeline.cvm:   Empresa 22055 não encontrada em dfc_md 2019
2026-04-28 00:52:15,733 [INFO] pipeline.cvm: 
==================================================
2026-04-28 00:52:15,733 [INFO] pipeline.cvm: Baixando DFP 2020...
2026-04-28 00:52:15,733 [INFO] pipeline.cvm: Baixando: https://dados.cvm.gov.br/dados/CIA_ABERTA/DOC/DFP/DADOS/dfp_cia_aberta_2020.zip
2026-04-28 00:52:18,479 [INFO] pipeline.cvm:   DFP dre 2020: 62 linhas
2026-04-28 00:52:18,479 [INFO] pipeline.cvm: Baixando: https://dados.cvm.gov.br/dados/CIA_ABERTA/DOC/DFP/DADOS/dfp_cia_aberta_2020.zip
2026-04-28 00:52:21,754 [INFO] pipeline.cvm:   DFP bpa 2020: 130 linhas
2026-04-28 00:52:21,754 [INFO] pipeline.cvm: Baixando: https://dados.cvm.gov.br/dados/CIA_ABERTA/DOC/DFP/DADOS/dfp_cia_aberta_2020.zip
2026-04-28 00:52:26,062 [INFO] pipeline.cvm:   DFP bpp 2020: 222 linhas
2026-04-28 00:52:26,062 [INFO] pipeline.cvm: Baixando: https://dados.cvm.gov.br/dados/CIA_ABERTA/DOC/DFP/DADOS/dfp_cia_aberta_2020.zip
2026-04-28 00:52:29,636 [INFO] pipeline.cvm:   DFP dfc_mi 2020: 118 linhas
2026-04-28 00:52:29,636 [INFO] pipeline.cvm: Baixando: https://dados.cvm.gov.br/dados/CIA_ABERTA/DOC/DFP/DADOS/dfp_cia_aberta_2020.zip
2026-04-28 00:52:31,985 [WARNING] pipeline.cvm:   Empresa 22055 não encontrada em dfc_md 2020
2026-04-28 00:52:31,985 [INFO] pipeline.cvm: 
==================================================
2026-04-28 00:52:31,985 [INFO] pipeline.cvm: Baixando DFP 2021...
2026-04-28 00:52:31,985 [INFO] pipeline.cvm: Baixando: https://dados.cvm.gov.br/dados/CIA_ABERTA/DOC/DFP/DADOS/dfp_cia_aberta_2021.zip
2026-04-28 00:52:35,093 [INFO] pipeline.cvm:   DFP dre 2021: 60 linhas
2026-04-28 00:52:35,094 [INFO] pipeline.cvm: Baixando: https://dados.cvm.gov.br/dados/CIA_ABERTA/DOC/DFP/DADOS/dfp_cia_aberta_2021.zip
2026-04-28 00:52:38,864 [INFO] pipeline.cvm:   DFP bpa 2021: 130 linhas
2026-04-28 00:52:38,864 [INFO] pipeline.cvm: Baixando: https://dados.cvm.gov.br/dados/CIA_ABERTA/DOC/DFP/DADOS/dfp_cia_aberta_2021.zip
2026-04-28 00:52:44,827 [INFO] pipeline.cvm:   DFP bpp 2021: 224 linhas
2026-04-28 00:52:44,827 [INFO] pipeline.cvm: Baixando: https://dados.cvm.gov.br/dados/CIA_ABERTA/DOC/DFP/DADOS/dfp_cia_aberta_2021.zip
2026-04-28 00:52:49,968 [INFO] pipeline.cvm:   DFP dfc_mi 2021: 106 linhas
2026-04-28 00:52:49,969 [INFO] pipeline.cvm: Baixando: https://dados.cvm.gov.br/dados/CIA_ABERTA/DOC/DFP/DADOS/dfp_cia_aberta_2021.zip
2026-04-28 00:52:53,597 [WARNING] pipeline.cvm:   Empresa 22055 não encontrada em dfc_md 2021
2026-04-28 00:52:53,597 [INFO] pipeline.cvm: 
==================================================
2026-04-28 00:52:53,597 [INFO] pipeline.cvm: Baixando DFP 2022...
2026-04-28 00:52:53,597 [INFO] pipeline.cvm: Baixando: https://dados.cvm.gov.br/dados/CIA_ABERTA/DOC/DFP/DADOS/dfp_cia_aberta_2022.zip
2026-04-28 00:52:57,682 [INFO] pipeline.cvm:   DFP dre 2022: 62 linhas
2026-04-28 00:52:57,683 [INFO] pipeline.cvm: Baixando: https://dados.cvm.gov.br/dados/CIA_ABERTA/DOC/DFP/DADOS/dfp_cia_aberta_2022.zip
2026-04-28 00:53:03,797 [INFO] pipeline.cvm:   DFP bpa 2022: 130 linhas
2026-04-28 00:53:03,797 [INFO] pipeline.cvm: Baixando: https://dados.cvm.gov.br/dados/CIA_ABERTA/DOC/DFP/DADOS/dfp_cia_aberta_2022.zip
2026-04-28 00:53:10,683 [INFO] pipeline.cvm:   DFP bpp 2022: 224 linhas
2026-04-28 00:53:10,683 [INFO] pipeline.cvm: Baixando: https://dados.cvm.gov.br/dados/CIA_ABERTA/DOC/DFP/DADOS/dfp_cia_aberta_2022.zip
2026-04-28 00:53:15,566 [INFO] pipeline.cvm:   DFP dfc_mi 2022: 116 linhas
2026-04-28 00:53:15,566 [INFO] pipeline.cvm: Baixando: https://dados.cvm.gov.br/dados/CIA_ABERTA/DOC/DFP/DADOS/dfp_cia_aberta_2022.zip
2026-04-28 00:53:17,845 [WARNING] pipeline.cvm:   Empresa 22055 não encontrada em dfc_md 2022
2026-04-28 00:53:17,845 [INFO] pipeline.cvm: 
==================================================
2026-04-28 00:53:17,845 [INFO] pipeline.cvm: Baixando DFP 2023...
2026-04-28 00:53:17,845 [INFO] pipeline.cvm: Baixando: https://dados.cvm.gov.br/dados/CIA_ABERTA/DOC/DFP/DADOS/dfp_cia_aberta_2023.zip
2026-04-28 00:53:20,892 [INFO] pipeline.cvm:   DFP dre 2023: 62 linhas
2026-04-28 00:53:20,893 [INFO] pipeline.cvm: Baixando: https://dados.cvm.gov.br/dados/CIA_ABERTA/DOC/DFP/DADOS/dfp_cia_aberta_2023.zip
2026-04-28 00:53:25,110 [INFO] pipeline.cvm:   DFP bpa 2023: 132 linhas
2026-04-28 00:53:25,111 [INFO] pipeline.cvm: Baixando: https://dados.cvm.gov.br/dados/CIA_ABERTA/DOC/DFP/DADOS/dfp_cia_aberta_2023.zip
2026-04-28 00:53:31,092 [INFO] pipeline.cvm:   DFP bpp 2023: 226 linhas
2026-04-28 00:53:31,092 [INFO] pipeline.cvm: Baixando: https://dados.cvm.gov.br/dados/CIA_ABERTA/DOC/DFP/DADOS/dfp_cia_aberta_2023.zip
2026-04-28 00:53:35,367 [INFO] pipeline.cvm:   DFP dfc_mi 2023: 120 linhas
2026-04-28 00:53:35,367 [INFO] pipeline.cvm: Baixando: https://dados.cvm.gov.br/dados/CIA_ABERTA/DOC/DFP/DADOS/dfp_cia_aberta_2023.zip
2026-04-28 00:53:37,838 [WARNING] pipeline.cvm:   Empresa 22055 não encontrada em dfc_md 2023
2026-04-28 00:53:37,839 [INFO] pipeline.cvm: 
==================================================
2026-04-28 00:53:37,839 [INFO] pipeline.cvm: Baixando DFP 2024...
2026-04-28 00:53:37,839 [INFO] pipeline.cvm: Baixando: https://dados.cvm.gov.br/dados/CIA_ABERTA/DOC/DFP/DADOS/dfp_cia_aberta_2024.zip
2026-04-28 00:53:40,885 [INFO] pipeline.cvm:   DFP dre 2024: 62 linhas
2026-04-28 00:53:40,885 [INFO] pipeline.cvm: Baixando: https://dados.cvm.gov.br/dados/CIA_ABERTA/DOC/DFP/DADOS/dfp_cia_aberta_2024.zip
2026-04-28 00:53:44,775 [INFO] pipeline.cvm:   DFP bpa 2024: 132 linhas
2026-04-28 00:53:44,776 [INFO] pipeline.cvm: Baixando: https://dados.cvm.gov.br/dados/CIA_ABERTA/DOC/DFP/DADOS/dfp_cia_aberta_2024.zip
2026-04-28 00:53:49,875 [INFO] pipeline.cvm:   DFP bpp 2024: 228 linhas
2026-04-28 00:53:49,875 [INFO] pipeline.cvm: Baixando: https://dados.cvm.gov.br/dados/CIA_ABERTA/DOC/DFP/DADOS/dfp_cia_aberta_2024.zip
2026-04-28 00:53:53,689 [INFO] pipeline.cvm:   DFP dfc_mi 2024: 120 linhas
2026-04-28 00:53:53,689 [INFO] pipeline.cvm: Baixando: https://dados.cvm.gov.br/dados/CIA_ABERTA/DOC/DFP/DADOS/dfp_cia_aberta_2024.zip
2026-04-28 00:53:55,836 [WARNING] pipeline.cvm:   Empresa 22055 não encontrada em dfc_md 2024
2026-04-28 00:53:55,837 [INFO] pipeline.cvm: 
==================================================
2026-04-28 00:53:55,837 [INFO] pipeline.cvm: Baixando DFP 2025...
2026-04-28 00:53:55,837 [INFO] pipeline.cvm: Baixando: https://dados.cvm.gov.br/dados/CIA_ABERTA/DOC/DFP/DADOS/dfp_cia_aberta_2025.zip
2026-04-28 00:53:58,679 [INFO] pipeline.cvm:   DFP dre 2025: 62 linhas
2026-04-28 00:53:58,679 [INFO] pipeline.cvm: Baixando: https://dados.cvm.gov.br/dados/CIA_ABERTA/DOC/DFP/DADOS/dfp_cia_aberta_2025.zip
2026-04-28 00:54:02,145 [INFO] pipeline.cvm:   DFP bpa 2025: 132 linhas
2026-04-28 00:54:02,145 [INFO] pipeline.cvm: Baixando: https://dados.cvm.gov.br/dados/CIA_ABERTA/DOC/DFP/DADOS/dfp_cia_aberta_2025.zip
2026-04-28 00:54:07,540 [INFO] pipeline.cvm:   DFP bpp 2025: 230 linhas
2026-04-28 00:54:07,540 [INFO] pipeline.cvm: Baixando: https://dados.cvm.gov.br/dados/CIA_ABERTA/DOC/DFP/DADOS/dfp_cia_aberta_2025.zip
2026-04-28 00:54:11,242 [INFO] pipeline.cvm:   DFP dfc_mi 2025: 120 linhas
2026-04-28 00:54:11,242 [INFO] pipeline.cvm: Baixando: https://dados.cvm.gov.br/dados/CIA_ABERTA/DOC/DFP/DADOS/dfp_cia_aberta_2025.zip
2026-04-28 00:54:13,604 [WARNING] pipeline.cvm:   Empresa 22055 não encontrada em dfc_md 2025
2026-04-28 00:54:13,605 [INFO] pipeline:   Anos ajustados → Histórico: 2019-2025 | Projeção: 2026-2035
2026-04-28 00:54:13,605 [INFO] pipeline: 
[4/6] Normalizando dados...
2026-04-28 00:54:15,244 [INFO] pipeline:   DFC normalizada: 11 linhas
2026-04-28 00:54:15,247 [INFO] pipeline:   DRE normalizada:
2026-04-28 00:54:15,247 [INFO] pipeline:     receita_liquida: 2019: 2,882 | 2020: 2,139 | 2021: 2,525 | 2022: 2,750 | 2023: 1,646 | 2024: 1,392 | 2025: 1,483
2026-04-28 00:54:15,247 [INFO] pipeline:     ebit: 2019: 67 | 2020: -293 | 2021: 5 | 2022: -241 | 2023: -289 | 2024: -44 | 2025: 197
2026-04-28 00:54:15,247 [INFO] pipeline:     lucro_liquido: 2019: -112 | 2020: -864 | 2021: -72 | 2022: -519 | 2023: -521 | 2024: -316 | 2025: -60
2026-04-28 00:54:15,248 [INFO] pipeline: 
[5/6] Calculando projeções...
2026-04-28 00:54:15,248 [INFO] pipeline.projecoes: 
=== Projeções (não-financeira / FCFF) ===
2026-04-28 00:54:15,249 [INFO] pipeline.projecoes:   Margem EBITDA: 16.6% → 5.0% (conv 6a)
2026-04-28 00:54:15,250 [INFO] pipeline.projecoes:   D&A/Receita: 3.3%
2026-04-28 00:54:15,251 [INFO] pipeline.projecoes:   CAPEX/Receita: 2.8% → 4.0%
2026-04-28 00:54:15,252 [INFO] pipeline.projecoes:   NCG/Receita: 11.0% → 10.0%
2026-04-28 00:54:15,254 [INFO] pipeline.projecoes:   Alíquota efetiva: 19.0%
2026-04-28 00:54:15,254 [INFO] pipeline.projecoes: Projeções concluídas (FCFF). Resumo:
2026-04-28 00:54:15,254 [INFO] pipeline.projecoes:    Ano      Receita     EBITDA    Mg%      NOPAT       FCFF
2026-04-28 00:54:15,254 [INFO] pipeline.projecoes:   2026        1,593        234  14.7%        147        -25
2026-04-28 00:54:15,254 [INFO] pipeline.projecoes:   2027        1,702        217  12.7%        131        122
2026-04-28 00:54:15,255 [INFO] pipeline.projecoes:   2028        1,808        195  10.8%        110         98
2026-04-28 00:54:15,255 [INFO] pipeline.projecoes:   2029        1,911        170   8.9%         87         71
2026-04-28 00:54:15,255 [INFO] pipeline.projecoes:   2030        2,008        139   6.9%         60         39
2026-04-28 00:54:15,255 [INFO] pipeline.valuation:   Estrutura de capital: E=37% | D=63%
2026-04-28 00:54:15,255 [INFO] pipeline: 
[6/6] Calculando valuation (FCFF / WACC)...
2026-04-28 00:54:15,255 [INFO] pipeline.valuation: 
==================================================
2026-04-28 00:54:15,255 [INFO] pipeline.valuation: VALUATION FCFF/WACC — AMAR3
2026-04-28 00:54:15,255 [INFO] pipeline.valuation:   VP FCFF (10a):     R$          225 MM
2026-04-28 00:54:15,255 [INFO] pipeline.valuation:   Valor Perp. (VP):  R$           29 MM
2026-04-28 00:54:15,256 [INFO] pipeline.valuation:   ENTERPRISE VALUE:  R$          254 MM
2026-04-28 00:54:15,256 [INFO] pipeline.valuation:   (-) Dívida Líq.:   R$          758 MM
2026-04-28 00:54:15,256 [INFO] pipeline.valuation:   VALOR DO EQUITY:   R$         -503 MM
2026-04-28 00:54:15,256 [INFO] pipeline.valuation:   Preço Justo ON:    R$    -0.98
2026-04-28 00:54:15,256 [INFO] pipeline.valuation:   Preço Justo PN:    R$    -0.98
2026-04-28 00:54:15,256 [INFO] pipeline.valuation:   Cotação ON:        R$     0.87
2026-04-28 00:54:15,256 [INFO] pipeline.valuation:   Upside ON:             -212.6%
2026-04-28 00:54:15,256 [INFO] pipeline.valuation:   TIR (ON):                 7.2%
2026-04-28 00:54:15,256 [INFO] pipeline.valuation:   WACC último ano:         12.0%
2026-04-28 00:54:15,256 [WARNING] pipeline: 
[!] AVISOS DE VALIDACAO:
2026-04-28 00:54:15,256 [WARNING] pipeline:   - Valor do Equity negativo ou zero: R$ -503 MM
2026-04-28 00:54:15,256 [WARNING] pipeline:   - Preço Justo ON inválido (≤ 0)
2026-04-28 00:54:15,257 [INFO] pipeline:   Sem template VAROS para AMAR3 — Excel será criado do zero
2026-04-28 00:54:15,258 [INFO] pipeline.excel_geral: 
============================================================
2026-04-28 00:54:15,258 [INFO] pipeline.excel_geral: Criando Excel completo (12 abas) para: Marisa Lojas (AMAR3)
2026-04-28 00:54:15,259 [INFO] pipeline.excel_geral:   → 1/12  Dashboard
2026-04-28 00:54:15,268 [INFO] pipeline.excel_geral:   → 2/12  WACC
2026-04-28 00:54:15,302 [INFO] pipeline.excel_geral:   → 3/12  TIR ON
2026-04-28 00:54:15,311 [INFO] pipeline.excel_geral:   → 4/12  TIR PN
2026-04-28 00:54:15,320 [INFO] pipeline.excel_geral:   → 5/12  Valor do Equity
2026-04-28 00:54:15,325 [INFO] pipeline.excel_geral:   → 6/12  Preço Teto
2026-04-28 00:54:15,330 [INFO] pipeline.excel_geral:   → 7/12  DRE + DCF
2026-04-28 00:54:15,431 [INFO] pipeline.excel_geral:   → 8/12  DRE Contas Abertas
2026-04-28 00:54:15,482 [INFO] pipeline.excel_geral:   → 9/12  Balanço Patrimonial
2026-04-28 00:54:15,523 [INFO] pipeline.excel_geral:   → 10/12 Painel de Índices
2026-04-28 00:54:15,583 [INFO] pipeline.excel_geral:   → 11/12 Projeções Premissas
2026-04-28 00:54:15,604 [INFO] pipeline.excel_geral:   → 12/12 Projeções Capex e CG
2026-04-28 00:54:15,693 [INFO] pipeline.excel_geral: 
Arquivo salvo: C:\Users\55819\OneDrive - EPEJUD\DIEGO\OBSIDIAN\Analista de Investimentos\12_PYTHON\pipeline banco completo\outputs\Valuation_AMAR3_Marisa Lojas_20260428.xlsx
2026-04-28 00:54:15,694 [INFO] pipeline: 
======================================================================
2026-04-28 00:54:15,694 [INFO] pipeline: RESUMO DO VALUATION (FCFF/WACC)
2026-04-28 00:54:15,694 [INFO] pipeline: ======================================================================
2026-04-28 00:54:15,694 [INFO] pipeline:   Empresa:           Marisa Lojas (AMAR3)
2026-04-28 00:54:15,694 [INFO] pipeline:   Enterprise Value:  R$          254 MM
2026-04-28 00:54:15,694 [INFO] pipeline:   Cotação ON:        R$ 0.87
2026-04-28 00:54:15,694 [INFO] pipeline:   Preço Justo ON:    R$ -0.98
2026-04-28 00:54:15,694 [INFO] pipeline:   Upside ON:            -212.6%
2026-04-28 00:54:15,694 [INFO] pipeline:   TIR:                  7.2%
2026-04-28 00:54:15,694 [INFO] pipeline:   Preço Teto ON:     R$ -0.98
2026-04-28 00:54:15,694 [INFO] pipeline: 
  [!] 2 aviso(s) de validacao — verifique os logs
2026-04-28 00:54:15,694 [INFO] pipeline: 
  Arquivo gerado:    C:\Users\55819\OneDrive - EPEJUD\DIEGO\OBSIDIAN\Analista de Investimentos\12_PYTHON\pipeline banco completo\outputs\Valuation_AMAR3_Marisa Lojas_20260428.xlsx
2026-04-28 00:54:15,694 [INFO] pipeline: ======================================================================
2026-04-28 00:54:15,697 [INFO] pipeline: ✓ AMAR3: arquivo gerado → C:\Users\55819\OneDrive - EPEJUD\DIEGO\OBSIDIAN\Analista de Investimentos\12_PYTHON\pipeline banco completo\outputs\Valuation_AMAR3_Marisa Lojas_20260428.xlsx
2026-04-28 00:54:15,697 [INFO] pipeline: 
======================================================================
2026-04-28 00:54:15,697 [INFO] pipeline: RESUMO DO BATCH
2026-04-28 00:54:15,697 [INFO] pipeline: ======================================================================
2026-04-28 00:54:15,697 [INFO] pipeline:   Total:     12
2026-04-28 00:54:15,697 [INFO] pipeline:   Sucesso:   12
2026-04-28 00:54:15,698 [INFO] pipeline:   Erros:     0
2026-04-28 00:54:15,698 [INFO] pipeline: 
2026-04-28 00:54:15,698 [INFO] pipeline:   Ticker       Cotação ON  Preço Justo ON   Upside      TIR
2026-04-28 00:54:15,698 [INFO] pipeline:   ────────── ──────────── ─────────────── ──────── ────────
2026-04-28 00:54:15,698 [INFO] pipeline:   LREN3        R$   13.97     R$   37.62      169.3%      24.0%
2026-04-28 00:54:15,698 [INFO] pipeline:   MGLU3        R$    8.53     R$   -5.49     -164.4%       6.0%
2026-04-28 00:54:15,698 [INFO] pipeline:   BHIA3        R$    2.70     R$    1.68      -37.8%      20.6%
2026-04-28 00:54:15,698 [INFO] pipeline:   ASAI3        R$    9.58     R$   -1.01     -110.5%       6.8%
2026-04-28 00:54:15,699 [INFO] pipeline:   PCAR3        R$    2.34     R$   -3.42     -246.2%       9.8%
2026-04-28 00:54:15,699 [INFO] pipeline:   VIVA3        R$   25.46     R$47869.16     187917.1%     150.0%
2026-04-28 00:54:15,699 [INFO] pipeline:   SBFG3        R$   11.55     R$   39.04      238.0%      32.2%
2026-04-28 00:54:15,699 [INFO] pipeline:   NTCO3        R$    0.00     R$    0.00        0.0%       0.0%
2026-04-28 00:54:15,699 [INFO] pipeline:   CEAB3        R$   11.20     R$   25.75      129.9%      24.8%
2026-04-28 00:54:15,699 [INFO] pipeline:   PETZ3        R$    0.00     R$    0.00        0.0%       0.0%
2026-04-28 00:54:15,699 [INFO] pipeline:   AZZA3        R$   21.90     R$  101.22      362.2%      30.9%
2026-04-28 00:54:15,699 [INFO] pipeline:   AMAR3        R$    0.87     R$   -0.98     -212.6%       7.2%
2026-04-28 00:54:15,699 [INFO] pipeline: ======================================================================
