2026-05-04 11:45:12,905 [INFO] pipeline: ======================================================================
2026-05-04 11:45:12,906 [INFO] pipeline: AUDITORIA CVM/B3 — 63 ticker(s): BBDC4, BBAS3, ITUB4, SANB11, BPAC11, BRSR6, ABCB4, ELET3, EGIE3, TAEE11, TRPL4, AESB3, ALUP11, CLSC4, ENBR3, WEGE3, TUPY3, TASA4, AERI3, KEPL3, SUZB3, KLBN11, RANI3, RAIL3, JSLG3, SIMH3, SEQL3, TGMA3, EVEN3, MDNE3, PLPL3, MELK3, LAVV3, LREN3, MGLU3, BHIA3, ASAI3, PCAR3, VIVA3, SBFG3, NATU3, CEAB3, AUAU3, AZZA3, AMAR3, AGRO3, SOJA3, SAPR11, SBSP3, VIVT3, BRIT3, FIQE3, FLRY3, RADL3, HYPE3, RENT3, MOVI3, VAMO3, PETR4, PRIO3, RECV3, RRRP3, LVTC3
2026-05-04 11:45:12,906 [INFO] pipeline: ======================================================================
2026-05-04 11:45:12,906 [INFO] pipeline: 
Auditorando BBDC4...
2026-05-04 11:45:13,177 [INFO] pipeline.cvm:   DFP dre 2020: 82 linhas
2026-05-04 11:45:13,605 [INFO] pipeline.cvm:   DFP bpa 2020: 82 linhas
2026-05-04 11:45:14,345 [INFO] pipeline.cvm:   DFP bpp 2020: 96 linhas
2026-05-04 11:45:14,775 [INFO] pipeline.cvm:   DFP dfc_mi 2020: 94 linhas
2026-05-04 11:45:14,804 [WARNING] pipeline.cvm:   Empresa 906 não encontrada em dfc_md 2020
2026-05-04 11:45:15,156 [INFO] pipeline.cvm:   DFP dre 2020: 80 linhas
2026-05-04 11:45:15,950 [INFO] pipeline.cvm:   DFP bpa 2020: 84 linhas
2026-05-04 11:45:17,113 [INFO] pipeline.cvm:   DFP bpp 2020: 90 linhas
2026-05-04 11:45:17,601 [INFO] pipeline.cvm:   DFP dfc_mi 2020: 86 linhas
2026-05-04 11:45:17,648 [WARNING] pipeline.cvm:   Empresa 906 não encontrada em dfc_md 2020
2026-05-04 11:45:17,859 [INFO] pipeline.cvm:   DFP dre 2021: 82 linhas
2026-05-04 11:45:18,312 [INFO] pipeline.cvm:   DFP bpa 2021: 82 linhas
2026-05-04 11:45:19,329 [INFO] pipeline.cvm:   DFP bpp 2021: 86 linhas
2026-05-04 11:45:19,720 [WARNING] pipeline.cvm:   Empresa 906 não encontrada em dfc_mi 2021
2026-05-04 11:45:19,756 [INFO] pipeline.cvm:   DFP dfc_md 2021: 64 linhas
2026-05-04 11:45:20,087 [INFO] pipeline.cvm:   DFP dre 2021: 80 linhas
2026-05-04 11:45:20,888 [INFO] pipeline.cvm:   DFP bpa 2021: 84 linhas
2026-05-04 11:45:22,111 [INFO] pipeline.cvm:   DFP bpp 2021: 90 linhas
2026-05-04 11:45:22,729 [INFO] pipeline.cvm:   DFP dfc_mi 2021: 88 linhas
2026-05-04 11:45:22,781 [WARNING] pipeline.cvm:   Empresa 906 não encontrada em dfc_md 2021
2026-05-04 11:45:23,027 [INFO] pipeline.cvm:   DFP dre 2022: 82 linhas
2026-05-04 11:45:23,582 [INFO] pipeline.cvm:   DFP bpa 2022: 82 linhas
2026-05-04 11:45:24,457 [INFO] pipeline.cvm:   DFP bpp 2022: 86 linhas
2026-05-04 11:45:24,843 [INFO] pipeline.cvm:   DFP dfc_mi 2022: 96 linhas
2026-05-04 11:45:24,878 [WARNING] pipeline.cvm:   Empresa 906 não encontrada em dfc_md 2022
2026-05-04 11:45:25,259 [INFO] pipeline.cvm:   DFP dre 2022: 82 linhas
2026-05-04 11:45:26,343 [INFO] pipeline.cvm:   DFP bpa 2022: 84 linhas
2026-05-04 11:45:27,753 [INFO] pipeline.cvm:   DFP bpp 2022: 90 linhas
2026-05-04 11:45:28,850 [INFO] pipeline.cvm:   DFP dfc_mi 2022: 88 linhas
2026-05-04 11:45:28,972 [WARNING] pipeline.cvm:   Empresa 906 não encontrada em dfc_md 2022
2026-05-04 11:45:29,380 [INFO] pipeline.cvm:   DFP dre 2023: 82 linhas
2026-05-04 11:45:30,094 [INFO] pipeline.cvm:   DFP bpa 2023: 82 linhas
2026-05-04 11:45:31,362 [INFO] pipeline.cvm:   DFP bpp 2023: 86 linhas
2026-05-04 11:45:32,038 [INFO] pipeline.cvm:   DFP dfc_mi 2023: 96 linhas
2026-05-04 11:45:32,086 [WARNING] pipeline.cvm:   Empresa 906 não encontrada em dfc_md 2023
2026-05-04 11:45:32,632 [INFO] pipeline.cvm:   DFP dre 2023: 82 linhas
2026-05-04 11:45:33,803 [INFO] pipeline.cvm:   DFP bpa 2023: 84 linhas
2026-05-04 11:45:35,854 [INFO] pipeline.cvm:   DFP bpp 2023: 90 linhas
2026-05-04 11:45:36,481 [INFO] pipeline.cvm:   DFP dfc_mi 2023: 88 linhas
2026-05-04 11:45:36,550 [WARNING] pipeline.cvm:   Empresa 906 não encontrada em dfc_md 2023
2026-05-04 11:45:36,978 [INFO] pipeline.cvm:   DFP dre 2024: 82 linhas
2026-05-04 11:45:37,476 [INFO] pipeline.cvm:   DFP bpa 2024: 82 linhas
2026-05-04 11:45:38,257 [INFO] pipeline.cvm:   DFP bpp 2024: 86 linhas
2026-05-04 11:45:38,636 [INFO] pipeline.cvm:   DFP dfc_mi 2024: 96 linhas
2026-05-04 11:45:38,665 [WARNING] pipeline.cvm:   Empresa 906 não encontrada em dfc_md 2024
2026-05-04 11:45:38,976 [INFO] pipeline.cvm:   DFP dre 2024: 82 linhas
2026-05-04 11:45:39,571 [INFO] pipeline.cvm:   DFP bpa 2024: 84 linhas
2026-05-04 11:45:40,669 [INFO] pipeline.cvm:   DFP bpp 2024: 90 linhas
2026-05-04 11:45:41,203 [INFO] pipeline.cvm:   DFP dfc_mi 2024: 88 linhas
2026-05-04 11:45:41,249 [WARNING] pipeline.cvm:   Empresa 906 não encontrada em dfc_md 2024
2026-05-04 11:45:41,459 [INFO] pipeline.cvm:   DFP dre 2025: 82 linhas
2026-05-04 11:45:41,839 [INFO] pipeline.cvm:   DFP bpa 2025: 82 linhas
2026-05-04 11:45:42,541 [INFO] pipeline.cvm:   DFP bpp 2025: 86 linhas
2026-05-04 11:45:42,894 [INFO] pipeline.cvm:   DFP dfc_mi 2025: 96 linhas
2026-05-04 11:45:42,920 [WARNING] pipeline.cvm:   Empresa 906 não encontrada em dfc_md 2025
2026-05-04 11:45:43,198 [INFO] pipeline.cvm:   DFP dre 2025: 80 linhas
2026-05-04 11:45:43,735 [INFO] pipeline.cvm:   DFP bpa 2025: 86 linhas
2026-05-04 11:45:44,690 [INFO] pipeline.cvm:   DFP bpp 2025: 90 linhas
2026-05-04 11:45:45,169 [INFO] pipeline.cvm:   DFP dfc_mi 2025: 90 linhas
2026-05-04 11:45:45,208 [WARNING] pipeline.cvm:   Empresa 906 não encontrada em dfc_md 2025
2026-05-04 11:45:47,528 [INFO] pipeline:   BBDC4: score=100/100 | critical=0 | warnings=0
2026-05-04 11:45:47,529 [INFO] pipeline:   Relatorio: C:\Users\55819\OneDrive - EPEJUD\DIEGO\OBSIDIAN\Analista de Investimentos\12_PYTHON\pipeline banco completo\outputs\data_quality\audit_BBDC4_20260504.md
2026-05-04 11:45:47,529 [INFO] pipeline: 
Auditorando BBAS3...
2026-05-04 11:45:47,737 [INFO] pipeline.cvm:   DFP dre 2020: 74 linhas
2026-05-04 11:45:48,113 [INFO] pipeline.cvm:   DFP bpa 2020: 82 linhas
2026-05-04 11:45:48,978 [INFO] pipeline.cvm:   DFP bpp 2020: 84 linhas
2026-05-04 11:45:49,326 [INFO] pipeline.cvm:   DFP dfc_mi 2020: 106 linhas
2026-05-04 11:45:49,350 [WARNING] pipeline.cvm:   Empresa 1023 não encontrada em dfc_md 2020
2026-05-04 11:45:49,653 [INFO] pipeline.cvm:   DFP dre 2020: 80 linhas
2026-05-04 11:45:50,231 [INFO] pipeline.cvm:   DFP bpa 2020: 84 linhas
2026-05-04 11:45:51,248 [INFO] pipeline.cvm:   DFP bpp 2020: 94 linhas
2026-05-04 11:45:51,707 [INFO] pipeline.cvm:   DFP dfc_mi 2020: 82 linhas
2026-05-04 11:45:51,747 [WARNING] pipeline.cvm:   Empresa 1023 não encontrada em dfc_md 2020
2026-05-04 11:45:51,961 [INFO] pipeline.cvm:   DFP dre 2021: 74 linhas
2026-05-04 11:45:52,333 [INFO] pipeline.cvm:   DFP bpa 2021: 82 linhas
2026-05-04 11:45:53,040 [INFO] pipeline.cvm:   DFP bpp 2021: 84 linhas
2026-05-04 11:45:53,413 [INFO] pipeline.cvm:   DFP dfc_mi 2021: 106 linhas
2026-05-04 11:45:53,444 [WARNING] pipeline.cvm:   Empresa 1023 não encontrada em dfc_md 2021
2026-05-04 11:45:53,754 [INFO] pipeline.cvm:   DFP dre 2021: 82 linhas
2026-05-04 11:45:54,373 [INFO] pipeline.cvm:   DFP bpa 2021: 92 linhas
2026-05-04 11:45:55,534 [INFO] pipeline.cvm:   DFP bpp 2021: 94 linhas
2026-05-04 11:45:56,116 [INFO] pipeline.cvm:   DFP dfc_mi 2021: 80 linhas
2026-05-04 11:45:56,160 [WARNING] pipeline.cvm:   Empresa 1023 não encontrada em dfc_md 2021
2026-05-04 11:45:56,392 [INFO] pipeline.cvm:   DFP dre 2022: 74 linhas
2026-05-04 11:45:56,784 [INFO] pipeline.cvm:   DFP bpa 2022: 82 linhas
2026-05-04 11:45:57,479 [INFO] pipeline.cvm:   DFP bpp 2022: 84 linhas
2026-05-04 11:45:57,846 [INFO] pipeline.cvm:   DFP dfc_mi 2022: 108 linhas
2026-05-04 11:45:57,880 [WARNING] pipeline.cvm:   Empresa 1023 não encontrada em dfc_md 2022
2026-05-04 11:45:58,195 [INFO] pipeline.cvm:   DFP dre 2022: 82 linhas
2026-05-04 11:45:58,832 [INFO] pipeline.cvm:   DFP bpa 2022: 96 linhas
2026-05-04 11:46:00,000 [INFO] pipeline.cvm:   DFP bpp 2022: 94 linhas
2026-05-04 11:46:00,514 [INFO] pipeline.cvm:   DFP dfc_mi 2022: 82 linhas
2026-05-04 11:46:00,564 [WARNING] pipeline.cvm:   Empresa 1023 não encontrada em dfc_md 2022
2026-05-04 11:46:00,789 [INFO] pipeline.cvm:   DFP dre 2023: 74 linhas
2026-05-04 11:46:01,179 [INFO] pipeline.cvm:   DFP bpa 2023: 82 linhas
2026-05-04 11:46:01,871 [INFO] pipeline.cvm:   DFP bpp 2023: 84 linhas
2026-05-04 11:46:02,265 [INFO] pipeline.cvm:   DFP dfc_mi 2023: 108 linhas
2026-05-04 11:46:02,299 [WARNING] pipeline.cvm:   Empresa 1023 não encontrada em dfc_md 2023
2026-05-04 11:46:02,617 [INFO] pipeline.cvm:   DFP dre 2023: 82 linhas
2026-05-04 11:46:03,224 [INFO] pipeline.cvm:   DFP bpa 2023: 96 linhas
2026-05-04 11:46:04,263 [INFO] pipeline.cvm:   DFP bpp 2023: 94 linhas
2026-05-04 11:46:04,750 [INFO] pipeline.cvm:   DFP dfc_mi 2023: 84 linhas
2026-05-04 11:46:04,799 [WARNING] pipeline.cvm:   Empresa 1023 não encontrada em dfc_md 2023
2026-05-04 11:46:05,009 [INFO] pipeline.cvm:   DFP dre 2024: 74 linhas
2026-05-04 11:46:05,382 [INFO] pipeline.cvm:   DFP bpa 2024: 82 linhas
2026-05-04 11:46:06,031 [INFO] pipeline.cvm:   DFP bpp 2024: 82 linhas
2026-05-04 11:46:06,402 [INFO] pipeline.cvm:   DFP dfc_mi 2024: 108 linhas
2026-05-04 11:46:06,432 [WARNING] pipeline.cvm:   Empresa 1023 não encontrada em dfc_md 2024
2026-05-04 11:46:06,752 [INFO] pipeline.cvm:   DFP dre 2024: 82 linhas
2026-05-04 11:46:07,360 [INFO] pipeline.cvm:   DFP bpa 2024: 96 linhas
2026-05-04 11:46:08,322 [INFO] pipeline.cvm:   DFP bpp 2024: 94 linhas
2026-05-04 11:46:08,805 [INFO] pipeline.cvm:   DFP dfc_mi 2024: 84 linhas
2026-05-04 11:46:08,845 [WARNING] pipeline.cvm:   Empresa 1023 não encontrada em dfc_md 2024
2026-05-04 11:46:09,034 [INFO] pipeline.cvm:   DFP dre 2025: 70 linhas
2026-05-04 11:46:09,368 [INFO] pipeline.cvm:   DFP bpa 2025: 82 linhas
2026-05-04 11:46:09,948 [INFO] pipeline.cvm:   DFP bpp 2025: 84 linhas
2026-05-04 11:46:10,273 [INFO] pipeline.cvm:   DFP dfc_mi 2025: 108 linhas
2026-05-04 11:46:10,292 [WARNING] pipeline.cvm:   Empresa 1023 não encontrada em dfc_md 2025
2026-05-04 11:46:10,553 [INFO] pipeline.cvm:   DFP dre 2025: 82 linhas
2026-05-04 11:46:11,054 [INFO] pipeline.cvm:   DFP bpa 2025: 96 linhas
2026-05-04 11:46:11,928 [INFO] pipeline.cvm:   DFP bpp 2025: 94 linhas
2026-05-04 11:46:12,370 [INFO] pipeline.cvm:   DFP dfc_mi 2025: 86 linhas
2026-05-04 11:46:12,400 [WARNING] pipeline.cvm:   Empresa 1023 não encontrada em dfc_md 2025
2026-05-04 11:46:13,636 [INFO] pipeline:   BBAS3: score=82/100 | critical=1 | warnings=0
2026-05-04 11:46:13,636 [INFO] pipeline:   Relatorio: C:\Users\55819\OneDrive - EPEJUD\DIEGO\OBSIDIAN\Analista de Investimentos\12_PYTHON\pipeline banco completo\outputs\data_quality\audit_BBAS3_20260504.md
2026-05-04 11:46:13,637 [INFO] pipeline: 
Auditorando ITUB4...
2026-05-04 11:46:13,871 [INFO] pipeline.cvm:   DFP dre 2020: 84 linhas
2026-05-04 11:46:14,284 [INFO] pipeline.cvm:   DFP bpa 2020: 76 linhas
2026-05-04 11:46:14,987 [INFO] pipeline.cvm:   DFP bpp 2020: 106 linhas
2026-05-04 11:46:15,373 [INFO] pipeline.cvm:   DFP dfc_mi 2020: 132 linhas
2026-05-04 11:46:15,393 [WARNING] pipeline.cvm:   Empresa 19348 não encontrada em dfc_md 2020
2026-05-04 11:46:15,695 [INFO] pipeline.cvm:   DFP dre 2020: 52 linhas
2026-05-04 11:46:16,270 [INFO] pipeline.cvm:   DFP bpa 2020: 98 linhas
2026-05-04 11:46:17,238 [INFO] pipeline.cvm:   DFP bpp 2020: 114 linhas
2026-05-04 11:46:17,678 [INFO] pipeline.cvm:   DFP dfc_mi 2020: 70 linhas
2026-05-04 11:46:17,715 [WARNING] pipeline.cvm:   Empresa 19348 não encontrada em dfc_md 2020
2026-05-04 11:46:17,919 [INFO] pipeline.cvm:   DFP dre 2021: 84 linhas
2026-05-04 11:46:18,279 [INFO] pipeline.cvm:   DFP bpa 2021: 80 linhas
2026-05-04 11:46:18,907 [INFO] pipeline.cvm:   DFP bpp 2021: 106 linhas
2026-05-04 11:46:19,248 [INFO] pipeline.cvm:   DFP dfc_mi 2021: 134 linhas
2026-05-04 11:46:19,273 [WARNING] pipeline.cvm:   Empresa 19348 não encontrada em dfc_md 2021
2026-05-04 11:46:19,581 [INFO] pipeline.cvm:   DFP dre 2021: 58 linhas
2026-05-04 11:46:20,178 [INFO] pipeline.cvm:   DFP bpa 2021: 100 linhas
2026-05-04 11:46:21,282 [INFO] pipeline.cvm:   DFP bpp 2021: 114 linhas
2026-05-04 11:46:21,738 [INFO] pipeline.cvm:   DFP dfc_mi 2021: 70 linhas
2026-05-04 11:46:21,776 [WARNING] pipeline.cvm:   Empresa 19348 não encontrada em dfc_md 2021
2026-05-04 11:46:21,990 [INFO] pipeline.cvm:   DFP dre 2022: 82 linhas
2026-05-04 11:46:22,369 [INFO] pipeline.cvm:   DFP bpa 2022: 80 linhas
2026-05-04 11:46:23,035 [INFO] pipeline.cvm:   DFP bpp 2022: 106 linhas
2026-05-04 11:46:23,385 [INFO] pipeline.cvm:   DFP dfc_mi 2022: 144 linhas
2026-05-04 11:46:23,413 [WARNING] pipeline.cvm:   Empresa 19348 não encontrada em dfc_md 2022
2026-05-04 11:46:23,721 [INFO] pipeline.cvm:   DFP dre 2022: 60 linhas
2026-05-04 11:46:24,290 [INFO] pipeline.cvm:   DFP bpa 2022: 124 linhas
2026-05-04 11:46:25,300 [INFO] pipeline.cvm:   DFP bpp 2022: 126 linhas
2026-05-04 11:46:25,773 [INFO] pipeline.cvm:   DFP dfc_mi 2022: 78 linhas
2026-05-04 11:46:25,817 [WARNING] pipeline.cvm:   Empresa 19348 não encontrada em dfc_md 2022
2026-05-04 11:46:26,036 [INFO] pipeline.cvm:   DFP dre 2023: 82 linhas
2026-05-04 11:46:26,425 [INFO] pipeline.cvm:   DFP bpa 2023: 82 linhas
2026-05-04 11:46:27,100 [INFO] pipeline.cvm:   DFP bpp 2023: 106 linhas
2026-05-04 11:46:27,478 [INFO] pipeline.cvm:   DFP dfc_mi 2023: 146 linhas
2026-05-04 11:46:27,504 [WARNING] pipeline.cvm:   Empresa 19348 não encontrada em dfc_md 2023
2026-05-04 11:46:27,816 [INFO] pipeline.cvm:   DFP dre 2023: 60 linhas
2026-05-04 11:46:28,406 [INFO] pipeline.cvm:   DFP bpa 2023: 126 linhas
2026-05-04 11:46:29,465 [INFO] pipeline.cvm:   DFP bpp 2023: 138 linhas
2026-05-04 11:46:29,946 [INFO] pipeline.cvm:   DFP dfc_mi 2023: 94 linhas
2026-05-04 11:46:29,990 [WARNING] pipeline.cvm:   Empresa 19348 não encontrada em dfc_md 2023
2026-05-04 11:46:30,197 [INFO] pipeline.cvm:   DFP dre 2024: 82 linhas
2026-05-04 11:46:30,570 [INFO] pipeline.cvm:   DFP bpa 2024: 82 linhas
2026-05-04 11:46:31,226 [INFO] pipeline.cvm:   DFP bpp 2024: 106 linhas
2026-05-04 11:46:31,582 [INFO] pipeline.cvm:   DFP dfc_mi 2024: 146 linhas
2026-05-04 11:46:31,607 [WARNING] pipeline.cvm:   Empresa 19348 não encontrada em dfc_md 2024
2026-05-04 11:46:31,900 [INFO] pipeline.cvm:   DFP dre 2024: 60 linhas
2026-05-04 11:46:32,473 [INFO] pipeline.cvm:   DFP bpa 2024: 132 linhas
2026-05-04 11:46:33,527 [INFO] pipeline.cvm:   DFP bpp 2024: 138 linhas
2026-05-04 11:46:34,034 [INFO] pipeline.cvm:   DFP dfc_mi 2024: 94 linhas
2026-05-04 11:46:34,074 [WARNING] pipeline.cvm:   Empresa 19348 não encontrada em dfc_md 2024
2026-05-04 11:46:34,264 [INFO] pipeline.cvm:   DFP dre 2025: 80 linhas
2026-05-04 11:46:34,612 [INFO] pipeline.cvm:   DFP bpa 2025: 82 linhas
2026-05-04 11:46:35,269 [INFO] pipeline.cvm:   DFP bpp 2025: 106 linhas
2026-05-04 11:46:35,614 [INFO] pipeline.cvm:   DFP dfc_mi 2025: 146 linhas
2026-05-04 11:46:35,636 [WARNING] pipeline.cvm:   Empresa 19348 não encontrada em dfc_md 2025
2026-05-04 11:46:35,899 [INFO] pipeline.cvm:   DFP dre 2025: 64 linhas
2026-05-04 11:46:36,412 [INFO] pipeline.cvm:   DFP bpa 2025: 134 linhas
2026-05-04 11:46:37,305 [INFO] pipeline.cvm:   DFP bpp 2025: 142 linhas
2026-05-04 11:46:37,761 [INFO] pipeline.cvm:   DFP dfc_mi 2025: 100 linhas
2026-05-04 11:46:37,796 [WARNING] pipeline.cvm:   Empresa 19348 não encontrada em dfc_md 2025
2026-05-04 11:46:39,153 [INFO] pipeline:   ITUB4: score=82/100 | critical=1 | warnings=0
2026-05-04 11:46:39,153 [INFO] pipeline:   Relatorio: C:\Users\55819\OneDrive - EPEJUD\DIEGO\OBSIDIAN\Analista de Investimentos\12_PYTHON\pipeline banco completo\outputs\data_quality\audit_ITUB4_20260504.md
2026-05-04 11:46:39,153 [INFO] pipeline: 
Auditorando SANB11...
2026-05-04 11:46:39,350 [INFO] pipeline.cvm:   DFP dre 2020: 92 linhas
2026-05-04 11:46:39,683 [INFO] pipeline.cvm:   DFP bpa 2020: 86 linhas
2026-05-04 11:46:40,294 [INFO] pipeline.cvm:   DFP bpp 2020: 76 linhas
2026-05-04 11:46:40,604 [INFO] pipeline.cvm:   DFP dfc_mi 2020: 100 linhas
2026-05-04 11:46:40,624 [WARNING] pipeline.cvm:   Empresa 20532 não encontrada em dfc_md 2020
2026-05-04 11:46:40,918 [INFO] pipeline.cvm:   DFP dre 2020: 88 linhas
2026-05-04 11:46:41,676 [INFO] pipeline.cvm:   DFP bpa 2020: 114 linhas
2026-05-04 11:46:42,714 [INFO] pipeline.cvm:   DFP bpp 2020: 138 linhas
2026-05-04 11:46:43,162 [INFO] pipeline.cvm:   DFP dfc_mi 2020: 92 linhas
2026-05-04 11:46:43,195 [WARNING] pipeline.cvm:   Empresa 20532 não encontrada em dfc_md 2020
2026-05-04 11:46:43,422 [INFO] pipeline.cvm:   DFP dre 2021: 78 linhas
2026-05-04 11:46:43,790 [INFO] pipeline.cvm:   DFP bpa 2021: 82 linhas
2026-05-04 11:46:44,537 [INFO] pipeline.cvm:   DFP bpp 2021: 76 linhas
2026-05-04 11:46:44,938 [INFO] pipeline.cvm:   DFP dfc_mi 2021: 24 linhas
2026-05-04 11:46:44,966 [WARNING] pipeline.cvm:   Empresa 20532 não encontrada em dfc_md 2021
2026-05-04 11:46:45,284 [INFO] pipeline.cvm:   DFP dre 2021: 78 linhas
2026-05-04 11:46:45,896 [INFO] pipeline.cvm:   DFP bpa 2021: 114 linhas
2026-05-04 11:46:46,973 [INFO] pipeline.cvm:   DFP bpp 2021: 118 linhas
2026-05-04 11:46:47,452 [INFO] pipeline.cvm:   DFP dfc_mi 2021: 94 linhas
2026-05-04 11:46:47,493 [WARNING] pipeline.cvm:   Empresa 20532 não encontrada em dfc_md 2021
2026-05-04 11:46:47,718 [INFO] pipeline.cvm:   DFP dre 2022: 80 linhas
2026-05-04 11:46:48,114 [INFO] pipeline.cvm:   DFP bpa 2022: 82 linhas
2026-05-04 11:46:48,895 [INFO] pipeline.cvm:   DFP bpp 2022: 76 linhas
2026-05-04 11:46:49,322 [WARNING] pipeline.cvm:   Empresa 20532 não encontrada em dfc_mi 2022
2026-05-04 11:46:49,356 [INFO] pipeline.cvm:   DFP dfc_md 2022: 20 linhas
2026-05-04 11:46:49,675 [INFO] pipeline.cvm:   DFP dre 2022: 78 linhas
2026-05-04 11:46:50,273 [INFO] pipeline.cvm:   DFP bpa 2022: 100 linhas
2026-05-04 11:46:51,378 [INFO] pipeline.cvm:   DFP bpp 2022: 98 linhas
2026-05-04 11:46:51,866 [INFO] pipeline.cvm:   DFP dfc_mi 2022: 96 linhas
2026-05-04 11:46:51,911 [WARNING] pipeline.cvm:   Empresa 20532 não encontrada em dfc_md 2022
2026-05-04 11:46:52,137 [INFO] pipeline.cvm:   DFP dre 2023: 80 linhas
2026-05-04 11:46:52,532 [INFO] pipeline.cvm:   DFP bpa 2023: 82 linhas
2026-05-04 11:46:53,293 [INFO] pipeline.cvm:   DFP bpp 2023: 76 linhas
2026-05-04 11:46:53,689 [WARNING] pipeline.cvm:   Empresa 20532 não encontrada em dfc_mi 2023
2026-05-04 11:46:53,717 [INFO] pipeline.cvm:   DFP dfc_md 2023: 20 linhas
2026-05-04 11:46:54,026 [INFO] pipeline.cvm:   DFP dre 2023: 78 linhas
2026-05-04 11:46:54,634 [INFO] pipeline.cvm:   DFP bpa 2023: 100 linhas
2026-05-04 11:46:55,697 [INFO] pipeline.cvm:   DFP bpp 2023: 98 linhas
2026-05-04 11:46:56,212 [INFO] pipeline.cvm:   DFP dfc_mi 2023: 96 linhas
2026-05-04 11:46:56,260 [WARNING] pipeline.cvm:   Empresa 20532 não encontrada em dfc_md 2023
2026-05-04 11:46:56,479 [INFO] pipeline.cvm:   DFP dre 2024: 80 linhas
2026-05-04 11:46:56,859 [INFO] pipeline.cvm:   DFP bpa 2024: 82 linhas
2026-05-04 11:46:57,600 [INFO] pipeline.cvm:   DFP bpp 2024: 76 linhas
2026-05-04 11:46:57,995 [WARNING] pipeline.cvm:   Empresa 20532 não encontrada em dfc_mi 2024
2026-05-04 11:46:58,021 [INFO] pipeline.cvm:   DFP dfc_md 2024: 20 linhas
2026-05-04 11:46:58,321 [INFO] pipeline.cvm:   DFP dre 2024: 78 linhas
2026-05-04 11:46:58,896 [INFO] pipeline.cvm:   DFP bpa 2024: 100 linhas
2026-05-04 11:47:00,051 [INFO] pipeline.cvm:   DFP bpp 2024: 98 linhas
2026-05-04 11:47:00,561 [INFO] pipeline.cvm:   DFP dfc_mi 2024: 96 linhas
2026-05-04 11:47:00,595 [WARNING] pipeline.cvm:   Empresa 20532 não encontrada em dfc_md 2024
2026-05-04 11:47:00,803 [INFO] pipeline.cvm:   DFP dre 2025: 80 linhas
2026-05-04 11:47:01,154 [INFO] pipeline.cvm:   DFP bpa 2025: 82 linhas
2026-05-04 11:47:01,773 [INFO] pipeline.cvm:   DFP bpp 2025: 76 linhas
2026-05-04 11:47:02,186 [WARNING] pipeline.cvm:   Empresa 20532 não encontrada em dfc_mi 2025
2026-05-04 11:47:02,214 [INFO] pipeline.cvm:   DFP dfc_md 2025: 20 linhas
2026-05-04 11:47:02,568 [INFO] pipeline.cvm:   DFP dre 2025: 80 linhas
2026-05-04 11:47:03,143 [INFO] pipeline.cvm:   DFP bpa 2025: 102 linhas
2026-05-04 11:47:04,141 [INFO] pipeline.cvm:   DFP bpp 2025: 98 linhas
2026-05-04 11:47:04,640 [INFO] pipeline.cvm:   DFP dfc_mi 2025: 96 linhas
2026-05-04 11:47:04,673 [WARNING] pipeline.cvm:   Empresa 20532 não encontrada em dfc_md 2025
2026-05-04 11:47:06,205 [INFO] pipeline:   SANB11: score=82/100 | critical=1 | warnings=0
2026-05-04 11:47:06,206 [INFO] pipeline:   Relatorio: C:\Users\55819\OneDrive - EPEJUD\DIEGO\OBSIDIAN\Analista de Investimentos\12_PYTHON\pipeline banco completo\outputs\data_quality\audit_SANB11_20260504.md
2026-05-04 11:47:06,206 [INFO] pipeline: 
Auditorando BPAC11...
2026-05-04 11:47:06,458 [INFO] pipeline.cvm:   DFP dre 2020: 62 linhas
2026-05-04 11:47:06,853 [INFO] pipeline.cvm:   DFP bpa 2020: 56 linhas
2026-05-04 11:47:07,537 [INFO] pipeline.cvm:   DFP bpp 2020: 74 linhas
2026-05-04 11:47:07,865 [INFO] pipeline.cvm:   DFP dfc_mi 2020: 76 linhas
2026-05-04 11:47:07,884 [WARNING] pipeline.cvm:   Empresa 22616 não encontrada em dfc_md 2020
2026-05-04 11:47:08,343 [INFO] pipeline.cvm:   DFP dre 2020: 72 linhas
2026-05-04 11:47:08,924 [INFO] pipeline.cvm:   DFP bpa 2020: 166 linhas
2026-05-04 11:47:09,965 [INFO] pipeline.cvm:   DFP bpp 2020: 174 linhas
2026-05-04 11:47:10,440 [INFO] pipeline.cvm:   DFP dfc_mi 2020: 76 linhas
2026-05-04 11:47:10,480 [WARNING] pipeline.cvm:   Empresa 22616 não encontrada em dfc_md 2020
2026-05-04 11:47:10,698 [INFO] pipeline.cvm:   DFP dre 2021: 64 linhas
2026-05-04 11:47:11,081 [INFO] pipeline.cvm:   DFP bpa 2021: 66 linhas
2026-05-04 11:47:11,743 [INFO] pipeline.cvm:   DFP bpp 2021: 88 linhas
2026-05-04 11:47:12,089 [INFO] pipeline.cvm:   DFP dfc_mi 2021: 106 linhas
2026-05-04 11:47:12,115 [WARNING] pipeline.cvm:   Empresa 22616 não encontrada em dfc_md 2021
2026-05-04 11:47:12,431 [INFO] pipeline.cvm:   DFP dre 2021: 72 linhas
2026-05-04 11:47:13,048 [INFO] pipeline.cvm:   DFP bpa 2021: 166 linhas
2026-05-04 11:47:14,171 [INFO] pipeline.cvm:   DFP bpp 2021: 184 linhas
2026-05-04 11:47:14,662 [INFO] pipeline.cvm:   DFP dfc_mi 2021: 76 linhas
2026-05-04 11:47:14,702 [WARNING] pipeline.cvm:   Empresa 22616 não encontrada em dfc_md 2021
2026-05-04 11:47:14,956 [INFO] pipeline.cvm:   DFP dre 2022: 58 linhas
2026-05-04 11:47:15,465 [INFO] pipeline.cvm:   DFP bpa 2022: 62 linhas
2026-05-04 11:47:16,407 [INFO] pipeline.cvm:   DFP bpp 2022: 96 linhas
2026-05-04 11:47:16,867 [INFO] pipeline.cvm:   DFP dfc_mi 2022: 92 linhas
2026-05-04 11:47:16,896 [WARNING] pipeline.cvm:   Empresa 22616 não encontrada em dfc_md 2022
2026-05-04 11:47:17,216 [INFO] pipeline.cvm:   DFP dre 2022: 80 linhas
2026-05-04 11:47:17,837 [INFO] pipeline.cvm:   DFP bpa 2022: 178 linhas
2026-05-04 11:47:19,087 [INFO] pipeline.cvm:   DFP bpp 2022: 192 linhas
2026-05-04 11:47:19,595 [INFO] pipeline.cvm:   DFP dfc_mi 2022: 88 linhas
2026-05-04 11:47:19,641 [WARNING] pipeline.cvm:   Empresa 22616 não encontrada em dfc_md 2022
2026-05-04 11:47:19,860 [INFO] pipeline.cvm:   DFP dre 2023: 58 linhas
2026-05-04 11:47:20,262 [INFO] pipeline.cvm:   DFP bpa 2023: 64 linhas
2026-05-04 11:47:21,070 [INFO] pipeline.cvm:   DFP bpp 2023: 92 linhas
2026-05-04 11:47:21,480 [INFO] pipeline.cvm:   DFP dfc_mi 2023: 88 linhas
2026-05-04 11:47:21,509 [WARNING] pipeline.cvm:   Empresa 22616 não encontrada em dfc_md 2023
2026-05-04 11:47:21,825 [INFO] pipeline.cvm:   DFP dre 2023: 80 linhas
2026-05-04 11:47:22,437 [INFO] pipeline.cvm:   DFP bpa 2023: 178 linhas
2026-05-04 11:47:23,589 [INFO] pipeline.cvm:   DFP bpp 2023: 192 linhas
2026-05-04 11:47:24,097 [INFO] pipeline.cvm:   DFP dfc_mi 2023: 88 linhas
2026-05-04 11:47:24,143 [WARNING] pipeline.cvm:   Empresa 22616 não encontrada em dfc_md 2023
2026-05-04 11:47:24,355 [INFO] pipeline.cvm:   DFP dre 2024: 66 linhas
2026-05-04 11:47:24,740 [INFO] pipeline.cvm:   DFP bpa 2024: 62 linhas
2026-05-04 11:47:25,489 [INFO] pipeline.cvm:   DFP bpp 2024: 94 linhas
2026-05-04 11:47:26,039 [INFO] pipeline.cvm:   DFP dfc_mi 2024: 86 linhas
2026-05-04 11:47:26,061 [WARNING] pipeline.cvm:   Empresa 22616 não encontrada em dfc_md 2024
2026-05-04 11:47:26,378 [INFO] pipeline.cvm:   DFP dre 2024: 80 linhas
2026-05-04 11:47:26,951 [INFO] pipeline.cvm:   DFP bpa 2024: 178 linhas
2026-05-04 11:47:28,096 [INFO] pipeline.cvm:   DFP bpp 2024: 194 linhas
2026-05-04 11:47:28,847 [INFO] pipeline.cvm:   DFP dfc_mi 2024: 88 linhas
2026-05-04 11:47:28,916 [WARNING] pipeline.cvm:   Empresa 22616 não encontrada em dfc_md 2024
2026-05-04 11:47:29,172 [INFO] pipeline.cvm:   DFP dre 2025: 58 linhas
2026-05-04 11:47:29,575 [INFO] pipeline.cvm:   DFP bpa 2025: 62 linhas
2026-05-04 11:47:30,210 [INFO] pipeline.cvm:   DFP bpp 2025: 94 linhas
2026-05-04 11:47:30,638 [INFO] pipeline.cvm:   DFP dfc_mi 2025: 86 linhas
2026-05-04 11:47:30,667 [WARNING] pipeline.cvm:   Empresa 22616 não encontrada em dfc_md 2025
2026-05-04 11:47:30,989 [INFO] pipeline.cvm:   DFP dre 2025: 80 linhas
2026-05-04 11:47:31,575 [INFO] pipeline.cvm:   DFP bpa 2025: 160 linhas
2026-05-04 11:47:32,579 [INFO] pipeline.cvm:   DFP bpp 2025: 148 linhas
2026-05-04 11:47:33,158 [INFO] pipeline.cvm:   DFP dfc_mi 2025: 84 linhas
2026-05-04 11:47:33,192 [WARNING] pipeline.cvm:   Empresa 22616 não encontrada em dfc_md 2025
2026-05-04 11:47:35,275 [INFO] pipeline:   BPAC11: score=82/100 | critical=1 | warnings=0
2026-05-04 11:47:35,276 [INFO] pipeline:   Relatorio: C:\Users\55819\OneDrive - EPEJUD\DIEGO\OBSIDIAN\Analista de Investimentos\12_PYTHON\pipeline banco completo\outputs\data_quality\audit_BPAC11_20260504.md
2026-05-04 11:47:35,276 [INFO] pipeline: 
Auditorando BRSR6...
2026-05-04 11:47:35,509 [WARNING] pipeline.cvm:   Empresa 1120 não encontrada em dre 2020
2026-05-04 11:47:35,863 [WARNING] pipeline.cvm:   Empresa 1120 não encontrada em bpa 2020
2026-05-04 11:47:36,603 [WARNING] pipeline.cvm:   Empresa 1120 não encontrada em bpp 2020
2026-05-04 11:47:36,984 [WARNING] pipeline.cvm:   Empresa 1120 não encontrada em dfc_mi 2020
2026-05-04 11:47:37,005 [WARNING] pipeline.cvm:   Empresa 1120 não encontrada em dfc_md 2020
2026-05-04 11:47:37,321 [INFO] pipeline.cvm:   DFP dre 2020: 124 linhas
2026-05-04 11:47:37,908 [INFO] pipeline.cvm:   DFP bpa 2020: 128 linhas
2026-05-04 11:47:39,112 [INFO] pipeline.cvm:   DFP bpp 2020: 116 linhas
2026-05-04 11:47:39,554 [INFO] pipeline.cvm:   DFP dfc_mi 2020: 126 linhas
2026-05-04 11:47:39,590 [WARNING] pipeline.cvm:   Empresa 1120 não encontrada em dfc_md 2020
2026-05-04 11:47:39,807 [WARNING] pipeline.cvm:   Empresa 1120 não encontrada em dre 2021
2026-05-04 11:47:40,178 [WARNING] pipeline.cvm:   Empresa 1120 não encontrada em bpa 2021
2026-05-04 11:47:40,825 [WARNING] pipeline.cvm:   Empresa 1120 não encontrada em bpp 2021
2026-05-04 11:47:41,211 [WARNING] pipeline.cvm:   Empresa 1120 não encontrada em dfc_mi 2021
2026-05-04 11:47:41,249 [WARNING] pipeline.cvm:   Empresa 1120 não encontrada em dfc_md 2021
2026-05-04 11:47:41,663 [INFO] pipeline.cvm:   DFP dre 2021: 124 linhas
2026-05-04 11:47:42,338 [INFO] pipeline.cvm:   DFP bpa 2021: 128 linhas
2026-05-04 11:47:43,428 [INFO] pipeline.cvm:   DFP bpp 2021: 116 linhas
2026-05-04 11:47:43,900 [INFO] pipeline.cvm:   DFP dfc_mi 2021: 126 linhas
2026-05-04 11:47:43,942 [WARNING] pipeline.cvm:   Empresa 1120 não encontrada em dfc_md 2021
2026-05-04 11:47:44,169 [WARNING] pipeline.cvm:   Empresa 1120 não encontrada em dre 2022
2026-05-04 11:47:44,553 [WARNING] pipeline.cvm:   Empresa 1120 não encontrada em bpa 2022
2026-05-04 11:47:45,227 [WARNING] pipeline.cvm:   Empresa 1120 não encontrada em bpp 2022
2026-05-04 11:47:45,592 [WARNING] pipeline.cvm:   Empresa 1120 não encontrada em dfc_mi 2022
2026-05-04 11:47:45,621 [WARNING] pipeline.cvm:   Empresa 1120 não encontrada em dfc_md 2022
2026-05-04 11:47:45,936 [INFO] pipeline.cvm:   DFP dre 2022: 124 linhas
2026-05-04 11:47:46,564 [INFO] pipeline.cvm:   DFP bpa 2022: 128 linhas
2026-05-04 11:47:47,697 [INFO] pipeline.cvm:   DFP bpp 2022: 116 linhas
2026-05-04 11:47:48,191 [INFO] pipeline.cvm:   DFP dfc_mi 2022: 126 linhas
2026-05-04 11:47:48,229 [WARNING] pipeline.cvm:   Empresa 1120 não encontrada em dfc_md 2022
2026-05-04 11:47:48,469 [WARNING] pipeline.cvm:   Empresa 1120 não encontrada em dre 2023
2026-05-04 11:47:48,857 [WARNING] pipeline.cvm:   Empresa 1120 não encontrada em bpa 2023
2026-05-04 11:47:49,570 [WARNING] pipeline.cvm:   Empresa 1120 não encontrada em bpp 2023
2026-05-04 11:47:49,956 [WARNING] pipeline.cvm:   Empresa 1120 não encontrada em dfc_mi 2023
2026-05-04 11:47:49,983 [WARNING] pipeline.cvm:   Empresa 1120 não encontrada em dfc_md 2023
2026-05-04 11:47:50,297 [INFO] pipeline.cvm:   DFP dre 2023: 124 linhas
2026-05-04 11:47:50,892 [INFO] pipeline.cvm:   DFP bpa 2023: 128 linhas
2026-05-04 11:47:51,930 [INFO] pipeline.cvm:   DFP bpp 2023: 116 linhas
2026-05-04 11:47:52,424 [INFO] pipeline.cvm:   DFP dfc_mi 2023: 126 linhas
2026-05-04 11:47:52,467 [WARNING] pipeline.cvm:   Empresa 1120 não encontrada em dfc_md 2023
2026-05-04 11:47:52,677 [WARNING] pipeline.cvm:   Empresa 1120 não encontrada em dre 2024
2026-05-04 11:47:53,046 [WARNING] pipeline.cvm:   Empresa 1120 não encontrada em bpa 2024
2026-05-04 11:47:53,735 [WARNING] pipeline.cvm:   Empresa 1120 não encontrada em bpp 2024
2026-05-04 11:47:54,116 [WARNING] pipeline.cvm:   Empresa 1120 não encontrada em dfc_mi 2024
2026-05-04 11:47:54,142 [WARNING] pipeline.cvm:   Empresa 1120 não encontrada em dfc_md 2024
2026-05-04 11:47:54,432 [INFO] pipeline.cvm:   DFP dre 2024: 124 linhas
2026-05-04 11:47:54,993 [INFO] pipeline.cvm:   DFP bpa 2024: 128 linhas
2026-05-04 11:47:56,116 [INFO] pipeline.cvm:   DFP bpp 2024: 116 linhas
2026-05-04 11:47:56,650 [INFO] pipeline.cvm:   DFP dfc_mi 2024: 126 linhas
2026-05-04 11:47:56,693 [WARNING] pipeline.cvm:   Empresa 1120 não encontrada em dfc_md 2024
2026-05-04 11:47:56,900 [WARNING] pipeline.cvm:   Empresa 1120 não encontrada em dre 2025
2026-05-04 11:47:57,262 [WARNING] pipeline.cvm:   Empresa 1120 não encontrada em bpa 2025
2026-05-04 11:47:58,012 [WARNING] pipeline.cvm:   Empresa 1120 não encontrada em bpp 2025
2026-05-04 11:47:58,426 [WARNING] pipeline.cvm:   Empresa 1120 não encontrada em dfc_mi 2025
2026-05-04 11:47:58,452 [WARNING] pipeline.cvm:   Empresa 1120 não encontrada em dfc_md 2025
2026-05-04 11:47:58,739 [INFO] pipeline.cvm:   DFP dre 2025: 148 linhas
2026-05-04 11:47:59,284 [INFO] pipeline.cvm:   DFP bpa 2025: 104 linhas
2026-05-04 11:48:00,317 [INFO] pipeline.cvm:   DFP bpp 2025: 120 linhas
2026-05-04 11:48:00,819 [INFO] pipeline.cvm:   DFP dfc_mi 2025: 90 linhas
2026-05-04 11:48:00,951 [WARNING] pipeline.cvm:   Empresa 1120 não encontrada em dfc_md 2025
2026-05-04 11:48:02,696 [INFO] pipeline:   BRSR6: score=95/100 | critical=0 | warnings=1
2026-05-04 11:48:02,696 [INFO] pipeline:   Relatorio: C:\Users\55819\OneDrive - EPEJUD\DIEGO\OBSIDIAN\Analista de Investimentos\12_PYTHON\pipeline banco completo\outputs\data_quality\audit_BRSR6_20260504.md
2026-05-04 11:48:02,697 [INFO] pipeline: 
Auditorando ABCB4...
2026-05-04 11:48:02,910 [INFO] pipeline.cvm:   DFP dre 2020: 68 linhas
2026-05-04 11:48:03,297 [INFO] pipeline.cvm:   DFP bpa 2020: 160 linhas
2026-05-04 11:48:04,019 [INFO] pipeline.cvm:   DFP bpp 2020: 238 linhas
2026-05-04 11:48:04,350 [INFO] pipeline.cvm:   DFP dfc_mi 2020: 146 linhas
2026-05-04 11:48:04,370 [WARNING] pipeline.cvm:   Empresa 14311 não encontrada em dfc_md 2020
2026-05-04 11:48:04,674 [INFO] pipeline.cvm:   DFP dre 2020: 64 linhas
2026-05-04 11:48:05,261 [INFO] pipeline.cvm:   DFP bpa 2020: 144 linhas
2026-05-04 11:48:06,280 [INFO] pipeline.cvm:   DFP bpp 2020: 220 linhas
2026-05-04 11:48:06,727 [INFO] pipeline.cvm:   DFP dfc_mi 2020: 112 linhas
2026-05-04 11:48:06,756 [WARNING] pipeline.cvm:   Empresa 14311 não encontrada em dfc_md 2020
2026-05-04 11:48:06,973 [INFO] pipeline.cvm:   DFP dre 2021: 68 linhas
2026-05-04 11:48:07,339 [INFO] pipeline.cvm:   DFP bpa 2021: 160 linhas
2026-05-04 11:48:08,004 [INFO] pipeline.cvm:   DFP bpp 2021: 238 linhas
2026-05-04 11:48:08,356 [INFO] pipeline.cvm:   DFP dfc_mi 2021: 150 linhas
2026-05-04 11:48:08,381 [WARNING] pipeline.cvm:   Empresa 14311 não encontrada em dfc_md 2021
2026-05-04 11:48:08,710 [INFO] pipeline.cvm:   DFP dre 2021: 64 linhas
2026-05-04 11:48:09,365 [INFO] pipeline.cvm:   DFP bpa 2021: 144 linhas
2026-05-04 11:48:10,460 [INFO] pipeline.cvm:   DFP bpp 2021: 220 linhas
2026-05-04 11:48:10,924 [INFO] pipeline.cvm:   DFP dfc_mi 2021: 124 linhas
2026-05-04 11:48:10,961 [WARNING] pipeline.cvm:   Empresa 14311 não encontrada em dfc_md 2021
2026-05-04 11:48:11,178 [INFO] pipeline.cvm:   DFP dre 2022: 76 linhas
2026-05-04 11:48:11,561 [INFO] pipeline.cvm:   DFP bpa 2022: 158 linhas
2026-05-04 11:48:12,264 [INFO] pipeline.cvm:   DFP bpp 2022: 240 linhas
2026-05-04 11:48:12,637 [INFO] pipeline.cvm:   DFP dfc_mi 2022: 150 linhas
2026-05-04 11:48:12,664 [WARNING] pipeline.cvm:   Empresa 14311 não encontrada em dfc_md 2022
2026-05-04 11:48:12,967 [INFO] pipeline.cvm:   DFP dre 2022: 64 linhas
2026-05-04 11:48:13,549 [INFO] pipeline.cvm:   DFP bpa 2022: 144 linhas
2026-05-04 11:48:14,558 [INFO] pipeline.cvm:   DFP bpp 2022: 220 linhas
2026-05-04 11:48:15,027 [INFO] pipeline.cvm:   DFP dfc_mi 2022: 120 linhas
2026-05-04 11:48:15,070 [WARNING] pipeline.cvm:   Empresa 14311 não encontrada em dfc_md 2022
2026-05-04 11:48:15,292 [INFO] pipeline.cvm:   DFP dre 2023: 76 linhas
2026-05-04 11:48:15,684 [INFO] pipeline.cvm:   DFP bpa 2023: 158 linhas
2026-05-04 11:48:16,400 [INFO] pipeline.cvm:   DFP bpp 2023: 240 linhas
2026-05-04 11:48:16,794 [INFO] pipeline.cvm:   DFP dfc_mi 2023: 154 linhas
2026-05-04 11:48:16,822 [WARNING] pipeline.cvm:   Empresa 14311 não encontrada em dfc_md 2023
2026-05-04 11:48:17,137 [INFO] pipeline.cvm:   DFP dre 2023: 64 linhas
2026-05-04 11:48:17,809 [INFO] pipeline.cvm:   DFP bpa 2023: 144 linhas
2026-05-04 11:48:18,882 [INFO] pipeline.cvm:   DFP bpp 2023: 220 linhas
2026-05-04 11:48:19,476 [INFO] pipeline.cvm:   DFP dfc_mi 2023: 122 linhas
2026-05-04 11:48:19,524 [WARNING] pipeline.cvm:   Empresa 14311 não encontrada em dfc_md 2023
2026-05-04 11:48:19,772 [INFO] pipeline.cvm:   DFP dre 2024: 68 linhas
2026-05-04 11:48:20,183 [INFO] pipeline.cvm:   DFP bpa 2024: 162 linhas
2026-05-04 11:48:20,865 [INFO] pipeline.cvm:   DFP bpp 2024: 250 linhas
2026-05-04 11:48:21,226 [INFO] pipeline.cvm:   DFP dfc_mi 2024: 158 linhas
2026-05-04 11:48:21,251 [WARNING] pipeline.cvm:   Empresa 14311 não encontrada em dfc_md 2024
2026-05-04 11:48:21,567 [INFO] pipeline.cvm:   DFP dre 2024: 64 linhas
2026-05-04 11:48:22,155 [INFO] pipeline.cvm:   DFP bpa 2024: 144 linhas
2026-05-04 11:48:23,169 [INFO] pipeline.cvm:   DFP bpp 2024: 224 linhas
2026-05-04 11:48:23,694 [INFO] pipeline.cvm:   DFP dfc_mi 2024: 126 linhas
2026-05-04 11:48:23,732 [WARNING] pipeline.cvm:   Empresa 14311 não encontrada em dfc_md 2024
2026-05-04 11:48:23,921 [INFO] pipeline.cvm:   DFP dre 2025: 68 linhas
2026-05-04 11:48:24,259 [INFO] pipeline.cvm:   DFP bpa 2025: 162 linhas
2026-05-04 11:48:24,867 [INFO] pipeline.cvm:   DFP bpp 2025: 254 linhas
2026-05-04 11:48:25,213 [INFO] pipeline.cvm:   DFP dfc_mi 2025: 160 linhas
2026-05-04 11:48:25,237 [WARNING] pipeline.cvm:   Empresa 14311 não encontrada em dfc_md 2025
2026-05-04 11:48:25,512 [INFO] pipeline.cvm:   DFP dre 2025: 64 linhas
2026-05-04 11:48:26,008 [INFO] pipeline.cvm:   DFP bpa 2025: 144 linhas
2026-05-04 11:48:26,877 [INFO] pipeline.cvm:   DFP bpp 2025: 224 linhas
2026-05-04 11:48:27,421 [INFO] pipeline.cvm:   DFP dfc_mi 2025: 130 linhas
2026-05-04 11:48:27,453 [WARNING] pipeline.cvm:   Empresa 14311 não encontrada em dfc_md 2025
2026-05-04 11:48:28,860 [INFO] pipeline:   ABCB4: score=95/100 | critical=0 | warnings=1
2026-05-04 11:48:28,860 [INFO] pipeline:   Relatorio: C:\Users\55819\OneDrive - EPEJUD\DIEGO\OBSIDIAN\Analista de Investimentos\12_PYTHON\pipeline banco completo\outputs\data_quality\audit_ABCB4_20260504.md
2026-05-04 11:48:28,860 [INFO] pipeline: 
Auditorando ELET3...
2026-05-04 11:48:29,061 [INFO] pipeline.cvm:   DFP dre 2020: 130 linhas
2026-05-04 11:48:29,404 [INFO] pipeline.cvm:   DFP bpa 2020: 174 linhas
2026-05-04 11:48:29,997 [INFO] pipeline.cvm:   DFP bpp 2020: 282 linhas
2026-05-04 11:48:30,309 [INFO] pipeline.cvm:   DFP dfc_mi 2020: 162 linhas
2026-05-04 11:48:30,327 [WARNING] pipeline.cvm:   Empresa 2437 não encontrada em dfc_md 2020
2026-05-04 11:48:30,622 [INFO] pipeline.cvm:   DFP dre 2020: 104 linhas
2026-05-04 11:48:31,187 [INFO] pipeline.cvm:   DFP bpa 2020: 162 linhas
2026-05-04 11:48:32,220 [INFO] pipeline.cvm:   DFP bpp 2020: 264 linhas
2026-05-04 11:48:32,656 [INFO] pipeline.cvm:   DFP dfc_mi 2020: 128 linhas
2026-05-04 11:48:32,689 [WARNING] pipeline.cvm:   Empresa 2437 não encontrada em dfc_md 2020
2026-05-04 11:48:32,902 [INFO] pipeline.cvm:   DFP dre 2021: 142 linhas
2026-05-04 11:48:33,266 [INFO] pipeline.cvm:   DFP bpa 2021: 174 linhas
2026-05-04 11:48:33,897 [INFO] pipeline.cvm:   DFP bpp 2021: 282 linhas
2026-05-04 11:48:34,235 [INFO] pipeline.cvm:   DFP dfc_mi 2021: 164 linhas
2026-05-04 11:48:34,255 [WARNING] pipeline.cvm:   Empresa 2437 não encontrada em dfc_md 2021
2026-05-04 11:48:34,562 [INFO] pipeline.cvm:   DFP dre 2021: 106 linhas
2026-05-04 11:48:35,151 [INFO] pipeline.cvm:   DFP bpa 2021: 166 linhas
2026-05-04 11:48:36,305 [INFO] pipeline.cvm:   DFP bpp 2021: 264 linhas
2026-05-04 11:48:36,770 [INFO] pipeline.cvm:   DFP dfc_mi 2021: 128 linhas
2026-05-04 11:48:36,811 [WARNING] pipeline.cvm:   Empresa 2437 não encontrada em dfc_md 2021
2026-05-04 11:48:37,037 [INFO] pipeline.cvm:   DFP dre 2022: 148 linhas
2026-05-04 11:48:37,424 [INFO] pipeline.cvm:   DFP bpa 2022: 178 linhas
2026-05-04 11:48:38,089 [INFO] pipeline.cvm:   DFP bpp 2022: 286 linhas
2026-05-04 11:48:38,454 [INFO] pipeline.cvm:   DFP dfc_mi 2022: 164 linhas
2026-05-04 11:48:38,481 [WARNING] pipeline.cvm:   Empresa 2437 não encontrada em dfc_md 2022
2026-05-04 11:48:38,844 [INFO] pipeline.cvm:   DFP dre 2022: 108 linhas
2026-05-04 11:48:39,626 [INFO] pipeline.cvm:   DFP bpa 2022: 168 linhas
2026-05-04 11:48:40,817 [INFO] pipeline.cvm:   DFP bpp 2022: 264 linhas
2026-05-04 11:48:41,341 [INFO] pipeline.cvm:   DFP dfc_mi 2022: 130 linhas
2026-05-04 11:48:41,381 [WARNING] pipeline.cvm:   Empresa 2437 não encontrada em dfc_md 2022
2026-05-04 11:48:41,607 [INFO] pipeline.cvm:   DFP dre 2023: 106 linhas
2026-05-04 11:48:41,996 [INFO] pipeline.cvm:   DFP bpa 2023: 178 linhas
2026-05-04 11:48:42,720 [INFO] pipeline.cvm:   DFP bpp 2023: 266 linhas
2026-05-04 11:48:43,114 [INFO] pipeline.cvm:   DFP dfc_mi 2023: 122 linhas
2026-05-04 11:48:43,141 [WARNING] pipeline.cvm:   Empresa 2437 não encontrada em dfc_md 2023
2026-05-04 11:48:43,458 [INFO] pipeline.cvm:   DFP dre 2023: 110 linhas
2026-05-04 11:48:44,067 [INFO] pipeline.cvm:   DFP bpa 2023: 168 linhas
2026-05-04 11:48:45,266 [INFO] pipeline.cvm:   DFP bpp 2023: 248 linhas
2026-05-04 11:48:45,787 [INFO] pipeline.cvm:   DFP dfc_mi 2023: 104 linhas
2026-05-04 11:48:45,845 [WARNING] pipeline.cvm:   Empresa 2437 não encontrada em dfc_md 2023
2026-05-04 11:48:46,120 [INFO] pipeline.cvm:   DFP dre 2024: 136 linhas
2026-05-04 11:48:46,509 [INFO] pipeline.cvm:   DFP bpa 2024: 176 linhas
2026-05-04 11:48:47,191 [INFO] pipeline.cvm:   DFP bpp 2024: 274 linhas
2026-05-04 11:48:47,603 [INFO] pipeline.cvm:   DFP dfc_mi 2024: 122 linhas
2026-05-04 11:48:47,627 [WARNING] pipeline.cvm:   Empresa 2437 não encontrada em dfc_md 2024
2026-05-04 11:48:47,957 [INFO] pipeline.cvm:   DFP dre 2024: 132 linhas
2026-05-04 11:48:48,551 [INFO] pipeline.cvm:   DFP bpa 2024: 168 linhas
2026-05-04 11:48:49,620 [INFO] pipeline.cvm:   DFP bpp 2024: 266 linhas
2026-05-04 11:48:50,126 [INFO] pipeline.cvm:   DFP dfc_mi 2024: 126 linhas
2026-05-04 11:48:50,169 [WARNING] pipeline.cvm:   Empresa 2437 não encontrada em dfc_md 2024
2026-05-04 11:48:50,409 [INFO] pipeline.cvm:   DFP dre 2025: 76 linhas
2026-05-04 11:48:50,757 [INFO] pipeline.cvm:   DFP bpa 2025: 164 linhas
2026-05-04 11:48:51,478 [INFO] pipeline.cvm:   DFP bpp 2025: 278 linhas
2026-05-04 11:48:51,920 [INFO] pipeline.cvm:   DFP dfc_mi 2025: 126 linhas
2026-05-04 11:48:51,946 [WARNING] pipeline.cvm:   Empresa 2437 não encontrada em dfc_md 2025
2026-05-04 11:48:52,283 [INFO] pipeline.cvm:   DFP dre 2025: 72 linhas
2026-05-04 11:48:52,932 [INFO] pipeline.cvm:   DFP bpa 2025: 170 linhas
2026-05-04 11:48:54,046 [INFO] pipeline.cvm:   DFP bpp 2025: 270 linhas
2026-05-04 11:48:54,553 [INFO] pipeline.cvm:   DFP dfc_mi 2025: 130 linhas
2026-05-04 11:48:54,590 [WARNING] pipeline.cvm:   Empresa 2437 não encontrada em dfc_md 2025
2026-05-04 11:49:02,760 [INFO] pipeline:   ELET3: score=72/100 | critical=1 | warnings=2
2026-05-04 11:49:02,760 [INFO] pipeline:   Relatorio: C:\Users\55819\OneDrive - EPEJUD\DIEGO\OBSIDIAN\Analista de Investimentos\12_PYTHON\pipeline banco completo\outputs\data_quality\audit_ELET3_20260504.md
2026-05-04 11:49:02,761 [INFO] pipeline: 
Auditorando EGIE3...
2026-05-04 11:49:02,970 [WARNING] pipeline.cvm:   Empresa 3983 não encontrada em dre 2020
2026-05-04 11:49:03,331 [WARNING] pipeline.cvm:   Empresa 3983 não encontrada em bpa 2020
2026-05-04 11:49:03,974 [WARNING] pipeline.cvm:   Empresa 3983 não encontrada em bpp 2020
2026-05-04 11:49:04,346 [WARNING] pipeline.cvm:   Empresa 3983 não encontrada em dfc_mi 2020
2026-05-04 11:49:04,366 [WARNING] pipeline.cvm:   Empresa 3983 não encontrada em dfc_md 2020
2026-05-04 11:49:04,775 [WARNING] pipeline.cvm:   Empresa 3983 não encontrada em dre 2020
2026-05-04 11:49:05,429 [WARNING] pipeline.cvm:   Empresa 3983 não encontrada em bpa 2020
2026-05-04 11:49:06,565 [WARNING] pipeline.cvm:   Empresa 3983 não encontrada em bpp 2020
2026-05-04 11:49:07,065 [WARNING] pipeline.cvm:   Empresa 3983 não encontrada em dfc_mi 2020
2026-05-04 11:49:07,111 [WARNING] pipeline.cvm:   Empresa 3983 não encontrada em dfc_md 2020
2026-05-04 11:49:07,376 [WARNING] pipeline.cvm:   Empresa 3983 não encontrada em dre 2021
2026-05-04 11:49:07,910 [WARNING] pipeline.cvm:   Empresa 3983 não encontrada em bpa 2021
2026-05-04 11:49:08,769 [WARNING] pipeline.cvm:   Empresa 3983 não encontrada em bpp 2021
2026-05-04 11:49:09,119 [WARNING] pipeline.cvm:   Empresa 3983 não encontrada em dfc_mi 2021
2026-05-04 11:49:09,150 [WARNING] pipeline.cvm:   Empresa 3983 não encontrada em dfc_md 2021
2026-05-04 11:49:09,482 [WARNING] pipeline.cvm:   Empresa 3983 não encontrada em dre 2021
2026-05-04 11:49:10,113 [WARNING] pipeline.cvm:   Empresa 3983 não encontrada em bpa 2021
2026-05-04 11:49:11,363 [WARNING] pipeline.cvm:   Empresa 3983 não encontrada em bpp 2021
2026-05-04 11:49:11,870 [WARNING] pipeline.cvm:   Empresa 3983 não encontrada em dfc_mi 2021
2026-05-04 11:49:11,916 [WARNING] pipeline.cvm:   Empresa 3983 não encontrada em dfc_md 2021
2026-05-04 11:49:12,176 [WARNING] pipeline.cvm:   Empresa 3983 não encontrada em dre 2022
2026-05-04 11:49:12,598 [WARNING] pipeline.cvm:   Empresa 3983 não encontrada em bpa 2022
2026-05-04 11:49:13,396 [WARNING] pipeline.cvm:   Empresa 3983 não encontrada em bpp 2022
2026-05-04 11:49:13,779 [WARNING] pipeline.cvm:   Empresa 3983 não encontrada em dfc_mi 2022
2026-05-04 11:49:13,811 [WARNING] pipeline.cvm:   Empresa 3983 não encontrada em dfc_md 2022
2026-05-04 11:49:14,124 [WARNING] pipeline.cvm:   Empresa 3983 não encontrada em dre 2022
2026-05-04 11:49:14,746 [WARNING] pipeline.cvm:   Empresa 3983 não encontrada em bpa 2022
2026-05-04 11:49:15,814 [WARNING] pipeline.cvm:   Empresa 3983 não encontrada em bpp 2022
2026-05-04 11:49:16,330 [WARNING] pipeline.cvm:   Empresa 3983 não encontrada em dfc_mi 2022
2026-05-04 11:49:16,376 [WARNING] pipeline.cvm:   Empresa 3983 não encontrada em dfc_md 2022
2026-05-04 11:49:16,606 [WARNING] pipeline.cvm:   Empresa 3983 não encontrada em dre 2023
2026-05-04 11:49:17,012 [WARNING] pipeline.cvm:   Empresa 3983 não encontrada em bpa 2023
2026-05-04 11:49:17,829 [WARNING] pipeline.cvm:   Empresa 3983 não encontrada em bpp 2023
2026-05-04 11:49:18,252 [WARNING] pipeline.cvm:   Empresa 3983 não encontrada em dfc_mi 2023
2026-05-04 11:49:18,281 [WARNING] pipeline.cvm:   Empresa 3983 não encontrada em dfc_md 2023
2026-05-04 11:49:18,621 [WARNING] pipeline.cvm:   Empresa 3983 não encontrada em dre 2023
2026-05-04 11:49:19,229 [WARNING] pipeline.cvm:   Empresa 3983 não encontrada em bpa 2023
2026-05-04 11:49:20,398 [WARNING] pipeline.cvm:   Empresa 3983 não encontrada em bpp 2023
2026-05-04 11:49:20,915 [WARNING] pipeline.cvm:   Empresa 3983 não encontrada em dfc_mi 2023
2026-05-04 11:49:20,961 [WARNING] pipeline.cvm:   Empresa 3983 não encontrada em dfc_md 2023
2026-05-04 11:49:21,194 [WARNING] pipeline.cvm:   Empresa 3983 não encontrada em dre 2024
2026-05-04 11:49:21,610 [WARNING] pipeline.cvm:   Empresa 3983 não encontrada em bpa 2024
2026-05-04 11:49:22,393 [WARNING] pipeline.cvm:   Empresa 3983 não encontrada em bpp 2024
2026-05-04 11:49:22,797 [WARNING] pipeline.cvm:   Empresa 3983 não encontrada em dfc_mi 2024
2026-05-04 11:49:22,823 [WARNING] pipeline.cvm:   Empresa 3983 não encontrada em dfc_md 2024
2026-05-04 11:49:23,160 [WARNING] pipeline.cvm:   Empresa 3983 não encontrada em dre 2024
2026-05-04 11:49:23,739 [WARNING] pipeline.cvm:   Empresa 3983 não encontrada em bpa 2024
2026-05-04 11:49:24,874 [WARNING] pipeline.cvm:   Empresa 3983 não encontrada em bpp 2024
2026-05-04 11:49:25,385 [WARNING] pipeline.cvm:   Empresa 3983 não encontrada em dfc_mi 2024
2026-05-04 11:49:25,425 [WARNING] pipeline.cvm:   Empresa 3983 não encontrada em dfc_md 2024
2026-05-04 11:49:25,649 [WARNING] pipeline.cvm:   Empresa 3983 não encontrada em dre 2025
2026-05-04 11:49:26,003 [WARNING] pipeline.cvm:   Empresa 3983 não encontrada em bpa 2025
2026-05-04 11:49:26,648 [WARNING] pipeline.cvm:   Empresa 3983 não encontrada em bpp 2025
2026-05-04 11:49:26,984 [WARNING] pipeline.cvm:   Empresa 3983 não encontrada em dfc_mi 2025
2026-05-04 11:49:27,012 [WARNING] pipeline.cvm:   Empresa 3983 não encontrada em dfc_md 2025
2026-05-04 11:49:27,282 [WARNING] pipeline.cvm:   Empresa 3983 não encontrada em dre 2025
2026-05-04 11:49:27,808 [WARNING] pipeline.cvm:   Empresa 3983 não encontrada em bpa 2025
2026-05-04 11:49:28,800 [WARNING] pipeline.cvm:   Empresa 3983 não encontrada em bpp 2025
2026-05-04 11:49:29,297 [WARNING] pipeline.cvm:   Empresa 3983 não encontrada em dfc_mi 2025
2026-05-04 11:49:29,332 [WARNING] pipeline.cvm:   Empresa 3983 não encontrada em dfc_md 2025
2026-05-04 11:49:35,338 [INFO] pipeline:   EGIE3: score=0/100 | critical=9 | warnings=0
2026-05-04 11:49:35,338 [INFO] pipeline:   Relatorio: C:\Users\55819\OneDrive - EPEJUD\DIEGO\OBSIDIAN\Analista de Investimentos\12_PYTHON\pipeline banco completo\outputs\data_quality\audit_EGIE3_20260504.md
2026-05-04 11:49:35,338 [INFO] pipeline: 
Auditorando TAEE11...
2026-05-04 11:49:35,537 [INFO] pipeline.cvm:   DFP dre 2020: 84 linhas
2026-05-04 11:49:35,874 [INFO] pipeline.cvm:   DFP bpa 2020: 142 linhas
2026-05-04 11:49:36,460 [INFO] pipeline.cvm:   DFP bpp 2020: 262 linhas
2026-05-04 11:49:36,791 [INFO] pipeline.cvm:   DFP dfc_mi 2020: 122 linhas
2026-05-04 11:49:36,811 [WARNING] pipeline.cvm:   Empresa 18376 não encontrada em dfc_md 2020
2026-05-04 11:49:37,175 [INFO] pipeline.cvm:   DFP dre 2020: 78 linhas
2026-05-04 11:49:37,769 [INFO] pipeline.cvm:   DFP bpa 2020: 144 linhas
2026-05-04 11:49:38,870 [INFO] pipeline.cvm:   DFP bpp 2020: 260 linhas
2026-05-04 11:49:39,317 [INFO] pipeline.cvm:   DFP dfc_mi 2020: 116 linhas
2026-05-04 11:49:39,349 [WARNING] pipeline.cvm:   Empresa 18376 não encontrada em dfc_md 2020
2026-05-04 11:49:39,560 [INFO] pipeline.cvm:   DFP dre 2021: 84 linhas
2026-05-04 11:49:39,918 [INFO] pipeline.cvm:   DFP bpa 2021: 142 linhas
2026-05-04 11:49:40,644 [INFO] pipeline.cvm:   DFP bpp 2021: 262 linhas
2026-05-04 11:49:40,991 [INFO] pipeline.cvm:   DFP dfc_mi 2021: 122 linhas
2026-05-04 11:49:41,017 [WARNING] pipeline.cvm:   Empresa 18376 não encontrada em dfc_md 2021
2026-05-04 11:49:41,339 [INFO] pipeline.cvm:   DFP dre 2021: 78 linhas
2026-05-04 11:49:42,155 [INFO] pipeline.cvm:   DFP bpa 2021: 144 linhas
2026-05-04 11:49:43,249 [INFO] pipeline.cvm:   DFP bpp 2021: 260 linhas
2026-05-04 11:49:43,701 [INFO] pipeline.cvm:   DFP dfc_mi 2021: 114 linhas
2026-05-04 11:49:43,739 [WARNING] pipeline.cvm:   Empresa 18376 não encontrada em dfc_md 2021
2026-05-04 11:49:44,039 [INFO] pipeline.cvm:   DFP dre 2022: 84 linhas
2026-05-04 11:49:44,461 [INFO] pipeline.cvm:   DFP bpa 2022: 142 linhas
2026-05-04 11:49:45,407 [INFO] pipeline.cvm:   DFP bpp 2022: 262 linhas
2026-05-04 11:49:45,797 [INFO] pipeline.cvm:   DFP dfc_mi 2022: 126 linhas
2026-05-04 11:49:45,842 [WARNING] pipeline.cvm:   Empresa 18376 não encontrada em dfc_md 2022
2026-05-04 11:49:46,203 [INFO] pipeline.cvm:   DFP dre 2022: 78 linhas
2026-05-04 11:49:46,825 [INFO] pipeline.cvm:   DFP bpa 2022: 146 linhas
2026-05-04 11:49:47,925 [INFO] pipeline.cvm:   DFP bpp 2022: 260 linhas
2026-05-04 11:49:48,428 [INFO] pipeline.cvm:   DFP dfc_mi 2022: 116 linhas
2026-05-04 11:49:48,469 [WARNING] pipeline.cvm:   Empresa 18376 não encontrada em dfc_md 2022
2026-05-04 11:49:48,712 [INFO] pipeline.cvm:   DFP dre 2023: 86 linhas
2026-05-04 11:49:49,124 [INFO] pipeline.cvm:   DFP bpa 2023: 142 linhas
2026-05-04 11:49:49,818 [INFO] pipeline.cvm:   DFP bpp 2023: 262 linhas
2026-05-04 11:49:50,211 [INFO] pipeline.cvm:   DFP dfc_mi 2023: 126 linhas
2026-05-04 11:49:50,241 [WARNING] pipeline.cvm:   Empresa 18376 não encontrada em dfc_md 2023
2026-05-04 11:49:50,577 [INFO] pipeline.cvm:   DFP dre 2023: 80 linhas
2026-05-04 11:49:51,197 [INFO] pipeline.cvm:   DFP bpa 2023: 148 linhas
2026-05-04 11:49:52,341 [INFO] pipeline.cvm:   DFP bpp 2023: 260 linhas
2026-05-04 11:49:52,853 [INFO] pipeline.cvm:   DFP dfc_mi 2023: 116 linhas
2026-05-04 11:49:52,901 [WARNING] pipeline.cvm:   Empresa 18376 não encontrada em dfc_md 2023
2026-05-04 11:49:53,123 [INFO] pipeline.cvm:   DFP dre 2024: 86 linhas
2026-05-04 11:49:53,532 [INFO] pipeline.cvm:   DFP bpa 2024: 142 linhas
2026-05-04 11:49:54,262 [INFO] pipeline.cvm:   DFP bpp 2024: 262 linhas
2026-05-04 11:49:54,649 [INFO] pipeline.cvm:   DFP dfc_mi 2024: 128 linhas
2026-05-04 11:49:54,674 [WARNING] pipeline.cvm:   Empresa 18376 não encontrada em dfc_md 2024
2026-05-04 11:49:54,982 [INFO] pipeline.cvm:   DFP dre 2024: 80 linhas
2026-05-04 11:49:55,573 [INFO] pipeline.cvm:   DFP bpa 2024: 148 linhas
2026-05-04 11:49:56,589 [INFO] pipeline.cvm:   DFP bpp 2024: 260 linhas
2026-05-04 11:49:57,090 [INFO] pipeline.cvm:   DFP dfc_mi 2024: 120 linhas
2026-05-04 11:49:57,131 [WARNING] pipeline.cvm:   Empresa 18376 não encontrada em dfc_md 2024
2026-05-04 11:49:57,341 [INFO] pipeline.cvm:   DFP dre 2025: 86 linhas
2026-05-04 11:49:57,697 [INFO] pipeline.cvm:   DFP bpa 2025: 142 linhas
2026-05-04 11:49:58,303 [INFO] pipeline.cvm:   DFP bpp 2025: 262 linhas
2026-05-04 11:49:58,690 [INFO] pipeline.cvm:   DFP dfc_mi 2025: 130 linhas
2026-05-04 11:49:58,723 [WARNING] pipeline.cvm:   Empresa 18376 não encontrada em dfc_md 2025
2026-05-04 11:49:59,104 [INFO] pipeline.cvm:   DFP dre 2025: 80 linhas
2026-05-04 11:49:59,659 [INFO] pipeline.cvm:   DFP bpa 2025: 148 linhas
2026-05-04 11:50:00,807 [INFO] pipeline.cvm:   DFP bpp 2025: 260 linhas
2026-05-04 11:50:01,305 [INFO] pipeline.cvm:   DFP dfc_mi 2025: 120 linhas
2026-05-04 11:50:01,348 [WARNING] pipeline.cvm:   Empresa 18376 não encontrada em dfc_md 2025
2026-05-04 11:50:04,214 [INFO] pipeline:   TAEE11: score=95/100 | critical=0 | warnings=1
2026-05-04 11:50:04,214 [INFO] pipeline:   Relatorio: C:\Users\55819\OneDrive - EPEJUD\DIEGO\OBSIDIAN\Analista de Investimentos\12_PYTHON\pipeline banco completo\outputs\data_quality\audit_TAEE11_20260504.md
2026-05-04 11:50:04,214 [INFO] pipeline: 
Auditorando TRPL4...
2026-05-04 11:50:04,427 [WARNING] pipeline.cvm:   Empresa 18627 não encontrada em dre 2020
2026-05-04 11:50:04,840 [WARNING] pipeline.cvm:   Empresa 18627 não encontrada em bpa 2020
2026-05-04 11:50:05,484 [WARNING] pipeline.cvm:   Empresa 18627 não encontrada em bpp 2020
2026-05-04 11:50:05,808 [WARNING] pipeline.cvm:   Empresa 18627 não encontrada em dfc_mi 2020
2026-05-04 11:50:05,828 [WARNING] pipeline.cvm:   Empresa 18627 não encontrada em dfc_md 2020
2026-05-04 11:50:06,130 [INFO] pipeline.cvm:   DFP dre 2020: 68 linhas
2026-05-04 11:50:06,749 [INFO] pipeline.cvm:   DFP bpa 2020: 144 linhas
2026-05-04 11:50:07,796 [INFO] pipeline.cvm:   DFP bpp 2020: 244 linhas
2026-05-04 11:50:08,265 [INFO] pipeline.cvm:   DFP dfc_mi 2020: 104 linhas
2026-05-04 11:50:08,299 [WARNING] pipeline.cvm:   Empresa 18627 não encontrada em dfc_md 2020
2026-05-04 11:50:08,521 [WARNING] pipeline.cvm:   Empresa 18627 não encontrada em dre 2021
2026-05-04 11:50:08,965 [WARNING] pipeline.cvm:   Empresa 18627 não encontrada em bpa 2021
2026-05-04 11:50:09,883 [WARNING] pipeline.cvm:   Empresa 18627 não encontrada em bpp 2021
2026-05-04 11:50:10,504 [WARNING] pipeline.cvm:   Empresa 18627 não encontrada em dfc_mi 2021
2026-05-04 11:50:10,532 [WARNING] pipeline.cvm:   Empresa 18627 não encontrada em dfc_md 2021
2026-05-04 11:50:10,852 [INFO] pipeline.cvm:   DFP dre 2021: 68 linhas
2026-05-04 11:50:11,479 [INFO] pipeline.cvm:   DFP bpa 2021: 144 linhas
2026-05-04 11:50:12,723 [INFO] pipeline.cvm:   DFP bpp 2021: 244 linhas
2026-05-04 11:50:13,242 [INFO] pipeline.cvm:   DFP dfc_mi 2021: 104 linhas
2026-05-04 11:50:13,283 [WARNING] pipeline.cvm:   Empresa 18627 não encontrada em dfc_md 2021
2026-05-04 11:50:13,530 [WARNING] pipeline.cvm:   Empresa 18627 não encontrada em dre 2022
2026-05-04 11:50:13,943 [WARNING] pipeline.cvm:   Empresa 18627 não encontrada em bpa 2022
2026-05-04 11:50:14,794 [WARNING] pipeline.cvm:   Empresa 18627 não encontrada em bpp 2022
2026-05-04 11:50:15,237 [WARNING] pipeline.cvm:   Empresa 18627 não encontrada em dfc_mi 2022
2026-05-04 11:50:15,267 [WARNING] pipeline.cvm:   Empresa 18627 não encontrada em dfc_md 2022
2026-05-04 11:50:15,600 [INFO] pipeline.cvm:   DFP dre 2022: 68 linhas
2026-05-04 11:50:16,236 [INFO] pipeline.cvm:   DFP bpa 2022: 144 linhas
2026-05-04 11:50:17,334 [INFO] pipeline.cvm:   DFP bpp 2022: 244 linhas
2026-05-04 11:50:17,872 [INFO] pipeline.cvm:   DFP dfc_mi 2022: 104 linhas
2026-05-04 11:50:17,917 [WARNING] pipeline.cvm:   Empresa 18627 não encontrada em dfc_md 2022
2026-05-04 11:50:18,141 [WARNING] pipeline.cvm:   Empresa 18627 não encontrada em dre 2023
2026-05-04 11:50:18,550 [WARNING] pipeline.cvm:   Empresa 18627 não encontrada em bpa 2023
2026-05-04 11:50:19,332 [WARNING] pipeline.cvm:   Empresa 18627 não encontrada em bpp 2023
2026-05-04 11:50:19,720 [WARNING] pipeline.cvm:   Empresa 18627 não encontrada em dfc_mi 2023
2026-05-04 11:50:19,747 [WARNING] pipeline.cvm:   Empresa 18627 não encontrada em dfc_md 2023
2026-05-04 11:50:20,078 [INFO] pipeline.cvm:   DFP dre 2023: 68 linhas
2026-05-04 11:50:20,724 [INFO] pipeline.cvm:   DFP bpa 2023: 144 linhas
2026-05-04 11:50:21,829 [INFO] pipeline.cvm:   DFP bpp 2023: 244 linhas
2026-05-04 11:50:22,382 [INFO] pipeline.cvm:   DFP dfc_mi 2023: 104 linhas
2026-05-04 11:50:22,436 [WARNING] pipeline.cvm:   Empresa 18627 não encontrada em dfc_md 2023
2026-05-04 11:50:22,696 [WARNING] pipeline.cvm:   Empresa 18627 não encontrada em dre 2024
2026-05-04 11:50:23,212 [WARNING] pipeline.cvm:   Empresa 18627 não encontrada em bpa 2024
2026-05-04 11:50:23,937 [WARNING] pipeline.cvm:   Empresa 18627 não encontrada em bpp 2024
2026-05-04 11:50:24,410 [WARNING] pipeline.cvm:   Empresa 18627 não encontrada em dfc_mi 2024
2026-05-04 11:50:24,434 [WARNING] pipeline.cvm:   Empresa 18627 não encontrada em dfc_md 2024
2026-05-04 11:50:24,731 [INFO] pipeline.cvm:   DFP dre 2024: 68 linhas
2026-05-04 11:50:25,315 [INFO] pipeline.cvm:   DFP bpa 2024: 144 linhas
2026-05-04 11:50:26,337 [INFO] pipeline.cvm:   DFP bpp 2024: 248 linhas
2026-05-04 11:50:26,896 [INFO] pipeline.cvm:   DFP dfc_mi 2024: 104 linhas
2026-05-04 11:50:26,932 [WARNING] pipeline.cvm:   Empresa 18627 não encontrada em dfc_md 2024
2026-05-04 11:50:27,142 [WARNING] pipeline.cvm:   Empresa 18627 não encontrada em dre 2025
2026-05-04 11:50:27,527 [WARNING] pipeline.cvm:   Empresa 18627 não encontrada em bpa 2025
2026-05-04 11:50:28,167 [WARNING] pipeline.cvm:   Empresa 18627 não encontrada em bpp 2025
2026-05-04 11:50:28,498 [WARNING] pipeline.cvm:   Empresa 18627 não encontrada em dfc_mi 2025
2026-05-04 11:50:28,522 [WARNING] pipeline.cvm:   Empresa 18627 não encontrada em dfc_md 2025
2026-05-04 11:50:28,802 [INFO] pipeline.cvm:   DFP dre 2025: 80 linhas
2026-05-04 11:50:29,341 [INFO] pipeline.cvm:   DFP bpa 2025: 144 linhas
2026-05-04 11:50:30,498 [INFO] pipeline.cvm:   DFP bpp 2025: 250 linhas
2026-05-04 11:50:30,975 [INFO] pipeline.cvm:   DFP dfc_mi 2025: 104 linhas
2026-05-04 11:50:31,011 [WARNING] pipeline.cvm:   Empresa 18627 não encontrada em dfc_md 2025
2026-05-04 11:50:40,072 [INFO] pipeline:   TRPL4: score=72/100 | critical=1 | warnings=2
2026-05-04 11:50:40,072 [INFO] pipeline:   Relatorio: C:\Users\55819\OneDrive - EPEJUD\DIEGO\OBSIDIAN\Analista de Investimentos\12_PYTHON\pipeline banco completo\outputs\data_quality\audit_TRPL4_20260504.md
2026-05-04 11:50:40,073 [INFO] pipeline: 
Auditorando AESB3...
2026-05-04 11:50:40,074 [INFO] pipeline.cvm: Buscando código CVM para AESB3...
2026-05-04 11:50:40,896 [WARNING] pipeline.cvm: Ticker AESB3 não encontrado no cadastro CVM
2026-05-04 11:50:43,236 [INFO] pipeline:   AESB3: score=23/100 | critical=4 | warnings=1
2026-05-04 11:50:43,236 [INFO] pipeline:   Relatorio: C:\Users\55819\OneDrive - EPEJUD\DIEGO\OBSIDIAN\Analista de Investimentos\12_PYTHON\pipeline banco completo\outputs\data_quality\audit_AESB3_20260504.md
2026-05-04 11:50:43,236 [INFO] pipeline: 
Auditorando ALUP11...
2026-05-04 11:50:43,435 [INFO] pipeline.cvm:   DFP dre 2020: 100 linhas
2026-05-04 11:50:43,783 [INFO] pipeline.cvm:   DFP bpa 2020: 152 linhas
2026-05-04 11:50:44,430 [INFO] pipeline.cvm:   DFP bpp 2020: 256 linhas
2026-05-04 11:50:44,758 [INFO] pipeline.cvm:   DFP dfc_mi 2020: 112 linhas
2026-05-04 11:50:44,776 [WARNING] pipeline.cvm:   Empresa 21490 não encontrada em dfc_md 2020
2026-05-04 11:50:45,106 [INFO] pipeline.cvm:   DFP dre 2020: 80 linhas
2026-05-04 11:50:45,705 [INFO] pipeline.cvm:   DFP bpa 2020: 138 linhas
2026-05-04 11:50:46,724 [INFO] pipeline.cvm:   DFP bpp 2020: 228 linhas
2026-05-04 11:50:47,169 [INFO] pipeline.cvm:   DFP dfc_mi 2020: 106 linhas
2026-05-04 11:50:47,202 [WARNING] pipeline.cvm:   Empresa 21490 não encontrada em dfc_md 2020
2026-05-04 11:50:47,409 [INFO] pipeline.cvm:   DFP dre 2021: 78 linhas
2026-05-04 11:50:47,784 [INFO] pipeline.cvm:   DFP bpa 2021: 152 linhas
2026-05-04 11:50:48,479 [INFO] pipeline.cvm:   DFP bpp 2021: 256 linhas
2026-05-04 11:50:48,817 [INFO] pipeline.cvm:   DFP dfc_mi 2021: 110 linhas
2026-05-04 11:50:48,848 [WARNING] pipeline.cvm:   Empresa 21490 não encontrada em dfc_md 2021
2026-05-04 11:50:49,159 [INFO] pipeline.cvm:   DFP dre 2021: 66 linhas
2026-05-04 11:50:49,741 [INFO] pipeline.cvm:   DFP bpa 2021: 136 linhas
2026-05-04 11:50:50,797 [INFO] pipeline.cvm:   DFP bpp 2021: 226 linhas
2026-05-04 11:50:51,259 [INFO] pipeline.cvm:   DFP dfc_mi 2021: 94 linhas
2026-05-04 11:50:51,299 [WARNING] pipeline.cvm:   Empresa 21490 não encontrada em dfc_md 2021
2026-05-04 11:50:51,528 [INFO] pipeline.cvm:   DFP dre 2022: 78 linhas
2026-05-04 11:50:51,921 [INFO] pipeline.cvm:   DFP bpa 2022: 152 linhas
2026-05-04 11:50:52,653 [INFO] pipeline.cvm:   DFP bpp 2022: 260 linhas
2026-05-04 11:50:53,024 [INFO] pipeline.cvm:   DFP dfc_mi 2022: 112 linhas
2026-05-04 11:50:53,052 [WARNING] pipeline.cvm:   Empresa 21490 não encontrada em dfc_md 2022
2026-05-04 11:50:53,358 [INFO] pipeline.cvm:   DFP dre 2022: 66 linhas
2026-05-04 11:50:53,947 [INFO] pipeline.cvm:   DFP bpa 2022: 136 linhas
2026-05-04 11:50:54,986 [INFO] pipeline.cvm:   DFP bpp 2022: 228 linhas
2026-05-04 11:50:55,461 [INFO] pipeline.cvm:   DFP dfc_mi 2022: 96 linhas
2026-05-04 11:50:55,505 [WARNING] pipeline.cvm:   Empresa 21490 não encontrada em dfc_md 2022
2026-05-04 11:50:55,733 [INFO] pipeline.cvm:   DFP dre 2023: 78 linhas
2026-05-04 11:50:56,134 [INFO] pipeline.cvm:   DFP bpa 2023: 152 linhas
2026-05-04 11:50:56,853 [INFO] pipeline.cvm:   DFP bpp 2023: 266 linhas
2026-05-04 11:50:57,255 [INFO] pipeline.cvm:   DFP dfc_mi 2023: 120 linhas
2026-05-04 11:50:57,282 [WARNING] pipeline.cvm:   Empresa 21490 não encontrada em dfc_md 2023
2026-05-04 11:50:57,616 [INFO] pipeline.cvm:   DFP dre 2023: 66 linhas
2026-05-04 11:50:58,260 [INFO] pipeline.cvm:   DFP bpa 2023: 136 linhas
2026-05-04 11:50:59,304 [INFO] pipeline.cvm:   DFP bpp 2023: 230 linhas
2026-05-04 11:50:59,809 [INFO] pipeline.cvm:   DFP dfc_mi 2023: 96 linhas
2026-05-04 11:50:59,856 [WARNING] pipeline.cvm:   Empresa 21490 não encontrada em dfc_md 2023
2026-05-04 11:51:00,114 [INFO] pipeline.cvm:   DFP dre 2024: 78 linhas
2026-05-04 11:51:00,509 [INFO] pipeline.cvm:   DFP bpa 2024: 154 linhas
2026-05-04 11:51:01,202 [INFO] pipeline.cvm:   DFP bpp 2024: 270 linhas
2026-05-04 11:51:01,553 [INFO] pipeline.cvm:   DFP dfc_mi 2024: 120 linhas
2026-05-04 11:51:01,582 [WARNING] pipeline.cvm:   Empresa 21490 não encontrada em dfc_md 2024
2026-05-04 11:51:01,879 [INFO] pipeline.cvm:   DFP dre 2024: 60 linhas
2026-05-04 11:51:02,459 [INFO] pipeline.cvm:   DFP bpa 2024: 136 linhas
2026-05-04 11:51:03,577 [INFO] pipeline.cvm:   DFP bpp 2024: 232 linhas
2026-05-04 11:51:04,083 [INFO] pipeline.cvm:   DFP dfc_mi 2024: 90 linhas
2026-05-04 11:51:04,125 [WARNING] pipeline.cvm:   Empresa 21490 não encontrada em dfc_md 2024
2026-05-04 11:51:04,334 [INFO] pipeline.cvm:   DFP dre 2025: 78 linhas
2026-05-04 11:51:04,683 [INFO] pipeline.cvm:   DFP bpa 2025: 154 linhas
2026-05-04 11:51:05,329 [INFO] pipeline.cvm:   DFP bpp 2025: 270 linhas
2026-05-04 11:51:05,661 [INFO] pipeline.cvm:   DFP dfc_mi 2025: 120 linhas
2026-05-04 11:51:05,683 [WARNING] pipeline.cvm:   Empresa 21490 não encontrada em dfc_md 2025
2026-05-04 11:51:05,945 [INFO] pipeline.cvm:   DFP dre 2025: 60 linhas
2026-05-04 11:51:06,512 [INFO] pipeline.cvm:   DFP bpa 2025: 138 linhas
2026-05-04 11:51:07,433 [INFO] pipeline.cvm:   DFP bpp 2025: 232 linhas
2026-05-04 11:51:07,893 [INFO] pipeline.cvm:   DFP dfc_mi 2025: 96 linhas
2026-05-04 11:51:07,926 [WARNING] pipeline.cvm:   Empresa 21490 não encontrada em dfc_md 2025
2026-05-04 11:51:22,853 [INFO] pipeline:   ALUP11: score=77/100 | critical=1 | warnings=1
2026-05-04 11:51:22,854 [INFO] pipeline:   Relatorio: C:\Users\55819\OneDrive - EPEJUD\DIEGO\OBSIDIAN\Analista de Investimentos\12_PYTHON\pipeline banco completo\outputs\data_quality\audit_ALUP11_20260504.md
2026-05-04 11:51:22,854 [INFO] pipeline: 
Auditorando CLSC4...
2026-05-04 11:51:23,091 [WARNING] pipeline.cvm:   Empresa 1406 não encontrada em dre 2020
2026-05-04 11:51:23,454 [WARNING] pipeline.cvm:   Empresa 1406 não encontrada em bpa 2020
2026-05-04 11:51:24,096 [WARNING] pipeline.cvm:   Empresa 1406 não encontrada em bpp 2020
2026-05-04 11:51:24,454 [WARNING] pipeline.cvm:   Empresa 1406 não encontrada em dfc_mi 2020
2026-05-04 11:51:24,474 [WARNING] pipeline.cvm:   Empresa 1406 não encontrada em dfc_md 2020
2026-05-04 11:51:24,798 [WARNING] pipeline.cvm:   Empresa 1406 não encontrada em dre 2020
2026-05-04 11:51:25,408 [WARNING] pipeline.cvm:   Empresa 1406 não encontrada em bpa 2020
2026-05-04 11:51:26,453 [WARNING] pipeline.cvm:   Empresa 1406 não encontrada em bpp 2020
2026-05-04 11:51:26,911 [WARNING] pipeline.cvm:   Empresa 1406 não encontrada em dfc_mi 2020
2026-05-04 11:51:26,949 [WARNING] pipeline.cvm:   Empresa 1406 não encontrada em dfc_md 2020
2026-05-04 11:51:27,165 [WARNING] pipeline.cvm:   Empresa 1406 não encontrada em dre 2021
2026-05-04 11:51:27,581 [WARNING] pipeline.cvm:   Empresa 1406 não encontrada em bpa 2021
2026-05-04 11:51:28,392 [WARNING] pipeline.cvm:   Empresa 1406 não encontrada em bpp 2021
2026-05-04 11:51:28,827 [WARNING] pipeline.cvm:   Empresa 1406 não encontrada em dfc_mi 2021
2026-05-04 11:51:28,855 [WARNING] pipeline.cvm:   Empresa 1406 não encontrada em dfc_md 2021
2026-05-04 11:51:29,193 [WARNING] pipeline.cvm:   Empresa 1406 não encontrada em dre 2021
2026-05-04 11:51:29,942 [WARNING] pipeline.cvm:   Empresa 1406 não encontrada em bpa 2021
2026-05-04 11:51:31,183 [WARNING] pipeline.cvm:   Empresa 1406 não encontrada em bpp 2021
2026-05-04 11:51:31,692 [WARNING] pipeline.cvm:   Empresa 1406 não encontrada em dfc_mi 2021
2026-05-04 11:51:31,731 [WARNING] pipeline.cvm:   Empresa 1406 não encontrada em dfc_md 2021
2026-05-04 11:51:31,974 [WARNING] pipeline.cvm:   Empresa 1406 não encontrada em dre 2022
2026-05-04 11:51:32,396 [WARNING] pipeline.cvm:   Empresa 1406 não encontrada em bpa 2022
2026-05-04 11:51:33,269 [WARNING] pipeline.cvm:   Empresa 1406 não encontrada em bpp 2022
2026-05-04 11:51:33,676 [WARNING] pipeline.cvm:   Empresa 1406 não encontrada em dfc_mi 2022
2026-05-04 11:51:33,707 [WARNING] pipeline.cvm:   Empresa 1406 não encontrada em dfc_md 2022
2026-05-04 11:51:34,048 [WARNING] pipeline.cvm:   Empresa 1406 não encontrada em dre 2022
2026-05-04 11:51:34,693 [WARNING] pipeline.cvm:   Empresa 1406 não encontrada em bpa 2022
2026-05-04 11:51:35,820 [WARNING] pipeline.cvm:   Empresa 1406 não encontrada em bpp 2022
2026-05-04 11:51:36,337 [WARNING] pipeline.cvm:   Empresa 1406 não encontrada em dfc_mi 2022
2026-05-04 11:51:36,382 [WARNING] pipeline.cvm:   Empresa 1406 não encontrada em dfc_md 2022
2026-05-04 11:51:36,623 [WARNING] pipeline.cvm:   Empresa 1406 não encontrada em dre 2023
2026-05-04 11:51:37,042 [WARNING] pipeline.cvm:   Empresa 1406 não encontrada em bpa 2023
2026-05-04 11:51:37,941 [WARNING] pipeline.cvm:   Empresa 1406 não encontrada em bpp 2023
2026-05-04 11:51:38,376 [WARNING] pipeline.cvm:   Empresa 1406 não encontrada em dfc_mi 2023
2026-05-04 11:51:38,409 [WARNING] pipeline.cvm:   Empresa 1406 não encontrada em dfc_md 2023
2026-05-04 11:51:38,764 [WARNING] pipeline.cvm:   Empresa 1406 não encontrada em dre 2023
2026-05-04 11:51:39,407 [WARNING] pipeline.cvm:   Empresa 1406 não encontrada em bpa 2023
2026-05-04 11:51:40,523 [WARNING] pipeline.cvm:   Empresa 1406 não encontrada em bpp 2023
2026-05-04 11:51:41,033 [WARNING] pipeline.cvm:   Empresa 1406 não encontrada em dfc_mi 2023
2026-05-04 11:51:41,079 [WARNING] pipeline.cvm:   Empresa 1406 não encontrada em dfc_md 2023
2026-05-04 11:51:41,303 [WARNING] pipeline.cvm:   Empresa 1406 não encontrada em dre 2024
2026-05-04 11:51:41,693 [WARNING] pipeline.cvm:   Empresa 1406 não encontrada em bpa 2024
2026-05-04 11:51:42,464 [WARNING] pipeline.cvm:   Empresa 1406 não encontrada em bpp 2024
2026-05-04 11:51:42,852 [WARNING] pipeline.cvm:   Empresa 1406 não encontrada em dfc_mi 2024
2026-05-04 11:51:42,884 [WARNING] pipeline.cvm:   Empresa 1406 não encontrada em dfc_md 2024
2026-05-04 11:51:43,187 [WARNING] pipeline.cvm:   Empresa 1406 não encontrada em dre 2024
2026-05-04 11:51:43,759 [WARNING] pipeline.cvm:   Empresa 1406 não encontrada em bpa 2024
2026-05-04 11:51:44,821 [WARNING] pipeline.cvm:   Empresa 1406 não encontrada em bpp 2024
2026-05-04 11:51:45,317 [WARNING] pipeline.cvm:   Empresa 1406 não encontrada em dfc_mi 2024
2026-05-04 11:51:45,349 [WARNING] pipeline.cvm:   Empresa 1406 não encontrada em dfc_md 2024
2026-05-04 11:51:45,544 [WARNING] pipeline.cvm:   Empresa 1406 não encontrada em dre 2025
2026-05-04 11:51:45,880 [WARNING] pipeline.cvm:   Empresa 1406 não encontrada em bpa 2025
2026-05-04 11:51:46,458 [WARNING] pipeline.cvm:   Empresa 1406 não encontrada em bpp 2025
2026-05-04 11:51:46,799 [WARNING] pipeline.cvm:   Empresa 1406 não encontrada em dfc_mi 2025
2026-05-04 11:51:46,821 [WARNING] pipeline.cvm:   Empresa 1406 não encontrada em dfc_md 2025
2026-05-04 11:51:47,081 [WARNING] pipeline.cvm:   Empresa 1406 não encontrada em dre 2025
2026-05-04 11:51:47,583 [WARNING] pipeline.cvm:   Empresa 1406 não encontrada em bpa 2025
2026-05-04 11:51:48,737 [WARNING] pipeline.cvm:   Empresa 1406 não encontrada em bpp 2025
2026-05-04 11:51:49,274 [WARNING] pipeline.cvm:   Empresa 1406 não encontrada em dfc_mi 2025
2026-05-04 11:51:49,305 [WARNING] pipeline.cvm:   Empresa 1406 não encontrada em dfc_md 2025
2026-05-04 11:51:52,986 [INFO] pipeline:   CLSC4: score=0/100 | critical=9 | warnings=0
2026-05-04 11:51:52,986 [INFO] pipeline:   Relatorio: C:\Users\55819\OneDrive - EPEJUD\DIEGO\OBSIDIAN\Analista de Investimentos\12_PYTHON\pipeline banco completo\outputs\data_quality\audit_CLSC4_20260504.md
2026-05-04 11:51:52,986 [INFO] pipeline: 
Auditorando ENBR3...
2026-05-04 11:51:52,987 [INFO] pipeline.cvm: Buscando código CVM para ENBR3...
2026-05-04 11:51:53,730 [WARNING] pipeline.cvm: Ticker ENBR3 não encontrado no cadastro CVM
2026-05-04 11:51:56,100 [INFO] pipeline:   ENBR3: score=23/100 | critical=4 | warnings=1
2026-05-04 11:51:56,100 [INFO] pipeline:   Relatorio: C:\Users\55819\OneDrive - EPEJUD\DIEGO\OBSIDIAN\Analista de Investimentos\12_PYTHON\pipeline banco completo\outputs\data_quality\audit_ENBR3_20260504.md
2026-05-04 11:51:56,101 [INFO] pipeline: 
Auditorando WEGE3...
2026-05-04 11:51:56,311 [INFO] pipeline.cvm:   DFP dre 2020: 64 linhas
2026-05-04 11:51:56,742 [INFO] pipeline.cvm:   DFP bpa 2020: 130 linhas
2026-05-04 11:51:57,506 [INFO] pipeline.cvm:   DFP bpp 2020: 238 linhas
2026-05-04 11:51:57,853 [INFO] pipeline.cvm:   DFP dfc_mi 2020: 94 linhas
2026-05-04 11:51:57,872 [WARNING] pipeline.cvm:   Empresa 5410 não encontrada em dfc_md 2020
2026-05-04 11:51:58,248 [INFO] pipeline.cvm:   DFP dre 2020: 60 linhas
2026-05-04 11:51:58,828 [INFO] pipeline.cvm:   DFP bpa 2020: 126 linhas
2026-05-04 11:51:59,863 [INFO] pipeline.cvm:   DFP bpp 2020: 220 linhas
2026-05-04 11:52:00,364 [INFO] pipeline.cvm:   DFP dfc_mi 2020: 60 linhas
2026-05-04 11:52:00,403 [WARNING] pipeline.cvm:   Empresa 5410 não encontrada em dfc_md 2020
2026-05-04 11:52:00,628 [INFO] pipeline.cvm:   DFP dre 2021: 64 linhas
2026-05-04 11:52:01,020 [INFO] pipeline.cvm:   DFP bpa 2021: 130 linhas
2026-05-04 11:52:01,684 [INFO] pipeline.cvm:   DFP bpp 2021: 238 linhas
2026-05-04 11:52:02,055 [INFO] pipeline.cvm:   DFP dfc_mi 2021: 96 linhas
2026-05-04 11:52:02,086 [WARNING] pipeline.cvm:   Empresa 5410 não encontrada em dfc_md 2021
2026-05-04 11:52:02,439 [INFO] pipeline.cvm:   DFP dre 2021: 60 linhas
2026-05-04 11:52:03,280 [INFO] pipeline.cvm:   DFP bpa 2021: 126 linhas
2026-05-04 11:52:04,512 [INFO] pipeline.cvm:   DFP bpp 2021: 220 linhas
2026-05-04 11:52:05,017 [INFO] pipeline.cvm:   DFP dfc_mi 2021: 60 linhas
2026-05-04 11:52:05,058 [WARNING] pipeline.cvm:   Empresa 5410 não encontrada em dfc_md 2021
2026-05-04 11:52:05,297 [INFO] pipeline.cvm:   DFP dre 2022: 68 linhas
2026-05-04 11:52:05,773 [INFO] pipeline.cvm:   DFP bpa 2022: 136 linhas
2026-05-04 11:52:06,677 [INFO] pipeline.cvm:   DFP bpp 2022: 238 linhas
2026-05-04 11:52:07,219 [INFO] pipeline.cvm:   DFP dfc_mi 2022: 98 linhas
2026-05-04 11:52:07,256 [WARNING] pipeline.cvm:   Empresa 5410 não encontrada em dfc_md 2022
2026-05-04 11:52:07,617 [INFO] pipeline.cvm:   DFP dre 2022: 60 linhas
2026-05-04 11:52:08,280 [INFO] pipeline.cvm:   DFP bpa 2022: 128 linhas
2026-05-04 11:52:09,571 [INFO] pipeline.cvm:   DFP bpp 2022: 220 linhas
2026-05-04 11:52:10,084 [INFO] pipeline.cvm:   DFP dfc_mi 2022: 60 linhas
2026-05-04 11:52:10,128 [WARNING] pipeline.cvm:   Empresa 5410 não encontrada em dfc_md 2022
2026-05-04 11:52:10,368 [INFO] pipeline.cvm:   DFP dre 2023: 68 linhas
2026-05-04 11:52:10,783 [INFO] pipeline.cvm:   DFP bpa 2023: 136 linhas
2026-05-04 11:52:11,692 [INFO] pipeline.cvm:   DFP bpp 2023: 236 linhas
2026-05-04 11:52:12,153 [INFO] pipeline.cvm:   DFP dfc_mi 2023: 112 linhas
2026-05-04 11:52:12,180 [WARNING] pipeline.cvm:   Empresa 5410 não encontrada em dfc_md 2023
2026-05-04 11:52:12,509 [INFO] pipeline.cvm:   DFP dre 2023: 60 linhas
2026-05-04 11:52:13,226 [INFO] pipeline.cvm:   DFP bpa 2023: 128 linhas
2026-05-04 11:52:14,348 [INFO] pipeline.cvm:   DFP bpp 2023: 220 linhas
2026-05-04 11:52:14,876 [INFO] pipeline.cvm:   DFP dfc_mi 2023: 78 linhas
2026-05-04 11:52:14,927 [WARNING] pipeline.cvm:   Empresa 5410 não encontrada em dfc_md 2023
2026-05-04 11:52:15,168 [INFO] pipeline.cvm:   DFP dre 2024: 68 linhas
2026-05-04 11:52:15,568 [INFO] pipeline.cvm:   DFP bpa 2024: 136 linhas
2026-05-04 11:52:16,413 [INFO] pipeline.cvm:   DFP bpp 2024: 236 linhas
2026-05-04 11:52:16,859 [INFO] pipeline.cvm:   DFP dfc_mi 2024: 112 linhas
2026-05-04 11:52:16,889 [WARNING] pipeline.cvm:   Empresa 5410 não encontrada em dfc_md 2024
2026-05-04 11:52:17,204 [INFO] pipeline.cvm:   DFP dre 2024: 60 linhas
2026-05-04 11:52:17,793 [INFO] pipeline.cvm:   DFP bpa 2024: 128 linhas
2026-05-04 11:52:18,868 [INFO] pipeline.cvm:   DFP bpp 2024: 220 linhas
2026-05-04 11:52:19,386 [INFO] pipeline.cvm:   DFP dfc_mi 2024: 78 linhas
2026-05-04 11:52:19,427 [WARNING] pipeline.cvm:   Empresa 5410 não encontrada em dfc_md 2024
2026-05-04 11:52:19,630 [INFO] pipeline.cvm:   DFP dre 2025: 68 linhas
2026-05-04 11:52:19,976 [INFO] pipeline.cvm:   DFP bpa 2025: 136 linhas
2026-05-04 11:52:20,638 [INFO] pipeline.cvm:   DFP bpp 2025: 238 linhas
2026-05-04 11:52:21,023 [INFO] pipeline.cvm:   DFP dfc_mi 2025: 112 linhas
2026-05-04 11:52:21,047 [WARNING] pipeline.cvm:   Empresa 5410 não encontrada em dfc_md 2025
2026-05-04 11:52:21,322 [INFO] pipeline.cvm:   DFP dre 2025: 60 linhas
2026-05-04 11:52:21,841 [INFO] pipeline.cvm:   DFP bpa 2025: 128 linhas
2026-05-04 11:52:22,751 [INFO] pipeline.cvm:   DFP bpp 2025: 224 linhas
2026-05-04 11:52:23,326 [INFO] pipeline.cvm:   DFP dfc_mi 2025: 78 linhas
2026-05-04 11:52:23,357 [WARNING] pipeline.cvm:   Empresa 5410 não encontrada em dfc_md 2025
2026-05-04 11:52:25,761 [INFO] pipeline:   WEGE3: score=95/100 | critical=0 | warnings=1
2026-05-04 11:52:25,761 [INFO] pipeline:   Relatorio: C:\Users\55819\OneDrive - EPEJUD\DIEGO\OBSIDIAN\Analista de Investimentos\12_PYTHON\pipeline banco completo\outputs\data_quality\audit_WEGE3_20260504.md
2026-05-04 11:52:25,761 [INFO] pipeline: 
Auditorando TUPY3...
2026-05-04 11:52:25,966 [INFO] pipeline.cvm:   DFP dre 2020: 68 linhas
2026-05-04 11:52:26,308 [INFO] pipeline.cvm:   DFP bpa 2020: 114 linhas
2026-05-04 11:52:26,999 [INFO] pipeline.cvm:   DFP bpp 2020: 220 linhas
2026-05-04 11:52:27,381 [INFO] pipeline.cvm:   DFP dfc_mi 2020: 82 linhas
2026-05-04 11:52:27,403 [WARNING] pipeline.cvm:   Empresa 8451 não encontrada em dfc_md 2020
2026-05-04 11:52:27,750 [INFO] pipeline.cvm:   DFP dre 2020: 64 linhas
2026-05-04 11:52:28,389 [INFO] pipeline.cvm:   DFP bpa 2020: 116 linhas
2026-05-04 11:52:29,419 [INFO] pipeline.cvm:   DFP bpp 2020: 222 linhas
2026-05-04 11:52:29,856 [INFO] pipeline.cvm:   DFP dfc_mi 2020: 78 linhas
2026-05-04 11:52:29,889 [WARNING] pipeline.cvm:   Empresa 8451 não encontrada em dfc_md 2020
2026-05-04 11:52:30,118 [INFO] pipeline.cvm:   DFP dre 2021: 68 linhas
2026-05-04 11:52:30,556 [INFO] pipeline.cvm:   DFP bpa 2021: 116 linhas
2026-05-04 11:52:31,293 [INFO] pipeline.cvm:   DFP bpp 2021: 220 linhas
2026-05-04 11:52:31,689 [INFO] pipeline.cvm:   DFP dfc_mi 2021: 82 linhas
2026-05-04 11:52:31,715 [WARNING] pipeline.cvm:   Empresa 8451 não encontrada em dfc_md 2021
2026-05-04 11:52:32,050 [INFO] pipeline.cvm:   DFP dre 2021: 64 linhas
2026-05-04 11:52:32,662 [INFO] pipeline.cvm:   DFP bpa 2021: 118 linhas
2026-05-04 11:52:33,732 [INFO] pipeline.cvm:   DFP bpp 2021: 222 linhas
2026-05-04 11:52:34,205 [INFO] pipeline.cvm:   DFP dfc_mi 2021: 78 linhas
2026-05-04 11:52:34,245 [WARNING] pipeline.cvm:   Empresa 8451 não encontrada em dfc_md 2021
2026-05-04 11:52:34,494 [INFO] pipeline.cvm:   DFP dre 2022: 68 linhas
2026-05-04 11:52:34,922 [INFO] pipeline.cvm:   DFP bpa 2022: 122 linhas
2026-05-04 11:52:35,725 [INFO] pipeline.cvm:   DFP bpp 2022: 222 linhas
2026-05-04 11:52:36,225 [INFO] pipeline.cvm:   DFP dfc_mi 2022: 80 linhas
2026-05-04 11:52:36,254 [WARNING] pipeline.cvm:   Empresa 8451 não encontrada em dfc_md 2022
2026-05-04 11:52:36,582 [INFO] pipeline.cvm:   DFP dre 2022: 64 linhas
2026-05-04 11:52:37,167 [INFO] pipeline.cvm:   DFP bpa 2022: 124 linhas
2026-05-04 11:52:38,306 [INFO] pipeline.cvm:   DFP bpp 2022: 224 linhas
2026-05-04 11:52:38,820 [INFO] pipeline.cvm:   DFP dfc_mi 2022: 76 linhas
2026-05-04 11:52:38,860 [WARNING] pipeline.cvm:   Empresa 8451 não encontrada em dfc_md 2022
2026-05-04 11:52:39,081 [INFO] pipeline.cvm:   DFP dre 2023: 68 linhas
2026-05-04 11:52:39,524 [INFO] pipeline.cvm:   DFP bpa 2023: 122 linhas
2026-05-04 11:52:40,204 [INFO] pipeline.cvm:   DFP bpp 2023: 222 linhas
2026-05-04 11:52:40,616 [INFO] pipeline.cvm:   DFP dfc_mi 2023: 90 linhas
2026-05-04 11:52:40,643 [WARNING] pipeline.cvm:   Empresa 8451 não encontrada em dfc_md 2023
2026-05-04 11:52:41,094 [INFO] pipeline.cvm:   DFP dre 2023: 64 linhas
2026-05-04 11:52:41,953 [INFO] pipeline.cvm:   DFP bpa 2023: 124 linhas
2026-05-04 11:52:43,477 [INFO] pipeline.cvm:   DFP bpp 2023: 224 linhas
2026-05-04 11:52:44,189 [INFO] pipeline.cvm:   DFP dfc_mi 2023: 86 linhas
2026-05-04 11:52:44,259 [WARNING] pipeline.cvm:   Empresa 8451 não encontrada em dfc_md 2023
2026-05-04 11:52:44,592 [INFO] pipeline.cvm:   DFP dre 2024: 68 linhas
2026-05-04 11:52:45,134 [INFO] pipeline.cvm:   DFP bpa 2024: 122 linhas
2026-05-04 11:52:46,103 [INFO] pipeline.cvm:   DFP bpp 2024: 222 linhas
2026-05-04 11:52:46,530 [INFO] pipeline.cvm:   DFP dfc_mi 2024: 94 linhas
2026-05-04 11:52:46,556 [WARNING] pipeline.cvm:   Empresa 8451 não encontrada em dfc_md 2024
2026-05-04 11:52:46,848 [INFO] pipeline.cvm:   DFP dre 2024: 64 linhas
2026-05-04 11:52:47,445 [INFO] pipeline.cvm:   DFP bpa 2024: 124 linhas
2026-05-04 11:52:48,531 [INFO] pipeline.cvm:   DFP bpp 2024: 224 linhas
2026-05-04 11:52:49,041 [INFO] pipeline.cvm:   DFP dfc_mi 2024: 88 linhas
2026-05-04 11:52:49,079 [WARNING] pipeline.cvm:   Empresa 8451 não encontrada em dfc_md 2024
2026-05-04 11:52:49,279 [INFO] pipeline.cvm:   DFP dre 2025: 68 linhas
2026-05-04 11:52:49,683 [INFO] pipeline.cvm:   DFP bpa 2025: 122 linhas
2026-05-04 11:52:50,370 [INFO] pipeline.cvm:   DFP bpp 2025: 222 linhas
2026-05-04 11:52:50,739 [INFO] pipeline.cvm:   DFP dfc_mi 2025: 92 linhas
2026-05-04 11:52:50,764 [WARNING] pipeline.cvm:   Empresa 8451 não encontrada em dfc_md 2025
2026-05-04 11:52:51,040 [INFO] pipeline.cvm:   DFP dre 2025: 64 linhas
2026-05-04 11:52:51,554 [INFO] pipeline.cvm:   DFP bpa 2025: 124 linhas
2026-05-04 11:52:52,571 [INFO] pipeline.cvm:   DFP bpp 2025: 224 linhas
2026-05-04 11:52:53,030 [INFO] pipeline.cvm:   DFP dfc_mi 2025: 90 linhas
2026-05-04 11:52:53,056 [WARNING] pipeline.cvm:   Empresa 8451 não encontrada em dfc_md 2025
2026-05-04 11:52:55,287 [INFO] pipeline:   TUPY3: score=95/100 | critical=0 | warnings=1
2026-05-04 11:52:55,288 [INFO] pipeline:   Relatorio: C:\Users\55819\OneDrive - EPEJUD\DIEGO\OBSIDIAN\Analista de Investimentos\12_PYTHON\pipeline banco completo\outputs\data_quality\audit_TUPY3_20260504.md
2026-05-04 11:52:55,288 [INFO] pipeline: 
Auditorando TASA4...
2026-05-04 11:52:55,491 [INFO] pipeline.cvm:   DFP dre 2020: 68 linhas
2026-05-04 11:52:55,831 [INFO] pipeline.cvm:   DFP bpa 2020: 114 linhas
2026-05-04 11:52:56,474 [INFO] pipeline.cvm:   DFP bpp 2020: 220 linhas
2026-05-04 11:52:56,854 [INFO] pipeline.cvm:   DFP dfc_mi 2020: 82 linhas
2026-05-04 11:52:56,873 [WARNING] pipeline.cvm:   Empresa 8451 não encontrada em dfc_md 2020
2026-05-04 11:52:57,180 [INFO] pipeline.cvm:   DFP dre 2020: 64 linhas
2026-05-04 11:52:57,769 [INFO] pipeline.cvm:   DFP bpa 2020: 116 linhas
2026-05-04 11:52:58,812 [INFO] pipeline.cvm:   DFP bpp 2020: 222 linhas
2026-05-04 11:52:59,290 [INFO] pipeline.cvm:   DFP dfc_mi 2020: 78 linhas
2026-05-04 11:52:59,325 [WARNING] pipeline.cvm:   Empresa 8451 não encontrada em dfc_md 2020
2026-05-04 11:52:59,551 [INFO] pipeline.cvm:   DFP dre 2021: 68 linhas
2026-05-04 11:52:59,966 [INFO] pipeline.cvm:   DFP bpa 2021: 116 linhas
2026-05-04 11:53:00,793 [INFO] pipeline.cvm:   DFP bpp 2021: 220 linhas
2026-05-04 11:53:01,159 [INFO] pipeline.cvm:   DFP dfc_mi 2021: 82 linhas
2026-05-04 11:53:01,178 [WARNING] pipeline.cvm:   Empresa 8451 não encontrada em dfc_md 2021
2026-05-04 11:53:01,528 [INFO] pipeline.cvm:   DFP dre 2021: 64 linhas
2026-05-04 11:53:02,155 [INFO] pipeline.cvm:   DFP bpa 2021: 118 linhas
2026-05-04 11:53:03,307 [INFO] pipeline.cvm:   DFP bpp 2021: 222 linhas
2026-05-04 11:53:03,812 [INFO] pipeline.cvm:   DFP dfc_mi 2021: 78 linhas
2026-05-04 11:53:03,854 [WARNING] pipeline.cvm:   Empresa 8451 não encontrada em dfc_md 2021
2026-05-04 11:53:04,069 [INFO] pipeline.cvm:   DFP dre 2022: 68 linhas
2026-05-04 11:53:04,474 [INFO] pipeline.cvm:   DFP bpa 2022: 122 linhas
2026-05-04 11:53:05,273 [INFO] pipeline.cvm:   DFP bpp 2022: 222 linhas
2026-05-04 11:53:05,635 [INFO] pipeline.cvm:   DFP dfc_mi 2022: 80 linhas
2026-05-04 11:53:05,665 [WARNING] pipeline.cvm:   Empresa 8451 não encontrada em dfc_md 2022
2026-05-04 11:53:05,989 [INFO] pipeline.cvm:   DFP dre 2022: 64 linhas
2026-05-04 11:53:06,656 [INFO] pipeline.cvm:   DFP bpa 2022: 124 linhas
2026-05-04 11:53:07,725 [INFO] pipeline.cvm:   DFP bpp 2022: 224 linhas
2026-05-04 11:53:08,277 [INFO] pipeline.cvm:   DFP dfc_mi 2022: 76 linhas
2026-05-04 11:53:08,310 [WARNING] pipeline.cvm:   Empresa 8451 não encontrada em dfc_md 2022
2026-05-04 11:53:08,539 [INFO] pipeline.cvm:   DFP dre 2023: 68 linhas
2026-05-04 11:53:08,941 [INFO] pipeline.cvm:   DFP bpa 2023: 122 linhas
2026-05-04 11:53:09,721 [INFO] pipeline.cvm:   DFP bpp 2023: 222 linhas
2026-05-04 11:53:10,121 [INFO] pipeline.cvm:   DFP dfc_mi 2023: 90 linhas
2026-05-04 11:53:10,147 [WARNING] pipeline.cvm:   Empresa 8451 não encontrada em dfc_md 2023
2026-05-04 11:53:10,481 [INFO] pipeline.cvm:   DFP dre 2023: 64 linhas
2026-05-04 11:53:11,109 [INFO] pipeline.cvm:   DFP bpa 2023: 124 linhas
2026-05-04 11:53:12,281 [INFO] pipeline.cvm:   DFP bpp 2023: 224 linhas
2026-05-04 11:53:12,877 [INFO] pipeline.cvm:   DFP dfc_mi 2023: 86 linhas
2026-05-04 11:53:12,924 [WARNING] pipeline.cvm:   Empresa 8451 não encontrada em dfc_md 2023
2026-05-04 11:53:13,166 [INFO] pipeline.cvm:   DFP dre 2024: 68 linhas
2026-05-04 11:53:13,568 [INFO] pipeline.cvm:   DFP bpa 2024: 122 linhas
2026-05-04 11:53:14,285 [INFO] pipeline.cvm:   DFP bpp 2024: 222 linhas
2026-05-04 11:53:14,693 [INFO] pipeline.cvm:   DFP dfc_mi 2024: 94 linhas
2026-05-04 11:53:14,723 [WARNING] pipeline.cvm:   Empresa 8451 não encontrada em dfc_md 2024
2026-05-04 11:53:15,043 [INFO] pipeline.cvm:   DFP dre 2024: 64 linhas
2026-05-04 11:53:15,752 [INFO] pipeline.cvm:   DFP bpa 2024: 124 linhas
2026-05-04 11:53:16,944 [INFO] pipeline.cvm:   DFP bpp 2024: 224 linhas
2026-05-04 11:53:17,527 [INFO] pipeline.cvm:   DFP dfc_mi 2024: 88 linhas
2026-05-04 11:53:17,576 [WARNING] pipeline.cvm:   Empresa 8451 não encontrada em dfc_md 2024
2026-05-04 11:53:17,794 [INFO] pipeline.cvm:   DFP dre 2025: 68 linhas
2026-05-04 11:53:18,166 [INFO] pipeline.cvm:   DFP bpa 2025: 122 linhas
2026-05-04 11:53:18,998 [INFO] pipeline.cvm:   DFP bpp 2025: 222 linhas
2026-05-04 11:53:19,409 [INFO] pipeline.cvm:   DFP dfc_mi 2025: 92 linhas
2026-05-04 11:53:19,440 [WARNING] pipeline.cvm:   Empresa 8451 não encontrada em dfc_md 2025
2026-05-04 11:53:19,815 [INFO] pipeline.cvm:   DFP dre 2025: 64 linhas
2026-05-04 11:53:20,411 [INFO] pipeline.cvm:   DFP bpa 2025: 124 linhas
2026-05-04 11:53:21,342 [INFO] pipeline.cvm:   DFP bpp 2025: 224 linhas
2026-05-04 11:53:21,810 [INFO] pipeline.cvm:   DFP dfc_mi 2025: 90 linhas
2026-05-04 11:53:21,837 [WARNING] pipeline.cvm:   Empresa 8451 não encontrada em dfc_md 2025
2026-05-04 11:53:24,471 [INFO] pipeline:   TASA4: score=95/100 | critical=0 | warnings=1
2026-05-04 11:53:24,471 [INFO] pipeline:   Relatorio: C:\Users\55819\OneDrive - EPEJUD\DIEGO\OBSIDIAN\Analista de Investimentos\12_PYTHON\pipeline banco completo\outputs\data_quality\audit_TASA4_20260504.md
2026-05-04 11:53:24,472 [INFO] pipeline: 
Auditorando AERI3...
2026-05-04 11:53:24,473 [INFO] pipeline.cvm: Buscando código CVM para AERI3...
2026-05-04 11:53:25,146 [WARNING] pipeline.cvm: Ticker AERI3 não encontrado no cadastro CVM
2026-05-04 11:53:25,157 [INFO] pipeline:   AERI3: score=23/100 | critical=4 | warnings=1
2026-05-04 11:53:25,157 [INFO] pipeline:   Relatorio: C:\Users\55819\OneDrive - EPEJUD\DIEGO\OBSIDIAN\Analista de Investimentos\12_PYTHON\pipeline banco completo\outputs\data_quality\audit_AERI3_20260504.md
2026-05-04 11:53:25,157 [INFO] pipeline: 
Auditorando KEPL3...
2026-05-04 11:53:25,368 [INFO] pipeline.cvm:   DFP dre 2020: 70 linhas
2026-05-04 11:53:25,713 [INFO] pipeline.cvm:   DFP bpa 2020: 120 linhas
2026-05-04 11:53:26,306 [INFO] pipeline.cvm:   DFP bpp 2020: 228 linhas
2026-05-04 11:53:26,649 [INFO] pipeline.cvm:   DFP dfc_mi 2020: 20 linhas
2026-05-04 11:53:26,670 [WARNING] pipeline.cvm:   Empresa 7544 não encontrada em dfc_md 2020
2026-05-04 11:53:27,044 [INFO] pipeline.cvm:   DFP dre 2020: 66 linhas
2026-05-04 11:53:27,659 [INFO] pipeline.cvm:   DFP bpa 2020: 124 linhas
2026-05-04 11:53:28,903 [INFO] pipeline.cvm:   DFP bpp 2020: 230 linhas
2026-05-04 11:53:29,447 [INFO] pipeline.cvm:   DFP dfc_mi 2020: 20 linhas
2026-05-04 11:53:29,486 [WARNING] pipeline.cvm:   Empresa 7544 não encontrada em dfc_md 2020
2026-05-04 11:53:29,717 [INFO] pipeline.cvm:   DFP dre 2021: 72 linhas
2026-05-04 11:53:30,136 [INFO] pipeline.cvm:   DFP bpa 2021: 120 linhas
2026-05-04 11:53:30,809 [INFO] pipeline.cvm:   DFP bpp 2021: 228 linhas
2026-05-04 11:53:31,160 [INFO] pipeline.cvm:   DFP dfc_mi 2021: 20 linhas
2026-05-04 11:53:31,186 [WARNING] pipeline.cvm:   Empresa 7544 não encontrada em dfc_md 2021
2026-05-04 11:53:31,529 [INFO] pipeline.cvm:   DFP dre 2021: 68 linhas
2026-05-04 11:53:32,165 [INFO] pipeline.cvm:   DFP bpa 2021: 124 linhas
2026-05-04 11:53:33,220 [INFO] pipeline.cvm:   DFP bpp 2021: 230 linhas
2026-05-04 11:53:33,706 [INFO] pipeline.cvm:   DFP dfc_mi 2021: 20 linhas
2026-05-04 11:53:33,750 [WARNING] pipeline.cvm:   Empresa 7544 não encontrada em dfc_md 2021
2026-05-04 11:53:33,974 [INFO] pipeline.cvm:   DFP dre 2022: 72 linhas
2026-05-04 11:53:34,394 [INFO] pipeline.cvm:   DFP bpa 2022: 120 linhas
2026-05-04 11:53:35,115 [INFO] pipeline.cvm:   DFP bpp 2022: 228 linhas
2026-05-04 11:53:35,496 [INFO] pipeline.cvm:   DFP dfc_mi 2022: 20 linhas
2026-05-04 11:53:35,526 [WARNING] pipeline.cvm:   Empresa 7544 não encontrada em dfc_md 2022
2026-05-04 11:53:35,878 [INFO] pipeline.cvm:   DFP dre 2022: 68 linhas
2026-05-04 11:53:36,694 [INFO] pipeline.cvm:   DFP bpa 2022: 124 linhas
2026-05-04 11:53:38,032 [INFO] pipeline.cvm:   DFP bpp 2022: 230 linhas
2026-05-04 11:53:38,757 [INFO] pipeline.cvm:   DFP dfc_mi 2022: 20 linhas
2026-05-04 11:53:38,813 [WARNING] pipeline.cvm:   Empresa 7544 não encontrada em dfc_md 2022
2026-05-04 11:53:39,051 [INFO] pipeline.cvm:   DFP dre 2023: 72 linhas
2026-05-04 11:53:39,548 [INFO] pipeline.cvm:   DFP bpa 2023: 120 linhas
2026-05-04 11:53:40,347 [INFO] pipeline.cvm:   DFP bpp 2023: 228 linhas
2026-05-04 11:53:40,728 [INFO] pipeline.cvm:   DFP dfc_mi 2023: 20 linhas
2026-05-04 11:53:40,758 [WARNING] pipeline.cvm:   Empresa 7544 não encontrada em dfc_md 2023
2026-05-04 11:53:41,076 [INFO] pipeline.cvm:   DFP dre 2023: 68 linhas
2026-05-04 11:53:41,721 [INFO] pipeline.cvm:   DFP bpa 2023: 124 linhas
2026-05-04 11:53:42,828 [INFO] pipeline.cvm:   DFP bpp 2023: 230 linhas
2026-05-04 11:53:43,393 [INFO] pipeline.cvm:   DFP dfc_mi 2023: 20 linhas
2026-05-04 11:53:43,429 [WARNING] pipeline.cvm:   Empresa 7544 não encontrada em dfc_md 2023
2026-05-04 11:53:43,658 [INFO] pipeline.cvm:   DFP dre 2024: 72 linhas
2026-05-04 11:53:44,042 [INFO] pipeline.cvm:   DFP bpa 2024: 120 linhas
2026-05-04 11:53:44,745 [INFO] pipeline.cvm:   DFP bpp 2024: 228 linhas
2026-05-04 11:53:45,129 [INFO] pipeline.cvm:   DFP dfc_mi 2024: 20 linhas
2026-05-04 11:53:45,159 [WARNING] pipeline.cvm:   Empresa 7544 não encontrada em dfc_md 2024
2026-05-04 11:53:45,477 [INFO] pipeline.cvm:   DFP dre 2024: 68 linhas
2026-05-04 11:53:46,067 [INFO] pipeline.cvm:   DFP bpa 2024: 124 linhas
2026-05-04 11:53:47,087 [INFO] pipeline.cvm:   DFP bpp 2024: 230 linhas
2026-05-04 11:53:47,588 [INFO] pipeline.cvm:   DFP dfc_mi 2024: 20 linhas
2026-05-04 11:53:47,619 [WARNING] pipeline.cvm:   Empresa 7544 não encontrada em dfc_md 2024
2026-05-04 11:53:47,838 [INFO] pipeline.cvm:   DFP dre 2025: 72 linhas
2026-05-04 11:53:48,202 [INFO] pipeline.cvm:   DFP bpa 2025: 120 linhas
2026-05-04 11:53:48,823 [INFO] pipeline.cvm:   DFP bpp 2025: 228 linhas
2026-05-04 11:53:49,157 [INFO] pipeline.cvm:   DFP dfc_mi 2025: 20 linhas
2026-05-04 11:53:49,181 [WARNING] pipeline.cvm:   Empresa 7544 não encontrada em dfc_md 2025
2026-05-04 11:53:49,453 [INFO] pipeline.cvm:   DFP dre 2025: 68 linhas
2026-05-04 11:53:49,992 [INFO] pipeline.cvm:   DFP bpa 2025: 124 linhas
2026-05-04 11:53:50,993 [INFO] pipeline.cvm:   DFP bpp 2025: 228 linhas
2026-05-04 11:53:51,463 [INFO] pipeline.cvm:   DFP dfc_mi 2025: 20 linhas
2026-05-04 11:53:51,493 [WARNING] pipeline.cvm:   Empresa 7544 não encontrada em dfc_md 2025
2026-05-04 11:53:54,399 [INFO] pipeline:   KEPL3: score=95/100 | critical=0 | warnings=1
2026-05-04 11:53:54,400 [INFO] pipeline:   Relatorio: C:\Users\55819\OneDrive - EPEJUD\DIEGO\OBSIDIAN\Analista de Investimentos\12_PYTHON\pipeline banco completo\outputs\data_quality\audit_KEPL3_20260504.md
2026-05-04 11:53:54,400 [INFO] pipeline: 
Auditorando SUZB3...
2026-05-04 11:53:54,605 [WARNING] pipeline.cvm:   Empresa 18538 não encontrada em dre 2020
2026-05-04 11:53:54,958 [WARNING] pipeline.cvm:   Empresa 18538 não encontrada em bpa 2020
2026-05-04 11:53:55,560 [WARNING] pipeline.cvm:   Empresa 18538 não encontrada em bpp 2020
2026-05-04 11:53:55,878 [WARNING] pipeline.cvm:   Empresa 18538 não encontrada em dfc_mi 2020
2026-05-04 11:53:55,900 [WARNING] pipeline.cvm:   Empresa 18538 não encontrada em dfc_md 2020
2026-05-04 11:53:56,230 [INFO] pipeline.cvm:   DFP dre 2020: 56 linhas
2026-05-04 11:53:56,959 [INFO] pipeline.cvm:   DFP bpa 2020: 114 linhas
2026-05-04 11:53:58,032 [INFO] pipeline.cvm:   DFP bpp 2020: 208 linhas
2026-05-04 11:53:58,537 [INFO] pipeline.cvm:   DFP dfc_mi 2020: 20 linhas
2026-05-04 11:53:58,574 [WARNING] pipeline.cvm:   Empresa 18538 não encontrada em dfc_md 2020
2026-05-04 11:53:58,796 [WARNING] pipeline.cvm:   Empresa 18538 não encontrada em dre 2021
2026-05-04 11:53:59,188 [WARNING] pipeline.cvm:   Empresa 18538 não encontrada em bpa 2021
2026-05-04 11:54:00,071 [WARNING] pipeline.cvm:   Empresa 18538 não encontrada em bpp 2021
2026-05-04 11:54:00,587 [WARNING] pipeline.cvm:   Empresa 18538 não encontrada em dfc_mi 2021
2026-05-04 11:54:00,618 [WARNING] pipeline.cvm:   Empresa 18538 não encontrada em dfc_md 2021
2026-05-04 11:54:00,946 [INFO] pipeline.cvm:   DFP dre 2021: 56 linhas
2026-05-04 11:54:01,541 [INFO] pipeline.cvm:   DFP bpa 2021: 114 linhas
2026-05-04 11:54:02,631 [INFO] pipeline.cvm:   DFP bpp 2021: 208 linhas
2026-05-04 11:54:03,132 [INFO] pipeline.cvm:   DFP dfc_mi 2021: 20 linhas
2026-05-04 11:54:03,170 [WARNING] pipeline.cvm:   Empresa 18538 não encontrada em dfc_md 2021
2026-05-04 11:54:03,419 [WARNING] pipeline.cvm:   Empresa 18538 não encontrada em dre 2022
2026-05-04 11:54:03,864 [WARNING] pipeline.cvm:   Empresa 18538 não encontrada em bpa 2022
2026-05-04 11:54:04,625 [WARNING] pipeline.cvm:   Empresa 18538 não encontrada em bpp 2022
2026-05-04 11:54:05,018 [WARNING] pipeline.cvm:   Empresa 18538 não encontrada em dfc_mi 2022
2026-05-04 11:54:05,049 [WARNING] pipeline.cvm:   Empresa 18538 não encontrada em dfc_md 2022
2026-05-04 11:54:05,371 [INFO] pipeline.cvm:   DFP dre 2022: 56 linhas
2026-05-04 11:54:05,982 [INFO] pipeline.cvm:   DFP bpa 2022: 114 linhas
2026-05-04 11:54:07,220 [INFO] pipeline.cvm:   DFP bpp 2022: 210 linhas
2026-05-04 11:54:07,719 [INFO] pipeline.cvm:   DFP dfc_mi 2022: 20 linhas
2026-05-04 11:54:07,762 [WARNING] pipeline.cvm:   Empresa 18538 não encontrada em dfc_md 2022
2026-05-04 11:54:08,000 [WARNING] pipeline.cvm:   Empresa 18538 não encontrada em dre 2023
2026-05-04 11:54:08,443 [WARNING] pipeline.cvm:   Empresa 18538 não encontrada em bpa 2023
2026-05-04 11:54:09,250 [WARNING] pipeline.cvm:   Empresa 18538 não encontrada em bpp 2023
2026-05-04 11:54:09,645 [WARNING] pipeline.cvm:   Empresa 18538 não encontrada em dfc_mi 2023
2026-05-04 11:54:09,676 [WARNING] pipeline.cvm:   Empresa 18538 não encontrada em dfc_md 2023
2026-05-04 11:54:10,017 [INFO] pipeline.cvm:   DFP dre 2023: 56 linhas
2026-05-04 11:54:10,634 [INFO] pipeline.cvm:   DFP bpa 2023: 116 linhas
2026-05-04 11:54:11,695 [INFO] pipeline.cvm:   DFP bpp 2023: 210 linhas
2026-05-04 11:54:12,237 [INFO] pipeline.cvm:   DFP dfc_mi 2023: 20 linhas
2026-05-04 11:54:12,285 [WARNING] pipeline.cvm:   Empresa 18538 não encontrada em dfc_md 2023
2026-05-04 11:54:12,539 [WARNING] pipeline.cvm:   Empresa 18538 não encontrada em dre 2024
2026-05-04 11:54:12,945 [WARNING] pipeline.cvm:   Empresa 18538 não encontrada em bpa 2024
2026-05-04 11:54:13,647 [WARNING] pipeline.cvm:   Empresa 18538 não encontrada em bpp 2024
2026-05-04 11:54:14,038 [WARNING] pipeline.cvm:   Empresa 18538 não encontrada em dfc_mi 2024
2026-05-04 11:54:14,062 [WARNING] pipeline.cvm:   Empresa 18538 não encontrada em dfc_md 2024
2026-05-04 11:54:14,381 [INFO] pipeline.cvm:   DFP dre 2024: 56 linhas
2026-05-04 11:54:14,987 [INFO] pipeline.cvm:   DFP bpa 2024: 116 linhas
2026-05-04 11:54:16,013 [INFO] pipeline.cvm:   DFP bpp 2024: 212 linhas
2026-05-04 11:54:16,532 [INFO] pipeline.cvm:   DFP dfc_mi 2024: 20 linhas
2026-05-04 11:54:16,573 [WARNING] pipeline.cvm:   Empresa 18538 não encontrada em dfc_md 2024
2026-05-04 11:54:16,787 [WARNING] pipeline.cvm:   Empresa 18538 não encontrada em dre 2025
2026-05-04 11:54:17,146 [WARNING] pipeline.cvm:   Empresa 18538 não encontrada em bpa 2025
2026-05-04 11:54:17,770 [WARNING] pipeline.cvm:   Empresa 18538 não encontrada em bpp 2025
2026-05-04 11:54:18,132 [WARNING] pipeline.cvm:   Empresa 18538 não encontrada em dfc_mi 2025
2026-05-04 11:54:18,157 [WARNING] pipeline.cvm:   Empresa 18538 não encontrada em dfc_md 2025
2026-05-04 11:54:18,445 [WARNING] pipeline.cvm:   Empresa 18538 não encontrada em dre 2025
2026-05-04 11:54:18,987 [WARNING] pipeline.cvm:   Empresa 18538 não encontrada em bpa 2025
2026-05-04 11:54:20,123 [WARNING] pipeline.cvm:   Empresa 18538 não encontrada em bpp 2025
2026-05-04 11:54:20,604 [WARNING] pipeline.cvm:   Empresa 18538 não encontrada em dfc_mi 2025
2026-05-04 11:54:20,641 [WARNING] pipeline.cvm:   Empresa 18538 não encontrada em dfc_md 2025
2026-05-04 11:54:23,067 [INFO] pipeline:   SUZB3: score=77/100 | critical=1 | warnings=1
2026-05-04 11:54:23,067 [INFO] pipeline:   Relatorio: C:\Users\55819\OneDrive - EPEJUD\DIEGO\OBSIDIAN\Analista de Investimentos\12_PYTHON\pipeline banco completo\outputs\data_quality\audit_SUZB3_20260504.md
2026-05-04 11:54:23,067 [INFO] pipeline: 
Auditorando KLBN11...
2026-05-04 11:54:23,295 [INFO] pipeline.cvm:   DFP dre 2020: 68 linhas
2026-05-04 11:54:23,656 [INFO] pipeline.cvm:   DFP bpa 2020: 122 linhas
2026-05-04 11:54:24,317 [INFO] pipeline.cvm:   DFP bpp 2020: 238 linhas
2026-05-04 11:54:24,641 [INFO] pipeline.cvm:   DFP dfc_mi 2020: 134 linhas
2026-05-04 11:54:24,662 [WARNING] pipeline.cvm:   Empresa 12653 não encontrada em dfc_md 2020
2026-05-04 11:54:25,032 [INFO] pipeline.cvm:   DFP dre 2020: 64 linhas
2026-05-04 11:54:25,786 [INFO] pipeline.cvm:   DFP bpa 2020: 122 linhas
2026-05-04 11:54:26,943 [INFO] pipeline.cvm:   DFP bpp 2020: 236 linhas
2026-05-04 11:54:27,409 [INFO] pipeline.cvm:   DFP dfc_mi 2020: 126 linhas
2026-05-04 11:54:27,440 [WARNING] pipeline.cvm:   Empresa 12653 não encontrada em dfc_md 2020
2026-05-04 11:54:27,667 [INFO] pipeline.cvm:   DFP dre 2021: 68 linhas
2026-05-04 11:54:28,045 [INFO] pipeline.cvm:   DFP bpa 2021: 122 linhas
2026-05-04 11:54:28,721 [INFO] pipeline.cvm:   DFP bpp 2021: 240 linhas
2026-05-04 11:54:29,075 [INFO] pipeline.cvm:   DFP dfc_mi 2021: 134 linhas
2026-05-04 11:54:29,103 [WARNING] pipeline.cvm:   Empresa 12653 não encontrada em dfc_md 2021
2026-05-04 11:54:29,442 [INFO] pipeline.cvm:   DFP dre 2021: 64 linhas
2026-05-04 11:54:30,127 [INFO] pipeline.cvm:   DFP bpa 2021: 122 linhas
2026-05-04 11:54:31,415 [INFO] pipeline.cvm:   DFP bpp 2021: 236 linhas
2026-05-04 11:54:31,909 [INFO] pipeline.cvm:   DFP dfc_mi 2021: 126 linhas
2026-05-04 11:54:31,950 [WARNING] pipeline.cvm:   Empresa 12653 não encontrada em dfc_md 2021
2026-05-04 11:54:32,195 [INFO] pipeline.cvm:   DFP dre 2022: 68 linhas
2026-05-04 11:54:32,612 [INFO] pipeline.cvm:   DFP bpa 2022: 122 linhas
2026-05-04 11:54:33,492 [INFO] pipeline.cvm:   DFP bpp 2022: 246 linhas
2026-05-04 11:54:33,849 [INFO] pipeline.cvm:   DFP dfc_mi 2022: 134 linhas
2026-05-04 11:54:33,875 [WARNING] pipeline.cvm:   Empresa 12653 não encontrada em dfc_md 2022
2026-05-04 11:54:34,180 [INFO] pipeline.cvm:   DFP dre 2022: 64 linhas
2026-05-04 11:54:34,769 [INFO] pipeline.cvm:   DFP bpa 2022: 122 linhas
2026-05-04 11:54:35,924 [INFO] pipeline.cvm:   DFP bpp 2022: 244 linhas
2026-05-04 11:54:36,398 [INFO] pipeline.cvm:   DFP dfc_mi 2022: 128 linhas
2026-05-04 11:54:36,437 [WARNING] pipeline.cvm:   Empresa 12653 não encontrada em dfc_md 2022
2026-05-04 11:54:36,664 [INFO] pipeline.cvm:   DFP dre 2023: 68 linhas
2026-05-04 11:54:37,050 [INFO] pipeline.cvm:   DFP bpa 2023: 124 linhas
2026-05-04 11:54:37,711 [INFO] pipeline.cvm:   DFP bpp 2023: 248 linhas
2026-05-04 11:54:38,091 [INFO] pipeline.cvm:   DFP dfc_mi 2023: 134 linhas
2026-05-04 11:54:38,116 [WARNING] pipeline.cvm:   Empresa 12653 não encontrada em dfc_md 2023
2026-05-04 11:54:38,423 [INFO] pipeline.cvm:   DFP dre 2023: 64 linhas
2026-05-04 11:54:39,005 [INFO] pipeline.cvm:   DFP bpa 2023: 124 linhas
2026-05-04 11:54:40,123 [INFO] pipeline.cvm:   DFP bpp 2023: 248 linhas
2026-05-04 11:54:40,609 [INFO] pipeline.cvm:   DFP dfc_mi 2023: 100 linhas
2026-05-04 11:54:40,655 [WARNING] pipeline.cvm:   Empresa 12653 não encontrada em dfc_md 2023
2026-05-04 11:54:40,890 [INFO] pipeline.cvm:   DFP dre 2024: 76 linhas
2026-05-04 11:54:41,325 [INFO] pipeline.cvm:   DFP bpa 2024: 132 linhas
2026-05-04 11:54:41,983 [INFO] pipeline.cvm:   DFP bpp 2024: 254 linhas
2026-05-04 11:54:42,422 [INFO] pipeline.cvm:   DFP dfc_mi 2024: 114 linhas
2026-05-04 11:54:42,449 [WARNING] pipeline.cvm:   Empresa 12653 não encontrada em dfc_md 2024
2026-05-04 11:54:42,742 [INFO] pipeline.cvm:   DFP dre 2024: 72 linhas
2026-05-04 11:54:43,306 [INFO] pipeline.cvm:   DFP bpa 2024: 138 linhas
2026-05-04 11:54:44,401 [INFO] pipeline.cvm:   DFP bpp 2024: 252 linhas
2026-05-04 11:54:44,934 [INFO] pipeline.cvm:   DFP dfc_mi 2024: 104 linhas
2026-05-04 11:54:44,968 [WARNING] pipeline.cvm:   Empresa 12653 não encontrada em dfc_md 2024
2026-05-04 11:54:45,186 [INFO] pipeline.cvm:   DFP dre 2025: 76 linhas
2026-05-04 11:54:45,539 [INFO] pipeline.cvm:   DFP bpa 2025: 138 linhas
2026-05-04 11:54:46,197 [INFO] pipeline.cvm:   DFP bpp 2025: 260 linhas
2026-05-04 11:54:46,572 [INFO] pipeline.cvm:   DFP dfc_mi 2025: 124 linhas
2026-05-04 11:54:46,597 [WARNING] pipeline.cvm:   Empresa 12653 não encontrada em dfc_md 2025
2026-05-04 11:54:46,896 [INFO] pipeline.cvm:   DFP dre 2025: 72 linhas
2026-05-04 11:54:47,440 [INFO] pipeline.cvm:   DFP bpa 2025: 138 linhas
2026-05-04 11:54:48,354 [INFO] pipeline.cvm:   DFP bpp 2025: 258 linhas
2026-05-04 11:54:48,854 [INFO] pipeline.cvm:   DFP dfc_mi 2025: 120 linhas
2026-05-04 11:54:48,889 [WARNING] pipeline.cvm:   Empresa 12653 não encontrada em dfc_md 2025
2026-05-04 11:54:51,589 [INFO] pipeline:   KLBN11: score=95/100 | critical=0 | warnings=1
2026-05-04 11:54:51,589 [INFO] pipeline:   Relatorio: C:\Users\55819\OneDrive - EPEJUD\DIEGO\OBSIDIAN\Analista de Investimentos\12_PYTHON\pipeline banco completo\outputs\data_quality\audit_KLBN11_20260504.md
2026-05-04 11:54:51,589 [INFO] pipeline: 
Auditorando RANI3...
2026-05-04 11:54:51,827 [INFO] pipeline.cvm:   DFP dre 2020: 76 linhas
2026-05-04 11:54:52,179 [INFO] pipeline.cvm:   DFP bpa 2020: 94 linhas
2026-05-04 11:54:52,827 [INFO] pipeline.cvm:   DFP bpp 2020: 120 linhas
2026-05-04 11:54:53,168 [INFO] pipeline.cvm:   DFP dfc_mi 2020: 68 linhas
2026-05-04 11:54:53,188 [WARNING] pipeline.cvm:   Empresa 3891 não encontrada em dfc_md 2020
2026-05-04 11:54:53,504 [INFO] pipeline.cvm:   DFP dre 2020: 100 linhas
2026-05-04 11:54:54,095 [INFO] pipeline.cvm:   DFP bpa 2020: 114 linhas
2026-05-04 11:54:55,195 [INFO] pipeline.cvm:   DFP bpp 2020: 140 linhas
2026-05-04 11:54:55,671 [INFO] pipeline.cvm:   DFP dfc_mi 2020: 78 linhas
2026-05-04 11:54:55,704 [WARNING] pipeline.cvm:   Empresa 3891 não encontrada em dfc_md 2020
2026-05-04 11:54:55,922 [INFO] pipeline.cvm:   DFP dre 2021: 84 linhas
2026-05-04 11:54:56,317 [INFO] pipeline.cvm:   DFP bpa 2021: 120 linhas
2026-05-04 11:54:57,051 [INFO] pipeline.cvm:   DFP bpp 2021: 136 linhas
2026-05-04 11:54:57,423 [INFO] pipeline.cvm:   DFP dfc_mi 2021: 70 linhas
2026-05-04 11:54:57,451 [WARNING] pipeline.cvm:   Empresa 3891 não encontrada em dfc_md 2021
2026-05-04 11:54:57,782 [INFO] pipeline.cvm:   DFP dre 2021: 100 linhas
2026-05-04 11:54:58,440 [INFO] pipeline.cvm:   DFP bpa 2021: 122 linhas
2026-05-04 11:54:59,532 [INFO] pipeline.cvm:   DFP bpp 2021: 124 linhas
2026-05-04 11:55:00,019 [INFO] pipeline.cvm:   DFP dfc_mi 2021: 86 linhas
2026-05-04 11:55:00,058 [WARNING] pipeline.cvm:   Empresa 3891 não encontrada em dfc_md 2021
2026-05-04 11:55:00,364 [INFO] pipeline.cvm:   DFP dre 2022: 84 linhas
2026-05-04 11:55:00,816 [INFO] pipeline.cvm:   DFP bpa 2022: 120 linhas
2026-05-04 11:55:01,623 [INFO] pipeline.cvm:   DFP bpp 2022: 136 linhas
2026-05-04 11:55:02,055 [INFO] pipeline.cvm:   DFP dfc_mi 2022: 70 linhas
2026-05-04 11:55:02,084 [WARNING] pipeline.cvm:   Empresa 3891 não encontrada em dfc_md 2022
2026-05-04 11:55:02,409 [INFO] pipeline.cvm:   DFP dre 2022: 100 linhas
2026-05-04 11:55:03,014 [INFO] pipeline.cvm:   DFP bpa 2022: 122 linhas
2026-05-04 11:55:04,136 [INFO] pipeline.cvm:   DFP bpp 2022: 124 linhas
2026-05-04 11:55:04,621 [INFO] pipeline.cvm:   DFP dfc_mi 2022: 86 linhas
2026-05-04 11:55:04,659 [WARNING] pipeline.cvm:   Empresa 3891 não encontrada em dfc_md 2022
2026-05-04 11:55:04,915 [INFO] pipeline.cvm:   DFP dre 2023: 84 linhas
2026-05-04 11:55:05,329 [INFO] pipeline.cvm:   DFP bpa 2023: 120 linhas
2026-05-04 11:55:06,088 [INFO] pipeline.cvm:   DFP bpp 2023: 138 linhas
2026-05-04 11:55:06,478 [INFO] pipeline.cvm:   DFP dfc_mi 2023: 76 linhas
2026-05-04 11:55:06,501 [WARNING] pipeline.cvm:   Empresa 3891 não encontrada em dfc_md 2023
2026-05-04 11:55:06,843 [INFO] pipeline.cvm:   DFP dre 2023: 100 linhas
2026-05-04 11:55:07,439 [INFO] pipeline.cvm:   DFP bpa 2023: 122 linhas
2026-05-04 11:55:08,483 [INFO] pipeline.cvm:   DFP bpp 2023: 126 linhas
2026-05-04 11:55:08,967 [INFO] pipeline.cvm:   DFP dfc_mi 2023: 86 linhas
2026-05-04 11:55:09,007 [WARNING] pipeline.cvm:   Empresa 3891 não encontrada em dfc_md 2023
2026-05-04 11:55:09,221 [WARNING] pipeline.cvm:   Empresa 3891 não encontrada em dre 2024
2026-05-04 11:55:09,600 [WARNING] pipeline.cvm:   Empresa 3891 não encontrada em bpa 2024
2026-05-04 11:55:10,265 [WARNING] pipeline.cvm:   Empresa 3891 não encontrada em bpp 2024
2026-05-04 11:55:10,620 [WARNING] pipeline.cvm:   Empresa 3891 não encontrada em dfc_mi 2024
2026-05-04 11:55:10,641 [WARNING] pipeline.cvm:   Empresa 3891 não encontrada em dfc_md 2024
2026-05-04 11:55:10,935 [WARNING] pipeline.cvm:   Empresa 3891 não encontrada em dre 2024
2026-05-04 11:55:11,495 [WARNING] pipeline.cvm:   Empresa 3891 não encontrada em bpa 2024
2026-05-04 11:55:12,486 [WARNING] pipeline.cvm:   Empresa 3891 não encontrada em bpp 2024
2026-05-04 11:55:12,975 [WARNING] pipeline.cvm:   Empresa 3891 não encontrada em dfc_mi 2024
2026-05-04 11:55:13,011 [WARNING] pipeline.cvm:   Empresa 3891 não encontrada em dfc_md 2024
2026-05-04 11:55:13,203 [WARNING] pipeline.cvm:   Empresa 3891 não encontrada em dre 2025
2026-05-04 11:55:13,544 [WARNING] pipeline.cvm:   Empresa 3891 não encontrada em bpa 2025
2026-05-04 11:55:14,131 [WARNING] pipeline.cvm:   Empresa 3891 não encontrada em bpp 2025
2026-05-04 11:55:14,469 [WARNING] pipeline.cvm:   Empresa 3891 não encontrada em dfc_mi 2025
2026-05-04 11:55:14,490 [WARNING] pipeline.cvm:   Empresa 3891 não encontrada em dfc_md 2025
2026-05-04 11:55:14,759 [WARNING] pipeline.cvm:   Empresa 3891 não encontrada em dre 2025
2026-05-04 11:55:15,282 [WARNING] pipeline.cvm:   Empresa 3891 não encontrada em bpa 2025
2026-05-04 11:55:16,231 [WARNING] pipeline.cvm:   Empresa 3891 não encontrada em bpp 2025
2026-05-04 11:55:16,687 [WARNING] pipeline.cvm:   Empresa 3891 não encontrada em dfc_mi 2025
2026-05-04 11:55:16,717 [WARNING] pipeline.cvm:   Empresa 3891 não encontrada em dfc_md 2025
2026-05-04 11:55:18,442 [INFO] pipeline:   RANI3: score=5/100 | critical=5 | warnings=1
2026-05-04 11:55:18,443 [INFO] pipeline:   Relatorio: C:\Users\55819\OneDrive - EPEJUD\DIEGO\OBSIDIAN\Analista de Investimentos\12_PYTHON\pipeline banco completo\outputs\data_quality\audit_RANI3_20260504.md
2026-05-04 11:55:18,443 [INFO] pipeline: 
Auditorando RAIL3...
2026-05-04 11:55:18,646 [WARNING] pipeline.cvm:   Empresa 21725 não encontrada em dre 2020
2026-05-04 11:55:18,998 [WARNING] pipeline.cvm:   Empresa 21725 não encontrada em bpa 2020
2026-05-04 11:55:19,614 [WARNING] pipeline.cvm:   Empresa 21725 não encontrada em bpp 2020
2026-05-04 11:55:19,960 [WARNING] pipeline.cvm:   Empresa 21725 não encontrada em dfc_mi 2020
2026-05-04 11:55:19,979 [WARNING] pipeline.cvm:   Empresa 21725 não encontrada em dfc_md 2020
2026-05-04 11:55:20,296 [WARNING] pipeline.cvm:   Empresa 21725 não encontrada em dre 2020
2026-05-04 11:55:20,906 [WARNING] pipeline.cvm:   Empresa 21725 não encontrada em bpa 2020
2026-05-04 11:55:22,019 [WARNING] pipeline.cvm:   Empresa 21725 não encontrada em bpp 2020
2026-05-04 11:55:22,521 [WARNING] pipeline.cvm:   Empresa 21725 não encontrada em dfc_mi 2020
2026-05-04 11:55:22,596 [WARNING] pipeline.cvm:   Empresa 21725 não encontrada em dfc_md 2020
2026-05-04 11:55:22,822 [WARNING] pipeline.cvm:   Empresa 21725 não encontrada em dre 2021
2026-05-04 11:55:23,203 [WARNING] pipeline.cvm:   Empresa 21725 não encontrada em bpa 2021
2026-05-04 11:55:23,944 [WARNING] pipeline.cvm:   Empresa 21725 não encontrada em bpp 2021
2026-05-04 11:55:24,287 [WARNING] pipeline.cvm:   Empresa 21725 não encontrada em dfc_mi 2021
2026-05-04 11:55:24,313 [WARNING] pipeline.cvm:   Empresa 21725 não encontrada em dfc_md 2021
2026-05-04 11:55:24,638 [WARNING] pipeline.cvm:   Empresa 21725 não encontrada em dre 2021
2026-05-04 11:55:25,249 [WARNING] pipeline.cvm:   Empresa 21725 não encontrada em bpa 2021
2026-05-04 11:55:26,397 [WARNING] pipeline.cvm:   Empresa 21725 não encontrada em bpp 2021
2026-05-04 11:55:26,918 [WARNING] pipeline.cvm:   Empresa 21725 não encontrada em dfc_mi 2021
2026-05-04 11:55:26,956 [WARNING] pipeline.cvm:   Empresa 21725 não encontrada em dfc_md 2021
2026-05-04 11:55:27,185 [WARNING] pipeline.cvm:   Empresa 21725 não encontrada em dre 2022
2026-05-04 11:55:27,582 [WARNING] pipeline.cvm:   Empresa 21725 não encontrada em bpa 2022
2026-05-04 11:55:28,427 [WARNING] pipeline.cvm:   Empresa 21725 não encontrada em bpp 2022
2026-05-04 11:55:28,816 [WARNING] pipeline.cvm:   Empresa 21725 não encontrada em dfc_mi 2022
2026-05-04 11:55:28,848 [WARNING] pipeline.cvm:   Empresa 21725 não encontrada em dfc_md 2022
2026-05-04 11:55:29,165 [WARNING] pipeline.cvm:   Empresa 21725 não encontrada em dre 2022
2026-05-04 11:55:29,762 [WARNING] pipeline.cvm:   Empresa 21725 não encontrada em bpa 2022
2026-05-04 11:55:30,930 [WARNING] pipeline.cvm:   Empresa 21725 não encontrada em bpp 2022
2026-05-04 11:55:31,423 [WARNING] pipeline.cvm:   Empresa 21725 não encontrada em dfc_mi 2022
2026-05-04 11:55:31,470 [WARNING] pipeline.cvm:   Empresa 21725 não encontrada em dfc_md 2022
2026-05-04 11:55:31,721 [WARNING] pipeline.cvm:   Empresa 21725 não encontrada em dre 2023
2026-05-04 11:55:32,154 [WARNING] pipeline.cvm:   Empresa 21725 não encontrada em bpa 2023
2026-05-04 11:55:32,901 [WARNING] pipeline.cvm:   Empresa 21725 não encontrada em bpp 2023
2026-05-04 11:55:33,300 [WARNING] pipeline.cvm:   Empresa 21725 não encontrada em dfc_mi 2023
2026-05-04 11:55:33,328 [WARNING] pipeline.cvm:   Empresa 21725 não encontrada em dfc_md 2023
2026-05-04 11:55:33,654 [WARNING] pipeline.cvm:   Empresa 21725 não encontrada em dre 2023
2026-05-04 11:55:34,266 [WARNING] pipeline.cvm:   Empresa 21725 não encontrada em bpa 2023
2026-05-04 11:55:35,342 [WARNING] pipeline.cvm:   Empresa 21725 não encontrada em bpp 2023
2026-05-04 11:55:35,849 [WARNING] pipeline.cvm:   Empresa 21725 não encontrada em dfc_mi 2023
2026-05-04 11:55:35,891 [WARNING] pipeline.cvm:   Empresa 21725 não encontrada em dfc_md 2023
2026-05-04 11:55:36,109 [WARNING] pipeline.cvm:   Empresa 21725 não encontrada em dre 2024
2026-05-04 11:55:36,507 [WARNING] pipeline.cvm:   Empresa 21725 não encontrada em bpa 2024
2026-05-04 11:55:37,238 [WARNING] pipeline.cvm:   Empresa 21725 não encontrada em bpp 2024
2026-05-04 11:55:37,605 [WARNING] pipeline.cvm:   Empresa 21725 não encontrada em dfc_mi 2024
2026-05-04 11:55:37,634 [WARNING] pipeline.cvm:   Empresa 21725 não encontrada em dfc_md 2024
2026-05-04 11:55:37,941 [WARNING] pipeline.cvm:   Empresa 21725 não encontrada em dre 2024
2026-05-04 11:55:38,525 [WARNING] pipeline.cvm:   Empresa 21725 não encontrada em bpa 2024
2026-05-04 11:55:39,509 [WARNING] pipeline.cvm:   Empresa 21725 não encontrada em bpp 2024
2026-05-04 11:55:39,999 [WARNING] pipeline.cvm:   Empresa 21725 não encontrada em dfc_mi 2024
2026-05-04 11:55:40,036 [WARNING] pipeline.cvm:   Empresa 21725 não encontrada em dfc_md 2024
2026-05-04 11:55:40,235 [WARNING] pipeline.cvm:   Empresa 21725 não encontrada em dre 2025
2026-05-04 11:55:40,571 [WARNING] pipeline.cvm:   Empresa 21725 não encontrada em bpa 2025
2026-05-04 11:55:41,161 [WARNING] pipeline.cvm:   Empresa 21725 não encontrada em bpp 2025
2026-05-04 11:55:41,493 [WARNING] pipeline.cvm:   Empresa 21725 não encontrada em dfc_mi 2025
2026-05-04 11:55:41,514 [WARNING] pipeline.cvm:   Empresa 21725 não encontrada em dfc_md 2025
2026-05-04 11:55:41,780 [WARNING] pipeline.cvm:   Empresa 21725 não encontrada em dre 2025
2026-05-04 11:55:42,293 [WARNING] pipeline.cvm:   Empresa 21725 não encontrada em bpa 2025
2026-05-04 11:55:43,213 [WARNING] pipeline.cvm:   Empresa 21725 não encontrada em bpp 2025
2026-05-04 11:55:43,687 [WARNING] pipeline.cvm:   Empresa 21725 não encontrada em dfc_mi 2025
2026-05-04 11:55:43,722 [WARNING] pipeline.cvm:   Empresa 21725 não encontrada em dfc_md 2025
2026-05-04 11:55:43,733 [INFO] pipeline:   RAIL3: score=0/100 | critical=9 | warnings=1
2026-05-04 11:55:43,734 [INFO] pipeline:   Relatorio: C:\Users\55819\OneDrive - EPEJUD\DIEGO\OBSIDIAN\Analista de Investimentos\12_PYTHON\pipeline banco completo\outputs\data_quality\audit_RAIL3_20260504.md
2026-05-04 11:55:43,734 [INFO] pipeline: 
Auditorando JSLG3...
2026-05-04 11:55:43,937 [WARNING] pipeline.cvm:   Empresa 20940 não encontrada em dre 2020
2026-05-04 11:55:44,291 [WARNING] pipeline.cvm:   Empresa 20940 não encontrada em bpa 2020
2026-05-04 11:55:44,893 [WARNING] pipeline.cvm:   Empresa 20940 não encontrada em bpp 2020
2026-05-04 11:55:45,220 [WARNING] pipeline.cvm:   Empresa 20940 não encontrada em dfc_mi 2020
2026-05-04 11:55:45,245 [WARNING] pipeline.cvm:   Empresa 20940 não encontrada em dfc_md 2020
2026-05-04 11:55:45,567 [WARNING] pipeline.cvm:   Empresa 20940 não encontrada em dre 2020
2026-05-04 11:55:46,216 [WARNING] pipeline.cvm:   Empresa 20940 não encontrada em bpa 2020
2026-05-04 11:55:47,367 [WARNING] pipeline.cvm:   Empresa 20940 não encontrada em bpp 2020
2026-05-04 11:55:47,835 [WARNING] pipeline.cvm:   Empresa 20940 não encontrada em dfc_mi 2020
2026-05-04 11:55:47,871 [WARNING] pipeline.cvm:   Empresa 20940 não encontrada em dfc_md 2020
2026-05-04 11:55:48,090 [WARNING] pipeline.cvm:   Empresa 20940 não encontrada em dre 2021
2026-05-04 11:55:48,465 [WARNING] pipeline.cvm:   Empresa 20940 não encontrada em bpa 2021
2026-05-04 11:55:49,129 [WARNING] pipeline.cvm:   Empresa 20940 não encontrada em bpp 2021
2026-05-04 11:55:49,482 [WARNING] pipeline.cvm:   Empresa 20940 não encontrada em dfc_mi 2021
2026-05-04 11:55:49,509 [WARNING] pipeline.cvm:   Empresa 20940 não encontrada em dfc_md 2021
2026-05-04 11:55:49,833 [WARNING] pipeline.cvm:   Empresa 20940 não encontrada em dre 2021
2026-05-04 11:55:50,448 [WARNING] pipeline.cvm:   Empresa 20940 não encontrada em bpa 2021
2026-05-04 11:55:51,587 [WARNING] pipeline.cvm:   Empresa 20940 não encontrada em bpp 2021
2026-05-04 11:55:52,042 [WARNING] pipeline.cvm:   Empresa 20940 não encontrada em dfc_mi 2021
2026-05-04 11:55:52,081 [WARNING] pipeline.cvm:   Empresa 20940 não encontrada em dfc_md 2021
2026-05-04 11:55:52,304 [WARNING] pipeline.cvm:   Empresa 20940 não encontrada em dre 2022
2026-05-04 11:55:52,707 [WARNING] pipeline.cvm:   Empresa 20940 não encontrada em bpa 2022
2026-05-04 11:55:53,397 [WARNING] pipeline.cvm:   Empresa 20940 não encontrada em bpp 2022
2026-05-04 11:55:53,773 [WARNING] pipeline.cvm:   Empresa 20940 não encontrada em dfc_mi 2022
2026-05-04 11:55:53,805 [WARNING] pipeline.cvm:   Empresa 20940 não encontrada em dfc_md 2022
2026-05-04 11:55:54,179 [WARNING] pipeline.cvm:   Empresa 20940 não encontrada em dre 2022
2026-05-04 11:55:54,830 [WARNING] pipeline.cvm:   Empresa 20940 não encontrada em bpa 2022
2026-05-04 11:55:55,853 [WARNING] pipeline.cvm:   Empresa 20940 não encontrada em bpp 2022
2026-05-04 11:55:56,348 [WARNING] pipeline.cvm:   Empresa 20940 não encontrada em dfc_mi 2022
2026-05-04 11:55:56,387 [WARNING] pipeline.cvm:   Empresa 20940 não encontrada em dfc_md 2022
2026-05-04 11:55:56,626 [WARNING] pipeline.cvm:   Empresa 20940 não encontrada em dre 2023
2026-05-04 11:55:57,023 [WARNING] pipeline.cvm:   Empresa 20940 não encontrada em bpa 2023
2026-05-04 11:55:57,928 [WARNING] pipeline.cvm:   Empresa 20940 não encontrada em bpp 2023
2026-05-04 11:55:58,307 [WARNING] pipeline.cvm:   Empresa 20940 não encontrada em dfc_mi 2023
2026-05-04 11:55:58,335 [WARNING] pipeline.cvm:   Empresa 20940 não encontrada em dfc_md 2023
2026-05-04 11:55:58,680 [WARNING] pipeline.cvm:   Empresa 20940 não encontrada em dre 2023
2026-05-04 11:55:59,328 [WARNING] pipeline.cvm:   Empresa 20940 não encontrada em bpa 2023
2026-05-04 11:56:00,653 [WARNING] pipeline.cvm:   Empresa 20940 não encontrada em bpp 2023
2026-05-04 11:56:01,228 [WARNING] pipeline.cvm:   Empresa 20940 não encontrada em dfc_mi 2023
2026-05-04 11:56:01,280 [WARNING] pipeline.cvm:   Empresa 20940 não encontrada em dfc_md 2023
2026-05-04 11:56:01,512 [WARNING] pipeline.cvm:   Empresa 20940 não encontrada em dre 2024
2026-05-04 11:56:01,916 [WARNING] pipeline.cvm:   Empresa 20940 não encontrada em bpa 2024
2026-05-04 11:56:02,722 [WARNING] pipeline.cvm:   Empresa 20940 não encontrada em bpp 2024
2026-05-04 11:56:03,202 [WARNING] pipeline.cvm:   Empresa 20940 não encontrada em dfc_mi 2024
2026-05-04 11:56:03,245 [WARNING] pipeline.cvm:   Empresa 20940 não encontrada em dfc_md 2024
2026-05-04 11:56:03,583 [WARNING] pipeline.cvm:   Empresa 20940 não encontrada em dre 2024
2026-05-04 11:56:04,292 [WARNING] pipeline.cvm:   Empresa 20940 não encontrada em bpa 2024
2026-05-04 11:56:05,341 [WARNING] pipeline.cvm:   Empresa 20940 não encontrada em bpp 2024
2026-05-04 11:56:05,864 [WARNING] pipeline.cvm:   Empresa 20940 não encontrada em dfc_mi 2024
2026-05-04 11:56:05,906 [WARNING] pipeline.cvm:   Empresa 20940 não encontrada em dfc_md 2024
2026-05-04 11:56:06,108 [WARNING] pipeline.cvm:   Empresa 20940 não encontrada em dre 2025
2026-05-04 11:56:06,475 [WARNING] pipeline.cvm:   Empresa 20940 não encontrada em bpa 2025
2026-05-04 11:56:07,270 [WARNING] pipeline.cvm:   Empresa 20940 não encontrada em bpp 2025
2026-05-04 11:56:07,626 [WARNING] pipeline.cvm:   Empresa 20940 não encontrada em dfc_mi 2025
2026-05-04 11:56:07,652 [WARNING] pipeline.cvm:   Empresa 20940 não encontrada em dfc_md 2025
2026-05-04 11:56:07,945 [WARNING] pipeline.cvm:   Empresa 20940 não encontrada em dre 2025
2026-05-04 11:56:08,506 [WARNING] pipeline.cvm:   Empresa 20940 não encontrada em bpa 2025
2026-05-04 11:56:09,495 [WARNING] pipeline.cvm:   Empresa 20940 não encontrada em bpp 2025
2026-05-04 11:56:10,006 [WARNING] pipeline.cvm:   Empresa 20940 não encontrada em dfc_mi 2025
2026-05-04 11:56:10,036 [WARNING] pipeline.cvm:   Empresa 20940 não encontrada em dfc_md 2025
2026-05-04 11:56:10,046 [INFO] pipeline:   JSLG3: score=0/100 | critical=9 | warnings=1
2026-05-04 11:56:10,046 [INFO] pipeline:   Relatorio: C:\Users\55819\OneDrive - EPEJUD\DIEGO\OBSIDIAN\Analista de Investimentos\12_PYTHON\pipeline banco completo\outputs\data_quality\audit_JSLG3_20260504.md
2026-05-04 11:56:10,046 [INFO] pipeline: 
Auditorando SIMH3...
2026-05-04 11:56:10,266 [WARNING] pipeline.cvm:   Empresa 8621 não encontrada em dre 2020
2026-05-04 11:56:10,631 [WARNING] pipeline.cvm:   Empresa 8621 não encontrada em bpa 2020
2026-05-04 11:56:11,239 [WARNING] pipeline.cvm:   Empresa 8621 não encontrada em bpp 2020
2026-05-04 11:56:11,567 [WARNING] pipeline.cvm:   Empresa 8621 não encontrada em dfc_mi 2020
2026-05-04 11:56:11,588 [WARNING] pipeline.cvm:   Empresa 8621 não encontrada em dfc_md 2020
2026-05-04 11:56:11,918 [WARNING] pipeline.cvm:   Empresa 8621 não encontrada em dre 2020
2026-05-04 11:56:12,513 [WARNING] pipeline.cvm:   Empresa 8621 não encontrada em bpa 2020
2026-05-04 11:56:13,511 [WARNING] pipeline.cvm:   Empresa 8621 não encontrada em bpp 2020
2026-05-04 11:56:14,159 [WARNING] pipeline.cvm:   Empresa 8621 não encontrada em dfc_mi 2020
2026-05-04 11:56:14,198 [WARNING] pipeline.cvm:   Empresa 8621 não encontrada em dfc_md 2020
2026-05-04 11:56:14,519 [WARNING] pipeline.cvm:   Empresa 8621 não encontrada em dre 2021
2026-05-04 11:56:14,902 [WARNING] pipeline.cvm:   Empresa 8621 não encontrada em bpa 2021
2026-05-04 11:56:15,664 [WARNING] pipeline.cvm:   Empresa 8621 não encontrada em bpp 2021
2026-05-04 11:56:16,115 [WARNING] pipeline.cvm:   Empresa 8621 não encontrada em dfc_mi 2021
2026-05-04 11:56:16,145 [WARNING] pipeline.cvm:   Empresa 8621 não encontrada em dfc_md 2021
2026-05-04 11:56:16,490 [WARNING] pipeline.cvm:   Empresa 8621 não encontrada em dre 2021
2026-05-04 11:56:17,147 [WARNING] pipeline.cvm:   Empresa 8621 não encontrada em bpa 2021
2026-05-04 11:56:18,290 [WARNING] pipeline.cvm:   Empresa 8621 não encontrada em bpp 2021
2026-05-04 11:56:18,790 [WARNING] pipeline.cvm:   Empresa 8621 não encontrada em dfc_mi 2021
2026-05-04 11:56:18,827 [WARNING] pipeline.cvm:   Empresa 8621 não encontrada em dfc_md 2021
2026-05-04 11:56:19,064 [WARNING] pipeline.cvm:   Empresa 8621 não encontrada em dre 2022
2026-05-04 11:56:19,475 [WARNING] pipeline.cvm:   Empresa 8621 não encontrada em bpa 2022
2026-05-04 11:56:20,169 [WARNING] pipeline.cvm:   Empresa 8621 não encontrada em bpp 2022
2026-05-04 11:56:20,546 [WARNING] pipeline.cvm:   Empresa 8621 não encontrada em dfc_mi 2022
2026-05-04 11:56:20,577 [WARNING] pipeline.cvm:   Empresa 8621 não encontrada em dfc_md 2022
2026-05-04 11:56:20,943 [WARNING] pipeline.cvm:   Empresa 8621 não encontrada em dre 2022
2026-05-04 11:56:21,600 [WARNING] pipeline.cvm:   Empresa 8621 não encontrada em bpa 2022
2026-05-04 11:56:22,934 [WARNING] pipeline.cvm:   Empresa 8621 não encontrada em bpp 2022
2026-05-04 11:56:23,498 [WARNING] pipeline.cvm:   Empresa 8621 não encontrada em dfc_mi 2022
2026-05-04 11:56:23,540 [WARNING] pipeline.cvm:   Empresa 8621 não encontrada em dfc_md 2022
2026-05-04 11:56:23,790 [WARNING] pipeline.cvm:   Empresa 8621 não encontrada em dre 2023
2026-05-04 11:56:24,210 [WARNING] pipeline.cvm:   Empresa 8621 não encontrada em bpa 2023
2026-05-04 11:56:24,941 [WARNING] pipeline.cvm:   Empresa 8621 não encontrada em bpp 2023
2026-05-04 11:56:25,334 [WARNING] pipeline.cvm:   Empresa 8621 não encontrada em dfc_mi 2023
2026-05-04 11:56:25,364 [WARNING] pipeline.cvm:   Empresa 8621 não encontrada em dfc_md 2023
2026-05-04 11:56:25,698 [WARNING] pipeline.cvm:   Empresa 8621 não encontrada em dre 2023
2026-05-04 11:56:26,350 [WARNING] pipeline.cvm:   Empresa 8621 não encontrada em bpa 2023
2026-05-04 11:56:27,518 [WARNING] pipeline.cvm:   Empresa 8621 não encontrada em bpp 2023
2026-05-04 11:56:28,032 [WARNING] pipeline.cvm:   Empresa 8621 não encontrada em dfc_mi 2023
2026-05-04 11:56:28,080 [WARNING] pipeline.cvm:   Empresa 8621 não encontrada em dfc_md 2023
2026-05-04 11:56:28,328 [WARNING] pipeline.cvm:   Empresa 8621 não encontrada em dre 2024
2026-05-04 11:56:28,743 [WARNING] pipeline.cvm:   Empresa 8621 não encontrada em bpa 2024
2026-05-04 11:56:29,558 [WARNING] pipeline.cvm:   Empresa 8621 não encontrada em bpp 2024
2026-05-04 11:56:29,937 [WARNING] pipeline.cvm:   Empresa 8621 não encontrada em dfc_mi 2024
2026-05-04 11:56:29,970 [WARNING] pipeline.cvm:   Empresa 8621 não encontrada em dfc_md 2024
2026-05-04 11:56:30,305 [WARNING] pipeline.cvm:   Empresa 8621 não encontrada em dre 2024
2026-05-04 11:56:30,997 [WARNING] pipeline.cvm:   Empresa 8621 não encontrada em bpa 2024
2026-05-04 11:56:32,026 [WARNING] pipeline.cvm:   Empresa 8621 não encontrada em bpp 2024
2026-05-04 11:56:32,539 [WARNING] pipeline.cvm:   Empresa 8621 não encontrada em dfc_mi 2024
2026-05-04 11:56:32,574 [WARNING] pipeline.cvm:   Empresa 8621 não encontrada em dfc_md 2024
2026-05-04 11:56:32,779 [WARNING] pipeline.cvm:   Empresa 8621 não encontrada em dre 2025
2026-05-04 11:56:33,146 [WARNING] pipeline.cvm:   Empresa 8621 não encontrada em bpa 2025
2026-05-04 11:56:33,870 [WARNING] pipeline.cvm:   Empresa 8621 não encontrada em bpp 2025
2026-05-04 11:56:34,238 [WARNING] pipeline.cvm:   Empresa 8621 não encontrada em dfc_mi 2025
2026-05-04 11:56:34,270 [WARNING] pipeline.cvm:   Empresa 8621 não encontrada em dfc_md 2025
2026-05-04 11:56:34,584 [WARNING] pipeline.cvm:   Empresa 8621 não encontrada em dre 2025
2026-05-04 11:56:35,118 [WARNING] pipeline.cvm:   Empresa 8621 não encontrada em bpa 2025
2026-05-04 11:56:36,257 [WARNING] pipeline.cvm:   Empresa 8621 não encontrada em bpp 2025
2026-05-04 11:56:36,860 [WARNING] pipeline.cvm:   Empresa 8621 não encontrada em dfc_mi 2025
2026-05-04 11:56:36,888 [WARNING] pipeline.cvm:   Empresa 8621 não encontrada em dfc_md 2025
2026-05-04 11:56:36,898 [INFO] pipeline:   SIMH3: score=0/100 | critical=9 | warnings=1
2026-05-04 11:56:36,898 [INFO] pipeline:   Relatorio: C:\Users\55819\OneDrive - EPEJUD\DIEGO\OBSIDIAN\Analista de Investimentos\12_PYTHON\pipeline banco completo\outputs\data_quality\audit_SIMH3_20260504.md
2026-05-04 11:56:36,899 [INFO] pipeline: 
Auditorando SEQL3...
2026-05-04 11:56:36,899 [INFO] pipeline.cvm: Buscando código CVM para SEQL3...
2026-05-04 11:56:37,614 [WARNING] pipeline.cvm: Ticker SEQL3 não encontrado no cadastro CVM
2026-05-04 11:56:37,624 [INFO] pipeline:   SEQL3: score=23/100 | critical=4 | warnings=1
2026-05-04 11:56:37,624 [INFO] pipeline:   Relatorio: C:\Users\55819\OneDrive - EPEJUD\DIEGO\OBSIDIAN\Analista de Investimentos\12_PYTHON\pipeline banco completo\outputs\data_quality\audit_SEQL3_20260504.md
2026-05-04 11:56:37,624 [INFO] pipeline: 
Auditorando TGMA3...
2026-05-04 11:56:37,852 [INFO] pipeline.cvm:   DFP dre 2020: 70 linhas
2026-05-04 11:56:38,271 [INFO] pipeline.cvm:   DFP bpa 2020: 132 linhas
2026-05-04 11:56:38,887 [INFO] pipeline.cvm:   DFP bpp 2020: 228 linhas
2026-05-04 11:56:39,212 [INFO] pipeline.cvm:   DFP dfc_mi 2020: 128 linhas
2026-05-04 11:56:39,231 [WARNING] pipeline.cvm:   Empresa 20800 não encontrada em dfc_md 2020
2026-05-04 11:56:39,537 [INFO] pipeline.cvm:   DFP dre 2020: 70 linhas
2026-05-04 11:56:40,113 [INFO] pipeline.cvm:   DFP bpa 2020: 128 linhas
2026-05-04 11:56:41,141 [INFO] pipeline.cvm:   DFP bpp 2020: 224 linhas
2026-05-04 11:56:41,607 [INFO] pipeline.cvm:   DFP dfc_mi 2020: 122 linhas
2026-05-04 11:56:41,636 [WARNING] pipeline.cvm:   Empresa 20800 não encontrada em dfc_md 2020
2026-05-04 11:56:41,877 [INFO] pipeline.cvm:   DFP dre 2021: 70 linhas
2026-05-04 11:56:42,264 [INFO] pipeline.cvm:   DFP bpa 2021: 134 linhas
2026-05-04 11:56:42,976 [INFO] pipeline.cvm:   DFP bpp 2021: 228 linhas
2026-05-04 11:56:43,323 [INFO] pipeline.cvm:   DFP dfc_mi 2021: 128 linhas
2026-05-04 11:56:43,349 [WARNING] pipeline.cvm:   Empresa 20800 não encontrada em dfc_md 2021
2026-05-04 11:56:43,667 [INFO] pipeline.cvm:   DFP dre 2021: 70 linhas
2026-05-04 11:56:44,248 [INFO] pipeline.cvm:   DFP bpa 2021: 134 linhas
2026-05-04 11:56:45,273 [INFO] pipeline.cvm:   DFP bpp 2021: 224 linhas
2026-05-04 11:56:45,732 [INFO] pipeline.cvm:   DFP dfc_mi 2021: 122 linhas
2026-05-04 11:56:45,767 [WARNING] pipeline.cvm:   Empresa 20800 não encontrada em dfc_md 2021
2026-05-04 11:56:45,984 [INFO] pipeline.cvm:   DFP dre 2022: 70 linhas
2026-05-04 11:56:46,360 [INFO] pipeline.cvm:   DFP bpa 2022: 134 linhas
2026-05-04 11:56:47,016 [INFO] pipeline.cvm:   DFP bpp 2022: 228 linhas
2026-05-04 11:56:47,388 [INFO] pipeline.cvm:   DFP dfc_mi 2022: 128 linhas
2026-05-04 11:56:47,434 [WARNING] pipeline.cvm:   Empresa 20800 não encontrada em dfc_md 2022
2026-05-04 11:56:47,777 [INFO] pipeline.cvm:   DFP dre 2022: 70 linhas
2026-05-04 11:56:48,356 [INFO] pipeline.cvm:   DFP bpa 2022: 134 linhas
2026-05-04 11:56:49,432 [INFO] pipeline.cvm:   DFP bpp 2022: 224 linhas
2026-05-04 11:56:49,910 [INFO] pipeline.cvm:   DFP dfc_mi 2022: 122 linhas
2026-05-04 11:56:49,946 [WARNING] pipeline.cvm:   Empresa 20800 não encontrada em dfc_md 2022
2026-05-04 11:56:50,168 [INFO] pipeline.cvm:   DFP dre 2023: 70 linhas
2026-05-04 11:56:50,554 [INFO] pipeline.cvm:   DFP bpa 2023: 134 linhas
2026-05-04 11:56:51,261 [INFO] pipeline.cvm:   DFP bpp 2023: 228 linhas
2026-05-04 11:56:51,637 [INFO] pipeline.cvm:   DFP dfc_mi 2023: 128 linhas
2026-05-04 11:56:51,662 [WARNING] pipeline.cvm:   Empresa 20800 não encontrada em dfc_md 2023
2026-05-04 11:56:51,976 [INFO] pipeline.cvm:   DFP dre 2023: 70 linhas
2026-05-04 11:56:52,584 [INFO] pipeline.cvm:   DFP bpa 2023: 134 linhas
2026-05-04 11:56:53,656 [INFO] pipeline.cvm:   DFP bpp 2023: 224 linhas
2026-05-04 11:56:54,219 [INFO] pipeline.cvm:   DFP dfc_mi 2023: 122 linhas
2026-05-04 11:56:54,257 [WARNING] pipeline.cvm:   Empresa 20800 não encontrada em dfc_md 2023
2026-05-04 11:56:54,474 [INFO] pipeline.cvm:   DFP dre 2024: 70 linhas
2026-05-04 11:56:54,912 [INFO] pipeline.cvm:   DFP bpa 2024: 134 linhas
2026-05-04 11:56:55,592 [INFO] pipeline.cvm:   DFP bpp 2024: 230 linhas
2026-05-04 11:56:55,968 [INFO] pipeline.cvm:   DFP dfc_mi 2024: 130 linhas
2026-05-04 11:56:55,995 [WARNING] pipeline.cvm:   Empresa 20800 não encontrada em dfc_md 2024
2026-05-04 11:56:56,307 [INFO] pipeline.cvm:   DFP dre 2024: 70 linhas
2026-05-04 11:56:56,891 [INFO] pipeline.cvm:   DFP bpa 2024: 134 linhas
2026-05-04 11:56:57,926 [INFO] pipeline.cvm:   DFP bpp 2024: 226 linhas
2026-05-04 11:56:58,451 [INFO] pipeline.cvm:   DFP dfc_mi 2024: 126 linhas
2026-05-04 11:56:58,490 [WARNING] pipeline.cvm:   Empresa 20800 não encontrada em dfc_md 2024
2026-05-04 11:56:58,696 [INFO] pipeline.cvm:   DFP dre 2025: 70 linhas
2026-05-04 11:56:59,088 [INFO] pipeline.cvm:   DFP bpa 2025: 134 linhas
2026-05-04 11:56:59,725 [INFO] pipeline.cvm:   DFP bpp 2025: 230 linhas
2026-05-04 11:57:00,105 [INFO] pipeline.cvm:   DFP dfc_mi 2025: 130 linhas
2026-05-04 11:57:00,129 [WARNING] pipeline.cvm:   Empresa 20800 não encontrada em dfc_md 2025
2026-05-04 11:57:00,450 [INFO] pipeline.cvm:   DFP dre 2025: 70 linhas
2026-05-04 11:57:01,027 [INFO] pipeline.cvm:   DFP bpa 2025: 134 linhas
2026-05-04 11:57:01,996 [INFO] pipeline.cvm:   DFP bpp 2025: 226 linhas
2026-05-04 11:57:02,485 [INFO] pipeline.cvm:   DFP dfc_mi 2025: 128 linhas
2026-05-04 11:57:02,514 [WARNING] pipeline.cvm:   Empresa 20800 não encontrada em dfc_md 2025
2026-05-04 11:57:05,002 [INFO] pipeline:   TGMA3: score=95/100 | critical=0 | warnings=1
2026-05-04 11:57:05,002 [INFO] pipeline:   Relatorio: C:\Users\55819\OneDrive - EPEJUD\DIEGO\OBSIDIAN\Analista de Investimentos\12_PYTHON\pipeline banco completo\outputs\data_quality\audit_TGMA3_20260504.md
2026-05-04 11:57:05,002 [INFO] pipeline: 
Auditorando EVEN3...
2026-05-04 11:57:05,228 [INFO] pipeline.cvm:   DFP dre 2020: 68 linhas
2026-05-04 11:57:05,573 [INFO] pipeline.cvm:   DFP bpa 2020: 154 linhas
2026-05-04 11:57:06,223 [INFO] pipeline.cvm:   DFP bpp 2020: 244 linhas
2026-05-04 11:57:06,579 [INFO] pipeline.cvm:   DFP dfc_mi 2020: 124 linhas
2026-05-04 11:57:06,603 [WARNING] pipeline.cvm:   Empresa 20915 não encontrada em dfc_md 2020
2026-05-04 11:57:06,939 [INFO] pipeline.cvm:   DFP dre 2020: 64 linhas
2026-05-04 11:57:07,539 [INFO] pipeline.cvm:   DFP bpa 2020: 156 linhas
2026-05-04 11:57:08,565 [INFO] pipeline.cvm:   DFP bpp 2020: 246 linhas
2026-05-04 11:57:09,029 [INFO] pipeline.cvm:   DFP dfc_mi 2020: 122 linhas
2026-05-04 11:57:09,062 [WARNING] pipeline.cvm:   Empresa 20915 não encontrada em dfc_md 2020
2026-05-04 11:57:09,279 [INFO] pipeline.cvm:   DFP dre 2021: 68 linhas
2026-05-04 11:57:09,674 [INFO] pipeline.cvm:   DFP bpa 2021: 154 linhas
2026-05-04 11:57:10,332 [INFO] pipeline.cvm:   DFP bpp 2021: 248 linhas
2026-05-04 11:57:10,682 [INFO] pipeline.cvm:   DFP dfc_mi 2021: 128 linhas
2026-05-04 11:57:10,705 [WARNING] pipeline.cvm:   Empresa 20915 não encontrada em dfc_md 2021
2026-05-04 11:57:11,020 [INFO] pipeline.cvm:   DFP dre 2021: 64 linhas
2026-05-04 11:57:11,649 [INFO] pipeline.cvm:   DFP bpa 2021: 156 linhas
2026-05-04 11:57:12,733 [INFO] pipeline.cvm:   DFP bpp 2021: 252 linhas
2026-05-04 11:57:13,206 [INFO] pipeline.cvm:   DFP dfc_mi 2021: 126 linhas
2026-05-04 11:57:13,240 [WARNING] pipeline.cvm:   Empresa 20915 não encontrada em dfc_md 2021
2026-05-04 11:57:13,467 [INFO] pipeline.cvm:   DFP dre 2022: 68 linhas
2026-05-04 11:57:13,942 [INFO] pipeline.cvm:   DFP bpa 2022: 154 linhas
2026-05-04 11:57:14,673 [INFO] pipeline.cvm:   DFP bpp 2022: 250 linhas
2026-05-04 11:57:15,037 [INFO] pipeline.cvm:   DFP dfc_mi 2022: 130 linhas
2026-05-04 11:57:15,064 [WARNING] pipeline.cvm:   Empresa 20915 não encontrada em dfc_md 2022
2026-05-04 11:57:15,386 [INFO] pipeline.cvm:   DFP dre 2022: 64 linhas
2026-05-04 11:57:15,975 [INFO] pipeline.cvm:   DFP bpa 2022: 156 linhas
2026-05-04 11:57:17,036 [INFO] pipeline.cvm:   DFP bpp 2022: 254 linhas
2026-05-04 11:57:17,506 [INFO] pipeline.cvm:   DFP dfc_mi 2022: 126 linhas
2026-05-04 11:57:17,543 [WARNING] pipeline.cvm:   Empresa 20915 não encontrada em dfc_md 2022
2026-05-04 11:57:17,762 [INFO] pipeline.cvm:   DFP dre 2023: 68 linhas
2026-05-04 11:57:18,144 [INFO] pipeline.cvm:   DFP bpa 2023: 154 linhas
2026-05-04 11:57:18,807 [INFO] pipeline.cvm:   DFP bpp 2023: 250 linhas
2026-05-04 11:57:19,173 [INFO] pipeline.cvm:   DFP dfc_mi 2023: 132 linhas
2026-05-04 11:57:19,199 [WARNING] pipeline.cvm:   Empresa 20915 não encontrada em dfc_md 2023
2026-05-04 11:57:19,514 [INFO] pipeline.cvm:   DFP dre 2023: 64 linhas
2026-05-04 11:57:20,126 [INFO] pipeline.cvm:   DFP bpa 2023: 154 linhas
2026-05-04 11:57:21,206 [INFO] pipeline.cvm:   DFP bpp 2023: 254 linhas
2026-05-04 11:57:21,749 [INFO] pipeline.cvm:   DFP dfc_mi 2023: 130 linhas
2026-05-04 11:57:21,790 [WARNING] pipeline.cvm:   Empresa 20915 não encontrada em dfc_md 2023
2026-05-04 11:57:22,012 [INFO] pipeline.cvm:   DFP dre 2024: 68 linhas
2026-05-04 11:57:22,434 [INFO] pipeline.cvm:   DFP bpa 2024: 154 linhas
2026-05-04 11:57:23,163 [INFO] pipeline.cvm:   DFP bpp 2024: 252 linhas
2026-05-04 11:57:23,550 [INFO] pipeline.cvm:   DFP dfc_mi 2024: 132 linhas
2026-05-04 11:57:23,576 [WARNING] pipeline.cvm:   Empresa 20915 não encontrada em dfc_md 2024
2026-05-04 11:57:23,898 [INFO] pipeline.cvm:   DFP dre 2024: 64 linhas
2026-05-04 11:57:24,502 [INFO] pipeline.cvm:   DFP bpa 2024: 156 linhas
2026-05-04 11:57:25,566 [INFO] pipeline.cvm:   DFP bpp 2024: 256 linhas
2026-05-04 11:57:26,069 [INFO] pipeline.cvm:   DFP dfc_mi 2024: 130 linhas
2026-05-04 11:57:26,102 [WARNING] pipeline.cvm:   Empresa 20915 não encontrada em dfc_md 2024
2026-05-04 11:57:26,319 [INFO] pipeline.cvm:   DFP dre 2025: 68 linhas
2026-05-04 11:57:26,696 [INFO] pipeline.cvm:   DFP bpa 2025: 154 linhas
2026-05-04 11:57:27,333 [INFO] pipeline.cvm:   DFP bpp 2025: 252 linhas
2026-05-04 11:57:27,682 [INFO] pipeline.cvm:   DFP dfc_mi 2025: 134 linhas
2026-05-04 11:57:27,706 [WARNING] pipeline.cvm:   Empresa 20915 não encontrada em dfc_md 2025
2026-05-04 11:57:27,991 [INFO] pipeline.cvm:   DFP dre 2025: 64 linhas
2026-05-04 11:57:28,510 [INFO] pipeline.cvm:   DFP bpa 2025: 156 linhas
2026-05-04 11:57:29,559 [INFO] pipeline.cvm:   DFP bpp 2025: 256 linhas
2026-05-04 11:57:30,046 [INFO] pipeline.cvm:   DFP dfc_mi 2025: 132 linhas
2026-05-04 11:57:30,078 [WARNING] pipeline.cvm:   Empresa 20915 não encontrada em dfc_md 2025
2026-05-04 11:57:33,102 [INFO] pipeline:   EVEN3: score=95/100 | critical=0 | warnings=1
2026-05-04 11:57:33,102 [INFO] pipeline:   Relatorio: C:\Users\55819\OneDrive - EPEJUD\DIEGO\OBSIDIAN\Analista de Investimentos\12_PYTHON\pipeline banco completo\outputs\data_quality\audit_EVEN3_20260504.md
2026-05-04 11:57:33,102 [INFO] pipeline: 
Auditorando MDNE3...
2026-05-04 11:57:33,104 [INFO] pipeline.cvm: Buscando código CVM para MDNE3...
2026-05-04 11:57:33,811 [WARNING] pipeline.cvm: Ticker MDNE3 não encontrado no cadastro CVM
2026-05-04 11:57:33,822 [INFO] pipeline:   MDNE3: score=23/100 | critical=4 | warnings=1
2026-05-04 11:57:33,822 [INFO] pipeline:   Relatorio: C:\Users\55819\OneDrive - EPEJUD\DIEGO\OBSIDIAN\Analista de Investimentos\12_PYTHON\pipeline banco completo\outputs\data_quality\audit_MDNE3_20260504.md
2026-05-04 11:57:33,823 [INFO] pipeline: 
Auditorando PLPL3...
2026-05-04 11:57:33,824 [INFO] pipeline.cvm: Buscando código CVM para PLPL3...
2026-05-04 11:57:34,562 [WARNING] pipeline.cvm: Ticker PLPL3 não encontrado no cadastro CVM
2026-05-04 11:57:34,575 [INFO] pipeline:   PLPL3: score=23/100 | critical=4 | warnings=1
2026-05-04 11:57:34,575 [INFO] pipeline:   Relatorio: C:\Users\55819\OneDrive - EPEJUD\DIEGO\OBSIDIAN\Analista de Investimentos\12_PYTHON\pipeline banco completo\outputs\data_quality\audit_PLPL3_20260504.md
2026-05-04 11:57:34,575 [INFO] pipeline: 
Auditorando MELK3...
2026-05-04 11:57:34,577 [INFO] pipeline.cvm: Buscando código CVM para MELK3...
2026-05-04 11:57:35,276 [WARNING] pipeline.cvm: Ticker MELK3 não encontrado no cadastro CVM
2026-05-04 11:57:35,288 [INFO] pipeline:   MELK3: score=23/100 | critical=4 | warnings=1
2026-05-04 11:57:35,288 [INFO] pipeline:   Relatorio: C:\Users\55819\OneDrive - EPEJUD\DIEGO\OBSIDIAN\Analista de Investimentos\12_PYTHON\pipeline banco completo\outputs\data_quality\audit_MELK3_20260504.md
2026-05-04 11:57:35,288 [INFO] pipeline: 
Auditorando LAVV3...
2026-05-04 11:57:35,290 [INFO] pipeline.cvm: Buscando código CVM para LAVV3...
2026-05-04 11:57:38,823 [WARNING] pipeline.cvm: Ticker LAVV3 não encontrado no cadastro CVM
2026-05-04 11:57:38,835 [INFO] pipeline:   LAVV3: score=23/100 | critical=4 | warnings=1
2026-05-04 11:57:38,835 [INFO] pipeline:   Relatorio: C:\Users\55819\OneDrive - EPEJUD\DIEGO\OBSIDIAN\Analista de Investimentos\12_PYTHON\pipeline banco completo\outputs\data_quality\audit_LAVV3_20260504.md
2026-05-04 11:57:38,835 [INFO] pipeline: 
Auditorando LREN3...
2026-05-04 11:57:39,056 [INFO] pipeline.cvm:   DFP dre 2020: 68 linhas
2026-05-04 11:57:39,440 [INFO] pipeline.cvm:   DFP bpa 2020: 132 linhas
2026-05-04 11:57:40,087 [INFO] pipeline.cvm:   DFP bpp 2020: 232 linhas
2026-05-04 11:57:40,493 [INFO] pipeline.cvm:   DFP dfc_mi 2020: 108 linhas
2026-05-04 11:57:40,512 [WARNING] pipeline.cvm:   Empresa 8133 não encontrada em dfc_md 2020
2026-05-04 11:57:40,822 [INFO] pipeline.cvm:   DFP dre 2020: 64 linhas
2026-05-04 11:57:41,551 [INFO] pipeline.cvm:   DFP bpa 2020: 134 linhas
2026-05-04 11:57:42,748 [INFO] pipeline.cvm:   DFP bpp 2020: 234 linhas
2026-05-04 11:57:43,215 [INFO] pipeline.cvm:   DFP dfc_mi 2020: 108 linhas
2026-05-04 11:57:43,247 [WARNING] pipeline.cvm:   Empresa 8133 não encontrada em dfc_md 2020
2026-05-04 11:57:43,474 [INFO] pipeline.cvm:   DFP dre 2021: 68 linhas
2026-05-04 11:57:43,928 [INFO] pipeline.cvm:   DFP bpa 2021: 132 linhas
2026-05-04 11:57:44,689 [INFO] pipeline.cvm:   DFP bpp 2021: 232 linhas
2026-05-04 11:57:45,045 [INFO] pipeline.cvm:   DFP dfc_mi 2021: 108 linhas
2026-05-04 11:57:45,074 [WARNING] pipeline.cvm:   Empresa 8133 não encontrada em dfc_md 2021
2026-05-04 11:57:45,498 [INFO] pipeline.cvm:   DFP dre 2021: 64 linhas
2026-05-04 11:57:46,098 [INFO] pipeline.cvm:   DFP bpa 2021: 134 linhas
2026-05-04 11:57:47,186 [INFO] pipeline.cvm:   DFP bpp 2021: 234 linhas
2026-05-04 11:57:47,669 [INFO] pipeline.cvm:   DFP dfc_mi 2021: 108 linhas
2026-05-04 11:57:47,706 [WARNING] pipeline.cvm:   Empresa 8133 não encontrada em dfc_md 2021
2026-05-04 11:57:47,932 [INFO] pipeline.cvm:   DFP dre 2022: 68 linhas
2026-05-04 11:57:48,343 [INFO] pipeline.cvm:   DFP bpa 2022: 132 linhas
2026-05-04 11:57:49,089 [INFO] pipeline.cvm:   DFP bpp 2022: 236 linhas
2026-05-04 11:57:49,470 [INFO] pipeline.cvm:   DFP dfc_mi 2022: 82 linhas
2026-05-04 11:57:49,509 [WARNING] pipeline.cvm:   Empresa 8133 não encontrada em dfc_md 2022
2026-05-04 11:57:49,858 [INFO] pipeline.cvm:   DFP dre 2022: 64 linhas
2026-05-04 11:57:50,474 [INFO] pipeline.cvm:   DFP bpa 2022: 134 linhas
2026-05-04 11:57:51,505 [INFO] pipeline.cvm:   DFP bpp 2022: 238 linhas
2026-05-04 11:57:52,018 [INFO] pipeline.cvm:   DFP dfc_mi 2022: 86 linhas
2026-05-04 11:57:52,057 [WARNING] pipeline.cvm:   Empresa 8133 não encontrada em dfc_md 2022
2026-05-04 11:57:52,285 [INFO] pipeline.cvm:   DFP dre 2023: 68 linhas
2026-05-04 11:57:52,685 [INFO] pipeline.cvm:   DFP bpa 2023: 132 linhas
2026-05-04 11:57:53,425 [INFO] pipeline.cvm:   DFP bpp 2023: 236 linhas
2026-05-04 11:57:53,795 [INFO] pipeline.cvm:   DFP dfc_mi 2023: 82 linhas
2026-05-04 11:57:53,822 [WARNING] pipeline.cvm:   Empresa 8133 não encontrada em dfc_md 2023
2026-05-04 11:57:54,140 [INFO] pipeline.cvm:   DFP dre 2023: 64 linhas
2026-05-04 11:57:54,741 [INFO] pipeline.cvm:   DFP bpa 2023: 134 linhas
2026-05-04 11:57:55,909 [INFO] pipeline.cvm:   DFP bpp 2023: 238 linhas
2026-05-04 11:57:56,434 [INFO] pipeline.cvm:   DFP dfc_mi 2023: 86 linhas
2026-05-04 11:57:56,473 [WARNING] pipeline.cvm:   Empresa 8133 não encontrada em dfc_md 2023
2026-05-04 11:57:56,689 [INFO] pipeline.cvm:   DFP dre 2024: 68 linhas
2026-05-04 11:57:57,071 [INFO] pipeline.cvm:   DFP bpa 2024: 132 linhas
2026-05-04 11:57:57,821 [INFO] pipeline.cvm:   DFP bpp 2024: 236 linhas
2026-05-04 11:57:58,209 [INFO] pipeline.cvm:   DFP dfc_mi 2024: 76 linhas
2026-05-04 11:57:58,237 [WARNING] pipeline.cvm:   Empresa 8133 não encontrada em dfc_md 2024
2026-05-04 11:57:58,548 [INFO] pipeline.cvm:   DFP dre 2024: 64 linhas
2026-05-04 11:57:59,143 [INFO] pipeline.cvm:   DFP bpa 2024: 134 linhas
2026-05-04 11:58:00,139 [INFO] pipeline.cvm:   DFP bpp 2024: 238 linhas
2026-05-04 11:58:00,677 [INFO] pipeline.cvm:   DFP dfc_mi 2024: 82 linhas
2026-05-04 11:58:00,710 [WARNING] pipeline.cvm:   Empresa 8133 não encontrada em dfc_md 2024
2026-05-04 11:58:00,908 [INFO] pipeline.cvm:   DFP dre 2025: 68 linhas
2026-05-04 11:58:01,258 [INFO] pipeline.cvm:   DFP bpa 2025: 136 linhas
2026-05-04 11:58:01,910 [INFO] pipeline.cvm:   DFP bpp 2025: 236 linhas
2026-05-04 11:58:02,303 [INFO] pipeline.cvm:   DFP dfc_mi 2025: 78 linhas
2026-05-04 11:58:02,330 [WARNING] pipeline.cvm:   Empresa 8133 não encontrada em dfc_md 2025
2026-05-04 11:58:02,635 [INFO] pipeline.cvm:   DFP dre 2025: 64 linhas
2026-05-04 11:58:03,209 [INFO] pipeline.cvm:   DFP bpa 2025: 138 linhas
2026-05-04 11:58:04,327 [INFO] pipeline.cvm:   DFP bpp 2025: 238 linhas
2026-05-04 11:58:04,890 [INFO] pipeline.cvm:   DFP dfc_mi 2025: 82 linhas
2026-05-04 11:58:04,916 [WARNING] pipeline.cvm:   Empresa 8133 não encontrada em dfc_md 2025
2026-05-04 11:58:07,832 [INFO] pipeline:   LREN3: score=95/100 | critical=0 | warnings=1
2026-05-04 11:58:07,832 [INFO] pipeline:   Relatorio: C:\Users\55819\OneDrive - EPEJUD\DIEGO\OBSIDIAN\Analista de Investimentos\12_PYTHON\pipeline banco completo\outputs\data_quality\audit_LREN3_20260504.md
2026-05-04 11:58:07,832 [INFO] pipeline: 
Auditorando MGLU3...
2026-05-04 11:58:08,050 [INFO] pipeline.cvm:   DFP dre 2020: 64 linhas
2026-05-04 11:58:08,521 [INFO] pipeline.cvm:   DFP bpa 2020: 124 linhas
2026-05-04 11:58:09,242 [INFO] pipeline.cvm:   DFP bpp 2020: 214 linhas
2026-05-04 11:58:09,578 [INFO] pipeline.cvm:   DFP dfc_mi 2020: 104 linhas
2026-05-04 11:58:09,599 [WARNING] pipeline.cvm:   Empresa 22470 não encontrada em dfc_md 2020
2026-05-04 11:58:09,914 [INFO] pipeline.cvm:   DFP dre 2020: 60 linhas
2026-05-04 11:58:10,516 [INFO] pipeline.cvm:   DFP bpa 2020: 126 linhas
2026-05-04 11:58:11,733 [INFO] pipeline.cvm:   DFP bpp 2020: 214 linhas
2026-05-04 11:58:12,255 [INFO] pipeline.cvm:   DFP dfc_mi 2020: 106 linhas
2026-05-04 11:58:12,285 [WARNING] pipeline.cvm:   Empresa 22470 não encontrada em dfc_md 2020
2026-05-04 11:58:12,584 [INFO] pipeline.cvm:   DFP dre 2021: 64 linhas
2026-05-04 11:58:13,133 [INFO] pipeline.cvm:   DFP bpa 2021: 128 linhas
2026-05-04 11:58:13,976 [INFO] pipeline.cvm:   DFP bpp 2021: 218 linhas
2026-05-04 11:58:14,383 [INFO] pipeline.cvm:   DFP dfc_mi 2021: 104 linhas
2026-05-04 11:58:14,411 [WARNING] pipeline.cvm:   Empresa 22470 não encontrada em dfc_md 2021
2026-05-04 11:58:14,818 [INFO] pipeline.cvm:   DFP dre 2021: 60 linhas
2026-05-04 11:58:15,564 [INFO] pipeline.cvm:   DFP bpa 2021: 130 linhas
2026-05-04 11:58:16,897 [INFO] pipeline.cvm:   DFP bpp 2021: 216 linhas
2026-05-04 11:58:17,455 [INFO] pipeline.cvm:   DFP dfc_mi 2021: 106 linhas
2026-05-04 11:58:17,492 [WARNING] pipeline.cvm:   Empresa 22470 não encontrada em dfc_md 2021
2026-05-04 11:58:17,775 [INFO] pipeline.cvm:   DFP dre 2022: 64 linhas
2026-05-04 11:58:18,391 [INFO] pipeline.cvm:   DFP bpa 2022: 128 linhas
2026-05-04 11:58:19,318 [INFO] pipeline.cvm:   DFP bpp 2022: 222 linhas
2026-05-04 11:58:19,821 [INFO] pipeline.cvm:   DFP dfc_mi 2022: 106 linhas
2026-05-04 11:58:19,863 [WARNING] pipeline.cvm:   Empresa 22470 não encontrada em dfc_md 2022
2026-05-04 11:58:20,260 [INFO] pipeline.cvm:   DFP dre 2022: 60 linhas
2026-05-04 11:58:21,027 [INFO] pipeline.cvm:   DFP bpa 2022: 130 linhas
2026-05-04 11:58:22,401 [INFO] pipeline.cvm:   DFP bpp 2022: 220 linhas
2026-05-04 11:58:22,956 [INFO] pipeline.cvm:   DFP dfc_mi 2022: 108 linhas
2026-05-04 11:58:22,998 [WARNING] pipeline.cvm:   Empresa 22470 não encontrada em dfc_md 2022
2026-05-04 11:58:23,235 [INFO] pipeline.cvm:   DFP dre 2023: 64 linhas
2026-05-04 11:58:23,649 [INFO] pipeline.cvm:   DFP bpa 2023: 128 linhas
2026-05-04 11:58:24,502 [INFO] pipeline.cvm:   DFP bpp 2023: 222 linhas
2026-05-04 11:58:24,904 [INFO] pipeline.cvm:   DFP dfc_mi 2023: 106 linhas
2026-05-04 11:58:24,930 [WARNING] pipeline.cvm:   Empresa 22470 não encontrada em dfc_md 2023
2026-05-04 11:58:25,246 [INFO] pipeline.cvm:   DFP dre 2023: 60 linhas
2026-05-04 11:58:25,883 [INFO] pipeline.cvm:   DFP bpa 2023: 130 linhas
2026-05-04 11:58:26,993 [INFO] pipeline.cvm:   DFP bpp 2023: 220 linhas
2026-05-04 11:58:27,498 [INFO] pipeline.cvm:   DFP dfc_mi 2023: 108 linhas
2026-05-04 11:58:27,535 [WARNING] pipeline.cvm:   Empresa 22470 não encontrada em dfc_md 2023
2026-05-04 11:58:27,757 [INFO] pipeline.cvm:   DFP dre 2024: 64 linhas
2026-05-04 11:58:28,147 [INFO] pipeline.cvm:   DFP bpa 2024: 128 linhas
2026-05-04 11:58:28,870 [INFO] pipeline.cvm:   DFP bpp 2024: 222 linhas
2026-05-04 11:58:29,240 [INFO] pipeline.cvm:   DFP dfc_mi 2024: 108 linhas
2026-05-04 11:58:29,267 [WARNING] pipeline.cvm:   Empresa 22470 não encontrada em dfc_md 2024
2026-05-04 11:58:29,620 [INFO] pipeline.cvm:   DFP dre 2024: 60 linhas
2026-05-04 11:58:30,270 [INFO] pipeline.cvm:   DFP bpa 2024: 130 linhas
2026-05-04 11:58:31,343 [INFO] pipeline.cvm:   DFP bpp 2024: 220 linhas
2026-05-04 11:58:31,953 [INFO] pipeline.cvm:   DFP dfc_mi 2024: 110 linhas
2026-05-04 11:58:32,004 [WARNING] pipeline.cvm:   Empresa 22470 não encontrada em dfc_md 2024
2026-05-04 11:58:32,256 [INFO] pipeline.cvm:   DFP dre 2025: 64 linhas
2026-05-04 11:58:32,695 [INFO] pipeline.cvm:   DFP bpa 2025: 128 linhas
2026-05-04 11:58:33,528 [INFO] pipeline.cvm:   DFP bpp 2025: 222 linhas
2026-05-04 11:58:33,934 [INFO] pipeline.cvm:   DFP dfc_mi 2025: 110 linhas
2026-05-04 11:58:33,964 [WARNING] pipeline.cvm:   Empresa 22470 não encontrada em dfc_md 2025
2026-05-04 11:58:34,286 [INFO] pipeline.cvm:   DFP dre 2025: 60 linhas
2026-05-04 11:58:34,941 [INFO] pipeline.cvm:   DFP bpa 2025: 130 linhas
2026-05-04 11:58:36,091 [INFO] pipeline.cvm:   DFP bpp 2025: 220 linhas
2026-05-04 11:58:36,661 [INFO] pipeline.cvm:   DFP dfc_mi 2025: 112 linhas
2026-05-04 11:58:36,702 [WARNING] pipeline.cvm:   Empresa 22470 não encontrada em dfc_md 2025
2026-05-04 11:58:40,031 [INFO] pipeline:   MGLU3: score=95/100 | critical=0 | warnings=1
2026-05-04 11:58:40,031 [INFO] pipeline:   Relatorio: C:\Users\55819\OneDrive - EPEJUD\DIEGO\OBSIDIAN\Analista de Investimentos\12_PYTHON\pipeline banco completo\outputs\data_quality\audit_MGLU3_20260504.md
2026-05-04 11:58:40,031 [INFO] pipeline: 
Auditorando BHIA3...
2026-05-04 11:58:40,267 [INFO] pipeline.cvm:   DFP dre 2020: 62 linhas
2026-05-04 11:58:40,649 [INFO] pipeline.cvm:   DFP bpa 2020: 128 linhas
2026-05-04 11:58:41,336 [INFO] pipeline.cvm:   DFP bpp 2020: 226 linhas
2026-05-04 11:58:41,687 [INFO] pipeline.cvm:   DFP dfc_mi 2020: 122 linhas
2026-05-04 11:58:41,708 [WARNING] pipeline.cvm:   Empresa 6505 não encontrada em dfc_md 2020
2026-05-04 11:58:42,038 [INFO] pipeline.cvm:   DFP dre 2020: 66 linhas
2026-05-04 11:58:42,631 [INFO] pipeline.cvm:   DFP bpa 2020: 130 linhas
2026-05-04 11:58:43,656 [INFO] pipeline.cvm:   DFP bpp 2020: 228 linhas
2026-05-04 11:58:44,143 [INFO] pipeline.cvm:   DFP dfc_mi 2020: 120 linhas
2026-05-04 11:58:44,181 [WARNING] pipeline.cvm:   Empresa 6505 não encontrada em dfc_md 2020
2026-05-04 11:58:44,405 [INFO] pipeline.cvm:   DFP dre 2021: 62 linhas
2026-05-04 11:58:44,792 [INFO] pipeline.cvm:   DFP bpa 2021: 128 linhas
2026-05-04 11:58:45,462 [INFO] pipeline.cvm:   DFP bpp 2021: 226 linhas
2026-05-04 11:58:45,825 [INFO] pipeline.cvm:   DFP dfc_mi 2021: 126 linhas
2026-05-04 11:58:45,855 [WARNING] pipeline.cvm:   Empresa 6505 não encontrada em dfc_md 2021
2026-05-04 11:58:46,191 [INFO] pipeline.cvm:   DFP dre 2021: 66 linhas
2026-05-04 11:58:46,870 [INFO] pipeline.cvm:   DFP bpa 2021: 130 linhas
2026-05-04 11:58:47,916 [INFO] pipeline.cvm:   DFP bpp 2021: 228 linhas
2026-05-04 11:58:48,417 [INFO] pipeline.cvm:   DFP dfc_mi 2021: 126 linhas
2026-05-04 11:58:48,450 [WARNING] pipeline.cvm:   Empresa 6505 não encontrada em dfc_md 2021
2026-05-04 11:58:48,694 [INFO] pipeline.cvm:   DFP dre 2022: 62 linhas
2026-05-04 11:58:49,101 [INFO] pipeline.cvm:   DFP bpa 2022: 128 linhas
2026-05-04 11:58:49,806 [INFO] pipeline.cvm:   DFP bpp 2022: 230 linhas
2026-05-04 11:58:50,176 [INFO] pipeline.cvm:   DFP dfc_mi 2022: 132 linhas
2026-05-04 11:58:50,208 [WARNING] pipeline.cvm:   Empresa 6505 não encontrada em dfc_md 2022
2026-05-04 11:58:50,520 [INFO] pipeline.cvm:   DFP dre 2022: 66 linhas
2026-05-04 11:58:51,134 [INFO] pipeline.cvm:   DFP bpa 2022: 130 linhas
2026-05-04 11:58:52,226 [INFO] pipeline.cvm:   DFP bpp 2022: 232 linhas
2026-05-04 11:58:52,725 [INFO] pipeline.cvm:   DFP dfc_mi 2022: 132 linhas
2026-05-04 11:58:52,764 [WARNING] pipeline.cvm:   Empresa 6505 não encontrada em dfc_md 2022
2026-05-04 11:58:52,997 [INFO] pipeline.cvm:   DFP dre 2023: 62 linhas
2026-05-04 11:58:53,466 [INFO] pipeline.cvm:   DFP bpa 2023: 128 linhas
2026-05-04 11:58:54,195 [INFO] pipeline.cvm:   DFP bpp 2023: 230 linhas
2026-05-04 11:58:54,562 [INFO] pipeline.cvm:   DFP dfc_mi 2023: 132 linhas
2026-05-04 11:58:54,589 [WARNING] pipeline.cvm:   Empresa 6505 não encontrada em dfc_md 2023
2026-05-04 11:58:54,915 [INFO] pipeline.cvm:   DFP dre 2023: 66 linhas
2026-05-04 11:58:55,516 [INFO] pipeline.cvm:   DFP bpa 2023: 130 linhas
2026-05-04 11:58:56,640 [INFO] pipeline.cvm:   DFP bpp 2023: 232 linhas
2026-05-04 11:58:57,149 [INFO] pipeline.cvm:   DFP dfc_mi 2023: 134 linhas
2026-05-04 11:58:57,188 [WARNING] pipeline.cvm:   Empresa 6505 não encontrada em dfc_md 2023
2026-05-04 11:58:57,420 [INFO] pipeline.cvm:   DFP dre 2024: 70 linhas
2026-05-04 11:58:57,813 [INFO] pipeline.cvm:   DFP bpa 2024: 128 linhas
2026-05-04 11:58:58,563 [INFO] pipeline.cvm:   DFP bpp 2024: 230 linhas
2026-05-04 11:58:58,936 [INFO] pipeline.cvm:   DFP dfc_mi 2024: 134 linhas
2026-05-04 11:58:58,964 [WARNING] pipeline.cvm:   Empresa 6505 não encontrada em dfc_md 2024
2026-05-04 11:58:59,268 [INFO] pipeline.cvm:   DFP dre 2024: 66 linhas
2026-05-04 11:58:59,888 [INFO] pipeline.cvm:   DFP bpa 2024: 130 linhas
2026-05-04 11:59:00,973 [INFO] pipeline.cvm:   DFP bpp 2024: 232 linhas
2026-05-04 11:59:01,476 [INFO] pipeline.cvm:   DFP dfc_mi 2024: 136 linhas
2026-05-04 11:59:01,504 [WARNING] pipeline.cvm:   Empresa 6505 não encontrada em dfc_md 2024
2026-05-04 11:59:01,711 [INFO] pipeline.cvm:   DFP dre 2025: 70 linhas
2026-05-04 11:59:02,078 [INFO] pipeline.cvm:   DFP bpa 2025: 132 linhas
2026-05-04 11:59:02,703 [INFO] pipeline.cvm:   DFP bpp 2025: 232 linhas
2026-05-04 11:59:03,054 [INFO] pipeline.cvm:   DFP dfc_mi 2025: 134 linhas
2026-05-04 11:59:03,078 [WARNING] pipeline.cvm:   Empresa 6505 não encontrada em dfc_md 2025
2026-05-04 11:59:03,356 [INFO] pipeline.cvm:   DFP dre 2025: 66 linhas
2026-05-04 11:59:03,901 [INFO] pipeline.cvm:   DFP bpa 2025: 134 linhas
2026-05-04 11:59:04,800 [INFO] pipeline.cvm:   DFP bpp 2025: 232 linhas
2026-05-04 11:59:05,291 [INFO] pipeline.cvm:   DFP dfc_mi 2025: 140 linhas
2026-05-04 11:59:05,324 [WARNING] pipeline.cvm:   Empresa 6505 não encontrada em dfc_md 2025
2026-05-04 11:59:07,946 [INFO] pipeline:   BHIA3: score=95/100 | critical=0 | warnings=1
2026-05-04 11:59:07,946 [INFO] pipeline:   Relatorio: C:\Users\55819\OneDrive - EPEJUD\DIEGO\OBSIDIAN\Analista de Investimentos\12_PYTHON\pipeline banco completo\outputs\data_quality\audit_BHIA3_20260504.md
2026-05-04 11:59:07,946 [INFO] pipeline: 
Auditorando ASAI3...
2026-05-04 11:59:08,170 [INFO] pipeline.cvm:   DFP dre 2020: 70 linhas
2026-05-04 11:59:08,528 [INFO] pipeline.cvm:   DFP bpa 2020: 130 linhas
2026-05-04 11:59:09,155 [INFO] pipeline.cvm:   DFP bpp 2020: 246 linhas
2026-05-04 11:59:09,501 [INFO] pipeline.cvm:   DFP dfc_mi 2020: 118 linhas
2026-05-04 11:59:09,522 [WARNING] pipeline.cvm:   Empresa 25372 não encontrada em dfc_md 2020
2026-05-04 11:59:09,845 [INFO] pipeline.cvm:   DFP dre 2020: 66 linhas
2026-05-04 11:59:10,419 [INFO] pipeline.cvm:   DFP bpa 2020: 140 linhas
2026-05-04 11:59:11,555 [INFO] pipeline.cvm:   DFP bpp 2020: 252 linhas
2026-05-04 11:59:12,029 [INFO] pipeline.cvm:   DFP dfc_mi 2020: 124 linhas
2026-05-04 11:59:12,057 [WARNING] pipeline.cvm:   Empresa 25372 não encontrada em dfc_md 2020
2026-05-04 11:59:12,270 [WARNING] pipeline.cvm:   Empresa 25372 não encontrada em dre 2021
2026-05-04 11:59:12,628 [WARNING] pipeline.cvm:   Empresa 25372 não encontrada em bpa 2021
2026-05-04 11:59:13,254 [WARNING] pipeline.cvm:   Empresa 25372 não encontrada em bpp 2021
2026-05-04 11:59:13,583 [WARNING] pipeline.cvm:   Empresa 25372 não encontrada em dfc_mi 2021
2026-05-04 11:59:13,607 [WARNING] pipeline.cvm:   Empresa 25372 não encontrada em dfc_md 2021
2026-05-04 11:59:13,916 [INFO] pipeline.cvm:   DFP dre 2021: 66 linhas
2026-05-04 11:59:14,499 [INFO] pipeline.cvm:   DFP bpa 2021: 140 linhas
2026-05-04 11:59:15,723 [INFO] pipeline.cvm:   DFP bpp 2021: 252 linhas
2026-05-04 11:59:16,199 [INFO] pipeline.cvm:   DFP dfc_mi 2021: 126 linhas
2026-05-04 11:59:16,232 [WARNING] pipeline.cvm:   Empresa 25372 não encontrada em dfc_md 2021
2026-05-04 11:59:16,454 [WARNING] pipeline.cvm:   Empresa 25372 não encontrada em dre 2022
2026-05-04 11:59:16,835 [WARNING] pipeline.cvm:   Empresa 25372 não encontrada em bpa 2022
2026-05-04 11:59:17,506 [WARNING] pipeline.cvm:   Empresa 25372 não encontrada em bpp 2022
2026-05-04 11:59:17,871 [WARNING] pipeline.cvm:   Empresa 25372 não encontrada em dfc_mi 2022
2026-05-04 11:59:17,899 [WARNING] pipeline.cvm:   Empresa 25372 não encontrada em dfc_md 2022
2026-05-04 11:59:18,209 [INFO] pipeline.cvm:   DFP dre 2022: 66 linhas
2026-05-04 11:59:18,836 [INFO] pipeline.cvm:   DFP bpa 2022: 140 linhas
2026-05-04 11:59:19,850 [INFO] pipeline.cvm:   DFP bpp 2022: 260 linhas
2026-05-04 11:59:20,339 [INFO] pipeline.cvm:   DFP dfc_mi 2022: 126 linhas
2026-05-04 11:59:20,386 [WARNING] pipeline.cvm:   Empresa 25372 não encontrada em dfc_md 2022
2026-05-04 11:59:20,623 [WARNING] pipeline.cvm:   Empresa 25372 não encontrada em dre 2023
2026-05-04 11:59:21,052 [WARNING] pipeline.cvm:   Empresa 25372 não encontrada em bpa 2023
2026-05-04 11:59:21,742 [WARNING] pipeline.cvm:   Empresa 25372 não encontrada em bpp 2023
2026-05-04 11:59:22,137 [WARNING] pipeline.cvm:   Empresa 25372 não encontrada em dfc_mi 2023
2026-05-04 11:59:22,178 [WARNING] pipeline.cvm:   Empresa 25372 não encontrada em dfc_md 2023
2026-05-04 11:59:22,584 [INFO] pipeline.cvm:   DFP dre 2023: 66 linhas
2026-05-04 11:59:23,191 [INFO] pipeline.cvm:   DFP bpa 2023: 140 linhas
2026-05-04 11:59:24,245 [INFO] pipeline.cvm:   DFP bpp 2023: 266 linhas
2026-05-04 11:59:24,748 [INFO] pipeline.cvm:   DFP dfc_mi 2023: 132 linhas
2026-05-04 11:59:24,787 [WARNING] pipeline.cvm:   Empresa 25372 não encontrada em dfc_md 2023
2026-05-04 11:59:25,014 [WARNING] pipeline.cvm:   Empresa 25372 não encontrada em dre 2024
2026-05-04 11:59:25,432 [WARNING] pipeline.cvm:   Empresa 25372 não encontrada em bpa 2024
2026-05-04 11:59:26,123 [WARNING] pipeline.cvm:   Empresa 25372 não encontrada em bpp 2024
2026-05-04 11:59:26,497 [WARNING] pipeline.cvm:   Empresa 25372 não encontrada em dfc_mi 2024
2026-05-04 11:59:26,524 [WARNING] pipeline.cvm:   Empresa 25372 não encontrada em dfc_md 2024
2026-05-04 11:59:26,840 [INFO] pipeline.cvm:   DFP dre 2024: 66 linhas
2026-05-04 11:59:27,444 [INFO] pipeline.cvm:   DFP bpa 2024: 144 linhas
2026-05-04 11:59:28,535 [INFO] pipeline.cvm:   DFP bpp 2024: 270 linhas
2026-05-04 11:59:29,039 [INFO] pipeline.cvm:   DFP dfc_mi 2024: 132 linhas
2026-05-04 11:59:29,074 [WARNING] pipeline.cvm:   Empresa 25372 não encontrada em dfc_md 2024
2026-05-04 11:59:29,287 [WARNING] pipeline.cvm:   Empresa 25372 não encontrada em dre 2025
2026-05-04 11:59:29,639 [WARNING] pipeline.cvm:   Empresa 25372 não encontrada em bpa 2025
2026-05-04 11:59:30,279 [WARNING] pipeline.cvm:   Empresa 25372 não encontrada em bpp 2025
2026-05-04 11:59:30,643 [WARNING] pipeline.cvm:   Empresa 25372 não encontrada em dfc_mi 2025
2026-05-04 11:59:30,667 [WARNING] pipeline.cvm:   Empresa 25372 não encontrada em dfc_md 2025
2026-05-04 11:59:30,950 [INFO] pipeline.cvm:   DFP dre 2025: 66 linhas
2026-05-04 11:59:31,491 [INFO] pipeline.cvm:   DFP bpa 2025: 144 linhas
2026-05-04 11:59:32,469 [INFO] pipeline.cvm:   DFP bpp 2025: 270 linhas
2026-05-04 11:59:32,999 [INFO] pipeline.cvm:   DFP dfc_mi 2025: 134 linhas
2026-05-04 11:59:33,038 [WARNING] pipeline.cvm:   Empresa 25372 não encontrada em dfc_md 2025
2026-05-04 11:59:36,164 [INFO] pipeline:   ASAI3: score=77/100 | critical=1 | warnings=1
2026-05-04 11:59:36,164 [INFO] pipeline:   Relatorio: C:\Users\55819\OneDrive - EPEJUD\DIEGO\OBSIDIAN\Analista de Investimentos\12_PYTHON\pipeline banco completo\outputs\data_quality\audit_ASAI3_20260504.md
2026-05-04 11:59:36,164 [INFO] pipeline: 
Auditorando PCAR3...
2026-05-04 11:59:36,412 [INFO] pipeline.cvm:   DFP dre 2020: 70 linhas
2026-05-04 11:59:36,803 [INFO] pipeline.cvm:   DFP bpa 2020: 130 linhas
2026-05-04 11:59:37,529 [INFO] pipeline.cvm:   DFP bpp 2020: 246 linhas
2026-05-04 11:59:37,876 [INFO] pipeline.cvm:   DFP dfc_mi 2020: 122 linhas
2026-05-04 11:59:37,898 [WARNING] pipeline.cvm:   Empresa 14826 não encontrada em dfc_md 2020
2026-05-04 11:59:38,325 [INFO] pipeline.cvm:   DFP dre 2020: 66 linhas
2026-05-04 11:59:39,034 [INFO] pipeline.cvm:   DFP bpa 2020: 140 linhas
2026-05-04 11:59:40,187 [INFO] pipeline.cvm:   DFP bpp 2020: 246 linhas
2026-05-04 11:59:40,669 [INFO] pipeline.cvm:   DFP dfc_mi 2020: 126 linhas
2026-05-04 11:59:40,702 [WARNING] pipeline.cvm:   Empresa 14826 não encontrada em dfc_md 2020
2026-05-04 11:59:40,939 [INFO] pipeline.cvm:   DFP dre 2021: 70 linhas
2026-05-04 11:59:41,339 [INFO] pipeline.cvm:   DFP bpa 2021: 130 linhas
2026-05-04 11:59:41,992 [INFO] pipeline.cvm:   DFP bpp 2021: 246 linhas
2026-05-04 11:59:42,326 [INFO] pipeline.cvm:   DFP dfc_mi 2021: 124 linhas
2026-05-04 11:59:42,351 [WARNING] pipeline.cvm:   Empresa 14826 não encontrada em dfc_md 2021
2026-05-04 11:59:42,663 [INFO] pipeline.cvm:   DFP dre 2021: 66 linhas
2026-05-04 11:59:43,259 [INFO] pipeline.cvm:   DFP bpa 2021: 140 linhas
2026-05-04 11:59:44,406 [INFO] pipeline.cvm:   DFP bpp 2021: 246 linhas
2026-05-04 11:59:44,924 [INFO] pipeline.cvm:   DFP dfc_mi 2021: 126 linhas
2026-05-04 11:59:44,958 [WARNING] pipeline.cvm:   Empresa 14826 não encontrada em dfc_md 2021
2026-05-04 11:59:45,195 [INFO] pipeline.cvm:   DFP dre 2022: 70 linhas
2026-05-04 11:59:45,619 [INFO] pipeline.cvm:   DFP bpa 2022: 132 linhas
2026-05-04 11:59:46,377 [INFO] pipeline.cvm:   DFP bpp 2022: 250 linhas
2026-05-04 11:59:46,796 [INFO] pipeline.cvm:   DFP dfc_mi 2022: 124 linhas
2026-05-04 11:59:46,828 [WARNING] pipeline.cvm:   Empresa 14826 não encontrada em dfc_md 2022
2026-05-04 11:59:47,171 [INFO] pipeline.cvm:   DFP dre 2022: 66 linhas
2026-05-04 11:59:47,823 [INFO] pipeline.cvm:   DFP bpa 2022: 142 linhas
2026-05-04 11:59:49,171 [INFO] pipeline.cvm:   DFP bpp 2022: 250 linhas
2026-05-04 11:59:49,690 [INFO] pipeline.cvm:   DFP dfc_mi 2022: 126 linhas
2026-05-04 11:59:49,726 [WARNING] pipeline.cvm:   Empresa 14826 não encontrada em dfc_md 2022
2026-05-04 11:59:49,980 [INFO] pipeline.cvm:   DFP dre 2023: 70 linhas
2026-05-04 11:59:50,404 [INFO] pipeline.cvm:   DFP bpa 2023: 134 linhas
2026-05-04 11:59:51,138 [INFO] pipeline.cvm:   DFP bpp 2023: 254 linhas
2026-05-04 11:59:51,538 [INFO] pipeline.cvm:   DFP dfc_mi 2023: 126 linhas
2026-05-04 11:59:51,567 [WARNING] pipeline.cvm:   Empresa 14826 não encontrada em dfc_md 2023
2026-05-04 11:59:51,910 [INFO] pipeline.cvm:   DFP dre 2023: 66 linhas
2026-05-04 11:59:52,545 [INFO] pipeline.cvm:   DFP bpa 2023: 144 linhas
2026-05-04 11:59:53,711 [INFO] pipeline.cvm:   DFP bpp 2023: 254 linhas
2026-05-04 11:59:54,245 [INFO] pipeline.cvm:   DFP dfc_mi 2023: 128 linhas
2026-05-04 11:59:54,286 [WARNING] pipeline.cvm:   Empresa 14826 não encontrada em dfc_md 2023
2026-05-04 11:59:54,519 [INFO] pipeline.cvm:   DFP dre 2024: 70 linhas
2026-05-04 11:59:54,925 [INFO] pipeline.cvm:   DFP bpa 2024: 134 linhas
2026-05-04 11:59:55,693 [INFO] pipeline.cvm:   DFP bpp 2024: 254 linhas
2026-05-04 11:59:56,087 [INFO] pipeline.cvm:   DFP dfc_mi 2024: 128 linhas
2026-05-04 11:59:56,116 [WARNING] pipeline.cvm:   Empresa 14826 não encontrada em dfc_md 2024
2026-05-04 11:59:56,434 [INFO] pipeline.cvm:   DFP dre 2024: 66 linhas
2026-05-04 11:59:57,032 [INFO] pipeline.cvm:   DFP bpa 2024: 144 linhas
2026-05-04 11:59:58,093 [INFO] pipeline.cvm:   DFP bpp 2024: 254 linhas
2026-05-04 11:59:58,629 [INFO] pipeline.cvm:   DFP dfc_mi 2024: 130 linhas
2026-05-04 11:59:58,669 [WARNING] pipeline.cvm:   Empresa 14826 não encontrada em dfc_md 2024
2026-05-04 11:59:58,886 [INFO] pipeline.cvm:   DFP dre 2025: 70 linhas
2026-05-04 11:59:59,300 [INFO] pipeline.cvm:   DFP bpa 2025: 134 linhas
2026-05-04 11:59:59,960 [INFO] pipeline.cvm:   DFP bpp 2025: 254 linhas
2026-05-04 12:00:00,343 [INFO] pipeline.cvm:   DFP dfc_mi 2025: 130 linhas
2026-05-04 12:00:00,368 [WARNING] pipeline.cvm:   Empresa 14826 não encontrada em dfc_md 2025
2026-05-04 12:00:00,694 [INFO] pipeline.cvm:   DFP dre 2025: 66 linhas
2026-05-04 12:00:01,279 [INFO] pipeline.cvm:   DFP bpa 2025: 146 linhas
2026-05-04 12:00:02,326 [INFO] pipeline.cvm:   DFP bpp 2025: 254 linhas
2026-05-04 12:00:02,886 [INFO] pipeline.cvm:   DFP dfc_mi 2025: 132 linhas
2026-05-04 12:00:02,921 [WARNING] pipeline.cvm:   Empresa 14826 não encontrada em dfc_md 2025
2026-05-04 12:00:06,370 [INFO] pipeline:   PCAR3: score=95/100 | critical=0 | warnings=1
2026-05-04 12:00:06,370 [INFO] pipeline:   Relatorio: C:\Users\55819\OneDrive - EPEJUD\DIEGO\OBSIDIAN\Analista de Investimentos\12_PYTHON\pipeline banco completo\outputs\data_quality\audit_PCAR3_20260504.md
2026-05-04 12:00:06,370 [INFO] pipeline: 
Auditorando VIVA3...
2026-05-04 12:00:06,598 [INFO] pipeline.cvm:   DFP dre 2020: 76 linhas
2026-05-04 12:00:07,049 [INFO] pipeline.cvm:   DFP bpa 2020: 144 linhas
2026-05-04 12:00:07,819 [INFO] pipeline.cvm:   DFP bpp 2020: 258 linhas
2026-05-04 12:00:08,165 [INFO] pipeline.cvm:   DFP dfc_mi 2020: 114 linhas
2026-05-04 12:00:08,189 [WARNING] pipeline.cvm:   Empresa 24805 não encontrada em dfc_md 2020
2026-05-04 12:00:08,573 [INFO] pipeline.cvm:   DFP dre 2020: 72 linhas
2026-05-04 12:00:09,240 [INFO] pipeline.cvm:   DFP bpa 2020: 144 linhas
2026-05-04 12:00:10,582 [INFO] pipeline.cvm:   DFP bpp 2020: 258 linhas
2026-05-04 12:00:11,064 [INFO] pipeline.cvm:   DFP dfc_mi 2020: 110 linhas
2026-05-04 12:00:11,093 [WARNING] pipeline.cvm:   Empresa 24805 não encontrada em dfc_md 2020
2026-05-04 12:00:11,324 [INFO] pipeline.cvm:   DFP dre 2021: 78 linhas
2026-05-04 12:00:11,780 [INFO] pipeline.cvm:   DFP bpa 2021: 144 linhas
2026-05-04 12:00:12,903 [INFO] pipeline.cvm:   DFP bpp 2021: 258 linhas
2026-05-04 12:00:13,296 [INFO] pipeline.cvm:   DFP dfc_mi 2021: 116 linhas
2026-05-04 12:00:13,334 [WARNING] pipeline.cvm:   Empresa 24805 não encontrada em dfc_md 2021
2026-05-04 12:00:13,676 [INFO] pipeline.cvm:   DFP dre 2021: 74 linhas
2026-05-04 12:00:14,265 [INFO] pipeline.cvm:   DFP bpa 2021: 144 linhas
2026-05-04 12:00:15,662 [INFO] pipeline.cvm:   DFP bpp 2021: 258 linhas
2026-05-04 12:00:16,238 [INFO] pipeline.cvm:   DFP dfc_mi 2021: 114 linhas
2026-05-04 12:00:16,277 [WARNING] pipeline.cvm:   Empresa 24805 não encontrada em dfc_md 2021
2026-05-04 12:00:16,503 [INFO] pipeline.cvm:   DFP dre 2022: 78 linhas
2026-05-04 12:00:16,899 [INFO] pipeline.cvm:   DFP bpa 2022: 144 linhas
2026-05-04 12:00:17,563 [INFO] pipeline.cvm:   DFP bpp 2022: 268 linhas
2026-05-04 12:00:17,927 [INFO] pipeline.cvm:   DFP dfc_mi 2022: 120 linhas
2026-05-04 12:00:17,955 [WARNING] pipeline.cvm:   Empresa 24805 não encontrada em dfc_md 2022
2026-05-04 12:00:18,271 [INFO] pipeline.cvm:   DFP dre 2022: 74 linhas
2026-05-04 12:00:18,883 [INFO] pipeline.cvm:   DFP bpa 2022: 144 linhas
2026-05-04 12:00:20,228 [INFO] pipeline.cvm:   DFP bpp 2022: 258 linhas
2026-05-04 12:00:20,767 [INFO] pipeline.cvm:   DFP dfc_mi 2022: 118 linhas
2026-05-04 12:00:20,805 [WARNING] pipeline.cvm:   Empresa 24805 não encontrada em dfc_md 2022
2026-05-04 12:00:21,084 [INFO] pipeline.cvm:   DFP dre 2023: 78 linhas
2026-05-04 12:00:21,600 [INFO] pipeline.cvm:   DFP bpa 2023: 144 linhas
2026-05-04 12:00:22,548 [INFO] pipeline.cvm:   DFP bpp 2023: 268 linhas
2026-05-04 12:00:23,040 [INFO] pipeline.cvm:   DFP dfc_mi 2023: 124 linhas
2026-05-04 12:00:23,069 [WARNING] pipeline.cvm:   Empresa 24805 não encontrada em dfc_md 2023
2026-05-04 12:00:23,440 [INFO] pipeline.cvm:   DFP dre 2023: 74 linhas
2026-05-04 12:00:24,231 [INFO] pipeline.cvm:   DFP bpa 2023: 144 linhas
2026-05-04 12:00:25,448 [INFO] pipeline.cvm:   DFP bpp 2023: 266 linhas
2026-05-04 12:00:26,022 [INFO] pipeline.cvm:   DFP dfc_mi 2023: 120 linhas
2026-05-04 12:00:26,065 [WARNING] pipeline.cvm:   Empresa 24805 não encontrada em dfc_md 2023
2026-05-04 12:00:26,315 [INFO] pipeline.cvm:   DFP dre 2024: 78 linhas
2026-05-04 12:00:26,744 [INFO] pipeline.cvm:   DFP bpa 2024: 148 linhas
2026-05-04 12:00:27,501 [INFO] pipeline.cvm:   DFP bpp 2024: 270 linhas
2026-05-04 12:00:27,920 [INFO] pipeline.cvm:   DFP dfc_mi 2024: 128 linhas
2026-05-04 12:00:27,951 [WARNING] pipeline.cvm:   Empresa 24805 não encontrada em dfc_md 2024
2026-05-04 12:00:28,326 [INFO] pipeline.cvm:   DFP dre 2024: 70 linhas
2026-05-04 12:00:28,972 [INFO] pipeline.cvm:   DFP bpa 2024: 146 linhas
2026-05-04 12:00:30,105 [INFO] pipeline.cvm:   DFP bpp 2024: 268 linhas
2026-05-04 12:00:30,647 [INFO] pipeline.cvm:   DFP dfc_mi 2024: 104 linhas
2026-05-04 12:00:30,687 [WARNING] pipeline.cvm:   Empresa 24805 não encontrada em dfc_md 2024
2026-05-04 12:00:30,929 [INFO] pipeline.cvm:   DFP dre 2025: 78 linhas
2026-05-04 12:00:31,323 [INFO] pipeline.cvm:   DFP bpa 2025: 148 linhas
2026-05-04 12:00:32,000 [INFO] pipeline.cvm:   DFP bpp 2025: 270 linhas
2026-05-04 12:00:32,376 [INFO] pipeline.cvm:   DFP dfc_mi 2025: 136 linhas
2026-05-04 12:00:32,405 [WARNING] pipeline.cvm:   Empresa 24805 não encontrada em dfc_md 2025
2026-05-04 12:00:32,712 [INFO] pipeline.cvm:   DFP dre 2025: 70 linhas
2026-05-04 12:00:33,308 [INFO] pipeline.cvm:   DFP bpa 2025: 146 linhas
2026-05-04 12:00:34,489 [INFO] pipeline.cvm:   DFP bpp 2025: 268 linhas
2026-05-04 12:00:35,071 [INFO] pipeline.cvm:   DFP dfc_mi 2025: 108 linhas
2026-05-04 12:00:35,116 [WARNING] pipeline.cvm:   Empresa 24805 não encontrada em dfc_md 2025
2026-05-04 12:00:38,621 [INFO] pipeline:   VIVA3: score=95/100 | critical=0 | warnings=1
2026-05-04 12:00:38,621 [INFO] pipeline:   Relatorio: C:\Users\55819\OneDrive - EPEJUD\DIEGO\OBSIDIAN\Analista de Investimentos\12_PYTHON\pipeline banco completo\outputs\data_quality\audit_VIVA3_20260504.md
2026-05-04 12:00:38,622 [INFO] pipeline: 
Auditorando SBFG3...
2026-05-04 12:00:38,863 [INFO] pipeline.cvm:   DFP dre 2020: 60 linhas
2026-05-04 12:00:39,273 [INFO] pipeline.cvm:   DFP bpa 2020: 126 linhas
2026-05-04 12:00:40,026 [INFO] pipeline.cvm:   DFP bpp 2020: 222 linhas
2026-05-04 12:00:40,413 [INFO] pipeline.cvm:   DFP dfc_mi 2020: 118 linhas
2026-05-04 12:00:40,435 [WARNING] pipeline.cvm:   Empresa 24694 não encontrada em dfc_md 2020
2026-05-04 12:00:40,767 [INFO] pipeline.cvm:   DFP dre 2020: 56 linhas
2026-05-04 12:00:41,532 [INFO] pipeline.cvm:   DFP bpa 2020: 120 linhas
2026-05-04 12:00:42,626 [INFO] pipeline.cvm:   DFP bpp 2020: 216 linhas
2026-05-04 12:00:43,135 [INFO] pipeline.cvm:   DFP dfc_mi 2020: 74 linhas
2026-05-04 12:00:43,166 [WARNING] pipeline.cvm:   Empresa 24694 não encontrada em dfc_md 2020
2026-05-04 12:00:43,397 [INFO] pipeline.cvm:   DFP dre 2021: 60 linhas
2026-05-04 12:00:43,779 [INFO] pipeline.cvm:   DFP bpa 2021: 128 linhas
2026-05-04 12:00:44,417 [INFO] pipeline.cvm:   DFP bpp 2021: 224 linhas
2026-05-04 12:00:44,752 [INFO] pipeline.cvm:   DFP dfc_mi 2021: 132 linhas
2026-05-04 12:00:44,777 [WARNING] pipeline.cvm:   Empresa 24694 não encontrada em dfc_md 2021
2026-05-04 12:00:45,095 [INFO] pipeline.cvm:   DFP dre 2021: 56 linhas
2026-05-04 12:00:45,692 [INFO] pipeline.cvm:   DFP bpa 2021: 124 linhas
2026-05-04 12:00:46,786 [INFO] pipeline.cvm:   DFP bpp 2021: 218 linhas
2026-05-04 12:00:47,253 [INFO] pipeline.cvm:   DFP dfc_mi 2021: 78 linhas
2026-05-04 12:00:47,285 [WARNING] pipeline.cvm:   Empresa 24694 não encontrada em dfc_md 2021
2026-05-04 12:00:47,531 [INFO] pipeline.cvm:   DFP dre 2022: 60 linhas
2026-05-04 12:00:47,915 [INFO] pipeline.cvm:   DFP bpa 2022: 128 linhas
2026-05-04 12:00:48,590 [INFO] pipeline.cvm:   DFP bpp 2022: 228 linhas
2026-05-04 12:00:48,977 [INFO] pipeline.cvm:   DFP dfc_mi 2022: 132 linhas
2026-05-04 12:00:49,010 [WARNING] pipeline.cvm:   Empresa 24694 não encontrada em dfc_md 2022
2026-05-04 12:00:49,357 [INFO] pipeline.cvm:   DFP dre 2022: 56 linhas
2026-05-04 12:00:49,986 [INFO] pipeline.cvm:   DFP bpa 2022: 126 linhas
2026-05-04 12:00:51,162 [INFO] pipeline.cvm:   DFP bpp 2022: 220 linhas
2026-05-04 12:00:51,670 [INFO] pipeline.cvm:   DFP dfc_mi 2022: 92 linhas
2026-05-04 12:00:51,711 [WARNING] pipeline.cvm:   Empresa 24694 não encontrada em dfc_md 2022
2026-05-04 12:00:51,942 [INFO] pipeline.cvm:   DFP dre 2023: 60 linhas
2026-05-04 12:00:52,377 [INFO] pipeline.cvm:   DFP bpa 2023: 128 linhas
2026-05-04 12:00:53,163 [INFO] pipeline.cvm:   DFP bpp 2023: 228 linhas
2026-05-04 12:00:53,555 [INFO] pipeline.cvm:   DFP dfc_mi 2023: 132 linhas
2026-05-04 12:00:53,585 [WARNING] pipeline.cvm:   Empresa 24694 não encontrada em dfc_md 2023
2026-05-04 12:00:53,922 [INFO] pipeline.cvm:   DFP dre 2023: 56 linhas
2026-05-04 12:00:54,618 [INFO] pipeline.cvm:   DFP bpa 2023: 132 linhas
2026-05-04 12:00:55,684 [INFO] pipeline.cvm:   DFP bpp 2023: 220 linhas
2026-05-04 12:00:56,204 [INFO] pipeline.cvm:   DFP dfc_mi 2023: 92 linhas
2026-05-04 12:00:56,244 [WARNING] pipeline.cvm:   Empresa 24694 não encontrada em dfc_md 2023
2026-05-04 12:00:56,464 [INFO] pipeline.cvm:   DFP dre 2024: 60 linhas
2026-05-04 12:00:56,862 [INFO] pipeline.cvm:   DFP bpa 2024: 128 linhas
2026-05-04 12:00:57,538 [INFO] pipeline.cvm:   DFP bpp 2024: 228 linhas
2026-05-04 12:00:57,945 [INFO] pipeline.cvm:   DFP dfc_mi 2024: 134 linhas
2026-05-04 12:00:57,976 [WARNING] pipeline.cvm:   Empresa 24694 não encontrada em dfc_md 2024
2026-05-04 12:00:58,304 [INFO] pipeline.cvm:   DFP dre 2024: 56 linhas
2026-05-04 12:00:58,908 [INFO] pipeline.cvm:   DFP bpa 2024: 132 linhas
2026-05-04 12:00:59,970 [INFO] pipeline.cvm:   DFP bpp 2024: 222 linhas
2026-05-04 12:01:00,487 [INFO] pipeline.cvm:   DFP dfc_mi 2024: 92 linhas
2026-05-04 12:01:00,521 [WARNING] pipeline.cvm:   Empresa 24694 não encontrada em dfc_md 2024
2026-05-04 12:01:00,728 [INFO] pipeline.cvm:   DFP dre 2025: 60 linhas
2026-05-04 12:01:01,085 [INFO] pipeline.cvm:   DFP bpa 2025: 128 linhas
2026-05-04 12:01:01,749 [INFO] pipeline.cvm:   DFP bpp 2025: 230 linhas
2026-05-04 12:01:02,116 [INFO] pipeline.cvm:   DFP dfc_mi 2025: 126 linhas
2026-05-04 12:01:02,147 [WARNING] pipeline.cvm:   Empresa 24694 não encontrada em dfc_md 2025
2026-05-04 12:01:02,447 [INFO] pipeline.cvm:   DFP dre 2025: 56 linhas
2026-05-04 12:01:02,995 [INFO] pipeline.cvm:   DFP bpa 2025: 132 linhas
2026-05-04 12:01:04,019 [INFO] pipeline.cvm:   DFP bpp 2025: 222 linhas
2026-05-04 12:01:04,559 [INFO] pipeline.cvm:   DFP dfc_mi 2025: 84 linhas
2026-05-04 12:01:04,592 [WARNING] pipeline.cvm:   Empresa 24694 não encontrada em dfc_md 2025
2026-05-04 12:01:07,305 [INFO] pipeline:   SBFG3: score=95/100 | critical=0 | warnings=1
2026-05-04 12:01:07,305 [INFO] pipeline:   Relatorio: C:\Users\55819\OneDrive - EPEJUD\DIEGO\OBSIDIAN\Analista de Investimentos\12_PYTHON\pipeline banco completo\outputs\data_quality\audit_SBFG3_20260504.md
2026-05-04 12:01:07,305 [INFO] pipeline: 
Auditorando NATU3...
2026-05-04 12:01:07,524 [INFO] pipeline.cvm:   DFP dre 2020: 70 linhas
2026-05-04 12:01:07,887 [INFO] pipeline.cvm:   DFP bpa 2020: 134 linhas
2026-05-04 12:01:08,574 [INFO] pipeline.cvm:   DFP bpp 2020: 228 linhas
2026-05-04 12:01:08,915 [INFO] pipeline.cvm:   DFP dfc_mi 2020: 132 linhas
2026-05-04 12:01:08,934 [WARNING] pipeline.cvm:   Empresa 19550 não encontrada em dfc_md 2020
2026-05-04 12:01:09,248 [INFO] pipeline.cvm:   DFP dre 2020: 66 linhas
2026-05-04 12:01:09,925 [INFO] pipeline.cvm:   DFP bpa 2020: 136 linhas
2026-05-04 12:01:11,010 [INFO] pipeline.cvm:   DFP bpp 2020: 232 linhas
2026-05-04 12:01:11,474 [INFO] pipeline.cvm:   DFP dfc_mi 2020: 132 linhas
2026-05-04 12:01:11,504 [WARNING] pipeline.cvm:   Empresa 19550 não encontrada em dfc_md 2020
2026-05-04 12:01:11,725 [INFO] pipeline.cvm:   DFP dre 2021: 70 linhas
2026-05-04 12:01:12,089 [INFO] pipeline.cvm:   DFP bpa 2021: 134 linhas
2026-05-04 12:01:12,710 [INFO] pipeline.cvm:   DFP bpp 2021: 228 linhas
2026-05-04 12:01:13,045 [INFO] pipeline.cvm:   DFP dfc_mi 2021: 132 linhas
2026-05-04 12:01:13,066 [WARNING] pipeline.cvm:   Empresa 19550 não encontrada em dfc_md 2021
2026-05-04 12:01:13,381 [INFO] pipeline.cvm:   DFP dre 2021: 66 linhas
2026-05-04 12:01:13,965 [INFO] pipeline.cvm:   DFP bpa 2021: 136 linhas
2026-05-04 12:01:14,967 [INFO] pipeline.cvm:   DFP bpp 2021: 232 linhas
2026-05-04 12:01:15,417 [INFO] pipeline.cvm:   DFP dfc_mi 2021: 132 linhas
2026-05-04 12:01:15,448 [WARNING] pipeline.cvm:   Empresa 19550 não encontrada em dfc_md 2021
2026-05-04 12:01:15,664 [INFO] pipeline.cvm:   DFP dre 2022: 70 linhas
2026-05-04 12:01:16,041 [INFO] pipeline.cvm:   DFP bpa 2022: 134 linhas
2026-05-04 12:01:16,683 [INFO] pipeline.cvm:   DFP bpp 2022: 234 linhas
2026-05-04 12:01:17,033 [INFO] pipeline.cvm:   DFP dfc_mi 2022: 132 linhas
2026-05-04 12:01:17,055 [WARNING] pipeline.cvm:   Empresa 19550 não encontrada em dfc_md 2022
2026-05-04 12:01:17,368 [INFO] pipeline.cvm:   DFP dre 2022: 66 linhas
2026-05-04 12:01:17,940 [INFO] pipeline.cvm:   DFP bpa 2022: 136 linhas
2026-05-04 12:01:19,031 [INFO] pipeline.cvm:   DFP bpp 2022: 238 linhas
2026-05-04 12:01:19,519 [INFO] pipeline.cvm:   DFP dfc_mi 2022: 132 linhas
2026-05-04 12:01:19,558 [WARNING] pipeline.cvm:   Empresa 19550 não encontrada em dfc_md 2022
2026-05-04 12:01:19,791 [INFO] pipeline.cvm:   DFP dre 2023: 62 linhas
2026-05-04 12:01:20,189 [INFO] pipeline.cvm:   DFP bpa 2023: 138 linhas
2026-05-04 12:01:20,893 [INFO] pipeline.cvm:   DFP bpp 2023: 232 linhas
2026-05-04 12:01:21,269 [INFO] pipeline.cvm:   DFP dfc_mi 2023: 138 linhas
2026-05-04 12:01:21,294 [WARNING] pipeline.cvm:   Empresa 19550 não encontrada em dfc_md 2023
2026-05-04 12:01:21,619 [INFO] pipeline.cvm:   DFP dre 2023: 58 linhas
2026-05-04 12:01:22,247 [INFO] pipeline.cvm:   DFP bpa 2023: 138 linhas
2026-05-04 12:01:23,299 [INFO] pipeline.cvm:   DFP bpp 2023: 238 linhas
2026-05-04 12:01:23,801 [INFO] pipeline.cvm:   DFP dfc_mi 2023: 140 linhas
2026-05-04 12:01:23,841 [WARNING] pipeline.cvm:   Empresa 19550 não encontrada em dfc_md 2023
2026-05-04 12:01:24,066 [INFO] pipeline.cvm:   DFP dre 2024: 62 linhas
2026-05-04 12:01:24,459 [INFO] pipeline.cvm:   DFP bpa 2024: 140 linhas
2026-05-04 12:01:25,157 [INFO] pipeline.cvm:   DFP bpp 2024: 234 linhas
2026-05-04 12:01:25,541 [INFO] pipeline.cvm:   DFP dfc_mi 2024: 144 linhas
2026-05-04 12:01:25,567 [WARNING] pipeline.cvm:   Empresa 19550 não encontrada em dfc_md 2024
2026-05-04 12:01:25,893 [INFO] pipeline.cvm:   DFP dre 2024: 58 linhas
2026-05-04 12:01:26,502 [INFO] pipeline.cvm:   DFP bpa 2024: 140 linhas
2026-05-04 12:01:27,597 [INFO] pipeline.cvm:   DFP bpp 2024: 238 linhas
2026-05-04 12:01:28,104 [INFO] pipeline.cvm:   DFP dfc_mi 2024: 144 linhas
2026-05-04 12:01:28,142 [WARNING] pipeline.cvm:   Empresa 19550 não encontrada em dfc_md 2024
2026-05-04 12:01:28,346 [INFO] pipeline.cvm:   DFP dre 2025: 62 linhas
2026-05-04 12:01:28,711 [INFO] pipeline.cvm:   DFP bpa 2025: 140 linhas
2026-05-04 12:01:29,355 [INFO] pipeline.cvm:   DFP bpp 2025: 234 linhas
2026-05-04 12:01:29,708 [INFO] pipeline.cvm:   DFP dfc_mi 2025: 144 linhas
2026-05-04 12:01:29,730 [WARNING] pipeline.cvm:   Empresa 19550 não encontrada em dfc_md 2025
2026-05-04 12:01:30,015 [INFO] pipeline.cvm:   DFP dre 2025: 58 linhas
2026-05-04 12:01:30,675 [INFO] pipeline.cvm:   DFP bpa 2025: 140 linhas
2026-05-04 12:01:31,719 [INFO] pipeline.cvm:   DFP bpp 2025: 238 linhas
2026-05-04 12:01:32,199 [INFO] pipeline.cvm:   DFP dfc_mi 2025: 144 linhas
2026-05-04 12:01:32,233 [WARNING] pipeline.cvm:   Empresa 19550 não encontrada em dfc_md 2025
2026-05-04 12:01:34,879 [INFO] pipeline:   NATU3: score=95/100 | critical=0 | warnings=1
2026-05-04 12:01:34,879 [INFO] pipeline:   Relatorio: C:\Users\55819\OneDrive - EPEJUD\DIEGO\OBSIDIAN\Analista de Investimentos\12_PYTHON\pipeline banco completo\outputs\data_quality\audit_NATU3_20260504.md
2026-05-04 12:01:34,879 [INFO] pipeline: 
Auditorando CEAB3...
2026-05-04 12:01:35,106 [INFO] pipeline.cvm:   DFP dre 2020: 72 linhas
2026-05-04 12:01:35,491 [INFO] pipeline.cvm:   DFP bpa 2020: 132 linhas
2026-05-04 12:01:36,286 [INFO] pipeline.cvm:   DFP bpp 2020: 218 linhas
2026-05-04 12:01:36,646 [INFO] pipeline.cvm:   DFP dfc_mi 2020: 102 linhas
2026-05-04 12:01:36,666 [WARNING] pipeline.cvm:   Empresa 24848 não encontrada em dfc_md 2020
2026-05-04 12:01:36,998 [INFO] pipeline.cvm:   DFP dre 2020: 66 linhas
2026-05-04 12:01:37,678 [INFO] pipeline.cvm:   DFP bpa 2020: 134 linhas
2026-05-04 12:01:38,756 [INFO] pipeline.cvm:   DFP bpp 2020: 220 linhas
2026-05-04 12:01:39,308 [INFO] pipeline.cvm:   DFP dfc_mi 2020: 106 linhas
2026-05-04 12:01:39,342 [WARNING] pipeline.cvm:   Empresa 24848 não encontrada em dfc_md 2020
2026-05-04 12:01:39,578 [INFO] pipeline.cvm:   DFP dre 2021: 76 linhas
2026-05-04 12:01:39,997 [INFO] pipeline.cvm:   DFP bpa 2021: 132 linhas
2026-05-04 12:01:40,805 [INFO] pipeline.cvm:   DFP bpp 2021: 218 linhas
2026-05-04 12:01:41,187 [INFO] pipeline.cvm:   DFP dfc_mi 2021: 104 linhas
2026-05-04 12:01:41,216 [WARNING] pipeline.cvm:   Empresa 24848 não encontrada em dfc_md 2021
2026-05-04 12:01:41,562 [INFO] pipeline.cvm:   DFP dre 2021: 66 linhas
2026-05-04 12:01:42,165 [INFO] pipeline.cvm:   DFP bpa 2021: 134 linhas
2026-05-04 12:01:43,240 [INFO] pipeline.cvm:   DFP bpp 2021: 220 linhas
2026-05-04 12:01:43,708 [INFO] pipeline.cvm:   DFP dfc_mi 2021: 108 linhas
2026-05-04 12:01:43,738 [WARNING] pipeline.cvm:   Empresa 24848 não encontrada em dfc_md 2021
2026-05-04 12:01:43,966 [INFO] pipeline.cvm:   DFP dre 2022: 76 linhas
2026-05-04 12:01:44,349 [INFO] pipeline.cvm:   DFP bpa 2022: 134 linhas
2026-05-04 12:01:45,082 [INFO] pipeline.cvm:   DFP bpp 2022: 218 linhas
2026-05-04 12:01:45,480 [INFO] pipeline.cvm:   DFP dfc_mi 2022: 108 linhas
2026-05-04 12:01:45,510 [WARNING] pipeline.cvm:   Empresa 24848 não encontrada em dfc_md 2022
2026-05-04 12:01:45,844 [INFO] pipeline.cvm:   DFP dre 2022: 66 linhas
2026-05-04 12:01:46,466 [INFO] pipeline.cvm:   DFP bpa 2022: 136 linhas
2026-05-04 12:01:47,649 [INFO] pipeline.cvm:   DFP bpp 2022: 220 linhas
2026-05-04 12:01:48,155 [INFO] pipeline.cvm:   DFP dfc_mi 2022: 112 linhas
2026-05-04 12:01:48,195 [WARNING] pipeline.cvm:   Empresa 24848 não encontrada em dfc_md 2022
2026-05-04 12:01:48,433 [INFO] pipeline.cvm:   DFP dre 2023: 78 linhas
2026-05-04 12:01:48,858 [INFO] pipeline.cvm:   DFP bpa 2023: 134 linhas
2026-05-04 12:01:49,564 [INFO] pipeline.cvm:   DFP bpp 2023: 224 linhas
2026-05-04 12:01:49,958 [INFO] pipeline.cvm:   DFP dfc_mi 2023: 112 linhas
2026-05-04 12:01:49,992 [WARNING] pipeline.cvm:   Empresa 24848 não encontrada em dfc_md 2023
2026-05-04 12:01:50,326 [INFO] pipeline.cvm:   DFP dre 2023: 68 linhas
2026-05-04 12:01:50,950 [INFO] pipeline.cvm:   DFP bpa 2023: 138 linhas
2026-05-04 12:01:52,041 [INFO] pipeline.cvm:   DFP bpp 2023: 224 linhas
2026-05-04 12:01:52,553 [INFO] pipeline.cvm:   DFP dfc_mi 2023: 116 linhas
2026-05-04 12:01:52,596 [WARNING] pipeline.cvm:   Empresa 24848 não encontrada em dfc_md 2023
2026-05-04 12:01:52,833 [INFO] pipeline.cvm:   DFP dre 2024: 78 linhas
2026-05-04 12:01:53,248 [INFO] pipeline.cvm:   DFP bpa 2024: 136 linhas
2026-05-04 12:01:53,926 [INFO] pipeline.cvm:   DFP bpp 2024: 224 linhas
2026-05-04 12:01:54,306 [INFO] pipeline.cvm:   DFP dfc_mi 2024: 114 linhas
2026-05-04 12:01:54,335 [WARNING] pipeline.cvm:   Empresa 24848 não encontrada em dfc_md 2024
2026-05-04 12:01:54,648 [INFO] pipeline.cvm:   DFP dre 2024: 68 linhas
2026-05-04 12:01:55,253 [INFO] pipeline.cvm:   DFP bpa 2024: 140 linhas
2026-05-04 12:01:56,407 [INFO] pipeline.cvm:   DFP bpp 2024: 224 linhas
2026-05-04 12:01:56,965 [INFO] pipeline.cvm:   DFP dfc_mi 2024: 116 linhas
2026-05-04 12:01:57,057 [WARNING] pipeline.cvm:   Empresa 24848 não encontrada em dfc_md 2024
2026-05-04 12:01:57,269 [INFO] pipeline.cvm:   DFP dre 2025: 76 linhas
2026-05-04 12:01:57,655 [INFO] pipeline.cvm:   DFP bpa 2025: 136 linhas
2026-05-04 12:01:58,280 [INFO] pipeline.cvm:   DFP bpp 2025: 228 linhas
2026-05-04 12:01:58,635 [INFO] pipeline.cvm:   DFP dfc_mi 2025: 84 linhas
2026-05-04 12:01:58,659 [WARNING] pipeline.cvm:   Empresa 24848 não encontrada em dfc_md 2025
2026-05-04 12:01:58,942 [INFO] pipeline.cvm:   DFP dre 2025: 68 linhas
2026-05-04 12:01:59,512 [INFO] pipeline.cvm:   DFP bpa 2025: 140 linhas
2026-05-04 12:02:00,504 [INFO] pipeline.cvm:   DFP bpp 2025: 228 linhas
2026-05-04 12:02:01,025 [INFO] pipeline.cvm:   DFP dfc_mi 2025: 94 linhas
2026-05-04 12:02:01,053 [WARNING] pipeline.cvm:   Empresa 24848 não encontrada em dfc_md 2025
2026-05-04 12:02:04,299 [INFO] pipeline:   CEAB3: score=95/100 | critical=0 | warnings=1
2026-05-04 12:02:04,299 [INFO] pipeline:   Relatorio: C:\Users\55819\OneDrive - EPEJUD\DIEGO\OBSIDIAN\Analista de Investimentos\12_PYTHON\pipeline banco completo\outputs\data_quality\audit_CEAB3_20260504.md
2026-05-04 12:02:04,299 [INFO] pipeline: 
Auditorando AUAU3...
2026-05-04 12:02:04,533 [WARNING] pipeline.cvm:   Empresa 25089 não encontrada em dre 2020
2026-05-04 12:02:04,956 [WARNING] pipeline.cvm:   Empresa 25089 não encontrada em bpa 2020
2026-05-04 12:02:05,694 [WARNING] pipeline.cvm:   Empresa 25089 não encontrada em bpp 2020
2026-05-04 12:02:06,085 [WARNING] pipeline.cvm:   Empresa 25089 não encontrada em dfc_mi 2020
2026-05-04 12:02:06,105 [WARNING] pipeline.cvm:   Empresa 25089 não encontrada em dfc_md 2020
2026-05-04 12:02:06,471 [INFO] pipeline.cvm:   DFP dre 2020: 58 linhas
2026-05-04 12:02:07,097 [INFO] pipeline.cvm:   DFP bpa 2020: 128 linhas
2026-05-04 12:02:08,240 [INFO] pipeline.cvm:   DFP bpp 2020: 216 linhas
2026-05-04 12:02:08,739 [INFO] pipeline.cvm:   DFP dfc_mi 2020: 82 linhas
2026-05-04 12:02:08,772 [WARNING] pipeline.cvm:   Empresa 25089 não encontrada em dfc_md 2020
2026-05-04 12:02:09,008 [INFO] pipeline.cvm:   DFP dre 2021: 64 linhas
2026-05-04 12:02:09,411 [INFO] pipeline.cvm:   DFP bpa 2021: 126 linhas
2026-05-04 12:02:10,221 [INFO] pipeline.cvm:   DFP bpp 2021: 214 linhas
2026-05-04 12:02:10,593 [INFO] pipeline.cvm:   DFP dfc_mi 2021: 94 linhas
2026-05-04 12:02:10,621 [WARNING] pipeline.cvm:   Empresa 25089 não encontrada em dfc_md 2021
2026-05-04 12:02:10,947 [INFO] pipeline.cvm:   DFP dre 2021: 58 linhas
2026-05-04 12:02:11,548 [INFO] pipeline.cvm:   DFP bpa 2021: 128 linhas
2026-05-04 12:02:12,634 [INFO] pipeline.cvm:   DFP bpp 2021: 218 linhas
2026-05-04 12:02:13,120 [INFO] pipeline.cvm:   DFP dfc_mi 2021: 92 linhas
2026-05-04 12:02:13,149 [WARNING] pipeline.cvm:   Empresa 25089 não encontrada em dfc_md 2021
2026-05-04 12:02:13,389 [INFO] pipeline.cvm:   DFP dre 2022: 64 linhas
2026-05-04 12:02:13,801 [INFO] pipeline.cvm:   DFP bpa 2022: 126 linhas
2026-05-04 12:02:14,473 [INFO] pipeline.cvm:   DFP bpp 2022: 216 linhas
2026-05-04 12:02:14,867 [INFO] pipeline.cvm:   DFP dfc_mi 2022: 94 linhas
2026-05-04 12:02:14,897 [WARNING] pipeline.cvm:   Empresa 25089 não encontrada em dfc_md 2022
2026-05-04 12:02:15,242 [INFO] pipeline.cvm:   DFP dre 2022: 58 linhas
2026-05-04 12:02:16,010 [INFO] pipeline.cvm:   DFP bpa 2022: 128 linhas
2026-05-04 12:02:17,020 [INFO] pipeline.cvm:   DFP bpp 2022: 218 linhas
2026-05-04 12:02:17,527 [INFO] pipeline.cvm:   DFP dfc_mi 2022: 94 linhas
2026-05-04 12:02:17,564 [WARNING] pipeline.cvm:   Empresa 25089 não encontrada em dfc_md 2022
2026-05-04 12:02:17,894 [INFO] pipeline.cvm:   DFP dre 2023: 64 linhas
2026-05-04 12:02:18,302 [INFO] pipeline.cvm:   DFP bpa 2023: 126 linhas
2026-05-04 12:02:19,366 [INFO] pipeline.cvm:   DFP bpp 2023: 218 linhas
2026-05-04 12:02:19,777 [INFO] pipeline.cvm:   DFP dfc_mi 2023: 98 linhas
2026-05-04 12:02:19,805 [WARNING] pipeline.cvm:   Empresa 25089 não encontrada em dfc_md 2023
2026-05-04 12:02:20,169 [INFO] pipeline.cvm:   DFP dre 2023: 62 linhas
2026-05-04 12:02:20,836 [INFO] pipeline.cvm:   DFP bpa 2023: 128 linhas
2026-05-04 12:02:22,177 [INFO] pipeline.cvm:   DFP bpp 2023: 220 linhas
2026-05-04 12:02:22,742 [INFO] pipeline.cvm:   DFP dfc_mi 2023: 100 linhas
2026-05-04 12:02:22,782 [WARNING] pipeline.cvm:   Empresa 25089 não encontrada em dfc_md 2023
2026-05-04 12:02:23,023 [INFO] pipeline.cvm:   DFP dre 2024: 64 linhas
2026-05-04 12:02:23,541 [INFO] pipeline.cvm:   DFP bpa 2024: 128 linhas
2026-05-04 12:02:24,233 [INFO] pipeline.cvm:   DFP bpp 2024: 218 linhas
2026-05-04 12:02:24,623 [INFO] pipeline.cvm:   DFP dfc_mi 2024: 100 linhas
2026-05-04 12:02:24,653 [WARNING] pipeline.cvm:   Empresa 25089 não encontrada em dfc_md 2024
2026-05-04 12:02:24,991 [INFO] pipeline.cvm:   DFP dre 2024: 62 linhas
2026-05-04 12:02:25,607 [INFO] pipeline.cvm:   DFP bpa 2024: 130 linhas
2026-05-04 12:02:26,638 [INFO] pipeline.cvm:   DFP bpp 2024: 220 linhas
2026-05-04 12:02:27,166 [INFO] pipeline.cvm:   DFP dfc_mi 2024: 102 linhas
2026-05-04 12:02:27,205 [WARNING] pipeline.cvm:   Empresa 25089 não encontrada em dfc_md 2024
2026-05-04 12:02:27,423 [INFO] pipeline.cvm:   DFP dre 2025: 64 linhas
2026-05-04 12:02:27,803 [INFO] pipeline.cvm:   DFP bpa 2025: 128 linhas
2026-05-04 12:02:28,449 [INFO] pipeline.cvm:   DFP bpp 2025: 218 linhas
2026-05-04 12:02:28,805 [INFO] pipeline.cvm:   DFP dfc_mi 2025: 100 linhas
2026-05-04 12:02:28,829 [WARNING] pipeline.cvm:   Empresa 25089 não encontrada em dfc_md 2025
2026-05-04 12:02:29,120 [INFO] pipeline.cvm:   DFP dre 2025: 62 linhas
2026-05-04 12:02:29,700 [INFO] pipeline.cvm:   DFP bpa 2025: 130 linhas
2026-05-04 12:02:30,680 [INFO] pipeline.cvm:   DFP bpp 2025: 220 linhas
2026-05-04 12:02:31,180 [INFO] pipeline.cvm:   DFP dfc_mi 2025: 102 linhas
2026-05-04 12:02:31,215 [WARNING] pipeline.cvm:   Empresa 25089 não encontrada em dfc_md 2025
2026-05-04 12:02:34,488 [INFO] pipeline:   AUAU3: score=59/100 | critical=2 | warnings=1
2026-05-04 12:02:34,488 [INFO] pipeline:   Relatorio: C:\Users\55819\OneDrive - EPEJUD\DIEGO\OBSIDIAN\Analista de Investimentos\12_PYTHON\pipeline banco completo\outputs\data_quality\audit_AUAU3_20260504.md
2026-05-04 12:02:34,488 [INFO] pipeline: 
Auditorando AZZA3...
2026-05-04 12:02:34,726 [INFO] pipeline.cvm:   DFP dre 2020: 68 linhas
2026-05-04 12:02:35,108 [INFO] pipeline.cvm:   DFP bpa 2020: 132 linhas
2026-05-04 12:02:35,897 [INFO] pipeline.cvm:   DFP bpp 2020: 216 linhas
2026-05-04 12:02:36,258 [INFO] pipeline.cvm:   DFP dfc_mi 2020: 96 linhas
2026-05-04 12:02:36,280 [WARNING] pipeline.cvm:   Empresa 22349 não encontrada em dfc_md 2020
2026-05-04 12:02:36,622 [INFO] pipeline.cvm:   DFP dre 2020: 64 linhas
2026-05-04 12:02:37,268 [INFO] pipeline.cvm:   DFP bpa 2020: 134 linhas
2026-05-04 12:02:38,341 [INFO] pipeline.cvm:   DFP bpp 2020: 220 linhas
2026-05-04 12:02:38,838 [INFO] pipeline.cvm:   DFP dfc_mi 2020: 96 linhas
2026-05-04 12:02:38,868 [WARNING] pipeline.cvm:   Empresa 22349 não encontrada em dfc_md 2020
2026-05-04 12:02:39,101 [INFO] pipeline.cvm:   DFP dre 2021: 68 linhas
2026-05-04 12:02:39,499 [INFO] pipeline.cvm:   DFP bpa 2021: 140 linhas
2026-05-04 12:02:40,239 [INFO] pipeline.cvm:   DFP bpp 2021: 224 linhas
2026-05-04 12:02:40,591 [INFO] pipeline.cvm:   DFP dfc_mi 2021: 96 linhas
2026-05-04 12:02:40,628 [WARNING] pipeline.cvm:   Empresa 22349 não encontrada em dfc_md 2021
2026-05-04 12:02:40,969 [INFO] pipeline.cvm:   DFP dre 2021: 64 linhas
2026-05-04 12:02:41,578 [INFO] pipeline.cvm:   DFP bpa 2021: 138 linhas
2026-05-04 12:02:42,665 [INFO] pipeline.cvm:   DFP bpp 2021: 222 linhas
2026-05-04 12:02:43,157 [INFO] pipeline.cvm:   DFP dfc_mi 2021: 96 linhas
2026-05-04 12:02:43,193 [WARNING] pipeline.cvm:   Empresa 22349 não encontrada em dfc_md 2021
2026-05-04 12:02:43,435 [INFO] pipeline.cvm:   DFP dre 2022: 68 linhas
2026-05-04 12:02:43,844 [INFO] pipeline.cvm:   DFP bpa 2022: 146 linhas
2026-05-04 12:02:44,590 [INFO] pipeline.cvm:   DFP bpp 2022: 226 linhas
2026-05-04 12:02:44,971 [INFO] pipeline.cvm:   DFP dfc_mi 2022: 104 linhas
2026-05-04 12:02:45,000 [WARNING] pipeline.cvm:   Empresa 22349 não encontrada em dfc_md 2022
2026-05-04 12:02:45,311 [INFO] pipeline.cvm:   DFP dre 2022: 64 linhas
2026-05-04 12:02:45,893 [INFO] pipeline.cvm:   DFP bpa 2022: 140 linhas
2026-05-04 12:02:46,999 [INFO] pipeline.cvm:   DFP bpp 2022: 228 linhas
2026-05-04 12:02:47,474 [INFO] pipeline.cvm:   DFP dfc_mi 2022: 110 linhas
2026-05-04 12:02:47,511 [WARNING] pipeline.cvm:   Empresa 22349 não encontrada em dfc_md 2022
2026-05-04 12:02:47,738 [INFO] pipeline.cvm:   DFP dre 2023: 68 linhas
2026-05-04 12:02:48,147 [INFO] pipeline.cvm:   DFP bpa 2023: 146 linhas
2026-05-04 12:02:48,929 [INFO] pipeline.cvm:   DFP bpp 2023: 234 linhas
2026-05-04 12:02:49,317 [INFO] pipeline.cvm:   DFP dfc_mi 2023: 106 linhas
2026-05-04 12:02:49,382 [WARNING] pipeline.cvm:   Empresa 22349 não encontrada em dfc_md 2023
2026-05-04 12:02:49,769 [INFO] pipeline.cvm:   DFP dre 2023: 64 linhas
2026-05-04 12:02:50,465 [INFO] pipeline.cvm:   DFP bpa 2023: 144 linhas
2026-05-04 12:02:51,596 [INFO] pipeline.cvm:   DFP bpp 2023: 234 linhas
2026-05-04 12:02:52,123 [INFO] pipeline.cvm:   DFP dfc_mi 2023: 110 linhas
2026-05-04 12:02:52,162 [WARNING] pipeline.cvm:   Empresa 22349 não encontrada em dfc_md 2023
2026-05-04 12:02:52,389 [INFO] pipeline.cvm:   DFP dre 2024: 68 linhas
2026-05-04 12:02:52,781 [INFO] pipeline.cvm:   DFP bpa 2024: 146 linhas
2026-05-04 12:02:53,486 [INFO] pipeline.cvm:   DFP bpp 2024: 236 linhas
2026-05-04 12:02:53,866 [INFO] pipeline.cvm:   DFP dfc_mi 2024: 112 linhas
2026-05-04 12:02:53,892 [WARNING] pipeline.cvm:   Empresa 22349 não encontrada em dfc_md 2024
2026-05-04 12:02:54,204 [INFO] pipeline.cvm:   DFP dre 2024: 64 linhas
2026-05-04 12:02:54,780 [INFO] pipeline.cvm:   DFP bpa 2024: 146 linhas
2026-05-04 12:02:55,798 [INFO] pipeline.cvm:   DFP bpp 2024: 240 linhas
2026-05-04 12:02:56,299 [INFO] pipeline.cvm:   DFP dfc_mi 2024: 118 linhas
2026-05-04 12:02:56,327 [WARNING] pipeline.cvm:   Empresa 22349 não encontrada em dfc_md 2024
2026-05-04 12:02:56,526 [INFO] pipeline.cvm:   DFP dre 2025: 68 linhas
2026-05-04 12:02:56,877 [INFO] pipeline.cvm:   DFP bpa 2025: 146 linhas
2026-05-04 12:02:57,485 [INFO] pipeline.cvm:   DFP bpp 2025: 238 linhas
2026-05-04 12:02:57,823 [INFO] pipeline.cvm:   DFP dfc_mi 2025: 120 linhas
2026-05-04 12:02:57,848 [WARNING] pipeline.cvm:   Empresa 22349 não encontrada em dfc_md 2025
2026-05-04 12:02:58,143 [INFO] pipeline.cvm:   DFP dre 2025: 64 linhas
2026-05-04 12:02:58,659 [INFO] pipeline.cvm:   DFP bpa 2025: 146 linhas
2026-05-04 12:02:59,556 [INFO] pipeline.cvm:   DFP bpp 2025: 240 linhas
2026-05-04 12:03:00,020 [INFO] pipeline.cvm:   DFP dfc_mi 2025: 122 linhas
2026-05-04 12:03:00,050 [WARNING] pipeline.cvm:   Empresa 22349 não encontrada em dfc_md 2025
2026-05-04 12:03:02,693 [INFO] pipeline:   AZZA3: score=95/100 | critical=0 | warnings=1
2026-05-04 12:03:02,693 [INFO] pipeline:   Relatorio: C:\Users\55819\OneDrive - EPEJUD\DIEGO\OBSIDIAN\Analista de Investimentos\12_PYTHON\pipeline banco completo\outputs\data_quality\audit_AZZA3_20260504.md
2026-05-04 12:03:02,693 [INFO] pipeline: 
Auditorando AMAR3...
2026-05-04 12:03:02,915 [INFO] pipeline.cvm:   DFP dre 2020: 62 linhas
2026-05-04 12:03:03,260 [INFO] pipeline.cvm:   DFP bpa 2020: 130 linhas
2026-05-04 12:03:03,876 [INFO] pipeline.cvm:   DFP bpp 2020: 222 linhas
2026-05-04 12:03:04,208 [INFO] pipeline.cvm:   DFP dfc_mi 2020: 118 linhas
2026-05-04 12:03:04,228 [WARNING] pipeline.cvm:   Empresa 22055 não encontrada em dfc_md 2020
2026-05-04 12:03:04,539 [INFO] pipeline.cvm:   DFP dre 2020: 58 linhas
2026-05-04 12:03:05,126 [INFO] pipeline.cvm:   DFP bpa 2020: 136 linhas
2026-05-04 12:03:06,186 [INFO] pipeline.cvm:   DFP bpp 2020: 218 linhas
2026-05-04 12:03:06,692 [INFO] pipeline.cvm:   DFP dfc_mi 2020: 126 linhas
2026-05-04 12:03:06,724 [WARNING] pipeline.cvm:   Empresa 22055 não encontrada em dfc_md 2020
2026-05-04 12:03:06,957 [INFO] pipeline.cvm:   DFP dre 2021: 60 linhas
2026-05-04 12:03:07,356 [INFO] pipeline.cvm:   DFP bpa 2021: 130 linhas
2026-05-04 12:03:08,023 [INFO] pipeline.cvm:   DFP bpp 2021: 224 linhas
2026-05-04 12:03:08,376 [INFO] pipeline.cvm:   DFP dfc_mi 2021: 106 linhas
2026-05-04 12:03:08,398 [WARNING] pipeline.cvm:   Empresa 22055 não encontrada em dfc_md 2021
2026-05-04 12:03:08,719 [INFO] pipeline.cvm:   DFP dre 2021: 56 linhas
2026-05-04 12:03:09,343 [INFO] pipeline.cvm:   DFP bpa 2021: 134 linhas
2026-05-04 12:03:10,443 [INFO] pipeline.cvm:   DFP bpp 2021: 224 linhas
2026-05-04 12:03:10,938 [INFO] pipeline.cvm:   DFP dfc_mi 2021: 114 linhas
2026-05-04 12:03:10,972 [WARNING] pipeline.cvm:   Empresa 22055 não encontrada em dfc_md 2021
2026-05-04 12:03:11,201 [INFO] pipeline.cvm:   DFP dre 2022: 62 linhas
2026-05-04 12:03:11,597 [INFO] pipeline.cvm:   DFP bpa 2022: 130 linhas
2026-05-04 12:03:12,325 [INFO] pipeline.cvm:   DFP bpp 2022: 224 linhas
2026-05-04 12:03:12,701 [INFO] pipeline.cvm:   DFP dfc_mi 2022: 116 linhas
2026-05-04 12:03:12,729 [WARNING] pipeline.cvm:   Empresa 22055 não encontrada em dfc_md 2022
2026-05-04 12:03:13,039 [INFO] pipeline.cvm:   DFP dre 2022: 58 linhas
2026-05-04 12:03:13,652 [INFO] pipeline.cvm:   DFP bpa 2022: 134 linhas
2026-05-04 12:03:14,784 [INFO] pipeline.cvm:   DFP bpp 2022: 224 linhas
2026-05-04 12:03:15,364 [INFO] pipeline.cvm:   DFP dfc_mi 2022: 126 linhas
2026-05-04 12:03:15,403 [WARNING] pipeline.cvm:   Empresa 22055 não encontrada em dfc_md 2022
2026-05-04 12:03:15,640 [INFO] pipeline.cvm:   DFP dre 2023: 62 linhas
2026-05-04 12:03:16,040 [INFO] pipeline.cvm:   DFP bpa 2023: 132 linhas
2026-05-04 12:03:16,793 [INFO] pipeline.cvm:   DFP bpp 2023: 226 linhas
2026-05-04 12:03:17,228 [INFO] pipeline.cvm:   DFP dfc_mi 2023: 120 linhas
2026-05-04 12:03:17,255 [WARNING] pipeline.cvm:   Empresa 22055 não encontrada em dfc_md 2023
2026-05-04 12:03:17,585 [INFO] pipeline.cvm:   DFP dre 2023: 58 linhas
2026-05-04 12:03:18,212 [INFO] pipeline.cvm:   DFP bpa 2023: 136 linhas
2026-05-04 12:03:19,257 [INFO] pipeline.cvm:   DFP bpp 2023: 224 linhas
2026-05-04 12:03:19,814 [INFO] pipeline.cvm:   DFP dfc_mi 2023: 136 linhas
2026-05-04 12:03:19,854 [WARNING] pipeline.cvm:   Empresa 22055 não encontrada em dfc_md 2023
2026-05-04 12:03:20,074 [INFO] pipeline.cvm:   DFP dre 2024: 62 linhas
2026-05-04 12:03:20,487 [INFO] pipeline.cvm:   DFP bpa 2024: 132 linhas
2026-05-04 12:03:21,202 [INFO] pipeline.cvm:   DFP bpp 2024: 228 linhas
2026-05-04 12:03:21,577 [INFO] pipeline.cvm:   DFP dfc_mi 2024: 120 linhas
2026-05-04 12:03:21,598 [WARNING] pipeline.cvm:   Empresa 22055 não encontrada em dfc_md 2024
2026-05-04 12:03:21,898 [INFO] pipeline.cvm:   DFP dre 2024: 58 linhas
2026-05-04 12:03:22,501 [INFO] pipeline.cvm:   DFP bpa 2024: 136 linhas
2026-05-04 12:03:23,481 [INFO] pipeline.cvm:   DFP bpp 2024: 224 linhas
2026-05-04 12:03:23,983 [INFO] pipeline.cvm:   DFP dfc_mi 2024: 136 linhas
2026-05-04 12:03:24,016 [WARNING] pipeline.cvm:   Empresa 22055 não encontrada em dfc_md 2024
2026-05-04 12:03:24,214 [INFO] pipeline.cvm:   DFP dre 2025: 62 linhas
2026-05-04 12:03:24,561 [INFO] pipeline.cvm:   DFP bpa 2025: 132 linhas
2026-05-04 12:03:25,172 [INFO] pipeline.cvm:   DFP bpp 2025: 230 linhas
2026-05-04 12:03:25,515 [INFO] pipeline.cvm:   DFP dfc_mi 2025: 120 linhas
2026-05-04 12:03:25,537 [WARNING] pipeline.cvm:   Empresa 22055 não encontrada em dfc_md 2025
2026-05-04 12:03:25,815 [INFO] pipeline.cvm:   DFP dre 2025: 58 linhas
2026-05-04 12:03:26,349 [INFO] pipeline.cvm:   DFP bpa 2025: 136 linhas
2026-05-04 12:03:27,260 [INFO] pipeline.cvm:   DFP bpp 2025: 228 linhas
2026-05-04 12:03:27,738 [INFO] pipeline.cvm:   DFP dfc_mi 2025: 136 linhas
2026-05-04 12:03:27,763 [WARNING] pipeline.cvm:   Empresa 22055 não encontrada em dfc_md 2025
2026-05-04 12:03:30,395 [INFO] pipeline:   AMAR3: score=95/100 | critical=0 | warnings=1
2026-05-04 12:03:30,395 [INFO] pipeline:   Relatorio: C:\Users\55819\OneDrive - EPEJUD\DIEGO\OBSIDIAN\Analista de Investimentos\12_PYTHON\pipeline banco completo\outputs\data_quality\audit_AMAR3_20260504.md
2026-05-04 12:03:30,396 [INFO] pipeline: 
Auditorando AGRO3...
2026-05-04 12:03:30,617 [WARNING] pipeline.cvm:   Empresa 21300 não encontrada em dre 2020
2026-05-04 12:03:30,993 [WARNING] pipeline.cvm:   Empresa 21300 não encontrada em bpa 2020
2026-05-04 12:03:31,630 [WARNING] pipeline.cvm:   Empresa 21300 não encontrada em bpp 2020
2026-05-04 12:03:31,964 [WARNING] pipeline.cvm:   Empresa 21300 não encontrada em dfc_mi 2020
2026-05-04 12:03:31,993 [WARNING] pipeline.cvm:   Empresa 21300 não encontrada em dfc_md 2020
2026-05-04 12:03:32,308 [WARNING] pipeline.cvm:   Empresa 21300 não encontrada em dre 2020
2026-05-04 12:03:32,923 [WARNING] pipeline.cvm:   Empresa 21300 não encontrada em bpa 2020
2026-05-04 12:03:33,919 [WARNING] pipeline.cvm:   Empresa 21300 não encontrada em bpp 2020
2026-05-04 12:03:34,363 [WARNING] pipeline.cvm:   Empresa 21300 não encontrada em dfc_mi 2020
2026-05-04 12:03:34,391 [WARNING] pipeline.cvm:   Empresa 21300 não encontrada em dfc_md 2020
2026-05-04 12:03:34,605 [WARNING] pipeline.cvm:   Empresa 21300 não encontrada em dre 2021
2026-05-04 12:03:35,040 [WARNING] pipeline.cvm:   Empresa 21300 não encontrada em bpa 2021
2026-05-04 12:03:35,775 [WARNING] pipeline.cvm:   Empresa 21300 não encontrada em bpp 2021
2026-05-04 12:03:36,135 [WARNING] pipeline.cvm:   Empresa 21300 não encontrada em dfc_mi 2021
2026-05-04 12:03:36,159 [WARNING] pipeline.cvm:   Empresa 21300 não encontrada em dfc_md 2021
2026-05-04 12:03:36,481 [WARNING] pipeline.cvm:   Empresa 21300 não encontrada em dre 2021
2026-05-04 12:03:37,121 [WARNING] pipeline.cvm:   Empresa 21300 não encontrada em bpa 2021
2026-05-04 12:03:38,173 [WARNING] pipeline.cvm:   Empresa 21300 não encontrada em bpp 2021
2026-05-04 12:03:38,646 [WARNING] pipeline.cvm:   Empresa 21300 não encontrada em dfc_mi 2021
2026-05-04 12:03:38,680 [WARNING] pipeline.cvm:   Empresa 21300 não encontrada em dfc_md 2021
2026-05-04 12:03:38,910 [WARNING] pipeline.cvm:   Empresa 21300 não encontrada em dre 2022
2026-05-04 12:03:39,355 [WARNING] pipeline.cvm:   Empresa 21300 não encontrada em bpa 2022
2026-05-04 12:03:40,060 [WARNING] pipeline.cvm:   Empresa 21300 não encontrada em bpp 2022
2026-05-04 12:03:40,432 [WARNING] pipeline.cvm:   Empresa 21300 não encontrada em dfc_mi 2022
2026-05-04 12:03:40,460 [WARNING] pipeline.cvm:   Empresa 21300 não encontrada em dfc_md 2022
2026-05-04 12:03:40,794 [WARNING] pipeline.cvm:   Empresa 21300 não encontrada em dre 2022
2026-05-04 12:03:41,399 [WARNING] pipeline.cvm:   Empresa 21300 não encontrada em bpa 2022
2026-05-04 12:03:42,607 [WARNING] pipeline.cvm:   Empresa 21300 não encontrada em bpp 2022
2026-05-04 12:03:43,178 [WARNING] pipeline.cvm:   Empresa 21300 não encontrada em dfc_mi 2022
2026-05-04 12:03:43,257 [WARNING] pipeline.cvm:   Empresa 21300 não encontrada em dfc_md 2022
2026-05-04 12:03:43,561 [WARNING] pipeline.cvm:   Empresa 21300 não encontrada em dre 2023
2026-05-04 12:03:44,028 [WARNING] pipeline.cvm:   Empresa 21300 não encontrada em bpa 2023
2026-05-04 12:03:44,727 [WARNING] pipeline.cvm:   Empresa 21300 não encontrada em bpp 2023
2026-05-04 12:03:45,131 [WARNING] pipeline.cvm:   Empresa 21300 não encontrada em dfc_mi 2023
2026-05-04 12:03:45,161 [WARNING] pipeline.cvm:   Empresa 21300 não encontrada em dfc_md 2023
2026-05-04 12:03:45,504 [WARNING] pipeline.cvm:   Empresa 21300 não encontrada em dre 2023
2026-05-04 12:03:46,121 [WARNING] pipeline.cvm:   Empresa 21300 não encontrada em bpa 2023
2026-05-04 12:03:47,242 [WARNING] pipeline.cvm:   Empresa 21300 não encontrada em bpp 2023
2026-05-04 12:03:47,722 [WARNING] pipeline.cvm:   Empresa 21300 não encontrada em dfc_mi 2023
2026-05-04 12:03:47,760 [WARNING] pipeline.cvm:   Empresa 21300 não encontrada em dfc_md 2023
2026-05-04 12:03:47,979 [WARNING] pipeline.cvm:   Empresa 21300 não encontrada em dre 2024
2026-05-04 12:03:48,361 [WARNING] pipeline.cvm:   Empresa 21300 não encontrada em bpa 2024
2026-05-04 12:03:49,019 [WARNING] pipeline.cvm:   Empresa 21300 não encontrada em bpp 2024
2026-05-04 12:03:49,408 [WARNING] pipeline.cvm:   Empresa 21300 não encontrada em dfc_mi 2024
2026-05-04 12:03:49,434 [WARNING] pipeline.cvm:   Empresa 21300 não encontrada em dfc_md 2024
2026-05-04 12:03:49,759 [WARNING] pipeline.cvm:   Empresa 21300 não encontrada em dre 2024
2026-05-04 12:03:50,389 [WARNING] pipeline.cvm:   Empresa 21300 não encontrada em bpa 2024
2026-05-04 12:03:51,546 [WARNING] pipeline.cvm:   Empresa 21300 não encontrada em bpp 2024
2026-05-04 12:03:52,084 [WARNING] pipeline.cvm:   Empresa 21300 não encontrada em dfc_mi 2024
2026-05-04 12:03:52,126 [WARNING] pipeline.cvm:   Empresa 21300 não encontrada em dfc_md 2024
2026-05-04 12:03:52,332 [WARNING] pipeline.cvm:   Empresa 21300 não encontrada em dre 2025
2026-05-04 12:03:52,727 [WARNING] pipeline.cvm:   Empresa 21300 não encontrada em bpa 2025
2026-05-04 12:03:53,419 [WARNING] pipeline.cvm:   Empresa 21300 não encontrada em bpp 2025
2026-05-04 12:03:53,787 [WARNING] pipeline.cvm:   Empresa 21300 não encontrada em dfc_mi 2025
2026-05-04 12:03:53,812 [WARNING] pipeline.cvm:   Empresa 21300 não encontrada em dfc_md 2025
2026-05-04 12:03:54,103 [WARNING] pipeline.cvm:   Empresa 21300 não encontrada em dre 2025
2026-05-04 12:03:54,650 [WARNING] pipeline.cvm:   Empresa 21300 não encontrada em bpa 2025
2026-05-04 12:03:55,647 [WARNING] pipeline.cvm:   Empresa 21300 não encontrada em bpp 2025
2026-05-04 12:03:56,132 [WARNING] pipeline.cvm:   Empresa 21300 não encontrada em dfc_mi 2025
2026-05-04 12:03:56,170 [WARNING] pipeline.cvm:   Empresa 21300 não encontrada em dfc_md 2025
2026-05-04 12:03:56,180 [INFO] pipeline:   AGRO3: score=0/100 | critical=9 | warnings=1
2026-05-04 12:03:56,181 [INFO] pipeline:   Relatorio: C:\Users\55819\OneDrive - EPEJUD\DIEGO\OBSIDIAN\Analista de Investimentos\12_PYTHON\pipeline banco completo\outputs\data_quality\audit_AGRO3_20260504.md
2026-05-04 12:03:56,181 [INFO] pipeline: 
Auditorando SOJA3...
2026-05-04 12:03:56,182 [INFO] pipeline.cvm: Buscando código CVM para SOJA3...
2026-05-04 12:03:57,448 [WARNING] pipeline.cvm: Ticker SOJA3 não encontrado no cadastro CVM
2026-05-04 12:03:57,458 [INFO] pipeline:   SOJA3: score=23/100 | critical=4 | warnings=1
2026-05-04 12:03:57,458 [INFO] pipeline:   Relatorio: C:\Users\55819\OneDrive - EPEJUD\DIEGO\OBSIDIAN\Analista de Investimentos\12_PYTHON\pipeline banco completo\outputs\data_quality\audit_SOJA3_20260504.md
2026-05-04 12:03:57,459 [INFO] pipeline: 
Auditorando SAPR11...
2026-05-04 12:03:57,680 [WARNING] pipeline.cvm:   Empresa 18627 não encontrada em dre 2020
2026-05-04 12:03:58,085 [WARNING] pipeline.cvm:   Empresa 18627 não encontrada em bpa 2020
2026-05-04 12:03:58,768 [WARNING] pipeline.cvm:   Empresa 18627 não encontrada em bpp 2020
2026-05-04 12:03:59,186 [WARNING] pipeline.cvm:   Empresa 18627 não encontrada em dfc_mi 2020
2026-05-04 12:03:59,207 [WARNING] pipeline.cvm:   Empresa 18627 não encontrada em dfc_md 2020
2026-05-04 12:03:59,524 [INFO] pipeline.cvm:   DFP dre 2020: 68 linhas
2026-05-04 12:04:00,200 [INFO] pipeline.cvm:   DFP bpa 2020: 144 linhas
2026-05-04 12:04:01,217 [INFO] pipeline.cvm:   DFP bpp 2020: 244 linhas
2026-05-04 12:04:01,703 [INFO] pipeline.cvm:   DFP dfc_mi 2020: 104 linhas
2026-05-04 12:04:01,730 [WARNING] pipeline.cvm:   Empresa 18627 não encontrada em dfc_md 2020
2026-05-04 12:04:01,989 [WARNING] pipeline.cvm:   Empresa 18627 não encontrada em dre 2021
2026-05-04 12:04:02,422 [WARNING] pipeline.cvm:   Empresa 18627 não encontrada em bpa 2021
2026-05-04 12:04:03,113 [WARNING] pipeline.cvm:   Empresa 18627 não encontrada em bpp 2021
2026-05-04 12:04:03,473 [WARNING] pipeline.cvm:   Empresa 18627 não encontrada em dfc_mi 2021
2026-05-04 12:04:03,502 [WARNING] pipeline.cvm:   Empresa 18627 não encontrada em dfc_md 2021
2026-05-04 12:04:03,842 [INFO] pipeline.cvm:   DFP dre 2021: 68 linhas
2026-05-04 12:04:04,529 [INFO] pipeline.cvm:   DFP bpa 2021: 144 linhas
2026-05-04 12:04:05,733 [INFO] pipeline.cvm:   DFP bpp 2021: 244 linhas
2026-05-04 12:04:06,288 [INFO] pipeline.cvm:   DFP dfc_mi 2021: 104 linhas
2026-05-04 12:04:06,337 [WARNING] pipeline.cvm:   Empresa 18627 não encontrada em dfc_md 2021
2026-05-04 12:04:06,578 [WARNING] pipeline.cvm:   Empresa 18627 não encontrada em dre 2022
2026-05-04 12:04:07,110 [WARNING] pipeline.cvm:   Empresa 18627 não encontrada em bpa 2022
2026-05-04 12:04:07,859 [WARNING] pipeline.cvm:   Empresa 18627 não encontrada em bpp 2022
2026-05-04 12:04:08,268 [WARNING] pipeline.cvm:   Empresa 18627 não encontrada em dfc_mi 2022
2026-05-04 12:04:08,300 [WARNING] pipeline.cvm:   Empresa 18627 não encontrada em dfc_md 2022
2026-05-04 12:04:08,635 [INFO] pipeline.cvm:   DFP dre 2022: 68 linhas
2026-05-04 12:04:09,257 [INFO] pipeline.cvm:   DFP bpa 2022: 144 linhas
2026-05-04 12:04:10,588 [INFO] pipeline.cvm:   DFP bpp 2022: 244 linhas
2026-05-04 12:04:11,153 [INFO] pipeline.cvm:   DFP dfc_mi 2022: 104 linhas
2026-05-04 12:04:11,196 [WARNING] pipeline.cvm:   Empresa 18627 não encontrada em dfc_md 2022
2026-05-04 12:04:11,452 [WARNING] pipeline.cvm:   Empresa 18627 não encontrada em dre 2023
2026-05-04 12:04:11,877 [WARNING] pipeline.cvm:   Empresa 18627 não encontrada em bpa 2023
2026-05-04 12:04:12,609 [WARNING] pipeline.cvm:   Empresa 18627 não encontrada em bpp 2023
2026-05-04 12:04:13,048 [WARNING] pipeline.cvm:   Empresa 18627 não encontrada em dfc_mi 2023
2026-05-04 12:04:13,074 [WARNING] pipeline.cvm:   Empresa 18627 não encontrada em dfc_md 2023
2026-05-04 12:04:13,426 [INFO] pipeline.cvm:   DFP dre 2023: 68 linhas
2026-05-04 12:04:14,135 [INFO] pipeline.cvm:   DFP bpa 2023: 144 linhas
2026-05-04 12:04:15,272 [INFO] pipeline.cvm:   DFP bpp 2023: 244 linhas
2026-05-04 12:04:15,810 [INFO] pipeline.cvm:   DFP dfc_mi 2023: 104 linhas
2026-05-04 12:04:15,851 [WARNING] pipeline.cvm:   Empresa 18627 não encontrada em dfc_md 2023
2026-05-04 12:04:16,089 [WARNING] pipeline.cvm:   Empresa 18627 não encontrada em dre 2024
2026-05-04 12:04:16,576 [WARNING] pipeline.cvm:   Empresa 18627 não encontrada em bpa 2024
2026-05-04 12:04:17,304 [WARNING] pipeline.cvm:   Empresa 18627 não encontrada em bpp 2024
2026-05-04 12:04:17,703 [WARNING] pipeline.cvm:   Empresa 18627 não encontrada em dfc_mi 2024
2026-05-04 12:04:17,731 [WARNING] pipeline.cvm:   Empresa 18627 não encontrada em dfc_md 2024
2026-05-04 12:04:18,219 [INFO] pipeline.cvm:   DFP dre 2024: 68 linhas
2026-05-04 12:04:18,936 [INFO] pipeline.cvm:   DFP bpa 2024: 144 linhas
2026-05-04 12:04:19,955 [INFO] pipeline.cvm:   DFP bpp 2024: 248 linhas
2026-05-04 12:04:20,498 [INFO] pipeline.cvm:   DFP dfc_mi 2024: 104 linhas
2026-05-04 12:04:20,534 [WARNING] pipeline.cvm:   Empresa 18627 não encontrada em dfc_md 2024
2026-05-04 12:04:20,746 [WARNING] pipeline.cvm:   Empresa 18627 não encontrada em dre 2025
2026-05-04 12:04:21,227 [WARNING] pipeline.cvm:   Empresa 18627 não encontrada em bpa 2025
2026-05-04 12:04:21,879 [WARNING] pipeline.cvm:   Empresa 18627 não encontrada em bpp 2025
2026-05-04 12:04:22,230 [WARNING] pipeline.cvm:   Empresa 18627 não encontrada em dfc_mi 2025
2026-05-04 12:04:22,255 [WARNING] pipeline.cvm:   Empresa 18627 não encontrada em dfc_md 2025
2026-05-04 12:04:22,525 [INFO] pipeline.cvm:   DFP dre 2025: 80 linhas
2026-05-04 12:04:23,036 [INFO] pipeline.cvm:   DFP bpa 2025: 144 linhas
2026-05-04 12:04:23,985 [INFO] pipeline.cvm:   DFP bpp 2025: 250 linhas
2026-05-04 12:04:24,670 [INFO] pipeline.cvm:   DFP dfc_mi 2025: 104 linhas
2026-05-04 12:04:24,702 [WARNING] pipeline.cvm:   Empresa 18627 não encontrada em dfc_md 2025
2026-05-04 12:04:27,891 [INFO] pipeline:   SAPR11: score=95/100 | critical=0 | warnings=1
2026-05-04 12:04:27,891 [INFO] pipeline:   Relatorio: C:\Users\55819\OneDrive - EPEJUD\DIEGO\OBSIDIAN\Analista de Investimentos\12_PYTHON\pipeline banco completo\outputs\data_quality\audit_SAPR11_20260504.md
2026-05-04 12:04:27,891 [INFO] pipeline: 
Auditorando SBSP3...
2026-05-04 12:04:28,120 [WARNING] pipeline.cvm:   Empresa 14443 não encontrada em dre 2020
2026-05-04 12:04:28,501 [WARNING] pipeline.cvm:   Empresa 14443 não encontrada em bpa 2020
2026-05-04 12:04:29,173 [WARNING] pipeline.cvm:   Empresa 14443 não encontrada em bpp 2020
2026-05-04 12:04:29,518 [WARNING] pipeline.cvm:   Empresa 14443 não encontrada em dfc_mi 2020
2026-05-04 12:04:29,541 [WARNING] pipeline.cvm:   Empresa 14443 não encontrada em dfc_md 2020
2026-05-04 12:04:29,879 [INFO] pipeline.cvm:   DFP dre 2020: 92 linhas
2026-05-04 12:04:30,505 [INFO] pipeline.cvm:   DFP bpa 2020: 136 linhas
2026-05-04 12:04:31,813 [INFO] pipeline.cvm:   DFP bpp 2020: 256 linhas
2026-05-04 12:04:32,415 [INFO] pipeline.cvm:   DFP dfc_mi 2020: 118 linhas
2026-05-04 12:04:32,444 [WARNING] pipeline.cvm:   Empresa 14443 não encontrada em dfc_md 2020
2026-05-04 12:04:32,677 [WARNING] pipeline.cvm:   Empresa 14443 não encontrada em dre 2021
2026-05-04 12:04:33,087 [WARNING] pipeline.cvm:   Empresa 14443 não encontrada em bpa 2021
2026-05-04 12:04:33,841 [WARNING] pipeline.cvm:   Empresa 14443 não encontrada em bpp 2021
2026-05-04 12:04:34,266 [WARNING] pipeline.cvm:   Empresa 14443 não encontrada em dfc_mi 2021
2026-05-04 12:04:34,304 [WARNING] pipeline.cvm:   Empresa 14443 não encontrada em dfc_md 2021
2026-05-04 12:04:34,653 [INFO] pipeline.cvm:   DFP dre 2021: 92 linhas
2026-05-04 12:04:35,321 [INFO] pipeline.cvm:   DFP bpa 2021: 136 linhas
2026-05-04 12:04:36,635 [INFO] pipeline.cvm:   DFP bpp 2021: 256 linhas
2026-05-04 12:04:37,171 [INFO] pipeline.cvm:   DFP dfc_mi 2021: 116 linhas
2026-05-04 12:04:37,209 [WARNING] pipeline.cvm:   Empresa 14443 não encontrada em dfc_md 2021
2026-05-04 12:04:37,484 [WARNING] pipeline.cvm:   Empresa 14443 não encontrada em dre 2022
2026-05-04 12:04:38,015 [WARNING] pipeline.cvm:   Empresa 14443 não encontrada em bpa 2022
2026-05-04 12:04:38,761 [WARNING] pipeline.cvm:   Empresa 14443 não encontrada em bpp 2022
2026-05-04 12:04:39,143 [WARNING] pipeline.cvm:   Empresa 14443 não encontrada em dfc_mi 2022
2026-05-04 12:04:39,175 [WARNING] pipeline.cvm:   Empresa 14443 não encontrada em dfc_md 2022
2026-05-04 12:04:39,505 [INFO] pipeline.cvm:   DFP dre 2022: 92 linhas
2026-05-04 12:04:40,139 [INFO] pipeline.cvm:   DFP bpa 2022: 138 linhas
2026-05-04 12:04:41,269 [INFO] pipeline.cvm:   DFP bpp 2022: 256 linhas
2026-05-04 12:04:41,797 [INFO] pipeline.cvm:   DFP dfc_mi 2022: 116 linhas
2026-05-04 12:04:41,833 [WARNING] pipeline.cvm:   Empresa 14443 não encontrada em dfc_md 2022
2026-05-04 12:04:42,067 [INFO] pipeline.cvm:   DFP dre 2023: 82 linhas
2026-05-04 12:04:42,478 [INFO] pipeline.cvm:   DFP bpa 2023: 136 linhas
2026-05-04 12:04:43,293 [INFO] pipeline.cvm:   DFP bpp 2023: 244 linhas
2026-05-04 12:04:43,693 [INFO] pipeline.cvm:   DFP dfc_mi 2023: 108 linhas
2026-05-04 12:04:43,723 [WARNING] pipeline.cvm:   Empresa 14443 não encontrada em dfc_md 2023
2026-05-04 12:04:44,071 [INFO] pipeline.cvm:   DFP dre 2023: 92 linhas
2026-05-04 12:04:44,889 [INFO] pipeline.cvm:   DFP bpa 2023: 138 linhas
2026-05-04 12:04:46,045 [INFO] pipeline.cvm:   DFP bpp 2023: 256 linhas
2026-05-04 12:04:46,585 [INFO] pipeline.cvm:   DFP dfc_mi 2023: 116 linhas
2026-05-04 12:04:46,630 [WARNING] pipeline.cvm:   Empresa 14443 não encontrada em dfc_md 2023
2026-05-04 12:04:46,872 [INFO] pipeline.cvm:   DFP dre 2024: 84 linhas
2026-05-04 12:04:47,294 [INFO] pipeline.cvm:   DFP bpa 2024: 142 linhas
2026-05-04 12:04:48,011 [INFO] pipeline.cvm:   DFP bpp 2024: 248 linhas
2026-05-04 12:04:48,406 [INFO] pipeline.cvm:   DFP dfc_mi 2024: 116 linhas
2026-05-04 12:04:48,440 [WARNING] pipeline.cvm:   Empresa 14443 não encontrada em dfc_md 2024
2026-05-04 12:04:48,760 [INFO] pipeline.cvm:   DFP dre 2024: 96 linhas
2026-05-04 12:04:49,417 [INFO] pipeline.cvm:   DFP bpa 2024: 144 linhas
2026-05-04 12:04:50,452 [INFO] pipeline.cvm:   DFP bpp 2024: 260 linhas
2026-05-04 12:04:50,984 [INFO] pipeline.cvm:   DFP dfc_mi 2024: 114 linhas
2026-05-04 12:04:51,017 [WARNING] pipeline.cvm:   Empresa 14443 não encontrada em dfc_md 2024
2026-05-04 12:04:51,230 [INFO] pipeline.cvm:   DFP dre 2025: 64 linhas
2026-05-04 12:04:51,575 [INFO] pipeline.cvm:   DFP bpa 2025: 130 linhas
2026-05-04 12:04:52,176 [INFO] pipeline.cvm:   DFP bpp 2025: 246 linhas
2026-05-04 12:04:52,510 [INFO] pipeline.cvm:   DFP dfc_mi 2025: 120 linhas
2026-05-04 12:04:52,535 [WARNING] pipeline.cvm:   Empresa 14443 não encontrada em dfc_md 2025
2026-05-04 12:04:52,807 [INFO] pipeline.cvm:   DFP dre 2025: 60 linhas
2026-05-04 12:04:53,344 [INFO] pipeline.cvm:   DFP bpa 2025: 132 linhas
2026-05-04 12:04:54,306 [INFO] pipeline.cvm:   DFP bpp 2025: 248 linhas
2026-05-04 12:04:54,759 [INFO] pipeline.cvm:   DFP dfc_mi 2025: 120 linhas
2026-05-04 12:04:54,790 [WARNING] pipeline.cvm:   Empresa 14443 não encontrada em dfc_md 2025
2026-05-04 12:04:59,382 [INFO] pipeline:   SBSP3: score=77/100 | critical=1 | warnings=1
2026-05-04 12:04:59,382 [INFO] pipeline:   Relatorio: C:\Users\55819\OneDrive - EPEJUD\DIEGO\OBSIDIAN\Analista de Investimentos\12_PYTHON\pipeline banco completo\outputs\data_quality\audit_SBSP3_20260504.md
2026-05-04 12:04:59,382 [INFO] pipeline: 
Auditorando VIVT3...
2026-05-04 12:04:59,608 [WARNING] pipeline.cvm:   Empresa 16330 não encontrada em dre 2020
2026-05-04 12:05:00,048 [WARNING] pipeline.cvm:   Empresa 16330 não encontrada em bpa 2020
2026-05-04 12:05:00,690 [WARNING] pipeline.cvm:   Empresa 16330 não encontrada em bpp 2020
2026-05-04 12:05:01,096 [WARNING] pipeline.cvm:   Empresa 16330 não encontrada em dfc_mi 2020
2026-05-04 12:05:01,122 [WARNING] pipeline.cvm:   Empresa 16330 não encontrada em dfc_md 2020
2026-05-04 12:05:01,452 [WARNING] pipeline.cvm:   Empresa 16330 não encontrada em dre 2020
2026-05-04 12:05:02,090 [WARNING] pipeline.cvm:   Empresa 16330 não encontrada em bpa 2020
2026-05-04 12:05:03,408 [WARNING] pipeline.cvm:   Empresa 16330 não encontrada em bpp 2020
2026-05-04 12:05:03,922 [WARNING] pipeline.cvm:   Empresa 16330 não encontrada em dfc_mi 2020
2026-05-04 12:05:03,952 [WARNING] pipeline.cvm:   Empresa 16330 não encontrada em dfc_md 2020
2026-05-04 12:05:04,171 [WARNING] pipeline.cvm:   Empresa 16330 não encontrada em dre 2021
2026-05-04 12:05:04,559 [WARNING] pipeline.cvm:   Empresa 16330 não encontrada em bpa 2021
2026-05-04 12:05:05,218 [WARNING] pipeline.cvm:   Empresa 16330 não encontrada em bpp 2021
2026-05-04 12:05:05,569 [WARNING] pipeline.cvm:   Empresa 16330 não encontrada em dfc_mi 2021
2026-05-04 12:05:05,596 [WARNING] pipeline.cvm:   Empresa 16330 não encontrada em dfc_md 2021
2026-05-04 12:05:05,938 [WARNING] pipeline.cvm:   Empresa 16330 não encontrada em dre 2021
2026-05-04 12:05:06,595 [WARNING] pipeline.cvm:   Empresa 16330 não encontrada em bpa 2021
2026-05-04 12:05:07,653 [WARNING] pipeline.cvm:   Empresa 16330 não encontrada em bpp 2021
2026-05-04 12:05:08,132 [WARNING] pipeline.cvm:   Empresa 16330 não encontrada em dfc_mi 2021
2026-05-04 12:05:08,168 [WARNING] pipeline.cvm:   Empresa 16330 não encontrada em dfc_md 2021
2026-05-04 12:05:08,395 [WARNING] pipeline.cvm:   Empresa 16330 não encontrada em dre 2022
2026-05-04 12:05:08,792 [WARNING] pipeline.cvm:   Empresa 16330 não encontrada em bpa 2022
2026-05-04 12:05:09,547 [WARNING] pipeline.cvm:   Empresa 16330 não encontrada em bpp 2022
2026-05-04 12:05:09,932 [WARNING] pipeline.cvm:   Empresa 16330 não encontrada em dfc_mi 2022
2026-05-04 12:05:09,962 [WARNING] pipeline.cvm:   Empresa 16330 não encontrada em dfc_md 2022
2026-05-04 12:05:10,293 [WARNING] pipeline.cvm:   Empresa 16330 não encontrada em dre 2022
2026-05-04 12:05:10,907 [WARNING] pipeline.cvm:   Empresa 16330 não encontrada em bpa 2022
2026-05-04 12:05:11,934 [WARNING] pipeline.cvm:   Empresa 16330 não encontrada em bpp 2022
2026-05-04 12:05:12,470 [WARNING] pipeline.cvm:   Empresa 16330 não encontrada em dfc_mi 2022
2026-05-04 12:05:12,515 [WARNING] pipeline.cvm:   Empresa 16330 não encontrada em dfc_md 2022
2026-05-04 12:05:12,758 [WARNING] pipeline.cvm:   Empresa 16330 não encontrada em dre 2023
2026-05-04 12:05:13,198 [WARNING] pipeline.cvm:   Empresa 16330 não encontrada em bpa 2023
2026-05-04 12:05:13,985 [WARNING] pipeline.cvm:   Empresa 16330 não encontrada em bpp 2023
2026-05-04 12:05:14,399 [WARNING] pipeline.cvm:   Empresa 16330 não encontrada em dfc_mi 2023
2026-05-04 12:05:14,428 [WARNING] pipeline.cvm:   Empresa 16330 não encontrada em dfc_md 2023
2026-05-04 12:05:14,778 [WARNING] pipeline.cvm:   Empresa 16330 não encontrada em dre 2023
2026-05-04 12:05:15,440 [WARNING] pipeline.cvm:   Empresa 16330 não encontrada em bpa 2023
2026-05-04 12:05:16,653 [WARNING] pipeline.cvm:   Empresa 16330 não encontrada em bpp 2023
2026-05-04 12:05:17,198 [WARNING] pipeline.cvm:   Empresa 16330 não encontrada em dfc_mi 2023
2026-05-04 12:05:17,241 [WARNING] pipeline.cvm:   Empresa 16330 não encontrada em dfc_md 2023
2026-05-04 12:05:17,481 [WARNING] pipeline.cvm:   Empresa 16330 não encontrada em dre 2024
2026-05-04 12:05:17,893 [WARNING] pipeline.cvm:   Empresa 16330 não encontrada em bpa 2024
2026-05-04 12:05:18,610 [WARNING] pipeline.cvm:   Empresa 16330 não encontrada em bpp 2024
2026-05-04 12:05:19,004 [WARNING] pipeline.cvm:   Empresa 16330 não encontrada em dfc_mi 2024
2026-05-04 12:05:19,034 [WARNING] pipeline.cvm:   Empresa 16330 não encontrada em dfc_md 2024
2026-05-04 12:05:19,338 [WARNING] pipeline.cvm:   Empresa 16330 não encontrada em dre 2024
2026-05-04 12:05:19,910 [WARNING] pipeline.cvm:   Empresa 16330 não encontrada em bpa 2024
2026-05-04 12:05:20,946 [WARNING] pipeline.cvm:   Empresa 16330 não encontrada em bpp 2024
2026-05-04 12:05:21,440 [WARNING] pipeline.cvm:   Empresa 16330 não encontrada em dfc_mi 2024
2026-05-04 12:05:21,473 [WARNING] pipeline.cvm:   Empresa 16330 não encontrada em dfc_md 2024
2026-05-04 12:05:21,668 [WARNING] pipeline.cvm:   Empresa 16330 não encontrada em dre 2025
2026-05-04 12:05:22,021 [WARNING] pipeline.cvm:   Empresa 16330 não encontrada em bpa 2025
2026-05-04 12:05:22,646 [WARNING] pipeline.cvm:   Empresa 16330 não encontrada em bpp 2025
2026-05-04 12:05:23,000 [WARNING] pipeline.cvm:   Empresa 16330 não encontrada em dfc_mi 2025
2026-05-04 12:05:23,024 [WARNING] pipeline.cvm:   Empresa 16330 não encontrada em dfc_md 2025
2026-05-04 12:05:23,322 [WARNING] pipeline.cvm:   Empresa 16330 não encontrada em dre 2025
2026-05-04 12:05:23,875 [WARNING] pipeline.cvm:   Empresa 16330 não encontrada em bpa 2025
2026-05-04 12:05:24,818 [WARNING] pipeline.cvm:   Empresa 16330 não encontrada em bpp 2025
2026-05-04 12:05:25,372 [WARNING] pipeline.cvm:   Empresa 16330 não encontrada em dfc_mi 2025
2026-05-04 12:05:25,410 [WARNING] pipeline.cvm:   Empresa 16330 não encontrada em dfc_md 2025
2026-05-04 12:05:25,422 [INFO] pipeline:   VIVT3: score=0/100 | critical=9 | warnings=1
2026-05-04 12:05:25,422 [INFO] pipeline:   Relatorio: C:\Users\55819\OneDrive - EPEJUD\DIEGO\OBSIDIAN\Analista de Investimentos\12_PYTHON\pipeline banco completo\outputs\data_quality\audit_VIVT3_20260504.md
2026-05-04 12:05:25,423 [INFO] pipeline: 
Auditorando BRIT3...
2026-05-04 12:05:25,424 [INFO] pipeline.cvm: Buscando código CVM para BRIT3...
2026-05-04 12:05:27,143 [WARNING] pipeline.cvm: Ticker BRIT3 não encontrado no cadastro CVM
2026-05-04 12:05:27,157 [INFO] pipeline:   BRIT3: score=23/100 | critical=4 | warnings=1
2026-05-04 12:05:27,157 [INFO] pipeline:   Relatorio: C:\Users\55819\OneDrive - EPEJUD\DIEGO\OBSIDIAN\Analista de Investimentos\12_PYTHON\pipeline banco completo\outputs\data_quality\audit_BRIT3_20260504.md
2026-05-04 12:05:27,157 [INFO] pipeline: 
Auditorando FIQE3...
2026-05-04 12:05:27,158 [INFO] pipeline.cvm: Buscando código CVM para FIQE3...
2026-05-04 12:05:27,875 [WARNING] pipeline.cvm: Ticker FIQE3 não encontrado no cadastro CVM
2026-05-04 12:05:27,887 [INFO] pipeline:   FIQE3: score=23/100 | critical=4 | warnings=1
2026-05-04 12:05:27,887 [INFO] pipeline:   Relatorio: C:\Users\55819\OneDrive - EPEJUD\DIEGO\OBSIDIAN\Analista de Investimentos\12_PYTHON\pipeline banco completo\outputs\data_quality\audit_FIQE3_20260504.md
2026-05-04 12:05:27,887 [INFO] pipeline: 
Auditorando FLRY3...
2026-05-04 12:05:28,199 [WARNING] pipeline.cvm:   Empresa 21784 não encontrada em dre 2020
2026-05-04 12:05:28,589 [WARNING] pipeline.cvm:   Empresa 21784 não encontrada em bpa 2020
2026-05-04 12:05:29,325 [WARNING] pipeline.cvm:   Empresa 21784 não encontrada em bpp 2020
2026-05-04 12:05:29,669 [WARNING] pipeline.cvm:   Empresa 21784 não encontrada em dfc_mi 2020
2026-05-04 12:05:29,692 [WARNING] pipeline.cvm:   Empresa 21784 não encontrada em dfc_md 2020
2026-05-04 12:05:30,092 [WARNING] pipeline.cvm:   Empresa 21784 não encontrada em dre 2020
2026-05-04 12:05:30,708 [WARNING] pipeline.cvm:   Empresa 21784 não encontrada em bpa 2020
2026-05-04 12:05:31,757 [WARNING] pipeline.cvm:   Empresa 21784 não encontrada em bpp 2020
2026-05-04 12:05:32,263 [WARNING] pipeline.cvm:   Empresa 21784 não encontrada em dfc_mi 2020
2026-05-04 12:05:32,289 [WARNING] pipeline.cvm:   Empresa 21784 não encontrada em dfc_md 2020
2026-05-04 12:05:32,526 [WARNING] pipeline.cvm:   Empresa 21784 não encontrada em dre 2021
2026-05-04 12:05:32,931 [WARNING] pipeline.cvm:   Empresa 21784 não encontrada em bpa 2021
2026-05-04 12:05:33,632 [WARNING] pipeline.cvm:   Empresa 21784 não encontrada em bpp 2021
2026-05-04 12:05:34,000 [WARNING] pipeline.cvm:   Empresa 21784 não encontrada em dfc_mi 2021
2026-05-04 12:05:34,033 [WARNING] pipeline.cvm:   Empresa 21784 não encontrada em dfc_md 2021
2026-05-04 12:05:34,386 [WARNING] pipeline.cvm:   Empresa 21784 não encontrada em dre 2021
2026-05-04 12:05:35,036 [WARNING] pipeline.cvm:   Empresa 21784 não encontrada em bpa 2021
2026-05-04 12:05:36,182 [WARNING] pipeline.cvm:   Empresa 21784 não encontrada em bpp 2021
2026-05-04 12:05:36,688 [WARNING] pipeline.cvm:   Empresa 21784 não encontrada em dfc_mi 2021
2026-05-04 12:05:36,724 [WARNING] pipeline.cvm:   Empresa 21784 não encontrada em dfc_md 2021
2026-05-04 12:05:36,964 [WARNING] pipeline.cvm:   Empresa 21784 não encontrada em dre 2022
2026-05-04 12:05:37,386 [WARNING] pipeline.cvm:   Empresa 21784 não encontrada em bpa 2022
2026-05-04 12:05:38,094 [WARNING] pipeline.cvm:   Empresa 21784 não encontrada em bpp 2022
2026-05-04 12:05:38,480 [WARNING] pipeline.cvm:   Empresa 21784 não encontrada em dfc_mi 2022
2026-05-04 12:05:38,509 [WARNING] pipeline.cvm:   Empresa 21784 não encontrada em dfc_md 2022
2026-05-04 12:05:38,837 [WARNING] pipeline.cvm:   Empresa 21784 não encontrada em dre 2022
2026-05-04 12:05:39,538 [WARNING] pipeline.cvm:   Empresa 21784 não encontrada em bpa 2022
2026-05-04 12:05:41,153 [WARNING] pipeline.cvm:   Empresa 21784 não encontrada em bpp 2022
2026-05-04 12:05:42,052 [WARNING] pipeline.cvm:   Empresa 21784 não encontrada em dfc_mi 2022
2026-05-04 12:05:42,094 [WARNING] pipeline.cvm:   Empresa 21784 não encontrada em dfc_md 2022
2026-05-04 12:05:42,385 [WARNING] pipeline.cvm:   Empresa 21784 não encontrada em dre 2023
2026-05-04 12:05:42,928 [WARNING] pipeline.cvm:   Empresa 21784 não encontrada em bpa 2023
2026-05-04 12:05:43,665 [WARNING] pipeline.cvm:   Empresa 21784 não encontrada em bpp 2023
2026-05-04 12:05:44,075 [WARNING] pipeline.cvm:   Empresa 21784 não encontrada em dfc_mi 2023
2026-05-04 12:05:44,104 [WARNING] pipeline.cvm:   Empresa 21784 não encontrada em dfc_md 2023
2026-05-04 12:05:44,454 [WARNING] pipeline.cvm:   Empresa 21784 não encontrada em dre 2023
2026-05-04 12:05:45,107 [WARNING] pipeline.cvm:   Empresa 21784 não encontrada em bpa 2023
2026-05-04 12:05:46,303 [WARNING] pipeline.cvm:   Empresa 21784 não encontrada em bpp 2023
2026-05-04 12:05:46,872 [WARNING] pipeline.cvm:   Empresa 21784 não encontrada em dfc_mi 2023
2026-05-04 12:05:46,910 [WARNING] pipeline.cvm:   Empresa 21784 não encontrada em dfc_md 2023
2026-05-04 12:05:47,144 [WARNING] pipeline.cvm:   Empresa 21784 não encontrada em dre 2024
2026-05-04 12:05:47,542 [WARNING] pipeline.cvm:   Empresa 21784 não encontrada em bpa 2024
2026-05-04 12:05:48,342 [WARNING] pipeline.cvm:   Empresa 21784 não encontrada em bpp 2024
2026-05-04 12:05:48,757 [WARNING] pipeline.cvm:   Empresa 21784 não encontrada em dfc_mi 2024
2026-05-04 12:05:48,779 [WARNING] pipeline.cvm:   Empresa 21784 não encontrada em dfc_md 2024
2026-05-04 12:05:49,083 [WARNING] pipeline.cvm:   Empresa 21784 não encontrada em dre 2024
2026-05-04 12:05:49,645 [WARNING] pipeline.cvm:   Empresa 21784 não encontrada em bpa 2024
2026-05-04 12:05:50,681 [WARNING] pipeline.cvm:   Empresa 21784 não encontrada em bpp 2024
2026-05-04 12:05:51,169 [WARNING] pipeline.cvm:   Empresa 21784 não encontrada em dfc_mi 2024
2026-05-04 12:05:51,205 [WARNING] pipeline.cvm:   Empresa 21784 não encontrada em dfc_md 2024
2026-05-04 12:05:51,402 [WARNING] pipeline.cvm:   Empresa 21784 não encontrada em dre 2025
2026-05-04 12:05:51,741 [WARNING] pipeline.cvm:   Empresa 21784 não encontrada em bpa 2025
2026-05-04 12:05:52,447 [WARNING] pipeline.cvm:   Empresa 21784 não encontrada em bpp 2025
2026-05-04 12:05:52,835 [WARNING] pipeline.cvm:   Empresa 21784 não encontrada em dfc_mi 2025
2026-05-04 12:05:52,857 [WARNING] pipeline.cvm:   Empresa 21784 não encontrada em dfc_md 2025
2026-05-04 12:05:53,129 [WARNING] pipeline.cvm:   Empresa 21784 não encontrada em dre 2025
2026-05-04 12:05:53,638 [WARNING] pipeline.cvm:   Empresa 21784 não encontrada em bpa 2025
2026-05-04 12:05:54,580 [WARNING] pipeline.cvm:   Empresa 21784 não encontrada em bpp 2025
2026-05-04 12:05:55,031 [WARNING] pipeline.cvm:   Empresa 21784 não encontrada em dfc_mi 2025
2026-05-04 12:05:55,058 [WARNING] pipeline.cvm:   Empresa 21784 não encontrada em dfc_md 2025
2026-05-04 12:05:55,073 [INFO] pipeline:   FLRY3: score=0/100 | critical=9 | warnings=1
2026-05-04 12:05:55,073 [INFO] pipeline:   Relatorio: C:\Users\55819\OneDrive - EPEJUD\DIEGO\OBSIDIAN\Analista de Investimentos\12_PYTHON\pipeline banco completo\outputs\data_quality\audit_FLRY3_20260504.md
2026-05-04 12:05:55,073 [INFO] pipeline: 
Auditorando RADL3...
2026-05-04 12:05:55,394 [INFO] pipeline.cvm:   DFP dre 2020: 76 linhas
2026-05-04 12:05:55,915 [INFO] pipeline.cvm:   DFP bpa 2020: 140 linhas
2026-05-04 12:05:56,518 [INFO] pipeline.cvm:   DFP bpp 2020: 234 linhas
2026-05-04 12:05:56,852 [INFO] pipeline.cvm:   DFP dfc_mi 2020: 84 linhas
2026-05-04 12:05:56,871 [WARNING] pipeline.cvm:   Empresa 20346 não encontrada em dfc_md 2020
2026-05-04 12:05:57,176 [INFO] pipeline.cvm:   DFP dre 2020: 72 linhas
2026-05-04 12:05:57,778 [INFO] pipeline.cvm:   DFP bpa 2020: 128 linhas
2026-05-04 12:05:59,169 [INFO] pipeline.cvm:   DFP bpp 2020: 230 linhas
2026-05-04 12:05:59,732 [INFO] pipeline.cvm:   DFP dfc_mi 2020: 78 linhas
2026-05-04 12:05:59,765 [WARNING] pipeline.cvm:   Empresa 20346 não encontrada em dfc_md 2020
2026-05-04 12:06:00,003 [INFO] pipeline.cvm:   DFP dre 2021: 76 linhas
2026-05-04 12:06:00,421 [INFO] pipeline.cvm:   DFP bpa 2021: 140 linhas
2026-05-04 12:06:01,087 [INFO] pipeline.cvm:   DFP bpp 2021: 236 linhas
2026-05-04 12:06:01,454 [INFO] pipeline.cvm:   DFP dfc_mi 2021: 88 linhas
2026-05-04 12:06:01,481 [WARNING] pipeline.cvm:   Empresa 20346 não encontrada em dfc_md 2021
2026-05-04 12:06:01,823 [INFO] pipeline.cvm:   DFP dre 2021: 72 linhas
2026-05-04 12:06:02,522 [INFO] pipeline.cvm:   DFP bpa 2021: 128 linhas
2026-05-04 12:06:03,826 [INFO] pipeline.cvm:   DFP bpp 2021: 232 linhas
2026-05-04 12:06:04,376 [INFO] pipeline.cvm:   DFP dfc_mi 2021: 82 linhas
2026-05-04 12:06:04,407 [WARNING] pipeline.cvm:   Empresa 20346 não encontrada em dfc_md 2021
2026-05-04 12:06:04,655 [INFO] pipeline.cvm:   DFP dre 2022: 76 linhas
2026-05-04 12:06:05,188 [INFO] pipeline.cvm:   DFP bpa 2022: 140 linhas
2026-05-04 12:06:06,232 [INFO] pipeline.cvm:   DFP bpp 2022: 242 linhas
2026-05-04 12:06:06,714 [INFO] pipeline.cvm:   DFP dfc_mi 2022: 90 linhas
2026-05-04 12:06:06,750 [WARNING] pipeline.cvm:   Empresa 20346 não encontrada em dfc_md 2022
2026-05-04 12:06:07,118 [INFO] pipeline.cvm:   DFP dre 2022: 72 linhas
2026-05-04 12:06:07,734 [INFO] pipeline.cvm:   DFP bpa 2022: 128 linhas
2026-05-04 12:06:08,861 [INFO] pipeline.cvm:   DFP bpp 2022: 238 linhas
2026-05-04 12:06:09,399 [INFO] pipeline.cvm:   DFP dfc_mi 2022: 84 linhas
2026-05-04 12:06:09,445 [WARNING] pipeline.cvm:   Empresa 20346 não encontrada em dfc_md 2022
2026-05-04 12:06:09,696 [INFO] pipeline.cvm:   DFP dre 2023: 68 linhas
2026-05-04 12:06:10,136 [INFO] pipeline.cvm:   DFP bpa 2023: 140 linhas
2026-05-04 12:06:10,898 [INFO] pipeline.cvm:   DFP bpp 2023: 244 linhas
2026-05-04 12:06:11,309 [INFO] pipeline.cvm:   DFP dfc_mi 2023: 94 linhas
2026-05-04 12:06:11,338 [WARNING] pipeline.cvm:   Empresa 20346 não encontrada em dfc_md 2023
2026-05-04 12:06:11,675 [INFO] pipeline.cvm:   DFP dre 2023: 64 linhas
2026-05-04 12:06:12,369 [INFO] pipeline.cvm:   DFP bpa 2023: 128 linhas
2026-05-04 12:06:13,493 [INFO] pipeline.cvm:   DFP bpp 2023: 240 linhas
2026-05-04 12:06:14,040 [INFO] pipeline.cvm:   DFP dfc_mi 2023: 88 linhas
2026-05-04 12:06:14,085 [WARNING] pipeline.cvm:   Empresa 20346 não encontrada em dfc_md 2023
2026-05-04 12:06:14,316 [INFO] pipeline.cvm:   DFP dre 2024: 60 linhas
2026-05-04 12:06:14,724 [INFO] pipeline.cvm:   DFP bpa 2024: 140 linhas
2026-05-04 12:06:15,572 [INFO] pipeline.cvm:   DFP bpp 2024: 246 linhas
2026-05-04 12:06:16,025 [INFO] pipeline.cvm:   DFP dfc_mi 2024: 94 linhas
2026-05-04 12:06:16,056 [WARNING] pipeline.cvm:   Empresa 20346 não encontrada em dfc_md 2024
2026-05-04 12:06:16,372 [INFO] pipeline.cvm:   DFP dre 2024: 64 linhas
2026-05-04 12:06:17,011 [INFO] pipeline.cvm:   DFP bpa 2024: 130 linhas
2026-05-04 12:06:18,091 [INFO] pipeline.cvm:   DFP bpp 2024: 242 linhas
2026-05-04 12:06:18,618 [INFO] pipeline.cvm:   DFP dfc_mi 2024: 90 linhas
2026-05-04 12:06:18,656 [WARNING] pipeline.cvm:   Empresa 20346 não encontrada em dfc_md 2024
2026-05-04 12:06:18,879 [INFO] pipeline.cvm:   DFP dre 2025: 60 linhas
2026-05-04 12:06:19,264 [INFO] pipeline.cvm:   DFP bpa 2025: 140 linhas
2026-05-04 12:06:19,924 [INFO] pipeline.cvm:   DFP bpp 2025: 246 linhas
2026-05-04 12:06:20,325 [INFO] pipeline.cvm:   DFP dfc_mi 2025: 96 linhas
2026-05-04 12:06:20,355 [WARNING] pipeline.cvm:   Empresa 20346 não encontrada em dfc_md 2025
2026-05-04 12:06:20,651 [INFO] pipeline.cvm:   DFP dre 2025: 64 linhas
2026-05-04 12:06:21,221 [INFO] pipeline.cvm:   DFP bpa 2025: 130 linhas
2026-05-04 12:06:22,285 [INFO] pipeline.cvm:   DFP bpp 2025: 244 linhas
2026-05-04 12:06:22,794 [INFO] pipeline.cvm:   DFP dfc_mi 2025: 94 linhas
2026-05-04 12:06:22,829 [WARNING] pipeline.cvm:   Empresa 20346 não encontrada em dfc_md 2025
2026-05-04 12:06:26,176 [INFO] pipeline:   RADL3: score=77/100 | critical=1 | warnings=1
2026-05-04 12:06:26,176 [INFO] pipeline:   Relatorio: C:\Users\55819\OneDrive - EPEJUD\DIEGO\OBSIDIAN\Analista de Investimentos\12_PYTHON\pipeline banco completo\outputs\data_quality\audit_RADL3_20260504.md
2026-05-04 12:06:26,176 [INFO] pipeline: 
Auditorando HYPE3...
2026-05-04 12:06:26,397 [INFO] pipeline.cvm:   DFP dre 2020: 64 linhas
2026-05-04 12:06:26,768 [INFO] pipeline.cvm:   DFP bpa 2020: 132 linhas
2026-05-04 12:06:27,421 [INFO] pipeline.cvm:   DFP bpp 2020: 230 linhas
2026-05-04 12:06:27,770 [INFO] pipeline.cvm:   DFP dfc_mi 2020: 134 linhas
2026-05-04 12:06:27,797 [WARNING] pipeline.cvm:   Empresa 17973 não encontrada em dfc_md 2020
2026-05-04 12:06:28,153 [INFO] pipeline.cvm:   DFP dre 2020: 56 linhas
2026-05-04 12:06:28,770 [INFO] pipeline.cvm:   DFP bpa 2020: 124 linhas
2026-05-04 12:06:29,875 [INFO] pipeline.cvm:   DFP bpp 2020: 212 linhas
2026-05-04 12:06:30,479 [INFO] pipeline.cvm:   DFP dfc_mi 2020: 120 linhas
2026-05-04 12:06:30,515 [WARNING] pipeline.cvm:   Empresa 17973 não encontrada em dfc_md 2020
2026-05-04 12:06:30,755 [INFO] pipeline.cvm:   DFP dre 2021: 64 linhas
2026-05-04 12:06:31,179 [INFO] pipeline.cvm:   DFP bpa 2021: 132 linhas
2026-05-04 12:06:31,857 [INFO] pipeline.cvm:   DFP bpp 2021: 230 linhas
2026-05-04 12:06:32,207 [INFO] pipeline.cvm:   DFP dfc_mi 2021: 140 linhas
2026-05-04 12:06:32,229 [WARNING] pipeline.cvm:   Empresa 17973 não encontrada em dfc_md 2021
2026-05-04 12:06:32,581 [INFO] pipeline.cvm:   DFP dre 2021: 56 linhas
2026-05-04 12:06:33,240 [INFO] pipeline.cvm:   DFP bpa 2021: 128 linhas
2026-05-04 12:06:34,360 [INFO] pipeline.cvm:   DFP bpp 2021: 212 linhas
2026-05-04 12:06:34,873 [INFO] pipeline.cvm:   DFP dfc_mi 2021: 120 linhas
2026-05-04 12:06:34,908 [WARNING] pipeline.cvm:   Empresa 17973 não encontrada em dfc_md 2021
2026-05-04 12:06:35,203 [INFO] pipeline.cvm:   DFP dre 2022: 64 linhas
2026-05-04 12:06:35,696 [INFO] pipeline.cvm:   DFP bpa 2022: 140 linhas
2026-05-04 12:06:36,563 [INFO] pipeline.cvm:   DFP bpp 2022: 232 linhas
2026-05-04 12:06:36,924 [INFO] pipeline.cvm:   DFP dfc_mi 2022: 150 linhas
2026-05-04 12:06:36,952 [WARNING] pipeline.cvm:   Empresa 17973 não encontrada em dfc_md 2022
2026-05-04 12:06:37,264 [INFO] pipeline.cvm:   DFP dre 2022: 56 linhas
2026-05-04 12:06:37,855 [INFO] pipeline.cvm:   DFP bpa 2022: 134 linhas
2026-05-04 12:06:38,926 [INFO] pipeline.cvm:   DFP bpp 2022: 214 linhas
2026-05-04 12:06:39,396 [INFO] pipeline.cvm:   DFP dfc_mi 2022: 128 linhas
2026-05-04 12:06:39,431 [WARNING] pipeline.cvm:   Empresa 17973 não encontrada em dfc_md 2022
2026-05-04 12:06:39,652 [INFO] pipeline.cvm:   DFP dre 2023: 64 linhas
2026-05-04 12:06:40,037 [INFO] pipeline.cvm:   DFP bpa 2023: 140 linhas
2026-05-04 12:06:40,701 [INFO] pipeline.cvm:   DFP bpp 2023: 234 linhas
2026-05-04 12:06:41,073 [INFO] pipeline.cvm:   DFP dfc_mi 2023: 154 linhas
2026-05-04 12:06:41,098 [WARNING] pipeline.cvm:   Empresa 17973 não encontrada em dfc_md 2023
2026-05-04 12:06:41,428 [INFO] pipeline.cvm:   DFP dre 2023: 56 linhas
2026-05-04 12:06:42,013 [INFO] pipeline.cvm:   DFP bpa 2023: 138 linhas
2026-05-04 12:06:43,114 [INFO] pipeline.cvm:   DFP bpp 2023: 214 linhas
2026-05-04 12:06:43,611 [INFO] pipeline.cvm:   DFP dfc_mi 2023: 132 linhas
2026-05-04 12:06:43,652 [WARNING] pipeline.cvm:   Empresa 17973 não encontrada em dfc_md 2023
2026-05-04 12:06:43,875 [INFO] pipeline.cvm:   DFP dre 2024: 64 linhas
2026-05-04 12:06:44,271 [INFO] pipeline.cvm:   DFP bpa 2024: 140 linhas
2026-05-04 12:06:44,962 [INFO] pipeline.cvm:   DFP bpp 2024: 236 linhas
2026-05-04 12:06:45,347 [INFO] pipeline.cvm:   DFP dfc_mi 2024: 154 linhas
2026-05-04 12:06:45,373 [WARNING] pipeline.cvm:   Empresa 17973 não encontrada em dfc_md 2024
2026-05-04 12:06:45,672 [INFO] pipeline.cvm:   DFP dre 2024: 56 linhas
2026-05-04 12:06:46,253 [INFO] pipeline.cvm:   DFP bpa 2024: 138 linhas
2026-05-04 12:06:47,336 [INFO] pipeline.cvm:   DFP bpp 2024: 214 linhas
2026-05-04 12:06:47,835 [INFO] pipeline.cvm:   DFP dfc_mi 2024: 132 linhas
2026-05-04 12:06:47,867 [WARNING] pipeline.cvm:   Empresa 17973 não encontrada em dfc_md 2024
2026-05-04 12:06:48,065 [INFO] pipeline.cvm:   DFP dre 2025: 64 linhas
2026-05-04 12:06:48,506 [INFO] pipeline.cvm:   DFP bpa 2025: 140 linhas
2026-05-04 12:06:49,134 [INFO] pipeline.cvm:   DFP bpp 2025: 236 linhas
2026-05-04 12:06:49,488 [INFO] pipeline.cvm:   DFP dfc_mi 2025: 160 linhas
2026-05-04 12:06:49,511 [WARNING] pipeline.cvm:   Empresa 17973 não encontrada em dfc_md 2025
2026-05-04 12:06:49,798 [INFO] pipeline.cvm:   DFP dre 2025: 56 linhas
2026-05-04 12:06:50,342 [INFO] pipeline.cvm:   DFP bpa 2025: 138 linhas
2026-05-04 12:06:51,345 [INFO] pipeline.cvm:   DFP bpp 2025: 218 linhas
2026-05-04 12:06:51,825 [INFO] pipeline.cvm:   DFP dfc_mi 2025: 136 linhas
2026-05-04 12:06:51,849 [WARNING] pipeline.cvm:   Empresa 17973 não encontrada em dfc_md 2025
2026-05-04 12:06:54,423 [INFO] pipeline:   HYPE3: score=95/100 | critical=0 | warnings=1
2026-05-04 12:06:54,423 [INFO] pipeline:   Relatorio: C:\Users\55819\OneDrive - EPEJUD\DIEGO\OBSIDIAN\Analista de Investimentos\12_PYTHON\pipeline banco completo\outputs\data_quality\audit_HYPE3_20260504.md
2026-05-04 12:06:54,423 [INFO] pipeline: 
Auditorando RENT3...
2026-05-04 12:06:54,635 [WARNING] pipeline.cvm:   Empresa 20869 não encontrada em dre 2020
2026-05-04 12:06:54,985 [WARNING] pipeline.cvm:   Empresa 20869 não encontrada em bpa 2020
2026-05-04 12:06:55,597 [WARNING] pipeline.cvm:   Empresa 20869 não encontrada em bpp 2020
2026-05-04 12:06:55,942 [WARNING] pipeline.cvm:   Empresa 20869 não encontrada em dfc_mi 2020
2026-05-04 12:06:55,962 [WARNING] pipeline.cvm:   Empresa 20869 não encontrada em dfc_md 2020
2026-05-04 12:06:56,289 [WARNING] pipeline.cvm:   Empresa 20869 não encontrada em dre 2020
2026-05-04 12:06:56,869 [WARNING] pipeline.cvm:   Empresa 20869 não encontrada em bpa 2020
2026-05-04 12:06:57,839 [WARNING] pipeline.cvm:   Empresa 20869 não encontrada em bpp 2020
2026-05-04 12:06:58,285 [WARNING] pipeline.cvm:   Empresa 20869 não encontrada em dfc_mi 2020
2026-05-04 12:06:58,314 [WARNING] pipeline.cvm:   Empresa 20869 não encontrada em dfc_md 2020
2026-05-04 12:06:58,537 [WARNING] pipeline.cvm:   Empresa 20869 não encontrada em dre 2021
2026-05-04 12:06:58,947 [WARNING] pipeline.cvm:   Empresa 20869 não encontrada em bpa 2021
2026-05-04 12:06:59,623 [WARNING] pipeline.cvm:   Empresa 20869 não encontrada em bpp 2021
2026-05-04 12:06:59,972 [WARNING] pipeline.cvm:   Empresa 20869 não encontrada em dfc_mi 2021
2026-05-04 12:06:59,998 [WARNING] pipeline.cvm:   Empresa 20869 não encontrada em dfc_md 2021
2026-05-04 12:07:00,359 [WARNING] pipeline.cvm:   Empresa 20869 não encontrada em dre 2021
2026-05-04 12:07:00,960 [WARNING] pipeline.cvm:   Empresa 20869 não encontrada em bpa 2021
2026-05-04 12:07:02,137 [WARNING] pipeline.cvm:   Empresa 20869 não encontrada em bpp 2021
2026-05-04 12:07:02,634 [WARNING] pipeline.cvm:   Empresa 20869 não encontrada em dfc_mi 2021
2026-05-04 12:07:02,667 [WARNING] pipeline.cvm:   Empresa 20869 não encontrada em dfc_md 2021
2026-05-04 12:07:02,888 [WARNING] pipeline.cvm:   Empresa 20869 não encontrada em dre 2022
2026-05-04 12:07:03,290 [WARNING] pipeline.cvm:   Empresa 20869 não encontrada em bpa 2022
2026-05-04 12:07:03,957 [WARNING] pipeline.cvm:   Empresa 20869 não encontrada em bpp 2022
2026-05-04 12:07:04,319 [WARNING] pipeline.cvm:   Empresa 20869 não encontrada em dfc_mi 2022
2026-05-04 12:07:04,349 [WARNING] pipeline.cvm:   Empresa 20869 não encontrada em dfc_md 2022
2026-05-04 12:07:04,699 [WARNING] pipeline.cvm:   Empresa 20869 não encontrada em dre 2022
2026-05-04 12:07:05,298 [WARNING] pipeline.cvm:   Empresa 20869 não encontrada em bpa 2022
2026-05-04 12:07:06,554 [WARNING] pipeline.cvm:   Empresa 20869 não encontrada em bpp 2022
2026-05-04 12:07:07,047 [WARNING] pipeline.cvm:   Empresa 20869 não encontrada em dfc_mi 2022
2026-05-04 12:07:07,085 [WARNING] pipeline.cvm:   Empresa 20869 não encontrada em dfc_md 2022
2026-05-04 12:07:07,336 [WARNING] pipeline.cvm:   Empresa 20869 não encontrada em dre 2023
2026-05-04 12:07:07,753 [WARNING] pipeline.cvm:   Empresa 20869 não encontrada em bpa 2023
2026-05-04 12:07:08,482 [WARNING] pipeline.cvm:   Empresa 20869 não encontrada em bpp 2023
2026-05-04 12:07:08,854 [WARNING] pipeline.cvm:   Empresa 20869 não encontrada em dfc_mi 2023
2026-05-04 12:07:08,880 [WARNING] pipeline.cvm:   Empresa 20869 não encontrada em dfc_md 2023
2026-05-04 12:07:09,195 [WARNING] pipeline.cvm:   Empresa 20869 não encontrada em dre 2023
2026-05-04 12:07:09,813 [WARNING] pipeline.cvm:   Empresa 20869 não encontrada em bpa 2023
2026-05-04 12:07:10,864 [WARNING] pipeline.cvm:   Empresa 20869 não encontrada em bpp 2023
2026-05-04 12:07:11,392 [WARNING] pipeline.cvm:   Empresa 20869 não encontrada em dfc_mi 2023
2026-05-04 12:07:11,430 [WARNING] pipeline.cvm:   Empresa 20869 não encontrada em dfc_md 2023
2026-05-04 12:07:11,645 [WARNING] pipeline.cvm:   Empresa 20869 não encontrada em dre 2024
2026-05-04 12:07:12,029 [WARNING] pipeline.cvm:   Empresa 20869 não encontrada em bpa 2024
2026-05-04 12:07:12,745 [WARNING] pipeline.cvm:   Empresa 20869 não encontrada em bpp 2024
2026-05-04 12:07:13,150 [WARNING] pipeline.cvm:   Empresa 20869 não encontrada em dfc_mi 2024
2026-05-04 12:07:13,176 [WARNING] pipeline.cvm:   Empresa 20869 não encontrada em dfc_md 2024
2026-05-04 12:07:13,487 [WARNING] pipeline.cvm:   Empresa 20869 não encontrada em dre 2024
2026-05-04 12:07:14,081 [WARNING] pipeline.cvm:   Empresa 20869 não encontrada em bpa 2024
2026-05-04 12:07:15,191 [WARNING] pipeline.cvm:   Empresa 20869 não encontrada em bpp 2024
2026-05-04 12:07:15,683 [WARNING] pipeline.cvm:   Empresa 20869 não encontrada em dfc_mi 2024
2026-05-04 12:07:15,716 [WARNING] pipeline.cvm:   Empresa 20869 não encontrada em dfc_md 2024
2026-05-04 12:07:15,917 [WARNING] pipeline.cvm:   Empresa 20869 não encontrada em dre 2025
2026-05-04 12:07:16,272 [WARNING] pipeline.cvm:   Empresa 20869 não encontrada em bpa 2025
2026-05-04 12:07:16,867 [WARNING] pipeline.cvm:   Empresa 20869 não encontrada em bpp 2025
2026-05-04 12:07:17,225 [WARNING] pipeline.cvm:   Empresa 20869 não encontrada em dfc_mi 2025
2026-05-04 12:07:17,249 [WARNING] pipeline.cvm:   Empresa 20869 não encontrada em dfc_md 2025
2026-05-04 12:07:17,521 [WARNING] pipeline.cvm:   Empresa 20869 não encontrada em dre 2025
2026-05-04 12:07:18,045 [WARNING] pipeline.cvm:   Empresa 20869 não encontrada em bpa 2025
2026-05-04 12:07:18,994 [WARNING] pipeline.cvm:   Empresa 20869 não encontrada em bpp 2025
2026-05-04 12:07:19,497 [WARNING] pipeline.cvm:   Empresa 20869 não encontrada em dfc_mi 2025
2026-05-04 12:07:19,523 [WARNING] pipeline.cvm:   Empresa 20869 não encontrada em dfc_md 2025
2026-05-04 12:07:19,532 [INFO] pipeline:   RENT3: score=0/100 | critical=9 | warnings=1
2026-05-04 12:07:19,533 [INFO] pipeline:   Relatorio: C:\Users\55819\OneDrive - EPEJUD\DIEGO\OBSIDIAN\Analista de Investimentos\12_PYTHON\pipeline banco completo\outputs\data_quality\audit_RENT3_20260504.md
2026-05-04 12:07:19,533 [INFO] pipeline: 
Auditorando MOVI3...
2026-05-04 12:07:19,762 [WARNING] pipeline.cvm:   Empresa 23850 não encontrada em dre 2020
2026-05-04 12:07:20,107 [WARNING] pipeline.cvm:   Empresa 23850 não encontrada em bpa 2020
2026-05-04 12:07:20,761 [WARNING] pipeline.cvm:   Empresa 23850 não encontrada em bpp 2020
2026-05-04 12:07:21,120 [WARNING] pipeline.cvm:   Empresa 23850 não encontrada em dfc_mi 2020
2026-05-04 12:07:21,142 [WARNING] pipeline.cvm:   Empresa 23850 não encontrada em dfc_md 2020
2026-05-04 12:07:21,454 [INFO] pipeline.cvm:   DFP dre 2020: 56 linhas
2026-05-04 12:07:22,014 [INFO] pipeline.cvm:   DFP bpa 2020: 114 linhas
2026-05-04 12:07:23,098 [INFO] pipeline.cvm:   DFP bpp 2020: 204 linhas
2026-05-04 12:07:23,565 [INFO] pipeline.cvm:   DFP dfc_mi 2020: 30 linhas
2026-05-04 12:07:23,588 [WARNING] pipeline.cvm:   Empresa 23850 não encontrada em dfc_md 2020
2026-05-04 12:07:23,818 [WARNING] pipeline.cvm:   Empresa 23850 não encontrada em dre 2021
2026-05-04 12:07:24,256 [WARNING] pipeline.cvm:   Empresa 23850 não encontrada em bpa 2021
2026-05-04 12:07:24,935 [WARNING] pipeline.cvm:   Empresa 23850 não encontrada em bpp 2021
2026-05-04 12:07:25,283 [WARNING] pipeline.cvm:   Empresa 23850 não encontrada em dfc_mi 2021
2026-05-04 12:07:25,311 [WARNING] pipeline.cvm:   Empresa 23850 não encontrada em dfc_md 2021
2026-05-04 12:07:25,646 [INFO] pipeline.cvm:   DFP dre 2021: 58 linhas
2026-05-04 12:07:26,294 [INFO] pipeline.cvm:   DFP bpa 2021: 114 linhas
2026-05-04 12:07:27,429 [INFO] pipeline.cvm:   DFP bpp 2021: 204 linhas
2026-05-04 12:07:27,931 [INFO] pipeline.cvm:   DFP dfc_mi 2021: 30 linhas
2026-05-04 12:07:27,967 [WARNING] pipeline.cvm:   Empresa 23850 não encontrada em dfc_md 2021
2026-05-04 12:07:28,214 [WARNING] pipeline.cvm:   Empresa 23850 não encontrada em dre 2022
2026-05-04 12:07:28,621 [WARNING] pipeline.cvm:   Empresa 23850 não encontrada em bpa 2022
2026-05-04 12:07:29,310 [WARNING] pipeline.cvm:   Empresa 23850 não encontrada em bpp 2022
2026-05-04 12:07:29,759 [WARNING] pipeline.cvm:   Empresa 23850 não encontrada em dfc_mi 2022
2026-05-04 12:07:29,789 [WARNING] pipeline.cvm:   Empresa 23850 não encontrada em dfc_md 2022
2026-05-04 12:07:30,124 [INFO] pipeline.cvm:   DFP dre 2022: 58 linhas
2026-05-04 12:07:30,743 [INFO] pipeline.cvm:   DFP bpa 2022: 114 linhas
2026-05-04 12:07:31,915 [INFO] pipeline.cvm:   DFP bpp 2022: 204 linhas
2026-05-04 12:07:32,441 [INFO] pipeline.cvm:   DFP dfc_mi 2022: 30 linhas
2026-05-04 12:07:32,483 [WARNING] pipeline.cvm:   Empresa 23850 não encontrada em dfc_md 2022
2026-05-04 12:07:32,720 [WARNING] pipeline.cvm:   Empresa 23850 não encontrada em dre 2023
2026-05-04 12:07:33,139 [WARNING] pipeline.cvm:   Empresa 23850 não encontrada em bpa 2023
2026-05-04 12:07:33,847 [WARNING] pipeline.cvm:   Empresa 23850 não encontrada em bpp 2023
2026-05-04 12:07:34,236 [WARNING] pipeline.cvm:   Empresa 23850 não encontrada em dfc_mi 2023
2026-05-04 12:07:34,263 [WARNING] pipeline.cvm:   Empresa 23850 não encontrada em dfc_md 2023
2026-05-04 12:07:34,637 [INFO] pipeline.cvm:   DFP dre 2023: 58 linhas
2026-05-04 12:07:35,265 [INFO] pipeline.cvm:   DFP bpa 2023: 114 linhas
2026-05-04 12:07:36,375 [INFO] pipeline.cvm:   DFP bpp 2023: 204 linhas
2026-05-04 12:07:36,913 [INFO] pipeline.cvm:   DFP dfc_mi 2023: 30 linhas
2026-05-04 12:07:36,951 [WARNING] pipeline.cvm:   Empresa 23850 não encontrada em dfc_md 2023
2026-05-04 12:07:37,176 [WARNING] pipeline.cvm:   Empresa 23850 não encontrada em dre 2024
2026-05-04 12:07:37,597 [WARNING] pipeline.cvm:   Empresa 23850 não encontrada em bpa 2024
2026-05-04 12:07:38,374 [WARNING] pipeline.cvm:   Empresa 23850 não encontrada em bpp 2024
2026-05-04 12:07:38,798 [WARNING] pipeline.cvm:   Empresa 23850 não encontrada em dfc_mi 2024
2026-05-04 12:07:38,827 [WARNING] pipeline.cvm:   Empresa 23850 não encontrada em dfc_md 2024
2026-05-04 12:07:39,149 [WARNING] pipeline.cvm:   Empresa 23850 não encontrada em dre 2024
2026-05-04 12:07:39,761 [WARNING] pipeline.cvm:   Empresa 23850 não encontrada em bpa 2024
2026-05-04 12:07:40,800 [WARNING] pipeline.cvm:   Empresa 23850 não encontrada em bpp 2024
2026-05-04 12:07:41,478 [WARNING] pipeline.cvm:   Empresa 23850 não encontrada em dfc_mi 2024
2026-05-04 12:07:41,516 [WARNING] pipeline.cvm:   Empresa 23850 não encontrada em dfc_md 2024
2026-05-04 12:07:41,735 [WARNING] pipeline.cvm:   Empresa 23850 não encontrada em dre 2025
2026-05-04 12:07:42,105 [WARNING] pipeline.cvm:   Empresa 23850 não encontrada em bpa 2025
2026-05-04 12:07:42,722 [WARNING] pipeline.cvm:   Empresa 23850 não encontrada em bpp 2025
2026-05-04 12:07:43,074 [WARNING] pipeline.cvm:   Empresa 23850 não encontrada em dfc_mi 2025
2026-05-04 12:07:43,095 [WARNING] pipeline.cvm:   Empresa 23850 não encontrada em dfc_md 2025
2026-05-04 12:07:43,400 [WARNING] pipeline.cvm:   Empresa 23850 não encontrada em dre 2025
2026-05-04 12:07:43,940 [WARNING] pipeline.cvm:   Empresa 23850 não encontrada em bpa 2025
2026-05-04 12:07:44,897 [WARNING] pipeline.cvm:   Empresa 23850 não encontrada em bpp 2025
2026-05-04 12:07:45,393 [WARNING] pipeline.cvm:   Empresa 23850 não encontrada em dfc_mi 2025
2026-05-04 12:07:45,424 [WARNING] pipeline.cvm:   Empresa 23850 não encontrada em dfc_md 2025
2026-05-04 12:07:47,295 [INFO] pipeline:   MOVI3: score=5/100 | critical=5 | warnings=1
2026-05-04 12:07:47,295 [INFO] pipeline:   Relatorio: C:\Users\55819\OneDrive - EPEJUD\DIEGO\OBSIDIAN\Analista de Investimentos\12_PYTHON\pipeline banco completo\outputs\data_quality\audit_MOVI3_20260504.md
2026-05-04 12:07:47,296 [INFO] pipeline: 
Auditorando VAMO3...
2026-05-04 12:07:47,297 [INFO] pipeline.cvm: Buscando código CVM para VAMO3...
2026-05-04 12:07:48,091 [WARNING] pipeline.cvm: Ticker VAMO3 não encontrado no cadastro CVM
2026-05-04 12:07:48,104 [INFO] pipeline:   VAMO3: score=23/100 | critical=4 | warnings=1
2026-05-04 12:07:48,104 [INFO] pipeline:   Relatorio: C:\Users\55819\OneDrive - EPEJUD\DIEGO\OBSIDIAN\Analista de Investimentos\12_PYTHON\pipeline banco completo\outputs\data_quality\audit_VAMO3_20260504.md
2026-05-04 12:07:48,104 [INFO] pipeline: 
Auditorando PETR4...
2026-05-04 12:07:48,393 [INFO] pipeline.cvm:   DFP dre 2020: 86 linhas
2026-05-04 12:07:48,772 [INFO] pipeline.cvm:   DFP bpa 2020: 130 linhas
2026-05-04 12:07:49,467 [INFO] pipeline.cvm:   DFP bpp 2020: 218 linhas
2026-05-04 12:07:49,806 [INFO] pipeline.cvm:   DFP dfc_mi 2020: 124 linhas
2026-05-04 12:07:49,827 [WARNING] pipeline.cvm:   Empresa 9512 não encontrada em dfc_md 2020
2026-05-04 12:07:50,173 [INFO] pipeline.cvm:   DFP dre 2020: 82 linhas
2026-05-04 12:07:50,833 [INFO] pipeline.cvm:   DFP bpa 2020: 132 linhas
2026-05-04 12:07:51,897 [INFO] pipeline.cvm:   DFP bpp 2020: 220 linhas
2026-05-04 12:07:52,366 [INFO] pipeline.cvm:   DFP dfc_mi 2020: 122 linhas
2026-05-04 12:07:52,391 [WARNING] pipeline.cvm:   Empresa 9512 não encontrada em dfc_md 2020
2026-05-04 12:07:52,627 [INFO] pipeline.cvm:   DFP dre 2021: 86 linhas
2026-05-04 12:07:53,010 [INFO] pipeline.cvm:   DFP bpa 2021: 130 linhas
2026-05-04 12:07:53,692 [INFO] pipeline.cvm:   DFP bpp 2021: 218 linhas
2026-05-04 12:07:54,053 [INFO] pipeline.cvm:   DFP dfc_mi 2021: 126 linhas
2026-05-04 12:07:54,078 [WARNING] pipeline.cvm:   Empresa 9512 não encontrada em dfc_md 2021
2026-05-04 12:07:54,394 [INFO] pipeline.cvm:   DFP dre 2021: 82 linhas
2026-05-04 12:07:54,989 [INFO] pipeline.cvm:   DFP bpa 2021: 132 linhas
2026-05-04 12:07:55,997 [INFO] pipeline.cvm:   DFP bpp 2021: 220 linhas
2026-05-04 12:07:56,461 [INFO] pipeline.cvm:   DFP dfc_mi 2021: 124 linhas
2026-05-04 12:07:56,487 [WARNING] pipeline.cvm:   Empresa 9512 não encontrada em dfc_md 2021
2026-05-04 12:07:56,709 [INFO] pipeline.cvm:   DFP dre 2022: 86 linhas
2026-05-04 12:07:57,098 [INFO] pipeline.cvm:   DFP bpa 2022: 130 linhas
2026-05-04 12:07:57,923 [INFO] pipeline.cvm:   DFP bpp 2022: 218 linhas
2026-05-04 12:07:58,302 [INFO] pipeline.cvm:   DFP dfc_mi 2022: 128 linhas
2026-05-04 12:07:58,331 [WARNING] pipeline.cvm:   Empresa 9512 não encontrada em dfc_md 2022
2026-05-04 12:07:58,674 [INFO] pipeline.cvm:   DFP dre 2022: 82 linhas
2026-05-04 12:07:59,338 [INFO] pipeline.cvm:   DFP bpa 2022: 132 linhas
2026-05-04 12:08:00,503 [INFO] pipeline.cvm:   DFP bpp 2022: 220 linhas
2026-05-04 12:08:00,973 [INFO] pipeline.cvm:   DFP dfc_mi 2022: 128 linhas
2026-05-04 12:08:01,014 [WARNING] pipeline.cvm:   Empresa 9512 não encontrada em dfc_md 2022
2026-05-04 12:08:01,240 [INFO] pipeline.cvm:   DFP dre 2023: 86 linhas
2026-05-04 12:08:01,651 [INFO] pipeline.cvm:   DFP bpa 2023: 130 linhas
2026-05-04 12:08:02,539 [INFO] pipeline.cvm:   DFP bpp 2023: 220 linhas
2026-05-04 12:08:03,054 [INFO] pipeline.cvm:   DFP dfc_mi 2023: 130 linhas
2026-05-04 12:08:03,088 [WARNING] pipeline.cvm:   Empresa 9512 não encontrada em dfc_md 2023
2026-05-04 12:08:03,435 [INFO] pipeline.cvm:   DFP dre 2023: 82 linhas
2026-05-04 12:08:04,068 [INFO] pipeline.cvm:   DFP bpa 2023: 132 linhas
2026-05-04 12:08:05,292 [INFO] pipeline.cvm:   DFP bpp 2023: 222 linhas
2026-05-04 12:08:06,131 [INFO] pipeline.cvm:   DFP dfc_mi 2023: 130 linhas
2026-05-04 12:08:06,178 [WARNING] pipeline.cvm:   Empresa 9512 não encontrada em dfc_md 2023
2026-05-04 12:08:06,495 [INFO] pipeline.cvm:   DFP dre 2024: 86 linhas
2026-05-04 12:08:06,938 [INFO] pipeline.cvm:   DFP bpa 2024: 130 linhas
2026-05-04 12:08:07,664 [INFO] pipeline.cvm:   DFP bpp 2024: 220 linhas
2026-05-04 12:08:08,268 [INFO] pipeline.cvm:   DFP dfc_mi 2024: 130 linhas
2026-05-04 12:08:08,305 [WARNING] pipeline.cvm:   Empresa 9512 não encontrada em dfc_md 2024
2026-05-04 12:08:08,787 [INFO] pipeline.cvm:   DFP dre 2024: 82 linhas
2026-05-04 12:08:09,660 [INFO] pipeline.cvm:   DFP bpa 2024: 132 linhas
2026-05-04 12:08:11,013 [INFO] pipeline.cvm:   DFP bpp 2024: 222 linhas
2026-05-04 12:08:11,743 [INFO] pipeline.cvm:   DFP dfc_mi 2024: 130 linhas
2026-05-04 12:08:11,800 [WARNING] pipeline.cvm:   Empresa 9512 não encontrada em dfc_md 2024
2026-05-04 12:08:12,083 [INFO] pipeline.cvm:   DFP dre 2025: 86 linhas
2026-05-04 12:08:12,471 [INFO] pipeline.cvm:   DFP bpa 2025: 136 linhas
2026-05-04 12:08:13,122 [INFO] pipeline.cvm:   DFP bpp 2025: 220 linhas
2026-05-04 12:08:13,493 [INFO] pipeline.cvm:   DFP dfc_mi 2025: 130 linhas
2026-05-04 12:08:13,520 [WARNING] pipeline.cvm:   Empresa 9512 não encontrada em dfc_md 2025
2026-05-04 12:08:13,834 [INFO] pipeline.cvm:   DFP dre 2025: 82 linhas
2026-05-04 12:08:14,483 [INFO] pipeline.cvm:   DFP bpa 2025: 136 linhas
2026-05-04 12:08:15,536 [INFO] pipeline.cvm:   DFP bpp 2025: 222 linhas
2026-05-04 12:08:16,141 [INFO] pipeline.cvm:   DFP dfc_mi 2025: 130 linhas
2026-05-04 12:08:16,176 [WARNING] pipeline.cvm:   Empresa 9512 não encontrada em dfc_md 2025
2026-05-04 12:08:19,329 [INFO] pipeline:   PETR4: score=95/100 | critical=0 | warnings=1
2026-05-04 12:08:19,330 [INFO] pipeline:   Relatorio: C:\Users\55819\OneDrive - EPEJUD\DIEGO\OBSIDIAN\Analista de Investimentos\12_PYTHON\pipeline banco completo\outputs\data_quality\audit_PETR4_20260504.md
2026-05-04 12:08:19,330 [INFO] pipeline: 
Auditorando PRIO3...
2026-05-04 12:08:19,575 [INFO] pipeline.cvm:   DFP dre 2020: 82 linhas
2026-05-04 12:08:20,029 [INFO] pipeline.cvm:   DFP bpa 2020: 158 linhas
2026-05-04 12:08:20,752 [INFO] pipeline.cvm:   DFP bpp 2020: 246 linhas
2026-05-04 12:08:21,095 [INFO] pipeline.cvm:   DFP dfc_mi 2020: 126 linhas
2026-05-04 12:08:21,119 [WARNING] pipeline.cvm:   Empresa 18660 não encontrada em dfc_md 2020
2026-05-04 12:08:21,442 [INFO] pipeline.cvm:   DFP dre 2020: 56 linhas
2026-05-04 12:08:22,059 [INFO] pipeline.cvm:   DFP bpa 2020: 136 linhas
2026-05-04 12:08:23,255 [INFO] pipeline.cvm:   DFP bpp 2020: 238 linhas
2026-05-04 12:08:23,872 [INFO] pipeline.cvm:   DFP dfc_mi 2020: 124 linhas
2026-05-04 12:08:23,908 [WARNING] pipeline.cvm:   Empresa 18660 não encontrada em dfc_md 2020
2026-05-04 12:08:24,153 [INFO] pipeline.cvm:   DFP dre 2021: 82 linhas
2026-05-04 12:08:24,657 [INFO] pipeline.cvm:   DFP bpa 2021: 160 linhas
2026-05-04 12:08:25,392 [INFO] pipeline.cvm:   DFP bpp 2021: 250 linhas
2026-05-04 12:08:25,752 [INFO] pipeline.cvm:   DFP dfc_mi 2021: 128 linhas
2026-05-04 12:08:25,779 [WARNING] pipeline.cvm:   Empresa 18660 não encontrada em dfc_md 2021
2026-05-04 12:08:26,111 [INFO] pipeline.cvm:   DFP dre 2021: 56 linhas
2026-05-04 12:08:26,713 [INFO] pipeline.cvm:   DFP bpa 2021: 136 linhas
2026-05-04 12:08:27,734 [INFO] pipeline.cvm:   DFP bpp 2021: 238 linhas
2026-05-04 12:08:28,211 [INFO] pipeline.cvm:   DFP dfc_mi 2021: 124 linhas
2026-05-04 12:08:28,245 [WARNING] pipeline.cvm:   Empresa 18660 não encontrada em dfc_md 2021
2026-05-04 12:08:28,472 [INFO] pipeline.cvm:   DFP dre 2022: 82 linhas
2026-05-04 12:08:28,873 [INFO] pipeline.cvm:   DFP bpa 2022: 160 linhas
2026-05-04 12:08:29,542 [INFO] pipeline.cvm:   DFP bpp 2022: 250 linhas
2026-05-04 12:08:29,915 [INFO] pipeline.cvm:   DFP dfc_mi 2022: 132 linhas
2026-05-04 12:08:29,944 [WARNING] pipeline.cvm:   Empresa 18660 não encontrada em dfc_md 2022
2026-05-04 12:08:30,264 [INFO] pipeline.cvm:   DFP dre 2022: 58 linhas
2026-05-04 12:08:30,860 [INFO] pipeline.cvm:   DFP bpa 2022: 136 linhas
2026-05-04 12:08:32,061 [INFO] pipeline.cvm:   DFP bpp 2022: 240 linhas
2026-05-04 12:08:32,577 [INFO] pipeline.cvm:   DFP dfc_mi 2022: 124 linhas
2026-05-04 12:08:32,619 [WARNING] pipeline.cvm:   Empresa 18660 não encontrada em dfc_md 2022
2026-05-04 12:08:32,869 [INFO] pipeline.cvm:   DFP dre 2023: 82 linhas
2026-05-04 12:08:33,296 [INFO] pipeline.cvm:   DFP bpa 2023: 160 linhas
2026-05-04 12:08:34,049 [INFO] pipeline.cvm:   DFP bpp 2023: 254 linhas
2026-05-04 12:08:34,548 [INFO] pipeline.cvm:   DFP dfc_mi 2023: 134 linhas
2026-05-04 12:08:34,623 [WARNING] pipeline.cvm:   Empresa 18660 não encontrada em dfc_md 2023
2026-05-04 12:08:35,009 [INFO] pipeline.cvm:   DFP dre 2023: 58 linhas
2026-05-04 12:08:35,724 [INFO] pipeline.cvm:   DFP bpa 2023: 136 linhas
2026-05-04 12:08:36,986 [INFO] pipeline.cvm:   DFP bpp 2023: 240 linhas
2026-05-04 12:08:37,522 [INFO] pipeline.cvm:   DFP dfc_mi 2023: 120 linhas
2026-05-04 12:08:37,563 [WARNING] pipeline.cvm:   Empresa 18660 não encontrada em dfc_md 2023
2026-05-04 12:08:37,794 [INFO] pipeline.cvm:   DFP dre 2024: 82 linhas
2026-05-04 12:08:38,239 [INFO] pipeline.cvm:   DFP bpa 2024: 160 linhas
2026-05-04 12:08:39,108 [INFO] pipeline.cvm:   DFP bpp 2024: 256 linhas
2026-05-04 12:08:39,578 [INFO] pipeline.cvm:   DFP dfc_mi 2024: 134 linhas
2026-05-04 12:08:39,609 [WARNING] pipeline.cvm:   Empresa 18660 não encontrada em dfc_md 2024
2026-05-04 12:08:39,919 [INFO] pipeline.cvm:   DFP dre 2024: 58 linhas
2026-05-04 12:08:40,495 [INFO] pipeline.cvm:   DFP bpa 2024: 142 linhas
2026-05-04 12:08:41,498 [INFO] pipeline.cvm:   DFP bpp 2024: 240 linhas
2026-05-04 12:08:41,992 [INFO] pipeline.cvm:   DFP dfc_mi 2024: 120 linhas
2026-05-04 12:08:42,018 [WARNING] pipeline.cvm:   Empresa 18660 não encontrada em dfc_md 2024
2026-05-04 12:08:42,223 [INFO] pipeline.cvm:   DFP dre 2025: 82 linhas
2026-05-04 12:08:42,575 [INFO] pipeline.cvm:   DFP bpa 2025: 160 linhas
2026-05-04 12:08:43,211 [INFO] pipeline.cvm:   DFP bpp 2025: 256 linhas
2026-05-04 12:08:43,596 [INFO] pipeline.cvm:   DFP dfc_mi 2025: 136 linhas
2026-05-04 12:08:43,634 [WARNING] pipeline.cvm:   Empresa 18660 não encontrada em dfc_md 2025
2026-05-04 12:08:43,921 [INFO] pipeline.cvm:   DFP dre 2025: 58 linhas
2026-05-04 12:08:44,458 [INFO] pipeline.cvm:   DFP bpa 2025: 142 linhas
2026-05-04 12:08:45,543 [INFO] pipeline.cvm:   DFP bpp 2025: 240 linhas
2026-05-04 12:08:46,014 [INFO] pipeline.cvm:   DFP dfc_mi 2025: 122 linhas
2026-05-04 12:08:46,039 [WARNING] pipeline.cvm:   Empresa 18660 não encontrada em dfc_md 2025
2026-05-04 12:08:48,608 [INFO] pipeline:   PRIO3: score=95/100 | critical=0 | warnings=1
2026-05-04 12:08:48,609 [INFO] pipeline:   Relatorio: C:\Users\55819\OneDrive - EPEJUD\DIEGO\OBSIDIAN\Analista de Investimentos\12_PYTHON\pipeline banco completo\outputs\data_quality\audit_PRIO3_20260504.md
2026-05-04 12:08:48,609 [INFO] pipeline: 
Auditorando RECV3...
2026-05-04 12:08:48,831 [WARNING] pipeline.cvm:   Empresa 23370 não encontrada em dre 2020
2026-05-04 12:08:49,221 [WARNING] pipeline.cvm:   Empresa 23370 não encontrada em bpa 2020
2026-05-04 12:08:49,914 [WARNING] pipeline.cvm:   Empresa 23370 não encontrada em bpp 2020
2026-05-04 12:08:50,265 [WARNING] pipeline.cvm:   Empresa 23370 não encontrada em dfc_mi 2020
2026-05-04 12:08:50,285 [WARNING] pipeline.cvm:   Empresa 23370 não encontrada em dfc_md 2020
2026-05-04 12:08:50,598 [INFO] pipeline.cvm:   DFP dre 2020: 52 linhas
2026-05-04 12:08:51,180 [INFO] pipeline.cvm:   DFP bpa 2020: 118 linhas
2026-05-04 12:08:52,227 [INFO] pipeline.cvm:   DFP bpp 2020: 218 linhas
2026-05-04 12:08:52,681 [INFO] pipeline.cvm:   DFP dfc_mi 2020: 94 linhas
2026-05-04 12:08:52,709 [WARNING] pipeline.cvm:   Empresa 23370 não encontrada em dfc_md 2020
2026-05-04 12:08:52,945 [WARNING] pipeline.cvm:   Empresa 23370 não encontrada em dre 2021
2026-05-04 12:08:53,316 [WARNING] pipeline.cvm:   Empresa 23370 não encontrada em bpa 2021
2026-05-04 12:08:54,001 [WARNING] pipeline.cvm:   Empresa 23370 não encontrada em bpp 2021
2026-05-04 12:08:54,367 [WARNING] pipeline.cvm:   Empresa 23370 não encontrada em dfc_mi 2021
2026-05-04 12:08:54,392 [WARNING] pipeline.cvm:   Empresa 23370 não encontrada em dfc_md 2021
2026-05-04 12:08:54,744 [INFO] pipeline.cvm:   DFP dre 2021: 52 linhas
2026-05-04 12:08:55,344 [INFO] pipeline.cvm:   DFP bpa 2021: 118 linhas
2026-05-04 12:08:56,441 [INFO] pipeline.cvm:   DFP bpp 2021: 218 linhas
2026-05-04 12:08:56,932 [INFO] pipeline.cvm:   DFP dfc_mi 2021: 96 linhas
2026-05-04 12:08:56,964 [WARNING] pipeline.cvm:   Empresa 23370 não encontrada em dfc_md 2021
2026-05-04 12:08:57,189 [WARNING] pipeline.cvm:   Empresa 23370 não encontrada em dre 2022
2026-05-04 12:08:57,620 [WARNING] pipeline.cvm:   Empresa 23370 não encontrada em bpa 2022
2026-05-04 12:08:58,374 [WARNING] pipeline.cvm:   Empresa 23370 não encontrada em bpp 2022
2026-05-04 12:08:58,736 [WARNING] pipeline.cvm:   Empresa 23370 não encontrada em dfc_mi 2022
2026-05-04 12:08:58,762 [WARNING] pipeline.cvm:   Empresa 23370 não encontrada em dfc_md 2022
2026-05-04 12:08:59,086 [INFO] pipeline.cvm:   DFP dre 2022: 52 linhas
2026-05-04 12:08:59,700 [INFO] pipeline.cvm:   DFP bpa 2022: 118 linhas
2026-05-04 12:09:00,789 [INFO] pipeline.cvm:   DFP bpp 2022: 218 linhas
2026-05-04 12:09:01,362 [INFO] pipeline.cvm:   DFP dfc_mi 2022: 98 linhas
2026-05-04 12:09:01,396 [WARNING] pipeline.cvm:   Empresa 23370 não encontrada em dfc_md 2022
2026-05-04 12:09:01,617 [WARNING] pipeline.cvm:   Empresa 23370 não encontrada em dre 2023
2026-05-04 12:09:02,015 [WARNING] pipeline.cvm:   Empresa 23370 não encontrada em bpa 2023
2026-05-04 12:09:02,745 [WARNING] pipeline.cvm:   Empresa 23370 não encontrada em bpp 2023
2026-05-04 12:09:03,145 [WARNING] pipeline.cvm:   Empresa 23370 não encontrada em dfc_mi 2023
2026-05-04 12:09:03,171 [WARNING] pipeline.cvm:   Empresa 23370 não encontrada em dfc_md 2023
2026-05-04 12:09:03,493 [INFO] pipeline.cvm:   DFP dre 2023: 52 linhas
2026-05-04 12:09:04,084 [INFO] pipeline.cvm:   DFP bpa 2023: 118 linhas
2026-05-04 12:09:05,303 [INFO] pipeline.cvm:   DFP bpp 2023: 218 linhas
2026-05-04 12:09:05,977 [INFO] pipeline.cvm:   DFP dfc_mi 2023: 98 linhas
2026-05-04 12:09:06,029 [WARNING] pipeline.cvm:   Empresa 23370 não encontrada em dfc_md 2023
2026-05-04 12:09:06,323 [WARNING] pipeline.cvm:   Empresa 23370 não encontrada em dre 2024
2026-05-04 12:09:06,826 [WARNING] pipeline.cvm:   Empresa 23370 não encontrada em bpa 2024
2026-05-04 12:09:07,478 [WARNING] pipeline.cvm:   Empresa 23370 não encontrada em bpp 2024
2026-05-04 12:09:07,834 [WARNING] pipeline.cvm:   Empresa 23370 não encontrada em dfc_mi 2024
2026-05-04 12:09:07,860 [WARNING] pipeline.cvm:   Empresa 23370 não encontrada em dfc_md 2024
2026-05-04 12:09:08,170 [INFO] pipeline.cvm:   DFP dre 2024: 52 linhas
2026-05-04 12:09:08,815 [INFO] pipeline.cvm:   DFP bpa 2024: 118 linhas
2026-05-04 12:09:09,838 [INFO] pipeline.cvm:   DFP bpp 2024: 218 linhas
2026-05-04 12:09:10,400 [INFO] pipeline.cvm:   DFP dfc_mi 2024: 98 linhas
2026-05-04 12:09:10,440 [WARNING] pipeline.cvm:   Empresa 23370 não encontrada em dfc_md 2024
2026-05-04 12:09:10,644 [WARNING] pipeline.cvm:   Empresa 23370 não encontrada em dre 2025
2026-05-04 12:09:10,991 [WARNING] pipeline.cvm:   Empresa 23370 não encontrada em bpa 2025
2026-05-04 12:09:11,598 [WARNING] pipeline.cvm:   Empresa 23370 não encontrada em bpp 2025
2026-05-04 12:09:11,937 [WARNING] pipeline.cvm:   Empresa 23370 não encontrada em dfc_mi 2025
2026-05-04 12:09:11,960 [WARNING] pipeline.cvm:   Empresa 23370 não encontrada em dfc_md 2025
2026-05-04 12:09:12,235 [INFO] pipeline.cvm:   DFP dre 2025: 52 linhas
2026-05-04 12:09:12,756 [INFO] pipeline.cvm:   DFP bpa 2025: 118 linhas
2026-05-04 12:09:13,671 [INFO] pipeline.cvm:   DFP bpp 2025: 218 linhas
2026-05-04 12:09:14,134 [INFO] pipeline.cvm:   DFP dfc_mi 2025: 104 linhas
2026-05-04 12:09:14,163 [WARNING] pipeline.cvm:   Empresa 23370 não encontrada em dfc_md 2025
2026-05-04 12:09:16,697 [INFO] pipeline:   RECV3: score=95/100 | critical=0 | warnings=1
2026-05-04 12:09:16,697 [INFO] pipeline:   Relatorio: C:\Users\55819\OneDrive - EPEJUD\DIEGO\OBSIDIAN\Analista de Investimentos\12_PYTHON\pipeline banco completo\outputs\data_quality\audit_RECV3_20260504.md
2026-05-04 12:09:16,697 [INFO] pipeline: 
Auditorando RRRP3...
2026-05-04 12:09:16,698 [INFO] pipeline.cvm: Buscando código CVM para RRRP3...
2026-05-04 12:09:17,419 [WARNING] pipeline.cvm: Ticker RRRP3 não encontrado no cadastro CVM
2026-05-04 12:09:17,431 [INFO] pipeline:   RRRP3: score=23/100 | critical=4 | warnings=1
2026-05-04 12:09:17,431 [INFO] pipeline:   Relatorio: C:\Users\55819\OneDrive - EPEJUD\DIEGO\OBSIDIAN\Analista de Investimentos\12_PYTHON\pipeline banco completo\outputs\data_quality\audit_RRRP3_20260504.md
2026-05-04 12:09:17,431 [INFO] pipeline: 
Auditorando LVTC3...
2026-05-04 12:09:17,432 [INFO] pipeline.cvm: Buscando código CVM para LVTC3...
2026-05-04 12:09:18,152 [WARNING] pipeline.cvm: Ticker LVTC3 não encontrado no cadastro CVM
2026-05-04 12:09:18,163 [INFO] pipeline:   LVTC3: score=23/100 | critical=4 | warnings=1
2026-05-04 12:09:18,163 [INFO] pipeline:   Relatorio: C:\Users\55819\OneDrive - EPEJUD\DIEGO\OBSIDIAN\Analista de Investimentos\12_PYTHON\pipeline banco completo\outputs\data_quality\audit_LVTC3_20260504.md
2026-05-04 12:09:18,184 [INFO] pipeline: 
======================================================================
2026-05-04 12:09:18,184 [INFO] pipeline: RESUMO DA AUDITORIA
2026-05-04 12:09:18,184 [INFO] pipeline: ======================================================================
2026-05-04 12:09:18,184 [INFO] pipeline:   Auditados: 63
2026-05-04 12:09:18,184 [INFO] pipeline:   Erros:     0
2026-05-04 12:09:18,184 [INFO] pipeline:   CSV:       C:\Users\55819\OneDrive - EPEJUD\DIEGO\OBSIDIAN\Analista de Investimentos\12_PYTHON\pipeline banco completo\outputs\data_quality\audit_all_20260504.csv
