2026-04-28 09:16:09,136 [INFO] pipeline:   Setor 'consumo_varejo': 12 tickers
2026-04-28 09:16:09,136 [INFO] pipeline: ======================================================================
2026-04-28 09:16:09,136 [INFO] pipeline: MODO BATCH — 12 empresa(s): LREN3, MGLU3, BHIA3, ASAI3, PCAR3, VIVA3, SBFG3, NTCO3, CEAB3, PETZ3, AZZA3, AMAR3
2026-04-28 09:16:09,136 [INFO] pipeline: ======================================================================
2026-04-28 09:16:09,137 [INFO] pipeline: 
──────────────────────────────────────────────────────────────────────
2026-04-28 09:16:09,137 [INFO] pipeline: Processando: LREN3 (Lojas Renner)
2026-04-28 09:16:09,137 [INFO] pipeline: ──────────────────────────────────────────────────────────────────────
2026-04-28 09:16:09,137 [INFO] pipeline: ======================================================================
2026-04-28 09:16:09,137 [INFO] pipeline: PIPELINE DE VALUATION [CONSUMO_VAREJO] — LREN3 — Lojas Renner
2026-04-28 09:16:09,138 [INFO] pipeline: Início: 2026-04-28 09:16:09
2026-04-28 09:16:09,138 [INFO] pipeline:   Setor: consumo_varejo | Motor: WACC
2026-04-28 09:16:09,138 [INFO] pipeline: ======================================================================
2026-04-28 09:16:09,138 [INFO] pipeline: 
[1/6] Coletando dados de mercado...
2026-04-28 09:16:10,171 [INFO] pipeline:   Buscando cotação via yfinance...
2026-04-28 09:16:10,171 [INFO] pipeline.mercado: Buscando cotação atual: LREN3.SA
2026-04-28 09:16:11,346 [INFO] pipeline:   Cotação ON: R$ 13.97  |  Cotação PN: R$ 0.00
2026-04-28 09:16:11,613 [INFO] pipeline.mercado: Calculando beta: LREN3 (252 dias úteis)
2026-04-28 09:16:11,614 [INFO] pipeline.mercado: Baixando preços: LREN3.SA (2019-01-01 → 2026-04-28)
2026-04-28 09:16:12,556 [INFO] pipeline.mercado:   1820 dias de preços carregados
2026-04-28 09:16:12,556 [INFO] pipeline.mercado: Baixando preços: ^BVSP (2019-01-01 → 2026-04-28)
2026-04-28 09:16:13,004 [INFO] pipeline.mercado:   1820 dias de preços carregados
2026-04-28 09:16:13,022 [INFO] pipeline.mercado:   Beta estatístico: 1.4638 | R²: 0.419 | n=251
2026-04-28 09:16:13,024 [INFO] pipeline:   Beta estatístico: 1.464 | Beta utilizado: 0.850
2026-04-28 09:16:13,024 [INFO] pipeline: 
[2/6] Coletando dados macroeconômicos (BCB)...
2026-04-28 09:16:13,370 [WARNING] pipeline.macro: Não foi possível obter Focus Selic: 400 Client Error: Bad Request for url: https://olinda.bcb.gov.br/olinda/servico/Expectativas/versao/v1/odata/ExpectativasMercadoAnuais?%24filter=Indicador%20eq%20'Selic'&%24top=100&%24format=json&%24select=Indicador,Data,Ano,Mediana
2026-04-28 09:16:13,655 [WARNING] pipeline.macro: Não foi possível obter Focus IPCA: 400 Client Error: Bad Request for url: https://olinda.bcb.gov.br/olinda/servico/Expectativas/versao/v1/odata/ExpectativasMercadoAnuais?%24filter=Indicador%20eq%20'IPCA'&%24top=100&%24format=json&%24select=Indicador,Data,Ano,Mediana
2026-04-28 09:16:13,656 [INFO] pipeline.macro: 
=== Coletando dados macroeconômicos ===
2026-04-28 09:16:13,657 [INFO] pipeline.macro: Baixando série BCB 432...
2026-04-28 09:16:13,995 [ERROR] pipeline.macro: Erro ao baixar série BCB 432: 406 Client Error: Not Acceptable for url: https://api.bcb.gov.br/dados/serie/bcdata.sgs.432/dados?formato=json&dataInicial=01%2F01%2F2010&dataFinal=28%2F04%2F2026
2026-04-28 09:16:13,995 [WARNING] pipeline.macro: Série Selic meta sem DatetimeIndex — usando fallback histórico
2026-04-28 09:16:13,995 [INFO] pipeline.macro: Baixando série BCB 12...
2026-04-28 09:16:14,091 [ERROR] pipeline.macro: Erro ao baixar série BCB 12: 406 Client Error: Not Acceptable for url: https://api.bcb.gov.br/dados/serie/bcdata.sgs.12/dados?formato=json&dataInicial=01%2F01%2F2010&dataFinal=28%2F04%2F2026
2026-04-28 09:16:14,091 [WARNING] pipeline.macro: Série DI sem DatetimeIndex — usando fallback histórico
2026-04-28 09:16:14,092 [INFO] pipeline.macro: Baixando série BCB 13522...
2026-04-28 09:16:14,801 [INFO] pipeline.macro:   Série 13522: 195 observações (2010-01-01 → 2026-03-01)
2026-04-28 09:16:14,802 [WARNING] pipeline.macro: IPCA calculado fora do intervalo plausível (46.1%) para 2020 — usando fallback
2026-04-28 09:16:14,802 [WARNING] pipeline.macro: IPCA calculado fora do intervalo plausível (159.3%) para 2021 — usando fallback
2026-04-28 09:16:14,803 [WARNING] pipeline.macro: IPCA calculado fora do intervalo plausível (191.2%) para 2022 — usando fallback
2026-04-28 09:16:14,804 [WARNING] pipeline.macro: IPCA calculado fora do intervalo plausível (71.5%) para 2023 — usando fallback
2026-04-28 09:16:14,804 [WARNING] pipeline.macro: IPCA calculado fora do intervalo plausível (67.0%) para 2024 — usando fallback
2026-04-28 09:16:14,805 [WARNING] pipeline.macro: IPCA calculado fora do intervalo plausível (80.0%) para 2025 — usando fallback
2026-04-28 09:16:14,805 [INFO] pipeline.macro: Baixando série BCB 258...
2026-04-28 09:16:14,912 [ERROR] pipeline.macro: Erro ao baixar série BCB 258: 406 Client Error: Not Acceptable for url: https://api.bcb.gov.br/dados/serie/bcdata.sgs.258/dados?formato=json&dataInicial=01%2F01%2F2010&dataFinal=28%2F04%2F2026
2026-04-28 09:16:14,913 [WARNING] pipeline.macro: Série TJLP sem DatetimeIndex — usando fallback histórico
2026-04-28 09:16:14,913 [INFO] pipeline.macro: Baixando série BCB 29039...
2026-04-28 09:16:15,566 [INFO] pipeline.macro:   Série 29039: 195 observações (2010-01-01 → 2026-03-01)
2026-04-28 09:16:15,569 [INFO] pipeline.macro: Baixando série BCB 13522...
2026-04-28 09:16:15,854 [INFO] pipeline.macro:   Série 13522: 195 observações (2010-01-01 → 2026-03-01)
2026-04-28 09:16:15,855 [WARNING] pipeline.macro: IPCA calculado fora do intervalo plausível (46.1%) para 2020 — usando fallback
2026-04-28 09:16:15,855 [WARNING] pipeline.macro: IPCA calculado fora do intervalo plausível (159.3%) para 2021 — usando fallback
2026-04-28 09:16:15,856 [WARNING] pipeline.macro: IPCA calculado fora do intervalo plausível (191.2%) para 2022 — usando fallback
2026-04-28 09:16:15,857 [WARNING] pipeline.macro: IPCA calculado fora do intervalo plausível (71.5%) para 2023 — usando fallback
2026-04-28 09:16:15,857 [WARNING] pipeline.macro: IPCA calculado fora do intervalo plausível (67.0%) para 2024 — usando fallback
2026-04-28 09:16:15,858 [WARNING] pipeline.macro: IPCA calculado fora do intervalo plausível (80.0%) para 2025 — usando fallback
2026-04-28 09:16:15,858 [INFO] pipeline.macro: 
RESUMO MACRO HISTÓRICO:
2026-04-28 09:16:15,858 [INFO] pipeline.macro:   selic_meta     : 2021: 9.25% | 2022: 13.75% | 2023: 11.75% | 2024: 11.75% | 2025: 10.00%
2026-04-28 09:16:15,858 [INFO] pipeline.macro:   selic_efet     : 2021: 4.48% | 2022: 12.33% | 2023: 13.15% | 2024: 10.73% | 2025: 10.50%
2026-04-28 09:16:15,858 [INFO] pipeline.macro:   ipca           : 2021: 10.06% | 2022: 5.62% | 2023: 4.62% | 2024: 4.83% | 2025: 4.50%
2026-04-28 09:16:15,858 [INFO] pipeline.macro:   tjlp           : 2021: 5.25% | 2022: 6.25% | 2023: 7.00% | 2024: 7.00% | 2025: 6.50%
2026-04-28 09:16:15,858 [INFO] pipeline.macro:   cds            : 2021: 0.73% | 2022: 1.26% | 2023: 0.84% | 2024: 0.81% | 2025: 0.76%
2026-04-28 09:16:15,858 [INFO] pipeline.macro:   inflacao_impl  : 2021: 10.06% | 2022: 5.62% | 2023: 4.62% | 2024: 4.83% | 2025: 4.50%
2026-04-28 09:16:15,858 [INFO] pipeline: 
[3/6] Baixando demonstrações financeiras (CVM)...
2026-04-28 09:16:15,860 [INFO] pipeline.cvm: 
==================================================
2026-04-28 09:16:15,861 [INFO] pipeline.cvm: Baixando DFP 2020...
2026-04-28 09:16:15,861 [INFO] pipeline.cvm: Baixando: https://dados.cvm.gov.br/dados/CIA_ABERTA/DOC/DFP/DADOS/dfp_cia_aberta_2020.zip
2026-04-28 09:16:18,982 [INFO] pipeline.cvm:   DFP dre 2020: 68 linhas
2026-04-28 09:16:18,982 [INFO] pipeline.cvm: Baixando: https://dados.cvm.gov.br/dados/CIA_ABERTA/DOC/DFP/DADOS/dfp_cia_aberta_2020.zip
2026-04-28 09:16:22,572 [INFO] pipeline.cvm:   DFP bpa 2020: 132 linhas
2026-04-28 09:16:22,573 [INFO] pipeline.cvm: Baixando: https://dados.cvm.gov.br/dados/CIA_ABERTA/DOC/DFP/DADOS/dfp_cia_aberta_2020.zip
2026-04-28 09:16:29,497 [INFO] pipeline.cvm:   DFP bpp 2020: 232 linhas
2026-04-28 09:16:29,497 [INFO] pipeline.cvm: Baixando: https://dados.cvm.gov.br/dados/CIA_ABERTA/DOC/DFP/DADOS/dfp_cia_aberta_2020.zip
2026-04-28 09:16:35,486 [INFO] pipeline.cvm:   DFP dfc_mi 2020: 108 linhas
2026-04-28 09:16:35,486 [INFO] pipeline.cvm: Baixando: https://dados.cvm.gov.br/dados/CIA_ABERTA/DOC/DFP/DADOS/dfp_cia_aberta_2020.zip
2026-04-28 09:16:40,549 [WARNING] pipeline.cvm:   Empresa 8133 não encontrada em dfc_md 2020
2026-04-28 09:16:40,549 [INFO] pipeline.cvm: 
==================================================
2026-04-28 09:16:40,549 [INFO] pipeline.cvm: Baixando DFP 2021...
2026-04-28 09:16:40,550 [INFO] pipeline.cvm: Baixando: https://dados.cvm.gov.br/dados/CIA_ABERTA/DOC/DFP/DADOS/dfp_cia_aberta_2021.zip
2026-04-28 09:16:46,280 [INFO] pipeline.cvm:   DFP dre 2021: 68 linhas
2026-04-28 09:16:46,280 [INFO] pipeline.cvm: Baixando: https://dados.cvm.gov.br/dados/CIA_ABERTA/DOC/DFP/DADOS/dfp_cia_aberta_2021.zip
2026-04-28 09:16:52,410 [INFO] pipeline.cvm:   DFP bpa 2021: 132 linhas
2026-04-28 09:16:52,411 [INFO] pipeline.cvm: Baixando: https://dados.cvm.gov.br/dados/CIA_ABERTA/DOC/DFP/DADOS/dfp_cia_aberta_2021.zip
2026-04-28 09:16:58,798 [INFO] pipeline.cvm:   DFP bpp 2021: 232 linhas
2026-04-28 09:16:58,798 [INFO] pipeline.cvm: Baixando: https://dados.cvm.gov.br/dados/CIA_ABERTA/DOC/DFP/DADOS/dfp_cia_aberta_2021.zip
2026-04-28 09:17:03,519 [INFO] pipeline.cvm:   DFP dfc_mi 2021: 108 linhas
2026-04-28 09:17:03,519 [INFO] pipeline.cvm: Baixando: https://dados.cvm.gov.br/dados/CIA_ABERTA/DOC/DFP/DADOS/dfp_cia_aberta_2021.zip
2026-04-28 09:17:06,668 [WARNING] pipeline.cvm:   Empresa 8133 não encontrada em dfc_md 2021
2026-04-28 09:17:06,668 [INFO] pipeline.cvm: 
==================================================
2026-04-28 09:17:06,668 [INFO] pipeline.cvm: Baixando DFP 2022...
2026-04-28 09:17:06,668 [INFO] pipeline.cvm: Baixando: https://dados.cvm.gov.br/dados/CIA_ABERTA/DOC/DFP/DADOS/dfp_cia_aberta_2022.zip
2026-04-28 09:17:10,495 [INFO] pipeline.cvm:   DFP dre 2022: 68 linhas
2026-04-28 09:17:10,495 [INFO] pipeline.cvm: Baixando: https://dados.cvm.gov.br/dados/CIA_ABERTA/DOC/DFP/DADOS/dfp_cia_aberta_2022.zip
2026-04-28 09:17:15,174 [INFO] pipeline.cvm:   DFP bpa 2022: 132 linhas
2026-04-28 09:17:15,174 [INFO] pipeline.cvm: Baixando: https://dados.cvm.gov.br/dados/CIA_ABERTA/DOC/DFP/DADOS/dfp_cia_aberta_2022.zip
2026-04-28 09:17:21,114 [INFO] pipeline.cvm:   DFP bpp 2022: 236 linhas
2026-04-28 09:17:21,114 [INFO] pipeline.cvm: Baixando: https://dados.cvm.gov.br/dados/CIA_ABERTA/DOC/DFP/DADOS/dfp_cia_aberta_2022.zip
2026-04-28 09:17:25,449 [INFO] pipeline.cvm:   DFP dfc_mi 2022: 82 linhas
2026-04-28 09:17:25,449 [INFO] pipeline.cvm: Baixando: https://dados.cvm.gov.br/dados/CIA_ABERTA/DOC/DFP/DADOS/dfp_cia_aberta_2022.zip
2026-04-28 09:17:28,379 [WARNING] pipeline.cvm:   Empresa 8133 não encontrada em dfc_md 2022
2026-04-28 09:17:28,379 [INFO] pipeline.cvm: 
==================================================
2026-04-28 09:17:28,379 [INFO] pipeline.cvm: Baixando DFP 2023...
2026-04-28 09:17:28,379 [INFO] pipeline.cvm: Baixando: https://dados.cvm.gov.br/dados/CIA_ABERTA/DOC/DFP/DADOS/dfp_cia_aberta_2023.zip
2026-04-28 09:17:31,870 [INFO] pipeline.cvm:   DFP dre 2023: 68 linhas
2026-04-28 09:17:31,870 [INFO] pipeline.cvm: Baixando: https://dados.cvm.gov.br/dados/CIA_ABERTA/DOC/DFP/DADOS/dfp_cia_aberta_2023.zip
2026-04-28 09:17:37,086 [INFO] pipeline.cvm:   DFP bpa 2023: 132 linhas
2026-04-28 09:17:37,086 [INFO] pipeline.cvm: Baixando: https://dados.cvm.gov.br/dados/CIA_ABERTA/DOC/DFP/DADOS/dfp_cia_aberta_2023.zip
2026-04-28 09:17:43,140 [INFO] pipeline.cvm:   DFP bpp 2023: 236 linhas
2026-04-28 09:17:43,140 [INFO] pipeline.cvm: Baixando: https://dados.cvm.gov.br/dados/CIA_ABERTA/DOC/DFP/DADOS/dfp_cia_aberta_2023.zip
2026-04-28 09:17:47,758 [INFO] pipeline.cvm:   DFP dfc_mi 2023: 82 linhas
2026-04-28 09:17:47,758 [INFO] pipeline.cvm: Baixando: https://dados.cvm.gov.br/dados/CIA_ABERTA/DOC/DFP/DADOS/dfp_cia_aberta_2023.zip
2026-04-28 09:17:50,980 [WARNING] pipeline.cvm:   Empresa 8133 não encontrada em dfc_md 2023
2026-04-28 09:17:50,980 [INFO] pipeline.cvm: 
==================================================
2026-04-28 09:17:50,980 [INFO] pipeline.cvm: Baixando DFP 2024...
2026-04-28 09:17:50,980 [INFO] pipeline.cvm: Baixando: https://dados.cvm.gov.br/dados/CIA_ABERTA/DOC/DFP/DADOS/dfp_cia_aberta_2024.zip
2026-04-28 09:17:55,365 [INFO] pipeline.cvm:   DFP dre 2024: 68 linhas
2026-04-28 09:17:55,365 [INFO] pipeline.cvm: Baixando: https://dados.cvm.gov.br/dados/CIA_ABERTA/DOC/DFP/DADOS/dfp_cia_aberta_2024.zip
2026-04-28 09:18:01,228 [INFO] pipeline.cvm:   DFP bpa 2024: 132 linhas
2026-04-28 09:18:01,229 [INFO] pipeline.cvm: Baixando: https://dados.cvm.gov.br/dados/CIA_ABERTA/DOC/DFP/DADOS/dfp_cia_aberta_2024.zip
2026-04-28 09:18:09,177 [INFO] pipeline.cvm:   DFP bpp 2024: 236 linhas
2026-04-28 09:18:09,177 [INFO] pipeline.cvm: Baixando: https://dados.cvm.gov.br/dados/CIA_ABERTA/DOC/DFP/DADOS/dfp_cia_aberta_2024.zip
2026-04-28 09:18:15,295 [INFO] pipeline.cvm:   DFP dfc_mi 2024: 76 linhas
2026-04-28 09:18:15,295 [INFO] pipeline.cvm: Baixando: https://dados.cvm.gov.br/dados/CIA_ABERTA/DOC/DFP/DADOS/dfp_cia_aberta_2024.zip
2026-04-28 09:18:19,067 [WARNING] pipeline.cvm:   Empresa 8133 não encontrada em dfc_md 2024
2026-04-28 09:18:19,067 [INFO] pipeline.cvm: 
==================================================
2026-04-28 09:18:19,067 [INFO] pipeline.cvm: Baixando DFP 2025...
2026-04-28 09:18:19,067 [INFO] pipeline.cvm: Baixando: https://dados.cvm.gov.br/dados/CIA_ABERTA/DOC/DFP/DADOS/dfp_cia_aberta_2025.zip
2026-04-28 09:18:23,302 [INFO] pipeline.cvm:   DFP dre 2025: 68 linhas
2026-04-28 09:18:23,302 [INFO] pipeline.cvm: Baixando: https://dados.cvm.gov.br/dados/CIA_ABERTA/DOC/DFP/DADOS/dfp_cia_aberta_2025.zip
2026-04-28 09:18:28,669 [INFO] pipeline.cvm:   DFP bpa 2025: 136 linhas
2026-04-28 09:18:28,669 [INFO] pipeline.cvm: Baixando: https://dados.cvm.gov.br/dados/CIA_ABERTA/DOC/DFP/DADOS/dfp_cia_aberta_2025.zip
2026-04-28 09:18:36,032 [INFO] pipeline.cvm:   DFP bpp 2025: 236 linhas
2026-04-28 09:18:36,032 [INFO] pipeline.cvm: Baixando: https://dados.cvm.gov.br/dados/CIA_ABERTA/DOC/DFP/DADOS/dfp_cia_aberta_2025.zip
2026-04-28 09:18:42,278 [INFO] pipeline.cvm:   DFP dfc_mi 2025: 78 linhas
2026-04-28 09:18:42,278 [INFO] pipeline.cvm: Baixando: https://dados.cvm.gov.br/dados/CIA_ABERTA/DOC/DFP/DADOS/dfp_cia_aberta_2025.zip
2026-04-28 09:18:47,122 [WARNING] pipeline.cvm:   Empresa 8133 não encontrada em dfc_md 2025
2026-04-28 09:18:47,122 [INFO] pipeline: 
[4/6] Normalizando dados...
2026-04-28 09:18:48,805 [INFO] pipeline:   DFC normalizada: 11 linhas
2026-04-28 09:18:48,811 [INFO] pipeline:   DRE normalizada:
2026-04-28 09:18:48,811 [INFO] pipeline:     receita_liquida: 2020: 7,537 | 2021: 10,572 | 2022: 13,271 | 2023: 13,648 | 2024: 14,436 | 2025: 15,829
2026-04-28 09:18:48,812 [INFO] pipeline:     ebit: 2020: 857 | 2021: 814 | 2022: 1,407 | 2023: 889 | 2024: 1,259 | 2025: 1,797
2026-04-28 09:18:48,812 [INFO] pipeline:     lucro_liquido: 2020: 1,096 | 2021: 633 | 2022: 1,292 | 2023: 976 | 2024: 1,197 | 2025: 1,458
2026-04-28 09:18:48,812 [INFO] pipeline: 
[5/6] Calculando projeções...
2026-04-28 09:18:48,821 [INFO] pipeline.projecoes: 
=== Projeções (não-financeira / FCFF) ===
2026-04-28 09:18:48,824 [INFO] pipeline.projecoes:   Margem EBITDA: 14.6% → 19.0% (conv 6a)
2026-04-28 09:18:48,825 [INFO] pipeline.projecoes:   D&A/Receita: 3.9%
2026-04-28 09:18:48,826 [INFO] pipeline.projecoes:   CAPEX/Receita: 0.0% → 5.0%
2026-04-28 09:18:48,827 [INFO] pipeline.projecoes:   NCG/Receita: 48.8% → 8.0%
2026-04-28 09:18:48,834 [INFO] pipeline.projecoes:   Alíquota efetiva: 15.6%
2026-04-28 09:18:48,834 [INFO] pipeline.projecoes: Projeções concluídas (FCFF). Resumo:
2026-04-28 09:18:48,835 [INFO] pipeline.projecoes:    Ano      Receita     EBITDA    Mg%      NOPAT       FCFF
2026-04-28 09:18:48,835 [INFO] pipeline.projecoes:   2026       17,030      2,614  15.3%      1,642      2,440
2026-04-28 09:18:48,835 [INFO] pipeline.projecoes:   2027       18,250      2,934  16.1%      1,872      3,218
2026-04-28 09:18:48,835 [INFO] pipeline.projecoes:   2028       19,482      3,275  16.8%      2,119      3,490
2026-04-28 09:18:48,835 [INFO] pipeline.projecoes:   2029       20,716      3,633  17.5%      2,381      3,758
2026-04-28 09:18:48,835 [INFO] pipeline.projecoes:   2030       21,942      4,009  18.3%      2,657      4,016
2026-04-28 09:18:48,836 [INFO] pipeline.valuation:   Estrutura de capital: E=95% | D=5%
2026-04-28 09:18:48,836 [INFO] pipeline: 
[6/6] Calculando valuation (FCFF / WACC)...
2026-04-28 09:18:48,838 [INFO] pipeline.valuation: 
==================================================
2026-04-28 09:18:48,838 [INFO] pipeline.valuation: VALUATION FCFF/WACC — LREN3
2026-04-28 09:18:48,838 [INFO] pipeline.valuation:   VP FCFF (10a):     R$       17,440 MM
2026-04-28 09:18:48,838 [INFO] pipeline.valuation:   Valor Perp. (VP):  R$       20,908 MM
2026-04-28 09:18:48,838 [INFO] pipeline.valuation:   ENTERPRISE VALUE:  R$       38,348 MM
2026-04-28 09:18:48,838 [INFO] pipeline.valuation:   (-) Dívida Líq.:   R$       -1,523 MM
2026-04-28 09:18:48,838 [INFO] pipeline.valuation:   VALOR DO EQUITY:   R$       39,871 MM
2026-04-28 09:18:48,839 [INFO] pipeline.valuation:   Preço Justo ON:    R$    40.84
2026-04-28 09:18:48,839 [INFO] pipeline.valuation:   Preço Justo PN:    R$    40.84
2026-04-28 09:18:48,839 [INFO] pipeline.valuation:   Cotação ON:        R$    13.97
2026-04-28 09:18:48,839 [INFO] pipeline.valuation:   Upside ON:              192.3%
2026-04-28 09:18:48,839 [INFO] pipeline.valuation:   TIR (ON):                24.0%
2026-04-28 09:18:48,839 [INFO] pipeline.valuation:   WACC último ano:         10.8%
2026-04-28 09:18:48,840 [INFO] pipeline:   Sem template VAROS para LREN3 — Excel será criado do zero
2026-04-28 09:18:49,244 [INFO] pipeline.excel_geral: 
============================================================
2026-04-28 09:18:49,244 [INFO] pipeline.excel_geral: Criando Excel completo (12 abas) para: Lojas Renner (LREN3)
2026-04-28 09:18:49,246 [INFO] pipeline.excel_geral:   → 1/12  Dashboard
2026-04-28 09:18:49,257 [INFO] pipeline.excel_geral:   → 2/12  WACC
2026-04-28 09:18:49,318 [INFO] pipeline.excel_geral:   → 3/12  TIR ON
2026-04-28 09:18:49,336 [INFO] pipeline.excel_geral:   → 4/12  TIR PN
2026-04-28 09:18:49,353 [INFO] pipeline.excel_geral:   → 5/12  Valor do Equity
2026-04-28 09:18:49,407 [INFO] pipeline.excel_geral:   → 6/12  Preço Teto
2026-04-28 09:18:49,418 [INFO] pipeline.excel_geral:   → 7/12  DRE + DCF
2026-04-28 09:18:49,568 [INFO] pipeline.excel_geral:   → 8/12  DRE Contas Abertas
2026-04-28 09:18:49,638 [INFO] pipeline.excel_geral:   → 9/12  Balanço Patrimonial
2026-04-28 09:18:49,684 [INFO] pipeline.excel_geral:   → 10/12 Painel de Índices
2026-04-28 09:18:49,747 [INFO] pipeline.excel_geral:   → 11/12 Projeções Premissas
2026-04-28 09:18:49,772 [INFO] pipeline.excel_geral:   → 12/12 Projeções Capex e CG
2026-04-28 09:18:49,879 [INFO] pipeline.excel_geral: 
Arquivo salvo: C:\Users\55819\OneDrive - EPEJUD\DIEGO\OBSIDIAN\Analista de Investimentos\12_PYTHON\pipeline banco completo\outputs\Valuation_LREN3_Lojas Renner_20260428.xlsx
2026-04-28 09:18:49,879 [INFO] pipeline: 
======================================================================
2026-04-28 09:18:49,879 [INFO] pipeline: RESUMO DO VALUATION (FCFF/WACC)
2026-04-28 09:18:49,879 [INFO] pipeline: ======================================================================
2026-04-28 09:18:49,879 [INFO] pipeline:   Empresa:           Lojas Renner (LREN3)
2026-04-28 09:18:49,879 [INFO] pipeline:   Enterprise Value:  R$       38,348 MM
2026-04-28 09:18:49,880 [INFO] pipeline:   Cotação ON:        R$ 13.97
2026-04-28 09:18:49,880 [INFO] pipeline:   Preço Justo ON:    R$ 40.84
2026-04-28 09:18:49,880 [INFO] pipeline:   Upside ON:            192.3%
2026-04-28 09:18:49,880 [INFO] pipeline:   TIR:                  24.0%
2026-04-28 09:18:49,880 [INFO] pipeline:   Preço Teto ON:     R$ 40.84
2026-04-28 09:18:49,880 [INFO] pipeline: 
  Arquivo gerado:    C:\Users\55819\OneDrive - EPEJUD\DIEGO\OBSIDIAN\Analista de Investimentos\12_PYTHON\pipeline banco completo\outputs\Valuation_LREN3_Lojas Renner_20260428.xlsx
2026-04-28 09:18:49,880 [INFO] pipeline: ======================================================================
2026-04-28 09:18:49,882 [INFO] pipeline: ✓ LREN3: arquivo gerado → C:\Users\55819\OneDrive - EPEJUD\DIEGO\OBSIDIAN\Analista de Investimentos\12_PYTHON\pipeline banco completo\outputs\Valuation_LREN3_Lojas Renner_20260428.xlsx
2026-04-28 09:18:49,883 [INFO] pipeline: 
──────────────────────────────────────────────────────────────────────
2026-04-28 09:18:49,883 [INFO] pipeline: Processando: MGLU3 (Magazine Luiza)
2026-04-28 09:18:49,883 [INFO] pipeline: ──────────────────────────────────────────────────────────────────────
2026-04-28 09:18:49,883 [INFO] pipeline: ======================================================================
2026-04-28 09:18:49,883 [INFO] pipeline: PIPELINE DE VALUATION [CONSUMO_VAREJO] — MGLU3 — Magazine Luiza
2026-04-28 09:18:49,883 [INFO] pipeline: Início: 2026-04-28 09:18:49
2026-04-28 09:18:49,883 [INFO] pipeline:   Setor: consumo_varejo | Motor: WACC
2026-04-28 09:18:49,883 [INFO] pipeline: ======================================================================
2026-04-28 09:18:49,883 [INFO] pipeline: 
[1/6] Coletando dados de mercado...
2026-04-28 09:18:49,884 [INFO] pipeline:   Buscando cotação via yfinance...
2026-04-28 09:18:49,884 [INFO] pipeline.mercado: Buscando cotação atual: MGLU3.SA
2026-04-28 09:18:51,493 [INFO] pipeline:   Cotação ON: R$ 8.53  |  Cotação PN: R$ 0.00
2026-04-28 09:18:51,622 [INFO] pipeline.mercado: Calculando beta: MGLU3 (252 dias úteis)
2026-04-28 09:18:51,622 [INFO] pipeline.mercado: Baixando preços: MGLU3.SA (2019-01-01 → 2026-04-28)
2026-04-28 09:18:52,182 [INFO] pipeline.mercado:   1820 dias de preços carregados
2026-04-28 09:18:52,183 [INFO] pipeline.mercado: Baixando preços: ^BVSP (2019-01-01 → 2026-04-28)
2026-04-28 09:18:52,222 [INFO] pipeline.mercado:   1820 dias de preços carregados
2026-04-28 09:18:52,227 [INFO] pipeline.mercado:   Beta estatístico: 2.1106 | R²: 0.362 | n=251
2026-04-28 09:18:52,230 [INFO] pipeline:   Beta estatístico: 2.111 | Beta utilizado: 0.850
2026-04-28 09:18:52,230 [INFO] pipeline: 
[2/6] Coletando dados macroeconômicos (BCB)...
2026-04-28 09:18:52,539 [WARNING] pipeline.macro: Não foi possível obter Focus Selic: 400 Client Error: Bad Request for url: https://olinda.bcb.gov.br/olinda/servico/Expectativas/versao/v1/odata/ExpectativasMercadoAnuais?%24filter=Indicador%20eq%20'Selic'&%24top=100&%24format=json&%24select=Indicador,Data,Ano,Mediana
2026-04-28 09:18:52,831 [WARNING] pipeline.macro: Não foi possível obter Focus IPCA: 400 Client Error: Bad Request for url: https://olinda.bcb.gov.br/olinda/servico/Expectativas/versao/v1/odata/ExpectativasMercadoAnuais?%24filter=Indicador%20eq%20'IPCA'&%24top=100&%24format=json&%24select=Indicador,Data,Ano,Mediana
2026-04-28 09:18:52,832 [INFO] pipeline.macro: 
=== Coletando dados macroeconômicos ===
2026-04-28 09:18:52,832 [INFO] pipeline.macro: Baixando série BCB 432...
2026-04-28 09:18:53,129 [ERROR] pipeline.macro: Erro ao baixar série BCB 432: 406 Client Error: Not Acceptable for url: https://api.bcb.gov.br/dados/serie/bcdata.sgs.432/dados?formato=json&dataInicial=01%2F01%2F2010&dataFinal=28%2F04%2F2026
2026-04-28 09:18:53,130 [WARNING] pipeline.macro: Série Selic meta sem DatetimeIndex — usando fallback histórico
2026-04-28 09:18:53,130 [INFO] pipeline.macro: Baixando série BCB 12...
2026-04-28 09:18:53,251 [ERROR] pipeline.macro: Erro ao baixar série BCB 12: 406 Client Error: Not Acceptable for url: https://api.bcb.gov.br/dados/serie/bcdata.sgs.12/dados?formato=json&dataInicial=01%2F01%2F2010&dataFinal=28%2F04%2F2026
2026-04-28 09:18:53,252 [WARNING] pipeline.macro: Série DI sem DatetimeIndex — usando fallback histórico
2026-04-28 09:18:53,252 [INFO] pipeline.macro: Baixando série BCB 13522...
2026-04-28 09:18:53,369 [INFO] pipeline.macro:   Série 13522: 195 observações (2010-01-01 → 2026-03-01)
2026-04-28 09:18:53,370 [WARNING] pipeline.macro: IPCA calculado fora do intervalo plausível (46.1%) para 2020 — usando fallback
2026-04-28 09:18:53,371 [WARNING] pipeline.macro: IPCA calculado fora do intervalo plausível (159.3%) para 2021 — usando fallback
2026-04-28 09:18:53,372 [WARNING] pipeline.macro: IPCA calculado fora do intervalo plausível (191.2%) para 2022 — usando fallback
2026-04-28 09:18:53,372 [WARNING] pipeline.macro: IPCA calculado fora do intervalo plausível (71.5%) para 2023 — usando fallback
2026-04-28 09:18:53,373 [WARNING] pipeline.macro: IPCA calculado fora do intervalo plausível (67.0%) para 2024 — usando fallback
2026-04-28 09:18:53,374 [WARNING] pipeline.macro: IPCA calculado fora do intervalo plausível (80.0%) para 2025 — usando fallback
2026-04-28 09:18:53,374 [INFO] pipeline.macro: Baixando série BCB 258...
2026-04-28 09:18:53,490 [ERROR] pipeline.macro: Erro ao baixar série BCB 258: 406 Client Error: Not Acceptable for url: https://api.bcb.gov.br/dados/serie/bcdata.sgs.258/dados?formato=json&dataInicial=01%2F01%2F2010&dataFinal=28%2F04%2F2026
2026-04-28 09:18:53,491 [WARNING] pipeline.macro: Série TJLP sem DatetimeIndex — usando fallback histórico
2026-04-28 09:18:53,491 [INFO] pipeline.macro: Baixando série BCB 29039...
2026-04-28 09:18:53,606 [INFO] pipeline.macro:   Série 29039: 195 observações (2010-01-01 → 2026-03-01)
2026-04-28 09:18:53,609 [INFO] pipeline.macro: Baixando série BCB 13522...
2026-04-28 09:18:53,720 [INFO] pipeline.macro:   Série 13522: 195 observações (2010-01-01 → 2026-03-01)
2026-04-28 09:18:53,721 [WARNING] pipeline.macro: IPCA calculado fora do intervalo plausível (46.1%) para 2020 — usando fallback
2026-04-28 09:18:53,721 [WARNING] pipeline.macro: IPCA calculado fora do intervalo plausível (159.3%) para 2021 — usando fallback
2026-04-28 09:18:53,722 [WARNING] pipeline.macro: IPCA calculado fora do intervalo plausível (191.2%) para 2022 — usando fallback
2026-04-28 09:18:53,723 [WARNING] pipeline.macro: IPCA calculado fora do intervalo plausível (71.5%) para 2023 — usando fallback
2026-04-28 09:18:53,723 [WARNING] pipeline.macro: IPCA calculado fora do intervalo plausível (67.0%) para 2024 — usando fallback
2026-04-28 09:18:53,724 [WARNING] pipeline.macro: IPCA calculado fora do intervalo plausível (80.0%) para 2025 — usando fallback
2026-04-28 09:18:53,724 [INFO] pipeline.macro: 
RESUMO MACRO HISTÓRICO:
2026-04-28 09:18:53,724 [INFO] pipeline.macro:   selic_meta     : 2021: 9.25% | 2022: 13.75% | 2023: 11.75% | 2024: 11.75% | 2025: 10.00%
2026-04-28 09:18:53,724 [INFO] pipeline.macro:   selic_efet     : 2021: 4.48% | 2022: 12.33% | 2023: 13.15% | 2024: 10.73% | 2025: 10.50%
2026-04-28 09:18:53,724 [INFO] pipeline.macro:   ipca           : 2021: 10.06% | 2022: 5.62% | 2023: 4.62% | 2024: 4.83% | 2025: 4.50%
2026-04-28 09:18:53,725 [INFO] pipeline.macro:   tjlp           : 2021: 5.25% | 2022: 6.25% | 2023: 7.00% | 2024: 7.00% | 2025: 6.50%
2026-04-28 09:18:53,725 [INFO] pipeline.macro:   cds            : 2021: 0.73% | 2022: 1.26% | 2023: 0.84% | 2024: 0.81% | 2025: 0.76%
2026-04-28 09:18:53,725 [INFO] pipeline.macro:   inflacao_impl  : 2021: 10.06% | 2022: 5.62% | 2023: 4.62% | 2024: 4.83% | 2025: 4.50%
2026-04-28 09:18:53,725 [INFO] pipeline: 
[3/6] Baixando demonstrações financeiras (CVM)...
2026-04-28 09:18:53,726 [INFO] pipeline.cvm: 
==================================================
2026-04-28 09:18:53,727 [INFO] pipeline.cvm: Baixando DFP 2020...
2026-04-28 09:18:53,727 [INFO] pipeline.cvm: Baixando: https://dados.cvm.gov.br/dados/CIA_ABERTA/DOC/DFP/DADOS/dfp_cia_aberta_2020.zip
2026-04-28 09:18:57,423 [INFO] pipeline.cvm:   DFP dre 2020: 64 linhas
2026-04-28 09:18:57,423 [INFO] pipeline.cvm: Baixando: https://dados.cvm.gov.br/dados/CIA_ABERTA/DOC/DFP/DADOS/dfp_cia_aberta_2020.zip
2026-04-28 09:19:01,692 [INFO] pipeline.cvm:   DFP bpa 2020: 124 linhas
2026-04-28 09:19:01,692 [INFO] pipeline.cvm: Baixando: https://dados.cvm.gov.br/dados/CIA_ABERTA/DOC/DFP/DADOS/dfp_cia_aberta_2020.zip
2026-04-28 09:19:07,991 [INFO] pipeline.cvm:   DFP bpp 2020: 214 linhas
2026-04-28 09:19:07,991 [INFO] pipeline.cvm: Baixando: https://dados.cvm.gov.br/dados/CIA_ABERTA/DOC/DFP/DADOS/dfp_cia_aberta_2020.zip
2026-04-28 09:19:12,463 [INFO] pipeline.cvm:   DFP dfc_mi 2020: 104 linhas
2026-04-28 09:19:12,463 [INFO] pipeline.cvm: Baixando: https://dados.cvm.gov.br/dados/CIA_ABERTA/DOC/DFP/DADOS/dfp_cia_aberta_2020.zip
2026-04-28 09:19:15,184 [WARNING] pipeline.cvm:   Empresa 22470 não encontrada em dfc_md 2020
2026-04-28 09:19:15,184 [INFO] pipeline.cvm: 
==================================================
2026-04-28 09:19:15,185 [INFO] pipeline.cvm: Baixando DFP 2021...
2026-04-28 09:19:15,185 [INFO] pipeline.cvm: Baixando: https://dados.cvm.gov.br/dados/CIA_ABERTA/DOC/DFP/DADOS/dfp_cia_aberta_2021.zip
2026-04-28 09:19:18,816 [INFO] pipeline.cvm:   DFP dre 2021: 64 linhas
2026-04-28 09:19:18,817 [INFO] pipeline.cvm: Baixando: https://dados.cvm.gov.br/dados/CIA_ABERTA/DOC/DFP/DADOS/dfp_cia_aberta_2021.zip
2026-04-28 09:19:23,839 [INFO] pipeline.cvm:   DFP bpa 2021: 128 linhas
2026-04-28 09:19:23,839 [INFO] pipeline.cvm: Baixando: https://dados.cvm.gov.br/dados/CIA_ABERTA/DOC/DFP/DADOS/dfp_cia_aberta_2021.zip
2026-04-28 09:19:30,999 [INFO] pipeline.cvm:   DFP bpp 2021: 218 linhas
2026-04-28 09:19:31,000 [INFO] pipeline.cvm: Baixando: https://dados.cvm.gov.br/dados/CIA_ABERTA/DOC/DFP/DADOS/dfp_cia_aberta_2021.zip
2026-04-28 09:19:36,145 [INFO] pipeline.cvm:   DFP dfc_mi 2021: 104 linhas
2026-04-28 09:19:36,146 [INFO] pipeline.cvm: Baixando: https://dados.cvm.gov.br/dados/CIA_ABERTA/DOC/DFP/DADOS/dfp_cia_aberta_2021.zip
2026-04-28 09:19:39,533 [WARNING] pipeline.cvm:   Empresa 22470 não encontrada em dfc_md 2021
2026-04-28 09:19:39,533 [INFO] pipeline.cvm: 
==================================================
2026-04-28 09:19:39,533 [INFO] pipeline.cvm: Baixando DFP 2022...
2026-04-28 09:19:39,534 [INFO] pipeline.cvm: Baixando: https://dados.cvm.gov.br/dados/CIA_ABERTA/DOC/DFP/DADOS/dfp_cia_aberta_2022.zip
2026-04-28 09:19:44,018 [INFO] pipeline.cvm:   DFP dre 2022: 64 linhas
2026-04-28 09:19:44,019 [INFO] pipeline.cvm: Baixando: https://dados.cvm.gov.br/dados/CIA_ABERTA/DOC/DFP/DADOS/dfp_cia_aberta_2022.zip
2026-04-28 09:19:49,153 [INFO] pipeline.cvm:   DFP bpa 2022: 128 linhas
2026-04-28 09:19:49,154 [INFO] pipeline.cvm: Baixando: https://dados.cvm.gov.br/dados/CIA_ABERTA/DOC/DFP/DADOS/dfp_cia_aberta_2022.zip
2026-04-28 09:20:05,304 [INFO] pipeline.cvm:   DFP bpp 2022: 222 linhas
2026-04-28 09:20:05,304 [INFO] pipeline.cvm: Baixando: https://dados.cvm.gov.br/dados/CIA_ABERTA/DOC/DFP/DADOS/dfp_cia_aberta_2022.zip
2026-04-28 09:20:15,822 [INFO] pipeline.cvm:   DFP dfc_mi 2022: 106 linhas
2026-04-28 09:20:15,822 [INFO] pipeline.cvm: Baixando: https://dados.cvm.gov.br/dados/CIA_ABERTA/DOC/DFP/DADOS/dfp_cia_aberta_2022.zip
2026-04-28 09:20:21,546 [WARNING] pipeline.cvm:   Empresa 22470 não encontrada em dfc_md 2022
2026-04-28 09:20:21,546 [INFO] pipeline.cvm: 
==================================================
2026-04-28 09:20:21,546 [INFO] pipeline.cvm: Baixando DFP 2023...
2026-04-28 09:20:21,546 [INFO] pipeline.cvm: Baixando: https://dados.cvm.gov.br/dados/CIA_ABERTA/DOC/DFP/DADOS/dfp_cia_aberta_2023.zip
2026-04-28 09:20:25,774 [INFO] pipeline.cvm:   DFP dre 2023: 64 linhas
2026-04-28 09:20:25,774 [INFO] pipeline.cvm: Baixando: https://dados.cvm.gov.br/dados/CIA_ABERTA/DOC/DFP/DADOS/dfp_cia_aberta_2023.zip
2026-04-28 09:20:30,144 [INFO] pipeline.cvm:   DFP bpa 2023: 128 linhas
2026-04-28 09:20:30,144 [INFO] pipeline.cvm: Baixando: https://dados.cvm.gov.br/dados/CIA_ABERTA/DOC/DFP/DADOS/dfp_cia_aberta_2023.zip
2026-04-28 09:20:36,421 [INFO] pipeline.cvm:   DFP bpp 2023: 222 linhas
2026-04-28 09:20:36,421 [INFO] pipeline.cvm: Baixando: https://dados.cvm.gov.br/dados/CIA_ABERTA/DOC/DFP/DADOS/dfp_cia_aberta_2023.zip
2026-04-28 09:20:40,978 [INFO] pipeline.cvm:   DFP dfc_mi 2023: 106 linhas
2026-04-28 09:20:40,978 [INFO] pipeline.cvm: Baixando: https://dados.cvm.gov.br/dados/CIA_ABERTA/DOC/DFP/DADOS/dfp_cia_aberta_2023.zip
2026-04-28 09:20:43,808 [WARNING] pipeline.cvm:   Empresa 22470 não encontrada em dfc_md 2023
2026-04-28 09:20:43,808 [INFO] pipeline.cvm: 
==================================================
2026-04-28 09:20:43,808 [INFO] pipeline.cvm: Baixando DFP 2024...
2026-04-28 09:20:43,808 [INFO] pipeline.cvm: Baixando: https://dados.cvm.gov.br/dados/CIA_ABERTA/DOC/DFP/DADOS/dfp_cia_aberta_2024.zip
2026-04-28 09:20:47,993 [INFO] pipeline.cvm:   DFP dre 2024: 64 linhas
2026-04-28 09:20:47,993 [INFO] pipeline.cvm: Baixando: https://dados.cvm.gov.br/dados/CIA_ABERTA/DOC/DFP/DADOS/dfp_cia_aberta_2024.zip
2026-04-28 09:20:52,713 [INFO] pipeline.cvm:   DFP bpa 2024: 128 linhas
2026-04-28 09:20:52,713 [INFO] pipeline.cvm: Baixando: https://dados.cvm.gov.br/dados/CIA_ABERTA/DOC/DFP/DADOS/dfp_cia_aberta_2024.zip
2026-04-28 09:20:58,782 [INFO] pipeline.cvm:   DFP bpp 2024: 222 linhas
2026-04-28 09:20:58,782 [INFO] pipeline.cvm: Baixando: https://dados.cvm.gov.br/dados/CIA_ABERTA/DOC/DFP/DADOS/dfp_cia_aberta_2024.zip
2026-04-28 09:21:03,953 [INFO] pipeline.cvm:   DFP dfc_mi 2024: 108 linhas
2026-04-28 09:21:03,954 [INFO] pipeline.cvm: Baixando: https://dados.cvm.gov.br/dados/CIA_ABERTA/DOC/DFP/DADOS/dfp_cia_aberta_2024.zip
2026-04-28 09:21:06,688 [WARNING] pipeline.cvm:   Empresa 22470 não encontrada em dfc_md 2024
2026-04-28 09:21:06,688 [INFO] pipeline.cvm: 
==================================================
2026-04-28 09:21:06,688 [INFO] pipeline.cvm: Baixando DFP 2025...
2026-04-28 09:21:06,688 [INFO] pipeline.cvm: Baixando: https://dados.cvm.gov.br/dados/CIA_ABERTA/DOC/DFP/DADOS/dfp_cia_aberta_2025.zip
2026-04-28 09:21:10,101 [INFO] pipeline.cvm:   DFP dre 2025: 64 linhas
2026-04-28 09:21:10,101 [INFO] pipeline.cvm: Baixando: https://dados.cvm.gov.br/dados/CIA_ABERTA/DOC/DFP/DADOS/dfp_cia_aberta_2025.zip
2026-04-28 09:21:14,371 [INFO] pipeline.cvm:   DFP bpa 2025: 128 linhas
2026-04-28 09:21:14,372 [INFO] pipeline.cvm: Baixando: https://dados.cvm.gov.br/dados/CIA_ABERTA/DOC/DFP/DADOS/dfp_cia_aberta_2025.zip
2026-04-28 09:21:21,182 [INFO] pipeline.cvm:   DFP bpp 2025: 222 linhas
2026-04-28 09:21:21,182 [INFO] pipeline.cvm: Baixando: https://dados.cvm.gov.br/dados/CIA_ABERTA/DOC/DFP/DADOS/dfp_cia_aberta_2025.zip
2026-04-28 09:21:25,298 [INFO] pipeline.cvm:   DFP dfc_mi 2025: 110 linhas
2026-04-28 09:21:25,298 [INFO] pipeline.cvm: Baixando: https://dados.cvm.gov.br/dados/CIA_ABERTA/DOC/DFP/DADOS/dfp_cia_aberta_2025.zip
2026-04-28 09:21:28,133 [WARNING] pipeline.cvm:   Empresa 22470 não encontrada em dfc_md 2025
2026-04-28 09:21:28,134 [INFO] pipeline: 
[4/6] Normalizando dados...
2026-04-28 09:21:30,116 [INFO] pipeline:   DFC normalizada: 11 linhas
2026-04-28 09:21:30,120 [INFO] pipeline:   DRE normalizada:
2026-04-28 09:21:30,120 [INFO] pipeline:     receita_liquida: 2020: 29,177 | 2021: 35,278 | 2022: 37,299 | 2023: 36,768 | 2024: 38,038 | 2025: 38,703
2026-04-28 09:21:30,120 [INFO] pipeline:     ebit: 2020: 825 | 2021: 471 | 2022: 772 | 2023: -372 | 2024: 1,562 | 2025: 1,919
2026-04-28 09:21:30,121 [INFO] pipeline:     lucro_liquido: 2020: 392 | 2021: 591 | 2022: -499 | 2023: -979 | 2024: 449 | 2025: 205
2026-04-28 09:21:30,121 [INFO] pipeline: 
[5/6] Calculando projeções...
2026-04-28 09:21:30,122 [INFO] pipeline.projecoes: 
=== Projeções (não-financeira / FCFF) ===
2026-04-28 09:21:30,124 [INFO] pipeline.projecoes:   Margem EBITDA: 7.0% → 5.0% (conv 6a)
2026-04-28 09:21:30,125 [INFO] pipeline.projecoes:   D&A/Receita: 2.0%
2026-04-28 09:21:30,126 [INFO] pipeline.projecoes:   CAPEX/Receita: 0.9% → 4.0%
2026-04-28 09:21:30,127 [INFO] pipeline.projecoes:   NCG/Receita: 9.5% → 12.0%
2026-04-28 09:21:30,129 [INFO] pipeline.projecoes:   Alíquota efetiva: 34.0%
2026-04-28 09:21:30,129 [INFO] pipeline.projecoes: Projeções concluídas (FCFF). Resumo:
2026-04-28 09:21:30,129 [INFO] pipeline.projecoes:    Ano      Receita     EBITDA    Mg%      NOPAT       FCFF
2026-04-28 09:21:30,130 [INFO] pipeline.projecoes:   2026       41,606      2,790   6.7%      1,295     -1,380
2026-04-28 09:21:30,130 [INFO] pipeline.projecoes:   2027       44,519      2,833   6.4%      1,285        695
2026-04-28 09:21:30,130 [INFO] pipeline.projecoes:   2028       47,412      2,856   6.0%      1,262        348
2026-04-28 09:21:30,130 [INFO] pipeline.projecoes:   2029       50,257      2,856   5.7%      1,225        -44
2026-04-28 09:21:30,130 [INFO] pipeline.projecoes:   2030       53,021      2,832   5.3%      1,173       -479
2026-04-28 09:21:30,130 [INFO] pipeline.valuation:   Estrutura de capital: E=69% | D=31%
2026-04-28 09:21:30,131 [INFO] pipeline: 
[6/6] Calculando valuation (FCFF / WACC)...
2026-04-28 09:21:30,131 [WARNING] pipeline.valuation: TIR < g (5.5%) — cotação acima do valor intrínseco (DCF)
2026-04-28 09:21:30,131 [WARNING] pipeline.valuation: TIR < g (5.5%) — cotação acima do valor intrínseco (DCF)
2026-04-28 09:21:30,131 [INFO] pipeline.valuation: 
==================================================
2026-04-28 09:21:30,131 [INFO] pipeline.valuation: VALUATION FCFF/WACC — MGLU3
2026-04-28 09:21:30,131 [INFO] pipeline.valuation:   VP FCFF (10a):     R$       -1,434 MM
2026-04-28 09:21:30,131 [INFO] pipeline.valuation:   Valor Perp. (VP):  R$       -2,088 MM
2026-04-28 09:21:30,131 [INFO] pipeline.valuation:   ENTERPRISE VALUE:  R$       -3,523 MM
2026-04-28 09:21:30,131 [INFO] pipeline.valuation:   (-) Dívida Líq.:   R$        2,909 MM
2026-04-28 09:21:30,132 [INFO] pipeline.valuation:   VALOR DO EQUITY:   R$       -6,431 MM
2026-04-28 09:21:30,132 [INFO] pipeline.valuation:   Preço Justo ON:    R$    -8.30
2026-04-28 09:21:30,132 [INFO] pipeline.valuation:   Preço Justo PN:    R$    -8.30
2026-04-28 09:21:30,132 [INFO] pipeline.valuation:   Cotação ON:        R$     8.53
2026-04-28 09:21:30,132 [INFO] pipeline.valuation:   Upside ON:             -197.3%
2026-04-28 09:21:30,132 [INFO] pipeline.valuation:   TIR (ON):                 6.0%
2026-04-28 09:21:30,132 [INFO] pipeline.valuation:   WACC último ano:         11.4%
2026-04-28 09:21:30,132 [WARNING] pipeline: 
[!] AVISOS DE VALIDACAO:
2026-04-28 09:21:30,132 [WARNING] pipeline:   - Valor do Equity negativo ou zero: R$ -6,431 MM
2026-04-28 09:21:30,132 [WARNING] pipeline:   - Preço Justo ON inválido (≤ 0)
2026-04-28 09:21:30,133 [INFO] pipeline:   Sem template VAROS para MGLU3 — Excel será criado do zero
2026-04-28 09:21:30,134 [INFO] pipeline.excel_geral: 
============================================================
2026-04-28 09:21:30,134 [INFO] pipeline.excel_geral: Criando Excel completo (12 abas) para: Magazine Luiza (MGLU3)
2026-04-28 09:21:30,135 [INFO] pipeline.excel_geral:   → 1/12  Dashboard
2026-04-28 09:21:30,148 [INFO] pipeline.excel_geral:   → 2/12  WACC
2026-04-28 09:21:30,198 [INFO] pipeline.excel_geral:   → 3/12  TIR ON
2026-04-28 09:21:30,209 [INFO] pipeline.excel_geral:   → 4/12  TIR PN
2026-04-28 09:21:30,221 [INFO] pipeline.excel_geral:   → 5/12  Valor do Equity
2026-04-28 09:21:30,227 [INFO] pipeline.excel_geral:   → 6/12  Preço Teto
2026-04-28 09:21:30,235 [INFO] pipeline.excel_geral:   → 7/12  DRE + DCF
2026-04-28 09:21:30,369 [INFO] pipeline.excel_geral:   → 8/12  DRE Contas Abertas
2026-04-28 09:21:30,435 [INFO] pipeline.excel_geral:   → 9/12  Balanço Patrimonial
2026-04-28 09:21:30,484 [INFO] pipeline.excel_geral:   → 10/12 Painel de Índices
2026-04-28 09:21:30,563 [INFO] pipeline.excel_geral:   → 11/12 Projeções Premissas
2026-04-28 09:21:30,598 [INFO] pipeline.excel_geral:   → 12/12 Projeções Capex e CG
2026-04-28 09:21:30,729 [INFO] pipeline.excel_geral: 
Arquivo salvo: C:\Users\55819\OneDrive - EPEJUD\DIEGO\OBSIDIAN\Analista de Investimentos\12_PYTHON\pipeline banco completo\outputs\Valuation_MGLU3_Magazine Luiza_20260428.xlsx
2026-04-28 09:21:30,729 [INFO] pipeline: 
======================================================================
2026-04-28 09:21:30,729 [INFO] pipeline: RESUMO DO VALUATION (FCFF/WACC)
2026-04-28 09:21:30,729 [INFO] pipeline: ======================================================================
2026-04-28 09:21:30,729 [INFO] pipeline:   Empresa:           Magazine Luiza (MGLU3)
2026-04-28 09:21:30,729 [INFO] pipeline:   Enterprise Value:  R$       -3,523 MM
2026-04-28 09:21:30,729 [INFO] pipeline:   Cotação ON:        R$ 8.53
2026-04-28 09:21:30,729 [INFO] pipeline:   Preço Justo ON:    R$ -8.30
2026-04-28 09:21:30,729 [INFO] pipeline:   Upside ON:            -197.3%
2026-04-28 09:21:30,729 [INFO] pipeline:   TIR:                  6.0%
2026-04-28 09:21:30,730 [INFO] pipeline:   Preço Teto ON:     R$ -8.30
2026-04-28 09:21:30,730 [INFO] pipeline: 
  [!] 2 aviso(s) de validacao — verifique os logs
2026-04-28 09:21:30,730 [INFO] pipeline: 
  Arquivo gerado:    C:\Users\55819\OneDrive - EPEJUD\DIEGO\OBSIDIAN\Analista de Investimentos\12_PYTHON\pipeline banco completo\outputs\Valuation_MGLU3_Magazine Luiza_20260428.xlsx
2026-04-28 09:21:30,730 [INFO] pipeline: ======================================================================
2026-04-28 09:21:30,733 [INFO] pipeline: ✓ MGLU3: arquivo gerado → C:\Users\55819\OneDrive - EPEJUD\DIEGO\OBSIDIAN\Analista de Investimentos\12_PYTHON\pipeline banco completo\outputs\Valuation_MGLU3_Magazine Luiza_20260428.xlsx
2026-04-28 09:21:30,733 [INFO] pipeline: 
──────────────────────────────────────────────────────────────────────
2026-04-28 09:21:30,733 [INFO] pipeline: Processando: BHIA3 (Casas Bahia)
2026-04-28 09:21:30,734 [INFO] pipeline: ──────────────────────────────────────────────────────────────────────
2026-04-28 09:21:30,734 [INFO] pipeline: ======================================================================
2026-04-28 09:21:30,734 [INFO] pipeline: PIPELINE DE VALUATION [CONSUMO_VAREJO] — BHIA3 — Casas Bahia
2026-04-28 09:21:30,734 [INFO] pipeline: Início: 2026-04-28 09:21:30
2026-04-28 09:21:30,734 [INFO] pipeline:   Setor: consumo_varejo | Motor: WACC
2026-04-28 09:21:30,734 [INFO] pipeline: ======================================================================
2026-04-28 09:21:30,734 [INFO] pipeline: 
[1/6] Coletando dados de mercado...
2026-04-28 09:21:30,735 [INFO] pipeline:   Buscando cotação via yfinance...
2026-04-28 09:21:30,735 [INFO] pipeline.mercado: Buscando cotação atual: BHIA3.SA
2026-04-28 09:21:32,302 [INFO] pipeline:   Cotação ON: R$ 2.70  |  Cotação PN: R$ 0.00
2026-04-28 09:21:32,432 [INFO] pipeline.mercado: Calculando beta: BHIA3 (252 dias úteis)
2026-04-28 09:21:32,432 [INFO] pipeline.mercado: Baixando preços: BHIA3.SA (2019-01-01 → 2026-04-28)
2026-04-28 09:21:33,078 [INFO] pipeline.mercado:   1820 dias de preços carregados
2026-04-28 09:21:33,078 [INFO] pipeline.mercado: Baixando preços: ^BVSP (2019-01-01 → 2026-04-28)
2026-04-28 09:21:33,118 [INFO] pipeline.mercado:   1820 dias de preços carregados
2026-04-28 09:21:33,122 [INFO] pipeline.mercado:   Beta estatístico: 1.2572 | R²: 0.083 | n=251
2026-04-28 09:21:33,125 [INFO] pipeline:   Beta estatístico: 1.257 | Beta utilizado: 0.850
2026-04-28 09:21:33,125 [INFO] pipeline: 
[2/6] Coletando dados macroeconômicos (BCB)...
2026-04-28 09:21:33,464 [WARNING] pipeline.macro: Não foi possível obter Focus Selic: 400 Client Error: Bad Request for url: https://olinda.bcb.gov.br/olinda/servico/Expectativas/versao/v1/odata/ExpectativasMercadoAnuais?%24filter=Indicador%20eq%20'Selic'&%24top=100&%24format=json&%24select=Indicador,Data,Ano,Mediana
2026-04-28 09:21:33,751 [WARNING] pipeline.macro: Não foi possível obter Focus IPCA: 400 Client Error: Bad Request for url: https://olinda.bcb.gov.br/olinda/servico/Expectativas/versao/v1/odata/ExpectativasMercadoAnuais?%24filter=Indicador%20eq%20'IPCA'&%24top=100&%24format=json&%24select=Indicador,Data,Ano,Mediana
2026-04-28 09:21:33,752 [INFO] pipeline.macro: 
=== Coletando dados macroeconômicos ===
2026-04-28 09:21:33,752 [INFO] pipeline.macro: Baixando série BCB 432...
2026-04-28 09:21:34,102 [ERROR] pipeline.macro: Erro ao baixar série BCB 432: 406 Client Error: Not Acceptable for url: https://api.bcb.gov.br/dados/serie/bcdata.sgs.432/dados?formato=json&dataInicial=01%2F01%2F2010&dataFinal=28%2F04%2F2026
2026-04-28 09:21:34,102 [WARNING] pipeline.macro: Série Selic meta sem DatetimeIndex — usando fallback histórico
2026-04-28 09:21:34,102 [INFO] pipeline.macro: Baixando série BCB 12...
2026-04-28 09:21:34,208 [ERROR] pipeline.macro: Erro ao baixar série BCB 12: 406 Client Error: Not Acceptable for url: https://api.bcb.gov.br/dados/serie/bcdata.sgs.12/dados?formato=json&dataInicial=01%2F01%2F2010&dataFinal=28%2F04%2F2026
2026-04-28 09:21:34,208 [WARNING] pipeline.macro: Série DI sem DatetimeIndex — usando fallback histórico
2026-04-28 09:21:34,208 [INFO] pipeline.macro: Baixando série BCB 13522...
2026-04-28 09:21:34,490 [INFO] pipeline.macro:   Série 13522: 195 observações (2010-01-01 → 2026-03-01)
2026-04-28 09:21:34,492 [WARNING] pipeline.macro: IPCA calculado fora do intervalo plausível (46.1%) para 2020 — usando fallback
2026-04-28 09:21:34,492 [WARNING] pipeline.macro: IPCA calculado fora do intervalo plausível (159.3%) para 2021 — usando fallback
2026-04-28 09:21:34,493 [WARNING] pipeline.macro: IPCA calculado fora do intervalo plausível (191.2%) para 2022 — usando fallback
2026-04-28 09:21:34,493 [WARNING] pipeline.macro: IPCA calculado fora do intervalo plausível (71.5%) para 2023 — usando fallback
2026-04-28 09:21:34,493 [WARNING] pipeline.macro: IPCA calculado fora do intervalo plausível (67.0%) para 2024 — usando fallback
2026-04-28 09:21:34,494 [WARNING] pipeline.macro: IPCA calculado fora do intervalo plausível (80.0%) para 2025 — usando fallback
2026-04-28 09:21:34,494 [INFO] pipeline.macro: Baixando série BCB 258...
2026-04-28 09:21:34,598 [ERROR] pipeline.macro: Erro ao baixar série BCB 258: 406 Client Error: Not Acceptable for url: https://api.bcb.gov.br/dados/serie/bcdata.sgs.258/dados?formato=json&dataInicial=01%2F01%2F2010&dataFinal=28%2F04%2F2026
2026-04-28 09:21:34,598 [WARNING] pipeline.macro: Série TJLP sem DatetimeIndex — usando fallback histórico
2026-04-28 09:21:34,598 [INFO] pipeline.macro: Baixando série BCB 29039...
2026-04-28 09:21:34,710 [INFO] pipeline.macro:   Série 29039: 195 observações (2010-01-01 → 2026-03-01)
2026-04-28 09:21:34,712 [INFO] pipeline.macro: Baixando série BCB 13522...
2026-04-28 09:21:34,919 [INFO] pipeline.macro:   Série 13522: 195 observações (2010-01-01 → 2026-03-01)
2026-04-28 09:21:34,920 [WARNING] pipeline.macro: IPCA calculado fora do intervalo plausível (46.1%) para 2020 — usando fallback
2026-04-28 09:21:34,921 [WARNING] pipeline.macro: IPCA calculado fora do intervalo plausível (159.3%) para 2021 — usando fallback
2026-04-28 09:21:34,921 [WARNING] pipeline.macro: IPCA calculado fora do intervalo plausível (191.2%) para 2022 — usando fallback
2026-04-28 09:21:34,922 [WARNING] pipeline.macro: IPCA calculado fora do intervalo plausível (71.5%) para 2023 — usando fallback
2026-04-28 09:21:34,923 [WARNING] pipeline.macro: IPCA calculado fora do intervalo plausível (67.0%) para 2024 — usando fallback
2026-04-28 09:21:34,923 [WARNING] pipeline.macro: IPCA calculado fora do intervalo plausível (80.0%) para 2025 — usando fallback
2026-04-28 09:21:34,923 [INFO] pipeline.macro: 
RESUMO MACRO HISTÓRICO:
2026-04-28 09:21:34,923 [INFO] pipeline.macro:   selic_meta     : 2021: 9.25% | 2022: 13.75% | 2023: 11.75% | 2024: 11.75% | 2025: 10.00%
2026-04-28 09:21:34,923 [INFO] pipeline.macro:   selic_efet     : 2021: 4.48% | 2022: 12.33% | 2023: 13.15% | 2024: 10.73% | 2025: 10.50%
2026-04-28 09:21:34,924 [INFO] pipeline.macro:   ipca           : 2021: 10.06% | 2022: 5.62% | 2023: 4.62% | 2024: 4.83% | 2025: 4.50%
2026-04-28 09:21:34,924 [INFO] pipeline.macro:   tjlp           : 2021: 5.25% | 2022: 6.25% | 2023: 7.00% | 2024: 7.00% | 2025: 6.50%
2026-04-28 09:21:34,924 [INFO] pipeline.macro:   cds            : 2021: 0.73% | 2022: 1.26% | 2023: 0.84% | 2024: 0.81% | 2025: 0.76%
2026-04-28 09:21:34,924 [INFO] pipeline.macro:   inflacao_impl  : 2021: 10.06% | 2022: 5.62% | 2023: 4.62% | 2024: 4.83% | 2025: 4.50%
2026-04-28 09:21:34,924 [INFO] pipeline: 
[3/6] Baixando demonstrações financeiras (CVM)...
2026-04-28 09:21:34,924 [INFO] pipeline.cvm: 
==================================================
2026-04-28 09:21:34,924 [INFO] pipeline.cvm: Baixando DFP 2020...
2026-04-28 09:21:34,925 [INFO] pipeline.cvm: Baixando: https://dados.cvm.gov.br/dados/CIA_ABERTA/DOC/DFP/DADOS/dfp_cia_aberta_2020.zip
2026-04-28 09:21:38,584 [INFO] pipeline.cvm:   DFP dre 2020: 62 linhas
2026-04-28 09:21:38,584 [INFO] pipeline.cvm: Baixando: https://dados.cvm.gov.br/dados/CIA_ABERTA/DOC/DFP/DADOS/dfp_cia_aberta_2020.zip
2026-04-28 09:21:44,005 [INFO] pipeline.cvm:   DFP bpa 2020: 128 linhas
2026-04-28 09:21:44,005 [INFO] pipeline.cvm: Baixando: https://dados.cvm.gov.br/dados/CIA_ABERTA/DOC/DFP/DADOS/dfp_cia_aberta_2020.zip
2026-04-28 09:21:50,682 [INFO] pipeline.cvm:   DFP bpp 2020: 226 linhas
2026-04-28 09:21:50,682 [INFO] pipeline.cvm: Baixando: https://dados.cvm.gov.br/dados/CIA_ABERTA/DOC/DFP/DADOS/dfp_cia_aberta_2020.zip
2026-04-28 09:21:55,750 [INFO] pipeline.cvm:   DFP dfc_mi 2020: 122 linhas
2026-04-28 09:21:55,750 [INFO] pipeline.cvm: Baixando: https://dados.cvm.gov.br/dados/CIA_ABERTA/DOC/DFP/DADOS/dfp_cia_aberta_2020.zip
2026-04-28 09:21:59,557 [WARNING] pipeline.cvm:   Empresa 6505 não encontrada em dfc_md 2020
2026-04-28 09:21:59,557 [INFO] pipeline.cvm: 
==================================================
2026-04-28 09:21:59,557 [INFO] pipeline.cvm: Baixando DFP 2021...
2026-04-28 09:21:59,557 [INFO] pipeline.cvm: Baixando: https://dados.cvm.gov.br/dados/CIA_ABERTA/DOC/DFP/DADOS/dfp_cia_aberta_2021.zip
2026-04-28 09:22:04,171 [INFO] pipeline.cvm:   DFP dre 2021: 62 linhas
2026-04-28 09:22:04,171 [INFO] pipeline.cvm: Baixando: https://dados.cvm.gov.br/dados/CIA_ABERTA/DOC/DFP/DADOS/dfp_cia_aberta_2021.zip
2026-04-28 09:22:09,775 [INFO] pipeline.cvm:   DFP bpa 2021: 128 linhas
2026-04-28 09:22:09,775 [INFO] pipeline.cvm: Baixando: https://dados.cvm.gov.br/dados/CIA_ABERTA/DOC/DFP/DADOS/dfp_cia_aberta_2021.zip
2026-04-28 09:22:17,486 [INFO] pipeline.cvm:   DFP bpp 2021: 226 linhas
2026-04-28 09:22:17,486 [INFO] pipeline.cvm: Baixando: https://dados.cvm.gov.br/dados/CIA_ABERTA/DOC/DFP/DADOS/dfp_cia_aberta_2021.zip
2026-04-28 09:22:23,936 [INFO] pipeline.cvm:   DFP dfc_mi 2021: 126 linhas
2026-04-28 09:22:23,936 [INFO] pipeline.cvm: Baixando: https://dados.cvm.gov.br/dados/CIA_ABERTA/DOC/DFP/DADOS/dfp_cia_aberta_2021.zip
2026-04-28 09:22:29,062 [WARNING] pipeline.cvm:   Empresa 6505 não encontrada em dfc_md 2021
2026-04-28 09:22:29,062 [INFO] pipeline.cvm: 
==================================================
2026-04-28 09:22:29,062 [INFO] pipeline.cvm: Baixando DFP 2022...
2026-04-28 09:22:29,062 [INFO] pipeline.cvm: Baixando: https://dados.cvm.gov.br/dados/CIA_ABERTA/DOC/DFP/DADOS/dfp_cia_aberta_2022.zip
2026-04-28 09:22:35,006 [INFO] pipeline.cvm:   DFP dre 2022: 62 linhas
2026-04-28 09:22:35,006 [INFO] pipeline.cvm: Baixando: https://dados.cvm.gov.br/dados/CIA_ABERTA/DOC/DFP/DADOS/dfp_cia_aberta_2022.zip
2026-04-28 09:22:41,212 [INFO] pipeline.cvm:   DFP bpa 2022: 128 linhas
2026-04-28 09:22:41,212 [INFO] pipeline.cvm: Baixando: https://dados.cvm.gov.br/dados/CIA_ABERTA/DOC/DFP/DADOS/dfp_cia_aberta_2022.zip
2026-04-28 09:22:47,202 [INFO] pipeline.cvm:   DFP bpp 2022: 230 linhas
2026-04-28 09:22:47,202 [INFO] pipeline.cvm: Baixando: https://dados.cvm.gov.br/dados/CIA_ABERTA/DOC/DFP/DADOS/dfp_cia_aberta_2022.zip
2026-04-28 09:22:51,762 [INFO] pipeline.cvm:   DFP dfc_mi 2022: 132 linhas
2026-04-28 09:22:51,763 [INFO] pipeline.cvm: Baixando: https://dados.cvm.gov.br/dados/CIA_ABERTA/DOC/DFP/DADOS/dfp_cia_aberta_2022.zip
2026-04-28 09:22:55,085 [WARNING] pipeline.cvm:   Empresa 6505 não encontrada em dfc_md 2022
2026-04-28 09:22:55,086 [INFO] pipeline.cvm: 
==================================================
2026-04-28 09:22:55,086 [INFO] pipeline.cvm: Baixando DFP 2023...
2026-04-28 09:22:55,086 [INFO] pipeline.cvm: Baixando: https://dados.cvm.gov.br/dados/CIA_ABERTA/DOC/DFP/DADOS/dfp_cia_aberta_2023.zip
2026-04-28 09:22:59,648 [INFO] pipeline.cvm:   DFP dre 2023: 62 linhas
2026-04-28 09:22:59,648 [INFO] pipeline.cvm: Baixando: https://dados.cvm.gov.br/dados/CIA_ABERTA/DOC/DFP/DADOS/dfp_cia_aberta_2023.zip
2026-04-28 09:23:05,810 [INFO] pipeline.cvm:   DFP bpa 2023: 128 linhas
2026-04-28 09:23:05,810 [INFO] pipeline.cvm: Baixando: https://dados.cvm.gov.br/dados/CIA_ABERTA/DOC/DFP/DADOS/dfp_cia_aberta_2023.zip
2026-04-28 09:23:13,755 [INFO] pipeline.cvm:   DFP bpp 2023: 230 linhas
2026-04-28 09:23:13,755 [INFO] pipeline.cvm: Baixando: https://dados.cvm.gov.br/dados/CIA_ABERTA/DOC/DFP/DADOS/dfp_cia_aberta_2023.zip
2026-04-28 09:23:19,525 [INFO] pipeline.cvm:   DFP dfc_mi 2023: 132 linhas
2026-04-28 09:23:19,525 [INFO] pipeline.cvm: Baixando: https://dados.cvm.gov.br/dados/CIA_ABERTA/DOC/DFP/DADOS/dfp_cia_aberta_2023.zip
2026-04-28 09:23:25,651 [WARNING] pipeline.cvm:   Empresa 6505 não encontrada em dfc_md 2023
2026-04-28 09:23:25,651 [INFO] pipeline.cvm: 
==================================================
2026-04-28 09:23:25,652 [INFO] pipeline.cvm: Baixando DFP 2024...
2026-04-28 09:23:25,653 [INFO] pipeline.cvm: Baixando: https://dados.cvm.gov.br/dados/CIA_ABERTA/DOC/DFP/DADOS/dfp_cia_aberta_2024.zip
2026-04-28 09:23:34,076 [INFO] pipeline.cvm:   DFP dre 2024: 70 linhas
2026-04-28 09:23:34,077 [INFO] pipeline.cvm: Baixando: https://dados.cvm.gov.br/dados/CIA_ABERTA/DOC/DFP/DADOS/dfp_cia_aberta_2024.zip
2026-04-28 09:23:44,048 [INFO] pipeline.cvm:   DFP bpa 2024: 128 linhas
2026-04-28 09:23:44,049 [INFO] pipeline.cvm: Baixando: https://dados.cvm.gov.br/dados/CIA_ABERTA/DOC/DFP/DADOS/dfp_cia_aberta_2024.zip
2026-04-28 09:23:53,552 [INFO] pipeline.cvm:   DFP bpp 2024: 230 linhas
2026-04-28 09:23:53,552 [INFO] pipeline.cvm: Baixando: https://dados.cvm.gov.br/dados/CIA_ABERTA/DOC/DFP/DADOS/dfp_cia_aberta_2024.zip
2026-04-28 09:23:59,434 [INFO] pipeline.cvm:   DFP dfc_mi 2024: 134 linhas
2026-04-28 09:23:59,434 [INFO] pipeline.cvm: Baixando: https://dados.cvm.gov.br/dados/CIA_ABERTA/DOC/DFP/DADOS/dfp_cia_aberta_2024.zip
2026-04-28 09:24:02,441 [WARNING] pipeline.cvm:   Empresa 6505 não encontrada em dfc_md 2024
2026-04-28 09:24:02,441 [INFO] pipeline.cvm: 
==================================================
2026-04-28 09:24:02,441 [INFO] pipeline.cvm: Baixando DFP 2025...
2026-04-28 09:24:02,442 [INFO] pipeline.cvm: Baixando: https://dados.cvm.gov.br/dados/CIA_ABERTA/DOC/DFP/DADOS/dfp_cia_aberta_2025.zip
2026-04-28 09:24:07,292 [INFO] pipeline.cvm:   DFP dre 2025: 70 linhas
2026-04-28 09:24:07,293 [INFO] pipeline.cvm: Baixando: https://dados.cvm.gov.br/dados/CIA_ABERTA/DOC/DFP/DADOS/dfp_cia_aberta_2025.zip
2026-04-28 09:24:12,933 [INFO] pipeline.cvm:   DFP bpa 2025: 132 linhas
2026-04-28 09:24:12,933 [INFO] pipeline.cvm: Baixando: https://dados.cvm.gov.br/dados/CIA_ABERTA/DOC/DFP/DADOS/dfp_cia_aberta_2025.zip
2026-04-28 09:24:20,243 [INFO] pipeline.cvm:   DFP bpp 2025: 232 linhas
2026-04-28 09:24:20,243 [INFO] pipeline.cvm: Baixando: https://dados.cvm.gov.br/dados/CIA_ABERTA/DOC/DFP/DADOS/dfp_cia_aberta_2025.zip
2026-04-28 09:24:25,893 [INFO] pipeline.cvm:   DFP dfc_mi 2025: 134 linhas
2026-04-28 09:24:25,893 [INFO] pipeline.cvm: Baixando: https://dados.cvm.gov.br/dados/CIA_ABERTA/DOC/DFP/DADOS/dfp_cia_aberta_2025.zip
2026-04-28 09:24:29,421 [WARNING] pipeline.cvm:   Empresa 6505 não encontrada em dfc_md 2025
2026-04-28 09:24:29,421 [INFO] pipeline: 
[4/6] Normalizando dados...
2026-04-28 09:24:31,939 [INFO] pipeline:   DFC normalizada: 11 linhas
2026-04-28 09:24:31,941 [INFO] pipeline:   DRE normalizada:
2026-04-28 09:24:31,941 [INFO] pipeline:     receita_liquida: 2020: 28,901 | 2021: 30,899 | 2022: 30,898 | 2023: 28,847 | 2024: 27,206 | 2025: 29,197
2026-04-28 09:24:31,942 [INFO] pipeline:     ebit: 2020: 1,619 | 2021: -343 | 2022: 1,161 | 2023: -1,161 | 2024: 510 | 2025: 1,343
2026-04-28 09:24:31,942 [INFO] pipeline:     lucro_liquido: 2020: 1,004 | 2021: -297 | 2022: -342 | 2023: -2,625 | 2024: -1,045 | 2025: -2,988
2026-04-28 09:24:31,942 [INFO] pipeline: 
[5/6] Calculando projeções...
2026-04-28 09:24:31,944 [INFO] pipeline.projecoes: 
=== Projeções (não-financeira / FCFF) ===
2026-04-28 09:24:31,945 [INFO] pipeline.projecoes:   Margem EBITDA: 6.4% → 6.0% (conv 6a)
2026-04-28 09:24:31,946 [INFO] pipeline.projecoes:   D&A/Receita: 1.8%
2026-04-28 09:24:31,947 [INFO] pipeline.projecoes:   CAPEX/Receita: 0.1% → 3.0%
2026-04-28 09:24:31,947 [INFO] pipeline.projecoes:   NCG/Receita: 11.5% → 10.0%
2026-04-28 09:24:31,950 [INFO] pipeline.projecoes:   Alíquota efetiva: 37.5%
2026-04-28 09:24:31,950 [INFO] pipeline.projecoes: Projeções concluídas (FCFF). Resumo:
2026-04-28 09:24:31,951 [INFO] pipeline.projecoes:    Ano      Receita     EBITDA    Mg%      NOPAT       FCFF
2026-04-28 09:24:31,951 [INFO] pipeline.projecoes:   2026       31,387      1,980   6.3%        878       -582
2026-04-28 09:24:31,951 [INFO] pipeline.projecoes:   2027       33,584      2,098   6.2%        927        976
2026-04-28 09:24:31,951 [INFO] pipeline.projecoes:   2028       35,767      2,212   6.2%        973        840
2026-04-28 09:24:31,951 [INFO] pipeline.projecoes:   2029       37,913      2,322   6.1%      1,017        678
2026-04-28 09:24:31,951 [INFO] pipeline.projecoes:   2030       39,998      2,425   6.1%      1,058        491
2026-04-28 09:24:31,952 [INFO] pipeline.valuation:   Estrutura de capital: E=36% | D=64%
2026-04-28 09:24:31,952 [INFO] pipeline: 
[6/6] Calculando valuation (FCFF / WACC)...
2026-04-28 09:24:31,952 [INFO] pipeline.valuation: 
==================================================
2026-04-28 09:24:31,952 [INFO] pipeline.valuation: VALUATION FCFF/WACC — BHIA3
2026-04-28 09:24:31,953 [INFO] pipeline.valuation:   VP FCFF (10a):     R$        2,638 MM
2026-04-28 09:24:31,953 [INFO] pipeline.valuation:   Valor Perp. (VP):  R$        4,509 MM
2026-04-28 09:24:31,953 [INFO] pipeline.valuation:   ENTERPRISE VALUE:  R$        7,147 MM
2026-04-28 09:24:31,953 [INFO] pipeline.valuation:   (-) Dívida Líq.:   R$        4,759 MM
2026-04-28 09:24:31,953 [INFO] pipeline.valuation:   VALOR DO EQUITY:   R$        2,388 MM
2026-04-28 09:24:31,953 [INFO] pipeline.valuation:   Preço Justo ON:    R$     2.45
2026-04-28 09:24:31,953 [INFO] pipeline.valuation:   Preço Justo PN:    R$     2.45
2026-04-28 09:24:31,953 [INFO] pipeline.valuation:   Cotação ON:        R$     2.70
2026-04-28 09:24:31,953 [INFO] pipeline.valuation:   Upside ON:               -9.3%
2026-04-28 09:24:31,953 [INFO] pipeline.valuation:   TIR (ON):                18.2%
2026-04-28 09:24:31,954 [INFO] pipeline.valuation:   WACC último ano:          9.4%
2026-04-28 09:24:31,955 [INFO] pipeline:   Sem template VAROS para BHIA3 — Excel será criado do zero
2026-04-28 09:24:31,955 [INFO] pipeline.excel_geral: 
============================================================
2026-04-28 09:24:31,955 [INFO] pipeline.excel_geral: Criando Excel completo (12 abas) para: Casas Bahia (BHIA3)
2026-04-28 09:24:31,957 [INFO] pipeline.excel_geral:   → 1/12  Dashboard
2026-04-28 09:24:31,973 [INFO] pipeline.excel_geral:   → 2/12  WACC
2026-04-28 09:24:32,019 [INFO] pipeline.excel_geral:   → 3/12  TIR ON
2026-04-28 09:24:32,031 [INFO] pipeline.excel_geral:   → 4/12  TIR PN
2026-04-28 09:24:32,046 [INFO] pipeline.excel_geral:   → 5/12  Valor do Equity
2026-04-28 09:24:32,055 [INFO] pipeline.excel_geral:   → 6/12  Preço Teto
2026-04-28 09:24:32,061 [INFO] pipeline.excel_geral:   → 7/12  DRE + DCF
2026-04-28 09:24:32,200 [INFO] pipeline.excel_geral:   → 8/12  DRE Contas Abertas
2026-04-28 09:24:32,265 [INFO] pipeline.excel_geral:   → 9/12  Balanço Patrimonial
2026-04-28 09:24:32,305 [INFO] pipeline.excel_geral:   → 10/12 Painel de Índices
2026-04-28 09:24:32,371 [INFO] pipeline.excel_geral:   → 11/12 Projeções Premissas
2026-04-28 09:24:32,397 [INFO] pipeline.excel_geral:   → 12/12 Projeções Capex e CG
2026-04-28 09:24:32,500 [INFO] pipeline.excel_geral: 
Arquivo salvo: C:\Users\55819\OneDrive - EPEJUD\DIEGO\OBSIDIAN\Analista de Investimentos\12_PYTHON\pipeline banco completo\outputs\Valuation_BHIA3_Casas Bahia_20260428.xlsx
2026-04-28 09:24:32,500 [INFO] pipeline: 
======================================================================
2026-04-28 09:24:32,500 [INFO] pipeline: RESUMO DO VALUATION (FCFF/WACC)
2026-04-28 09:24:32,500 [INFO] pipeline: ======================================================================
2026-04-28 09:24:32,500 [INFO] pipeline:   Empresa:           Casas Bahia (BHIA3)
2026-04-28 09:24:32,500 [INFO] pipeline:   Enterprise Value:  R$        7,147 MM
2026-04-28 09:24:32,501 [INFO] pipeline:   Cotação ON:        R$ 2.70
2026-04-28 09:24:32,501 [INFO] pipeline:   Preço Justo ON:    R$ 2.45
2026-04-28 09:24:32,501 [INFO] pipeline:   Upside ON:            -9.3%
2026-04-28 09:24:32,501 [INFO] pipeline:   TIR:                  18.2%
2026-04-28 09:24:32,501 [INFO] pipeline:   Preço Teto ON:     R$ 2.45
2026-04-28 09:24:32,501 [INFO] pipeline: 
  Arquivo gerado:    C:\Users\55819\OneDrive - EPEJUD\DIEGO\OBSIDIAN\Analista de Investimentos\12_PYTHON\pipeline banco completo\outputs\Valuation_BHIA3_Casas Bahia_20260428.xlsx
2026-04-28 09:24:32,501 [INFO] pipeline: ======================================================================
2026-04-28 09:24:32,504 [INFO] pipeline: ✓ BHIA3: arquivo gerado → C:\Users\55819\OneDrive - EPEJUD\DIEGO\OBSIDIAN\Analista de Investimentos\12_PYTHON\pipeline banco completo\outputs\Valuation_BHIA3_Casas Bahia_20260428.xlsx
2026-04-28 09:24:32,504 [INFO] pipeline: 
──────────────────────────────────────────────────────────────────────
2026-04-28 09:24:32,505 [INFO] pipeline: Processando: ASAI3 (Assaí Atacadista)
2026-04-28 09:24:32,505 [INFO] pipeline: ──────────────────────────────────────────────────────────────────────
2026-04-28 09:24:32,505 [INFO] pipeline: ======================================================================
2026-04-28 09:24:32,505 [INFO] pipeline: PIPELINE DE VALUATION [CONSUMO_VAREJO] — ASAI3 — Assaí Atacadista
2026-04-28 09:24:32,505 [INFO] pipeline: Início: 2026-04-28 09:24:32
2026-04-28 09:24:32,505 [INFO] pipeline:   Setor: consumo_varejo | Motor: WACC
2026-04-28 09:24:32,505 [INFO] pipeline: ======================================================================
2026-04-28 09:24:32,505 [INFO] pipeline: 
[1/6] Coletando dados de mercado...
2026-04-28 09:24:32,506 [INFO] pipeline:   Buscando cotação via yfinance...
2026-04-28 09:24:32,506 [INFO] pipeline.mercado: Buscando cotação atual: ASAI3.SA
2026-04-28 09:24:33,835 [INFO] pipeline:   Cotação ON: R$ 9.58  |  Cotação PN: R$ 0.00
2026-04-28 09:24:33,955 [INFO] pipeline.mercado: Calculando beta: ASAI3 (252 dias úteis)
2026-04-28 09:24:33,955 [INFO] pipeline.mercado: Baixando preços: ASAI3.SA (2019-01-01 → 2026-04-28)
2026-04-28 09:24:34,516 [INFO] pipeline.mercado:   1287 dias de preços carregados
2026-04-28 09:24:34,516 [INFO] pipeline.mercado: Baixando preços: ^BVSP (2019-01-01 → 2026-04-28)
2026-04-28 09:24:34,576 [INFO] pipeline.mercado:   1820 dias de preços carregados
2026-04-28 09:24:34,590 [INFO] pipeline.mercado:   Beta estatístico: 1.6919 | R²: 0.347 | n=251
2026-04-28 09:24:34,593 [INFO] pipeline:   Beta estatístico: 1.692 | Beta utilizado: 0.850
2026-04-28 09:24:34,593 [INFO] pipeline: 
[2/6] Coletando dados macroeconômicos (BCB)...
2026-04-28 09:24:34,888 [WARNING] pipeline.macro: Não foi possível obter Focus Selic: 400 Client Error: Bad Request for url: https://olinda.bcb.gov.br/olinda/servico/Expectativas/versao/v1/odata/ExpectativasMercadoAnuais?%24filter=Indicador%20eq%20'Selic'&%24top=100&%24format=json&%24select=Indicador,Data,Ano,Mediana
2026-04-28 09:24:35,190 [WARNING] pipeline.macro: Não foi possível obter Focus IPCA: 400 Client Error: Bad Request for url: https://olinda.bcb.gov.br/olinda/servico/Expectativas/versao/v1/odata/ExpectativasMercadoAnuais?%24filter=Indicador%20eq%20'IPCA'&%24top=100&%24format=json&%24select=Indicador,Data,Ano,Mediana
2026-04-28 09:24:35,191 [INFO] pipeline.macro: 
=== Coletando dados macroeconômicos ===
2026-04-28 09:24:35,191 [INFO] pipeline.macro: Baixando série BCB 432...
2026-04-28 09:24:35,475 [ERROR] pipeline.macro: Erro ao baixar série BCB 432: 406 Client Error: Not Acceptable for url: https://api.bcb.gov.br/dados/serie/bcdata.sgs.432/dados?formato=json&dataInicial=01%2F01%2F2010&dataFinal=28%2F04%2F2026
2026-04-28 09:24:35,475 [WARNING] pipeline.macro: Série Selic meta sem DatetimeIndex — usando fallback histórico
2026-04-28 09:24:35,475 [INFO] pipeline.macro: Baixando série BCB 12...
2026-04-28 09:24:35,576 [ERROR] pipeline.macro: Erro ao baixar série BCB 12: 406 Client Error: Not Acceptable for url: https://api.bcb.gov.br/dados/serie/bcdata.sgs.12/dados?formato=json&dataInicial=01%2F01%2F2010&dataFinal=28%2F04%2F2026
2026-04-28 09:24:35,577 [WARNING] pipeline.macro: Série DI sem DatetimeIndex — usando fallback histórico
2026-04-28 09:24:35,577 [INFO] pipeline.macro: Baixando série BCB 13522...
2026-04-28 09:24:35,691 [INFO] pipeline.macro:   Série 13522: 195 observações (2010-01-01 → 2026-03-01)
2026-04-28 09:24:35,692 [WARNING] pipeline.macro: IPCA calculado fora do intervalo plausível (46.1%) para 2020 — usando fallback
2026-04-28 09:24:35,693 [WARNING] pipeline.macro: IPCA calculado fora do intervalo plausível (159.3%) para 2021 — usando fallback
2026-04-28 09:24:35,694 [WARNING] pipeline.macro: IPCA calculado fora do intervalo plausível (191.2%) para 2022 — usando fallback
2026-04-28 09:24:35,695 [WARNING] pipeline.macro: IPCA calculado fora do intervalo plausível (71.5%) para 2023 — usando fallback
2026-04-28 09:24:35,696 [WARNING] pipeline.macro: IPCA calculado fora do intervalo plausível (67.0%) para 2024 — usando fallback
2026-04-28 09:24:35,697 [WARNING] pipeline.macro: IPCA calculado fora do intervalo plausível (80.0%) para 2025 — usando fallback
2026-04-28 09:24:35,697 [INFO] pipeline.macro: Baixando série BCB 258...
2026-04-28 09:24:35,799 [ERROR] pipeline.macro: Erro ao baixar série BCB 258: 406 Client Error: Not Acceptable for url: https://api.bcb.gov.br/dados/serie/bcdata.sgs.258/dados?formato=json&dataInicial=01%2F01%2F2010&dataFinal=28%2F04%2F2026
2026-04-28 09:24:35,800 [WARNING] pipeline.macro: Série TJLP sem DatetimeIndex — usando fallback histórico
2026-04-28 09:24:35,800 [INFO] pipeline.macro: Baixando série BCB 29039...
2026-04-28 09:24:36,073 [INFO] pipeline.macro:   Série 29039: 195 observações (2010-01-01 → 2026-03-01)
2026-04-28 09:24:36,076 [INFO] pipeline.macro: Baixando série BCB 13522...
2026-04-28 09:24:36,196 [INFO] pipeline.macro:   Série 13522: 195 observações (2010-01-01 → 2026-03-01)
2026-04-28 09:24:36,197 [WARNING] pipeline.macro: IPCA calculado fora do intervalo plausível (46.1%) para 2020 — usando fallback
2026-04-28 09:24:36,198 [WARNING] pipeline.macro: IPCA calculado fora do intervalo plausível (159.3%) para 2021 — usando fallback
2026-04-28 09:24:36,198 [WARNING] pipeline.macro: IPCA calculado fora do intervalo plausível (191.2%) para 2022 — usando fallback
2026-04-28 09:24:36,199 [WARNING] pipeline.macro: IPCA calculado fora do intervalo plausível (71.5%) para 2023 — usando fallback
2026-04-28 09:24:36,199 [WARNING] pipeline.macro: IPCA calculado fora do intervalo plausível (67.0%) para 2024 — usando fallback
2026-04-28 09:24:36,200 [WARNING] pipeline.macro: IPCA calculado fora do intervalo plausível (80.0%) para 2025 — usando fallback
2026-04-28 09:24:36,200 [INFO] pipeline.macro: 
RESUMO MACRO HISTÓRICO:
2026-04-28 09:24:36,200 [INFO] pipeline.macro:   selic_meta     : 2021: 9.25% | 2022: 13.75% | 2023: 11.75% | 2024: 11.75% | 2025: 10.00%
2026-04-28 09:24:36,200 [INFO] pipeline.macro:   selic_efet     : 2021: 4.48% | 2022: 12.33% | 2023: 13.15% | 2024: 10.73% | 2025: 10.50%
2026-04-28 09:24:36,200 [INFO] pipeline.macro:   ipca           : 2021: 10.06% | 2022: 5.62% | 2023: 4.62% | 2024: 4.83% | 2025: 4.50%
2026-04-28 09:24:36,200 [INFO] pipeline.macro:   tjlp           : 2021: 5.25% | 2022: 6.25% | 2023: 7.00% | 2024: 7.00% | 2025: 6.50%
2026-04-28 09:24:36,201 [INFO] pipeline.macro:   cds            : 2021: 0.73% | 2022: 1.26% | 2023: 0.84% | 2024: 0.81% | 2025: 0.76%
2026-04-28 09:24:36,201 [INFO] pipeline.macro:   inflacao_impl  : 2021: 10.06% | 2022: 5.62% | 2023: 4.62% | 2024: 4.83% | 2025: 4.50%
2026-04-28 09:24:36,201 [INFO] pipeline: 
[3/6] Baixando demonstrações financeiras (CVM)...
2026-04-28 09:24:36,202 [INFO] pipeline.cvm: 
==================================================
2026-04-28 09:24:36,202 [INFO] pipeline.cvm: Baixando DFP 2020...
2026-04-28 09:24:36,202 [INFO] pipeline.cvm: Baixando: https://dados.cvm.gov.br/dados/CIA_ABERTA/DOC/DFP/DADOS/dfp_cia_aberta_2020.zip
2026-04-28 09:24:39,931 [INFO] pipeline.cvm:   DFP dre 2020: 70 linhas
2026-04-28 09:24:39,931 [INFO] pipeline.cvm: Baixando: https://dados.cvm.gov.br/dados/CIA_ABERTA/DOC/DFP/DADOS/dfp_cia_aberta_2020.zip
2026-04-28 09:24:45,028 [INFO] pipeline.cvm:   DFP bpa 2020: 130 linhas
2026-04-28 09:24:45,028 [INFO] pipeline.cvm: Baixando: https://dados.cvm.gov.br/dados/CIA_ABERTA/DOC/DFP/DADOS/dfp_cia_aberta_2020.zip
2026-04-28 09:24:51,534 [INFO] pipeline.cvm:   DFP bpp 2020: 246 linhas
2026-04-28 09:24:51,535 [INFO] pipeline.cvm: Baixando: https://dados.cvm.gov.br/dados/CIA_ABERTA/DOC/DFP/DADOS/dfp_cia_aberta_2020.zip
2026-04-28 09:24:55,763 [INFO] pipeline.cvm:   DFP dfc_mi 2020: 118 linhas
2026-04-28 09:24:55,763 [INFO] pipeline.cvm: Baixando: https://dados.cvm.gov.br/dados/CIA_ABERTA/DOC/DFP/DADOS/dfp_cia_aberta_2020.zip
2026-04-28 09:24:58,100 [WARNING] pipeline.cvm:   Empresa 25372 não encontrada em dfc_md 2020
2026-04-28 09:24:58,101 [INFO] pipeline.cvm: 
==================================================
2026-04-28 09:24:58,101 [INFO] pipeline.cvm: Baixando DFP 2021...
2026-04-28 09:24:58,101 [INFO] pipeline.cvm: Baixando: https://dados.cvm.gov.br/dados/CIA_ABERTA/DOC/DFP/DADOS/dfp_cia_aberta_2021.zip
2026-04-28 09:25:01,435 [WARNING] pipeline.cvm:   Empresa 25372 não encontrada em dre 2021
2026-04-28 09:25:01,436 [INFO] pipeline.cvm: Baixando: https://dados.cvm.gov.br/dados/CIA_ABERTA/DOC/DFP/DADOS/dfp_cia_aberta_2021.zip
2026-04-28 09:25:06,385 [WARNING] pipeline.cvm:   Empresa 25372 não encontrada em bpa 2021
2026-04-28 09:25:06,385 [INFO] pipeline.cvm: Baixando: https://dados.cvm.gov.br/dados/CIA_ABERTA/DOC/DFP/DADOS/dfp_cia_aberta_2021.zip
2026-04-28 09:25:13,795 [WARNING] pipeline.cvm:   Empresa 25372 não encontrada em bpp 2021
2026-04-28 09:25:13,796 [INFO] pipeline.cvm: Baixando: https://dados.cvm.gov.br/dados/CIA_ABERTA/DOC/DFP/DADOS/dfp_cia_aberta_2021.zip
2026-04-28 09:25:18,999 [WARNING] pipeline.cvm:   Empresa 25372 não encontrada em dfc_mi 2021
2026-04-28 09:25:18,999 [INFO] pipeline.cvm: Baixando: https://dados.cvm.gov.br/dados/CIA_ABERTA/DOC/DFP/DADOS/dfp_cia_aberta_2021.zip
2026-04-28 09:25:21,921 [WARNING] pipeline.cvm:   Empresa 25372 não encontrada em dfc_md 2021
2026-04-28 09:25:21,921 [INFO] pipeline.cvm: 
==================================================
2026-04-28 09:25:21,921 [INFO] pipeline.cvm: Baixando DFP 2022...
2026-04-28 09:25:21,922 [INFO] pipeline.cvm: Baixando: https://dados.cvm.gov.br/dados/CIA_ABERTA/DOC/DFP/DADOS/dfp_cia_aberta_2022.zip
2026-04-28 09:25:25,860 [WARNING] pipeline.cvm:   Empresa 25372 não encontrada em dre 2022
2026-04-28 09:25:25,861 [INFO] pipeline.cvm: Baixando: https://dados.cvm.gov.br/dados/CIA_ABERTA/DOC/DFP/DADOS/dfp_cia_aberta_2022.zip
2026-04-28 09:25:31,421 [WARNING] pipeline.cvm:   Empresa 25372 não encontrada em bpa 2022
2026-04-28 09:25:31,421 [INFO] pipeline.cvm: Baixando: https://dados.cvm.gov.br/dados/CIA_ABERTA/DOC/DFP/DADOS/dfp_cia_aberta_2022.zip
2026-04-28 09:25:39,411 [WARNING] pipeline.cvm:   Empresa 25372 não encontrada em bpp 2022
2026-04-28 09:25:39,411 [INFO] pipeline.cvm: Baixando: https://dados.cvm.gov.br/dados/CIA_ABERTA/DOC/DFP/DADOS/dfp_cia_aberta_2022.zip
2026-04-28 09:25:44,521 [WARNING] pipeline.cvm:   Empresa 25372 não encontrada em dfc_mi 2022
2026-04-28 09:25:44,522 [INFO] pipeline.cvm: Baixando: https://dados.cvm.gov.br/dados/CIA_ABERTA/DOC/DFP/DADOS/dfp_cia_aberta_2022.zip
2026-04-28 09:25:47,343 [WARNING] pipeline.cvm:   Empresa 25372 não encontrada em dfc_md 2022
2026-04-28 09:25:47,344 [INFO] pipeline.cvm: 
==================================================
2026-04-28 09:25:47,344 [INFO] pipeline.cvm: Baixando DFP 2023...
2026-04-28 09:25:47,344 [INFO] pipeline.cvm: Baixando: https://dados.cvm.gov.br/dados/CIA_ABERTA/DOC/DFP/DADOS/dfp_cia_aberta_2023.zip
2026-04-28 09:25:50,894 [WARNING] pipeline.cvm:   Empresa 25372 não encontrada em dre 2023
2026-04-28 09:25:50,894 [INFO] pipeline.cvm: Baixando: https://dados.cvm.gov.br/dados/CIA_ABERTA/DOC/DFP/DADOS/dfp_cia_aberta_2023.zip
2026-04-28 09:25:55,467 [WARNING] pipeline.cvm:   Empresa 25372 não encontrada em bpa 2023
2026-04-28 09:25:55,468 [INFO] pipeline.cvm: Baixando: https://dados.cvm.gov.br/dados/CIA_ABERTA/DOC/DFP/DADOS/dfp_cia_aberta_2023.zip
2026-04-28 09:26:01,716 [WARNING] pipeline.cvm:   Empresa 25372 não encontrada em bpp 2023
2026-04-28 09:26:01,716 [INFO] pipeline.cvm: Baixando: https://dados.cvm.gov.br/dados/CIA_ABERTA/DOC/DFP/DADOS/dfp_cia_aberta_2023.zip
2026-04-28 09:26:06,025 [WARNING] pipeline.cvm:   Empresa 25372 não encontrada em dfc_mi 2023
2026-04-28 09:26:06,026 [INFO] pipeline.cvm: Baixando: https://dados.cvm.gov.br/dados/CIA_ABERTA/DOC/DFP/DADOS/dfp_cia_aberta_2023.zip
2026-04-28 09:26:08,533 [WARNING] pipeline.cvm:   Empresa 25372 não encontrada em dfc_md 2023
2026-04-28 09:26:08,534 [INFO] pipeline.cvm: 
==================================================
2026-04-28 09:26:08,534 [INFO] pipeline.cvm: Baixando DFP 2024...
2026-04-28 09:26:08,534 [INFO] pipeline.cvm: Baixando: https://dados.cvm.gov.br/dados/CIA_ABERTA/DOC/DFP/DADOS/dfp_cia_aberta_2024.zip
2026-04-28 09:26:12,003 [WARNING] pipeline.cvm:   Empresa 25372 não encontrada em dre 2024
2026-04-28 09:26:12,003 [INFO] pipeline.cvm: Baixando: https://dados.cvm.gov.br/dados/CIA_ABERTA/DOC/DFP/DADOS/dfp_cia_aberta_2024.zip
2026-04-28 09:26:16,526 [WARNING] pipeline.cvm:   Empresa 25372 não encontrada em bpa 2024
2026-04-28 09:26:16,526 [INFO] pipeline.cvm: Baixando: https://dados.cvm.gov.br/dados/CIA_ABERTA/DOC/DFP/DADOS/dfp_cia_aberta_2024.zip
2026-04-28 09:26:22,280 [WARNING] pipeline.cvm:   Empresa 25372 não encontrada em bpp 2024
2026-04-28 09:26:22,280 [INFO] pipeline.cvm: Baixando: https://dados.cvm.gov.br/dados/CIA_ABERTA/DOC/DFP/DADOS/dfp_cia_aberta_2024.zip
2026-04-28 09:26:26,304 [WARNING] pipeline.cvm:   Empresa 25372 não encontrada em dfc_mi 2024
2026-04-28 09:26:26,304 [INFO] pipeline.cvm: Baixando: https://dados.cvm.gov.br/dados/CIA_ABERTA/DOC/DFP/DADOS/dfp_cia_aberta_2024.zip
2026-04-28 09:26:29,364 [WARNING] pipeline.cvm:   Empresa 25372 não encontrada em dfc_md 2024
2026-04-28 09:26:29,364 [INFO] pipeline.cvm: 
==================================================
2026-04-28 09:26:29,364 [INFO] pipeline.cvm: Baixando DFP 2025...
2026-04-28 09:26:29,364 [INFO] pipeline.cvm: Baixando: https://dados.cvm.gov.br/dados/CIA_ABERTA/DOC/DFP/DADOS/dfp_cia_aberta_2025.zip
2026-04-28 09:26:32,871 [WARNING] pipeline.cvm:   Empresa 25372 não encontrada em dre 2025
2026-04-28 09:26:32,871 [INFO] pipeline.cvm: Baixando: https://dados.cvm.gov.br/dados/CIA_ABERTA/DOC/DFP/DADOS/dfp_cia_aberta_2025.zip
2026-04-28 09:26:37,176 [WARNING] pipeline.cvm:   Empresa 25372 não encontrada em bpa 2025
2026-04-28 09:26:37,176 [INFO] pipeline.cvm: Baixando: https://dados.cvm.gov.br/dados/CIA_ABERTA/DOC/DFP/DADOS/dfp_cia_aberta_2025.zip
2026-04-28 09:26:43,313 [WARNING] pipeline.cvm:   Empresa 25372 não encontrada em bpp 2025
2026-04-28 09:26:43,313 [INFO] pipeline.cvm: Baixando: https://dados.cvm.gov.br/dados/CIA_ABERTA/DOC/DFP/DADOS/dfp_cia_aberta_2025.zip
2026-04-28 09:26:47,194 [WARNING] pipeline.cvm:   Empresa 25372 não encontrada em dfc_mi 2025
2026-04-28 09:26:47,195 [INFO] pipeline.cvm: Baixando: https://dados.cvm.gov.br/dados/CIA_ABERTA/DOC/DFP/DADOS/dfp_cia_aberta_2025.zip
2026-04-28 09:26:50,345 [WARNING] pipeline.cvm:   Empresa 25372 não encontrada em dfc_md 2025
2026-04-28 09:26:50,345 [INFO] pipeline:   DFP 2021 indisponível — tentando anualizar via ITR...
2026-04-28 09:26:50,345 [INFO] pipeline.cvm: 
==================================================
2026-04-28 09:26:50,345 [INFO] pipeline.cvm: Tentando anualizar 2021 via ITR (LTM)...
2026-04-28 09:26:50,345 [INFO] pipeline.cvm: Baixando: https://dados.cvm.gov.br/dados/CIA_ABERTA/DOC/ITR/DADOS/itr_cia_aberta_2021.zip
2026-04-28 09:27:01,997 [INFO] pipeline.cvm:   ITR dre 2021 Ttodos: 350 linhas
2026-04-28 09:27:01,998 [INFO] pipeline.cvm: Baixando: https://dados.cvm.gov.br/dados/CIA_ABERTA/DOC/ITR/DADOS/itr_cia_aberta_2021.zip
2026-04-28 09:27:18,363 [INFO] pipeline.cvm:   ITR bpa 2021 Ttodos: 390 linhas
2026-04-28 09:27:18,364 [INFO] pipeline.cvm: Baixando: https://dados.cvm.gov.br/dados/CIA_ABERTA/DOC/ITR/DADOS/itr_cia_aberta_2021.zip
2026-04-28 09:27:38,845 [INFO] pipeline.cvm:   ITR bpp 2021 Ttodos: 738 linhas
2026-04-28 09:27:38,846 [INFO] pipeline.cvm: Baixando: https://dados.cvm.gov.br/dados/CIA_ABERTA/DOC/ITR/DADOS/itr_cia_aberta_2021.zip
2026-04-28 09:27:49,674 [INFO] pipeline.cvm:   ITR dfc_mi 2021 Ttodos: 354 linhas
2026-04-28 09:27:49,674 [INFO] pipeline.cvm: Baixando: https://dados.cvm.gov.br/dados/CIA_ABERTA/DOC/ITR/DADOS/itr_cia_aberta_2021.zip
2026-04-28 09:27:55,537 [INFO] pipeline.cvm:   Último trimestre: 3T2021 (9 meses)
2026-04-28 09:27:55,538 [INFO] pipeline.cvm:   LTM = Acum 9m/2021 + (DFP 2020 - Acum 9m/2020)
2026-04-28 09:27:55,551 [INFO] pipeline.cvm:   LTM dre: 35 linhas
2026-04-28 09:27:55,566 [INFO] pipeline.cvm:   LTM dfc_mi: 59 linhas
2026-04-28 09:27:55,572 [INFO] pipeline.cvm:   Balanço bpa (posição 3T2021): 64 linhas
2026-04-28 09:27:55,579 [INFO] pipeline.cvm:   Balanço bpp (posição 3T2021): 123 linhas
2026-04-28 09:27:55,579 [INFO] pipeline.cvm:   Anualização 2021 concluída com sucesso (3T LTM)
2026-04-28 09:27:55,579 [INFO] pipeline:   ✓ 2021 anualizado via ITR (LTM)
2026-04-28 09:27:55,580 [INFO] pipeline:   DFP 2022 indisponível — tentando anualizar via ITR...
2026-04-28 09:27:55,580 [INFO] pipeline.cvm: 
==================================================
2026-04-28 09:27:55,580 [INFO] pipeline.cvm: Tentando anualizar 2022 via ITR (LTM)...
2026-04-28 09:27:55,580 [INFO] pipeline.cvm: Baixando: https://dados.cvm.gov.br/dados/CIA_ABERTA/DOC/ITR/DADOS/itr_cia_aberta_2022.zip
2026-04-28 09:28:06,426 [INFO] pipeline.cvm: Baixando: https://dados.cvm.gov.br/dados/CIA_ABERTA/DOC/ITR/DADOS/itr_cia_aberta_2022.zip
2026-04-28 09:28:17,105 [INFO] pipeline.cvm: Baixando: https://dados.cvm.gov.br/dados/CIA_ABERTA/DOC/ITR/DADOS/itr_cia_aberta_2022.zip
2026-04-28 09:28:32,687 [INFO] pipeline.cvm: Baixando: https://dados.cvm.gov.br/dados/CIA_ABERTA/DOC/ITR/DADOS/itr_cia_aberta_2022.zip
2026-04-28 09:28:42,720 [INFO] pipeline.cvm: Baixando: https://dados.cvm.gov.br/dados/CIA_ABERTA/DOC/ITR/DADOS/itr_cia_aberta_2022.zip
2026-04-28 09:28:47,649 [WARNING] pipeline.cvm:   ITR 2022 não disponível — não é possível anualizar
2026-04-28 09:28:47,649 [WARNING] pipeline:   DFP 2022 e ITR indisponíveis — removido do histórico
2026-04-28 09:28:47,649 [INFO] pipeline:   DFP 2023 indisponível — tentando anualizar via ITR...
2026-04-28 09:28:47,649 [INFO] pipeline.cvm: 
==================================================
2026-04-28 09:28:47,649 [INFO] pipeline.cvm: Tentando anualizar 2023 via ITR (LTM)...
2026-04-28 09:28:47,649 [INFO] pipeline.cvm: Baixando: https://dados.cvm.gov.br/dados/CIA_ABERTA/DOC/ITR/DADOS/itr_cia_aberta_2023.zip
2026-04-28 09:28:58,680 [INFO] pipeline.cvm: Baixando: https://dados.cvm.gov.br/dados/CIA_ABERTA/DOC/ITR/DADOS/itr_cia_aberta_2023.zip
2026-04-28 09:29:12,838 [INFO] pipeline.cvm: Baixando: https://dados.cvm.gov.br/dados/CIA_ABERTA/DOC/ITR/DADOS/itr_cia_aberta_2023.zip
2026-04-28 09:29:31,674 [INFO] pipeline.cvm: Baixando: https://dados.cvm.gov.br/dados/CIA_ABERTA/DOC/ITR/DADOS/itr_cia_aberta_2023.zip
2026-04-28 09:29:42,883 [INFO] pipeline.cvm: Baixando: https://dados.cvm.gov.br/dados/CIA_ABERTA/DOC/ITR/DADOS/itr_cia_aberta_2023.zip
2026-04-28 09:29:49,434 [WARNING] pipeline.cvm:   ITR 2023 não disponível — não é possível anualizar
2026-04-28 09:29:49,435 [WARNING] pipeline:   DFP 2023 e ITR indisponíveis — removido do histórico
2026-04-28 09:29:49,435 [INFO] pipeline:   DFP 2024 indisponível — tentando anualizar via ITR...
2026-04-28 09:29:49,435 [INFO] pipeline.cvm: 
==================================================
2026-04-28 09:29:49,435 [INFO] pipeline.cvm: Tentando anualizar 2024 via ITR (LTM)...
2026-04-28 09:29:49,435 [INFO] pipeline.cvm: Baixando: https://dados.cvm.gov.br/dados/CIA_ABERTA/DOC/ITR/DADOS/itr_cia_aberta_2024.zip
2026-04-28 09:30:00,474 [INFO] pipeline.cvm: Baixando: https://dados.cvm.gov.br/dados/CIA_ABERTA/DOC/ITR/DADOS/itr_cia_aberta_2024.zip
2026-04-28 09:30:17,374 [INFO] pipeline.cvm: Baixando: https://dados.cvm.gov.br/dados/CIA_ABERTA/DOC/ITR/DADOS/itr_cia_aberta_2024.zip
2026-04-28 09:30:45,860 [INFO] pipeline.cvm: Baixando: https://dados.cvm.gov.br/dados/CIA_ABERTA/DOC/ITR/DADOS/itr_cia_aberta_2024.zip
2026-04-28 09:30:58,534 [INFO] pipeline.cvm: Baixando: https://dados.cvm.gov.br/dados/CIA_ABERTA/DOC/ITR/DADOS/itr_cia_aberta_2024.zip
2026-04-28 09:31:04,212 [WARNING] pipeline.cvm:   ITR 2024 não disponível — não é possível anualizar
2026-04-28 09:31:04,212 [WARNING] pipeline:   DFP 2024 e ITR indisponíveis — removido do histórico
2026-04-28 09:31:04,212 [INFO] pipeline:   DFP 2025 indisponível — tentando anualizar via ITR...
2026-04-28 09:31:04,213 [INFO] pipeline.cvm: 
==================================================
2026-04-28 09:31:04,213 [INFO] pipeline.cvm: Tentando anualizar 2025 via ITR (LTM)...
2026-04-28 09:31:04,213 [INFO] pipeline.cvm: Baixando: https://dados.cvm.gov.br/dados/CIA_ABERTA/DOC/ITR/DADOS/itr_cia_aberta_2025.zip
2026-04-28 09:31:16,339 [INFO] pipeline.cvm: Baixando: https://dados.cvm.gov.br/dados/CIA_ABERTA/DOC/ITR/DADOS/itr_cia_aberta_2025.zip
2026-04-28 09:31:30,576 [INFO] pipeline.cvm: Baixando: https://dados.cvm.gov.br/dados/CIA_ABERTA/DOC/ITR/DADOS/itr_cia_aberta_2025.zip
2026-04-28 09:31:54,254 [INFO] pipeline.cvm: Baixando: https://dados.cvm.gov.br/dados/CIA_ABERTA/DOC/ITR/DADOS/itr_cia_aberta_2025.zip
2026-04-28 09:32:07,732 [INFO] pipeline.cvm: Baixando: https://dados.cvm.gov.br/dados/CIA_ABERTA/DOC/ITR/DADOS/itr_cia_aberta_2025.zip
2026-04-28 09:32:15,871 [WARNING] pipeline.cvm:   ITR 2025 não disponível — não é possível anualizar
2026-04-28 09:32:15,871 [WARNING] pipeline:   DFP 2025 e ITR indisponíveis — removido do histórico
2026-04-28 09:32:15,872 [INFO] pipeline:   Anos ajustados → Histórico: 2020-2021 | Projeção: 2022-2031
2026-04-28 09:32:15,872 [INFO] pipeline: 
[4/6] Normalizando dados...
2026-04-28 09:32:16,420 [INFO] pipeline:   DFC normalizada: 11 linhas
2026-04-28 09:32:16,422 [INFO] pipeline:   DRE normalizada:
2026-04-28 09:32:16,422 [INFO] pipeline:     receita_liquida: 2020: 36,043 | 2021: 33,094
2026-04-28 09:32:16,422 [INFO] pipeline:     ebit: 2020: 2,068 | 2021: 2,304
2026-04-28 09:32:16,422 [INFO] pipeline:     lucro_liquido: 2020: 1,398 | 2021: 1,418
2026-04-28 09:32:16,422 [INFO] pipeline: 
[5/6] Calculando projeções...
2026-04-28 09:32:16,423 [INFO] pipeline.projecoes: 
=== Projeções (não-financeira / FCFF) ===
2026-04-28 09:32:16,424 [INFO] pipeline.projecoes:   Margem EBITDA: 9.0% → 8.0% (conv 6a)
2026-04-28 09:32:16,425 [INFO] pipeline.projecoes:   D&A/Receita: 1.9%
2026-04-28 09:32:16,425 [INFO] pipeline.projecoes:   CAPEX/Receita: 5.0% → 6.0%
2026-04-28 09:32:16,426 [INFO] pipeline.projecoes:   NCG/Receita: -2.3% → 4.0%
2026-04-28 09:32:16,428 [INFO] pipeline.projecoes:   Alíquota efetiva: 28.0%
2026-04-28 09:32:16,428 [INFO] pipeline.projecoes: Projeções concluídas (FCFF). Resumo:
2026-04-28 09:32:16,428 [INFO] pipeline.projecoes:    Ano      Receita     EBITDA    Mg%      NOPAT       FCFF
2026-04-28 09:32:16,428 [INFO] pipeline.projecoes:   2022       35,604      3,148   8.8%      1,782        476
2026-04-28 09:32:16,429 [INFO] pipeline.projecoes:   2023       38,155      3,309   8.7%      1,864         71
2026-04-28 09:32:16,429 [INFO] pipeline.projecoes:   2024       40,731      3,464   8.5%      1,940        -88
2026-04-28 09:32:16,429 [INFO] pipeline.projecoes:   2025       43,310      3,611   8.3%      2,010       -264
2026-04-28 09:32:16,429 [INFO] pipeline.projecoes:   2026       45,873      3,747   8.2%      2,074       -455
2026-04-28 09:32:16,429 [INFO] pipeline.valuation:   Estrutura de capital: E=71% | D=29%
2026-04-28 09:32:16,429 [INFO] pipeline: 
[6/6] Calculando valuation (FCFF / WACC)...
2026-04-28 09:32:16,429 [WARNING] pipeline.valuation: TIR < g (5.5%) — cotação acima do valor intrínseco (DCF)
2026-04-28 09:32:16,429 [WARNING] pipeline.valuation: TIR < g (5.5%) — cotação acima do valor intrínseco (DCF)
2026-04-28 09:32:16,430 [INFO] pipeline.valuation: 
==================================================
2026-04-28 09:32:16,430 [INFO] pipeline.valuation: VALUATION FCFF/WACC — ASAI3
2026-04-28 09:32:16,430 [INFO] pipeline.valuation:   VP FCFF (10a):     R$           90 MM
2026-04-28 09:32:16,430 [INFO] pipeline.valuation:   Valor Perp. (VP):  R$          435 MM
2026-04-28 09:32:16,430 [INFO] pipeline.valuation:   ENTERPRISE VALUE:  R$          525 MM
2026-04-28 09:32:16,430 [INFO] pipeline.valuation:   (-) Dívida Líq.:   R$        5,282 MM
2026-04-28 09:32:16,430 [INFO] pipeline.valuation:   VALOR DO EQUITY:   R$       -4,757 MM
2026-04-28 09:32:16,430 [INFO] pipeline.valuation:   Preço Justo ON:    R$    -3.55
2026-04-28 09:32:16,430 [INFO] pipeline.valuation:   Preço Justo PN:    R$    -3.55
2026-04-28 09:32:16,430 [INFO] pipeline.valuation:   Cotação ON:        R$     9.58
2026-04-28 09:32:16,430 [INFO] pipeline.valuation:   Upside ON:             -137.1%
2026-04-28 09:32:16,430 [INFO] pipeline.valuation:   TIR (ON):                 6.0%
2026-04-28 09:32:16,430 [INFO] pipeline.valuation:   WACC último ano:          9.7%
2026-04-28 09:32:16,431 [WARNING] pipeline: 
[!] AVISOS DE VALIDACAO:
2026-04-28 09:32:16,431 [WARNING] pipeline:   - Valor do Equity negativo ou zero: R$ -4,757 MM
2026-04-28 09:32:16,431 [WARNING] pipeline:   - Preço Justo ON inválido (≤ 0)
2026-04-28 09:32:16,432 [INFO] pipeline:   Sem template VAROS para ASAI3 — Excel será criado do zero
2026-04-28 09:32:16,432 [INFO] pipeline.excel_geral: 
============================================================
2026-04-28 09:32:16,432 [INFO] pipeline.excel_geral: Criando Excel completo (12 abas) para: Assaí Atacadista (ASAI3)
2026-04-28 09:32:16,434 [INFO] pipeline.excel_geral:   → 1/12  Dashboard
2026-04-28 09:32:16,445 [INFO] pipeline.excel_geral:   → 2/12  WACC
2026-04-28 09:32:16,478 [INFO] pipeline.excel_geral:   → 3/12  TIR ON
2026-04-28 09:32:16,493 [INFO] pipeline.excel_geral:   → 4/12  TIR PN
2026-04-28 09:32:16,505 [INFO] pipeline.excel_geral:   → 5/12  Valor do Equity
2026-04-28 09:32:16,510 [INFO] pipeline.excel_geral:   → 6/12  Preço Teto
2026-04-28 09:32:16,516 [INFO] pipeline.excel_geral:   → 7/12  DRE + DCF
2026-04-28 09:32:16,601 [INFO] pipeline.excel_geral:   → 8/12  DRE Contas Abertas
2026-04-28 09:32:16,638 [INFO] pipeline.excel_geral:   → 9/12  Balanço Patrimonial
2026-04-28 09:32:16,659 [INFO] pipeline.excel_geral:   → 10/12 Painel de Índices
2026-04-28 09:32:16,691 [INFO] pipeline.excel_geral:   → 11/12 Projeções Premissas
2026-04-28 09:32:16,717 [INFO] pipeline.excel_geral:   → 12/12 Projeções Capex e CG
2026-04-28 09:32:16,810 [INFO] pipeline.excel_geral: 
Arquivo salvo: C:\Users\55819\OneDrive - EPEJUD\DIEGO\OBSIDIAN\Analista de Investimentos\12_PYTHON\pipeline banco completo\outputs\Valuation_ASAI3_Assaí Atacadista_20260428.xlsx
2026-04-28 09:32:16,810 [INFO] pipeline: 
======================================================================
2026-04-28 09:32:16,811 [INFO] pipeline: RESUMO DO VALUATION (FCFF/WACC)
2026-04-28 09:32:16,811 [INFO] pipeline: ======================================================================
2026-04-28 09:32:16,811 [INFO] pipeline:   Empresa:           Assaí Atacadista (ASAI3)
2026-04-28 09:32:16,811 [INFO] pipeline:   Enterprise Value:  R$          525 MM
2026-04-28 09:32:16,811 [INFO] pipeline:   Cotação ON:        R$ 9.58
2026-04-28 09:32:16,811 [INFO] pipeline:   Preço Justo ON:    R$ -3.55
2026-04-28 09:32:16,811 [INFO] pipeline:   Upside ON:            -137.1%
2026-04-28 09:32:16,811 [INFO] pipeline:   TIR:                  6.0%
2026-04-28 09:32:16,811 [INFO] pipeline:   Preço Teto ON:     R$ -3.55
2026-04-28 09:32:16,811 [INFO] pipeline: 
  [!] 2 aviso(s) de validacao — verifique os logs
2026-04-28 09:32:16,812 [INFO] pipeline: 
  Arquivo gerado:    C:\Users\55819\OneDrive - EPEJUD\DIEGO\OBSIDIAN\Analista de Investimentos\12_PYTHON\pipeline banco completo\outputs\Valuation_ASAI3_Assaí Atacadista_20260428.xlsx
2026-04-28 09:32:16,812 [INFO] pipeline: ======================================================================
2026-04-28 09:32:16,815 [INFO] pipeline: ✓ ASAI3: arquivo gerado → C:\Users\55819\OneDrive - EPEJUD\DIEGO\OBSIDIAN\Analista de Investimentos\12_PYTHON\pipeline banco completo\outputs\Valuation_ASAI3_Assaí Atacadista_20260428.xlsx
2026-04-28 09:32:16,815 [INFO] pipeline: 
──────────────────────────────────────────────────────────────────────
2026-04-28 09:32:16,815 [INFO] pipeline: Processando: PCAR3 (GPA (Pão de Açúcar))
2026-04-28 09:32:16,815 [INFO] pipeline: ──────────────────────────────────────────────────────────────────────
2026-04-28 09:32:16,815 [INFO] pipeline: ======================================================================
2026-04-28 09:32:16,815 [INFO] pipeline: PIPELINE DE VALUATION [CONSUMO_VAREJO] — PCAR3 — GPA (Pão de Açúcar)
2026-04-28 09:32:16,816 [INFO] pipeline: Início: 2026-04-28 09:32:16
2026-04-28 09:32:16,816 [INFO] pipeline:   Setor: consumo_varejo | Motor: WACC
2026-04-28 09:32:16,816 [INFO] pipeline: ======================================================================
2026-04-28 09:32:16,816 [INFO] pipeline: 
[1/6] Coletando dados de mercado...
2026-04-28 09:32:16,816 [INFO] pipeline:   Buscando cotação via yfinance...
2026-04-28 09:32:16,816 [INFO] pipeline.mercado: Buscando cotação atual: PCAR3.SA
2026-04-28 09:32:18,194 [INFO] pipeline:   Cotação ON: R$ 2.34  |  Cotação PN: R$ 0.00
2026-04-28 09:32:18,324 [INFO] pipeline.mercado: Calculando beta: PCAR3 (252 dias úteis)
2026-04-28 09:32:18,324 [INFO] pipeline.mercado: Baixando preços: PCAR3.SA (2019-01-01 → 2026-04-28)
2026-04-28 09:32:19,377 [INFO] pipeline.mercado:   1820 dias de preços carregados
2026-04-28 09:32:19,377 [INFO] pipeline.mercado: Baixando preços: ^BVSP (2019-01-01 → 2026-04-28)
2026-04-28 09:32:19,420 [INFO] pipeline.mercado:   1820 dias de preços carregados
2026-04-28 09:32:19,425 [INFO] pipeline.mercado:   Beta estatístico: 1.1286 | R²: 0.080 | n=251
2026-04-28 09:32:19,427 [INFO] pipeline:   Beta estatístico: 1.129 | Beta utilizado: 0.850
2026-04-28 09:32:19,427 [INFO] pipeline: 
[2/6] Coletando dados macroeconômicos (BCB)...
2026-04-28 09:32:19,727 [WARNING] pipeline.macro: Não foi possível obter Focus Selic: 400 Client Error: Bad Request for url: https://olinda.bcb.gov.br/olinda/servico/Expectativas/versao/v1/odata/ExpectativasMercadoAnuais?%24filter=Indicador%20eq%20'Selic'&%24top=100&%24format=json&%24select=Indicador,Data,Ano,Mediana
2026-04-28 09:32:19,999 [WARNING] pipeline.macro: Não foi possível obter Focus IPCA: 400 Client Error: Bad Request for url: https://olinda.bcb.gov.br/olinda/servico/Expectativas/versao/v1/odata/ExpectativasMercadoAnuais?%24filter=Indicador%20eq%20'IPCA'&%24top=100&%24format=json&%24select=Indicador,Data,Ano,Mediana
2026-04-28 09:32:20,001 [INFO] pipeline.macro: 
=== Coletando dados macroeconômicos ===
2026-04-28 09:32:20,001 [INFO] pipeline.macro: Baixando série BCB 432...
2026-04-28 09:32:20,332 [ERROR] pipeline.macro: Erro ao baixar série BCB 432: 406 Client Error: Not Acceptable for url: https://api.bcb.gov.br/dados/serie/bcdata.sgs.432/dados?formato=json&dataInicial=01%2F01%2F2010&dataFinal=28%2F04%2F2026
2026-04-28 09:32:20,333 [WARNING] pipeline.macro: Série Selic meta sem DatetimeIndex — usando fallback histórico
2026-04-28 09:32:20,333 [INFO] pipeline.macro: Baixando série BCB 12...
2026-04-28 09:32:20,475 [ERROR] pipeline.macro: Erro ao baixar série BCB 12: 406 Client Error: Not Acceptable for url: https://api.bcb.gov.br/dados/serie/bcdata.sgs.12/dados?formato=json&dataInicial=01%2F01%2F2010&dataFinal=28%2F04%2F2026
2026-04-28 09:32:20,475 [WARNING] pipeline.macro: Série DI sem DatetimeIndex — usando fallback histórico
2026-04-28 09:32:20,475 [INFO] pipeline.macro: Baixando série BCB 13522...
2026-04-28 09:32:21,149 [INFO] pipeline.macro:   Série 13522: 195 observações (2010-01-01 → 2026-03-01)
2026-04-28 09:32:21,149 [WARNING] pipeline.macro: IPCA calculado fora do intervalo plausível (46.1%) para 2020 — usando fallback
2026-04-28 09:32:21,150 [WARNING] pipeline.macro: IPCA calculado fora do intervalo plausível (159.3%) para 2021 — usando fallback
2026-04-28 09:32:21,151 [WARNING] pipeline.macro: IPCA calculado fora do intervalo plausível (191.2%) para 2022 — usando fallback
2026-04-28 09:32:21,151 [WARNING] pipeline.macro: IPCA calculado fora do intervalo plausível (71.5%) para 2023 — usando fallback
2026-04-28 09:32:21,152 [WARNING] pipeline.macro: IPCA calculado fora do intervalo plausível (67.0%) para 2024 — usando fallback
2026-04-28 09:32:21,152 [WARNING] pipeline.macro: IPCA calculado fora do intervalo plausível (80.0%) para 2025 — usando fallback
2026-04-28 09:32:21,152 [INFO] pipeline.macro: Baixando série BCB 258...
2026-04-28 09:32:21,249 [ERROR] pipeline.macro: Erro ao baixar série BCB 258: 406 Client Error: Not Acceptable for url: https://api.bcb.gov.br/dados/serie/bcdata.sgs.258/dados?formato=json&dataInicial=01%2F01%2F2010&dataFinal=28%2F04%2F2026
2026-04-28 09:32:21,249 [WARNING] pipeline.macro: Série TJLP sem DatetimeIndex — usando fallback histórico
2026-04-28 09:32:21,249 [INFO] pipeline.macro: Baixando série BCB 29039...
2026-04-28 09:32:22,005 [INFO] pipeline.macro:   Série 29039: 195 observações (2010-01-01 → 2026-03-01)
2026-04-28 09:32:22,008 [INFO] pipeline.macro: Baixando série BCB 13522...
2026-04-28 09:32:22,118 [INFO] pipeline.macro:   Série 13522: 195 observações (2010-01-01 → 2026-03-01)
2026-04-28 09:32:22,119 [WARNING] pipeline.macro: IPCA calculado fora do intervalo plausível (46.1%) para 2020 — usando fallback
2026-04-28 09:32:22,119 [WARNING] pipeline.macro: IPCA calculado fora do intervalo plausível (159.3%) para 2021 — usando fallback
2026-04-28 09:32:22,120 [WARNING] pipeline.macro: IPCA calculado fora do intervalo plausível (191.2%) para 2022 — usando fallback
2026-04-28 09:32:22,120 [WARNING] pipeline.macro: IPCA calculado fora do intervalo plausível (71.5%) para 2023 — usando fallback
2026-04-28 09:32:22,120 [WARNING] pipeline.macro: IPCA calculado fora do intervalo plausível (67.0%) para 2024 — usando fallback
2026-04-28 09:32:22,121 [WARNING] pipeline.macro: IPCA calculado fora do intervalo plausível (80.0%) para 2025 — usando fallback
2026-04-28 09:32:22,121 [INFO] pipeline.macro: 
RESUMO MACRO HISTÓRICO:
2026-04-28 09:32:22,121 [INFO] pipeline.macro:   selic_meta     : 2021: 9.25% | 2022: 13.75% | 2023: 11.75% | 2024: 11.75% | 2025: 10.00%
2026-04-28 09:32:22,121 [INFO] pipeline.macro:   selic_efet     : 2021: 4.48% | 2022: 12.33% | 2023: 13.15% | 2024: 10.73% | 2025: 10.50%
2026-04-28 09:32:22,121 [INFO] pipeline.macro:   ipca           : 2021: 10.06% | 2022: 5.62% | 2023: 4.62% | 2024: 4.83% | 2025: 4.50%
2026-04-28 09:32:22,121 [INFO] pipeline.macro:   tjlp           : 2021: 5.25% | 2022: 6.25% | 2023: 7.00% | 2024: 7.00% | 2025: 6.50%
2026-04-28 09:32:22,121 [INFO] pipeline.macro:   cds            : 2021: 0.73% | 2022: 1.26% | 2023: 0.84% | 2024: 0.81% | 2025: 0.76%
2026-04-28 09:32:22,121 [INFO] pipeline.macro:   inflacao_impl  : 2021: 10.06% | 2022: 5.62% | 2023: 4.62% | 2024: 4.83% | 2025: 4.50%
2026-04-28 09:32:22,121 [INFO] pipeline: 
[3/6] Baixando demonstrações financeiras (CVM)...
2026-04-28 09:32:22,122 [INFO] pipeline.cvm: 
==================================================
2026-04-28 09:32:22,122 [INFO] pipeline.cvm: Baixando DFP 2020...
2026-04-28 09:32:22,122 [INFO] pipeline.cvm: Baixando: https://dados.cvm.gov.br/dados/CIA_ABERTA/DOC/DFP/DADOS/dfp_cia_aberta_2020.zip
2026-04-28 09:32:25,627 [INFO] pipeline.cvm:   DFP dre 2020: 70 linhas
2026-04-28 09:32:25,627 [INFO] pipeline.cvm: Baixando: https://dados.cvm.gov.br/dados/CIA_ABERTA/DOC/DFP/DADOS/dfp_cia_aberta_2020.zip
2026-04-28 09:32:29,572 [INFO] pipeline.cvm:   DFP bpa 2020: 130 linhas
2026-04-28 09:32:29,572 [INFO] pipeline.cvm: Baixando: https://dados.cvm.gov.br/dados/CIA_ABERTA/DOC/DFP/DADOS/dfp_cia_aberta_2020.zip
2026-04-28 09:32:36,008 [INFO] pipeline.cvm:   DFP bpp 2020: 246 linhas
2026-04-28 09:32:36,008 [INFO] pipeline.cvm: Baixando: https://dados.cvm.gov.br/dados/CIA_ABERTA/DOC/DFP/DADOS/dfp_cia_aberta_2020.zip
2026-04-28 09:32:40,025 [INFO] pipeline.cvm:   DFP dfc_mi 2020: 122 linhas
2026-04-28 09:32:40,026 [INFO] pipeline.cvm: Baixando: https://dados.cvm.gov.br/dados/CIA_ABERTA/DOC/DFP/DADOS/dfp_cia_aberta_2020.zip
2026-04-28 09:32:42,792 [WARNING] pipeline.cvm:   Empresa 14826 não encontrada em dfc_md 2020
2026-04-28 09:32:42,792 [INFO] pipeline.cvm: 
==================================================
2026-04-28 09:32:42,792 [INFO] pipeline.cvm: Baixando DFP 2021...
2026-04-28 09:32:42,792 [INFO] pipeline.cvm: Baixando: https://dados.cvm.gov.br/dados/CIA_ABERTA/DOC/DFP/DADOS/dfp_cia_aberta_2021.zip
2026-04-28 09:32:47,471 [INFO] pipeline.cvm:   DFP dre 2021: 70 linhas
2026-04-28 09:32:47,471 [INFO] pipeline.cvm: Baixando: https://dados.cvm.gov.br/dados/CIA_ABERTA/DOC/DFP/DADOS/dfp_cia_aberta_2021.zip
2026-04-28 09:32:53,170 [INFO] pipeline.cvm:   DFP bpa 2021: 130 linhas
2026-04-28 09:32:53,171 [INFO] pipeline.cvm: Baixando: https://dados.cvm.gov.br/dados/CIA_ABERTA/DOC/DFP/DADOS/dfp_cia_aberta_2021.zip
2026-04-28 09:32:59,815 [INFO] pipeline.cvm:   DFP bpp 2021: 246 linhas
2026-04-28 09:32:59,815 [INFO] pipeline.cvm: Baixando: https://dados.cvm.gov.br/dados/CIA_ABERTA/DOC/DFP/DADOS/dfp_cia_aberta_2021.zip
2026-04-28 09:33:06,479 [INFO] pipeline.cvm:   DFP dfc_mi 2021: 124 linhas
2026-04-28 09:33:06,479 [INFO] pipeline.cvm: Baixando: https://dados.cvm.gov.br/dados/CIA_ABERTA/DOC/DFP/DADOS/dfp_cia_aberta_2021.zip
2026-04-28 09:33:10,187 [WARNING] pipeline.cvm:   Empresa 14826 não encontrada em dfc_md 2021
2026-04-28 09:33:10,187 [INFO] pipeline.cvm: 
==================================================
2026-04-28 09:33:10,187 [INFO] pipeline.cvm: Baixando DFP 2022...
2026-04-28 09:33:10,187 [INFO] pipeline.cvm: Baixando: https://dados.cvm.gov.br/dados/CIA_ABERTA/DOC/DFP/DADOS/dfp_cia_aberta_2022.zip
2026-04-28 09:33:14,649 [INFO] pipeline.cvm:   DFP dre 2022: 70 linhas
2026-04-28 09:33:14,649 [INFO] pipeline.cvm: Baixando: https://dados.cvm.gov.br/dados/CIA_ABERTA/DOC/DFP/DADOS/dfp_cia_aberta_2022.zip
2026-04-28 09:33:20,132 [INFO] pipeline.cvm:   DFP bpa 2022: 132 linhas
2026-04-28 09:33:20,132 [INFO] pipeline.cvm: Baixando: https://dados.cvm.gov.br/dados/CIA_ABERTA/DOC/DFP/DADOS/dfp_cia_aberta_2022.zip
2026-04-28 09:33:27,638 [INFO] pipeline.cvm:   DFP bpp 2022: 250 linhas
2026-04-28 09:33:27,638 [INFO] pipeline.cvm: Baixando: https://dados.cvm.gov.br/dados/CIA_ABERTA/DOC/DFP/DADOS/dfp_cia_aberta_2022.zip
2026-04-28 09:33:32,140 [INFO] pipeline.cvm:   DFP dfc_mi 2022: 124 linhas
2026-04-28 09:33:32,140 [INFO] pipeline.cvm: Baixando: https://dados.cvm.gov.br/dados/CIA_ABERTA/DOC/DFP/DADOS/dfp_cia_aberta_2022.zip
2026-04-28 09:33:35,034 [WARNING] pipeline.cvm:   Empresa 14826 não encontrada em dfc_md 2022
2026-04-28 09:33:35,034 [INFO] pipeline.cvm: 
==================================================
2026-04-28 09:33:35,034 [INFO] pipeline.cvm: Baixando DFP 2023...
2026-04-28 09:33:35,035 [INFO] pipeline.cvm: Baixando: https://dados.cvm.gov.br/dados/CIA_ABERTA/DOC/DFP/DADOS/dfp_cia_aberta_2023.zip
2026-04-28 09:33:39,387 [INFO] pipeline.cvm:   DFP dre 2023: 70 linhas
2026-04-28 09:33:39,387 [INFO] pipeline.cvm: Baixando: https://dados.cvm.gov.br/dados/CIA_ABERTA/DOC/DFP/DADOS/dfp_cia_aberta_2023.zip
2026-04-28 09:33:45,007 [INFO] pipeline.cvm:   DFP bpa 2023: 134 linhas
2026-04-28 09:33:45,007 [INFO] pipeline.cvm: Baixando: https://dados.cvm.gov.br/dados/CIA_ABERTA/DOC/DFP/DADOS/dfp_cia_aberta_2023.zip
2026-04-28 09:33:51,524 [INFO] pipeline.cvm:   DFP bpp 2023: 254 linhas
2026-04-28 09:33:51,524 [INFO] pipeline.cvm: Baixando: https://dados.cvm.gov.br/dados/CIA_ABERTA/DOC/DFP/DADOS/dfp_cia_aberta_2023.zip
2026-04-28 09:33:56,603 [INFO] pipeline.cvm:   DFP dfc_mi 2023: 126 linhas
2026-04-28 09:33:56,603 [INFO] pipeline.cvm: Baixando: https://dados.cvm.gov.br/dados/CIA_ABERTA/DOC/DFP/DADOS/dfp_cia_aberta_2023.zip
2026-04-28 09:33:59,184 [WARNING] pipeline.cvm:   Empresa 14826 não encontrada em dfc_md 2023
2026-04-28 09:33:59,184 [INFO] pipeline.cvm: 
==================================================
2026-04-28 09:33:59,184 [INFO] pipeline.cvm: Baixando DFP 2024...
2026-04-28 09:33:59,184 [INFO] pipeline.cvm: Baixando: https://dados.cvm.gov.br/dados/CIA_ABERTA/DOC/DFP/DADOS/dfp_cia_aberta_2024.zip
2026-04-28 09:34:03,345 [INFO] pipeline.cvm:   DFP dre 2024: 70 linhas
2026-04-28 09:34:03,345 [INFO] pipeline.cvm: Baixando: https://dados.cvm.gov.br/dados/CIA_ABERTA/DOC/DFP/DADOS/dfp_cia_aberta_2024.zip
2026-04-28 09:34:11,849 [INFO] pipeline.cvm:   DFP bpa 2024: 134 linhas
2026-04-28 09:34:11,850 [INFO] pipeline.cvm: Baixando: https://dados.cvm.gov.br/dados/CIA_ABERTA/DOC/DFP/DADOS/dfp_cia_aberta_2024.zip
2026-04-28 09:34:20,621 [INFO] pipeline.cvm:   DFP bpp 2024: 254 linhas
2026-04-28 09:34:20,621 [INFO] pipeline.cvm: Baixando: https://dados.cvm.gov.br/dados/CIA_ABERTA/DOC/DFP/DADOS/dfp_cia_aberta_2024.zip
2026-04-28 09:34:28,289 [INFO] pipeline.cvm:   DFP dfc_mi 2024: 128 linhas
2026-04-28 09:34:28,289 [INFO] pipeline.cvm: Baixando: https://dados.cvm.gov.br/dados/CIA_ABERTA/DOC/DFP/DADOS/dfp_cia_aberta_2024.zip
2026-04-28 09:34:33,392 [WARNING] pipeline.cvm:   Empresa 14826 não encontrada em dfc_md 2024
2026-04-28 09:34:33,392 [INFO] pipeline.cvm: 
==================================================
2026-04-28 09:34:33,392 [INFO] pipeline.cvm: Baixando DFP 2025...
2026-04-28 09:34:33,392 [INFO] pipeline.cvm: Baixando: https://dados.cvm.gov.br/dados/CIA_ABERTA/DOC/DFP/DADOS/dfp_cia_aberta_2025.zip
2026-04-28 09:34:38,517 [INFO] pipeline.cvm:   DFP dre 2025: 70 linhas
2026-04-28 09:34:38,518 [INFO] pipeline.cvm: Baixando: https://dados.cvm.gov.br/dados/CIA_ABERTA/DOC/DFP/DADOS/dfp_cia_aberta_2025.zip
2026-04-28 09:34:44,087 [INFO] pipeline.cvm:   DFP bpa 2025: 134 linhas
2026-04-28 09:34:44,087 [INFO] pipeline.cvm: Baixando: https://dados.cvm.gov.br/dados/CIA_ABERTA/DOC/DFP/DADOS/dfp_cia_aberta_2025.zip
2026-04-28 09:34:50,911 [INFO] pipeline.cvm:   DFP bpp 2025: 254 linhas
2026-04-28 09:34:50,911 [INFO] pipeline.cvm: Baixando: https://dados.cvm.gov.br/dados/CIA_ABERTA/DOC/DFP/DADOS/dfp_cia_aberta_2025.zip
2026-04-28 09:34:55,738 [INFO] pipeline.cvm:   DFP dfc_mi 2025: 130 linhas
2026-04-28 09:34:55,738 [INFO] pipeline.cvm: Baixando: https://dados.cvm.gov.br/dados/CIA_ABERTA/DOC/DFP/DADOS/dfp_cia_aberta_2025.zip
2026-04-28 09:35:01,554 [WARNING] pipeline.cvm:   Empresa 14826 não encontrada em dfc_md 2025
2026-04-28 09:35:01,554 [INFO] pipeline: 
[4/6] Normalizando dados...
2026-04-28 09:35:03,586 [INFO] pipeline:   DFC normalizada: 11 linhas
2026-04-28 09:35:03,591 [INFO] pipeline:   DRE normalizada:
2026-04-28 09:35:03,591 [INFO] pipeline:     receita_liquida: 2020: 51,253 | 2021: 51,291 | 2022: 17,321 | 2023: 19,250 | 2024: 18,790 | 2025: 19,113
2026-04-28 09:35:03,591 [INFO] pipeline:     ebit: 2020: 2,629 | 2021: 1,690 | 2022: -565 | 2023: 677 | 2024: -436 | 2025: -169
2026-04-28 09:35:03,592 [INFO] pipeline:     lucro_liquido: 2020: 2,179 | 2021: 802 | 2022: -172 | 2023: -2,271 | 2024: -2,407 | 2025: -824
2026-04-28 09:35:03,592 [INFO] pipeline: 
[5/6] Calculando projeções...
2026-04-28 09:35:03,593 [INFO] pipeline.projecoes: 
=== Projeções (não-financeira / FCFF) ===
2026-04-28 09:35:03,594 [INFO] pipeline.projecoes:   Margem EBITDA: 2.2% → 7.0% (conv 6a)
2026-04-28 09:35:03,595 [INFO] pipeline.projecoes:   D&A/Receita: 4.1%
2026-04-28 09:35:03,597 [INFO] pipeline.projecoes:   CAPEX/Receita: 5.0% → 5.0%
2026-04-28 09:35:03,598 [INFO] pipeline.projecoes:   NCG/Receita: -5.2% → 5.0%
2026-04-28 09:35:03,600 [INFO] pipeline.projecoes:   Alíquota efetiva: 34.7%
2026-04-28 09:35:03,601 [INFO] pipeline.projecoes: Projeções concluídas (FCFF). Resumo:
2026-04-28 09:35:03,601 [INFO] pipeline.projecoes:    Ano      Receita     EBITDA    Mg%      NOPAT       FCFF
2026-04-28 09:35:03,601 [INFO] pipeline.projecoes:   2026       20,562      1,028   5.0%        125       -496
2026-04-28 09:35:03,601 [INFO] pipeline.projecoes:   2027       22,036      1,102   5.0%        134       -469
2026-04-28 09:35:03,601 [INFO] pipeline.projecoes:   2028       23,523      1,176   5.0%        143       -535
2026-04-28 09:35:03,601 [INFO] pipeline.projecoes:   2029       25,013      1,355   5.4%        220       -534
2026-04-28 09:35:03,601 [INFO] pipeline.projecoes:   2030       26,493      1,645   6.2%        370       -459
2026-04-28 09:35:03,601 [INFO] pipeline.valuation:   Estrutura de capital: E=35% | D=65%
2026-04-28 09:35:03,601 [INFO] pipeline: 
[6/6] Calculando valuation (FCFF / WACC)...
2026-04-28 09:35:03,602 [INFO] pipeline.valuation: 
==================================================
2026-04-28 09:35:03,602 [INFO] pipeline.valuation: VALUATION FCFF/WACC — PCAR3
2026-04-28 09:35:03,602 [INFO] pipeline.valuation:   VP FCFF (10a):     R$       -1,328 MM
2026-04-28 09:35:03,602 [INFO] pipeline.valuation:   Valor Perp. (VP):  R$        3,805 MM
2026-04-28 09:35:03,602 [INFO] pipeline.valuation:   ENTERPRISE VALUE:  R$        2,478 MM
2026-04-28 09:35:03,603 [INFO] pipeline.valuation:   (-) Dívida Líq.:   R$        2,088 MM
2026-04-28 09:35:03,603 [INFO] pipeline.valuation:   VALOR DO EQUITY:   R$          390 MM
2026-04-28 09:35:03,603 [INFO] pipeline.valuation:   Preço Justo ON:    R$     0.79
2026-04-28 09:35:03,603 [INFO] pipeline.valuation:   Preço Justo PN:    R$     0.79
2026-04-28 09:35:03,603 [INFO] pipeline.valuation:   Cotação ON:        R$     2.34
2026-04-28 09:35:03,603 [INFO] pipeline.valuation:   Upside ON:              -66.2%
2026-04-28 09:35:03,603 [INFO] pipeline.valuation:   TIR (ON):                 9.7%
2026-04-28 09:35:03,604 [INFO] pipeline.valuation:   WACC último ano:          8.4%
2026-04-28 09:35:03,605 [INFO] pipeline:   Sem template VAROS para PCAR3 — Excel será criado do zero
2026-04-28 09:35:03,606 [INFO] pipeline.excel_geral: 
============================================================
2026-04-28 09:35:03,606 [INFO] pipeline.excel_geral: Criando Excel completo (12 abas) para: GPA (Pão de Açúcar) (PCAR3)
2026-04-28 09:35:03,607 [INFO] pipeline.excel_geral:   → 1/12  Dashboard
2026-04-28 09:35:03,620 [INFO] pipeline.excel_geral:   → 2/12  WACC
2026-04-28 09:35:03,667 [INFO] pipeline.excel_geral:   → 3/12  TIR ON
2026-04-28 09:35:03,680 [INFO] pipeline.excel_geral:   → 4/12  TIR PN
2026-04-28 09:35:03,694 [INFO] pipeline.excel_geral:   → 5/12  Valor do Equity
2026-04-28 09:35:03,703 [INFO] pipeline.excel_geral:   → 6/12  Preço Teto
2026-04-28 09:35:03,711 [INFO] pipeline.excel_geral:   → 7/12  DRE + DCF
2026-04-28 09:35:03,855 [INFO] pipeline.excel_geral:   → 8/12  DRE Contas Abertas
2026-04-28 09:35:03,922 [INFO] pipeline.excel_geral:   → 9/12  Balanço Patrimonial
2026-04-28 09:35:03,978 [INFO] pipeline.excel_geral:   → 10/12 Painel de Índices
2026-04-28 09:35:04,052 [INFO] pipeline.excel_geral:   → 11/12 Projeções Premissas
2026-04-28 09:35:04,084 [INFO] pipeline.excel_geral:   → 12/12 Projeções Capex e CG
2026-04-28 09:35:04,205 [INFO] pipeline.excel_geral: 
Arquivo salvo: C:\Users\55819\OneDrive - EPEJUD\DIEGO\OBSIDIAN\Analista de Investimentos\12_PYTHON\pipeline banco completo\outputs\Valuation_PCAR3_GPA (Pão de Açúcar)_20260428.xlsx
2026-04-28 09:35:04,206 [INFO] pipeline: 
======================================================================
2026-04-28 09:35:04,206 [INFO] pipeline: RESUMO DO VALUATION (FCFF/WACC)
2026-04-28 09:35:04,206 [INFO] pipeline: ======================================================================
2026-04-28 09:35:04,206 [INFO] pipeline:   Empresa:           GPA (Pão de Açúcar) (PCAR3)
2026-04-28 09:35:04,206 [INFO] pipeline:   Enterprise Value:  R$        2,478 MM
2026-04-28 09:35:04,206 [INFO] pipeline:   Cotação ON:        R$ 2.34
2026-04-28 09:35:04,206 [INFO] pipeline:   Preço Justo ON:    R$ 0.79
2026-04-28 09:35:04,206 [INFO] pipeline:   Upside ON:            -66.2%
2026-04-28 09:35:04,206 [INFO] pipeline:   TIR:                  9.7%
2026-04-28 09:35:04,206 [INFO] pipeline:   Preço Teto ON:     R$ 0.79
2026-04-28 09:35:04,206 [INFO] pipeline: 
  Arquivo gerado:    C:\Users\55819\OneDrive - EPEJUD\DIEGO\OBSIDIAN\Analista de Investimentos\12_PYTHON\pipeline banco completo\outputs\Valuation_PCAR3_GPA (Pão de Açúcar)_20260428.xlsx
2026-04-28 09:35:04,206 [INFO] pipeline: ======================================================================
2026-04-28 09:35:04,210 [INFO] pipeline: ✓ PCAR3: arquivo gerado → C:\Users\55819\OneDrive - EPEJUD\DIEGO\OBSIDIAN\Analista de Investimentos\12_PYTHON\pipeline banco completo\outputs\Valuation_PCAR3_GPA (Pão de Açúcar)_20260428.xlsx
2026-04-28 09:35:04,210 [INFO] pipeline: 
──────────────────────────────────────────────────────────────────────
2026-04-28 09:35:04,211 [INFO] pipeline: Processando: VIVA3 (Vivara)
2026-04-28 09:35:04,211 [INFO] pipeline: ──────────────────────────────────────────────────────────────────────
2026-04-28 09:35:04,211 [INFO] pipeline: ======================================================================
2026-04-28 09:35:04,211 [INFO] pipeline: PIPELINE DE VALUATION [CONSUMO_VAREJO] — VIVA3 — Vivara
2026-04-28 09:35:04,211 [INFO] pipeline: Início: 2026-04-28 09:35:04
2026-04-28 09:35:04,211 [INFO] pipeline:   Setor: consumo_varejo | Motor: WACC
2026-04-28 09:35:04,211 [INFO] pipeline: ======================================================================
2026-04-28 09:35:04,211 [INFO] pipeline: 
[1/6] Coletando dados de mercado...
2026-04-28 09:35:04,211 [INFO] pipeline:   Buscando cotação via yfinance...
2026-04-28 09:35:04,212 [INFO] pipeline.mercado: Buscando cotação atual: VIVA3.SA
2026-04-28 09:35:05,530 [INFO] pipeline:   Cotação ON: R$ 25.46  |  Cotação PN: R$ 0.00
2026-04-28 09:35:05,656 [INFO] pipeline.mercado: Calculando beta: VIVA3 (252 dias úteis)
2026-04-28 09:35:05,657 [INFO] pipeline.mercado: Baixando preços: VIVA3.SA (2019-01-01 → 2026-04-28)
2026-04-28 09:35:06,322 [INFO] pipeline.mercado:   1625 dias de preços carregados
2026-04-28 09:35:06,322 [INFO] pipeline.mercado: Baixando preços: ^BVSP (2019-01-01 → 2026-04-28)
2026-04-28 09:35:06,386 [INFO] pipeline.mercado:   1820 dias de preços carregados
2026-04-28 09:35:06,394 [INFO] pipeline.mercado:   Beta estatístico: 1.1588 | R²: 0.256 | n=251
2026-04-28 09:35:06,398 [INFO] pipeline:   Beta estatístico: 1.159 | Beta utilizado: 0.850
2026-04-28 09:35:06,398 [INFO] pipeline: 
[2/6] Coletando dados macroeconômicos (BCB)...
2026-04-28 09:35:06,705 [WARNING] pipeline.macro: Não foi possível obter Focus Selic: 400 Client Error: Bad Request for url: https://olinda.bcb.gov.br/olinda/servico/Expectativas/versao/v1/odata/ExpectativasMercadoAnuais?%24filter=Indicador%20eq%20'Selic'&%24top=100&%24format=json&%24select=Indicador,Data,Ano,Mediana
2026-04-28 09:35:06,991 [WARNING] pipeline.macro: Não foi possível obter Focus IPCA: 400 Client Error: Bad Request for url: https://olinda.bcb.gov.br/olinda/servico/Expectativas/versao/v1/odata/ExpectativasMercadoAnuais?%24filter=Indicador%20eq%20'IPCA'&%24top=100&%24format=json&%24select=Indicador,Data,Ano,Mediana
2026-04-28 09:35:06,993 [INFO] pipeline.macro: 
=== Coletando dados macroeconômicos ===
2026-04-28 09:35:06,993 [INFO] pipeline.macro: Baixando série BCB 432...
2026-04-28 09:35:09,383 [ERROR] pipeline.macro: Erro ao baixar série BCB 432: 406 Client Error: Not Acceptable for url: https://api.bcb.gov.br/dados/serie/bcdata.sgs.432/dados?formato=json&dataInicial=01%2F01%2F2010&dataFinal=28%2F04%2F2026
2026-04-28 09:35:09,383 [WARNING] pipeline.macro: Série Selic meta sem DatetimeIndex — usando fallback histórico
2026-04-28 09:35:09,383 [INFO] pipeline.macro: Baixando série BCB 12...
2026-04-28 09:35:09,486 [ERROR] pipeline.macro: Erro ao baixar série BCB 12: 406 Client Error: Not Acceptable for url: https://api.bcb.gov.br/dados/serie/bcdata.sgs.12/dados?formato=json&dataInicial=01%2F01%2F2010&dataFinal=28%2F04%2F2026
2026-04-28 09:35:09,486 [WARNING] pipeline.macro: Série DI sem DatetimeIndex — usando fallback histórico
2026-04-28 09:35:09,487 [INFO] pipeline.macro: Baixando série BCB 13522...
2026-04-28 09:35:09,834 [INFO] pipeline.macro:   Série 13522: 195 observações (2010-01-01 → 2026-03-01)
2026-04-28 09:35:09,834 [WARNING] pipeline.macro: IPCA calculado fora do intervalo plausível (46.1%) para 2020 — usando fallback
2026-04-28 09:35:09,835 [WARNING] pipeline.macro: IPCA calculado fora do intervalo plausível (159.3%) para 2021 — usando fallback
2026-04-28 09:35:09,835 [WARNING] pipeline.macro: IPCA calculado fora do intervalo plausível (191.2%) para 2022 — usando fallback
2026-04-28 09:35:09,836 [WARNING] pipeline.macro: IPCA calculado fora do intervalo plausível (71.5%) para 2023 — usando fallback
2026-04-28 09:35:09,836 [WARNING] pipeline.macro: IPCA calculado fora do intervalo plausível (67.0%) para 2024 — usando fallback
2026-04-28 09:35:09,836 [WARNING] pipeline.macro: IPCA calculado fora do intervalo plausível (80.0%) para 2025 — usando fallback
2026-04-28 09:35:09,836 [INFO] pipeline.macro: Baixando série BCB 258...
2026-04-28 09:35:09,953 [ERROR] pipeline.macro: Erro ao baixar série BCB 258: 406 Client Error: Not Acceptable for url: https://api.bcb.gov.br/dados/serie/bcdata.sgs.258/dados?formato=json&dataInicial=01%2F01%2F2010&dataFinal=28%2F04%2F2026
2026-04-28 09:35:09,954 [WARNING] pipeline.macro: Série TJLP sem DatetimeIndex — usando fallback histórico
2026-04-28 09:35:09,954 [INFO] pipeline.macro: Baixando série BCB 29039...
2026-04-28 09:35:10,066 [INFO] pipeline.macro:   Série 29039: 195 observações (2010-01-01 → 2026-03-01)
2026-04-28 09:35:10,068 [INFO] pipeline.macro: Baixando série BCB 13522...
2026-04-28 09:35:10,193 [INFO] pipeline.macro:   Série 13522: 195 observações (2010-01-01 → 2026-03-01)
2026-04-28 09:35:10,194 [WARNING] pipeline.macro: IPCA calculado fora do intervalo plausível (46.1%) para 2020 — usando fallback
2026-04-28 09:35:10,194 [WARNING] pipeline.macro: IPCA calculado fora do intervalo plausível (159.3%) para 2021 — usando fallback
2026-04-28 09:35:10,195 [WARNING] pipeline.macro: IPCA calculado fora do intervalo plausível (191.2%) para 2022 — usando fallback
2026-04-28 09:35:10,195 [WARNING] pipeline.macro: IPCA calculado fora do intervalo plausível (71.5%) para 2023 — usando fallback
2026-04-28 09:35:10,196 [WARNING] pipeline.macro: IPCA calculado fora do intervalo plausível (67.0%) para 2024 — usando fallback
2026-04-28 09:35:10,196 [WARNING] pipeline.macro: IPCA calculado fora do intervalo plausível (80.0%) para 2025 — usando fallback
2026-04-28 09:35:10,196 [INFO] pipeline.macro: 
RESUMO MACRO HISTÓRICO:
2026-04-28 09:35:10,197 [INFO] pipeline.macro:   selic_meta     : 2021: 9.25% | 2022: 13.75% | 2023: 11.75% | 2024: 11.75% | 2025: 10.00%
2026-04-28 09:35:10,197 [INFO] pipeline.macro:   selic_efet     : 2021: 4.48% | 2022: 12.33% | 2023: 13.15% | 2024: 10.73% | 2025: 10.50%
2026-04-28 09:35:10,197 [INFO] pipeline.macro:   ipca           : 2021: 10.06% | 2022: 5.62% | 2023: 4.62% | 2024: 4.83% | 2025: 4.50%
2026-04-28 09:35:10,197 [INFO] pipeline.macro:   tjlp           : 2021: 5.25% | 2022: 6.25% | 2023: 7.00% | 2024: 7.00% | 2025: 6.50%
2026-04-28 09:35:10,197 [INFO] pipeline.macro:   cds            : 2021: 0.73% | 2022: 1.26% | 2023: 0.84% | 2024: 0.81% | 2025: 0.76%
2026-04-28 09:35:10,197 [INFO] pipeline.macro:   inflacao_impl  : 2021: 10.06% | 2022: 5.62% | 2023: 4.62% | 2024: 4.83% | 2025: 4.50%
2026-04-28 09:35:10,197 [INFO] pipeline: 
[3/6] Baixando demonstrações financeiras (CVM)...
2026-04-28 09:35:10,197 [INFO] pipeline.cvm: 
==================================================
2026-04-28 09:35:10,198 [INFO] pipeline.cvm: Baixando DFP 2020...
2026-04-28 09:35:10,198 [INFO] pipeline.cvm: Baixando: https://dados.cvm.gov.br/dados/CIA_ABERTA/DOC/DFP/DADOS/dfp_cia_aberta_2020.zip
2026-04-28 09:35:13,462 [INFO] pipeline.cvm:   DFP dre 2020: 76 linhas
2026-04-28 09:35:13,462 [INFO] pipeline.cvm: Baixando: https://dados.cvm.gov.br/dados/CIA_ABERTA/DOC/DFP/DADOS/dfp_cia_aberta_2020.zip
2026-04-28 09:35:17,839 [INFO] pipeline.cvm:   DFP bpa 2020: 144 linhas
2026-04-28 09:35:17,839 [INFO] pipeline.cvm: Baixando: https://dados.cvm.gov.br/dados/CIA_ABERTA/DOC/DFP/DADOS/dfp_cia_aberta_2020.zip
2026-04-28 09:35:27,674 [INFO] pipeline.cvm:   DFP bpp 2020: 258 linhas
2026-04-28 09:35:27,674 [INFO] pipeline.cvm: Baixando: https://dados.cvm.gov.br/dados/CIA_ABERTA/DOC/DFP/DADOS/dfp_cia_aberta_2020.zip
2026-04-28 09:35:36,198 [INFO] pipeline.cvm:   DFP dfc_mi 2020: 114 linhas
2026-04-28 09:35:36,198 [INFO] pipeline.cvm: Baixando: https://dados.cvm.gov.br/dados/CIA_ABERTA/DOC/DFP/DADOS/dfp_cia_aberta_2020.zip
2026-04-28 09:35:42,070 [WARNING] pipeline.cvm:   Empresa 24805 não encontrada em dfc_md 2020
2026-04-28 09:35:42,071 [INFO] pipeline.cvm: 
==================================================
2026-04-28 09:35:42,071 [INFO] pipeline.cvm: Baixando DFP 2021...
2026-04-28 09:35:42,071 [INFO] pipeline.cvm: Baixando: https://dados.cvm.gov.br/dados/CIA_ABERTA/DOC/DFP/DADOS/dfp_cia_aberta_2021.zip
2026-04-28 09:35:47,216 [INFO] pipeline.cvm:   DFP dre 2021: 78 linhas
2026-04-28 09:35:47,216 [INFO] pipeline.cvm: Baixando: https://dados.cvm.gov.br/dados/CIA_ABERTA/DOC/DFP/DADOS/dfp_cia_aberta_2021.zip
2026-04-28 09:35:51,736 [INFO] pipeline.cvm:   DFP bpa 2021: 144 linhas
2026-04-28 09:35:51,736 [INFO] pipeline.cvm: Baixando: https://dados.cvm.gov.br/dados/CIA_ABERTA/DOC/DFP/DADOS/dfp_cia_aberta_2021.zip
2026-04-28 09:35:57,772 [INFO] pipeline.cvm:   DFP bpp 2021: 258 linhas
2026-04-28 09:35:57,772 [INFO] pipeline.cvm: Baixando: https://dados.cvm.gov.br/dados/CIA_ABERTA/DOC/DFP/DADOS/dfp_cia_aberta_2021.zip
2026-04-28 09:36:04,823 [INFO] pipeline.cvm:   DFP dfc_mi 2021: 116 linhas
2026-04-28 09:36:04,823 [INFO] pipeline.cvm: Baixando: https://dados.cvm.gov.br/dados/CIA_ABERTA/DOC/DFP/DADOS/dfp_cia_aberta_2021.zip
2026-04-28 09:36:10,925 [WARNING] pipeline.cvm:   Empresa 24805 não encontrada em dfc_md 2021
2026-04-28 09:36:10,925 [INFO] pipeline.cvm: 
==================================================
2026-04-28 09:36:10,926 [INFO] pipeline.cvm: Baixando DFP 2022...
2026-04-28 09:36:10,926 [INFO] pipeline.cvm: Baixando: https://dados.cvm.gov.br/dados/CIA_ABERTA/DOC/DFP/DADOS/dfp_cia_aberta_2022.zip
2026-04-28 09:36:18,245 [INFO] pipeline.cvm:   DFP dre 2022: 78 linhas
2026-04-28 09:36:18,245 [INFO] pipeline.cvm: Baixando: https://dados.cvm.gov.br/dados/CIA_ABERTA/DOC/DFP/DADOS/dfp_cia_aberta_2022.zip
2026-04-28 09:36:26,616 [INFO] pipeline.cvm:   DFP bpa 2022: 144 linhas
2026-04-28 09:36:26,616 [INFO] pipeline.cvm: Baixando: https://dados.cvm.gov.br/dados/CIA_ABERTA/DOC/DFP/DADOS/dfp_cia_aberta_2022.zip
2026-04-28 09:36:39,084 [INFO] pipeline.cvm:   DFP bpp 2022: 268 linhas
2026-04-28 09:36:39,084 [INFO] pipeline.cvm: Baixando: https://dados.cvm.gov.br/dados/CIA_ABERTA/DOC/DFP/DADOS/dfp_cia_aberta_2022.zip
2026-04-28 09:36:48,219 [INFO] pipeline.cvm:   DFP dfc_mi 2022: 120 linhas
2026-04-28 09:36:48,221 [INFO] pipeline.cvm: Baixando: https://dados.cvm.gov.br/dados/CIA_ABERTA/DOC/DFP/DADOS/dfp_cia_aberta_2022.zip
2026-04-28 09:36:51,600 [WARNING] pipeline.cvm:   Empresa 24805 não encontrada em dfc_md 2022
2026-04-28 09:36:51,601 [INFO] pipeline.cvm: 
==================================================
2026-04-28 09:36:51,601 [INFO] pipeline.cvm: Baixando DFP 2023...
2026-04-28 09:36:51,601 [INFO] pipeline.cvm: Baixando: https://dados.cvm.gov.br/dados/CIA_ABERTA/DOC/DFP/DADOS/dfp_cia_aberta_2023.zip
2026-04-28 09:36:55,174 [INFO] pipeline.cvm:   DFP dre 2023: 78 linhas
2026-04-28 09:36:55,174 [INFO] pipeline.cvm: Baixando: https://dados.cvm.gov.br/dados/CIA_ABERTA/DOC/DFP/DADOS/dfp_cia_aberta_2023.zip
2026-04-28 09:36:59,825 [INFO] pipeline.cvm:   DFP bpa 2023: 144 linhas
2026-04-28 09:36:59,826 [INFO] pipeline.cvm: Baixando: https://dados.cvm.gov.br/dados/CIA_ABERTA/DOC/DFP/DADOS/dfp_cia_aberta_2023.zip
2026-04-28 09:37:06,158 [INFO] pipeline.cvm:   DFP bpp 2023: 268 linhas
2026-04-28 09:37:06,158 [INFO] pipeline.cvm: Baixando: https://dados.cvm.gov.br/dados/CIA_ABERTA/DOC/DFP/DADOS/dfp_cia_aberta_2023.zip
2026-04-28 09:37:10,697 [INFO] pipeline.cvm:   DFP dfc_mi 2023: 124 linhas
2026-04-28 09:37:10,697 [INFO] pipeline.cvm: Baixando: https://dados.cvm.gov.br/dados/CIA_ABERTA/DOC/DFP/DADOS/dfp_cia_aberta_2023.zip
2026-04-28 09:37:14,327 [WARNING] pipeline.cvm:   Empresa 24805 não encontrada em dfc_md 2023
2026-04-28 09:37:14,327 [INFO] pipeline.cvm: 
==================================================
2026-04-28 09:37:14,327 [INFO] pipeline.cvm: Baixando DFP 2024...
2026-04-28 09:37:14,327 [INFO] pipeline.cvm: Baixando: https://dados.cvm.gov.br/dados/CIA_ABERTA/DOC/DFP/DADOS/dfp_cia_aberta_2024.zip
2026-04-28 09:37:18,855 [INFO] pipeline.cvm:   DFP dre 2024: 78 linhas
2026-04-28 09:37:18,855 [INFO] pipeline.cvm: Baixando: https://dados.cvm.gov.br/dados/CIA_ABERTA/DOC/DFP/DADOS/dfp_cia_aberta_2024.zip
2026-04-28 09:37:23,858 [INFO] pipeline.cvm:   DFP bpa 2024: 148 linhas
2026-04-28 09:37:23,858 [INFO] pipeline.cvm: Baixando: https://dados.cvm.gov.br/dados/CIA_ABERTA/DOC/DFP/DADOS/dfp_cia_aberta_2024.zip
2026-04-28 09:37:31,592 [INFO] pipeline.cvm:   DFP bpp 2024: 270 linhas
2026-04-28 09:37:31,592 [INFO] pipeline.cvm: Baixando: https://dados.cvm.gov.br/dados/CIA_ABERTA/DOC/DFP/DADOS/dfp_cia_aberta_2024.zip
2026-04-28 09:37:38,537 [INFO] pipeline.cvm:   DFP dfc_mi 2024: 128 linhas
2026-04-28 09:37:38,538 [INFO] pipeline.cvm: Baixando: https://dados.cvm.gov.br/dados/CIA_ABERTA/DOC/DFP/DADOS/dfp_cia_aberta_2024.zip
2026-04-28 09:37:44,078 [WARNING] pipeline.cvm:   Empresa 24805 não encontrada em dfc_md 2024
2026-04-28 09:37:44,078 [INFO] pipeline.cvm: 
==================================================
2026-04-28 09:37:44,078 [INFO] pipeline.cvm: Baixando DFP 2025...
2026-04-28 09:37:44,078 [INFO] pipeline.cvm: Baixando: https://dados.cvm.gov.br/dados/CIA_ABERTA/DOC/DFP/DADOS/dfp_cia_aberta_2025.zip
2026-04-28 09:37:51,764 [INFO] pipeline.cvm:   DFP dre 2025: 78 linhas
2026-04-28 09:37:51,766 [INFO] pipeline.cvm: Baixando: https://dados.cvm.gov.br/dados/CIA_ABERTA/DOC/DFP/DADOS/dfp_cia_aberta_2025.zip
2026-04-28 09:37:59,217 [INFO] pipeline.cvm:   DFP bpa 2025: 148 linhas
2026-04-28 09:37:59,217 [INFO] pipeline.cvm: Baixando: https://dados.cvm.gov.br/dados/CIA_ABERTA/DOC/DFP/DADOS/dfp_cia_aberta_2025.zip
2026-04-28 09:38:06,713 [INFO] pipeline.cvm:   DFP bpp 2025: 270 linhas
2026-04-28 09:38:06,713 [INFO] pipeline.cvm: Baixando: https://dados.cvm.gov.br/dados/CIA_ABERTA/DOC/DFP/DADOS/dfp_cia_aberta_2025.zip
2026-04-28 09:38:12,633 [INFO] pipeline.cvm:   DFP dfc_mi 2025: 136 linhas
2026-04-28 09:38:12,633 [INFO] pipeline.cvm: Baixando: https://dados.cvm.gov.br/dados/CIA_ABERTA/DOC/DFP/DADOS/dfp_cia_aberta_2025.zip
2026-04-28 09:38:16,789 [WARNING] pipeline.cvm:   Empresa 24805 não encontrada em dfc_md 2025
2026-04-28 09:38:16,789 [INFO] pipeline: 
[4/6] Normalizando dados...
2026-04-28 09:38:19,080 [INFO] pipeline:   DFC normalizada: 11 linhas
2026-04-28 09:38:19,086 [INFO] pipeline:   DRE normalizada:
2026-04-28 09:38:19,086 [INFO] pipeline:     receita_liquida: 2020: 1,047,547 | 2021: 1,466,387 | 2022: 1,843,735 | 2023: 2,186,975 | 2024: 2,577,113 | 2025: 3,026,582
2026-04-28 09:38:19,086 [INFO] pipeline:     ebit: 2020: 205,079 | 2021: 294,686 | 2022: 376,372 | 2023: 450,646 | 2024: 683,585 | 2025: 726,321
2026-04-28 09:38:19,086 [INFO] pipeline:     lucro_liquido: 2020: 146,672 | 2021: 298,490 | 2022: 360,854 | 2023: 369,245 | 2024: 653,394 | 2025: 619,502
2026-04-28 09:38:19,086 [INFO] pipeline: 
[5/6] Calculando projeções...
2026-04-28 09:38:19,087 [INFO] pipeline.projecoes: 
=== Projeções (não-financeira / FCFF) ===
2026-04-28 09:38:19,090 [INFO] pipeline.projecoes:   Margem EBITDA: 26.3% → 24.0% (conv 6a)
2026-04-28 09:38:19,091 [INFO] pipeline.projecoes:   D&A/Receita: 2.3%
2026-04-28 09:38:19,092 [INFO] pipeline.projecoes:   CAPEX/Receita: 5.8% → 3.0%
2026-04-28 09:38:19,093 [INFO] pipeline.projecoes:   NCG/Receita: 69.3% → 15.0%
2026-04-28 09:38:19,095 [INFO] pipeline.projecoes:   Alíquota efetiva: 15.0%
2026-04-28 09:38:19,096 [INFO] pipeline.projecoes: Projeções concluídas (FCFF). Resumo:
2026-04-28 09:38:19,096 [INFO] pipeline.projecoes:    Ano      Receita     EBITDA    Mg%      NOPAT       FCFF
2026-04-28 09:38:19,096 [INFO] pipeline.projecoes:   2026    3,256,097    843,864  25.9%    676,528    955,488
2026-04-28 09:38:19,097 [INFO] pipeline.projecoes:   2027    3,489,451    890,967  25.5%    713,225    874,543
2026-04-28 09:38:19,097 [INFO] pipeline.projecoes:   2028    3,724,989    936,830  25.1%    748,784    975,147
2026-04-28 09:38:19,097 [INFO] pipeline.projecoes:   2029    3,960,905    980,980  24.8%    782,827  1,078,021
2026-04-28 09:38:19,097 [INFO] pipeline.projecoes:   2030    4,195,258  1,022,942  24.4%    814,972  1,182,041
2026-04-28 09:38:19,097 [INFO] pipeline.valuation:   Estrutura de capital: E=20% | D=80%
2026-04-28 09:38:19,098 [INFO] pipeline: 
[6/6] Calculando valuation (FCFF / WACC)...
2026-04-28 09:38:19,098 [WARNING] pipeline.valuation: TIR > 150% — valor intrínseco muito acima do preço de mercado
2026-04-28 09:38:19,098 [WARNING] pipeline.valuation: TIR > 150% — valor intrínseco muito acima do preço de mercado
2026-04-28 09:38:19,098 [INFO] pipeline.valuation: 
==================================================
2026-04-28 09:38:19,098 [INFO] pipeline.valuation: VALUATION FCFF/WACC — VIVA3
2026-04-28 09:38:19,098 [INFO] pipeline.valuation:   VP FCFF (10a):     R$    5,540,115 MM
2026-04-28 09:38:19,098 [INFO] pipeline.valuation:   Valor Perp. (VP):  R$    8,946,263 MM
2026-04-28 09:38:19,098 [INFO] pipeline.valuation:   ENTERPRISE VALUE:  R$   14,486,378 MM
2026-04-28 09:38:19,098 [INFO] pipeline.valuation:   (-) Dívida Líq.:   R$      132,631 MM
2026-04-28 09:38:19,099 [INFO] pipeline.valuation:   VALOR DO EQUITY:   R$   14,353,747 MM
2026-04-28 09:38:19,099 [INFO] pipeline.valuation:   Preço Justo ON:    R$ 61061.11
2026-04-28 09:38:19,099 [INFO] pipeline.valuation:   Preço Justo PN:    R$ 61061.11
2026-04-28 09:38:19,099 [INFO] pipeline.valuation:   Cotação ON:        R$    25.46
2026-04-28 09:38:19,099 [INFO] pipeline.valuation:   Upside ON:            239731.5%
2026-04-28 09:38:19,099 [INFO] pipeline.valuation:   TIR (ON):               150.0%
2026-04-28 09:38:19,099 [INFO] pipeline.valuation:   WACC último ano:          9.7%
2026-04-28 09:38:19,100 [INFO] pipeline:   Sem template VAROS para VIVA3 — Excel será criado do zero
2026-04-28 09:38:19,100 [INFO] pipeline.excel_geral: 
============================================================
2026-04-28 09:38:19,101 [INFO] pipeline.excel_geral: Criando Excel completo (12 abas) para: Vivara (VIVA3)
2026-04-28 09:38:19,102 [INFO] pipeline.excel_geral:   → 1/12  Dashboard
2026-04-28 09:38:19,115 [INFO] pipeline.excel_geral:   → 2/12  WACC
2026-04-28 09:38:19,164 [INFO] pipeline.excel_geral:   → 3/12  TIR ON
2026-04-28 09:38:19,177 [INFO] pipeline.excel_geral:   → 4/12  TIR PN
2026-04-28 09:38:19,191 [INFO] pipeline.excel_geral:   → 5/12  Valor do Equity
2026-04-28 09:38:19,199 [INFO] pipeline.excel_geral:   → 6/12  Preço Teto
2026-04-28 09:38:19,208 [INFO] pipeline.excel_geral:   → 7/12  DRE + DCF
2026-04-28 09:38:19,346 [INFO] pipeline.excel_geral:   → 8/12  DRE Contas Abertas
2026-04-28 09:38:19,412 [INFO] pipeline.excel_geral:   → 9/12  Balanço Patrimonial
2026-04-28 09:38:19,463 [INFO] pipeline.excel_geral:   → 10/12 Painel de Índices
2026-04-28 09:38:19,536 [INFO] pipeline.excel_geral:   → 11/12 Projeções Premissas
2026-04-28 09:38:19,564 [INFO] pipeline.excel_geral:   → 12/12 Projeções Capex e CG
2026-04-28 09:38:19,671 [INFO] pipeline.excel_geral: 
Arquivo salvo: C:\Users\55819\OneDrive - EPEJUD\DIEGO\OBSIDIAN\Analista de Investimentos\12_PYTHON\pipeline banco completo\outputs\Valuation_VIVA3_Vivara_20260428.xlsx
2026-04-28 09:38:19,671 [INFO] pipeline: 
======================================================================
2026-04-28 09:38:19,671 [INFO] pipeline: RESUMO DO VALUATION (FCFF/WACC)
2026-04-28 09:38:19,671 [INFO] pipeline: ======================================================================
2026-04-28 09:38:19,671 [INFO] pipeline:   Empresa:           Vivara (VIVA3)
2026-04-28 09:38:19,671 [INFO] pipeline:   Enterprise Value:  R$   14,486,378 MM
2026-04-28 09:38:19,671 [INFO] pipeline:   Cotação ON:        R$ 25.46
2026-04-28 09:38:19,671 [INFO] pipeline:   Preço Justo ON:    R$ 61061.11
2026-04-28 09:38:19,671 [INFO] pipeline:   Upside ON:            239731.5%
2026-04-28 09:38:19,671 [INFO] pipeline:   TIR:                  150.0%
2026-04-28 09:38:19,672 [INFO] pipeline:   Preço Teto ON:     R$ 61061.12
2026-04-28 09:38:19,672 [INFO] pipeline: 
  Arquivo gerado:    C:\Users\55819\OneDrive - EPEJUD\DIEGO\OBSIDIAN\Analista de Investimentos\12_PYTHON\pipeline banco completo\outputs\Valuation_VIVA3_Vivara_20260428.xlsx
2026-04-28 09:38:19,672 [INFO] pipeline: ======================================================================
2026-04-28 09:38:19,675 [INFO] pipeline: ✓ VIVA3: arquivo gerado → C:\Users\55819\OneDrive - EPEJUD\DIEGO\OBSIDIAN\Analista de Investimentos\12_PYTHON\pipeline banco completo\outputs\Valuation_VIVA3_Vivara_20260428.xlsx
2026-04-28 09:38:19,675 [INFO] pipeline: 
──────────────────────────────────────────────────────────────────────
2026-04-28 09:38:19,675 [INFO] pipeline: Processando: SBFG3 (SBF Group (Centauro))
2026-04-28 09:38:19,676 [INFO] pipeline: ──────────────────────────────────────────────────────────────────────
2026-04-28 09:38:19,676 [INFO] pipeline: ======================================================================
2026-04-28 09:38:19,676 [INFO] pipeline: PIPELINE DE VALUATION [CONSUMO_VAREJO] — SBFG3 — SBF Group (Centauro)
2026-04-28 09:38:19,676 [INFO] pipeline: Início: 2026-04-28 09:38:19
2026-04-28 09:38:19,676 [INFO] pipeline:   Setor: consumo_varejo | Motor: WACC
2026-04-28 09:38:19,676 [INFO] pipeline: ======================================================================
2026-04-28 09:38:19,676 [INFO] pipeline: 
[1/6] Coletando dados de mercado...
2026-04-28 09:38:19,676 [INFO] pipeline:   Buscando cotação via yfinance...
2026-04-28 09:38:19,677 [INFO] pipeline.mercado: Buscando cotação atual: SBFG3.SA
2026-04-28 09:38:21,028 [INFO] pipeline:   Cotação ON: R$ 11.55  |  Cotação PN: R$ 0.00
2026-04-28 09:38:21,156 [INFO] pipeline.mercado: Calculando beta: SBFG3 (252 dias úteis)
2026-04-28 09:38:21,156 [INFO] pipeline.mercado: Baixando preços: SBFG3.SA (2019-01-01 → 2026-04-28)
2026-04-28 09:38:21,711 [INFO] pipeline.mercado:   1748 dias de preços carregados
2026-04-28 09:38:21,712 [INFO] pipeline.mercado: Baixando preços: ^BVSP (2019-01-01 → 2026-04-28)
2026-04-28 09:38:21,783 [INFO] pipeline.mercado:   1820 dias de preços carregados
2026-04-28 09:38:21,800 [INFO] pipeline.mercado:   Beta estatístico: 1.6658 | R²: 0.405 | n=251
2026-04-28 09:38:21,804 [INFO] pipeline:   Beta estatístico: 1.666 | Beta utilizado: 0.850
2026-04-28 09:38:21,804 [INFO] pipeline: 
[2/6] Coletando dados macroeconômicos (BCB)...
2026-04-28 09:38:22,097 [WARNING] pipeline.macro: Não foi possível obter Focus Selic: 400 Client Error: Bad Request for url: https://olinda.bcb.gov.br/olinda/servico/Expectativas/versao/v1/odata/ExpectativasMercadoAnuais?%24filter=Indicador%20eq%20'Selic'&%24top=100&%24format=json&%24select=Indicador,Data,Ano,Mediana
2026-04-28 09:38:22,378 [WARNING] pipeline.macro: Não foi possível obter Focus IPCA: 400 Client Error: Bad Request for url: https://olinda.bcb.gov.br/olinda/servico/Expectativas/versao/v1/odata/ExpectativasMercadoAnuais?%24filter=Indicador%20eq%20'IPCA'&%24top=100&%24format=json&%24select=Indicador,Data,Ano,Mediana
2026-04-28 09:38:22,381 [INFO] pipeline.macro: 
=== Coletando dados macroeconômicos ===
2026-04-28 09:38:22,381 [INFO] pipeline.macro: Baixando série BCB 432...
2026-04-28 09:38:22,673 [ERROR] pipeline.macro: Erro ao baixar série BCB 432: 406 Client Error: Not Acceptable for url: https://api.bcb.gov.br/dados/serie/bcdata.sgs.432/dados?formato=json&dataInicial=01%2F01%2F2010&dataFinal=28%2F04%2F2026
2026-04-28 09:38:22,674 [WARNING] pipeline.macro: Série Selic meta sem DatetimeIndex — usando fallback histórico
2026-04-28 09:38:22,674 [INFO] pipeline.macro: Baixando série BCB 12...
2026-04-28 09:38:22,779 [ERROR] pipeline.macro: Erro ao baixar série BCB 12: 406 Client Error: Not Acceptable for url: https://api.bcb.gov.br/dados/serie/bcdata.sgs.12/dados?formato=json&dataInicial=01%2F01%2F2010&dataFinal=28%2F04%2F2026
2026-04-28 09:38:22,779 [WARNING] pipeline.macro: Série DI sem DatetimeIndex — usando fallback histórico
2026-04-28 09:38:22,780 [INFO] pipeline.macro: Baixando série BCB 13522...
2026-04-28 09:38:22,894 [INFO] pipeline.macro:   Série 13522: 195 observações (2010-01-01 → 2026-03-01)
2026-04-28 09:38:22,894 [WARNING] pipeline.macro: IPCA calculado fora do intervalo plausível (46.1%) para 2020 — usando fallback
2026-04-28 09:38:22,895 [WARNING] pipeline.macro: IPCA calculado fora do intervalo plausível (159.3%) para 2021 — usando fallback
2026-04-28 09:38:22,895 [WARNING] pipeline.macro: IPCA calculado fora do intervalo plausível (191.2%) para 2022 — usando fallback
2026-04-28 09:38:22,896 [WARNING] pipeline.macro: IPCA calculado fora do intervalo plausível (71.5%) para 2023 — usando fallback
2026-04-28 09:38:22,896 [WARNING] pipeline.macro: IPCA calculado fora do intervalo plausível (67.0%) para 2024 — usando fallback
2026-04-28 09:38:22,896 [WARNING] pipeline.macro: IPCA calculado fora do intervalo plausível (80.0%) para 2025 — usando fallback
2026-04-28 09:38:22,897 [INFO] pipeline.macro: Baixando série BCB 258...
2026-04-28 09:38:23,005 [ERROR] pipeline.macro: Erro ao baixar série BCB 258: 406 Client Error: Not Acceptable for url: https://api.bcb.gov.br/dados/serie/bcdata.sgs.258/dados?formato=json&dataInicial=01%2F01%2F2010&dataFinal=28%2F04%2F2026
2026-04-28 09:38:23,005 [WARNING] pipeline.macro: Série TJLP sem DatetimeIndex — usando fallback histórico
2026-04-28 09:38:23,006 [INFO] pipeline.macro: Baixando série BCB 29039...
2026-04-28 09:38:23,118 [INFO] pipeline.macro:   Série 29039: 195 observações (2010-01-01 → 2026-03-01)
2026-04-28 09:38:23,120 [INFO] pipeline.macro: Baixando série BCB 13522...
2026-04-28 09:38:23,262 [INFO] pipeline.macro:   Série 13522: 195 observações (2010-01-01 → 2026-03-01)
2026-04-28 09:38:23,263 [WARNING] pipeline.macro: IPCA calculado fora do intervalo plausível (46.1%) para 2020 — usando fallback
2026-04-28 09:38:23,264 [WARNING] pipeline.macro: IPCA calculado fora do intervalo plausível (159.3%) para 2021 — usando fallback
2026-04-28 09:38:23,265 [WARNING] pipeline.macro: IPCA calculado fora do intervalo plausível (191.2%) para 2022 — usando fallback
2026-04-28 09:38:23,265 [WARNING] pipeline.macro: IPCA calculado fora do intervalo plausível (71.5%) para 2023 — usando fallback
2026-04-28 09:38:23,265 [WARNING] pipeline.macro: IPCA calculado fora do intervalo plausível (67.0%) para 2024 — usando fallback
2026-04-28 09:38:23,266 [WARNING] pipeline.macro: IPCA calculado fora do intervalo plausível (80.0%) para 2025 — usando fallback
2026-04-28 09:38:23,266 [INFO] pipeline.macro: 
RESUMO MACRO HISTÓRICO:
2026-04-28 09:38:23,266 [INFO] pipeline.macro:   selic_meta     : 2021: 9.25% | 2022: 13.75% | 2023: 11.75% | 2024: 11.75% | 2025: 10.00%
2026-04-28 09:38:23,266 [INFO] pipeline.macro:   selic_efet     : 2021: 4.48% | 2022: 12.33% | 2023: 13.15% | 2024: 10.73% | 2025: 10.50%
2026-04-28 09:38:23,266 [INFO] pipeline.macro:   ipca           : 2021: 10.06% | 2022: 5.62% | 2023: 4.62% | 2024: 4.83% | 2025: 4.50%
2026-04-28 09:38:23,266 [INFO] pipeline.macro:   tjlp           : 2021: 5.25% | 2022: 6.25% | 2023: 7.00% | 2024: 7.00% | 2025: 6.50%
2026-04-28 09:38:23,266 [INFO] pipeline.macro:   cds            : 2021: 0.73% | 2022: 1.26% | 2023: 0.84% | 2024: 0.81% | 2025: 0.76%
2026-04-28 09:38:23,266 [INFO] pipeline.macro:   inflacao_impl  : 2021: 10.06% | 2022: 5.62% | 2023: 4.62% | 2024: 4.83% | 2025: 4.50%
2026-04-28 09:38:23,266 [INFO] pipeline: 
[3/6] Baixando demonstrações financeiras (CVM)...
2026-04-28 09:38:23,267 [INFO] pipeline.cvm: 
==================================================
2026-04-28 09:38:23,267 [INFO] pipeline.cvm: Baixando DFP 2020...
2026-04-28 09:38:23,267 [INFO] pipeline.cvm: Baixando: https://dados.cvm.gov.br/dados/CIA_ABERTA/DOC/DFP/DADOS/dfp_cia_aberta_2020.zip
2026-04-28 09:38:26,336 [INFO] pipeline.cvm:   DFP dre 2020: 60 linhas
2026-04-28 09:38:26,336 [INFO] pipeline.cvm: Baixando: https://dados.cvm.gov.br/dados/CIA_ABERTA/DOC/DFP/DADOS/dfp_cia_aberta_2020.zip
2026-04-28 09:38:30,805 [INFO] pipeline.cvm:   DFP bpa 2020: 126 linhas
2026-04-28 09:38:30,805 [INFO] pipeline.cvm: Baixando: https://dados.cvm.gov.br/dados/CIA_ABERTA/DOC/DFP/DADOS/dfp_cia_aberta_2020.zip
2026-04-28 09:38:36,607 [INFO] pipeline.cvm:   DFP bpp 2020: 222 linhas
2026-04-28 09:38:36,607 [INFO] pipeline.cvm: Baixando: https://dados.cvm.gov.br/dados/CIA_ABERTA/DOC/DFP/DADOS/dfp_cia_aberta_2020.zip
2026-04-28 09:38:41,321 [INFO] pipeline.cvm:   DFP dfc_mi 2020: 118 linhas
2026-04-28 09:38:41,322 [INFO] pipeline.cvm: Baixando: https://dados.cvm.gov.br/dados/CIA_ABERTA/DOC/DFP/DADOS/dfp_cia_aberta_2020.zip
2026-04-28 09:38:44,346 [WARNING] pipeline.cvm:   Empresa 24694 não encontrada em dfc_md 2020
2026-04-28 09:38:44,347 [INFO] pipeline.cvm: 
==================================================
2026-04-28 09:38:44,347 [INFO] pipeline.cvm: Baixando DFP 2021...
2026-04-28 09:38:44,347 [INFO] pipeline.cvm: Baixando: https://dados.cvm.gov.br/dados/CIA_ABERTA/DOC/DFP/DADOS/dfp_cia_aberta_2021.zip
2026-04-28 09:38:49,042 [INFO] pipeline.cvm:   DFP dre 2021: 60 linhas
2026-04-28 09:38:49,042 [INFO] pipeline.cvm: Baixando: https://dados.cvm.gov.br/dados/CIA_ABERTA/DOC/DFP/DADOS/dfp_cia_aberta_2021.zip
2026-04-28 09:38:56,666 [INFO] pipeline.cvm:   DFP bpa 2021: 128 linhas
2026-04-28 09:38:56,666 [INFO] pipeline.cvm: Baixando: https://dados.cvm.gov.br/dados/CIA_ABERTA/DOC/DFP/DADOS/dfp_cia_aberta_2021.zip
2026-04-28 09:39:08,745 [INFO] pipeline.cvm:   DFP bpp 2021: 224 linhas
2026-04-28 09:39:08,745 [INFO] pipeline.cvm: Baixando: https://dados.cvm.gov.br/dados/CIA_ABERTA/DOC/DFP/DADOS/dfp_cia_aberta_2021.zip
2026-04-28 09:39:17,812 [INFO] pipeline.cvm:   DFP dfc_mi 2021: 132 linhas
2026-04-28 09:39:17,813 [INFO] pipeline.cvm: Baixando: https://dados.cvm.gov.br/dados/CIA_ABERTA/DOC/DFP/DADOS/dfp_cia_aberta_2021.zip
2026-04-28 09:39:23,301 [WARNING] pipeline.cvm:   Empresa 24694 não encontrada em dfc_md 2021
2026-04-28 09:39:23,301 [INFO] pipeline.cvm: 
==================================================
2026-04-28 09:39:23,301 [INFO] pipeline.cvm: Baixando DFP 2022...
2026-04-28 09:39:23,301 [INFO] pipeline.cvm: Baixando: https://dados.cvm.gov.br/dados/CIA_ABERTA/DOC/DFP/DADOS/dfp_cia_aberta_2022.zip
2026-04-28 09:39:30,696 [INFO] pipeline.cvm:   DFP dre 2022: 60 linhas
2026-04-28 09:39:30,696 [INFO] pipeline.cvm: Baixando: https://dados.cvm.gov.br/dados/CIA_ABERTA/DOC/DFP/DADOS/dfp_cia_aberta_2022.zip
2026-04-28 09:39:39,467 [INFO] pipeline.cvm:   DFP bpa 2022: 128 linhas
2026-04-28 09:39:39,468 [INFO] pipeline.cvm: Baixando: https://dados.cvm.gov.br/dados/CIA_ABERTA/DOC/DFP/DADOS/dfp_cia_aberta_2022.zip
2026-04-28 09:39:49,117 [INFO] pipeline.cvm:   DFP bpp 2022: 228 linhas
2026-04-28 09:39:49,117 [INFO] pipeline.cvm: Baixando: https://dados.cvm.gov.br/dados/CIA_ABERTA/DOC/DFP/DADOS/dfp_cia_aberta_2022.zip
2026-04-28 09:39:55,211 [INFO] pipeline.cvm:   DFP dfc_mi 2022: 132 linhas
2026-04-28 09:39:55,211 [INFO] pipeline.cvm: Baixando: https://dados.cvm.gov.br/dados/CIA_ABERTA/DOC/DFP/DADOS/dfp_cia_aberta_2022.zip
2026-04-28 09:39:59,436 [WARNING] pipeline.cvm:   Empresa 24694 não encontrada em dfc_md 2022
2026-04-28 09:39:59,437 [INFO] pipeline.cvm: 
==================================================
2026-04-28 09:39:59,437 [INFO] pipeline.cvm: Baixando DFP 2023...
2026-04-28 09:39:59,437 [INFO] pipeline.cvm: Baixando: https://dados.cvm.gov.br/dados/CIA_ABERTA/DOC/DFP/DADOS/dfp_cia_aberta_2023.zip
2026-04-28 09:40:04,473 [INFO] pipeline.cvm:   DFP dre 2023: 60 linhas
2026-04-28 09:40:04,473 [INFO] pipeline.cvm: Baixando: https://dados.cvm.gov.br/dados/CIA_ABERTA/DOC/DFP/DADOS/dfp_cia_aberta_2023.zip
2026-04-28 09:40:15,115 [INFO] pipeline.cvm:   DFP bpa 2023: 128 linhas
2026-04-28 09:40:15,115 [INFO] pipeline.cvm: Baixando: https://dados.cvm.gov.br/dados/CIA_ABERTA/DOC/DFP/DADOS/dfp_cia_aberta_2023.zip
2026-04-28 09:40:24,045 [INFO] pipeline.cvm:   DFP bpp 2023: 228 linhas
2026-04-28 09:40:24,045 [INFO] pipeline.cvm: Baixando: https://dados.cvm.gov.br/dados/CIA_ABERTA/DOC/DFP/DADOS/dfp_cia_aberta_2023.zip
2026-04-28 09:40:28,912 [INFO] pipeline.cvm:   DFP dfc_mi 2023: 132 linhas
2026-04-28 09:40:28,913 [INFO] pipeline.cvm: Baixando: https://dados.cvm.gov.br/dados/CIA_ABERTA/DOC/DFP/DADOS/dfp_cia_aberta_2023.zip
2026-04-28 09:40:32,045 [WARNING] pipeline.cvm:   Empresa 24694 não encontrada em dfc_md 2023
2026-04-28 09:40:32,045 [INFO] pipeline.cvm: 
==================================================
2026-04-28 09:40:32,046 [INFO] pipeline.cvm: Baixando DFP 2024...
2026-04-28 09:40:32,046 [INFO] pipeline.cvm: Baixando: https://dados.cvm.gov.br/dados/CIA_ABERTA/DOC/DFP/DADOS/dfp_cia_aberta_2024.zip
2026-04-28 09:40:37,447 [INFO] pipeline.cvm:   DFP dre 2024: 60 linhas
2026-04-28 09:40:37,447 [INFO] pipeline.cvm: Baixando: https://dados.cvm.gov.br/dados/CIA_ABERTA/DOC/DFP/DADOS/dfp_cia_aberta_2024.zip
2026-04-28 09:40:43,983 [INFO] pipeline.cvm:   DFP bpa 2024: 128 linhas
2026-04-28 09:40:43,983 [INFO] pipeline.cvm: Baixando: https://dados.cvm.gov.br/dados/CIA_ABERTA/DOC/DFP/DADOS/dfp_cia_aberta_2024.zip
2026-04-28 09:40:52,324 [INFO] pipeline.cvm:   DFP bpp 2024: 228 linhas
2026-04-28 09:40:52,324 [INFO] pipeline.cvm: Baixando: https://dados.cvm.gov.br/dados/CIA_ABERTA/DOC/DFP/DADOS/dfp_cia_aberta_2024.zip
2026-04-28 09:40:58,563 [INFO] pipeline.cvm:   DFP dfc_mi 2024: 134 linhas
2026-04-28 09:40:58,563 [INFO] pipeline.cvm: Baixando: https://dados.cvm.gov.br/dados/CIA_ABERTA/DOC/DFP/DADOS/dfp_cia_aberta_2024.zip
2026-04-28 09:41:05,490 [WARNING] pipeline.cvm:   Empresa 24694 não encontrada em dfc_md 2024
2026-04-28 09:41:05,491 [INFO] pipeline.cvm: 
==================================================
2026-04-28 09:41:05,491 [INFO] pipeline.cvm: Baixando DFP 2025...
2026-04-28 09:41:05,491 [INFO] pipeline.cvm: Baixando: https://dados.cvm.gov.br/dados/CIA_ABERTA/DOC/DFP/DADOS/dfp_cia_aberta_2025.zip
2026-04-28 09:41:11,948 [INFO] pipeline.cvm:   DFP dre 2025: 60 linhas
2026-04-28 09:41:11,948 [INFO] pipeline.cvm: Baixando: https://dados.cvm.gov.br/dados/CIA_ABERTA/DOC/DFP/DADOS/dfp_cia_aberta_2025.zip
2026-04-28 09:41:19,668 [INFO] pipeline.cvm:   DFP bpa 2025: 128 linhas
2026-04-28 09:41:19,669 [INFO] pipeline.cvm: Baixando: https://dados.cvm.gov.br/dados/CIA_ABERTA/DOC/DFP/DADOS/dfp_cia_aberta_2025.zip
2026-04-28 09:41:28,288 [INFO] pipeline.cvm:   DFP bpp 2025: 230 linhas
2026-04-28 09:41:28,288 [INFO] pipeline.cvm: Baixando: https://dados.cvm.gov.br/dados/CIA_ABERTA/DOC/DFP/DADOS/dfp_cia_aberta_2025.zip
2026-04-28 09:41:34,389 [INFO] pipeline.cvm:   DFP dfc_mi 2025: 126 linhas
2026-04-28 09:41:34,389 [INFO] pipeline.cvm: Baixando: https://dados.cvm.gov.br/dados/CIA_ABERTA/DOC/DFP/DADOS/dfp_cia_aberta_2025.zip
2026-04-28 09:41:38,722 [WARNING] pipeline.cvm:   Empresa 24694 não encontrada em dfc_md 2025
2026-04-28 09:41:38,722 [INFO] pipeline: 
[4/6] Normalizando dados...
2026-04-28 09:41:42,407 [INFO] pipeline:   DFC normalizada: 11 linhas
2026-04-28 09:41:42,412 [INFO] pipeline:   DRE normalizada:
2026-04-28 09:41:42,412 [INFO] pipeline:     receita_liquida: 2020: 2,407 | 2021: 5,110 | 2022: 6,261 | 2023: 6,989 | 2024: 7,152 | 2025: 7,736
2026-04-28 09:41:42,413 [INFO] pipeline:     ebit: 2020: -73 | 2021: 402 | 2022: 402 | 2023: 531 | 2024: 612 | 2025: 529
2026-04-28 09:41:42,413 [INFO] pipeline:     lucro_liquido: 2020: -113 | 2021: 498 | 2022: 205 | 2023: 169 | 2024: 536 | 2025: 328
2026-04-28 09:41:42,413 [INFO] pipeline: 
[5/6] Calculando projeções...
2026-04-28 09:41:42,414 [INFO] pipeline.projecoes: 
=== Projeções (não-financeira / FCFF) ===
2026-04-28 09:41:42,416 [INFO] pipeline.projecoes:   Margem EBITDA: 9.3% → 14.0% (conv 6a)
2026-04-28 09:41:42,417 [INFO] pipeline.projecoes:   D&A/Receita: 3.3%
2026-04-28 09:41:42,418 [INFO] pipeline.projecoes:   CAPEX/Receita: 3.8% → 4.0%
2026-04-28 09:41:42,420 [INFO] pipeline.projecoes:   NCG/Receita: 33.9% → 10.0%
2026-04-28 09:41:42,423 [INFO] pipeline.projecoes:   Alíquota efetiva: 15.0%
2026-04-28 09:41:42,424 [INFO] pipeline.projecoes: Projeções concluídas (FCFF). Resumo:
2026-04-28 09:41:42,424 [INFO] pipeline.projecoes:    Ano      Receita     EBITDA    Mg%      NOPAT       FCFF
2026-04-28 09:41:42,424 [INFO] pipeline.projecoes:   2026        8,323        842  10.1%        495        457
2026-04-28 09:41:42,424 [INFO] pipeline.projecoes:   2027        8,920        972  10.9%        591        792
2026-04-28 09:41:42,424 [INFO] pipeline.projecoes:   2028        9,522      1,111  11.7%        695        945
2026-04-28 09:41:42,425 [INFO] pipeline.projecoes:   2029       10,125      1,260  12.4%        808      1,108
2026-04-28 09:41:42,425 [INFO] pipeline.projecoes:   2030       10,724      1,418  13.2%        929      1,280
2026-04-28 09:41:42,425 [INFO] pipeline.valuation:   Estrutura de capital: E=54% | D=46%
2026-04-28 09:41:42,426 [INFO] pipeline: 
[6/6] Calculando valuation (FCFF / WACC)...
2026-04-28 09:41:42,426 [INFO] pipeline.valuation: 
==================================================
2026-04-28 09:41:42,426 [INFO] pipeline.valuation: VALUATION FCFF/WACC — SBFG3
2026-04-28 09:41:42,426 [INFO] pipeline.valuation:   VP FCFF (10a):     R$        5,222 MM
2026-04-28 09:41:42,426 [INFO] pipeline.valuation:   Valor Perp. (VP):  R$        8,173 MM
2026-04-28 09:41:42,427 [INFO] pipeline.valuation:   ENTERPRISE VALUE:  R$       13,395 MM
2026-04-28 09:41:42,427 [INFO] pipeline.valuation:   (-) Dívida Líq.:   R$        2,258 MM
2026-04-28 09:41:42,427 [INFO] pipeline.valuation:   VALOR DO EQUITY:   R$       11,137 MM
2026-04-28 09:41:42,427 [INFO] pipeline.valuation:   Preço Justo ON:    R$    48.37
2026-04-28 09:41:42,427 [INFO] pipeline.valuation:   Preço Justo PN:    R$    48.37
2026-04-28 09:41:42,427 [INFO] pipeline.valuation:   Cotação ON:        R$    11.55
2026-04-28 09:41:42,427 [INFO] pipeline.valuation:   Upside ON:              318.8%
2026-04-28 09:41:42,427 [INFO] pipeline.valuation:   TIR (ON):                33.0%
2026-04-28 09:41:42,427 [INFO] pipeline.valuation:   WACC último ano:         10.5%
2026-04-28 09:41:42,429 [INFO] pipeline:   Sem template VAROS para SBFG3 — Excel será criado do zero
2026-04-28 09:41:42,430 [INFO] pipeline.excel_geral: 
============================================================
2026-04-28 09:41:42,430 [INFO] pipeline.excel_geral: Criando Excel completo (12 abas) para: SBF Group (Centauro) (SBFG3)
2026-04-28 09:41:42,432 [INFO] pipeline.excel_geral:   → 1/12  Dashboard
2026-04-28 09:41:42,449 [INFO] pipeline.excel_geral:   → 2/12  WACC
2026-04-28 09:41:42,518 [INFO] pipeline.excel_geral:   → 3/12  TIR ON
2026-04-28 09:41:42,533 [INFO] pipeline.excel_geral:   → 4/12  TIR PN
2026-04-28 09:41:42,553 [INFO] pipeline.excel_geral:   → 5/12  Valor do Equity
2026-04-28 09:41:42,563 [INFO] pipeline.excel_geral:   → 6/12  Preço Teto
2026-04-28 09:41:42,575 [INFO] pipeline.excel_geral:   → 7/12  DRE + DCF
2026-04-28 09:41:42,748 [INFO] pipeline.excel_geral:   → 8/12  DRE Contas Abertas
2026-04-28 09:41:42,825 [INFO] pipeline.excel_geral:   → 9/12  Balanço Patrimonial
2026-04-28 09:41:42,886 [INFO] pipeline.excel_geral:   → 10/12 Painel de Índices
2026-04-28 09:41:42,962 [INFO] pipeline.excel_geral:   → 11/12 Projeções Premissas
2026-04-28 09:41:42,991 [INFO] pipeline.excel_geral:   → 12/12 Projeções Capex e CG
2026-04-28 09:41:43,100 [INFO] pipeline.excel_geral: 
Arquivo salvo: C:\Users\55819\OneDrive - EPEJUD\DIEGO\OBSIDIAN\Analista de Investimentos\12_PYTHON\pipeline banco completo\outputs\Valuation_SBFG3_SBF Group (Centauro)_20260428.xlsx
2026-04-28 09:41:43,100 [INFO] pipeline: 
======================================================================
2026-04-28 09:41:43,100 [INFO] pipeline: RESUMO DO VALUATION (FCFF/WACC)
2026-04-28 09:41:43,100 [INFO] pipeline: ======================================================================
2026-04-28 09:41:43,101 [INFO] pipeline:   Empresa:           SBF Group (Centauro) (SBFG3)
2026-04-28 09:41:43,101 [INFO] pipeline:   Enterprise Value:  R$       13,395 MM
2026-04-28 09:41:43,101 [INFO] pipeline:   Cotação ON:        R$ 11.55
2026-04-28 09:41:43,101 [INFO] pipeline:   Preço Justo ON:    R$ 48.37
2026-04-28 09:41:43,101 [INFO] pipeline:   Upside ON:            318.8%
2026-04-28 09:41:43,101 [INFO] pipeline:   TIR:                  33.0%
2026-04-28 09:41:43,101 [INFO] pipeline:   Preço Teto ON:     R$ 48.37
2026-04-28 09:41:43,101 [INFO] pipeline: 
  Arquivo gerado:    C:\Users\55819\OneDrive - EPEJUD\DIEGO\OBSIDIAN\Analista de Investimentos\12_PYTHON\pipeline banco completo\outputs\Valuation_SBFG3_SBF Group (Centauro)_20260428.xlsx
2026-04-28 09:41:43,101 [INFO] pipeline: ======================================================================
2026-04-28 09:41:43,104 [INFO] pipeline: ✓ SBFG3: arquivo gerado → C:\Users\55819\OneDrive - EPEJUD\DIEGO\OBSIDIAN\Analista de Investimentos\12_PYTHON\pipeline banco completo\outputs\Valuation_SBFG3_SBF Group (Centauro)_20260428.xlsx
2026-04-28 09:41:43,104 [INFO] pipeline: 
──────────────────────────────────────────────────────────────────────
2026-04-28 09:41:43,104 [INFO] pipeline: Processando: NTCO3 (Natura &Co)
2026-04-28 09:41:43,104 [INFO] pipeline: ──────────────────────────────────────────────────────────────────────
2026-04-28 09:41:43,105 [INFO] pipeline: ======================================================================
2026-04-28 09:41:43,105 [INFO] pipeline: PIPELINE DE VALUATION [CONSUMO_VAREJO] — NTCO3 — Natura &Co
2026-04-28 09:41:43,105 [INFO] pipeline: Início: 2026-04-28 09:41:43
2026-04-28 09:41:43,105 [INFO] pipeline:   Setor: consumo_varejo | Motor: WACC
2026-04-28 09:41:43,105 [INFO] pipeline: ======================================================================
2026-04-28 09:41:43,105 [INFO] pipeline: 
[1/6] Coletando dados de mercado...
2026-04-28 09:41:43,106 [INFO] pipeline:   Buscando cotação via yfinance...
2026-04-28 09:41:43,106 [INFO] pipeline.mercado: Buscando cotação atual: NTCO3.SA
2026-04-28 09:41:44,455 [INFO] pipeline:   Cotação ON: R$ 0.00  |  Cotação PN: R$ 0.00
2026-04-28 09:41:44,588 [INFO] pipeline.mercado: Calculando beta: NTCO3 (252 dias úteis)
2026-04-28 09:41:44,588 [INFO] pipeline.mercado: Baixando preços: NTCO3.SA (2019-01-01 → 2026-04-28)
2026-04-28 09:41:45,878 [ERROR] yfinance: $NTCO3.SA: possibly delisted; no timezone found
2026-04-28 09:41:45,879 [ERROR] yfinance: 
1 Failed download:
2026-04-28 09:41:45,879 [ERROR] yfinance: ['NTCO3.SA']: possibly delisted; no timezone found
2026-04-28 09:41:45,882 [WARNING] pipeline.mercado: Sem dados de preços para NTCO3.SA
2026-04-28 09:41:45,883 [INFO] pipeline.mercado: Baixando preços: ^BVSP (2019-01-01 → 2026-04-28)
2026-04-28 09:41:45,917 [INFO] pipeline.mercado:   1820 dias de preços carregados
2026-04-28 09:41:45,918 [WARNING] pipeline.mercado: Dados insuficientes para calcular beta
2026-04-28 09:41:45,918 [INFO] pipeline:   Beta estatístico: 0.850 | Beta utilizado: 0.850
2026-04-28 09:41:45,918 [INFO] pipeline: 
[2/6] Coletando dados macroeconômicos (BCB)...
2026-04-28 09:41:46,204 [WARNING] pipeline.macro: Não foi possível obter Focus Selic: 400 Client Error: Bad Request for url: https://olinda.bcb.gov.br/olinda/servico/Expectativas/versao/v1/odata/ExpectativasMercadoAnuais?%24filter=Indicador%20eq%20'Selic'&%24top=100&%24format=json&%24select=Indicador,Data,Ano,Mediana
2026-04-28 09:41:46,496 [WARNING] pipeline.macro: Não foi possível obter Focus IPCA: 400 Client Error: Bad Request for url: https://olinda.bcb.gov.br/olinda/servico/Expectativas/versao/v1/odata/ExpectativasMercadoAnuais?%24filter=Indicador%20eq%20'IPCA'&%24top=100&%24format=json&%24select=Indicador,Data,Ano,Mediana
2026-04-28 09:41:46,497 [INFO] pipeline.macro: 
=== Coletando dados macroeconômicos ===
2026-04-28 09:41:46,497 [INFO] pipeline.macro: Baixando série BCB 432...
2026-04-28 09:41:49,554 [ERROR] pipeline.macro: Erro ao baixar série BCB 432: 406 Client Error: Not Acceptable for url: https://api.bcb.gov.br/dados/serie/bcdata.sgs.432/dados?formato=json&dataInicial=01%2F01%2F2010&dataFinal=28%2F04%2F2026
2026-04-28 09:41:49,555 [WARNING] pipeline.macro: Série Selic meta sem DatetimeIndex — usando fallback histórico
2026-04-28 09:41:49,555 [INFO] pipeline.macro: Baixando série BCB 12...
2026-04-28 09:41:49,656 [ERROR] pipeline.macro: Erro ao baixar série BCB 12: 406 Client Error: Not Acceptable for url: https://api.bcb.gov.br/dados/serie/bcdata.sgs.12/dados?formato=json&dataInicial=01%2F01%2F2010&dataFinal=28%2F04%2F2026
2026-04-28 09:41:49,656 [WARNING] pipeline.macro: Série DI sem DatetimeIndex — usando fallback histórico
2026-04-28 09:41:49,656 [INFO] pipeline.macro: Baixando série BCB 13522...
2026-04-28 09:41:49,772 [INFO] pipeline.macro:   Série 13522: 195 observações (2010-01-01 → 2026-03-01)
2026-04-28 09:41:49,773 [WARNING] pipeline.macro: IPCA calculado fora do intervalo plausível (46.1%) para 2020 — usando fallback
2026-04-28 09:41:49,774 [WARNING] pipeline.macro: IPCA calculado fora do intervalo plausível (159.3%) para 2021 — usando fallback
2026-04-28 09:41:49,774 [WARNING] pipeline.macro: IPCA calculado fora do intervalo plausível (191.2%) para 2022 — usando fallback
2026-04-28 09:41:49,774 [WARNING] pipeline.macro: IPCA calculado fora do intervalo plausível (71.5%) para 2023 — usando fallback
2026-04-28 09:41:49,774 [WARNING] pipeline.macro: IPCA calculado fora do intervalo plausível (67.0%) para 2024 — usando fallback
2026-04-28 09:41:49,775 [WARNING] pipeline.macro: IPCA calculado fora do intervalo plausível (80.0%) para 2025 — usando fallback
2026-04-28 09:41:49,775 [INFO] pipeline.macro: Baixando série BCB 258...
2026-04-28 09:41:49,876 [ERROR] pipeline.macro: Erro ao baixar série BCB 258: 406 Client Error: Not Acceptable for url: https://api.bcb.gov.br/dados/serie/bcdata.sgs.258/dados?formato=json&dataInicial=01%2F01%2F2010&dataFinal=28%2F04%2F2026
2026-04-28 09:41:49,876 [WARNING] pipeline.macro: Série TJLP sem DatetimeIndex — usando fallback histórico
2026-04-28 09:41:49,876 [INFO] pipeline.macro: Baixando série BCB 29039...
2026-04-28 09:41:50,584 [INFO] pipeline.macro:   Série 29039: 195 observações (2010-01-01 → 2026-03-01)
2026-04-28 09:41:50,586 [INFO] pipeline.macro: Baixando série BCB 13522...
2026-04-28 09:42:20,588 [ERROR] pipeline.macro: Erro ao baixar série BCB 13522: HTTPSConnectionPool(host='api.bcb.gov.br', port=443): Read timed out. (read timeout=30)
2026-04-28 09:42:20,588 [WARNING] pipeline.macro: Série IPCA sem DatetimeIndex — usando fallback histórico
2026-04-28 09:42:20,589 [INFO] pipeline.macro: 
RESUMO MACRO HISTÓRICO:
2026-04-28 09:42:20,589 [INFO] pipeline.macro:   selic_meta     : 2021: 9.25% | 2022: 13.75% | 2023: 11.75% | 2024: 11.75% | 2025: 10.00%
2026-04-28 09:42:20,589 [INFO] pipeline.macro:   selic_efet     : 2021: 4.48% | 2022: 12.33% | 2023: 13.15% | 2024: 10.73% | 2025: 10.50%
2026-04-28 09:42:20,589 [INFO] pipeline.macro:   ipca           : 2021: 10.06% | 2022: 5.62% | 2023: 4.62% | 2024: 4.83% | 2025: 4.50%
2026-04-28 09:42:20,589 [INFO] pipeline.macro:   tjlp           : 2021: 5.25% | 2022: 6.25% | 2023: 7.00% | 2024: 7.00% | 2025: 6.50%
2026-04-28 09:42:20,590 [INFO] pipeline.macro:   cds            : 2021: 0.73% | 2022: 1.26% | 2023: 0.84% | 2024: 0.81% | 2025: 0.76%
2026-04-28 09:42:20,590 [INFO] pipeline.macro:   inflacao_impl  : 2021: 10.06% | 2022: 5.62% | 2023: 4.62% | 2024: 4.83% | 2025: 4.50%
2026-04-28 09:42:20,590 [INFO] pipeline: 
[3/6] Baixando demonstrações financeiras (CVM)...
2026-04-28 09:42:20,591 [INFO] pipeline.cvm: 
==================================================
2026-04-28 09:42:20,591 [INFO] pipeline.cvm: Baixando DFP 2020...
2026-04-28 09:42:20,591 [INFO] pipeline.cvm: Baixando: https://dados.cvm.gov.br/dados/CIA_ABERTA/DOC/DFP/DADOS/dfp_cia_aberta_2020.zip
2026-04-28 09:42:24,120 [INFO] pipeline.cvm:   DFP dre 2020: 70 linhas
2026-04-28 09:42:24,120 [INFO] pipeline.cvm: Baixando: https://dados.cvm.gov.br/dados/CIA_ABERTA/DOC/DFP/DADOS/dfp_cia_aberta_2020.zip
2026-04-28 09:42:28,012 [INFO] pipeline.cvm:   DFP bpa 2020: 134 linhas
2026-04-28 09:42:28,012 [INFO] pipeline.cvm: Baixando: https://dados.cvm.gov.br/dados/CIA_ABERTA/DOC/DFP/DADOS/dfp_cia_aberta_2020.zip
2026-04-28 09:42:33,815 [INFO] pipeline.cvm:   DFP bpp 2020: 226 linhas
2026-04-28 09:42:33,816 [INFO] pipeline.cvm: Baixando: https://dados.cvm.gov.br/dados/CIA_ABERTA/DOC/DFP/DADOS/dfp_cia_aberta_2020.zip
2026-04-28 09:42:37,924 [INFO] pipeline.cvm:   DFP dfc_mi 2020: 122 linhas
2026-04-28 09:42:37,924 [INFO] pipeline.cvm: Baixando: https://dados.cvm.gov.br/dados/CIA_ABERTA/DOC/DFP/DADOS/dfp_cia_aberta_2020.zip
2026-04-28 09:42:40,319 [WARNING] pipeline.cvm:   Empresa 24783 não encontrada em dfc_md 2020
2026-04-28 09:42:40,319 [INFO] pipeline.cvm: 
==================================================
2026-04-28 09:42:40,320 [INFO] pipeline.cvm: Baixando DFP 2021...
2026-04-28 09:42:40,320 [INFO] pipeline.cvm: Baixando: https://dados.cvm.gov.br/dados/CIA_ABERTA/DOC/DFP/DADOS/dfp_cia_aberta_2021.zip
2026-04-28 09:42:44,130 [INFO] pipeline.cvm:   DFP dre 2021: 70 linhas
2026-04-28 09:42:44,131 [INFO] pipeline.cvm: Baixando: https://dados.cvm.gov.br/dados/CIA_ABERTA/DOC/DFP/DADOS/dfp_cia_aberta_2021.zip
2026-04-28 09:42:48,736 [INFO] pipeline.cvm:   DFP bpa 2021: 134 linhas
2026-04-28 09:42:48,737 [INFO] pipeline.cvm: Baixando: https://dados.cvm.gov.br/dados/CIA_ABERTA/DOC/DFP/DADOS/dfp_cia_aberta_2021.zip
2026-04-28 09:42:55,084 [INFO] pipeline.cvm:   DFP bpp 2021: 226 linhas
2026-04-28 09:42:55,084 [INFO] pipeline.cvm: Baixando: https://dados.cvm.gov.br/dados/CIA_ABERTA/DOC/DFP/DADOS/dfp_cia_aberta_2021.zip
2026-04-28 09:42:59,630 [INFO] pipeline.cvm:   DFP dfc_mi 2021: 122 linhas
2026-04-28 09:42:59,630 [INFO] pipeline.cvm: Baixando: https://dados.cvm.gov.br/dados/CIA_ABERTA/DOC/DFP/DADOS/dfp_cia_aberta_2021.zip
2026-04-28 09:43:02,344 [WARNING] pipeline.cvm:   Empresa 24783 não encontrada em dfc_md 2021
2026-04-28 09:43:02,344 [INFO] pipeline.cvm: 
==================================================
2026-04-28 09:43:02,344 [INFO] pipeline.cvm: Baixando DFP 2022...
2026-04-28 09:43:02,345 [INFO] pipeline.cvm: Baixando: https://dados.cvm.gov.br/dados/CIA_ABERTA/DOC/DFP/DADOS/dfp_cia_aberta_2022.zip
2026-04-28 09:43:06,647 [INFO] pipeline.cvm:   DFP dre 2022: 70 linhas
2026-04-28 09:43:06,647 [INFO] pipeline.cvm: Baixando: https://dados.cvm.gov.br/dados/CIA_ABERTA/DOC/DFP/DADOS/dfp_cia_aberta_2022.zip
2026-04-28 09:43:13,345 [INFO] pipeline.cvm:   DFP bpa 2022: 134 linhas
2026-04-28 09:43:13,345 [INFO] pipeline.cvm: Baixando: https://dados.cvm.gov.br/dados/CIA_ABERTA/DOC/DFP/DADOS/dfp_cia_aberta_2022.zip
2026-04-28 09:43:21,480 [INFO] pipeline.cvm:   DFP bpp 2022: 228 linhas
2026-04-28 09:43:21,480 [INFO] pipeline.cvm: Baixando: https://dados.cvm.gov.br/dados/CIA_ABERTA/DOC/DFP/DADOS/dfp_cia_aberta_2022.zip
2026-04-28 09:43:28,319 [INFO] pipeline.cvm:   DFP dfc_mi 2022: 122 linhas
2026-04-28 09:43:28,320 [INFO] pipeline.cvm: Baixando: https://dados.cvm.gov.br/dados/CIA_ABERTA/DOC/DFP/DADOS/dfp_cia_aberta_2022.zip
2026-04-28 09:43:32,354 [WARNING] pipeline.cvm:   Empresa 24783 não encontrada em dfc_md 2022
2026-04-28 09:43:32,354 [INFO] pipeline.cvm: 
==================================================
2026-04-28 09:43:32,354 [INFO] pipeline.cvm: Baixando DFP 2023...
2026-04-28 09:43:32,354 [INFO] pipeline.cvm: Baixando: https://dados.cvm.gov.br/dados/CIA_ABERTA/DOC/DFP/DADOS/dfp_cia_aberta_2023.zip
2026-04-28 09:43:37,278 [INFO] pipeline.cvm:   DFP dre 2023: 70 linhas
2026-04-28 09:43:37,278 [INFO] pipeline.cvm: Baixando: https://dados.cvm.gov.br/dados/CIA_ABERTA/DOC/DFP/DADOS/dfp_cia_aberta_2023.zip
2026-04-28 09:43:42,384 [INFO] pipeline.cvm:   DFP bpa 2023: 140 linhas
2026-04-28 09:43:42,384 [INFO] pipeline.cvm: Baixando: https://dados.cvm.gov.br/dados/CIA_ABERTA/DOC/DFP/DADOS/dfp_cia_aberta_2023.zip
2026-04-28 09:43:48,893 [INFO] pipeline.cvm:   DFP bpp 2023: 228 linhas
2026-04-28 09:43:48,894 [INFO] pipeline.cvm: Baixando: https://dados.cvm.gov.br/dados/CIA_ABERTA/DOC/DFP/DADOS/dfp_cia_aberta_2023.zip
2026-04-28 09:43:52,961 [INFO] pipeline.cvm:   DFP dfc_mi 2023: 128 linhas
2026-04-28 09:43:52,961 [INFO] pipeline.cvm: Baixando: https://dados.cvm.gov.br/dados/CIA_ABERTA/DOC/DFP/DADOS/dfp_cia_aberta_2023.zip
2026-04-28 09:43:57,353 [WARNING] pipeline.cvm:   Empresa 24783 não encontrada em dfc_md 2023
2026-04-28 09:43:57,353 [INFO] pipeline.cvm: 
==================================================
2026-04-28 09:43:57,353 [INFO] pipeline.cvm: Baixando DFP 2024...
2026-04-28 09:43:57,354 [INFO] pipeline.cvm: Baixando: https://dados.cvm.gov.br/dados/CIA_ABERTA/DOC/DFP/DADOS/dfp_cia_aberta_2024.zip
2026-04-28 09:44:05,347 [INFO] pipeline.cvm:   DFP dre 2024: 64 linhas
2026-04-28 09:44:05,347 [INFO] pipeline.cvm: Baixando: https://dados.cvm.gov.br/dados/CIA_ABERTA/DOC/DFP/DADOS/dfp_cia_aberta_2024.zip
2026-04-28 09:44:12,817 [INFO] pipeline.cvm:   DFP bpa 2024: 140 linhas
2026-04-28 09:44:12,817 [INFO] pipeline.cvm: Baixando: https://dados.cvm.gov.br/dados/CIA_ABERTA/DOC/DFP/DADOS/dfp_cia_aberta_2024.zip
2026-04-28 09:44:21,761 [INFO] pipeline.cvm:   DFP bpp 2024: 232 linhas
2026-04-28 09:44:21,761 [INFO] pipeline.cvm: Baixando: https://dados.cvm.gov.br/dados/CIA_ABERTA/DOC/DFP/DADOS/dfp_cia_aberta_2024.zip
2026-04-28 09:44:31,572 [INFO] pipeline.cvm:   DFP dfc_mi 2024: 138 linhas
2026-04-28 09:44:31,572 [INFO] pipeline.cvm: Baixando: https://dados.cvm.gov.br/dados/CIA_ABERTA/DOC/DFP/DADOS/dfp_cia_aberta_2024.zip
2026-04-28 09:44:35,033 [WARNING] pipeline.cvm:   Empresa 24783 não encontrada em dfc_md 2024
2026-04-28 09:44:35,034 [INFO] pipeline.cvm: 
==================================================
2026-04-28 09:44:35,034 [INFO] pipeline.cvm: Baixando DFP 2025...
2026-04-28 09:44:35,034 [INFO] pipeline.cvm: Baixando: https://dados.cvm.gov.br/dados/CIA_ABERTA/DOC/DFP/DADOS/dfp_cia_aberta_2025.zip
2026-04-28 09:44:40,416 [WARNING] pipeline.cvm:   Empresa 24783 não encontrada em dre 2025
2026-04-28 09:44:40,417 [INFO] pipeline.cvm: Baixando: https://dados.cvm.gov.br/dados/CIA_ABERTA/DOC/DFP/DADOS/dfp_cia_aberta_2025.zip
2026-04-28 09:44:46,977 [WARNING] pipeline.cvm:   Empresa 24783 não encontrada em bpa 2025
2026-04-28 09:44:46,977 [INFO] pipeline.cvm: Baixando: https://dados.cvm.gov.br/dados/CIA_ABERTA/DOC/DFP/DADOS/dfp_cia_aberta_2025.zip
2026-04-28 09:44:52,886 [WARNING] pipeline.cvm:   Empresa 24783 não encontrada em bpp 2025
2026-04-28 09:44:52,886 [INFO] pipeline.cvm: Baixando: https://dados.cvm.gov.br/dados/CIA_ABERTA/DOC/DFP/DADOS/dfp_cia_aberta_2025.zip
2026-04-28 09:44:56,718 [WARNING] pipeline.cvm:   Empresa 24783 não encontrada em dfc_mi 2025
2026-04-28 09:44:56,718 [INFO] pipeline.cvm: Baixando: https://dados.cvm.gov.br/dados/CIA_ABERTA/DOC/DFP/DADOS/dfp_cia_aberta_2025.zip
2026-04-28 09:45:00,618 [WARNING] pipeline.cvm:   Empresa 24783 não encontrada em dfc_md 2025
2026-04-28 09:45:00,618 [INFO] pipeline:   DFP 2025 indisponível — tentando anualizar via ITR...
2026-04-28 09:45:00,618 [INFO] pipeline.cvm: 
==================================================
2026-04-28 09:45:00,618 [INFO] pipeline.cvm: Tentando anualizar 2025 via ITR (LTM)...
2026-04-28 09:45:00,619 [INFO] pipeline.cvm: Baixando: https://dados.cvm.gov.br/dados/CIA_ABERTA/DOC/ITR/DADOS/itr_cia_aberta_2025.zip
2026-04-28 09:45:22,855 [INFO] pipeline.cvm:   ITR dre 2025 Ttodos: 188 linhas
2026-04-28 09:45:22,855 [INFO] pipeline.cvm: Baixando: https://dados.cvm.gov.br/dados/CIA_ABERTA/DOC/ITR/DADOS/itr_cia_aberta_2025.zip
2026-04-28 09:45:39,934 [INFO] pipeline.cvm:   ITR bpa 2025 Ttodos: 280 linhas
2026-04-28 09:45:39,934 [INFO] pipeline.cvm: Baixando: https://dados.cvm.gov.br/dados/CIA_ABERTA/DOC/ITR/DADOS/itr_cia_aberta_2025.zip
2026-04-28 09:45:52,041 [INFO] pipeline.cvm:   ITR bpp 2025 Ttodos: 464 linhas
2026-04-28 09:45:52,042 [INFO] pipeline.cvm: Baixando: https://dados.cvm.gov.br/dados/CIA_ABERTA/DOC/ITR/DADOS/itr_cia_aberta_2025.zip
2026-04-28 09:46:01,767 [INFO] pipeline.cvm:   ITR dfc_mi 2025 Ttodos: 256 linhas
2026-04-28 09:46:01,768 [INFO] pipeline.cvm: Baixando: https://dados.cvm.gov.br/dados/CIA_ABERTA/DOC/ITR/DADOS/itr_cia_aberta_2025.zip
2026-04-28 09:46:15,181 [INFO] pipeline.cvm:   Último trimestre: 2T2025 (6 meses)
2026-04-28 09:46:15,182 [INFO] pipeline.cvm:   LTM = Acum 6m/2025 + (DFP 2024 - Acum 6m/2024)
2026-04-28 09:46:15,189 [INFO] pipeline.cvm:   LTM dre: 31 linhas
2026-04-28 09:46:15,196 [INFO] pipeline.cvm:   LTM dfc_mi: 64 linhas
2026-04-28 09:46:15,199 [INFO] pipeline.cvm:   Balanço bpa (posição 2T2025): 70 linhas
2026-04-28 09:46:15,202 [INFO] pipeline.cvm:   Balanço bpp (posição 2T2025): 116 linhas
2026-04-28 09:46:15,202 [INFO] pipeline.cvm:   Anualização 2025 concluída com sucesso (2T LTM)
2026-04-28 09:46:15,202 [INFO] pipeline:   ✓ 2025 anualizado via ITR (LTM)
2026-04-28 09:46:15,203 [INFO] pipeline: 
[4/6] Normalizando dados...
2026-04-28 09:46:16,386 [INFO] pipeline:   DFC normalizada: 11 linhas
2026-04-28 09:46:16,388 [INFO] pipeline:   DRE normalizada:
2026-04-28 09:46:16,388 [INFO] pipeline:     receita_liquida: 2020: 36,922 | 2021: 40,165 | 2022: 36,350 | 2023: 26,737 | 2024: 24,090 | 2025: 20,294
2026-04-28 09:46:16,388 [INFO] pipeline:     ebit: 2020: 790 | 2021: 1,118 | 2022: -458 | 2023: -155 | 2024: 908 | 2025: 976
2026-04-28 09:46:16,388 [INFO] pipeline:     lucro_liquido: 2020: -650 | 2021: 1,048 | 2022: -2,860 | 2023: 2,974 | 2024: -8,930 | 2025: 4,813
2026-04-28 09:46:16,388 [INFO] pipeline: 
[5/6] Calculando projeções...
2026-04-28 09:46:16,389 [INFO] pipeline.projecoes: 
=== Projeções (não-financeira / FCFF) ===
2026-04-28 09:46:16,390 [INFO] pipeline.projecoes:   Margem EBITDA: 11.5% → 16.0% (conv 6a)
2026-04-28 09:46:16,390 [INFO] pipeline.projecoes:   D&A/Receita: 8.1%
2026-04-28 09:46:16,391 [INFO] pipeline.projecoes:   CAPEX/Receita: 1.9% → 4.0%
2026-04-28 09:46:16,392 [INFO] pipeline.projecoes:   NCG/Receita: 6.7% → 10.0%
2026-04-28 09:46:16,393 [INFO] pipeline.projecoes:   Alíquota efetiva: 34.0%
2026-04-28 09:46:16,393 [INFO] pipeline.projecoes: Projeções concluídas (FCFF). Resumo:
2026-04-28 09:46:16,394 [INFO] pipeline.projecoes:    Ano      Receita     EBITDA    Mg%      NOPAT       FCFF
2026-04-28 09:46:16,394 [INFO] pipeline.projecoes:   2026       21,833      2,677  12.3%        597      2,763
2026-04-28 09:46:16,394 [INFO] pipeline.projecoes:   2027       23,398      3,044  13.0%        755      1,745
2026-04-28 09:46:16,394 [INFO] pipeline.projecoes:   2028       24,978      3,436  13.8%        930      1,878
2026-04-28 09:46:16,394 [INFO] pipeline.projecoes:   2029       26,560      3,852  14.5%      1,120      2,014
2026-04-28 09:46:16,394 [INFO] pipeline.projecoes:   2030       28,131      4,291  15.3%      1,325      2,153
2026-04-28 09:46:16,394 [INFO] pipeline.valuation:   Estrutura de capital: E=20% | D=80%
2026-04-28 09:46:16,394 [INFO] pipeline: 
[6/6] Calculando valuation (FCFF / WACC)...
2026-04-28 09:46:16,394 [INFO] pipeline.valuation: 
==================================================
2026-04-28 09:46:16,394 [INFO] pipeline.valuation: VALUATION FCFF/WACC — NTCO3
2026-04-28 09:46:16,394 [INFO] pipeline.valuation:   VP FCFF (10a):     R$       15,547 MM
2026-04-28 09:46:16,395 [INFO] pipeline.valuation:   Valor Perp. (VP):  R$       61,398 MM
2026-04-28 09:46:16,395 [INFO] pipeline.valuation:   ENTERPRISE VALUE:  R$       76,945 MM
2026-04-28 09:46:16,395 [INFO] pipeline.valuation:   (-) Dívida Líq.:   R$        4,017 MM
2026-04-28 09:46:16,395 [INFO] pipeline.valuation:   VALOR DO EQUITY:   R$       72,929 MM
2026-04-28 09:46:16,395 [INFO] pipeline.valuation:   Preço Justo ON:    R$     0.00
2026-04-28 09:46:16,395 [INFO] pipeline.valuation:   Preço Justo PN:    R$     0.00
2026-04-28 09:46:16,395 [INFO] pipeline.valuation:   Cotação ON:        R$     0.00
2026-04-28 09:46:16,395 [INFO] pipeline.valuation:   Upside ON:                0.0%
2026-04-28 09:46:16,395 [INFO] pipeline.valuation:   TIR (ON):                 0.0%
2026-04-28 09:46:16,395 [INFO] pipeline.valuation:   WACC último ano:          7.9%
2026-04-28 09:46:16,395 [WARNING] pipeline: 
[!] AVISOS DE VALIDACAO:
2026-04-28 09:46:16,395 [WARNING] pipeline:   - Preço Justo ON inválido (≤ 0)
2026-04-28 09:46:16,396 [INFO] pipeline:   Sem template VAROS para NTCO3 — Excel será criado do zero
2026-04-28 09:46:16,397 [INFO] pipeline.excel_geral: 
============================================================
2026-04-28 09:46:16,397 [INFO] pipeline.excel_geral: Criando Excel completo (12 abas) para: Natura &Co (NTCO3)
2026-04-28 09:46:16,398 [INFO] pipeline.excel_geral:   → 1/12  Dashboard
2026-04-28 09:46:16,406 [INFO] pipeline.excel_geral:   → 2/12  WACC
2026-04-28 09:46:16,438 [INFO] pipeline.excel_geral:   → 3/12  TIR ON
2026-04-28 09:46:16,447 [INFO] pipeline.excel_geral:   → 4/12  TIR PN
2026-04-28 09:46:16,455 [INFO] pipeline.excel_geral:   → 5/12  Valor do Equity
2026-04-28 09:46:16,460 [INFO] pipeline.excel_geral:   → 6/12  Preço Teto
2026-04-28 09:46:16,466 [INFO] pipeline.excel_geral:   → 7/12  DRE + DCF
2026-04-28 09:46:16,627 [INFO] pipeline.excel_geral:   → 8/12  DRE Contas Abertas
2026-04-28 09:46:16,696 [INFO] pipeline.excel_geral:   → 9/12  Balanço Patrimonial
2026-04-28 09:46:16,733 [INFO] pipeline.excel_geral:   → 10/12 Painel de Índices
2026-04-28 09:46:16,785 [INFO] pipeline.excel_geral:   → 11/12 Projeções Premissas
2026-04-28 09:46:16,805 [INFO] pipeline.excel_geral:   → 12/12 Projeções Capex e CG
2026-04-28 09:46:16,890 [INFO] pipeline.excel_geral: 
Arquivo salvo: C:\Users\55819\OneDrive - EPEJUD\DIEGO\OBSIDIAN\Analista de Investimentos\12_PYTHON\pipeline banco completo\outputs\Valuation_NTCO3_Natura &Co_20260428.xlsx
2026-04-28 09:46:16,890 [INFO] pipeline: 
======================================================================
2026-04-28 09:46:16,890 [INFO] pipeline: RESUMO DO VALUATION (FCFF/WACC)
2026-04-28 09:46:16,890 [INFO] pipeline: ======================================================================
2026-04-28 09:46:16,890 [INFO] pipeline:   Empresa:           Natura &Co (NTCO3)
2026-04-28 09:46:16,890 [INFO] pipeline:   Enterprise Value:  R$       76,945 MM
2026-04-28 09:46:16,891 [INFO] pipeline:   Cotação ON:        R$ 0.00
2026-04-28 09:46:16,891 [INFO] pipeline:   Preço Justo ON:    R$ 0.00
2026-04-28 09:46:16,891 [INFO] pipeline:   Upside ON:            0.0%
2026-04-28 09:46:16,891 [INFO] pipeline:   TIR:                  0.0%
2026-04-28 09:46:16,891 [INFO] pipeline:   Preço Teto ON:     R$ 0.00
2026-04-28 09:46:16,891 [INFO] pipeline: 
  [!] 1 aviso(s) de validacao — verifique os logs
2026-04-28 09:46:16,891 [INFO] pipeline: 
  Arquivo gerado:    C:\Users\55819\OneDrive - EPEJUD\DIEGO\OBSIDIAN\Analista de Investimentos\12_PYTHON\pipeline banco completo\outputs\Valuation_NTCO3_Natura &Co_20260428.xlsx
2026-04-28 09:46:16,891 [INFO] pipeline: ======================================================================
2026-04-28 09:46:16,892 [INFO] pipeline: ✓ NTCO3: arquivo gerado → C:\Users\55819\OneDrive - EPEJUD\DIEGO\OBSIDIAN\Analista de Investimentos\12_PYTHON\pipeline banco completo\outputs\Valuation_NTCO3_Natura &Co_20260428.xlsx
2026-04-28 09:46:16,893 [INFO] pipeline: 
──────────────────────────────────────────────────────────────────────
2026-04-28 09:46:16,893 [INFO] pipeline: Processando: CEAB3 (C&A Brasil)
2026-04-28 09:46:16,893 [INFO] pipeline: ──────────────────────────────────────────────────────────────────────
2026-04-28 09:46:16,893 [INFO] pipeline: ======================================================================
2026-04-28 09:46:16,893 [INFO] pipeline: PIPELINE DE VALUATION [CONSUMO_VAREJO] — CEAB3 — C&A Brasil
2026-04-28 09:46:16,893 [INFO] pipeline: Início: 2026-04-28 09:46:16
2026-04-28 09:46:16,893 [INFO] pipeline:   Setor: consumo_varejo | Motor: WACC
2026-04-28 09:46:16,893 [INFO] pipeline: ======================================================================
2026-04-28 09:46:16,893 [INFO] pipeline: 
[1/6] Coletando dados de mercado...
2026-04-28 09:46:16,894 [INFO] pipeline:   Buscando cotação via yfinance...
2026-04-28 09:46:16,894 [INFO] pipeline.mercado: Buscando cotação atual: CEAB3.SA
2026-04-28 09:46:18,219 [INFO] pipeline:   Cotação ON: R$ 11.20  |  Cotação PN: R$ 0.00
2026-04-28 09:46:18,344 [INFO] pipeline.mercado: Calculando beta: CEAB3 (252 dias úteis)
2026-04-28 09:46:18,344 [INFO] pipeline.mercado: Baixando preços: CEAB3.SA (2019-01-01 → 2026-04-28)
2026-04-28 09:46:18,964 [INFO] pipeline.mercado:   1608 dias de preços carregados
2026-04-28 09:46:18,965 [INFO] pipeline.mercado: Baixando preços: ^BVSP (2019-01-01 → 2026-04-28)
2026-04-28 09:46:18,996 [INFO] pipeline.mercado:   1820 dias de preços carregados
2026-04-28 09:46:18,999 [INFO] pipeline.mercado:   Beta estatístico: 1.6787 | R²: 0.264 | n=251
2026-04-28 09:46:19,001 [INFO] pipeline:   Beta estatístico: 1.679 | Beta utilizado: 0.850
2026-04-28 09:46:19,001 [INFO] pipeline: 
[2/6] Coletando dados macroeconômicos (BCB)...
2026-04-28 09:46:19,333 [WARNING] pipeline.macro: Não foi possível obter Focus Selic: 400 Client Error: Bad Request for url: https://olinda.bcb.gov.br/olinda/servico/Expectativas/versao/v1/odata/ExpectativasMercadoAnuais?%24filter=Indicador%20eq%20'Selic'&%24top=100&%24format=json&%24select=Indicador,Data,Ano,Mediana
2026-04-28 09:46:19,622 [WARNING] pipeline.macro: Não foi possível obter Focus IPCA: 400 Client Error: Bad Request for url: https://olinda.bcb.gov.br/olinda/servico/Expectativas/versao/v1/odata/ExpectativasMercadoAnuais?%24filter=Indicador%20eq%20'IPCA'&%24top=100&%24format=json&%24select=Indicador,Data,Ano,Mediana
2026-04-28 09:46:19,623 [INFO] pipeline.macro: 
=== Coletando dados macroeconômicos ===
2026-04-28 09:46:19,623 [INFO] pipeline.macro: Baixando série BCB 432...
2026-04-28 09:46:19,909 [ERROR] pipeline.macro: Erro ao baixar série BCB 432: 406 Client Error: Not Acceptable for url: https://api.bcb.gov.br/dados/serie/bcdata.sgs.432/dados?formato=json&dataInicial=01%2F01%2F2010&dataFinal=28%2F04%2F2026
2026-04-28 09:46:19,910 [WARNING] pipeline.macro: Série Selic meta sem DatetimeIndex — usando fallback histórico
2026-04-28 09:46:19,910 [INFO] pipeline.macro: Baixando série BCB 12...
2026-04-28 09:46:20,009 [ERROR] pipeline.macro: Erro ao baixar série BCB 12: 406 Client Error: Not Acceptable for url: https://api.bcb.gov.br/dados/serie/bcdata.sgs.12/dados?formato=json&dataInicial=01%2F01%2F2010&dataFinal=28%2F04%2F2026
2026-04-28 09:46:20,010 [WARNING] pipeline.macro: Série DI sem DatetimeIndex — usando fallback histórico
2026-04-28 09:46:20,010 [INFO] pipeline.macro: Baixando série BCB 13522...
2026-04-28 09:46:20,147 [INFO] pipeline.macro:   Série 13522: 195 observações (2010-01-01 → 2026-03-01)
2026-04-28 09:46:20,148 [WARNING] pipeline.macro: IPCA calculado fora do intervalo plausível (46.1%) para 2020 — usando fallback
2026-04-28 09:46:20,148 [WARNING] pipeline.macro: IPCA calculado fora do intervalo plausível (159.3%) para 2021 — usando fallback
2026-04-28 09:46:20,149 [WARNING] pipeline.macro: IPCA calculado fora do intervalo plausível (191.2%) para 2022 — usando fallback
2026-04-28 09:46:20,149 [WARNING] pipeline.macro: IPCA calculado fora do intervalo plausível (71.5%) para 2023 — usando fallback
2026-04-28 09:46:20,149 [WARNING] pipeline.macro: IPCA calculado fora do intervalo plausível (67.0%) para 2024 — usando fallback
2026-04-28 09:46:20,150 [WARNING] pipeline.macro: IPCA calculado fora do intervalo plausível (80.0%) para 2025 — usando fallback
2026-04-28 09:46:20,150 [INFO] pipeline.macro: Baixando série BCB 258...
2026-04-28 09:46:20,253 [ERROR] pipeline.macro: Erro ao baixar série BCB 258: 406 Client Error: Not Acceptable for url: https://api.bcb.gov.br/dados/serie/bcdata.sgs.258/dados?formato=json&dataInicial=01%2F01%2F2010&dataFinal=28%2F04%2F2026
2026-04-28 09:46:20,253 [WARNING] pipeline.macro: Série TJLP sem DatetimeIndex — usando fallback histórico
2026-04-28 09:46:20,253 [INFO] pipeline.macro: Baixando série BCB 29039...
2026-04-28 09:46:20,367 [INFO] pipeline.macro:   Série 29039: 195 observações (2010-01-01 → 2026-03-01)
2026-04-28 09:46:20,369 [INFO] pipeline.macro: Baixando série BCB 13522...
2026-04-28 09:46:20,482 [INFO] pipeline.macro:   Série 13522: 195 observações (2010-01-01 → 2026-03-01)
2026-04-28 09:46:20,483 [WARNING] pipeline.macro: IPCA calculado fora do intervalo plausível (46.1%) para 2020 — usando fallback
2026-04-28 09:46:20,483 [WARNING] pipeline.macro: IPCA calculado fora do intervalo plausível (159.3%) para 2021 — usando fallback
2026-04-28 09:46:20,483 [WARNING] pipeline.macro: IPCA calculado fora do intervalo plausível (191.2%) para 2022 — usando fallback
2026-04-28 09:46:20,484 [WARNING] pipeline.macro: IPCA calculado fora do intervalo plausível (71.5%) para 2023 — usando fallback
2026-04-28 09:46:20,484 [WARNING] pipeline.macro: IPCA calculado fora do intervalo plausível (67.0%) para 2024 — usando fallback
2026-04-28 09:46:20,484 [WARNING] pipeline.macro: IPCA calculado fora do intervalo plausível (80.0%) para 2025 — usando fallback
2026-04-28 09:46:20,484 [INFO] pipeline.macro: 
RESUMO MACRO HISTÓRICO:
2026-04-28 09:46:20,484 [INFO] pipeline.macro:   selic_meta     : 2021: 9.25% | 2022: 13.75% | 2023: 11.75% | 2024: 11.75% | 2025: 10.00%
2026-04-28 09:46:20,484 [INFO] pipeline.macro:   selic_efet     : 2021: 4.48% | 2022: 12.33% | 2023: 13.15% | 2024: 10.73% | 2025: 10.50%
2026-04-28 09:46:20,484 [INFO] pipeline.macro:   ipca           : 2021: 10.06% | 2022: 5.62% | 2023: 4.62% | 2024: 4.83% | 2025: 4.50%
2026-04-28 09:46:20,485 [INFO] pipeline.macro:   tjlp           : 2021: 5.25% | 2022: 6.25% | 2023: 7.00% | 2024: 7.00% | 2025: 6.50%
2026-04-28 09:46:20,485 [INFO] pipeline.macro:   cds            : 2021: 0.73% | 2022: 1.26% | 2023: 0.84% | 2024: 0.81% | 2025: 0.76%
2026-04-28 09:46:20,485 [INFO] pipeline.macro:   inflacao_impl  : 2021: 10.06% | 2022: 5.62% | 2023: 4.62% | 2024: 4.83% | 2025: 4.50%
2026-04-28 09:46:20,485 [INFO] pipeline: 
[3/6] Baixando demonstrações financeiras (CVM)...
2026-04-28 09:46:20,485 [INFO] pipeline.cvm: 
==================================================
2026-04-28 09:46:20,485 [INFO] pipeline.cvm: Baixando DFP 2020...
2026-04-28 09:46:20,485 [INFO] pipeline.cvm: Baixando: https://dados.cvm.gov.br/dados/CIA_ABERTA/DOC/DFP/DADOS/dfp_cia_aberta_2020.zip
2026-04-28 09:46:27,458 [INFO] pipeline.cvm:   DFP dre 2020: 72 linhas
2026-04-28 09:46:27,458 [INFO] pipeline.cvm: Baixando: https://dados.cvm.gov.br/dados/CIA_ABERTA/DOC/DFP/DADOS/dfp_cia_aberta_2020.zip
2026-04-28 09:46:33,363 [INFO] pipeline.cvm:   DFP bpa 2020: 132 linhas
2026-04-28 09:46:33,364 [INFO] pipeline.cvm: Baixando: https://dados.cvm.gov.br/dados/CIA_ABERTA/DOC/DFP/DADOS/dfp_cia_aberta_2020.zip
2026-04-28 09:46:38,853 [INFO] pipeline.cvm:   DFP bpp 2020: 218 linhas
2026-04-28 09:46:38,853 [INFO] pipeline.cvm: Baixando: https://dados.cvm.gov.br/dados/CIA_ABERTA/DOC/DFP/DADOS/dfp_cia_aberta_2020.zip
2026-04-28 09:46:42,626 [INFO] pipeline.cvm:   DFP dfc_mi 2020: 102 linhas
2026-04-28 09:46:42,627 [INFO] pipeline.cvm: Baixando: https://dados.cvm.gov.br/dados/CIA_ABERTA/DOC/DFP/DADOS/dfp_cia_aberta_2020.zip
2026-04-28 09:46:45,198 [WARNING] pipeline.cvm:   Empresa 24848 não encontrada em dfc_md 2020
2026-04-28 09:46:45,198 [INFO] pipeline.cvm: 
==================================================
2026-04-28 09:46:45,198 [INFO] pipeline.cvm: Baixando DFP 2021...
2026-04-28 09:46:45,199 [INFO] pipeline.cvm: Baixando: https://dados.cvm.gov.br/dados/CIA_ABERTA/DOC/DFP/DADOS/dfp_cia_aberta_2021.zip
2026-04-28 09:46:48,653 [INFO] pipeline.cvm:   DFP dre 2021: 76 linhas
2026-04-28 09:46:48,654 [INFO] pipeline.cvm: Baixando: https://dados.cvm.gov.br/dados/CIA_ABERTA/DOC/DFP/DADOS/dfp_cia_aberta_2021.zip
2026-04-28 09:46:53,181 [INFO] pipeline.cvm:   DFP bpa 2021: 132 linhas
2026-04-28 09:46:53,181 [INFO] pipeline.cvm: Baixando: https://dados.cvm.gov.br/dados/CIA_ABERTA/DOC/DFP/DADOS/dfp_cia_aberta_2021.zip
2026-04-28 09:46:58,590 [INFO] pipeline.cvm:   DFP bpp 2021: 218 linhas
2026-04-28 09:46:58,590 [INFO] pipeline.cvm: Baixando: https://dados.cvm.gov.br/dados/CIA_ABERTA/DOC/DFP/DADOS/dfp_cia_aberta_2021.zip
2026-04-28 09:47:03,263 [INFO] pipeline.cvm:   DFP dfc_mi 2021: 104 linhas
2026-04-28 09:47:03,263 [INFO] pipeline.cvm: Baixando: https://dados.cvm.gov.br/dados/CIA_ABERTA/DOC/DFP/DADOS/dfp_cia_aberta_2021.zip
2026-04-28 09:47:06,819 [WARNING] pipeline.cvm:   Empresa 24848 não encontrada em dfc_md 2021
2026-04-28 09:47:06,819 [INFO] pipeline.cvm: 
==================================================
2026-04-28 09:47:06,819 [INFO] pipeline.cvm: Baixando DFP 2022...
2026-04-28 09:47:06,819 [INFO] pipeline.cvm: Baixando: https://dados.cvm.gov.br/dados/CIA_ABERTA/DOC/DFP/DADOS/dfp_cia_aberta_2022.zip
2026-04-28 09:47:11,494 [INFO] pipeline.cvm:   DFP dre 2022: 76 linhas
2026-04-28 09:47:11,494 [INFO] pipeline.cvm: Baixando: https://dados.cvm.gov.br/dados/CIA_ABERTA/DOC/DFP/DADOS/dfp_cia_aberta_2022.zip
2026-04-28 09:47:17,186 [INFO] pipeline.cvm:   DFP bpa 2022: 134 linhas
2026-04-28 09:47:17,186 [INFO] pipeline.cvm: Baixando: https://dados.cvm.gov.br/dados/CIA_ABERTA/DOC/DFP/DADOS/dfp_cia_aberta_2022.zip
2026-04-28 09:47:23,903 [INFO] pipeline.cvm:   DFP bpp 2022: 218 linhas
2026-04-28 09:47:23,903 [INFO] pipeline.cvm: Baixando: https://dados.cvm.gov.br/dados/CIA_ABERTA/DOC/DFP/DADOS/dfp_cia_aberta_2022.zip
2026-04-28 09:47:28,486 [INFO] pipeline.cvm:   DFP dfc_mi 2022: 108 linhas
2026-04-28 09:47:28,487 [INFO] pipeline.cvm: Baixando: https://dados.cvm.gov.br/dados/CIA_ABERTA/DOC/DFP/DADOS/dfp_cia_aberta_2022.zip
2026-04-28 09:47:31,876 [WARNING] pipeline.cvm:   Empresa 24848 não encontrada em dfc_md 2022
2026-04-28 09:47:31,876 [INFO] pipeline.cvm: 
==================================================
2026-04-28 09:47:31,876 [INFO] pipeline.cvm: Baixando DFP 2023...
2026-04-28 09:47:31,876 [INFO] pipeline.cvm: Baixando: https://dados.cvm.gov.br/dados/CIA_ABERTA/DOC/DFP/DADOS/dfp_cia_aberta_2023.zip
2026-04-28 09:47:36,312 [INFO] pipeline.cvm:   DFP dre 2023: 78 linhas
2026-04-28 09:47:36,312 [INFO] pipeline.cvm: Baixando: https://dados.cvm.gov.br/dados/CIA_ABERTA/DOC/DFP/DADOS/dfp_cia_aberta_2023.zip
2026-04-28 09:47:50,927 [INFO] pipeline.cvm:   DFP bpa 2023: 134 linhas
2026-04-28 09:47:50,927 [INFO] pipeline.cvm: Baixando: https://dados.cvm.gov.br/dados/CIA_ABERTA/DOC/DFP/DADOS/dfp_cia_aberta_2023.zip
2026-04-28 09:47:57,696 [INFO] pipeline.cvm:   DFP bpp 2023: 224 linhas
2026-04-28 09:47:57,696 [INFO] pipeline.cvm: Baixando: https://dados.cvm.gov.br/dados/CIA_ABERTA/DOC/DFP/DADOS/dfp_cia_aberta_2023.zip
2026-04-28 09:48:02,146 [INFO] pipeline.cvm:   DFP dfc_mi 2023: 112 linhas
2026-04-28 09:48:02,147 [INFO] pipeline.cvm: Baixando: https://dados.cvm.gov.br/dados/CIA_ABERTA/DOC/DFP/DADOS/dfp_cia_aberta_2023.zip
2026-04-28 09:48:05,437 [WARNING] pipeline.cvm:   Empresa 24848 não encontrada em dfc_md 2023
2026-04-28 09:48:05,437 [INFO] pipeline.cvm: 
==================================================
2026-04-28 09:48:05,437 [INFO] pipeline.cvm: Baixando DFP 2024...
2026-04-28 09:48:05,437 [INFO] pipeline.cvm: Baixando: https://dados.cvm.gov.br/dados/CIA_ABERTA/DOC/DFP/DADOS/dfp_cia_aberta_2024.zip
2026-04-28 09:48:08,917 [INFO] pipeline.cvm:   DFP dre 2024: 78 linhas
2026-04-28 09:48:08,917 [INFO] pipeline.cvm: Baixando: https://dados.cvm.gov.br/dados/CIA_ABERTA/DOC/DFP/DADOS/dfp_cia_aberta_2024.zip
2026-04-28 09:48:13,438 [INFO] pipeline.cvm:   DFP bpa 2024: 136 linhas
2026-04-28 09:48:13,438 [INFO] pipeline.cvm: Baixando: https://dados.cvm.gov.br/dados/CIA_ABERTA/DOC/DFP/DADOS/dfp_cia_aberta_2024.zip
2026-04-28 09:48:18,989 [INFO] pipeline.cvm:   DFP bpp 2024: 224 linhas
2026-04-28 09:48:18,989 [INFO] pipeline.cvm: Baixando: https://dados.cvm.gov.br/dados/CIA_ABERTA/DOC/DFP/DADOS/dfp_cia_aberta_2024.zip
2026-04-28 09:48:23,264 [INFO] pipeline.cvm:   DFP dfc_mi 2024: 114 linhas
2026-04-28 09:48:23,264 [INFO] pipeline.cvm: Baixando: https://dados.cvm.gov.br/dados/CIA_ABERTA/DOC/DFP/DADOS/dfp_cia_aberta_2024.zip
2026-04-28 09:48:25,758 [WARNING] pipeline.cvm:   Empresa 24848 não encontrada em dfc_md 2024
2026-04-28 09:48:25,758 [INFO] pipeline.cvm: 
==================================================
2026-04-28 09:48:25,758 [INFO] pipeline.cvm: Baixando DFP 2025...
2026-04-28 09:48:25,758 [INFO] pipeline.cvm: Baixando: https://dados.cvm.gov.br/dados/CIA_ABERTA/DOC/DFP/DADOS/dfp_cia_aberta_2025.zip
2026-04-28 09:48:28,873 [INFO] pipeline.cvm:   DFP dre 2025: 76 linhas
2026-04-28 09:48:28,874 [INFO] pipeline.cvm: Baixando: https://dados.cvm.gov.br/dados/CIA_ABERTA/DOC/DFP/DADOS/dfp_cia_aberta_2025.zip
2026-04-28 09:48:32,996 [INFO] pipeline.cvm:   DFP bpa 2025: 136 linhas
2026-04-28 09:48:32,997 [INFO] pipeline.cvm: Baixando: https://dados.cvm.gov.br/dados/CIA_ABERTA/DOC/DFP/DADOS/dfp_cia_aberta_2025.zip
2026-04-28 09:48:38,585 [INFO] pipeline.cvm:   DFP bpp 2025: 228 linhas
2026-04-28 09:48:38,585 [INFO] pipeline.cvm: Baixando: https://dados.cvm.gov.br/dados/CIA_ABERTA/DOC/DFP/DADOS/dfp_cia_aberta_2025.zip
2026-04-28 09:48:43,767 [INFO] pipeline.cvm:   DFP dfc_mi 2025: 84 linhas
2026-04-28 09:48:43,767 [INFO] pipeline.cvm: Baixando: https://dados.cvm.gov.br/dados/CIA_ABERTA/DOC/DFP/DADOS/dfp_cia_aberta_2025.zip
2026-04-28 09:48:47,245 [WARNING] pipeline.cvm:   Empresa 24848 não encontrada em dfc_md 2025
2026-04-28 09:48:47,245 [INFO] pipeline: 
[4/6] Normalizando dados...
2026-04-28 09:48:48,554 [INFO] pipeline:   DFC normalizada: 11 linhas
2026-04-28 09:48:48,556 [INFO] pipeline:   DRE normalizada:
2026-04-28 09:48:48,556 [INFO] pipeline:     receita_liquida: 2020: 4,085 | 2021: 5,153 | 2022: 6,184 | 2023: 6,719 | 2024: 7,637 | 2025: 7,983
2026-04-28 09:48:48,556 [INFO] pipeline:     ebit: 2020: -164 | 2021: 93 | 2022: 268 | 2023: 394 | 2024: 809 | 2025: 1,045
2026-04-28 09:48:48,557 [INFO] pipeline:     lucro_liquido: 2020: -166 | 2021: 329 | 2022: 1 | 2023: 2 | 2024: 452 | 2025: 587
2026-04-28 09:48:48,557 [INFO] pipeline: 
[5/6] Calculando projeções...
2026-04-28 09:48:48,557 [INFO] pipeline.projecoes: 
=== Projeções (não-financeira / FCFF) ===
2026-04-28 09:48:48,558 [INFO] pipeline.projecoes:   Margem EBITDA: 16.3% → 11.0% (conv 6a)
2026-04-28 09:48:48,559 [INFO] pipeline.projecoes:   D&A/Receita: 4.0%
2026-04-28 09:48:48,559 [INFO] pipeline.projecoes:   CAPEX/Receita: 0.0% → 4.0%
2026-04-28 09:48:48,560 [INFO] pipeline.projecoes:   NCG/Receita: 11.4% → 10.0%
2026-04-28 09:48:48,562 [INFO] pipeline.projecoes:   Alíquota efetiva: 19.2%
2026-04-28 09:48:48,562 [INFO] pipeline.projecoes: Projeções concluídas (FCFF). Resumo:
2026-04-28 09:48:48,562 [INFO] pipeline.projecoes:    Ano      Receita     EBITDA    Mg%      NOPAT       FCFF
2026-04-28 09:48:48,563 [INFO] pipeline.projecoes:   2026        8,588      1,325  15.4%        796      1,270
2026-04-28 09:48:48,563 [INFO] pipeline.projecoes:   2027        9,204      1,339  14.5%        788        961
2026-04-28 09:48:48,563 [INFO] pipeline.projecoes:   2028        9,825      1,342  13.7%        770        883
2026-04-28 09:48:48,563 [INFO] pipeline.projecoes:   2029       10,447      1,334  12.8%        744        787
2026-04-28 09:48:48,563 [INFO] pipeline.projecoes:   2030       11,065      1,315  11.9%        709        672
2026-04-28 09:48:48,563 [INFO] pipeline.valuation:   Estrutura de capital: E=95% | D=5%
2026-04-28 09:48:48,563 [INFO] pipeline: 
[6/6] Calculando valuation (FCFF / WACC)...
2026-04-28 09:48:48,563 [INFO] pipeline.valuation: 
==================================================
2026-04-28 09:48:48,564 [INFO] pipeline.valuation: VALUATION FCFF/WACC — CEAB3
2026-04-28 09:48:48,564 [INFO] pipeline.valuation:   VP FCFF (10a):     R$        4,524 MM
2026-04-28 09:48:48,564 [INFO] pipeline.valuation:   Valor Perp. (VP):  R$        3,791 MM
2026-04-28 09:48:48,564 [INFO] pipeline.valuation:   ENTERPRISE VALUE:  R$        8,315 MM
2026-04-28 09:48:48,564 [INFO] pipeline.valuation:   (-) Dívida Líq.:   R$          -83 MM
2026-04-28 09:48:48,564 [INFO] pipeline.valuation:   VALOR DO EQUITY:   R$        8,398 MM
2026-04-28 09:48:48,564 [INFO] pipeline.valuation:   Preço Justo ON:    R$    27.77
2026-04-28 09:48:48,564 [INFO] pipeline.valuation:   Preço Justo PN:    R$    27.77
2026-04-28 09:48:48,564 [INFO] pipeline.valuation:   Cotação ON:        R$    11.20
2026-04-28 09:48:48,564 [INFO] pipeline.valuation:   Upside ON:              147.9%
2026-04-28 09:48:48,564 [INFO] pipeline.valuation:   TIR (ON):                26.9%
2026-04-28 09:48:48,564 [INFO] pipeline.valuation:   WACC último ano:         11.7%
2026-04-28 09:48:48,565 [INFO] pipeline:   Template encontrado (empresa): CEAB3-ValuationModeloVZA.xlsx
2026-04-28 09:48:48,566 [INFO] pipeline.excel_geral: 
============================================================
2026-04-28 09:48:48,566 [INFO] pipeline.excel_geral: Escrevendo com template VAROS: CEAB3-ValuationModeloVZA.xlsx
2026-04-28 09:48:49,998 [INFO] pipeline.excel_geral: 
Arquivo salvo: C:\Users\55819\OneDrive - EPEJUD\DIEGO\OBSIDIAN\Analista de Investimentos\12_PYTHON\pipeline banco completo\outputs\Valuation_CEAB3_C&A Brasil_20260428.xlsx
2026-04-28 09:48:49,998 [INFO] pipeline: 
======================================================================
2026-04-28 09:48:49,998 [INFO] pipeline: RESUMO DO VALUATION (FCFF/WACC)
2026-04-28 09:48:49,998 [INFO] pipeline: ======================================================================
2026-04-28 09:48:49,998 [INFO] pipeline:   Empresa:           C&A Brasil (CEAB3)
2026-04-28 09:48:49,998 [INFO] pipeline:   Enterprise Value:  R$        8,315 MM
2026-04-28 09:48:49,998 [INFO] pipeline:   Cotação ON:        R$ 11.20
2026-04-28 09:48:49,998 [INFO] pipeline:   Preço Justo ON:    R$ 27.77
2026-04-28 09:48:49,998 [INFO] pipeline:   Upside ON:            148.0%
2026-04-28 09:48:49,998 [INFO] pipeline:   TIR:                  26.9%
2026-04-28 09:48:49,998 [INFO] pipeline:   Preço Teto ON:     R$ 27.77
2026-04-28 09:48:49,999 [INFO] pipeline: 
  Arquivo gerado:    C:\Users\55819\OneDrive - EPEJUD\DIEGO\OBSIDIAN\Analista de Investimentos\12_PYTHON\pipeline banco completo\outputs\Valuation_CEAB3_C&A Brasil_20260428.xlsx
2026-04-28 09:48:49,999 [INFO] pipeline: ======================================================================
2026-04-28 09:48:50,001 [INFO] pipeline: ✓ CEAB3: arquivo gerado → C:\Users\55819\OneDrive - EPEJUD\DIEGO\OBSIDIAN\Analista de Investimentos\12_PYTHON\pipeline banco completo\outputs\Valuation_CEAB3_C&A Brasil_20260428.xlsx
2026-04-28 09:48:50,002 [INFO] pipeline: 
──────────────────────────────────────────────────────────────────────
2026-04-28 09:48:50,002 [INFO] pipeline: Processando: PETZ3 (Petz)
2026-04-28 09:48:50,002 [INFO] pipeline: ──────────────────────────────────────────────────────────────────────
2026-04-28 09:48:50,002 [INFO] pipeline: ======================================================================
2026-04-28 09:48:50,002 [INFO] pipeline: PIPELINE DE VALUATION [CONSUMO_VAREJO] — PETZ3 — Petz
2026-04-28 09:48:50,002 [INFO] pipeline: Início: 2026-04-28 09:48:50
2026-04-28 09:48:50,002 [INFO] pipeline:   Setor: consumo_varejo | Motor: WACC
2026-04-28 09:48:50,002 [INFO] pipeline: ======================================================================
2026-04-28 09:48:50,002 [INFO] pipeline: 
[1/6] Coletando dados de mercado...
2026-04-28 09:48:50,003 [INFO] pipeline:   Buscando cotação via yfinance...
2026-04-28 09:48:50,003 [INFO] pipeline.mercado: Buscando cotação atual: PETZ3.SA
2026-04-28 09:48:51,130 [ERROR] yfinance: HTTP Error 404: {"quoteSummary":{"result":null,"error":{"code":"Not Found","description":"Quote not found for symbol: PETZ3.SA"}}}
2026-04-28 09:48:51,552 [INFO] pipeline:   Cotação ON: R$ 0.00  |  Cotação PN: R$ 0.00
2026-04-28 09:48:52,195 [ERROR] yfinance: HTTP Error 404: {"quoteSummary":{"result":null,"error":{"code":"Not Found","description":"Quote not found for symbol: PETZ3.SA"}}}
2026-04-28 09:48:52,258 [INFO] pipeline.mercado: Calculando beta: PETZ3 (252 dias úteis)
2026-04-28 09:48:52,258 [INFO] pipeline.mercado: Baixando preços: PETZ3.SA (2019-01-01 → 2026-04-28)
2026-04-28 09:48:53,758 [ERROR] yfinance: HTTP Error 404: {"quoteSummary":{"result":null,"error":{"code":"Not Found","description":"Quote not found for symbol: PETZ3.SA"}}}
2026-04-28 09:48:53,965 [ERROR] yfinance: $PETZ3.SA: possibly delisted; no timezone found
2026-04-28 09:48:53,975 [ERROR] yfinance: 
1 Failed download:
2026-04-28 09:48:53,975 [ERROR] yfinance: ['PETZ3.SA']: possibly delisted; no timezone found
2026-04-28 09:48:53,977 [WARNING] pipeline.mercado: Sem dados de preços para PETZ3.SA
2026-04-28 09:48:53,978 [INFO] pipeline.mercado: Baixando preços: ^BVSP (2019-01-01 → 2026-04-28)
2026-04-28 09:48:54,023 [INFO] pipeline.mercado:   1820 dias de preços carregados
2026-04-28 09:48:54,023 [WARNING] pipeline.mercado: Dados insuficientes para calcular beta
2026-04-28 09:48:54,023 [INFO] pipeline:   Beta estatístico: 0.850 | Beta utilizado: 0.850
2026-04-28 09:48:54,024 [INFO] pipeline: 
[2/6] Coletando dados macroeconômicos (BCB)...
2026-04-28 09:48:54,306 [WARNING] pipeline.macro: Não foi possível obter Focus Selic: 400 Client Error: Bad Request for url: https://olinda.bcb.gov.br/olinda/servico/Expectativas/versao/v1/odata/ExpectativasMercadoAnuais?%24filter=Indicador%20eq%20'Selic'&%24top=100&%24format=json&%24select=Indicador,Data,Ano,Mediana
2026-04-28 09:48:54,619 [WARNING] pipeline.macro: Não foi possível obter Focus IPCA: 400 Client Error: Bad Request for url: https://olinda.bcb.gov.br/olinda/servico/Expectativas/versao/v1/odata/ExpectativasMercadoAnuais?%24filter=Indicador%20eq%20'IPCA'&%24top=100&%24format=json&%24select=Indicador,Data,Ano,Mediana
2026-04-28 09:48:54,620 [INFO] pipeline.macro: 
=== Coletando dados macroeconômicos ===
2026-04-28 09:48:54,621 [INFO] pipeline.macro: Baixando série BCB 432...
2026-04-28 09:48:54,950 [ERROR] pipeline.macro: Erro ao baixar série BCB 432: 406 Client Error: Not Acceptable for url: https://api.bcb.gov.br/dados/serie/bcdata.sgs.432/dados?formato=json&dataInicial=01%2F01%2F2010&dataFinal=28%2F04%2F2026
2026-04-28 09:48:54,951 [WARNING] pipeline.macro: Série Selic meta sem DatetimeIndex — usando fallback histórico
2026-04-28 09:48:54,951 [INFO] pipeline.macro: Baixando série BCB 12...
2026-04-28 09:48:55,108 [ERROR] pipeline.macro: Erro ao baixar série BCB 12: 406 Client Error: Not Acceptable for url: https://api.bcb.gov.br/dados/serie/bcdata.sgs.12/dados?formato=json&dataInicial=01%2F01%2F2010&dataFinal=28%2F04%2F2026
2026-04-28 09:48:55,108 [WARNING] pipeline.macro: Série DI sem DatetimeIndex — usando fallback histórico
2026-04-28 09:48:55,108 [INFO] pipeline.macro: Baixando série BCB 13522...
2026-04-28 09:48:55,220 [INFO] pipeline.macro:   Série 13522: 195 observações (2010-01-01 → 2026-03-01)
2026-04-28 09:48:55,220 [WARNING] pipeline.macro: IPCA calculado fora do intervalo plausível (46.1%) para 2020 — usando fallback
2026-04-28 09:48:55,221 [WARNING] pipeline.macro: IPCA calculado fora do intervalo plausível (159.3%) para 2021 — usando fallback
2026-04-28 09:48:55,221 [WARNING] pipeline.macro: IPCA calculado fora do intervalo plausível (191.2%) para 2022 — usando fallback
2026-04-28 09:48:55,221 [WARNING] pipeline.macro: IPCA calculado fora do intervalo plausível (71.5%) para 2023 — usando fallback
2026-04-28 09:48:55,222 [WARNING] pipeline.macro: IPCA calculado fora do intervalo plausível (67.0%) para 2024 — usando fallback
2026-04-28 09:48:55,222 [WARNING] pipeline.macro: IPCA calculado fora do intervalo plausível (80.0%) para 2025 — usando fallback
2026-04-28 09:48:55,222 [INFO] pipeline.macro: Baixando série BCB 258...
2026-04-28 09:48:55,324 [ERROR] pipeline.macro: Erro ao baixar série BCB 258: 406 Client Error: Not Acceptable for url: https://api.bcb.gov.br/dados/serie/bcdata.sgs.258/dados?formato=json&dataInicial=01%2F01%2F2010&dataFinal=28%2F04%2F2026
2026-04-28 09:48:55,325 [WARNING] pipeline.macro: Série TJLP sem DatetimeIndex — usando fallback histórico
2026-04-28 09:48:55,325 [INFO] pipeline.macro: Baixando série BCB 29039...
2026-04-28 09:48:55,446 [INFO] pipeline.macro:   Série 29039: 195 observações (2010-01-01 → 2026-03-01)
2026-04-28 09:48:55,448 [INFO] pipeline.macro: Baixando série BCB 13522...
2026-04-28 09:48:55,557 [INFO] pipeline.macro:   Série 13522: 195 observações (2010-01-01 → 2026-03-01)
2026-04-28 09:48:55,558 [WARNING] pipeline.macro: IPCA calculado fora do intervalo plausível (46.1%) para 2020 — usando fallback
2026-04-28 09:48:55,558 [WARNING] pipeline.macro: IPCA calculado fora do intervalo plausível (159.3%) para 2021 — usando fallback
2026-04-28 09:48:55,559 [WARNING] pipeline.macro: IPCA calculado fora do intervalo plausível (191.2%) para 2022 — usando fallback
2026-04-28 09:48:55,559 [WARNING] pipeline.macro: IPCA calculado fora do intervalo plausível (71.5%) para 2023 — usando fallback
2026-04-28 09:48:55,559 [WARNING] pipeline.macro: IPCA calculado fora do intervalo plausível (67.0%) para 2024 — usando fallback
2026-04-28 09:48:55,560 [WARNING] pipeline.macro: IPCA calculado fora do intervalo plausível (80.0%) para 2025 — usando fallback
2026-04-28 09:48:55,560 [INFO] pipeline.macro: 
RESUMO MACRO HISTÓRICO:
2026-04-28 09:48:55,560 [INFO] pipeline.macro:   selic_meta     : 2021: 9.25% | 2022: 13.75% | 2023: 11.75% | 2024: 11.75% | 2025: 10.00%
2026-04-28 09:48:55,560 [INFO] pipeline.macro:   selic_efet     : 2021: 4.48% | 2022: 12.33% | 2023: 13.15% | 2024: 10.73% | 2025: 10.50%
2026-04-28 09:48:55,560 [INFO] pipeline.macro:   ipca           : 2021: 10.06% | 2022: 5.62% | 2023: 4.62% | 2024: 4.83% | 2025: 4.50%
2026-04-28 09:48:55,560 [INFO] pipeline.macro:   tjlp           : 2021: 5.25% | 2022: 6.25% | 2023: 7.00% | 2024: 7.00% | 2025: 6.50%
2026-04-28 09:48:55,560 [INFO] pipeline.macro:   cds            : 2021: 0.73% | 2022: 1.26% | 2023: 0.84% | 2024: 0.81% | 2025: 0.76%
2026-04-28 09:48:55,560 [INFO] pipeline.macro:   inflacao_impl  : 2021: 10.06% | 2022: 5.62% | 2023: 4.62% | 2024: 4.83% | 2025: 4.50%
2026-04-28 09:48:55,561 [INFO] pipeline: 
[3/6] Baixando demonstrações financeiras (CVM)...
2026-04-28 09:48:55,561 [INFO] pipeline.cvm: 
==================================================
2026-04-28 09:48:55,561 [INFO] pipeline.cvm: Baixando DFP 2020...
2026-04-28 09:48:55,561 [INFO] pipeline.cvm: Baixando: https://dados.cvm.gov.br/dados/CIA_ABERTA/DOC/DFP/DADOS/dfp_cia_aberta_2020.zip
2026-04-28 09:49:00,098 [WARNING] pipeline.cvm:   Empresa 25089 não encontrada em dre 2020
2026-04-28 09:49:00,098 [INFO] pipeline.cvm: Baixando: https://dados.cvm.gov.br/dados/CIA_ABERTA/DOC/DFP/DADOS/dfp_cia_aberta_2020.zip
2026-04-28 09:49:04,607 [WARNING] pipeline.cvm:   Empresa 25089 não encontrada em bpa 2020
2026-04-28 09:49:04,607 [INFO] pipeline.cvm: Baixando: https://dados.cvm.gov.br/dados/CIA_ABERTA/DOC/DFP/DADOS/dfp_cia_aberta_2020.zip
2026-04-28 09:49:10,428 [WARNING] pipeline.cvm:   Empresa 25089 não encontrada em bpp 2020
2026-04-28 09:49:10,428 [INFO] pipeline.cvm: Baixando: https://dados.cvm.gov.br/dados/CIA_ABERTA/DOC/DFP/DADOS/dfp_cia_aberta_2020.zip
2026-04-28 09:49:15,255 [WARNING] pipeline.cvm:   Empresa 25089 não encontrada em dfc_mi 2020
2026-04-28 09:49:15,255 [INFO] pipeline.cvm: Baixando: https://dados.cvm.gov.br/dados/CIA_ABERTA/DOC/DFP/DADOS/dfp_cia_aberta_2020.zip
2026-04-28 09:49:18,394 [WARNING] pipeline.cvm:   Empresa 25089 não encontrada em dfc_md 2020
2026-04-28 09:49:18,394 [INFO] pipeline.cvm: 
==================================================
2026-04-28 09:49:18,394 [INFO] pipeline.cvm: Baixando DFP 2021...
2026-04-28 09:49:18,394 [INFO] pipeline.cvm: Baixando: https://dados.cvm.gov.br/dados/CIA_ABERTA/DOC/DFP/DADOS/dfp_cia_aberta_2021.zip
2026-04-28 09:49:22,176 [INFO] pipeline.cvm:   DFP dre 2021: 64 linhas
2026-04-28 09:49:22,177 [INFO] pipeline.cvm: Baixando: https://dados.cvm.gov.br/dados/CIA_ABERTA/DOC/DFP/DADOS/dfp_cia_aberta_2021.zip
2026-04-28 09:49:26,805 [INFO] pipeline.cvm:   DFP bpa 2021: 126 linhas
2026-04-28 09:49:26,805 [INFO] pipeline.cvm: Baixando: https://dados.cvm.gov.br/dados/CIA_ABERTA/DOC/DFP/DADOS/dfp_cia_aberta_2021.zip
2026-04-28 09:49:32,790 [INFO] pipeline.cvm:   DFP bpp 2021: 214 linhas
2026-04-28 09:49:32,790 [INFO] pipeline.cvm: Baixando: https://dados.cvm.gov.br/dados/CIA_ABERTA/DOC/DFP/DADOS/dfp_cia_aberta_2021.zip
2026-04-28 09:49:37,461 [INFO] pipeline.cvm:   DFP dfc_mi 2021: 94 linhas
2026-04-28 09:49:37,462 [INFO] pipeline.cvm: Baixando: https://dados.cvm.gov.br/dados/CIA_ABERTA/DOC/DFP/DADOS/dfp_cia_aberta_2021.zip
2026-04-28 09:49:40,709 [WARNING] pipeline.cvm:   Empresa 25089 não encontrada em dfc_md 2021
2026-04-28 09:49:40,710 [INFO] pipeline.cvm: 
==================================================
2026-04-28 09:49:40,710 [INFO] pipeline.cvm: Baixando DFP 2022...
2026-04-28 09:49:40,710 [INFO] pipeline.cvm: Baixando: https://dados.cvm.gov.br/dados/CIA_ABERTA/DOC/DFP/DADOS/dfp_cia_aberta_2022.zip
2026-04-28 09:49:44,931 [INFO] pipeline.cvm:   DFP dre 2022: 64 linhas
2026-04-28 09:49:44,931 [INFO] pipeline.cvm: Baixando: https://dados.cvm.gov.br/dados/CIA_ABERTA/DOC/DFP/DADOS/dfp_cia_aberta_2022.zip
2026-04-28 09:49:52,108 [INFO] pipeline.cvm:   DFP bpa 2022: 126 linhas
2026-04-28 09:49:52,108 [INFO] pipeline.cvm: Baixando: https://dados.cvm.gov.br/dados/CIA_ABERTA/DOC/DFP/DADOS/dfp_cia_aberta_2022.zip
2026-04-28 09:50:00,030 [INFO] pipeline.cvm:   DFP bpp 2022: 216 linhas
2026-04-28 09:50:00,030 [INFO] pipeline.cvm: Baixando: https://dados.cvm.gov.br/dados/CIA_ABERTA/DOC/DFP/DADOS/dfp_cia_aberta_2022.zip
2026-04-28 09:50:05,188 [INFO] pipeline.cvm:   DFP dfc_mi 2022: 94 linhas
2026-04-28 09:50:05,188 [INFO] pipeline.cvm: Baixando: https://dados.cvm.gov.br/dados/CIA_ABERTA/DOC/DFP/DADOS/dfp_cia_aberta_2022.zip
2026-04-28 09:50:07,581 [WARNING] pipeline.cvm:   Empresa 25089 não encontrada em dfc_md 2022
2026-04-28 09:50:07,581 [INFO] pipeline.cvm: 
==================================================
2026-04-28 09:50:07,581 [INFO] pipeline.cvm: Baixando DFP 2023...
2026-04-28 09:50:07,581 [INFO] pipeline.cvm: Baixando: https://dados.cvm.gov.br/dados/CIA_ABERTA/DOC/DFP/DADOS/dfp_cia_aberta_2023.zip
2026-04-28 09:50:10,933 [INFO] pipeline.cvm:   DFP dre 2023: 64 linhas
2026-04-28 09:50:10,933 [INFO] pipeline.cvm: Baixando: https://dados.cvm.gov.br/dados/CIA_ABERTA/DOC/DFP/DADOS/dfp_cia_aberta_2023.zip
2026-04-28 09:50:16,641 [INFO] pipeline.cvm:   DFP bpa 2023: 126 linhas
2026-04-28 09:50:16,641 [INFO] pipeline.cvm: Baixando: https://dados.cvm.gov.br/dados/CIA_ABERTA/DOC/DFP/DADOS/dfp_cia_aberta_2023.zip
2026-04-28 09:50:23,468 [INFO] pipeline.cvm:   DFP bpp 2023: 218 linhas
2026-04-28 09:50:23,468 [INFO] pipeline.cvm: Baixando: https://dados.cvm.gov.br/dados/CIA_ABERTA/DOC/DFP/DADOS/dfp_cia_aberta_2023.zip
2026-04-28 09:50:28,205 [INFO] pipeline.cvm:   DFP dfc_mi 2023: 98 linhas
2026-04-28 09:50:28,205 [INFO] pipeline.cvm: Baixando: https://dados.cvm.gov.br/dados/CIA_ABERTA/DOC/DFP/DADOS/dfp_cia_aberta_2023.zip
2026-04-28 09:50:30,795 [WARNING] pipeline.cvm:   Empresa 25089 não encontrada em dfc_md 2023
2026-04-28 09:50:30,795 [INFO] pipeline.cvm: 
==================================================
2026-04-28 09:50:30,796 [INFO] pipeline.cvm: Baixando DFP 2024...
2026-04-28 09:50:30,796 [INFO] pipeline.cvm: Baixando: https://dados.cvm.gov.br/dados/CIA_ABERTA/DOC/DFP/DADOS/dfp_cia_aberta_2024.zip
2026-04-28 09:50:34,602 [INFO] pipeline.cvm:   DFP dre 2024: 64 linhas
2026-04-28 09:50:34,603 [INFO] pipeline.cvm: Baixando: https://dados.cvm.gov.br/dados/CIA_ABERTA/DOC/DFP/DADOS/dfp_cia_aberta_2024.zip
2026-04-28 09:50:40,005 [INFO] pipeline.cvm:   DFP bpa 2024: 128 linhas
2026-04-28 09:50:40,005 [INFO] pipeline.cvm: Baixando: https://dados.cvm.gov.br/dados/CIA_ABERTA/DOC/DFP/DADOS/dfp_cia_aberta_2024.zip
2026-04-28 09:50:47,767 [INFO] pipeline.cvm:   DFP bpp 2024: 218 linhas
2026-04-28 09:50:47,767 [INFO] pipeline.cvm: Baixando: https://dados.cvm.gov.br/dados/CIA_ABERTA/DOC/DFP/DADOS/dfp_cia_aberta_2024.zip
2026-04-28 09:50:53,599 [INFO] pipeline.cvm:   DFP dfc_mi 2024: 100 linhas
2026-04-28 09:50:53,599 [INFO] pipeline.cvm: Baixando: https://dados.cvm.gov.br/dados/CIA_ABERTA/DOC/DFP/DADOS/dfp_cia_aberta_2024.zip
2026-04-28 09:50:57,503 [WARNING] pipeline.cvm:   Empresa 25089 não encontrada em dfc_md 2024
2026-04-28 09:50:57,503 [INFO] pipeline.cvm: 
==================================================
2026-04-28 09:50:57,503 [INFO] pipeline.cvm: Baixando DFP 2025...
2026-04-28 09:50:57,503 [INFO] pipeline.cvm: Baixando: https://dados.cvm.gov.br/dados/CIA_ABERTA/DOC/DFP/DADOS/dfp_cia_aberta_2025.zip
2026-04-28 09:51:01,534 [INFO] pipeline.cvm:   DFP dre 2025: 64 linhas
2026-04-28 09:51:01,534 [INFO] pipeline.cvm: Baixando: https://dados.cvm.gov.br/dados/CIA_ABERTA/DOC/DFP/DADOS/dfp_cia_aberta_2025.zip
2026-04-28 09:51:06,908 [INFO] pipeline.cvm:   DFP bpa 2025: 128 linhas
2026-04-28 09:51:06,908 [INFO] pipeline.cvm: Baixando: https://dados.cvm.gov.br/dados/CIA_ABERTA/DOC/DFP/DADOS/dfp_cia_aberta_2025.zip
2026-04-28 09:51:12,939 [INFO] pipeline.cvm:   DFP bpp 2025: 218 linhas
2026-04-28 09:51:12,939 [INFO] pipeline.cvm: Baixando: https://dados.cvm.gov.br/dados/CIA_ABERTA/DOC/DFP/DADOS/dfp_cia_aberta_2025.zip
2026-04-28 09:51:17,649 [INFO] pipeline.cvm:   DFP dfc_mi 2025: 100 linhas
2026-04-28 09:51:17,649 [INFO] pipeline.cvm: Baixando: https://dados.cvm.gov.br/dados/CIA_ABERTA/DOC/DFP/DADOS/dfp_cia_aberta_2025.zip
2026-04-28 09:51:20,738 [WARNING] pipeline.cvm:   Empresa 25089 não encontrada em dfc_md 2025
2026-04-28 09:51:20,739 [INFO] pipeline:   DFP 2020 indisponível — tentando anualizar via ITR...
2026-04-28 09:51:20,739 [INFO] pipeline.cvm: 
==================================================
2026-04-28 09:51:20,739 [INFO] pipeline.cvm: Tentando anualizar 2020 via ITR (LTM)...
2026-04-28 09:51:20,739 [INFO] pipeline.cvm: Baixando: https://dados.cvm.gov.br/dados/CIA_ABERTA/DOC/ITR/DADOS/itr_cia_aberta_2020.zip
2026-04-28 09:51:31,144 [INFO] pipeline.cvm: Baixando: https://dados.cvm.gov.br/dados/CIA_ABERTA/DOC/ITR/DADOS/itr_cia_aberta_2020.zip
2026-04-28 09:51:42,669 [INFO] pipeline.cvm: Baixando: https://dados.cvm.gov.br/dados/CIA_ABERTA/DOC/ITR/DADOS/itr_cia_aberta_2020.zip
2026-04-28 09:51:57,374 [INFO] pipeline.cvm: Baixando: https://dados.cvm.gov.br/dados/CIA_ABERTA/DOC/ITR/DADOS/itr_cia_aberta_2020.zip
2026-04-28 09:52:06,958 [INFO] pipeline.cvm: Baixando: https://dados.cvm.gov.br/dados/CIA_ABERTA/DOC/ITR/DADOS/itr_cia_aberta_2020.zip
2026-04-28 09:52:12,830 [WARNING] pipeline.cvm:   ITR 2020 não disponível — não é possível anualizar
2026-04-28 09:52:12,830 [WARNING] pipeline:   DFP 2020 e ITR indisponíveis — removido do histórico
2026-04-28 09:52:12,830 [INFO] pipeline:   Anos ajustados → Histórico: 2021-2025 | Projeção: 2026-2035
2026-04-28 09:52:12,830 [INFO] pipeline: 
[4/6] Normalizando dados...
2026-04-28 09:52:14,562 [INFO] pipeline:   DFC normalizada: 11 linhas
2026-04-28 09:52:14,565 [INFO] pipeline:   DRE normalizada:
2026-04-28 09:52:14,565 [INFO] pipeline:     receita_liquida: 2021: 2,098 | 2022: 2,835 | 2023: 3,173 | 2024: 3,323 | 2025: 3,587
2026-04-28 09:52:14,566 [INFO] pipeline:     ebit: 2021: 162 | 2022: 136 | 2023: 128 | 2024: 63 | 2025: 152
2026-04-28 09:52:14,566 [INFO] pipeline:     lucro_liquido: 2021: 75 | 2022: 51 | 2023: 16 | 2024: -43 | 2025: 40
2026-04-28 09:52:14,566 [INFO] pipeline: 
[5/6] Calculando projeções...
2026-04-28 09:52:14,567 [INFO] pipeline.projecoes: 
=== Projeções (não-financeira / FCFF) ===
2026-04-28 09:52:14,568 [INFO] pipeline.projecoes:   Margem EBITDA: 9.3% → 10.0% (conv 6a)
2026-04-28 09:52:14,568 [INFO] pipeline.projecoes:   D&A/Receita: 6.1%
2026-04-28 09:52:14,570 [INFO] pipeline.projecoes:   CAPEX/Receita: 9.6% → 4.0%
2026-04-28 09:52:14,571 [INFO] pipeline.projecoes:   NCG/Receita: 12.6% → 10.0%
2026-04-28 09:52:14,574 [INFO] pipeline.projecoes:   Alíquota efetiva: 35.2%
2026-04-28 09:52:14,574 [INFO] pipeline.projecoes: Projeções concluídas (FCFF). Resumo:
2026-04-28 09:52:14,574 [INFO] pipeline.projecoes:    Ano      Receita     EBITDA    Mg%      NOPAT       FCFF
2026-04-28 09:52:14,574 [INFO] pipeline.projecoes:   2026        3,859        363   9.4%         81        -87
2026-04-28 09:52:14,574 [INFO] pipeline.projecoes:   2027        4,135        393   9.5%         90         27
2026-04-28 09:52:14,574 [INFO] pipeline.projecoes:   2028        4,414        425   9.6%        100         86
2026-04-28 09:52:14,574 [INFO] pipeline.projecoes:   2029        4,694        458   9.8%        110        151
2026-04-28 09:52:14,575 [INFO] pipeline.projecoes:   2030        4,972        491   9.9%        120        223
2026-04-28 09:52:14,575 [INFO] pipeline: 
[6/6] Calculando valuation (FCFF / WACC)...
2026-04-28 09:52:14,575 [INFO] pipeline.valuation: 
==================================================
2026-04-28 09:52:14,575 [INFO] pipeline.valuation: VALUATION FCFF/WACC — PETZ3
2026-04-28 09:52:14,575 [INFO] pipeline.valuation:   VP FCFF (10a):     R$          774 MM
2026-04-28 09:52:14,575 [INFO] pipeline.valuation:   Valor Perp. (VP):  R$        2,558 MM
2026-04-28 09:52:14,576 [INFO] pipeline.valuation:   ENTERPRISE VALUE:  R$        3,332 MM
2026-04-28 09:52:14,576 [INFO] pipeline.valuation:   (-) Dívida Líq.:   R$         -157 MM
2026-04-28 09:52:14,576 [INFO] pipeline.valuation:   VALOR DO EQUITY:   R$        3,489 MM
2026-04-28 09:52:14,576 [INFO] pipeline.valuation:   Preço Justo ON:    R$     0.00
2026-04-28 09:52:14,576 [INFO] pipeline.valuation:   Preço Justo PN:    R$     0.00
2026-04-28 09:52:14,576 [INFO] pipeline.valuation:   Cotação ON:        R$     0.00
2026-04-28 09:52:14,576 [INFO] pipeline.valuation:   Upside ON:                0.0%
2026-04-28 09:52:14,577 [INFO] pipeline.valuation:   TIR (ON):                 0.0%
2026-04-28 09:52:14,577 [INFO] pipeline.valuation:   WACC último ano:          9.6%
2026-04-28 09:52:14,577 [WARNING] pipeline: 
[!] AVISOS DE VALIDACAO:
2026-04-28 09:52:14,577 [WARNING] pipeline:   - Preço Justo ON inválido (≤ 0)
2026-04-28 09:52:14,579 [INFO] pipeline:   Template encontrado (empresa): Valuation Petz (DCF) - VAROS 2T24.xlsx
2026-04-28 09:52:14,580 [INFO] pipeline.excel_geral: 
============================================================
2026-04-28 09:52:14,580 [INFO] pipeline.excel_geral: Escrevendo com template VAROS: Valuation Petz (DCF) - VAROS 2T24.xlsx
2026-04-28 09:53:01,824 [INFO] pipeline.excel_geral: 
Arquivo salvo: C:\Users\55819\OneDrive - EPEJUD\DIEGO\OBSIDIAN\Analista de Investimentos\12_PYTHON\pipeline banco completo\outputs\Valuation_PETZ3_Petz_20260428.xlsx
2026-04-28 09:53:01,824 [INFO] pipeline: 
======================================================================
2026-04-28 09:53:01,824 [INFO] pipeline: RESUMO DO VALUATION (FCFF/WACC)
2026-04-28 09:53:01,824 [INFO] pipeline: ======================================================================
2026-04-28 09:53:01,824 [INFO] pipeline:   Empresa:           Petz (PETZ3)
2026-04-28 09:53:01,824 [INFO] pipeline:   Enterprise Value:  R$        3,332 MM
2026-04-28 09:53:01,825 [INFO] pipeline:   Cotação ON:        R$ 0.00
2026-04-28 09:53:01,825 [INFO] pipeline:   Preço Justo ON:    R$ 0.00
2026-04-28 09:53:01,825 [INFO] pipeline:   Upside ON:            0.0%
2026-04-28 09:53:01,825 [INFO] pipeline:   TIR:                  0.0%
2026-04-28 09:53:01,825 [INFO] pipeline:   Preço Teto ON:     R$ 0.00
2026-04-28 09:53:01,825 [INFO] pipeline: 
  [!] 1 aviso(s) de validacao — verifique os logs
2026-04-28 09:53:01,826 [INFO] pipeline: 
  Arquivo gerado:    C:\Users\55819\OneDrive - EPEJUD\DIEGO\OBSIDIAN\Analista de Investimentos\12_PYTHON\pipeline banco completo\outputs\Valuation_PETZ3_Petz_20260428.xlsx
2026-04-28 09:53:01,826 [INFO] pipeline: ======================================================================
2026-04-28 09:53:01,830 [INFO] pipeline: ✓ PETZ3: arquivo gerado → C:\Users\55819\OneDrive - EPEJUD\DIEGO\OBSIDIAN\Analista de Investimentos\12_PYTHON\pipeline banco completo\outputs\Valuation_PETZ3_Petz_20260428.xlsx
2026-04-28 09:53:01,830 [INFO] pipeline: 
──────────────────────────────────────────────────────────────────────
2026-04-28 09:53:01,830 [INFO] pipeline: Processando: AZZA3 (Azzas 2154)
2026-04-28 09:53:01,830 [INFO] pipeline: ──────────────────────────────────────────────────────────────────────
2026-04-28 09:53:01,830 [INFO] pipeline: ======================================================================
2026-04-28 09:53:01,830 [INFO] pipeline: PIPELINE DE VALUATION [CONSUMO_VAREJO] — AZZA3 — Azzas 2154
2026-04-28 09:53:01,831 [INFO] pipeline: Início: 2026-04-28 09:53:01
2026-04-28 09:53:01,831 [INFO] pipeline:   Setor: consumo_varejo | Motor: WACC
2026-04-28 09:53:01,831 [INFO] pipeline: ======================================================================
2026-04-28 09:53:01,831 [INFO] pipeline: 
[1/6] Coletando dados de mercado...
2026-04-28 09:53:01,831 [INFO] pipeline:   Buscando cotação via yfinance...
2026-04-28 09:53:01,831 [INFO] pipeline.mercado: Buscando cotação atual: AZZA3.SA
2026-04-28 09:53:03,154 [INFO] pipeline:   Cotação ON: R$ 21.90  |  Cotação PN: R$ 0.00
2026-04-28 09:53:03,278 [INFO] pipeline.mercado: Calculando beta: AZZA3 (252 dias úteis)
2026-04-28 09:53:03,279 [INFO] pipeline.mercado: Baixando preços: AZZA3.SA (2019-01-01 → 2026-04-28)
2026-04-28 09:53:03,779 [INFO] pipeline.mercado:   1820 dias de preços carregados
2026-04-28 09:53:03,779 [INFO] pipeline.mercado: Baixando preços: ^BVSP (2019-01-01 → 2026-04-28)
2026-04-28 09:53:03,825 [INFO] pipeline.mercado:   1820 dias de preços carregados
2026-04-28 09:53:03,830 [INFO] pipeline.mercado:   Beta estatístico: 1.6169 | R²: 0.290 | n=251
2026-04-28 09:53:03,835 [INFO] pipeline:   Beta estatístico: 1.617 | Beta utilizado: 0.850
2026-04-28 09:53:03,835 [INFO] pipeline: 
[2/6] Coletando dados macroeconômicos (BCB)...
2026-04-28 09:53:04,168 [WARNING] pipeline.macro: Não foi possível obter Focus Selic: 400 Client Error: Bad Request for url: https://olinda.bcb.gov.br/olinda/servico/Expectativas/versao/v1/odata/ExpectativasMercadoAnuais?%24filter=Indicador%20eq%20'Selic'&%24top=100&%24format=json&%24select=Indicador,Data,Ano,Mediana
2026-04-28 09:53:04,453 [WARNING] pipeline.macro: Não foi possível obter Focus IPCA: 400 Client Error: Bad Request for url: https://olinda.bcb.gov.br/olinda/servico/Expectativas/versao/v1/odata/ExpectativasMercadoAnuais?%24filter=Indicador%20eq%20'IPCA'&%24top=100&%24format=json&%24select=Indicador,Data,Ano,Mediana
2026-04-28 09:53:04,454 [INFO] pipeline.macro: 
=== Coletando dados macroeconômicos ===
2026-04-28 09:53:04,454 [INFO] pipeline.macro: Baixando série BCB 432...
2026-04-28 09:53:04,731 [ERROR] pipeline.macro: Erro ao baixar série BCB 432: 406 Client Error: Not Acceptable for url: https://api.bcb.gov.br/dados/serie/bcdata.sgs.432/dados?formato=json&dataInicial=01%2F01%2F2010&dataFinal=28%2F04%2F2026
2026-04-28 09:53:04,732 [WARNING] pipeline.macro: Série Selic meta sem DatetimeIndex — usando fallback histórico
2026-04-28 09:53:04,732 [INFO] pipeline.macro: Baixando série BCB 12...
2026-04-28 09:53:04,831 [ERROR] pipeline.macro: Erro ao baixar série BCB 12: 406 Client Error: Not Acceptable for url: https://api.bcb.gov.br/dados/serie/bcdata.sgs.12/dados?formato=json&dataInicial=01%2F01%2F2010&dataFinal=28%2F04%2F2026
2026-04-28 09:53:04,832 [WARNING] pipeline.macro: Série DI sem DatetimeIndex — usando fallback histórico
2026-04-28 09:53:04,832 [INFO] pipeline.macro: Baixando série BCB 13522...
2026-04-28 09:53:04,950 [INFO] pipeline.macro:   Série 13522: 195 observações (2010-01-01 → 2026-03-01)
2026-04-28 09:53:04,951 [WARNING] pipeline.macro: IPCA calculado fora do intervalo plausível (46.1%) para 2020 — usando fallback
2026-04-28 09:53:04,952 [WARNING] pipeline.macro: IPCA calculado fora do intervalo plausível (159.3%) para 2021 — usando fallback
2026-04-28 09:53:04,952 [WARNING] pipeline.macro: IPCA calculado fora do intervalo plausível (191.2%) para 2022 — usando fallback
2026-04-28 09:53:04,953 [WARNING] pipeline.macro: IPCA calculado fora do intervalo plausível (71.5%) para 2023 — usando fallback
2026-04-28 09:53:04,953 [WARNING] pipeline.macro: IPCA calculado fora do intervalo plausível (67.0%) para 2024 — usando fallback
2026-04-28 09:53:04,954 [WARNING] pipeline.macro: IPCA calculado fora do intervalo plausível (80.0%) para 2025 — usando fallback
2026-04-28 09:53:04,954 [INFO] pipeline.macro: Baixando série BCB 258...
2026-04-28 09:53:05,051 [ERROR] pipeline.macro: Erro ao baixar série BCB 258: 406 Client Error: Not Acceptable for url: https://api.bcb.gov.br/dados/serie/bcdata.sgs.258/dados?formato=json&dataInicial=01%2F01%2F2010&dataFinal=28%2F04%2F2026
2026-04-28 09:53:05,052 [WARNING] pipeline.macro: Série TJLP sem DatetimeIndex — usando fallback histórico
2026-04-28 09:53:05,052 [INFO] pipeline.macro: Baixando série BCB 29039...
2026-04-28 09:53:05,168 [INFO] pipeline.macro:   Série 29039: 195 observações (2010-01-01 → 2026-03-01)
2026-04-28 09:53:05,170 [INFO] pipeline.macro: Baixando série BCB 13522...
2026-04-28 09:53:05,284 [INFO] pipeline.macro:   Série 13522: 195 observações (2010-01-01 → 2026-03-01)
2026-04-28 09:53:05,285 [WARNING] pipeline.macro: IPCA calculado fora do intervalo plausível (46.1%) para 2020 — usando fallback
2026-04-28 09:53:05,286 [WARNING] pipeline.macro: IPCA calculado fora do intervalo plausível (159.3%) para 2021 — usando fallback
2026-04-28 09:53:05,287 [WARNING] pipeline.macro: IPCA calculado fora do intervalo plausível (191.2%) para 2022 — usando fallback
2026-04-28 09:53:05,287 [WARNING] pipeline.macro: IPCA calculado fora do intervalo plausível (71.5%) para 2023 — usando fallback
2026-04-28 09:53:05,287 [WARNING] pipeline.macro: IPCA calculado fora do intervalo plausível (67.0%) para 2024 — usando fallback
2026-04-28 09:53:05,288 [WARNING] pipeline.macro: IPCA calculado fora do intervalo plausível (80.0%) para 2025 — usando fallback
2026-04-28 09:53:05,288 [INFO] pipeline.macro: 
RESUMO MACRO HISTÓRICO:
2026-04-28 09:53:05,288 [INFO] pipeline.macro:   selic_meta     : 2021: 9.25% | 2022: 13.75% | 2023: 11.75% | 2024: 11.75% | 2025: 10.00%
2026-04-28 09:53:05,288 [INFO] pipeline.macro:   selic_efet     : 2021: 4.48% | 2022: 12.33% | 2023: 13.15% | 2024: 10.73% | 2025: 10.50%
2026-04-28 09:53:05,288 [INFO] pipeline.macro:   ipca           : 2021: 10.06% | 2022: 5.62% | 2023: 4.62% | 2024: 4.83% | 2025: 4.50%
2026-04-28 09:53:05,288 [INFO] pipeline.macro:   tjlp           : 2021: 5.25% | 2022: 6.25% | 2023: 7.00% | 2024: 7.00% | 2025: 6.50%
2026-04-28 09:53:05,288 [INFO] pipeline.macro:   cds            : 2021: 0.73% | 2022: 1.26% | 2023: 0.84% | 2024: 0.81% | 2025: 0.76%
2026-04-28 09:53:05,288 [INFO] pipeline.macro:   inflacao_impl  : 2021: 10.06% | 2022: 5.62% | 2023: 4.62% | 2024: 4.83% | 2025: 4.50%
2026-04-28 09:53:05,289 [INFO] pipeline: 
[3/6] Baixando demonstrações financeiras (CVM)...
2026-04-28 09:53:05,289 [INFO] pipeline.cvm: 
==================================================
2026-04-28 09:53:05,289 [INFO] pipeline.cvm: Baixando DFP 2020...
2026-04-28 09:53:05,289 [INFO] pipeline.cvm: Baixando: https://dados.cvm.gov.br/dados/CIA_ABERTA/DOC/DFP/DADOS/dfp_cia_aberta_2020.zip
2026-04-28 09:53:08,714 [INFO] pipeline.cvm:   DFP dre 2020: 68 linhas
2026-04-28 09:53:08,714 [INFO] pipeline.cvm: Baixando: https://dados.cvm.gov.br/dados/CIA_ABERTA/DOC/DFP/DADOS/dfp_cia_aberta_2020.zip
2026-04-28 09:53:13,086 [INFO] pipeline.cvm:   DFP bpa 2020: 132 linhas
2026-04-28 09:53:13,087 [INFO] pipeline.cvm: Baixando: https://dados.cvm.gov.br/dados/CIA_ABERTA/DOC/DFP/DADOS/dfp_cia_aberta_2020.zip
2026-04-28 09:53:20,555 [INFO] pipeline.cvm:   DFP bpp 2020: 216 linhas
2026-04-28 09:53:20,555 [INFO] pipeline.cvm: Baixando: https://dados.cvm.gov.br/dados/CIA_ABERTA/DOC/DFP/DADOS/dfp_cia_aberta_2020.zip
2026-04-28 09:53:28,542 [INFO] pipeline.cvm:   DFP dfc_mi 2020: 96 linhas
2026-04-28 09:53:28,543 [INFO] pipeline.cvm: Baixando: https://dados.cvm.gov.br/dados/CIA_ABERTA/DOC/DFP/DADOS/dfp_cia_aberta_2020.zip
2026-04-28 09:53:33,609 [WARNING] pipeline.cvm:   Empresa 22349 não encontrada em dfc_md 2020
2026-04-28 09:53:33,610 [INFO] pipeline.cvm: 
==================================================
2026-04-28 09:53:33,610 [INFO] pipeline.cvm: Baixando DFP 2021...
2026-04-28 09:53:33,610 [INFO] pipeline.cvm: Baixando: https://dados.cvm.gov.br/dados/CIA_ABERTA/DOC/DFP/DADOS/dfp_cia_aberta_2021.zip
2026-04-28 09:53:38,438 [INFO] pipeline.cvm:   DFP dre 2021: 68 linhas
2026-04-28 09:53:38,438 [INFO] pipeline.cvm: Baixando: https://dados.cvm.gov.br/dados/CIA_ABERTA/DOC/DFP/DADOS/dfp_cia_aberta_2021.zip
2026-04-28 09:53:43,371 [INFO] pipeline.cvm:   DFP bpa 2021: 140 linhas
2026-04-28 09:53:43,371 [INFO] pipeline.cvm: Baixando: https://dados.cvm.gov.br/dados/CIA_ABERTA/DOC/DFP/DADOS/dfp_cia_aberta_2021.zip
2026-04-28 09:53:49,182 [INFO] pipeline.cvm:   DFP bpp 2021: 224 linhas
2026-04-28 09:53:49,182 [INFO] pipeline.cvm: Baixando: https://dados.cvm.gov.br/dados/CIA_ABERTA/DOC/DFP/DADOS/dfp_cia_aberta_2021.zip
2026-04-28 09:53:53,662 [INFO] pipeline.cvm:   DFP dfc_mi 2021: 96 linhas
2026-04-28 09:53:53,662 [INFO] pipeline.cvm: Baixando: https://dados.cvm.gov.br/dados/CIA_ABERTA/DOC/DFP/DADOS/dfp_cia_aberta_2021.zip
2026-04-28 09:53:56,757 [WARNING] pipeline.cvm:   Empresa 22349 não encontrada em dfc_md 2021
2026-04-28 09:53:56,757 [INFO] pipeline.cvm: 
==================================================
2026-04-28 09:53:56,758 [INFO] pipeline.cvm: Baixando DFP 2022...
2026-04-28 09:53:56,758 [INFO] pipeline.cvm: Baixando: https://dados.cvm.gov.br/dados/CIA_ABERTA/DOC/DFP/DADOS/dfp_cia_aberta_2022.zip
2026-04-28 09:54:01,572 [INFO] pipeline.cvm:   DFP dre 2022: 68 linhas
2026-04-28 09:54:01,572 [INFO] pipeline.cvm: Baixando: https://dados.cvm.gov.br/dados/CIA_ABERTA/DOC/DFP/DADOS/dfp_cia_aberta_2022.zip
2026-04-28 09:54:09,596 [INFO] pipeline.cvm:   DFP bpa 2022: 146 linhas
2026-04-28 09:54:09,597 [INFO] pipeline.cvm: Baixando: https://dados.cvm.gov.br/dados/CIA_ABERTA/DOC/DFP/DADOS/dfp_cia_aberta_2022.zip
2026-04-28 09:54:17,697 [INFO] pipeline.cvm:   DFP bpp 2022: 226 linhas
2026-04-28 09:54:17,697 [INFO] pipeline.cvm: Baixando: https://dados.cvm.gov.br/dados/CIA_ABERTA/DOC/DFP/DADOS/dfp_cia_aberta_2022.zip
2026-04-28 09:54:22,129 [INFO] pipeline.cvm:   DFP dfc_mi 2022: 104 linhas
2026-04-28 09:54:22,130 [INFO] pipeline.cvm: Baixando: https://dados.cvm.gov.br/dados/CIA_ABERTA/DOC/DFP/DADOS/dfp_cia_aberta_2022.zip
2026-04-28 09:54:24,903 [WARNING] pipeline.cvm:   Empresa 22349 não encontrada em dfc_md 2022
2026-04-28 09:54:24,903 [INFO] pipeline.cvm: 
==================================================
2026-04-28 09:54:24,903 [INFO] pipeline.cvm: Baixando DFP 2023...
2026-04-28 09:54:24,903 [INFO] pipeline.cvm: Baixando: https://dados.cvm.gov.br/dados/CIA_ABERTA/DOC/DFP/DADOS/dfp_cia_aberta_2023.zip
2026-04-28 09:54:28,636 [INFO] pipeline.cvm:   DFP dre 2023: 68 linhas
2026-04-28 09:54:28,636 [INFO] pipeline.cvm: Baixando: https://dados.cvm.gov.br/dados/CIA_ABERTA/DOC/DFP/DADOS/dfp_cia_aberta_2023.zip
2026-04-28 09:54:34,447 [INFO] pipeline.cvm:   DFP bpa 2023: 146 linhas
2026-04-28 09:54:34,448 [INFO] pipeline.cvm: Baixando: https://dados.cvm.gov.br/dados/CIA_ABERTA/DOC/DFP/DADOS/dfp_cia_aberta_2023.zip
2026-04-28 09:54:42,782 [INFO] pipeline.cvm:   DFP bpp 2023: 234 linhas
2026-04-28 09:54:42,782 [INFO] pipeline.cvm: Baixando: https://dados.cvm.gov.br/dados/CIA_ABERTA/DOC/DFP/DADOS/dfp_cia_aberta_2023.zip
2026-04-28 09:54:49,107 [INFO] pipeline.cvm:   DFP dfc_mi 2023: 106 linhas
2026-04-28 09:54:49,107 [INFO] pipeline.cvm: Baixando: https://dados.cvm.gov.br/dados/CIA_ABERTA/DOC/DFP/DADOS/dfp_cia_aberta_2023.zip
2026-04-28 09:54:53,073 [WARNING] pipeline.cvm:   Empresa 22349 não encontrada em dfc_md 2023
2026-04-28 09:54:53,073 [INFO] pipeline.cvm: 
==================================================
2026-04-28 09:54:53,073 [INFO] pipeline.cvm: Baixando DFP 2024...
2026-04-28 09:54:53,073 [INFO] pipeline.cvm: Baixando: https://dados.cvm.gov.br/dados/CIA_ABERTA/DOC/DFP/DADOS/dfp_cia_aberta_2024.zip
2026-04-28 09:54:56,773 [INFO] pipeline.cvm:   DFP dre 2024: 68 linhas
2026-04-28 09:54:56,774 [INFO] pipeline.cvm: Baixando: https://dados.cvm.gov.br/dados/CIA_ABERTA/DOC/DFP/DADOS/dfp_cia_aberta_2024.zip
2026-04-28 09:55:01,389 [INFO] pipeline.cvm:   DFP bpa 2024: 146 linhas
2026-04-28 09:55:01,389 [INFO] pipeline.cvm: Baixando: https://dados.cvm.gov.br/dados/CIA_ABERTA/DOC/DFP/DADOS/dfp_cia_aberta_2024.zip
2026-04-28 09:55:09,345 [INFO] pipeline.cvm:   DFP bpp 2024: 236 linhas
2026-04-28 09:55:09,345 [INFO] pipeline.cvm: Baixando: https://dados.cvm.gov.br/dados/CIA_ABERTA/DOC/DFP/DADOS/dfp_cia_aberta_2024.zip
2026-04-28 09:55:15,123 [INFO] pipeline.cvm:   DFP dfc_mi 2024: 112 linhas
2026-04-28 09:55:15,124 [INFO] pipeline.cvm: Baixando: https://dados.cvm.gov.br/dados/CIA_ABERTA/DOC/DFP/DADOS/dfp_cia_aberta_2024.zip
2026-04-28 09:55:18,681 [WARNING] pipeline.cvm:   Empresa 22349 não encontrada em dfc_md 2024
2026-04-28 09:55:18,681 [INFO] pipeline.cvm: 
==================================================
2026-04-28 09:55:18,681 [INFO] pipeline.cvm: Baixando DFP 2025...
2026-04-28 09:55:18,681 [INFO] pipeline.cvm: Baixando: https://dados.cvm.gov.br/dados/CIA_ABERTA/DOC/DFP/DADOS/dfp_cia_aberta_2025.zip
2026-04-28 09:55:22,465 [INFO] pipeline.cvm:   DFP dre 2025: 68 linhas
2026-04-28 09:55:22,465 [INFO] pipeline.cvm: Baixando: https://dados.cvm.gov.br/dados/CIA_ABERTA/DOC/DFP/DADOS/dfp_cia_aberta_2025.zip
2026-04-28 09:55:26,891 [INFO] pipeline.cvm:   DFP bpa 2025: 146 linhas
2026-04-28 09:55:26,891 [INFO] pipeline.cvm: Baixando: https://dados.cvm.gov.br/dados/CIA_ABERTA/DOC/DFP/DADOS/dfp_cia_aberta_2025.zip
2026-04-28 09:55:33,122 [INFO] pipeline.cvm:   DFP bpp 2025: 238 linhas
2026-04-28 09:55:33,123 [INFO] pipeline.cvm: Baixando: https://dados.cvm.gov.br/dados/CIA_ABERTA/DOC/DFP/DADOS/dfp_cia_aberta_2025.zip
2026-04-28 09:55:38,187 [INFO] pipeline.cvm:   DFP dfc_mi 2025: 120 linhas
2026-04-28 09:55:38,188 [INFO] pipeline.cvm: Baixando: https://dados.cvm.gov.br/dados/CIA_ABERTA/DOC/DFP/DADOS/dfp_cia_aberta_2025.zip
2026-04-28 09:55:40,865 [WARNING] pipeline.cvm:   Empresa 22349 não encontrada em dfc_md 2025
2026-04-28 09:55:40,865 [INFO] pipeline: 
[4/6] Normalizando dados...
2026-04-28 09:55:42,716 [INFO] pipeline:   DFC normalizada: 11 linhas
2026-04-28 09:55:42,720 [INFO] pipeline:   DRE normalizada:
2026-04-28 09:55:42,721 [INFO] pipeline:     receita_liquida: 2020: 1,591 | 2021: 2,924 | 2022: 4,234 | 2023: 4,847 | 2024: 8,380 | 2025: 11,819
2026-04-28 09:55:42,721 [INFO] pipeline:     ebit: 2020: 92 | 2021: 469 | 2022: 550 | 2023: 559 | 2024: 384 | 2025: 1,138
2026-04-28 09:55:42,721 [INFO] pipeline:     lucro_liquido: 2020: 49 | 2021: 345 | 2022: 425 | 2023: 399 | 2024: 342 | 2025: 911
2026-04-28 09:55:42,721 [INFO] pipeline: 
[5/6] Calculando projeções...
2026-04-28 09:55:42,722 [INFO] pipeline.projecoes: 
=== Projeções (não-financeira / FCFF) ===
2026-04-28 09:55:42,724 [INFO] pipeline.projecoes:   Margem EBITDA: 14.0% → 18.0% (conv 6a)
2026-04-28 09:55:42,725 [INFO] pipeline.projecoes:   D&A/Receita: 4.5%
2026-04-28 09:55:42,727 [INFO] pipeline.projecoes:   CAPEX/Receita: 6.2% → 4.0%
2026-04-28 09:55:42,728 [INFO] pipeline.projecoes:   NCG/Receita: 27.5% → 10.0%
2026-04-28 09:55:42,731 [INFO] pipeline.projecoes:   Alíquota efetiva: 15.0%
2026-04-28 09:55:42,732 [INFO] pipeline.projecoes: Projeções concluídas (FCFF). Resumo:
2026-04-28 09:55:42,732 [INFO] pipeline.projecoes:    Ano      Receita     EBITDA    Mg%      NOPAT       FCFF
2026-04-28 09:55:42,732 [INFO] pipeline.projecoes:   2026       12,716      1,865  14.7%      1,148      1,114
2026-04-28 09:55:42,732 [INFO] pipeline.projecoes:   2027       13,627      2,089  15.3%      1,311      1,462
2026-04-28 09:55:42,732 [INFO] pipeline.projecoes:   2028       14,547      2,327  16.0%      1,486      1,755
2026-04-28 09:55:42,732 [INFO] pipeline.projecoes:   2029       15,468      2,578  16.7%      1,672      2,070
2026-04-28 09:55:42,732 [INFO] pipeline.projecoes:   2030       16,383      2,840  17.3%      1,869      2,403
2026-04-28 09:55:42,733 [INFO] pipeline.valuation:   Estrutura de capital: E=67% | D=33%
2026-04-28 09:55:42,733 [INFO] pipeline: 
[6/6] Calculando valuation (FCFF / WACC)...
2026-04-28 09:55:42,733 [INFO] pipeline.valuation: 
==================================================
2026-04-28 09:55:42,733 [INFO] pipeline.valuation: VALUATION FCFF/WACC — AZZA3
2026-04-28 09:55:42,733 [INFO] pipeline.valuation:   VP FCFF (10a):     R$       10,644 MM
2026-04-28 09:55:42,734 [INFO] pipeline.valuation:   Valor Perp. (VP):  R$       17,014 MM
2026-04-28 09:55:42,734 [INFO] pipeline.valuation:   ENTERPRISE VALUE:  R$       27,659 MM
2026-04-28 09:55:42,734 [INFO] pipeline.valuation:   (-) Dívida Líq.:   R$        2,145 MM
2026-04-28 09:55:42,734 [INFO] pipeline.valuation:   VALOR DO EQUITY:   R$       25,514 MM
2026-04-28 09:55:42,734 [INFO] pipeline.valuation:   Preço Justo ON:    R$   126.31
2026-04-28 09:55:42,734 [INFO] pipeline.valuation:   Preço Justo PN:    R$   126.31
2026-04-28 09:55:42,734 [INFO] pipeline.valuation:   Cotação ON:        R$    21.90
2026-04-28 09:55:42,734 [INFO] pipeline.valuation:   Upside ON:              476.8%
2026-04-28 09:55:42,734 [INFO] pipeline.valuation:   TIR (ON):                39.0%
2026-04-28 09:55:42,734 [INFO] pipeline.valuation:   WACC último ano:         10.8%
2026-04-28 09:55:42,736 [INFO] pipeline:   Sem template VAROS para AZZA3 — Excel será criado do zero
2026-04-28 09:55:42,737 [INFO] pipeline.excel_geral: 
============================================================
2026-04-28 09:55:42,737 [INFO] pipeline.excel_geral: Criando Excel completo (12 abas) para: Azzas 2154 (AZZA3)
2026-04-28 09:55:42,739 [INFO] pipeline.excel_geral:   → 1/12  Dashboard
2026-04-28 09:55:42,750 [INFO] pipeline.excel_geral:   → 2/12  WACC
2026-04-28 09:55:42,799 [INFO] pipeline.excel_geral:   → 3/12  TIR ON
2026-04-28 09:55:42,813 [INFO] pipeline.excel_geral:   → 4/12  TIR PN
2026-04-28 09:55:42,826 [INFO] pipeline.excel_geral:   → 5/12  Valor do Equity
2026-04-28 09:55:42,833 [INFO] pipeline.excel_geral:   → 6/12  Preço Teto
2026-04-28 09:55:42,840 [INFO] pipeline.excel_geral:   → 7/12  DRE + DCF
2026-04-28 09:55:43,000 [INFO] pipeline.excel_geral:   → 8/12  DRE Contas Abertas
2026-04-28 09:55:43,082 [INFO] pipeline.excel_geral:   → 9/12  Balanço Patrimonial
2026-04-28 09:55:43,132 [INFO] pipeline.excel_geral:   → 10/12 Painel de Índices
2026-04-28 09:55:43,215 [INFO] pipeline.excel_geral:   → 11/12 Projeções Premissas
2026-04-28 09:55:43,249 [INFO] pipeline.excel_geral:   → 12/12 Projeções Capex e CG
2026-04-28 09:55:43,361 [INFO] pipeline.excel_geral: 
Arquivo salvo: C:\Users\55819\OneDrive - EPEJUD\DIEGO\OBSIDIAN\Analista de Investimentos\12_PYTHON\pipeline banco completo\outputs\Valuation_AZZA3_Azzas 2154_20260428.xlsx
2026-04-28 09:55:43,361 [INFO] pipeline: 
======================================================================
2026-04-28 09:55:43,361 [INFO] pipeline: RESUMO DO VALUATION (FCFF/WACC)
2026-04-28 09:55:43,361 [INFO] pipeline: ======================================================================
2026-04-28 09:55:43,362 [INFO] pipeline:   Empresa:           Azzas 2154 (AZZA3)
2026-04-28 09:55:43,362 [INFO] pipeline:   Enterprise Value:  R$       27,659 MM
2026-04-28 09:55:43,362 [INFO] pipeline:   Cotação ON:        R$ 21.90
2026-04-28 09:55:43,362 [INFO] pipeline:   Preço Justo ON:    R$ 126.31
2026-04-28 09:55:43,362 [INFO] pipeline:   Upside ON:            476.8%
2026-04-28 09:55:43,362 [INFO] pipeline:   TIR:                  39.0%
2026-04-28 09:55:43,363 [INFO] pipeline:   Preço Teto ON:     R$ 126.31
2026-04-28 09:55:43,363 [INFO] pipeline: 
  Arquivo gerado:    C:\Users\55819\OneDrive - EPEJUD\DIEGO\OBSIDIAN\Analista de Investimentos\12_PYTHON\pipeline banco completo\outputs\Valuation_AZZA3_Azzas 2154_20260428.xlsx
2026-04-28 09:55:43,363 [INFO] pipeline: ======================================================================
2026-04-28 09:55:43,366 [INFO] pipeline: ✓ AZZA3: arquivo gerado → C:\Users\55819\OneDrive - EPEJUD\DIEGO\OBSIDIAN\Analista de Investimentos\12_PYTHON\pipeline banco completo\outputs\Valuation_AZZA3_Azzas 2154_20260428.xlsx
2026-04-28 09:55:43,366 [INFO] pipeline: 
──────────────────────────────────────────────────────────────────────
2026-04-28 09:55:43,366 [INFO] pipeline: Processando: AMAR3 (Marisa Lojas)
2026-04-28 09:55:43,366 [INFO] pipeline: ──────────────────────────────────────────────────────────────────────
2026-04-28 09:55:43,366 [INFO] pipeline: ======================================================================
2026-04-28 09:55:43,367 [INFO] pipeline: PIPELINE DE VALUATION [CONSUMO_VAREJO] — AMAR3 — Marisa Lojas
2026-04-28 09:55:43,367 [INFO] pipeline: Início: 2026-04-28 09:55:43
2026-04-28 09:55:43,367 [INFO] pipeline:   Setor: consumo_varejo | Motor: WACC
2026-04-28 09:55:43,367 [INFO] pipeline: ======================================================================
2026-04-28 09:55:43,367 [INFO] pipeline: 
[1/6] Coletando dados de mercado...
2026-04-28 09:55:43,367 [INFO] pipeline:   Buscando cotação via yfinance...
2026-04-28 09:55:43,367 [INFO] pipeline.mercado: Buscando cotação atual: AMAR3.SA
2026-04-28 09:55:44,947 [INFO] pipeline:   Cotação ON: R$ 0.87  |  Cotação PN: R$ 0.00
2026-04-28 09:55:45,243 [INFO] pipeline.mercado: Calculando beta: AMAR3 (252 dias úteis)
2026-04-28 09:55:45,243 [INFO] pipeline.mercado: Baixando preços: AMAR3.SA (2019-01-01 → 2026-04-28)
2026-04-28 09:55:45,760 [INFO] pipeline.mercado:   1820 dias de preços carregados
2026-04-28 09:55:45,760 [INFO] pipeline.mercado: Baixando preços: ^BVSP (2019-01-01 → 2026-04-28)
2026-04-28 09:55:45,798 [INFO] pipeline.mercado:   1820 dias de preços carregados
2026-04-28 09:55:45,802 [INFO] pipeline.mercado:   Beta estatístico: 0.1504 | R²: 0.004 | n=251
2026-04-28 09:55:45,804 [INFO] pipeline:   Beta estatístico: 0.150 | Beta utilizado: 0.850
2026-04-28 09:55:45,804 [INFO] pipeline: 
[2/6] Coletando dados macroeconômicos (BCB)...
2026-04-28 09:55:46,091 [WARNING] pipeline.macro: Não foi possível obter Focus Selic: 400 Client Error: Bad Request for url: https://olinda.bcb.gov.br/olinda/servico/Expectativas/versao/v1/odata/ExpectativasMercadoAnuais?%24filter=Indicador%20eq%20'Selic'&%24top=100&%24format=json&%24select=Indicador,Data,Ano,Mediana
2026-04-28 09:55:46,367 [WARNING] pipeline.macro: Não foi possível obter Focus IPCA: 400 Client Error: Bad Request for url: https://olinda.bcb.gov.br/olinda/servico/Expectativas/versao/v1/odata/ExpectativasMercadoAnuais?%24filter=Indicador%20eq%20'IPCA'&%24top=100&%24format=json&%24select=Indicador,Data,Ano,Mediana
2026-04-28 09:55:46,368 [INFO] pipeline.macro: 
=== Coletando dados macroeconômicos ===
2026-04-28 09:55:46,368 [INFO] pipeline.macro: Baixando série BCB 432...
2026-04-28 09:55:46,655 [ERROR] pipeline.macro: Erro ao baixar série BCB 432: 406 Client Error: Not Acceptable for url: https://api.bcb.gov.br/dados/serie/bcdata.sgs.432/dados?formato=json&dataInicial=01%2F01%2F2010&dataFinal=28%2F04%2F2026
2026-04-28 09:55:46,656 [WARNING] pipeline.macro: Série Selic meta sem DatetimeIndex — usando fallback histórico
2026-04-28 09:55:46,656 [INFO] pipeline.macro: Baixando série BCB 12...
2026-04-28 09:55:46,754 [ERROR] pipeline.macro: Erro ao baixar série BCB 12: 406 Client Error: Not Acceptable for url: https://api.bcb.gov.br/dados/serie/bcdata.sgs.12/dados?formato=json&dataInicial=01%2F01%2F2010&dataFinal=28%2F04%2F2026
2026-04-28 09:55:46,754 [WARNING] pipeline.macro: Série DI sem DatetimeIndex — usando fallback histórico
2026-04-28 09:55:46,754 [INFO] pipeline.macro: Baixando série BCB 13522...
2026-04-28 09:55:46,865 [INFO] pipeline.macro:   Série 13522: 195 observações (2010-01-01 → 2026-03-01)
2026-04-28 09:55:46,866 [WARNING] pipeline.macro: IPCA calculado fora do intervalo plausível (46.1%) para 2020 — usando fallback
2026-04-28 09:55:46,866 [WARNING] pipeline.macro: IPCA calculado fora do intervalo plausível (159.3%) para 2021 — usando fallback
2026-04-28 09:55:46,866 [WARNING] pipeline.macro: IPCA calculado fora do intervalo plausível (191.2%) para 2022 — usando fallback
2026-04-28 09:55:46,867 [WARNING] pipeline.macro: IPCA calculado fora do intervalo plausível (71.5%) para 2023 — usando fallback
2026-04-28 09:55:46,867 [WARNING] pipeline.macro: IPCA calculado fora do intervalo plausível (67.0%) para 2024 — usando fallback
2026-04-28 09:55:46,868 [WARNING] pipeline.macro: IPCA calculado fora do intervalo plausível (80.0%) para 2025 — usando fallback
2026-04-28 09:55:46,868 [INFO] pipeline.macro: Baixando série BCB 258...
2026-04-28 09:55:46,968 [ERROR] pipeline.macro: Erro ao baixar série BCB 258: 406 Client Error: Not Acceptable for url: https://api.bcb.gov.br/dados/serie/bcdata.sgs.258/dados?formato=json&dataInicial=01%2F01%2F2010&dataFinal=28%2F04%2F2026
2026-04-28 09:55:46,969 [WARNING] pipeline.macro: Série TJLP sem DatetimeIndex — usando fallback histórico
2026-04-28 09:55:46,969 [INFO] pipeline.macro: Baixando série BCB 29039...
2026-04-28 09:55:47,098 [INFO] pipeline.macro:   Série 29039: 195 observações (2010-01-01 → 2026-03-01)
2026-04-28 09:55:47,102 [INFO] pipeline.macro: Baixando série BCB 13522...
2026-04-28 09:55:47,221 [INFO] pipeline.macro:   Série 13522: 195 observações (2010-01-01 → 2026-03-01)
2026-04-28 09:55:47,222 [WARNING] pipeline.macro: IPCA calculado fora do intervalo plausível (46.1%) para 2020 — usando fallback
2026-04-28 09:55:47,223 [WARNING] pipeline.macro: IPCA calculado fora do intervalo plausível (159.3%) para 2021 — usando fallback
2026-04-28 09:55:47,226 [WARNING] pipeline.macro: IPCA calculado fora do intervalo plausível (191.2%) para 2022 — usando fallback
2026-04-28 09:55:47,226 [WARNING] pipeline.macro: IPCA calculado fora do intervalo plausível (71.5%) para 2023 — usando fallback
2026-04-28 09:55:47,227 [WARNING] pipeline.macro: IPCA calculado fora do intervalo plausível (67.0%) para 2024 — usando fallback
2026-04-28 09:55:47,228 [WARNING] pipeline.macro: IPCA calculado fora do intervalo plausível (80.0%) para 2025 — usando fallback
2026-04-28 09:55:47,228 [INFO] pipeline.macro: 
RESUMO MACRO HISTÓRICO:
2026-04-28 09:55:47,228 [INFO] pipeline.macro:   selic_meta     : 2021: 9.25% | 2022: 13.75% | 2023: 11.75% | 2024: 11.75% | 2025: 10.00%
2026-04-28 09:55:47,228 [INFO] pipeline.macro:   selic_efet     : 2021: 4.48% | 2022: 12.33% | 2023: 13.15% | 2024: 10.73% | 2025: 10.50%
2026-04-28 09:55:47,228 [INFO] pipeline.macro:   ipca           : 2021: 10.06% | 2022: 5.62% | 2023: 4.62% | 2024: 4.83% | 2025: 4.50%
2026-04-28 09:55:47,229 [INFO] pipeline.macro:   tjlp           : 2021: 5.25% | 2022: 6.25% | 2023: 7.00% | 2024: 7.00% | 2025: 6.50%
2026-04-28 09:55:47,229 [INFO] pipeline.macro:   cds            : 2021: 0.73% | 2022: 1.26% | 2023: 0.84% | 2024: 0.81% | 2025: 0.76%
2026-04-28 09:55:47,229 [INFO] pipeline.macro:   inflacao_impl  : 2021: 10.06% | 2022: 5.62% | 2023: 4.62% | 2024: 4.83% | 2025: 4.50%
2026-04-28 09:55:47,229 [INFO] pipeline: 
[3/6] Baixando demonstrações financeiras (CVM)...
2026-04-28 09:55:47,230 [INFO] pipeline.cvm: 
==================================================
2026-04-28 09:55:47,230 [INFO] pipeline.cvm: Baixando DFP 2020...
2026-04-28 09:55:47,230 [INFO] pipeline.cvm: Baixando: https://dados.cvm.gov.br/dados/CIA_ABERTA/DOC/DFP/DADOS/dfp_cia_aberta_2020.zip
2026-04-28 09:55:51,225 [INFO] pipeline.cvm:   DFP dre 2020: 62 linhas
2026-04-28 09:55:51,225 [INFO] pipeline.cvm: Baixando: https://dados.cvm.gov.br/dados/CIA_ABERTA/DOC/DFP/DADOS/dfp_cia_aberta_2020.zip
2026-04-28 09:55:55,824 [INFO] pipeline.cvm:   DFP bpa 2020: 130 linhas
2026-04-28 09:55:55,825 [INFO] pipeline.cvm: Baixando: https://dados.cvm.gov.br/dados/CIA_ABERTA/DOC/DFP/DADOS/dfp_cia_aberta_2020.zip
2026-04-28 09:56:02,297 [INFO] pipeline.cvm:   DFP bpp 2020: 222 linhas
2026-04-28 09:56:02,297 [INFO] pipeline.cvm: Baixando: https://dados.cvm.gov.br/dados/CIA_ABERTA/DOC/DFP/DADOS/dfp_cia_aberta_2020.zip
2026-04-28 09:56:06,618 [INFO] pipeline.cvm:   DFP dfc_mi 2020: 118 linhas
2026-04-28 09:56:06,618 [INFO] pipeline.cvm: Baixando: https://dados.cvm.gov.br/dados/CIA_ABERTA/DOC/DFP/DADOS/dfp_cia_aberta_2020.zip
2026-04-28 09:56:08,764 [WARNING] pipeline.cvm:   Empresa 22055 não encontrada em dfc_md 2020
2026-04-28 09:56:08,764 [INFO] pipeline.cvm: 
==================================================
2026-04-28 09:56:08,765 [INFO] pipeline.cvm: Baixando DFP 2021...
2026-04-28 09:56:08,765 [INFO] pipeline.cvm: Baixando: https://dados.cvm.gov.br/dados/CIA_ABERTA/DOC/DFP/DADOS/dfp_cia_aberta_2021.zip
2026-04-28 09:56:12,673 [INFO] pipeline.cvm:   DFP dre 2021: 60 linhas
2026-04-28 09:56:12,673 [INFO] pipeline.cvm: Baixando: https://dados.cvm.gov.br/dados/CIA_ABERTA/DOC/DFP/DADOS/dfp_cia_aberta_2021.zip
2026-04-28 09:56:17,923 [INFO] pipeline.cvm:   DFP bpa 2021: 130 linhas
2026-04-28 09:56:17,923 [INFO] pipeline.cvm: Baixando: https://dados.cvm.gov.br/dados/CIA_ABERTA/DOC/DFP/DADOS/dfp_cia_aberta_2021.zip
2026-04-28 09:56:24,215 [INFO] pipeline.cvm:   DFP bpp 2021: 224 linhas
2026-04-28 09:56:24,215 [INFO] pipeline.cvm: Baixando: https://dados.cvm.gov.br/dados/CIA_ABERTA/DOC/DFP/DADOS/dfp_cia_aberta_2021.zip
2026-04-28 09:56:29,607 [INFO] pipeline.cvm:   DFP dfc_mi 2021: 106 linhas
2026-04-28 09:56:29,607 [INFO] pipeline.cvm: Baixando: https://dados.cvm.gov.br/dados/CIA_ABERTA/DOC/DFP/DADOS/dfp_cia_aberta_2021.zip
2026-04-28 09:56:35,729 [WARNING] pipeline.cvm:   Empresa 22055 não encontrada em dfc_md 2021
2026-04-28 09:56:35,730 [INFO] pipeline.cvm: 
==================================================
2026-04-28 09:56:35,730 [INFO] pipeline.cvm: Baixando DFP 2022...
2026-04-28 09:56:35,730 [INFO] pipeline.cvm: Baixando: https://dados.cvm.gov.br/dados/CIA_ABERTA/DOC/DFP/DADOS/dfp_cia_aberta_2022.zip
2026-04-28 09:56:41,330 [INFO] pipeline.cvm:   DFP dre 2022: 62 linhas
2026-04-28 09:56:41,330 [INFO] pipeline.cvm: Baixando: https://dados.cvm.gov.br/dados/CIA_ABERTA/DOC/DFP/DADOS/dfp_cia_aberta_2022.zip
2026-04-28 09:56:49,680 [INFO] pipeline.cvm:   DFP bpa 2022: 130 linhas
2026-04-28 09:56:49,680 [INFO] pipeline.cvm: Baixando: https://dados.cvm.gov.br/dados/CIA_ABERTA/DOC/DFP/DADOS/dfp_cia_aberta_2022.zip
2026-04-28 09:56:58,442 [INFO] pipeline.cvm:   DFP bpp 2022: 224 linhas
2026-04-28 09:56:58,443 [INFO] pipeline.cvm: Baixando: https://dados.cvm.gov.br/dados/CIA_ABERTA/DOC/DFP/DADOS/dfp_cia_aberta_2022.zip
2026-04-28 09:57:05,701 [INFO] pipeline.cvm:   DFP dfc_mi 2022: 116 linhas
2026-04-28 09:57:05,702 [INFO] pipeline.cvm: Baixando: https://dados.cvm.gov.br/dados/CIA_ABERTA/DOC/DFP/DADOS/dfp_cia_aberta_2022.zip
2026-04-28 09:57:11,935 [WARNING] pipeline.cvm:   Empresa 22055 não encontrada em dfc_md 2022
2026-04-28 09:57:11,935 [INFO] pipeline.cvm: 
==================================================
2026-04-28 09:57:11,935 [INFO] pipeline.cvm: Baixando DFP 2023...
2026-04-28 09:57:11,935 [INFO] pipeline.cvm: Baixando: https://dados.cvm.gov.br/dados/CIA_ABERTA/DOC/DFP/DADOS/dfp_cia_aberta_2023.zip
2026-04-28 09:57:17,922 [INFO] pipeline.cvm:   DFP dre 2023: 62 linhas
2026-04-28 09:57:17,922 [INFO] pipeline.cvm: Baixando: https://dados.cvm.gov.br/dados/CIA_ABERTA/DOC/DFP/DADOS/dfp_cia_aberta_2023.zip
2026-04-28 09:57:23,430 [INFO] pipeline.cvm:   DFP bpa 2023: 132 linhas
2026-04-28 09:57:23,430 [INFO] pipeline.cvm: Baixando: https://dados.cvm.gov.br/dados/CIA_ABERTA/DOC/DFP/DADOS/dfp_cia_aberta_2023.zip
2026-04-28 09:57:31,318 [INFO] pipeline.cvm:   DFP bpp 2023: 226 linhas
2026-04-28 09:57:31,319 [INFO] pipeline.cvm: Baixando: https://dados.cvm.gov.br/dados/CIA_ABERTA/DOC/DFP/DADOS/dfp_cia_aberta_2023.zip
2026-04-28 09:57:36,835 [INFO] pipeline.cvm:   DFP dfc_mi 2023: 120 linhas
2026-04-28 09:57:36,835 [INFO] pipeline.cvm: Baixando: https://dados.cvm.gov.br/dados/CIA_ABERTA/DOC/DFP/DADOS/dfp_cia_aberta_2023.zip
2026-04-28 09:57:40,196 [WARNING] pipeline.cvm:   Empresa 22055 não encontrada em dfc_md 2023
2026-04-28 09:57:40,196 [INFO] pipeline.cvm: 
==================================================
2026-04-28 09:57:40,197 [INFO] pipeline.cvm: Baixando DFP 2024...
2026-04-28 09:57:40,197 [INFO] pipeline.cvm: Baixando: https://dados.cvm.gov.br/dados/CIA_ABERTA/DOC/DFP/DADOS/dfp_cia_aberta_2024.zip
2026-04-28 09:57:45,066 [INFO] pipeline.cvm:   DFP dre 2024: 62 linhas
2026-04-28 09:57:45,066 [INFO] pipeline.cvm: Baixando: https://dados.cvm.gov.br/dados/CIA_ABERTA/DOC/DFP/DADOS/dfp_cia_aberta_2024.zip
2026-04-28 09:57:51,958 [INFO] pipeline.cvm:   DFP bpa 2024: 132 linhas
2026-04-28 09:57:51,958 [INFO] pipeline.cvm: Baixando: https://dados.cvm.gov.br/dados/CIA_ABERTA/DOC/DFP/DADOS/dfp_cia_aberta_2024.zip
2026-04-28 09:57:58,765 [INFO] pipeline.cvm:   DFP bpp 2024: 228 linhas
2026-04-28 09:57:58,765 [INFO] pipeline.cvm: Baixando: https://dados.cvm.gov.br/dados/CIA_ABERTA/DOC/DFP/DADOS/dfp_cia_aberta_2024.zip
2026-04-28 09:58:05,050 [INFO] pipeline.cvm:   DFP dfc_mi 2024: 120 linhas
2026-04-28 09:58:05,050 [INFO] pipeline.cvm: Baixando: https://dados.cvm.gov.br/dados/CIA_ABERTA/DOC/DFP/DADOS/dfp_cia_aberta_2024.zip
2026-04-28 09:58:09,644 [WARNING] pipeline.cvm:   Empresa 22055 não encontrada em dfc_md 2024
2026-04-28 09:58:09,644 [INFO] pipeline.cvm: 
==================================================
2026-04-28 09:58:09,644 [INFO] pipeline.cvm: Baixando DFP 2025...
2026-04-28 09:58:09,644 [INFO] pipeline.cvm: Baixando: https://dados.cvm.gov.br/dados/CIA_ABERTA/DOC/DFP/DADOS/dfp_cia_aberta_2025.zip
2026-04-28 09:58:15,006 [INFO] pipeline.cvm:   DFP dre 2025: 62 linhas
2026-04-28 09:58:15,006 [INFO] pipeline.cvm: Baixando: https://dados.cvm.gov.br/dados/CIA_ABERTA/DOC/DFP/DADOS/dfp_cia_aberta_2025.zip
2026-04-28 09:58:22,567 [INFO] pipeline.cvm:   DFP bpa 2025: 132 linhas
2026-04-28 09:58:22,567 [INFO] pipeline.cvm: Baixando: https://dados.cvm.gov.br/dados/CIA_ABERTA/DOC/DFP/DADOS/dfp_cia_aberta_2025.zip
2026-04-28 09:58:29,905 [INFO] pipeline.cvm:   DFP bpp 2025: 230 linhas
2026-04-28 09:58:29,905 [INFO] pipeline.cvm: Baixando: https://dados.cvm.gov.br/dados/CIA_ABERTA/DOC/DFP/DADOS/dfp_cia_aberta_2025.zip
2026-04-28 09:58:36,164 [INFO] pipeline.cvm:   DFP dfc_mi 2025: 120 linhas
2026-04-28 09:58:36,165 [INFO] pipeline.cvm: Baixando: https://dados.cvm.gov.br/dados/CIA_ABERTA/DOC/DFP/DADOS/dfp_cia_aberta_2025.zip
2026-04-28 09:58:42,059 [WARNING] pipeline.cvm:   Empresa 22055 não encontrada em dfc_md 2025
2026-04-28 09:58:42,059 [INFO] pipeline: 
[4/6] Normalizando dados...
2026-04-28 09:58:43,728 [INFO] pipeline:   DFC normalizada: 11 linhas
2026-04-28 09:58:43,731 [INFO] pipeline:   DRE normalizada:
2026-04-28 09:58:43,731 [INFO] pipeline:     receita_liquida: 2020: 2,139 | 2021: 2,525 | 2022: 2,750 | 2023: 1,646 | 2024: 1,392 | 2025: 1,483
2026-04-28 09:58:43,731 [INFO] pipeline:     ebit: 2020: -293 | 2021: 5 | 2022: -241 | 2023: -289 | 2024: -44 | 2025: 197
2026-04-28 09:58:43,731 [INFO] pipeline:     lucro_liquido: 2020: -864 | 2021: -72 | 2022: -519 | 2023: -521 | 2024: -316 | 2025: -60
2026-04-28 09:58:43,731 [INFO] pipeline: 
[5/6] Calculando projeções...
2026-04-28 09:58:43,732 [INFO] pipeline.projecoes: 
=== Projeções (não-financeira / FCFF) ===
2026-04-28 09:58:43,733 [INFO] pipeline.projecoes:   Margem EBITDA: 16.6% → 5.0% (conv 6a)
2026-04-28 09:58:43,733 [INFO] pipeline.projecoes:   D&A/Receita: 3.3%
2026-04-28 09:58:43,734 [INFO] pipeline.projecoes:   CAPEX/Receita: 3.0% → 4.0%
2026-04-28 09:58:43,735 [INFO] pipeline.projecoes:   NCG/Receita: 8.4% → 10.0%
2026-04-28 09:58:43,737 [INFO] pipeline.projecoes:   Alíquota efetiva: 15.0%
2026-04-28 09:58:43,738 [INFO] pipeline.projecoes: Projeções concluídas (FCFF). Resumo:
2026-04-28 09:58:43,738 [INFO] pipeline.projecoes:    Ano      Receita     EBITDA    Mg%      NOPAT       FCFF
2026-04-28 09:58:43,738 [INFO] pipeline.projecoes:   2026        1,593        234  14.7%        154         14
2026-04-28 09:58:43,738 [INFO] pipeline.projecoes:   2027        1,702        217  12.7%        137        120
2026-04-28 09:58:43,738 [INFO] pipeline.projecoes:   2028        1,808        195  10.8%        115         95
2026-04-28 09:58:43,738 [INFO] pipeline.projecoes:   2029        1,911        170   8.9%         90         65
2026-04-28 09:58:43,738 [INFO] pipeline.projecoes:   2030        2,008        139   6.9%         62         32
2026-04-28 09:58:43,738 [INFO] pipeline.valuation:   Estrutura de capital: E=37% | D=63%
2026-04-28 09:58:43,738 [INFO] pipeline: 
[6/6] Calculando valuation (FCFF / WACC)...
2026-04-28 09:58:43,739 [INFO] pipeline.valuation: 
==================================================
2026-04-28 09:58:43,739 [INFO] pipeline.valuation: VALUATION FCFF/WACC — AMAR3
2026-04-28 09:58:43,739 [INFO] pipeline.valuation:   VP FCFF (10a):     R$          245 MM
2026-04-28 09:58:43,739 [INFO] pipeline.valuation:   Valor Perp. (VP):  R$           45 MM
2026-04-28 09:58:43,739 [INFO] pipeline.valuation:   ENTERPRISE VALUE:  R$          290 MM
2026-04-28 09:58:43,739 [INFO] pipeline.valuation:   (-) Dívida Líq.:   R$          758 MM
2026-04-28 09:58:43,739 [INFO] pipeline.valuation:   VALOR DO EQUITY:   R$         -468 MM
2026-04-28 09:58:43,739 [INFO] pipeline.valuation:   Preço Justo ON:    R$    -0.91
2026-04-28 09:58:43,739 [INFO] pipeline.valuation:   Preço Justo PN:    R$    -0.91
2026-04-28 09:58:43,739 [INFO] pipeline.valuation:   Cotação ON:        R$     0.87
2026-04-28 09:58:43,739 [INFO] pipeline.valuation:   Upside ON:             -204.6%
2026-04-28 09:58:43,739 [INFO] pipeline.valuation:   TIR (ON):                 7.9%
2026-04-28 09:58:43,739 [INFO] pipeline.valuation:   WACC último ano:         10.8%
2026-04-28 09:58:43,740 [WARNING] pipeline: 
[!] AVISOS DE VALIDACAO:
2026-04-28 09:58:43,740 [WARNING] pipeline:   - Valor do Equity negativo ou zero: R$ -468 MM
2026-04-28 09:58:43,740 [WARNING] pipeline:   - Preço Justo ON inválido (≤ 0)
2026-04-28 09:58:43,741 [INFO] pipeline:   Sem template VAROS para AMAR3 — Excel será criado do zero
2026-04-28 09:58:43,741 [INFO] pipeline.excel_geral: 
============================================================
2026-04-28 09:58:43,741 [INFO] pipeline.excel_geral: Criando Excel completo (12 abas) para: Marisa Lojas (AMAR3)
2026-04-28 09:58:43,742 [INFO] pipeline.excel_geral:   → 1/12  Dashboard
2026-04-28 09:58:43,752 [INFO] pipeline.excel_geral:   → 2/12  WACC
2026-04-28 09:58:43,787 [INFO] pipeline.excel_geral:   → 3/12  TIR ON
2026-04-28 09:58:43,796 [INFO] pipeline.excel_geral:   → 4/12  TIR PN
2026-04-28 09:58:43,805 [INFO] pipeline.excel_geral:   → 5/12  Valor do Equity
2026-04-28 09:58:43,810 [INFO] pipeline.excel_geral:   → 6/12  Preço Teto
2026-04-28 09:58:43,820 [INFO] pipeline.excel_geral:   → 7/12  DRE + DCF
2026-04-28 09:58:43,998 [INFO] pipeline.excel_geral:   → 8/12  DRE Contas Abertas
2026-04-28 09:58:44,065 [INFO] pipeline.excel_geral:   → 9/12  Balanço Patrimonial
2026-04-28 09:58:44,113 [INFO] pipeline.excel_geral:   → 10/12 Painel de Índices
2026-04-28 09:58:44,178 [INFO] pipeline.excel_geral:   → 11/12 Projeções Premissas
2026-04-28 09:58:44,204 [INFO] pipeline.excel_geral:   → 12/12 Projeções Capex e CG
2026-04-28 09:58:44,315 [INFO] pipeline.excel_geral: 
Arquivo salvo: C:\Users\55819\OneDrive - EPEJUD\DIEGO\OBSIDIAN\Analista de Investimentos\12_PYTHON\pipeline banco completo\outputs\Valuation_AMAR3_Marisa Lojas_20260428.xlsx
2026-04-28 09:58:44,315 [INFO] pipeline: 
======================================================================
2026-04-28 09:58:44,315 [INFO] pipeline: RESUMO DO VALUATION (FCFF/WACC)
2026-04-28 09:58:44,315 [INFO] pipeline: ======================================================================
2026-04-28 09:58:44,315 [INFO] pipeline:   Empresa:           Marisa Lojas (AMAR3)
2026-04-28 09:58:44,315 [INFO] pipeline:   Enterprise Value:  R$          290 MM
2026-04-28 09:58:44,315 [INFO] pipeline:   Cotação ON:        R$ 0.87
2026-04-28 09:58:44,315 [INFO] pipeline:   Preço Justo ON:    R$ -0.91
2026-04-28 09:58:44,315 [INFO] pipeline:   Upside ON:            -204.6%
2026-04-28 09:58:44,315 [INFO] pipeline:   TIR:                  7.9%
2026-04-28 09:58:44,316 [INFO] pipeline:   Preço Teto ON:     R$ -0.91
2026-04-28 09:58:44,316 [INFO] pipeline: 
  [!] 2 aviso(s) de validacao — verifique os logs
2026-04-28 09:58:44,316 [INFO] pipeline: 
  Arquivo gerado:    C:\Users\55819\OneDrive - EPEJUD\DIEGO\OBSIDIAN\Analista de Investimentos\12_PYTHON\pipeline banco completo\outputs\Valuation_AMAR3_Marisa Lojas_20260428.xlsx
2026-04-28 09:58:44,316 [INFO] pipeline: ======================================================================
2026-04-28 09:58:44,318 [INFO] pipeline: ✓ AMAR3: arquivo gerado → C:\Users\55819\OneDrive - EPEJUD\DIEGO\OBSIDIAN\Analista de Investimentos\12_PYTHON\pipeline banco completo\outputs\Valuation_AMAR3_Marisa Lojas_20260428.xlsx
2026-04-28 09:58:44,319 [INFO] pipeline: 
======================================================================
2026-04-28 09:58:44,319 [INFO] pipeline: RESUMO DO BATCH
2026-04-28 09:58:44,319 [INFO] pipeline: ======================================================================
2026-04-28 09:58:44,319 [INFO] pipeline:   Total:     12
2026-04-28 09:58:44,319 [INFO] pipeline:   Sucesso:   12
2026-04-28 09:58:44,319 [INFO] pipeline:   Erros:     0
2026-04-28 09:58:44,319 [INFO] pipeline: 
2026-04-28 09:58:44,320 [INFO] pipeline:   Ticker       Cotação ON  Preço Justo ON   Upside      TIR
2026-04-28 09:58:44,320 [INFO] pipeline:   ────────── ──────────── ─────────────── ──────── ────────
2026-04-28 09:58:44,320 [INFO] pipeline:   LREN3        R$   13.97     R$   40.84      192.3%      24.0%
2026-04-28 09:58:44,320 [INFO] pipeline:   MGLU3        R$    8.53     R$   -8.30     -197.3%       6.0%
2026-04-28 09:58:44,320 [INFO] pipeline:   BHIA3        R$    2.70     R$    2.45       -9.3%      18.2%
2026-04-28 09:58:44,320 [INFO] pipeline:   ASAI3        R$    9.58     R$   -3.55     -137.1%       6.0%
2026-04-28 09:58:44,320 [INFO] pipeline:   PCAR3        R$    2.34     R$    0.79      -66.2%       9.7%
2026-04-28 09:58:44,320 [INFO] pipeline:   VIVA3        R$   25.46     R$61061.11     239731.5%     150.0%
2026-04-28 09:58:44,320 [INFO] pipeline:   SBFG3        R$   11.55     R$   48.37      318.8%      33.0%
2026-04-28 09:58:44,320 [INFO] pipeline:   NTCO3        R$    0.00     R$    0.00        0.0%       0.0%
2026-04-28 09:58:44,320 [INFO] pipeline:   CEAB3        R$   11.20     R$   27.77      148.0%      26.9%
2026-04-28 09:58:44,321 [INFO] pipeline:   PETZ3        R$    0.00     R$    0.00        0.0%       0.0%
2026-04-28 09:58:44,321 [INFO] pipeline:   AZZA3        R$   21.90     R$  126.31      476.8%      39.0%
2026-04-28 09:58:44,321 [INFO] pipeline:   AMAR3        R$    0.87     R$   -0.91     -204.6%       7.9%
2026-04-28 09:58:44,321 [INFO] pipeline: ======================================================================
